step,train_loss,val_loss,periodic_boundary_loss,periodic_derivative_loss,early_time_loss,peak_loss,spectral_loss,integer_derivative_loss,spectral_val_loss,integer_derivative_val_loss,composite_derivative_val_loss,selection_score,train_objective,is_best
0,0.5962274074554443,0.6011113524436951,3.97644816985121e-06,1.3631475894726464e-06,0.5962274074554443,1.520097255706787,0.0,0.0,0.005028745159506798,0.010969901457428932,0.6171099990606308,0.6011113524436951,0.5962274074554443,1
200,0.04232245311141014,0.03987856209278107,0.4171747863292694,1.9770312309265137,0.04232245311141014,0.15008823573589325,0.0,0.0,0.0003428373602218926,0.06720881164073944,0.1074302110937424,0.03987856209278107,0.04232245311141014,1
400,0.002548164688050747,0.002268541604280472,0.03512248769402504,2.766460418701172,0.002548164688050747,0.015143399126827717,0.0,0.0,2.602384665806312e-05,0.005396825727075338,0.007691391178013873,0.002268541604280472,0.002548164688050747,1
600,0.0011507758172228932,0.0008818893111310899,0.03533640131354332,3.304919719696045,0.0011507758172228932,0.0025330318603664637,0.0,0.0,1.237549713550834e-05,0.005046491976827383,0.005940756785093981,0.0008818893111310899,0.0011507758172228932,1
800,0.0005010109744034708,0.00032561307307332754,0.028581060469150543,4.583130836486816,0.0005010109744034708,8.875628554960713e-05,0.0,0.0,6.1638343140657526e-06,0.004029337782412767,0.004361114689800161,0.00032561307307332754,0.0005010109744034708,1
1000,0.0003741200198419392,0.00024005785235203803,0.027233317494392395,5.094216346740723,0.0003741200198419392,2.068624962703325e-05,0.0,0.0,4.603994966601022e-06,0.0035498219076544046,0.0037944837549730437,0.00024005785235203803,0.0003741200198419392,1
1200,0.00034806737676262856,0.00022575262119062245,0.026335446164011955,5.425798416137695,0.00034806737676262856,1.5258059647749178e-05,0.0,0.0,4.344157332525356e-06,0.0033586286008358,0.003588725379358948,0.00022575262119062245,0.00034806737676262856,1
1400,0.00034439138835296035,0.0002250460092909634,0.026188325136899948,5.638913154602051,0.00034439138835296035,1.6712501746951602e-05,0.0,0.0,4.307620201871032e-06,0.003296205075457692,0.0035255587049505266,0.0002250460092909634,0.00034439138835296035,1
1600,0.00034301646519452333,0.00022490607807412744,0.02622217871248722,5.808102130889893,0.00034301646519452333,2.0330109691713005e-05,0.0,0.0,4.281608653400326e-06,0.003263967577368021,0.0034931552640955488,0.00022490607807412744,0.00034301646519452333,1
1800,0.00034133472945541143,0.00022415441344492137,0.0262326430529356,5.955357074737549,0.00034133472945541143,2.4060225769062527e-05,0.0,0.0,4.251160135027021e-06,0.0032351301051676273,0.0034635356787475757,0.00022415441344492137,0.00034133472945541143,1
2000,0.0003648402926046401,0.00024945521727204323,0.024775400757789612,5.98501443862915,0.0003648402926046401,2.7292708182358183e-05,0.0,0.0,4.572346824716078e-06,0.003166837152093649,0.003420864716190408,0.00024945521727204323,0.0003648402926046401,0
2200,0.0003354872460477054,0.00022021526820026338,0.025997210294008255,6.211065292358398,0.0003354872460477054,2.936143209808506e-05,0.0,0.0,4.1781340769375674e-06,0.0031680604442954063,0.0033924538465726073,0.00022021526820026338,0.0003354872460477054,1
2400,0.00033163451007567346,0.00021731245215050876,0.025848494842648506,6.320731163024902,0.00033163451007567346,3.00913852697704e-05,0.0,0.0,4.131556579523021e-06,0.0031332538928836584,0.00335469790161369,0.00021731245215050876,0.00033163451007567346,1
2600,0.00032728168298490345,0.0002139808639185503,0.025620410218834877,6.415781021118164,0.00032728168298490345,2.9809432817273773e-05,0.0,0.0,4.085477485205047e-06,0.0030951828230172396,0.003313249164420995,0.0002139808639185503,0.00032728168298490345,1
2800,0.00032363884383812547,0.00021097209537401795,0.025776445865631104,6.532857418060303,0.00032363884383812547,2.907491580117494e-05,0.0,0.0,4.008815722045256e-06,0.0030723600648343563,0.0032873409759304195,0.00021097209537401795,0.00032363884383812547,1
3000,0.0003178360057063401,0.0002063660358544439,0.0252341628074646,6.599957466125488,0.0003178360057063401,2.7957601560046896e-05,0.0,0.0,3.97855137634906e-06,0.0030240528285503387,0.0032343974157811317,0.0002063660358544439,0.0003178360057063401,1
3200,0.0003132808778900653,0.00020270611275918782,0.025007214397192,6.680115222930908,0.0003132808778900653,2.6786927264765836e-05,0.0,0.0,3.93048958358122e-06,0.002988799475133419,0.003195436077476188,0.00020270611275918782,0.0003132808778900653,1
3400,0.00030911731300875545,0.00019938353216275573,0.024763870984315872,6.749050140380859,0.00030911731300875545,2.5782013835851103e-05,0.0,0.0,3.889348590746522e-06,0.0029546725563704967,0.003157945437123999,0.00019938353216275573,0.00030911731300875545,1
3600,0.00030522156157530844,0.00019621726823970675,0.024587087333202362,6.8430681228637695,0.00030522156157530844,2.5843582989182323e-05,0.0,0.0,3.845408627967117e-06,0.0029242741875350475,0.0031243368644027214,0.00019621726823970675,0.00030522156157530844,1
3800,0.0003020084695890546,0.00019364774925634265,0.024407263845205307,6.917243480682373,0.0003020084695890546,2.5479785108473152e-05,0.0,0.0,3.8119515011203475e-06,0.002896810183301568,0.003094269884059031,0.00019364774925634265,0.0003020084695890546,1
4000,0.0003113412531092763,0.0002021162654273212,0.025465169921517372,7.00895357131958,0.0003113412531092763,2.4590646717115305e-05,0.0,0.0,3.7867118862777716e-06,0.0029284136835485697,0.0031343166608621686,0.0002021162654273212,0.0003113412531092763,0
4200,0.000296162033919245,0.00018903161981143057,0.02406284771859646,7.075636386871338,0.000296162033919245,2.555181345087476e-05,0.0,0.0,3.751508074856247e-06,0.002844407455995679,0.0030371905838819657,0.00018903161981143057,0.000296162033919245,1
4400,0.00029342551715672016,0.00018687044212128967,0.023900363594293594,7.147890567779541,0.00029342551715672016,2.5014816856128164e-05,0.0,0.0,3.724286443684832e-06,0.0028203045949339867,0.003010899323498961,0.00018687044212128967,0.00029342551715672016,1
4600,0.0002908544847741723,0.00018474397074896842,0.023907680064439774,7.218351364135742,0.0002908544847741723,2.417900577711407e-05,0.0,0.0,3.6837850529991556e-06,0.0028018420562148094,0.002990269812016777,0.00018474397074896842,0.0002908544847741723,1
4800,0.0002879064704757184,0.00018245789397042245,0.02358425222337246,7.303670406341553,0.0002879064704757184,2.4202259737649e-05,0.0,0.0,3.6698131680168444e-06,0.0027736849151551723,0.0029598126222936116,0.00018245789397042245,0.0002879064704757184,1
5000,0.0002850285673048347,0.00018014480883721262,0.023398930206894875,7.373506546020508,0.0002850285673048347,2.3137647076509893e-05,0.0,0.0,3.6451235700951656e-06,0.002750568790361285,0.002934358722768593,0.00018014480883721262,0.0002850285673048347,1
5200,0.00028194027254357934,0.000177656183950603,0.023218199610710144,7.440765857696533,0.00028194027254357934,2.1739888325100765e-05,0.0,0.0,3.61777824764431e-06,0.0027270286809653044,0.0029083026431635517,0.000177656183950603,0.00028194027254357934,1
5400,0.0002882578410208225,0.00018509272194933146,0.02233642339706421,7.43850564956665,0.0002882578410208225,1.4420053048525006e-05,0.0,0.0,3.7256136238283943e-06,0.0026877240743488073,0.002876542409921967,0.00018509272194933146,0.0002882578410208225,0
5600,0.0002758215123321861,0.00017257420404348522,0.022833382710814476,7.592095375061035,0.0002758215123321861,2.0206131011946127e-05,0.0,0.0,3.567981821106514e-06,0.002682013437151909,0.0028581556230165006,0.00017257420404348522,0.0002758215123321861,1
5800,0.00027261118520982563,0.00016989225696306676,0.02263389155268669,7.65842866897583,0.00027261118520982563,1.9116807379759848e-05,0.0,0.0,3.543065986377769e-06,0.0026594826485961676,0.002832917971545612,0.00016989225696306676,0.00027261118520982563,1
6000,0.00026936657377518713,0.00016718072583898902,0.022427430376410484,7.7187652587890625,0.00026936657377518713,1.781392165867146e-05,0.0,0.0,3.518467565299943e-06,0.002636559773236513,0.002807258966640802,0.00016718072583898902,0.00026936657377518713,1
6200,0.00027077560662291944,0.00016858290473464876,0.022441646084189415,7.738874435424805,0.00027077560662291944,1.429617805115413e-05,0.0,0.0,3.5135308280587196e-06,0.0026225869078189135,0.002794683343381621,0.00016858290473464876,0.00027077560662291944,0
6400,0.0002638947044033557,0.0001624614087631926,0.021900130435824394,7.849826812744141,0.0002638947044033557,1.588580744282808e-05,0.0,0.0,3.488663878670195e-06,0.002589920535683632,0.0027558706083254947,0.0001624614087631926,0.0002638947044033557,1
6600,0.00026025879196822643,0.00015935393457766622,0.021872742101550102,7.906376838684082,0.00026025879196822643,1.6405663700425066e-05,0.0,0.0,3.4503702863730723e-06,0.002572591183707118,0.0027353954885711573,0.00015935393457766622,0.00026025879196822643,1
6800,0.00025763013400137424,0.00015741036622785032,0.021704189479351044,7.9580607414245605,0.00025763013400137424,1.6330557627952658e-05,0.0,0.0,3.4351437534496654e-06,0.0025521547067910433,0.0027130002167723433,0.00015741036622785032,0.00025763013400137424,1
7000,0.00025523215299472213,0.00015475320105906576,0.02138901874423027,7.996884822845459,0.00025523215299472213,1.5960695236572064e-05,0.0,0.0,3.4311178751522675e-06,0.0025327231269329786,0.0026909074458671967,0.00015475320105906576,0.00025523215299472213,1
7200,0.00025228975573554635,0.0001522631209809333,0.02134183794260025,8.060201644897461,0.00025228975573554635,1.6715579477022402e-05,0.0,0.0,3.4013219192274846e-06,0.0025166808627545834,0.002672345305654744,0.0001522631209809333,0.00025228975573554635,1
7400,0.00025080778868868947,0.00015091568639036268,0.021459486335515976,8.075159072875977,0.00025080778868868947,1.58200000441866e-05,0.0,0.0,3.372690571268322e-06,0.0025104768574237823,0.0026647652343854134,0.00015091568639036268,0.00025080778868868947,1
7600,0.00024743954418227077,0.00014792862930335104,0.02111494168639183,8.128981590270996,0.00024743954418227077,1.641851122258231e-05,0.0,0.0,3.3615631309658056e-06,0.0024842459242790937,0.0026355361167134106,0.00014792862930335104,0.00024743954418227077,1
7800,0.00025132703012786806,0.00015243128291331232,0.02066977322101593,8.178035736083984,0.00025132703012786806,2.390157533227466e-05,0.0,0.0,3.436894985497929e-06,0.0024649566039443016,0.002620824781843112,0.00015243128291331232,0.00025132703012786806,0
8000,0.00024376182409469038,0.0001450754643883556,0.02087729424238205,8.185906410217285,0.00024376182409469038,1.933838393597398e-05,0.0,0.0,3.3433723274356453e-06,0.0024573146365582943,0.0026057334732740856,0.0001450754643883556,0.00024376182409469038,1
8200,0.0002443089906591922,0.00014620833098888397,0.020884180441498756,8.199810981750488,0.0002443089906591922,2.4574745111749507e-05,0.0,0.0,3.3485366657259874e-06,0.0024512875825166702,0.00260084445017128,0.00014620833098888397,0.0002443089906591922,0
8400,0.00023920703097246587,0.00014051911421120167,0.020537802949547768,8.210697174072266,0.00023920703097246587,1.8294442270416766e-05,0.0,0.0,3.3175679163832683e-06,0.0024314955808222294,0.0025753322629498143,0.00014051911421120167,0.00023920703097246587,1
8600,0.00023803925432730466,0.00013936185860075057,0.020693860948085785,8.215235710144043,0.00023803925432730466,1.7513562852400355e-05,0.0,0.0,3.287734898549388e-06,0.0024299663491547108,0.0025726159426540107,0.00013936185860075057,0.00023803925432730466,1
8800,0.0002353648014832288,0.0001372661063214764,0.02051890827715397,8.229839324951172,0.0002353648014832288,1.988922304008156e-05,0.0,0.0,3.277117457400891e-06,0.0024173003621399403,0.0025578435859188176,0.0001372661063214764,0.0002353648014832288,1
9000,0.0002780100330710411,0.0001781285391189158,0.018589839339256287,8.2363920211792,0.0002780100330710411,2.029374627454672e-05,0.0,0.0,3.780784936679993e-06,0.0023930035531520844,0.00257491287720768,0.0001781285391189158,0.0002780100330710411,0
9200,0.00023202486045192927,0.00013455066073220223,0.020293308421969414,8.240747451782227,0.00023202486045192927,2.19447429117281e-05,0.0,0.0,3.2573143471381627e-06,0.0023979267571121454,0.002535734732191486,0.00013455066073220223,0.00023202486045192927,1
9400,0.00023034686455503106,0.00013302924344316125,0.020240096375346184,8.236412048339844,0.00023034686455503106,2.1376430595410056e-05,0.0,0.0,3.24226175507647e-06,0.002390883397310972,0.00252715490250921,0.00013302924344316125,0.00023034686455503106,1
9600,0.0002289430849486962,0.0001319205475738272,0.020244456827640533,8.23875904083252,0.0002289430849486962,2.210880847997032e-05,0.0,0.0,3.2249611194856698e-06,0.0023858395870774984,0.0025209850957708113,0.0001319205475738272,0.0002289430849486962,1
9800,0.00023606812465004623,0.0001403716014465317,0.019936781376600266,8.25977897644043,0.00023606812465004623,3.6336925404611975e-05,0.0,0.0,3.317288246762473e-06,0.00237349234521389,0.0025171812349071843,0.0001403716014465317,0.00023606812465004623,0
10000,0.0002471906191203743,0.00015008797345217317,0.018952228128910065,8.242876052856445,0.0002471906191203743,2.8836117053288035e-05,0.0,0.0,3.48388789461751e-06,0.0023538460955023766,0.0025074179568491672,0.00015008797345217317,0.0002471906191203743,0
10200,0.00022839728626422584,0.00013138655049260706,0.02012043073773384,8.221428871154785,0.00022839728626422584,1.852372588473372e-05,0.0,0.0,3.2124746667250292e-06,0.002369683701545,0.002504282726704332,0.00013138655049260706,0.00022839728626422584,1
10400,0.00023098436940927058,0.00013385695638135076,0.019268030300736427,8.232943534851074,0.00023098436940927058,2.1185596779105254e-05,0.0,0.0,3.3038008950825315e-06,0.0023457363713532686,0.002482897128629702,0.00013385695638135076,0.00023098436940927058,0
10600,0.00022341677686199546,0.0001276797120226547,0.01996685191988945,8.234515190124512,0.00022341677686199546,2.3711469111731276e-05,0.0,0.0,3.1832446438784245e-06,0.002355189062654972,0.002486052019321505,0.0001276797120226547,0.00022341677686199546,1
10800,0.0002228038210887462,0.00012745083949994296,0.02000034973025322,8.24042797088623,0.0002228038210887462,2.7954400138696656e-05,0.0,0.0,3.178317001584219e-06,0.0023534970823675394,0.0024841262388690666,0.00012745083949994296,0.0002228038210887462,1
11000,0.00022192126198206097,0.00012647041876334697,0.01989709585905075,8.237550735473633,0.00022192126198206097,2.6209731004200876e-05,0.0,0.0,3.1748525088914903e-06,0.002347433939576149,0.0024770792108483874,0.00012647041876334697,0.00022192126198206097,1
11200,0.0002211720566265285,0.00012593848805408925,0.01985647715628147,8.239194869995117,0.0002211720566265285,2.650696478667669e-05,0.0,0.0,3.16983528136916e-06,0.0023426231928169727,0.002471731516152431,0.00012593848805408925,0.0002211720566265285,1
11400,0.00022088419063948095,0.00012573903950396925,0.01991451531648636,8.227913856506348,0.00022088419063948095,2.4317658244399354e-05,0.0,0.0,3.159128709739889e-06,0.002342053223401308,0.002470951391615017,0.00012573903950396925,0.00022088419063948095,1
11600,0.0002198799920734018,0.00012499572767410427,0.01980351284146309,8.238088607788086,0.0002198799920734018,2.729365041886922e-05,0.0,0.0,3.1605541153112426e-06,0.002335410099476576,0.0024635663812659914,0.00012499572767410427,0.0002198799920734018,1
11800,0.00021929612557869405,0.00012451056682039052,0.019758028909564018,8.237337112426758,0.00021929612557869405,2.760315874184016e-05,0.0,0.0,3.158470462949481e-06,0.002331867115572095,0.002459536152855435,0.00012451056682039052,0.00021929612557869405,1
12000,0.0002187882928410545,0.00012412536307238042,0.019732680171728134,8.237007141113281,0.0002187882928410545,2.8189082513563335e-05,0.0,0.0,3.1554236556985416e-06,0.0023287604562938213,0.0024560412430219003,0.00012412536307238042,0.0002187882928410545,1
12200,0.000218219545786269,0.0001237106043845415,0.019701121374964714,8.237563133239746,0.000218219545786269,2.834011502272915e-05,0.0,0.0,3.151910505039268e-06,0.002325300360098481,0.002452162874988062,0.0001237106043845415,0.000218219545786269,1
12400,0.0002177388669224456,0.0001233542279805988,0.019687514752149582,8.234161376953125,0.0002177388669224456,2.8670528990915045e-05,0.0,0.0,3.148385758322547e-06,0.0023230721708387136,0.002449574784577635,0.0001233542279805988,0.0002177388669224456,1
12600,0.00021720542281400412,0.0001229515764862299,0.019642174243927002,8.23558521270752,0.00021720542281400412,2.9039241780992597e-05,0.0,0.0,3.1464021503779804e-06,0.0023194262757897377,0.0024455242544263456,0.0001229515764862299,0.00021720542281400412,1
12800,0.0002166475896956399,0.00012260078801773489,0.01961428113281727,8.234456062316895,0.0002166475896956399,2.8896203730255365e-05,0.0,0.0,3.1422434858541237e-06,0.0023159626871347427,0.0024417057186383317,0.00012260078801773489,0.0002166475896956399,1
13000,0.00021627193200401962,0.00012238520139362663,0.019632583484053612,8.220545768737793,0.00021627193200401962,2.7191787012270652e-05,0.0,0.0,3.136219675070606e-06,0.0023155882954597473,0.0024411097165284446,0.00012238520139362663,0.00021627193200401962,1
13200,0.00021567584190052003,0.00012198448530398309,0.019497474655508995,8.231792449951172,0.00021567584190052003,2.9353055651881732e-05,0.0,0.0,3.140258968414855e-06,0.0023081402759999037,0.0024332650202723016,0.00012198448530398309,0.00021567584190052003,1
13400,0.000215278982068412,0.00012188111577415839,0.01947197876870632,8.230210304260254,0.000215278982068412,3.1336887332145125e-05,0.0,0.0,3.1402473723574076e-06,0.0023054841440171003,0.002430505507163616,0.00012188111577415839,0.000215278982068412,1
13600,0.0002148194907931611,0.00012148362293373793,0.019523603841662407,8.22986125946045,0.0002148194907931611,3.288412335678004e-05,0.0,0.0,3.1329429930337938e-06,0.00230643549002707,0.0024310520559538418,0.00012148362293373793,0.0002148194907931611,1
13800,0.0002537486725486815,0.00015862206055317074,0.020448440685868263,8.152621269226074,0.0002537486725486815,1.7488409866928123e-05,0.0,0.0,3.361416020197794e-06,0.0023474914487451315,0.0025094749253185,0.00015862206055317074,0.0002537486725486815,0
14000,0.0002136874245479703,0.00012037265696562827,0.019404707476496696,8.21850872039795,0.0002136874245479703,3.128651587758213e-05,0.0,0.0,3.128139951513731e-06,0.002299946965649724,0.002423447762566866,0.00012037265696562827,0.0002136874245479703,1
14200,0.00028201492386870086,0.00019007337687071413,0.018425486981868744,8.298428535461426,0.00028201492386870086,0.00010714788368204609,0.0,0.0,3.814752744801808e-06,0.002280481392517686,0.002474369522133202,0.00019007337687071413,0.00028201492386870086,0
14400,0.00021256365289445966,0.00011955465015489608,0.019321266561746597,8.204476356506348,0.00021256365289445966,3.256400304962881e-05,0.0,0.0,3.122733005511691e-06,0.002295000944286585,0.0024176783274469926,0.00011955465015489608,0.00021256365289445966,1
14600,0.00021193636348471045,0.00011908882879652083,0.01928701624274254,8.19504165649414,0.00021193636348471045,3.2566636946285143e-05,0.0,0.0,3.1180788937490433e-06,0.0022926172241568565,0.0024148241318471264,0.00011908882879652083,0.00021193636348471045,1
14800,0.00021277931227814406,0.00012017883273074403,0.019481653347611427,8.158766746520996,0.00021277931227814406,2.6774747311719693e-05,0.0,0.0,3.1053234579303535e-06,0.002300223335623741,0.0024235074918124155,0.00012017883273074403,0.00021277931227814406,0
15000,0.00022269987675826997,0.00012921798042953014,0.019761070609092712,8.103869438171387,0.00022269987675826997,1.97767949430272e-05,0.0,0.0,3.160906771881855e-06,0.0023139179684221745,0.0024462968556235865,0.00012921798042953014,0.00022269987675826997,0
15200,0.00022531654394697398,0.00013028433022554964,0.018110215663909912,8.160045623779297,0.00022531654394697398,2.4812508854665793e-05,0.0,0.0,3.301213155282312e-06,0.0022668440360575914,0.0024004295794384234,0.00013028433022554964,0.00022531654394697398,0
15400,0.0002096040261676535,0.00011744323273887858,0.01913914643228054,8.140069007873535,0.0002096040261676535,3.388531695236452e-05,0.0,0.0,3.10283121507382e-06,0.0022853550035506487,0.002405901067504601,0.00011744323273887858,0.0002096040261676535,1
15600,0.00020936827058903873,0.00011746709060389549,0.01904393918812275,8.131324768066406,0.00020936827058903873,3.8517882785527036e-05,0.0,0.0,3.110738362011034e-06,0.00228216708637774,0.0024027449153436464,0.00011746709060389549,0.00020936827058903873,0
15800,0.0002717594034038484,0.00017789058620110154,0.017449071630835533,8.172728538513184,0.0002717594034038484,7.346400525420904e-05,0.0,0.0,3.773590378841618e-06,0.0022708112373948097,0.002452475413974753,0.00017789058620110154,0.0002717594034038484,0
16000,0.00020850426517426968,0.00011636882118182257,0.01901479810476303,8.099843978881836,0.00020850426517426968,3.797964018303901e-05,0.0,0.0,3.102609980487614e-06,0.0022822374012321234,0.0024017088323944336,0.00011636882118182257,0.00020850426517426968,1
16200,0.00020815851166844368,0.00011614362301770598,0.0189910139888525,8.084596633911133,0.00020815851166844368,3.821477002929896e-05,0.0,0.0,3.1006707104097586e-06,0.0022812539245933294,0.002400498218321445,0.00011614362301770598,0.00020815851166844368,1
16400,0.00020773922733496875,0.00011589282803470269,0.01890530064702034,8.073777198791504,0.00020773922733496875,3.7405356124509126e-05,0.0,0.0,3.1011388728074962e-06,0.0022777903359383345,0.0023967843028458446,0.00011589282803470269,0.00020773922733496875,1
16600,0.00020780095655936748,0.00011576719407457858,0.018952667713165283,8.063482284545898,0.00020780095655936748,4.027871909784153e-05,0.0,0.0,3.1011386454338208e-06,0.0022809458896517754,0.0023998142223717878,0.00011576719407457858,0.00020780095655936748,1
16800,0.00020756697631441057,0.00011565343447728083,0.018937161192297935,8.05157470703125,0.00020756697631441057,4.037309918203391e-05,0.0,0.0,3.0999531190900598e-06,0.002280173124745488,0.002398926512341859,0.00011565343447728083,0.00020756697631441057,1
17000,0.00020742628839798272,0.0001155165009549819,0.018918411806225777,8.042024612426758,0.00020742628839798272,4.0978968172566965e-05,0.0,0.0,3.1005245091364486e-06,0.0022799833677709103,0.0023986003932350286,0.0001155165009549819,0.00020742628839798272,1
17200,0.0002072568895528093,0.00011541854473762214,0.018897119909524918,8.033760070800781,0.0002072568895528093,4.1385210352018476e-05,0.0,0.0,3.1005940854811342e-06,0.0022790986113250256,0.002397617750148129,0.00011541854473762214,0.0002072568895528093,1
17400,0.00020846347615588456,0.00011744396033464,0.01927749067544937,8.011136054992676,0.00020846347615588456,4.417716263560578e-05,0.0,0.0,3.085907565036905e-06,0.0022934761364012957,0.0024140060043009726,0.00011744396033464,0.00020846347615588456,0
17600,0.00020761534688062966,0.00011537244427017868,0.018905460834503174,8.011516571044922,0.00020761534688062966,3.856354669551365e-05,0.0,0.0,3.1009096801426494e-06,0.00228087417781353,0.0023993475317638513,0.00011537244427017868,0.00020761534688062966,1
17800,0.00020715384744107723,0.00011522285058163106,0.018876640126109123,8.010849952697754,0.00020715384744107723,4.420102050062269e-05,0.0,0.0,3.1036886412039166e-06,0.002279745414853096,0.002398071954075931,0.00011522285058163106,0.00020715384744107723,1
18000,0.0002070344635285437,0.00011513927165651694,0.018874038010835648,8.003986358642578,0.0002070344635285437,4.4113163312431425e-05,0.0,0.0,3.1027698241814505e-06,0.0022795158438384533,0.0023977578853191517,0.00011513927165651694,0.0002070344635285437,1
18200,0.00020683453476522118,0.00011509965406730771,0.01886623352766037,7.995070934295654,0.00020683453476522118,4.3849348003277555e-05,0.0,0.0,3.1014212709123967e-06,0.002278805710375309,0.002397006785713529,0.00011509965406730771,0.00020683453476522118,1
18400,0.000222254209802486,0.00012986433284822851,0.018196942284703255,7.9982008934021,0.000222254209802486,6.702263635816053e-05,0.0,0.0,3.3051824175345246e-06,0.0022664517164230347,0.0023996212316887977,0.00012986433284822851,0.000222254209802486,0
18600,0.00020690581004600972,0.0001150008465629071,0.01885504275560379,7.9851179122924805,0.00020690581004600972,4.5723161747446284e-05,0.0,0.0,3.1047345601109555e-06,0.0022794606629759073,0.0023975662440989254,0.0001150008465629071,0.00020690581004600972,1
18800,0.0002067911409540102,0.00011494119826238602,0.018844617530703545,7.979583263397217,0.0002067911409540102,4.5746364776277915e-05,0.0,0.0,3.104526513197925e-06,0.0022788620553910732,0.002396907780166657,0.00011494119826238602,0.0002067911409540102,1
19000,0.00023625814355909824,0.0001447774557163939,0.01800720766186714,8.01082706451416,0.00023625814355909824,9.222827793564647e-05,0.0,0.0,3.4387403502478264e-06,0.0022604078985750675,0.0024086240946417092,0.0001447774557163939,0.00023625814355909824,0
19200,0.0002101390273310244,0.0001183875574497506,0.01853380724787712,7.977320194244385,0.0002101390273310244,5.807041816296987e-05,0.0,0.0,3.166064288961934e-06,0.0022710105404257774,0.00239256416216449,0.0001183875574497506,0.0002101390273310244,0
19400,0.0002087816537823528,0.00011710045509971678,0.019052397459745407,7.927600860595703,0.0002087816537823528,3.9331269363174215e-05,0.0,0.0,3.1030810987431323e-06,0.002289907541126013,0.0024101110773244727,0.00011710045509971678,0.0002087816537823528,0
19600,0.00020667340140789747,0.00011475173232611269,0.01880115270614624,7.957598686218262,0.00020667340140789747,4.6989433030830696e-05,0.0,0.0,3.1083504836715292e-06,0.0022780236322432756,0.00239588371505306,0.00011475173232611269,0.00020667340140789747,1
19800,0.00020695675630122423,0.00011506938608363271,0.01893223635852337,7.935275077819824,0.00020695675630122423,4.2805608245544136e-05,0.0,0.0,3.1009060421638424e-06,0.002283820416778326,0.0024019907089041226,0.00011506938608363271,0.00020695675630122423,0
20000,0.00020649476209655404,0.0001147347065852955,0.01881950907409191,7.944668769836426,0.00020649476209655404,4.696827818406746e-05,0.0,0.0,3.105963969574077e-06,0.0022784313187003136,0.002396271989255183,0.0001147347065852955,0.00020649476209655404,1
20200,0.00020642581512220204,0.00011469921446405351,0.01880272477865219,7.940821170806885,0.00020642581512220204,4.75919914606493e-05,0.0,0.0,3.1070137538335985e-06,0.0022777533158659935,0.0023955595440838806,0.00011469921446405351,0.00020642581512220204,1
20400,0.00020675758423749357,0.00011507158342283219,0.018713653087615967,7.939950942993164,0.00020675758423749357,5.168831557966769e-05,0.0,0.0,3.1196589134196984e-06,0.002275502774864435,0.002393694017200687,0.00011507158342283219,0.00020675758423749357,0
20600,0.00021354433556552976,0.00012190140114398673,0.018378419801592827,7.960360527038574,0.00021354433556552976,6.924733315827325e-05,0.0,0.0,3.211352577636717e-06,0.002265464747324586,0.0023905775010462094,0.00012190140114398673,0.00021354433556552976,0
20800,0.0002127434709109366,0.00012061548477504402,0.019219262525439262,7.897456169128418,0.0002127434709109366,3.4258428058819845e-05,0.0,0.0,3.120738483630703e-06,0.002295837737619877,0.0024195739608785516,0.00012061548477504402,0.0002127434709109366,0
21000,0.0002224101626779884,0.00012756483920384198,0.017771784216165543,7.917331695556641,0.0002224101626779884,3.199839557055384e-05,0.0,0.0,3.2994639695971273e-06,0.0022547550033777952,0.0023856193065512343,0.00012756483920384198,0.0002224101626779884,0
21200,0.0002737236500252038,0.00018202632782049477,0.017557084560394287,8.001689910888672,0.0002737236500252038,0.00012568524107336998,0.0,0.0,3.804702600973542e-06,0.0022561599034816027,0.002441990933903071,0.00018202632782049477,0.0002737236500252038,0
21400,0.00021074374672025442,0.00011869960144395009,0.019073769450187683,7.863529682159424,0.00021074374672025442,3.238683711970225e-05,0.0,0.0,3.117965889032348e-06,0.002292657271027565,0.0024144748383605474,0.00011869960144395009,0.00021074374672025442,0
21600,0.00020621779549401253,0.00011448933219071478,0.018771853297948837,7.906670570373535,0.00020621779549401253,4.980490848538466e-05,0.0,0.0,3.1103224955586484e-06,0.002277675550431013,0.0023952752051172865,0.00011448933219071478,0.00020621779549401253,1
21800,0.00020675176347140223,0.00011513820936670527,0.01866302825510502,7.909328460693359,0.00020675176347140223,5.569318818743341e-05,0.0,0.0,3.1268014026863966e-06,0.0022742198780179024,0.002392484888787294,0.00011513820936670527,0.00020675176347140223,0
22000,0.00020623800810426474,0.000114511298306752,0.018816575407981873,7.884682655334473,0.00020623800810426474,4.726427869172767e-05,0.0,0.0,3.108287728537107e-06,0.0022812369279563427,0.002398856513991632,0.000114511298306752,0.00020623800810426474,0
22200,0.0002072480710921809,0.0001156143334810622,0.018930645659565926,7.871705532073975,0.0002072480710921809,4.1710431105457246e-05,0.0,0.0,3.1017859782878077e-06,0.002284903544932604,0.002403619664391954,0.0001156143334810622,0.0002072480710921809,0
22400,0.00020706382929347456,0.00011616379924817011,0.019027093425393105,7.8847198486328125,0.00020706382929347456,5.7498491514706984e-05,0.0,0.0,3.105911673628725e-06,0.00228774338029325,0.002407013091215049,0.00011616379924817011,0.00020706382929347456,0
22600,0.00023915356723591685,0.00014753249706700444,0.01788407564163208,7.924624919891357,0.00023915356723591685,0.00010557370842434466,0.0,0.0,3.476693791526486e-06,0.0022563489619642496,0.0024073581528227805,0.00014753249706700444,0.00023915356723591685,0
22800,0.00021251915313769132,0.00012133787822676823,0.01829955354332924,7.881962299346924,0.00021251915313769132,6.907106580911204e-05,0.0,0.0,3.2113825909618754e-06,0.0022656437940895557,0.002390193054907286,0.00012133787822676823,0.00021251915313769132,0
23000,0.00021758668299298733,0.00012857386900577694,0.019338274374604225,7.898031234741211,0.00021758668299298733,8.733568392926827e-05,0.0,0.0,3.1892507195152575e-06,0.002300251740962267,0.002432014860687559,0.00012857386900577694,0.00021758668299298733,0
23200,0.00020602760196197778,0.0001144805719377473,0.018663031980395317,7.870859146118164,0.00020602760196197778,5.414222687250003e-05,0.0,0.0,3.120473820672487e-06,0.0022750867065042257,0.0023926877522626455,0.0001144805719377473,0.00020602760196197778,1
23400,0.00020652551029343158,0.00011508048191899434,0.018575606867671013,7.865628242492676,0.00020652551029343158,5.721841807826422e-05,0.0,0.0,3.1326012503996026e-06,0.002272604266181588,0.002390817349350982,0.00011508048191899434,0.00020652551029343158,0
23600,0.00020567489264067262,0.00011421594535931945,0.01874597556889057,7.851905822753906,0.00020567489264067262,4.795096174348146e-05,0.0,0.0,3.107112434008741e-06,0.0022783689200878143,0.0023956919778811425,0.00011421594535931945,0.00020567489264067262,1
23800,0.00020714494166895747,0.00011457328218966722,0.01844838447868824,7.839630603790283,0.00020714494166895747,4.3100448237964883e-05,0.0,0.0,3.140886747132754e-06,0.0022698137909173965,0.0023875279598541965,0.00011457328218966722,0.00020714494166895747,0
24000,0.00020602720906026661,0.00011451549653429538,0.01860816963016987,7.852700233459473,0.00020602720906026661,5.683858398697339e-05,0.0,0.0,3.126377350781695e-06,0.0022738135885447264,0.0023914554624298034,0.00011451549653429538,0.00020602720906026661,0
24200,0.00020557384414132684,0.0001140288877650164,0.018692636862397194,7.8408355712890625,0.00020557384414132684,5.245108332019299e-05,0.0,0.0,3.1137140013015596e-06,0.0022770240902900696,0.0023941666920563875,0.0001140288877650164,0.00020557384414132684,1
24400,0.00020544120343402028,0.00011396644549677148,0.01868392899632454,7.835022926330566,0.00020544120343402028,5.212950782151893e-05,0.0,0.0,3.112886815870297e-06,0.002276595216244459,0.002393674548557101,0.00011396644549677148,0.00020544120343402028,1
24600,0.00020531662448775023,0.00011392919986974448,0.018662719056010246,7.828273296356201,0.00020531662448775023,5.202057946007699e-05,0.0,0.0,3.1134395612752996e-06,0.0022759470157325268,0.0023929896551635466,0.00011392919986974448,0.00020531662448775023,1
24800,0.00020768854301422834,0.00011645782069535926,0.01899753324687481,7.7932000160217285,0.00020768854301422834,4.2615007259882987e-05,0.0,0.0,3.1040676731208805e-06,0.0022915909066796303,0.0024111527950481104,0.00011645782069535926,0.00020768854301422834,0
25000,0.00020530981419142336,0.00011383101082174107,0.018664315342903137,7.818027496337891,0.00020530981419142336,5.316487659001723e-05,0.0,0.0,3.114059381914558e-06,0.0022768976632505655,0.002393842733454221,0.00011383101082174107,0.00020530981419142336,1
25200,0.0002051419869530946,0.0001137618746724911,0.018651286140084267,7.812547206878662,0.0002051419869530946,5.2530336688505486e-05,0.0,0.0,3.113009825028712e-06,0.0022762534208595753,0.002393128305357095,0.0001137618746724911,0.0002051419869530946,1
25400,0.00020512806077022105,0.0001136453211074695,0.01854928955435753,7.803182601928711,0.00020512806077022105,4.9695245252223685e-05,0.0,0.0,3.1186170872388175e-06,0.002273912075906992,0.0023906760141017003,0.0001136453211074695,0.00020512806077022105,1
25600,0.00020519469399005175,0.00011384982644813135,0.01863112300634384,7.804956912994385,0.00020519469399005175,5.641830284730531e-05,0.0,0.0,3.11746680381475e-06,0.002276532119140029,0.002393499412391975,0.00011384982644813135,0.00020519469399005175,0
25800,0.00020502366533037275,0.00011364176316419616,0.018633026629686356,7.793742656707764,0.00020502366533037275,5.381457958719693e-05,0.0,0.0,3.114273795290501e-06,0.0022767935879528522,0.002393549624912339,0.00011364176316419616,0.00020502366533037275,1
26000,0.00020488357404246926,0.00011356850154697895,0.01862085983157158,7.787735939025879,0.00020488357404246926,5.349614002625458e-05,0.0,0.0,3.113660341114155e-06,0.0022763649467378855,0.0023930471086259786,0.00011356850154697895,0.00020488357404246926,1
26200,0.00020477120415307581,0.00011358845949871466,0.018569031730294228,7.783837795257568,0.00020477120415307581,5.4379932407755405e-05,0.0,0.0,3.1165209293249063e-06,0.0022747477050870657,0.0023914526855151053,0.00011358845949871466,0.00020477120415307581,0
26400,0.0002859684464056045,0.00019487009558361024,0.021061165258288383,7.686539649963379,0.0002859684464056045,2.2820106096332893e-05,0.0,0.0,3.6051667393621756e-06,0.0024167862720787525,0.002615261534401725,0.00019487009558361024,0.0002859684464056045,0
26600,0.00020477306679822505,0.00011344614904373884,0.01863110065460205,7.766159534454346,0.00020477306679822505,5.3504976676777005e-05,0.0,0.0,3.112033027719008e-06,0.0022782182786613703,0.002394776460732828,0.00011344614904373884,0.00020477306679822505,1
26800,0.0002046300796791911,0.00011335490853525698,0.018589811399579048,7.761844158172607,0.0002046300796791911,5.468744348036125e-05,0.0,0.0,3.114419996563811e-06,0.002276801969856024,0.0023932712983878446,0.00011335490853525698,0.0002046300796791911,1
27000,0.00020446233975235373,0.00011327466199873015,0.0185740627348423,7.755512714385986,0.00020446233975235373,5.427053838502616e-05,0.0,0.0,3.1136764846451115e-06,0.002276252955198288,0.0023926412936816632,0.00011327466199873015,0.00020446233975235373,1
27200,0.0002049398171948269,0.00011347052350174636,0.018579889088869095,7.736733436584473,0.0002049398171948269,4.651884228223935e-05,0.0,0.0,3.1119134291657247e-06,0.0022780816070735455,0.0023946640440044575,0.00011347052350174636,0.0002049398171948269,0
27400,0.00020439062791410834,0.00011314477887935936,0.018551692366600037,7.743738651275635,0.00020439062791410834,5.5644981330260634e-05,0.0,0.0,3.1152494557318278e-06,0.002276650397107005,0.0023929104254420963,0.00011314477887935936,0.00020439062791410834,1
27600,0.0002280655171489343,0.00013766132178716362,0.017774740234017372,7.76654052734375,0.0002280655171489343,9.948298247763887e-05,0.0,0.0,3.393507313376176e-06,0.002257023472338915,0.0023980783014394547,0.00013766132178716362,0.0002280655171489343,0
27800,0.00020418569329194725,0.00011303423525532708,0.018539490178227425,7.726927757263184,0.00020418569329194725,5.5814427469158545e-05,0.0,0.0,3.114400669801398e-06,0.0022769062779843807,0.002393054913909509,0.00011303423525532708,0.00020418569329194725,1
28000,0.00020402943482622504,0.00011294966679997742,0.018525920808315277,7.72001314163208,0.00020402943482622504,5.548159606405534e-05,0.0,0.0,3.1136037250689697e-06,0.0022765647154301405,0.002392627985955187,0.00011294966679997742,0.00020402943482622504,1
28200,0.00020383436640258878,0.00011290053953416646,0.01850261725485325,7.713654041290283,0.00020383436640258878,5.5377586249960586e-05,0.0,0.0,3.1131753530644346e-06,0.0022759349085390568,0.0023919486234262877,0.00011290053953416646,0.00020383436640258878,1
28400,0.00021812459453940392,0.00012644336675293744,0.01909675821661949,7.663416385650635,0.00021812459453940392,3.304317579022609e-05,0.0,0.0,3.1739712085254723e-06,0.0023043679539114237,0.0024339852918728866,0.00012644336675293744,0.00021812459453940392,0
28600,0.000203717514523305,0.00011272003030171618,0.018489936366677284,7.699708461761475,0.000203717514523305,5.6552682508481666e-05,0.0,0.0,3.1132742606132524e-06,0.0022766212932765484,0.002392454597838878,0.00011272003030171618,0.000203717514523305,1
28800,0.00022805815387982875,0.00013629975728690624,0.01926538161933422,7.632839202880859,0.00022805815387982875,2.841146124410443e-05,0.0,0.0,3.239501438656589e-06,0.0023148944601416588,0.0024544337188672216,0.00013629975728690624,0.00022805815387982875,0
29000,0.00021561392350122333,0.00012504281767178327,0.01788875088095665,7.7017974853515625,0.00021561392350122333,8.618084393674508e-05,0.0,0.0,3.2733764783188235e-06,0.0022605962585657835,0.0023889124527158856,0.00012504281767178327,0.00021561392350122333,0
29200,0.00034328943002037704,0.0002494611544534564,0.020509423688054085,7.532903671264648,0.00034328943002037704,2.482602394593414e-05,0.0,0.0,4.089722096978221e-06,0.0023994981311261654,0.0026530490076766,0.0002494611544534564,0.00034328943002037704,0
29400,0.00020324424258433282,0.00011240028106840327,0.018436795100569725,7.667420387268066,0.00020324424258433282,5.759138730354607e-05,0.0,0.0,3.1126078283705283e-06,0.002276647137477994,0.0023921600263747678,0.00011240028106840327,0.00020324424258433282,1
29600,0.00020298155141063035,0.00011227653885725886,0.01841909810900688,7.658538341522217,0.00020298155141063035,5.6731125368969515e-05,0.0,0.0,3.11050553136738e-06,0.002275958890095353,0.0023913459344839794,0.00011227653885725886,0.00020298155141063035,1
29800,0.0002057154051726684,0.00011459842789918184,0.017970535904169083,7.655036449432373,0.0002057154051726684,6.20364080532454e-05,0.0,0.0,3.1712497730040923e-06,0.002264064271003008,0.002381833948675194,0.00011459842789918184,0.0002057154051726684,0
30000,0.00029139412799850106,0.00020263716578483582,0.017677562311291695,7.753847599029541,0.00029139412799850106,0.00019452771812211722,0.0,0.0,3.957699391321512e-06,0.0022557047195732594,0.0024622995847494167,0.00020263716578483582,0.00029139412799850106,0
30200,0.00022416855790652335,0.0001331746461801231,0.019200045615434647,7.549178123474121,0.00022416855790652335,3.089468737016432e-05,0.0,0.0,3.212075398550951e-06,0.0023181422147899866,0.0024545289363686607,0.0001331746461801231,0.00022416855790652335,0
30400,0.00020258352742530406,0.00011199824075447395,0.018336201086640358,7.627166271209717,0.00020258352742530406,6.046055204933509e-05,0.0,0.0,3.1137176392803667e-06,0.00227554515004158,0.0023906571084353345,0.00011199824075447395,0.00020258352742530406,1
30600,0.00020233006216585636,0.00011183161404915154,0.018343184143304825,7.6165690422058105,0.00020233006216585636,5.889237218070775e-05,0.0,0.0,3.109506678811158e-06,0.0022761435247957706,0.0023910846455237333,0.00011183161404915154,0.00020233006216585636,1
30800,0.00020209765352774411,0.00011172534141223878,0.018330300226807594,7.607369899749756,0.00020209765352774411,5.824122854392044e-05,0.0,0.0,3.1074621347215725e-06,0.0022760233841836452,0.0023908561877306056,0.00011172534141223878,0.00020209765352774411,1
31000,0.0002037591766566038,0.00011340553464833647,0.018544115126132965,7.5706634521484375,0.0002037591766566038,4.854443614021875e-05,0.0,0.0,3.102009713984444e-06,0.00228799763135612,0.002404505175718441,0.00011340553464833647,0.0002037591766566038,0
31200,0.00020183887681923807,0.00011151657236041501,0.01828882284462452,7.592879295349121,0.00020183887681923807,6.0434718761825934e-05,0.0,0.0,3.1079439395398367e-06,0.0022758932318538427,0.0023905177481537976,0.00011151657236041501,0.00020183887681923807,1
31400,0.00020153686637058854,0.00011137373076053336,0.018268967047333717,7.582029819488525,0.00020153686637058854,5.950070408289321e-05,0.0,0.0,3.10544737658347e-06,0.002275207545608282,0.002389686723745399,0.00011137373076053336,0.00020153686637058854,1
31600,0.00020444870460778475,0.00011507413728395477,0.0187480840831995,7.550050258636475,0.00020444870460778475,5.585860344581306e-05,0.0,0.0,3.0971505111665465e-06,0.002298831008374691,0.0024170022961698123,0.00011507413728395477,0.00020444870460778475,0
31800,0.0002016978251049295,0.00011160933354403824,0.018135633319616318,7.572993278503418,0.0002016978251049295,6.653099990217015e-05,0.0,0.0,3.118955419267877e-06,0.002271773526445031,0.0023865018154083373,0.00011160933354403824,0.0002016978251049295,0
32000,0.00020104247960262,0.00011106069723609835,0.018213311210274696,7.556509017944336,0.00020104247960262,6.112777191447094e-05,0.0,0.0,3.1039921850606333e-06,0.002275096485391259,0.002389261174812418,0.00011106069723609835,0.00020104247960262,1
32200,0.00020080033573321998,0.00011094481305917725,0.018198637291789055,7.547368049621582,0.00020080033573321998,6.061227395548485e-05,0.0,0.0,3.1018914796732133e-06,0.002275105332955718,0.0023891520374945685,0.00011094481305917725,0.00020080033573321998,1
32400,0.0002009578893193975,0.00011084195284638554,0.018076708540320396,7.529419898986816,0.0002009578893193975,5.424210030469112e-05,0.0,0.0,3.107464408458327e-06,0.0022723728325217962,0.00238632224977664,0.00011084195284638554,0.0002009578893193975,1
32600,0.00021715105685871094,0.00012735935160890222,0.018958287313580513,7.489725589752197,0.00021715105685871094,3.8368900277419016e-05,0.0,0.0,3.1686172405898105e-06,0.002313425065949559,0.0024439530347990512,0.00012735935160890222,0.00021715105685871094,0
32800,0.00020022643730044365,0.00011059475218644366,0.018128573894500732,7.523937225341797,0.00020022643730044365,6.309643504209816e-05,0.0,0.0,3.1002655305201188e-06,0.002274271799251437,0.002387966816968401,0.00011059475218644366,0.00020022643730044365,1
33000,0.00019995860930066556,0.00011046506551792845,0.018105078488588333,7.514523029327393,0.00019995860930066556,6.282567483140156e-05,0.0,0.0,3.0985218018031446e-06,0.002273757942020893,0.0023873215293406247,0.00011046506551792845,0.00019995860930066556,1
33200,0.00019974428869318217,0.00011038117372663692,0.018081549555063248,7.5067009925842285,0.00019974428869318217,6.366738671204075e-05,0.0,0.0,3.0979035727796145e-06,0.002273471560329199,0.0023869506376286154,0.00011038117372663692,0.00019974428869318217,1
33400,0.0001996540231630206,0.00011045617429772392,0.017991362139582634,7.502726078033447,0.0001996540231630206,6.619880878133699e-05,0.0,0.0,3.103529252257431e-06,0.0022706377785652876,0.002384197482115269,0.00011045617429772392,0.0001996540231630206,0
33600,0.00020888581639155746,0.00011838879436254501,0.01728019490838051,7.513271331787109,0.00020888581639155746,7.576501229777932e-05,0.0,0.0,3.2366808682127157e-06,0.00225023552775383,0.0023718610029845877,0.00011838879436254501,0.00020888581639155746,0
33800,0.00019911064009647816,0.00011001081293215975,0.01802140474319458,7.480384349822998,0.00019911064009647816,6.475602276623249e-05,0.0,0.0,3.0941814657126088e-06,0.0022730224300175905,0.002386127424415463,0.00011001081293215975,0.00019911064009647816,1
34000,0.000198919718968682,0.00010991338058374822,0.01799953170120716,7.473111152648926,0.000198919718968682,6.524081254610792e-05,0.0,0.0,3.093496161454823e-06,0.00227286946028471,0.002385876337029913,0.00010991338058374822,0.000198919718968682,1
34200,0.00019867729861289263,0.00010980326624121517,0.01798284240067005,7.464895248413086,0.00019867729861289263,6.49671201244928e-05,0.0,0.0,3.0914393391867634e-06,0.002272743731737137,0.0023856384373175388,0.00010980326624121517,0.00019867729861289263,1
34400,0.0001984741975320503,0.00010980151273543015,0.018000373616814613,7.454969882965088,0.0001984741975320503,6.262854731176049e-05,0.0,0.0,3.085071966779651e-06,0.002274045953527093,0.0023869325382293027,0.00010980151273543015,0.0001984741975320503,1
34600,0.0002609783550724387,0.0001715231192065403,0.01686246506869793,7.508274078369141,0.0002609783550724387,0.00016073277220129967,0.0,0.0,3.727946477738442e-06,0.002244706032797694,0.002419957098481973,0.0001715231192065403,0.0002609783550724387,0
34800,0.0001980041415663436,0.0001094599356292747,0.017907580360770226,7.447210311889648,0.0001980041415663436,6.75189949106425e-05,0.0,0.0,3.0882060855219606e-06,0.0022715257946401834,0.00238407393635498,0.0001094599356292747,0.0001980041415663436,1
35000,0.0001977084029931575,0.00010933923476841301,0.01788569614291191,7.438539028167725,0.0001977084029931575,6.711444439133629e-05,0.0,0.0,3.085732032559463e-06,0.0022709446493536234,0.002383369616154596,0.00010933923476841301,0.0001977084029931575,1
35200,0.000197686385945417,0.000109372369479388,0.017757277935743332,7.4355788230896,0.000197686385945417,6.951284740353003e-05,0.0,0.0,3.0947476261644624e-06,0.002266683615744114,0.0023791507328496664,0.000109372369479388,0.000197686385945417,0
35400,0.00019886399968527257,0.00011164923489559442,0.017840061336755753,7.398231506347656,0.00019886399968527257,7.54536158638075e-05,0.0,0.0,3.1060058063303586e-06,0.002273747930303216,0.0023885031710051408,0.00011164923489559442,0.00019886399968527257,0
35600,0.00019706148304976523,0.00010902839858317748,0.01781582273542881,7.4204816818237305,0.00019706148304976523,6.930642848601565e-05,0.0,0.0,3.082396688114386e-06,0.0022701402194797993,0.002382251014751091,0.00010902839858317748,0.00019706148304976523,1
35800,0.00019681720004882663,0.00010893019498325884,0.017793763428926468,7.413821697235107,0.00019681720004882663,6.957820005482063e-05,0.0,0.0,3.0807057100901147e-06,0.0022697628010064363,0.0023817737016997853,0.00010893019498325884,0.00019681720004882663,1
36000,0.0001965461124200374,0.00010883616050705314,0.017773417755961418,7.4061784744262695,0.0001965461124200374,6.942347681615502e-05,0.0,0.0,3.078469717365806e-06,0.0022693576756864786,0.0023812723059108976,0.00010883616050705314,0.0001965461124200374,1
36200,0.00019634289492387325,0.0001086767588276416,0.017745107412338257,7.398474216461182,0.00019634289492387325,6.69305445626378e-05,0.0,0.0,3.076005214097677e-06,0.002269093180075288,0.002380845944117027,0.0001086767588276416,0.00019634289492387325,1
36400,0.00019644733401946723,0.00010918850603047758,0.017675716429948807,7.4023284912109375,0.00019644733401946723,7.696020475123078e-05,0.0,0.0,3.0851556402922142e-06,0.0022663420531898737,0.0023786157148606435,0.00010918850603047758,0.00019644733401946723,0
36600,0.0002118877018801868,0.00012394643272273242,0.01823359541594982,7.3427815437316895,0.0002118877018801868,3.955057400162332e-05,0.0,0.0,3.1510471671936102e-06,0.0022951692808419466,0.0024222667607318726,0.00012394643272273242,0.0002118877018801868,0
36800,0.000195683678612113,0.0001084552495740354,0.017683004960417747,7.3850789070129395,0.000195683678612113,7.203704444691539e-05,0.0,0.0,3.0734042866242817e-06,0.002268158830702305,0.0023796874845629645,0.0001084552495740354,0.000195683678612113,1
37000,0.00019544253882486373,0.0001083677270798944,0.017662780359387398,7.378614902496338,0.00019544253882486373,7.204201392596588e-05,0.0,0.0,3.0714752483618213e-06,0.002267777454108,0.002379216656436256,0.0001083677270798944,0.00019544253882486373,1
37200,0.00019522535149008036,0.00010827881487784907,0.01764114573597908,7.372892379760742,0.00019522535149008036,7.213645585579798e-05,0.0,0.0,3.069942295041983e-06,0.002267490141093731,0.002378838898266622,0.00010827881487784907,0.00019522535149008036,1
37400,0.0001949633879121393,0.00010819906310644001,0.017617838457226753,7.366488456726074,0.0001949633879121393,7.145445852074772e-05,0.0,0.0,3.0674918889417313e-06,0.0022669360041618347,0.0023782025591572165,0.00010819906310644001,0.0001949633879121393,1
37600,0.00019775886903516948,0.00011121718125650659,0.017477763816714287,7.367364883422852,0.00019775886903516948,8.978788537206128e-05,0.0,0.0,3.11361418425804e-06,0.002262755297124386,0.0023770860925651505,0.00011121718125650659,0.00019775886903516948,0
37800,0.0001947854325408116,0.00010821944306371734,0.017649821937084198,7.3493123054504395,0.0001947854325408116,6.894395482959226e-05,0.0,0.0,3.0611570309702074e-06,0.0022703902795910835,0.002381670879685771,0.00010821944306371734,0.0001947854325408116,0
38000,0.0001952165475813672,0.00010878742614295334,0.017463283613324165,7.348889350891113,0.0001952165475813672,8.209752559196204e-05,0.0,0.0,3.08434300677618e-06,0.00226368336006999,0.0023755551292197197,0.00010878742614295334,0.0001952165475813672,0
38200,0.00026915097259916365,0.00018220064521301538,0.016268111765384674,7.432386875152588,0.00026915097259916365,0.00016802731261122972,0.0,0.0,3.826783995464211e-06,0.002237460110336542,0.0024234875395450217,0.00018220064521301538,0.00026915097259916365,0
38400,0.00019400972814764827,0.00010784765618154779,0.017521418631076813,7.347149848937988,0.00019400972814764827,7.566598651465029e-05,0.0,0.0,3.0619789868069347e-06,0.0022658375091850758,0.0023767471443534305,0.00010784765618154779,0.00019400972814764827,1
38600,0.00019377800344955176,0.00010778482828754932,0.017504965886473656,7.3411149978637695,0.00019377800344955176,7.539357466157526e-05,0.0,0.0,3.0598243938584346e-06,0.002265480812638998,0.0023763254653204058,0.00010778482828754932,0.00019377800344955176,1
38800,0.00019367143977433443,0.00010807699436554685,0.017514215782284737,7.340333461761475,0.00019367143977433443,7.973705214681104e-05,0.0,0.0,3.0590247206419008e-06,0.0022662358824163675,0.0023773719015025563,0.00010807699436554685,0.00019367143977433443,0
39000,0.00022122681548353285,0.0001367875374853611,0.017274444922804832,7.380611896514893,0.00022122681548353285,0.00015886480105109513,0.0,0.0,3.3375547445757547e-06,0.002255938947200775,0.002396064039430712,0.0001367875374853611,0.00022122681548353285,0
39200,0.00019502300710882992,0.00010927263065241277,0.017262643203139305,7.326880931854248,0.00019502300710882992,8.773418085183948e-05,0.0,0.0,3.0945764137868537e-06,0.0022597883362323046,0.002372155543298504,0.00010927263065241277,0.00019502300710882992,0
39400,0.00020694731210824102,0.00012080705346306786,0.016949469223618507,7.335275650024414,0.00020694731210824102,0.00010968609421979636,0.0,0.0,3.2330251542589394e-06,0.00225134938955307,0.002375389468170397,0.00012080705346306786,0.00020694731210824102,0
39600,0.00019296743266750127,0.0001075794716598466,0.01737145334482193,7.328313827514648,0.00019296743266750127,8.130555943353102e-05,0.0,0.0,3.058997663174523e-06,0.0022625827696174383,0.0023732212389404594,0.0001075794716598466,0.00019296743266750127,1
39800,0.0001926776603795588,0.00010742874292191118,0.01739656552672386,7.319815158843994,0.0001926776603795588,7.822331099305302e-05,0.0,0.0,3.052140073123155e-06,0.002264081733301282,0.0023745626162963163,0.00010742874292191118,0.0001926776603795588,1
40000,0.0001924820098793134,0.00010739453136920929,0.017382856458425522,7.314435005187988,0.0001924820098793134,7.813257252564654e-05,0.0,0.0,3.0503974812745582e-06,0.002263892674818635,0.002374337603669119,0.00010739453136920929,0.0001924820098793134,1
40200,0.00019240005349274725,0.00010729373752838,0.01730281114578247,7.310845375061035,0.00019240005349274725,7.849276880733669e-05,0.0,0.0,3.0548765153071145e-06,0.002261393703520298,0.002371742317563985,0.00010729373752838,0.00019240005349274725,1
40400,0.00019981163495685905,0.00011466352589195594,0.016910644248127937,7.28802490234375,0.00019981163495685905,9.236583719030023e-05,0.0,0.0,3.1598947316524573e-06,0.0022510099224746227,0.002368833343098231,0.00011466352589195594,0.00019981163495685905,0
40600,0.0001919853821163997,0.00010721645958255976,0.017331942915916443,7.3067708015441895,0.0001919853821163997,7.978011853992939e-05,0.0,0.0,3.0468968361674342e-06,0.002263242844492197,0.0023735062009109242,0.00010721645958255976,0.0001919853821163997,1
40800,0.00019181243260391057,0.00010718357953010127,0.01731836050748825,7.301575660705566,0.00019181243260391057,7.954939064802602e-05,0.0,0.0,3.0454789339273702e-06,0.0022630528546869755,0.002373281913151004,0.00010718357953010127,0.00019181243260391057,1
41000,0.0001917357585625723,0.00010725487663876265,0.01726536825299263,7.301089763641357,0.0001917357585625723,8.256091678049415e-05,0.0,0.0,3.0483790851576487e-06,0.002260989509522915,0.002371292765246835,0.00010725487663876265,0.0001917357585625723,0
41200,0.00026808149414137006,0.0001822353369789198,0.016240494325757027,7.371429920196533,0.00026808149414137006,0.0002073483046842739,0.0,0.0,3.8021134969312698e-06,0.0022328710183501244,0.0024189084688259754,0.0001822353369789198,0.00026808149414137006,0
41400,0.00019137283379677683,0.0001070465223165229,0.01727486215531826,7.294589996337891,0.00019137283379677683,8.114121010294184e-05,0.0,0.0,3.042281832676963e-06,0.0022626477293670177,0.0023727365335162176,0.0001070465223165229,0.00019137283379677683,1
41600,0.00019121365039609373,0.0001070136422640644,0.017263228073716164,7.289671897888184,0.00019121365039609373,8.083936700131744e-05,0.0,0.0,3.040747515115072e-06,0.0022625154815614223,0.002372569871340602,0.0001070136422640644,0.00019121365039609373,1
41800,0.00019106510444544256,0.00010698682308429852,0.017255939543247223,7.284733772277832,0.00019106510444544256,8.017660002224147e-05,0.0,0.0,3.0387507194973296e-06,0.002262757858261466,0.002372783432065262,0.00010698682308429852,0.00019106510444544256,1
42000,0.0001917112822411582,0.00010734357056207955,0.017049074172973633,7.284632205963135,0.0001917112822411582,8.391383016714826e-05,0.0,0.0,3.06224069390737e-06,0.0022553277667611837,0.0023657335780171707,0.00010734357056207955,0.0001917112822411582,0
42200,0.00019577705825213343,0.0001123828551499173,0.017681429162621498,7.214449882507324,0.00019577705825213343,5.960224007139914e-05,0.0,0.0,3.042686103071901e-06,0.0022875668946653605,0.0024029924359183497,0.0001123828551499173,0.00019577705825213343,0
42400,0.0001906508405227214,0.0001068519486580044,0.01721007749438286,7.279929161071777,0.0001906508405227214,8.258534217020497e-05,0.0,0.0,3.036584075744031e-06,0.002261984394863248,0.0023718729275969963,0.0001068519486580044,0.0001906508405227214,1
42600,0.00019050517585128546,0.00010682641732273623,0.017200225964188576,7.274879455566406,0.00019050517585128546,8.235241693910211e-05,0.0,0.0,3.0351925488503184e-06,0.0022618898656219244,0.002371751475493511,0.00010682641732273623,0.00019050517585128546,1
42800,0.0001903905940707773,0.00010679082333808765,0.01719023659825325,7.26849365234375,0.0001903905940707773,7.983032992342487e-05,0.0,0.0,3.032570020877756e-06,0.0022618172224611044,0.00237164061582007,0.00010679082333808765,0.0001903905940707773,1
43000,0.00019099254859611392,0.0001075790059985593,0.0171351358294487,7.271332263946533,0.00019099254859611392,9.216439502779394e-05,0.0,0.0,3.0490468816424254e-06,0.002259940607473254,0.002370568660353456,0.0001075790059985593,0.00019099254859611392,0
43200,0.00019011078984476626,0.00010674254008335993,0.01717999018728733,7.263738632202148,0.00019011078984476626,8.18103872006759e-05,0.0,0.0,3.030091647815425e-06,0.0022622894030064344,0.00237206203473761,0.00010674254008335993,0.00019011078984476626,1
43400,0.00019030972907785326,0.00010702922008931637,0.01708962395787239,7.267900466918945,0.00019030972907785326,8.945648005465046e-05,0.0,0.0,3.0410376439249376e-06,0.002258290071040392,0.0023683603287736332,0.00010702922008931637,0.00019030972907785326,0
43600,0.0002505581942386925,0.000166578363860026,0.018261102959513664,7.133737564086914,0.0002505581942386925,2.694932663871441e-05,0.0,0.0,3.417992274989956e-06,0.0023291257675737143,0.00249912212370873,0.000166578363860026,0.0002505581942386925,0
43800,0.0001897253969218582,0.00010661379928933457,0.017130360007286072,7.2599968910217285,0.0001897253969218582,8.424175757681951e-05,0.0,0.0,3.029027311640675e-06,0.0022612845059484243,0.0023709273325493996,0.00010661379928933457,0.0001897253969218582,1
44000,0.00018959531735163182,0.00010659190593287349,0.017121881246566772,7.255593299865723,0.00018959531735163182,8.411329326918349e-05,0.0,0.0,3.027745151484851e-06,0.002261207439005375,0.0023708270900897332,0.00010659190593287349,0.00018959531735163182,1
44200,0.00018947555508930236,0.00010655049118213356,0.01711145043373108,7.252568244934082,0.00018947555508930236,8.384342072531581e-05,0.0,0.0,3.0266046451288275e-06,0.002261234214529395,0.0023708113103566575,0.00010655049118213356,0.00018947555508930236,1
44400,0.00018936640117317438,0.00010654055222403258,0.017096703872084618,7.248968124389648,0.00018936640117317438,8.455991337541491e-05,0.0,0.0,3.0264102406363236e-06,0.002260879846289754,0.002370446808754423,0.00010654055222403258,0.00018936640117317438,1
44600,0.00018926580378320068,0.00010652894707163796,0.017068516463041306,7.248568534851074,0.00018926580378320068,8.651902317069471e-05,0.0,0.0,3.027492766705109e-06,0.0022598723880946636,0.0023694288279330067,0.00010652894707163796,0.00018926580378320068,1
44800,0.0001926866825670004,0.00011041435936931521,0.017519764602184296,7.196058750152588,0.0001926866825670004,7.01097451383248e-05,0.0,0.0,3.0255391720857006e-06,0.002286796225234866,0.002400236123776267,0.00011041435936931521,0.0001926866825670004,0
45000,0.0001889875711640343,0.0001064209354808554,0.017066333442926407,7.244560718536377,0.0001889875711640343,8.57674895087257e-05,0.0,0.0,3.023064664375852e-06,0.0022607389837503433,0.0023701829838955746,0.0001064209354808554,0.0001889875711640343,1
45200,0.00018887492478825152,0.00010640251275617629,0.0170644149184227,7.2389655113220215,0.00018887492478825152,8.525235170964152e-05,0.0,0.0,3.021504653588636e-06,0.002260853536427021,0.002370277553836786,0.00010640251275617629,0.00018887492478825152,1
45400,0.00018877758702728897,0.0001063765594153665,0.017060071229934692,7.233222007751465,0.00018877758702728897,8.40471257106401e-05,0.0,0.0,3.019917585334042e-06,0.002261092886328697,0.0023704893633293977,0.0001063765594153665,0.00018877758702728897,1
45600,0.00018889382772613317,0.00010691938950913027,0.01715836115181446,7.231080055236816,0.00018889382772613317,8.885619172360748e-05,0.0,0.0,3.0174010134942364e-06,0.0022657017689198256,0.00237563855944245,0.00010691938950913027,0.00018889382772613317,0
45800,0.00021234748419374228,0.00012998352758586407,0.017777083441615105,7.138762950897217,0.00021234748419374228,4.443146463017911e-05,0.0,0.0,3.1490296805714024e-06,0.0023057530634105206,0.002438885620676956,0.00012998352758586407,0.00021234748419374228,0
46000,0.0001884302037069574,0.00010628393647493795,0.017027171328663826,7.2302775382995605,0.0001884302037069574,8.629428339190781e-05,0.0,0.0,3.0178596261976054e-06,0.002260637003928423,0.0023699388000295585,0.00010628393647493795,0.0001884302037069574,1
46200,0.00018832307250704616,0.00010626816947478801,0.017023080959916115,7.225193023681641,0.00018832307250704616,8.598761633038521e-05,0.0,0.0,3.016567688973737e-06,0.0022607282735407352,0.002370013010704497,0.00010626816947478801,0.00018832307250704616,1
46400,0.00018823801656253636,0.00010621894762152806,0.016972767189145088,7.221765041351318,0.00018823801656253636,8.610760414740071e-05,0.0,0.0,3.018488314410206e-06,0.0022585608530789614,0.0023677982890148996,0.00010621894762152806,0.00018823801656253636,1
46600,0.00018988123338203877,0.00010863754141610116,0.017155706882476807,7.189937114715576,0.00018988123338203877,9.841746941674501e-05,0.0,0.0,3.033217353731743e-06,0.0022695250809192657,0.0023811958396890986,0.00010863754141610116,0.00018988123338203877,0
46800,0.00018798203382175416,0.00010615922656143084,0.016994042322039604,7.221007347106934,0.00018798203382175416,8.730159606784582e-05,0.0,0.0,3.0138787678879453e-06,0.0022605869453400373,0.002369760050669356,0.00010615922656143084,0.00018798203382175416,1
47000,0.0002930024347733706,0.00021002106950618327,0.018377158790826797,7.076860427856445,0.0002930024347733706,2.0225232219672762e-05,0.0,0.0,3.7405980037874542e-06,0.0023526663426309824,0.002566428010140953,0.00021002106950618327,0.0002930024347733706,0
47200,0.0001880776835605502,0.00010642209963407367,0.017049990594387054,7.208487033843994,0.0001880776835605502,8.11035861261189e-05,0.0,0.0,3.006454107890022e-06,0.0022641022223979235,0.002373530776139887,0.00010642209963407367,0.0001880776835605502,0
47400,0.0001876684691524133,0.00010607957665342838,0.016972346231341362,7.211489200592041,0.0001876684691524133,8.733155118534341e-05,0.0,0.0,3.0109354156593326e-06,0.002260475419461727,0.002369565931530815,0.00010607957665342838,0.0001876684691524133,1
47600,0.00018754722259473056,0.00010605801799101755,0.016966907307505608,7.2049713134765625,0.00018754722259473056,8.695535507285967e-05,0.0,0.0,3.009686906807474e-06,0.0022604246623814106,0.0023694923672792356,0.00010605801799101755,0.00018754722259473056,1
47800,0.0001877134054666385,0.00010642113193171099,0.01692204922437668,7.2118377685546875,0.0001877134054666385,9.410786151420325e-05,0.0,0.0,3.0164237614371814e-06,0.002257954329252243,0.002367391884945391,0.00010642113193171099,0.0001877134054666385,0
48000,0.0002739044721238315,0.00019157002680003643,0.018315859138965607,7.040606498718262,0.0002739044721238315,2.252612466691062e-05,0.0,0.0,3.588312210922595e-06,0.0023501182440668344,0.0025452765830777935,0.00019157002680003643,0.0002739044721238315,0
48200,0.00018722433014772832,0.00010594160994514823,0.01694265939295292,7.200582027435303,0.00018722433014772832,8.774395973887295e-05,0.0,0.0,3.00672763842158e-06,0.0022603077813982964,0.002369256118981866,0.00010594160994514823,0.00018722433014772832,1
48400,0.0001871220738394186,0.00010591516183922067,0.016933588311076164,7.19662618637085,0.0001871220738394186,8.778400660958141e-05,0.0,0.0,3.0060286917432677e-06,0.002260221866890788,0.002369143057421752,0.00010591516183922067,0.0001871220738394186,1
48600,0.00018771713075693697,0.00010652651690179482,0.0168298427015543,7.2051496505737305,0.00018771713075693697,9.714697080198675e-05,0.0,0.0,3.0223827707231976e-06,0.0022556143812835217,0.0023651632809560397,0.00010652651690179482,0.00018771713075693697,0
48800,0.00018749844457488507,0.00010639250103849918,0.016845103353261948,7.196354866027832,0.00018749844457488507,9.49984387261793e-05,0.0,0.0,3.018983306901646e-06,0.0022568453568965197,0.0023662568412419205,0.00010639250103849918,0.00018749844457488507,0
49000,0.00018681184155866504,0.0001058314010151662,0.016911447048187256,7.188755512237549,0.00018681184155866504,8.841466478770599e-05,0.0,0.0,3.0033929760975298e-06,0.0022600919473916292,0.002368926741382893,0.0001058314010151662,0.00018681184155866504,1
49200,0.0001866919337771833,0.00010582226241240278,0.016925519332289696,7.182897090911865,0.0001866919337771833,8.730652916710824e-05,0.0,0.0,3.000357764904038e-06,0.0022609287407249212,0.002369751360902228,0.00010582226241240278,0.0001866919337771833,1
49400,0.00018664609524421394,0.00010591788304736838,0.01689787581562996,7.186509609222412,0.00018664609524421394,9.195649909088388e-05,0.0,0.0,3.003184247063473e-06,0.0022592213936150074,0.0023681424609094393,0.00010591788304736838,0.00018664609524421394,0
49600,0.00023374235024675727,0.00015415028610732406,0.018215306103229523,7.073912143707275,0.00023374235024675727,3.460948937572539e-05,0.0,0.0,3.2798602660477627e-06,0.002349758753553033,0.0025071888999264047,0.00015415028610732406,0.00023374235024675727,0
49800,0.00018633993749972433,0.0001056593464454636,0.016885772347450256,7.180688381195068,0.00018633993749972433,8.847514254739508e-05,0.0,0.0,2.998305717483163e-06,0.002259923378005624,0.0023685810301685706,0.0001056593464454636,0.00018633993749972433,1
50000,0.00018624242511577904,0.00010562966781435534,0.016880305483937263,7.178421974182129,0.00018624242511577904,8.866551070241258e-05,0.0,0.0,2.9973355140100466e-06,0.0022599403746426105,0.002368567377970976,0.00010562966781435534,0.00018624242511577904,1
50200,0.00018613674910739064,0.0001055940447258763,0.01687541976571083,7.175188064575195,0.00018613674910739064,8.8551540102344e-05,0.0,0.0,2.9961361178720836e-06,0.0022599517833441496,0.002368541964187898,0.0001055940447258763,0.00018613674910739064,1
50400,0.00018602718773763627,0.00010556120832916349,0.016868947073817253,7.171749591827393,0.00018602718773763627,8.872948819771409e-05,0.0,0.0,2.9951515898574144e-06,0.0022598514333367348,0.0023684077932557557,0.00010556120832916349,0.00018602718773763627,1
50600,0.0001859047042671591,0.00010549912258284166,0.01685279607772827,7.1706695556640625,0.0001859047042671591,8.866673306329176e-05,0.0,0.0,2.9947100301797036e-06,0.0022593382745981216,0.002367832107211143,0.00010549912258284166,0.0001859047042671591,1
50800,0.00018579541938379407,0.00010547860438236967,0.016857413575053215,7.167848110198975,0.00018579541938379407,8.85219342308119e-05,0.0,0.0,2.9926411571068456e-06,0.0022597070783376694,0.002368178323877146,0.00010547860438236967,0.00018579541938379407,1
51000,0.00018568320956546813,0.00010544172255322337,0.01685110479593277,7.16421365737915,0.00018568320956546813,8.864599658409134e-05,0.0,0.0,2.9915986488049384e-06,0.0022595359478145838,0.002367969269016612,0.00010544172255322337,0.00018568320956546813,1
51200,0.00018555978022050112,0.00010541732626734301,0.016857629641890526,7.155394554138184,0.00018555978022050112,8.729218097869307e-05,0.0,0.0,2.9890177302149823e-06,0.002260037697851658,0.002368444041849216,0.00010541732626734301,0.00018555978022050112,1
51400,0.00018870714120566845,0.00010841574112419039,0.017125388607382774,7.114418983459473,0.00018870714120566845,6.68499487801455e-05,0.0,0.0,2.9945924779894995e-06,0.0022787677589803934,0.0023901780925825733,0.00010841574112419039,0.00018870714120566845,0
51600,0.00019061556668020785,0.00011030500900233164,0.017284927889704704,7.100773334503174,0.00019061556668020785,6.381577259162441e-05,0.0,0.0,3.002840003318852e-06,0.00228892988525331,0.0024022377342589607,0.00011030500900233164,0.00019061556668020785,0
51800,0.00018522246682550758,0.00010523136734263971,0.016806192696094513,7.161259651184082,0.00018522246682550758,8.984316809801385e-05,0.0,0.0,2.9885557069064816e-06,0.002258428605273366,0.002366648528322912,0.00010523136734263971,0.00018522246682550758,1
52000,0.00018508726498112082,0.00010520777141209692,0.016820399090647697,7.153058052062988,0.00018508726498112082,8.870009332895279e-05,0.0,0.0,2.9853952128178207e-06,0.0022590262815356255,0.00236721944816054,0.00010520777141209692,0.00018508726498112082,1
52200,0.0001849754189606756,0.00010517128248466179,0.016816355288028717,7.1503424644470215,0.0001849754189606756,8.877486834535375e-05,0.0,0.0,2.984214916068595e-06,0.002259026048704982,0.002367181546105712,0.00010517128248466179,0.0001849754189606756,1
52400,0.00018487144552636892,0.00010510811989661306,0.016793521121144295,7.147463321685791,0.00018487144552636892,8.918334788177162e-05,0.0,0.0,2.9844477467122488e-06,0.002258131979033351,0.0023662245466766763,0.00010510811989661306,0.00018487144552636892,1
52600,0.00018472150259185582,0.00010520264186197892,0.01685800775885582,7.142048358917236,0.00018472150259185582,8.681571489432827e-05,0.0,0.0,2.9753912258456694e-06,0.0022607326973229647,0.0023689107304107893,0.00010520264186197892,0.00018472150259185582,0
52800,0.00036562763852998614,0.0002821444650180638,0.015025372616946697,7.300817012786865,0.00036562763852998614,0.0002820791269186884,0.0,0.0,4.698802968050586e-06,0.0022241631522774696,0.002511006420263584,0.0002821444650180638,0.00036562763852998614,0
53000,0.00018448929768055677,0.00010496596223674715,0.016789346933364868,7.144935607910156,0.00018448929768055677,8.88049034983851e-05,0.0,0.0,2.9792474833811866e-06,0.00225824024528265,0.0023661854550027783,0.00010496596223674715,0.00018448929768055677,1
53200,0.00018437490507494658,0.00010493933950783685,0.01679324358701706,7.135661602020264,0.00018437490507494658,8.822920062812045e-05,0.0,0.0,2.977399390147184e-06,0.002258394379168749,0.002366311118066733,0.00010493933950783685,0.00018437490507494658,1
53400,0.0002142488374374807,0.00013428120291791856,0.016279496252536774,7.176080703735352,0.0002142488374374807,0.000169886538060382,0.0,0.0,3.3037097182386788e-06,0.0022374421823769808,0.002375027095013138,0.00013428120291791856,0.0002142488374374807,0
53600,0.000184120683115907,0.00010480497439857572,0.01677110604941845,7.140346050262451,0.000184120683115907,8.886391879059374e-05,0.0,0.0,2.9754378374491353e-06,0.0022577245254069567,0.0023655049376429815,0.00010480497439857572,0.000184120683115907,1
53800,0.00018399790860712528,0.00010476277384441346,0.016766715794801712,7.134560585021973,0.00018399790860712528,8.87045607669279e-05,0.0,0.0,2.974039261971484e-06,0.0022574919275939465,0.0023652287407003314,0.00010476277384441346,0.00018399790860712528,1
54000,0.00018384895520284772,0.00010472926805960014,0.016761090606451035,7.133216381072998,0.00018384895520284772,9.044696344062686e-05,0.0,0.0,2.972841457449249e-06,0.0022569785360246897,0.002364680645541739,0.00010472926805960014,0.00018384895520284772,1
54200,0.00018678851483855397,0.00010769334039650857,0.017088918015360832,7.088360786437988,0.00018678851483855397,7.150375313358381e-05,0.0,0.0,2.974356220875052e-06,0.0022802005987614393,0.002390868295378823,0.00010769334039650857,0.00018678851483855397,0
54400,0.0001887948310468346,0.00011082704440923408,0.016941191628575325,7.168494701385498,0.0001887948310468346,0.0001287436025450006,0.0,0.0,3.0160729238559725e-06,0.002262932015582919,0.002376775132916009,0.00011082704440923408,0.0001887948310468346,0
54600,0.00020583492005243897,0.0001260599383385852,0.016214407980442047,7.170039653778076,0.00020583492005243897,0.00015674428141210228,0.0,0.0,3.2271002510242397e-06,0.0022351033985614777,0.002364390437151087,0.0001260599383385852,0.00020583492005243897,0
54800,0.00018434348748996854,0.0001054023377946578,0.0166128259152174,7.145759105682373,0.00018434348748996854,0.0001008929029922001,0.0,0.0,2.989779886775068e-06,0.0022501242347061634,0.0023585163523875963,0.0001054023377946578,0.00018434348748996854,0
55000,0.0001832041161833331,0.0001044081145664677,0.016730614006519318,7.128962516784668,0.0001832041161833331,8.859316585585475e-05,0.0,0.0,2.9655680009454954e-06,0.0022561061196029186,0.002363479802170332,0.0001044081145664677,0.0001832041161833331,1
55200,0.00018306264246348292,0.00010434834257466719,0.01672709546983242,7.1251726150512695,0.00018306264246348292,8.839115616865456e-05,0.0,0.0,2.963826091217925e-06,0.0022558807395398617,0.002363192908205747,0.00010434834257466719,0.00018306264246348292,1
55400,0.00018292588356416672,0.0001042846852215007,0.01672072522342205,7.121602535247803,0.00018292588356416672,8.817532943794504e-05,0.0,0.0,2.9623890895891236e-06,0.0022555517498403788,0.0023627988241514686,0.0001042846852215007,0.00018292588356416672,1
55600,0.00018275783804710954,0.00010429219400975853,0.016745710745453835,7.115687847137451,0.00018275783804710954,8.818913192953914e-05,0.0,0.0,2.9582311071862932e-06,0.0022563885431736708,0.0023636389682906156,0.00010429219400975853,0.00018275783804710954,0
55800,0.00018935595289804041,0.00011172382801305503,0.01693115197122097,7.133999824523926,0.00018935595289804041,0.0001297786511713639,0.0,0.0,3.0262408472481184e-06,0.0022634495981037617,0.002378199666964065,0.00011172382801305503,0.00018935595289804041,0
56000,0.0001824820355977863,0.00010406850924482569,0.01669841632246971,7.123404026031494,0.0001824820355977863,8.809647260932252e-05,0.0,0.0,2.9577972782135475e-06,0.002254511695355177,0.002361538001878216,0.00010406850924482569,0.0001824820355977863,1
56200,0.00018234607705380768,0.00010401482722954825,0.016699783504009247,7.117038726806641,0.00018234607705380768,8.770376007305458e-05,0.0,0.0,2.955807076432393e-06,0.00225429586134851,0.0023612664956544904,0.00010401482722954825,0.00018234607705380768,1
56400,0.00018217405886389315,0.00010401811596238986,0.016736578196287155,7.112602710723877,0.00018217405886389315,8.672439435031265e-05,0.0,0.0,2.9499335596483434e-06,0.002255420433357358,0.002362388482879396,0.00010401811596238986,0.00018217405886389315,0
56600,0.00024069275241345167,0.0001622413838049397,0.01756228506565094,6.980900287628174,0.00024069275241345167,2.248863165732473e-05,0.0,0.0,3.339342129038414e-06,0.0023232433013617992,0.0024888240272957773,0.0001622413838049397,0.00024069275241345167,0
56800,0.00018191552953794599,0.00010379706509411335,0.01667747087776661,7.1185994148254395,0.00018191552953794599,8.773390436545014e-05,0.0,0.0,2.9514762900362257e-06,0.002253175713121891,0.0023599242545060406,0.00010379706509411335,0.00018191552953794599,1
57000,0.00018176004232373089,0.0001037281981552951,0.016674736514687538,7.115150451660156,0.00018176004232373089,8.743533544475213e-05,0.0,0.0,2.949496320070466e-06,0.002252804348245263,0.0023594820427206287,0.0001037281981552951,0.00018176004232373089,1
57200,0.00018160726176574826,0.00010365727212047204,0.01667027175426483,7.111311912536621,0.00018160726176574826,8.720326150069013e-05,0.0,0.0,2.9477437237801496e-06,0.0022524171508848667,0.002359022166729119,0.00010365727212047204,0.00018160726176574826,1
57400,0.00018144449859391898,0.00010359429870732129,0.016660580411553383,7.109936714172363,0.00018144449859391898,8.808662823867053e-05,0.0,0.0,2.9463753890013322e-06,0.002251572674140334,0.0023581133482366567,0.00010359429870732129,0.00018144449859391898,1
57600,0.00018131321121472865,0.00010351922537665814,0.01665950007736683,7.112591743469238,0.00018131321121472865,8.823742246022448e-05,0.0,0.0,2.9460322821250884e-06,0.002251858590170741,0.0023583238478295243,0.00010351922537665814,0.00018131321121472865,1
57800,0.00018112646648660302,0.00010341993038309738,0.01664106361567974,7.110918998718262,0.00018112646648660302,8.774406160227954e-05,0.0,0.0,2.943314711956191e-06,0.002250127727165818,0.002356490972260872,0.00010341993038309738,0.00018112646648660302,1
58000,0.0001810532994568348,0.00010343224130338058,0.016598189249634743,7.111964702606201,0.0001810532994568348,8.994120435090736e-05,0.0,0.0,2.945747382909758e-06,0.002247719094157219,0.0023540970828435093,0.00010343224130338058,0.0001810532994568348,0
58200,0.00018283537065144628,0.00010386297799414024,0.016736244782805443,7.034661293029785,0.00018283537065144628,6.362069689203054e-05,0.0,0.0,2.9612726848426973e-06,0.002268675249069929,0.002375499499748912,0.00010386297799414024,0.00018283537065144628,0
58400,0.00018065345648210496,0.00010317866690456867,0.016632720828056335,7.110694408416748,0.00018065345648210496,8.619423897471279e-05,0.0,0.0,2.9371626624197233e-06,0.002249611308798194,0.0023557271383651823,0.00010317866690456867,0.00018065345648210496,1
58600,0.0001804907078621909,0.00010310181824024767,0.01663060113787651,7.108121871948242,0.0001804907078621909,8.58163257362321e-05,0.0,0.0,2.9349389478738885e-06,0.002249264856800437,0.0023553016139885585,0.00010310181824024767,0.0001804907078621909,1
58800,0.00018032135267276317,0.00010302525333827361,0.016623567789793015,7.104630470275879,0.00018032135267276317,8.58895291457884e-05,0.0,0.0,2.933295490947785e-06,0.00224853353574872,0.0023544920845779416,0.00010302525333827361,0.00018032135267276317,1
59000,0.00018016430840361863,0.00010300498979631811,0.016648905351758003,7.103474140167236,0.00018016430840361863,8.289061224786565e-05,0.0,0.0,2.9264888325997163e-06,0.002249289769679308,0.0023552212483082258,0.00010300498979631811,0.00018016430840361863,1
59200,0.00018129267846234143,0.00010433950228616595,0.016754893586039543,7.097747325897217,0.00018129267846234143,9.792082710191607e-05,0.0,0.0,2.9451982754835626e-06,0.0022548644337803125,0.002362149134341962,0.00010433950228616595,0.00018129267846234143,0
59400,0.00025241062394343317,0.00017473669140599668,0.017818240448832512,6.992164134979248,0.00025241062394343317,2.2194823031895794e-05,0.0,0.0,3.401931508051348e-06,0.002329479902982712,0.00250761852589676,0.00017473669140599668,0.00025241062394343317,0
59600,0.00017966503219213337,0.00010268956248182803,0.016596615314483643,7.110504627227783,0.00017966503219213337,8.520206029061228e-05,0.0,0.0,2.925955641330802e-06,0.002246371004730463,0.002351986522853622,0.00010268956248182803,0.00017966503219213337,1
59800,0.00017948838649317622,0.00010260591079713777,0.016594432294368744,7.107203960418701,0.00017948838649317622,8.476076618535444e-05,0.0,0.0,2.923623696915456e-06,0.0022458552848547697,0.002351384819348823,0.00010260591079713777,0.00017948838649317622,1
60000,0.00017931332695297897,0.0001025203600875102,0.01659303344786167,7.104607105255127,0.00017931332695297897,8.432447066297755e-05,0.0,0.0,2.9213215384515934e-06,0.0022454666905105114,0.002350908372136473,0.0001025203600875102,0.00017931332695297897,1
60200,0.00017913022020366043,0.0001025182064040564,0.016632046550512314,7.10302734375,0.00017913022020366043,8.28076881589368e-05,0.0,0.0,2.9149960028007627e-06,0.0022467682138085365,0.0023522014162153937,0.0001025182064040564,0.00017913022020366043,1
60400,0.0001846209925133735,0.00010761788871604949,0.016890021041035652,7.046054840087891,0.0001846209925133735,5.6244898587465286e-05,0.0,0.0,2.9369509775278857e-06,0.00226616021245718,0.0023767150521507574,0.00010761788871604949,0.0001846209925133735,0
60600,0.00017937108350452036,0.00010278736590407789,0.01663861609995365,7.102505683898926,0.00017937108350452036,7.5204559834674e-05,0.0,0.0,2.9110494779160945e-06,0.0022479835897684097,0.0023536820051504037,0.00010278736590407789,0.00017937108350452036,0
60800,0.00017862093227449805,0.00010216555529041216,0.016561180353164673,7.1083269119262695,0.00017862093227449805,8.363938104594126e-05,0.0,0.0,2.9139719117665663e-06,0.002242826856672764,0.0023479063838749425,0.00010216555529041216,0.00017862093227449805,1
61000,0.00017845728143583983,0.00010208486492047086,0.01655976101756096,7.1079792976379395,0.00017845728143583983,8.331111894221976e-05,0.0,0.0,2.9117813937773462e-06,0.0022424194030463696,0.0023474160493606178,0.00010208486492047086,0.00017845728143583983,1
61200,0.00017827075498644263,0.00010199321695836261,0.0165580902248621,7.104196071624756,0.00017827075498644263,8.245632488979027e-05,0.0,0.0,2.909251634264365e-06,0.0022419472225010395,0.0023468496910936665,0.00010199321695836261,0.00017827075498644263,1
61400,0.00017877483332995325,0.00010244116128887981,0.016426173970103264,7.115684509277344,0.00017877483332995325,9.120495087699965e-05,0.0,0.0,2.9271691346366424e-06,0.0022352507803589106,0.002340619110782427,0.00010244116128887981,0.00017877483332995325,0
61600,0.00017892912728711963,0.00010262666182825342,0.016682501882314682,7.059082984924316,0.00017892912728711963,7.157329673646018e-05,0.0,0.0,2.909661589001189e-06,0.002252677921205759,0.0023582142446230137,0.00010262666182825342,0.00017892912728711963,0
61800,0.00017790983838494867,0.00010213469067821279,0.016647620126605034,7.115007400512695,0.00017790983838494867,8.430381421931088e-05,0.0,0.0,2.898213779189973e-06,0.0022451600525528193,0.002350192957010222,0.00010213469067821279,0.00017790983838494867,0
62000,0.00017980420670937747,0.00010300273424945772,0.016322480514645576,7.086291313171387,0.00017980420670937747,8.481166150886565e-05,0.0,0.0,2.9556615572801093e-06,0.002237457549199462,0.0023434159450061998,0.00010300273424945772,0.00017980420670937747,0
62200,0.00017981922428589314,0.0001036282628774643,0.01640406623482704,7.088470935821533,0.00017981922428589314,9.14885094971396e-05,0.0,0.0,2.94611004392209e-06,0.002236459869891405,0.0023430342428127915,0.0001036282628774643,0.00017981922428589314,0
62400,0.00017723441123962402,0.00010146798013010994,0.01651895046234131,7.115799903869629,0.00017723441123962402,8.115985838230699e-05,0.0,0.0,2.8972019663342508e-06,0.002237997017800808,0.002342362199897252,0.00010146798013010994,0.00017723441123962402,1
62600,0.00017703937191981822,0.00010136565106222406,0.01650475338101387,7.114911079406738,0.00017703937191981822,8.155204704962671e-05,0.0,0.0,2.8959896098967874e-06,0.002236745785921812,0.002341007426593933,0.00010136565106222406,0.00017703937191981822,1
62800,0.00017683906480669975,0.00010126177221536636,0.016500990837812424,7.111577033996582,0.00017683906480669975,8.080881525529549e-05,0.0,0.0,2.8934271085745422e-06,0.002236101543530822,0.0023402567428547627,0.00010126177221536636,0.00017683906480669975,1
63000,0.00017664099868852645,0.00010120116348844022,0.016517044976353645,7.109765529632568,0.00017664099868852645,7.994256884558126e-05,0.0,0.0,2.889318011511932e-06,0.002236432395875454,0.002340522877375406,0.00010120116348844022,0.00017664099868852645,1
63200,0.00017741062038112432,0.00010194328206125647,0.01660020463168621,7.095366954803467,0.00017741062038112432,6.830137135693803e-05,0.0,0.0,2.884728246499435e-06,0.002241656882688403,0.002346484892996159,0.00010194328206125647,0.00017741062038112432,0
63400,0.00017701515753287822,0.00010110410221386701,0.016543462872505188,7.074071407318115,0.00017701515753287822,6.966114597162232e-05,0.0,0.0,2.8968115657335147e-06,0.002244323957711458,0.0023483248714910587,0.00010110410221386701,0.00017701515753287822,1
63600,0.00019510950369294733,0.00011938883835682645,0.01657661236822605,7.021822929382324,0.00019510950369294733,3.1496278097620234e-05,0.0,0.0,3.0045782750676153e-06,0.0022535533644258976,0.0023759467810577917,0.00011938883835682645,0.00019510950369294733,0
63800,0.00017599595594219863,0.00010082768858410418,0.016474811360239983,7.122233867645264,0.00017599595594219863,7.88820325396955e-05,0.0,0.0,2.8829069833591348e-06,0.00223319954238832,0.0023369101379557833,0.00010082768858410418,0.00017599595594219863,1
64000,0.00017579957784619182,0.00010072575241792947,0.016459891572594643,7.121293067932129,0.00017579957784619182,7.950779399834573e-05,0.0,0.0,2.881949285438168e-06,0.002231795806437731,0.0023354035081410984,0.00010072575241792947,0.00017579957784619182,1
64200,0.00017561024287715554,0.00010063358786283061,0.016457315534353256,7.120532035827637,0.00017561024287715554,7.885490049375221e-05,0.0,0.0,2.87946227217617e-06,0.0022311306092888117,0.0023346436594238185,0.00010063358786283061,0.00017561024287715554,1
64400,0.0001754332915879786,0.00010054190352093428,0.016448579728603363,7.1213297843933105,0.0001754332915879786,7.875592564232647e-05,0.0,0.0,2.8776639737770893e-06,0.0022301762364804745,0.002333595803975186,0.00010054190352093428,0.0001754332915879786,1
64600,0.00017522950656712055,0.00010044177179224789,0.016424527391791344,7.118165016174316,0.00017522950656712055,7.907395774964243e-05,0.0,0.0,2.8770157314284006e-06,0.002228172030299902,0.0023314908178235783,0.00010044177179224789,0.00017522950656712055,1
64800,0.00017514768114779145,0.00010036360617959872,0.016450271010398865,7.1168131828308105,0.00017514768114779145,7.677680696360767e-05,0.0,0.0,2.8747704163833987e-06,0.0022302346769720316,0.0023334730535680137,0.00010036360617959872,0.00017514768114779145,1
65000,0.00017533308709971607,0.0001006749807856977,0.01650257781147957,7.113379955291748,0.00017533308709971607,6.945140194147825e-05,0.0,0.0,2.866656132027856e-06,0.002232854487374425,0.0023363961242921505,0.0001006749807856977,0.00017533308709971607,0
65200,0.00017539929831400514,0.00010081262735184282,0.016557985916733742,7.103270053863525,0.00017539929831400514,6.815260712755844e-05,0.0,0.0,2.8641579774557613e-06,0.002235917141661048,0.0023395939269903465,0.00010081262735184282,0.00017539929831400514,0
65400,0.00017630461661610752,0.00010189269232796505,0.016492167487740517,7.109596252441406,0.00017630461661610752,9.045121259987354e-05,0.0,0.0,2.895543047998217e-06,0.002232123864814639,0.0023369121001906024,0.00010189269232796505,0.00017630461661610752,0
65600,0.0001748009817674756,0.00010044483497040346,0.016497433185577393,7.126824378967285,0.0001748009817674756,7.091226143529639e-05,0.0,0.0,2.8593872229976114e-06,0.0022308039478957653,0.0023341081700891664,0.00010044483497040346,0.0001748009817674756,0
65800,0.00017423322424292564,9.991335537051782e-05,0.016401199623942375,7.135122776031494,0.00017423322424292564,7.695663225604221e-05,0.0,0.0,2.8642243705689907e-06,0.0022249282337725163,0.002327705813513603,9.991335537051782e-05,0.00017423322424292564,1
66000,0.00017404289974365383,9.981807670556009e-05,0.016397949308156967,7.132525444030762,0.00017404289974365383,7.635507790837437e-05,0.0,0.0,2.861824668798363e-06,0.002224165014922619,0.0023268449162969773,9.981807670556009e-05,0.00017404289974365383,1
66200,0.00017387587286066264,9.973072883440182e-05,0.016394520178437233,7.133429527282715,0.00017387587286066264,7.600458775414154e-05,0.0,0.0,2.859935420929105e-06,0.002223576419055462,0.002326167083310793,9.973072883440182e-05,0.00017387587286066264,1
66400,0.00017371268768329173,9.964493801817298e-05,0.016362592577934265,7.135603904724121,0.00017371268768329173,7.702739821979776e-05,0.0,0.0,2.8603265036508674e-06,0.002221133094280958,0.002323638358802782,9.964493801817298e-05,0.00017371268768329173,1
66600,0.00017359787307213992,9.951795072993264e-05,0.01640845090150833,7.125952243804932,0.00017359787307213992,7.28199229342863e-05,0.0,0.0,2.855597585948999e-06,0.002223791554570198,0.0023261651028860797,9.951795072993264e-05,0.00017359787307213992,1
66800,0.0001746152702253312,0.00010062786168418825,0.01622668281197548,7.160708904266357,0.0001746152702253312,8.764547237660736e-05,0.0,0.0,2.881753971450962e-06,0.0022136140614748,0.0023171236771304393,0.00010062786168418825,0.0001746152702253312,0
67000,0.00017322527128271759,9.9391327239573e-05,0.01636434532701969,7.143045902252197,0.00017322527128271759,7.503393135266379e-05,0.0,0.0,2.8527224458230194e-06,0.0022203826811164618,0.0023226267308018578,9.9391327239573e-05,0.00017322527128271759,1
67200,0.00017306170775555074,9.930077794706449e-05,0.01635976880788803,7.1421966552734375,0.00017306170775555074,7.457807805621997e-05,0.0,0.0,2.8507752176665235e-06,0.0022196078207343817,0.0023217593738991127,9.930077794706449e-05,0.00017306170775555074,1
67400,0.00017289489915128797,9.920366574078798e-05,0.01635078527033329,7.141103744506836,0.00017289489915128797,7.41454932722263e-05,0.0,0.0,2.8493284389696782e-06,0.0022187591530382633,0.002320812147218021,9.920366574078798e-05,0.00017289489915128797,1
67600,0.0001726982300169766,9.906260675052181e-05,0.01633666269481182,7.141470432281494,0.0001726982300169766,7.174032361945137e-05,0.0,0.0,2.845836888809572e-06,0.0022177407518029213,0.0023196491954422527,9.906260675052181e-05,0.0001726982300169766,1
67800,0.00017470933380536735,0.00010083564120577648,0.01615118980407715,7.143843650817871,0.00017470933380536735,8.601704030297697e-05,0.0,0.0,2.8906474653922487e-06,0.0022114471066743135,0.0023151733953454823,0.00010083564120577648,0.00017470933380536735,0
68000,0.00024424330331385136,0.00016994871839415282,0.01747879572212696,7.028928279876709,0.00024424330331385136,1.8976666979142465e-05,0.0,0.0,3.3114879443019163e-06,0.0022974053863435984,0.002470665592682053,0.00016994871839415282,0.00024424330331385136,0
68200,0.0001722965098451823,9.890108049148694e-05,0.016329271718859673,7.153199195861816,0.0001722965098451823,7.332965469686314e-05,0.0,0.0,2.8421673050615937e-06,0.002216020133346319,0.0023177633811428677,9.890108049148694e-05,0.0001722965098451823,1
68400,0.00017212297825608402,9.881219011731446e-05,0.01632770150899887,7.15029764175415,0.00017212297825608402,7.259744597831741e-05,0.0,0.0,2.8398162612575106e-06,0.002215319313108921,0.002316971319487493,9.881219011731446e-05,0.00017212297825608402,1
68600,0.0001719560386845842,9.872884402284399e-05,0.01633726991713047,7.148260116577148,0.0001719560386845842,7.057179027469829e-05,0.0,0.0,2.8358047075016657e-06,0.0022153970785439014,0.002316961727274247,9.872884402284399e-05,0.0001719560386845842,1
68800,0.00017312059935647994,9.964252240024507e-05,0.01616705022752285,7.1567254066467285,0.00017312059935647994,8.052025805227458e-05,0.0,0.0,2.8670031042565824e-06,0.0022075597662478685,0.00231006929175237,9.964252240024507e-05,0.00017312059935647994,0
69000,0.00017536946688778698,0.0001020132694975473,0.01617501489818096,7.132972717285156,0.00017536946688778698,8.574486128054559e-05,0.0,0.0,2.8983315587538527e-06,0.002211923012509942,0.002316834613566243,0.0001020132694975473,0.00017536946688778698,0
69200,0.0001715732942102477,9.850892092799768e-05,0.016298379749059677,7.161826133728027,0.0001715732942102477,7.189328607637435e-05,0.0,0.0,2.8342246878310107e-06,0.0022125751711428165,0.0023139183167586452,9.850892092799768e-05,0.0001715732942102477,1
69400,0.00017152981308754534,9.851151844486594e-05,0.016257083043456078,7.16837739944458,0.00017152981308754534,7.473178266081959e-05,0.0,0.0,2.8377719445416005e-06,0.0022098261397331953,0.002311175430122603,9.851151844486594e-05,0.00017152981308754534,0
69600,0.00017135856614913791,9.841509017860517e-05,0.016261117532849312,7.1693115234375,0.00017135856614913791,7.391014514723793e-05,0.0,0.0,2.834915903804358e-06,0.00220963335596025,0.0023108833620426594,9.841509017860517e-05,0.00017135856614913791,1
69800,0.0001711441291263327,9.828923793975264e-05,0.01628454215824604,7.166056156158447,0.0001711441291263327,7.110318256309256e-05,0.0,0.0,2.8291135549807223e-06,0.0022105302195996046,0.002311648571094338,9.828923793975264e-05,0.0001711441291263327,1
70000,0.00017096716328524053,9.82021665549837e-05,0.01628384180366993,7.161202907562256,0.00017096716328524053,7.021409692242742e-05,0.0,0.0,2.8265963010198902e-06,0.0022097656037658453,0.002310794366621849,9.82021665549837e-05,0.00017096716328524053,1
70200,0.0001708480849629268,9.813126234803349e-05,0.016289273276925087,7.162299156188965,0.0001708480849629268,6.912375101819634e-05,0.0,0.0,2.824107696142164e-06,0.0022098578047007322,0.002310813174744908,9.813126234803349e-05,0.0001708480849629268,1
70400,0.00017074262723326683,9.821374987950549e-05,0.016340088099241257,7.158079624176025,0.00017074262723326683,6.662481609964743e-05,0.0,0.0,2.817187350956374e-06,0.002211976330727339,0.0023130072679578007,9.821374987950549e-05,0.00017074262723326683,0
70600,0.00017142706201411784,9.867749031400308e-05,0.016127584502100945,7.1876068115234375,0.00017142706201411784,7.857022865209728e-05,0.0,0.0,2.8447193471947685e-06,0.002201055409386754,0.002302577619047952,9.867749031400308e-05,0.00017142706201411784,0
70800,0.00017047542496584356,9.792958007892594e-05,0.01625843532383442,7.173059940338135,0.00017047542496584356,6.963207124499604e-05,0.0,0.0,2.8214913072588388e-06,0.0022073090076446533,0.002308060079030838,9.792958007892594e-05,0.00017047542496584356,1
71000,0.0001703434536466375,9.786081500351429e-05,0.016255773603916168,7.172330856323242,0.0001703434536466375,6.929457595106214e-05,0.0,0.0,2.819836936396314e-06,0.002206600969657302,0.0023072816215972125,9.786081500351429e-05,0.0001703434536466375,1
71200,0.00017019364167936146,9.779609536053613e-05,0.0162669587880373,7.167284965515137,0.00017019364167936146,6.786576705053449e-05,0.0,0.0,2.816647793224547e-06,0.002206700388342142,0.0023073131314959028,9.779609536053613e-05,0.00017019364167936146,1
71400,0.00017040096281562,9.817483805818483e-05,0.016350382938981056,7.170665740966797,0.00017040096281562,7.222247222671285e-05,0.0,0.0,2.818764869516599e-06,0.00221075676381588,0.0023117503667435813,9.817483805818483e-05,0.00017040096281562,0
71600,0.00035281782038509846,0.0002783672825898975,0.018314890563488007,6.973303318023682,0.00035281782038509846,2.220013629994355e-05,0.0,0.0,4.119413006264949e-06,0.0023682001046836376,0.0026506868002798,0.0002783672825898975,0.00035281782038509846,0
71800,0.00016985721595119685,9.759594831848517e-05,0.016234761103987694,7.179330348968506,0.00016985721595119685,6.825286982348189e-05,0.0,0.0,2.814391109495773e-06,0.0022042919881641865,0.0023047023275921674,9.759594831848517e-05,0.00016985721595119685,1
72000,0.00016974227037280798,9.7532247309573e-05,0.016230551525950432,7.179909706115723,0.00016974227037280798,6.804026634199545e-05,0.0,0.0,2.8130766622780357e-06,0.00220363843254745,0.002303983756519301,9.7532247309573e-05,0.00016974227037280798,1
72200,0.00016960897482931614,9.746579598868266e-05,0.01622892916202545,7.177689552307129,0.00016960897482931614,6.743865378666669e-05,0.0,0.0,2.8112372092437e-06,0.002203029114753008,0.0023033061479509342,9.746579598868266e-05,0.00016960897482931614,1
72400,0.0001694718812359497,9.741722169565037e-05,0.01624305546283722,7.175150394439697,0.0001694718812359497,6.599717016797513e-05,0.0,0.0,2.807778173519182e-06,0.0022033448331058025,0.002303569832974972,9.741722169565037e-05,0.0001694718812359497,1
72600,0.0001720600703265518,9.986079385271296e-05,0.016496913507580757,7.132356643676758,0.0001720600703265518,5.195760604692623e-05,0.0,0.0,2.811977537930943e-06,0.0022240886464715004,0.0023267614178621443,9.986079385271296e-05,0.0001720600703265518,0
72800,0.00016930910351220518,9.728786972118542e-05,0.0162074975669384,7.189090251922607,0.00016930910351220518,6.728342123096809e-05,0.0,0.0,2.8085930807719706e-06,0.002201598836109042,0.0023016952989109996,9.728786972118542e-05,0.00016930910351220518,1
73000,0.00016917582252062857,9.722133836476132e-05,0.016209326684474945,7.185139179229736,0.00016917582252062857,6.65892512188293e-05,0.0,0.0,2.806460315696313e-06,0.0022009601816534996,0.0023009879803339572,9.722133836476132e-05,0.00016917582252062857,1
73200,0.00016907320241443813,9.717662032926455e-05,0.016215674579143524,7.1840081214904785,0.00016907320241443813,6.598477193620056e-05,0.0,0.0,2.8044689770467812e-06,0.0022008141968399286,0.00230079528614624,9.717662032926455e-05,0.00016907320241443813,1
73400,0.0001689429336693138,9.711096936371177e-05,0.01623007468879223,7.1760711669921875,0.0001689429336693138,6.262502574827522e-05,0.0,0.0,2.7994501579087228e-06,0.002200926188379526,0.0023008366079011466,9.711096936371177e-05,0.0001689429336693138,1
73600,0.00016897390014491975,9.714662883197889e-05,0.016228431835770607,7.191192150115967,0.00016897390014491975,6.373509677359834e-05,0.0,0.0,2.8000204110867344e-06,0.002201795345172286,0.0023017419944153517,9.714662883197889e-05,0.00016897390014491975,0
73800,0.0001687864714767784,9.700059308670461e-05,0.016190897673368454,7.192659378051758,0.0001687864714767784,6.592503632418811e-05,0.0,0.0,2.802224571496481e-06,0.0021990209352225065,0.0022988237528807076,9.700059308670461e-05,0.0001687864714767784,1
74000,0.00016865246288944036,9.694811888039112e-05,0.016195544973015785,7.1881103515625,0.00016865246288944036,6.527203368023038e-05,0.0,0.0,2.7999019494018285e-06,0.0021984782069921494,0.0022982262278219423,9.694811888039112e-05,0.00016865246288944036,1
74200,0.00016855288413353264,9.684773976914585e-05,0.016174806281924248,7.190114974975586,0.00016855288413353264,6.519585440400988e-05,0.0,0.0,2.8001072678307537e-06,0.002196961548179388,0.0022966093952163646,9.684773976914585e-05,0.00016855288413353264,1
74400,0.00016872803098522127,9.700121154310182e-05,0.01610429584980011,7.195560932159424,0.00016872803098522127,6.886237679282203e-05,0.0,0.0,2.8091685635445174e-06,0.002193125896155834,0.0022929362762624805,9.700121154310182e-05,0.00016872803098522127,0
74600,0.00017937232041731477,0.00010742674203356728,0.01662738434970379,7.115726947784424,0.00017937232041731477,3.5169585316907614e-05,0.0,0.0,2.8465101422625594e-06,0.0022319192066788673,0.002342192458854697,0.00010742674203356728,0.00017937232041731477,0
74800,0.00016832223627716303,9.67385494732298e-05,0.016175134107470512,7.199676036834717,0.00016832223627716303,6.455793482018635e-05,0.0,0.0,2.7963212687609484e-06,0.0021971038077026606,0.0022966386784446513,9.67385494732298e-05,0.00016832223627716303,1
75000,0.00016821769531816244,9.668056736700237e-05,0.01616818830370903,7.1985602378845215,0.00016821769531816244,6.458454299718142e-05,0.0,0.0,2.79561663774075e-06,0.0021962085738778114,0.0022956847578825545,9.668056736700237e-05,0.00016821769531816244,1
75200,0.00016807884094305336,9.661976946517825e-05,0.016169482842087746,7.1922287940979,0.00016807884094305336,6.380731792887673e-05,0.0,0.0,2.7934202080359682e-06,0.00219537946395576,0.0022947926536289742,9.661976946517825e-05,0.00016807884094305336,1
75400,0.00016822917677927762,9.691624291008338e-05,0.016267279163002968,7.18881368637085,0.00016822917677927762,5.98467122472357e-05,0.0,0.0,2.784721345960861e-06,0.00220031151548028,0.002300012479736324,9.691624291008338e-05,0.00016822917677927762,0
75600,0.00016937505279202014,9.756737563293427e-05,0.016050247475504875,7.190469741821289,0.00016937505279202014,7.137605280149728e-05,0.0,0.0,2.827694970619632e-06,0.002193835098296404,0.002294230168899958,9.756737563293427e-05,0.00016937505279202014,0
75800,0.00017054977070074528,9.90592670859769e-05,0.01597440242767334,7.229580879211426,0.00017054977070074528,8.07983087725006e-05,0.0,0.0,2.838045702446834e-06,0.0021846273448318243,0.002286524657620248,9.90592670859769e-05,0.00017054977070074528,0
76000,0.00016779691213741899,9.643632074585184e-05,0.016150645911693573,7.203329086303711,0.00016779691213741899,6.356887752190232e-05,0.0,0.0,2.7907626645173877e-06,0.002194211818277836,0.002293438901688205,9.643632074585184e-05,0.00016779691213741899,1
76200,0.00016768676869105548,9.638619667384773e-05,0.01615261100232601,7.199560642242432,0.00016768676869105548,6.293684418778867e-05,0.0,0.0,2.788895926641999e-06,0.002193693071603775,0.0022928681642042648,9.638619667384773e-05,0.00016768676869105548,1
76400,0.00016760255675762892,9.636088361730799e-05,0.0161639042198658,7.196515083312988,0.00016760255675762892,6.197830953169614e-05,0.0,0.0,2.78638549389143e-06,0.002193776424974203,0.0022929236940854025,9.636088361730799e-05,0.00016760255675762892,1
76600,0.0001675415551289916,9.634517482481897e-05,0.016137834638357162,7.199835777282715,0.0001675415551289916,6.380321428878233e-05,0.0,0.0,2.788521442198544e-06,0.00219184928573668,0.0022909829820036975,9.634517482481897e-05,0.0001675415551289916,1
76800,0.00016749859787523746,9.637859329814091e-05,0.016190633177757263,7.191992282867432,0.00016749859787523746,5.879080345039256e-05,0.0,0.0,2.7804687761090463e-06,0.0021948053035885096,0.0022939643656627595,9.637859329814091e-05,0.00016749859787523746,0
77000,0.00017612645751796663,0.00010509748972253874,0.016800282523036003,7.1434197425842285,0.00017612645751796663,4.228112084092572e-05,0.0,0.0,2.80913400274585e-06,0.002234431216493249,0.0023423378402185335,0.00010509748972253874,0.00017612645751796663,0
77200,0.00016734140808694065,9.616592433303595e-05,0.016132164746522903,7.208535194396973,0.00016734140808694065,6.225218385225162e-05,0.0,0.0,2.7852961466123816e-06,0.0021922888699918985,0.002291240090471547,9.616592433303595e-05,0.00016734140808694065,1
77400,0.0001672663347562775,9.612525172997266e-05,0.016129666939377785,7.20784330368042,0.0001672663347562775,6.214882887434214e-05,0.0,0.0,2.7844753276440315e-06,0.002191765932366252,0.0022906756594238686,9.612525172997266e-05,0.0001672663347562775,1
77600,0.00016718983533792198,9.608339314581826e-05,0.01612783968448639,7.207037925720215,0.00016718983533792198,6.192352157086134e-05,0.0,0.0,2.783511718007503e-06,0.0021913202945142984,0.002290187199378124,9.608339314581826e-05,0.00016718983533792198,1
77800,0.00016710239287931472,9.604060323908925e-05,0.01612815447151661,7.204980373382568,0.00016710239287931472,6.149827095214278e-05,0.0,0.0,2.782125648082001e-06,0.002190912840887904,0.0022897355697750754,9.604060323908925e-05,0.00016710239287931472,1
78000,0.00016702349239494652,9.600597695680335e-05,0.016133388504385948,7.20249605178833,0.00016702349239494652,6.0806472902186215e-05,0.0,0.0,2.7802827844425337e-06,0.0021907836198806763,0.002289569879621922,9.600597695680335e-05,0.00016702349239494652,1
78200,0.0001669457124080509,9.599813347449526e-05,0.016151554882526398,7.199392318725586,0.0001669457124080509,6.003864837111905e-05,0.0,0.0,2.7773396595875965e-06,0.002191015286371112,0.0022897907595051947,9.599813347449526e-05,0.0001669457124080509,1
78400,0.00016707144095562398,9.598771430319175e-05,0.016047483310103416,7.205465316772461,0.00016707144095562398,6.376888632075861e-05,0.0,0.0,2.787946414173348e-06,0.0021849488839507103,0.0022837245446680754,9.598771430319175e-05,0.00016707144095562398,1
78600,0.00019223976414650679,0.00012171249545644969,0.017199566587805748,7.11299467086792,0.00019223976414650679,3.073165862588212e-05,0.0,0.0,2.902397682191804e-06,0.002263511996716261,0.0023881268898549024,0.00012171249545644969,0.00019223976414650679,0
78800,0.00016678783867973834,9.583581413608044e-05,0.016108237206935883,7.210781097412109,0.00016678783867973834,6.083213520469144e-05,0.0,0.0,2.7790083549916744e-06,0.0021896285470575094,0.0022882433695485815,9.583581413608044e-05,0.00016678783867973834,1
79000,0.00016671991033945233,9.579981997376308e-05,0.01610892452299595,7.208974838256836,0.00016671991033945233,6.0544560255948454e-05,0.0,0.0,2.7779240099334856e-06,0.0021892052609473467,0.0022877830049310433,9.579981997376308e-05,0.00016671991033945233,1
79200,0.00016661085828673095,9.576450247550383e-05,0.016113851219415665,7.201608180999756,0.00016661085828673095,5.986939140711911e-05,0.0,0.0,2.775911298158462e-06,0.002188480459153652,0.0022870208729273145,9.576450247550383e-05,0.00016661085828673095,1
79400,0.0001676564570516348,9.665465768193826e-05,0.016040384769439697,7.215858459472656,0.0001676564570516348,6.780709372833371e-05,0.0,0.0,2.799137291731313e-06,0.0021840871777385473,0.002283540972712217,9.665465768193826e-05,0.0001676564570516348,0
79600,0.00017905661661643535,0.00010785851918626577,0.01650434173643589,7.131120681762695,0.00017905661661643535,3.0423780117416754e-05,0.0,0.0,2.838277396222111e-06,0.0022245661821216345,0.0023352629787041224,0.00010785851918626577,0.00017905661661643535,0
79800,0.00017428271530661732,0.00010388808004790917,0.01569060981273651,7.212744235992432,0.00017428271530661732,8.258571324404329e-05,0.0,0.0,2.887107029891922e-06,0.0021775607019662857,0.002284335889044087,0.00010388808004790917,0.00017428271530661732,0
80000,0.00016647056327201426,9.563547791913152e-05,0.016098104417324066,7.214101791381836,0.00016647056327201426,5.982436050544493e-05,0.0,0.0,2.7748587854148354e-06,0.002188440877944231,0.0022868512146487774,9.563547791913152e-05,0.00016647056327201426,1
80200,0.00016637587395962328,9.558708552503958e-05,0.016096269711852074,7.210020542144775,0.00016637587395962328,5.9426878578960896e-05,0.0,0.0,2.773680307655013e-06,0.002187790349125862,0.0022861511149585567,9.558708552503958e-05,0.00016637587395962328,1
80400,0.0001663142174948007,9.555335418554023e-05,0.016094882041215897,7.207487106323242,0.0001663142174948007,5.913043423788622e-05,0.0,0.0,2.7728447093977593e-06,0.002187238074839115,0.002285564273734053,9.555335418554023e-05,0.0001663142174948007,1
80600,0.0001662532304180786,9.550658432999626e-05,0.016071544960141182,7.204183578491211,0.0001662532304180786,5.91613570577465e-05,0.0,0.0,2.7732496619137237e-06,0.002185117918998003,0.002283397752989913,9.550658432999626e-05,0.0001662532304180786,1
80800,0.00016629199672024697,9.549668902764097e-05,0.016074640676379204,7.203181266784668,0.00016629199672024697,5.9028654504800215e-05,0.0,0.0,2.7761623186961515e-06,0.0021862515714019537,0.002284524422748291,9.549668902764097e-05,0.00016629199672024697,1
81000,0.00022674525098409504,0.00015436724061146379,0.015166902914643288,7.291945934295654,0.00022674525098409504,0.00014796259347349405,0.0,0.0,3.402273250685539e-06,0.0021509788930416107,0.00230874840690376,0.00015436724061146379,0.00022674525098409504,0
81200,0.00016615029016975313,9.542821499053389e-05,0.01608269102871418,7.213655471801758,0.00016615029016975313,5.891139153391123e-05,0.0,0.0,2.7713369945558952e-06,0.0021869498305022717,0.0022851493824873614,9.542821499053389e-05,0.00016615029016975313,1
81400,0.00016608295845799148,9.539464372210205e-05,0.01608358509838581,7.210588455200195,0.00016608295845799148,5.853365655639209e-05,0.0,0.0,2.7702294573828112e-06,0.002186558675020933,0.002284723548200418,9.539464372210205e-05,0.00016608295845799148,1
81600,0.00016604292613919824,9.537072764942423e-05,0.016086433082818985,7.2097673416137695,0.00016604292613919824,5.815929762320593e-05,0.0,0.0,2.7692578896676423e-06,0.0021865437738597393,0.002284683759398831,9.537072764942423e-05,0.00016604292613919824,1
81800,0.0001659136760281399,9.532901458442211e-05,0.016083568334579468,7.198154926300049,0.0001659136760281399,5.7292792916996405e-05,0.0,0.0,2.7674800548993517e-06,0.0021849225740879774,0.002283019068727299,9.532901458442211e-05,0.0001659136760281399,1
82000,0.00016961099754553288,9.832680370891467e-05,0.01595414988696575,7.220776557922363,0.00016961099754553288,7.778902363497764e-05,0.0,0.0,2.830187668223516e-06,0.0021804776042699814,0.0022816345956471196,9.832680370891467e-05,0.00016961099754553288,0
82200,0.00018855041707865894,0.00011662436736514792,0.015543373301625252,7.25449800491333,0.00018855041707865894,0.00010467597894603387,0.0,0.0,3.036649331988883e-06,0.002161843702197075,0.0022815047188942117,0.00011662436736514792,0.00018855041707865894,0
82400,0.0001677989203017205,9.704991680337116e-05,0.015919938683509827,7.235999584197998,0.0001677989203017205,7.105901750037447e-05,0.0,0.0,2.80450944956101e-06,0.0021771162282675505,0.0022769706545204826,9.704991680337116e-05,0.0001677989203017205,0
82600,0.00016584870172664523,9.52238478930667e-05,0.016071742400527,7.212675094604492,0.00016584870172664523,5.783368396805599e-05,0.0,0.0,2.767577598206117e-06,0.0021858226973563433,0.002283814122847616,9.52238478930667e-05,0.00016584870172664523,1
82800,0.00016568941646255553,9.517106809653342e-05,0.01608247123658657,7.198495864868164,0.00016568941646255553,5.646603676723316e-05,0.0,0.0,2.7642429358820664e-06,0.002184861106798053,0.0022827964178304683,9.517106809653342e-05,0.00016568941646255553,1
83000,0.00023268738004844636,0.00016165091074071825,0.017281655222177505,7.0946574211120605,0.00023268738004844636,1.6602183677605353e-05,0.0,0.0,3.189697281413828e-06,0.002272832440212369,0.002437673048234501,0.00016165091074071825,0.00023268738004844636,0
83200,0.00016569916624575853,9.512813994660974e-05,0.016066497191786766,7.210575580596924,0.00016569916624575853,5.718703687307425e-05,0.0,0.0,2.7656953989207977e-06,0.002185277407988906,0.0022831712433344364,9.512813994660974e-05,0.00016569916624575853,1
83400,0.00016566789417993277,9.511677490081638e-05,0.016073055565357208,7.207829475402832,0.00016566789417993277,5.67428141948767e-05,0.0,0.0,2.764545342870406e-06,0.002185241784900427,0.0022831231051441137,9.511677490081638e-05,0.00016566789417993277,1
83600,0.0001656124513829127,9.510304516879842e-05,0.0160825215280056,7.203338146209717,0.0001656124513829127,5.6322354794247076e-05,0.0,0.0,2.7630283057078486e-06,0.0021851060446351767,0.002282972118109683,9.510304516879842e-05,0.0001656124513829127,1
83800,0.00016588333528488874,9.548761590849608e-05,0.016162488609552383,7.1931681632995605,0.00016588333528488874,5.091318234917708e-05,0.0,0.0,2.7559183308767388e-06,0.002190634608268738,0.0022888781425081106,9.548761590849608e-05,0.00016588333528488874,0
84000,0.00016850810789037496,9.796922677196562e-05,0.016261540353298187,7.188841819763184,0.00016850810789037496,4.342607644503005e-05,0.0,0.0,2.762950543910847e-06,0.0021983084734529257,0.002299040650768802,9.796922677196562e-05,0.00016850810789037496,0
84200,0.0001655404776101932,9.500559826847166e-05,0.01606031134724617,7.209826469421387,0.0001655404776101932,5.6574048358015716e-05,0.0,0.0,2.763720431175898e-06,0.002184854354709387,0.0022826236734090344,9.500559826847166e-05,0.0001655404776101932,1
84400,0.00016549321298953146,9.498374856775627e-05,0.016065048053860664,7.2064924240112305,0.00016549321298953146,5.606411286862567e-05,0.0,0.0,2.762487383733969e-06,0.0021847246680408716,0.002282470903992362,9.498374856775627e-05,0.00016549321298953146,1
84600,0.00016542471712455153,9.494448750047013e-05,0.016048545017838478,7.198278903961182,0.00016542471712455153,5.597915514954366e-05,0.0,0.0,2.763197244348703e-06,0.002182868542149663,0.002280576226894482,9.494448750047013e-05,0.00016542471712455153,1
84800,0.0002316798927495256,0.0001598420785740018,0.015242182649672031,7.332768440246582,0.0002316798927495256,0.00015512885875068605,0.0,0.0,3.4326649256399833e-06,0.0021457842085510492,0.002309058952050691,0.0001598420785740018,0.0002316798927495256,0
85000,0.0001654277293710038,9.491251694271341e-05,0.016054650768637657,7.209635257720947,0.0001654277293710038,5.615828558802605e-05,0.0,0.0,2.7624250833468977e-06,0.002184585900977254,0.0022822608430033142,9.491251694271341e-05,0.0001654277293710038,1
85200,0.000165372111951001,9.488474461250007e-05,0.016056684777140617,7.20579195022583,0.000165372111951001,5.5731867178110406e-05,0.0,0.0,2.7613698421191657e-06,0.0021842732094228268,0.002281919323877446,9.488474461250007e-05,0.000165372111951001,1
85400,0.00016530894208699465,9.487327770330012e-05,0.016073931008577347,7.1974029541015625,0.00016530894208699465,5.428986332844943e-05,0.0,0.0,2.7586725082073826e-06,0.002184666460379958,0.0022822984105914657,9.487327770330012e-05,0.00016530894208699465,1
85600,0.0001896609173854813,0.00011631527740973979,0.01516662910580635,7.193309783935547,0.0001896609173854813,7.539797661593184e-05,0.0,0.0,3.0772650916333077e-06,0.002161226235330105,0.002280618777831478,0.00011631527740973979,0.0001896609173854813,0
85800,0.00016526103718206286,9.479703294346109e-05,0.016050774604082108,7.204221248626709,0.00016526103718206286,5.524341031559743e-05,0.0,0.0,2.7601774945651414e-06,0.002184100216254592,0.002281657426692618,9.479703294346109e-05,0.00016526103718206286,1
86000,0.00016523963131476194,9.478444553678855e-05,0.016055405139923096,7.199960708618164,0.00016523963131476194,5.4806703701615334e-05,0.0,0.0,2.7596065592661034e-06,0.0021839006803929806,0.0022814447324890352,9.478444553678855e-05,0.00016523963131476194,1
86200,0.00016634116764180362,9.563421190250665e-05,0.015915224328637123,7.212632656097412,0.00016634116764180362,6.188719999045134e-05,0.0,0.0,2.7855217012984212e-06,0.0021753867622464895,0.0022738064958502946,9.563421190250665e-05,0.00016634116764180362,0
86400,0.0001652558275964111,9.476234117755666e-05,0.01604221574962139,7.209492206573486,0.0001652558275964111,5.563279410125688e-05,0.0,0.0,2.7608048185356893e-06,0.002184157492592931,0.002281680638589023,9.476234117755666e-05,0.0001652558275964111,1
86600,0.00016519524797331542,9.472916281083599e-05,0.016047554090619087,7.2045769691467285,0.00016519524797331542,5.4971344070509076e-05,0.0,0.0,2.759334392976598e-06,0.0021840569097548723,0.002281545406958685,9.472916281083599e-05,0.00016519524797331542,1
86800,0.00016514856542926282,9.470708755543455e-05,0.016049429774284363,7.200886249542236,0.00016514856542926282,5.467101436806843e-05,0.0,0.0,2.7585554107645294e-06,0.0021837519016116858,0.002281217544577885,9.470708755543455e-05,0.00016514856542926282,1
87000,0.00016511073044966906,9.468485222896561e-05,0.016043929383158684,7.196840763092041,0.00016511073044966906,5.433985643321648e-05,0.0,0.0,2.7586493160924874e-06,0.0021832631900906563,0.0022807066916357144,9.468485222896561e-05,0.00016511073044966906,1
87200,0.00016539814532734454,9.454232349526137e-05,0.015949752181768417,7.188869476318359,0.00016539814532734454,5.30234829057008e-05,0.0,0.0,2.7710325412044767e-06,0.002180013107135892,0.0022773264631723578,9.454232349526137e-05,0.00016539814532734454,1
87400,0.00016510850400663912,9.464690811000764e-05,0.016039634123444557,7.204821586608887,0.00016510850400663912,5.466452785185538e-05,0.0,0.0,2.7585929274209775e-06,0.0021840380504727364,0.002281443551510165,9.464690811000764e-05,0.00016510850400663912,0
87600,0.000165076125995256,9.46248255786486e-05,0.016043096780776978,7.2018513679504395,0.000165076125995256,5.430121018434875e-05,0.0,0.0,2.7577793844102416e-06,0.0021839351393282413,0.0022813177442913,9.46248255786486e-05,0.000165076125995256,0
87800,0.00016501378559041768,9.459123975830153e-05,0.01604429818689823,7.196135997772217,0.00016501378559041768,5.3830437536817044e-05,0.0,0.0,2.75682191386295e-06,0.0021834562066942453,0.00228080426836641,9.459123975830153e-05,0.00016501378559041768,0
88000,0.00016503225197084248,9.46133877732791e-05,0.016062231734395027,7.190533638000488,0.00016503225197084248,5.0297829147893935e-05,0.0,0.0,2.7519090508576483e-06,0.002184290438890457,0.002281655735714594,9.46133877732791e-05,0.00016503225197084248,0
88200,0.0003586665843613446,0.00028591128648258746,0.017801744863390923,6.9813923835754395,0.0003586665843613446,2.814910840243101e-05,0.0,0.0,4.1571056499378756e-06,0.0023338384926319122,0.0026239068847644376,0.00028591128648258746,0.0003586665843613446,0
88400,0.0001649636251386255,9.453158418182284e-05,0.016040226444602013,7.197173595428467,0.0001649636251386255,5.3617444791598246e-05,0.0,0.0,2.7562819013837725e-06,0.0021837549284100533,0.00228104279449326,9.453158418182284e-05,0.0001649636251386255,1
88600,0.00016497653268743306,9.452849917579442e-05,0.016045494005084038,7.196213245391846,0.00016497653268743306,5.2938492444809526e-05,0.0,0.0,2.7556925488170236e-06,0.00218420778401196,0.0022814919757365715,9.452849917579442e-05,0.00016497653268743306,1
88800,0.0001649517798796296,9.451434743823484e-05,0.0160383228212595,7.196568965911865,0.0001649517798796296,5.3625863074557856e-05,0.0,0.0,2.7563428375287913e-06,0.002183607779443264,0.0022808784697190276,9.451434743823484e-05,0.0001649517798796296,1
89000,0.00016491285350639373,9.448167838854715e-05,0.016042381525039673,7.193074703216553,0.00016491285350639373,5.299002077663317e-05,0.0,0.0,2.75527509074891e-06,0.0021837176755070686,0.0022809546289863647,9.448167838854715e-05,0.00016491285350639373,1
89200,0.00016487696848344058,9.446749754715711e-05,0.016039330512285233,7.190188884735107,0.00016487696848344058,5.287643944029696e-05,0.0,0.0,2.7553164727578405e-06,0.002183430129662156,0.002280652943682071,9.446749754715711e-05,0.00016487696848344058,1
89400,0.00016517499170731753,9.46528380154632e-05,0.016054164618253708,7.180941581726074,0.00016517499170731753,4.644657747121528e-05,0.0,0.0,2.7509838673722697e-06,0.0021860108245164156,0.002283414646399251,9.46528380154632e-05,0.00016517499170731753,0
89600,0.0001655362284509465,9.496038546785712e-05,0.016187209635972977,7.1666340827941895,0.0001655362284509465,4.685256499215029e-05,0.0,0.0,2.7533608317753533e-06,0.0021956085693091154,0.002293322315608748,9.496038546785712e-05,0.0001655362284509465,0
89800,0.00018308011931367218,0.00011209008516743779,0.015579991042613983,7.262595176696777,0.00018308011931367218,9.613202564651147e-05,0.0,0.0,2.9699042443098733e-06,0.002158524701371789,0.0022735846907835366,0.00011209008516743779,0.00018308011931367218,0
90000,0.00016485700325574726,9.440337453270331e-05,0.01603325456380844,7.195289611816406,0.00016485700325574726,5.299522672430612e-05,0.0,0.0,2.755030891421484e-06,0.002184011274948716,0.002281169680372841,9.440337453270331e-05,0.00016485700325574726,1
90200,0.00016474937729071826,9.434901585336775e-05,0.016040461137890816,7.184747695922852,0.00016474937729071826,5.1890212489524856e-05,0.0,0.0,2.75282309303293e-06,0.002183526521548629,0.0022806283604950295,9.434901585336775e-05,0.00016474937729071826,1
90400,0.00016538298223167658,9.458674321649596e-05,0.016005942597985268,7.162680625915527,0.00016538298223167658,4.719015851151198e-05,0.0,0.0,2.771623030639603e-06,0.002190467668697238,0.0022878260349443735,9.458674321649596e-05,0.00016538298223167658,0
90600,0.00016484865045640618,9.436674736207351e-05,0.01602832041680813,7.196876049041748,0.00016484865045640618,5.304581281961873e-05,0.0,0.0,2.7552835035749013e-06,0.0021841248963028193,0.0022812469271684677,9.436674736207351e-05,0.00016484865045640618,0
90800,0.0001647637691348791,9.431917715119198e-05,0.016034312546253204,7.189052581787109,0.0001647637691348791,5.2178260375512764e-05,0.0,0.0,2.753468834271189e-06,0.0021839009132236242,0.0022809735592090874,9.431917715119198e-05,0.0001647637691348791,1
91000,0.0001647296012379229,9.42589103942737e-05,0.016016513109207153,7.186213493347168,0.0001647296012379229,5.1016912038903683e-05,0.0,0.0,2.7536214020074112e-06,0.0021830324549227953,0.0022800449867190764,9.42589103942737e-05,0.0001647296012379229,1
91200,0.00016526374383829534,9.469115320825949e-05,0.015921760350465775,7.194398403167725,0.00016526374383829534,5.596033588517457e-05,0.0,0.0,2.770203764157486e-06,0.0021776040084660053,0.0022750653654384223,9.469115320825949e-05,0.00016526374383829534,0
91400,0.00017450150335207582,0.00010388164082542062,0.015334473922848701,7.176922798156738,0.00017450150335207582,6.241893424885347e-05,0.0,0.0,2.8998288144066464e-06,0.00216300250031054,0.0022697839699503675,0.00010388164082542062,0.00017450150335207582,0
91600,0.00016472232528030872,9.426144242752343e-05,0.0160302072763443,7.188619613647461,0.00016472232528030872,5.196078564040363e-05,0.0,0.0,2.7530797979125055e-06,0.002184103010222316,0.0022811175324477517,9.426144242752343e-05,0.00016472232528030872,0
91800,0.00016467829118482769,9.422816219739616e-05,0.01602892205119133,7.183661937713623,0.00016467829118482769,5.1473274652380496e-05,0.0,0.0,2.7525704808795126e-06,0.00218366552144289,0.002280646254121166,9.422816219739616e-05,0.00016467829118482769,1
92000,0.00016468441754113883,9.432614751858637e-05,0.016071897000074387,7.1784563064575195,0.00016468441754113883,4.897073085885495e-05,0.0,0.0,2.7473486170492833e-06,0.002186186844483018,0.0022832603406186536,9.432614751858637e-05,0.00016468441754113883,0
92200,0.0001649426994845271,9.476637933403254e-05,0.016115767881274223,7.175642967224121,0.0001649426994845271,5.150346260052174e-05,0.0,0.0,2.7530720672075404e-06,0.00219019316136837,0.00228771261276961,9.476637933403254e-05,0.0001649426994845271,0
92400,0.00033003889257088304,0.00025821130839176476,0.017754174768924713,6.973731517791748,0.00033003889257088304,2.363603562116623e-05,0.0,0.0,3.929722879547626e-06,0.0023325947113335133,0.0025947357426048256,0.00025821130839176476,0.00033003889257088304,0
92600,0.00016467612294945866,9.418919216841459e-05,0.01602775976061821,7.186360836029053,0.00016467612294945866,5.154378231964074e-05,0.0,0.0,2.7524743018148e-06,0.0021843770518898964,0.002281318718360126,9.418919216841459e-05,0.00016467612294945866,1
92800,0.0001646478776820004,9.416940156370401e-05,0.01602911576628685,7.183854103088379,0.0001646478776820004,5.119889829074964e-05,0.0,0.0,2.751859710770077e-06,0.0021842794958502054,0.0022812007571246795,9.416940156370401e-05,0.0001646478776820004,1
93000,0.000164634024258703,9.415586100658402e-05,0.01602991484105587,7.182654857635498,0.000164634024258703,5.102334398543462e-05,0.0,0.0,2.751525698840851e-06,0.0021843428257852793,0.002281250212490704,9.415586100658402e-05,0.000164634024258703,1
93200,0.0001646042219363153,9.41333855735138e-05,0.016031498089432716,7.180193901062012,0.0001646042219363153,5.06923533976078e-05,0.0,0.0,2.7509038318385137e-06,0.0021843481808900833,0.0022812324702954356,9.41333855735138e-05,0.0001646042219363153,1
93400,0.0001645930460654199,9.411889914190397e-05,0.01603466458618641,7.178521156311035,0.0001645930460654199,5.0363614718662575e-05,0.0,0.0,2.7504338504513726e-06,0.0021845500450581312,0.0022814193780504866,9.411889914190397e-05,0.0001645930460654199,1
93600,0.0001645688753342256,9.409585618413985e-05,0.01603824645280838,7.174863338470459,0.0001645688753342256,4.974105831934139e-05,0.0,0.0,2.7497192149894545e-06,0.00218472839333117,0.0022815739687302994,9.409585618413985e-05,0.0001645688753342256,1
93800,0.00016452663112431765,9.40423778956756e-05,0.01599735952913761,7.175670623779297,0.00016452663112431765,5.035011417930946e-05,0.0,0.0,2.752463387878379e-06,0.0021823602728545666,0.0022791551141381206,9.40423778956756e-05,0.00016452663112431765,1
94000,0.0001683812151895836,9.69701650319621e-05,0.015752989798784256,7.180088043212891,0.0001683812151895836,6.073145050322637e-05,0.0,0.0,2.819508608808974e-06,0.002171506406739354,0.002271296080380125,9.69701650319621e-05,0.0001683812151895836,0
94200,0.00016460035112686455,9.407872857991606e-05,0.01602741703391075,7.182008266448975,0.00016460035112686455,5.06063224747777e-05,0.0,0.0,2.7509759092936292e-06,0.0021850112825632095,0.0022818409870524192,9.407872857991606e-05,0.00016460035112686455,0
94400,0.00016456109005957842,9.404866432305425e-05,0.016026120632886887,7.178638458251953,0.00016456109005957842,5.041999611421488e-05,0.0,0.0,2.75059915111342e-06,0.002184724435210228,0.0022815236986843956,9.404866432305425e-05,0.00016456109005957842,0
94600,0.0001645395823288709,9.403091826243326e-05,0.01602594368159771,7.176894664764404,0.0001645395823288709,5.024180427426472e-05,0.0,0.0,2.7502999273565365e-06,0.0021845996379852295,0.0022813808561750193,9.403091826243326e-05,0.0001645395823288709,1
94800,0.00016450970724690706,9.400548879057169e-05,0.01602652482688427,7.173883438110352,0.00016450970724690706,4.991631067241542e-05,0.0,0.0,2.749813347691088e-06,0.0021844618022441864,0.002281217104382449,9.400548879057169e-05,0.00016450970724690706,1
95000,0.0001644775620661676,9.403369767824188e-05,0.016056744381785393,7.165536880493164,0.0001644775620661676,4.7981149691622704e-05,0.0,0.0,2.7463900096336147e-06,0.00218598754145205,0.0022827676291399257,9.403369767824188e-05,0.0001644775620661676,0
95200,0.00018979981541633606,0.00011749164696084335,0.015379107557237148,7.193591117858887,0.00018979981541633606,8.246117795351893e-05,0.0,0.0,3.057070443901466e-06,0.002162105403840542,0.0022826541212452867,0.00011749164696084335,0.00018979981541633606,0
95400,0.00016452684940304607,9.398192196385935e-05,0.016023792326450348,7.176414966583252,0.00016452684940304607,5.002497346140444e-05,0.0,0.0,2.750153498709551e-06,0.0021850101184099913,0.00228174219387256,9.398192196385935e-05,0.00016452684940304607,1
95600,0.00016445234359707683,9.393692016601562e-05,0.016026467084884644,7.169401168823242,0.00016445234359707683,4.929933857056312e-05,0.0,0.0,2.748815632003243e-06,0.0021846680901944637,0.0022813538259924826,9.393692016601562e-05,0.00016445234359707683,1
95800,0.00016443913045804948,9.395535016665235e-05,0.016036666929721832,7.167595386505127,0.00016443913045804948,4.852560959989205e-05,0.0,0.0,2.7479622985993046e-06,0.0021852594800293446,0.002281962792494596,9.395535016665235e-05,0.00016443913045804948,0
96000,0.00016496569151058793,9.445040632272139e-05,0.016010094434022903,7.172720432281494,0.00016496569151058793,5.345455792848952e-05,0.0,0.0,2.7608002710621804e-06,0.0021831353660672903,0.002280346572661074,9.445040632272139e-05,0.00016496569151058793,0
96200,0.00019071986025664955,0.00012016865366604179,0.01682153157889843,7.079784393310547,0.00019071986025664955,2.248314194730483e-05,0.0,0.0,2.8885713163617766e-06,0.002240952104330063,0.0023640093293124664,0.00012016865366604179,0.00019071986025664955,0
96400,0.0002044258581008762,0.0001326621713815257,0.01532758679240942,7.265783786773682,0.0002044258581008762,0.00011313905997667462,0.0,0.0,3.1766967367730103e-06,0.002148412400856614,0.002284251268974913,0.0001326621713815257,0.0002044258581008762,0
96600,0.0001644899311941117,9.390993363922462e-05,0.016023650765419006,7.172112464904785,0.0001644899311941117,4.947837442159653e-05,0.0,0.0,2.749478881014511e-06,0.0021853717043995857,0.002282031116919825,9.390993363922462e-05,0.0001644899311941117,1
96800,0.00016444617358502,9.387721365783364e-05,0.016025202348828316,7.1680402755737305,0.00016444617358502,4.9020483857020736e-05,0.0,0.0,2.7486505587148713e-06,0.002185267861932516,0.0022818937261490646,9.387721365783364e-05,0.00016444617358502,1
97000,0.00016440475883428007,9.384049917571247e-05,0.016024626791477203,7.1634016036987305,0.00016440475883428007,4.8299629270331934e-05,0.0,0.0,2.7478713491291273e-06,0.002185058780014515,0.0022816471505393565,9.384049917571247e-05,0.00016440475883428007,1
97200,0.0001643762952880934,9.384276199853048e-05,0.016034236177802086,7.161978244781494,0.0001643762952880934,4.8193902330240235e-05,0.0,0.0,2.7472619876789395e-06,0.002185118617489934,0.0022817086414761434,9.384276199853048e-05,0.0001643762952880934,0
97400,0.00016456279263366014,9.395933011546731e-05,0.015976011753082275,7.153787612915039,0.00016456279263366014,4.781148527399637e-05,0.0,0.0,2.7560445232666098e-06,0.0021847037132829428,0.0022814190879216767,9.395933011546731e-05,0.00016456279263366014,0
97600,0.00030943265301175416,0.00023789277474861592,0.017589937895536423,6.968021869659424,0.00030943265301175416,2.110868263116572e-05,0.0,0.0,3.7704239730373956e-06,0.002319656778126955,0.0025613199768486083,0.00023789277474861592,0.00030943265301175416,0
97800,0.0001644323201617226,9.382816642755643e-05,0.016023268923163414,7.166989803314209,0.0001644323201617226,4.873459693044424e-05,0.0,0.0,2.7484002202982083e-06,0.0021857307292521,0.0022823072958999546,9.382816642755643e-05,0.0001644323201617226,1
98000,0.0001644096482777968,9.380331903230399e-05,0.01602489873766899,7.164069175720215,0.0001644096482777968,4.8444318963447586e-05,0.0,0.0,2.7479436539579183e-06,0.002185672055929899,0.002282223318616161,9.380331903230399e-05,0.0001644096482777968,1
98200,0.00016436379519291222,9.375942318001762e-05,0.01602190174162388,7.159430503845215,0.00016436379519291222,4.7866666136542335e-05,0.0,0.0,2.7473677164380206e-06,0.00218527321703732,0.0022817800079337758,9.375942318001762e-05,0.00016436379519291222,1
98400,0.0001643656869418919,9.382044663652778e-05,0.01605955883860588,7.155898571014404,0.0001643656869418919,4.6556499000871554e-05,0.0,0.0,2.744069433902041e-06,0.0021871153730899096,0.0022836798891603394,9.382044663652778e-05,0.0001643656869418919,0
98600,0.00016540804062969983,9.462331945542246e-05,0.015895109623670578,7.169650077819824,0.00016540804062969983,5.380129732657224e-05,0.0,0.0,2.771594381556497e-06,0.002176612615585327,0.002274007529422306,9.462331945542246e-05,0.00016540804062969983,0
98800,0.0001673845254117623,9.649110143072903e-05,0.01580718159675598,7.189538478851318,0.0001673845254117623,6.192730506882071e-05,0.0,0.0,2.799475396386697e-06,0.002173176733776927,0.0022724673106040427,9.649110143072903e-05,0.0001673845254117623,0
99000,0.00016440634499303997,9.375901572639123e-05,0.016024500131607056,7.162539958953857,0.00016440634499303997,4.8170320951612666e-05,0.0,0.0,2.74777789854852e-06,0.00218611815944314,0.0022826249530680798,9.375901572639123e-05,0.00016440634499303997,1
99200,0.00016432724078185856,9.370724728796631e-05,0.016026651486754417,7.155599117279053,0.00016432724078185856,4.745497790281661e-05,0.0,0.0,2.746397285591229e-06,0.002185817575082183,0.0022822712196557404,9.370724728796631e-05,0.00016432724078185856,1
99400,0.00016433160635642707,9.364618745166808e-05,0.015993470326066017,7.153680801391602,0.00016433160635642707,4.721405275631696e-05,0.0,0.0,2.7491446417116094e-06,0.0021838664542883635,0.002280261786381743,9.364618745166808e-05,0.00016433160635642707,1
99600,0.00017225369811058044,0.00010064007074106485,0.015639841556549072,7.163519859313965,0.00017225369811058044,5.968192272121087e-05,0.0,0.0,2.8646884402405703e-06,0.0021681198850274086,0.002271624644208714,0.00010064007074106485,0.00017225369811058044,0
99800,0.00016439447063021362,9.372045315103605e-05,0.016028976067900658,7.159751892089844,0.00016439447063021362,4.754093606607057e-05,0.0,0.0,2.7468715870782034e-06,0.0021867514587938786,0.002283218783531993,9.372045315103605e-05,0.00016439447063021362,0
100000,0.00016436600708402693,9.369351755594835e-05,0.01602613553404808,7.157303810119629,0.00016436600708402693,4.752767563331872e-05,0.0,0.0,2.746889776972239e-06,0.002186370547860861,0.0022828109551937814,9.369351755594835e-05,0.00016436600708402693,0
100200,0.00016431428957730532,9.365624282509089e-05,0.016026651486754417,7.152410507202148,0.00016431428957730532,4.7042922233231366e-05,0.0,0.0,2.7460714591143187e-06,0.0021861346904188395,0.0022825370047030447,9.365624282509089e-05,0.00016431428957730532,0
100400,0.00016428351227659732,9.364076686324552e-05,0.016009433194994926,7.147682189941406,0.00016428351227659732,4.7098612412810326e-05,0.0,0.0,2.7478276933834422e-06,0.0021842503920197487,0.0022806389865763776,9.364076686324552e-05,0.00016428351227659732,1
100600,0.00016590628365520388,9.501569002168253e-05,0.01585758849978447,7.175075054168701,0.00016590628365520388,5.6603796110721305e-05,0.0,0.0,2.7794412744697183e-06,0.0021767746657133102,0.0022745697970094625,9.501569002168253e-05,0.00016590628365520388,0
100800,0.00016436364967375994,9.365800360683352e-05,0.016026165336370468,7.155752658843994,0.00016436364967375994,4.7262692532967776e-05,0.0,0.0,2.746717427726253e-06,0.002186753088608384,0.002283157809642944,9.365800360683352e-05,0.00016436364967375994,0
101000,0.00016428230446763337,9.360153489978984e-05,0.016027197241783142,7.148667812347412,0.00016428230446763337,4.654187068808824e-05,0.0,0.0,2.7453506845631637e-06,0.0021864098962396383,0.0022827567818239913,9.360153489978984e-05,0.00016428230446763337,1
101200,0.0001643174618948251,9.362517448607832e-05,0.01603013649582863,7.149718284606934,0.0001643174618948251,4.683150109485723e-05,0.0,0.0,2.7462494927021908e-06,0.002186558209359646,0.0022829296333384264,9.362517448607832e-05,0.0001643174618948251,0
101400,0.0001642955030547455,9.358102397527546e-05,0.01601278781890869,7.146042346954346,0.0001642955030547455,4.6595974708907306e-05,0.0,0.0,2.7473179216030985e-06,0.002185543766245246,0.0022818721081421245,9.358102397527546e-05,0.0001642955030547455,1
101600,0.00016555082402192056,9.473515819991007e-05,0.015917310491204262,7.161078453063965,0.00016555082402192056,5.3718580602435395e-05,0.0,0.0,2.7712853807315696e-06,0.0021779246162623167,0.0022754310598429583,9.473515819991007e-05,0.00016555082402192056,0
101800,0.00016689376207068563,9.598744509276003e-05,0.015854673460125923,7.1768879890441895,0.00016689376207068563,5.961688657407649e-05,0.0,0.0,2.790819280562573e-06,0.0021761939860880375,0.00227497225046136,9.598744509276003e-05,0.00016689376207068563,0
102000,0.0001643102732487023,9.357826638733968e-05,0.016028542071580887,7.148656368255615,0.0001643102732487023,4.64598233520519e-05,0.0,0.0,2.745549863902852e-06,0.002187013393267989,0.0022833372095192317,9.357826638733968e-05,0.0001643102732487023,1
102200,0.00016422042972408235,9.351696644444019e-05,0.016030071303248405,7.1397600173950195,0.00016422042972408235,4.546540367300622e-05,0.0,0.0,2.74409194389591e-06,0.002186496276408434,0.00228275733479677,9.351696644444019e-05,0.00016422042972408235,1
102400,0.0001674567611189559,9.562875493429601e-05,0.01574644073843956,7.143771171569824,0.0001674567611189559,5.301885903463699e-05,0.0,0.0,2.8059409942216007e-06,0.0021732845343649387,0.0022717192302934563,9.562875493429601e-05,0.0001674567611189559,0
102600,0.0001646387972868979,9.395453525939956e-05,0.016105685383081436,7.141378402709961,0.0001646387972868979,4.247698961989954e-05,0.0,0.0,2.7390167360863416e-06,0.0021924360189586878,0.0022891295709541737,9.395453525939956e-05,0.0001646387972868979,0
102800,0.00016430960386060178,9.354259236715734e-05,0.01602952927350998,7.146521091461182,0.00016430960386060178,4.616138176061213e-05,0.0,0.0,2.7453320399217773e-06,0.002187357982620597,0.002283645907027676,9.354259236715734e-05,0.00016430960386060178,0
103000,0.000164218305144459,9.348108869744465e-05,0.01603017933666706,7.138298511505127,0.000164218305144459,4.5211527321953326e-05,0.0,0.0,2.7438388769951416e-06,0.002186827128753066,0.002283052056327506,9.348108869744465e-05,0.000164218305144459,1
103200,0.00016452805721201003,9.350268373964354e-05,0.015917882323265076,7.130868911743164,0.00016452805721201003,4.450472988537513e-05,0.0,0.0,2.7575581498240354e-06,0.002182908821851015,0.0022791690637404827,9.350268373964354e-05,0.00016452805721201003,0
103400,0.0001643330615479499,9.352991037303582e-05,0.016020499169826508,7.147771835327148,0.0001643330615479499,4.6539462346117944e-05,0.0,0.0,2.746561449384899e-06,0.002187168225646019,0.0022834446974684397,9.352991037303582e-05,0.0001643330615479499,0
103600,0.00016426296497229487,9.348380262963474e-05,0.01603114791214466,7.140925884246826,0.00016426296497229487,4.5544169552158564e-05,0.0,0.0,2.7443770704849157e-06,0.002187470206990838,0.0022836983866909577,9.348380262963474e-05,0.00016426296497229487,0
103800,0.00016423438501078635,9.349668107461184e-05,0.016043389216065407,7.136557579040527,0.00016423438501078635,4.518165223998949e-05,0.0,0.0,2.7436033178673824e-06,0.002187783597037196,0.0022840238814296754,9.349668107461184e-05,0.00016423438501078635,0
104000,0.00016426843649242073,9.362617856822908e-05,0.016087016090750694,7.131773471832275,0.00016426843649242073,4.231337152305059e-05,0.0,0.0,2.7381061045161914e-06,0.002190343104302883,0.0022867073889756284,9.362617856822908e-05,0.00016426843649242073,0
104200,0.000180003626155667,0.00010787647624965757,0.015536279417574406,7.15580415725708,0.000180003626155667,6.817622488597408e-05,0.0,0.0,2.9470224944816437e-06,0.0021667012479156256,0.002277524746659765,0.00010787647624965757,0.000180003626155667,0
104400,0.00018355548672843724,0.00011302269558655098,0.016627024859189987,7.077943325042725,0.00018355548672843724,2.205422606493812e-05,0.0,0.0,2.83489634966827e-06,0.0022301063872873783,0.0023459639792235976,0.00011302269558655098,0.00018355548672843724,0
104600,0.00016427556693088263,9.345645958092064e-05,0.016032839193940163,7.139268398284912,0.00016427556693088263,4.526510747382417e-05,0.0,0.0,2.744246330621536e-06,0.002187898149713874,0.002284098855625416,9.345645958092064e-05,0.00016427556693088263,1
104800,0.00016419650637544692,9.340286487713456e-05,0.01603533700108528,7.132024765014648,0.00016419650637544692,4.447302490007132e-05,0.0,0.0,2.74279409495648e-06,0.002187631092965603,0.002283776751937694,9.340286487713456e-05,0.00016419650637544692,1
105000,0.0001643106952542439,9.341272379970178e-05,0.01597023941576481,7.135631561279297,0.0001643106952542439,4.607270238921046e-05,0.0,0.0,2.7499245334183797e-06,0.002183479955419898,0.002279642603753018,9.341272379970178e-05,0.0001643106952542439,0
105200,0.00017005586414597929,9.928596409736201e-05,0.01641133241355419,7.079521656036377,0.00017005586414597929,2.7860418413183652e-05,0.0,0.0,2.7586816031544004e-06,0.0022151307202875614,0.002317175365988078,9.928596409736201e-05,0.00017005586414597929,0
105400,0.00018027532496489584,0.00011079850082751364,0.01698688417673111,7.096166133880615,0.00018027532496489584,2.9037884814897552e-05,0.0,0.0,2.7988432975689648e-06,0.0022487815003842115,0.002362378844509294,0.00011079850082751364,0.00018027532496489584,0
105600,0.00019724761659745127,0.00012518094445113093,0.015259720385074615,7.178266525268555,0.00019724761659745127,9.001517173601314e-05,0.0,0.0,3.112739932475961e-06,0.0021536985877901316,0.0022819922721737385,0.00012518094445113093,0.00019724761659745127,0
105800,0.0001643649593461305,9.34578783926554e-05,0.016004448756575584,7.140066146850586,0.0001643649593461305,4.664490188588388e-05,0.0,0.0,2.7485643840918783e-06,0.0021864515729248524,0.0022826580157015997,9.34578783926554e-05,0.0001643649593461305,0
106000,0.00016424227214884013,9.338063682662323e-05,0.01603691652417183,7.132194995880127,0.00016424227214884013,4.446395541890524e-05,0.0,0.0,2.743208597166813e-06,0.0021883342415094376,0.0022844580869332276,9.338063682662323e-05,0.00016424227214884013,1
106200,0.00016417955339420587,9.333305206382647e-05,0.016038354486227036,7.125892162322998,0.00016417955339420587,4.3701893446268514e-05,0.0,0.0,2.7421060622145887e-06,0.0021880841813981533,0.0022841593395241944,9.333305206382647e-05,0.00016417955339420587,1
106400,0.00016417491133324802,9.340034739580005e-05,0.01605701446533203,7.129971504211426,0.00016417491133324802,4.409595567267388e-05,0.0,0.0,2.7406711069488665e-06,0.0021883517038077116,0.0022844927223104605,9.340034739580005e-05,0.00016417491133324802,0
106600,0.0001643377763684839,9.36116703087464e-05,0.016102902591228485,7.119277477264404,0.0001643377763684839,3.9983027818379924e-05,0.0,0.0,2.735339421633398e-06,0.002191972453147173,0.0022883194628775527,9.36116703087464e-05,0.0001643377763684839,0
106800,0.0001651629718253389,9.452515951124951e-05,0.016311679035425186,7.103811264038086,0.0001651629718253389,3.981407280662097e-05,0.0,0.0,2.739913725235965e-06,0.0022048447281122208,0.0023021098013487062,9.452515951124951e-05,0.0001651629718253389,0
107000,0.00016428151866421103,9.332155605079606e-05,0.016023484990000725,7.1316022872924805,0.00016428151866421103,4.41066367784515e-05,0.0,0.0,2.7441942620498594e-06,0.0021882764995098114,0.0022843422498226573,9.332155605079606e-05,0.00016428151866421103,1
107200,0.00016418728046119213,9.330114698968828e-05,0.016038915142416954,7.124628067016602,0.00016418728046119213,4.36032896686811e-05,0.0,0.0,2.742005108302692e-06,0.0021885160822421312,0.002284559234340122,9.330114698968828e-05,0.00016418728046119213,1
107400,0.00016420820611529052,9.331445471616462e-05,0.01605144888162613,7.122398376464844,0.00016420820611529052,4.2833016777876765e-05,0.0,0.0,2.741010348472628e-06,0.0021893286611884832,0.0022853841262531205,9.331445471616462e-05,0.00016420820611529052,0
107600,0.00016420883184764534,9.328193846158683e-05,0.016020720824599266,7.123507499694824,0.00016420883184764534,4.393874405650422e-05,0.0,0.0,2.7443677481642226e-06,0.0021870709024369717,0.0022830972086467227,9.328193846158683e-05,0.00016420883184764534,1
107800,0.00016458101163152605,9.336496441392228e-05,0.01614832505583763,7.091686248779297,0.00016458101163152605,4.048575283377431e-05,0.0,0.0,2.7478297397465212e-06,0.002197573659941554,0.002293686454095223,9.336496441392228e-05,0.00016458101163152605,0
108000,0.00016421586042270064,9.328610758529976e-05,0.01604008488357067,7.124767303466797,0.00016421586042270064,4.359663580544293e-05,0.0,0.0,2.742249307630118e-06,0.0021890001371502876,0.0022850284940432175,9.328610758529976e-05,0.00016421586042270064,0
108200,0.000164169046911411,9.325604332843795e-05,0.01604725793004036,7.118956565856934,0.000164169046911411,4.2760151700349525e-05,0.0,0.0,2.7410342227085494e-06,0.002189056947827339,0.0022850540253784857,9.325604332843795e-05,0.000164169046911411,1
108400,0.00016447872621938586,9.351388143841177e-05,0.01599736697971821,7.126162052154541,0.00016447872621938586,4.552852624328807e-05,0.0,0.0,2.7514463454281213e-06,0.0021849258337169886,0.0022811911615008285,9.351388143841177e-05,0.00016447872621938586,0
108600,0.00019428081577643752,0.00012174673611298203,0.015304981730878353,7.201298713684082,0.00019428081577643752,8.79940707818605e-05,0.0,0.0,3.0809178497293033e-06,0.002150572370737791,0.0022754000247005024,0.00012174673611298203,0.00019428081577643752,0
108800,0.00016425122157670557,9.327476436737925e-05,0.01603441685438156,7.125027656555176,0.00016425122157670557,4.38521419710014e-05,0.0,0.0,2.74332251137821e-06,0.002188941230997443,0.0022849593178762007,9.327476436737925e-05,0.00016425122157670557,0
109000,0.00016423176566604525,9.325958671979606e-05,0.01604396291077137,7.121885776519775,0.00016423176566604525,4.324899782659486e-05,0.0,0.0,2.742008291534148e-06,0.0021894106175750494,0.0022854122125863796,9.325958671979606e-05,0.00016423176566604525,0
109200,0.00016416636935900897,9.320804383605719e-05,0.016044244170188904,7.1159586906433105,0.00016416636935900897,4.258877379470505e-05,0.0,0.0,2.7409214453655295e-06,0.002189069287851453,0.0022850182531328755,9.320804383605719e-05,0.00016416636935900897,1
109400,0.00016424671048298478,9.329248132416978e-05,0.015994466841220856,7.118992328643799,0.00016424671048298478,4.359548256616108e-05,0.0,0.0,2.746497330008424e-06,0.002185551216825843,0.002281590195480021,9.329248132416978e-05,0.00016424671048298478,0
109600,0.0001823159254854545,0.00011104743316536769,0.01636706106364727,7.054716110229492,0.0001823159254854545,2.0043988115503453e-05,0.0,0.0,2.8371989628794836e-06,0.0022171728778630495,0.0023310575099912967,0.00011104743316536769,0.0001823159254854545,0
109800,0.00016422987391706556,9.323043923359364e-05,0.016046248376369476,7.119228363037109,0.00016422987391706556,4.290523429517634e-05,0.0,0.0,2.7416353987064213e-06,0.0021897023543715477,0.0022856744290038478,9.323043923359364e-05,0.00016422987391706556,0
110000,0.00016414729179814458,9.317382500739768e-05,0.016049718484282494,7.111401557922363,0.00016414729179814458,4.203271237201989e-05,0.0,0.0,2.7400144517741865e-06,0.002189453924074769,0.002285367763533941,9.317382500739768e-05,0.00016414729179814458,1
110200,0.0001649389014346525,9.377484821015969e-05,0.015955232083797455,7.12349271774292,0.0001649389014346525,4.7173805796774104e-05,0.0,0.0,2.7598516680882312e-06,0.002182751428335905,0.002279286128214153,9.377484821015969e-05,0.0001649389014346525,0
110400,0.0002998139534611255,0.00022557009651791304,0.01457743626087904,7.246708869934082,0.0002998139534611255,0.0001480200153309852,0.0,0.0,4.0572972466179635e-06,0.0021356502547860146,0.0023652776485505456,0.00022557009651791304,0.0002998139534611255,0
110600,0.00016420318570453674,9.318695811089128e-05,0.016047166660428047,7.114964962005615,0.00016420318570453674,4.24857935286127e-05,0.0,0.0,2.741041726039839e-06,0.002189888386055827,0.0022858163858927583,9.318695811089128e-05,0.00016420318570453674,0
110800,0.00016419743769802153,9.317154763266444e-05,0.016048308461904526,7.113192558288574,0.00016419743769802153,4.2226831283187494e-05,0.0,0.0,2.740804120549001e-06,0.002189867664128542,0.0022857800158817554,9.317154763266444e-05,0.00016419743769802153,1
111000,0.0001641561830183491,9.314037015428767e-05,0.016055166721343994,7.1076555252075195,0.0001641561830183491,4.1508599679218605e-05,0.0,0.0,2.739589490374783e-06,0.002190029714256525,0.0022859096739011875,9.314037015428767e-05,0.0001641561830183491,1
111200,0.0001649908081162721,9.398139809491113e-05,0.016048673540353775,7.117080211639404,0.0001649908081162721,4.7437908506253734e-05,0.0,0.0,2.7558633064472815e-06,0.0021873777732253075,0.002284115034626666,9.398139809491113e-05,0.0001649908081162721,0
111400,0.00016422371845692396,9.317360672866926e-05,0.01604841835796833,7.114293575286865,0.00016422371845692396,4.235345477354713e-05,0.0,0.0,2.7411088012740947e-06,0.002190204104408622,0.002286118819938565,9.317360672866926e-05,0.00016422371845692396,0
111600,0.000164216457051225,9.315819625044242e-05,0.016051601618528366,7.111753940582275,0.000164216457051225,4.209536928101443e-05,0.0,0.0,2.7407336347096134e-06,0.002190244384109974,0.002286143313995126,9.315819625044242e-05,0.000164216457051225,0
111800,0.00016409176168963313,9.307566506322473e-05,0.016060471534729004,7.098076343536377,0.00016409176168963313,4.031277057947591e-05,0.0,0.0,2.7379705898056272e-06,0.0021901477593928576,0.002285961395045888,9.307566506322473e-05,0.00016409176168963313,1
112000,0.00016424231580458581,9.316263458458707e-05,0.01604103110730648,7.1143717765808105,0.00016424231580458581,4.261271533323452e-05,0.0,0.0,2.7421322101872647e-06,0.002190025057643652,0.0022859298244384263,9.316263458458707e-05,0.00016424231580458581,0
112200,0.00016424329078290612,9.31682443479076e-05,0.016062362119555473,7.111035346984863,0.00016424329078290612,4.162413097219542e-05,0.0,0.0,2.7397938993090065e-06,0.002191244624555111,0.0022871526628023275,9.31682443479076e-05,0.00016424329078290612,0
112400,0.00016423118358943611,9.313996270066127e-05,0.01605413481593132,7.109894275665283,0.00016423118358943611,4.191978950984776e-05,0.0,0.0,2.74065246230748e-06,0.002190632512792945,0.0022865131279559137,9.313996270066127e-05,0.00016423118358943611,0
112600,0.00016421290638390929,9.31205868255347e-05,0.01605512574315071,7.107853412628174,0.00016421290638390929,4.16552102251444e-05,0.0,0.0,2.7402320483815856e-06,0.002190571278333664,0.0022864320972075802,9.31205868255347e-05,0.00016421290638390929,0
112800,0.00016418297309428453,9.309753659181297e-05,0.016055665910243988,7.104544162750244,0.00016418297309428453,4.13329507864546e-05,0.0,0.0,2.739700676102075e-06,0.002190440660342574,0.002286277897610489,9.309753659181297e-05,0.00016418297309428453,0
113000,0.00016414113633800298,9.305225103162229e-05,0.016050947830080986,7.098353862762451,0.00016414113633800298,4.0820115827955306e-05,0.0,0.0,2.7398482416174375e-06,0.0021898543927818537,0.0022856464920550934,9.305225103162229e-05,0.00016414113633800298,1
113200,0.00017320468032266945,0.00010172725160373375,0.01646193116903305,7.021042346954346,0.00017320468032266945,2.2701888156007044e-05,0.0,0.0,2.780832801363431e-06,0.0022256041411310434,0.0023301122255361406,0.00010172725160373375,0.00017320468032266945,0
113400,0.00016421201871708035,9.309841698268428e-05,0.016055773943662643,7.105863571166992,0.00016421201871708035,4.146813080296852e-05,0.0,0.0,2.7400283215683885e-06,0.0021908790804445744,0.002286717525748827,9.309841698268428e-05,0.00016421201871708035,0
113600,0.00016419687017332762,9.307606524089351e-05,0.016058214008808136,7.103060722351074,0.00016419687017332762,4.116753552807495e-05,0.0,0.0,2.739584260780248e-06,0.0021908327471464872,0.002286648396648161,9.307606524089351e-05,0.00016419687017332762,0
113800,0.00016417355800513178,9.305048297392204e-05,0.016057686880230904,7.09977388381958,0.00016417355800513178,4.086424451088533e-05,0.0,0.0,2.739502861004439e-06,0.0021905999165028334,0.00228638990233776,9.305048297392204e-05,0.00016417355800513178,1
114000,0.0001641739800106734,9.308120934292674e-05,0.01608598418533802,7.094938278198242,0.0001641739800106734,3.915368870366365e-05,0.0,0.0,2.7358694296708563e-06,0.002192203886806965,0.0022880209655795625,9.308120934292674e-05,0.0001641739800106734,0
114200,0.0001642027054913342,9.310871973866597e-05,0.01610182598233223,7.092541694641113,0.0001642027054913342,3.827164618996903e-05,0.0,0.0,2.734365125434124e-06,0.002192279091104865,0.002288122175968965,9.310871973866597e-05,0.0001642027054913342,0
114400,0.0001915477478178218,0.00011937171075260267,0.015490282326936722,7.179502010345459,0.0001915477478178218,8.528053876943886e-05,0.0,0.0,3.045119228772819e-06,0.0021581503096967936,0.002280567139678169,0.00011937171075260267,0.0001915477478178218,0
114600,0.00016420889005530626,9.305464482167736e-05,0.016061043366789818,7.101111888885498,0.00016420889005530626,4.092402014066465e-05,0.0,0.0,2.7393377877160674e-06,0.002191283041611314,0.0022870770242207072,9.305464482167736e-05,0.00016420889005530626,0
114800,0.00016414893616456538,9.300849342253059e-05,0.01606426201760769,7.095183849334717,0.00016414893616456538,4.031503340229392e-05,0.0,0.0,2.738155671977438e-06,0.002191105391830206,0.002286852040924714,9.300849342253059e-05,0.00016414893616456538,1
115000,0.00016410172975156456,9.290544403484091e-05,0.01604258082807064,7.093592166900635,0.00016410172975156456,3.927377474610694e-05,0.0,0.0,2.7375911031413125e-06,0.002189385239034891,0.0022850282741728734,9.290544403484091e-05,0.00016410172975156456,1
115200,0.00019163571414537728,0.00012059407163178548,0.01685916632413864,7.003705978393555,0.00019163571414537728,1.7997615941567346e-05,0.0,0.0,2.887361915782094e-06,0.0022484995424747467,0.0023719809760223143,0.00012059407163178548,0.00019163571414537728,0
115400,0.00016423688794020563,9.304285777034238e-05,0.016060002148151398,7.100378513336182,0.00016423688794020563,4.0965882362797856e-05,0.0,0.0,2.7398621114116395e-06,0.002191434148699045,0.002287216868580799,9.304285777034238e-05,0.00016423688794020563,0
115600,0.00016419611347373575,9.301206591771916e-05,0.01606523059308529,7.096197128295898,0.00016419611347373575,4.0419741708319634e-05,0.0,0.0,2.7386556666897377e-06,0.002191562205553055,0.0022873129271374637,9.301206591771916e-05,0.00016419611347373575,0
115800,0.0001641325798118487,9.2964997747913e-05,0.016071069985628128,7.089165210723877,0.0001641325798118487,3.9560010918648914e-05,0.0,0.0,2.737122485996224e-06,0.00219154916703701,0.0022872512872709194,9.2964997747913e-05,0.0001641325798118487,0
116000,0.0001656061504036188,9.415604290552437e-05,0.015912549570202827,7.11393404006958,0.0001656061504036188,4.786615681950934e-05,0.0,0.0,2.768940703390399e-06,0.0021822277922183275,0.0022791527758272423,9.415604290552437e-05,0.0001656061504036188,0
116200,0.0001642086572246626,9.298526856582612e-05,0.016062216833233833,7.093141078948975,0.0001642086572246626,4.015890954178758e-05,0.0,0.0,2.7393418804422254e-06,0.002191283507272601,0.0022870081177188695,9.298526856582612e-05,0.0001642086572246626,0
116400,0.00016420806059613824,9.299579687649384e-05,0.01607135497033596,7.092813968658447,0.00016420806059613824,3.9979237044462934e-05,0.0,0.0,2.738135208346648e-06,0.002191962441429496,0.0022876963735143363,9.299579687649384e-05,0.00016420806059613824,0
116600,0.000164208555361256,9.298809163738042e-05,0.01606995426118374,7.092404842376709,0.000164208555361256,4.0045895730145276e-05,0.0,0.0,2.738328021223424e-06,0.002191911917179823,0.0022876383368384268,9.298809163738042e-05,0.000164208555361256,0
116800,0.00016418093582615256,9.296523785451427e-05,0.016071991994976997,7.089615821838379,0.00016418093582615256,3.969223689637147e-05,0.0,0.0,2.7376543130230857e-06,0.0021919242572039366,0.002287627149371474,9.296523785451427e-05,0.00016418093582615256,0
117000,0.0001641499693505466,9.293311450164765e-05,0.01607983000576496,7.083820819854736,0.0001641499693505466,3.881082739098929e-05,0.0,0.0,2.7364835659682285e-06,0.0021922492887824774,0.0022879188868500933,9.293311450164765e-05,0.0001641499693505466,0
117200,0.00016634335042908788,9.511799726169556e-05,0.01619604043662548,7.050537109375,0.00016634335042908788,2.900338949984871e-05,0.0,0.0,2.737066097324714e-06,0.002202965086326003,0.0023008201496850234,9.511799726169556e-05,0.00016634335042908788,0
117400,0.00016423429769929498,9.298123768530786e-05,0.016064628958702087,7.0933122634887695,0.00016423429769929498,4.030557465739548e-05,0.0,0.0,2.739182718869415e-06,0.002191947540268302,0.0022876679606724792,9.298123768530786e-05,0.00016423429769929498,0
117600,0.00016421166947111487,9.295831841882318e-05,0.016071908175945282,7.0900397300720215,0.00016421166947111487,3.97680742025841e-05,0.0,0.0,2.7380333449400496e-06,0.0021922378800809383,0.0022879342318447016,9.295831841882318e-05,0.00016421166947111487,0
117800,0.00016416056314483285,9.292049799114466e-05,0.016074569895863533,7.0849528312683105,0.00016416056314483285,3.9220627513714135e-05,0.0,0.0,2.7369662802811945e-06,0.0021921114530414343,0.00228776891731286,9.292049799114466e-05,0.00016416056314483285,0
118000,0.00016415395657531917,9.282391692977399e-05,0.016044044867157936,7.081868648529053,0.00016415395657531917,3.8684676837874576e-05,0.0,0.0,2.7389198749006027e-06,0.002190152881667018,0.0022857157184716925,9.282391692977399e-05,0.00016415395657531917,1
118200,0.0001681781286606565,9.629422856960446e-05,0.01616494543850422,7.010965347290039,0.0001681781286606565,2.337984915357083e-05,0.0,0.0,2.760319830485969e-06,0.002210231265053153,0.0023092858134532435,9.629422856960446e-05,0.0001681781286606565,0
118400,0.00016421779582742602,9.294184565078467e-05,0.016073083505034447,7.0885329246521,0.00016421779582742602,3.959823879995383e-05,0.0,0.0,2.737871454883134e-06,0.002192495623603463,0.002288175340709131,9.294184565078467e-05,0.00016421779582742602,0
118600,0.00016417508595623076,9.290382877225056e-05,0.016076253727078438,7.083470821380615,0.00016417508595623076,3.91169342037756e-05,0.0,0.0,2.7369692361389752e-06,0.002192388055846095,0.0022880288538544846,9.290382877225056e-05,0.00016417508595623076,0
118800,0.00016413378762081265,9.282015525968745e-05,0.01607195846736431,7.075436115264893,0.00016413378762081265,3.745558933587745e-05,0.0,0.0,2.735962198130437e-06,0.0021919398568570614,0.0022874959743148793,9.282015525968745e-05,0.00016413378762081265,1
119000,0.00024110471713356674,0.00017129385378211737,0.017735015600919724,6.9507293701171875,0.00024110471713356674,1.3309374480741099e-05,0.0,0.0,3.2229361295321723e-06,0.002323100110515952,0.0024976169004276016,0.00017129385378211737,0.00024110471713356674,0
119200,0.00021013680088799447,0.00013897450116928667,0.01707869954407215,6.954742908477783,0.00021013680088799447,1.431533837603638e-05,0.0,0.0,3.0154533305903897e-06,0.002273483667522669,0.002415473622022546,0.00013897450116928667,0.00021013680088799447,0
119400,0.00016503839287906885,9.384686563862488e-05,0.016195690259337425,7.073110580444336,0.00016503839287906885,3.4011849493253976e-05,0.0,0.0,2.7299699922878062e-06,0.002200758783146739,0.0022973356187776517,9.384686563862488e-05,0.00016503839287906885,0
119600,0.00016421389591414481,9.290079469792545e-05,0.01608077436685562,7.082309722900391,0.00016421389591414481,3.900731462636031e-05,0.0,0.0,2.7370413135940908e-06,0.002192846965044737,0.0022884848010562564,9.290079469792545e-05,0.00016421389591414481,0
119800,0.00016418498125858605,9.287313878303394e-05,0.016081305220723152,7.079183101654053,0.00016418498125858605,3.869878491968848e-05,0.0,0.0,2.7366011181584327e-06,0.002192696090787649,0.0022883058306888415,9.287313878303394e-05,0.00016418498125858605,0
120000,0.0001641748531255871,9.28497247514315e-05,0.01608601026237011,7.073584079742432,0.0001641748531255871,3.7420380976982415e-05,0.0,0.0,2.7353344194125384e-06,0.002193150343373418,0.002288735402544262,9.28497247514315e-05,0.0001641748531255871,0
