step,train_loss,val_loss,periodic_boundary_loss,periodic_derivative_loss,early_time_loss,peak_loss,spectral_loss,integer_derivative_loss,spectral_val_loss,integer_derivative_val_loss,composite_derivative_val_loss,selection_score,train_objective,is_best
0,0.5625089406967163,0.5662298798561096,3.97644816985121e-06,1.3631475894726464e-06,0.5625089406967163,1.427424430847168,0.0,0.0,0.004731001332402229,0.022649051621556282,0.5936099328100681,0.5662298798561096,0.5625089406967163,1
200,0.039278432726860046,0.0366540364921093,0.3836668133735657,1.8219645023345947,0.039278432726860046,0.14190170168876648,0.0,0.0,0.0003168528201058507,0.07360187917947769,0.11057276849169284,0.0366540364921093,0.039278432726860046,1
400,0.002591856522485614,0.002222483977675438,0.032337531447410583,2.5615103244781494,0.002591856522485614,0.015160931274294853,0.0,0.0,2.585836591606494e-05,0.0171190295368433,0.019367371880434803,0.002222483977675438,0.002591856522485614,1
600,0.0012016842374578118,0.0009233477176167071,0.03165276721119881,3.1311235427856445,0.0012016842374578118,0.002927168272435665,0.0,0.0,1.2597793102031574e-05,0.016703300178050995,0.017639245688769734,0.0009233477176167071,0.0012016842374578118,1
800,0.0007011696579866111,0.0005456731887534261,0.026742903515696526,4.213950157165527,0.0007011696579866111,0.0007763562025502324,0.0,0.0,7.847233973734546e-06,0.015879279002547264,0.016432799425274425,0.0005456731887534261,0.0007011696579866111,1
1000,0.0005908276070840657,0.00047488606651313603,0.025699684396386147,4.659747123718262,0.0005908276070840657,0.0006469392683357,0.0,0.0,6.49174671707442e-06,0.015464634634554386,0.015946012447784597,0.00047488606651313603,0.0005908276070840657,1
1200,0.000567863171454519,0.0004619572719093412,0.02498178742825985,4.955529689788818,0.000567863171454519,0.0006549585959874094,0.0,0.0,6.240793027245672e-06,0.015299388207495213,0.0157675862724318,0.0004619572719093412,0.000567863171454519,1
1400,0.0005659291055053473,0.00046265951823443174,0.02491142228245735,5.15471887588501,0.0005659291055053473,0.0006505281780846417,0.0,0.0,6.213859251147369e-06,0.015246707946062088,0.015715581323547667,0.00046265951823443174,0.0005659291055053473,0
1600,0.0005666379583999515,0.0004644244909286499,0.024884067475795746,5.299564838409424,0.0005666379583999515,0.0006380898994393647,0.0,0.0,6.216134352143854e-06,0.015220271423459053,0.015690912048739847,0.0004644244909286499,0.0005666379583999515,0
1800,0.0005672130500897765,0.000465608638478443,0.024915846064686775,5.426725387573242,0.0005672130500897765,0.000630005553830415,0.0,0.0,6.210423180164071e-06,0.015201223082840443,0.01567304214449905,0.000465608638478443,0.0005672130500897765,0
2000,0.0005665063508786261,0.00046587499673478305,0.025001373142004013,5.55869197845459,0.0005665063508786261,0.0006219128845259547,0.0,0.0,6.183309324114816e-06,0.015182392671704292,0.01565445097776319,0.00046587499673478305,0.0005665063508786261,0
2200,0.0005654972046613693,0.0004655109078157693,0.024964231997728348,5.663734436035156,0.0005654972046613693,0.0006174336886033416,0.0,0.0,6.160460088722175e-06,0.015161233022809029,0.01563290439071352,0.0004655109078157693,0.0005654972046613693,0
2400,0.0005637870635837317,0.00046441107406280935,0.02488219551742077,5.7566070556640625,0.0005637870635837317,0.0006151829729788005,0.0,0.0,6.131674126663711e-06,0.015138127841055393,0.015608670589244866,0.00046441107406280935,0.0005637870635837317,0
2600,0.0005616325070150197,0.0004626497975550592,0.0248123686760664,5.833773612976074,0.0005616325070150197,0.0006168713443912566,0.0,0.0,6.096907327446388e-06,0.015116027556359768,0.015584774261242273,0.0004626497975550592,0.0005616325070150197,0
2800,0.0005587475025095046,0.00046044736518524587,0.024643877521157265,5.918713092803955,0.0005587475025095046,0.0006153776776045561,0.0,0.0,6.059105544409249e-06,0.015088818036019802,0.015555324506749457,0.00046044736518524587,0.0005587475025095046,1
3000,0.0005559538840316236,0.0004581309331115335,0.024500565603375435,5.986453056335449,0.0005559538840316236,0.0006164555670693517,0.0,0.0,6.021971785230562e-06,0.015064334496855736,0.0155284874017525,0.0004581309331115335,0.0005559538840316236,1
3200,0.0005534446681849658,0.0004557156062219292,0.02447105012834072,6.0385661125183105,0.0005534446681849658,0.0006216329056769609,0.0,0.0,5.981322374282172e-06,0.015045960433781147,0.015507657362377358,0.0004557156062219292,0.0005534446681849658,1
3400,0.0005504840519279242,0.0004535169282462448,0.02419406920671463,6.115832328796387,0.0005504840519279242,0.0006181169301271439,0.0,0.0,5.950076229055412e-06,0.015016073361039162,0.015475540365514462,0.0004535169282462448,0.0005504840519279242,1
3600,0.0005481866537593305,0.00045159226283431053,0.02405593916773796,6.17473840713501,0.0005481866537593305,0.0006184483645483851,0.0,0.0,5.919176601310028e-06,0.0149943633005023,0.01545187473993792,0.00045159226283431053,0.0005481866537593305,1
3800,0.0005461621331050992,0.00044995881034992635,0.023921603336930275,6.229127407073975,0.0005461621331050992,0.0006181723438203335,0.0,0.0,5.891379714739742e-06,0.014973335899412632,0.015429186089477298,0.00044995881034992635,0.0005461621331050992,1
4000,0.0005698733148165047,0.0004742116725537926,0.02241155132651329,6.229958534240723,0.0005698733148165047,0.0006123833591118455,0.0,0.0,6.179474894452142e-06,0.014925159513950348,0.015405550661398593,0.0004742116725537926,0.0005698733148165047,0
4200,0.0005430518067441881,0.0004473616718314588,0.023702340200543404,6.348797798156738,0.0005430518067441881,0.0006160644115880132,0.0,0.0,5.8463210734771565e-06,0.014938166365027428,0.015391374357932364,0.0004473616718314588,0.0005430518067441881,1
4400,0.0005416460917331278,0.00044621634879149497,0.023603802546858788,6.399567604064941,0.0005416460917331278,0.0006154724396765232,0.0,0.0,5.82584425501409e-06,0.014921884983778,0.015373927176824509,0.00044621634879149497,0.0005416460917331278,1
4600,0.0005402023671194911,0.00044507687562145293,0.023464234545826912,6.439189434051514,0.0005402023671194911,0.0006155407754704356,0.0,0.0,5.808329206047347e-06,0.014903864823281765,0.015354750028109265,0.00044507687562145293,0.0005402023671194911,1
4800,0.000538902822881937,0.00044393111602403224,0.023407280445098877,6.503427505493164,0.000538902822881937,0.0006137721939012408,0.0,0.0,5.7874067351804115e-06,0.014891068451106548,0.015340786973865761,0.00044393111602403224,0.000538902822881937,1
5000,0.0005372808664105833,0.0004425391089171171,0.023305809125304222,6.5472517013549805,0.0005372808664105833,0.0006142063066363335,0.0,0.0,5.766466529166792e-06,0.014875597320497036,0.01532390289594332,0.0004425391089171171,0.0005372808664105833,1
5200,0.0005360612412914634,0.0004416922456584871,0.02298598550260067,6.579844951629639,0.0005360612412914634,0.0006129806279204786,0.0,0.0,5.764467005064944e-06,0.014852508902549744,0.015299965615213296,0.0004416922456584871,0.0005360612412914634,1
5400,0.0005336301401257515,0.0004393076233100146,0.0230871494859457,6.6464948654174805,0.0005336301401257515,0.0006147315143607557,0.0,0.0,5.7216593631892465e-06,0.01484419871121645,0.015289227993889654,0.0004393076233100146,0.0005336301401257515,1
5600,0.0005314071313478053,0.00043729698518291116,0.022960906848311424,6.688939571380615,0.0005314071313478053,0.0006161310593597591,0.0,0.0,5.697055257769534e-06,0.01482779998332262,0.015270794023763301,0.00043729698518291116,0.0005314071313478053,1
5800,0.000528892851434648,0.0004350035742390901,0.02282809279859066,6.728389263153076,0.000528892851434648,0.0006187519757077098,0.0,0.0,5.669652637152467e-06,0.014810706488788128,0.01525137971566437,0.0004350035742390901,0.000528892851434648,1
6000,0.0005260548205114901,0.00043241519597359,0.022687824442982674,6.773950576782227,0.0005260548205114901,0.0006209176499396563,0.0,0.0,5.639371011056937e-06,0.014792367815971375,0.015230422382956021,0.00043241519597359,0.0005260548205114901,1
6200,0.0005230741226114333,0.0004295962571632117,0.022516684606671333,6.817865371704102,0.0005230741226114333,0.0006279022200033069,0.0,0.0,5.60705393581884e-06,0.014773312024772167,0.015208515335871198,0.0004295962571632117,0.0005230741226114333,1
6400,0.000519891211297363,0.0004265931202098727,0.02237272635102272,6.866826057434082,0.000519891211297363,0.0006276342319324613,0.0,0.0,5.577697265835013e-06,0.014756451360881329,0.015188622178357036,0.0004265931202098727,0.000519891211297363,1
6600,0.000516297819558531,0.0004231962375342846,0.02218981832265854,6.915350914001465,0.000516297819558531,0.0006323897396214306,0.0,0.0,5.543189217860345e-06,0.01473617646843195,0.015164915895184095,0.0004231962375342846,0.000516297819558531,1
6800,0.0005125037278048694,0.0004196207446511835,0.022108472883701324,6.955126762390137,0.0005125037278048694,0.0006394033553078771,0.0,0.0,5.500171937455889e-06,0.014718430116772652,0.015143551033361291,0.0004196207446511835,0.0005125037278048694,1
7000,0.0005084808799438179,0.0004160037206020206,0.0218751709908247,7.008774280548096,0.0005084808799438179,0.0006368854083120823,0.0,0.0,5.471149506774964e-06,0.014695493504405022,0.015116968374513817,0.0004160037206020206,0.0005084808799438179,1
7200,0.0005045491270720959,0.0004119623336009681,0.021601639688014984,7.047504901885986,0.0005045491270720959,0.0006522370385937393,0.0,0.0,5.437855179479811e-06,0.014675949700176716,0.015093349888957164,0.0004119623336009681,0.0005045491270720959,1
7400,0.0005012413603253663,0.00040857403655536473,0.021139273419976234,7.0735931396484375,0.0005012413603253663,0.0006626256508752704,0.0,0.0,5.43088299309602e-06,0.014650637283921242,0.015064642203469703,0.00040857403655536473,0.0005012413603253663,1
7600,0.0004960767109878361,0.0004040341009385884,0.021106572821736336,7.146611213684082,0.0004960767109878361,0.000655784213449806,0.0,0.0,5.379784397518961e-06,0.014630819670855999,0.015040233556192106,0.0004040341009385884,0.0004960767109878361,1
7800,0.0004917244077660143,0.0003996824671048671,0.020915525034070015,7.185293197631836,0.0004917244077660143,0.0006762109696865082,0.0,0.0,5.337266884453129e-06,0.014610830694437027,0.015015850428426347,0.0003996824671048671,0.0004917244077660143,1
8000,0.00048799681826494634,0.0003963848575949669,0.020641295239329338,7.226179122924805,0.00048799681826494634,0.0006676640477962792,0.0,0.0,5.32426838617539e-06,0.014589915052056313,0.014991624178037455,0.0003963848575949669,0.00048799681826494634,1
8200,0.0004839189350605011,0.0003923055191989988,0.020474012941122055,7.265551567077637,0.0004839189350605011,0.0006820717244409025,0.0,0.0,5.289095497573726e-06,0.014571101404726505,0.014968696019423078,0.0003923055191989988,0.0004839189350605011,1
8400,0.0004900937201455235,0.00039651175029575825,0.02037760242819786,7.241254806518555,0.0004900937201455235,0.000807757256552577,0.0,0.0,5.287329713610234e-06,0.01455821841955185,0.014960017499561218,0.00039651175029575825,0.0004900937201455235,0
8600,0.00047728634672239423,0.00038582159322686493,0.02005143277347088,7.318344593048096,0.00047728634672239423,0.0006918229628354311,0.0,0.0,5.253559720586054e-06,0.01453823409974575,0.014929309252693201,0.00038582159322686493,0.00047728634672239423,1
8800,0.0005788180860690773,0.0004881573549937457,0.018192706629633904,7.395620822906494,0.0005788180860690773,0.0005377185880206525,0.0,0.0,6.3342367866425775e-06,0.014536475762724876,0.015030967354505265,0.0004881573549937457,0.0005788180860690773,0
9000,0.00047362595796585083,0.0003835709940176457,0.020060017704963684,7.351363182067871,0.00047362595796585083,0.0006559255416505039,0.0,0.0,5.24196912010666e-06,0.014519484713673592,0.014908297676811344,0.0003835709940176457,0.00047362595796585083,1
9200,0.00046893267426639795,0.00037792816874571145,0.01963813789188862,7.366308689117432,0.00046893267426639795,0.0007041456992737949,0.0,0.0,5.1999068091390654e-06,0.01449775043874979,0.01488087851430464,0.00037792816874571145,0.00046893267426639795,1
9400,0.0004666401073336601,0.0003760449180845171,0.019473768770694733,7.380434513092041,0.0004666401073336601,0.0006945188506506383,0.0,0.0,5.194577170186676e-06,0.014484686776995659,0.014865926272250363,0.0003760449180845171,0.0004666401073336601,1
9600,0.0004648880858439952,0.00037421309389173985,0.019409868866205215,7.374510288238525,0.0004648880858439952,0.0006959770107641816,0.0,0.0,5.185713689570548e-06,0.014480204321444035,0.014859603129025345,0.00037421309389173985,0.0004648880858439952,1
9800,0.0004631727351807058,0.00037260985118336976,0.019402772188186646,7.376265525817871,0.0004631727351807058,0.000701692420989275,0.0,0.0,5.168040843273047e-06,0.014473984949290752,0.014851762841317395,0.00037260985118336976,0.0004631727351807058,1
10000,0.00046475022099912167,0.000372861948562786,0.01881594955921173,7.356709003448486,0.00046475022099912167,0.0007287803455255926,0.0,0.0,5.213927124714246e-06,0.014459533616900444,0.014837609492587944,0.000372861948562786,0.00046475022099912167,0
10200,0.0004600709944497794,0.00036995834670960903,0.019209032878279686,7.3738555908203125,0.0004600709944497794,0.0006946053472347558,0.0,0.0,5.157408850209322e-06,0.014459456317126751,0.01483457207268657,0.00036995834670960903,0.0004600709944497794,1
10400,0.00045879901153966784,0.0003688800206873566,0.019140291959047318,7.3748650550842285,0.00045879901153966784,0.0006904091569595039,0.0,0.0,5.152971425559372e-06,0.014453617855906487,0.014827650848019402,0.0003688800206873566,0.00045879901153966784,1
10600,0.00045759609201923013,0.0003679333603940904,0.019075311720371246,7.371193885803223,0.00045759609201923013,0.0006874272366985679,0.0,0.0,5.1481215450621676e-06,0.014448157511651516,0.014821238993590669,0.0003679333603940904,0.00045759609201923013,1
10800,0.00045653837150894105,0.00036695937160402536,0.019029341638088226,7.369017601013184,0.00045653837150894105,0.0006876279367133975,0.0,0.0,5.142130703461589e-06,0.014443785883486271,0.014815887385793758,0.00036695937160402536,0.00045653837150894105,1
11000,0.0004594147321768105,0.00037070736289024353,0.018717380240559578,7.370357990264893,0.0004594147321768105,0.0006431370275095105,0.0,0.0,5.213038548390614e-06,0.01443418301641941,0.014810103417858045,0.00037070736289024353,0.0004594147321768105,0
11200,0.0004555636551231146,0.00036591911339201033,0.01906668394804001,7.346810817718506,0.0004555636551231146,0.0007188569870777428,0.0,0.0,5.1142847041774075e-06,0.014438126236200333,0.01480915963429652,0.00036591911339201033,0.0004555636551231146,1
11400,0.000453990331152454,0.00036509011988528073,0.019056273624300957,7.354812145233154,0.000453990331152454,0.0006807568715885282,0.0,0.0,5.125275947648333e-06,0.0144368726760149,0.01480708807184783,0.00036509011988528073,0.000453990331152454,1
11600,0.0004640747793018818,0.00037712440825998783,0.01847718097269535,7.3715925216674805,0.0004640747793018818,0.0005918174865655601,0.0,0.0,5.2937712098355405e-06,0.014420177787542343,0.014802595967012167,0.00037712440825998783,0.0004640747793018818,0
11800,0.0004567924770526588,0.00036788094439543784,0.01840718649327755,7.346290588378906,0.0004567924770526588,0.0006523527554236352,0.0,0.0,5.207533376960782e-06,0.014417404308915138,0.014790492786687537,0.00036788094439543784,0.0004567924770526588,0
12000,0.0004534737963695079,0.00036627709050662816,0.019015438854694366,7.346464157104492,0.0004534737963695079,0.0006360832485370338,0.0,0.0,5.148983291292097e-06,0.014428837224841118,0.014800263298639038,0.00036627709050662816,0.0004534737963695079,0
12200,0.0004506262775976211,0.0003621984797064215,0.018730398267507553,7.346147537231445,0.0004506262775976211,0.0006776214577257633,0.0,0.0,5.115741259942297e-06,0.01441801805049181,0.014785332271458174,0.0003621984797064215,0.0004506262775976211,1
12400,0.0004499267670325935,0.00036162379547022283,0.018695276230573654,7.343815326690674,0.0004499267670325935,0.0006774630164727569,0.0,0.0,5.1119900490448344e-06,0.014414903707802296,0.014781639493321563,0.00036162379547022283,0.0004499267670325935,1
12600,0.00044925566180609167,0.0003610628773458302,0.018654556944966316,7.337809085845947,0.00044925566180609167,0.0006773383938707411,0.0,0.0,5.1093584261252545e-06,0.014412425458431244,0.0147785976942032,0.0003610628773458302,0.00044925566180609167,1
12800,0.00044860129128210247,0.0003606020181905478,0.018617937341332436,7.3361968994140625,0.00044860129128210247,0.0006747057777829468,0.0,0.0,5.107184279040666e-06,0.014409378170967102,0.01477508737343669,0.0003606020181905478,0.00044860129128210247,1
13000,0.0004478900518734008,0.00036003865534439683,0.018581926822662354,7.332319259643555,0.0004478900518734008,0.0006773359491489828,0.0,0.0,5.101482656755252e-06,0.014405930414795876,0.014771070552797028,0.00036003865534439683,0.0004478900518734008,1
13200,0.00044913639430887997,0.00035983105772174895,0.018340274691581726,7.307502269744873,0.00044913639430887997,0.0007192679913714528,0.0,0.0,5.1081169658573344e-06,0.014400334097445011,0.014765273272132617,0.00035983105772174895,0.00044913639430887997,1
13400,0.0004467064281925559,0.0003592039574868977,0.018488720059394836,7.326796054840088,0.0004467064281925559,0.0006699463119730353,0.0,0.0,5.101304395793704e-06,0.014400815591216087,0.014765120853098779,0.0003592039574868977,0.0004467064281925559,1
13600,0.00044605115544982255,0.00035873439628630877,0.018475642427802086,7.322776794433594,0.00044605115544982255,0.0006691566668450832,0.0,0.0,5.097229404782411e-06,0.014398828148841858,0.014762659774532949,0.00035873439628630877,0.00044605115544982255,1
13800,0.0004453392466530204,0.0003581572091206908,0.018468592315912247,7.317626953125,0.0004453392466530204,0.000674830109346658,0.0,0.0,5.0880021262855735e-06,0.014396765269339085,0.014760010480586061,0.0003581572091206908,0.0004453392466530204,1
14000,0.00044630104093812406,0.00035935413325205445,0.018770882859826088,7.288971424102783,0.00044630104093812406,0.0006784706492908299,0.0,0.0,5.081752533442341e-06,0.014407903887331486,0.014772339773116983,0.00035935413325205445,0.00044630104093812406,0
14200,0.00045533711090683937,0.0003669251746032387,0.018931545317173004,7.255932807922363,0.00045533711090683937,0.0007586345891468227,0.0,0.0,5.105609034217196e-06,0.014415496960282326,0.014787527743919782,0.0003669251746032387,0.00045533711090683937,0
14400,0.00044359840103425086,0.0003567101084627211,0.018282486125826836,7.300684452056885,0.00044359840103425086,0.000664308259729296,0.0,0.0,5.091084858577233e-06,0.014389926567673683,0.014751727760994982,0.0003567101084627211,0.00044359840103425086,1
14600,0.00044286204501986504,0.00035615882370620966,0.01823526993393898,7.2922234535217285,0.00044286204501986504,0.0006643989472649992,0.0,0.0,5.0873450163635425e-06,0.014387277886271477,0.01474852405499405,0.00035615882370620966,0.00044286204501986504,1
14800,0.0004422214988153428,0.00035560131072998047,0.01822070963680744,7.273641586303711,0.0004422214988153428,0.0006711508031003177,0.0,0.0,5.08120820086333e-06,0.014387186616659164,0.014747869135590008,0.00035560131072998047,0.0004422214988153428,1
15000,0.0004414136637933552,0.00035515776835381985,0.018118243664503098,7.272487640380859,0.0004414136637933552,0.0006594943697564304,0.0,0.0,5.0842527343775146e-06,0.01438247598707676,0.014742718008164957,0.00035515776835381985,0.0004414136637933552,1
15200,0.000440697418525815,0.0003546022344380617,0.018080508336424828,7.259953498840332,0.000440697418525815,0.0006595721933990717,0.0,0.0,5.080312803329434e-06,0.014380875043570995,0.014740557590812386,0.0003546022344380617,0.000440697418525815,1
15400,0.00044019680353812873,0.0003543775237631053,0.017989855259656906,7.2490949630737305,0.00044019680353812873,0.0006492490647360682,0.0,0.0,5.087737008580007e-06,0.014378789812326431,0.014738255073098117,0.0003543775237631053,0.00044019680353812873,1
15600,0.00044246617471799254,0.0003559669421520084,0.018157649785280228,7.192760467529297,0.00044246617471799254,0.0007075711037032306,0.0,0.0,5.065579443908064e-06,0.014386039227247238,0.014747071748843155,0.0003559669421520084,0.00044246617471799254,0
15800,0.000484504213090986,0.00040134330629371107,0.017040017992258072,7.273928165435791,0.000484504213090986,0.0005121267749927938,0.0,0.0,5.6022045100689866e-06,0.014362871646881104,0.014769817157684884,0.00040134330629371107,0.000484504213090986,0
16000,0.00043836727854795754,0.0003528158995322883,0.01789204776287079,7.204491138458252,0.00043836727854795754,0.0006530941464006901,0.0,0.0,5.075923127151327e-06,0.014376260340213776,0.014734152162873215,0.0003528158995322883,0.00043836727854795754,1
16200,0.00043794719385914505,0.0003524406929500401,0.0178894754499197,7.186448574066162,0.00043794719385914505,0.0006584582151845098,0.0,0.0,5.0695934987743385e-06,0.014376796782016754,0.014734307068465569,0.0003524406929500401,0.00043794719385914505,1
16400,0.000437475013313815,0.0003522777697071433,0.017841972410678864,7.1710076332092285,0.000437475013313815,0.0006501872558146715,0.0,0.0,5.07538607052993e-06,0.014376391656696796,0.01473374481247447,0.0003522777697071433,0.000437475013313815,1
16600,0.000437109760241583,0.0003518759913276881,0.01783314347267151,7.161437034606934,0.000437109760241583,0.0006577098974958062,0.0,0.0,5.066591711511137e-06,0.014375408180058002,0.014732350763097202,0.0003518759913276881,0.000437109760241583,1
16800,0.00044370556133799255,0.0003572973655536771,0.018088828772306442,7.110579490661621,0.00044370556133799255,0.0007184867863543332,0.0,0.0,5.069929102319293e-06,0.01438684482127428,0.014749212115930277,0.0003572973655536771,0.00044370556133799255,0
17000,0.00043653251486830413,0.00035150378243997693,0.017750192433595657,7.139135837554932,0.00043653251486830413,0.0006497068679891527,0.0,0.0,5.072832664154703e-06,0.01437426544725895,0.014730842062363081,0.00035150378243997693,0.00043653251486830413,1
17200,0.0004363055049907416,0.00035137945087626576,0.017717432230710983,7.130144119262695,0.0004363055049907416,0.0006461752345785499,0.0,0.0,5.076055003883084e-06,0.014373688958585262,0.014730144464465411,0.00035137945087626576,0.0004363055049907416,1
17400,0.0004364579217508435,0.00035185011802241206,0.017642464488744736,7.125370979309082,0.0004364579217508435,0.0006302365218289196,0.0,0.0,5.0926078074553516e-06,0.014372395351529121,0.014729338077358989,0.00035185011802241206,0.0004364579217508435,0
17600,0.000436794594861567,0.00035187596222385764,0.01785716973245144,7.098763942718506,0.000436794594861567,0.0006631248397752643,0.0,0.0,5.062065611127764e-06,0.014379746280610561,0.014736684308445547,0.00035187596222385764,0.000436794594861567,0
17800,0.0004357912403065711,0.00035104333073832095,0.01769903115928173,7.1020426750183105,0.0004357912403065711,0.0006475083064287901,0.0,0.0,5.073525699117454e-06,0.01437454205006361,0.014730658906501048,0.00035104333073832095,0.0004357912403065711,1
18000,0.0004364226188044995,0.0003507883520796895,0.017578493803739548,7.075060844421387,0.0004364226188044995,0.0006433624657802284,0.0,0.0,5.105054697196465e-06,0.014375637285411358,0.014731530692188244,0.0003507883520796895,0.0004364226188044995,1
18200,0.0004810118698514998,0.0003985469229519367,0.01666853576898575,7.126375198364258,0.0004810118698514998,0.0005111135542392731,0.0,0.0,5.615030659100739e-06,0.014358646236360073,0.01476280818997111,0.0003985469229519367,0.0004810118698514998,0
18400,0.00043549586553126574,0.0003508186782710254,0.017622098326683044,7.079182147979736,0.00043549586553126574,0.0006396740791387856,0.0,0.0,5.083423275209498e-06,0.014373795129358768,0.014729697230905003,0.0003508186782710254,0.00043549586553126574,0
18600,0.000435335939982906,0.00035074781044386327,0.017595039680600166,7.073925971984863,0.000435335939982906,0.0006386154564097524,0.0,0.0,5.084766598884016e-06,0.014373119920492172,0.01472895249753492,0.00035074781044386327,0.000435335939982906,1
18800,0.0004430304979905486,0.0003599157789722085,0.017412852495908737,7.076703071594238,0.0004430304979905486,0.0005746339447796345,0.0,0.0,5.208040875004372e-06,0.014370149932801723,0.014735273752648936,0.0003599157789722085,0.0004430304979905486,0
19000,0.00043521029874682426,0.00035061308881267905,0.017585866153240204,7.0607829093933105,0.00043521029874682426,0.000637663179077208,0.0,0.0,5.08634320794954e-06,0.014373690821230412,0.01472939025325104,0.00035061308881267905,0.00043521029874682426,1
19200,0.0004360352177172899,0.00035187960020266473,0.01744707114994526,7.056262016296387,0.0004360352177172899,0.0006162585341371596,0.0,0.0,5.116234660818009e-06,0.014370801858603954,0.014727797693467437,0.00035187960020266473,0.0004360352177172899,0
19400,0.00048394015175290406,0.0003967506636399776,0.018758215010166168,6.953744411468506,0.00048394015175290406,0.0008209446095861495,0.0,0.0,5.335988589649787e-06,0.014432108029723167,0.014834194681952795,0.0003967506636399776,0.00048394015175290406,0
19600,0.00043496093712747097,0.0003504537744447589,0.017552752047777176,7.041867733001709,0.00043496093712747097,0.0006357017555274069,0.0,0.0,5.089269052405143e-06,0.01437371876090765,0.014729261804404814,0.0003504537744447589,0.00043496093712747097,1
19800,0.00043478308361954987,0.0003503197804093361,0.017537204548716545,7.034197807312012,0.00043478308361954987,0.0006376670789904892,0.0,0.0,5.087857061880641e-06,0.01437313947826624,0.014728547115737456,0.0003503197804093361,0.00043478308361954987,1
20000,0.0004354369593784213,0.0003500936727505177,0.017315424978733063,7.016568183898926,0.0004354369593784213,0.0006527497316710651,0.0,0.0,5.0993689910683315e-06,0.01436917670071125,0.014724369742452836,0.0003500936727505177,0.0004354369593784213,1
20200,0.00043474772246554494,0.00035031637526117265,0.01752309687435627,7.023644924163818,0.00043474772246554494,0.0006338382954709232,0.0,0.0,5.0921353249577805e-06,0.014373891986906528,0.014729300497492659,0.00035031637526117265,0.00043474772246554494,0
20400,0.00043457536958158016,0.00035020182258449495,0.017509715631604195,7.017889976501465,0.00043457536958158016,0.0006346036680042744,0.0,0.0,5.091316779726185e-06,0.014373301528394222,0.014728594667758443,0.00035020182258449495,0.00043457536958158016,0
20600,0.00043460080632939935,0.00035005545942112803,0.01736920326948166,7.015063285827637,0.00043460080632939935,0.000635347852949053,0.0,0.0,5.0982635002583265e-06,0.01436888799071312,0.014724041713634506,0.00035005545942112803,0.00043460080632939935,1
20800,0.0004731280205305666,0.0003906561469193548,0.0166530329734087,7.072949409484863,0.0004731280205305666,0.0005093170329928398,0.0,0.0,5.558265002036933e-06,0.01435526181012392,0.014751476222045312,0.0003906561469193548,0.0004731280205305666,0
21000,0.0004343428881838918,0.0003500554885249585,0.0174831785261631,6.999100685119629,0.0004343428881838918,0.0006334151257760823,0.0,0.0,5.093225354357855e-06,0.014373337849974632,0.014728486563853949,0.0003500554885249585,0.0004343428881838918,0
21200,0.00043457798892632127,0.0003502090403344482,0.017607590183615685,6.985968589782715,0.00043457798892632127,0.0006469593499787152,0.0,0.0,5.080146820546361e-06,0.014378547668457031,0.014733836855612026,0.0003502090403344482,0.00043457798892632127,0
21400,0.0004342774336691946,0.00034999888157472014,0.01746579259634018,6.98958158493042,0.0004342774336691946,0.0006315794889815152,0.0,0.0,5.095831511425786e-06,0.014373851008713245,0.014728945721799391,0.00034999888157472014,0.0004342774336691946,1
21600,0.00043411325896158814,0.0003498978039715439,0.01745266653597355,6.983729839324951,0.00043411325896158814,0.0006319870590232313,0.0,0.0,5.095169854030246e-06,0.014373380690813065,0.014728373664638639,0.0003498978039715439,0.00043411325896158814,1
21800,0.0004340664017945528,0.0003498673322610557,0.017451081424951553,6.975406169891357,0.0004340664017945528,0.000632388808298856,0.0,0.0,5.095268534205388e-06,0.014373877085745335,0.014728839686540596,0.0003498673322610557,0.0004340664017945528,1
22000,0.0004340016166679561,0.000349854031810537,0.01743154600262642,6.970665454864502,0.0004340016166679561,0.0006300642853602767,0.0,0.0,5.097687790112104e-06,0.014373540878295898,0.014728492597896548,0.000349854031810537,0.0004340016166679561,1
22200,0.00043389369966462255,0.000349766225554049,0.017425376921892166,6.964758396148682,0.00043389369966462255,0.0006306446739472449,0.0,0.0,5.097136181575479e-06,0.014373593963682652,0.014728457325418276,0.000349766225554049,0.00043389369966462255,1
22400,0.00043373790686018765,0.00034965953091159463,0.01741393655538559,6.958796977996826,0.00043373790686018765,0.0006313511403277516,0.0,0.0,5.096246241009794e-06,0.014373267069458961,0.014728022846611566,0.00034965953091159463,0.00043373790686018765,1
22600,0.00043360725976526737,0.00034953231806866825,0.0174239594489336,6.950281620025635,0.00043360725976526737,0.0006363174761645496,0.0,0.0,5.091030743642477e-06,0.014373955316841602,0.014728578665653913,0.00034953231806866825,0.00043360725976526737,1
22800,0.0004353961849119514,0.000352465984178707,0.017415206879377365,6.951033592224121,0.0004353961849119514,0.0005958778201602399,0.0,0.0,5.137685093359323e-06,0.014374134130775928,0.014731737800047995,0.000352465984178707,0.0004353961849119514,0
23000,0.0004334266122896224,0.0003495513228699565,0.017367679625749588,6.939697265625,0.0004334266122896224,0.0006287798169068992,0.0,0.0,5.0985081543331034e-06,0.01437282282859087,0.01472747265961516,0.0003495513228699565,0.0004334266122896224,0
23200,0.0004409637476783246,0.0003560332697816193,0.01794601045548916,6.886829376220703,0.0004409637476783246,0.0007003337959758937,0.0,0.0,5.0932967496919446e-06,0.014398537576198578,0.01475966414272989,0.0003560332697816193,0.0004409637476783246,0
23400,0.00043332422501407564,0.0003493941330816597,0.017365464940667152,6.9277825355529785,0.00043332422501407564,0.0006288015283644199,0.0,0.0,5.0989283408853225e-06,0.014373669400811195,0.01472816246223374,0.0003493941330816597,0.00043332422501407564,1
23600,0.00043312530033290386,0.0003492674441076815,0.017352811992168427,6.921230316162109,0.00043312530033290386,0.0006299018277786672,0.0,0.0,5.097375378682045e-06,0.014373214915394783,0.014727579734881147,0.0003492674441076815,0.00043312530033290386,1
23800,0.00043334136717021465,0.0003501908795442432,0.017393840476870537,6.919619083404541,0.00043334136717021465,0.0006130817928351462,0.0,0.0,5.108463938086061e-06,0.014374800957739353,0.014730100301221682,0.0003501908795442432,0.00043334136717021465,0
24000,0.00043332832865417004,0.00034977507311850786,0.01726226881146431,6.903911113739014,0.00043332832865417004,0.0006149639375507832,0.0,0.0,5.113619408803061e-06,0.014372057281434536,0.014726945973961847,0.00034977507311850786,0.00043332832865417004,0
24200,0.0004408645036164671,0.00035578396636992693,0.017647957429289818,6.85603666305542,0.0004408645036164671,0.0007155387429520488,0.0,0.0,5.103088369651232e-06,0.014391017146408558,0.014751904201148136,0.00035578396636992693,0.0004408645036164671,0
24400,0.00043279820238240063,0.00034906025393866,0.017311610281467438,6.895014762878418,0.00043279820238240063,0.0006273772451095283,0.0,0.0,5.099843292555306e-06,0.014373842626810074,0.01472800272404129,0.00034906025393866,0.00043279820238240063,1
24600,0.00043260754318907857,0.0003489353694021702,0.017298147082328796,6.888284683227539,0.00043260754318907857,0.0006281136884354055,0.0,0.0,5.09858864461421e-06,0.0143734784796834,0.014727512437730184,0.0003489353694021702,0.00043260754318907857,1
24800,0.0004324062028899789,0.0003487920621410012,0.017259469255805016,6.880949020385742,0.0004324062028899789,0.0006290671299211681,0.0,0.0,5.097720077174017e-06,0.014372468926012516,0.014726358708230691,0.0003487920621410012,0.0004324062028899789,1
25000,0.000488981488160789,0.0004042189393658191,0.015766702592372894,6.945555686950684,0.000488981488160789,0.0005241108010523021,0.0,0.0,5.7331226344103925e-06,0.014353269711136818,0.014763221773137047,0.0004042189393658191,0.000488981488160789,0
25200,0.0004322936001699418,0.0003487441863398999,0.017264172434806824,6.867146968841553,0.0004322936001699418,0.0006265372503548861,0.0,0.0,5.099575446365634e-06,0.01437382958829403,0.014727673350080295,0.0003487441863398999,0.0004322936001699418,1
25400,0.0004321325395721942,0.00034864628105424345,0.017248764634132385,6.860418319702148,0.0004321325395721942,0.0006265442934818566,0.0,0.0,5.0991966418223456e-06,0.014373628422617912,0.014727373900313978,0.00034864628105424345,0.0004321325395721942,1
25600,0.0004319282597862184,0.0003485007619019598,0.017246374860405922,6.851805686950684,0.0004319282597862184,0.0006293951300904155,0.0,0.0,5.0958242354681715e-06,0.01437390223145485,0.014727498817592277,0.0003485007619019598,0.0004319282597862184,1
25800,0.0004797204746864736,0.00038909103022888303,0.016727210953831673,6.776787281036377,0.0004797204746864736,0.000865762704052031,0.0,0.0,5.389629677665653e-06,0.014363185502588749,0.014757666162495298,0.00038909103022888303,0.0004797204746864736,0
26000,0.0004666991299018264,0.00038128369487822056,0.018157808110117912,6.750487327575684,0.0004666991299018264,0.0007770528318360448,0.0,0.0,5.256292752164882e-06,0.014421996660530567,0.014808536648160953,0.00038128369487822056,0.0004666991299018264,0
26200,0.00043168614502064884,0.000348380213836208,0.01720522902905941,6.830446720123291,0.00043168614502064884,0.0006249690195545554,0.0,0.0,5.099755981063936e-06,0.01437426172196865,0.014727741691785923,0.000348380213836208,0.00043168614502064884,1
26400,0.0004315079713705927,0.00034826647606678307,0.017190836369991302,6.823320388793945,0.0004315079713705927,0.0006253392202779651,0.0,0.0,5.098911060485989e-06,0.014374122023582458,0.014727487410709728,0.00034826647606678307,0.0004315079713705927,1
26600,0.000431279418990016,0.0003481309104245156,0.01717972196638584,6.815014839172363,0.000431279418990016,0.0006268688011914492,0.0,0.0,5.096634595247451e-06,0.014374145306646824,0.014727372851666587,0.0003481309104245156,0.000431279418990016,1
26800,0.0004312848031986505,0.0003481384483166039,0.017163168638944626,6.810404300689697,0.0004312848031986505,0.0006233395542949438,0.0,0.0,5.100027919979766e-06,0.014374441467225552,0.014727679943462135,0.0003481384483166039,0.0004312848031986505,0
27000,0.00043091384577564895,0.0003479013976175338,0.017146676778793335,6.799781322479248,0.00043091384577564895,0.0006263816612772644,0.0,0.0,5.095692813483765e-06,0.014373455196619034,0.014726452287050051,0.0003479013976175338,0.00043091384577564895,1
27200,0.00043094196007587016,0.00034792671795003116,0.017136014997959137,6.794945240020752,0.00043094196007587016,0.0006232589948922396,0.0,0.0,5.098696874483721e-06,0.014374305494129658,0.014727330908954173,0.00034792671795003116,0.00043094196007587016,0
27400,0.0004307250783313066,0.00034781405702233315,0.01711834967136383,6.786525249481201,0.0004307250783313066,0.0006238729692995548,0.0,0.0,5.097552730148891e-06,0.014373989775776863,0.014726901385529345,0.00034781405702233315,0.0004307250783313066,1
27600,0.00043433698010630906,0.0003506349166855216,0.01737973280251026,6.742185115814209,0.00043433698010630906,0.0006754421046935022,0.0,0.0,5.088384568807669e-06,0.01438918523490429,0.014744908536158619,0.0003506349166855216,0.00043433698010630906,0
27800,0.00043043901678174734,0.00034764062729664147,0.017094220966100693,6.770847320556641,0.00043043901678174734,0.0006231798906810582,0.0,0.0,5.097052962810267e-06,0.014374272897839546,0.014727010578098998,0.00034764062729664147,0.00043043901678174734,1
28000,0.0004302581073716283,0.0003476389101706445,0.017136845737695694,6.761968612670898,0.0004302581073716283,0.0006278751534409821,0.0,0.0,5.089741989650065e-06,0.014376496896147728,0.014729225548308023,0.0003476389101706445,0.0004302581073716283,1
28200,0.0005467708106152713,0.0004661835846491158,0.015511306002736092,6.860659122467041,0.0005467708106152713,0.0004548546567093581,0.0,0.0,6.3201860029948875e-06,0.014354761689901352,0.014827265460553463,0.0004661835846491158,0.0005467708106152713,0
28400,0.0004299284191802144,0.0003473572141956538,0.017046142369508743,6.747293472290039,0.0004299284191802144,0.0006219804636202753,0.0,0.0,5.096171207696898e-06,0.014374418184161186,0.014726871569564537,0.0003473572141956538,0.0004299284191802144,1
28600,0.00042971057700924575,0.00034720919211395085,0.01702786609530449,6.736726760864258,0.00042971057700924575,0.0006234433385543525,0.0,0.0,5.094432708574459e-06,0.014374383725225925,0.01472668735004845,0.00034720919211395085,0.00042971057700924575,1
28800,0.00042959878919646144,0.00034732624772004783,0.016980666667222977,6.730595588684082,0.00042959878919646144,0.000616865640040487,0.0,0.0,5.099907411931781e-06,0.01437334530055523,0.014725771455687209,0.00034732624772004783,0.00042959878919646144,0
29000,0.0004342220490798354,0.00035238638520240784,0.0167576652020216,6.724245071411133,0.0004342220490798354,0.0005820858641527593,0.0,0.0,5.180345397093333e-06,0.014368116855621338,0.014725683586220839,0.00035238638520240784,0.0004342220490798354,0
29200,0.0004292284429538995,0.00034698157105594873,0.0169817004352808,6.71365213394165,0.0004292284429538995,0.0006203954108059406,0.0,0.0,5.094984317111084e-06,0.014374780468642712,0.014726857024015771,0.00034698157105594873,0.0004292284429538995,1
29400,0.0004289402568247169,0.0003468151844572276,0.016964230686426163,6.7043776512146,0.0004289402568247169,0.0006217520567588508,0.0,0.0,5.092414085083874e-06,0.01437451597303152,0.014726423571573832,0.0003468151844572276,0.0004289402568247169,1
29600,0.00043465488124638796,0.0003536416916176677,0.017720608040690422,6.671568870544434,0.00043465488124638796,0.0006381864659488201,0.0,0.0,5.0961125452886336e-06,0.014408374205231667,0.014767112009394623,0.0003536416916176677,0.00043465488124638796,0
29800,0.0004286206385586411,0.000346633605659008,0.016936592757701874,6.688512325286865,0.0004286206385586411,0.0006207238184288144,0.0,0.0,5.091709681437351e-06,0.014375204220414162,0.014726929535754607,0.000346633605659008,0.0004286206385586411,1
30000,0.0004283807647880167,0.00034652967588044703,0.016908034682273865,6.680400848388672,0.0004283807647880167,0.0006192340515553951,0.0,0.0,5.092081210023025e-06,0.014374720863997936,0.014726342621088406,0.00034652967588044703,0.0004283807647880167,1
30200,0.00042811405728571117,0.0003463890461716801,0.016886310651898384,6.670797348022461,0.00042811405728571117,0.0006195209571160376,0.0,0.0,5.0906373871839605e-06,0.014374454505741596,0.01472593418930046,0.0003463890461716801,0.00042811405728571117,1
30400,0.00042799056973308325,0.0003464647743385285,0.016794612631201744,6.666493892669678,0.00042799056973308325,0.0006137202144600451,0.0,0.0,5.097458142699907e-06,0.014371777884662151,0.01472334011714338,0.0003464647743385285,0.00042799056973308325,0
30600,0.0004990656161680818,0.0004137360956519842,0.01836073026061058,6.526758670806885,0.0004990656161680818,0.0008427609573118389,0.0,0.0,5.477956165123032e-06,0.014457926154136658,0.014877140205953765,0.0004137360956519842,0.0004990656161680818,0
30800,0.000427497667260468,0.0003460792067926377,0.016830921173095703,6.646051406860352,0.000427497667260468,0.0006176293827593327,0.0,0.0,5.089201295049861e-06,0.014374732971191406,0.014725901379279094,0.0003460792067926377,0.000427497667260468,1
31000,0.0004272475198376924,0.0003459554573055357,0.01681210659444332,6.636471748352051,0.0004272475198376924,0.0006177854957059026,0.0,0.0,5.087857061880641e-06,0.01437466498464346,0.014725708299010876,0.0003459554573055357,0.0004272475198376924,1
31200,0.0004270017670933157,0.0003458682622294873,0.016782842576503754,6.627516746520996,0.0004270017670933157,0.0006165780359879136,0.0,0.0,5.0880339586001355e-06,0.014374344609677792,0.014725300905865879,0.0003458682622294873,0.0004270017670933157,1
31400,0.00043060301686637104,0.0003511359973344952,0.016778217628598213,6.6264519691467285,0.00043060301686637104,0.000567190523725003,0.0,0.0,5.157914074516157e-06,0.014375617727637291,0.014731911639046302,0.0003511359973344952,0.00043060301686637104,0
31600,0.000426585873356089,0.00034560548374429345,0.016761263832449913,6.610249042510986,0.000426585873356089,0.0006180371274240315,0.0,0.0,5.08414768773946e-06,0.01437518373131752,0.014725873362749553,0.00034560548374429345,0.000426585873356089,1
31800,0.0004263755981810391,0.0003455369733273983,0.016734309494495392,6.602797985076904,0.0004263755981810391,0.0006160303018987179,0.0,0.0,5.0851181185862515e-06,0.014374861493706703,0.014725483585152688,0.0003455369733273983,0.0004263755981810391,1
32000,0.0004261164285708219,0.00034541322384029627,0.016714507713913918,6.594022750854492,0.0004261164285708219,0.0006162836216390133,0.0,0.0,5.0835519687097985e-06,0.014374764636158943,0.01472526141196795,0.00034541322384029627,0.0004261164285708219,1
32200,0.0004258551634848118,0.00034526860690675676,0.016684425994753838,6.58579158782959,0.0004258551634848118,0.0006163680809549987,0.0,0.0,5.082359621155774e-06,0.014374465681612492,0.014724816648140404,0.00034526860690675676,0.0004258551634848118,1
32400,0.0004287139163352549,0.0003468174545560032,0.016697103157639503,6.544418811798096,0.0004287139163352549,0.0006669338908977807,0.0,0.0,5.0756252676364966e-06,0.014379112049937248,0.014731005129760888,0.0003468174545560032,0.0004287139163352549,0
32600,0.000425406702561304,0.0003450753283686936,0.016665657982230186,6.571592807769775,0.000425406702561304,0.0006158170872367918,0.0,0.0,5.079366019344889e-06,0.014375320635735989,0.014725475330124027,0.0003450753283686936,0.000425406702561304,1
32800,0.0004251599602866918,0.00034496875014156103,0.016629600897431374,6.563713550567627,0.0004251599602866918,0.0006143284263089299,0.0,0.0,5.0799312703020405e-06,0.014374623075127602,0.014724671756539465,0.00034496875014156103,0.0004251599602866918,1
33000,0.0004249169141985476,0.0003448655770625919,0.01660977676510811,6.555263996124268,0.0004249169141985476,0.0006142514757812023,0.0,0.0,5.078696176497033e-06,0.01437457650899887,0.01472452078223796,0.0003448655770625919,0.0004249169141985476,1
33200,0.0004246757598593831,0.0003447133640293032,0.016603117808699608,6.54577112197876,0.0004246757598593831,0.0006178635521791875,0.0,0.0,5.074165528640151e-06,0.014375180937349796,0.01472496846690774,0.0003447133640293032,0.0004246757598593831,1
33400,0.00042541357106529176,0.00034503836650401354,0.016394926235079765,6.527745723724365,0.00042541357106529176,0.0006097818841226399,0.0,0.0,5.0988655857509e-06,0.01436976995319128,0.014719907185281045,0.00034503836650401354,0.00042541357106529176,0
33600,0.00042428160668350756,0.00034469968522898853,0.016510535031557083,6.538331508636475,0.00042428160668350756,0.0006071985117159784,0.0,0.0,5.0820863179978915e-06,0.01437299232929945,0.014722774100846436,0.00034469968522898853,0.00042428160668350756,1
33800,0.0004239797708578408,0.00034446161589585245,0.01652853935956955,6.528034687042236,0.0004239797708578408,0.0006125398213043809,0.0,0.0,5.074630735180108e-06,0.014374490827322006,0.014724027073953039,0.00034446161589585245,0.0004239797708578408,1
34000,0.0004237364628352225,0.00034437255817465484,0.01651117205619812,6.519686222076416,0.0004237364628352225,0.0006126624648459256,0.0,0.0,5.073007741884794e-06,0.014374456368386745,0.014723901934303285,0.00034437255817465484,0.0004237364628352225,1
34200,0.00042360046063549817,0.00034399950527586043,0.016439447179436684,6.511027812957764,0.00042360046063549817,0.0006216710316948593,0.0,0.0,5.06840933667263e-06,0.014372706413269043,0.014721774327881576,0.00034399950527586043,0.00042360046063549817,1
34400,0.0004340840969234705,0.0003550525289028883,0.017294442281126976,6.4648942947387695,0.0004340840969234705,0.0006680794758722186,0.0,0.0,5.088990747026401e-06,0.014413591474294662,0.014773732993944577,0.0003550525289028883,0.0004340840969234705,0
34600,0.0004230852355249226,0.0003440699656493962,0.016463125124573708,6.502764701843262,0.0004230852355249226,0.0006134341238066554,0.0,0.0,5.068084647064097e-06,0.0143749313428998,0.01472406939319626,0.0003440699656493962,0.0004230852355249226,0
34800,0.0004228516190778464,0.00034402695018798113,0.01643231511116028,6.496960639953613,0.0004228516190778464,0.0006107359076850116,0.0,0.0,5.069178314442979e-06,0.014374332502484322,0.014723428630986746,0.00034402695018798113,0.0004228516190778464,0
35000,0.0004226299934089184,0.00034395771217532456,0.01641366258263588,6.490374565124512,0.0004226299934089184,0.0006103611667640507,0.0,0.0,5.0680673666647635e-06,0.014374297112226486,0.014723322891768476,0.00034395771217532456,0.0004226299934089184,1
35200,0.00042241293704137206,0.0003438172861933708,0.016401764005422592,6.48136043548584,0.00042241293704137206,0.0006142991478554904,0.0,0.0,5.063259777671192e-06,0.014374589547514915,0.014723470093485957,0.0003438172861933708,0.00042241293704137206,1
35400,0.00042257082532159984,0.00034362750011496246,0.016353115439414978,6.461788654327393,0.00042257082532159984,0.0006147065432742238,0.0,0.0,5.0710755203908775e-06,0.014374523423612118,0.014723221999247471,0.00034362750011496246,0.00042257082532159984,1
35600,0.0004815194697584957,0.0004042712680529803,0.015369786880910397,6.519758224487305,0.0004815194697584957,0.0004753529792651534,0.0,0.0,5.72475983062759e-06,0.014347371645271778,0.014757367673155386,0.0004042712680529803,0.0004815194697584957,0
35800,0.0004217986424919218,0.00034366428735665977,0.016341926530003548,6.470312118530273,0.0004217986424919218,0.0006089392118155956,0.0,0.0,5.06386913912138e-06,0.014374268241226673,0.014722996397722454,0.00034366428735665977,0.0004217986424919218,0
36000,0.0004215954686515033,0.0003436139668338001,0.01632677949965,6.462756156921387,0.0004215954686515033,0.0006090807728469372,0.0,0.0,5.062433956481982e-06,0.014374330639839172,0.014723007040629454,0.0003436139668338001,0.0004215954686515033,1
36200,0.0004220895061735064,0.0003443474124651402,0.01651991531252861,6.444143772125244,0.0004220895061735064,0.0006216182373464108,0.0,0.0,5.048529146733927e-06,0.014383758418262005,0.014733154359873879,0.0003443474124651402,0.0004220895061735064,0
36400,0.00046498863957822323,0.0003888615465257317,0.015365921892225742,6.5113983154296875,0.00046498863957822323,0.0004985810955986381,0.0,0.0,5.5792302191548515e-06,0.014350226148962975,0.014744666925707861,0.0003888615465257317,0.00046498863957822323,0
36600,0.0004209883336443454,0.00034341777791269124,0.016273271292448044,6.452179908752441,0.0004209883336443454,0.000607512251008302,0.0,0.0,5.059445356891956e-06,0.014374282211065292,0.014722759434334876,0.00034341777791269124,0.0004209883336443454,1
36800,0.0004209959297440946,0.0003433302335906774,0.016284098848700523,6.433351516723633,0.0004209959297440946,0.0006103442865423858,0.0,0.0,5.060171133663971e-06,0.014376620762050152,0.014725011166774493,0.0003433302335906774,0.0004209959297440946,1
37000,0.0004206360026728362,0.0003433513338677585,0.016248205676674843,6.440897464752197,0.0004206360026728362,0.0006079918821342289,0.0,0.0,5.0565240599098615e-06,0.014374692924320698,0.014723100782248366,0.0003433513338677585,0.0004206360026728362,0
37200,0.00042046510498039424,0.0003432846860960126,0.01624702848494053,6.434931755065918,0.00042046510498039424,0.000610124901868403,0.0,0.0,5.053047061664984e-06,0.014375372789800167,0.014723710522957845,0.0003432846860960126,0.00042046510498039424,1
37400,0.0004207843740005046,0.00034369743661955,0.016077103093266487,6.4350738525390625,0.0004207843740005046,0.0005969241028651595,0.0,0.0,5.072223757451866e-06,0.014369042590260506,0.014717812250637508,0.00034369743661955,0.0004207843740005046,0
37600,0.00042176528950221837,0.0003442057059146464,0.016325872391462326,6.416534423828125,0.00042176528950221837,0.0006391751230694354,0.0,0.0,5.039482857682742e-06,0.014381229877471924,0.014730475066244253,0.0003442057059146464,0.00042176528950221837,0
37800,0.0004199189424980432,0.00034315939410589635,0.016179656609892845,6.4273295402526855,0.0004199189424980432,0.0006054360419511795,0.0,0.0,5.05382513438235e-06,0.014374601654708385,0.014722814873948664,0.00034315939410589635,0.0004199189424980432,1
38000,0.00041976466309279203,0.0003431318327784538,0.016169054433703423,6.422571182250977,0.00041976466309279203,0.00060543033760041,0.0,0.0,5.0526950872153975e-06,0.014374823309481144,0.014723007837346813,0.0003431318327784538,0.00041976466309279203,1
38200,0.00041960252565331757,0.00034311439958401024,0.016162071377038956,6.417152404785156,0.00041960252565331757,0.0006055602570995688,0.0,0.0,5.051187144999858e-06,0.01437522005289793,0.01472338563962694,0.00034311439958401024,0.00041960252565331757,1
38400,0.0004194336070213467,0.0003432767989579588,0.016198374330997467,6.4124860763549805,0.0004194336070213467,0.0006042645545676351,0.0,0.0,5.0475605348765384e-06,0.01437692902982235,0.014725253389315185,0.0003432767989579588,0.0004194336070213467,0
38600,0.00043372949585318565,0.0003588451654650271,0.01598941534757614,6.429247856140137,0.00043372949585318565,0.0005239316960796714,0.0,0.0,5.254694769973867e-06,0.014370935037732124,0.014735034897967125,0.0003588451654650271,0.00043372949585318565,0
38800,0.00047062645899131894,0.00039599297451786697,0.015241879038512707,6.461396217346191,0.00047062645899131894,0.0004745448241010308,0.0,0.0,5.633487944578519e-06,0.014346882700920105,0.01474850916338255,0.00039599297451786697,0.00047062645899131894,0
39000,0.00041944501572288573,0.0003432291850913316,0.016199389472603798,6.398986339569092,0.00041944501572288573,0.0006193809094838798,0.0,0.0,5.036580205342034e-06,0.014380078762769699,0.014728344528066373,0.0003432291850913316,0.00041944501572288573,0
39200,0.0004188384918961674,0.0003429577627684921,0.016087820753455162,6.402711391448975,0.0004188384918961674,0.0006033183890394866,0.0,0.0,5.047822014603298e-06,0.014375506900250912,0.014723512485034007,0.0003429577627684921,0.0004188384918961674,1
39400,0.00042722749640233815,0.00035223655868321657,0.015701763331890106,6.432762622833252,0.00042722749640233815,0.0005433523328974843,0.0,0.0,5.183735083846841e-06,0.014359970577061176,0.01471739087082824,0.00035223655868321657,0.00042722749640233815,0
39600,0.0004185763536952436,0.00034292860073037446,0.01606586202979088,6.3954620361328125,0.0004185763536952436,0.0006028844509273767,0.0,0.0,5.046341811976163e-06,0.014375836588442326,0.014723811530984676,0.00034292860073037446,0.0004185763536952436,1
39800,0.00041845269151963294,0.00034292152849957347,0.01605636440217495,6.390538692474365,0.00041845269151963294,0.0006027718191035092,0.0,0.0,5.045585112384288e-06,0.01437608152627945,0.014724048639891407,0.00034292152849957347,0.00041845269151963294,1
40000,0.0004183330456726253,0.00034291099291294813,0.01604650355875492,6.38600492477417,0.0004183330456726253,0.0006026215851306915,0.0,0.0,5.044902081863256e-06,0.014376350678503513,0.014724306573498325,0.00034291099291294813,0.0004183330456726253,1
40200,0.0004182383418083191,0.0003432320663705468,0.01612073741853237,6.381897926330566,0.0004182383418083191,0.0006022881134413183,0.0,0.0,5.039326424594037e-06,0.014379563741385937,0.014727835134181078,0.0003432320663705468,0.0004182383418083191,0
40400,0.00042117026168853045,0.00034307444002479315,0.01563812978565693,6.338340759277344,0.00042117026168853045,0.0006443762686103582,0.0,0.0,5.0760904741764534e-06,0.014369947835803032,0.014718098366302002,0.00034307444002479315,0.00042117026168853045,0
40600,0.0004358093428891152,0.0003604189842008054,0.015357572585344315,6.383101940155029,0.0004358093428891152,0.0005369663122110069,0.0,0.0,5.282109668769408e-06,0.014355461113154888,0.014721162207024463,0.0003604189842008054,0.0004358093428891152,0
40800,0.00041782099287956953,0.0003428565396461636,0.01599019207060337,6.378704071044922,0.00041782099287956953,0.0005995843675918877,0.0,0.0,5.043956207373412e-06,0.014376534149050713,0.01472443464490425,0.0003428565396461636,0.00041782099287956953,1
41000,0.0004177029768470675,0.00034282272099517286,0.015991199761629105,6.372498989105225,0.0004177029768470675,0.0006011457298882306,0.0,0.0,5.04162107972661e-06,0.014377191662788391,0.01472505600486329,0.00034282272099517286,0.0004177029768470675,1
41200,0.0004176055663265288,0.00034282062551938,0.015984181314706802,6.365238666534424,0.0004176055663265288,0.0006015864200890064,0.0,0.0,5.040778887632769e-06,0.014377450570464134,0.014725311974871147,0.00034282062551938,0.0004176055663265288,1
41400,0.00042292167199775577,0.0003482104220893234,0.015673259273171425,6.363622665405273,0.00042292167199775577,0.0005606861668638885,0.0,0.0,5.140574103279505e-06,0.014368073083460331,0.014721424079652934,0.0003482104220893234,0.00042292167199775577,0
41600,0.0004173627239651978,0.0003427776100579649,0.01595906727015972,6.365739822387695,0.0004173627239651978,0.0006000436842441559,0.0,0.0,5.04018453284516e-06,0.01437769178301096,0.01472550957760177,0.0003427776100579649,0.0004173627239651978,1
41800,0.00041727384086698294,0.00034278412931598723,0.015955176204442978,6.360467433929443,0.00041727384086698294,0.0006001296569593251,0.0,0.0,5.03944056617911e-06,0.014378102496266365,0.014725926066148531,0.00034278412931598723,0.00041727384086698294,0
42000,0.0004171663895249367,0.0003427752526476979,0.015953218564391136,6.356016635894775,0.0004171663895249367,0.0006005874020047486,0.0,0.0,5.038269137003226e-06,0.014378535561263561,0.014726349083048262,0.0003427752526476979,0.0004171663895249367,1
42200,0.0004171062319073826,0.0003428506606724113,0.01593259535729885,6.351108551025391,0.0004171062319073826,0.0005978249828331172,0.0,0.0,5.04031277159811e-06,0.01437807735055685,0.01472596832400086,0.0003428506606724113,0.0004171062319073826,0
42400,0.00044285139301791787,0.00036784145049750805,0.015290647745132446,6.353253364562988,0.00044285139301791787,0.0005143696325831115,0.0,0.0,5.374812189984368e-06,0.014360999688506126,0.014734215951193619,0.00036784145049750805,0.00044285139301791787,0
42600,0.0004168699961155653,0.0003427411720622331,0.015921764075756073,6.348086833953857,0.0004168699961155653,0.0005994600360281765,0.0,0.0,5.037300070398487e-06,0.014378943480551243,0.014726721952683874,0.0003427411720622331,0.0004168699961155653,1
42800,0.00041679441346786916,0.000342754676239565,0.015921689569950104,6.342692852020264,0.00041679441346786916,0.0005996988038532436,0.0,0.0,5.0362973524897825e-06,0.01437955442816019,0.014727345401752245,0.000342754676239565,0.00041679441346786916,0
43000,0.00041668262565508485,0.0003426888142712414,0.015913017094135284,6.337867736816406,0.00041668262565508485,0.0006018682033754885,0.0,0.0,5.033720299252309e-06,0.014379830099642277,0.01472755263421277,0.0003426888142712414,0.00041668262565508485,1
43200,0.0004219885740894824,0.00034742397838272154,0.015476878732442856,6.345946311950684,0.0004219885740894824,0.0005684840143658221,0.0,0.0,5.12601309310412e-06,0.014362937770783901,0.014715487762259727,0.00034742397838272154,0.0004219885740894824,0
43400,0.00041650282219052315,0.0003427265037316829,0.01589985378086567,6.3339924812316895,0.00041650282219052315,0.0006004312890581787,0.0,0.0,5.033459729020251e-06,0.01438025664538145,0.014728016608842154,0.0003427265037316829,0.00041650282219052315,0
43600,0.00041652077925391495,0.00034296876401640475,0.015851179137825966,6.333396911621094,0.00041652077925391495,0.0005916747031733394,0.0,0.0,5.041813437856035e-06,0.014378096908330917,0.014726107485785178,0.00034296876401640475,0.00041652077925391495,0
43800,0.0005116814281791449,0.00043301910045556724,0.01732928864657879,6.1738810539245605,0.0005116814281791449,0.0008890869212336838,0.0,0.0,5.597530162049225e-06,0.01447726134210825,0.014915877972725866,0.00043301910045556724,0.0005116814281791449,0
44000,0.00041622130083851516,0.00034267205046489835,0.0158673245459795,6.328382968902588,0.00041622130083851516,0.0005980253918096423,0.0,0.0,5.034175046603195e-06,0.014380658976733685,0.014728365202245186,0.00034267205046489835,0.00041622130083851516,1
44200,0.00041614126530475914,0.00034266788861714303,0.015858449041843414,6.3244547843933105,0.00041614126530475914,0.0005976537941023707,0.0,0.0,5.034071364207193e-06,0.014380775392055511,0.014728477352036862,0.00034266788861714303,0.00041614126530475914,1
44400,0.0004160759854130447,0.0003426837793085724,0.015855364501476288,6.317504405975342,0.0004160759854130447,0.0005975788226351142,0.0,0.0,5.033815341448644e-06,0.014381064102053642,0.014728781696703663,0.0003426837793085724,0.0004160759854130447,0
44600,0.00041741164750419557,0.00034342517028562725,0.015998510643839836,6.288377285003662,0.00041741164750419557,0.0006281272508203983,0.0,0.0,5.019750915380428e-06,0.014390692114830017,0.014739137036031025,0.00034342517028562725,0.00041741164750419557,0
44800,0.0004167133884038776,0.0003423562156967819,0.015584819950163364,6.287930488586426,0.0004167133884038776,0.0006251569138839841,0.0,0.0,5.036646598455263e-06,0.014376765117049217,0.014724157979344454,0.0003423562156967819,0.0004167133884038776,1
45000,0.0004157958028372377,0.00034261788823641837,0.0158328115940094,6.316498756408691,0.0004157958028372377,0.0005969413323327899,0.0,0.0,5.0322037168371025e-06,0.014381823129951954,0.01472947322190521,0.00034261788823641837,0.0004157958028372377,0
45200,0.0004157130897510797,0.0003426331968512386,0.01581641286611557,6.314083099365234,0.0004157130897510797,0.0005952497594989836,0.0,0.0,5.033431989431847e-06,0.01438140869140625,0.01472907532024692,0.0003426331968512386,0.0004157130897510797,0
45400,0.00041563334525562823,0.0003426010662224144,0.015821659937500954,6.309375762939453,0.00041563334525562823,0.0005968434270471334,0.0,0.0,5.031243745179381e-06,0.014382224529981613,0.014729856839949207,0.0003426010662224144,0.00041563334525562823,0
45600,0.00041556867654435337,0.0003426112816669047,0.015820235013961792,6.302122592926025,0.00041556867654435337,0.0005968532641418278,0.0,0.0,5.030863121646689e-06,0.014382601715624332,0.014730243860412884,0.0003426112816669047,0.00041556867654435337,0
45800,0.0004157905641477555,0.000342854909831658,0.015927854925394058,6.2927021980285645,0.0004157905641477555,0.000607726164162159,0.0,0.0,5.019925538363168e-06,0.014388175681233406,0.014736050516603427,0.000342854909831658,0.0004157905641477555,0
46000,0.00041736479033716023,0.00034553653676994145,0.01612863317131996,6.286131381988525,0.00041736479033716023,0.000576831866055727,0.0,0.0,5.055837391410023e-06,0.014397997409105301,0.014748589783266652,0.00034553653676994145,0.00041736479033716023,0
46200,0.0004185711150057614,0.0003454062680248171,0.016242675483226776,6.256649494171143,0.0004185711150057614,0.000626344932243228,0.0,0.0,5.031737600802444e-06,0.01441137120127678,0.014761809206902399,0.0003454062680248171,0.0004185711150057614,0
46400,0.0004489030980039388,0.000374171941075474,0.016623815521597862,6.199678897857666,0.0004489030980039388,0.0007392995757982135,0.0,0.0,5.181703727430431e-06,0.014435683377087116,0.01481503702189002,0.000374171941075474,0.0004489030980039388,0
46600,0.00041513561154715717,0.00034250409225933254,0.015784718096256256,6.2946457862854,0.00041513561154715717,0.0005962144932709634,0.0,0.0,5.02844750371878e-06,0.014383548870682716,0.014731081410445768,0.00034250409225933254,0.00041513561154715717,0
46800,0.00041506451088935137,0.00034250193857587874,0.015781093388795853,6.289485454559326,0.00041506451088935137,0.0005960923153907061,0.0,0.0,5.028129635320511e-06,0.014383824542164803,0.014731354610376002,0.00034250193857587874,0.00041506451088935137,0
47000,0.00041499073267914355,0.0003424854949116707,0.015778331086039543,6.285029888153076,0.00041499073267914355,0.0005965213058516383,0.0,0.0,5.02733428220381e-06,0.014384126290678978,0.014731639119872852,0.0003424854949116707,0.00041499073267914355,0
47200,0.00041490703006275,0.0003424450405873358,0.01576998643577099,6.281578540802002,0.00041490703006275,0.000596621714066714,0.0,0.0,5.02701595905819e-06,0.014384200796484947,0.014731672853031341,0.0003424450405873358,0.00041490703006275,0
47400,0.0004148074076510966,0.00034248450538143516,0.01577657461166382,6.276224613189697,0.0004148074076510966,0.0005976467509754002,0.0,0.0,5.02375860378379e-06,0.01438453420996666,0.014732042473951878,0.00034248450538143516,0.0004148074076510966,0
47600,0.00048437679652124643,0.00041305331978946924,0.014845944941043854,6.34027099609375,0.00048437679652124643,0.0004561450914479792,0.0,0.0,5.786371730209794e-06,0.014350117184221745,0.014768956875741424,0.00041305331978946924,0.00048437679652124643,0
47800,0.00041464026435278356,0.00034239760134369135,0.015748262405395508,6.279287815093994,0.00041464026435278356,0.0005954043590463698,0.0,0.0,5.025864538765745e-06,0.014384639449417591,0.014732062915300048,0.00034239760134369135,0.00041464026435278356,0
48000,0.0004145778657402843,0.00034239364322274923,0.01574757508933544,6.2742919921875,0.0004145778657402843,0.0005954866064712405,0.0,0.0,5.025377959100297e-06,0.014384942129254341,0.01473236115043619,0.00034239364322274923,0.0004145778657402843,0
48200,0.0004144894774071872,0.00034236491774208844,0.015741033479571342,6.272047519683838,0.0004144894774071872,0.0005952378269284964,0.0,0.0,5.025246991863241e-06,0.014384957030415535,0.014732347195149487,0.00034236491774208844,0.0004144894774071872,0
48400,0.0004144245176576078,0.00034236133797094226,0.015741251409053802,6.26669979095459,0.0004144245176576078,0.000595486955717206,0.0,0.0,5.024395704822382e-06,0.014385337010025978,0.014732722743701743,0.00034236133797094226,0.0004144245176576078,0
48600,0.00041444238740950823,0.00034261136897839606,0.01569296233355999,6.26523494720459,0.00041444238740950823,0.0005876601790077984,0.0,0.0,5.031583896197844e-06,0.014382606372237206,0.0147302493251118,0.00034261136897839606,0.00041444238740950823,0
48800,0.00042244428186677396,0.0003511880349833518,0.015362606383860111,6.303996562957764,0.00042244428186677396,0.0005368562997318804,0.0,0.0,5.156118277227506e-06,0.01436771173030138,0.01472405588356196,0.0003511880349833518,0.00042244428186677396,0
49000,0.0004141489916946739,0.00034225807758048177,0.01571839489042759,6.26577615737915,0.0004141489916946739,0.0005951581406407058,0.0,0.0,5.022564437240362e-06,0.01438560988754034,0.014732890529558063,0.00034225807758048177,0.0004141489916946739,1
49200,0.0004140758537687361,0.00034224329283460975,0.015713734552264214,6.261972427368164,0.0004140758537687361,0.0005948931211605668,0.0,0.0,5.022357072448358e-06,0.014385740272700787,0.014733005922607845,0.00034224329283460975,0.0004140758537687361,1
49400,0.00041398702887818217,0.0003422187874093652,0.01571294665336609,6.257565498352051,0.00041398702887818217,0.0005951193743385375,0.0,0.0,5.021639026381308e-06,0.014385885559022427,0.014733125985458173,0.0003422187874093652,0.00041398702887818217,1
49600,0.000413922913139686,0.00034220179077237844,0.01571134477853775,6.252533435821533,0.000413922913139686,0.0005953316576778889,0.0,0.0,5.021021934226155e-06,0.014386151917278767,0.014733374729985371,0.00034220179077237844,0.000413922913139686,1
49800,0.00041380556649528444,0.0003421505098231137,0.015707043930888176,6.248664379119873,0.00041380556649528444,0.0005961538408882916,0.0,0.0,5.018993306293851e-06,0.014386098831892014,0.014733268335021421,0.0003421505098231137,0.00041380556649528444,1
50000,0.00041655238601379097,0.000344883679645136,0.015497681684792042,6.2516326904296875,0.00041655238601379097,0.0005646957433782518,0.0,0.0,5.076615252619376e-06,0.01437609177082777,0.014726052065725526,0.000344883679645136,0.00041655238601379097,0
50200,0.0004267148324288428,0.00035324931377545,0.016233690083026886,6.176702499389648,0.0004267148324288428,0.0006882675806991756,0.0,0.0,5.052985670772614e-06,0.014423545449972153,0.014781847749418375,0.00035324931377545,0.0004267148324288428,0
50400,0.0004449263506103307,0.0003707717696670443,0.016325103119015694,6.1789655685424805,0.0004449263506103307,0.0007537411875091493,0.0,0.0,5.1534570957301185e-06,0.014429318718612194,0.014805243945374968,0.0003707717696670443,0.0004449263506103307,0
50600,0.0004134712216909975,0.00034204026451334357,0.01565544866025448,6.2504682540893555,0.0004134712216909975,0.0005923756398260593,0.0,0.0,5.020670869271271e-06,0.014385349117219448,0.014732410052602063,0.00034204026451334357,0.0004134712216909975,1
50800,0.00041922603850252926,0.00034684277488850057,0.01594449020922184,6.217217922210693,0.00041922603850252926,0.0006563378847204149,0.0,0.0,5.011542270949576e-06,0.014403361827135086,0.014755216144294536,0.00034684277488850057,0.00041922603850252926,0
51000,0.00041329616215080023,0.0003419477725401521,0.015666630119085312,6.2458882331848145,0.00041329616215080023,0.0005943858996033669,0.0,0.0,5.016986051487038e-06,0.014386466704308987,0.014733431462900626,0.0003419477725401521,0.00041329616215080023,1
51200,0.000413213565479964,0.00034191765007562935,0.015663696452975273,6.2414727210998535,0.000413213565479964,0.000594429555349052,0.0,0.0,5.01640761285671e-06,0.014386562630534172,0.014733496688222658,0.00034191765007562935,0.000413213565479964,1
51400,0.00041312462417408824,0.0003418820269871503,0.01566106453537941,6.239535331726074,0.00041312462417408824,0.000594449054915458,0.0,0.0,5.015612714487361e-06,0.014386693947017193,0.01473359158671883,0.0003418820269871503,0.00041312462417408824,1
51600,0.00041304240585304797,0.0003418543201405555,0.01565374992787838,6.237452983856201,0.00041304240585304797,0.0005939885159023106,0.0,0.0,5.015500846639043e-06,0.014386530965566635,0.01473340078655383,0.0003418543201405555,0.00041304240585304797,1
51800,0.0004129570152144879,0.00034179436624981463,0.015643052756786346,6.234959125518799,0.0004129570152144879,0.0005940559203736484,0.0,0.0,5.015204351366265e-06,0.014386276714503765,0.014733086285104946,0.00034179436624981463,0.0004129570152144879,1
52000,0.00041287217754870653,0.0003417400293983519,0.01565368101000786,6.229889869689941,0.00041287217754870653,0.0005960387643426657,0.0,0.0,5.012515885027824e-06,0.014387158676981926,0.014733911222265306,0.0003417400293983519,0.00041287217754870653,1
52200,0.0004128232249058783,0.00034176200279034674,0.01568255014717579,6.226223468780518,0.0004128232249058783,0.0006009524804539979,0.0,0.0,5.006485025660368e-06,0.014388477429747581,0.014735245917563589,0.00034176200279034674,0.0004128232249058783,0
52400,0.00041777535807341337,0.0003461987362243235,0.016112186014652252,6.179589748382568,0.00041777535807341337,0.0006401198916137218,0.0,0.0,5.004427748644957e-06,0.014413203112781048,0.014764406276754016,0.0003461987362243235,0.00041777535807341337,0
52600,0.0004125729901716113,0.0003416201507207006,0.01562545821070671,6.233607769012451,0.0004125729901716113,0.0005941370618529618,0.0,0.0,5.011597750126384e-06,0.014386358670890331,0.014732990419361158,0.0003416201507207006,0.0004125729901716113,1
52800,0.00041248928755521774,0.00034158199559897184,0.015624246560037136,6.230255126953125,0.00041248928755521774,0.0005942980060353875,0.0,0.0,5.010747827327577e-06,0.014386477880179882,0.014733070623606181,0.00034158199559897184,0.00041248928755521774,1
53000,0.00041240209247916937,0.00034155772300437093,0.015631474554538727,6.223666667938232,0.00041240209247916937,0.0005948073812760413,0.0,0.0,5.009400865674252e-06,0.014386900700628757,0.014733467824498803,0.00034155772300437093,0.00041240209247916937,1
53200,0.0004132328322157264,0.0003430455399211496,0.015613921917974949,6.234601020812988,0.0004132328322157264,0.0005712898564524949,0.0,0.0,5.035386948293308e-06,0.014384014531970024,0.014732095458839467,0.0003430455399211496,0.0004132328322157264,0
53400,0.0004141138051636517,0.00034395139664411545,0.016014140099287033,6.214983940124512,0.0004141138051636517,0.0006040530279278755,0.0,0.0,5.002913894713856e-06,0.014406653121113777,0.014755607431652606,0.00034395139664411545,0.0004141138051636517,0
53600,0.0004121276142541319,0.00034139162744395435,0.015615218318998814,6.222949981689453,0.0004121276142541319,0.0005956047680228949,0.0,0.0,5.0065018513123505e-06,0.014386728405952454,0.01473312653524772,0.00034139162744395435,0.0004121276142541319,1
53800,0.00041202930151484907,0.00034135833266191185,0.015605530701577663,6.220061779022217,0.00041202930151484907,0.0005945194279775023,0.0,0.0,5.006835635867901e-06,0.014386296272277832,0.014732661440575612,0.00034135833266191185,0.00041202930151484907,1
54000,0.0004119279910810292,0.0003413083904888481,0.015614908188581467,6.2185821533203125,0.0004119279910810292,0.0005962231662124395,0.0,0.0,5.00416217619204e-06,0.014387017115950584,0.014733329668615625,0.0003413083904888481,0.0004119279910810292,1
54200,0.00041185322334058583,0.0003410024510230869,0.015529216267168522,6.213077068328857,0.00041185322334058583,0.0005994401290081441,0.0,0.0,5.004043941880809e-06,0.014383340254426003,0.01472934674939097,0.0003410024510230869,0.00041185322334058583,1
54400,0.00042223939090035856,0.0003538243181537837,0.01588083989918232,6.237101078033447,0.00042223939090035856,0.0005248308880254626,0.0,0.0,5.1496758715074975e-06,0.014398882165551186,0.014757856159576477,0.0003538243181537837,0.00042223939090035856,0
54600,0.0004175917129032314,0.00034798277192749083,0.0154035072773695,6.228100776672363,0.0004175917129032314,0.0005391741869971156,0.0,0.0,5.106992375658592e-06,0.014374867081642151,0.0147279568459453,0.00034798277192749083,0.0004175917129032314,0
54800,0.0005218403530307114,0.0004452390712685883,0.01679316721856594,6.063366889953613,0.0005218403530307114,0.000957270385697484,0.0,0.0,5.686850272468291e-06,0.014484885148704052,0.014935811070245109,0.0004452390712685883,0.0005218403530307114,0
55000,0.00041142714326269925,0.00034101889468729496,0.0155722014605999,6.222118377685547,0.00041142714326269925,0.0005953454528935254,0.0,0.0,5.000589226256125e-06,0.014385741204023361,0.014731760687936912,0.00034101889468729496,0.00041142714326269925,0
55200,0.00041132126352749765,0.00034098155447281897,0.015563447028398514,6.217932224273682,0.00041132126352749765,0.0005943358992226422,0.0,0.0,5.000847977498779e-06,0.014385276474058628,0.014731258876508946,0.00034098155447281897,0.00041132126352749765,1
55400,0.0004112189926672727,0.00034092451096512377,0.01556457206606865,6.216686725616455,0.0004112189926672727,0.0005947459721937776,0.0,0.0,4.9995123845292255e-06,0.014385257847607136,0.014731181870956789,0.00034092451096512377,0.0004112189926672727,1
55600,0.00041113392217084765,0.0003408665652386844,0.015565155074000359,6.214149475097656,0.00041113392217084765,0.0005956771783530712,0.0,0.0,4.997860287403455e-06,0.014385310932993889,0.014731175358519977,0.0003408665652386844,0.00041113392217084765,1
55800,0.0004110225127078593,0.0003408050106372684,0.015564178116619587,6.210346698760986,0.0004110225127078593,0.000595934980083257,0.0,0.0,4.996887582819909e-06,0.014385343529284,0.014731145427504089,0.0003408050106372684,0.0004110225127078593,1
56000,0.00041858365875668824,0.00034886912908405066,0.01541843544691801,6.222912788391113,0.00041858365875668824,0.0005416889325715601,0.0,0.0,5.120109108247561e-06,0.01437582727521658,0.014729816513408878,0.00034886912908405066,0.00041858365875668824,0
56200,0.00041081648669205606,0.00034069945104420185,0.015536133199930191,6.218296051025391,0.00041081648669205606,0.0005943507421761751,0.0,0.0,4.996174538973719e-06,0.014384275302290916,0.014729970927874092,0.00034069945104420185,0.00041081648669205606,1
56400,0.00041072224848903716,0.00034064138890244067,0.015534884296357632,6.216204643249512,0.00041072224848903716,0.0005946286837570369,0.0,0.0,4.995079962100135e-06,0.014384149573743343,0.014729786042607884,0.00034064138890244067,0.00041072224848903716,1
56600,0.0004106209089513868,0.00034058786695823073,0.015531393699347973,6.212870121002197,0.0004106209089513868,0.0005947208846919239,0.0,0.0,4.994135906599695e-06,0.014383911155164242,0.014729493158029072,0.00034058786695823073,0.0004106209089513868,1
56800,0.0004105170373804867,0.00034064342617057264,0.015561526641249657,6.209196090698242,0.0004105170373804867,0.0005935640074312687,0.0,0.0,4.993237325834343e-06,0.014385232701897621,0.014730869365394028,0.00034064342617057264,0.0004105170373804867,0
57000,0.00042036004015244544,0.00035212456714361906,0.015676027163863182,6.233217239379883,0.00042036004015244544,0.0005292429705150425,0.0,0.0,5.1363062993914355e-06,0.014387541450560093,0.014744802324003103,0.00035212456714361906,0.00042036004015244544,0
57200,0.0004177137743681669,0.0003484661865513772,0.015181619673967361,6.254175186157227,0.0004177137743681669,0.00053836265578866,0.0,0.0,5.113902261655312e-06,0.014365307055413723,0.014718887144226755,0.0003484661865513772,0.0004177137743681669,0
57400,0.0004102115926798433,0.0003403507580514997,0.015509065240621567,6.216515064239502,0.0004102115926798433,0.0005946732708252966,0.0,0.0,4.990228717360878e-06,0.014383017085492611,0.014728358072261472,0.0003403507580514997,0.0004102115926798433,1
57600,0.0004101051308680326,0.0003402955480851233,0.01551112998276949,6.2115159034729,0.0004101051308680326,0.0005950924823991954,0.0,0.0,4.988899490854237e-06,0.014383002184331417,0.014728286631907395,0.0003402955480851233,0.0004101051308680326,1
57800,0.00041002006037160754,0.0003405557363294065,0.015550060197710991,6.211514949798584,0.00041002006037160754,0.000590127834584564,0.0,0.0,4.990078650735086e-06,0.014384062960743904,0.014729608775724046,0.0003405557363294065,0.00041002006037160754,0
58000,0.00041385655640624464,0.00034397735726088285,0.016011076048016548,6.172445297241211,0.00041385655640624464,0.0006186189129948616,0.0,0.0,5.0027570068778004e-06,0.014417522586882114,0.014766502701149875,0.00034397735726088285,0.00041385655640624464,0
58200,0.00041437242180109024,0.0003433777601458132,0.01553224865347147,6.149570465087891,0.00041437242180109024,0.0006684825057163835,0.0,0.0,4.984427050658269e-06,0.014398702420294285,0.014747064607490756,0.0003433777601458132,0.00041437242180109024,0
58400,0.0004096899356227368,0.00034004219924099743,0.015483433380723,6.217381000518799,0.0004096899356227368,0.0005948730977252126,0.0,0.0,4.985050054528983e-06,0.014381684362888336,0.014726711612183863,0.00034004219924099743,0.0004096899356227368,1
58600,0.0004095733165740967,0.000339977239491418,0.015486451797187328,6.210136890411377,0.0004095733165740967,0.0005955193191766739,0.0,0.0,4.983548478776356e-06,0.014381615445017815,0.014726576232988009,0.000339977239491418,0.0004095733165740967,1
58800,0.0004094983160030097,0.0003398474073037505,0.015492734499275684,6.209415912628174,0.0004094983160030097,0.0006009027711115777,0.0,0.0,4.977892785973381e-06,0.01438199169933796,0.014726816999427683,0.0003398474073037505,0.0004094983160030097,1
59000,0.00040939642349258065,0.00034013440017588437,0.015505990944802761,6.214083194732666,0.00040939642349258065,0.0005899158422835171,0.0,0.0,4.984718998457538e-06,0.01438185479491949,0.014726973914093833,0.00034013440017588437,0.00040939642349258065,0
59200,0.0004093512543477118,0.0003400641435291618,0.0154417734593153,6.218832015991211,0.0004093512543477118,0.0005871392204426229,0.0,0.0,4.989141416444909e-06,0.014378736726939678,0.014723790011885285,0.0003400641435291618,0.0004093512543477118,0
59400,0.0004091729933861643,0.0003397985710762441,0.015507151372730732,6.20883321762085,0.0004091729933861643,0.0005948609905317426,0.0,0.0,4.977019671059679e-06,0.01438138447701931,0.014726160067766614,0.0003397985710762441,0.0004091729933861643,1
59600,0.00043729395838454366,0.000368690729374066,0.01487902831286192,6.2598466873168945,0.00043729395838454366,0.0004933014279231429,0.0,0.0,5.338110440789023e-06,0.014352758415043354,0.014726787254858209,0.000368690729374066,0.00043729395838454366,0
59800,0.00040895340498536825,0.0003395864914637059,0.01544871460646391,6.219736099243164,0.00040895340498536825,0.0005955694941803813,0.0,0.0,4.977244770998368e-06,0.014379734173417091,0.014724297909651796,0.0003395864914637059,0.00040895340498536825,1
60000,0.0004088419664185494,0.00033951987279579043,0.015447470359504223,6.214803218841553,0.0004088419664185494,0.0005957589601166546,0.0,0.0,4.976266609446611e-06,0.014379440806806087,0.014723936946211325,0.00033951987279579043,0.0004088419664185494,1
60200,0.00040874278056435287,0.00033943098969757557,0.015443651005625725,6.21243143081665,0.00040874278056435287,0.0005964477313682437,0.0,0.0,4.974982402927708e-06,0.014379069209098816,0.01472347518119932,0.00033943098969757557,0.00040874278056435287,1
60400,0.0004086896078661084,0.0003394671075511724,0.015390181913971901,6.214776992797852,0.0004086896078661084,0.0005915785441175103,0.0,0.0,4.9793179641710594e-06,0.014375532045960426,0.01471997847147577,0.0003394671075511724,0.0004086896078661084,0
60600,0.00040957247256301343,0.00034093510475941,0.015473483130335808,6.213534355163574,0.00040957247256301343,0.0005735474405810237,0.0,0.0,5.002848411095329e-06,0.01438195537775755,0.014727893330928055,0.00034093510475941,0.00040957247256301343,0
60800,0.0004233202780596912,0.0003509093658067286,0.015810346230864525,6.117894649505615,0.0004233202780596912,0.0007216897211037576,0.0,0.0,5.026101007388206e-06,0.014418130740523338,0.014774066207337455,0.0003509093658067286,0.0004233202780596912,0
61000,0.00040832714876160026,0.0003391886712051928,0.015419877134263515,6.220853805541992,0.00040832714876160026,0.0005959912086836994,0.0,0.0,4.9708542064763606e-06,0.014377803541719913,0.014721963067131583,0.0003391886712051928,0.00040832714876160026,1
61200,0.0004082242667209357,0.0003391286008991301,0.015419543720781803,6.217540740966797,0.0004082242667209357,0.0005961499991826713,0.0,0.0,4.969743713445496e-06,0.014377515763044357,0.014721614107656933,0.0003391286008991301,0.0004082242667209357,1
61400,0.0004081217630300671,0.00033902571885846555,0.015418807975947857,6.212092399597168,0.0004081217630300671,0.0005978518747724593,0.0,0.0,4.967728273186367e-06,0.014377420768141747,0.014721414215273398,0.00033902571885846555,0.0004081217630300671,1
61600,0.0004089162976015359,0.00033898334368132055,0.015183334238827229,6.203176021575928,0.0004089162976015359,0.0005989119526930153,0.0,0.0,4.989381068298826e-06,0.014369104988873005,0.014713077713622624,0.00033898334368132055,0.0004089162976015359,1
61800,0.00040790706407278776,0.0003389207413420081,0.015399249270558357,6.223720073699951,0.00040790706407278776,0.000596306927036494,0.0,0.0,4.966342203260865e-06,0.014376371167600155,0.014720258251145424,0.0003389207413420081,0.00040790706407278776,1
62000,0.0004078115744050592,0.00033885688753798604,0.015399851836264133,6.221635341644287,0.0004078115744050592,0.0005966531462036073,0.0,0.0,4.965068001183681e-06,0.0143761420622468,0.01471996401778597,0.00033885688753798604,0.0004078115744050592,1
62200,0.0004077058983966708,0.0003387900360394269,0.015400104224681854,6.219477653503418,0.0004077058983966708,0.0005971022183075547,0.0,0.0,4.963586434314493e-06,0.014375953003764153,0.014719706626237894,0.0003387900360394269,0.0004077058983966708,1
62400,0.0004076105251442641,0.00033869987237267196,0.015404791571199894,6.216372013092041,0.0004076105251442641,0.0005987822078168392,0.0,0.0,4.961415470461361e-06,0.014376192353665829,0.014719853641508962,0.00033869987237267196,0.0004076105251442641,1
62600,0.0004079138161614537,0.0003395759267732501,0.015390769578516483,6.226959228515625,0.0004079138161614537,0.0005803954554721713,0.0,0.0,4.9790455705078784e-06,0.014373572543263435,0.014718127515607193,0.0003395759267732501,0.0004079138161614537,0
62800,0.00040739899850450456,0.00033858008100651205,0.015376077964901924,6.227741718292236,0.00040739899850450456,0.0005968508194200695,0.0,0.0,4.960708338330733e-06,0.014374624006450176,0.014718164795795019,0.00033858008100651205,0.00040739899850450456,1
63000,0.00040728674503043294,0.00033851369516924024,0.015378556214272976,6.22189998626709,0.00040728674503043294,0.0005973707884550095,0.0,0.0,4.959294074069476e-06,0.01437433436512947,0.01471780735437278,0.00033851369516924024,0.00040728674503043294,1
63200,0.0004071960865985602,0.0003384745796211064,0.015361572615802288,6.220685958862305,0.0004071960865985602,0.0005956953973509371,0.0,0.0,4.9603768275119364e-06,0.01437312364578247,0.014716558602231089,0.0003384745796211064,0.0004071960865985602,1
63400,0.0004072825249750167,0.000338550511514768,0.015284741297364235,6.2267351150512695,0.0004072825249750167,0.0005893706693314016,0.0,0.0,4.968467692378908e-06,0.014368596486747265,0.014712115465954412,0.000338550511514768,0.0004072825249750167,0
63600,0.00040788904880173504,0.00033886314486153424,0.015175587497651577,6.21560001373291,0.00040788904880173504,0.0005850036395713687,0.0,0.0,4.986071417079074e-06,0.014367282390594482,0.014711131606873096,0.00033886314486153424,0.00040788904880173504,0
63800,0.00043899170123040676,0.00036587886279448867,0.015305852517485619,6.110583782196045,0.00043899170123040676,0.0007854241412132978,0.0,0.0,5.107453944219742e-06,0.014390336349606514,0.014761322666345222,0.00036587886279448867,0.00043899170123040676,0
64000,0.00040681823156774044,0.00033816014183685184,0.015370707958936691,6.229493141174316,0.00040681823156774044,0.0006009991629980505,0.0,0.0,4.9506438699609134e-06,0.014373784884810448,0.01471689567051726,0.00033816014183685184,0.00040681823156774044,1
64200,0.0004066963738296181,0.0003381076385267079,0.01534790638834238,6.22963809967041,0.0004066963738296181,0.0005979047273285687,0.0,0.0,4.952721610607114e-06,0.014372219331562519,0.014715279691699834,0.0003381076385267079,0.0004066963738296181,1
64400,0.00040658380021341145,0.0003380338312126696,0.015351088717579842,6.224888324737549,0.00040658380021341145,0.0005986411706544459,0.0,0.0,4.9510199460200965e-06,0.014371996745467186,0.014714981596625876,0.0003380338312126696,0.00040658380021341145,1
64600,0.0004065879911649972,0.0003381763235665858,0.015277156606316566,6.2292680740356445,0.0004065879911649972,0.0005907775484956801,0.0,0.0,4.95935273647774e-06,0.014367605559527874,0.014710741235830938,0.0003381763235665858,0.0004065879911649972,0
64800,0.0004140782984904945,0.00034614079049788415,0.01614866964519024,6.1918487548828125,0.0004140782984904945,0.0006279436056502163,0.0,0.0,4.9712189138517715e-06,0.014418967999517918,0.014770080008929654,0.00034614079049788415,0.0004140782984904945,0
65000,0.0004182288539595902,0.00035043738898821175,0.015019348822534084,6.255274772644043,0.0004182288539595902,0.0005243835621513426,0.0,0.0,5.126331416249741e-06,0.01435278169810772,0.014708345418512181,0.00035043738898821175,0.0004182288539595902,0
65200,0.00041830874397419393,0.00035058610956184566,0.014900936745107174,6.282182693481445,0.00041830874397419393,0.0005275810253806412,0.0,0.0,5.1260926738905255e-06,0.014347284100949764,0.0147029963031855,0.00035058610956184566,0.00041830874397419393,0
65400,0.0004061151994392276,0.0003377035027369857,0.01532127894461155,6.235862731933594,0.0004061151994392276,0.0005988542689010501,0.0,0.0,4.945802174916025e-06,0.014370067976415157,0.014712717281327059,0.0003377035027369857,0.0004061151994392276,1
65600,0.000406016712076962,0.0003376369713805616,0.015317156910896301,6.235299587249756,0.000406016712076962,0.0005988548509776592,0.0,0.0,4.944899046677165e-06,0.014369656331837177,0.014712238202264416,0.0003376369713805616,0.000406016712076962,1
65800,0.0004059141792822629,0.0003375686355866492,0.015314696356654167,6.23428201675415,0.0004059141792822629,0.0005990761565044522,0.0,0.0,4.943713065586053e-06,0.014369306154549122,0.014711818503201357,0.0003375686355866492,0.0004059141792822629,1
66000,0.00040582328801974654,0.0003374916559550911,0.015310338698327541,6.235284805297852,0.00040582328801974654,0.0005995125975459814,0.0,0.0,4.942437954014167e-06,0.014368985779583454,0.01471141987349256,0.0003374916559550911,0.00040582328801974654,1
66200,0.0004057231708429754,0.0003374298685230315,0.015310953371226788,6.2346649169921875,0.0004057231708429754,0.0005998963606543839,0.0,0.0,4.941047336615156e-06,0.014368812553584576,0.014711183469444222,0.0003374298685230315,0.0004057231708429754,1
66400,0.00040562794310972095,0.00033734695171006024,0.015309300273656845,6.2334370613098145,0.00040562794310972095,0.0006008105701766908,0.0,0.0,4.939373866363894e-06,0.0143686318770051,0.014710918202581524,0.00033734695171006024,0.00040562794310972095,1
66600,0.00040554432780481875,0.00033725117100402713,0.015307731926441193,6.234426498413086,0.00040554432780481875,0.0006021297303959727,0.0,0.0,4.937708581564948e-06,0.014368424192070961,0.014710613071656553,0.00033725117100402713,0.00040554432780481875,1
66800,0.0004054448218084872,0.0003372361825313419,0.015292237512767315,6.2359466552734375,0.0004054448218084872,0.00059942138614133,0.0,0.0,4.938968686474254e-06,0.014367285184562206,0.014709460335780022,0.0003372361825313419,0.0004054448218084872,1
67000,0.00040533518767915666,0.00033715475001372397,0.01529781986027956,6.232642650604248,0.00040533518767915666,0.0006006104522384703,0.0,0.0,4.936671757604927e-06,0.014367194846272469,0.014709286268043797,0.00033715475001372397,0.00040533518767915666,1
67200,0.0004052076837979257,0.0003369876358192414,0.015275311656296253,6.234969139099121,0.0004052076837979257,0.0006044553010724485,0.0,0.0,4.933521722705336e-06,0.01436629705131054,0.014708218208852486,0.0003369876358192414,0.0004052076837979257,1
67400,0.00040827543125487864,0.0003403715090826154,0.015170423313975334,6.241579532623291,0.00040827543125487864,0.0005621983436867595,0.0,0.0,5.00057149110944e-06,0.014360139146447182,0.014705511227020907,0.0003403715090826154,0.00040827543125487864,0
67600,0.0004052039294037968,0.0003371669736225158,0.015223797410726547,6.250593185424805,0.0004052039294037968,0.0005930727929808199,0.0,0.0,4.942487066728063e-06,0.014363383874297142,0.014705493334986386,0.0003371669736225158,0.0004052039294037968,0
67800,0.0004049922281410545,0.000336900120601058,0.015270601958036423,6.243564605712891,0.0004049922281410545,0.0006007843185216188,0.0,0.0,4.9328800741932355e-06,0.014365795068442822,0.014707628069118073,0.000336900120601058,0.0004049922281410545,1
68000,0.0004048944974783808,0.00033683073706924915,0.015266245231032372,6.242887496948242,0.0004048944974783808,0.0006012279191054404,0.0,0.0,4.931612238578964e-06,0.014365268871188164,0.014707031220495992,0.00033683073706924915,0.0004048944974783808,1
68200,0.00040480162715539336,0.00033676036400720477,0.015262913890182972,6.242859840393066,0.00040480162715539336,0.00060128269251436,0.0,0.0,4.930680461256998e-06,0.014364881440997124,0.014706572485465585,0.00033676036400720477,0.00040480162715539336,1
68400,0.0004047169932164252,0.00033669176627881825,0.015266463160514832,6.240711688995361,0.0004047169932164252,0.0006022256566211581,0.0,0.0,4.928999715048121e-06,0.014364800415933132,0.014706421181926999,0.00033669176627881825,0.0004047169932164252,1
68600,0.00040467962389811873,0.0003367629833519459,0.015207583084702492,6.244651794433594,0.00040467962389811873,0.0005957403918728232,0.0,0.0,4.9348786888003815e-06,0.014360982924699783,0.01470268078674053,0.0003367629833519459,0.00040467962389811873,0
68800,0.00041089594014920294,0.0003419340355321765,0.014967648312449455,6.224147319793701,0.00041089594014920294,0.0005651166429743171,0.0,0.0,5.045847501605749e-06,0.01435926090925932,0.014706240792293102,0.0003419340355321765,0.00041089594014920294,0
69000,0.0004044771776534617,0.00033652002457529306,0.015246324241161346,6.248800754547119,0.0004044771776534617,0.0006018668645992875,0.0,0.0,4.926684596284758e-06,0.014363700523972511,0.014705147233144089,0.00033652002457529306,0.0004044771776534617,1
69200,0.0004122677491977811,0.0003433347446843982,0.015585727989673615,6.2131123542785645,0.0004122677491977811,0.000674729177262634,0.0,0.0,4.926869223709218e-06,0.014386625960469246,0.014734887574377353,0.0003433347446843982,0.0004122677491977811,0
69400,0.0004058308550156653,0.000336938799591735,0.015097527764737606,6.225892543792725,0.0004058308550156653,0.0005958310212008655,0.0,0.0,4.968152097717393e-06,0.014363058842718601,0.014704965794408054,0.000336938799591735,0.0004058308550156653,0
69600,0.0004301209410186857,0.0003630017163231969,0.014699076302349567,6.295700550079346,0.0004301209410186857,0.0004989217268303037,0.0,0.0,5.25757423019968e-06,0.014334970153868198,0.014703229444421595,0.0003630017163231969,0.0004301209410186857,0
69800,0.00040550620178692043,0.0003372274513822049,0.015367587096989155,6.2385430335998535,0.00040550620178692043,0.0006313934572972357,0.0,0.0,4.907087713945657e-06,0.014371339231729507,0.014713473770825658,0.0003372274513822049,0.00040550620178692043,0
70000,0.0004040798230562359,0.0003362246497999877,0.015227940864861012,6.254292011260986,0.0004040798230562359,0.0006026671035215259,0.0,0.0,4.921695563098183e-06,0.01436204370111227,0.014703190046475356,0.0003362246497999877,0.0004040798230562359,1
70200,0.0004039636696688831,0.00033613722189329565,0.015227518044412136,6.2497992515563965,0.0004039636696688831,0.0006033913814462721,0.0,0.0,4.920249011775013e-06,0.014361664652824402,0.014702722123729473,0.00033613722189329565,0.0004039636696688831,1
70400,0.0004038952465634793,0.0003361685376148671,0.015232432633638382,6.2508463859558105,0.0004038952465634793,0.000601259816903621,0.0,0.0,4.9212003432330675e-06,0.014361484907567501,0.014702574645525601,0.0003361685376148671,0.0004038952465634793,0
70600,0.0004038522019982338,0.00033616076689213514,0.015192327089607716,6.253350257873535,0.0004038522019982338,0.0005979512934572995,0.0,0.0,4.924137101625092e-06,0.01435863133519888,0.01469971623919264,0.00033616076689213514,0.0004038522019982338,0
70800,0.00040370196802541614,0.0003358669928275049,0.015228341333568096,6.247340202331543,0.00040370196802541614,0.0006095403805375099,0.0,0.0,4.914566034130985e-06,0.014361225068569183,0.01470200662743082,0.0003358669928275049,0.00040370196802541614,1
71000,0.00040659241494722664,0.00033857524977065623,0.015054572373628616,6.244237422943115,0.00040659241494722664,0.0005718537140637636,0.0,0.0,4.978962351742666e-06,0.01435359288007021,0.014697147092192608,0.00033857524977065623,0.00040659241494722664,0
71200,0.00040384242311120033,0.00033591740066185594,0.01508872676640749,6.263117790222168,0.00040384242311120033,0.0005990852368995547,0.0,0.0,4.925675966660492e-06,0.014354356564581394,0.01469519964120991,0.00033591740066185594,0.00040384242311120033,0
71400,0.00040398960118182003,0.0003358886460773647,0.015295020304620266,6.231640815734863,0.00040398960118182003,0.0006032080273143947,0.0,0.0,4.922611424262868e-06,0.01436611171811819,0.014706922975619818,0.0003358886460773647,0.00040398960118182003,0
71600,0.0005353052401915193,0.0004680098791141063,0.013898703269660473,6.4026618003845215,0.0005353052401915193,0.00042763925739564,0.0,0.0,6.269047844398301e-06,0.014310313388705254,0.014784592315663758,0.0004680098791141063,0.0005353052401915193,0
71800,0.0004033635777886957,0.0003356900706421584,0.015195349231362343,6.2600812911987305,0.0004033635777886957,0.000604525557719171,0.0,0.0,4.912760232400615e-06,0.014359126798808575,0.014699729629683134,0.0003356900706421584,0.0004033635777886957,1
72000,0.0004032895085401833,0.00033562930184416473,0.015194937586784363,6.259034156799316,0.0004032895085401833,0.0006048866780474782,0.0,0.0,4.911773430649191e-06,0.014358826912939548,0.014699367988214362,0.00033562930184416473,0.0004032895085401833,1
72200,0.00040320472908206284,0.00033556707785464823,0.015192852355539799,6.257688999176025,0.00040320472908206284,0.0006051299860700965,0.0,0.0,4.910853022010997e-06,0.014358432963490486,0.014698910894367145,0.00033556707785464823,0.00040320472908206284,1
72400,0.00040314989746548235,0.0003354545624461025,0.015204733237624168,6.256260871887207,0.00040314989746548235,0.0006094691925682127,0.0,0.0,4.906927642878145e-06,0.014359192922711372,0.014699554412800353,0.0003354545624461025,0.00040314989746548235,1
72600,0.0004030549025628716,0.0003354514774400741,0.015188937075436115,6.256459712982178,0.0004030549025628716,0.0006053640390746295,0.0,0.0,4.909377821604721e-06,0.01435776799917221,0.01469812885443389,0.0003354514774400741,0.0004030549025628716,1
72800,0.00040294305654242635,0.00033539743162691593,0.0151888532564044,6.257216930389404,0.00040294305654242635,0.000606770918238908,0.0,0.0,4.906377853330923e-06,0.014357246458530426,0.014697550268010673,0.00033539743162691593,0.00040294305654242635,1
73000,0.0004028498660773039,0.00033533552777953446,0.015187530778348446,6.257861137390137,0.0004028498660773039,0.0006081107421778142,0.0,0.0,4.9039376790460665e-06,0.01435706578195095,0.014697305247409531,0.00033533552777953446,0.0004028498660773039,1
73200,0.00040287221781909466,0.00033521957811899483,0.015198715962469578,6.256294250488281,0.00040287221781909466,0.000613166019320488,0.0,0.0,4.9005179789674e-06,0.0143585205078125,0.014698640603910462,0.00033521957811899483,0.00040287221781909466,1
73400,0.00040279747918248177,0.0003351126506458968,0.01514358539134264,6.258368492126465,0.00040279747918248177,0.0006085038767196238,0.0,0.0,4.905251898890128e-06,0.014355235733091831,0.014695253635636618,0.0003351126506458968,0.00040279747918248177,1
73600,0.00040269142482429743,0.0003350081969983876,0.015156404115259647,6.256870746612549,0.00040269142482429743,0.0006145910010673106,0.0,0.0,4.89861486130394e-06,0.014355696737766266,0.014695603549625957,0.0003350081969983876,0.00040269142482429743,1
73800,0.0004149809537921101,0.00034698910894803703,0.014752179384231567,6.26879358291626,0.0004149809537921101,0.0005441256216727197,0.0,0.0,5.089875230623875e-06,0.014339522458612919,0.01469160144279158,0.00034698910894803703,0.0004149809537921101,0
74000,0.00040258222725242376,0.00033509155036881566,0.01515801902860403,6.2676005363464355,0.00040258222725242376,0.0006067437352612615,0.0,0.0,4.9027962631953415e-06,0.0143558569252491,0.01469585127188111,0.00033509155036881566,0.00040258222725242376,0
74200,0.0004025088273920119,0.0003350262704771012,0.015160403214395046,6.264637470245361,0.0004025088273920119,0.0006073626573197544,0.0,0.0,4.901719876215793e-06,0.014355574734508991,0.014695502724862308,0.0003350262704771012,0.0004025088273920119,0
74400,0.00040243123658001423,0.000334973621647805,0.015173441730439663,6.260802268981934,0.00040243123658001423,0.0006083351327106357,0.0,0.0,4.900149178865831e-06,0.014355800114572048,0.014695673885398719,0.000334973621647805,0.00040243123658001423,1
74600,0.0004027673858217895,0.0003356534871272743,0.015346169471740723,6.257011413574219,0.0004027673858217895,0.0006128285895101726,0.0,0.0,4.892860488325823e-06,0.014364209026098251,0.014704755373713851,0.0003356534871272743,0.0004027673858217895,0
74800,0.0004494524036999792,0.00037905664066784084,0.0160074420273304,6.173827171325684,0.0004494524036999792,0.0008090732735581696,0.0,0.0,5.133351805852726e-06,0.014418848790228367,0.01480303878270206,0.00037905664066784084,0.0004494524036999792,0
75000,0.0004022986104246229,0.0003348537429701537,0.01514704991132021,6.271043300628662,0.0004022986104246229,0.0006076459540054202,0.0,0.0,4.898965471511474e-06,0.014354612678289413,0.014694365386731079,0.0003348537429701537,0.0004022986104246229,1
75200,0.0004022124921903014,0.00033478991826996207,0.015147280879318714,6.268257141113281,0.0004022124921903014,0.0006082695908844471,0.0,0.0,4.897795861324994e-06,0.014354298822581768,0.014693986536713055,0.00033478991826996207,0.0004022124921903014,1
75400,0.00040214124601334333,0.00033470551716163754,0.015139865688979626,6.267154216766357,0.00040214124601334333,0.000608884438406676,0.0,0.0,4.8972046897688415e-06,0.014353754930198193,0.014693357652049599,0.00033470551716163754,0.00040214124601334333,1
75600,0.0004020965425297618,0.0003346960002090782,0.015139972791075706,6.269047260284424,0.0004020965425297618,0.0006082847248762846,0.0,0.0,4.896736754744779e-06,0.014353611506521702,0.014693204243485525,0.0003346960002090782,0.0004020965425297618,1
75800,0.00040202305535785854,0.0003346308076288551,0.015144258737564087,6.267524242401123,0.00040202305535785854,0.0006098292069509625,0.0,0.0,4.894539415545296e-06,0.01435367576777935,0.01469320111482375,0.0003346308076288551,0.00040202305535785854,1
76000,0.0004019617917947471,0.00033455269294790924,0.015108807943761349,6.263789653778076,0.0004019617917947471,0.0006078949081711471,0.0,0.0,4.8977130973071326e-06,0.014351395890116692,0.014690846296161908,0.00033455269294790924,0.0004019617917947471,1
76200,0.00044016982428729534,0.00036945348256267607,0.0156441368162632,6.145389080047607,0.00044016982428729534,0.0008247180958278477,0.0,0.0,5.077410150988726e-06,0.014407268725335598,0.014781799618049263,0.00036945348256267607,0.00044016982428729534,0
76400,0.0004019924090243876,0.00033494026865810156,0.015196163207292557,6.276752948760986,0.0004019924090243876,0.0006036140839569271,0.0,0.0,4.896298378298525e-06,0.014355872757732868,0.014695709324769268,0.00033494026865810156,0.0004019924090243876,0
76600,0.00040325167356058955,0.00033606530632823706,0.01497864443808794,6.283379077911377,0.00040325167356058955,0.0005847577122040093,0.0,0.0,4.931608600600157e-06,0.014344452880322933,0.01468544979525177,0.00033606530632823706,0.00040325167356058955,0
76800,0.00040209456346929073,0.00033439783146604896,0.015156961977481842,6.252564430236816,0.00040209456346929073,0.0006113025010563433,0.0,0.0,4.897948201687541e-06,0.014356149360537529,0.014695445140205265,0.00033439783146604896,0.00040209456346929073,1
77000,0.0004018984909635037,0.00033462067949585617,0.015224137343466282,6.264388084411621,0.0004018984909635037,0.000621240702457726,0.0,0.0,4.87992656417191e-06,0.014357049949467182,0.01469655055552721,0.00033462067949585617,0.0004018984909635037,0
77200,0.0004016108578070998,0.0003341138653922826,0.015096817165613174,6.264660835266113,0.0004016108578070998,0.0006179391639307141,0.0,0.0,4.885779162577819e-06,0.014350712299346924,0.014689711943901784,0.0003341138653922826,0.0004016108578070998,1
77400,0.00040945614455267787,0.00034106732346117496,0.015590505674481392,6.211551666259766,0.00040945614455267787,0.0006808537291362882,0.0,0.0,4.8939723455987405e-06,0.014382763765752316,0.01472872506155909,0.00034106732346117496,0.00040945614455267787,0
77600,0.00040156839531846344,0.00033426599111407995,0.015114881098270416,6.276637077331543,0.00040156839531846344,0.0006104683852754533,0.0,0.0,4.889011961495271e-06,0.014351628720760345,0.01469078372383592,0.00033426599111407995,0.00040156839531846344,0
77800,0.0004014375736005604,0.0003341654082760215,0.015113879926502705,6.270075798034668,0.0004014375736005604,0.0006116651929914951,0.0,0.0,4.8873598643695004e-06,0.014351182617247105,0.014690235385387496,0.0003341654082760215,0.0004014375736005604,0
78000,0.00040144840022549033,0.0003342021373100579,0.015119838528335094,6.275047779083252,0.00040144840022549033,0.0006101918988861144,0.0,0.0,4.8880483518587425e-06,0.014351493678987026,0.014690583864648943,0.0003342021373100579,0.00040144840022549033,0
78200,0.0004014224687125534,0.0003341460833325982,0.015103713609278202,6.278290271759033,0.0004014224687125534,0.0006104321219027042,0.0,0.0,4.887724571744911e-06,0.01435066107660532,0.014689694884509663,0.0003341460833325982,0.0004014224687125534,0
78400,0.0004013555299025029,0.00033409372554160655,0.015106880106031895,6.276882171630859,0.0004013555299025029,0.000611534749623388,0.0,0.0,4.885981070401613e-06,0.01435079611837864,0.014689775824990647,0.00033409372554160655,0.0004013555299025029,1
78600,0.00040130550041794777,0.00033406721195206046,0.015108696185052395,6.27686882019043,0.00040130550041794777,0.0006115965661592782,0.0,0.0,4.885325779468985e-06,0.014350763522088528,0.014689716059820057,0.00033406721195206046,0.00040130550041794777,1
78800,0.00040118067408911884,0.0003340002440381795,0.015109910629689693,6.274659633636475,0.00040118067408911884,0.0006128998356871307,0.0,0.0,4.882459961663699e-06,0.014349773526191711,0.014688656230191555,0.0003340002440381795,0.00040118067408911884,1
79000,0.0004012029094155878,0.00033396892831660807,0.015089060179889202,6.273802280426025,0.0004012029094155878,0.0006108464440330863,0.0,0.0,4.886291208094917e-06,0.014349163509905338,0.014688018729430041,0.00033396892831660807,0.0004012029094155878,1
79200,0.0004011460405308753,0.0003338630485814065,0.015061670914292336,6.271719932556152,0.0004011460405308753,0.0006115667056292295,0.0,0.0,4.886267561232671e-06,0.01434758398681879,0.01468633330296143,0.0003338630485814065,0.0004011460405308753,1
79400,0.00040727172745391726,0.000338120327796787,0.015145483426749706,6.215390205383301,0.00040727172745391726,0.0006841740105301142,0.0,0.0,4.8872434490476735e-06,0.014358862303197384,0.014701869874443219,0.000338120327796787,0.00040727172745391726,0
79600,0.00040107048698700964,0.0003338596725370735,0.015093269757926464,6.278464317321777,0.00040107048698700964,0.0006127498927526176,0.0,0.0,4.882051598542603e-06,0.014349604956805706,0.014688346680941322,0.0003338596725370735,0.00040107048698700964,1
79800,0.0004010984266642481,0.0003339276881888509,0.015064372681081295,6.283204555511475,0.0004010984266642481,0.0006078590522520244,0.0,0.0,4.886993792752037e-06,0.01434776745736599,0.014686582139347593,0.0003339276881888509,0.0004010984266642481,0
80000,0.0004289413627702743,0.00036237313179299235,0.014471570961177349,6.350915431976318,0.0004289413627702743,0.0005077558453194797,0.0,0.0,5.232267085375497e-06,0.014316367916762829,0.014683973315641197,0.00036237313179299235,0.0004289413627702743,0
80200,0.00040112671558745205,0.00033402221743017435,0.015040948055684566,6.28621244430542,0.00040112671558745205,0.0006040806765668094,0.0,0.0,4.89053491037339e-06,0.014346187934279442,0.01468510068661999,0.00033402221743017435,0.00040112671558745205,0
80400,0.0004009067779406905,0.00033372192410752177,0.015086951665580273,6.27959680557251,0.0004009067779406905,0.0006135095609351993,0.0,0.0,4.879638254351448e-06,0.01434890553355217,0.014687507095914043,0.00033372192410752177,0.0004009067779406905,1
80600,0.00040078407619148493,0.0003336190711706877,0.015086574479937553,6.272548198699951,0.00040078407619148493,0.0006146634696051478,0.0,0.0,4.878183972323313e-06,0.014348400756716728,0.01468689801185974,0.0003336190711706877,0.00040078407619148493,1
80800,0.0004010266566183418,0.0003335750661790371,0.015094313770532608,6.264725685119629,0.0004010266566183418,0.0006210879073478281,0.0,0.0,4.877696028415812e-06,0.014351903460919857,0.01469035622312731,0.0003335750661790371,0.0004010266566183418,1
81000,0.00040080174221657217,0.00033359925146214664,0.015095348469913006,6.279016494750977,0.00040080174221657217,0.0006165028316900134,0.0,0.0,4.875867034570547e-06,0.014349138364195824,0.01468761348269254,0.00033359925146214664,0.00040080174221657217,0
81200,0.0004841458285227418,0.0004169428430031985,0.01391712948679924,6.375784397125244,0.0004841458285227418,0.00046262438991107047,0.0,0.0,5.7774736887949985e-06,0.014303097501397133,0.014725817818089126,0.0004169428430031985,0.0004841458285227418,0
81400,0.00040607326081953943,0.00033790231100283563,0.015194082632660866,6.212424278259277,0.00040607326081953943,0.0006909412331879139,0.0,0.0,4.872986664850032e-06,0.014366605319082737,0.014709380616750423,0.00033790231100283563,0.00040607326081953943,0
81600,0.00040830011130310595,0.0003405101306270808,0.015507545322179794,6.24164342880249,0.00040830011130310595,0.00068324850872159,0.0,0.0,4.878093477600487e-06,0.014376615174114704,0.014722003398219385,0.0003405101306270808,0.00040830011130310595,0
81800,0.0004007520037703216,0.0003334915090817958,0.015086261555552483,6.273180961608887,0.0004007520037703216,0.0006124634528532624,0.0,0.0,4.880299456999637e-06,0.014348423108458519,0.014686794916997314,0.0003334915090817958,0.0004007520037703216,1
82000,0.0004016956372652203,0.0003347776073496789,0.014954762533307076,6.295147895812988,0.0004016956372652203,0.0005914153880439699,0.0,0.0,4.9073419177148025e-06,0.014340156689286232,0.014679841638553626,0.0003347776073496789,0.0004016956372652203,0
82200,0.0004209441540297121,0.0003534389834385365,0.014490480534732342,6.313904762268066,0.0004209441540297121,0.0005310416454449296,0.0,0.0,5.1455381253617816e-06,0.014318115077912807,0.014676699599476706,0.0003534389834385365,0.0004209441540297121,0
82400,0.000425840204115957,0.00035919275251217186,0.014541124925017357,6.3202362060546875,0.000425840204115957,0.0005147955380380154,0.0,0.0,5.2011046136613e-06,0.014320207759737968,0.014684601616863802,0.00035919275251217186,0.000425840204115957,0
82600,0.00040222652023658156,0.00033477687975391746,0.015264169313013554,6.261568546295166,0.00040222652023658156,0.0006483982433564961,0.0,0.0,4.8584852265776135e-06,0.014360073953866959,0.014699709318847454,0.00033477687975391746,0.00040222652023658156,0
82800,0.00040057714795693755,0.00033337753848172724,0.015129310078918934,6.274133682250977,0.00040057714795693755,0.000625883461907506,0.0,0.0,4.864050879405113e-06,0.01435022335499525,0.014688464944356383,0.00033337753848172724,0.00040057714795693755,1
83000,0.0004188276652712375,0.00035029882565140724,0.015797309577465057,6.200357913970947,0.0004188276652712375,0.0007242557476274669,0.0,0.0,4.931112016492989e-06,0.014397681690752506,0.014752911628420406,0.00035029882565140724,0.0004188276652712375,0
83200,0.00040048491791822016,0.0003329941537231207,0.01502193883061409,6.272035121917725,0.00040048491791822016,0.0006251619197428226,0.0,0.0,4.868344603892183e-06,0.014344657771289349,0.014682520269616361,0.0003329941537231207,0.00040048491791822016,1
83400,0.00040034405537880957,0.0003333554195705801,0.015020953491330147,6.279253959655762,0.00040034405537880957,0.0006112126284278929,0.0,0.0,4.8773563321447e-06,0.014343220740556717,0.014681453516459442,0.0003333554195705801,0.00040034405537880957,0
83600,0.00040071169496513903,0.000334204756654799,0.015260363928973675,6.275537014007568,0.00040071169496513903,0.0006085567874833941,0.0,0.0,4.874717888014857e-06,0.014354417100548744,0.014693496575091558,0.000334204756654799,0.00040071169496513903,0
83800,0.00044718384742736816,0.0003766687586903572,0.015687189996242523,6.153252124786377,0.00044718384742736816,0.0008532386273145676,0.0,0.0,5.10777090312331e-06,0.014406013302505016,0.014787789832098497,0.0003766687586903572,0.00044718384742736816,0
84000,0.0004002889327239245,0.00033311796141788363,0.01507327426224947,6.281013011932373,0.0004002889327239245,0.0006217178888618946,0.0,0.0,4.86597309645731e-06,0.014347480610013008,0.014685464544527349,0.00033311796141788363,0.0004002889327239245,0
84200,0.0004002150963060558,0.00033313126186840236,0.01505385059863329,6.282866954803467,0.0004002150963060558,0.0006168768741190434,0.0,0.0,4.869681561103789e-06,0.014345930889248848,0.014683931832678354,0.00033313126186840236,0.0004002150963060558,0
84400,0.00041034843889065087,0.0003423317684791982,0.015470677986741066,6.238645553588867,0.00041034843889065087,0.0007012541755102575,0.0,0.0,4.879531843471341e-06,0.014374318532645702,0.014721529832968372,0.0003423317684791982,0.00041034843889065087,0
84600,0.0004033380828332156,0.00033578064176253974,0.015380466356873512,6.24246072769165,0.0004033380828332156,0.0006593723664991558,0.0,0.0,4.8568113015790004e-06,0.0143663939088583,0.014707031361922418,0.00033578064176253974,0.0004033380828332156,0
84800,0.0004000810149591416,0.00033302040537819266,0.015088539570569992,6.274402618408203,0.0004000810149591416,0.0006256120977923274,0.0,0.0,4.8602514652884565e-06,0.014346652664244175,0.014684533321087656,0.00033302040537819266,0.0004000810149591416,0
85000,0.00040400406578555703,0.00033662153873592615,0.014737272635102272,6.280584335327148,0.00040400406578555703,0.0005856414209119976,0.0,0.0,4.944718966726214e-06,0.01433059386909008,0.014672160126792733,0.00033662153873592615,0.00040400406578555703,0
85200,0.0004002586647402495,0.000332994939526543,0.015110116451978683,6.270668983459473,0.0004002586647402495,0.0006311539909802377,0.0,0.0,4.8575720938970335e-06,0.01434903685003519,0.01468688936165563,0.000332994939526543,0.0004002586647402495,0
85400,0.00040003014146350324,0.00033287168480455875,0.015064368024468422,6.275408744812012,0.00040003014146350324,0.000624477572273463,0.0,0.0,4.862044079345651e-06,0.014346064068377018,0.014683797797260922,0.00033287168480455875,0.00040003014146350324,1
85600,0.0003999912296421826,0.0003329471219331026,0.015045431442558765,6.278199672698975,0.0003999912296421826,0.0006172313005663455,0.0,0.0,4.868217274633935e-06,0.014344485476613045,0.014682300815820781,0.0003329471219331026,0.0003999912296421826,0
85800,0.000400012155296281,0.0003330535255372524,0.01500236801803112,6.2793869972229,0.000400012155296281,0.0006127910455688834,0.0,0.0,4.872951194556663e-06,0.014341473579406738,0.014679400056138547,0.0003330535255372524,0.000400012155296281,0
86000,0.00040107141830958426,0.00033417416852898896,0.015287898480892181,6.266084671020508,0.00040107141830958426,0.0006379822152666748,0.0,0.0,4.8534943744016346e-06,0.01435931958258152,0.01469834724548491,0.00033417416852898896,0.00040107141830958426,0
86200,0.0004027070535812527,0.00033524795435369015,0.015259073115885258,6.259325981140137,0.0004027070535812527,0.0006618962506763637,0.0,0.0,4.849051038036123e-06,0.014359141699969769,0.014699238705361495,0.00033524795435369015,0.0004027070535812527,0
86400,0.0004026321694254875,0.00033582444302737713,0.015477301552891731,6.246124744415283,0.0004026321694254875,0.000645653810352087,0.0,0.0,4.85907321490231e-06,0.014369725249707699,0.014710408765949978,0.00033582444302737713,0.0004026321694254875,0
86600,0.00040527255623601377,0.0003388123004697263,0.01503159012645483,6.2947998046875,0.00040527255623601377,0.0005664476193487644,0.0,0.0,4.959525995218428e-06,0.014340541325509548,0.014684313151974493,0.0003388123004697263,0.00040527255623601377,0
86800,0.00040003249887377024,0.0003328857128508389,0.015101814642548561,6.275855541229248,0.00040003249887377024,0.0006326349102891982,0.0,0.0,4.853411155636422e-06,0.0143482256680727,0.014685964792079176,0.0003328857128508389,0.00040003249887377024,0
87000,0.00048764634993858635,0.0004168891173321754,0.016267692670226097,6.144578456878662,0.00048764634993858635,0.0009139139438048005,0.0,0.0,5.378330115490826e-06,0.014442682266235352,0.014864949713683018,0.0004168891173321754,0.00048764634993858635,0
87200,0.0003998116299044341,0.0003327488957438618,0.015046248212456703,6.282099723815918,0.0003998116299044341,0.0006212784792296588,0.0,0.0,4.861492470809026e-06,0.014344856142997742,0.014682466531212413,0.0003327488957438618,0.0003998116299044341,1
87400,0.000399753509555012,0.00033270998392254114,0.015041448175907135,6.280572891235352,0.000399753509555012,0.0006210737628862262,0.0,0.0,4.861410616285866e-06,0.014344378374516964,0.014681949769055791,0.00033270998392254114,0.000399753509555012,1
87600,0.00039970953366719186,0.0003326718870084733,0.01504441723227501,6.278249740600586,0.00039970953366719186,0.0006217571790330112,0.0,0.0,4.86055068904534e-06,0.014344285242259502,0.014681817679957021,0.0003326718870084733,0.00039970953366719186,1
87800,0.00039966939948499203,0.0003326156875118613,0.01503592636436224,6.274445056915283,0.00039966939948499203,0.0006217316840775311,0.0,0.0,4.8612291720928624e-06,0.014343541115522385,0.014681018032206339,0.0003326156875118613,0.00039966939948499203,1
88000,0.0004005821538157761,0.0003333197091706097,0.015159894712269306,6.265064239501953,0.0004005821538157761,0.0006460761069320142,0.0,0.0,4.846476258535404e-06,0.014352443628013134,0.014690609813442279,0.0003333197091706097,0.0004005821538157761,0
88200,0.0004007514799013734,0.0003332927299197763,0.01491992175579071,6.272276401519775,0.0004007514799013734,0.000609641894698143,0.0,0.0,4.891207936452702e-06,0.014339701272547245,0.014677885210403474,0.0003332927299197763,0.0004007514799013734,0
88400,0.00039960129652172327,0.00033253850415349007,0.01503776852041483,6.275592803955078,0.00039960129652172327,0.0006227435660548508,0.0,0.0,4.859392902289983e-06,0.014343359507620335,0.014680757404676115,0.00033253850415349007,0.00039960129652172327,1
88600,0.0003997091553173959,0.00033233955036848783,0.014935463666915894,6.276157855987549,0.0003997091553173959,0.0006280468078330159,0.0,0.0,4.859249202127103e-06,0.014338148757815361,0.014675347557385976,0.00033233955036848783,0.0003997091553173959,1
88800,0.00039963965537026525,0.000332738331053406,0.015039002522826195,6.282098770141602,0.00039963965537026525,0.0006166340899653733,0.0,0.0,4.86323369841557e-06,0.014343162067234516,0.014680763631986338,0.000332738331053406,0.00039963965537026525,0
89000,0.00039959081914275885,0.00033254906884394586,0.015035712160170078,6.280343532562256,0.00039959081914275885,0.0006225868128240108,0.0,0.0,4.858371539739892e-06,0.014343681745231152,0.014681089185614837,0.00033254906884394586,0.00039959081914275885,0
89200,0.00039956302498467267,0.0003325259604025632,0.015036306343972683,6.279898643493652,0.00039956302498467267,0.0006229744758456945,0.0,0.0,4.857746262132423e-06,0.01434367336332798,0.014681057069992676,0.0003325259604025632,0.00039956302498467267,0
89400,0.0003995295555796474,0.0003324971185065806,0.015035469084978104,6.278764247894287,0.0003995295555796474,0.000623106665443629,0.0,0.0,4.857377007283503e-06,0.014343531802296638,0.014680886297810503,0.0003324971185065806,0.0003995295555796474,0
89600,0.00039949052734300494,0.00033244825317524374,0.015031031332910061,6.277486324310303,0.00039949052734300494,0.0006236167973838747,0.0,0.0,4.856993655266706e-06,0.014343091286718845,0.014680396533549356,0.00033244825317524374,0.00039949052734300494,0
89800,0.0003994684375356883,0.00033241836354136467,0.015043080784380436,6.274892807006836,0.0003994684375356883,0.0006256577325984836,0.0,0.0,4.854889084526803e-06,0.01434369757771492,0.014680970830340812,0.00033241836354136467,0.0003994684375356883,0
90000,0.0003994861035607755,0.0003324537246953696,0.015032763592898846,6.279422760009766,0.0003994861035607755,0.000623423489741981,0.0,0.0,4.856663508689962e-06,0.01434329617768526,0.01468060656588932,0.0003324537246953696,0.0003994861035607755,0
90200,0.0003994664875790477,0.0003324294521007687,0.015033645555377007,6.279183864593506,0.0003994664875790477,0.0006242148810997605,0.0,0.0,4.85562622998259e-06,0.014343393966555595,0.014680679044886347,0.0003324294521007687,0.0003994664875790477,0
90400,0.0003994523431174457,0.00033242159406654537,0.015044938772916794,6.278843879699707,0.0003994523431174457,0.0006257944623939693,0.0,0.0,4.853745849686675e-06,0.014344068244099617,0.014681343584015849,0.00033242159406654537,0.0003994523431174457,0
90600,0.0004123122780583799,0.00034427535138092935,0.015468811616301537,6.230426788330078,0.0004123122780583799,0.0007206086884252727,0.0,0.0,4.880361302639358e-06,0.014374359510838985,0.014723515223522554,0.00034427535138092935,0.0004123122780583799,0
90800,0.0004016852180939168,0.00033418615930713713,0.015290307812392712,6.243945598602295,0.0004016852180939168,0.0006612622528336942,0.0,0.0,4.842702310270397e-06,0.014359812252223492,0.0146988411138409,0.00033418615930713713,0.0004016852180939168,0
91000,0.0003994885482825339,0.0003325834695715457,0.015125483274459839,6.2721099853515625,0.0003994885482825339,0.0006324533023871481,0.0,0.0,4.846026968152728e-06,0.014347657561302185,0.014685087057841884,0.0003325834695715457,0.0003994885482825339,0
91200,0.0003993408172391355,0.0003323316341266036,0.015033912844955921,6.274305820465088,0.0003993408172391355,0.0006244086544029415,0.0,0.0,4.854804956266889e-06,0.01434264425188303,0.0146798306909659,0.0003323316341266036,0.0003993408172391355,1
91400,0.0004006794188171625,0.00033377177896909416,0.014899312518537045,6.291676044464111,0.0004006794188171625,0.0005994995590299368,0.0,0.0,4.890207947028102e-06,0.014334840700030327,0.014673502686946449,0.00033377177896909416,0.0004006794188171625,0
91600,0.0003992742276750505,0.000332281255396083,0.015028392896056175,6.276496887207031,0.0003992742276750505,0.0006250925944186747,0.0,0.0,4.8528058869123925e-06,0.014341856352984905,0.0146789904142679,0.000332281255396083,0.0003992742276750505,1
91800,0.00039930656203068793,0.0003322283737361431,0.015021461062133312,6.274192810058594,0.00039930656203068793,0.0006267213611863554,0.0,0.0,4.852895472140517e-06,0.014342281967401505,0.014679363236609788,0.0003322283737361431,0.00039930656203068793,1
92000,0.0003992741694673896,0.0003322433913126588,0.015031839720904827,6.2736735343933105,0.0003992741694673896,0.0006263426039367914,0.0,0.0,4.852302936342312e-06,0.014342634938657284,0.014679730632906285,0.0003322433913126588,0.0003992741694673896,0
92200,0.0004008158284705132,0.00033393557532690465,0.014880914241075516,6.293946743011475,0.0004008158284705132,0.0005982813891023397,0.0,0.0,4.892430752079235e-06,0.014333650469779968,0.014672478475858952,0.00033393557532690465,0.0004008158284705132,0
92400,0.00039929719059728086,0.0003322407719679177,0.015044107101857662,6.275240421295166,0.00039929719059728086,0.0006287189316935837,0.0,0.0,4.84981910631177e-06,0.01434361282736063,0.01468070341843486,0.0003322407719679177,0.00039929719059728086,0
92600,0.00040506228106096387,0.0003380481502972543,0.015480992384254932,6.24813175201416,0.00040506228106096387,0.0006779446266591549,0.0,0.0,4.847031050303485e-06,0.014371367171406746,0.014714262352754304,0.0003380481502972543,0.00040506228106096387,0
92800,0.0004673253570217639,0.000397654774133116,0.016195552423596382,6.156670093536377,0.0004673253570217639,0.0008748635882511735,0.0,0.0,5.229583166510565e-06,0.014433586969971657,0.014836471327271283,0.000397654774133116,0.0004673253570217639,0
93000,0.00040913993143476546,0.0003403878945391625,0.015369473956525326,6.202674865722656,0.00040913993143476546,0.0007241432322189212,0.0,0.0,4.8682463784643915e-06,0.014372684061527252,0.014717940202444879,0.0003403878945391625,0.00040913993143476546,0
93200,0.00039977984852157533,0.0003317486261948943,0.01513630896806717,6.236695766448975,0.00039977984852157533,0.0006451516528613865,0.0,0.0,4.853172413277207e-06,0.0143531309440732,0.014689732742681372,0.0003317486261948943,0.00039977984852157533,1
93400,0.0004012762219645083,0.00033294796594418585,0.014875322580337524,6.257205963134766,0.0004012762219645083,0.0006627801340073347,0.0,0.0,4.849491688219132e-06,0.014338633976876736,0.01467643143450914,0.00033294796594418585,0.0004012762219645083,0
93600,0.00042857922380790114,0.00036172152613289654,0.01440028939396143,6.325199127197266,0.00042857922380790114,0.0005165464244782925,0.0,0.0,5.2176860663166735e-06,0.014310648664832115,0.014677587877031328,0.00036172152613289654,0.00042857922380790114,0
93800,0.0004076467885170132,0.00033830880420282483,0.01519806869328022,6.191749095916748,0.0004076467885170132,0.0007297928677871823,0.0,0.0,4.8638403313816525e-06,0.014365346170961857,0.014708518815496063,0.00033830880420282483,0.0004076467885170132,0
94000,0.00039984280010685325,0.00033263012301176786,0.014855679124593735,6.285587310791016,0.00039984280010685325,0.0006141982157714665,0.0,0.0,4.871169039688539e-06,0.014333335682749748,0.014670836974801205,0.00033263012301176786,0.00039984280010685325,0
94200,0.0003991261764895171,0.00033209274988621473,0.015024151653051376,6.274258613586426,0.0003991261764895171,0.0006279547233134508,0.0,0.0,4.848997377848718e-06,0.014342103153467178,0.014679044900731242,0.00033209274988621473,0.0003991261764895171,0
94400,0.00039906485471874475,0.0003320282557979226,0.015021146275103092,6.267531394958496,0.00039906485471874475,0.0006285555427893996,0.0,0.0,4.849249307881109e-06,0.014341342262923717,0.014678219768029521,0.0003320282557979226,0.00039906485471874475,0
94600,0.0004318852152209729,0.00036518456181511283,0.014358879998326302,6.353167533874512,0.0004318852152209729,0.0005118874250911176,0.0,0.0,5.2493082876026165e-06,0.0143065694719553,0.014677003342058015,0.00036518456181511283,0.0004318852152209729,0
94800,0.00039913010550662875,0.0003320967953186482,0.015023746527731419,6.275694370269775,0.00039913010550662875,0.0006278387154452503,0.0,0.0,4.8486763262189925e-06,0.014342126436531544,0.014679071908176411,0.0003320967953186482,0.00039913010550662875,0
95000,0.00039909177576191723,0.0003320569230709225,0.015026685781776905,6.273491382598877,0.00039909177576191723,0.0006288062431849539,0.0,0.0,4.84781821796787e-06,0.014341999776661396,0.014678904517950286,0.0003320569230709225,0.00039909177576191723,0
95200,0.000399050215492025,0.00033198605524376035,0.015030660666525364,6.269314765930176,0.000399050215492025,0.0006308936281129718,0.0,0.0,4.84613565276959e-06,0.014342050999403,0.01467888319029953,0.00033198605524376035,0.000399050215492025,0
95400,0.000399249664042145,0.0003323974087834358,0.01500514056533575,6.275716781616211,0.000399249664042145,0.0006171329296194017,0.0,0.0,4.8595106818538625e-06,0.01433827355504036,0.01467553047450565,0.0003323974087834358,0.000399249664042145,0
95600,0.00039908679900690913,0.0003320544201415032,0.015026828274130821,6.275247573852539,0.00039908679900690913,0.0006290994351729751,0.0,0.0,4.8468418754055165e-06,0.014342311769723892,0.014679213031740801,0.0003320544201415032,0.00039908679900690913,0
95800,0.0003990872937720269,0.0003320561954751611,0.015021846629679203,6.275656700134277,0.0003990872937720269,0.0006279373774304986,0.0,0.0,4.847968284593662e-06,0.014341935515403748,0.014678839679163502,0.0003320561954751611,0.0003990872937720269,0
96000,0.00039906325400806963,0.0003320173127576709,0.015026086010038853,6.274365425109863,0.00039906325400806963,0.0006295889033935964,0.0,0.0,4.846404863201315e-06,0.014342100359499454,0.014678964077120327,0.0003320173127576709,0.00039906325400806963,0
96200,0.00039905033190734684,0.0003320104442536831,0.015024070627987385,6.273693561553955,0.00039905033190734684,0.0006293551414273679,0.0,0.0,4.846465799346333e-06,0.014341924339532852,0.014678781249585882,0.0003320104442536831,0.00039905033190734684,0
96400,0.0003990359837189317,0.0003319964453112334,0.015023721382021904,6.272810459136963,0.0003990359837189317,0.0006293969927355647,0.0,0.0,4.846398496738402e-06,0.01434180699288845,0.014678649836696422,0.0003319964453112334,0.0003990359837189317,0
96600,0.0003990025434177369,0.00033195471041835845,0.015023463405668736,6.270562648773193,0.0003990025434177369,0.0006302565452642739,0.0,0.0,4.845699095312739e-06,0.014341635629534721,0.014678436039048393,0.00033195471041835845,0.0003990025434177369,0
96800,0.0003990097902715206,0.00033192758564837277,0.015038453973829746,6.268422603607178,0.0003990097902715206,0.000632970011793077,0.0,0.0,4.843448095925851e-06,0.014342540875077248,0.014679311908821546,0.00033192758564837277,0.0003990097902715206,0
97000,0.0003989822289440781,0.00033192260889336467,0.015022892504930496,6.269474983215332,0.0003989822289440781,0.0006309839664027095,0.0,0.0,4.845040166401304e-06,0.014341523870825768,0.014678291519885533,0.00033192260889336467,0.0003989822289440781,0
97200,0.0003989608958363533,0.00033187406370416284,0.015022233128547668,6.268200397491455,0.0003989608958363533,0.0006322854314930737,0.0,0.0,4.844147497351514e-06,0.014341430738568306,0.01467814894976982,0.00033187406370416284,0.0003989608958363533,0
97400,0.0003989326360169798,0.0003318672243040055,0.015023819170892239,6.265477657318115,0.0003989326360169798,0.0006314967176876962,0.0,0.0,4.844694558414631e-06,0.014341314323246479,0.0146780262421089,0.0003318672243040055,0.0003989326360169798,0
97600,0.00039895070949569345,0.00033188119414262474,0.015040368773043156,6.2661614418029785,0.00039895070949569345,0.00063267134828493,0.0,0.0,4.843126589548774e-06,0.01434224471449852,0.014678969035230693,0.00033188119414262474,0.00039895070949569345,0
97800,0.0003990110708400607,0.0003319194947835058,0.015001630410552025,6.272602558135986,0.0003990110708400607,0.0006285437266342342,0.0,0.0,4.847789568884764e-06,0.014340441673994064,0.014677208958346455,0.0003319194947835058,0.0003990110708400607,0
98000,0.0003996555460616946,0.00033218550379388034,0.015175528824329376,6.241471767425537,0.0003996555460616946,0.0006451026420108974,0.0,0.0,4.8396882448287215e-06,0.014352045953273773,0.014689071145312482,0.00033218550379388034,0.0003996555460616946,0
98200,0.00040091777918860316,0.0003335905494168401,0.015195171348750591,6.244163990020752,0.00040091777918860316,0.0006684732506982982,0.0,0.0,4.8275242079398595e-06,0.01435236819088459,0.01469078626450937,0.0003335905494168401,0.00040091777918860316,0
98400,0.000401696830522269,0.0003337374946568161,0.014725265093147755,6.2726569175720215,0.000401696830522269,0.0006111449911259115,0.0,0.0,4.899092346022371e-06,0.01432654820382595,0.014665184790828789,0.0003337374946568161,0.000401696830522269,0
98600,0.000399008538806811,0.0003320183022879064,0.014978332445025444,6.270493030548096,0.000399008538806811,0.0006247767014428973,0.0,0.0,4.851242010772694e-06,0.014338254928588867,0.014675124472887546,0.0003320183022879064,0.000399008538806811,0
98800,0.0003989257093053311,0.0003318560484331101,0.015026780776679516,6.266813278198242,0.0003989257093053311,0.0006319708190858364,0.0,0.0,4.8434253585583065e-06,0.014341561123728752,0.01467826059752042,0.0003318560484331101,0.0003989257093053311,0
99000,0.0003989129909314215,0.0003318569506518543,0.015028607100248337,6.267392158508301,0.0003989129909314215,0.0006323415436781943,0.0,0.0,4.842648650082992e-06,0.014341652393341064,0.014678351992643002,0.0003318569506518543,0.0003989129909314215,0
99200,0.00039888668106868863,0.00033180395257659256,0.01502189040184021,6.2662272453308105,0.00039888668106868863,0.0006328205345198512,0.0,0.0,4.842538601224078e-06,0.014341219328343868,0.014677865819521685,0.00033180395257659256,0.00039888668106868863,0
99400,0.00039887279854156077,0.0003317950468044728,0.015026915818452835,6.263864517211914,0.00039887279854156077,0.0006333329365588725,0.0,0.0,4.842060661758296e-06,0.014341335743665695,0.014677972851131926,0.0003317950468044728,0.00039887279854156077,0
99600,0.0003988539392594248,0.00033181277103722095,0.015062055550515652,6.260239124298096,0.0003988539392594248,0.0006373343640007079,0.0,0.0,4.837659616896417e-06,0.014342891983687878,0.014679542414341995,0.00033181277103722095,0.0003988539392594248,0
99800,0.0004077978082932532,0.00034001132007688284,0.014644972048699856,6.268500328063965,0.0004077978082932532,0.000586222973652184,0.0,0.0,4.984387487638742e-06,0.014324499294161797,0.014669495001726318,0.00034001132007688284,0.0004077978082932532,0
100000,0.0003999602631665766,0.00033370970049872994,0.015286512672901154,6.26757287979126,0.0003999602631665766,0.0006226960103958845,0.0,0.0,4.8502101890335325e-06,0.014355016872286797,0.01469357678297456,0.00033370970049872994,0.0003999602631665766,0
100200,0.0004019141779281199,0.0003350303159095347,0.014820557087659836,6.291599750518799,0.0004019141779281199,0.0005931956693530083,0.0,0.0,4.905450168735115e-06,0.014328930526971817,0.014668866293050087,0.0003350303159095347,0.0004019141779281199,0
100400,0.0004209312901366502,0.00035301537718623877,0.014187192544341087,6.290306091308594,0.0004209312901366502,0.0005591039662249386,0.0,0.0,5.130376848683227e-06,0.014308460988104343,0.014666606742139265,0.00035301537718623877,0.0004209312901366502,0
100600,0.0004583621339406818,0.0003910365921910852,0.014037602581083775,6.331549167633057,0.0004583621339406818,0.000498054432682693,0.0,0.0,5.510079972737003e-06,0.014301049523055553,0.014697596195219376,0.0003910365921910852,0.0004583621339406818,0
100800,0.0003988907556049526,0.0003318139642942697,0.015023396350443363,6.2672834396362305,0.0003988907556049526,0.0006327287410385907,0.0,0.0,4.8415950004709885e-06,0.01434151828289032,0.01467817384218506,0.0003318139642942697,0.0003988907556049526,0
101000,0.00039887084858492017,0.00033178599551320076,0.015024891123175621,6.265896797180176,0.00039887084858492017,0.0006334214704111218,0.0,0.0,4.8410461204184685e-06,0.014341370202600956,0.014677997244234575,0.00033178599551320076,0.00039887084858492017,0
101200,0.0003988383978139609,0.00033175619319081306,0.015026628039777279,6.263101577758789,0.0003988383978139609,0.0006340413237921894,0.0,0.0,4.840402652916964e-06,0.014341329224407673,0.014677925820251403,0.00033175619319081306,0.0003988383978139609,0
101400,0.00039883493445813656,0.000331714516505599,0.015031423419713974,6.260922431945801,0.00039883493445813656,0.0006362110143527389,0.0,0.0,4.83905660075834e-06,0.014341545291244984,0.014678098864351341,0.000331714516505599,0.00039883493445813656,1
101600,0.0003988942480646074,0.0003317275259178132,0.01503540389239788,6.263171195983887,0.0003988942480646074,0.0006376372184604406,0.0,0.0,4.838087988900952e-06,0.014342236332595348,0.014678801946502062,0.0003317275259178132,0.0003988942480646074,0
101800,0.0004748564097099006,0.0004074858734384179,0.014018446207046509,6.372561454772949,0.0004748564097099006,0.00047303238534368575,0.0,0.0,5.666303877660539e-06,0.014293953776359558,0.014707105953675637,0.0004074858734384179,0.0004748564097099006,0
102000,0.00041479477658867836,0.0003465928020887077,0.015418407507240772,6.172171592712402,0.00041479477658867836,0.0007625945727340877,0.0,0.0,4.888401690550381e-06,0.014382424764335155,0.014733905968114414,0.0003465928020887077,0.00041479477658867836,0
102200,0.0004263785376679152,0.0003598272451199591,0.014623835682868958,6.312801837921143,0.0004263785376679152,0.0005201126914471388,0.0,0.0,5.188566319702659e-06,0.014316724613308907,0.014681740424748568,0.0003598272451199591,0.0004263785376679152,0
102400,0.00039915507659316063,0.00033202505437657237,0.015116352587938309,6.254283428192139,0.00039915507659316063,0.0006501189200207591,0.0,0.0,4.827702468901407e-06,0.01434643566608429,0.014683288422929763,0.00033202505437657237,0.00039915507659316063,0
102600,0.00039882841520011425,0.00033171792165376246,0.015023309737443924,6.260751724243164,0.00039882841520011425,0.0006340915570035577,0.0,0.0,4.840584097109968e-06,0.014340918511152267,0.01467747701690314,0.00033171792165376246,0.00039882841520011425,0
102800,0.00039880210533738136,0.00033170703682117164,0.015028750523924828,6.259921073913574,0.00039880210533738136,0.0006347328890115023,0.0,0.0,4.839705525228055e-06,0.01434103399515152,0.01467758073749792,0.00033170703682117164,0.00039880210533738136,1
103000,0.00039877192466519773,0.0003315803478471935,0.015011466108262539,6.256999492645264,0.00039877192466519773,0.0006364521686919034,0.0,0.0,4.839402663492365e-06,0.01433989591896534,0.014676315669476026,0.0003315803478471935,0.00039877192466519773,1
103200,0.0003992354031652212,0.0003321794210933149,0.014939555898308754,6.266972541809082,0.0003992354031652212,0.0006220300565473735,0.0,0.0,4.857085059484234e-06,0.01433534361422062,0.014672380120373418,0.0003321794210933149,0.0003992354031652212,0
103400,0.0004004767397418618,0.00033287046244367957,0.015125077217817307,6.234705448150635,0.0004004767397418618,0.0006720742676407099,0.0,0.0,4.823291874345159e-06,0.014348302036523819,0.014685995790841844,0.00033287046244367957,0.0004004767397418618,0
103600,0.0004123998514842242,0.00034540981869213283,0.015767769888043404,6.218380451202393,0.0004123998514842242,0.0007142552640289068,0.0,0.0,4.871384589932859e-06,0.014390107244253159,0.014740388447535224,0.00034540981869213283,0.0004123998514842242,0
103800,0.0003988233511336148,0.0003317084920126945,0.015025429427623749,6.262277603149414,0.0003988233511336148,0.000635014206636697,0.0,0.0,4.838836957787862e-06,0.014341329224407673,0.014677876553378155,0.0003317084920126945,0.0003988233511336148,0
104000,0.0003988196258433163,0.00033170406823046505,0.01502898894250393,6.260943412780762,0.0003988196258433163,0.000635557051282376,0.0,0.0,4.83828716824064e-06,0.014341413043439388,0.014677955398838094,0.00033170406823046505,0.0003988196258433163,0
104200,0.0003987973614130169,0.00033167697256430984,0.015031189657747746,6.2585835456848145,0.0003987973614130169,0.0006363369175232947,0.0,0.0,4.8376764425484e-06,0.014341353438794613,0.014677868087801471,0.00033167697256430984,0.0003987973614130169,0
104400,0.00039877305971458554,0.00033167225774377584,0.015040849335491657,6.2562713623046875,0.00039877305971458554,0.0006365671870298684,0.0,0.0,4.837444521399448e-06,0.014341541565954685,0.01467805126821986,0.00033167225774377584,0.00039877305971458554,0
104600,0.000398795964429155,0.0003317701048217714,0.015092883259057999,6.252804279327393,0.000398795964429155,0.0006417487747967243,0.0,0.0,4.8322904149245005e-06,0.014344493858516216,0.014681096253752912,0.0003317701048217714,0.000398795964429155,0
104800,0.0004020214546471834,0.000334017415298149,0.014887823723256588,6.243881702423096,0.0004020214546471834,0.0006072138203307986,0.0,0.0,4.906169579044217e-06,0.014333989471197128,0.014672913056074322,0.000334017415298149,0.0004020214546471834,0
105000,0.00039877602830529213,0.0003316562797408551,0.015029547736048698,6.2575602531433105,0.00039877602830529213,0.0006365724257193506,0.0,0.0,4.837078449781984e-06,0.014341341331601143,0.01467783468979178,0.0003316562797408551,0.00039877602830529213,0
105200,0.00039880850818008184,0.0003316739748697728,0.015033616684377193,6.258617877960205,0.00039880850818008184,0.0006368840113282204,0.0,0.0,4.837101187149528e-06,0.014341507107019424,0.014678018183076347,0.0003316739748697728,0.00039880850818008184,0
105400,0.0003988505050074309,0.0003317166701890528,0.015015611425042152,6.261422157287598,0.0003988505050074309,0.000633449584711343,0.0,0.0,4.840478140977211e-06,0.014340456575155258,0.014677013723485288,0.0003317166701890528,0.0003988505050074309,0
105600,0.0003988966054748744,0.0003317154769320041,0.015066580846905708,6.255823135375977,0.0003988966054748744,0.0006432489026337862,0.0,0.0,4.831531896343222e-06,0.014343814924359322,0.014680361933187669,0.0003317154769320041,0.0003988966054748744,0
105800,0.00039882308919914067,0.00033168261870741844,0.015033063478767872,6.25855016708374,0.00039882308919914067,0.0006365413428284228,0.0,0.0,4.837156211578986e-06,0.014341545291244984,0.014678065066163981,0.00033168261870741844,0.00039882308919914067,0
106000,0.000398783857235685,0.0003316381189506501,0.015032143332064152,6.25635290145874,0.000398783857235685,0.0006374245276674628,0.0,0.0,4.836442712985445e-06,0.014341341331601143,0.014677815893264778,0.0003316381189506501,0.000398783857235685,0
106200,0.00039879136602394283,0.0003316473448649049,0.015032768249511719,6.256119251251221,0.00039879136602394283,0.0006372439092956483,0.0,0.0,4.8365359361923765e-06,0.014341363683342934,0.014677847564144031,0.0003316473448649049,0.00039879136602394283,0
106400,0.00039879349060356617,0.0003316477523185313,0.015035886317491531,6.2555460929870605,0.00039879349060356617,0.0006374353542923927,0.0,0.0,4.836352218262618e-06,0.014341467060148716,0.01467795116468551,0.0003316477523185313,0.00039879349060356617,0
106600,0.0003987765230704099,0.00033159341546706855,0.015035384334623814,6.254022121429443,0.0003987765230704099,0.0006389904883690178,0.0,0.0,4.835451818507863e-06,0.014341411180794239,0.014677840048079815,0.00033159341546706855,0.0003987765230704099,0
106800,0.0003987529780715704,0.0003315900976303965,0.015037709847092628,6.251791000366211,0.0003987529780715704,0.0006388095789588988,0.0,0.0,4.835341314901598e-06,0.014341259375214577,0.014677684814159875,0.0003315900976303965,0.0003987529780715704,0
107000,0.0003987390373367816,0.00033156463177874684,0.01504287589341402,6.248888969421387,0.0003987390373367816,0.0006401253049261868,0.0,0.0,4.834690116695128e-06,0.014341439120471478,0.01467783844236692,0.00033156463177874684,0.0003987390373367816,1
107200,0.00041140287066809833,0.00034354670788161457,0.014614417217671871,6.260499000549316,0.00041140287066809833,0.0005746840033680201,0.0,0.0,5.021523065806832e-06,0.014320683665573597,0.014669251896521018,0.00034354670788161457,0.00041140287066809833,0
107400,0.0003987798700109124,0.0003316348884254694,0.015034554526209831,6.254290580749512,0.0003987798700109124,0.0006379469414241612,0.0,0.0,4.835527761315461e-06,0.014341592788696289,0.014678063204883074,0.0003316348884254694,0.0003987798700109124,0
107600,0.00040637588244862854,0.0003393646620679647,0.01470740046352148,6.290780544281006,0.00040637588244862854,0.0005774523015134037,0.0,0.0,4.959572379448218e-06,0.014321769587695599,0.014666093822143011,0.0003393646620679647,0.00040637588244862854,0
107800,0.000399001786718145,0.00033193378476426005,0.014978251419961452,6.2598443031311035,0.000399001786718145,0.0006267475546337664,0.0,0.0,4.847421678277897e-06,0.014336721040308475,0.014673502246751013,0.00033193378476426005,0.000399001786718145,0
108000,0.0003987827221862972,0.00033165354398079216,0.015048359520733356,6.251538276672363,0.0003987827221862972,0.0006376439705491066,0.0,0.0,4.835977961192839e-06,0.014341762289404869,0.014678251811346854,0.00033165354398079216,0.0003987827221862972,0
108200,0.00039880015538074076,0.00033161696046590805,0.015035249292850494,6.253111362457275,0.00039880015538074076,0.0006378750549629331,0.0,0.0,4.8361357585235965e-06,0.014341263100504875,0.014677716196729307,0.00033161696046590805,0.00039880015538074076,0
108400,0.00039876645314507186,0.0003315872454550117,0.015038746409118176,6.250430583953857,0.00039876645314507186,0.0006392438663169742,0.0,0.0,4.834615083382232e-06,0.014341400936245918,0.014677822796784312,0.0003315872454550117,0.00039876645314507186,0
108600,0.0003987366217188537,0.0003314848290756345,0.015034071169793606,6.2453484535217285,0.0003987366217188537,0.0006426649051718414,0.0,0.0,4.8328229240723886e-06,0.014341043308377266,0.014677360960376973,0.0003314848290756345,0.0003987366217188537,1
108800,0.00040072508272714913,0.00033398816594853997,0.015029322355985641,6.254584312438965,0.00040072508272714913,0.0006109538953751326,0.0,0.0,4.877481387666194e-06,0.01433989591896534,0.014678761566301546,0.00033398816594853997,0.00040072508272714913,0
109000,0.00040261997492052615,0.00033502583391964436,0.015335962176322937,6.208237648010254,0.00040261997492052615,0.0006891890661790967,0.0,0.0,4.823424205824267e-06,0.014362002722918987,0.014701851981044456,0.00033502583391964436,0.00040261997492052615,0
109200,0.0005213345866650343,0.0004530812439043075,0.013792521320283413,6.388070106506348,0.0005213345866650343,0.00044676795369014144,0.0,0.0,6.097804998717038e-06,0.014287805184721947,0.014746984233624971,0.0004530812439043075,0.0005213345866650343,0
109400,0.00039879948599264026,0.00033161044120788574,0.015040334314107895,6.250916957855225,0.00039879948599264026,0.0006393413059413433,0.0,0.0,4.83429585074191e-06,0.01434173434972763,0.014678179086786258,0.00033161044120788574,0.00039879948599264026,0
109600,0.0003987367090303451,0.0003315432695671916,0.015041246078908443,6.246695041656494,0.0003987367090303451,0.0006408010376617312,0.0,0.0,4.833217644772958e-06,0.014341408386826515,0.01467778487403848,0.0003315432695671916,0.0003987367090303451,0
109800,0.0003987789386883378,0.00033157950383611023,0.015046211890876293,6.247781753540039,0.0003987789386883378,0.000639381876681,0.0,0.0,4.8346573748858646e-06,0.01434172224253416,0.014678136403745157,0.00033157950383611023,0.0003987789386883378,0
110000,0.00039877212839201093,0.00033156172139570117,0.015039804391562939,6.247409343719482,0.00039877212839201093,0.0006397743709385395,0.0,0.0,4.834329956793226e-06,0.01434123795479536,0.014677634006147855,0.00033156172139570117,0.00039877212839201093,0
110200,0.0003987503587268293,0.00033152749529108405,0.015064655803143978,6.242138385772705,0.0003987503587268293,0.0006437952979467809,0.0,0.0,4.830761099583469e-06,0.014342522248625755,0.014678880505016423,0.00033152749529108405,0.0003987503587268293,0
110400,0.0003989909018855542,0.0003317620139569044,0.01498389896005392,6.2342071533203125,0.0003989909018855542,0.0006361181731335819,0.0,0.0,4.844736849918263e-06,0.014339055866003036,0.01467566261680986,0.0003317620139569044,0.0003989909018855542,0
110600,0.00039899360854178667,0.00033213154529221356,0.015168417245149612,6.247820854187012,0.00039899360854178667,0.0006388535839505494,0.0,0.0,4.8318538574676495e-06,0.014348387718200684,0.014685351117350365,0.00033213154529221356,0.00039899360854178667,0
110800,0.0003989339747931808,0.00033172560506500304,0.015007955022156239,6.252380847930908,0.0003989339747931808,0.0006333484780043364,0.0,0.0,4.8412425712740514e-06,0.014339400455355644,0.014675967302991921,0.00033172560506500304,0.0003989339747931808,0
111000,0.0004022172943223268,0.00033492714283056557,0.014812024310231209,6.260014057159424,0.0004022172943223268,0.0006014622049406171,0.0,0.0,4.902348337054718e-06,0.014327711425721645,0.014667540916889266,0.00033492714283056557,0.0004022172943223268,0
111200,0.0003989032993558794,0.0003314643690828234,0.014937497675418854,6.24844217300415,0.0003989032993558794,0.000639884325210005,0.0,0.0,4.838519089389592e-06,0.01433513406664133,0.014671436954813544,0.0003314643690828234,0.0003989032993558794,1
111400,0.00039902442949824035,0.00033186381915584207,0.015149264596402645,6.234872817993164,0.00039902442949824035,0.000656748830806464,0.0,0.0,4.819590685656294e-06,0.014346703886985779,0.014683387296827277,0.00033186381915584207,0.00039902442949824035,0
111600,0.0004608332528732717,0.00039270950946956873,0.0139369647949934,6.3144612312316895,0.0004608332528732717,0.0004961037775501609,0.0,0.0,5.524788321054075e-06,0.01429468672722578,0.014692921025016403,0.00039270950946956873,0.0004608332528732717,0
111800,0.0004111496964469552,0.0003445986076258123,0.015928898006677628,6.2064385414123535,0.0004111496964469552,0.0006991812260821462,0.0,0.0,4.86958970213891e-06,0.014398975297808647,0.014748443495136598,0.0003445986076258123,0.0004111496964469552,0
112000,0.00040026367059908807,0.0003330744511913508,0.014899851754307747,6.253941059112549,0.00040026367059908807,0.0006164117367006838,0.0,0.0,4.870796601608163e-06,0.014332846738398075,0.014670791986191034,0.0003330744511913508,0.00040026367059908807,0
112200,0.0003988022799603641,0.0003315499343443662,0.015055282972753048,6.242657661437988,0.0003988022799603641,0.0006428295164369047,0.0,0.0,4.831580099562416e-06,0.014342169277369976,0.014678550791813905,0.0003315499343443662,0.0003988022799603641,0
112400,0.00039880158146843314,0.000331543677020818,0.01504598744213581,6.243636608123779,0.00039880158146843314,0.0006419925484806299,0.0,0.0,4.832344075111905e-06,0.014341611415147781,0.014677987436243711,0.000331543677020818,0.00039880158146843314,0
112600,0.00039878784446045756,0.0003315341309644282,0.015048609115183353,6.242155075073242,0.00039878784446045756,0.000642172119114548,0.0,0.0,4.832025297218934e-06,0.014341693371534348,0.014678059527795995,0.0003315341309644282,0.00039878784446045756,0
112800,0.0003987652307841927,0.0003315222274977714,0.015050125308334827,6.239655017852783,0.0003987652307841927,0.00064187275711447,0.0,0.0,4.832412287214538e-06,0.014341452158987522,0.014677806798772508,0.0003315222274977714,0.0003987652307841927,0
113000,0.00039952879888005555,0.00033220238401554525,0.014922517351806164,6.24552583694458,0.00039952879888005555,0.0006269902805797756,0.0,0.0,4.855842689721612e-06,0.01433425210416317,0.014671310330868437,0.00033220238401554525,0.00039952879888005555,0
113200,0.00040056664147414267,0.00033333152532577515,0.014866887591779232,6.248228549957275,0.00040056664147414267,0.0006160371704027057,0.0,0.0,4.8751194299256895e-06,0.014330901205539703,0.014669107850295404,0.00033333152532577515,0.00040056664147414267,0
113400,0.00040015997365117073,0.00033285829704254866,0.01512077171355486,6.234548568725586,0.00040015997365117073,0.0006216107867658138,0.0,0.0,4.865853043156676e-06,0.014344952069222927,0.014682676219308632,0.00033285829704254866,0.00040015997365117073,0
113600,0.0004025058005936444,0.00033619976602494717,0.01557235885411501,6.231882095336914,0.0004025058005936444,0.0006576704327017069,0.0,0.0,4.836173957301071e-06,0.014372391626238823,0.014713427566221071,0.00033619976602494717,0.0004025058005936444,0
113800,0.0003988497774116695,0.00033157228608615696,0.015070565976202488,6.240820407867432,0.0003988497774116695,0.0006455451948568225,0.0,0.0,4.8287456593243405e-06,0.014343352988362312,0.014679754020107794,0.00033157228608615696,0.0003988497774116695,0
114000,0.0003988422977272421,0.00033157668076455593,0.0150534026324749,6.241862773895264,0.0003988422977272421,0.0006421650177799165,0.0,0.0,4.831824753637193e-06,0.014342155307531357,0.01467856381304955,0.00033157668076455593,0.0003988422977272421,0
114200,0.00039882189594209194,0.0003315547073725611,0.015053285285830498,6.240104675292969,0.00039882189594209194,0.0006427858606912196,0.0,0.0,4.831355454371078e-06,0.014342081733047962,0.014678467795874894,0.0003315547073725611,0.00039882189594209194,0
114400,0.0004342662577982992,0.0003649775462690741,0.01413285918533802,6.282808303833008,0.0004342662577982992,0.0005379999056458473,0.0,0.0,5.256658369034994e-06,0.014299879781901836,0.014670113986539945,0.0003649775462690741,0.0004342662577982992,0
114600,0.00041230375063605607,0.00034420035080984235,0.01563228853046894,6.167223930358887,0.00041230375063605607,0.0007425973890349269,0.0,0.0,4.8634196900820825e-06,0.014384344220161438,0.014733407990661362,0.00034420035080984235,0.00041230375063605607,0
114800,0.0005805451655760407,0.0005104292067699134,0.017953531816601753,6.050264358520508,0.0005805451655760407,0.0010267060715705156,0.0,0.0,6.047695933375508e-06,0.01458764635026455,0.015104123252967838,0.0005104292067699134,0.0005805451655760407,0
115000,0.0003988133976235986,0.00033153124968521297,0.015055449679493904,6.238264560699463,0.0003988133976235986,0.0006434581591747701,0.0,0.0,4.830641501030186e-06,0.014342128299176693,0.014678490190362936,0.00033153124968521297,0.0003988133976235986,0
115200,0.0003988217795267701,0.0003315341309644282,0.015057255513966084,6.237344741821289,0.0003988217795267701,0.0006435553659684956,0.0,0.0,4.830708803638117e-06,0.014342094771564007,0.014678459611332073,0.0003315341309644282,0.0003988217795267701,0
115400,0.000398806732846424,0.0003315065405331552,0.01506242249161005,6.234720230102539,0.000398806732846424,0.0006449296488426626,0.0,0.0,4.829722456634045e-06,0.014342207461595535,0.014678543724585325,0.0003315065405331552,0.000398806732846424,0
115600,0.0003988155222032219,0.0003315653302706778,0.015074217692017555,6.233133316040039,0.0003988155222032219,0.0006428240449167788,0.0,0.0,4.831950718653388e-06,0.014342467300593853,0.014678864581583184,0.0003315653302706778,0.0003988155222032219,0
115800,0.0004001663182862103,0.00033223730861209333,0.01506007183343172,6.216599464416504,0.0004001663182862103,0.0006790221086703241,0.0,0.0,4.818018169316929e-06,0.014344952069222927,0.014682007396004337,0.00033223730861209333,0.0004001663182862103,0
116000,0.0003988510579802096,0.00033151256502605975,0.01508694514632225,6.231787204742432,0.0003988510579802096,0.0006489050574600697,0.0,0.0,4.826450094697066e-06,0.014343619346618652,0.01467995836173941,0.00033151256502605975,0.0003988510579802096,0
116200,0.0003988207026850432,0.0003314809873700142,0.01507993508130312,6.229842662811279,0.0003988207026850432,0.0006482028402388096,0.0,0.0,4.827244083571713e-06,0.014343097805976868,0.014679406037430454,0.0003314809873700142,0.0003988207026850432,0
116400,0.00040003692265599966,0.000332499184878543,0.014881747774779797,6.24039363861084,0.00040003692265599966,0.0006254393956623971,0.0,0.0,4.862972673436161e-06,0.01433038804680109,0.01466775020435307,0.000332499184878543,0.00040003692265599966,0
116600,0.00039886965532787144,0.00033156934659928083,0.015051690861582756,6.237059593200684,0.00039886965532787144,0.00064280309015885,0.0,0.0,4.831413662031991e-06,0.014342018403112888,0.014678419163374201,0.00033156934659928083,0.00039886965532787144,0
116800,0.00039889413164928555,0.000331559480400756,0.015071210451424122,6.23545503616333,0.00039889413164928555,0.0006458496209233999,0.0,0.0,4.828752025787253e-06,0.014343192800879478,0.014679581033306022,0.000331559480400756,0.00039889413164928555,0
117000,0.00039889520849101245,0.00033157385769300163,0.015061760321259499,6.236176013946533,0.00039889520849101245,0.0006436253897845745,0.0,0.0,4.8307842916983645e-06,0.01434242632240057,0.01467883096438527,0.00033157385769300163,0.00039889520849101245,0
117200,0.0003988826065324247,0.00033159417216666043,0.015077508054673672,6.234372138977051,0.0003988826065324247,0.0006441032746806741,0.0,0.0,4.829908903047908e-06,0.014343176037073135,0.014679600118142844,0.00033159417216666043,0.0003988826065324247,0
117400,0.00039902894059196115,0.00033164495835080743,0.015118657611310482,6.228430271148682,0.00039902894059196115,0.0006547451484948397,0.0,0.0,4.8221090764855035e-06,0.014345956034958363,0.014682423102385656,0.00033164495835080743,0.00039902894059196115,0
117600,0.0003991922130808234,0.0003318105300422758,0.01496491301804781,6.238326549530029,0.0003991922130808234,0.000634744472336024,0.0,0.0,4.844283012062078e-06,0.0143361147493124,0.014672769562366739,0.0003318105300422758,0.0003991922130808234,0
117800,0.0003988686657976359,0.00033150360104627907,0.015064651146531105,6.230405807495117,0.0003988686657976359,0.0006448107305914164,0.0,0.0,4.830650141229853e-06,0.014342125505208969,0.014678459756396478,0.00033150360104627907,0.0003988686657976359,0
118000,0.0003988443349953741,0.0003314790374133736,0.015077246353030205,6.227207183837891,0.0003988443349953741,0.0006475592963397503,0.0,0.0,4.8279084694513585e-06,0.014342820271849632,0.014679127217732457,0.0003314790374133736,0.0003988443349953741,0
118200,0.0003988158132415265,0.00033169271773658693,0.015075298957526684,6.231733322143555,0.0003988158132415265,0.0006395961390808225,0.0,0.0,4.832523700315505e-06,0.014340837486088276,0.014677362727525178,0.00033169271773658693,0.0003988158132415265,0
118400,0.00041648384649306536,0.00034752918872982264,0.014366412535309792,6.253178596496582,0.00041648384649306536,0.0005743025685660541,0.0,0.0,5.0610024118213914e-06,0.014307022094726562,0.014659612285868207,0.00034752918872982264,0.00041648384649306536,0
118600,0.00039913179352879524,0.00033166565117426217,0.015107833780348301,6.226203441619873,0.00039913179352879524,0.0006574821891263127,0.0,0.0,4.8207111831288785e-06,0.014345900155603886,0.014682386517961277,0.00033166565117426217,0.00039913179352879524,0
118800,0.0003989166289102286,0.00033155959681607783,0.015070521272718906,6.231482028961182,0.0003989166289102286,0.0006453209207393229,0.0,0.0,4.829425051866565e-06,0.014342776499688625,0.01467916552155657,0.00033155959681607783,0.0003989166289102286,0
119000,0.0003988986718468368,0.00033154303673654795,0.015071908943355083,6.229369640350342,0.0003988986718468368,0.000645780935883522,0.0,0.0,4.829014415008714e-06,0.01434277929365635,0.014679151344807906,0.00033154303673654795,0.0003988986718468368,0
119200,0.00039890105836093426,0.000331529212417081,0.015071913599967957,6.2286810874938965,0.00039890105836093426,0.0006464021862484515,0.0,0.0,4.8287897698173765e-06,0.014342696405947208,0.014679054408134107,0.000331529212417081,0.00039890105836093426,0
119400,0.00039925603778101504,0.00033190438989549875,0.015003222040832043,6.23733377456665,0.00039925603778101504,0.0006332586635835469,0.0,0.0,4.843850547331385e-06,0.014338424429297447,0.014675172669740277,0.00033190438989549875,0.00039925603778101504,0
119600,0.000423819525167346,0.0003564057406038046,0.014474254101514816,6.292806148529053,0.000423819525167346,0.0005411268211901188,0.0,0.0,5.146189778315602e-06,0.014309116639196873,0.014670668569578993,0.0003564057406038046,0.000423819525167346,0
119800,0.0003989480319432914,0.00033157423604279757,0.015077373012900352,6.229179382324219,0.0003989480319432914,0.0006461747107096016,0.0,0.0,4.828698820347199e-06,0.014343230985105038,0.014679633919968182,0.00033157423604279757,0.0003989480319432914,0
120000,0.00039890993502922356,0.00033153657568618655,0.01507660560309887,6.226606369018555,0.00039890993502922356,0.000646649394184351,0.0,0.0,4.828386863664491e-06,0.014342935755848885,0.014679300718398736,0.00033153657568618655,0.00039890993502922356,0
