step,train_loss,val_loss,periodic_boundary_loss,periodic_derivative_loss,early_time_loss,peak_loss,spectral_loss,integer_derivative_loss,spectral_val_loss,integer_derivative_val_loss,composite_derivative_val_loss,selection_score,train_objective,is_best
0,0.507811427116394,0.5117762684822083,3.97644816985121e-06,1.3631475894726464e-06,0.507811427116394,1.2289972305297852,0.0,0.007051026914268732,0.0042623491026461124,0.006515787914395332,0.5225544054992497,0.5225544054992497,0.5078819373855368,1
200,0.029486915096640587,0.027800368145108223,0.27184948325157166,1.5324478149414062,0.029486915096640587,0.11209964752197266,0.0,0.04447762295603752,0.0002344701497349888,0.05269097164273262,0.08072580993757583,0.08072580993757583,0.029931691326200962,1
400,0.0028064579237252474,0.002637328812852502,0.022921504452824593,1.869260311126709,0.0028064579237252474,0.015872599557042122,0.0,0.010476678609848022,2.4309865693794563e-05,0.007568886037915945,0.010230524716462241,0.010230524716462241,0.0029112247098237276,1
600,0.001829797402024269,0.0016926610842347145,0.023636534810066223,2.352048397064209,0.001829797402024269,0.006610543932765722,0.0,0.008763903751969337,1.6101912478916347e-05,0.007683639880269766,0.009392402876983397,0.009392402876983397,0.0019174364395439624,1
800,0.0014682618202641606,0.0014009628212079406,0.02016710862517357,3.078157663345337,0.0014682618202641606,0.004183834418654442,0.0,0.007360945921391249,1.3257910723041277e-05,0.007158078718930483,0.008572299450861465,0.008572299450861465,0.001541871279478073,1
1000,0.0013558079954236746,0.0013206248404458165,0.019599223509430885,3.439265489578247,0.0013558079954236746,0.0037635397166013718,0.0,0.006848302204161882,1.2248233360878658e-05,0.007098302710801363,0.008431175784608058,0.008431175784608058,0.0014242910174652934,1
1200,0.0013277626130729914,0.0012970869429409504,0.018876634538173676,3.6285033226013184,0.0013277626130729914,0.003751480020582676,0.0,0.004068660084158182,1.2107727343391161e-05,0.006987252272665501,0.008296446942949842,0.008296446942949842,0.0013684492139145732,1
1400,0.0013202371774241328,0.001292361062951386,0.01888388954102993,3.7935705184936523,0.0013202371774241328,0.0037289641331881285,0.0,0.007412940729409456,1.2044634786434472e-05,0.006989581044763327,0.008293986742501147,0.008293986742501147,0.0013943665847182274,1
1600,0.0013233029749244452,0.0012978753075003624,0.01902027055621147,3.9353320598602295,0.0013233029749244452,0.003705487819388509,0.0,0.005109243094921112,1.20235654321732e-05,0.007008516229689121,0.008318415102621657,0.008318415102621657,0.0013743954058736563,0
1800,0.001321246731095016,0.001295566326007247,0.019052779302001,4.013934135437012,0.001321246731095016,0.003713936312124133,0.0,0.005092774052172899,1.19958640425466e-05,0.007019546814262867,0.00832710900431266,0.00832710900431266,0.001372174471616745,0
2000,0.0013206246076151729,0.0012928849318996072,0.01816094107925892,4.046928882598877,0.0013206246076151729,0.0036944474559277296,0.0,0.004513503517955542,1.209106449095998e-05,0.006880405358970165,0.008185381355360732,0.008185381355360732,0.0013657596427947283,1
2200,0.0013204305432736874,0.0012929148506373167,0.018358951434493065,4.112072467803955,0.0013204305432736874,0.0037055506836622953,0.0,0.010241090320050716,1.2063795111316722e-05,0.006918938364833593,0.008223917010582227,0.008223917010582227,0.0014228414464741946,0
2400,0.0013167962897568941,0.0012910962104797363,0.018841734156012535,4.186769485473633,0.0013167962897568941,0.0036904180888086557,0.0,0.007907756604254246,1.1957166861975566e-05,0.006995540112257004,0.008298593489598716,0.008298593489598716,0.0013958738557994365,0
2600,0.0013175300555303693,0.0012940199812874198,0.01888650842010975,4.261048316955566,0.0013175300555303693,0.003672523656859994,0.0,0.008084055036306381,1.1915026334463619e-05,0.007001806516200304,0.008307741523822187,0.008307741523822187,0.001398370605893433,0
2800,0.001318247988820076,0.0012954577105119824,0.019022593274712563,4.312884330749512,0.001318247988820076,0.00366320856846869,0.0,0.004950704053044319,1.189628255815478e-05,0.007024394813925028,0.008331748806995165,0.008331748806995165,0.0013677550293505192,0
3000,0.0013138809008523822,0.0012895881664007902,0.01838151179254055,4.320859432220459,0.0013138809008523822,0.0036677944008260965,0.0,0.005278406664729118,1.1930597793252673e-05,0.006925420835614204,0.008226939599808247,0.008226939599808247,0.0013666649674996733,0
3200,0.0013153309701010585,0.0012934624683111906,0.018718622624874115,4.382680892944336,0.0013153309701010585,0.003660918213427067,0.0,0.00783417746424675,1.1868793990288395e-05,0.006975136697292328,0.008280467959593807,0.008280467959593807,0.001393672744743526,0
3400,0.0013139055809006095,0.0012908171629533172,0.01813534088432789,4.406871795654297,0.0013139055809006095,0.003623776137828827,0.0,0.006659157574176788,1.1933866517210845e-05,0.006890617311000824,0.008193368340471352,0.008193368340471352,0.0013804971566423773,0
3600,0.0013148329453542829,0.0012922263704240322,0.01796676777303219,4.4433979988098145,0.0013148329453542829,0.0036139898002147675,0.0,0.0064727081917226315,1.1941927368752658e-05,0.006864613853394985,0.00816878215118777,0.00816878215118777,0.0013795600272715092,1
3800,0.001312863314524293,0.0012913818936794996,0.017936378717422485,4.47982931137085,0.001312863314524293,0.0036129613872617483,0.0,0.005980578251183033,1.1899962373718154e-05,0.006855634041130543,0.00815891589718376,0.00815891589718376,0.0013726690970361232,1
4000,0.0013126953272148967,0.0012923884205520153,0.018579674884676933,4.530200004577637,0.0013126953272148967,0.0036074137315154076,0.0,0.003871273947879672,1.183594486064976e-05,0.006963791325688362,0.008268015691101027,0.008268015691101027,0.0013514080666936934,0
4200,0.0013131906744092703,0.0012936149723827839,0.018136179074645042,4.564035892486572,0.0013131906744092703,0.0035785024520009756,0.0,0.004803265444934368,1.1871024071297143e-05,0.006888990290462971,0.008194476286917052,0.008194476286917052,0.001361223328858614,0
4400,0.0013161670649424195,0.0012973351404070854,0.018808482214808464,4.599231243133545,0.0013161670649424195,0.0035810533445328474,0.0,0.005325050093233585,1.1839086255349685e-05,0.007001558318734169,0.008310732545396604,0.008310732545396604,0.0013694175658747554,0
4600,0.0013310785870999098,0.0013095600297674537,0.017133675515651703,4.575993061065674,0.0013310785870999098,0.0036276245955377817,0.0,0.007606989704072475,1.2125048669986427e-05,0.006739407777786255,0.008061092856223695,0.008061092856223695,0.0014071484841406345,1
4800,0.0013195902574807405,0.0012991762487217784,0.017541872337460518,4.619933605194092,0.0013195902574807405,0.0035805453080683947,0.0,0.006718028336763382,1.1985457604168914e-05,0.00680325273424387,0.008114414440569817,0.008114414440569817,0.0013867705408483744,0
5000,0.0013144698459655046,0.0012956691207364202,0.017873646691441536,4.646360397338867,0.0013144698459655046,0.003578531788662076,0.0,0.0065171546302735806,1.1900669051101431e-05,0.006851943209767342,0.008159512999554863,0.008159512999554863,0.0013796413922682405,0
5200,0.00131755112670362,0.0012984087225049734,0.017504647374153137,4.664144515991211,0.00131755112670362,0.0035384397488087416,0.0,0.005563807673752308,1.1969854313065298e-05,0.006795450579375029,0.008105829156193067,0.008105829156193067,0.001373189203441143,0
5400,0.0013141367817297578,0.0012964967172592878,0.01841968670487404,4.68833065032959,0.0013141367817297578,0.0035512091126292944,0.0,0.006271636579185724,1.1851941053464543e-05,0.006944992579519749,0.008253341237832501,0.008253341237832501,0.001376853147521615,0
5600,0.0013165067648515105,0.0012988741509616375,0.018620308488607407,4.7259745597839355,0.0013165067648515105,0.0034550533164292574,0.0,0.0056806099601089954,1.1861597158713266e-05,0.006978033576160669,0.00828876932428102,0.00828876932428102,0.0013733128644526004,0
5800,0.001323856064118445,0.0013035326264798641,0.017508726567029953,4.703923225402832,0.001323856064118445,0.003427287796512246,0.0,0.00802466832101345,1.2059637811034918e-05,0.0068051074631512165,0.008120699727442116,0.008120699727442116,0.0014041027473285794,0
6000,0.0013153114123269916,0.0012981228064745665,0.01772310957312584,4.6956467628479,0.0013153114123269916,0.003587408922612667,0.0,0.007692284882068634,1.1923722922801971e-05,0.006832594517618418,0.008142641047015786,0.008142641047015786,0.001392234261147678,0
6200,0.0013158200308680534,0.001299905707128346,0.018108662217855453,4.733144283294678,0.0013158200308680534,0.0034434618428349495,0.0,0.00683174142614007,1.189046997751575e-05,0.006889426615089178,0.00820122279219504,0.00820122279219504,0.001384137445129454,0
6400,0.0013127061538398266,0.0012960860040038824,0.01785081811249256,4.719152927398682,0.0013127061538398266,0.003531870199367404,0.0,0.0045282053761184216,1.1884382729476783e-05,0.006852014921605587,0.008159985308338946,0.008159985308338946,0.001357988207601011,0
6600,0.0013181599788367748,0.0012998993042856455,0.017898259684443474,4.741879463195801,0.0013181599788367748,0.0033369415905326605,0.0,0.009217911399900913,1.1969881597906351e-05,0.006866551004350185,0.008178420190233737,0.008178420190233737,0.001410339092835784,0
6800,0.0013149743899703026,0.0012989492388442159,0.01757880114018917,4.697222709655762,0.0013149743899703026,0.003627185709774494,0.0,0.00811475794762373,1.1933020687138196e-05,0.006812837440520525,0.008123719700051879,0.008123719700051879,0.00139612196944654,0
7000,0.001311742584221065,0.001295743859373033,0.017935391515493393,4.701023578643799,0.001311742584221065,0.003541829064488411,0.0,0.005943827331066132,1.1900301615241915e-05,0.006872710771858692,0.008180354932846967,0.008180354932846967,0.0013711808575317265,0
7200,0.001311286585405469,0.0012961783213540912,0.017611166462302208,4.697592735290527,0.001311286585405469,0.0035590704064816236,0.0,0.007522283121943474,1.1901729521923698e-05,0.006813890300691128,0.008121970351567143,0.008121970351567143,0.0013865094166249036,0
7400,0.0013099040370434523,0.0012950426898896694,0.017897389829158783,4.700993537902832,0.0013099040370434523,0.0035250659566372633,0.0,0.00606298865750432,1.1875241398229264e-05,0.006862951442599297,0.008169869373887195,0.008169869373887195,0.0013705339236184954,0
7600,0.0013101688819006085,0.0012947909999638796,0.017771676182746887,4.7014312744140625,0.0013101688819006085,0.003494941396638751,0.0,0.006083962507545948,1.189897011499852e-05,0.006845711264759302,0.00815240123483818,0.00815240123483818,0.001371008506976068,0
7800,0.0013087361585348845,0.0012941021705046296,0.01846110261976719,4.692526817321777,0.0013087361585348845,0.0034779661800712347,0.0,0.006290126591920853,1.1836527846753597e-05,0.006959146354347467,0.00826508505269885,0.00826508505269885,0.001371637424454093,0
8000,0.0013095801696181297,0.0012968119699507952,0.018108736723661423,4.679953575134277,0.0013095801696181297,0.0035583374556154013,0.0,0.006285797338932753,1.1847823770949617e-05,0.006891636643558741,0.008200296437280485,0.008200296437280485,0.0013724381430074574,0
8200,0.0013095748145133257,0.0012972033582627773,0.01827840879559517,4.688563823699951,0.0013095748145133257,0.003552918555215001,0.0,0.006136266980320215,1.1823134627775289e-05,0.006920585408806801,0.008229611901697353,0.008229611901697353,0.0013709374843165279,0
8400,0.001306444057263434,0.0012924736365675926,0.017954276874661446,4.674405574798584,0.001306444057263434,0.00346000655554235,0.0,0.008194315247237682,1.1848068425024394e-05,0.006870049983263016,0.008174371688255633,0.008174371688255633,0.0013883872097358108,0
8600,0.001307442900724709,0.0012933032121509314,0.01773456484079361,4.675686836242676,0.001307442900724709,0.003441518871113658,0.0,0.007362570147961378,1.1883615115948487e-05,0.006839493289589882,0.008144680116856762,0.008144680116856762,0.001381068602204323,0
8800,0.0013075018068775535,0.0012948645744472742,0.017239529639482498,4.6383957862854,0.0013075018068775535,0.003594361012801528,0.0,0.00628396263346076,1.1910668945347425e-05,0.006748283747583628,0.00805505899097625,0.00805505899097625,0.001370341433212161,1
9000,0.0013053123839199543,0.001291717286221683,0.017601745203137398,4.638676643371582,0.0013053123839199543,0.0035549625754356384,0.0,0.00670745549723506,1.188081569125643e-05,0.0068121799267828465,0.008115778028695786,0.008115778028695786,0.0013723869388923048,0
9200,0.001306825433857739,0.001293887966312468,0.01840929314494133,4.6769022941589355,0.001306825433857739,0.003424137830734253,0.0,0.0075272065587341785,1.1829030881926883e-05,0.006944574415683746,0.008250291412878141,0.008250291412878141,0.0013820974994450807,0
9400,0.0013050141278654337,0.0012931984383612871,0.018063358962535858,4.653576850891113,0.0013050141278654337,0.003464587265625596,0.0,0.006985016632825136,1.1837792953883763e-05,0.0068824319168925285,0.0081874681482077,0.0081874681482077,0.001374864294193685,0
9600,0.0013035379815846682,0.0012902949238196015,0.018055057153105736,4.648508548736572,0.0013035379815846682,0.0034488700330257416,0.0,0.007537052500993013,1.1833752068923786e-05,0.006887572351843119,0.008189701027731644,0.008189701027731644,0.0013789085065945984,0
9800,0.0013055960880592465,0.0012916612904518843,0.01750406064093113,4.630982398986816,0.0013055960880592465,0.003493180498480797,0.0,0.006124480627477169,1.190580314869294e-05,0.006801221985369921,0.008104789078970498,0.008104789078970498,0.0013668408943340183,0
10000,0.0013020370388403535,0.0012903277529403567,0.01818392239511013,4.634761810302734,0.0013020370388403535,0.003467080881819129,0.0,0.0061845737509429455,1.1802291737694759e-05,0.006905474234372377,0.008207604279050429,0.008207604279050429,0.001363882776349783,0
10200,0.00130685034673661,0.0012927997158840299,0.017557518556714058,4.644326686859131,0.00130685034673661,0.0033533237874507904,0.0,0.005923525430262089,1.1931635526707396e-05,0.0068082623183727264,0.008112993669783464,0.008112993669783464,0.001366085601039231,0
10400,0.0012997817248106003,0.0012878525303676724,0.017653515562415123,4.614930152893066,0.0012997817248106003,0.003557687858119607,0.0,0.004797828383743763,1.182962932944065e-05,0.006818155292421579,0.008117837452118692,0.008117837452118692,0.001347760008648038,0
10600,0.0013024699874222279,0.0012888394994661212,0.017498016357421875,4.611765384674072,0.0013024699874222279,0.0034944163635373116,0.0,0.0035889155697077513,1.1880992133228574e-05,0.0067969863303005695,0.00809770682189992,0.00809770682189992,0.0013383591431193054,0
10800,0.0013001335319131613,0.0012876116670668125,0.017489084973931313,4.6037278175354,0.0013001335319131613,0.003512381808832288,0.0,0.00406409427523613,1.1860246559081133e-05,0.006794007495045662,0.008093479408671556,0.008093479408671556,0.0013407744746655225,0
11000,0.0012997747398912907,0.001289151725359261,0.017721639946103096,4.585865020751953,0.0012997747398912907,0.0036984405014663935,0.0,0.005399120040237904,1.1796681064879522e-05,0.006829316262155771,0.008130264668579912,0.008130264668579912,0.0013537659402936698,0
11200,0.0012994209537282586,0.0012900831643491983,0.017723683267831802,4.602520942687988,0.0012994209537282586,0.0035383005160838366,0.0,0.006756896618753672,1.1807763257820625e-05,0.006820314563810825,0.008122205491417844,0.008122205491417844,0.0013669899199157953,0
11400,0.0013013434363529086,0.0012893046950921416,0.01706957072019577,4.570050239562988,0.0013013434363529086,0.003590545617043972,0.0,0.00565998163074255,1.1907313819392584e-05,0.006723201833665371,0.008024413842576905,0.008024413842576905,0.0013579432526603342,1
11600,0.0013043611543253064,0.001295659109018743,0.017329707741737366,4.5406951904296875,0.0013043611543253064,0.003831867827102542,0.0,0.008411841467022896,1.184006396215409e-05,0.006759229116141796,0.008066728289122693,0.008066728289122693,0.0013884795689955353,0
11800,0.0012977762380614877,0.001288910279981792,0.017520947381854057,4.556403636932373,0.0012977762380614877,0.003703113878145814,0.0,0.00658726179972291,1.1772835932788439e-05,0.006788578350096941,0.008089261466011521,0.008089261466011521,0.0013636488560587168,0
12000,0.0012941674795001745,0.0012834949884563684,0.01755511946976185,4.565187454223633,0.0012941674795001745,0.0035340788308531046,0.0,0.008402598090469837,1.1797736078733578e-05,0.006797222886234522,0.008092515610769624,0.008092515610769624,0.0013781934604048729,0
12200,0.0012953522382304072,0.001284425612539053,0.01771608740091324,4.569305896759033,0.0012953522382304072,0.0034352007787674665,0.0,0.0030512118246406317,1.18177540571196e-05,0.006821759510785341,0.008118002877381514,0.008118002877381514,0.0013258643564768135,0
12400,0.001299423398450017,0.0012871235376223922,0.017055286094546318,4.5391669273376465,0.001299423398450017,0.003495795652270317,0.0,0.0036291242577135563,1.1899830496986397e-05,0.006720368284732103,0.008019391652851482,0.008019391652851482,0.0013357146410271526,1
12600,0.0012939349981024861,0.0012825877638533711,0.017432549968361855,4.538264751434326,0.0012939349981024861,0.00351267890073359,0.0,0.005687201861292124,1.180298477265751e-05,0.006779034156352282,0.00807342490497831,0.00807342490497831,0.0013508070167154074,0
12800,0.0012936522252857685,0.0012827039463445544,0.017536109313368797,4.542144775390625,0.0012936522252857685,0.003441968932747841,0.0,0.00848364271223545,1.1817277481895871e-05,0.006793644744902849,0.0080881659687293,0.0080881659687293,0.001378488652408123,0
13000,0.0012918033171445131,0.0012830127961933613,0.016980012878775597,4.517204284667969,0.0012918033171445131,0.003608342260122299,0.0,0.004408474545925856,1.1808867384388577e-05,0.0066954707726836205,0.00799029243626137,0.00799029243626137,0.0013358880626037717,1
13200,0.0012910682708024979,0.0012820244301110506,0.01750781014561653,4.501274585723877,0.0012910682708024979,0.0036809754092246294,0.0,0.006415922660380602,1.175015677290503e-05,0.006786310113966465,0.00808008470085042,0.00808008470085042,0.001355227497406304,0
13400,0.0012917944695800543,0.001282959245145321,0.017329320311546326,4.486617565155029,0.0012917944695800543,0.0037124224472790956,0.0,0.007550518959760666,1.1765580893552396e-05,0.006754640024155378,0.008049364850194252,0.008049364850194252,0.001367299659177661,0
13600,0.0012918961001560092,0.0012816250091418624,0.01684943027794361,4.488524913787842,0.0012918961001560092,0.0035846205428242683,0.0,0.007492159027606249,1.1826758054667152e-05,0.006675709038972855,0.007969160806169384,0.007969160806169384,0.0013668176904320717,1
13800,0.00129127933178097,0.001282977289520204,0.01760498248040676,4.516295909881592,0.00129127933178097,0.0034518446773290634,0.0,0.00637758057564497,1.1755031664506532e-05,0.006795668508857489,0.0080904008300422,0.0080904008300422,0.0013550551375374198,0
14000,0.0012896889820694923,0.001280511962249875,0.017055822536349297,4.474847316741943,0.0012896889820694923,0.003615570953115821,0.0,0.006874950602650642,1.1784397429437377e-05,0.0067095160484313965,0.008001812408110709,0.008001812408110709,0.0013584384880959987,0
14200,0.0012892569648101926,0.001280915574170649,0.017136981710791588,4.463263034820557,0.0012892569648101926,0.0036858059465885162,0.0,0.007157526444643736,1.1743218237825204e-05,0.006720603909343481,0.008013262701751955,0.008013262701751955,0.00136083222925663,0
14400,0.0012876582331955433,0.0012789121828973293,0.017369072884321213,4.472410202026367,0.0012876582331955433,0.0036136454436928034,0.0,0.00556957209482789,1.1733425708371215e-05,0.006758169271051884,0.008048814879657584,0.008048814879657584,0.0013433539541438221,0
14600,0.0012895317049697042,0.0012797436211258173,0.017025914043188095,4.470836162567139,0.0012895317049697042,0.0035615460947155952,0.0,0.00709326658397913,1.1785173228417989e-05,0.006704798899590969,0.007996327693945204,0.007996327693945204,0.0013604643708094956,0
14800,0.001290691550821066,0.0012802027631551027,0.01695842109620571,4.462667942047119,0.001290691550821066,0.003505837172269821,0.0,0.005267482250928879,1.1820172403531615e-05,0.006692673545330763,0.007984696480889397,0.007984696480889397,0.0013433663733303546,0
15000,0.0012874271487817168,0.0012794706271961331,0.017089718952775,4.454866409301758,0.0012874271487817168,0.0036469697952270508,0.0,0.007117731496691704,1.1732933671737555e-05,0.006709620822221041,0.008000824383088911,0.008000824383088911,0.001358604463748634,0
15200,0.0012898307759314775,0.0012834613444283605,0.01706525683403015,4.454300880432129,0.0012898307759314775,0.0037090976256877184,0.0,0.0067192502319812775,1.1732347957149614e-05,0.006698117591440678,0.007993311283826188,0.007993311283826188,0.0013570232782512902,0
15400,0.0012895164545625448,0.0012794057838618755,0.01694699376821518,4.465540885925293,0.0012895164545625448,0.0035226100590080023,0.0,0.0055792080238461494,1.1804707355622668e-05,0.006689420901238918,0.007980631392456417,0.007980631392456417,0.0013453085348010064,0
15600,0.0012863974552601576,0.0012783148558810353,0.017089635133743286,4.462700366973877,0.0012863974552601576,0.0035582594573497772,0.0,0.005450434982776642,1.1746974450943526e-05,0.006703836843371391,0.00799389867370337,0.00799389867370337,0.001340901805087924,0
15800,0.0012860449496656656,0.00127812207210809,0.017186682671308517,4.460090160369873,0.0012860449496656656,0.003554269438609481,0.0,0.006346504669636488,1.1722140698111616e-05,0.006721777375787497,0.008011621588593698,0.008011621588593698,0.0013495099963620305,0
16000,0.0012985029025003314,0.0012866437900811434,0.016665596514940262,4.449782371520996,0.0012985029025003314,0.0034574016463011503,0.0,0.005312996916472912,1.1930313121411018e-05,0.006646937690675259,0.007945511793877813,0.007945511793877813,0.0013516328716650606,1
16200,0.00128652504645288,0.0012782443081960082,0.016904694959521294,4.449921131134033,0.00128652504645288,0.003661912167444825,0.0,0.00479659391567111,1.1743986760848202e-05,0.006675615441054106,0.007965603736010962,0.007965603736010962,0.001334490985609591,0
16400,0.0012938982108607888,0.001281870761886239,0.016805920749902725,4.441899299621582,0.0012938982108607888,0.003479602513834834,0.0,0.005400980822741985,1.1878387340402696e-05,0.006665658205747604,0.007959407354974246,0.007959407354974246,0.0013479080190882088,0
16600,0.001285494421608746,0.0012784154387190938,0.017198817804455757,4.468047142028809,0.001285494421608746,0.0036130540538579226,0.0,0.004853122867643833,1.1701471521519125e-05,0.006720124278217554,0.008010241188458167,0.008010241188458167,0.0013340256502851844,0
16800,0.0012875557877123356,0.0012807912426069379,0.017600523307919502,4.467818260192871,0.0012875557877123356,0.003608538769185543,0.0,0.005334556568413973,1.1686614925565664e-05,0.006785345263779163,0.008077823121311667,0.008077823121311667,0.0013409013533964753,0
17000,0.0012882347218692303,0.0012814232613891363,0.017017029225826263,4.437754154205322,0.0012882347218692303,0.0037673062179237604,0.0,0.006994741968810558,1.1713372259691823e-05,0.006694446783512831,0.007987583417161659,0.007987583417161659,0.0013581821415573358,0
17200,0.0012853351654484868,0.0012782333651557565,0.01702200248837471,4.474478244781494,0.0012853351654484868,0.0035308043006807566,0.0,0.007060299161821604,1.1722504495992325e-05,0.006688177585601807,0.007978133455253555,0.007978133455253555,0.0013559381570667029,0
17400,0.001284932717680931,0.0012777711963281035,0.0173016507178545,4.472562313079834,0.001284932717680931,0.003592257620766759,0.0,0.00498028052970767,1.1684015589707997e-05,0.006736736744642258,0.00802619195656007,0.00802619195656007,0.0013347355229780078,0
17600,0.001285651815123856,0.0012789759784936905,0.016892312094569206,4.456626892089844,0.001285651815123856,0.003704042872413993,0.0,0.003935494460165501,1.1700532922986895e-05,0.006666804198175669,0.007957480709592346,0.007957480709592346,0.0013250067597255111,0
17800,0.0012851053616032004,0.0012787836603820324,0.016771001741290092,4.470088481903076,0.0012851053616032004,0.003664938732981682,0.0,0.006847426760941744,1.1721680493792519e-05,0.006645310670137405,0.00793581601101323,0.00793581601101323,0.001353579629212618,1
18000,0.0012836772948503494,0.0012762200785800815,0.016935981810092926,4.477002143859863,0.0012836772948503494,0.003601604839786887,0.0,0.0077671026811003685,1.1699424248945434e-05,0.006678495090454817,0.007966414593283844,0.007966414593283844,0.001361348321661353,0
18200,0.001283368095755577,0.0012754325289279222,0.017158329486846924,4.4730730056762695,0.001283368095755577,0.0035967726726084948,0.0,0.011394153349101543,1.1698271919158287e-05,0.006714926101267338,0.008002056902114418,0.008002056902114418,0.0013973096292465926,0
18400,0.0012866068864241242,0.0012781585101038218,0.01646028459072113,4.467721462249756,0.0012866068864241242,0.0035655435640364885,0.0,0.007073476444929838,1.1778818588936701e-05,0.006600971799343824,0.007890909128036583,0.007890909128036583,0.0013573416508734226,1
18600,0.001284227822907269,0.0012769328895956278,0.016686534509062767,4.490159511566162,0.001284227822907269,0.0034775680396705866,0.0,0.006514900363981724,1.17466024676105e-05,0.006633528042584658,0.007922207534647896,0.007922207534647896,0.0013493768265470862,0
18800,0.001283289398998022,0.0012768192682415247,0.017034253105521202,4.484243869781494,0.001283289398998022,0.003589065745472908,0.0,0.004750881809741259,1.1674692359520122e-05,0.006688128691166639,0.007976622651767684,0.007976622651767684,0.0013307982170954347,0
19000,0.0012827179161831737,0.001276085851714015,0.016677850857377052,4.476710796356201,0.0012827179161831737,0.003623931435868144,0.0,0.006351050455123186,1.1699215065164026e-05,0.006629767827689648,0.007917552894468827,0.007917552894468827,0.0013462284207344055,0
19200,0.0012829446932300925,0.0012765016872435808,0.01666722260415554,4.471919536590576,0.0012829446932300925,0.003663688199594617,0.0,0.00689901364967227,1.1691176950989757e-05,0.006626177579164505,0.007914370443359076,0.007914370443359076,0.0013519348297268152,0
19400,0.001282573095522821,0.0012749629095196724,0.016518689692020416,4.4852519035339355,0.001282573095522821,0.003538289340212941,0.0,0.008371930569410324,1.1722254384949338e-05,0.006602849345654249,0.007889534509558871,0.007889534509558871,0.0013662924012169241,1
19600,0.0012817650567740202,0.001274379319511354,0.016735313460230827,4.4864044189453125,0.0012817650567740202,0.003601374803110957,0.0,0.0050927624106407166,1.168978360510664e-05,0.006641005631536245,0.007927074734652706,0.007927074734652706,0.0013326926808804275,0
19800,0.0012832586653530598,0.0012747558066621423,0.01673722267150879,4.494130611419678,0.0012832586653530598,0.00355562218464911,0.0,0.006147993728518486,1.1721200280589983e-05,0.006645331159234047,0.00793180816617678,0.00793180816617678,0.0013447386026382447,0
20000,0.001281323260627687,0.00127400120254606,0.016662130132317543,4.490649223327637,0.001281323260627687,0.003564392914995551,0.0,0.0057510980404913425,1.170155610452639e-05,0.006626914720982313,0.0079126174796329,0.0079126174796329,0.0013388342410326005,0
20200,0.0012815211666747928,0.001273852540180087,0.016700932756066322,4.478552341461182,0.0012815211666747928,0.00360873737372458,0.0,0.0038447314873337746,1.1690359315252863e-05,0.006635360419750214,0.007920903319245554,0.007920903319245554,0.0013199684815481305,0
20400,0.0012806589948013425,0.0012738085351884365,0.017014695331454277,4.500967025756836,0.0012806589948013425,0.003581161377951503,0.0,0.005809496622532606,1.165763933386188e-05,0.006685290019959211,0.00797075619448151,0.00797075619448151,0.0013387539610266687,0
20600,0.0012811766937375069,0.0012745477724820375,0.016865137964487076,4.511576175689697,0.0012811766937375069,0.0035267749335616827,0.0,0.004919687286019325,1.1670655112538952e-05,0.006657885853201151,0.007944104280795727,0.007944104280795727,0.0013303735665977001,0
20800,0.0012808690080419183,0.0012743357801809907,0.016752300783991814,4.493485927581787,0.0012808690080419183,0.003680315800011158,0.0,0.004298336338251829,1.1650685337372124e-05,0.006643156986683607,0.00792914345220197,0.00792914345220197,0.0013238523714244365,0
21000,0.0012826158199459314,0.0012762639671564102,0.016484035179018974,4.485614776611328,0.0012826158199459314,0.0037255578208714724,0.0,0.007084723096340895,1.167884602182312e-05,0.0065992227755486965,0.00788716558872693,0.00788716558872693,0.0013534630509093404,1
21200,0.0012823664583265781,0.001277622883208096,0.016936618834733963,4.509591102600098,0.0012823664583265781,0.00366185512393713,0.0,0.0069397673942148685,1.1623053069342859e-05,0.006666146218776703,0.007955392155054142,0.007955392155054142,0.0013517641322687269,0
21400,0.0012844192096963525,0.0012796627124771476,0.016570456326007843,4.480597972869873,0.0012844192096963525,0.0038098006043583155,0.0,0.005583236459642649,1.1657238246698398e-05,0.0066054207272827625,0.007896740678006609,0.007896740678006609,0.001340251574292779,0
21600,0.0012800793629139662,0.00127458106726408,0.0169819463044405,4.508508205413818,0.0012800793629139662,0.0036423683632165194,0.0,0.005252806469798088,1.1610758519964293e-05,0.006675167009234428,0.007961358835018473,0.007961358835018473,0.0013326074276119471,0
21800,0.0012854199158027768,0.0012821401469409466,0.01679115928709507,4.513216018676758,0.0012854199158027768,0.00375257502309978,0.0,0.0106197539716959,1.16328719741432e-05,0.006638599094003439,0.007932372112918529,0.007932372112918529,0.0013916174555197358,0
22000,0.0012802223209291697,0.0012723663821816444,0.016761688515543938,4.499929428100586,0.0012802223209291697,0.0035879577044397593,0.0,0.0066330088302493095,1.1667948456306476e-05,0.00664858752861619,0.007932621859254141,0.007932621859254141,0.0013465524092316627,0
22200,0.0012793571222573519,0.0012728171423077583,0.016862167045474052,4.544365882873535,0.0012793571222573519,0.0034691430628299713,0.0,0.008317996747791767,1.1655186426651198e-05,0.006658127531409264,0.007942599860143673,0.007942599860143673,0.0013625370897352696,0
22400,0.0012780497781932354,0.0012726712739095092,0.016901256516575813,4.529841899871826,0.0012780497781932354,0.003599543357267976,0.0,0.004094358533620834,1.161321961262729e-05,0.006660166196525097,0.007944450690047233,0.007944450690047233,0.0013189933635294438,0
22600,0.0012783684069290757,0.0012727382127195597,0.01624695211648941,4.510625839233398,0.0012783684069290757,0.003684200579300523,0.0,0.005227208603173494,1.164995956060011e-05,0.006554604973644018,0.007838993145924178,0.007838993145924178,0.0013306404929608107,1
22800,0.0012776877265423536,0.0012732507893815637,0.016396693885326385,4.522695541381836,0.0012776877265423536,0.0036625575739890337,0.0,0.006496890913695097,1.1613734386628494e-05,0.006574313621968031,0.007859178145736223,0.007859178145736223,0.0013426566356793046,0
23000,0.0012766837608069181,0.001271087909117341,0.016815489158034325,4.539893627166748,0.0012766837608069181,0.0035597935784608126,0.0,0.006596080493181944,1.1600539437495172e-05,0.006645848508924246,0.007928536957479082,0.007928536957479082,0.0013426445657387376,0
23200,0.0012770147295668721,0.0012723816325888038,0.016735993325710297,4.53749418258667,0.0012770147295668721,0.0035859004128724337,0.0,0.005085083656013012,1.1598667697398923e-05,0.006628204137086868,0.007912184437373071,0.007912184437373071,0.0013278655661270022,0
23400,0.0012810450280085206,0.0012726961867883801,0.016286592930555344,4.534445285797119,0.0012810450280085206,0.003466937690973282,0.0,0.006717094220221043,1.1710930266417563e-05,0.0065652369521558285,0.007849644069210626,0.007849644069210626,0.001348215970210731,0
23600,0.0012763848062604666,0.0012726206332445145,0.016554655507206917,4.53737211227417,0.0012763848062604666,0.0036653040442615747,0.0,0.006054351106286049,1.1579641977732535e-05,0.006598919164389372,0.007883119439611619,0.007883119439611619,0.0013369283173233272,0
23800,0.001274571637623012,0.0012688261922448874,0.016215546056628227,4.540714263916016,0.001274571637623012,0.00358943291939795,0.0,0.006504344753921032,1.1624933904386126e-05,0.006546831224113703,0.007827282350262976,0.007827282350262976,0.0013396150851622225,1
24000,0.0012737879296764731,0.0012680961517617106,0.016472209244966507,4.552152633666992,0.0012737879296764731,0.003549041226506233,0.0,0.005383757874369621,1.1598470337048639e-05,0.0065898592583835125,0.007869553880482272,0.007869553880482272,0.0013276255084201693,0
24200,0.0012750673340633512,0.0012711883755400777,0.01662467233836651,4.539036273956299,0.0012750673340633512,0.0037184252869337797,0.0,0.004688251297920942,1.1558940968825482e-05,0.00661172391846776,0.007894471234976663,0.007894471234976663,0.0013219498470425607,0
24400,0.0012730661546811461,0.0012685771798714995,0.016708368435502052,4.55525016784668,0.0012730661546811461,0.003618910675868392,0.0,0.006628208793699741,1.1550411727512255e-05,0.006624649744480848,0.00790477733607986,0.00790477733607986,0.0013393482426181436,0
24600,0.0012743433471769094,0.001268466585315764,0.015978418290615082,4.529181480407715,0.0012743433471769094,0.0036293810699135065,0.0,0.004121485166251659,1.1635600458248518e-05,0.006507493555545807,0.007787595741319819,0.007787595741319819,0.0013155581988394261,1
24800,0.001276817754842341,0.0012747154105454683,0.016666384413838387,4.564202785491943,0.001276817754842341,0.003661105642095208,0.0,0.006438917480409145,1.1548022484930698e-05,0.00661142822355032,0.007897691656580719,0.007897691656580719,0.0013412069296464325,0
25000,0.00127089221496135,0.0012654340825974941,0.016377748921513557,4.554935932159424,0.00127089221496135,0.0035759189631789923,0.0,0.004887769464403391,1.1571707545954268e-05,0.006570469122380018,0.007847474912523467,0.007847474912523467,0.0013197699096053838,0
25200,0.0012714413460344076,0.0012657352490350604,0.01610470376908779,4.5519537925720215,0.0012714413460344076,0.003569746622815728,0.0,0.008366064168512821,1.1601184269238729e-05,0.006526774261146784,0.007804110694451083,0.007804110694451083,0.0013551019877195358,0
25400,0.0012700512306764722,0.0012651304714381695,0.01637185737490654,4.563969135284424,0.0012700512306764722,0.00354389869607985,0.0,0.005220601335167885,1.1558546248124912e-05,0.006568562239408493,0.007845251257094787,0.007845251257094787,0.001322257244028151,0
25600,0.0012723013060167432,0.001266408246010542,0.015951335430145264,4.545931816101074,0.0012723013060167432,0.003600906580686569,0.0,0.005400892347097397,1.1616264600888826e-05,0.00650308933109045,0.007781113841701881,0.007781113841701881,0.001326310229487717,1
25800,0.001271948218345642,0.0012655348982661963,0.01611204445362091,4.538260459899902,0.001271948218345642,0.0035938648506999016,0.0,0.004661994520574808,1.1608578461164143e-05,0.006530428770929575,0.007807572247656935,0.007807572247656935,0.00131856816355139,0
26000,0.001268505584448576,0.0012643326772376895,0.015867218375205994,4.577505588531494,0.001268505584448576,0.0035015966277569532,0.0,0.0068023232743144035,1.1574836207728367e-05,0.006480814423412085,0.0077567219368575024,0.0077567219368575024,0.00133652881719172,1
26200,0.0012695330660790205,0.001266714301891625,0.016570623964071274,4.553165912628174,0.0012695330660790205,0.0037202266976237297,0.0,0.009221760556101799,1.1491406439745333e-05,0.0065971422009170055,0.007875347909248376,0.007875347909248376,0.0013617506716400384,0
26400,0.0012680793879553676,0.0012642706278711557,0.015704765915870667,4.564901828765869,0.0012680793879553676,0.003612862667068839,0.0,0.005651026964187622,1.1566145076358225e-05,0.006456384900957346,0.00773222167390486,0.00773222167390486,0.0013245896575972437,1
26600,0.001266476814635098,0.001262469100765884,0.016118627041578293,4.564268589019775,0.001266476814635098,0.003622218035161495,0.0,0.007474368903785944,1.1524874025781173e-05,0.006525624543428421,0.007799618518220086,0.007799618518220086,0.0013412205036729575,0
26800,0.0012690487783402205,0.0012672592420130968,0.01657029427587986,4.564533710479736,0.0012690487783402205,0.0036639778409153223,0.0,0.006433206610381603,1.1473210179246962e-05,0.006593499798327684,0.007872232250520028,0.007872232250520028,0.0013333808444440365,0
27000,0.00126831722445786,0.0012639238266274333,0.016088057309389114,4.594245433807373,0.00126831722445786,0.003437457839027047,0.0,0.005341836251318455,1.156266444013454e-05,0.006518467329442501,0.007793953820510069,0.007793953820510069,0.0013217355869710446,0
27200,0.0012660130159929395,0.0012630888959392905,0.015755001455545425,4.566730499267578,0.0012660130159929395,0.0036657045129686594,0.0,0.006740140728652477,1.1525247828103602e-05,0.006461970042437315,0.007736584186204709,0.007736584186204709,0.0013334144232794642,0
27400,0.0012665197718888521,0.0012621153146028519,0.016009198501706123,4.58499813079834,0.0012665197718888521,0.0035050029400736094,0.0,0.0048469970934093,1.1552165233297274e-05,0.006508737802505493,0.007782405282341642,0.007782405282341642,0.0013149897428229452,0
27600,0.0012696884805336595,0.0012650035787373781,0.01564900018274784,4.558652400970459,0.0012696884805336595,0.00368508230894804,0.0,0.009662486612796783,1.1585319043661002e-05,0.006450282409787178,0.007726871307568217,0.007726871307568217,0.0013663133466616272,1
27800,0.0012682919623330235,0.0012682011583819985,0.01623615063726902,4.590322494506836,0.0012682919623330235,0.0036823705304414034,0.0,0.007760532665997744,1.1475567589513958e-05,0.006535027641803026,0.007814704367774539,0.007814704367774539,0.001345897288993001,0
28000,0.0012664210516959429,0.0012654195306822658,0.01606866344809532,4.579565048217773,0.0012664210516959429,0.0037355972453951836,0.0,0.007153582759201527,1.1471656762296334e-05,0.006510108709335327,0.007786999896779889,0.007786999896779889,0.0013379568792879582,0
28200,0.001265625818632543,0.0012642231304198503,0.015678687021136284,4.58376932144165,0.001265625818632543,0.0037111472338438034,0.0,0.005324695724993944,1.1496876140881795e-05,0.006445533595979214,0.007721253602539946,0.007721253602539946,0.0013188727758824826,1
28400,0.0012649481650441885,0.0012643409427255392,0.01612676866352558,4.60087776184082,0.0012649481650441885,0.003620307194069028,0.0,0.006519870832562447,1.1466777323221322e-05,0.006517692469060421,0.0077935001891091815,0.0077935001891091815,0.001330146873369813,0
28600,0.001262692385353148,0.0012598815374076366,0.016002429649233818,4.605431079864502,0.001262692385353148,0.0035701401066035032,0.0,0.007376265712082386,1.1491592886159196e-05,0.006503064185380936,0.0077744373156747315,0.0077744373156747315,0.0013364550424739719,0
28800,0.0012632864527404308,0.001262257224880159,0.016011014580726624,4.613107204437256,0.0012632864527404308,0.003595170332118869,0.0,0.007598061114549637,1.1460396308393683e-05,0.006499277427792549,0.007772995048981102,0.007772995048981102,0.0013392670638859273,0
29000,0.001267938525415957,0.0012629778357222676,0.015861809253692627,4.62734842300415,0.001267938525415957,0.003443179652094841,0.0,0.0061492775566875935,1.1568966328923125e-05,0.006483521778136492,0.0077580685801876825,0.0077580685801876825,0.001329431300982833,0
29200,0.001263257348909974,0.0012598668690770864,0.01595359295606613,4.631560325622559,0.001263257348909974,0.0034776402171701193,0.0,0.0032720528542995453,1.1509796422615182e-05,0.006495341192930937,0.0077667178584306384,0.0077667178584306384,0.0012959778774529695,0
29400,0.0012671488802880049,0.0012668505078181624,0.01644184999167919,4.605541706085205,0.0012671488802880049,0.0037618137430399656,0.0,0.004860280081629753,1.1425219781813212e-05,0.006570726167410612,0.007849001895010588,0.007849001895010588,0.0013157516811043025,0
29600,0.001264442689716816,0.0012605086667463183,0.016207139939069748,4.643314361572266,0.001264442689716816,0.0034837007988244295,0.0,0.007778624072670937,1.1492064004414715e-05,0.0065395645797252655,0.0078115653104759986,0.0078115653104759986,0.0013422289304435254,0
29800,0.0012681136140599847,0.0012690427247434855,0.016318337991833687,4.630457878112793,0.0012681136140599847,0.0037279436364769936,0.0,0.007491674739867449,1.1435856322350446e-05,0.006547943688929081,0.007828422269994917,0.007828422269994917,0.0013430303614586593,0
30000,0.00126157165504992,0.0012598237954080105,0.015685178339481354,4.633018970489502,0.00126157165504992,0.0036497812252491713,0.0,0.007323284167796373,1.1464177077868953e-05,0.006449094042181969,0.007720382014667848,0.007720382014667848,0.0013348044967278839,1
30200,0.0012743815314024687,0.0012761979596689343,0.016271241009235382,4.62977933883667,0.0012743815314024687,0.003837856464087963,0.0,0.004776430781930685,1.1457290383987129e-05,0.006537809036672115,0.007825464286725037,0.007825464286725037,0.0013221458392217755,0
30400,0.001268272171728313,0.001269573112949729,0.015986772254109383,4.634864330291748,0.001268272171728313,0.003794015385210514,0.0,0.005399124231189489,1.1441359674790874e-05,0.006492650602012873,0.0077736650746373925,0.0077736650746373925,0.0013222634140402079,0
30600,0.0012648580595850945,0.0012661764631047845,0.015873927623033524,4.661219596862793,0.0012648580595850945,0.003684336319565773,0.0,0.003424974624067545,1.1423734576965217e-05,0.006472694221884012,0.007750294419565762,0.007750294419565762,0.00129910780582577,0
30800,0.001260510878637433,0.0012597100576385856,0.016089320182800293,4.65805721282959,0.001260510878637433,0.003626714227721095,0.0,0.005795137025415897,1.1419708243920468e-05,0.006513523869216442,0.007784653635098948,0.007784653635098948,0.001318462248891592,0
31000,0.0012605718802660704,0.0012597504537552595,0.016244789585471153,4.677248477935791,0.0012605718802660704,0.003564064158126712,0.0,0.007477006874978542,1.1409050785005093e-05,0.00654126750305295,0.0078124270075932145,0.0078124270075932145,0.0013353419490158558,0
31200,0.001261638943105936,0.0012589592952281237,0.015436485409736633,4.66787576675415,0.001261638943105936,0.0035663824528455734,0.0,0.00565830385312438,1.1495428225316573e-05,0.006409764289855957,0.007680219013309397,0.007680219013309397,0.0013182219816371798,1
31400,0.0012607951648533344,0.0012614679289981723,0.015721239149570465,4.6767354011535645,0.0012607951648533344,0.003634912660345435,0.0,0.005590779706835747,1.1425143384258263e-05,0.006450153887271881,0.007723046959654312,0.007723046959654312,0.001316702961921692,0
31600,0.0012615231098607183,0.001259302138350904,0.01548247504979372,4.691187858581543,0.0012615231098607183,0.0035123589914292097,0.0,0.00824904814362526,1.1489074495329987e-05,0.006417590193450451,0.007688381406296685,0.007688381406296685,0.0013440135912969708,0
31800,0.0012686693808063865,0.0012713739415630698,0.016179917380213737,4.695736408233643,0.0012686693808063865,0.003731039585545659,0.0,0.005787788424640894,1.1411893865442835e-05,0.006522906478494406,0.007805692313922918,0.007805692313922918,0.0013265472650527954,0
32000,0.0012618424370884895,0.0012596746673807502,0.01538778655230999,4.709115982055664,0.0012618424370884895,0.0035094476770609617,0.0,0.004113735631108284,1.1504371286719106e-05,0.006403161212801933,0.007674340251469403,0.007674340251469403,0.0013029797933995723,1
32200,0.00125998561270535,0.0012605043593794107,0.01574728451669216,4.688950061798096,0.00125998561270535,0.003662355476990342,0.0,0.008115515112876892,1.1406537851144094e-05,0.006455794908106327,0.007727705805336882,0.007727705805336882,0.0013411407638341188,0
32400,0.0012598776957020164,0.0012601913185790181,0.016071029007434845,4.69956636428833,0.0012598776957020164,0.0036523479502648115,0.0,0.00443367101252079,1.1388445273041725e-05,0.006509855855256319,0.007781435619108379,0.007781435619108379,0.0013042144058272242,0
32600,0.0012587013188749552,0.0012572708074003458,0.015702560544013977,4.702105522155762,0.0012587013188749552,0.003603322198614478,0.0,0.004562997259199619,1.1425884622440208e-05,0.006454541813582182,0.007723238505604968,0.007723238505604968,0.0013043312914669514,0
32800,0.0012619682820513844,0.0012638990301638842,0.015829114243388176,4.702796459197998,0.0012619682820513844,0.003689822740852833,0.0,0.0037351776845753193,1.1397226444387343e-05,0.006467017810791731,0.007742314067400002,0.007742314067400002,0.0012993200588971377,0
33000,0.0012581151677295566,0.0012567335506901145,0.015843456611037254,4.7223801612854,0.0012581151677295566,0.0035498375073075294,0.0,0.006945113185793161,1.1418363101256546e-05,0.006477768067270517,0.007745919981061888,0.007745919981061888,0.0013275662995874881,0
33200,0.0012598615139722824,0.001261482248082757,0.016144121065735817,4.735006809234619,0.0012598615139722824,0.003619741415604949,0.0,0.006209878716617823,1.1373333109077066e-05,0.006521760020405054,0.007794615601596888,0.007794615601596888,0.0013219603011384606,0
33400,0.0012569607933983207,0.0012576450826600194,0.01580323465168476,4.736155033111572,0.0012569607933983207,0.0035941533278673887,0.0,0.006139480974525213,1.1389723113097716e-05,0.006468702107667923,0.00773773691344104,0.00773773691344104,0.0013183556031435729,0
33600,0.0012578855967149138,0.0012581456685438752,0.015561114996671677,4.722309589385986,0.0012578855967149138,0.003671053797006607,0.0,0.005965939722955227,1.1404151337046642e-05,0.006429457105696201,0.007699006925577123,0.007699006925577123,0.0013175449939444661,0
33800,0.0012568578822538257,0.0012576348381116986,0.015806125476956367,4.737395763397217,0.0012568578822538257,0.003579135052859783,0.0,0.006365596782416105,1.1377476766938344e-05,0.006465669255703688,0.007734681570582325,0.007734681570582325,0.0013205138500779867,0
34000,0.0012571086408570409,0.0012580249458551407,0.015963397920131683,4.735682964324951,0.0012571086408570409,0.00365848490037024,0.0,0.0063652778044342995,1.1356439244991634e-05,0.006493214052170515,0.007762595437270647,0.007762595437270647,0.0013207614189013838,0
34200,0.0012643939116969705,0.0012614650186151266,0.015511256642639637,4.761956691741943,0.0012643939116969705,0.0033694086596369743,0.0,0.007763517089188099,1.152733511844417e-05,0.006425207946449518,0.007698200300183089,0.007698200300183089,0.0013420290825888513,0
34400,0.0012554674176499248,0.001256255665794015,0.015616117976605892,4.757448196411133,0.0012554674176499248,0.003579447278752923,0.0,0.006253116764128208,1.1383872333681211e-05,0.006437333300709724,0.007704972838837421,0.007704972838837421,0.001317998585291207,0
34600,0.0012569724349305034,0.0012561095645651221,0.015495453029870987,4.754251003265381,0.0012569724349305034,0.0035342311020940542,0.0,0.005111368838697672,1.1424720469221938e-05,0.00642113434150815,0.007688668626542494,0.007688668626542494,0.0013080861233174801,0
34800,0.001259805983863771,0.0012585952645167708,0.015337896533310413,4.773093223571777,0.001259805983863771,0.0034102415665984154,0.0,0.00388326751999557,1.1472867299744394e-05,0.006393346004188061,0.007663414136004576,0.007663414136004576,0.0012986386590637267,1
35000,0.0012583754723891616,0.001256820047274232,0.015532568097114563,4.765539646148682,0.0012583754723891616,0.003472446696832776,0.0,0.004199323244392872,1.1445050404290669e-05,0.006427953485399485,0.007696218583078007,0.007696218583078007,0.0013003687048330902,0
35200,0.001255464507266879,0.0012558497255668044,0.015765631571412086,4.783074378967285,0.001255464507266879,0.003464039647951722,0.0,0.004552905913442373,1.139177220466081e-05,0.006463898345828056,0.0077311398435995216,0.0077311398435995216,0.0013009935664013029,0
35400,0.0012618000619113445,0.0012606127420440316,0.015166365541517735,4.786762237548828,0.0012618000619113445,0.0033793288748711348,0.0,0.003999301232397556,1.1513810022734106e-05,0.00636755907908082,0.007639685631147586,0.007639685631147586,0.00130179307423532,1
35600,0.0012564421631395817,0.0012589260004460812,0.015907855704426765,4.764525890350342,0.0012564421631395817,0.003606014885008335,0.0,0.006310397293418646,1.134545436798362e-05,0.0064805480651557446,0.007750819519969809,0.007750819519969809,0.0013195461360737681,0
35800,0.0012543594930320978,0.001256550196558237,0.015836680307984352,4.786466121673584,0.0012543594930320978,0.0035101191606372595,0.0,0.005445817019790411,1.1349678061378654e-05,0.006472454406321049,0.0077403542809406645,0.0077403542809406645,0.0013088176632300018,0
36000,0.0012542800977826118,0.001256488962098956,0.015954013913869858,4.772472381591797,0.0012542800977826118,0.0036304062232375145,0.0,0.007726939395070076,1.1323889339109883e-05,0.006493334658443928,0.007761147509881994,0.007761147509881994,0.0013315494917333125,0
36200,0.001254255068488419,0.0012546213110908866,0.015411972999572754,4.770141124725342,0.001254255068488419,0.0035067966673523188,0.0,0.0073974779807031155,1.139010964834597e-05,0.00640465971082449,0.007670671131563722,0.007670671131563722,0.0013282298482954502,0
36400,0.0012563200434669852,0.0012591923587024212,0.015233010984957218,4.747788906097412,0.0012563200434669852,0.0037284360732883215,0.0,0.0033381786197423935,1.1370239008101635e-05,0.0063712201081216335,0.007641782705832156,0.007641782705832156,0.001289701829664409,0
36600,0.0012528877705335617,0.0012550766114145517,0.01566079817712307,4.763022422790527,0.0012528877705335617,0.003607420949265361,0.0,0.006528825033456087,1.1335151612001937e-05,0.0064431894570589066,0.00770960122008546,0.00770960122008546,0.0013181760208681227,0
36800,0.0012533635599538684,0.0012535565765574574,0.015719665214419365,4.777172088623047,0.0012533635599538684,0.003519482910633087,0.0,0.005770446266978979,1.1371519576641731e-05,0.006459143944084644,0.0077240720402187435,0.0077240720402187435,0.0013110680226236582,0
37000,0.001258431002497673,0.0012578166788443923,0.015249582938849926,4.78495454788208,0.001258431002497673,0.0034252579789608717,0.0,0.006681354716420174,1.1468066986708436e-05,0.006382549647241831,0.0076518343930729316,0.0076518343930729316,0.0013252445496618748,0
37200,0.0012530138483271003,0.0012564297067001462,0.015446877107024193,4.765514850616455,0.0012530138483271003,0.0036636011209338903,0.0,0.00584466801956296,1.1333389920764603e-05,0.006407745648175478,0.007675508744796389,0.007675508744796389,0.0013114605285227299,0
37400,0.0012519268784672022,0.0012546605430543423,0.015345528721809387,4.769757270812988,0.0012519268784672022,0.0036145879421383142,0.0,0.0036406219005584717,1.1342329344188329e-05,0.006390839349478483,0.007656842221877014,0.007656842221877014,0.0012883330974727868,0
37600,0.001251443289220333,0.0012535827700048685,0.015492068603634834,4.789358615875244,0.001251443289220333,0.00351581908762455,0.0,0.004134120885282755,1.1352135516062845e-05,0.006417626980692148,0.0076825618862130796,0.0076825618862130796,0.0012927844980731606,0
37800,0.0012511598179116845,0.0012536318972706795,0.015302333980798721,4.765232563018799,0.0012511598179116845,0.0035775674041360617,0.0,0.004422480706125498,1.1349730812071357e-05,0.00638565281406045,0.0076506344421432,0.0076506344421432,0.0012953846249729394,0
38000,0.0012512929970398545,0.0012545426143333316,0.015516308136284351,4.771188735961914,0.0012512929970398545,0.0036565030459314585,0.0,0.005415346939116716,1.1326033927616663e-05,0.006421854719519615,0.007687723367780563,0.007687723367780563,0.0013054464664310217,0
38200,0.0012507252395153046,0.001252477988600731,0.015674451366066933,4.7819366455078125,0.0012507252395153046,0.003514242125675082,0.0,0.009219510480761528,1.134427384386072e-05,0.006449490319937468,0.007713312582382059,0.007713312582382059,0.0013429203443229198,0
38400,0.001251451438292861,0.0012553752167150378,0.015311835333704948,4.771303176879883,0.001251451438292861,0.0036483288276940584,0.0,0.005635242909193039,1.1319984878355172e-05,0.0063853138126432896,0.0076520090142366826,0.0076520090142366826,0.0013078038673847913,0
38600,0.0012505529448390007,0.0012527575017884374,0.01539482083171606,4.785366058349609,0.0012505529448390007,0.0035475764889270067,0.0,0.004240764304995537,1.1349672604410443e-05,0.006404120475053787,0.007668227649446635,0.007668227649446635,0.0012929605878889562,0
38800,0.0012518210569396615,0.0012537062866613269,0.015117869712412357,4.782416820526123,0.0012518210569396615,0.0035378464963287115,0.0,0.0073382253758609295,1.1381692274881061e-05,0.006358643993735313,0.007623731972671521,0.007623731972671521,0.0013252033106982708,1
39000,0.0012524363119155169,0.001254025031812489,0.015227158553898335,4.7782697677612305,0.0012524363119155169,0.0034966429229825735,0.0,0.00755156297236681,1.1396559784770943e-05,0.006378355901688337,0.007643777493285597,0.007643777493285597,0.001327951941639185,0
39200,0.0012519527226686478,0.0012538048904389143,0.015346862375736237,4.800243854522705,0.0012519527226686478,0.003446110524237156,0.0,0.0056334370747208595,1.1382342563592829e-05,0.0063971769995987415,0.007662364232601249,0.007662364232601249,0.0013082870934158564,0
39400,0.001250237924978137,0.0012525597121566534,0.015204004012048244,4.7741217613220215,0.001250237924978137,0.0035482533276081085,0.0,0.007484721951186657,1.1361478755134158e-05,0.0063720578327775,0.007635979023689288,0.007635979023689288,0.0013250851444900037,0
39600,0.0012495751725509763,0.0012525528436526656,0.01513801608234644,4.784149646759033,0.0012495751725509763,0.003503881162032485,0.0,0.008800995536148548,1.1359898962837178e-05,0.006357396952807903,0.007621309695423406,0.007621309695423406,0.0013375851279124617,1
39800,0.001250305911526084,0.0012555386638268828,0.015937604010105133,4.777015209197998,0.001250305911526084,0.0036521267611533403,0.0,0.00533823948353529,1.1273738891759422e-05,0.006490970496088266,0.007757782898806909,0.007757782898806909,0.0013036883063614368,0
40000,0.0012515087146311998,0.001257061492651701,0.015894895419478416,4.785788059234619,0.0012515087146311998,0.003610288957133889,0.0,0.0062191057950258255,1.1280766557320021e-05,0.006480822339653969,0.00774916459886299,0.00774916459886299,0.001313699772581458,0
40200,0.0012479369761422276,0.0012526450445875525,0.015315561555325985,4.782504081726074,0.0012479369761422276,0.0036088554188609123,0.0,0.004749687854200602,1.1300119695079047e-05,0.006387658417224884,0.007651603581507516,0.007651603581507516,0.0012954338546842337,0
40400,0.0012505627237260342,0.001253205700777471,0.015328902751207352,4.798842430114746,0.0012505627237260342,0.0034444136545062065,0.0,0.006199892144650221,1.1365104910510127e-05,0.006392990704625845,0.007657561510313826,0.007657561510313826,0.0013125616451725363,0
40600,0.0012486128835007548,0.0012536650756374002,0.01538579910993576,4.758841514587402,0.0012486128835007548,0.003681562142446637,0.0,0.004907439928501844,1.1293896932329517e-05,0.006396135315299034,0.007661094287868764,0.007661094287868764,0.0012976872827857734,0
40800,0.0012506194179877639,0.001252720132470131,0.015203253366053104,4.774247169494629,0.0012506194179877639,0.003563884412869811,0.0,0.004275778774172068,1.1376395377737936e-05,0.006376482546329498,0.007640579074177367,0.007640579074177367,0.0012933772057294845,0
41000,0.001247118809260428,0.0012528190854936838,0.015476701781153679,4.787794589996338,0.001247118809260428,0.0036113171372562647,0.0,0.009705114178359509,1.128038638853468e-05,0.006412600167095661,0.00767669963897788,0.00767669963897788,0.0013441699510440231,0
41200,0.0012468916829675436,0.0012526240898296237,0.015530945733189583,4.793551445007324,0.0012468916829675436,0.003570091910660267,0.0,0.005045871250331402,1.1272073606960475e-05,0.0064220489002764225,0.007685945063713007,0.007685945063713007,0.0012973503954708575,0
41400,0.0012460751459002495,0.0012510295491665602,0.015269813127815723,4.76917028427124,0.0012460751459002495,0.003631291212514043,0.0,0.006167874205857515,1.1293233001197223e-05,0.006379591301083565,0.007641914083251322,0.007641914083251322,0.0013077538879588246,0
41600,0.001245591207407415,0.0012498389696702361,0.015550392679870129,4.77981424331665,0.001245591207407415,0.003578664967790246,0.0,0.005465283524245024,1.1284796528343577e-05,0.006430245004594326,0.007691368770792906,0.007691368770792906,0.001300244042649865,0
41800,0.001247580861672759,0.0012541227042675018,0.01556418463587761,4.786309719085693,0.001247580861672759,0.0036501996219158173,0.0,0.007622455712407827,1.126484312408138e-05,0.006425581872463226,0.0076909694198548095,0.0076909694198548095,0.0013238054187968374,0
42000,0.0012456951662898064,0.0012510180240496993,0.014986877329647541,4.78927755355835,0.0012456951662898064,0.003528618486598134,0.0,0.005634909961372614,1.1306819033052307e-05,0.006330204661935568,0.0075925295050183195,0.0075925295050183195,0.0013020442659035325,1
42200,0.0012460399884730577,0.0012510435190051794,0.015089957043528557,4.800760269165039,0.0012460399884730577,0.003483531763777137,0.0,0.004361033905297518,1.1322295904392377e-05,0.006349971517920494,0.007612337332830066,0.007612337332830066,0.001289650327526033,0
42400,0.0012447827029973269,0.0012499967124313116,0.014899110421538353,4.773344039916992,0.0012447827029973269,0.003561717690899968,0.0,0.005582936108112335,1.1312028618704062e-05,0.00631676334887743,0.007578072089927446,0.007578072089927446,0.0013006120640784503,1
42600,0.0012458453420549631,0.001252573449164629,0.015466698445379734,4.776630878448486,0.0012458453420549631,0.003640616312623024,0.0,0.005549177061766386,1.1264502063568216e-05,0.00640866020694375,0.007672498158171948,0.007672498158171948,0.001301337112672627,0
42800,0.001245072460733354,0.0012496743584051728,0.014933778904378414,4.782413482666016,0.001245072460733354,0.0035552727058529854,0.0,0.004413671791553497,1.1318667020532303e-05,0.006326449103653431,0.007587442129079136,0.007587442129079136,0.001289209178648889,0
43000,0.0012442730367183685,0.0012511078966781497,0.015398756600916386,4.782677173614502,0.0012442730367183685,0.003624857636168599,0.0,0.0053317965939641,1.1253107004449703e-05,0.006399089936167002,0.007661450939849601,0.007661450939849601,0.0012975910026580095,0
43200,0.0012461529113352299,0.001253154594451189,0.015534382313489914,4.754941463470459,0.0012461529113352299,0.0037566302344202995,0.0,0.008104241453111172,1.124299433286069e-05,0.00642427010461688,0.00768866769340093,0.00768866769340093,0.0013271953258663415,0
43400,0.0012444774620234966,0.0012489648070186377,0.015168619342148304,4.786017894744873,0.0012444774620234966,0.003511730581521988,0.0,0.00616918271407485,1.1308301509416196e-05,0.006365077570080757,0.007625350678608811,0.007625350678608811,0.001306169289164245,0
43600,0.001243225415237248,0.0012485746992751956,0.015276085585355759,4.791161060333252,0.001243225415237248,0.0034862521570175886,0.0,0.004711825866252184,1.1290537258901168e-05,0.006382559891790152,0.007642425128324248,0.007642425128324248,0.0012903436738997698,0
43800,0.0012434195959940553,0.0012486579362303019,0.015024871565401554,4.767914295196533,0.0012434195959940553,0.003611467545852065,0.0,0.004509613383561373,1.1300282494630665e-05,0.006342914421111345,0.007602872639836278,0.007602872639836278,0.001288515729829669,0
44000,0.001244174549356103,0.0012522400356829166,0.015267656184732914,4.773739337921143,0.001244174549356103,0.0037051138933748007,0.0,0.0046615637838840485,1.125000198953785e-05,0.006376315373927355,0.007639805411599809,0.007639805411599809,0.0012907901871949433,0
44200,0.0012418311089277267,0.001247771899215877,0.014956885948777199,4.783769607543945,0.0012418311089277267,0.0035506747663021088,0.0,0.005934183485805988,1.1285069376754109e-05,0.0063268160447478294,0.007585873013340461,0.007585873013340461,0.0013011729437857867,0
44400,0.0012427620822563767,0.0012486428022384644,0.014788554050028324,4.7785186767578125,0.0012427620822563767,0.003560918616130948,0.0,0.004783162381500006,1.1317656571918633e-05,0.006302294321358204,0.007562254780168587,0.007562254780168587,0.0012905937060713767,1
44600,0.0012412576470524073,0.001248357817530632,0.015240362845361233,4.771916389465332,0.0012412576470524073,0.0036758959759026766,0.0,0.005683463998138905,1.122913909057388e-05,0.006374959833920002,0.007634546790541208,0.007634546790541208,0.0012980922870337963,0
44800,0.001241042627952993,0.0012480256846174598,0.015009861439466476,4.7767486572265625,0.001241042627952993,0.0036261265631765127,0.0,0.006300890352576971,1.1272790288785473e-05,0.006339306477457285,0.00759860495236353,0.00759860495236353,0.0013040515314787626,0
45000,0.0012409440241754055,0.0012471301015466452,0.015006674453616142,4.772889137268066,0.0012409440241754055,0.0036221707705408335,0.0,0.005263091996312141,1.127153700508643e-05,0.006338403094559908,0.0075968047331116395,0.0075968047331116395,0.001293574944138527,0
45200,0.0012437424156814814,0.001248384127393365,0.014733209274709225,4.760843276977539,0.0012437424156814814,0.0035803448408842087,0.0,0.0042485687881708145,1.1338627700752113e-05,0.00629441486671567,0.007554137621809787,0.007554137621809787,0.0012862281035631894,1
45400,0.001240977318957448,0.0012475661933422089,0.015029963105916977,4.799956321716309,0.001240977318957448,0.003526696003973484,0.0,0.005239872261881828,1.1278671991021838e-05,0.006341574713587761,0.007600419578920992,0.007600419578920992,0.0012933760415762662,0
45600,0.0012410931522026658,0.0012500097509473562,0.015294171869754791,4.780725955963135,0.0012410931522026658,0.0036498343106359243,0.0,0.005352835636585951,1.1221542990824673e-05,0.006381300278007984,0.007642531571946165,0.007642531571946165,0.0012946215085685253,0
45800,0.0012393250362947583,0.001246588653884828,0.014904182404279709,4.774278163909912,0.0012393250362947583,0.00360467960126698,0.0,0.0056225950829684734,1.1259800885454752e-05,0.0063198707066476345,0.007577719161417917,0.007577719161417917,0.001295550987124443,0
46000,0.0012388492468744516,0.0012466959888115525,0.015115953981876373,4.777071952819824,0.0012388492468744516,0.0036297438200563192,0.0,0.005087702069431543,1.1237231774430256e-05,0.006354151759296656,0.0076120849798826384,0.0076120849798826384,0.001289726267568767,0
46200,0.0012386974412947893,0.001245818450115621,0.015299851074814796,4.782854080200195,0.0012386974412947893,0.0035347354132682085,0.0,0.0052963742054998875,1.1238959814363625e-05,0.006386356893926859,0.007643414303856844,0.007643414303856844,0.0012916611833497882,0
46400,0.0012411554343998432,0.0012471156660467386,0.014830265194177628,4.784326553344727,0.0012411554343998432,0.0035270133521407843,0.0,0.004448349587619305,1.130434338847408e-05,0.00630966667085886,0.007568086680294073,0.007568086680294073,0.0012856389302760363,0
46600,0.0012403348227962852,0.0012502309400588274,0.015172270126640797,4.783311367034912,0.0012403348227962852,0.0036589421797543764,0.0,0.005714620929211378,1.1220210581086576e-05,0.006358664017170668,0.007620115167810582,0.007620115167810582,0.0012974810320883988,0
46800,0.0012434248346835375,0.0012487608473747969,0.014791776426136494,4.780023574829102,0.0012434248346835375,0.0035344797652214766,0.0,0.005996533669531345,1.1331361747579649e-05,0.00630650669336319,0.007566598902485566,0.007566598902485566,0.001303390171378851,0
47000,0.0012373658828437328,0.0012458841083571315,0.014961316250264645,4.779341220855713,0.0012373658828437328,0.0036109592765569687,0.0,0.0049793655052781105,1.1227072718611453e-05,0.006327793933451176,0.007584905114526919,0.007584905114526919,0.001287159537896514,0
47200,0.0012374898651614785,0.0012467566411942244,0.01500217616558075,4.788742542266846,0.0012374898651614785,0.0036019517574459314,0.0,0.004314278718084097,1.1218406143598258e-05,0.006332842633128166,0.007590817680465989,0.007590817680465989,0.0012806326523423196,0
47400,0.0012445056345313787,0.0012564420467242599,0.015433522872626781,4.803326606750488,0.0012445056345313787,0.0036595379933714867,0.0,0.0057249306701123714,1.1214618098165374e-05,0.006400970742106438,0.007668627406928863,0.007668627406928863,0.0013017549412325025,0
47600,0.0012400144478306174,0.0012472515227273107,0.014781614765524864,4.806514263153076,0.0012400144478306174,0.0035046543926000595,0.0,0.005194489378482103,1.1287513189017773e-05,0.006302325055003166,0.007560864090919495,0.007560864090919495,0.0012919593416154385,0
47800,0.00123659148812294,0.001245042192749679,0.015285172499716282,4.782052516937256,0.00123659148812294,0.003655871609225869,0.0,0.005881143733859062,1.1206498129467946e-05,0.0063837324269115925,0.0076399811177907395,0.0076399811177907395,0.0012954029254615307,0
48000,0.0012365723960101604,0.0012452511582523584,0.014923262409865856,4.773247241973877,0.0012365723960101604,0.00367055949755013,0.0,0.006544938310980797,1.1229799383727368e-05,0.006324064917862415,0.007580545875498501,0.007580545875498501,0.0013020217791199684,0
48200,0.0012391520431265235,0.0012498789001256227,0.015328170731663704,4.788243293762207,0.0012391520431265235,0.0036845048889517784,0.0,0.006910365074872971,1.1187988093297463e-05,0.006386294029653072,0.007647360917871993,0.007647360917871993,0.0013082556938752532,0
48400,0.0012374616926535964,0.0012453276431187987,0.014549520798027515,4.77180814743042,0.0012374616926535964,0.003631993429735303,0.0,0.004195884335786104,1.1263111446169205e-05,0.006262258626520634,0.007518849381085602,0.007518849381085602,0.0012794205360114575,1
48600,0.0012367450399324298,0.0012472126400098205,0.014908509328961372,4.7906670570373535,0.0012367450399324298,0.003661860479041934,0.0,0.005045625381171703,1.1206298950128257e-05,0.00631609046831727,0.007574509407277219,0.007574509407277219,0.0012872012937441468,0
48800,0.001235864358022809,0.0012445304309949279,0.014653095044195652,4.788266658782959,0.001235864358022809,0.003574396250769496,0.0,0.005545048508793116,1.1243007975281216e-05,0.0062784901820123196,0.007534263620982529,0.007534263620982529,0.00129131484311074,0
49000,0.0012362132547423244,0.0012465673498809338,0.015126453712582588,4.788164138793945,0.0012362132547423244,0.003683215007185936,0.0,0.007053861394524574,1.1188543794560246e-05,0.006354878190904856,0.00761263408458035,0.00761263408458035,0.00130675186868757,0
49200,0.0012355877552181482,0.0012444608146324754,0.014868221245706081,4.783853530883789,0.0012355877552181482,0.0036722300574183464,0.0,0.00448604766279459,1.1230105883441865e-05,0.006315648090094328,0.007571339010610245,0.007571339010610245,0.0012804482318460942,0
49400,0.0012355077778920531,0.0012456306722015142,0.015073259361088276,4.797976970672607,0.0012355077778920531,0.0035883625969290733,0.0,0.005192193668335676,1.1205462215002626e-05,0.006344289053231478,0.007601125187647995,0.007601125187647995,0.0012874297145754098,0
49600,0.0012390143238008022,0.0012504704063758254,0.01546431239694357,4.790975570678711,0.0012390143238008022,0.0037098585162311792,0.0,0.00513166980817914,1.1185805306013208e-05,0.006409924477338791,0.0076715806890206295,0.0076715806890206295,0.0012903310218825936,0
49800,0.001235436531715095,0.0012458584969863296,0.015236078761518002,4.783960819244385,0.001235436531715095,0.0036868045572191477,0.0,0.007266143802553415,1.118261025112588e-05,0.00637406948953867,0.007631110596776125,0.007631110596776125,0.0013080979697406292,0
50000,0.0012364203575998545,0.0012441574363037944,0.014848969876766205,4.7935662269592285,0.0012364203575998545,0.0035365603398531675,0.0,0.004108898341655731,1.1260121937084477e-05,0.006313667632639408,0.007569085190880287,0.007569085190880287,0.0012775093410164117,0
50200,0.0012416512472555041,0.0012544391211122274,0.015076817013323307,4.784690856933594,0.0012416512472555041,0.003756300313398242,0.0,0.0042413268238306046,1.1197816093044821e-05,0.00634160777553916,0.007607244712744432,0.007607244712744432,0.00128406451549381,0
50400,0.001234104740433395,0.0012436663964763284,0.015105598606169224,4.801090717315674,0.001234104740433395,0.003611709689721465,0.0,0.00671550165861845,1.119851276598638e-05,0.006353878881782293,0.007608743791024608,0.007608743791024608,0.0013012597570195793,0
50600,0.0012336971703916788,0.001243293285369873,0.014793351292610168,4.784553050994873,0.0012336971703916788,0.003635151544585824,0.0,0.006205503363162279,1.1203814210603014e-05,0.00630169827491045,0.007556195374490926,0.007556195374490926,0.0012957522040233016,0
50800,0.0012349672615528107,0.0012455544201657176,0.015100814402103424,4.778024673461914,0.0012349672615528107,0.0037363560404628515,0.0,0.0067863562144339085,1.1185932635271456e-05,0.0063517834059894085,0.0076085237587903976,0.0076085237587903976,0.0013028308236971498,0
51000,0.0012342651607468724,0.0012437051627784967,0.014592467807233334,4.797834873199463,0.0012342651607468724,0.0036025054287165403,0.0,0.004199928604066372,1.123870060837362e-05,0.006268511991947889,0.00752345585533476,0.00752345585533476,0.001276264446787536,0
51200,0.0012342642294242978,0.0012452327646315098,0.014811047352850437,4.784106254577637,0.0012342642294242978,0.003708217991515994,0.0,0.00673342403024435,1.1195882507308852e-05,0.00630371505394578,0.007560143701084598,0.007560143701084598,0.0013015984697267414,0
51400,0.0012374245561659336,0.0012492218520492315,0.015368599444627762,4.797616958618164,0.0012374245561659336,0.0037060908507555723,0.0,0.007862775586545467,1.1175025065313093e-05,0.006393462419509888,0.007653859296624432,0.007653859296624432,0.0013160523120313882,0
51600,0.0012369990581646562,0.0012446112232282758,0.014749344438314438,4.782559394836426,0.0012369990581646562,0.0036062560975551605,0.0,0.004473487380892038,1.1269196875218768e-05,0.006301293149590492,0.007557173569693987,0.007557173569693987,0.0012817339319735766,0
51800,0.0012362997513264418,0.0012486589839681983,0.015023255720734596,4.788963794708252,0.0012362997513264418,0.0037133123259991407,0.0,0.005684330593794584,1.1182380148966331e-05,0.006335673853754997,0.007595515217872162,0.007595515217872162,0.0012931430572643875,0
52000,0.0012335586361587048,0.001244600280188024,0.014999106526374817,4.794881820678711,0.0012335586361587048,0.003667612560093403,0.0,0.0045510511845350266,1.1183696187799796e-05,0.006334840785712004,0.0075906247620878275,0.0075906247620878275,0.001279069148004055,0
52200,0.0012346203438937664,0.0012434908421710134,0.014613889157772064,4.79508638381958,0.0012346203438937664,0.00359356845729053,0.0,0.004822968039661646,1.1253250704612583e-05,0.006274234037846327,0.007528978130721953,0.007528978130721953,0.001282850024290383,0
52400,0.0012325746938586235,0.0012429858325049281,0.01485645305365324,4.79621696472168,0.0012325746938586235,0.0036244529765099287,0.0,0.005527706816792488,1.1193072168680374e-05,0.006312199868261814,0.007566378772935423,0.007566378772935423,0.0012878517620265484,0
52600,0.0012328708544373512,0.001242992584593594,0.014886045828461647,4.7942047119140625,0.0012328708544373512,0.003661931725218892,0.0,0.006686324719339609,1.1198389074706938e-05,0.00631936639547348,0.007573557369141781,0.007573557369141781,0.0012997341016307473,0
52800,0.0012325833085924387,0.0012425662716850638,0.01494935154914856,4.799570083618164,0.0012325833085924387,0.0036103820893913507,0.0,0.0064594135619699955,1.1193268619535957e-05,0.006327369250357151,0.007581128790661751,0.007581128790661751,0.0012971774442121387,0
53000,0.0012331600300967693,0.001242998638190329,0.014507487416267395,4.795410633087158,0.0012331600300967693,0.003621791722252965,0.0,0.004223154857754707,1.123064703278942e-05,0.00625526113435626,0.007509490419579379,0.007509490419579379,0.0012753915786743164,1
53200,0.0012334466446191072,0.0012425628956407309,0.014671685174107552,4.800197124481201,0.0012334466446191072,0.00357918837107718,0.0,0.008567319251596928,1.124068057833938e-05,0.006284440401941538,0.007538243978160608,0.007538243978160608,0.0013191198371350764,0
53400,0.0012356004444882274,0.0012444562744349241,0.014585585333406925,4.817044258117676,0.0012356004444882274,0.0035335058346390724,0.0,0.005969366990029812,1.1261286090302747e-05,0.006269908510148525,0.007525626070673752,0.007525626070673752,0.0012952941143885256,0
53600,0.001232360489666462,0.0012420547427609563,0.014808911830186844,4.803843975067139,0.001232360489666462,0.003613868495449424,0.0,0.006113280076533556,1.1213223842787556e-05,0.006307053379714489,0.007560321346318233,0.007560321346318233,0.0012934932904317975,0
53800,0.0012356711085885763,0.001247976440936327,0.015445063821971416,4.816532611846924,0.0012356711085885763,0.003658021567389369,0.0,0.005543602164834738,1.1165075193275698e-05,0.006408440414816141,0.007667581930945744,0.007667581930945744,0.0012911071302369238,0
54000,0.0012341230176389217,0.0012431539362296462,0.014597778208553791,4.805001258850098,0.0012341230176389217,0.0035986725706607103,0.0,0.006015208549797535,1.1251929208810907e-05,0.006274109240621328,0.0075285151060597855,0.0075285151060597855,0.0012942751031368971,0
54200,0.0012335419887676835,0.0012457850389182568,0.015141787938773632,4.816590309143066,0.0012335419887676835,0.0036502033472061157,0.0,0.0067381164990365505,1.115884333557915e-05,0.006357971113175154,0.00761491499542899,0.00761491499542899,0.001300923153758049,0
54400,0.0012323729461058974,0.0012437370605766773,0.014950147829949856,4.790326118469238,0.0012323729461058974,0.0037044547498226166,0.0,0.0045669409446418285,1.1174606697750278e-05,0.006327677518129349,0.007582589185403776,0.007582589185403776,0.0012780423555523157,0
54600,0.0012356183724477887,0.0012482845922932029,0.014877392910420895,4.792420864105225,0.0012356183724477887,0.0037590768188238144,0.0,0.0042097014375030994,1.1190337318112142e-05,0.006312776356935501,0.007572251286546816,0.007572251286546816,0.0012777153868228197,0
54800,0.0012320027453824878,0.0012431750074028969,0.014952004887163639,4.808010578155518,0.0012320027453824878,0.003655229927971959,0.0,0.006479834206402302,1.1173958228027914e-05,0.00632815808057785,0.007582507046208775,0.007582507046208775,0.0012968010874465107,0
55000,0.0012347372248768806,0.0012431328650563955,0.014816942624747753,4.8009443283081055,0.0012347372248768806,0.0035925244446843863,0.0,0.006427814718335867,1.1245448149566073e-05,0.006312076468020678,0.007566454781226639,0.007566454781226639,0.0012990153720602393,0
55200,0.0012332524638623,0.0012454235693439841,0.01509049255400896,4.812926769256592,0.0012332524638623,0.003662053495645523,0.0,0.005404545925557613,1.1168799574079458e-05,0.006350517738610506,0.00760711010752857,0.00760711010752857,0.0012872979231178762,0
55400,0.0012318860972300172,0.001242003170773387,0.01470668613910675,4.810187339782715,0.0012318860972300172,0.003594428999349475,0.0,0.005941625218838453,1.1212284334760625e-05,0.006288721226155758,0.0075419366812639055,0.0075419366812639055,0.0012913023494184018,0
55600,0.0012337856460362673,0.0012428020127117634,0.014863729476928711,4.808666229248047,0.0012337856460362673,0.003579840762540698,0.0,0.008151021786034107,1.1238073057029396e-05,0.006320248823612928,0.007574288909381721,0.007574288909381721,0.0013152958638966083,0
55800,0.0012317276559770107,0.001241519465111196,0.014832843095064163,4.807626724243164,0.0012317276559770107,0.0035811886191368103,0.0,0.005138223525136709,1.1197887943126261e-05,0.006309229880571365,0.007561947233625688,0.007561947233625688,0.0012831098912283777,0
56000,0.001232499722391367,0.0012442211154848337,0.014726540073752403,4.810709476470947,0.001232499722391367,0.003692369908094406,0.0,0.0041352128610014915,1.1187254131073132e-05,0.006290178745985031,0.007545587115600938,0.007545587115600938,0.0012738518510013819,0
56200,0.0012317460495978594,0.0012418816331773996,0.014824285171926022,4.7981486320495605,0.0012317460495978594,0.003637060523033142,0.0,0.007420362904667854,1.1201933375559747e-05,0.006309592165052891,0.00756267573160585,0.00756267573160585,0.001305949678644538,0
56400,0.001232597162015736,0.001242010504938662,0.01488847378641367,4.790407180786133,0.001232597162015736,0.0036525113973766565,0.0,0.005999541841447353,1.121623699873453e-05,0.006322963163256645,0.007576189905194042,0.007576189905194042,0.0012925925804302097,0
56600,0.0012319490779191256,0.0012428330956026912,0.014725770801305771,4.796841621398926,0.0012319490779191256,0.00367763196118176,0.0,0.008818501606583595,1.1191270459676161e-05,0.006292251870036125,0.0075462762360984925,0.0075462762360984925,0.0013201340939849615,0
56800,0.0012318079825490713,0.0012422701111063361,0.014921622350811958,4.8157172203063965,0.0012318079825490713,0.003601273288950324,0.0,0.00489143468439579,1.1186102710780688e-05,0.006324907764792442,0.007578363978609559,0.007578363978609559,0.0012807223293930291,0
57000,0.0012322681723162532,0.0012424991000443697,0.01475548092275858,4.815086841583252,0.0012322681723162532,0.0036256248131394386,0.0,0.005985440220683813,1.120115484809503e-05,0.006299210246652365,0.0075529105015448295,0.0075529105015448295,0.0012921225745230914,0
57200,0.0012331202160567045,0.0012424311134964228,0.014913158491253853,4.810544013977051,0.0012331202160567045,0.0036093881353735924,0.0,0.005915612448006868,1.122027970268391e-05,0.00632869079709053,0.007582342190289637,0.007582342190289637,0.0012922763405367732,0
57400,0.001231745583936572,0.001243115752004087,0.014907574281096458,4.813250541687012,0.001231745583936572,0.003650184953585267,0.0,0.006255719345062971,1.1179286957485601e-05,0.006322219502180815,0.007576514541142387,0.007576514541142387,0.0012943027773872017,0
57600,0.0012330656172707677,0.0012447881745174527,0.015344307757914066,4.821810722351074,0.0012330656172707677,0.0036566946655511856,0.0,0.008731289766728878,1.1157429071317893e-05,0.00639462610706687,0.00765057171065564,0.00765057171065564,0.0013203785149380565,0
57800,0.0012320835376158357,0.0012435377575457096,0.014953152276575565,4.808844566345215,0.0012320835376158357,0.0036848147865384817,0.0,0.004528016317635775,1.1163401723024435e-05,0.006329488940536976,0.00758419009980571,0.00758419009980571,0.0012773637007921935,0
58000,0.0012330745812505484,0.0012424762826412916,0.0147935776039958,4.811914920806885,0.0012330745812505484,0.0036378242075443268,0.0,0.0043465858325362206,1.1229922165512107e-05,0.0063077788800001144,0.007561485084806918,0.007561485084806918,0.0012765404395759107,0
58200,0.0012349181342869997,0.0012431404320523143,0.014938779175281525,4.810110092163086,0.0012349181342869997,0.003583886893466115,0.0,0.005285079590976238,1.1249243470956571e-05,0.006334345787763596,0.0075887354632868664,0.0075887354632868664,0.0012877689301967622,0
58400,0.0012334620114415884,0.001245226594619453,0.014473287388682365,4.80498743057251,0.0012334620114415884,0.003702825168147683,0.0,0.0072302487678825855,1.12076031655306e-05,0.006246872711926699,0.007503306909711682,0.007503306909711682,0.0013057644991204143,1
58600,0.0012348502641543746,0.0012475120602175593,0.015112802386283875,4.811365604400635,0.0012348502641543746,0.0037017634604126215,0.0,0.008754018694162369,1.1171496225870214e-05,0.006353533361107111,0.0076122169175505405,0.0076122169175505405,0.0013223904510959983,0
58800,0.0012333308113738894,0.0012421817518770695,0.01495271548628807,4.804247856140137,0.0012333308113738894,0.0036364682018756866,0.0,0.006374766584485769,1.1223407454963308e-05,0.006336294114589691,0.007589699273921724,0.007589699273921724,0.001297078477218747,0
59000,0.0012345666764304042,0.0012432829244062304,0.015025998465716839,4.810861587524414,0.0012345666764304042,0.0035723166074603796,0.0,0.0083371726796031,1.1236596037633717e-05,0.00634689349681139,0.007601413017255254,0.007601413017255254,0.0013179384032264351,0
59200,0.001232679351232946,0.0012442508013918996,0.014810245484113693,4.810309410095215,0.001232679351232946,0.0036850145552307367,0.0,0.003937495872378349,1.1184886716364417e-05,0.006305667571723461,0.007561103259831725,0.007561103259831725,0.0012720543099567294,0
59400,0.001232448499649763,0.001242747064679861,0.015211518853902817,4.824733734130859,0.001232448499649763,0.0035897018387913704,0.0,0.005947617813944817,1.1187799827894196e-05,0.006375775672495365,0.00762971053700312,0.00762971053700312,0.0012919246777892113,0
59600,0.001232474809512496,0.0012436275137588382,0.015241631306707859,4.812350749969482,0.001232474809512496,0.003691101213917136,0.0,0.005157941021025181,1.11595363705419e-05,0.006380555219948292,0.007635342270077672,0.007635342270077672,0.0012840542197227478,0
59800,0.001233255141414702,0.0012450552312657237,0.015198685228824615,4.812527179718018,0.001233255141414702,0.0036974858958274126,0.0,0.00574181554839015,1.1170689504069742e-05,0.006370831746608019,0.007627057667377812,0.007627057667377812,0.0012906732968986034,0
60000,0.001232306589372456,0.001243322272785008,0.015084745362401009,4.814719200134277,0.001232306589372456,0.003689464181661606,0.0,0.003037874586880207,1.1177086889802013e-05,0.0063552698120474815,0.0076097691717222915,0.0076097691717222915,0.001262685335241258,0
60200,0.0012321282410994172,0.001242898521013558,0.014954972080886364,4.815977096557617,0.0012321282410994172,0.003639722941443324,0.0,0.005491085350513458,1.1183305105078034e-05,0.0063293869607150555,0.007583468786833691,0.007583468786833691,0.0012870390946045519,0
60400,0.0012332159094512463,0.001244901679456234,0.015099318698048592,4.81474494934082,0.0012332159094512463,0.0036701534409075975,0.0,0.0045060026459395885,1.1170644029334653e-05,0.006352603435516357,0.007608675759001926,0.007608675759001926,0.0012782759359106421,0
60600,0.0012323020491749048,0.0012425732566043735,0.015054399147629738,4.816536903381348,0.0012323020491749048,0.00362407392822206,0.0,0.005019329488277435,1.1192766578460578e-05,0.006347616668790579,0.007601382691973413,0.007601382691973413,0.001282495344057679,0
60800,0.0012355225626379251,0.0012446327600628138,0.014281709678471088,4.808061599731445,0.0012355225626379251,0.0036470964550971985,0.0,0.004981182981282473,1.1278512829449028e-05,0.006220960523933172,0.007476871796825435,0.007476871796825435,0.0012853343924507498,1
61000,0.0012321610702201724,0.0012423319276422262,0.015102838166058064,4.803919792175293,0.0012321610702201724,0.0036642206832766533,0.0,0.004919283092021942,1.1180864930793177e-05,0.0063575380481779575,0.007611050840750977,0.007611050840750977,0.0012813539011403917,0
61200,0.0012362352572381496,0.0012452465016394854,0.01433971431106329,4.789882183074951,0.0012362352572381496,0.003668952966108918,0.0,0.006235966458916664,1.1284370884823147e-05,0.006231773644685745,0.007488304517210054,0.007488304517210054,0.0012985949218273162,0
61400,0.0012333225458860397,0.0012442859588190913,0.015175970271229744,4.805881977081299,0.0012333225458860397,0.0036975175607949495,0.0,0.004771064035594463,1.118651471188059e-05,0.006367367692291737,0.0076228401658227085,0.0076228401658227085,0.0012810331862419843,0
61600,0.0012335946084931493,0.001242764643393457,0.015032278373837471,4.828878402709961,0.0012335946084931493,0.0035811271518468857,0.0,0.005263926461338997,1.1218944564461708e-05,0.006348748225718737,0.007602731813676655,0.007602731813676655,0.0012862338731065392,0
61800,0.0012357360683381557,0.0012445134343579412,0.014667628332972527,4.804328441619873,0.0012357360683381557,0.003666577162221074,0.0,0.0040821051225066185,1.126117513194913e-05,0.006289455574005842,0.0075452301834957325,0.0075452301834957325,0.001276557119563222,0
62000,0.0012330533936619759,0.001243775011971593,0.014825531281530857,4.820403575897217,0.0012330533936619759,0.0036530729848891497,0.0,0.005826395004987717,1.1200266271771397e-05,0.006308019161224365,0.0075629944394677295,0.0075629944394677295,0.001291317343711853,0
62200,0.0012325475690886378,0.0012427570763975382,0.014960954897105694,4.8209028244018555,0.0012325475690886378,0.0036299321800470352,0.0,0.00589665025472641,1.1202790119568817e-05,0.006333308760076761,0.007587268626593868,0.007587268626593868,0.001291514071635902,0
62400,0.0012382910354062915,0.0012509878724813461,0.015589922666549683,4.82231330871582,0.0012382910354062915,0.003720430890098214,0.0,0.006074218079447746,1.1171069672855083e-05,0.006434522103518248,0.007696681045672449,0.007696681045672449,0.0012990332162007689,0
62600,0.0012331324396654963,0.0012437058612704277,0.0148233687505126,4.816904067993164,0.0012331324396654963,0.0036829940509051085,0.0,0.004676845856010914,1.1208329851797316e-05,0.006311093457043171,0.007566007648165396,0.007566007648165396,0.0012799008982256055,0
62800,0.0012337713269516826,0.0012450687354430556,0.014884400181472301,4.812115669250488,0.0012337713269516826,0.003704913193359971,0.0,0.007968664169311523,1.1195201295777224e-05,0.006319041363894939,0.007575305300633772,0.007575305300633772,0.0013134579686447977,0
63000,0.001232842798344791,0.001242942875251174,0.014787600375711918,4.813024044036865,0.001232842798344791,0.0036553882528096437,0.0,0.007916509173810482,1.1211588571313769e-05,0.006303570698946714,0.007557725162769202,0.007557725162769202,0.0013120078900828959,0
63200,0.0012330174213275313,0.0012424455489963293,0.015042511746287346,4.821280002593994,0.0012330174213275313,0.0036143725737929344,0.0,0.005190880969166756,1.1216823622817174e-05,0.006350475363433361,0.0076041377360525075,0.0076041377360525075,0.0012849262310191988,0
63400,0.0012333904160186648,0.0012441504513844848,0.014854412525892258,4.814570903778076,0.0012333904160186648,0.0036581389140337706,0.0,0.005858526099473238,1.12127845568466e-05,0.006311452481895685,0.0075668157178370166,0.0075668157178370166,0.0012919756770133973,0
63600,0.0012333093909546733,0.001244077575393021,0.015251467935740948,4.812403202056885,0.0012333093909546733,0.0036704055964946747,0.0,0.0038660652935504913,1.118418003898114e-05,0.0063811494037508965,0.007636411159182899,0.007636411159182899,0.0012719700438901783,0
63800,0.0012372605269774795,0.001249809400178492,0.015349401161074638,4.813982009887695,0.0012372605269774795,0.0037371953949332237,0.0,0.005953548476099968,1.117423835239606e-05,0.006394332740455866,0.007655316378986754,0.007655316378986754,0.0012967960117384791,0
64000,0.0012336794752627611,0.0012428313493728638,0.014988869428634644,4.813511371612549,0.0012336794752627611,0.003651508130133152,0.0,0.006779198069125414,1.1218861800443847e-05,0.006342398934066296,0.007596449145239603,0.007596449145239603,0.0013014714559540152,0
64200,0.0012339558452367783,0.0012450363719835877,0.015301409177482128,4.819401264190674,0.0012339558452367783,0.0036829893942922354,0.0,0.005241254810243845,1.1170818652317394e-05,0.0063889822922647,0.007645189482900605,0.007645189482900605,0.0012863683933392166,0
64400,0.00123594852630049,0.0012480397708714008,0.015254538506269455,4.816771984100342,0.00123594852630049,0.0036913526710122824,0.0,0.005289454013109207,1.1181807167304214e-05,0.006378114689141512,0.007637336267180217,0.007637336267180217,0.001288843066431582,0
64600,0.0012355828657746315,0.001247471198439598,0.015122850425541401,4.817093849182129,0.0012355828657746315,0.0037030111998319626,0.0,0.004393864888697863,1.1182444723090157e-05,0.006356384139508009,0.007615037782670697,0.007615037782670697,0.00127952151466161,0
64800,0.001236152951605618,0.001244663610123098,0.014825188554823399,4.82998514175415,0.001236152951605618,0.0035551467444747686,0.0,0.00752901379019022,1.1255291610723361e-05,0.006312401499599218,0.00756832040133304,0.00756832040133304,0.0013114430895075201,0
65000,0.0012330118333920836,0.0012431738432496786,0.015246665105223656,4.8127946853637695,0.0012330118333920836,0.0036591526586562395,0.0,0.005042530596256256,1.1192370948265307e-05,0.006383913103491068,0.007638279317689012,0.007638279317689012,0.0012834371393546462,0
65200,0.0012389537878334522,0.0012462473241612315,0.014696404337882996,4.819868564605713,0.0012389537878334522,0.003555876901373267,0.0,0.007217347621917725,1.1323631952109281e-05,0.006294957362115383,0.007552528318228724,0.007552528318228724,0.0013111272640526294,0
65400,0.0012371321208775043,0.00124472810421139,0.014876262284815311,4.818002700805664,0.0012371321208775043,0.0035515606869012117,0.0,0.005971545819193125,1.1286786502751056e-05,0.006324341520667076,0.007580356411381217,0.007580356411381217,0.0012968475790694357,0
65600,0.0012336362851783633,0.0012443017913028598,0.01530840527266264,4.8120646476745605,0.0012336362851783633,0.003656470449641347,0.0,0.004154617432504892,1.1182227353856433e-05,0.006390452850610018,0.007645936869266734,0.007645936869266734,0.0012751824595034122,0
65800,0.0012339112581685185,0.0012429781490936875,0.015019777230918407,4.815323829650879,0.0012339112581685185,0.0036108570639044046,0.0,0.004998537711799145,1.1218860890949145e-05,0.006347117014229298,0.007601314024213934,0.007601314024213934,0.00128389663528651,0
66000,0.0012349755270406604,0.0012435836251825094,0.014778492040932178,4.79706335067749,0.0012349755270406604,0.003654703265056014,0.0,0.006468670908361673,1.1255020581302233e-05,0.0063057951629161835,0.007560633808679995,0.007560633808679995,0.001299662236124277,0
66200,0.0012339797103777528,0.0012449033092707396,0.015030327253043652,4.814824104309082,0.0012339797103777528,0.0036808988079428673,0.0,0.00408440176397562,1.1190173609065823e-05,0.006342519074678421,0.007598612557558226,0.007598612557558226,0.001274823728017509,0
66400,0.0012335126521065831,0.0012439837446436286,0.015098009258508682,4.814912796020508,0.0012335126521065831,0.003663895884528756,0.0,0.0057068634778261185,1.1203758731426205e-05,0.006354449782520533,0.007609637285895587,0.007609637285895587,0.0012905812868848443,0
66600,0.0012340348912402987,0.0012428794289007783,0.015066636726260185,4.803552150726318,0.0012340348912402987,0.003619137220084667,0.0,0.005340414587408304,1.122790217777947e-05,0.006355248391628265,0.007609355722706823,0.007609355722706823,0.0012874390371143817,0
66800,0.0012339049717411399,0.0012431867653504014,0.014824261888861656,4.808287143707275,0.0012339049717411399,0.0035918699577450752,0.0,0.005806611850857735,1.1239981176913716e-05,0.006308593787252903,0.007563020533780218,0.007563020533780218,0.0012919710902497173,0
67000,0.001234426163136959,0.0012454132083803415,0.014873702079057693,4.806310653686523,0.001234426163136959,0.0037003655452281237,0.0,0.0055056381970644,1.1212373465241399e-05,0.006314869504421949,0.007571495086267532,0.007571495086267532,0.0012894825451076032,0
67200,0.001234336756169796,0.0012457084376364946,0.015007262118160725,4.812726020812988,0.001234336756169796,0.003687296761199832,0.0,0.005519458092749119,1.1193072168680374e-05,0.006339129526168108,0.007596031035973283,0.007596031035973283,0.0012895313370972872,0
67400,0.0012341467663645744,0.0012448854977265,0.015032450668513775,4.80097770690918,0.0012341467663645744,0.0036970253568142653,0.0,0.010452346876263618,1.1206313502043486e-05,0.0063430434092879295,0.007599135220516473,0.007599135220516473,0.0013386702351272106,0
67600,0.001236538402736187,0.001244131475687027,0.01502123475074768,4.808083534240723,0.001236538402736187,0.0035831641871482134,0.0,0.0040415567345917225,1.1268827620369848e-05,0.00634809909388423,0.0076034993971916265,0.0076034993971916265,0.0012769539700821042,0
67800,0.0012386011658236384,0.0012510260567069054,0.015348350629210472,4.79636287689209,0.0012386011658236384,0.003740968182682991,0.0,0.0065142312087118626,1.1196068044228014e-05,0.006392791401594877,0.007655013526346011,0.007655013526346011,0.001303743477910757,0
68000,0.0012339160311967134,0.0012445218162611127,0.015259447507560253,4.797057628631592,0.0012339160311967134,0.003697038860991597,0.0,0.005883552134037018,1.1181204172316939e-05,0.006383226253092289,0.007638929273525719,0.007638929273525719,0.0012927515525370835,0
68200,0.0012336064828559756,0.0012426807079464197,0.015057750977575779,4.791411876678467,0.0012336064828559756,0.003641607938334346,0.0,0.006639963947236538,1.1226391507079825e-05,0.006351096089929342,0.007605003189382842,0.007605003189382842,0.001300006122328341,0
68400,0.001233534887433052,0.0012425589375197887,0.0152595778927207,4.790864944458008,0.001233534887433052,0.0036487781908363104,0.0,0.00570159824565053,1.1216588973184116e-05,0.006386231165379286,0.007640006691872259,0.007640006691872259,0.0012905508698895574,0
68600,0.001234381808899343,0.001244665589183569,0.014902504161000252,4.78532075881958,0.001234381808899343,0.003720994805917144,0.0,0.004111640155315399,1.1214238838874735e-05,0.006321135442703962,0.007577015270726406,0.007577015270726406,0.001275498210452497,0
68800,0.0012338771484792233,0.0012443283339962363,0.015407892875373363,4.79536771774292,0.0012338771484792233,0.0036680568009614944,0.0,0.006826410070061684,1.1193269529030658e-05,0.0064073000103235245,0.0076628216138487915,0.0076628216138487915,0.00130214124917984,0
69000,0.0012335518840700388,0.0012430776841938496,0.015060951001942158,4.792087554931641,0.0012335518840700388,0.003663101000711322,0.0,0.006022187881171703,1.1213922334718518e-05,0.006352192256599665,0.007606483863128233,0.007606483863128233,0.0012937737628817558,0
69200,0.0012342114932835102,0.0012449062196537852,0.015234972350299358,4.783060550689697,0.0012342114932835102,0.0037002256140112877,0.0,0.0035071359016001225,1.1202316272829194e-05,0.0063773938454687595,0.007633502381395374,0.007633502381395374,0.0012692828522995114,0
69400,0.0012339194072410464,0.0012431659270077944,0.01496482826769352,4.770967960357666,0.0012339194072410464,0.003682916285470128,0.0,0.00630449503660202,1.123333004215965e-05,0.006334010977298021,0.007588410234347975,0.007588410234347975,0.0012969643576070666,0
69600,0.0012339435052126646,0.0012427603360265493,0.0148761086165905,4.78397798538208,0.0012339435052126646,0.0036257433239370584,0.0,0.007350647356361151,1.1237404578423593e-05,0.006318799220025539,0.007572796960630512,0.007572796960630512,0.0013074499787762762,0
69800,0.0012338808737695217,0.0012430897913873196,0.015067334286868572,4.785545825958252,0.0012338808737695217,0.0036249018739908934,0.0,0.009695925749838352,1.122362937167054e-05,0.006349643692374229,0.0076039571131332195,0.0076039571131332195,0.0013308401312679052,0
70000,0.0012338169617578387,0.001244000275619328,0.015261775813996792,4.782166957855225,0.0012338169617578387,0.003658146597445011,0.0,0.005801550578325987,1.120933211495867e-05,0.006380926817655563,0.00763613642538985,0.00763613642538985,0.0012918324675410986,0
70200,0.001233686227351427,0.001243589911609888,0.015365379862487316,4.766736030578613,0.001233686227351427,0.003722772002220154,0.0,0.005037060938775539,1.1196651939826552e-05,0.006403068546205759,0.007657855109755474,0.007657855109755474,0.0012840568367391825,0
70400,0.0012337634107097983,0.0012429532362148166,0.015030479058623314,4.771491050720215,0.0012337634107097983,0.0036955669056624174,0.0,0.0051721432246267796,1.1229485608055256e-05,0.006344693247228861,0.007598875969051733,0.007598875969051733,0.0012854848429560662,0
70600,0.0012367526069283485,0.0012441412545740604,0.014769194647669792,4.764261245727539,0.0012367526069283485,0.0036362644750624895,0.0,0.0065551744773983955,1.128698841057485e-05,0.006303989794105291,0.007559418037089927,0.007559418037089927,0.0013023043517023324,0
70800,0.0012335691135376692,0.0012429915368556976,0.014999423176050186,4.754075527191162,0.0012335691135376692,0.003697531996294856,0.0,0.0067986370995640755,1.1221558452234603e-05,0.006338091567158699,0.007592304662466631,0.007592304662466631,0.00130155548453331,0
71000,0.0012358835665509105,0.0012435601092875004,0.015030269511044025,4.7487993240356445,0.0012358835665509105,0.0036375420168042183,0.0,0.006481238175183535,1.1273920790699776e-05,0.006349776405841112,0.007604610435919312,0.007604610435919312,0.0013006959483027457,0
71200,0.0012328779557719827,0.0012425353052094579,0.015389932319521904,4.769460678100586,0.0012328779557719827,0.0036609007511287928,0.0,0.0052558183670043945,1.1198786523891613e-05,0.006408764980733395,0.007662499072466744,0.007662499072466744,0.0012854361394420265,0
71400,0.0012332855258136988,0.0012436165707185864,0.01538817211985588,4.759244441986084,0.0012332855258136988,0.0036953745875507593,0.0,0.00580261368304491,1.1193963473488111e-05,0.006404865998774767,0.0076596765329668415,0.0076596765329668415,0.001291311662644148,0
71600,0.0012331459438428283,0.0012426322791725397,0.015032660216093063,4.760660648345947,0.0012331459438428283,0.003648248268291354,0.0,0.007341988850384951,1.1233756595174782e-05,0.006344849709421396,0.007598715745189111,0.007598715745189111,0.0013065658323466777,0
71800,0.001233126618899405,0.0012425235472619534,0.015275071375072002,4.764061450958252,0.001233126618899405,0.0036559943109750748,0.0,0.003954474814236164,1.1196047125849873e-05,0.006388114765286446,0.007641834359674249,0.007641834359674249,0.0012726713670417667,0
72000,0.0012339891400188208,0.001245168736204505,0.015230381861329079,4.747585773468018,0.0012339891400188208,0.0037262856494635344,0.0,0.00686793215572834,1.1188434655196033e-05,0.00637539429590106,0.007631751466760761,0.007631751466760761,0.0013026684615761043,0
72200,0.0012324941344559193,0.0012428483460098505,0.01525612361729145,4.751950740814209,0.0012324941344559193,0.0036840096581727266,0.0,0.0037352489307522774,1.1197115782124456e-05,0.006383252330124378,0.007637297791916353,0.007637297791916353,0.001269846623763442,0
72400,0.0012350340839475393,0.0012466378975659609,0.015244686044752598,4.733597278594971,0.0012350340839475393,0.0037450657691806555,0.0,0.004862258210778236,1.1189605174877215e-05,0.006375008262693882,0.00763283576543472,0.00763283576543472,0.0012836566660553218,0
72600,0.0012343937996774912,0.001245825202204287,0.015344219282269478,4.754323959350586,0.0012343937996774912,0.0036804629489779472,0.0,0.007846731692552567,1.1196121704415418e-05,0.006391668226569891,0.0076486895504785934,0.0076486895504785934,0.0013128611166030168,0
72800,0.0012326367432251573,0.0012428394984453917,0.015248078852891922,4.730730056762695,0.0012326367432251573,0.0037238504737615585,0.0,0.004109976813197136,1.1199936125194654e-05,0.006382566876709461,0.0076366063112800475,0.0076366063112800475,0.0012737365113571287,0
73000,0.0012344648130238056,0.0012462224112823606,0.015543303452432156,4.747011184692383,0.0012344648130238056,0.0037086952943354845,0.0,0.00518340989947319,1.1172383892699145e-05,0.006426701322197914,0.007684096117372974,0.007684096117372974,0.0012862989120185375,0
73200,0.0012332259211689234,0.001241947989910841,0.015037016943097115,4.7162981033325195,0.0012332259211689234,0.0036756519693881273,0.0,0.004706360399723053,1.1234970770601649e-05,0.0063491091132164,0.007602292073897843,0.007602292073897843,0.0012802895251661538,0
73400,0.0012333489721640944,0.0012417045654729009,0.014794043265283108,4.718998432159424,0.0012333489721640944,0.003652271581813693,0.0,0.00676361471414566,1.126009738072753e-05,0.006304064765572548,0.007557029428426176,0.007557029428426176,0.001300985119305551,0
73600,0.001232063863426447,0.001242485479451716,0.015125139616429806,4.711694717407227,0.001232063863426447,0.003734186291694641,0.0,0.0041465433314442635,1.1210412594664376e-05,0.00636120093986392,0.0076148968319103005,0.0076148968319103005,0.0012735292967408895,0
73800,0.0012326519936323166,0.0012447037734091282,0.015361277386546135,4.724140644073486,0.0012326519936323166,0.0037446292117238045,0.0,0.004554448649287224,1.1171496225870214e-05,0.0063976142555475235,0.007653489525182522,0.007653489525182522,0.0012781964801251888,0
74000,0.001230995636433363,0.0012417222606018186,0.015116904862225056,4.712462902069092,0.001230995636433363,0.0036956381518393755,0.0,0.006175568327307701,1.1191375051566865e-05,0.006355850026011467,0.007608763661664852,0.007608763661664852,0.00129275131970644,0
74200,0.0012326069409027696,0.0012416894314810634,0.01483069732785225,4.700995445251465,0.0012326069409027696,0.003689994104206562,0.0,0.00534333661198616,1.124878599512158e-05,0.006312002893537283,0.007564941111013468,0.007564941111013468,0.001286040307022631,0
74400,0.0012308915611356497,0.0012410517083480954,0.015169525519013405,4.708117485046387,0.0012308915611356497,0.0036820757668465376,0.0,0.0077591147273778915,1.1199257642147131e-05,0.0063682240433990955,0.007620475009389338,0.007620475009389338,0.0013084827084094287,0
74600,0.0012307751458138227,0.0012420573038980365,0.01533157005906105,4.7140212059021,0.0012307751458138227,0.003687097690999508,0.0,0.007218351121991873,1.1182515663676895e-05,0.006393762305378914,0.007647002124940627,0.007647002124940627,0.0013029586570337415,0
74800,0.0012347394367679954,0.0012427727924659848,0.014842144213616848,4.687932968139648,0.0012347394367679954,0.003635000204667449,0.0,0.004434115253388882,1.1281409570074175e-05,0.006315725389868021,0.00756977959190408,0.00756977959190408,0.0012790805893018841,0
75000,0.0012304496485739946,0.001242180005647242,0.015111313201487064,4.69750452041626,0.0012304496485739946,0.00371486134827137,0.0,0.006138661876320839,1.1172854101459961e-05,0.006354137789458036,0.0076074906492067385,0.0076074906492067385,0.001291836267337203,0
75200,0.0012354905484244227,0.0012495826231315732,0.015360960736870766,4.678516864776611,0.0012354905484244227,0.003812553593888879,0.0,0.004931819625198841,1.1169900062668603e-05,0.006392446346580982,0.007653198869775224,0.007653198869775224,0.0012848087446764112,0
75400,0.0012300161179155111,0.00124200782738626,0.015098180621862411,4.684640884399414,0.0012300161179155111,0.0037193845491856337,0.0,0.005652889143675566,1.1175124200235587e-05,0.006350952200591564,0.00760413515217806,0.00760413515217806,0.0012865450093522668,0
75600,0.0012297318316996098,0.0012412433279678226,0.015060537494719028,4.660393714904785,0.0012297318316996098,0.003755263751372695,0.0,0.005355803295969963,1.1180843102920335e-05,0.006345980800688267,0.00759840497175901,0.00759840497175901,0.0012832898646593094,0
75800,0.001230193767696619,0.0012409173650667071,0.014790757559239864,4.64915657043457,0.001230193767696619,0.0037570151034742594,0.0,0.00395461730659008,1.1210897355340421e-05,0.006300076376646757,0.007552204639068805,0.007552204639068805,0.0012697399407625197,0
76000,0.0012310290476307273,0.0012408201582729816,0.015133686363697052,4.666417598724365,0.0012310290476307273,0.0036316856276243925,0.0,0.0037862190511077642,1.1217920473427512e-05,0.006363586522638798,0.007615624601385207,0.007615624601385207,0.001268891238141805,0
76200,0.001230483641847968,0.0012400352861732244,0.015089753083884716,4.653682231903076,0.001230483641847968,0.003649103222414851,0.0,0.0064476230181753635,1.1219703992537688e-05,0.006356167607009411,0.007607422597175173,0.007607422597175173,0.0012949598720297217,0
76400,0.0012330166064202785,0.0012420208659023046,0.014848076738417149,4.641753673553467,0.0012330166064202785,0.003644688753411174,0.0,0.004143066704273224,1.127924224419985e-05,0.006315319333225489,0.007568619441371993,0.007568619441371993,0.0012744472734630109,0
76600,0.0012304941192269325,0.0012399184051901102,0.014782937243580818,4.636682510375977,0.0012304941192269325,0.003675592364743352,0.0,0.0036854923237115145,1.1243324479437433e-05,0.006298440042883158,0.007549601772552705,0.007549601772552705,0.0012673490424640478,0
76800,0.0012389629846438766,0.0012548795202746987,0.015308431349694729,4.64851713180542,0.0012389629846438766,0.003817336866632104,0.0,0.005528204143047333,1.1184193681401666e-05,0.0063795363530516624,0.007645600067007763,0.007645600067007763,0.0012942450260743498,0
77000,0.0012281212257221341,0.0012398563558235765,0.014998264610767365,4.641518592834473,0.0012281212257221341,0.0037180448416620493,0.0,0.003652935614809394,1.117926603910746e-05,0.006335163954645395,0.007586199576508079,0.007586199576508079,0.001264650581870228,0
77200,0.0012278984067961574,0.0012403634609654546,0.015203624032437801,4.644718647003174,0.0012278984067961574,0.0036804198753088713,0.0,0.008024109527468681,1.1166132026119158e-05,0.006369180977344513,0.007620710570336087,0.007620710570336087,0.0013081395020708441,0
77400,0.0012298125075176358,0.001243978040292859,0.015107179060578346,4.632148265838623,0.0012298125075176358,0.003745025722309947,0.0,0.006522832904011011,1.1163966519234236e-05,0.006349080242216587,0.00760422224902868,0.00760422224902868,0.001295040836557746,0
77600,0.0012319812085479498,0.0012465702602639794,0.015215625986456871,4.631618022918701,0.0012319812085479498,0.0038029823917895555,0.0,0.0053304024040699005,1.1157954759255517e-05,0.006365183275192976,0.007622911490216211,0.007622911490216211,0.0012852852325886488,0
77800,0.001227574422955513,0.0012397103710100055,0.015137594193220139,4.625793933868408,0.001227574422955513,0.0037159447092562914,0.0,0.008245037868618965,1.1172366612299811e-05,0.006360004190355539,0.007610886927977845,0.007610886927977845,0.0013100248016417026,0
78000,0.001227839500643313,0.0012403641594573855,0.014873727224767208,4.623689651489258,0.001227839500643313,0.0037296237424016,0.0,0.009169706143438816,1.1176128282386344e-05,0.006310141645371914,0.007561681933111686,0.007561681933111686,0.001319536562077701,0
78200,0.0012280707014724612,0.0012393114157021046,0.014811428263783455,4.608565330505371,0.0012280707014724612,0.0036889000330120325,0.0,0.0057582855224609375,1.1206475392100401e-05,0.006302335299551487,0.007552853190645692,0.007552853190645692,0.0012856535566970707,0
78400,0.0012275130720809102,0.001240349723957479,0.015107426792383194,4.615017414093018,0.0012275130720809102,0.0037152571603655815,0.0,0.00322234770283103,1.117648571380414e-05,0.0063507528975605965,0.00760227910723188,0.00760227910723188,0.0012597365491092206,0
78600,0.001227927627041936,0.0012391218915581703,0.014854704961180687,4.603041172027588,0.001227927627041936,0.003705892013385892,0.0,0.003778063226491213,1.1193899808858987e-05,0.006309913471341133,0.007560229262708162,0.007560229262708162,0.001265708259306848,0
78800,0.001227595959790051,0.0012391486670821905,0.014713156968355179,4.583568096160889,0.001227595959790051,0.003750150790438056,0.0,0.004370623268187046,1.1191713383595925e-05,0.006282789167016745,0.007533129547482531,0.007533129547482531,0.0012713021924719214,0
79000,0.0012273888569325209,0.0012404758017510176,0.01519655343145132,4.613917827606201,0.0012273888569325209,0.0037165405228734016,0.0,0.004694215953350067,1.1156213076901622e-05,0.0063674794510006905,0.00761911146582861,0.00761911146582861,0.0012743310164660215,0
79200,0.00122944510076195,0.001239639357663691,0.014603376388549805,4.589572906494141,0.00122944510076195,0.0036735087633132935,0.0,0.00697702681645751,1.123343281506095e-05,0.006267103366553783,0.007517976157032535,0.007517976157032535,0.001299215368926525,0
79400,0.0012289198348298669,0.0012423702282831073,0.014912753365933895,4.587278842926025,0.0012289198348298669,0.00377657706849277,0.0,0.007580652367323637,1.1168172932229936e-05,0.006314569152891636,0.007568107554106973,0.007568107554106973,0.0013047263585031033,0
79600,0.0012274263426661491,0.0012404870940372348,0.014986798167228699,4.598249912261963,0.0012274263426661491,0.003729509888216853,0.0,0.006275228690356016,1.116262956202263e-05,0.006329557858407497,0.007581207582006755,0.007581207582006755,0.0012901786295697092,0
79800,0.0012274530017748475,0.0012387640308588743,0.01497267559170723,4.5889692306518555,0.0012274530017748475,0.0037277403753250837,0.0,0.004962056875228882,1.1186891242687125e-05,0.006331227719783783,0.007581178641885344,0.007581178641885344,0.0012770735705271363,0
80000,0.0012285574339330196,0.0012394404038786888,0.015036276541650295,4.592800140380859,0.0012285574339330196,0.0036835037171840668,0.0,0.00561863649636507,1.119680018746294e-05,0.006343902554363012,0.007594539758429164,0.007594539758429164,0.0012847437988966703,0
80200,0.0012273238971829414,0.0012395892990753055,0.014949006959795952,4.59107780456543,0.0012273238971829414,0.003720712848007679,0.0,0.003370036371052265,1.1183011338289361e-05,0.006322365254163742,0.007573137564577337,0.007573137564577337,0.001261024260893464,0
80400,0.00122739071957767,0.0012401205021888018,0.014933068305253983,4.583214282989502,0.00122739071957767,0.003763207234442234,0.0,0.00755376135930419,1.1163657291035634e-05,0.006322614848613739,0.007573899008093576,0.007573899008093576,0.001302928333170712,0
80600,0.0012281545205041766,0.0012393963988870382,0.015106783248484135,4.593435764312744,0.0012281545205041766,0.003692161524668336,0.0,0.005201388616114855,1.1197428648301866e-05,0.006356425583362579,0.0076070194108979194,0.0076070194108979194,0.0012801684066653253,0
80800,0.001228767680004239,0.0012394478544592857,0.014859277755022049,4.590885639190674,0.001228767680004239,0.0036930982023477554,0.0,0.006698826793581247,1.1199993423360866e-05,0.006312016863375902,0.007562664711258549,0.007562664711258549,0.0012957559479400515,0
81000,0.0012332830810919404,0.0012486615451052785,0.015100069344043732,4.595675468444824,0.0012332830810919404,0.0037956952583044767,0.0,0.009365692734718323,1.1168105629622005e-05,0.0063421353697776794,0.00760196502051258,0.00760196502051258,0.0013269400084391237,0
81200,0.001229522400535643,0.0012436418328434229,0.015173743478953838,4.5975775718688965,0.001229522400535643,0.0037846697960048914,0.0,0.00641136709600687,1.1153781997563783e-05,0.0063581690192222595,0.007612964634063246,0.007612964634063246,0.0012936360714957118,0
81400,0.0012307754950597882,0.001244592247530818,0.014926969073712826,4.571039199829102,0.0012307754950597882,0.003841854864731431,0.0,0.006453481037169695,1.116094153985614e-05,0.006315861362963915,0.007571614552034589,0.007571614552034589,0.0012953103054314853,0
81600,0.0012289673322811723,0.001242512953467667,0.015108607709407806,4.580892086029053,0.0012289673322811723,0.0038106103893369436,0.0,0.00496189808472991,1.1132708095829003e-05,0.0063480171374976635,0.00760166279906116,0.00760166279906116,0.0012785863131284715,0
81800,0.0012282681418582797,0.001239180564880371,0.01483023352921009,4.578874588012695,0.0012282681418582797,0.003675849409773946,0.0,0.0061186510138213634,1.12186835394823e-05,0.006306298542767763,0.0075566977911876165,0.0075566977911876165,0.0012894546519964932,0
82000,0.001227339613251388,0.0012402670690789819,0.015018992125988007,4.5820770263671875,0.001227339613251388,0.0037482373882085085,0.0,0.0044854735024273396,1.1173604434588924e-05,0.006336119491606951,0.0075875601651205216,0.0075875601651205216,0.0012721943482756615,0
82200,0.001229587011039257,0.0012400202685967088,0.014897149056196213,4.576700210571289,0.001229587011039257,0.0036909643094986677,0.0,0.0052580274641513824,1.1226092283322942e-05,0.0063214171677827835,0.007572663528662815,0.007572663528662815,0.0012821672856807708,0
82400,0.001227288506925106,0.0012394230579957366,0.014887013472616673,4.576395034790039,0.001227288506925106,0.003742411732673645,0.0,0.008588866330683231,1.1171959158673417e-05,0.006311701610684395,0.007562296627838805,0.007562296627838805,0.0013131771702319384,0
82600,0.0012282953830435872,0.0012395003577694297,0.014967801980674267,4.592963218688965,0.0012282953830435872,0.0036583764012902975,0.0,0.006530348677188158,1.122070534620434e-05,0.006331354845315218,0.007582075908430852,0.007582075908430852,0.0012935988698154688,0
82800,0.0012272384483367205,0.001239183940924704,0.014885646291077137,4.5750555992126465,0.0012272384483367205,0.003746728179976344,0.0,0.005194859579205513,1.116832845582394e-05,0.0063134715892374516,0.00756382385861798,0.00756382385861798,0.0012791870441287755,0
83000,0.001227154629305005,0.0012391521595418453,0.014965977519750595,4.576423168182373,0.001227154629305005,0.003739952342584729,0.0,0.004517097491770983,1.1162777809659019e-05,0.006327814422547817,0.007578129359899322,0.007578129359899322,0.001272325604222715,0
83200,0.0012286017881706357,0.0012399946572259068,0.014952456578612328,4.59283447265625,0.0012286017881706357,0.0036548448260873556,0.0,0.006498401518911123,1.1203029316675384e-05,0.006326946895569563,0.007578144582112145,0.007578144582112145,0.0012935858033597469,0
83400,0.0012281215749680996,0.0012393463402986526,0.014768767170608044,4.5746588706970215,0.0012281215749680996,0.003703593509271741,0.0,0.005774504505097866,1.1200301742064767e-05,0.006293593440204859,0.007544140082245576,0.007544140082245576,0.0012858666200190783,0
83600,0.0012272285530343652,0.0012400123523548245,0.014989986084401608,4.5814738273620605,0.0012272285530343652,0.0037379462737590075,0.0,0.0042722574435174465,1.1157887456647586e-05,0.006330055650323629,0.0075812258901351015,0.0075812258901351015,0.0012699511274695395,0
83800,0.0012293003965169191,0.0012395643861964345,0.014884022064507008,4.577779769897461,0.0012293003965169191,0.003684869036078453,0.0,0.005477295257151127,1.122195681091398e-05,0.0063165295869112015,0.00756731592991855,0.00756731592991855,0.0012840733490884304,0
84000,0.0012276875786483288,0.001240277080796659,0.014995021745562553,4.584029674530029,0.0012276875786483288,0.0037329811602830887,0.0,0.0056612491607666016,1.1174145583936479e-05,0.006327735725790262,0.007579186952170858,0.007579186952170858,0.0012843000702559948,0
84200,0.0012273469474166632,0.0012394724180921912,0.014974416233599186,4.569797992706299,0.0012273469474166632,0.0037710899487137794,0.0,0.008787538856267929,1.1165044270455837e-05,0.006326745729893446,0.007577383192256093,0.007577383192256093,0.0013152223359793424,0
84400,0.0012271322775632143,0.0012391030322760344,0.015003490261733532,4.579963207244873,0.0012271322775632143,0.003727933391928673,0.0,0.006210711318999529,1.117499778047204e-05,0.00633325707167387,0.0075835351017303765,0.0075835351017303765,0.0012892393907532095,0
84600,0.0012275205226615071,0.001239302451722324,0.014794441871345043,4.566310405731201,0.0012275205226615071,0.0037549168337136507,0.0,0.007620180957019329,1.1196957530046348e-05,0.006295694038271904,0.007546193447524274,0.007546193447524274,0.0013037223322317005,0
84800,0.001228898297995329,0.0012394008226692677,0.014928415417671204,4.58054780960083,0.001228898297995329,0.0036721511278301477,0.0,0.005114765837788582,1.1223595720366575e-05,0.00632313871756196,0.0075737631359515944,0.0075737631359515944,0.0012800459563732146,0
85000,0.001227616099640727,0.0012391580967232585,0.014863581396639347,4.576622009277344,0.001227616099640727,0.0037131167482584715,0.0,0.005658729001879692,1.1193339560122695e-05,0.006308977957814932,0.007559329394098313,0.007559329394098313,0.0012842033896595239,0
85200,0.0012274684850126505,0.0012393228244036436,0.015063958242535591,4.586522102355957,0.0012274684850126505,0.0037105269730091095,0.0,0.00525990966707468,1.117351530410815e-05,0.00634281849488616,0.007593314834593912,0.007593314834593912,0.0012800675816833974,0
85400,0.0012319956440478563,0.0012470345245674253,0.01509258896112442,4.577274799346924,0.0012319956440478563,0.00380905345082283,0.0,0.005174698308110237,1.116046496463241e-05,0.006341481115669012,0.00759967610520107,0.00759967610520107,0.0012837426271289586,0
85600,0.001227320870384574,0.0012392078060656786,0.015012860298156738,4.580672740936279,0.001227320870384574,0.0037044764030724764,0.0,0.00586793664842844,1.1188628377567511e-05,0.006336356978863478,0.007586753413306724,0.007586753413306724,0.0012860002368688583,0
85800,0.0012275908375158906,0.0012405122397467494,0.014945408329367638,4.562625408172607,0.0012275908375158906,0.0037713723722845316,0.0,0.007321677636355162,1.1163505405420437e-05,0.006322592031210661,0.007574267776362831,0.007574267776362831,0.0013008076138794422,0
86000,0.0012274867622181773,0.0012392763746902347,0.014821570366621017,4.570271015167236,0.0012274867622181773,0.003730836557224393,0.0,0.005474813282489777,1.1190288205398247e-05,0.006302132736891508,0.007552599399787141,0.007552599399787141,0.0012822348950430752,0
86200,0.001227269764058292,0.001239526434801519,0.015132451429963112,4.585949897766113,0.001227269764058292,0.003710136516019702,0.0,0.0062175896018743515,1.1167045158799738e-05,0.006355944089591503,0.007606637569551822,0.007606637569551822,0.0012894456600770355,0
86400,0.0012275467161089182,0.001239854609593749,0.015110085718333721,4.581367015838623,0.0012275467161089182,0.003762432374060154,0.0,0.007413129787892103,1.1150770660606213e-05,0.006351121701300144,0.0076021270815544995,0.0076021270815544995,0.0013016780139878392,0
86600,0.0012273797765374184,0.0012392003554850817,0.015004947781562805,4.583917140960693,0.0012273797765374184,0.003683703253045678,0.0,0.0063822586089372635,1.1178039130754769e-05,0.006333914585411549,0.007584292980027385,0.007584292980027385,0.001291202362626791,0
86800,0.0012285223929211497,0.0012390755582600832,0.014713671989738941,4.564956188201904,0.0012285223929211497,0.0037039052695035934,0.0,0.007046883460134268,1.120581327995751e-05,0.006284985225647688,0.007535266597187729,0.007535266597187729,0.0012989912275224924,0
87000,0.0012275284389033914,0.001238920958712697,0.014924060553312302,4.584801197052002,0.0012275284389033914,0.003672293620184064,0.0,0.004980027675628662,1.1207714123884216e-05,0.006319721695035696,0.007569850367872277,0.007569850367872277,0.0012773287156596779,0
87200,0.0012274744221940637,0.0012392078060656786,0.014723719097673893,4.560645580291748,0.0012274744221940637,0.0037478439044207335,0.0,0.00829056091606617,1.1188425560249016e-05,0.006283283233642578,0.007533679465268506,0.007533679465268506,0.0013103800313547253,0
87400,0.001228254521265626,0.0012390990741550922,0.014712125062942505,4.56203031539917,0.001228254521265626,0.0037103372160345316,0.0,0.006935386452823877,1.121898640121799e-05,0.006284100469201803,0.0075344185297581134,0.0075344185297581134,0.0012976083857938647,0
87600,0.0012273594038560987,0.0012397213140502572,0.01490797195583582,4.565678119659424,0.0012273594038560987,0.0037516318261623383,0.0,0.005258920602500439,1.116266048484249e-05,0.006317630875855684,0.007568514850390784,0.007568514850390784,0.001279948609881103,0
87800,0.001226991880685091,0.0012394607765600085,0.015052019618451595,4.585594177246094,0.001226991880685091,0.003719946602359414,0.0,0.0037306686863303185,1.1164710485900287e-05,0.006339107174426317,0.007589732661472226,0.007589732661472226,0.0012642985675483942,0
88000,0.0012273977044969797,0.0012390260817483068,0.014954731799662113,4.57388973236084,0.0012273977044969797,0.0037094925064593554,0.0,0.005498393438756466,1.1197132153029088e-05,0.006325260736048222,0.007575483949949557,0.007575483949949557,0.0012823816388845444,0
88200,0.0012275803601369262,0.001239296398125589,0.015091639943420887,4.579182147979736,0.0012275803601369262,0.0037316412199288607,0.0,0.0069615477696061134,1.1177681699336972e-05,0.0063508194871246815,0.007601293566949607,0.007601293566949607,0.0012971958378329874,0
88400,0.0012274191249161959,0.0012403641594573855,0.015061815269291401,4.592106342315674,0.0012274191249161959,0.0037172306329011917,0.0,0.005497853737324476,1.1171961887157522e-05,0.0063407388515770435,0.007592274972921587,0.007592274972921587,0.0012823976622894405,0
88600,0.0012273453176021576,0.0012392731150612235,0.014855820685625076,4.577532768249512,0.0012273453176021576,0.0036939254496246576,0.0,0.007605242542922497,1.1196293598914053e-05,0.006305198650807142,0.00755566805946728,0.00755566805946728,0.0013033977430313825,0
88800,0.0012278060894459486,0.0012403151486068964,0.014939382672309875,4.563317775726318,0.0012278060894459486,0.0037730548065155745,0.0,0.00642449501901865,1.117411557061132e-05,0.006321122869849205,0.007572612134026713,0.007572612134026713,0.001292051039636135,0
89000,0.0012277481146156788,0.0012404982699081302,0.015035473741590977,4.580345630645752,0.0012277481146156788,0.0037381257861852646,0.0,0.006285515613853931,1.1171815458510537e-05,0.00633535860106349,0.007587028686430131,0.007587028686430131,0.001290603270754218,0
89200,0.0012277280911803246,0.001239223056472838,0.01499740406870842,4.575443744659424,0.0012277280911803246,0.003711302764713764,0.0,0.005172298289835453,1.1194163562322501e-05,0.006333474535495043,0.007583891755530203,0.007583891755530203,0.001279451074078679,0
89400,0.0012273058528080583,0.001240378012880683,0.015222384594380856,4.587092399597168,0.0012273058528080583,0.003720287000760436,0.0,0.006085989996790886,1.1151674698339775e-05,0.006370096933096647,0.00762162662067567,0.00762162662067567,0.0012881657527759672,0
89600,0.0012287534773349762,0.0012418177211657166,0.014817681163549423,4.56205940246582,0.0012287534773349762,0.0037899205926805735,0.0,0.00610627606511116,1.117606461775722e-05,0.006296887062489986,0.00754988084827346,0.00754988084827346,0.0012898162379860877,0
89800,0.0012284526601433754,0.0012396103702485561,0.014897610060870647,4.582600116729736,0.0012284526601433754,0.003701423294842243,0.0,0.0069452025927603245,1.1194243597856257e-05,0.006312813144177198,0.007563617758023611,0.007563617758023611,0.0012979046860709786,0
90000,0.0012286434648558497,0.0012392991920933127,0.014849903993308544,4.566437721252441,0.0012286434648558497,0.003728872863575816,0.0,0.005279556382447481,1.1204852853552438e-05,0.006309851538389921,0.007560355583336786,0.007560355583336786,0.0012814390286803245,0
90200,0.0012284162221476436,0.0012392138596624136,0.014780564233660698,4.571889877319336,0.0012284162221476436,0.0037096028681844473,0.0,0.007120371330529451,1.1201782399439253e-05,0.006292263511568308,0.007542679153630161,0.007542679153630161,0.001299619935452938,0
90400,0.0012315782951191068,0.0012409498449414968,0.01461520791053772,4.558766841888428,0.0012315782951191068,0.003667563432827592,0.0,0.004021897446364164,1.128284839069238e-05,0.00626971572637558,0.007521948419707769,0.007521948419707769,0.0012717972695827483,0
90600,0.0012304047122597694,0.001240137848071754,0.014699827879667282,4.570130348205566,0.0012304047122597694,0.0036499230191111565,0.0,0.004553175996989012,1.1260100109211635e-05,0.006283228285610676,0.007534626233791641,0.007534626233791641,0.0012759364722296595,0
90800,0.001228567212820053,0.0012393161887302995,0.014842301607131958,4.579137325286865,0.001228567212820053,0.0036637817975133657,0.0,0.004133201204240322,1.1213850484637078e-05,0.006305627524852753,0.007556157564067689,0.007556157564067689,0.0012698992248624562,0
