alpha,beta,coef_dbeta,coef_hx,coefficients,condition,d_tol,eval,lamb,loss,message,mse,seconds,status,stridge_mode,support,tolerance,validation_residual_norm
0.6398411968399667,1.9843334829807215,0.21693433709397605,-1.3533786225372497,0;0;-1.35337862254;0.216934337094;0.761096474356;0;0;-0.363086628642;0;0;0.0448906316395;0,62558.81486131455,0.005,1,3e-06,2.990450240595112,,0.002169718095501425,0.5105548,ok,same_stridge_core,Hx;D_x^1.984333 H;Hxxx;H*Hxx;H^2*Hxx,0.030000000000000002,2.0520680176753934
0.8272313940622935,1.3265900352261721,-0.12314505608141181,-0.6805323487378792,0.0377680481688;0;-0.680532348738;-0.123145056081;1.07575094009;0;0;0.188443731313;0.0753352176667;0;0;0,53177.38055387709,0.005,2,3e-06,1.9201929925764558,,0.00047622675958622953,0.3909001000000001,ok,same_stridge_core,1;Hx;D_x^1.32659 H;Hxxx;H*Hxx;H*Hxxx,0.03236842105263158,0.9630001426066683
0.48827768361114166,1.2333223634026589,1.0483530020793232,-1.8882052093396267,0.119804714977;-0.0541420028772;-1.88820520934;1.04835300208;-18.0110138292;0;-0.655536935855;-1.5615557858;0.107111543287;0.0604400662189;0.0949663397223;0.112737319392,53312.41792380979,0.005,3,3e-06,4.071230109718073,,0.002783452267772503,0.36967729999999976,ok,same_stridge_core,1;H;Hx;D_x^1.233322 H;Hxxx;H*Hx;H*Hxx;H*Hxxx;H^2*Hx;H^2*Hxx;H^2*Hxxx,0.03558823529411764,2.31192031823235
0.03475906169579762,1.4236766483651773,13.405994256015047,-4.989724561122772,-0.924770411829;0;-4.98972456112;13.405994256;-117.046733573;0;-4.44826144717;-11.8985139701;-2.4131542851;0.418543993277;0.717815660865;1.20633108023,53036.26790952532,0.005,4,3e-06,15.081936488977664,,0.09692934466368114,0.43483570000000027,ok,same_stridge_core,1;Hx;D_x^1.423677 H;Hxxx;H*Hx;H*Hxx;H*Hxxx;H^2*Hx;H^2*Hxx;H^2*Hxxx,0.12500000000000003,13.490848451691905
0.6897075374345438,1.717450446896344,0.24060370244714993,-1.2434074282769563,0;0;-1.24340742828;0.240603702447;0;0;0;0;0;0;0;0,53750.26425708224,0.005,5,3e-06,1.8081283107361061,,0.0011394555447291012,0.36462989999999973,ok,same_stridge_core,Hx;D_x^1.71745 H,0.03558823529411764,1.4856267251936126
0.4610692270263791,1.8222514018941443,16.75252429848259,-0.5919449211639688,-0.823990107658;0.118333722871;-0.591944921164;16.7525242985;29.0942792935;0;-1.35591914366;-7.00305188254;-17.1841147638;0.122671103248;0.507266346808;1.68170503096,56735.25126897463,0.005,6,3e-06,6.36075904310592,,0.010276129961637912,0.34647260000000024,ok,same_stridge_core,1;H;Hx;D_x^1.822251 H;Hxxx;H*Hx;H*Hxx;H*Hxxx;H^2*Hx;H^2*Hxx;H^2*Hxxx,0.015,4.488495751229758
0.5670294351944193,1.8979235825722076,0.0,-1.679462077759912,-0.0378752743206;0;-1.67946207776;0;0;0;0;-0.626268784684;0;0;0.070136307848;0,60672.4445052221,0.005,7,3e-06,4.245153390658611,,0.006409584366751692,0.3631007000000004,ok,same_stridge_core,1;Hx;H*Hxx;H^2*Hxx,0.025,3.5170840565959467
0.5327415280355602,1.9140459871620286,0.853695045450359,-1.8937244769750432,-0.0688029453581;0;-1.89372447698;0.85369504545;1.43502447774;0;0;-1.02845672807;-0.389215496091;0;0.0958920509867;0,61399.11368889129,0.005,8,3e-06,5.569201508486542,,0.009520683976314389,0.3809844,ok,same_stridge_core,1;Hx;D_x^1.914046 H;Hxxx;H*Hxx;H*Hxxx;H^2*Hxx,0.025,4.279820121019825
0.3262435959567813,1.346222446490526,3.5263544721048756,-2.76897534499422,-0.116819206011;-0.0448579485701;-2.76897534499;3.5263544721;-43.5474990325;0;-1.52984202799;-3.75760831794;0.395806190842;0.143002954288;0.219269474407;0.277240771094,53148.1858481047,0.005,9,3e-06,6.334304060657315,,0.011012094300966635,0.3592133999999998,ok,same_stridge_core,1;H;Hx;D_x^1.346222 H;Hxxx;H*Hx;H*Hxx;H*Hxxx;H^2*Hx;H^2*Hxx;H^2*Hxxx,0.08976190476190479,4.58041392766986
0.1609193601076711,1.5187559856583701,13.815531710704924,-2.4437942304026885,-0.628669500356;0;-2.4437942304;13.8155317107;-39.5107214376;0;-3.59549994606;-9.9725615435;-14.4418881163;0.32394490619;0.606562250415;1.85195940365,52937.63438894421,0.005,10,3e-06,10.647592730946588,,0.04328836897496733,0.3582660999999998,ok,same_stridge_core,1;Hx;D_x^1.518756 H;Hxxx;H*Hx;H*Hxx;H*Hxxx;H^2*Hx;H^2*Hxx;H^2*Hxxx,0.12500000000000003,9.059463699278261
0.9835196037494893,1.9447504218202099,0.8226262428324941,-0.4413666682896751,0.052387018183;0;-0.44136666829;0.822626242832;0;0;0;0.0771629473972;0.244789180977;0;0;0,62340.26475664048,0.005,11,3e-06,2.568308432572893,,0.0013889291701984947,0.3571647999999996,ok,same_stridge_core,1;Hx;D_x^1.94475 H;H*Hxx;H*Hxxx,0.048125,1.6332044612232859
0.6146006696466672,1.3004035357147372,0.458080842070575,-1.8170283633563598,0;0;-1.81702836336;0.458080842071;0;0;0;-0.171088516217;0;0;0;-0.0441121817462,53216.11811692265,0.005,12,3e-06,2.5843533933884553,,0.0020389013167717244,0.3780621000000002,ok,same_stridge_core,Hx;D_x^1.300404 H;H*Hxx;H^2*Hxxx,0.025,1.9457599759853836
0.8561045804375035,1.2032624790185626,-0.16700542514105232,-0.6049925889756861,0;0;-0.604992588976;-0.167005425141;0;0;0;0.179134667482;0.129467745875;0;0;0,53353.61359745604,0.005,13,3e-06,1.8960801109750474,,0.0008275942190130062,0.36348439999999993,ok,same_stridge_core,Hx;D_x^1.203262 H;H*Hxx;H*Hxxx,0.035,1.2558367478055747
0.1895240972696292,1.1663845561892876,2.9425416505489816,-5.0083614355452735,-0.178301272859;-0.083849831349;-5.00836143555;2.94254165055;-106.137814261;0;-1.91830586932;-5.12962789378;11.7922476806;0.194689824886;0.314112291587;-0.410178466281,53402.21047482887,0.005,14,3e-06,9.533446294216118,,0.03207927745856226,0.37635789999999947,ok,same_stridge_core,1;H;Hx;D_x^1.166385 H;Hxxx;H*Hx;H*Hxx;H*Hxxx;H^2*Hx;H^2*Hxx;H^2*Hxxx,0.12500000000000003,7.771173348546765
0.9561099667340214,1.8484264583035248,0.7856312403454007,-0.6152662298232288,0;0;-0.615266229823;0.785631240345;0;0;0;0;0;0;0;0,58033.51435458862,0.005,15,3e-06,2.45872777931533,,0.00226566700921718,0.36040839999999896,ok,same_stridge_core,Hx;D_x^1.848426 H,0.06550000000000003,2.1105266931877984
0.5841555853519856,1.6529662656663584,3.618370888538657,-0.9950476627218594,-0.0712750673172;0;-0.995047662722;3.61837088854;7.53005538637;0;-0.598078745952;-1.93148990039;-5.63299249994;0.0507243807425;0.127150268959;0.542047833925,53154.38542071383,0.005,16,3e-06,3.2673186729257058,,0.0014212861328932879,0.3834711999999989,ok,same_stridge_core,1;Hx;D_x^1.652966 H;Hxxx;H*Hx;H*Hxx;H*Hxxx;H^2*Hx;H^2*Hxx;H^2*Hxxx,0.021000000000000005,1.672687110304291
0.7196157247965254,1.0545833624534255,0.04766822280274204,-1.1701227911035457,0.014931141802;0;-1.1701227911;0.0476682228027;0;0;0;0.0582278490005;0;0;0;0,53535.81681160843,0.005,17,3e-06,1.5666552435973657,,0.00044726587140631513,0.38253440000000083,ok,same_stridge_core,1;Hx;D_x^1.054583 H;H*Hxx,0.01,0.9242254418580647
0.38130778395924786,1.5482120653716076,6.834058360402773,-1.5912057393028136,-0.266369671201;0;-1.5912057393;6.8340583604;-9.14963854984;0;-1.62921332209;-4.51821527741;-8.3110435472;0.144141863421;0.273244676096;0.945264057293,52930.251011544024,0.005,18,3e-06,5.482001402561418,,0.007859012476088166,0.37247190000000074,ok,same_stridge_core,1;Hx;D_x^1.548212 H;Hxxx;H*Hx;H*Hxx;H*Hxxx;H^2*Hx;H^2*Hxx;H^2*Hxxx,0.00958333333333333,3.8940938722150977
0.10787678371950143,1.5005149961146462,15.091422859433575,-2.9842199055102876,-0.743591520777;0;-2.98421990551;15.0914228594;-57.4448350578;0;-4.12136080187;-11.3533712501;-13.8660920302;0.37454806985;0.690436134279;1.94042948481,52949.66540380931,0.005,19,3e-06,12.424242463959887,,0.06216057787068667,0.3766656000000008,ok,same_stridge_core,1;Hx;D_x^1.500515 H;Hxxx;H*Hx;H*Hxx;H*Hxxx;H^2*Hx;H^2*Hxx;H^2*Hxxx,0.10000000000000002,10.835752501845608
0.26588866376413955,1.022521899032092,1.3536536207276995,-4.35729156065556,0.0491257330794;-0.104109333782;-4.35729156066;1.35365362073;-84.3543655289;0;-1.25223498188;-3.64054139047;11.0475152037;0.131252574936;0.233027291051;-0.49592671951,53570.38876068247,0.005,20,3e-06,7.706982825649326,,0.018687929801572,0.3741765999999984,ok,same_stridge_core,1;H;Hx;D_x^1.022522 H;Hxxx;H*Hx;H*Hxx;H*Hxxx;H^2*Hx;H^2*Hxx;H^2*Hxxx,0.09214285714285718,5.939159996546804
0.35859582962079406,1.3901220833128705,3.683651900441655,-2.7320725121527074,-0.294184525524;0;-2.73207251215;3.68365190044;-40.4605576598;0;-1.32798193054;-3.31036321342;1.05579580098;0.125368893943;0.189746523559;0.189282392793,53083.51703394335,0.005,21,3e-06,5.663330265322602,,0.008658239073576861,0.37048900000000096,ok,same_stridge_core,1;Hx;D_x^1.390122 H;Hxxx;H*Hx;H*Hxx;H*Hxxx;H^2*Hx;H^2*Hxx;H^2*Hxxx,0.06999999999999999,4.070824754304302
0.910601616259219,1.4680659307852015,-0.6442373831834703,-0.866996328460118,0.0769781095967;0;-0.86699632846;-0.644237383183;4.64576588372;0;0.277998555912;0.418137044522;0.223092647232;-0.0237300062862;0;-0.0127819963309,52980.819480630846,0.005,22,3e-06,2.0715178254338795,,0.0002068373395714829,0.3607143000000015,ok,same_stridge_core,1;Hx;D_x^1.468066 H;Hxxx;H*Hx;H*Hxx;H*Hxxx;H^2*Hx;H^2*Hxxx,0.005,0.6410356994568465
0.7765095474649211,1.2477516783339972,0.0,-0.9786852150087741,0;0;-0.978685215009;0;-0.253869856972;0;0;0.0842572168483;0;0;0;0,53292.17274562547,0.005,23,3e-06,1.49704699153556,,0.0005224122669567576,0.3791188999999999,ok,same_stridge_core,Hx;Hxxx;H*Hxx,0.024407387641216336,1.0174174368249307
0.0682928147924477,1.7954378427927467,63.165716227283134,7.082457652970227,0;-1.11416447689;7.08245765297;63.1657162273;168.893560344;0.176436187053;-8.38654629625;-29.6380860181;-94.6654849045;0.771308460962;2.3930044655;8.86170332822,55634.25497536144,0.005,24,3e-06,21.58282539606082,,0.20261704169097247,0.405354599999999,ok,same_stridge_core,H;Hx;D_x^1.795438 H;Hxxx;H^2;H*Hx;H*Hxx;H*Hxxx;H^2*Hx;H^2*Hxx;H^2*Hxxx,0.07999999999999999,19.746894981873893
0.42371849724476185,1.7575025216622855,14.643000118432507,0.1845947650636891,-0.253468863301;0;0.184594765064;14.6430001184;43.8518767733;0;-1.8481119278;-7.30199793536;-23.2697918652;0.156493380128;0.509977857694;2.17454321307,54501.07164617544,0.005,25,3e-06,6.34492901895993,,0.011410354889306891,0.38206579999999946,ok,same_stridge_core,1;Hx;D_x^1.757503 H;Hxxx;H*Hx;H*Hxx;H*Hxxx;H^2*Hx;H^2*Hxx;H^2*Hxxx,0.05033333333333335,4.709896869574667
0.13668014758538355,1.1162035326876283,2.934093472747292,-6.1469280276810485,-0.266800686753;-0.091041619466;-6.14692802768;2.93409347275;-137.458158784;0;-2.07886554355;-5.87647400443;17.6231635226;0.218177607121;0.368388265411;-0.757135383915,53464.73599849217,0.005,26,3e-06,11.226253027414812,,0.04770584869591087,0.3935890000000004,ok,same_stridge_core,1;H;Hx;D_x^1.116204 H;Hxxx;H*Hx;H*Hxx;H*Hxxx;H^2*Hx;H^2*Hxx;H^2*Hxxx,0.12500000000000003,9.46191673946457
0.7595405068525503,1.6254598683444204,0.3384175246844233,-1.0835767872331388,0;0;-1.08357678723;0.338417524684;0;0;0;0;0;0;0;0,53037.767272458426,0.005,27,3e-06,1.3028818760493182,,0.0004980426377090036,0.37297979999999953,ok,same_stridge_core,Hx;D_x^1.62546 H,0.04014705882352939,0.9846552724145676
0.22607527189059945,1.7009071595819696,27.500747917415627,-1.3896890382576075,-1.87716544506;0.263644574366;-1.38968903826;27.5007479174;8.76600518097;0;-3.42676448072;-13.1092833374;-26.0440149545;0.310777287594;0.859450603877;2.82004073246,53539.90733734776,0.005,28,3e-06,10.428691274413017,,0.03879162102375426,0.38488789999999895,ok,same_stridge_core,1;H;Hx;D_x^1.700907 H;Hxxx;H*Hx;H*Hxx;H*Hxxx;H^2*Hx;H^2*Hxx;H^2*Hxxx,0.07800000000000001,8.661874332280542
0.2804664843816254,1.5859417896736618,12.39990195717145,-1.2537667650938245,-0.416640800771;0;-1.25376676509;12.3999019572;-1.44055277266;0;-2.6692548853;-7.83998212458;-17.1952232455;0.234117968158;0.487137378224;1.84313705359,52952.789705430194,0.005,29,3e-06,7.704172890895074,,0.019515092805539376,0.37720739999999964,ok,same_stridge_core,1;Hx;D_x^1.585942 H;Hxxx;H*Hx;H*Hxx;H*Hxxx;H^2*Hx;H^2*Hxx;H^2*Hxxx,0.12000000000000004,6.1155891997321685
0.8694873130429859,1.099401330120707,-0.12794640822639153,-0.5707620218765549,0;0;-0.570762021877;-0.127946408226;0;0;0;0.172734899732;0.157786605653;0;0;0,53484.73529452584,0.005,30,3e-06,1.9053248912725245,,0.0008405219120510927,0.36926919999999974,ok,same_stridge_core,Hx;D_x^1.099401 H;H*Hxx;H*Hxxx,0.03928459794174078,1.2635080677382144
0.24897660645907083,1.992521531647122,-10.566390959684595,-3.4622839307785793,0;-0.0764126459734;-3.46228393078;-10.5663909597;-57.1899588965;0;-0.556972048781;-1.18858691055;11.534230013;0.0678141703313;0.193536785669;-0.678694300331,62480.44116279539,0.005,31,3e-06,16.601617021173734,,0.11657188333835883,0.38063239999999965,ok,same_stridge_core,H;Hx;D_x^1.992522 H;Hxxx;H*Hx;H*Hxx;H*Hxxx;H^2*Hx;H^2*Hxx;H^2*Hxxx,0.061666666666666675,14.727203786289873
0.8272313940622935,1.756693428174329,0.20546647576582355,-0.7952189183413366,0.0374222521812;0;-0.795218918341;0.205466475766;0.0969725084193;0;0;0.106279869488;0.171212380929;0;0;0,54481.84066288044,0.005,32,3e-06,1.9874748980647396,,0.0005318770953308576,0.25494209999999917,ok,same_stridge_core,1;Hx;D_x^1.756693 H;Hxxx;H*Hxx;H*Hxxx,0.037962962962962914,1.0068017661328919
0.43844764451772633,1.5810834631112067,6.1200342886329775,-1.297839425335445,-0.200901261244;0;-1.29783942534;6.12003428863;-0.427688911182;0;-1.31897414402;-3.78920699233;-8.36556230459;0.115163618519;0.233282279139;0.886195941958,52947.270849640474,0.005,33,3e-06,4.713753202461206,,0.005030954686558868,0.35418349999999954,ok,same_stridge_core,1;Hx;D_x^1.581083 H;Hxxx;H*Hx;H*Hxx;H*Hxxx;H^2*Hx;H^2*Hxx;H^2*Hxxx,0.0626923076923077,3.125335076971992
0.09195042432042538,1.7212401478545434,47.68103208861944,-1.634775449610725,-3.50144166108;0.52142343636;-1.63477544961;47.6810320886;11.0518148808;0;-5.29908415172;-21.9168005818;-40.9112182806;0.488494512095;1.46593023058;4.52736982723,53805.6315893293,0.005,34,3e-06,16.22150241581203,,0.10854722322982614,0.35417710000000113,ok,same_stridge_core,1;H;Hx;D_x^1.72124 H;Hxxx;H*Hx;H*Hxx;H*Hxxx;H^2*Hx;H^2*Hxx;H^2*Hxxx,0.085,14.445916573364162
0.6897075374345438,1.2466632004725808,0.12670742930874654,-1.3312385203742947,0;0;-1.33123852037;0.126707429309;0.242457329442;0;0;0;-0.148883879361;0;0;0,53293.71000100782,0.005,35,3e-06,1.7437409444834606,,0.0006366516402512353,0.26818399999999976,ok,same_stridge_core,Hx;D_x^1.246663 H;Hxxx;H*Hxxx,0.014944203049068728,1.1042164244713668
0.9195796824089457,1.5780863738994053,-1.0938585957925229,-0.9430494371252142,0.0650545743739;0.00201932858728;-0.943049437125;-1.09385859579;0.697742180309;0;0.324785256717;0.769700388546;1.82844012266;-0.0281088983657;-0.0345724347726;-0.183179020846,52944.302641601585,0.005,36,3e-06,2.3228681311005337,,0.00017288413983429466,0.37056549999999966,ok,same_stridge_core,1;H;Hx;D_x^1.578086 H;Hxxx;H*Hx;H*Hxx;H*Hxxx;H^2*Hx;H^2*Hxx;H^2*Hxxx,0.005,0.5757061439276815
0.46700555221238294,1.8565101014252345,16.616423228765072,-0.6200121188907358,-0.788025181754;0.111342960534;-0.620012118891;16.6164232288;28.6414292254;0;-1.20127034187;-6.87639610572;-16.2629425021;0.110637305677;0.51523946988;1.59483117532,58466.29044290179,0.005,37,3e-06,6.756513460897715,,0.01195458078340435,0.37623929999999817,ok,same_stridge_core,1;H;Hx;D_x^1.85651 H;Hxxx;H*Hx;H*Hxx;H*Hxxx;H^2*Hx;H^2*Hxx;H^2*Hxxx,0.015,4.827125876281956
0.3386868567949969,1.7843923120869434,26.138076681709578,-0.21362909274219696,-1.30210382838;0.124329868035;-0.213629092742;26.1380766817;38.8644655321;0.010729462851;-2.54770128999;-11.3080891654;-27.5078117808;0.231644456542;0.806049974136;2.73175018673,55254.83131227121,0.005,38,3e-06,8.907069069162425,,0.02452175980531748,0.3706698000000017,ok,same_stridge_core,1;H;Hx;D_x^1.784392 H;Hxxx;H^2;H*Hx;H*Hxx;H*Hxxx;H^2*Hx;H^2*Hxx;H^2*Hxxx,0.013405797101449282,6.917895141920661
0.8880664213403697,1.700157231992593,-1.7187728637950799,-1.0170942404805055,0.119576052217;-0.00953413574264;-1.01709424048;-1.7187728638;-1.13621019867;0;0.310881800714;0.93102436349;2.27973783446;-0.027212985325;-0.0490508678669;-0.224672699252,53531.48833135888,0.005,39,3e-06,2.4459908742612297,,0.0002427438550196092,0.3867091000000009,ok,same_stridge_core,1;H;Hx;D_x^1.700157 H;Hxxx;H*Hx;H*Hxx;H*Hxxx;H^2*Hx;H^2*Hxx;H^2*Hxxx,0.005,0.6794517593263867
0.31901580892522974,1.010417071098304,1.056790132519355,-3.695485934971341,0.10971162037;-0.0984279493877;-3.69548593497;1.05679013252;-65.7589167441;0;-1.0324044288;-2.96853712935;8.31041749415;0.106836279006;0.190347779324;-0.359611458841,53583.02699626155,0.005,40,3e-06,6.591930824350802,,0.012291967716179407,0.37331740000000124,ok,same_stridge_core,1;H;Hx;D_x^1.010417 H;Hxxx;H*Hx;H*Hxx;H*Hxxx;H^2*Hx;H^2*Hxx;H^2*Hxxx,0.07700000000000001,4.823690933474172
0.35645783323352964,1.3032531558645333,2.6125723109474985,-2.638872631494649,-0.0213735541975;-0.0559452124162;-2.63887263149;2.61257231095;-39.5247396135;0;-1.29452733757;-3.14705386161;0.975251273089;0.121414609772;0.184731773924;0.184000820307,53211.92328975161,0.005,41,3e-06,5.8012833901372,,0.008583016869717458,0.37519889999999734,ok,same_stridge_core,1;H;Hx;D_x^1.303253 H;Hxxx;H*Hx;H*Hxx;H*Hxxx;H^2*Hx;H^2*Hxx;H^2*Hxxx,0.049999999999999996,4.045289921575397
0.14303699930178565,1.3004035357147372,5.717353485828748,-5.113385471270907,-0.520922820866;-0.0310448299041;-5.11338547127;5.71735348583;-112.141295746;0;-2.61484101496;-6.75660939126;8.79070562041;0.256764627961;0.401240235591;-0.0481098535634,53216.11811692265,0.005,42,3e-06,10.889912833473703,,0.04431326174843533,0.13035209999999964,ok,same_stridge_core,1;H;Hx;D_x^1.300404 H;Hxxx;H*Hx;H*Hxx;H*Hxxx;H^2*Hx;H^2*Hxx;H^2*Hxxx,0.12500000000000003,9.133780935615256
0.13961939993647388,1.868670117199125,59.45345736981347,1.3160106662154616,-2.61705125136;0.0536173156053;1.31601066622;59.4534573698;79.1172970737;0.0555899505494;-4.64667856017;-24.9044227207;-54.3320619496;0.451638078052;1.97615050536;5.49154541097,59129.957257070244,0.005,43,3e-06,20.700547105477924,,0.1810074492286846,0.3572968000000003,ok,same_stridge_core,1;H;Hx;D_x^1.86867 H;Hxxx;H^2;H*Hx;H*Hxx;H*Hxxx;H^2*Hx;H^2*Hxx;H^2*Hxxx,0.0691666666666667,18.571868644223397
0.9891717284566791,1.7771082891171115,-3.137015628176093,-1.1773336190151331,0.0935905246441;0;-1.17733361902;-3.13701562818;-8.97719016876;0;0.460410812394;1.60717353495;5.18013946402;-0.0389687216749;-0.0991009179025;-0.473072351511,55027.628023934114,0.005,44,3e-06,2.626448505293557,,0.0004958022314086375,0.3876501999999995,ok,same_stridge_core,1;Hx;D_x^1.777108 H;Hxxx;H*Hx;H*Hxx;H*Hxxx;H^2*Hx;H^2*Hxx;H^2*Hxxx,0.005,0.9756196645755337
0.5252218737497482,1.8484264583035248,8.968142140241824,-0.16743377314781632,0;-0.0262758111538;-0.167433773148;8.96814214024;35.1423017033;0;-0.920795917588;-4.44292556559;-15.1533041932;0.077633752148;0.342668296352;1.37751502919,58033.51435458862,0.005,45,3e-06,5.412513052542925,,0.006925980031061761,0.1526840000000007,ok,same_stridge_core,H;Hx;D_x^1.848426 H;Hxxx;H*Hx;H*Hxx;H*Hxxx;H^2*Hx;H^2*Hxx;H^2*Hxxx,0.018636363636363628,3.671507621905267
0.9177278771414363,1.8337808625348284,0.4525959544857803,-0.5789557140755137,0.0521314940366;0;-0.578955714076;0.452595954486;0;0;0;0.106548566516;0.261286743319;0;0;0,57283.602012756724,0.005,46,3e-06,2.3226732910163275,,0.0011158459656865109,0.3946518999999995,ok,same_stridge_core,1;Hx;D_x^1.833781 H;H*Hxx;H*Hxxx,0.030000000000000002,1.4634192608249768
0.11141086048527937,1.0545833624534255,2.56944458372949,-6.953787566676367,-0.29038914954;-0.101093545808;-6.95378756668;2.56944458373;-158.337330947;0;-2.03337011651;-6.14288184396;22.4112679788;0.220959275818;0.395347233025;-1.07531996985,53535.81681160843,0.005,47,3e-06,12.202640588598598,,0.0581260175198764,0.13749139999999827,ok,same_stridge_core,1;H;Hx;D_x^1.054583 H;Hxxx;H*Hx;H*Hxx;H*Hxxx;H^2*Hx;H^2*Hxx;H^2*Hxxx,0.12500000000000003,10.43595863381552
0.7236696893390963,1.6117725079434844,0.17078564398341872,-1.1489101155672774,0;0;-1.14891011557;0.170785643983;0;0;0;0.025575101133;0;0;0;0,52999.15471171518,0.005,48,3e-06,1.4612777710522542,,0.0005061773001723193,0.40137410000000173,ok,same_stridge_core,Hx;D_x^1.611773 H;H*Hxx,0.014470562184897041,0.9842853786468176
0.3980124871417694,1.939438239692974,0.0,-1.7907418618667383,0;-0.0458319605611;-1.79074186187;0;-10.0504248732;0;-0.543326970205;-2.46476218393;-0.97279480009;0.0557512983901;0.244198062862;0.240102090741,62225.43012528543,0.005,49,3e-06,9.743856526557682,,0.0345672240302557,0.39531630000000106,ok,same_stridge_core,H;Hx;Hxxx;H*Hx;H*Hxx;H*Hxxx;H^2*Hx;H^2*Hxx;H^2*Hxxx,0.035,8.063769913174976
0.20705976670296666,1.7771688580290175,42.17510011151718,-0.5900147802319848,-2.67679125399;0.402459650953;-0.590014780232;42.1751001115;42.2014053746;0;-3.85267002791;-18.1759880579;-38.8114605405;0.354077143982;1.26557303838;4.02672384462,55029.44314146564,0.005,50,3e-06,13.050754534211718,,0.06519858400602241,0.3968051000000017,ok,same_stridge_core,1;H;Hx;D_x^1.777169 H;Hxxx;H*Hx;H*Hxx;H*Hxxx;H^2*Hx;H^2*Hxx;H^2*Hxxx,0.045,11.234782910543352
0.6692944494156261,1.953007941305124,0.0,-1.285824035079359,0;0;-1.28582403508;0;0;0;0;-0.171847143548;0;0;0.0259536208574;0,62477.04273291114,0.005,51,3e-06,2.169432418584285,,0.001303181032906035,0.3795259999999985,ok,same_stridge_core,Hx;H*Hxx;H^2*Hxx,0.01,1.6071390339880849
0.4917268618990343,1.3338904910808673,1.5238132919601746,-1.744376188082289,0.0731936421434;-0.0434778969069;-1.74437618808;1.52381329196;-14.2702087714;0;-0.721671483919;-1.70708209564;-1.13862869201;0.0651630919754;0.101844486155;0.214002864523,53166.52879798658,0.005,52,3e-06,4.038375856004044,,0.0027082708548991025,0.3535660000000007,ok,same_stridge_core,1;H;Hx;D_x^1.33389 H;Hxxx;H*Hx;H*Hxx;H*Hxxx;H^2*Hx;H^2*Hxx;H^2*Hxxx,0.04508928571428573,2.283880405670487
0.7765095474649211,1.5012798562202323,0.0,-0.9149561544638102,0.027901316362;0;-0.914956154464;0;0.654910191521;0;0;0.117243490169;0.0292161914825;0;0;0,52949.06907824291,0.005,53,3e-06,1.6105673310488653,,0.00034498333895493046,0.27765979999999857,ok,same_stridge_core,1;Hx;Hxxx;H*Hxx;H*Hxxx,0.01,0.8163312948752216
0.902143346027559,1.7988923775635983,0.3588761766332319,-0.6127407037586254,0.0515780633579;0;-0.612740703759;0.358876176633;0;0;0;0.115340338795;0.258313628948;0;0;0,55761.768450727715,0.005,54,3e-06,2.2453167339479747,,0.0010341766983651662,0.3825758999999991,ok,same_stridge_core,1;Hx;D_x^1.798892 H;H*Hxx;H*Hxxx,0.01602272727272727,1.408890207187059
0.9432487754479277,1.8338381495926948,0.4787943317380364,-0.5355700482102072,0.0524389794152;0;-0.53557004821;0.478794331738;-0.499634837247;0;0;0.106914667308;0.333449575351;0;0;0,57286.430351472234,0.005,55,3e-06,2.594914350582556,,0.0012776273640672075,0.3763715999999988,ok,same_stridge_core,1;Hx;D_x^1.833838 H;Hxxx;H*Hxx;H*Hxxx,0.018636363636363628,1.563758604256056
0.13668014758538355,1.423679280429829,9.739689215192584,-4.466320819237171,-0.896597246533;0.043636332377;-4.46632081924;9.73968921519;-93.9906752508;0;-3.12863695331;-8.27404587954;1.36932794925;0.297513590518;0.487304091018;0.602915998905,53036.26435247853,0.005,56,3e-06,11.196659976980325,,0.04723114402647238,0.27080720000000014,ok,same_stridge_core,1;H;Hx;D_x^1.423679 H;Hxxx;H*Hx;H*Hxx;H*Hxxx;H^2*Hx;H^2*Hxx;H^2*Hxxx,0.030413533834586462,9.446463253348533
0.20000110787633862,1.9147083845510362,34.74859510137161,0.1836190702223308,-1.21471559809;-0.173455610455;0.183619070222;34.7485951014;36.5200654319;0.0534724370223;-2.95886702306;-15.8896257978;-30.7005136556;0.299279101959;1.36077668661;3.19461674864,61426.03229258165,0.005,57,3e-06,18.89638387474022,,0.14741334526316574,0.37657779999999974,ok,same_stridge_core,1;H;Hx;D_x^1.914708 H;Hxxx;H^2;H*Hx;H*Hxx;H*Hxxx;H^2*Hx;H^2*Hxx;H^2*Hxxx,0.05614285714285714,16.68504671220728
0.22607527189059945,1.7086220450482958,28.601035932764507,-1.3082497230019614,-1.93691772135;0.274574038818;-1.308249723;28.6010359328;11.9328990082;0;-3.45624158751;-13.4743224891;-27.1272921671;0.313584004247;0.888342345961;2.91851144367,53631.95308446969,0.005,58,3e-06,10.571689105330764,,0.04003613630406282,0.27816550000000007,ok,same_stridge_core,1;H;Hx;D_x^1.708622 H;Hxxx;H*Hx;H*Hxx;H*Hxxx;H^2*Hx;H^2*Hxx;H^2*Hxxx,0.07566666666666667,8.801834653543263
0.4796697269655594,1.1297208614886878,0.7527736044006068,-2.0606125395999637,0.150893001545;-0.062997545705;-2.0606125396;0.752773604401;-22.2128840282;0;-0.608502102259;-1.51603427537;1.31652139496;0.0576375897108;0.0948467956517;0.0213181455216,53448.3061864897,0.005,59,3e-06,4.173746595573379,,0.0030327126991214026,0.3937989000000002,ok,same_stridge_core,1;H;Hx;D_x^1.129721 H;Hxxx;H*Hx;H*Hxx;H*Hxxx;H^2*Hx;H^2*Hxx;H^2*Hxxx,0.043235294117647045,2.4099524914192187
0.48212238957745335,1.5151515986029018,3.5489536140942994,-1.6035427224840866,-0.152262783013;0;-1.60354272248;3.54895361409;-8.99641253193;0;-0.91071553568;-2.41776352243;-3.59543863512;0.0811812439017;0.144171520377;0.441815238694,52939.625273646416,0.005,60,3e-06,4.067472006077767,,0.0031672734313634705,0.3816145999999989,ok,same_stridge_core,1;Hx;D_x^1.515152 H;Hxxx;H*Hx;H*Hxx;H*Hxxx;H^2*Hx;H^2*Hxx;H^2*Hxxx,0.044843749999999974,2.479283247868375
0.7595405068525503,1.0298798283246304,0.0,-1.0200607132274786,0;0;-1.02006071323;0;-0.183798887641;0;0;0.0788128577815;0;0;0;0,53562.59680657526,0.005,61,3e-06,1.419659719520232,,0.0004463868290488235,0.251999399999999,ok,same_stridge_core,Hx;Hxxx;H*Hxx,0.02,0.9375963482610548
0.5837006553226101,1.4321700790190377,1.2531198276787814,-1.5589183053539113,-0.0661433446728;0;-1.55891830535;1.25311982768;-8.3310126277;0;-0.373847801562;-0.934729821216;-0.292026508425;0.0343158151696;0.056497204647;0.0903016065126,53024.875899492006,0.005,62,3e-06,3.1658358588306585,,0.0012794450426349198,0.39564780000000255,ok,same_stridge_core,1;Hx;D_x^1.43217 H;Hxxx;H*Hx;H*Hxx;H*Hxxx;H^2*Hx;H^2*Hxx;H^2*Hxxx,0.022857142857142878,1.5750895818458983
0.9582471550138172,1.500730348132027,-0.8627245031537107,-0.8464522450186002,0.0861361200798;0;-0.846452245019;-0.862724503154;4.21711274758;0;0.329861898072;0.494755752263;0.500634077904;-0.0276727371189;0;-0.0267062221758,52949.496759568276,0.005,63,3e-06,2.143724781741045,,0.00025421117957890476,0.38958410000000043,ok,same_stridge_core,1;Hx;D_x^1.50073 H;Hxxx;H*Hx;H*Hxx;H*Hxxx;H^2*Hx;H^2*Hxxx,0.005,0.7140883692327017
0.6270071345120991,1.7273467830737002,3.4704725733176582,-0.8707242222050542,0;0;-0.870724222205;3.47047257332;18.1220331181;0;-0.387088981806;-1.69092647739;-7.2094306856;0.031692738368;0.127520411092;0.644604388941,53901.044629235745,0.005,64,3e-06,3.0483534992884724,,0.0012895548295764694,0.3921095999999977,ok,same_stridge_core,Hx;D_x^1.727347 H;Hxxx;H*Hx;H*Hxx;H*Hxxx;H^2*Hx;H^2*Hxx;H^2*Hxxx,0.01,1.5930252942991074
0.8789708216943453,1.5317559239277119,-0.7189351373292946,-0.8736266876657597,0.116339807142;-0.00918232322704;-0.873626687666;-0.718935137329;4.91098246544;0;0.239823015951;0.386256235143;-0.0273584537101;-0.0208755367091;0;0.00547977464485,52932.276416850065,0.005,65,3e-06,2.253196390011198,,0.00022483878626910055,0.37491009999999747,ok,same_stridge_core,1;H;Hx;D_x^1.531756 H;Hxxx;H*Hx;H*Hxx;H*Hxxx;H^2*Hx;H^2*Hxxx,0.005,0.6652280975056961
0.5112850765057546,1.0298798283246304,0.44522815878962546,-1.9666120953804886,0.168463876118;-0.0611004562712;-1.96661209538;0.44522815879;-19.213426362;0;-0.454578487454;-1.20501352283;1.56592298507;0.0437416020324;0.0790061989168;-0.0228033324237,53562.59680657526,0.005,66,3e-06,3.8762721774196858,,0.002321226381124961,0.1500123000000002,ok,same_stridge_core,1;H;Hx;D_x^1.02988 H;Hxxx;H*Hx;H*Hxx;H*Hxxx;H^2*Hx;H^2*Hxx;H^2*Hxxx,0.03394736842105264,2.1087064828027025
0.5670294351944193,1.8719738736827194,1.2264426197200518,-1.7485015697281,-0.0530647792648;0;-1.74850156973;1.22644261972;0;0;0;-1.06478339084;0;0;0.0985210684233;0,59310.74590153673,0.005,67,3e-06,4.312996975443828,,0.0060588287864983105,0.28132150000000067,ok,same_stridge_core,1;Hx;D_x^1.871974 H;H*Hxx;H^2*Hxx,0.022928571428571454,3.4233357869207772
0.5529018382514794,1.9140459871620286,-0.3422253899331206,-1.7078973553907315,0;0;-1.70789735539;-0.342225389933;0;0;0;-0.57473644114;0;0;0.0722836647249;0,61399.11368889129,0.005,68,3e-06,4.873443577110566,,0.008683412299390925,0.1446366000000019,ok,same_stridge_core,Hx;D_x^1.914046 H;H*Hxx;H^2*Hxx,0.024642678633906706,4.136654212843871
0.830443596102524,1.9629721651799348,0.7613119063937802,-0.8426623007172389,0;0;-0.842662300717;0.761311906394;-0.184178074922;0;0;0;0;0;0;0,62575.37991888265,0.005,69,3e-06,1.7440778421623166,,0.0007265796334301871,0.38960540000000066,ok,same_stridge_core,Hx;D_x^1.962972 H;Hxxx,0.03992445054945054,1.1808994228923728
0.7241856351933023,1.150746805103729,0.0599973830168375,-1.1158233130475799,0.0682908231104;-0.0109905373572;-1.11582331305;0.0599973830168;0.483160410935;0;-0.00657748985254;-0.0477752572009;-0.0308799234225;0;0.00955153972013;0,53422.14471055717,0.005,70,3e-06,2.2783811769543103,,0.0003618704937489859,0.3821930000000009,ok,same_stridge_core,1;H;Hx;D_x^1.150747 H;Hxxx;H*Hx;H*Hxx;H*Hxxx;H^2*Hxx,0.005,0.8359832697692666
0.7031082091963377,1.657002386068108,0.25189683908749394,-1.2167311858610568,0;0;-1.21673118586;0.251896839087;0;0;0;0;0;0;0;0,53176.77932969023,0.005,71,3e-06,1.5568947707421372,,0.0007965936308622445,0.3774450000000016,ok,same_stridge_core,Hx;D_x^1.657002 H,0.03936396011396011,1.2378340947639959
0.8983727428226824,1.5258138775102184,-0.7771905404541553,-0.8566015036728353,0.116496876402;-0.00830037356142;-0.856601503673;-0.777190540454;5.00263190304;0;0.262888544448;0.41690909682;0.0422990204319;-0.0227096445953;0;0.00204178513453,52934.354053225084,0.005,72,3e-06,2.2670648454996467,,0.00023298346994484357,0.37159520000000157,ok,same_stridge_core,1;H;Hx;D_x^1.525814 H;Hxxx;H*Hx;H*Hxx;H*Hxxx;H^2*Hx;H^2*Hxxx,0.005,0.6790342239028945
0.8561045804375035,1.5793408978667216,0.0,-0.6919578331587525,0.0472437018416;0;-0.691957833159;0;0;0;0;0.164422072354;0.228040900455;0;0;0,52945.505719141955,0.005,73,3e-06,1.852636465088571,,0.0007659241331622689,0.257806200000001,ok,same_stridge_core,1;Hx;H*Hxx;H*Hxxx,0.045,1.2172903964588675
0.6910074607253366,1.707401186187658,0.5305573891075076,-1.2754192516895138,0;0;-1.27541925169;0.530557389108;0;0;0;-0.317792563161;0.0824739033451;0;0.0324458233386;0,53616.7085590895,0.005,74,3e-06,1.9585521279551177,,0.000680559457212248,0.3565074000000017,ok,same_stridge_core,Hx;D_x^1.707401 H;H*Hxx;H*Hxxx;H^2*Hxx,0.02242857142857144,1.154301499568775
0.5612079615420336,1.913486104724644,-0.29712490433607536,-1.675150038578156,0;0;-1.67515003858;-0.297124904336;0;0;0;-0.545620007908;0;0;0.0686827911315;0,61376.16151636445,0.005,75,3e-06,4.6501264378681455,,0.007767886737997679,0.3817309999999985,ok,same_stridge_core,Hx;D_x^1.913486 H;H*Hxx;H^2*Hxx,0.024420921647193207,3.9136124996717725
0.9177278771414363,1.660579170190872,-1.6268976119584493,-0.9923660087948561,0.100539423661;-0.00476504942443;-0.992366008795;-1.62689761196;-1.07378650995;0;0.345135433758;0.949119660701;2.43169380571;-0.0298863032509;-0.0480892718524;-0.237481632574,53197.92665072631,0.005,76,3e-06,2.4039762196330328,,0.0002200007446479416,0.26821310000000054,ok,same_stridge_core,1;H;Hx;D_x^1.660579 H;Hxxx;H*Hx;H*Hxx;H*Hxxx;H^2*Hx;H^2*Hxx;H^2*Hxxx,0.005,0.6484446401590649
0.5612079615420336,1.913486104724644,-0.29712490433607536,-1.675150038578156,0;0;-1.67515003858;-0.297124904336;0;0;0;-0.545620007908;0;0;0.0686827911315;0,61376.16151636445,0.005,77,3e-06,4.6501264378681455,,0.007767886737997679,0.03824900000000042,ok,same_stridge_core,Hx;D_x^1.913486 H;H*Hxx;H^2*Hxx,0.02,3.9136124996717725
0.42132763471104595,1.6565880324387339,9.59693137038015,-0.6844139429384719,-0.230519483523;0;-0.684413942938;9.59693137038;17.3321380045;0;-1.65693075056;-5.35068776146;-15.0366580868;0.14188338125;0.345975042661;1.47138047237,53174.409960124205,0.005,78,3e-06,5.3317625531849675,,0.007180614237161814,0.4153190000000002,ok,same_stridge_core,1;Hx;D_x^1.656588 H;Hxxx;H*Hx;H*Hxx;H*Hxxx;H^2*Hx;H^2*Hxx;H^2*Hxxx,0.049999999999999996,3.736530254381242
0.7240253824434865,1.2860756647672729,0.061062313649084744,-1.1501980902781384,0;0;-1.15019809028;0.0610623136491;0;0;0;0.0459420153469;0;0;0;0,53237.10671447567,0.005,79,3e-06,1.442375586935724,,0.000484839581017339,0.3839499999999987,ok,same_stridge_core,Hx;D_x^1.286076 H;H*Hxx,0.03483981092436976,0.963241626505443
0.7392574563505299,1.0222367618709671,0.0,-1.066850658637297,0;0;-1.06685065864;0;0;0;0;0.0727307840168;0;0;0;0,53570.689161605624,0.005,80,3e-06,1.2602351423875497,,0.0004536784982682647,0.3830440000000017,ok,same_stridge_core,Hx;H*Hxx,0.02800000000000001,0.938811007417916
0.5135099550790905,1.3651078561345975,1.510526091332058,-1.975749086591905,-0.123468141136;0;-1.97574908659;1.51052609133;-18.9583978258;0;-0.555786696055;-1.35040726183;1.04766270501;0.0527925004189;0.0779654310463;0.0272550924609,53120.166080799914,0.005,81,3e-06,3.7428621486226583,,0.002393699349988928,0.37302760000000035,ok,same_stridge_core,1;Hx;D_x^1.365108 H;Hxxx;H*Hx;H*Hxx;H*Hxxx;H^2*Hx;H^2*Hxx;H^2*Hxxx,0.0330701754385965,2.149257166198661
0.7286237146657356,1.2584077627688526,0.07591503173200191,-1.1730016135977712,0;0;-1.1730016136;0.075915031732;-0.485163069534;0;0;0.0375677230856;0;0;0;0,53277.04023068208,0.005,82,3e-06,1.5624741458038287,,0.000436745150915794,0.36096479999999787,ok,same_stridge_core,Hx;D_x^1.258408 H;Hxxx;H*Hxx,0.014954575819164742,0.9231496630356437
0.7648870088397672,1.7360746506923752,0.22387721920891798,-0.8824489918710529,0.0863217751313;-0.0116661792826;-0.882448991871;0.223877219209;4.50281291353;0;-0.0145483954866;-0.0417962579003;-1.09090796362;0;0.0106451757525;0.0858682569887,54051.586499787256,0.005,83,3e-06,2.366434661986508,,0.00028870394059693526,0.36861689999999925,ok,same_stridge_core,1;H;Hx;D_x^1.736075 H;Hxxx;H*Hx;H*Hxx;H*Hxxx;H^2*Hxx;H^2*Hxxx,0.005,0.7448870669928909
0.6513579407865343,1.1573157508658127,0.20942933816839307,-1.5969244844579427,0;0;-1.59692448446;0.209429338168;0;0;0;-0.0666734163916;-0.277973094484;0;0;0,53413.82031119064,0.005,84,3e-06,2.0317628976379423,,0.001005590682776632,0.4048156999999968,ok,same_stridge_core,Hx;D_x^1.157316 H;H*Hxx;H*Hxxx,0.01457066636948189,1.3907970539036547
0.6179321120271493,1.8338381495926948,0.3590467926827082,-1.4902825744406323,0;0;-1.49028257444;0.359046792683;0;0;0;-0.505223787574;0;0;0.0556784198944;0,57286.430351472234,0.005,85,3e-06,3.239172684602644,,0.003264180997427743,0.13014989999999926,ok,same_stridge_core,Hx;D_x^1.833838 H;H*Hxx;H^2*Hxx,0.039277882165845095,2.551735520384977
0.13668014758538355,1.0325797663113807,2.182262191120654,-5.085581664883104,0.559260970543;-0.477360414486;-5.08558166488;2.18226219112;-128.139722632;0.0420402966018;-2.43801313164;-5.85055043069;14.4162588202;0.256652785233;0.440387322615;-0.534715714195,53559.71631820011,0.005,86,3e-06,11.391018740902073,,0.047608993454196176,0.26025450000000205,ok,same_stridge_core,1;H;Hx;D_x^1.03258 H;Hxxx;H^2;H*Hx;H*Hxx;H*Hxxx;H^2*Hx;H^2*Hxx;H^2*Hxxx,0.005,9.462868953446868
0.6773735379156557,1.1138324528731158,0.09958787315805406,-1.387472542899474,0;0;-1.3874725429;0.0995878731581;0;0;0;0;-0.146791804173;0;0;0,53467.58668492317,0.005,87,3e-06,1.6771169277479028,,0.0007470144415991531,0.3670706999999993,ok,same_stridge_core,Hx;D_x^1.113832 H;H*Hxxx,0.015,1.1959086475835943
0.6661987651290775,1.7647700476431147,0.7053402261005404,-1.3419226672009827,0;0;-1.3419226672;0.705340226101;0;0;0;-0.481523925232;0.135055004231;0;0.0485049949946;0,54682.41113360713,0.005,88,3e-06,2.3289745643820963,,0.0011633338591862494,0.35964590000000385,ok,same_stridge_core,Hx;D_x^1.76477 H;H*Hxx;H*Hxxx;H^2*Hxx,0.03595238095238091,1.5087383973779895
0.689654194880255,1.682146737230178,0.23063432517036916,-1.2484047430303797,0;0;-1.24840474303;0.23063432517;0;0;0;0;0;0;0;0,53354.70413458567,0.005,89,3e-06,1.7809759194280077,,0.0011042659437104285,0.3631503000000009,ok,same_stridge_core,Hx;D_x^1.682147 H,0.035,1.4608476946204936
0.8358392312034816,1.7424562287228047,-0.24527500162661364,-0.5901930684172856,0.158474941107;-0.0231522859777;-0.590193068417;-0.245275001627;5.07099487643;0;-0.0205591012249;0.210863858007;-1.11807105841;0;-0.00796843848765;0.0836298305077,54173.00307481004,0.005,90,3e-06,2.610245374250135,,0.0005113744187192255,0.3809567000000058,ok,same_stridge_core,1;H;Hx;D_x^1.742456 H;Hxxx;H*Hx;H*Hxx;H*Hxxx;H^2*Hxx;H^2*Hxxx,0.005,0.9850552820058338
0.8123021829682391,1.2187789875127044,-0.11213979610454707,-0.7689614824061329,0;0;-0.768961482406;-0.112139796105;0;0;0;0.143497433316;0.0762717199534;0;0;0,53332.51996130865,0.005,91,3e-06,1.7318230996761868,,0.0006168647866107782,0.37647770000000236,ok,same_stridge_core,Hx;D_x^1.218779 H;H*Hxx;H*Hxxx,0.030000000000000002,1.0918328601404828
0.8272313940622935,1.6067190684000867,0.0,-0.7719074882818101,0.0395371487142;0;-0.771907488282;0;0;0;0;0.14796656775;0.189485513315;0;0;0,52987.57276562515,0.005,92,3e-06,1.6799201983050085,,0.0005655919625644723,0.28251800000000316,ok,same_stridge_core,1;Hx;H*Hxx;H*Hxxx,0.025,1.0440693251175068
0.7242391883201452,1.0552730232656242,0.03717521954281938,-1.176136879377795,0;0;-1.17613687938;0.0371752195428;-0.520209643515;0;0;0.047365730441;0;0;0;0,53535.05522083672,0.005,93,3e-06,1.593037321094891,,0.00046243001220034116,0.3798004000000006,ok,same_stridge_core,Hx;D_x^1.055273 H;Hxxx;H*Hxx,0.015,0.9506166584448501
0.6270071345120991,1.6736212869343405,2.73637737395182,-0.9978072798372001,0;0;-0.997807279837;2.73637737395;13.6836441488;0;-0.358372513674;-1.40163893007;-5.84876441819;0.0295678319123;0.103111214668;0.528923692959,53286.31850834319,0.005,94,3e-06,2.931307774243824,,0.0011403359426088492,0.26872370000000245,ok,same_stridge_core,Hx;D_x^1.673621 H;Hxxx;H*Hx;H*Hxx;H*Hxxx;H^2*Hx;H^2*Hxx;H^2*Hxxx,0.01,1.4925771745185579
0.8102374033138917,1.497406469435127,-0.04189648282348166,-0.7990629582878842,0.0366122018576;0;-0.799062958288;-0.0418964828235;0.448060708773;0;0;0.150793557437;0.112538458378;0;0;0,52952.16378805275,0.005,95,3e-06,1.9013766310643168,,0.0004631709473896355,0.36861039999999434,ok,same_stridge_core,1;Hx;D_x^1.497406 H;Hxxx;H*Hxx;H*Hxxx,0.03394736842105264,0.9482376828793674
0.814483779559603,1.4250173230282634,-0.08722691756420185,-0.7585270812142388,0.036946465852;0;-0.758527081214;-0.0872269175642;0.699066627461;0;0;0.167596493271;0.0921122133321;0;0;0,53034.45081081601,0.005,96,3e-06,1.9085865611414263,,0.00046667623914480245,0.37636149999999446,ok,same_stridge_core,1;Hx;D_x^1.425017 H;Hxxx;H*Hxx;H*Hxxx,0.03263157894736842,0.953966446546738
0.5555385997595265,1.8979235825722076,1.2320937070278553,-1.7823194634574473,-0.0570391769474;0;-1.78231946346;1.23209370703;0;0;0;-1.12113455343;0;0;0.104979556028;0,60672.4445052221,0.005,97,3e-06,4.632528758662136,,0.007175897698109978,0.14122030000000052,ok,same_stridge_core,1;Hx;D_x^1.897924 H;H*Hxx;H^2*Hxx,0.025,3.7224420910838054
0.7500973120525848,1.4659261938510495,0.2422532643343177,-1.159807956794696,0;0;-1.15980795679;0.242253264334;-0.619935378331;0;0;0;0;0;0;0,52983.212484855896,0.005,98,3e-06,1.4721269748271322,,0.0005042825481806492,0.36236620000000386,ok,same_stridge_core,Hx;D_x^1.465926 H;Hxxx,0.015,0.9952780624634291
0.3633327177657957,1.2167907945931935,1.8176305209776549,-2.781938591649055,0.0566665799945;-0.07085628529;-2.78193859165;1.81763052098;-42.9222021378;0;-1.13644742542;-2.80402578574;2.70274011009;0.108715269179;0.167819304224;0.0311611160344,53335.24338416279,0.005,99,3e-06,5.696855883649972,,0.008141834368026781,0.37082769999999954,ok,same_stridge_core,1;H;Hx;D_x^1.216791 H;Hxxx;H*Hx;H*Hxx;H*Hxxx;H^2*Hx;H^2*Hxx;H^2*Hxxx,0.05999999999999999,3.9367928519726
0.7281318288662083,1.214946787269349,0.06403626353778022,-1.171799360124994,0;0;-1.17179936012;0.0640362635378;-0.49516940608;0;0;0.0406953966863;0;0;0;0,53337.76402728676,0.005,100,3e-06,1.5676758491377072,,0.00044060018692927867,0.37507540000000006,ok,same_stridge_core,Hx;D_x^1.214947 H;Hxxx;H*Hxx,0.015,0.9276226808102662
0.06169319625471509,1.229469490117102,5.61619875829002,-7.041684800857345,-0.700483023082;-0.0366714811083;-7.04168480086;5.61619875829;-166.990201867;0;-2.96013027364;-8.01884679825;18.6511657675;0.3030792797;0.489206904248;-0.626079031554,53317.77374616048,0.005,101,3e-06,13.905163657879626,,0.07875974002310009,0.3854141999999996,ok,same_stridge_core,1;H;Hx;D_x^1.229469 H;Hxxx;H*Hx;H*Hxx;H*Hxxx;H^2*Hx;H^2*Hxx;H^2*Hxxx,0.12500000000000003,12.14567712425633
0.7682177799061628,1.4240235228393283,0.0,-0.9987318291897813,0;0;-0.99873182919;0;-0.219788510919;0;0;0.0816493338835;0;0;0;0,53035.79722372761,0.005,102,3e-06,1.4486568176243022,,0.0004772884308198901,0.3832279000000014,ok,same_stridge_core,Hx;Hxxx;H*Hxx,0.035488639900404614,0.9713346426107536
0.707135144559166,1.8396273454328331,-0.08805599611272048,-1.153679077356443,0;0;-1.15367907736;-0.0880559961127;0;0;0;0.0736289345125;0;0;0;0,57576.628076745474,0.005,103,3e-06,1.7129010083891314,,0.0007417378667351505,0.37330080000000265,ok,same_stridge_core,Hx;D_x^1.839627 H;H*Hxx,0.030000000000000002,1.1947113556984221
0.792334331571052,1.1162840233091182,0.0,-0.9413184667289757,0;0;-0.941318466729;0;-0.318046948816;0;0;0.0889629821899;0;0;0;0,53464.639123414476,0.005,104,3e-06,1.6122938744451738,,0.0006445329668375257,0.3940148000000008,ok,same_stridge_core,Hx;Hxxx;H*Hxx,0.035,1.1311121223344436
0.7030268411044676,1.5042402371586885,0.19799729515408118,-1.2509130889972242,0;0;-1.250913089;0.197997295154;0;0;0;0;-0.0508358134249;0;0;0,52946.831686879974,0.005,105,3e-06,1.5964974049048062,,0.0006514844964614454,0.38644149999999655,ok,same_stridge_core,Hx;D_x^1.50424 H;H*Hxxx,0.020433643905114506,1.1199759197228865
0.7902640105866864,1.298912849760456,-0.04895680212276178,-0.8352535804797512,0.030254319771;0;-0.83525358048;-0.0489568021228;0.916814482803;0;0;0.142585821621;0.0294421304822;0;0;0,53218.30999399506,0.005,106,3e-06,1.7965306108532029,,0.0003628499944856272,0.36617899999999537,ok,same_stridge_core,1;Hx;D_x^1.298913 H;Hxxx;H*Hxx;H*Hxxx,0.02575000000000001,0.8386010309612917
0.5986458441074002,1.2212464178109421,0.4497915446710866,-1.9816605285978728,0;0;-1.9816605286;0.449791544671;0;0;0;-0.193379580576;-0.446463933633;0;0;0,53329.1316026735,0.005,107,3e-06,2.7042373820650023,,0.0022589068604206702,0.3848501000000013,ok,same_stridge_core,Hx;D_x^1.221246 H;H*Hxx;H*Hxxx,0.029369641246044402,2.0642878028329203
0.727200236146629,1.4622483904323564,0.16068809959656774,-1.1783926661685822,0;0;-1.17839266617;0.160688099597;-0.324472275409;0;0;0.0187201513837;0;0;0;0,52987.40610709107,0.005,108,3e-06,1.5625507978650721,,0.0004443867719246702,0.372637399999995,ok,same_stridge_core,Hx;D_x^1.462248 H;Hxxx;H*Hxx,0.014565016869287645,0.9267019245799791
0.773638101328767,1.0407451041746394,0.0,-0.9855906327135081,0;0;-0.985590632714;0;-0.242102221828;0;0;0.0833653314382;0;0;0;0,53550.93641695277,0.005,109,3e-06,1.4821054537802167,,0.0005051752802695513,0.37926499999999663,ok,same_stridge_core,Hx;Hxxx;H*Hxx,0.024452731650874058,1.000147026027642
0.7301415416460433,1.5956391079164511,0.26020122981190297,-1.1286164016539726,0.0151077979023;0;-1.12861640165;0.260201229812;0.0941368963953;0;0;-0.0901085054438;0.0775688793835;0;0.0140155005639;0,52966.62670721188,0.005,110,3e-06,1.9466553300830034,,0.00035968373058114844,0.37007460000000236,ok,same_stridge_core,1;Hx;D_x^1.595639 H;Hxxx;H*Hxx;H*Hxxx;H^2*Hxx,0.005,0.8343561692315536
0.781234674806953,1.2358503495083717,0.0,-0.9674061140658594,0;0;-0.967406114066;0;-0.273153009414;0;0;0.0856992351582;0;0;0;0,53308.89220165235,0.005,111,3e-06,1.528200113280706,,0.0005542574145757328,0.3711375999999973,ok,same_stridge_core,Hx;Hxxx;H*Hxx,0.025,1.0484200834658348
0.6916414780610941,1.0808276856663643,0.0953363808859433,-1.3592537429605165,0;0;-1.35925374296;0.0953363808859;0;0;0;0;-0.187174932174;0;0;0,53506.30100851102,0.005,112,3e-06,1.5769297969187632,,0.0006062075998955859,0.37055540000000065,ok,same_stridge_core,Hx;D_x^1.080828 H;H*Hxxx,0.015,1.095373087842164
0.7920745305090077,1.3541755784651388,-0.050519671117900074,-0.8349383817502775,0.0311714452356;0;-0.83493838175;-0.0505196711179;0.829130245812;0;0;0.143661164612;0.0407913775316;0;0;0,53136.367092654655,0.005,113,3e-06,1.8086737878401342,,0.0003741472402724792,0.37773290000000515,ok,same_stridge_core,1;Hx;D_x^1.354176 H;Hxxx;H*Hxx;H*Hxxx,0.022928571428571454,0.8522191801723505
0.2325271360051937,1.2506312477038712,3.4618027845481256,-4.067276038209006,-0.176617533066;-0.0651950266624;-4.06727603821;3.46180278455;-80.5400151603;0;-1.87594006844;-4.76227241774;6.45124983456;0.183356830996;0.283517241521;-0.0630494233935,53288.098347361214,0.005,114,3e-06,8.340773642356217,,0.02292921572175198,0.37999230000000495,ok,same_stridge_core,1;H;Hx;D_x^1.250631 H;Hxxx;H*Hx;H*Hxx;H*Hxxx;H^2*Hx;H^2*Hxx;H^2*Hxxx,0.12000000000000004,6.5822663968932975
0.682904307304649,1.0345680147583038,0.08570588908286038,-1.3863077443808383,0;0;-1.38630774438;0.0857058890829;0;0;0;0;-0.192096634199;0;0;0,53557.58800219234,0.005,115,3e-06,1.6308845156635912,,0.0006705444619651136,0.3947001999999955,ok,same_stridge_core,Hx;D_x^1.034568 H;H*Hxxx,0.02,1.14886622364386
0.5862515223773657,1.423679280429829,1.182614502489928,-1.5651017077882419,-0.0643454878172;0;-1.56510170779;1.18261450249;-8.51644189524;0;-0.358815226165;-0.893677570725;-0.153155999549;0.0330625512382;0.0540905322231;0.0771986300959,53036.26435247853,0.005,116,3e-06,3.1494348742549856,,0.001252858077531983,0.13282449999999812,ok,same_stridge_core,1;Hx;D_x^1.423679 H;Hxxx;H*Hx;H*Hxx;H*Hxxx;H^2*Hx;H^2*Hxx;H^2*Hxxx,0.018265306122448983,1.5583469436806299
0.8110787359676932,1.169254974182046,-0.09395040320049268,-0.7753393677685512,0;0;-0.775339367769;-0.0939504032005;0;0;0;0.138026738115;0.0810301236696;0;0;0,53398.507378614835,0.005,117,3e-06,1.711619031991066,,0.0005943217416684125,0.3789116999999962,ok,same_stridge_core,Hx;D_x^1.169255 H;H*Hxx;H*Hxxx,0.030000000000000002,1.070836943447688
0.758549162392606,1.3578722993095054,0.03446777032466461,-0.993517908602788,0.0233532296365;0;-0.993517908603;0.0344677703247;0.634530600536;0;0;0.0933695235416;-0.00652739019289;0;0;0,53130.881272893435,0.005,118,3e-06,1.7561024219443035,,0.0003324026604984937,0.39485120000000506,ok,same_stridge_core,1;Hx;D_x^1.357872 H;Hxxx;H*Hxx;H*Hxxx,0.015,0.7997465590322217
0.7657205848263626,1.6801942980880993,0.0,-1.004833058463838,0;0;-1.00483305846;0;-0.209464878216;0;0;0.0808443795614;0;0;0;0,53338.24304972832,0.005,119,3e-06,1.439982713661056,,0.0004665964959720738,0.38083790000000306,ok,same_stridge_core,Hx;Hxxx;H*Hxx,0.032051282051282035,0.9599385262135011
0.6805718937971761,1.1809904843466161,0.10915342362058689,-1.3624622223663871,0;0;-1.36246222237;0.109153423621;0.408276526278;0;0;0;-0.185576617585;0;0;0,53383.22704941983,0.005,120,3e-06,1.8200480702431994,,0.0007288129395907115,0.3845635999999999,ok,same_stridge_core,Hx;D_x^1.18099 H;Hxxx;H*Hxxx,0.015,1.1794493456501614
0.8248390113679211,1.632468483306057,0.06349708557423402,-0.7905766412155488,0.0392936801881;0;-0.790576641216;0.0634970855742;0.0674539562797;0;0;0.132206360612;0.177956851623;0;0;0,53062.10395579412,0.005,121,3e-06,1.9785743006087069,,0.0005454970347675821,0.3906472999999977,ok,same_stridge_core,1;Hx;D_x^1.632468 H;Hxxx;H*Hxx;H*Hxxx,0.015,1.0234564294044126
0.9002230405882043,1.189565116437756,-0.20585143710454007,-0.8456845190925322,0;0.0147712716316;-0.845684519093;-0.205851437105;5.13893932837;0;0.231324852345;0.333592982016;-0.0323239989823;-0.0200360567296;0;0.00148266596108,53371.92027839803,0.005,122,3e-06,2.019456601570861,,0.00016817443672773388,0.3636758000000029,ok,same_stridge_core,H;Hx;D_x^1.189565 H;Hxxx;H*Hx;H*Hxx;H*Hxxx;H^2*Hx;H^2*Hxxx,0.005,0.5784147540541144
0.7242391883201452,1.2573454971107594,0.08853944416645683,-1.1971809119945012,0;0;-1.19718091199;0.0885394441665;-0.540699465511;0;0;0.0308107082499;0;0;0;0,53278.55534302517,0.005,123,3e-06,1.570419620859041,,0.00044529374385085546,0.2734957999999992,ok,same_stridge_core,Hx;D_x^1.257345 H;Hxxx;H*Hxx,0.02,0.931076956742739
0.7950954882982315,1.121176534925785,0.0,-0.9349168476531664,0;0;-0.934916847653;0;-0.329125235783;0;0;0.0897483160071;0;0;0;0,53458.72685249001,0.005,124,3e-06,1.6344308915216084,,0.0006700365736392088,0.3925053000000034,ok,same_stridge_core,Hx;Hxxx;H*Hxx,0.03993055555555553,1.1533023498491983
0.6914428225404263,1.2466632004725808,0.1296158453743492,-1.3302295027708364,0;0;-1.33022950277;0.129615845374;0;0;0;0;-0.114534092091;0;0;0,53293.71000100782,0.005,125,3e-06,1.5668841975539718,,0.0006168163298203487,0.13482059999999763,ok,same_stridge_core,Hx;D_x^1.246663 H;H*Hxxx,0.025,1.0872408075449014
0.6738287688726101,1.8205387799502288,0.6667435132145549,-1.2917228913944128,0;0;-1.29172289139;0.666743513215;0;0;0;-0.432995628013;0.126826212966;0;0.0452322827615;0,56657.434705818276,0.005,126,3e-06,2.290017028294031,,0.0010557250690687698,0.3758376000000041,ok,same_stridge_core,Hx;D_x^1.820539 H;H*Hxx;H*Hxxx;H^2*Hxx,0.028596491228070193,1.4401555077067565
0.5670294351944193,1.219344206752336,0.5289991280296809,-2.1841656931800317,0;0;-2.18416569318;0.52899912803;-1.65044531912;0;0;-0.516813537665;-0.182750505135;0;0.0339386129922;0,53331.744496045314,0.005,127,3e-06,3.370835355675317,,0.0030499322453581166,0.2874174000000025,ok,same_stridge_core,Hx;D_x^1.219344 H;Hxxx;H*Hxx;H*Hxxx;H^2*Hxx,0.030000000000000002,2.410863954746501
0.7307284236108311,1.114112135352545,0.0,-1.0906831842796736,0;0;-1.09068318428;0;0;0;0;0.069202531222;0;0;0;0,53467.25078894246,0.005,128,3e-06,1.2963036022516938,,0.0004925011959165509,0.3880580000000009,ok,same_stridge_core,Hx;H*Hxx,0.02,0.975500097518039
0.7137086750658466,1.0860049545547779,0.0,-1.139381358348038,0;0;-1.13938135835;0;0;0;0;0.061806665355;0;0;0;0,53500.3465575675,0.005,129,3e-06,1.4409816830191833,,0.0006524787168783885,0.3869277000000011,ok,same_stridge_core,Hx;H*Hxx,0.039289253304015205,1.1199796036737784
0.8435980856871814,1.298905522981399,-0.14598583595558925,-0.611496439378134,0.0400273137951;0;-0.611496439378;-0.145985835956;1.22899205939;0;0;0.205332902081;0.085257283335;0;0;0,53218.3207578172,0.005,130,3e-06,1.9645590981601697,,0.0005212148162235357,0.3803667000000033,ok,same_stridge_core,1;Hx;D_x^1.298906 H;Hxxx;H*Hxx;H*Hxxx,0.015,1.0066293245194602
0.7093408047834273,1.9581522901301676,0.0,-1.150738772064948,0;0;-1.15073877206;0;0.0304332145637;0;0;0.0601363921985;0;0;0;0,62536.769354092445,0.005,131,3e-06,1.7329137048972965,,0.0007131380031325517,0.3857432000000003,ok,same_stridge_core,Hx;Hxxx;H*Hxx,0.02936964512089525,1.1700827807104643
0.7475477501431524,1.5596484063715703,0.11828771061389533,-1.0865381961234273,0;0;-1.08653819612;0.118287710614;-0.214692208976;0;0;0.0438149229848;0;0;0;0,52932.59382387743,0.005,132,3e-06,1.532133641293964,,0.00041237340165775974,0.39884409999999804,ok,same_stridge_core,Hx;D_x^1.559648 H;Hxxx;H*Hxx,0.02,0.8969425154074347
0.7899912657567366,1.0541773271683157,0.0,-0.9467781153123304,0;0;-0.946778115312;0;-0.30861780799;0;0;0.0882883230529;0;0;0;0,53536.26464875121,0.005,133,3e-06,1.5945435059605555,,0.0006237967921949014,0.40678979999999854,ok,same_stridge_core,Hx;Hxxx;H*Hxx,0.03998611111111108,1.1127171241217946
0.792334331571052,1.0432288156621463,0.0,-0.9413184667289757,0;0;-0.941318466729;0;-0.318046948816;0;0;0.0889629821899;0;0;0;0,53548.24492769232,0.005,134,3e-06,1.6130463266836745,,0.0006445329668375257,0.2692690000000013,ok,same_stridge_core,Hx;Hxxx;H*Hxx,0.0468888888888889,1.1311121223344436
0.7639508498677123,1.3953301153441082,0.0,-1.0091749608244143,0;0;-1.00917496082;0;-0.202132071695;0;0;0.0802683856006;0;0;0;0,53076.00319065471,0.005,135,3e-06,1.4303377187018618,,0.00045988138061827814,0.3741004000000032,ok,same_stridge_core,Hx;Hxxx;H*Hxx,0.024524016390181803,0.9526536899859693
0.7642940611809811,1.0525214999908776,0.0,-1.0083317465078143,0;0;-1.00833174651;0;-0.203555109472;0;0;0.080380452207;0;0;0;0,53538.08867817864,0.005,136,3e-06,1.4358559947856135,,0.0004611267106331576,0.3695278000000002,ok,same_stridge_core,Hx;Hxxx;H*Hxx,0.030061919176502513,0.9540131966820058
0.6769808806283386,1.9063409257274353,0.0,-1.2604616009310967,0;0;-1.26046160093;0;0;0;0;-0.144702922484;0;0;0.0231199085051;0,61067.9557677583,0.005,137,3e-06,2.040715943050253,,0.0011221476375937107,0.3643924999999939,ok,same_stridge_core,Hx;H*Hxx;H^2*Hxx,0.015,1.4911043411404283
0.7236696893390963,1.298069131053814,0.08918399363051015,-1.1872458399754307,0;0;-1.18724583998;0.0891839936305;0;0;0;0.0309566512279;-0.0737736691272;0;0;0,53219.54981754421,0.005,138,3e-06,1.574332875828877,,0.0004476685744234331,0.27580730000000386,ok,same_stridge_core,Hx;D_x^1.298069 H;H*Hxx;H*Hxxx,0.015,0.9356982780183466
0.7428101492492241,1.178040217925309,0.0,-1.0570344695661014,0;0;-1.05703446957;0;0;0;0;0.0741660810717;0;0;0;0,53387.08962857256,0.005,139,3e-06,1.2511454817315784,,0.00044477430052251794,0.3576213999999993,ok,same_stridge_core,Hx;H*Hxx,0.02,0.9308229439601429
0.8165291305197664,1.6254598683444204,0.0,-0.8031226508142937,0.0364110078821;0;-0.803122650814;0;0;0;0;0.141239460097;0.173348431048;0;0;0,53037.767272458426,0.005,140,3e-06,1.6195995081741266,,0.0005022627605616257,0.1340528000000063,ok,same_stridge_core,1;Hx;H*Hxx;H*Hxxx,0.030000000000000002,0.9831463009046254
0.781234674806953,1.3410152379043496,0.0,-0.9674061140658594,0;0;-0.967406114066;0;-0.273153009414;0;0;0.0856992351582;0;0;0;0,53155.9306978496,0.005,141,3e-06,1.5268234597464811,,0.0005542574145757328,0.26786010000000005,ok,same_stridge_core,Hx;Hxxx;H*Hxx,0.05080086580086579,1.0484200834658348
0.6417038132078623,1.8840934337624098,0.0,-1.3519858242203309,0;0;-1.35198582422;0;0.63087045964;0;0;-0.283643972001;0;0;0.0385480103044;0,59965.247127585026,0.005,142,3e-06,2.7413782223258716,,0.0021039099415334135,0.38558290000000284,ok,same_stridge_core,Hx;Hxxx;H*Hxx;H^2*Hxx,0.03061488963711186,2.021795256794851
0.8666020483388206,1.1746612184176943,-0.1630243572995154,-0.571373276787053,0;0;-0.571373276787;-0.1630243573;0;0;0;0.182267527095;0.144925770812;0;0;0,53391.49618284129,0.005,143,3e-06,1.920416753700958,,0.000862467588190224,0.389370999999997,ok,same_stridge_core,Hx;D_x^1.174661 H;H*Hxx;H*Hxxx,0.06925396825396823,1.2797187995068626
0.7168494533319197,1.3636778785599355,0.17471289699043185,-1.2490720772293071,0;0;-1.24907207723;0.17471289699;0;0;0;0;-0.0971254126712;0;0;0,53122.28097476034,0.005,144,3e-06,1.4435565646053679,,0.00047859329190853486,0.3795506999999958,ok,same_stridge_core,Hx;D_x^1.363678 H;H*Hxxx,0.015,0.9654560358325249
0.6827773755165162,1.4208463505193973,0.4219799011812619,-1.107459937609743,0.0825150565126;-0.0174565572192;-1.10745993761;0.421979901181;1.70717303179;0;-0.138312478698;-0.353338228937;-1.20491433331;0.0111382149849;0.0275633200589;0.112850418845,53040.12569116936,0.005,145,3e-06,2.7386931802461953,,0.0005034592032963123,0.37128709999999643,ok,same_stridge_core,1;H;Hx;D_x^1.420846 H;Hxxx;H*Hx;H*Hxx;H*Hxxx;H^2*Hx;H^2*Hxx;H^2*Hxxx,0.005,0.9883690324376065
0.7223600108228103,1.611351742602242,0.2725445148367301,-1.1757800856088154,0;0;-1.17578008561;0.272544514837;0;0;0;0;0;0;0;0,52998.13858449904,0.005,146,3e-06,1.3249130341070168,,0.000530172401595408,0.374034800000004,ok,same_stridge_core,Hx;D_x^1.611352 H,0.03433641820053586,1.0069242026000225
0.7398190244453802,1.2106196023192486,0.0509491545579644,-1.0857333032114844,0.0183693042609;0;-1.08573330321;0.050949154558;0.243435195531;0;0;0.0717289028189;0;0;0;0,53343.65838172265,0.005,147,3e-06,1.6330415802699596,,0.0003615277944652176,0.38119230000000215,ok,same_stridge_core,1;Hx;D_x^1.21062 H;Hxxx;H*Hxx,0.01,0.83288670454412
0.69084194880684,1.3578722993095054,0.22948114938333336,-1.3324722380792635,0.0119825103404;0;-1.33247223808;0.229481149383;0;0;0;-0.137488327621;0;0;0.0153666653106;0,53130.881272893435,0.005,148,3e-06,1.8243205928519803,,0.0005532305821089043,0.1432356999999982,ok,same_stridge_core,1;Hx;D_x^1.357872 H;H*Hxx;H^2*Hxx,0.01,1.0273573737585788
0.7657205848263626,1.237528048613668,0.0,-1.0048330584638385,0;0;-1.00483305846;0;-0.209464878216;0;0;0.0808443795614;0;0;0;0,53306.54734533317,0.005,149,3e-06,1.4396974523214996,,0.0004665964959720739,0.27212829999999855,ok,same_stridge_core,Hx;Hxxx;H*Hxx,0.024641025641025657,0.9599385262135011
0.7644583507045871,1.0304450929661129,0.0,-1.0079283086548565,0;0;-1.00792830865;0;-0.20423623106;0;0;0.0804340345583;0;0;0;0,53561.99457505227,0.005,150,3e-06,1.4367312442999811,,0.00046173270646729695,0.3582004000000012,ok,same_stridge_core,Hx;Hxxx;H*Hxx,0.029434254205408895,0.9546732931245108
0.7146308692831097,1.208890403170442,0.13057432387932788,-1.286451012781746,0;0;-1.28645101278;0.130574323879;0;0;0;0;-0.162855411073;0;0;0,53346.00591537227,0.005,151,3e-06,1.5209064897774223,,0.0005436671677857938,0.3579257000000027,ok,same_stridge_core,Hx;D_x^1.20889 H;H*Hxxx,0.014470547080833325,1.0407924365390717
0.7596996868960169,1.2574010801847977,0.0,-1.0196661941745493,0;0;-1.01966619417;0;-0.184462120638;0;0;0.0788658946038;0;0;0;0,53278.47610345265,0.005,152,3e-06,1.4175650440521035,,0.0004467910986958267,0.3515822999999969,ok,same_stridge_core,Hx;Hxxx;H*Hxx,0.02,0.9380587591210297
0.8322639122014155,1.1755985054773002,-0.12400138152063733,-0.6928922823769548,0;0;-0.692892282377;-0.124001381521;0;0;0;0.156819167927;0.107907048684;0;0;0,53390.275797620016,0.005,153,3e-06,1.7913961126034397,,0.0006909056402165584,0.3745118000000005,ok,same_stridge_core,Hx;D_x^1.175599 H;H*Hxx;H*Hxxx,0.034326777546898925,1.1507128030319995
0.7422596950299993,1.0294594648784716,0.0,-1.0636238601058512,0;0;-1.06362386011;0;-0.111174578825;0;0;0.0728284154825;0;0;0;0,53563.04409584168,0.005,154,3e-06,1.4112996337660966,,0.0004431059764862292,0.3639534999999938,ok,same_stridge_core,Hx;Hxxx;H*Hxx,0.015476190476190477,0.9292322369035215
0.7332131274807465,1.2466632004725808,0.05929049075309176,-1.1469731054422951,0;0;-1.14697310544;0.0592904907531;-0.429190248056;0;0;0.0455647398804;0;0;0;0,53293.71000100782,0.005,155,3e-06,1.558188644621642,,0.00043148846572105195,0.14863540000000341,ok,same_stridge_core,Hx;D_x^1.246663 H;Hxxx;H*Hxx,0.015416156309549227,0.918664124609548
0.814483779559603,1.688028286733456,0.1236660291555441,-0.8265829618741026,0.0359753659807;0;-0.826582961874;0.123666029156;0.154759590087;0;0;0.11363483708;0.15048998535;0;0;0,53407.33499172755,0.005,156,3e-06,1.9136876814183719,,0.0004746149559067095,0.27639210000000247,ok,same_stridge_core,1;Hx;D_x^1.688028 H;Hxxx;H*Hxx;H*Hxxx,0.024407330665317133,0.952355651567276
0.7629808245529577,1.0755937523556949,0.0,-1.0115611850964679,0;0;-1.0115611851;0;-0.198106849718;0;0;0.0799507210459;0;0;0;0,53512.27635670024,0.005,157,3e-06,1.430564279013096,,0.00045651160498931157,0.3591058000000018,ok,same_stridge_core,Hx;Hxxx;H*Hxx,0.02,0.9489537918027937
0.7231943936660031,1.102012671773038,0.0,-1.112051331231734,0;0;-1.11205133123;0;0;0;0;0.0659876745983;0;0;0;0,53481.6577876444,0.005,158,3e-06,1.3491162470173585,,0.0005489219091377124,0.34867760000000203,ok,same_stridge_core,Hx;H*Hxx,0.03927790990755274,1.0282263002914922
0.6951354641187029,1.0855285440182314,0.08147816422527994,-1.3228682727597472,0;0;-1.32286827276;0.0814781642253;0;0;0;0.0112354173016;-0.152363586132;0;0;0,53500.89639797836,0.005,159,3e-06,1.7040254910878636,,0.0005747899042025408,0.3645576999999989,ok,same_stridge_core,Hx;D_x^1.085529 H;H*Hxx;H*Hxxx,0.01,1.0620147343121233
0.733432059559841,1.133974281979598,0.0,-1.0830875394216788,0;0;-1.08308753942;0;0;0;0;0.0703336527768;0;0;0;0,53443.07326142626,0.005,160,3e-06,1.2818477973723352,,0.00047742825126706787,0.35968679999999864,ok,same_stridge_core,Hx;H*Hxx,0.030000000000000002,0.9611893578037778
0.7514245074590096,1.2355025453830686,0.1708991834622742,-1.2303720579352377,0;0;-1.23037205794;0.170899183462;-2.24525809803;0;0;0;0.143336435907;0;0;0,53309.37782591608,0.005,161,3e-06,1.879031672777269,,0.000787636795330219,0.3566436000000053,ok,same_stridge_core,Hx;D_x^1.235503 H;Hxxx;H*Hxxx,0.02,1.2393191388662759
0.7540285738134825,1.5236533117808704,0.27017537114644374,-1.1351150295891461,0;0;-1.13511502959;0.270175371146;-0.495016837052;0;0;0;0;0;0;0,52935.26792284667,0.005,162,3e-06,1.4608890092689941,,0.0004944430349670269,0.3700692000000032,ok,same_stridge_core,Hx;D_x^1.523653 H;Hxxx,0.029570454962611816,0.984471597963374
0.7899912657567366,1.665390557645783,0.1539891505474875,-0.9738358997986925,0;0;-0.973835899799;0.153989150547;-0.308999324713;0;0;0.0542576382706;0;0;0;0,53228.40302156068,0.005,163,3e-06,1.7246003499290192,,0.0005982326673556074,0.27059459999999547,ok,same_stridge_core,Hx;D_x^1.665391 H;Hxxx;H*Hxx,0.02962292609351432,1.085859513670291
0.7374415498173922,1.1413090699034505,0.0,-1.0718931971875985,0;0;-1.07189319719;0;0;0;0;0.0719893850855;0;0;0;0,53433.978688072275,0.005,164,3e-06,1.2651490043121294,,0.0004598363822920928,0.36023469999999946,ok,same_stridge_core,Hx;H*Hxx,0.029919728358061684,0.9445451321836957
0.7406314640246671,1.3307387083442117,0.0,-1.0678041404525465,0;0;-1.06780414045;0;-0.104268603808;0;0;0.0722410383642;0;0;0;0,53171.21512464343,0.005,165,3e-06,1.4116651217522591,,0.00044730163947858347,0.373619699999999,ok,same_stridge_core,Hx;Hxxx;H*Hxx,0.02552470823523455,0.9331241856304683
0.7366397088054947,1.1449862538073003,0.0,-1.0741252370081427,0;0;-1.07412523701;0;0;0;0;0.0716603283181;0;0;0;0,53429.385521138465,0.005,166,3e-06,1.2680111075968985,,0.0004629099211889541,0.3848959999999977,ok,same_stridge_core,Hx;H*Hxx,0.03019507575757576,0.9474347944700676
0.7196157247965254,1.7552537020632433,0.46024059861833294,-1.1675605048014954,0;0;-1.1675605048;0.460240598618;-0.247344847998;0;0;-0.203524714341;0.0988508388243;0;0.0225463198847;0,54448.08631223189,0.005,167,3e-06,1.9181991338176205,,0.00044578746139598284,0.2548341999999977,ok,same_stridge_core,Hx;D_x^1.755254 H;Hxxx;H*Hxx;H*Hxxx;H^2*Hxx,0.01,0.9381335801974463
0.7719889201272031,1.1296594205790003,0.0,-0.989574238227251,0;0;-0.989574238227;0;-0.235326818153;0;0;0.0828477252598;0;0;0;0,53448.381666963185,0.005,168,3e-06,1.4718643751261533,,0.0004960327028393023,0.37193839999999767,ok,same_stridge_core,Hx;Hxxx;H*Hxx,0.02701127819548872,0.9908289401234845
0.7341957910394383,1.1205778904675499,0.0,-1.0809487961191322,0;0;-1.08094879612;0;0;0;0;0.0706510333956;0;0;0;0,53459.45251902199,0.005,169,3e-06,1.2783526893864072,,0.00047364470656521623,0.4027572000000035,ok,same_stridge_core,Hx;H*Hxx,0.03432698318142764,0.9575959742722753
0.7443113709491601,1.1890688793598363,0.037227069611620575,-1.0590816598748198,0.0194449219842;0;-1.05908165987;0.0372270696116;0.337060207642;0;0;0.0799729479849;0;0;0;0,53372.57788456218,0.005,170,3e-06,1.6255378349384544,,0.0003540807983201663,0.3935358000000022,ok,same_stridge_core,1;Hx;D_x^1.189069 H;Hxxx;H*Hxx,0.015,0.8249491666700215
0.781234674806953,1.0748992548569105,0.0,-0.9674061140658594,0;0;-0.967406114066;0;-0.273153009414;0;0;0.0856992351582;0;0;0;0,53513.065889942394,0.005,171,3e-06,1.5300376764753163,,0.0005542574145757328,0.2755974000000023,ok,same_stridge_core,Hx;Hxxx;H*Hxx,0.03970833333333332,1.0484200834658348
0.7454524463287339,1.0520205690639655,0.015295472480562889,-1.0372248988184403,0.0201958706752;0;-1.03722489882;0.0152954724806;0.742452414464;0;0;0.0884825133351;-0.0534193058911;0;0;0,53538.63974728406,0.005,172,3e-06,1.7927429501682988,,0.00035524160280631025,0.37914169999999814,ok,same_stridge_core,1;Hx;D_x^1.052021 H;Hxxx;H*Hxx;H*Hxxx,0.01,0.8290474347171858
0.7659643420856721,1.1748166102666535,0.0,-1.0042361910080422,0;0;-1.00423619101;0;-0.21047368794;0;0;0.0809233556262;0;0;0;0,53391.2939396775,0.005,173,3e-06,1.4415160309516586,,0.00046757806242708766,0.3587378000000001,ok,same_stridge_core,Hx;Hxxx;H*Hxx,0.03242394179894178,0.9609943854945612
0.7569778963934091,1.6966277923737882,0.3632358403980327,-1.0811424120615993,0;0;-1.08114241206;0.363235840398;-0.167660171835;0;0;0;0;0;0;0,53493.065025171636,0.005,174,3e-06,1.4194824862873505,,0.00045291554468353777,0.37146489999999943,ok,same_stridge_core,Hx;D_x^1.696628 H;Hxxx,0.020436239849475152,0.9380449010608058
0.682904307304649,1.224131422868975,0.1730847026632066,-1.4125179333121396,0;0;-1.41251793331;0.173084702663;0;0;0;-0.0267081107218;-0.17550211752;0;0;0,53325.158261179575,0.005,175,3e-06,1.765777707856592,,0.0006571130515647716,0.2652414999999948,ok,same_stridge_core,Hx;D_x^1.224131 H;H*Hxx;H*Hxxx,0.015,1.125875808722437
0.7654584734718873,1.6052163416599714,0.0,-1.0054751846211256,0;0;-1.00547518462;0;-0.208379633478;0;0;0.0807593611381;0;0;0;0,52984.38385033836,0.005,176,3e-06,1.4356764738645902,,0.0004655562835006117,0.35366040000000254,ok,same_stridge_core,Hx;Hxxx;H*Hxx,0.029968518518518533,0.958817019211545
0.7139300007898116,1.0939054597209057,0.10084310548124273,-1.3063381565144516,0;0;-1.30633815651;0.100843105481;0;0;0;0;-0.21938049616;0;0;0,53491.17552483793,0.005,177,3e-06,1.648807529112394,,0.0006745561115043146,0.3763255000000001,ok,same_stridge_core,Hx;D_x^1.093905 H;H*Hxxx,0.015,1.1673869493888527
0.7318595930712016,1.3578722993095054,0.10107564299482016,-1.161069695157387,0;0;-1.16106969516;0.101075642995;-0.411404927534;0;0;0.033685437705;0;0;0;0,53130.881272893435,0.005,178,3e-06,1.5499485932270507,,0.0004273575076932699,0.1409975999999986,ok,same_stridge_core,Hx;D_x^1.357872 H;Hxxx;H*Hxx,0.015416940671509168,0.9123780179523295
0.7657205848263626,1.0829016173832948,0.0,-1.004833058463838,0;0;-1.00483305846;0;-0.209464878216;0;0;0.0808443795614;0;0;0;0,53503.92113626308,0.005,179,3e-06,1.4414738164398688,,0.0004665964959720738,0.2585692000000037,ok,same_stridge_core,Hx;Hxxx;H*Hxx,0.025,0.9599385262135011
0.7644583507045871,1.1372878816605065,0.0,-1.0079283086548565,0;0;-1.00792830865;0;-0.20423623106;0;0;0.0804340345583;0;0;0;0,53438.97577427256,0.005,180,3e-06,1.4356240750929639,,0.00046173270646729695,0.2490887000000015,ok,same_stridge_core,Hx;Hxxx;H*Hxx,0.025,0.9546732931245108
0.7262237566822689,1.4008464877503035,0.2122190785754341,-1.20553598111586,0;0;-1.20553598112;0.212219078575;0;0;0;0;0;0;0;0,53068.104498306595,0.005,181,3e-06,1.3398940225264153,,0.0005493903015306264,0.34273230000000865,ok,same_stridge_core,Hx;D_x^1.400846 H,0.035,1.0214853955365757
0.800059630296786,1.3036782028291183,-0.06907799792383094,-0.791657618477835,0.0322690116993;0;-0.791657618478;-0.0690779979238;0.973964831311;0;0;0.155396096257;0.041613154805;0;0;0,53211.29700847849,0.005,182,3e-06,1.8219270903130256,,0.00038477723872760224,0.36653689999999983,ok,same_stridge_core,1;Hx;D_x^1.303678 H;Hxxx;H*Hxx;H*Hxxx,0.02750000000000001,0.8641237441604127
0.7044123034752374,1.7596970804865582,0.0,-1.1666327087157036,0;0;-1.16663270872;0;0;0;0;0.0575622908039;0;0;0;0,54554.182673485775,0.005,183,3e-06,1.5617697197436826,,0.0007927012024952827,0.38419919999999763,ok,same_stridge_core,Hx;H*Hxx,0.029434447677024706,1.234444623702768
0.7250578846026412,1.0969947638356699,0.04308873565829886,-1.1762325757941565,0;0;-1.17623257579;0.0430887356583;-0.520748227992;0;0;0.0456572453544;0;0;0;0,53487.561380258114,0.005,184,3e-06,1.5864901643201055,,0.0004566452339045621,0.3648230999999953,ok,same_stridge_core,Hx;D_x^1.096995 H;Hxxx;H*Hxx,0.015,0.944639427757008
0.7429222804386323,1.3484374190856525,0.08145561523222439,-1.077794477247491,0.018854901423;0;-1.07779447725;0.0814556152322;0.316366353881;0;0;0.0660973629513;0;0;0;0,53144.89254922659,0.005,185,3e-06,1.6134117017304719,,0.00034873012885221395,0.36612890000000675,ok,same_stridge_core,1;Hx;D_x^1.348437 H;Hxxx;H*Hxx,0.012563636363636358,0.816238313492073
0.7243192345569615,1.5329482027887933,0.2495645478218967,-1.185444507887464,0;0;-1.18544450789;0.249564547822;0;0;0;0;0;0;0;0,52931.93978384131,0.005,186,3e-06,1.2913131381073721,,0.0004987739778084739,0.35321800000001247,ok,same_stridge_core,Hx;D_x^1.532948 H,0.035,0.9737214994043243
0.7310247843477439,1.6703183181554786,0.14869926594798752,-1.1153451081804424,0;0;-1.11534510818;0.148699265948;0;0;0;0.0366983938628;0;0;0;0,53262.16547016894,0.005,187,3e-06,1.426797628566859,,0.0004672468065852819,0.35244539999999347,ok,same_stridge_core,Hx;D_x^1.670318 H;H*Hxx,0.015,0.9474381393353385
0.801148415143887,1.3210113435948927,-0.07185238629273215,-0.7892530976172508,0.0326952165312;0;-0.789253097617;-0.0718523862927;0.948193951409;0;0;0.156713139555;0.0456534359083;0;0;0,53185.662555514435,0.005,188,3e-06,1.8290357611809966,,0.0003912176385688135,0.35880090000000564,ok,same_stridge_core,1;Hx;D_x^1.321011 H;Hxxx;H*Hxx;H*Hxxx,0.021604166666666678,0.8716938351817367
0.7634672990844593,1.1990536143122943,0.0,-1.0103639172273016,0;0;-1.01036391723;0;-0.200126203645;0;0;0.0801102052402;0;0;0;0,53359.27053552203,0.005,189,3e-06,1.4310162087830323,,0.0004581737474299752,0.3664613999999915,ok,same_stridge_core,Hx;Hxxx;H*Hxx,0.022639804639804653,0.9507827739633339
0.7710464925026215,1.3209110918553677,0.0,-0.9918564520351099,0;0;-0.991856452035;0;-0.231449591642;0;0;0.0825501722892;0;0;0;0,53185.81126855517,0.005,190,3e-06,1.4643861920782362,,0.0004910627950361546,0.35935719999999094,ok,same_stridge_core,Hx;Hxxx;H*Hxx,0.025,0.9857138906612397
0.748705109816799,1.540247981948907,0.10716535253723285,-1.083292129317168,0;0;-1.08329212932;0.107165352537;-0.230418144869;0;0;0.046285703771;0;0;0;0,52930.50252759178,0.005,191,3e-06,1.5346002877843894,,0.0004139729601489634,0.3485341999999889,ok,same_stridge_core,Hx;D_x^1.540248 H;Hxxx;H*Hxx,0.02,0.899434257453288
0.7010636285622153,1.2202600916123443,0.1281978681186385,-1.31406524164209,0;0;-1.31406524164;0.128197868119;0;0;0;0;-0.138644530651;0;0;0,53330.487072514006,0.005,192,3e-06,1.5008056365007527,,0.0005340896302889219,0.3518525000000068,ok,same_stridge_core,Hx;D_x^1.22026 H;H*Hxxx,0.02,1.0208312528481267
0.7371228313806175,1.0304556116533863,0.0,-1.0768569404533421,0;0;-1.07685694045;0;-0.0893510053515;0;0;0.0709613132266;0;0;0;0,53561.98331887238,0.005,193,3e-06,1.4264853192902804,,0.00045923555357447066,0.3508092000000005,ok,same_stridge_core,Hx;Hxxx;H*Hxx,0.015,0.944427469420429
0.7551088012709231,1.9105351787175167,0.5214290859034119,-1.0350880802342655,0;0;-1.03508808023;0.521429085903;0;0;0;0;0;0;0;0,61252.240167314,0.005,194,3e-06,1.3138918403751199,,0.00046546009950018837,0.36375990000000513,ok,same_stridge_core,Hx;D_x^1.910535 H,0.034399313417847494,0.9463783993712359
0.7198934352293911,1.3307387083442117,0.1863015811177148,-1.2321603686064888,0;0;-1.23216036861;0.186301581118;0;0;0;0;0;0;0;0,53171.21512464343,0.005,195,3e-06,1.398771734023345,,0.000616164409675383,0.1312956000000014,ok,same_stridge_core,Hx;D_x^1.330739 H,0.04441176470588234,1.0797444432754844
0.7469137331953634,1.0993289626796428,0.03989843762676427,-0.9168430068409037,0.137447366684;-0.0250919978222;-0.916843006841;0.0398984376268;2.37031515851;0;-0.0291234068238;0;-0.362236554773;0;0;0,53484.82041996527,0.005,196,3e-06,1.9753126098734128,,0.00037617769152954256,0.3762994000000077,ok,same_stridge_core,1;H;Hx;D_x^1.099329 H;Hxxx;H*Hx;H*Hxxx,0.010851785568310764,0.852131381054142
0.7196157247965254,1.2828005516552243,0.09585791322235772,-1.2081434847607455,0;0;-1.20814348476;0.0958579132224;0;0;0;0.0259092048622;-0.0829085055798;0;0;0,53241.87763989834,0.005,197,3e-06,1.5851239813506908,,0.0004582291302291762,0.27154469999999264,ok,same_stridge_core,Hx;D_x^1.282801 H;H*Hxx;H*Hxxx,0.015,0.9462214496719106
0.7405306995991069,1.1079744198305248,0.0,-1.0633251780970947,0;0;-1.0633251781;0;0;0;0;0.073247483844;0;0;0;0,53474.589269271266,0.005,198,3e-06,1.2563060326051394,,0.00045001498082560915,0.3621571999999986,ok,same_stridge_core,Hx;H*Hxx,0.024444444444444456,0.9354584969895119
0.7751137350439277,1.0460806102112654,0.0,-0.9820370946750642,0;0;-0.982037094675;0;-0.248154134336;0;0;0.0838251472913;0;0;0;0,53545.14262568457,0.005,199,3e-06,1.4907687112548254,,0.0005138274812496802,0.3431475000000006,ok,same_stridge_core,Hx;Hxxx;H*Hxx,0.03944126262626261,1.0088624276236642
0.741856679078328,1.2563792374031326,0.0,-1.0596625619353195,0;0;-1.05966256194;0;0;0;0;0.0737828423514;0;0;0;0,53279.932201630436,0.005,200,3e-06,1.2522293383918734,,0.0004467627998277949,0.3558114999999873,ok,same_stridge_core,Hx;H*Hxx,0.02,0.9325497451820909
0.7301468331576053,1.6467586812030337,0.14616867143801804,-1.1244003678890166,0;0;-1.12440036789;0.146168671438;0.346371475653;0;0;0.0334065749885;-0.0760270876443;0;0;0,53122.8149210026,0.005,201,3e-06,1.7395687469501233,,0.0004589281076601841,0.37529849999999954,ok,same_stridge_core,Hx;D_x^1.646759 H;Hxxx;H*Hxx;H*Hxxx,0.015,0.9427265231350843
0.7414300133801605,1.2332700192348467,0.05275601446151936,-1.0786473497250524,0.0187931600601;0;-1.07864734973;0.0527560144615;0.2758376206;0;0;0.0726511171108;0;0;0;0,53312.49086085176,0.005,202,3e-06,1.6269659189690369,,0.0003568080823919364,0.35809280000000854,ok,same_stridge_core,1;Hx;D_x^1.23327 H;Hxxx;H*Hxx,0.01,0.8272785560562604
0.7345081852892053,1.524815653440597,0.14898101323182275,-1.1374236631765895,0;0;-1.13742366318;0.148981013232;-0.228305136117;0;0;0.0289750507495;0;0;0;0,52934.766100300454,0.005,203,3e-06,1.5455684514450523,,0.0004279373725854081,0.36613909999999805,ok,same_stridge_core,Hx;D_x^1.524816 H;Hxxx;H*Hxx,0.015,0.9103512582414469
0.7249122533599859,1.8385921828769953,0.0,-1.1071528499821008,0;0;-1.10715284998;0;0;0;0;0.0667288938189;0;0;0;0,57524.081059106546,0.005,204,3e-06,1.3597174199745925,,0.0005341282329200991,0.3762935000000027,ok,same_stridge_core,Hx;H*Hxx,0.02446537667186513,1.0145729336199532
0.7367019621468364,1.0345680147583038,0.0,-1.0739518305866684,0;0;-1.07395183059;0;0;0;0;0.0716859123762;0;0;0;0,53557.58800219234,0.005,205,3e-06,1.2685479967598352,,0.0004626634438621138,0.14529060000000982,ok,same_stridge_core,Hx;H*Hxx,0.03266460905349795,0.9472024687466811
0.7405067319467526,1.24806496936661,0.0,-1.063391465393678,0;0;-1.06339146539;0;0;0;0;0.0732377811706;0;0;0;0,53291.72999427741,0.005,206,3e-06,1.2552669215243026,,0.0004500790079595975,0.35979449999999247,ok,same_stridge_core,Hx;H*Hxx,0.02,0.9355165415586382
0.7190497785311945,1.161714528207287,0.12941216298444105,-1.3020850646098734,0;0;-1.30208506461;0.129412162984;-1.28542984611;0;0;0;0;0;0;0,53408.20608078056,0.005,207,3e-06,1.5480496640127195,,0.0005753013265642212,0.37744760000001065,ok,same_stridge_core,Hx;D_x^1.161715 H;Hxxx,0.01,1.0673758092856944
0.7511121132092426,1.3578722993095054,0.2131653559716588,-1.1946541531974477,0;0;-1.1946541532;0.213165355972;-1.76585242158;0;0;0;0.141392958896;0;0;0,53130.881272893435,0.005,208,3e-06,1.700096662329356,,0.0005819881585799277,0.12786269999999433,ok,same_stridge_core,Hx;D_x^1.357872 H;Hxxx;H*Hxxx,0.019991972888467602,1.0625260870546347
0.7388780517604617,1.3305938419007992,0.06599444501465218,-1.122956571012714,0;0;-1.12295657101;0.0659944450147;-0.358320042055;0;0;0.0476834423226;0;0;0;0,53171.430490628714,0.005,209,3e-06,1.5476941123882457,,0.0004227693091696917,0.38316109999999526,ok,same_stridge_core,Hx;D_x^1.330594 H;Hxxx;H*Hxx,0.015,0.9096369465007013
0.7427932657171727,1.1372878816605065,0.0,-1.0570809679643078,0;0;-1.05708096796;0;0;0;0;0.0741593068259;0;0;0;0,53438.97577427256,0.005,210,3e-06,1.251484902224178,,0.0004448070352355636,0.1358081999999996,ok,same_stridge_core,Hx;H*Hxx,0.02,0.9308510475785426
0.7537491398764458,1.178040217925309,0.04568459005038384,-0.8808354860921574,0.143017035966;-0.0259821529419;-0.880835486092;0.0456845900504;2.49494520885;0;-0.0311741182043;0;-0.368947901956;0;0;0,53387.08962857256,0.005,211,3e-06,1.9801774911501904,,0.0003826084024078595,0.13987980000000277,ok,same_stridge_core,1;H;Hx;D_x^1.17804 H;Hxxx;H*Hx;H*Hxxx,0.015,0.8590486089501665
0.7690679904330603,1.2574010801847977,0.0,-0.9966613443415943,0;0;-0.996661344342;0;-0.223297206292;0;0;0.0819213164533;0;0;0;0,53278.47610345265,0.005,212,3e-06,1.455004157623181,,0.00048124575456809664,0.12284909999999627,ok,same_stridge_core,Hx;Hxxx;H*Hxx,0.025,0.9754978726921071
0.737268019597271,1.7596970804865582,0.13493915636731668,-1.0864544050230538,0;0;-1.08645440502;0.134939156367;0;0;0;0.0460268809351;0;0;0;0,54554.182673485775,0.005,213,3e-06,1.416756941159581,,0.0004449385665421553,0.1345756999999992,ok,same_stridge_core,Hx;D_x^1.759697 H;H*Hxx,0.03490828738989336,0.9257692970982091
0.745973417311574,1.7622524959808323,0.0,-1.0483488422973346,0;0;-1.0483488423;0;0;0;0;0.0754272160503;0;0;0;0,54617.81167719437,0.005,214,3e-06,1.2549611493787558,,0.00044022868401862785,0.3709237999999999,ok,same_stridge_core,Hx;H*Hxx,0.015,0.9272542793155895
0.7501345611811209,1.924751267990663,0.1925418401841871,-1.0398668657807306,0;0;-1.03986686578;0.192541840184;0;0;0;0.0492921326684;0;0;0;0,61800.86822018131,0.005,215,3e-06,1.4520865632572435,,0.0004158904042226798,0.3706077999999877,ok,same_stridge_core,Hx;D_x^1.924751 H;H*Hxx,0.015,0.8958787492756117
0.7479514372588906,1.2749032510252991,0.04288161285988333,-1.0413931850227132,0.0209364969899;0;-1.04139318502;0.0428816128599;0.603612051683;0;0;0.0817705230805;-0.0292536141501;0;0;0,53253.33583955551,0.005,216,3e-06,1.7709777351206375,,0.0003429048947309343,0.3802572000000026,ok,same_stridge_core,1;Hx;D_x^1.274903 H;Hxxx;H*Hxx;H*Hxxx,0.01,0.8124176900086382
0.7220319477891396,1.3164893862410143,0.10159210464785039,-1.1970985736113149,0;0;-1.19709857361;0.101592104648;0;0;0;0.0264875305116;-0.075493789508;0;0;0,53192.36630443189,0.005,217,3e-06,1.577041989025484,,0.0004513812541824246,0.37706510000001003,ok,same_stridge_core,Hx;D_x^1.316489 H;H*Hxx;H*Hxxx,0.015,0.9387335933723016
0.7422969144227592,1.114112135352545,0.0,-1.0584485377985977,0;0;-1.0584485378;0;0;0;0;0.0739599714834;0;0;0;0,53467.25078894246,0.005,218,3e-06,1.2525180375248448,,0.00044580852975841683,0.11669520000000944,ok,same_stridge_core,Hx;H*Hxx,0.02,0.93171453279119
0.7215722989117158,1.0661410727467888,0.037033236262791355,-1.1808369780945716,0;0;-1.18083697809;0.0370332362628;0;0;0;0.0450028739704;-0.0842259191966;0;0;0,53522.95514667406,0.005,219,3e-06,1.5994528787253137,,0.00046520350098101706,0.3805703999999963,ok,same_stridge_core,Hx;D_x^1.066141 H;H*Hxx;H*Hxxx,0.015,0.9571774169652251
0.7058828043833034,1.0937637634661468,0.09982350780413951,-1.3245903834817316,0;0;-1.32459038348;0.0998235078041;0;0;0;0;-0.205911683004;0;0;0,53491.340921032686,0.005,220,3e-06,1.5911889557001706,,0.0006120336761170094,0.38177810000000534,ok,same_stridge_core,Hx;D_x^1.093764 H;H*Hxxx,0.015,1.1097668874108764
0.6982303444362543,1.540247981948907,0.32439466495893027,-1.2902225608104585,0;0;-1.29022256081;0.324394664959;0;0;0;-0.183513662966;0;0;0.0188157144507;0,52930.50252759178,0.005,221,3e-06,1.6706876381109312,,0.0005493146378307588,0.1324422999999939,ok,same_stridge_core,Hx;D_x^1.540248 H;H*Hxx;H^2*Hxx,0.015,1.0355216077798297
0.7305745922190061,1.7323855729260893,0.12414626415170134,-1.1064248581043181,0;0;-1.1064248581;0.124146264152;0;0;0;0.0442841159334;0;0;0;0,53985.84191056681,0.005,222,3e-06,1.4460093255809894,,0.00047950755361765086,0.362343800000005,ok,same_stridge_core,Hx;D_x^1.732386 H;H*Hxx,0.03927755553969839,0.9601367483858881
0.7371228313806175,1.982841523150236,0.0,-1.0727799945077858,0;0;-1.07277999451;0;0;0;0;0.0718587157479;0;0;0;0,62569.13889736074,0.005,223,3e-06,1.3210820903997802,,0.0004610318012665319,0.26157309999999256,ok,same_stridge_core,Hx;H*Hxx,0.046875,0.9456672570156157
0.7281114849329832,1.5633568418496266,0.17381539456587106,-1.1529451655947773,0;0;-1.15294516559;0.173815394566;-0.16466455928;0;0;0.0224484752001;0;0;0;0,52934.11042590594,0.005,224,3e-06,1.5774770247917258,,0.00046082327094793327,0.35974779999999384,ok,same_stridge_core,Hx;D_x^1.563357 H;Hxxx;H*Hxx,0.01,0.9422676996808544
0.7010076434816046,1.0121673296133247,0.08159659017479406,-1.3451036553461084,0;0;-1.34510365535;0.0815965901748;0;0;0;0;-0.235777985657;0;0;0,53581.21351582087,0.005,225,3e-06,1.6564471192227335,,0.0006810171603235315,0.35110199999999736,ok,same_stridge_core,Hx;D_x^1.012167 H;H*Hxxx,0.029509832215714557,1.1742161975803456
0.7507031878123183,1.1803571704302929,0.04953603417611471,-0.9003648736221912,0.137566031213;-0.0249181685197;-0.900364873622;0.0495360341761;2.41219374599;0;-0.0299403183505;0;-0.36098727888;0;0;0,53384.05741407059,0.005,226,3e-06,1.9741570413813536,,0.0003770196683134598,0.38159899999999425,ok,same_stridge_core,1;H;Hx;D_x^1.180357 H;Hxxx;H*Hx;H*Hxxx,0.011363636363636362,0.8530918356858712
0.7196157247965254,1.6576840588754433,0.15488063475851807,-1.1505196580834571,0;0;-1.15051965808;0.154880634759;0;0;0;0.0298301116106;0;0;0;0,53180.71377663878,0.005,227,3e-06,1.5119173185221897,,0.0005570361485378587,0.254777500000003,ok,same_stridge_core,Hx;D_x^1.657684 H;H*Hxx,0.02,1.0332908945324406
0.7270477677155984,1.8349141645237106,0.0,-1.1010850903383018,0;0;-1.10108509034;0;0;0;0;0.0676435625909;0;0;0;0,57339.67289163977,0.005,228,3e-06,1.3429680483379316,,0.0005173486304530869,0.3683936999999986,ok,same_stridge_core,Hx;H*Hxx,0.030000000000000002,0.998930010988093
0.7164029128444223,1.6087007162870424,0.2500547323794452,-1.1979676825545458,0;0;-1.19796768255;0.250054732379;0;0;0;0;-0.0365776666721;0;0;0,52991.9545215554,0.005,229,3e-06,1.5263599373005694,,0.0005690957133596823,0.37299409999999966,ok,same_stridge_core,Hx;D_x^1.608701 H;H*Hxxx,0.025,1.0494323466065707
0.7395889819950099,1.0367758291794862,0.0,-1.0704874966393276,0;0;-1.07048749664;0;-0.0998413571464;0;0;0.0718628060027;0;0;0;0,53555.2174616503,0.005,230,3e-06,1.418062412479665,,0.0004504303499721423,0.383137099999999,ok,same_stridge_core,Hx;Hxxx;H*Hxx,0.019581249999999994,0.9360654553248123
0.7294255190474471,1.4873954466751302,0.24206468478794138,-1.1819542805108536,0;0;-1.18195428051;0.242064684788;0;0;0;0;0;0;0;0,52960.97446642066,0.005,231,3e-06,1.2875996056846712,,0.0004940121371473138,0.35656159999999204,ok,same_stridge_core,Hx;D_x^1.487395 H,0.09500000000000001,0.9698337588861472
0.7538812761933918,1.3088286830642357,0.19834411218879497,-1.2051456329432702,0;0;-1.20514563294;0.198344112189;-2.07307973114;0;0;0;0.158892366975;0;0;0,53203.69872847401,0.005,232,3e-06,1.7852688508603238,,0.0006774513853827867,0.3643781999999902,ok,same_stridge_core,Hx;D_x^1.308829 H;Hxxx;H*Hxxx,0.02,1.1468244661186355
0.7477449704029958,1.7712632107768238,0.1726321004674979,-1.0601973784732481,0;0;-1.06019737847;0.172632100467;0;0;0;0.0436059994397;0;0;0;0,54858.03566820455,0.005,233,3e-06,1.3884678639591632,,0.00041415960565699563,0.3687073000000112,ok,same_stridge_core,Hx;D_x^1.771263 H;H*Hxx,0.015,0.8947455429453223
0.7575088135654648,1.8385921828769953,0.46578310161674,-1.0438738090466246,0;0;-1.04387380905;0.465783101617;0;0;0;0;0;0;0;0,57524.081059106546,0.005,234,3e-06,1.2774565484315894,,0.00045060881986344316,0.1341916000000083,ok,same_stridge_core,Hx;D_x^1.838592 H,0.015,0.9323120620769502
0.7423721100876265,1.3536812979522244,0.06078856984146922,-1.1063783901981652,0;0;-1.1063783902;0.0607885698415;-0.323823256055;0;0;0.0515060973507;0;0;0;0,53137.10101339484,0.005,235,3e-06,1.5463023314515474,,0.00042139749171140944,0.36527489999998863,ok,same_stridge_core,Hx;D_x^1.353681 H;Hxxx;H*Hxx,0.01655844155844155,0.9086571192908094
0.7736752620684866,1.9408359056206115,0.3757269699706505,-0.9820001298352863,0;0;-0.982000129835;0.375726969971;-0.097752402618;0;0;0.0322724300287;0;0;0;0,62257.67268709263,0.005,236,3e-06,1.6526684386810073,,0.00042544878276738155,0.37007739999999956,ok,same_stridge_core,Hx;D_x^1.940836 H;Hxxx;H*Hxx,0.02937770172214615,0.9055763664358959
0.7457184711919684,1.161714528207287,0.026788858714188377,-1.043754741156348,0.0204446379265;0;-1.04375474116;0.0267888587142;0.665700732647;0;0;0.0848230029504;-0.0435342480066;0;0;0,53408.20608078056,0.005,237,3e-06,1.7844034944047182,,0.0003507837337617006,0.1439604999999915,ok,same_stridge_core,1;Hx;D_x^1.161715 H;Hxxx;H*Hxx;H*Hxxx,0.01,0.8230557849506682
0.7318595930712016,1.186210082381812,0.0,-1.0875006204591455,0;0;-1.08750062046;0;0;0;0;0.0696772203784;0;0;0;0,53376.35850159709,0.005,238,3e-06,1.2894698571674252,,0.00048587336065099247,0.26278829999999687,ok,same_stridge_core,Hx;H*Hxx,0.04423528534957103,0.9692117061578427
0.7219921869003383,1.2224779941382935,0.048705929306338186,-1.1536871286807435,0;0;-1.15368712868;0.0487059293063;0;0;0;0.0484773836427;0;0;0;0,53327.43687776669,0.005,239,3e-06,1.4564819870887815,,0.0004986469505314531,0.3949677999999892,ok,same_stridge_core,Hx;D_x^1.222478 H;H*Hxx,0.025,0.9765350551888813
0.7533116074646339,1.6203185059342018,0.32644485678879887,-1.0993031078042572,0;0;-1.0993031078;0.326444856789;0;0;0;0;0;0;0;0,53021.950518462465,0.005,240,3e-06,1.2789094570521662,,0.00047587369620192817,0.3701721000000049,ok,same_stridge_core,Hx;D_x^1.620319 H,0.07318181818181824,0.9607777539413914
0.7473732321127371,1.051601987268278,0.03327067975224025,-0.9099629219650308,0.141251258672;-0.0259308159734;-0.909962921965;0.0332706797522;2.41420022965;0;-0.0296284792511;0;-0.368821543492;0;0;0,53539.09977973593,0.005,241,3e-06,1.979084772423028,,0.00037874766601654825,0.38376490000000274,ok,same_stridge_core,1;H;Hx;D_x^1.051602 H;Hxxx;H*Hx;H*Hxxx,0.01,0.8547636770485734
0.7541533360361636,1.3372406233842922,0.20870538388277465,-1.1958827334471742,0;0;-1.19588273345;0.208705383883;-1.96401131185;0;0;0;0.158053164062;0;0;0,53161.545829133815,0.005,242,3e-06,1.7489893385714912,,0.0006365833439003801,0.37064900000000023,ok,same_stridge_core,Hx;D_x^1.337241 H;Hxxx;H*Hxxx,0.02,1.1110507886218854
0.7359948808726486,1.454272741961465,0.12166058832125515,-1.1388818627126684,0;0;-1.13888186271;0.121660588321;-0.307609124913;0;0;0.033387113334;0;0;0;0,52996.82517989437,0.005,243,3e-06,1.540750623752639,,0.00042094812319725674,0.37230150000000606,ok,same_stridge_core,Hx;D_x^1.454273 H;Hxxx;H*Hxx,0.024524172404657565,0.9047887215939064
0.7436175898531449,1.395230934056043,0.22750519079210194,-1.166801814924453,0;0;-1.16680181492;0.227505190792;0;0;0;0;0;0;0;0,53076.14577360553,0.005,244,3e-06,1.4586451311977382,,0.0006685431438731856,0.3633997000000022,ok,same_stridge_core,Hx;D_x^1.395231 H,0.06445454545454547,1.140188256556105
0.7462860504467328,1.1736917116308234,0.02757594709409873,-1.0417672313355661,0.0205794797256;0;-1.04176723134;0.0275759470941;0.661792457066;0;0;0.0850451355322;-0.0414713623856;0;0;0,53392.75699394186,0.005,245,3e-06,1.7824181143324576,,0.00034943249177465864,0.35475040000000035,ok,same_stridge_core,1;Hx;D_x^1.173692 H;Hxxx;H*Hxx;H*Hxxx,0.01,0.8213484884415041
0.7461495164282905,1.5329482027887933,0.2795208970890102,-1.134001619480705,0;0;-1.13400161948;0.279520897089;0;0;0;0;0;0;0;0,52931.93978384131,0.005,246,3e-06,1.3025810464199925,,0.000501604305237679,0.12531870000000822,ok,same_stridge_core,Hx;D_x^1.532948 H,0.07300000000000001,0.9849894077169445
0.7408033733831365,1.0900330007583512,0.0,-1.062571261539627,0;0;-1.06257126154;0;0;0;0;0.0733578037205;0;0;0;0,53495.6835919417,0.005,247,3e-06,1.2557860057995296,,0.0004492995161310196,0.3661701999999991,ok,same_stridge_core,Hx;H*Hxx,0.020500000000000004,0.9348119042478794
0.7378928139951191,1.114112135352545,0.0,-1.0706385081362184,0;0;-1.07063850814;0;0;0;0;0.0721741196753;0;0;0;0,53467.25078894246,0.005,248,3e-06,1.2638186569055325,,0.000458202607521174,0.1349968999999902,ok,same_stridge_core,Hx;H*Hxx,0.025526315789473685,0.9430151521718778
0.7525423544719866,1.5463873360906577,0.27873101290613694,-1.1316927737148665,0;0;-1.13169277371;0.278731012906;-0.430415649074;0;0;0;0;0;0;0,52930.1799696656,0.005,249,3e-06,1.4424899889683527,,0.00047705605069998567,0.36269730000000777,ok,same_stridge_core,Hx;D_x^1.546387 H;Hxxx,0.030000000000000002,0.9661183692413623
0.7448169251153115,1.2660474350922672,0.17653859525232476,-1.2329120907193574,0;0;-1.23291209072;0.176538595252;-1.91009062753;0;0;0;0.118731404281;0;0;0,53266.10217643043,0.005,250,3e-06,1.7648496297026557,,0.0006490944977123102,0.35961679999999774,ok,same_stridge_core,Hx;D_x^1.266047 H;Hxxx;H*Hxxx,0.0344716646098999,1.1256564035854906
0.740647446720214,1.1365758396872336,0.0,-1.063002334754327,0;0;-1.06300233475;0;0;0;0;0.0732947356509;0;0;0;0,53439.857857822535,0.005,251,3e-06,1.2558177163293571,,0.00044970568488700513,0.3571453000000133,ok,same_stridge_core,Hx;H*Hxx,0.020500000000000004,0.935178569182422
0.7457327843528434,1.06019684500753,0.015645063450591405,-1.0363444331419962,0.0202724971422;0;-1.03634443314;0.0156450634506;0.739221731353;0;0;0.0885870843304;-0.0522654612904;0;0;0,53529.59665320337,0.005,252,3e-06,1.7916360849473494,,0.0003544810369031314,0.3897086999999999,ok,same_stridge_core,1;Hx;D_x^1.060197 H;Hxxx;H*Hxx;H*Hxxx,0.01,0.8281033451896886
0.7479576240828578,1.2636519196014215,0.17808064702320744,-1.2283578013656113,0;0;-1.22835780137;0.178080647023;-2.03174985829;0;0;0;0.132246681744;0;0;0,53269.539587530155,0.005,253,3e-06,1.7973577718980267,,0.0006878141340559204,0.3827524000000011,ok,same_stridge_core,Hx;D_x^1.263652 H;Hxxx;H*Hxxx,0.025098940160859676,1.1581232968476647
0.755621857227927,1.656818264870236,0.3477602711957739,-1.086231955442488,0;0;-1.08623195544;0.347760271196;0;0;0;0;0;0;0;0,53175.724487808206,0.005,254,3e-06,1.271796415093465,,0.0004678856551168252,0.3731977999999998,ok,same_stridge_core,Hx;D_x^1.656818 H,0.043564814814814806,0.9527420681666158
0.7327313390373672,1.177463019306781,0.0,-1.0850525007677845,0;0;-1.08505250077;0;0;0;0;0.0700416272004;0;0;0;0,53387.84374149786,0.005,255,3e-06,1.284987459829985,,0.00048108192677171597,0.3569525999999996,ok,same_stridge_core,Hx;H*Hxx,0.03935955421122088,0.9646603973809978
0.73718633751534,1.5307454103748612,0.1411464429382127,-1.1263125480116138,0;0;-1.12631254801;0.141146442938;-0.223574539236;0;0;0.0324667613306;0;0;0;0,52932.583201309186,0.005,256,3e-06,1.539570455450276,,0.0004216931891877431,0.3634804999999943,ok,same_stridge_core,Hx;D_x^1.530745 H;Hxxx;H*Hxx,0.02043268452680218,0.9043794570345658
0.7196157247965254,1.1365758396872336,0.12329805525945572,-1.3065281108091085,0;0;-1.30652811081;0.123298055259;-1.38114226032;0;0;0;0;0;0;0,53439.857857822535,0.005,257,3e-06,1.5835546928998805,,0.0006123793804456637,0.030711900000000014,ok,same_stridge_core,Hx;D_x^1.136576 H;Hxxx,0.01,1.1025959721794776
0.7526405419080102,1.6001538273005702,0.3042606269091076,-1.116491613454513,0;0;-1.11649161345;0.304260626909;-0.314091908489;0;0;0;0;0;0;0,52974.45982613392,0.005,258,3e-06,1.4246330172283808,,0.0004606156657182194,0.37627640000000895,ok,same_stridge_core,Hx;D_x^1.600154 H;Hxxx,0.019440733080429377,0.9478628787931754
0.7309301604119575,1.4723936640875548,0.14851686194393623,-1.1600334953143763,0;0;-1.16003349531;0.148516861944;-0.300128965742;0;0;0.0244682817583;0;0;0;0,52976.08996231561,0.005,259,3e-06,1.5515272234971604,,0.00043312978180552443,0.36651539999999727,ok,same_stridge_core,Hx;D_x^1.472394 H;Hxxx;H*Hxx,0.024469044696790003,0.9158141439493732
0.7511223808775371,1.5741793120141738,0.28988366929795095,-1.1268923441537522,0;0;-1.12689234415;0.289883669298;-0.359487245175;0;0;0;0;0;0;0,52940.90841375403,0.005,260,3e-06,1.4268781325573905,,0.00046266481120724276,0.36296370000000877,ok,same_stridge_core,Hx;D_x^1.574179 H;Hxxx,0.024407330829931448,0.9504099568336042
0.7428896334656864,1.1150644130495444,0.0,-1.0568155923779199,0;0;-1.05681559238;0;0;0;0;0.0741979629891;0;0;0;0,53466.10664567713,0.005,261,3e-06,1.2514893276884558,,0.0004446216354049599,0.36885719999999367,ok,same_stridge_core,Hx;H*Hxx,0.02,0.9306926878143931
0.73024711282469,1.2584077627688526,0.07115701330318765,-1.1641005685681356,0;0;-1.16410056857;0.0711570133032;-0.465039952203;0;0;0.0400776045821;0;0;0;0,53277.04023068208,0.005,262,3e-06,1.560236993516385,,0.0004342869617665381,0.1342309000000057,ok,same_stridge_core,Hx;D_x^1.258408 H;Hxxx;H*Hxx,0.015,0.9209125107482
0.7425724168458854,1.9748953223398915,0.11746013739553085,-1.0571265659260365,0;0;-1.05712656593;0.117460137396;0;0;0;0.0587000455148;0;0;0;0,62601.999020776944,0.005,263,3e-06,1.4825629474030477,,0.0004375702868404878,0.35806020000001126,ok,same_stridge_core,Hx;D_x^1.974895 H;H*Hxx,0.02463868003341689,0.9191449562160552
0.7448891420232663,1.8385921828769953,0.0,-1.0513202490049096,0;0;-1.051320249;0;0;0;0;0.0749967140077;0;0;0;0,57524.081059106546,0.005,264,3e-06,1.273251290624817,,0.00044143600371413514,0.13582069999999646,ok,same_stridge_core,Hx;H*Hxx,0.0315778727445394,0.9281068042701778
0.7459912660008555,1.63916714438349,0.14185411326712682,-1.0764470440947846,0;0;-1.07644704409;0.141854113267;0;0;0;0.0429213996794;0;0;0;0,53088.602717031616,0.005,265,3e-06,1.376188966188327,,0.0004164551762169534,0.397492100000008,ok,same_stridge_core,Hx;D_x^1.639167 H;H*Hxx,0.02,0.8983915417350425
0.7329285465475328,1.496169016492545,0.14764078262981017,-1.1481194731868771,0;0;-1.14811947319;0.14764078263;-0.265331555587;0;0;0.026983947612;0;0;0;0,52953.190990762225,0.005,266,3e-06,1.5477220604831898,,0.00042967669098882316,0.38211320000000626,ok,same_stridge_core,Hx;D_x^1.496169 H;Hxxx;H*Hxx,0.01494355530230961,0.912283768594043
0.7405453466013159,1.1738970859946354,0.0,-1.0632846702937861,0;0;-1.06328467029;0;0;0;0;0.0732534138731;0;0;0;0,53392.49008240974,0.005,267,3e-06,1.2557782460785156,,0.00044997595109119183,0.3820071000000098,ok,same_stridge_core,Hx;H*Hxx,0.021000000000000005,0.9354233055840572
0.7430830461057114,1.6513115593378216,0.1475322161742895,-1.0839722103256866,0;0;-1.08397221033;0.147532216174;0;0;0;0.0410242629776;0;0;0;0,53145.63757017318,0.005,268,3e-06,1.3790143290268082,,0.00041966713056730635,0.39671199999999374,ok,same_stridge_core,Hx;D_x^1.651312 H;H*Hxx,0.015,0.9007035908952497
0.746343553668883,1.2906945093600137,0.18589170133481134,-1.2232708251316275,0;0;-1.22327082513;0.185891701335;-1.87503250311;0;0;0;0.125941277816;0;0;0,53230.36083882209,0.005,269,3e-06,1.7437261208932981,,0.0006266536778275759,0.37399529999999004,ok,same_stridge_core,Hx;D_x^1.290695 H;Hxxx;H*Hxxx,0.03606750156161922,1.1049617908274332
0.7427932657171727,1.5946024178663654,0.140360460698106,-1.098662202746566,0;0;-1.09866220275;0.140360460698;-0.171627504409;0;0;0.0382928835086;0;0;0;0,52964.9574617076,0.005,270,3e-06,1.5326460202395378,,0.0004144614966432195,0.26697570000000326,ok,same_stridge_core,Hx;D_x^1.594602 H;Hxxx;H*Hxx,0.016359780431209007,0.8970665306990466
0.757471041044641,1.138061279803087,0.0,-0.9744776879178205,0.0224484480792;0;-0.974477687918;0;0.87967130685;0;0;0.103378398975;-0.0351206489156;0;0;0,53438.01684931263,0.005,271,3e-06,1.610632490197622,,0.0003391618795091832,0.36643589999999904,ok,same_stridge_core,1;Hx;Hxxx;H*Hxx;H*Hxxx,0.015,0.8090622374579323
0.7615067794047744,1.2338982616442669,0.0,-1.0151959432494673,0;0;-1.01519594325;0;-0.19198270217;0;0;0.0794653338749;0;0;0;0,53311.61557326642,0.005,272,3e-06,1.423547739917547,,0.000451820727104287,0.3625943999999919,ok,same_stridge_core,Hx;Hxxx;H*Hxx,0.02494444444444445,0.943743199758149
0.7371530959485846,1.8787645603440102,0.0,-1.0772980243348236,0;0;-1.07729802433;0;0.215655617214;0;0;0.0697646169851;-0.0552705516297;0;0;0,59679.93057126348,0.005,273,3e-06,1.6584633665543373,,0.0004545783054499477,0.3761095999999924,ok,same_stridge_core,Hx;Hxxx;H*Hxx;H*Hxxx,0.015,0.9423041996991754
0.7666348553698479,1.3035747383357594,0.0,-1.0025958394343193,0;0;-1.00259583943;0;-0.213247838374;0;0;0.0811401454922;0;0;0;0,53211.44948115437,0.005,274,3e-06,1.4428660153786859,,0.00047034779712429997,0.353011500000008,ok,same_stridge_core,Hx;Hxxx;H*Hxx,0.036298642533936644,0.9639629700482966
0.7530131416525018,1.3677346882328187,0.21855233997652274,-1.188226098284461,0;0;-1.18822609828;0.218552339977;-1.78844185405;0;0;0;0.148402566993;0;0;0,53116.28498916974,0.005,275,3e-06,1.7037000882744013,,0.0005866477468241988,0.3674089000000009,ok,same_stridge_core,Hx;D_x^1.367735 H;Hxxx;H*Hxxx,0.02492913400325165,1.0663046684043644
0.7542434544228842,1.0484071875752483,0.0,-0.9887922176210445,0.0197828900981;0;-0.988792217621;0;0.0143904104147;0;0;0.0975772455152;0.250569858503;0;0;-0.024906634544,53542.60227961444,0.005,276,3e-06,1.775951414241716,,0.0003417250580687782,0.3655222000000009,ok,same_stridge_core,1;Hx;Hxxx;H*Hxx;H*Hxxx;H^2*Hxxx,0.01,0.8121845732086561
0.7408033733831365,1.1859506532213993,0.0,-1.062571261539627,0;0;-1.06257126154;0;0;0;0;0.0733578037205;0;0;0;0,53376.700890991124,0.005,277,3e-06,1.2550721095938262,,0.0004492995161310196,0.2617079999999987,ok,same_stridge_core,Hx;H*Hxx,0.01949291338291339,0.9348119042478794
0.7395253779143286,1.0940912258993716,0.0,-1.0661081168589328,0;0;-1.06610811686;0;0;0;0;0.0728397236753;0;0;0;0,53490.95857457586,0.005,278,3e-06,1.2590057100199505,,0.00045286327706867,0.35178690000000756,ok,same_stridge_core,Hx;H*Hxx,0.020500000000000004,0.9380599585724952
0.7634672990844593,1.278221841982629,0.0,-1.0103639172273016,0;0;-1.01036391723;0;-0.200126203645;0;0;0.0801102052402;0;0;0;0,53248.52891604225,0.005,279,3e-06,1.4300195342077142,,0.0004581737474299752,0.26835700000000884,ok,same_stridge_core,Hx;Hxxx;H*Hxx,0.02735685367264315,0.9507827739633339
0.7220806060388232,1.083693781304869,0.038965560609951946,-1.1795606097254032,0;0;-1.17956060973;0.03896556061;0;0;0;0.0446521928212;-0.0830446131257;0;0;0,53503.01008330092,0.005,280,3e-06,1.5966054628350712,,0.00046279214273216936,0.3860956999999985,ok,same_stridge_core,Hx;D_x^1.083694 H;H*Hxx;H*Hxxx,0.015,0.9545693418354602
0.7397149863390009,1.9096117835309068,0.0,-1.0705633276499051,0;0;-1.07056332765;0;0.134865749374;0;0;0.0709774516095;-0.0426105139455;0;0;0,61212.45850818868,0.005,281,3e-06,1.6695990174587454,,0.000447337014706775,0.38368459999999516,ok,same_stridge_core,Hx;Hxxx;H*Hxx;H*Hxxx,0.015,0.9350495153604812
0.720135174236778,1.086743755345829,0.05403581740006231,-1.1715609618580127,0.0151765995174;0;-1.17156096186;0.0540358174001;0;0;0;0.0564052182776;0;0;0;0,53499.49328302184,0.005,282,3e-06,1.5584233846058098,,0.0004402408712538303,0.3599628999999993,ok,same_stridge_core,1;Hx;D_x^1.086744 H;H*Hxx,0.01,0.9164294652095478
0.749500431267139,1.0297504055551758,0.0,-0.8112603089829425,0.154153755296;-0.0292171297162;-0.811260308983;0;3.60873748108;0;-0.0378982334042;0;-0.53203973124;0;0;0,53562.73446034801,0.005,283,3e-06,1.873913230150488,,0.00042857277112213175,0.3652702999999917,ok,same_stridge_core,1;H;Hx;Hxxx;H*Hx;H*Hxxx,0.015,0.9097840098642239
0.7483514564209615,1.1413090699034505,0.04502883914432769,-0.9113990676657232,0.136752752376;-0.0248578746737;-0.911399067666;0.0450288391443;2.38055160647;0;-0.0293706581931;0;-0.360694804169;0;0;0,53433.978688072275,0.005,284,3e-06,1.9739591038831756,,0.00037586543629907556,0.12850020000000484,ok,same_stridge_core,1;H;Hx;D_x^1.141309 H;Hxxx;H*Hx;H*Hxxx,0.01668831168831168,0.8518455514336578
0.7790602123708767,1.2243316022005628,0.0,-0.9725836939918994,0;0;-0.972583693992;0;-0.264291603537;0;0;0.0850395768488;0;0;0;0,53324.88200411051,0.005,285,3e-06,1.5137050037821234,,0.0005390794468366673,0.35877639999999644,ok,same_stridge_core,Hx;Hxxx;H*Hxx,0.025,1.0337810657451287
0.7634473578808825,1.306138246543169,0.0,-1.010412967835329,0;0;-1.01041296784;0;-0.200043315631;0;0;0.0801036759683;0;0;0;0,53207.670151622035,0.005,286,3e-06,1.4295757790206518,,0.0004581044942371789,0.3554505999999975,ok,same_stridge_core,Hx;Hxxx;H*Hxx,0.025113942473075593,0.9507067476560536
0.7269894996603483,1.6157749337874507,0.16399076805188248,-1.1373223426372623,0;0;-1.13732234264;0.163990768052;0;0;0;0.0288236358523;0;0;0;0,53009.30920703218,0.005,287,3e-06,1.4389966739166131,,0.00048287544861858495,0.36726749999999697,ok,same_stridge_core,Hx;D_x^1.615775 H;H*Hxx,0.02,0.9619128910533234
0.7562041142762014,1.9571216436899384,0.5558180035747305,-1.0236286373066847,0;0;-1.02362863731;0.555818003575;0.640304542847;0;0;0;-0.117761194654;0;0;0,62526.34297614513,0.005,288,3e-06,1.683514658437817,,0.00045140500417941977,0.36894180000000176,ok,same_stridge_core,Hx;D_x^1.957122 H;Hxxx;H*Hxxx,0.015,0.9331985427240753
0.7502962791880519,1.7824846647444175,0.40936429418315295,-1.0736384800506737,0;0;-1.07363848005;0.409364294183;0;0;0;0;0;0;0;0,55193.5918094186,0.005,289,3e-06,1.2675406845414565,,0.00045407499415231207,0.3597364999999968,ok,same_stridge_core,Hx;D_x^1.782485 H,0.029369641244432202,0.936379133684945
0.741856679078328,1.3768557240498966,0.07014285740415821,-1.1103796702401862,0;0;-1.11037967024;0.0701428574042;-0.323601996709;0;0;0.0487981553156;0;0;0;0,53102.85881825152,0.005,290,3e-06,1.5439327530598488,,0.000419927069057883,0.2583979999999997,ok,same_stridge_core,Hx;D_x^1.376856 H;Hxxx;H*Hxx,0.015,0.9066984472408305
0.7467733962332491,1.7120854480767662,0.1623911421072036,-1.0686145282094455,0;0;-1.06861452821;0.162391142107;0;0;0;0.042219124039;0;0;0;0,53676.645969300225,0.005,291,3e-06,1.3786959959849239,,0.00041458962508900414,0.3610019000000051,ok,same_stridge_core,Hx;D_x^1.712085 H;H*Hxx,0.024937994868335433,0.8956061822612218
0.73024711282469,1.177518226453921,0.049582795404317884,-1.1567103291241798,0;0;-1.15671032912;0.0495827954043;-0.463841607597;0;0;0.0466120836981;0;0;0;0,53387.77162885547,0.005,292,3e-06,1.5683634623364784,,0.0004400441377114079,0.27080039999999883,ok,same_stridge_core,Hx;D_x^1.177518 H;Hxxx;H*Hxx,0.015,0.9277102027902127
0.7477449704029958,1.226411541734321,0.16542464533735968,-1.2388276689636006,0;0;-1.23882766896;0.165424645337;-2.14177290468;0;0;0;0.126492954172;0;0;0,53322.00911584787,0.005,293,3e-06,1.8563507779624082,,0.0007572723428887624,0.2456302000000079,ok,same_stridge_core,Hx;D_x^1.226412 H;Hxxx;H*Hxxx,0.020494106679708926,1.2164866685722338
0.7345689359492256,1.5388535970351083,0.15164967973104393,-1.1348780499936613,0;0;-1.13487804999;0.151649679731;-0.210641408739;0;0;0.0291372441762;0;0;0;0,52930.6915659356,0.005,294,3e-06,1.546589400851099,,0.000429174139249675,0.37115380000000187,ok,same_stridge_core,Hx;D_x^1.538854 H;Hxxx;H*Hxx,0.015,0.9114211020598718
0.7317155822179269,1.7148084182264438,0.3324403769607818,-1.1336001200191008,0;0;-1.13360012002;0.332440376961;0;0;0;0;0;0;0;0,53713.32843949566,0.005,295,3e-06,1.3113831934390208,,0.0005077980265773305,0.3735738000000026,ok,same_stridge_core,Hx;D_x^1.714808 H,0.061666666666666654,0.9891032228020468
0.7249517332795605,1.65257649982583,0.2846810615602084,-1.1334846765452276,0.0135482625692;0;-1.13348467655;0.28468106156;0.578660360164;0;0;-0.102047545239;0;0;0.0148175426168;0,53152.302420223554,0.005,296,3e-06,1.8259018503252817,,0.0003893427250733548,0.36816930000000525,ok,same_stridge_core,1;Hx;D_x^1.652576 H;Hxxx;H*Hxx;H^2*Hxx,0.005,0.8691604067612578
0.7634473578808825,1.306138246543169,0.0,-1.010412967835329,0;0;-1.01041296784;0;-0.200043315631;0;0;0.0801036759683;0;0;0;0,53207.670151622035,0.005,297,3e-06,1.4295757790206518,,0.0004581044942371789,0.029321300000006545,ok,same_stridge_core,Hx;Hxxx;H*Hxx,0.02441077962285392,0.9507067476560536
0.7381346029975238,1.936505577992664,0.08594867792570898,-1.0708252366030717,0;0;-1.0708252366;0.0859486779257;0;0;0;0.0601504684198;0;0;0;0,62153.07230203567,0.005,298,3e-06,1.4942911685165088,,0.0004528853101469261,0.3778774000000027,ok,same_stridge_core,Hx;D_x^1.936506 H;H*Hxx,0.03536601307189541,0.9349135177981877
0.7409953148863904,1.1851940461344885,0.0,-1.062040788612625,0;0;-1.06204078861;0;0;0;0;0.0734353898899;0;0;0;0,53377.69890733306,0.005,299,3e-06,1.25463806528024,,0.00044881056641620626,0.36607970000000023,ok,same_stridge_core,Hx;H*Hxx,0.02,0.9343718718362417
0.7518510469002953,1.2414979243367266,0.17325131156671095,-1.228054337964382,0;0;-1.22805433796;0.173251311567;-2.24216896694;0;0;0;0.146116753467;0;0;0,53300.982805466854,0.005,300,3e-06,1.8729582267913631,,0.0007804424777257069,0.3566727000000043,ok,same_stridge_core,Hx;D_x^1.241498 H;Hxxx;H*Hxxx,0.02,1.2333464331257609
0.7425891436789865,1.1148394889412367,0.0,-1.0576432199180228,0;0;-1.05764321992;0;0;0;0;0.0740773772758;0;0;0;0,53466.3769161021,0.005,301,3e-06,1.2519944264926568,,0.0004452093535505693,0.36009219999999686,ok,same_stridge_core,Hx;H*Hxx,0.02,0.9311961649960442
0.7425697175918963,1.2283846612256941,0.0,-1.057696742499991,0;0;-1.0576967425;0;0;0;0;0.0740695779276;0;0;0;0,53319.27783797489,0.005,302,3e-06,1.2511455424008764,,0.00044524836162358424,0.3624649000000062,ok,same_stridge_core,Hx;H*Hxx,0.02,0.9312298753730269
0.737268019597271,1.0520149916881592,0.0,-1.0723759622684184,0;0;-1.07237596227;0;0;0;0;0.071918261697;0;0;0;0,53538.645880922406,0.005,303,3e-06,1.2663836545057112,,0.0004604829204450299,0.2595970999999935,ok,same_stridge_core,Hx;H*Hxx,0.024407447452215254,0.9451517792201768
0.745973417311574,1.4195621713982618,0.22115133416970753,-1.1814482831868771,0;0;-1.18144828319;0.22115133417;-0.720628492069;0;0;0;0;0;0;0,53041.885489009015,0.005,304,3e-06,1.4778915318449257,,0.000508903032255648,0.25636729999999375,ok,same_stridge_core,Hx;D_x^1.419562 H;Hxxx,0.04487799755799756,1.0005145624438445
0.7355611015457499,1.924751267990663,0.0,-1.0771329489624792,0;0;-1.07713294896;0;0;0;0;0.0712160676485;0;0;0;0,61800.86822018131,0.005,305,3e-06,1.3224734337195025,,0.00046739205515675526,0.12446919999999295,ok,same_stridge_core,Hx;H*Hxx,0.049999999999999996,0.9516682243984147
0.7243192345569615,1.2415349896473211,0.04859583702288939,-1.1451312109607767,0;0;-1.14513121096;0.0485958370229;0;0;0;0.0497242269084;0;0;0;0,53300.93078132216,0.005,306,3e-06,1.4457822604222517,,0.00048690447505442253,0.24869889999999373,ok,same_stridge_core,Hx;D_x^1.241535 H;H*Hxx,0.02936964172356329,0.9660738833903523
0.742892902694256,1.1477908730845776,0.0,-1.056806592477886,0;0;-1.05680659248;0;0;0;0;0.0741992746444;0;0;0;0,53425.86712220685,0.005,307,3e-06,1.2512425686043862,,0.00044461540136634997,0.34857929999999726,ok,same_stridge_core,Hx;H*Hxx,0.02,0.9306873658711452
0.7476164967975065,1.2456356879261725,0.03745057703349939,-1.0407511124609674,0.0208910458393;0;-1.04075111246;0.0374505770335;0.620394468518;0;0;0.0830967954856;-0.0324705631481;0;0;0,53295.159751356085,0.005,308,3e-06,1.7741096907158467,,0.0003445752122511899,0.36428800000000194,ok,same_stridge_core,1;Hx;D_x^1.245636 H;Hxxx;H*Hxx;H*Hxxx,0.01,0.8147968151914371
0.7552170036172261,1.889948113969295,0.49267568683512447,-1.0396998722539967,0;0;-1.03969987225;0.492675686835;0.452291315476;0;0;0;-0.0828000792938;0;0;0,60271.658629338046,0.005,309,3e-06,1.6560285104285466,,0.00045020891496726434,0.38343120000000397,ok,same_stridge_core,Hx;D_x^1.889948 H;Hxxx;H*Hxxx,0.02,0.9327686068764899
0.7401851316950814,1.133974281979598,0.0,-1.0642811948215514,0;0;-1.06428119482;0;0;0;0;0.0731075011668;0;0;0;0,53443.07326142626,0.005,310,3e-06,1.2569724576211065,,0.0004509565984805806,0.15009489999999914,ok,same_stridge_core,Hx;H*Hxx,0.025,0.9363140180525491
0.7292939740303759,1.4598993851618423,0.15116634143442484,-1.169075760610343,0;0;-1.16907576061;0.151166341434;-0.321683823466;0;0;0.0222386237743;0;0;0;0,52990.13547498088,0.005,311,3e-06,1.555341449798526,,0.00043681784620247294,0.3780301000000037,ok,same_stridge_core,Hx;D_x^1.459899 H;Hxxx;H*Hxx,0.015,0.9194598240987555
0.7367737810365165,1.4141172701663016,0.10343728118948987,-1.1365005652621907,0;0;-1.13650056526;0.103437281189;-0.338339208225;0;0;0.0373844195916;0;0;0;0,53049.40797653076,0.005,312,3e-06,1.5416215561553053,,0.0004201929620083521,0.3480657000000065,ok,same_stridge_core,Hx;D_x^1.414117 H;Hxxx;H*Hxx,0.015,0.9050286604369361
0.7480996503406646,1.0522273618690836,0.0,-0.8171900411267641,0.152285353567;-0.0288882646483;-0.817190041127;0;3.60964148315;0;-0.0375984825377;0;-0.533965124163;0;0;0,53538.4122704812,0.005,313,3e-06,1.8752990032572265,,0.00043010748190884805,0.3616375000000005,ok,same_stridge_core,1;H;Hx;Hxxx;H*Hx;H*Hxxx,0.015909090909090904,0.911607582388565
0.7374415498173922,1.085420882212698,0.0,-1.0718931971875985,0;0;-1.07189319719;0;0;0;0;0.0719893850855;0;0;0;0,53501.02052633682,0.005,314,3e-06,1.2655512553417165,,0.0004598363822920928,0.2685163000000017,ok,same_stridge_core,Hx;H*Hxx,0.02446550762427956,0.9445451321836957
0.7371196150074373,1.3453241841045371,0.0770104068050762,-1.1330157659282614,0;0;-1.13301576593;0.0770104068051;-0.370960992846;0;0;0.0435905112119;0;0;0;0,53149.52174625914,0.005,315,3e-06,1.5467067024387315,,0.0004226384098950174,0.36065569999999525,ok,same_stridge_core,Hx;D_x^1.345324 H;Hxxx;H*Hxx,0.020454605579605586,0.9089124414836217
0.7470047574793857,1.6180501874946098,0.13161236404773247,-1.0741956978287912,0;0;-1.07419569783;0.131612364048;0;0;0;0.0447940656985;0;0;0;0,53015.48761826216,0.005,316,3e-06,1.3770496129477008,,0.00041714980990344727,0.35724089999999364,ok,same_stridge_core,Hx;D_x^1.61805 H;H*Hxx,0.025,0.8999102243833413
0.7357821071159873,1.6157749337874507,0.15487851206137293,-1.116329223669693,0;0;-1.11632922367;0.154878512061;-0.125916916444;0;0;0.0334031996067;0;0;0;0,53009.30920703218,0.005,317,3e-06,1.5518964352317703,,0.0004341330812761087,0.12458690000001127,ok,same_stridge_core,Hx;D_x^1.615775 H;Hxxx;H*Hxx,0.014518515646649268,0.9157847247473841
0.745633302472344,1.2586102619088206,0.04463159580366324,-1.0523274833038818,0.0204252327007;0;-1.0523274833;0.0446315958037;0.592672406242;0;0;0.0792077182534;-0.034160966891;0;0;0,53276.75120559579,0.005,318,3e-06,1.7759026541057514,,0.0003466394342328392,0.36999869999999646,ok,same_stridge_core,1;Hx;D_x^1.25861 H;Hxxx;H*Hxx;H*Hxxx,0.016136363636363633,0.8169211324050272
0.74469007225283,1.6726211757744451,0.15233373682275606,-1.0776940090118574,0;0;-1.07769400901;0.152333736823;0;0;0;0.0416009242862;0;0;0;0,53278.87271045482,0.005,319,3e-06,1.3778551595035082,,0.0004172360394356096,0.36526000000000636,ok,same_stridge_core,Hx;D_x^1.672621 H;H*Hxx,0.015,0.8983453051094148
0.7431748542676604,1.2563792374031326,0.0,-1.0560304558675682,0;0;-1.05603045587;0;0;0;0;0.0743122853513;0;0;0;0,53279.932201630436,0.005,320,3e-06,1.2499226751112111,,0.0004440902998528102,0.1305398000000082,ok,same_stridge_core,Hx;H*Hxx,0.02,0.9302430819014286
0.7384981380753812,1.9331984107302405,0.09032683593030597,-1.0699821818438882,0;0;-1.06998218184;0.0903268359303;0;0;0;0.059600728703;0;0;0;0,62063.925233367925,0.005,321,3e-06,1.4916630956719987,,0.0004511466330426596,0.37217139999999915,ok,same_stridge_core,Hx;D_x^1.933198 H;H*Hxx,0.03990771728271726,0.9330877685716875
0.7453061036773251,1.3232320702536322,0.19583466961900065,-1.2153426722279528,0;0;-1.21534267223;0.195834669619;-1.70701320096;0;0;0;0.119311167247;0;0;0,53182.367158470275,0.005,322,3e-06,1.6952252267406789,,0.0005742156191665901,0.36516960000000154,ok,same_stridge_core,Hx;D_x^1.323232 H;Hxxx;H*Hxxx,0.040624999999999994,1.0570368208390357
0.736227461912825,1.2788858590712808,0.0,-1.0752740820840456,0;0;-1.07527408208;0;0;0;0;0.07149074994;0;0;0;0,53247.56563010023,0.005,323,3e-06,1.2684914326954302,,0.00046457569812557043,0.3835564999999974,ok,same_stridge_core,Hx;H*Hxx,0.0344263796427662,0.9490060389148288
0.7444406561632846,1.3034621280905077,0.0,-1.0525510606276611,0;0;-1.05255106063;0;0;0;0;0.0748181050845;0;0;0;0,53211.615507244824,0.005,324,3e-06,1.2478415543591441,,0.00044204161013059205,0.3751270000000062,ok,same_stridge_core,Hx;H*Hxx,0.02,0.928571861315675
0.7367019621468364,1.89840010622085,0.0,-1.0784874934062834,0;0;-1.07848749341;0;0.229964710528;0;0;0.0695496656601;-0.0575143383931;0;0;0,60695.66405791718,0.005,325,3e-06,1.6720957690566824,,0.00045602571601185325,0.26515870000000064,ok,same_stridge_core,Hx;Hxxx;H*Hxx;H*Hxxx,0.015,0.9437478003616762
0.7405067319467526,1.693264612930306,0.1495120825144222,-1.0901874398465523,0;0;-1.09018743985;0.149512082514;-0.0865157148939;0;0;0.0406313175123;0;0;0;0,53458.240558951074,0.005,326,3e-06,1.5483987546187636,,0.00042551041452529564,0.2794507999999922,ok,same_stridge_core,Hx;D_x^1.693265 H;Hxxx;H*Hxx,0.015,0.9068998679113507
0.7426741117720563,1.245765625125343,0.0,-1.0574091510377333,0;0;-1.05740915104;0;0;0;0;0.0741114895459;0;0;0;0,53294.97648572477,0.005,327,3e-06,1.2508206505620318,,0.00044504022160842503,0.3829089000000039,ok,same_stridge_core,Hx;H*Hxx,0.02,0.9310507916476832
0.7467089271067734,1.713478838636063,0.16252404277763943,-1.068638340605356,0;0;-1.06863834061;0.162524042778;0;0;0;0.0422361461456;0;0;0;0,53695.24459317285,0.005,328,3e-06,1.3789277717288893,,0.0004146786141710538,0.3802820999999881,ok,same_stridge_core,Hx;D_x^1.713479 H;H*Hxx,0.024481553047342532,0.8956705703903337
0.7409953148863904,1.1967553000595996,0.0,-1.062040788612625,0;0;-1.06204078861;0;0;0;0;0.0734353898899;0;0;0;0,53362.347764764774,0.005,329,3e-06,1.2545459584248304,,0.00044881056641620626,0.27585940000000164,ok,same_stridge_core,Hx;H*Hxx,0.020500000000000004,0.9343718718362417
0.751449272209431,1.353596300756562,0.21198519138689095,-1.19541091087174,0;0;-1.19541091087;0.211985191387;-1.79688216575;0;0;0;0.143630757775;0;0;0,53137.22721818507,0.005,330,3e-06,1.7073852864488341,,0.0005899022040815299,0.36544829999999706,ok,same_stridge_core,Hx;D_x^1.353596 H;Hxxx;H*Hxxx,0.019597068233910348,1.0697385598306133
0.748993914491229,1.3055043094634422,0.19308530465827756,-1.2144081867645466,0;0;-1.21440818676;0.193085304658;-1.91272809359;0;0;0;0.137365291326;0;0;0,53208.60525088265,0.005,331,3e-06,1.7464890069736054,,0.0006311350686729996,0.38692230000000905,ok,same_stridge_core,Hx;D_x^1.305504 H;Hxxx;H*Hxxx,0.029498742603317762,1.1079857439630136
0.7455778285432089,1.3457605027743813,0.0,-1.0551456036929172,0;0;-1.05514560369;0;-0.12521498844;0;0;0.0740127593804;0;0;0;0,53148.8728448201,0.005,332,3e-06,1.4022597715767744,,0.00043709962789426266,0.3844196000000011,ok,same_stridge_core,Hx;Hxxx;H*Hxx,0.019733738191632932,0.9239199159733935
0.7445256654898624,1.3242882299946321,0.0,-1.0578281238822052,0;0;-1.05782812388;0;-0.120767653735;0;0;0.0736390458848;0;0;0;0,53180.79908359394,0.005,333,3e-06,1.4038544062429588,,0.00043864054563221304,0.37189050000000634,ok,same_stridge_core,Hx;Hxxx;H*Hxx,0.02,0.9252272144906132
0.745973417311574,1.4089793816645775,0.21732124791574456,-1.1845117744941551,0;0;-1.18451177449;0.217321247916;-0.752488896831;0;0;0;0;0;0;0,53056.58993995756,0.005,334,3e-06,1.4857137608505155,,0.0005164087644770675,0.25031420000000537,ok,same_stridge_core,Hx;D_x^1.408979 H;Hxxx,0.05482484182484182,1.0082044513908974
0.7495370500740635,1.924751267990663,0.1875447491591475,-1.041416515321575,0;0;-1.04141651532;0.187544749159;0;0;0;0.0497797480161;0;0;0;0,61800.86822018131,0.005,335,3e-06,1.4532174785535146,,0.0004169456083491898,0.14827739999999778,ok,same_stridge_core,Hx;D_x^1.924751 H;H*Hxx,0.015,0.8970096645718826
0.7483010834866177,1.4318855675206972,0.22503594710575053,-1.1641384552856646,0;0;-1.16413845529;0.225035947106;0;0;0;0;-0.0911128148447;0;0;0,53025.25270420685,0.005,336,3e-06,1.5339081022350034,,0.0005639123187111832,0.36170789999999897,ok,same_stridge_core,Hx;D_x^1.431886 H;H*Hxxx,0.01944073467189463,1.0566808278971418
0.74848281671719,1.1477908730845776,0.0459993177381958,-0.9111884145546498,0.13646161795;-0.0247856147594;-0.911188414555;0.0459993177382;2.37915111075;0;-0.0293657565769;0;-0.360141868309;0;0;0,53425.86712220685,0.005,337,3e-06,1.9736046452787546,,0.0003756884695738298,0.12543940000000475,ok,same_stridge_core,1;H;Hx;D_x^1.147791 H;Hxxx;H*Hx;H*Hxxx,0.018636363636363628,0.8516614357124106
0.7395504343470409,1.4631893653967027,0.24632455165174538,-1.163123154256103,0;0;-1.16312315426;0.246324551652;0;0;0;0;0;0;0;0,52986.32376179123,0.005,338,3e-06,1.3325703022986033,,0.0005345145167588557,0.38620450000000517,ok,same_stridge_core,Hx;D_x^1.463189 H,0.10750000000000004,1.0146523597278558
0.7634672990844593,1.6077438886741509,0.0,-1.0103639172273018,0;0;-1.01036391723;0;-0.200126203645;0;0;0.0801102052402;0;0;0;0,52989.81345806053,0.005,339,3e-06,1.4276910950858788,,0.0004581737474299752,0.2723688000000095,ok,same_stridge_core,Hx;Hxxx;H*Hxx,0.02445648434812523,0.9507827739633339
0.7401851316950814,1.2432855711751083,0.0,-1.0642811948215507,0;0;-1.06428119482;0;0;0;0;0.0731075011668;0;0;0;0,53298.46985562804,0.005,340,3e-06,1.2561048371863175,,0.0004509565984805806,0.2667215999999968,ok,same_stridge_core,Hx;H*Hxx,0.02,0.9363140180525492
0.7571788127417372,1.190956804335452,0.010299525801892018,-0.8967307637534891,0.102748642274;-0.0155501564979;-0.896730763753;0.0102995258019;3.89086711494;0;-0.0133296227166;-0.00331490623113;-0.903982559129;0;0.00900883895243;0.0703069770026,53370.07398290785,0.005,341,3e-06,2.36099911520754,,0.0002993823728008517,0.3718798000000021,ok,same_stridge_core,1;H;Hx;D_x^1.190957 H;Hxxx;H*Hx;H*Hxx;H*Hxxx;H^2*Hxx;H^2*Hxxx,0.005,0.7598968957203045
0.7485364104707101,1.7323855729260893,0.16987924600136664,-1.062296621568607,0;0;-1.06229662157;0.169879246001;0;0;0;0.0424281747234;0;0;0;0,53985.84191056681,0.005,342,3e-06,1.3796222958849924,,0.0004127095968647476,0.14387550000000715,ok,same_stridge_core,Hx;D_x^1.732386 H;H*Hxx,0.015,0.8937497186898912
0.744006687761085,1.2789389810746061,0.0,-1.0537430128664749,0;0;-1.05374301287;0;0;0;0;0.0746449769745;0;0;0;0,53247.4886633131,0.005,343,3e-06,1.2485699965599397,,0.0004426874037484059,0.36843910000000335,ok,same_stridge_core,Hx;H*Hxx,0.02,0.929085064580061
0.7447408334215959,1.2059632333461054,0.039541120225309895,-1.05808570683771,0.0195870733883;0;-1.05808570684;0.0395411202253;0.344208995146;0;0;0.0796325672196;0;0;0;0,53349.968945823435,0.005,344,3e-06,1.623070962324037,,0.0003523762154376435,0.35827270000000055,ok,same_stridge_core,1;Hx;D_x^1.205963 H;Hxxx;H*Hxx,0.015,0.8228214281366854
0.7483010834866177,1.4318855675206972,0.22503594710574965,-1.1641384552856675,0;0;-1.16413845529;0.225035947106;0;0;0;0;-0.0911128148447;0;0;0,53025.25270420685,0.005,345,3e-06,1.5339081022350045,,0.0005639123187111832,0.02640350000000069,ok,same_stridge_core,Hx;D_x^1.431886 H;H*Hxxx,0.02,1.056680827897143
0.736858936434566,1.421785484138093,0.10600381882853789,-1.1360061953633183,0;0;-1.13600619536;0.106003818829;-0.332255722616;0;0;0.03695367745;0;0;0;0,53038.842392592516,0.005,346,3e-06,1.5411204723719965,,0.0004199609111641651,0.36406119999999476,ok,same_stridge_core,Hx;D_x^1.421785 H;Hxxx;H*Hxx,0.015,0.9046543636608861
0.7397858923090732,1.3860499127385062,0.08119691739456533,-1.1211669745430155,0;0;-1.12116697454;0.0811969173946;-0.335256638668;0;0;0.0446321914984;0;0;0;0,53089.425898863476,0.005,347,3e-06,1.5426916792972558,,0.00041951636815148796,0.35316319999999735,ok,same_stridge_core,Hx;D_x^1.38605 H;Hxxx;H*Hxx,0.015,0.905618568510894
0.7328879153464214,1.5143797508528078,0.15244012345172192,-1.1454855065224103,0;0;-1.14548550652;0.152440123452;-0.24115786415;0;0;0.0267577368398;0;0;0;0,52940.07794977412,0.005,348,3e-06,1.5493296088632493,,0.0004316898071930939,0.35141029999999773,ok,same_stridge_core,Hx;D_x^1.51438 H;Hxxx;H*Hxx,0.02,0.9140486734659597
0.7416702159553589,1.1480044845480353,0.031059753117931018,-0.9874475260716609,0.0944006893224;-0.0147372925211;-0.987447526072;0.0310597531179;3.00037961686;0;-0.0111282609799;-0.0338165841414;-0.713326172582;0;0.0105468702023;0.0560796539415,53425.59853645447,0.005,349,3e-06,2.386579074316455,,0.00031821935187257005,0.36466430000000116,ok,same_stridge_core,1;H;Hx;D_x^1.148004 H;Hxxx;H*Hx;H*Hxx;H*Hxxx;H^2*Hxx;H^2*Hxxx,0.005,0.7838111182228212
0.745840356222287,1.3703126509889039,0.07380264618374578,-1.0584505991470916,0.0200205833009;0;-1.05845059915;0.0738026461837;0.553707588842;0;0;0.0713801999632;-0.0265105635522;0;0;0,53112.481911603805,0.005,350,3e-06,1.76581532948421,,0.00034220075555391893,0.36663719999999955,ok,same_stridge_core,1;Hx;D_x^1.370313 H;Hxxx;H*Hxx;H*Hxxx,0.01,0.8097906550753416
0.7559933969801479,1.0925445053282072,0.0,-0.9828629228285658,0.0204374833362;0;-0.982862922829;0;0.0616803179494;0;0;0.0991716566213;0.234172400657;0;0;-0.0230085649152,53492.76262651985,0.005,351,3e-06,1.7721102417190355,,0.0003392140959508282,0.3613344999999981,ok,same_stridge_core,1;Hx;Hxxx;H*Hxx;H*Hxxx;H^2*Hxxx,0.01,0.8092405144416781
0.73024711282469,1.6163505259541764,0.15831526861354814,-1.1267769220383799,0;0;-1.12677692204;0.158315268614;0;0;0;0.0315762387939;0;0;0;0,53010.84409960886,0.005,352,3e-06,1.4196390571238764,,0.0004630112969977415,0.2527920999999935,ok,same_stridge_core,Hx;D_x^1.616351 H;H*Hxx,0.03448529411764706,0.9425414602273967
0.7499311624247897,1.050985031994645,0.0,-0.8094419485611224,0.154725985124;-0.029317849133;-0.809441948561;0;3.60845432821;0;-0.0379900113146;0;-0.531449906087;0;0;0,53539.777394644865,0.005,353,3e-06,1.8730202722163047,,0.00042817903935759183,0.36678899999999715,ok,same_stridge_core,1;H;Hx;Hxxx;H*Hx;H*Hxxx,0.015,0.9093042791126972
0.7431748542676604,1.6522912246354853,0.14772612366595847,-1.0836298398216702,0;0;-1.08362983982;0.147726123666;0;0;0;0.0410627706067;0;0;0;0,53150.78686606323,0.005,354,3e-06,1.378919156089701,,0.0004195180334348867,0.2696389000000039,ok,same_stridge_core,Hx;D_x^1.652291 H;H*Hxx,0.015,0.9005620742951318
0.744423204135629,1.4054689541522902,0.07013652764950867,-1.099237256905621,0;0;-1.09923725691;0.0701365276495;-0.299913782028;0;0;0.0506462625801;0;0;0;0,53061.539368650825,0.005,355,3e-06,1.5427697130504914,,0.0004190749502542796,0.3701406999999932,ok,same_stridge_core,Hx;D_x^1.405469 H;Hxxx;H*Hxx,0.02,0.9060312406266815
0.7370439018763938,1.3488976253175353,0.0,-1.072999690078155,0;0;-1.07299969008;0;0;0;0;0.0718263313199;0;0;0;0,53144.208540062195,0.005,356,3e-06,1.2648159275429203,,0.0004613332015446244,0.36280170000000567,ok,same_stridge_core,Hx;H*Hxx,0.04,0.945950676302547
0.7478076401654838,1.2412398230073534,0.06694523000331305,-0.9259447514027388,0.126293628706;-0.022558599966;-0.925944751403;0.0669452300033;2.28037926798;0;-0.0280506651138;0;-0.343691401177;0;0;0,53301.34535490068,0.005,357,3e-06,1.9637053678882292,,0.0003689196632500785,0.38360230000000684,ok,same_stridge_core,1;H;Hx;D_x^1.24124 H;Hxxx;H*Hx;H*Hxxx,0.01,0.8443771154353148
0.7330199178991849,1.5728841220431682,0.16027663975810746,-1.1338145105287942,0;0;-1.13381451053;0.160276639758;-0.164415333713;0;0;0.0284248406055;0;0;0;0,52939.89782916406,0.005,358,3e-06,1.556178541314515,,0.00043911005408644197,0.372810599999994,ok,same_stridge_core,Hx;D_x^1.572884 H;Hxxx;H*Hxx,0.019499159217115883,0.9208997673645465
0.7443827797921077,1.3493179120483554,0.0,-1.0581928353295937,0;0;-1.05819283533;0;-0.120163493784;0;0;0.0735881666886;0;0;0;0,53143.58364793698,0.005,359,3e-06,1.4037239216659048,,0.0004388756224867916,0.36507480000000214,ok,same_stridge_core,Hx;Hxxx;H*Hxx,0.02,0.9254316688344719
0.7405712793569369,1.0789003646138267,0.0,-1.063212951153098,0;0;-1.06321295115;0;0;0;0;0.0732639108624;0;0;0;0,53508.506561747956,0.005,360,3e-06,1.2564117154936976,,0.0004499069805979091,0.3602988000000096,ok,same_stridge_core,Hx;H*Hxx,0.02621428571428572,0.9353606761232098
0.75038029132722,1.3034621280905077,0.19354682512728294,-1.2126798149664557,0;0;-1.21267981497;0.193546825127;-1.97045376773;0;0;0;0.143619397531;0;0;0,53211.615507244824,0.005,361,3e-06,1.7613040151507657,,0.0006483425130810849,0.1344244999999944,ok,same_stridge_core,Hx;D_x^1.303462 H;Hxxx;H*Hxxx,0.025,1.1227646290638278
0.7410875073757153,1.2283846612256941,0.0,-1.0617860645481532,0;0;-1.06178606455;0;0;0;0;0.0734726323605;0;0;0;0,53319.27783797489,0.005,362,3e-06,1.2540804599342927,,0.0004485798306633127,0.13180529999999635,ok,same_stridge_core,Hx;H*Hxx,0.02,0.9341647929064434
0.737268019597271,1.558035199507488,0.14678346458521788,-1.1219955857232053,0;0;-1.12199558572;0.146783464585;-0.192699420492;0;0;0.0325846791735;0;0;0;0,52932.05474986752,0.005,363,3e-06,1.5408955315608304,,0.0004233972546516522,0.25566809999999407,ok,same_stridge_core,Hx;D_x^1.558035 H;Hxxx;H*Hxx,0.014944227989669328,0.9057108745624202
0.7480472081376992,1.7622524959808323,0.39186719677556586,-1.0833359569982564,0;0;-1.083335957;0.391867196776;0;0;0;0;0;0;0;0,54617.81167719437,0.005,364,3e-06,1.2656528187965401,,0.0004555916442433249,0.1328844000000089,ok,same_stridge_core,Hx;D_x^1.762252 H,0.10100000000000003,0.9379459487333738
0.7356171631585018,1.924751267990663,0.06768774397837696,-1.077983902904527,0;0;-1.0779839029;0.0676877439784;0;0;0;0.0614766752901;0;0;0;0,61800.86822018131,0.005,365,3e-06,1.5027403833750765,,0.0004643067723340222,0.14602770000000476,ok,same_stridge_core,Hx;D_x^1.924751 H;H*Hxx,0.01947953216374271,0.9465325693934447
0.7500079182047472,1.2747068796529935,0.18336766256236328,-1.2217879084572496,0;0;-1.22178790846;0.183367662562;-2.06606012362;0;0;0;0.141774858571;0;0;0,53253.61988506212,0.005,366,3e-06,1.7998134367765273,,0.0006919215762073205,0.355465499999994,ok,same_stridge_core,Hx;D_x^1.274707 H;Hxxx;H*Hxxx,0.02161811447811448,1.1607699981557817
0.7477532661900207,1.2780356788522955,0.04406107759388692,-1.04269034921415,0.0208851465482;0;-1.04269034921;0.0440610775939;0.599820215903;0;0;0.0812502129862;-0.029262686091;0;0;0,53248.799035111566,0.005,367,3e-06,1.7709562663439584,,0.00034300883589828533,0.3552739999999943,ok,same_stridge_core,1;Hx;D_x^1.278036 H;Hxxx;H*Hxx;H*Hxxx,0.01,0.8124778837119502
0.7425627047575778,1.2452115163022857,0.0,-1.0577160631947018,0;0;-1.05771606319;0;0;0;0;0.0740667609132;0;0;0;0,53295.75764859727,0.005,368,3e-06,1.251016447351625,,0.00044526241266785793,0.3769533999999908,ok,same_stridge_core,Hx;H*Hxx,0.02,0.9312419014600414
0.7634672990844593,1.2812177437452472,0.0,-1.0103639172273018,0;0;-1.01036391723;0;-0.200126203645;0;0;0.0801102052402;0;0;0;0,53244.179254431976,0.005,369,3e-06,1.4299803872532217,,0.0004581737474299752,0.2852539000000007,ok,same_stridge_core,Hx;Hxxx;H*Hxx,0.024641325536062374,0.9507827739633339
0.7330577753406607,1.5562189245500937,0.1589298889070094,-1.1371261391153606,0;0;-1.13712613912;0.158929888907;-0.185715114674;0;0;0.0277287008249;0;0;0;0,52931.53269485411,0.005,370,3e-06,1.5536024807593156,,0.0004364940460676837,0.3671927000000039,ok,same_stridge_core,Hx;D_x^1.556219 H;Hxxx;H*Hxx,0.02,0.9184240884210662
0.7413688093190648,1.1365758396872336,0.0,-1.0610090974412345,0;0;-1.06100909744;0;0;0;0;0.0735861913832;0;0;0;0,53439.857857822535,0.005,371,3e-06,1.2541902117249788,,0.00044789315448306034,0.13846789999999487,ok,same_stridge_core,Hx;H*Hxx,0.025000000000000005,0.9335510645780436
0.7395165493481314,1.7323855729260893,0.14727459678702345,-1.0842928639720413,0;0;-1.08429286397;0.147274596787;0;0;0;0.0433522109078;0;0;0;0,53985.84191056681,0.005,372,3e-06,1.399769713959374,,0.0004332842848790202,0.12975590000000636,ok,same_stridge_core,Hx;D_x^1.732386 H;H*Hxx,0.02,0.9138971367642728
0.7395165493481314,1.7813707186264054,0.13865423167981047,-1.078636576048084,0;0;-1.07863657605;0.13865423168;0;0;0;0.0471373432289;0;0;0;0,55158.4057382483,0.005,373,3e-06,1.4143789276167114,,0.0004371570335455627,0.2598897000000022,ok,same_stridge_core,Hx;D_x^1.781371 H;H*Hxx,0.02,0.9179532759724767
0.7493783388398777,1.1320635832603607,0.04245899398541534,-0.9039079967501498,0.139200235169;-0.0253537552819;-0.90390799675;0.0424589939854;2.41616181682;0;-0.029866743911;0;-0.364639495918;0;0;0,53445.42782125553,0.005,374,3e-06,1.9762130995474352,,0.00037776611695695755,0.35391690000000153,ok,same_stridge_core,1;H;Hx;D_x^1.132064 H;Hxxx;H*Hx;H*Hxxx,0.011818181818181816,0.8538591153010692
0.7448711703588619,1.311316193783564,0.0,-1.056946645357171,0;0;-1.05694664536;0;-0.122228559134;0;0;0.0737619551596;0;0;0;0,53200.02283555463,0.005,375,3e-06,1.4035598943296714,,0.00043809769945944905,0.37467530000000693,ok,same_stridge_core,Hx;Hxxx;H*Hxx,0.02,0.9247596888096797
0.7491260465452684,1.1882493297615238,0.1534108030198043,-1.2459441013826003,0;0;-1.24594410138;0.15341080302;-2.28453219288;0;0;0;0.12218903296;0;0;0,53373.66298829767,0.005,376,3e-06,1.9416602704692114,,0.0008652979971319484,0.3660519000000022,ok,same_stridge_core,Hx;D_x^1.188249 H;Hxxx;H*Hxxx,0.02,1.3011763146096393
0.736683418937081,1.3534976506170975,0.08142263486223476,-1.1356853871241377,0;0;-1.13568538712;0.0814226348622;-0.371965369599;0;0;0.0421785122084;0;0;0;0,53137.37375484706,0.005,377,3e-06,1.546165560383221,,0.0004224803814332403,0.36734010000000694,ok,same_stridge_core,Hx;D_x^1.353498 H;Hxxx;H*Hxx,0.015,0.9085170753250563
0.7555670462347945,1.02699543901224,0.0,-0.9843051092832508,0.0202784345571;0;-0.984305109283;0;0.0501993443083;0;0;0.0987843130143;0.238154086999;0;0;-0.0234694952101,53565.66128425738,0.005,378,3e-06,1.7740843503919441,,0.00033977824954332844,0.36251430000000084,ok,same_stridge_core,1;Hx;Hxxx;H*Hxx;H*Hxxx;H^2*Hxxx,0.01,0.8099024472753114
0.7332583662128273,1.6556032039257345,0.15159864324042452,-1.1114619747071535,0;0;-1.11146197471;0.15159864324;0;0;0;0.0362977631103;0;0;0;0,53168.843414139286,0.005,379,3e-06,1.411421873570827,,0.0004527319219116992,0.36245110000000125,ok,same_stridge_core,Hx;D_x^1.655603 H;H*Hxx,0.02162307692307691,0.9329022828435735
0.7398509503821933,1.178040217925309,0.0,-1.0652062911018698,0;0;-1.0652062911;0;0;0;0;0.0729719503249;0;0;0;0,53387.08962857256,0.005,380,3e-06,1.2575024687199052,,0.00045190436857405055,0.12885169999999846,ok,same_stridge_core,Hx;H*Hxx,0.022904545454545466,0.93717993094847
0.7358978139117095,1.1150644130495444,0.0,-1.0761933791584892,0;0;-1.07619337916;0;0;0;0;0.0713549551168;0;0;0;0,53466.10664567713,0.005,381,3e-06,1.2711006651910428,,0.0004659497722246498,0.13916470000000913,ok,same_stridge_core,Hx;H*Hxx,0.02442208462332302,0.9503040253169801
0.7700948635371934,1.2978140325359926,0.0,-0.9941652194102697,0;0;-0.99416521941;0;-0.227530652455;0;0;0.0822484130532;0;0;0;0,53219.92451645262,0.005,382,3e-06,1.4596893017452408,,0.0004862357710865873,0.3614491000000015,ok,same_stridge_core,Hx;Hxxx;H*Hxx,0.024407448275456534,0.9807099810971672
0.7442107328398739,1.394992341773092,0.22798063427434798,-1.1655074889003998,0;0;-1.1655074889;0.227980634274;0;0;0;0;0;0;0;0,53076.488874769944,0.005,383,3e-06,1.4645661787019737,,0.000675033675792203,0.3671580000000034,ok,same_stridge_core,Hx;D_x^1.394992 H,0.06499999999999999,1.146107245453354
0.7332583662128273,1.6556032039257345,0.30874839437405677,-1.1407231374256404,0;0;-1.14072313743;0.308748394374;0;0;0;0;0;0;0;0,53168.843414139286,0.005,384,3e-06,1.280596130856831,,0.00048107731360329936,0.029670199999998204,ok,same_stridge_core,Hx;D_x^1.655603 H,0.05408741258741258,0.9615830703719952
0.7574449976405013,1.053861461765067,0.0,-0.9745609858631628,0.0224407034635;0;-0.974560985863;0;0.879991012617;0;0;0.103358647367;-0.0352126680556;0;0;0,53536.612985492626,0.005,385,3e-06,1.6121483640971448,,0.0003391934856977842,0.3799534000000051,ok,same_stridge_core,1;Hx;Hxxx;H*Hxx;H*Hxxx,0.015,0.8090991693147552
0.7447743639963907,1.1316376007861386,0.025638528291036532,-0.975021150895372,0.0870334425586;-0.0132192630593;-0.975021150895;0.025638528291;2.71525554114;0;-0.011186700659;0;-0.58994679103;0;0.00699321041584;0.0422061325213,53445.95190322652,0.005,386,3e-06,2.2215635699897835,,0.00031461267091188483,0.3556341000000032,ok,same_stridge_core,1;H;Hx;D_x^1.131638 H;Hxxx;H*Hx;H*Hxxx;H^2*Hxx;H^2*Hxxx,0.005,0.7785228686026674
0.7505152400825705,1.2747068796529935,0.18375215098053735,-1.2209423697056054,0;0;-1.22094236971;0.183752150981;-2.08411746825;0;0;0;0.143967306368;0;0;0,53253.61988506212,0.005,387,3e-06,1.8046516136170632,,0.000697840784817142,0.1320541999999989,ok,same_stridge_core,Hx;D_x^1.274707 H;Hxxx;H*Hxxx,0.02010948526161931,1.1656081749963176
0.7330394123220463,1.602338862120677,0.16007339126745324,-1.127380330781553,0;0;-1.12738033078;0.160073391267;-0.12970232601;0;0;0.0303204948461;0;0;0;0,52978.59092105864,0.005,388,3e-06,1.5610304975089486,,0.0004436914810779277,0.3501903000000084,ok,same_stridge_core,Hx;D_x^1.602339 H;Hxxx;H*Hxx,0.01993696648298734,0.925287406456245
0.7417530216744708,1.27838769965489,0.0,-1.0599485528349848,0;0;-1.05994855283;0;0;0;0;0.0737410922689;0;0;0;0,53248.28835651676,0.005,389,3e-06,1.252245473366584,,0.0004469965854924193,0.3532948999999803,ok,same_stridge_core,Hx;H*Hxx,0.02,0.9327557432274834
0.7314363146860678,1.553062794415948,0.2665121110499082,-1.1646284623396608,0;0;-1.16462846234;0.26651211105;0;0;0;0;0;0;0;0,52930.8332766538,0.005,390,3e-06,1.2721997354878212,,0.0004768433879460327,0.35489820000000805,ok,same_stridge_core,Hx;D_x^1.553063 H,0.05499999999999999,0.9546147358278984
0.7444406561632846,1.3668225334388344,0.0,-1.0580450953219807,0;0;-1.05804509532;0;-0.120408151084;0;0;0.073608778139;0;0;0;0,53117.632104716235,0.005,391,3e-06,1.403406746592945,,0.00043877964652183686,0.26627999999999474,ok,same_stridge_core,Hx;Hxxx;H*Hxx,0.02,0.9253480576504989
0.7566838402881626,1.2283846612256941,0.0,-0.9769976550414607,0.022214053346;0;-0.976997655041;0;0.889350965342;0;0;0.102780507991;-0.037906698115;0;0;0,53319.27783797489,0.005,392,3e-06,1.6100276778191778,,0.00034016861184845874,0.12807980000002317,ok,same_stridge_core,1;Hx;Hxxx;H*Hxx;H*Hxxx,0.015,0.8102385102495543
0.747552056773956,1.0520149916881592,0.03317108010120162,-0.9088358231511044,0.141511745542;-0.0259799076055;-0.908835823151;0.0331710801012;2.41915467386;0;-0.0296992638361;0;-0.369270117395;0;0;0,53538.645880922406,0.005,393,3e-06,1.9792922632095455,,0.0003789516959923901,0.1283104000000037,ok,same_stridge_core,1;H;Hx;D_x^1.052015 H;Hxxx;H*Hx;H*Hxxx,0.01085178556858295,0.854980699710175
0.7423902198622496,1.3867943144604016,0.0714870310328079,-1.1082323262341296,0;0;-1.10823232623;0.0714870310328;-0.31732301464;0;0;0.0488627209241;0;0;0;0,53088.3436206882,0.005,394,3e-06,1.5432391458453445,,0.0004194455541544998,0.3670289000000082,ok,same_stridge_core,Hx;D_x^1.386794 H;Hxxx;H*Hxx,0.015,0.9061790223970859
0.7355611015457499,1.765133864824316,0.0,-1.0771329489624795,0;0;-1.07713294896;0;0;0;0;0.0712160676485;0;0;0;0,54691.9047548524,0.005,395,3e-06,1.2798196529275292,,0.00046739205515675526,0.26417670000000726,ok,same_stridge_core,Hx;H*Hxx,0.061369708994708984,0.9516682243984147
0.7243192345569615,1.012571969925514,0.0,-1.1088420863591537,0;0;-1.10884208636;0;0;0;0;0.0664735684145;0;0;0;0,53580.79360506204,0.005,396,3e-06,1.3406640435543233,,0.0005391032033623675,0.26334320000000844,ok,same_stridge_core,Hx;H*Hxx,0.01954589161910214,1.0191792819239511
0.7464556040794132,1.2799816540378135,0.0476445330912932,-1.0497042420491356,0.0205772833904;0;-1.04970424205;0.0476445330913;0.58681682172;0;0;0.0790535931957;-0.0309957762131;0;0;0,53245.97507794571,0.005,397,3e-06,1.7726230657631699,,0.0003445718022507298,0.37352970000000596,ok,same_stridge_core,1;Hx;D_x^1.279982 H;Hxxx;H*Hxx;H*Hxxx,0.01,0.814195514360147
0.7447647522360168,1.1981942971423982,0.038012587076816685,-1.0573317782862008,0.0195769933611;0;-1.05733177829;0.0380125870768;0.34538539252;0;0;0.0801263385397;0;0;0;0,53360.42210655134,0.005,398,3e-06,1.6237765362172123,,0.00035277329132111986,0.36911959999997634,ok,same_stridge_core,1;Hx;D_x^1.198194 H;Hxxx;H*Hxx,0.015,0.8233702046189421
0.7441385999981651,1.1919739211455993,0.03810342319420313,-1.0602629487705006,0.0194093544803;0;-1.06026294877;0.0381034231942;0.333256685028;0;0;0.0795476169763;0;0;0;0,53368.72254031166,0.005,399,3e-06,1.6255984204142948,,0.0003542211455393506,0.360817499999996,ok,same_stridge_core,1;Hx;D_x^1.191974 H;Hxxx;H*Hxx,0.015,0.8250675823096199
0.7395245837382006,1.2432855711751083,0.0,-1.066110317553597,0;0;-1.06611031755;0;0;0;0;0.072839400636;0;0;0;0,53298.46985562804,0.005,400,3e-06,1.2578529485927745,,0.00045286563869658395,0.1453215999999884,ok,same_stridge_core,Hx;H*Hxx,0.02,0.9380621294590062
0.7508976217547579,1.3227832495183924,0.20068390976094042,-1.2059308436623721,0;0;-1.20593084366;0.200683909761;-1.91024055658;0;0;0;0.144815983006;0;0;0,53183.03329123926,0.005,401,3e-06,1.7400157401208678,,0.0006250104477261978,0.39152749999999514,ok,same_stridge_core,Hx;D_x^1.322783 H;Hxxx;H*Hxxx,0.02,1.1018193406259966
0.7363748530624908,1.5929971243667,0.1533487776861245,-1.1188930762661384,0;0;-1.11889307627;0.153348777686;-0.151492528283;0;0;0.0326501005444;0;0;0;0,52962.46508759366,0.005,402,3e-06,1.5467243869033,,0.0004293193177527667,0.37400370000000294,ok,same_stridge_core,Hx;D_x^1.592997 H;Hxxx;H*Hxx,0.014470675424711681,0.9111748058521761
0.748347604258684,1.607507240377618,0.13387132554406117,-1.080606004841573,0;0;-1.08060600484;0.133871325544;-0.180585142994;0;0;0.0425307674336;0;0;0;0,52989.29127817059,0.005,403,3e-06,1.5304640373552165,,0.00041090878986849063,0.361036299999995,ok,same_stridge_core,Hx;D_x^1.607507 H;Hxxx;H*Hxx,0.015,0.8945925420171693
0.7426297789562797,1.3585134755711348,0.08561163020220426,-1.0797491338152279,0.0186961016741;0;-1.07974913382;0.0856116302022;0.313542092838;0;0;0.0647466396719;0;0;0;0,53129.930374867916,0.005,404,3e-06,1.613390084008231,,0.000349080693221667,0.36724320000001853,ok,same_stridge_core,1;Hx;D_x^1.358513 H;Hxxx;H*Hxx,0.01,0.8164411283852121
0.7366627410032444,1.2309948656727288,0.0,-1.0740610776716053,0;0;-1.07406107767;0;0;0;0;0.0716697953134;0;0;0;0,53315.65582420651,0.005,405,3e-06,1.2672426097141467,,0.00046281861209480424,0.3651429999999891,ok,same_stridge_core,Hx;H*Hxx,0.025,0.9473486747689076
0.7446934885809684,1.3072195467913679,0.05904726680780003,-1.0610911302996844,0.0200715391641;0;-1.0610911303;0.0590472668078;0.557218989062;0;0;0.0742106769248;-0.0314077432579;0;0;0,53206.07454634944,0.005,406,3e-06,1.7728851720679577,,0.0003459295193786216,0.3779580000000067,ok,same_stridge_core,1;Hx;D_x^1.30722 H;Hxxx;H*Hxx;H*Hxxx,0.01,0.8151758302336679
0.7269894996603483,1.137860560653964,0.047712411833984385,-1.170241375040811,0;0;-1.17024137504;0.047712411834;-0.502680333546;0;0;0.0452033515375;0;0;0;0,53438.26578631835,0.005,407,3e-06,1.5779290182479762,,0.00044887147421446364,0.26349519999999416,ok,same_stridge_core,Hx;D_x^1.137861 H;Hxxx;H*Hxx,0.015,0.9366698288121559
0.7392030578343628,1.4322536077329793,0.23556083164675148,-1.1698831100805027,0;0;-1.16988311008;0.235560831647;0;0;0;0;0;0;0;0,53024.76536166127,0.005,408,3e-06,1.3664361946905985,,0.0005697727030013742,0.3805980000000204,ok,same_stridge_core,Hx;D_x^1.432254 H,0.05499999999999999,1.048287602520631
0.7392574563505299,1.3888310248507452,0.08423089647805311,-1.1239029829043887,0;0;-1.1239029829;0.0842308964781;-0.337691160137;0;0;0.043528305159;0;0;0;0,53085.387435901524,0.005,409,3e-06,1.5424791009496008,,0.000419531031978313,0.26204309999999964,ok,same_stridge_core,Hx;D_x^1.388831 H;Hxxx;H*Hxx,0.020991071428571435,0.9054544517187826
0.7437165229106925,1.3291086191311854,0.0,-1.0598947728668773,0;0;-1.05989477287;0;-0.117344481475;0;0;0.0733504937153;0;0;0;0,53173.63818647896,0.005,410,3e-06,1.4050327567886876,,0.000440053930802326,0.3662352999999996,ok,same_stridge_core,Hx;Hxxx;H*Hxx,0.02,0.9264700131103769
0.7502566331374532,1.1745512493055719,0.04892456797701925,-0.9025807553202647,0.137293458078;-0.0248800481322;-0.90258075532;0.048924567977;2.40535593258;0;-0.0298219391332;0;-0.360767666695;0;0;0,53391.639272819375,0.005,411,3e-06,1.9739520624349236,,0.0003766791183395593,0.3597560000000044,ok,same_stridge_core,1;H;Hx;D_x^1.174551 H;Hxxx;H*Hx;H*Hxxx,0.011818181818181816,0.8527276377057166
0.7464910924643196,1.2201299417206135,0.034903618215917594,-1.0445448700711037,0.0206475344472;0;-1.04454487007;0.0349036182159;0.628312883605;0;0;0.0829049186195;-0.0366207716629;0;0;0,53330.6658568602,0.005,412,3e-06,1.7780918430152097,,0.00034716189524196034,0.381139399999995,ok,same_stridge_core,1;Hx;D_x^1.22013 H;Hxxx;H*Hxx;H*Hxxx,0.01,0.8181398575917261
0.7464556040794132,1.2799816540378135,0.047644533091293934,-1.0497042420491371,0.0205772833904;0;-1.04970424205;0.0476445330913;0.58681682172;0;0;0.0790535931957;-0.0309957762131;0;0;0,53245.97507794571,0.005,413,3e-06,1.7726230657631696,,0.00034457180225072967,0.042734999999993306,ok,same_stridge_core,1;Hx;D_x^1.279982 H;Hxxx;H*Hxx;H*Hxxx,0.01,0.8141955143601468
0.7413997837814668,1.2563792374031326,0.0,-1.06092356713229,0;0;-1.06092356713;0;0;0;0;0.0735986908358;0;0;0;0,53279.932201630436,0.005,414,3e-06,1.2531647255294107,,0.00044781912351541314,0.1422792000000186,ok,same_stridge_core,Hx;H*Hxx,0.02750000000000001,0.9334851323196282
0.744742712328404,1.414950335035416,0.23536808192664335,-1.1605858067429786,0;0;-1.16058580674;0.235368081927;0;0;0;0;0;0;0;0,53048.25083223917,0.005,415,3e-06,1.434182220218345,,0.0006405778739456783,0.3631890999999996,ok,same_stridge_core,Hx;D_x^1.41495 H,0.06499999999999999,1.1158927152249098
0.760615626035626,1.665063315739273,0.3602312586335796,-1.072623888755512,0;0;-1.07262388876;0.360231258634;0;0;0;0;0;0;0;0,53226.25400128097,0.005,416,3e-06,1.2864934690167864,,0.00048107944557166857,0.35463269999999625,ok,same_stridge_core,Hx;D_x^1.665063 H,0.029395424836601305,0.9671359450091006
0.7608697044151186,1.601702910390946,0.31536118607875996,-1.0984774515363105,0;0;-1.09847745154;0.315361186079;-0.355161003007;0;0;0;0;0;0;0,52977.36509592881,0.005,417,3e-06,1.458335634950805,,0.0004927751075309897,0.36225840000000176,ok,same_stridge_core,Hx;D_x^1.601703 H;Hxxx,0.025,0.9815393490874457
0.7430207980990384,1.209276310343673,0.0,-1.0564544799750593,0;0;-1.05645447998;0;0;0;0;0.0742505533454;0;0;0;0,53345.48239751266,0.005,418,3e-06,1.2505553944529388,,0.00044437401273591756,0.36027599999999893,ok,same_stridge_core,Hx;H*Hxx,0.02,0.9304825000678628
0.7417530216744708,1.3029023421678927,0.0,-1.0599485528349848,0;0;-1.05994855283;0;0;0;0;0.0737410922689;0;0;0;0,53212.439998043366,0.005,419,3e-06,1.2520303832157436,,0.0004469965854924193,0.26762750000000324,ok,same_stridge_core,Hx;H*Hxx,0.022897878787878804,0.9327557432274834
0.7422405103090567,1.1372878816605065,0.0,-1.0586040232214655,0;0;-1.05860402322;0;0;0;0;0.0739372940069;0;0;0;0,53438.97577427256,0.005,420,3e-06,1.2524517473881371,,0.00044592734153044427,0.13352209999999332,ok,same_stridge_core,Hx;H*Hxx,0.02,0.9318178927425017
0.7450974659082787,1.3034621280905077,0.189094230459387,-1.221611965267392,0;0;-1.22161196527;0.189094230459;-1.77997211466;0;0;0;0.119903020189;0;0;0,53211.615507244824,0.005,421,3e-06,1.7169941114715044,,0.0005971013906290127,0.1284046000000103,ok,same_stridge_core,Hx;D_x^1.303462 H;Hxxx;H*Hxxx,0.02440733069247001,1.0784547253845664
0.7406231236065001,1.2283846612256941,0.0,-1.0630695892298776,0;0;-1.06306958923;0;0;0;0;0.0732848906812;0;0;0;0,53319.27783797489,0.005,422,3e-06,1.2551522165554914,,0.0004497697920734205,0.13925740000001952,ok,same_stridge_core,Hx;H*Hxx,0.020500000000000004,0.935236549527642
0.737268019597271,1.3412013734994872,0.07508642046021037,-1.1320204578790207,0;0;-1.13202045788;0.0750864204602;-0.370862307552;0;0;0.0441809606582;0;0;0;0,53155.6538658805,0.005,423,3e-06,1.5470240606780874,,0.00042277980215849796,0.26168570000001523,ok,same_stridge_core,Hx;D_x^1.341201 H;Hxxx;H*Hxx,0.015,0.9091562142875215
0.745973417311574,1.5345575872905384,0.11345474559467539,-1.0933442351901794,0;0;-1.09334423519;0.113454745595;-0.230387248582;0;0;0.0433693320872;0;0;0;0,52931.5296224327,0.005,424,3e-06,1.5328090477696081,,0.0004129773222650154,0.2644458000000043,ok,same_stridge_core,Hx;D_x^1.534558 H;Hxxx;H*Hxx,0.015476190476190477,0.8976306923004158
0.748538043387388,1.521133220442767,0.09970428090862338,-1.0842122192480288,0;0;-1.08421221925;0.0997042809086;-0.241860353423;0;0;0.0474506993581;0;0;0;0,52936.435597907795,0.005,425,3e-06,1.5360773982303528,,0.00041496399050223375,0.3646065000000078,ok,same_stridge_core,Hx;D_x^1.521133 H;Hxxx;H*Hxx,0.02,0.9008401710554593
0.7379464746424154,1.3592654513770461,0.0,-1.0704893778147764,0;0;-1.07048937781;0;0;0;0;0.0721960644404;0;0;0;0,53128.815740926664,0.005,426,3e-06,1.261610994219153,,0.0004580129517671006,0.3762012999999911,ok,same_stridge_core,Hx;H*Hxx,0.04,0.942838099773593
0.7528870602016469,1.3011247800900279,0.19480241031843504,-1.2091600569373553,0;0;-1.20916005694;0.194802410318;-2.06867120541;0;0;0;0.154728711476;0;0;0,53215.05691668657,0.005,427,3e-06,1.7872682133495204,,0.0006791827999871971,0.36678040000001033,ok,same_stridge_core,Hx;D_x^1.301125 H;Hxxx;H*Hxxx,0.019957285981991858,1.1486875303492816
0.7425627047575778,1.3029952114015768,0.0,-1.0577160631947051,0;0;-1.05771606319;0;0;0;0;0.0740667609132;0;0;0;0,53212.30320527495,0.005,428,3e-06,1.2505157206916908,,0.000445262412667858,0.2740402999999958,ok,same_stridge_core,Hx;H*Hxx,0.020500000000000004,0.9312419014600412
0.747212225216616,1.4847873141244585,0.08942102484825137,-1.0893417574944841,0;0;-1.08934175749;0.0894210248483;-0.261383709028;0;0;0.0484623255856;0;0;0;0,52963.4476497741,0.005,429,3e-06,1.537895204477026,,0.0004160815155657232,0.36615799999998444,ok,same_stridge_core,Hx;D_x^1.484787 H;Hxxx;H*Hxx,0.02,0.9023338326797368
0.7396490696098232,1.1376831573864628,0.0,-1.0657654312552625,0;0;-1.06576543126;0;0;0;0;0.0728899820107;0;0;0;0,53438.48589723327,0.005,430,3e-06,1.258352276965728,,0.0004524948103481935,0.3710220000000106,ok,same_stridge_core,Hx;H*Hxx,0.026900000000000004,0.9377213615823283
0.7435186439385992,1.4558350563367206,0.09225241443816394,-1.104936964072503,0;0;-1.10493696407;0.0922524144382;-0.28370911417;0;0;0.0451664914949;0;0;0;0,52994.946971246405,0.005,431,3e-06,1.537577939507744,,0.0004159564189488998,0.37239110000001574,ok,same_stridge_core,Hx;D_x^1.455835 H;Hxxx;H*Hxx,0.015,0.9016385758527872
0.7302497310149982,1.4287985233812048,0.1358204054469594,-1.1676889363859269,0;0;-1.16768893639;0.135820405447;-0.358229737681;0;0;0.025378204289;0;0;0;0,53029.363315514165,0.005,432,3e-06,1.5511068990058183,,0.0004314503763157153,0.38860489999999004,ok,same_stridge_core,Hx;D_x^1.428799 H;Hxxx;H*Hxx,0.015,0.9147545392196483
0.7561050603075468,1.0355311532637228,0.0,-0.9824854506233884,0.0204790968813;0;-0.982485450623;0;0.0646836263724;0;0;0.0992729939504;0.233130778341;0;0;-0.0228879848323,53556.554607327154,0.005,433,3e-06,1.7730908732708883,,0.0003390712881825856,0.3709738000000016,ok,same_stridge_core,1;Hx;Hxxx;H*Hxx;H*Hxxx;H^2*Hxxx,0.01,0.8090728903389994
0.750321037355514,1.601117629623196,0.3132553543780905,-1.1103213652309456,0;0;-1.11032136523;0.313255354378;0;0;0;0;0;0;0;0,52976.254032983015,0.005,434,3e-06,1.2775962731047839,,0.00047551454693420584,0.36096650000001773,ok,same_stridge_core,Hx;D_x^1.601118 H,0.04,0.9597387489068858
0.7391008222443085,1.3852674680152093,0.08355636926415648,-1.1245709395836254,0;0;-1.12457093958;0.0835563692642;-0.340309380637;0;0;0.0435592562719;0;0;0;0,53090.564247517075,0.005,435,3e-06,1.542797472666031,,0.0004197545860717011,0.35212990000002264,ok,same_stridge_core,Hx;D_x^1.385267 H;Hxxx;H*Hxx,0.02991976696143362,0.9057107016958259
0.7358501678648319,1.9763193775071737,0.0,-1.0763262932802622,0;0;-1.07632629328;0;0;0;0;0.0713353132752;0;0;0;0,62598.9497242465,0.005,436,3e-06,1.3260884326028295,,0.0004661514991946783,0.3646333000000084,ok,same_stridge_core,Hx;H*Hxx,0.03439931342475693,0.9504947342573505
0.7269894996603483,1.0940068879655984,0.03936329057263346,-1.165777571844708,0;0;-1.16577757184;0.0393632905726;-0.492288297315;0;0;0.0481332057841;0;0;0;0,53491.056998600136,0.005,437,3e-06,1.5824884424390988,,0.0004524781866734502,0.2693294999999978,ok,same_stridge_core,Hx;D_x^1.094007 H;Hxxx;H*Hxx,0.015,0.940595758455897
0.7441311139686068,1.2068559810333697,0.04098562470132329,-1.061509777199466,0.019438334082;0;-1.0615097772;0.0409856247013;0.331806037467;0;0;0.0786483794134;0;0;0;0,53348.76170535873,0.005,438,3e-06,1.6241511690302297,,0.00035337628078290477,0.3598566000000005,ok,same_stridge_core,1;Hx;D_x^1.206856 H;Hxxx;H*Hxx,0.015,0.8239197434498486
0.7463736506541551,1.1955729263753516,0.030839138045897076,-1.0431045708027928,0.0206153721008;0;-1.0431045708;0.0308391380459;0.645821103424;0;0;0.0840767493265;-0.0392123339037;0;0;0,53363.92762345658,0.005,439,3e-06,1.7804334621417695,,0.00034838817681354117,0.3820258000000081,ok,same_stridge_core,1;Hx;D_x^1.195573 H;Hxxx;H*Hxx;H*Hxxx,0.01,0.819882764919551
0.7440886237674855,1.178040217925309,0.03568131469577799,-1.0594099526477516,0.0193624502708;0;-1.05940995265;0.0356813146958;0.333672286159;0;0;0.0802636620759;0;0;0;0,53387.08962857256,0.005,440,3e-06,1.6270483224170555,,0.0003551124441348499,0.1321154999999976,ok,same_stridge_core,1;Hx;D_x^1.17804 H;Hxxx;H*Hxx,0.015,0.8262419779884672
0.7386045748307961,1.6888127228108543,0.14997799635328068,-1.0921119226018081,0;0;-1.0921119226;0.149977996353;0;0;0;0.0404207791122;0;0;0;0,53414.71167859453,0.005,441,3e-06,1.3943647349292063,,0.0004331402928306559,0.37753340000000435,ok,same_stridge_core,Hx;D_x^1.688813 H;H*Hxx,0.025,0.9136323298218554
0.7382644285897303,1.7161606320765408,0.14672311764169876,-1.0894442224047503,0;0;-1.0894442224;0.146723117642;0;0;0;0.0422205598134;0;0;0;0,53732.064493594255,0.005,442,3e-06,1.4008881401986861,,0.00043671556466845106,0.40705060000001936,ok,same_stridge_core,Hx;D_x^1.716161 H;H*Hxx,0.02,0.9172995597563379
0.7465641562504,1.203888524320155,0.031875735736451825,-1.0427974194394551,0.0206608869435;0;-1.04279741944;0.0318757357365;0.64128696914;0;0;0.0839119216042;-0.0381044643962;0;0;0,53352.769777848174,0.005,443,3e-06,1.7794041108956766,,0.00034776375622497946,0.3901563999999951,ok,same_stridge_core,1;Hx;D_x^1.203889 H;Hxxx;H*Hxx;H*Hxxx,0.01,0.8190542548944094
0.7457586184740146,1.766795135245094,0.0,-1.0489370153947482,0;0;-1.04893701539;0;0;0;0;0.0753420776529;0;0;0;0,54735.775085132445,0.005,444,3e-06,1.2558073133371752,,0.00044043913413530707,0.36182819999999083,ok,same_stridge_core,Hx;H*Hxx,0.015,0.9273926628263804
0.7431043035564543,1.1686626408597163,0.0,-1.0562246298592761,0;0;-1.05622462986;0;0;0;0;0.0742840189471;0;0;0;0,53399.272647027516,0.005,445,3e-06,1.250747352265452,,0.0004442192656872697,0.36445059999999785,ok,same_stridge_core,Hx;H*Hxx,0.02,0.930351716383287
0.7554251910563204,1.6968452817819673,0.3684698922643451,-1.07838980588103,0;0;-1.07838980588;0.368469892264;0;0;0;0;0;0;0;0,53495.376309039646,0.005,446,3e-06,1.2611934013718191,,0.00045629999014267306,0.3575350000000128,ok,same_stridge_core,Hx;D_x^1.696845 H,0.06554545454545459,0.9402211435175812
0.7478927104288263,1.3522769666697656,0.2080739257142093,-1.2019964889594081,0;0;-1.20199648896;0.208073925714;-1.67575532876;0;0;0;0.127420659659;0;0;0,53139.18678485398,0.005,447,3e-06,1.682561673970775,,0.0005621803678399999,0.35502089999999953,ok,same_stridge_core,Hx;D_x^1.352277 H;Hxxx;H*Hxxx,0.02,1.0448914325525274
0.7430207980990384,1.0566307075693049,0.020871481405005773,-1.0558899289299517,0.0186564134904;0;-1.05588992893;0.020871481405;0.329561440112;0;0;0.0842304095312;0;0;0;0,53533.55398618989,0.005,448,3e-06,1.6402372623184578,,0.00036393131426309434,0.2683435000000145,ok,same_stridge_core,1;Hx;D_x^1.056631 H;Hxxx;H*Hxx,0.012219251336898392,0.8372339525256095
0.7598402888981606,1.4222837908852992,0.0,-1.0193178155618843,0;0;-1.01931781556;0;-0.185047621451;0;0;0.0789127052787;0;0;0;0,53038.16279026798,0.005,449,3e-06,1.415816144503467,,0.0004471536360043048,0.36946989999998436,ok,same_stridge_core,Hx;Hxxx;H*Hxx,0.02,0.938472679391055
0.7404281453239892,1.47500895516266,0.11152854785211389,-1.1181390545002698,0;0;-1.1181390545;0.111528547852;-0.277907135683;0;0;0.0391111566935;0;0;0;0,52973.30704774831,0.005,450,3e-06,1.5361798603194117,,0.00041609736639290786,0.35283860000001255,ok,same_stridge_core,Hx;D_x^1.475009 H;Hxxx;H*Hxx,0.015,0.9005001757464319
0.7457962650054114,1.3076864079062425,0.19109485456025688,-1.2191717009777194,0;0;-1.21917170098;0.19109485456;-1.78852351267;0;0;0;0.12283534217;0;0;0,53205.38550161515,0.005,451,3e-06,1.7173174488963427,,0.0005978036484708912,0.3454693999999847,ok,same_stridge_core,Hx;D_x^1.307686 H;Hxxx;H*Hxxx,0.024423801229393655,1.078852822876961
0.7485203428857466,1.5495337895974035,0.11154531532248649,-1.0836633130755131,0;0;-1.08366331308;0.111545315322;-0.223969180343;0;0;0.0454631702188;0;0;0;0,52930.35221502005,0.005,452,3e-06,1.5336529859029127,,0.00041332960598678016,0.35665050000000065,ok,same_stridge_core,Hx;D_x^1.549534 H;Hxxx;H*Hxx,0.02,0.8984887593226719
0.737268019597271,1.487374586256036,0.1281333771940803,-1.130845547788906,0;0;-1.13084554779;0.128133377194;-0.271271435432;0;0;0.0337177086778;0;0;0;0,52960.99398726334,0.005,453,3e-06,1.5386473521387836,,0.0004196689444698871,0.2663090000000068,ok,same_stridge_core,Hx;D_x^1.487375 H;Hxxx;H*Hxx,0.014475515596352004,0.9031154242916236
0.7415827882153083,1.254800704037319,0.057819053445678226,-1.0795200570773118,0.0188285966452;0;-1.07952005708;0.0578190534457;0.279054067073;0;0;0.0712975827777;0;0;0;0,53282.17912904236,0.005,454,3e-06,1.6244031496476168,,0.00035525543829244066,0.35895640000001094,ok,same_stridge_core,1;Hx;D_x^1.254801 H;Hxxx;H*Hxx,0.01,0.8251704627119814
0.7468433985043182,1.765133864824316,0.0,-1.045969060112529,0;0;-1.04596906011;0;0;0;0;0.0757712934893;0;0;0;0,54691.9047548524,0.005,455,3e-06,1.2549976597218448,,0.000439520035189756,0.14235009999998738,ok,same_stridge_core,Hx;H*Hxx,0.015,0.9268462311927305
0.7454852465479482,1.3313708642152555,0.19871094471126619,-1.2125714191853902,0;0;-1.21257141919;0.198710944711;-1.67928012484;0;0;0;0.119223991661;0;0;0,53170.27529984202,0.005,456,3e-06,1.687531688682037,,0.0005662809218716513,0.38572809999999436,ok,same_stridge_core,Hx;D_x^1.331371 H;Hxxx;H*Hxxx,0.03963055555555555,1.0494883850839327
0.7414430263428944,1.2668804824360445,0.0,-1.060804179445576,0;0;-1.06080417945;0;0;0;0;0.0736161315313;0;0;0;0,53264.9051566199,0.005,457,3e-06,1.252983048416514,,0.0004477162699168432,0.37063929999999345,ok,same_stridge_core,Hx;H*Hxx,0.019951914098972925,0.9333936174767947
0.7549360576485716,1.3029952114015768,0.19713862046029887,-1.2051468812407944,0;0;-1.20514688124;0.19713862046;-2.13337401025;0;0;0;0.163641574981;0;0;0,53212.30320527495,0.005,458,3e-06,1.803661429653364,,0.0006993404775980786,0.13200879999999415,ok,same_stridge_core,Hx;D_x^1.302995 H;Hxxx;H*Hxxx,0.02,1.1651137911900644
0.7523565905358447,1.1066384387403316,0.0,-0.7992463159809954,0.157928266748;-0.0298814814381;-0.799246315981;0;3.60681619822;0;-0.0385034009255;0;-0.528148161172;0;0;0,53476.178461717354,0.005,459,3e-06,1.8698788907943977,,0.0004266370065253029,0.3442062000000021,ok,same_stridge_core,1;H;Hx;Hxxx;H*Hx;H*Hxxx,0.015,0.9073076784834855
0.7448555997355172,1.2432855711751083,0.0429850865264954,-1.055171743811921,0.020267285978;0;-1.05517174381;0.0429850865265;0.595719302175;0;0;0.0790141958025;-0.0367914437024;0;0;0,53298.46985562804,0.005,460,3e-06,1.7786341990842165,,0.00034846222771944536,0.1348404999999957,ok,same_stridge_core,1;Hx;D_x^1.243286 H;Hxxx;H*Hxx;H*Hxxx,0.01446969696969697,0.8192617416829118
0.741693950625812,1.2050220866437757,0.045704797371760794,-1.074821303021524,0.0188306425993;0;-1.07482130302;0.0457047973718;0.282273310577;0;0;0.0750251578321;0;0;0;0,53351.24033115127,0.005,461,3e-06,1.629375375700038,,0.0003580258557938629,0.3511799000000053,ok,same_stridge_core,1;Hx;D_x^1.205022 H;Hxxx;H*Hxx,0.01,0.829106770732769
0.7445518185737884,1.2536835106969644,0.05024054429752871,-1.0628990255757325,0.0195891548605;0;-1.06289902558;0.0502405442975;0.338003271907;0;0;0.0762446593266;0;0;0;0,53283.767293196295,0.005,462,3e-06,1.6187212454905564,,0.00035002491331622137,0.37493920000000003,ok,same_stridge_core,1;Hx;D_x^1.253684 H;Hxxx;H*Hxx,0.015,0.819464736092612
0.7444048110420997,1.2588954330241935,0.05185240550302222,-1.0641115392815934,0.0195508993949;0;-1.06411153928;0.051852405503;0.335068879333;0;0;0.0756384916565;0;0;0;0,53276.34417956774,0.005,463,3e-06,1.6184716699882369,,0.00034998415167916095,0.35430059999998775,ok,same_stridge_core,1;Hx;D_x^1.258895 H;Hxxx;H*Hxx,0.015,0.8193265072947207
0.7308102021506868,1.0683460928655002,0.0,-1.0904528726969007,0;0;-1.0904528727;0;0;0;0;0.0692369205179;0;0;0;0,53520.477036749005,0.005,464,3e-06,1.2961537899511097,,0.0004920063090552609,0.3664869000000124,ok,same_stridge_core,Hx;H*Hxx,0.020927821756432867,0.9750309277306158
0.7412183084432398,1.2309948656727288,0.05269178560532361,-1.0796420061265863,0.0187386303938;0;-1.07964200613;0.0526917856053;0.271574768989;0;0;0.0724768876888;0;0;0;0,53315.65582420651,0.005,465,3e-06,1.627664880069936,,0.0003573624588451659,0.13796620000002235,ok,same_stridge_core,1;Hx;D_x^1.230995 H;Hxxx;H*Hxx,0.01,0.8279300427068385
0.7404882184275159,1.1449862538073003,0.0,-1.0634426677163236,0;0;-1.06344266772;0;0;0;0;0.0732302884044;0;0;0;0,53429.385521138465,0.005,466,3e-06,1.2561378517177317,,0.0004501286068103696,0.12564649999998778,ok,same_stridge_core,Hx;H*Hxx,0.025,0.935561538590901
0.7443336305441236,1.2875918200675167,0.0,-1.0528449291155935,0;0;-1.05284492912;0;0;0;0;0.0747754370805;0;0;0;0,53234.89460454744,0.005,467,3e-06,1.2481020916470296,,0.0004421954541806507,0.34093880000000354,ok,same_stridge_core,Hx;H*Hxx,0.02,0.928692724019745
0.7414753805167243,1.2441962603335655,0.0,-1.060714854000282,0;0;-1.060714854;0;0;0;0;0.0736291806099;0;0;0;0,53297.18817135453,0.005,468,3e-06,1.2531087105800136,,0.0004476396646893139,0.3761255999999946,ok,same_stridge_core,Hx;H*Hxx,0.020500000000000004,0.9333255815518865
0.7467260005807906,1.5666740536679733,0.2811649215788915,-1.1382958011978814,0;0;-1.1382958012;0.281164921579;-0.34948167122;0;0;0;0;0;0;0,52935.80707632579,0.005,469,3e-06,1.416181852766187,,0.0004529836038915066,0.36586090000000127,ok,same_stridge_core,Hx;D_x^1.566674 H;Hxxx,0.035,0.9397595890792547
0.7428101492492241,1.332217680717839,0.052946073237228865,-1.1026118095494937,0;0;-1.10261180955;0.0529460732372;-0.321480846601;0;0;0.0538765256681;0;0;0;0,53169.016284393154,0.005,470,3e-06,1.5484687410777198,,0.0004228014927514058,0.2607575999999767,ok,same_stridge_core,Hx;D_x^1.332218 H;Hxxx;H*Hxx,0.016454545454545447,0.9104405456650021
0.7434057223385899,1.0812933226801045,0.023019778161979157,-1.0556156995041381,0.0188545983161;0;-1.0556156995;0.023019778162;0.333403921588;0;0;0.0838185324518;0;0;0;0,53505.767293880424,0.005,471,3e-06,1.6372660668849264,,0.00036181020039244413,0.3814774000000227,ok,same_stridge_core,1;Hx;D_x^1.081293 H;Hxxx;H*Hxx,0.015,0.8346795574767198
0.7382644285897303,1.2795302626316063,0.0,-1.0696060565509884,0;0;-1.06960605655;0;0;0;0;0.0723260041314;0;0;0;0,53246.63043048402,0.005,472,3e-06,1.2612872682746858,,0.0004569088176141834,0.2695432000000153,ok,same_stridge_core,Hx;H*Hxx,0.030000000000000002,0.9418074856917816
0.7452690775488144,1.3671859870320748,0.0,-1.055932208148179,0;0;-1.05593220815;0;-0.123910372559;0;0;0.0739032712406;0;0;0;0,53117.09520069993,0.005,473,3e-06,1.4023213478266487,,0.0004375172059425167,0.3446965999999918,ok,same_stridge_core,Hx;Hxxx;H*Hxx,0.02,0.9242674910203494
0.7455780640217261,1.2445355377020055,0.04167291734900269,-1.0514403055389412,0.0204302303871;0;-1.05144030554;0.041672917349;0.601771730598;0;0;0.0800443117723;-0.0355928349592;0;0;0,53296.71014034805,0.005,474,3e-06,1.7773166406227547,,0.0003473517358564912,0.3688752000000193,ok,same_stridge_core,1;Hx;D_x^1.244536 H;Hxxx;H*Hxx;H*Hxxx,0.015606060606060604,0.8179758580964899
0.745988595279325,1.305330416877391,0.19047505387092128,-1.2195473586300678,0;0;-1.21954735863;0.190475053871;-1.80494492942;0;0;0;0.123844721002;0;0;0,53208.86160554788,0.005,475,3e-06,1.721778065150231,,0.0006026769487002378,0.3681312999999875,ok,same_stridge_core,Hx;D_x^1.30533 H;Hxxx;H*Hxxx,0.04382352941176469,1.0832717258836566
0.7405067319467526,1.3837426828355242,0.07761953573402598,-1.1174706343017629,0;0;-1.1174706343;0.077619535734;-0.331134782155;0;0;0.0460134775677;0;0;0;0,53092.78564230757,0.005,476,3e-06,1.5429474579430926,,0.0004195151673145331,0.26314870000001633,ok,same_stridge_core,Hx;D_x^1.383743 H;Hxxx;H*Hxx,0.015,0.9058340302354019
0.7426741117720563,1.2310076663726228,0.0,-1.0574091510377333,0;0;-1.05740915104;0;0;0;0;0.0741114895459;0;0;0;0,53315.63819279546,0.005,477,3e-06,1.250944620804456,,0.00044504022160842503,0.2593602999999973,ok,same_stridge_core,Hx;H*Hxx,0.02,0.9310507916476832
0.7338761373045308,1.1195496699249794,0.0,-1.081843586543044,0;0;-1.08184358654;0;0;0;0;0.0705183094874;0;0;0;0,53460.697278405365,0.005,478,3e-06,1.2798399636470164,,0.00047520313125023886,0.3491091999999867,ok,same_stridge_core,Hx;H*Hxx,0.024930304771481247,0.9590757799765841
0.7444312498889997,1.251090309470239,0.04992047555874662,-1.0633679343560465,0.0195583681216;0;-1.06336793436;0.0499204755587;0.335660345397;0;0;0.0762289756614;0;0;0;0,53287.44759355967,0.005,479,3e-06,1.6191948174308028,,0.00035036514594679913,0.3521326999999985,ok,same_stridge_core,1;Hx;D_x^1.25109 H;Hxxx;H*Hxx,0.015,0.8198831035274077
0.7453008348640446,1.2868235078466348,0.18376179518738764,-1.2261539046215744,0;0;-1.22615390462;0.183761795187;-1.85190502091;0;0;0;0.121322522051;0;0;0,53236.015830480545,0.005,480,3e-06,1.7400968209342418,,0.0006221133353667784,0.3546863999999914,ok,same_stridge_core,Hx;D_x^1.286824 H;Hxxx;H*Hxxx,0.03202482702482701,1.1012646309684753
0.7449001701206774,1.189489033570216,0.03252649588487608,-1.050329358255205,0.0202905905001;0;-1.05032935826;0.0325264958849;0.636442073138;0;0;0.082286762215;-0.0421171502422;0;0;0,53372.02102318849,0.005,481,3e-06,1.7835204584705475,,0.000350853136843913,0.37292999999999665,ok,same_stridge_core,1;Hx;D_x^1.189489 H;Hxxx;H*Hxx;H*Hxxx,0.00976190476190476,0.8228240800531547
0.7455162880944313,1.2240260796949594,0.03762184982748637,-1.050023092216398,0.0204298843517;0;-1.05002309222;0.0376218498275;0.616029193225;0;0;0.0812243618145;-0.0377064681724;0;0;0,53325.30346133403,0.005,482,3e-06,1.7793253973637424,,0.000348369007800911,0.35970839999998816,ok,same_stridge_core,1;Hx;D_x^1.224026 H;Hxxx;H*Hxx;H*Hxxx,0.0113157894736842,0.8194699350597299
0.7455712666216449,1.0520149916881592,0.015166221330971454,-1.0366335484028462,0.020221013996;0;-1.0366335484;0.015166221331;0.743353681583;0;0;0.0886240974902;-0.0531898586434;0;0;0,53538.645880922406,0.005,483,3e-06,1.7924849344119456,,0.0003550275134526154,0.15591230000001133,ok,same_stridge_core,1;Hx;D_x^1.052015 H;Hxxx;H*Hxx;H*Hxxx,0.01,0.8287893085553423
0.7470255709614827,1.306581997136052,0.05278920133323177,-1.0487205435986728,0.0206420758861;0;-1.0487205436;0.0527892013332;0.577417405864;0;0;0.0780959656951;-0.0279497884876;0;0;0,53207.01555502259,0.005,484,3e-06,1.7693239328906358,,0.00034270853708199666,0.3722885999999903,ok,same_stridge_core,1;Hx;D_x^1.306582 H;Hxxx;H*Hxx;H*Hxxx,0.01,0.8115976529002292
0.7433331856574179,1.2108211722434663,0.0,-1.0555947889568649,0;0;-1.05559478896;0;0;0;0;0.0743756946181;0;0;0;0,53343.38451044291,0.005,485,3e-06,1.2500650635246953,,0.0004438065008136876,0.3744528999999943,ok,same_stridge_core,Hx;H*Hxx,0.02,0.9300047564620378
0.7437798837963892,1.379555123535378,0.0,-1.0543663451988794,0;0;-1.0543663452;0;0;0;0;0.0745543743753;0;0;0;0,53098.90310759588,0.005,486,3e-06,1.2479714142283225,,0.0004430482797309602,0.37570139999999697,ok,same_stridge_core,Hx;H*Hxx,0.025,0.9293779955827471
0.742892902694256,1.1098577059259989,0.0,-1.056806592477886,0;0;-1.05680659248;0;0;0;0;0.0741992746444;0;0;0;0,53472.34426741402,0.005,487,3e-06,1.2515214314756293,,0.00044461540136634997,0.2635154999999827,ok,same_stridge_core,Hx;H*Hxx,0.02,0.9306873658711452
0.7425627047575778,1.4173564286600397,0.08163462287567362,-1.1086394615574955,0;0;-1.10863946156;0.0816346228757;-0.305984763211;0;0;0.0466589477858;0;0;0;0,53044.92117524594,0.005,488,3e-06,1.5405160177516548,,0.0004177695903428717,0.26207279999999855,ok,same_stridge_core,Hx;D_x^1.417356 H;Hxxx;H*Hxx,0.015,0.9039769636487035
0.7419251839411991,1.175334165255217,0.0,-1.0594735811654126,0;0;-1.05947358117;0;0;0;0;0.0738104274668;0;0;0;0,53390.62009164481,0.005,489,3e-06,1.25275922914795,,0.00044661025254848306,0.3593016000000091,ok,same_stridge_core,Hx;H*Hxx,0.02,0.932415508598081
0.7398539125914402,1.1390763862780162,0.0,-1.0651980882439023,0;0;-1.06519808824;0;0;0;0;0.0729731540179;0;0;0;0,53436.75660151494,0.005,490,3e-06,1.257792658927786,,0.0004518958113688322,0.35950189999999793,ok,same_stridge_core,Hx;H*Hxx,0.02,0.9371721193186963
0.7413688093190648,1.3237935965340297,0.0,-1.0659094620194185,0;0;-1.06590946202;0;-0.107397181002;0;0;0.0725075409457;0;0;0;0,53181.53352506712,0.005,491,3e-06,1.409889824380167,,0.00044529806044290947,0.2641403000000082,ok,same_stridge_core,Hx;Hxxx;H*Hxx,0.024930462279378694,0.9312560226545629
0.74639588838326,1.4183059701135559,0.21793618574625065,-1.1716738882723772,0;0;-1.17167388827;0.217936185746;0;0;0;0;-0.0958229353103;0;0;0,53043.61231535351,0.005,492,3e-06,1.5325501558521528,,0.0005619926568464193,0.36460829999998623,ok,same_stridge_core,Hx;D_x^1.418306 H;H*Hxxx,0.024407574691995046,1.0551576450139712
0.7429987550542023,1.2789389810746061,0.0,-1.056515162078913,0;0;-1.05651516208;0;0;0;0;0.0742417181568;0;0;0;0,53247.4886633131,0.005,493,3e-06,1.2500024712159334,,0.00044441525612341504,0.12667079999999942,ok,same_stridge_core,Hx;H*Hxx,0.02,0.9305175392360547
0.7432379739807525,1.385256292148213,0.0,-1.0558567586044787,0;0;-1.0558567586;0;0;0;0;0.0743375702892;0;0;0;0,53090.58055191704,0.005,494,3e-06,1.2486905505614254,,0.0004439761529488625,0.3656631000000061,ok,same_stridge_core,Hx;H*Hxx,0.025,0.9301470672499231
0.7441767592921622,1.2768425347831003,0.0,-1.0532757728850268,0;0;-1.05327577289;0;0;0;0;0.0747128611621;0;0;0;0,53250.528310221234,0.005,495,3e-06,1.2483796852304039,,0.0004424273131422701,0.36807999999999197,ok,same_stridge_core,Hx;H*Hxx,0.02,0.9288765153690766
0.7452634175141455,1.4744353871571687,0.09266136789404963,-1.0974297044637962,0;0;-1.09742970446;0.092661367894;-0.269528786381;0;0;0.0464141472961;0;0;0;0,52973.912413700826,0.005,496,3e-06,1.5370141619557616,,0.00041550719726172255,0.365644599999996,ok,same_stridge_core,Hx;D_x^1.474435 H;Hxxx;H*Hxx,0.020448600509875032,0.9013272129913517
0.7462795473919291,1.3015112730038558,0.18944795446634194,-1.2201896203169342,0;0;-1.22018962032;0.189447954466;-1.83066756721;0;0;0;0.125346833327;0;0;0,53214.48816377766,0.005,497,3e-06,1.7289760435959354,,0.0006105773852127766,0.35479940000001875,ok,same_stridge_core,Hx;D_x^1.301511 H;Hxxx;H*Hxxx,0.02,1.0904021856306034
0.7436898164057199,1.3011662054002677,0.0,-1.0546139516165471,0;0;-1.05461395162;0;0;0;0;0.0745183741419;0;0;0;0,53214.996011275725,0.005,498,3e-06,1.2487890530925816,,0.0004431960958001971,0.3745066000000179,ok,same_stridge_core,Hx;H*Hxx,0.02,0.9294990770249273
0.7456630269609892,1.422074810630872,0.2187773938471621,-1.1723156408538988,0;0;-1.17231564085;0.218777393847;0;0;0;0;-0.0937781099576;0;0;0,53038.44773148045,0.005,499,3e-06,1.522664901223661,,0.0005519708318906961,0.37871890000002395,ok,same_stridge_core,Hx;D_x^1.422075 H;H*Hxxx,0.025,1.045318871640337
0.7421233618150621,1.1870635544930568,0.0,-1.0589270170909428,0;0;-1.05892701709;0;0;0;0;0.0738901807377;0;0;0;0,53375.23116329317,0.005,500,3e-06,1.2522874733970937,,0.0004461773263696547,0.36599449999999933,ok,same_stridge_core,Hx;H*Hxx,0.02,0.9320360864173346
0.7428896334656864,1.6114623328815518,0.14362874528869415,-1.096160816884365,0;0;-1.09616081688;0.143628745289;-0.157003097875;0;0;0.0384476522785;0;0;0;0,52998.40473581118,0.005,501,3e-06,1.5331716039246128,,0.00041483311160014333,0.25733499999998344,ok,same_stridge_core,Hx;D_x^1.611462 H;Hxxx;H*Hxx,0.01950540823436888,0.8971907470948788
0.748938827561495,1.453101168984541,0.23620787308428418,-1.1658484037924755,0;0;-1.16584840379;0.236207873084;-0.647093184153;0;0;0;0;0;0;0,52998.24382751967,0.005,502,3e-06,1.4733869379338471,,0.0005052334793184967,0.38148429999998257,ok,same_stridge_core,Hx;D_x^1.453101 H;Hxxx,0.015422309932923072,0.99640274348617
0.7437928994975412,1.2788858590712808,0.0,-1.054330564869539,0;0;-1.05433056487;0;0;0;0;0.0745595757978;0;0;0;0,53247.56563010023,0.005,503,3e-06,1.2488459914238326,,0.0004430270958068627,0.13049749999998994,ok,same_stridge_core,Hx;H*Hxx,0.02,0.9293605976432313
0.742058279749276,1.184454286330877,0.0,-1.059106487443451,0;0;-1.05910648744;0;0;0;0;0.0738639945929;0;0;0;0,53378.673892962826,0.005,504,3e-06,1.252431201474519,,0.0004463181210414394,0.36705229999998323,ok,same_stridge_core,Hx;H*Hxx,0.02,0.932159158116742
0.7479156569834813,1.6673778346315449,0.3399820312954054,-1.1025862584303574,0;0;-1.10258625843;0.339982031295;0;0;0;0;0;0;0;0,53241.700114011895,0.005,505,3e-06,1.2556798018549724,,0.0004535940415581577,0.3564393999999993,ok,same_stridge_core,Hx;D_x^1.667378 H,0.035,0.9362296011709011
0.743413903033693,1.175203096643411,0.0,-1.0553727368947143,0;0;-1.05537273689;0;0;0;0;0.0744080048858;0;0;0;0,53390.790827410645,0.005,506,3e-06,1.2502313765272646,,0.0004436647525705081,0.3579861000000051,ok,same_stridge_core,Hx;H*Hxx,0.02,0.9298866315628007
0.7427720046065583,1.5383697231624058,0.12498770197889715,-1.1047621461645523,0;0;-1.10476214616;0.124987701979;-0.22285336376;0;0;0.0392945416899;0;0;0;0,52930.76683154287,0.005,507,3e-06,1.5326478181842536,,0.00041382718857946803,0.36000240000001327,ok,same_stridge_core,Hx;D_x^1.53837 H;Hxxx;H*Hxx,0.030000000000000002,0.8974786162057392
0.7479604075499513,1.3410533114683352,0.2042985501292889,-1.2053464155260507,0;0;-1.20534641553;0.204298550129;-1.72731467878;0;0;0;0.129419322208;0;0;0,53155.87422570661,0.005,508,3e-06,1.695016444528779,,0.000575220863053746,0.37556079999998815,ok,same_stridge_core,Hx;D_x^1.341053 H;Hxxx;H*Hxxx,0.015,1.0571459538202996
0.7476336249502643,1.462153918555944,0.07876211036970954,-1.0869898314447013,0;0;-1.08698983144;0.0787621103697;-0.270041690724;0;0;0.050953765441;0;0;0;0,52987.51508224792,0.005,509,3e-06,1.5406393419240483,,0.00041789276268963264,0.3553321999999923,ok,same_stridge_core,Hx;D_x^1.462154 H;Hxxx;H*Hxx,0.02,0.9047891609370731
0.7427932657171727,1.3035071989105005,0.0,-1.0570809679643078,0;0;-1.05708096796;0;0;0;0;0.0741593068259;0;0;0;0,53211.54901099418,0.005,510,3e-06,1.2501203416445077,,0.0004448070352355636,0.2457241000000181,ok,same_stridge_core,Hx;H*Hxx,0.02,0.9308510475785426
0.7429727197823891,1.3409870562074417,0.07894908381007928,-1.0772134264931181,0.0189178700345;0;-1.07721342649;0.0789490838101;0.315655454304;0;0;0.0667948877477;0;0;0;0,53155.97271790399,0.005,511,3e-06,1.613828501818466,,0.00034883464669160436,0.36344770000002313,ok,same_stridge_core,1;Hx;D_x^1.340987 H;Hxxx;H*Hxx,0.015,0.8164889110499061
0.7439368376471056,1.2931719430230855,0.0,-1.0539349557599884,0;0;-1.05393495576;0;0;0;0;0.0746170805257;0;0;0;0,53226.73421086885,0.005,512,3e-06,1.2485339214268103,,0.00044279687825173145,0.3845876999999973,ok,same_stridge_core,Hx;H*Hxx,0.02,0.9291735161615972
0.737268019597271,1.2957630704574032,0.0,-1.0723759622684186,0;0;-1.07237596227;0;0;0;0;0.071918261697;0;0;0;0,53222.93549767545,0.005,513,3e-06,1.2644893922062295,,0.00046048292044503,0.2679706000000124,ok,same_stridge_core,Hx;H*Hxx,0.035,0.9451517792201769
0.7477941417056948,1.302159152312102,0.04969480286305005,-1.044350377391065,0.0208408560925;0;-1.04435037739;0.0496948028631;0.586209013877;0;0;0.0796641239652;-0.0271525766007;0;0;0,53213.534358296754,0.005,514,3e-06,1.7686723209279551,,0.0003419381861682012,0.37641640000001075,ok,same_stridge_core,1;Hx;D_x^1.302159 H;Hxxx;H*Hxx;H*Hxxx,0.01,0.8108287024786135
0.7447442601261253,1.302035451709504,0.0,-1.051717743529878,0;0;-1.05171774353;0;0;0;0;0.0749390514933;0;0;0;0,53213.7165632989,0.005,515,3e-06,1.2475320755544825,,0.000441624770280697,0.35613910000000715,ok,same_stridge_core,Hx;H*Hxx,0.02,0.9282497761746892
0.7420126678311105,1.0185614255053264,0.0,-1.0592322823071711,0;0;-1.05923228231;0;0;0;0;0.073845640984;0;0;0;0,53574.54839186794,0.005,516,3e-06,1.253693702618801,,0.00044641753239441393,0.3577432000000158,ok,same_stridge_core,Hx;H*Hxx,0.02,0.9322464122675934
0.7423911838526046,1.1657928362813519,0.0,-1.0581887073541376,0;0;-1.05818870735;0;0;0;0;0.0739978589279;0;0;0;0,53402.97222224275,0.005,517,3e-06,1.25196195564908,,0.00044561223408554735,0.3555580999999961,ok,same_stridge_core,Hx;H*Hxx,0.02,0.9315441223156233
0.7452453149045837,1.3029952114015768,0.1890656055360662,-1.2214998642252932,0;0;-1.22149986423;0.189065605536;-1.78721098825;0;0;0;0.120598417994;0;0;0,53212.30320527495,0.005,518,3e-06,1.718747296359827,,0.0005990487532323315,0.1332202000000109,ok,same_stridge_core,Hx;D_x^1.302995 H;Hxxx;H*Hxxx,0.04004464285714285,1.0801996578965274
0.7456841893043564,1.4270870419277468,0.22076749384961925,-1.1710163979025654,0;0;-1.1710163979;0.22076749385;0;0;0;0;-0.0916761382839;0;0;0,53031.65905105303,0.005,519,3e-06,1.517769699580331,,0.0005471616694113392,0.3449525000000051,ok,same_stridge_core,Hx;D_x^1.427087 H;H*Hxxx,0.02545912280701755,1.0404847681208536
0.7401851316950814,1.1726526992473452,0.04202476878435065,-1.0803883425995402,0.0183875048839;0;-1.0803883426;0.0420247687844;0.253520598273;0;0;0.0748261005677;0;0;0;0,53394.106671905625,0.005,520,3e-06,1.6363218643516242,,0.00036325422201745745,0.25769840000000954,ok,same_stridge_core,1;Hx;D_x^1.172653 H;Hxxx;H*Hxx,0.01,0.8354102642730397
0.7445446870942527,1.3536855610437715,0.0,-1.0577795794274216,0;0;-1.05777957943;0;-0.120848165554;0;0;0.0736458179181;0;0;0;0,53137.09463696347,0.005,521,3e-06,1.4034342734591565,,0.00043860968721910813,0.3608976999999811,ok,same_stridge_core,Hx;Hxxx;H*Hxx,0.02,0.9252004217264853
0.7444461720694088,1.7323855729260893,0.15971806031533112,-1.0722305903441212,0;0;-1.07223059034;0.159718060315;0;0;0;0.0428452379744;0;0;0;0,53985.84191056681,0.005,522,3e-06,1.385486924566331,,0.00041897543132664,0.1311222000000214,ok,same_stridge_core,Hx;D_x^1.732386 H;H*Hxx,0.015,0.8996143473712298
0.7470184104992434,1.4817167611896813,0.08890709639145793,-1.0901042020712097,0;0;-1.09010420207;0.0889070963915;-0.26309916379;0;0;0.0484271597035;0;0;0;0,52966.44659467703,0.005,523,3e-06,1.5379696526370839,,0.00041611922744808685,0.3656367999999759,ok,same_stridge_core,Hx;D_x^1.481717 H;Hxxx;H*Hxx,0.02,0.9023722935009596
0.7442592765034527,1.332342732723324,0.0,-1.0585081598290227,0;0;-1.05850815983;0;-0.11964106806;0;0;0.0735441600443;0;0;0;0,53168.83032614385,0.005,524,3e-06,1.404132943583122,,0.0004390838699700344,0.37274229999999875,ok,same_stridge_core,Hx;Hxxx;H*Hxx,0.02,0.9256134706478273
0.7443014457021119,1.306264717217509,0.0,-1.0529333142235908,0;0;-1.05293331422;0;0;0;0;0.07476260135;0;0;0;0,53207.48358067379,0.005,525,3e-06,1.2479745537961762,,0.00044224238792083545,0.36885879999999815,ok,same_stridge_core,Hx;H*Hxx,0.02,0.9287296523121334
0.7459391884328589,1.3678752616704657,0.21143430644940256,-1.2005832836697925,0;0;-1.20058328367;0.211434306449;-1.53562887752;0;0;0;0.115401362465;0;0;0,53116.07751252006,0.005,526,3e-06,1.6545679148748758,,0.0005327424201967086,0.3747442000000092,ok,same_stridge_core,Hx;D_x^1.367875 H;Hxxx;H*Hxxx,0.024432177729391345,1.017174984724635
0.7491218612478968,1.2875918200675167,0.03503363115921829,-0.9496941274531777,0.0883518115486;-0.0131306412351;-0.949694127453;0.0350336311592;3.1428417648;0;-0.0121938380406;0;-0.700179834791;0;0.00728481034753;0.051382180767,53234.89460454744,0.005,527,3e-06,2.207119492501346,,0.00030744305135577637,0.13447229999999877,ok,same_stridge_core,1;H;Hx;D_x^1.287592 H;Hxxx;H*Hx;H*Hxxx;H^2*Hxx;H^2*Hxxx,0.005,0.7697773381785655
0.7447042906489608,1.3337034998695172,0.0,-1.0573723261887797,0;0;-1.05737232619;0;-0.121523014908;0;0;0.0737026121298;0;0;0;0,53166.80679599807,0.005,528,3e-06,1.4034820103413632,,0.0004383554401104747,0.3660957999999823,ok,same_stridge_core,Hx;Hxxx;H*Hxx,0.02,0.9249807491773806
0.74747247365166,1.3129153138873184,0.053248684274129994,-1.0468246632945528,0.0207300484817;0;-1.04682466329;0.0532486842741;0.578189488185;0;0;0.0783729061329;-0.0268024395279;0;0;0,53197.65775171799,0.005,529,3e-06,1.7681210455402692,,0.00034188981160947505,0.37547069999999394,ok,same_stridge_core,1;Hx;D_x^1.312915 H;Hxxx;H*Hxx;H*Hxxx,0.01,0.8105632060093452
0.7413331614746482,1.178040217925309,0.04090556610767765,-1.074522735639035,0.0186852208973;0;-1.07452273564;0.0409055661077;0.276911941986;0;0;0.076195875549;0;0;0;0,53387.08962857256,0.005,530,3e-06,1.633028851804888,,0.00036046274493784603,0.135993099999979,ok,same_stridge_core,1;Hx;D_x^1.17804 H;Hxxx;H*Hxx,0.01,0.8322225073762997
0.7452453149045837,1.2938726129651055,0.1860468953402102,-1.2241890164813616,0;0;-1.22418901648;0.18604689534;-1.82294048949;0;0;0;0.120954555253;0;0;0,53225.7075460977,0.005,531,3e-06,1.7303389206730184,,0.0006114992852403391,0.26299769999999967,ok,same_stridge_core,Hx;D_x^1.293873 H;Hxxx;H*Hxxx,0.030686857997969098,1.091630430119846
0.7467141650149369,1.4197764667879915,0.2218195610390944,-1.179927980360726,0;0;-1.17992798036;0.221819561039;-0.726243212109;0;0;0;0;0;0;0,53041.59146091688,0.005,532,3e-06,1.4825196320168963,,0.0005134891907847081,0.3688844000000131,ok,same_stridge_core,Hx;D_x^1.419776 H;Hxxx,0.04422044159250507,1.0051453088686444
0.7437928994975412,1.2251147157857518,0.0,-1.054330564869539,0;0;-1.05433056487;0;0;0;0;0.0745595757978;0;0;0;0,53323.80108241781,0.005,533,3e-06,1.2493034041377382,,0.0004430270958068627,0.256472500000001,ok,same_stridge_core,Hx;H*Hxx,0.02,0.9293605976432313
0.7431748542676604,1.1644898605029466,0.0,-1.0560304558675648,0;0;-1.05603045587;0;0;0;0;0.0743122853513;0;0;0;0,53404.64733734652,0.005,534,3e-06,1.2506709659255077,,0.0004440902998528102,0.26841060000000994,ok,same_stridge_core,Hx;H*Hxx,0.02,0.9302430819014287
0.7472968678958626,1.4354720434140316,0.22556726998441715,-1.16541047144313,0;0;-1.16541047144;0.225567269984;0;0;0;0;-0.0890659750717;0;0;0,53020.528928211585,0.005,535,3e-06,1.522034834135644,,0.0005518125845208058,0.3873576999999955,ok,same_stridge_core,Hx;D_x^1.435472 H;H*Hxxx,0.025,1.0448500737817397
0.7442836199710388,1.2598476473400702,0.0,-1.0529822683914973,0;0;-1.05298226839;0;0;0;0;0.0747554923539;0;0;0;0,53274.984145197326,0.005,536,3e-06,1.248400383484026,,0.0004422685674402487,0.386055099999993,ok,same_stridge_core,Hx;H*Hxx,0.02,0.9287504786128422
0.7447280756386248,1.3114253151245008,0.0,-1.0573116520835426,0;0;-1.05731165208;0;-0.121623660623;0;0;0.0737110705171;0;0;0;0,53199.861456856284,0.005,537,3e-06,1.4037474345871117,,0.0004383181503149586,0.3871939999999938,ok,same_stridge_core,Hx;Hxxx;H*Hxx,0.02,0.9249486814754052
0.7434926502244741,1.3007883304048948,0.0,-1.0551561371341824,0;0;-1.05515613713;0;0;0;0;0.0744395169897;0;0;0;0,53215.55194537399,0.005,538,3e-06,1.2490666215536506,,0.0004435285190589534,0.390213899999992,ok,same_stridge_core,Hx;H*Hxx,0.02,0.9297733098814066
0.7442777687879666,1.1908787248908999,0.03168220959174416,-0.9722152282509745,0.0949261862751;-0.0146660899534;-0.972215228251;0.0316822095917;3.18184310533;0;-0.0116203820959;-0.0292305817948;-0.753838094254;0;0.0102806323952;0.0590663750077,53370.17766998126,0.005,539,3e-06,2.379547908924882,,0.0003138637431365892,0.3767015000000242,ok,same_stridge_core,1;H;Hx;D_x^1.190879 H;Hxxx;H*Hx;H*Hxx;H*Hxxx;H^2*Hxx;H^2*Hxxx,0.005,0.7784425788254443
0.7486208064694383,1.544777421641758,0.10649829792287399,-1.0390895166610494,0.0192468927617;0;-1.03908951666;0.106498297923;0.699676975428;0;0;0.0682075405311;-0.0337934280902;0;0;0,52930.182066975955,0.005,540,3e-06,1.7570566994271797,,0.00033865299370957756,0.4046820000000082,ok,same_stridge_core,1;Hx;D_x^1.544777 H;Hxxx;H*Hxx;H*Hxxx,0.01,0.8043134222216125
0.7443225200222887,1.302035451709504,0.0,-1.052875440149972,0;0;-1.05287544015;0;0;0;0;0.0747710073067;0;0;0;0,53213.7165632989,0.005,541,3e-06,1.2479876438490343,,0.00044221157123527477,0.14955609999998387,ok,same_stridge_core,Hx;H*Hxx,0.02,0.9287053444692408
0.744476602994961,1.2646328033258127,0.05307837902187212,-1.0641451642505158,0.0195668568447;0;-1.06414516425;0.0530783790219;0.336494081856;0;0;0.0753475993347;0;0;0;0,53268.132914593414,0.005,542,3e-06,1.6177790652853088,,0.0003495587750796721,0.39781940000000304,ok,same_stridge_core,1;Hx;D_x^1.264633 H;Hxxx;H*Hxx,0.015,0.8187570715664075
0.737268019597271,1.1842909694364159,0.04282048181991221,-1.0147951517903346,0.0905639665812;-0.0141853878762;-1.01479515179;0.0428204818199;2.76334609089;0;-0.010582025254;-0.0436832213969;-0.664482849033;0;0.0109999352709;0.0524083357772,53378.88903831191,0.005,543,3e-06,2.395387865726287,,0.0003264701442328681,0.27715539999999805,ok,same_stridge_core,1;H;Hx;D_x^1.184291 H;Hxxx;H*Hx;H*Hxx;H*Hxxx;H^2*Hxx;H^2*Hxxx,0.005,0.7940211945769301
0.7503124301686528,1.7712005826417434,0.18238167862562193,-1.0541585863624612,0;0;-1.05415858636;0.182381678626;0;0;0;0.0427708164991;0;0;0;0,54856.2785627521,0.005,544,3e-06,1.3856908051116634,,0.00041118777355714513,0.3825482000000022,ok,same_stridge_core,Hx;D_x^1.771201 H;H*Hxx,0.015,0.8919842980468946
0.7428461560552193,1.3222181014436036,0.07353403850807722,-1.077004027805074,0.0189853591662;0;-1.07700402781;0.0735340385081;0.309814864912;0;0;0.0680992571444;0;0;0;0,53183.87200657712,0.005,545,3e-06,1.6155302858221317,,0.00034968741381009166,0.40022590000000946,ok,same_stridge_core,1;Hx;D_x^1.322218 H;Hxxx;H*Hxx,0.012670454545454547,0.8177722057234749
0.7437798837963892,1.3227343105822276,0.0,-1.0597328296421271,0;0;-1.05973282964;0;-0.117612739195;0;0;0.0733731233275;0;0;0;0,53183.10602097069,0.005,546,3e-06,1.4050131871571254,,0.00043993601833486275,0.2875114999999937,ok,same_stridge_core,Hx;Hxxx;H*Hxx,0.02,0.9263652329683892
0.7444965146897695,1.3099335237926564,0.0,-1.0579025191969504,0;0;-1.0579025192;0;-0.120644371079;0;0;0.07362866952;0;0;0;0,53202.06653370746,0.005,547,3e-06,1.404087014446859,,0.00043868800521463754,0.4168892999999798,ok,same_stridge_core,Hx;Hxxx;H*Hxx,0.02,0.9252684156434918
0.7439684908698532,1.3501576805795268,0.0,-1.0538479702361825,0;0;-1.05384797024;0;0;0;0;0.074629723319;0;0;0;0,53142.33562800795,0.005,548,3e-06,1.2479871620771799,,0.00044274701192549256,0.3876314000000036,ok,same_stridge_core,Hx;H*Hxx,0.025,0.9291331483091322
0.7468460988717666,1.5384202842669703,0.11217695023580211,-1.0900104190014455,0;0;-1.090010419;0.112176950236;-0.228800509193;0;0;0.0442013926814;0;0;0;0,52930.75873481116,0.005,549,3e-06,1.5330460410240883,,0.00041302860136410203,0.3938828000000001,ok,same_stridge_core,Hx;D_x^1.53842 H;Hxxx;H*Hxx,0.022099381570810147,0.8978769362063542
0.7491476226417382,1.2432855711751083,0.1720409751719475,-1.2320285545591083,0;0;-1.23202855456;0.172040975172;-2.141212415;0;0;0;0.135130454606;0;0;0,53298.46985562804,0.005,550,3e-06,1.8419158033032936,,0.0007408833515294337,0.13704250000000684,ok,same_stridge_core,Hx;D_x^1.243286 H;Hxxx;H*Hxxx,0.019938696695461406,1.202334165035757
0.744064225091889,1.2945703431825013,0.0,-1.0535849225120446,0;0;-1.05358492251;0;0;0;0;0.0746679478379;0;0;0;0,53224.68474981181,0.005,551,3e-06,1.248361540206943,,0.0004425983839023135,0.3808477000000039,ok,same_stridge_core,Hx;H*Hxx,0.02,0.9290134317080722
0.7458146996102322,1.2945085681400317,0.18672786952205164,-1.2230423132947954,0;0;-1.22304231329;0.186727869522;-1.84117964251;0;0;0;0.123497491668;0;0;0,53224.77546285589,0.005,552,3e-06,1.7342148879156318,,0.0006160001300338604,0.37090270000001624,ok,same_stridge_core,Hx;D_x^1.294509 H;Hxxx;H*Hxxx,0.035,1.0955175823613612
0.7439684908698532,1.3501576805795268,0.0,-1.0538479702361825,0;0;-1.05384797024;0;0;0;0;0.074629723319;0;0;0;0,53142.33562800795,0.005,553,3e-06,1.2479871620771799,,0.00044274701192549256,0.03482740000001172,ok,same_stridge_core,Hx;H*Hxx,0.025,0.9291331483091322
0.7420477798480897,1.1704960885033728,0.0,-1.0591354457363564,0;0;-1.05913544574;0;0;0;0;0.0738597689144;0;0;0;0,53396.901960264484,0.005,554,3e-06,1.252560688244269,,0.0004463409981162114,0.396719499999989,ok,same_stridge_core,Hx;H*Hxx,0.02,0.9321792764826822
0.746027381021884,1.3943030432730699,0.0,-1.0540011278757073,0;0;-1.05400112788;0;-0.127113734435;0;0;0.0741719142339;0;0;0;0,53077.48090318892,0.005,555,3e-06,1.4011643816216657,,0.0004365426798374351,0.39063660000002187,ok,same_stridge_core,Hx;Hxxx;H*Hxx,0.02,0.9234670534929654
0.7447021397459479,1.2786684908670498,0.051587280385008816,-1.0589124775148502,0.0201671222414;0;-1.05891247751;0.051587280385;0.571507829907;0;0;0.0763371356975;-0.0337044307208;0;0;0,53247.88104074201,0.005,556,3e-06,1.7755240022090282,,0.00034709988087706304,0.38671439999998825,ok,same_stridge_core,1;Hx;D_x^1.278668 H;Hxxx;H*Hxx;H*Hxxx,0.01,0.817062143475672
0.7484773245381277,1.2875918200675167,0.18656730422224566,-1.2205957405734171,0;0;-1.22059574057;0.186567304222;-1.96378050072;0;0;0;0.13542552206;0;0;0,53234.89460454744,0.005,557,3e-06,1.7666445128680524,,0.0006532491662756274,0.13952530000000252,ok,same_stridge_core,Hx;D_x^1.287592 H;Hxxx;H*Hxxx,0.02,1.127825777613483
0.7449440543230745,1.311884798555687,0.0,-1.056760776963014,0;0;-1.05676077696;0;-0.122536780554;0;0;0.0737878559521;0;0;0;0,53199.181951506434,0.005,558,3e-06,1.4034586462077785,,0.0004379878808122404,0.3909578999999894,ok,same_stridge_core,Hx;Hxxx;H*Hxx,0.02,0.9246660086442207
0.7433360763063445,1.7369719375261916,0.15693504217335663,-1.0744238895115472,0;0;-1.07442388951;0.156935042173;0;0;0;0.0431793329762;0;0;0;0,54068.05980143103,0.005,559,3e-06,1.388961042105893,,0.00042176112843783403,0.394615999999985,ok,same_stridge_core,Hx;D_x^1.736972 H;H*Hxx,0.02,0.9023485038930138
0.7444788490994546,1.378097226234843,0.0,-1.057947605751387,0;0;-1.05794760575;0;-0.120569617077;0;0;0.0736223804419;0;0;0;0,53101.03839095362,0.005,560,3e-06,1.403202905728684,,0.00043871688891632273,0.3794662000000244,ok,same_stridge_core,Hx;Hxxx;H*Hxx,0.025,0.9252935602101013
0.7419609602267669,1.1892612535468672,0.03544711773818576,-0.9861637130182683,0.0934819384312;-0.0145046673817;-0.986163713018;0.0354471177382;3.04654849872;0;-0.0112870123304;-0.0339878658693;-0.725020826178;0;0.0105166179426;0.0569166392399,53372.32299165917,0.005,561,3e-06,2.3843316357908937,,0.0003176465270460718,0.39066669999999704,ok,same_stridge_core,1;H;Hx;D_x^1.189261 H;Hxxx;H*Hx;H*Hxx;H*Hxxx;H^2*Hxx;H^2*Hxxx,0.005,0.7831619460411187
0.7382644285897303,1.2657735174284261,0.0,-1.0696060565509884,0;0;-1.06960605655;0;0;0;0;0.0723260041314;0;0;0;0,53266.49559478572,0.005,562,3e-06,1.2614064592604959,,0.0004569088176141834,0.28361920000000396,ok,same_stridge_core,Hx;H*Hxx,0.029369641247963693,0.9418074856917816
0.7436781644230771,1.262380852026557,0.0,-1.0546459873349647,0;0;-1.05464598733;0;0;0;0;0.0745137161589;0;0;0;0,53271.36082119285,0.005,563,3e-06,1.2491430041895732,,0.00044321535890593335,0.38771400000001677,ok,same_stridge_core,Hx;H*Hxx,0.02,0.9295148392624162
0.7407491352307221,1.9298628930124369,0.11134105460851146,-1.0641389350489767,0;0;-1.06413893505;0.111341054609;0;0;0;0.0574319291057;0;0;0;0,61966.03231611258,0.005,564,3e-06,1.481066832083727,,0.0004418313866555508,0.3993921,ok,same_stridge_core,Hx;D_x^1.929863 H;H*Hxx,0.019944313140260867,0.9233725412387138
0.7431043035564543,1.2600204287754666,0.0,-1.0562246298592788,0;0;-1.05622462986;0;0;0;0;0.0742840189471;0;0;0;0,53274.73731298305,0.005,565,3e-06,1.2500001402611853,,0.0004442192656872697,0.35604029999998943,ok,same_stridge_core,Hx;H*Hxx,0.02,0.930351716383287
0.7454933144745222,1.3342011277973582,0.19966363516994218,-1.2116972424859913,0;0;-1.21169724249;0.19966363517;-1.66752586246;0;0;0;0.118906616059;0;0;0,53166.06672929871,0.005,566,3e-06,1.684542552197248,,0.0005631843875359215,0.4105643999999984,ok,same_stridge_core,Hx;D_x^1.334201 H;Hxxx;H*Hxxx,0.02,1.0465497514456634
0.7426741117720563,1.7251756383200767,0.1553476417489204,-1.077377246692069,0;0;-1.07737724669;0.155347641749;0;0;0;0.0426675941182;0;0;0;0,53866.220735989096,0.005,567,3e-06,1.388262199489266,,0.00042287195755131137,0.2946091000000024,ok,same_stridge_core,Hx;D_x^1.725176 H;H*Hxx,0.02,0.9034662128653642
0.746840552582479,1.3041242263185584,0.052639970341828254,-1.0495164432027313,0.0206050617816;0;-1.0495164432;0.0526399703418;0.577033555051;0;0;0.0779702136098;-0.0284160794771;0;0;0,53210.639778025936,0.005,568,3e-06,1.7698145527360687,,0.0003430470843194404,0.40379060000000777,ok,same_stridge_core,1;Hx;D_x^1.304124 H;Hxxx;H*Hxx;H*Hxxx,0.01,0.8120230367316017
0.7417530216744708,1.3762957496071024,0.07034472194624801,-1.110870177039412,0;0;-1.11087017704;0.0703447219462;-0.324493339021;0;0;0.0486736908995;0;0;0;0,53103.680602906235,0.005,569,3e-06,1.543945205703249,,0.000419945662815124,0.2750417999999968,ok,same_stridge_core,Hx;D_x^1.376296 H;Hxxx;H*Hxx,0.015,0.9067010384683741
0.7445992599855656,1.4094771341105377,0.08892114094230191,-1.065272437490738,0.0193600940589;0;-1.06527243749;0.0889211409423;0.559871896383;0;0;0.0665338775156;-0.0290451140513;0;0;0,53055.89078837211,0.005,570,3e-06,1.7659709707624787,,0.0003437901508864129,0.3943507999999838,ok,same_stridge_core,1;Hx;D_x^1.409477 H;Hxxx;H*Hxx;H*Hxxx,0.01,0.8109649365717805
0.7455498891671853,1.2472447888800366,0.04231516898502612,-1.0518186070065878,0.0204209672841;0;-1.05181860701;0.042315168985;0.599608257627;0;0;0.0798262521212;-0.0353717942951;0;0;0,53292.8888253563,0.005,571,3e-06,1.7771078683915031,,0.0003472694391975193,0.38299360000002025,ok,same_stridge_core,1;Hx;D_x^1.247245 H;Hxxx;H*Hxx;H*Hxxx,0.015946969696969692,0.8178358695350898
0.7475812483420692,1.4886260874594384,0.08961201416758606,-1.0878744701282816,0;0;-1.08787447013;0.0896120141676;-0.259148187448;0;0;0.0486833848685;0;0;0;0,52959.831955906164,0.005,572,3e-06,1.537960220836782,,0.00041614508909635647,0.3903952000000004,ok,same_stridge_core,Hx;D_x^1.488626 H;Hxxx;H*Hxx,0.02,0.902442237365908
0.737268019597271,1.417330105942996,0.2286339884201741,-1.1771191781861379,0;0;-1.17711917819;0.22863398842;0;0;0;0;0;0;0;0,53044.95754668914,0.005,573,3e-06,1.3737105341870024,,0.0005783917156059408,0.2734993999999915,ok,same_stridge_core,Hx;D_x^1.41733 H,0.05335374149659865,1.0554407889068675
0.7415243966011282,1.1196099987119692,0.0,-1.0605795396390079,0;0;-1.06057953964;0;0;0;0;0.0736489486522;0;0;0;0,53460.624294631554,0.005,574,3e-06,1.2539866421078711,,0.0004475243119888303,0.39408209999999144,ok,same_stridge_core,Hx;H*Hxx,0.02,0.9332228963400819
0.7439574478334026,1.1817915564743129,0.03659505863234856,-1.0604300454813818,0.0193401674939;0;-1.06043004548;0.0365950586323;0.330584678178;0;0;0.0798611131941;0;0;0;0,53382.17583425111,0.005,575,3e-06,1.6269534107011114,,0.0003551351545683962,0.3935950000000048,ok,same_stridge_core,1;Hx;D_x^1.181792 H;Hxxx;H*Hxx,0.015,0.8262207731873448
0.7432002004696873,1.195848564727807,0.0,-1.0559607066734424,0;0;-1.05596070667;0;0;0;0;0.0743224407667;0;0;0;0,53363.55944232111,0.005,576,3e-06,1.250385506015832,,0.0004440442642175097,0.39049140000000193,ok,same_stridge_core,Hx;H*Hxx,0.02,0.9302041493619052
0.746445590387093,1.4192344395938885,0.21834508544334585,-1.171334124717515,0;0;-1.17133412472;0.218345085443;0;0;0;0;-0.0954524230177;0;0;0,53042.335462386975,0.005,577,3e-06,1.531973719329633,,0.0005614319907021104,0.385803199999998,ok,same_stridge_core,Hx;D_x^1.419234 H;H*Hxxx,0.024944385748410524,1.0545927001681503
0.7441865785949253,1.279828568610288,0.0,-1.0532488001929512,0;0;-1.05324880019;0;0;0;0;0.074716778029;0;0;0;0,53246.19735677961,0.005,578,3e-06,1.2483419016027082,,0.00044241251365472454,0.3827325999999971,ok,same_stridge_core,Hx;H*Hxx,0.02,0.9288647174620305
0.7454647539382623,1.4375929409884343,0.22471993014848368,-1.1688633134607558,0;0;-1.16886331346;0.224719930148;0;0;0;0;-0.0872198900417;0;0;0,53017.76313616373,0.005,579,3e-06,1.5059341648359363,,0.0005355721739407706,0.39522359999998,ok,same_stridge_core,Hx;D_x^1.437593 H;H*Hxxx,0.030000000000000002,1.0287742966104627
0.7414977191981095,1.01317871915613,0.0,-1.0655784990562016,0;0;-1.06557849906;0;-0.107944116728;0;0;0.0725540463836;0;0;0;0,53580.16319882012,0.005,580,3e-06,1.413168931988512,,0.0004449654158770916,0.3868488999999897,ok,same_stridge_core,Hx;Hxxx;H*Hxx,0.02,0.9309474631991309
0.7407122428143933,1.2945703431825013,0.0,-1.0675964375896934,0;0;-1.06759643759;0;-0.104611444215;0;0;0.0722702765332;0;0;0;0,53224.68474981181,0.005,581,3e-06,1.4119332911163973,,0.0004470737926412636,0.13897309999998697,ok,same_stridge_core,Hx;Hxxx;H*Hxx,0.02443497583332466,0.9329111283680911
0.7464729075437103,1.7323855729260893,0.16477143902399033,-1.0672998464665415,0;0;-1.06729984647;0.164771439024;0;0;0;0.0426381738264;0;0;0;0,53985.84191056681,0.005,582,3e-06,1.381911508357028,,0.00041525316836127564,0.13399590000000217,ok,same_stridge_core,Hx;D_x^1.732386 H;H*Hxx,0.020101703567841137,0.8960389311619267
0.7490848419878322,1.317110784294486,0.19713242280647267,-1.2107487925245721,0;0;-1.21074879252;0.197132422806;-1.86895081063;0;0;0;0.137091260261;0;0;0,53191.44576081355,0.005,583,3e-06,1.7321588573011795,,0.0006154881087280403,0.3656692999999791,ok,same_stridge_core,Hx;D_x^1.317111 H;Hxxx;H*Hxxx,0.019442284285285587,1.093861508171417
0.7453075994507699,1.2931956334076657,0.053759292102591436,-1.0568155694949817,0.0202699205387;0;-1.05681556949;0.0537592921026;0.569108745514;0;0;0.0762619512576;-0.0315721058055;0;0;0,53226.69956741136,0.005,584,3e-06,1.7731644450491446,,0.0003455936714064884,0.3564677999999901,ok,same_stridge_core,1;Hx;D_x^1.293196 H;Hxxx;H*Hxx;H*Hxxx,0.01,0.8150838528357401
0.74527808097963,1.306264717217509,0.19017674491099945,-1.2204740531401423,0;0;-1.22047405314;0.190176744911;-1.77537474457;0;0;0;0.120565823018;0;0;0,53207.48358067379,0.005,585,3e-06,1.7149694910005397,,0.000595036166830694,0.1346612000000107,ok,same_stridge_core,Hx;D_x^1.306265 H;Hxxx;H*Hxxx,0.01944238501118446,1.0764796880324543
0.7448912240444987,1.2787760964443704,0.18078130629593006,-1.2291669956510032,0;0;-1.22916699565;0.180781306296;-1.86702566192;0;0;0;0.119469461315;0;0;0,53247.72488748934,0.005,586,3e-06,1.7475396141548316,,0.0006300168626079248,0.3940786000000003,ok,same_stridge_core,Hx;D_x^1.278776 H;Hxxx;H*Hxxx,0.042352941176470586,1.1085669155049596
0.7444934586133201,1.306453757917613,0.0,-1.05240609706923,0;0;-1.05240609707;0;0;0;0;0.0748391504481;0;0;0;0,53207.20460608704,0.005,587,3e-06,1.247756970380399,,0.00044196702404801475,0.4114943000000153,ok,same_stridge_core,Hx;H*Hxx,0.02,0.9285137427438768
0.7472785822173864,1.3736248343960282,0.2147837119751647,-1.196441428201167,0;0;-1.1964414282;0.214783711975;-1.55783204684;0;0;0;0.120547683058;0;0;0,53107.60488586143,0.005,588,3e-06,1.6578526833270781,,0.0005365725346708113,0.40207739999999603,ok,same_stridge_core,Hx;D_x^1.373625 H;Hxxx;H*Hxxx,0.02,1.020561424696741
0.7463528727109692,1.0222367618709671,0.01225026435704883,-1.0310178843082498,0.0203222007677;0;-1.03101788431;0.012250264357;0.767548875119;0;0;0.0902867343746;-0.0537349865238;0;0;0,53570.689161605624,0.005,589,3e-06,1.7924795602690597,,0.0003544867937891246,0.14272119999998267,ok,same_stridge_core,1;Hx;D_x^1.022237 H;Hxxx;H*Hxx;H*Hxxx,0.01,0.8282071553601585
0.7428101492492241,1.3408073904012312,0.05539148152330552,-1.1032412601890822,0;0;-1.10324126019;0.0553914815233;-0.321170470826;0;0;0.0532203341525;0;0;0;0,53156.23992468106,0.005,590,3e-06,1.5476989183154735,,0.0004222912632183735,0.284828100000027,ok,same_stridge_core,Hx;D_x^1.340807 H;Hxxx;H*Hxx,0.015454545454545448,0.9098240392193008
0.7440379301449713,1.3014531781207488,0.0,-1.053657170296929,0;0;-1.0536571703;0;0;0;0;0.0746574506187;0;0;0;0,53214.57368234521,0.005,591,3e-06,1.248333462915735,,0.00044263893824968565,0.3856264000000067,ok,same_stridge_core,Hx;H*Hxx,0.02,0.9290460208216638
0.7509598630663328,1.7777359434685218,0.40772918224669397,-1.0729179242483706,0;0;-1.07291792425;0.407729182247;0;0;0;0;0;0;0;0,55046.5040498388,0.005,592,3e-06,1.2651635432084942,,0.00045255314028374574,0.41498980000000074,ok,same_stridge_core,Hx;D_x^1.777736 H,0.024472786548517537,0.9348845189094614
0.7410318075249455,1.3808933163837922,0.0,-1.061939950303298,0;0;-1.0619399503;0;0;0;0;0.073450136157;0;0;0;0,53096.9453772993,0.005,593,3e-06,1.2528713527451263,,0.0004487189486668158,0.40620030000002316,ok,same_stridge_core,Hx;H*Hxx,0.035,0.9342896804813304
0.745566701798613,1.3847048935792725,0.0,-1.0551739427189903,0;0;-1.05517394272;0;-0.125167996726;0;0;0.0740088172152;0;0;0;0,53091.38339620199,0.005,594,3e-06,1.401754312833562,,0.00043711421549275667,0.3981901999999877,ok,same_stridge_core,Hx;Hxxx;H*Hxx,0.02,0.9239318622677443
0.7431043035564543,1.2655986621503001,0.0,-1.0562246298592757,0;0;-1.05622462986;0;0;0;0;0.0742840189471;0;0;0;0,53266.74671695425,0.005,595,3e-06,1.2499521966850125,,0.0004442192656872697,0.255503200000021,ok,same_stridge_core,Hx;H*Hxx,0.02,0.930351716383287
0.7442836199710388,1.4192344395938885,0.21645682619346943,-1.1760107267301358,0;0;-1.17601072673;0.216456826193;0;0;0;0;-0.0941699454788;0;0;0,53042.335462386975,0.005,596,3e-06,1.5147243752213235,,0.0005437931003937916,0.02800349999998275,ok,same_stridge_core,Hx;D_x^1.419234 H;H*Hxxx,0.029369690094461335,1.0373433560598408
0.7452639171486468,1.2698002813034621,0.17811242863056292,-1.2311058129364079,0;0;-1.23110581294;0.178112428631;-1.91305398502;0;0;0;0.120866983311;0;0;0,53260.70329646318,0.005,597,3e-06,1.7634196446427226,,0.0006477694518027346,0.36006969999999683,ok,same_stridge_core,Hx;D_x^1.2698 H;Hxxx;H*Hxxx,0.02,1.1242912050851646
0.7448974069850995,1.4248157148885656,0.21917185904473396,-1.1732905364028758,0;0;-1.1732905364;0.219171859045;0;0;0;0;-0.0921795572542;0;0;0,53034.72363502449,0.005,598,3e-06,1.5139359318838683,,0.0005431929805564909,0.38942180000000803,ok,same_stridge_core,Hx;D_x^1.424816 H;H*Hxxx,0.030000000000000002,1.0366234191686479
0.7417530216744708,1.2312137824342253,0.0,-1.0599485528349848,0;0;-1.05994855283;0;0;0;0;0.0737410922689;0;0;0;0,53315.3517102339,0.005,599,3e-06,1.2526478534888867,,0.0004469965854924193,0.27107129999998847,ok,same_stridge_core,Hx;H*Hxx,0.025,0.9327557432274834
0.7453384135484744,1.4572851207863255,0.08571105306246482,-1.096894143806519,0;0;-1.09689414381;0.0857110530625;-0.277884906485;0;0;0.0478625565608;0;0;0;0,52993.217644233715,0.005,600,3e-06,1.5386259733996284,,0.0004164866284757274,0.3809122999999772,ok,same_stridge_core,Hx;D_x^1.457285 H;Hxxx;H*Hxx,0.02,0.9027073616688238
0.7454908275676473,1.4799294153498361,0.09394656440580587,-1.096482750492055,0;0;-1.09648275049;0.0939465644058;-0.266156131706;0;0;0.0463361247047;0;0;0;0,52968.23416339078,0.005,601,3e-06,1.5367035738854096,,0.0004153135776481459,0.37359570000000986,ok,same_stridge_core,Hx;D_x^1.479929 H;Hxxx;H*Hxx,0.019440744358878517,0.9010847639247203
0.740135923583907,1.2907208443991185,0.0,-1.069078989479692,0;0;-1.06907898948;0;-0.102164613899;0;0;0.0720614563534;0;0;0;0,53230.32233158143,0.005,602,3e-06,1.4135514156030593,,0.0004487454308915739,0.3671598999999901,ok,same_stridge_core,Hx;Hxxx;H*Hxx,0.0275238010852046,0.9344785146188265
0.7485355703174221,1.5659371310412458,0.2829920756875407,-1.1346553311677046,0;0;-1.13465533117;0.282992075688;-0.361918479953;0;0;0;0;0;0;0,52935.40167922778,0.005,603,3e-06,1.4210307507078954,,0.00045729384946519773,0.38615619999998785,ok,same_stridge_core,Hx;D_x^1.565937 H;Hxxx,0.030000000000000002,0.9446121355948455
0.7444939454818342,1.3325431928790057,0.0,-1.0579090780974194,0;0;-1.0579090781;0;-0.120633513287;0;0;0.073627754229;0;0;0;0,53168.532260791384,0.005,604,3e-06,1.4037889383227693,,0.00043869213581797684,0.3615624999999909,ok,same_stridge_core,Hx;Hxxx;H*Hxx,0.02,0.9252721479756467
0.7467882437992804,1.4428386944671556,0.2280566415737618,-1.1646609043482383,0;0;-1.16466090435;0.228056641574;0;0;0;0;-0.0857785726212;0;0;0,53011.01599114057,0.005,605,3e-06,1.510843109001373,,0.0005406917085904481,0.3821322000000009,ok,same_stridge_core,Hx;D_x^1.442839 H;H*Hxxx,0.029435059493883024,1.0337439650811078
0.744387895333694,1.3054390475346738,0.0,-1.05269592171238,0;0;-1.05269592171;0;0;0;0;0.0747970753776;0;0;0;0,53208.70155166851,0.005,606,3e-06,1.247883100980001,,0.00044211694396990495,0.37611309999999776,ok,same_stridge_core,Hx;H*Hxx,0.02,0.92863089166999
0.742892902694256,1.1965140326028032,0.0,-1.056806592477886,0;0;-1.05680659248;0;0;0;0;0.0741992746444;0;0;0;0,53362.67025042802,0.005,607,3e-06,1.2508633873737134,,0.00044461540136634997,0.2839294000000052,ok,same_stridge_core,Hx;H*Hxx,0.02,0.9306873658711452
0.7455487377251602,1.2822208788650604,0.18243776726780828,-1.2270720806329178,0;0;-1.22707208063;0.182437767268;-1.87817438299;0;0;0;0.122427376002;0;0;0,53242.72087439212,0.005,608,3e-06,1.7484531571069746,,0.0006313920839808011,0.37625220000001036,ok,same_stridge_core,Hx;D_x^1.282221 H;Hxxx;H*Hxxx,0.036067842832548706,1.1095405066142692
0.7414056499645555,1.3375332949202257,0.08274267756327941,-1.0857439879408095,0.0184925935512;0;-1.08574398794;0.0827426775633;0.285878345928;0;0;0.0642453586735;0;0;0;0,53161.11058199368,0.005,609,3e-06,1.617418114165652,,0.00035201003222228933,0.3604780000000005,ok,same_stridge_core,1;Hx;D_x^1.337533 H;Hxxx;H*Hxx,0.01446969696969697,0.8200014554357469
0.7452154646616578,1.330659226094916,0.0,-1.0560688454805864,0;0;-1.05606884548;0;-0.123683897043;0;0;0.0738842451259;0;0;0;0,53171.333346134765,0.005,610,3e-06,1.402873033635941,,0.0004375926977510976,0.38717050000002473,ok,same_stridge_core,Hx;Hxxx;H*Hxx,0.02,0.924331033520728
0.744064225091889,1.3308901737976595,0.0,-1.0590062983734674,0;0;-1.05900629837;0;-0.118815748375;0;0;0.0734746142906;0;0;0;0,53170.9900088314,0.005,611,3e-06,1.4044495221813371,,0.0004394221289740838,0.2693146000000013,ok,same_stridge_core,Hx;Hxxx;H*Hxx,0.02,0.9259106121018545
0.7485364104707101,1.302522223675007,0.19168466844227486,-1.2160745086796982,0;0;-1.21607450868;0.191684668442;-1.90814740939;0;0;0;0.135439920839;0;0;0,53212.999759916696,0.005,612,3e-06,1.746558222339071,,0.0006309640709218394,0.28281040000001667,ok,same_stridge_core,Hx;D_x^1.302522 H;Hxxx;H*Hxxx,0.029919742294742292,1.1080022252200707
0.7453829568976598,1.377505747221093,0.0,-1.0556420245362004,0;0;-1.05564202454;0;-0.124391757159;0;0;0.0739436728482;0;0;0;0,53101.90544427501,0.005,613,3e-06,1.402053032236466,,0.00043735989426670215,0.38181339999999864,ok,same_stridge_core,Hx;Hxxx;H*Hxx,0.02,0.9241358832379909
0.7432379739807525,1.3393212275413426,0.07760285860756456,-1.0756762370438577,0.0190035714062;0;-1.07567623704;0.0776028586076;0.320199899986;0;0;0.0674086223826;0;0;0;0,53158.45071634316,0.005,614,3e-06,1.6134152962982813,,0.00034839030854812056,0.27810230000000047,ok,same_stridge_core,1;Hx;D_x^1.339321 H;Hxxx;H*Hxx,0.015,0.8160385355531338
0.7425821299614525,1.2123894615955284,0.0,-1.0576625429257318,0;0;-1.05766254293;0;0;0;0;0.0740745625741;0;0;0;0,53341.25104625555,0.005,615,3e-06,1.25125582772244,,0.0004452234189261909,0.39100679999998533,ok,same_stridge_core,Hx;H*Hxx,0.02,0.9312083214449067
0.7504045667873569,1.3104868863622707,0.19599283235879716,-1.2105185420418472,0;0;-1.21051854204;0.195992832359;-1.94319062319;0;0;0;0.143431255678;0;0;0,53201.248756700865,0.005,616,3e-06,1.7519539817921241,,0.0006379370708265971,0.3678072999999813,ok,same_stridge_core,Hx;D_x^1.310487 H;Hxxx;H*Hxxx,0.02,1.1135389967117137
0.7394237279976728,1.5476237550174103,0.2759397055689759,-1.1467673950804178,0;0;-1.14676739508;0.275939705569;0;0;0;0;0;0;0;0,52930.219479230494,0.005,617,3e-06,1.2734596431188976,,0.000475315223260955,0.36470770000002517,ok,same_stridge_core,Hx;D_x^1.547624 H,0.08875000000000002,0.9558783262435145
0.7434986709722622,1.2159665845213738,0.0,-1.0551395792805927,0;0;-1.05513957928;0;0;0;0;0.0744419274733;0;0;0;0,53336.37073004813,0.005,618,3e-06,1.249782939607925,,0.0004435182100677424,0.3639320000000055,ok,same_stridge_core,Hx;H*Hxx,0.02,0.929764715227636
0.7448001429328319,1.262839416151578,0.0,-1.0515644111316633,0;0;-1.05156441113;0;0;0;0;0.0749612969457;0;0;0;0,53270.70387237351,0.005,619,3e-06,1.2478179387076094,,0.0004415511701912799,0.36442049999999426,ok,same_stridge_core,Hx;H*Hxx,0.018190883190883207,0.9281937154733684
0.7458220634549514,1.2025047740269856,0.03304760492842424,-1.0465812824484533,0.0204976640922;0;-1.04658128245;0.0330476049284;0.635237171983;0;0;0.082910027898;-0.0393823199392;0;0;0,53354.63397830839,0.005,620,3e-06,1.7807543876656662,,0.000348884525297073,0.39964359999999033,ok,same_stridge_core,1;Hx;D_x^1.202505 H;Hxxx;H*Hxx;H*Hxxx,0.01,0.8203709760561153
0.7430998632636571,1.1613423252616377,0.0,-1.0562368487453666,0;0;-1.05623684875;0;0;0;0;0.0742822412527;0;0;0;0,53408.682363019,0.005,621,3e-06,1.2508107118909548,,0.00044422745269532654,0.3741666999999893,ok,same_stridge_core,Hx;H*Hxx,0.02,0.9303586177128408
0.7382644285897303,1.2473500409530474,0.0,-1.0696060565509884,0;0;-1.06960605655;0;0;0;0;0.0723260041314;0;0;0;0,53292.74007463658,0.005,622,3e-06,1.2615639261396012,,0.0004569088176141834,0.2720937999999933,ok,same_stridge_core,Hx;H*Hxx,0.029435920047031158,0.9418074856917816
0.7410751997502885,1.2547551739076916,0.05906689629147626,-1.082359196699311,0.0186977831494;0;-1.0823591967;0.0590668962915;0.2688927555;0;0;0.0704624720222;0;0;0;0,53282.24393660716,0.005,623,3e-06,1.6254930421546212,,0.0003562488719196673,0.3483142999999984,ok,same_stridge_core,1;Hx;D_x^1.254755 H;Hxxx;H*Hxx,0.01,0.8262593831055137
0.7449563301530492,1.3059076452030025,0.05800405382942966,-1.05960567736563,0.0201409247313;0;-1.05960567737;0.0580040538294;0.560030770001;0;0;0.0747438909336;-0.0311072100813;0;0;0,53208.01031910552,0.005,624,3e-06,1.7725658357190337,,0.0003455882443688985,0.3849591999999973,ok,same_stridge_core,1;Hx;D_x^1.305908 H;Hxxx;H*Hxx;H*Hxxx,0.01,0.8148216499751343
0.748293051102071,1.2748626059666264,0.18211439389203166,-1.2246034455881356,0;0;-1.22460344559;0.182114393892;-2.00419095955;0;0;0;0.134334261504;0;0;0,53253.394610190495,0.005,625,3e-06,1.7834994140496971,,0.0006721699104602778,0.3666154000000006,ok,same_stridge_core,Hx;D_x^1.274863 H;Hxxx;H*Hxxx,0.025970713497029285,1.1444586787274111
0.7478660471281067,1.2598476473400702,0.034076441909873495,-0.957142548832895,0.0874391678906;-0.0130354889228;-0.957142548833;0.0340764419099;3.02980420045;0;-0.0119556393632;0;-0.670804714389;0;0.00716929405722;0.0488549121597,53274.984145197326,0.005,626,3e-06,2.2105846368646467,,0.0003093673830040648,0.12814039999997817,ok,same_stridge_core,1;H;Hx;D_x^1.259848 H;Hxxx;H*Hx;H*Hxxx;H^2*Hxx;H^2*Hxxx,0.005,0.7721600649443189
0.7446874828664168,1.245765625125343,0.048069151728183726,-1.0615365519437887,0.0196219518624;0;-1.06153655194;0.0480691517282;0.340847144608;0;0;0.0770083404407;0;0;0;0,53294.97648572477,0.005,627,3e-06,1.6192594410011205,,0.00035023623891108105,0.1317025999999828,ok,same_stridge_core,1;Hx;D_x^1.245766 H;Hxxx;H*Hxx,0.015,0.819834793715249
0.7446883773194186,1.3007883304048948,0.0,-1.0518710941592333,0;0;-1.05187109416;0;0;0;0;0.0749167991445;0;0;0;0,53215.55194537399,0.005,628,3e-06,1.2476000738169177,,0.00044169936176885455,0.1338459000000114,ok,same_stridge_core,Hx;H*Hxx,0.02,0.9283067621446739
0.7429546156137115,1.4103127461638887,0.21188028834806835,-1.1810970758399235,0;0;-1.18109707584;0.211880288348;0;0;0;0;-0.0971540673499;0;0;0,53054.7187368822,0.005,629,3e-06,1.5133592809825382,,0.0005420966719526944,0.3642088999999942,ok,same_stridge_core,Hx;D_x^1.410313 H;H*Hxxx,0.03432677129938569,1.0358668123505985
0.7442976714291878,1.3876394321777201,0.0,-1.0584101202166667,0;0;-1.05841012022;0;-0.119803416758;0;0;0.0735578437092;0;0;0;0,53087.11608797485,0.005,630,3e-06,1.4033404405102996,,0.000439018648765143,0.3588367000000119,ok,same_stridge_core,Hx;Hxxx;H*Hxx,0.025,0.9255563957185259
0.746097110759441,1.302035451709504,0.18946886819184577,-1.2203426690422123,0;0;-1.22034266904;0.189468868192;-1.82197735737;0;0;0;0.124500211221;0;0;0,53213.7165632989,0.005,631,3e-06,1.7268158490841357,,0.0006081504591866562,0.13041670000001204,ok,same_stridge_core,Hx;D_x^1.302035 H;Hxxx;H*Hxxx,0.02,1.088251250324549
0.7451606168006057,1.5036969948701915,0.10443610142940643,-1.0975541171845833,0;0;-1.09755411718;0.104436101429;-0.25181090228;0;0;0.0441890372962;0;0;0;0,52947.233737511924,0.005,632,3e-06,1.534552758697127,,0.00041407037310278586,0.3681464999999946,ok,same_stridge_core,Hx;D_x^1.503697 H;Hxxx;H*Hxx,0.02,0.899185953846984
0.737268019597271,1.166283902155071,0.0,-1.0723759622684184,0;0;-1.07237596227;0;0;0;0;0.071918261697;0;0;0;0,53402.34013930236,0.005,633,3e-06,1.265565820055991,,0.0004604829204450299,0.25837110000000507,ok,same_stridge_core,Hx;H*Hxx,0.02992106533971613,0.9451517792201768
0.7415243966011282,1.2431580682011052,0.0,-1.0605795396390079,0;0;-1.06057953964;0;0;0;0;0.0736489486522;0;0;0;0,53298.64928058038,0.005,634,3e-06,1.2530147920235641,,0.0004475243119888303,0.26530579999999304,ok,same_stridge_core,Hx;H*Hxx,0.02,0.9332228963400819
0.7443430630311693,1.3434931785533708,0.0,-1.0582942327758373,0;0;-1.05829423278;0;-0.11999543918;0;0;0.0735740166813;0;0;0;0,53152.24485864045,0.005,635,3e-06,1.4038599528442544,,0.0004389420855355335,0.3670835000000068,ok,same_stridge_core,Hx;Hxxx;H*Hxx,0.02,0.9254897491164902
0.744387895333694,1.3233707124256493,0.0,-1.0581797766991945,0;0;-1.0581797767;0;-0.120185050971;0;0;0.0735899891524;0;0;0;0,53182.16119936309,0.005,636,3e-06,1.4040636249731036,,0.00043886705712232907,0.2774565999999936,ok,same_stridge_core,Hx;Hxxx;H*Hxx,0.02,0.9254241741788358
0.7478781399075407,1.155300283443513,0.0479735727072625,-0.9158296542088634,0.134808037588;-0.024446550965;-0.915829654209;0.0479735727073;2.35656875287;0;-0.0290510494434;0;-0.357514145186;0;0;0,53416.38197576104,0.005,637,3e-06,1.9721476849882136,,0.0003745027537011759,0.37260109999999713,ok,same_stridge_core,1;H;Hx;D_x^1.1553 H;Hxxx;H*Hx;H*Hxxx,0.018636363636363628,0.8504036634972316
0.7492355636671215,1.321065146039288,0.1986208892120311,-1.209288711799032,0;0;-1.2092887118;0.198620889212;-1.8580073655;0;0;0;0.137460819958;0;0;0,53185.58274935713,0.005,638,3e-06,1.7284192051016656,,0.0006115007266161921,0.34783500000000345,ok,same_stridge_core,Hx;D_x^1.321065 H;Hxxx;H*Hxxx,0.02938594356704378,1.09019221210938
0.7435094036847508,1.2433040097936068,0.0,-1.0551100611202417,0;0;-1.05511006112;0;0;0;0;0.0744462193752;0;0;0;0,53298.44395565029,0.005,639,3e-06,1.2495401306758671,,0.000443499814748701,0.35536749999999984,ok,same_stridge_core,Hx;H*Hxx,0.02,0.9297494669419653
0.7515891517076689,1.3122555965477527,0.1976163436576244,-1.207975327146022,0;0;-1.20797532715;0.197616343658;-1.9781932694;0;0;0;0.148617148997;0;0;0,53198.63353675362,0.005,640,3e-06,1.7598808670786141,,0.0006474102193792449,0.3597308999999882,ok,same_stridge_core,Hx;D_x^1.312256 H;Hxxx;H*Hxxx,0.02492914262921143,1.1214972646375705
0.744064225091889,1.1874682194330992,0.03741726220623061,-1.060305538733311,0.0193804775346;0;-1.06030553873;0.0374172622062;0.332182347933;0;0;0.0796966746552;0;0;0;0,53374.696382755305,0.005,641,3e-06,1.6261859461351664,,0.00035461404568866954,0.2623474000000101,ok,same_stridge_core,1;Hx;D_x^1.187468 H;Hxxx;H*Hxx,0.015,0.8255655003938368
0.7485364104707101,1.3828263899500501,0.2192925877421974,-1.1913451652773424,0;0;-1.19134516528;0.219292587742;-1.56067628171;0;0;0;0.12447609623;0;0;0,53094.12200211242,0.005,642,3e-06,1.6576521360495788,,0.0005368402988459566,0.28316420000001585,ok,same_stridge_core,Hx;D_x^1.382826 H;Hxxx;H*Hxxx,0.02,1.0205226720242297
0.7458248237923821,1.264736031318154,0.04558119895902415,-1.0518166392473935,0.0204596234068;0;-1.05181663925;0.045581198959;0.590465758335;0;0;0.0790962744674;-0.0333048072904;0;0;0,53267.984858920056,0.005,643,3e-06,1.7750213050543926,,0.0003460979248939806,0.3838302999999996,ok,same_stridge_core,1;Hx;D_x^1.264736 H;Hxxx;H*Hxx;H*Hxxx,0.011632996632996634,0.8161975775938317
0.740267981164821,1.7734805553488275,0.14328607908797328,-1.0776987042028685,0;0;-1.0776987042;0.143286079088;0;0;0;0.046244340937;0;0;0;0,54921.06446854071,0.005,644,3e-06,1.4086725117736196,,0.00043366913999245683,0.3871977999999956,ok,same_stridge_core,Hx;D_x^1.773481 H;H*Hxx,0.029919728675857418,0.9143829315567533
0.7415563218219582,1.2828816721870462,0.0,-1.0604914101086924,0;0;-1.06049141011;0;0;0;0;0.0736618213212;0;0;0;0,53241.7595619495,0.005,645,3e-06,1.252607263193716,,0.00044744966756864293,0.3893368999999893,ok,same_stridge_core,Hx;H*Hxx,0.019494582043343662,0.9331567058220189
0.7436313422167866,1.3120936658660693,0.0,-1.0547747308789326,0;0;-1.05477473088;0;0;0;0;0.0744949917519;0;0;0;0,53198.873104008926,0.005,646,3e-06,1.248772300501647,,0.0004432933901294868,0.39129079999997884,ok,same_stridge_core,Hx;H*Hxx,0.02,0.9295790618775932
0.7438100697701171,1.2738403711549513,0.0,-1.0542833672228404,0;0;-1.05428336722;0;0;0;0;0.0745664367748;0;0;0;0,53254.87258323836,0.005,647,3e-06,1.2488671626269143,,0.00044299933513788074,0.3727327999999943,ok,same_stridge_core,Hx;H*Hxx,0.02,0.9293379271274843
0.7405514200772488,1.2405605199749465,0.0,-1.063267873643801,0;0;-1.06326787364;0;0;0;0;0.0732558723168;0;0;0;0,53302.29878157356,0.005,648,3e-06,1.255222385440678,,0.00044995979450012334,0.388434999999987,ok,same_stridge_core,Hx;H*Hxx,0.02,0.9354085927512367
0.7463279725519274,1.3609128352179027,0.200696015292986,-1.1977355977258273,0;0;-1.19773559773;0.200696015293;-0.908023511369;0;0;0;0;0;0;0,53126.37452735405,0.005,649,3e-06,1.530425351616162,,0.0005609036025840048,0.3970444999999927,ok,same_stridge_core,Hx;D_x^1.360913 H;Hxxx,0.04431383474452255,1.0522879808699757
0.7449499942819153,1.3692682330247519,0.0,-1.056745628574006,0;0;-1.05674562857;0;-0.122561811541;0;0;0.0737899653147;0;0;0;0,53114.02185909186,0.005,650,3e-06,1.402684526683362,,0.0004379789968609193,0.3833765999999912,ok,same_stridge_core,Hx;Hxxx;H*Hxx,0.02,0.9246583299515354
0.7440379301449713,1.244034682601826,0.0,-1.0536571702969268,0;0;-1.0536571703;0;0;0;0;0.0746574506187;0;0;0;0,53297.415606156625,0.005,651,3e-06,1.2488305144586036,,0.0004426389382496857,0.28428329999999846,ok,same_stridge_core,Hx;H*Hxx,0.02,0.9290460208216639
0.7382644285897303,1.2558998839999207,0.0,-1.0696060565509884,0;0;-1.06960605655;0;0;0;0;0.0723260041314;0;0;0;0,53280.614940995314,0.005,652,3e-06,1.2614911753377536,,0.0004569088176141834,0.2857577000000049,ok,same_stridge_core,Hx;H*Hxx,0.03425264550264548,0.9418074856917816
0.7437928994975412,1.2662289930638528,0.0,-1.0543305648695371,0;0;-1.05433056487;0;0;0;0;0.0745595757978;0;0;0;0,53265.84136305835,0.005,653,3e-06,1.2489556458215814,,0.0004430270958068626,0.3049461999999892,ok,same_stridge_core,Hx;H*Hxx,0.02,0.9293605976432313
0.743440894889296,1.3021595369021777,0.0,-1.0552984894226385,0;0;-1.05529848942;0;0;0;0;0.0744188093784;0;0;0;0,53213.533796026604,0.005,654,3e-06,1.2491287761984102,,0.0004436178836369047,0.3775541999999916,ok,same_stridge_core,Hx;H*Hxx,0.02,0.9298475734222507
0.7454448496574357,1.2539894717902675,0.04402602374802773,-1.052943163542139,0.0203885923294;0;-1.05294316354;0.044026023748;0.593981164693;0;0;0.0792214374534;-0.0348787535869;0;0;0,53283.33256688416,0.005,655,3e-06,1.7766425741394056,,0.0003471149160464846,0.3746345000000133,ok,same_stridge_core,1;Hx;D_x^1.253989 H;Hxxx;H*Hxx;H*Hxxx,0.01599567099567099,0.8175425879354906
0.7382542030973407,1.3045571226700705,0.0,-1.069634459743514,0;0;-1.06963445974;0;0;0;0;0.0723218278175;0;0;0;0,53210.00174798186,0.005,656,3e-06,1.2611001291381179,,0.0004569438073737343,0.3830494000000044,ok,same_stridge_core,Hx;H*Hxx,0.030000000000000002,0.9418401186502267
0.7435238004169992,1.1886289750536685,0.0,-1.0550704641168454,0;0;-1.05507046412;0;0;0;0;0.0744519810923;0;0;0;0,53373.1604204721,0.005,657,3e-06,1.2499679405868946,,0.0004434751396887595,0.3889225000000067,ok,same_stridge_core,Hx;H*Hxx,0.02,0.929728978064062
0.7446928730723132,1.3007883304048948,0.0,-1.0518587569147317,0;0;-1.05185875691;0;0;0;0;0.0749185894321;0;0;0;0,53215.55194537399,0.005,658,3e-06,1.2475954865982781,,0.00044169335407923756,0.1402477000000033,ok,same_stridge_core,Hx;H*Hxx,0.02,0.9283021749260341
0.7417530216744708,1.2479381608419073,0.0,-1.0599485528349826,0;0;-1.05994855283;0;0;0;0;0.0737410922689;0;0;0;0,53291.90919699019,0.005,659,3e-06,1.2525071984094247,,0.0004469965854924193,0.27334730000001173,ok,same_stridge_core,Hx;H*Hxx,0.02,0.9327557432274836
0.7427932657171727,1.24657724550191,0.0,-1.0570809679643078,0;0;-1.05708096796;0;0;0;0;0.0741593068259;0;0;0;0,53293.83139156205,0.005,660,3e-06,1.250614035927915,,0.0004448070352355636,0.2755045000000109,ok,same_stridge_core,Hx;H*Hxx,0.02,0.9308510475785426
0.7432512399499189,1.17822691065451,0.0,-1.0558202573765005,0;0;-1.05582025738;0;0;0;0;0.0743428819413;0;0;0;0,53386.84570954783,0.005,661,3e-06,1.2504481528156774,,0.00044395232107226785,0.3718152999999802,ok,same_stridge_core,Hx;H*Hxx,0.02,0.9301270785583905
0.7458287218641281,1.2931719430230855,0.1862953440037922,-1.2234112179247414,0;0;-1.22341121792;0.186295344004;-1.84685098979;0;0;0;0.123592792582;0;0;0,53226.73421086885,0.005,662,3e-06,1.7360876015109221,,0.0006180406242699629,0.14616950000001339,ok,same_stridge_core,Hx;D_x^1.293172 H;Hxxx;H*Hxxx,0.03551378226504277,1.0973667909804958
0.7444409526464064,1.2957630704574032,0.0,-1.0525502474459043,0;0;-1.05255024745;0;0;0;0;0.0748182227787;0;0;0;0,53222.93549767545,0.005,663,3e-06,1.247909131710367,,0.0004420411783789347,0.1533228000000122,ok,same_stridge_core,Hx;H*Hxx,0.02,0.9285715187243144
0.7415243966011282,1.2496203781634379,0.0,-1.060579539639011,0;0;-1.06057953964;0;0;0;0;0.0736489486522;0;0;0;0,53289.52989634916,0.005,664,3e-06,1.252960075718177,,0.0004475243119888303,0.2948319000000197,ok,same_stridge_core,Hx;H*Hxx,0.019950789141694836,0.933222896340082
0.7475049170743113,1.346617497422788,0.2057633196971496,-1.204418706018507,0;0;-1.20441870602;0.205763319697;-1.68668205117;0;0;0;0.126508277097;0;0;0,53147.59835511678,0.005,665,3e-06,1.6857110388320207,,0.0005652874598894939,0.3915110000000084,ok,same_stridge_core,Hx;D_x^1.346617 H;Hxxx;H*Hxxx,0.019453836630483806,1.0479398585706192
0.7457921432187918,1.2307691414242554,0.03837952652313589,-1.0491377933838233,0.0204887924251;0;-1.04913779338;0.0383795265231;0.613713330666;0;0;0.0812312331464;-0.036623209807;0;0;0,53315.96947930859,0.005,666,3e-06,1.778249263517448,,0.00034766817516700355,0.3874201999999798,ok,same_stridge_core,1;Hx;D_x^1.230769 H;Hxxx;H*Hxx;H*Hxxx,0.01,0.8185618128898936
0.742892902694256,1.3561890576858755,0.08401567936398463,-1.0782314145571337,0.0187910186331;0;-1.07823141456;0.084015679364;0.317698544356;0;0;0.065415888258;0;0;0;0,53133.37833831749,0.005,667,3e-06,1.6129703104698734,,0.0003486100048705636,0.27597180000000776,ok,same_stridge_core,1;Hx;D_x^1.356189 H;Hxxx;H*Hxx,0.011086124401913866,0.815969635395111
0.7456538285913632,1.3862523724995475,0.0,-1.0549520555447978,0;0;-1.05495205554;0;-0.125536194878;0;0;0.0740396875674;0;0;0;0,53089.13145532148,0.005,668,3e-06,1.4016411279643535,,0.00043700122576504876,0.3994272000000194,ok,same_stridge_core,Hx;Hxxx;H*Hxx,0.02,0.92383894486646
0.7449583268334529,1.2657850333531717,0.17655871642432627,-1.2327501903255047,0;0;-1.23275019033;0.176558716424;-1.91614405926;0;0;0;0.119337795436;0;0;0,53266.479004718036,0.005,669,3e-06,1.7664935271355975,,0.0006510105384462094,0.389725999999996,ok,same_stridge_core,Hx;D_x^1.265785 H;Hxxx;H*Hxxx,0.02991972888467597,1.127295779078981
0.7451170188726209,1.4825804234906468,0.09639510200814712,-1.0980451387875185,0;0;-1.09804513879;0.0963951020081;-0.265167170855;0;0;0.0455927651061;0;0;0;0,52965.59378766486,0.005,670,3e-06,1.5362106917093838,,0.0004150353965750119,0.4177483999999936,ok,same_stridge_core,Hx;D_x^1.48258 H;Hxxx;H*Hxx,0.01944209197852817,0.9006235662574055
0.7442845718428743,1.260215223581582,0.0,-1.0529796550600292,0;0;-1.05297965506;0;0;0;0;0.0747558724867;0;0;0;0,53274.458929177985,0.005,671,3e-06,1.2483961195256459,,0.00044226715398192176,0.42699400000000765,ok,same_stridge_core,Hx;H*Hxx,0.02,0.9287493659505779
0.7472851633949982,1.3489471464594651,0.2063450308336377,-1.2040809248195836,0;0;-1.20408092482;0.206345030834;-1.66854812832;0;0;0;0.125127371553;0;0;0,53144.13487358653,0.005,672,3e-06,1.6817171502269748,,0.0005610434990437481,0.3882602999999847,ok,same_stridge_core,Hx;D_x^1.348947 H;Hxxx;H*Hxxx,0.019937213163729133,1.0439875317439364
0.7441360320201504,1.298312573716208,0.0,-1.0533876505676816,0;0;-1.05338765057;0;0;0;0;0.074696610644;0;0;0;0,53219.19209027083,0.005,673,3e-06,1.2482407971850926,,0.00044248876237864003,0.3646743999999842,ok,same_stridge_core,Hx;H*Hxx,0.02,0.9289256446434677
0.7438255354931096,1.3012780874415029,0.0,-1.054240857464855,0;0;-1.05424085746;0;0;0;0;0.0745726157865;0;0;0;0,53214.83137225181,0.005,674,3e-06,1.2486066663547126,,0.0004429743306868058,0.3754873000000032,ok,same_stridge_core,Hx;H*Hxx,0.02,0.9293176781212017
0.7444797335004314,1.3032784983597945,0.0,-1.0524437751994025,0;0;-1.0524437752;0;0;0;0;0.074833681671;0;0;0;0,53211.88592173179,0.005,675,3e-06,1.247800113681171,,0.00044198638346700187,0.38452429999998117,ok,same_stridge_core,Hx;H*Hxx,0.02,0.9285287981507803
0.7422493267585994,1.2534012898845386,0.0,-1.0585797203933256,0;0;-1.05857972039;0;0;0;0;0.0739408367806;0;0;0;0,53284.16828185601,0.005,676,3e-06,1.2515068095910102,,0.0004459087336494683,0.4116871999999887,ok,same_stridge_core,Hx;H*Hxx,0.019551595334490076,0.9318017998998742
0.7445912693918013,1.2399371369370942,0.0469738670383173,-1.0616139911581886,0.0195946673775;0;-1.06161399116;0.0469738670383;0.339124656678;0;0;0.0772468030838;0;0;0;0,53303.1732025588,0.005,677,3e-06,1.6200090945594035,,0.0003507168164264744,0.38178490000001375,ok,same_stridge_core,1;Hx;D_x^1.239937 H;Hxxx;H*Hxx,0.015,0.8204614965210213
0.7449299661729902,1.2998657971359693,0.18776384101854066,-1.2229587202527212,0;0;-1.22295872025;0.187763841019;-1.78808548385;0;0;0;0.119318209593;0;0;0,53216.908983801695,0.005,678,3e-06,1.7201396628229992,,0.0006003734471965592,0.38262900000000855,ok,same_stridge_core,Hx;D_x^1.299866 H;Hxxx;H*Hxxx,0.03945709876543207,1.081536755017379
0.7449180076406783,1.297099230162755,0.18684074666037523,-1.2237938247230893,0;0;-1.22379382472;0.18684074666;-1.79848950676;0;0;0;0.119376115784;0;0;0,53220.97426236601,0.005,679,3e-06,1.723532801435354,,0.0006040009022185067,0.3972859000000142,ok,same_stridge_core,Hx;D_x^1.297099 H;Hxxx;H*Hxxx,0.02,1.0848811102869618
0.7449583268334529,1.2657850333531717,0.17655871642432627,-1.2327501903255047,0;0;-1.23275019033;0.176558716424;-1.91614405926;0;0;0;0.119337795436;0;0;0,53266.479004718036,0.005,680,3e-06,1.7664935271355975,,0.0006510105384462094,0.03310369999999807,ok,same_stridge_core,Hx;D_x^1.265785 H;Hxxx;H*Hxxx,0.02,1.127295779078981
0.7464060165142089,1.3014531781207488,0.18953510408956128,-1.2199930105596088,0;0;-1.21999301056;0.18953510409;-1.83548146528;0;0;0;0.125919514211;0;0;0,53214.57368234521,0.005,681,3e-06,1.730088482383239,,0.0006118466731033571,0.14067479999999932,ok,same_stridge_core,Hx;D_x^1.301453 H;Hxxx;H*Hxxx,0.02648982364521212,1.0915135981950965
0.7382644285897303,1.2962885531523103,0.0,-1.0696060565509884,0;0;-1.06960605655;0;0;0;0;0.0723260041314;0;0;0;0,53222.16431975666,0.005,682,3e-06,1.2611404716103216,,0.0004569088176141834,0.26998380000000566,ok,same_stridge_core,Hx;H*Hxx,0.03006706595873263,0.9418074856917816
0.7437928994975412,1.3449501105174804,0.0,-1.0543305648695371,0;0;-1.05433056487;0;0;0;0;0.0745595757978;0;0;0;0,53150.0779980762,0.005,683,3e-06,1.2482610656316886,,0.0004430270958068626,0.27929250000002526,ok,same_stridge_core,Hx;H*Hxx,0.025,0.9293605976432313
0.7456152294915326,1.3021595369021777,0.1891024844928493,-1.221121223465142,0;0;-1.22112122347;0.189102484493;-1.80398235557;0;0;0;0.122315861667;0;0;0,53213.533796026604,0.005,684,3e-06,1.7227554047334097,,0.0006035318494673864,0.13151380000002177,ok,same_stridge_core,Hx;D_x^1.30216 H;Hxxx;H*Hxxx,0.022055108912251778,1.0841929991810904
0.7497141436994182,1.3489710001590873,0.2086961814636729,-1.1998631665851685,0;0;-1.19986316659;0.208696181464;-1.7556098695;0;0;0;0.136367831262;0;0;0,53144.099320163274,0.005,685,3e-06,1.6993639555585234,,0.0005805937124240784,0.37811229999999796,ok,same_stridge_core,Hx;D_x^1.348971 H;Hxxx;H*Hxxx,0.020101726844583986,1.0616347637165642
0.745000553376045,1.378324112717514,0.0588701230601636,-1.094787445920621,0;0;-1.09478744592;0.0588701230602;-0.300935686204;0;0;0.0538016155571;0;0;0;0,53100.70584554416,0.005,686,3e-06,1.5458368761466637,,0.00042107742071121094,0.3695629999999994,ok,same_stridge_core,Hx;D_x^1.378324 H;Hxxx;H*Hxx,0.02,0.9086284060001336
0.7443670942775636,1.3173033203402618,0.0,-1.058232878194943,0;0;-1.05823287819;0;-0.120097098938;0;0;0.0735825786799;0;0;0;0,53191.16040000904,0.005,687,3e-06,1.4041748981001871,,0.0004389017626033243,0.3670740999999964,ok,same_stridge_core,Hx;Hxxx;H*Hxx,0.02,0.9254544545001058
0.7453984581334472,1.3040358626277957,0.18954091010933677,-1.22093193878381,0;0;-1.22093193878;0.189540910109;-1.78865171913;0;0;0;0.121238812563;0;0;0,53210.77005157425,0.005,688,3e-06,1.7186728568169438,,0.0005990480026283175,0.3723202999999842,ok,same_stridge_core,Hx;D_x^1.304036 H;Hxxx;H*Hxxx,0.02,1.0801436161980529
0.7454494060187908,1.2945148925542316,0.18642814166475452,-1.2236564035184587,0;0;-1.22365640352;0.186428141665;-1.82788094679;0;0;0;0.121855360834;0;0;0,53224.7660762649,0.005,689,3e-06,1.7311846949799632,,0.0006125224645786179,0.36358939999999507,ok,same_stridge_core,Hx;D_x^1.294515 H;Hxxx;H*Hxxx,0.02,1.0924875020647842
0.7440196512906123,1.3781148468348263,0.0,-1.0537073940275958,0;0;-1.05370739403;0;0;0;0;0.0746501532096;0;0;0;0,53101.01256700936,0.005,690,3e-06,1.2476749325992926,,0.0004426672927270279,0.38866350000000693,ok,same_stridge_core,Hx;H*Hxx,0.025,0.9290688571972364
0.7447442601261253,1.2972801870071902,0.0,-1.0517177435298775,0;0;-1.05171774353;0;0;0;0;0.0749390514933;0;0;0;0,53220.7085383348,0.005,691,3e-06,1.247574027404698,,0.000441624770280697,0.2873974999999973,ok,same_stridge_core,Hx;H*Hxx,0.02,0.9282497761746892
0.7444089804248312,1.3274830807006774,0.0,-1.058125946915738,0;0;-1.05812594692;0;-0.1202741367;0;0;0.0735974990895;0;0;0;0,53176.053741765114,0.005,692,3e-06,1.4039781065909096,,0.0004388320198026266,0.36963439999999537,ok,same_stridge_core,Hx;Hxxx;H*Hxx,0.02,0.9253936229150236
0.7446740438866708,1.3019775679118075,0.0,-1.0519104296077582,0;0;-1.05191042961;0;0;0;0;0.074911091628;0;0;0;0,53213.80172098352,0.005,693,3e-06,1.247604519911551,,0.00044171867383202784,0.3800827999999967,ok,same_stridge_core,Hx;H*Hxx,0.02,0.92832170958565
0.7452098745157019,1.2791877138801442,0.18116759224019577,-1.2285147761710349,0;0;-1.22851477617;0.18116759224;-1.87709635215;0;0;0;0.120890130026;0;0;0,53247.127593544414,0.005,694,3e-06,1.7497134628337143,,0.0006325840208032218,0.37539069999999697,ok,same_stridge_core,Hx;D_x^1.279188 H;Hxxx;H*Hxxx,0.03432685497750858,1.1107479317111815
0.7430243997695042,1.3020259122226374,0.0,-1.0564445676896064,0;0;-1.05644456769;0;0;0;0;0.0742519959221;0;0;0;0,53213.73054843219,0.005,695,3e-06,1.2497592324946338,,0.0004443673256799915,0.37911410000000956,ok,same_stridge_core,Hx;H*Hxx,0.025458333333333343,0.9304768492040407
0.7473450550401708,1.55506889608463,0.11710208950601661,-1.0874730273426312,0;0;-1.08747302734;0.117102089506;-0.217621139942;0;0;0.0438382532236;0;0;0;0,52931.24768860749,0.005,696,3e-06,1.532281771276167,,0.0004124942146628381,0.3974050999999861,ok,same_stridge_core,Hx;D_x^1.555069 H;Hxxx;H*Hxx,0.015423512150454781,0.897106799012877
0.7442972080809859,1.2416020655309894,0.048038754478596374,-1.0633723323101396,0.0195215378409;0;-1.06337233231;0.0480387544786;0.333221737019;0;0;0.0766640762518;0;0;0;0,53300.83655598285,0.005,697,3e-06,1.6203816735895888,,0.00035111360237102834,0.4023234000000002,ok,same_stridge_core,1;Hx;D_x^1.241602 H;Hxxx;H*Hxx,0.015,0.820869125249846
0.7446348888221584,1.2662935160376259,0.05308859535225114,-1.0633908617887824,0.0196066046701;0;-1.06339086179;0.0530885953523;0.339605145896;0;0;0.0754901010637;0;0;0;0,53265.74869883387,0.005,698,3e-06,1.6173354741632946,,0.000349212819508392,0.3755618999999797,ok,same_stridge_core,1;Hx;D_x^1.266294 H;Hxxx;H*Hxx,0.015,0.8183492436807864
0.7449612451120082,1.2788996179344299,0.18087705445214416,-1.2290141836863162,0;0;-1.22901418369;0.180877054452;-1.86911827189;0;0;0;0.119782231675;0;0;0,53247.5457482729,0.005,699,3e-06,1.7479708754492878,,0.0006305294157620243,0.3744365999999957,ok,same_stridge_core,Hx;D_x^1.2789 H;Hxxx;H*Hxxx,0.02,1.1090003264700128
0.7401851316950814,1.2802814285448614,0.0,-1.068952339098223,0;0;-1.0689523391;0;-0.102373551878;0;0;0.0720793058688;0;0;0;0,53245.53980763673,0.005,700,3e-06,1.4135502473192347,,0.00044859860348357163,0.27082509999999616,ok,same_stridge_core,Hx;Hxxx;H*Hxx,0.025,0.9343403890505042
0.744613772047997,1.303418779745056,0.0,-1.052075843155227,0;0;-1.05207584316;0;0;0;0;0.0748870874541;0;0;0;0,53211.67923516717,0.005,701,3e-06,1.2476545899973095,,0.0004418004603312792,0.36925600000000713,ok,same_stridge_core,Hx;H*Hxx,0.02,0.9283845145863066
0.7440790573344306,1.3390684864000202,0.0,-1.0589684142239184,0;0;-1.05896841422;0;-0.118878520308;0;0;0.0734799034135;0;0;0;0,53158.82671809095,0.005,702,3e-06,1.4043168782760005,,0.00043939592043240735,0.3818447999999819,ok,same_stridge_core,Hx;Hxxx;H*Hxx,0.02,0.925887437813182
0.7447273754201953,1.3246298066284834,0.0,-1.0573134375855335,0;0;-1.05731343759;0;-0.121620692081;0;0;0.0737108223308;0;0;0;0,53180.29193880114,0.005,703,3e-06,1.4035722745432817,,0.0004383192109437134,0.38969410000001403,ok,same_stridge_core,Hx;Hxxx;H*Hxx,0.02,0.9249496470940713
0.7467327699776763,1.5253285485878296,0.10826844553744232,-1.0487185675254305,0.0188298911082;0;-1.04871856753;0.108268445537;0.68348879981;0;0;0.0656728718906;-0.0362164913078;0;0;0,52934.55219566436,0.005,704,3e-06,1.7611117951931816,,0.00034205201848624983,0.3629813000000013,ok,same_stridge_core,1;Hx;D_x^1.525329 H;Hxxx;H*Hxx;H*Hxxx,0.01,0.8082898556712231
0.7448730432850658,1.3015215372414861,0.0,-1.051364410840488,0;0;-1.05136441084;0;0;0;0;0.074990310753;0;0;0;0,53214.47301394388,0.005,705,3e-06,1.24740924648833,,0.0004414566474802195,0.37075960000001373,ok,same_stridge_core,Hx;H*Hxx,0.019963408595761543,0.9281224084046668
0.7436313422167866,1.300482177820187,0.0,-1.054774730878936,0;0;-1.05477473088;0;0;0;0;0.0744949917519;0;0;0;0,53216.00231361181,0.005,706,3e-06,1.2488750757592642,,0.0004432933901294868,0.26507570000001124,ok,same_stridge_core,Hx;H*Hxx,0.02,0.9295790618775933
0.7442972590536931,1.3067253003030042,0.0,-1.052944811614465,0;0;-1.05294481161;0;0;0;0;0.0747609318709;0;0;0;0,53206.80401029993,0.005,707,3e-06,1.2479753005888234,,0.00044224853575069154,0.3610041000000024,ok,same_stridge_core,Hx;H*Hxx,0.02,0.9287344765270238
0.7440556554936759,1.2932549401395534,0.0,-1.0536084659342178,0;0;-1.05360846593;0;0;0;0;0.0746645285694;0;0;0;0,53226.612611301745,0.005,708,3e-06,1.2483836549602374,,0.0004426115670658881,0.37152810000000613,ok,same_stridge_core,Hx;H*Hxx,0.02,0.929023979292427
0.7452743987679787,1.2766248037723251,0.1803722731562667,-1.2291425715915414,0;0;-1.22914257159;0.180372273156;-1.88883781064;0;0;0;0.121129837973;0;0;0,53250.843718189724,0.005,709,3e-06,1.7538354138566579,,0.0006371588703166269,0.371450799999991,ok,same_stridge_core,Hx;D_x^1.276625 H;Hxxx;H*Hxxx,0.029369793828659205,1.1148252892383812
0.745394155293712,1.2590403778979073,0.0,-1.0556134914857354,0;0;-1.05561349149;0;-0.124439089646;0;0;0.0739476434902;0;0;0;0,53276.13730413932,0.005,710,3e-06,1.4036083765744651,,0.0004373446313131397,0.37632370000000037,ok,same_stridge_core,Hx;Hxxx;H*Hxx,0.016818181818181812,0.9241231408372113
0.7440379301449713,1.2842377894956898,0.0,-1.0536571702969268,0;0;-1.0536571703;0;0;0;0;0.0746574506187;0;0;0;0,53239.78534705613,0.005,711,3e-06,1.2484847329040007,,0.0004426389382496857,0.27014270000000806,ok,same_stridge_core,Hx;H*Hxx,0.02,0.9290460208216639
0.7382644285897303,1.3560846277499428,0.07649886436322241,-1.12761406930822,0;0;-1.12761406931;0.0764988643632;-0.357618487581;0;0;0.0445831868597;0;0;0;0,53133.533267228806,0.005,712,3e-06,1.5454544291114312,,0.0004215358456337662,0.2716379999999958,ok,same_stridge_core,Hx;D_x^1.356085 H;Hxxx;H*Hxx,0.015468547371835348,0.9078520299046856
0.7437928994975412,1.3283733550946617,0.0,-1.0596995627415415,0;0;-1.05969956274;0;-0.117667823905;0;0;0.0733777715032;0;0;0;0,53174.730805503474,0.005,713,3e-06,1.4049163093352925,,0.0004399119184313316,0.2645533000000171,ok,same_stridge_core,Hx;Hxxx;H*Hxx,0.02,0.9263437320857613
0.7450590289822637,1.280504787691715,0.18148302450135384,-1.2283884832465193,0;0;-1.22838848325;0.181483024501;-1.86674946993;0;0;0;0.120235827844;0;0;0,53245.21530234817,0.005,714,3e-06,1.7466048662324427,,0.0006290878542547844,0.3722266999999988,ok,same_stridge_core,Hx;D_x^1.280505 H;Hxxx;H*Hxxx,0.019936979382865917,1.1076622826042646
0.748382527921237,1.5237209194550945,0.10130425788151118,-1.0847696307353336,0;0;-1.08476963074;0.101304257882;-0.240226804402;0;0;0.0470619075633;0;0;0;0,52935.23810448557,0.005,715,3e-06,1.535653484976076,,0.0004146763280854369,0.3739060000000052,ok,same_stridge_core,Hx;D_x^1.523721 H;Hxxx;H*Hxx,0.02,0.900430627722249
0.7442683472726566,1.327003938122736,0.0,-1.0584849969301893,0;0;-1.05848499693;0;-0.119679407835;0;0;0.0735473933622;0;0;0;0,53176.76554857389,0.005,716,3e-06,1.4041909034171802,,0.00043906838009500764,0.3840013999999883,ok,same_stridge_core,Hx;Hxxx;H*Hxx,0.02,0.9256000134800153
0.7450310957793765,1.2917321093313303,0.18516341496625152,-1.2251767885429439,0;0;-1.22517678854;0.185163414966;-1.823388122;0;0;0;0.120042989849;0;0;0,53228.84244912081,0.005,717,3e-06,1.7313596849793405,,0.0006124866139137689,0.3722309999999993,ok,same_stridge_core,Hx;D_x^1.291732 H;Hxxx;H*Hxxx,0.03438616557734208,1.0926135755898907
0.7455154553526535,1.2960518930718683,0.18699223127345635,-1.2230932185940169,0;0;-1.22309321859;0.186992231273;-1.82431876773;0;0;0;0.122107201736;0;0;0,53222.51169885807,0.005,718,3e-06,1.7297360724886377,,0.0006109928687541969,0.38046609999997827,ok,same_stridge_core,Hx;D_x^1.296052 H;Hxxx;H*Hxxx,0.019440941034783485,1.0910659321023408
0.7417530216744708,1.5883201514660905,0.14118839032370098,-1.1027194778147604,0;0;-1.10271947781;0.141188390324;-0.173951148329;0;0;0.0373699535383;0;0;0;0,52955.82461441865,0.005,719,3e-06,1.5338033650637066,,0.00041581040260514916,0.25230969999998365,ok,same_stridge_core,Hx;D_x^1.58832 H;Hxxx;H*Hxx,0.02937053759775514,0.898333469690683
0.74421270896186,1.2631276885767901,0.0,-1.0531770265481353,0;0;-1.05317702655;0;0;0;0;0.0747272041676;0;0;0;0,53270.29091168761,0.005,720,3e-06,1.2484553528963247,,0.00044237343085090685,0.3713320999999894,ok,same_stridge_core,Hx;H*Hxx,0.02,0.928833607426199
0.744296855780487,1.2259033662975989,0.04456481254784834,-1.062129760101299,0.0195081991089;0;-1.0621297601;0.0445648125478;0.333879945078;0;0;0.0777049418175;0;0;0;0,53322.711715242076,0.005,721,3e-06,1.621944881696928,,0.00035199930042157285,0.36363219999998364,ok,same_stridge_core,1;Hx;D_x^1.225903 H;Hxxx;H*Hxx,0.015,0.8221042059682969
0.7418394471295656,1.341406637976383,0.0589621502620958,-1.1082830991654524,0;0;-1.10828309917;0.0589621502621;-0.329718194235;0;0;0.0516116493064;0;0;0;0,53155.34854834233,0.005,722,3e-06,1.547196201561615,,0.0004220167514017676,0.37775920000001406,ok,same_stridge_core,Hx;D_x^1.341407 H;Hxxx;H*Hxx,0.01629870129870129,0.9093320189815072
0.7436266221942248,1.3019775679118075,0.0,-1.054787708948512,0;0;-1.05478770895;0;0;0;0;0.0744931035584;0;0;0;0,53213.80172098352,0.005,723,3e-06,1.248868312641396,,0.0004433012803591568,0.12944189999998912,ok,same_stridge_core,Hx;H*Hxx,0.02,0.9295855023154947
0.746007864772678,1.1956054480798761,0.03152141071572628,-1.0450257722889946,0.0205355650805;0;-1.04502577229;0.0315214107157;0.642306126898;0;0;0.0835497393517;-0.0397769429126;0;0;0,53363.884180203946,0.005,724,3e-06,1.7810440114909145,,0.0003489144239037712,0.3965541999999971,ok,same_stridge_core,1;Hx;D_x^1.195605 H;Hxxx;H*Hxx;H*Hxxx,0.01,0.8204940962472435
0.7444406561632846,1.3342321436554665,0.0,-1.0580450953219813,0;0;-1.05804509532;0;-0.120408151084;0;0;0.073608778139;0;0;0;0,53166.02066901979,0.005,725,3e-06,1.403842243671677,,0.00043877964652183686,0.26992649999999685,ok,same_stridge_core,Hx;Hxxx;H*Hxx,0.02,0.9253480576504989
0.744387895333694,1.3428685249986434,0.0,-1.0581797766991945,0;0;-1.0581797767;0;-0.120185050971;0;0;0.0735899891524;0;0;0;0,53153.1739701472,0.005,726,3e-06,1.4038027399101607,,0.00043886705712232907,0.27072100000000887,ok,same_stridge_core,Hx;Hxxx;H*Hxx,0.02,0.9254241741788358
0.7485201500682508,1.7304731185445172,0.374226251265308,-1.0884721536011561,0;0;-1.0884721536;0.374226251265;0;0;0;0;0;0;0;0,53952.99053115038,0.005,727,3e-06,1.2581262810236669,,0.0004519815550206795,0.3634195999999861,ok,same_stridge_core,Hx;D_x^1.730473 H,0.035,0.9344083378367647
0.7462034642912365,1.339216940532362,0.20201401206395142,-1.2089426441643354,0;0;-1.20894264416;0.202014012064;-1.67178917667;0;0;0;0.121535681035;0;0;0,53158.60596848978,0.005,728,3e-06,1.6842535926147904,,0.0005632011197386385,0.3653886999999827,ok,same_stridge_core,Hx;D_x^1.339217 H;Hxxx;H*Hxxx,0.02,1.046350320992913
0.7467852210627839,1.2487538169169714,0.03990828488257471,-1.0454006957030546,0.0207004808356;0;-1.0454006957;0.0399082848826;0.610314341267;0;0;0.0816319605128;-0.0333976995436;0;0;0,53290.75593383724,0.005,729,3e-06,1.7750396460034166,,0.0003455068501556855,0.4000492000000122,ok,same_stridge_core,1;Hx;D_x^1.248754 H;Hxxx;H*Hxx;H*Hxxx,0.01,0.8158060391943461
0.7443435489265914,1.197359970129864,0.03870563792994175,-1.059574436937874,0.0194717033149;0;-1.05957443694;0.0387056379299;0.336919873367;0;0;0.0795405886422;0;0;0;0,53361.53904947826,0.005,730,3e-06,1.6246698791569965,,0.0003535499376279208,0.3815223999999944,ok,same_stridge_core,1;Hx;D_x^1.19736 H;Hxxx;H*Hxx,0.015,0.8242467934148225
0.7444475065521998,1.2518749502825384,0.05006624367994703,-1.0633382774660214,0.0195625624231;0;-1.06333827747;0.0500662436799;0.335969528996;0;0;0.0762008747276;0;0;0;0,53286.33501469653,0.005,731,3e-06,1.6190879005869783,,0.0003502953393466067,0.37212500000001114,ok,same_stridge_core,1;Hx;D_x^1.251875 H;Hxxx;H*Hxx,0.015,0.8197928753665302
0.7458158403265357,1.7323855729260893,0.16313708040238334,-1.0688965792634364,0;0;-1.06889657926;0.163137080402;0;0;0;0.0427052211911;0;0;0;0,53985.84191056681,0.005,732,3e-06,1.3829257882380541,,0.000416325584943235,0.13352549999999042,ok,same_stridge_core,Hx;D_x^1.732386 H;H*Hxx,0.015,0.8970532110429529
0.73936911132118,1.2530759714673738,0.0,-1.0665411641372204,0;0;-1.06654116414;0;0;0;0;0.0727761987691;0;0;0;0,53284.63034464643,0.005,733,3e-06,1.2582027944557723,,0.0004533358559066938,0.3928345000000206,ok,same_stridge_core,Hx;H*Hxx,0.030000000000000002,0.9384950123878937
0.7494119353435605,1.3600106476555203,0.21223970616136686,-1.1969457456964692,0;0;-1.1969457457;0.212239706161;-1.69576965023;0;0;0;0.133168913071;0;0;0,53127.71117598301,0.005,734,3e-06,1.6853741338771078,,0.0005657548407684436,0.373133700000011,ok,same_stridge_core,Hx;D_x^1.360011 H;Hxxx;H*Hxxx,0.015,1.0478415997653117
0.746153088927977,1.230259096236673,0.03752521260797827,-1.0471854007928436,0.0205698935774;0;-1.04718540079;0.037525212608;0.617555986923;0;0;0.081805880476;-0.0361325909849;0;0;0,53316.67785942363,0.005,735,3e-06,1.777714249391064,,0.0003471829674161408,0.38501410000000647,ok,same_stridge_core,1;Hx;D_x^1.230259 H;Hxxx;H*Hxx;H*Hxxx,0.01,0.8180140479214386
0.748639609455011,1.4079192788245718,0.2157245482652093,-1.1694521247988168,0;0;-1.1694521248;0.215724548265;0;0;0;0;-0.101779705097;0;0;0,53058.081144945485,0.005,736,3e-06,1.5638233392838725,,0.0005944750999961064,0.3887531000000024,ok,same_stridge_core,Hx;D_x^1.407919 H;H*Hxxx,0.024407335616474474,1.0863006089793632
0.7438022292682492,1.1485598595464244,0.03133994170623083,-1.058607523204692,0.0192042444802;0;-1.0586075232;0.0313399417062;0.331388726934;0;0;0.0814018412233;0;0;0;0,53424.90015721663,0.005,737,3e-06,1.6304382890242612,,0.00035733093562905985,0.3513603000000103,ok,same_stridge_core,1;Hx;D_x^1.14856 H;Hxxx;H*Hxx,0.015,0.8290647866660119
0.7433321597510011,1.1950481468506953,0.0,-1.0555976112108871,0;0;-1.05559761121;0;0;0;0;0.0743752843663;0;0;0;0,53364.628054416295,0.005,738,3e-06,1.2501940528772322,,0.000443808325248238,0.36246959999999717,ok,same_stridge_core,Hx;H*Hxx,0.02,0.9300062845507344
0.7506209182912522,1.3066632382505496,0.19485404683986568,-1.2113090122233001,0;0;-1.21130901222;0.19485404684;-1.96628697279;0;0;0;0.144571115421;0;0;0,53206.89551298729,0.005,739,3e-06,1.7590198150480885,,0.0006459212006021944,0.3676375000000007,ok,same_stridge_core,Hx;D_x^1.306663 H;Hxxx;H*Hxxx,0.01944081821690318,1.120537068892241
0.7483461517283001,1.3081059699666053,0.1934219862395268,-1.2147231466104043,0;0;-1.21472314661;0.19342198624;-1.8790370083;0;0;0;0.134335409274;0;0;0,53204.76600468734,0.005,740,3e-06,1.7375827305601264,,0.0006210174299991814,0.3616255000000024,ok,same_stridge_core,Hx;D_x^1.308106 H;Hxxx;H*Hxxx,0.021818518518518522,1.0991255385038783
0.7460325140574844,1.3599346640077703,0.20883845884400767,-1.2028722220437569,0;0;-1.20287222204;0.208838458844;-1.57464068733;0;0;0;0.117379559971;0;0;0,53127.823833976894,0.005,741,3e-06,1.6624131599869116,,0.0005407163007187612,0.3861344000000031,ok,same_stridge_core,Hx;D_x^1.359935 H;Hxxx;H*Hxxx,0.019469025126919857,1.0248792739791888
0.7459947906394719,1.4823162891333945,0.09298644942785439,-1.0943781959000898,0;0;-1.0943781959;0.0929864494279;-0.264153606326;0;0;0.0468925031187;0;0;0;0,52965.85383746101,0.005,742,3e-06,1.5369027241692907,,0.0004154268397951983,0.3947672000000182,ok,same_stridge_core,Hx;D_x^1.482316 H;Hxxx;H*Hxx,0.01944209197852817,0.9013124781197588
0.746665024225734,1.4053329979970832,0.21307503075374676,-1.1743357645102248,0;0;-1.17433576451;0.213075030754;0;0;0;0;-0.101682760112;0;0;0,53061.73160036181,0.005,743,3e-06,1.5491306966728535,,0.0005787783894127174,0.3522897999999941,ok,same_stridge_core,Hx;D_x^1.405333 H;H*Hxxx,0.02499151354321634,1.0715751122695971
0.7475487483067427,1.3020788384706667,0.05030299148179655,-1.0456352104210744,0.0207820507354;0;-1.04563521042;0.0503029914818;0.584144504721;0;0;0.0792708413907;-0.0275231860882;0;0;0,53213.65265814155,0.005,744,3e-06,1.7690105784577086,,0.00034223938917925375,0.3745387999999821,ok,same_stridge_core,1;Hx;D_x^1.302079 H;Hxxx;H*Hxx;H*Hxxx,0.01,0.8111648306111605
0.7503769752489515,1.3499671030155982,0.20967919784694572,-1.19840489226005,0;0;-1.19840489226;0.209679197847;-1.77485786622;0;0;0;0.139266545002;0;0;0,53142.61885150505,0.005,745,3e-06,1.7032605659560907,,0.0005850236209021284,0.3926175999999941,ok,same_stridge_core,Hx;D_x^1.349967 H;Hxxx;H*Hxxx,0.015910364145658263,1.0655491397380301
0.7421447701849152,1.2598476473400702,0.0,-1.0588679880082275,0;0;-1.05886798801;0;0;0;0;0.0738987917863;0;0;0;0,53274.984145197326,0.005,746,3e-06,1.251645772911798,,0.0004461313357019213,0.14150929999999562,ok,same_stridge_core,Hx;H*Hxx,0.020447368421052665,0.9319958680406142
0.7435238004169992,1.263079168222645,0.0,-1.0550704641168434,0;0;-1.05507046412;0;0;0;0;0.0744519810923;0;0;0;0,53270.36053341426,0.005,747,3e-06,1.2493511412645477,,0.0004434751396887595,0.2656583999999782,ok,same_stridge_core,Hx;H*Hxx,0.02,0.9297289780640622
0.7495401468792136,1.3594990142736334,0.21218858073454175,-1.1968820112821792,0;0;-1.19688201128;0.212188580735;-1.70263824638;0;0;0;0.133853419356;0;0;0,53128.469413939776,0.005,748,3e-06,1.6868218009096028,,0.0005673219899376315,0.3697209999999984,ok,same_stridge_core,Hx;D_x^1.359499 H;Hxxx;H*Hxxx,0.015,1.0492801679423256
0.7384918780230403,1.2958577740237804,0.05707353543464427,-1.122549819981224,0;0;-1.12254981998;0.0570735354346;-0.365993888604;0;0;0.049810775107;0;0;0;0,53222.79650946476,0.005,749,3e-06,1.550905904296744,,0.00042494407846240434,0.3513900000000092,ok,same_stridge_core,Hx;D_x^1.295858 H;Hxxx;H*Hxx,0.02,0.9122323461831668
0.7440196512906123,1.3365550108971684,0.0,-1.0591201632234506,0;0;-1.05912016322;0;-0.118627123304;0;0;0.0734587141303;0;0;0;0,53162.56563206146,0.005,750,3e-06,1.404443323402665,,0.0004395011146742385,0.2551977999999906,ok,same_stridge_core,Hx;Hxxx;H*Hxx,0.02,0.9259802327141119
0.7474353524270451,1.340205987773314,0.04809593597617902,-0.9616123120120146,0.0834655661778;-0.0122325180808;-0.961612312012;0.0480959359762;2.99752530613;0;-0.0120156385987;0;-0.659007938721;0;0.00687468921956;0.0473434199922,53157.13465504477,0.005,751,3e-06,2.2079118485514613,,0.0003097598925343122,0.3685892000000024,ok,same_stridge_core,1;H;Hx;D_x^1.340206 H;Hxxx;H*Hx;H*Hxxx;H^2*Hxx;H^2*Hxxx,0.005,0.7726692128652528
0.745537935956057,1.302387827381894,0.18911278232280068,-1.2211844026846708,0;0;-1.22118440268;0.189112782323;-1.80026794689;0;0;0;0.12195502325;0;0;0,53213.19774061689,0.005,752,3e-06,1.7218465516361565,,0.0006025169116630731,0.3709148000000084,ok,same_stridge_core,Hx;D_x^1.302388 H;Hxxx;H*Hxxx,0.034346152703505654,1.0832881787487538
0.7446740438866708,1.307498749457571,0.0,-1.0519104296077557,0;0;-1.05191042961;0;0;0;0;0.074911091628;0;0;0;0,53205.66252867521,0.005,753,3e-06,1.247555684757701,,0.0004417186738320278,0.26433099999999854,ok,same_stridge_core,Hx;H*Hxx,0.02,0.9283217095856497
0.7438290852242017,1.2736558240064177,0.0,-1.054231099830945,0;0;-1.05423109983;0;0;0;0;0.0745740336833;0;0;0;0,53255.13954500111,0.005,754,3e-06,1.248843781574708,,0.0004429686033703522,0.36657149999999206,ok,same_stridge_core,Hx;H*Hxx,0.02,0.9293129443047012
0.7452239217495988,1.3334427716226975,0.05228879628626749,-0.9687439224337727,0.0914111868771;-0.0138167912298;-0.968743922434;0.0522887962863;3.33205013062;0;-0.0120902526633;-0.0318687423295;-0.792839903805;0;0.0103151075414;0.0619845633196,53167.19453816421,0.005,755,3e-06,2.3709198599358032,,0.0003117128455018565,0.3930627999999956,ok,same_stridge_core,1;H;Hx;D_x^1.333443 H;Hxxx;H*Hx;H*Hxx;H*Hxxx;H^2*Hxx;H^2*Hxxx,0.005,0.7759040237908774
0.7450968938343402,1.3258363994991187,0.0,-1.0563710834379272,0;0;-1.05637108344;0;-0.12318273815;0;0;0.073842149859;0;0;0;0,53178.50003714922,0.005,756,3e-06,1.4030808666863164,,0.00043776258139983145,0.3794048000000032,ok,same_stridge_core,Hx;Hxxx;H*Hxx,0.02,0.9244743663519734
0.7449281797253227,1.2755310819291021,0.17974221564669798,-1.2300350579104546,0;0;-1.23003505791;0.179742215647;-1.88024236837;0;0;0;0.119572621334;0;0;0,53252.42724068887,0.005,757,3e-06,1.7523538209440237,,0.0006353263181368677,0.38063909999999623,ok,same_stridge_core,Hx;D_x^1.275531 H;Hxxx;H*Hxxx,0.02092776744860078,1.1133246940557573
0.7423107341430866,1.2628370867096583,0.0,-1.058410445308565,0;0;-1.05841044531;0;0;0;0;0.0739655251537;0;0;0;0,53270.70723205648,0.005,758,3e-06,1.2513137427702925,,0.00044577959425836917,0.3983321999999987,ok,same_stridge_core,Hx;H*Hxx,0.020433646258123394,0.9316894993779538
0.7452701024392357,1.3010517723195174,0.04574187239831278,-0.9678931435879422,0.0925371920884;-0.0140611706748;-0.967893143588;0.0457418723983;3.30951523921;0;-0.0120208109987;-0.0302966359033;-0.786147585678;0;0.0102518630381;0.0614637359799,53215.16442425513,0.005,759,3e-06,2.3724875630423012,,0.00031184650785549156,0.3803303999999912,ok,same_stridge_core,1;H;Hx;D_x^1.301052 H;Hxxx;H*Hx;H*Hxx;H*Hxxx;H^2*Hxx;H^2*Hxxx,0.005,0.7760326303146475
0.7443912918610578,1.2432855711751083,0.048202353500707465,-1.0629831468023063,0.0195460902747;0;-1.0629831468;0.0482023535007;0.335042539598;0;0;0.0767006412952;0;0;0;0,53298.46985562804,0.005,760,3e-06,1.6200415717185763,,0.0003508623613917922,0.13440229999997655,ok,same_stridge_core,1;Hx;D_x^1.243286 H;Hxxx;H*Hxx,0.015,0.8205645238841557
0.7445773012607896,1.303418779745056,0.0,-1.0521759458560103,0;0;-1.05217594586;0;0;0;0;0.0748725595067;0;0;0;0,53211.67923516717,0.005,761,3e-06,1.247693159182201,,0.00044185050074431324,0.13891230000001542,ok,same_stridge_core,Hx;H*Hxx,0.02,0.928423083771198
0.7441699990733692,1.3845612722794975,0.0,-1.0587361387228749,0;0;-1.05873613872;0;-0.1192632747;0;0;0.0735123347272;0;0;0;0,53091.592638682276,0.005,762,3e-06,1.4035724538233105,,0.00043923723029879483,0.36436809999997877,ok,same_stridge_core,Hx;Hxxx;H*Hxx,0.025,0.92574812007517
0.745303834785841,1.2739298949488704,0.04101374834931214,-0.9672483772123014,0.0933951152137;-0.0142490600534;-0.967248377212;0.0410137483493;3.29210652;0;-0.0119612599941;-0.0292187574647;-0.781008769262;0;0.0102147636029;0.0610725857253,53254.74326667336,0.005,763,3e-06,2.3737676435529025,,0.0003119455409127766,0.36094959999999787,ok,same_stridge_core,1;H;Hx;D_x^1.27393 H;Hxxx;H*Hx;H*Hxx;H*Hxxx;H^2*Hxx;H^2*Hxxx,0.005,0.7761253455527019
0.7438255354931096,1.2432906681697897,0.0,-1.054240857464852,0;0;-1.05424085746;0;0;0;0;0.0745726157865;0;0;0;0,53298.46282737958,0.005,764,3e-06,1.2491084550854792,,0.0004429743306868058,0.2588863999999944,ok,same_stridge_core,Hx;H*Hxx,0.02,0.9293176781212018
0.7445590290786078,1.3325764814822896,0.0,-1.0577429794586803,0;0;-1.05774297946;0;-0.120908793638;0;0;0.073650924147;0;0;0;0,53168.482875308866,0.005,765,3e-06,1.4036966865715819,,0.00043858654180512277,0.3730314000000021,ok,same_stridge_core,Hx;Hxxx;H*Hxx,0.02,0.9251803406938021
0.7442632870543316,1.274664791788694,0.0,-1.0530381120058199,0;0;-1.05303811201;0;0;0;0;0.0747473818664;0;0;0;0,53253.68080583078,0.005,766,3e-06,1.2482961098884369,,0.0004422984850943706,0.37594840000002705,ok,same_stridge_core,Hx;H*Hxx,0.02,0.9287740250534521
0.7480060174540551,1.5882301895626065,0.15394580037363118,-0.9600148776842987,0.0805315496688;-0.0113585438929;-0.960014877684;0.153945800374;3.75940865504;0;-0.0127963914666;-0.0544269939867;-0.909988009737;0;0.0116514862617;0.0716398440768,52955.70572350478,0.005,767,3e-06,2.355240054690126,,0.00030412405815886956,0.3794828999999993,ok,same_stridge_core,1;H;Hx;D_x^1.58823 H;Hxxx;H*Hx;H*Hxx;H*Hxxx;H^2*Hxx;H^2*Hxxx,0.005,0.7665688829849826
0.7448940943063103,1.3394199838387826,0.0,-1.0568881840820343,0;0;-1.05688818408;0;-0.122325541661;0;0;0.073770101673;0;0;0;0,53158.30382200677,0.005,768,3e-06,1.4031546542819953,,0.0004380629850176005,0.39254929999998467,ok,same_stridge_core,Hx;Hxxx;H*Hxx,0.02,0.9247299198839343
0.7442432392795619,1.2993404939857447,0.0,-1.0530931727855783,0;0;-1.05309317279;0;0;0;0;0.0747393852263;0;0;0;0,53217.6813614565,0.005,769,3e-06,1.2481037258521313,,0.0004423280565148602,0.39067099999999755,ok,same_stridge_core,Hx;H*Hxx,0.02,0.9287976376833923
0.7430722362935218,1.3326270161361,0.07604073381620204,-1.076281309079877,0.0189949805882;0;-1.07628130908;0.0760407338162;0.315848650609;0;0;0.0676546808629;0;0;0;0,53168.40757315807,0.005,770,3e-06,1.6142518111479118,,0.00034890737103042055,0.3787781999999993,ok,same_stridge_core,1;Hx;D_x^1.332627 H;Hxxx;H*Hxx,0.015,0.8167256975505409
0.744477340449778,1.3014531781207488,0.047747640414066594,-0.9726236808211565,0.0918927288089;-0.0139720727409;-0.972623680821;0.0477476404141;3.26886256316;0;-0.0119211290083;-0.0320938253635;-0.777722573037;0;0.0103426067378;0.0608358495789,53214.57368234521,0.005,771,3e-06,2.3740262078887002,,0.0003130749297580384,0.1334680000000219,ok,same_stridge_core,1;H;Hx;D_x^1.301453 H;Hxxx;H*Hx;H*Hxx;H*Hxxx;H^2*Hxx;H^2*Hxxx,0.005,0.7775889974183442
0.7449192239747027,1.269130537938306,0.17762950549679757,-1.2318709776743229,0;0;-1.23187097767;0.177629505497;-1.90292301903;0;0;0;0.119323618082;0;0;0,53261.6678963497,0.005,772,3e-06,1.7613219741219819,,0.0006452343299886904,0.3683918000000119,ok,same_stridge_core,Hx;D_x^1.269131 H;Hxxx;H*Hxxx,0.03731729055258465,1.1221819593657854
0.7442632870543316,1.274664791788694,0.0,-1.0530381120058196,0;0;-1.05303811201;0;0;0;0;0.0747473818664;0;0;0;0,53253.68080583078,0.005,773,3e-06,1.2482961098884364,,0.0004422984850943706,0.029828699999995933,ok,same_stridge_core,Hx;H*Hxx,0.02,0.9287740250534519
0.743440894889296,1.310704684962919,0.0,-1.0552984894226412,0;0;-1.05529848942;0;0;0;0;0.0744188093784;0;0;0;0,53200.92689588269,0.005,774,3e-06,1.2490531347975469,,0.0004436178836369047,0.2650007999999957,ok,same_stridge_core,Hx;H*Hxx,0.02,0.9298475734222508
0.7452687461203535,1.2655986621503001,0.1767304722192916,-1.2322851898880047,0;0;-1.23228518989;0.176730472219;-1.92805522264;0;0;0;0.120686989901;0;0;0,53266.74671695425,0.005,775,3e-06,1.7695524169696994,,0.0006546135787550415,0.13799750000001154,ok,same_stridge_core,Hx;D_x^1.265599 H;Hxxx;H*Hxxx,0.02,1.1303514563662485
0.7486454870746375,1.2994488311993815,0.19073037583589625,-1.2168073777889792,0;0;-1.21680737779;0.190730375836;-1.92417221703;0;0;0;0.136027344493;0;0;0,53217.52213208543,0.005,776,3e-06,1.7516401531443184,,0.0006366336939949721,0.35661759999999276,ok,same_stridge_core,Hx;D_x^1.299449 H;Hxxx;H*Hxxx,0.020432688716512257,1.1130298875592932
0.7442644049022882,1.2826476250824779,0.0,-1.0530350434115083,0;0;-1.05303504341;0;0;0;0;0.0747478276854;0;0;0;0,53242.099996910714,0.005,777,3e-06,1.2482253564928802,,0.0004422968488008772,0.3732469999999921,ok,same_stridge_core,Hx;H*Hxx,0.02,0.928772756511416
0.7480918090820744,1.3007883304048948,0.04859768906360144,-1.0426827501472113,0.0209160052367;0;-1.04268275015;0.0485976890636;0.589496471047;0;0;0.0802430290748;-0.0268222308464;0;0;0,53215.55194537399,0.005,778,3e-06,1.7684059751556385,,0.00034164164213522797,0.1513738000000444,ok,same_stridge_core,1;Hx;D_x^1.300788 H;Hxxx;H*Hxx;H*Hxxx,0.01,0.8105260401389067
0.744633966092731,1.3285377301534416,0.0,-1.057551753390446,0;0;-1.05755175339;0;-0.121225567494;0;0;0.07367759382;0;0;0;0,53174.48666959253,0.005,779,3e-06,1.4036470892227386,,0.0004384665643762112,0.36800940000000537,ok,same_stridge_core,Hx;Hxxx;H*Hxx,0.02,0.9250767091964058
0.7440196512906123,1.3192207477338846,0.0,-1.0591201632234486,0;0;-1.05912016322;0;-0.118627123304;0;0;0.0734587141303;0;0;0;0,53188.31833437744,0.005,780,3e-06,1.4046750977235083,,0.00043950111467423833,0.2630669999999782,ok,same_stridge_core,Hx;Hxxx;H*Hxx,0.02,0.9259802327141113
0.747135490306091,1.3015215372414861,0.05122206435723511,-1.0477699811192904,0.0206841666585;0;-1.04776998112;0.0512220643572;0.580874838787;0;0;0.0786377812801;-0.0281815981296;0;0;0,53214.47301394388,0.005,781,3e-06,1.7696342666945637,,0.0003427771249491953,0.15198519999995597,ok,same_stridge_core,1;Hx;D_x^1.301522 H;Hxxx;H*Hxx;H*Hxxx,0.01,0.8117737524435737
0.7439368376471056,1.3033310569124377,0.0,-1.053934955759986,0;0;-1.05393495576;0;0;0;0;0.0746170805257;0;0;0;0,53211.80850477826,0.005,782,3e-06,1.2484443671902667,,0.00044279687825173145,0.27285690000002205,ok,same_stridge_core,Hx;H*Hxx,0.02,0.9291735161615973
0.7446740438866708,1.5962389114245668,0.302658693806663,-1.1246631943342666,0;0;-1.12466319433;0.302658693807;0;0;0;0;0;0;0;0,52967.614223014454,0.005,783,3e-06,1.2652874993069583,,0.0004651999065174853,0.2616360999999756,ok,same_stridge_core,Hx;D_x^1.596239 H,0.061666666666666654,0.9474818139688717
0.7471074400428095,1.3345653955218815,0.20129219194082584,-1.2088078733393435,0;0;-1.20880787334;0.201292191941;-1.72448066985;0;0;0;0.126331179307;0;0;0,53165.5249708984,0.005,784,3e-06,1.6958727226703705,,0.0005757316398870467,0.3640665000000354,ok,same_stridge_core,Hx;D_x^1.334565 H;Hxxx;H*Hxxx,0.01959706291109801,1.0578864230195897
0.7441480651126838,1.2705702238299283,0.0,-1.0533545959746953,0;0;-1.05335459597;0;0;0;0;0.0747014119717;0;0;0;0,53259.59356327706,0.005,785,3e-06,1.2484684998372024,,0.00044247052272756255,0.37175649999994675,ok,same_stridge_core,Hx;H*Hxx,0.02,0.92891093845754
0.7448458438781759,1.286658126636467,0.0,-1.0514390272174041,0;0;-1.05143902722;0;0;0;0;0.0749794845149;0;0;0;0,53236.2571971207,0.005,786,3e-06,1.247566195257034,,0.00044149175004143854,0.3806920999999761,ok,same_stridge_core,Hx;H*Hxx,0.01833333333333334,0.92814865207431
0.7445012850854791,1.2668240815937721,0.05355946922511572,-1.064171421882837,0.0195718541535;0;-1.06417142188;0.0535594692251;0.33699804899;0;0;0.0752309272115;0;0;0;0,53264.98622531991,0.005,787,3e-06,1.6175206337255905,,0.00034940230178137486,0.3776470000000245,ok,same_stridge_core,1;Hx;D_x^1.266824 H;Hxxx;H*Hxx,0.015,0.8185458403457917
0.7451057736389941,1.3501576805795268,0.0,-1.056348447737576,0;0;-1.05634844774;0;-0.123220326682;0;0;0.0738453032591;0;0;0;0,53142.33562800795,0.005,788,3e-06,1.4027445941924017,,0.0004377496659957693,0.13193509999996422,ok,same_stridge_core,Hx;Hxxx;H*Hxx,0.02,0.92446357354033
0.7435094036847508,1.25359648392941,0.0,-1.0551100611202417,0;0;-1.05511006112;0;0;0;0;0.0744462193752;0;0;0;0,53283.89103804027,0.005,789,3e-06,1.249452813170207,,0.000443499814748701,0.2642017999999666,ok,same_stridge_core,Hx;H*Hxx,0.02,0.9297494669419653
0.7471442524730981,1.5406244463995684,0.11211056263837087,-1.0888499289240763,0;0;-1.08884992892;0.112110562638;-0.22769233393;0;0;0.0444250940375;0;0;0;0,52930.458651001674,0.005,790,3e-06,1.5331005166063338,,0.00041303918979756804,0.3831102000000328,ok,same_stridge_core,Hx;D_x^1.540624 H;Hxxx;H*Hxx,0.021000000000000005,0.8979350127943139
0.7447989283574993,1.2608493712605415,0.17481783311787003,-1.234399238090842,0;0;-1.23439923809;0.174817833118;-1.92748415998;0;0;0;0.118349345993;0;0;0,53273.55234154495,0.005,791,3e-06,1.7722819840271251,,0.0006573846225054743,0.3566996000000131,ok,same_stridge_core,Hx;D_x^1.260849 H;Hxxx;H*Hxxx,0.01965123315003016,1.1329993559285856
0.7452854805430277,1.2759373832398881,0.18015399655954226,-1.229320938406599,0;0;-1.22932093841;0.18015399656;-1.89174591893;0;0;0;0.121163122077;0;0;0,53251.839177888134,0.005,792,3e-06,1.7548948615238407,,0.0006383343221441369,0.37425020000000586,ok,same_stridge_core,Hx;D_x^1.275937 H;Hxxx;H*Hxxx,0.024465507142073566,1.115872791389183
0.7441116424528333,1.3064037521978866,0.0,-1.0534546539134106,0;0;-1.05345465391;0;0;0;0;0.074686874709;0;0;0;0,53207.2784730245,0.005,793,3e-06,1.2481989901037789,,0.00044252581758980167,0.3656303000000207,ok,same_stridge_core,Hx;H*Hxx,0.02,0.928955319265632
0.7452008056654318,1.3318693881166637,0.0,-1.0561062044488054,0;0;-1.05610620445;0;-0.123621921977;0;0;0.0738790446533;0;0;0;0,53169.53418555638,0.005,794,3e-06,1.4028742472051798,,0.00043761347206444434,0.36067479999996976,ok,same_stridge_core,Hx;Hxxx;H*Hxx,0.02,0.9243484395351724
0.7447970411451016,1.2755347309828577,0.1796413927284587,-1.2302534645998755,0;0;-1.2302534646;0.179641392728;-1.87545950018;0;0;0;0.118991930454;0;0;0,53252.4220633647,0.005,795,3e-06,1.7512120691191595,,0.0006339947945432562,0.3815572999999972,ok,same_stridge_core,Hx;D_x^1.275535 H;Hxxx;H*Hxxx,0.03664567241037826,1.112183004358783
0.7452112327727998,1.274664791788694,0.1796764693930174,-1.2298091251562442,0;0;-1.22980912516;0.179676469393;-1.89367265499;0;0;0;0.120802443314;0;0;0,53253.68080583078,0.005,796,3e-06,1.75603437597017,,0.0006395499785430028,0.13387829999999212,ok,same_stridge_core,Hx;D_x^1.274665 H;Hxxx;H*Hxxx,0.03476388888888889,1.1169902063002006
0.7413983346900836,1.3193047507862845,0.0,-1.0609275695882043,0;0;-1.06092756959;0;0;0;0;0.0735981056088;0;0;0;0,53188.19364689605,0.005,797,3e-06,1.2526173429791556,,0.0004478225750002388,0.37125569999994923,ok,same_stridge_core,Hx;H*Hxx,0.024467201799235595,0.9334881810977792
0.7449721272537637,1.279947543022172,0.18123075809692635,-1.2286946048821121,0;0;-1.22869460488;0.181230758097;-1.86564921528;0;0;0;0.119843616431;0;0;0,53246.02468526984,0.005,798,3e-06,1.7466246662351643,,0.0006290600682273288,0.3766558000000373,ok,same_stridge_core,Hx;D_x^1.279948 H;Hxxx;H*Hxxx,0.02,1.1076723700119262
0.7451171167105828,1.3528582392954944,0.0,-1.0563195321824885,0;0;-1.05631953218;0;-0.123268215688;0;0;0.0738493299114;0;0;0;0,53138.32334848362,0.005,799,3e-06,1.4026944494002342,,0.000437733269775497,0.38248750000002474,ok,same_stridge_core,Hx;Hxxx;H*Hxx,0.02,0.9244495392638817
0.7453394874836361,1.2677620376243761,0.17749733924897707,-1.231556821597066,0;0;-1.2315568216;0.177497339249;-1.9230172086;0;0;0;0.121107274916;0;0;0,53263.63750116918,0.005,800,3e-06,1.7670378694420656,,0.0006518463958216371,0.3740501999999992,ok,same_stridge_core,Hx;D_x^1.267762 H;Hxxx;H*Hxxx,0.029501596574052224,1.1278742194280356
0.7449170391042865,1.3014531781207488,0.18827697029163562,-1.2225119165590383,0;0;-1.22251191656;0.188276970292;-1.78135606609;0;0;0;0.119186082153;0;0;0,53214.57368234521,0.005,801,3e-06,1.7180548964869842,,0.0005981400013196099,0.1414890000000355,ok,same_stridge_core,Hx;D_x^1.301453 H;Hxxx;H*Hxxx,0.01993699813258637,1.0794800122988417
0.7452846549074708,1.3048449645045799,0.1897118957764219,-1.2208846601401926,0;0;-1.22088466014;0.189711895776;-1.78128615255;0;0;0;0.120677859612;0;0;0,53209.57733388005,0.005,802,3e-06,1.7167675963993152,,0.0005969556381067475,0.3621252999999456,ok,same_stridge_core,Hx;D_x^1.304845 H;Hxxx;H*Hxxx,0.02545028363449416,1.0782526683927547
0.7445460147511667,1.3003603933455785,0.0,-1.052261823559335,0;0;-1.05226182356;0;0;0;0;0.0748600931003;0;0;0;0,53216.181572150956,0.005,803,3e-06,1.2477536622243428,,0.0004418937230745818,0.37166759999996657,ok,same_stridge_core,Hx;H*Hxx,0.02,0.928456572791437
0.743440894889296,1.3012611582078843,0.0,-1.0552984894226385,0;0;-1.05529848942;0;0;0;0;0.0744188093784;0;0;0;0,53214.856277283856,0.005,804,3e-06,1.2491367110859537,,0.0004436178836369047,0.27323940000002267,ok,same_stridge_core,Hx;H*Hxx,0.02,0.9298475734222507
0.7472646576414522,1.5306264854506721,0.1077816110869431,-1.08876722398047,0;0;-1.08876722398;0.107781611087;-0.234748938116;0;0;0.0451902335068;0;0;0;0,52932.62059100518,0.005,805,3e-06,1.5339338428068188,,0.0004135614351009816,0.39077180000003864,ok,same_stridge_core,Hx;D_x^1.530626 H;Hxxx;H*Hxx,0.01949520618986564,0.8987423957147564
0.7453122880767461,1.2598476473400702,0.0,-1.0558220927632067,0;0;-1.05582209276;0;-0.124093017329;0;0;0.0739186033143;0;0;0;0,53274.984145197326,0.005,806,3e-06,1.40369191786731,,0.00043745712161051987,0.14506589999996322,ok,same_stridge_core,Hx;Hxxx;H*Hxx,0.016818181818181812,0.9242170605605341
0.7440221086944818,1.243072148478872,0.0,-1.053700641064284,0;0;-1.05370064106;0;0;0;0;0.0746511351933;0;0;0;0,53298.770300167984,0.005,807,3e-06,1.2488583358078222,,0.00044266349485474284,0.369820500000003,ok,same_stridge_core,Hx;H*Hxx,0.02,0.9290657140068144
0.7446928730723132,1.2805463758788245,0.05654899895486689,-1.0641058345245085,0.0196075077343;0;-1.06410583452;0.0565489989549;0.341042712592;0;0;0.0745497969924;0;0;0;0,53245.15487746687,0.005,808,3e-06,1.6158540411957034,,0.0003483815577502216,0.26974840000002587,ok,same_stridge_core,1;Hx;D_x^1.280546 H;Hxxx;H*Hxx,0.015,0.8171767180337005
0.7472552339704869,1.534985073736746,0.1095446604746863,-1.088661803696012,0;0;-1.0886618037;0.109544660475;-0.231782924804;0;0;0.044901646073;0;0;0;0,52931.429328561324,0.005,809,3e-06,1.533594705781081,,0.0004133461393872145,0.3688662999999792,ok,same_stridge_core,Hx;D_x^1.534985 H;Hxxx;H*Hxx,0.02,0.898417553838345
0.7440196512906123,1.3050287291680827,0.0,-1.0537073940275958,0;0;-1.05370739403;0;0;0;0;0.0746501532096;0;0;0;0,53209.306441750196,0.005,810,3e-06,1.2483246958477374,,0.0004426672927270279,0.293175500000018,ok,same_stridge_core,Hx;H*Hxx,0.02,0.9290688571972363
0.7477414277053548,1.4023795936592782,0.2127983102485837,-1.1727645958616089,0;0;-1.17276459586;0.212798310249;0;0;0;0;-0.103707181737;0;0;0,53065.921336781445,0.005,811,3e-06,1.5621920219568408,,0.0005924996382033252,0.3749803999999699,ok,same_stridge_core,Hx;D_x^1.40238 H;H*Hxxx,0.01959735952416656,1.0845987299258077
0.7439368376471056,1.2225870091912938,0.04465220113471775,-1.0638528597194659,0.0194144235735;0;-1.06385285972;0.0446522011347;0.326828012025;0;0;0.0773560191105;0;0;0;0,53327.28669400412,0.005,812,3e-06,1.6229596063222669,,0.00035280806434815807,0.26790260000001354,ok,same_stridge_core,1;Hx;D_x^1.222587 H;Hxxx;H*Hxx,0.015,0.8230503059122052
0.7477031575256922,1.307498749457571,0.05126407845022338,-1.0452232898926361,0.0208034498275;0;-1.04522328989;0.0512640784502;0.582706662517;0;0;0.0791385160985;-0.0268673918656;0;0;0,53205.66252867521,0.005,813,3e-06,1.7683033999236666,,0.00034182767240899784,0.14696050000003424,ok,same_stridge_core,1;Hx;D_x^1.307499 H;Hxxx;H*Hxx;H*Hxxx,0.01,0.8106014744075128
0.7442578588232873,1.3284809165103548,0.0,-1.0585117813122262,0;0;-1.05851178131;0;-0.119635057794;0;0;0.0735436540484;0;0;0;0,53174.57107766125,0.005,814,3e-06,1.4041867271489237,,0.0004390862538262799,0.39743459999999686,ok,same_stridge_core,Hx;Hxxx;H*Hxx,0.02,0.9256155874499725
0.7463958298069959,1.3827723717592117,0.060599367964986,-0.9628172076501117,0.0906142556043;-0.0135683164711;-0.96281720765;0.060599367965;3.42945452394;0;-0.0123395789481;-0.0319006719969;-0.816370408597;0;0.0102975124909;0.0637957611512,53094.200875361086,0.005,815,3e-06,2.366052291164573,,0.00030956633613114353,0.3649189999999862,ok,same_stridge_core,1;H;Hx;D_x^1.382772 H;Hxxx;H*Hx;H*Hxx;H*Hxxx;H^2*Hxx;H^2*Hxxx,0.005,0.7732262649037405
0.7448458438781759,1.2720090115805656,0.0,-1.0514390272174041,0;0;-1.05143902722;0;0;0;0;0.0749794845149;0;0;0;0,53257.51800660329,0.005,816,3e-06,1.2476937601139297,,0.00044149175004143854,0.2627394999999524,ok,same_stridge_core,Hx;H*Hxx,0.01842949525489209,0.92814865207431
0.7479388875517621,1.1965140326028032,0.15552748614194142,-1.2459583191770156,0;0;-1.24595831918;0.155527486142;-2.22521962997;0;0;0;0.120091419728;0;0;0,53362.67025042802,0.005,817,3e-06,1.9125237642126698,,0.0008269787729630192,0.14144609999999602,ok,same_stridge_core,Hx;D_x^1.196514 H;Hxxx;H*Hxxx,0.02231785714285716,1.2721717212075334
0.7399840498322585,1.3265429202478047,0.0,-1.0648377686204358,0;0;-1.06483776862;0;0;0;0;0.0730259594798;0;0;0;0,53177.450604286656,0.005,818,3e-06,1.2558950476512916,,0.0004515223750629223,0.3770058999999719,ok,same_stridge_core,Hx;H*Hxx,0.031017038562717557,0.9368303440255717
0.7449237286368412,1.25359648392941,0.045114418335084366,-1.055680921170432,0.0202695138714;0;-1.05568092117;0.0451144183351;0.589285026804;0;0;0.0784361634191;-0.0356895097244;0;0;0,53283.89103804027,0.005,819,3e-06,1.77753928711792,,0.00034789028684842365,0.13838609999999107,ok,same_stridge_core,1;Hx;D_x^1.253596 H;Hxxx;H*Hxx;H*Hxxx,0.01285454545454546,0.8184292484331954
0.7438471010599963,1.237089931514351,0.0,-1.0541815816669826,0;0;-1.05418158167;0;0;0;0;0.0745812334672;0;0;0;0,53307.16009494633,0.005,820,3e-06,1.2491322784445886,,0.00044293963039634694,0.3790501999999947,ok,same_stridge_core,Hx;H*Hxx,0.02,0.9292893178749108
0.7448347731054031,1.2806083829012154,0.1813397327279467,-1.2287346572197775,0;0;-1.22873465722;0.181339732728;-1.85820645087;0;0;0;0.119238999774;0;0;0,53245.064737974404,0.005,821,3e-06,1.744548147123202,,0.000626710419701759,0.3612171999999987,ok,same_stridge_core,Hx;D_x^1.280608 H;Hxxx;H*Hxxx,0.024523049084953858,1.1056073702675093
0.7438562676983845,1.3373268025194136,0.0,-1.0595376168448845,0;0;-1.05953761684;0;-0.117935881904;0;0;0.0734004017901;0;0;0;0,53161.417711187394,0.005,822,3e-06,1.4046932743220215,,0.00043979552987124626,0.368416400000001,ok,same_stridge_core,Hx;Hxxx;H*Hxx,0.02,0.9262405149213351
0.7454770297823862,1.3005523692176033,0.18845232173784698,-1.221830724933581,0;0;-1.22183072493;0.188452321738;-1.80530319493;0;0;0;0.121764132343;0;0;0,53215.899165671915,0.005,823,3e-06,1.7236692877658855,,0.0006044407005836185,0.38099590000001626,ok,same_stridge_core,Hx;D_x^1.300552 H;Hxxx;H*Hxxx,0.019441438843282997,1.0850784977778225
0.7454432110026054,1.3012780874415029,0.18866442618857335,-1.2216732788176923,0;0;-1.22167327882;0.188664426189;-1.80121054407;0;0;0;0.121578576605;0;0;0,53214.83137225181,0.005,824,3e-06,1.7224806767863985,,0.0006031475904794412,0.13379780000002484,ok,same_stridge_core,Hx;D_x^1.301278 H;Hxxx;H*Hxxx,0.024929134023870873,1.0839027003193769
0.7448279573756769,1.2984695456511266,0.0,-1.0570568672517382,0;0;-1.05705686725;0;-0.122045998718;0;0;0.0737465901696;0;0;0;0,53218.96148003617,0.005,825,3e-06,1.4037867528248222,,0.0004381635932399621,0.3830077000000074,ok,same_stridge_core,Hx;Hxxx;H*Hxx,0.01642689866350581,0.9248160995044968
0.7447822385230348,1.2169420320972981,0.0,-1.057173483572154,0;0;-1.05717348357;0;-0.121852687042;0;0;0.0737303340332;0;0;0;0,53335.036339968516,0.005,826,3e-06,1.4048916659653063,,0.00043823397970635733,0.37735309999999345,ok,same_stridge_core,Hx;Hxxx;H*Hxx,0.016038961038961033,0.9248763389055897
0.7451087733111358,1.2339657754605964,0.04046669285124556,-1.0530318262238163,0.0203331851442;0;-1.05303182622;0.0404666928512;0.604803502889;0;0;0.0799989833473;-0.0373319182528;0;0;0,53311.52141758035,0.005,827,3e-06,1.7790855003133248,,0.0003485138364183054,0.3810318000000166,ok,same_stridge_core,1;Hx;D_x^1.233966 H;Hxxx;H*Hxx;H*Hxxx,0.01446969696969697,0.8194781147968784
0.7440556554936759,1.3282112711391638,0.0,-1.0590281941409248,0;0;-1.05902819414;0;-0.118779638109;0;0;0.0734715576979;0;0;0;0,53174.9717242944,0.005,828,3e-06,1.4044986307718577,,0.00043943724248755,0.2841712999999686,ok,same_stridge_core,Hx;Hxxx;H*Hxx,0.02,0.9259238852532081
0.7454286875407563,1.2801957891885412,0.18167287930130202,-1.2278578750151623,0;0;-1.22785787502;0.181672879301;-1.88132499884;0;0;0;0.121874546421;0;0;0,53245.664119686044,0.005,829,3e-06,1.7502089569278918,,0.0006332532651275042,0.3861299999999801,ok,same_stridge_core,Hx;D_x^1.280196 H;Hxxx;H*Hxxx,0.02,1.1112609874916592
0.746750828996417,1.2803986436020274,0.047027326561139414,-1.0481746464037032,0.0206457862846;0;-1.0481746464;0.0470273265611;0.589254677916;0;0;0.0794961984275;-0.0305243500201;0;0;0,53245.36948889679,0.005,830,3e-06,1.7721485119849405,,0.000344165687312326,0.38210789999999406,ok,same_stridge_core,1;Hx;D_x^1.280399 H;Hxxx;H*Hxx;H*Hxxx,0.01,0.8137318611847983
0.7435406736050121,1.218500229151828,0.0,-1.055024062286078,0;0;-1.05502406229;0;0;0;0;0.0744587297434;0;0;0;0,53332.902010749196,0.005,831,3e-06,1.2497027100205649,,0.0004434464128531306,0.37363129999999956,ok,same_stridge_core,Hx;H*Hxx,0.02,0.9297052979560697
0.7464260274837953,1.2796438926103704,0.04763585558316899,-1.0498340607299808,0.0205710625578;0;-1.04983406073;0.0476358555832;0.586748689895;0;0;0.0790297091661;-0.0310690565379;0;0;0,53246.465566366525,0.005,832,3e-06,1.7726988095380531,,0.00034462576037208234,0.37438739999998916,ok,same_stridge_core,1;Hx;D_x^1.279644 H;Hxxx;H*Hxx;H*Hxxx,0.01,0.8142624293434558
0.7449255680309395,1.2974347572020204,0.18695778026824564,-1.2236823553666603,0;0;-1.22368235537;0.186957780268;-1.79745478694;0;0;0;0.119397767008;0;0;0,53220.48153750194,0.005,833,3e-06,1.7231682245023785,,0.0006036139242900151,0.3857899000000202,ok,same_stridge_core,Hx;D_x^1.297435 H;Hxxx;H*Hxxx,0.02,1.0845224460523553
0.7455194923027872,1.3647752943327291,0.0,-1.055294188744351,0;0;-1.05529418874;0;-0.124968470759;0;0;0.073992085211;0;0;0;0,53120.65770684677,0.005,834,3e-06,1.4020691968793957,,0.00043717630577025596,0.3781505999999695,ok,same_stridge_core,Hx;Hxxx;H*Hxx,0.02,0.9239832775177748
0.7446767607832991,1.2712162730303544,0.0542093202120283,-1.0635219443338997,0.0196137707746;0;-1.06352194433;0.054209320212;0.340485655476;0;0;0.0752049861841;0;0;0;0,53258.66189224423,0.005,835,3e-06,1.616782459144491,,0.00034888672786520395,0.3762813999999821,ok,same_stridge_core,1;Hx;D_x^1.271216 H;Hxxx;H*Hxx,0.015,0.8179025307608275
0.7442836199710388,1.294304868507649,0.0,-1.0529822683915004,0;0;-1.05298226839;0;0;0;0;0.0747554923539;0;0;0;0,53225.07393485744,0.005,836,3e-06,1.2481009222219868,,0.0004422685674402487,0.2630449999999769,ok,same_stridge_core,Hx;H*Hxx,0.02,0.9287504786128422
0.7449874719808551,1.2909515413567065,0.18487011632552178,-1.225478334217039,0;0;-1.22547833422;0.184870116326;-1.82479317702;0;0;0;0.119863114877;0;0;0,53229.984807875386,0.005,837,3e-06,1.7320188971430412,,0.0006131754345928284,0.37090439999997216,ok,same_stridge_core,Hx;D_x^1.290952 H;Hxxx;H*Hxxx,0.02,1.0932590794485366
0.7446928730723132,1.1518571701254525,0.030328991092226146,-1.0540500433941435,0.0194317518506;0;-1.05405004339;0.0303289910922;0.349288976739;0;0;0.0824949572367;0;0;0;0,53420.74269574441,0.005,838,3e-06,1.6282475073977538,,0.00035547464683660163,0.27188009999997576,ok,same_stridge_core,1;Hx;D_x^1.151857 H;Hxxx;H*Hxx,0.015,0.8269363669615877
0.7443308756439614,1.295494436071689,0.0,-1.0528524942108746,0;0;-1.05285249421;0;0;0;0;0.0747743388752;0;0;0;0,53223.32953465941,0.005,839,3e-06,1.2480358238991263,,0.0004421994718622062,0.3757949000000167,ok,same_stridge_core,Hx;H*Hxx,0.02,0.9286958466911698
0.7454014082765725,1.3019571027533374,0.18885417719430692,-1.221543050101965,0;0;-1.2215430501;0.188854177194;-1.79700624774;0;0;0;0.12135750354;0;0;0,53213.83182875153,0.005,840,3e-06,1.7212913708692437,,0.0006018511066346105,0.3978677999999718,ok,same_stridge_core,Hx;D_x^1.301957 H;Hxxx;H*Hxxx,0.02,1.0827253889242254
0.7432047222894289,1.2304297121872676,0.0,-1.0559482600269694,0;0;-1.05594826003;0;0;0;0;0.0743242521749;0;0;0;0,53316.441004459746,0.005,841,3e-06,1.2500959323654721,,0.0004440360954552717,0.3884108999999967,ok,same_stridge_core,Hx;H*Hxx,0.02,0.9301972863387136
0.7445792124662024,1.3033310569124377,0.0,-1.0521707008868617,0;0;-1.05217070089;0;0;0;0;0.0748733212789;0;0;0;0,53211.80850477826,0.005,842,3e-06,1.247691874107757,,0.0004418478616770955,0.1392847000000188,ok,same_stridge_core,Hx;H*Hxx,0.02,0.9284210230790874
0.7494270768431855,1.307498749457571,0.19413387475905794,-1.2130758000206066,0;0;-1.21307580002;0.194133874759;-1.92027838051;0;0;0;0.139211997787;0;0;0,53205.66252867521,0.005,843,3e-06,1.747538087011204,,0.0006325249836444151,0.12836920000000873,ok,same_stridge_core,Hx;D_x^1.307499 H;Hxxx;H*Hxxx,0.019471443526511766,1.1090701366671016
0.7441575979077347,1.3657339151864294,0.0,-1.0533284093212572,0;0;-1.05332840932;0;0;0;0;0.074705216325;0;0;0;0,53119.24052518809,0.005,844,3e-06,1.2476148751050564,,0.0004424561151012944,0.36675810000002684,ok,same_stridge_core,Hx;H*Hxx,0.025,0.9288994319539279
0.7482184111697235,1.3034621280905077,0.04893008173033752,-1.0422187798388693,0.02093934238;0;-1.04221877984;0.0489300817303;0.589149807707;0;0;0.0802620927123;-0.0264192289957;0;0;0,53211.615507244824,0.005,845,3e-06,1.76799630113465,,0.0003413826405011436,0.13555480000002262,ok,same_stridge_core,1;Hx;D_x^1.303462 H;Hxxx;H*Hxx;H*Hxxx,0.01,0.8101872220042432
0.7432740990472275,1.286658126636467,0.0,-1.0557573590631044,0;0;-1.05575735906;0;0;0;0;0.0743520378234;0;0;0;0,53236.2571971207,0.005,846,3e-06,1.2495102350434462,,0.0004439114444222819,0.13336409999999432,ok,same_stridge_core,Hx;H*Hxx,0.02,0.930092691860722
0.7453409430443747,1.3100424421819494,0.19148384592593307,-1.2192421175282249,0;0;-1.21924211753;0.191483845926;-1.76246678093;0;0;0;0.120608220579;0;0;0,53201.90555673033,0.005,847,3e-06,1.7108697577854524,,0.0005907105095947809,0.3750724999999875,ok,same_stridge_core,Hx;D_x^1.310042 H;Hxxx;H*Hxxx,0.019708671328671348,1.0724468911046885
0.7434871486586647,1.3501576805795268,0.0,-1.0551712670022368,0;0;-1.055171267;0;0;0;0;0.0744373177653;0;0;0;0,53142.33562800795,0.005,848,3e-06,1.248635150529424,,0.00044353796034243305,0.14117060000000947,ok,same_stridge_core,Hx;H*Hxx,0.025,0.9297811367613762
0.7436365461438672,1.25359648392941,0.0,-1.0547604205358019,0;0;-1.05476042054;0;0;0;0;0.0744970731675;0;0;0;0,53283.89103804027,0.005,849,3e-06,1.2492753723478347,,0.0004432847067158723,0.13566759999997657,ok,same_stridge_core,Hx;H*Hxx,0.02,0.9295720261195931
0.7488224285005516,1.237089931514351,0.029303283912069208,-0.9506250424460471,0.089540784218;-0.0134085964932;-0.950625042446;0.0293032839121;3.11120197799;0;-0.0120658696651;0;-0.69292430309;0;0.00736112950758;0.0509500857955,53307.16009494633,0.005,850,3e-06,2.2098335294890306,,0.00030806442164971865,0.13829820000000836,ok,same_stridge_core,1;H;Hx;D_x^1.23709 H;Hxxx;H*Hx;H*Hxxx;H^2*Hxx;H^2*Hxxx,0.005,0.7705402069254798
0.7454957712268042,1.2776211026468003,0.18087421395064887,-1.2284862047549159,0;0;-1.22848620475;0.180874213951;-1.89323182361;0;0;0;0.122130338091;0;0;0,53249.400034274724,0.005,851,3e-06,1.7543710933625434,,0.0006378774041523715,0.3696189000000345,ok,same_stridge_core,Hx;D_x^1.277621 H;Hxxx;H*Hxxx,0.02,1.1153782929512468
0.7495533042178656,1.2518920815276822,0.17524579120188372,-1.2289986764078393,0;0;-1.22899867641;0.175245791202;-2.12816595808;0;0;0;0.1379523264;0;0;0,53286.31076129568,0.005,852,3e-06,1.8316768878731111,,0.0007289540041657808,0.3665981000000329,ok,same_stridge_core,Hx;D_x^1.251892 H;Hxxx;H*Hxxx,0.0195450285095022,1.192241158737563
0.7439684908698532,1.3125826922511743,0.0,-1.0592508713487787,0;0;-1.05925087135;0;-0.118410852798;0;0;0.0734404563663;0;0;0;0,53198.14973784039,0.005,853,3e-06,1.4048441218656593,,0.00043959236794214365,0.2667145000000346,ok,same_stridge_core,Hx;Hxxx;H*Hxx,0.02,0.9260607742250958
0.7446369542827077,1.28667195081938,0.0,-1.052012220051274,0;0;-1.05201222005;0;0;0;0;0.0748963203607;0;0;0;0,53236.23709741592,0.005,854,3e-06,1.2477776300284222,,0.00044176889700756424,0.3661573999999632,ok,same_stridge_core,Hx;H*Hxx,0.02,0.9283602074439267
0.7447442601261253,1.3024017498546403,0.0,-1.051717743529878,0;0;-1.05171774353;0;0;0;0;0.0749390514933;0;0;0;0,53213.17719479323,0.005,855,3e-06,1.2475288393434485,,0.000441624770280697,0.2671439999999734,ok,same_stridge_core,Hx;H*Hxx,0.02,0.9282497761746892
0.74552341325793,1.2614851177539335,0.04553593711182333,-1.0531494660658103,0.0203953337701;0;-1.05314946607;0.0455359371118;0.589742705377;0;0;0.0788423305133;-0.0340530083;0;0;0,53272.64289040008,0.005,856,3e-06,1.7758070655489098,,0.0003466662146601451,0.37385369999998375,ok,same_stridge_core,1;Hx;D_x^1.261485 H;Hxxx;H*Hxx;H*Hxxx,0.01655844155844155,0.8168994935217082
0.7446249623000448,1.306453757917613,0.0,-1.0520451324992706,0;0;-1.0520451325;0;0;0;0;0.0748915447858;0;0;0;0,53207.20460608704,0.005,857,3e-06,1.2476159993827873,,0.00044178524670322527,0.1364507000000117,ok,same_stridge_core,Hx;H*Hxx,0.02,0.9283727717462652
0.7443754334438687,1.24587807968348,0.048836921464371845,-1.063273318795479,0.0195430937658;0;-1.0632733188;0.0488369214644;0.334659435476;0;0;0.0764981490695;0;0;0;0,53294.817882459894,0.005,858,3e-06,1.6198131562561655,,0.0003507449845729252,0.3888296000000082,ok,same_stridge_core,1;Hx;D_x^1.245878 H;Hxxx;H*Hxx,0.015,0.820390888019267
0.746247908944013,1.3323755868935911,0.1997550414960523,-1.210954605623881,0;0;-1.21095460562;0.199755041496;-1.70270824661;0;0;0;0.122631642252;0;0;0,53168.78150416193,0.005,859,3e-06,1.6919650310922638,,0.0005712456800210187,0.39191489999996065,ok,same_stridge_core,Hx;D_x^1.332376 H;Hxxx;H*Hxxx,0.02,1.0539396530423206
0.7442808880701455,1.3007262974613025,0.0,-1.0529897695756785,0;0;-1.05298976958;0;0;0;0;0.074754403019;0;0;0;0,53215.64338304124,0.005,860,3e-06,1.2480474440749898,,0.0004422725422551367,0.38110249999999724,ok,same_stridge_core,Hx;H*Hxx,0.02,0.9287535837767423
0.7445947557908315,1.2205689829383304,0.04278246320546345,-1.0600593594816887,0.0195754722802;0;-1.06005935948;0.0427824632055;0.340175560283;0;0;0.0785111605145;0;0;0;0,53330.062765689225,0.005,861,3e-06,1.6219161092841707,,0.00035179784778532116,0.3680844000000434,ok,same_stridge_core,1;Hx;D_x^1.220569 H;Hxxx;H*Hxx,0.015,0.8219651677988322
0.7455821004128813,1.3549234033543849,0.0,-1.055134725005912,0;0;-1.05513472501;0;-0.125233075235;0;0;0.0740142737175;0;0;0;0,53135.256905154216,0.005,862,3e-06,1.4021326070648525,,0.0004370940321960276,0.3575136000000043,ok,same_stridge_core,Hx;Hxxx;H*Hxx,0.02,0.9239152949184647
0.7436675115876978,1.218540828999056,0.0,-1.0546752773223003,0;0;-1.05467527732;0;0;0;0;0.0745094564251;0;0;0;0,53332.84638668909,0.005,863,3e-06,1.2495264495558127,,0.0004432330751684227,0.366079099999979,ok,same_stridge_core,Hx;H*Hxx,0.02,0.9295293712356782
0.744385708585228,1.3070404187270728,0.0,-1.0527019219820217,0;0;-1.05270192198;0;0;0;0;0.0747962057896;0;0;0;0,53206.339000465865,0.005,864,3e-06,1.2478714496844325,,0.00044212010716377704,0.3626758999999993,ok,same_stridge_core,Hx;H*Hxx,0.02,0.9286334156816373
0.743621542121603,1.208861197632432,0.0,-1.054801679218617,0;0;-1.05480167922;0;0;0;0;0.0744910718326;0;0;0;0,53346.04541783884,0.005,865,3e-06,1.2496688264768074,,0.0004433098038170235,0.36221039999998084,ok,same_stridge_core,Hx;H*Hxx,0.02,0.9295925539697744
0.7454651984999862,1.3023167770216695,0.1890275171718278,-1.2213285646361784,0;0;-1.22132856464;0.189027517172;-1.79790324839;0;0;0;0.121629021784;0;0;0,53213.30233409673,0.005,866,3e-06,1.7213517352857748,,0.0006019490194862255,0.3759153999999967,ok,same_stridge_core,Hx;D_x^1.302317 H;Hxxx;H*Hxxx,0.02205579605579606,1.082792107276614
0.7452762694262435,1.3247749525049055,0.1963208300805776,-1.2149279264674568,0;0;-1.21492792647;0.196320830081;-1.69947962436;0;0;0;0.119011874945;0;0;0,53180.07647893257,0.005,867,3e-06,1.693274456743434,,0.0005721636736400682,0.3679220000000214,ok,same_stridge_core,Hx;D_x^1.324775 H;Hxxx;H*Hxxx,0.024472449438614857,1.0551135389962432
0.7416938753858933,1.9669870298368393,0.11068206753114987,-1.0599022305203267,0;0;-1.05990223052;0.110682067531;0;0;0;0.0590044607046;0;0;0;0,62595.04620248855,0.005,868,3e-06,1.4852340670028243,,0.0004401966545062032,0.37571020000001454,ok,same_stridge_core,Hx;D_x^1.966987 H;H*Hxx,0.025,0.9218786511804274
0.7443126336939869,1.295494436071689,0.0,-1.0529025902751625,0;0;-1.05290259028;0;0;0;0;0.0747670645109;0;0;0;0,53223.32953465941,0.005,869,3e-06,1.2480568281331477,,0.0004422260090057778,0.13949680000001763,ok,same_stridge_core,Hx;H*Hxx,0.02,0.9287168509251912
0.7449198929110177,1.3781148468348263,0.05910334244690369,-1.0951734193513891,0;0;-1.09517341935;0.0591033424469;-0.301523452467;0;0;0.053687934931;0;0;0;0,53101.01256700936,0.005,870,3e-06,1.5457837285974496,,0.00042103876173797905,0.13772590000002083,ok,same_stridge_core,Hx;D_x^1.378115 H;Hxxx;H*Hxx,0.02,0.9085715777933373
0.7448730432850658,1.3034419441514278,0.0,-1.0513644108404885,0;0;-1.05136441084;0;0;0;0;0.074990310753;0;0;0;0,53211.645078664056,0.005,871,3e-06,1.2473922788766512,,0.0004414566474802195,0.25621530000000803,ok,same_stridge_core,Hx;H*Hxx,0.02,0.9281224084046669
0.7429560673768832,1.1999249356610535,0.0,-1.0566326831304347,0;0;-1.05663268313;0;0;0;0;0.0742246041312;0;0;0;0,53358.101812627625,0.005,872,3e-06,1.250734279012816,,0.00044449560366405347,0.3893281000000002,ok,same_stridge_core,Hx;H*Hxx,0.02,0.9305856681370501
0.7450603745683541,1.2998509076026141,0.1878688604352894,-1.2227425668834901,0;0;-1.22274256688;0.187868860435;-1.79289664837;0;0;0;0.119909470949;0;0;0,53216.93087956356,0.005,873,3e-06,1.7212017464208635,,0.000601577941288149,0.37546259999999165,ok,same_stridge_core,Hx;D_x^1.299851 H;Hxxx;H*Hxxx,0.02464912280701755,1.082598575866101
0.7446811217571359,1.3014657050570702,0.0,-1.0518910067821614,0;0;-1.05189100678;0;0;0;0;0.0749139104258;0;0;0;0,53214.55525547544,0.005,874,3e-06,1.2476015809241534,,0.0004417091153326678,0.35838019999999915,ok,same_stridge_core,Hx;H*Hxx,0.02,0.9283142493913008
0.7446709527925954,1.313710895512402,0.0,-1.0574573827683054,0;0;-1.05745738277;0;-0.121381973484;0;0;0.0736907523621;0;0;0;0,53196.48047646419,0.005,875,3e-06,1.403794491431034,,0.0004384079159326185,0.360301800000002,ok,same_stridge_core,Hx;Hxxx;H*Hxx,0.02,0.9250261671428562
0.74423472987218,1.214507257396325,0.0423115918813333,-1.061557347551217,0.0194770489281;0;-1.06155734755;0.0423115918813;0.333334990012;0;0;0.07833394834;0;0;0;0,53338.363943728764,0.005,876,3e-06,1.6231939979978474,,0.000352756296132643,0.3829378000000361,ok,same_stridge_core,1;Hx;D_x^1.214507 H;Hxxx;H*Hxx,0.015,0.8231185388419159
0.742892902694256,1.3666703749300375,0.06295962072977167,-1.104573127576491,0;0;-1.10457312758;0.0629596207298;-0.317893801405;0;0;0.0513161925681;0;0;0;0,53117.85691054916,0.005,877,3e-06,1.5453725393746578,,0.00042076898434326973,0.265932199999952,ok,same_stridge_core,Hx;D_x^1.36667 H;Hxxx;H*Hxx,0.015909090909090904,0.9079582564480678
0.744354394810096,1.32261828924582,0.0,-1.058265299095477,0;0;-1.0582652991;0;-0.120043370567;0;0;0.073578051501;0;0;0;0,53183.27800657795,0.005,878,3e-06,1.4041226626169727,,0.00043892307259804425,0.3642419999999902,ok,same_stridge_core,Hx;Hxxx;H*Hxx,0.02,0.9254731605577711
0.7450152169594305,1.3038562304080379,0.0,-1.056579320522837,0;0;-1.05657932052;0;-0.122837530677;0;0;0.0738131376115;0;0;0;0,53211.03477328947,0.005,879,3e-06,1.403475108118,,0.0004378821105765277,0.35466820000004873,ok,same_stridge_core,Hx;Hxxx;H*Hxx,0.019551521737799945,0.9245757951583946
0.7452061418601896,1.3089867038320149,0.19101670226350764,-1.2197859852507924,0;0;-1.21978598525;0.191016702264;-1.76181981266;0;0;0;0.12006546642;0;0;0,53203.465355387714,0.005,880,3e-06,1.7110947955544091,,0.000590881667049659,0.3721516999999608,ok,same_stridge_core,Hx;D_x^1.308987 H;Hxxx;H*Hxxx,0.02,1.0726532112897567
0.7466653440998663,1.405951939596352,0.21331724321636228,-1.1741807194530796,0;0;-1.17418071945;0.213317243216;0;0;0;0;-0.101406900059;0;0;0,53060.85636044873,0.005,881,3e-06,1.5484306709599167,,0.0005780670297606081,0.35686920000000555,ok,same_stridge_core,Hx;D_x^1.405952 H;H*Hxxx,0.02,1.070882963715878
0.7449768913346653,1.7323855729260893,0.16104480875126295,-1.0709378249993275,0;0;-1.070937825;0.161044808751;0;0;0;0.042790946242;0;0;0;0,53985.84191056681,0.005,882,3e-06,1.3844226141835525,,0.00041788177252364195,0.1422294999999849,ok,same_stridge_core,Hx;D_x^1.732386 H;H*Hxx,0.019937947401182696,0.8985500369884513
0.7450912115141256,1.3501576805795268,0.0,-1.0563855692824717,0;0;-1.05638556928;0;-0.123158730872;0;0;0.0738401323884;0;0;0;0,53142.33562800795,0.005,883,3e-06,1.4027623162643295,,0.0004377708548463556,0.13512429999997266,ok,same_stridge_core,Hx;Hxxx;H*Hxx,0.02,0.9244812956122579
0.7444768449852412,1.2971652987877986,0.0,-1.0524517052767102,0;0;-1.05245170528;0;0;0;0;0.0748325314067;0;0;0;0,53220.87727248312,0.005,884,3e-06,1.247857110656825,,0.00044199037332478413,0.3572443999999564,ok,same_stridge_core,Hx;H*Hxx,0.02,0.9285318470219263
0.7446591602992425,1.342641938425374,0.0,-1.0574874720226062,0;0;-1.05748747202;0;-0.121332137094;0;0;0.0736865574699;0;0;0;0,53153.511018043326,0.005,885,3e-06,1.4034237546749064,,0.00043842656381595574,0.36871580000001813,ok,same_stridge_core,Hx;Hxxx;H*Hxx,0.02,0.9250421555125166
0.7442503688999302,1.3034298168129737,0.0,-1.0530735917878347,0;0;-1.05307359179;0;0;0;0;0.0747422286223;0;0;0;0,53211.66297081009,0.005,886,3e-06,1.248059154340634,,0.0004423175441835204,0.396730400000024,ok,same_stridge_core,Hx;H*Hxx,0.02,0.9287891765157734
0.7449977183784477,1.306453757917613,0.18999813778672517,-1.22089350025857,0;0;-1.22089350026;0.189998137787;-1.76440280695;0;0;0;0.119278194101;0;0;0,53207.20460608704,0.005,887,3e-06,1.712539548294639,,0.0005923101248148335,0.13852350000001934,ok,same_stridge_core,Hx;D_x^1.306454 H;Hxxx;H*Hxxx,0.041731942440275775,1.0740530930215946
0.7455134134457428,1.2292378402343722,0.038656023132458285,-1.0504830126001656,0.0204270600011;0;-1.0504830126;0.0386560231325;0.612152236602;0;0;0.0809044222974;-0.0371930594101;0;0;0,53318.095121761,0.005,888,3e-06,1.7788490884304085,,0.0003481373245939189,0.3719115999999758,ok,same_stridge_core,1;Hx;D_x^1.229238 H;Hxxx;H*Hxx;H*Hxxx,0.015606060606060604,0.8191233762387105
0.7445842351657239,1.300920274156069,0.0,-1.0521569161026498,0;0;-1.0521569161;0;0;0;0;0.0748753207116;0;0;0;0,53215.35780049398,0.005,889,3e-06,1.2477079144799448,,0.0004418409877765842,0.3773166999999944,ok,same_stridge_core,Hx;H*Hxx,0.02,0.928415767676981
0.743847263275533,1.3007262974613025,0.0,-1.0541811355011204,0;0;-1.0541811355;0;0;0;0;0.0745812982186;0;0;0;0,53215.64338304124,0.005,890,3e-06,1.248582973212195,,0.00044293937301890764,0.13488000000000966,ok,same_stridge_core,Hx;H*Hxx,0.02,0.9292891129139474
0.7438798276832175,1.2392065003273682,0.0,-1.054091635208725,0;0;-1.05409163521;0;0;0;0;0.0745943097943;0;0;0;0,53304.19738280743,0.005,891,3e-06,1.249071886652576,,0.0004428872221730853,0.377328499999976,ok,same_stridge_core,Hx;H*Hxx,0.02,0.9292467023557315
0.7451016012631244,1.2962885531523103,0.18672627166704872,-1.2237221567619427,0;0;-1.22372215676;0.186726271667;-1.80833814912;0;0;0;0.120233822993;0;0;0,53222.16431975666,0.005,892,3e-06,1.7260520013117842,,0.0006068033707861394,0.149632199999985,ok,same_stridge_core,Hx;D_x^1.296289 H;Hxxx;H*Hxxx,0.019936979382865917,1.0873860294747042
0.7452956376401424,1.3588317767286606,0.0,-1.0558645210533535,0;0;-1.05586452105;0;-0.12402265745;0;0;0.0739126963166;0;0;0;0,53129.458587673835,0.005,893,3e-06,1.402401488231988,,0.00043748017421498084,0.38626149999998916,ok,same_stridge_core,Hx;Hxxx;H*Hxx,0.02,0.9242363609429235
0.7386610367895644,1.3070404187270728,0.0,-1.068504960594614,0;0;-1.06850496059;0;0;0;0;0.0724878582507;0;0;0;0,53206.339000465865,0.005,894,3e-06,1.2598084576164343,,0.0004555791483802462,0.14382549999999128,ok,same_stridge_core,Hx;H*Hxx,0.02992888644277534,0.9405704236136392
0.7442008622640824,1.2628804985491793,0.0,-1.0532095677516566,0;0;-1.05320956775;0;0;0;0;0.0747224775421;0;0;0;0,53270.64515850122,0.005,895,3e-06,1.248471492912842,,0.0004423910898050936,0.3795671999999968,ok,same_stridge_core,Hx;H*Hxx,0.02,0.9288476219618346
0.7457224095309435,1.294304868507649,0.18658403526244144,-1.223257762809949,0;0;-1.22325776281;0.186584035262;-1.83861621513;0;0;0;0.123088299451;0;0;0,53225.07393485744,0.005,896,3e-06,1.7337155094982784,,0.0006154088799209997,0.1313314999999875,ok,same_stridge_core,Hx;D_x^1.294305 H;Hxxx;H*Hxxx,0.03447407616892911,1.095014622279989
0.7442769406718153,1.35110872212327,0.0,-1.058463055423931,0;0;-1.05846305542;0;-0.119715737528;0;0;0.0735504540966;0;0;0;0,53140.92247016759,0.005,897,3e-06,1.4038556417888084,,0.00043905381753496476,0.39436740000002146,ok,same_stridge_core,Hx;Hxxx;H*Hxx,0.02,0.9255873395573001
0.7453970591928963,1.3007883304048948,0.18846307918994462,-1.2218962109206857,0;0;-1.22189621092;0.18846307919;-1.80146389644;0;0;0;0.121391954051;0;0;0,53215.55194537399,0.005,898,3e-06,1.722726454389451,,0.0006033871414381399,0.12637740000002395,ok,same_stridge_core,Hx;D_x^1.300788 H;Hxxx;H*Hxxx,0.02,1.084139831044963
0.745048473793411,1.1918834666958613,0.032662080353309524,-1.0497524474065072,0.0203241448365;0;-1.04975244741;0.0326620803533;0.636003181036;0;0;0.0823704363511;-0.0416440771583;0;0;0,53368.84291038654,0.005,899,3e-06,1.7830412663838082,,0.0003505162902289056,0.36660589999996773,ok,same_stridge_core,1;Hx;D_x^1.191883 H;Hxxx;H*Hxx;H*Hxxx,0.01,0.8224020939968504
0.7455866634837213,1.3652361569578897,0.0,-1.0551231060062825,0;0;-1.05512310601;0;-0.125252397674;0;0;0.0740158896509;0;0;0;0,53119.976347399075,0.005,900,3e-06,1.401990181924434,,0.000437088075001963,0.3766534999999749,ok,same_stridge_core,Hx;Hxxx;H*Hxx,0.02,0.9239103947978423
0.7445572912711287,1.3102629888467534,0.0,-1.0577474134635094,0;0;-1.05774741346;0;-0.12090142485;0;0;0.0736503042085;0;0;0;0,53201.57965776898,0.005,901,3e-06,1.4039969521283684,,0.0004385893589578623,0.3942872999999736,ok,same_stridge_core,Hx;Hxxx;H*Hxx,0.02,0.9251827352084475
0.7444407252391421,1.2512496171456986,0.049935104863772097,-1.0633277116031998,0.0195607880189;0;-1.0633277116;0.0499351048638;0.335844949264;0;0;0.0762332876365;0;0;0;0,53287.221829032045,0.005,902,3e-06,1.6191619590844333,,0.0003503407653568374,0.3817121999999813,ok,same_stridge_core,1;Hx;D_x^1.25125 H;Hxxx;H*Hxx,0.015,0.8198536316489526
0.7447822644582325,1.3175110016237193,0.05013077069482083,-0.9710816583353657,0.0915972932325;-0.0138866890232;-0.971081658335;0.0501307706948;3.29711593932;0;-0.0119981480883;-0.032115909554;-0.784582301071;0;0.0103353538709;0.0613567739916,53190.85263327364,0.005,903,3e-06,2.372609490185147,,0.00031250123191867786,0.3705393999999842,ok,same_stridge_core,1;H;Hx;D_x^1.317511 H;Hxxx;H*Hx;H*Hxx;H*Hxxx;H^2*Hxx;H^2*Hxxx,0.005,0.7768839111869379
0.7446811217571359,1.298711133295885,0.0,-1.0518910067821619,0;0;-1.05189100678;0;0;0;0;0.0749139104258;0;0;0;0,53218.60649685484,0.005,904,3e-06,1.24762588837243,,0.0004417091153326677,0.2790430000000015,ok,same_stridge_core,Hx;H*Hxx,0.02,0.9283142493913009
0.7433660973445524,1.3034621280905077,0.0,-1.0555042462505606,0;0;-1.05550424625;0;0;0;0;0.0743888690867;0;0;0;0,53211.615507244824,0.005,905,3e-06,1.2492259111611657,,0.00044374841856245254,0.13473129999999855,ok,same_stridge_core,Hx;H*Hxx,0.02,0.9299562181176966
0.7442863972409949,1.3424973122312025,0.0,-1.0584389059433488,0;0;-1.05843890594;0;-0.119755675806;0;0;0.0735538258048;0;0;0;0,53153.726157182224,0.005,906,3e-06,1.4039567595077909,,0.0004390377747215409,0.3821930000000293,ok,same_stridge_core,Hx;Hxxx;H*Hxx,0.02,0.9255732240931508
0.7448308139475729,1.3023789045833611,0.04705861689224377,-0.9705313160216201,0.0921444773535;-0.0140039176685;-0.970531316022;0.0470586168922;3.28784967038;0;-0.0119682896031;-0.0313377775371;-0.781724393859;0;0.0103038128803;0.0611346184736,53213.210809234544,0.005,907,3e-06,2.3732779688250223,,0.00031251495366512317,0.38580739999997604,ok,same_stridge_core,1;H;Hx;D_x^1.302379 H;Hxxx;H*Hx;H*Hxx;H*Hxxx;H^2*Hxx;H^2*Hxxx,0.005,0.7768816445479859
0.7452307062363814,1.3041027048807812,0.18941990809034495,-1.2211963332184876,0;0;-1.22119633322;0.18941990809;-1.7822784837;0;0;0;0.120473714076;0;0;0,53210.671573477084,0.005,908,3e-06,1.7172573145784136,,0.0005974505812195698,0.37667940000000044,ok,same_stridge_core,Hx;D_x^1.304103 H;Hxxx;H*Hxxx,0.0253109243697479,1.0787292556966885
0.7447188463078038,1.25359648392941,0.04981292933823117,-1.0619668989972797,0.0196316492269;0;-1.061966899;0.0498129293382;0.341297582294;0;0;0.0765223781493;0;0;0;0,53283.89103804027,0.005,909,3e-06,1.618431631812003,,0.0003497570585195171,0.14448469999996405,ok,same_stridge_core,1;Hx;D_x^1.253596 H;Hxxx;H*Hxx,0.015,0.819173266241399
0.7438471010599963,1.6940801922018875,0.15546968021229565,-1.0778402741159379,0;0;-1.07784027412;0.155469680212;0;0;0;0.0416184490722;0;0;0;0,53466.52936781823,0.005,910,3e-06,1.3809676856399484,,0.0004189724214517109,0.3027601000000004,ok,same_stridge_core,Hx;D_x^1.69408 H;H*Hxx,0.02,0.8997689213295844
0.7446543228176421,1.388754823590982,0.08275176255679248,-1.064939144722125,0.0195584380546;0;-1.06493914472;0.0827517625568;0.550829345327;0;0;0.0680166341367;-0.0284742206262;0;0;0,53085.49794112355,0.005,911,3e-06,1.7668149857006412,,0.00034380680665468185,0.39913900000004787,ok,same_stridge_core,1;Hx;D_x^1.388755 H;Hxxx;H*Hxx;H*Hxxx,0.01,0.8112760227604173
0.7445526289709175,1.307587222405156,0.0,-1.052243667076057,0;0;-1.05224366708;0;0;0;0;0.0748627282145;0;0;0;0,53205.531941621055,0.005,912,3e-06,1.2476826045276845,,0.00044188454077136326,0.39289909999996553,ok,same_stridge_core,Hx;H*Hxx,0.02,0.9284494128779581
0.7449881284620603,1.3043714984948627,0.0,-1.0566483886663205,0;0;-1.05664838867;0;-0.122723025769;0;0;0.0738035173219;0;0;0;0,53210.275382636326,0.005,913,3e-06,1.4035023505648163,,0.0004379221776845916,0.3992592999999829,ok,same_stridge_core,Hx;Hxxx;H*Hxx,0.019649372719548176,0.9246098721210894
0.7451860355758118,1.3087780809081093,0.190930141702403,-1.2198823006577948,0;0;-1.21988230066;0.190930141702;-1.76192830753;0;0;0;0.119987740368;0;0;0,53203.773448753986,0.005,914,3e-06,1.7111902091689095,,0.0005909728799866361,0.40938649999998233,ok,same_stridge_core,Hx;D_x^1.308778 H;Hxxx;H*Hxxx,0.02,1.0727449277838617
0.7392254410337121,1.2993028747584128,0.0,-1.0669394173103828,0;0;-1.06693941731;0;0;0;0;0.0727177576756;0;0;0;0,53217.73673968173,0.005,915,3e-06,1.2582089349848637,,0.00045377757024554576,0.42887779999995246,ok,same_stridge_core,Hx;H*Hxx,0.029369641244534565,0.9389025145467734
0.7453891390125372,1.2589413303886507,0.04526536130722262,-1.0536521821925429,0.0203684472818;0;-1.05365218219;0.0452653613072;0.590144387425;0;0;0.0788034779954;-0.0344908489735;0;0;0,53276.27864235218,0.005,916,3e-06,1.7762644196424984,,0.00034697172955380724,0.4258924000000093,ok,same_stridge_core,1;Hx;D_x^1.258941 H;Hxxx;H*Hxx;H*Hxxx,0.01176767676767677,0.817291404080159
0.7441347284234527,1.385170897827905,0.0,-1.0588262181932322,0;0;-1.05882621819;0;-0.119114026989;0;0;0.0734997602627;0;0;0;0,53090.70487974955,0.005,917,3e-06,1.403618255226622,,0.0004392984817131601,0.4041866000000027,ok,same_stridge_core,Hx;Hxxx;H*Hxx,0.025,0.9258019113088761
0.7450949658359409,1.31044502517472,0.1914031518199227,-1.2195401013696103,0;0;-1.21954010137;0.19140315182;-1.75187867231;0;0;0;0.119457064139;0;0;0,53201.310707426404,0.005,918,3e-06,1.7084805858753933,,0.0005880564430025369,0.39768630000003213,ok,same_stridge_core,Hx;D_x^1.310445 H;Hxxx;H*Hxxx,0.02,1.0700648573862763
0.7391388597554398,1.2988154584510605,0.0,-1.0671794635498724,0;0;-1.06717946355;0;0;0;0;0.0726825261679;0;0;0;0,53218.453055664024,0.005,919,3e-06,1.2584619119196776,,0.00045404698644187306,0.38999129999996285,ok,same_stridge_core,Hx;H*Hxx,0.030000000000000002,0.9391511935856935
0.7442723585961003,1.3007262974613025,0.0,-1.0530131980689714,0;0;-1.05301319807;0;0;0;0;0.0747510006528;0;0;0;0,53215.64338304124,0.005,920,3e-06,1.248057489309738,,0.00044228510559921963,0.14819879999998875,ok,same_stridge_core,Hx;H*Hxx,0.02,0.9287636290114906
0.7449177139456356,1.2987665681240996,0.18739070230931248,-1.2233035162129282,0;0;-1.22330351621;0.187390702309;-1.79195614543;0;0;0;0.119309693086;0;0;0,53218.525053401885,0.005,921,3e-06,1.7214224588656513,,0.000601739578512738,0.3810634000000164,ok,same_stridge_core,Hx;D_x^1.298767 H;Hxxx;H*Hxxx,0.01993696413205128,1.0828001582248288
0.7445755664113438,1.3010358469355388,0.0,-1.052180707262135,0;0;-1.05218070726;0;0;0;0;0.0748718684649;0;0;0;0,53215.187773323945,0.005,922,3e-06,1.2477160568519379,,0.00044185291541299596,0.38539320000001,ok,same_stridge_core,Hx;H*Hxx,0.02,0.9284249302119941
0.7453876359373639,1.305198475150473,0.1899172286752083,-1.2206051288198176,0;0;-1.22060512882;0.189917228675;-1.78362500259;0;0;0;0.121125797852;0;0;0,53209.056169379255,0.005,923,3e-06,1.717146898423902,,0.0005974128947685876,0.38409129999996594,ok,same_stridge_core,Hx;D_x^1.305198 H;Hxxx;H*Hxxx,0.03998295454545454,1.078638224391351
0.7446976243560433,1.31844623926977,0.0,-1.0573893338889833,0;0;-1.05738933389;0;-0.121494806693;0;0;0.0737002413244;0;0;0;0,53189.466480292074,0.005,924,3e-06,1.403694998385034,,0.0004383658996683942,0.39977079999999887,ok,same_stridge_core,Hx;Hxxx;H*Hxx,0.02,0.9249898000624052
0.74485670865555,1.3719495175424827,0.0,-1.056983534474758,0;0;-1.05698353447;0;-0.122167533498;0;0;0.0737568126796;0;0;0;0,53110.07022938051,0.005,925,3e-06,1.4027690881562926,,0.0004381197080423585,0.4084407000000283,ok,same_stridge_core,Hx;Hxxx;H*Hxx,0.02,0.924778456091868
0.745425656982731,1.3161707149777155,0.1935935926819753,-1.217263732772286,0;0;-1.21726373277;0.193593592682;-1.74058697228;0;0;0;0.120523228977;0;0;0,53192.838450928204,0.005,926,3e-06,1.7042385827459579,,0.0005837378619111484,0.39968790000000354,ok,same_stridge_core,Hx;D_x^1.316171 H;Hxxx;H*Hxxx,0.024524138282332537,1.0659245213348194
0.7455425212887963,1.3512013309071884,0.0,-1.0552355318994702,0;0;-1.0552355319;0;-0.125065750298;0;0;0.0740002487533;0;0;0;0,53140.78470071294,0.005,927,3e-06,1.4022250737709152,,0.000437145893679081,0.408102700000029,ok,same_stridge_core,Hx;Hxxx;H*Hxx,0.02,0.9239580114644987
0.7438339663372497,1.2169908541326406,0.0,-1.0542176831947814,0;0;-1.05421768319;0;0;0;0;0.0745759854071;0;0;0;0,53334.96953648521,0.005,928,3e-06,1.2493163361576236,,0.0004429607540004408,0.4014449000000013,ok,same_stridge_core,Hx;H*Hxx,0.02,0.9293065189387123
0.7443308756439614,1.2024006121901594,0.03969708078173108,-1.0600510118743092,0.0194790689286;0;-1.06005101187;0.0396970807817;0.336217394001;0;0;0.0792223783812;0;0;0;0,53354.77428312266,0.005,929,3e-06,1.624202024698351,,0.0003532835943784084,0.2866700000000151,ok,same_stridge_core,1;Hx;D_x^1.202401 H;Hxxx;H*Hxx,0.015,0.8238804104515112
0.7448289013752019,1.298600307640553,0.0,-1.0570544595099054,0;0;-1.05705445951;0;-0.122049972987;0;0;0.073746925479;0;0;0;0,53218.7692487148,0.005,930,3e-06,1.4037837638164332,,0.0004381621424081375,0.39416909999999916,ok,same_stridge_core,Hx;Hxxx;H*Hxx,0.01690476190476191,0.924814840578
0.7454951945960031,1.3034419441514278,0.18942630886261644,-1.2209442691577228,0;0;-1.22094426916;0.189426308863;-1.79453236512;0;0;0;0.12170868336;0;0;0,53211.645078664056,0.005,931,3e-06,1.7201842223619397,,0.0006007141739565921,0.14997310000001107,ok,same_stridge_core,Hx;D_x^1.303442 H;Hxxx;H*Hxxx,0.0346270053475936,1.0816444814179709
0.7443141336391244,1.3097713848789792,0.0,-1.052898470550769,0;0;-1.05289847055;0;0;0;0;0.0747676626112;0;0;0;0,53202.30617999826,0.005,932,3e-06,1.2479289077670002,,0.0004422238146215256,0.4391351999999529,ok,same_stridge_core,Hx;H*Hxx,0.02,0.9287150706870106
0.7446740438866708,1.2902674301502206,0.0,-1.0519104296077553,0;0;-1.05191042961;0;0;0;0;0.074911091628;0;0;0;0,53230.98537249439,0.005,933,3e-06,1.247707621820616,,0.00044171867383202784,0.3111167000000137,ok,same_stridge_core,Hx;H*Hxx,0.02,0.9283217095856497
0.7433849026597943,1.2006130318760393,0.0,-1.0554525149387122,0;0;-1.05545251494;0;0;0;0;0.0743963990571;0;0;0;0,53357.17780668048,0.005,934,3e-06,1.2500719348991924,,0.00044371549349097884,0.39433840000003784,ok,same_stridge_core,Hx;H*Hxx,0.02,0.9299288680591095
0.7464908979926637,1.4039380252445315,0.06167246043475676,-1.0892119530676956,0;0;-1.08921195307;0.0616724604348;-0.288524075002;0;0;0.0541065915457;0;0;0;0,53063.70786833568,0.005,935,3e-06,1.544961344999333,,0.00042061103892778416,0.37671380000000454,ok,same_stridge_core,Hx;D_x^1.403938 H;Hxxx;H*Hxx,0.02,0.9081968505793047
0.7449499868393563,1.3398300847590756,0.0,-1.0567456474740093,0;0;-1.05674564747;0;-0.122561777933;0;0;0.0737899626769;0;0;0;0,53157.69385516911,0.005,936,3e-06,1.4030775850721204,,0.00043797900813128337,0.40481369999997696,ok,same_stridge_core,Hx;Hxxx;H*Hxx,0.02,0.9246583403755985
0.7453508754695608,1.3172222082045189,0.19387671574375398,-1.2170755536520659,0;0;-1.21707555365;0.193876715744;-1.73354394998;0;0;0;0.12008969664;0;0;0,53191.28062075683,0.005,937,3e-06,1.702442745946668,,0.0005818094035770649,0.4062170999999921,ok,same_stridge_core,Hx;D_x^1.317222 H;Hxxx;H*Hxxx,0.01944123654876722,1.0641473784975861
0.7439684908698532,1.239667799460587,0.0,-1.0538479702361847,0;0;-1.05384797024;0;0;0;0;0.074629723319;0;0;0;0,53303.550841750344,0.005,938,3e-06,1.2489544533596342,,0.00044274701192549245,0.278018300000042,ok,same_stridge_core,Hx;H*Hxx,0.02,0.9291331483091321
0.7453729294578872,1.3109231636972154,0.19180398961605813,-1.2189248011343619,0;0;-1.21892480113;0.191803989616;-1.76006719601;0;0;0;0.120692146775;0;0;0,53200.60384562601,0.005,939,3e-06,1.7100585816018645,,0.0005898660800006368,0.39184810000000425,ok,same_stridge_core,Hx;D_x^1.310923 H;Hxxx;H*Hxxx,0.030000000000000002,1.0716513354543524
0.7438471010599963,1.306030723533581,0.0,-1.0541815816669826,0;0;-1.05418158167;0;0;0;0;0.0745812334672;0;0;0;0,53207.82886737806,0.005,940,3e-06,1.248536291079179,,0.00044293963039634694,0.29254510000004075,ok,same_stridge_core,Hx;H*Hxx,0.02,0.9292893178749108
0.744884341989844,1.3027906590736669,0.0,-1.0513334147203048,0;0;-1.05133341472;0;0;0;0;0.0749948055531;0;0;0;0,53212.6044690862,0.005,941,3e-06,1.2473869691498085,,0.0004414421008466237,0.41473509999997304,ok,same_stridge_core,Hx;H*Hxx,0.019700791238218145,0.9281113423352914
0.7445526289709175,1.3096224406128085,0.0,-1.0577593123453894,0;0;-1.05775931235;0;-0.120881771934;0;0;0.0736486444279;0;0;0;0,53202.52615653159,0.005,942,3e-06,1.4040119889075924,,0.0004385968650753146,0.2951327999999762,ok,same_stridge_core,Hx;Hxxx;H*Hxx,0.02,0.925189253498808
0.7449136856921555,1.3001912677242458,0.18785754080790415,-1.222890229773769,0;0;-1.22289022977;0.187857540808;-1.78621126616;0;0;0;0.119229919038;0;0;0,53216.43037480243,0.005,943,3e-06,1.719602077426947,,0.0005997904835069474,0.4079462999999919,ok,same_stridge_core,Hx;D_x^1.300191 H;Hxxx;H*Hxxx,0.03181205625650067,1.0810049129293178
0.7445813503138028,1.3564922597116436,0.0,-1.0576860183955885,0;0;-1.0576860184;0;-0.121003166436;0;0;0.0736588684792;0;0;0;0,53132.92846717757,0.005,944,3e-06,1.4033456670641729,,0.0004385506554658758,0.4053854000000001,ok,same_stridge_core,Hx;Hxxx;H*Hxx,0.02,0.9251493108595747
0.744341145863176,1.3024017498546403,0.0,-1.0528242953167752,0;0;-1.05282429532;0;0;0;0;0.0747784332947;0;0;0;0,53213.17719479323,0.005,945,3e-06,1.2479632656275668,,0.0004421845091357957,0.13409139999998843,ok,same_stridge_core,Hx;H*Hxx,0.02,0.9286842024588075
0.7446677844088816,1.2956070664803367,0.0,-1.051927608814546,0;0;-1.05192760881;0;0;0;0;0.0749085990095;0;0;0;0,53223.16433561144,0.005,946,3e-06,1.247667185413404,,0.00044172713835004447,0.3779504999999972,ok,same_stridge_core,Hx;H*Hxx,0.02,0.9283281993997355
0.7446249623000448,1.2549113503568445,0.050353223809285,-1.062587621828635,0.0196077519012;0;-1.06258762183;0.0503532238093;0.339429927298;0;0;0.0762782537878;0;0;0;0,53282.02165504412,0.005,947,3e-06,1.6184695519000791,,0.0003498386545513777,0.27729540000001407,ok,same_stridge_core,1;Hx;D_x^1.254911 H;Hxxx;H*Hxx,0.015,0.8192392270744172
0.7448684936831127,1.285408299830894,0.18294662901785452,-1.227291281166669,0;0;-1.22729128117;0.182946629018;-1.8415111777;0;0;0;0.119398173546;0;0;0,53238.0797058743,0.005,948,3e-06,1.7383550877594705,,0.0006199786010456491,0.37466840000001866,ok,same_stridge_core,Hx;D_x^1.285408 H;Hxxx;H*Hxxx,0.03432799324858149,1.0994981312889789
0.7447750591041447,1.3052354506315913,0.0,-1.051633235551899,0;0;-1.05163323555;0;0;0;0;0.0749513120587;0;0;0;0,53209.0016887494,0.005,949,3e-06,1.2474728890137399,,0.00044158413811088185,0.38190379999997504,ok,same_stridge_core,Hx;H*Hxx,0.02,0.9282188788812434
0.7429696044183711,1.2006073537005189,0.0,-1.0565954136638944,0;0;-1.05659541366;0;0;0;0;0.074230031718;0;0;0;0,53357.185498752195,0.005,950,3e-06,1.2507071479995857,,0.00044447003517538065,0.37541859999998906,ok,same_stridge_core,Hx;H*Hxx,0.02,0.9305640350070726
0.7451228679563848,1.299894847491978,0.18793605109026526,-1.2226239125419989,0;0;-1.22262391254;0.18793605109;-1.79500035694;0;0;0;0.120190469218;0;0;0,53216.86622350052,0.005,951,3e-06,1.7216477160269585,,0.0006020881023528657,0.37485920000000306,ok,same_stridge_core,Hx;D_x^1.299895 H;Hxxx;H*Hxxx,0.024447836487854837,1.0830453213449525
0.7448418756576228,1.2885666969750993,0.0,-1.0570213618045097,0;0;-1.0570213618;0;-0.122104762128;0;0;0.0737515399884;0;0;0;0,53233.470952545984,0.005,952,3e-06,1.4038989898191905,,0.0004381423210794264,0.4091083999999796,ok,same_stridge_core,Hx;Hxxx;H*Hxx,0.016127295362589493,0.9247977512462766
0.7444908515676211,1.2965569123983989,0.0,-1.0524132546979899,0;0;-1.0524132547;0;0;0;0;0.0748381120025;0;0;0;0,53221.77039364147,0.005,953,3e-06,1.2478472048663154,,0.0004419707182272334,0.4183272999999872,ok,same_stridge_core,Hx;H*Hxx,0.02,0.9285165825044666
0.7447184376560997,1.2334829078922145,0.045252819417298695,-1.0604030557625324,0.019621510228;0;-1.06040305576;0.0452528194173;0.341926441058;0;0;0.0778759206038;0;0;0;0,53312.19437978201,0.005,954,3e-06,1.6204158543214537,,0.0003508663701142114,0.3875198999999725,ok,same_stridge_core,1;Hx;D_x^1.233483 H;Hxxx;H*Hxx,0.015,0.8207329386247235
0.7451660044811652,1.2970614222823031,0.18703541418374758,-1.2233860971784507,0;0;-1.22338609718;0.187035414184;-1.80767131608;0;0;0;0.120497605992;0;0;0,53221.02984263318,0.005,955,3e-06,1.7255873299778484,,0.0006063378415915766,0.375104800000031,ok,same_stridge_core,Hx;D_x^1.297061 H;Hxxx;H*Hxxx,0.03506239047807674,1.0869349718662502
0.7449283297357626,1.294304868507649,0.04533997064920399,-0.9698150833973455,0.0924825582234;-0.0140720502631;-0.969815083397;0.0453399706492;3.28685573831;0;-0.0119614358033;-0.0307908534231;-0.781041658525;0;0.0102808186296;0.061080134607,53225.07393485744,0.005,956,3e-06,2.3734896940528083,,0.0003124092725159691,0.12773709999999028,ok,same_stridge_core,1;H;Hx;D_x^1.294305 H;Hxxx;H*Hx;H*Hxx;H*Hxxx;H^2*Hxx;H^2*Hxxx,0.005,0.7767374760070853
0.7448108117901355,1.2962576778415176,0.0,-1.0571005991441629,0;0;-1.05710059914;0;-0.121973496795;0;0;0.0737404947367;0;0;0;0,53222.209623703784,0.005,957,3e-06,1.403838416141434,,0.00043818989584333784,0.39555469999999104,ok,same_stridge_core,Hx;Hxxx;H*Hxx,0.017321428571428554,0.9248385295280998
0.743977983142383,1.2549716491230538,0.0,-1.053821886218331,0;0;-1.05382188622;0;0;0;0;0.0746335145392;0;0;0;0,53281.935920783355,0.005,958,3e-06,1.2488128647214523,,0.00044273219935729867,0.4306063000000222,ok,same_stridge_core,Hx;H*Hxx,0.02,0.929121249196752
0.7450353298196213,1.3115952201837522,0.1917319284526903,-1.2192982418725196,0;0;-1.21929824187;0.191731928453;-1.74504393613;0;0;0;0.119100634149;0;0;0,53199.610175710484,0.005,959,3e-06,1.7066511724063913,,0.0005860927813694544,0.4028536999999801,ok,same_stridge_core,Hx;D_x^1.311595 H;Hxxx;H*Hxxx,0.035,1.0682558502978656
0.7453574026461127,1.3392384433812399,0.0,-1.0557071359378616,0;0;-1.05570713594;0;-0.124283721055;0;0;0.0739346068499;0;0;0;0,53158.573984567985,0.005,960,3e-06,1.4025921863934503,,0.0004373948764667876,0.38514390000000276,ok,same_stridge_core,Hx;Hxxx;H*Hxx,0.02,0.9241650205323384
0.744884341989844,1.2970539438065267,0.18679766734095476,-1.2238640061333272,0;0;-1.22386400613;0.186797667341;-1.79743912599;0;0;0;0.119225622859;0;0;0,53221.0408004903,0.005,961,3e-06,1.7233186234424178,,0.0006037536824095857,0.2640341000000035,ok,same_stridge_core,Hx;D_x^1.297054 H;Hxxx;H*Hxxx,0.02,1.0846661338365342
0.744922352503649,1.293162727946119,0.18554586480787666,-1.2249415529775822,0;0;-1.22494155298;0.185545864808;-1.81392117651;0;0;0;0.119519521322;0;0;0,53226.74769236611,0.005,962,3e-06,1.7286098124956057,,0.0006094610743318042,0.3791181000000279,ok,same_stridge_core,Hx;D_x^1.293163 H;Hxxx;H*Hxxx,0.030468966307061543,1.0898888401872124
0.7462094126243494,1.307498749457571,0.19138775185762363,-1.2185267928745842,0;0;-1.21852679287;0.191387751858;-1.80427903109;0;0;0;0.124722095046;0;0;0,53205.66252867521,0.005,963,3e-06,1.7208434382417805,,0.0006017882044606581,0.12950879999999643,ok,same_stridge_core,Hx;D_x^1.307499 H;Hxxx;H*Hxxx,0.0244073683818143,1.082375487897678
0.7447941724322349,1.3167652909620338,0.0,-1.0571430403282362,0;0;-1.05714304033;0;-0.121903141229;0;0;0.0737345780322;0;0;0;0,53191.95769235328,0.005,964,3e-06,1.4035880231760114,,0.00043821549246517795,0.37845149999998284,ok,same_stridge_core,Hx;Hxxx;H*Hxx,0.02,0.9248604039448318
0.7445896953707871,1.2170793104733069,0.04207462906729594,-1.059808020937826,0.0195690652391;0;-1.05980802094;0.0420746290673;0.340307285968;0;0;0.078722092342;0;0;0;0,53334.848526036396,0.005,965,3e-06,1.6222688115830635,,0.00035200375818795587,0.3913881999999944,ok,same_stridge_core,1;Hx;D_x^1.217079 H;Hxxx;H*Hxx,0.015,0.8222460836925174
0.7448458438781759,1.2968612173932048,0.0,-1.0514390272174063,0;0;-1.05143902722;0;0;0;0;0.0749794845149;0;0;0;0,53221.3237225291,0.005,966,3e-06,1.2474765944094846,,0.00044149175004143854,0.28917819999998073,ok,same_stridge_core,Hx;H*Hxx,0.019771929824561427,0.92814865207431
0.7454028449304453,1.1965140326028032,0.032799316268412836,-1.0482806346707212,0.0204036584625;0;-1.04828063467;0.0327993162684;0.635818214859;0;0;0.082629824359;-0.0406275687141;0;0;0,53362.67025042802,0.005,967,3e-06,1.7820046609657991,,0.0003497704710766965,0.15331109999999626,ok,same_stridge_core,1;Hx;D_x^1.196514 H;Hxxx;H*Hxx;H*Hxxx,0.01,0.8214765964580947
0.744974959682069,1.3140952122725018,0.060177706386171814,-1.0600682959097625,0.0201124514382;0;-1.06006829591;0.0601777063862;0.556889136743;0;0;0.0741573480779;-0.0304943000324;0;0;0,53195.91171619817,0.005,968,3e-06,1.771796869348677,,0.00034524379900619634,0.380887199999961,ok,same_stridge_core,1;Hx;D_x^1.314095 H;Hxxx;H*Hxx;H*Hxxx,0.01,0.8142704584571099
0.7448898981376699,1.3133461639810873,0.0,-1.0568988858847352,0;0;-1.05689888588;0;-0.122307766777;0;0;0.0737686089212;0;0;0;0,53197.020174989426,0.005,969,3e-06,1.4035085117476929,,0.00043806932787895323,0.37407860000001847,ok,same_stridge_core,Hx;Hxxx;H*Hxx,0.02,0.924735330172788
0.7457997078457888,1.3400808316361912,0.20192117274578644,-1.209375810465582,0;0;-1.20937581047;0.201921172746;-1.65341413079;0;0;0;0.119536885703;0;0;0,53157.32083581001,0.005,970,3e-06,1.680496438728606,,0.0005591361200846888,0.37711509999996906,ok,same_stridge_core,Hx;D_x^1.340081 H;Hxxx;H*Hxxx,0.0195450285095022,1.0426085886988858
0.7451789886089009,1.388502007674027,0.06149227677785716,-1.094580031720163,0;0;-1.09458003172;0.0614922767779;-0.298550480545;0;0;0.0532645657969;0;0;0;0,53085.864509639614,0.005,971,3e-06,1.5450459470244642,,0.0004205672563261168,0.38163070000001653,ok,same_stridge_core,Hx;D_x^1.388502 H;Hxxx;H*Hxx,0.02,0.9080155729087888
0.7449138095298588,1.307587222405156,0.0,-1.0568379079819132,0;0;-1.05683790798;0;-0.122408938634;0;0;0.0737771078068;0;0;0;0,53205.531941621055,0.005,972,3e-06,1.403554328249955,,0.00043803323995641113,0.13591630000001942,ok,same_stridge_core,Hx;Hxxx;H*Hxx,0.02,0.9247045407753653
0.7452781742109489,1.3021946379288036,0.18882840320263367,-1.221681315662061,0;0;-1.22168131566;0.188828403203;-1.79158058975;0;0;0;0.120787609826;0;0;0,53213.482154215555,0.005,973,3e-06,1.720007354017529,,0.0006004128848831888,0.35933400000004667,ok,same_stridge_core,Hx;D_x^1.302195 H;Hxxx;H*Hxxx,0.0244073683818143,1.0814455681669422
0.7455493267393852,1.3502295049551594,0.0,-1.055218199546066,0;0;-1.05521819955;0;-0.125094564357;0;0;0.0740026606558;0;0;0;0,53142.228937451146,0.005,974,3e-06,1.4022307019112723,,0.0004371369891178542,0.3815056000000254,ok,same_stridge_core,Hx;Hxxx;H*Hxx,0.02,0.9239506414742119
0.7451255494301312,1.3024017498546403,0.1887673834324355,-1.2218784041346467,0;0;-1.22187840413;0.188767383432;-1.78520200807;0;0;0;0.120085225836;0;0;0,53213.17719479323,0.005,975,3e-06,1.7185321990313294,,0.0005987575004021961,0.12932499999999436,ok,same_stridge_core,Hx;D_x^1.302402 H;Hxxx;H*Hxxx,0.02,1.0799740726938105
0.7446647513598456,1.2884830876050088,0.0,-1.0519359333913731,0;0;-1.05193593339;0;0;0;0;0.0749073910146;0;0;0;0,53233.59314266485,0.005,976,3e-06,1.247732861401585,,0.000441731220909953,0.3878328000000124,ok,same_stridge_core,Hx;H*Hxx,0.02,0.9283313025455959
0.7446613268625661,1.320870476990768,0.0,-1.0574819418584964,0;0;-1.05748194186;0;-0.12134130455;0;0;0.0736873293969;0;0;0;0,53185.871462147596,0.005,977,3e-06,1.4037120495593263,,0.00043842314657536975,0.3830907000000252,ok,same_stridge_core,Hx;Hxxx;H*Hxx,0.02,0.9250392063999979
0.7451015387147188,1.307709423699278,0.05810796977663186,-1.0589623126232046,0.0201694685431;0;-1.05896231262;0.0581079697766;0.560509649376;0;0;0.0748485164929;-0.0307555513861;0;0;0,53205.35153323956,0.005,978,3e-06,1.7721628726464116,,0.0003453031769132194,0.3813504999999964,ok,same_stridge_core,1;Hx;D_x^1.307709 H;Hxxx;H*Hxx;H*Hxxx,0.01,0.8144665450480995
0.7448108831376717,1.2748972068226914,0.17944255228403555,-1.230412436191268,0;0;-1.23041243619;0.179442552284;-1.87827993567;0;0;0;0.119038079673;0;0;0,53253.34448455698,0.005,979,3e-06,1.7522204645619468,,0.0006351120186181539,0.38631140000001096,ok,same_stridge_core,Hx;D_x^1.274897 H;Hxxx;H*Hxxx,0.02991972888467597,1.113180330747263
0.7449544188024539,1.3081993585627085,0.0,-1.056734344848434,0;0;-1.05673434485;0;-0.12258056043;0;0;0.0737915382868;0;0;0;0,53204.62822771448,0.005,980,3e-06,1.403494405380505,,0.00043797235811552694,0.39779729999997926,ok,same_stridge_core,Hx;Hxxx;H*Hxx,0.02,0.9246527513310746
0.7443486936023975,1.300958254091822,0.0,-1.052803566585123,0;0;-1.05280356659;0;0;0;0;0.0747814421377;0;0;0;0,53215.301935683805,0.005,981,3e-06,1.2479673147437325,,0.0004421735759994547,0.36539830000003803,ok,same_stridge_core,Hx;H*Hxx,0.02,0.9286755031296295
0.7447531213358757,1.2689914116279197,0.0,-1.0572477537778453,0;0;-1.05724775378;0;-0.121729507129;0;0;0.0737199804992;0;0;0;0,53261.86825447891,0.005,982,3e-06,1.4042720265631299,,0.0004382790829201974,0.38338229999999385,ok,same_stridge_core,Hx;Hxxx;H*Hxx,0.015952357736671464,0.9249152122728197
0.7439689761338992,1.2655004865111428,0.0,-1.053846637479574,0;0;-1.05384663748;0;0;0;0;0.0746299174607;0;0;0;0,53266.88766673525,0.005,983,3e-06,1.248733850264786,,0.00044274625621292305,0.380951800000048,ok,same_stridge_core,Hx;H*Hxx,0.02,0.9291325242643745
0.7453043557884707,1.3423954961119293,0.0,-1.055842307389793,0;0;-1.05584230739;0;-0.124059532494;0;0;0.0739157886311;0;0;0;0,53153.877618721504,0.005,984,3e-06,1.4026110672640997,,0.0004374680731452668,0.3759420000000091,ok,same_stridge_core,Hx;Hxxx;H*Hxx,0.02,0.9242261686956061
0.7440879898718646,1.306011872551212,0.0,-1.0535196339635438,0;0;-1.05351963396;0;0;0;0;0.0746774335023;0;0;0;0,53207.85649086218,0.005,985,3e-06,1.2482313032308625,,0.0004425618803419766,0.3785206999999673,ok,same_stridge_core,Hx;H*Hxx,0.02,0.9289841642856894
0.7442836199710388,1.3022699168822465,0.0,-1.0529822683915004,0;0;-1.05298226839;0;0;0;0;0.0747554923539;0;0;0;0,53213.37136888331,0.005,986,3e-06,1.248030706826142,,0.0004422685674402487,0.2678353999999672,ok,same_stridge_core,Hx;H*Hxx,0.02,0.9287504786128422
0.7446284709721372,1.3154717189867047,0.0,-1.05756577793535,0;0;-1.05756577794;0;-0.121202403053;0;0;0.073675638021;0;0;0;0,53193.87368949148,0.005,987,3e-06,1.403829063123593,,0.00043847531392960287,0.3650664000000461,ok,same_stridge_core,Hx;Hxxx;H*Hxx,0.02,0.9250841999181696
0.7446080875525725,1.3007883304048948,0.0,-1.05209144567049,0;0;-1.05209144567;0;0;0;0;0.0748848234189;0;0;0;0,53215.55194537399,0.005,988,3e-06,1.2476838453651635,,0.00044180824950691396,0.12960120000002462,ok,same_stridge_core,Hx;H*Hxx,0.02,0.9283905336929195
0.7455273308676633,1.258968567697524,0.04495494393981053,-1.052920107578629,0.020400267846;0;-1.05292010758;0.0449549439398;0.591433622285;0;0;0.0790179695203;-0.0342838502049;0;0;0,53276.239755433206,0.005,989,3e-06,1.7760388887591705,,0.00034677339862918157,0.3634358000000475,ok,same_stridge_core,1;Hx;D_x^1.258969 H;Hxxx;H*Hxx;H*Hxxx,0.01642857142857142,0.8170665731613728
0.7452043862921276,1.323921877627764,0.0,-1.056097078931373,0;0;-1.05609707893;0;-0.123636965617;0;0;0.0738803140287;0;0;0;0,53181.34299834916,0.005,990,3e-06,1.402976284341208,,0.0004376083801264706,0.3828014000000053,ok,same_stridge_core,Hx;Hxxx;H*Hxx,0.019527957594521087,0.9243441973560655
0.7452296032910268,1.3039612608191926,0.18937212822524388,-1.2212401500609276,0;0;-1.22124015006;0.189372128225;-1.78280114684;0;0;0;0.120476359095;0;0;0,53210.87998603643,0.005,991,3e-06,1.7174235796721975,,0.0005976274196156226,0.40433369999999513,ok,same_stridge_core,Hx;D_x^1.303961 H;Hxxx;H*Hxxx,0.026497461602724755,1.0788930198397602
0.7444236827686608,1.2878228913164038,0.0,-1.0525976602556353,0;0;-1.05259766026;0;0;0;0;0.0748113406714;0;0;0;0,53234.55717841991,0.005,992,3e-06,1.2479980398014052,,0.0004420657484186796,0.40896709999998393,ok,same_stridge_core,Hx;H*Hxx,0.02,0.9285906967308857
0.7453162900903939,1.2978990099141612,0.18743811888522896,-1.2228856200391947,0;0;-1.22288562004;0.187438118885;-1.80987062027;0;0;0;0.121145539474;0;0;0,53219.79963575713,0.005,993,3e-06,1.72573835472464,,0.0006065796117771188,0.41294260000000804,ok,same_stridge_core,Hx;D_x^1.297899 H;Hxxx;H*Hxxx,0.02440928277343825,1.0871007590955546
0.7448932529221061,1.2880913096809765,0.18385038973968237,-1.2264705567436456,0;0;-1.22647055674;0.18385038974;-1.83227014333;0;0;0;0.119486078637;0;0;0,53234.16522325579,0.005,994,3e-06,1.7349969600415265,,0.0006163475185458724,0.39407660000000533,ok,same_stridge_core,Hx;D_x^1.288091 H;Hxxx;H*Hxxx,0.02440736555555138,1.0961869773624568
0.7444345510291542,1.3560401614383353,0.0,-1.0580606792676253,0;0;-1.05806067927;0;-0.120382322272;0;0;0.0736066033802;0;0;0;0,53133.59925516451,0.005,995,3e-06,1.4035592089696731,,0.00043878972416862614,0.3997830999999792,ok,same_stridge_core,Hx;Hxxx;H*Hxx,0.02,0.9253568156731925
0.744703859852452,1.2968612173932048,0.0,-1.051828603051565,0;0;-1.05182860305;0;0;0;0;0.0749229654377;0;0;0;0,53221.3237225291,0.005,996,3e-06,1.2476188307375238,,0.00044167868147643375,0.13746199999997089,ok,same_stridge_core,Hx;H*Hxx,0.02,0.9282908884023491
0.7451357442133965,1.3045965267012731,0.1895022340493764,-1.221210796600759,0;0;-1.2212107966;0.189502234049;-1.77685315457;0;0;0;0.120015118638;0;0;0,53209.94364776221,0.005,997,3e-06,1.7158966902315442,,0.0005959512315554029,0.371301399999993,ok,same_stridge_core,Hx;D_x^1.304597 H;Hxxx;H*Hxxx,0.024587723888475767,1.0773773664583979
0.7439684908698532,1.292347237461591,0.0,-1.0538479702361825,0;0;-1.05384797024;0;0;0;0;0.074629723319;0;0;0;0,53227.94211302926,0.005,998,3e-06,1.2485008009873078,,0.00044274701192549256,0.2608832000000234,ok,same_stridge_core,Hx;H*Hxx,0.02,0.9291331483091322
0.7453758635910855,1.25359648392941,0.04409421990912501,-1.053276790295452,0.0203733066459;0;-1.0532767903;0.0440942199091;0.593590865414;0;0;0.0791401793672;-0.0350185836046;0;0;0,53283.89103804027,0.005,999,3e-06,1.776791869809974,,0.0003472315139746343,0.12949449999996432,ok,same_stridge_core,1;Hx;D_x^1.253596 H;Hxxx;H*Hxx;H*Hxxx,0.01668831168831168,0.8176818311252493
0.7451042280564386,1.306030723533581,0.1899498301507349,-1.2208384875154388,0;0;-1.22083848752;0.189949830151;-1.76997836786;0;0;0;0.119788799313;0;0;0,53207.82886737806,0.005,1000,3e-06,1.7138893852952415,,0.0005937984248955415,0.12352789999999914,ok,same_stridge_core,Hx;D_x^1.306031 H;Hxxx;H*Hxxx,0.034326771376771384,1.0753954388867049
0.7448730432850658,1.2851009372755147,0.18284907175581216,-1.2273727141779354,0;0;-1.22737271418;0.182849071756;-1.84283307839;0;0;0;0.119419868143;0;0;0,53238.527784490376,0.005,1001,3e-06,1.7388043150590875,,0.0006204695125774022,0.2647854999999595,ok,same_stridge_core,Hx;D_x^1.285101 H;Hxxx;H*Hxxx,0.02,1.099941981645203
0.7448603151494227,1.2933113124312332,0.18554363943648378,-1.2250026535351415,0;0;-1.22500265354;0.185543639436;-1.81108702781;0;0;0;0.119236122227;0;0;0,53226.52998283844,0.005,1002,3e-06,1.7279109593147721,,0.0006086751796597485,0.36659399999996367,ok,same_stridge_core,Hx;D_x^1.293311 H;Hxxx;H*Hxxx,0.02,1.089192599520711
0.7450393133973007,1.3501576805795268,0.0,-1.0565178820212924,0;0;-1.05651788202;0;-0.122939423659;0;0;0.073821699393;0;0;0;0,53142.33562800795,0.005,1003,3e-06,1.4028267212006127,,0.00043784662688535746,0.1410120000000461,ok,same_stridge_core,Hx;Hxxx;H*Hxx,0.02,0.9245457005485411
0.7453041460437624,1.2999186180073699,0.05551229828996173,-1.057332395430336,0.020247173884;0;-1.05733239543;0.05551229829;0.56575876711;0;0;0.0757621670426;-0.031040331755;0;0;0,53216.831326414125,0.005,1004,3e-06,1.772546726195907,,0.0003453208161721735,0.3723837000000003,ok,same_stridge_core,1;Hx;D_x^1.299919 H;Hxxx;H*Hxx;H*Hxxx,0.01,0.8146437623204527
0.7447109176068751,1.2997911501033381,0.0,-1.051809238248124,0;0;-1.05180923825;0;0;0;0;0.0749257752667;0;0;0;0,53217.01875464386,0.005,1005,3e-06,1.247585822670777,,0.00044166922630608417,0.38034570000002077,ok,same_stridge_core,Hx;H*Hxx,0.02,0.9282837101429138
0.7444236827686608,1.2878228913164038,0.0,-1.0525976602556322,0;0;-1.05259766026;0;0;0;0;0.0748113406714;0;0;0;0,53234.55717841991,0.005,1006,3e-06,1.2479980398014057,,0.0004420657484186796,0.027697999999986678,ok,same_stridge_core,Hx;H*Hxx,0.02,0.9285906967308862
0.7446249623000448,1.3024500853580532,0.0,-1.0520451324992686,0;0;-1.0520451325;0;0;0;0;0.0748915447858;0;0;0;0,53213.10608968244,0.005,1007,3e-06,1.2476514082843602,,0.00044178524670322527,0.2558169999999791,ok,same_stridge_core,Hx;H*Hxx,0.02,0.9283727717462654
0.7440556554936759,1.2873148034860689,0.0,-1.0536084659342149,0;0;-1.05360846593;0;0;0;0;0.0746645285694;0;0;0;0,53235.29889883831,0.005,1008,3e-06,1.2484357726854567,,0.0004426115670658881,0.2629430999999727,ok,same_stridge_core,Hx;H*Hxx,0.02,0.9290239792924269
0.7451944296855888,1.3052354506315913,0.1897639820783591,-1.2209216865929278,0;0;-1.22092168659;0.189763982078;-1.77644247034;0;0;0;0.120245692977;0;0;0,53209.0016887494,0.005,1009,3e-06,1.715573745983138,,0.0005956371310120587,0.1465605999999866,ok,same_stridge_core,Hx;D_x^1.305235 H;Hxxx;H*Hxxx,0.02,1.077065725718145
0.7442808880701455,1.2974205892503965,0.0,-1.0529897695756785,0;0;-1.05298976958;0;0;0;0;0.074754403019;0;0;0;0,53220.5023589511,0.005,1010,3e-06,1.248076597930449,,0.0004422725422551367,0.2832912999999735,ok,same_stridge_core,Hx;H*Hxx,0.02,0.9287535837767423
0.7450804902913135,1.2464322526095433,0.04317518725339002,-1.054243179987201,0.0203149097279;0;-1.05424317999;0.0431751872534;0.595681525118;0;0;0.0791549431965;-0.0361487132737;0;0;0,53294.03586959036,0.005,1011,3e-06,1.7779572457149677,,0.00034798566507222866,0.38021040000000994,ok,same_stridge_core,1;Hx;D_x^1.246432 H;Hxxx;H*Hxx;H*Hxxx,0.015363636363636359,0.8186646000623411
0.7445755664113438,1.2458346635952888,0.04835092216860001,-1.0621614597131428,0.0195936938691;0;-1.06216145971;0.0483509221686;0.338628182823;0;0;0.0768235067893;0;0;0;0,53294.879027170005,0.005,1012,3e-06,1.6194540091566942,,0.00035041614886143803,0.2790719999999851,ok,same_stridge_core,1;Hx;D_x^1.245835 H;Hxxx;H*Hxx,0.015,0.8200308237491442
0.7443460723042217,1.3394757467354417,0.0,-1.0582865496199414,0;0;-1.05828654962;0;-0.120008171669;0;0;0.0735750873442;0;0;0;0,53158.22090651079,0.005,1013,3e-06,1.4039093243824876,,0.00043893705511010965,0.35915710000000445,ok,same_stridge_core,Hx;Hxxx;H*Hxx,0.02,0.9254853362238906
0.7448426113492921,1.3064971521873763,0.0,-1.0514478963801377,0;0;-1.05144789638;0;0;0;0;0.0749781987644;0;0;0;0,53207.140666984,0.005,1014,3e-06,1.2473947454793641,,0.0004414959062270669,0.37712640000000874,ok,same_stridge_core,Hx;H*Hxx,0.02,0.9281519014774602
0.7448932529221061,1.2880913096809765,0.18385038973967863,-1.2264705567436396,0;0;-1.22647055674;0.18385038974;-1.83227014333;0;0;0;0.119486078637;0;0;0,53234.16522325579,0.005,1015,3e-06,1.7349969600415278,,0.0006163475185458725,0.0288925000000404,ok,same_stridge_core,Hx;D_x^1.288091 H;Hxxx;H*Hxxx,0.02,1.0961869773624584
0.7444332398510042,1.3392918236011027,0.0,-1.0580640263277354,0;0;-1.05806402633;0;-0.120376805772;0;0;0.0736061367961;0;0;0;0,53158.49451865714,0.005,1016,3e-06,1.40378509631414,,0.00043879188228679127,0.36543769999997266,ok,same_stridge_core,Hx;Hxxx;H*Hxx,0.02,0.9253586456462257
0.7442644049022882,1.3174900084663574,0.0,-1.0584950663023092,0;0;-1.0584950663;0;-0.119662742909;0;0;0.0735459872945;0;0;0;0,53190.883789110754,0.005,1017,3e-06,1.4043237891346632,,0.0004390751477162096,0.2725598999999761,ok,same_stridge_core,Hx;Hxxx;H*Hxx,0.02,0.9256058350326665
0.7449745436189943,1.3355802599444861,0.0,-1.0566830309335675,0;0;-1.05668303093;0;-0.12266562376;0;0;0.0737986893854;0;0;0;0,53164.01556454963,0.005,1018,3e-06,1.4031031754493166,,0.0004379422961634962,0.3748238000000015,ok,same_stridge_core,Hx;Hxxx;H*Hxx,0.02,0.92462703536837
0.7456277194120928,1.327368183347749,0.19750606908173315,-1.2135409530574195,0;0;-1.21354095306;0.197506069082;-1.70138212705;0;0;0;0.120351239855;0;0;0,53176.22453806918,0.005,1019,3e-06,1.6929628629685713,,0.0005720018667975968,0.3642259000000081,ok,same_stridge_core,Hx;D_x^1.327368 H;Hxxx;H*Hxxx,0.02,1.054848168511741
0.7443965350432497,1.3352659140313383,0.0,-1.0581577220617358,0;0;-1.05815772206;0;-0.120221506881;0;0;0.0735930655846;0;0;0;0,53164.48307970876,0.005,1020,3e-06,1.4038920909690225,,0.0004388527082695548,0.37001520000001165,ok,same_stridge_core,Hx;Hxxx;H*Hxx,0.02,0.9254117432516434
0.7450940965797868,1.3142291230347676,0.19265601231107238,-1.2184107538549023,0;0;-1.21841075385;0.192656012311;-1.73646121951;0;0;0;0.119164819689;0;0;0,53195.71347443632,0.005,1021,3e-06,1.7039909216286413,,0.0005833151977414986,0.36879440000001296,ok,same_stridge_core,Hx;D_x^1.314229 H;Hxxx;H*Hxxx,0.02,1.0656423599354055
0.7452896263954525,1.3199497982776032,0.19472848130400736,-1.2163600205232292,0;0;-1.21636002052;0.194728481304;-1.72005493196;0;0;0;0.119559550452;0;0;0,53187.237103860876,0.005,1022,3e-06,1.6988325009872463,,0.0005779858981074964,0.372968300000025,ok,same_stridge_core,Hx;D_x^1.31995 H;Hxxx;H*Hxxx,0.02,1.0605856557409157
0.7453175838359092,1.2974449728572781,0.18728888924564002,-1.2230171944250958,0;0;-1.22301719443;0.187288889246;-1.81169211034;0;0;0;0.121168061636;0;0;0,53220.46652430812,0.005,1023,3e-06,1.7263286817904795,,0.000607215375229154,0.39607349999999997,ok,same_stridge_core,Hx;D_x^1.297445 H;Hxxx;H*Hxxx,0.030468966307061543,1.087683083498782
0.7448379161336109,1.3014657050570702,0.0,-1.0514607780871954,0;0;-1.05146077809;0;0;0;0;0.0749763309865;0;0;0;0,53214.55525547544,0.005,1024,3e-06,1.2474438244479231,,0.0004415019507886564,0.14689939999999524,ok,same_stridge_core,Hx;H*Hxx,0.02,0.9281564929150704
0.7452562247399739,1.3091966639389983,0.19112972946550907,-1.219638326485307,0;0;-1.21963832649;0.191129729466;-1.76279708642;0;0;0;0.120279686385;0;0;0,53203.15519257433,0.005,1025,3e-06,1.7112309748247512,,0.0005910513216889681,0.37085870000004206,ok,same_stridge_core,Hx;D_x^1.309197 H;Hxxx;H*Hxxx,0.019440941034783485,1.0727931125138592
0.7442722803484513,1.2567508719360028,0.0,-1.0530134127019302,0;0;-1.0530134127;0;0;0;0;0.0747509694085;0;0;0;0,53279.40277065938,0.005,1026,3e-06,1.2484401387071362,,0.0004422852224058085,0.3652682000000027,ok,same_stridge_core,Hx;H*Hxx,0.02,0.9287637220831799
0.7444646633320722,1.3034257959179252,0.0,-1.052485149043458,0;0;-1.05248514904;0;0;0;0;0.0748276754487;0;0;0;0,53211.66879036842,0.005,1027,3e-06,1.2478151931003534,,0.00044200754437039724,0.35318259999996826,ok,same_stridge_core,Hx;H*Hxx,0.02,0.9285451803581428
0.7444646633320722,1.3034257959179252,0.0,-1.052485149043455,0;0;-1.05248514904;0;0;0;0;0.0748276754487;0;0;0;0,53211.66879036842,0.005,1028,3e-06,1.2478151931003534,,0.00044200754437039724,0.030056500000000597,ok,same_stridge_core,Hx;H*Hxx,0.02,0.9285451803581428
0.7451314436424825,1.2295894870194568,0.0,-1.056283011082846,0;0;-1.05628301108;0;-0.123328853221;0;0;0.0738544174015;0;0;0;0,53317.60731835333,0.005,1029,3e-06,1.4042904894909318,,0.0004377126237571612,0.37473540000002004,ok,same_stridge_core,Hx;Hxxx;H*Hxx,0.01642857142857142,0.9244320236257517
0.7438471010599963,1.2844971912458396,0.0,-1.0541815816669826,0;0;-1.05418158167;0;0;0;0;0.0745812334672;0;0;0;0,53239.4073930273,0.005,1030,3e-06,1.2487257622330745,,0.00044293963039634694,0.26271709999997483,ok,same_stridge_core,Hx;H*Hxx,0.02,0.9292893178749108
0.744701881221221,1.3034419441514278,0.0,-1.0518340322552073,0;0;-1.05183403226;0;0;0;0;0.0749221782983;0;0;0;0,53211.645078664056,0.005,1031,3e-06,1.2475627648698162,,0.0004416813025561744,0.13958410000003596,ok,same_stridge_core,Hx;H*Hxx,0.02,0.9282928943978318
0.745271451025,1.307587222405156,0.1906093706138687,-1.2200918982865978,0;0;-1.22009189829;0.190609370614;-1.7698300115;0;0;0;0.120454279361;0;0;0,53205.531941621055,0.005,1032,3e-06,1.7133017089379834,,0.0005932583351448554,0.14498229999998102,ok,same_stridge_core,Hx;D_x^1.307587 H;Hxxx;H*Hxxx,0.02,1.0748353256385306
0.7443715102195112,1.3501576805795268,0.0,-1.0582216025466642,0;0;-1.05822160255;0;-0.120115779992;0;0;0.0735841518732;0;0;0;0,53142.33562800795,0.005,1033,3e-06,1.4037290678673773,,0.000438894387507968,0.14361320000000433,ok,same_stridge_core,Hx;Hxxx;H*Hxx,0.02,0.9254480472153057
0.7446369542827077,1.298435313270798,0.0,-1.052012220051274,0;0;-1.05201222005;0;0;0;0;0.0748963203607;0;0;0;0,53219.011824365254,0.005,1034,3e-06,1.2476742783901182,,0.00044176889700756424,0.2617136000000073,ok,same_stridge_core,Hx;H*Hxx,0.02,0.9283602074439267
0.744983999783941,1.3024017498546403,0.18864710276094812,-1.22211808141387,0;0;-1.22211808141;0.188647102761;-1.78004398521;0;0;0;0.119442897785;0;0;0,53213.17719479323,0.005,1035,3e-06,1.7174081745917356,,0.0005974847492195423,0.13471459999999524,ok,same_stridge_core,Hx;D_x^1.302402 H;Hxxx;H*Hxxx,0.02440736555555138,1.078850048254217
0.7458654593823018,1.2997259095995275,0.18850461842119806,-1.2214184214833883,0;0;-1.22141842148;0.188504618421;-1.82267341058;0;0;0;0.123553229905;0;0;0,53217.11467837012,0.005,1036,3e-06,1.7278756053852486,,0.0006091712369338633,0.37228360000000293,ok,same_stridge_core,Hx;D_x^1.299726 H;Hxxx;H*Hxxx,0.02444115785601854,1.089270229244807
0.7448606108360319,1.306453757917613,0.0,-1.0513985156494021,0;0;-1.05139851565;0;0;0;0;0.0749853625516;0;0;0;0,53207.20460608704,0.005,1037,3e-06,1.247377648355638,,0.0004414726482290524,0.1434714000000099,ok,same_stridge_core,Hx;H*Hxx,0.02,0.9281344207191158
0.7448424354655795,1.287893198639005,0.18374389761316653,-1.2266136523895173,0;0;-1.22661365239;0.183743897613;-1.83117066763;0;0;0;0.119260626624;0;0;0,53234.45457680183,0.005,1038,3e-06,1.7348359919885283,,0.0006161452870820801,0.3771140999999716,ok,same_stridge_core,Hx;D_x^1.287893 H;Hxxx;H*Hxxx,0.0244073683818143,1.0960225370669063
0.7453949977400564,1.3027978114842134,0.1891274527286556,-1.2213048920162515,0;0;-1.22130489202;0.189127452729;-1.79344317244;0;0;0;0.121287221322;0;0;0,53212.59392515722,0.005,1039,3e-06,1.7201873841485895,,0.0006006659585784092,0.38025119999997514,ok,same_stridge_core,Hx;D_x^1.302798 H;Hxxx;H*Hxxx,0.02,1.0816362570467029
0.7446981066821373,1.3165157092163442,0.0,-1.0573881025161762,0;0;-1.05738810252;0;-0.121496841676;0;0;0.0737004134906;0;0;0;0,53192.327409883874,0.005,1040,3e-06,1.4037201371146104,,0.00043836517581912995,0.3872814000000062,ok,same_stridge_core,Hx;Hxxx;H*Hxx,0.02,0.9249891904256555
0.7460408903366725,1.3529861106745922,0.2064979534101182,-1.204998969976191,0;0;-1.20499896998;0.20649795341;-1.6057926105;0;0;0;0.118652753454;0;0;0,53138.13348368345,0.005,1041,3e-06,1.6691152253639778,,0.0005475477335678579,0.3879902999999558,ok,same_stridge_core,Hx;D_x^1.352986 H;Hxxx;H*Hxxx,0.024407347665472545,1.0314576235597763
0.7451581846027227,1.3122174197517904,0.1920456065711377,-1.2189033489407572,0;0;-1.21890334894;0.192045606571;-1.74699397116;0;0;0;0.119615756312;0;0;0,53198.690100160304,0.005,1042,3e-06,1.7068555344856238,,0.0005863693521667345,0.3664880000000039,ok,same_stridge_core,Hx;D_x^1.312217 H;Hxxx;H*Hxxx,0.04,1.0684712532837002
0.7448787862064843,1.3003603933455785,0.18788388552366267,-1.2228993534975603,0;0;-1.2228993535;0.187883885524;-1.78427242175;0;0;0;0.119064007293;0;0;0,53216.181572150956,0.005,1043,3e-06,1.719112337677685,,0.0005992493095014516,0.13459739999996145,ok,same_stridge_core,Hx;D_x^1.30036 H;Hxxx;H*Hxxx,0.035488683429859905,1.0805181588118735
0.7442238160663681,1.379596253536954,0.0,-1.0585987046152738,0;0;-1.05859870462;0;-0.119490943448;0;0;0.0735315206554;0;0;0;0,53098.842879910284,0.005,1044,3e-06,1.4035562902881664,,0.0004391444268281078,0.37128400000000283,ok,same_stridge_core,Hx;Hxxx;H*Hxx,0.025,0.9256667043689738
0.7440879898718646,1.379362129751296,0.0,-1.0589455964741719,0;0;-1.05894559647;0;-0.11891627012;0;0;0.0734830903585;0;0;0;0,53099.18557731122,0.005,1045,3e-06,1.4037664311872033,,0.0004393802487233434,0.2727784999999585,ok,same_stridge_core,Hx;Hxxx;H*Hxx,0.025,0.9258737609914023
0.7446901893608975,1.303943727196042,0.0,-1.0518661214112668,0;0;-1.05186612141;0;0;0;0;0.0749175211522;0;0;0;0,53210.90570519938,0.005,1046,3e-06,1.2475703905284548,,0.0004416969412908076,0.38147700000001805,ok,same_stridge_core,Hx;H*Hxx,0.02,0.9283049562972584
0.7443477790656992,1.298936277475652,0.0,-1.0528060768751604,0;0;-1.05280607688;0;0;0;0;0.0747810783485;0;0;0;0,53218.27542395769,0.005,1047,3e-06,1.247986208324403,,0.00044217488469494386,0.36552620000003344,ok,same_stridge_core,Hx;H*Hxx,0.02,0.9286765557806569
0.744578428321687,1.3039899380594313,0.0,-1.0521728527812262,0;0;-1.05217285278;0;0;0;0;0.0748730088962;0;0;0;0,53210.837642902254,0.005,1048,3e-06,1.247686879399973,,0.00044184895755493584,0.3825525999999968,ok,same_stridge_core,Hx;H*Hxx,0.02,0.9284218535425593
0.7446457721561639,1.3138837940286048,0.0,-1.0575216249967434,0;0;-1.057521625;0;-0.121275454408;0;0;0.0736817950266;0;0;0;0,53196.224552813925,0.005,1049,3e-06,1.4038265010263762,,0.00043844782811687196,0.37650309999997944,ok,same_stridge_core,Hx;Hxxx;H*Hxx,0.02,0.9250604800510508
0.7444273689899668,1.311799444134002,0.0,-1.0580790109584466,0;0;-1.05807901096;0;-0.120351947991;0;0;0.0736040473099;0;0;0;0,53199.30819738349,0.005,1050,3e-06,1.4041608621051083,,0.0004388015775417913,0.3637285000000361,ok,same_stridge_core,Hx;Hxxx;H*Hxx,0.02,0.9253670883286568
0.7448606108360319,1.3023232987164945,0.0,-1.0513985156494017,0;0;-1.05139851565;0;0;0;0;0.0749853625516;0;0;0;0,53213.29276044861,0.005,1051,3e-06,1.2474141772818075,,0.0004414726482290524,0.2763708999999608,ok,same_stridge_core,Hx;H*Hxx,0.02,0.9281344207191158
0.7452747376375333,1.30287751576052,0.1890516522439847,-1.2214849091467295,0;0;-1.22148490915;0.189051652244;-1.78874945965;0;0;0;0.120737922134;0;0;0,53212.476626543794,0.005,1052,3e-06,1.7191280072590391,,0.0005994708612500416,0.37606349999998656,ok,same_stridge_core,Hx;D_x^1.302878 H;Hxxx;H*Hxxx,0.02991972888467597,1.0805782877405135
0.7450332884401432,1.3046231709835021,0.18942338251181845,-1.2213765586581644,0;0;-1.22137655866;0.189423382512;-1.77301356024;0;0;0;0.119547886478;0;0;0,53209.9043341726,0.005,1053,3e-06,1.7150562670299694,,0.0005950039164605584,0.36344379999997045,ok,same_stridge_core,Hx;D_x^1.304623 H;Hxxx;H*Hxxx,0.03523211951447244,1.076537415019898
0.744580387093227,1.3042509791264105,0.0,-1.052167476572626,0;0;-1.05216747657;0;0;0;0;0.0748737885915;0;0;0;0,53210.452951433275,0.005,1054,3e-06,1.2476824959022423,,0.00044184622989702695,0.40229090000002543,ok,same_stridge_core,Hx;H*Hxx,0.02,0.9284197781936427
0.7446607636824396,1.3056970180984173,0.0,-1.0519468738824485,0;0;-1.05194687388;0;0;0;0;0.0749058043089;0;0;0;0,53208.32090202307,0.005,1055,3e-06,1.2475853332098892,,0.0004417366397832678,0.3752275999999597,ok,same_stridge_core,Hx;H*Hxx,0.02,0.9283354077977508
0.7452279628924545,1.3090926189766865,0.1910707247422947,-1.219717351510311,0;0;-1.21971735151;0.191070724742;-1.76218753862;0;0;0;0.120157846886;0;0;0,53203.30895211401,0.005,1056,3e-06,1.7111365572128063,,0.0005909370411030231,0.3712079000000017,ok,same_stridge_core,Hx;D_x^1.309093 H;Hxxx;H*Hxxx,0.019440734671880625,1.0726968497874383
0.7449340766318813,1.309169336221997,0.0,-1.0567862190273416,0;0;-1.05678621903;0;-0.12249450207;0;0;0.0737843109781;0;0;0;0,53203.19552593694,0.005,1057,3e-06,1.4035073713841204,,0.00043800276755855485,0.38044629999996005,ok,same_stridge_core,Hx;Hxxx;H*Hxx,0.02,0.9246786116506879
0.744283399465016,1.3078825975966935,0.0,-1.0529828741883542,0;0;-1.05298287419;0;0;0;0;0.0747554044097;0;0;0;0,53205.09592278924,0.005,1058,3e-06,1.2479813286464474,,0.0004422688949866733,0.349933099999987,ok,same_stridge_core,Hx;H*Hxx,0.02,0.928750753109712
0.7447347910722157,1.3046055752260293,0.0,-1.051743726513713,0;0;-1.05174372651;0;0;0;0;0.0749352825152;0;0;0;0,53209.93029844494,0.005,1059,3e-06,1.2475190169596746,,0.00044163739369142976,0.37009910000000446,ok,same_stridge_core,Hx;H*Hxx,0.02,0.9282594351690049
0.7449857998158245,1.306110217533024,0.18987430008418987,-1.221015768980627,0;0;-1.22101576898;0.189874300084;-1.76534389738;0;0;0;0.119244879807;0;0;0,53207.71144500429,0.005,1060,3e-06,1.7128645620787775,,0.0005926493310297097,0.35863200000000006,ok,same_stridge_core,Hx;D_x^1.30611 H;Hxxx;H*Hxxx,0.020476388888888905,1.0743720247387258
0.7448730432850658,1.3110904446059786,0.0,-1.056941866511692,0;0;-1.05694186651;0;-0.122236418677;0;0;0.0737626214854;0;0;0;0,53200.35663636986,0.005,1061,3e-06,1.4035604855782906,,0.0004380948730398524,0.2756769999999733,ok,same_stridge_core,Hx;Hxxx;H*Hxx,0.02,0.9247572758509619
0.7445248916248841,1.307587222405156,0.0,-1.0523198096971966,0;0;-1.0523198097;0;0;0;0;0.0748516751147;0;0;0;0,53205.531941621055,0.005,1062,3e-06,1.2477125665397775,,0.00044192307858269064,0.1264929999999822,ok,same_stridge_core,Hx;H*Hxx,0.02,0.9284793748900511
0.7447664315890741,1.3089482378702995,0.0593249319175809,-1.0608237917193832,0.0200824751044;0;-1.06082379172;0.0593249319176;0.557135949109;0;0;0.0742007398952;-0.0311724149129;0;0;0,53203.52212338513,0.005,1063,3e-06,1.7726064448348984,,0.00034575258816153955,0.3868951000000038,ok,same_stridge_core,1;Hx;D_x^1.308948 H;Hxxx;H*Hxx;H*Hxxx,0.01,0.814943046613966
0.745125574459228,1.3103351818724878,0.19139344003521724,-1.2195208337648848,0;0;-1.21952083376;0.191393440035;-1.75343861171;0;0;0;0.119604681653;0;0;0,53201.47292705947,0.005,1064,3e-06,1.7088483138869104,,0.0005884609938722452,0.35838590000003023,ok,same_stridge_core,Hx;D_x^1.310335 H;Hxxx;H*Hxxx,0.03432677355324414,1.0704306387621967
0.7447442601261253,1.304670322138914,0.0,-1.0517177435298775,0;0;-1.05171774353;0;0;0;0;0.0749390514933;0;0;0;0,53209.83478200749,0.005,1065,3e-06,1.247508784866734,,0.000441624770280697,0.2639446000000021,ok,same_stridge_core,Hx;H*Hxx,0.02,0.9282497761746892
0.7448386274863263,1.3098144383474546,0.0,-1.0570296474098952,0;0;-1.05702964741;0;-0.122091042286;0;0;0.0737503847318;0;0;0;0,53202.242498520936,0.005,1066,3e-06,1.4036222131271558,,0.00043814726389890333,0.3677914000000442,ok,same_stridge_core,Hx;Hxxx;H*Hxx,0.02,0.9248020306404674
0.7442413187177775,1.338437186276014,0.0,-1.058554012971918,0;0;-1.05855401297;0;-0.119565020869;0;0;0.0735377588316;0;0;0;0,53159.76587680042,0.005,1067,3e-06,1.404078294772138,,0.00043911443553701146,0.38410809999999174,ok,same_stridge_core,Hx;Hxxx;H*Hxx,0.02,0.9256404018809342
0.7453593468328895,1.303034069177858,0.18917546661249068,-1.2212952461702564,0;0;-1.22129524617;0.189175466612;-1.79120842219;0;0;0;0.121113636879;0;0;0,53212.245980757136,0.005,1068,3e-06,1.7196077658290532,,0.0006000274501600033,0.37672489999999925,ok,same_stridge_core,Hx;D_x^1.303034 H;Hxxx;H*Hxxx,0.03929031385281384,1.0810608140599676
0.7449963307738731,1.3074287635877038,0.19031936303141922,-1.2206060551516529,0;0;-1.22060605515;0.190319363031;-1.76044230402;0;0;0;0.119210847173;0;0;0,53205.76584871209,0.005,1069,3e-06,1.711345454064617,,0.0005910421361745579,0.38077440000000706,ok,same_stridge_core,Hx;D_x^1.307429 H;Hxxx;H*Hxxx,0.02,1.0728762638800717
0.745207750674028,1.3105419232427307,0.1915335524057944,-1.219319445319189,0;0;-1.21931944532;0.191533552406;-1.7555960974;0;0;0;0.119965287991;0;0;0,53201.16740126858,0.005,1070,3e-06,1.709236280069477,,0.000588912480132906,0.36238850000000866,ok,same_stridge_core,Hx;D_x^1.310542 H;Hxxx;H*Hxxx,0.024929138036981182,1.0708222712542539
0.7447358955053541,1.300958254091822,0.0,-1.0517406977973558,0;0;-1.0517406978;0;0;0;0;0.0749357207775;0;0;0;0,53215.301935683805,0.005,1071,3e-06,1.2475501590110007,,0.0004416359278339987,0.133658099999991,ok,same_stridge_core,Hx;H*Hxx,0.02,0.9282583473968978
0.744793275724983,1.3010358469355388,0.0,-1.0515832522666135,0;0;-1.05158325227;0;0;0;0;0.0749585638723;0;0;0;0,53215.187773323945,0.005,1072,3e-06,1.2474916703609964,,0.00044156015395673584,0.1316545999999903,ok,same_stridge_core,Hx;H*Hxx,0.02,0.9282005437210528
0.7454202266286073,1.3134281810544934,0.19267731892393178,-1.2180951740123735,0;0;-1.21809517401;0.192677318924;-1.7516079401;0;0;0;0.120721239686;0;0;0,53196.898856081636,0.005,1073,3e-06,1.7074324264502683,,0.0005871083951829192,0.36302670000003445,ok,same_stridge_core,Hx;D_x^1.313428 H;Hxxx;H*Hxxx,0.02991972840504586,1.0690696401772888
0.7443891650532366,1.2986383389544065,0.0,-1.052692437780146,0;0;-1.05269243778;0;0;0;0;0.0747975814153;0;0;0;0,53218.713398929176,0.005,1074,3e-06,1.247941804309951,,0.00044211513759018906,0.36652469999995674,ok,same_stridge_core,Hx;H*Hxx,0.02,0.928629523916376
0.744715275880797,1.3079976701309515,0.0,-1.057344301741652,0;0;-1.05734430174;0;-0.121569477368;0;0;0.0737065190146;0;0;0;0,53204.925985572314,0.005,1075,3e-06,1.4038104296587322,,0.00043833823630047173,0.3814752000000112,ok,same_stridge_core,Hx;Hxxx;H*Hxx,0.02,0.9249660957885812
0.7448957924317813,1.3091115219604426,0.0,-1.0568838528756188,0;0;-1.05688385288;0;-0.122332686665;0;0;0.0737707046699;0;0;0;0,53203.28101217629,0.005,1076,3e-06,1.403557266563464,,0.00043806045400600064,0.37172420000001694,ok,same_stridge_core,Hx;Hxxx;H*Hxx,0.02,0.9247277374538774
0.7448827482215765,1.3151876549950834,0.0,-1.0569171205206849,0;0;-1.05691712052;0;-0.122277519791;0;0;0.0737660691616;0;0;0;0,53194.29431277151,0.005,1077,3e-06,1.4034932789750036,,0.0004380801550595083,0.3826326000000222,ok,same_stridge_core,Hx;Hxxx;H*Hxx,0.02,0.9247446301600599
0.7452995415651932,1.2568736674736416,0.0,-1.0558545744418029,0;0;-1.05585457444;0;-0.124039173444;0;0;0.073914079672;0;0;0;0,53279.227744799595,0.005,1078,3e-06,1.4037448524153942,,0.0004374747505927042,0.39098999999998796,ok,same_stridge_core,Hx;Hxxx;H*Hxx,0.016818181818181812,0.9242318027121977
0.7441790453839546,1.3061344225378546,0.0,-1.0532694937121154,0;0;-1.05326949371;0;0;0;0;0.0747137737772;0;0;0;0,53207.675898065565,0.005,1079,3e-06,1.2481198633803712,,0.00044242384299702614,0.3743906999999922,ok,same_stridge_core,Hx;H*Hxx,0.02,0.9288738079919777
0.7454683582907679,1.3054780454001655,0.19007911436731018,-1.2203852185483863,0;0;-1.22038521855;0.190079114367;-1.78544603242;0;0;0;0.121476539845;0;0;0,53208.6439181632,0.005,1080,3e-06,1.7174415174697093,,0.0005977686835533576,0.38429990000003045,ok,same_stridge_core,Hx;D_x^1.305478 H;Hxxx;H*Hxxx,0.02,1.078937790451751
0.7448606108360319,1.3069645481734409,0.0,-1.0513985156494021,0;0;-1.05139851565;0;0;0;0;0.0749853625516;0;0;0;0,53206.45098756907,0.005,1081,3e-06,1.2473731266445303,,0.0004414726482290524,0.28118930000005093,ok,same_stridge_core,Hx;H*Hxx,0.02,0.9281344207191158
0.7439958511535563,1.309665827146271,0.0,-1.0537727880219914,0;0;-1.05377278802;0;0;0;0;0.0746406492838;0;0;0;0,53202.46203079975,0.005,1082,3e-06,1.2483135243683565,,0.00044270426029872564,0.36886870000000727,ok,same_stridge_core,Hx;H*Hxx,0.02,0.929098752183558
0.7444572824061744,1.307498749457571,0.0,-1.0525054144592576,0;0;-1.05250541446;0;0;0;0;0.0748247325523;0;0;0;0,53205.66252867521,0.005,1083,3e-06,1.2477874169058034,,0.00044201801227418885,0.13298370000001114,ok,same_stridge_core,Hx;H*Hxx,0.02,0.9285534417337522
0.7454904030108027,1.246204158078741,0.04222230324573397,-1.0520465107020724,0.0204085589368;0;-1.0520465107;0.0422223032457;0.599764917776;0;0;0.0798019315663;-0.0355610548649;0;0;0,53294.357779666876,0.005,1084,3e-06,1.7773025929807744,,0.00034740155823023564,0.37821139999999787,ok,same_stridge_core,1;Hx;D_x^1.246204 H;Hxxx;H*Hxx;H*Hxxx,0.012444444444444447,0.8180041529467708
0.745098458021894,1.3018609688160607,0.18856553454107605,-1.2220842699184296,0;0;-1.22208426992;0.188565534541;-1.78635546421;0;0;0;0.119989092156;0;0;0,53213.97337947268,0.005,1085,3e-06,1.718990072098727,,0.0005992324189733805,0.3553380000000175,ok,same_stridge_core,Hx;D_x^1.301861 H;Hxxx;H*Hxxx,0.024417720772519535,1.0804223915450548
0.7448795316702324,1.2968612173932048,0.18673008019325193,-1.2239287904070737,0;0;-1.22392879041;0.186730080193;-1.79801539544;0;0;0;0.119210903487;0;0;0,53221.3237225291,0.005,1086,3e-06,1.723524436033078,,0.0006039718275416075,0.1299039999999536,ok,same_stridge_core,Hx;D_x^1.296861 H;Hxxx;H*Hxxx,0.04233789682539681,1.0848685513627288
0.7451973597700867,1.31456060958538,0.19285702177968694,-1.2181355760146728,0;0;-1.21813557601;0.19285702178;-1.73886929323;0;0;0;0.119611014714;0;0;0,53195.22268663337,0.005,1087,3e-06,1.704387949671054,,0.0005837841623325662,0.38015960000001314,ok,same_stridge_core,Hx;D_x^1.314561 H;Hxxx;H*Hxxx,0.02,1.0660452774314533
0.7454218835716393,1.2424965428424872,0.041580487004846525,-1.052096484633526,0.0203967741897;0;-1.05209648463;0.0415804870048;0.601711990565;0;0;0.0799352736827;-0.0360240602227;0;0;0,53299.57949583651,0.005,1088,3e-06,1.7777632668828205,,0.00034766806356618555,0.38162959999999657,ok,same_stridge_core,1;Hx;D_x^1.242497 H;Hxxx;H*Hxx;H*Hxxx,0.016249999999999997,0.8183708359577632
0.7440052710135667,1.3091228432928201,0.0,-1.0537469056907052,0;0;-1.05374690569;0;0;0;0;0.0746444112314;0;0;0;0,53203.26427435759,0.005,1089,3e-06,1.2483064372427024,,0.0004426895843811981,0.3581947999999784,ok,same_stridge_core,Hx;H*Hxx,0.02,0.9290868515965568
0.745614746579091,1.306030723533581,0.190388121855887,-1.2199726863702527,0;0;-1.21997268637;0.190388121856;-1.78856173805;0;0;0;0.122109573357;0;0;0,53207.82886737806,0.005,1090,3e-06,1.7179204435873827,,0.0005983549925677341,0.12968319999998812,ok,same_stridge_core,Hx;D_x^1.306031 H;Hxxx;H*Hxxx,0.01944073331161794,1.079426497178846
0.7450486344778541,1.3073963534317181,0.0,-1.0564941200261233,0;0;-1.05649412003;0;-0.122978747347;0;0;0.0738250098272;0;0;0;0,53205.813653849036,0.005,1091,3e-06,1.403386354400039,,0.0004378329933758329,0.3736766999999759,ok,same_stridge_core,Hx;Hxxx;H*Hxx,0.01949292785538813,0.9245340315153975
0.7453951136043224,1.2465889721798509,0.042515181671538844,-1.0525849469138364,0.0203864385351;0;-1.05258494691;0.0425151816715;0.598584886402;0;0;0.0796301174552;-0.0356653585542;0;0;0,53293.814811731994,0.005,1092,3e-06,1.777421926769105,,0.00034752098382652506,0.3600293000000079,ok,same_stridge_core,1;Hx;D_x^1.246589 H;Hxxx;H*Hxx;H*Hxxx,0.01642857142857142,0.8181332601579291
0.7442944077000427,1.2975013932681283,0.0,-1.0529526426937306,0;0;-1.05295264269;0;0;0;0;0.0747597932963;0;0;0;0,53220.38380579841,0.005,1093,3e-06,1.2480601812257976,,0.00044225269234989727,0.3725877999999625,ok,same_stridge_core,Hx;H*Hxx,0.02,0.9287378783910071
0.7455245387479239,1.3042789854812344,0.18972913309426262,-1.220646174308244,0;0;-1.22064617431;0.189729133094;-1.79227120242;0;0;0;0.121797784011;0;0;0,53210.41168549498,0.005,1094,3e-06,1.7193752354400367,,0.0005998637990934359,0.38949280000002773,ok,same_stridge_core,Hx;D_x^1.304279 H;Hxxx;H*Hxxx,0.01944091776370759,1.080850295214097
0.7450867402157113,1.3049073301977197,0.18956312496400193,-1.2212016531934615,0;0;-1.22120165319;0.189563124964;-1.7738284866;0;0;0;0.119774813725;0;0;0,53209.485386012515,0.005,1095,3e-06,1.7151281494511454,,0.0005951077095337567,0.3913587999999777,ok,same_stridge_core,Hx;D_x^1.304907 H;Hxxx;H*Hxxx,0.029442829095378112,1.0766143248189952
0.7450772000722512,1.3010655432510583,0.18828453634376707,-1.2223554138071933,0;0;-1.22235541381;0.188284536344;-1.78872396039;0;0;0;0.11993076278;0;0;0,53215.14398320315,0.005,1096,3e-06,1.719813570294818,,0.0006001015683869345,0.3746539000000553,ok,same_stridge_core,Hx;D_x^1.301066 H;Hxxx;H*Hxxx,0.02,1.0812318424963803
0.744884341989844,1.30531693493089,0.0,-1.0513334147203017,0;0;-1.05133341472;0;0;0;0;0.0749948055531;0;0;0;0,53208.88149452874,0.005,1097,3e-06,1.2473646313024638,,0.0004414421008466237,0.26242739999997866,ok,same_stridge_core,Hx;H*Hxx,0.02,0.9281113423352915
0.7450772906753175,1.3089809130491306,0.19090301456005296,-1.2200066015388908,0;0;-1.22000660154;0.19090301456;-1.7571483723;0;0;0;0.119478066334;0;0;0,53203.473987396836,0.005,1098,3e-06,1.7101006639773817,,0.0005897630923444795,0.36679599999996526,ok,same_stridge_core,Hx;D_x^1.308981 H;Hxxx;H*Hxxx,0.02440738283617541,1.0716589761286195
0.7445433474549352,1.2968373755919587,0.0,-1.0522691449016692,0;0;-1.0522691449;0;0;0;0;0.0748590302701;0;0;0;0,53221.35871368685,0.005,1099,3e-06,1.2477876168606414,,0.0004418974058452441,0.3766803000000323,ok,same_stridge_core,Hx;H*Hxx,0.02,0.9284594645785204
0.7446393718596551,1.3052244869655036,0.0,-1.0520055812499036,0;0;-1.05200558125;0;0;0;0;0.074897283106;0;0;0;0,53209.01777118098,0.005,1100,3e-06,1.2476118073065627,,0.0004417656244871954,0.3774404999999774,ok,same_stridge_core,Hx;H*Hxx,0.02,0.9283577006794769
0.7449556674518203,1.3067585034211335,0.0,-1.0567311612498977,0;0;-1.05673116125;0;-0.12258584805;0;0;0.0737919823074;0;0;0;0,53206.75494297919,0.005,1101,3e-06,1.4035119785523669,,0.00043797048186509176,0.36149509999995644,ok,same_stridge_core,Hx;Hxxx;H*Hxx,0.01950687534982097,0.9246511840655541
0.7453457732424621,1.3135060651032293,0.19263775534571834,-1.218198611527815,0;0;-1.21819861153;0.192637755346;-1.74858004423;0;0;0;0.12037462923;0;0;0,53196.78357856556,0.005,1102,3e-06,1.706767460561903,,0.0005863688683020095,0.3741492000000335,ok,same_stridge_core,Hx;D_x^1.313506 H;Hxxx;H*Hxxx,0.02545028363449416,1.0684060576191163
0.7448415000125761,1.3020804738130505,0.0,-1.0514509448368987,0;0;-1.05145094484;0;0;0;0;0.0749777568854;0;0;0;0,53213.650273438274,0.005,1103,3e-06,1.2474349139903065,,0.0004414973569086732,0.3699268000000302,ok,same_stridge_core,Hx;H*Hxx,0.02,0.9281530123496768
0.7448879635205111,1.3064971521873763,0.0,-1.0513234808442182,0;0;-1.05132348084;0;0;0;0;0.0749962456935;0;0;0;0,53207.140666984,0.005,1104,3e-06,1.2473507208249124,,0.00044143747215055957,0.1289823000000183,ok,same_stridge_core,Hx;H*Hxx,0.02,0.9281078768230084
0.7440879898718646,1.3017705935052035,0.0,-1.053519633963544,0;0;-1.05351963396;0;0;0;0;0.0746774335023;0;0;0;0,53214.10647345077,0.005,1105,3e-06,1.2482688031263942,,0.0004425618803419766,0.27372539999998935,ok,same_stridge_core,Hx;H*Hxx,0.02,0.9289841642856895
0.7449760072117168,1.3074327596647441,0.19030313572823027,-1.2206393688541863,0;0;-1.22063936885;0.190303135728;-1.75968562732;0;0;0;0.119117997943;0;0;0,53205.75986956848,0.005,1106,3e-06,1.711182399933846,,0.0005908589345676297,0.37667110000001003,ok,same_stridge_core,Hx;D_x^1.307433 H;Hxxx;H*Hxxx,0.019941749230556412,1.0727132814990243
0.7441631136872771,1.347092211715253,0.0,-1.0587537231947808,0;0;-1.05875372319;0;-0.119234150607;0;0;0.0735098819129;0;0;0;0,53146.892463142256,0.005,1107,3e-06,1.404080590328705,,0.00043924912500962923,0.39011760000005324,ok,same_stridge_core,Hx;Hxxx;H*Hxx,0.02,0.9257585581604247
0.7446928730723132,1.298308022015037,0.0,-1.0518587569147317,0;0;-1.05185875691;0;0;0;0;0.0749185894321;0;0;0;0,53219.19879659072,0.005,1108,3e-06,1.2476173677055784,,0.00044169335407923756,0.28706369999997605,ok,same_stridge_core,Hx;H*Hxx,0.02,0.9283021749260341
0.744830988860021,1.3666102304055798,0.0,-1.0570491338387937,0;0;-1.05704913384;0;-0.122058783066;0;0;0.0737476687382;0;0;0;0,53117.94559594445,0.005,1109,3e-06,1.402873576897067,,0.0004381589541743979,0.39205510000005006,ok,same_stridge_core,Hx;Hxxx;H*Hxx,0.02,0.9248120665335671
0.7440196512906123,1.3008288377985524,0.0,-1.0537073940275958,0;0;-1.05370739403;0;0;0;0;0.0746501532096;0;0;0;0,53215.49240907914,0.005,1110,3e-06,1.2483618116517112,,0.0004426672927270279,0.27297879999997576,ok,same_stridge_core,Hx;H*Hxx,0.02,0.9290688571972364
0.744599280884241,1.3064857370466858,0.0,-1.0521156186096463,0;0;-1.05211561861;0;0;0;0;0.0748813129352;0;0;0;0,53207.15745772674,0.005,1111,3e-06,1.2476427508006205,,0.00044182034305091563,0.38325299999996787,ok,same_stridge_core,Hx;H*Hxx,0.02,0.9283998060542601
0.7446440175411355,1.305187941198427,0.0,-1.0519928327687251,0;0;-1.05199283277;0;0;0;0;0.0748991333129;0;0;0;0,53209.07165480143,0.005,1112,3e-06,1.247607241201239,,0.0004417593376601894,0.37815449999999373,ok,same_stridge_core,Hx;H*Hxx,0.02,0.9283528112724302
0.7446740438866708,1.3083252424612046,0.0,-1.0574494935276537,0;0;-1.05744949353;0;-0.121395018859;0;0;0.0736918530131;0;0;0;0,53204.442318811365,0.005,1113,3e-06,1.4038619218180104,,0.0004384030208549613,0.25794780000001083,ok,same_stridge_core,Hx;Hxxx;H*Hxx,0.02,0.9250219409487082
0.7448799764979899,1.3051717264968408,0.0,-1.0513453905073145,0;0;-1.05134539051;0;0;0;0;0.0749930695995;0;0;0;0,53209.095566257194,0.005,1114,3e-06,1.2473702152178068,,0.00044144774453972493,0.3519745999999486,ok,same_stridge_core,Hx;H*Hxx,0.02,0.9281156418202635
0.7454219591720389,1.254978912686375,0.044298202504804894,-1.0531475243911175,0.0203819548347;0;-1.05314752439;0.0442982025048;0.593096808682;0;0;0.0791200732899;-0.0348182727748;0;0;0,53281.92568081373,0.005,1115,3e-06,1.7765863596554587,,0.00034710305050766806,0.37396150000000716,ok,same_stridge_core,1;Hx;D_x^1.254979 H;Hxxx;H*Hxx;H*Hxxx,0.016116883116883116,0.8175116974008116
0.7450391827059641,1.3057891259037127,0.0,-1.056518214727873,0;0;-1.05651821473;0;-0.122938862432;0;0;0.0738216531864;0;0;0;0,53208.18517813836,0.005,1116,3e-06,1.4034195205973807,,0.0004378468207869318,0.3732959999999821,ok,same_stridge_core,Hx;Hxxx;H*Hxx,0.01949298655134568,0.9245458539941355
0.744729861334154,1.3004678601053001,0.0,-1.0517572563143955,0;0;-1.05175725631;0;0;0;0;0.0749333169843;0;0;0;0,53216.02345026182,0.005,1117,3e-06,1.2475605024087781,,0.0004416439444022023,0.384488900000008,ok,same_stridge_core,Hx;H*Hxx,0.02,0.9282643617072073
0.7454465454595005,1.3090464194006026,0.19124489610001827,-1.2193598497379734,0;0;-1.21935984974;0.1912448961;-1.77033189444;0;0;0;0.121157244104;0;0;0,53203.37712482904,0.005,1118,3e-06,1.7128987004848146,,0.000592918041514886,0.3711309999999912,ok,same_stridge_core,Hx;D_x^1.309046 H;Hxxx;H*Hxxx,0.019440841952785216,1.074458174986866
0.7448379259635123,1.3124168740304243,0.0,-1.0570314362038995,0;0;-1.0570314362;0;-0.122088029103;0;0;0.073750135938;0;0;0;0,53198.39511487081,0.005,1119,3e-06,1.4035884805717889,,0.0004381483217294921,0.37429960000002893,ok,same_stridge_core,Hx;Hxxx;H*Hxx,0.02,0.9248029245379515
0.7443293815815217,1.3039478849741502,0.0,-1.0528565978987015,0;0;-1.0528565979;0;0;0;0;0.074773743215;0;0;0;0,53210.899615433635,0.005,1120,3e-06,1.2479629437085606,,0.0004422016338493712,0.3672669999999698,ok,same_stridge_core,Hx;H*Hxx,0.02,0.9286975460159589
0.7447307282870594,1.3081596130171058,0.0,-1.0573048859599483,0;0;-1.05730488596;0;-0.12163487427;0;0;0.0737120152274;0;0;0;0,53204.68689790047,0.005,1121,3e-06,1.4037873439429303,,0.0004383140154600779,0.3911611999999991,ok,same_stridge_core,Hx;Hxxx;H*Hxx,0.02,0.924945161861826
0.7451449146295317,1.3042636719790408,0.18939991819011975,-1.2212939793461453,0;0;-1.22129397935;0.18939991819;-1.77851314635;0;0;0;0.120075253426;0;0;0,53210.43419992286,0.005,1122,3e-06,1.716379440710054,,0.0005964703417023173,0.371181799999988,ok,same_stridge_core,Hx;D_x^1.304264 H;Hxxx;H*Hxxx,0.04116635101010101,1.0778542303109797
0.7439684908698532,1.3132956795867385,0.0,-1.059250871348781,0;0;-1.05925087135;0;-0.118410852798;0;0;0.0734404563663;0;0;0;0,53197.0948688666,0.005,1123,3e-06,1.4048346280448958,,0.00043959236794214376,0.2791569999999979,ok,same_stridge_core,Hx;Hxxx;H*Hxx,0.02,0.9260607742250963
0.7443893989413495,1.310014690652109,0.0,-1.058175937411149,0;0;-1.05817593741;0;-0.120191331329;0;0;0.0735905252468;0;0;0;0,53201.94666522611,0.005,1124,3e-06,1.4042395785167465,,0.00043886456071691834,0.3552609999999845,ok,same_stridge_core,Hx;Hxxx;H*Hxx,0.02,0.9254220585297114
0.7448501436642706,1.304670322138914,0.0,-1.0514272323620455,0;0;-1.05142723236;0;0;0;0;0.0749811959018;0;0;0;0,53209.83478200749,0.005,1125,3e-06,1.2474034223431638,,0.00044148616860714533,0.1283730000000105,ok,same_stridge_core,Hx;H*Hxx,0.02,0.9281444136511188
0.7447348543316031,1.3052412737305534,0.0,-1.0517435527838241,0;0;-1.05174355278;0;0;0;0;0.0749353077911;0;0;0;0,53208.99305105052,0.005,1126,3e-06,1.2475133312598021,,0.000441637313846162,0.36177680000002965,ok,same_stridge_core,Hx;H*Hxx,0.02,0.9282593729534989
0.7448606108360319,1.304311954389119,0.0,-1.0513985156494017,0;0;-1.05139851565;0;0;0;0;0.0749853625516;0;0;0;0,53210.363101103394,0.005,1127,3e-06,1.247396599325736,,0.0004414726482290524,0.270957199999998,ok,same_stridge_core,Hx;H*Hxx,0.02,0.9281344207191158
0.7442677651549313,1.344172271604287,0.0,-1.0584864825039746,0;0;-1.0584864825;0;-0.119676925229;0;0;0.0735471865164;0;0;0;0,53151.23487426382,0.005,1128,3e-06,1.403961910845908,,0.0004390693659468305,0.36700120000000425,ok,same_stridge_core,Hx;Hxxx;H*Hxx,0.02,0.9256007969775336
0.7447750591041447,1.306962071570343,0.0,-1.051633235551899,0;0;-1.05163323555;0;0;0;0;0.0749513120587;0;0;0;0,53206.45470644354,0.005,1129,3e-06,1.2474576071199046,,0.00044158413811088185,0.27367679999997563,ok,same_stridge_core,Hx;H*Hxx,0.02,0.9282188788812434
0.744508668703683,1.301986683439308,0.0,-1.0523643433646226,0;0;-1.05236434336;0;0;0;0;0.074845211943;0;0;0;0,53213.788293818936,0.005,1130,3e-06,1.2477798158048157,,0.0004419457311082681,0.38016939999999977,ok,same_stridge_core,Hx;H*Hxx,0.02,0.9284970860419022
0.7448775247996771,1.2993551361717315,0.1875511116688672,-1.2231980002623943,0;0;-1.22319800026;0.187551111669;-1.78818093478;0;0;0;0.119102895639;0;0;0,53217.659864468296,0.005,1131,3e-06,1.7203607144498405,,0.0006005827941175731,0.36174069999998437,ok,same_stridge_core,Hx;D_x^1.299355 H;Hxxx;H*Hxxx,0.02,1.0817487960762209
0.7448396551702843,1.3574665412245606,0.07295916095293442,-1.0631422410980893,0.0198427054765;0;-1.0631422411;0.0729591609529;0.547046163405;0;0;0.0706237134655;-0.0285089202988;0;0;0,53131.483065136934,0.005,1132,3e-06,1.7684684580119472,,0.0003440663495472504,0.36992570000001024,ok,same_stridge_core,1;Hx;D_x^1.357467 H;Hxxx;H*Hxx;H*Hxxx,0.01,0.8121017628394823
0.7448761257204832,1.306137287163454,0.0,-1.051355955979091,0;0;-1.05135595598;0;0;0;0;0.074991536496;0;0;0;0,53207.67154056738,0.005,1133,3e-06,1.2473654543049721,,0.00044145268411028725,0.3638998999999785,ok,same_stridge_core,Hx;H*Hxx,0.02,0.9281194250615679
0.7444113693145732,1.3013983594193812,0.0,-1.0526314699506327,0;0;-1.05263146995;0;0;0;0;0.074806432365;0;0;0;0,53214.65435803424,0.005,1134,3e-06,1.24789238218526,,0.00044208330620427414,0.38131179999999176,ok,same_stridge_core,Hx;H*Hxx,0.02,0.9286044560370547
0.744996098151472,1.3037210870822327,0.18909338051762595,-1.2217069840783592,0;0;-1.22170698408;0.189093380518;-1.77524874085;0;0;0;0.119428635345;0;0;0,53211.23390414589,0.005,1135,3e-06,1.7158729803177792,,0.0005958545116551095,0.382959900000003,ok,same_stridge_core,Hx;D_x^1.303721 H;Hxxx;H*Hxxx,0.02,1.0773381734680285
0.7448081517072126,1.3068258023871329,0.05863962180489668,-1.0604556160076224,0.0201011516724;0;-1.06045561601;0.0586396218049;0.558367310111;0;0;0.0744300412351;-0.0312632471933;0;0;0,53206.655600879894,0.005,1136,3e-06,1.7727285012488938,,0.0003457726198805462,0.37516130000000203,ok,same_stridge_core,1;Hx;D_x^1.306826 H;Hxxx;H*Hxx;H*Hxxx,0.01,0.8150087004330557
0.7447853770706458,1.3065463149306167,0.0,-1.0516049230095634,0;0;-1.05160492301;0;0;0;0;0.0749554195827;0;0;0;0,53207.06807008451,0.005,1137,3e-06,1.2474508103487363,,0.00044157052180558216,0.3653716000000031,ok,same_stridge_core,Hx;H*Hxx,0.02,0.9282084019282292
0.7447452930524374,1.3123832897461984,0.0,-1.057267725382497,0;0;-1.05726772538;0;-0.121696422117;0;0;0.0737171963203;0;0;0;0,53198.44466708088,0.005,1138,3e-06,1.4037116316485427,,0.00043829124224278453,0.37813850000003413,ok,same_stridge_core,Hx;Hxxx;H*Hxx,0.02,0.9249256296448148
0.7448355890497108,1.30681931659485,0.0,-1.0514671632429502,0;0;-1.05146716324;0;0;0;0;0.0749754043801;0;0;0;0,53206.665301656765,0.005,1139,3e-06,1.2473988244029393,,0.0004415049785455647,0.37027499999999236,ok,same_stridge_core,Hx;H*Hxx,0.02,0.9281588325929986
0.7440196512906123,1.3052629118022816,0.0,-1.0537073940275936,0;0;-1.05370739403;0;0;0;0;0.0746501532096;0;0;0;0,53208.961163672175,0.005,1140,3e-06,1.2483226241792693,,0.000442667292727028,0.2726446000000351,ok,same_stridge_core,Hx;H*Hxx,0.02,0.9290688571972363
0.7449664347137301,1.3064971521873763,0.0,-1.056703706913252,0;0;-1.05670370691;0;-0.122631344127;0;0;0.0737958088837;0;0;0;0,53207.140666984,0.005,1141,3e-06,1.403501607478455,,0.0004379543871001178,0.1396268999999961,ok,same_stridge_core,Hx;Hxxx;H*Hxx,0.019561216074373968,0.924637341475599
0.7449530188502685,1.306858802323958,0.19009353757998954,-1.2208490036545587,0;0;-1.22084900365;0.19009353758;-1.76115043255;0;0;0;0.119049513306;0;0;0,53206.60697203858,0.005,1142,3e-06,1.711698902287515,,0.0005913950514078954,0.3784319000000096,ok,same_stridge_core,Hx;D_x^1.306859 H;Hxxx;H*Hxxx,0.041562499999999995,1.073219618623052
0.7447965397912222,1.3010049892702762,0.0,-1.0515742980635454,0;0;-1.05157429806;0;0;0;0;0.0749598628986;0;0;0;0,53215.233260055276,0.005,1143,3e-06,1.2474886480273477,,0.0004415558744829226,0.36330059999994546,ok,same_stridge_core,Hx;H*Hxx,0.02,0.9281972484670161
0.7448288705199719,1.3688452580469759,0.0,-1.0570545382934475,0;0;-1.05705453829;0;-0.122049838386;0;0;0.0737469146803;0;0;0;0,53114.64583445271,0.005,1144,3e-06,1.4028466938920507,,0.0004381621926795919,0.38995340000002443,ok,same_stridge_core,Hx;Hxxx;H*Hxx,0.02,0.9248148813819763
0.7454820786128868,1.307318798029605,0.19070196352024102,-1.2198143555979637,0;0;-1.2198143556;0.19070196352;-1.77857496752;0;0;0;0.121429664749;0;0;0,53205.92821648245,0.005,1145,3e-06,1.7152850125683785,,0.0005954757430925928,0.3874232999999663,ok,same_stridge_core,Hx;D_x^1.307319 H;Hxxx;H*Hxxx,0.02440733069247001,1.076813873970589
0.7456060979240209,1.24298899533192,0.04128372036645557,-1.0511607708302357,0.0204380984324;0;-1.05116077083;0.0412837203665;0.603129706312;0;0;0.0801863084871;-0.0357017238303;0;0;0,53298.88721263809,0.005,1146,3e-06,1.777416216568478,,0.00034738174209481264,0.37528550000001815,ok,same_stridge_core,1;Hx;D_x^1.242989 H;Hxxx;H*Hxx;H*Hxxx,0.015707070707070704,0.8180362467409924
0.7450900213539448,1.3049557710006017,0.18958195649404117,-1.2211817151962634,0;0;-1.2211817152;0.189581956494;-1.77375466355;0;0;0;0.119786954593;0;0;0,53209.41402193579,0.005,1147,3e-06,1.7150944320967145,,0.0005950735401120076,0.39247349999999415,ok,same_stridge_core,Hx;D_x^1.304956 H;Hxxx;H*Hxxx,0.025450281130732257,1.0765814638334852
0.7441255902300346,1.3458304899242273,0.0,-1.0588495610451938,0;0;-1.05884956105;0;-0.119075469613;0;0;0.0734965014904;0;0;0;0,53148.76874858174,0.005,1148,3e-06,1.404154938054008,,0.0004393144158285804,0.3870898999999781,ok,same_stridge_core,Hx;Hxxx;H*Hxx,0.02,0.9258160193167722
0.744780209176164,1.305762757395396,0.0,-1.0516191047185217,0;0;-1.05161910472;0;0;0;0;0.074953361253;0;0;0;0,53208.224098877225,0.005,1149,3e-06,1.2474630037647318,,0.0004415773452565559,0.38066809999997986,ok,same_stridge_core,Hx;H*Hxx,0.02,0.9282136591714684
0.7456761335370355,1.2675973834162593,0.17769709400300984,-1.2310419287366627,0;0;-1.23104192874;0.177697094003;-1.93579365214;0;0;0;0.122573753767;0;0;0,53263.87432447307,0.005,1150,3e-06,1.7703050274806458,,0.0006557012032390927,0.3774243000000297,ok,same_stridge_core,Hx;D_x^1.267597 H;Hxxx;H*Hxxx,0.02,1.1311385355869688
0.7451721176828539,1.3044305412932578,0.18947839771735617,-1.221198379474649,0;0;-1.22119837947;0.189478397717;-1.77883952185;0;0;0;0.120189658116;0;0;0,53210.188294221516,0.005,1151,3e-06,1.716388592363328,,0.0005964940525947322,0.3752623999999969,ok,same_stridge_core,Hx;D_x^1.304431 H;Hxxx;H*Hxxx,0.02,1.0778663328326699
0.7453832463091915,1.306224894642549,0.19025390566914618,-1.2203075237362937,0;0;-1.22030752374;0.190253905669;-1.77936283568;0;0;0;0.121046407462;0;0;0,53207.54225479574,0.005,1152,3e-06,1.7158475847043508,,0.0005960250298403248,0.38206769999999324,ok,same_stridge_core,Hx;D_x^1.306225 H;Hxxx;H*Hxxx,0.030468963488011105,1.077357077646802
0.7449596046745861,1.3109084145316368,0.0,-1.0567211221784711,0;0;-1.05672112218;0;-0.122602459368;0;0;0.0737933819566;0;0;0;0,53200.62578879877,0.005,1153,3e-06,1.4034517850839534,,0.00043796462697480323,0.3734435000000076,ok,same_stridge_core,Hx;Hxxx;H*Hxx,0.02,0.9246461529847646
0.7449114830981283,1.312187567217149,0.0,-1.0568438387697703,0;0;-1.05684383877;0;-0.122399055845;0;0;0.0737762811994;0;0;0;0,53198.7341984817,0.005,1154,3e-06,1.4034960784917416,,0.0004380367634173812,0.3604847000000291,ok,same_stridge_core,Hx;Hxxx;H*Hxx,0.02,0.9247074707054064
0.7454701045948499,1.2396322013302374,0.040872587461433234,-1.051597581312547,0.0204102961746;0;-1.05159758131;0.0408725874614;0.604208079169;0;0;0.0801916109476;-0.0362325171434;0;0;0,53303.600707330166,0.005,1155,3e-06,1.7779524783285727,,0.00034772857632641037,0.3679271999999969,ok,same_stridge_core,1;Hx;D_x^1.239632 H;Hxxx;H*Hxx;H*Hxxx,0.01602272727272727,0.8184876655966296
0.7447348543316031,1.3127764152248858,0.0,-1.0572943589637185,0;0;-1.05729435896;0;-0.121652364125;0;0;0.0737134845126;0;0;0;0,53197.86314588293,0.005,1156,3e-06,1.403720439275659,,0.00043830758826506386,0.2647600999999895,ok,same_stridge_core,Hx;Hxxx;H*Hxx,0.02,0.9249396709627127
0.7449203505427389,1.303576707133314,0.18898103246312434,-1.2218781023091474,0;0;-1.22187810231;0.188981032463;-1.77306148416;0;0;0;0.119092250385;0;0;0,53211.44659143557,0.005,1157,3e-06,1.7154535490535694,,0.0005953689528083844,0.3654136999999764,ok,same_stridge_core,Hx;D_x^1.303577 H;Hxxx;H*Hxxx,0.03998171205631522,1.0769161899563426
0.7449342265117894,1.2932549401395534,0.18558607257666615,-1.224894536338654,0;0;-1.22489453634;0.185586072577;-1.81399809449;0;0;0;0.119570578267;0;0;0,53226.612611301745,0.005,1158,3e-06,1.7285878794565543,,0.00060944369177864,0.13499000000001615,ok,same_stridge_core,Hx;D_x^1.293255 H;Hxxx;H*Hxxx,0.03846405228758169,1.0898685281209333
0.7449608803941683,1.2985834120789317,0.18736650578602088,-1.2232845093219968,0;0;-1.22328450932;0.187366505786;-1.79424748674;0;0;0;0.119512526694;0;0;0,53218.79407742527,0.005,1159,3e-06,1.721999765241868,,0.0006023803745421565,0.37924849999996013,ok,same_stridge_core,Hx;D_x^1.298583 H;Hxxx;H*Hxxx,0.02,1.0833742363127645
0.7442893488443247,1.3449426964731979,0.0,-1.058431369267828,0;0;-1.05843136927;0;-0.119768188576;0;0;0.0735548773939;0;0;0;0,53150.088950498444,0.005,1160,3e-06,1.4039196096625555,,0.00043903271806869934,0.39240059999997356,ok,same_stridge_core,Hx;Hxxx;H*Hxx,0.02,0.9255688091080695
0.7447846779021134,1.3064403068118855,0.0,-1.0516068419542215,0;0;-1.05160684195;0;0;0;0;0.0749551408049;0;0;0;0,53207.22444295257,0.005,1161,3e-06,1.2474524934466835,,0.000441571466164983,0.3875398000000132,ok,same_stridge_core,Hx;H*Hxx,0.02,0.9282091467889682
0.7455286129954057,1.3131986910409437,0.19269621032347325,-1.2179794081828352,0;0;-1.21797940818;0.192696210323;-1.75648761017;0;0;0;0.121234456467;0;0;0,53197.238312151036,0.005,1162,3e-06,1.7085410679320883,,0.0005883352512542769,0.40180349999997134,ok,same_stridge_core,Hx;D_x^1.313199 H;Hxxx;H*Hxxx,0.020046896630706156,1.070174208186276
0.744902444063112,1.306937355670889,0.0,-1.0568668912397723,0;0;-1.05686689124;0;-0.122360881127;0;0;0.0737730676131;0;0;0;0,53206.49105472984,0.005,1163,3e-06,1.4035775109056037,,0.00043805037674514603,0.40407519999996566,ok,same_stridge_core,Hx;Hxxx;H*Hxx,0.02,0.9247190914130351
0.7442695208646589,1.3695116019436469,0.0,-1.0530209918198066,0;0;-1.05302099182;0;0;0;0;0.0747498692453;0;0;0;0,53113.66299022544,0.005,1164,3e-06,1.2474488022184846,,0.0004422892434362084,0.3903445999999917,ok,same_stridge_core,Hx;H*Hxx,0.025,0.928766824277132
0.7448011444221392,1.306283122363948,0.0,-1.0515616673398,0;0;-1.05156166734;0;0;0;0;0.0749616943701;0;0;0;0,53207.45639693572,0.005,1165,3e-06,1.2474374286234196,,0.0004415498285699322,0.3837090000000103,ok,same_stridge_core,Hx;H*Hxx,0.02,0.9281926902418052
0.7449683011034781,1.308254714152902,0.19056826911482985,-1.2204079430291583,0;0;-1.22040794303;0.190568269115;-1.75610047853;0;0;0;0.119029371334;0;0;0,53204.5464054866,0.005,1166,3e-06,1.7101300141549778,,0.0005897394682126047,0.37711419999999407,ok,same_stridge_core,Hx;D_x^1.308255 H;Hxxx;H*Hxxx,0.02,1.0716754572891385
0.7447853770706458,1.239819548246345,0.0,-1.057165475690567,0;0;-1.05716547569;0;-0.121865970016;0;0;0.0737314509399;0;0;0;0,53303.338082396156,0.005,1167,3e-06,1.4046021580120445,,0.0004382290928196793,0.27984020000002374,ok,same_stridge_core,Hx;Hxxx;H*Hxx,0.01772727272727272,0.9248721152704791
0.7443049715214857,1.3002600738691883,0.0,-1.0529236321218252,0;0;-1.05292363212;0;0;0;0;0.0747640088867;0;0;0;0,53216.32902272394,0.005,1168,3e-06,1.248023600544181,,0.000442237215928201,0.35326390000000174,ok,same_stridge_core,Hx;H*Hxx,0.02,0.9287256264078372
0.7449772755458972,1.3065463069070526,0.19001113836870406,-1.2209006961278155,0;0;-1.22090069613;0.190011138369;-1.76328724404;0;0;0;0.119179451637;0;0;0,53207.06807932305,0.005,1169,3e-06,1.7122672828641479,,0.0005920107750057067,0.3636402000000203,ok,same_stridge_core,Hx;D_x^1.306546 H;Hxxx;H*Hxxx,0.0304689705356372,1.0737824659122712
0.7450157014945986,1.3134191438203702,0.0,-1.0565780848205575,0;0;-1.05657808482;0;-0.122839582826;0;0;0.073813309706;0;0;0;0,53196.912160916916,0.005,1170,3e-06,1.4033474231195486,,0.0004378814081338184,0.38708449999995764,ok,same_stridge_core,Hx;Hxxx;H*Hxx,0.02,0.9245752136712964
0.7450327114608777,1.3057375785106944,0.1897914063529252,-1.2210468465191806,0;0;-1.22104684652;0.189791406353;-1.76854443352;0;0;0;0.119480801576;0;0;0,53208.26116853674,0.005,1171,3e-06,1.7136866131268202,,0.0005935466197220596,0.3712256000000025,ok,same_stridge_core,Hx;D_x^1.305738 H;Hxxx;H*Hxxx,0.02,1.0751874791043794
0.7448153823944835,1.3060024788517093,0.0,-1.0515225992696644,0;0;-1.05152259927;0;0;0;0;0.0749673634834;0;0;0;0,53207.870453961455,0.005,1172,3e-06,1.2474258716165962,,0.000441531239011533,0.38730079999999134,ok,same_stridge_core,Hx;H*Hxx,0.02,0.9281786488928274
0.7448661482836759,1.3084643043408248,0.0,-1.0569594546531154,0;0;-1.05695945465;0;-0.122207375216;0;0;0.0737601698568;0;0;0;0,53204.2369563697,0.005,1173,3e-06,1.4036043944289522,,0.00043810532004037565,0.37017409999998563,ok,same_stridge_core,Hx;Hxxx;H*Hxx,0.02,0.9247662618216249
0.7448799764979899,1.3054400788999332,0.0,-1.0513453905073116,0;0;-1.05134539051;0;0;0;0;0.0749930695995;0;0;0;0,53208.6999021544,0.005,1174,3e-06,1.24736784123319,,0.00044144774453972493,0.2707687000000192,ok,same_stridge_core,Hx;H*Hxx,0.02,0.9281156418202635
0.7449684027381108,1.311463566532218,0.0,-1.056698686456461,0;0;-1.05669868646;0;-0.122639654772;0;0;0.073796508278;0;0;0;0,53199.8048264119,0.005,1175,3e-06,1.4034330928216079,,0.0004379514449525384,0.38704410000002554,ok,same_stridge_core,Hx;Hxxx;H*Hxx,0.02,0.9246348493839007
0.7447075609682438,1.3496957336832118,0.0,-1.0573639832807218,0;0;-1.05736398328;0;-0.121536811347;0;0;0.0737037755398;0;0;0;0,53143.0221923707,0.005,1176,3e-06,1.4032635633603248,,0.00043835032431850597,0.3752220999999736,ok,same_stridge_core,Hx;Hxxx;H*Hxx,0.02,0.9249763636289884
0.7443524162466825,1.3004678601053001,0.0,-1.052793345893748,0;0;-1.05279334589;0;0;0;0;0.0747829252455;0;0;0;0,53216.02345026182,0.005,1177,3e-06,1.2479673180699355,,0.0004421681256903128,0.13782800000001316,ok,same_stridge_core,Hx;H*Hxx,0.02,0.9286711773683646
0.7444042428504837,1.3492749498199563,0.0,-1.0581380425793265,0;0;-1.05813804258;0;-0.120254086009;0;0;0.0735958105536;0;0;0;0,53143.64756811207,0.005,1178,3e-06,1.4036933255363333,,0.0004388399027669848,0.3704054000000383,ok,same_stridge_core,Hx;Hxxx;H*Hxx,0.02,0.9254004974233246
0.744780209176164,1.2813392920904534,0.18153692553422845,-1.228615607272275,0;0;-1.22861560727;0.181536925534;-1.85350940942;0;0;0;0.119001374734;0;0;0,53244.00267715252,0.005,1179,3e-06,1.7430899126596908,,0.0006250869818624822,0.271153599999991,ok,same_stridge_core,Hx;D_x^1.281339 H;Hxxx;H*Hxxx,0.03521512605042016,1.1041618805338607
0.7449166807089319,1.3040836103266744,0.18914532667300035,-1.2217341604570258,0;0;-1.22173416046;0.189145326673;-1.77091171001;0;0;0;0.119047827284;0;0;0,53210.69968875665,0.005,1180,3e-06,1.714801276640696,,0.00059467292652113,0.3595841000000064,ok,same_stridge_core,Hx;D_x^1.304084 H;Hxxx;H*Hxxx,0.02453836592978893,1.076272880375616
0.7447854461024835,1.3060440104507296,0.0,-1.0516047337315733,0;0;-1.05160473373;0;0;0;0;0.074955446893;0;0;0;0,53207.80921223828,0.005,1181,3e-06,1.2474551831479386,,0.0004415704313692322,0.37874269999997523,ok,same_stridge_core,Hx;H*Hxx,0.02,0.9282083278745088
0.7449929037448841,1.308042750750567,0.19051946395804223,-1.220429233927223,0;0;-1.22042923393;0.190519463958;-1.75785005127;0;0;0;0.119155527415;0;0;0,53204.85929050372,0.005,1182,3e-06,1.7105765148709198,,0.0005902251021123196,0.37454880000001367,ok,same_stridge_core,Hx;D_x^1.308043 H;Hxxx;H*Hxxx,0.02991972888467597,1.072118203384875
0.7439684908698532,1.2644952698529184,0.0,-1.0538479702361825,0;0;-1.05384797024;0;0;0;0;0.074629723319;0;0;0;0,53268.33023746571,0.005,1183,3e-06,1.2487431297339264,,0.00044274701192549256,0.2636329000000046,ok,same_stridge_core,Hx;H*Hxx,0.02,0.9291331483091322
0.744814716585907,1.3054934301851107,0.0,-1.0515244265777022,0;0;-1.05152442658;0;0;0;0;0.0749670983401;0;0;0;0,53208.62126148312,0.005,1184,3e-06,1.2474310486523152,,0.0004415321237313267,0.380252100000007,ok,same_stridge_core,Hx;H*Hxx,0.02,0.9281793210834166
0.744832521394613,1.304981273748628,0.0,-1.0514755787025052,0;0;-1.0514755787;0;0;0;0;0.0749741841155;0;0;0;0,53209.37637899562,0.005,1185,3e-06,1.247418083747721,,0.0004415089707201201,0.3778108000000202,ok,same_stridge_core,Hx;H*Hxx,0.02,0.928161825473747
0.7448766839816798,1.3073850800260982,0.0,-1.0569325852700584,0;0;-1.05693258527;0;-0.122251902132;0;0;0.0737639138943;0;0;0;0,53205.83029924954,0.005,1186,3e-06,1.403604986795417,,0.0004380893290183795,0.3875332000000071,ok,same_stridge_core,Hx;Hxxx;H*Hxx,0.02,0.9247525141021713
0.7448606108360319,1.309789148479318,0.0,-1.0569735809607161,0;0;-1.05697358096;0;-0.122184031164;0;0;0.0737581994413;0;0;0;0,53202.27983861956,0.005,1187,3e-06,1.4035938996823705,,0.0004381137547183667,0.27256439999996473,ok,same_stridge_core,Hx;Hxxx;H*Hxx,0.02,0.9247733811347945
0.7448249008223531,1.3032967080503801,0.0,-1.0514964873700439,0;0;-1.05149648737;0;0;0;0;0.0749711513692;0;0;0;0,53211.85918937692,0.005,1188,3e-06,1.2474404228245468,,0.0004415188427399578,0.36361049999999295,ok,same_stridge_core,Hx;H*Hxx,0.02,0.9281692676882852
0.7450300294914545,1.3026633274307977,0.18877268051130636,-1.2219627258654164,0;0;-1.22196272587;0.188772680511;-1.78068505907;0;0;0;0.119638527676;0;0;0,53212.792047996525,0.005,1189,3e-06,1.7174489347360624,,0.0005975518300485339,0.36965770000000475,ok,same_stridge_core,Hx;D_x^1.302663 H;Hxxx;H*Hxxx,0.02,1.0788954301601041
0.7448349219321081,1.3040036304895963,0.0,-1.0514689923398977,0;0;-1.05146899234;0;0;0;0;0.074975139613;0;0;0;0,53210.817457254045,0.005,1190,3e-06,1.2474244007034478,,0.00044150584350748166,0.3751350000000002,ok,same_stridge_core,Hx;H*Hxx,0.02,0.9281594959599235
0.7445626172098605,1.3050123303111332,0.0,-1.0522162512848101,0;0;-1.05221625128;0;0;0;0;0.0748667078501;0;0;0;0,53209.33062547238,0.005,1191,3e-06,1.2476947514735286,,0.00044187077129984596,0.3657814999999687,ok,same_stridge_core,Hx;H*Hxx,0.02,0.9284387677206943
0.7449261924832822,1.3013124460651888,0.18823825993043328,-1.2225380038513451,0;0;-1.22253800385;0.18823825993;-1.7822455401;0;0;0;0.11923436664;0;0;0,53214.78081022425,0.005,1192,3e-06,1.7183027477419794,,0.0005984092521712169,0.36497510000003786,ok,same_stridge_core,Hx;D_x^1.301312 H;Hxxx;H*Hxxx,0.02,1.0797253780192886
0.7449184690554341,1.3063095073781223,0.0,-1.0512398001554846,0;0;-1.05123980016;0;0;0;0;0.0750083841159;0;0;0;0,53207.4175499949,0.005,1193,3e-06,1.247323248672625,,0.0004413985731924387,0.3848777000000041,ok,same_stridge_core,Hx;H*Hxx,0.02,0.9280787433726555
0.7449622889971406,1.30531693493089,0.189591881168557,-1.2212911333007967,0;0;-1.2212911333;0.189591881169;-1.76765781919;0;0;0;0.119185046935;0;0;0,53208.88149452874,0.005,1194,3e-06,1.7136484072351537,,0.0005934702385124446,0.13858089999996537,ok,same_stridge_core,Hx;D_x^1.305317 H;Hxxx;H*Hxxx,0.02,1.0751418293008088
0.7449408922985145,1.306283122363948,0.0,-1.0567688374634323,0;0;-1.05676883746;0;-0.122523307355;0;0;0.0737867329008;0;0;0;0,53207.45639693572,0.005,1195,3e-06,1.403537026673067,,0.0004379925649654521,0.12663009999999986,ok,same_stridge_core,Hx;Hxxx;H*Hxx,0.019493039416723635,0.9246699191006456
0.7449203702123361,1.303943727196042,0.1891022750949166,-1.2217693523774702,0;0;-1.22176935238;0.189102275095;-1.77160281058;0;0;0;0.119072321431;0;0;0,53210.90570519938,0.005,1196,3e-06,1.7150022135125749,,0.0005948885791319621,0.1290620000000331,ok,same_stridge_core,Hx;D_x^1.303944 H;Hxxx;H*Hxxx,0.039441280530169404,1.0764713450501824
0.7450508017069888,1.3067755458510804,0.1901502943928778,-1.2207078140716456,0;0;-1.22070781407;0.190150294393;-1.76504875848;0;0;0;0.119500196899;0;0;0,53206.72976988427,0.005,1197,3e-06,1.7125628533040391,,0.000592361909862187,0.3636048000000187,ok,same_stridge_core,Hx;D_x^1.306776 H;Hxxx;H*Hxxx,0.045875,1.074082096065428
0.7451886644154571,1.3046133894655907,0.18955308561851275,-1.221116090595193,0;0;-1.2211160906;0.189553085619;-1.7787136191;0;0;0;0.120254665702;0;0;0,53209.918812558484,0.005,1198,3e-06,1.7162939023043255,,0.0005964015902317044,0.37945860000002085,ok,same_stridge_core,Hx;D_x^1.304613 H;Hxxx;H*Hxxx,0.0244073683818143,1.0777748765536237
0.7449622020924671,1.3049746768538844,0.18947869208091442,-1.2213928192175043,0;0;-1.22139281922;0.189478692081;-1.7690207058;0;0;0;0.119204516044;0;0;0,53209.3861057527,0.005,1199,3e-06,1.71406634433716,,0.0005939145210518316,0.3681207999999856,ok,same_stridge_core,Hx;D_x^1.304975 H;Hxxx;H*Hxxx,0.046375,1.0755537110681275
0.7448872474545989,1.304174632540824,0.0,-1.0513254450664853,0;0;-1.05132544507;0;0;0;0;0.0749959612085;0;0;0;0,53210.56552437463,0.005,1200,3e-06,1.2473719734955622,,0.00044143839666149233,0.3835485000000176,ok,same_stridge_core,Hx;H*Hxx,0.02,0.9281085803493144
0.7448855680871095,1.3114620666575154,0.0,-1.056909928270327,0;0;-1.05690992827;0;-0.122289466361;0;0;0.0737670705743;0;0;0;0,53199.80714334103,0.005,1201,3e-06,1.4035391973152445,,0.0004380758508335231,0.3695411999999578,ok,same_stridge_core,Hx;Hxxx;H*Hxx,0.02,0.9247409330251751
0.7448153823944835,1.305974573048727,0.0,-1.0515225992696609,0;0;-1.05152259927;0;0;0;0;0.0749673634834;0;0;0;0,53207.91156634809,0.005,1202,3e-06,1.247426118290916,,0.000441531239011533,0.26116250000001173,ok,same_stridge_core,Hx;H*Hxx,0.02,0.9281786488928275
0.7449297342531895,1.3028478790694427,0.18874831190959795,-1.2220779759325031,0;0;-1.22207797593;0.18874831191;-1.77629743777;0;0;0;0.119173587751;0;0;0,53212.52025621738,0.005,1203,3e-06,1.7164266099983143,,0.0005964100891150486,0.36775569999997515,ok,same_stridge_core,Hx;D_x^1.302848 H;Hxxx;H*Hxxx,0.02,1.0778763669237057
0.7448918190447165,1.3076772086009125,0.0,-1.0568939888501692,0;0;-1.05689398885;0;-0.122315924833;0;0;0.0737692919999;0;0;0;0,53205.39903551866,0.005,1204,3e-06,1.4035813383641718,,0.00043806639006924863,0.373174199999994,ok,same_stridge_core,Hx;Hxxx;H*Hxx,0.02,0.9247327470445039
0.7446607636824396,1.3079224661850468,0.0,-1.051946873882446,0;0;-1.05194687388;0;0;0;0;0.0749058043089;0;0;0;0,53205.03697025698,0.005,1205,3e-06,1.247565629619293,,0.0004417366397832678,0.26930199999998194,ok,same_stridge_core,Hx;H*Hxx,0.02,0.928335407797751
0.7448542197348388,1.3074712073141517,0.0,-1.0569898823197406,0;0;-1.05698988232;0;-0.122157025392;0;0;0.0737559264349;0;0;0;0,53205.70309960086,0.005,1206,3e-06,1.403633024075352,,0.00043812351263049454,0.3688641999999618,ok,same_stridge_core,Hx;Hxxx;H*Hxx,0.02,0.9247816961789442
0.744729861334154,1.3094985353997763,0.0,-1.0573070981312678,0;0;-1.05730709813;0;-0.121631228989;0;0;0.073711705978;0;0;0;0,53202.7092210998,0.005,1207,3e-06,1.4037706784682566,,0.0004383153756928068,0.27073530000001256,ok,same_stridge_core,Hx;Hxxx;H*Hxx,0.02,0.9249462954783584
0.7449690161258571,1.307997849368646,0.0,-1.0566971221525017,0;0;-1.05669712215;0;-0.122642249719;0;0;0.0737967262015;0;0;0;0,53204.92573359573,0.005,1208,3e-06,1.4034784166741876,,0.0004379505242054535,0.3818074000000138,ok,same_stridge_core,Hx;Hxxx;H*Hxx,0.019652548036758578,0.924634085071826
0.7450909798732676,1.3079880238312633,0.19058620860504982,-1.220278986815062,0;0;-1.22027898682;0.190586208605;-1.76164505309;0;0;0;0.119606326951;0;0;0,53204.94020801285,0.005,1209,3e-06,1.7114055163170483,,0.0005911535507773477,0.3864025999999967,ok,same_stridge_core,Hx;D_x^1.307988 H;Hxxx;H*Hxxx,0.04233983686067018,1.0729462338208942
0.7448109719582994,1.3068247681846423,0.0,-1.0515346997344321,0;0;-1.05153469973;0;0;0;0;0.0749656080116;0;0;0;0,53206.65720281998,0.005,1210,3e-06,1.2474229707555768,,0.00044153703266284675,0.37213580000002366,ok,same_stridge_core,Hx;H*Hxx,0.02,0.9281830275386569
0.7449204832777558,1.3055933852433692,0.0,-1.0512342752164403,0;0;-1.05123427522;0;0;0;0;0.0750091854391;0;0;0;0,53208.47386320515,0.005,1211,3e-06,1.2473276650738352,,0.0004413960041900692,0.38239800000002333,ok,same_stridge_core,Hx;H*Hxx,0.02,0.9280768218946043
0.7448985731965017,1.307587222405156,0.0,-1.05687676185238,0;0;-1.05687676185;0;-0.122344509287;0;0;0.0737716925917;0;0;0;0,53205.531941621055,0.005,1212,3e-06,1.4035738900485104,,0.00043805620977489844,0.143501399999991,ok,same_stridge_core,Hx;Hxxx;H*Hxx,0.02,0.9247241025739209
0.7449739188564154,1.3047453685790418,0.18941294289497437,-1.221440963530918,0;0;-1.22144096353;0.189412942895;-1.77036229802;0;0;0;0.119270926594;0;0;0,53209.724169289104,0.005,1213,3e-06,1.714439310484721,,0.0005943170724151015,0.3890266000000224,ok,same_stridge_core,Hx;D_x^1.304745 H;Hxxx;H*Hxxx,0.03432684526802175,1.075922620453252
0.7448197033264845,1.3057349081701217,0.0,-1.0515107455373824,0;0;-1.05151074554;0;0;0;0;0.0749690828161;0;0;0;0,53208.264995936996,0.005,1214,3e-06,1.2474240683006472,,0.0004415256425281173,0.37444379999999455,ok,same_stridge_core,Hx;H*Hxx,0.02,0.9281744783250253
0.7448886804117685,1.304670322138914,0.0,-1.0513215142866632,0;0;-1.05132151429;0;0;0;0;0.0749965309726;0;0;0;0,53209.83478200749,0.005,1215,3e-06,1.247366279993704,,0.0004414365970665645,0.13768229999999448,ok,same_stridge_core,Hx;H*Hxx,0.02,0.928107271301659
0.7449142365102749,1.303487015957648,0.18894619073095986,-1.2219150236613194,0;0;-1.22191502366;0.188946190731;-1.77319508409;0;0;0;0.11906931138;0;0;0,53211.57883952814,0.005,1216,3e-06,1.715515752339932,,0.0005954320903509245,0.3632326999999691,ok,same_stridge_core,Hx;D_x^1.303487 H;Hxxx;H*Hxxx,0.026260038986354785,1.0769768062655944
0.7448606108360319,1.2821898243906948,0.0,-1.0569735809607164,0;0;-1.05697358096;0;-0.122184031164;0;0;0.0737581994413;0;0;0;0,53242.76606265049,0.005,1217,3e-06,1.4039582756986486,,0.00043811375471836664,0.2814966000000254,ok,same_stridge_core,Hx;Hxxx;H*Hxx,0.01642857142857143,0.9247733811347941
0.7448577381578712,1.3065595859165064,0.0,-1.0514063965333058,0;0;-1.05140639653;0;0;0;0;0.0749842199823;0;0;0;0,53207.0485276339,0.005,1218,3e-06,1.2473795118112447,,0.0004414763870685888,0.37924860000003946,ok,same_stridge_core,Hx;H*Hxx,0.02,0.9281372206454414
0.7447750591041447,1.3071143898173743,0.0,-1.051633235551899,0;0;-1.05163323555;0;0;0;0;0.0749513120587;0;0;0;0,53206.229819303124,0.005,1219,3e-06,1.2474562577970623,,0.00044158413811088185,0.26865470000001324,ok,same_stridge_core,Hx;H*Hxx,0.02,0.9282188788812434
0.7447758199614777,1.3040036304895963,0.0,-1.0516311478104263,0;0;-1.05163114781;0;0;0;0;0.07495161432;0;0;0;0,53210.817457254045,0.005,1220,3e-06,1.2474830207228316,,0.0004415831264061605,0.1362128000000098,ok,same_stridge_core,Hx;H*Hxx,0.02,0.9282181159793073
0.7447846779021134,1.303023281819032,0.0,-1.0516068419542193,0;0;-1.05160684195;0;0;0;0;0.0749551408049;0;0;0;0,53212.26187837847,0.005,1221,3e-06,1.247482718059239,,0.000441571466164983,0.26554840000000013,ok,same_stridge_core,Hx;H*Hxx,0.02,0.9282091467889682
0.7447374770334175,1.3010358469355388,0.0,-1.0517363581199786,0;0;-1.05173635812;0;0;0;0;0.0749363498441;0;0;0;0,53215.187773323945,0.005,1222,3e-06,1.2475478258788446,,0.00044163378739917557,0.14503059999998413,ok,same_stridge_core,Hx;H*Hxx,0.02,0.928256699238901
0.7449379093300009,1.3064582090511725,0.1899481140131608,-1.2209936643046486,0;0;-1.2209936643;0.189948114013;-1.76220497306;0;0;0;0.119005564293;0;0;0,53207.198001675344,0.005,1223,3e-06,1.7120673394429615,,0.0005917784086381796,0.3639021999999841,ok,same_stridge_core,Hx;D_x^1.306458 H;Hxxx;H*Hxxx,0.02936964132051278,1.0735809634228575
0.7447958734299729,1.3080588244844171,0.0,-1.057138703350063,0;0;-1.05713870335;0;-0.121910266064;0;0;0.0737351811723;0;0;0;0,53204.8356276364,0.005,1224,3e-06,1.403701695829188,,0.00043821288004361513,0.3599844000000303,ok,same_stridge_core,Hx;Hxxx;H*Hxx,0.02,0.9248581751804603
0.7448767664826053,1.3058808960549493,0.0,-1.0513541972144707,0;0;-1.05135419721;0;0;0;0;0.0749917916667;0;0;0;0,53208.04979744043,0.005,1225,3e-06,1.247367073446355,,0.0004414518503952005,0.3754506999999876,ok,same_stridge_core,Hx;H*Hxx,0.02,0.9281187746617124
0.745429459056821,1.2827237256990471,0.18250937500545258,-1.2271267525177063,0;0;-1.22712675252;0.182509375005;-1.87196980928;0;0;0;0.121899972418;0;0;0,53241.98927147296,0.005,1226,3e-06,1.7467403010361335,,0.0006294452420513767,0.36091389999995727,ok,same_stridge_core,Hx;D_x^1.282724 H;Hxxx;H*Hxxx,0.02,1.107836429778458
0.7448714912653067,1.3036337801947444,0.0,-1.0513686685466848,0;0;-1.05136866855;0;0;0;0;0.0749896922189;0;0;0;0,53211.36261806969,0.005,1227,3e-06,1.2473920877806295,,0.0004414586342345463,0.3880480999999918,ok,same_stridge_core,Hx;H*Hxx,0.02,0.9281239120722115
0.7446743685163589,1.3047583688936693,0.0,-1.051909539465906,0;0;-1.05190953947;0;0;0;0;0.0749112204694;0;0;0;0,53209.704964438184,0.005,1228,3e-06,1.2475796277190376,,0.0004417182445073704,0.37751819999999725,ok,same_stridge_core,Hx;H*Hxx,0.02,0.9283213979324084
0.745003126508758,1.3083033675327223,0.19061451469827287,-1.2203343150228054,0;0;-1.22033431502;0.190614514698;-1.75717402822;0;0;0;0.119184979365;0;0;0,53204.47466582785,0.005,1229,3e-06,1.710341585767427,,0.0005899812062559808,0.3796093000000269,ok,same_stridge_core,Hx;D_x^1.308303 H;Hxxx;H*Hxxx,0.02,1.0718878897774926
0.7449715948016238,1.3066185823174732,0.190030137946584,-1.2208888633009591,0;0;-1.2208888633;0.190030137947;-1.76279051295;0;0;0;0.119149092878;0;0;0,53206.96152109979,0.005,1230,3e-06,1.7121352137547632,,0.0005918675714745004,0.3754097999999999,ok,same_stridge_core,Hx;D_x^1.306619 H;Hxxx;H*Hxxx,0.02,1.0736516755015657
0.7448528750271404,1.307720477272814,0.0,-1.056993311143218,0;0;-1.05699331114;0;-0.122151298552;0;0;0.0737554491175;0;0;0;0,53205.33513066947,0.005,1231,3e-06,1.4036313623601164,,0.0004381255599348862,0.3703372999999601,ok,same_stridge_core,Hx;Hxxx;H*Hxx,0.02,0.9247833461840913
0.7450593892578281,1.3060024788517093,0.18990194306212266,-1.2209229359472944,0;0;-1.22092293595;0.189901943062;-1.76845750163;0;0;0;0.119586419084;0;0;0,53207.870453961455,0.005,1232,3e-06,1.713572117268018,,0.0005934385513030584,0.12686899999999923,ok,same_stridge_core,Hx;D_x^1.306002 H;Hxxx;H*Hxxx,0.02936966460370443,1.0750776718204806
0.7449159745643755,1.306463976986206,0.0,-1.0512466437862322,0;0;-1.05124664379;0;0;0;0;0.0750073911387;0;0;0;0,53207.18948115266,0.005,1233,3e-06,1.2473242676846832,,0.00044140174904747906,0.36020500000000766,ok,same_stridge_core,Hx;H*Hxx,0.02,0.9280811307977672
0.7448799764979899,1.3038816979298036,0.0,-1.051345390507312,0;0;-1.05134539051;0;0;0;0;0.0749930695995;0;0;0;0,53210.997242319405,0.005,1234,3e-06,1.2473816252741798,,0.00044144774453972493,0.25934499999999616,ok,same_stridge_core,Hx;H*Hxx,0.02,0.9281156418202635
0.7448901857737331,1.3051782196672854,0.0,-1.0513173852381636,0;0;-1.05131738524;0;0;0;0;0.0749971292702;0;0;0;0,53209.08603639356,0.005,1235,3e-06,1.2473602631733702,,0.00044143465554092573,0.3649189000000206,ok,same_stridge_core,Hx;H*Hxx,0.02,0.9281057469550089
0.7449849321351177,1.305191748726489,0.0,-1.056656538816609,0;0;-1.05665653882;0;-0.12270949351;0;0;0.0738023812957;0;0;0;0,53209.06613500716,0.005,1236,3e-06,1.4034954206082295,,0.00043792689034527835,0.37830179999997426,ok,same_stridge_core,Hx;Hxxx;H*Hxx,0.019763157894736857,0.9246138253931651
0.7449734853100873,1.305732071865991,0.18973870279526375,-1.221148933334842,0;0;-1.22114893333;0.189738702795;-1.76640729811;0;0;0;0.119211490998;0;0;0,53208.269230575264,0.005,1237,3e-06,1.713229205847024,,0.0005930303707806985,0.36428280000001223,ok,same_stridge_core,Hx;D_x^1.305732 H;Hxxx;H*Hxxx,0.02,1.0747299750801207
0.7449367306652697,1.3069716992733222,0.0,-1.0567794515684124,0;0;-1.05677945157;0;-0.122505755368;0;0;0.0737852540301;0;0;0;0,53206.440357088846,0.005,1238,3e-06,1.403533298734682,,0.00043799881201354407,0.3733151999999791,ok,same_stridge_core,Hx;Hxxx;H*Hxx,0.02,0.9246753355208824
0.7450243290715272,1.307349357057993,0.05821372045993168,-1.0593462516012433,0.0201519785826;0;-1.0593462516;0.0582137204599;0.560000710738;0;0;0.0747479446668;-0.030898439543;0;0;0,53205.88286954714,0.005,1239,3e-06,1.772322416346145,,0.00034543099848899204,0.37184739999997873,ok,same_stridge_core,1;Hx;D_x^1.307349 H;Hxxx;H*Hxx;H*Hxxx,0.01,0.8146165246942967
0.7447955732061425,1.3066465006731773,0.0,-1.051576951310199,0;0;-1.05157695131;0;0;0;0;0.0749594766504;0;0;0;0,53206.920262971515,0.005,1240,3e-06,1.2474397382263203,,0.0004415571357534774,0.3841675999999552,ok,same_stridge_core,Hx;H*Hxx,0.02,0.9281982166484912
0.7454397747394413,1.2794510764905114,0.18143540150263401,-1.2280538084971333,0;0;-1.2280538085;0.181435401503;-1.88447608015;0;0;0;0.121913758259;0;0;0,53246.74533504671,0.005,1241,3e-06,1.751335837865511,,0.0006344994320641611,0.38292529999995395,ok,same_stridge_core,Hx;D_x^1.279451 H;Hxxx;H*Hxxx,0.019442188331124946,1.1123748938449505
0.7448562620481423,1.3058855383729122,0.0,-1.0514104457216964,0;0;-1.05141044572;0;0;0;0;0.0749836324515;0;0;0;0,53208.04296438517,0.005,1242,3e-06,1.2473868788847562,,0.0004414782796918897,0.37435399999998253,ok,same_stridge_core,Hx;H*Hxx,0.02,0.9281386210984452
0.7449005810582766,1.3072972200519586,0.0,-1.0568716440911379,0;0;-1.05687164409;0;-0.12235304481;0;0;0.0737724052861;0;0;0;0,53205.95993280807,0.005,1243,3e-06,1.403575165344744,,0.00043805317930483274,0.3619761999999582,ok,same_stridge_core,Hx;Hxxx;H*Hxx,0.02,0.9247215259494712
0.7448197033264845,1.3311585686251186,0.0,-1.0570779187687669,0;0;-1.05707791877;0;-0.122011067067;0;0;0.0737436568818;0;0;0;0,53170.59092417943,0.005,1244,3e-06,1.4033622243644368,,0.00043817625200679903,0.2728938999999855,ok,same_stridge_core,Hx;Hxxx;H*Hxx,0.02,0.9248269060468218
0.7450744513833847,1.304670322138914,0.18947420493314662,-1.2212927989808882,0;0;-1.22129279898;0.189474204933;-1.77432579647;0;0;0;0.119732377009;0;0;0,53209.83478200749,0.005,1245,3e-06,1.7153225078114644,,0.0005953083935160311,0.13051039999999148,ok,same_stridge_core,Hx;D_x^1.30467 H;Hxxx;H*Hxxx,0.046125,1.0768044904273746
0.7448562620481423,1.3058855383729122,0.0,-1.051410445721699,0;0;-1.05141044572;0;0;0;0;0.0749836324515;0;0;0;0,53208.04296438517,0.005,1246,3e-06,1.2473868788847564,,0.0004414782796918897,0.027019800000005034,ok,same_stridge_core,Hx;H*Hxx,0.02,0.9281386210984454
0.7448606108360319,1.3035124414433121,0.0,-1.0513985156494017,0;0;-1.05139851565;0;0;0;0;0.0749853625516;0;0;0;0,53211.541280872945,0.005,1247,3e-06,1.2474036684043535,,0.0004414726482290524,0.27271059999998215,ok,same_stridge_core,Hx;H*Hxx,0.02,0.9281344207191158
0.7449623746778977,1.3065595859165064,0.1900026953306073,-1.220922038595415,0;0;-1.2209220386;0.190002695331;-1.76269077332;0;0;0;0.11911073903;0;0;0,53207.0485276339,0.005,1248,3e-06,1.7121348845442568,,0.0005918626642982338,0.12670289999999795,ok,same_stridge_core,Hx;D_x^1.30656 H;Hxxx;H*Hxxx,0.02702419510314247,1.0736503022126498
0.7448702369721575,1.3071143898173743,0.0,-1.0569490261069547,0;0;-1.05694902611;0;-0.122224632394;0;0;0.0737616227049;0;0;0;0,53206.229819303124,0.005,1249,3e-06,1.4036169501475277,,0.00043809909696192136,0.1342335999999591,ok,same_stridge_core,Hx;Hxxx;H*Hxx,0.02,0.9247608817737996
0.7448349219321081,1.3062256646159285,0.0,-1.0514689923398957,0;0;-1.05146899234;0;0;0;0;0.074975139613;0;0;0;0,53207.54120723452,0.005,1250,3e-06,1.2474047432033306,,0.00044150584350748166,0.27068099999996775,ok,same_stridge_core,Hx;H*Hxx,0.02,0.9281594959599235
0.7447846779021134,1.3065668824423806,0.0,-1.0516068419542215,0;0;-1.05160684195;0;0;0;0;0.0749551408049;0;0;0;0,53207.03772424915,0.005,1251,3e-06,1.2474513731344632,,0.000441571466164983,0.2689287999999692,ok,same_stridge_core,Hx;H*Hxx,0.02,0.9282091467889682
0.7449272609424707,1.3050095585151993,0.18946026656695863,-1.2214417162541167,0;0;-1.22144171625;0.189460266567;-1.76760755891;0;0;0;0.119043502844;0;0;0,53209.334669446296,0.005,1252,3e-06,1.713749646492606,,0.0005935599530902223,0.3807366000000343,ok,same_stridge_core,Hx;D_x^1.30501 H;Hxxx;H*Hxxx,0.03156369784764845,1.0752376304592504
0.7449815584956676,1.305271829594382,0.1895935025290502,-1.2212718385020165,0;0;-1.2212718385;0.189593502529;-1.7685403636;0;0;0;0.119275367746;0;0;0,53208.947898320286,0.005,1253,3e-06,1.7138545376041723,,0.0005936992677346703,0.3647412999999915,ok,same_stridge_core,Hx;D_x^1.305272 H;Hxxx;H*Hxxx,0.02,1.0753471628243287
0.7449730176623423,1.3078238652309369,0.1904298738765845,-1.2205281240658596,0;0;-1.22052812407;0.190429873877;-1.7580051055;0;0;0;0.119079105001;0;0;0,53205.18267394612,0.005,1254,3e-06,1.7106863854667602,,0.0005903314878640886,0.36904649999996764,ok,same_stridge_core,Hx;D_x^1.307824 H;Hxxx;H*Hxxx,0.0244073683818143,1.0722241933794068
0.7448138027521128,1.3064884410024384,0.0,-1.0515269348940506,0;0;-1.05152693489;0;0;0;0;0.0749667339419;0;0;0;0,53207.15347971219,0.005,1255,3e-06,1.2474231518429866,,0.0004415333196874488,0.36497880000001715,ok,same_stridge_core,Hx;H*Hxx,0.02,0.9281802309647134
0.7449548313078129,1.3091092533413722,0.0,-1.0567332936018887,0;0;-1.0567332936;0;-0.122582305118;0;0;0.0737916848685;0;0;0;0,53203.28431504567,0.005,1256,3e-06,1.403481789867603,,0.00043797173389616476,0.38586170000002085,ok,same_stridge_core,Hx;Hxxx;H*Hxx,0.02,0.924652231032192
0.7447775488530401,1.3054140290231857,0.0,-1.051626402331899,0;0;-1.05162640233;0;0;0;0;0.0749523026756;0;0;0;0,53208.73829872831,0.005,1257,3e-06,1.2474687964656863,,0.000441580819912641,0.3992941000000201,ok,same_stridge_core,Hx;H*Hxx,0.02,0.9282163666733163
0.7443714829877142,1.331534054513659,0.0,-1.0582216719738506,0;0;-1.05822167197;0;-0.120115667214;0;0;0.0735841421493;0;0;0;0,53170.032827230825,0.005,1258,3e-06,1.403978389389973,,0.00043889443841481753,0.3670569999999884,ok,same_stridge_core,Hx;Hxxx;H*Hxx,0.02,0.9254480939448956
0.7448355890497108,1.3031845404096745,0.0,-1.0514671632429466,0;0;-1.05146716324;0;0;0;0;0.0749754043801;0;0;0;0,53212.02433496704,0.005,1259,3e-06,1.2474309786028006,,0.0004415049785455647,0.2724162000000092,ok,same_stridge_core,Hx;H*Hxx,0.02,0.9281588325929983
0.7448872474545989,1.2810849602425856,0.18153815171513388,-1.2285093718926556,0;0;-1.22850937189;0.181538151715;-1.8583501582;0;0;0;0.119476471807;0;0;0,53244.37228418032,0.005,1260,3e-06,1.7443457907600899,,0.0006265188063124228,0.26770630000004303,ok,same_stridge_core,Hx;D_x^1.281085 H;Hxxx;H*Hxxx,0.039980392156862735,1.1054133233499261
0.7448897907072882,1.3080605422100666,0.0,-1.0568991600525794,0;0;-1.05689916005;0;-0.122307309881;0;0;0.0737685704678;0;0;0;0,53204.83308892452,0.005,1261,3e-06,1.4035789944187165,,0.00043806949433526665,0.3812988999999902,ok,same_stridge_core,Hx;Hxxx;H*Hxx,0.02,0.9247354966183957
0.7448589466047645,1.3065802849752788,0.0,-1.0514030840337067,0;0;-1.05140308403;0;0;0;0;0.0749846992918;0;0;0;0,53207.01804691292,0.005,1262,3e-06,1.2473781617306872,,0.0004414748096247464,0.37166759999996657,ok,same_stridge_core,Hx;H*Hxx,0.02,0.9281360534492096
0.7447605165542477,1.3035097063046932,0.0,-1.0516731368385839,0;0;-1.05167313684;0;0;0;0;0.0749455214374;0;0;0;0,53211.54534601197,0.005,1263,3e-06,1.2475027825401432,,0.0004416032938343111,0.37462160000001177,ok,same_stridge_core,Hx;H*Hxx,0.02,0.9282335104640714
0.7452150695966174,1.3054400788999332,0.18984944196870127,-1.2208259363707932,0;0;-1.22082593637;0.189849441969;-1.7763772259;0;0;0;0.120327736937;0;0;0,53208.6999021544,0.005,1264,3e-06,1.715485009812682,,0.0005955531032000099,0.1359019999999873,ok,same_stridge_core,Hx;D_x^1.30544 H;Hxxx;H*Hxxx,0.03945202020202019,1.0769806109868292
0.7449736365157124,1.306058541361648,0.18984675119824485,-1.2210517470046307,0;0;-1.221051747;0.189846751198;-1.76510715764;0;0;0;0.119192599296;0;0;0,53207.78779289755,0.005,1265,3e-06,1.712832440634857,,0.0005926089226913525,0.36415020000004006,ok,same_stridge_core,Hx;D_x^1.306059 H;Hxxx;H*Hxxx,0.03930086064728921,1.0743389871200864
0.7450951440475335,1.3110600208613177,0.19160698467691586,-1.2193562780685492,0;0;-1.21935627807;0.191606984677;-1.74939448061;0;0;0;0.119413519363;0;0;0,53200.40164536137,0.005,1266,3e-06,1.707747627600734,,0.0005872812479076398,0.3617428000000018,ok,same_stridge_core,Hx;D_x^1.31106 H;Hxxx;H*Hxxx,0.034326771376771384,1.0693428078563976
0.744729861334154,1.305677675031358,0.0,-1.051757256314396,0;0;-1.05175725631;0;0;0;0;0.0749333169843;0;0;0;0,53208.34957614937,0.005,1267,3e-06,1.2475144591641034,,0.0004416439444022023,0.2659573999999907,ok,same_stridge_core,Hx;H*Hxx,0.02,0.9282643617072073
0.7448117656872089,1.3081040166539508,0.0,-1.0570981652846585,0;0;-1.05709816528;0;-0.121977496786;0;0;0.0737408352021;0;0;0;0,53204.76904355497,0.005,1268,3e-06,1.4036802208850787,,0.0004381884491994928,0.37531949999998915,ok,same_stridge_core,Hx;Hxxx;H*Hxx,0.02,0.9248372994930841
0.745090965216462,1.3070382791503308,0.0,-1.0563861976180084,0;0;-1.05638619762;0;-0.123157695501;0;0;0.0738400441843;0;0;0;0,53206.34213168962,0.005,1269,3e-06,1.4033386856845562,,0.00043777120038779516,0.3726475000000278,ok,same_stridge_core,Hx;Hxxx;H*Hxx,0.01949904143993781,0.9244816064993496
0.7453390718521251,1.3089822306219443,0.19113046383214596,-1.2195615301038465,0;0;-1.2195615301;0.191130463832;-1.76667874727;0;0;0;0.120671782939;0;0;0,53203.4720570563,0.005,1270,3e-06,1.7121363167376265,,0.0005920540186758266,0.39833069999997406,ok,same_stridge_core,Hx;D_x^1.308982 H;Hxxx;H*Hxxx,0.02,1.073694652052951
0.7449204832777558,1.3483871553228377,0.0,-1.0568208855715266,0;0;-1.05682088557;0;-0.122437054207;0;0;0.0737794810758;0;0;0;0,53144.967286241415,0.005,1271,3e-06,1.403000721411294,,0.0004380231848426545,0.27186519999997927,ok,same_stridge_core,Hx;Hxxx;H*Hxx,0.02,0.9246960158351213
0.7453074417106547,1.3080622802428887,0.046953777097055706,-0.9677913889151679,0.0923409837304;-0.0140153981962;-0.967791388915;0.0469537770971;3.3166124509;0;-0.0120418993135;-0.0305032639894;-0.788037483918;0;0.0102583196524;0.0616081621038,53204.83053673764,0.005,1272,3e-06,2.372060942337077,,0.00031174783312476186,0.37182009999997945,ok,same_stridge_core,1;H;Hx;D_x^1.308062 H;Hxxx;H*Hx;H*Hxx;H*Hxxx;H^2*Hxx;H^2*Hxxx,0.005,0.775916026234948
0.7449810712830449,1.3048633901091955,0.18945808053290622,-1.221393833509509,0;0;-1.22139383351;0.189458080533;-1.77015241797;0;0;0;0.119296737071;0;0;0,53209.5501823985,0.005,1273,3e-06,1.7143507296628906,,0.0005942266499137813,0.36351319999999987,ok,same_stridge_core,Hx;D_x^1.304863 H;Hxxx;H*Hxxx,0.03054202340869007,1.0758361274741086
0.7448796860827669,1.3066290507719003,0.0,-1.0513461877149546,0;0;-1.05134618771;0;0;0;0;0.0749929533273;0;0;0;0,53206.946060049406,0.005,1274,3e-06,1.247357599187592,,0.0004414481155737334,0.3659477999999581,ok,same_stridge_core,Hx;H*Hxx,0.02,0.9281159228272957
0.74480056870799,1.304670322138914,0.0,-1.0515632437607259,0;0;-1.05156324376;0;0;0;0;0.0749614651872;0;0;0;0,53209.83478200749,0.005,1275,3e-06,1.247452323731591,,0.00044155061244170333,0.1344062000000008,ok,same_stridge_core,Hx;H*Hxx,0.02,0.928193315039546
0.7457727276826631,1.2646209916115283,0.04567606540076193,-1.0520837736116846,0.0204477485285;0;-1.05208377361;0.0456760654008;0.590050980595;0;0;0.0790220663663;-0.0333922799557;0;0;0,53268.14990152373,0.005,1276,3e-06,1.7751141567029796,,0.0003461755532803198,0.37514120000003004,ok,same_stridge_core,1;Hx;D_x^1.264621 H;Hxxx;H*Hxx;H*Hxxx,0.015946969696969692,0.8162874584755524
0.7448606108360319,1.3113404855315038,0.0,-1.0569735809607164,0;0;-1.05697358096;0;-0.122184031164;0;0;0.0737581994413;0;0;0;0,53199.986882532954,0.005,1277,3e-06,1.4035732630775908,,0.00043811375471836664,0.2697142000000099,ok,same_stridge_core,Hx;Hxxx;H*Hxx,0.02,0.9247733811347941
0.7449794496898895,1.3065595859165064,0.19001740219885405,-1.2208930625879582,0;0;-1.22089306259;0.190017402199;-1.76331313963;0;0;0;0.119188508079;0;0;0,53207.0485276339,0.005,1278,3e-06,1.7122680491929714,,0.0005920127465642344,0.13198579999999538,ok,same_stridge_core,Hx;D_x^1.30656 H;Hxxx;H*Hxxx,0.02,1.0737834668613646
0.7453033956222335,1.3081764143207746,0.19083230347294186,-1.2198622361086993,0;0;-1.21986223611;0.190832303473;-1.76862491321;0;0;0;0.12056210616;0;0;0,53204.662093767874,0.005,1279,3e-06,1.7128350709591378,,0.0005927785327563258,0.36158089999997856,ok,same_stridge_core,Hx;D_x^1.308176 H;Hxxx;H*Hxxx,0.02,1.0743791258339233
0.7449258717033883,1.307289239360593,0.0,-1.0568071454744827,0;0;-1.05680714547;0;-0.122459830887;0;0;0.0737813949262;0;0;0;0,53205.971712641986,0.005,1280,3e-06,1.4035428862250754,,0.00043801513021804087,0.3694894000000204,ok,same_stridge_core,Hx;Hxxx;H*Hxx,0.02,0.9246891408112975
0.7449566337204976,1.305439746854543,0.18962761436922174,-1.2212642778305274,0;0;-1.22126427783;0.189627614369;-1.76696109734;0;0;0;0.119152092995;0;0;0,53208.70044655504,0.005,1281,3e-06,1.7134541987560752,,0.0005932607892426822,0.36981539999999313,ok,same_stridge_core,Hx;D_x^1.30544 H;Hxxx;H*Hxxx,0.02,1.0749497933974146
0.7448242031490728,1.3074527519417505,0.0,-1.0570664441211404,0;0;-1.05706644412;0;-0.122030155419;0;0;0.0737452558516;0;0;0;0,53205.73039616209,0.005,1282,3e-06,1.403672508965348,,0.0004381693353163347,0.3846401000000128,ok,same_stridge_core,Hx;Hxxx;H*Hxx,0.02,0.924820935399889
0.7449401176430867,1.3060879646286294,0.0,-1.0511804158702895,0;0;-1.05118041587;0;0;0;0;0.075016995028;0;0;0;0,53207.744352361384,0.005,1283,3e-06,1.2473047073653376,,0.00044137113240571435,0.37099310000002106,ok,same_stridge_core,Hx;H*Hxx,0.01996229260935143,0.9280582412511692
0.7458182782109679,1.2655911330924539,0.17713979013710873,-1.2313715227445887,0;0;-1.23137152274;0.177139790137;-1.94797846231;0;0;0;0.123087812612;0;0;0,53266.75747457756,0.005,1284,3e-06,1.7745398910199268,,0.000660539367561744,0.3737399000000323,ok,same_stridge_core,Hx;D_x^1.265591 H;Hxxx;H*Hxxx,0.02937805089747199,1.135338801324996
0.7448767664826053,1.3048076667439472,0.0,-1.0513541972144709,0;0;-1.05135419721;0;0;0;0;0.0749917916667;0;0;0;0,53209.6324017349,0.005,1285,3e-06,1.2473765690721221,,0.0004414518503952006,0.2785180999999852,ok,same_stridge_core,Hx;H*Hxx,0.02,0.9281187746617127
0.7446901893608975,1.3071447469462734,0.0,-1.0518661214112663,0;0;-1.05186612141;0;0;0;0;0.0749175211522;0;0;0;0,53206.18491625209,0.005,1286,3e-06,1.247542065794771,,0.0004416969412908075,0.26395459999997684,ok,same_stridge_core,Hx;H*Hxx,0.02,0.9283049562972584
0.7450119741773962,1.3068264927855229,0.0,-1.0565875891631857,0;0;-1.05658758916;0;-0.122823777875;0;0;0.0738119859286;0;0;0;0,53206.654676102684,0.005,1287,3e-06,1.403439762731741,,0.00043788690991634796,0.3856591999999637,ok,same_stridge_core,Hx;Hxxx;H*Hxx,0.01970902255639098,0.9245798706468168
0.7450205792623864,1.3047583688936693,0.18945719249683549,-1.2213579983978329,0;0;-1.2213579984;0.189457192497;-1.7720111753;0;0;0;0.119482401003;0;0;0,53209.704964438184,0.005,1288,3e-06,1.7147902741038303,,0.0005947143014757234,0.13484130000000505,ok,same_stridge_core,Hx;D_x^1.304758 H;Hxxx;H*Hxxx,0.030468963018169367,1.0762738145305721
0.745002526146472,1.311582889423614,0.0,-1.0566116792234237,0;0;-1.05661167922;0;-0.122783852853;0;0;0.0738086298161;0;0;0;0,53199.62840364307,0.005,1289,3e-06,1.403388351390196,,0.00043790085757429155,0.3599625000000515,ok,same_stridge_core,Hx;Hxxx;H*Hxx,0.02,0.9245916957574083
0.7450119741773962,1.3068264927855229,0.19013367614618787,-1.2207585502308516,0;0;-1.22075855023;0.190133676146;-1.76342879084;0;0;0;0.119320098;0;0;0,53206.654676102684,0.005,1290,3e-06,1.7121978622605645,,0.0005919545074644694,0.032771500000023934,ok,same_stridge_core,Hx;D_x^1.306826 H;Hxxx;H*Hxxx,0.02,1.0737180061473321
0.7449372744455847,1.3053593882809778,0.1895844443545894,-1.2213209595989412,0;0;-1.2213209596;0.189584444355;-1.76657649342;0;0;0;0.119068739201;0;0;0,53208.818936975236,0.005,1291,3e-06,1.7134007096455828,,0.0005931940887307864,0.37653099999999995,ok,same_stridge_core,Hx;D_x^1.305359 H;Hxxx;H*Hxxx,0.02,1.0748948824018798
0.7448589466047645,1.304990291909652,0.0,-1.051403084033707,0;0;-1.05140308403;0;0;0;0;0.0749846992918;0;0;0;0,53209.363063674165,0.005,1292,3e-06,1.2473922318312547,,0.0004414748096247464,0.26495510000000877,ok,same_stridge_core,Hx;H*Hxx,0.02,0.9281360534492098
0.7448626914399432,1.3069416089658503,0.0,-1.0513928064721496,0;0;-1.05139280647;0;0;0;0;0.0749861909933;0;0;0;0,53206.48482837335,0.005,1293,3e-06,1.2473713377241225,,0.00044146995540344814,0.364760600000011,ok,same_stridge_core,Hx;H*Hxx,0.02,0.9281324287538824
0.7453840092923519,1.3081988305740808,0.1909094329571828,-1.2197186946423755,0;0;-1.21971869464;0.190909432957;-1.77146976025;0;0;0;0.120927846646;0;0;0,53204.62897563344,0.005,1294,3e-06,1.713439243440228,,0.0005934612790961563,0.3626393000000121,ok,same_stridge_core,Hx;D_x^1.308199 H;Hxxx;H*Hxxx,0.025460781908150328,1.0749836957326266
0.7450040699896459,1.3114873109473129,0.0,-1.0566077418890163,0;0;-1.05660774189;0;-0.122790401891;0;0;0.0738091798669;0;0;0;0,53199.769714872244,0.005,1295,3e-06,1.4033877906972845,,0.00043789861487765654,0.37336380000004965,ok,same_stridge_core,Hx;Hxxx;H*Hxx,0.02,0.9245898632634342
0.7449375033382984,1.3054113987651426,0.0,-1.0567774812125905,0;0;-1.05677748121;0;-0.122509014747;0;0;0.0737855279445;0;0;0;0,53208.74215764711,0.005,1296,3e-06,1.403553018225396,,0.00043799765508372113,0.37042179999997416,ok,same_stridge_core,Hx;Hxxx;H*Hxx,0.01955800004089478,0.9246743388065719
0.7450400030654959,1.303758317222209,0.18914316589683186,-1.221621560676691,0;0;-1.22162156068;0.189143165897;-1.7767012393;0;0;0;0.119626180109;0;0;0,53211.17902008144,0.005,1297,3e-06,1.7161738069014105,,0.0005961974579281315,0.3793198999999845,ok,same_stridge_core,Hx;D_x^1.303758 H;Hxxx;H*Hxxx,0.03253174603174603,1.077639658660433
0.7449602496523502,1.3051786223347939,0.18954442020258486,-1.2213356265538757,0;0;-1.22133562655;0.189544420203;-1.76813568256;0;0;0;0.119183838637;0;0;0,53209.08544336718,0.005,1298,3e-06,1.7138016297091818,,0.0005936319599499747,0.3805753999999979,ok,same_stridge_core,Hx;D_x^1.305179 H;Hxxx;H*Hxxx,0.04211805555555557,1.0752926043887758
0.7449026323926712,1.3052412881179674,0.0,-1.0512832401975014,0;0;-1.0512832402;0;0;0;0;0.0750020815594;0;0;0;0,53208.99303003393,0.005,1299,3e-06,1.2473477139870572,,0.00044141875871280987,0.3876988999999753,ok,same_stridge_core,Hx;H*Hxx,0.02,0.9280937558068537
0.7449443425333784,1.305458272967735,0.047360606242599655,-0.9699073020440626,0.0921342899242;-0.0139940734304;-0.969907302044;0.0473606062426;3.29603616811;0;-0.0119899982707;-0.0312120919536;-0.783610008618;0;0.010295728215;0.0612767566571,53208.6730168018,0.005,1300,3e-06,2.372900118603428,,0.0003123209150145724,0.37331619999997656,ok,same_stridge_core,1;H;Hx;D_x^1.305458 H;Hxxx;H*Hx;H*Hxx;H*Hxxx;H^2*Hxx;H^2*Hxxx,0.005,0.7766399280993741
0.7448821528281498,1.3055933852433692,0.0,-1.051339422641073,0;0;-1.05133942264;0;0;0;0;0.0749939352813;0;0;0;0,53208.47386320515,0.005,1301,3e-06,1.2473643785919983,,0.000441444979016733,0.14082150000001548,ok,same_stridge_core,Hx;H*Hxx,0.02,0.9281135354127674
0.7449443688949183,1.3059680431990532,0.18979167071875963,-1.2211282686474758,0;0;-1.22112826865;0.189791670719;-1.76440244092;0;0;0;0.119064826994;0;0;0,53207.921208784144,0.005,1302,3e-06,1.7127139642676465,,0.0005924681376933016,0.36441070000000764,ok,same_stridge_core,Hx;D_x^1.305968 H;Hxxx;H*Hxxx,0.02,1.0742189097622368
0.7448889251394664,1.3101533488009671,0.0,-1.0569013671326124,0;0;-1.05690136713;0;-0.122303653445;0;0;0.073768263313;0;0;0;0,53201.74166725199,0.005,1303,3e-06,1.403552309653956,,0.0004380708005119168,0.36406429999999546,ok,same_stridge_core,Hx;Hxxx;H*Hxx,0.02,0.924736634648688
0.7450157925535397,1.3039898980180138,0.04690763416096815,-0.9694567155000878,0.0922396783303;-0.0140125353948;-0.9694567155;0.046907634161;3.29860262083;0;-0.0119955625714;-0.0309891409773;-0.784054686104;0;0.010285247675;0.0613091289471,53210.83769897042,0.005,1304,3e-06,2.372833946063933,,0.00031221906671939333,0.3554451999999628,ok,same_stridge_core,1;H;Hx;D_x^1.30399 H;Hxxx;H*Hx;H*Hxx;H*Hxxx;H^2*Hxx;H^2*Hxxx,0.005,0.7765088150948206
0.7450466125695109,1.3101833541350203,0.19127438110794032,-1.219700346721318,0;0;-1.21970034672;0.191274381108;-1.75117505747;0;0;0;0.119254803036;0;0;0,53201.69731406288,0.005,1305,3e-06,1.7084204015543243,,0.0005879687411893787,0.3586397000000261,ok,same_stridge_core,Hx;D_x^1.310183 H;Hxxx;H*Hxxx,0.02,1.0700000337855697
0.7449071610510092,1.296575744487155,0.0,-1.051270819669083,0;0;-1.05127081967;0;0;0;0;0.0750038831796;0;0;0;0,53221.742793478596,0.005,1306,3e-06,1.2474198822073785,,0.00044141301707793096,0.3701292999999737,ok,same_stridge_core,Hx;H*Hxx,0.019626783625731017,0.9280894254465071
0.7451008567853074,1.3050883998351317,0.18963512827915774,-1.221123988671365,0;0;-1.22112398867;0.189635128279;-1.7736204719;0;0;0;0.119828661838;0;0;0,53209.21849444279,0.005,1307,3e-06,1.715017021724453,,0.0005949965458950453,0.37553249999996297,ok,same_stridge_core,Hx;D_x^1.305088 H;Hxxx;H*Hxxx,0.019497446639474506,1.0765063997911395
0.7450054065370035,1.3045512313859882,0.04703870102277387,-0.9695281699302298,0.0922130147733;-0.0140073495663;-0.96952816993;0.0470387010228;3.29849057968;0;-0.011995572072;-0.0310361230326;-0.784065028685;0;0.010287314458;0.0613101920386,53210.01035952201,0.005,1308,3e-06,2.372826020030811,,0.00031223183111989936,0.3651346999999987,ok,same_stridge_core,1;H;Hx;D_x^1.304551 H;Hxxx;H*Hx;H*Hxx;H*Hxxx;H^2*Hxx;H^2*Hxxx,0.005,0.7765257092451507
0.7447401730069667,1.3042662363957123,0.0,-1.0517289607686615,0;0;-1.05172896077;0;0;0;0;0.0749374232485;0;0;0;0,53210.430432398214,0.005,1309,3e-06,1.2475165125600676,,0.0004416302014848392,0.36552969999996776,ok,same_stridge_core,Hx;H*Hxx,0.02,0.9282539299656782
0.7448784243113771,1.3062256646159285,0.0,-1.0513496497485717,0;0;-1.05134964975;0;0;0;0;0.0749924504837;0;0;0;0,53207.54120723452,0.005,1310,3e-06,1.2473623843388406,,0.00044144973878266304,0.1336320999999998,ok,same_stridge_core,Hx;H*Hxx,0.02,0.9281171370954335
0.7448943692090043,1.3034822582227104,0.18892766773289832,-1.221950092956009,0;0;-1.22195009296;0.188927667733;-1.7724894361;0;0;0;0.118979252052;0;0;0,53211.58587682001,0.005,1311,3e-06,1.7153649217821794,,0.0005952615065070799,0.368017400000042,ok,same_stridge_core,Hx;D_x^1.303482 H;Hxxx;H*Hxxx,0.02,1.0768258912603392
0.7458046568459727,1.2629743746975721,0.045225493963951764,-1.0517787279886868,0.0204579058799;0;-1.05177872799;0.045225493964;0.591418706947;0;0;0.0791834535074;-0.0334984054288;0;0;0,53270.510736219294,0.005,1312,3e-06,1.7752192514626701,,0.0003462043942769278,0.39679720000003726,ok,same_stridge_core,1;Hx;D_x^1.262974 H;Hxxx;H*Hxx;H*Hxxx,0.015808080808080806,0.8163500582107229
0.7450419108404849,1.305375751322579,0.18967963803917173,-1.221138657581183,0;0;-1.22113865758;0.189679638039;-1.77032542007;0;0;0;0.119543933213;0;0;0,53208.79463574886,0.005,1313,3e-06,1.7142012775446849,,0.0005940985372314454,0.3834069000000113,ok,same_stridge_core,Hx;D_x^1.305376 H;Hxxx;H*Hxxx,0.02440744348568911,1.0756957419156985
0.7450128038133463,1.3145916214461415,0.0,-1.0565854730314872,0;0;-1.05658547303;0;-0.122827292925;0;0;0.0738122807888;0;0;0;0,53195.176779741945,0.005,1314,3e-06,1.4033354643435425,,0.00043788568782275947,0.3601750999999922,ok,same_stridge_core,Hx;Hxxx;H*Hxx,0.02,0.9245788733258651
0.7448378628373685,1.3064393143263133,0.0,-1.0514609238964132,0;0;-1.0514609239;0;0;0;0;0.074976310019;0;0;0;0,53207.225908604225,0.005,1315,3e-06,1.247399909716374,,0.00044150202557916837,0.3695605999999998,ok,same_stridge_core,Hx;H*Hxx,0.02,0.9281565542647486
0.7453362993458855,1.306290506190342,0.19023533062183137,-1.220367640743217,0;0;-1.22036764074;0.190235330622;-1.77739111512;0;0;0;0.120829040851;0;0;0,53207.44559086476,0.005,1316,3e-06,1.7153965846395898,,0.0005955206168577729,0.36597560000001295,ok,same_stridge_core,Hx;D_x^1.306291 H;Hxxx;H*Hxxx,0.031769230769230765,1.0769072375492128
0.7449125573947308,1.3036337801947444,0.18899322585756365,-1.2218744012387526,0;0;-1.22187440124;0.188993225858;-1.77255054104;0;0;0;0.119053740625;0;0;0,53211.36261806969,0.005,1317,3e-06,1.7153216970579082,,0.0005952247330349666,0.13214240000002064,ok,same_stridge_core,Hx;D_x^1.303634 H;Hxxx;H*Hxxx,0.02,1.0767853456410719
0.7450208287720752,1.3055914965469517,0.18973288481885806,-1.221110362470294,0;0;-1.22111036247;0.189732884819;-1.7686948919;0;0;0;0.119435317775;0;0;0,53208.47660295628,0.005,1318,3e-06,1.7137718938794635,,0.0005936312542874613,0.3636291000000256,ok,same_stridge_core,Hx;D_x^1.305591 H;Hxxx;H*Hxxx,0.02,1.075270174643988
0.7448355890497108,1.2629698538638603,0.04747298136853786,-1.0569306685923072,0.0202334140063;0;-1.05693066859;0.0474729813685;0.582294267805;0;0;0.0776586092159;-0.0349323800077;0;0;0,53270.51712593052,0.005,1319,3e-06,1.776793679835952,,0.0003475967804096998,0.27481719999997267,ok,same_stridge_core,1;Hx;D_x^1.26297 H;Hxxx;H*Hxx;H*Hxxx,0.01,0.8179243715692026
0.744881267508879,1.3066148911547841,0.0,-1.0513418514819468,0;0;-1.05134185148;0;0;0;0;0.0749935825669;0;0;0;0,53206.96697779635,0.005,1320,3e-06,1.2473561837240976,,0.00044144611918911676,0.3605971999999724,ok,same_stridge_core,Hx;H*Hxx,0.02,0.9281143818573195
0.7450023137854983,1.3084573486175821,0.19066474586545276,-1.2202898638254212,0;0;-1.22028986383;0.190664745865;-1.75652454453;0;0;0;0.119171055592;0;0;0,53204.24719785176,0.005,1321,3e-06,1.7101496404174703,,0.0005897774106173792,0.3643149999999764,ok,same_stridge_core,Hx;D_x^1.308457 H;Hxxx;H*Hxxx,0.024465234611196752,1.0716986740432493
0.7450493459125626,1.3057064869468993,0.18979540871730596,-1.2210278676808677,0;0;-1.22102786768;0.189795408717;-1.76927488052;0;0;0;0.119558325413;0;0;0,53208.307144246435,0.005,1322,3e-06,1.713854933947835,,0.000593734178633448,0.3722546000000193,ok,same_stridge_core,Hx;D_x^1.305706 H;Hxxx;H*Hxxx,0.039277708402708396,1.0753552482168778
0.7449347752846454,1.3041352903769234,0.18917786681386015,-1.2216881729250058,0;0;-1.22168817293;0.189177866814;-1.77136562949;0;0;0;0.11912722928;0;0;0,53210.62350608421,0.005,1323,3e-06,1.7148802711026745,,0.0005947661141411617,0.3782780999999886,ok,same_stridge_core,Hx;D_x^1.304135 H;Hxxx;H*Hxxx,0.02,1.076352789029664
0.7448939716932959,1.3127722040905572,0.0,-1.0568884965935244,0;0;-1.05688849659;0;-0.122325009083;0;0;0.0737700580944;0;0;0;0,53197.869355515286,0.005,1324,3e-06,1.4035109023810526,,0.00043806316483748116,0.38493139999997084,ok,same_stridge_core,Hx;Hxxx;H*Hxx,0.02,0.9247300781814151
0.7448901857737331,1.3124105168025262,0.0,-1.0568981532135566,0;0;-1.05689815321;0;-0.12230901167;0;0;0.0737687109102;0;0;0;0,53198.40447986821,0.005,1325,3e-06,1.4035205847604548,,0.0004380688869761134,0.2744713999999817,ok,same_stridge_core,Hx;Hxxx;H*Hxx,0.02,0.924734944441641
0.7449319395386363,1.3080088475236036,0.0,-1.0567916683876548,0;0;-1.05679166839;0;-0.122485513752;0;0;0.0737835510623;0;0;0;0,53204.90945833642,0.005,1326,3e-06,1.4035255742637878,,0.00043800596313856705,0.3808700000000158,ok,same_stridge_core,Hx;Hxxx;H*Hxx,0.02,0.9246813891387599
0.7449665247885618,1.305677675031358,0.18971474736465987,-1.2211768898854887,0;0;-1.22117688989;0.189714747365;-1.76637120197;0;0;0;0.119183079201;0;0;0,53208.34957614937,0.005,1327,3e-06,1.7132410805660387,,0.0005930394586227301,0.1371303000000239,ok,same_stridge_core,Hx;D_x^1.305678 H;Hxxx;H*Hxxx,0.02,1.0747408856522465
0.7449391057429078,1.306600103001647,0.18999603883934718,-1.2209494822076954,0;0;-1.22094948221;0.189996038839;-1.76168013451;0;0;0;0.119002244381;0;0;0,53206.98882150256,0.005,1328,3e-06,1.7119043455956873,,0.000591606098916859,0.3637984000000074,ok,same_stridge_core,Hx;D_x^1.3066 H;Hxxx;H*Hxxx,0.024407363318651346,1.0734204797376565
0.744984913696772,1.3059603726990767,0.1898239974926149,-1.2210617687930523,0;0;-1.22106176879;0.189823997493;-1.76591098843;0;0;0;0.119249866373;0;0;0,53207.93258728541,0.005,1329,3e-06,1.7130401775502335,,0.0005928354331321608,0.3887717000000066,ok,same_stridge_core,Hx;D_x^1.30596 H;Hxxx;H*Hxxx,0.034908363531892944,1.0745449865028085
0.7449065847269154,1.3051637763402977,0.0,-1.0512724006801182,0;0;-1.05127240068;0;0;0;0;0.0750036539714;0;0;0;0,53209.107367826924,0.005,1330,3e-06,1.2473446386324976,,0.0004414137534353952,0.38671860000005154,ok,same_stridge_core,Hx;H*Hxx,0.02,0.9280899944255361
0.74495044186683,1.3067843572218025,0.19006670499508654,-1.2208754969301845,0;0;-1.22087549693;0.190066704995;-1.76135485315;0;0;0;0.119042418724;0;0;0,53206.716907207425,0.005,1331,3e-06,1.7117691001259765,,0.0005914683101417522,0.37294639999998935,ok,same_stridge_core,Hx;D_x^1.306784 H;Hxxx;H*Hxxx,0.02936964132051278,1.0732884972394874
0.7448562620481423,1.3077010895482821,0.0,-1.0569846729397183,0;0;-1.05698467294;0;-0.122165663376;0;0;0.0737566538193;0;0;0;0,53205.363796926,0.005,1332,3e-06,1.4036272912730463,,0.00043812039598265754,0.2694878000000358,ok,same_stridge_core,Hx;Hxxx;H*Hxx,0.02,0.9247790171007122
0.7448717199847649,1.307179479980455,0.0,-1.0569452430671116,0;0;-1.05694524307;0;-0.122230855996;0;0;0.0737621494843;0;0;0;0,53206.133692450996,0.005,1333,3e-06,1.4036141718556476,,0.0004380968594138196,0.3686367999999902,ok,same_stridge_core,Hx;Hxxx;H*Hxx,0.02,0.9247589686235885
0.7449256200432766,1.3068177926924238,0.0,-1.0568077876683966,0;0;-1.05680778767;0;-0.122458743924;0;0;0.0737813049091;0;0;0;0,53206.66759941627,0.005,1334,3e-06,1.4035494615324435,,0.0004380154870435298,0.36718239999999014,ok,same_stridge_core,Hx;Hxxx;H*Hxx,0.02,0.924689453137697
0.7448886804117685,1.3073074979704964,0.0,-1.0569019910828528,0;0;-1.05690199108;0;-0.12230263014;0;0;0.0737681767059;0;0;0;0,53205.9448114338,0.005,1335,3e-06,1.4035904775253183,,0.0004380711797137171,0.2646793000000116,ok,same_stridge_core,Hx;Hxxx;H*Hxx,0.02,0.924736974222414
0.7450022446228028,1.3053533798198815,0.18963820228591718,-1.2212125583753841,0;0;-1.22121255838;0.189638202286;-1.76896852191;0;0;0;0.119364688062;0;0;0,53208.82778581641,0.005,1336,3e-06,1.7139172092204698,,0.0005937763447238585,0.37483290000000125,ok,same_stridge_core,Hx;D_x^1.305353 H;Hxxx;H*Hxxx,0.02,1.0754112757906729
0.7450358467016696,1.3093815369059136,0.1909996329363008,-1.2199576552572031,0;0;-1.21995765526;0.190999632936;-1.7540219326;0;0;0;0.119261626257;0;0;0,53202.88208283005,0.005,1337,3e-06,1.7092979832178576,,0.0005888921165090585,0.3785782999999583,ok,same_stridge_core,Hx;D_x^1.309382 H;Hxxx;H*Hxxx,0.024523048788211706,1.0708633982238969
0.7448577381578712,1.3056174341370959,0.0,-1.0514063965333058,0;0;-1.05140639653;0;0;0;0;0.0749842199823;0;0;0;0,53208.438299831774,0.005,1338,3e-06,1.247387850444432,,0.0004414763870685888,0.2655040999999869,ok,same_stridge_core,Hx;H*Hxx,0.02,0.9281372206454414
0.7447750591041447,1.3062199301813986,0.0,-1.0516332355519011,0;0;-1.05163323555;0;0;0;0;0.0749513120587;0;0;0;0,53207.54962151077,0.005,1339,3e-06,1.247464176610308,,0.00044158413811088185,0.27130959999999504,ok,same_stridge_core,Hx;H*Hxx,0.02,0.9282188788812435
0.7448274848812989,1.306372453614719,0.0,-1.0514893971342203,0;0;-1.05148939713;0;0;0;0;0.0749721786536;0;0;0;0,53207.32464088204,0.005,1340,3e-06,1.2474107728387585,,0.00044151550931073846,0.37952580000001035,ok,same_stridge_core,Hx;H*Hxx,0.02,0.9281668249934661
0.7450614484221246,1.3066005699314718,0.19010157411959322,-1.2207417496417345,0;0;-1.22074174964;0.19010157412;-1.76613795822;0;0;0;0.11955947495;0;0;0,53206.98816699723,0.005,1341,3e-06,1.7128590805214259,,0.0005926817887418639,0.3558033000000478,ok,same_stridge_core,Hx;D_x^1.306601 H;Hxxx;H*Hxxx,0.02,1.074375222517459
0.7449372716953435,1.3010358469355388,0.0,-1.051188222631124,0;0;-1.05118822263;0;0;0;0;0.0750158636656;0;0;0;0,53215.187773323945,0.005,1342,3e-06,1.247352117376975,,0.0004413747288320212,0.14332920000003924,ok,same_stridge_core,Hx;H*Hxx,0.019552631578947374,0.9280609907370314
0.7448197876523983,1.3049002226434943,0.0,-1.0515105141353738,0;0;-1.05151051414;0;0;0;0;0.0749691165594;0;0;0;0,53209.49580035454,0.005,1343,3e-06,1.2474313772653964,,0.00044152552835994874,0.3725787999999852,ok,same_stridge_core,Hx;H*Hxx,0.02,0.9281744024632692
0.745034906484775,1.3058758103502164,0.18983900665230588,-1.2210020780839765,0;0;-1.22100207808;0.189839006652;-1.76807165296;0;0;0;0.119482551565;0;0;0,53208.057138278404,0.005,1344,3e-06,1.7135349458173017,,0.0005933865014291783,0.3671199999999999,ok,same_stridge_core,Hx;D_x^1.305876 H;Hxxx;H*Hxxx,0.02,1.075038260157961
0.7449344433950057,1.3065897838027576,0.0,-1.0511959814043135,0;0;-1.0511959814;0;0;0;0;0.0750147379773;0;0;0;0,53207.00403534466,0.005,1345,3e-06,1.2473055984043104,,0.0004413782942077063,0.3711387999999829,ok,same_stridge_core,Hx;H*Hxx,0.02,0.9280635741922424
0.7446636927884771,1.3071447469462734,0.0,-1.051938838805849,0;0;-1.05193883881;0;0;0;0;0.0749069690834;0;0;0;0,53206.18491625209,0.005,1346,3e-06,1.2475695249930816,,0.00044173266657509175,0.1315946000000281,ok,same_stridge_core,Hx;H*Hxx,0.02,0.928332415495569
0.7449364184920951,1.306415110158588,0.1899325848099162,-1.2210089979828456,0;0;-1.22100899798;0.18993258481;-1.76232314997;0;0;0;0.119001404873;0;0;0,53207.261679878975,0.005,1347,3e-06,1.7121081048987496,,0.0005918208856656509,0.36090210000003253,ok,same_stridge_core,Hx;D_x^1.306415 H;Hxxx;H*Hxxx,0.03432681135132116,1.073620964740202
0.744946239057952,1.3069355903298532,0.1901130753650635,-1.2208376945084454,0;0;-1.22083769451;0.190113075365;-1.76059533986;0;0;0;0.11901380173;0;0;0,53206.49368661997,0.005,1348,3e-06,1.711553019894437,,0.0005912368725542804,0.36518660000001546,ok,same_stridge_core,Hx;D_x^1.306936 H;Hxxx;H*Hxxx,0.039981900925353295,1.0730750956549975
0.7449858371804938,1.312348187509856,0.0,-1.0566542308713818,0;0;-1.05665423087;0;-0.122713337295;0;0;0.0738027032761;0;0;0;0,53198.49673093444,0.005,1349,3e-06,1.403399180646588,,0.0004379255737010667,0.36870569999996405,ok,same_stridge_core,Hx;Hxxx;H*Hxx,0.02,0.9246127100681779
0.7449193847456925,1.3054862021132438,0.0,-1.0512372906837062,0;0;-1.05123729068;0;0;0;0;0.075008747534;0;0;0;0,53208.631799780946,0.005,1350,3e-06,1.247329629120657,,0.00044139739586874783,0.36968810000001895,ok,same_stridge_core,Hx;H*Hxx,0.02,0.9280778383219714
0.7448273387847937,1.3079846499038024,0.0,-1.057058445031782,0;0;-1.05705844503;0;-0.122043376332;0;0;0.0737463705446;0;0;0;0,53204.94516930567,0.005,1351,3e-06,1.4036613841029981,,0.0004381645271128511,0.3612238999999704,ok,same_stridge_core,Hx;Hxxx;H*Hxx,0.02,0.924816877579247
0.7453466767154224,1.3065802849752788,0.19034034046291795,-1.2202638621615223,0;0;-1.22026386216;0.190340340463;-1.77660849485;0;0;0;0.120858856208;0;0;0,53207.01804691292,0.005,1352,3e-06,1.7151229385359668,,0.0005952344580122965,0.13979990000001408,ok,same_stridge_core,Hx;D_x^1.30658 H;Hxxx;H*Hxxx,0.02,1.0766387219730118
0.7450788592743058,1.3040857515274569,0.18928461874132876,-1.2214586750672118,0;0;-1.22145867507;0.189284618741;-1.77681461933;0;0;0;0.119784873262;0;0;0,53210.69656383992,0.005,1353,3e-06,1.7160768379598503,,0.0005961141280035625,0.3822875000000181,ok,same_stridge_core,Hx;D_x^1.304086 H;Hxxx;H*Hxxx,0.029369642481298253,1.0775484791937713
0.7449690894505745,1.304338065233635,0.18927420899165648,-1.2215699158070612,0;0;-1.22156991581;0.189274208992;-1.77180942594;0;0;0;0.119271973141;0;0;0,53210.32459984396,0.005,1354,3e-06,1.7149011165264707,,0.0005948058959911165,0.3747889000000555,ok,same_stridge_core,Hx;D_x^1.304338 H;Hxxx;H*Hxxx,0.04054014889431553,1.0763772213283431
0.7451999073860132,1.3051782196672854,0.18974973237457204,-1.2209293948355966,0;0;-1.22092939484;0.189749732375;-1.77687040384;0;0;0;0.120273856277;0;0;0,53209.08603639356,0.005,1355,3e-06,1.7156872622008645,,0.000595760863594889,0.1414095999999745,ok,same_stridge_core,Hx;D_x^1.305178 H;Hxxx;H*Hxxx,0.01949291338291339,1.0771782297641417
0.7448458438781759,1.3075092085171172,0.0,-1.0570112407077057,0;0;-1.05701124071;0;-0.122121530194;0;0;0.0737529491371;0;0;0;0,53205.64702447487,0.005,1356,3e-06,1.4036433093402798,,0.000438136292010912,0.272645099999977,ok,same_stridge_core,Hx;Hxxx;H*Hxx,0.02,0.9247924861200061
0.744729861334154,1.3071961816637023,0.0,-1.0517572563143955,0;0;-1.05175725631;0;0;0;0;0.0749333169843;0;0;0;0,53206.10903283191,0.005,1357,3e-06,1.2475010159041988,,0.0004416439444022023,0.2589922999999885,ok,same_stridge_core,Hx;H*Hxx,0.02,0.9282643617072073
0.7450232805987147,1.3048870340479055,0.18950204944597143,-1.2213152551238995,0;0;-1.22131525512;0.189502049446;-1.77159657538;0;0;0;0.119487361906;0;0;0,53209.51542933834,0.005,1358,3e-06,1.7146536633408016,,0.0005945702903501659,0.38437079999999924,ok,same_stridge_core,Hx;D_x^1.304887 H;Hxxx;H*Hxxx,0.02,1.0761394781887414
0.7449026323926712,1.3064851044845611,0.058299981518574545,-1.0599308438232724,0.0201255834947;0;-1.05993084382;0.0582999815186;0.55932265632;0;0;0.0746118359659;-0.0311455972235;0;0;0,53207.158429007795,0.005,1359,3e-06,1.7726020232766238,,0.0003456451273012572,0.2831762999999796,ok,same_stridge_core,1;Hx;D_x^1.306485 H;Hxxx;H*Hxx;H*Hxxx,0.01,0.8148731715544835
0.7447708699544728,1.3080029914678541,0.0,-1.0572024786640224,0;0;-1.05720247866;0;-0.121804526785;0;0;0.0737262931694;0;0;0;0,53204.918076124915,0.005,1360,3e-06,1.4037358274007814,,0.00043825162008809243,0.401176200000009,ok,same_stridge_core,Hx;Hxxx;H*Hxx,0.02,0.9248915647156573
0.7449204832777558,1.3056125232419442,0.0,-1.0512342752164408,0;0;-1.05123427522;0;0;0;0;0.0750091854391;0;0;0;0,53208.445553141966,0.005,1361,3e-06,1.2473274952134563,,0.0004413960041900693,0.2937714999999912,ok,same_stridge_core,Hx;H*Hxx,0.02,0.9280768218946045
0.7448320578283724,1.3058855383729122,0.0,-1.0514768503803846,0;0;-1.05147685038;0;0;0;0;0.0749739994604;0;0;0;0,53208.04296438517,0.005,1362,3e-06,1.2474105644674294,,0.00044150956924163856,0.1452831999999944,ok,same_stridge_core,Hx;H*Hxx,0.02,0.9281623066811183
0.7449652419956729,1.3501576805795268,0.0,-1.0567067475604914,0;0;-1.05670674756;0;-0.122626292241;0;0;0.0737953844726;0;0;0;0,53142.33562800795,0.005,1363,3e-06,1.4029198837256565,,0.00043795618079454777,0.14493179999999484,ok,same_stridge_core,Hx;Hxxx;H*Hxx,0.02,0.924638863073585
0.7448842526710632,1.3062019007154186,0.0,-1.051333659942582,0;0;-1.05133365994;0;0;0;0;0.0749947697839;0;0;0;0,53207.57623128747,0.005,1364,3e-06,1.2473568939140576,,0.0004414422215621263,0.38173929999999245,ok,same_stridge_core,Hx;H*Hxx,0.02,0.9281114365263328
0.7447500119218382,1.307011583125037,0.0,-1.0517019592053132,0;0;-1.05170195921;0;0;0;0;0.074941342254;0;0;0;0,53206.3815356733,0.005,1365,3e-06,1.247482263548532,,0.000441617135382517,0.41065989999998465,ok,same_stridge_core,Hx;H*Hxx,0.02,0.9282439743344921
0.7448562620481423,1.3074848911106385,0.0,-1.0569846729397185,0;0;-1.05698467294;0;-0.122165663376;0;0;0.0737566538193;0;0;0;0,53205.68304826394,0.005,1366,3e-06,1.4036301645350875,,0.00043812039598265754,0.27294520000003786,ok,same_stridge_core,Hx;Hxxx;H*Hxx,0.02,0.9247790171007119
0.7449411937724695,1.306211709654209,0.18986947421373154,-1.2210613031731865,0;0;-1.22106130317;0.189869474214;-1.76331169683;0;0;0;0.119035629538;0;0;0,53207.56181647366,0.005,1367,3e-06,1.712392519014993,,0.0005921253198130804,0.3699136999999837,ok,same_stridge_core,Hx;D_x^1.306212 H;Hxxx;H*Hxxx,0.02,1.073901777217309
0.7448577381578712,1.3073348559272486,0.0,-1.056980907224013,0;0;-1.05698090722;0;-0.122171876009;0;0;0.0737571789531;0;0;0;0,53205.90433848563,0.005,1368,3e-06,1.4036302664962494,,0.0004381181618259094,0.2773682999999778,ok,same_stridge_core,Hx;Hxxx;H*Hxx,0.02,0.9247771274498788
0.7447750591041447,1.3060676876917177,0.0,-1.051633235551898,0;0;-1.05163323555;0;0;0;0;0.0749513120587;0;0;0;0,53207.7742500322,0.005,1369,3e-06,1.2474655243814368,,0.00044158413811088185,0.2952398999999559,ok,same_stridge_core,Hx;H*Hxx,0.02,0.9282188788812435
0.7451070636640477,1.3062256646159285,0.19001677921265822,-1.2207757580065812,0;0;-1.22077575801;0.190016779213;-1.76930143585;0;0;0;0.119789972857;0;0;0,53207.54120723452,0.005,1370,3e-06,1.7136736126137313,,0.0005935703935808543,0.14266760000003842,ok,same_stridge_core,Hx;D_x^1.306226 H;Hxxx;H*Hxxx,0.03929031385281384,1.075183118126917
0.7449986124247969,1.306654606976863,0.19006531949424557,-1.220832307032286,0;0;-1.22083230703;0.190065319494;-1.76363073725;0;0;0;0.119269882616;0;0;0,53206.90826415487,0.005,1371,3e-06,1.7123022994376416,,0.0005920586867647445,0.37468490000003385,ok,same_stridge_core,Hx;D_x^1.306655 H;Hxxx;H*Hxxx,0.02,1.073819400267783
0.7449226307962373,1.305724300209342,0.0,-1.0512283850923827,0;0;-1.05122838509;0;0;0;0;0.0750100389074;0;0;0;0,53208.28070862673,0.005,1372,3e-06,1.2473244524229676,,0.0004413933133569652,0.3900816999999961,ok,same_stridge_core,Hx;H*Hxx,0.02,0.9280747681712073
0.745003029190688,1.3063095073781223,0.047377009427370685,-0.9695723938646617,0.0921534544715;-0.0139943770419;-0.969572393865;0.0473770094274;3.29969810143;0;-0.0119994287099;-0.0311159594626;-0.784421698015;0;0.0102903845455;0.0613377126014,53207.4175499949,0.005,1373,3e-06,2.3727419682667934,,0.00031222513463756706,0.12927509999997255,ok,same_stridge_core,1;H;Hx;D_x^1.30631 H;Hxxx;H*Hx;H*Hxx;H*Hxxx;H^2*Hxx;H^2*Hxxx,0.005,0.7765194417669465
0.7449384873509662,1.3057115378204218,0.189701851799533,-1.2212143941285323,0;0;-1.22121439413;0.1897018518;-1.76521361802;0;0;0;0.119053427939;0;0;0,53208.29960895644,0.005,1374,3e-06,1.7129804898997936,,0.0005927483172495812,0.36259340000003704,ok,same_stridge_core,Hx;D_x^1.305712 H;Hxxx;H*Hxxx,0.030468966307061543,1.074480894592316
0.7447955554229679,1.3074497057393497,0.0,-1.0515769998361366,0;0;-1.05157699984;0;0;0;0;0.0749594696238;0;0;0;0,53205.734886022,0.005,1375,3e-06,1.2474326449611517,,0.00044155716173933186,0.36877090000001544,ok,same_stridge_core,Hx;H*Hxx,0.02,0.9281982356450197
0.7446901893608975,1.3074614372154163,0.0,-1.0518661214112688,0;0;-1.05186612141;0;0;0;0;0.0749175211522;0;0;0;0,53205.71750757242,0.005,1376,3e-06,1.247539261342693,,0.0004416969412908076,0.2691973000000303,ok,same_stridge_core,Hx;H*Hxx,0.02,0.9283049562972584
0.7449033968401675,1.305258554635642,0.04742378361634528,-0.9701477211501166,0.0921080110434;-0.0139910153147;-0.97014772115;0.0474237836163;3.29378139083;0;-0.011984348517;-0.031295938139;-0.783129966903;0;0.0103000916932;0.0612408741185,53208.96753532984,0.005,1377,3e-06,2.3729903211417542,,0.0003123855180047578,0.3580274999999915,ok,same_stridge_core,1;H;Hx;D_x^1.305259 H;Hxxx;H*Hx;H*Hxx;H*Hxxx;H^2*Hxx;H^2*Hxxx,0.005,0.7767212950818593
0.7446743685163589,1.30415301106418,0.0,-1.0519095394659028,0;0;-1.05190953947;0;0;0;0;0.0749112204694;0;0;0;0,53210.597342225534,0.005,1378,3e-06,1.2475849819857614,,0.0004417182445073704,0.26686289999997825,ok,same_stridge_core,Hx;H*Hxx,0.02,0.9283213979324082
0.7450112617542106,1.30681931659485,0.1901306879713818,-1.2207618935255609,0;0;-1.22076189353;0.190130687971;-1.76343159428;0;0;0;0.119317291624;0;0;0,53206.665301656765,0.005,1379,3e-06,1.7122010343657137,,0.0005919574919403484,0.12635369999998147,ok,same_stridge_core,Hx;D_x^1.306819 H;Hxxx;H*Hxxx,0.020927790265290264,1.0737210507458326
0.7458682790300313,1.2632853193035678,0.0451489353420656,-1.0514666393889416,0.0204721055354;0;-1.05146663939;0.0451489353421;0.591813677194;0;0;0.0792624493028;-0.0333755394373;0;0;0,53270.06499788321,0.005,1380,3e-06,1.775089784739436,,0.0003461020207703967,0.36935730000004696,ok,same_stridge_core,1;Hx;D_x^1.263285 H;Hxxx;H*Hxx;H*Hxxx,0.015606060606060604,0.8162286147775382
0.7451317785814804,1.3095176122046808,0.1911280338348574,-1.2197540907793212,0;0;-1.21975409078;0.191128033835;-1.756968844;0;0;0;0.119690130082;0;0;0,53202.681105017895,0.005,1381,3e-06,1.7098773484438488,,0.00058955379327368,0.3693188999999961,ok,same_stridge_core,Hx;D_x^1.309518 H;Hxxx;H*Hxxx,0.02,1.071445175183634
0.7450946979599171,1.307045877829361,0.19027758515623402,-1.2205529486623243,0;0;-1.22055294866;0.190277585156;-1.76556434137;0;0;0;0.119683325884;0;0;0,53206.33089149184,0.005,1382,3e-06,1.712577269712268,,0.0005923993001708608,0.36642649999998866,ok,same_stridge_core,Hx;D_x^1.307046 H;Hxxx;H*Hxxx,0.024407347665472545,1.0741012990143661
0.744959016664001,1.3051365632917094,0.18952946096708057,-1.2213501949956922,0;0;-1.221350195;0.189529460967;-1.76825852071;0;0;0;0.119180656895;0;0;0,53209.147394767024,0.005,1383,3e-06,1.7138434616621043,,0.0005936757372129789,0.3968259000000103,ok,same_stridge_core,Hx;D_x^1.305137 H;Hxxx;H*Hxxx,0.02,1.0753336929249
0.7445536774024808,1.3043369499589537,0.0,-1.052240789885999,0;0;-1.05224078989;0;0;0;0;0.0748631461931;0;0;0;0,53210.326116634234,0.005,1384,3e-06,1.2477102673803517,,0.000441883079861358,0.37390579999998863,ok,same_stridge_core,Hx;H*Hxx,0.02,0.9284483106805462
0.744951252858328,1.3143476126293234,0.0,-1.056742419291266,0;0;-1.05674241929;0;-0.12256717357;0;0;0.0737904132298;0;0;0;0,53195.53806905199,0.005,1385,3e-06,1.4034166064711953,,0.0004379771041166966,0.3621886000000245,ok,same_stridge_core,Hx;Hxxx;H*Hxx,0.02,0.9246567638497273
0.7449413720995115,1.3066607968883914,0.1900180512732228,-1.2209276059634446,0;0;-1.22092760596;0.190018051273;-1.76151959473;0;0;0;0.119008815049;0;0;0,53206.89912705808,0.005,1386,3e-06,1.7118482818445662,,0.0005915477637245903,0.3715018999999984,ok,same_stridge_core,Hx;D_x^1.306661 H;Hxxx;H*Hxxx,0.0244073683818143,1.0733654923198692
0.7447725949352253,1.3071961816637023,0.0,-1.051639996263002,0;0;-1.05163999626;0;0;0;0;0.0749503315534;0;0;0;0,53206.10903283191,0.005,1387,3e-06,1.247458002139058,,0.00044158738893976767,0.1419252999999685,ok,same_stridge_core,Hx;H*Hxx,0.02,0.9282213479420665
0.7448805178124275,1.297927159756795,0.0,-1.0513439071556958,0;0;-1.05134390716;0;0;0;0;0.0749932844007;0;0;0;0,53219.75834814499,0.005,1388,3e-06,1.2474336524875171,,0.0004414470657130033,0.37830249999996113,ok,same_stridge_core,Hx;H*Hxx,0.01971804125698864,0.9281151023986473
0.744852273802096,1.3052412881179674,0.058096926519622054,-1.060110561958516,0.020118076605;0;-1.06011056196;0.0580969265196;0.559420797091;0;0;0.0746221983343;-0.0313135528702;0;0;0,53208.99303003393,0.005,1389,3e-06,1.7727988361519351,,0.0003457691080715966,0.12935679999998229,ok,same_stridge_core,1;Hx;D_x^1.305241 H;Hxxx;H*Hxx;H*Hxxx,0.01,0.8150369616113244
0.7449576863747289,1.3052944029665885,0.0,-1.056726013396586,0;0;-1.0567260134;0;-0.12259436243;0;0;0.073792699893;0;0;0;0,53208.91464420278,0.005,1390,3e-06,1.4035288575506133,,0.00043796746812425165,0.36582540000000563,ok,same_stridge_core,Hx;Hxxx;H*Hxx,0.019619298245614043,0.9246486257527884
0.7449204832777558,1.3044425306634742,0.057704560909988815,-1.0596923643288814,0.0201377465239;0;-1.05969236433;0.05770456091;0.560356615008;0;0;0.0747946837623;-0.0312703129256;0;0;0,53210.17053106506,0.005,1391,3e-06,1.7727585608952734,,0.0003456993679477145,0.2663392999999701,ok,same_stridge_core,1;Hx;D_x^1.304443 H;Hxxx;H*Hxx;H*Hxxx,0.01,0.8149754913361024
0.7448778677945199,1.3148710259926129,0.0,-1.056929567492973,0;0;-1.05692956749;0;-0.122256929272;0;0;0.0737643341971;0;0;0;0,53194.76309860499,0.005,1392,3e-06,1.4035038571798073,,0.00043808754169650843,0.38262489999999616,ok,same_stridge_core,Hx;Hxxx;H*Hxx,0.02,0.9247509892923623
0.7448805178124275,1.297927159756795,0.0,-1.0513439071556958,0;0;-1.05134390716;0;0;0;0;0.0749932844007;0;0;0;0,53219.75834814499,0.005,1393,3e-06,1.2474336524875171,,0.0004414470657130033,0.02871820000001435,ok,same_stridge_core,Hx;H*Hxx,0.01972024291497977,0.9281151023986473
0.7449314026842995,1.3062019007154186,0.0,-1.0567930377778976,0;0;-1.05679303778;0;-0.122483211468;0;0;0.0737833597367;0;0;0;0,53207.57623128747,0.005,1394,3e-06,1.4035502513444498,,0.00043800677144306303,0.13186790000003157,ok,same_stridge_core,Hx;Hxxx;H*Hxx,0.019499150373457914,0.9246820652628626
0.7448886804117685,1.3052444373087404,0.0,-1.0513215142866639,0;0;-1.05132151429;0;0;0;0;0.0749965309726;0;0;0;0,53208.98838861464,0.005,1395,3e-06,1.247361201633347,,0.0004414365970665645,0.2656559999999786,ok,same_stridge_core,Hx;H*Hxx,0.02,0.9281072713016592
0.7449111151130918,1.3052444373087404,0.0,-1.0512599725878082,0;0;-1.05125997259;0;0;0;0;0.0750054567585;0;0;0;0,53208.98838861464,0.005,1396,3e-06,1.2473395840286399,,0.0004414079499851183,0.13422879999995985,ok,same_stridge_core,Hx;H*Hxx,0.02,0.9280856536969521
0.7448984822933725,1.3069645481734409,0.0,-1.056876993584288,0;0;-1.05687699358;0;-0.122344119378;0;0;0.0737716605883;0;0;0;0,53206.45098756907,0.005,1397,3e-06,1.4035822879523872,,0.00043805634854744664,0.1455218999999488,ok,same_stridge_core,Hx;Hxxx;H*Hxx,0.02,0.9247242290642655
0.7449585154690317,1.3058996888385432,0.0,-1.0567238973044866,0;0;-1.0567238973;0;-0.122597791751;0;0;0.0737929937814;0;0;0;0,53208.02197266325,0.005,1398,3e-06,1.403519780990856,,0.0004379662368499697,0.38313599999997905,ok,same_stridge_core,Hx;Hxxx;H*Hxx,0.019492928298497615,0.9246475832368867
0.7447855373262563,1.3051300514278976,0.0,-1.0516044831634215,0;0;-1.05160448316;0;0;0;0;0.0749554831838;0;0;0;0,53209.157041698534,0.005,1399,3e-06,1.2474631819093143,,0.0004415702993273779,0.402177800000004,ok,same_stridge_core,Hx;H*Hxx,0.02,0.9282082396591231
0.7449095250626215,1.3052178155418181,0.0,-1.0512643334436718,0;0;-1.05126433344;0;0;0;0;0.0750048249835;0;0;0;0,53209.02765152713,0.005,1400,3e-06,1.2473413461449527,,0.00044140998427558126,0.4260734999999727,ok,same_stridge_core,Hx;H*Hxx,0.02,0.9280871802357898
0.7450627712810609,1.304704266326132,0.18947542738386294,-1.2213025311227774,0;0;-1.22130253112;0.189475427384;-1.773764762;0;0;0;0.119677329943;0;0;0,53209.78481942348,0.005,1401,3e-06,1.7151887628763638,,0.0005951600125355839,0.3971815999999535,ok,same_stridge_core,Hx;D_x^1.304704 H;Hxxx;H*Hxxx,0.0294281045751634,1.076671345043282
0.7450091271163078,1.3050436380725388,0.18954169746127475,-1.2212927930849125,0;0;-1.22129279308;0.189541697461;-1.7704557158;0;0;0;0.11941395564;0;0;0,53209.284448294304,0.005,1402,3e-06,1.7143506065658234,,0.0005942405678594498,0.38122609999999213,ok,same_stridge_core,Hx;D_x^1.305044 H;Hxxx;H*Hxxx,0.020432677355324422,1.0758391931862918
0.7449772435533343,1.3063095073781223,0.18993282430487404,-1.2209710944826433,0;0;-1.22097109448;0.189932824305;-1.7642344333;0;0;0;0.119193831106;0;0;0,53207.4175499949,0.005,1403,3e-06,1.7125549572745402,,0.0005923162284892937,0.1516990000000078,ok,same_stridge_core,Hx;D_x^1.30631 H;Hxxx;H*Hxxx,0.02,1.0740659466746014
0.74490250576623,1.3048883616018012,0.0,-1.0512835874979969,0;0;-1.0512835875;0;0;0;0;0.075002031464;0;0;0;0,53209.51325261908,0.005,1404,3e-06,1.2473509672376748,,0.00044141892226642535,0.3860597999999982,ok,same_stridge_core,Hx;H*Hxx,0.02,0.9280938877219602
0.7448926413805146,1.3065897838027576,0.0,-1.051310649659728,0;0;-1.05131064966;0;0;0;0;0.0749981070121;0;0;0;0,53207.00403534466,0.005,1405,3e-06,1.2473454243603375,,0.00044143150597478485,0.14319860000000517,ok,same_stridge_core,Hx;H*Hxx,0.02,0.9281034001482694
0.7448228798179026,1.306804024332687,0.0,-1.051502031733004,0;0;-1.05150203173;0;0;0;0;0.0749703469138;0;0;0;0,53206.687848354224,0.005,1406,3e-06,1.2474114685295603,,0.0004415214808188728,0.38250700000003235,ok,same_stridge_core,Hx;H*Hxx,0.02,0.9281713414394349
0.7448996328828915,1.3072917696866853,0.0,-1.0568740616787315,0;0;-1.05687406168;0;-0.122348960519;0;0;0.0737720680712;0;0;0;0,53205.96805949377,0.005,1407,3e-06,1.403576443002403,,0.00043805460327130054,0.39325500000001057,ok,same_stridge_core,Hx;Hxxx;H*Hxx,0.02,0.924722730466959
0.7450078945351779,1.304759889590307,0.18944683642623772,-1.2213790544561494,0;0;-1.22137905446;0.189446836426;-1.77154254407;0;0;0;0.119424589184;0;0;0,53209.70267536863,0.005,1408,3e-06,1.7146886478745111,,0.0005945996230728002,0.3861757999999895,ok,same_stridge_core,Hx;D_x^1.30476 H;Hxxx;H*Hxxx,0.02,1.0761722157700877
0.7448846475663098,1.2989635728050306,0.1874279092896803,-1.2233013626088323,0;0;-1.22330136261;0.18742790929;-1.78997788433;0;0;0;0.119151794953;0;0;0,53218.23545984091,0.005,1409,3e-06,1.7209094726610632,,0.0006011734926023876,0.3958870000000161,ok,same_stridge_core,Hx;D_x^1.298964 H;Hxxx;H*Hxxx,0.02991972888467597,1.0822906471429723
0.7448414636141747,1.307746634169014,0.0,-1.0570224126927747,0;0;-1.05702241269;0;-0.122103002329;0;0;0.0737513931249;0;0;0;0,53205.29664822794,0.005,1410,3e-06,1.4036459959528713,,0.0004381429688641557,0.40006550000003926,ok,same_stridge_core,Hx;Hxxx;H*Hxx,0.02,0.9247983261188197
