alpha,beta,coef_dbeta,coef_hx,coefficients,condition,d_tol,eval,lamb,loss,message,mse,seconds,status,stridge_mode,support,tolerance,validation_residual_norm
0.6398411968399667,1.9843334829807215,-1.0678281367408469,-1.3930693037099553,0;0;-1.39306930371;-1.06782813674;0;0;0;0.158649060597;-0.0695100131787;0;0;0,66991.71142164759,0.005,1,0.0002,55.77150167087722,,0.0023916429380503794,0.4055400999999961,ok,same_stridge_core,Hx;D_x^1.984333 H;H*Hxx;H*Hxxx,0.035,2.178132533559149
0.8272313940622935,1.3265900352261721,-0.1538920128844586,-0.7485766691950173,0;0;-0.748576669195;-0.153892012884;0;0;0;0.152839015801;0;0;0;0,55647.75146336799,0.005,2,0.0002,34.8212107733556,,0.0010556376011978561,0.4047764000000029,ok,same_stridge_core,Hx;D_x^1.32659 H;H*Hxx,0.12500000000000003,1.4325598953348078
0.48827768361114166,1.2333223634026589,0.9690016092533903,-2.9343065633492666,0;0;-2.93430656335;0.969001609253;0;0;0;-0.487040282652;-0.808683490198;0;0;-0.0246787426338,55806.72640010134,0.005,3,0.0002,59.993619300031575,,0.009411566340868335,0.3988608999999883,ok,same_stridge_core,Hx;D_x^1.233322 H;H*Hxx;H*Hxxx;H^2*Hxxx,0.054333333333333365,4.186892899930236
0.03475906169579762,1.4236766483651773,12.559342325633652,-5.268798297700868,0;0;-5.2687982977;12.5593423256;39.3649249176;0;-3.12767251551;-12.3230525188;-39.242790521;0.297885295246;0.967812740466;4.17987972859,55467.940583073425,0.005,4,0.0002,120.8522930368597,,0.23004824342451552,0.379482199999984,ok,same_stridge_core,Hx;D_x^1.423677 H;Hxxx;H*Hx;H*Hxx;H*Hxxx;H^2*Hx;H^2*Hxx;H^2*Hxxx,0.10500000000000004,21.009999987327518
0.6897075374345438,1.717450446896344,0.0,-1.2078574290079027,0;0;-1.20785742901;0;0;0;0;0.0535361761248;0;0;0;0,55952.83431153732,0.005,5,0.0002,23.821428050988526,,0.0010550488820539829,0.37999779999995553,ok,same_stridge_core,Hx;H*Hxx,0.03795187165775401,1.4402943263735966
0.4610692270263791,1.8222514018941443,1.978143473037428,-2.111271315429953,0;0;-2.11127131543;1.97814347304;3.70800146532;0;0;-2.00621574189;0;0;0.194060691055;0,59227.0246363151,0.005,6,0.0002,65.93669097148646,,0.0234656272938743,0.38478500000002214,ok,same_stridge_core,Hx;D_x^1.822251 H;Hxxx;H*Hxx;H^2*Hxx,0.12500000000000003,6.70966633517135
0.5670294351944193,1.8979235825722076,0.0,-1.6180072143842508,0;0;-1.61800721438;0;0;0;0;0;0;0;0;0,64195.23335397624,0.005,7,0.0002,17.402371557199196,,0.01065999333910759,0.3811238999999773,ok,same_stridge_core,Hx,0.06999999999999999,4.563324886403948
0.5327415280355602,1.9140459871620286,0.0,-1.7625952643321678,0;0;-1.76259526433;0;0;0;0;-0.808356395778;0.143185693043;0;0.0942374115675;0,65186.92912323932,0.005,8,0.0002,56.87024730053625,,0.011312214962630122,0.38450860000000375,ok,same_stridge_core,Hx;H*Hxx;H*Hxxx;H^2*Hxx,0.035,4.720704001944788
0.3262435959567813,1.346222446490526,2.82633428779778,-5.339337501048586,-0.242853258473;0;-5.33933750105;2.8263342878;-9.98427409556;0;0;-1.55267308286;-1.61881127545;0;0;0,55612.05151663426,0.005,9,0.0002,76.56796811417881,,0.05047307854498643,0.39894099999997934,ok,same_stridge_core,1;Hx;D_x^1.346222 H;Hxxx;H*Hxx;H*Hxxx,0.11000000000000003,9.833506294217704
0.1609193601076711,1.5187559856583701,13.95733392811442,-2.9163323591068564,-0.773395332227;0;-2.91633235911;13.9573339281;-51.5242311807;0;-3.59169780179;-10.5698019324;-13.8866113726;0.322173686303;0.660982751507;1.87347788976,55311.25425612515,0.005,10,0.0002,119.51918617611786,,0.041634725072777316,0.38635450000003857,ok,same_stridge_core,1;Hx;D_x^1.518756 H;Hxxx;H*Hx;H*Hxx;H*Hxxx;H^2*Hx;H^2*Hxx;H^2*Hxxx,0.12500000000000003,8.896677663867537
0.9835196037494893,1.9447504218202099,0.9476035179193267,-0.5520765058245565,0;0;-0.552076505825;0.947603517919;-0.463818204843;0;0;0;0;0;0;0,66537.19261579172,0.005,11,0.0002,42.092880601075244,,0.0024464234565223343,0.38954929999999877,ok,same_stridge_core,Hx;D_x^1.94475 H;Hxxx,0.07820238095238097,2.170565031600215
0.6146006696466672,1.3004035357147372,0.5055355962882152,-1.8687318921579965,0;0;-1.86873189216;0.505535596288;0;0;0;-0.178093951306;-0.357073253336;0;0;0,55694.29577052178,0.005,12,0.0002,46.46241687688814,,0.0019299166537854113,0.375140599999952,ok,same_stridge_core,Hx;D_x^1.300404 H;H*Hxx;H*Hxxx,0.05499999999999999,1.9069802604707147
0.8561045804375035,1.2032624790185626,-0.17410500877125065,-0.5888655940711464,0;0;-0.588865594071;-0.174105008771;0;0;0;0.183150336611;0.15844690954;0;0;0,55853.63770819883,0.005,13,0.0002,46.10863270328411,,0.0010570276981057584,0.4024064999999837,ok,same_stridge_core,Hx;D_x^1.203262 H;H*Hxx;H*Hxxx,0.044882298771187656,1.4257225367250432
0.1895240972696292,1.1663845561892876,2.912763544614191,-7.352016428846754,0;0;-7.35201642885;2.91276354461;-2.84198624878;0;0;-1.82060233114;-3.79404818098;0;0;0,55908.19154031995,0.005,14,0.0002,71.01307817400232,,0.12021147300503976,0.40762280000001283,ok,same_stridge_core,Hx;D_x^1.166385 H;Hxxx;H*Hxx;H*Hxxx,0.12500000000000003,15.104886633682366
0.9561099667340214,1.8484264583035248,0.7963391490395109,-0.6137381421757292,0;0;-0.613738142176;0.79633914904;0;0;0;0;0;0;0;0,60794.32979480954,0.005,15,0.0002,26.55048340323114,,0.002544763596544083,0.3823601999999937,ok,same_stridge_core,Hx;D_x^1.848426 H,0.05999999999999999,2.232751485307322
0.5841555853519856,1.6529662656663584,1.1348264451711407,-1.8095525638754513,0;0;-1.80955256388;1.13482644517;0;0;0;-0.92557620322;0;0;0.0810499301183;0,55405.2681088456,0.005,16,0.0002,47.33246785570774,,0.004502988399925014,0.3961773000000335,ok,same_stridge_core,Hx;D_x^1.652966 H;H*Hxx;H^2*Hxx,0.035,3.0082533686312605
0.7196157247965254,1.0545833624534255,0.0,-1.1411398750406296,0;0;-1.14113987504;0;0;0;0;0;0;0;0;0,56054.27741463583,0.005,17,0.0002,13.95300147554669,,0.003877193900438246,0.3758416000000011,ok,same_stridge_core,Hx,0.12000000000000004,2.7421459926195255
0.38130778395924786,1.5482120653716076,3.3110094733408473,-3.8959384169396034,-0.176287489699;0;-3.89593841694;3.31100947334;-10.0483425519;0;0;-3.20262903313;0.643559445935;0;0.241144907463;0,55280.7474176061,0.005,18,0.0002,85.18424193192978,,0.031380295046457896,0.39107649999999694,ok,same_stridge_core,1;Hx;D_x^1.548212 H;Hxxx;H*Hxx;H*Hxxx;H^2*Hxx,0.12000000000000004,7.791195547281217
0.10787678371950143,1.5005149961146462,15.230395576154681,-3.559959725935256,-0.914641570182;0;-3.55995972594;15.2303955762;-71.7565976488;0;-4.10726917369;-12.0561845028;-13.1798236692;0.371650615798;0.755287591389;1.9665797531,55336.31332004038,0.005,19,0.0002,121.33977512036442,,0.06012771522603662,0.3959393000000091,ok,same_stridge_core,1;Hx;D_x^1.500515 H;Hxxx;H*Hx;H*Hxx;H*Hxxx;H^2*Hx;H^2*Hxx;H^2*Hxxx,0.12500000000000003,10.667148480283629
0.26588866376413955,1.022521899032092,1.2927380506608082,-5.572735532971878,0;0;-5.57273553297;1.29273805066;0;0;0;-1.06609481541;-3.256664217;0;0;0,56091.21850676856,0.005,20,0.0002,56.122320707582496,,0.06509623178013778,0.40587390000001733,ok,same_stridge_core,Hx;D_x^1.022522 H;H*Hxx;H*Hxxx,0.10250000000000004,11.249345902167647
0.35859582962079406,1.3901220833128705,3.004341206018811,-4.243337105389846,-0.235674849409;0;-4.24333710539;3.00434120602;-24.3275341581;0;-0.158618244095;-1.64958014267;5.43715982616;0;0;-0.777117659792,55530.532969030115,0.005,21,0.0002,96.4785646788485,,0.029942575204097713,0.3858331999999791,ok,same_stridge_core,1;Hx;D_x^1.390122 H;Hxxx;H*Hx;H*Hxx;H*Hxxx;H^2*Hxxx,0.12500000000000003,7.629711928400292
0.910601616259219,1.4680659307852015,-0.728013234200919,-0.8260795780377378,0.0910462091688;0;-0.826079578038;-0.728013234201;5.60798644373;0;0.285804117062;0.466342145941;0.203546742665;-0.0231012938608;0;0,55388.32527502566,0.005,22,0.0002,89.34306990055848,,0.0002659436841144827,0.39433509999997796,ok,same_stridge_core,1;Hx;D_x^1.468066 H;Hxxx;H*Hx;H*Hxx;H*Hxxx;H^2*Hx,0.005,0.7217494605174064
0.7765095474649211,1.2477516783339972,0.0,-0.993054774058272,0;0;-0.993054774058;0;0;0;0;0;0;0;0;0,55783.43000253741,0.005,23,0.0002,14.662019946724032,,0.006409719138336349,0.4077497999999764,ok,same_stridge_core,Hx,0.08875000000000002,3.5053339462165494
0.0682928147924477,1.7954378427927467,65.74187089911167,5.440836660072505,-1.19145920608;0;5.44083666007;65.7418708991;187.304566351;0;-7.52163302279;-33.9382757315;-104.190861441;0.657262578683;2.54257175847;10.1901374402,57957.48875451781,0.005,24,0.0002,135.72221235881557,,0.20451134545605873,0.41481730000003836,ok,same_stridge_core,1;Hx;D_x^1.795438 H;Hxxx;H*Hx;H*Hxx;H*Hxxx;H^2*Hx;H^2*Hxx;H^2*Hxxx,0.12500000000000003,19.807234849779917
0.42371849724476185,1.7575025216622855,2.667693255597676,-2.77537125173778,-0.143720432758;0;-2.77537125174;2.6676932556;0;0;0;-2.50368796012;-0.323445615333;0;0.208690673674;0,56719.561645249916,0.005,25,0.0002,75.43629629885234,,0.02828671683062212,0.43524009999998725,ok,same_stridge_core,1;Hx;D_x^1.757503 H;H*Hxx;H*Hxxx;H^2*Hxx,0.0689111111111111,7.372822324552438
0.13668014758538355,1.1162035326876283,2.9518323084913205,-6.31836246660394,-0.223256769113;-0.126242346172;-6.3183624666;2.95183230849;-140.708110796;0;-2.1165884109;-6.43731541969;15.9127908505;0.2166231527;0.41307070407;-0.579417000204,55977.23560784582,0.005,26,0.0002,132.53641023181166,,0.0469593736533494,0.4247069000000465,ok,same_stridge_core,1;H;Hx;D_x^1.116204 H;Hxxx;H*Hx;H*Hxx;H*Hxxx;H^2*Hx;H^2*Hxx;H^2*Hxxx,0.12500000000000003,9.386491894550824
0.7595405068525503,1.6254598683444204,0.0,-1.0090236998995594,0;0;-1.0090236999;0;0;0;0;0.0826511876171;0;0;0;0,55316.26551656317,0.005,27,0.0002,23.181370460721435,,0.000553331022916553,0.38950469999997495,ok,same_stridge_core,Hx;H*Hxx,0.045624999999999985,1.054864254096167
0.22607527189059945,1.7009071595819696,6.606358069382371,-5.08568519544199,-0.360597801021;0;-5.08568519544;6.60635806938;-10.0151865654;0;0;-6.34406933048;0.448469799201;0;0.512610976982;0,55750.05314265746,0.005,28,0.0002,94.37001831426275,,0.13891321270594467,0.3724188999999569,ok,same_stridge_core,1;Hx;D_x^1.700907 H;Hxxx;H*Hxx;H*Hxxx;H^2*Hxx,0.12500000000000003,16.319943914542286
0.2804664843816254,1.5859417896736618,5.252724304477824,-5.049778710001072,-0.280566714275;0;-5.04977871;5.25272430448;-14.5572063779;0;0;-5.11263084178;0.988553201192;0;0.392247602526;0,55269.92353332473,0.005,29,0.0002,89.63072445457829,,0.07789159373433668,0.39143020000000206,ok,same_stridge_core,1;Hx;D_x^1.585942 H;Hxxx;H*Hxx;H*Hxxx;H^2*Hxx,0.12500000000000003,12.252831507923657
0.8694873130429859,1.099401330120707,0.0,-0.9251649212527789,0;0;-0.925164921253;0;-3.35056020015;0;0;0;0;0;0;0,55999.063577068584,0.005,30,0.0002,26.311605356128634,,0.008394321127472393,0.37462959999999157,ok,same_stridge_core,Hx;Hxxx,0.12500000000000003,3.911979925301201
0.20905182440304604,1.5172284524050914,11.753464530850172,-2.7082006383181327,-0.655779881173;0;-2.70820063832;11.7534645309;-43.7159043985;0;-3.03711317375;-8.84170346636;-11.5197329604;0.271915737087;0.547915848085;1.54803595888,55313.2013397023,0.005,31,0.0002,118.06580255058387,,0.029008576082045476,0.3898042000000146,ok,same_stridge_core,1;Hx;D_x^1.517228 H;Hxxx;H*Hx;H*Hxx;H*Hxxx;H^2*Hx;H^2*Hxx;H^2*Hxxx,0.12500000000000003,7.4393998711792495
0.04741436456883724,1.1503636419635486,4.409610147804203,-8.148928392669138,-0.577752605989;-0.108223341753;-8.14892839267;4.4096101478;-193.131991962;0;-2.78272758735;-8.61163325541;22.3840949638;0.288261771148;0.55461990822;-0.824388182327,55930.87468891383,0.005,32,0.0002,135.8311559961797,,0.08745849875069094,0.3882188000000042,ok,same_stridge_core,1;H;Hx;D_x^1.150364 H;Hxxx;H*Hx;H*Hxx;H*Hxxx;H^2*Hx;H^2*Hxx;H^2*Hxxx,0.12500000000000003,12.783231680569244
0.616862543223886,1.5462228231059965,0.8067873693716633,-1.6907517278807973,0;0;-1.69075172788;0.806787369372;0.280564315578;0;0;-0.631034817205;0;0;0.0537715540677;0,55282.3176111952,0.005,33,0.0002,57.30175456379719,,0.0021260200554144583,0.37502789999996367,ok,same_stridge_core,Hx;D_x^1.546223 H;Hxxx;H*Hxx;H^2*Hxx,0.03131578947368422,2.019436952601991
0.09195042432042538,1.1503636419635486,3.8471839677541215,-7.090640125376131,-0.402246654087;-0.115258462099;-7.09064012538;3.84718396775;-163.453397847;0;-2.49396021911;-7.55188509298;18.15312864;0.255041663312;0.482754167588;-0.630592020727,55930.87468891383,0.005,34,0.0002,134.01093991963631,,0.06418683507001062,0.1408600999999976,ok,same_stridge_core,1;H;Hx;D_x^1.150364 H;Hxxx;H*Hx;H*Hxx;H*Hxxx;H^2*Hx;H^2*Hxx;H^2*Hxxx,0.12500000000000003,10.963015604025845
0.6897075374345438,1.0138171933974642,0.0,-1.288733161073972,0;0;-1.28873316107;0;0;0;0;0;-0.262974082293;0;0;0,56100.89752279011,0.005,35,0.0002,24.566524260526627,,0.0023011817557972744,0.2706772000000228,ok,same_stridge_core,Hx;H*Hxxx,0.06499999999999999,2.1261652514105847
0.965220380275181,1.8222514018941443,0.7659821265782375,-0.6069964628641341,0;0;-0.606996462864;0.765982126578;0;0;0;0;0;0;0;0,59227.0246363151,0.005,36,0.0002,26.011543349742198,,0.0027447882726129064,0.14648750000003474,ok,same_stridge_core,Hx;D_x^1.822251 H,0.07166666666666673,2.3207334952161585
0.5349482219295406,1.8979235825722076,0.0,-1.7536306369532735,0;0;-1.75363063695;0;0;0;0;-0.794996853463;0.141291532209;0;0.0928062986573;0,64195.23335397624,0.005,37,0.0002,56.01214638308208,,0.01100246671712158,0.1398513000000321,ok,same_stridge_core,Hx;H*Hxx;H*Hxxx;H^2*Hxx,0.029919774416255894,4.65595969990109
0.5327415280355602,1.8276984960174147,1.3433432830728609,-1.9706413895063786,-0.0768306682559;0;-1.97064138951;1.34334328307;0;0;0;-1.2196762216;0.00028626194677;0;0.106139205581;-0.0247839745528,59527.82522589998,0.005,38,0.0002,87.5358833869249,,0.009076722961482287,0.2766561999999908,ok,same_stridge_core,1;Hx;D_x^1.827698 H;H*Hxx;H*Hxxx;H^2*Hxx;H^2*Hxxx,0.025,4.196928070664906
0.7059917051388066,1.8462501257634643,0.0,-1.178853854598924,0;0;-1.1788538546;0;0;0;0;0;0;0;0;0,60653.145832594506,0.005,39,0.0002,14.733256223760979,,0.003475722903469965,0.39853709999999865,ok,same_stridge_core,Hx,0.12500000000000003,2.602627057242075
0.1609193601076711,1.31901580892523,5.849519674933957,-4.836784685442948,-0.428504465626;-0.0680082685312;-4.83678468544;5.84951967493;-103.602609834;0;-2.61068735825;-7.15306442097;4.84289348406;0.247814162313;0.435369981005;0.260636540516,55661.34952183337,0.005,40,0.0002,130.97461706005842,,0.038491341352341495,0.28647250000000213,ok,same_stridge_core,1;H;Hx;D_x^1.319016 H;Hxxx;H*Hx;H*Hxx;H*Hxxx;H^2*Hx;H^2*Hxx;H^2*Hxxx,0.12500000000000003,8.51964811202498
0.39405032346249846,1.4187138174690437,2.298816958966825,-3.609946847810192,0;0;-3.60994684781;2.29881695897;0;0;0;-2.29772878806;-0.428149287699;0;0.171920953092;0,55477.14151349785,0.005,41,0.0002,62.479363661663456,,0.026372016430307316,0.39277879999997367,ok,same_stridge_core,Hx;D_x^1.418714 H;H*Hxx;H*Hxxx;H^2*Hxx,0.06572727272727277,7.002222148165598
0.14303699930178565,1.7388982401147337,42.669449464160365,2.647950055776914,-0.911688778527;0;2.64795005578;42.6694494642;106.359694286;0;-5.79946346401;-23.0881099322;-69.2593729388;0.500902031753;1.64981221135;6.81613371329,56307.238294690556,0.005,42,0.0002,125.71394908870144,,0.0891011532955632,0.39854580000002215,ok,same_stridge_core,1;Hx;D_x^1.738898 H;Hxxx;H*Hx;H*Hxx;H*Hxxx;H^2*Hx;H^2*Hxx;H^2*Hxxx,0.12500000000000003,13.099472499320303
0.13961939993647388,1.482901694660208,12.684287558640861,-3.655925179913482,-0.825074287482;0;-3.65592517991;12.6842875586;-72.3903554969;0;-3.58012324608;-10.32586902;-9.07640024754;0.3254702163;0.638795004211;1.51790269725,55363.60446695164,0.005,43,0.0002,120.18279956689165,,0.04718718704486804,0.3906982000000312,ok,same_stridge_core,1;Hx;D_x^1.482902 H;Hxxx;H*Hx;H*Hxx;H*Hxxx;H^2*Hx;H^2*Hxx;H^2*Hxxx,0.12500000000000003,9.455590632988331
0.8984144545193886,1.3136751727893656,-0.24923983789167722,-0.36918030753816067,0.0575428134015;0;-0.369180307538;-0.249239837892;2.29715568044;0;0;0.273768083323;0.0997251696017;0;0;0,55670.87288937286,0.005,44,0.0002,68.18432029320923,,0.0009776508303690969,0.3751594999999952,ok,same_stridge_core,1;Hx;D_x^1.313675 H;Hxxx;H*Hxx;H*Hxxx,0.015,1.379272825961788
0.633049570135005,1.8484264583035248,0.7816601732656006,-1.413866908824906,0;0;-1.41386690882;0.781660173266;0;0;0;-0.599575903612;0.1645797464;0;0.061716227461;0,60794.32979480954,0.005,45,0.0002,62.99592402895405,,0.0024368989249159796,0.13635840000000599,ok,same_stridge_core,Hx;D_x^1.848426 H;H*Hxx;H*Hxxx;H^2*Hxx,0.030000000000000002,2.201594234144509
0.5765562560530004,1.08025309341945,0.31905372404220206,-2.0990802177516046,0;0;-2.09908021775;0.319053724042;0;0;0;-0.172449803698;-0.603379265108;0;0;0,56023.179472799144,0.005,46,0.0002,47.14043208806096,,0.002794319753545964,0.38469180000004144,ok,same_stridge_core,Hx;D_x^1.080253 H;H*Hxx;H*Hxxx,0.035,2.3218885098216475
0.028831570513596583,1.9843334829807215,-37.307195941326064,-9.03862994497206,0;0;-9.03862994497;-37.3071959413;-104.074013977;0;0.735607802181;2.3626532301;27.9756140469;0;0.223898047967;-1.50295966055,66991.71142164759,0.005,47,0.0002,139.9052663121676,,0.5733923631551572,0.13635049999999183,ok,same_stridge_core,Hx;D_x^1.984333 H;Hxxx;H*Hx;H*Hxx;H*Hxxx;H^2*Hxx;H^2*Hxxx,0.12500000000000003,32.71852803753147
0.3648955405410169,1.932655150349782,0.0,-2.900777470259486,-0.174495821122;0;-2.90077747026;0;3.56848127557;0;0;-1.79362148626;-1.37598961128;0;0.167683795419;0,66104.98689760285,0.005,48,0.0002,89.4192734310627,,0.05338682418923189,0.40658600000000433,ok,same_stridge_core,1;Hx;Hxxx;H*Hxx;H*Hxxx;H^2*Hxx,0.12500000000000003,10.093289153939276
0.961883527273536,1.0321548325424734,-0.15259409001861035,-0.30481919358887716,0;0;-0.304819193589;-0.152594090019;0;0;0;0.20516067945;0.270576240879;0;0;0,56080.33536630996,0.005,49,0.0002,46.5453055220492,,0.0014957407426435074,0.38150990000002594,ok,same_stridge_core,Hx;D_x^1.032155 H;H*Hxx;H*Hxxx,0.08404761904761905,1.681037229001229
0.7789321286369245,1.9081754327237481,0.6020058875395784,-0.9719329150157345,0;0;-0.971932915016;0.60200588754;0;0;0;0;0;0;0;0,64843.17676254865,0.005,50,0.0002,26.944470713363515,,0.0005215735905362458,0.38264809999998306,ok,same_stridge_core,Hx;D_x^1.908175 H,0.035,1.0072000083440529
0.6214716185367766,1.2843199575627662,0.4492407025189869,-1.818361860519017,0;0;-1.81836186052;0.449240702519;0;0;0;-0.156344094191;-0.343525645926;0;0;0,55722.18705291934,0.005,51,0.0002,46.3559878454563,,0.0016756088512287458,0.39728029999997716,ok,same_stridge_core,Hx;D_x^1.28432 H;H*Hxx;H*Hxxx,0.06618181818181819,1.7782382031208235
0.45180207984300946,1.5213501110413452,2.1922112861711236,-2.869080267782195,0;0;-2.86908026778;2.19221128617;0.249821824693;0;0;-2.06556017362;0;0;0.167317903749;0,55308.01868045936,0.005,52,0.0002,61.07421544872203,,0.017628928202369387,0.3960136000000034,ok,same_stridge_core,Hx;D_x^1.52135 H;Hxxx;H*Hxx;H^2*Hxx,0.085,5.766196768262669
0.25836674878673505,1.6586193393242505,5.9272429934609425,-4.929693807711338,-0.31604426074;0;-4.92969380771;5.92724299346;-11.4576427488;0;0;-5.68153428927;0.709070739485;0;0.451236837815;0,55431.53020462849,0.005,53,0.0002,91.70060566601417,,0.10332460512430879,0.40632510000000366,ok,same_stridge_core,1;Hx;D_x^1.658619 H;Hxxx;H*Hxx;H*Hxxx;H^2*Hxx,0.12500000000000003,14.096463379534267
0.7876635419566704,1.1353396162637535,-0.05245717613823496,-0.7879841717994989,0.0345794753523;0;-0.787984171799;-0.0524571761382;1.87310367602;0;0;0.153608152459;-0.0253238051283;0;0;0,55951.5973645061,0.005,54,0.0002,68.0520432653003,,0.00042613717521038146,0.383122300000025,ok,same_stridge_core,1;Hx;D_x^1.13534 H;Hxxx;H*Hxx;H*Hxxx,0.01,0.9101264278929712
0.9406365677357647,1.7964867118493748,0.5168884021191983,-0.5315010770247125,0.0568013104792;0;-0.531501077025;0.516888402119;-0.175021838025;0;0;0.101450561438;0.341886557452;0;0;0,58000.60268353085,0.005,55,0.0002,71.31029365309048,,0.0015432402775176267,0.3723403999999846,ok,same_stridge_core,1;Hx;D_x^1.796487 H;Hxxx;H*Hxx;H*Hxxx,0.02,1.709570432853451
0.13668014758538355,1.5462228231059965,17.213111645112196,-2.4998748266503763,-0.842027912029;0;-2.49987482665;17.2131116451;-41.5077467937;0;-4.11547266329;-12.4534167267;-20.1367881504;0.366421078298;0.791927225158;2.48266931722,55282.3176111952,0.005,56,0.0002,120.44614398253496,,0.05136823219647573,0.033792899999980364,ok,same_stridge_core,1;Hx;D_x^1.546223 H;Hxxx;H*Hx;H*Hxx;H*Hxxx;H^2*Hx;H^2*Hxx;H^2*Hxxx,0.12500000000000003,9.881508760144545
0.9963328676087809,1.5985701716519327,0.0,-0.50356653260812,0;0;-0.503566532608;0;0;0;0;0.133114180085;0;0;0;0,55276.72061943904,0.005,57,0.0002,24.90635374289202,,0.0038962272454542497,0.3825962999999888,ok,same_stridge_core,Hx;H*Hxx,0.075,2.795665495116402
0.5592576049116695,1.3351552598691825,0.991036586701266,-1.40456312438439,0.132412216584;-0.0471845953879;-1.40456312438;0.991036586701;-5.63235094213;0;-0.502016011721;-1.18445718087;-1.92973519868;0.0431178092517;0.0727020326661;0.220877018503,55632.25274771197,0.005,58,0.0002,124.0722619572,,0.0014455280408423635,0.3686607000000208,ok,same_stridge_core,1;H;Hx;D_x^1.335155 H;Hxxx;H*Hx;H*Hxx;H*Hxxx;H^2*Hx;H^2*Hxx;H^2*Hxxx,0.005,1.681305912233631
0.4313940204669186,1.6080976139263612,2.815472167021705,-2.8480194945356514,0;0;-2.84801949454;2.81547216702;0;0;0;-2.61156427367;0.355859082824;0;0.223343684861;0,55286.41548840744,0.005,59,0.0002,62.21743349110066,,0.02514799942286518,0.3908882999999719,ok,same_stridge_core,Hx;D_x^1.608098 H;H*Hxx;H*Hxxx;H^2*Hxx,0.12500000000000003,6.9310180026932136
0.7037569384290855,1.4075787751841158,0.1863157665207587,-1.2718819131296397,0;0;-1.27188191313;0.186315766521;0;0;0;0;-0.0731250744099;0;0;0,55497.884064860795,0.005,60,0.0002,34.339565700272516,,0.0005511352177081159,0.3934553000000278,ok,same_stridge_core,Hx;D_x^1.407579 H;H*Hxxx,0.0464848484848485,1.0408352613560388
0.7196157247965254,1.126082143466147,0.0,-1.1411398750406296,0;0;-1.14113987504;0;0;0;0;0;0;0;0;0,55964.10514036051,0.005,61,0.0002,13.934967020691627,,0.003877193900438246,0.2814304000000334,ok,same_stridge_core,Hx,0.12500000000000003,2.7421459926195255
0.8782866547627013,1.3265900352261721,-0.2789622548025733,-0.5254880885279443,0;0;-0.525488088528;-0.278962254803;0;0;0;0.214695614871;0.132356005493;0;0;0,55647.75146336799,0.005,62,0.0002,46.19456809201642,,0.0014482853208773023,0.13594679999999926,ok,same_stridge_core,Hx;D_x^1.32659 H;H*Hxx;H*Hxxx,0.12500000000000003,1.676366921322021
0.23834493928583556,1.3997250609785103,4.6433401060877895,-6.401645238249197,-0.333356904021;0;-6.40164523825;4.64334010609;-35.0236217467;0;-0.0920523497072;-4.19208749362;5.15702077914;0;0.223700188593;-0.551208736149,55512.56412317966,0.005,63,0.0002,111.97862420820685,,0.07560764455584716,0.3735934000000043,ok,same_stridge_core,1;Hx;D_x^1.399725 H;Hxxx;H*Hx;H*Hxx;H*Hxxx;H^2*Hxx;H^2*Hxxx,0.12500000000000003,12.05600878648344
0.5548107895537933,1.5019548019951219,1.1849538409274991,-2.1172342907294106,0;0;-2.11723429073;1.18495384093;-0.0569093917543;0;0;-1.04028038829;0;0;0.0843952276544;0,55334.2036890564,0.005,64,0.0002,58.41702621560721,,0.005019390449389647,0.38934870000002775,ok,same_stridge_core,Hx;D_x^1.501955 H;Hxxx;H*Hxx;H^2*Hxx,0.043235294117647045,3.0828225265508036
0.6897075374345438,1.5317559239277119,0.37346483960681875,-1.3309866072502048,0;0;-1.33098660725;0.373464839607;0;0;0;-0.193388874084;0;0;0.0182404319675;0,55296.01238614247,0.005,65,0.0002,45.35398669277761,,0.0006326229315866489,0.2745514000000071,ok,same_stridge_core,Hx;D_x^1.531756 H;H*Hxx;H^2*Hxx,0.01,1.1171767838636286
0.6434611789252609,1.1815078611446341,0.26268433198584,-1.3113545079754305,0.0992082775069;-0.0274732050751;-1.31135450798;0.262684331986;-4.17589461752;0;-0.174749769914;-0.377013871475;0.107300221211;0.0147887394731;0.0229990325769;0,55886.21683178786,0.005,66,0.0002,112.95468334723613,,0.0007151780201286227,0.39689700000002404,ok,same_stridge_core,1;H;Hx;D_x^1.181508 H;Hxxx;H*Hx;H*Hxx;H*Hxxx;H^2*Hx;H^2*Hxx,0.005,1.1822496836603786
0.5670294351944193,1.3348994831706347,0.8112073030774566,-2.1480975170266987,-0.0403211905198;0;-2.14809751703;0.811207303077;0.999200121052;0;-0.0361994272766;-0.381049596739;-1.04032897992;0;0;0,55632.71739125849,0.005,67,0.0002,80.41336556487663,,0.0032647925676360075,0.2905777999999941,ok,same_stridge_core,1;Hx;D_x^1.334899 H;Hxxx;H*Hx;H*Hxx;H*Hxxx,0.02,2.5275612171147284
0.8751544326681919,1.5995946776671865,0.0,-0.7696982266842007,0;0;-0.769698226684;0;0;0;0;0;0;0;0;0,55277.56239032674,0.005,68,0.0002,15.809963535367828,,0.01184205645936985,0.3813236999999958,ok,same_stridge_core,Hx,0.12000000000000004,4.75445105730248
0.8978637180028095,1.8219937094274141,0.7036820442294597,-0.731362867185392,0;0;-0.731362867185;0.703682044229;0;0;0;0;0;0;0;0,59213.14665406299,0.005,69,0.0002,25.622748801501093,,0.001916903397560303,0.3796181999999817,ok,same_stridge_core,Hx;D_x^1.821994 H,0.06550000000000003,1.937490139875894
0.20624352447189226,1.0607736105726224,1.8016222302207276,-7.4044789673529,-0.334610420208;0;-7.40447896735;1.80162223022;-19.5685317884;0;0;-1.77321811965;-2.95372404437;0;0;0,56046.90458904857,0.005,70,0.0002,79.91280468083443,,0.08218354488124524,0.38087880000000496,ok,same_stridge_core,1;Hx;D_x^1.060774 H;Hxxx;H*Hxx;H*Hxxx,0.12500000000000003,12.65651917397614
0.9835196037494893,1.0246956962375946,-0.1554599188979807,-0.25814844243820606,0;0;-0.258148442438;-0.155459918898;0;0;0;0.209228189843;0.279349188852;0;0;0,56088.778434667154,0.005,71,0.0002,46.59914622709093,,0.0015842476543349161,0.2827803999999787,ok,same_stridge_core,Hx;D_x^1.024696 H;H*Hxx;H*Hxxx,0.12500000000000003,1.7281234793572022
0.6146006696466672,1.2111288135116447,0.37118434521997234,-1.857525881410471,0;0;-1.85752588141;0.37118434522;0;0;0;-0.144998013068;-0.402149913612;0;0;0,55841.574140631084,0.005,72,0.0002,46.46645252076533,,0.001696070645763572,0.28055760000000873,ok,same_stridge_core,Hx;D_x^1.211129 H;H*Hxx;H*Hxxx,0.02945988005377983,1.7931932082604631
0.6050806364383725,1.168672293610709,0.3472034713316659,-1.9162876421454216,0;0;-1.91628764215;0.347203471332;0;0;0;-0.149123028497;-0.454505008677;0;0;0,55904.90255480672,0.005,73,0.0002,46.62529800512203,,0.001898151004404625,0.3956683000000112,ok,same_stridge_core,Hx;D_x^1.168672 H;H*Hxx;H*Hxxx,0.02,1.9013759612766552
0.9257674896119689,1.1278759141052732,-0.1913758984612721,-0.3785964737223967,0;0;-0.378596473722;-0.191375898461;0;0;0;0.210563842373;0.236655565661;0;0;0,55961.69688008685,0.005,74,0.0002,46.39111327306623,,0.0013918558493877984,0.38447020000000975,ok,same_stridge_core,Hx;D_x^1.127876 H;H*Hxx;H*Hxxx,0.015,1.6217557689967461
0.5276944890425623,1.4282526729774123,1.4303039838482592,-2.3434467353786084,-0.0725859727774;0;-2.34344673538;1.43030398385;-1.46754315368;0;-0.0773385048946;-0.646155518159;0;0;0;-0.15687100928,55459.489494270645,0.005,75,0.0002,81.01118373016283,,0.005787652231197761,0.3882149000000368,ok,same_stridge_core,1;Hx;D_x^1.428253 H;Hxxx;H*Hx;H*Hxx;H^2*Hxxx,0.04441176470588234,3.3678984381839183
0.5101082721287533,1.1928307844319324,0.7568480995040686,-2.7290960496028727,0;0;-2.7290960496;0.756848099504;0;0;0;-0.393981340278;-0.910395681588;0;0;0,55869.40330250985,0.005,76,0.0002,48.29144062736348,,0.006890635738890562,0.38632820000003676,ok,same_stridge_core,Hx;D_x^1.192831 H;H*Hxx;H*Hxxx,0.0491604823747681,3.5959179853556
0.9287054550025342,1.3859369798811172,-0.5417619566244652,-0.7089011502305196,0.0948412320943;0;-0.708901150231;-0.541761956624;8.24051072424;0;0.266383377785;0.432866650435;-0.49195897722;-0.0222944868406;0;0.0454315046977,55538.36163790032,0.005,77,0.0002,100.64240347535613,,0.00023039490498354647,0.37601740000002337,ok,same_stridge_core,1;Hx;D_x^1.385937 H;Hxxx;H*Hx;H*Hxx;H*Hxxx;H^2*Hx;H^2*Hxxx,0.005,0.6733525271355308
0.3749852719241824,1.1625686063844896,1.343531845960969,-4.609522017598257,-0.16929958614;0;-4.6095220176;1.34353184596;-10.2417007286;0;0;-1.00247923998;-1.33101897291;0;0;0,55913.64961037218,0.005,78,0.0002,73.6255009772312,,0.022125037375433303,0.40796619999997574,ok,same_stridge_core,1;Hx;D_x^1.162569 H;Hxxx;H*Hxx;H*Hxxx,0.0854166666666667,6.529121444784576
0.27962687521153107,1.0376496478634563,1.2946750893934746,-5.391555126252974,0;0;-5.39155512625;1.29467508939;0;0;0;-1.03172590224;-3.07516685784;0;0;0,56074.04502097756,0.005,79,0.0002,55.484442032670515,,0.058267416270714564,0.39663539999997965,ok,same_stridge_core,Hx;D_x^1.03765 H;H*Hxx;H*Hxxx,0.10000000000000002,10.625206015888468
0.29919783960588764,1.9081754327237481,-2.2116081118052495,-4.236447457716333,-0.234141776597;0;-4.23644745772;-2.21160811181;-17.2895347549;0;0.184867753837;-2.6688497121;2.53786435274;0;0.312880481197;0,64843.17676254865,0.005,80,0.0002,116.70970996123111,,0.08833347671051274,0.14006660000001148,ok,same_stridge_core,1;Hx;D_x^1.908175 H;Hxxx;H*Hx;H*Hxx;H*Hxxx;H^2*Hxx,0.06499999999999999,12.960627141153259
0.9296976717479789,1.5254052073208717,-0.27809206629968464,-0.5349544935818417,0;0;-0.534954493582;-0.2780920663;0;0;0;0.19792527968;0;0;0;0,55303.14814539342,0.005,81,0.0002,35.562692444288395,,0.0028351160753312264,0.3810801999999853,ok,same_stridge_core,Hx;D_x^1.525405 H;H*Hxx,0.12000000000000004,2.380803557052341
0.45180207984300946,1.1339813603465208,0.8509932596413886,-3.2846234582340346,0;0;-3.28462345823;0.850993259641;0;0;0;-0.519339462966;-1.334008773;0;0;0,55953.444761444036,0.005,82,0.0002,49.63939071507073,,0.012553078435506116,0.28456460000001016,ok,same_stridge_core,Hx;D_x^1.133981 H;H*Hxx;H*Hxxx,0.06999999999999999,4.876634905915505
0.8682303653358936,1.2477516783339972,-0.18754344579335075,-0.45574988029664276,0.0514999770621;0;-0.455749880297;-0.187543445793;2.41920654635;0;0;0.244417842151;0.0613994757917;0;0;0,55783.43000253741,0.005,83,0.0002,68.13195255151433,,0.0007333003495564128,0.13873599999999442,ok,same_stridge_core,1;Hx;D_x^1.247752 H;Hxxx;H*Hxx;H*Hxxx,0.01,1.1918365484694406
0.19225734990329335,1.3720871846366816,5.034730027426298,-7.476931958994356,-0.401892702147;0;-7.47693195899;5.03473002743;-49.0295190888;0;-0.0836022702951;-4.77965790904;7.87262489836;0;0.251808323461;-0.76994568875,55564.21652077564,0.005,84,0.0002,113.94474255845685,,0.10115151336900559,0.3784261999999785,ok,same_stridge_core,1;Hx;D_x^1.372087 H;Hxxx;H*Hx;H*Hxx;H*Hxxx;H^2*Hxx;H^2*Hxxx,0.12500000000000003,13.929152821060685
0.5938514855622785,1.7964867118493748,-0.653724870943325,-1.452636881331364,0;0;-1.45263688133;-0.653724870943;0.423204978094;0;0;0.121002044599;0;0;0;0,58000.60268353085,0.005,85,0.0002,49.94213261676488,,0.006466270356330191,0.14425820000002432,ok,same_stridge_core,Hx;D_x^1.796487 H;Hxxx;H*Hxx,0.085,3.5416504699401914
0.524693110857176,1.6533598287158475,1.6346466158675206,-2.151631266082273,0;0;-2.15163126608;1.63464661587;0;0;0;-1.43964407019;0;0;0.12471916176;0,55406.996646624175,0.005,86,0.0002,48.83476705891534,,0.010178089943273247,0.3852420000000052,ok,same_stridge_core,Hx;D_x^1.65336 H;H*Hxx;H^2*Hxx,0.06499999999999999,4.509169741615997
0.7595405068525503,1.106753916839638,0.0,-1.0090236998995616,0;0;-1.0090236999;0;0;0;0;0.0826511876171;0;0;0;0,55989.58928686086,0.005,87,0.0002,23.45069996884051,,0.0005533310229165531,0.27784650000000966,ok,same_stridge_core,Hx;H*Hxx,0.04,1.054864254096167
0.23588410785772923,1.2335714145905554,3.1024419347963557,-6.54051643253123,0;0;-6.54051643253;3.1024419348;-14.3729349813;0;0;-1.72548408148;1.52168386029;0;0;-0.392430857651,55806.32864499378,0.005,88,0.0002,80.21782591559487,,0.0934552291849613,0.3906200000000126,ok,same_stridge_core,Hx;D_x^1.233571 H;Hxxx;H*Hxx;H*Hxxx;H^2*Hxxx,0.12500000000000003,13.250231541602334
0.8061709359724718,1.8886918734044398,0.0,-1.039338917880844,0;0;-1.03933891788;0;-2.74484624827;0;0;0;0;0;0;0,63573.56370194466,0.005,89,0.0002,28.73145921181098,,0.005914834552607065,0.3766770999999949,ok,same_stridge_core,Hx;Hxxx,0.12000000000000004,3.3020337310331147
0.606971324119589,1.099401330120707,0.2646408445640363,-1.8795073362615116,0;0;-1.87950733626;0.264640844564;0;0;0;-0.121714064005;-0.461752890977;0;0;0,55999.063577068584,0.005,90,0.0002,46.67593720192361,,0.0018222225894105183,0.14044360000002598,ok,same_stridge_core,Hx;D_x^1.099401 H;H*Hxx;H*Hxxx,0.025,1.876686340268744
0.6998155647256603,1.654546734530103,0.2610084878555321,-1.225909090833228,0;0;-1.22590909083;0.261008487856;0;0;0;0;0;0;0;0,55412.299230176504,0.005,91,0.0002,23.415797514226654,,0.0007973035333178525,0.3795556000000033,ok,same_stridge_core,Hx;D_x^1.654547 H,0.05923400673400672,1.2508778221560544
0.39650368987848195,1.1632964786781506,1.2197147371388013,-4.293063110136724,-0.151962875917;0;-4.29306311014;1.21971473714;-9.10981326299;0;0;-0.900233328836;-1.21257590038;0;0;0,55912.61108667655,0.005,92,0.0002,73.0198919216396,,0.018208636654499226,0.4014406000000008,ok,same_stridge_core,1;Hx;D_x^1.163296 H;Hxxx;H*Hxx;H*Hxxx,0.07700000000000001,5.924758617627735
0.5778722796141769,1.4859466678280782,0.9857865681538636,-1.9816645096197152,0;0;-1.98166450962;0.985786568154;-0.228393198223;0;0;-0.842245956338;0;0;0.0680396742201;0,55358.70849199219,0.005,93,0.0002,57.94920228175273,,0.003537834453892933,0.39867410000005066,ok,same_stridge_core,Hx;D_x^1.485947 H;Hxxx;H*Hxx;H^2*Hxx,0.03388888888888887,2.5904937897605453
0.8900650650762604,1.3074295168884438,-0.28475373257110387,-0.4834862734696372,0;0;-0.48348627347;-0.284753732571;0;0;0;0.221561762888;0.149873210844;0;0;0,55681.940034919025,0.005,94,0.0002,46.2452450635821,,0.0014974146753363744,0.37814240000000154,ok,same_stridge_core,Hx;D_x^1.30743 H;H*Hxx;H*Hxxx,0.12500000000000003,1.6996930356468756
0.47404889661708954,1.717450446896344,1.8115714857251033,-2.3252373175818875,0;0;-2.32523731758;1.81157148573;0;0;0;-1.83988017742;0;0;0.167561053017;0,55952.83431153732,0.005,95,0.0002,51.160602110934434,,0.0204646128853909,0.13863169999996217,ok,same_stridge_core,Hx;D_x^1.71745 H;H*Hxx;H^2*Hxx,0.10300000000000004,6.398334661704573
0.3786502478941356,1.4763083079615789,4.95602434237505,-1.6662063632147168,0;-0.0643675889193;-1.66620636321;4.95602434238;-13.7360211744;0;-1.59971100913;-4.27339175678;-7.78660101107;0.139027718566;0.262895006926;0.893996928905,55374.42453031518,0.005,96,0.0002,114.51549943565256,,0.007341148329967729,0.3792329000000336,ok,same_stridge_core,H;Hx;D_x^1.476308 H;Hxxx;H*Hx;H*Hxx;H*Hxxx;H^2*Hx;H^2*Hxx;H^2*Hxxx,0.01,3.7666503750221856
0.5670294351944193,1.6224065634496005,1.2525123458341418,-1.9512188689251977,-0.0355467936372;0;-1.95121886893;1.25251234583;0;0;0;-1.06326715132;0;0;0.0884491963198;0,55309.74360717753,0.005,97,0.0002,58.322317148474,,0.00472879296253061,0.288217799999984,ok,same_stridge_core,1;Hx;D_x^1.622407 H;H*Hxx;H^2*Hxx,0.025,3.01257354129647
0.8751544326681919,1.1598698139560293,-0.17106458363279334,-0.526230376983418,0;0;-0.526230376983;-0.171064583633;0;0;0;0.189791864934;0.188611683633;0;0;0,55917.48887637941,0.005,98,0.0002,46.204039695119896,,0.0011313621891713252,0.28296840000001566,ok,same_stridge_core,Hx;D_x^1.15987 H;H*Hxx;H*Hxxx,0.12500000000000003,1.4700485940163666
0.7059917051388066,1.1691686956650678,0.12853407314520254,-1.3280410115932246,0;0;-1.32804101159;0.128534073145;-0.663501692125;0;0;0;-0.0851224140655;0;0;0,55904.187366260245,0.005,99,0.0002,45.80706064676286,,0.0005847064733628305,0.26801820000002863,ok,same_stridge_core,Hx;D_x^1.169169 H;Hxxx;H*Hxxx,0.01,1.0837107537546575
0.875389598733193,1.0607736105726224,-0.12314023553285176,-0.5365028696265698,0;0;-0.536502869627;-0.123140235533;0;0;0;0.175323277491;0.204418262563;0;0;0,56046.90458904857,0.005,100,0.0002,46.26392777945435,,0.0010627820022900514,0.12999330000002374,ok,same_stridge_core,Hx;D_x^1.060774 H;H*Hxx;H*Hxxx,0.015,1.4264041082154886
0.9182051010930976,1.1403962027641728,-0.1944762437922803,-0.3978107291150906,0;0;-0.397810729115;-0.194476243792;0;0;0;0.209590616692;0.228916038382;0;0;0,55944.681513872856,0.005,101,0.0002,46.362402209911096,,0.0013643982120136202,0.3810336000000234,ok,same_stridge_core,Hx;D_x^1.140396 H;H*Hxx;H*Hxxx,0.015,1.6066569988128117
0.616248345389754,1.6206603344556771,0.0,-1.4305607083966008,0;0;-1.4305607084;0;5.23581250503;0;0;0;-0.845440444205;0;0;0,55306.27216907041,0.005,102,0.0002,35.782842414244904,,0.003547360949883954,0.3810753999999861,ok,same_stridge_core,Hx;Hxxx;H*Hxxx,0.07122857142857146,2.5990791128026576
0.8834100535858339,1.0290721341944904,-0.11533439747903748,-0.5161168265446446,0;0;-0.516116826545;-0.115334397479;0;0;0;0.175055062254;0.215450935071;0;0;0,56083.838073195686,0.005,103,0.0002,46.31509132232728,,0.0010950762918884693,0.4050780999999688,ok,same_stridge_core,Hx;D_x^1.029072 H;H*Hxx;H*Hxxx,0.0249301501800573,1.4480208637707328
0.8009913068917474,1.8430558512543445,0.0,-1.049130039201059,0;0;-1.0491300392;0;-2.68864872266;0;0;0;0;0;0;0,60449.11180680244,0.005,104,0.0002,27.42670234004148,,0.0057115530211839195,0.40231299999999237,ok,same_stridge_core,Hx;Hxxx,0.10000000000000002,3.2470576173205026
0.8035009461212433,1.3053937820254795,0.0,-1.044377313721268,0;0;-1.04437731372;0;-2.71600814598;0;0;0;0;0;0;0,55685.530488162774,0.005,105,0.0002,25.547965491387,,0.005809853550626078,0.3733680999999933,ok,same_stridge_core,Hx;Hxxx,0.12500000000000003,3.2737532961218885
0.5203936930764842,1.1164437835996477,0.5394189062846837,-2.590092868712358,0;0;-2.59009286871;0.539418906285;0;0;0;-0.314481863271;-0.893721628791;0;0;0,55976.91898676038,0.005,106,0.0002,48.096009475477494,,0.005769343695612712,0.39204569999998284,ok,same_stridge_core,Hx;D_x^1.116444 H;H*Hxx;H*Hxxx,0.04422111633222744,3.3144742860691934
0.6019606068939961,1.4307780612771508,0.706455384869511,-1.8514594203070756,0;0;-1.85145942031;0.70645538487;0;0;0;-0.581516691387;-0.10513079552;0;0.0454773383697;0,55454.84122761164,0.005,107,0.0002,57.53391713714972,,0.0022847798346285557,0.4136600999999587,ok,same_stridge_core,Hx;D_x^1.430778 H;H*Hxx;H*Hxxx;H^2*Hxx,0.02,2.0790759095380746
0.3749852719241824,1.4026774958489592,2.4029042146539092,-3.8460650272925454,0;0;-3.84606502729;2.40290421465;0;0;0;-2.43064803798;-0.55325746738;0;0.179161612493;0,55507.042701061866,0.005,108,0.0002,63.05403307020194,,0.03067985614260898,0.2715846000000397,ok,same_stridge_core,Hx;D_x^1.402677 H;H*Hxx;H*Hxxx;H^2*Hxx,0.09500000000000001,7.546990369140065
0.3395074576980585,1.0321548325424734,0.9970826154452975,-4.519466554121968,0;0;-4.51946655412;0.997082615445;0;0;0;-0.786784370848;-2.38708030815;0;0;0,56080.33536630996,0.005,109,0.0002,53.17415475596685,,0.03562209935005713,0.14797240000001466,ok,same_stridge_core,Hx;D_x^1.032155 H;H*Hxx;H*Hxxx,0.085,8.309886462918884
0.7389620648628091,1.3216615263877216,0.0,-1.0891057684729146,0;0;-1.08910576847;0;0;0;0;0;0;0;0;0,55656.6113572054,0.005,110,0.0002,14.113207236704687,,0.0046097236620149095,0.3823754000000008,ok,same_stridge_core,Hx,0.12500000000000003,2.9818849652636064
0.9129873219267681,1.311097295950351,-0.26459296382192393,-0.32279721322921395,0.0595574504943;0;-0.322797213229;-0.264592963822;2.36693486292;0;0;0.284307054314;0.10846726773;0;0;0,55675.45019902399,0.005,111,0.0002,68.23584376949746,,0.0010444948724759673,0.3914432999999917,ok,same_stridge_core,1;Hx;D_x^1.311097 H;Hxxx;H*Hxx;H*Hxxx,0.015,1.4253035306686739
0.3316329102935512,1.3774220139578979,3.238140871399046,-4.6652461797502545,-0.267634167506;0;-4.66524617975;3.2381408714;-29.6122556356;0;-0.168248039848;-1.83303676206;6.58243204353;0;0;-0.897030655199,55554.27034246892,0.005,112,0.0002,97.3486420985018,,0.03687705728017148,0.39139789999995855,ok,same_stridge_core,1;Hx;D_x^1.377422 H;Hxxx;H*Hx;H*Hxx;H*Hxxx;H^2*Hxxx,0.10500000000000002,8.461809550551525
0.5491663845167905,1.2506312477038712,0.7193210589359381,-2.390712748692424,0;0;-2.39071274869;0.719321058936;0;0;0;-0.322829842458;-0.65823362589;0;0;0,55778.72110668368,0.005,113,0.0002,47.552042921612625,,0.004587351538764753,0.3682158999999956,ok,same_stridge_core,Hx;D_x^1.250631 H;H*Hxx;H*Hxxx,0.05499999999999999,2.929066036265672
0.655218650420212,1.8252349583322558,-0.369596714696562,-1.3099335742004399,0;0;-1.3099335742;-0.369596714697;0;0;0;0.0942396389673;-0.0670803841894;0;0;0,59390.01973108678,0.005,114,0.0002,49.553300702295346,,0.002105258158628715,0.3786857999999711,ok,same_stridge_core,Hx;D_x^1.825235 H;H*Hxx;H*Hxxx,0.04,2.041284917425923
0.5226713023661659,1.7964867118493748,-0.9511238918649306,-1.705883006395931,0;0;-1.7058830064;-0.951123891865;9.64144543055;0;0;0.0905623030544;-1.61198951006;0;0;0,58000.60268353085,0.005,115,0.0002,63.02529141140518,,0.013338270725197946,0.1295278000000053,ok,same_stridge_core,Hx;D_x^1.796487 H;Hxxx;H*Hxx;H*Hxxx,0.12500000000000003,5.024688727874324
0.4604235310918113,1.3428491307337038,1.6266172560617573,-3.242187953853731,0;0;-3.24218795385;1.62661725606;0;0;0;-0.69141026546;-0.969310830709;0;0;0,55618.22855688734,0.005,116,0.0002,50.14925797099069,,0.016904818884306935,0.3904398000000242,ok,same_stridge_core,Hx;D_x^1.342849 H;H*Hxx;H*Hxxx,0.10500000000000002,5.6546751254808125
0.7595405068525503,1.4897077149797513,0.0,-1.0090236998995594,0;0;-1.0090236999;0;0;0;0;0.0826511876171;0;0;0;0,55352.75691677998,0.005,117,0.0002,23.19596702080816,,0.000553331022916553,0.2835028999999736,ok,same_stridge_core,Hx;H*Hxx,0.04544642857142858,1.054864254096167
0.24005852498499486,1.2218151774477268,2.943488246613514,-6.461778015559065,0;0;-6.46177801556;2.94348824661;-15.2462936855;0;0;-1.6718707478;1.78799111597;0;0;-0.411709679803,55824.94406276778,0.005,118,0.0002,79.88988154099172,,0.08854973691005995,0.37138210000000527,ok,same_stridge_core,Hx;D_x^1.221815 H;Hxxx;H*Hxx;H*Hxxx;H^2*Hxxx,0.12500000000000003,12.899948665670374
0.8061709359724718,1.614815031345516,0.17711117647297572,-0.9437719866794303,0;0;-0.943771986679;0.177111176473;-1.85774423261;0;0;0.0584624748336;0.266486333183;0;0;0,55295.9544853369,0.005,119,0.0002,56.5770991279639,,0.0008526638088452259,0.2719117000000324,ok,same_stridge_core,Hx;D_x^1.614815 H;Hxxx;H*Hxx;H*Hxxx,0.04,1.281144642627
0.8694873130429859,1.3473314693243557,-0.23291564469895085,-0.6147009219538476,0;0;-0.614700921954;-0.232915644699;0;0;0;0.186955194378;0;0;0;0,55610.01710799605,0.005,120,0.0002,35.07161223230256,,0.0015151962549446612,0.28414229999998497,ok,same_stridge_core,Hx;D_x^1.347331 H;H*Hxx,0.12500000000000003,1.7056019675049297
0.6014632304552938,1.3865928460870576,0.6301148558676338,-1.8731299428357169,0;0;-1.87312994284;0.630114855868;0;0;0;-0.519121995725;-0.16503582816;0;0.0390357821468;0,55537.13516468972,0.005,121,0.0002,57.5660791093422,,0.0021810325298209205,0.4018553999999881,ok,same_stridge_core,Hx;D_x^1.386593 H;H*Hxx;H*Hxxx;H^2*Hxx,0.02,2.028943944652482
0.6585936221269719,1.4166170876426636,0.14749443156979863,-1.3700938675013679,0;0;-1.3700938675;0.14749443157;0;0;0;0;0;0;0;0,55481.03823795071,0.005,122,0.0002,23.971960297977244,,0.0016492296897310725,0.388819299999966,ok,same_stridge_core,Hx;D_x^1.416617 H,0.09200000000000001,1.7795450027969615
0.8739004737467417,1.6281715715315832,0.0,-0.7722896266660867,0;0;-0.772289626666;0;0;0;0;0;0;0;0;0,55322.55714858667,0.005,123,0.0002,15.805732087455818,,0.011776103635630626,0.37932380000000876,ok,same_stridge_core,Hx,0.12000000000000004,4.741220657738484
0.7550936305529099,1.6370237249599178,0.0,-1.0255100540485569,0;0;-1.02551005405;0;-0.0994518806686;0;0;0.0800511091777;0;0;0;0,55346.59640408595,0.005,124,0.0002,34.24094976617688,,0.0005317655923229186,0.3852799999999661,ok,same_stridge_core,Hx;Hxxx;H*Hxx,0.025,1.0329919237253156
0.6879927385370748,1.030663003851035,0.08967562131480454,-1.3847759181787715,0;0;-1.38477591818;0.0896756213148;-0.172485116563;0;0;0;-0.198734819086;0;0;0,56082.03267428596,0.005,125,0.0002,46.03681517627056,,0.0006758523391709001,0.3815065000000004,ok,same_stridge_core,Hx;D_x^1.030663 H;Hxxx;H*Hxxx,0.01,1.171189036841788
0.4791838821348082,1.9035975713411162,-0.4764905083895833,-2.02184145425272,0;0;-2.02184145425;-0.47649050839;0;0;0;-0.947618797479;0;0;0.112928183732;0,64560.54569407595,0.005,126,0.0002,58.14157926589549,,0.021343894712292016,0.3881061000000159,ok,same_stridge_core,Hx;D_x^1.903598 H;H*Hxx;H^2*Hxx,0.05499999999999999,6.493142710634732
0.9339416522736532,1.3476388626574554,-0.30161381927416764,-0.42645053462403315,0;0;-0.426450534624;-0.301613819274;-1.60649538252;0;0;0.230930050669;0.351883052863;0;0;0,55609.452866027896,0.005,127,0.0002,57.525942822216194,,0.0019339555696632866,0.3833188000000405,ok,same_stridge_core,Hx;D_x^1.347639 H;Hxxx;H*Hxx;H*Hxxx,0.12500000000000003,1.9164899561883033
0.8751544326681919,1.2290047370485844,-0.21247851122806216,-0.5238811916700007,0;0;-0.52388119167;-0.212478511228;0;0;0;0.20044104067;0.169994617398;0;0;0,55813.599583705894,0.005,128,0.0002,46.17972311979397,,0.0012197894170656119,0.2778390000000286,ok,same_stridge_core,Hx;D_x^1.229005 H;H*Hxx;H*Hxxx,0.04,1.5288434528292525
0.7244087196107405,1.4463382559795128,0.16803677251309235,-1.1892841244653516,0;0;-1.18928412447;0.168036772513;-0.307259073596;0;0;0.018062547877;0;0;0;0,55426.52019716934,0.005,129,0.0002,45.31006140181971,,0.0004754501335789083,0.37143330000003516,ok,same_stridge_core,Hx;D_x^1.446338 H;Hxxx;H*Hxx,0.015,0.9688452440842388
0.642545955543262,1.6864057877506584,0.13666396369131706,-1.3789718588569186,0;0;-1.37897185886;0.136663963691;0;0;0;0;0;0;0;0,55612.75496876669,0.005,130,0.0002,24.623934879376634,,0.0028773422171689033,0.37346910000002254,ok,same_stridge_core,Hx;D_x^1.686406 H,0.05661538461538464,2.3788328918699597
0.9600475674582425,1.3230095861626583,-0.3209762519599544,-0.34695735544858824,0;0;-0.346957355449;-0.32097625196;-1.46389488217;0;0;0.244187863186;0.35584782877;0;0;0,55654.192491031594,0.005,131,0.0002,57.61537070451202,,0.0020367708058993284,0.391967300000033,ok,same_stridge_core,Hx;D_x^1.32301 H;Hxxx;H*Hxx;H*Hxxx,0.12500000000000003,1.961178213480422
0.7305009512417983,1.6206603344556771,0.3044225207790335,-1.1544875855732866,0;0;-1.15448758557;0.304422520779;0;0;0;0;0;0;0;0,55306.27216907041,0.005,132,0.0002,23.09898754626974,,0.0004866273886460127,0.12398880000000645,ok,same_stridge_core,Hx;D_x^1.62066 H,0.12500000000000003,0.9764786786415732
0.5561437158190835,1.6886961165400514,1.2748241691186661,-1.9119949951513062,0;0;-1.91199499515;1.27482416912;0;0;0;-1.1259463895;0;0;0.100922969124;0,55632.22670481026,0.005,133,0.0002,48.31537364395923,,0.007212712441169067,0.4098569000000225,ok,same_stridge_core,Hx;D_x^1.688696 H;H*Hxx;H^2*Hxx,0.049999999999999996,3.809592280111017
0.8779541893169793,1.8430558512543445,0.0,-0.6169972678839887,0.0557408426093;0;-0.616997267884;0;0.202151330194;0;0;0.180652327966;0.268813351258;0;0;0,60449.11180680244,0.005,134,0.0002,61.96582098214974,,0.0011996328344015897,0.1512903999999935,ok,same_stridge_core,1;Hx;Hxxx;H*Hxx;H*Hxxx,0.015,1.5167091753472992
0.647641736622448,1.1030253018948724,0.17517004745750725,-1.603074545461314,0;0;-1.60307454546;0.175170047458;0;0;0;-0.0534678139356;-0.300746991635;0;0;0,55994.408963885355,0.005,135,0.0002,46.206536512604,,0.00101649103515097,0.38285330000002205,ok,same_stridge_core,Hx;D_x^1.103025 H;H*Hxx;H*Hxxx,0.015,1.4110093414957185
0.743969705619006,1.4020628429330833,0.2238590529670261,-1.1934606768613238,0;0;-1.19346067686;0.223859052967;-0.766560851676;0;0;0;0;0;0;0,55508.191754389554,0.005,136,0.0002,34.39047671551925,,0.0005934420625178422,0.37765980000000354,ok,same_stridge_core,Hx;D_x^1.402063 H;Hxxx,0.05113333333333335,1.0855616628855072
0.6809687755712909,1.2612646144268336,0.13485225811771467,-1.3565950245874683,0;0;-1.35659502459;0.134852258118;0;0;0;0;-0.104341640038;0;0;0,55761.16184100747,0.005,137,0.0002,34.65340885143453,,0.0007375339186882002,0.38110040000003664,ok,same_stridge_core,Hx;D_x^1.261265 H;H*Hxxx,0.035,1.1967117468300414
0.7926216377237858,1.3889738190636831,0.0,-0.9537727483490256,0;0;-0.953772748349;0;0;0;0;0;0;0;0;0,55532.68116960001,0.005,138,0.0002,14.838570144853453,,0.00727627893629919,0.38671440000001667,ok,same_stridge_core,Hx,0.10750000000000004,3.73203391093345
0.6510966120393147,1.929337702687507,0.0,-1.3401296377444427,0;0;-1.34012963774;0;0;0;0;0;0;0;0;0,65962.67791824006,0.005,139,0.0002,15.739889230269378,,0.0032719258582297453,0.38930359999994835,ok,same_stridge_core,Hx,0.08800000000000002,2.547353646621366
0.7562875945461283,1.3216615263877216,0.0,-1.0177238187976472,0;0;-1.0177238188;0;0;0;0;0.0814646102528;0;0;0;0,55656.6113572054,0.005,140,0.0002,23.302943334980863,,0.0005385648805213587,0.14115359999999555,ok,same_stridge_core,Hx;H*Hxx,0.03504629629629628,1.0402987920987032
0.864087457757709,1.2205050444443089,-0.19366256296513182,-0.5610598153018533,0;0;-0.561059815302;-0.193662562965;0;0;0;0.19136830169;0.162065093965;0;0;0,55826.99794591036,0.005,141,0.0002,46.135741861564675,,0.0011314781078214345,0.377015100000051,ok,same_stridge_core,Hx;D_x^1.220505 H;H*Hxx;H*Hxxx,0.12500000000000003,1.4741435048363836
0.7605075443600857,1.246423819264309,0.0,-1.0064475366318861,0;0;-1.00644753663;0;0;0;0;0.0830008940309;0;0;0;0,55785.59479371413,0.005,142,0.0002,23.373883821807745,,0.0005582462119990839,0.3786822000000143,ok,same_stridge_core,Hx;H*Hxx,0.046875,1.0596459043220936
0.7170963537983519,1.0856318086715264,0.0,-1.1268033263616546,0;0;-1.12680332636;0;0;0;0;0.0658905799188;0;0;0;0,56016.485791099054,0.005,143,0.0002,23.514720709066445,,0.0006205671608972142,0.4088222999999971,ok,same_stridge_core,Hx;H*Hxx,0.044220892687559334,1.108126392626823
0.7692444971064658,1.8252349583322558,0.0,-0.9908902417967513,0;0;-0.990890241797;0;-0.163009444923;0;0;0.0845013427723;0;0;0;0,59390.01973108678,0.005,144,0.0002,36.737963960313785,,0.0006073521772557055,0.13684069999999338,ok,same_stridge_core,Hx;Hxxx;H*Hxx,0.02559063305115936,1.1039521216617163
0.8166806998369356,1.3106750070045086,-0.15708352570154283,-0.7455977926165563,0;0;-0.745597792617;-0.157083525702;0;0;0;0.157767422468;0.0820067056676;0;0;0,55676.198781073064,0.005,145,0.0002,45.87071540829571,,0.0008989589453833142,0.3914290999999821,ok,same_stridge_core,Hx;D_x^1.310675 H;H*Hxx;H*Hxxx,0.060694444444444454,1.3297563834372603
0.67591594969338,1.4389998431046167,0.17341790692657935,-1.322495381544073,0;0;-1.32249538154;0.173417906927;0;0;0;0;0;0;0;0,55439.8004559056,0.005,146,0.0002,23.621587087080847,,0.0010913710180923781,0.3892481000000316,ok,same_stridge_core,Hx;D_x^1.439 H,0.0785357142857143,1.445666904718608
0.7595405068525503,1.2000499485187153,0.0,-1.0090236998995612,0;0;-1.0090236999;0;0;0;0;0.0826511876171;0;0;0;0,55858.52105065236,0.005,147,0.0002,23.39827267435711,,0.0005533310229165531,0.2865946000000008,ok,same_stridge_core,Hx;H*Hxx,0.04,1.054864254096167
0.7152192067014566,1.1194142827874844,0.05711784513777476,-1.2146188009299075,0;0;-1.21461880093;0.0571178451378;-0.544552562568;0;0;0.0393778798051;0;0;0;0,55972.99223343065,0.005,148,0.0002,45.803945859045996,,0.0005290628576342603,0.38532069999996565,ok,same_stridge_core,Hx;D_x^1.119414 H;Hxxx;H*Hxx,0.015524330225917529,1.0255520723014824
0.6373602050943972,1.5018257895004035,0.6270234093344556,-1.610549238615543,0;0;-1.61054923862;0.627023409334;-0.0793837740921;0;0;-0.463961616236;0;0;0.0390432122491;0,55334.39194065098,0.005,149,0.0002,56.98930274944073,,0.0014217133321535228,0.39819580000005317,ok,same_stridge_core,Hx;D_x^1.501826 H;Hxxx;H*Hxx;H^2*Hxx,0.02242857142857144,1.654910808789751
0.756178028329254,1.7202540655080232,0.26390026131783223,-1.0530006693059277,0;0;-1.05300066931;0.263900261318;0;0;0;0.0281305567007;0;0;0;0,55992.821260543526,0.005,150,0.0002,34.560586604367366,,0.000470850031553145,0.3750709999999913,ok,same_stridge_core,Hx;D_x^1.720254 H;H*Hxx,0.02,0.9648938480412516
0.7686546938337929,1.5699305008228213,0.0,-0.9849290244839681,0;0;-0.984929024484;0;0;0;0;0.0858922729067;0;0;0;0,55269.58574779776,0.005,151,0.0002,23.215029150225337,,0.0006086892049755816,0.39372000000003027,ok,same_stridge_core,Hx;H*Hxx,0.08092592592592589,1.1071948511062324
0.6585936221269719,1.4109356455923674,0.14697758146969664,-1.3710211946360118,0;0;-1.37102119464;0.14697758147;0;0;0;0;0;0;0;0,55491.61956874808,0.005,152,0.0002,23.970086420369164,,0.0016393309094717495,0.27240049999994653,ok,same_stridge_core,Hx;D_x^1.410936 H,0.09750000000000003,1.7734385928699283
0.8170719727499616,1.581165761271056,0.0,-0.8636994960757068,0;0;-0.863699496076;0;0;0;0;0.101132241474;0;0;0;0,55268.933734490776,0.005,153,0.0002,23.63666992099965,,0.0011613765402679176,0.3747325000000501,ok,same_stridge_core,Hx;H*Hxx,0.04,1.5290964272033372
0.6381070160310429,1.3226246812713351,0.411454960670988,-1.684121328907438,0;0;-1.68412132891;0.411454960671;0.471518001097;0;0;-0.124744776096;-0.329073811493;0;0;0,55654.883559917274,0.005,154,0.0002,57.25959444055672,,0.0013603804934403981,0.3791966000000002,ok,same_stridge_core,Hx;D_x^1.322625 H;Hxxx;H*Hxx;H*Hxxx,0.017059523809523795,1.6047108806394448
0.6784152810315098,1.022282319184219,0.0,-1.257971305516891,0;0;-1.25797130552;0;0;0;0;0;0;0;0;0,56091.48673381811,0.005,155,0.0002,13.666800897344164,,0.0030427165334874886,0.3891424000000825,ok,same_stridge_core,Hx,0.12500000000000003,2.4485035505805417
0.7443024140371282,1.1464833375785703,0.14170520542998563,-1.2700069246500891,0;0;-1.27000692465;0.14170520543;-2.2222067611;0;0;0;0.0730105499633;0;0;0,55936.27743006169,0.005,156,0.0002,46.20756668096211,,0.0010806455621970676,0.37151189999997314,ok,same_stridge_core,Hx;D_x^1.146483 H;Hxxx;H*Hxxx,0.02095238095238097,1.458544736912755
0.5670294351944193,1.8250963251949577,0.0,-1.570847513792075,0;0;-1.57084751379;0;1.09954235405;0;0;0;0;0;0;0,59382.35329476428,0.005,157,0.0002,28.212806379696204,,0.010320967633963445,0.2885118000000375,ok,same_stridge_core,Hx;Hxxx,0.06999999999999999,4.4598650617904925
0.4079546138059782,1.2455027142697532,1.566111025150756,-3.872251988673477,0;0;-3.87225198867;1.56611102515;0;0;0;-0.804845082601;-1.52511339178;0;0;0,55787.09387848722,0.005,158,0.0002,51.10709500157823,,0.022424082609974652,0.3795571000000564,ok,same_stridge_core,Hx;D_x^1.245503 H;H*Hxx;H*Hxxx,0.12500000000000003,6.4774198987884555
0.8153655686137684,1.4754273425999678,0.0,-0.8844715276112183,0;0;-0.884471527611;0;-0.362407705041;0;0;0.0971001790896;0;0;0;0,55375.891468997586,0.005,159,0.0002,34.71050703096598,,0.0011089071560248013,0.3861229999999978,ok,same_stridge_core,Hx;Hxxx;H*Hxx,0.049999999999999996,1.484972149567429
0.642545955543262,1.0862465080289248,0.17484274598704713,-1.6319069327694204,0;0;-1.63190693277;0.174842745987;0;0;0;-0.0579246209744;-0.320854704633;0;0;0,56015.716808627956,0.005,160,0.0002,46.27829455666124,,0.001096091721106762,0.2955408999999918,ok,same_stridge_core,Hx;D_x^1.086247 H;H*Hxx;H*Hxxx,0.0244652380623698,1.4657211097588707
0.6122343493126035,1.129113120183773,0.28116699052818594,-1.8516366655933847,0;0;-1.85163666559;0.281166990528;0;0;0;-0.121474494938;-0.434521222199;0;0;0,55960.03174332487,0.005,161,0.0002,46.57100437966537,,0.0016898683179604756,0.38808849999998074,ok,same_stridge_core,Hx;D_x^1.129113 H;H*Hxx;H*Hxxx,0.03433641803609126,1.8029789850054676
0.6413095438815365,1.6206603344556771,0.1299529620304879,-1.3887929861701693,0;0;-1.38879298617;0.12995296203;0;0;0;0;0;0;0;0,55306.27216907041,0.005,162,0.0002,24.493157977067117,,0.0028651554036382082,0.13691789999995763,ok,same_stridge_core,Hx;D_x^1.62066 H,0.12500000000000003,2.3706491094389492
0.8337091504789828,1.0162874256437335,-0.07908571997356438,-0.6832294635218678,0;0;-0.683229463522;-0.0790857199736;0;0;0;0.146032218784;0.156211540045;0;0;0,56098.16570080185,0.005,163,0.0002,46.1415305244529,,0.0008223567751137426,0.3882184999999936,ok,same_stridge_core,Hx;D_x^1.016287 H;H*Hxx;H*Hxxx,0.05738095238095239,1.2629979638114133
0.8009913068917474,1.34832949142019,0.0,-1.049130039201059,0;0;-1.0491300392;0;-2.68864872266;0;0;0;0;0;0;0,55608.18495105419,0.005,164,0.0002,25.49033159774218,,0.0057115530211839195,0.27404390000003787,ok,same_stridge_core,Hx;Hxxx,0.11500000000000005,3.2470576173205026
0.7654086489200247,1.3053937820254795,0.0,-0.9934629961471512,0;0;-0.993462996147;0;0;0;0;0.0847519749651;0;0;0;0,55685.530488162774,0.005,165,0.0002,23.361000674207666,,0.0005867085034171296,0.1394186999999647,ok,same_stridge_core,Hx;H*Hxx,0.06115384615384617,1.0867884789425553
0.8879538171087908,1.1104978359354896,0.0,-0.8937256223192769,0;0;-0.893725622319;0;-3.50036159652;0;0;0;0;0;0;0,55984.71894678867,0.005,166,0.0002,26.455532996865742,,0.009066870609508382,0.3695719999999483,ok,same_stridge_core,Hx;Hxxx,0.12500000000000003,4.061645418150273
0.755502819508358,1.9726489891966723,0.3753449340873978,-1.016322668382821,0;0;-1.01632266838;0.375344934087;0.0463567091803;0;0;0.0326199208201;0;0;0;0,67001.97602921768,0.005,167,0.0002,54.54980502997702,,0.0004586955143528885,0.3765490000000682,ok,same_stridge_core,Hx;D_x^1.972649 H;Hxxx;H*Hxx,0.02,0.9482242066028751
0.7926216377237858,1.1447938489763847,0.0,-1.0650995762127873,0;0;-1.06509957621;0;-2.59561788648;0;0;0;0;0;0;0,55938.618506763574,0.005,168,0.0002,25.532837322121086,,0.0053870255097566225,0.2652085999999372,ok,same_stridge_core,Hx;Hxxx,0.09500000000000004,3.157389919415657
0.5902865799034931,1.94881606807893,-0.44299700881758053,-1.5567260019584994,0;0;-1.55672600196;-0.442997008818;0;0;0;-0.316700728311;0;0;0.0455654969912;0,66651.01439136968,0.005,169,0.0002,56.523233329128686,,0.005162402279995233,0.3753901999999698,ok,same_stridge_core,Hx;D_x^1.948816 H;H*Hxx;H^2*Hxx,0.03549219687875151,3.2024218160329396
0.6679524009665885,1.819245711189915,-0.22926728640022362,-1.2596599218791518,0;0;-1.25965992188;-0.2292672864;0;0;0;0.0823923001826;0;0;0;0,59067.18229914292,0.005,170,0.0002,37.24523798079711,,0.0016608340028637474,0.38434620000009545,ok,same_stridge_core,Hx;D_x^1.819246 H;H*Hxx,0.045,1.804928601311356
0.5264849626181791,1.3791781016510027,1.5880879477457872,-1.819491709056264,-0.133359077034;0;-1.81949170906;1.58808794775;-11.1546768261;0;-0.543259256602;-0.783323971977;-0.525489906696;0.0451030999866;0;0,55550.992122973985,0.005,171,0.0002,91.25335571846088,,0.0028337429839684,0.37014350000004015,ok,same_stridge_core,1;Hx;D_x^1.379178 H;Hxxx;H*Hx;H*Hxx;H*Hxxx;H^2*Hx,0.025,2.3717683217024956
0.6776009843393564,1.0408396018413628,0.0903740245941887,-1.406173615340568,0;0;-1.40617361534;0.0903740245942;0;0;0;0;-0.199248492276;0;0;0,56070.36557852666,0.005,172,0.0002,34.831895938432595,,0.0007083725753191097,0.37042350000001534,ok,same_stridge_core,Hx;D_x^1.04084 H;H*Hxxx,0.054074151363040245,1.1896765913165996
0.8253430588565067,1.3473557109656413,-0.14143840099741434,-0.6494997122299375,0.0448262177551;0;-0.64949971223;-0.141438400997;1.73854569401;0;0;0.202309153649;0.0472463886673;0;0;0,55609.972730526635,0.005,173,0.0002,67.8516493727176,,0.0006421480126698091,0.4039641000000529,ok,same_stridge_core,1;Hx;D_x^1.347356 H;Hxxx;H*Hxx;H*Hxxx,0.01,1.1196820960856464
0.7904975691553549,1.3036444088410784,-0.08061523307073905,-0.8779878832648376,0;0;-0.877987883265;-0.0806152330707;0;0;0;0.119247539245;0;0;0;0,55688.608999810785,0.005,174,0.0002,34.61217431349157,,0.000726404145839249,0.3924746000000141,ok,same_stridge_core,Hx;D_x^1.303644 H;H*Hxx,0.07409090909090915,1.1990089136050988
0.8415932097950714,1.3490006004199095,-0.18787308132717062,-0.7021656860751466,0;0;-0.702165686075;-0.187873081327;0;0;0;0.166286663859;0;0;0;0,55606.95200260573,0.005,175,0.0002,34.90547634497979,,0.001224836056885332,0.3826328000000103,ok,same_stridge_core,Hx;D_x^1.349001 H;H*Hxx,0.12500000000000003,1.5413051434163423
0.595654134273578,1.1105500261313952,0.3047780117192316,-1.96647857165409,0;0;-1.96647857165;0.304778011719;0;0;0;-0.1466410674;-0.509284633839;0;0;0,55984.650810971434,0.005,176,0.0002,46.81690885897432,,0.00214104942151711,0.38519959999996445,ok,same_stridge_core,Hx;D_x^1.11055 H;H*Hxx;H*Hxxx,0.03929135214579658,2.029188210197176
0.6679524009665885,1.3991964576385094,0.1576463434035722,-1.3492232824697568,0;0;-1.34922328247;0.157646343404;0;0;0;0;0;0;0;0,55513.55307368885,0.005,177,0.0002,23.765331228791748,,0.001275607903950629,0.2712654999999131,ok,same_stridge_core,Hx;D_x^1.399196 H,0.06999999999999999,1.559909999316208
0.7152192067014566,1.2376676009525114,0.09706181487442707,-1.2312908772827817,0;0;-1.23129087728;0.0970618148744;-0.566359937617;0;0;0.026716360078;0;0;0;0,55799.76378139975,0.005,178,0.0002,45.64440244574837,,0.0005096212764615772,0.2718747000000121,ok,same_stridge_core,Hx;D_x^1.237668 H;Hxxx;H*Hxx,0.015,1.0045914206285675
0.6729801796088827,1.8886918734044398,0.0,-1.2740127737513463,0;0;-1.27401277375;0;0;0;0;0;0;0;0;0,63573.56370194466,0.005,179,0.0002,15.160257760676057,,0.0030296327779044075,0.13031249999994543,ok,same_stridge_core,Hx,0.07547619047619046,2.445545020287125
0.8379061982478926,1.4743611828691938,-0.18146257362649978,-0.7467082843482791,0;0;-0.746708284348;-0.181462573626;0;0;0;0.156964834344;0;0;0;0,55377.672937444775,0.005,180,0.0002,34.88475433528063,,0.0013780033913658625,0.38166000000001077,ok,same_stridge_core,Hx;D_x^1.474361 H;H*Hxx,0.06423076923076924,1.6581505728137682
0.7245989200408531,1.3113221235699315,0.19364186268610334,-1.2270959329915894,0;0;-1.22709593299;0.193641862686;0;0;0;0;0;0;0;0,55675.05153625033,0.005,181,0.0002,23.470009482343595,,0.0007464659048475054,0.39308310000001256,ok,same_stridge_core,Hx;D_x^1.311322 H,0.059106060606060606,1.1999888678434634
0.7408631034949126,1.4865907278530477,0.10205032203512655,-1.0965008418815763,0;0;-1.09650084188;0.102050322035;0;0;0;0.0477360536887;0;0;0;0,55357.68175639644,0.005,182,0.0002,34.18993721341151,,0.00047852404514357364,0.39165329999991627,ok,same_stridge_core,Hx;D_x^1.486591 H;H*Hxx,0.023253968253968273,0.97532815957364
0.7253883081668436,1.628379318100193,0.298915485296523,-1.165589894352414,0;0;-1.16558989435;0.298915485297;0;0;0;0;0;0;0;0,55323.0591307133,0.005,183,0.0002,23.12560729676754,,0.0005066923303119445,0.37208700000007866,ok,same_stridge_core,Hx;D_x^1.628379 H,0.12500000000000003,0.9963836444822177
0.7170496434691114,1.0744159494942138,0.0,-1.1234112539488974,0;0;-1.12341125395;0;0.0765913465962;0;0;0.0666206805131;0;0;0;0,56030.373082371574,0.005,184,0.0002,34.72432633367897,,0.0006197711703508216,0.3807668999999123,ok,same_stridge_core,Hx;Hxxx;H*Hxx,0.030000000000000002,1.106102484256022
0.5528056913848601,1.6703183181554786,1.3513958193666311,-1.958263452791413,0;0;-1.95826345279;1.35139581937;0;0;0;-1.17245640673;0;0;0.103387264338;0,55496.43400218076,0.005,185,0.0002,48.22569951877747,,0.007300007295054907,0.39259659999993346,ok,same_stridge_core,Hx;D_x^1.670318 H;H*Hxx;H^2*Hxx,0.049999999999999996,3.828552317032861
0.5486219095182981,1.4377208521349005,0.9426704886153517,-2.157162993051066,0;0;-2.15716299305;0.942670488615;4.14816118233;0;0;-0.334760884849;-0.953663729849;0;0;0,55442.12987234142,0.005,186,0.0002,59.19868120209331,,0.007463928329278114,0.39072350000003553,ok,same_stridge_core,Hx;D_x^1.437721 H;Hxxx;H*Hxx;H*Hxxx,0.12500000000000003,3.7565513297518844
0.5926287467587267,1.1279363065324906,0.3333148716290453,-1.9957290991883934,0;0;-1.99572909919;0.333314871629;0;0;0;-0.158963474362;-0.519072637927;0;0;0,55961.61562916197,0.005,187,0.0002,46.84008657484552,,0.002239473627313944,0.39333780000004026,ok,same_stridge_core,Hx;D_x^1.127936 H;H*Hxx;H*Hxxx,0.024580742514187244,2.0707940715159423
0.661191543337829,1.137494694712862,0.16746408112021555,-1.52434387228239,0;0;-1.52434387228;0.16746408112;0;0;0;-0.0389944421201;-0.250085658982;0;0;0,55948.65703986219,0.005,188,0.0002,46.04269363650762,,0.0008404605299335359,0.3920516000000589,ok,same_stridge_core,Hx;D_x^1.137495 H;H*Hxx;H*Hxxx,0.025,1.2837680046178688
0.8317832290004363,1.1459035185806448,-0.11896424593011214,-0.6795077178045649,0;0;-0.679507717805;-0.11896424593;0;0;0;0.157802953504;0.140243918764;0;0;0,55937.08154104926,0.005,189,0.0002,46.04038536574229,,0.0008606911696751758,0.37657000000001517,ok,same_stridge_core,Hx;D_x^1.145904 H;H*Hxx;H*Hxxx,0.03927785336356762,1.2907201329028863
0.8048801583420286,1.1916406696567976,0.0,-1.041772361270893,0;0;-1.04177236127;0;-2.73093943852;0;0;0;0;0;0;0,55871.18511122854,0.005,190,0.0002,25.63685245400631,,0.005864034784660199,0.37770510000007107,ok,same_stridge_core,Hx;Hxxx,0.12500000000000003,3.288378409514893
0.608600209674414,1.1009000045414385,0.2621502663664681,-1.8683209602831903,0;0;-1.86832096028;0.262150266366;0;0;0;-0.119224480706;-0.454581331477;0;0;0,55997.1422502707,0.005,191,0.0002,46.652592794991136,,0.0017799324957566611,0.4077707999999802,ok,same_stridge_core,Hx;D_x^1.1009 H;H*Hxx;H*Hxxx,0.02441426055053916,1.854878994774575
0.7427870155469425,1.1658137847037504,0.1475319202670518,-1.268320666146632,0;0;-1.26832066615;0.147531920267;-2.1327948603;0;0;0;0.0750955619483;0;0;0,55909.00992610822,0.005,192,0.0002,46.127862970792826,,0.0009956977415042396,0.3897519000000784,ok,same_stridge_core,Hx;D_x^1.165814 H;Hxxx;H*Hxxx,0.024523809523809545,1.400655029906249
0.45737430133462753,1.2032624790185626,1.0372337194491583,-3.512505893362512,-0.109637106159;0;-3.51250589336;1.03723371945;-6.39518085222;0;0;-0.680290935611;-0.871751350154;0;0;0,55853.63770819883,0.005,193,0.0002,71.53079718031942,,0.010569368019174881,0.13727940000001126,ok,same_stridge_core,1;Hx;D_x^1.203262 H;Hxxx;H*Hxx;H*Hxxx,0.049999999999999996,4.50643193048082
0.8009913068917474,1.1201110852090586,0.0,-1.049130039201059,0;0;-1.0491300392;0;-2.68864872266;0;0;0;0;0;0;0,55972.06824286189,0.005,194,0.0002,25.63588491446526,,0.0057115530211839195,0.2684671999999182,ok,same_stridge_core,Hx;Hxxx,0.10500000000000004,3.2470576173205026
0.7015134774410462,1.7195083022506987,0.0,-1.1724200793628716,0;0;-1.17242007936;0;0;0;0;0.0590154884175;0;0;0;0,55982.01285835922,0.005,195,0.0002,23.664997760057684,,0.0008216131537123272,0.3750493000000006,ok,same_stridge_core,Hx;H*Hxx,0.045,1.272192616713994
0.6863554800161917,1.1104978359354896,0.10538777384072003,-1.3743104599357576,0;0;-1.37431045994;0.105387773841;0;0;0;0;-0.180685421117;0;0;0,55984.71894678867,0.005,196,0.0002,34.71437654244577,,0.0006317886353231922,0.14881070000001273,ok,same_stridge_core,Hx;D_x^1.110498 H;H*Hxxx,0.01,1.1235451743725693
0.8465260454196467,1.519702275332614,0.0,-0.7952996838808813,0;0;-0.795299683881;0;0;0;0;0.108873616934;0;0;0;0,55310.06354425072,0.005,197,0.0002,23.931483242740587,,0.0016250861242724202,0.38122839999994085,ok,same_stridge_core,Hx;H*Hxx,0.10100000000000003,1.8074578250402975
0.659569939760587,1.2084721897469153,0.0,-1.3142362922460307,0;0;-1.31423629225;0;0;0;0;0;0;0;0;0,55845.66512653759,0.005,198,0.0002,13.65453030423459,,0.0031182295833638136,0.37877149999997073,ok,same_stridge_core,Hx,0.12500000000000003,2.4853972789270724
0.7429862741548884,1.474162971066151,0.25670701714076005,-1.1746283795061387,0;0;-1.17462837951;0.256707017141;-0.89533863552;0;0;0;0.0657478923563;0;0;0,55378.00489233449,0.005,199,0.0002,45.3158049885179,,0.0005225928360590006,0.39133799999990515,ok,same_stridge_core,Hx;D_x^1.474163 H;Hxxx;H*Hxxx,0.01447559145895575,1.0134010746503073
0.497820522995759,1.0658893498542577,0.5155032024495577,-2.764100881723491,0;0;-2.76410088172;0.51550320245;0;0;0;-0.33864552798;-1.04823481748;0;0;0,56040.751201220155,0.005,200,0.0002,48.62696958707853,,0.007481725297119667,0.40216910000003736,ok,same_stridge_core,Hx;D_x^1.065889 H;H*Hxx;H*Hxxx,0.06389947089947091,3.7943686261024028
0.47947294429347737,1.6315336220430459,2.1337035911139353,-2.4939643920586443,0;0;-2.49396439206;2.13370359111;0;0;0;-1.91575129161;0;0;0.162645811458;0,55331.03819276654,0.005,201,0.0002,49.98934456074191,,0.016536643537261204,0.3895582000000104,ok,same_stridge_core,Hx;D_x^1.631534 H;H*Hxx;H^2*Hxx,0.06999999999999999,5.724514006528683
0.604969324880333,1.8385921828769953,0.0,-1.474901544413435,0;0;-1.47490154441;0;0.300054506057;0;0;0;0;0;0;0,60170.77791193559,0.005,202,0.0002,27.428681860625876,,0.005754674822410683,0.38489179999999124,ok,same_stridge_core,Hx;Hxxx,0.050714285714285705,3.3603706958516395
0.6879005236564412,1.2477516783339972,0.132453168350708,-1.3387529017269817,0;0;-1.33875290173;0.132453168351;0.411470920102;0;0;0;-0.179373072123;0;0;0,55783.43000253741,0.005,203,0.0002,45.733534714702564,,0.000624419823900247,0.13874310000005607,ok,same_stridge_core,Hx;D_x^1.247752 H;Hxxx;H*Hxxx,0.01,1.1067907126726366
0.5063491940610299,1.4681968194587875,1.5220364754983202,-2.532494022167886,0;0;-2.53249402217;1.5220364755;-0.984315817729;0;0;-1.40950918727;0.0499877279798;0;0.111096896881;0,55388.10159091593,0.005,204,0.0002,70.52990064074694,,0.008767621724709983,0.391937599999892,ok,same_stridge_core,Hx;D_x^1.468197 H;Hxxx;H*Hxx;H*Hxxx;H^2*Hxx,0.053666666666666696,4.064178731647809
0.663932322443064,1.5935063766946744,0.17567632601035274,-1.3298876378187467,0;0;-1.32988763782;0.17567632601;0;0;0;0;0;0;0;0,55273.22288358641,0.005,205,0.0002,23.941099343326186,,0.0017154928245608342,0.39472299999999905,ok,same_stridge_core,Hx;D_x^1.593506 H,0.045,1.8318101898916226
0.7308049094181129,1.4389998431046167,0.13883558203926624,-1.159806844303551,0;0;-1.1598068443;0.138835582039;-0.291906590116;0;0;0.0288750069921;0;0;0;0,55439.8004559056,0.005,206,0.0002,45.31565066353674,,0.00046805528010093484,0.14501789999997072,ok,same_stridge_core,Hx;D_x^1.439 H;Hxxx;H*Hxx,0.025,0.9638102988122661
0.5935450895270449,1.123287908045997,0.32515347576568776,-1.987072000443491,0;0;-1.98707200044;0.325153475766;0;0;0;-0.155396219303;-0.516049236839;0;0;0,55967.84173955802,0.005,207,0.0002,46.83204853382319,,0.002208792457490959,0.38089370000000145,ok,same_stridge_core,Hx;D_x^1.123288 H;H*Hxx;H*Hxxx,0.025,2.0577751421767747
0.6576460277085572,1.2376676009525114,0.12792594615566794,-1.4023255297154933,0;0;-1.40232552972;0.127925946156;0;0;0;0;0;0;0;0,55799.76378139975,0.005,208,0.0002,23.934608406406756,,0.001400958306415804,0.14416700000003857,ok,same_stridge_core,Hx;D_x^1.237668 H,0.09500000000000001,1.6147028938468553
0.789786452186494,1.0186040509965082,-0.044362327993242995,-0.8526377986986791,0;0;-0.852637798699;-0.0443623279932;0;0;0;0.115315093292;0.0838111993373;0;0;0,56095.59284802461,0.005,209,0.0002,45.98231461539782,,0.0006208156958351218,0.35874869999997827,ok,same_stridge_core,Hx;D_x^1.018604 H;H*Hxx;H*Hxxx,0.025,1.105840336978131
0.7010004864278103,1.5312718521318351,0.22810912197484418,-1.2439770543326198,0;0;-1.24397705433;0.228109121975;0;0;0;0;0;0;0;0,55296.533984121066,0.005,210,0.0002,23.26350052415724,,0.0006776304996677814,0.3847173000000339,ok,same_stridge_core,Hx;D_x^1.531272 H,0.07611111111111112,1.1448869305088156
0.8079830920551292,1.125259719424082,0.0,-0.9008640434378326,0;0;-0.900864043438;0;-0.331313229858;0;0;0.0952717055254;0;0;0;0,55965.206729649566,0.005,211,0.0002,34.996957912458384,,0.0010093686189980612,0.40547289999994973,ok,same_stridge_core,Hx;Hxxx;H*Hxx,0.07266666666666668,1.4178338746686485
0.6695690139522675,1.3095565681614203,0.2534207189616275,-1.4696841236406304,0;0;-1.46968412364;0.253420718962;0;0;0;-0.130304046717;-0.141626590066;0;0.00992730556457;0,55678.179760809544,0.005,212,0.0002,56.88811431276213,,0.0007499241755377866,0.3842704999999569,ok,same_stridge_core,Hx;D_x^1.309557 H;H*Hxx;H*Hxxx;H^2*Hxx,0.01,1.2099345519525846
0.8739004737467417,1.3519762440750054,-0.22322917747291074,-0.46815943858270503,0.0544265231867;0;-0.468159438583;-0.223229177473;1.95240108216;0;0;0.2525655542;0.0985458428726;0;0;0,55601.47854820124,0.005,213,0.0002,68.05919841161767,,0.0009165443874641549,0.28364620000002105,ok,same_stridge_core,1;Hx;D_x^1.351976 H;Hxxx;H*Hxx;H*Hxxx,0.015,1.3374241537761844
0.5005862897264693,1.521605147344079,3.077711802619524,-1.5845139488620803,0;0;-1.58451394886;3.07771180262;15.4744327817;0;-0.621589428811;-2.16204578214;-8.60134057808;0.0545297422454;0.157956979197;0.810634876968,55307.70552429195,0.005,214,0.0002,102.80945534727309,,0.005583176006956457,0.3911123000000316,ok,same_stridge_core,Hx;D_x^1.521605 H;Hxxx;H*Hx;H*Hxx;H*Hxxx;H^2*Hx;H^2*Hxx;H^2*Hxxx,0.025,3.255585403547556
0.6511215735323517,1.0893249452934344,0.0964857677833435,-1.4632259893953605,0;0;-1.4632259894;0.0964857677833;0;0;0;0;-0.126663133664;0;0;0,56011.85356628163,0.005,215,0.0002,35.18906322623445,,0.0013134250626631657,0.38011970000002293,ok,same_stridge_core,Hx;D_x^1.089325 H;H*Hxxx,0.04441887445887448,1.5819510864654753
0.6004634736478567,1.2070706574022259,0.41572525731117804,-1.9618001188715102,0;0;-1.96180011887;0.415725257311;0;0;0;-0.173824187716;-0.459777948443;0;0;0,55847.81630805524,0.005,216,0.0002,46.665131574388965,,0.0020889006426572827,0.3792036999999482,ok,same_stridge_core,Hx;D_x^1.207071 H;H*Hxx;H*Hxxx,0.025,1.9868785279447685
0.5670294351944193,1.521507063080892,1.1252252785274055,-2.011612949954453,0;0;-2.01161294995;1.12522527853;0.174845783803;0;0;-0.969161178889;0;0;0.0798590387259;0,55307.82592145632,0.005,217,0.0002,58.18997818344337,,0.004376001449551212,0.27766269999995075,ok,same_stridge_core,Hx;D_x^1.521507 H;Hxxx;H*Hxx;H^2*Hxx,0.04284313725490194,2.882152261987052
0.5991301971852221,1.1881707518910805,0.3928273883757573,-1.9667198548408031,0;0;-1.96671985484;0.392827388376;0;0;0;-0.169075638102;-0.472759049655;0;0;0,55876.360690861075,0.005,218,0.0002,46.694250764950375,,0.0020964020659575235,0.3922937999999476,ok,same_stridge_core,Hx;D_x^1.188171 H;H*Hxx;H*Hxxx,0.025,1.9931622122615191
0.7282336981176905,1.242572024379604,0.07222491207511325,-1.129255902855523,0.0165471872698;0;-1.12925590286;0.0722249120751;0.235674822954;0;0;0.0611039603735;0;0;0;0,55791.85028701571,0.005,219,0.0002,56.71663981183604,,0.0004406579212891605,0.38512630000002446,ok,same_stridge_core,1;Hx;D_x^1.242572 H;Hxxx;H*Hxx,0.01,0.9247895248203273
0.6034963981027647,1.0416458518638678,0.22104010470354338,-1.8833702524941778,0;0;-1.88337025249;0.221040104704;0;0;0;-0.110507132982;-0.48279930669;0;0;0,56069.432405053594,0.005,220,0.0002,46.802492827311724,,0.0019401466599836684,0.3816197999999531,ok,same_stridge_core,Hx;D_x^1.041646 H;H*Hxx;H*Hxxx,0.02937778746351341,1.9469469032688484
0.7706781567800522,1.5260973664786681,0.0,-0.9796356678677053,0;0;-0.979635667868;0;0;0;0;0.0865953002889;0;0;0;0,55302.34046953321,0.005,221,0.0002,23.241724035412773,,0.0006235933595139186,0.37617039999997814,ok,same_stridge_core,Hx;H*Hxx,0.06499999999999999,1.120787847599489
0.574688836483912,1.051257433912986,0.29130218883755693,-2.100193802301309,0;0;-2.1001938023;0.291302188838;0;0;0;-0.165110236077;-0.616290262008;0;0;0,56058.206166602075,0.005,222,0.0002,47.21168929397551,,0.0028820748533408993,0.38979410000001735,ok,same_stridge_core,Hx;D_x^1.051257 H;H*Hxx;H*Hxxx,0.04,2.365124360693845
0.8561045804375035,1.1786801117931034,0.0,-0.9484644297055017,0;0;-0.948464429706;0;-3.23464793142;0;0;0;0;0;0;0,55890.367575190816,0.005,223,0.0002,26.151000894420957,,0.007885868607645695,0.274683800000048,ok,same_stridge_core,Hx;Hxxx,0.12500000000000003,3.7948538643446263
0.5960688753600407,1.34832949142019,0.6215152607493093,-1.9475230450086587,0;0;-1.94752304501;0.621515260749;-0.851847856419;0;0;-0.52050876705;-0.104437469021;0;0.0378650374708;0,55608.18495105419,0.005,224,0.0002,68.7944790462952,,0.002251483504691097,0.13852120000001378,ok,same_stridge_core,Hx;D_x^1.348329 H;Hxxx;H*Hxx;H*Hxxx;H^2*Hxx,0.02,2.064657105030167
0.778113788280979,1.0531921761395564,0.0,-0.9890923849519457,0;0;-0.989092384952;0;0;0;0;0;0;0;0;0,56055.92334742972,0.005,225,0.0002,14.73924872162775,,0.006494222155625816,0.3925805000000082,ok,same_stridge_core,Hx,0.08875000000000002,3.528064052141804
0.6651959230962782,1.1104978359354896,0.10191528783101134,-1.4246038065350786,0;0;-1.42460380654;0.101915287831;0;0;0;0;-0.143498791889;0;0;0,55984.71894678867,0.005,226,0.0002,34.92542195543687,,0.0009221869335656582,0.1472388999999339,ok,same_stridge_core,Hx;D_x^1.110498 H;H*Hxxx,0.03929116486100611,1.3345905873636617
0.7177550032625385,1.029770333520594,0.0,-1.1462380669872465,0;0;-1.14623806699;0;0;0;0;0;0;0;0;0,56083.046345643495,0.005,227,0.0002,13.937947046793292,,0.003816220823050013,0.38811309999994137,ok,same_stridge_core,Hx,0.12500000000000003,2.7213377776645924
0.632216831282898,1.3507912334931724,0.4342355545058587,-1.6863962853307517,0;0;-1.68639628533;0.434235554506;0;0;0;-0.318843464186;-0.165063964358;0;0.0236417936604;0,55603.659753216,0.005,228,0.0002,57.18976931498734,,0.0013181308831790356,0.3866101000000981,ok,same_stridge_core,Hx;D_x^1.350791 H;H*Hxx;H*Hxxx;H^2*Hxx,0.015,1.5861095617713354
0.7045161460495178,1.929337702687507,0.0,-1.2447374542251821,0;0;-1.24473745423;0;-1.43960413724;0;0;0;0;0;0;0,65962.67791824006,0.005,229,0.0002,28.746788095957477,,0.002857716994280252,0.14845920000004753,ok,same_stridge_core,Hx;Hxxx,0.015,2.3617169286614517
0.7389620648628091,1.028911048302644,0.0,-1.1727653625131014,0;0;-1.17276536251;0;0;0;0;0;-0.345832534352;0;0;0,56084.020490157556,0.005,230,0.0002,24.8616362091614,,0.0031404800821054715,0.2547011999999995,ok,same_stridge_core,Hx;H*Hxxx,0.09750000000000003,2.428028013098378
0.9296976717479789,1.541099294166052,0.0,-0.6223744105032561,0;0;-0.622374410503;0;0;0;0;0.125188100187;0;0;0;0,55286.72663193029,0.005,231,0.0002,24.571048088336227,,0.003007491252166204,0.2826489000000265,ok,same_stridge_core,Hx;H*Hxx,0.12500000000000003,2.4563574355641133
0.6389349846994691,1.7980023749751073,0.1344424953854012,-1.380990346273108,0;0;-1.38099034627;0.134442495385;0;0;0;0;0;0;0;0,58063.818816684114,0.005,232,0.0002,25.739040750620248,,0.0032035889784475303,0.38359429999991335,ok,same_stridge_core,Hx;D_x^1.798002 H,0.09500000000000001,2.5135132239465996
0.7099353219105802,1.2477516783339972,0.0,-1.1678449923796757,0;0;-1.16784499238;0;0;0;0;0;0;0;0;0,55783.43000253741,0.005,233,0.0002,13.7964085596116,,0.0035808378152163214,0.1337397999999439,ok,same_stridge_core,Hx,0.12500000000000003,2.639722559104116
0.778113788280979,1.0531921761395564,0.0,-0.9890923849519476,0;0;-0.989092384952;0;0;0;0;0;0;0;0;0,56055.92334742972,0.005,234,0.0002,14.73924872162775,,0.006494222155625816,0.025743099999999686,ok,same_stridge_core,Hx,0.08875000000000002,3.5280640521418047
0.6841784335842261,1.9488708746223073,-0.3560311050479242,-1.218912753008964,0;0;-1.21891275301;-0.356031105048;0.0845628511283;0;0;0.10041384989;0;0;0;0,66652.43375989856,0.005,235,0.0002,54.79898427771157,,0.0011091083314740224,0.3862944999999627,ok,same_stridge_core,Hx;D_x^1.948871 H;Hxxx;H*Hxx,0.02,1.4770372697927205
0.6674953314363525,1.4389998431046167,0.41232941198692047,-1.4864537031351368,0;0;-1.48645370314;0.412329411987;0;0;0;-0.0860040819747;-0.134146711971;0;0;0,55439.8004559056,0.005,236,0.0002,45.77320882731653,,0.0010432404130407533,0.1380215000000362,ok,same_stridge_core,Hx;D_x^1.439 H;H*Hxx;H*Hxxx,0.05999999999999999,1.421368462592047
0.7293122867427546,1.3668906126314646,0.21521685869561075,-1.2069404868813822,0;0;-1.20694048688;0.215216858696;0;0;0;0;0;0;0;0,55573.88374658788,0.005,237,0.0002,23.36274287746659,,0.0006641092608467996,0.3830937999999833,ok,same_stridge_core,Hx;D_x^1.366891 H,0.06970238095238096,1.133189378831436
0.6760310832809371,1.2376676009525114,0.12036940467190556,-1.3614776289891657,0;0;-1.36147762899;0.120369404672;0.936447404977;0;0;0;-0.245001232156;0;0;0,55799.76378139975,0.005,238,0.0002,45.86609586519477,,0.0007761923953591659,0.13678570000001855,ok,same_stridge_core,Hx;D_x^1.237668 H;Hxxx;H*Hxxx,0.030000000000000002,1.2262848400749653
0.6729801796088827,1.4078752537107269,0.3600038601922711,-1.4645268110541805,0;0;-1.46452681105;0.360003860192;0;0;0;-0.071876032577;-0.140685974197;0;0;0,55497.33036326057,0.005,239,0.0002,45.69955102687033,,0.0008771479999717889,0.2722667000000456,ok,same_stridge_core,Hx;D_x^1.407875 H;H*Hxx;H*Hxxx,0.049999999999999996,1.301686736261881
0.7185841483559323,1.353423958007239,0.14224511096720666,-1.2218160776262594,0;0;-1.22181607763;0.142245110967;-0.463048316085;0;0;0.0177627219773;0;0;0;0,55598.81134151912,0.005,240,0.0002,45.46208033219576,,0.0004895853466479502,0.3737737000000152,ok,same_stridge_core,Hx;D_x^1.353424 H;Hxxx;H*Hxx,0.019440733067846928,0.9830312589804701
0.8391280807863348,1.2084721897469153,-0.15460912791870793,-0.6502898684762014,0;0;-0.650289868476;-0.154609127919;0;0;0;0.170579006529;0.137531839668;0;0;0,55845.66512653759,0.005,241,0.0002,46.03337377181333,,0.0009518791623919338,0.14571630000000368,ok,same_stridge_core,Hx;D_x^1.208472 H;H*Hxx;H*Hxxx,0.04422144522144521,1.356841670583259
0.6585936221269719,1.2955715017906941,0.3028451523597495,-1.5572219819128543,0;0;-1.55722198191;0.30284515236;0.201244774449;0;0;-0.0774339830877;-0.248546686674;0;0;0,55702.73356538462,0.005,242,0.0002,57.03826985854572,,0.0009316375778805719,0.26504099999999653,ok,same_stridge_core,Hx;D_x^1.295572 H;Hxxx;H*Hxx;H*Hxxx,0.04177884615384611,1.3355362931611012
0.6222195129646221,1.6281715715315832,0.9781499258197649,-1.6193874120189558,0;0;-1.61938741202;0.97814992582;5.25100396925;0;0;-0.720882141799;-1.66136709435;0;0.0646749454921;0.147444186744,55322.55714858667,0.005,243,0.0002,79.46853474473302,,0.0020947226451775497,0.13720599999999195,ok,same_stridge_core,Hx;D_x^1.628172 H;Hxxx;H*Hxx;H*Hxxx;H^2*Hxx;H^2*Hxxx,0.015,2.016954736711661
0.5760669666713052,1.51838361504794,1.0523254727241997,-1.9577551492331118,0;0;-1.95775514923;1.05232547272;0.127543229633;0;0;-0.895614981322;0;0;0.0738381764939;0,55311.726061237925,0.005,244,0.0002,58.00786310908504,,0.0038256592562706704,0.41122490000009293,ok,same_stridge_core,Hx;D_x^1.518384 H;Hxxx;H*Hxx;H^2*Hxx,0.037499999999999964,2.6961370478471114
0.5580251082575182,1.2160381716731667,0.5960102626531063,-2.3011017511454543,0;0;-2.30110175115;0.596010262653;0.127321779135;0;0;-0.277722116934;-0.657844427341;0;0;0,55833.96881862109,0.005,245,0.0002,58.52283971381933,,0.0038565103997061827,0.3888477000000421,ok,same_stridge_core,Hx;D_x^1.216038 H;Hxxx;H*Hxx;H*Hxxx,0.030000000000000002,2.688870895198237
0.5844708767600999,1.7278562022496096,-0.11898091422709085,-1.5238544986674147,0;0;-1.52385449867;-0.118980914227;6.83030774974;0;0;0;-1.10429267026;0;0;0,56110.411276045095,0.005,246,0.0002,48.23769350615226,,0.005917525522284094,0.3857027000000244,ok,same_stridge_core,Hx;D_x^1.727856 H;Hxxx;H*Hxxx,0.07478835978835978,3.3493644853161824
0.6612143174740102,1.1835187187865068,0.1991525515156663,-1.5331130299077425,0;0;-1.53311302991;0.199152551516;0;0;0;-0.0484535536329;-0.244033811361;0;0;0,55883.25351079068,0.005,247,0.0002,45.985153800530085,,0.0008396939145609522,0.3694762999999739,ok,same_stridge_core,Hx;D_x^1.183519 H;H*Hxx;H*Hxxx,0.030000000000000002,1.2785509918975362
0.6471912791548988,1.6967003852875062,0.0,-1.3521897810368146,0;0;-1.35218978104;0;0;0;0;0;0;0;0;0,55706.675114898666,0.005,248,0.0002,13.727086011760454,,0.0033705762358496832,0.37775759999999536,ok,same_stridge_core,Hx,0.04633333333333333,2.58575098878072
0.48101064631246926,1.6512268322664774,2.076894198861756,-2.439134889384698,0;0;-2.43913488938;2.07689419886;0;0;0;-1.88876775209;0;0;0.162645997784;0,55397.7994658091,0.005,249,0.0002,50.12261413467617,,0.016930090808930633,0.37396879999994326,ok,same_stridge_core,Hx;D_x^1.651227 H;H*Hxx;H^2*Hxx,0.07611111111111112,5.804374562028889
0.9280531706850841,1.1169449672568095,-0.18583974263027184,-0.37398067225474535,0;0;-0.373980672255;-0.18583974263;0;0;0;0.209440722607;0.240318437367;0;0;0,55976.257764490336,0.005,250,0.0002,46.40305792500271,,0.0013925451492200667,0.3811977000000297,ok,same_stridge_core,Hx;D_x^1.116945 H;H*Hxx;H*Hxxx,0.015,1.6220517134104449
0.5992587549658772,1.7785008001402938,-0.34943204926558286,-1.45877868704097,0;0;-1.45877868704;-0.349432049266;5.78310014343;0;0;0.0528787046829;-0.944645821301;0;0;0,57330.81883696832,0.005,251,0.0002,60.2941761329006,,0.004612638562074232,0.3779060000000527,ok,same_stridge_core,Hx;D_x^1.778501 H;Hxxx;H*Hxx;H*Hxxx,0.06499999999999999,2.9633572959322847
0.6498242974666466,1.4527168103578574,0.13766417366871692,-1.3870774139759212,0;0;-1.38707741398;0.137664173669;0;0;0;0;0;0;0;0,55415.112923720524,0.005,252,0.0002,24.19027153464686,,0.002118187807281363,0.3896803000000091,ok,same_stridge_core,Hx;D_x^1.452717 H,0.10500000000000002,2.0242263651586523
0.7040878350521838,1.7199090152902736,0.15289389659985753,-1.177126506093347,0;0;-1.17712650609;0.1528938966;0.173169473386;0;0;0.0309826448668;0;0;0;0,55987.805367605026,0.005,253,0.0002,46.00356727786444,,0.0007540653514278382,0.36622109999996155,ok,same_stridge_core,Hx;D_x^1.719909 H;Hxxx;H*Hxx,0.015476190476190477,1.2133229837804136
0.8009913068917474,1.6967003852875062,0.44358096647004575,-0.9823528373540509,0;0;-0.982352837354;0.44358096647;-0.272408347823;0;0;0;0;0;0;0,55706.675114898666,0.005,254,0.0002,34.7203835399019,,0.0008573128516514499,0.027983599999970465,ok,same_stridge_core,Hx;D_x^1.6967 H;Hxxx,0.12500000000000003,1.2963784709626989
0.7181335845189889,1.6723343186150048,0.30329024719837006,-1.1756305899949235,0;0;-1.17563058999;0.303290247198;0;0;0;0;0;0;0;0,55509.18723804161,0.005,255,0.0002,23.265989857741346,,0.0005742307800622222,0.37324899999998706,ok,same_stridge_core,Hx;D_x^1.672334 H,0.049999999999999996,1.0623149625247024
0.8879538171087908,1.1508573554481416,-0.17754562715484015,-0.48611241807484723,0;0;-0.486112418075;-0.177545627155;0;0;0;0.195950915404;0.202660187637;0;0;0,55930.184659235274,0.005,256,0.0002,46.25556499956084,,0.001199796769856896,0.2827280000000201,ok,same_stridge_core,Hx;D_x^1.150857 H;H*Hxx;H*Hxxx,0.029370722813860075,1.5114172721726165
0.725479082978457,1.2518887676522357,0.0828658368724615,-1.147348003804288,0.0156017750989;0;-1.1473480038;0.0828658368725;0.162482583492;0;0;0.0551048732897;0;0;0;0,55776.658491621696,0.005,257,0.0002,56.70702943073749,,0.0004464557490970879,0.4039227999999184,ok,same_stridge_core,1;Hx;D_x^1.251889 H;Hxxx;H*Hxx,0.01,0.930370939115794
0.6539721198648782,1.799646250502003,0.18305593634420445,-1.335285918173807,0;0;-1.33528591817;0.183055936344;0;0;0;0;0;0;0;0,58133.623539171196,0.005,258,0.0002,25.431660202078504,,0.0024040745580937517,0.3967312000000902,ok,same_stridge_core,Hx;D_x^1.799646 H,0.07820238095238097,2.1782107864100224
0.593660796542717,1.6170893942666464,1.0781972083237659,-1.7957338573833244,0;0;-1.79573385738;1.07819720832;0;0;0;-0.85264496972;0;0;0.0730352233616;0,55299.7365351156,0.005,259,0.0002,46.921832539056034,,0.003605301813725668,0.3953198000000384,ok,same_stridge_core,Hx;D_x^1.617089 H;H*Hxx;H^2*Hxx,0.030000000000000002,2.6820433109635577
0.4953193037448433,1.563026372318314,1.9011793313219791,-2.455670761523558,0;0;-2.45567076152;1.90117933132;0;0;0;-1.7295820386;0.157157158164;0;0.144789707723;0,55271.84338261064,0.005,260,0.0002,59.992798106717686,,0.011725395903283654,0.3958668000000216,ok,same_stridge_core,Hx;D_x^1.563026 H;H*Hxx;H*Hxxx;H^2*Hxx,0.0794444444444444,4.720954724107045
0.6728901160000015,1.541099294166052,0.47037421071324087,-1.4086097727392304,0;0;-1.40860977274;0.470374210713;0.0551998082977;0;0;-0.287227389544;0;0;0.0258225948002;0,55286.72663193029,0.005,261,0.0002,56.55444752659207,,0.000819594189269094,0.1456627000000026,ok,same_stridge_core,Hx;D_x^1.541099 H;Hxxx;H*Hxx;H^2*Hxx,0.017727272727272723,1.2677208946617826
0.7681321859471351,1.2184222344689113,0.0,-0.9862991826585193,0;0;-0.986299182659;0;0;0;0;0.0857097640789;0;0;0;0,55830.25430827735,0.005,262,0.0002,23.435891940528556,,0.0006049886015899722,0.401652600000034,ok,same_stridge_core,Hx;H*Hxx,0.06694444444444447,1.1037902172176142
0.8194909244985359,1.2477516783339972,-0.14086312488088765,-0.7273147322822264,0;0;-0.727314732282;-0.140863124881;0;0;0;0.156937907384;0.103008351491;0;0;0,55783.43000253741,0.005,263,0.0002,45.922081287909876,,0.000859111759495748,0.14187790000005407,ok,same_stridge_core,Hx;D_x^1.247752 H;H*Hxx;H*Hxxx,0.05432051282051281,1.295337285879949
0.5241458676061153,1.4974277719607292,1.4258722563293242,-2.3417859114211614,0;0;-2.34178591142;1.42587225633;-0.14814785904;0;0;-1.29141643004;0;0;0.103837061291;0,55340.904059835986,0.005,264,0.0002,59.08486648552271,,0.0074231464166164066,0.3790261999999984,ok,same_stridge_core,Hx;D_x^1.497428 H;Hxxx;H*Hxx;H^2*Hxx,0.05300000000000003,3.7439624256867283
0.632348230266877,1.2667479382419868,0.3367455951475701,-1.695948511316732,0;0;-1.69594851132;0.336745595148;0;0;0;-0.23553435542;-0.235764863099;0;0.0157287187301;0,55752.00318214815,0.005,265,0.0002,57.30231489875867,,0.0012533965120475033,0.39361859999996796,ok,same_stridge_core,Hx;D_x^1.266748 H;H*Hxx;H*Hxxx;H^2*Hxx,0.015,1.5503117166105056
0.4589540136829485,1.03617124793866,0.5759109106421809,-3.1196926162888237,0;0;-3.11969261629;0.575910910642;0;0;0;-0.417485284848;-1.32246487355;0;0;0,56075.743455691416,0.005,266,0.0002,49.579596102025725,,0.011503304172251913,0.38848189999998795,ok,same_stridge_core,Hx;D_x^1.036171 H;H*Hxx;H*Hxxx,0.06499999999999999,4.719001337472588
0.7595405068525503,1.810611433098368,0.0,-1.0090236998995612,0;0;-1.0090236999;0;0;0;0;0.0826511876171;0;0;0;0,58632.686242048694,0.005,267,0.0002,24.507938750915645,,0.0005533310229165531,0.27318319999994856,ok,same_stridge_core,Hx;H*Hxx,0.04,1.054864254096167
0.41443611839135186,1.138061279803087,1.0823605229114486,-2.4866104386294965,0.168466360732;-0.0897332038325;-2.48661043863;1.08236052291;-34.275474496;0;-0.869801669875;-2.27815691654;1.81079501389;0.0813707311312;0.141253250402;0.0417904456049,55947.88232926097,0.005,268,0.0002,126.21448273108334,,0.00510515543820137,0.3727515000000494,ok,same_stridge_core,1;H;Hx;D_x^1.138061 H;Hxxx;H*Hx;H*Hxx;H*Hxxx;H^2*Hx;H^2*Hxx;H^2*Hxxx,0.025,3.1291416067091893
0.6638359605501151,1.477685770911336,0.3618374878943081,-1.4379974283620751,0;0;-1.43799742836;0.361837487894;1.59574258417;0;0;-0.0687239164477;-0.3333813046;0;0;0,55372.14067273414,0.005,269,0.0002,56.86455539632895,,0.0011594558353938986,0.3736016999999947,ok,same_stridge_core,Hx;D_x^1.477686 H;Hxxx;H*Hxx;H*Hxxx,0.03447368421052633,1.4924147235948124
0.8601858658382255,1.3807731315551703,-0.19891178728795325,-0.531982399913353,0.0524586740368;0;-0.531982399913;-0.198911787288;1.69615994826;0;0;0.236725782088;0.102250087442;0;0;0,55548.013388001425,0.005,270,0.0002,67.96809697937908,,0.0008792799560846088,0.3925772000000052,ok,same_stridge_core,1;Hx;D_x^1.380773 H;Hxxx;H*Hxx;H*Hxxx,0.018636363636363628,1.3104809137773714
0.5186478135129459,1.8351698371051322,1.5393714223664687,-2.0615701082689664,-0.0897905024801;0;-2.06157010827;1.53937142237;0;0;0;-1.39368085501;-0.205762151915;0;0.121064317721;0,59963.05541915481,0.005,271,0.0002,76.54927055151182,,0.010842855786232475,0.39939090000007127,ok,same_stridge_core,1;Hx;D_x^1.83517 H;H*Hxx;H*Hxxx;H^2*Hxx,0.03504629629629628,4.59360404852604
0.6987580023556275,1.6127098205193668,0.246373995761066,-1.235566445264577,0;0;-1.23556644526;0.246373995761;0;0;0;0;0;0;0;0,55292.70813982822,0.005,272,0.0002,23.35031131374013,,0.0007779755701420655,0.3691557999999304,ok,same_stridge_core,Hx;D_x^1.61271 H,0.04011282467532469,1.2332280578088417
0.8739004737467417,1.4575957724435116,-0.5828461825301261,-0.8685223879375407,0.0819626438264;0;-0.868522387938;-0.58284618253;5.71310912861;0;0.244055910077;0.404971975101;-0.0418520766409;-0.0198622723408;0;0.0147964834789,55406.487560207315,0.005,273,0.0002,100.43476988641821,,0.0002547689451970914,0.2748943000000281,ok,same_stridge_core,1;Hx;D_x^1.457596 H;Hxxx;H*Hx;H*Hxx;H*Hxxx;H^2*Hx;H^2*Hxxx,0.005,0.7030922780450162
0.7550936305529099,1.9661230098321731,0.3698954783431943,-1.0182093556961362,0;0;-1.0182093557;0.369895478343;0.0490552946088;0;0;0.0325816833601;0;0;0;0,66957.99092685185,0.005,274,0.0002,54.51436019122485,,0.0004583176499296293,0.2837515999999596,ok,same_stridge_core,Hx;D_x^1.966123 H;Hxxx;H*Hxx,0.02182539682539685,0.9479674497433663
0.5685999887591023,1.4942512732083875,1.0668022268377573,-2.0338096378236723,0;0;-2.03380963782;1.06680222684;-0.143511261354;0;0;-0.922066339662;0;0;0.0746887399354;0,55345.71892443052,0.005,275,0.0002,58.13146654981024,,0.004094292583825246,0.3741545999999971,ok,same_stridge_core,Hx;D_x^1.494251 H;Hxxx;H*Hxx;H^2*Hxx,0.033787878787878776,2.785747625379723
0.965220380275181,1.1212605997542977,-0.20832444396032251,-0.28002159196960885,0;0;-0.28002159197;-0.20832444396;0;0;0;0.223732902393;0.258416935964;0;0;0,55970.54156784319,0.005,276,0.0002,46.50081488757032,,0.001583435557287706,0.26587019999999484,ok,same_stridge_core,Hx;D_x^1.121261 H;H*Hxx;H*Hxxx,0.015,1.7243816332957693
0.5891339374352413,1.4636731792589728,1.0353804431607732,-1.8488079542772462,-0.0391264936229;0;-1.84880795428;1.03538044316;0;0;-0.0552649028539;-0.403927195342;0;0;0;-0.112262749027,55395.88263092187,0.005,277,0.0002,68.79996107976476,,0.0027493395939750115,0.3918085999999903,ok,same_stridge_core,1;Hx;D_x^1.463673 H;H*Hx;H*Hxx;H^2*Hxxx,0.025,2.324901922658492
0.6276334236095343,1.3880110731825113,0.5130911629294144,-1.7137488735733688,0;0;-1.71374887357;0.513091162929;1.26710007496;0;0;-0.153230993491;-0.416968835841;0;0;0,55534.48228950869,0.005,278,0.0002,57.421780850858035,,0.0018823236828027006,0.38213539999992463,ok,same_stridge_core,Hx;D_x^1.388011 H;Hxxx;H*Hxx;H*Hxxx,0.08875000000000002,1.8872985613493425
0.7059917051388066,1.272068248897368,0.15355242814313572,-1.3016120703605827,0;0;-1.30161207036;0.153552428143;-0.311384474641;0;0;0;-0.0837736047815;0;0;0,55743.05005412988,0.005,279,0.0002,45.61817895440518,,0.0005275951129943091,0.28056070000002364,ok,same_stridge_core,Hx;D_x^1.272068 H;Hxxx;H*Hxxx,0.01,1.0237389111012765
0.6104820883402797,1.1990055159321804,0.3691614357879153,-1.8848316559091713,0;0;-1.88483165591;0.369161435788;0;0;0;-0.149199244781;-0.422648741448;0;0;0,55860.10337999642,0.005,280,0.0002,46.529093665476935,,0.001786522842696294,0.37327349999998205,ok,same_stridge_core,Hx;D_x^1.199006 H;H*Hxx;H*Hxxx,0.03552671324940233,1.841010961479797
0.48765743804316397,1.8750130637925901,0.0,-2.0317372437260746,-0.0664769903533;0;-2.03173724373;0;0;0;0;-1.07661608887;0;0;0.114775078353;0,62618.17525877473,0.005,281,0.0002,55.82948516359894,,0.017059842031374572,0.3736999000000196,ok,same_stridge_core,1;Hx;H*Hxx;H^2*Hxx,0.04,5.734944956579149
0.7882374073007183,1.1554025615487968,0.0,-0.9458981975257772,0;0;-0.945898197526;0;-0.246588894024;0;0;0.090033869333;0;0;0;0,55923.80595380362,0.005,282,0.0002,34.79916710278447,,0.0007748194069145161,0.3944463000000269,ok,same_stridge_core,Hx;Hxxx;H*Hxx,0.04855555555555556,1.2448835305023016
0.8561045804375035,1.4638086743504166,-0.2270091932921982,-0.6855017894084031,0;0;-0.685501789408;-0.227009193292;0;0;0;0.174718652846;0;0;0;0,55395.64797546098,0.005,283,0.0002,35.02258270160721,,0.001605539298044885,0.2875652000000173,ok,same_stridge_core,Hx;D_x^1.463809 H;H*Hxx,0.07900000000000001,1.785193916330618
0.9339175623145172,1.1460995751694103,-0.2087009455693557,-0.3543758700654832,0;0;-0.354375870065;-0.208700945569;0;0;0;0.217559874144;0.23751174647;0;0;0,55936.80968132557,0.005,284,0.0002,46.40795577914387,,0.0014580803958166167,0.40287369999998646,ok,same_stridge_core,Hx;D_x^1.1461 H;H*Hxx;H*Hxxx,0.015,1.6585080340834102
0.5531195591465337,1.7094977677191125,1.425740836254348,-1.974957285572869,-0.0582690386502;0;-1.97495728557;1.42574083625;0;0;0;-1.19805344843;-0.0787355121297;0;0.100520731208;0,55848.59037652782,0.005,285,0.0002,70.51741556590989,,0.0062963918070121465,0.422686800000065,ok,same_stridge_core,1;Hx;D_x^1.709498 H;H*Hxx;H*Hxxx;H^2*Hxx,0.04995238095238098,3.4991071140764882
0.6574647530942223,1.1104978359354896,0.15904577742356146,-1.5421457875640543,0;0;-1.54214578756;0.159045777424;0;0;0;-0.0395924882058;-0.26528078874;0;0;0,55984.71894678867,0.005,286,0.0002,46.108309422302796,,0.0008873302848793665,0.14479479999999967,ok,same_stridge_core,Hx;D_x^1.110498 H;H*Hxx;H*Hxxx,0.025,1.3205342648718617
0.6646722739029725,1.091873942529046,0.0918888187360018,-1.4151140582054098,0;0;-1.41511405821;0.091888818736;0.966681460797;0;0;0;-0.29015089913;0;0;0,56008.63922140806,0.005,287,0.0002,46.117862844254354,,0.0008864596584259159,0.3905571999999893,ok,same_stridge_core,Hx;D_x^1.091874 H;Hxxx;H*Hxxx,0.02,1.3109514671278975
0.6760982310455946,1.0270712675856308,0.08569103934632646,-1.4068742116230744,0;0;-1.40687421162;0.0856910393463;0.312907503659;0;0;0;-0.247465967576;0;0;0,56086.101485210675,0.005,288,0.0002,46.07036342692091,,0.0007213000729626911,0.3925908999999592,ok,same_stridge_core,Hx;D_x^1.027071 H;Hxxx;H*Hxxx,0.01589102497115569,1.2014822387523667
0.6796469137725453,1.1212605997542977,0.10384601293144048,-1.382985124161817,0;0;-1.38298512416;0.103846012931;0.362650694863;0;0;0;-0.216445335198;0;0;0,55970.54156784319,0.005,289,0.0002,45.9350239998304,,0.0006794032410076532,0.14198940000005678,ok,same_stridge_core,Hx;D_x^1.121261 H;Hxxx;H*Hxxx,0.015,1.1585907455558497
0.467113704764782,1.913170328279537,0.0,-2.096376036484617,0;0;-2.09637603648;0;0;0;0;-1.19890438788;0;0;0.133487089355;0,65137.10697997455,0.005,290,0.0002,46.02806813333287,,0.024369645777833803,0.38302920000000995,ok,same_stridge_core,Hx;H*Hxx;H^2*Hxx,0.08966666666666669,6.945803945348142
0.6148722266637409,1.7411967764195613,0.0,-1.4338166019818281,0;0;-1.43381660198;0;5.29105825394;0;0;0;-0.850105864328;0;0;0,56352.42032695961,0.005,291,0.0002,36.44010582690883,,0.0036310977197770893,0.3792005999999901,ok,same_stridge_core,Hx;Hxxx;H*Hxxx,0.05999999999999999,2.628653630733056
0.7100846466803641,1.053172115799641,0.0,-1.1674296229428938,0;0;-1.16742962294;0;0;0;0;0;0;0;0;0,56055.94711876582,0.005,292,0.0002,13.85237373118341,,0.0035850030055566084,0.38688679999995657,ok,same_stridge_core,Hx,0.12500000000000003,2.6411843074302457
0.3903246513490424,1.081206988612135,0.9507436707134466,-3.93824643140215,0;0;-3.9382464314;0.950743670713;0;0;0;-0.66595811156;-1.86766588782;0;0;0,56021.996896450386,0.005,293,0.0002,51.396621012859526,,0.02258218733374285,0.39418019999993703,ok,same_stridge_core,Hx;D_x^1.081207 H;H*Hxx;H*Hxxx,0.09500000000000003,6.579023495699214
0.691646638184596,1.0531921761395564,0.0,-1.2195400681525626,0;0;-1.21954006815;0;0;0;0;0;0;0;0;0,56055.92334742972,0.005,294,0.0002,13.707611141387229,,0.00317949866501106,0.13562680000006822,ok,same_stridge_core,Hx,0.12500000000000003,2.496426471901284
0.5497384486437369,1.2656866594035296,0.7007992180105769,-2.1799211908994964,0;0;-2.1799211909;0.700799218011;0;0;-0.0330717354959;-0.339362939974;0;0;0;-0.109965078126,55753.78138340814,0.005,295,0.0002,58.572601295400986,,0.0041860638072033695,0.3804628999999977,ok,same_stridge_core,Hx;D_x^1.265687 H;H*Hx;H*Hxx;H^2*Hxxx,0.030000000000000002,2.8188199119928483
0.8954674183605639,1.695524290390036,-0.755303110374686,-0.4307407117372768,0.221428843705;-0.0339930899279;-0.430740711737;-0.755303110375;0.431873627021;0;0;0.271219861942;0.401306734581;0;0;0,55695.0868145358,0.005,296,0.0002,79.3945757325209,,0.001054718246914439,0.40120149999995647,ok,same_stridge_core,1;H;Hx;D_x^1.695524 H;Hxxx;H*Hxx;H*Hxxx,0.015,1.421454192170764
0.7938665118120606,1.3937022682284248,0.0,-0.9507848656254019,0;0;-0.950784865625;0;0;0;0;0;0;0;0;0,55523.83361890472,0.005,297,0.0002,14.85411365523165,,0.007344630996743274,0.40730599999994865,ok,same_stridge_core,Hx,0.11166666666666669,3.749346931450706
0.6675130167253255,1.9129832532487698,0.0,-1.2903001887136405,0;0;-1.29030018871;0;0;0;0;0;0;0;0;0,65126.38909405242,0.005,298,0.0002,15.478709990337052,,0.003044160318375247,0.37440890000004856,ok,same_stridge_core,Hx,0.12500000000000003,2.4534321715265675
0.8978137266680011,1.8886918734044398,0.0,-0.6852729353991405,0;0;-0.685272935399;0;0;0;0;0.119843453286;0;0;0;0,63573.56370194466,0.005,299,0.0002,27.666295859471894,,0.002492923919967388,0.14065800000003037,ok,same_stridge_core,Hx;H*Hxx,0.0691666666666667,2.2368703786940305
0.7033501962741175,1.737856464271617,0.0,-1.1862700804023014,0;0;-1.1862700804;0;0;0;0;0;0;0;0;0,56287.25699418479,0.005,300,0.0002,13.836960785768486,,0.003410744277188939,0.36632350000002134,ok,same_stridge_core,Hx,0.12500000000000003,2.579509386931529
0.659569939760587,1.2034645273280886,0.21775586246102893,-1.5449774884576846,0;0;-1.54497748846;0.217755862461;0.0649866139049;0;0;-0.0551528493206;-0.253768673288;0;0;0,55853.32977403543,0.005,301,0.0002,57.146102936025386,,0.00086217247693079,0.287847700000043,ok,same_stridge_core,Hx;D_x^1.203465 H;Hxxx;H*Hxx;H*Hxxx,0.014595238095238088,1.2927731619899578
0.6164441657212907,1.421914652653163,0.6117382566726339,-1.763927292030966,0;0;-1.76392729203;0.611738256673;0;0;0;-0.484488520753;-0.105995121195;0;0.0379149747495;0,55471.20354659767,0.005,302,0.0002,57.32331480802116,,0.0018064611855750999,0.3913658999999825,ok,same_stridge_core,Hx;D_x^1.421915 H;H*Hxx;H*Hxxx;H^2*Hxx,0.02,1.8521112614234905
0.6750293711265168,1.120205776206157,0.10127833743145948,-1.3910991555064451,0;0;-1.39109915551;0.101278337431;0.570636579434;0;0;0;-0.23906036135;0;0;0,55971.94262083646,0.005,303,0.0002,45.97558393297673,,0.0007315509993319803,0.37234940000007555,ok,same_stridge_core,Hx;D_x^1.120206 H;Hxxx;H*Hxxx,0.0194407575222518,1.198029836307561
0.6656020505623508,1.4052692424185413,0.352063378838412,-1.4801125945334443,0;0;-1.48011259453;0.352063378838;0.830506046583;0;0;-0.0747741744621;-0.264514748998;0;0;0,55502.198046668964,0.005,304,0.0002,56.87286548849205,,0.0009796279832685966,0.3903244000000541,ok,same_stridge_core,Hx;D_x^1.405269 H;Hxxx;H*Hxx;H*Hxxx,0.024523809523809545,1.3706674418230873
0.5546686381735206,1.126082143466147,0.4648126142186927,-1.5962030512914474,0.180504024346;-0.0583651813677;-1.59620305129;0.464812614219;-10.28718976;0;-0.410890019971;-1.00918182945;-0.332107959034;0.0366415186419;0.0646083382978;0.0923677221885,55964.10514036051,0.005,305,0.0002,124.81769665556583,,0.0014801145980215486,0.1365326999999752,ok,same_stridge_core,1;H;Hx;D_x^1.126082 H;Hxxx;H*Hx;H*Hxx;H*Hxxx;H^2*Hx;H^2*Hxx;H^2*Hxxx,0.015,1.696665346772682
0.6387532275222751,1.6580995906761764,0.0,-1.3785213492288146,0;0;-1.37852134923;0;0;0;0;0;0;0;0;0,55428.98471795619,0.005,306,0.0002,13.775627218498162,,0.0036479378831096726,0.3768853000000263,ok,same_stridge_core,Hx,0.10750000000000004,2.689830274906923
0.5670294351944193,1.2665223573396376,0.6683229764765188,-2.240345337934877,0;0;-2.24034533793;0.668322976477;0;0;0;-0.283250684603;-0.564298163051;0;0;0,55752.38147322024,0.005,307,0.0002,47.233499584082324,,0.0036996637193780673,0.27482229999998253,ok,same_stridge_core,Hx;D_x^1.266522 H;H*Hxx;H*Hxxx,0.035,2.6315944055061316
0.6367511923368268,1.054738750551685,0.16623851320400973,-1.6612483525139359,0;0;-1.66124835251;0.166238513204;0;0;0;-0.0601739488305;-0.344760437722;0;0;0,56054.09326642142,0.005,308,0.0002,46.38033427640597,,0.0012016135876206098,0.39382050000006075,ok,same_stridge_core,Hx;D_x^1.054739 H;H*Hxx;H*Hxxx,0.024407330809748617,1.5370596632688265
0.7324688754019969,1.4052371203686698,0.08289703562721933,-1.1219938527414146,0;0;-1.12199385274;0.0828970356272;0;0;0;0.0476782416342;0;0;0;0,55502.258151528746,0.005,309,0.0002,34.2822138427705,,0.0004859876274166568,0.390644199999997,ok,same_stridge_core,Hx;D_x^1.405237 H;H*Hxx,0.030000000000000002,0.9808589518532475
0.53383793628827,1.6864057877506584,1.4595487907979312,-2.0387955846626484,0;0;-2.03879558466;1.4595487908;0;0;0;-1.32178587715;0;0;0.117800614852;0,55612.75496876669,0.005,310,0.0002,48.89177199417378,,0.00965106101146442,0.16307560000007015,ok,same_stridge_core,Hx;D_x^1.686406 H;H*Hxx;H^2*Hxx,0.05499999999999999,4.4015680191604325
0.7706781567800522,1.7925891577482176,0.0,-0.9796356678677053,0;0;-0.979635667868;0;0;0;0;0.0865953002889;0;0;0;0,57842.99597743509,0.005,311,0.0002,24.257986238573523,,0.0006235933595139186,0.29760140000007596,ok,same_stridge_core,Hx;H*Hxx,0.06386099086099088,1.120787847599489
0.7995534883835802,1.6206603344556771,0.14597301687532477,-0.9530699661077973,0;0;-0.953069966108;0.145973016875;-0.332663016831;0;0;0.0588131474033;0;0;0;0,55306.27216907041,0.005,312,0.0002,45.562679358536705,,0.0008749986442461403,0.14175670000008722,ok,same_stridge_core,Hx;D_x^1.62066 H;Hxxx;H*Hxx,0.055652680652680656,1.3176616232803753
0.8561045804375035,1.9165536976354747,0.7636934406651277,-0.7943734962720163,0;0;-0.794373496272;0.763693440665;-0.142576903293;0;0;0;0;0;0;0,65326.6376012005,0.005,313,0.0002,40.70451225405549,,0.0011766809882675729,0.2756937999999991,ok,same_stridge_core,Hx;D_x^1.916554 H;Hxxx,0.05999999999999999,1.5085296933351853
0.567333738016675,1.34832949142019,0.8478461450997383,-2.131848470770403,-0.0401858828555;0;-2.13184847077;0.8478461451;1.30559696396;0;-0.0390740010705;-0.390301448361;-1.0853796005;0;0;0,55608.18495105419,0.005,314,0.0002,80.39174586276403,,0.0032963982749421136,0.13923499999998512,ok,same_stridge_core,1;Hx;D_x^1.348329 H;Hxxx;H*Hx;H*Hxx;H*Hxxx,0.024047619047619068,2.5402869312881435
0.626835033284202,1.630629016100566,0.048990325000049156,-1.4016988941139326,0;0;-1.40169889411;0.048990325;4.6325173595;0;0;0;-0.733912969027;0;0;0,55328.68034680946,0.005,315,0.0002,46.62196002562087,,0.0029225542916628145,0.378145199999949,ok,same_stridge_core,Hx;D_x^1.630629 H;Hxxx;H*Hxxx,0.04,2.3590157481733085
0.6548288683836635,1.6455877647429173,0.16284869251256975,-1.3483148060527708,0;0;-1.34831480605;0.162848692513;0;0;0;0;0;0;0;0,55375.45469299393,0.005,316,0.0002,24.220479504189022,,0.002183224958049207,0.37816480000003594,ok,same_stridge_core,Hx;D_x^1.645588 H,0.045,2.070297626991448
0.7177550032625385,1.9592109798179156,0.0,-1.1249038640852487,0;0;-1.12490386409;0;0;0;0;0.0661723872201;0;0;0;0,66869.37836235434,0.005,317,0.0002,27.85057794187402,,0.0006144953467224845,0.2732045999999855,ok,same_stridge_core,Hx;H*Hxx,0.06499999999999999,1.1028265969322826
0.852293285651785,1.571754772977131,0.0,-0.6892521703960949,0.0479021501959;0;-0.689252170396;0;0;0;0;0.166135319467;0.257159610029;0;0;0,55269.2144571478,0.005,318,0.0002,45.57922190780848,,0.0009735912770113404,0.38693739999996524,ok,same_stridge_core,1;Hx;H*Hxx;H*Hxxx,0.030000000000000002,1.3638503420902415
0.6510966120393147,1.202292684732193,0.24331015856024865,-1.6022065726923713,0;0;-1.60220657269;0.24331015856;0;0;0;-0.0707006825697;-0.273834812371;0;0;0,55855.114609705895,0.005,319,0.0002,46.05407952999748,,0.0009729295336676366,0.2882823999999573,ok,same_stridge_core,Hx;D_x^1.202293 H;H*Hxx;H*Hxxx,0.017300316966983642,1.369987842232762
0.6145426077770327,1.6306423901172944,0.0,-1.4345973110009294,0;0;-1.434597311;0;5.30432629921;0;0;0;-0.851226657327;0;0;0,55328.71481843889,0.005,320,0.0002,35.83304851525709,,0.003651533178854677,0.3919840999999451,ok,same_stridge_core,Hx;Hxxx;H*Hxxx,0.049999999999999996,2.635819624193754
0.638456308199608,1.1878782886260952,0.2673046065450343,-1.684000605792595,0;0;-1.68400060579;0.267304606545;0;0;0;-0.0901992687912;-0.320746855227;0;0;0,55876.79562924017,0.005,321,0.0002,46.19786894932867,,0.0011656775855083644,0.3859300000000303,ok,same_stridge_core,Hx;D_x^1.187878 H;H*Hxx;H*Hxxx,0.029385742700775375,1.4964324459365344
0.7081777111780099,1.053172115799641,0.10060428541482169,-1.3459969439017525,0;0;-1.3459969439;0.100604285415;-0.952975187602;0;0;0;-0.111230580793;0;0;0,56055.94711876582,0.005,322,0.0002,46.08287614105501,,0.0007565246693709012,0.1488452999999481,ok,same_stridge_core,Hx;D_x^1.053172 H;Hxxx;H*Hxxx,0.015,1.2381184460423484
0.7099353219105802,1.2284248839869947,0.15858912598122174,-1.2725656974009634,0;0;-1.2725656974;0.158589125981;0;0;0;0;0;0;0;0,55814.51928919544,0.005,323,0.0002,23.58485374967768,,0.0008302626051425193,0.2745060999999396,ok,same_stridge_core,Hx;D_x^1.228425 H,0.045,1.2590460339995035
0.634832783491021,1.7655043867156095,0.931036798345344,-1.4581364434163302,0;0;-1.45813644342;0.931036798345;0;0;0;-0.664475712447;0.181382504503;0;0.0641758260542;0,56932.620955967635,0.005,324,0.0002,58.99596443010473,,0.002150127339856351,0.37786849999997685,ok,same_stridge_core,Hx;D_x^1.765504 H;H*Hxx;H*Hxxx;H^2*Hxx,0.04,2.063343474137091
0.7018693793947777,1.5977065164507334,0.24762931233382873,-1.230168522022942,0;0;-1.23016852202;0.247629312334;0;0;0;0;0;0;0;0,55276.04678325639,0.005,325,0.0002,23.292140572334237,,0.0007156004944229898,0.38587040000004436,ok,same_stridge_core,Hx;D_x^1.597707 H,0.029378845881787057,1.1817218590316794
0.67591594969338,1.4104778338822996,0.3480037574613375,-1.4466873217604168,0;0;-1.44668732176;0.348003757461;0;0;0;-0.066088692192;-0.133954744961;0;0;0,55492.4735143807,0.005,326,0.0002,45.66557586949743,,0.0008359717864015649,0.2826654000000417,ok,same_stridge_core,Hx;D_x^1.410478 H;H*Hxx;H*Hxxx,0.04,1.2715970579928726
0.6651720864119054,1.4617309164689847,0.4381754722694803,-1.4889456771701282,0;0;-1.48894567717;0.438175472269;0;0;0;-0.0909975774014;-0.124577046739;0;0;0,55399.25378887836,0.005,327,0.0002,45.81953441813346,,0.0011577871064659523,0.3821618000000626,ok,same_stridge_core,Hx;D_x^1.461731 H;H*Hxx;H*Hxxx,0.05999999999999999,1.5001313870307615
0.6010349850609953,1.376701814121431,0.6152702074216216,-1.8794692669910997,0;0;-1.87946926699;0.615270207422;0;0;0;-0.507142117109;-0.178512598763;0;0.0377647301607;0,55555.614194246606,0.005,328,0.0002,57.579515265040946,,0.002170980010065997,0.380162999999925,ok,same_stridge_core,Hx;D_x^1.376702 H;H*Hxx;H*Hxxx;H^2*Hxx,0.02,2.023901070794337
0.7505656181122157,1.2435386996487825,0.0,-1.1467057872327826,0;0;-1.14670578723;0;0;0;0;0;-0.363649229912;0;0;0,55790.28375059275,0.005,329,0.0002,24.869806540246447,,0.003497565368334827,0.3817647000000761,ok,same_stridge_core,Hx;H*Hxxx,0.11166666666666669,2.553693040009345
0.7210806244680207,1.5443603600815503,0.2618852390805362,-1.192298181668122,0;0;-1.19229818167;0.261885239081;0;0;0;0;0;0;0;0,55283.86071209081,0.005,330,0.0002,23.108695003458653,,0.0005100145405028592,0.38690139999994244,ok,same_stridge_core,Hx;D_x^1.54436 H,0.12500000000000003,0.9951507186223282
0.659569939760587,1.2470402668044518,0.25525625199846763,-1.5508944158779756,0;0;-1.55089441588;0.255256251998;0.0820151616445;0;0;-0.0651662538824;-0.245967775189;0;0;0,55784.59044615198,0.005,331,0.0002,57.0859458825106,,0.000879282948517914,0.27901699999995344,ok,same_stridge_core,Hx;D_x^1.24704 H;Hxxx;H*Hxx;H*Hxxx,0.015,1.301355436358623
0.6806839676255955,1.3656604978401041,0.15459177197099452,-1.3346139314499805,0;0;-1.33461393145;0.154591771971;0;0;0;0;-0.0696893017991;0;0;0,55576.1687143407,0.005,332,0.0002,34.632176148503014,,0.0008517264446238519,0.387333099999978,ok,same_stridge_core,Hx;D_x^1.36566 H;H*Hxxx,0.04,1.2864749198985888
0.6424931925916436,1.6068866297700388,0.0930274695539078,-1.3636766855959372,0;0;-1.3636766856;0.0930274695539;3.82823390345;0;0;0;-0.60720563181;0;0;0,55284.94300710891,0.005,333,0.0002,46.257214984255484,,0.002155768482908358,0.38344160000008287,ok,same_stridge_core,Hx;D_x^1.606887 H;Hxxx;H*Hxxx,0.044234763120477374,2.0292605785683584
0.6086140520690311,1.6370237249599178,0.0,-1.448694075994386,0;0;-1.44869407599;0;5.54530384417;0;0;0;-0.871606552047;0;0;0,55346.59640408595,0.005,334,0.0002,35.97793937767031,,0.00404462137585455,0.1390168000000358,ok,same_stridge_core,Hx;Hxxx;H*Hxxx,0.12500000000000003,2.7699815352187427
0.5744249390773705,1.4477970683738504,0.9082654415441462,-2.0235174110964147,0;0;-2.0235174111;0.908265441544;0;0;0;-0.786967149846;-0.0973763140366;0;0.0617376880369;0,55423.899302026235,0.005,335,0.0002,57.9963081673087,,0.0035125506064327336,0.38047870000002604,ok,same_stridge_core,Hx;D_x^1.447797 H;H*Hxx;H*Hxxx;H^2*Hxx,0.030000000000000002,2.5724088652824637
0.6844346438325858,1.0849794089227367,0.09972794262969857,-1.3830291887084383,0;0;-1.38302918871;0.0997279426297;0;0;0;0;-0.190003820946;0;0;0,56017.30103504567,0.005,336,0.0002,34.75114875607664,,0.0006499217508870424,0.3829688000000715,ok,same_stridge_core,Hx;D_x^1.084979 H;H*Hxxx,0.02440818278878503,1.1407681350492371
0.7146197893084334,1.8979235825722076,0.0,-1.1548657740312385,0;0;-1.15486577403;0;0;0;0;0;0;0;0;0,64195.23335397624,0.005,337,0.0002,15.526475180776202,,0.003717707539684243,0.12837520000005043,ok,same_stridge_core,Hx,0.12500000000000003,2.687428509980954
0.6066094987026667,1.6967003852875062,1.222716456795199,-1.6341455034271404,0;0;-1.63414550343;1.2227164568;7.70621104529;0;0;-0.890953609168;-2.30143318253;0;0.0814614681557;0.199151332198,55706.675114898666,0.005,338,0.0002,80.37556487898456,,0.0029345099495835724,0.1483147999999801,ok,same_stridge_core,Hx;D_x^1.6967 H;Hxxx;H*Hxx;H*Hxxx;H^2*Hxx;H^2*Hxxx,0.015,2.3862197181264087
0.828544593267587,1.1050175863931697,0.0,-0.8557968846402848,0;0;-0.85579688464;0;-0.417112676536;0;0;0.100194119291;0;0;0;0,55991.83760808575,0.005,339,0.0002,35.20001107948,,0.001298493141515346,0.388312400000018,ok,same_stridge_core,Hx;Hxxx;H*Hxx,0.09833333333333334,1.6049085146285498
0.642545955543262,1.1018673342947243,0.1853079652514427,-1.6359068965400387,0;0;-1.63590689654;0.185307965251;0;0;0;-0.0613635955314;-0.319533745404;0;0;0,55995.899363592776,0.005,340,0.0002,46.25783351666375,,0.0010921210275775528,0.29056500000001506,ok,same_stridge_core,Hx;D_x^1.101867 H;H*Hxx;H*Hxxx,0.04071388888888889,1.4611140257895299
0.6159938933893111,1.1762821924448383,0.3227018466915732,-1.8386362963183187,0;0;-1.83863629632;0.322701846692;0;0;0;-0.129872026448;-0.408121858213;0;0;0,55893.872144438465,0.005,341,0.0002,46.47414956202886,,0.0016217380781983499,0.40939880000007633,ok,same_stridge_core,Hx;D_x^1.176282 H;H*Hxx;H*Hxxx,0.035,1.7590518464780858
0.7305009512417983,1.6792224257942072,0.3296917442176134,-1.143080860303512,0;0;-1.1430808603;0.329691744218;0;0;0;0;0;0;0;0,55556.57589952756,0.005,342,0.0002,23.211929046269706,,0.0004976801859716324,0.2783110000000306,ok,same_stridge_core,Hx;D_x^1.679222 H,0.044221287002239366,0.9892986864586825
0.720360945132925,1.427579583703097,0.22495407308825663,-1.2165438880057096,0;0;-1.21654388801;0.224954073088;0;0;0;0;0;0;0;0,55460.730391102,0.005,343,0.0002,23.20505941159807,,0.0005430989011379751,0.38311529999998584,ok,same_stridge_core,Hx;D_x^1.42758 H,0.05999999999999999,1.020767255157271
0.5586334442829308,1.6934815055646932,1.2410868056558129,-1.8915758419487112,0;0;-1.89157584195;1.24108680566;0;0;0;-1.09971176879;0;0;0.0990421280878;0,55675.50248561106,0.005,344,0.0002,48.30180557473335,,0.007027353417172132,0.3890404999999646,ok,same_stridge_core,Hx;D_x^1.693482 H;H*Hxx;H^2*Hxx,0.052111111111111136,3.7614035862444966
0.6564647369907983,1.1852971871969051,0.2134707745835899,-1.563957711669531,0;0;-1.56395771167;0.213470774584;0;0;0;-0.0570436667839;-0.259329549913;0;0;0,55880.62467691112,0.005,345,0.0002,46.0237466796947,,0.0008968481570584318,0.3810452999999825,ok,same_stridge_core,Hx;D_x^1.185297 H;H*Hxx;H*Hxxx,0.015,1.319246938165807
0.6808186718996573,1.3384093745203383,0.1495949035232383,-1.340137593205154,0;0;-1.34013759321;0.149594903523;0;0;0;0;-0.0775951857629;0;0;0,55626.33249546556,0.005,346,0.0002,34.63528087351816,,0.0008172062792686836,0.36663639999994757,ok,same_stridge_core,Hx;D_x^1.338409 H;H*Hxxx,0.054086298886298866,1.2594813762388268
0.6006870824909417,1.2793840059112054,0.5339530171421394,-1.9724052111437484,0;0;-1.97240521114;0.533953017142;0;0;0;-0.203418017881;-0.420061532134;0;0;0,55730.633116758385,0.005,347,0.0002,46.666355482388376,,0.002306676704749327,0.3947375000000193,ok,same_stridge_core,Hx;D_x^1.279384 H;H*Hxx;H*Hxxx,0.030000000000000002,2.0818489889816694
0.6626751425303756,1.2316471922969252,0.23370065554057762,-1.5316693185042922,0;0;-1.5316693185;0.233700655541;0;0;0;-0.0566302277002;-0.230172195274;0;0;0,55809.398502505785,0.005,348,0.0002,45.91757430479259,,0.0008339022769510539,0.42001429999993434,ok,same_stridge_core,Hx;D_x^1.231647 H;H*Hxx;H*Hxxx,0.04,1.2700555027879536
0.6510966120393147,1.6379662011200984,0.15350322760979443,-1.3595643794457875,0;0;-1.35956437945;0.15350322761;0;0;0;0;0;0;0;0,55349.49036860382,0.005,349,0.0002,24.289453209196584,,0.0023545248770825583,0.27940220000004956,ok,same_stridge_core,Hx;D_x^1.637966 H,0.12500000000000003,2.149657061755055
0.6831163097079405,1.4171519185897872,0.3752276259857095,-1.2791700538773665,0;0;-1.27917005388;0.375227625986;-1.13149120658;0;-0.0682985539475;-0.16844252796;-0.00482631779496;0.00598228815463;0.0119020141455;0,55480.043845916894,0.005,350,0.0002,89.83242294919532,,0.0005841658834372051,0.389617899999962,ok,same_stridge_core,Hx;D_x^1.417152 H;Hxxx;H*Hx;H*Hxx;H*Hxxx;H^2*Hx;H^2*Hxx,0.005,1.0643527957282737
0.9296976717479789,1.7739689210189606,0.45069851896243834,-0.5541288102837073,0.0565259266011;0;-0.554128810284;0.450698518962;-0.193763535212;0;0;0.108357606542;0.342012281569;0;0;0,57184.26687075674,0.005,351,0.0002,70.30167663069082,,0.0014918982385067876,0.2822927999999365,ok,same_stridge_core,1;Hx;D_x^1.773969 H;Hxxx;H*Hxx;H*Hxxx,0.02,1.680556385782719
0.7764592831998324,1.5535877870122239,0.0,-0.9646234577278341,0;0;-0.964623457728;0;0;0;0;0.0885711847338;0;0;0;0,55276.92687089737,0.005,352,0.0002,23.273620598709698,,0.0006709966251752274,0.413870700000075,ok,same_stridge_core,Hx;H*Hxx,0.08,1.16284985035075
0.7099353219105802,1.0887342845517363,0.0,-1.1476042021823782,0;0;-1.14760420218;0;0;0;0;0.0627809444173;0;0;0;0,56012.596594358634,0.005,353,0.0002,23.579620430879526,,0.000698889579718999,0.28800380000006953,ok,same_stridge_core,Hx;H*Hxx,0.035,1.1745817931360716
0.7705627679786972,1.4255799205142725,0.0,-0.906008620748983,0.033681638383;0;-0.906008620749;0;2.27799505918;0;0;0.125536445436;-0.359143772944;0;0;0.028989685845,55464.421397434206,0.005,354,0.0002,67.47038455210829,,0.0004279559775450115,0.38875500000006014,ok,same_stridge_core,1;Hx;Hxxx;H*Hxx;H*Hxxx;H^2*Hxxx,0.01,0.9130788751872368
0.7018693793947777,1.2503193904973968,0.0,-1.1904424751412148,0;0;-1.19044247514;0;0;0;0;0;0;0;0;0,55779.23191179089,0.005,355,0.0002,13.723044715617423,,0.0033762892011624554,0.270379700000035,ok,same_stridge_core,Hx,0.12500000000000003,2.567198333259244
0.67591594969338,1.308086128468586,0.25498909780226403,-1.4551991093691699,0;0;-1.45519910937;0.254989097802;0;0;0;-0.0484538227121;-0.172946755881;0;0;0,55680.78016937744,0.005,356,0.0002,45.73012435843155,,0.0007261045467027697,0.2733629000000519,ok,same_stridge_core,Hx;D_x^1.308086 H;H*Hxx;H*Hxxx,0.01,1.1855002229295986
0.6796362821039643,1.3937022682284248,0.1587162000219546,-1.3312069918399094,0;0;-1.33120699184;0.158716200022;0;0;0;0;-0.0618762337791;0;0;0,55523.83361890472,0.005,357,0.0002,34.64514117848957,,0.0009103091468775223,0.13195099999995819,ok,same_stridge_core,Hx;D_x^1.393702 H;H*Hxxx,0.045,1.3308410071467314
0.6601800705793239,1.9129832532487698,0.0,-1.3625690255440115,0;0;-1.36256902554;0;0;0;0;0;-0.207446153294;0;0;0,65126.38909405242,0.005,358,0.0002,28.326092672678474,,0.00258155743773096,0.14050910000003114,ok,same_stridge_core,Hx;H*Hxxx,0.035,2.275537035057505
0.6037504975433143,1.8886918734044398,0.0,-1.491828888162323,0;0;-1.49182888816;0;0;0;0;0;0;0;0;0,63573.56370194466,0.005,359,0.0002,16.121953415616556,,0.005891696019321283,0.1345010000000002,ok,same_stridge_core,Hx,0.05130952380952376,3.4072406752276243
0.7033501962741175,1.5789846158697074,0.2278096582975671,-1.2268142032327811,0;0;-1.22681420323;0.227809658298;1.07841431288;0;0;0;-0.191815197537;0;0;0,55268.74411372037,0.005,360,0.0002,45.32068198373654,,0.0006227550370812067,0.275029399999994,ok,same_stridge_core,Hx;D_x^1.578985 H;Hxxx;H*Hxxx,0.015,1.1056866927602451
0.6349449835184229,1.2084721897469153,0.29959209212377264,-1.7124099756763944,0;0;-1.71240997568;0.299592092124;0;0;0;-0.102880088504;-0.327860449052;0;0;0,55845.66512653759,0.005,361,0.0002,46.21724306866429,,0.0012420108736091939,0.15083729999992102,ok,same_stridge_core,Hx;D_x^1.208472 H;H*Hxx;H*Hxxx,0.025,1.5407109674342159
0.6636947852669142,1.6127098205193668,0.1779072777871699,-1.3279942075697162,0;0;-1.32799420757;0.177907277787;0;0;0;0;0;0;0;0,55292.70813982822,0.005,362,0.0002,23.969632744172095,,0.0017520973491038203,0.14204580000000533,ok,same_stridge_core,Hx;D_x^1.61271 H,0.08,1.8525494882408082
0.6550156213926243,1.4981262419142238,0.5241069308069997,-1.5175842503701331,0;0;-1.51758425037;0.524106930807;-0.116122263089;0;0;-0.35886995826;0;0;0.0306954994327;0,55339.857554528906,0.005,363,0.0002,56.76981606352228,,0.0010537454780169514,0.3842902999999751,ok,same_stridge_core,Hx;D_x^1.498126 H;Hxxx;H*Hxx;H^2*Hxx,0.015,1.42995850899337
0.6735824016758184,1.3892435601256465,0.1630808348271628,-1.336793584788313,0;0;-1.33679358479;0.163080834827;0;0;0;0;0;0;0;0,55532.17661893455,0.005,364,0.0002,23.654169361557383,,0.0010936878196853637,0.37584910000009586,ok,same_stridge_core,Hx;D_x^1.389244 H,0.05499999999999999,1.441298713983559
0.6111814150857549,1.5933233589630573,0.9342278400490339,-1.7178045093189844,0;0;-1.71780450932;0.934227840049;0;0;0;-0.712972764552;0;0;0.0606636920768;0,55273.11652319418,0.005,365,0.0002,46.48344618638644,,0.0025855179448458984,0.3874476999999388,ok,same_stridge_core,Hx;D_x^1.593323 H;H*Hxx;H^2*Hxx,0.020500000000000004,2.264952967831093
0.6387532275222751,1.3775109771755134,0.4399755823870848,-1.6409507314284706,0;0;-1.64095073143;0.439975582387;0;0;0;-0.316304545093;-0.132387398724;0;0.0242523440062;0,55554.10424129873,0.005,366,0.0002,57.080731220370886,,0.0012176281789841432,0.27399660000003223,ok,same_stridge_core,Hx;D_x^1.377511 H;H*Hxx;H*Hxxx;H^2*Hxx,0.015,1.5266269790721578
0.6755612925619099,1.1941263298105027,0.11339315438424638,-1.372995781409084,0;0;-1.37299578141;0.113393154384;0.793202412611;0;0;0;-0.240335439537;0;0;0,55867.45975327144,0.005,367,0.0002,45.90608337969567,,0.000755926305440225,0.3847769999999855,ok,same_stridge_core,Hx;D_x^1.194126 H;Hxxx;H*Hxxx,0.029369844357496087,1.2121155770785204
0.5963813737018564,1.6967003852875062,0.0,-1.4781113355425461,0;0;-1.47811133554;0;6.05669082218;0;0;0;-0.91499869408;0;0;0,55706.675114898666,0.005,368,0.0002,36.50058186353665,,0.005017455976891436,0.13128389999997125,ok,same_stridge_core,Hx;Hxxx;H*Hxxx,0.08375000000000002,3.076576794597451
0.7039298549922747,1.8462501257634643,0.0,-1.1588620643914302,0;0;-1.15886206439;0;0.138956917281;0;0;0.0614688534131;0;0;0;0,60653.145832594506,0.005,369,0.0002,37.62763668016934,,0.0007787940880365816,0.13596589999997377,ok,same_stridge_core,Hx;Hxxx;H*Hxx,0.02,1.2357491806126322
0.7039298549922747,1.0557032918787155,0.09465369635349033,-1.3410085944017511,0;0;-1.3410085944;0.0946536963535;0;0;0;0;-0.238692242803;0;0;0,56052.94940951593,0.005,370,0.0002,34.8551646427425,,0.0007340508994936571,0.28756299999997736,ok,same_stridge_core,Hx;D_x^1.055703 H;H*Hxxx,0.015,1.2233949970329383
0.7712002687822557,1.560646611153843,0.0,-1.0062499106186718,0;0;-1.00624991062;0;0;0;0;0;0;0;0;0,55272.91750742162,0.005,371,0.0002,14.484590758417307,,0.006133468866667016,0.3888273999999683,ok,same_stridge_core,Hx,0.08625000000000002,3.430007256932983
0.7202820413502169,1.268503298446011,0.17709244058948467,-1.2432337146009744,0;0;-1.2432337146;0.177092440589;0;0;0;0;0;0;0;0,55749.05643056857,0.005,372,0.0002,23.55506853479203,,0.0008182295933186402,0.3838115999999445,ok,same_stridge_core,Hx;D_x^1.268503 H,0.0688888888888889,1.2554459625646044
0.7941742038807721,1.3881473706398202,0.0,-0.9500473945713174,0;0;-0.950047394571;0;0;0;0;0;0;0;0;0,55534.227413522065,0.005,373,0.0002,14.86046607503124,,0.007361550424779983,0.37391009999998914,ok,same_stridge_core,Hx,0.10833333333333336,3.7536205923268278
0.498982047525904,1.4362508182857316,1.4846683957171807,-2.639010335506909,0;0;-2.63901033551;1.48466839572;-1.32539404233;0;0;-1.39216874946;0;0;0.106932404521;0,55444.81220837803,0.005,374,0.0002,59.572351659534796,,0.009065725611337358,0.386478000000011,ok,same_stridge_core,Hx;D_x^1.436251 H;Hxxx;H*Hxx;H^2*Hxx,0.051400000000000015,4.127539451156764
0.6725592480882779,1.387255312734602,0.1615930741995709,-1.3396890360203753,0;0;-1.33968903602;0.1615930742;0;0;0;0;0;0;0;0,55535.89599112932,0.005,375,0.0002,23.672749698645724,,0.001119699202120944,0.3949153999999453,ok,same_stridge_core,Hx;D_x^1.387255 H,0.05499999999999999,1.4583913021939934
0.6420331248242528,1.515970117031846,0.6159784843203802,-1.5766249121869766,0;0;-1.57662491219;0.61597848432;0.00494060926466;0;0;-0.446982262766;0;0;0.0380797165826;0,55314.82780435821,0.005,376,0.0002,56.92242011042864,,0.0013383029927998512,0.38364320000005137,ok,same_stridge_core,Hx;D_x^1.51597 H;Hxxx;H*Hxx;H^2*Hxx,0.01562844185293166,1.6075923060704305
0.7373678589732415,1.029770333520594,0.10174656365790558,-1.297529071468264,0;0;-1.29752907147;0.101746563658;-2.00013291464;0;0;0;-0.0230745390868;0;0;0,56083.046345643495,0.005,377,0.0002,46.48338383369905,,0.0013233751427789739,0.1403711000000385,ok,same_stridge_core,Hx;D_x^1.02977 H;Hxxx;H*Hxxx,0.02,1.616946757184253
0.5819900635795099,1.022282319184219,0.24749055527311922,-2.031773723030655,0;0;-2.03177372303;0.247490555273;0;0;0;-0.141795440939;-0.58292431971;0;0;0,56091.48673381811,0.005,378,0.0002,47.14313315057331,,0.0026367042868729773,0.14593100000001868,ok,same_stridge_core,Hx;D_x^1.022282 H;H*Hxx;H*Hxxx,0.03437666666666668,2.269943763518825
0.6523649290353976,1.7085654117440816,0.0,-1.3362300707057833,0;0;-1.33623007071;0;0;0;0;0;0;0;0;0,55837.21621572306,0.005,379,0.0002,13.703664932982548,,0.003243754166487856,0.38978259999998954,ok,same_stridge_core,Hx,0.06647186147186152,2.5362216898379355
0.48653499946087064,1.303777734041459,1.2612615816566815,-2.98665955516045,0;0;-2.98665955516;1.26126158166;0;0;0;-0.560064986402;-0.908140047446;0;0;0,55688.37460081964,0.005,380,0.0002,49.14655634796729,,0.011259686772441399,0.3905793999999787,ok,same_stridge_core,Hx;D_x^1.303778 H;H*Hxx;H*Hxxx,0.09071428571428575,4.595856667311577
0.6667749504857765,1.048670393392403,0.09139384989268753,-1.4317577911135277,0;0;-1.43175779111;0.0913938498927;0;0;0;0;-0.175190565333;0;0;0,56061.246248200296,0.005,381,0.0002,34.92567836174532,,0.0008494573225502198,0.3836710000000494,ok,same_stridge_core,Hx;D_x^1.04867 H;H*Hxxx,0.030000000000000002,1.2889306128251439
0.6877653134824919,1.0472860317881638,0.0929981797856748,-1.3827560076123344,0;0;-1.38275600761;0.0929981797857;-0.144310234162;0;0;0;-0.194065811874;0;0;0,56062.867599780264,0.005,382,0.0002,46.00785904173933,,0.0006620283337402366,0.3868191000000252,ok,same_stridge_core,Hx;D_x^1.047286 H;Hxxx;H*Hxxx,0.01,1.1575649619151103
0.6499349055974073,1.444779078266178,0.13736951018260232,-1.3879942717049893,0;0;-1.3879942717;0.137369510183;0;0;0;0;0;0;0;0,55429.32881377317,0.005,383,0.0002,24.18518967818781,,0.002097703615925123,0.4003110999999535,ok,same_stridge_core,Hx;D_x^1.444779 H,0.10500000000000002,2.0134581526785413
0.6553354145778396,1.5192876267412927,0.5441860825372864,-1.505290700016228,0;0;-1.50529070002;0.544186082537;-0.00169245223473;0;0;-0.371616563515;0;0;0.0321663611422;0,55310.58384705587,0.005,384,0.0002,56.754219912489404,,0.0010729477002328347,0.38606049999998504,ok,same_stridge_core,Hx;D_x^1.519288 H;Hxxx;H*Hxx;H^2*Hxx,0.015,1.443636065433536
0.6352769635976727,1.5979097617759819,0.0,-1.3894789082963692,0;0;-1.3894789083;0;0;0;0;0;0;0;0;0,55276.202424342606,0.005,385,0.0002,13.796219751969815,,0.0037890862809062576,0.3821485999999368,ok,same_stridge_core,Hx,0.10250000000000004,2.7409792671012934
0.5666977585047697,1.391155232509063,1.264475585877872,-1.639664766966336,-0.0952087869947;0;-1.63966476697;1.26447558588;-7.7096880069;0;-0.409404045932;-0.583553922859;-0.46657254442;0.0337040732603;0;0,55528.59973360863,0.005,386,0.0002,90.78818038966087,,0.0019022088108771253,0.3961546000000453,ok,same_stridge_core,1;Hx;D_x^1.391155 H;Hxxx;H*Hx;H*Hxx;H*Hxxx;H^2*Hx,0.02,1.9424208158870495
0.5981921067580639,1.4145402359753705,0.8195822888218695,-1.8350968876539304,-0.0304926396546;0;-1.83509688765;0.819582288822;0;0;-0.0424637571971;-0.330550710393;-0.120743345518;0;0;-0.0822942988127,55484.90263397535,0.005,387,0.0002,79.78358300119083,,0.0022585864227859867,0.40011569999990115,ok,same_stridge_core,1;Hx;D_x^1.41454 H;H*Hx;H*Hxx;H*Hxxx;H^2*Hxxx,0.02,2.1047193136253393
0.6675130167253255,1.6764890102178889,0.0,-1.2903001887136434,0;0;-1.29030018871;0;0;0;0;0;0;0;0;0,55537.044483078505,0.005,388,0.0002,13.560841068142267,,0.0030441603183752474,0.2598220999999512,ok,same_stridge_core,Hx,0.10750000000000004,2.4534321715265657
0.6242927919501705,1.8886918734044398,0.7844967948705727,-1.4093734128548956,0;0;-1.40937341285;0.784496794871;1.35812767773;0;0;-0.600127943078;0;0;0.0622829671809;0,63573.56370194466,0.005,389,0.0002,65.88956410958455,,0.002751108440659248,0.13949209999998402,ok,same_stridge_core,Hx;D_x^1.888692 H;Hxxx;H*Hxx;H^2*Hxx,0.033787878787878776,2.316000407639899
0.6262370835360873,1.737856464271617,0.03940653387113902,-1.401396381957002,0;0;-1.40139638196;0.0394065338711;4.76226138798;0;0;0;-0.765384383554;0;0;0,56287.25699418479,0.005,390,0.0002,47.41532992709898,,0.0029838194952210096,0.13973359999999957,ok,same_stridge_core,Hx;D_x^1.737856 H;Hxxx;H*Hxxx,0.049999999999999996,2.385524331751151
0.6372771621427269,1.3108816059328887,0.4028085501091022,-1.692966781836649,0;0;-1.69296678184;0.402808550109;0.397520363948;0;0;-0.124302936002;-0.328427081411;0;0;0,55675.83266065647,0.005,391,0.0002,57.27476542929678,,0.0013507394454957277,0.38358370000003106,ok,same_stridge_core,Hx;D_x^1.310882 H;Hxxx;H*Hxx;H*Hxxx,0.024523809523809545,1.5989327686403052
0.6469545554371722,1.4357273081452357,0.0,-1.3529233831017624,0;0;-1.3529233831;0;0;0;0;0;0;0;0;0,55445.768732766475,0.005,392,0.0002,13.677432024413907,,0.003377144190378224,0.367466699999909,ok,same_stridge_core,Hx,0.12500000000000003,2.588278277860612
0.7143721511650886,1.554102990213261,0.2550023350650817,-1.2068000271815493,0;0;-1.20680002718;0.255002335065;0;0;0;0;0;0;0;0,55276.59439128898,0.005,393,0.0002,23.144246627177072,,0.000550258530537892,0.37982480000005125,ok,same_stridge_core,Hx;D_x^1.554103 H,0.021258503401360557,1.033608870661479
0.5596746412733061,1.2632165843481253,0.6972317705476071,-2.3019982112553383,0;0;-2.30199821126;0.697231770548;0;0;0;-0.301299858419;-0.599282268276;0;0;0,55757.909637052,0.005,394,0.0002,47.36683142379824,,0.0040729273134815225,0.39088440000000446,ok,same_stridge_core,Hx;D_x^1.263217 H;H*Hxx;H*Hxxx,0.035,2.7605037141566418
0.6224781812794868,1.8737346872354905,0.0,-1.4739334435190428,-0.0272854414839;0;-1.47393344352;0;-1.43187974387;0;0;-0.2364178307;0.763215778627;0;0.0261812505081;-0.0982129025334,62528.19930180849,0.005,395,0.0002,89.81779836431905,,0.0026671987381927105,0.3818509999999833,ok,same_stridge_core,1;Hx;Hxxx;H*Hxx;H*Hxxx;H^2*Hxx;H^2*Hxxx,0.015,2.2783193417871557
0.6404737549621138,1.8619013599943122,0.1461593544387073,-1.3720756352267294,0;0;-1.37207563523;0.146159354439;0;0;0;0;0;0;0;0,61701.35479426242,0.005,396,0.0002,27.180684790337484,,0.003166291038459429,0.39864729999999327,ok,same_stridge_core,Hx;D_x^1.861901 H,0.12000000000000004,2.5001428726325168
0.7254782150795501,1.7772865194999223,0.0,-1.1028025309282103,0;0;-1.10280253093;0;0;0;0;0.0694245569867;0;0;0;0,57290.71605978552,0.005,397,0.0002,23.96763746514095,,0.0005567276531113489,0.40726870000003146,ok,same_stridge_core,Hx;H*Hxx,0.045,1.0513510412267402
0.6425091831557977,1.071746964036873,0.16574838157693003,-1.6283979063780396,0;0;-1.62839790638;0.165748381577;0;0;0;-0.054904642957;-0.321968777897;0;0;0,56033.638222542235,0.005,398,0.0002,46.297885025680735,,0.001101342138267352,0.38169249999998556,ok,same_stridge_core,Hx;D_x^1.071747 H;H*Hxx;H*Hxxx,0.015,1.470974447646948
0.6762730399710566,1.697830263993176,0.0,-1.2642761983874953,0;0;-1.26427619839;0;0;0;0;0;0;0;0;0,55718.026640910895,0.005,399,0.0002,13.589697092805244,,0.0030343868353824815,0.38876330000005055,ok,same_stridge_core,Hx,0.12500000000000003,2.4460917646230644
0.6643809219425717,1.0930803109134795,0.09884630128331642,-1.4298791205758683,0;0;-1.42987912058;0.0988463012833;0;0;0;0;-0.149942615118;0;0;0,56007.11299076679,0.005,400,0.0002,34.94239178048566,,0.0009260165259447968,0.39118969999992714,ok,same_stridge_core,Hx;D_x^1.09308 H;H*Hxxx,0.030000000000000002,1.3381239860255816
0.6188304298097184,1.864568213587396,-0.8778444571780697,-1.428332055331334,0;0;-1.42833205533;-0.877844457178;0;0;0;0.147385284535;-0.109089048001;0;0;0,61886.1043433795,0.005,401,0.0002,52.29191676350181,,0.003920674683324786,0.39018690000000333,ok,same_stridge_core,Hx;D_x^1.864568 H;H*Hxx;H*Hxxx,0.049999999999999996,2.783033288798211
0.7305009512417983,1.6926509275365829,0.21329786196207112,-1.119506476189314,0;0;-1.11950647619;0.213297861962;0.0406450699611;0;0;0.0270263385907;0;0;0;0,55667.73299000402,0.005,402,0.0002,45.51111009690421,,0.00048471312816054983,0.26909299999999803,ok,same_stridge_core,Hx;D_x^1.692651 H;Hxxx;H*Hxx,0.01,0.9769237049009909
0.6685357097699252,1.071257008420803,0.0,-1.3413371267244965,0;0;-1.34133712672;0;0;0;0;0;-0.22361933873;0;0;0,56034.23591485127,0.005,403,0.0002,24.615076846080555,,0.0024249541621726074,0.374111399999947,ok,same_stridge_core,Hx;H*Hxxx,0.12500000000000003,2.2013824801400492
0.8009913068917474,1.9247511509983746,0.6741266490705202,-0.9129640731309022,0;0;-0.912964073131;0.674126649071;0;0;0;0;0;0;0;0,65749.97317771705,0.005,404,0.0002,27.412979321820345,,0.0006391249341150135,0.28592029999992974,ok,same_stridge_core,Hx;D_x^1.924751 H,0.05614285714285714,1.1129900507335209
0.816051743888003,1.4300562993347674,-0.09568762905821306,-0.7250535535111721,0.043468859974;0;-0.725053553511;-0.0956876290582;1.24056208368;0;0;0.179470895318;0.0752329442792;0;0;0,55456.16846917896,0.005,405,0.0002,67.66974839009306,,0.0006467539962712399,0.39109320000000025,ok,same_stridge_core,1;Hx;D_x^1.430056 H;Hxxx;H*Hxx;H*Hxxx,0.015,1.1223462270783022
0.666033525869334,1.6455877647429173,0.18802785366499597,-1.3174065408616913,0;0;-1.31740654086;0.188027853665;0;0;0;0;0;0;0;0,55375.45469299393,0.005,406,0.0002,23.9796022487437,,0.0017051697752538536,0.13562159999992218,ok,same_stridge_core,Hx;D_x^1.645588 H,0.030000000000000002,1.829420371546125
0.7177550032625385,1.6490499096609914,0.21672587644040484,-1.163534827037443,0;0;-1.16353482704;0.21672587644;0.0552467499368;0;0;0.0182428645175;0;0;0;0,55388.841198037604,0.005,407,0.0002,45.35622080432425,,0.0005575874559989925,0.27806550000002517,ok,same_stridge_core,Hx;D_x^1.64905 H;Hxxx;H*Hxx,0.025,1.0451478458941643
0.6905592565351198,1.5056236302291657,0.3379904510143649,-1.3270400238360964,0;0;-1.32704002384;0.337990451014;0;0;0;-0.173791482552;0;0;0.0167009544713;0,55328.92234159994,0.005,408,0.0002,45.36558493034436,,0.0006196128159565242,0.38894730000004074,ok,same_stridge_core,Hx;D_x^1.505624 H;H*Hxx;H^2*Hxx,0.01,1.1024470570644118
0.8626197357199709,1.5690265981923233,0.0,-0.7595600115067073,0;0;-0.759560011507;0;0;0;0;0.112647458787;0;0;0;0,55269.80561557516,0.005,409,0.0002,24.05942410486925,,0.0018956296137666187,0.40295609999998305,ok,same_stridge_core,Hx;H*Hxx,0.05487179487179483,1.9515018586391872
0.7064614042230404,1.3216615263877216,0.1822205570018725,-1.2681503697675003,0;0;-1.26815036977;0.182220557002;0;0;0;0;0;0;0;0,55656.6113572054,0.005,410,0.0002,23.35928174568362,,0.0006374486084279792,0.1465790999999399,ok,same_stridge_core,Hx;D_x^1.321662 H,0.083,1.09663720280146
0.6608274630701076,1.7605173521317785,0.1960202335528073,-1.318850206069173,0;0;-1.31885020607;0.196020233553;0;0;0;0;0;0;0;0,56797.123028293776,0.005,411,0.0002,24.73221049954453,,0.0020553040680377052,0.37730839999994714,ok,same_stridge_core,Hx;D_x^1.760517 H,0.05999999999999999,2.013361288227019
0.6401213069033,1.2742611270461297,0.3515468831713498,-1.6792531234290284,0;0;-1.67925312343;0.351546883171;0.202154435306;0;0;-0.109912370774;-0.312265632861;0;0;0,55739.34100710825,0.005,412,0.0002,57.261284854647684,,0.0012197183083151705,0.3727252999999564,ok,same_stridge_core,Hx;D_x^1.274261 H;Hxxx;H*Hxx;H*Hxxx,0.024523809523809545,1.5219438475394316
0.7099353219105802,1.6682946951743296,0.20656824522416517,-1.1782007887895027,0;0;-1.17820078879;0.206568245224;0.11389891465;0;0;0.0189159868582;0;0;0;0,55484.11723159278,0.005,413,0.0002,45.51312766512873,,0.0006487715362450462,0.272925999999984,ok,same_stridge_core,Hx;D_x^1.668295 H;Hxxx;H*Hxx,0.015476190476190477,1.1258338798544996
0.6945522784885372,1.4910766604414654,0.20895513465438378,-1.2670828880382417,0;0;-1.26708288804;0.208955134654;0;0;0;0;0;0;0;0,55350.61843521744,0.005,414,0.0002,23.336200977387037,,0.0007437590964260587,0.3867526999999882,ok,same_stridge_core,Hx;D_x^1.491077 H,0.052389770723104044,1.1959536033000602
0.7018693793947777,1.850759096815247,0.0,-1.190442475141217,0;0;-1.19044247514;0;0;0;0;0;0;0;0;0,60947.48998939235,0.005,415,0.0002,14.756696331137714,,0.0033762892011624563,0.2708020000000033,ok,same_stridge_core,Hx,0.12500000000000003,2.567198333259244
0.67591594969338,1.762761731784984,-0.0360610829603635,-1.246527314721542,0;0;-1.24652731472;-0.0360610829604;0;0;0;0.0536547111716;0;0;0;0,56856.9735186078,0.005,416,0.0002,35.78917612779982,,0.001428609726642485,0.2715890000000627,ok,same_stridge_core,Hx;D_x^1.762762 H;H*Hxx,0.03989487364487365,1.6749920166351395
0.708982294642496,1.6195881682223885,0.2684203991779743,-1.2069728311158525,0;0;-1.20697283112;0.268420399178;0.0359352040391;0;0;0;0;0;0;0,55304.23136520674,0.005,417,0.0002,34.297107277992026,,0.0006364514594866785,0.37886600000001636,ok,same_stridge_core,Hx;D_x^1.619588 H;Hxxx,0.025,1.1145684588679812
0.6766509574929293,1.2084721897469153,0.11644182354024951,-1.3676472049221549,0;0;-1.36764720492;0.11644182354;0.794273710964;0;0;0;-0.236306500617;0;0;0,55845.66512653759,0.005,418,0.0002,45.88173419535138,,0.0007473828786580625,0.13726170000006732,ok,same_stridge_core,Hx;D_x^1.208472 H;Hxxx;H*Hxxx,0.019440733065824604,1.2052020941213077
0.6932849401839533,1.7402123230452826,0.09627909959557371,-1.1983690836583618,0;0;-1.19836908366;0.0962790995956;0.21813383831;0;0;0.0384928338691;0;0;0;0,56332.88254524112,0.005,419,0.0002,46.43429364753533,,0.0009603146694477409,0.38160400000003847,ok,same_stridge_core,Hx;D_x^1.740212 H;Hxxx;H*Hxx,0.030000000000000002,1.3679876113424296
0.7220738254842106,1.242547467562081,0.0,-1.1125059454040012,0;0;-1.1125059454;0;0;0;0;0.0680028390966;0;0;0;0,55791.89000936834,0.005,420,0.0002,23.388347250643903,,0.0005791983112473853,0.38157139999998435,ok,same_stridge_core,Hx;H*Hxx,0.049999999999999996,1.0715912468965665
0.5378582233242488,1.5034205817380122,1.323476907359159,-2.233160439888525,0;0;-2.23316043989;1.32347690736;-0.0448575794779;0;0;-1.18244532283;0;0;0.0956820354648;0,55332.077015149654,0.005,421,0.0002,58.78351255474756,,0.006300194905357397,0.3738936999999396,ok,same_stridge_core,Hx;D_x^1.503421 H;Hxxx;H*Hxx;H^2*Hxx,0.04441176470588234,3.451435539597906
0.6606502041679387,1.7201934057773953,0.0,-1.31096189117362,0;0;-1.31096189117;0;0;0;0;0;0;0;0;0,55991.9376093941,0.005,422,0.0002,13.677971646727528,,0.0031043067833241384,0.37670459999992545,ok,same_stridge_core,Hx,0.07700000000000001,2.4795841248487074
0.5720358554694147,1.5820827930789045,1.143583841477449,-1.9465997746696493,-0.0277685802911;0;-1.94659977467;1.14358384148;0;0;0;-0.983446026857;0;0;0.0812371881812;0,55269.061676674595,0.005,423,0.0002,58.098413940086,,0.0042003996782846754,0.4113270000000284,ok,same_stridge_core,1;Hx;D_x^1.582083 H;H*Hxx;H^2*Hxx,0.025,2.8293522634113994
0.674901330197226,1.6539477239782667,0.6013517319834998,-1.3601529480921801,0;0;-1.36015294809;0.601351731983;0;0;0;-0.362444534379;0.0777703209381;0;0.0341864347716;0,55409.60630147835,0.005,424,0.0002,56.73481028378795,,0.0008868245933255251,0.38392369999996845,ok,same_stridge_core,Hx;D_x^1.653948 H;H*Hxx;H*Hxxx;H^2*Hxx,0.015808080808080806,1.3252039823096036
0.8038115106902162,1.3732035527402147,0.0,-0.910233030139863,0;0;-0.91023303014;0;-0.313601544146;0;0;0.0942076309406;0;0;0;0,55562.136891807,0.005,425,0.0002,34.71750258976574,,0.0009556736575655158,0.37885690000007344,ok,same_stridge_core,Hx;Hxxx;H*Hxx,0.06499999999999999,1.380220454681545
0.8430652813643198,1.5045082519482353,-0.1653709293716744,-0.7471109257541995,0;0;-0.747110925754;-0.165370929372;0;0;0;0.152319183196;0;0;0;0,55330.51330309962,0.005,426,0.0002,34.9305716944254,,0.0014976080057322802,0.37502810000000864,ok,same_stridge_core,Hx;D_x^1.504508 H;H*Hxx,0.06750000000000003,1.7322637125656266
0.6954094850388628,1.679641212318095,0.24056113246160246,-1.2248695986805263,0;0;-1.22486959868;0.240561132462;1.73737249874;0;0;0;-0.280072354607;0;0;0,55559.65585715468,0.005,427,0.0002,45.67479612400014,,0.0007705884437309501,0.3834334000000581,ok,same_stridge_core,Hx;D_x^1.679641 H;Hxxx;H*Hxxx,0.025,1.2270714382763976
0.6649213146379781,1.3792492043485893,0.34235770805142907,-1.4969368448719609,0;0;-1.49693684487;0.342357708051;0.62511542012;0;0;-0.0757420408454;-0.251616042627;0;0;0,55550.85958089227,0.005,428,0.0002,56.89801231218209,,0.0009470777794986922,0.3791476999999759,ok,same_stridge_core,Hx;D_x^1.379249 H;Hxxx;H*Hxx;H*Hxxx,0.05255555555555558,1.3471527312898202
0.7189930712727615,1.0355311532637228,0.0,-1.1213396693488777,0;0;-1.12133966935;0;0;0;0;0.0667002041981;0;0;0;0,56076.47729596581,0.005,429,0.0002,23.523836287047313,,0.0006035811868746493,0.3824260999999751,ok,same_stridge_core,Hx;H*Hxx,0.049284375236756175,1.0932453686609884
0.6861479815294221,1.864876834719239,-0.1690226539784332,-1.2046468499067062,0;0;-1.20464684991;-0.169022653978;0.146916454359;0;0;0.080262334443;0;0;0;0,61907.563041842266,0.005,430,0.0002,51.0005229071476,,0.0011109242063391423,0.37372800000002826,ok,same_stridge_core,Hx;D_x^1.864877 H;Hxxx;H*Hxx,0.030565938588160816,1.4744724736737873
0.6953285968102059,1.9351059217080964,0.0,-1.1825882861744044,0;0;-1.18258828617;0;0.180278287052;0;0;0.0579401108022;0;0;0;0,66203.68497197745,0.005,431,0.0002,41.06862059647615,,0.0009276731428620289,0.3894023999999945,ok,same_stridge_core,Hx;Hxxx;H*Hxx,0.015,1.3464096132896788
0.6339645299167965,1.9354590608586189,0.0,-1.387653754902939,0;0;-1.3876537549;0;0;0;0;-0.285462747783;0.0592840259223;0;0.0382266144273;0,66217.4488391548,0.005,432,0.0002,55.22043328489859,,0.0025354474343602306,0.3752829999999676,ok,same_stridge_core,Hx;H*Hxx;H*Hxxx;H^2*Hxx,0.029894736842105255,2.2464742135747517
0.6253425836383046,1.1665704783503215,0.2840027027866355,-1.7695167973473096,0;0;-1.76951679735;0.284002702787;0;0;0;-0.108596887552;-0.374264996577;0;0;0,55907.92471829492,0.005,433,0.0002,46.368187876535835,,0.0014056109398357759,0.38399089999995795,ok,same_stridge_core,Hx;D_x^1.16657 H;H*Hxx;H*Hxxx,0.015,1.6418481018998965
0.717699880379038,1.146320898073145,0.05926967452962391,-1.2045817553563838,0;0;-1.20458175536;0.0592696745296;-0.514207071754;0;0;0.0401601233747;0;0;0;0,55936.502836009575,0.005,434,0.0002,45.76497116796473,,0.0005186304898704975,0.3938840999999229,ok,same_stridge_core,Hx;D_x^1.146321 H;Hxxx;H*Hxx,0.015,1.0157688991570675
0.6699204463146043,1.2750944123300705,0.24765841858784093,-1.4905703692072818,0;0;-1.49057036921;0.247658418588;0;0;0;-0.0529311559012;-0.198187917395;0;0;0,55737.928525468276,0.005,435,0.0002,45.81146278199436,,0.0007712737188215582,0.388296500000024,ok,same_stridge_core,Hx;D_x^1.275094 H;H*Hxx;H*Hxxx,0.01,1.2211199616197328
0.7049386359291443,1.8399497091794337,0.0,-1.1818063481341594,0;0;-1.18180634813;0;0;0;0;0;0;0;0;0,60254.55929062086,0.005,436,0.0002,14.644149419070535,,0.0034492849696132434,0.3815920999999207,ok,same_stridge_core,Hx,0.12500000000000003,2.593237560946362
0.6779979875775538,1.6035795798332682,0.20502440052833235,-1.2910339190299005,0;0;-1.29103391903;0.205024400528;0;0;0;0;0;0;0;0,55281.28664174711,0.005,437,0.0002,23.6728985822221,,0.0012450535557235,0.37601710000001276,ok,same_stridge_core,Hx;D_x^1.60358 H,0.035,1.560383925523254
0.6784152810315098,1.8905642044271151,-0.2933913795578351,-1.2276276860699227,0;0;-1.22762768607;-0.293391379558;0.127851811831;0;0;0.094068776962;0;0;0;0,63701.81939394486,0.005,438,0.0002,52.547040086179976,,0.0012840796458245011,0.2862466999999924,ok,same_stridge_core,Hx;D_x^1.890564 H;Hxxx;H*Hxx,0.025,1.5855845710240892
0.6037612811525467,1.5013256177457968,0.8337988850431134,-1.8041952396951788,0;0;-1.8041952397;0.833798885043;-0.0633351719838;0;0;-0.677938256967;0;0;0.055857215736;0,55335.12300963664,0.005,439,0.0002,57.49820690495451,,0.002452955900725688,0.3979818999999907,ok,same_stridge_core,Hx;D_x^1.501326 H;Hxxx;H*Hxx;H^2*Hxx,0.029321915900863266,2.163083895317865
0.5539471416144768,1.974784698099859,-1.087325984114998,-1.7017555664291408,0;0;-1.70175556643;-1.08732598411;0;0;0;-0.296502553584;0;0;0.0498323649234;0,67008.38220970819,0.005,440,0.0002,57.701158283449,,0.008496207135023399,0.384276899999918,ok,same_stridge_core,Hx;D_x^1.974785 H;H*Hxx;H^2*Hxx,0.049999999999999996,4.094452515682446
0.601985343013556,1.6764696875073917,0.0,-1.4645793298128345,0;0;-1.46457932981;0;5.82002913411;0;0;0;-0.894893731675;0;0;0,55536.90974701032,0.005,441,0.0002,36.253485604420945,,0.004543714719814938,0.37751280000009046,ok,same_stridge_core,Hx;Hxxx;H*Hxxx,0.12500000000000003,2.93133975621475
0.7100846466803641,1.5138922578504033,0.2367910267086822,-1.2247871959701617,0;0;-1.22478719597;0.236791026709;0;0;0;0;0;0;0;0,55317.557120310914,0.005,442,0.0002,23.17567499659926,,0.0005698647376379497,0.2707298999999921,ok,same_stridge_core,Hx;D_x^1.513892 H,0.11500000000000003,1.0486521484748945
0.7983495923273843,1.818466168748414,0.5519137893813103,-0.9469368122352239,0;0;-0.946936812235;0.551913789381;0;0;0;0;0;0;0;0,59026.4508367937,0.005,443,0.0002,24.77681955324865,,0.000696113527374329,0.37590140000008887,ok,same_stridge_core,Hx;D_x^1.818466 H,0.049562474562474555,1.1662392185311692
0.626650602370602,1.8125967479314338,-0.5212435612485239,-1.373174307158694,0;0;-1.37317430716;-0.521243561249;0;0;0;0.111070859551;0;0;0;0,58729.34015775859,0.005,444,0.0002,37.92766568770746,,0.0037014005846525886,0.397371200000066,ok,same_stridge_core,Hx;D_x^1.812597 H;H*Hxx,0.06472951739618407,2.690061593052309
0.42547041379127193,1.1767492126422352,1.1130787370298818,-3.9051463223903657,-0.130692793998;0;-3.90514632239;1.11307873703;-7.76139448099;0;0;-0.786512166568;-1.04605917737;0;0;0,55893.19077289022,0.005,445,0.0002,72.27229231612866,,0.014043208224437822,0.40241520000006403,ok,same_stridge_core,1;Hx;D_x^1.176749 H;Hxxx;H*Hxx;H*Hxxx,0.06583333333333334,5.2004633886603795
0.7036532056212018,1.4389998431046167,0.20873567831729983,-1.254225854052775,0;0;-1.25422585405;0.208735678317;0;0;0;0;0;0;0;0,55439.8004559056,0.005,446,0.0002,23.249026572380554,,0.0006043847437777825,0.13866759999996248,ok,same_stridge_core,Hx;D_x^1.439 H,0.09000000000000001,1.0731063900183138
0.6414315019285326,1.3937022682284248,0.4485325848296381,-1.6212470995294608,0;0;-1.62124709953;0.44853258483;0;0;0;-0.320113319437;-0.114984744651;0;0.0249845307058;0,55523.83361890472,0.005,447,0.0002,57.03035580848889,,0.0011840781915728876,0.1390583999999535,ok,same_stridge_core,Hx;D_x^1.393702 H;H*Hxx;H*Hxxx;H^2*Hxx,0.015,1.506522189584173
0.6069322719315998,1.7719470352844233,0.0,-1.4812528974573749,0;0;-1.48125289746;0;0;0;0;0;0;0;0;0,57121.59115138553,0.005,448,0.0002,14.749081755976839,,0.005605500836767448,0.40160869999999704,ok,same_stridge_core,Hx,0.085,3.3247635256997317
0.708375431080049,1.8886918734044398,0.0,-1.1721905115395537,0;0;-1.17219051154;0;0;0;0;0;0;0;0;0,63573.56370194466,0.005,449,0.0002,15.339408103715389,,0.003538124566459193,0.14783429999999953,ok,same_stridge_core,Hx,0.12500000000000003,2.624695363326455
0.6581885674263364,1.7936846912730673,0.787632390142616,-1.355729701077386,0;0;-1.35572970108;0.787632390143;0;0;0;-0.506572438155;0.146721656196;0;0.050300265928;0,57886.582062113506,0.005,450,0.0002,59.57905879942699,,0.0014368690022645045,0.3896363999999721,ok,same_stridge_core,Hx;D_x^1.793685 H;H*Hxx;H*Hxxx;H^2*Hxx,0.015,1.692476737313486
0.7140009987971946,1.6764890102178889,0.2968885381091826,-1.1854663050113383,0;0;-1.18546630501;0.296888538109;0;0;0;0;0;0;0;0,55537.044483078505,0.005,451,0.0002,23.316261699894817,,0.0006171491397338528,0.14430579999998372,ok,same_stridge_core,Hx;D_x^1.676489 H,0.05999999999999999,1.1014439066634134
0.6279003342077162,1.8572871232294763,-0.7464594861442075,-1.3973421120924534,0;0;-1.39734211209;-0.746459486144;0;0;0;0.134153521626;-0.0982351739849;0;0;0,61385.1851042144,0.005,452,0.0002,51.69498639411657,,0.003385645640907489,0.37334129999999277,ok,same_stridge_core,Hx;D_x^1.857287 H;H*Hxx;H*Hxxx,0.045,2.5868383107450486
0.7593659185478552,1.2250151059105963,0.0,-1.0094892992965758,0;0;-1.0094892993;0;0;0;0;0.082587903309;0;0;0;0,55819.910319166,0.005,453,0.0002,23.381986670275268,,0.0005524689670831404,0.39211360000001605,ok,same_stridge_core,Hx;H*Hxx,0.04,1.0540225426088656
0.623531512802367,1.3892435601256465,0.5334647499596048,-1.7383615980498457,0;0;-1.73836159805;0.53346474996;1.3507047199;0;0;-0.162336222617;-0.437237665341;0;0;0,55532.17661893455,0.005,454,0.0002,57.491003289067784,,0.0020290600698943373,0.13238960000001043,ok,same_stridge_core,Hx;D_x^1.389244 H;Hxxx;H*Hxx;H*Hxxx,0.12500000000000003,1.9588266701332335
0.617840682865364,1.9613011970853071,-1.3192076958204568,-1.465637892969193,0;0;-1.46563789297;-1.31920769582;0;0;0;0.18363365725;-0.0966480901313;0;0;0,66900.84662612999,0.005,455,0.0002,56.16756307532178,,0.003541615461410251,0.3831308999999692,ok,same_stridge_core,Hx;D_x^1.961301 H;H*Hxx;H*Hxxx,0.045,2.646885774417785
0.649253902094303,1.6580995906761764,0.11344571166461928,-1.342663777962219,0;0;-1.34266377796;0.113445711665;3.60793093098;0;0;0;-0.574654977093;0;0;0,55428.98471795619,0.005,456,0.0002,46.25856128303076,,0.001915209032858823,0.13977309999995668,ok,same_stridge_core,Hx;D_x^1.6581 H;Hxxx;H*Hxxx,0.03433641835047065,1.9153735086658048
0.7236634197165706,1.8409884995758405,0.13783715106338784,-1.110665555443981,0;0;-1.11066555544;0.137837151063;0.107794776773;0;0;0.0467861022455;0;0;0;0,60319.18843295205,0.005,457,0.0002,49.29955540767189,,0.000554260867270122,0.37073850000001585,ok,same_stridge_core,Hx;D_x^1.840988 H;Hxxx;H*Hxx,0.030000000000000002,1.0442046613102485
0.611914926905086,1.295442105812531,0.49430697836838255,-1.872904620425957,0;0;-1.87290462043;0.494306978368;0.433756204438;0;0;-0.177455200591;-0.423374597626;0;0;0,55702.95892805235,0.005,458,0.0002,57.63672839212619,,0.001989950032306808,0.38697830000000977,ok,same_stridge_core,Hx;D_x^1.295442 H;Hxxx;H*Hxx;H*Hxxx,0.02,1.93376946407383
0.6762730399710566,1.6447090380368277,0.21000742404663084,-1.2897437227995856,0;0;-1.2897437228;0.210007424047;0;0;0;0;0;0;0;0,55372.22009441508,0.005,459,0.0002,23.775702515917864,,0.0013488411281644761,0.27448230000004514,ok,same_stridge_core,Hx;D_x^1.644709 H,0.030000000000000002,1.6268144781518294
0.6876242885669528,1.776197483061122,0.0,-1.2311307311501694,0;0;-1.23113073115;0;0;0;0;0;0;0;0;0,57255.27234008539,0.005,460,0.0002,13.92724078946096,,0.0031230418682833805,0.3875814000000446,ok,same_stridge_core,Hx,0.12500000000000003,2.4761863214438806
0.7116992013486176,1.560646611153843,0.2528919718753477,-1.2121644075547362,0;0;-1.21216440755;0.252891971875;0;0;0;0;0;0;0;0,55272.91750742162,0.005,461,0.0002,23.16579093270824,,0.0005747020132989981,0.14018730000009327,ok,same_stridge_core,Hx;D_x^1.560647 H,0.03439957444516269,1.056623929739593
0.608412516689871,1.6206603344556771,0.9482617507639123,-1.6685794044496343,0;0;-1.66857940445;0.948261750764;0.863979947404;0;0;-0.744452181148;0;0;0.0658708817688;0,55306.27216907041,0.005,462,0.0002,57.590911332582394,,0.0027163547273511535,0.145990500000039,ok,same_stridge_core,Hx;D_x^1.62066 H;Hxxx;H*Hxx;H^2*Hxx,0.025,2.284639163511981
0.7232131184203956,1.755900633896847,0.35205640722034065,-1.147400503933492,0;0;-1.14740050393;0.35205640722;0;0;0;0;0;0;0;0,56679.64350971083,0.005,463,0.0002,23.73691367134356,,0.0005748452998236704,0.37483960000008665,ok,same_stridge_core,Hx;D_x^1.755901 H,0.12500000000000003,1.0650562674592279
0.7882069701593846,1.9415833742018447,0.6646353050189806,-0.9401996084441923,0;0;-0.940199608444;0.664635305019;0;0;0;0;0;0;0;0,66437.48370053891,0.005,464,0.0002,27.61104528329784,,0.0005539554132869159,0.4012347000000318,ok,same_stridge_core,Hx;D_x^1.941583 H,0.06115384615384617,1.0360518030822716
0.6641223546005188,1.9339424845047808,0.6422244085009855,-1.2713322747390685,0;0;-1.27133227474;0.642224408501;0.919586719092;0;0;-0.379662697969;0;0;0.0412476411919;0,66157.51765241579,0.005,465,0.0002,67.79752067817115,,0.0013639426397422463,0.39428559999998924,ok,same_stridge_core,Hx;D_x^1.933942 H;Hxxx;H*Hxx;H^2*Hxx,0.015,1.6400030257553595
0.7049386359291443,1.6600566623737876,0.2729764445864874,-1.2116852387270487,0;0;-1.21168523873;0.272976444586;0;0;0;0;0;0;0;0,55438.71285904059,0.005,466,0.0002,23.364675725034097,,0.0007203112741138234,0.2754548000000341,ok,same_stridge_core,Hx;D_x^1.660057 H,0.05482371702371702,1.189190581417858
0.6674082531250081,1.813002567538482,0.6106182309813208,-1.2993383204365465,0;0;-1.29933832044;0.610618230981;1.58873022745;0;0;-0.347217215306;-0.134549247594;0;0.0351035672564;0,58749.335163297736,0.005,467,0.0002,72.00128894554786,,0.0011505988278452915,0.38717750000000706,ok,same_stridge_core,Hx;D_x^1.813003 H;Hxxx;H*Hxx;H*Hxxx;H^2*Hxx,0.01,1.5020867495905643
0.6784152810315098,1.785430703591199,1.2544770351393757,-1.0914126560441633,-0.0207432325893;0;-1.09141265604;1.25447703514;0;0;-0.114845409289;-0.52533980364;-0.143562903031;0.00914027604669;0.03853421832;0,57571.75731026597,0.005,468,0.0002,93.39109461469688,,0.0008228032438862232,0.2737824000000728,ok,same_stridge_core,1;Hx;D_x^1.785431 H;H*Hx;H*Hxx;H*Hxxx;H^2*Hx;H^2*Hxx,0.005,1.276282918271313
0.617385636432259,1.9254296565111946,0.0,-1.4213987181903136,0;0;-1.42139871819;0;0.906630635938;0;0;-0.349241889992;0;0;0.0453261690301;0,65782.58149024787,0.005,469,0.0002,55.13755443108458,,0.003223605085530136,0.3939086000000316,ok,same_stridge_core,Hx;Hxxx;H*Hxx;H^2*Hxx,0.03324074074074076,2.5114892388862753
0.7018000831897844,1.7593443892286569,0.0,-1.1906379914622822,0;0;-1.19063799146;0;0;0;0;0;0;0;0;0,56766.56332516072,0.005,470,0.0002,13.919946452213354,,0.003374712009601524,0.3607730999999603,ok,same_stridge_core,Hx,0.12500000000000003,2.566633787181209
0.6001241726326467,1.0144485493655406,0.20636926497262498,-1.8969343254244582,0;0;-1.89693432542;0.206369264973;0;0;0;-0.108561754173;-0.498949599289;0;0;0,56100.20028580071,0.005,471,0.0002,46.88972626861088,,0.0020578638167453576,0.4000729000000547,ok,same_stridge_core,Hx;D_x^1.014449 H;H*Hxx;H*Hxxx,0.025,2.0095660399703066
0.6588283687996297,1.053172115799641,0.09173457974164809,-1.4508460616464884,0;0;-1.45084606165;0.0917345797416;0;0;0;0;-0.157843905161;0;0;0,56055.94711876582,0.005,472,0.0002,35.04169934194408,,0.0010277444356584602,0.15309190000004946,ok,same_stridge_core,Hx;D_x^1.053172 H;H*Hxxx,0.0453125,1.408131070684588
0.7099353219105802,1.8342374210362384,0.0,-1.1678449923796785,0;0;-1.16784499238;0;0;0;0;0;0;0;0;0,59907.351410465024,0.005,473,0.0002,14.621192841197121,,0.0035808378152163206,0.28656649999993533,ok,same_stridge_core,Hx,0.12500000000000003,2.639722559104116
0.7261276807941174,1.8062347294438923,0.0,-1.1009583135087817,0;0;-1.10095831351;0;0;0;0;0.06969367707;0;0;0;0,58426.45444926306,0.005,474,0.0002,24.418516280635316,,0.0005529599990975958,0.3827239999999392,ok,same_stridge_core,Hx;H*Hxx,0.043235294117647045,1.0479345009300882
0.6450915326705271,1.7106856449681869,0.0,-1.3587071189855815,0;0;-1.35870711899;0;0;0;0;0;0;0;0;0,55863.33285620153,0.005,475,0.0002,13.781629710133583,,0.0034312286027247054,0.38408689999994294,ok,same_stridge_core,Hx,0.049999999999999996,2.6089631388932775
0.6751498978290231,1.6999037649895266,0.6512356309421564,-1.339655875583711,0;0;-1.33965587558;0.651235630942;0;0;0;-0.387377710053;0.0995888325686;0;0.03719881086;0,55739.42748726889,0.005,476,0.0002,57.09836806291598,,0.0009288729960281328,0.39179220000005444,ok,same_stridge_core,Hx;D_x^1.699904 H;H*Hxx;H*Hxxx;H^2*Hxx,0.01,1.3589405756470894
0.7058741985167579,1.3633160503992363,0.19239589693311446,-1.2625296554975698,0;0;-1.2625296555;0.192395896933;0;0;0;0;0;0;0;0,55580.51947222181,0.005,477,0.0002,23.300028778413083,,0.0006037081880968974,0.401596799999993,ok,same_stridge_core,Hx;D_x^1.363316 H,0.0790357142857143,1.0678209895243584
0.593753148387432,1.616259545611663,1.077332104370324,-1.796000502666134,0;0;-1.79600050267;1.07733210437;0;0;0;-0.85171351443;0;0;0.0729204095664;0,55298.32287203833,0.005,478,0.0002,46.916026091977734,,0.0035935795596360055,0.4062327000000323,ok,same_stridge_core,Hx;D_x^1.61626 H;H*Hxx;H^2*Hxx,0.030000000000000002,2.6773677943470675
0.8162082200967382,1.1979129733668674,0.0,-1.020563273959324,0;0;-1.02056327396;0;-2.85079576626;0;0;0;0;0;0;0,55861.755881277364,0.005,479,0.0002,25.751714532988505,,0.006312174008785789,0.3776927000000114,ok,same_stridge_core,Hx;Hxxx,0.10000000000000002,3.4070121804775595
0.6437913953459096,1.0250211731933796,0.08703145187169073,-1.494443378469776,0;0;-1.49444337847;0.0870314518717;0;0;0;0;-0.140885299084;0;0;0,56088.41243595222,0.005,480,0.0002,35.3383017150284,,0.0014939232601783089,0.3809404999999515,ok,same_stridge_core,Hx;D_x^1.025021 H;H*Hxxx,0.04555026455026454,1.6852542534570678
0.7056606594839059,1.9015799028687832,-0.05644065620654852,-1.1538818734937752,0;0;-1.15388187349;-0.0564406562065;0.104991985328;0;0;0.0703497526567;0;0;0;0,64432.397488094146,0.005,481,0.0002,52.76157144297234,,0.000751314275185498,0.37800479999998515,ok,same_stridge_core,Hx;D_x^1.90158 H;Hxxx;H*Hxx,0.02,1.2156534524970246
0.764444837865569,1.255747467610335,0.0,-1.002526111778416,0;0;-1.00252611178;0;-0.141573388902;0;0;0.0830238929177;0;0;0;0,55770.30593175042,0.005,482,0.0002,34.537858690174126,,0.000576438527778626,0.3735664999999244,ok,same_stridge_core,Hx;Hxxx;H*Hxx,0.025,1.0756751311238693
0.6121797269468704,1.323530595987656,0.529314640359484,-1.8606840013538606,0;0;-1.86068400135;0.529314640359;0.675119453158;0;0;-0.183486384868;-0.433729884759;0;0;0,55653.2566715282,0.005,483,0.0002,57.64024232315958,,0.0021004622015107282,0.3985816999999088,ok,same_stridge_core,Hx;D_x^1.323531 H;Hxxx;H*Hxx;H*Hxxx,0.03944444444444439,1.9869856516313804
0.7108141985535557,1.8081965194746585,0.0,-1.1654018220121767,0;0;-1.16540182201;0;0;0;0;0;0;0;0;0,58517.73127462125,0.005,484,0.0002,14.351930737154426,,0.0036055442363132698,0.3922206999999389,ok,same_stridge_core,Hx,0.12500000000000003,2.6483844822301754
0.6664348402066625,1.691434872140884,0.1971672710845108,-1.3106287880967724,0;0;-1.3106287881;0.197167271085;0;0;0;0;0;0;0;0,55656.55554013719,0.005,485,0.0002,24.1172571293764,,0.001748238833945099,0.3883144999999786,ok,same_stridge_core,Hx;D_x^1.691435 H,0.031029049140160244,1.8546349133215274
0.7228463065037805,1.5027330621160215,0.25088557930632727,-1.1961428126378035,0;0;-1.19614281264;0.250885579306;0;0;0;0;0;0;0;0,55333.07183687273,0.005,486,0.0002,23.124097551885914,,0.0005076147413553259,0.38687800000002426,ok,same_stridge_core,Hx;D_x^1.502733 H,0.06165674603174602,0.9908688171368205
0.7146197893084334,1.5437357887521366,0.25216688634938333,-1.2081369783926814,0;0;-1.20813697839;0.252166886349;0;0;0;0;0;0;0;0,55284.39363351014,0.005,487,0.0002,23.14182741311417,,0.0005450904994929482,0.27883569999994506,ok,same_stridge_core,Hx;D_x^1.543736 H,0.020714285714285727,1.028069959710116
0.6742467139972339,1.7168125644280747,0.0,-1.2702612858710653,0;0;-1.27026128587;0;0;0;0;0;0;0;0;0,55943.97940724143,0.005,488,0.0002,13.634090667806566,,0.003030289239313606,0.3874631999999565,ok,same_stridge_core,Hx,0.05499999999999999,2.445294786358281
0.6586445072525831,1.697830263993176,0.0,-1.3170461773433317,0;0;-1.31704617734;0;0;0;0;0;0;0;0;0,55718.026640910895,0.005,489,0.0002,13.63435517320505,,0.003131150521100908,0.14551719999997204,ok,same_stridge_core,Hx,0.04919413919413919,2.4907498450228704
0.648679581659725,1.648648906352125,0.1112720412273508,-1.3448985934809776,0;0;-1.34489859348;0.111272041227;3.61654959807;0;0;0;-0.575746841531;0;0;0,55387.23703113236,0.005,490,0.0002,46.232958918638516,,0.0019314451273302299,0.38144290000002457,ok,same_stridge_core,Hx;D_x^1.648649 H;Hxxx;H*Hxxx,0.04,1.9231692937326295
0.6586445072525831,1.2260498517205527,0.11735910960532717,-1.4160019039985023,0;0;-1.416001904;0.117359109605;0;0;0;0;-0.086516834238;0;0;0,55818.27748955575,0.005,491,0.0002,35.05163608576036,,0.0012723738607839739,0.2803324999999859,ok,same_stridge_core,Hx;D_x^1.22605 H;H*Hxxx,0.06919047619047618,1.5606695920269031
0.7305009512417983,1.2971790796138774,0.04657185461254307,-1.118504738176805,0;0;-1.11850473818;0.0465718546125;0;0;0;0.056351671;0;0;0;0,55699.93187222862,0.005,492,0.0002,34.41713166073293,,0.0005013490236963254,0.2812652000000071,ok,same_stridge_core,Hx;D_x^1.297179 H;H*Hxx,0.035,0.9971725373957554
0.629365373966745,1.4513981175669946,0.6084529326301088,-1.6853960517401232,0;0;-1.68539605174;0.60845293263;-0.37444631621;0;0;-0.464647543681;-0.0101571137062;0;0.0376213130363;0,55417.45986871421,0.005,493,0.0002,68.20787077280762,,0.0015204252179124107,0.3680810000000747,ok,same_stridge_core,Hx;D_x^1.451398 H;Hxxx;H*Hxx;H*Hxxx;H^2*Hxx,0.020502645502645515,1.7069189303505625
0.6312731339910387,1.5577936417572846,0.7276015415896215,-1.605220985950293,0;0;-1.60522098595;0.72760154159;0.304978233123;0;0;-0.544961739777;0;0;0.0471448469148;0,55274.393525963715,0.005,494,0.0002,57.083671148651945,,0.0016984489421006134,0.3885947999999644,ok,same_stridge_core,Hx;D_x^1.557794 H;Hxxx;H*Hxx;H^2*Hxx,0.029000000000000012,1.8092776226882301
0.6573046303104226,1.3229143833026404,0.1372443457642839,-1.389093983041429,0;0;-1.38909398304;0.137244345764;0;0;0;0;0;0;0;0,55654.36333312545,0.005,495,0.0002,23.968081728671727,,0.0015396192235891935,0.38624540000000707,ok,same_stridge_core,Hx;D_x^1.322914 H,0.10083333333333336,1.7063363954215442
0.7126540023445153,1.5240948362287998,0.24339023157730352,-1.2166203208241373,0;0;-1.21662032082;0.243390231577;0;0;0;0;0;0;0;0,55304.69643018061,0.005,496,0.0002,23.15607200741134,,0.0005532417702350252,0.377408599999967,ok,same_stridge_core,Hx;D_x^1.524095 H,0.12500000000000003,1.0341934353390945
0.7177550032625385,1.8059928177029716,0.0,-1.1215303180776675,0;0;-1.12153031808;0;0.0732617897393;0;0;0.0668898918116;0;0;0;0,58415.330223126606,0.005,497,0.0002,36.149791575343976,,0.0006133666784978229,0.2889590000000908,ok,same_stridge_core,Hx;Hxxx;H*Hxx,0.05077777777777779,1.1005934414680094
0.6608837038537372,1.022282319184219,0.08673851275303845,-1.4508104591064281,0;0;-1.45081045911;0.086738512753;0;0;0;0;-0.176284423774;0;0;0,56091.48673381811,0.005,498,0.0002,35.01829678459215,,0.0009553302855989401,0.13265209999997296,ok,same_stridge_core,Hx;D_x^1.022282 H;H*Hxxx,0.015,1.3634047443012864
0.6786156991860341,1.7085654117440816,0.23034896249519604,-1.2746787082459876,0;0;-1.27467870825;0.230348962495;0;0;0;0;0;0;0;0,55837.21621572306,0.005,499,0.0002,23.967128887614976,,0.0013527948834593326,0.1343775000000278,ok,same_stridge_core,Hx;D_x^1.708565 H,0.04,1.6322424013257493
0.7113240861505954,1.6376575418023072,0.27739485264109,-1.199174914117829,0;0;-1.19917491412;0.277394852641;0;0;0;0;0;0;0;0,55348.53516574065,0.005,500,0.0002,23.243135129707333,,0.0006216948152594783,0.37966610000000856,ok,same_stridge_core,Hx;D_x^1.637658 H,0.045801293356848925,1.103721063411074
0.6732174258223566,1.5218186343275522,0.4509800703182718,-1.4149230551626115,0;0;-1.41492305516;0.450980070318;-0.0293107670033;0;0;-0.274470715872;0;0;0.0244746079661;0,55307.44411782492,0.005,501,0.0002,56.56090364681712,,0.0008016086494027142,0.3926070999999638,ok,same_stridge_core,Hx;D_x^1.521819 H;Hxxx;H*Hxx;H^2*Hxx,0.013581418581418578,1.2534595289921973
0.7254938190601986,1.384325081317889,0.1314912911822638,-1.1857828827456183,0;0;-1.18578288275;0.131491291182;-0.374070491812;0;0;0.0259728469323;0;0;0;0,55541.37545911972,0.005,502,0.0002,45.40451487831886,,0.00047610257748302,0.3761124000000109,ok,same_stridge_core,Hx;D_x^1.384325 H;Hxxx;H*Hxx,0.014470546006278173,0.9714145110230804
0.6484688244148095,1.8565177351787765,-0.5342212265591899,-1.332719635079929,0;0;-1.33271963508;-0.534221226559;0;0;0;0.113278949203;-0.0760629529999;0;0;0,61332.97042886151,0.005,503,0.0002,51.21544857560435,,0.002333377415044684,0.3801052000000027,ok,same_stridge_core,Hx;D_x^1.856518 H;H*Hxx;H*Hxxx,0.0435138888888889,2.1490722325151355
0.7565507733631454,1.3006415719164328,0.0,-1.0170179520303422,0;0;-1.01701795203;0;0;0;0;0.0815612010589;0;0;0;0,55693.87876934685,0.005,504,0.0002,23.318938487879212,,0.0005396564233677281,0.40323750000004566,ok,same_stridge_core,Hx;H*Hxx,0.035,1.041386980140474
0.6242118348970953,1.5447815009611192,0.7574934805671387,-1.65214928467163,0;0;-1.65214928467;0.757493480567;0.24403886764;0;0;-0.581017601571;0;0;0.0496717861837;0,55283.50570681978,0.005,505,0.0002,57.1836859884442,,0.0018786509677236015,0.38113880000003064,ok,same_stridge_core,Hx;D_x^1.544782 H;Hxxx;H*Hxx;H^2*Hxx,0.029500000000000012,1.9001802816244238
0.6452021650935709,1.7844935591641589,-0.2712808628750564,-1.324429712282092,0;0;-1.32442971228;-0.271280862875;0;0;0;0.0802657937017;0;0;0;0,57537.95236163295,0.005,506,0.0002,36.81307740482482,,0.0026778809981696577,0.395226100000059,ok,same_stridge_core,Hx;D_x^1.784494 H;H*Hxx,0.05081663574520717,2.290305987845046
0.7938665118120606,1.7191729593049447,0.4522383561621604,-0.9900489006578416,0;0;-0.990048900658;0.452238356162;-0.19688999485;0;0;0;0;0;0;0,55977.193472884384,0.005,507,0.0002,34.79967372902468,,0.0007508173019197032,0.2779802000000018,ok,same_stridge_core,Hx;D_x^1.719173 H;Hxxx,0.045,1.2133576452940493
0.6864959959676062,1.8719970193621902,0.0,-1.2343964421476006,0;0;-1.23439644215;0;0;0;0;0;0;0;0;0,62405.96587745368,0.005,508,0.0002,14.952552147046337,,0.0031094658757231997,0.3797522999999501,ok,same_stridge_core,Hx,0.12500000000000003,2.4713589715556
0.716848869571798,1.9631852412140973,0.0,-1.1239471029756418,0;0;-1.12394710298;0;0.0775396314739;0;0;0.066543907784;0;0;0;0,66925.72377315341,0.005,509,0.0002,41.26313344866294,,0.0006216322774775355,0.38127190000000155,ok,same_stridge_core,Hx;Hxxx;H*Hxx,0.015422345403005917,1.1076991847708975
0.6688019504889039,1.4536743194682422,0.34793254312034794,-1.4328148388064605,0;0;-1.43281483881;0.34793254312;1.22069996008;0;0;-0.0649606835179;-0.28705911247;0;0;0,55413.412944411975,0.005,510,0.0002,56.80576604487261,,0.0010078611742571546,0.39793699999995624,ok,same_stridge_core,Hx;D_x^1.453674 H;Hxxx;H*Hxx;H*Hxxx,0.015,1.3923531004606375
0.7234354127496457,1.8992588699149167,0.0,-1.13072611950017,0;0;-1.1307261195;0;0;0;0;0;0;0;0;0,64282.537606858416,0.005,511,0.0002,15.64282367020044,,0.004007970291414737,0.3849416000000474,ok,same_stridge_core,Hx,0.0691666666666667,2.786316148828757
0.6261114317183998,1.5505594302314698,0.7520983106699941,-1.6376000036690106,0;0;-1.63760000367;0.75209831067;0.27751597741;0;0;-0.57308887691;0;0;0.0492133377432;0,55279.00164406256,0.005,512,0.0002,57.1576524119765,,0.0018347650849349884,0.3935724000000391,ok,same_stridge_core,Hx;D_x^1.550559 H;Hxxx;H*Hxx;H^2*Hxx,0.029500000000000012,1.8786507679139408
0.7011070031782181,1.6281715715315832,0.2553000031788521,-1.2269393282350045,0;0;-1.22693932824;0.255300003179;0;0;0;0;0;0;0;0,55322.55714858667,0.005,513,0.0002,23.34300290928461,,0.0007527572267374699,0.1441724000000022,ok,same_stridge_core,Hx;D_x^1.628172 H,0.040624999999999994,1.2139800498499447
0.687325063388434,1.5352909536721617,0.3900383690286328,-1.342292950009444,0;0;-1.34229295001;0.390038369029;0;0;0;-0.207707963297;0;0;0.0193717294871;0,55292.32049175061,0.005,514,0.0002,45.370695310322944,,0.000654955229754284,0.3797104999999874,ok,same_stridge_core,Hx;D_x^1.535291 H;H*Hxx;H^2*Hxx,0.011064491064491058,1.13683891692246
0.7196157247965254,1.1237955112205251,0.0,-1.1411398750406296,0;0;-1.14113987504;0;0;0;0;0;0;0;0;0,55967.16428641149,0.005,515,0.0002,13.935578849901823,,0.003877193900438246,0.26357929999994667,ok,same_stridge_core,Hx,0.12500000000000003,2.7421459926195255
0.7127546938662498,1.6765023510215569,0.29442904314764023,-1.1886706260759345,0;0;-1.18867062608;0.294429043148;0;0;0;0;0;0;0;0,55537.137490914494,0.005,516,0.0002,23.328503624444117,,0.0006309037422449482,0.4015340000000833,ok,same_stridge_core,Hx;D_x^1.676502 H,0.05897691197691197,1.1136486280783204
0.6073134951471106,1.8979235825722076,0.0,-1.4546928964359442,0;0;-1.45469289644;0;0.995003497972;0;0;-0.394956367358;0;0;0.0502349133673;0,64195.23335397624,0.005,517,0.0002,54.07784382899049,,0.0037920297176137893,0.15125290000003133,ok,same_stridge_core,Hx;Hxxx;H*Hxx;H^2*Hxx,0.035,2.721657145809495
0.6584607754254036,1.642927534507821,0.17076498375290605,-1.3385525144110542,0;0;-1.33855251441;0.170764983753;0;0;0;0;0;0;0;0,55365.859676270826,0.005,518,0.0002,24.13450564794658,,0.002013868497717884,0.3692201000000068,ok,same_stridge_core,Hx;D_x^1.642928 H,0.04,1.9881617774382467
0.855546739935449,1.7465649403132448,0.5706107121590341,-0.8401085435641643,0;0;-0.840108543564;0.570610712159;0;0;0;0;0;0;0;0,56464.01123691879,0.005,519,0.0002,24.31958014567465,,0.0015296216124911649,0.3979339999999638,ok,same_stridge_core,Hx;D_x^1.746565 H,0.051400000000000015,1.7339756509071285
0.6234467926066923,1.8622350050669476,-0.8159936673301685,-1.412729454199537,0;0;-1.4127294542;-0.81599366733;0;0;0;0.141228875806;-0.103569435624;0;0;0,61724.39485459691,0.005,520,0.0002,52.05985595421156,,0.003635674119010799,0.4012710000000652,ok,same_stridge_core,Hx;D_x^1.862235 H;H*Hxx;H*Hxxx,0.049999999999999996,2.680340070534022
0.7352405544602129,1.2477829063744057,0.0,-1.0753141856202018,0;0;-1.07531418562;0;0;0;0;0.0733992140842;0;0;0;0,55783.37895797288,0.005,521,0.0002,23.32846717105124,,0.0005167703362531652,0.41507030000002487,ok,same_stridge_core,Hx;H*Hxx,0.025,1.0151155878620886
0.5590551347822823,1.6206603344556771,1.3146104625172672,-2.0004724212093072,-0.0377165995453;0;-2.00047242121;1.31461046252;0;0;0;-1.12907200219;0;0;0.0937159807253;0,55306.27216907041,0.005,522,0.0002,58.480875228386815,,0.005261847417280648,0.14925229999994372,ok,same_stridge_core,1;Hx;D_x^1.62066 H;H*Hxx;H^2*Hxx,0.03131578947368422,3.174603059316403
0.515953422114009,1.8216293706002027,0.0,-1.7076695927963534,0;0;-1.7076695928;0;2.30677866971;0;0;0;0;0;0;0,59193.58184823952,0.005,523,0.0002,30.074641393492833,,0.021565991701072876,0.38396109999996497,ok,same_stridge_core,Hx;Hxxx,0.10000000000000002,6.397208654197022
0.6464518187999588,1.655946252033048,0.14418469460132569,-1.3707138318509016,0;0;-1.37071383185;0.144184694601;0;0;0;0;0;0;0;0,55418.724332608756,0.005,524,0.0002,24.43663302377272,,0.0026211707037625946,0.3899857000000111,ok,same_stridge_core,Hx;D_x^1.655946 H,0.07200000000000001,2.2691432907292195
0.6292597605782616,1.0531921761395564,0.17934372118826525,-1.7101658181014991,0;0;-1.7101658181;0.179343721188;0;0;0;-0.0714631356396;-0.374160515762;0;0;0,56055.92334742972,0.005,525,0.0002,46.46478437350247,,0.0013376377545702629,0.13662729999998646,ok,same_stridge_core,Hx;D_x^1.053192 H;H*Hxx;H*Hxxx,0.02,1.6200456955586864
0.5214629366819674,1.352000954767608,1.4621464648520492,-1.9042281980013789,-0.135657227044;0;-1.904228198;1.46214646485;-12.09132193;0;-0.53274073755;-0.760517647589;-0.412981869372;0.0449499919797;0;0,55601.43297153162,0.005,526,0.0002,91.3846544964146,,0.002956014585974104,0.37847420000002785,ok,same_stridge_core,1;Hx;D_x^1.352001 H;Hxxx;H*Hx;H*Hxx;H*Hxxx;H^2*Hx,0.025,2.4223617419639907
0.6936366802180258,1.2406436704943191,0.13689530485755488,-1.3323468833475773,0;0;-1.33234688335;0.136895304858;0;0;0;0;-0.129233699857;0;0;0,55794.96867198333,0.005,527,0.0002,34.54437255363764,,0.000577305968268315,0.3871784000000389,ok,same_stridge_core,Hx;D_x^1.240644 H;H*Hxxx,0.02440818820905681,1.0673913504476442
0.6784152810315098,1.8557592190982857,-0.23592380080812297,-1.2312074709474117,0;0;-1.23120747095;-0.235923800808;0;0;0;0.086344430816;0;0;0;0,61281.64474944997,0.005,528,0.0002,38.37483740478644,,0.001312521275965735,0.27697520000003806,ok,same_stridge_core,Hx;D_x^1.855759 H;H*Hxx,0.04489440540255356,1.6058505551164561
0.6523649290353976,1.8324190171225045,-0.41732463801682856,-1.3186955284707318,0;0;-1.31869552847;-0.417324638017;0;0;0;0.0997414778391;-0.070514029286;0;0;0,59799.84385603738,0.005,529,0.0002,49.932607923431085,,0.0022129150986127566,0.26674290000005385,ok,same_stridge_core,Hx;D_x^1.832419 H;H*Hxx;H*Hxxx,0.04071047008547008,2.092732838601182
0.7109996249170515,1.2250673539793528,0.15816131790412877,-1.2703379978193983,0;0;-1.27033799782;0.158161317904;0;0;0;0;0;0;0;0,55819.82812507857,0.005,530,0.0002,23.602823116800312,,0.0008496469566117525,0.39579969999999776,ok,same_stridge_core,Hx;D_x^1.225067 H,0.049902236652236635,1.2748918667688836
0.6759026734391984,1.5253566799650784,0.44036213303987676,-1.4005617210780577,0;0;-1.40056172108;0.44036213304;-0.0208100930949;0;0;-0.262205130437;0;0;0.023552997146;0,55303.205058277636,0.005,531,0.0002,56.53327540632921,,0.0007707952753337116,0.40073019999999815,ok,same_stridge_core,Hx;D_x^1.525357 H;Hxxx;H*Hxx;H^2*Hxx,0.012910271546635177,1.2300703480515787
0.7076536476398578,1.6920653267328551,0.18632921807004738,-1.1763613758502651,0;0;-1.17636137585;0.18632921807;0.144424087705;0;0;0.0239655427912;0;0;0;0,55662.3209128373,0.005,532,0.0002,45.690489200745674,,0.0006897177865346335,0.36986880000006295,ok,same_stridge_core,Hx;D_x^1.692065 H;Hxxx;H*Hxx,0.014565043221927757,1.1606324704758355
0.5968583494798149,1.9308612485007393,-0.23875028081467894,-1.5331696656460867,0;0;-1.53316966565;-0.238750280815;0;0;0;-0.352480873982;0;0;0.0471820723079;0,66029.26693432042,0.005,533,0.0002,55.88145227102748,,0.004695006340368257,0.37914490000002843,ok,same_stridge_core,Hx;D_x^1.930861 H;H*Hxx;H^2*Hxx,0.035,3.0580387235711344
0.6440643516004964,1.6315113982282963,0.09776739000933889,-1.3578884691567268,0;0;-1.35788846916;0.0977673900093;3.79922275645;0;0;0;-0.603735354876;0;0;0,55330.97962910801,0.005,534,0.0002,46.270759260781446,,0.002104719351424365,0.39626720000001114,ok,same_stridge_core,Hx;D_x^1.631511 H;Hxxx;H*Hxxx,0.03927755756589088,2.005975557495038
0.6679981933647465,1.687607573852768,0.0,-1.2750396860250381,0;0;-1.27503968603;0;0;0;0;0.0428312141657;0;0;0;0,55622.875065787055,0.005,535,0.0002,24.076478041292717,,0.0017003268895933994,0.3760985999999775,ok,same_stridge_core,Hx;H*Hxx,0.035,1.8273280149778939
0.7354926856029647,1.4389998431046167,0.09094859590540852,-1.1130136467594718,0;0;-1.11301364676;0.0909485959054;0;0;0;0.0473764767899;0;0;0;0,55439.8004559056,0.005,536,0.0002,34.24051400016836,,0.0004810377005890764,0.13971349999997074,ok,same_stridge_core,Hx;D_x^1.439 H;H*Hxx,0.03833333333333328,0.9766337266249963
0.6888451047055844,1.5732225559194422,0.20804612236213443,-1.2743724848417406,0;0;-1.27437248484;0.208046122362;0;0;0;0;-0.036222283678;0;0;0,55268.987567707794,0.005,537,0.0002,34.508132216676124,,0.0009199662685690732,0.3854241000000229,ok,same_stridge_core,Hx;D_x^1.573223 H;H*Hxxx,0.02,1.3467396760514443
0.659569939760587,1.5937444639130107,0.13521387093324427,-1.3238962229825901,0;0;-1.32389622298;0.135213870933;2.99680195195;0;0;0;-0.479632923331;0;0;0,55273.36332316112,0.005,538,0.0002,45.923882792466365,,0.0015142987242080538,0.27270979999991596,ok,same_stridge_core,Hx;D_x^1.593744 H;Hxxx;H*Hxxx,0.035,1.7051921339374738
0.7035764095010386,1.6251684003295548,0.25896864790487784,-1.2211106525120123,0;0;-1.22111065251;0.258968647905;0;0;0;0;0;0;0;0,55315.617617189266,0.005,539,0.0002,23.307028583269826,,0.0007123926078609533,0.37501400000007834,ok,same_stridge_core,Hx;D_x^1.625168 H,0.03927755670255669,1.1807815363941199
0.5869148967356914,1.2825008977056163,0.604890934049289,-2.079713544504315,0;0;-2.0797135445;0.604890934049;0;0;0;-0.239151023321;-0.470118014166;0;0;0,55725.30616857021,0.005,540,0.0002,46.89717529235255,,0.002862148996584394,0.3694769000001088,ok,same_stridge_core,Hx;D_x^1.282501 H;H*Hxx;H*Hxxx,0.030000000000000002,2.3169303574963767
0.5933075253687197,1.4090321433870232,0.8102271312715558,-1.9888589280568922,0;0;-1.98885892806;0.810227131272;0;0;0;-0.264670687057;-0.321738222479;0;0;0,55495.17082777102,0.005,541,0.0002,47.05945613368824,,0.0036972664432061496,0.38475049999999555,ok,same_stridge_core,Hx;D_x^1.409032 H;H*Hxx;H*Hxxx,0.04,2.6633194714714223
0.6674437627935174,1.8017671979547365,-0.20607667584421283,-1.274976070839187,0;0;-1.27497607084;-0.206076675844;0;0;0;0.075124047774;-0.0535435999171;0;0;0,58225.59679934988,0.005,542,0.0002,48.39904366811206,,0.0016701568838937656,0.3943657999999459,ok,same_stridge_core,Hx;D_x^1.801767 H;H*Hxx;H*Hxxx,0.035,1.8185662286321504
0.7053239555534512,1.5960427613581487,0.23688353339941673,-1.2186530075732227,0;0;-1.21865300757;0.236883533399;1.06543776502;0;0;0;-0.187153778577;0;0;0,55274.839338915845,0.005,543,0.0002,45.3157378183263,,0.0006111763556109679,0.40325159999997595,ok,same_stridge_core,Hx;D_x^1.596043 H;Hxxx;H*Hxxx,0.015,1.0958663471936214
0.6881156912521955,1.856505588237959,-0.13670653625580506,-1.1991980475976276,0;0;-1.1991980476;-0.136706536256;0.152478695734;0;0;0.0764211788613;0;0;0;0,61332.14470056527,0.005,544,0.0002,50.51260319099364,,0.0010699360925671875,0.38088940000000093,ok,same_stridge_core,Hx;D_x^1.856506 H;Hxxx;H*Hxx,0.026670247046186896,1.4468874305414188
0.6170291255992595,1.126082143466147,0.26561000526785294,-1.8164969288767672,0;0;-1.81649692888;0.265610005268;0;0;0;-0.111648296621;-0.415425926183;0;0;0,55964.10514036051,0.005,545,0.0002,46.514029169113954,,0.0015755805499788114,0.13024299999995037,ok,same_stridge_core,Hx;D_x^1.126082 H;H*Hxx;H*Hxxx,0.06396969696969697,1.742745056825549
0.6469670968402744,1.4358741814697982,0.0,-1.3528845120403918,0;0;-1.35288451204;0;0;0;0;0;0;0;0;0,55445.50030959935,0.005,546,0.0002,13.677243817170506,,0.003376794634042308,0.3833947000000535,ok,same_stridge_core,Hx,0.12500000000000003,2.588143755250636
0.7353216982413112,1.4993872615039656,0.1299865055149895,-1.1199221236913846,0;0;-1.11992212369;0.129986505515;0;0;0;0.038411693657;0;0;0;0,55337.97981638454,0.005,547,0.0002,34.16816527397195,,0.00047147453974507567,0.38569569999992837,ok,same_stridge_core,Hx;D_x^1.499387 H;H*Hxx,0.037499999999999964,0.9653773841412192
0.5467004295461775,1.1415154964898324,0.4966637025012405,-2.3718036345721822,0;0;-2.37180363457;0.496663702501;0;0;0;-0.265291239289;-0.737865004825;0;0;0,55943.142671301284,0.005,548,0.0002,47.575523469604605,,0.004194638932425563,0.4063261999999668,ok,same_stridge_core,Hx;D_x^1.141515 H;H*Hxx;H*Hxxx,0.034908287362255604,2.82100933256358
0.7309577926086659,1.2685434499358037,0.062188199720578256,-1.146564132197689,0;0;-1.1465641322;0.0621881997206;-0.350004554635;0;0;0.0476252535494;0;0;0;0,55748.988829079266,0.005,549,0.0002,45.5869358045402,,0.0004884171022002165,0.39223550000008345,ok,same_stridge_core,Hx;D_x^1.268543 H;Hxxx;H*Hxx,0.015,0.9877447412767874
0.7246795086368726,1.4596749464259844,0.17356642796810376,-1.1867702427013498,0;0;-1.1867702427;0.173566427968;-0.286300389742;0;0;0.0174802648873;0;0;0;0,55402.841052030766,0.005,550,0.0002,45.290648747947145,,0.00047517043998064373,0.3658341999999948,ok,same_stridge_core,Hx;D_x^1.459675 H;Hxxx;H*Hxx,0.020434605752514264,0.9683759063225295
0.7435780945086505,1.2374381278711524,0.17242833508689864,-1.2487053322131425,0;0;-1.24870533221;0.172428335087;-1.97042211494;0;0;0;0.0979028815468;0;0;0,55800.132593777795,0.005,551,0.0002,45.91608149809952,,0.0008280244875056301,0.38474359999997887,ok,same_stridge_core,Hx;D_x^1.237438 H;Hxxx;H*Hxxx,0.029500000000000012,1.2759754230772844
0.7305009512417983,1.8137366786137534,0.0,-1.0885975888698833,0;0;-1.08859758887;0;0;0;0;0.0714883487807;0;0;0;0,58785.7155399938,0.005,552,0.0002,24.542951138733972,,0.0005317832732481072,0.27777019999996355,ok,same_stridge_core,Hx;H*Hxx,0.035,1.028664922736452
0.6502092317396989,1.6127756752575881,0.11336415675978576,-1.3442845840585178,0;0;-1.34428458406;0.11336415676;3.47420428967;0;0;0;-0.552791692553;0;0;0,55292.80612077754,0.005,553,0.0002,46.11675014881785,,0.0018508967748013124,0.37284729999998945,ok,same_stridge_core,Hx;D_x^1.612776 H;Hxxx;H*Hxxx,0.030000000000000002,1.8825052521958194
0.7347715512749532,1.7369719375261916,0.3668522352626847,-1.1211207340982166,0;0;-1.1211207341;0.366852235263;0;0;0;0;0;0;0;0,56270.52969802699,0.005,554,0.0002,23.497299030129362,,0.0004964395548690795,0.3965607000000091,ok,same_stridge_core,Hx;D_x^1.736972 H,0.044313845942417364,0.9890871509185657
0.6381244641221875,1.9541322557582996,0.0,-1.4199221780200773,0;0;-1.41992217802;0;0;0;0;0;-0.162969751624;0;0;0,66775.66843515959,0.005,555,0.0002,29.301995517603736,,0.00334600243924851,0.39823089999993044,ok,same_stridge_core,Hx;H*Hxxx,0.03566310160427806,2.5917281435399016
0.6756432926569951,1.1652083893343237,0.1503922864513594,-1.4399239644855912,0;0;-1.43992396449;0.150392286451;0;0;0;-0.0212400727873;-0.200553972698;0;0;0,55909.87749426049,0.005,556,0.0002,45.90126510544627,,0.0006989164814753311,0.3963486999999759,ok,same_stridge_core,Hx;D_x^1.165208 H;H*Hxx;H*Hxxx,0.01,1.173363110037874
0.7177550032625385,1.2270713082807196,0.16241171503113389,-1.253901528738613,0;0;-1.25390152874;0.162411715031;0;0;0;0;0;0;0;0,55816.66290178349,0.005,557,0.0002,23.659455136957423,,0.0009206916807614918,0.2705896999999595,ok,same_stridge_core,Hx;D_x^1.227071 H,0.049301841016126724,1.3327899762440265
0.6857905436944103,1.8709298240965946,0.0,-1.2364415147887562,0;0;-1.23644151479;0;0;0;0;0;0;0;0;0,62330.96428984747,0.005,558,0.0002,14.934729324687154,,0.0031014926173228855,0.37529319999998734,ok,same_stridge_core,Hx,0.12500000000000003,2.46853646671766
0.6469599331699747,1.3038078418303924,0.3557974072400412,-1.6307490657569708,0;0;-1.63074906576;0.35579740724;0.299224751058;0;0;-0.102489163935;-0.290870174943;0;0;0,55688.32160442523,0.005,559,0.0002,57.15851764488429,,0.0011368822767091201,0.38022849999993014,ok,same_stridge_core,Hx;D_x^1.303808 H;Hxxx;H*Hxx;H*Hxxx,0.015,1.4701960404590555
0.5851566654984354,1.648099813441368,1.1322108185983093,-1.809821657746144,0;0;-1.80982165775;1.1322108186;0;0;0;-0.919105866177;0;0;0.0802102045238;0,55385.0638874801,0.005,560,0.0002,47.27754954008202,,0.004391087088203263,0.39200689999995575,ok,same_stridge_core,Hx;D_x^1.6481 H;H*Hxx;H^2*Hxx,0.035,2.9694984300979375
0.5930000210032712,1.4145836522876867,0.7265975256969435,-1.9174322769214354,0;0;-1.91743227692;0.726597525697;0;0;0;-0.610597688204;-0.135387322297;0;0.0469126019472;0,55484.821888437444,0.005,561,0.0002,57.68209786230095,,0.0025602717617494697,0.3786106000000018,ok,same_stridge_core,Hx;D_x^1.414584 H;H*Hxx;H*Hxxx;H^2*Hxx,0.025,2.1972759738635066
0.6090994033703298,1.5769186810575588,0.9356452408051735,-1.719295333550608,0;0;-1.71929533355;0.935645240805;0;0;0;-0.741023942977;0.0871472003421;0;0.0641044193813;0,55268.70975635888,0.005,562,0.0002,57.47668319929707,,0.002530526195224233,0.3854320000000371,ok,same_stridge_core,Hx;D_x^1.576919 H;H*Hxx;H*Hxxx;H^2*Hxx,0.025,2.2079734429381856
0.5840301209887548,1.491815583452121,0.9524960031370774,-1.935674622622338,0;0;-1.93567462262;0.952496003137;-0.158981594859;0;0;-0.804982768054;0;0;0.0654114402891;0,55349.47045544785,0.005,563,0.0002,57.83899693264212,,0.003263186273068984,0.38802959999998166,ok,same_stridge_core,Hx;D_x^1.491816 H;Hxxx;H*Hxx;H^2*Hxx,0.03394736842105264,2.48952647719427
0.44611261668890406,1.756833807287376,1.6847093035461624,-2.3968406188400704,0;0;-2.39684061884;1.68470930355;0;0;0;-1.99214296932;0;0;0.188335782016;0,56702.789441494286,0.005,564,0.0002,52.93586391362807,,0.02874595624628211,0.39073579999990216,ok,same_stridge_core,Hx;D_x^1.756834 H;H*Hxx;H^2*Hxx,0.10000000000000002,7.573632360432644
0.5037971232236719,1.2503193904973968,0.8387770567993676,-2.6628296779892526,0;0;-2.66282967799;0.838777056799;0;0;0;-0.417638196114;0;0;0;-0.108151011977,55779.23191179089,0.005,565,0.0002,48.52817171445894,,0.008345183602644144,0.15275480000002517,ok,same_stridge_core,Hx;D_x^1.250319 H;H*Hxx;H^2*Hxxx,0.046375,3.9047861850262233
0.6866688841909252,1.4389998431046167,0.18753146846402552,-1.2957140249847785,0;0;-1.29571402498;0.187531468464;0;0;0;0;0;0;0;0,55439.8004559056,0.005,566,0.0002,23.442390849716062,,0.0008404912075989017,0.13879180000003544,ok,same_stridge_core,Hx;D_x^1.439 H,0.12500000000000003,1.2664706673538226
0.6656534302986062,1.3937022682284248,0.3468912327039041,-1.4859734808294907,0;0;-1.48597348083;0.346891232704;0.730421989833;0;0;-0.0747355865009;-0.256918426186;0;0;0,55523.83361890472,0.005,567,0.0002,56.87958763764178,,0.0009586503005298468,0.1375381999999945,ok,same_stridge_core,Hx;D_x^1.393702 H;Hxxx;H*Hxx;H*Hxxx,0.02625000000000001,1.3557540187370591
0.7311474263829602,1.4441178876986565,0.0,-1.1099116522249592,0;0;-1.10991165222;0;0;0;0;0;0;0;0;0,55430.522109252626,0.005,568,0.0002,13.966769276477008,,0.00429358529829817,0.37372080000000096,ok,same_stridge_core,Hx,0.12500000000000003,2.8806648546264824
0.6440732262082456,1.4485910497454255,0.5247413086554398,-1.6002651010650208,0;0;-1.60026510107;0.524741308655;-0.330143436963;0;0;-0.377966247802;-0.014199527259;0;0.030949466281;0,55422.475683059085,0.005,569,0.0002,68.02410126469194,,0.0011943025942023453,0.40137800000002244,ok,same_stridge_core,Hx;D_x^1.448591 H;Hxxx;H*Hxx;H*Hxxx;H^2*Hxx,0.015,1.5171304450210206
0.6414205786920286,1.699896564667831,0.7486561792835553,-1.4523281428486199,0;0;-1.45232814285;0.748656179284;1.34843154964;0;0;-0.518893925409;-0.0760586308994;0;0.0485455307163;0,55739.351775075964,0.005,570,0.0002,68.7009569567084,,0.0016950593029183393,0.39365440000005947,ok,same_stridge_core,Hx;D_x^1.699897 H;Hxxx;H*Hxx;H*Hxxx;H^2*Hxx,0.025,1.813734826617241
0.6675130167253255,1.6700495488608746,0.19567989961574178,-1.3102618251890372,0;0;-1.31026182519;0.195679899616;0;0;0;0;0;0;0;0,55494.77099616634,0.005,571,0.0002,24.015408964716304,,0.001680727054532119,0.2753926999999976,ok,same_stridge_core,Hx;D_x^1.67005 H,0.039458333333333324,1.8175005662497672
0.6239459925503028,1.4357273081452357,0.6162297443382194,-1.726279156514533,0;0;-1.72627915651;0.616229744338;-0.458814701955;0;0;-0.479033899047;-0.018312371887;0;0.0381980005115;0,55445.768732766475,0.005,572,0.0002,68.29812218699144,,0.0016264172555010348,0.14774950000003173,ok,same_stridge_core,Hx;D_x^1.435727 H;Hxxx;H*Hxx;H*Hxxx;H^2*Hxx,0.02,1.763199707671659
0.5020260085529926,1.2772381161257524,0.9973329149510114,-2.5385627252885428,0;0;-2.53856272529;0.997332914951;0;0;-0.0499895139528;-0.504340988256;0;0;0;-0.153633979899,55734.287844421975,0.005,573,0.0002,59.5376544090109,,0.007625061459076597,0.3786175999999841,ok,same_stridge_core,Hx;D_x^1.277238 H;H*Hx;H*Hxx;H^2*Hxxx,0.04,3.8033665645889223
0.6549728795900954,1.4149525607349083,0.5952618669067341,-1.3238344785548795,0;0;-1.32383447855;0.595261866907;0;0;-0.126257105883;-0.172704215437;-0.417076206547;0.00960704774607;0;0,55484.13520753641,0.005,574,0.0002,67.87584512026436,,0.0008690366649674385,0.3997854000000416,ok,same_stridge_core,Hx;D_x^1.414953 H;H*Hx;H*Hxx;H*Hxxx;H^2*Hx,0.01,1.2948828712206584
0.5773675122442428,1.3864805065877275,0.8875163295853455,-2.024329370084413,-0.0428921077972;0;-2.02432937008;0.887516329585;-1.26111251463;0;-0.0446121391113;-0.394261355232;0;0;0;-0.0979188916634,55537.34509806404,0.005,575,0.0002,80.13518077173087,,0.0028919679740469608,0.3849382000000787,ok,same_stridge_core,1;Hx;D_x^1.386481 H;Hxxx;H*Hx;H*Hxx;H^2*Hxxx,0.025,2.382897634441212
0.6754409306680829,1.4358741814697982,0.32128788705993677,-1.411570817197641,0;0;-1.4115708172;0.32128788706;0.909352899052;0;0;-0.0554465902989;-0.242992491024;0;0;0,55445.50030959935,0.005,576,0.0002,56.73583575787775,,0.0008631363077046765,0.13418769999998403,ok,same_stridge_core,Hx;D_x^1.435874 H;Hxxx;H*Hxx;H*Hxxx,0.015428571428571437,1.2903354482783982
0.7024736580196778,1.8979235825722076,-0.08069884207357232,-1.162360912943362,0;0;-1.16236091294;-0.0806988420736;0.10908003098;0;0;0.0726631582124;0;0;0;0,64195.23335397624,0.005,577,0.0002,52.608106599219894,,0.0007973274268091258,0.1359796000000415,ok,same_stridge_core,Hx;D_x^1.897924 H;Hxxx;H*Hxx,0.019493116113824992,1.251919916038903
0.7664113700569043,1.4513489022525237,0.0,-0.9908212265149507,0;0;-0.990821226515;0;0;0;0;0.0851058689607;0;0;0;0,55417.547408371494,0.005,578,0.0002,23.25991775348045,,0.0005932395918291568,0.3943633000000091,ok,same_stridge_core,Hx;H*Hxx,0.06750000000000003,1.092898790131852
0.7129445107612544,1.536956769008197,0.22943221375776163,-1.2079579545550452,0;0;-1.20795795456;0.229432213758;0;0;0;0.00489361024542;0;0;0;0,55290.654515362265,0.005,579,0.0002,34.21145231093915,,0.0005543574341259191,0.4269735999999966,ok,same_stridge_core,Hx;D_x^1.536957 H;H*Hxx,0.015,1.0370596017217861
0.6392441655312106,1.776197483061122,0.1337128610802157,-1.3815501589646568,0;0;-1.38155015896;0.13371286108;0;0;0;0;0;0;0;0,57255.27234008539,0.005,580,0.0002,25.40012185031607,,0.0031654854771102606,0.14379629999996268,ok,same_stridge_core,Hx;D_x^1.776197 H,0.075,2.4980129142819116
0.643215493445507,1.4438293443891663,0.5232431992432417,-1.6072015020222088,0;0;-1.60720150202;0.523243199243;-0.348088169535;0;0;-0.378144270373;-0.0165047224162;0;0.0308341635198;0,55431.04320482277,0.005,581,0.0002,68.0405851059743,,0.0012047357718831216,0.3767447999999831,ok,same_stridge_core,Hx;D_x^1.443829 H;Hxxx;H*Hxx;H*Hxxx;H^2*Hxx,0.015,1.52333326018697
0.595065547152995,1.2561286522893502,0.5175722089524173,-2.013293744624427,0;0;-2.01329374462;0.517572208952;0;0;0;-0.207066216633;-0.456324069616;0;0;0,55769.67651282577,0.005,582,0.0002,46.744189512097776,,0.002411943605803265,0.3972473999999693,ok,same_stridge_core,Hx;D_x^1.256129 H;H*Hxx;H*Hxxx,0.025,2.1284483018371616
0.6494060972886089,1.6515038345648918,0.11347318136691822,-1.3428192762021747,0;0;-1.3428192762;0.113473181367;3.58871759071;0;0;0;-0.571454223421;0;0;0,55398.97002367058,0.005,583,0.0002,46.22967662966952,,0.0019055849560510798,0.3919612000000825,ok,same_stridge_core,Hx;D_x^1.651504 H;Hxxx;H*Hxxx,0.034471796177678524,1.9105006107330558
0.8430071758918278,1.7369719375261916,0.5459733650741693,-0.8691828802206372,0;0;-0.869182880221;0.545973365074;0;0;0;0;0;0;0;0,56270.52969802699,0.005,584,0.0002,24.148597769818267,,0.0013684668076899506,0.14099140000007537,ok,same_stridge_core,Hx;D_x^1.736972 H,0.045,1.6403858906074689
0.778113788280979,1.0878243218976442,0.0,-0.9890923849519457,0;0;-0.989092384952;0;0;0;0;0;0;0;0;0,56013.739568405574,0.005,585,0.0002,14.73081196582292,,0.006494222155625816,0.2809171999999762,ok,same_stridge_core,Hx,0.08875000000000002,3.528064052141804
0.6760256164544282,1.1656777196026584,0.10924547391219917,-1.379039813538721,0;0;-1.37903981354;0.109245473912;0.669851314976;0;0;0;-0.234996147511;0;0;0,55909.20502551439,0.005,586,0.0002,45.92453696585815,,0.0007344546916972204,0.379532900000072,ok,same_stridge_core,Hx;D_x^1.165678 H;Hxxx;H*Hxxx,0.015,1.1971729454466398
0.7285224238344583,1.6078518247583924,0.29607947221812364,-1.1618457683279608,0;0;-1.16184576833;0.296079472218;0;0;0;0;0;0;0;0,55286.1107686118,0.005,587,0.0002,23.094363476496934,,0.0004906900537319685,0.36624189999997725,ok,same_stridge_core,Hx;D_x^1.607852 H,0.07355820105820106,0.9799191690522138
0.8018907658689216,1.5740679295107978,0.0,-1.04742476537384,0;0;-1.04742476537;0;-2.69848270322;0;0;0;0;0;0;0,55268.88654048294,0.005,588,0.0002,25.36419176581979,,0.005746738710128207,0.3917728999999781,ok,same_stridge_core,Hx;Hxxx,0.12500000000000003,3.2566371496266124
0.8454577900439444,1.5060810027680918,-0.16858463696398146,-0.7409163581236163,0;0;-0.740916358124;-0.168584636964;0;0;0;0.153691384504;0;0;0;0,55328.27379615633,0.005,589,0.0002,34.95073047177108,,0.00153507548280348,0.3764693000000534,ok,same_stridge_core,Hx;D_x^1.506081 H;H*Hxx,0.06972727272727275,1.7537661940772762
0.7018000831897844,1.8639023667561525,-0.04011471925788523,-1.163803553163264,0;0;-1.16380355316;-0.0401147192579;0.130690087138;0;0;0.0668411903253;0;0;0;0,61839.85828514483,0.005,590,0.0002,50.73334288190466,,0.0008111033576168328,0.27367450000008375,ok,same_stridge_core,Hx;D_x^1.863902 H;Hxxx;H*Hxx,0.02442096863403398,1.2614562537887963
0.9296976717479789,1.4831995041731858,-0.828322802269754,-0.8151838177710015,0.0960823268833;0;-0.815183817771;-0.82832280227;5.62543369871;0;0.307912721407;0.502846504;0.264641557539;-0.024693077102;0;0,55363.1225968649,0.005,591,0.0002,89.32551514334475,,0.0002824950562691816,0.2736052999999856,ok,same_stridge_core,1;Hx;D_x^1.4832 H;Hxxx;H*Hx;H*Hxx;H*Hxxx;H^2*Hx,0.005,0.7445189883608849
0.66225527686846,1.6450039657348476,0.1795584347730984,-1.3278412878909394,0;0;-1.32784128789;0.179558434773;0;0;0;0;0;0;0;0,55373.29857619812,0.005,592,0.0002,24.057319694944468,,0.0018546965430600105,0.38763910000000124,ok,same_stridge_core,Hx;D_x^1.645004 H,0.12500000000000003,1.9080002644652172
0.6379718268977594,1.7393406077220868,0.1273783075728517,-1.3880490028543409,0;0;-1.38804900285;0.127378307573;0;0;0;0;0;0;0;0,56315.81597333035,0.005,593,0.0002,25.039395892508644,,0.0032065675876283453,0.3846992,ok,same_stridge_core,Hx;D_x^1.739341 H,0.05407345247345247,2.5130695031765047
0.691646638184596,1.1425710997992276,0.0,-1.2195400681525654,0;0;-1.21954006815;0;0;0;0;0;0;0;0;0,55941.68864433853,0.005,594,0.0002,13.68476420076899,,0.00317949866501106,0.2727102000000059,ok,same_stridge_core,Hx,0.10000000000000002,2.4964264719012834
0.6146891009401582,1.3157161013804755,0.507993454323569,-1.8463679842839615,0;0;-1.84636798428;0.507993454324;0.582790303381;0;0;-0.175956276946;-0.419425092476;0;0;0,55667.24006419812,0.005,595,0.0002,57.59789430289182,,0.001982398450068436,0.38294489999998405,ok,same_stridge_core,Hx;D_x^1.315716 H;Hxxx;H*Hxx;H*Hxxx,0.02,1.930654238693692
0.6527983810778752,1.8218679697808668,0.18337057566506398,-1.3368779650653508,0;0;-1.33687796507;0.183370575665;0;0;0;0;0;0;0;0,59206.388410777756,0.005,596,0.0002,25.896119270560497,,0.002481833833484999,0.38261160000001837,ok,same_stridge_core,Hx;D_x^1.821868 H,0.09166666666666669,2.213563906249394
0.7938665118120606,1.209269321936128,0.0,-1.062712681453718,0;0;-1.06271268145;0;-2.60963009845;0;0;0;0;0;0;0,55844.43940578863,0.005,597,0.0002,25.508552676269986,,0.005434924579287392,0.29173579999996946,ok,same_stridge_core,Hx;Hxxx,0.12500000000000003,3.170776913954535
0.48164032946394914,1.365314110753894,1.9633453529284195,-2.053939465906707,-0.180877196616;0;-2.05393946591;1.96334535293;-15.6542088045;0;-0.706284204415;-1.02620615145;-0.574353840267;0.0591552520366;0;0,55576.81196993151,0.005,598,0.0002,91.86615844273643,,0.004365029834698945,0.398365799999965,ok,same_stridge_core,1;Hx;D_x^1.365314 H;Hxxx;H*Hx;H*Hxx;H*Hxxx;H^2*Hx,0.035,2.9432592908459996
0.6661201869217763,1.5291653786636537,0.4952251555147858,-1.4464596408447168,0;0;-1.44645964084;0.495225155515;0.0221100129654;0;0;-0.317366223558;0;0;0.0280344879866;0,55298.84759467115,0.005,599,0.0002,56.62866845410333,,0.000905349507944732,0.39239919999999984,ok,same_stridge_core,Hx;D_x^1.529165 H;Hxxx;H*Hxx;H^2*Hxx,0.013636363636363632,1.3298208594321759
0.6900700000606041,1.737856464271617,0.0,-1.2067580534335334,0;0;-1.20675805343;0;0;0;0;0.0537079368779;0;0;0;0,56287.25699418479,0.005,600,0.0002,23.94954427120743,,0.001046740372807817,0.13478780000002644,ok,same_stridge_core,Hx;H*Hxx,0.03441988795518207,1.4346414735335145
0.6675130167253255,1.4425594904897596,0.16244709215782893,-1.3431215190398011,0;0;-1.34312151904;0.162447092158;0;0;0;0;0;0;0;0,55433.33954159025,0.005,601,0.0002,23.786793810673938,,0.0013546593781474858,0.27109649999999874,ok,same_stridge_core,Hx;D_x^1.442559 H,0.07355820105820104,1.6134579940378362
0.7339698343675645,1.36306133157743,0.05936240702382647,-1.11050446361073,0;0;-1.11050446361;0.0593624070238;0;0;0;0.0545840022024;0;0;0;0,55580.99184819962,0.005,602,0.0002,34.33687219677417,,0.0004917515778773655,0.3902087000000165,ok,same_stridge_core,Hx;D_x^1.363061 H;H*Hxx,0.036777777777777736,0.9882770878543992
0.8739004737467417,1.5589387358024454,0.0,-0.7351782111457908,0;0;-0.735178211146;0;0;0;0;0.115108634214;0;0;0;0,55273.77694339454,0.005,603,0.0002,24.157183804241082,,0.002087832403674788,0.2757318999999825,ok,same_stridge_core,Hx;H*Hxx,0.05499999999999999,2.047673026883263
0.7108141985535557,1.5838466248484433,0.2586603004537156,-1.2101143035090562,0;0;-1.21011430351;0.258660300454;0;0;0;0;0;0;0;0,55269.38990216625,0.005,604,0.0002,23.18423586090087,,0.0005947973993322558,0.271538400000054,ok,same_stridge_core,Hx;D_x^1.583847 H,0.03172991452991451,1.0764799000343697
0.5929206152420093,1.8688703276247127,0.0,-1.528248716014385,0;0;-1.52824871601;0;0;0;0;0;0;0;0;0,62186.45356357067,0.005,605,0.0002,16.147926976933615,,0.007006573890818523,0.38697560000002795,ok,same_stridge_core,Hx,0.05499999999999999,3.7106362642194815
0.7124646259857221,1.7115463481659334,0.3141531334802888,-1.1781959377793745,0;0;-1.17819593778;0.31415313348;0.130512162292;0;0;0;0;0;0;0,55874.191795510786,0.005,606,0.0002,34.65616741395631,,0.0006543573242778931,0.3867079999999987,ok,same_stridge_core,Hx;D_x^1.711546 H;Hxxx,0.048259259259259286,1.1316523366498388
0.6172144796902614,1.0386213500362473,0.19219344257753612,-1.7867968778112273,0;0;-1.78679687781;0.192193442578;0;0;0;-0.0871118908665;-0.424003141126;0;0;0,56072.926390014516,0.005,607,0.0002,46.62844701285792,,0.0015980051336934836,0.3747133000000531,ok,same_stridge_core,Hx;D_x^1.038621 H;H*Hxx;H*Hxxx,0.02440829956834238,1.770105900846301
0.6925518047135311,1.6212342644291289,0.2371332021884571,-1.2502015946542784,0;0;-1.25020159465;0.237133202188;0;0;0;0;0;0;0;0,55307.39273702199,0.005,608,0.0002,23.452053304236355,,0.0009026286754953442,0.38861899999994876,ok,same_stridge_core,Hx;D_x^1.621234 H,0.030000000000000002,1.3290962094275576
0.7482758037761577,1.697830263993176,0.37161332930381413,-1.095269207581562,0;0;-1.09526920758;0.371613329304;0;0;0;0;0;0;0;0,55718.026640910895,0.005,609,0.0002,23.255432652087446,,0.0004763185251488504,0.1330970999999863,ok,same_stridge_core,Hx;D_x^1.69783 H,0.061666666666666675,0.9682219957230889
0.6161308630510862,1.255191430638377,0.42784421208584533,-1.8544446790962064,0;0;-1.8544446791;0.427844212086;0;0;0;-0.157887066388;-0.37741111134;0;0;0,55771.22355377564,0.005,610,0.0002,46.430141303683286,,0.0017421607369477999,0.38188239999999496,ok,same_stridge_core,Hx;D_x^1.255191 H;H*Hxx;H*Hxxx,0.04362500000000001,1.8131624606627676
0.6691050995428421,1.8448882086080807,-0.3096325676282645,-1.2698266458764484,0;0;-1.26982664588;-0.309632567628;0;0;0;0.090368795627;-0.0557200610853;0;0;0,60565.67659831603,0.005,611,0.0002,50.21842137836089,,0.0015734515930229185,0.40254640000000563,ok,same_stridge_core,Hx;D_x^1.844888 H;H*Hxx;H*Hxxx,0.032858585858585816,1.765880099708061
0.7130178796513413,1.7026315686943105,0.18564658078819504,-1.159867361475798,0;0;-1.15986736148;0.185646580788;0.126654776377;0;0;0.0268889373762;0;0;0;0,55768.73326769024,0.005,612,0.0002,45.721590322801866,,0.0006258426962747675,0.3805282000000716,ok,same_stridge_core,Hx;D_x^1.702632 H;Hxxx;H*Hxx,0.030000000000000002,1.106603708649675
0.6529958692057128,1.0556244414622538,0.13731363242024577,-1.5577925220705653,0;0;-1.55779252207;0.13731363242;0;0;0;-0.0361308383939;-0.284178126933;0;0;0,56053.04286043154,0.005,613,0.0002,46.21896968103396,,0.0009583689557490618,0.371666199999936,ok,same_stridge_core,Hx;D_x^1.055624 H;H*Hxx;H*Hxxx,0.025,1.376535392688729
0.7754052819708597,1.2347058176757222,0.0,-0.9673482098439237,0;0;-0.967348209844;0;0;0;0;0.0882145423284;0;0;0;0,55804.51461532287,0.005,614,0.0002,23.47666057128962,,0.0006618393104272449,0.38582020000001194,ok,same_stridge_core,Hx;H*Hxx,0.08625000000000002,1.1548547251604735
0.597775832384627,1.7549451743050677,0.0,-1.5118401073913443,0;0;-1.51184010739;0;0;0;0;0;0;0;0;0,56656.252216871915,0.005,615,0.0002,14.901651335476528,,0.006479139042084476,0.3959960999999339,ok,same_stridge_core,Hx,0.12500000000000003,3.570400892102144
0.6735229091499115,1.712478187217451,0.0,-1.2724042056240044,0;0;-1.27240420562;0;0;0;0;0;0;0;0;0,55886.117997298876,0.005,616,0.0002,13.622590130167866,,0.0030297327931559565,0.3844646999999668,ok,same_stridge_core,Hx,0.06139550264550263,2.4453665307080903
0.7177550032625385,1.6065454803569386,0.22740231190514787,-1.1772963106149157,0;0;-1.17729631061;0.227402311905;-0.00675179553196;0;0;0.0122764871852;0;0;0;0,55284.54136826778,0.005,617,0.0002,45.25771558848403,,0.0005416978274081624,0.2777406999999812,ok,same_stridge_core,Hx;D_x^1.606545 H;Hxxx;H*Hxx,0.01,1.0300824938698092
0.6854625287703676,1.765479823349255,0.0,-1.2373932587906842,0;0;-1.23739325879;0;0;0;0;0;0;0;0;0,56931.93194711202,0.005,618,0.0002,13.8536623538639,,0.0030979213946814117,0.38412930000004053,ok,same_stridge_core,Hx,0.059870370370370365,2.467275964441497
0.5322228787593416,1.271936546379801,0.8090862780505423,-2.306860043241097,0;0;-2.30686004324;0.809086278051;0;0;-0.0392515088626;-0.398503608879;0;0;0;-0.125309647572,55743.272534718184,0.005,619,0.0002,58.903841507667636,,0.005264169360525374,0.38618270000006305,ok,same_stridge_core,Hx;D_x^1.271937 H;H*Hx;H*Hxx;H^2*Hxxx,0.03699999999999996,3.160568972949448
0.7422891725637019,1.980415590339431,0.5652655046503756,-1.0478383685659323,0;0;-1.04783836857;0.56526550465;1.15145068508;0;0;0;-0.181780218847;0;0;0,67007.23178473336,0.005,620,0.0002,54.58194758661814,,0.00048323169721787906,0.39501719999998386,ok,same_stridge_core,Hx;D_x^1.980416 H;Hxxx;H*Hxxx,0.02204761904761906,0.9761621588314477
0.7421054182086415,1.541099294166052,0.13774941439842453,-1.097150264890913,0;0;-1.09715026489;0.137749414398;0;0;0;0.0407326698644;0;0;0;0,55286.72663193029,0.005,621,0.0002,34.138244914879955,,0.00047055192691344974,0.13634639999997944,ok,same_stridge_core,Hx;D_x^1.541099 H;H*Hxx,0.022857142857142878,0.9662089357217818
0.6766369158964213,1.053172115799641,0.09048564291799456,-1.4015952612750864,0;0;-1.40159526128;0.090485642918;0.33423998855;0;0;0;-0.23918967387;0;0;0,56055.94711876582,0.005,622,0.0002,46.03466826101436,,0.0007106269850333794,0.13620560000003934,ok,same_stridge_core,Hx;D_x^1.053172 H;Hxxx;H*Hxxx,0.015,1.1899105660017013
0.43952047208805345,1.2477516783339972,1.3241492895883467,-3.4625551959225223,0;0;-3.46255519592;1.32414928959;0;0;0;-0.672697651753;-1.06776594259;0;0;-0.0290416910399,55783.43000253741,0.005,623,0.0002,61.31388690427046,,0.016410754294120693,0.13829150000003665,ok,same_stridge_core,Hx;D_x^1.247752 H;H*Hxx;H*Hxxx;H^2*Hxxx,0.07900000000000001,5.530456901733045
0.7001447345678615,1.0880517217422652,0.10208421484143515,-1.345665317513305,0;0;-1.34566531751;0.102084214841;0;0;0;0;-0.215519534369;0;0;0,56013.45400223961,0.005,624,0.0002,34.764706360860885,,0.0006577826424099093,0.40053910000006,ok,same_stridge_core,Hx;D_x^1.088052 H;H*Hxxx,0.01,1.1566339595171191
0.7259456134275397,1.6648454485939563,0.31488649348478687,-1.157255527515798,0;0;-1.15725552752;0.314886493485;0;0;0;0;0;0;0;0,55464.20360558085,0.005,625,0.0002,23.191624797512564,,0.0005150728719216362,0.40906330000007074,ok,same_stridge_core,Hx;D_x^1.664845 H,0.05499999999999999,1.0059433552802242
0.6601808081878896,1.85244493233466,0.7044515009918114,-1.3213380865934392,0;0;-1.32133808659;0.704451500992;0;0;0;-0.456196967172;0.132607226039;0;0.0474434698466;0,61059.29981723815,0.005,626,0.0002,62.77499243094738,,0.001472054078802623,0.3796037999999271,ok,same_stridge_core,Hx;D_x^1.852445 H;H*Hxx;H*Hxxx;H^2*Hxx,0.02516666666666667,1.7156926137092303
0.723076104586349,1.8454930789248412,0.0,-1.1074223874948197,0;0;-1.10742238749;0;0.0482205852547;0;0;0.0688955915231;0;0;0;0,60604.44102605315,0.005,627,0.0002,37.42677309358328,,0.0005716133313532141,0.3927432000000408,ok,same_stridge_core,Hx;Hxxx;H*Hxx,0.045,1.0641084779513872
0.659569939760587,1.8183949387334344,-0.2884265953957618,-1.2821688984554738,0;0;-1.28216889846;-0.288426595396;0;0;0;0.0883189499731;0;0;0;0,59022.74146759158,0.005,628,0.0002,37.37955121409591,,0.001971986205223535,0.274238700000069,ok,same_stridge_core,Hx;D_x^1.818395 H;H*Hxx,0.054959299959299955,1.9659063335409663
0.6729801796088827,1.9494881484729272,0.0,-1.2740127737513436,0;0;-1.27401277375;0;0;0;0;0;0;0;0;0,66668.27476664662,0.005,629,0.0002,15.77919997361645,,0.003029632777904408,0.2720594999999548,ok,same_stridge_core,Hx,0.12500000000000003,2.445545020287126
0.6626953972944681,1.4331093492531186,0.43268930104429126,-1.5168922237814269,0;0;-1.51689222378;0.432689301044;0;0;0;-0.0959616129325;-0.145923326127;0;0;0,55450.5613391985,0.005,630,0.0002,45.838145184901585,,0.001129495659538325,0.3790635000000293,ok,same_stridge_core,Hx;D_x^1.433109 H;H*Hxx;H*Hxxx,0.06999999999999999,1.4776961135427873
0.6675130167253255,1.971422294539321,0.0,-1.288688489198838,0;0;-1.2886884892;0;0;0;0;0.0391418308156;-0.045503944611;0;0;0,66996.56004763831,0.005,631,0.0002,42.03373345186985,,0.0017015376611229105,0.2852299999999559,ok,same_stridge_core,Hx;H*Hxx;H*Hxxx,0.025,1.8357974232868566
0.5463924564221788,1.7274491291797094,1.48813241044668,-1.9982035448622228,-0.0636574016918;0;-1.99820354486;1.48813241045;0;0;0;-1.25679707374;-0.0898246804612;0;0.105875590723;0,56103.76177388805,0.005,632,0.0002,71.01595386871476,,0.007006301582716042,0.3973653000000468,ok,same_stridge_core,1;Hx;D_x^1.727449 H;H*Hxx;H*Hxxx;H^2*Hxx,0.0471875,3.6914397400490904
0.6462000848560077,1.6356080144394227,0.14205355785441054,-1.3735168386004197,0;0;-1.3735168386;0.142053557854;0;0;0;0;0;0;0;0,55342.37460377628,0.005,633,0.0002,24.399269855678078,,0.002607794939145083,0.3927362000000585,ok,same_stridge_core,Hx;D_x^1.635608 H,0.07509259259259261,2.2623200141675652
0.6239584782227714,1.9806242977946367,0.23640507833972813,-1.3950006625474851,0;0;-1.39500066255;0.23640507834;0.984790100049;0;0;-0.398329486983;0;0;0.0481751313861;0,67006.70446898867,0.005,634,0.0002,69.3831083372803,,0.0028852833422812244,0.4073501999999962,ok,same_stridge_core,Hx;D_x^1.980624 H;Hxxx;H*Hxx;H^2*Hxx,0.031947368421052634,2.3764038682916326
0.6096136354421078,1.3498698012979184,0.6146714621884461,-1.8991375102514267,0;0;-1.89913751025;0.614671462188;0;0;0;-0.207351228452;-0.335926296089;0;0;0,55605.35446955568,0.005,635,0.0002,46.59645998504759,,0.0023574369680853446,0.3951681000000917,ok,same_stridge_core,Hx;D_x^1.34987 H;H*Hxx;H*Hxxx,0.025,2.112176409403038
0.6469670968402744,1.755777952610112,0.15524070992824077,-1.3599818239938688,0;0;-1.35998182399;0.155240709928;0;0;0;0;0;0;0;0,56676.6226611466,0.005,636,0.0002,24.98200191475992,,0.0027105230750213726,0.2832322000000431,ok,same_stridge_core,Hx;D_x^1.755778 H,0.06499999999999999,2.31135285030128
0.7146197893084334,1.299717830019855,0.1283761946669534,-1.2412442001149186,0;0;-1.24124420011;0.128376194667;-0.551790589777;0;0;0.0177735355641;0;0;0;0,55695.49604121275,0.005,637,0.0002,45.55277060937612,,0.0005031923507647929,0.2878647000000001,ok,same_stridge_core,Hx;D_x^1.299718 H;Hxxx;H*Hxx,0.02,0.99637377640592
0.6517665770667149,1.2335164323465364,0.2707047907384233,-1.6030355147399542,0;0;-1.60303551474;0.270704790738;0;0;0;-0.0774435958417;-0.263961931751;0;0;0,55806.41652730994,0.005,638,0.0002,46.01627896488503,,0.0009788818932735084,0.40131910000002335,ok,same_stridge_core,Hx;D_x^1.233516 H;H*Hxx;H*Hxxx,0.015,1.371145743037078
0.686529819924809,1.697830263993176,0.0,-1.234298450512984,0;0;-1.23429845051;0;0;0;0;0;0;0;0;0,55718.026640910895,0.005,639,0.0002,13.615103337862783,,0.0031098581976968147,0.12979890000008254,ok,same_stridge_core,Hx,0.12500000000000003,2.471498009680603
0.6522576583056214,1.424599233600767,0.4134023037196847,-1.5396051184283919,0;0;-1.53960511843;0.41340230372;1.27851209961;0;0;-0.0990310764254;-0.339129248792;0;0;0,55466.2340852808,0.005,640,0.0002,57.04447836366813,,0.0013048875630160847,0.38734899999997197,ok,same_stridge_core,Hx;D_x^1.424599 H;Hxxx;H*Hxx;H*Hxxx,0.02816666666666668,1.578244278387328
0.8046931288774724,1.7928141939048927,0.5517471261998385,-0.9434071041769112,0;0;-0.943407104177;0.5517471262;-1.08800336459;0;0;0;0.174849142167;0;0;0,57851.90592518773,0.005,641,0.0002,47.4650727383353,,0.000729672149008539,0.3847255000000587,ok,same_stridge_core,Hx;D_x^1.792814 H;Hxxx;H*Hxxx,0.035,1.1835479981851151
0.6256051505137424,1.488908095563826,0.662804898324211,-1.6712814040417416,0;0;-1.67128140404;0.662804898324;0;0;0;-0.520357699862;0;0;0.0436863397172;0,55354.0131164685,0.005,642,0.0002,46.082074705217444,,0.0017023421155061887,0.39526200000000244,ok,same_stridge_core,Hx;D_x^1.488908 H;H*Hxx;H^2*Hxx,0.01642857142857143,1.7988642120426352
0.6493001541545758,1.0342641674596824,0.13293612832147542,-1.5757976950746129,0;0;-1.57579769507;0.132936128321;0;0;0;-0.0376692597812;-0.298179053962;0;0;0,56077.92774895992,0.005,643,0.0002,46.28133700633768,,0.0010167856086501996,0.38239150000003974,ok,same_stridge_core,Hx;D_x^1.034264 H;H*Hxx;H*Hxxx,0.015,1.4189948071697358
0.7310622549580448,1.192395260689172,0.041068359639206506,-1.136629020367724,0;0;-1.13662902037;0.0410683596392;-0.325701791062;0;0;0.0542931546966;0;0;0;0,55870.05571286626,0.005,644,0.0002,45.69330006769958,,0.0004973100998491453,0.3845294999999851,ok,same_stridge_core,Hx;D_x^1.192395 H;Hxxx;H*Hxx,0.015,0.9972554974065702
0.6598058824663378,1.2850370891578178,0.13545930670781187,-1.3891044293497288,0;0;-1.38910442935;0.135459306708;0;0;0;0;0;0;0;0,55720.95544427952,0.005,645,0.0002,23.901424830002835,,0.0013877114866379903,0.40344470000002275,ok,same_stridge_core,Hx;D_x^1.285037 H,0.06499999999999999,1.613042652291024
0.6735229091499115,1.561120480219205,0.4853005535994939,-1.3971619185381643,0;0;-1.39716191854;0.485300553599;0.137761670366;0;0;-0.294789972453;0;0;0.0267744472816;0,55272.692038450514,0.005,646,0.0002,56.54595910215574,,0.0008260123833643256,0.27267219999998815,ok,same_stridge_core,Hx;D_x^1.56112 H;Hxxx;H*Hxx;H^2*Hxx,0.015,1.2732670637052295
0.7177550032625385,1.6510864837837156,0.21602108746775125,-1.1629023191415657,0;0;-1.16290231914;0.216021087468;0.0577319599969;0;0;0.0185598352183;0;0;0;0,55397.2089056051,0.005,647,0.0002,45.36361597396229,,0.0005583301398632553,0.278068200000007,ok,same_stridge_core,Hx;D_x^1.651086 H;Hxxx;H*Hxx,0.025,1.0458488494782117
0.6784152810315098,1.4992873145956425,0.18667969357768632,-1.306165810705958,0;0;-1.30616581071;0.186679693578;0;0;0;0;0;0;0;0,55338.12804349714,0.005,648,0.0002,23.59286832660909,,0.0010996830917645907,0.28052549999995335,ok,same_stridge_core,Hx;D_x^1.499287 H,0.044876695156695165,1.4576171092102335
0.6534956046632103,1.6571468187536573,0.6708671125617146,-1.4328166839367484,0;0;-1.43281668394;0.670867112562;0.837106827741;0;0;-0.44774462841;-0.0303637501438;0;0.0414143111573;0,55424.388267991846,0.005,649,0.0002,68.10034340026213,,0.0012989630571897594,0.3852867000000515,ok,same_stridge_core,Hx;D_x^1.657147 H;Hxxx;H*Hxx;H*Hxxx;H^2*Hxx,0.024523809523809545,1.59107747867191
0.586149896446702,1.5678822476489114,1.0930457359210841,-1.8797816098063642,0;0;-1.87978160981;1.09304573592;0;0;0;-0.880610896106;0;0;0.0733981974665;0,55270.11748327553,0.005,650,0.0002,46.88294509568908,,0.003633231900007161,0.43410129999995206,ok,same_stridge_core,Hx;D_x^1.567882 H;H*Hxx;H^2*Hxx,0.024047619047619068,2.6668511090686575
0.8046931288774724,1.7928141939048927,0.5395092563475238,-0.9387300858497858,0;0;-0.93873008585;0.539509256348;0;0;0;0;0;0;0;0,57851.90592518773,0.005,651,0.0002,24.37838952454943,,0.0007825472516106343,0.044971499999974185,ok,same_stridge_core,Hx;D_x^1.792814 H,0.060769230769230784,1.237627154474337
0.6255632636129181,1.7965942039297425,0.0,-1.4204397930144914,0;0;-1.42043979301;0;0;0;0;0;0;0;0;0,58005.04906214878,0.005,652,0.0002,14.50962533758616,,0.004272590585637667,0.43441489999997884,ok,same_stridge_core,Hx,0.10500000000000002,2.908615525156403
0.6686377515988033,1.2477516783339972,0.22829751711801813,-1.4958157219195911,0;0;-1.49581572192;0.228297517118;0;0;0;-0.0493391163808;-0.208627440883;0;0;0,55783.43000253741,0.005,653,0.0002,45.85066383767973,,0.0007729330013118427,0.13643849999994018,ok,same_stridge_core,Hx;D_x^1.247752 H;H*Hxx;H*Hxxx,0.01,1.2239198356498047
0.691646638184596,1.780758191775035,0.0,-1.2195400681525626,0;0;-1.21954006815;0;0;0;0;0;0;0;0;0,57407.02878949903,0.005,654,0.0002,13.977832229801091,,0.00317949866501106,0.2692342999999937,ok,same_stridge_core,Hx,0.12500000000000003,2.496426471901284
0.7018693793947777,1.506583742617538,0.21144306210735514,-1.2544928887543676,0;0;-1.25449288875;0.211443062107;0;0;0;0;-0.0461341578382;0;0;0,55327.56353313828,0.005,655,0.0002,34.31110716989694,,0.0006317415813121432,0.2673798999999235,ok,same_stridge_core,Hx;D_x^1.506584 H;H*Hxxx,0.02492913397575937,1.1145690500139722
0.6284701816163549,1.0109341564943444,0.15493203615323559,-1.70276844771777,0;0;-1.70276844772;0.154932036153;0;0;0;-0.0634529435682;-0.378564965715;0;0;0,56104.070894510915,0.005,656,0.0002,46.53280449182232,,0.0013776851901515666,0.4073794999999336,ok,same_stridge_core,Hx;D_x^1.010934 H;H*Hxx;H*Hxxx,0.020931500000000002,1.6495477762135895
0.7595895770526468,1.3937022682284248,0.0,-1.0088928656427585,0;0;-1.00889286564;0;0;0;0;0.0826689643108;0;0;0;0,55523.83361890472,0.005,657,0.0002,23.264635664258797,,0.0005535747889918142,0.14045329999999012,ok,same_stridge_core,Hx;H*Hxx,0.04508928571428573,1.055102216696909
0.5911828960566146,1.2084721897469153,0.4520980570909193,-2.033460882656298,0;0;-2.03346088266;0.452098057091;0;0;0;-0.195135638907;-0.497711077665;0;0;0,55845.66512653759,0.005,658,0.0002,46.80289773506992,,0.002397662758100048,0.14318370000000868,ok,same_stridge_core,Hx;D_x^1.208472 H;H*Hxx;H*Hxxx,0.025055399577734817,2.1263656338398476
0.6729801796088827,1.5536925488570084,0.18669686901699678,-1.3116104552746906,0;0;-1.31161045527;0.186696869017;0;0;0;0;0;0;0;0,55276.858726780796,0.005,659,0.0002,23.722462643399837,,0.0013340688298965528,0.2761265999999978,ok,same_stridge_core,Hx;D_x^1.553693 H,0.03945480599647264,1.6117191526875159
0.6691753654350439,1.6676349018661312,0.19903426322298728,-1.3059900319876192,0;0;-1.30599003199;0.199034263223;0;0;0;0;0;0;0;0,55480.20388066372,0.005,660,0.0002,23.974377140765878,,0.001616477910296822,0.38928820000000997,ok,same_stridge_core,Hx;D_x^1.667635 H,0.030000000000000002,1.782295588500389
0.6675130167253255,1.7867152732276161,-0.1432706456051535,-1.2640739177271354,0;0;-1.26407391773;-0.143270645605;0;0;0;0.0686768222043;0;0;0;0,57618.72701759994,0.005,661,0.0002,36.398121673686205,,0.0017011572619493396,0.26951560000009067,ok,same_stridge_core,Hx;D_x^1.786715 H;H*Hxx,0.054126706626706614,1.8268854631262406
0.6469545554371722,1.3745460209297542,0.4162999684964914,-1.6047379620764617,0;0;-1.60473796208;0.416299968496;0.826237258247;0;0;-0.11165455891;-0.321341400646;0;0;0,55559.63480380886,0.005,662,0.0002,57.12733022303233,,0.00129297206268255,0.27407399999992776,ok,same_stridge_core,Hx;D_x^1.374546 H;Hxxx;H*Hxx;H*Hxxx,0.08388888888888885,1.5676954192234713
0.6074787995840499,1.266417398648061,0.48150260745297485,-1.9199120139717585,0;0;-1.91991201397;0.481502607453;0;0;0;-0.181952786599;-0.402999226115;0;0;0,55752.55733636056,0.005,663,0.0002,46.55592087813506,,0.002028688804882244,0.38328630000000885,ok,same_stridge_core,Hx;D_x^1.266417 H;H*Hxx;H*Hxxx,0.024407399216996743,1.9538750090466095
0.6918053558773969,1.446848457730401,0.26332052323059363,-1.3162955122389768,0;0;-1.31629551224;0.263320523231;0;0;0;-0.134244205317;0;0;0.0138341115181;0,55425.60276236807,0.005,664,0.0002,45.42944470516989,,0.0006098590460539733,0.3935723000000735,ok,same_stridge_core,Hx;D_x^1.446848 H;H*Hxx;H^2*Hxx,0.01,1.0889624952754324
0.5896316156366456,1.364360853481644,0.7556028993486411,-2.0439839041956707,0;0;-2.0439839042;0.755602899349;0;0;0;-0.264930939165;-0.384294530931;0;0;0,55578.58133072754,0.005,665,0.0002,46.999448804948,,0.0033931665983192435,0.3970256000000063,ok,same_stridge_core,Hx;D_x^1.364361 H;H*Hxx;H*Hxxx,0.035,2.5365837403659715
0.6520753869833925,1.5115335582134737,0.5542149700281847,-1.5261789303548354,0;0;-1.52617893035;0.554214970028;-0.0382878607554;0;0;-0.384933077351;0;0;0.0330497181518;0,55320.719159268774,0.005,666,0.0002,56.796671667347105,,0.0011235394012050484,0.416690899999935,ok,same_stridge_core,Hx;D_x^1.511534 H;Hxxx;H*Hxx;H^2*Hxx,0.01690476190476191,1.4759525080783304
0.6753219417436057,1.0713007884141803,0.0,-1.2670828337560827,0;0;-1.26708283376;0;0;0;0;0;0;0;0;0,56034.18264572776,0.005,667,0.0002,13.652372187548597,,0.0030320004448524986,0.4045796000000337,ok,same_stridge_core,Hx,0.12000000000000004,2.4455356584030463
0.6954145994203246,1.3095403979429723,0.15428609473860302,-1.3131637636157598,0;0;-1.31316376362;0.154286094739;0;0;0;0;-0.101935252217;0;0;0,55678.20830357572,0.005,668,0.0002,34.47458428239352,,0.0005807858481192134,0.3824534999999969,ok,same_stridge_core,Hx;D_x^1.30954 H;H*Hxxx,0.01,1.067659300248092
0.6771857668991342,1.096061155353539,0.0,-1.2615870927418265,0;0;-1.26158709274;0;0;0;0;0;0;0;0;0,56003.32784135762,0.005,669,0.0002,13.647590128180902,,0.0030374389445023673,0.383440900000096,ok,same_stridge_core,Hx,0.11500000000000003,2.446924559909377
0.7137397880085827,1.1881548471011143,0.08155673188977908,-1.2330707338822582,0;0;-1.23307073388;0.0815567318898;-0.588364658062;0;0;0.0303570880977;0;0;0;0,55876.38421623539,0.005,670,0.0002,45.71766419134032,,0.0005213048834584043,0.3929689999999937,ok,same_stridge_core,Hx;D_x^1.188155 H;Hxxx;H*Hxx,0.02,1.0165568183520002
0.7241596955114928,1.9992314230928825,0.0,-1.1058440000376903,0;0;-1.10584400004;0;0.739240757996;0;0;0.0666517416323;-0.125170357637;0;0;0,66834.39182157186,0.005,671,0.0002,54.50728370291083,,0.0005394129358792913,0.3854913000000124,ok,same_stridge_core,Hx;Hxxx;H*Hxx;H*Hxxx,0.015,1.0397702456533455
0.6188638771202793,1.389498489675602,0.5564093561825859,-1.767687646842158,0;0;-1.76768764684;0.556409356183;1.43140638449;0;0;-0.172904915352;-0.459499186776;0;0;0,55531.69956145323,0.005,672,0.0002,57.5714752500004,,0.0022018508398104764,0.38407840000002125,ok,same_stridge_core,Hx;D_x^1.389498 H;Hxxx;H*Hxx;H*Hxxx,0.12500000000000003,2.0397756885471665
0.6939765006963796,1.6990052258307686,0.2430311635148713,-1.224976893118267,0;0;-1.22497689312;0.243031163515;1.85113972916;0;0;0;-0.296391688107;0;0;0,55730.062630856526,0.005,673,0.0002,45.83484312596804,,0.0008013137208220895,0.389202399999931,ok,same_stridge_core,Hx;D_x^1.699005 H;Hxxx;H*Hxxx,0.025,1.2507930212828169
0.5765481032857098,1.4586078572991155,0.949304862616403,-2.019164478122932,0;0;-2.01916447812;0.949304862616;-0.586620853802;0;0;-0.817986868914;0.00863715276239;0;0.0649098489707;0,55404.710314748525,0.005,674,0.0002,69.04308330052943,,0.0034541377464364586,0.39165319999995063,ok,same_stridge_core,Hx;D_x^1.458608 H;Hxxx;H*Hxx;H*Hxxx;H^2*Hxx,0.030000000000000002,2.557430922831201
0.6873079002093009,1.2076392276435248,0.12445581294816381,-1.3498985224524667,0;0;-1.34989852245;0.124455812948;0.289211780314;0;0;0;-0.178018651013;0;0;0,55846.944164729866,0.005,675,0.0002,45.782437775827326,,0.0006197880813943869,0.40128740000000107,ok,same_stridge_core,Hx;D_x^1.207639 H;Hxxx;H*Hxxx,0.01,1.1048824440434355
0.7726886003041682,1.712478187217451,0.4228978668506451,-1.0331999940116976,0;0;-1.03319999401;0.422897866851;0;0;0;0;0;0;0;0,55886.117997298876,0.005,676,0.0002,23.41931301871856,,0.0005763500552609884,0.14852329999996527,ok,same_stridge_core,Hx;D_x^1.712478 H,0.06023076923076924,1.064865819799009
0.7177550032625385,1.4613403294514205,0.2022110246979882,-1.2182357566288144,0;0;-1.21823575663;0.202211024698;-0.302948586861;0;0;0.00644070810787;0;0;0;0,55399.93390552421,0.005,677,0.0002,45.30819444465055,,0.0004977011675923534,0.2824170999999751,ok,same_stridge_core,Hx;D_x^1.46134 H;Hxxx;H*Hxx,0.01,0.9882473202311822
0.6784152810315098,1.3471541192965852,0.2532186497913753,-1.417797100022944,0;0;-1.41779710002;0.253218649791;0;0;0;-0.121153500318;-0.110342961669;0;0.00994145200677;0,55610.3424974636,0.005,678,0.0002,56.76184307733444,,0.0006764092941051443,0.2836479000000054,ok,same_stridge_core,Hx;D_x^1.347154 H;H*Hxx;H*Hxxx;H^2*Hxx,0.01,1.1515005798708426
0.6370312283876616,1.52548874347533,0.6560721885738408,-1.597310516198969,0;0;-1.5973105162;0.656072188574;0.0756395567851;0;0;-0.484548478402;0;0;0.0413301506578;0,55303.050315799155,0.005,679,0.0002,56.98924795251892,,0.0014745323899007325,0.4083589000000529,ok,same_stridge_core,Hx;D_x^1.525489 H;Hxxx;H*Hxx;H^2*Hxx,0.024047619047619068,1.6861976367197684
0.6535368228821075,1.405106765627012,0.13983164012933574,-1.3849371346331738,0;0;-1.38493713463;0.139831640129;0;0;0;0;0;0;0;0,55502.50168162586,0.005,680,0.0002,24.085548104741818,,0.0018493361529978193,0.38871819999997115,ok,same_stridge_core,Hx;D_x^1.405107 H,0.10833333333333336,1.8845474320914728
0.6659303633464397,1.5090871907889176,0.47697319275552497,-1.4562892109896548,0;0;-1.45628921099;0.476973192756;-0.0730929679741;0;0;-0.306019333874;0;0;0.0267545783475;0,55324.06738681711,0.005,681,0.0002,56.64250602479011,,0.0008906236354674233,0.39168849999998656,ok,same_stridge_core,Hx;D_x^1.509087 H;Hxxx;H*Hxx;H^2*Hxx,0.01712121212121212,1.3184386379730026
0.5808513223445548,1.8111976232649813,-0.8650916085946673,-1.4920267170947163,0;0;-1.49202671709;-0.865091608595;0.388279260094;0;0;0.146147589588;0;0;0;0,58661.02233775729,0.005,682,0.0002,50.81313241596662,,0.00777761125568408,0.38573729999995976,ok,same_stridge_core,Hx;D_x^1.811198 H;Hxxx;H*Hxx,0.10500000000000004,3.8843145457607884
0.7207870762538023,1.603390586615157,0.2817322213931035,-1.1817328125784732,0;0;-1.18173281258;0.281732221393;0;0;0;0;0;0;0;0,55281.09346450528,0.005,683,0.0002,23.124322723411513,,0.0005240114331091963,0.372294600000032,ok,same_stridge_core,Hx;D_x^1.603391 H,0.12500000000000003,1.011885337609404
0.7084076674176785,1.1562243867580937,0.0,-1.1721005867347847,0;0;-1.17210058673;0;0;0;0;0;0;0;0;0,55922.647423255956,0.005,684,0.0002,13.809530810468157,,0.0035389923001165743,0.3765780999999606,ok,same_stridge_core,Hx,0.12500000000000003,2.6250013258169664
0.7933296039392485,1.3922064450791418,0.0,-0.9520727014360784,0;0;-0.952072701436;0;0;0;0;0;0;0;0;0,55526.63270715333,0.005,685,0.0002,14.847211016148517,,0.007315131111431316,0.38430140000002666,ok,same_stridge_core,Hx,0.10500000000000002,3.7418844747178506
0.7036532056212018,1.7835306899950618,0.0,-1.1596191779845664,0;0;-1.15961917798;0;0.140280559324;0;0;0.0613572389454;0;0;0;0,57503.6213520042,0.005,686,0.0002,35.74118294086731,,0.000783005881015977,0.27347040000006473,ok,same_stridge_core,Hx;Hxxx;H*Hxx,0.039291162971361364,1.2390101296647942
0.5220392044621113,1.3389713639102392,1.3792875897951224,-1.9301110356485436,-0.133771953981;0;-1.93011103565;1.3792875898;-12.2403956898;0;-0.516887112836;-0.734041438799;-0.357660650684;0.0439477723808;0;0,55625.308343784534,0.005,687,0.0002,91.4149289175638,,0.002936884611656326,0.3843640999999707,ok,same_stridge_core,1;Hx;D_x^1.338971 H;Hxxx;H*Hx;H*Hxx;H*Hxxx;H^2*Hx,0.025,2.4144355675085407
0.5814611634500725,1.4880217914595621,0.9641428861705471,-1.9560979555983486,0;0;-1.9560979556;0.964142886171;-0.201546721017;0;0;-0.81883028341;0;0;0.0663151318453;0,55355.411326360394,0.005,688,0.0002,57.88403440859208,,0.003368618870536003,0.39113510000004226,ok,same_stridge_core,Hx;D_x^1.488022 H;Hxxx;H*Hxx;H^2*Hxx,0.03394736842105264,2.5286230822316833
0.6228276426357485,1.6416393065795087,0.9955212700619434,-1.6055065467610061,0;0;-1.60550654676;0.995521270062;5.46514686213;0;0;-0.726623202978;-1.70399594995;0;0.0655387388461;0.150626068688,55361.42201008214,0.005,689,0.0002,79.53010840930293,,0.0021079896860231357,0.37885719999997036,ok,same_stridge_core,Hx;D_x^1.641639 H;Hxxx;H*Hxx;H*Hxxx;H^2*Hxx;H^2*Hxxx,0.015,2.0241175951879167
0.6775841165212291,1.7460182851071786,0.0,-1.2604147794466016,0;0;-1.26041477945;0;0;0;0;0;0;0;0;0,56452.24802575884,0.005,690,0.0002,13.73782856005069,,0.0030390027146098876,0.384350300000051,ok,same_stridge_core,Hx,0.049999999999999996,2.447378954898922
0.6857827092481844,1.6389542042864795,0.2284038580594784,-1.2652020381633038,0;0;-1.26520203816;0.228403858059;0;0;0;0;0;0;0;0,55352.59665263493,0.005,691,0.0002,23.593367205438526,,0.0010758038019455438,0.4083150999999816,ok,same_stridge_core,Hx;D_x^1.638954 H,0.0307037037037037,1.4523285443845522
0.6906698385986566,1.870324485311045,-0.141125067019389,-1.1929053957028002,0;0;-1.1929053957;-0.141125067019;0.137735811384;0;0;0.077657149012;0;0;0;0,62288.451406825465,0.005,692,0.0002,51.23829807123873,,0.0010113231539197857,0.385137400000076,ok,same_stridge_core,Hx;D_x^1.870324 H;Hxxx;H*Hxx,0.020930092191758867,1.407536945778354
0.651376584197711,1.4670613259425016,0.41244024835585497,-1.5066671827889362,0;0;-1.50666718279;0.412440248356;1.81713703258;0;0;-0.0925262496914;-0.387539691968;0;0;0,55390.044957808874,0.005,693,0.0002,57.05548982929596,,0.0014504908810018704,0.38869109999996,ok,same_stridge_core,Hx;D_x^1.467061 H;Hxxx;H*Hxx;H*Hxxx,0.02671679197994986,1.66544487148708
0.5836693322145632,1.703672423779794,0.0,-1.5091580622673593,0;0;-1.50915806227;0;6.60874524561;0;0;0;-0.962050229031;0;0;0,55780.26916575634,0.005,694,0.0002,36.90201382787975,,0.0062814120078105795,0.38304100000004837,ok,same_stridge_core,Hx;Hxxx;H*Hxxx,0.08,3.4338523284259455
0.7196157247965254,1.626439407802228,0.22154261582606238,-1.1653905631807384,0;0;-1.16539056318;0.221542615826;0.0162512916829;0;0;0.0160369183455;0;0;0;0,55318.483013882265,0.005,695,0.0002,45.27831594025004,,0.0005343499449209957,0.295852200000013,ok,same_stridge_core,Hx;D_x^1.626439 H;Hxxx;H*Hxx,0.01,1.0235295291442272
0.7017128590968575,1.6295627089945965,0.2568630135030432,-1.2251470266182678,0;0;-1.22514702662;0.256863013503;0;0;0;0;0;0;0;0,55325.973353112786,0.005,696,0.0002,23.3376217202847,,0.0007443215856149319,0.3698450000000548,ok,same_stridge_core,Hx;D_x^1.629563 H,0.03602941176470588,1.2072323790395862
0.6726471210488058,1.704313363799524,0.0,-1.2750006481228444,0;0;-1.27500064812;0;0;0;0;0;0;0;0;0,55787.4716226736,0.005,697,0.0002,13.603201862662152,,0.00302970659808892,0.3650834999999688,ok,same_stridge_core,Hx,0.12500000000000003,2.4457075381274307
0.6302237663176251,1.683919446473272,0.0,-1.3978100608773039,0;0;-1.39781006088;0;4.68806752852;0;0;0;-0.799315361246;0;0;0,55592.48809567849,0.005,698,0.0002,35.68713641730423,,0.0028344258916241493,0.3848738000000367,ok,same_stridge_core,Hx;Hxxx;H*Hxxx,0.054202991452991414,2.331643559897134
0.7079126785909977,1.911256022890248,0.0,-1.1734819060634545,0;0;-1.17348190606;0;0;0;0;0;0;0;0;0,65026.367606902095,0.005,699,0.0002,15.625598871842316,,0.003525736878257789,0.37667820000001484,ok,same_stridge_core,Hx,0.12500000000000003,2.6203253504618957
0.6599769285764878,1.6079770016958104,0.16953630943863732,-1.3386826809761974,0;0;-1.33868268098;0.169536309439;0;0;0;0;0;0;0;0,55286.265629413276,0.005,700,0.0002,24.04317545741808,,0.0018992588933730969,0.39151110000000244,ok,same_stridge_core,Hx;D_x^1.607977 H,0.04566666666666666,1.9286692056527681
0.7712002687822557,1.0596176729250004,0.0,-0.9782731191897296,0;0;-0.97827311919;0;0;0;0;0.086775732101;0;0;0;0,56048.287367258235,0.005,701,0.0002,23.543711592903602,,0.0006275848372846391,0.27081190000001243,ok,same_stridge_core,Hx;H*Hxx,0.07318181818181824,1.1243966460003056
0.7305009512417983,1.7577505713320751,0.3745136201501656,-1.1239378242638862,0;0;-1.12393782426;0.37451362015;0.10262131478;0;0;0;0;0;0;0,56725.82243865536,0.005,702,0.0002,35.047865425159046,,0.0005218649541950465,0.2779827000000523,ok,same_stridge_core,Hx;D_x^1.757751 H;Hxxx,0.045,1.0123719619658291
0.6331193605840701,1.3881473706398202,0.4791319018952673,-1.672401794804115,0;0;-1.6724017948;0.479131901895;0;0;0;-0.355085268671;-0.128191789375;0;0.0273352935132;0,55534.227413522065,0.005,703,0.0002,57.134774659068604,,0.0013418451445096997,0.14919670000006136,ok,same_stridge_core,Hx;D_x^1.388147 H;H*Hxx;H*Hxxx;H^2*Hxx,0.015,1.6005472455465342
0.595891150810426,1.2347058176757222,0.4770423471015171,-2.0031936534130406,0;0;-2.00319365341;0.477042347102;0;0;0;-0.195771802727;-0.465238893122;0;0;0,55804.51461532287,0.005,704,0.0002,46.72735802187077,,0.00230769138333825,0.1471387000000277,ok,same_stridge_core,Hx;D_x^1.234706 H;H*Hxx;H*Hxxx,0.024474878122434516,2.0837463296124765
0.6805981143479615,1.5782398686460424,0.20483021372946073,-1.2880329168391198,0;0;-1.28803291684;0.204830213729;0;0;0;0;0;0;0;0,55268.71566955701,0.005,705,0.0002,23.598285244197942,,0.0011395185288317177,0.4085866000000351,ok,same_stridge_core,Hx;D_x^1.57824 H,0.03549278020799965,1.4907989763751381
0.6735229091499115,1.9138357885638273,0.0,-1.2444984825758225,0;0;-1.24449848258;0;0.286508203532;0;0;0.0484402467898;0;0;0;0,65175.024483088695,0.005,706,0.0002,40.8068571985138,,0.0014897768548183612,0.26863189999994574,ok,same_stridge_core,Hx;Hxxx;H*Hxx,0.02,1.701842508660577
0.7177550032625385,1.633121481724574,0.2874022243925198,-1.1837441381964626,0;0;-1.1837441382;0.287402224393;0;0;0;0;0;0;0;0,55335.31512671373,0.005,707,0.0002,23.17910816098525,,0.0005574089295729273,0.2830152999999882,ok,same_stridge_core,Hx;D_x^1.633121 H,0.030000000000000002,1.0449821102997605
0.6784152810315098,1.6014733192242134,0.2054074502149156,-1.290244336232882,0;0;-1.29024433623;0.205407450215;0;0;0;0;0;0;0;0,55279.22768633276,0.005,708,0.0002,23.662550207417446,,0.001230168915014453,0.2760374999999158,ok,same_stridge_core,Hx;D_x^1.601473 H,0.07409090909090915,1.5508591328843395
0.6729415637750207,1.7180158459817336,0.6819233567637777,-1.3400004872505837,0;0;-1.34000048725;0.681923356764;0;0;0;-0.409247851205;0.109946206724;0;0.0394978945308;0,55960.757430234444,0.005,709,0.0002,57.36311172468081,,0.0009883301859129462,0.3887084999998933,ok,same_stridge_core,Hx;D_x^1.718016 H;H*Hxx;H*Hxxx;H^2*Hxx,0.010863636363636348,1.4023542944463694
0.7002747055225857,1.5238282301621286,0.21396428148896682,-1.2548242714981306,0;0;-1.2548242715;0.213964281489;0;0;0;0;-0.0425993150858;0;0;0,55305.01442506643,0.005,710,0.0002,34.328207340731936,,0.000666627947462221,0.3867838999999549,ok,same_stridge_core,Hx;D_x^1.523828 H;H*Hxxx,0.02495028578232913,1.1451986856920757
0.6795638140357996,1.6787175813714568,0.0,-1.254600559443567,0;0;-1.25460055944;0;0;0;0;0;0;0;0;0,55552.89484580067,0.005,711,0.0002,13.561025362280443,,0.003048841091395698,0.3932281999999532,ok,same_stridge_core,Hx,0.12500000000000003,2.4504463931203078
0.6523806721568772,1.5188620188347663,0.5601764696994846,-1.5207039569470575,0;0;-1.52070395695;0.560176469699;0.00210275387946;0;0;-0.388279398209;0;0;0.0334831629211;0,55311.12026906195,0.005,712,0.0002,56.78983932689926,,0.0011272665793334153,0.37605229999996936,ok,same_stridge_core,Hx;D_x^1.518862 H;Hxxx;H*Hxx;H^2*Hxx,0.015,1.4787190578373202
0.6640900058767256,1.6559909156433983,0.18540474798895434,-1.321441038171095,0;0;-1.32144103817;0.185404747989;0;0;0;0;0;0;0;0,55418.93265805706,0.005,713,0.0002,24.045088897239115,,0.001794862872227591,0.40183990000002723,ok,same_stridge_core,Hx;D_x^1.655991 H,0.030000000000000002,1.8775158340162903
0.691646638184596,1.597499738783731,0.2292931743083817,-1.2563663759281802,0;0;-1.25636637593;0.229293174308;0;0;0;0;0;0;0;0,55275.890239645145,0.005,714,0.0002,23.433749385854927,,0.0008970045289484963,0.2717771999999741,ok,same_stridge_core,Hx;D_x^1.5975 H,0.03432814479327086,1.32339328999687
0.7481070471537352,1.4971546927400583,0.32064987972244235,-1.14493626492341,0.013843323304;0;-1.14493626492;0.320649879722;0;0;0;0;0;0;0;0,55341.31432081048,0.005,715,0.0002,34.19410510199539,,0.0005071379531389923,0.4031613000000789,ok,same_stridge_core,1;Hx;D_x^1.497155 H,0.01,0.9893165095090946
0.6570114139263474,1.4389998431046167,0.14726979053741343,-1.3705619646762754,0;0;-1.37056196468;0.147269790537;0;0;0;0;0;0;0;0,55439.8004559056,0.005,716,0.0002,24.015399182118454,,0.0017556819444774522,0.14232680000009168,ok,same_stridge_core,Hx;D_x^1.439 H,0.10100000000000003,1.8394789997562138
0.6795638140357996,1.6787175813714568,0.601621918893386,-1.331185716949509,0;0;-1.33118571695;0.601621918893;0;0;0;-0.348862103074;0.0839937174934;0;0.0334203367831;0,55552.89484580067,0.005,717,0.0002,56.84303873584537,,0.0008375173047815529,0.03503350000005412,ok,same_stridge_core,Hx;D_x^1.678718 H;H*Hxx;H*Hxxx;H^2*Hxx,0.01,1.2901438900446962
0.7175098006100444,1.368075528895342,0.1274681967089292,-1.1600314107644736,0.0458455041941;-0.00656014109344;-1.16003141076;0.127468196709;0.469408236471;0;-0.00185765768124;-0.0508321089558;0;0;0.00930229461514;0,55571.68157953729,0.005,718,0.0002,89.83479089480669,,0.0004348634854919685,0.40265499999998156,ok,same_stridge_core,1;H;Hx;D_x^1.368076 H;Hxxx;H*Hx;H*Hxx;H^2*Hxx,0.005,0.9201003675470126
0.6462750465492764,1.9365295387321981,0.0,-1.3985042035781066,0;0;-1.39850420358;0;0;0;0;0;-0.179710633581;0;0;0,66258.46282341976,0.005,719,0.0002,28.95854145314204,,0.002999633610248838,0.4080817000000252,ok,same_stridge_core,Hx;H*Hxxx,0.035,2.4551563237741334
0.6775841165212291,1.4117981024352035,0.3984561629901362,-1.2989713072629812,0;0;-1.29897130726;0.39845616299;-1.21491220937;0;-0.074467182449;-0.189083090419;-0.0093881715678;0.00651122341567;0.0130422692174;0,55490.01151576984,0.005,720,0.0002,89.87712185917896,,0.0006180969014123245,0.2719242000000577,ok,same_stridge_core,Hx;D_x^1.411798 H;Hxxx;H*Hx;H*Hxx;H*Hxxx;H^2*Hx;H^2*Hxx,0.005,1.0931034339471988
0.7512073580878089,1.6764890102178889,0.0,-0.967360304434666,0.0539928472389;-0.00592323164191;-0.967360304435;0;2.27510494957;0;0;0.0957434647017;-0.344025751846;0;0;0.0243730453832,55537.044483078505,0.005,721,0.0002,78.5955560059175,,0.00036941840142835675,0.13701100000002953,ok,same_stridge_core,1;H;Hx;Hxxx;H*Hxx;H*Hxxx;H^2*Hxxx,0.005,0.8436937296075734
0.6573136214240601,1.2036547644710316,0.22612295155158463,-1.561806421500948,0;0;-1.5618064215;0.226122951552;0;0;0;-0.0598091948757;-0.253091499269;0;0;0,55853.039810004055,0.005,722,0.0002,45.995144654403,,0.0008901681283747674,0.3848280000000841,ok,same_stridge_core,Hx;D_x^1.203655 H;H*Hxx;H*Hxxx,0.035,1.312712806399754
0.6480797822224453,1.600720329383294,0.1437204639899626,-1.3721146061164748,0;0;-1.37211460612;0.14372046399;0;0;0;0;0;0;0;0,55278.541079055896,0.005,723,0.0002,24.305467631087446,,0.002457407689198046,0.3845838999999387,ok,same_stridge_core,Hx;D_x^1.60072 H,0.07100000000000001,2.1940511994650866
0.6771817757732819,1.247460905455819,0.12286915933562687,-1.3570794616009623,0;0;-1.3570794616;0.122869159336;0.91926888362;0;0;0;-0.240372224008;0;0;0,55783.90447105496,0.005,724,0.0002,45.844019812509586,,0.0007638961296845432,0.3943832999999586,ok,same_stridge_core,Hx;D_x^1.247461 H;Hxxx;H*Hxxx,0.033444444444444416,1.2168962356656126
0.6739674394430252,1.6744343092715963,0.21133890577238537,-1.2919693469761315,0;0;-1.29196934698;0.211338905772;0;0;0;0;0;0;0;0,55522.997960537425,0.005,725,0.0002,23.902909932715332,,0.001459270521923469,0.3709632000000056,ok,same_stridge_core,Hx;D_x^1.674434 H,0.030000000000000002,1.6937107485003604
0.6337201652901563,1.2356772846299349,0.33497614593895636,-1.7258943500813444,0;0;-1.72589435008;0.334976145939;0;0;0;-0.113665465322;-0.323420536194;0;0;0,55802.95860934048,0.005,726,0.0002,46.21088821155128,,0.0012930858847808792,0.38204769999993005,ok,same_stridge_core,Hx;D_x^1.235677 H;H*Hxx;H*Hxxx,0.025,1.5685213240788964
0.6658915367342044,1.6916787776779438,0.0,-1.2951601320588055,0;0;-1.29516013206;0;0;0;0;0;0;0;0;0,55658.77817632483,0.005,727,0.0002,13.589706202410877,,0.003054055360871629,0.38988979999999174,ok,same_stridge_core,Hx,0.05142857142857142,2.4579505671459114
0.7985995690612113,1.7168125644280747,0.4673059519130296,-0.9720455102131843,0;0;-0.972045510213;0.467305951913;0;0;0;0;0;0;0;0,55943.97940724143,0.005,728,0.0002,23.643122897389283,,0.0008140846133762774,0.1368101000000479,ok,same_stridge_core,Hx;D_x^1.716813 H,0.11166666666666669,1.2655311344927098
0.6920577832577719,1.3166423524157542,0.15362626020514775,-1.3191658482556257,0;0;-1.31916584826;0.153626260205;0;0;0;0;-0.0957922488101;0;0;0,55665.5884452247,0.005,729,0.0002,34.49914685695135,,0.0006184406993828646,0.37675239999998666,ok,same_stridge_core,Hx;D_x^1.316642 H;H*Hxxx,0.017321428571428554,1.0997937898165338
0.7623726202291379,1.5799457559654888,0.0,-1.001492242272124,0;0;-1.00149224227;0;0;0;0;0.0836714405878;0;0;0;0,55268.80797267085,0.005,730,0.0002,23.17694169938309,,0.0005683871300222812,0.39020449999998164,ok,same_stridge_core,Hx;H*Hxx,0.05690476190476191,1.0694185103147484
0.6568081894789929,1.6289687895911054,0.1653353950726082,-1.344769095475125,0;0;-1.34476909548;0.165335395073;0;0;0;0;0;0;0;0,55324.49902444193,0.005,731,0.0002,24.144156435962376,,0.002068796501393928,0.38770850000003065,ok,same_stridge_core,Hx;D_x^1.628969 H,0.049999999999999996,2.0143568261856006
0.564860343526162,1.9193769312865026,0.6641135396460414,-1.6021528975126171,0;0;-1.60215289751;0.664113539646;1.80883604703;0;0;-0.838718691914;0;0;0.0900261421227;0,65478.38278979646,0.005,732,0.0002,69.17233915476434,,0.007039604440090879,0.408079100000009,ok,same_stridge_core,Hx;D_x^1.919377 H;Hxxx;H*Hxx;H^2*Hxx,0.030000000000000002,3.6939563649678955
0.6245225516631139,1.9667091278544664,0.0,-1.4648629971125833,-0.0262866164583;0;-1.46486299711;0;-1.37603178012;0;0;-0.228809242295;0.747360823744;0;0.0255542495501;-0.0964172833015,66963.47364323353,0.005,733,0.0002,95.99038294328587,,0.002580870695915426,0.3783131999999796,ok,same_stridge_core,1;Hx;Hxxx;H*Hxx;H*Hxxx;H^2*Hxx;H^2*Hxxx,0.015,2.241519842758905
0.7754052819708597,1.825479426156387,0.0,-0.9673482098439237,0;0;-0.967348209844;0;0;0;0;0.0882145423284;0;0;0;0,59403.56486172324,0.005,734,0.0002,24.91628066984977,,0.0006618393104272449,0.2671993000000157,ok,same_stridge_core,Hx;H*Hxx,0.08750000000000002,1.1548547251604735
0.6378217667907873,1.3287292271091968,0.418781693542139,-1.6839241361337185,0;0;-1.68392413613;0.418781693542;0.519105006948;0;0;-0.126398406258;-0.332554827719;0;0;0,55643.89242811817,0.005,735,0.0002,57.261637284330135,,0.0013827514294498765,0.3739632999999003,ok,same_stridge_core,Hx;D_x^1.328729 H;Hxxx;H*Hxx;H*Hxxx,0.016142857142857167,1.6177448562119643
0.6803394664765329,1.406661137848847,0.3237394585903762,-1.4218266691586863,0;0;-1.42182666916;0.32373945859;0;0;0;-0.0565941241359;-0.127496674664;0;0;0,55499.59755174318,0.005,736,0.0002,45.61937203949498,,0.0007678932407616399,0.3905515999999807,ok,same_stridge_core,Hx;D_x^1.406661 H;H*Hxx;H*Hxxx,0.035,1.219693998100441
0.7177550032625385,1.664334053747684,0.21103943627380137,-1.1588728131026642,0;0;-1.1588728131;0.211039436274;0.0727795806272;0;0;0.0206752466214;0;0;0;0,55461.36383592084,0.005,737,0.0002,45.41942629660727,,0.0005630892275217946,0.2878246999999874,ok,same_stridge_core,Hx;D_x^1.664334 H;Hxxx;H*Hxx,0.025,1.0503352278705993
0.6624544313165255,1.2898237727240804,0.13833927263802923,-1.3815662901327221,0;0;-1.38156629013;0.138339272638;0;0;0;0;0;0;0;0,55712.70563433519,0.005,738,0.0002,23.848303886032436,,0.0013041069753373959,0.3823313999999982,ok,same_stridge_core,Hx;D_x^1.289824 H,0.06999999999999999,1.563221632298362
0.7048311009692575,1.0662434554040368,0.0,-1.1625985786798072,0;0;-1.16259857868;0;0;0;0;0.0605129110686;0;0;0;0,56040.323351891784,0.005,739,0.0002,23.647489194142032,,0.0007691426121126976,0.392735400000106,ok,same_stridge_core,Hx;H*Hxx,0.04,1.231359853385318
0.6673935260167666,1.8321929154169778,0.2333532469587921,-1.2920440634398187,0;0;-1.29204406344;0.233353246959;0;0;0;0;0;0;0;0,59786.57730197761,0.005,740,0.0002,25.835418312253264,,0.001866948887317309,0.3836608999999953,ok,same_stridge_core,Hx;D_x^1.832193 H,0.12500000000000003,1.9207873914622209
0.6316838946599297,1.6787175813714568,0.0,-1.4008723260830096,0;0;-1.40087232608;0;0;0;0;0;0;0;0;0,55552.89484580067,0.005,741,0.0002,13.909383146541913,,0.003952299256651082,0.13377779999996164,ok,same_stridge_core,Hx,0.09266666666666669,2.7988041773817773
0.7100846466803641,1.700373449519766,0.1827722602383746,-1.1677727677409053,0;0;-1.16777276774;0.182772260238;0.138509893135;0;0;0.0261923310443;0;0;0;0,55744.37927194902,0.005,742,0.0002,45.73199278838621,,0.0006607395177466601,0.291907599999945,ok,same_stridge_core,Hx;D_x^1.700373 H;Hxxx;H*Hxx,0.025,1.1364893708269883
0.6514198385750819,1.596701603971729,0.11549868784068237,-1.342957148183259,0;0;-1.34295714818;0.115498687841;3.38234664392;0;0;0;-0.538471624947;0;0;0,55275.30332748352,0.005,743,0.0002,46.07413435527507,,0.0017949006883598115,0.37236300000006395,ok,same_stridge_core,Hx;D_x^1.596702 H;Hxxx;H*Hxxx,0.045317460317460284,1.8538916932882576
0.5364264643894396,1.2163704881145914,0.6961442020593474,-2.4945584688527913,0;0;-2.49455846885;0.696144202059;0;0;0;-0.336428212848;-0.748837387318;0;0;0,55833.45184118999,0.005,744,0.0002,47.766074971995266,,0.005128235303800898,0.3941315999999233,ok,same_stridge_core,Hx;D_x^1.21637 H;H*Hxx;H*Hxxx,0.035,3.0993134990432663
0.7018693793947777,1.273179942051655,0.16603913647072813,-1.2865043311005837,0;0;-1.2865043311;0.166039136471;0;0;0;0;0;0;0;0,55741.17108931718,0.005,745,0.0002,23.44385481881978,,0.0007004296689029659,0.28385259999993195,ok,same_stridge_core,Hx;D_x^1.27318 H,0.06499999999999999,1.1473863830929074
0.6388352563256936,1.5962846033666294,1.6084081243487443,-0.9986706391661483,0.0539042262705;-0.0185327886468;-0.998670639166;1.60840812435;5.53475054505;0;-0.346415544218;-0.989615241912;-3.50054245861;0.0282907147417;0.0664419276134;0.319031039659,55275.00753349232,0.005,746,0.0002,122.85988073158056,,0.000794467116635136,0.37313480000000254,ok,same_stridge_core,1;H;Hx;D_x^1.596285 H;Hxxx;H*Hx;H*Hxx;H*Hxxx;H^2*Hx;H^2*Hxx;H^2*Hxxx,0.005,1.2548641578974367
0.6898940723388103,1.6632944338693858,0.24335409444273295,-1.2506247433416706,0;0;-1.25062474334;0.243354094443;0;0;0;0;0;0;0;0,55455.679063309115,0.005,747,0.0002,23.586631898827246,,0.0010041381623796801,0.38357489999998506,ok,same_stridge_core,Hx;D_x^1.663294 H,0.030060185185185207,1.4043602735036
0.659569939760587,1.4419033945534905,0.3843132655385977,-1.487469559152917,0;0;-1.48746955915;0.384313265539;1.31491837202;0;0;-0.0829902301976;-0.320759558291;0;0;0,55434.52777201137,0.005,748,0.0002,56.93577725549655,,0.0011766691483045837,0.27360040000007757,ok,same_stridge_core,Hx;D_x^1.441903 H;Hxxx;H*Hxx;H*Hxxx,0.035016088486676734,1.501249483485181
0.5298525509631812,1.3741290942599729,1.5208548178367147,-1.8175109306394592,-0.129357828651;0;-1.81751093064;1.52085481784;-10.9611448678;0;-0.525184818606;-0.754537248925;-0.492601216887;0.0437303686448;0;0,55560.41193279496,0.005,749,0.0002,91.22682285769909,,0.002735310467936787,0.3838752999999997,ok,same_stridge_core,1;Hx;D_x^1.374129 H;Hxxx;H*Hx;H*Hxx;H*Hxxx;H^2*Hx,0.025,2.330163765227138
0.6535894776297846,1.0603242751442399,0.15278229100268176,-1.2912377892498899,0.115949156741;-0.0293845931688;-1.29123778925;0.152782291003;-3.32965722477;0;-0.136529579923;-0.311614748065;0.0942719649471;0.0116091474848;0.0211520270702;0,56047.44246234618,0.005,750,0.0002,113.22022057981584,,0.0006490832599179469,0.3782310999999936,ok,same_stridge_core,1;H;Hx;D_x^1.060324 H;Hxxx;H*Hx;H*Hxx;H*Hxxx;H^2*Hx;H^2*Hxx,0.005,1.1253356551234552
0.680786998665624,1.6764890102178889,0.0,-1.2510180168623937,0;0;-1.25101801686;0;0;0;0;0;0;0;0;0,55537.044483078505,0.005,751,0.0002,13.56041283826655,,0.0030566153558383245,0.14177840000002107,ok,same_stridge_core,Hx,0.10500000000000004,2.453003941650848
0.656863067003254,1.0561256828634147,0.12609085006773146,-1.5237585797572184,0;0;-1.52375857976;0.126090850068;0.341582159258;0;0;-0.0287454667463;-0.311790067085;0;0;0,56052.447895507496,0.005,752,0.0002,57.391367723976,,0.0009064802529084615,0.3781381999999667,ok,same_stridge_core,Hx;D_x^1.056126 H;Hxxx;H*Hxx;H*Hxxx,0.015,1.338919828468508
0.6283122554375036,1.8644391544546783,-0.7352428214493918,-1.373007504815633,0;0;-1.37300750482;-0.735242821449;0;0;0;0.138527935736;0;0;0;0,61877.13492222826,0.005,753,0.0002,39.70802355239793,,0.003411362212526773,0.37276150000002417,ok,same_stridge_core,Hx;D_x^1.864439 H;H*Hxx,0.07351587301587302,2.5817425990609735
0.6707808835303278,1.4634947520133892,0.1698083470655641,-1.3313995396971985,0;0;-1.3313995397;0.169808347066;0;0;0;0;0;0;0;0,55396.19152753379,0.005,754,0.0002,23.726814368686526,,0.0012772128779189181,0.37141680000002,ok,same_stridge_core,Hx;D_x^1.463495 H,0.05999999999999999,1.56833775767301
0.777338419375494,1.3801263776382535,0.0,-0.9715125681624156,0;0;-0.971512568162;0;-0.198872570612;0;0;0.0869197387311;0;0;0;0,55549.221532802505,0.005,755,0.0002,34.488799594370334,,0.0006704873016041939,0.3848927999999887,ok,same_stridge_core,Hx;Hxxx;H*Hxx,0.03936064706898041,1.1592666746888332
0.7798474049627087,1.4358741814697982,0.0,-0.9848232411491683,0;0;-0.984823241149;0;0;0;0;0;0;0;0;0,55445.50030959935,0.005,756,0.0002,14.641700887869625,,0.0065860385897746395,0.14230529999997543,ok,same_stridge_core,Hx,0.09000000000000001,3.5526008259497543
0.6569204530743467,1.783605178026447,0.18913246931832203,-1.3279988481099478,0;0;-1.32799884811;0.189132469318;0;0;0;0;0;0;0;0,57506.263519435204,0.005,757,0.0002,25.110105562690777,,0.002251225476366662,0.3874658999999383,ok,same_stridge_core,Hx;D_x^1.783605 H,0.10250000000000004,2.107600154916692
0.6888036034460939,1.5757311609474511,0.21896244034310716,-1.2672114667207977,0;0;-1.26721146672;0.218962440343;0;0;0;0;0;0;0;0,55268.75230270841,0.005,758,0.0002,23.45691984294227,,0.0009346837998947529,0.3955520000000661,ok,same_stridge_core,Hx;D_x^1.575731 H,0.0392794955044955,1.3494189218589057
0.6762730399710566,1.4200121572613864,0.3142665046182563,-1.4159086016945268,0;0;-1.41590860169;0.314266504618;0.763416433127;0;0;-0.0548125357479;-0.229066184951;0;0;0,55474.73139111391,0.005,759,0.0002,56.739398336304646,,0.0008289802798797419,0.29479909999997744,ok,same_stridge_core,Hx;D_x^1.420012 H;Hxxx;H*Hxx;H*Hxxx,0.0163756613756614,1.2646669451907364
0.7849230473450025,1.1624364395834523,-0.05223907219591264,-0.801749398529856,0.0340453586551;0;-0.80174939853;-0.0522390721959;1.82520050234;0;0;0.151302741801;-0.0290019826738;0;0;0,55913.83806973432,0.005,760,0.0002,68.00855220543049,,0.00042726870390674465,0.4068319000000429,ok,same_stridge_core,1;Hx;D_x^1.162436 H;Hxxx;H*Hxx;H*Hxxx,0.01,0.9119465217493041
0.7292308352396761,1.6448066681821334,0.3122653790253582,-1.152902597475651,0;0;-1.15290259748;0.312265379025;0;0;0;0;0;0;0;0,55372.576273203485,0.005,761,0.0002,23.13401157089618,,0.0004943864129137401,0.3946369999999888,ok,same_stridge_core,Hx;D_x^1.644807 H,0.04487655176099621,0.9849810616147868
0.76179536493034,1.2530572564965425,0.0,-1.0030240894543612,0;0;-1.00302408945;0;0;0;0;0.0834644499028;0;0;0;0,55774.73857293051,0.005,762,0.0002,23.376213613581946,,0.0005651563099097448,0.38171920000002046,ok,same_stridge_core,Hx;H*Hxx,0.05055555555555557,1.0663181844097411
0.7033883770751523,1.9092633519251185,0.0,-1.186162645096074,0;0;-1.1861626451;0;0;0;0;0;0;0;0;0,64908.54998311282,0.005,763,0.0002,15.561543001459079,,0.0034116513934870176,0.37881259999994654,ok,same_stridge_core,Hx,0.12500000000000003,2.5798330048365132
0.7177873414148013,1.4335967551795474,0.2238349583272131,-1.221472376227184,0;0;-1.22147237623;0.223834958327;0;0;0;0;0;0;0;0,55449.66782059469,0.005,764,0.0002,23.196470876228496,,0.0005394604726702096,0.3852476999999226,ok,same_stridge_core,Hx;D_x^1.433597 H,0.12500000000000003,1.0166037479906196
0.6987844812381863,1.7464812476894982,0.525638832897909,-1.2282268986475664,0;0;-1.22822689865;0.525638832898;0.505686993544;0;0;-0.238148890351;0;0;0.0241884392509;0,56462.20335200866,0.005,765,0.0002,57.58126844900733,,0.0006283218788198935,0.39748370000006616,ok,same_stridge_core,Hx;D_x^1.746481 H;Hxxx;H*Hxx;H^2*Hxx,0.006693363844393597,1.1190650969986708
0.7329326975651218,1.712478187217451,0.3503448480286579,-1.130534599950841,0;0;-1.13053459995;0.350344848029;0;0;0;0;0;0;0;0,55886.117997298876,0.005,766,0.0002,23.34365755629098,,0.0004968766357284938,0.12639760000001843,ok,same_stridge_core,Hx;D_x^1.712478 H,0.12500000000000003,0.9892103573714305
0.5858750192833698,1.9171181005417457,0.0,-1.552295763076707,0;0;-1.55229576308;0;0;0;0;0;0;0;0;0,65357.44844110095,0.005,767,0.0002,16.99721695447925,,0.007855913574540331,0.38405330000000504,ok,same_stridge_core,Hx,0.06583333333333334,3.925727266259058
0.7422760938154365,1.898112510478828,0.0,-1.0558107168326254,0;0;-1.05581071683;0;0;0;0;0.0761709761456;0;0;0;0,64207.63134114776,0.005,768,0.0002,26.691792422362678,,0.0005087640967313744,0.3793055999999524,ok,same_stridge_core,Hx;H*Hxx,0.015,1.0087398859035746
0.6523649290353976,1.9822308141069478,0.0,-1.3397132861564751,0;0;-1.33971328616;0;0;0;0;0.0304440255604;-0.0549733075864;0;0;0,67001.50045925792,0.005,769,0.0002,42.35581417290494,,0.0023438784353075524,0.2733348000000433,ok,same_stridge_core,Hx;H*Hxx;H*Hxxx,0.030000000000000002,2.1549138973501876
0.6286412997661261,1.7593443892286569,0.09963165643045588,-1.4149236136706145,0;0;-1.41492361367;0.0996316564305;0;0;0;0;0;0;0;0,56766.56332516072,0.005,770,0.0002,25.45451301920115,,0.003833296569652657,0.13878620000002684,ok,same_stridge_core,Hx;D_x^1.759344 H,0.0688888888888889,2.7478876891368618
0.6285072539882134,1.993293364322196,0.14430936585600074,-1.3817812116860901,0;0;-1.38178121169;0.144309365856;0.890566389776;0;0;-0.347656898554;0;0;0.0437224841026;0,66914.52743855554,0.005,771,0.0002,69.20452633419777,,0.0026758681503901076,0.39805489999992005,ok,same_stridge_core,Hx;D_x^1.993293 H;Hxxx;H*Hxx;H^2*Hxx,0.025,2.2899988956422335
0.6250543789504004,1.2799806955564028,0.4274625268833037,-1.7923783570731078,0;0;-1.79237835707;0.427462526883;0;0;0;-0.146753347666;-0.333791997335;0;0;0,55729.615015003976,0.005,772,0.0002,46.30598700474194,,0.001570040824871614,0.4100016999999525,ok,same_stridge_core,Hx;D_x^1.279981 H;H*Hxx;H*Hxxx,0.045,1.722294992738751
0.6803375495792195,1.8224163539157268,0.27030288404592145,-1.2551795231575718,0;0;-1.25517952316;0.270302884046;0;0;0;0;0;0;0;0,59235.92024215052,0.005,773,0.0002,25.37047750042062,,0.0014209817285561251,0.37937779999992927,ok,same_stridge_core,Hx;D_x^1.822416 H,0.07416666666666667,1.6761094035604103
0.6570190296316627,1.7913370459419193,0.794567312125674,-1.3610637917515251,0;0;-1.36106379175;0.794567312126;0;0;0;-0.514304803978;0.148439419257;0;0.0509626455929;0,57793.86906676424,0.005,774,0.0002,59.502838053168716,,0.001465600161299085,0.38505959999997685,ok,same_stridge_core,Hx;D_x^1.791337 H;H*Hxx;H*Hxxx;H^2*Hxx,0.024523809523809545,1.7089689864044775
0.6697086655104609,1.6273107447871489,0.19278718088491428,-1.3098116727227145,0;0;-1.30981167272;0.192787180885;0;0;0;0;0;0;0;0,55320.50781331814,0.005,775,0.0002,23.86854226501787,,0.0015451650725594025,0.37992719999999736,ok,same_stridge_core,Hx;D_x^1.627311 H,0.049593406593406594,1.7403391396906125
0.6389543966811468,1.8050972231075235,0.8689206224622856,-1.4173196030645125,0;0;-1.41731960306;0.868920622462;0;0;0;-0.616988176486;0.173240333733;0;0.0612640128245;0,58374.39020725029,0.005,776,0.0002,60.41388920926287,,0.0020932801556378597,0.3742747999999665,ok,same_stridge_core,Hx;D_x^1.805097 H;H*Hxx;H*Hxxx;H^2*Hxx,0.025004717676544323,2.0394990020125747
0.7938665118120606,1.7290810539980483,0.46029467357784665,-0.9868894445001953,0;0;-0.9868894445;0.460294673578;-0.178037152462;0;0;0;0;0;0;0,56130.670458984234,0.005,777,0.0002,34.88279992083232,,0.0007400232521062818,0.27716750000001866,ok,same_stridge_core,Hx;D_x^1.729081 H;Hxxx,0.04434945054945052,1.2043976454417753
0.659569939760587,1.560223520924013,0.5612584560573949,-1.4630326838380285,0;0;-1.46303268384;0.561258456057;0.195405277008;0;0;-0.373203089374;0;0;0.0331721541623;0,55273.12361989145,0.005,778,0.0002,56.70032653040814,,0.001045012893891994,0.28478610000001936,ok,same_stridge_core,Hx;D_x^1.560224 H;Hxxx;H*Hxx;H^2*Hxx,0.02060846560846562,1.4272029105166941
0.6791475573380081,1.7322225524736674,0.0,-1.2558214309737887,0;0;-1.25582143097;0;0;0;0;0;0;0;0;0,56184.37962334701,0.005,779,0.0002,13.686566484147477,,0.003046488970147059,0.3685279999999693,ok,same_stridge_core,Hx,0.07409090909090915,2.449690559478073
0.5961359425850209,1.4685204629296875,0.8362461752469111,-1.8806512037656031,0;0;-1.88065120377;0.836246175247;-0.418121892931;0;0;-0.695263486684;0.00736921007283;0;0.0559390180645;0,55387.548823853656,0.005,780,0.0002,68.69916655100398,,0.0026256603777579227,0.38719460000004347,ok,same_stridge_core,Hx;D_x^1.46852 H;Hxxx;H*Hxx;H*Hxxx;H^2*Hxx,0.025,2.234107962379591
0.7931015603502363,1.7892910946469351,0.5160073300304996,-0.9666278932241025,0;0;-0.966627893224;0.51600733003;0;0;0;0;0;0;0;0,57715.142198524576,0.005,781,0.0002,24.236857678525702,,0.0006763194827344517,0.40782549999994444,ok,same_stridge_core,Hx;D_x^1.789291 H,0.07077777777777777,1.1508007991158702
0.6673205689531272,1.6902215105452894,0.6897064503118421,-1.3750459905009942,0;0;-1.3750459905;0.689706450312;0;0;0;-0.431777789635;0.106555473676;0;0.0409601358449;0,55645.634413597494,0.005,782,0.0002,57.09692405257829,,0.0010627661998539345,0.3796826999999894,ok,same_stridge_core,Hx;D_x^1.690222 H;H*Hxx;H*Hxxx;H^2*Hxx,0.01,1.4512896389807906
0.8739004737467417,1.2805086559795402,-0.21845767584389725,-0.5582705039246283,0;0;-0.558270503925;-0.218457675844;-0.750150293078;0;0;0.197979773402;0.24291970915;0;0;0,55728.71356414005,0.005,783,0.0002,57.298159250399785,,0.0012889286765769392,0.2858741000000009,ok,same_stridge_core,Hx;D_x^1.280509 H;Hxxx;H*Hxx;H*Hxxx,0.045,1.569445686259735
0.6870372529258932,1.8081965194746585,-0.05201495580692977,-1.202986490592588,0;0;-1.20298649059;-0.0520149558069;0.198389190628;0;0;0.0633540171418;0;0;0;0,58517.73127462125,0.005,784,0.0002,48.28353214115106,,0.0011063164326984873,0.1442323999999644,ok,same_stridge_core,Hx;D_x^1.808197 H;Hxxx;H*Hxx,0.025,1.469347121454066
0.6753256426217341,1.7070107105699546,0.0,-1.2670719017715124,0;0;-1.26707190177;0;0;0;0;0;0;0;0;0,55818.62678084463,0.005,785,0.0002,13.609262619071774,,0.0030320081263336984,0.39022990000000846,ok,same_stridge_core,Hx,0.059297979797979794,2.4455372629028487
0.6590086812092606,1.8932088466400048,-0.5381792009114621,-1.3054685376888813,0;0;-1.30546853769;-0.538179200911;0;0;0;0.114843015453;-0.0660735868581;0;0;0,63881.27066230289,0.005,786,0.0002,53.01906128944188,,0.0018476570511421922,0.385898500000053,ok,same_stridge_core,Hx;D_x^1.893209 H;H*Hxx;H*Hxxx,0.039798611111111076,1.9140447595995607
0.6679085451296244,1.4040359441294752,0.3421271702998087,-1.4682673702581235,0;0;-1.46826737026;0.3421271703;0.780846765748;0;0;-0.0704523422277;-0.254065166672;0;0;0,55504.50303859996,0.005,787,0.0002,56.84614422068463,,0.0009375116412539259,0.39553379999995286,ok,same_stridge_core,Hx;D_x^1.404036 H;Hxxx;H*Hxx;H*Hxxx,0.04468749999999998,1.3416411820846643
0.6950284465098323,1.953021814895653,-0.23843672436960175,-1.1871023909053555,0;0;-1.18710239091;-0.23843672437;0.0824502553411;0;0;0.0891952030132;0;0;0;0,66751.8887931807,0.005,788,0.0002,54.73478217316978,,0.0009021602115610479,0.394014699999957,ok,same_stridge_core,Hx;D_x^1.953022 H;Hxxx;H*Hxx,0.016999999999999994,1.3332711386252203
0.5862302988552047,1.0508814113614244,0.2652303278616577,-2.0126586099439674,0;0;-2.01265860994;0.265230327862;0;0;0;-0.143610311187;-0.560817487364;0;0;0,56058.64882543736,0.005,789,0.0002,47.03486491248882,,0.0024622020698674093,0.39283739999996214,ok,same_stridge_core,Hx;D_x^1.050881 H;H*Hxx;H*Hxxx,0.025,2.187945852138933
0.7993518146105056,1.361830156940815,0.0,-0.920334602852879,0;0;-0.920334602853;0;-0.294554766267;0;0;0.0930451015732;0;0;0;0,55583.27413994108,0.005,790,0.0002,34.69043562484642,,0.0009005480435050583,0.3817255000000159,ok,same_stridge_core,Hx;Hxxx;H*Hxx,0.06833333333333336,1.3404711408817702
0.6052671669147697,1.5094307643921505,0.835291223694082,-1.7881437604342552,0;0;-1.78814376043;0.835291223694;0.00726535710005;0;0;-0.675962697756;0;0;0.0560161714556;0,55323.59302432514,0.005,791,0.0002,57.475256555767075,,0.0024251922268600434,0.3964376999999786,ok,same_stridge_core,Hx;D_x^1.509431 H;Hxxx;H*Hxx;H^2*Hxx,0.030526315789473676,2.1516635314419297
0.6823996892023825,1.8470679465983506,0.2861563615225677,-1.2460845307611577,0;0;-1.24608453076;0.286156361523;0;0;0;0;0;0;0;0,60705.9994761443,0.005,792,0.0002,25.937108565696214,,0.0013842118257767822,0.38993010000001505,ok,same_stridge_core,Hx;D_x^1.847068 H,0.07836904761904764,1.6547087752384926
0.48701878359078,1.2970545051851905,1.2320027529685682,-2.98291489418899,0;0;-2.98291489419;1.23200275297;0;0;0;-0.55281219077;-0.916979774301;0;0;0,55700.14900285864,0.005,793,0.0002,49.100353793161,,0.010998939000303595,0.3803172000000359,ok,same_stridge_core,Hx;D_x^1.297055 H;H*Hxx;H*Hxxx,0.06999999999999999,4.5402345908740855
0.6731235031787517,1.636732921108711,0.20171635537494323,-1.2993257077998117,0;0;-1.2993257078;0.201716355375;0;0;0;0;0;0;0;0,55345.71699167643,0.005,794,0.0002,23.818844598048244,,0.001440084069881195,0.39065000000005057,ok,same_stridge_core,Hx;D_x^1.636733 H,0.12500000000000003,1.6805578013776703
0.7334191728828593,1.8800157051879993,0.0,-1.0804050380613106,0;0;-1.08040503806;0;0;0;0;0.0726690684902;0;0;0;0,62969.94171372993,0.005,795,0.0002,26.207401629129027,,0.0005215907265523181,0.38566549999995914,ok,same_stridge_core,Hx;H*Hxx,0.03579365079365075,1.0194249436370504
0.6735229091499115,1.6400339938491706,0.2032106924904325,-1.2977976613650024,0;0;-1.29779766137;0.20321069249;0;0;0;0;0;0;0;0,55356.07756700387,0.005,796,0.0002,23.81790819271623,,0.001431083754016327,0.27496770000004744,ok,same_stridge_core,Hx;D_x^1.640034 H,0.050902597402597394,1.6754771659146819
0.7047215496536205,1.029770333520594,0.0,-1.1629219416258616,0;0;-1.16292194163;0;0;0;0;0.0604637614778;0;0;0;0,56083.046345643495,0.005,797,0.0002,23.66587845122738,,0.0007707879739466363,0.14095129999998335,ok,same_stridge_core,Hx;H*Hxx,0.0392794622044622,1.2326599129699782
0.7732001611282779,1.9035273017350878,0.5828364416398961,-0.9875842402605814,0;0;-0.987584240261;0.58283644164;0;0;0;0;0;0;0;0,64556.11883169215,0.005,798,0.0002,26.811608147504188,,0.0005023216355511482,0.39585650000003625,ok,same_stridge_core,Hx;D_x^1.903527 H,0.035,0.9891606148273273
0.8138827735527667,1.6334737692611685,0.14552365584111376,-0.829688318000918,0.036857980419;0;-0.829688318001;0.145523655841;0;0;0;0.109884590072;0.196665391541;0;0;0,55336.28826131157,0.005,799,0.0002,56.439000041288395,,0.000643526303696789,0.3821066000000428,ok,same_stridge_core,1;Hx;D_x^1.633474 H;H*Hxx;H*Hxxx,0.03579365079365075,1.1027117799768242
0.6950311400106518,1.3545150497653815,0.16478282121708676,-1.3039105788020742,0;0;-1.3039105788;0.164782821217;0;0;0;0;-0.0848146384267;0;0;0,55596.79936185126,0.005,800,0.0002,34.4479547924973,,0.0006068275312598796,0.39004110000007586,ok,same_stridge_core,Hx;D_x^1.354515 H;H*Hxxx,0.009501620596588578,1.0898751753865399
0.8219230395232325,1.8523968202804768,0.6453790618232718,-0.8869505652707043,0;0;-0.886950565271;0.645379061823;-1.17257325637;0;0;0;0.192398320109;0;0;0,61056.09886174551,0.005,801,0.0002,50.101397431994535,,0.000827144372712799,0.38096150000001217,ok,same_stridge_core,Hx;D_x^1.852397 H;Hxxx;H*Hxxx,0.035,1.2565183425981297
0.6458834515775639,1.8396620163245119,0.16281449471274467,-1.3566581125253447,0;0;-1.35665811253;0.162814494713;0;0;0;0;0;0;0;0,60236.74141761118,0.005,802,0.0002,26.466061993637553,,0.00284852746550769,0.37975759999994807,ok,same_stridge_core,Hx;D_x^1.839662 H,0.12500000000000003,2.371365426593078
0.7099353219105802,1.4204441956110743,0.211349250540218,-1.2425698603000408,0;0;-1.2425698603;0.21134925054;0;0;0;0;0;0;0;0,55473.929871348635,0.005,803,0.0002,23.226282532927932,,0.0005644310487345801,0.2741138999999748,ok,same_stridge_core,Hx;D_x^1.420444 H,0.06999999999999999,1.0367105843884767
0.691646638184596,1.3325613300493817,0.15695845208892403,-1.3165459651222644,0;0;-1.31654596512;0.156958452089;0;0;0;0;-0.0895647732297;0;0;0,55636.9596173368,0.005,804,0.0002,34.4944236510968,,0.0006331472488124052,0.2794638999999961,ok,same_stridge_core,Hx;D_x^1.332561 H;H*Hxxx,0.03440967705263923,1.1122478806947254
0.6642528841101998,1.5813991852443818,0.17464414838092387,-1.3306656497215243,0;0;-1.33066564972;0.174644148381;0;0;0;0;0;0;0;0,55268.96355521383,0.005,805,0.0002,23.922372588889,,0.0016854008096965527,0.3963899999999967,ok,same_stridge_core,Hx;D_x^1.581399 H,0.0638787878787879,1.814787166803469
0.8810689943103668,1.6038079477893583,0.0,-0.7575573242641224,0;0;-0.757557324264;0;0;0;0;0;0;0;0;0,55281.52234861428,0.005,806,0.0002,15.872114077321108,,0.012150271123321494,0.3891637000000401,ok,same_stridge_core,Hx,0.12500000000000003,4.8158096075982515
0.6743062074852565,1.6985152507048882,0.21756358804348755,-1.2878922093462004,0;0;-1.28789220935;0.217563588043;0;0;0;0;0;0;0;0,55725.014763630075,0.005,807,0.0002,23.995056065897924,,0.0014769863779303173,0.3740490000000136,ok,same_stridge_core,Hx;D_x^1.698515 H,0.035,1.7050501604458932
0.5331701666276479,1.2084721897469153,0.6916991866436717,-2.5210992152181646,0;0;-2.52109921522;0.691699186644;0;0;0;-0.340198372944;-0.771666414266;0;0;0,55845.66512653759,0.005,808,0.0002,47.825055234627285,,0.005288753629974668,0.1393080000000282,ok,same_stridge_core,Hx;D_x^1.208472 H;H*Hxx;H*Hxxx,0.05722527472527473,3.148523133397211
0.7709206881407966,1.7357430821506885,0.4353142388919316,-1.0320697303430357,0;0;-1.03206973034;0.435314238892;0;0;0;0;0;0;0;0,56247.65272514492,0.005,809,0.0002,23.538641143768018,,0.0005497932715864444,0.3876817000000301,ok,same_stridge_core,Hx;D_x^1.735743 H,0.04088235294117645,1.0395800537100475
0.5723650430023179,1.9736229125749447,-0.8788139634488129,-1.6281113228749706,0;0;-1.62811132287;-0.878813963449;0;0;0;-0.266815541588;0;0;0.0445711629575;0,67005.39065357119,0.005,810,0.0002,57.222425746743106,,0.006620152073709093,0.412608500000033,ok,same_stridge_core,Hx;D_x^1.973623 H;H*Hxx;H^2*Hxx,0.04,3.618113223886152
0.6408755606257216,1.4437006461699904,0.5354067002077397,-1.620888348037995,0;0;-1.62088834804;0.535406700208;-0.357385205024;0;0;-0.390968410848;-0.0162313608358;0;0.0318007146148;0,55431.27568752126,0.005,811,0.0002,68.0690185099548,,0.0012509371331923475,0.3798572000000604,ok,same_stridge_core,Hx;D_x^1.443701 H;Hxxx;H*Hxx;H*Hxxx;H^2*Hxx,0.015,1.5514876849292791
0.6469545554371722,1.6799607482374943,0.0,-1.3529233831017653,0;0;-1.3529233831;0;0;0;0;0;0;0;0;0,55562.02133403147,0.005,812,0.0002,13.700682544666906,,0.003377144190378225,0.2767656999999417,ok,same_stridge_core,Hx,0.05410714285714287,2.58827827786061
0.7201491503492448,1.5590067109737502,0.26535034436558125,-1.191745431206956,0;0;-1.19174543121;0.265350344366;0;0;0;0;0;0;0;0,55273.74133972491,0.005,813,0.0002,23.111300389101377,,0.0005161114275869918,0.37877190000006067,ok,same_stridge_core,Hx;D_x^1.559007 H,0.05499999999999999,1.0018038532114113
0.6890718374020409,1.7018283368519915,0.0,-1.209787313387506,0;0;-1.20978731339;0;0;0;0;0.053234396305;0;0;0;0,55759.96508087808,0.005,814,0.0002,23.754265595404846,,0.001069802777230814,0.3783102999999528,ok,same_stridge_core,Hx;H*Hxx,0.04018973214285715,1.4502795630536134
0.6753256426217341,1.189982869982782,0.11258181962621497,-1.374399566466866,0;0;-1.37439956647;0.112581819626;0.789307048955;0;0;0;-0.24110286034;0;0;0,55873.66131263628,0.005,815,0.0002,45.912172326516774,,0.0007572304396921915,0.2798719999999548,ok,same_stridge_core,Hx;D_x^1.189983 H;Hxxx;H*Hxxx,0.02,1.2132432764077539
0.6812429590024319,1.7502981352967175,0.0,-1.2337382495114864,0;0;-1.23373824951;0;0;0;0;0.0494605514121;0;0;0;0,56546.84325515899,0.005,816,0.0002,24.199060821626073,,0.001271095540370783,0.40087690000007115,ok,same_stridge_core,Hx;H*Hxx,0.029369652720220733,1.5803235195624763
0.6796603139277846,1.6799061112977285,0.2254948811671466,-1.275707391135357,0;0;-1.27570739114;0.225494881167;0;0;0;0;0;0;0;0,55561.61584717269,0.005,817,0.0002,23.81661036404883,,0.001288824208951145,0.39621280000005754,ok,same_stridge_core,Hx;D_x^1.679906 H,0.025526315789473685,1.5919640251797553
0.6742467139972339,1.7104504885169165,0.6671153330239363,-1.3384608115149939,0;0;-1.33846081151;0.667115333024;0;0;0;-0.39793357773;0.105171201989;0;0.0383367682132;0,55860.39221966095,0.005,818,0.0002,57.23945528719297,,0.0009560092590717936,0.28258329999994203,ok,same_stridge_core,Hx;D_x^1.71045 H;H*Hxx;H*Hxxx;H^2*Hxx,0.019359788359788386,1.3790630675320161
0.6855565061740487,1.6894883679435448,0.0,-1.2204996637707681,0;0;-1.22049966377;0;0;0;0;0.0515530051028;0;0;0;0,55639.14591745176,0.005,819,0.0002,23.76274403589965,,0.0011556419596712242,0.38888090000000375,ok,same_stridge_core,Hx;H*Hxx,0.030000000000000002,1.507085668918947
0.6876242885669528,1.2833796214944206,0.14329990119351813,-1.3366013629481222,0;0;-1.33660136295;0.143299901194;0;0;0;0;-0.103774200715;0;0;0,55723.800112936784,0.005,820,0.0002,34.56324174036748,,0.0006530992209062335,0.2733313999999609,ok,same_stridge_core,Hx;D_x^1.28338 H;H*Hxxx,0.08,1.128961672605409
0.644422098339237,1.7881753227986514,0.15121513324205732,-1.3649839045233179,0;0;-1.36498390452;0.151215133242;0;0;0;0;0;0;0;0,57673.010090092284,0.005,821,0.0002,25.45273224694936,,0.0028806304935492712,0.3885856000000558,ok,same_stridge_core,Hx;D_x^1.788175 H,0.12500000000000003,2.3835282109124436
0.6576622705114499,1.8282934788032739,-0.35917547013958995,-1.3028054979811492,0;0;-1.30280549798;-0.35917547014;0;0;0;0.0935998378212;-0.0650410890978;0;0;0,59561.53531148462,0.005,822,0.0002,49.63983315015134,,0.0020016230791637217,0.3959676000000627,ok,same_stridge_core,Hx;D_x^1.828293 H;H*Hxx;H*Hxxx,0.034473604826545996,1.99060490096364
0.6890718374020409,1.3881473706398202,0.1805813447022859,-1.298722193541247,0;0;-1.29872219354;0.180581344702;0;0;0;0;0;0;0;0,55534.227413522065,0.005,823,0.0002,23.413152741056148,,0.0007617462126295506,0.033250100000032035,ok,same_stridge_core,Hx;D_x^1.388147 H,0.06499999999999999,1.1994617756473234
0.5687462842252036,1.7736972428749054,-0.2089893472390218,-1.5793940209678508,0;0;-1.57939402097;-0.208989347239;7.61005914949;0;0;0;-1.24546418718;0;0;0,57175.74848553327,0.005,824,0.0002,49.48332423765439,,0.007395433692485665,0.405433099999982,ok,same_stridge_core,Hx;D_x^1.773697 H;Hxxx;H*Hxxx,0.10250000000000004,3.7427254492277653
0.6996182995308542,1.2099818473780657,0.1319584470243202,-1.3253781716636774,0;0;-1.32537817166;0.131958447024;0;0;0;0;-0.151842135035;0;0;0,55843.34239547916,0.005,825,0.0002,34.56215026994476,,0.0005583390523576061,0.39353140000002895,ok,same_stridge_core,Hx;D_x^1.209982 H;H*Hxxx,0.01,1.0561448326572627
0.6493092964590523,1.6519398458555816,0.1506609439445319,-1.363062490669225,0;0;-1.36306249067;0.150660943945;0;0;0;0;0;0;0;0,55400.827098113325,0.005,826,0.0002,24.360388837990033,,0.002464505883696338,0.3868608000000222,ok,same_stridge_core,Hx;D_x^1.65194 H,0.0609722222222222,2.2000579987447026
0.5536116231763317,1.029770333520594,0.3059616366288686,-2.2331725475724236,0;0;-2.23317254757;0.305961636629;0.757713815287;0;0;-0.193493318469;-0.818242773217;0;0;0,56083.046345643495,0.005,827,0.0002,58.80212397648866,,0.0038156738800067223,0.1471619000000146,ok,same_stridge_core,Hx;D_x^1.02977 H;Hxxx;H*Hxx;H*Hxxx,0.03599789915966386,2.7190776308451614
0.6543937137889945,1.022282319184219,0.11919264297119378,-1.5414420634635566,0;0;-1.54144206346;0.119192642971;0;0;0;-0.0285465916778;-0.279789894651;0;0;0,56091.48673381811,0.005,828,0.0002,46.24975906978324,,0.0009538646242848096,0.14520970000000943,ok,same_stridge_core,Hx;D_x^1.022282 H;H*Hxx;H*Hxxx,0.015,1.3765696827287488
0.6744412289205974,1.2910138067178243,0.24544345316271193,-1.463465452524769,0;0;-1.46346545252;0.245443453163;0;0;0;-0.0477657641039;-0.181596094885;0;0;0,55710.64702596423,0.005,829,0.0002,45.758804238718874,,0.000731627168320308,0.3876501999999391,ok,same_stridge_core,Hx;D_x^1.291014 H;H*Hxx;H*Hxxx,0.01,1.190286617947487
0.7018000831897844,1.5417725469126442,0.23207512018419665,-1.240122669082448,0;0;-1.24012266908;0.232075120184;0;0;0;0;0;0;0;0,55286.11822712395,0.005,830,0.0002,23.25723465077445,,0.0006741211754509888,0.2714880999999423,ok,same_stridge_core,Hx;D_x^1.541773 H,0.04,1.1427873599248661
0.6760174911571992,1.663489652492233,0.21352678045142118,-1.2878508962461925,0;0;-1.28785089625;0.213526780451;0;0;0;0;0;0;0;0,55456.73760372784,0.005,831,0.0002,23.82915311222369,,0.0013799028874122517,0.40578709999999774,ok,same_stridge_core,Hx;D_x^1.66349 H,0.03274691358024692,1.6464580707325547
0.7030919097793294,1.053172115799641,0.09401368743774222,-1.3432699903859857,0;0;-1.34326999039;0.0940136874377;0;0;0;0;-0.238556487843;0;0;0,56055.94711876582,0.005,832,0.0002,34.85350182806011,,0.0007297562526430888,0.13989249999997355,ok,same_stridge_core,Hx;D_x^1.053172 H;H*Hxxx,0.015,1.2199335568006158
0.6764490869020902,1.6401744372365243,0.2094190513878792,-1.2899030981982507,0;0;-1.2899030982;0.209419051388;0;0;0;0;0;0;0;0,55356.537021917145,0.005,833,0.0002,23.76246460683532,,0.0013377494865188203,0.3743674000000965,ok,same_stridge_core,Hx;D_x^1.640174 H,0.030000000000000002,1.61984979806846
0.691646638184596,1.288533983581176,0.16217946784605625,-1.3090634528915146,0;0;-1.30906345289;0.162179467846;0;0;0;0;0;0;0;0,55714.93351480334,0.005,834,0.0002,23.44852357195417,,0.0007254917897195087,0.2720706000000064,ok,same_stridge_core,Hx;D_x^1.288534 H,0.12500000000000003,1.1625501660328301
0.7116833205951094,1.708225204075278,0.31108060611156435,-1.1808126130971242,0;0;-1.1808126131;0.311080606112;0.130682421479;0;0;0;0;0;0;0,55833.1078237725,0.005,835,0.0002,34.637644299895236,,0.0006616134590501854,0.3770845000000236,ok,same_stridge_core,Hx;D_x^1.708225 H;Hxxx,0.04488543308543309,1.1377796056317375
0.6197399320579593,1.6038079477893583,0.0,-1.4223246814532453,0;0;-1.42232468145;0;5.09670160721;0;0;0;-0.833703360475;0;0;0,55281.52234861428,0.005,836,0.0002,35.695473980362735,,0.003346145052998329,0.1385747999999012,ok,same_stridge_core,Hx;Hxxx;H*Hxxx,0.12500000000000003,2.5265605711941688
0.698681354944358,1.3937022682284248,0.19232026041036818,-1.274407378944649,0;0;-1.27440737894;0.19232026041;0;0;0;0;0;0;0;0,55523.83361890472,0.005,837,0.0002,23.312170056767464,,0.0006432891774420258,0.1352878000000146,ok,same_stridge_core,Hx;D_x^1.393702 H,0.08755555555555558,1.1026366092055764
0.6787852394008227,1.7199438936353517,0.0,-1.256884810910631,0;0;-1.25688481091;0;0;0;0;0;0;0;0;0,55988.31089269928,0.005,838,0.0002,13.646742518083615,,0.0030445641719518387,0.38348580000001675,ok,same_stridge_core,Hx,0.05138605442176872,2.4490803395437593
0.6463031556020349,1.7322225524736674,0.15073362815275704,-1.363970536764475,0;0;-1.36397053676;0.150733628153;0;0;0;0;0;0;0;0,56184.37962334701,0.005,839,0.0002,24.788679228113416,,0.0027206954524301987,0.1423983000000817,ok,same_stridge_core,Hx;D_x^1.732223 H,0.049999999999999996,2.3149273787746107
0.6892409507817844,1.7460182851071786,0.0,-1.209273694164217,0;0;-1.20927369416;0;0;0;0;0.0533147434223;0;0;0;0,56452.24802575884,0.005,840,0.0002,24.02851376337538,,0.0010658552951151221,0.1477190000000519,ok,same_stridge_core,Hx;H*Hxx,0.034339916924034576,1.4476145530718414
0.7290242989466826,1.9563752358010742,0.0,-1.091820979329493,0;0;-1.09182097933;0;0.0203931276281;0;0;0.0710854937731;0;0;0;0,66820.08960973051,0.005,841,0.0002,41.12620354806514,,0.0005380409447834955,0.3786699999999428,ok,same_stridge_core,Hx;Hxxx;H*Hxx,0.025,1.0341497822268364
0.657889401300255,1.4357273081452357,0.1482343261388886,-1.3688218680472835,0;0;-1.36882186805;0.148234326139;0;0;0;0;0;0;0;0,55445.768732766475,0.005,842,0.0002,23.994205826833642,,0.0017121907012366485,0.13602609999998094,ok,same_stridge_core,Hx;D_x^1.435727 H,0.10500000000000002,1.8158983337270527
0.7093362598913787,1.6281715715315832,0.2310825385550996,-1.194573105338964,0;0;-1.19457310534;0.231082538555;0.0653782136446;0;0;0.00999353861778;0;0;0;0,55322.55714858667,0.005,843,0.0002,45.3719245346691,,0.00063556993733706,0.14560810000000401,ok,same_stridge_core,Hx;D_x^1.628172 H;Hxxx;H*Hxx,0.014519035582862593,1.1138788157997654
0.6873965831441878,1.8081965194746585,-0.04982635548598781,-1.2020913153012383,0;0;-1.2020913153;-0.049826355486;0.19757002956;0;0;0.0631330412411;0;0;0;0,58517.73127462125,0.005,844,0.0002,48.27794323991834,,0.001097854077885228,0.1399485999999115,ok,same_stridge_core,Hx;D_x^1.808197 H;Hxxx;H*Hxx,0.025,1.463758220221343
0.6733812238689654,1.9498838780425376,-0.4874548957825511,-1.2519064327173526,0;0;-1.25190643272;-0.487454895783;0.0826450855916;0;0;0.112916009236;0;0;0;0,66678.24075182609,0.005,845,0.0002,54.97839419162196,,0.0013622657358805567,0.39626320000002124,ok,same_stridge_core,Hx;D_x^1.949884 H;Hxxx;H*Hxx,0.025,1.6358015901610834
0.6691102493875273,1.01724388879629,0.08212257957637152,-1.4212677131878666,0;0;-1.42126771319;0.0821225795764;0.592336662653;0;0;0;-0.278371554863;0;0;0,56097.10477497031,0.005,846,0.0002,46.130999320196054,,0.0007929066396476363,0.38594499999999243,ok,same_stridge_core,Hx;D_x^1.017244 H;Hxxx;H*Hxxx,0.015,1.2533155002198035
0.7822240131731523,1.6916787776779438,0.42473222046019526,-1.0157535018667296,0;0;-1.01575350187;0.42473222046;0;0;0;0;0;0;0;0,55658.77817632483,0.005,847,0.0002,23.415745302955735,,0.0006741126633175965,0.13695150000000922,ok,same_stridge_core,Hx;D_x^1.691679 H,0.11500000000000005,1.1522340324258038
0.7244213635383157,1.7523661817474885,0.18567073874549173,-1.1214906291925026,0;0;-1.12149062919;0.185670738745;0.101807431884;0;0;0.0342767008201;0;0;0;0,56594.65252150854,0.005,848,0.0002,46.298757492375735,,0.0005326442942436724,0.38340960000005,ok,same_stridge_core,Hx;D_x^1.752366 H;Hxxx;H*Hxx,0.025,1.0230354751688981
0.6762730399710566,1.9788140635283804,0.0,-1.2365492572201673,0;0;-1.23654925722;0;0.272997996748;0;0;0.0496830219146;0;0;0;0,67010.15936015778,0.005,849,0.0002,41.85790614827262,,0.0014028716726613613,0.2881962999999814,ok,same_stridge_core,Hx;Hxxx;H*Hxx,0.02,1.6518105321779506
0.672437468114335,1.5203562840659373,0.45367118305190735,-1.4193077864956396,0;0;-1.4193077865;0.453671183052;-0.0339014669937;0;0;-0.277788747894;0;0;0.0247145240044;0,55309.2475660584,0.005,850,0.0002,56.569389405860704,,0.0008105489035710762,0.3854334000000108,ok,same_stridge_core,Hx;D_x^1.520356 H;Hxxx;H*Hxx;H^2*Hxx,0.01111111111111111,1.260141839802304
0.6809469624170059,1.560646611153843,0.44570840332253314,-1.3635195898617782,0;0;-1.36351958986;0.445708403323;0.103099191809;0;0;-0.254268101108;0;0;0.0234514212796;0,55272.91750742162,0.005,851,0.0002,56.47462694239046,,0.0007329726539512408,0.1393556999998964,ok,same_stridge_core,Hx;D_x^1.560647 H;Hxxx;H*Hxx;H^2*Hxx,0.01,1.2017094349688422
0.687180850644175,1.7124580090940773,0.0,-1.2155412474187552,0;0;-1.21554124742;0;0;0;0;0.0523325860605;0;0;0;0,55885.85842441073,0.005,852,0.0002,23.834849869098917,,0.0011150752673297591,0.3808473999999933,ok,same_stridge_core,Hx;H*Hxx,0.04114697802197798,1.480506499334624
0.7204251398709177,1.592010652153176,0.27708153532417196,-1.1847804276424037,0;0;-1.18478042764;0.277081535324;0;0;0;0;0;0;0;0,55272.393252071895,0.005,853,0.0002,23.11889249747601,,0.0005226176237392481,0.39308299999993324,ok,same_stridge_core,Hx;D_x^1.592011 H,0.12500000000000003,1.0099351966472536
0.6295525822412158,1.9836841317806735,-1.2257525745681772,-1.4308177469779841,0;0;-1.43081774698;-1.22575257457;0;0;0;0.172431795287;-0.0782485666526;0;0;0,66995.10137622051,0.005,854,0.0002,55.97175784806032,,0.002848543839729792,0.3684563999999,ok,same_stridge_core,Hx;D_x^1.983684 H;H*Hxx;H*Hxxx,0.04070591168091168,2.375676747083908
0.6818404502727866,1.6666204425939617,0.22702378078044316,-1.2716727128567258,0;0;-1.27167271286;0.22702378078;0;0;0;0;0;0;0;0,55474.283938819724,0.005,855,0.0002,23.732399180585904,,0.001211285143767671,0.4060554999999795,ok,same_stridge_core,Hx;D_x^1.66662 H,0.025,1.5426856050580147
0.6761917308409295,1.647243748125407,0.5854129795541804,-1.3574500961803846,0;0;-1.35745009618;0.585412979554;0;0;0;-0.350114821892;0.0725168079608;0;0.0330009097003;0,55381.728203740335,0.005,856,0.0002,56.687044927560855,,0.0008605061641443563,0.38966770000001816,ok,same_stridge_core,Hx;D_x^1.647244 H;H*Hxx;H*Hxxx;H^2*Hxx,0.019545454545454536,1.3053167238205161
0.6738954242644359,1.6554110073344621,0.20713212900160577,-1.2947033819164293,0;0;-1.29470338192;0.207132129002;0;0;0;0;0;0;0;0,55416.24469611994,0.005,857,0.0002,23.84697429351245,,0.0014381931356731686,0.385856399999966,ok,same_stridge_core,Hx;D_x^1.655411 H,0.030000000000000002,1.6804764150644715
0.6890624700800845,1.771771722316139,0.0,-1.2269772814795838,0;0;-1.22697728148;0;0;0;0;0;0;0;0;0,57116.23317533722,0.005,858,0.0002,13.906134261702224,,0.003141796566267575,0.3908579000000145,ok,same_stridge_core,Hx,0.12500000000000003,2.4828876266347795
0.6673973696690767,1.9619605351549345,0.0,-1.2890720340095745,0;0;-1.28907203401;0;0;0;0;0.0390772948656;-0.0455724051427;0;0;0,66909.92586825695,0.005,859,0.0002,41.98405210245222,,0.001705800420231868,0.38074970000002395,ok,same_stridge_core,Hx;H*Hxx;H*Hxxx,0.025,1.8380965814980432
0.7320214150900322,1.3692938886551043,0.06762018116115504,-1.1197105091699808,0;0;-1.11971050917;0.0676201811612;0;0;0;0.0513649767074;0;0;0;0,55569.415871236255,0.005,860,0.0002,34.32838294066733,,0.0004913131916609178,0.38378290000002835,ok,same_stridge_core,Hx;D_x^1.369294 H;H*Hxx,0.03595238095238091,0.9867334179255796
0.7351619764029538,1.3517423372528614,0.05176984336004184,-1.1040519076499613,0;0;-1.10405190765;0.05176984336;0;0;0;0.0572481258511;0;0;0;0,55601.9090364423,0.005,861,0.0002,34.35171002124106,,0.0004932889084522574,0.3782615000000078,ok,same_stridge_core,Hx;D_x^1.351742 H;H*Hxx,0.031947368421052634,0.9905645993756765
0.7055400839778934,1.399476840885386,0.20113049908631012,-1.2568953025125431,0;0;-1.25689530251;0.201130499086;0;0;0;0;0;0;0;0,55513.02862644828,0.005,862,0.0002,23.263688098184133,,0.0005911109506011105,0.3837075000000141,ok,same_stridge_core,Hx;D_x^1.399477 H,0.06499999999999999,1.0584766476048197
0.6790519411782943,1.6613054643396783,0.21967669538795306,-1.2799402196510972,0;0;-1.27994021965;0.219676695388;0;0;0;0;0;0;0;0,55445.126026511294,0.005,863,0.0002,23.766622661203524,,0.0012848135507674146,0.3875520999999935,ok,same_stridge_core,Hx;D_x^1.661305 H,0.025,1.5885722505990045
0.615412355304948,1.1425710997992276,0.28668806519243567,-1.833066719480232,0;0;-1.83306671948;0.286688065192;0;0;0;-0.119828865537;-0.418776485704;0;0;0,55941.68864433853,0.005,864,0.0002,46.51532057081122,,0.001616748005859236,0.14650129999995443,ok,same_stridge_core,Hx;D_x^1.142571 H;H*Hxx;H*Hxxx,0.030000000000000002,1.7619696553403972
0.7018693793947777,1.9512187869072557,0.0,-1.1670466299511988,0;0;-1.16704662995;0;1.53125688926;0;0;0.0553779694944;-0.248583395087;0;0;0,66710.73753042096,0.005,865,0.0002,54.555380505255876,,0.0007121463123019888,0.28248709999991206,ok,same_stridge_core,Hx;Hxxx;H*Hxx;H*Hxxx,0.019458117516012258,1.1867904809191088
0.6885308900798381,1.668592114481496,0.2419573057147705,-1.2534535444837032,0;0;-1.25345354448;0.241957305715;0;0;0;0;0;0;0;0,55485.897352682325,0.005,866,0.0002,23.624885217211137,,0.0010414956821676244,0.39071930000000066,ok,same_stridge_core,Hx;D_x^1.668592 H,0.029369642780707198,1.4305262761382063
0.6644311149785902,1.89143186429022,-0.4750855116158598,-1.2882874609839647,0;0;-1.28828746098;-0.475085511616;0;0;0;0.108715528628;-0.0610871326466;0;0;0,63760.93296860773,0.005,867,0.0002,52.82738945256152,,0.0016673471824583386,0.38032479999992574,ok,same_stridge_core,Hx;D_x^1.891432 H;H*Hxx;H*Hxxx,0.030000000000000002,1.8186430776753348
0.6453422005928393,1.7596324594178836,0.15086193009957405,-1.3644886561277345,0;0;-1.36448865613;0.1508619301;0;0;0;0;0;0;0;0,56774.02291509322,0.005,868,0.0002,25.05965475604152,,0.00280193685761654,0.3951230000000123,ok,same_stridge_core,Hx;D_x^1.759632 H,0.09400000000000003,2.350045590004232
0.6207659131217023,1.4833942429851705,0.7023392494380477,-1.7171135124419825,0;0;-1.71711351244;0.702339249438;-0.209927918976;0;0;-0.549459448497;0;0;0.0451738745733;0,55362.80795889015,0.005,869,0.0002,57.23055647427372,,0.0018226627423251359,0.387710200000015,ok,same_stridge_core,Hx;D_x^1.483394 H;Hxxx;H*Hxx;H^2*Hxx,0.02,1.8677485153835642
0.6808230245565534,1.411855772561747,0.32565851168279975,-1.4179793336863693,0;0;-1.41797933369;0.325658511683;0;0;0;-0.0562160951576;-0.124401721309;0;0;0,55489.903923173726,0.005,870,0.0002,45.612226822350586,,0.0007682725888284371,0.39650029999995695,ok,same_stridge_core,Hx;D_x^1.411856 H;H*Hxx;H*Hxxx,0.035,1.2203036838116017
0.7774723535236139,1.5261994255524893,0.0,-0.9620096425674248,0;0;-0.962009642567;0;0;0;0;0.088912474316;0;0;0;0,55302.22202566721,0.005,871,0.0002,23.29154795154951,,0.000680007205301481,0.3858371000000034,ok,same_stridge_core,Hx;H*Hxx,0.08750000000000002,1.1706591412826277
0.6810915658341299,1.6709905278001047,0.22647193155033077,-1.273073430886401,0;0;-1.27307343089;0.22647193155;0;0;0;0;0;0;0;0,55500.63255823685,0.005,872,0.0002,23.759648750694215,,0.0012373114474914203,0.37792209999997795,ok,same_stridge_core,Hx;D_x^1.670991 H,0.02545046074782917,1.5593957273994736
0.4780709384311264,1.769556442025557,2.3070926337241784,-2.3407139071664527,-0.0929144188345;0;-2.34071390717;2.30709263372;0;0;0;-2.01971372025;0;0;0.173448792911;0,57049.590146115064,0.005,873,0.0002,62.68143002714906,,0.01650008605213704,0.3747195000000829,ok,same_stridge_core,1;Hx;D_x^1.769556 H;H*Hxx;H^2*Hxx,0.04917155067155067,5.631839881033994
0.6965798816302275,1.131163896598495,0.11184095810544484,-1.347115994186318,0;0;-1.34711599419;0.111840958105;0;0;0;0;-0.18725305072;0;0;0,55957.26336139728,0.005,874,0.0002,34.67692982815493,,0.0006026486197184119,0.37876890000006824,ok,same_stridge_core,Hx;D_x^1.131164 H;H*Hxxx,0.014470546014013121,1.1025718113165686
0.7918695284821821,1.0787672601680032,0.0,-1.0665436364140772,0;0;-1.06654363641;0;-2.58712252095;0;0;0;0;0;0;0,56025.017370096575,0.005,875,0.0002,25.559302353121215,,0.005358156831677453,0.3877664999999979,ok,same_stridge_core,Hx;Hxxx,0.10250000000000004,3.149295405082583
0.6546350112167997,1.4358741814697982,0.40442806356257116,-1.5178419061681312,0;0;-1.51784190617;0.404428063563;1.35822305251;0;0;-0.0930089955603;-0.338636071965;0;0;0,55445.50030959935,0.005,876,0.0002,57.00805593509526,,0.001277335086550516,0.12871910000001208,ok,same_stridge_core,Hx;D_x^1.435874 H;Hxxx;H*Hxx;H*Hxxx,0.020010251322751332,1.5625556254959025
0.6748074448083754,1.6916787776779438,0.6447538177467169,-1.3445904117262661,0;0;-1.34459041173;0.644753817747;0;0;0;-0.385310427097;0.0965181802573;0;0.0368661968019;0,55658.77817632483,0.005,877,0.0002,57.01520575940799,,0.000926167442561904,0.13901940000005197,ok,same_stridge_core,Hx;D_x^1.691679 H;H*Hxx;H*Hxxx;H^2*Hxx,0.019675324675324683,1.356427583083164
0.5191636233877838,1.5080064711707148,1.492417610757946,-2.361396016703038,0;0;-2.3613960167;1.49241761076;0.0154464887752;0;0;-1.3540865443;0;0;0.109552350195;0,55325.56822154927,0.005,878,0.0002,59.22227124647565,,0.008038165558959587,0.3927060999999412,ok,same_stridge_core,Hx;D_x^1.508006 H;Hxxx;H*Hxx;H^2*Hxx,0.05678571428571428,3.896703024926383
0.6754315724621754,1.4064218322707447,0.34690893208027646,-1.4504536043177738,0;0;-1.45045360432;0.34690893208;0;0;0;-0.0666129351193;-0.136739153904;0;0;0,55500.044850756654,0.005,879,0.0002,45.671941832987635,,0.0008367997643932601,0.38073960000008356,ok,same_stridge_core,Hx;D_x^1.406422 H;H*Hxx;H*Hxxx,0.045,1.2719059523823149
0.6498539909766303,1.5483250516069678,0.6050972944986862,-1.5170628395504075,0;0;-1.51706283955;0.605097294499;0.173144988062;0;0;-0.423004042812;0;0;0.0369632033849;0,55280.66070499662,0.005,880,0.0002,56.81840807225049,,0.0012189634931919937,0.4042199000000437,ok,same_stridge_core,Hx;D_x^1.548325 H;Hxxx;H*Hxx;H^2*Hxx,0.023253968253968273,1.5377473672538686
0.5844486534588236,1.560646611153843,1.0145894035843672,-1.8828161501084248,-0.0213653643864;0;-1.88281615011;1.01458940358;0;0;0;-0.864827182931;0;0;0.0714614501223;0,55272.91750742162,0.005,881,0.0002,57.827138024133546,,0.0034298988427097065,0.16536839999992026,ok,same_stridge_core,1;Hx;D_x^1.560647 H;H*Hxx;H^2*Hxx,0.022619047619047636,2.5542205167119323
0.7136795981927689,1.7380357665685018,0.32960755298603966,-1.1696088703812941,0;0;-1.16960887038;0.329607552986;0.149474042367;0;0;0;0;0;0;0,56290.67387799031,0.005,882,0.0002,34.90846395947538,,0.0006567181564012336,0.3841191000000208,ok,same_stridge_core,Hx;D_x^1.738036 H;Hxxx,0.045,1.134059632681187
0.7350755188825356,1.9968194577282323,0.0,-1.0757747598469114,0;0;-1.07577475985;0;0;0;0;0.0733332676521;0;0;0;0,66869.52428551548,0.005,883,0.0002,27.763269979655497,,0.0005171591373668828,0.3869120000000521,ok,same_stridge_core,Hx;H*Hxx,0.035138888888888865,1.0154602654493068
0.6719330224958933,1.4335967551795474,0.16730107112174053,-1.3334193589255505,0;0;-1.33341935893;0.167301071122;0;0;0;0;0;0;0;0,55449.66782059469,0.005,884,0.0002,23.69555996819582,,0.0011990609901457755,0.13097129999994195,ok,same_stridge_core,Hx;D_x^1.433597 H,0.05999999999999999,1.5156928399579417
0.6875548495050117,1.7751848504359535,0.0,-1.2313315309395187,0;0;-1.23133153094;0;0;0;0;0;0;0;0;0,57222.75662372155,0.005,885,0.0002,13.920429439530448,,0.0031221772421769363,0.3697005999999874,ok,same_stridge_core,Hx,0.12500000000000003,2.4758781147861377
0.6441624289389574,1.712478187217451,0.0,-1.361598338534242,0;0;-1.36159833853;0;0;0;0;0;0;0;0;0,55886.117997298876,0.005,886,0.0002,13.797028310990296,,0.003459804248319659,0.142951700000026,ok,same_stridge_core,Hx,0.049395604395604385,2.6198047115305205
0.8722670928307431,1.505850251612099,-0.22208158154365457,-0.6637948493245278,0;0;-0.663794849325;-0.222081581544;0;0;0;0.174161388364;0;0;0;0,55328.60073250179,0.005,887,0.0002,35.1632736497558,,0.0019342351532906196,0.3948240000000851,ok,same_stridge_core,Hx;D_x^1.50585 H;H*Hxx,0.08976190476190479,1.9661132102547239
0.6800648560727822,1.022282319184219,0.08680218811131996,-1.402586861902978,0;0;-1.4025868619;0.0868021881113;0;0;0;0;-0.212774684643;0;0;0,56091.48673381811,0.005,888,0.0002,34.84191463058801,,0.0006996564180557333,0.1502460000000383,ok,same_stridge_core,Hx;D_x^1.022282 H;H*Hxxx,0.025,1.1870225902971396
0.6779416747060569,1.642446007534045,0.21304219686788725,-1.2855782812440781,0;0;-1.28557828124;0.213042196868;0;0;0;0;0;0;0;0,55364.1851458891,0.005,889,0.0002,23.739560670243705,,0.0012950618841341321,0.3840294999999969,ok,same_stridge_core,Hx;D_x^1.642446 H,0.049207875457875465,1.5938866118880641
0.5350749172232041,1.7593443892286569,1.5758876160295652,-2.03481851937258,-0.0732124469257;0;-2.03481851937;1.57588761603;0;0;0;-1.34653100766;-0.116623242826;0;0.114296345176;0,56766.56332516072,0.005,890,0.0002,72.1497193295727,,0.008348431335928207,0.13864860000001045,ok,same_stridge_core,1;Hx;D_x^1.759344 H;H*Hxx;H*Hxxx;H^2*Hxx,0.045,4.029843339379834
0.821156067938041,1.359325113449234,-0.1319556445293386,-0.6715048008437405,0.0440447448346;0;-0.671504800844;-0.131955644529;1.65315510688;0;0;0.196358793333;0.0473049917583;0;0;0,55587.912661562055,0.005,891,0.0002,67.81483219998468,,0.0006302214146541765,0.38482970000006844,ok,same_stridge_core,1;Hx;D_x^1.359325 H;Hxxx;H*Hxx;H*Hxxx,0.01,1.1093370061102101
0.6485089175306354,1.053172115799641,0.14396812356154767,-1.585375173603683,0;0;-1.5853751736;0.143968123562;0;0;0;-0.042225051496;-0.300582331376;0;0;0,56055.94711876582,0.005,892,0.0002,46.263868375769796,,0.0010198990209123121,0.14835379999999532,ok,same_stridge_core,Hx;D_x^1.053172 H;H*Hxx;H*Hxxx,0.015,1.419110680757138
0.7048256220230382,1.185824400645559,0.131876959135255,-1.3260175104113359,0;0;-1.32601751041;0.131876959135;-0.56506881585;0;0;0;-0.088799023421;0;0;0,55879.84384576183,0.005,893,0.0002,45.7712112959496,,0.0005684043949571282,0.4064390999999432,ok,same_stridge_core,Hx;D_x^1.185824 H;Hxxx;H*Hxxx,0.01,1.0673362193401292
0.6458857308466991,1.6095438057234004,0.101980647015511,-1.3551457299084997,0;0;-1.35514572991;0.101980647016;3.67121726458;0;0;0;-0.583096524132;0;0;0,55288.270475466896,0.005,894,0.0002,46.19433194615763,,0.002016753061822885,0.38056110000002263,ok,same_stridge_core,Hx;D_x^1.609544 H;Hxxx;H*Hxxx,0.03935958393458392,1.9637155657841148
0.7018693793947777,1.7294505883886684,0.0,-1.1904424751412148,0;0;-1.19044247514;0;0;0;0;0;0;0;0;0,56136.85699523289,0.005,895,0.0002,13.794569732305822,,0.0033762892011624554,0.26903730000003634,ok,same_stridge_core,Hx,0.07227272727272734,2.567198333259244
0.5640832311427535,1.9830267846829106,-0.22622277992475326,-1.6098654188470793,0;0;-1.60986541885;-0.226222779925;1.26466112469;0;0;-0.536055964591;0;0;0.0677000688;0,66998.19511889017,0.005,896,0.0002,70.73526090653439,,0.007182468870922699,0.4076212999999598,ok,same_stridge_core,Hx;D_x^1.983027 H;Hxxx;H*Hxx;H^2*Hxx,0.035,3.737065787644211
0.7209625448111098,1.7748496515540169,0.0,-1.1130089256282407,0;0;-1.11300892563;0;0.0581504846472;0;0;0.068104230132;0;0;0;0,57212.08273616834,0.005,897,0.0002,35.40476764595216,,0.00058683137379783,0.3845678999999791,ok,same_stridge_core,Hx;Hxxx;H*Hxx,0.024408182276259335,1.0775180042511565
0.6723963565558126,1.632960686103611,0.19945920799568712,-1.3018002177409893,0;0;-1.30180021774;0.199459207996;0;0;0;0;0;0;0;0,55334.873953311726,0.005,898,0.0002,23.825626398373874,,0.0014595479495442374,0.3842834000000721,ok,same_stridge_core,Hx;D_x^1.632961 H,0.03606750765574295,1.6916768170491827
0.6791475573380081,1.7719765641074354,-0.042339836771988104,-1.236115138457157,0;0;-1.23611513846;-0.042339836772;0;0;0;0.0563278574897;0;0;0;0,57122.49466256959,0.005,899,0.0002,35.88966429409631,,0.001329794887508896,0.27690559999996367,ok,same_stridge_core,Hx;D_x^1.771977 H;H*Hxx,0.03927762515262513,1.6161674965545634
0.7218796836222812,1.4149390393630468,0.22284082518248816,-1.2153684455661666,0;0;-1.21536844557;0.222840825182;0;0;0;0;0;0;0;0,55484.16030599035,0.005,900,0.0002,23.226537432281905,,0.0005557342607225684,0.3841607000000522,ok,same_stridge_core,Hx;D_x^1.414939 H,0.049999999999999996,1.0328733098857668
0.6799524215688505,1.1994928479049665,0.11751461119521811,-1.3642817700539076,0;0;-1.36428177005;0.117514611195;0.603746427387;0;0;0;-0.216954261414;0;0;0,55859.365391519976,0.005,901,0.0002,45.853652031841534,,0.0006961545227487856,0.40881400000000667,ok,same_stridge_core,Hx;D_x^1.199493 H;Hxxx;H*Hxxx,0.015,1.1661597186255521
0.6873370709771544,1.711987223050805,0.0,-1.2319614458275243,0;0;-1.23196144583;0;0;0;0;0;0;0;0;0,55879.81265467817,0.005,902,0.0002,13.650883788580995,,0.0031194905201020634,0.36901140000009036,ok,same_stridge_core,Hx,0.12500000000000003,2.4749212576453585
0.688082651124656,1.6281715715315832,0.23028347197319074,-1.2607850629692932,0;0;-1.26078506297;0.230283471973;0;0;0;0;0;0;0;0,55322.55714858667,0.005,903,0.0002,23.534313608013086,,0.0010082484090567568,0.13544239999998808,ok,same_stridge_core,Hx;D_x^1.628172 H,0.030555555555555555,1.4052907485784196
0.7108141985535557,1.6940801922018875,0.18868792649167865,-1.1677786498842535,0;0;-1.16777864988;0.188687926492;0.131239999497;0;0;0.0248503202993;0;0;0;0,55681.17184509032,0.005,904,0.0002,45.671367325043846,,0.0006490152128755154,0.2779601999999386,ok,same_stridge_core,Hx;D_x^1.69408 H;Hxxx;H*Hxx,0.024407349373942046,1.1264298489715923
0.5962908426951666,1.9324980908583584,-1.4810809668482534,-1.4986824578472113,0;0;-1.49868245785;-1.48108096685;0;0;0;0.210273712283;0;0;0;0,66098.47771034997,0.005,905,0.0002,42.86772586160376,,0.005280165532527489,0.3772824000000128,ok,same_stridge_core,Hx;D_x^1.932498 H;H*Hxx,0.06012820512820515,3.2086392353937754
0.6837602811956544,1.2168026577896858,0.12340518053026284,-1.3535857108021891,0;0;-1.3535857108;0.12340518053;0.487880424647;0;0;0;-0.198117760361;0;0;0,55832.7791850067,0.005,906,0.0002,45.80091280293286,,0.0006572571322832714,0.3732710000000452,ok,same_stridge_core,Hx;D_x^1.216803 H;Hxxx;H*Hxxx,0.01,1.1346894549274937
0.6758691658442461,1.6047720569521484,0.5120702507368402,-1.367811686933591,0;0;-1.36781168693;0.512070250737;0.298999273452;0;0;-0.304080197686;0;0;0.0282580817845;0,55282.544447032684,0.005,907,0.0002,56.55767449792298,,0.0008264739668211434,0.38654959999996663,ok,same_stridge_core,Hx;D_x^1.604772 H;Hxxx;H*Hxx;H^2*Hxx,0.015,1.2751300508902954
0.7037974418932273,1.7316952015708829,0.0,-1.1850120148864653,0;0;-1.18501201489;0;0;0;0;0;0;0;0;0,56175.18500695414,0.005,908,0.0002,13.818357701555527,,0.003421431444752892,0.39888630000007197,ok,same_stridge_core,Hx,0.05978333333333333,2.583320700164699
0.7227288098271661,1.2002499886737574,0.06324532906553479,-1.18369422026694,0;0;-1.18369422027;0.0632453290655;-0.451342991113;0;0;0.0420236540168;0;0;0;0,55858.21771750425,0.005,909,0.0002,45.68660528582163,,0.0005019429739885495,0.39272110000001703,ok,same_stridge_core,Hx;D_x^1.20025 H;Hxxx;H*Hxx,0.02,1.0000311118182268
0.6195751385906063,1.5744710195755125,0.0,-1.422712585772043,0;0;-1.42271258577;0;5.10323334476;0;0;0;-0.834254119403;0;0;0,55268.84610622277,0.005,910,0.0002,35.69120821060822,,0.003355284216481017,0.3884951000000001,ok,same_stridge_core,Hx;Hxxx;H*Hxxx,0.09766666666666671,2.529900546874553
0.7030347384360522,1.9018540320573387,-0.0808361777116564,-1.1609611545010627,0;0;-1.1609611545;-0.0808361777117;0.106455245875;0;0;0.0728247195653;0;0;0;0,64449.92672001279,0.005,911,0.0002,52.80511713156689,,0.0007885222230835102,0.38537240000005113,ok,same_stridge_core,Hx;D_x^1.901854 H;Hxxx;H*Hxx,0.024465234564143887,1.2451757555566614
0.6867378773007328,1.6617850858039533,0.23628560039658086,-1.2592511568976017,0;0;-1.2592511569;0.236285600397;0;0;0;0;0;0;0;0,55447.63256074982,0.005,912,0.0002,23.633762971035406,,0.0010774972356708168,0.37427600000000893,ok,same_stridge_core,Hx;D_x^1.661785 H,0.12500000000000003,1.4547099467354776
0.6802568725987197,1.1278534268618248,0.10792402724576484,-1.3855301099325157,0;0;-1.38553010993;0.107924027246;0;0;0;0;-0.161827568256;0;0;0,55961.727094324495,0.005,913,0.0002,34.73339891608745,,0.0006782936054353501,0.37838990000000194,ok,same_stridge_core,Hx;D_x^1.127853 H;H*Hxxx,0.0541975308641975,1.1563626594927485
0.6961064296582843,1.4335967551795474,0.19828308734946648,-1.2735071600838141,0;0;-1.27350716008;0.198283087349;0;0;0;0;0;0;0;0,55449.66782059469,0.005,914,0.0002,23.320853573346092,,0.0006840995251046426,0.13985250000007454,ok,same_stridge_core,Hx;D_x^1.433597 H,0.05999999999999999,1.1409864451082163
0.664326627749551,1.6567810316978113,0.1860708075324888,-1.3206917556842723,0;0;-1.32069175568;0.186070807532;0;0;0;0;0;0;0;0,55422.64762940995,0.005,915,0.0002,24.042224515145463,,0.001786483329754788,0.38089179999997214,ok,same_stridge_core,Hx;D_x^1.656781 H,0.03668067226890752,1.8731654633814816
0.6303576203273666,1.8208719875826196,0.876056025637522,-1.4385221807402255,0;0;-1.43852218074;0.876056025638;0;0;0;-0.654336694839;0.181022292829;0;0.0656116830893;0,59153.122745582245,0.005,916,0.0002,61.37604250323292,,0.0024883329978977954,0.3878167000000303,ok,same_stridge_core,Hx;D_x^1.820872 H;H*Hxx;H*Hxxx;H^2*Hxx,0.035514705882352976,2.222919757650672
0.7473742765890845,1.5906931931456778,0.317907026680887,-1.1200112076312718,0;0;-1.12001120763;0.317907026681;0;0;0;0;0;0;0;0,55271.73650663865,0.005,917,0.0002,23.10897837928711,,0.0005094645391233212,0.36761999999998807,ok,same_stridge_core,Hx;D_x^1.590693 H,0.06423076923076924,1.0002837766316486
0.6499323683063499,1.875164210891099,-0.5810087741623036,-1.330936595257988,0;0;-1.33093659526;-0.581008774162;0;0;0;0.118694062717;-0.0750803550408;0;0;0,62628.812940485535,0.005,918,0.0002,52.204647796018854,,0.002230284827153178,0.38972080000007736,ok,same_stridge_core,Hx;D_x^1.875164 H;H*Hxx;H*Hxxx,0.03931289367598889,2.101597443630425
0.6793484590694358,1.7253928081277299,0.0,-1.2395854277309653,0;0;-1.23958542773;0;0;0;0;0.0485312906782;0;0;0;0,56070.79265294016,0.005,919,0.0002,24.041981602614445,,0.0013254428779173118,0.3775426999999354,ok,same_stridge_core,Hx;H*Hxx,0.03061455709356944,1.6136645414383817
0.8228355632163364,1.6658864676861576,0.0,-0.7729914385137291,0.0396802666989;0;-0.772991438514;0;0;0;0;0.14898512365;0.212589127269;0;0;0,55470.07308675989,0.005,920,0.0002,45.560287269206874,,0.0007342865408223249,0.380285200000003,ok,same_stridge_core,1;Hx;H*Hxx;H*Hxxx,0.03944444444444439,1.184228799798958
0.6858540061462873,1.4042875300951971,0.2961246020960653,-1.3905772854935685,0;0;-1.39057728549;0.296124602096;0;0;0;-0.0452391883701;-0.118402965573;0;0;0,55504.03271187795,0.005,921,0.0002,45.567263280239956,,0.0006975613400520996,0.402821900000049,ok,same_stridge_core,Hx;D_x^1.404288 H;H*Hxx;H*Hxxx,0.02,1.1640371107375878
0.6716866679678208,1.1231804037892328,0.10533683246165637,-1.4066377652687547,0;0;-1.40663776527;0.105336832462;0;0;0;0;-0.14925227191;0;0;0,55967.98507389361,0.005,922,0.0002,34.827504576641076,,0.0007987231596871038,0.4028551999999763,ok,same_stridge_core,Hx;D_x^1.12318 H;H*Hxxx,0.034909982744716656,1.2467135323049106
0.7099353219105802,1.9584641341521403,0.0,-1.1678449923796757,0;0;-1.16784499238;0;0;0;0;0;0;0;0;0,66857.13974333332,0.005,923,0.0002,16.01115050777078,,0.0035808378152163214,0.27710320000005595,ok,same_stridge_core,Hx,0.12500000000000003,2.639722559104116
0.6752133635122076,1.6934938254394147,0.6441952222349614,-1.3422050064927054,0;0;-1.34220500649;0.644195222235;0;0;0;-0.383737174305;0.0967436870697;0;0.0367591880246;0,55675.61870439386,0.005,924,0.0002,57.02853758471698,,0.0009211299441710982,0.404276100000061,ok,same_stridge_core,Hx;D_x^1.693494 H;H*Hxx;H*Hxxx;H^2*Hxx,0.01,1.3529188803231171
0.7018693793947777,1.2730120709579622,0.14908282387782007,-1.3068840642242157,0;0;-1.30688406422;0.149082823878;0;0;0;0;-0.124617305722;0;0;0,55741.454930479566,0.005,925,0.0002,34.47768798422616,,0.0005376747709640865,0.26900159999991047,ok,same_stridge_core,Hx;D_x^1.273012 H;H*Hxxx,0.019440887144331415,1.03281502593842
0.6521774421914535,1.3776089549022221,0.3953441342695793,-1.571779431258695,0;0;-1.57177943126;0.39534413427;0.784654142228;0;0;-0.101010204755;-0.301846640277;0;0;0,55553.92139862596,0.005,926,0.0002,57.05611708116632,,0.0011846967997399115,0.39170450000005985,ok,same_stridge_core,Hx;D_x^1.377609 H;Hxxx;H*Hxx;H*Hxxx,0.020754307783719544,1.5021956825403588
0.7938665118120606,1.813187504661173,0.5386056933883112,-0.9588589535985372,0;0;-0.958858953599;0.538605693388;0;0;0;0;0;0;0;0,58758.47737713544,0.005,927,0.0002,24.64128533632165,,0.0006623455925386424,0.27097460000004503,ok,same_stridge_core,Hx;D_x^1.813188 H,0.04212391774891774,1.1378943854674741
0.6739317418529243,1.6653481200622313,0.20930096405242482,-1.2932726289688383,0;0;-1.29327262897;0.209300964052;0;0;0;0;0;0;0;0,55467.02277852726,0.005,928,0.0002,23.87428587184041,,0.001449314812400363,0.38756999999998243,ok,same_stridge_core,Hx;D_x^1.665348 H,0.030000000000000002,1.6874767604295051
0.71289975229003,1.2125205964669639,0.1552929991461895,-1.2669273352714137,0;0;-1.26692733527;0.155292999146;0;0;0;0;0;0;0;0,55839.42388223212,0.005,929,0.0002,23.65751919304835,,0.0009093453347482248,0.39368690000003426,ok,same_stridge_core,Hx;D_x^1.212521 H,0.0484567901234568,1.3217496401555033
0.6807366448443888,1.6496063680931305,0.22054690865950557,-1.2770684470586902,0;0;-1.27706844706;0.22054690866;0;0;0;0;0;0;0;0,55391.090558818185,0.005,930,0.0002,23.705235451440362,,0.00122230007418993,0.3804612000000134,ok,same_stridge_core,Hx;D_x^1.649606 H,0.025,1.5487992279130876
0.6908554687140234,1.721184352521336,0.0,-1.2043781537932325,0;0;-1.20437815379;0;0;0;0;0.0540793704205;0;0;0;0,56006.481433746,0.005,931,0.0002,23.82508511879633,,0.001028992806993185,0.3796810999999707,ok,same_stridge_core,Hx;H*Hxx,0.035,1.4224925452979331
0.67556308576871,1.4037150885615188,0.16760104285591382,-1.3293772419439855,0;0;-1.32937724194;0.167601042856;0;0;0;0;0;0;0;0,55505.10287274336,0.005,932,0.0002,23.620777512967678,,0.0010576967273468038,0.38603379999995013,ok,same_stridge_core,Hx;D_x^1.403715 H,0.06386147186147188,1.4187363638703339
0.617884545819788,1.838720772514873,-0.721829797531415,-1.3994817862386049,0;0;-1.39948178624;-0.721829797531;0;0;0;0.135420786047;0;0;0;0,60178.68058339626,0.005,933,0.0002,38.97125817103909,,0.004200470118790983,0.38664430000005723,ok,same_stridge_core,Hx;D_x^1.838721 H;H*Hxx,0.05553146853146854,2.864049821001332
0.7108141985535557,1.7320580801998953,0.0,-1.140149463816561,0;0;-1.14014946382;0;0.106130177658;0;0;0.0642065277524;0;0;0;0,56181.50350132761,0.005,934,0.0002,34.87034443226198,,0.0006856637493460302,0.29214479999996,ok,same_stridge_core,Hx;Hxxx;H*Hxx,0.03927785099478218,1.1614423314654192
0.6884810214610741,1.7575844608174624,0.0,-1.2115829342974507,0;0;-1.2115829343;0;0;0;0;0.052953297614;0;0;0;0,56721.62746884589,0.005,935,0.0002,24.14829076176271,,0.0010837241418291427,0.3963888999999199,ok,same_stridge_core,Hx;H*Hxx,0.03514038423450185,1.4596397742243545
0.5844681781798317,1.9007574338311035,0.0,-1.5571310339867868,0;0;-1.55713103399;0;0;0;0;0;0;0;0;0,64379.58775879231,0.005,936,0.0002,16.84617788267519,,0.00803786251144089,0.3901974999999993,ok,same_stridge_core,Hx,0.05925757575757577,3.970260330916728
0.6658915367342044,1.7903936952599864,-0.1836430230785543,-1.2803755451123942,0;0;-1.28037554511;-0.183643023079;0;0;0;0.0709443054583;-0.0536021962674;0;0;0,57757.331917822215,0.005,937,0.0002,48.05903175309418,,0.0017345922592682905,0.2652131999999483,ok,same_stridge_core,Hx;D_x^1.790394 H;H*Hxx;H*Hxxx,0.035,1.8531662188364066
0.5300471718103642,1.7311915346802798,1.7945024520502484,-1.96058470562696,0;0;-1.96058470563;1.79450245205;0;0;0;-1.5644792352;0.367147340397;0;0.144647333283;0,56166.471327255706,0.005,938,0.0002,60.5966601223119,,0.010059533485715385,0.39193519999992077,ok,same_stridge_core,Hx;D_x^1.731192 H;H*Hxx;H*Hxxx;H^2*Hxx,0.08166666666666662,4.430188795056196
0.6424497770985171,1.697830263993176,0.0,-1.3669397395139067,0;0;-1.36693973951;0;0;0;0;0;0;0;0;0,55718.026640910895,0.005,939,0.0002,13.784310017203357,,0.0035153169787595193,0.1374371000000565,ok,same_stridge_core,Hx,0.05410860744194076,2.6407046890211774
0.6858807399199358,1.776197483061122,0.0,-1.2361799025245985,0;0;-1.23617990252;0;0;0;0;0;0;0;0;0,57255.27234008539,0.005,940,0.0002,13.919943354939168,,0.003102490099596738,0.13606929999991735,ok,same_stridge_core,Hx,0.07829761904761907,2.46888888692209
0.7242290475423978,1.1832151558470643,0.0,-1.1063558964335096,0;0;-1.10635589643;0;0;0;0;0.0689050429572;0;0;0;0,55883.70160823405,0.005,941,0.0002,23.41180457084656,,0.0005644380548758698,0.37549779999994826,ok,same_stridge_core,Hx;H*Hxx,0.049999999999999996,1.0583239275529384
0.827693082641257,1.5467421070333516,0.0,-0.8385811922795546,0;0;-0.83858119228;0;0;0;0;0.104051475261;0;0;0;0,55281.89985691553,0.005,942,0.0002,23.74361023981651,,0.0013218291344973172,0.39497879999998986,ok,same_stridge_core,Hx;H*Hxx,0.04474603174603171,1.6308502970502945
0.6547900125294284,1.3881473706398202,0.3899646197818932,-1.5505366545933137,0;0;-1.55053665459;0.389964619782;0.846466538354;0;0;-0.0959547909002;-0.298118891921;0;0;0,55534.227413522065,0.005,943,0.0002,57.018018823912335,,0.0011542088621450668,0.13480619999995724,ok,same_stridge_core,Hx;D_x^1.388147 H;Hxxx;H*Hxx;H*Hxxx,0.015,1.4837914103902659
0.5285405718585778,1.763897328235397,1.6261179381516835,-2.0689316867786136,-0.0773435483872;0;-2.06893168678;1.62611793815;0;0;0;-1.40108782465;-0.129224320312;0;0.118910304307;0,56887.955547441336,0.005,944,0.0002,72.46926997611178,,0.009090748444644952,0.39177159999997,ok,same_stridge_core,1;Hx;D_x^1.763897 H;H*Hxx;H*Hxxx;H^2*Hxx,0.045,4.203723319182159
0.5242315826449351,1.7242869424670972,1.7781420153744592,-2.115463386990049,-0.0659484897518;0;-2.11546338699;1.77814201537;0;0;0;-1.52002160256;0;0;0.129140614252;0,56053.48723403826,0.005,945,0.0002,60.28016889507621,,0.00926388599608119,0.37836059999995086,ok,same_stridge_core,1;Hx;D_x^1.724287 H;H*Hxx;H^2*Hxx,0.05055555555555557,4.2266816610379525
0.6555617280995648,1.625586547980211,0.1622058152560471,-1.3486036126866658,0;0;-1.34860361269;0.162205815256;0;0;0;0;0;0;0;0,55316.54877773768,0.005,946,0.0002,24.166273374597335,,0.002121400375708846,0.3728730000000269,ok,same_stridge_core,Hx;D_x^1.625587 H,0.049999999999999996,2.0396538635022625
0.7177550032625385,1.6638047325417893,0.1967178709595395,-1.1579366083706364,0;0;-1.15793660837;0.19671787096;0.88216386141;0;0;0.0206949513778;-0.145628702562;0;0;0,55458.45490178374,0.005,947,0.0002,56.481673584775244,,0.0005291923263768019,0.2868791999999303,ok,same_stridge_core,Hx;D_x^1.663805 H;Hxxx;H*Hxx;H*Hxxx,0.015,1.023218682991499
0.5266497952770396,1.022282319184219,0.3686162575828612,-2.474478479896471,0;0;-2.4744784799;0.368616257583;0;0;0;-0.248882491747;-0.877741554297;0;0;0,56091.48673381811,0.005,948,0.0002,48.10879701671549,,0.005382493848445292,0.15925320000008014,ok,same_stridge_core,Hx;D_x^1.022282 H;H*Hxx;H*Hxxx,0.09000000000000001,3.2356076296610072
0.5702249268892674,1.7082291917539048,1.292617254759586,-1.876959278484291,-0.0499031100428;0;-1.87695927848;1.29261725476;0;0;0;-1.05951188978;-0.0562225862203;0;0.0894195622034;0,55833.155963891586,0.005,949,0.0002,70.11930260966486,,0.0049905945136776,0.4058759999999211,ok,same_stridge_core,1;Hx;D_x^1.708229 H;H*Hxx;H*Hxxx;H^2*Hxx,0.045,3.1195154529949436
0.6815000458466263,1.6695794578990062,0.22701788680863103,-1.272170070486591,0;0;-1.27217007049;0.227017886809;0;0;0;0;0;0;0;0,55491.88190420515,0.005,950,0.0002,23.747785017555564,,0.0012241891253337066,0.3852167999999665,ok,same_stridge_core,Hx;D_x^1.669579 H,0.024929134126966953,1.551032255873504
0.671379716315559,1.6787175813714568,0.6518454962336306,-1.3640120761866632,0;0;-1.36401207619;0.651845496234;0;0;0;-0.399641735433;0.095264882878;0;0.0378930025839;0,55552.89484580067,0.005,951,0.0002,56.9410745482772,,0.000972144523461456,0.13236879999999474,ok,same_stridge_core,Hx;D_x^1.678718 H;H*Hxx;H*Hxxx;H^2*Hxx,0.01,1.3881797024765283
0.7100846466803641,1.6612591337442597,0.21131484198250947,-1.18021522883813,0;0;-1.18021522884;0.211314841983;0.105813270608;0;0;0.0174136966679;0;0;0;0,55444.88536063586,0.005,952,0.0002,45.477197013918435,,0.0006435781440859818,0.27883250000002135,ok,same_stridge_core,Hx;D_x^1.661259 H;Hxxx;H*Hxx,0.015,1.1212887254097412
0.6776495769969489,1.3444276922128187,0.2537441902686577,-1.4222033552021338,0;0;-1.4222033552;0.253744190269;0;0;0;-0.122384760756;-0.112619450911;0;0.00998240654038;0,55615.340028118204,0.005,953,0.0002,56.771676590814224,,0.0006823783108544294,0.3881030999999666,ok,same_stridge_core,Hx;D_x^1.344428 H;H*Hxx;H*Hxxx;H^2*Hxx,0.01,1.156336562696022
0.691646638184596,1.7311915346802798,0.0,-1.2195400681525654,0;0;-1.21954006815;0;0;0;0;0;0;0;0;0,56166.471327255706,0.005,954,0.0002,13.729720737352425,,0.00317949866501106,0.023016999999981635,ok,same_stridge_core,Hx,0.12500000000000003,2.4964264719012834
0.6858807399199358,1.7507712432159799,0.0,-1.219508750752445,0;0;-1.21950875075;0;0;0;0;0.051708981842;0;0;0;0,56557.65748977881,0.005,955,0.0002,24.12479872564231,,0.0011474194321312273,0.27962219999994886,ok,same_stridge_core,Hx;H*Hxx,0.030000000000000002,1.5017357297307858
0.6346766757980904,1.4409924153027196,0.5649338414139562,-1.658672111777337,0;0;-1.65867211178;0.564933841414;-0.391246760431;0;0;-0.4230144105;-0.0167902268393;0;0.0341440451221;0,55436.17965498955,0.005,956,0.0002,68.14983587089094,,0.001378272364697409,0.39049240000008467,ok,same_stridge_core,Hx;D_x^1.440992 H;Hxxx;H*Hxx;H*Hxxx;H^2*Hxx,0.015,1.6264202849034806
0.6474962468608051,1.3937022682284248,0.4214110012153562,-1.585677639567042,0;0;-1.58567763957;0.421411001215;0;0;0;-0.290865414745;-0.109580292768;0;0.0228763916109;0,55523.83361890472,0.005,957,0.0002,56.9630439770311,,0.001077263553139612,0.14494350000006762,ok,same_stridge_core,Hx;D_x^1.393702 H;H*Hxx;H*Hxxx;H^2*Hxx,0.015,1.4392103581263802
0.6517052315167089,1.9012461124912061,-0.643479631537157,-1.3301274795832703,0;0;-1.33012747958;-0.643479631537;0;0;0;0.124991283915;-0.0727594845135;0;0;0,64410.99750665155,0.005,958,0.0002,53.5710098620875,,0.0021042961186616325,0.36489419999998063,ok,same_stridge_core,Hx;D_x^1.901246 H;H*Hxx;H*Hxxx,0.035,2.042211856766261
0.6755387468486926,1.9584270018385967,-0.48100103525953164,-1.2469614921702703,0;0;-1.24696149217;-0.48100103526;0.0791765779403;0;0;0.112002966974;0;0;0;0,66856.50848501895,0.005,959,0.0002,55.08345761279315,,0.0012993067447339796,0.3936213999999154,ok,same_stridge_core,Hx;D_x^1.958427 H;Hxxx;H*Hxx,0.02357142857142859,1.5982508247779943
0.643580226515154,1.6382708256563105,0.09660515529198352,-1.3586088300357737,0;0;-1.35860883004;0.096605155292;3.83406067495;0;0;0;-0.609459311815;0;0;0,55350.44020411669,0.005,960,0.0002,46.29772527868462,,0.0021287331244297593,0.3838121000000001,ok,same_stridge_core,Hx;D_x^1.638271 H;Hxxx;H*Hxxx,0.035,2.017373115391266
0.6604087181962984,1.6764890102178889,0.0,-1.3116933373064297,0;0;-1.31169333731;0;0;0;0;0;0;0;0;0,55537.044483078505,0.005,961,0.0002,13.588252042757034,,0.0031073112620675514,0.13669390000006842,ok,same_stridge_core,Hx,0.12500000000000003,2.480843146141333
0.6792501364147505,1.2525660468529949,0.12554566398824885,-1.3522690407432014,0;0;-1.35226904074;0.125545663988;0.83970160638;0;0;0;-0.22944156296;0;0;0,55775.54610458638,0.005,962,0.0002,45.81492444251471,,0.0007346229067493599,0.387221600000089,ok,same_stridge_core,Hx;D_x^1.252566 H;Hxxx;H*Hxxx,0.02442151039453119,1.1944875588455997
0.6704264329312097,1.2648061886241575,0.23686289333948923,-1.4864226607771225,0;0;-1.48642266078;0.236862893339;0;0;0;-0.0497447795302;-0.199417941505;0;0;0,55755.25444933554,0.005,963,0.0002,45.81795696225164,,0.0007608055082688937,0.38105270000005476,ok,same_stridge_core,Hx;D_x^1.264806 H;H*Hxx;H*Hxxx,0.01,1.2137534027832089
0.7108141985535557,1.75155435847493,0.0,-1.1450365275696481,0;0;-1.14503652757;0;0;0;0;0.0631671197604;0;0;0;0,56575.71779776509,0.005,964,0.0002,23.795862875723675,,0.0006880323346644468,0.2805915000000141,ok,same_stridge_core,Hx;H*Hxx,0.05999999999999999,1.1655757566176348
0.6753256426217341,1.686331910516441,0.6358341279305233,-1.3448546189602522,0;0;-1.34485461896;0.635834127931;0;0;0;-0.37922241242;0.0933710593803;0;0.0362307629803;0,55612.1399807058,0.005,965,0.0002,56.957891467376704,,0.0009119089553361165,0.27800999999999476,ok,same_stridge_core,Hx;D_x^1.686332 H;H*Hxx;H*Hxxx;H^2*Hxx,0.01659090909090909,1.3457514866709068
0.7542613924638908,1.4896449378677699,0.0,-1.0231699477399856,0;0;-1.02316994774;0;0;0;0;0.0807174999082;0;0;0;0,55352.85540446143,0.005,966,0.0002,23.173620418769225,,0.0005307836621156508,0.3912961999999425,ok,same_stridge_core,Hx;H*Hxx,0.02530000000000001,1.0324782569846551
0.5521114103325414,1.7275764141046874,1.4424702051900844,-1.964622760286132,-0.0607559199571;0;-1.96462276029;1.44247020519;0;0;0;-1.20884345295;-0.081825601307;0;0.10202413693;0,56105.83603969779,0.005,967,0.0002,70.88533941244738,,0.006504327204142662,0.38979679999999917,ok,same_stridge_core,1;Hx;D_x^1.727576 H;H*Hxx;H*Hxxx;H^2*Hxx,0.046375,3.558336164810024
0.6742467139972339,1.6143009066132603,0.199717361783916,-1.2994353862685317,0;0;-1.29943538627;0.199717361784;0;0;0;0;0;0;0;0,55295.13939749627,0.005,968,0.0002,23.758439896861155,,0.0013744182095017763,0.28135020000001987,ok,same_stridge_core,Hx;D_x^1.614301 H,0.04996976568405139,1.6403841378626483
0.6932074906958204,1.529938939813764,0.21574497082803507,-1.2636738160493282,0;0;-1.26367381605;0.215744970828;0;0;0;0;0;0;0;0,55297.98983933923,0.005,969,0.0002,23.363598564649468,,0.0008001118727570056,0.38454879999994773,ok,same_stridge_core,Hx;D_x^1.529939 H,0.05407319018430129,1.244402628913774
0.6803179764132071,1.6736803534788915,0.5913576165685027,-1.3301703733312695,0;0;-1.33017037333;0.591357616569;0;0;0;-0.341350268453;0.0806124951541;0;0.0326777805598;0,55517.97669475206,0.005,970,0.0002,56.79604437589897,,0.000822043329106686,0.39129990000003545,ok,same_stridge_core,Hx;D_x^1.67368 H;H*Hxx;H*Hxxx;H^2*Hxx,0.015363636363636359,1.2780676811469076
0.6802824858396567,1.7032034732508223,0.0,-1.2367001427409419,0;0;-1.23670014274;0;0;0;0;0.0489902171432;0;0;0;0,55775.04698845776,0.005,971,0.0002,23.90715817820382,,0.0012983661231911455,0.37578799999994317,ok,same_stridge_core,Hx;H*Hxx,0.035,1.5971393828207152
0.6979950443844409,1.8557271491764986,-0.05791522936595097,-1.1736477922226614,0;0;-1.17364779222;-0.057915229366;0.140878935438;0;0;0.0681829073725;0;0;0;0,61279.48084760031,0.005,972,0.0002,50.33321574916469,,0.0008751825820380662,0.38589520000004995,ok,same_stridge_core,Hx;D_x^1.855727 H;Hxxx;H*Hxx,0.025,1.3096310710844417
0.6602653936167118,1.656472562360625,0.176748593518334,-1.3319540650570434,0;0;-1.33195406506;0.176748593518;0;0;0;0;0;0;0;0,55421.19003072526,0.005,973,0.0002,24.12729388124084,,0.001953515350341142,0.3935378999999557,ok,same_stridge_core,Hx;D_x^1.656473 H,0.035,1.9588178689507354
0.6618990176399396,1.954308853286451,0.0,-1.307413491879686,0;0;-1.30741349188;0;0;0;0;0.0359760124017;-0.0488953963089;0;0;0,66779.34263425779,0.005,974,0.0002,42.017522946691784,,0.001919517659162727,0.3809383999999909,ok,same_stridge_core,Hx;H*Hxx;H*Hxxx,0.030000000000000002,1.949917366137107
0.6398871131473862,1.924478209943774,0.0,-1.367892440408441,0;0;-1.36789244041;0;0;0;0;-0.26014534583;0.054587427579;0;0.0355144705285;0,65736.7462401945,0.005,975,0.0002,54.7232488940643,,0.002285473350869904,0.39407760000005965,ok,same_stridge_core,Hx;H*Hxx;H*Hxxx;H^2*Hxx,0.02,2.1338519019086997
0.6786243769937512,1.6575638359156655,0.21788344580080388,-1.2816169940462077,0;0;-1.28161699405;0.217883445801;0;0;0;0;0;0;0;0,55426.38882846625,0.005,976,0.0002,23.76398686468337,,0.0012929947098423748,0.38551080000002,ok,same_stridge_core,Hx;D_x^1.657564 H,0.12500000000000003,1.5934313332968715
0.6301552112912913,1.7334511008991085,0.7981807105473039,-1.4713375195044327,0;0;-1.4713375195;0.798180710547;1.84504558274;0;0;-0.573784936925;-0.129534359895;0;0.0542691223402;0,56206.08366405926,0.005,977,0.0002,69.48392458772182,,0.002144774737613843,0.38390929999991386,ok,same_stridge_core,Hx;D_x^1.733451 H;Hxxx;H*Hxx;H*Hxxx;H^2*Hxx,0.025,2.036624190850708
0.6784152810315098,1.8597335341695822,-0.24463761855537203,-1.2312937271823319,0;0;-1.23129372718;-0.244637618555;0;0;0;0.0874838103903;0;0;0;0,61552.20864010723,0.005,978,0.0002,38.5355862388109,,0.0013098245436801751,0.278064499999914,ok,same_stridge_core,Hx;D_x^1.859734 H;H*Hxx,0.039312544091710755,1.6042610547465617
0.6708249768740593,1.3775140030668145,0.3172671789157934,-1.4642581137675597,0;0;-1.46425811377;0.317267178916;0.533826904241;0;0;-0.0643324871849;-0.22782097239;0;0;0,55554.09857354232,0.005,979,0.0002,56.834562126693285,,0.000852768425617917,0.4003038999999262,ok,same_stridge_core,Hx;D_x^1.377514 H;Hxxx;H*Hxx;H*Hxxx,0.009541924797563902,1.2804635531509694
0.6518733044634988,1.777276375822428,0.8272796696987947,-1.3871948683005442,0;0;-1.3871948683;0.827279669699;0;0;0;-0.54974081914;0.155714440247;0;0.053868233759;0,57290.383758775344,0.005,980,0.0002,59.06865497168279,,0.001590152947358715,0.37900679999995646,ok,same_stridge_core,Hx;D_x^1.777276 H;H*Hxx;H*Hxxx;H^2*Hxx,0.02538888888888889,1.778271212907444
0.7010688723721481,1.2444239276954516,0.15792453233678796,-1.2922471063065235,0;0;-1.29224710631;0.157924532337;0;0;0;0;0;0;0;0,55788.84697233254,0.005,981,0.0002,23.500991157614454,,0.0007467068614614371,0.3745169999999689,ok,same_stridge_core,Hx;D_x^1.244424 H,0.06499999999999999,1.1854523686814342
0.6660993761676614,1.784668185912541,0.216588641482206,-1.3009476412714993,0;0;-1.30094764127;0.216588641482;0;0;0;0;0;0;0;0,57544.22137986034,0.005,982,0.0002,24.937910162757206,,0.0018678875188602212,0.36337830000002214,ok,same_stridge_core,Hx;D_x^1.784668 H,0.12500000000000003,1.9202216108130699
0.7099353219105802,1.7465886890686801,0.0,-1.1678449923796757,0;0;-1.16784499238;0;0;0;0;0;0;0;0;0,56464.523914978185,0.005,983,0.0002,13.932627342099753,,0.0035808378152163214,0.2782946999999467,ok,same_stridge_core,Hx,0.05999999999999999,2.639722559104116
0.691646638184596,1.7017657412848994,0.0,-1.2195400681525654,0;0;-1.21954006815;0;0;0;0;0;0;0;0;0,55759.28711355387,0.005,984,0.0002,13.648283894612058,,0.00317949866501106,0.2707718000000341,ok,same_stridge_core,Hx,0.08750000000000002,2.4964264719012834
0.6781553547413346,1.2503193904973968,0.21377405714235395,-1.1939377257545916,0.0807771539422;-0.0188842339478;-1.19393772575;0.213774057142;-1.42571756044;0;-0.106014830461;-0.207377157924;-0.0554797146631;0.00843355079603;0.0133331175858;0,55779.23191179089,0.005,985,0.0002,112.6002481600239,,0.0005550813027295796,0.13394589999995787,ok,same_stridge_core,1;H;Hx;D_x^1.250319 H;Hxxx;H*Hx;H*Hxx;H*Hxxx;H^2*Hx;H^2*Hxx,0.005,1.0417843364420951
0.7006266883087303,1.8774609802177193,-0.0685485124982444,-1.1668595734595313,0;0;-1.16685957346;-0.0685485124982;0.123183436371;0;0;0.0705218057081;0;0;0;0,62790.433072612475,0.005,986,0.0002,51.5075806255823,,0.0008284775675096747,0.38821690000008857,ok,same_stridge_core,Hx;D_x^1.877461 H;Hxxx;H*Hxx,0.025,1.2752341674923173
0.6932074906958204,1.7454556709106213,0.0,-1.1915554264992976,0;0;-1.1915554265;0;1.85658385386;0;0;0.0507161067588;-0.299584867834;0;0;0,56440.237817209745,0.005,987,0.0002,46.426838665938,,0.0008266277453604094,0.2780738000000156,ok,same_stridge_core,Hx;Hxxx;H*Hxx;H*Hxxx,0.025,1.2746484121702022
0.6787852394008227,1.702761192072595,0.0,-1.2413276165357008,0;0;-1.24132761654;0;0;0;0;0.0482538154796;0;0;0;0,55770.15877180315,0.005,988,0.0002,23.931774198407968,,0.0013420379672000153,0.27328380000005836,ok,same_stridge_core,Hx;H*Hxx,0.04,1.6237106896867066
0.6065199867848391,1.7322225524736674,0.9251291136223742,-1.5642090632288708,0;0;-1.56420906323;0.925129113622;2.31579176377;0;0;-0.719441083723;-0.169307865959;0;0.0673400996423;0,56184.37962334701,0.005,989,0.0002,69.90124239382999,,0.003198789227566872,0.1322516000000178,ok,same_stridge_core,Hx;D_x^1.732223 H;Hxxx;H*Hxx;H*Hxxx;H^2*Hxx,0.026513157894736836,2.4799868458135776
0.631488041918193,1.7023404564993694,0.0,-1.394875444465075,0;0;-1.39487544447;0;4.63969851713;0;0;0;-0.795253972961;0;0;0,55765.542132311944,0.005,990,0.0002,35.76988840931839,,0.0027816472272813135,0.3891605999999683,ok,same_stridge_core,Hx;Hxxx;H*Hxxx,0.0512445200302343,2.310563129931221
0.7105384353570202,1.7584661484067075,0.0,-1.1661680077641885,0;0;-1.16616800776;0;0;0;0;0;0;0;0;0,56744.00385934853,0.005,991,0.0002,13.994452539051863,,0.003597742739916227,0.39286889999993946,ok,same_stridge_core,Hx,0.12500000000000003,2.6456517671821564
0.7919008448806908,1.711987223050805,0.45354626486830135,-0.9885359371500853,0;0;-0.98853593715;0.453546264868;0;0;0;0;0;0;0;0,55879.81265467817,0.005,992,0.0002,23.564454843574,,0.0007471760114569873,0.143913399999974,ok,same_stridge_core,Hx;D_x^1.711987 H,0.09500000000000001,1.2125297817027318
0.8739004737467417,1.831562237101333,0.6862008966898975,-0.7765660913763491,0;0;-0.776566091376;0.68620089669;0;0;0;0;0;0;0;0,59749.703141798855,0.005,993,0.0002,25.651764130626358,,0.0015695057902068634,0.2787018999999873,ok,same_stridge_core,Hx;D_x^1.831562 H,0.049999999999999996,1.751882873906816
0.6590006796259993,1.4646672504749871,0.3837053736376938,-1.4717145201418445,0;0;-1.47171452014;0.383705373638;1.58364536621;0;0;-0.0798020716618;-0.345480291129;0;0;0,55394.16399518084,0.005,994,0.0002,56.93843298157877,,0.0012441846498041998,0.37584979999996904,ok,same_stridge_core,Hx;D_x^1.464667 H;Hxxx;H*Hxx;H*Hxxx,0.03263157894736842,1.544268986397932
0.6738523953139482,1.7070107105699546,0.21846976381944602,-1.288058360758366,0;0;-1.28805836076;0.218469763819;0;0;0;0;0;0;0;0,55818.62678084463,0.005,995,0.0002,24.04720495033221,,0.001501967335481995,0.1370755000000372,ok,same_stridge_core,Hx;D_x^1.707011 H,0.03928922883407009,1.719754237994356
0.5949814378118986,1.1226188092967897,0.3204140645322067,-1.9760254971391156,0;0;-1.97602549714;0.320414064532;0;0;0;-0.152318430471;-0.509805257437;0;0;0,55968.733827877964,0.005,996,0.0002,46.812255784516104,,0.002164020828213931,0.39773999999999887,ok,same_stridge_core,Hx;D_x^1.122619 H;H*Hxx;H*Hxxx,0.025,2.0372687222137325
0.6658915367342044,1.6122219863712095,0.18237579725134442,-1.3221230483932354,0;0;-1.32212304839;0.182375797251;0;0;0;0;0;0;0;0,55291.99003612582,0.005,997,0.0002,23.922867978973603,,0.0016655443866441012,0.2791298999999299,ok,same_stridge_core,Hx;D_x^1.612222 H,0.04,1.8060719645232723
0.6785839296647009,1.0688017963261678,0.0939777790870171,-1.3953458257055396,0;0;-1.39534582571;0.093977779087;0.281008385489;0;0;0;-0.227711786278;0;0;0,56037.22358168561,0.005,998,0.0002,46.00371676209107,,0.0006916911220728436,0.38087719999998626,ok,same_stridge_core,Hx;D_x^1.068802 H;Hxxx;H*Hxxx,0.015,1.1739378967425727
0.6762730399710566,1.653857840535375,0.2119731433912243,-1.2884774861977055,0;0;-1.2884774862;0.211973143391;0;0;0;0;0;0;0;0,55409.20530006906,0.005,999,0.0002,23.797789368093444,,0.0013601211947183683,0.2826198000000204,ok,same_stridge_core,Hx;D_x^1.653858 H,0.025,1.634107248065822
0.6858807399199358,1.4957500638527308,0.3487192384389773,-1.3496574795846743,0;0;-1.34965747958;0.348719238439;0;0;0;-0.191017086589;0;0;0.018049930976;0,55343.435815658944,0.005,1000,0.0002,45.407372567585725,,0.0006568482935424933,0.27769630000000234,ok,same_stridge_core,Hx;D_x^1.49575 H;H*Hxx;H^2*Hxx,0.01,1.13262391505857
0.7810940939009047,1.560646611153843,0.0,-1.0873969938639112,0;0;-1.08739699386;0;-2.46292538988;0;0;0;0;0;0;0,55272.91750742162,0.005,1001,0.0002,25.142226466056844,,0.004951345784452703,0.13731259999997292,ok,same_stridge_core,Hx;Hxxx,0.12500000000000003,3.033059463088197
0.7305009512417983,1.2012747493553566,0.04445246439749519,-1.1407743956391923,0;0;-1.14077439564;0.0444524643975;-0.337201191521;0;0;0.0528478416681;0;0;0;0,55856.662174179546,0.005,1002,0.0002,45.68156349422247,,0.000496427620282315,0.27058999999997013,ok,same_stridge_core,Hx;D_x^1.201275 H;Hxxx;H*Hxx,0.015,0.996233754878835
0.8698024278068315,1.5443909976849963,0.0,-0.7439724758356657,0;0;-0.743972475836;0;0;0;0;0.114231778199;0;0;0;0,55283.8347351181,0.005,1003,0.0002,24.126759635815105,,0.0020179238231895144,0.3796056999999564,ok,same_stridge_core,Hx;H*Hxx,0.05499999999999999,2.013225741767866
0.7177873414148013,1.7342458606526938,0.33591246116936896,-1.1602801338771893,0;0;-1.16028013388;0.335912461169;0.129739992901;0;0;0;0;0;0;0,56220.33700809131,0.005,1004,0.0002,34.82533326481286,,0.0006097231200307633,0.2619528000000173,ok,same_stridge_core,Hx;D_x^1.734246 H;Hxxx,0.05409553820664932,1.093131059958078
0.6476361443442344,1.329804978265271,0.37793180625643463,-1.6202170875836823,0;0;-1.62021708758;0.377931806256;0.447717918351;0;0;-0.105743865728;-0.295453413991;0;0;0,55641.94875274216,0.005,1005,0.0002,57.13433230313773,,0.0011721283456156012,0.38341220000006615,ok,same_stridge_core,Hx;D_x^1.329805 H;Hxxx;H*Hxx;H*Hxxx,0.029500000000000012,1.4923835503955754
0.6478219709842742,1.712478187217451,0.0,-1.3502367213771105,0;0;-1.35023672138;0;0;0;0;0;0;0;0;0,55886.117997298876,0.005,1006,0.0002,13.756352520139863,,0.0033534090685979918,0.14601230000005216,ok,same_stridge_core,Hx,0.04916749916749917,2.579128920680087
0.7219038656836735,1.417438342036134,0.2236137460897262,-1.2148404821828434,0;0;-1.21484048218;0.22361374609;0;0;0;0;0;0;0;0,55479.51129686509,0.005,1007,0.0002,23.2226463347288,,0.0005534766170426851,0.3937895000000253,ok,same_stridge_core,Hx;D_x^1.417438 H,0.05499999999999999,1.0308418159827657
0.6474974377939061,1.0355838099400971,0.13659161010203139,-1.5874190166014766,0;0;-1.5874190166;0.136591610102;0;0;0;-0.0404786215296;-0.304801410607;0;0;0,56076.41699058465,0.005,1008,0.0002,46.29687832396697,,0.0010417365245797535,0.3953056000000288,ok,same_stridge_core,Hx;D_x^1.035584 H;H*Hxx;H*Hxxx,0.015,1.4357447314992453
0.6660009346840734,1.5062441737776868,0.4738645285877067,-1.4571557933294712,0;0;-1.45715579333;0.473864528588;-0.0868275471981;0;0;-0.303850363175;0;0;0.0265302164657;0,55328.042962473344,0.005,1009,0.0002,56.64390762341886,,0.0008872059871729817,0.4010140999999976,ok,same_stridge_core,Hx;D_x^1.506244 H;Hxxx;H*Hxx;H^2*Hxx,0.010851785567675652,1.3158646609455151
0.6699802476858377,1.6213268477913878,0.1923039557471595,-1.3098875892596809,0;0;-1.30988758926;0.192303955747;0;0;0;0;0;0;0;0,55307.57534292265,0.005,1010,0.0002,23.853068131352956,,0.001527593760132375,0.39277500000002874,ok,same_stridge_core,Hx;D_x^1.621327 H,0.035,1.7300379941838935
0.7193492917860896,1.431044677427469,0.22484979077216374,-1.2182690405116399,0;0;-1.21826904051;0.224849790772;0;0;0;0;0;0;0;0,55454.351196571544,0.005,1011,0.0002,23.19964492374003,,0.0005403453794513263,0.39598880000005465,ok,same_stridge_core,Hx;D_x^1.431045 H,0.06423076923076924,1.0179044451114134
0.751772165506629,1.8928562778691265,0.5251026879163105,-1.040386611044687,0;0;-1.04038661104;0.525102687916;0.116192117785;0;0;0;0;0;0;0,63857.47681493494,0.005,1012,0.0002,39.285839916505005,,0.00048219082674965936,0.39065160000006927,ok,same_stridge_core,Hx;D_x^1.892856 H;Hxxx,0.029995331465919678,0.9713538275440389
0.7284887438372767,1.5728597835956193,0.2827760023421188,-1.168808863010586,0;0;-1.16880886301;0.282776002342;0;0;0;0;0;0;0;0,55269.037595467,0.005,1013,0.0002,23.08473277453767,,0.00048931693252162,0.3839020000000346,ok,same_stridge_core,Hx;D_x^1.57286 H,0.040882352941176474,0.9771177363508697
0.5738889513646983,1.9795321724420405,-2.156441363371118,-1.6115674733365812,0;0;-1.61156747334;-2.15644136337;0;0;0;0.263911671334;0;0;0;0,67009.0952799867,0.005,1014,0.0002,43.855165957206395,,0.00683558545513774,0.38409710000007635,ok,same_stridge_core,Hx;D_x^1.979532 H;H*Hxx,0.06833333333333336,3.649708789214374
0.7342636630416706,1.2484429238402672,0.0,-1.0780425021861133,0;0;-1.07804250219;0;0;0;0;0.0730082490643;0;0;0;0,55782.3014500702,0.005,1015,0.0002,23.33020893194301,,0.0005192106543430312,0.38326390000008814,ok,same_stridge_core,Hx;H*Hxx,0.02816666666666668,1.0172883519149285
0.5357447555628644,1.6038079477893583,1.5675820343164597,-2.1601948569416316,0;0;-2.16019485694;1.56758203432;0;0;0;-1.33674839361;0;0;0.112182537826;0,55281.52234861428,0.005,1016,0.0002,48.18825628951319,,0.0079528466821108,0.14299879999998666,ok,same_stridge_core,Hx;D_x^1.603808 H;H*Hxx;H^2*Hxx,0.05479591836734695,3.9630384106217647
0.840649635781104,1.5546436588676704,0.0,-0.8086340878111683,0;0;-0.808634087811;0;0;0;0;0.107416741883;0;0;0;0,55276.25202995997,0.005,1017,0.0002,23.863626117191245,,0.0015284488045787382,0.38895930000001044,ok,same_stridge_core,Hx;H*Hxx,0.045,1.7531253052072555
0.49055372130168706,1.7638255663256643,2.1626483738799127,-2.271367741060723,-0.0860623962725;0;-2.27136774106;2.16264837388;0;0;0;-1.87939325075;0;0;0.161234382867;0,56885.98411342435,0.005,1018,0.0002,62.13071272336432,,0.014293277888182195,0.4142173999999841,ok,same_stridge_core,1;Hx;D_x^1.763826 H;H*Hxx;H^2*Hxx,0.07409090909090915,5.244728609939967
0.6757139899607782,1.7048403666078378,0.0,-1.2659253695425174,0;0;-1.26592536954;0;0;0;0;0;0;0;0;0,55793.45087763883,0.005,1019,0.0002,13.60441642282965,,0.0030328855422941583,0.39381860000003144,ok,same_stridge_core,Hx,0.12500000000000003,2.445726247301883
0.6757139899607782,1.7048403666078378,0.22244506383378157,-1.283180607144362,0;0;-1.28318060714;0.222445063834;0;0;0;0;0;0;0;0,55793.45087763883,0.005,1020,0.0002,24.00046841749918,,0.0014387117732584792,0.027565800000047602,ok,same_stridge_core,Hx;D_x^1.70484 H,0.04,1.683088066443647
0.6589088824956069,1.5871733424783778,0.16484138427343378,-1.3442394544647027,0;0;-1.34423945446;0.164841384273;0;0;0;0;0;0;0;0,55270.31183771877,0.005,1021,0.0002,24.043535316017742,,0.0019151895856409573,0.3725570000000289,ok,same_stridge_core,Hx;D_x^1.587173 H,0.05499999999999999,1.9354105809302315
0.6876624561331588,1.7247456134737376,0.2567024961891374,-1.2475992127185282,0;0;-1.24759921272;0.256702496189;0;0;0;0;0;0;0;0,56060.63002247411,0.005,1022,0.0002,23.9113381503653,,0.0011218281374787817,0.374493799999982,ok,same_stridge_core,Hx;D_x^1.724746 H,0.030000000000000002,1.4870861413756515
0.6808338615384208,1.6281715715315832,0.21584131146502905,-1.279917259911103,0;0;-1.27991725991;0.215841311465;0;0;0;0;0;0;0;0,55322.55714858667,0.005,1023,0.0002,23.658533199446513,,0.0011939874363555607,0.13480170000002545,ok,same_stridge_core,Hx;D_x^1.628172 H,0.045,1.5295103400118453
0.5439887731913107,1.8081965194746585,0.0,-1.6789366376739345,0;0;-1.67893663767;0;1.58847836591;0;0;-0.72205818901;0;0;0.0853786649985;0,58517.73127462125,0.005,1024,0.0002,51.085663009638395,,0.009405014728154327,0.1429997000000185,ok,same_stridge_core,Hx;Hxxx;H*Hxx;H^2*Hxx,0.07242857142857147,4.271477989941395
0.6162125917600139,1.7070107105699546,0.0,-1.450724324944955,0;0;-1.45072432494;0;0;0;0;0;0;0;0;0,55818.62678084463,0.005,1025,0.0002,14.26642197237041,,0.004871017591041827,0.14730259999998907,ok,same_stridge_core,Hx,0.12500000000000003,3.1026966162014817
0.6469670968402744,1.71853822039001,0.0,-1.3528845120403947,0;0;-1.35288451204;0;0;0;0;0;0;0;0;0,55968.14049504345,0.005,1026,0.0002,13.781771854259325,,0.003376794634042308,0.271079499999928,ok,same_stridge_core,Hx,0.044445887445887435,2.588143755250634
0.7041924506410749,1.6916787776779438,0.1824246820094155,-1.1852852416615727,0;0;-1.18528524166;0.182424682009;0.160171642937;0;0;0.0233738378078;0;0;0;0,55658.77817632483,0.005,1027,0.0002,45.72889400187434,,0.00074032836887681,0.13187789999994948,ok,same_stridge_core,Hx;D_x^1.691679 H;Hxxx;H*Hxx,0.02,1.2018714608144747
0.6856994769606822,1.6521506467540377,0.2315777619080547,-1.2634490877153617,0;0;-1.26344908772;0.231577761908;0;0;0;0;0;0;0;0,55401.73113044026,0.005,1028,0.0002,23.625133479375876,,0.0010927046909188834,0.38892509999993763,ok,same_stridge_core,Hx;D_x^1.652151 H,0.03548938269946673,1.4644410271997736
0.6772282480358152,1.697830263993176,0.6365200271480662,-1.332481105419907,0;0;-1.33248110542;0.636520027148;0;0;0;-0.373502501885;0.0957384086928;0;0.0359252510965;0,55718.026640910895,0.005,1029,0.0002,57.04989783904299,,0.0008918379205128301,0.1462414999999737,ok,same_stridge_core,Hx;D_x^1.69783 H;H*Hxx;H*Hxxx;H^2*Hxx,0.01,1.3318711981320903
0.6218146661218784,1.5344010598589335,0.7604038217686968,-1.673187875962428,0;0;-1.67318787596;0.760403821769;0.176550658669;0;0;-0.588302211609;0;0;0.0499204173984;0,55293.23009803535,0.005,1030,0.0002,57.21615920402972,,0.0019262463406651334,0.39373860000000604,ok,same_stridge_core,Hx;D_x^1.534401 H;Hxxx;H*Hxx;H^2*Hxx,0.025208333333333336,1.9229291059943745
0.643705151764846,1.457736147759869,0.5381787018228427,-1.5984394066029728,0;0;-1.5984394066;0.538178701823;-0.300772743502;0;0;-0.388649265906;-0.00978375554132;0;0.0320095486118;0,55406.24074242952,0.005,1031,0.0002,68.01699206191577,,0.0012136506278688376,0.38633519999996224,ok,same_stridge_core,Hx;D_x^1.457736 H;Hxxx;H*Hxx;H*Hxxx;H^2*Hxx,0.015,1.5295031710003464
0.8342549984839007,1.80653376707717,0.6010586986048876,-0.868416012935899,0;0;-0.868416012936;0.601058698605;0;0;0;0;0;0;0;0,58440.24520034731,0.005,1032,0.0002,24.84477362226664,,0.0011026136594631515,0.39711099999999533,ok,same_stridge_core,Hx;D_x^1.806534 H,0.12500000000000003,1.4686755421277151
0.7088399630275071,1.224700812791906,0.14420709568488152,-1.3095395382465984,0;0;-1.30953953825;0.144207095685;-0.611065195037;0;0;0;-0.0669138069175;0;0;0,55820.40619237176,0.005,1033,0.0002,45.70396469714578,,0.0005494482276850691,0.3831899000000476,ok,same_stridge_core,Hx;D_x^1.224701 H;Hxxx;H*Hxxx,0.01,1.0476397432483695
0.6610748922869146,1.9664307617072017,0.0,-1.3101805610602717,0;0;-1.31018056106;0;0;0;0;0.0355055933165;-0.0494048754658;0;0;0,66960.89989502526,0.005,1034,0.0002,42.14363244706911,,0.001953453715471616,0.38711850000004233,ok,same_stridge_core,Hx;H*Hxx;H*Hxxx,0.030000000000000002,1.9670925100539542
0.7397593312093694,1.7751848504359535,0.3995367641814208,-1.1008798667775486,0;0;-1.10087986678;0.399536764181;0;0;0;0;0;0;0;0,57222.75662372155,0.005,1035,0.0002,23.87082423395861,,0.0004890733785613874,0.1445154000000457,ok,same_stridge_core,Hx;D_x^1.775185 H,0.08277777777777774,0.9817215844699901
0.6799747165395655,1.694122311939342,0.0,-1.2533962421900642,0;0;-1.25339624219;0;0;0;0;0;0;0;0;0,55681.57275713459,0.005,1036,0.0002,13.58756415306252,,0.003051309476797719,0.3738632999999254,ok,same_stridge_core,Hx,0.12500000000000003,2.451249601635601
0.7177550032625385,1.294202590777665,0.18329635353266927,-1.2456563793485835,0;0;-1.24565637935;0.183296353533;0;0;0;0;0;0;0;0,55705.11513451948,0.005,1037,0.0002,23.461671552203224,,0.000726465520772665,0.2706354999999121,ok,same_stridge_core,Hx;D_x^1.294203 H,0.05999999999999999,1.179625498395432
0.663098920536163,1.022282319184219,0.08674752204627202,-1.4451706457827844,0;0;-1.44517064578;0.0867475220463;0;0;0;0;-0.18059638164;0;0;0,56091.48673381811,0.005,1038,0.0002,34.98700828318153,,0.000908469342281424,0.13266490000000886,ok,same_stridge_core,Hx;D_x^1.022282 H;H*Hxxx,0.015,1.3321162428906603
0.6174773003125937,1.8018501202158663,0.0,-1.4466004594829507,0;0;-1.44660045948;0;0;0;0;0;0;0;0;0,58229.236354728506,0.005,1039,0.0002,14.720500720387111,,0.004782026409098513,0.38289290000000165,ok,same_stridge_core,Hx,0.09500000000000001,3.07465344944141
0.6889099548820938,1.679854471160294,0.2459755107647361,-1.2507588260931213,0;0;-1.25075882609;0.245975510765;0;0;0;0;0;0;0;0,55561.23296499603,0.005,1040,0.0002,23.657624439540132,,0.0010445049251047026,0.3867496000000301,ok,same_stridge_core,Hx;D_x^1.679854 H,0.02943425970040765,1.433131253541719
0.6776429742611796,1.6852050342142881,0.0,-1.260241633996822,0;0;-1.260241634;0;0;0;0;0;0;0;0;0,55602.85587505183,0.005,1041,0.0002,13.568022029697264,,0.003039245925238891,0.36622669999997015,ok,same_stridge_core,Hx,0.12500000000000003,2.4474508546868994
0.6753322520724879,1.6782254742638474,0.62683908117271,-1.3482861293533133,0;0;-1.34828612935;0.626839081173;0;0;0;-0.374636043093;0.089559053778;0;0.0356818681949;0,55549.33849907521,0.005,1042,0.0002,56.88852076703,,0.0009036407097748812,0.39950520000002143,ok,same_stridge_core,Hx;D_x^1.678225 H;H*Hxx;H*Hxxx;H^2*Hxx,0.015001878334179678,1.3391822679547933
0.8079389093722519,1.5763836803039089,0.0,-1.0360128673212017,0;0;-1.03601286732;0;-2.76378982525;0;0;0;0;0;0;0,55268.723366567785,0.005,1043,0.0002,25.4281742261334,,0.005984547381037176,0.3763546000000133,ok,same_stridge_core,Hx;Hxxx,0.11000000000000003,3.320684879506285
0.7250301457426259,1.7017657412848994,0.2045665174801863,-1.1307166466188285,0;0;-1.13071664662;0.20456651748;0.0725224451028;0;0;0.0274919118188;0;0;0;0,55759.28711355387,0.005,1044,0.0002,45.615320299499764,,0.000516989510832957,0.14167809999992187,ok,same_stridge_core,Hx;D_x^1.701766 H;Hxxx;H*Hxx,0.015,1.007890608656669
0.7018693793947777,1.4652080256762405,0.2128878487637005,-1.2537599612510553,0;0;-1.25375996125;0.212887848764;0;0;0;0;0;0;0;0,55393.2311027894,0.005,1045,0.0002,23.25487490067705,,0.0006295888543833341,0.276369900000077,ok,same_stridge_core,Hx;D_x^1.465208 H,0.05499999999999999,1.0975824595612875
0.8810689943103668,1.7336463875909522,0.5869705701094964,-0.7921905932930515,0;0;-0.792190593293;0.586970570109;0;0;0;0;0;0;0;0,56209.56983383311,0.005,1046,0.0002,24.44818445987455,,0.0019602902763670715,0.2786341999999422,ok,same_stridge_core,Hx;D_x^1.733646 H,0.05499999999999999,1.964356526341305
0.7019206638446723,1.7640515976176383,0.5300061494731856,-1.2125910018439192,0;0;-1.21259100184;0.530006149473;0.50898357022;0;0;-0.228892262119;0;0;0.0234749052274;0,56892.20126882132,0.005,1047,0.0002,57.99053970114063,,0.000604430009700341,0.37707620000003317,ok,same_stridge_core,Hx;D_x^1.764052 H;Hxxx;H*Hxx;H^2*Hxx,0.005,1.0983384323193026
0.697210368242505,1.341263232040497,0.1788676733195624,-1.2870762578140966,0;0;-1.28707625781;0.17886767332;0;0;0;0;0;0;0;0,55621.12678188015,0.005,1048,0.0002,23.36173606574877,,0.000660720034436074,0.37939349999999195,ok,same_stridge_core,Hx;D_x^1.341263 H,0.09500000000000001,1.1132853529967077
0.6614243552197171,1.4260389235234359,0.3752400838231185,-1.4895033600695344,0;0;-1.48950336007;0.375240083823;1.10670779251;0;0;-0.0814699585905;-0.298286180921;0;0;0,55463.57358213003,0.005,1049,0.0002,56.915726408415594,,0.001100878886550264,0.4094458999999233,ok,same_stridge_core,Hx;D_x^1.426039 H;Hxxx;H*Hxx;H*Hxxx,0.03795187165775401,1.4521528262855623
0.6720673877142871,1.657374189516997,0.0,-1.2767215229542916,0;0;-1.27672152295;0;0;0;0;0;0;0;0;0,55425.4769954607,0.005,1050,0.0002,13.531183037074031,,0.003030082217729076,0.3954430000000002,ok,same_stridge_core,Hx,0.11000000000000003,2.44608763798189
0.6696111633633319,1.6740407747847976,0.0,-1.2840315173741352,0;0;-1.28403151737;0;0;0;0;0;0;0;0;0,55520.36829893852,0.005,1051,0.0002,13.553152764322181,,0.0030351951668947164,0.39149250000002667,ok,same_stridge_core,Hx,0.05437179487179484,2.449079104534477
0.6578362250094709,1.9306963070540766,0.0,-1.3195039785450347,0;0;-1.31950397855;0;0;0;0;0;0;0;0;0,66022.15393672777,0.005,1052,0.0002,15.700137452402394,,0.003143193562418548,0.3868221000000176,ok,same_stridge_core,Hx,0.08528571428571433,2.495706665056841
0.5928054432269616,1.5777681934647985,1.0599889506904765,-1.809121351447428,0;0;-1.80912135145;1.05998895069;0;0;0;-0.86624813513;0.102651127431;0;0.074523908007;0,55268.707057539985,0.005,1053,0.0002,57.77837434105381,,0.0032782454585110247,0.3874375999999984,ok,same_stridge_core,Hx;D_x^1.577768 H;H*Hxx;H*Hxxx;H^2*Hxx,0.02,2.509667283513831
0.7070219897404953,1.603666528905209,0.25843802548783623,-1.2160812977204387,0;0;-1.21608129772;0.258438025488;0;0;0;0;0;0;0;0,55281.376075541026,0.005,1054,0.0002,23.238848598483337,,0.0006496648177894542,0.3880241000000524,ok,same_stridge_core,Hx;D_x^1.603667 H,0.07820238095238097,1.126298168266926
0.6925021680766235,1.7070107105699546,0.24169862166796963,-1.227281057820878,0;0;-1.22728105782;0.241698621668;1.9305435033;0;0;0;-0.308379179177;0;0;0,55818.62678084463,0.005,1055,0.0002,45.925767848779195,,0.0008278802414446101,0.1369931000000406,ok,same_stridge_core,Hx;D_x^1.707011 H;Hxxx;H*Hxxx,0.025,1.2708664241034888
0.6935442435386984,1.3702197740432287,0.18168332655007943,-1.2909671771107576,0;0;-1.29096717711;0.18168332655;0;0;0;0;0;0;0;0,55567.69323893681,0.005,1056,0.0002,23.370244527388294,,0.0006944182574506464,0.38682589999996253,ok,same_stridge_core,Hx;D_x^1.37022 H,0.075,1.1431672318135708
0.6041005919404054,1.6916787776779438,1.239728331582984,-1.6509934247793243,0;0;-1.65099342478;1.23972833158;7.8316847462;0;0;-0.910556400826;-2.35226938047;0;0.0830441983663;0.20402382191,55658.77817632483,0.005,1057,0.0002,80.34867455551566,,0.003036006505299338,0.1530639999999721,ok,same_stridge_core,Hx;D_x^1.691679 H;Hxxx;H*Hxx;H*Hxxx;H^2*Hxx;H^2*Hxxx,0.015,2.4263851086608863
0.6048794157487848,1.7409739571695337,0.0,-1.4880700296417115,0;0;-1.48807002964;0;0;0;0;0;0;0;0;0,56347.973224502624,0.005,1058,0.0002,14.647213273365706,,0.005788075631488353,0.3681532000000516,ok,same_stridge_core,Hx,0.12500000000000003,3.377618628465181
0.6504899689046029,1.5038596418246528,0.5548843486851023,-1.5385600995208706,0;0;-1.53856009952;0.554884348685;-0.0796596335747;0;0;-0.38855510291;0;0;0.0331586156363;0,55331.444375244064,0.005,1059,0.0002,56.819802948516575,,0.0011436762448608897,0.3911755000000312,ok,same_stridge_core,Hx;D_x^1.50386 H;Hxxx;H*Hxx;H^2*Hxx,0.015,1.4883585732725078
0.8033336016027692,1.591529845960556,0.0,-1.0446937132542045,0;0;-1.04469371325;0;-2.714191472;0;0;0;0;0;0;0,55272.14561392939,0.005,1060,0.0002,25.380834666708843,,0.005803286554861531,0.3815304999999398,ok,same_stridge_core,Hx;Hxxx,0.09500000000000001,3.2719764211370883
0.7124952176233066,1.5125727861152034,0.2398119381798003,-1.2191687050573186,0;0;-1.21916870506;0.23981193818;0;0;0;0;0;0;0;0,55319.317774047966,0.005,1061,0.0002,23.159289934892083,,0.0005513404429944045,0.38175890000002255,ok,same_stridge_core,Hx;D_x^1.512573 H,0.04,1.0315628252728974
0.678801640112665,1.7015160079599263,0.0,-1.256836662006959,0;0;-1.25683666201;0;0;0;0;0;0;0;0;0,55756.5874531536,0.005,1062,0.0002,13.600424493033518,,0.003044648641822484,0.4147269000000051,ok,same_stridge_core,Hx,0.12500000000000003,2.4491070024027977
0.792025764950778,1.562932251032005,0.0,-1.0662435348360477,0;0;-1.06624353484;0;-2.58888901985;0;0;0;0;0;0;0,55271.883083103756,0.005,1063,0.0002,25.259730463166164,,0.005364149340107803,0.38617659999999887,ok,same_stridge_core,Hx;Hxxx,0.11166666666666669,3.150977229924661
0.6979627596853104,1.8738576213343285,0.0,-1.2015014037125276,0;0;-1.20150140371;0;0;0;0;0;0;0;0;0,62536.84705198328,0.005,1064,0.0002,15.044472556302384,,0.0032924268393754535,0.3901766999999836,ok,same_stridge_core,Hx,0.12500000000000003,2.5371031459057276
0.7001677412759907,1.3741444807798495,0.17406650564523599,-1.2877445592848182,0;0;-1.28774455928;0.174066505645;0;0;0;0;-0.0820151897172;0;0;0,55560.38329205499,0.005,1065,0.0002,34.39048679774109,,0.0005661402192707116,0.38845189999995,ok,same_stridge_core,Hx;D_x^1.374144 H;H*Hxxx,0.05482371702371702,1.0542568225080977
0.6799747165395655,1.663627865441315,0.5818254931470733,-1.3354531581051214,0;0;-1.33545315811;0.581825493147;0;0;0;-0.337417671685;0.0762008976715;0;0.0321712612082;0,55457.48966397517,0.005,1066,0.0002,56.73232322945177,,0.0008186307384055724,0.2697623999999905,ok,same_stridge_core,Hx;D_x^1.663628 H;H*Hxx;H*Hxxx;H^2*Hxx,0.015363636363636359,1.2748335654766072
0.6504899689046029,1.5038596418246528,0.5548843486850845,-1.53856009952087,0;0;-1.53856009952;0.554884348685;-0.0796596335747;0;0;-0.38855510291;0;0;0.0331586156363;0,55331.444375244064,0.005,1067,0.0002,56.819802948516575,,0.0011436762448608895,0.027201500000046508,ok,same_stridge_core,Hx;D_x^1.50386 H;Hxxx;H*Hxx;H^2*Hxx,0.015,1.4883585732725062
0.6949323293918398,1.2339652756457782,0.13590706916090825,-1.330863495428759,0;0;-1.33086349543;0.135907069161;0;0;0;0;-0.133991994093;0;0;0,55805.69902413808,0.005,1068,0.0002,34.544505535394336,,0.0005690139705181543,0.37414239999998244,ok,same_stridge_core,Hx;D_x^1.233965 H;H*Hxxx,0.029369641412638613,1.061086120911485
0.5902218267975468,1.8510301121561712,0.0,-1.5116352614263504,0;0;-1.51163526143;0;0.601336008517;0;0;0;0;0;0;0,60965.401844403365,0.005,1069,0.0002,28.135459823792228,,0.007218513105044448,0.3927711999999701,ok,same_stridge_core,Hx;Hxxx,0.06361111111111112,3.7492990860308812
0.6718052280114147,1.647545824998669,0.6128010078936004,-1.3758168639601491,0;0;-1.37581686396;0.612801007894;0;0;0;-0.377457980991;0.0781707982286;0;0.0353711392322;0,55382.897936367306,0.005,1070,0.0002,56.739537788690534,,0.000930910858959941,0.3839395999999624,ok,same_stridge_core,Hx;D_x^1.647546 H;H*Hxx;H*Hxxx;H^2*Hxx,0.018265306122448983,1.3566398523232266
0.6768304214414078,1.6967312995680774,0.0,-1.2473882210194505,0;0;-1.24738822102;0;0;0;0;0.0472864279249;0;0;0;0,55706.982914701606,0.005,1071,0.0002,23.941839487542563,,0.0014012161662293882,0.37797599999998965,ok,same_stridge_core,Hx;H*Hxx,0.03569442322383498,1.6590463216619178
0.6502338526697637,1.949001117087239,0.0,-1.3339124148576917,0;0;-1.33391241486;0;0;0;0;-0.217197521148;0.0464451623821;0;0.0309134638432;0,66655.81484773284,0.005,1072,0.0002,55.271206372885636,,0.0018986114762239573,0.3807099000000562,ok,same_stridge_core,Hx;H*Hxx;H*Hxxx;H^2*Hxx,0.02,1.9465544946993634
0.6838310123807403,1.2477516783339972,0.12887717054498501,-1.345670239241132,0;0;-1.34567023924;0.128877170545;0.602435084124;0;0;0;-0.202261955298;0;0;0,55783.43000253741,0.005,1073,0.0002,45.76992946959523,,0.0006691976166387769,0.1410223999999971,ok,same_stridge_core,Hx;D_x^1.247752 H;Hxxx;H*Hxxx,0.015,1.1431854675653021
0.6794830238756333,1.6619339518557221,0.22076122436900103,-1.2786890782854283,0;0;-1.27868907829;0.220761224369;0;0;0;0;0;0;0;0,55448.41540586993,0.005,1074,0.0002,23.760593015248055,,0.0012729154107507812,0.3846160000000509,ok,same_stridge_core,Hx;D_x^1.661934 H,0.025,1.5812268529000846
0.6603037630478339,1.2503193904973968,0.13149297026563903,-1.3934702591281873,0;0;-1.39347025913;0.131492970266;0;0;0;0;0;0;0;0,55779.23191179089,0.005,1075,0.0002,23.88345086456723,,0.0013264529891379496,0.14655880000009347,ok,same_stridge_core,Hx;D_x^1.250319 H,0.08,1.571758099850872
0.6855181469993776,1.3854739215576026,0.16305670113461504,-1.3190918486800198,0;0;-1.31909184868;0.163056701135;0;0;0;0;-0.0679574547988;0;0;0,55539.2274061914,0.005,1076,0.0002,34.55282779795024,,0.000775696453932404,0.4091914000000543,ok,same_stridge_core,Hx;D_x^1.385474 H;H*Hxxx,0.035,1.2292913542353998
0.6924917042665855,1.7254373698204761,0.0,-1.2171151624703718,0;0;-1.21711516247;0;0;0;0;0;0;0;0;0,56071.49624535031,0.005,1077,0.0002,13.715558109098579,,0.003192922532720268,0.38444700000002285,ok,same_stridge_core,Hx,0.07430555555555554,2.5012588600285164
0.6473465541253542,1.7199438936353517,0.0,-1.3517087471464626,0;0;-1.35170874715;0;0;0;0;0;0;0;0;0,55988.31089269928,0.005,1078,0.0002,13.78176779550593,,0.0033663048652141075,0.13958609999997407,ok,same_stridge_core,Hx,0.04503729603729603,2.5841056169660743
0.6622588859339327,1.654863317599685,0.1810670786913887,-1.3266302257367029,0;0;-1.32663022574;0.181067078691;0;0;0;0;0;0;0;0,55413.73603593386,0.005,1079,0.0002,24.080664472334707,,0.0018676400154053372,0.3701579999999467,ok,same_stridge_core,Hx;D_x^1.654863 H,0.030000000000000002,1.9151700579611588
0.6472043079779505,1.2431018388034922,0.2960184021027527,-1.6348384087418506,0;0;-1.63483840874;0.296018402103;0;0;0;-0.0888403471807;-0.275861387669;0;0;0,55790.99196932053,0.005,1080,0.0002,46.054507133975754,,0.001056493085967644,0.3714323000000377,ok,same_stridge_core,Hx;D_x^1.243102 H;H*Hxx;H*Hxxx,0.015,1.4217135585193266
0.6614870145047425,1.6188948777189553,0.14265352316454566,-1.316234702607454,0;0;-1.31623470261;0.142653523165;2.97223679245;0;0;0;-0.475383177595;0;0;0,55302.94800303462,0.005,1081,0.0002,45.92502645436587,,0.0014729057225479777,0.3886926999999787,ok,same_stridge_core,Hx;D_x^1.618895 H;Hxxx;H*Hxxx,0.030000000000000002,1.6826680519381736
0.6193090719667762,1.498539810347117,0.7310575035997074,-1.7146641333387254,0;0;-1.71466413334;0.7310575036;-0.0921366194393;0;0;-0.572902366635;0;0;0.0475037204804;0,55339.24009980928,0.005,1082,0.0002,57.24978975433613,,0.0019064525464727892,0.37913240000000314,ok,same_stridge_core,Hx;D_x^1.49854 H;Hxxx;H*Hxx;H^2*Hxx,0.02607142857142858,1.9105496545268434
0.6092499409796426,1.6281715715315832,0.0,-1.447177091481344,0;0;-1.44717709148;0;5.51924399163;0;0;0;-0.869400490897;0;0;0,55322.55714858667,0.005,1083,0.0002,35.9486558758207,,0.004000102934963048,0.1350992000000133,ok,same_stridge_core,Hx;Hxxx;H*Hxxx,0.12500000000000003,2.755121586668696
0.7108141985535557,1.6902208190498016,0.29584973592292696,-1.1913082417080185,0;0;-1.19130824171;0.295849735923;0;0;0;0;0;0;0;0,55645.62815218978,0.005,1084,0.0002,23.400697319761466,,0.000663325921431237,0.28153179999992517,ok,same_stridge_core,Hx;D_x^1.690221 H,0.12000000000000004,1.14244605888555
0.6753256426217341,1.5619549545289524,0.4764342818477701,-1.3885386976184646,0;0;-1.38853869762;0.476434281848;0.133186274719;0;0;-0.285343994089;0;0;0.0260150120795;0,55272.30892957133,0.005,1085,0.0002,56.5280001683106,,0.0008026013623164299,0.2721401999999671,ok,same_stridge_core,Hx;D_x^1.561955 H;Hxxx;H*Hxx;H^2*Hxx,0.011923701298701286,1.2556912387392682
0.6865475097879332,1.6628316866011015,0.23616191209511103,-1.259603732135356,0;0;-1.25960373214;0.236161912095;0;0;0;0;0;0;0;0,55453.18631105992,0.005,1086,0.0002,23.639991868153636,,0.0010833588250120838,0.38206670000010945,ok,same_stridge_core,Hx;D_x^1.662832 H,0.03111111111111111,1.4587173437296685
0.646794628517293,1.2827679241858623,0.3687179847319287,-1.2884723273036127,0.0745463263248;-0.0220808878171;-1.2884723273;0.368717984732;-3.90036860691;0;-0.181883305296;-0.381566867736;0.0644342968947;0.015169661012;0.0218152504476;0,55724.848568288966,0.005,1087,0.0002,112.63059740897286,,0.0007122993265035302,0.38020910000000185,ok,same_stridge_core,1;H;Hx;D_x^1.282768 H;Hxxx;H*Hx;H*Hxx;H*Hxxx;H^2*Hx;H^2*Hxx,0.005,1.1809002723949147
0.6696178284720841,1.6598279015188462,0.19854068829844365,-1.305777378451716,0;0;-1.30577737845;0.198540688298;0;0;0;0;0;0;0;0,55437.55547771677,0.005,1088,0.0002,23.942622521143004,,0.0015906449698514721,0.37254569999993237,ok,same_stridge_core,Hx;D_x^1.659828 H,0.029923640505584957,1.7676003300562948
0.6700241562686802,1.6595740611966747,0.1994016895408457,-1.304698616235547,0;0;-1.30469861624;0.199401689541;0;0;0;0;0;0;0;0,55436.27768367744,0.005,1089,0.0002,23.93383295784481,,0.0015758130323289367,0.3902013999999099,ok,same_stridge_core,Hx;D_x^1.659574 H,0.030000000000000002,1.7593218843738336
0.6169044722892839,1.9353388511142005,0.0,-1.4769339768201775,0;0;-1.47693397682;0;0;0;0;0;-0.117676078118;0;0;0,66212.77332308827,0.005,1090,0.0002,29.53042507838846,,0.004651899697882523,0.39885949999995773,ok,same_stridge_core,Hx;H*Hxxx,0.044876449476449476,3.0453157491531524
0.6728545161045372,1.560646611153843,0.4884520604346323,-1.400445389476446,0;0;-1.40044538948;0.488452060435;0.138727277383;0;0;-0.298217771001;0;0;0.0270469266686;0,55272.91750742162,0.005,1091,0.0002,56.55270609545945,,0.0008347932060732527,0.1413363000000345,ok,same_stridge_core,Hx;D_x^1.560647 H;Hxxx;H*Hxx;H^2*Hxx,0.015,1.2797885880378295
0.6727813613786277,1.6508878795262372,0.20377950242577245,-1.2983340776913856,0;0;-1.29833407769;0.203779502426;0;0;0;0;0;0;0;0,55396.37651518641,0.005,1092,0.0002,23.85699976674297,,0.001469509118519001,0.3908349000000726,ok,same_stridge_core,Hx;D_x^1.650888 H,0.035,1.6984491606684047
0.6707427371628386,1.6861301624725105,0.6639257081322076,-1.3632241532896718,0;0;-1.36322415329;0.663925708132;0;0;0;-0.407817841943;0.0997360930225;0;0.0387567204491;0,55610.46398679928,0.005,1093,0.0002,57.013221147711505,,0.000992215101657462,0.39734930000008717,ok,same_stridge_core,Hx;D_x^1.68613 H;H*Hxx;H*Hxxx;H^2*Hxx,0.011821719946719943,1.4027571609122254
0.6979627596853104,1.1467493746027326,0.11586819934824824,-1.3412418652859206,0;0;-1.34124186529;0.115868199348;0;0;0;0;-0.181432773083;0;0;0,55935.908176935656,0.005,1094,0.0002,34.654733954572514,,0.0005930885006481592,0.2865709999999808,ok,same_stridge_core,Hx;D_x^1.146749 H;H*Hxxx,0.015,1.0931890484111222
0.6800625819547915,1.7220001204632864,0.0,-1.2531388309258569,0;0;-1.25313883093;0;0;0;0;0;0;0;0;0,56018.62217205084,0.005,1095,0.0002,13.655153242350652,,0.003051856140007005,0.37100630000009005,ok,same_stridge_core,Hx,0.06833333333333336,2.4514288079404825
0.6429217130331917,1.694122311939342,0.0,-1.3685461610471212,0;0;-1.36854616105;0;4.21101749371;0;0;0;-0.759345591298;0;0;0,55681.57275713459,0.005,1096,0.0002,35.554131451300954,,0.002385349794716849,0.13917530000003353,ok,same_stridge_core,Hx;Hxxx;H*Hxxx,0.04,2.1451877970201916
0.66377988527514,1.3561450638407577,0.14761263825676899,-1.3670292024854824,0;0;-1.36702920249;0.147612638257;0;0;0;0;0;0;0;0,55593.79104693544,0.005,1097,0.0002,23.83894478271212,,0.0013523577915075416,0.38360609999995177,ok,same_stridge_core,Hx;D_x^1.356145 H,0.0793888888888889,1.601428363937943
0.6609648496129137,1.022282319184219,0.08673885202069886,-1.45060354173819,0;0;-1.45060354174;0.0867388520207;0;0;0;0;-0.176442846321;0;0;0,56091.48673381811,0.005,1098,0.0002,35.01710476134608,,0.0009535282202455411,0.13351860000000215,ok,same_stridge_core,Hx;D_x^1.022282 H;H*Hxxx,0.015,1.3622127210552182
0.5589196609322482,1.2929946802931898,0.7730866972365672,-2.3100026351810374,0;0;-2.31000263518;0.773086697237;0;0;0;-0.320009883245;-0.574689780325;0;0;0,55707.21304519013,0.005,1099,0.0002,47.433329628703454,,0.004389739417650946,0.3749385999999504,ok,same_stridge_core,Hx;D_x^1.292995 H;H*Hxx;H*Hxxx,0.03931249559082892,2.8675591925513464
0.6828676953000649,1.6539033668371936,0.22607801627285443,-1.2707449919782288,0;0;-1.27074499198;0.226078016273;0;0;0;0;0;0;0;0,55409.40820627746,0.005,1100,0.0002,23.67829138596887,,0.0011685057828243527,0.39247709999995095,ok,same_stridge_core,Hx;D_x^1.653903 H,0.0244798998921806,1.5145281034578857
0.6851647700169395,1.0988051792798161,0.1027238374807361,-1.379065866531125,0;0;-1.37906586653;0.102723837481;0;0;0;0;-0.184432774785;0;0;0,55999.82644077315,0.005,1101,0.0002,34.73230579824493,,0.0006414874815038992,0.39266079999993053,ok,same_stridge_core,Hx;D_x^1.098805 H;H*Hxxx,0.01997563352826512,1.1324099337810394
0.7362257418526525,1.554032434212204,0.2869753248631945,-1.1540550750030152,0;0;-1.154055075;0.286975324863;0;0;0;0;0;0;0;0,55276.63950362847,0.005,1102,0.0002,23.092516193504135,,0.0004934723950395825,0.37786670000002687,ok,same_stridge_core,Hx;D_x^1.554032 H,0.12500000000000003,0.981860392052749
0.7099353219105802,1.8199552586180938,0.0,-1.1678449923796785,0;0;-1.16784499238;0;0;0;0;0;0;0;0;0,59104.52007901935,0.005,1103,0.0002,14.460626574907987,,0.0035808378152163206,0.2802781999999979,ok,same_stridge_core,Hx,0.12500000000000003,2.639722559104116
0.7964881652155265,1.7017657412848994,0.44186518466770053,-0.9901192224215322,0;0;-0.990119222422;0.441865184668;-0.242816639172;0;0;0;0;0;0;0,55759.28711355387,0.005,1104,0.0002,34.70754758447973,,0.0007992149296193197,0.15132700000003751,ok,same_stridge_core,Hx;D_x^1.701766 H;Hxxx,0.054373219373219366,1.251975316347401
0.656149432014487,1.1410854027410167,0.18155202999389852,-1.5570630347682972,0;0;-1.55706303477;0.181552029994;0;0;0;-0.0478435028745;-0.266821204443;0;0;0,55943.734440538894,0.005,1105,0.0002,46.0804968665552,,0.0008989654658593416,0.3818033000000014,ok,same_stridge_core,Hx;D_x^1.141085 H;H*Hxx;H*Hxxx,0.02043267713961179,1.3255093141240868
0.6512092154723388,1.5081713776783068,0.555478727600378,-1.5324891770043647,0;0;-1.532489177;0.5554787276;-0.0559653087059;0;0;-0.387523575186;0;0;0.0331772698786;0,55325.338287212464,0.005,1106,0.0002,56.808805478988056,,0.0011356056141560275,0.3901409000000058,ok,same_stridge_core,Hx;D_x^1.508171 H;Hxxx;H*Hxx;H^2*Hxx,0.019952380952380975,1.4834671917755857
0.6615093280892756,1.7254373698204761,0.0,-1.308362089920818,0;0;-1.30836208992;0;0;0;0;0;0;0;0;0,56071.49624535031,0.005,1107,0.0002,13.689593042055522,,0.003094117452728441,0.14064910000001873,ok,same_stridge_core,Hx,0.039896416983222535,2.475293792985459
0.6513660713124947,1.535623930455429,0.5832973975910706,-1.5167176991233025,0;0;-1.51671769912;0.583297397591;0.0977319639887;0;0;-0.40560258438;0;0;0.0352571350916;0,55291.98363039697,0.005,1108,0.0002,56.798440596764166,,0.0011696926245544426,0.3802633000000242,ok,same_stridge_core,Hx;D_x^1.535624 H;Hxxx;H*Hxx;H^2*Hxx,0.020753968253968268,1.5064569663671983
0.6042204698424731,1.7048403666078378,0.0,-1.4902632078832327,0;0;-1.49026320788;0;0;0;0;0;0;0;0;0,55793.45087763883,0.005,1109,0.0002,14.553551624065058,,0.005848278897112399,0.13300100000003567,ok,same_stridge_core,Hx,0.12500000000000003,3.394861448537292
0.680786998665624,1.9576496422330014,-0.41461793657806784,-1.230633040836129,0;0;-1.23063304084;-0.414617936578;0.0803519531861;0;0;0.105779489905;0;0;0;0,66843.1827672949,0.005,1110,0.0002,54.996051929723095,,0.001176740266672462,0.28113600000006045,ok,same_stridge_core,Hx;D_x^1.95765 H;Hxxx;H*Hxx,0.02446524153054369,1.5215057158871714
0.6986039066647654,1.3083782594319886,0.17236367730488256,-1.289103682274846,0;0;-1.28910368227;0.172363677305;0;0;0;0;0;0;0;0,55680.26385723463,0.005,1111,0.0002,23.391690185571587,,0.0006692897689444905,0.3852682999998933,ok,same_stridge_core,Hx;D_x^1.308378 H,0.08458333333333336,1.1195846426777334
0.6943751394186206,1.65142578130461,0.24916095007330646,-1.2406365722805823,0;0;-1.24063657228;0.249160950073;0;0;0;0;0;0;0;0,55398.639517953685,0.005,1112,0.0002,23.485239880622753,,0.000895800722838783,0.3826196999999638,ok,same_stridge_core,Hx;D_x^1.651426 H,0.035,1.325784073441276
0.6660800822837545,1.609906442802215,0.5699002059594741,-1.4074720523800852,0;0;-1.40747205238;0.569900205959;0.398222745023;0;0;-0.361466844739;-0.00263968903853;0;0.0331690370675;0,55288.75229001497,0.005,1113,0.0002,67.73462574459114,,0.000984048934579973,0.3952705000000378,ok,same_stridge_core,Hx;D_x^1.609906 H;Hxxx;H*Hxx;H*Hxxx;H^2*Hxx,0.01,1.3881229965731774
0.7108141985535557,1.7124097006120964,0.3113758459726227,-1.1820500273837136,0;0;-1.18205002738;0.311375845973;0.13853299397;0;0;0;0;0;0;0,55885.23580499346,0.005,1114,0.0002,34.68041279775316,,0.0006751233984711903,0.2715984000000162,ok,same_stridge_core,Hx;D_x^1.71241 H;Hxxx,0.049999999999999996,1.1492713147570823
0.6651352038183417,1.823730452226441,-0.26235636488278535,-1.267004887990943,0;0;-1.26700488799;-0.262356364883;0;0;0;0.0863154058974;0;0;0;0,59307.289883505946,0.005,1115,0.0002,37.43973397631903,,0.001755482711541579,0.37216369999998733,ok,same_stridge_core,Hx;D_x^1.82373 H;H*Hxx,0.059068350168350166,1.8553600462154576
0.6914877089205682,1.4358741814697982,0.2525109593664369,-1.3164196138341184,0;0;-1.31641961383;0.252510959366;0;0;0;-0.129795427911;0;0;0.0135518552387;0,55445.50030959935,0.005,1116,0.0002,45.44785325912377,,0.0006134642088970396,0.1387884999999187,ok,same_stridge_core,Hx;D_x^1.435874 H;H*Hxx;H^2*Hxx,0.01,1.091453011444284
0.6464002130495438,1.8565137731898362,-0.554543294697021,-1.3390921810059542,0;0;-1.33909218101;-0.554543294697;0;0;0;0.11527457139;-0.0781758646017;0;0;0,61332.700997011794,0.005,1117,0.0002,51.25719330833828,,0.002425754530087973,0.37427040000000034,ok,same_stridge_core,Hx;D_x^1.856514 H;H*Hxx;H*Hxxx,0.04,2.1910325107288453
0.6742467139972339,1.5829051052680272,0.501174745361508,-1.384444421218614,0;0;-1.38444442122;0.501174745362;0.223464521885;0;0;-0.302242439127;0;0;0.0277505564287;0,55269.20113081336,0.005,1118,0.0002,56.548157114065546,,0.0008325914343005841,0.283657000000062,ok,same_stridge_core,Hx;D_x^1.582905 H;Hxxx;H*Hxx;H^2*Hxx,0.018333333333333323,1.2789559832521882
0.7962832776324703,1.6171014853018975,0.14219351099801392,-0.9603003333714764,0;0;-0.960300333371;0.142193510998;-0.321027461691;0;0;0.0586440978245;0;0;0;0,55299.75732394269,0.005,1119,0.0002,45.52915996972348,,0.0008371813285691312,0.4038652000000411,ok,same_stridge_core,Hx;D_x^1.617101 H;Hxxx;H*Hxx,0.04165178571428573,1.2893541105693227
0.6858807399199358,1.6369792487360224,0.22810938343699236,-1.2652403756472008,0;0;-1.26524037565;0.228109383437;0;0;0;0;0;0;0;0,55346.46157027496,0.005,1120,0.0002,23.58764287644527,,0.0010711392404188168,0.27340670000000955,ok,same_stridge_core,Hx;D_x^1.636979 H,0.03617647058823529,1.449058248335284
0.7060654201524115,1.6859855159327901,0.18989473122030764,-1.182357986941997,0;0;-1.18235798694;0.18989473122;0.147551576864;0;0;0.022186817022;0;0;0;0,55609.26663973713,0.005,1121,0.0002,45.66422610533322,,0.0007094893376802186,0.3779164000000037,ok,same_stridge_core,Hx;D_x^1.685986 H;Hxxx;H*Hxx,0.015,1.1768127935435184
0.6123353342254049,1.4668170459474452,0.7310251526190225,-1.77982413689714,0;0;-1.7798241369;0.731025152619;-0.364774080739;0;0;-0.586368928273;0.0016283180455;0;0.0474752568103;0,55390.46394785958,0.005,1122,0.0002,68.44024262772038,,0.002037702731483738,0.3843292000000247,ok,same_stridge_core,Hx;D_x^1.466817 H;Hxxx;H*Hxx;H*Hxxx;H^2*Hxx,0.02,1.971685890288875
0.6974005225203557,1.09300561063689,0.10295335172761967,-1.351321421363725,0;0;-1.35132142136;0.102953351728;0;0;0;0;-0.208323752176;0;0;0,56007.20737668273,0.005,1123,0.0002,34.7428312483196,,0.0006386041043341683,0.38601360000006935,ok,same_stridge_core,Hx;D_x^1.093006 H;H*Hxxx,0.018636363636363628,1.1385068223099586
0.6914420329241728,1.656062305914476,0.24452487917697757,-1.2476333054349649,0;0;-1.24763330543;0.244524879177;0;0;0;0;0;0;0;0,55419.265458667105,0.005,1124,0.0002,23.54189628884268,,0.0009620014808202409,0.38143830000001344,ok,same_stridge_core,Hx;D_x^1.656062 H,0.0484567901234568,1.3741901053758356
0.6800625819547915,1.6533024834330534,0.5691523854941581,-1.339028498221618,0;0;-1.33902849822;0.569152385494;0;0;0;-0.330435300049;0.0708722012683;0;0.0313969802176;0,55406.74370913302,0.005,1125,0.0002,56.673499447259985,,0.0008089255637411292,0.29274119999990944,ok,same_stridge_core,Hx;D_x^1.653302 H;H*Hxx;H*Hxxx;H^2*Hxx,0.01,1.2667557381269605
0.7049033893332097,1.9445448473537197,0.0,-1.2439002077476802,0;0;-1.24390020775;0;-1.44543059735;0;0;0;0;0;0;0,66531.02244233117,0.005,1126,0.0002,28.97573644090054,,0.0028625397349618534,0.37501610000003893,ok,same_stridge_core,Hx;Hxxx,0.015,2.363327463968069
0.7177550032625385,1.5881177478543378,0.2993877323746797,-1.1646488529891275,0.016074473562;0;-1.16464885299;0.299387732375;1.74245842608;0;0;-0.0856579411231;-0.362303483647;0;0.012108403588;0.0292721306592,55270.64781665294,0.005,1127,0.0002,89.36712339622903,,0.0004470612322054372,0.2727122999999665,ok,same_stridge_core,1;Hx;D_x^1.588118 H;Hxxx;H*Hxx;H*Hxxx;H^2*Hxx;H^2*Hxxx,0.005,0.934086889584314
0.8421009261360655,1.5941641517279552,0.0,-0.8053266177703046,0;0;-0.80532661777;0;0;0;0;0.10778052852;0;0;0;0,55273.6165259676,0.005,1128,0.0002,23.876065898385303,,0.0015521725761329427,0.37524389999998675,ok,same_stridge_core,Hx;H*Hxx,0.061666666666666675,1.7666192879982636
0.6523649290353976,1.6403000721926628,0.12087889536893921,-1.3363557121289924,0;0;-1.33635571213;0.120878895369;3.43199421594;0;0;0;-0.546676276109;0;0;0,55356.94939585633,0.005,1129,0.0002,46.13780655631761,,0.0017898320076276551,0.27897540000003573,ok,same_stridge_core,Hx;D_x^1.6403 H;Hxxx;H*Hxxx,0.03927797052154193,1.8522470396325403
0.6763480797508594,1.6334508271524597,0.20780237009804886,-1.2911179221416131,0;0;-1.29111792214;0.207802370098;0;0;0;0;0;0;0;0,55336.22454954126,0.005,1130,0.0002,23.750762360744574,,0.0013324917538569897,0.3793327999999292,ok,same_stridge_core,Hx;D_x^1.633451 H,0.12500000000000003,1.6162725409280674
0.6413073548781867,1.5321346274175816,0.6380567995591496,-1.5704958685431354,0;0;-1.57049586854;0.638056799559;0.106620749392;0;0;-0.463347718844;0;0;0.0398122272705;0,55295.60696867517,0.005,1131,0.0002,56.930288140600744,,0.0013831809187755716,0.4155640999999832,ok,same_stridge_core,Hx;D_x^1.532135 H;Hxxx;H*Hxx;H^2*Hxx,0.01834567901234569,1.6346811719255736
0.6777498657645353,1.6946218154688264,0.0,-1.2599272290822785,0;0;-1.25992722908;0;0;0;0;0;0;0;0;0,55686.35082460587,0.005,1132,0.0002,13.584854432731493,,0.003039694918041805,0.39417360000004464,ok,same_stridge_core,Hx,0.12500000000000003,2.447584267810319
0.6739063407315748,1.7075293130249876,0.0,-1.2712686774837962,0;0;-1.27126867748;0;0;0;0;0;0;0;0;0,55824.77520548262,0.005,1133,0.0002,13.61025988408326,,0.0030299674846424283,0.3789408000000094,ok,same_stridge_core,Hx,0.049999999999999996,2.4453048429867352
0.6826351386488231,1.0925259395136657,0.10108820468378064,-1.3860859417964453,0;0;-1.3860859418;0.101088204684;0;0;0;0;-0.183110629161;0;0;0,56007.81465729464,0.005,1134,0.0002,34.750348643959185,,0.0006584418074969755,0.3777341999999635,ok,same_stridge_core,Hx;D_x^1.092526 H;H*Hxxx,0.05678571428571428,1.145659849582397
0.699129637490992,1.8110998325514591,0.0,-1.1981903458579337,0;0;-1.19819034586;0;0;0;0;0;0;0;0;0,58656.28432161277,0.005,1135,0.0002,14.276975315531123,,0.003316388307283423,0.3802022999999508,ok,same_stridge_core,Hx,0.12500000000000003,2.5457184512085687
0.6732962649195033,1.6031924672522888,0.5247165504370016,-1.3795946913299006,0;0;-1.37959469133;0.524716550437;0.309423525779;0;0;-0.317763256121;0;0;0.0293821916126;0,55280.89276213243,0.005,1136,0.0002,56.58242954765734,,0.0008622037651865632,0.39892459999998664,ok,same_stridge_core,Hx;D_x^1.603192 H;Hxxx;H*Hxx;H^2*Hxx,0.01,1.3015367855249096
0.6499970200532537,1.2794961799630538,0.3259032741498272,-1.6201165866241996,0;0;-1.62011658662;0.32590327415;0;0;0;-0.0931999622072;-0.254597900367;0;0;0,55730.44175964749,0.005,1137,0.0002,45.99933953533846,,0.001049028760012328,0.3979434999999967,ok,same_stridge_core,Hx;D_x^1.279496 H;H*Hxx;H*Hxxx,0.06883333333333334,1.4149861276204674
0.6787852394008227,1.6835665311371126,0.0,-1.2413276165357001,0;0;-1.24132761654;0;0;0;0;0.0482538154796;0;0;0;0,55589.68339741976,0.005,1138,0.0002,23.85958404865461,,0.001342037967200015,0.2783554999999751,ok,same_stridge_core,Hx;H*Hxx,0.030000000000000002,1.6237106896867073
0.6582954508224503,1.6617999848500813,0.1729362382481595,-1.3368090592363773,0;0;-1.33680905924;0.172936238248;0;0;0;0;0;0;0;0,55447.711127992734,0.005,1139,0.0002,24.184188762070363,,0.00204633114637139,0.3818443999999772,ok,same_stridge_core,Hx;D_x^1.6618 H,0.04961930926216641,2.0051043108732687
0.6681444191456569,1.6682496420525965,0.19679471599763537,-1.3087477970142705,0;0;-1.30874779701;0.196794715998;0;0;0;0;0;0;0;0,55483.84814292874,0.005,1140,0.0002,23.996968246646272,,0.0016549702576449854,0.3738329000000249,ok,same_stridge_core,Hx;D_x^1.66825 H,0.030000000000000002,1.8034289894747746
0.7162357961560597,1.7669939309219438,0.0,-1.1255846311000333,0;0;-1.1255846311;0;0.0804362463166;0;0;0.0663090858022;0;0;0;0,56974.88946962473,0.005,1141,0.0002,35.2975859785205,,0.0006274204393938847,0.38013309999996636,ok,same_stridge_core,Hx;Hxxx;H*Hxx,0.054333333333333365,1.1126522967456562
0.5698516604886078,1.7032807588776486,1.4346452177426094,-1.7992569120994695,0;0;-1.7992569121;1.43464521774;0;0;0;-1.18481988264;0.273451433443;0;0.108463708965;0,55775.90481754915,0.005,1142,0.0002,59.0927613942321,,0.005640747050946261,0.386519900000053,ok,same_stridge_core,Hx;D_x^1.703281 H;H*Hxx;H*Hxxx;H^2*Hxx,0.0475,3.3168565766829494
0.6697042748663984,1.6639253308692339,0.6454646957189539,-1.3775173394690776,0;0;-1.37751733947;0.645464695719;0;0;0;-0.401323599701;0.0899386326483;0;0.0377564751949;0,55459.114865465745,0.005,1143,0.0002,56.85545291552049,,0.0009854373842307404,0.40314330000001064,ok,same_stridge_core,Hx;D_x^1.663925 H;H*Hxx;H*Hxxx;H^2*Hxx,0.015428571428571437,1.3963380500547458
0.670113733385038,1.6639350388061571,0.20044642745389177,-1.3038896236325819,0;0;-1.30388962363;0.200446427454;0;0;0;0;0;0;0;0,55459.16808755877,0.005,1144,0.0002,23.944514378574635,,0.001578149083088898,0.3881026000000247,ok,same_stridge_core,Hx;D_x^1.663935 H,0.030000000000000002,1.7608471435511264
0.7352148037241836,1.720795708912023,0.3591380445099559,-1.1231467738106415,0;0;-1.12314677381;0.35913804451;0;0;0;0;0;0;0;0,56000.7505286525,0.005,1145,0.0002,23.38335573741232,,0.0004906272335516933,0.3903146000000106,ok,same_stridge_core,Hx;D_x^1.720796 H,0.045,0.983055525951319
0.6710498983990734,1.679462199972897,0.0,-1.2654356651943868,0;0;-1.26543566519;0;0;0;0;0.0443862809155;0;0;0;0,55558.33665996103,0.005,1146,0.0002,23.990970184092216,,0.0015909560756263367,0.37741940000000795,ok,same_stridge_core,Hx;H*Hxx,0.030000000000000002,1.767635520107803
0.6658915367342044,1.5725663147818625,0.5375545985460942,-1.4270946833929992,0;0;-1.42709468339;0.537554598546;0.223476710825;0;0;-0.343864360207;0;0;0.0310091287248;0,55269.08099612002,0.005,1147,0.0002,56.632014744555136,,0.0009497554166585238,0.28621750000002066,ok,same_stridge_core,Hx;D_x^1.572566 H;Hxxx;H*Hxx;H^2*Hxx,0.02,1.3629337484351087
0.720602828593095,1.5840808579586991,0.21955193031756187,-1.171867534340928,0;0;-1.17186753434;0.219551930318;0;0;0;0.0138947970961;0;0;0;0,55269.44173926073,0.005,1148,0.0002,34.16490421383065,,0.0005144403477206715,0.38171539999996185,ok,same_stridge_core,Hx;D_x^1.584081 H;H*Hxx,0.025,1.0032391702742132
0.6603689991725933,1.697830263993176,0.18339906553065585,-1.326910089608738,0;0;-1.32691008961;0.183399065531;0;0;0;0;0;0;0;0,55718.026640910895,0.005,1149,0.0002,24.272002434381413,,0.002001795662759869,0.1371048000000883,ok,same_stridge_core,Hx;D_x^1.69783 H,0.03432677122476377,1.984791778017053
0.6818069377068954,1.7449750080862325,0.0,-1.248036515115383,0;0;-1.24803651512;0;0;0;0;0;0;0;0;0,56430.05323996712,0.005,1150,0.0002,13.741527219365182,,0.0030640727968101046,0.3841714000000138,ok,same_stridge_core,Hx,0.05572857142857143,2.4555165713717573
0.7324778193460825,1.4952967373991621,0.13719479538125945,-1.131042952916675,0;0;-1.13104295292;0.137194795381;0;0;0;0.0351594143982;0;0;0;0,55344.12430678089,0.005,1151,0.0002,34.17192764274041,,0.0004727815239420313,0.4007211999999072,ok,same_stridge_core,Hx;D_x^1.495297 H;H*Hxx,0.025,0.9654530586718714
0.6715858279697425,1.6620405879521205,0.2033775157804378,-1.3001094414435792,0;0;-1.30010944144;0.20337751578;0;0;0;0;0;0;0;0,55448.97769901338,0.005,1152,0.0002,23.909986765534356,,0.0015242325677109318,0.3839438999999629,ok,same_stridge_core,Hx;D_x^1.662041 H,0.029462765637493303,1.7303956859290013
0.7714320307898785,1.9653462075845414,0.649439609677327,-0.9773122095124273,0;0;-0.977312209512;0.649439609677;0;0;0;0;0;0;0;0,66950.2015173977,0.005,1153,0.0002,27.75813255978908,,0.0004927746570193376,0.40297800000007555,ok,same_stridge_core,Hx;D_x^1.965346 H,0.05690476190476191,0.9780519528299981
0.6659620081978805,1.654844640452167,0.1894371677975029,-1.3164337903099577,0;0;-1.31643379031;0.189437167798;0;0;0;0;0;0;0;0,55413.65101438877,0.005,1154,0.0002,24.00334363579521,,0.0017200496696942976,0.37080539999999473,ok,same_stridge_core,Hx;D_x^1.654845 H,0.04961930926216641,1.8378832300397026
0.6724802687228761,1.6484112255837196,0.20263288711534666,-1.2994828800440317,0;0;-1.29948288004;0.202632887115;0;0;0;0;0;0;0;0,55386.293420628426,0.005,1155,0.0002,23.856877780935378,,0.0014765094329991905,0.38904039999999895,ok,same_stridge_core,Hx;D_x^1.648411 H,0.030000000000000002,1.7023604126840057
0.6725936655893047,1.670245339623053,0.0,-1.275159255498438,0;0;-1.2751592555;0;0;0;0;0;0;0;0;0,55495.981832011166,0.005,1156,0.0002,13.544933816049916,,0.0030297281512796205,0.396720000000073,ok,same_stridge_core,Hx,0.05999999999999999,2.4457374496476825
0.6557656638994478,1.564773130969251,0.5874135236974042,-1.4788036272478093,0;0;-1.47880362725;0.587413523697;0.235344695571;0;0;-0.398228618098;0;0;0.0353191828947;0,55271.14907312809,0.005,1157,0.0002,56.7488061870827,,0.0011219718060421682,0.3650910000000067,ok,same_stridge_core,Hx;D_x^1.564773 H;Hxxx;H*Hxx;H^2*Hxx,0.018090489757156433,1.4776571139546157
0.6784152810315098,1.7068141557681353,0.22941420304261398,-1.275464425019034,0;0;-1.27546442502;0.229414203043;0;0;0;0;0;0;0;0,55816.31025941557,0.005,1158,0.0002,23.961146178377255,,0.0013568627043687139,0.2733893999999282,ok,same_stridge_core,Hx;D_x^1.706814 H,0.04,1.6346220746110263
0.6784331761649985,1.3171216146266476,0.14377116790139882,-1.3502576453404176,0;0;-1.35025764534;0.143771167901;0;0;0;0;-0.0818380904986;0;0;0,55664.7331728166,0.005,1159,0.0002,34.677226193418925,,0.0008433909871004768,0.389253300000064,ok,same_stridge_core,Hx;D_x^1.317122 H;H*Hxxx,0.04,1.2783862897289577
0.6682569726366365,1.6465253958862167,0.1930757300582337,-1.3112144654294215,0;0;-1.31121446543;0.193075730058;0;0;0;0;0;0;0;0,55378.97786926265,0.005,1160,0.0002,23.936339466490686,,0.0016229068501610153,0.3796531000000414,ok,same_stridge_core,Hx;D_x^1.646525 H,0.030000000000000002,1.7847483187856243
0.6841221954581809,1.737199806022937,0.0,-1.2248901668354806,0;0;-1.22489016684;0;0;0;0;0.0508608265351;0;0;0;0,56274.8179935155,0.005,1161,0.0002,24.040943648297432,,0.0011927735725572963,0.3705841999999393,ok,same_stridge_core,Hx;H*Hxx,0.034347994864612506,1.531016450891234
0.6872156668506381,1.4504692354639857,0.32228818603504666,-1.3725616494509352,0;0;-1.37256164945;0.322288186035;0;0;0;-0.0465327510616;-0.0976517954881;0;0;0,55419.11657044062,0.005,1162,0.0002,45.531218436152066,,0.000734055571999095,0.38286679999998796,ok,same_stridge_core,Hx;D_x^1.450469 H;H*Hxx;H*Hxxx,0.01499615102701249,1.1959251797995694
0.6790901864391896,1.648007963901276,0.21670028688637707,-1.2817101436617935,0;0;-1.28171014366;0.216700286886;0;0;0;0;0;0;0;0,55384.70290755631,0.005,1163,0.0002,23.73116756424808,,0.0012677671888360815,0.40119030000005296,ok,same_stridge_core,Hx;D_x^1.648008 H,0.025,1.577286401225554
0.6235319468354793,1.7306675210752953,0.0842453968329482,-1.4321052444487345,0;0;-1.43210524445;0.0842453968329;0;0;0;0;0;0;0;0,56157.47620053417,0.005,1164,0.0002,25.331154647617456,,0.004179297886464229,0.403668400000015,ok,same_stridge_core,Hx;D_x^1.730668 H,0.075,2.8681641674037874
0.7018693793947777,1.6813377470869084,0.2740708943689441,-1.2161593720804598,0;0;-1.21615937208;0.274070894369;0;0;0;0;0;0;0;0,55572.37339994492,0.005,1165,0.0002,23.4722599177988,,0.0007860892245252678,0.26989750000007007,ok,same_stridge_core,Hx;D_x^1.681338 H,0.054208384208384176,1.2433105578208339
0.683738262007005,1.656583938730681,0.5510145152779289,-1.3227925890241934,0;0;-1.32279258902;0.551014515278;0;0;0;-0.310366224071;0.067877225249;0;0.0297043889771;0,55421.7150693354,0.005,1166,0.0002,56.651773888123614,,0.0007615929358052106,0.3729095999999572,ok,same_stridge_core,Hx;D_x^1.656584 H;H*Hxx;H*Hxxx;H^2*Hxx,0.012670454545454547,1.2300588187882169
0.6715489552059875,1.6225629250966949,0.1835643364034669,-1.3132017804272553,0;0;-1.31320178043;0.183564336403;0;0;0;0;-0.0388458755452;0;0;0,55310.0635351356,0.005,1167,0.0002,34.8865881595915,,0.0014622431432783456,0.3833515000000034,ok,same_stridge_core,Hx;D_x^1.622563 H;H*Hxxx,0.025,1.7005500385101326
0.7341339823087648,1.7199438936353517,0.35654205416577667,-1.126047208511281,0;0;-1.12604720851;0.356542054166;0;0;0;0;0;0;0;0,55988.31089269928,0.005,1168,0.0002,23.382019613259978,,0.0004942540729462345,0.14726120000000265,ok,same_stridge_core,Hx;D_x^1.719944 H,0.05999999999999999,0.9866952561802668
0.6724356069482356,1.6342410040173905,0.19978552844893438,-1.3015198352135346,0;0;-1.30151983521;0.199785528449;0;0;0;0;0;0;0;0,55338.438038701126,0.005,1169,0.0002,23.827318801636526,,0.001459880020432439,0.39768919999994523,ok,same_stridge_core,Hx;D_x^1.634241 H,0.12500000000000003,1.6919435861560754
0.680786998665624,1.475212022218148,0.36575973284146607,-1.3976140266064976,0;0;-1.39761402661;0.365759732841;0;0;0;-0.0591509369567;-0.0953542020687;0;0;0,55376.25064511824,0.005,1170,0.0002,45.604895045289396,,0.0008715064037760118,0.2715952999999445,ok,same_stridge_core,Hx;D_x^1.475212 H;H*Hxx;H*Hxxx,0.030625621292287946,1.303894529194797
0.6568161636525187,1.500309880241876,0.5166600482130044,-1.5070791983077354,0;0;-1.50707919831;0.516660048213;-0.105916549038;0;0;-0.350340177024;0;0;0.0300727236664;0,55336.61546555362,0.005,1171,0.0002,56.74772168559674,,0.001025180351016881,0.3897721000000729,ok,same_stridge_core,Hx;D_x^1.50031 H;Hxxx;H*Hxx;H^2*Hxx,0.015,1.4111062200431197
0.7354588078549753,1.711987223050805,0.35505357492672,-1.1242548066719917,0;0;-1.12425480667;0.355053574927;0;0;0;0;0;0;0;0,55879.81265467817,0.005,1172,0.0002,23.332021749676308,,0.00048781275785108734,0.1366958999999497,ok,same_stridge_core,Hx;D_x^1.711987 H,0.12500000000000003,0.9800966878050381
0.666916520801495,1.6155950504903756,0.18501629069324527,-1.3189105557680714,0;0;-1.31891055577;0.185016290693;0;0;0;0;0;0;0;0,55297.21898041145,0.005,1173,0.0002,23.90649186836157,,0.0016313574345915608,0.37122950000002675,ok,same_stridge_core,Hx;D_x^1.615595 H,0.035,1.787604276196988
0.7108141985535557,1.6772201864234835,0.2908407402055061,-1.1935517875727129,0;0;-1.19355178757;0.290840740206;0;0;0;0;0;0;0;0,55542.17347307509,0.005,1174,0.0002,23.3509272479725,,0.0006542090652321331,0.2761057999999821,ok,same_stridge_core,Hx;D_x^1.67722 H,0.09600000000000003,1.1340578587424628
0.6468190245931807,1.8881075191503187,-0.6570789489392095,-1.3431399852819261,0;0;-1.34313998528;-0.657078948939;0;0;0;0.126324044033;-0.0781113305367;0;0;0,63533.355318667185,0.005,1175,0.0002,52.976307961766366,,0.0023332685984642906,0.3792053999999325,ok,same_stridge_core,Hx;D_x^1.888108 H;H*Hxx;H*Hxxx,0.03937209401709401,2.1496237068326156
0.6739071617957664,1.6466888560899133,0.2053667681062945,-1.295852651610411,0;0;-1.29585265161;0.205366768106;0;0;0;0;0;0;0;0,55379.599688820126,0.005,1176,0.0002,23.82522056929221,,0.0014268800529263963,0.3933715000000575,ok,same_stridge_core,Hx;D_x^1.646689 H,0.12500000000000003,1.6733806937641604
0.6748042042641996,1.654012329181079,0.20882144803833946,-1.2924292944079023,0;0;-1.29242929441;0.208821448038;0;0;0;0;0;0;0;0,55409.89498337514,0.005,1177,0.0002,23.825959340096862,,0.001406895019928158,0.3760170000000471,ok,same_stridge_core,Hx;D_x^1.654012 H,0.030000000000000002,1.6620013467468067
0.6710567846966186,1.6588774996280622,0.20156981633060364,-1.301968122374649,0;0;-1.30196812237;0.201569816331;0;0;0;0;0;0;0;0,55432.80493361982,0.005,1178,0.0002,23.911488781621582,,0.0015385851633961008,0.3946796999999833,ok,same_stridge_core,Hx;D_x^1.658877 H,0.030000000000000002,1.7383668081736567
0.6591617303769655,1.9199273067782634,0.0,-1.3154751853631108,0;0;-1.31547518536;0;0;0;0;0;0;0;0;0,65507.25471611692,0.005,1179,0.0002,15.589166875724384,,0.003123815452322481,0.37915299999997387,ok,same_stridge_core,Hx,0.12500000000000003,2.487715932500999
0.7811413534089962,1.6163694925956027,0.0,-1.08730485956019,0;0;-1.08730485956;0;-2.46348036467;0;0;0;0;0;0;0,55298.507932598855,0.005,1180,0.0002,25.152972445630216,,0.004953098480341519,0.3771403000000646,ok,same_stridge_core,Hx;Hxxx,0.11000000000000003,3.0335692725906718
0.6642981148284438,1.653380232685613,0.18544910132362755,-1.3211900607732616,0;0;-1.32119006077;0.185449101324;0;0;0;0;0;0;0;0,55407.086812825524,0.005,1181,0.0002,24.034081968384594,,0.0017831622604698666,0.4012172999999848,ok,same_stridge_core,Hx;D_x^1.65338 H,0.030000000000000002,1.8712472432543856
0.6775124809626053,1.7063492064428813,0.10658097531717423,-1.2605150579860749,0;0;-1.26051505799;0.106580975317;0;0;0;0.0256525649794;0;0;0;0,55810.85861160111,0.005,1182,0.0002,35.12672739429016,,0.0013689288473473305,0.3955766000000267,ok,same_stridge_core,Hx;D_x^1.706349 H;H*Hxx,0.030000000000000002,1.6402122273294928
0.6556833049591162,1.5109223208591587,0.5336985969075873,-1.5077531042597054,0;0;-1.50775310426;0.533698596908;-0.0474279360903;0;0;-0.363968698287;0;0;0.0313761759742;0,55321.5492512773,0.005,1183,0.0002,56.75416995404203,,0.001056809934293693,0.38942759999997634,ok,same_stridge_core,Hx;D_x^1.510922 H;Hxxx;H*Hxx;H^2*Hxx,0.015,1.432620702764727
0.6700286806603943,1.6308372591047129,0.19408531131917955,-1.308474339269755,0;0;-1.30847433927;0.194085311319;0;0;0;0;0;0;0;0,55329.218219238304,0.005,1184,0.0002,23.86845802983081,,0.0015384807788261653,0.3798972000000731,ok,same_stridge_core,Hx;D_x^1.630837 H,0.034346105169340474,1.7367707421354865
0.7035126748543977,1.7220001204632864,0.0,-1.1664945090842376,0;0;-1.16649450908;0;0;0;0;0.0599200404574;0;0;0;0,56018.62217205084,0.005,1185,0.0002,23.654676116610407,,0.0007893375130921354,0.13499770000009903,ok,same_stridge_core,Hx;H*Hxx,0.049999999999999996,1.2472272477900694
0.6970463928117049,1.670245339623053,0.24163502119554048,-1.2226360029222971,0;0;-1.22263600292;0.241635021196;1.6450684278;0;0;0;-0.266516146096;0;0;0,55495.981832011166,0.005,1186,0.0002,45.60228259339899,,0.0007430671213596614,0.13522609999995439,ok,same_stridge_core,Hx;D_x^1.670245 H;Hxxx;H*Hxxx,0.02,1.2054971277900561
0.7817293692214415,1.029770333520594,0.0,-0.9802037916435323,0;0;-0.980203791644;0;0;0;0;0;0;0;0;0,56083.046345643495,0.005,1187,0.0002,14.795809264853379,,0.006686269719650811,0.13624700000002576,ok,same_stridge_core,Hx,0.09000000000000001,3.579199995724679
0.6712738981644314,1.6576641247530814,0.20181347615090972,-1.3015348654236256,0;0;-1.30153486542;0.201813476151;0;0;0;0;0;0;0;0,55426.872594943925,0.005,1188,0.0002,23.90391327348173,,0.0015295064334867774,0.398425199999906,ok,same_stridge_core,Hx;D_x^1.657664 H,0.030000000000000002,1.7331642355041583
0.6726462343756539,1.671531011645594,0.2077155940712372,-1.2959668624116043,0;0;-1.29596686241;0.207715594071;0;0;0;0;0;0;0;0,55504.04725324417,0.005,1189,0.0002,23.918563979467507,,0.001499818552959647,0.38292679999995016,ok,same_stridge_core,Hx;D_x^1.671531 H,0.036215020273843795,1.7169450781698374
0.6875523231599815,1.6648851363056665,0.23885036364606205,-1.2566175169283944,0;0;-1.25661751693;0.238850363646;0;0;0;0;0;0;0;0,55464.425222231635,0.005,1190,0.0002,23.629423715503425,,0.0010609606803416857,0.3856649000000516,ok,same_stridge_core,Hx;D_x^1.664885 H,0.11500000000000003,1.4436536266107678
0.7804363982605247,1.6049174334373781,0.13915993521747466,-0.9985956618466151,0;0;-0.998595661847;0.139159935217;-0.263089591466;0;0;0.054314886402;0;0;0;0,55282.70244563945,0.005,1191,0.0002,45.382151097291896,,0.0006710113170746286,0.3881817000000183,ok,same_stridge_core,Hx;D_x^1.604917 H;Hxxx;H*Hxx,0.039961080586080576,1.1559891407803369
0.6750851554410842,1.8098277605720219,-0.1555433372064135,-1.241432891047984,0;0;-1.24143289105;-0.155543337206;0;0;0;0.0736967705377;0;0;0;0,58595.06786075923,0.005,1192,0.0002,36.83651196872518,,0.001436838291093326,0.3793377000000646,ok,same_stridge_core,Hx;D_x^1.809828 H;H*Hxx,0.04,1.6794712522696462
0.6739063407315748,1.2818211260538477,0.23623840616335237,-1.4628243601612456,0;0;-1.46282436016;0.236238406163;0.0925558658619;0;0;-0.0457848560307;-0.196935379503;0;0;0,55726.46958911943,0.005,1193,0.0002,56.91761548472325,,0.0007322555667616312,0.2735260000000608,ok,same_stridge_core,Hx;D_x^1.281821 H;Hxxx;H*Hxx;H*Hxxx,0.017113095238095222,1.1911458956038206
0.6544856415821227,1.888601120802293,-0.5740831180033987,-1.3189167633275842,0;0;-1.31891676333;-0.574083118003;0;0;0;0.118278082831;-0.0704953375778;0;0;0,63567.32324332052,0.005,1194,0.0002,52.85541820714283,,0.0020215479157953886,0.40469980000000305,ok,same_stridge_core,Hx;D_x^1.888601 H;H*Hxx;H*Hxxx,0.035,2.0015596124864192
0.649542022709341,1.6384177816141476,0.11306944014642796,-1.3435915078110083,0;0;-1.34359150781;0.113069440146;3.55737487225;0;0;0;-0.566218955807;0;0;0,55350.90078468931,0.005,1195,0.0002,46.18449632485275,,0.00189251351841471,0.41631790000008095,ok,same_stridge_core,Hx;D_x^1.638418 H;Hxxx;H*Hxxx,0.03439931345584941,1.903775697101305
0.8810689943103668,1.7307090175683213,0.584085508189475,-0.7930871147404239,0;0;-0.79308711474;0.584085508189;0;0;0;0;0;0;0;0,56158.18535717323,0.005,1196,0.0002,24.432990793158673,,0.0019706368454122914,0.2874396000000843,ok,same_stridge_core,Hx;D_x^1.730709 H,0.08166666666666662,1.9697166502893813
0.6715377259830793,1.6625067046444622,0.2033633854758502,-1.3001797708213174,0;0;-1.30017977082;0.203363385476;0;0;0;0;0;0;0;0,55451.44938389503,0.005,1197,0.0002,23.91227352246581,,0.0015264772052574732,0.40447600000004513,ok,same_stridge_core,Hx;D_x^1.662507 H,0.030000000000000002,1.7316937689077967
0.6787852394008227,1.285675464397445,0.15138858347089054,-1.341191174628972,0;0;-1.34119117463;0.151388583471;0;0;0;0;0;0;0;0,55719.85807771026,0.005,1198,0.0002,23.574701966444003,,0.0008905722208013285,0.28690370000003895,ok,same_stridge_core,Hx;D_x^1.285675 H,0.09000000000000001,1.286758735359895
0.673765358551391,1.6472366764368362,0.2051730218064113,-1.2961615947417744,0;0;-1.29616159474;0.205173021806;0;0;0;0;0;0;0;0,55381.700780285246,0.005,1199,0.0002,23.82922415143677,,0.001432222034921987,0.3771517000000131,ok,same_stridge_core,Hx;D_x^1.647237 H,0.03952884615384613,1.6765438393226682
0.6649462934069235,1.6621960621544256,0.18838867257732364,-1.3183163956098234,0;0;-1.31831639561;0.188388672577;0;0;0;0;0;0;0;0,55449.79943767352,0.005,1200,0.0002,24.04419573032233,,0.0017690595419667119,0.3905106000000842,ok,same_stridge_core,Hx;D_x^1.662196 H,0.040624999999999994,1.864275955252917
0.6720673877142871,1.7222400451221456,0.0,-1.2622452664458859,0;0;-1.26224526645;0;0;0;0;0.0449010659349;0;0;0;0,56022.22247494483,0.005,1201,0.0002,24.156978522437203,,0.0015559250477830424,0.29741839999996955,ok,same_stridge_core,Hx;H*Hxx,0.035,1.7480895324592727
0.648201312861991,1.60535792603567,0.10781171146748478,-1.3498738519098668,0;0;-1.34987385191;0.107811711467;3.55292186822;0;0;0;-0.564769081273;0;0;0,55283.187336499206,0.005,1202,0.0002,46.14436246872205,,0.0019224155765973302,0.38738519999992604,ok,same_stridge_core,Hx;D_x^1.605358 H;Hxxx;H*Hxxx,0.04440675080357621,1.9178125995226856
0.8739004737467417,1.5387370324586145,0.0,-0.7351782111457908,0;0;-0.735178211146;0;0;0;0;0.115108634214;0;0;0;0,55288.92822512233,0.005,1203,0.0002,24.163244316932197,,0.002087832403674788,0.2791786000000229,ok,same_stridge_core,Hx;H*Hxx,0.11166666666666669,2.047673026883263
0.48979633770117104,1.7235191943251955,2.142640037800969,-2.329582891622969,-0.0812723409303;0;-2.32958289162;2.1426400378;0;0;0;-1.88287695999;0;0;0.159333917507;0,56041.644364481035,0.005,1204,0.0002,61.198665352678844,,0.013856971981496337,0.3861343000000943,ok,same_stridge_core,1;Hx;D_x^1.723519 H;H*Hxx;H^2*Hxx,0.040624999999999994,5.15702098819781
0.6881764529495882,1.6938978758761767,0.0,-1.2295348674126143,0;0;-1.22953486741;0;0;0;0;0;0;0;0;0,55679.43890396353,0.005,1205,0.0002,13.614574995052617,,0.0031300514910594353,0.39394179999999324,ok,same_stridge_core,Hx,0.09214285714285718,2.4786872142599115
0.6725273528748037,1.4358741814697982,0.33252178105210234,-1.4260882280155067,0;0;-1.42608822802;0.332521781052;0.970602623725;0;0;-0.0605249809221;-0.255951411279;0;0;0,55445.50030959935,0.005,1206,0.0002,56.7698383228382,,0.000910625763932676,0.14273759999991853,ok,same_stridge_core,Hx;D_x^1.435874 H;Hxxx;H*Hxx;H*Hxxx,0.016058201058201077,1.3243380132388456
0.6522227660265203,1.340489316930146,0.3680449691283892,-1.58792922737986,0;0;-1.58792922738;0.368044969128;0.48149671845;0;0;-0.0977736846536;-0.282215922606;0;0;0,55622.539688419434,0.005,1207,0.0002,57.07238704585355,,0.001104071517493019,0.3748649999999998,ok,same_stridge_core,Hx;D_x^1.340489 H;Hxxx;H*Hxx;H*Hxxx,0.03944444444444439,1.4498473574341155
0.5787766926272002,1.7168125644280747,0.0,-1.5212381230669674,0;0;-1.52123812307;0;6.82693273308;0;0;0;-0.980703522953;0;0;0,55943.97940724143,0.005,1208,0.0002,37.147405330795095,,0.006842740558808964,0.1488945999999487,ok,same_stridge_core,Hx;Hxxx;H*Hxxx,0.12000000000000004,3.581017686450233
0.6543439305880592,1.658226652275028,0.0,-1.3301621830346977,0;0;-1.33016218303;0;0;0;0;0;0;0;0;0,55429.60432452443,0.005,1209,0.0002,13.60608328588,,0.003203494164532396,0.4032146999999213,ok,same_stridge_core,Hx,0.09100000000000001,2.520162420975114
0.6818069377068954,1.825537359992877,-0.14444631478344613,-1.2227382345768065,0;0;-1.22273823458;-0.144446314783;0;0;0;0.0744136546164;0;0;0;0,59406.780274046454,0.005,1210,0.0002,37.20445809071064,,0.0012392070789697168,0.2728379999999788,ok,same_stridge_core,Hx;D_x^1.825537 H;H*Hxx,0.04618055475388809,1.5603899262827596
0.6789417109059104,1.560646611153843,0.1984519854530286,-1.2950491487761762,0;0;-1.29504914878;0.198451985453;0;0;0;0;0;0;0;0,55272.91750742162,0.005,1211,0.0002,23.614214746521213,,0.0011633804935448214,0.14234979999991992,ok,same_stridge_core,Hx;D_x^1.560647 H,0.035,1.505047743552566
0.678801640112665,1.5912291847087987,0.20409594032782508,-1.2907544852967436,0;0;-1.2907544853;0.204095940328;0;0;0;0;0;0;0;0,55271.995414449164,0.005,1212,0.0002,23.643652963584397,,0.0012060915305973372,0.2780307000000448,ok,same_stridge_core,Hx;D_x^1.591229 H,0.03991020553520553,1.5348547978047298
0.6493405055214926,1.3881473706398202,0.4136790681517807,-1.5822777849832002,0;0;-1.58227778498;0.413679068152;0.929088433116;0;0;-0.106984993374;-0.321093580998;0;0;0,55534.227413522065,0.005,1213,0.0002,57.09172094738998,,0.001274382132838189,0.1462543000000096,ok,same_stridge_core,Hx;D_x^1.388147 H;Hxxx;H*Hxx;H*Hxxx,0.015,1.557493533867914
0.7375210998952583,1.5412667176463304,0.0,-1.0929207429624648,0;0;-1.09292074296;0;0;0;0;0;0;0;0;0,55286.57449756347,0.005,1214,0.0002,14.020182857250317,,0.004549551661564362,0.3935097000000951,ok,same_stridge_core,Hx,0.12500000000000003,2.962867957737622
0.6371581178476327,1.5103201781293958,0.638018173866642,-1.6063571885931538,0;0;-1.60635718859;0.638018173867;-0.0233943421374;0;0;-0.471962614628;0;0;0.0399082870423;0,55322.37125947656,0.005,1215,0.0002,56.989516822002464,,0.0014423496121118884,0.3952552000000651,ok,same_stridge_core,Hx;D_x^1.51032 H;Hxxx;H*Hxx;H^2*Hxx,0.015428571428571437,1.6671455625258997
0.6703048329604719,1.6341896432427827,0.19527324466932375,-1.3072787971701243,0;0;-1.30727879717;0.195273244669;0;0;0;0;0;0;0;0,55338.29291063524,0.005,1216,0.0002,23.869262809143436,,0.0015331459389369582,0.38684039999998276,ok,same_stridge_core,Hx;D_x^1.63419 H,0.049999999999999996,1.7339456448893404
0.5716025272088385,1.8788838124191554,0.0,-1.6018739636423494,0;0;-1.60187396364;0;0;0;0;0;0;0;0;0,62890.46039478515,0.005,1217,0.0002,16.978789624795738,,0.009904144180470748,0.3928760000000011,ok,same_stridge_core,Hx,0.06998809523809524,4.400697545838708
0.674134330192987,1.6755684458821887,0.21196667159221144,-1.2913629192131408,0;0;-1.29136291921;0.211966671592;0;0;0;0;0;0;0;0,55530.6849184855,0.005,1218,0.0002,23.903651710470587,,0.0014551606515255376,0.3871717000000672,ok,same_stridge_core,Hx;D_x^1.675568 H,0.029369793828659205,1.691377743076383
0.6738604547836438,1.7062778316852627,0.6654276596565813,-1.3418203151464159,0;0;-1.34182031515;0.665427659657;0;0;0;-0.398437834945;0.10408159403;0;0.0383042276239;0,55810.02536783882,0.005,1219,0.0002,57.19046707085826,,0.0009583558034145273,0.3958211000000347,ok,same_stridge_core,Hx;D_x^1.706278 H;H*Hxx;H*Hxxx;H^2*Hxx,0.01,1.3804417030194418
0.6843228092549154,1.6448766245415583,0.22688985767464262,-1.2681893861499187,0;0;-1.26818938615;0.226889857675;0;0;0;0;0;0;0;0,55372.83206237675,0.005,1220,0.0002,23.631146267309727,,0.0011196597764597442,0.3876123000000007,ok,same_stridge_core,Hx;D_x^1.644877 H,0.12500000000000003,1.4820134423590265
0.6182145540210446,1.7529030169104058,0.0,-1.4442004971419327,0;0;-1.44420049714;0;0;0;0;0;0;0;0;0,56607.29276102804,0.005,1221,0.0002,14.38001795974145,,0.004731337670004358,0.39652699999999186,ok,same_stridge_core,Hx,0.07820238095238097,3.058559407535841
0.6658996122507677,1.639813655611602,0.18677582764858497,-1.3185083278969782,0;0;-1.3185083279;0.186775827649;0;0;0;0;0;0;0;0,55355.360000527005,0.005,1222,0.0002,23.96990080286264,,0.0017026612408111107,0.40678570000000036,ok,same_stridge_core,Hx;D_x^1.639814 H,0.06472222222222224,1.8277568026518383
0.6739063407315748,1.7529030169104058,0.0,-1.2712686774837962,0;0;-1.27126867748;0;0;0;0;0;0;0;0;0,56607.29276102804,0.005,1223,0.0002,13.766763395192344,,0.0030299674846424283,0.02962929999989683,ok,same_stridge_core,Hx,0.05571794871794871,2.4453048429867352
0.6307778706902365,1.797836551073418,0.10718633837607602,-1.4061891150223698,0;0;-1.40618911502;0.107186338376;0;0;0;0;0;0;0;0,58056.85287880157,0.005,1224,0.0002,25.930086477384595,,0.003718123706018768,0.3853328000000147,ok,same_stridge_core,Hx;D_x^1.797837 H,0.10000000000000002,2.707345325863964
0.7018693793947777,1.67743022997686,0.2556817814812955,-1.2097143717866627,0;0;-1.20971437179;0.255681781481;1.48646749611;0;0;0;-0.241078131985;0;0;0,55543.65986136862,0.005,1225,0.0002,45.594208781970444,,0.0006854957961411508,0.287739399999964,ok,same_stridge_core,Hx;D_x^1.67743 H;Hxxx;H*Hxxx,0.02,1.1592808928755443
0.581817838987978,1.7929577801943408,-0.7248087570855694,-1.487343522662061,0;0;-1.48734352266;-0.724808757086;0.46064420923;0;0;0.126821121695;0;0;0;0,57857.601689530005,0.005,1226,0.0002,50.17703938186505,,0.007805907878933334,0.4015684999999394,ok,same_stridge_core,Hx;D_x^1.792958 H;Hxxx;H*Hxx,0.09400000000000003,3.890958030241046
0.6909585926443359,1.6560950403139472,0.2435387320843072,-1.2489056058339663,0;0;-1.24890560583;0.243538732084;0;0;0;0;0;0;0;0,55419.41849400239,0.005,1227,0.0002,23.54955839922278,,0.0009726619308002521,0.3792495999999801,ok,same_stridge_core,Hx;D_x^1.656095 H,0.09200000000000001,1.3817910016218191
0.6977790197089941,1.7639045525492791,0.07712661544653239,-1.1824106086337398,0;0;-1.18241060863;0.0771266154465;0.195422360419;0;0;0.0446547324024;0;0;0;0,56888.15488791222,0.005,1228,0.0002,46.81839411486818,,0.0008763464656663536,0.3833773999999721,ok,same_stridge_core,Hx;D_x^1.763905 H;Hxxx;H*Hxx,0.019442097523436497,1.3078702045383972
0.82201893621236,1.5968236958557713,0.0,-0.8519358436812245,0;0;-0.851935843681;0;0;0;0;0.102510171978;0;0;0;0,55275.39133916283,0.005,1229,0.0002,23.686727664581507,,0.0012349370114978163,0.3902903000000606,ok,same_stridge_core,Hx;H*Hxx,0.041160714285714294,1.5765711289163755
0.6717629999894024,1.0833646873637293,0.09373737708097032,-1.4044951244124924,0;0;-1.40449512441;0.093737377081;0.617444992752;0;0;0;-0.256735826751;0;0;0,56019.314739597474,0.005,1230,0.0002,46.041798600009145,,0.0007656297807843332,0.41185270000005403,ok,same_stridge_core,Hx;D_x^1.083365 H;Hxxx;H*Hxxx,0.015,1.226346808331167
0.5957176744999697,1.7928099330979705,0.0,-1.5187796930504647,0;0;-1.51877969305;0;0;0;0;0;0;0;0;0,57851.73669385302,0.005,1231,0.0002,15.19937707211035,,0.006697116039795798,0.38411970000004203,ok,same_stridge_core,Hx,0.12500000000000003,3.629029733339746
0.5447454145472728,1.9810802795349434,-1.2583858687138154,-1.7397599609800296,0;0;-1.73975996098;-1.25838586871;0;0;0;-0.296303490541;0.00802976259553;0;0.0514981951099;0,67005.4235093835,0.005,1232,0.0002,71.34076252714644,,0.009542377780020043,0.3948550999999725,ok,same_stridge_core,Hx;D_x^1.98108 H;H*Hxx;H*Hxxx;H^2*Hxx,0.030609686609686604,4.335339017762936
0.6743387712682678,1.6480657568726647,0.20657627180513446,-1.294498378063578,0;0;-1.29449837806;0.206576271805;0;0;0;0;0;0;0;0,55384.92994890184,0.005,1233,0.0002,23.820163601012986,,0.0014145328489463009,0.38333780000004936,ok,same_stridge_core,Hx;D_x^1.648066 H,0.030000000000000002,1.6661916214522492
0.7827934738818073,1.356626060110375,0.0,-1.0767508246028357,0;0;-1.0767508246;0;0;0;0;0;-0.409875429972;0;0;0,55592.902620523724,0.005,1234,0.0002,25.173581361784905,,0.004679397225825418,0.38984019999998054,ok,same_stridge_core,Hx;H*Hxxx,0.12000000000000004,2.936420313575414
0.6753256426217341,1.3498605617514854,0.26632757965021686,-1.4345363823470627,0;0;-1.43453638235;0.26632757965;0;0;0;-0.134870433809;-0.112318679311;0;0.0109295828672;0,55605.37143187411,0.005,1235,0.0002,56.77873372463366,,0.0007037531240439397,0.28778510000006463,ok,same_stridge_core,Hx;D_x^1.349861 H;H*Hxx;H*Hxxx;H^2*Hxx,0.01,1.1733622927595457
0.6704809136473386,1.4358741814697982,0.3404908177521217,-1.436355156859811,0;0;-1.43635515686;0.340490817752;1.01393375438;0;0;-0.06412688987;-0.2651372113;0;0;0,55445.50030959935,0.005,1236,0.0002,56.794568092414586,,0.00094592441513737,0.15311180000003333,ok,same_stridge_core,Hx;D_x^1.435874 H;Hxxx;H*Hxx;H*Hxxx,0.015022681137232218,1.3490677828152362
0.6743387712682678,1.6480657568726647,0.20657627180513474,-1.2944983780635804,0;0;-1.29449837806;0.206576271805;0;0;0;0;0;0;0;0,55384.92994890184,0.005,1237,0.0002,23.820163601012982,,0.0014145328489463007,0.028333599999996295,ok,same_stridge_core,Hx;D_x^1.648066 H,0.025,1.6661916214522468
0.6742467139972339,1.9687916322011407,0.0,-1.242402342563303,0;0;-1.24240234256;0;0.282949303885;0;0;0.0487686010473;0;0;0;0,66980.5148382629,0.005,1238,0.0002,41.87685075792666,,0.0014664243752643183,0.28701999999998407,ok,same_stridge_core,Hx;Hxxx;H*Hxx,0.02,1.6885418549689173
0.643249493636427,1.697830263993176,0.0,-1.3644436671076738,0;0;-1.36444366711;0;0;0;0;0;0;0;0;0,55718.026640910895,0.005,1239,0.0002,13.774403485139445,,0.003488934686032317,0.14690169999994396,ok,same_stridge_core,Hx,0.049999999999999996,2.630798156957265
0.7006026381558884,1.7449750080862325,0.0,-1.1679941239526164,0;0;-1.16799412395;0;0.154901083779;0;0;0.0601182081105;0;0;0;0,56430.05323996712,0.005,1240,0.0002,35.13434599000549,,0.0008319428811895337,0.13340730000004442,ok,same_stridge_core,Hx;Hxxx;H*Hxx,0.024414153080035448,1.2763140460252165
0.7712002687822557,1.8932523406304582,0.45358559179827945,-0.9915510315632674,0;0;-0.991551031563;0.453585591798;0;0;0;0.0179349353652;0;0;0;0,63884.20310228397,0.005,1241,0.0002,39.30854134517771,,0.0004890573329286492,0.2780144000000746,ok,same_stridge_core,Hx;D_x^1.893252 H;H*Hxx,0.03131578947368422,0.9780194838073221
0.6589457433201704,1.669813390763758,1.7982328536025447,-1.0466588101784924,0;0;-1.04665881018;1.7982328536;8.79468879896;0;-0.232303283543;-0.877044348285;-3.69215073243;0.0192477287461;0.0653401839498;0.328179422775,55493.31617368984,0.005,1242,0.0002,101.12228890230571,,0.0007811632242738984,0.39241979999997056,ok,same_stridge_core,Hx;D_x^1.669813 H;Hxxx;H*Hx;H*Hxx;H*Hxxx;H^2*Hx;H^2*Hxx;H^2*Hxxx,0.005,1.2343197896639873
0.6554715007147929,1.6803321501283213,0.0,-1.3267140144913534,0;0;-1.32671401449;0;0;0;0;0;0;0;0;0,55564.78774774828,0.005,1243,0.0002,13.624682905298744,,0.0031825410469689835,0.38217340000005606,ok,same_stridge_core,Hx,0.059615384615384626,2.511725355749088
0.7097670779179641,1.650848366803311,0.21793516628295892,-1.1847767953314658,0;0;-1.18477679533;0.217935166283;0.0951568001791;0;0;0.0150180416207;0;0;0;0,55396.2112212907,0.005,1244,0.0002,45.43704407412963,,0.0006423515495068653,0.39410540000005767,ok,same_stridge_core,Hx;D_x^1.650848 H;Hxxx;H*Hxx,0.014471652823250334,1.1200750970970652
0.47867756239039866,1.729266936560915,1.681428623607608,-2.2701661746642814,0;0;-2.27016617466;1.68142862361;0;0;0;-1.75685155589;0;0;0.161923360293;0,56133.778477993365,0.005,1245,0.0002,51.196005199546015,,0.019764266305755663,0.3748291000000563,ok,same_stridge_core,Hx;D_x^1.729267 H;H*Hxx;H^2*Hxx,0.09333333333333335,6.288982417151326
0.882784578412869,1.5406432317878067,0.0,-0.7163580924925902,0;0;-0.716358092493;0;0;0;0;0.116943043941;0;0;0;0,55287.14366444829,0.005,1246,0.0002,24.235213956192915,,0.0022392296895685673,0.39372549999995954,ok,same_stridge_core,Hx;H*Hxx,0.11500000000000005,2.1203564904135996
0.6671188466898621,1.6339794440350068,0.18844277997140324,-1.315941655033008,0;0;-1.31594165503;0.188442779971;0;0;0;0;0;0;0;0,55337.70041348188,0.005,1247,0.0002,23.933221361862696,,0.0016486038983361516,0.3840737000000445,ok,same_stridge_core,Hx;D_x^1.633979 H,0.12500000000000003,1.7981411964699419
0.6785146867983141,1.7174239814554886,0.08289979195750713,-1.2533286454890527,0;0;-1.25332864549;0.0828997919575;0;0;0;0.0313081026852;0;0;0;0,55952.4648236443,0.005,1248,0.0002,35.19629416768118,,0.0013433981564378453,0.38966849999997066,ok,same_stridge_core,Hx;D_x^1.717424 H;H*Hxx,0.030000000000000002,1.6248152734945995
0.6496925790567892,1.61935775665328,0.14867579924357985,-1.3655414327979525,0;0;-1.3655414328;0.148675799244;0;0;0;0;0;0;0;0,55303.80172821389,0.005,1249,0.0002,24.29085985322359,,0.0024000511371007082,0.40653900000006615,ok,same_stridge_core,Hx;D_x^1.619358 H,0.08528571428571433,2.169339161938034
0.7018000831897844,1.6700057128389723,0.252990635271515,-1.2113209257083977,0;0;-1.21132092571;0.252990635272;1.46430595676;0;0;0;-0.238401961137;0;0;0,55494.500273742415,0.005,1250,0.0002,45.552686179963395,,0.0006828958271944769,0.29415369999992436,ok,same_stridge_core,Hx;D_x^1.670006 H;Hxxx;H*Hxxx,0.02095380303030303,1.1570859609694641
0.6795638140357996,1.607314309320015,0.20882464328434622,-1.2863516983284033,0;0;-1.28635169833;0.208824643284;0;0;0;0;0;0;0;0,55285.45476290311,0.005,1251,0.0002,23.64902463820612,,0.0012043617864235384,0.2813998999999967,ok,same_stridge_core,Hx;D_x^1.607314 H,0.12500000000000003,1.5348427330448744
0.6750306868350393,1.6541837150222098,0.6008372797257837,-1.3595179498854626,0;0;-1.35951794989;0.600837279726;0;0;0;-0.36179738903;0.077731359611;0;0.0341344180434;0,55410.66322293507,0.005,1252,0.0002,56.73454609260532,,0.0008850001740614246,0.40797859999997854,ok,same_stridge_core,Hx;D_x^1.654184 H;H*Hxx;H*Hxxx;H^2*Hxx,0.010905103668261555,1.3238828696702523
0.6724224464989845,1.6141072554498892,0.19600808066966863,-1.3043317878827918,0;0;-1.30433178788;0.19600808067;0;0;0;0;0;0;0;0,55294.83611411533,0.005,1253,0.0002,23.793603997611065,,0.001434051633889407,0.40247629999998935,ok,same_stridge_core,Hx;D_x^1.614107 H,0.04915331335331334,1.6756695519649338
0.6784995971831452,1.6368039548665636,0.2012406813436542,-1.2922061303758692,0;0;-1.29220613038;0.201240681344;0;0;0;0;-0.036446846244;0;0;0,55345.931287911786,0.005,1254,0.0002,34.787132053834725,,0.0012606047033997504,0.37809069999991607,ok,same_stridge_core,Hx;D_x^1.636804 H;H*Hxxx,0.025,1.5795732810876488
0.6784995971831452,1.6368039548665636,0.21297418009024235,-1.2848858138446937,0;0;-1.28488581384;0.21297418009;0;0;0;0;0;0;0;0,55345.931287911786,0.005,1255,0.0002,23.71738133799845,,0.0012715459959970958,0.02649840000003678,ok,same_stridge_core,Hx;D_x^1.636804 H,0.035,1.5790088228337356
0.6814146901967212,1.741447000837532,0.0,-1.2332092124776601,0;0;-1.23320921248;0;0;0;0;0.049544474985;0;0;0;0,56357.43078463709,0.005,1256,0.0002,24.12030839480477,,0.0012662805154175746,0.38575539999999364,ok,same_stridge_core,Hx;H*Hxx,0.0343268208137956,1.5773360809499335
0.6967852364758105,1.6670549139893882,0.25881683264124655,-1.231823943964499,0;0;-1.23182394396;0.258816832641;0;0;0;0;0;0;0;0,55476.80513923089,0.005,1257,0.0002,23.493345285349275,,0.0008637509174401788,0.4040536999999631,ok,same_stridge_core,Hx;D_x^1.667055 H,0.12000000000000004,1.3026232296569171
0.6409732937970285,1.2827380367211259,0.3575003845964912,-1.6729658797856761,0;0;-1.67296587979;0.357500384596;0.231658280598;0;0;-0.110226828847;-0.309685995116;0;0;0,55724.89986939472,0.005,1258,0.0002,57.24468462215847,,0.0012166393416959138,0.38495690000002014,ok,same_stridge_core,Hx;D_x^1.282738 H;Hxxx;H*Hxx;H*Hxxx,0.0215051282051282,1.5197847527637502
0.6751944207094354,1.7050116652535379,0.0,-1.2674594895797224,0;0;-1.26745948958;0;0;0;0;0;0;0;0;0,55795.40598829964,0.005,1259,0.0002,13.604566723795443,,0.0030317425171246803,0.3878839000000198,ok,same_stridge_core,Hx,0.07796296296296294,2.4454855261355157
0.7331201464866566,1.497807600537185,0.13661284946395277,-1.1286229582756118,0;0;-1.12862295828;0.136612849464;0;0;0;0.0356787909226;0;0;0;0,55340.33442586455,0.005,1260,0.0002,34.16921752231024,,0.00047209820991026,0.40321159999996325,ok,same_stridge_core,Hx;D_x^1.497808 H;H*Hxx,0.025,0.9650168667915082
0.648421485255775,1.657374189516997,0.11103433355774221,-1.3448498987090416,0;0;-1.34484989871;0.111034333558;3.64445241046;0;0;0;-0.580388410196;0;0;0,55425.4769954607,0.005,1261,0.0002,46.27105547334645,,0.0019464292549579152,0.1521731999999929,ok,same_stridge_core,Hx;D_x^1.657374 H;Hxxx;H*Hxxx,0.03491928019692725,1.9306738769778848
0.6911635294230599,1.6364182422975935,0.22827043547804723,-1.2578181326859927,0;0;-1.25781813269;0.228270435478;0;0;0;0;-0.0318577015847;0;0;0,55344.772528960944,0.005,1262,0.0002,34.57021042953355,,0.0009392976338631287,0.388034800000014,ok,same_stridge_core,Hx;D_x^1.636418 H;H*Hxxx,0.02,1.363346912156987
0.6654437697637288,1.6281715715315832,0.17080336488043643,-1.3294864935954844,0;0;-1.3294864936;0.17080336488;0;0;0;0;-0.041356162747;0;0;0,55322.55714858667,0.005,1263,0.0002,35.022319550601274,,0.001690472705194393,0.13594499999999243,ok,same_stridge_core,Hx;D_x^1.628172 H;H*Hxxx,0.030000000000000002,1.8287852614492721
0.7108141985535557,1.6979750804535299,0.0,-1.1654018220121767,0;0;-1.16540182201;0;0;0;0;0;0;0;0;0,55719.49725460503,0.005,1264,0.0002,13.792283933151182,,0.0036055442363132698,0.2933226000000104,ok,same_stridge_core,Hx,0.12500000000000003,2.6483844822301754
0.6710305189370919,1.6596268181701708,0.6320996821136903,-1.373893281932173,0;0;-1.37389328193;0.632099682114;0;0;0;-0.390234320187;0.0858587186837;0;0.036706998919;0,55436.542773646135,0.005,1265,0.0002,56.81267711097479,,0.0009570792283326833,0.39935350000007475,ok,same_stridge_core,Hx;D_x^1.659627 H;H*Hxx;H*Hxxx;H^2*Hxx,0.015,1.3761343373286525
0.6064565312860939,1.4358741814697982,0.6902708732762938,-1.8205190791299293,0;0;-1.82051907913;0.690270873276;0;0;0;-0.561954799924;-0.0952543442902;0;0.0442288320101;0,55445.50030959935,0.005,1266,0.0002,57.46236845347399,,0.002146748257424362,0.14561990000004243,ok,same_stridge_core,Hx;D_x^1.435874 H;H*Hxx;H*Hxxx;H^2*Hxx,0.02,2.016868143874638
0.6860068380761468,1.6761050150920882,0.0,-1.2358142206359506,0;0;-1.23581422064;0;0;0;0;0;0;0;0;0,55534.37863608112,0.005,1267,0.0002,13.576261570435527,,0.003103894999742304,0.39708599999994476,ok,same_stridge_core,Hx,0.09833333333333334,2.469385843219301
0.6742467139972339,1.6107199507572334,0.19904111315124196,-1.2999430906752982,0;0;-1.29994309068;0.199041113151;0;0;0;0;0;0;0;0,55289.85792545127,0.005,1268,0.0002,23.75331074037154,,0.0013697611496703006,0.2746683999999959,ok,same_stridge_core,Hx;D_x^1.61072 H,0.039361680911680894,1.637367570191027
0.6861530838555124,1.697830263993176,0.0,-1.2186768717747336,0;0;-1.21867687177;0;0;0;0;0.0518398543113;0;0;0;0,55718.026640910895,0.005,1269,0.0002,23.784469566347134,,0.0011405610742498402,0.14359769999998662,ok,same_stridge_core,Hx;H*Hxx,0.030000000000000002,1.4972589099827753
0.6977411558489205,1.644148527383813,0.25369089831931335,-1.233007669227195,0;0;-1.23300766923;0.253690898319;0;0;0;0;0;0;0;0,55370.19068850283,0.005,1270,0.0002,23.419558637446823,,0.0008244838771974125,0.38760560000002897,ok,same_stridge_core,Hx;D_x^1.644149 H,0.08066666666666668,1.2714823620456897
0.646154645955742,1.664082147549116,0.0,-1.3554044596810626,0;0;-1.35540445968;0;0;0;0;0;0;0;0;0,55459.97555490862,0.005,1271,0.0002,13.688981748876966,,0.003399843691540641,0.39898790000006557,ok,same_stridge_core,Hx,0.09833333333333334,2.596986637895241
0.6904308986844027,1.3382582783579031,0.17186878701625577,-1.3040047811697173,0;0;-1.30400478117;0.171868787016;0;0;0;0;0;0;0;0,55626.607805190884,0.005,1272,0.0002,23.4175217625943,,0.0007272650151822508,0.3939814000000297,ok,same_stridge_core,Hx;D_x^1.338258 H,0.08322222222222223,1.1668786405179454
0.689889969376759,1.6475844907702193,0.2389946122689838,-1.2530374621268914,0;0;-1.25303746213;0.238994612269;0;0;0;0;0;0;0;0,55383.04814334926,0.005,1273,0.0002,23.545145804369668,,0.0009876174927782833,0.38558950000003733,ok,same_stridge_core,Hx;D_x^1.647584 H,0.030000000000000002,1.39192654702996
0.6802278693729281,1.6623919460686039,0.578854564514054,-1.334900155064198,0;0;-1.33490015506;0.578854564514;0;0;0;-0.335120474811;0.0752578356252;0;0.0319508373253;0,55450.83878395254,0.005,1274,0.0002,56.72203161159918,,0.0008139728383958572,0.40723749999995107,ok,same_stridge_core,Hx;D_x^1.662392 H;H*Hxx;H*Hxxx;H^2*Hxx,0.01,1.271192827646639
0.8254248000588796,1.620752622107886,0.11020944626600024,-0.8676593320208454,0;0;-0.867659332021;0.110209446266;0;0;0;0.0778336411664;0;0;0;0,55306.4509859284,0.005,1275,0.0002,34.78000190248315,,0.0012706785829491756,0.3987282000000505,ok,same_stridge_core,Hx;D_x^1.620753 H;H*Hxx,0.045,1.596131310926104
0.6725936655893047,1.796894123888569,0.2389026226533401,-1.2806977843892364,0;0;-1.28069778439;0.238902622653;0;0;0;0;0;0;0;0,58017.487360008105,0.005,1276,0.0002,25.00878052971592,,0.0016435781548379512,0.29567569999994703,ok,same_stridge_core,Hx;D_x^1.796894 H,0.0736904761904762,1.8017855857126788
0.7066839829645947,1.029770333520594,0.09441920715578894,-1.3514264567534549,0;0;-1.35142645675;0.0944192071558;-0.903613818103;0;0;0;-0.12833943613;0;0;0,56083.046345643495,0.005,1277,0.0002,46.12784574122429,,0.0007840344371770228,0.15133379999997487,ok,same_stridge_core,Hx;D_x^1.02977 H;Hxxx;H*Hxxx,0.015,1.261408664709489
0.6784152810315098,1.639533314026782,0.21339556370009283,-1.2847223979992015,0;0;-1.284722398;0.2133955637;0;0;0;0;0;0;0;0,55354.452185908405,0.005,1278,0.0002,23.72456885073711,,0.0012773784772462916,0.2795280999999932,ok,same_stridge_core,Hx;D_x^1.639533 H,0.030000000000000002,1.582787976373748
0.6747703215326906,1.6390335697197373,0.20564898207408783,-1.2945745097328831,0;0;-1.29457450973;0.205648982074;0;0;0;0;0;0;0;0,55352.8493763978,0.005,1279,0.0002,23.79185228506082,,0.0013892452634351122,0.40328599999998005,ok,same_stridge_core,Hx;D_x^1.639034 H,0.03462826797385623,1.650712534501701
0.6425506943800219,1.2657062291335397,0.3331179449149519,-1.663168212457778,0;0;-1.66316821246;0.333117944915;0.166062902409;0;0;-0.102781763409;-0.303452008247;0;0;0,55753.74863245777,0.005,1280,0.0002,57.240217670880995,,0.0011612129833788178,0.39607650000004924,ok,same_stridge_core,Hx;D_x^1.265706 H;Hxxx;H*Hxx;H*Hxxx,0.015,1.4864690384232229
0.677311260223186,1.6937108492373119,0.0,-1.2458954650854277,0;0;-1.24589546509;0;0;0;0;0.0475250062862;0;0;0;0,55677.66771668525,0.005,1281,0.0002,23.921354975264173,,0.0013864307494675131,0.392017800000076,ok,same_stridge_core,Hx;H*Hxx,0.029462765637493303,1.6502878885900727
0.6535047420192127,1.6530470566503173,0.16063667302608337,-1.3511728607419309,0;0;-1.35117286074;0.160636673026;0;0;0;0;0;0;0;0,55405.62150344134,0.005,1282,0.0002,24.26734033384116,,0.0022563434240241986,0.381749500000069,ok,same_stridge_core,Hx;D_x^1.653047 H,0.049395604395604385,2.105091732464626
0.6904308986844027,1.7075293130249876,0.0,-1.205664140440188,0;0;-1.20566414044;0;0;0;0;0.0538787290915;0;0;0;0,55824.77520548262,0.005,1283,0.0002,23.758952155699944,,0.0010385422713364866,0.028849499999978434,ok,same_stridge_core,Hx;H*Hxx,0.030000000000000002,1.4290420735068958
0.8137729470538598,1.636871241278186,0.14989916141429796,-0.8305148294436362,0.0367540100563;0;-0.830514829444;0.149899161414;0;0;0;0.1089092565;0.196376310007;0;0;0,55346.13451722002,0.005,1284,0.0002,56.44697299292664,,0.0006415194701360126,0.39206030000002556,ok,same_stridge_core,1;Hx;D_x^1.636871 H;H*Hxx;H*Hxxx,0.035416666666666645,1.100838475706619
0.6912202108900412,1.854619009380952,-0.10865078970214156,-1.1910979885238397,0;0;-1.19109798852;-0.108650789702;0.150356189205;0;0;0.0733851128707;0;0;0;0,61204.79257701809,0.005,1285,0.0002,50.36594849918629,,0.0010043533927903434,0.3830772999999681,ok,same_stridge_core,Hx;D_x^1.854619 H;Hxxx;H*Hxx,0.02,1.4021144375718209
0.6452536281984252,1.8434975881167324,-0.5196014350807602,-1.3410456951641723,0;0;-1.34104569516;-0.519601435081;0;0;0;0.110866892187;-0.0785684750246;0;0;0,60477.094338957635,0.005,1286,0.0002,50.60976726845161,,0.0025092406702732777,0.39026510000007875,ok,same_stridge_core,Hx;D_x^1.843498 H;H*Hxx;H*Hxxx,0.044220443471872026,2.2280917972855034
0.6752330822978219,1.1762671992966096,0.15792066345942854,-1.444249052280177,0;0;-1.44424905228;0.157920663459;0;0;0;-0.0238282463624;-0.200648198256;0;0;0,55893.893992271886,0.005,1287,0.0002,45.88970431990697,,0.0007015945616447245,0.401076499999931,ok,same_stridge_core,Hx;D_x^1.176267 H;H*Hxx;H*Hxxx,0.01,1.1745891260894574
0.691651383850971,1.7199438936353517,0.0,-1.2195264417108387,0;0;-1.21952644171;0;0;0;0;0;0;0;0;0,55988.31089269928,0.005,1288,0.0002,13.694115171402746,,0.0031795726197032565,0.13850079999997433,ok,same_stridge_core,Hx,0.12500000000000003,2.4964529928628902
0.6664540192911486,1.612000787798748,0.18349793769261036,-1.3206361054154405,0;0;-1.32063610542;0.183497937693;0;0;0;0;0;0;0;0,55291.66859787022,0.005,1289,0.0002,23.910892117465966,,0.0016438434578440356,0.3927040000000943,ok,same_stridge_core,Hx;D_x^1.612001 H,0.04072115384615384,1.794224678317876
0.6882745965224129,1.3276542005651768,0.15330061873805104,-1.3253329478074192,0;0;-1.32533294781;0.153300618738;0;0;0;0;-0.0881037519125;0;0;0,55645.832755241405,0.005,1290,0.0002,34.53492413903634,,0.0006754107673602974,0.38578930000005585,ok,same_stridge_core,Hx;D_x^1.327654 H;H*Hxxx,0.03432680806795652,1.1474244858914981
0.6720673877142871,1.642759672987554,0.20063819165627997,-1.3013606145136323,0;0;-1.30136061451;0.200638191656;0;0;0;0;0;0;0;0,55365.27384035711,0.005,1291,0.0002,23.852069103339197,,0.001483290654161978,0.275964799999997,ok,same_stridge_core,Hx;D_x^1.64276 H,0.045,1.7059595671963514
0.6723738936165031,1.6556612300929283,0.20384518708265367,-1.2988035531848174,0;0;-1.29880355318;0.203845187083;0;0;0;0;0;0;0;0,55417.400596581276,0.005,1292,0.0002,23.87705560271653,,0.0014892716096110371,0.40533770000001823,ok,same_stridge_core,Hx;D_x^1.655661 H,0.03455882352941177,1.7100953640840204
0.6520321456703694,1.6683792721499882,0.0,-1.3372524354170174,0;0;-1.33725243542;0;0;0;0;0;0;0;0;0,55484.622417341954,0.005,1293,0.0002,13.636003480985643,,0.003250965449343331,0.3832406000000219,ok,same_stridge_core,Hx,0.06887777777777782,2.539078997517251
0.6773694999862625,1.6979750804535299,0.0,-1.261046279719972,0;0;-1.26104627972;0;0;0;0;0;0;0;0;0,55719.49725460503,0.005,1294,0.0002,13.591026642448798,,0.0030381427239576063,0.1393935999999485,ok,same_stridge_core,Hx,0.05142857142857142,2.4471271915277915
0.6725925714512334,1.1267254552900594,0.1010296622767323,-1.3938230659135946,0;0;-1.39382306591;0.101029662277;0.703411460052;0;0;0;-0.251138848807;0;0;0,55963.24214419649,0.005,1295,0.0002,45.99494549049225,,0.00076777032114674,0.395201400000019,ok,same_stridge_core,Hx;D_x^1.126725 H;Hxxx;H*Hxxx,0.015,1.2243517751350552
0.6469670968402744,1.6671663942101522,0.1073640459379965,-1.3478413923933885,0;0;-1.34784139239;0.107364045938;3.72796121807;0;0;0;-0.593901408262;0;0;0,55477.45560511249,0.005,1296,0.0002,46.34279464639201,,0.0020082486311147423,0.2705880999999408,ok,same_stridge_core,Hx;D_x^1.667166 H;Hxxx;H*Hxxx,0.04,1.9608301623020172
0.6987599860139178,1.8472811561863431,-0.03955281724996422,-1.1718408233373674,0;0;-1.17184082334;-0.03955281725;0.145742659231;0;0;0.0656975226273;0;0;0;0,60719.81895727625,0.005,1297,0.0002,49.875891408516765,,0.0008626688253921708,0.39055980000000545,ok,same_stridge_core,Hx;D_x^1.847281 H;Hxxx;H*Hxx,0.03549383856106545,1.3000362426957632
0.651615571793152,1.6626684931517854,0.0,-1.3385330316440367,0;0;-1.33853303164;0;0;0;0;0;0;0;0;0,55452.312516018625,0.005,1298,0.0002,13.633181817049529,,0.0032601730367428604,0.3890728000000081,ok,same_stridge_core,Hx,0.08976190476190479,2.5427193138458017
0.6762730399710566,1.6498334434377164,0.2111031008715741,-1.2890329735798045,0;0;-1.28903297358;0.211103100872;0;0;0;0;0;0;0;0,55392.01653147451,0.005,1299,0.0002,23.78771993164863,,0.0013551724297965909,0.2797716000000037,ok,same_stridge_core,Hx;D_x^1.649833 H,0.12500000000000003,1.6309133190588252
0.6818069377068954,1.5657355407050015,0.4457139895684111,-1.357723959884462,0;0;-1.35772395988;0.445713989568;0.11848553742;0;0;-0.252255547669;0;0;0.0233604123205;0,55270.80140850367,0.005,1300,0.0002,56.46720371722742,,0.0007260927049877774,0.28309890000002724,ok,same_stridge_core,Hx;D_x^1.565736 H;Hxxx;H*Hxx;H^2*Hxx,0.01,1.1964023087237494
0.6738377890418294,1.664082147549116,0.0,-1.2714716366609888,0;0;-1.27147163666;0;0;0;0;0;0;0;0;0,55459.97555490862,0.005,1301,0.0002,13.537307169290303,,0.0030299156010524545,0.13374319999991258,ok,same_stridge_core,Hx,0.085,2.445312058308579
0.6401928417250954,1.7824052194586344,0.8888330655607036,-1.4268454637135084,0;0;-1.42684546371;0.888833065561;0;0;0;-0.622774739544;0.173651819688;0;0.0609104463785;0,57464.009540927305,0.005,1302,0.0002,59.45214323855541,,0.0019916454854101216,0.3674528999999893,ok,same_stridge_core,Hx;D_x^1.782405 H;H*Hxx;H*Hxxx;H^2*Hxx,0.030000000000000002,1.9881336976281034
0.6715422039773409,1.6669542557302655,0.20427037375683624,-1.2995867139932542,0;0;-1.29958671399;0.204270373757;0;0;0;0;0;0;0;0,55476.21899277834,0.005,1303,0.0002,23.925470996722858,,0.0015318860168097477,0.3802679000000353,ok,same_stridge_core,Hx;D_x^1.666954 H,0.029772430184194867,1.7349833996115238
0.6539588457489154,1.3119051073674104,0.3357026007564101,-1.5843842007798417,0;0;-1.58438420078;0.335702600756;0.297801806443;0;0;-0.089750256546;-0.26727006667;0;0;0,55674.0171978121,0.005,1304,0.0002,57.072280687153054,,0.001025094137946553,0.3856207999999697,ok,same_stridge_core,Hx;D_x^1.311905 H;Hxxx;H*Hxx;H*Hxxx,0.03447368421052633,1.3982634893409558
0.6800625819547915,1.6517357952048093,0.2196172739107155,-1.2785711940142908,0;0;-1.27857119401;0.219617273911;0;0;0;0;0;0;0;0,55399.955672835626,0.005,1305,0.0002,23.722615673719577,,0.001244026042703593,0.2909725999999182,ok,same_stridge_core,Hx;D_x^1.651736 H,0.025,1.562633404585326
0.67337401078846,1.651955713541659,0.6083915392892083,-1.3673578676230704,0;0;-1.36735786762;0.608391539289;0;0;0;-0.37061480791;0.0786396358581;0;0.0348596308175;0,55400.89495249501,0.005,1306,0.0002,56.74244253900784,,0.0009094672201751752,0.4264832999999726,ok,same_stridge_core,Hx;D_x^1.651956 H;H*Hxx;H*Hxxx;H^2*Hxx,0.01,1.3415475865128348
0.5124264383522893,1.029770333520594,0.4035866708749202,-2.5789053332080827,0;0;-2.57890533321;0.403586670875;0.867768922213;0;0;-0.279103385998;-1.06800793011;0;0;0,56083.046345643495,0.005,1307,0.0002,59.58423305143182,,0.006341316426221029,0.14300230000003467,ok,same_stridge_core,Hx;D_x^1.02977 H;Hxxx;H*Hxx;H*Hxxx,0.059285714285714296,3.501186705788328
0.7002608352678359,1.022282319184219,0.08683414898842101,-1.353280179835008,0;0;-1.35328017984;0.0868341489884;0;0;0;0;-0.249162492947;0;0;0,56091.48673381811,0.005,1308,0.0002,34.89365643810384,,0.000751420947707048,0.14301620000003368,ok,same_stridge_core,Hx;D_x^1.022282 H;H*Hxxx,0.014517806108428576,1.2387643978129743
0.6706406876904094,1.6594964596209396,0.200763842405462,-1.3030235277065376,0;0;-1.30302352771;0.200763842405;0;0;0;0;0;0;0;0,55435.88842291368,0.005,1309,0.0002,23.921403018723062,,0.001553922950551383,0.3852086000000554,ok,same_stridge_core,Hx;D_x^1.659496 H,0.030000000000000002,1.7470476495575862
0.7018000831897844,1.3179835574619836,0.17736929067937873,-1.2798853258725098,0;0;-1.27988532587;0.177369290679;0;0;0;0;0;0;0;0,55663.19433529372,0.005,1310,0.0002,23.369659345501887,,0.0006493679653990109,0.2794340000000375,ok,same_stridge_core,Hx;D_x^1.317984 H,0.06999999999999999,1.1043816113843985
0.7237271960569817,1.5657355407050015,0.20612749320485244,-1.1634624769462059,0;0;-1.16346247695;0.206127493205;0;0;0;0.0173176799053;0;0;0;0,55270.80140850367,0.005,1311,0.0002,34.145638182184605,,0.000493829098989828,0.14214419999996153,ok,same_stridge_core,Hx;D_x^1.565736 H;H*Hxx,0.030307017543859643,0.9831573370824029
0.6747978991031076,1.6675817963303756,0.21171684867295845,-1.2906142181997764,0;0;-1.2906142182;0.211716848673;0;0;0;0;0;0;0;0,55479.890905704975,0.005,1312,0.0002,23.864620396338932,,0.0014238051784399785,0.3820580000000291,ok,same_stridge_core,Hx;D_x^1.667582 H,0.049999999999999996,1.67266403405694
0.6739807230892277,1.6475961658545273,0.20570963168751455,-1.2955303331129564,0;0;-1.29553033311;0.205709631688;0;0;0;0;0;0;0;0,55383.09366320387,0.005,1313,0.0002,23.82592395418547,,0.0014256134581020084,0.3930176000000074,ok,same_stridge_core,Hx;D_x^1.647596 H,0.041249999999999995,1.6726864889039224
0.6120745556434533,1.8027321879657303,0.0,-1.4642784177404131,0;0;-1.46427841774;0;0;0;0;0;0;0;0;0,58268.16177314763,0.005,1314,0.0002,14.851860609568286,,0.005180518657004826,0.3861601999999493,ok,same_stridge_core,Hx,0.12000000000000004,3.1982282549387597
0.6763276652046623,1.8725976844618497,0.0,-1.238759374642667,0;0;-1.23875937464;0;0.421773151023;0;0;-0.113172055093;0;0;0.0199891118316;0,62448.206486239345,0.005,1315,0.0002,51.46301762543709,,0.0011400950700147863,0.3987632000000758,ok,same_stridge_core,Hx;Hxxx;H*Hxx;H^2*Hxx,0.01,1.5044524364456109
0.8810689943103668,1.330943867601921,-0.23142826846902495,-0.4335935249182341,0.0552068602851;0;-0.433593524918;-0.231428268469;2.1203117908;0;0;0.259757622645;0.094051379826;0;0;0,55639.88885533143,0.005,1316,0.0002,68.1068114479219,,0.0009198179357449149,0.2843889000000672,ok,same_stridge_core,1;Hx;D_x^1.330944 H;Hxxx;H*Hxx;H*Hxxx,0.015,1.338944821524173
0.6324592856007574,1.792116563868182,-0.3861710334553477,-1.3584536518373513,0;0;-1.35845365184;-0.386171033455;0;0;0;0.0931868862503;0;0;0;0,57824.37083379873,0.005,1317,0.0002,37.27013525816078,,0.0033896554426902153,0.38301380000007157,ok,same_stridge_core,Hx;D_x^1.792117 H;H*Hxx,0.049999999999999996,2.575512757881544
0.6692799597070449,1.7199438936353517,0.7056621040798168,-1.353034549187184,0;0;-1.35303454919;0.70566210408;0;0;0;-0.432894081073;0.116088800539;0;0.0416697979458;0,55988.31089269928,0.005,1318,0.0002,57.44116003199905,,0.0010616941577838883,0.13626449999992474,ok,same_stridge_core,Hx;D_x^1.719944 H;H*Hxx;H*Hxxx;H^2*Hxx,0.029000000000000012,1.452849139299768
0.6913493994435028,1.7058103533923348,0.25929341933980476,-1.2403390518355182,0;0;-1.24033905184;0.25929341934;0;0;0;0;0;0;0;0,55804.59218775947,0.005,1319,0.0002,23.735674984442223,,0.0010149731484709896,0.3927336000000423,ok,same_stridge_core,Hx;D_x^1.70581 H,0.030000000000000002,1.413838109338436
0.716040186883673,1.4965959709669616,0.2399915179411336,-1.2136275947144457,0;0;-1.21362759471;0.239991517941;0;0;0;0;0;0;0;0,55342.1560389104,0.005,1320,0.0002,23.14668172692569,,0.0005290167248505963,0.3944471000000931,ok,same_stridge_core,Hx;D_x^1.496596 H,0.049999999999999996,1.0098193113615286
0.6831726496087388,1.6379761414076068,0.22285401522736503,-1.2722657507976067,0;0;-1.2722657508;0.222854015227;0;0;0;0;0;0;0;0,55349.521210714425,0.005,1321,0.0002,23.636088136859748,,0.0011418869079966771,0.46093020000000706,ok,same_stridge_core,Hx;D_x^1.637976 H,0.030000000000000002,1.4962796525739752
0.6697985093215681,1.6666723556764698,0.20026595120163213,-1.3044018497522374,0;0;-1.30440184975;0.200265951202;0;0;0;0;0;0;0;0,55474.58395908048,0.005,1322,0.0002,23.958996103597585,,0.0015928370104468217,0.3650926000000254,ok,same_stridge_core,Hx;D_x^1.666672 H,0.03495455960161843,1.769162519965393
0.6520321456703694,1.5440671573876839,0.5881504547222219,-1.5086307725538057,0;0;-1.50863077255;0.588150454722;0.141863834257;0;0;-0.407271997018;0;0;0.0355881689783;0,55284.109926745696,0.005,1323,0.0002,56.78999308914312,,0.0011680728256515049,0.2709032999999863,ok,same_stridge_core,Hx;D_x^1.544067 H;Hxxx;H*Hxx;H^2*Hxx,0.015417892875876072,1.5058831623974154
0.6750455580036206,1.6303078702452647,0.20446435637941365,-1.2950485992107692,0;0;-1.29504859921;0.204464356379;0;0;0;0;0;0;0;0,55327.85682544096,0.005,1324,0.0002,23.76950522706727,,0.0013694081977228447,0.3957491999999547,ok,same_stridge_core,Hx;D_x^1.630308 H,0.05435897435897435,1.6383624968908843
0.6730699443456891,1.0415557073208663,0.09036147678268806,-1.4172483369141105,0;0;-1.41724833691;0.0903614767827;0;0;0;0;-0.190461448626;0;0;0,56069.53695679842,0.005,1325,0.0002,34.863672266805885,,0.0007535975335140375,0.38922260000003917,ok,same_stridge_core,Hx;D_x^1.041556 H;H*Hxxx,0.029921025332691992,1.2219500927268316
0.6550603354872453,1.6628995402535085,0.1654593471199135,-1.3457274475980483,0;0;-1.3457274476;0.16545934712;0;0;0;0;0;0;0;0,55453.550429783056,0.005,1326,0.0002,24.258339492531572,,0.002195365077620376,0.37456639999993513,ok,same_stridge_core,Hx;D_x^1.6629 H,0.05500236800236801,2.076919320618347
0.6489708623033877,1.6761050150920882,0.0,-1.3466843115328744,0;0;-1.34668431153;0;0;0;0;0;0;0;0;0,55534.37863608112,0.005,1327,0.0002,13.674358440148177,,0.0033233686515643547,0.13071590000004107,ok,same_stridge_core,Hx,0.045,2.567482712931952
0.651615571793152,1.6291404714667974,0.11807295345304276,-1.3392697080843423,0;0;-1.33926970808;0.118072953453;3.44332945906;0;0;0;-0.548273716504;0;0;0,55324.92275883426,0.005,1328,0.0002,46.122087433270806,,0.0018097766159942447,0.27248199999996814,ok,same_stridge_core,Hx;D_x^1.62914 H;Hxxx;H*Hxxx,0.03433642708054475,1.8621492262033947
0.6762730399710566,1.6712468868898762,0.2158329205916052,-1.2861039534268481,0;0;-1.28610395343;0.215832920592;0;0;0;0;0;0;0;0,55502.24772079824,0.005,1329,0.0002,23.848552822359295,,0.0013812600782469205,0.2824067000000241,ok,same_stridge_core,Hx;D_x^1.671247 H,0.03447981756805285,1.6476537340399986
0.7082018989558306,1.0907735049872076,0.1100488350162506,-1.3402896867416465,0;0;-1.34028968674;0.110048835016;-0.918621058121;0;0;0;-0.095317162952;0;0;0,56010.028697717986,0.005,1330,0.0002,45.99208076457704,,0.0006931960662575589,0.39548149999995985,ok,same_stridge_core,Hx;D_x^1.090774 H;Hxxx;H*Hxxx,0.015,1.1840578064026486
0.6882745807107903,1.6494747564437795,0.2362031228966776,-1.2570174292644323,0;0;-1.25701742926;0.236203122897;0;0;0;0;0;0;0;0,55390.556167841954,0.005,1331,0.0002,23.575738579028283,,0.0010269626217242838,0.39089690000002975,ok,same_stridge_core,Hx;D_x^1.649475 H,0.025,1.4195161118915016
0.729368146240342,1.5103575927064326,0.2619507852135665,-1.1791388424991527,0;0;-1.1791388425;0.261950785214;0;0;0;0;0;0;0;0,55322.320096628915,0.005,1332,0.0002,23.117000108117786,,0.0005027912503252728,0.3713214000000562,ok,same_stridge_core,Hx;D_x^1.510358 H,0.0641818181818182,0.9880720694662214
0.6843971968061406,1.6399473798914002,0.5274209795822478,-1.325895368037853,0;0;-1.32589536804;0.527420979582;0;0;0;-0.295859568909;0.0586734465414;0;0.0282016505538;0,55355.794969785566,0.005,1333,0.0002,56.56914090965994,,0.0007417757247374836,0.4081630000000587,ok,same_stridge_core,Hx;D_x^1.639947 H;H*Hxx;H*Hxxx;H^2*Hxx,0.011840367965367957,1.2133459398743818
0.7375210998952583,1.6651487344046267,0.21567245008106575,-1.1069554539543436,0;0;-1.10695545395;0.215672450081;0;0;0;0.0271355241692;0;0;0;0,55465.9009151141,0.005,1334,0.0002,34.232426870899204,,0.00045998766669909337,0.29712789999996403,ok,same_stridge_core,Hx;D_x^1.665149 H;H*Hxx,0.01994987367026582,0.9528863218307428
0.6460049789535396,1.6201323273113373,0.10266207379135024,-1.3539560123940764,0;0;-1.35395601239;0.102662073791;3.68643852023;0;0;0;-0.585786616722;0;0;0,55305.25860748879,0.005,1335,0.0002,46.20910241853374,,0.002018713498328635,0.39957570000001397,ok,same_stridge_core,Hx;D_x^1.620132 H;Hxxx;H*Hxxx,0.03927936921103586,1.9648955325427049
0.6725936655893047,1.6962969569875308,0.2129699311194802,-1.2929133158474913,0;0;-1.29291331585;0.212969931119;0;0;0;0;0;0;0;0,55702.674452073355,0.005,1336,0.0002,24.01726970473467,,0.0015316412676736203,0.27932369999996354,ok,same_stridge_core,Hx;D_x^1.696297 H,0.030555555555555555,1.7361999239053263
0.6973600504888685,1.0379818342354823,0.09032120993778307,-1.3585960953932166,0;0;-1.35859609539;0.0903212099378;0;0;0;0;-0.236288742477;0;0;0,56073.66279300359,0.005,1337,0.0002,34.843109108967674,,0.0007043789882091753,0.38728020000007746,ok,same_stridge_core,Hx;D_x^1.037982 H;H*Hxxx,0.021071428571428588,1.1989114331655224
0.6147666291882323,1.8043907863275617,0.0,-1.4554499125218425,0;0;-1.45544991252;0;0;0;0;0;0;0;0;0,58342.375866566996,0.005,1338,0.0002,14.8039013456955,,0.004975950211041895,0.3934909999999263,ok,same_stridge_core,Hx,0.10083333333333336,3.135426172382101
0.6710590854962959,1.650764949053588,0.19999705982915517,-1.3030287943063894,0;0;-1.30302879431;0.199997059829;0;0;0;0;0;0;0;0,55395.86311726269,0.005,1339,0.0002,23.890405776689157,,0.0015281996618361794,0.38998129999993125,ok,same_stridge_core,Hx;D_x^1.650765 H,0.0431875,1.73206052978408
0.7018000831897844,1.032921978404813,0.08926034623344853,-1.348532830593179,0;0;-1.34853283059;0.0892603462334;0;0;0;0;-0.246569705394;0;0;0,56079.460645922154,0.005,1340,0.0002,34.88440709289598,,0.0007493709285625274,0.27330590000008215,ok,same_stridge_core,Hx;D_x^1.032922 H;H*Hxxx,0.020142857142857164,1.236730705342681
0.869306917479856,1.5584370222438688,0.0,-0.7450406857328953,0;0;-0.745040685733;0;0;0;0;0.114124429115;0;0;0;0,55274.04314352432,0.005,1341,0.0002,24.11863936049064,,0.002009474326687052,0.3887719000000516,ok,same_stridge_core,Hx;H*Hxx,0.05499999999999999,2.009022103080909
0.6500556905504116,1.6588646314972313,0.11577247133424699,-1.3405524749446711,0;0;-1.34055247494;0.115772471334;3.5730108979;0;0;0;-0.569172847413;0;0;0,55432.741195060284,0.005,1342,0.0002,46.24694096472015,,0.0018855981445129698,0.3809543999999505,ok,same_stridge_core,Hx;D_x^1.658865 H;Hxxx;H*Hxxx,0.03490859994520125,1.9007480086719266
0.7544222527830983,1.7075293130249876,0.38812318771080045,-1.078189604247532,0;0;-1.07818960425;0.388123187711;0;0;0;0;0;0;0;0,55824.77520548262,0.005,1343,0.0002,23.309111493011965,,0.000487202252717983,0.14094910000005711,ok,same_stridge_core,Hx;D_x^1.707529 H,0.025,0.9792014108189172
0.648582413300386,1.7046675303175354,0.0,-1.34788463068515,0;0;-1.34788463069;0;0;0;0;0;0;0;0;0,55791.48458197942,0.005,1344,0.0002,13.729657212224044,,0.0033333485351406153,0.3759996000000001,ok,same_stridge_core,Hx,0.06833333333333336,2.5713602958281596
0.6313917251844423,1.3123993335836723,0.39072690957606676,-1.697792272513621,0;0;-1.69779227251;0.390726909576;0;0;0;-0.282823466666;-0.200806956508;0;0.0200604602235;0,55673.1399954509,0.005,1345,0.0002,57.24907045488361,,0.0012999525094672978,0.3885016000000405,ok,same_stridge_core,Hx;D_x^1.312399 H;H*Hxx;H*Hxxx;H^2*Hxx,0.015,1.575930459432707
0.7050371878756361,1.6038079477893583,0.2387099214804565,-1.217574325402725,0;0;-1.2175743254;0.23870992148;1.105806287;0;0;0;-0.192028908574;0;0;0,55281.52234861428,0.005,1346,0.0002,45.3265998879085,,0.0006174624860710266,0.13410250000003998,ok,same_stridge_core,Hx;D_x^1.603808 H;Hxxx;H*Hxxx,0.015,1.1013820090170752
0.6615093280892756,1.4984807576884072,0.4898311545992474,-1.4835296106412938,0;0;-1.48352961064;0.489831154599;-0.119863611463;0;0;-0.323236143634;0;0;0.0279064860224;0,55339.32809042771,0.005,1347,0.0002,56.697236244941294,,0.0009472265208576446,0.2887359999999717,ok,same_stridge_core,Hx;D_x^1.498481 H;Hxxx;H*Hxx;H^2*Hxx,0.015,1.3579081545135772
0.6787852394008227,1.6578713570003032,0.582276963989619,-1.3425322542800044,0;0;-1.34253225428;0.58227696399;0;0;0;-0.341092151005;0.0748448723466;0;0.0323975752287;0,55427.87522942333,0.005,1348,0.0002,56.71182258719633,,0.0008310913083597829,0.29386190000002443,ok,same_stridge_core,Hx;D_x^1.657871 H;H*Hxx;H*Hxxx;H^2*Hxx,0.01,1.2839473577730032
0.6451944041917677,1.6370175394076858,0.13982032468097239,-1.3761956995383438,0;0;-1.37619569954;0.139820324681;0;0;0;0;0;0;0;0,55346.57772512628,0.005,1349,0.0002,24.425733729030945,,0.0026650090223985057,0.39534790000004705,ok,same_stridge_core,Hx;D_x^1.637018 H,0.06999999999999999,2.2871026389804325
0.7010108785582538,1.7362787964900643,0.0,-1.1928663260031438,0;0;-1.192866326;0;0;0;0;0;0;0;0;0,56257.57473852503,0.005,1350,0.0002,13.81179779510246,,0.0033569769049023256,0.38824830000010024,ok,same_stridge_core,Hx,0.12500000000000003,2.5602828473974535
0.7087719455661149,1.58658820192381,0.2561243452336875,-1.2147203620188345,0;0;-1.21472036202;0.256124345234;0;0;0;0;0;0;0;0,55270.120360893714,0.005,1351,0.0002,23.205424601839997,,0.0006179454365878391,0.3928419000000076,ok,same_stridge_core,Hx;D_x^1.586588 H,0.10000000000000002,1.0973764574825111
0.6892440846082954,1.711987223050805,0.0,-1.2264535103985255,0;0;-1.2264535104;0;0;0;0;0;0;0;0;0,55879.81265467817,0.005,1352,0.0002,13.65973941851944,,0.0031442793319265677,0.14331089999996038,ok,same_stridge_core,Hx,0.12500000000000003,2.4837768875838035
0.6487907706302456,1.0738034216678476,0.09404056452789503,-1.4721717857679146,0;0;-1.47217178577;0.0940405645279;0;0;0;0;-0.128946664367;0;0;0,56031.123878473554,0.005,1353,0.0002,35.23668252131744,,0.0013755764827994784,0.4101100000000315,ok,same_stridge_core,Hx;D_x^1.073803 H;H*Hxxx,0.054825063825063816,1.6180081942333058
0.6729249280504727,1.6821165263047422,0.0,-1.2741766144955002,0;0;-1.2741766145;0;0;0;0;0;0;0;0;0,55578.34357788309,0.005,1354,0.0002,13.561237789579865,,0.0030296377618370817,0.39622850000000653,ok,same_stridge_core,Hx,0.12500000000000003,2.4455690740032474
0.675075898029678,1.657152869816107,0.6040856594930655,-1.3581171861104924,0;0;-1.35811718611;0.604085659493;0;0;0;-0.363424093477;0.0792550142242;0;0.0343281933093;0,55424.41715762005,0.005,1355,0.0002,56.75007039024579,,0.0008871313367590085,0.39033659999995507,ok,same_stridge_core,Hx;D_x^1.657153 H;H*Hxx;H*Hxxx;H^2*Hxx,0.010085858585858571,1.325653232625736
0.6537689928890665,1.6028547211884927,0.15596537619635203,-1.3562397137394697,0;0;-1.35623971374;0.155965376196;0;0;0;0;0;0;0;0,55280.55481222278,0.005,1356,0.0002,24.17548895668028,,0.002173562120229834,0.39425489999996444,ok,same_stridge_core,Hx;D_x^1.602855 H,0.12500000000000003,2.0632670317911654
0.6853322392740149,1.6800830868798184,0.23819173840969388,-1.2603353774158548,0;0;-1.26033537742;0.23819173841;0;0;0;0;0;0;0;0,55562.930306947244,0.005,1357,0.0002,23.717857082452074,,0.001133089073388118,0.37986850000004324,ok,same_stridge_core,Hx;D_x^1.680083 H,0.030000000000000002,1.4926849596731722
0.6973795442032166,1.2917817860740761,0.1512306776613694,-1.3127278549719654,0;0;-1.31272785497;0.151230677661;0;0;0;0;-0.111298804796;0;0;0,55709.31655373739,0.005,1358,0.0002,34.47601700639022,,0.0005601606717590987,0.3841171999999915,ok,same_stridge_core,Hx;D_x^1.291782 H;H*Hxxx,0.01514188822409374,1.050427074147787
0.6769689919152058,1.7982701563365984,1.258682200370698,-1.095834593268923,-0.0213027979583;0;-1.09583459327;1.25868220037;0;0;-0.111917593114;-0.533030963789;-0.133712087674;0.00899605881844;0.0399312383157;0,58075.10369340416,0.005,1359,0.0002,94.22407062017601,,0.0008594282880172675,0.3934504999999717,ok,same_stridge_core,1;Hx;D_x^1.79827 H;H*Hx;H*Hxx;H*Hxxx;H^2*Hx;H^2*Hxx,0.005,1.3039047107293342
0.6626606072280268,1.660397183704555,0.1828511485606915,-1.3248513314602242,0;0;-1.32485133146;0.182851148561;0;0;0;0;0;0;0;0,55440.44578482902,0.005,1360,0.0002,24.086873899451298,,0.001858384282503506,0.40435869999998886,ok,same_stridge_core,Hx;D_x^1.660397 H,0.04,1.9106955855196912
0.6769689919152058,1.7982701563365984,0.25206021274597373,-1.2678905739341404,0;0;-1.26789057393;0.252060212746;0;0;0;0;0;0;0;0,58075.10369340416,0.005,1361,0.0002,24.951778456291827,,0.0015004347993205686,0.029621000000020103,ok,same_stridge_core,Hx;D_x^1.79827 H,0.10500000000000002,1.7217369789301604
0.678801640112665,1.6637170866866566,0.5890316289887654,-1.3401844605454425,0;0;-1.34018446055;0.589031628989;0;0;0;-0.344624044875;0.0777805388836;0;0.0328019538714;0,55457.976151316536,0.005,1362,0.0002,56.7459144904587,,0.0008358672326487799,0.28304559999992307,ok,same_stridge_core,Hx;D_x^1.663717 H;H*Hxx;H*Hxxx;H^2*Hxx,0.01,1.2879383391421668
0.6594994717579987,1.6598508832754644,0.17546749949249635,-1.3336833119295233,0;0;-1.33368331193;0.175467499492;0;0;0;0;0;0;0;0,55437.67165485745,0.005,1363,0.0002,24.152753355738064,,0.0019909642036144725,0.3879221999999345,ok,same_stridge_core,Hx;D_x^1.659851 H,0.03435130718954249,1.9776846937950825
0.6821268573739214,1.6584026338255478,0.22560954860610474,-1.2720789078065926,0;0;-1.27207890781;0.225609548606;0;0;0;0;0;0;0;0,55430.46538253583,0.005,1364,0.0002,23.70331701624442,,0.0011938711874853395,0.3904823000000306,ok,same_stridge_core,Hx;D_x^1.658403 H,0.025,1.5311308632300855
0.678990303012603,1.6602424557519944,0.21929496084614228,-1.2802552770753068,0;0;-1.28025527708;0.219294960846;0;0;0;0;0;0;0;0,55439.65670347868,0.005,1365,0.0002,23.764721236163606,,0.0012853648420684226,0.3902017999999998,ok,same_stridge_core,Hx;D_x^1.660242 H,0.025,1.5888585547721343
0.6605198615128168,1.6637170866866566,0.17840780806395776,-1.3303939545671808,0;0;-1.33039395457;0.178407808064;0;0;0;0;0;0;0;0,55457.976151316536,0.005,1366,0.0002,24.141684973748877,,0.001952152025311884,0.14253430000007938,ok,same_stridge_core,Hx;D_x^1.663717 H,0.054251526251526225,1.9584945132222633
0.6760847073771894,1.6622572567322786,0.21340242637058907,-1.2878363700573412,0;0;-1.28783637006;0.213402426371;0;0;0;0;0;0;0;0,55450.12370724129,0.005,1367,0.0002,23.824285911087312,,0.001376288545447162,0.4106480000000374,ok,same_stridge_core,Hx;D_x^1.662257 H,0.025526315789473685,1.6442364281907953
0.6674742835825007,1.6107507235006324,0.18538925349232901,-1.3180572360799294,0;0;-1.31805723608;0.185389253492;0;0;0;0;0;0;0;0,55289.900422551174,0.005,1368,0.0002,23.888136110992598,,0.0016039303762351853,0.4019207000000051,ok,same_stridge_core,Hx;D_x^1.610751 H,0.035,1.7721759419721261
0.6462290940220793,1.6325817083515592,0.10373430713062554,-1.352379139021442,0;0;-1.35237913902;0.103734307131;3.69971375551;0;0;0;-0.58826093593;0;0;0,55333.84120156561,0.005,1369,0.0002,46.23162286980925,,0.002017429945581126,0.38045950000002904,ok,same_stridge_core,Hx;D_x^1.632582 H;Hxxx;H*Hxxx,0.04441471861471861,1.9645499085567655
0.6718541582482428,1.2552694735832448,0.22400865850950674,-1.4764468014024619,0;0;-1.4764468014;0.22400865851;0;0;0;-0.0450750998509;-0.19762225471;0;0;0,55771.09472566743,0.005,1370,0.0002,45.81710043443167,,0.0007422810817866593,0.38897769999994125,ok,same_stridge_core,Hx;D_x^1.255269 H;H*Hxx;H*Hxxx,0.01,1.2002246538977206
0.6722591909687051,1.6805359012089012,0.0,-1.2761519899473857,0;0;-1.27615198995;0;0;0;0;0;0;0;0;0,55566.314018118406,0.005,1371,0.0002,13.559210921638565,,0.003029923164929788,0.4011559999999008,ok,same_stridge_core,Hx,0.045,2.4459481180148823
0.6797982132464734,1.6607514761932685,0.5795294182673215,-1.3372776159051363,0;0;-1.33727761591;0.579529418267;0;0;0;-0.336719486533;0.0749967599776;0;0.0320638203586;0,55442.261214633065,0.005,1372,0.0002,56.717035014852016,,0.0008187889762533267,0.3949106000000029,ok,same_stridge_core,Hx;D_x^1.660751 H;H*Hxx;H*Hxxx;H^2*Hxx,0.01,1.2747738002189517
0.6728340816850797,1.6780552841432377,0.6420645486303924,-1.3584219884431272,0;0;-1.35842198844;0.64206454863;0;0;0;-0.390120160725;0.0929232832269;0;0.0370421244233;0,55548.116451133676,0.005,1373,0.0002,56.917588020978755,,0.0009457402800873078,0.4074616999999989,ok,same_stridge_core,Hx;D_x^1.678055 H;H*Hxx;H*Hxxx;H^2*Hxx,0.019090909090909082,1.3694715698450777
0.6901928852820691,1.4189960927618586,0.23945820948604576,-1.3203187000823453,0;0;-1.32031870008;0.239458209486;0;0;0;-0.126699986736;0;0;0.013417726508;0,55476.61746639959,0.005,1374,0.0002,45.48199137421035,,0.0006253679896305102,0.39999509999995553,ok,same_stridge_core,Hx;D_x^1.418996 H;H*Hxx;H^2*Hxx,0.01,1.100697401090675
0.5400595484790494,1.6945905634586522,1.379059850037966,-1.990041014739788,0;0;-1.99004101474;1.37905985004;0;0;0;-1.25530030815;0;0;0.112799768255;0,55686.05079766339,0.005,1375,0.0002,48.809323473342275,,0.009032045699579104,0.3917418999999427,ok,same_stridge_core,Hx;D_x^1.694591 H;H*Hxx;H^2*Hxx,0.05499999999999999,4.260482835211563
0.8810689943103668,1.651482929094442,0.19231356761758575,-0.7560949803373076,0;0;-0.756094980337;0.192313567618;0;0;0;0.0737286201196;0;0;0;0,55398.88147906093,0.005,1376,0.0002,35.319325919077514,,0.0021664393401895888,0.2802669999999807,ok,same_stridge_core,Hx;D_x^1.651483 H;H*Hxx,0.05923400673400672,2.0799970316409535
0.6551765937114145,1.5063929974783643,0.5318010072746666,-1.5126515929714894,0;0;-1.51265159297;0.531801007275;-0.0712201595824;0;0;-0.363719810412;0;0;0.031257642014;0,55327.83267022343,0.005,1377,0.0002,56.76264393096194,,0.0010604838711075505,0.4078408999999965,ok,same_stridge_core,Hx;D_x^1.506393 H;Hxxx;H*Hxx;H^2*Hxx,0.015,1.434811260738508
0.6572447044655156,1.6422490187851817,0.1679372756953702,-1.3419958022900138,0;0;-1.34199580229;0.167937275695;0;0;0;0;0;0;0;0,55363.50558409238,0.005,1378,0.0002,24.15973803050955,,0.00206725923021723,0.3923251999999593,ok,same_stridge_core,Hx;D_x^1.642249 H,0.04445990517419089,2.014335796872598
0.6757139899607782,1.6378315159535104,1.114580593005155,-1.1851863328640697,-0.0466991024481;0.00516765008515;-1.18518633286;1.11458059301;-1.64030764594;0;-0.143317192356;-0.452999957453;-0.0564597186447;0.0116700950546;0.0269913252974;0,55349.07265415064,0.005,1379,0.0002,111.84708659099078,,0.0006679718095644565,0.2760983999999098,ok,same_stridge_core,1;H;Hx;D_x^1.637832 H;Hxxx;H*Hx;H*Hxx;H*Hxxx;H^2*Hx;H^2*Hxx,0.005,1.148941282689485
0.6753179468730243,1.6721640237206823,0.6200697748236507,-1.3509001042069624,0;0;-1.35090010421;0.620069774824;0;0;0;-0.371181673973;0.086625879552;0;0.0352709404463;0,55508.09105849028,0.005,1380,0.0002,56.84263870808999,,0.0008978599983925873,0.3839143000000149,ok,same_stridge_core,Hx;D_x^1.672164 H;H*Hxx;H*Hxxx;H^2*Hxx,0.015470899470899475,1.3345476495997168
0.6858976070708797,1.6862709116917238,0.24115765119090926,-1.2579158380419984,0;0;-1.25791583804;0.241157651191;0;0;0;0;0;0;0;0,55611.63251486281,0.005,1381,0.0002,23.73253680579871,,0.0011253834493806186,0.4057045999999218,ok,same_stridge_core,Hx;D_x^1.686271 H,0.030479314349508343,1.4878837998535834
0.7671114536405059,1.5749125083382527,0.0,-0.9889797379912733,0;0;-0.988979737991;0;0;0;0;0.0853520750902;0;0;0;0,55268.80760028856,0.005,1382,0.0002,23.20479217499503,,0.0005979376446153831,0.4636566000000357,ok,same_stridge_core,Hx;H*Hxx,0.07550000000000001,1.097269134879608
0.7067356326816722,1.2974933615374558,0.17603867962151196,-1.2712792064200498,0;0;-1.27127920642;0.176038679622;0;0;0;0;0;0;0;0,55699.383530147585,0.005,1383,0.0002,23.403313859050698,,0.0006685767634317305,0.42869949999999335,ok,same_stridge_core,Hx;D_x^1.297493 H,0.049999999999999996,1.1235604469916654
0.6861402386733049,1.4152474333405631,0.18239560802124122,-1.3011678427877944,0;0;-1.30116784279;0.182395608021;0;0;0;0;0;0;0;0,55483.58632981498,0.005,1384,0.0002,23.449643095953263,,0.0008305584053288213,0.42748170000004393,ok,same_stridge_core,Hx;D_x^1.415247 H,0.05999999999999999,1.2562085640272707
0.659837427040162,1.896587786496736,-0.5385053603147761,-1.3034166033641643,0;0;-1.30341660336;-0.538505360315;0;0;0;0.114895384827;-0.0652046697372;0;0;0,64107.14197772464,0.005,1385,0.0002,53.182062907405864,,0.0018133361447781715,0.41647710000006555,ok,same_stridge_core,Hx;D_x^1.896588 H;H*Hxx;H*Hxxx,0.035,1.896349325226147
0.686251234697868,1.6847125118913595,0.24150849829137108,-1.257187975460777,0;0;-1.25718797546;0.241508498291;0;0;0;0;0;0;0;0,55598.85586592972,0.005,1386,0.0002,23.720286190586915,,0.0011147141887242187,0.3812477000000172,ok,same_stridge_core,Hx;D_x^1.684713 H,0.02992047098991543,1.4807438442150271
0.6806777302652405,1.6410365235991116,0.21843577454124544,-1.2784600251533897,0;0;-1.27846002515;0.218435774541;0;0;0;0;0;0;0;0,55359.391149833624,0.005,1387,0.0002,23.686665122992405,,0.0012137773432599566,0.39225650000003043,ok,same_stridge_core,Hx;D_x^1.641037 H,0.06041666666666668,1.5429086630589566
0.6920510031292468,1.290370602029262,0.14759402946116756,-1.3250342832174837,0;0;-1.32503428322;0.147594029461;0;0;0;0;-0.106007419605;0;0;0,55711.75993390103,0.005,1388,0.0002,34.51579544284189,,0.000605045392683727,0.38658220000002075,ok,same_stridge_core,Hx;D_x^1.290371 H;H*Hxxx,0.010453668313838347,1.0887394825012766
0.6830121381989782,1.6668470596242346,0.2296253570545585,-1.2684876342560392,0;0;-1.26848763426;0.229625357055;0;0;0;0;0;0;0;0,55475.59596138784,0.005,1389,0.0002,23.712524879635957,,0.0011794613987743375,0.3777313000000504,ok,same_stridge_core,Hx;D_x^1.666847 H,0.035514705882352976,1.5222864950808197
0.6818069377068954,1.6664718783829597,0.22691387893277365,-1.2717841170048374,0;0;-1.271784117;0.226913878933;0;0;0;0;0;0;0;0,55473.42656515615,0.005,1390,0.0002,23.73253218451693,,0.001212043918338828,0.2860574999999699,ok,same_stridge_core,Hx;D_x^1.666472 H,0.025,1.5431615584544691
0.6860748009599311,1.66340678700562,0.23531020346515266,-1.2607809298548347,0;0;-1.26078092985;0.235310203465;0;0;0;0;0;0;0;0,55456.287842866455,0.005,1391,0.0002,23.649613082450134,,0.0010957909825388518,0.3876649000000043,ok,same_stridge_core,Hx;D_x^1.663407 H,0.031140873015872993,1.4670979453035506
0.6736956903152835,1.6653817163633886,0.2087810264100871,-1.2939115056747605,0;0;-1.29391150567;0.20878102641;0;0;0;0;0;0;0;0,55467.21190261341,0.005,1392,0.0002,23.878915400733398,,0.0014571409284261988,0.4170196999999689,ok,same_stridge_core,Hx;D_x^1.665382 H,0.030000000000000002,1.692030639688031
0.6554715007147929,1.6611632809477679,0.0,-1.3267140144913534,0;0;-1.32671401449;0;0;0;0;0;0;0;0;0,55444.38776664221,0.005,1393,0.0002,13.60060290907753,,0.0031825410469689835,0.2752129000000423,ok,same_stridge_core,Hx,0.075,2.511725355749088
0.6982767177155274,1.6842959823339552,0.0,-1.20060987621173,0;0;-1.20060987621;0;0;0;0;0;0;0;0;0,55595.500508421996,0.005,1394,0.0002,13.658489201124024,,0.0032987816198715614,0.37818800000002284,ok,same_stridge_core,Hx,0.08166666666666662,2.5393890994396244
0.6756377264022078,1.7220001204632864,0.0,-1.251096521585688,0;0;-1.25109652159;0;0;0;0;0.0466928861387;0;0;0;0,56018.62217205084,0.005,1395,0.0002,24.08840526035162,,0.0014385423595192975,0.14263110000001689,ok,same_stridge_core,Hx;H*Hxx,0.030472430998356934,1.6809563915312826
0.5613614510809325,1.6980535053984087,1.2062546579508973,-1.8705555539479934,0;0;-1.87055555395;1.20625465795;0;0;0;-1.07184374556;0;0;0.0969880020448;0,55720.2954734816,0.005,1396,0.0002,48.28229207688675,,0.006818385721347024,0.38895530000002054,ok,same_stridge_core,Hx;D_x^1.698054 H;H*Hxx;H^2*Hxx,0.049999999999999996,3.706055698101462
0.6749993313950614,1.6398848591246338,0.2063056801022513,-1.2938405351508417,0;0;-1.29384053515;0.206305680102;0;0;0;0;0;0;0;0,55355.59152446147,0.005,1397,0.0002,23.789268752967473,,0.0013829854628018615,0.4005002000000104,ok,same_stridge_core,Hx;D_x^1.639885 H,0.059285714285714296,1.6470321431828836
0.5634894973038538,1.7072225606815914,1.343070320745306,-1.9163864343815566,-0.0529910584317;0;-1.91638643438;1.34307032075;0;0;0;-1.11271350545;-0.0649138150831;0;0.0936295577949;0,55821.1319175031,0.005,1398,0.0002,70.24847600120603,,0.005467393595221598,0.42000229999996463,ok,same_stridge_core,1;Hx;D_x^1.707223 H;H*Hxx;H*Hxxx;H^2*Hxx,0.04,3.263117700202302
0.656826476237554,1.5147747857922296,0.5313812744133579,-1.4999372749048667,0;0;-1.4999372749;0.531381274413;-0.0287687534615;0;0;-0.360115628261;0;0;0.0311540893569;0,55316.39140916752,0.005,1399,0.0002,56.738867472232094,,0.0010411801439056353,0.38802689999999984,ok,same_stridge_core,Hx;D_x^1.514775 H;Hxxx;H*Hxx;H^2*Hxx,0.015,1.4224760630645708
0.6752188893725999,1.6330417082556095,0.2053739474242068,-1.294201815111505,0;0;-1.29420181511;0.205373947424;0;0;0;0;0;0;0;0,55335.096090479565,0.005,1400,0.0002,23.77133688189627,,0.0013673657984019174,0.3789959999999155,ok,same_stridge_core,Hx;D_x^1.633042 H,0.12500000000000003,1.637298445704446
0.6722591909687051,1.5268224194971698,0.46056055785734795,-1.4175480759199894,0;0;-1.41754807592;0.460560557857;-0.00503360318915;0;0;-0.282500011845;0;0;0.025200375959;0,55301.50210881299,0.005,1401,0.0002,56.567093981210796,,0.0008174810999343966,0.2954277999999704,ok,same_stridge_core,Hx;D_x^1.526822 H;Hxxx;H*Hxx;H^2*Hxx,0.013636363636363632,1.265591872397807
0.6578835407307062,1.6300358671426347,0.1346483319956049,-1.3237255476766854,0;0;-1.32372554768;0.134648331996;3.16020683196;0;0;0;-0.504320081132;0;0;0,55327.16495520231,0.005,1402,0.0002,46.01130567619276,,0.0015942054480631617,0.38961940000001505,ok,same_stridge_core,Hx;D_x^1.630036 H;Hxxx;H*Hxxx,0.030000000000000002,1.7495737120309178
0.6739063407315748,1.3226248314408884,0.2493867850303219,-1.444462574577679,0;0;-1.44446257458;0.24938678503;0;0;0;-0.122743544901;-0.128626803012;0;0.00964972082017;0,55654.883297701315,0.005,1403,0.0002,56.834591578197866,,0.000711392557227649,0.28210679999995136,ok,same_stridge_core,Hx;D_x^1.322625 H;H*Hxx;H*Hxxx;H^2*Hxx,0.01,1.1797082804965482
0.669840701530478,1.7017657412848994,0.20752563727531376,-1.2998744978829522,0;0;-1.29987449788;0.207525637275;0;0;0;0;0;0;0;0,55759.28711355387,0.005,1404,0.0002,24.097442049537868,,0.0016344517970116373,0.13539819999994052,ok,same_stridge_core,Hx;D_x^1.701766 H,0.03558823529411764,1.7937272041163206
0.6710147983499902,1.6706429019137026,0.20382107498151997,-1.3005536548041958,0;0;-1.3005536548;0.203821074982;0;0;0;0;0;0;0;0,55498.454783581146,0.005,1405,0.0002,23.94748346667348,,0.0015548075873084446,0.39795140000001084,ok,same_stridge_core,Hx;D_x^1.670643 H,0.029507892075648058,1.7481015532410171
0.6629081149582556,1.6602866984926996,0.0,-1.304137342984032,0;0;-1.30413734298;0;0;0;0;0;0;0;0;0,55439.882165471885,0.005,1406,0.0002,13.556912411336917,,0.003079182485311675,0.3934566000000359,ok,same_stridge_core,Hx,0.09900000000000003,2.4689359782425395
0.6585335632300726,1.6247608795028468,0.16858603367321354,-1.3405351984856735,0;0;-1.34053519849;0.168586033673;0;0;0;0;0;0;0;0,55314.720750173175,0.005,1407,0.0002,24.09906237220241,,0.00198568277434018,0.41120970000008583,ok,same_stridge_core,Hx;D_x^1.624761 H,0.045,1.9731740721331408
0.6787852394008227,1.6613912513211133,0.5864128767878013,-1.3411619306976725,0;0;-1.3411619307;0.586412876788;0;0;0;-0.343289432049;0.076633760027;0;0.032647080866;0,55445.57277509668,0.005,1408,0.0002,56.73202857184857,,0.0008341051442346351,0.2698940999999877,ok,same_stridge_core,Hx;D_x^1.661391 H;H*Hxx;H*Hxxx;H^2*Hxx,0.014397874852420299,1.2864557967518868
0.6825935763351493,1.681681394242683,0.0,-1.2457405612103871,0;0;-1.24574056121;0;0;0;0;0;0;0;0;0,55574.997946947115,0.005,1409,0.0002,13.572686118337797,,0.0030704230144732976,0.3938444000000345,ok,same_stridge_core,Hx,0.10100000000000003,2.4576865289483742
0.64837936927016,1.516404878205159,0.5800954965706261,-1.542850867597473,0;0;-1.5428508676;0.580095496571;-0.00403997024367;0;0;-0.409782348673;0;0;0.0351353630157;0,55314.26364023641,0.005,1410,0.0002,56.8402462011457,,0.0012027077622160363,0.4123032999999623,ok,same_stridge_core,Hx;D_x^1.516405 H;Hxxx;H*Hxx;H^2*Hxx,0.016656746031746016,1.5259825609092916
0.6962133261991945,1.6678839141857147,0.2578940133945841,-1.2331980718763995,0;0;-1.23319807188;0.257894013395;0;0;0;0;0;0;0;0,55481.67511415618,0.005,1411,0.0002,23.504184149841965,,0.0008755231419512244,0.3923681999999644,ok,same_stridge_core,Hx;D_x^1.667884 H,0.030000000000000002,1.311514104179492
0.6610878424281352,1.6517299251765047,0.17793247453807118,-1.330243009602674,0;0;-1.3302430096;0.177932474538;0;0;0;0;0;0;0;0,55399.93071821737,0.005,1412,0.0002,24.097768023416357,,0.0019123156480798538,0.3801687000000129,ok,same_stridge_core,Hx;D_x^1.65173 H,0.075,1.9377957361294074
0.6857296768576999,1.6384744286289803,0.2281766232579975,-1.265414537591958,0;0;-1.26541453759;0.228176623258;0;0;0;0;0;0;0;0,55351.07886312751,0.005,1413,0.0002,23.593261777259073,,0.0010765869921691017,0.37544579999996586,ok,same_stridge_core,Hx;D_x^1.638474 H,0.030000000000000002,1.452830232008069
0.6701975088177254,1.6650372025432203,0.20085069718473142,-1.3035179301359099,0;0;-1.30351793014;0.200850697185;0;0;0;0;0;0;0;0,55465.27549336254,0.005,1414,0.0002,23.94612743115151,,0.0015765642430375852,0.39340100000003986,ok,same_stridge_core,Hx;D_x^1.665037 H,0.03617647058823529,1.7600172338064952
0.6753256426217341,1.6512702437993925,0.2093716215842386,-1.2913929824320067,0;0;-1.29139298243;0.209371621584;0;0;0;0;0;0;0;0,55397.98249173106,0.005,1415,0.0002,23.80912381124548,,0.0013867970891231459,0.280069899999944,ok,same_stridge_core,Hx;D_x^1.65127 H,0.03111111111111111,1.6499308145530553
0.6511932605887235,1.6483842921914487,0.11825017961842473,-1.3385633638480963,0;0;-1.33856336385;0.118250179618;3.50140627996;0;0;0;-0.557679071337;0;0;0,55386.18665831329,0.005,1416,0.0002,46.18538672764354,,0.0018373300566062606,0.39366050000000996,ok,same_stridge_core,Hx;D_x^1.648384 H;Hxxx;H*Hxxx,0.035,1.8764374009929072
0.6485429557333133,1.5968575223357657,0.2688561332156902,-1.39349174997235,0;0;-1.39349174997;0.268856133216;3.31384840696;0;0;-0.0404866187683;-0.542483911108;0;0;0,55275.415840898255,0.005,1417,0.0002,57.16526218302531,,0.0018658078193611288,0.4005388000000494,ok,same_stridge_core,Hx;D_x^1.596858 H;Hxxx;H*Hxx;H*Hxxx,0.03314814814814816,1.8898463421270606
0.6829291122523027,1.653873440328135,0.2262003625544867,-1.2705851048251098,0;0;-1.27058510483;0.226200362554;0;0;0;0;0;0;0;0,55409.27474730306,0.005,1418,0.0002,23.677140514618994,,0.0011668170556965144,0.38720969999997124,ok,same_stridge_core,Hx;D_x^1.653873 H,0.035,1.513430615697769
0.6724831887065745,1.6675434123554096,0.20651385128398161,-1.296935719144987,0;0;-1.29693571914;0.206513851284;0;0;0;0;0;0;0;0,55479.665102201034,0.005,1419,0.0002,23.908954945897857,,0.0015004112338487471,0.3834882999999536,ok,same_stridge_core,Hx;D_x^1.667543 H,0.029377701493558936,1.7170889050174434
0.6948810356545152,1.7449750080862325,0.09420985570369499,-1.1933325603781744,0;0;-1.19333256038;0.0942098557037;0.211044399757;0;0;0.0397081438193;0;0;0;0,56430.05323996712,0.005,1420,0.0002,46.489505157541096,,0.0009285399261245858,0.15019789999996647,ok,same_stridge_core,Hx;D_x^1.744975 H;Hxxx;H*Hxx,0.025,1.3454625655673982
0.6560850917996873,1.68765006613811,0.17118219460796477,-1.3401380131537264,0;0;-1.34013801315;0.171182194608;0;0;0;0;0;0;0;0,55623.236540371065,0.005,1421,0.0002,24.31977183697885,,0.002179386961522619,0.41144500000007156,ok,same_stridge_core,Hx;D_x^1.68765 H,0.035,2.0704772208304236
0.6933515132175766,1.8720031500388052,0.3321610272816842,-1.210888187584548,0;0;-1.21088818758;0.332161027282;0;0;0;0;0;0;0;0,62406.39416044331,0.005,1422,0.0002,26.454137150364527,,0.0011240770086162234,0.3857142000000522,ok,same_stridge_core,Hx;D_x^1.872003 H,0.075,1.4915794861872032
0.6996981356747963,1.6611632809477679,0.24509163217419563,-1.21803097484638,0;0;-1.21803097485;0.245091632174;1.51420500977;0;0;0;-0.247092882178;0;0;0,55444.38776664221,0.005,1423,0.0002,45.529816579100725,,0.0007041043428658495,0.151739799999973,ok,same_stridge_core,Hx;D_x^1.661163 H;Hxxx;H*Hxxx,0.02,1.1743063657869577
0.693546523965783,1.6880667874237403,0.0,-1.2140933234947933,0;0;-1.21409332349;0;0;0;0;0;0;0;0;0,55626.79792222883,0.005,1424,0.0002,13.632922740572033,,0.003210422125364604,0.39421199999992496,ok,same_stridge_core,Hx,0.08625000000000002,2.507563156126267
0.6865782027675814,1.6596803241405647,0.23538730886961273,-1.259989708714958,0;0;-1.25998970871;0.23538730887;0;0;0;0;0;0;0;0,55436.81180551088,0.005,1425,0.0002,23.630427408203392,,0.0010791280023955791,0.37902200000007724,ok,same_stridge_core,Hx;D_x^1.65968 H,0.03440290591761182,1.4557026859990403
0.6725936655893047,1.6459411113321207,0.20239048581083235,-1.2995076476585168,0;0;-1.29950764766;0.202390485811;0;0;0;0;0;0;0;0,55376.7735483626,0.005,1426,0.0002,23.848913690559478,,0.0014695490897969669,0.28527470000005906,ok,same_stridge_core,Hx;D_x^1.645941 H,0.029369643858579434,1.698204271214438
0.7177550032625385,1.6528205136692922,0.2948603211610122,-1.1801375583536733,0;0;-1.18013755835;0.294860321161;0;0;0;0;0;0;0;0,55404.63119153073,0.005,1427,0.0002,23.216888130236068,,0.0005672309314263773,0.29140240000003814,ok,same_stridge_core,Hx;D_x^1.652821 H,0.035,1.0550356536237746
0.6681455542137775,1.6277984899809903,0.18958523917937226,-1.3139700983331544,0;0;-1.31397009833;0.189585239179;0;0;0;0;0;0;0;0,55321.66294714325,0.005,1428,0.0002,23.90095889207378,,0.0016022681141453134,0.40222640000001775,ok,same_stridge_core,Hx;D_x^1.627798 H,0.035,1.772293713216478
0.679841526466184,1.6232354638268642,0.21275800317526525,-1.283272900944303,0;0;-1.28327290094;0.212758003175;0;0;0;0;0;0;0;0,55311.456571458984,0.005,1429,0.0002,23.667859358801973,,0.0012160056874256954,0.38761510000006183,ok,same_stridge_core,Hx;D_x^1.623235 H,0.040751373626373606,1.543276730218378
0.6667597555110358,1.7593443892286569,0.7446166547065115,-1.3429651397767646,0;0;-1.34296513978;0.744616654707;0;0;0;-0.458338579345;0.13096705538;0;0.0448571721668;0,56766.56332516072,0.005,1430,0.0002,58.29252086081031,,0.0011683769561969828,0.1500807000001032,ok,same_stridge_core,Hx;D_x^1.759344 H;H*Hxx;H*Hxxx;H^2*Hxx,0.01,1.5259575356495916
0.6598155045420915,1.1961402600039943,0.21276502082110782,-1.54433965031053,0;0;-1.54433965031;0.212765020821;0;0;0;-0.0536575427556;-0.246422594152;0;0;0,55864.430199417766,0.005,1431,0.0002,45.98193693752159,,0.0008577881213782164,0.42471469999998135,ok,same_stridge_core,Hx;D_x^1.19614 H;H*Hxx;H*Hxxx,0.019674436090225574,1.2903927779873707
0.673941231538061,1.1002303536550864,0.1014533845590721,-1.4054927928612029,0;0;-1.40549279286;0.101453384559;0;0;0;0;-0.163973414673;0;0;0,55998.001397682085,0.005,1432,0.0002,34.81267645958369,,0.0007515237961616989,0.41037970000002133,ok,same_stridge_core,Hx;D_x^1.10023 H;H*Hxxx,0.0696904761904762,1.2138756209744352
0.7039628484614755,1.875525250245282,0.0,-1.1845469862464224,0;0;-1.18454698625;0;0;0;0;0;0;0;0;0,62654.22634478056,0.005,1433,0.0002,15.115586505741375,,0.003425416836280014,0.40370960000007017,ok,same_stridge_core,Hx,0.12500000000000003,2.5847412367852627
0.691646638184596,1.6981143038146562,0.5029342955731438,-1.2676434584807257,0;0;-1.26764345848;0.502934295573;0.550002679172;0;0;-0.250033328692;-0.0165644367003;0;0.0247742708966;0,55720.914504788394,0.005,1434,0.0002,68.02987228851393,,0.0006833044475404535,0.2732929000000013,ok,same_stridge_core,Hx;D_x^1.698114 H;Hxxx;H*Hxx;H*Hxxx;H^2*Hxx,0.00959776334776335,1.1647748827678497
0.669644649270098,1.6364570038903326,0.1942774976246109,-1.3087633105379908,0;0;-1.30876331054;0.194277497625;0;0;0;0;0;0;0;0,55344.88841984781,0.005,1435,0.0002,23.886893701271752,,0.001559500220882896,0.4037107999999989,ok,same_stridge_core,Hx;D_x^1.636457 H,0.03434604344094541,1.748938333332629
0.6758794687164873,1.667254353381182,0.610975881028743,-1.3506609165093302,0;0;-1.35066091651;0.610975881029;0;0;0;-0.36475057025;0.0834197567482;0;0.0346212137342;0,55477.96950671932,0.005,1436,0.0002,56.802050939478654,,0.0008840360423740913,0.4120803999999225,ok,same_stridge_core,Hx;D_x^1.667254 H;H*Hxx;H*Hxxx;H^2*Hxx,0.01,1.3240814327593362
0.651260317241723,1.59115632066142,0.11477520479343241,-1.3439156369293845,0;0;-1.34391563693;0.114775204793;3.3773162267;0;0;0;-0.537652774664;0;0;0,55271.95954198949,0.005,1437,0.0002,46.072298481024156,,0.0017968061961173404,0.3932163000000628,ok,same_stridge_core,Hx;D_x^1.591156 H;Hxxx;H*Hxxx,0.04917107131551576,1.8547308474325637
0.6787852394008227,1.4823717288214067,0.3089740086503345,-1.3674419568676728,0;0;-1.36744195687;0.30897400865;1.22781673705;0;0;-0.0443070725725;-0.261504426927;0;0;0,55364.46332650348,0.005,1438,0.0002,56.66396193368921,,0.0008730525819057672,0.2920456000000513,ok,same_stridge_core,Hx;D_x^1.482372 H;Hxxx;H*Hxx;H*Hxxx,0.015,1.299498607185725
0.6515586555649976,1.462823333047571,0.41320936553157905,-1.509798693334145,0;0;-1.50979869333;0.413209365532;1.75911319141;0;0;-0.093298746539;-0.3818869586;0;0;0,55397.35545148448,0.005,1439,0.0002,57.05261190398,,0.0014329786978526436,0.3992065999999568,ok,same_stridge_core,Hx;D_x^1.462823 H;Hxxx;H*Hxx;H*Hxxx,0.03447368421052633,1.6552564524955222
0.6883114070768975,1.6364774858313076,0.2328641709915195,-1.258904867095323,0;0;-1.2589048671;0.232864170992;0;0;0;0;0;0;0;0,55344.94973959961,0.005,1440,0.0002,23.54635839746392,,0.0010119728010025435,0.3869852999999921,ok,same_stridge_core,Hx;D_x^1.636477 H,0.03732026143790851,1.408378501624076
0.6993647259226788,1.8851555249660552,-0.09044176740498339,-1.1703293999010558,0;0;-1.1703293999;-0.090441767405;0.119233389743;0;0;0.0731320611623;0;0;0;0,63329.0750056039,0.005,1441,0.0002,51.95349507825407,,0.0008478880927996054,0.3948709000000008,ok,same_stridge_core,Hx;D_x^1.885156 H;Hxxx;H*Hxx,0.024472603127866283,1.2902350737709432
0.6967239672237787,1.664328090533474,0.25783819451925605,-1.2324192245047108,0;0;-1.2324192245;0.257838194519;0;0;0;0;0;0;0;0,55461.33078898599,0.005,1442,0.0002,23.48595210961478,,0.0008623330100033291,0.3770723000000089,ok,same_stridge_core,Hx;D_x^1.664328 H,0.035,1.3014197940203804
0.661039054452847,1.6683792721499882,0.18033172418377738,-1.3284026187609859,0;0;-1.32840261876;0.180331724184;0;0;0;0;0;0;0;0,55484.622417341954,0.005,1443,0.0002,24.144540086292004,,0.0019361840837698063,0.1459648999999672,ok,same_stridge_core,Hx;D_x^1.668379 H,0.034328898225957055,1.9506911193552194
0.6753737519671343,1.6560835070574784,0.21050153959658435,-1.2906048731178963,0;0;-1.29060487312;0.210501539597;0;0;0;0;0;0;0;0,55419.36468848085,0.005,1444,0.0002,23.82056077908528,,0.0013912152006748133,0.39471260000004804,ok,same_stridge_core,Hx;D_x^1.656084 H,0.12500000000000003,1.652814903692937
0.6753329430080546,1.6245650369658469,0.20390981982503523,-1.2950861821378514,0;0;-1.29508618214;0.203909819825;0;0;0;0;0;0;0;0,55314.29343523556,0.005,1445,0.0002,23.7538734500743,,0.0013530001063543342,0.3858410999999933,ok,same_stridge_core,Hx;D_x^1.624565 H,0.035,1.6281560759800724
0.6684611442994651,1.6226841002604657,0.18938285827265675,-1.3137980379196648,0;0;-1.31379803792;0.189382858273;0;0;0;0;0;0;0;0,55310.31254006595,0.005,1446,0.0002,23.88589586218485,,0.0015838781538675118,0.3958658999999898,ok,same_stridge_core,Hx;D_x^1.622684 H,0.034908288661229823,1.7617708461584711
0.6860068380761468,1.7101210395904707,0.0,-1.235814220635948,0;0;-1.23581422064;0;0;0;0;0;0;0;0;0,55856.29081680407,0.005,1447,0.0002,13.640644006580116,,0.0031038949997423044,0.27231490000008307,ok,same_stridge_core,Hx,0.12500000000000003,2.4693858432193014
0.6900855910900838,1.6626684931517854,0.24357912134308907,-1.2502114819709842,0;0;-1.25021148197;0.243579121343;0;0;0;0;0;0;0;0,55452.312516018625,0.005,1448,0.0002,23.58173507281483,,0.000999115790549328,0.13858590000006643,ok,same_stridge_core,Hx;D_x^1.662668 H,0.025526315789473685,1.400810066407379
0.6626755043976663,1.6518988718482166,0.18155334773804838,-1.3258408160899995,0;0;-1.32584081609;0.181553347738;0;0;0;0;0;0;0;0,55400.651735407424,0.005,1449,0.0002,24.06445757162187,,0.0018466115732463496,0.4065528999999515,ok,same_stridge_core,Hx;D_x^1.651899 H,0.030000000000000002,1.9041968774588982
0.6364698289510097,1.6404926291844957,0.0764766098304041,-1.376558917424848,0;0;-1.37655891742;0.0764766098304;4.17499210775;0;0;0;-0.663001250659;0;0;0,55357.583652626854,0.005,1450,0.0002,46.445412955416494,,0.0024431942954507278,0.40219630000001416,ok,same_stridge_core,Hx;D_x^1.640493 H;Hxxx;H*Hxxx,0.04,2.15934603331501
0.6383345430626121,1.6509534013153144,0.08178850274907018,-1.3711936963914464,0;0;-1.37119369639;0.0817885027491;4.10200184079;0;0;0;-0.652196154639;0;0;0,55396.650735365125,0.005,1451,0.0002,46.441562404922394,,0.002362910132665089,0.3948508999999376,ok,same_stridge_core,Hx;D_x^1.650953 H;Hxxx;H*Hxxx,0.03927755750324532,2.1242418166302888
0.7066836480466342,1.8941343344731616,-0.03820921758394044,-1.151050295578853,0;0;-1.15105029558;-0.0382092175839;0.108303117232;0;0;0.068191514616;0;0;0;0,63943.54306213533,0.005,1452,0.0002,52.35948052167101,,0.000737959194586954,0.38915959999997085,ok,same_stridge_core,Hx;D_x^1.894134 H;Hxxx;H*Hxx,0.02,1.204646071962744
0.7202966713834982,1.6611632809477679,0.30288210753044936,-1.1721779560501475,0;0;-1.17217795605;0.30288210753;0;0;0;0;0;0;0;0,55444.38776664221,0.005,1453,0.0002,23.21766800009392,,0.0005506910838648479,0.13866350000000693,ok,same_stridge_core,Hx;D_x^1.661163 H,0.07629629629629629,1.0399128934370347
0.6950474795191689,1.1082587891421025,0.1171725630867036,-1.3169234316111673,0;0;-1.31692343161;0.117172563087;0;0;0;0;0;0;0;0,55987.635508637664,0.005,1454,0.0002,23.82618515476547,,0.0010736808291803323,0.39683640000009746,ok,same_stridge_core,Hx;D_x^1.108259 H,0.075,1.4311309513103998
0.6555982802756555,1.7220001204632864,0.0,-1.3263267276979183,0;0;-1.3263267277;0;0;0;0;0;0;0;0;0,56018.62217205084,0.005,1455,0.0002,13.71453358509748,,0.0031802744146156186,0.14077850000001035,ok,same_stridge_core,Hx,0.04,2.51080915068731
0.6721261691029102,1.6946290657702212,0.21148358517106783,-1.294419606100866,0;0;-1.2944196061;0.211483585171;0;0;0;0;0;0;0;0,55686.42050806164,0.005,1456,0.0002,24.0185983148066,,0.0015456214449702545,0.3780249999999796,ok,same_stridge_core,Hx;D_x^1.694629 H,0.030000000000000002,1.7440301115819437
0.6774870922570161,1.6435269307235976,0.21232127498416573,-1.2866456790781846,0;0;-1.28664567908;0.212321274984;0;0;0;0;0;0;0;0,55367.97047699255,0.005,1457,0.0002,23.75036981635963,,0.001310091610723543,0.3979910000000473,ok,same_stridge_core,Hx;D_x^1.643527 H,0.030000000000000002,1.6031816255626103
0.6643046097466145,1.022282319184219,0.08675223887090054,-1.4421088075199622,0;0;-1.44210880752;0.0867522388709;0;0;0;0;-0.182932479123;0;0;0,56091.48673381811,0.005,1458,0.0002,34.971093262008374,,0.0008849732372890051,0.14283260000001974,ok,same_stridge_core,Hx;D_x^1.022282 H;H*Hxxx,0.015,1.316201221717509
0.6821337943152379,1.7085654117440816,0.0,-1.247082144360962,0;0;-1.24708214436;0;0;0;0;0;0;0;0;0,55837.21621572306,0.005,1459,0.0002,13.62383698432846,,0.0030666483682071023,0.13302980000003117,ok,same_stridge_core,Hx,0.12500000000000003,2.456393741183847
0.6694180987362219,1.8755815464218144,-0.36322192874409787,-1.2568584712999507,0;0;-1.2568584713;-0.363221928744;0;0;0;0.100461019832;0;0;0;0,62658.18838629083,0.005,1460,0.0002,39.3428649131922,,0.0015564145608584603,0.3810093000000734,ok,same_stridge_core,Hx;D_x^1.875582 H;H*Hxx,0.04442857142857142,1.7479518814177017
0.6722591909687051,1.7052742634329239,0.21419204128467,-1.2927047732761736,0;0;-1.29270477328;0.214192041285;0;0;0;0;0;0;0;0,55798.413054281446,0.005,1461,0.0002,24.068405983508594,,0.0015537229701623235,0.2844797999999855,ok,same_stridge_core,Hx;D_x^1.705274 H,0.035,1.7490407617960129
0.6950075078671762,1.7015895847318683,0.24654611138519975,-1.221984666800488,0;0;-1.2219846668;0.246546111385;1.82005284969;0;0;0;-0.291292320934;0;0;0,55757.3820843952,0.005,1462,0.0002,45.84608146502616,,0.0007873592237471085,0.38948919999995724,ok,same_stridge_core,Hx;D_x^1.70159 H;Hxxx;H*Hxxx,0.025,1.2401757975100005
0.6805346173182312,1.6814088056994156,0.5987946066240187,-1.3262747189542516,0;0;-1.32627471895;0.598794606624;0;0;0;-0.344469492077;0.0839026243143;0;0.0330768094569;0,55572.9150011281,0.005,1463,0.0002,56.854014506657656,,0.0008253892360740885,0.410903200000007,ok,same_stridge_core,Hx;D_x^1.681409 H;H*Hxx;H*Hxxx;H^2*Hxx,0.013121212121212127,1.2810995055295527
0.6896043170616977,1.652834454309862,0.2398438790950637,-1.2529868943691815,0;0;-1.25298689437;0.239843879095;0;0;0;0;0;0;0;0,55404.69209954387,0.005,1464,0.0002,23.562575655418044,,0.0009996866741523737,0.4040519000000131,ok,same_stridge_core,Hx;D_x^1.652834 H,0.025,1.4006988156004962
0.6731626775510319,1.6591373534699094,0.20629181284291148,-1.2961948596744088,0;0;-1.29619485967;0.206291812843;0;0;0;0;0;0;0;0,55434.09470390358,0.005,1465,0.0002,23.871126203321563,,0.0014670995730332501,0.37988430000007156,ok,same_stridge_core,Hx;D_x^1.659137 H,0.02937309368191721,1.697488321760131
0.6926898578852902,1.7128722053208534,0.0,-1.2165470748739724,0;0;-1.21654707487;0;0;0;0;0;0;0;0;0,55891.215053426145,0.005,1466,0.0002,13.68066337310383,,0.003196147155314174,0.3825160000000096,ok,same_stridge_core,Hx,0.12500000000000003,2.5024203624186017
0.667322206455888,1.616948730503977,0.186071704099071,-1.3176361622807375,0;0;-1.31763616228;0.186071704099;0;0;0;0;0;0;0;0,55299.494113735156,0.005,1467,0.0002,23.900161880312236,,0.0016180489079708794,0.383968100000061,ok,same_stridge_core,Hx;D_x^1.616949 H,0.034399313410938055,1.7803642348181725
0.672398681127795,1.1514103332472905,0.10472209151066995,-1.388519798034332,0;0;-1.38851979803;0.104722091511;0.79293990694;0;0;0;-0.253094677313;0;0;0,55929.41105085856,0.005,1468,0.0002,45.97718470325935,,0.0007824539175577805,0.4033835000000181,ok,same_stridge_core,Hx;D_x^1.15141 H;Hxxx;H*Hxxx,0.02,1.233655862572497
0.6533695846118768,1.681681394242683,0.0,-1.3331471150730458,0;0;-1.33314711507;0;0;0;0;0;0;0;0;0,55574.997946947115,0.005,1469,0.0002,13.642869347868107,,0.003222757159053044,0.14349399999991874,ok,same_stridge_core,Hx,0.06005555555555555,2.5278697584786833
0.6990334325091709,1.3027293357037628,0.15500123101828153,-1.3065604578609138,0;0;-1.30656045786;0.155001231018;0;0;0;0;-0.108459679947;0;0;0,55690.216896604295,0.005,1470,0.0002,34.45674802220139,,0.0005515364075079962,0.3693469999999479,ok,same_stridge_core,Hx;D_x^1.302729 H;H*Hxxx,0.014734315948601667,1.0426178842388099
0.6599353803713246,1.62329402730909,0.13922437939058407,-1.3194732818787076,0;0;-1.31947328188;0.139224379391;3.05237830001;0;0;0;-0.487682701106;0;0;0,55311.57923196309,0.005,1471,0.0002,45.960412073637116,,0.0015239743519572513,0.39059900000006564,ok,same_stridge_core,Hx;D_x^1.623294 H;Hxxx;H*Hxxx,0.030000000000000002,1.7111486880666367
0.6873370709771544,1.6752455265904995,0.24124629927880867,-1.2556559085366588,0;0;-1.25565590854;0.241246299279;0;0;0;0;0;0;0;0,55528.47967782237,0.005,1472,0.0002,23.66672312230095,,0.0010774322751517455,0.27225959999998395,ok,same_stridge_core,Hx;D_x^1.675246 H,0.034987514397971896,1.4553312511719998
0.7073715621645923,1.7472937835464801,0.0,-1.1749933105616996,0;0;-1.17499331056;0;0;0;0;0;0;0;0;0,56479.837097150674,0.005,1473,0.0002,13.911234411289824,,0.0035114175609804914,0.3867984000000888,ok,same_stridge_core,Hx,0.06423076923076924,2.6152669918596883
0.6697698781975417,1.6939735031756036,0.20570665447578826,-1.301035664740649,0;0;-1.30103566474;0.205706654476;0;0;0;0;0;0;0;0,55680.15744442598,0.005,1474,0.0002,24.061700052463106,,0.001627603488254658,0.382295699999986,ok,same_stridge_core,Hx;D_x^1.693974 H,0.030468938508091944,1.7896370746927144
0.6542943279890753,1.6170777694848713,0.1585223159887373,-1.353098847641621,0;0;-1.35309884764;0.158522315989;0;0;0;0;0;0;0;0,55299.71637561179,0.005,1475,0.0002,24.18183349494425,,0.00216898193854901,0.3976876000000402,ok,same_stridge_core,Hx;D_x^1.617078 H,0.05499999999999999,2.061946944699536
0.6643193524784625,1.6478689466330598,0.1846043955142043,-1.3218160486412796,0;0;-1.32181604864;0.184604395514;0;0;0;0;0;0;0;0,55384.158084433926,0.005,1476,0.0002,24.02035833672404,,0.0017750547151470955,0.41436079999994035,ok,same_stridge_core,Hx;D_x^1.647869 H,0.030000000000000002,1.8666951029504695
0.669786939309248,1.6373005477313929,0.19473352959745874,-1.3082657846043027,0;0;-1.3082657846;0.194733529597;0;0;0;0;0;0;0;0,55347.43944140757,0.005,1477,0.0002,23.885734692565638,,0.0015555368172039986,0.400090299999988,ok,same_stridge_core,Hx;D_x^1.637301 H,0.03450016160310277,1.74675891600261
0.6930220100293693,1.2310726640652847,0.13437247475682387,-1.3357712636725834,0;0;-1.33577126367;0.134372474757;0;0;0;0;-0.132783094615;0;0;0,55810.31341628274,0.005,1478,0.0002,34.556809119101146,,0.0005804704901067635,0.38368529999991097,ok,same_stridge_core,Hx;D_x^1.231073 H;H*Hxxx,0.03595238095238091,1.070621069331501
0.690786636256911,1.697830263993176,0.0,-1.204586571339614,0;0;-1.20458657134;0;0;0;0;0.0540468627922;0;0;0;0,55718.026640910895,0.005,1479,0.0002,23.710762196426984,,0.0010305341247311536,0.13286789999995108,ok,same_stridge_core,Hx;H*Hxx,0.0346275401069519,1.4235515400626273
0.6653168029918097,1.7449750080862325,0.7465790379870979,-1.3554966408905524,0;0;-1.35549664089;0.746579037987;0;0;0;-0.465144559732;0.129900419778;0;0.0451498810256;0,56430.05323996712,0.005,1480,0.0002,57.96287487819072,,0.0011806224457569646,0.14411139999992884,ok,same_stridge_core,Hx;D_x^1.744975 H;H*Hxx;H*Hxxx;H^2*Hxx,0.010045454545454543,1.532821638223594
0.6723640917188894,1.6243233875293919,0.1977681341218559,-1.3030714651085955,0;0;-1.30307146511;0.197768134122;0;0;0;0;0;0;0;0,55313.76961839365,0.005,1481,0.0002,23.8107805327047,,0.0014494138821228213,0.3957002999999304,ok,same_stridge_core,Hx;D_x^1.624323 H,0.12500000000000003,1.6852726853472404
0.6865378429301908,1.8610845958056113,-0.1583358681219099,-1.2034672039152383,0;0;-1.20346720392;-0.158335868122;0.150046618224;0;0;0.0789426489326;0;0;0;0,61645.049798909284,0.005,1482,0.0002,50.78550011678338,,0.0011035611513590486,0.3826131999999234,ok,same_stridge_core,Hx;D_x^1.861085 H;Hxxx;H*Hxx,0.02,1.4694602776559533
0.6664469881330036,1.6611632809477679,0.19163159248027078,-1.3143092103979928,0;0;-1.3143092104;0.19163159248;0;0;0;0;0;0;0;0,55444.38776664221,0.005,1483,0.0002,24.0103948711647,,0.0017096541421532602,0.13645640000004278,ok,same_stridge_core,Hx;D_x^1.661163 H,0.03952884615384613,1.8326397645078125
0.6748720062092353,1.0358121632227921,0.08687171626239577,-1.4077093370419185,0;0;-1.40770933704;0.0868717162624;0.37860016925;0;0;0;-0.250399950553;0;0;0,56076.1553568229,0.005,1484,0.0002,46.06678547888268,,0.0007293541378032683,0.3983551000000034,ok,same_stridge_core,Hx;D_x^1.035812 H;Hxxx;H*Hxxx,0.015,1.2058611934243535
0.7008867767342761,1.070664043719227,0.09801881416169464,-1.3463003891850196,0;0;-1.34630038919;0.0980188141617;0;0;0;0;-0.225790694674;0;0;0,56034.958841620755,0.005,1485,0.0002,34.802416138491296,,0.0006851334658208233,0.3878713000000289,ok,same_stridge_core,Hx;D_x^1.070664 H;H*Hxxx,0.018636363636363628,1.181440833518842
0.6910328057026076,1.6698441785455918,0.24763306878473276,-1.2466025423921405,0;0;-1.24660254239;0.247633068785;0;0;0;0;0;0;0;0,55493.50563851723,0.005,1486,0.0002,23.588835132294356,,0.000985287876470977,0.3848592000000508,ok,same_stridge_core,Hx;D_x^1.669844 H,0.05142857142857142,1.3914328768874622
0.6796224576516244,1.2600090992687183,0.20098322945936364,-1.4273553731919313,0;0;-1.42735537319;0.200983229459;0.0410226906851;0;0;-0.0315588472402;-0.179960387236;0;0;0,55763.24896832521,0.005,1487,0.0002,56.90835469911076,,0.0006720512727237095,0.4002263000000994,ok,same_stridge_core,Hx;D_x^1.260009 H;Hxxx;H*Hxx;H*Hxxx,0.009670514670514656,1.1451057307855481
0.6690426255689867,1.6509750949922644,0.19560693712670113,-1.3084946507806843,0;0;-1.30849465078;0.195606937127;0;0;0;0;0;0;0;0,55396.74148958301,0.005,1488,0.0002,23.931043026670494,,0.0016000246308285819,0.3856394999999111,ok,same_stridge_core,Hx;D_x^1.650975 H,0.035,1.7723464308372898
0.6783755310149724,1.6686365160064096,0.5973270782662218,-1.3399670280422467,0;0;-1.33996702804;0.597327078266;0;0;0;-0.350220885411;0.0807811071474;0;0.0333730225054;0,55486.164550400805,0.005,1489,0.0002,56.782476307529414,,0.0008465530253907146,0.4120878999999604,ok,same_stridge_core,Hx;D_x^1.668637 H;H*Hxx;H*Hxxx;H^2*Hxx,0.01,1.2963117571286054
0.707442181128468,1.0308693126687567,0.0948809978402902,-1.3499608289774103,0;0;-1.34996082898;0.0948809978403;-0.932123613113;0;0;0;-0.125006722112;0;0;0,56081.79822416963,0.005,1490,0.0002,46.131540853011806,,0.0007902806347548726,0.40336469999999736,ok,same_stridge_core,Hx;D_x^1.030869 H;Hxxx;H*Hxxx,0.015,1.2661022736760943
0.6698881396617163,1.6347764999666745,0.19449431878683174,-1.308327582409821,0;0;-1.30832758241;0.194494318787;0;0;0;0;0;0;0;0,55339.96396886712,0.005,1491,0.0002,23.87871572999918,,0.0015486350472618204,0.39450990000000274,ok,same_stridge_core,Hx;D_x^1.634776 H,0.0344735060690943,1.742730142452329
0.6827239942092546,1.6946218154688264,0.0,-1.2453602111414859,0;0;-1.24536021114;0;0;0;0;0;0;0;0;0,55686.35082460587,0.005,1492,0.0002,13.595335672170286,,0.0030715258196550997,0.14115370000001803,ok,same_stridge_core,Hx,0.050714285714285705,2.4580655072491124
0.7073715621645923,1.7472937835464801,0.0,-1.1749933105617023,0;0;-1.17499331056;0;0;0;0;0;0;0;0;0,56479.837097150674,0.005,1493,0.0002,13.911234411289824,,0.0035114175609804905,0.027213800000026822,ok,same_stridge_core,Hx,0.06423076923076924,2.6152669918596883
0.7056250846557117,1.0703154722396704,0.05626057400465534,-1.253930077911726,0;0;-1.25393007791;0.0562605740047;0;0;0;0.0319061866302;-0.114802531076;0;0;0,56035.38321541615,0.005,1494,0.0002,45.87738228268745,,0.000547217821533673,0.38923669999996946,ok,same_stridge_core,Hx;D_x^1.070315 H;H*Hxx;H*Hxxx,0.02,1.0490757103545327
0.6832585450653799,1.601679001821422,0.21470036961890782,-1.2774966553120821,0;0;-1.27749665531;0.214700369619;0;0;0;0;0;0;0;0,55279.419745822095,0.005,1495,0.0002,23.57603835496959,,0.0010970117695811013,0.38372130000004745,ok,same_stridge_core,Hx;D_x^1.601679 H,0.035,1.464270456640751
0.6809084617879761,1.7368938106980785,0.0,-1.234769185042313,0;0;-1.23476918504;0;0;0;0;0.0492969330366;0;0;0;0,56269.063150330614,0.005,1496,0.0002,24.093784390341902,,0.0012805272986686936,0.38584190000005947,ok,same_stridge_core,Hx;H*Hxx,0.034482722397428264,1.5861591302096552
0.6776555769315369,1.0598446648091604,0.0940713093033403,-1.4032367092762912,0;0;-1.40323670928;0.0940713093033;0;0;0;0;-0.190134632468;0;0;0,56048.0159975106,0.005,1497,0.0002,34.81241569621279,,0.0007039642599132521,0.3914504000000534,ok,same_stridge_core,Hx;D_x^1.059845 H;H*Hxxx,0.029369641278544342,1.1836060977064222
0.6930352478564806,1.6717332624600385,0.25242819060901994,-1.2409961300875245,0;0;-1.24099613009;0.252428190609;0;0;0;0;0;0;0;0,55505.33400048173,0.005,1498,0.0002,23.563970174844016,,0.0009437090805589314,0.3791667000000416,ok,same_stridge_core,Hx;D_x^1.671733 H,0.06473785473785475,1.3618365746513255
0.7317272952816676,1.0776770849456927,0.0,-1.0847899328642552,0;0;-1.08478993286;0;0.00780573536814;0;0;0.0720626168676;0;0;0;0,56026.36317162239,0.005,1499,0.0002,34.64016814515128,,0.0005271115350794945,0.39231680000000324,ok,same_stridge_core,Hx;Hxxx;H*Hxx,0.015,1.0243502421778357
0.660056626562627,1.6764890102178889,0.0,-1.3127603469156937,0;0;-1.31276034692;0;0;0;0;0;0;0;0;0,55537.044483078505,0.005,1500,0.0002,13.59012947758714,,0.003111803067903852,0.13353669999992235,ok,same_stridge_core,Hx,0.12500000000000003,2.4827205809714386
0.6720673877142871,1.7240893676915803,0.0,-1.2767215229542916,0;0;-1.27672152295;0;0;0;0;0;0;0;0;0,56050.42687029227,0.005,1501,0.0002,13.656173012040345,,0.003030082217729076,0.270217300000013,ok,same_stridge_core,Hx,0.07318181818181824,2.44608763798189
0.6659893859967299,1.655986224496234,0.18969469415487736,-1.316215452621891,0;0;-1.31621545262;0.189694694155;0;0;0;0;0;0;0;0,55418.91083274286,0.005,1502,0.0002,24.005737755118645,,0.0017204819344763924,0.3870997999999872,ok,same_stridge_core,Hx;D_x^1.655986 H,0.03455882352941177,1.8381734220214965
0.6643118271309745,1.680450011241715,0.0,-1.29990783608801,0;0;-1.29990783609;0;0;0;0;0;0;0;0;0,55565.670216332685,0.005,1503,0.0002,13.576467186539631,,0.003066230432302589,0.3971235000000206,ok,same_stridge_core,Hx,0.08097222222222222,2.463333143273094
0.6729249280504727,1.8551191120683603,-0.3015621670306173,-1.2591353001070142,0;0;-1.25913530011;-0.301562167031;0;0;0;0.0903130788019;-0.0528550435748;0;0;0,61238.4549518277,0.005,1504,0.0002,50.68465405009853,,0.001446994535360191,0.2980921999999282,ok,same_stridge_core,Hx;D_x^1.855119 H;H*Hxx;H*Hxxx,0.030000000000000002,1.6938900886363735
0.6666770957812449,1.5999932673299206,0.5586313253878724,-1.4100645252368007,0;0;-1.41006452524;0.558631325388;0.338476220166;0;0;-0.353978454835;0;0;0.0323645598177;0,55277.902418882375,0.005,1505,0.0002,56.65173765425297,,0.0009638579484626861,0.4136847999999418,ok,same_stridge_core,Hx;D_x^1.599993 H;Hxxx;H*Hxx;H^2*Hxx,0.01,1.3738352353705903
0.6682200062122339,1.6664994538363036,0.19663939588113405,-1.3087606004302743,0;0;-1.30876060043;0.196639395881;0;0;0;0;0;0;0;0,55473.585511324214,0.005,1506,0.0002,23.990045241398974,,0.00164996145714416,0.38624559999993835,ok,same_stridge_core,Hx;D_x^1.666499 H,0.030000000000000002,1.800611036869289
0.6635018514617357,1.6331990462242838,0.1805214604095576,-1.3258939086580297,0;0;-1.32589390866;0.18052146041;0;0;0;0;0;0;0;0,55335.52858752907,0.005,1507,0.0002,24.006922160573424,,0.001788038025590196,0.3846863999999641,ok,same_stridge_core,Hx;D_x^1.633199 H,0.03927940517154802,1.8727107255617963
0.651615571793152,1.6412739335317545,0.673207969124046,-1.45095513410275,0;0;-1.4509551341;0.673207969124;0.743631345234;0;0;-0.45598111089;-0.0220269122648;0;0.0417960205994;0,55360.18761031332,0.005,1508,0.0002,68.03551911793907,,0.0013203403232567976,0.2728726000000279,ok,same_stridge_core,Hx;D_x^1.641274 H;Hxxx;H*Hxx;H*Hxxx;H^2*Hxx,0.015,1.60329398556309
0.6684454222611016,1.6124211971350686,0.1876417736869911,-1.3152212763402706,0;0;-1.31522127634;0.187641773687;0;0;0;0;0;0;0;0,55292.28175558532,0.005,1509,0.0002,23.870624109004783,,0.0015705772849234536,0.399962999999957,ok,same_stridge_core,Hx;D_x^1.612421 H,0.05503108003108003,1.7537114067706554
0.6690783488502882,1.643345694125116,0.19429748754208256,-1.3093919657547526,0;0;-1.30939196575;0.194297487542;0;0;0;0;0;0;0;0,55367.329216897946,0.005,1510,0.0002,23.912651466429946,,0.0015888348396442843,0.3903389999999263,ok,same_stridge_core,Hx;D_x^1.643346 H,0.030000000000000002,1.7657197796707667
0.6738377890418294,1.678507120358403,0.6363576855122591,-1.3541757014750266,0;0;-1.35417570148;0.636357685512;0;0;0;-0.384101626397;0.0917553590519;0;0.0365204710912;0,55551.3698945035,0.005,1511,0.0002,56.90887800544306,,0.000928958044250189,0.27372490000004746,ok,same_stridge_core,Hx;D_x^1.678507 H;H*Hxx;H*Hxxx;H^2*Hxx,0.024523809523809545,1.3575081109395575
0.6827458031578586,1.672890472177937,0.2305892571415853,-1.2683395094808394,0;0;-1.26833950948;0.230589257142;0;0;0;0;0;0;0;0,55512.7920182096,0.005,1512,0.0002,23.736786078657072,,0.0011935742464031327,0.38182019999999284,ok,same_stridge_core,Hx;D_x^1.67289 H,0.03617647058823529,1.5316692713732325
0.6705967539370472,1.0326986256576256,0.08506312418038738,-1.4159977839406976,0;0;-1.41599778394;0.0850631241804;0.556008416476;0;0;0;-0.268998571335;0;0;0,56079.71543297907,0.005,1513,0.0002,46.10224001666129,,0.0007746281245791367,0.3877350000000206,ok,same_stridge_core,Hx;D_x^1.032699 H;Hxxx;H*Hxxx,0.015,1.2384676702780342
0.6798518515048378,1.6880667874237403,0.0,-1.253756260114024,0;0;-1.25375626011;0;0;0;0;0;0;0;0;0,55626.79792222883,0.005,1514,0.0002,13.576363109862434,,0.0030505560901998526,0.13935090000006767,ok,same_stridge_core,Hx,0.12500000000000003,2.4510035254166684
0.6625317123591931,1.6849653594340854,0.0,-1.3052731969561522,0;0;-1.30527319696;0;0;0;0;0;0;0;0;0,55600.90515743603,0.005,1515,0.0002,13.590751574058931,,0.0030830011084137343,0.3945720000000392,ok,same_stridge_core,Hx,0.12500000000000003,2.470570542571725
0.6725936655893047,1.6975368144142924,0.6644296615652285,-1.3506921614148104,0;0;-1.35069216141;0.664429661565;0;0;0;-0.402137031473;0.102260000682;0;0.038470454304;0,55715.05752415747,0.005,1516,0.0002,57.10413722449455,,0.0009714583518415457,0.2831738000000996,ok,same_stridge_core,Hx;D_x^1.697537 H;H*Hxx;H*Hxxx;H^2*Hxx,0.010085858585858571,1.389079700337079
0.696117493824181,1.899895277546098,0.6748035843113144,-1.1874761318399196,0;0;-1.18747613184;0.674803584311;0.70841421367;0;0;-0.285043957585;0;0;0.0300845399514;0,64323.88083217232,0.005,1517,0.0002,65.5239691261141,,0.000722442026983853,0.4188515999999254,ok,same_stridge_core,Hx;D_x^1.899895 H;Hxxx;H*Hxx;H^2*Hxx,0.01,1.2000882939417714
0.6784152810315098,1.9083087794447173,0.0,-1.2579713055168886,0;0;-1.25797130552;0;0;0;0;0;0;0;0;0,64851.224141781706,0.005,1518,0.0002,15.418748378936883,,0.003042716533487489,0.26507509999999,ok,same_stridge_core,Hx,0.12500000000000003,2.4485035505805426
0.6928808111154696,1.7098507912377117,0.0,-1.215999814037926,0;0;-1.21599981404;0;0;0;0;0;0;0;0;0,55852.94273242731,0.005,1519,0.0002,13.67413821401166,,0.0031992824483246295,0.391300299999898,ok,same_stridge_core,Hx,0.12500000000000003,2.5035496675261952
0.7018000831897844,1.2693424498236379,0.16498939158965412,-1.2872068189454036,0;0;-1.28720681895;0.16498939159;0;0;0;0;0;0;0;0,55747.6452166388,0.005,1520,0.0002,23.451154801023524,,0.0007060872649606878,0.2763274999999794,ok,same_stridge_core,Hx;D_x^1.269342 H,0.06499999999999999,1.1520967143680025
0.6790862793097906,1.6805359012089012,0.22435470222734852,-1.2771816601592714,0;0;-1.27718166016;0.224354702227;0;0;0;0;0;0;0;0,55566.314018118406,0.005,1521,0.0002,23.829375929633137,,0.001306461949553046,0.13022939999996197,ok,same_stridge_core,Hx;D_x^1.680536 H,0.0310178525178525,1.6028503223857737
0.6992231053008264,1.0483226270690316,0.09272233152079637,-1.3529734872698134,0;0;-1.35297348727;0.0927223315208;0;0;0;0;-0.234346747388;0;0;0,56061.653901932594,0.005,1522,0.0002,34.83493793728557,,0.0007035186984425825,0.4185458000000608,ok,same_stridge_core,Hx;D_x^1.048323 H;H*Hxxx,0.020238095238095256,1.1979455961260037
0.6753871037169175,1.7962668924718157,-0.13863700966701786,-1.2529482133249554,0;0;-1.25294821332;-0.138637009667;0;0;0;0.0679245391157;-0.0463640225444;0;0;0,57991.52218215739,0.005,1523,0.0002,48.06880768514926,,0.0014173685662929021,0.4153605999999854,ok,same_stridge_core,Hx;D_x^1.796267 H;H*Hxx;H*Hxxx,0.030000000000000002,1.6755899394233496
0.6699031538533191,1.6684344198251944,0.20084815062452044,-1.3038888021866304,0;0;-1.30388880219;0.200848150625;0;0;0;0;0;0;0;0,55484.95231796008,0.005,1524,0.0002,23.962383198009746,,0.0015913128475662005,0.38903849999996964,ok,same_stridge_core,Hx;D_x^1.668434 H,0.036215020273843795,1.7684022708257157
0.666835573845211,1.2503193904973968,0.23641355222061006,-1.5075447948322787,0;0;-1.50754479483;0.236413552221;0;0;0;-0.0532176552674;-0.213311817908;0;0;0,55779.23191179089,0.005,1525,0.0002,45.86257430794712,,0.0007936220980392572,0.1421775000000025,ok,same_stridge_core,Hx;D_x^1.250319 H;H*Hxx;H*Hxxx,0.01,1.2391887785144005
0.6788447773544541,1.0998379659050703,0.09965078360189758,-1.3888621247749586,0;0;-1.38886212477;0.0996507836019;0.341323832824;0;0;0;-0.222068776839;0;0;0,55998.504100303464,0.005,1526,0.0002,45.96497614118725,,0.0006864505156094476,0.3960849000000053,ok,same_stridge_core,Hx;D_x^1.099838 H;Hxxx;H*Hxxx,0.010454545454545454,1.166172860944479
0.6788447773544541,1.8293749345802046,-0.1742949523248083,-1.2303417182902723,0;0;-1.23034171829;-0.174294952325;0;0;0;0.0778680689786;0;0;0;0,59623.241374306854,0.005,1527,0.0002,37.38225663972096,,0.0013169473396301076,0.2863547000000608,ok,same_stridge_core,Hx;D_x^1.829375 H;H*Hxx,0.05439316239316236,1.6083118151368456
0.6787852394008227,1.6378855328435304,0.21380309519622395,-1.2839677739009696,0;0;-1.2839677739;0.213803095196;0;0;0;0;0;0;0;0,55349.24004980202,0.005,1528,0.0002,23.71434711483192,,0.0012644486444356394,0.2746521000000257,ok,same_stridge_core,Hx;D_x^1.637886 H,0.12000000000000004,1.5746510949111125
0.6835494473711767,1.681681394242683,0.0,-1.2429548488321063,0;0;-1.24295484883;0;0;0;0;0;0;0;0;0,55574.997946947115,0.005,1529,0.0002,13.575591678744047,,0.0030788333587390385,0.14255239999999958,ok,same_stridge_core,Hx,0.09900000000000003,2.4605920893546243
0.6635543795153609,1.6820063049126477,0.0,-1.3021888334668064,0;0;-1.30218883347;0;0;0;0;0;0;0;0;0,55577.49365220303,0.005,1530,0.0002,13.58175893008439,,0.0030729679850968546,0.3930292999999665,ok,same_stridge_core,Hx,0.04430036630036626,2.466260199643785
0.6765153868684769,1.7025247307318176,0.22379448462163795,-1.2812701573442258,0;0;-1.28127015734;0.223794484622;0;0;0;0;0;0;0;0,55767.56021658155,0.005,1531,0.0002,23.973498600764465,,0.0014105932130384535,0.4014008000000331,ok,same_stridge_core,Hx;D_x^1.702525 H,0.035,1.6664745141318402
0.6693350647997898,1.660730529945245,0.6440364168800633,-1.3804870348872758,0;0;-1.38048703489;0.64403641688;0;0;0;-0.401636044664;0.0886990792243;0;0.0377215932095;0,55442.1535799668,0.005,1532,0.0002,56.84031559976303,,0.000988421047825453,0.38289259999999103,ok,same_stridge_core,Hx;D_x^1.660731 H;H*Hxx;H*Hxxx;H^2*Hxx,0.024523809523809545,1.3981620197962341
0.6766595603690266,1.6579524904647998,0.21370936724903383,-1.2868689404495595,0;0;-1.28686894045;0.213709367249;0;0;0;0;0;0;0;0,55428.26915867286,0.005,1533,0.0002,23.801404426427304,,0.0013531018956209476,0.3805083999999397,ok,same_stridge_core,Hx;D_x^1.657952 H,0.12500000000000003,1.630096762958158
0.6521853257867221,1.628526783446363,0.1550454991902713,-1.3575944196650724,0;0;-1.35759441967;0.15504549919;0;0;0;0;0;0;0;0,55323.41713944346,0.005,1534,0.0002,24.24755440246538,,0.0022872757984330463,0.4059127000000444,ok,same_stridge_core,Hx;D_x^1.628527 H,0.05999999999999999,2.118187546687995
0.6599582661016753,1.6597993593827847,0.6365187560796253,-1.4048833274859862,0;0;-1.40488332749;0.63651875608;0.774203645155;0;0;-0.410629221811;-0.0272470444124;0;0.0382593257724;0,55437.41181371841,0.005,1535,0.0002,68.02908596073432,,0.0011577075995261449,0.40448330000003807,ok,same_stridge_core,Hx;D_x^1.659799 H;Hxxx;H*Hxx;H*Hxxx;H^2*Hxx,0.014470686520222124,1.5041917842722297
0.6856753381053186,1.6723904452149796,0.23685549144055093,-1.2605313064636479,0;0;-1.26053130646;0.236855491441;0;0;0;0;0;0;0;0,55509.54950143109,0.005,1536,0.0002,23.684718230971598,,0.0011158184418902078,0.398076299999957,ok,same_stridge_core,Hx;D_x^1.67239 H,0.02440918472652219,1.4808984303991626
0.6774968028809512,1.6549018769441992,0.21484626232923193,-1.2850292121213662,0;0;-1.28502921212;0.214846262329;0;0;0;0;0;0;0;0,55413.91164427728,0.005,1537,0.0002,23.77766808096596,,0.0013236804280171578,0.3913519999999835,ok,same_stridge_core,Hx;D_x^1.654902 H,0.025526315789473685,1.6121034232550469
0.651615571793152,1.6564440201974957,0.12000842961082467,-1.3367841463172416,0;0;-1.33678414632;0.120008429611;3.49795622704;0;0;0;-0.557299730379;0;0;0,55421.05544389215,0.005,1538,0.0002,46.20815031813824,,0.0018268310424252112,0.2804900999999518,ok,same_stridge_core,Hx;D_x^1.656444 H;Hxxx;H*Hxxx,0.035,1.871305963024513
0.6762730399710566,1.6425972121264858,0.20955979126936136,-1.2900377583296339,0;0;-1.29003775833;0.209559791269;0;0;0;0;0;0;0;0,55364.708996174166,0.005,1539,0.0002,23.77099849011211,,0.0013462223113845418,0.28278609999995297,ok,same_stridge_core,Hx;D_x^1.642597 H,0.040751373626373606,1.6251148916424443
0.6602991647451905,1.6817966906574204,0.0,-1.3120252718047976,0;0;-1.3120252718;0;0;0;0;0;0;0;0;0,55575.88186187541,0.005,1540,0.0002,13.596598362394253,,0.003108694798493334,0.3986947999999302,ok,same_stridge_core,Hx,0.09100000000000001,2.4814219900191725
0.6817346642965394,1.6591052588764181,0.22494205975513,-1.2730305560257227,0;0;-1.27303055603;0.224942059755;0;0;0;0;0;0;0;0,55433.934805558645,0.005,1541,0.0002,23.712193596274417,,0.0012055120012863616,0.40662350000002334,ok,same_stridge_core,Hx;D_x^1.659105 H,0.12500000000000003,1.5386196740509603
0.6693743373304678,1.7015160079599263,0.0,-1.2847379597513333,0;0;-1.28473795975;0;0;0;0;0;0;0;0;0,55756.5874531536,0.005,1542,0.0002,13.60080436492425,,0.0030359929776490337,0.13466889999995146,ok,same_stridge_core,Hx,0.05499999999999999,2.4494868742935285
0.6755232292645224,1.685113554849735,0.0,-1.2664884662067637,0;0;-1.26648846621;0;0;0;0;0;0;0;0;0,55602.11024673339,0.005,1543,0.0002,13.56604880485846,,0.0030324375044296567,0.3810971000000336,ok,same_stridge_core,Hx,0.06513468013468016,2.4456267555117805
0.6751156564924115,1.64033843035924,0.2066442376318904,-1.2934647363741512,0;0;-1.29346473637;0.206644237632;0;0;0;0;0;0;0;0,55357.07543304123,0.005,1544,0.0002,23.788013500082407,,0.0013798439533933631,0.4101469999999381,ok,same_stridge_core,Hx;D_x^1.640338 H,0.03558823529411764,1.6451833268659144
0.6827982460672571,1.6843210673747144,0.233685598466959,-1.2665754357755896,0;0;-1.26657543578;0.233685598467;0;0;0;0;0;0;0;0,55595.701525644035,0.005,1545,0.0002,23.77785547130751,,0.0012050804549144196,0.40840960000002724,ok,same_stridge_core,Hx;D_x^1.684321 H,0.030000000000000002,1.5395748610498967
0.6722830349481912,1.626093346504793,0.19793019132172784,-1.3030455535672383,0;0;-1.30304555357;0.197930191322;0;0;0;0;0;0;0;0,55317.69256075661,0.005,1546,0.0002,23.815387733514847,,0.001454450835722302,0.3947198999999273,ok,same_stridge_core,Hx;D_x^1.626093 H,0.039907939282939266,1.6883107092122023
0.6686023920679911,1.639920392109114,0.19265616559627108,-1.3111345718950096,0;0;-1.3111345719;0.192656165596;0;0;0;0;0;0;0;0,55355.70707694878,0.005,1547,0.0002,23.914914100975754,,0.001601624192061934,0.3933556999999155,ok,same_stridge_core,Hx;D_x^1.63992 H,0.03602941176470588,1.7726312701962443
0.6706651976675961,1.022282319184219,0.08336603806654302,-1.4175890416956496,0;0;-1.4175890417;0.0833660380665;0.534715704239;0;0;0;-0.270881033675;0;0;0,56091.48673381811,0.005,1548,0.0002,46.1126715610728,,0.0007741169991628648,0.1478965999999673,ok,same_stridge_core,Hx;D_x^1.022282 H;Hxxx;H*Hxxx,0.014999896954833319,1.2394821740183142
0.6793690867005873,1.6540188503317084,0.21866818957822692,-1.2801102633844357,0;0;-1.28011026338;0.218668189578;0;0;0;0;0;0;0;0,55409.9240660384,0.005,1549,0.0002,23.74099234918746,,0.001266823090108353,0.37975280000000566,ok,same_stridge_core,Hx;D_x^1.654019 H,0.12500000000000003,1.5770227227720988
0.6944108219924062,1.7593443892286569,0.0,-1.2116214031280144,0;0;-1.21162140313;0;0;0;0;0;0;0;0;0,56766.56332516072,0.005,1550,0.0002,13.866262645216036,,0.0032253691288067717,0.14668600000004517,ok,same_stridge_core,Hx,0.07227272727272734,2.5129499801838904
0.6803077883797604,1.6419652181788467,1.0132695716244102,-1.145997360081714,-0.0228977818169;0.00183826887853;-1.14599736008;1.01326957162;0;0;-0.1254780201;-0.381923327784;-0.260846481386;0.00946945587175;0.0211676880434;0,55362.53199545206,0.005,1551,0.0002,100.78219316430368,,0.0006464891115585011,0.38822210000000723,ok,same_stridge_core,1;H;Hx;D_x^1.641965 H;H*Hx;H*Hxx;H*Hxxx;H^2*Hx;H^2*Hxx,0.005,1.1296355724899507
0.6938092993820943,1.6946218154688264,0.2612215060814033,-1.2354187315177534,0;0;-1.23541873152;0.261221506081;0;0;0;0;0;0;0;0,55686.35082460587,0.005,1552,0.0002,23.642028866085102,,0.0009501234600187418,0.13686430000007022,ok,same_stridge_core,Hx;D_x^1.694622 H,0.035,1.3674885362427542
0.6577807303946466,1.9071534407845505,0.0,-1.3687157689328637,0;0;-1.36871576893;0;0;0;0;0;-0.202733911922;0;0;0,64781.119495568666,0.005,1553,0.0002,28.21401327073018,,0.0026391353495482527,0.39354119999995874,ok,same_stridge_core,Hx;H*Hxxx,0.041249999999999995,2.301565472502714
0.6665451642640167,1.6223395927154989,0.18532009847467504,-1.319020892445614,0;0;-1.31902089245;0.185320098475;0;0;0;0;0;0;0;0,55309.60701317117,0.005,1554,0.0002,23.92454359633268,,0.0016545411202900065,0.40340519999995195,ok,same_stridge_core,Hx;D_x^1.62234 H,0.035,1.8007007910642117
0.7018693793947777,1.663069951089067,0.26788048560118016,-1.2191567964750436,0;0;-1.21915679648;0.267880485601;0;0;0;0;0;0;0;0,55454.467061337615,0.005,1555,0.0002,23.411758678219282,,0.0007703606873938227,0.2848076000000219,ok,same_stridge_core,Hx;D_x^1.66307 H,0.04,1.2299718536842368
0.6652149357123067,1.6290317832707524,0.18356579646518129,-1.321757383528528,0;0;-1.32175738353;0.183565796465;0;0;0;0;0;0;0;0,55324.65412644665,0.005,1556,0.0002,23.963438071410117,,0.0017146476607949122,0.3914465000000291,ok,same_stridge_core,Hx;D_x^1.629032 H,0.03989504543075973,1.833576420831457
0.6615093280892756,1.361809269921673,0.3455239186424542,-1.523943709270524,0;0;-1.52394370927;0.345523918642;0.537499165551;0;0;-0.0813052809858;-0.256172928578;0;0;0,55583.31282384901,0.005,1557,0.0002,56.94943683495727,,0.0009757765092043819,0.29999580000003334,ok,same_stridge_core,Hx;D_x^1.361809 H;Hxxx;H*Hxx;H*Hxxx,0.027556390977443602,1.3661240111082567
0.6895640540715976,1.6685199623007787,0.0,-1.2255311320483522,0;0;-1.22553113205;0;0;0;0;0;0;0;0;0,55485.464577933795,0.005,1558,0.0002,13.582459571011885,,0.0031487150774832657,0.4009934999999132,ok,same_stridge_core,Hx,0.09357142857142861,2.4853666554251244
0.6663615405570219,1.9093500367323277,0.0,-1.2937500384219374,0;0;-1.29375003842;0;0;0;0;0;0;0;0;0,64913.72666135168,0.005,1559,0.0002,15.439281699341121,,0.003050917764648927,0.3942393999999467,ok,same_stridge_core,Hx,0.07473544973544972,2.4565363670707865
0.6704322448279918,1.6490754600626827,0.19830386531663527,-1.304956795212073,0;0;-1.30495679521;0.198303865317;0;0;0;0;0;0;0;0,55388.94384978275,0.005,1560,0.0002,23.898724157818013,,0.0015479662388672459,0.39732420000007096,ok,same_stridge_core,Hx;D_x^1.649075 H,0.12500000000000003,1.7431466179049118
0.6746220870898081,1.657374189516997,0.0,-1.2691509915923678,0;0;-1.26915099159;0;0;0;0;0;0;0;0;0,55425.4769954607,0.005,1561,0.0002,13.530427239454554,,0.003030766917681181,0.14295270000002347,ok,same_stridge_core,Hx,0.11500000000000003,2.4453318403624125
0.683456307013319,1.6378923313821425,0.2234129596806714,-1.2715251421533171,0;0;-1.27152514215;0.223412959681;0;0;0;0;0;0;0;0,55349.26102745319,0.005,1562,0.0002,23.630981000322198,,0.001134282242429188,0.4085321999999678,ok,same_stridge_core,Hx;D_x^1.637892 H,0.12500000000000003,1.4912765893409217
0.6643118271309745,1.6613710899047374,0.18679744319610422,-1.3201689477175438,0;0;-1.32016894772;0.186797443196;0;0;0;0;0;0;0;0,55445.46760451134,0.005,1563,0.0002,24.055023483746446,,0.0017930444034638194,0.2961509000000433,ok,same_stridge_core,Hx;D_x^1.661371 H,0.030000000000000002,1.8768364419419128
0.6729249280504727,1.6689165615647676,0.2077966058340389,-1.2955476674677708,0;0;-1.29554766747;0.207796605834;0;0;0;0;0;0;0;0,55487.851296329,0.005,1564,0.0002,23.904716320242848,,0.0014871973131318906,0.28890209999997296,ok,same_stridge_core,Hx;D_x^1.668917 H,0.04,1.7095758017112497
0.6592895112295429,1.7070107105699546,0.0,-1.315087288807087,0;0;-1.31508728881;0;0;0;0;0;0;0;0;0,55818.62678084463,0.005,1565,0.0002,13.650708337999436,,0.0031220475443639968,0.1518681000000015,ok,same_stridge_core,Hx,0.035,2.48698298183051
0.6727997280179192,1.4358741814697982,0.38324902562679786,-1.4572066338374987,0;0;-1.45720663384;0.383249025627;0;0;0;-0.074753694716;-0.126921755077;0;0;0,55445.50030959935,0.005,1566,0.0002,45.70174007120695,,0.00093408271473404,0.15971950000005108,ok,same_stridge_core,Hx;D_x^1.435874 H;H*Hxx;H*Hxxx,0.049999999999999996,1.3453398235274692
0.681932345322547,1.6887752280971082,0.0,-1.2316155120637746,0;0;-1.23161551206;0;0;0;0;0.0497971394588;0;0;0;0,55632.91353323891,0.005,1567,0.0002,23.82153141020816,,0.0012518772076008232,0.39915179999991324,ok,same_stridge_core,Hx;H*Hxx,0.025000003910014224,1.5683659969125952
0.6827105636060411,1.665365502684104,0.2285970600333546,-1.2695111134299004,0;0;-1.26951111343;0.228597060033;0;0;0;0;0;0;0;0,55467.12061242149,0.005,1568,0.0002,23.713238714838816,,0.0011859415839250611,0.41259390000004714,ok,same_stridge_core,Hx;D_x^1.665366 H,0.03478676470588239,1.5263904698702186
0.6454313627463665,1.2309710564951672,0.2892217100148371,-1.64493843659373,0;0;-1.64493843659;0.289221710015;0;0;0;-0.0889532691816;-0.285337008343;0;0;0,55810.47513399195,0.005,1569,0.0002,46.08322212496246,,0.0010753366672608337,0.4078584999999748,ok,same_stridge_core,Hx;D_x^1.230971 H;H*Hxx;H*Hxxx,0.015,1.4348420177688903
0.71200724524766,1.194980910439812,0.14936543334099578,-1.2705073175193125,0;0;-1.27050731752;0.149365433341;0;0;0;0;0;0;0;0,55866.175301011644,0.005,1570,0.0002,23.704557088206194,,0.0009587803130879838,0.411500300000057,ok,same_stridge_core,Hx;D_x^1.194981 H,0.06681818181818183,1.3580869678015348
0.6647571294815482,1.664082147549116,0.6130188948942293,-1.3832837729275151,0;0;-1.38328377293;0.613018894894;0.740891415096;0;0;-0.384163944956;-0.0259891281998;0;0.0360448073456;0,55459.97555490862,0.005,1571,0.0002,67.99646164318405,,0.0010652428277380822,0.15566839999996773,ok,same_stridge_core,Hx;D_x^1.664082 H;Hxxx;H*Hxx;H*Hxxx;H^2*Hxx,0.01,1.4444909772937016
0.6372369289319562,1.4964942840520903,0.6215300054973814,-1.6144956528828474,0;0;-1.61449565288;0.621530005497;-0.114434196545;0;0;-0.46038297275;0;0;0.0386161786107;0,55342.30956393774,0.005,1572,0.0002,56.99300759930626,,0.0014149012916327658,0.4113787000000002,ok,same_stridge_core,Hx;D_x^1.496494 H;Hxxx;H*Hxx;H^2*Hxx,0.015627865961199295,1.6506980353685166
0.6755232292645224,1.2061952983758732,0.13391457674904594,-1.360690136172182,0;0;-1.36069013617;0.133914576749;0;0;0;0;0;0;0;0,55849.157554739475,0.005,1573,0.0002,23.660540294467403,,0.0009455596569370141,0.2674561999999696,ok,same_stridge_core,Hx;D_x^1.206195 H,0.11500000000000003,1.3208772725716096
0.6834166544638751,1.600441352964353,0.204003828038757,-1.2841681269292642,0;0;-1.28416812693;0.204003828039;0;0;0;0;-0.0355084264304;0;0;0,55278.29323364385,0.005,1574,0.0002,34.62801942254662,,0.0010809176506136025,0.4004593999999315,ok,same_stridge_core,Hx;D_x^1.600441 H;H*Hxxx,0.01944073331170522,1.4610434823603113
0.6609476829996315,1.5940556506126211,0.1697671619479045,-1.33784552033262,0;0;-1.33784552033;0.169767161948;0;0;0;0;0;0;0;0,55273.55038003837,0.005,1575,0.0002,24.005776036900407,,0.001838038545973747,0.3892494000000397,ok,same_stridge_core,Hx;D_x^1.594056 H,0.04915394182537038,1.896355884885061
0.6867559402915066,1.670245339623053,0.23861026629051493,-1.2579501928611572,0;0;-1.25795019286;0.238610266291;0;0;0;0;0;0;0;0,55495.981832011166,0.005,1576,0.0002,23.659472659957355,,0.0010863181722313997,0.14013420000003407,ok,same_stridge_core,Hx;D_x^1.670245 H,0.025,1.461079927152888
0.7177550032625385,1.2266886314732282,0.0,-1.146238066987244,0;0;-1.14623806699;0;0;0;0;0;0;0;0;0,55817.268078710134,0.005,1577,0.0002,13.88479139340662,,0.003816220823050014,0.28071890000001076,ok,same_stridge_core,Hx,0.12500000000000003,2.721337777664592
0.693359938326845,1.022282319184219,0.08682729504466179,-1.3699610902632893,0;0;-1.36996109026;0.0868272950447;0;0;0;0;-0.236959919628;0;0;0,56091.48673381811,0.005,1578,0.0002,34.85103912973897,,0.000701089436349547,0.14833550000003015,ok,same_stridge_core,Hx;D_x^1.022282 H;H*Hxxx,0.015476190476190477,1.1961470894481072
0.7014550455934885,1.8408999396685122,0.0,-1.1916118348929556,0;0;-1.19161183489;0;0;0;0;0;0;0;0;0,60313.663049739225,0.005,1579,0.0002,14.626572665061264,,0.0033669074297674106,0.41411859999993794,ok,same_stridge_core,Hx,0.12500000000000003,2.5638400551134177
0.665385234065869,1.6526257924948415,0.18776692041666312,-1.318295692559546,0;0;-1.31829569256;0.187766920417;0;0;0;0;0;0;0;0,55403.78392423599,0.005,1580,0.0002,24.009630338393958,,0.0017394599591207312,0.41540919999999915,ok,same_stridge_core,Hx;D_x^1.652626 H,0.030000000000000002,1.8481167686995628
0.692593538185832,1.6805359012089012,0.0,-1.2168231911211733,0;0;-1.21682319112;0;0;0;0;0;0;0;0;0,55566.314018118406,0.005,1581,0.0002,13.615117206322443,,0.0031945761468051615,0.14327900000000682,ok,same_stridge_core,Hx,0.06681818181818185,2.5018544026987617
0.6275710548263074,1.7964148330308043,0.09626753687972164,-1.416254338998377,0;0;-1.416254339;0.0962675368797;0;0;0;0;0;0;0;0,57997.630512651194,0.005,1582,0.0002,25.984394429633543,,0.003936087793990965,0.3975499000000582,ok,same_stridge_core,Hx;D_x^1.796415 H,0.09000000000000001,2.785342224573064
0.6646343458058863,1.6406150321360684,0.18414019361888362,-1.3218629488216929,0;0;-1.32186294882;0.184140193619;0;0;0;0;0;0;0;0,55357.98834198886,0.005,1583,0.0002,23.997830960539122,,0.0017529580530015378,0.38766390000000683,ok,same_stridge_core,Hx;D_x^1.640615 H,0.04,1.8546356237435797
0.6645069436556401,1.6509557736122888,0.18552304175228657,-1.320916561120604,0;0;-1.32091656112;0.185523041752;0;0;0;0;0;0;0;0,55396.66081214364,0.005,1584,0.0002,24.02375731811795,,0.001771702155522117,0.4038792999999714,ok,same_stridge_core,Hx;D_x^1.650956 H,0.030000000000000002,1.865092993260495
0.6905129365284117,1.6722928864453517,0.24724031962962817,-1.247613530067073,0;0;-1.24761353007;0.24724031963;0;0;0;0;0;0;0;0,55508.92033216959,0.005,1585,0.0002,23.60512198394592,,0.0009994983301081699,0.42790720000004967,ok,same_stridge_core,Hx;D_x^1.672293 H,0.03432677375845444,1.4015538510780845
0.6578375344090015,1.665303808374161,0.6507445878840435,-1.4101036001597667,0;0;-1.41010360016;0.650744587884;0.839149145002;0;0;-0.423595134108;-0.0321711433844;0;0.0394842614801;0,55466.773073665034,0.005,1586,0.0002,68.09756861268183,,0.0012105034652056092,0.41009409999992386,ok,same_stridge_core,Hx;D_x^1.665304 H;Hxxx;H*Hxx;H*Hxxx;H^2*Hxx,0.010036075036075034,1.5374409242837896
0.6921337444116553,1.3683768834956764,0.1798363337430945,-1.2947111389097594,0;0;-1.29471113891;0.179836333743;0;0;0;0;0;0;0;0,55571.12132035461,0.005,1587,0.0002,23.385057049450925,,0.0007110716452240714,0.388146499999948,ok,same_stridge_core,Hx;D_x^1.368377 H,0.073505291005291,1.1566085213090809
0.6714691993901583,1.6372306282635087,0.19830726058689457,-1.3037228467406046,0;0;-1.30372284674;0.198307260587;0;0;0;0;0;0;0;0,55347.22613524064,0.005,1588,0.0002,23.85219662563849,,0.0014966183693221973,0.40010930000005374,ok,same_stridge_core,Hx;D_x^1.637231 H,0.039385683760683785,1.713306171542233
0.6825935763351493,1.6526886190339802,0.22520168071374116,-1.2716543815025054,0;0;-1.2716543815;0.225201680714;0;0;0;0;0;0;0;0,55404.057073048396,0.005,1589,0.0002,23.67997649506407,,0.001174511022517055,0.2833778000000393,ok,same_stridge_core,Hx;D_x^1.652689 H,0.025,1.5183536658447103
0.6535198392625996,1.6764890102178889,0.0,-1.3326864851933817,0;0;-1.33268648519;0;0;0;0;0;0;0;0;0,55537.044483078505,0.005,1590,0.0002,13.634064951362024,,0.0032197162705030293,0.14919850000001134,ok,same_stridge_core,Hx,0.08576190476190479,2.526656054746323
0.6629998749598067,1.6331311305451313,0.17942235480886667,-1.327273819829371,0;0;-1.32727381983;0.179422354809;0;0;0;0;0;0;0;0,55335.34160845336,0.005,1591,0.0002,24.01740079238174,,0.0018082241639509585,0.3907007000000249,ok,same_stridge_core,Hx;D_x^1.633131 H,0.055327672327672335,1.8832641490003923
0.6876533999298334,1.1153737787034796,0.1066506843182199,-1.3704457543463262,0;0;-1.37044575435;0.106650684318;0;0;0;0;-0.180468378166;0;0;0,55978.328367542774,0.005,1592,0.0002,34.704350080527206,,0.0006242076679822584,0.3860855000000356,ok,same_stridge_core,Hx;D_x^1.115374 H;H*Hxxx,0.019440818020797387,1.117353060001544
0.688693482393946,1.6508405171026124,0.23742932466748468,-1.2557010606016665,0;0;-1.2557010606;0.237429324667;0;0;0;0;0;0;0;0,55396.17848063948,0.005,1593,0.0002,23.5722660578029,,0.001018603301406678,0.38992640000003576,ok,same_stridge_core,Hx;D_x^1.650841 H,0.10083333333333336,1.41379466554711
0.662334557673766,1.4843943093212304,0.3645574172004698,-1.439276672899413,0;0;-1.4392766729;0.3645574172;1.71065114109;0;0;-0.0694938827276;-0.347794914301;0;0;0,55361.19603284905,0.005,1594,0.0002,56.88484302816385,,0.0012089370919595483,0.39575170000000526,ok,same_stridge_core,Hx;D_x^1.484394 H;Hxxx;H*Hxx;H*Hxxx,0.02011782661782663,1.5236469953148009
0.6753256426217341,1.6712753066112584,0.6190064954782832,-1.3512414977290892,0;0;-1.35124149773;0.619006495478;0;0;0;-0.370604578106;0.0861750000294;0;0.0352046133126;0,55502.427244089224,0.005,1595,0.0002,56.8361824066816,,0.0008968590984517168,0.2873064999999997,ok,same_stridge_core,Hx;D_x^1.671275 H;H*Hxx;H*Hxxx;H^2*Hxx,0.012035984848484846,1.3337551625923771
0.6817203924978588,1.6777613100542246,0.0,-1.2482893018605077,0;0;-1.24828930186;0;0;0;0;0;0;0;0;0,55546.01383249302,0.005,1596,0.0002,13.56449269035091,,0.0030634057552480446,0.39206560000002355,ok,same_stridge_core,Hx,0.10300000000000004,2.4552899238523045
0.676185618896315,1.6761050150920882,0.0,-1.264533983087465,0;0;-1.26453398309;0;0;0;0;0;0;0;0;0,55534.37863608112,0.005,1597,0.0002,13.552903097917348,,0.003034133495028173,0.14157220000004145,ok,same_stridge_core,Hx,0.07932142857142858,2.446027370701122
0.6710752879549404,1.6570782014333647,0.20125809714353848,-1.3021534237385213,0;0;-1.30215342374;0.201258097144;0;0;0;0;0;0;0;0,55424.06079211674,0.005,1598,0.0002,23.906246271534442,,0.0015356643961335487,0.41365540000003875,ok,same_stridge_core,Hx;D_x^1.657078 H,0.030000000000000002,1.7366219546877437
0.6799614434018229,1.6619607226977322,0.22180643427550495,-1.2773952306313974,0;0;-1.27739523063;0.221806434276;0;0;0;0;0;0;0;0,55448.556180941865,0.005,1599,0.0002,23.752011530859868,,0.0012590528061249926,0.39166119999993043,ok,same_stridge_core,Hx;D_x^1.661961 H,0.025,1.572589058483123
0.6602991647451905,1.6261778747980404,0.17259023159856024,-1.3355255215535942,0;0;-1.33552552155;0.172590231599;0;0;0;0;0;0;0;0,55317.8849940418,0.005,1600,0.0002,24.062926719491394,,0.0019110864005906154,0.2852339999999458,ok,same_stridge_core,Hx;D_x^1.626178 H,0.049153957153957144,1.935772721874675
0.6857311410316043,1.664082147549116,0.23475664003126756,-1.261599893028733,0;0;-1.26159989303;0.234756640031;0;0;0;0;0;0;0;0,55459.97555490862,0.005,1601,0.0002,23.657413670635577,,0.0011052034279241958,0.1268661000000293,ok,same_stridge_core,Hx;D_x^1.664082 H,0.025,1.47342344867213
0.678801640112665,1.3106626216443293,0.1428602568686557,-1.3508068221549887,0;0;-1.35080682215;0.142860256869;0;0;0;0;-0.0842835580184;0;0;0,55676.22069643744,0.005,1602,0.0002,34.672513313613095,,0.0008281134528796482,0.2810094000000163,ok,same_stridge_core,Hx;D_x^1.310663 H;H*Hxxx,0.05051111111111113,1.2667808957506304
0.7076091831333831,1.7318931385624687,0.0,-1.1743294290284934,0;0;-1.17432942903;0;0;0;0;0;0;0;0;0,56178.62740370539,0.005,1603,0.0002,13.853206820755442,,0.0035176833522953498,0.39826540000001387,ok,same_stridge_core,Hx,0.06583333333333334,2.6174813400143644
0.6471648287431017,1.6108435040497844,0.14246135039324254,-1.3735010979801927,0;0;-1.37350109798;0.142461350393;0;0;0;0;0;0;0;0,55290.02878349884,0.005,1604,0.0002,24.33891250237928,,0.002520929970656812,0.4022860000000037,ok,same_stridge_core,Hx;D_x^1.610844 H,0.06999999999999999,2.222900988979743
0.6625317123591931,1.667854585368712,0.0,-1.3052731969561522,0;0;-1.30527319696;0;0;0;0;0;0;0;0;0,55481.50142354429,0.005,1605,0.0002,13.566870827280583,,0.0030830011084137343,0.2691674000000148,ok,same_stridge_core,Hx,0.09833333333333334,2.470570542571725
0.6838410198424346,1.6564023577731612,0.550190062904173,-1.3224401541369417,0;0;-1.32244015414;0.550190062904;0;0;0;-0.30963881175;0.0676576917953;0;0.0296384172912;0,55420.85932950499,0.005,1606,0.0002,56.64974826609225,,0.0007601290376894337,0.3764171999999917,ok,same_stridge_core,Hx;D_x^1.656402 H;H*Hxx;H*Hxxx;H^2*Hxx,0.01,1.2288889365872684
0.6821083702023658,1.6423072604845472,0.2216945897934763,-1.2744604182392545,0;0;-1.27446041824;0.221694589793;0;0;0;0;0;0;0;0,55363.70626100745,0.005,1607,0.0002,23.66397029408893,,0.0011756008210514156,0.3907087000000047,ok,same_stridge_core,Hx;D_x^1.642307 H,0.03462104072398187,1.518487789685948
0.6981459018292482,1.692752089042272,0.25167481060326596,-1.2158453623256458,0;0;-1.21584536233;0.251674810603;1.67513797621;0;0;0;-0.269175669173;0;0;0,55668.67323500443,0.005,1608,0.0002,45.73768224014729,,0.0007393283480623266,0.40906360000008135,ok,same_stridge_core,Hx;D_x^1.692752 H;Hxxx;H*Hxxx,0.025,1.202743652143741
0.6771697069510672,1.1170637547128197,0.10520144020662639,-1.39477592411092,0;0;-1.39477592411;0.105201440207;0;0;0;0;-0.161670020332;0;0;0,55976.100973156186,0.005,1609,0.0002,34.76886866619914,,0.0007123836011133564,0.4026890000000094,ok,same_stridge_core,Hx;D_x^1.117064 H;H*Hxxx,0.04487646592091036,1.1832080823054287
0.6551573653852718,1.6665700154179304,0.0,-1.3276739919330316,0;0;-1.32767399193;0;0;0;0;0;0;0;0;0,55473.992564627835,0.005,1610,0.0002,13.608822585524432,,0.0031882350476356153,0.38906570000006013,ok,same_stridge_core,Hx,0.049999999999999996,2.514024072598865
0.6407701676193143,1.994522397704917,-1.0877347765329284,-1.3929304590857754,0;0;-1.39293045909;-1.08773477653;0;0;0;0.159188303843;-0.0655834031971;0;0;0,66899.72560317248,0.005,1611,0.0002,55.669830748250995,,0.0023296344477786992,0.4083385999999791,ok,same_stridge_core,Hx;D_x^1.994522 H;H*Hxx;H*Hxxx,0.03927756897423562,2.150050265713007
0.6834213694999294,1.623981959793169,0.2200627511861441,-1.2736906151735319,0;0;-1.27369061517;0.220062751186;0;0;0;0;0;0;0;0,55313.03569563718,0.005,1612,0.0002,23.605570772950326,,0.0011190028504358797,0.3951733000000104,ok,same_stridge_core,Hx;D_x^1.623982 H,0.030000000000000002,1.4803564946954526
0.668546081082908,1.646830125742379,0.19376350051620211,-1.3103867658122192,0;0;-1.31038676581;0.193763500516;0;0;0;0;0;0;0;0,55380.13919995993,0.005,1613,0.0002,23.931199485023882,,0.00161271131426717,0.3963707999999997,ok,same_stridge_core,Hx;D_x^1.64683 H,0.03274691358024692,1.7791438050399093
0.681261169369772,1.6586587594677789,0.22381824205284823,-1.2743660337911218,0;0;-1.27436603379;0.223818242053;0;0;0;0;0;0;0;0,55431.72461834955,0.005,1614,0.0002,23.71936217387474,,0.0012181904696240142,0.37636540000005425,ok,same_stridge_core,Hx;D_x^1.658659 H,0.025,1.5466723265349183
0.6498175811207813,1.2503193904973968,0.2945501354531128,-1.6183252594548083,0;0;-1.61832525945;0.294550135453;0;0;0;-0.0856677446288;-0.265239085583;0;0;0,55779.23191179089,0.005,1615,0.0002,46.021458062093934,,0.001021120874001111,0.15126020000002427,ok,same_stridge_core,Hx;D_x^1.250319 H;H*Hxx;H*Hxxx,0.015,1.3980725326612204
0.6757294129719187,1.6602866984926996,0.21218873893097923,-1.2890683438038046,0;0;-1.2890683438;0.212188738931;0;0;0;0;0;0;0;0,55439.882165471885,0.005,1616,0.0002,23.825339116433543,,0.0013850872591520634,0.13771870000005038,ok,same_stridge_core,Hx;D_x^1.660287 H,0.049375,1.6493862502447898
0.6655155679656662,1.6774938133855517,0.0,-1.2962889171770604,0;0;-1.29628891718;0;0;0;0;0;0;0;0;0,55544.11069993615,0.005,1617,0.0002,13.56796565524121,,0.003056724593450294,0.4095026999999618,ok,same_stridge_core,Hx,0.04,2.4591435152539796
0.702644044283156,1.3281029818581658,0.18060579658096038,-1.2762162232443641,0;0;-1.27621622324;0.180605796581;0;0;0;0;0;0;0;0,55645.02288424877,0.005,1618,0.0002,23.353643745424762,,0.0006384486904807539,0.40409980000004,ok,same_stridge_core,Hx;D_x^1.328103 H,0.07125000000000001,1.095634591725254
0.6662077940175494,1.6533766869611277,0.18973639874409512,-1.3159437094177466,0;0;-1.31594370942;0.189736398744;0;0;0;0;0;0;0;0,55407.07112316505,0.005,1619,0.0002,23.994560205072258,,0.0017087054052436477,0.39473259999999755,ok,same_stridge_core,Hx;D_x^1.653377 H,0.030000000000000002,1.8317317558062394
0.6520643567244039,1.6676080521864725,0.12213998526181141,-1.334669867452265,0;0;-1.33466986745;0.122139985262;3.4991175915;0;0;0;-0.557712170407;0;0;0,55480.04578141411,0.005,1620,0.0002,46.25070520208576,,0.001817237506062829,0.4008764999999812,ok,same_stridge_core,Hx;D_x^1.667608 H;Hxxx;H*Hxxx,0.035,1.8666685769544697
0.6632712502938498,1.657374189516997,0.18376736060555207,-1.323529938321212,0;0;-1.32352993832;0.183767360606;0;0;0;0;0;0;0;0,55425.4769954607,0.005,1621,0.0002,24.06585376126656,,0.0018295668559839082,0.13911030000008395,ok,same_stridge_core,Hx;D_x^1.657374 H,0.0431875,1.8956629630822783
0.6873370709771544,1.7356700005290677,0.0,-1.2150651473847263,0;0;-1.21506514738;0;0;0;0;0.0524073202209;0;0;0;0,56246.305065554465,0.005,1622,0.0002,23.976502137975995,,0.0011112561607908278,0.28451970000003257,ok,same_stridge_core,Hx;H*Hxx,0.030000000000000002,1.4779801117542068
0.6835169826928773,1.6734856092812407,0.23243590162080363,-1.2661759327610962,0;0;-1.26617593276;0.232435901621;0;0;0;0;0;0;0;0,55516.69134002082,0.005,1623,0.0002,23.725379661887974,,0.001173413345616056,0.40191029999994043,ok,same_stridge_core,Hx;D_x^1.673486 H,0.025,1.5187031258796424
0.6729249280504727,1.0671696990854929,0.09513255356203164,-1.4136005816705228,0;0;-1.41360058167;0.095132553562;0;0;0;0;-0.177901187939;0;0;0,56039.20271993301,0.005,1624,0.0002,34.84516103937247,,0.0007575509623954315,0.28138079999996535,ok,same_stridge_core,Hx;D_x^1.06717 H;H*Hxxx,0.029928840398284848,1.2216394074126606
0.6327219321447953,1.5793369709650116,0.06795961484841304,-1.389391194149903,0;0;-1.38939119415;0.0679596148484;4.26021394404;0;0;0;-0.671787314531;0;0;0,55268.76395313028,0.005,1625,0.0002,46.436881753994165,,0.002592133119068914,0.41371520000006967,ok,same_stridge_core,Hx;D_x^1.579337 H;Hxxx;H*Hxxx,0.07376543209876542,2.2218705914899406
0.6653286063772588,1.637120733466477,0.1850958721357344,-1.320410228691001,0;0;-1.32041022869;0.185095872136;0;0;0;0;0;0;0;0,55346.891313083615,0.005,1626,0.0002,23.97626162491063,,0.001721128247978332,0.3991941000000452,ok,same_stridge_core,Hx;D_x^1.637121 H,0.054627594627594596,1.8375050996771853
0.7111210160830208,1.6761050150920882,0.20184174263840662,-1.1725263926436404,0;0;-1.17252639264;0.201841742638;0.115704046315;0;0;0.0209656023321;0;0;0;0,55534.37863608112,0.005,1627,0.0002,45.54399293445263,,0.0006377224826083318,0.1397053999999116,ok,same_stridge_core,Hx;D_x^1.676105 H;Hxxx;H*Hxx,0.019452338491051935,1.116490025587733
0.6806920940243957,1.6768392844172277,0.2270447259211315,-1.2733334162424852,0;0;-1.27333341624;0.227044725921;0;0;0;0;0;0;0;0,55539.49296838154,0.005,1628,0.0002,23.786855835341342,,0.0012554308427627898,0.3986536000001024,ok,same_stridge_core,Hx;D_x^1.676839 H,0.025,1.5710586479887239
0.6750486674097846,1.6324315160514002,0.20489697668022686,-1.2947435827567164,0;0;-1.29474358276;0.20489697668;0;0;0;0;0;0;0;0,55333.43487759923,0.005,1629,0.0002,23.773415283622214,,0.0013720026752971207,0.4005540000000565,ok,same_stridge_core,Hx;D_x^1.632432 H,0.047733333333333336,1.640041332582521
0.6602991647451905,1.6851852696057816,0.0,-1.3120252718047976,0;0;-1.3120252718;0;0;0;0;0;0;0;0;0,55602.69462107618,0.005,1630,0.0002,13.601960914234411,,0.003108694798493334,0.280023099999994,ok,same_stridge_core,Hx,0.12500000000000003,2.4814219900191725
0.6728884768567549,1.6669354895318316,0.20729930274202754,-1.2959082756026123,0;0;-1.2959082756;0.207299302742;0;0;0;0;0;0;0;0,55476.10983777673,0.005,1631,0.0002,23.899218584150603,,0.0014859742124332352,0.3804450000000088,ok,same_stridge_core,Hx;D_x^1.666935 H,0.030000000000000002,1.7087746490399116
0.678801640112665,1.6520935202460887,0.5753365894980863,-1.3446924384303724,0;0;-1.34469243843;0.575336589498;0;0;0;-0.337321102604;0.0718352773838;0;0.031974715755;0,55401.4857580356,0.005,1632,0.0002,56.681170917508474,,0.0008259618692368713,0.30204829999991034,ok,same_stridge_core,Hx;D_x^1.652094 H;H*Hxx;H*Hxxx;H^2*Hxx,0.01,1.2796851594728798
0.6674310333084119,1.685113554849735,0.0,-1.2768304310935583,0;0;-1.27683043109;0;0;0;0;0.0425403682656;0;0;0;0,55602.11024673339,0.005,1633,0.0002,24.07943960944859,,0.0017213753961633647,0.13943840000001728,ok,same_stridge_core,Hx;H*Hxx,0.030000000000000002,1.8385955107552296
0.657168278491815,1.6411614515921469,0.16762830232741188,-1.3423347383464765,0;0;-1.34233473835;0.167628302327;0;0;0;0;0;0;0;0,55359.80973390969,0.005,1634,0.0002,24.15916441474861,,0.002069234148555951,0.3893622000000505,ok,same_stridge_core,Hx;D_x^1.641161 H,0.045,2.0152405211847277
0.6715804162804865,1.6421561875222808,0.19947740634722488,-1.3027599439786157,0;0;-1.30275994398;0.199477406347;0;0;0;0;0;0;0;0,55363.186519130155,0.005,1635,0.0002,23.860310176081192,,0.0014991535662531197,0.38686520000010205,ok,same_stridge_core,Hx;D_x^1.642156 H,0.030000000000000002,1.715035568429131
0.6733197395384427,1.638666906431155,0.20250998582939977,-1.2985323829105027,0;0;-1.29853238291;0.202509985829;0;0;0;0;0;0;0;0,55351.68568110554,0.005,1636,0.0002,23.81898369739438,,0.001436051351968799,0.3868962999999894,ok,same_stridge_core,Hx;D_x^1.638667 H,0.040665959040959015,1.6783094249521615
0.6822554212140695,1.6583354696540578,0.22586775860266123,-1.2717437457579874,0;0;-1.27174374576;0.225867758603;0;0;0;0;0;0;0;0,55430.1365293344,0.005,1637,0.0002,23.700867081382047,,0.0011902666526962488,0.38672939999992195,ok,same_stridge_core,Hx;D_x^1.658335 H,0.025,1.5288124696482863
0.6827824149752517,1.6533334713913275,0.2257579328815807,-1.2710558137822312,0;0;-1.27105581378;0.225757932882;0;0;0;0;0;0;0;0,55406.88049522496,0.005,1638,0.0002,23.678314924543955,,0.001170148145829788,0.4160379999999577,ok,same_stridge_core,Hx;D_x^1.653333 H,0.025,1.5155627264539677
0.6704340896020841,1.6771743523548517,0.6560339106589453,-1.3685468247337862,0;0;-1.36854682473;0.656033910659;0;0;0;-0.404720173267;0.0958135250525;0;0.0383105072342;0,55541.849727503126,0.005,1639,0.0002,56.94063463210328,,0.0009874829827543872,0.4066587999999456,ok,same_stridge_core,Hx;D_x^1.677174 H;H*Hxx;H*Hxxx;H^2*Hxx,0.019545454545454536,1.3987849046001593
0.6551573653852718,1.6411614515921469,0.16308400359720887,-1.3479073232571739,0;0;-1.34790732326;0.163084003597;0;0;0;0;0;0;0;0,55359.80973390969,0.005,1640,0.0002,24.20378932676104,,0.002161786530488272,0.026570499999934327,ok,same_stridge_core,Hx;D_x^1.641161 H,0.045,2.059865433197162
0.6983700680650194,1.242178894047166,0.139477853893396,-1.3214123510431068,0;0;-1.32141235104;0.139477853893;0;0;0;0;-0.134639920619;0;0;0,55792.48681217625,0.005,1641,0.0002,34.52307343627309,,0.0005529384723709418,0.3829442999999628,ok,same_stridge_core,Hx;D_x^1.242179 H;H*Hxxx,0.024408179108827793,1.0475813489673365
0.6776504232150742,1.6616212824225114,0.216694310554443,-1.2836828576301071,0;0;-1.28368285763;0.216694310554;0;0;0;0;0;0;0;0,55446.77385212334,0.005,1642,0.0002,23.793265204823587,,0.0013271322693933886,0.38368100000002414,ok,same_stridge_core,Hx;D_x^1.661621 H,0.08625000000000002,1.614555663974251
0.6622222677373195,1.6225417134942481,0.6047634514512815,-1.4179762542842662,0;0;-1.41797625428;0.604763451451;0.463566947162;0;0;-0.391381456285;0;0;0.0359526143161;0,55310.020002012905,0.005,1643,0.0002,56.75519025032971,,0.0010680911027286218,0.40535350000004655,ok,same_stridge_core,Hx;D_x^1.622542 H;Hxxx;H*Hxx;H^2*Hxx,0.010454545454545454,1.4451702483168043
0.682682001534046,1.633392796188461,0.22077337672700198,-1.2742452530352901,0;0;-1.27424525304;0.220773376727;0;0;0;0;0;0;0;0,55336.06374722225,0.005,1644,0.0002,23.635506908028105,,0.0011496232114182193,0.39785300000005464,ok,same_stridge_core,Hx;D_x^1.633393 H,0.029929978971645645,1.5010814091392026
0.7018693793947777,1.6608742127073017,0.250098908714477,-1.2129493561203393,0;0;-1.21294935612;0.250098908714;1.43089396486;0;0;0;-0.234211867269;0;0;0,55442.893330554834,0.005,1645,0.0002,45.50716438979723,,0.0006778440433260476,0.2751698000000715,ok,same_stridge_core,Hx;D_x^1.660874 H;Hxxx;H*Hxxx,0.02,1.1528497253533625
0.6598835931533925,1.6792985282455146,0.0,-1.3132849546401337,0;0;-1.31328495464;0;0;0;0;0;0;0;0;0,55557.133886288226,0.005,1646,0.0002,13.595088071551004,,0.0031140587457738574,0.38417549999996936,ok,same_stridge_core,Hx,0.12500000000000003,2.483661294293357
0.6655155679656662,1.675993927614896,0.0,-1.2962889171770604,0;0;-1.29628891718;0;0;0;0;0;0;0;0;0,55533.611062536766,0.005,1647,0.0002,13.565865727761333,,0.003056724593450294,0.27934800000002724,ok,same_stridge_core,Hx,0.04,2.4591435152539796
0.6672262336512094,1.6348222524673113,0.5818775447010953,-1.389316200381329,0;0;-1.38931620038;0.581877544701;0.532513780674;0;0;-0.363483444709;-0.0107090056377;0;0.0337708282249;0,55340.09530421238,0.005,1648,0.0002,67.80056917724747,,0.0009891426672905825,0.4221661999999924,ok,same_stridge_core,Hx;D_x^1.634822 H;Hxxx;H*Hxx;H*Hxxx;H^2*Hxx,0.01,1.3924548121926137
0.7168325636317961,1.2363000605598682,0.1648475934742243,-1.2551732262245532,0;0;-1.25517322622;0.164847593474;0;0;0;0;0;0;0;0,55801.959844883495,0.005,1649,0.0002,23.620817343926962,,0.0008779824423048789,0.43468080000002374,ok,same_stridge_core,Hx;D_x^1.2363 H,0.07350529100529102,1.3000334059735628
0.6791160244679697,1.6453682197569277,0.5654058435549739,-1.345938135297182,0;0;-1.3459381353;0.565405843555;0;0;0;-0.331046869544;0.0678927008907;0;0.0313212129138;0,55374.64033850419,0.005,1650,0.0002,56.64621944661048,,0.0008158796068765093,0.42906570000002375,ok,same_stridge_core,Hx;D_x^1.645368 H;H*Hxx;H*Hxxx;H^2*Hxx,0.01,1.2715791081062908
0.679758573271342,1.6705514594593591,0.2234246219137423,-1.2767391533964896,0;0;-1.2767391534;0.223424621914;0;0;0;0;0;0;0;0,55497.88424085809,0.005,1651,0.0002,23.78213167327242,,0.0012750383772566051,0.41750200000001314,ok,same_stridge_core,Hx;D_x^1.670551 H,0.029444187794776026,1.582977976929182
0.6873370709771544,1.6336023912265878,0.23018268863178892,-1.261910927241743,0;0;-1.26191092724;0.230182688632;0;0;0;0;0;0;0;0,55336.64573274509,0.005,1652,0.0002,23.55666007820292,,0.001031857034403006,0.27344110000001365,ok,same_stridge_core,Hx;D_x^1.633602 H,0.030000000000000002,1.4220017851048823
0.6643118271309745,1.5702081735981468,0.5441490836788819,-1.4355772482568612,0;0;-1.43557724826;0.544149083679;0.220633997518;0;0;-0.351597457535;0;0;0.0316007799849;0,55269.52293451064,0.005,1653,0.0002,56.648798681239946,,0.0009734863020417588,0.2827620000000479,ok,same_stridge_core,Hx;D_x^1.570208 H;Hxxx;H*Hxx;H^2*Hxx,0.02,1.3792757467293066
0.6781694157392558,1.6388190532062368,0.2127273729188966,-1.2854820248827707,0;0;-1.28548202488;0.212727372919;0;0;0;0;0;0;0;0,55352.16729185126,0.005,1654,0.0002,23.727601500533314,,0.0012838126859633767,0.37920569999994314,ok,same_stridge_core,Hx;D_x^1.638819 H,0.04,1.5867345837928086
0.6530821395896991,1.6278713581374145,0.6565069020772166,-1.4533272420091592,0;0;-1.45332724201;0.656506902077;0.631735761356;0;0;-0.443731583203;-0.0142181189381;0;0.0404713026593;0,55321.83693196891,0.005,1655,0.0002,67.9565663936841,,0.0012662323274512566,0.39751909999995405,ok,same_stridge_core,Hx;D_x^1.627871 H;Hxxx;H*Hxx;H*Hxxx;H^2*Hxx,0.015,1.570362075321405
0.6817203924978588,1.6665078505600301,0.2267345195416031,-1.2720120798962042,0;0;-1.2720120799;0.226734519542;0;0;0;0;0;0;0;0,55473.633973347,0.005,1656,0.0002,23.734174762909795,,0.0012144908645741268,0.28220859999998993,ok,same_stridge_core,Hx;D_x^1.666508 H,0.025,1.5447211735709965
0.6866384889988066,1.6576078132190906,0.23496502316657072,-1.2601375735063567,0;0;-1.26013757351;0.234965023167;0;0;0;0;0;0;0;0,55426.600802314606,0.005,1657,0.0002,23.623685096335244,,0.001075353088458467,0.39488119999998617,ok,same_stridge_core,Hx;D_x^1.657608 H,0.10500000000000002,1.4530447754094005
0.6761346745067268,1.636404411411903,0.20797128441237664,-1.2912749284590475,0;0;-1.29127492846;0.207971284412;0;0;0;0;0;0;0;0,55344.73121100645,0.005,1658,0.0002,23.760594032621118,,0.001342812620160709,0.3912400000000389,ok,same_stridge_core,Hx;D_x^1.636404 H,0.044523809523809514,1.6227015482185374
0.6739639160266767,1.6109395864912341,0.19851838963619067,-1.3006648356803217,0;0;-1.30066483568;0.198518389636;0;0;0;0;0;0;0;0,55290.16226383879,0.005,1659,0.0002,23.759073704227394,,0.0013791669060388054,0.41445840000005774,ok,same_stridge_core,Hx;D_x^1.61094 H,0.03432677322677323,1.643008798691876
0.6607377375770449,1.625253938282456,0.17341133636321648,-1.33444081810758,0;0;-1.33444081811;0.173411336363;0;0;0;0;0;0;0;0,55315.80725732832,0.005,1660,0.0002,24.05191150466142,,0.0018911704023682413,0.41442140000003747,ok,same_stridge_core,Hx;D_x^1.625254 H,0.03935956790123456,1.9255886017300927
0.6738377890418294,1.6432376049616317,0.20452055788713813,-1.2965104367523015,0;0;-1.29651043675;0.204520557887;0;0;0;0;0;0;0;0,55366.94801073908,0.005,1661,0.0002,23.818746937393744,,0.0014247980466452722,0.29662870000004204,ok,same_stridge_core,Hx;D_x^1.643238 H,0.02936974634741519,1.6719677330981122
0.6982453610145314,1.6462137158395758,0.2553084486583817,-1.231359096005254,0;0;-1.23135909601;0.255308448658;0;0;0;0;0;0;0;0,55377.79835014644,0.005,1662,0.0002,23.417164912470422,,0.0008173103445047323,0.4085632999999689,ok,same_stridge_core,Hx;D_x^1.646214 H,0.029434286653355023,1.2660455724118451
0.6417288289291334,1.685113554849735,0.0,-1.3712754801971685,0;0;-1.3712754802;0;4.25501149082;0;0;0;-0.763023441031;0;0;0,55602.11024673339,0.005,1663,0.0002,35.521522965483285,,0.0024201323829145553,0.15585540000006404,ok,same_stridge_core,Hx;Hxxx;H*Hxxx,0.03989599686028257,2.160256817443251
0.6862385935528592,1.6880667874237403,0.0,-1.2351423483138835,0;0;-1.23514234831;0;0;0;0;0;0;0;0;0,55626.79792222883,0.005,1664,0.0002,13.595671048947143,,0.0031065106014297656,0.15581209999993462,ok,same_stridge_core,Hx,0.09500000000000001,2.470311464501376
0.6669253643347486,1.667854585368712,0.1939237696361432,-1.3121563364308824,0;0;-1.31215633643;0.193923769636;0;0;0;0;0;0;0;0,55481.50142354429,0.005,1665,0.0002,24.02041466105305,,0.0017000493716783016,0.14956819999997606,ok,same_stridge_core,Hx;D_x^1.667855 H,0.030000000000000002,1.8278140916353327
0.661486998001368,1.6728973741890247,0.0,-1.3084296139882323,0;0;-1.30842961399;0;0;0;0;0;0;0;0;0,55512.83700174182,0.005,1666,0.0002,13.577968932081971,,0.0030943723545554646,0.3815014000000474,ok,same_stridge_core,Hx,0.04022023809523812,2.4754015317336058
0.7177550032625385,1.6937157559762765,0.31138698473833576,-1.1727498218197605,0;0;-1.17274982182;0.311386984738;0;0;0;0;0;0;0;0,55677.7137775743,0.005,1667,0.0002,23.348274743264728,,0.0005895906285582572,0.2888331999999991,ok,same_stridge_core,Hx;D_x^1.693716 H,0.05999999999999999,1.0771892322350067
0.6757859554957223,1.022282319184219,0.08475680258147475,-1.4081792019985524,0;0;-1.408179202;0.0847568025815;0.319040600948;0;0;0;-0.249995931191;0;0;0,56091.48673381811,0.005,1668,0.0002,46.07818532601394,,0.0007251857565304968,0.1546229000000494,ok,same_stridge_core,Hx;D_x^1.022282 H;Hxxx;H*Hxxx,0.015,1.2049959389594511
0.6821337943152379,1.686875312313652,0.0,-1.2309957169498473,0;0;-1.23099571695;0;0;0;0;0.0498953398225;0;0;0;0,55616.68337184265,0.005,1669,0.0002,23.811563101279148,,0.0012463169852399048,0.2792529000000741,ok,same_stridge_core,Hx;H*Hxx,0.025,1.5648897525420882
0.6610272186722502,1.048366998985595,0.0843488922080535,-1.4305194077945562,0;0;-1.43051940779;0.0843488922081;1.01297799481;0;0;0;-0.308712587207;0;0;0,56061.601953944875,0.005,1670,0.0002,46.19596922729622,,0.0009345215275682659,0.414362800000049,ok,same_stridge_core,Hx;D_x^1.048367 H;Hxxx;H*Hxxx,0.02,1.346687664140315
0.6229611016606069,1.048078906009172,0.18788774840623643,-1.7508259357526201,0;0;-1.75082593575;0.187887748406;0;0;0;-0.0802331195623;-0.399797594905;0;0;0,56061.93948745848,0.005,1671,0.0002,46.54509969966073,,0.0014665330908143882,0.40477240000006987,ok,same_stridge_core,Hx;D_x^1.048079 H;H*Hxx;H*Hxxx,0.035699916330168426,1.6955481096939433
0.6777498657645353,1.647812067956775,0.21381512752274598,-1.2853377688504635,0;0;-1.28533776885;0.213815127523;0;0;0;0;0;0;0;0,55383.93570671855,0.005,1672,0.0002,23.755335267515814,,0.0013073874637331126,0.2941882000000078,ok,same_stridge_core,Hx;D_x^1.647812 H,0.025,1.6017609848283967
0.6516369874221171,1.6448044213481272,0.15541745160290796,-1.3573029592887296,0;0;-1.35730295929;0.155417451603;0;0;0;0;0;0;0;0,55372.568021516614,0.005,1673,0.0002,24.290922815551475,,0.002336790795161646,0.3906160000000227,ok,same_stridge_core,Hx;D_x^1.644804 H,0.12500000000000003,2.1418956069448276
0.6909076728825125,1.654858929187555,0.24308615003337777,-1.2492305669050803,0;0;-1.24923056691;0.243086150033;0;0;0;0;0;0;0;0,55413.71589354019,0.005,1674,0.0002,23.547097769153787,,0.0009725006488739775,0.3885635999999977,ok,same_stridge_core,Hx;D_x^1.654859 H,0.045,1.3816114117377096
0.6648993096963077,1.6440322479043914,0.18527109862884353,-1.3207069716749027,0;0;-1.32070697167;0.185271098629;0;0;0;0;0;0;0;0,55369.772862338235,0.005,1675,0.0002,23.999625776325978,,0.001747099445567772,0.3867871999999579,ok,same_stridge_core,Hx;D_x^1.644032 H,0.12500000000000003,1.8517166313906848
0.6759659882785387,1.869348183118802,0.0,-1.239818770464502,0;0;-1.23981877046;0;0.424582595405;0;0;-0.11446521812;0;0;0.0201278508418;0,62219.950137000626,0.005,1676,0.0002,51.28527028749753,,0.0011475933157350008,0.39353080000000773,ok,same_stridge_core,Hx;Hxxx;H*Hxx;H^2*Hxx,0.01,1.5093101778970281
0.6819769967456554,1.675993927614896,0.22968797995255133,-1.2699745738144677,0;0;-1.26997457381;0.229687979953;0;0;0;0;0;0;0;0,55533.611062536766,0.005,1677,0.0002,23.761027489056822,,0.0012182625704943548,0.13498150000009446,ok,same_stridge_core,Hx;D_x^1.675994 H,0.034908291065714026,1.5475830640421162
0.6710735818532156,1.7242357992516497,0.6984162083167763,-1.344172805931342,0;0;-1.34417280593;0.698416208317;0;0;0;-0.423258250464;0.114929351555;0;0.0408861039936;0,56052.69485208149,0.005,1678,0.0002,57.485269211039224,,0.0010313966670116453,0.4000723999999991,ok,same_stridge_core,Hx;D_x^1.724236 H;H*Hxx;H*Hxxx;H^2*Hxx,0.010311188811188806,1.432574358957731
0.6445182074675685,1.681681394242683,0.0,-1.3604906729111237,0;0;-1.36049067291;0;0;0;0;0;0;0;0;0,55574.997946947115,0.005,1679,0.0002,13.730611498985557,,0.0034487347095213503,0.13978149999991274,ok,same_stridge_core,Hx,0.07087500000000001,2.615611909596133
0.6824715937473891,1.686875312313652,0.0,-1.2460963833295633,0;0;-1.24609638333;0;0;0;0;0;0;0;0;0,55616.68337184265,0.005,1680,0.0002,13.580673627172562,,0.0030694043610008546,0.13896119999992607,ok,same_stridge_core,Hx,0.12500000000000003,2.4573369528040305
0.6906765102804076,1.657374189516997,0.2433166123886766,-1.2494549085758049,0;0;-1.24945490858;0.243316612389;0;0;0;0;0;0;0;0,55425.4769954607,0.005,1681,0.0002,23.55744090789902,,0.0009802619035656982,0.1363015000000587,ok,same_stridge_core,Hx;D_x^1.657374 H,0.040075549450549426,1.3872501097147372
0.6873370709771544,1.649311690592724,0.2342323374553624,-1.2595254117164814,0;0;-1.25952541172;0.234232337455;0;0;0;0;0;0;0;0,55389.896037978644,0.005,1682,0.0002,23.590744796287403,,0.0010491651236823167,0.2834732000000031,ok,same_stridge_core,Hx;D_x^1.649312 H,0.02440907006077284,1.4347863810959434
0.6614813920259536,1.652628046707643,0.6243450414263344,-1.4029275875722749,0;0;-1.40292758757;0.624345041426;0.707840790729;0;0;-0.400601385261;-0.0222255911917;0;0.0372633863457;0,55403.79375129911,0.005,1683,0.0002,67.96286647354866,,0.0011175579885994377,0.3909428999999136,ok,same_stridge_core,Hx;D_x^1.652628 H;Hxxx;H*Hxx;H*Hxxx;H^2*Hxx,0.01,1.4783139719897262
0.6983930473401905,1.6610395545644436,0.2602095098599715,-1.2285683787407646,0;0;-1.22856837874;0.26020950986;0;0;0;0;0;0;0;0,55443.74693417093,0.005,1684,0.0002,23.452798091626494,,0.0008282916756104956,0.3790354000000207,ok,same_stridge_core,Hx;D_x^1.66104 H,0.041249999999999995,1.2752993179581238
0.6665759698210407,1.7070107105699546,0.7109074792682921,-1.3698147971982395,0;0;-1.3698147972;0.710907479268;0;0;0;-0.444717502224;0.115089217196;0;0.042462879573;0,55818.62678084463,0.005,1685,0.0002,57.29613624079857,,0.0011000918861837445,0.13667629999997644,ok,same_stridge_core,Hx;D_x^1.707011 H;H*Hxx;H*Hxxx;H^2*Hxx,0.01,1.4775094599539362
0.6754657209831862,1.6774668735948401,0.0,-1.266658259028541,0;0;-1.26665825903;0;0;0;0;0;0;0;0;0,55543.91980415118,0.005,1686,0.0002,13.55438319886337,,0.003032308981810069,0.37609340000005886,ok,same_stridge_core,Hx,0.12500000000000003,2.4455992380331333
0.6703120373479858,1.676817860512147,0.0,-1.2819425008462682,0;0;-1.28194250085;0;0;0;0;0;0;0;0;0,55539.342709159166,0.005,1687,0.0002,13.5558643398921,,0.0030331501018482244,0.3733675000000858,ok,same_stridge_core,Hx,0.04,2.4479957980602665
0.7031207010175078,1.3730838895921702,0.19210511135954814,-1.267393942142645,0;0;-1.26739394214;0.19210511136;0;0;0;0;0;0;0;0,55562.35972615316,0.005,1688,0.0002,23.29955462789793,,0.0006118575736915829,0.39471630000002733,ok,same_stridge_core,Hx;D_x^1.373084 H,0.10000000000000002,1.0746107374366651
0.647112308282634,1.9313578447294877,0.0,-1.3440917201843097,0;0;-1.34409172018;0;0;0;0;-0.229984574361;0.0488931399982;0;0.0322833704087;0,66050.51616957619,0.005,1689,0.0002,54.84217675984888,,0.002008897721060328,0.3798699999999826,ok,same_stridge_core,Hx;H*Hxx;H*Hxxx;H^2*Hxx,0.02,2.0017638241879236
0.6602991647451905,1.659818106246631,0.17731623004892627,-1.3314655162643767,0;0;-1.33146551626;0.177316230049;0;0;0;0;0;0;0;0,55437.505945709054,0.005,1690,0.0002,24.13547143980424,,0.0019564733106449813,0.27117069999997057,ok,same_stridge_core,Hx;D_x^1.659818 H,0.035,1.9604690615206162
0.6600533097596144,1.6389567457799836,0.17378868250904808,-1.3346361589927203,0;0;-1.33463615899;0.173788682509;0;0;0;0;0;0;0;0,55352.604705496655,0.005,1691,0.0002,24.0917152596869,,0.0019391448721972381,0.3876305000000002,ok,same_stridge_core,Hx;D_x^1.638957 H,0.04,1.9506733774882377
0.6834532944351313,1.651769836985206,0.2267846565032257,-1.2694912785534256,0;0;-1.26949127855;0.226784656503;0;0;0;0;0;0;0;0,55400.10102683579,0.005,1692,0.0002,23.66265055201596,,0.001150379595151719,0.38395279999997456,ok,same_stridge_core,Hx;D_x^1.65177 H,0.025,1.5026101412816446
0.6676368084111337,1.685113554849735,0.0,-1.27618050741441,0;0;-1.27618050741;0;0;0;0;0.0426459602389;0;0;0;0,55602.11024673339,0.005,1693,0.0002,24.075345412908185,,0.0017137121788292809,0.14358789999994315,ok,same_stridge_core,Hx;H*Hxx,0.030000000000000002,1.8345013142148279
0.6796003222797125,1.6574279910624954,0.21995663933449378,-1.2790068978671056,0;0;-1.27900689787;0.219956639334;0;0;0;0;0;0;0;0,55425.73505901962,0.005,1694,0.0002,23.745830893808144,,0.0012641505343452114,0.4092392000000018,ok,same_stridge_core,Hx;D_x^1.657428 H,0.025,1.5755368702002943
0.6717547423740238,1.6930683727949918,0.0,-1.2632249636986308,0;0;-1.2632249637;0;0;0;0;0.044743083657;0;0;0;0,55671.62429378622,0.005,1695,0.0002,24.022725862752523,,0.0015666134848211159,0.39040860000000066,ok,same_stridge_core,Hx;H*Hxx,0.030000000000000002,1.754076145238036
0.6815211500961987,1.67401183323938,0.22817575563504713,-1.2714866453178257,0;0;-1.27148664532;0.228175755635;0;0;0;0;0;0;0;0,55520.17555860662,0.005,1696,0.0002,23.762178720126954,,0.0012287062943146753,0.3755548000000317,ok,same_stridge_core,Hx;D_x^1.674012 H,0.03558823529411764,1.5541084966843026
0.6684770483240515,1.2266886314732282,0.211613082730863,-1.4940536490422092,0;0;-1.49405364904;0.211613082731;0;0;0;-0.0450888082469;-0.213577317321;0;0;0,55817.268078710134,0.005,1697,0.0002,45.87573179251965,,0.000768260883394333,0.1476377000000184,ok,same_stridge_core,Hx;D_x^1.226689 H;H*Hxx;H*Hxxx,0.01,1.2219173295515438
0.6784152810315098,1.6353275581279394,0.2124786146313436,-1.2853219820874215,0;0;-1.28532198209;0.212478614631;0;0;0;0;0;0;0;0,55341.556043991885,0.005,1698,0.0002,23.715972299300816,,0.0012722318200135273,0.2732515999999805,ok,same_stridge_core,Hx;D_x^1.635328 H,0.039458333333333324,1.579349881704061
0.690655654981459,1.3770530133648684,0.16615533736445096,-1.3089586166702794,0;0;-1.30895861667;0.166155337364;0;0;0;0;-0.0740544683391;0;0;0,55554.95902455211,0.005,1699,0.0002,34.4854600274358,,0.0006804521878391715,0.38919899999984864,ok,same_stridge_core,Hx;D_x^1.377053 H;H*Hxxx,0.02,1.1524846127045283
0.6551573653852718,1.9189185761302965,0.0,-1.3276739919330316,0;0;-1.32767399193;0;0;0;0;0;0;0;0;0,65454.1565465124,0.005,1700,0.0002,15.604855381901345,,0.0031882350476356153,0.2828919000000951,ok,same_stridge_core,Hx,0.10750000000000004,2.514024072598865
0.6685656379184398,1.657646756595569,0.1957750459345684,-1.3089383358225983,0;0;-1.30893833582;0.195775045935;0;0;0;0;0;0;0;0,55426.788747623235,0.005,1701,0.0002,23.957736160203247,,0.0016259704485994259,0.4036043000000973,ok,same_stridge_core,Hx;D_x^1.657647 H,0.030000000000000002,1.787020661153952
0.673227103063099,1.684602117103149,0.0,-1.2586160457520936,0;0;-1.25861604575;0;0;0;0;0.0454855657712;0;0;0;0,55597.96399928899,0.005,1702,0.0002,23.965218866609217,,0.0015168577001001568,0.3953283000000738,ok,same_stridge_core,Hx;H*Hxx,0.03159259259259258,1.72603326689362
0.6857857818698065,1.7075293130249876,0.0,-1.2197988965296926,0;0;-1.21979889653;0;0;0;0;0.0516633191655;0;0;0;0,55824.77520548262,0.005,1703,0.0002,23.833210426255814,,0.0011498210426636399,0.13908760000003895,ok,same_stridge_core,Hx;H*Hxx,0.03440283036291439,1.5033003440627657
0.673227103063099,1.684602117103149,0.6468561326348717,-1.353962580078616,0;0;-1.35396258008;0.646856132635;0;0;0;-0.391354371108;0.0955125789826;0;0.0372721589358;0,55597.96399928899,0.005,1704,0.0002,56.96806341979623,,0.0009459561575514061,0.029665200000181358,ok,same_stridge_core,Hx;D_x^1.684602 H;H*Hxx;H*Hxxx;H^2*Hxx,0.015309865573023464,1.3700994205072399
0.6900675452673268,1.6793995514503384,0.0,-1.2240807438293442,0;0;-1.22408074383;0;0;0;0;0;0;0;0;0,55557.87582026703,0.005,1705,0.0002,13.599503281072025,,0.003155854940050337,0.39381950000006327,ok,same_stridge_core,Hx,0.09214285714285718,2.48792811701862
0.6665759698210407,1.6602866984926996,0.19176951484460364,-1.3140641187498874,0;0;-1.31406411875;0.191769514845;0;0;0;0;0;0;0;0,55439.882165471885,0.005,1706,0.0002,24.005304978307556,,0.0017036112673747092,0.025501500000018495,ok,same_stridge_core,Hx;D_x^1.660287 H,0.030000000000000002,1.8293521121188014
0.6655115156831608,1.6609534459067778,0.18946679380561082,-1.3169112779615613,0;0;-1.31691127796;0.189466793806;0;0;0;0;0;0;0;0,55443.30193252722,0.005,1707,0.0002,24.029012643343414,,0.0017453863252761602,0.3863344999999754,ok,same_stridge_core,Hx;D_x^1.660953 H,0.049395604395604385,1.851691870332527
0.6895640540715976,1.6501218604323002,0.23902030662147672,-1.2535084621667596,0;0;-1.25350846217;0.239020306621;0;0;0;0;0;0;0;0,55393.19909092907,0.005,1708,0.0002,23.556453662305465,,0.0009977208039722192,0.2964607999999771,ok,same_stridge_core,Hx;D_x^1.650122 H,0.06472222222222224,1.3991740259338366
0.6762563356311582,1.64390031288125,0.5809891384937056,-1.358492898807239,0;0;-1.35849289881;0.580989138494;0;0;0;-0.347500291283;0.0706076418025;0;0.0327173451646;0,55369.30030854986,0.005,1709,0.0002,56.671417805142056,,0.0008565117487302998,0.4083115999999336,ok,same_stridge_core,Hx;D_x^1.6439 H;H*Hxx;H*Hxxx;H^2*Hxx,0.01,1.3021174965921984
0.6787629504292197,1.6720644518031864,0.22158113018461412,-1.279226690937046,0;0;-1.27922669094;0.221581130185;0;0;0;0;0;0;0;0,55507.451849541394,0.005,1710,0.0002,23.80521974296386,,0.0013061237489681713,0.3956984999999804,ok,same_stridge_core,Hx;D_x^1.672064 H,0.030000000000000002,1.602239003147299
0.6802311412804949,1.657374189516997,0.22130020321135926,-1.2773172760557487,0;0;-1.27731727606;0.221300203211;0;0;0;0;0;0;0;0,55425.4769954607,0.005,1711,0.0002,23.734285947221693,,0.0012458758950747893,0.1386592000001201,ok,same_stridge_core,Hx;D_x^1.657374 H,0.025,1.5640951490374113
0.6755760235480897,1.6553017338249232,0.21077394074612582,-1.2901640470285978,0;0;-1.29016404703;0.210773940746;0;0;0;0;0;0;0;0,55415.74186232934,0.005,1712,0.0002,23.814671369641417,,0.00138382514414933,0.38860040000008667,ok,same_stridge_core,Hx;D_x^1.655302 H,0.041249999999999995,1.6483746247096773
0.6643118271309745,1.658488674610146,0.1863189544097719,-1.3205224657174228,0;0;-1.32052246572;0.18631895441;0;0;0;0;0;0;0;0,55430.88779408114,0.005,1713,0.0002,24.047083580321132,,0.0017892980886082947,0.2831584999998995,ok,same_stridge_core,Hx;D_x^1.658489 H,0.029772430184194867,1.8747284626886724
0.6724697253200674,1.6528207186143706,0.20348637584641882,-1.2989214285865152,0;0;-1.29892142859;0.203486375846;0;0;0;0;0;0;0;0,55404.63209237696,0.005,1714,0.0002,23.867872619297586,,0.0014824470142182345,0.3965325000001485,ok,same_stridge_core,Hx;D_x^1.652821 H,0.030000000000000002,1.706019782346801
0.66199228278943,1.653324101870399,0.18022506202639052,-1.327552658039541,0;0;-1.32755265804;0.180225062026;0;0;0;0;0;0;0;0,55406.83904830193,0.005,1715,0.0002,24.082434453555106,,0.0018766315470334792,0.3784189000000424,ok,same_stridge_core,Hx;D_x^1.653324 H,0.029575163398692806,1.9196988342343324
0.6754657209831862,1.6331234105402672,0.5726951317173712,-1.3660459400741305,0;0;-1.36604594007;0.572695131717;0;0;0;-0.345009019169;0.0655041300636;0;0.032316030906;0,55335.32038767509,0.005,1716,0.0002,56.638380734340956,,0.0008587672040790469,0.28887409999992997,ok,same_stridge_core,Hx;D_x^1.633123 H;H*Hxx;H*Hxxx;H^2*Hxx,0.015,1.3030603466658615
0.676185618896315,1.6892309831446295,0.0,-1.249392032180902,0;0;-1.24939203218;0;0;0;0;0.0469658530604;0;0;0;0,55636.88776056348,0.005,1717,0.0002,23.92561404015429,,0.0014212800103019603,0.2845776999999998,ok,same_stridge_core,Hx;H*Hxx,0.030000000000000002,1.670858935928898
0.6694973836091787,1.6626684931517854,0.645294461591985,-1.3789416160684982,0;0;-1.37894161607;0.645294461592;0;0;0;-0.40184074219;0.0895374166161;0;0.0377771900599;0,55452.312516018625,0.005,1718,0.0002,56.850144095917805,,0.0009877262921279785,0.14200039999991532,ok,same_stridge_core,Hx;D_x^1.662668 H;H*Hxx;H*Hxxx;H^2*Hxx,0.015,1.3978315798991852
0.6767768807652305,1.6729084158030432,0.21734204776701382,-1.2845074944103316,0;0;-1.28450749441;0.217342047767;0;0;0;0;0;0;0;0,55512.908985893424,0.005,1719,0.0002,23.84468290141727,,0.0013675243908749725,0.39646220000008725,ok,same_stridge_core,Hx;D_x^1.672908 H,0.030555555555555555,1.6395193070598992
0.6568356731226306,1.649916868481897,0.1679764297220885,-1.3422394261781487,0;0;-1.34223942618;0.167976429722;0;0;0;0;0;0;0;0,55392.35752198041,0.005,1720,0.0002,24.18571619302109,,0.0020961380261453255,0.39756039999997483,ok,same_stridge_core,Hx;D_x^1.649917 H,0.06083333333333332,2.028773184228926
0.6726602905016198,1.664082147549116,0.6271727448174593,-1.3652016116616355,0;0;-1.36520161166;0.627172744817;0;0;0;-0.382823354199;0.0860772392451;0;0.0361439860707;0,55459.97555490862,0.005,1721,0.0002,56.81993014055545,,0.0009338320696682811,0.14184089999980642,ok,same_stridge_core,Hx;D_x^1.664082 H;H*Hxx;H*Hxxx;H^2*Hxx,0.009497416521100732,1.3599545856468327
0.6717063540433383,1.6711592954730157,0.2055016384982973,-1.2985901950409746,0;0;-1.29859019504;0.205501638498;0;0;0;0;0;0;0;0,55501.69511182793,0.005,1722,0.0002,23.93562056963981,,0.0015314498246922893,0.37209260000008726,ok,same_stridge_core,Hx;D_x^1.671159 H,0.030000000000000002,1.7349425249086377
0.6656456472669965,1.6527596633343535,0.18837282154270743,-1.3175639465477642,0;0;-1.31756394655;0.188372821543;0;0;0;0;0;0;0;0,55404.366223625584,0.005,1723,0.0002,24.004585328354512,,0.0017295343165477052,0.3988977999999861,ok,same_stridge_core,Hx;D_x^1.65276 H,0.030000000000000002,1.8428388389042791
0.6673450218394381,1.6716600276203515,0.6692846083452533,-1.383757448977536,0;0;-1.38375744898;0.669284608345;0;0;0;-0.421099117051;0.0972571772911;0;0.0396403318103;0,55504.867353091,0.005,1724,0.0002,56.93839738046541,,0.0010386786703659072,0.3938759000000118,ok,same_stridge_core,Hx;D_x^1.67166 H;H*Hxx;H*Hxxx;H^2*Hxx,0.02153061224489797,1.4335300273744118
0.6899372996840744,1.667854585368712,0.0,-1.2244558166122816,0;0;-1.22445581661;0;0;0;0;0;0;0;0;0,55481.50142354429,0.005,1725,0.0002,13.583558807328423,,0.0031539895669237933,0.13072380000016892,ok,same_stridge_core,Hx,0.09357142857142861,2.487258522619565
0.6641127383730006,1.6356310303785428,0.5994261875386474,-1.4017924903538255,0;0;-1.40179249035;0.599426187539;0.569955986179;0;0;-0.38140401848;-0.0125976929836;0;0.0353136147761;0,55342.442141076404,0.005,1726,0.0002,67.84235793986838,,0.0010468117234369054,0.3893046000000595,ok,same_stridge_core,Hx;D_x^1.635631 H;Hxxx;H*Hxx;H*Hxxx;H^2*Hxx,0.010863636363636348,1.4314273705766916
0.6763063375261211,1.6675200703544049,0.21506566079348402,-1.286518565156666,0;0;-1.28651856516;0.215065660793;0;0;0;0;0;0;0;0,55479.527735970296,0.005,1727,0.0002,23.835972777327008,,0.0013757200751946415,0.39223409999999603,ok,same_stridge_core,Hx;D_x^1.66752 H,0.04491404754367717,1.6441616829388908
0.66571170538861,1.6692792691305551,0.0,-1.2956999559229587,0;0;-1.29569995592;0;0;0;0;0;0;0;0;0,55490.05022362441,0.005,1728,0.0002,13.556524243727289,,0.0030553142477180387,0.38976240000010876,ok,same_stridge_core,Hx,0.12500000000000003,2.4585141990024066
0.6867151328215265,1.6700663449688813,0.23847355238052487,-1.2580858208125076,0;0;-1.25808582081;0.238473552381;0;0;0;0;0;0;0;0,55494.87470965035,0.005,1729,0.0002,23.65957010768983,,0.0010871343722552715,0.3944298000001254,ok,same_stridge_core,Hx;D_x^1.670066 H,0.024407331064261045,1.4616202238296916
0.678929242534971,1.6665700154179304,0.591574769684568,-1.3385450852241625,0;0;-1.33854508522;0.591574769685;0;0;0;-0.345584781839;0.0790293688526;0;0.0329330108026;0,55473.992564627835,0.005,1730,0.0002,56.76254792638888,,0.0008364406483073954,0.1515967999998793,ok,same_stridge_core,Hx;D_x^1.66657 H;H*Hxx;H*Hxxx;H^2*Hxx,0.01,1.2885553617610508
0.6686737394186139,1.6402898751632597,0.1928755672449159,-1.3108922700662349,0;0;-1.31089227007;0.192875567245;0;0;0;0;0;0;0;0,55356.91586925882,0.005,1731,0.0002,23.914246606109433,,0.0015995105204316786,0.39516070000013315,ok,same_stridge_core,Hx;D_x^1.64029 H,0.045,1.771480258405906
0.6814395260638172,1.6591241967978965,0.22431370922417,-1.273820439340482,0;0;-1.27382043934;0.224313709224;0;0;0;0;0;0;0;0,55434.029249677864,0.005,1732,0.0002,23.717481644251254,,0.0012137453959927896,0.3753983999999946,ok,same_stridge_core,Hx;D_x^1.659124 H,0.05375000000000001,1.5438699443801107
0.6799144642752949,1.6614072075210264,0.22157294913752992,-1.2775998227599341,0;0;-1.27759982276;0.221572949138;0;0;0;0;0;0;0;0,55445.65572795474,0.005,1733,0.0002,23.75126313798814,,0.0012597573115670857,0.3861501999999746,ok,same_stridge_core,Hx;D_x^1.661407 H,0.025,1.5730008468062426
0.6747497156178697,1.6432300059129292,0.5893913948467046,-1.3651197943288718,0;0;-1.36511979433;0.589391394847;0;0;0;-0.356303165449;0.0720857067527;0;0.0334652862285;0,55366.92127080305,0.005,1734,0.0002,56.68564572193418,,0.0008790201746509914,0.3994408000000931,ok,same_stridge_core,Hx;D_x^1.64323 H;H*Hxx;H*Hxxx;H^2*Hxx,0.01,1.3187244511311256
0.6724594176391826,1.6793995514503384,0.0,-1.2755576375224926,0;0;-1.27555763752;0;0;0;0;0;0;0;0;0,55557.87582026703,0.005,1735,0.0002,13.557392188025993,,0.0030297938921246487,0.1363426000000345,ok,same_stridge_core,Hx,0.12500000000000003,2.4458170239725865
0.6690130328991213,1.645018578542155,0.19445731211994025,-1.3093508064641193,0;0;-1.30935080646;0.19445731212;0;0;0;0;0;0;0;0,55373.3521958429,0.005,1736,0.0002,23.917676521782578,,0.001593375273853958,0.3881582999999864,ok,same_stridge_core,Hx;D_x^1.645019 H,0.030000000000000002,1.7683356434454178
0.6832974930172898,1.6602537186531652,0.22857129109481003,-1.2686731791917094,0;0;-1.26867317919;0.228571291095;0;0;0;0;0;0;0;0,55439.713906405435,0.005,1737,0.0002,23.68798871149125,,0.001164257349887341,0.4049170000000686,ok,same_stridge_core,Hx;D_x^1.660254 H,0.04491404754367717,1.5121031489290766
0.6814395260638172,1.6685199623007787,0.5786801333948848,-1.3276691021004774,0;0;-1.3276691021;0.578680133395;0;0;0;-0.331487535711;0.0766597110641;0;0.0317307094021;0,55485.464577933795,0.005,1738,0.0002,56.74761810206446,,0.0008017332191463476,0.029559500000004846,ok,same_stridge_core,Hx;D_x^1.66852 H;H*Hxx;H*Hxxx;H^2*Hxx,0.019545454545454536,1.26215352413066
0.6883865892579926,1.681681394242683,0.24535874676925878,-1.251890525107497,0;0;-1.25189052511;0.245358746769;0;0;0;0;0;0;0;0,55574.997946947115,0.005,1739,0.0002,23.673057910206037,,0.0010589002146098344,0.13003580000008697,ok,same_stridge_core,Hx;D_x^1.681681 H,0.030000000000000002,1.4430587314271899
0.6904927901997482,1.6660533365145334,0.24539727074063525,-1.2486149824905748,0;0;-1.24861498249;0.245397270741;0;0;0;0;0;0;0;0,55471.0250308917,0.005,1740,0.0002,23.585408700323203,,0.0009934482515122015,0.3964367000000948,ok,same_stridge_core,Hx;D_x^1.666053 H,0.030000000000000002,1.3969986879665244
0.6747031041418641,1.6775079573338838,0.0,-1.2689114523593719,0;0;-1.26891145236;0;0;0;0;0;0;0;0;0,55544.2111893595,0.005,1741,0.0002,13.5541889651237,,0.0030308869735281817,0.3845170000001872,ok,same_stridge_core,Hx,0.12500000000000003,2.4453467272518
0.6869269487138929,1.6720337368076221,0.2394689914202921,-1.2572285091721906,0;0;-1.25722850917;0.23946899142;0;0;0;0;0;0;0;0,55507.25492434511,0.005,1742,0.0002,23.662533874165348,,0.0010840373188343675,0.38023040000007313,ok,same_stridge_core,Hx;D_x^1.672034 H,0.034326771202653567,1.4596319044273052
0.6825322557615288,1.6670783367219517,0.5704632049717103,-1.323827145093912,0;0;-1.32382714509;0.570463204972;0;0;0;-0.324022247642;0.0745297832928;0;0.0310548456662;0,55476.941570458715,0.005,1743,0.0002,56.72635670019023,,0.0007854405316582379,0.3818719000000783,ok,same_stridge_core,Hx;D_x^1.667078 H;H*Hxx;H*Hxxx;H^2*Hxx,0.010329545454545454,1.2494151297315195
0.6657304186891401,1.632278579462996,0.18518525221175072,-1.3199368077434066,0;0;-1.31993680774;0.185185252212;0;0;0;0;0;0;0;0,55333.02261123573,0.005,1744,0.0002,23.95861852160555,,0.0016990856626496863,0.384728799999948,ok,same_stridge_core,Hx;D_x^1.632279 H,0.12500000000000003,1.825409477111257
0.669048584212223,1.6351465422018427,0.1927715002247562,-1.3105521311328712,0;0;-1.31055213113;0.192771500225;0;0;0;0;0;0;0;0,55341.03047719516,0.005,1745,0.0002,23.8962834305686,,0.0015791627370338188,0.39413809999996374,ok,same_stridge_core,Hx;D_x^1.635147 H,0.035,1.7598712396905354
0.6754657209831862,1.6444520300878207,0.20823800935951736,-1.291953231143047,0;0;-1.29195323114;0.20823800936;0;0;0;0;0;0;0;0,55371.286377983015,0.005,1746,0.0002,23.79035853354997,,0.001373871434036531,0.2836514000000534,ok,same_stridge_core,Hx;D_x^1.644452 H,0.044264026978312686,1.6418439823567663
0.6792223117129103,1.6920658359709655,0.0,-1.2556021108572835,0;0;-1.25560211086;0;0;0;0;0;0;0;0;0,55662.325673719395,0.005,1747,0.0002,13.582286816228372,,0.0030469002768910443,0.4130072000000382,ok,same_stridge_core,Hx,0.049999999999999996,2.4498216814844924
0.6843287350393158,1.6636999160940436,0.5558318978390656,-1.3178558123940036,0;0;-1.31785581239;0.555831897839;0;0;0;-0.311198738472;0.0705730719421;0;0.0298829312482;0,55457.88267415776,0.005,1748,0.0002,56.68627492573124,,0.0007589813193823235,0.4155166000000463,ok,same_stridge_core,Hx;D_x^1.6637 H;H*Hxx;H*Hxxx;H^2*Hxx,0.015,1.2283922515734838
0.6794687455998495,1.697830263993176,0.0,-1.2548793144631152,0;0;-1.25487931446;0;0;0;0;0;0;0;0;0,55718.026640910895,0.005,1749,0.0002,13.593873719359715,,0.003048290605961289,0.1436713000000509,ok,same_stridge_core,Hx,0.05499999999999999,2.450268391177536
0.6836615731807434,1.6817966906574204,0.2349475520540448,-1.26459728945887,0;0;-1.26459728946;0.234947552054;0;0;0;0;0;0;0;0,55575.88186187541,0.005,1750,0.0002,23.752983975497465,,0.001178880777378298,0.1357138999999279,ok,same_stridge_core,Hx;D_x^1.681797 H,0.029434626758585675,1.5226312307473027
0.681456226963191,1.658564658415712,0.22421369732097052,-1.2738555864354226,0;0;-1.27385558644;0.224213697321;0;0;0;0;0;0;0;0,55431.26126291011,0.005,1751,0.0002,23.715633125039403,,0.001212626552666931,0.4015220999999656,ok,same_stridge_core,Hx;D_x^1.658565 H,0.030060185185185207,1.5431286198753589
0.6884694816724255,1.6677034797539065,0.24157834640808384,-1.2537504126468009,0;0;-1.25375041265;0.241578346408;0;0;0;0;0;0;0;0,55480.60801598536,0.005,1752,0.0002,23.623072511005486,,0.0010420008704606837,0.39817360000006374,ok,same_stridge_core,Hx;D_x^1.667703 H,0.025,1.430829304611339
0.6584630814327564,1.685113554849735,0.0,-1.31759755879433,0;0;-1.31759755879;0;0;0;0;0;0;0;0;0,55602.11024673339,0.005,1753,0.0002,13.61226142047723,,0.0031337920659675017,0.14570050000020274,ok,same_stridge_core,Hx,0.04,2.4918393711305513
0.6653475360870289,1.64892261972561,0.18706506751704213,-1.318863554670006,0;0;-1.31886355467;0.187065067517;0;0;0;0;0;0;0;0,55388.33051685328,0.005,1754,0.0002,24.001447570996866,,0.0017360641485903484,0.4066979999997784,ok,same_stridge_core,Hx;D_x^1.648923 H,0.030000000000000002,1.8461153642555541
0.6361788811545473,1.61592079722668,0.0,-1.3866297931158904,0;0;-1.38662979312;0;0;0;0;0;0;0;0;0,55297.757064962476,0.005,1755,0.0002,13.786803172650778,,0.0037509042379179833,0.40702029999988554,ok,same_stridge_core,Hx,0.12500000000000003,2.727251759658283
0.6733446881558451,1.6715695184224921,0.6315710598558991,-1.3591715865012968,0;0;-1.3591715865;0.631571059856;0;0;0;-0.383114367923;0.0890053535255;0;0.036307055536;0,55504.291655084984,0.005,1756,0.0002,56.86210422723905,,0.0009300774204249441,0.3972588999999971,ok,same_stridge_core,Hx;D_x^1.67157 H;H*Hxx;H*Hxxx;H^2*Hxx,0.016910808767951653,1.357812572154066
0.7177550032625385,1.6522820008347487,0.2946523528354842,-1.1802357283121043,0;0;-1.18023572831;0.294652352835;0;0;0;0;0;0;0;0,55402.2966566338,0.005,1757,0.0002,23.215672871102736,,0.000566953001899916,0.2865583999998762,ok,same_stridge_core,Hx;D_x^1.652282 H,0.034337965629142125,1.0547542084492154
0.6863882794257139,1.6738531241558765,0.0,-1.2347085444198973,0;0;-1.23470854442;0;0;0;0;0;0;0;0;0,55519.121069404224,0.005,1758,0.0002,13.574742495035435,,0.003108222912415344,0.3978168999999525,ok,same_stridge_core,Hx,0.09666666666666668,2.4709182811545904
0.6709022722221707,1.641346723667243,0.566581421730708,-1.3708587655362598,0;0;-1.37085876554;0.566581421731;0.531178690594;0;0;-0.344793141917;-0.0113262892206;0;0.0322808044507;0,55360.4327246541,0.005,1759,0.0002,67.78570628110585,,0.0009323738451810988,0.3894009000000551,ok,same_stridge_core,Hx;D_x^1.641347 H;Hxxx;H*Hxx;H*Hxxx;H^2*Hxx,0.01,1.3531870115209192
0.6605187380943642,1.6665700154179304,0.0,-1.3113600604113351,0;0;-1.31136006041;0;0;0;0;0;0;0;0;0,55473.992564627835,0.005,1760,0.0002,13.575065204497399,,0.0031059347281621945,0.136319100000037,ok,same_stridge_core,Hx,0.12500000000000003,2.4802666915718308
0.7077268111791051,1.7030800804520785,0.2944110806685698,-1.197186814496603,0;0;-1.1971868145;0.294411080669;0;0;0;0;0;0;0;0,55773.67980454514,0.005,1761,0.0002,23.495120400717035,,0.0007138562541089725,0.38455240000007507,ok,same_stridge_core,Hx;D_x^1.70308 H,0.05499999999999999,1.185648478898977
0.6706105576684277,1.6546372957200606,0.19975600552646217,-1.3037406666011637,0;0;-1.3037406666;0.199756005526;0;0;0;0;0;0;0;0,55412.70930064576,0.005,1762,0.0002,23.909001698323035,,0.0015488110028247337,0.38414299999999457,ok,same_stridge_core,Hx;D_x^1.654637 H,0.02936997268043021,1.7439179780647298
0.6898411774220914,1.6937824294134909,0.0,-1.2074520058150127,0;0;-1.20745200582;0;0;0;0;0.053599530722;0;0;0;0,55678.344725351664,0.005,1763,0.0002,23.709544554079482,,0.0010519767516888694,0.3810097999999016,ok,same_stridge_core,Hx;H*Hxx,0.029772430184194867,1.4382066639388142
0.681508043859961,1.7017657412848994,0.6150742051343768,-1.3143867730240089,0;0;-1.31438677302;0.615074205134;0;0;0;-0.349357714408;0.0912631332836;0;0.0338374297341;0,55759.28711355387,0.005,1764,0.0002,57.043825529747885,,0.000828279359429874,0.15591829999993934,ok,same_stridge_core,Hx;D_x^1.701766 H;H*Hxx;H*Hxxx;H^2*Hxx,0.016445238095238107,1.2845384161940114
0.6716750441534948,1.656053870831396,0.20238326087482092,-1.3006536786845444,0;0;-1.30065367868;0.202383260875;0;0;0;0;0;0;0;0,55419.2261542489,0.005,1765,0.0002,23.891740923582176,,0.0015136214015349055,0.3877658000001247,ok,same_stridge_core,Hx;D_x^1.656054 H,0.030000000000000002,1.7240504618826158
0.6682442642424526,1.6564788884284225,0.19484161449535498,-1.3099679472575365,0;0;-1.30996794726;0.194841614495;0;0;0;0;0;0;0;0,55421.21962212857,0.005,1766,0.0002,23.96110074042261,,0.0016362654795726876,0.39901639999993677,ok,same_stridge_core,Hx;D_x^1.656479 H,0.030000000000000002,1.792612891571178
0.6682454711116763,1.6861406378338535,0.0,-1.288109265133884,0;0;-1.28810926513;0;0;0;0;0;0;0;0;0,55610.550944660536,0.005,1767,0.0002,13.573832540878644,,0.0030405427817155875,0.3929943999999068,ok,same_stridge_core,Hx,0.07555555555555557,2.451722351946536
0.6895640540715976,1.6466690316264625,0.23808401704154541,-1.2540381143556771,0;0;-1.25403811436;0.238084017042;0;0;0;0;0;0;0;0,55379.52426788227,0.005,1768,0.0002,23.548211149553527,,0.0009940423032727876,0.27595929999984037,ok,same_stridge_core,Hx;D_x^1.646669 H,0.031041666666666672,1.3964014424006193
0.6723652302405196,1.62609828819888,0.1858974570384091,-1.310504532542284,0;0;-1.31050453254;0.185897457038;0;0;0;0;-0.0386220526634;0;0;0,55317.703812030086,0.005,1769,0.0002,34.87798551323723,,0.001439354888225589,0.38962870000000294,ok,same_stridge_core,Hx;D_x^1.626098 H;H*Hxxx,0.025,1.687363226019175
0.680786998665624,1.642205352154276,0.218931503380481,-1.2779993955288105,0;0;-1.27799939553;0.21893150338;0;0;0;0;0;0;0;0,55363.35541666144,0.005,1770,0.0002,23.687244562978414,,0.0012120933698091876,0.2778125000002092,ok,same_stridge_core,Hx;D_x^1.642205 H,0.045,1.5419023963138374
0.6661747018024791,1.6408174361047148,0.18754147629238524,-1.3176292681541422,0;0;-1.31762926815;0.187541476292;0;0;0;0;0;0;0;0,55358.66035312602,0.005,1771,0.0002,23.966319448967795,,0.001693450317974272,0.3843785999999909,ok,same_stridge_core,Hx;D_x^1.640817 H,0.03462826797385623,1.8228553077173868
0.6905566507644565,1.6675248675089864,0.24595435242773864,-1.2482213187280626,0;0;-1.24822131873;0.245954352428;0;0;0;0;0;0;0;0,55479.556009648615,0.005,1772,0.0002,23.58896202674681,,0.000993544874148517,0.38538820000007945,ok,same_stridge_core,Hx;D_x^1.667525 H,0.029919803961470627,1.3971396228873638
0.6620130145553202,1.6349406646386733,0.17753811080231513,-1.3297479512850605,0;0;-1.32974795129;0.177538110802;0;0;0;0;0;0;0;0,55340.435882360136,0.005,1773,0.0002,24.041781365427948,,0.0018511208295498701,0.3806577999998808,ok,same_stridge_core,Hx;D_x^1.634941 H,0.04,1.9056070124838915
0.6705700156140255,1.6821165263047422,0.6606487025108212,-1.3657507054207318,0;0;-1.36575070542;0.660648702511;0;0;0;-0.406685306854;0.0980569287246;0;0.0385791100741;0,55578.34357788309,0.005,1774,0.0002,56.97975984794563,,0.000990723672173715,0.1455433000000994,ok,same_stridge_core,Hx;D_x^1.682117 H;H*Hxx;H*Hxxx;H^2*Hxx,0.016656746031746016,1.4014162700625428
0.6753227415436749,1.6495880389595645,0.20900995243608175,-1.2916315284490454,0;0;-1.29163152845;0.209009952436;0;0;0;0;0;0;0;0,55391.01602248651,0.005,1775,0.0002,23.805058333110484,,0.001384802347015507,0.384919200000013,ok,same_stridge_core,Hx;D_x^1.649588 H,0.030000000000000002,1.6486519241158786
0.6754657209831862,1.6349406646386733,0.19420727104665264,-1.3008139454880685,0;0;-1.30081394549;0.194207271047;0;0;0;0;-0.0376031941291;0;0;0,55340.435882360136,0.005,1776,0.0002,34.8389963112668,,0.001350295880170504,0.03006879999998091,ok,same_stridge_core,Hx;D_x^1.634941 H;H*Hxxx,0.025,1.6347347818507112
0.6691513313412456,1.6741467562625636,0.2002413960281032,-1.3052303548067048,0;0;-1.30523035481;0.200241396028;0;0;0;0;0;0;0;0,55521.074502285424,0.005,1777,0.0002,23.996023537945156,,0.0016255258309744033,0.3994779000001927,ok,same_stridge_core,Hx;D_x^1.674147 H,0.030000000000000002,1.7875937370309856
0.6672960992523111,1.6421903017237331,0.19021823408609465,-1.3143945391127305,0;0;-1.31439453911;0.190218234086;0;0;0;0;0;0;0;0,55363.30368925228,0.005,1778,0.0002,23.94624107397912,,0.001652850945188778,0.3915036000000782,ok,same_stridge_core,Hx;D_x^1.64219 H,0.12500000000000003,1.800919598278205
0.6821164624303906,1.6785924449743304,0.0,-1.24713273528731,0;0;-1.24713273529;0;0;0;0;0;0;0;0;0,55551.98741906721,0.005,1779,0.0002,13.566743793425596,,0.003066509441498528,0.3928882000000158,ok,same_stridge_core,Hx,0.05499999999999999,2.456346309612153
0.6602690069964232,1.6444637156286874,0.626236402530551,-1.412675785057946,0;0;-1.41267578506;0.626236402531;0.668340455967;0;0;-0.405789957872;-0.018783826651;0;0.0375595698618;0,55371.32865900152,0.005,1780,0.0002,67.93333502788983,,0.0011326156806993224,0.3876636999998482,ok,same_stridge_core,Hx;D_x^1.644464 H;Hxxx;H*Hxx;H*Hxxx;H^2*Hxx,0.015,1.487740637088
0.6747904745928937,1.6634085571810664,0.21079521338240348,-1.2911950394399487,0;0;-1.29119503944;0.210795213382;0;0;0;0;0;0;0;0,55456.29746887696,0.005,1781,0.0002,23.85210920979095,,0.0014189344908589344,0.38773749999995744,ok,same_stridge_core,Hx;D_x^1.663409 H,0.030000000000000002,1.6695902222401644
0.686745607081079,1.664896509805659,0.23713739581239943,-1.2587688031196944,0;0;-1.25876880312;0.237137395812;0;0;0;0;0;0;0;0,55464.488555305055,0.005,1782,0.0002,23.642839102405432,,0.001080720741635608,0.38093109999999797,ok,same_stridge_core,Hx;D_x^1.664897 H,0.029640522875816987,1.4570436802834097
0.6753227415436749,1.6495880389595645,0.20900995243608175,-1.2916315284490454,0;0;-1.29163152845;0.209009952436;0;0;0;0;0;0;0;0,55391.01602248651,0.005,1783,0.0002,23.805058333110484,,0.001384802347015507,0.029336400000147478,ok,same_stridge_core,Hx;D_x^1.649588 H,0.030000000000000002,1.6486519241158786
0.6798518515048378,1.6398267878885862,0.21644771024816573,-1.2808394644257988,0;0;-1.28083946443;0.216447710248;0;0;0;0;0;0;0;0,55355.402509650805,0.005,1784,0.0002,23.698968533625166,,0.001235821363796543,0.2642172999999275,ok,same_stridge_core,Hx;D_x^1.639827 H,0.030000000000000002,1.5568075297648443
0.667095433834263,1.6368173547471199,0.18886912743899928,-1.3156363523784227,0;0;-1.31563635238;0.188869127439;0;0;0;0;0;0;0;0,55345.97164426851,0.005,1785,0.0002,23.939232198324095,,0.00165326011547481,0.37945429999990665,ok,same_stridge_core,Hx;D_x^1.636817 H,0.035,1.8008435406166905
0.6725936655893047,1.6650556133025602,0.2062470101366296,-1.296961168626822,0;0;-1.29696116863;0.206247010137;0;0;0;0;0;0;0;0,55465.378682007875,0.005,1786,0.0002,23.899203207873445,,0.0014935829111981274,0.2650677999999971,ok,same_stridge_core,Hx;D_x^1.665056 H,0.041249999999999995,1.7130517350702932
0.6744520667802032,1.6626050930267984,0.6143501338802161,-1.3584396226182578,0;0;-1.35843962262;0.61435013388;0;0;0;-0.370732664283;0.0829322233338;0;0.0350617463688;0,55451.97408220999,0.005,1787,0.0002,56.7892366407383,,0.0009025071328670676,0.38186880000012025,ok,same_stridge_core,Hx;D_x^1.662605 H;H*Hxx;H*Hxxx;H^2*Hxx,0.010188888888888893,1.33726255852831
0.6782200292811384,1.6692792691305551,0.21971705723972634,-1.2810832786051147,0;0;-1.28108327861;0.21971705724;0;0;0;0;0;0;0;0,55490.05022362441,0.005,1788,0.0002,23.806046979538166,,0.0013190713622872304,0.1404443999999785,ok,same_stridge_core,Hx;D_x^1.669279 H,0.040751373626373606,1.6100268900884027
0.668092711123558,1.6572472449459728,0.19464248937642295,-1.3102849211652372,0;0;-1.31028492117;0.194642489376;0;0;0;0;0;0;0;0,55424.86853370477,0.005,1789,0.0002,23.966201221232804,,0.0016428416300953881,0.38740409999991243,ok,same_stridge_core,Hx;D_x^1.657247 H,0.030000000000000002,1.7962538077508934
0.669534987598068,1.652738495953256,0.19701999942364057,-1.3069221281398242,0;0;-1.30692212814;0.197019999424;0;0;0;0;0;0;0;0,55404.27403393759,0.005,1790,0.0002,23.925551718222525,,0.00158455315958729,0.38265099999989616,ok,same_stridge_core,Hx;D_x^1.652738 H,0.035,1.7638421046474881
0.679151416857249,1.6805359012089012,0.6061556951421488,-1.3320937434075233,0;0;-1.33209374341;0.606155695142;0;0;0;-0.352416795194;0.085398923792;0;0.0337635496813;0,55566.314018118406,0.005,1791,0.0002,56.862482424639055,,0.00084534414469734,0.14621459999989384,ok,same_stridge_core,Hx;D_x^1.680536 H;H*Hxx;H*Hxxx;H^2*Hxx,0.01,1.2961684065206498
0.6514956325981158,1.8880740649678072,-0.6051708248237895,-1.3282634712023373,0;0;-1.3282634712;-0.605170824824;0;0;0;0.121288656393;-0.0734320971241;0;0;0,63531.050225385676,0.005,1792,0.0002,52.88363205024606,,0.0021393939808229184,0.3899346999999125,ok,same_stridge_core,Hx;D_x^1.888074 H;H*Hxx;H*Hxxx,0.035,2.0587918699375174
0.6754168623745302,1.6668954523193074,0.21294739186161563,-1.2890215600259933,0;0;-1.28902156003;0.212947391862;0;0;0;0;0;0;0;0,55475.87721212905,0.005,1793,0.0002,23.85076072409532,,0.0014030858322698666,0.4057040000000143,ok,same_stridge_core,Hx;D_x^1.666895 H,0.036215020273843795,1.6604098392436994
0.6523329126050313,1.9017953698190855,0.0,-1.336328406574884,0;0;-1.33632840657;0;0;0;0;0;0;0;0;0,64446.1805934479,0.005,1794,0.0002,15.425730802137915,,0.003244442423954973,0.3764405999997962,ok,same_stridge_core,Hx,0.0772222222222222,2.536494683448336
0.6689535752848486,1.6391345272804096,0.19327405557770103,-1.3102837939743213,0;0;-1.31028379397;0.193274055578;0;0;0;0;0;0;0;0,55353.17168139248,0.005,1795,0.0002,23.906200745337685,,0.001587839262140375,0.39367300000003524,ok,same_stridge_core,Hx;D_x^1.639135 H,0.12500000000000003,1.7649320727806908
0.6762520320609455,1.6558141398361181,0.21235355929013863,-1.2882651115831283,0;0;-1.28826511158;0.21235355929;0;0;0;0;0;0;0;0,55418.10971348137,0.005,1796,0.0002,23.80329015221649,,0.0013631756736756147,0.4113887999999406,ok,same_stridge_core,Hx;D_x^1.655814 H,0.12500000000000003,1.636046266823944
0.680656537768858,1.674921591145408,0.5907336904817708,-1.3283356502154466,0;0;-1.32833565022;0.590733690482;0;0;0;-0.340014962561;0.0807411797631;0;0.0325803923565;0,55526.28061944203,0.005,1797,0.0002,56.80145027792319,,0.0008181511581884025,0.41428130000008423,ok,same_stridge_core,Hx;D_x^1.674922 H;H*Hxx;H*Hxxx;H^2*Hxx,0.01,1.2751696584811643
0.6746308972423466,1.6726100632608232,0.0,-1.2691249427298439,0;0;-1.26912494273;0;0;0;0;0;0;0;0;0,55510.96994533274,0.005,1798,0.0002,13.547527498644673,,0.003030779858329465,0.3816860999997971,ok,same_stridge_core,Hx,0.08404761904761905,2.445333509578124
0.6757258947083615,1.681681394242683,0.0,-1.2658902333754585,0;0;-1.26589023338;0;0;0;0;0;0;0;0;0,55574.997946947115,0.005,1799,0.0002,13.560732515944707,,0.0030329145379765,0.13126170000009552,ok,same_stridge_core,Hx,0.06217948717948719,2.4457329265552845
0.68444950515155,1.6683014396186078,0.23311286985348892,-1.264416540489768,0;0;-1.26441654049;0.233112869853;0;0;0;0;0;0;0;0,55484.15730818197,0.005,1800,0.0002,23.69222775059996,,0.0011428964422942657,0.38010959999996885,ok,same_stridge_core,Hx;D_x^1.668301 H,0.029369693446229393,1.4985648273271723
0.6739601130813833,1.657374189516997,0.20768255339060304,-1.2942634557249857,0;0;-1.29426345572;0.207682553391;0;0;0;0;0;0;0;0,55425.4769954607,0.005,1801,0.0002,23.850957367705874,,0.0014385138109308873,0.13536090000002332,ok,same_stridge_core,Hx;D_x^1.657374 H,0.02943939551129093,1.6807665695215928
0.6666456249986642,1.711987223050805,0.7149670389884448,-1.3670796053447647,0;0;-1.36707960534;0.714967038988;0;0;0;-0.446414957913;0.117004061896;0;0.0427207415235;0,55879.81265467817,0.005,1802,0.0002,57.36120194524981,,0.0011053714086531078,0.13452379999989716,ok,same_stridge_core,Hx;D_x^1.711987 H;H*Hxx;H*Hxxx;H^2*Hxx,0.015029592698323357,1.4813892905716373
0.6759681865420587,1.6631223502119021,0.21333677771448448,-1.2880346722798084,0;0;-1.28803467228;0.213336777714;0;0;0;0;0;0;0;0,55454.74954193798,0.005,1803,0.0002,23.82899914423239,,0.0013810087462248768,0.3757903000000624,ok,same_stridge_core,Hx;D_x^1.663122 H,0.030000000000000002,1.647099327457197
0.670758708531995,1.6592415948694808,0.200977314731808,-1.3027343831459268,0;0;-1.30273438315;0.200977314732;0;0;0;0;0;0;0;0,55434.61406280898,0.005,1804,0.0002,23.918367726653155,,0.0015494598112716297,0.37466589999985445,ok,same_stridge_core,Hx;D_x^1.659242 H,0.029386207474442767,1.7445221015295629
0.6787013751839301,1.6634923441808602,0.5893780944036595,-1.3406807327909716,0;0;-1.34068073279;0.589378094404;0;0;0;-0.345098763922;0.0777995176892;0;0.0328396854622;0,55456.75243645724,0.005,1805,0.0002,56.74565368298302,,0.0008371608305206944,0.379974299999958,ok,same_stridge_core,Hx;D_x^1.663492 H;H*Hxx;H*Hxxx;H^2*Hxx,0.009949494949494948,1.288901246525783
0.6756982445673417,1.664988677049387,0.21315196985562615,-1.2885142934555809,0;0;-1.28851429346;0.213151969856;0;0;0;0;0;0;0;0,55465.00395682512,0.005,1806,0.0002,23.839629939180572,,0.0013918138845369118,0.4087139999999181,ok,same_stridge_core,Hx;D_x^1.664989 H,0.030000000000000002,1.6536283564505208
0.6686914665682304,1.6761050150920882,0.0,-1.286776545194528,0;0;-1.28677654519;0;0;0;0;0;0;0;0;0,55534.37863608112,0.005,1807,0.0002,13.557657102429983,,0.0030385971926509816,0.14681739999991805,ok,same_stridge_core,Hx,0.0518831168831169,2.4507813752137584
0.6832862481525196,1.6518204702159265,0.2264464656657804,-1.2699298593482218,0;0;-1.26992985935;0.226446465666;0;0;0;0;0;0;0;0,55400.31696247748,0.005,1808,0.0002,23.665681229185804,,0.0011548835596174097,0.39475809999999,ok,same_stridge_core,Hx;D_x^1.65182 H,0.08017857142857146,1.505554444194812
0.6876955693457981,1.6831930213642516,0.24427397756845026,-1.253522883270568,0;0;-1.25352288327;0.244273977568;0;0;0;0;0;0;0;0,55586.73421401748,0.005,1809,0.0002,23.69025288332854,,0.0010772206546710915,0.3841950999999426,ok,same_stridge_core,Hx;D_x^1.683193 H,0.030000000000000002,1.4555591977215483
0.6785818931698314,1.6788344165679716,0.22280140935790843,-1.2787874922539286,0;0;-1.27878749225;0.222801409358;0;0;0;0;0;0;0;0,55553.743700800784,0.005,1810,0.0002,23.832244015753083,,0.001319495882698216,0.3970973000000413,ok,same_stridge_core,Hx;D_x^1.678834 H,0.030000000000000002,1.610746535432769
0.6797821295176338,1.663704498437267,0.0,-1.2539605907783116,0;0;-1.25396059078;0;0;0;0;0;0;0;0;0,55457.90754181693,0.005,1811,0.0002,13.542447574848392,,0.0030501344863686198,0.3816332000001239,ok,same_stridge_core,Hx,0.10083333333333336,2.4508660664850064
0.6795753163960179,1.7015160079599263,0.0,-1.2545668371915604,0;0;-1.25456683719;0;0;0;0;0;0;0;0;0,55756.5874531536,0.005,1812,0.0002,13.60178549766492,,0.0030489082300330502,0.1321371999999883,ok,same_stridge_core,Hx,0.05435897435897435,2.4504680070342006
0.6755232292645224,1.6600691917070272,0.21168873493350707,-1.2896570520883954,0;0;-1.28965705209;0.211688734934;0;0;0;0;0;0;0;0,55438.776388146725,0.005,1813,0.0002,23.828618326855803,,0.0013913593433405964,0.2682717000000139,ok,same_stridge_core,Hx;D_x^1.660069 H,0.030000000000000002,1.6531077715971154
0.6739547869576508,1.6426794178437585,0.20465770047533097,-1.2962709190676063,0;0;-1.29627091907;0.204657700475;0;0;0;0;0;0;0;0,55364.99457544726,0.005,1814,0.0002,23.815268194888404,,0.0014202631392514736,0.3913433000000168,ok,same_stridge_core,Hx;D_x^1.642679 H,0.030000000000000002,1.6692703647095022
0.6789011076367634,1.6538989158713036,0.21763873030308092,-1.2813859589703127,0;0;-1.28138595897;0.217638730303;0;0;0;0;0;0;0;0,55409.38857086215,0.005,1815,0.0002,23.749212823537576,,0.0012804081961841187,0.3861368999998831,ok,same_stridge_core,Hx;D_x^1.653899 H,0.025,1.5854573951927118
0.6572483889701357,1.6322982883619876,0.13321414724985176,-1.3250419430488454,0;0;-1.32504194305;0.13321414725;3.19388318675;0;0;0;-0.509540163259;0;0;0,55333.0757140193,0.005,1816,0.0002,46.02807952242796,,0.0016165374059754897,0.3865952000001016,ok,same_stridge_core,Hx;D_x^1.632298 H;Hxxx;H*Hxxx,0.030000000000000002,1.7616189512125142
0.6650137538461207,1.6324492631133463,0.1836717362066939,-1.3218657622913468,0;0;-1.32186576229;0.183671736207;0;0;0;0;0;0;0;0,55333.4828115583,0.005,1817,0.0002,23.9738287542301,,0.0017271098074391033,0.3912622000000283,ok,same_stridge_core,Hx;D_x^1.632449 H,0.04961930926216641,1.8404356296067816
0.6718857952441105,1.668826622175156,0.6374929830942884,-1.3663316883474221,0;0;-1.36633168835;0.637492983094;0;0;0;-0.390600736259;0.0895843218149;0;0.0369123409667;0,55487.30875168169,0.005,1818,0.0002,56.860712171157736,,0.0009522367949484212,0.38106279999988146,ok,same_stridge_core,Hx;D_x^1.668827 H;H*Hxx;H*Hxxx;H^2*Hxx,0.01,1.3734034194760478
0.6821337943152379,1.6532477266210694,0.2243666262006016,-1.2728034629443894,0;0;-1.27280346294;0.224366626201;0;0;0;0;0;0;0;0,55406.50285401243,0.005,1819,0.0002,23.689490114281092,,0.0011876936416053484,0.2969038000001092,ok,same_stridge_core,Hx;D_x^1.653248 H,0.03795187165775401,1.5268889726761203
0.6790099789101279,1.6681480365830443,0.0,-1.2562251339965649,0;0;-1.256225134;0;0;0;0;0;0;0;0;0,55483.24296819627,0.005,1820,0.0002,13.546102085836445,,0.0030457445284270395,0.3975476999999046,ok,same_stridge_core,Hx,0.10750000000000004,2.4494534921971916
0.6722591909687051,1.6591776271020826,0.6239066719082786,-1.3689681024305351,0;0;-1.36896810243;0.623906671908;0;0;0;-0.382240797273;0.0840026724089;0;0.0360024361202;0,55434.295243065026,0.005,1821,0.0002,56.795056289069436,,0.0009354680662237824,0.2813995999999861,ok,same_stridge_core,Hx;D_x^1.659178 H;H*Hxx;H*Hxxx;H^2*Hxx,0.015316954001164524,1.3607610460044093
0.6735907538682765,1.6631212634988464,0.20807015202034915,-1.2944984438240046,0;0;-1.29449844382;0.20807015202;0;0;0;0;0;0;0;0,55454.74367553755,0.005,1822,0.0002,23.874208368095612,,0.0014578194027815004,0.37813180000011926,ok,same_stridge_core,Hx;D_x^1.663121 H,0.035,1.6923108978805887
0.6787032345739872,1.649885181864727,0.21630409780260476,-1.2824836327766223,0;0;-1.28248363278;0.216304097803;0;0;0;0;0;0;0;0,55392.228091516634,0.005,1823,0.0002,23.742760374145423,,0.0012814209764033851,0.3792931000000408,ok,same_stridge_core,Hx;D_x^1.649885 H,0.12000000000000004,1.5858691375387686
0.671705200559831,1.6498141935796669,0.6161665252603427,-1.375281283853555,0;0;-1.37528128385;0.61616652526;0;0;0;-0.379599178205;0.0795741506767;0;0.03559877204;0,55391.93781514397,0.005,1824,0.0002,56.751644509724045,,0.0009349688374217916,0.38596559999996316,ok,same_stridge_core,Hx;D_x^1.649814 H;H*Hxx;H*Hxxx;H^2*Hxx,0.015,1.3597066945800746
0.6724594176391826,1.6728872242994126,0.2075758940884114,-1.296301286592185,0;0;-1.29630128659;0.207575894088;0;0;0;0;0;0;0;0,55512.77068863286,0.005,1825,0.0002,23.92669417642607,,0.001507820652923951,0.29098419999991165,ok,same_stridge_core,Hx;D_x^1.672887 H,0.03210874173837136,1.7215859009729262
0.6629081149582556,1.6444878955326463,0.18093385550554944,-1.326110543041383,0;0;-1.32611054304;0.180933855506;0;0;0;0;0;0;0;0,55371.416183419366,0.005,1826,0.0002,24.04236127030286,,0.0018272646354315287,0.28540189999989707,ok,same_stridge_core,Hx;D_x^1.644488 H,0.035,1.8937947969351099
0.6831438182801426,1.6613706936270851,0.22852355804439853,-1.2689234542874128,0;0;-1.26892345429;0.228523558044;0;0;0;0;0;0;0;0,55445.46565608692,0.005,1827,0.0002,23.693851476827835,,0.0011696562517314615,0.3771474999998645,ok,same_stridge_core,Hx;D_x^1.661371 H,0.12500000000000003,1.5156652143930671
0.68278005053857,1.652631004169801,0.22558073598331121,-1.2711641891923167,0;0;-1.27116418919;0.225580735983;0;0;0;0;0;0;0;0,55403.806628194994,0.005,1828,0.0002,23.676562642610207,,0.001169399778216277,0.372336500000074,ok,same_stridge_core,Hx;D_x^1.652631 H,0.034420652876535215,1.5150399913322075
0.6569866797235067,1.649019080610629,0.6471202065662864,-1.4235152454848876,0;0;-1.42351524548;0.647120206566;0.737010599156;0;0;-0.425850538974;-0.0231925989289;0;0.039367941023;0,55388.71740204232,0.005,1829,0.0002,68.00194737422044,,0.0012081382675175282,0.39102170000001024,ok,same_stridge_core,Hx;D_x^1.649019 H;Hxxx;H*Hxx;H*Hxxx;H^2*Hxx,0.010014478114478104,1.5354864917696527
0.6872231063742648,1.667488848290948,0.2388598809965144,-1.25710893344267,0;0;-1.25710893344;0.238859880997;0;0;0;0;0;0;0;0,55479.34435022354,0.005,1830,0.0002,23.642887230302534,,0.0010718084685831842,0.38704580000012356,ok,same_stridge_core,Hx;D_x^1.667489 H,0.03952884615384613,1.4511494902131183
0.6887076501653356,1.682149304991912,0.9833029154296239,-1.1053308818853564,-0.0121021904781;0;-1.10533088189;0.98330291543;0;0;-0.111423735407;-0.381057225693;-0.181990306856;0.00848405900852;0.0242490307127;0,55578.596723042625,0.005,1831,0.0002,90.0265015227049,,0.0006123324817786619,0.37957429999983106,ok,same_stridge_core,1;Hx;D_x^1.682149 H;H*Hx;H*Hxx;H*Hxxx;H^2*Hx;H^2*Hxx,0.005,1.100746765836696
0.6863081951658907,1.6576702218320984,0.2342875043268443,-1.2610080186156796,0;0;-1.26100801862;0.234287504327;0;0;0;0;0;0;0;0,55426.9020354993,0.005,1832,0.0002,23.629380563550775,,0.0010836091489561026,0.40338229999997566,ok,same_stridge_core,Hx;D_x^1.65767 H,0.03447368421052633,1.4586197493510555
0.6849436075453219,1.6905859130441292,0.0,-1.2389000272742972,0;0;-1.23890002727;0;0;0;0;0;0;0;0;0,55648.890514025625,0.005,1833,0.0002,13.59512792395122,,0.003092449160679415,0.4003660000000764,ok,same_stridge_core,Hx,0.08092592592592589,2.4653498211460936
0.663479850395776,1.6339177276563295,0.18058236087363017,-1.3258633697978313,0;0;-1.3258633698;0.180582360874;0;0;0;0;0;0;0;0,55337.52716188797,0.005,1834,0.0002,24.008737160149177,,0.0017898973511734043,0.3990478999999141,ok,same_stridge_core,Hx;D_x^1.633918 H,0.04130208333333332,1.8737262953939902
0.6651716500015938,1.6521100048428219,0.18720218941917033,-1.3189467211585753,0;0;-1.31894672116;0.187202189419;0;0;0;0;0;0;0;0,55401.55642526299,0.005,1835,0.0002,24.01277291166626,,0.0017471055659247447,0.3922422999999071,ok,same_stridge_core,Hx;D_x^1.65211 H,0.030000000000000002,1.852150341561065
0.6788114390445328,1.6398401420365534,0.21428829404032085,-1.283618628969134,0;0;-1.28361862897;0.21428829404;0;0;0;0;0;0;0;0,55355.446091917016,0.005,1836,0.0002,23.717945078479904,,0.0012660589194581598,0.39291720000005625,ok,same_stridge_core,Hx;D_x^1.63984 H,0.030000000000000002,1.5757666417130958
0.6504328023347289,1.627798949671449,0.15105665935258827,-1.362541123846797,0;0;-1.36254112385;0.151056659353;0;0;0;0;0;0;0;0,55321.66403811555,0.005,1837,0.0002,24.286670963729694,,0.0023740375883038022,0.3756045999998605,ok,same_stridge_core,Hx;D_x^1.627799 H,0.05999999999999999,2.15800534848347
0.6416358960953891,1.9516228410815246,0.0,-1.4106625463363522,0;0;-1.41066254634;0;0;0;0;0;-0.170226219307;0;0;0,66720.23320320187,0.005,1838,0.0002,29.218253624289908,,0.0031870305937390423,0.3819820000001073,ok,same_stridge_core,Hx;H*Hxxx,0.035,2.530160343009158
0.6864638465265123,1.6936161734571606,0.0,-1.217728145594489,0;0;-1.21772814559;0;0;0;0;0.0519890319675;0;0;0;0,55676.77292941274,0.005,1839,0.0002,23.762879024297774,,0.0011327891590942293,0.373966800000062,ok,same_stridge_core,Hx;H*Hxx,0.03049485329485329,1.4921698525326765
0.680907509387877,1.631070914613503,0.20530865048000144,-1.286400220028602,0;0;-1.28640022003;0.20530865048;0;0;0;0;-0.0355537736193;0;0;0,55329.8250712286,0.005,1840,0.0002,34.72908223260503,,0.001184979017385213,0.3885548999999173,ok,same_stridge_core,Hx;D_x^1.631071 H;H*Hxxx,0.025,1.5311871898678677
0.7240878276633931,1.2373833821090636,0.0,-1.1067581276193315,0;0;-1.10675812762;0;0;0;0;0.0688461568923;0;0;0;0,55800.22072606213,0.005,1841,0.0002,23.379233611200664,,0.0005653484045271936,0.3972418999999263,ok,same_stridge_core,Hx;H*Hxx,0.049999999999999996,1.0591453207758132
0.678801640112665,1.0216867771670703,0.0,-1.256836662006959,0;0;-1.25683666201;0;0;0;0;0;0;0;0;0,56092.153433069885,0.005,1842,0.0002,13.667537689016775,,0.003044648641822484,0.27928159999987656,ok,same_stridge_core,Hx,0.12500000000000003,2.4491070024027977
0.6744405469272956,1.6635891186935297,0.2100578441847531,-1.2921225330837878,0;0;-1.29212253308;0.210057844185;0;0;0;0;0;0;0;0,55457.27868113693,0.005,1843,0.0002,23.859305922711044,,0.0014305015039806906,0.38701799999989817,ok,same_stridge_core,Hx;D_x^1.663589 H,0.0495054945054945,1.6763944502562724
0.6764954268581382,1.669351537526957,0.21590015728882286,-1.2857558577941477,0;0;-1.28575585779;0.215900157289;0;0;0;0;0;0;0;0,55490.49025573217,0.005,1844,0.0002,23.83823321586503,,0.0013720170278255241,0.402539299999944,ok,same_stridge_core,Hx;D_x^1.669352 H,0.03585456404784135,1.6420371135721634
0.6795188008225861,1.6714635572788885,0.5936469011171265,-1.3342404071127378,0;0;-1.33424040711;0.593646901117;0;0;0;-0.34491624054;0.0806279984306;0;0.0329548024857;0,55503.619084881415,0.005,1845,0.0002,56.78905767923754,,0.000831912571414992,0.4065332000000126,ok,same_stridge_core,Hx;D_x^1.671464 H;H*Hxx;H*Hxxx;H^2*Hxx,0.01,1.2854385943561242
0.6564949053550349,1.6474354804803277,0.648984706195362,-1.4265292042853388,0;0;-1.42652920429;0.648984706195;0.731806712577;0;0;-0.42840148714;-0.0226225025603;0;0.0395563071405;0,55382.46966693004,0.005,1846,0.0002,67.99981332659395,,0.0012168813283589329,0.40764169999988553,ok,same_stridge_core,Hx;D_x^1.647435 H;Hxxx;H*Hxx;H*Hxxx;H^2*Hxx,0.010704545454545442,1.5408497262778993
0.6769737849707762,1.65307058087407,0.21331317256899848,-1.2866944502248323,0;0;-1.28669445022;0.213313172569;0;0;0;0;0;0;0;0,55405.72466974682,0.005,1847,0.0002,23.7826642698726,,0.0013374460650425115,0.3873004000001856,ok,same_stridge_core,Hx;D_x^1.653071 H,0.025,1.6203744019738724
0.6691190628540538,1.675388243171444,0.20040968748289986,-1.3051626287069302,0;0;-1.30516262871;0.200409687483;0;0;0;0;0;0;0;0,55529.45264541899,0.005,1848,0.0002,24.000929780164434,,0.0016282473112373523,0.38512370000012197,ok,same_stridge_core,Hx;D_x^1.675388 H,0.030000000000000002,1.7891487219968358
0.6922570681626803,1.6865487282371843,0.0,-1.2177880921972992,0;0;-1.2177880922;0;0;0;0;0;0;0;0;0,55613.94698231928,0.005,1849,0.0002,13.622686807817065,,0.0031891420224214187,0.37779589999991003,ok,same_stridge_core,Hx,0.08875000000000002,2.4998974113532086
0.680867610051062,1.6667412836157733,0.22493303582871615,-1.2742775199428469,0;0;-1.27427751994;0.224933035829;0;0;0;0;0;0;0;0,55474.983041178595,0.005,1850,0.0002,23.750064697737017,,0.0012387178353031074,0.38207409999995434,ok,same_stridge_core,Hx;D_x^1.666741 H,0.029369945681227968,1.560071481265576
0.6623248127577681,1.633751555223377,0.17804560480131132,-1.3290422580175973,0;0;-1.32904225802;0.178045604801;0;0;0;0;0;0;0;0,55337.06177923801,0.005,1851,0.0002,24.032888808345223,,0.0018366451824261862,0.3830290999999306,ok,same_stridge_core,Hx;D_x^1.633752 H,0.04050914980081646,1.898064096650022
0.686646728052657,1.6733486837127394,0.23922380253661624,-1.2577855855450426,0;0;-1.25778558555;0.239223802537;0;0;0;0;0;0;0;0,55515.79035742164,0.005,1852,0.0002,23.671645486508222,,0.001092418879481083,0.3836741999998594,ok,same_stridge_core,Hx;D_x^1.673349 H,0.025,1.4653293435395667
0.6739063407315748,1.6555853485772851,0.20719219547390563,-1.294650266728215,0;0;-1.29465026673;0.207192195474;0;0;0;0;0;0;0;0,55417.04926628982,0.005,1853,0.0002,23.84722270706047,,0.001438051956233333,0.28150270000014643,ok,same_stridge_core,Hx;D_x^1.655585 H,0.041249999999999995,1.6804030005445445
0.7152708224869754,1.2525330898503988,0.1689833252599376,-1.2570715951581408,0;0;-1.25707159516;0.16898332526;0;0;0;0;0;0;0;0,55775.60023389746,0.005,1854,0.0002,23.5577660371473,,0.0008117138389707736,0.38014189999989867,ok,same_stridge_core,Hx;D_x^1.252533 H,0.045,1.2475259435883157
0.6849990958970498,1.6616906552468786,0.23256865347760328,-1.263908688394812,0;0;-1.26390868839;0.232568653478;0;0;0;0;0;0;0;0,55447.13717986911,0.005,1855,0.0002,23.662802167989263,,0.001121221960879277,0.39201009999987946,ok,same_stridge_core,Hx;D_x^1.661691 H,0.04491404754367717,1.4839472960416176
0.6582995654525587,1.630370926085682,0.1687836983755062,-1.340497536378954,0;0;-1.34049753638;0.168783698376;0;0;0;0;0;0;0;0,55328.0180336719,0.005,1856,0.0002,24.1137048637194,,0.002003813604424969,0.4085987999999361,ok,same_stridge_core,Hx;D_x^1.630371 H,0.045,1.982497650250638
0.6456076066447514,1.6388913082711674,0.10226409852994815,-1.3534434637285675,0;0;-1.35344346373;0.10226409853;3.74038966625;0;0;0;-0.594832988642;0;0;0,55352.39661715588,0.005,1857,0.0002,46.26031443106813,,0.0020461077018141143,0.39307460000009087,ok,same_stridge_core,Hx;D_x^1.638891 H;Hxxx;H*Hxxx,0.0344831286360698,1.9783971373434308
0.6814800156468431,1.663041122142456,0.22535707373353225,-1.2731526834612112,0;0;-1.27315268346;0.225357073734;0;0;0;0;0;0;0;0,55454.311709105015,0.005,1858,0.0002,23.72797724200348,,0.00121717461594601,0.38379839999993237,ok,same_stridge_core,Hx;D_x^1.663041 H,0.025,1.5462525583614743
0.6872598202387246,1.6650105922508551,0.2382628278856521,-1.2573791741504374,0;0;-1.25737917415;0.238262827886;0;0;0;0;0;0;0;0,55465.12663124663,0.005,1859,0.0002,23.634638964902273,,0.0010682127934378094,0.38610110000013265,ok,same_stridge_core,Hx;D_x^1.665011 H,0.05026785714285712,1.4485883124036196
0.6857643237838402,1.6808306513776647,0.23935095701246906,-1.2590632891102913,0;0;-1.25906328911;0.239350957012;0;0;0;0;0;0;0;0,55568.53121343144,0.005,1860,0.0002,23.71336278470298,,0.0011228361611994087,0.38009329999999864,ok,same_stridge_core,Hx;D_x^1.680831 H,0.029566442594765027,1.4859502993304035
0.6644684761446638,1.6557848574266112,0.18622800868141803,-1.3204238974274611,0;0;-1.32042389743;0.186228008681;0;0;0;0;0;0;0;0,55417.97384010478,0.005,1861,0.0002,24.036667891830746,,0.0017795592864973773,0.38700489999996535,ok,same_stridge_core,Hx;D_x^1.655785 H,0.049301841016126724,1.8694783557888337
0.6683106305927392,1.6621693396697372,0.19603812974557305,-1.309060329756604,0;0;-1.30906032976;0.196038129746;0;0;0;0;0;0;0;0,55449.65792296902,0.005,1862,0.0002,23.975421890995968,,0.0016411131722268108,0.3850866999998743,ok,same_stridge_core,Hx;D_x^1.662169 H,0.030000000000000002,1.7955587218083584
0.6750652478444157,1.6360165164497387,0.578675101273221,-1.3666333321738293,0;0;-1.36663333217;0.578675101273;0;0;0;-0.34945492662;0.0676310218095;0;0.0327483936618;0,55343.5774341524,0.005,1863,0.0002,56.653276202657395,,0.0008674574591042738,0.37873770000010154,ok,same_stridge_core,Hx;D_x^1.636017 H;H*Hxx;H*Hxxx;H^2*Hxx,0.015,1.3096987685049961
0.7004523219371106,1.3769875917096668,0.17505486331294998,-1.2864467573864233,0;0;-1.28644675739;0.175054863313;0;0;0;0;-0.0812361280627;0;0;0,55555.08094938317,0.005,1864,0.0002,34.386252352340726,,0.000564957983266159,0.3796414000000823,ok,same_stridge_core,Hx;D_x^1.376988 H;H*Hxxx,0.014470675424785567,1.053203782710827
0.6645434790988889,1.6571947058471237,0.1866310709335811,-1.3200432736017915,0;0;-1.3200432736;0.186631070934;0;0;0;0;0;0;0;0,55424.61704229755,0.005,1865,0.0002,24.038805560775018,,0.0017784335117216796,0.3807309000001169,ok,same_stridge_core,Hx;D_x^1.657195 H,0.030000000000000002,1.8689587438559971
0.6564411572202798,1.6459402843113018,0.16657561524568024,-1.3437938514618382,0;0;-1.34379385146;0.166575615246;0;0;0;0;0;0;0;0,55376.770532719594,0.005,1866,0.0002,24.185396902181978,,0.0021087975443499817,0.375816900000018,ok,same_stridge_core,Hx;D_x^1.64594 H,0.08625000000000002,2.0346886890941405
0.6701827602745904,1.6464740511038602,0.19727139610022063,-1.30597796903699,0;0;-1.30597796904;0.1972713961;0;0;0;0;0;0;0;0,55378.78299786979,0.005,1867,0.0002,23.897589861956142,,0.0015534191548609503,0.4023311000000831,ok,same_stridge_core,Hx;D_x^1.646474 H,0.030000000000000002,1.7460766628082254
0.6786286091937128,1.6504924215045105,0.2162823964532291,-1.282598564194136,0;0;-1.28259856419;0.216282396453;0;0;0;0;0;0;0;0,55394.729564619935,0.005,1868,0.0002,23.74561519564339,,0.0012843627779066276,0.39966160000017226,ok,same_stridge_core,Hx;D_x^1.650492 H,0.04422519397122571,1.587723369795414
0.6795922465048814,1.6785924449743304,0.0,-1.254517198797749,0;0;-1.2545171988;0;0;0;0;0;0;0;0;0,55551.98741906721,0.005,1869,0.0002,13.560897552121881,,0.0030490071669083355,0.13885220000020126,ok,same_stridge_core,Hx,0.12500000000000003,2.4505000683084375
0.6667112548266293,1.6817966906574204,0.0,-1.2927015703732812,0;0;-1.29270157037;0;0;0;0;0;0;0;0;0,55575.88186187541,0.005,1870,0.0002,13.570716117112564,,0.0030487267046280884,0.1312482999999247,ok,same_stridge_core,Hx,0.045,2.4555397447374827
0.6692324160518381,1.664082147549116,0.19848353901724702,-1.3062868126604497,0;0;-1.30628681266;0.198483539017;0;0;0;0;0;0;0;0,55459.97555490862,0.005,1871,0.0002,23.962490638119075,,0.0016099221646185546,0.14248720000000503,ok,same_stridge_core,Hx;D_x^1.664082 H,0.030000000000000002,1.778500416155628
0.6684678910816422,1.6559119316479642,0.19523748416784675,-1.309428352261063,0;0;-1.30942835226;0.195237484168;0;0;0;0;0;0;0;0,55418.56452041286,0.005,1872,0.0002,23.95510013515422,,0.0016273220907479565,0.3769633000001704,ok,same_stridge_core,Hx;D_x^1.655912 H,0.05142857142857142,1.7876743269890747
0.6706205266089967,1.685113554849735,0.0,-1.266783747568724,0;0;-1.26678374757;0;0;0;0;0.0441684910462;0;0;0;0,55602.11024673339,0.005,1873,0.0002,24.016781959721573,,0.0016059522749320267,0.13241110000012668,ok,same_stridge_core,Hx;H*Hxx,0.03944444444444439,1.775937861028215
0.6895635780883207,1.6889957996138718,0.2500948776735705,-1.2476462926970973,0;0;-1.2476462927;0.250094877674;0;0;0;0;0;0;0;0,55634.83271797896,0.005,1874,0.0002,23.683518882355518,,0.001038743586120325,0.39701500000001033,ok,same_stridge_core,Hx;D_x^1.688996 H,0.035,1.4295857951639315
0.6868533957815092,1.6610518170361266,0.23633375470372525,-1.2590521766769973,0;0;-1.25905217668;0.236333754704;0;0;0;0;0;0;0;0,55443.810487547344,0.005,1875,0.0002,23.629727471892288,,0.0010738451004534632,0.3830276999999569,ok,same_stridge_core,Hx;D_x^1.661052 H,0.025,1.4522032768733486
0.6789808917290497,1.6465394372586226,0.2161377890745127,-1.2822116363918459,0;0;-1.28221163639;0.216137789075;0;0;0;0;0;0;0;0,55379.03129853708,0.005,1876,0.0002,23.729711194510543,,0.0012692012737636794,0.3738051999998788,ok,same_stridge_core,Hx;D_x^1.646539 H,0.025,1.5780986750957111
0.6898733244205926,1.6695878670056503,0.2450978435731216,-1.2497261777375135,0;0;-1.24972617774;0.245097843573;0;0;0;0;0;0;0;0,55491.933300094475,0.005,1877,0.0002,23.60640564393915,,0.0010112377837004347,0.38311380000004647,ok,same_stridge_core,Hx;D_x^1.669588 H,0.04,1.4096323239013577
0.66571170538861,1.6731370130149723,0.0,-1.2956999559229587,0;0;-1.29569995592;0;0;0;0;0;0;0;0;0,55514.401682504766,0.005,1878,0.0002,13.56139453550336,,0.0030553142477180387,0.25972649999994246,ok,same_stridge_core,Hx,0.12500000000000003,2.4585141990024066
0.6736653462252831,1.6865487282371843,0.646266219820436,-1.3513576928633961,0;0;-1.35135769286;0.64626621982;0;0;0;-0.389682053703;0.0958039570721;0;0.0371601430981;0,55613.94698231928,0.005,1879,0.0002,56.98023900916082,,0.0009404220761358081,0.13709949999997662,ok,same_stridge_core,Hx;D_x^1.686549 H;H*Hxx;H*Hxxx;H^2*Hxx,0.01,1.3662920268415415
0.6719862249765168,1.6681480365830443,0.20551717955490598,-1.2982158044509808,0;0;-1.29821580445;0.205517179555;0;0;0;0;0;0;0;0,55483.24296819627,0.005,1880,0.0002,23.92051031688297,,0.001518097340233918,0.1369139000000814,ok,same_stridge_core,Hx;D_x^1.668148 H,0.029369641255576867,1.727213129604466
0.6722591909687051,1.65883644738603,0.20423131162155073,-1.2986946789958111,0;0;-1.298694679;0.204231311622;0;0;0;0;0;0;0;0,55432.60170076444,0.005,1881,0.0002,23.88782508731486,,0.0014971558318111048,0.2753728999998657,ok,same_stridge_core,Hx;D_x^1.658836 H,0.05375000000000001,1.7147844070090816
0.6719745703400296,1.6555679028346322,0.6213931185970386,-1.3717000464517186,0;0;-1.37170004645;0.621393118597;0;0;0;-0.38169808201;0.08241602466;0;0.0358881386104;0,55416.968813273816,0.005,1882,0.0002,56.778185126318114,,0.0009364823798945353,0.39632879999999204,ok,same_stridge_core,Hx;D_x^1.655568 H;H*Hxx;H*Hxxx;H^2*Hxx,0.024523809523809545,1.3612163130442965
0.679890908139659,1.6727958494220703,0.2242632435320827,-1.276068031341203,0;0;-1.27606803134;0.224263243532;0;0;0;0;0;0;0;0,55512.175948416436,0.005,1883,0.0002,23.787199062027092,,0.0012738167716944183,0.40077290000022003,ok,same_stridge_core,Hx;D_x^1.672796 H,0.02617693560500578,1.5823286826605159
0.6796054007501945,1.7017657412848994,0.0,-1.2387912251289048,0;0;-1.23879122513;0;0;0;0;0.048657689984;0;0;0;0,55759.28711355387,0.005,1884,0.0002,23.912816773801275,,0.0013179391446659081,0.14889960000004976,ok,same_stridge_core,Hx;H*Hxx,0.030000000000000002,1.6091019283797259
0.6740107323139765,1.6497181545671795,0.20620835639503263,-1.2951608257253937,0;0;-1.29516082573;0.206208356395;0;0;0;0;0;0;0;0,55391.54577517077,0.005,1885,0.0002,23.830407610009058,,0.0014272959083834423,0.3951523000000634,ok,same_stridge_core,Hx;D_x^1.649718 H,0.04422519397122571,1.6737892999407478
0.6736263945015061,1.6602866984926996,0.20755538938946255,-1.2947798132311044,0;0;-1.29477981323;0.207555389389;0;0;0;0;0;0;0;0,55439.882165471885,0.005,1886,0.0002,23.865391009821366,,0.001453125389730119,0.1520114999998441,ok,same_stridge_core,Hx;D_x^1.660287 H,0.030000000000000002,1.68943814363261
0.6655155679656662,1.6535553710657196,0.1882155536601431,-1.3178214358113123,0;0;-1.31782143581;0.18821555366;0;0;0;0;0;0;0;0,55407.86102509634,0.005,1887,0.0002,24.009263720575476,,0.001735613955221226,0.2742086000000654,ok,same_stridge_core,Hx;D_x^1.653555 H,0.030144675925925932,1.8461193105369393
0.6754651408776704,1.648005600358556,0.20898214542110505,-1.291464655063618,0;0;-1.29146465506;0.208982145421;0;0;0;0;0;0;0;0,55384.693758315465,0.005,1888,0.0002,23.798572229354846,,0.0013783136805714774,0.38324190000003,ok,same_stridge_core,Hx;D_x^1.648006 H,0.025,1.644694726028659
0.6766624364852678,1.6720833700632296,0.0,-1.263128434378237,0;0;-1.26312843438;0;0;0;0;0;0;0;0;0,55507.57334858421,0.005,1889,0.0002,13.54792594791696,,0.003035597969604735,0.39762560000008307,ok,same_stridge_core,Hx,0.06863636363636368,2.4464112782001184
0.6906066145425498,1.6769178113321614,0.0,-1.22252926116007,0;0;-1.22252926116;0;0;0;0;0;0;0;0;0,55540.04403472644,0.005,1890,0.0002,13.598759197856921,,0.0031637138135855577,0.3778762000001734,ok,same_stridge_core,Hx,0.09214285714285718,2.490750390911634
0.6754749536628297,1.6680165036310168,0.6143416709760978,-1.3519941035648781,0;0;-1.35199410356;0.614341670976;0;0;0;-0.367717582205;0.0843441344748;0;0.0348942217373;0,55482.46103774794,0.005,1891,0.0002,56.81189118008921,,0.0008912538889804501,0.3950734999998531,ok,same_stridge_core,Hx;D_x^1.668017 H;H*Hxx;H*Hxxx;H^2*Hxx,0.009612054612054608,1.3294301423412722
0.6764864351822734,1.63770889665439,0.2089784731255579,-1.2901484124229339,0;0;-1.29014841242;0.208978473126;0;0;0;0;0;0;0;0,55348.69348292759,0.005,1892,0.0002,23.75662496591987,,0.0013335273333005074,0.3888597000000118,ok,same_stridge_core,Hx;D_x^1.637709 H,0.04,1.6171475727488323
0.6643118271309745,1.6717544021542834,0.18855242260491925,-1.318906544590825,0;0;-1.31890654459;0.188552422605;0;0;0;0;0;0;0;0,55505.468799196846,0.005,1893,0.0002,24.08651310604784,,0.0018064028372779745,0.2824439999999413,ok,same_stridge_core,Hx;D_x^1.671754 H,0.030000000000000002,1.884325586369102
0.6681925082156853,1.6374485565142733,0.19134004378927152,-1.312571925244916,0;0;-1.31257192524;0.191340043789;0;0;0;0;0;0;0;0,55347.89260696327,0.005,1894,0.0002,23.91814425173861,,0.0016133658924134986,0.3910620999999992,ok,same_stridge_core,Hx;D_x^1.637449 H,0.035521193092621674,1.7789872089533008
0.6719801794684038,1.6495527769332239,0.6141415492537806,-1.3742304245631725,0;0;-1.37423042456;0.614141549254;0;0;0;-0.377707955494;0.0790790565575;0;0.0354301232627;0,55390.87282279424,0.005,1895,0.0002,56.7470639767758,,0.0009300734486102227,0.39185009999982867,ok,same_stridge_core,Hx;D_x^1.649553 H;H*Hxx;H*Hxxx;H^2*Hxx,0.019675324675324683,1.3561911539815545
0.6754657209831862,1.655900401532376,0.21066257647184652,-1.2903808334500733,0;0;-1.29038083345;0.210662576472;0;0;0;0;0;0;0;0,55418.51095597162,0.005,1896,0.0002,23.81833494876254,,0.0013880637886927504,0.2757986000001438,ok,same_stridge_core,Hx;D_x^1.6559 H,0.12500000000000003,1.6509305663738891
0.674045625376579,1.6761050150920882,1.2753387263373068,-1.1540677460929345,-0.0467783765686;0.00568890692709;-1.15406774609;1.27533872634;0;0;-0.139312185264;-0.469807824084;-0.293674924167;0.010615199905;0.0262746778097;0,55534.37863608112,0.005,1897,0.0002,101.15768039420347,,0.0007236353239276663,0.15474289999997382,ok,same_stridge_core,1;H;Hx;D_x^1.676105 H;H*Hx;H*Hxx;H*Hxxx;H^2*Hx;H^2*Hxx,0.005,1.1957988492574356
0.6788679864800754,1.6626684931517854,0.0,-1.2566418977240077,0;0;-1.25664189772;0;0;0;0;0;0;0;0;0,55452.312516018625,0.005,1898,0.0002,13.539678213536508,,0.0030449934555571738,0.14098220000005313,ok,same_stridge_core,Hx,0.10833333333333336,2.4492157103327816
0.6767370247870175,1.6785924449743304,0.6186481537054119,-1.3425026931714557,0;0;-1.34250269317;0.618648153705;0;0;0;-0.366149661878;0.0878033622726;0;0.0349409387667;0,55551.98741906721,0.005,1899,0.0002,56.87475084603912,,0.0008811994279365833,0.15183479999996052,ok,same_stridge_core,Hx;D_x^1.678592 H;H*Hxx;H*Hxxx;H^2*Hxx,0.01,1.3227634269719066
0.6750840130690634,1.648248431985644,0.5934033884871828,-1.3616977984118348,0;0;-1.36169779841;0.593403388487;0;0;0;-0.357590500513;0.074447783584;0;0.0336651230026;0,55385.64948209747,0.005,1900,0.0002,56.70436122380919,,0.0008785257109063526,0.37829660000011245,ok,same_stridge_core,Hx;D_x^1.648248 H;H*Hxx;H*Hxxx;H^2*Hxx,0.010742424242424227,1.3187117417117167
0.6696997877201036,1.6509571892363542,0.19705095870856773,-1.3067047440612096,0;0;-1.30670474406;0.197050958709;0;0;0;0;0;0;0;0,55396.66679692749,0.005,1901,0.0002,23.917846421780844,,0.0015763634645569796,0.38305749999994987,ok,same_stridge_core,Hx;D_x^1.650957 H,0.12500000000000003,1.759179703009844
0.6523990954436082,1.7015160079599263,0.0,-1.3361251404897128,0;0;-1.33612514049;0;0;0;0;0;0;0;0;0,55756.5874531536,0.005,1902,0.0002,13.68724847193069,,0.0032430211627573714,0.13951300000007905,ok,same_stridge_core,Hx,0.04,2.5359309812999697
0.6735896293536967,1.6499310490036074,0.20534084091958626,-1.296272053902278,0;0;-1.2962720539;0.20534084092;0;0;0;0;0;0;0;0,55392.41575027996,0.005,1903,0.0002,23.83902524912978,,0.0014413996364554592,0.38155140000003485,ok,same_stridge_core,Hx;D_x^1.649931 H,0.04,1.682058949017793
0.6760167268454774,1.6880667874237403,0.0,-1.2499172715035722,0;0;-1.2499172715;0;0;0;0;0.0468817677782;0;0;0;0,55626.79792222883,0.005,1904,0.0002,23.924684784593293,,0.0014265801194085898,0.13319270000010874,ok,same_stridge_core,Hx;H*Hxx,0.030000000000000002,1.6739656157017622
0.6822043938252867,1.667854585368712,0.5733240190939298,-1.3248518202478257,0;0;-1.32485182025;0.573324019094;0;0;0;-0.326465220506;0.0753320303896;0;0.0312806205627;0,55481.50142354429,0.005,1905,0.0002,56.734940374700834,,0.0007905446842932341,0.14680350000003273,ok,same_stridge_core,Hx;D_x^1.667855 H;H*Hxx;H*Hxxx;H^2*Hxx,0.01,1.2534389511565485
0.665301562250173,1.6460056488704873,0.18648132995371586,-1.31935680007161,0;0;-1.31935680007;0.186481329954;0;0;0;0;0;0;0;0,55377.01565212291,0.005,1906,0.0002,23.99566873223575,,0.0017340037508905394,0.38271229999986645,ok,same_stridge_core,Hx;D_x^1.646006 H,0.035,1.8448624713865847
0.6677911795515753,1.6331332600414976,0.18973842572384225,-1.314226934018377,0;0;-1.31422693402;0.189738425724;0;0;0;0;0;0;0;0,55335.347435449,0.005,1907,0.0002,23.917883468569052,,0.0016224389944535394,0.3832347000000027,ok,same_stridge_core,Hx;D_x^1.633133 H,0.04,1.7837444943894505
0.6772639947112123,1.6651956021007706,0.6001124521998871,-1.3458574424172025,0;0;-1.34585744242;0.6001124522;0;0;0;-0.354955848788;0.0805454236205;0;0.0337292655752;0,55466.164190741154,0.005,1908,0.0002,56.77262474294849,,0.0008604170991942454,0.38090090000014243,ok,same_stridge_core,Hx;D_x^1.665196 H;H*Hxx;H*Hxxx;H^2*Hxx,0.01684873949579831,1.3064605522073327
0.6743808078218926,1.6594092226006338,0.20903544803150617,-1.2928469663738014,0;0;-1.29284696637;0.209035448032;0;0;0;0;0;0;0;0,55435.45152173209,0.005,1909,0.0002,23.848477298026,,0.0014272891965210898,0.4019071000000167,ok,same_stridge_core,Hx;D_x^1.659409 H,0.040531440781440754,1.6742966893331646
0.6664342182967731,1.6450784748804874,0.5929412280111737,-1.3870308959383233,0;0;-1.38703089594;0.592941228011;0.602572305614;0;0;-0.370761340123;-0.0154427373947;0;0.0345668214171;0,55373.57208657161,0.005,1910,0.0002,67.85780844757855,,0.0010137477356013018,0.3872326000000612,ok,same_stridge_core,Hx;D_x^1.645078 H;Hxxx;H*Hxx;H*Hxxx;H^2*Hxx,0.01,1.4095219436926136
0.6824856512518369,1.6612284311046683,0.2270763282782214,-1.2707097302109045,0;0;-1.27070973021;0.227076328278;0;0;0;0;0;0;0;0,55444.72596365379,0.005,1911,0.0002,23.70495387137551,,0.0011873141690410126,0.37675579999995534,ok,same_stridge_core,Hx;D_x^1.661228 H,0.11000000000000003,1.527063485913992
0.6742705319869554,1.6399667716891557,0.20478186760990294,-1.2957915424393591,0;0;-1.29579154244;0.20478186761;0;0;0;0;0;0;0;0,55355.85827479919,0.005,1912,0.0002,23.80337290207557,,0.0014065506152822775,0.4013546999999562,ok,same_stridge_core,Hx;D_x^1.639967 H,0.0354066811909949,1.6610295921558926
0.680630463984658,1.7075293130249876,0.0,-1.2514760679352432,0;0;-1.25147606794;0;0;0;0;0;0;0;0;0,55824.77520548262,0.005,1913,0.0002,13.617603759129265,,0.0030555489944868366,0.14551570000003267,ok,same_stridge_core,Hx,0.05653846153846153,2.452648718032741
0.6752271286343177,1.7017657412848994,0.0,-1.267362875413946,0;0;-1.26736287541;0;0;0;0;0;0;0;0;0,55759.28711355387,0.005,1914,0.0002,13.597355277193534,,0.0030318073709373053,0.13758179999990716,ok,same_stridge_core,Hx,0.08976190476190479,2.4454978544827597
0.6735956651078918,1.6793995514503384,0.6388486015849332,-1.3547632200687498,0;0;-1.35476322007;0.638848601585;0;0;0;-0.386125337343;0.0925216264804;0;0.0367150292873;0,55557.87582026703,0.005,1915,0.0002,56.919086202851624,,0.0009340316850541996,0.13318860000003951,ok,same_stridge_core,Hx;D_x^1.6794 H;H*Hxx;H*Hxxx;H^2*Hxx,0.01,1.3612103825845963
0.6671845273538656,1.663599235547865,0.19374458813956014,-1.3119745611828801,0;0;-1.31197456118;0.19374458814;0;0;0;0;0;0;0;0,55457.33378046507,0.005,1916,0.0002,24.00234106163003,,0.0016848418959373637,0.38916279999989456,ok,same_stridge_core,Hx;D_x^1.663599 H,0.05917582417582417,1.8194075494440016
0.6720767062492319,1.6580895270086835,0.6237545462176498,-1.3701944710694147,0;0;-1.37019447107;0.623754546218;0;0;0;-0.382686498115;0.0836547358342;0;0.0360210201613;0,55428.93566347367,0.005,1917,0.0002,56.7910058881547,,0.0009374164903613119,0.3861948000001121,ok,same_stridge_core,Hx;D_x^1.65809 H;H*Hxx;H*Hxxx;H^2*Hxx,0.014943722943722945,1.362070224681035
0.6662853196995946,1.6593785355171942,0.19095130986672393,-1.3149771967780295,0;0;-1.31497719678;0.190951309867;0;0;0;0;0;0;0;0,55435.29813876489,0.005,1918,0.0002,24.008744718176164,,0.001713527636982963,0.3945272999999361,ok,same_stridge_core,Hx;D_x^1.659379 H,0.030000000000000002,1.834625462670208
0.6819149206072961,1.6724893614611436,0.228659955281845,-1.2706382381805252,0;0;-1.27063823818;0.228659955282;0;0;0;0;0;0;0;0,55510.18863554862,0.005,1919,0.0002,23.7500341078578,,0.0012159725923346003,0.38637100000005375,ok,same_stridge_core,Hx;D_x^1.672489 H,0.024408179138829294,1.5459586536383523
0.67016305120161,1.6556957896789075,0.19896829504133415,-1.3048231077808057,0;0;-1.30482310778;0.198968295041;0;0;0;0;0;0;0;0,55417.56055717115,0.005,1920,0.0002,23.920626191125216,,0.0015659469012061643,0.3797236000000339,ok,same_stridge_core,Hx;D_x^1.655696 H,0.040033482142857124,1.7536019682567567
0.6719192442601731,1.6921352505742795,0.6629972562060595,-1.3557988859447365,0;0;-1.35579888594;0.662997256206;0;0;0;-0.403609617576;0.100837608848;0;0.0384989569114;0,55662.96419640315,0.005,1921,0.0002,57.055957994625196,,0.0009775899023145372,0.38724260000003596,ok,same_stridge_core,Hx;D_x^1.692135 H;H*Hxx;H*Hxxx;H^2*Hxx,0.024523809523809545,1.3929937982220504
0.6775703030312029,1.6554788546119132,0.21513386361103012,-1.2847507120802264,0;0;-1.28475071208;0.215133863611;0;0;0;0;0;0;0;0,55416.55740927426,0.005,1922,0.0002,23.777821403501246,,0.0013221461039972637,0.38381360000016684,ok,same_stridge_core,Hx;D_x^1.655479 H,0.025,1.6111984397915395
0.658462211464177,1.680450011241715,0.0,-1.317600204252848,0;0;-1.31760020425;0;0;0;0;0;0;0;0;0,55565.670216332685,0.005,1923,0.0002,13.604978651975562,,0.0031338047355222256,0.12637100000006285,ok,same_stridge_core,Hx,0.04,2.491844608709025
0.63301254104253,1.4069930693541657,0.5055302938837268,-1.6678600808952713,0;0;-1.6678600809;0.505530293884;0;0;0;-0.376712837464;-0.109515669153;0;0.0294838130457;0,55498.977752212406,0.005,1924,0.0002,57.1157949169364,,0.0013687856137276377,0.3962901999998394,ok,same_stridge_core,Hx;D_x^1.406993 H;H*Hxx;H*Hxxx;H^2*Hxx,0.015,1.616817164723997
0.6753256426217341,1.6509790796793282,0.20930999656772603,-1.2914328845854497,0;0;-1.29143288459;0.209309996568;0;0;0;0;0;0;0;0,55396.7582358425,0.005,1925,0.0002,23.808403522191064,,0.0013864361201962655,0.27230379999991783,ok,same_stridge_core,Hx;D_x^1.650979 H,0.12500000000000003,1.6497002278540616
0.6748264003920956,1.6246509497476151,0.20289100716459144,-1.2964283335166413,0;0;-1.29642833352;0.202891007165;0;0;0;0;0;0;0;0,55314.480659948335,0.005,1926,0.0002,23.76368035900363,,0.0013691807872022244,0.37279289999992216,ok,same_stridge_core,Hx;D_x^1.624651 H,0.035,1.637888095024294
0.6553386182261225,1.6413858128593963,0.16352111790395632,-1.3473785410426784,0;0;-1.34737854104;0.163521117904;0;0;0;0;0;0;0;0,55360.56433961411,0.005,1927,0.0002,24.200201789839184,,0.0021536144176409937,0.4104082000001199,ok,same_stridge_core,Hx;D_x^1.641386 H,0.045,2.0559760539935414
0.666036773590875,1.6616203464168602,0.1907788406178389,-1.3153814788330436,0;0;-1.31538147883;0.190778840618;0;0;0;0;0;0;0;0,55446.76908872271,0.005,1928,0.0002,24.020089688927836,,0.0017259522426448701,0.3814310000000205,ok,same_stridge_core,Hx;D_x^1.66162 H,0.030000000000000002,1.8413820534387535
0.6798103138638617,1.672302330927923,0.22396421296921445,-1.276355049854407,0;0;-1.27635504985;0.223964212969;0;0;0;0;0;0;0;0,55508.98122436466,0.005,1929,0.0002,23.78699400889422,,0.0012755826951458698,0.38559510000004593,ok,same_stridge_core,Hx;D_x^1.672302 H,0.025,1.5834015191483544
0.6837924828245532,1.677232139769261,0.2340258004302494,-1.2648962232626073,0;0;-1.26489622326;0.23402580043;0;0;0;0;0;0;0;0,55542.25788439356,0.005,1930,0.0002,23.733748001766074,,0.0011702679602892997,0.4156087999999727,ok,same_stridge_core,Hx;D_x^1.677232 H,0.03432677121785433,1.5168448480086505
0.6737383566671098,1.6301708005970896,0.18957378933784758,-1.3061971138394877,0;0;-1.30619711384;0.189573789338;0;0;0;0;-0.0381871920162;0;0;0,55327.50754592925,0.005,1931,0.0002,34.86045630114087,,0.0013993653546846914,0.3843731000001753,ok,same_stridge_core,Hx;D_x^1.630171 H;H*Hxxx,0.025,1.6639517735833222
0.6775703030312029,1.6554788546119132,0.21513386361102974,-1.284750712080224,0;0;-1.28475071208;0.215133863611;0;0;0;0;0;0;0;0,55416.55740927426,0.005,1932,0.0002,23.777821403501246,,0.0013221461039972637,0.026742799999965428,ok,same_stridge_core,Hx;D_x^1.655479 H,0.03617647058823529,1.6111984397915415
0.6767429697223006,1.6357743987652138,0.2091072088247122,-1.2897327890067993,0;0;-1.28973278901;0.209107208825;0;0;0;0;0;0;0;0,55342.86313374936,0.005,1933,0.0002,23.747906560417086,,0.0013232142429212832,0.3930952000000616,ok,same_stridge_core,Hx;D_x^1.635774 H,0.12500000000000003,1.6107613069173436
0.6728763674643597,1.6450221308262098,0.20281753065290775,-1.2988664114361181,0;0;-1.29886641144;0.202817530653;0;0;0;0;0;0;0;0,55373.365155543324,0.005,1934,0.0002,23.841325545357428,,0.0014588947700336443,0.38826609999978245,ok,same_stridge_core,Hx;D_x^1.645022 H,0.12500000000000003,1.691979483140097
0.6842426127579779,1.6877916702217564,0.0,-1.240937605394483,0;0;-1.24093760539;0;0;0;0;0;0;0;0;0,55624.44388316897,0.005,1935,0.0002,13.58776996303628,,0.003085404212195226,0.38388659999986885,ok,same_stridge_core,Hx,0.05495726495726492,2.462881186402486
0.6778371529095013,1.6734597165593366,0.21984614702773428,-1.281548585746091,0;0;-1.28154858575;0.219846147028;0;0;0;0;0;0;0;0,55516.52073376656,0.005,1936,0.0002,23.826906555526786,,0.0013356122304487383,0.39810240000019803,ok,same_stridge_core,Hx;D_x^1.67346 H,0.03433642007230244,1.6202982620201607
0.7177550032625385,1.6597099634491428,0.29754203960264586,-1.1788836903672795,0;0;-1.17888369037;0.297542039603;0;0;0;0;0;0;0;0,55436.96106315923,0.005,1937,0.0002,23.23344930379996,,0.0005708293117654314,0.26932030000011764,ok,same_stridge_core,Hx;D_x^1.65971 H,0.04,1.0586648785362702
0.671116641857815,1.6692792691305551,0.2037771143756665,-1.300450580430906,0;0;-1.30045058043;0.203777114376;0;0;0;0;0;0;0;0,55490.05022362441,0.005,1938,0.0002,23.94109883515946,,0.001549554458272209,0.14329780000002756,ok,same_stridge_core,Hx;D_x^1.669279 H,0.030000000000000002,1.7450787457096937
0.6738529431468099,1.6639525372555732,0.6196267011371824,-1.360340612168235,0;0;-1.36034061217;0.619626701137;0;0;0;-0.375297984525;0.0844253302452;0;0.0354844705655;0,55459.26393898605,0.005,1939,0.0002,56.804737837582785,,0.0009137006817767677,0.39458409999997457,ok,same_stridge_core,Hx;D_x^1.663953 H;H*Hxx;H*Hxxx;H^2*Hxx,0.024523809523809545,1.3454738985967374
0.6790099789101279,1.664135173316535,0.22024830361655362,-1.2796582916996482,0;0;-1.2796582917;0.220248303617;0;0;0;0;0;0;0;0,55460.26740137265,0.005,1940,0.0002,23.77566747280706,,0.0012894149122118458,0.30060550000007424,ok,same_stridge_core,Hx;D_x^1.664135 H,0.03962006172839505,1.5915605122579999
0.6722591909687051,1.6574831305763884,0.6219000857247092,-1.3696926925762125,0;0;-1.36969269258;0.621900085725;0;0;0;-0.381155252816;0.0830885327786;0;0.0358765293645;0,55426.00040837296,0.005,1941,0.0002,56.78536052911214,,0.0009336823783452231,0.29501570000002175,ok,same_stridge_core,Hx;D_x^1.657483 H;H*Hxx;H*Hxxx;H^2*Hxx,0.024523809523809545,1.3593601207391837
0.6495698666399119,1.6527139701899254,0.11400705208510471,-1.3423023930223414,0;0;-1.34230239302;0.114007052085;3.58353492392;0;0;0;-0.570671372746;0;0;0,55404.16723219277,0.005,1942,0.0002,46.23116798951673,,0.0019001406510947103,0.3999281000001247,ok,same_stridge_core,Hx;D_x^1.652714 H;Hxxx;H*Hxxx,0.035,1.9078342037625107
0.6665870645306435,1.6512511583141651,0.19021678403858963,-1.315172641740414,0;0;-1.31517264174;0.190216784039;0;0;0;0;0;0;0;0,55397.902041173664,0.005,1943,0.0002,23.98151141610889,,0.001691469199619646,0.3896383999999671,ok,same_stridge_core,Hx;D_x^1.651251 H,0.02938976872800402,1.8223505996394245
0.6718522989932177,1.665177424321126,0.0,-1.277360425477762,0;0;-1.27736042548;0;0;0;0;0;0;0;0;0,55466.062102764205,0.005,1944,0.0002,13.539472345695883,,0.0030303016055402547,0.3776780000000599,ok,same_stridge_core,Hx,0.08,2.4462599251430412
0.6769479675629821,1.649601493579961,0.21249822120954714,-1.2872458882407576,0;0;-1.28724588824;0.21249822121;0;0;0;0;0;0;0;0,55391.07073655095,0.005,1945,0.0002,23.77452260730463,,0.001333995343973802,0.38904980000006617,ok,same_stridge_core,Hx;D_x^1.649601 H,0.11500000000000003,1.618094312684247
0.6686001412369916,1.6613967790139643,0.6494530053031123,-1.383261855562645,0;0;-1.38326185556;0.649453005303;0;0;0;-0.406720726772;0.0900401157795;0;0.0381778887917;0,55445.60147237533,0.005,1946,0.0002,56.853627945390926,,0.0010025978747218586,0.38764160000005177,ok,same_stridge_core,Hx;D_x^1.661397 H;H*Hxx;H*Hxxx;H^2*Hxx,0.018578042328042336,1.40802647301559
0.6655155679656662,1.660383917778253,0.0,-1.2962889171770604,0;0;-1.29628891718;0;0;0;0;0;0;0;0;0,55440.378070017854,0.005,1947,0.0002,13.54721912925755,,0.003056724593450294,0.2846191999999519,ok,same_stridge_core,Hx,0.09666666666666668,2.4591435152539796
0.6746308972423466,1.6821010274127963,0.0,-1.2691249427298439,0;0;-1.26912494273;0;0;0;0;0;0;0;0;0,55578.22373314453,0.005,1948,0.0002,13.56097825620703,,0.003030779858329465,0.27114549999987503,ok,same_stridge_core,Hx,0.08166666666666664,2.445333509578124
0.6637967627582162,1.6447968701008506,0.18295471867517704,-1.3236328331142087,0;0;-1.32363283311;0.182954718675;0;0;0;0;0;0;0;0,55372.54041980677,0.005,1949,0.0002,24.024339138142885,,0.0017917987202598173,0.39274649999993017,ok,same_stridge_core,Hx;D_x^1.644797 H,0.035514705882352976,1.8753229702201761
0.6737469965910257,1.6451122887680087,0.2047039666857015,-1.2965000994166485,0;0;-1.29650009942;0.204703966686;0;0;0;0;0;0;0;0,55373.69627888992,0.005,1950,0.0002,23.82468908387109,,0.0014301461245944445,0.3941136999999344,ok,same_stridge_core,Hx;D_x^1.645112 H,0.029403060011883544,1.6752105723151194
0.6817339426847739,1.657374189516997,0.5639116322109118,-1.3306604374047746,0;0;-1.3306604374;0.563911632211;0;0;0;-0.322896412684;0.0708168189221;0;0.030806368869;0,55425.4769954607,0.005,1951,0.0002,56.677021052264394,,0.0007889145507918537,0.14247579999982918,ok,same_stridge_core,Hx;D_x^1.657374 H;H*Hxx;H*Hxxx;H^2*Hxx,0.010212842712842713,1.2515440568036904
0.6799995759513415,1.6511364095886738,0.21934422257058034,-1.2788255962329762,0;0;-1.27882559623;0.219344222571;0;0;0;0;0;0;0;0,55397.418753496604,0.005,1952,0.0002,23.722257818208487,,0.0012451225985847557,0.3784835999999814,ok,same_stridge_core,Hx;D_x^1.651136 H,0.024581378660326045,1.563290316809845
0.6693633007522425,1.6346989173628872,0.19336336487783365,-1.309758803054773,0;0;-1.30975880305;0.193363364878;0;0;0;0;0;0;0;0,55339.74167787066,0.005,1953,0.0002,23.88908284603307,,0.001567252510901732,0.38583889999995336,ok,same_stridge_core,Hx;D_x^1.634699 H,0.04943014128728413,1.753186174884804
0.6703194053864568,1.6821165263047422,0.6622149973279369,-1.3667628810579793,0;0;-1.36676288106;0.662214997328;0;0;0;-0.408270595667;0.0984089630336;0;0.0387190085853;0,55578.34357788309,0.005,1954,0.0002,56.982962843964685,,0.0009953344987676583,0.1491091000000324,ok,same_stridge_core,Hx;D_x^1.682117 H;H*Hxx;H*Hxxx;H^2*Hxx,0.016367880485527547,1.4046192660815984
0.6753256426217341,1.6604824461999868,0.60647838222283,-1.355719088836886,0;0;-1.35571908884;0.606478382223;0;0;0;-0.36398764341;0.0806796410025;0;0.0344359280221;0,55440.881223906494,0.005,1955,0.0002,56.76619971901945,,0.0008863581291663,0.2919306000001143,ok,same_stridge_core,Hx;D_x^1.660482 H;H*Hxx;H*Hxxx;H^2*Hxx,0.013951048951048943,1.3253184951129535
0.6859507212435776,1.669803910789723,0.23675481262590922,-1.2601714852289458,0;0;-1.26017148523;0.236754812626;0;0;0;0;0;0;0;0,55493.2580508304,0.005,1956,0.0002,23.67153048841977,,0.00110598089870114,0.3777133999999478,ok,same_stridge_core,Hx;D_x^1.669804 H,0.030555555555555555,1.4742272680876078
0.6818702335423724,1.6761050150920882,0.22947961549159246,-1.2702475282343355,0;0;-1.27024752823;0.229479615492;0;0;0;0;0;0;0;0,55534.37863608112,0.005,1957,0.0002,23.763304673179274,,0.00122135749055427,0.14192060000004858,ok,same_stridge_core,Hx;D_x^1.676105 H,0.024466193858364106,1.5495532187468237
0.6832215836103781,1.6627765577527513,0.22904501167419944,-1.2685116848212759,0;0;-1.26851168482;0.229045011674;0;0;0;0;0;0;0;0,55452.891004659454,0.005,1958,0.0002,23.696581276326476,,0.0011691747792559398,0.3951190999998744,ok,same_stridge_core,Hx;D_x^1.662777 H,0.0484567901234568,1.5154248744626968
0.6795922465048814,1.6669969370324504,0.5880533084822276,-1.3356955254356442,0;0;-1.33569552544;0.588053308482;0;0;0;-0.341796060808;0.0783630173714;0;0.0326085923762;0,55476.467376894594,0.005,1959,0.0002,56.7579069321925,,0.0008270194399094911,0.2903541000000587,ok,same_stridge_core,Hx;D_x^1.666997 H;H*Hxx;H*Hxxx;H^2*Hxx,0.01,1.2814395552979023
0.6846329555220607,1.6857172006543037,0.23817735979575091,-1.261411312518864,0;0;-1.26141131252;0.238177359796;0;0;0;0;0;0;0;0,55607.052380891284,0.005,1960,0.0002,23.751750121646673,,0.0011574848934888609,0.3854718000000048,ok,same_stridge_core,Hx;D_x^1.685717 H,0.030000000000000002,1.508929169290158
0.6712813769068036,1.674647093435353,0.0,-1.2790574402072377,0;0;-1.27905744021;0;0;0;0;0;0;0;0;0,55524.42747096134,0.005,1961,0.0002,13.551686040816442,,0.003031095321857317,0.39162229999988085,ok,same_stridge_core,Hx,0.12500000000000003,2.446800546624174
0.678801640112665,1.632058128366975,0.212564269050623,-1.2847593074711077,0;0;-1.28475930747;0.212564269051;0;0;0;0;0;0;0;0,55332.43140085712,0.005,1962,0.0002,23.702537510849517,,0.0012568473738501643,0.27187309999999343,ok,same_stridge_core,Hx;D_x^1.632058 H,0.035,1.569564950506671
0.6755232292645224,1.641044670406246,0.2076507197629601,-1.2922702631583922,0;0;-1.29227026316;0.207650719763;0;0;0;0;0;0;0;0,55359.418513258955,0.005,1963,0.0002,23.781782315702692,,0.0013677958389814464,0.2729236000000128,ok,same_stridge_core,Hx;D_x^1.641045 H,0.12500000000000003,1.6380149103991077
0.6798518515048378,1.6309861803716268,0.2144754367603358,-1.282116543836075,0;0;-1.28211654384;0.21447543676;0;0;0;0;0;0;0;0,55329.60450195087,0.005,1964,0.0002,23.681382141496883,,0.0012251376538777769,0.27581770000006145,ok,same_stridge_core,Hx;D_x^1.630986 H,0.030555555555555555,1.5495403407165358
0.6738102079115322,1.6428347770526481,0.20438074575623766,-1.296639886604579,0;0;-1.2966398866;0.204380745756;0;0;0;0;0;0;0;0,55365.535610121886,0.005,1965,0.0002,23.818391389768557,,0.001425192518347893,0.39111400000001595,ok,same_stridge_core,Hx;D_x^1.642835 H,0.04,1.6721771457197991
0.6775191389582946,1.6380780018000767,0.21121240328169208,-1.2873282823512229,0;0;-1.28732828235;0.211212403282;0;0;0;0;0;0;0;0,55349.83800897018,0.005,1966,0.0002,23.738100443548593,,0.0013024176323193314,0.383534999999938,ok,same_stridge_core,Hx;D_x^1.638078 H,0.04441176470588234,1.5981652399605186
0.6820899541333096,1.6894522329565484,0.0,-1.2311305758488116,0;0;-1.23113057585;0;0;0;0;0.0498739739047;0;0;0;0,55638.82805214386,0.005,1967,0.0002,23.82117678846493,,0.0012475249119247086,0.403820400000086,ok,same_stridge_core,Hx;H*Hxx,0.04,1.5656455676073848
0.6741303098084857,1.6465617223546685,0.2058201208585049,-1.29526685528779,0;0;-1.29526685529;0.205820120859;0;0;0;0;0;0;0;0,55379.11589885141,0.005,1968,0.0002,23.820639392802626,,0.0014194278311376646,0.40759800000000723,ok,same_stridge_core,Hx;D_x^1.646562 H,0.030000000000000002,1.6689930332620626
0.6751949200065885,1.6865487282371843,0.6368703454342554,-1.3452799353419778,0;0;-1.34527993534;0.636870345434;0;0;0;-0.380152639026;0.0936537960337;0;0.0363169392094;0,55613.94698231928,0.005,1969,0.0002,56.96146140512521,,0.0009143201331222416,0.13731750000010834,ok,same_stridge_core,Hx;D_x^1.686549 H;H*Hxx;H*Hxxx;H^2*Hxx,0.019545454545454536,1.3475144228059355
0.6763473020651729,1.6542170449964473,0.21221189025504889,-1.2882273647849003,0;0;-1.28822736478;0.212211890255;0;0;0;0;0;0;0;0,55410.81264552144,0.005,1970,0.0002,23.797322883516536,,0.0013582448192738777,0.39137590000018463,ok,same_stridge_core,Hx;D_x^1.654217 H,0.025,1.632997825307959
0.6754777121356117,1.6805359012089012,0.0,-1.2666228588281323,0;0;-1.26662285883;0;0;0;0;0;0;0;0;0,55566.314018118406,0.005,1971,0.0002,13.558867705085465,,0.003032335547518714,0.13401490000001104,ok,same_stridge_core,Hx,0.12500000000000003,2.4456049014617824
0.6777498657645353,1.6278732807451541,0.20951979501757573,-1.2881643310462259,0;0;-1.28816433105;0.209519795018;0;0;0;0;0;0;0;0,55321.84150147881,0.005,1972,0.0002,23.71423273172757,,0.0012828463087060378,0.2713528000001588,ok,same_stridge_core,Hx;D_x^1.627873 H,0.03557128710069886,1.585496131136045
0.6739063407315748,1.6610948352508759,0.2083440944490188,-1.2939101641705915,0;0;-1.29391016417;0.208344094449;0;0;0;0;0;0;0;0,55444.032958511714,0.005,1973,0.0002,23.862299308228042,,0.0014448968155381713,0.2821101000001818,ok,same_stridge_core,Hx;D_x^1.661095 H,0.03455882352941177,1.6846861248233556
0.6646112186575555,1.6290311783796905,0.592177353145467,-1.4033723952389703,0;0;-1.40337239524;0.592177353145;0.524412620808;0;0;-0.376584592937;-0.00967055820438;0;0.034786230117;0,55324.652619956585,0.005,1974,0.0002,67.80980551095253,,0.0010303748011071124,0.3891215999999531,ok,same_stridge_core,Hx;D_x^1.629031 H;Hxxx;H*Hxx;H*Hxxx;H^2*Hxx,0.01,1.420222367004632
0.6886271508019477,1.6778737579504142,0.0,-1.2282333905018619,0;0;-1.2282333905;0;0;0;0;0;0;0;0;0,55546.816581819796,0.005,1975,0.0002,13.59015844773096,,0.0031359496666852776,0.3759081000000606,ok,same_stridge_core,Hx,0.09357142857142861,2.480795131367002
0.6727506800945389,1.681442216008334,0.6463402284978832,-1.357266880378923,0;0;-1.35726688038;0.646340228498;0;0;0;-0.392574764604;0.0946792643123;0;0.0373213262171;0,55573.169572657214,0.005,1976,0.0002,56.94652826560807,,0.00095086206788499,0.3871646000000055,ok,same_stridge_core,Hx;D_x^1.681442 H;H*Hxx;H*Hxxx;H^2*Hxx,0.01,1.3733586929508588
0.6655155679656662,1.6544342154873244,0.0,-1.2962889171770604,0;0;-1.29628891718;0;0;0;0;0;0;0;0;0,55411.79074339227,0.005,1977,0.0002,13.541501663932433,,0.003056724593450294,0.28656359999990855,ok,same_stridge_core,Hx,0.12000000000000004,2.4591435152539796
0.670270627042587,1.6687346872414368,0.2017441009516532,-1.302841500544586,0;0;-1.30284150054;0.201744100952;0;0;0;0;0;0;0;0,55486.754620976026,0.005,1978,0.0002,23.95604710390573,,0.0015786155694493653,0.37744019999990996,ok,same_stridge_core,Hx;D_x^1.668735 H,0.030000000000000002,1.7613452555153175
0.6727670568636076,1.6720833700632296,0.20810642263251142,-1.2955637402991536,0;0;-1.2955637403;0.208106422633;0;0;0;0;0;0;0;0,55507.57334858421,0.005,1979,0.0002,23.918052522373156,,0.0014964170702626636,0.13181920000010905,ok,same_stridge_core,Hx;D_x^1.672083 H,0.030000000000000002,1.7150231829394709
0.6707613199795401,1.6770225116838227,0.0,-1.2806047024604057,0;0;-1.28060470246;0;0;0;0;0;0;0;0;0,55540.78005243009,0.005,1980,0.0002,13.555554441601174,,0.0030320869754456923,0.38852620000011484,ok,same_stridge_core,Hx,0.12500000000000003,2.447398431115155
0.6746220870898081,1.6744720581911554,0.2128336800401011,-1.2901743866346795,0;0;-1.29017438663;0.21283368004;0;0;0;0;0;0;0;0,55523.25108647678,0.005,1981,0.0002,23.89055864197241,,0.0014378927197438406,0.27518880000002355,ok,same_stridge_core,Hx;D_x^1.674472 H,0.02992261904761905,1.6812582073816986
0.7111071796274404,1.3320716762267275,0.0,-1.1645881989074114,0;0;-1.16458819891;0;0;0;0;0;0;0;0;0,55637.846821268606,0.005,1982,0.0002,13.778871974618959,,0.003613881654044703,0.38969239999983074,ok,same_stridge_core,Hx,0.11166666666666669,2.651302610365236
0.6765920914820662,1.6320381092197755,0.19615752736434428,-1.2980898952782995,0;0;-1.29808989528;0.196157527364;0;0;0;0;-0.0371362604726;0;0;0,55332.37785098423,0.005,1983,0.0002,34.810555222036676,,0.0013118129311776921,0.40721959999996216,ok,same_stridge_core,Hx;D_x^1.632038 H;H*Hxxx,0.025,1.611128511446133
0.6740105027150269,1.6821165263047422,0.0,-1.270960332583226,0;0;-1.27096033258;0;0;0;0;0;0;0;0;0,55578.34357788309,0.005,1984,0.0002,13.560966024811444,,0.003030054694462121,0.1374116999998023,ok,same_stridge_core,Hx,0.12500000000000003,2.445297309234826
0.6656461511150824,1.645094129810932,0.18709176480814127,-1.318528804222695,0;0;-1.31852880422;0.187091764808;0;0;0;0;0;0;0;0,55373.629606053335,0.005,1985,0.0002,23.986490035959605,,0.0017194347904310808,0.37305719999994835,ok,same_stridge_core,Hx;D_x^1.645094 H,0.03048288588412044,1.8370381935382698
0.6654150012515181,1.659664522884807,0.1890260887272293,-1.3173369693925963,0;0;-1.31733696939;0.189026088727;0;0;0;0;0;0;0;0,55436.73247592028,0.005,1986,0.0002,24.027425053332852,,0.0017474693376105953,0.3845724999998765,ok,same_stridge_core,Hx;D_x^1.659665 H,0.03438907044299205,1.8527320629647375
0.6650220586656962,1.654187760917996,0.18721246218878976,-1.319098682261222,0;0;-1.31909868226;0.187212462189;0;0;0;0;0;0;0;0,55410.68130267242,0.005,1987,0.0002,24.021072061260305,,0.001755675847841555,0.39012730000013107,ok,same_stridge_core,Hx;D_x^1.654188 H,0.03152777777777776,1.8567995401913362
0.6715280709205869,1.6626684931517854,0.20337422090504254,-1.3001849703593034,0;0;-1.30018497036;0.203374220905;0;0;0;0;0;0;0;0,55452.312516018625,0.005,1988,0.0002,23.912931314790093,,0.0015270134833572256,0.1380231000000549,ok,same_stridge_core,Hx;D_x^1.662668 H,0.030000000000000002,1.7320063083826405
0.6681129218517337,1.6552727524592243,0.1943287616726561,-1.3104818885156897,0;0;-1.31048188852;0.194328761673;0;0;0;0;0;0;0;0,55415.60868531406,0.005,1989,0.0002,23.960595111620666,,0.001639553114244021,0.3912090999999691,ok,same_stridge_core,Hx;D_x^1.655273 H,0.02938976872800402,1.794351637495042
0.6746283844178941,1.6817966906574204,0.0,-1.2691323746436847,0;0;-1.26913237464;0;0;0;0;0;0;0;0;0,55575.88186187541,0.005,1990,0.0002,13.560509454407248,,0.0030307762470735125,0.1395941999999195,ok,same_stridge_core,Hx,0.12500000000000003,2.4453330820321653
0.6738377890418294,1.6787251907333767,0.21198218565624283,-1.2917592553011976,0;0;-1.2917592553;0.211982185656;0;0;0;0;0;0;0;0,55552.95000283943,0.005,1991,0.0002,23.920596144943264,,0.0014687647485848848,0.2758504000000812,ok,same_stridge_core,Hx;D_x^1.678725 H,0.030000000000000002,1.6994161438074902
0.6746175858804534,1.7015160079599263,0.6561046766496129,-1.3410132095642169,0;0;-1.34101320956;0.65610467665;0;0;0;-0.391470924882;0.101030820219;0;0.0375933968384;0,55756.5874531536,0.005,1992,0.0002,57.123488643157856,,0.000939809741750417,0.14443470000014713,ok,same_stridge_core,Hx;D_x^1.701516 H;H*Hxx;H*Hxxx;H^2*Hxx,0.01,1.366901190004251
0.6676100338492995,1.6197935190691224,0.1871309372282235,-1.316480504475941,0;0;-1.31648050448;0.187130937228;0;0;0;0;0;0;0;0,55304.61695732709,0.005,1993,0.0002,23.898621041143716,,0.0016112301885138531,0.3850459000000228,ok,same_stridge_core,Hx;D_x^1.619794 H,0.035,1.7767742582128776
0.6725280911537649,1.6467466743944343,0.20240775510442352,-1.2995768469565205,0;0;-1.29957684696;0.202407755104;0;0;0;0;0;0;0;0,55379.820438391784,0.005,1994,0.0002,23.852045695409235,,0.0014727820427272525,0.38264140000001134,ok,same_stridge_core,Hx;D_x^1.646747 H,0.035,1.7001175200525198
0.6725733644366634,1.6376382624658052,0.20072833335546386,-1.300685896495061,0;0;-1.3006858965;0.200728333355;0;0;0;0;0;0;0;0,55348.475683934135,0.005,1995,0.0002,23.831377908567582,,0.0014596205148414676,0.3846616000000722,ok,same_stridge_core,Hx;D_x^1.637638 H,0.03433429297644982,1.6919876349939262
0.6703233505703796,1.6402304288779013,0.6130828599292819,-1.3852325775798922,0;0;-1.38523257758;0.613082859929;0;0;0;-0.381718229131;0.0757932053977;0;0.0356009010307;0,55356.72064854587,0.005,1996,0.0002,56.72509703660002,,0.0009481990057470675,0.41223680000007334,ok,same_stridge_core,Hx;D_x^1.64023 H;H*Hxx;H*Hxxx;H^2*Hxx,0.02,1.3683763880541555
0.6720015343270267,1.6488241440401765,0.20167531368268254,-1.3007261648179083,0;0;-1.30072616482;0.201675313683;0;0;0;0;0;0;0;0,55387.93647699218,0.005,1997,0.0002,23.867205636325426,,0.0014932754980843067,0.4014744000000974,ok,same_stridge_core,Hx;D_x^1.648824 H,0.03617647058823529,1.7120310455285521
0.6629452316220147,1.661081108782161,0.18361440803596696,-1.3239812983240593,0;0;-1.32398129832;0.183614408036;0;0;0;0;0;0;0;0,55443.96212397407,0.005,1998,0.0002,24.082784680556564,,0.001847648338015518,0.3819882000000234,ok,same_stridge_core,Hx;D_x^1.661081 H,0.030000000000000002,1.9051998309669322
0.6591646904675978,1.6268473630471552,0.17022121806905618,-1.338550224285081,0;0;-1.33855022429;0.170221218069;0;0;0;0;0;0;0;0,55319.42485042023,0.005,1999,0.0002,24.088706292072366,,0.001960931150762453,0.39043839999999363,ok,same_stridge_core,Hx;D_x^1.626847 H,0.045,1.9609363519042722
0.6760804897107661,1.6678880296997156,0.6104753029768569,-1.3495808955618471,0;0;-1.34958089556;0.610475302977;0;0;0;-0.363892657217;0.0834701219157;0;0.0345571827626;0,55481.6994103644,0.005,2000,0.0002,56.80391609932324,,0.0008814427777723014,0.38537320000000364,ok,same_stridge_core,Hx;D_x^1.667888 H;H*Hxx;H*Hxxx;H^2*Hxx,0.011831550802139034,1.322216688958835
0.6744365264141743,1.6506021112196132,0.20731109245028082,-1.2938884947137348,0;0;-1.29388849471;0.20731109245;0;0;0;0;0;0;0;0,55395.184978047284,0.005,2001,0.0002,23.82440318604563,,0.0014145336188648883,0.3995199999999386,ok,same_stridge_core,Hx;D_x^1.650602 H,0.039458333333333324,1.6663291948267147
0.6753253349423451,1.6755284032102529,0.6238463276928877,-1.3494545351962215,0;0;-1.3494545352;0.623846327693;0;0;0;-0.373117119192;0.0882659452285;0;0.0355004435295;0,55530.410769973685,0.005,2002,0.0002,56.867532651073454,,0.0009010690144030782,0.39668510000001334,ok,same_stridge_core,Hx;D_x^1.675528 H;H*Hxx;H*Hxxx;H^2*Hxx,0.01,1.3371218810997696
0.6739063407315748,1.6690983484572623,0.2100460205631911,-1.2928429206370216,0;0;-1.29284292064;0.210046020563;0;0;0;0;0;0;0;0,55488.95172997379,0.005,2003,0.0002,23.886412672408103,,0.001454761000414292,0.27286770000000615,ok,same_stridge_core,Hx;D_x^1.669098 H,0.030000000000000002,1.6908319804185832
0.6772555800157947,1.665177424321126,0.6001426923781528,-1.3458990547639538,0;0;-1.34589905476;0.600142692378;0;0;0;-0.354996472064;0.0805473934165;0;0.0337325065095;0,55466.062102764205,0.005,2004,0.0002,56.77260554433342,,0.0008605300068783611,0.15510119999999006,ok,same_stridge_core,Hx;D_x^1.665177 H;H*Hxx;H*Hxxx;H^2*Hxx,0.01754545454545454,1.3065434415692179
0.6773816893839311,1.6433299456197068,0.21205637862661814,-1.2869563672039117,0;0;-1.2869563672;0.212056378627;0;0;0;0;0;0;0;0,55367.2735062612,0.005,2005,0.0002,23.7518899281567,,0.0013130475782219281,0.39793120000013005,ok,same_stridge_core,Hx;D_x^1.64333 H,0.12500000000000003,1.6049805256522205
0.6714857061613874,1.649673250239691,0.20071807171510755,-1.3020136969672795,0;0;-1.30201369697;0.200718071715;0;0;0;0;0;0;0;0,55391.362885666844,0.005,2006,0.0002,23.879355586954652,,0.0015120386408628353,0.3887414999999237,ok,same_stridge_core,Hx;D_x^1.649673 H,0.029772430184194867,1.7228104326879163
0.675777808006772,1.6413518354308319,0.20825218694676167,-1.291542846747501,0;0;-1.29154284675;0.208252186947;0;0;0;0;0;0;0;0,55360.449872583034,0.005,2007,0.0002,23.777625488567722,,0.0013601570061801426,0.38845209999999497,ok,same_stridge_core,Hx;D_x^1.641352 H,0.045,1.6334455395345064
0.6783602224046931,1.6793126699217802,0.22241624664071422,-1.2793254190800454,0;0;-1.27932541908;0.222416246641;0;0;0;0;0;0;0;0,55557.23761669279,0.005,2008,0.0002,23.838062560511165,,0.001326711227684532,0.39817519999996875,ok,same_stridge_core,Hx;D_x^1.679313 H,0.030000000000000002,1.6151675138340487
0.6766624364852678,1.6595678716020847,0.21407360412347304,-1.2866390739752407,0;0;-1.28663907398;0.214073604123;0;0;0;0;0;0;0;0,55436.24675748166,0.005,2009,0.0002,23.805810241286053,,0.0013549786874617045,0.2899929999998676,ok,same_stridge_core,Hx;D_x^1.659568 H,0.034420652876535215,1.6313115382933883
0.6746265882991627,1.6748309249922062,0.21292326456733385,-1.2901144152692703,0;0;-1.29011441527;0.212923264567;0;0;0;0;0;0;0;0,55525.66748818139,0.005,2010,0.0002,23.89171138251104,,0.0014381817314429429,0.3933737999998357,ok,same_stridge_core,Hx;D_x^1.674831 H,0.03507843137254901,1.681444387238487
0.6726598224742079,1.657374189516997,0.2048209350369428,-1.2977978963778707,0;0;-1.29779789638;0.204820935037;0;0;0;0;0;0;0;0,55425.4769954607,0.005,2011,0.0002,23.87605381518947,,0.0014817600469934733,0.15012630000001081,ok,same_stridge_core,Hx;D_x^1.657374 H,0.030000000000000002,1.7058630170051872
0.6873370709771544,1.6564510313848912,0.2361210543518865,-1.258451779016476,0;0;-1.25845177902;0.236121054352;0;0;0;0;0;0;0;0,55421.088272747525,0.005,2012,0.0002,23.608949017526378,,0.0010569888752760147,0.2721936000000369,ok,same_stridge_core,Hx;D_x^1.656451 H,0.04,1.4405137084273687
0.6747007431244331,1.6604095566678978,0.610239918017253,-1.3583275391272565,0;0;-1.35832753913;0.610239918017;0;0;0;-0.36781259295;0.0814589610915;0;0.0347679672213;0,55440.50876269013,0.005,2013,0.0002,56.77310025695792,,0.000896306796565027,0.396533300000101,ok,same_stridge_core,Hx;D_x^1.66041 H;H*Hxx;H*Hxxx;H^2*Hxx,0.01,1.33259149426779
0.6747374953806649,1.638890159692214,0.20555064444614204,-1.294682664283852,0;0;-1.29468266428;0.205550644446;0;0;0;0;0;0;0;0,55352.39301176262,0.005,2014,0.0002,23.792180883520334,,0.0013901181510027239,0.39768739999999525,ok,same_stridge_core,Hx;D_x^1.63889 H,0.05917582417582417,1.6512236788152856
0.6724834334207938,1.6682582845923775,0.20666283556608922,-1.296841224137451,0;0;-1.29684122414;0.206662835566;0;0;0;0;0;0;0;0,55483.899971594314,0.005,2015,0.0002,23.911186472764296,,0.0015012887967847499,0.3876391000001149,ok,same_stridge_core,Hx;D_x^1.668258 H,0.05067460317460315,1.7176264841265703
0.6843909013946624,1.6774668735948401,0.23540820527411876,-1.2632492285026975,0;0;-1.2632492285;0.235408205274;0;0;0;0;0;0;0;0,55543.91980415118,0.005,2016,0.0002,23.724290588385344,,0.0011546872127125888,0.14424029999986487,ok,same_stridge_core,Hx;D_x^1.677467 H,0.045,1.506722666724874
0.6530808081823981,1.8988831705470646,0.5555161369369797,-1.328533129714682,0;0;-1.32853312971;0.555516136937;0;0;0;-0.417723079231;0.113626352736;0;0.0459591261809;0,64258.05746984019,0.005,2017,0.0002,66.12906256030008,,0.0017518403196292455,0.38441740000007485,ok,same_stridge_core,Hx;D_x^1.898883 H;H*Hxx;H*Hxxx;H^2*Hxx,0.0215033152033152,1.8710050904598938
0.6721963155246685,1.6598459080778738,0.20429580021414515,-1.2987325589836427,0;0;-1.29873255898;0.204295800214;0;0;0;0;0;0;0;0,55437.646491285865,0.005,2018,0.0002,23.89184539309874,,0.0015005611826511384,0.38147750000007363,ok,same_stridge_core,Hx;D_x^1.659846 H,0.030000000000000002,1.7167867965843957
0.6672052686577715,1.6441458463086007,0.1903561830500738,-1.314390183798556,0;0;-1.3143901838;0.19035618305;0;0;0;0;0;0;0;0,55370.181044136276,0.005,2019,0.0002,23.952356123204556,,0.001658827297788843,0.3888299000000188,ok,same_stridge_core,Hx;D_x^1.644146 H,0.030000000000000002,1.8042837055500438
0.6633189617773276,1.6455356568559254,0.18200890542076242,-1.3248525569344054,0;0;-1.32485255693;0.182008905421;0;0;0;0;0;0;0;0,55375.26103692997,0.005,2020,0.0002,24.036020422811948,,0.0018120003392471686,0.40841999999997824,ok,same_stridge_core,Hx;D_x^1.645536 H,0.12500000000000003,1.8859160080399577
0.677515601961699,1.664082147549116,0.0,-1.2606163541579507,0;0;-1.26061635416;0;0;0;0;0;0;0;0;0,55459.97555490862,0.005,2021,0.0002,13.539291920774382,,0.0030387238640068592,0.1406661000000895,ok,same_stridge_core,Hx,0.10833333333333336,2.4472968097926584
0.6820619765461957,1.7015160079599263,0.0,-1.2472917900232627,0;0;-1.24729179002;0;0;0;0;0;0;0;0;0,55756.5874531536,0.005,2022,0.0002,13.607515404939255,,0.0030660746835506057,0.13752079999994749,ok,same_stridge_core,Hx,0.06029166666666668,2.456197914308534
0.6654400282721614,1.638005653131534,0.1719788879822744,-1.328408631329358,0;0;-1.32840863133;0.171978887982;0;0;0;0;-0.0418520530934;0;0;0,55349.61289376238,0.005,2023,0.0002,35.046146638195275,,0.001703567825477526,0.3911254999998164,ok,same_stridge_core,Hx;D_x^1.638006 H;H*Hxxx,0.030000000000000002,1.8363789019378445
0.6773474962460301,1.6880667874237403,0.0,-1.2457830239451486,0;0;-1.24578302395;0;0;0;0;0.0475429665185;0;0;0;0,55626.79792222883,0.005,2024,0.0002,23.900348719902883,,0.001385322550675489,0.14259110000011788,ok,same_stridge_core,Hx;H*Hxx,0.031140873015872993,1.6496295510113503
0.6625317123591931,1.6698075252196112,0.18406015985881863,-1.3240822504781689,0;0;-1.32408225048;0.184060159859;0;0;0;0;0;0;0;0,55493.28021636537,0.005,2025,0.0002,24.117435626543607,,0.0018758598098607964,0.30087520000006407,ok,same_stridge_core,Hx;D_x^1.669808 H,0.035,1.9201235399974583
0.6608812760788488,1.670245339623053,0.0,-1.310262266288063,0;0;-1.31026226629;0;0;0;0;0;0;0;0;0,55495.981832011166,0.005,2026,0.0002,13.577597505106198,,0.003101489523160979,0.12650800000005802,ok,same_stridge_core,Hx,0.12000000000000004,2.4784011387039646
0.675288893628283,1.6429628625829067,0.20755243354066918,-1.2926353701867304,0;0;-1.29263537019;0.207552433541;0;0;0;0;0;0;0;0,55365.983372914954,0.005,2027,0.0002,23.790396396179037,,0.001377620934724121,0.39520280000010644,ok,same_stridge_core,Hx;D_x^1.642963 H,0.035,1.6440030470130538
0.6800563315177368,1.6864986901410655,0.0,-1.2531571354900808,0;0;-1.25315713549;0;0;0;0;0;0;0;0;0,55613.52970327151,0.005,2028,0.0002,13.57412188827239,,0.0030518170374367326,0.3850797000000057,ok,same_stridge_core,Hx,0.12500000000000003,2.4514159476180883
0.6699306778139936,1.6865487282371843,0.0,-1.2830788648360596,0;0;-1.28307886484;0;0;0;0;0;0;0;0;0,55613.94698231928,0.005,2029,0.0002,13.571351745916989,,0.0030342044730038323,0.13521080000009533,ok,same_stridge_core,Hx,0.12500000000000003,2.448562349453132
0.6689058870383187,1.6617170915971624,0.1972979181301296,-1.3074849120124017,0;0;-1.30748491201;0.19729791813;0;0;0;0;0;0;0;0,55447.27572601351,0.005,2030,0.0002,23.962168506377825,,0.0016187589542686794,0.3767315000000053,ok,same_stridge_core,Hx;D_x^1.661717 H,0.040624999999999994,1.7832582159724202
0.6754777121356117,1.6308373996615257,0.569820084492244,-1.3668761234899458,0;0;-1.36687612349;0.569820084492;0;0;0;-0.343348481376;0.0641760445705;0;0.0321337816532;0,55329.21860795879,0.005,2031,0.0002,56.630471366061954,,0.000856544799778683,0.29443970000011177,ok,same_stridge_core,Hx;D_x^1.630837 H;H*Hxx;H*Hxxx;H^2*Hxx,0.015,1.30125275810316
0.6792191665933465,1.6946218154688264,0.0,-1.2399852064476455,0;0;-1.23998520645;0;0;0;0;0.0484676422295;0;0;0;0,55686.35082460587,0.005,2032,0.0002,23.89050582375019,,0.0013292346319557595,0.13693560000001526,ok,same_stridge_core,Hx;H*Hxx,0.02939107053077641,1.6159654939078416
0.6711832089828582,1.6400519507853935,0.1982276432064278,-1.3041173343523562,0;0;-1.30411733435;0.198227643206;0;0;0;0;0;0;0;0,55356.13620788945,0.005,2033,0.0002,23.863647990888385,,0.0015101303371297782,0.390221800000063,ok,same_stridge_core,Hx;D_x^1.640052 H,0.05414296814296814,1.721193507732605
0.6704756851881569,1.6441235774088006,0.1974682095420819,-1.3054928144763118,0;0;-1.30549281448;0.197468209542;0;0;0;0;0;0;0;0,55370.10101746894,0.005,2034,0.0002,23.88645604091293,,0.001540060047552865,0.4032752000000528,ok,same_stridge_core,Hx;D_x^1.644124 H,0.030000000000000002,1.7384156339253503
0.6796700886356093,1.6793995514503384,0.6017477530563672,-1.3304920718606343,0;0;-1.33049207186;0.601747753056;0;0;0;-0.348602024804;0.0841644182294;0;0.0334085858805;0,55557.87582026703,0.005,2035,0.0002,56.847305683635966,,0.000836517244839726,0.14426370000001043,ok,same_stridge_core,Hx;D_x^1.6794 H;H*Hxx;H*Hxxx;H^2*Hxx,0.012622895622895628,1.289429863368939
0.6629081149582556,1.3910147696294155,0.35699137207451376,-1.5026841686799044,0;0;-1.50268416868;0.356991372075;0.749725890281;0;0;-0.0799893146386;-0.266470296647;0;0;0,55528.86262960557,0.005,2036,0.0002,56.91404770565287,,0.0010021560364780913,0.2848854000001211,ok,same_stridge_core,Hx;D_x^1.391015 H;Hxxx;H*Hxx;H*Hxxx,0.03842245989304812,1.3851850760472915
0.6702906849302052,1.6544342154873244,0.19901012935701276,-1.3046394955936729,0;0;-1.30463949559;0.199010129357;0;0;0;0;0;0;0;0,55411.79074339227,0.005,2037,0.0002,23.914815810016908,,0.0015598203831479372,0.13544690000003357,ok,same_stridge_core,Hx;D_x^1.654434 H,0.030000000000000002,1.7500995126600019
0.6733215178534087,1.6726100632608232,0.20947756268817863,-1.2939770033598463,0;0;-1.29397700336;0.209477562688;0;0;0;0;0;0;0;0,55510.96994533274,0.005,2038,0.0002,23.90911176218799,,0.0014784582157439182,0.14505540000004657,ok,same_stridge_core,Hx;D_x^1.67261 H,0.029919761691212316,1.7047237840548932
0.6797851819445089,1.655891188824794,0.5738890766069504,-1.3391889895682438,0;0;-1.33918898957;0.573889076607;0;0;0;-0.333758796999;0.0725519171614;0;0.0317274211079;0,55418.46806206331,0.005,2039,0.0002,56.6900156135133,,0.00081496772713245,0.4015779000001203,ok,same_stridge_core,Hx;D_x^1.655891 H;H*Hxx;H*Hxxx;H^2*Hxx,0.01,1.2715475514499939
0.6806881927546564,1.658927507957781,0.2226521831404922,-1.2758677354248322,0;0;-1.27586773542;0.22265218314;0;0;0;0;0;0;0;0,55433.05266284228,0.005,2040,0.0002,23.730340205817246,,0.001234667374721669,0.41172580000011294,ok,same_stridge_core,Hx;D_x^1.658928 H,0.025,1.5571191406803322
0.6740127348562966,1.657374189516997,0.2077980896922334,-1.294120569515143,0;0;-1.29412056952;0.207798089692;0;0;0;0;0;0;0;0,55425.4769954607,0.005,2041,0.0002,23.8499479639578,,0.0014367879635401649,0.15968369999995957,ok,same_stridge_core,Hx;D_x^1.657374 H,0.02939610566448801,1.6797571657735164
0.6705369418492735,1.711987223050805,0.6910423731629339,-1.3520098501849191,0;0;-1.35200985018;0.691042373163;0;0;0;-0.421768836475;0.111224696039;0;0.0405067272982;0,55879.81265467817,0.005,2042,0.0002,57.30844852718941,,0.0010269266870711281,0.15218490000006568,ok,same_stridge_core,Hx;D_x^1.711987 H;H*Hxx;H*Hxxx;H^2*Hxx,0.019545454545454536,1.4286358725112365
0.6780441317567839,1.6518899342401818,0.21534890180320218,-1.2839744729317057,0;0;-1.28397447293;0.215348901803;0;0;0;0;0;0;0;0,55400.613780517975,0.005,2043,0.0002,23.75983320546785,,0.0013034863368443152,0.3961808999999903,ok,same_stridge_core,Hx;D_x^1.65189 H,0.025,1.599587693260659
0.6680461477792458,1.6505847208381588,0.19333601871845196,-1.3112659545777041,0;0;-1.31126595458;0.193336018718;0;0;0;0;0;0;0;0,55395.112788253115,0.005,2044,0.0002,23.95017772670825,,0.001635952931299511,0.38344720000009147,ok,same_stridge_core,Hx;D_x^1.650585 H,0.035,1.7921326114070069
0.6753256426217341,1.6418015550857206,0.5841315183901045,-1.3632494344715225,0;0;-1.36324943447;0.58413151839;0;0;0;-0.351799192724;0.0705828195022;0;0.0330516979793;0,55361.97355813672,0.005,2045,0.0002,56.67304926026574,,0.0008687787012514227,0.2935281000000032,ok,same_stridge_core,Hx;D_x^1.641802 H;H*Hxx;H*Hxxx;H^2*Hxx,0.01,1.311075702129025
0.6692259657454729,1.6591380219755838,0.642840470470363,-1.3816560036081018,0;0;-1.38165600361;0.64284047047;0;0;0;-0.401304685061;0.0879692383284;0;0.0376616631994;0,55434.09798509135,0.005,2046,0.0002,56.83222503016895,,0.0009885508785461333,0.40178900000000795,ok,same_stridge_core,Hx;D_x^1.659138 H;H*Hxx;H*Hxxx;H^2*Hxx,0.022857142857142878,1.3981270450775996
0.676185618896315,1.8726014449879091,0.0,-1.239175362217537,0;0;-1.23917536222;0;0.422876249684;0;0;-0.11367971568;0;0;0.0200435766545;0,62448.47011178919,0.005,2047,0.0002,51.465134207540174,,0.0011430336082133652,0.2989763000000494,ok,same_stridge_core,Hx;Hxxx;H*Hxx;H^2*Hxx,0.01,1.5063581181088201
0.6735757789091633,1.6626684931517854,0.20794176948845733,-1.2945995775322146,0;0;-1.29459957753;0.207941769488;0;0;0;0;0;0;0;0,55452.312516018625,0.005,2048,0.0002,23.87317530534613,,0.001457754637486943,0.14297129999999925,ok,same_stridge_core,Hx;D_x^1.662668 H,0.05375000000000001,1.6922502989386796
0.6656447164184434,1.623815037701786,0.18365972196825928,-1.3212665719544985,0;0;-1.32126657195;0.183659721968;0;0;0;0;0;0;0;0,55312.6796746984,0.005,2049,0.0002,23.94559215170355,,0.0016909259694523197,0.3888008000001264,ok,same_stridge_core,Hx;D_x^1.623815 H,0.035,1.8205202818241912
0.6713751808420079,1.6738984340984913,0.0,-1.278778496176088,0;0;-1.27877849618;0;0;0;0;0;0;0;0;0,55519.421870038044,0.005,2050,0.0002,13.550587934724472,,0.003030943904279956,0.397128500000008,ok,same_stridge_core,Hx,0.12500000000000003,2.446703560716862
0.6738377890418294,1.682656709705863,0.0,-1.256708013462517,0;0;-1.25670801346;0;0;0;0;0.0457923924109;0;0;0;0,55582.533518639226,0.005,2051,0.0002,23.947528116159027,,0.0014966508404951175,0.2793318999999883,ok,same_stridge_core,Hx;H*Hxx,0.030000000000000002,1.714514708703338
0.6800182084341433,1.7015160079599263,0.0,-1.2532688201614524,0;0;-1.25326882016;0;0;0;0;0;0;0;0;0,55756.5874531536,0.005,2052,0.0002,13.602655397932836,,0.003051579209944976,0.13809659999992618,ok,same_stridge_core,Hx,0.12500000000000003,2.451337907302115
0.69297397738538,1.7057762853959648,0.0,-1.215732868148858,0;0;-1.21573286815;0;0;0;0;0;0;0;0;0,55804.19807251352,0.005,2053,0.0002,13.664943835082628,,0.0032008215638786052,0.3788274000000911,ok,same_stridge_core,Hx,0.12500000000000003,2.5041042205799235
0.6798518515048378,1.6753474622441027,0.2248009184262459,-1.2758188885189135,0;0;-1.27581888852;0.224800918426;0;0;0;0;0;0;0;0,55529.17436399362,0.005,2054,0.0002,23.796674720438464,,0.0012779297879086686,0.27866480000011506,ok,same_stridge_core,Hx;D_x^1.675347 H,0.030000000000000002,1.5850049748410167
0.6816787293941424,1.7020271817848034,0.0,-1.2484110104617614,0;0;-1.24841101046;0;0;0;0;0;0;0;0;0,55762.12607670142,0.005,2055,0.0002,13.607606936182922,,0.003063086856071301,0.4157830000001468,ok,same_stridge_core,Hx,0.06572727272727277,2.4551817208426394
0.6752275214413646,1.6562288661253206,0.21021389373013957,-1.2909811180714732,0;0;-1.29098111807;0.21021389373;0;0;0;0;0;0;0;0,55420.044821510084,0.005,2056,0.0002,23.82371718680879,,0.0013960584772294477,0.4003685999998652,ok,same_stridge_core,Hx;D_x^1.656229 H,0.026513157894736836,1.655699258204756
0.6786268541651763,1.6641787591417103,0.5906308160132521,-1.3407140109338738,0;0;-1.34071401093;0.590630816013;0;0;0;-0.345975691113;0.0782405623371;0;0.0329276315054;0,55460.50730660427,0.005,2057,0.0002,56.75074016498769,,0.0008388656045129967,0.3945972999999867,ok,same_stridge_core,Hx;D_x^1.664179 H;H*Hxx;H*Hxxx;H^2*Hxx,0.01,1.2902328583834193
0.6739235167901839,1.6653857403724592,0.6208595996675227,-1.3594446471995416,0;0;-1.3594446472;0.620859599668;0;0;0;-0.375745589567;0.0850738152455;0;0.0355494726657;0,55467.23459820108,0.005,2058,0.0002,56.81301848766632,,0.000913987181190895,0.3951418999999987,ok,same_stridge_core,Hx;D_x^1.665386 H;H*Hxx;H*Hxxx;H^2*Hxx,0.018636363636363628,1.34578388946524
0.6400632266362947,1.803410721635294,0.1386418865056655,-1.3771618457723291,0;0;-1.37716184577;0.138641886506;0;0;0;0;0;0;0;0,58298.36047806026,0.005,2059,0.0002,25.808689919316457,,0.003141809618352346,0.39524500000015905,ok,same_stridge_core,Hx;D_x^1.803411 H,0.12000000000000004,2.489345728092354
0.6876912520483132,1.6637799004721439,0.23884342781591802,-1.2564120780259778,0;0;-1.25641207803;0.238843427816;0;0;0;0;0;0;0;0,55458.31909165647,0.005,2060,0.0002,23.623818016790363,,0.0010564007326381267,0.39952679999987595,ok,same_stridge_core,Hx;D_x^1.66378 H,0.11000000000000003,1.4404903801277735
0.6754777121356117,1.6562906692727477,0.2107725513056276,-1.2902951041279,0;0;-1.29029510413;0.210772551306;0;0;0;0;0;0;0;0,55420.33480147821,0.005,2061,0.0002,23.819144419419345,,0.0013881635452601395,0.28040770000006887,ok,same_stridge_core,Hx;D_x^1.656291 H,0.030000000000000002,1.6510104988280592
0.6774870618863362,1.6946218154688264,0.0,-1.2607003348921453,0;0;-1.26070033489;0;0;0;0;0;0;0;0;0,55686.35082460587,0.005,2062,0.0002,13.584533281653334,,0.003038608773411071,0.14302780000002713,ok,same_stridge_core,Hx,0.05142857142857142,2.44726311673216
0.6737045734261873,1.6673359113886408,0.624475751984062,-1.359515112517944,0;0;-1.35951511252;0.624475751984;0;0;0;-0.378307505028;0.0863692592664;0;0.0358088096832;0,55478.44697893228,0.005,2063,0.0002,56.82843879858112,,0.0009196231090770585,0.3919069999999465,ok,same_stridge_core,Hx;D_x^1.667336 H;H*Hxx;H*Hxxx;H^2*Hxx,0.009618364092048297,1.349991819648838
0.6740378060263469,1.6284432352568126,0.20201088768252679,-1.298010402854844,0;0;-1.29801040285;0.202010887683;0;0;0;0;0;0;0;0,55323.21414068211,0.005,2064,0.0002,23.785430219732866,,0.0013994269929689448,0.39059150000002774,ok,same_stridge_core,Hx;D_x^1.628443 H,0.03433641805543768,1.656144563460022
0.676163090273515,1.6516745858687982,0.2112633685336053,-1.2890753424138415,0;0;-1.28907534241;0.211263368534;0;0;0;0;0;0;0;0,55399.695230100566,0.005,2065,0.0002,23.79432117913616,,0.0013608733535595034,0.3903312999998434,ok,same_stridge_core,Hx;D_x^1.651675 H,0.034564950980392174,1.634443087095931
0.6712785534350817,1.639729511688893,0.19837092452052896,-1.3039025016703016,0;0;-1.30390250167;0.198370924521;0;0;0;0;0;0;0;0,55355.08684566925,0.005,2066,0.0002,23.861090598411657,,0.0015064183054888777,0.4032599999998183,ok,same_stridge_core,Hx;D_x^1.63973 H,0.035514705882352976,1.7190558601439556
0.6739125907433486,1.6544342154873244,0.20696715213813388,-1.2947885188958275,0;0;-1.2947885189;0.206967152138;0;0;0;0;0;0;0;0,55411.79074339227,0.005,2067,0.0002,23.844099081713075,,0.0014364111548321647,0.1386499999998705,ok,same_stridge_core,Hx;D_x^1.654434 H,0.12500000000000003,1.6793827843561668
0.6623611885390416,1.628498346285677,0.14602269155126096,-1.312953823612401,0;0;-1.31295382361;0.146022691551;2.95657948433;0;0;0;-0.472781403142;0;0;0,55323.3480665038,0.005,2068,0.0002,45.93041721749952,,0.0014531488659394632,0.40857310000001235,ok,same_stridge_core,Hx;D_x^1.628498 H;Hxxx;H*Hxxx,0.030000000000000002,1.6717387642964774
0.6840025150207569,1.654865369899796,0.22871192113518823,-1.267571974767364,0;0;-1.26757197477;0.228711921135;0;0;0;0;0;0;0;0,55413.74524227731,0.005,2069,0.0002,23.66108863394885,,0.001139415689332963,0.39642750000007254,ok,same_stridge_core,Hx;D_x^1.654865 H,0.030000000000000002,1.4955905370379252
0.6707613199795401,1.6722171335807534,0.6483967735809256,-1.3694426839065468,0;0;-1.36944268391;0.648396773581;0;0;0;-0.399728796168;0.0928561682665;0;0.0377766625385;0,55508.43246532806,0.005,2070,0.0002,56.89874472064195,,0.0009758874602969726,0.27784189999988484,ok,same_stridge_core,Hx;D_x^1.672217 H;H*Hxx;H*Hxxx;H^2*Hxx,0.01,1.3903122553138976
0.6779618002715551,1.657374189516997,0.21640722373192142,-1.2834306825332906,0;0;-1.28343068253;0.216407223732;0;0;0;0;0;0;0;0,55425.4769954607,0.005,2071,0.0002,23.7756520745802,,0.0013125923665383175,0.14254670000013903,ok,same_stridge_core,Hx;D_x^1.657374 H,0.025,1.6054612763959175
0.6873370709771544,1.6608521224410555,0.2373010027535918,-1.2577931434294385,0;0;-1.25779314343;0.237301002754;0;0;0;0;0;0;0;0,55442.779235360824,0.005,2072,0.0002,23.621129379236656,,0.0010617968612098643,0.2633403999998336,ok,same_stridge_core,Hx;D_x^1.660852 H,0.02950852596931028,1.4440176850923283
0.6751110878317146,1.680450011241715,0.6306800244413928,-1.348226934313237,0;0;-1.34822693431;0.630680024441;0;0;0;-0.377279628158;0.0909256200782;0;0.0359543415004;0,55565.670216332685,0.005,2073,0.0002,56.90929152179371,,0.000909534303129317,0.1421639000000141,ok,same_stridge_core,Hx;D_x^1.68045 H;H*Hxx;H*Hxxx;H^2*Hxx,0.010940151515151519,1.3436213054610295
0.6728836520516521,1.664795083145032,0.20684241092639885,-1.2962040298263953,0;0;-1.29620402983;0.206842410926;0;0;0;0;0;0;0;0,55463.92264180456,0.005,2074,0.0002,23.892803623682287,,0.0014834836490507034,0.3868993999999475,ok,same_stridge_core,Hx;D_x^1.664795 H,0.030000000000000002,1.7072345669604634
0.6644273810850946,1.7070107105699546,0.0,-1.2995601146657927,0;0;-1.29956011467;0;0;0;0;0;0;0;0;0,55818.62678084463,0.005,2075,0.0002,13.62663172988319,,0.00306525407596715,0.14258000000018,ok,same_stridge_core,Hx,0.0393878205128205,2.4629063737142642
0.6754657209831862,1.6493307723482538,0.20926299787987465,-1.2912807880743429,0;0;-1.29128078807;0.20926299788;0;0;0;0;0;0;0;0,55389.97311647089,0.005,2076,0.0002,23.80172758172664,,0.0013799407775038674,0.28735359999996035,ok,same_stridge_core,Hx;D_x^1.649331 H,0.025,1.645738335138287
0.6667792838518889,1.6761050150920882,0.0,-1.2788905133156294,0;0;-1.27889051332;0;0;0;0;0.0422054283333;0;0;0;0,55534.37863608112,0.005,2077,0.0002,24.06536118427418,,0.001745846271419711,0.14174279999997452,ok,same_stridge_core,Hx;H*Hxx,0.030000000000000002,1.8516097298417318
0.6788679864800754,1.658611625551642,0.21865158875358073,-1.2808134962858846,0;0;-1.28081349629;0.218651588754;0;0;0;0;0;0;0;0,55431.49238342442,0.005,2078,0.0002,23.76240055208032,,0.001287030054683963,0.2827629999999317,ok,same_stridge_core,Hx;D_x^1.658612 H,0.029575163398692806,1.5898035987105488
0.6735356419184927,1.669447509867096,0.20928615578010273,-1.2938088437662032,0;0;-1.29380884377;0.20928615578;0;0;0;0;0;0;0;0,55491.07526060081,0.005,2079,0.0002,23.894639842468276,,0.0014674498795828421,0.3841124000000491,ok,same_stridge_core,Hx;D_x^1.669448 H,0.044523809523809514,1.6982097382279508
0.6812974983321226,1.6962476715489854,0.0,-1.233570216754289,0;0;-1.23357021675;0;0;0;0;0.0494872080317;0;0;0;0,55702.187794724676,0.005,2080,0.0002,23.86024929343839,,0.0012695644303583767,0.3917164000001776,ok,same_stridge_core,Hx;H*Hxx,0.030021081349206346,1.5793741755485207
0.6690922569011393,1.659351752421203,0.6439353937361195,-1.382121009263513,0;0;-1.38212100926;0.643935393736;0;0;0;-0.402288902495;0.0882634761827;0;0.0377515418709;0,55435.16394804541,0.005,2081,0.0002,56.83515863600085,,0.0009912183306306963,0.3985083999998551,ok,same_stridge_core,Hx;D_x^1.659352 H;H*Hxx;H*Hxxx;H^2*Hxx,0.015,1.3999946879554372
0.678413482240321,1.6628175202408262,0.2186368492484805,-1.2814537862947377,0;0;-1.28145378629;0.218636849248;0;0;0;0;0;0;0;0,55453.1103238842,0.005,2082,0.0002,23.782681313064217,,0.0013055678755763355,0.37867529999994076,ok,same_stridge_core,Hx;D_x^1.662818 H,0.03493243357949239,1.6014371835105379
0.6755232292645224,1.6310521145532646,0.20560257621878056,-1.2936644677682765,0;0;-1.29366446777;0.205602576219;0;0;0;0;0;0;0;0,55329.77613745687,0.005,2083,0.0002,23.761798769531534,,0.00135523143560782,0.28963950000002114,ok,same_stridge_core,Hx;D_x^1.631052 H,0.03433646364528719,1.6298883145487826
0.6701404032271706,1.6801824982981117,0.6612111393501734,-1.3683711140868713,0;0;-1.36837111409;0.66121113935;0;0;0;-0.408309438059;0.0977142437282;0;0.0386848748085;0,55563.67114856581,0.005,2084,0.0002,56.96886153057131,,0.0009963710266893864,0.4155318000000534,ok,same_stridge_core,Hx;D_x^1.680182 H;H*Hxx;H*Hxxx;H^2*Hxx,0.01602272727272727,1.4051903820054994
0.680189488240114,1.6522101754217486,0.21999748957722257,-1.2781630823918202,0;0;-1.27816308239;0.219997489577;0;0;0;0;0;0;0;0,55401.98720593683,0.005,2085,0.0002,23.72151927387634,,0.001240951128081701,0.378501500000084,ok,same_stridge_core,Hx;D_x^1.65221 H,0.025526315789473685,1.560724391501609
0.6812357722965824,1.699224239677312,0.0,-1.2337603929539949,0;0;-1.23376039295;0;0;0;0;0.0494570364653;0;0;0;0,55732.332203661725,0.005,2086,0.0002,23.873381639465826,,0.0012712975301454764,0.40414929999997184,ok,same_stridge_core,Hx;H*Hxx,0.030000000000000002,1.580448758001136
0.6771882730651759,1.2266886314732282,0.11969772234562731,-1.3622366740357001,0;0;-1.36223667404;0.119697722346;0.837812255074;0;0;0;-0.236269593632;0;0;0,55817.268078710134,0.005,2087,0.0002,45.86061425167114,,0.0007501068235823175,0.13451859999986482,ok,same_stridge_core,Hx;D_x^1.226689 H;Hxxx;H*Hxxx,0.025,1.206799788703032
0.6812959072423064,1.6681030862379655,0.2262042104169993,-1.2729297628897507,0;0;-1.27292976289;0.226204210417;0;0;0;0;0;0;0;0,55482.97560023974,0.005,2088,0.0002,23.746693838076084,,0.0012282072810005627,0.3799448999998276,ok,same_stridge_core,Hx;D_x^1.668103 H,0.02440733069247001,1.5535035979801861
0.6860953873972289,1.6433586314240447,0.23014917216470282,-1.2637119680598599,0;0;-1.26371196806;0.230149172165;0;0;0;0;0;0;0;0,55367.37482782396,0.005,2089,0.0002,23.597609462032576,,0.0010729677108763604,0.38729540000008456,ok,same_stridge_core,Hx;D_x^1.643359 H,0.029575163398692806,1.4506595309029933
0.6739187426828933,1.647518821047171,0.20556048048618789,-1.2957084536573067,0;0;-1.29570845366;0.205560480486;0;0;0;0;0;0;0;0,55382.79305300049,0.005,2090,0.0002,23.826933727189328,,0.0014275451321669253,0.3692051000000447,ok,same_stridge_core,Hx;D_x^1.647519 H,0.12500000000000003,1.6738165059891283
0.6713978852702396,1.6545615122861037,0.623784365111874,-1.3745490561615035,0;0;-1.37454905616;0.623784365112;0;0;0;-0.384653872798;0.0826090597046;0;0.036126079769;0,55412.36597313751,0.005,2091,0.0002,56.779734731987396,,0.0009452362779611893,0.3875259000001279,ok,same_stridge_core,Hx;D_x^1.654562 H;H*Hxx;H*Hxxx;H^2*Hxx,0.019047619047619046,1.3673687588498875
0.6759146897389541,1.670343191325479,0.2148263932496554,-1.2872015656721483,0;0;-1.28720156567;0.21482639325;0;0;0;0;0;0;0;0,55496.58885764246,0.005,2092,0.0002,23.85231724346783,,0.001391456159487354,0.3934003000001667,ok,same_stridge_core,Hx;D_x^1.670343 H,0.04441176470588234,1.6536817004108426
0.6739063407315748,1.6702246721966931,0.6265549786221299,-1.357458910263118,0;0;-1.35745891026;0.626554978622;0;0;0;-0.378801352364;0.0875666436408;0;0.0359044264304;0,55495.85376491054,0.005,2093,0.0002,56.84575895723481,,0.0009192156601698314,0.28471490000015365,ok,same_stridge_core,Hx;D_x^1.670225 H;H*Hxx;H*Hxxx;H^2*Hxx,0.01,1.3499051923242664
0.6740744823141432,1.6302592790600907,0.20244194155598066,-1.2976597435912598,0;0;-1.29765974359;0.202441941556;0;0;0;0;0;0;0;0,55327.732886346996,0.005,2094,0.0002,23.78801815258049,,0.0014005624935279088,0.39439740000011625,ok,same_stridge_core,Hx;D_x^1.630259 H,0.03491964462552696,1.6569249980416934
0.676486036281778,1.6793995514503384,0.2181859298095591,-1.2844239673483662,0;0;-1.28442396735;0.21818592981;0;0;0;0;0;0;0;0,55557.87582026703,0.005,2095,0.0002,23.873034717637488,,0.0013843465425004981,0.13323669999999765,ok,same_stridge_core,Hx;D_x^1.6794 H,0.030000000000000002,1.6498843895306767
0.665092341173543,1.6656349350930477,0.18931243396230057,-1.3174906147859298,0;0;-1.31749061479;0.189312433962;0;0;0;0;0;0;0;0,55468.643734009755,0.005,2096,0.0002,24.05122200895177,,0.001767766140351084,0.3892510000000584,ok,same_stridge_core,Hx;D_x^1.665635 H,0.030000000000000002,1.8637645153478628
0.6682000804024233,1.6582021717036637,0.19505772612576083,-1.3098688200711106,0;0;-1.30986882007;0.195057726126;0;0;0;0;0;0;0;0,55429.48491840083,0.005,2097,0.0002,23.96660039179346,,0.0016401074553422392,0.4103589000001193,ok,same_stridge_core,Hx;D_x^1.658202 H,0.030000000000000002,1.7948064244331248
0.6830359333702785,1.6888267779209505,0.5920987404673108,-1.3135967394960213,0;0;-1.3135967395;0.592098740467;0;0;0;-0.333413998057;0.0837374326271;0;0.0322160060767;0,55633.36152799617,0.005,2098,0.0002,56.891798200781,,0.0007953832150491034,0.39854490000016085,ok,same_stridge_core,Hx;D_x^1.688827 H;H*Hxx;H*Hxxx;H^2*Hxx,0.015,1.2584366727848328
0.6766624364852678,1.6416740446736315,0.21018549781093893,-1.2891202228440684,0;0;-1.28912022284;0.210185497811;0;0;0;0;0;0;0;0,55361.53998976469,0.005,2099,0.0002,23.761678589397906,,0.0013330172696267239,0.2683781999999155,ok,same_stridge_core,Hx;D_x^1.641674 H,0.04441176470588234,1.6170625934920304
0.6707613199795401,1.3126165482943242,0.25193638183885575,-1.4627506389082776,0;0;-1.46275063891;0.251936381839;0;0;0;-0.127928163914;-0.1382597931;0;0.00982405001434;0,55672.754135887575,0.005,2100,0.0002,56.874140468793385,,0.0007389199293821324,0.2891845999999987,ok,same_stridge_core,Hx;D_x^1.312617 H;H*Hxx;H*Hxxx;H^2*Hxx,0.01,1.2013863329058085
0.6697705454704621,1.6470351630927191,0.19647746598921773,-1.3070253074009068,0;0;-1.3070253074;0.196477465989;0;0;0;0;0;0;0;0,55380.924996910355,0.005,2101,0.0002,23.907098650851054,,0.00156878035843786,0.39143449999983204,ok,same_stridge_core,Hx;D_x^1.647035 H,0.03478676470588239,1.754728652086912
0.6873370709771544,1.688038567573509,0.0,-1.2319614458275243,0;0;-1.23196144583;0;0;0;0;0;0;0;0;0,55626.55602710323,0.005,2102,0.0002,13.600232463066003,,0.0031194905201020634,0.27550750000000335,ok,same_stridge_core,Hx,0.08319047619047619,2.4749212576453585
0.6643118271309745,1.6607726618239163,0.18669779644148038,-1.3202422320315366,0;0;-1.32024223203;0.186697796441;0;0;0;0;0;0;0;0,55442.37007253046,0.005,2103,0.0002,24.053347873368228,,0.001792267981816459,0.2586886000001414,ok,same_stridge_core,Hx;D_x^1.660773 H,0.029369643678934056,1.8763998443560446
0.6754342053217446,1.6616332737649828,0.21183303859272049,-1.2896861701670197,0;0;-1.28968617017;0.211833038593;0;0;0;0;0;0;0;0,55446.83664803354,0.005,2104,0.0002,23.834743190358584,,0.001396108049457643,0.4058146999998371,ok,same_stridge_core,Hx;D_x^1.661633 H,0.0484567901234568,1.6560085311451702
0.6722315452551177,1.660100105510452,0.20442546926937777,-1.2986029454089154,0;0;-1.29860294541;0.204425469269;0;0;0;0;0;0;0;0,55438.93344150202,0.005,2105,0.0002,23.891869136254883,,0.0014996807509526893,0.3873665000000983,ok,same_stridge_core,Hx;D_x^1.6601 H,0.030000000000000002,1.7162957596540729
0.6754657209831862,1.9275865221280646,0.0,-1.2388785376443063,0;0;-1.23887853764;0;0.276960739554;0;0;0.0493195548844;0;0;0;0,65883.61495563496,0.005,2106,0.0002,41.19652398614139,,0.0014278719724421737,0.2912288999998509,ok,same_stridge_core,Hx;Hxxx;H*Hxx,0.02,1.6663550127604208
0.6737297041021375,1.6651892699006745,0.20881620958330968,-1.2938444040939128,0;0;-1.29384440409;0.208816209583;0;0;0;0;0;0;0;0,55466.12877097407,0.005,2107,0.0002,23.877681419768027,,0.0014557794609779966,0.3980063000001337,ok,same_stridge_core,Hx;D_x^1.665189 H,0.049178789464503735,1.6912299113783982
0.6788679864800754,1.6730725558722734,0.2220559697224735,-1.2788025517235238,0;0;-1.27880255172;0.222055969722;0;0;0;0;0;0;0;0,55513.98019486187,0.005,2108,0.0002,23.80669273861802,,0.0013041892498194478,0.2640803000001597,ok,same_stridge_core,Hx;D_x^1.673073 H,0.044358142269253366,1.601100660673269
0.6592978685839022,1.6785924449743304,0.0,-1.3150619188218575,0;0;-1.31506191882;0;0;0;0;0;0;0;0;0,55551.98741906721,0.005,2109,0.0002,13.59733277895985,,0.003121932697857466,0.12891110000009576,ok,same_stridge_core,Hx,0.10300000000000004,2.486935295146406
0.6730112585488932,1.6609897279882504,0.6213704951276361,-1.3650720294577778,0;0;-1.36507202946;0.621370495128;0;0;0;-0.378690663636;0.0839822589827;0;0.0357265428528;0,55443.4892801762,0.005,2110,0.0002,56.796660083821955,,0.0009246811327863902,0.41276459999994586,ok,same_stridge_core,Hx;D_x^1.66099 H;H*Hxx;H*Hxxx;H^2*Hxx,0.01,1.353170803645755
0.6758771284597525,1.664082147549116,0.0,-1.2654439524634555,0;0;-1.26544395246;0;0;0;0;0;0;0;0;0,55459.97555490862,0.005,2111,0.0002,13.53781662864638,,0.003033294609371862,0.14700010000001384,ok,same_stridge_core,Hx,0.09277777777777779,2.4458215176646565
0.6742442633808955,1.7015160079599263,0.2181190266266395,-1.2876764406671863,0;0;-1.28767644067;0.218119026627;0;0;0;0;0;0;0;0,55756.5874531536,0.005,2112,0.0002,24.01102288288098,,0.0014825581783130422,0.14928669999994781,ok,same_stridge_core,Hx;D_x^1.701516 H,0.03432692307692308,1.7083879016195367
0.6728900890559354,1.685113554849735,0.0,-1.2742799356634513,0;0;-1.27427993566;0;0;0;0;0;0;0;0;0,55602.11024673339,0.005,2113,0.0002,13.566006989690775,,0.0030296424211242136,0.13983890000008614,ok,same_stridge_core,Hx,0.06621212121212124,2.4455849403440966
0.6798518515048378,1.649422669053806,0.21863483334137745,-1.2794659239499766,0;0;-1.27946592395;0.218634833341;0;0;0;0;0;0;0;0,55390.34506725752,0.005,2114,0.0002,23.720722379676634,,0.0012473304619815496,0.28018629999996847,ok,same_stridge_core,Hx;D_x^1.649423 H,0.025,1.5645843527736265
0.6739299195628896,1.667854585368712,0.20983217649821032,-1.292943844735457,0;0;-1.29294384474;0.209832176498;0;0;0;0;0;0;0;0,55481.50142354429,0.005,2115,0.0002,23.882031897515514,,0.0014524579325411414,0.1337717999999768,ok,same_stridge_core,Hx;D_x^1.667855 H,0.06472222222222224,1.689431328097798
0.6840620024304422,1.6562266249198059,0.22918054191425272,-1.2672138508012059,0;0;-1.2672138508;0.229180541914;0;0;0;0;0;0;0;0,55420.03434990438,0.005,2116,0.0002,23.66366843453276,,0.0011394036988965296,0.377923600000031,ok,same_stridge_core,Hx;D_x^1.656227 H,0.0446137566137566,1.495654694571007
0.6717084011773276,1.2266886314732282,0.20184365435961726,-1.4737664558752694,0;0;-1.47376645588;0.20184365436;0;0;0;-0.0393901475687;-0.203914756537;0;0;0,55817.268078710134,0.005,2117,0.0002,45.85124601025523,,0.0007360804115070455,0.14321540000014465,ok,same_stridge_core,Hx;D_x^1.226689 H;H*Hxx;H*Hxxx,0.01,1.1974315472871242
0.6693900683402687,1.6692792691305551,0.6536441834331792,-1.3764059929865584,0;0;-1.37640599299;0.653644183433;0;0;0;-0.406629762289;0.093205811873;0;0.0383247794414;0,55490.05022362441,0.005,2118,0.0002,56.895097067962745,,0.0009973837565097573,0.13582449999989876,ok,same_stridge_core,Hx;D_x^1.669279 H;H*Hxx;H*Hxxx;H^2*Hxx,0.015,1.4050468443383368
0.6750800874713542,1.6605050388891938,0.21080887099280085,-1.2908002552575921,0;0;-1.29080025526;0.210808870993;0;0;0;0;0;0;0;0,55440.99703025519,0.005,2119,0.0002,23.83823587342435,,0.0014060444529775916,0.3868115000000216,ok,same_stridge_core,Hx;D_x^1.660505 H,0.029369717972659144,1.661837061322275
0.6726517349002405,1.6474999770987901,0.20282372150553235,-1.2991405578204775,0;0;-1.29914055782;0.202823721506;0;0;0;0;0;0;0;0,55382.71991309232,0.005,2120,0.0002,23.851392699521195,,0.0014695756120273581,0.40493350000019745,ok,same_stridge_core,Hx;D_x^1.6475 H,0.04,1.6983047342842688
0.6754777121356117,1.646145540614921,0.20861802141865846,-1.291687085476268,0;0;-1.29168708548;0.208618021419;0;0;0;0;0;0;0;0,55377.54150659751,0.005,2121,0.0002,23.793989113842567,,0.0013756019641030718,0.27604499999984,ok,same_stridge_core,Hx;D_x^1.646146 H,0.03111111111111111,1.642972511203562
0.6696801351299291,1.643233631944429,0.1955818321044731,-1.307770901080314,0;0;-1.30777090108;0.195581832104;0;0;0;0;0;0;0;0,55366.93412262039,0.005,2122,0.0002,23.90034200503672,,0.001567079049840073,0.391705500000171,ok,same_stridge_core,Hx;D_x^1.643234 H,0.04441176470588234,1.7535683559885622
0.6739063407315748,1.657321128537517,0.6114962271111997,-1.3629021609918675,0;0;-1.36290216099;0.611496227111;0;0;0;-0.370783056582;0.0808596705096;0;0.0349712990896;0,55425.22256311537,0.005,2123,0.0002,56.76475061477106,,0.0009061451714451016,0.2994962000000214,ok,same_stridge_core,Hx;D_x^1.657321 H;H*Hxx;H*Hxxx;H^2*Hxx,0.01,1.3395280516556922
0.6817134375639315,1.6661849107239786,0.2266391878484017,-1.2720767610278387,0;0;-1.27207676103;0.226639187848;0;0;0;0;0;0;0;0,55471.77790494997,0.005,2124,0.0002,23.733301549529934,,0.0012143109954058627,0.39567399999987174,ok,same_stridge_core,Hx;D_x^1.666185 H,0.030512639623750712,1.5445903875499434
0.684483000449921,1.6661096606872041,0.5577177710737103,-1.3163698833738062,0;0;-1.31636988337;0.557717771074;0;0;0;-0.3117279413;0.0715173512687;0;0.0299648343586;0,55471.34697543073,0.005,2125,0.0002,56.699642231094536,,0.0007586880812645737,0.39187349999997423,ok,same_stridge_core,Hx;D_x^1.66611 H;H*Hxx;H*Hxxx;H^2*Hxx,0.015,1.2282952556638045
0.6667670427669382,1.6384303944716219,0.18843058408977983,-1.3163213947417638,0;0;-1.31632139474;0.18843058409;0;0;0;0;0;0;0;0,55350.94039941189,0.005,2126,0.0002,23.94920604678612,,0.0016677680797091022,0.4010620999999901,ok,same_stridge_core,Hx;D_x^1.63843 H,0.04,1.8088298870213644
0.6777280578681364,1.6667781777264234,0.21804684323911716,-1.2827614440941102,0;0;-1.28276144409;0.218046843239;0;0;0;0;0;0;0;0,55475.19665891741,0.005,2127,0.0002,23.8072251227203,,0.0013309627459272514,0.4005815000000439,ok,same_stridge_core,Hx;D_x^1.666778 H,0.0431875,1.6171464591533369
0.6754345523158349,1.6727532826025602,0.21428827816388346,-1.2881856761363506,0;0;-1.28818567614;0.214288278164;0;0;0;0;0;0;0;0,55511.899156076855,0.005,2128,0.0002,23.869325203608845,,0.0014096276436791682,0.39951810000002297,ok,same_stridge_core,Hx;D_x^1.672753 H,0.03440089115677351,1.6645655411781024
0.6747160323737541,1.6720833700632296,0.21251925597927313,-1.2902356997260453,0;0;-1.29023569973;0.212519255979;0;0;0;0;0;0;0;0,55507.57334858421,0.005,2129,0.0002,23.8806890656394,,0.0014319418778410563,0.13360130000000936,ok,same_stridge_core,Hx;D_x^1.672083 H,0.03940281169447837,1.677659726205719
0.679246295129896,1.6770225116838227,0.22385622749722875,-1.2772303461501329,0;0;-1.27723034615;0.223856227497;0;0;0;0;0;0;0;0,55540.78005243009,0.005,2130,0.0002,23.813567789626127,,0.0012976267351900662,0.14190949999988334,ok,same_stridge_core,Hx;D_x^1.677023 H,0.029928839347666516,1.5972557686540914
0.6719265984822995,1.6561665708795263,0.2029607438490355,-1.2999537804741934,0;0;-1.29995378047;0.202960743849;0;0;0;0;0;0;0;0,55419.753154956146,0.005,2131,0.0002,23.887115329945345,,0.0015051374708055128,0.37521310000011,ok,same_stridge_core,Hx;D_x^1.656167 H,0.049375,1.719214067962885
0.681676332772881,1.665552160574797,0.5738201301894919,-1.32784014174232,0;0;-1.32784014174;0.573820130189;0;0;0;-0.328269732445;0.074917471384;0;0.0314026390029;0,55468.175016210014,0.005,2132,0.0002,56.72576444081716,,0.0007960669547662643,0.39942649999989044,ok,same_stridge_core,Hx;D_x^1.665552 H;H*Hxx;H*Hxxx;H^2*Hxx,0.010863636363636348,1.2575894246071395
0.6687315490779697,1.6265721602970318,0.19060944218317682,-1.3125488125813283,0;0;-1.31254881258;0.190609442183;0;0;0;0;0;0;0;0,55318.788153944966,0.005,2133,0.0002,23.88694189743251,,0.001579258936656894,0.3859308000000965,ok,same_stridge_core,Hx;D_x^1.626572 H,0.035,1.7594266358545247
0.675725241945958,1.6730697662057803,0.2150143616387814,-1.2873505162801373,0;0;-1.28735051628;0.215014361639;0;0;0;0;0;0;0;0,55513.96215212776,0.005,2134,0.0002,23.86491484179459,,0.0014007504559560334,0.3966989000000467,ok,same_stridge_core,Hx;D_x^1.67307 H,0.03617647058823529,1.6593299809434867
0.6769582635016931,1.627328798048533,0.20779049679881162,-1.290353748337535,0;0;-1.29035374834;0.207790496799;0;0;0;0;0;0;0;0,55320.5503551716,0.005,2135,0.0002,23.72800737011488,,0.0013060846924383418,0.3945854999999483,ok,same_stridge_core,Hx;D_x^1.627329 H,0.08092592592592589,1.599787228046239
0.6848778375618967,1.6774668735948401,0.23648047454105883,-1.2619375417529288,0;0;-1.26193754175;0.236480474541;0;0;0;0;0;0;0;0,55543.91980415118,0.005,2136,0.0002,23.71595931237115,,0.001141955317938741,0.1379163999999946,ok,same_stridge_core,Hx;D_x^1.677467 H,0.041249999999999995,1.4983913907106812
0.676185618896315,1.6383737010784611,0.20848812109836226,-1.290862448641775,0;0;-1.29086244864;0.208488121098;0;0;0;0;0;0;0;0,55350.76231280858,0.005,2137,0.0002,23.7636480934874,,0.0013436864634275808,0.28797850000000835,ok,same_stridge_core,Hx;D_x^1.638374 H,0.10300000000000004,1.623343168363968
0.6668955713422289,1.6419676178194924,0.18930704972244605,-1.3155152162790655,0;0;-1.31551521628;0.189307049722;0;0;0;0;0;0;0;0,55362.54020725582,0.005,2138,0.0002,23.95395159205563,,0.0016676016209367737,0.41088490000015554,ok,same_stridge_core,Hx;D_x^1.641968 H,0.12500000000000003,1.8089355091533021
0.6795922465048814,1.6615197633063172,0.22090069240008423,-1.2784526473179532,0;0;-1.27845264732;0.2209006924;0;0;0;0;0;0;0;0,55446.24298501752,0.005,2139,0.0002,23.757417005613686,,0.0012692400756483106,0.28910450000012133,ok,same_stridge_core,Hx;D_x^1.66152 H,0.025,1.5789198116066792
0.6829713466770295,1.6517939666869217,0.22577823801243074,-1.2707747648724281,0;0;-1.27077476487;0.225778238012;0;0;0;0;0;0;0;0,55400.20395980149,0.005,2140,0.0002,23.67110381257071,,0.0011632812125873557,0.41338340000015705,ok,same_stridge_core,Hx;D_x^1.651794 H,0.12500000000000003,1.5110222286501138
0.6818227317536831,1.6808388175044189,0.0,-1.2479903855228258,0;0;-1.24799038552;0;0;0;0;0;0;0;0;0,55568.59281025348,0.005,2141,0.0002,13.5692766056213,,0.0030641951811569367,0.40355750000003354,ok,same_stridge_core,Hx,0.04888571428571431,2.4555580435706035
0.678801640112665,1.6411733749467372,0.2145628706453603,-1.2834547919770232,0;0;-1.28345479198;0.214562870645;0;0;0;0;0;0;0;0,55359.84964200526,0.005,2142,0.0002,23.72097133983293,,0.0012679680885933902,0.2735294999999951,ok,same_stridge_core,Hx;D_x^1.641173 H,0.030000000000000002,1.5770314830308212
0.6796617385629086,1.6408769785023158,0.21628931921747138,-1.2811965750395857,0;0;-1.28119657504;0.216289319217;0;0;0;0;0;0;0;0,55358.858767336606,0.005,2143,0.0002,23.704653675227746,,0.0012425571748829632,0.38879419999989295,ok,same_stridge_core,Hx;D_x^1.640877 H,0.030000000000000002,1.5611101682931003
0.671956242375978,1.631515410989512,0.19826277028228026,-1.3031828963937333,0;0;-1.30318289639;0.198262770282;0;0;0;0;0;0;0;0,55330.990211440425,0.005,2144,0.0002,23.83152718041766,,0.001472563007055482,0.3874903999999333,ok,same_stridge_core,Hx;D_x^1.631515 H,0.03491211664152841,1.6991310958414885
0.6808882081417427,1.6647208835533605,0.22448439617851,-1.2745076694629311,0;0;-1.27450766946;0.224484396179;0;0;0;0;0;0;0;0,55463.50929152877,0.005,2145,0.0002,23.743520606429293,,0.0012357784924090997,0.38468729999999596,ok,same_stridge_core,Hx;D_x^1.664721 H,0.02493235043441443,1.5581168898177866
0.6725936655893047,1.6277683861219772,0.19888845833860821,-1.3019806550859854,0;0;-1.30198065509;0.198888458339;0;0;0;0;0;0;0;0,55321.591253829705,0.005,2146,0.0002,23.812239362575276,,0.0014461952061070517,0.2871943000000101,ok,same_stridge_core,Hx;D_x^1.627768 H,0.034326989303880076,1.683602861043394
0.6739180017432571,1.6654489896674096,0.2092917713620583,-1.2932966247058142,0;0;-1.29329662471;0.209291771362;0;0;0;0;0;0;0;0,55467.591694380964,0.005,2147,0.0002,23.874854190842452,,0.001449891192361911,0.38767520000010336,ok,same_stridge_core,Hx;D_x^1.665449 H,0.02938976872800402,1.6878175130900632
0.66571170538861,1.664217259441683,0.19048972895042943,-1.3159552962720291,0;0;-1.31595529627;0.19048972895;0;0;0;0;0;0;0;0,55460.71953002288,0.005,2148,0.0002,24.034255862108985,,0.0017418331935375665,0.26964399999997113,ok,same_stridge_core,Hx;D_x^1.664217 H,0.035,1.8499680500998317
0.6735073221821443,1.6865487282371843,0.0,-1.2577402643376083,0;0;-1.25774026434;0;0;0;0;0.0456264379571;0;0;0;0,55613.94698231928,0.005,2149,0.0002,23.966318258132524,,0.0015075544972401927,0.1311163000000306,ok,same_stridge_core,Hx;H*Hxx,0.030000000000000002,1.7207394652048114
0.6814936201387566,1.645207152335734,0.22110157274640108,-1.2756783677875876,0;0;-1.27567836779;0.221101572746;0;0;0;0;0;0;0;0,55374.04570858597,0.005,2150,0.0002,23.68135212086703,,0.0011959187248266584,0.3959551999998894,ok,same_stridge_core,Hx;D_x^1.645207 H,0.025,1.53173383743264
0.6686898114677691,1.6502988509323187,0.6356199949112668,-1.3878524361010962,0;0;-1.3878524361;0.635619994911;0;0;0;-0.398875456912;0.0836909040998;0;0.0372776701703;0,55393.92860629767,0.005,2151,0.0002,56.79097108151198,,0.0009879966816602737,0.3903662999998687,ok,same_stridge_core,Hx;D_x^1.650299 H;H*Hxx;H*Hxxx;H^2*Hxx,0.02,1.3970424752143078
0.6655777274138455,1.6390051576009261,0.1859423855347032,-1.3194899907667577,0;0;-1.31948999077;0.185942385535;0;0;0;0;0;0;0;0,55352.758799148636,0.005,2152,0.0002,23.97489513177123,,0.0017139925921682631,0.39543330000014976,ok,same_stridge_core,Hx;D_x^1.639005 H,0.035,1.8337916121117728
0.6753210723874109,1.6764786725330747,0.21486828896446436,-1.2879972113151938,0;0;-1.28799721132;0.214868288964;0;0;0;0;0;0;0;0,55536.972386083144,0.005,2153,0.0002,23.884326281602732,,0.0014177551779285286,0.3916868000001159,ok,same_stridge_core,Hx;D_x^1.676479 H,0.030000000000000002,1.6695373271694731
0.6781847330805271,1.6511727030995775,0.2154887882482363,-1.2836966148882545,0;0;-1.28369661489;0.215488788248;0;0;0;0;0;0;0;0,55397.57148477451,0.005,2154,0.0002,23.755452313474066,,0.0012984028090401761,0.41033710000010615,ok,same_stridge_core,Hx;D_x^1.651173 H,0.0484567901234568,1.596423719564262
0.6793533951953303,1.654387037976039,0.21871965800564974,-1.2801004562215865,0;0;-1.28010045622;0.218719658006;0;0;0;0;0;0;0;0,55411.57786440815,0.005,2155,0.0002,23.742232780158414,,0.0012677210591946712,0.4025510999999824,ok,same_stridge_core,Hx;D_x^1.654387 H,0.025,1.5776016343951513
0.6629081149582556,1.6699178855329428,0.18495988050858503,-1.3230233219126084,0;0;-1.32302332191;0.184959880509;0;0;0;0;0;0;0;0,55493.95890644813,0.005,2156,0.0002,24.10988004745329,,0.0018605909928889094,0.27847459999998136,ok,same_stridge_core,Hx;D_x^1.669918 H,0.035,1.9122964848740374
0.6758555879896453,1.6534329588940135,0.21097836337095047,-1.2896639988202154,0;0;-1.28966399882;0.210978363371;0;0;0;0;0;0;0;0,55407.31979215194,0.005,2157,0.0002,23.80455231478938,,0.0013726894801602062,0.39093529999991006,ok,same_stridge_core,Hx;D_x^1.653433 H,0.030000000000000002,1.6416243979286032
0.6956480959336515,1.674482935851942,0.23954215727173434,-1.2252232964982104,0;0;-1.2252232965;0.239542157272;1.71202760832;0;0;0;-0.276567259533;0;0;0,55523.32401089891,0.005,2158,0.0002,45.641019199037316,,0.0007645737940777657,0.38715769999998884,ok,same_stridge_core,Hx;D_x^1.674483 H;Hxxx;H*Hxxx,0.02,1.2223599903181837
0.6775662313360442,1.6928337472755375,0.0,-1.2604673964530864,0;0;-1.26046739645;0;0;0;0;0;0;0;0;0,55669.43387713593,0.005,2159,0.0002,13.581244130770363,,0.003038929517989244,0.3771652999998878,ok,same_stridge_core,Hx,0.12500000000000003,2.447357355343176
0.6704091822321869,1.639388752024722,0.196446583206341,-1.3063021242831163,0;0;-1.30630212428;0.196446583206;0;0;0;0;0;0;0;0,55353.98667723425,0.005,2160,0.0002,23.877598639122,,0.0015362603010232417,0.39135989999999765,ok,same_stridge_core,Hx;D_x^1.639389 H,0.035,1.7360039682282957
0.6801962300045709,1.6460842352901572,0.21859153945845922,-1.2790203262755746,0;0;-1.27902032628;0.218591539458;0;0;0;0;0;0;0;0,55377.31087612915,0.005,2161,0.0002,23.706594749398086,,0.0012334635221594075,0.40679489999979523,ok,same_stridge_core,Hx;D_x^1.646084 H,0.025719377990430625,1.5556703989464262
0.6754978708550985,1.688038567573509,0.0,-1.2665633346368057,0;0;-1.26656333464;0;0;0;0;0;0;0;0;0,55626.55602710323,0.005,2162,0.0002,13.570925714840401,,0.00303238051325586,0.13762460000020837,ok,same_stridge_core,Hx,0.12500000000000003,2.445614509419755
0.6790678624046099,1.6751043545335536,0.2229910715746912,-1.2779796001186887,0;0;-1.27797960012;0.222991071575;0;0;0;0;0;0;0;0,55527.5195560857,0.005,2163,0.0002,23.81003305100766,,0.001300651844181494,0.3955449999998564,ok,same_stridge_core,Hx;D_x^1.675104 H,0.029386149284025106,1.5990252285733797
0.6728216528596506,1.6821165263047422,0.6466429893141005,-1.3566838425196286,0;0;-1.35668384252;0.646642989314;0;0;0;-0.392509396988;0.0949030086867;0;0.0373280960701;0,55578.34357788309,0.005,2164,0.0002,56.951389151908984,,0.0009503521061709013,0.14049699999986842,ok,same_stridge_core,Hx;D_x^1.682117 H;H*Hxx;H*Hxxx;H^2*Hxx,0.01,1.373045574025896
0.6871474052325166,1.7070107105699546,0.0,-1.2156431935114478,0;0;-1.21564319351;0;0;0;0;0.0523165808942;0;0;0;0,55818.62678084463,0.005,2165,0.0002,23.80849870928345,,0.0011158947845842637,0.13780279999991762,ok,same_stridge_core,Hx;H*Hxx,0.030000000000000002,1.4810479969455999
0.6798435299599771,1.6774668735948401,0.2253038612060065,-1.2755473179027634,0;0;-1.2755473179;0.225303861206;0;0;0;0;0;0;0;0,55543.91980415118,0.005,2166,0.0002,23.80435401337283,,0.001280639883775246,0.13840139999979328,ok,same_stridge_core,Hx;D_x^1.677467 H,0.034930359537754495,1.5867860917123582
0.6778644462971821,1.665209963676213,0.21798572890522983,-1.2826079986493124,0;0;-1.28260799865;0.217985728905;0;0;0;0;0;0;0;0,55466.24522937421,0.005,2167,0.0002,23.799906545556937,,0.001324948951610854,0.38969940000015413,ok,same_stridge_core,Hx;D_x^1.66521 H,0.035,1.6134084538072546
0.6729371763223033,1.6806039728613456,0.6442590267769541,-1.356886261823626,0;0;-1.35688626182;0.644259026777;0;0;0;-0.390931549612;0.0940165048244;0;0.0371608417777;0,55566.82501496249,0.005,2168,0.0002,56.93716205809771,,0.0009466961111769027,0.41954839999993965,ok,same_stridge_core,Hx;D_x^1.680604 H;H*Hxx;H*Hxxx;H^2*Hxx,0.01,1.3703370431352255
0.6809633955388757,1.6608216207965296,0.2237006948480045,-1.2748583562242903,0;0;-1.27485835622;0.223700694848;0;0;0;0;0;0;0;0,55442.622059371686,0.005,2169,0.0002,23.730746394134158,,0.0012290963731366614,0.39338279999992665,ok,same_stridge_core,Hx;D_x^1.660822 H,0.02440733106458699,1.553697570385486
0.6713751808420079,1.671502983555495,0.20481762879439494,-1.299453809824654,0;0;-1.29945380982;0.204817628794;0;0;0;0;0;0;0;0,55503.86911612387,0.005,2170,0.0002,23.943224133764623,,0.0015433285095831752,0.34102310000002944,ok,same_stridge_core,Hx;D_x^1.671503 H,0.0354066811909949,1.7416764873150772
0.6806147780595295,1.664082147549116,0.2237346780984926,-1.275334921111872,0;0;-1.27533492111;0.223734678098;0;0;0;0;0;0;0;0,55459.97555490862,0.005,2171,0.0002,23.746497971132644,,0.0012428006496814747,0.1415830000000824,ok,same_stridge_core,Hx;D_x^1.664082 H,0.024929133882591062,1.5625077491691968
0.6691525499547433,1.6435549185321627,0.1944963133653082,-1.3091627601016504,0;0;-1.3091627601;0.194496313365;0;0;0;0;0;0;0;0,55368.069772278395,0.005,2172,0.0002,23.911620063463396,,0.0015864287929827677,0.3787511999998969,ok,same_stridge_core,Hx;D_x^1.643555 H,0.030000000000000002,1.7643921545520391
0.6728900890559354,1.6504144301825623,0.6095354739476825,-1.3700328243427082,0;0;-1.37003282434;0.609535473948;0;0;0;-0.37260926456;0.0784055641141;0;0.035004399157;0,55394.40645560507,0.005,2173,0.0002,56.74044915970765,,0.0009158480845311511,0.2805731000000833,ok,same_stridge_core,Hx;D_x^1.650414 H;H*Hxx;H*Hxxx;H^2*Hxx,0.01568027210884355,1.3460427041025824
0.6720109295689094,1.6880667874237403,0.0,-1.2768892085012666,0;0;-1.2768892085;0;0;0;0;0;0;0;0;0,55626.79792222883,0.005,2174,0.0002,13.571490673638733,,0.003030135591755449,0.14358340000012504,ok,same_stridge_core,Hx,0.045,2.446131089192967
0.643257031385788,1.6222358448599588,0.09534196637249484,-1.3606069342256482,0;0;-1.36060693423;0.0953419663725;3.82044588003;0;0;0;-0.606653487622;0;0;0,55309.396050850344,0.005,2175,0.0002,46.26645634335582,,0.002132836707793934,0.4015826999998353,ok,same_stridge_core,Hx;D_x^1.622236 H;Hxxx;H*Hxxx,0.054523809523809516,2.0189395026755466
0.6725936655893047,1.6510700984984856,0.20340731279334132,-1.298818941444199,0;0;-1.29881894144;0.203407312793;0;0;0;0;0;0;0;0,55397.140086638145,0.005,2176,0.0002,23.861095682724788,,0.0014760524585954507,0.28007789999992383,ok,same_stridge_core,Hx;D_x^1.65107 H,0.12500000000000003,1.70223964806953
0.6725340229976412,1.6514594459039604,0.6129990941456274,-1.3710932154031175,0;0;-1.3710932154;0.612999094146;0;0;0;-0.375516470174;0.079436749475;0;0.0352755354396;0,55398.78208096499,0.005,2177,0.0002,56.74990701479507,,0.0009228062852375373,0.3970598000000791,ok,same_stridge_core,Hx;D_x^1.651459 H;H*Hxx;H*Hxxx;H^2*Hxx,0.018255411255411278,1.3511249338300806
0.6739960961274859,1.6692792691305551,0.21028681930439197,-1.292573913800044,0;0;-1.2925739138;0.210286819304;0;0;0;0;0;0;0;0,55490.05022362441,0.005,2178,0.0002,23.885271631607445,,0.0014520283518106207,0.13599680000015724,ok,same_stridge_core,Hx;D_x^1.669279 H,0.041249999999999995,1.6892515421576821
0.6741019977432694,1.6206813847170458,0.18877261778800006,-1.306425771481348,0;0;-1.30642577148;0.188772617788;0;0;0;0;-0.0379204807811;0;0;0,55306.312893266564,0.005,2179,0.0002,34.832981730519734,,0.0013754366580428722,0.39244800000005853,ok,same_stridge_core,Hx;D_x^1.620681 H;H*Hxxx,0.025,1.6491939945597984
0.6750758714470322,1.655064777685008,0.2096352591463629,-1.2915503784214484,0;0;-1.29155037842;0.209635259146;0;0;0;0;0;0;0;0,55414.655259975654,0.005,2180,0.0002,23.823524848109148,,0.0013994718971596803,0.3863303000000542,ok,same_stridge_core,Hx;D_x^1.655065 H,0.030000000000000002,1.6576627441188847
0.6776487723471183,1.6503913324332327,0.2141697310516108,-1.2852484835234015,0;0;-1.28524848352;0.214169731052;0;0;0;0;0;0;0;0,55394.310741175555,0.005,2181,0.0002,23.763422272553917,,0.0013135859227372446,0.41559030000007624,ok,same_stridge_core,Hx;D_x^1.650391 H,0.025,1.6056979760836942
0.6650371139167709,1.6424535846193222,0.18531913263506003,-1.3205290662423148,0;0;-1.32052906624;0.185319132635;0;0;0;0;0;0;0;0,55364.211398177424,0.005,2182,0.0002,23.993335340152928,,0.0017396060411301322,0.39839290000008987,ok,same_stridge_core,Hx;D_x^1.642454 H,0.04441176470588234,1.8476507808819578
0.6827016299177148,1.6601798992726562,0.22727845562307097,-1.270281269610141,0;0;-1.27028126961;0.227278455623;0;0;0;0;0;0;0;0,55439.33855566,0.005,2183,0.0002,23.69817960336256,,0.0011802304817764254,0.40068760000008297,ok,same_stridge_core,Hx;D_x^1.66018 H,0.03617647058823529,1.5224441810985618
0.6718522989932177,1.654911966616235,0.2025478831147557,-1.3003221182637243,0;0;-1.30032211826;0.202547883115;0;0;0;0;0;0;0;0,55413.95762739913,0.005,2184,0.0002,23.885279236309835,,0.0015060960869185543,0.27147050000007766,ok,same_stridge_core,Hx;D_x^1.654912 H,0.029939814814814815,1.7196961853501787
0.6734727902221558,1.6793995514503384,0.0,-1.2725526920489787,0;0;-1.27255269205;0;0;0;0;0;0;0;0;0,55557.87582026703,0.005,2185,0.0002,13.55695369668167,,0.0030297120740742176,0.1340951000001951,ok,same_stridge_core,Hx,0.0478888888888889,2.4453785326282653
0.66505201584671,1.6602866984926996,0.0,-1.2976816544635728,0;0;-1.29768165446;0;0;0;0;0;0;0;0;0,55439.882165471885,0.005,2186,0.0002,13.548666164733582,,0.003060211244690292,0.13522949999992306,ok,same_stridge_core,Hx,0.12500000000000003,2.460689731639204
0.6433605815110672,1.6544342154873244,0.0964077831439003,-1.3580379770346527,0;0;-1.35803797703;0.0964077831439;3.87202005816;0;0;0;-0.616137300737;0;0;0,55411.79074339227,0.005,2187,0.0002,46.355600992026645,,0.00214687732454276,0.14030750000006265,ok,same_stridge_core,Hx;D_x^1.654434 H;Hxxx;H*Hxxx,0.04,2.0261683973128313
0.670798649242033,1.6543685624203475,0.2001195208618234,-1.3032632134887983,0;0;-1.30326321349;0.200119520862;0;0;0;0;0;0;0;0,55411.49454660613,0.005,2188,0.0002,23.904590096124917,,0.0015418766685730428,0.39738390000002255,ok,same_stridge_core,Hx;D_x^1.654369 H,0.030000000000000002,1.7399922774824603
0.6765523330293661,1.634685300773284,0.20848292765543508,-1.290396953456853,0;0;-1.29039695346;0.208482927655;0;0;0;0;0;0;0;0,55339.70270343048,0.005,2189,0.0002,23.749326303840178,,0.0013277238888644942,0.3807951999999659,ok,same_stridge_core,Hx;D_x^1.634685 H,0.045,1.613445222467984
0.6700827761608791,1.6604063962010938,0.1996931018148547,-1.304430473419276,0;0;-1.30443047342;0.199693101815;0;0;0;0;0;0;0;0,55440.492520536165,0.005,2190,0.0002,23.93498743120445,,0.0015747855066503538,0.39319949999980963,ok,same_stridge_core,Hx;D_x^1.660406 H,0.030021081349206346,1.7587904229899871
0.6700674588594667,1.673024714225773,0.2021310707893116,-1.302850453743194,0;0;-1.30285045374;0.202131070789;0;0;0;0;0;0;0;0,55513.667631650205,0.005,2191,0.0002,23.974027478440924,,0.001591196437408372,0.37991809999994075,ok,same_stridge_core,Hx;D_x^1.673025 H,0.029919930789375233,1.7685604257808418
0.6677525179679136,1.688038567573509,0.0,-1.275815153844168,0;0;-1.27581515384;0;0;0;0;0.042705299837;0;0;0;0,55626.55602710323,0.005,2192,0.0002,24.082824623649486,,0.001709416472805088,0.13778800000000047,ok,same_stridge_core,Hx;H*Hxx,0.035,1.8322022128081965
0.6644794482048534,1.6404746790920168,0.1837783223056675,-1.3223043243679138,0;0;-1.32230432437;0.183778322306;0;0;0;0;0;0;0;0,55357.52431322627,0.005,2193,0.0002,24.00077156838791,,0.001758879921081976,0.3901760999999624,ok,same_stridge_core,Hx;D_x^1.640475 H,0.035,1.8577618430974046
0.6705932476771266,1.6592771686567853,0.20061529650337395,-1.3031817027329307,0;0;-1.30318170273;0.200615296503;0;0;0;0;0;0;0;0,55434.791359054834,0.005,2194,0.0002,23.92173451899194,,0.0015553127093901108,0.3985404000000017,ok,same_stridge_core,Hx;D_x^1.659277 H,0.030000000000000002,1.7478179753700058
0.6746535673642323,1.7070107105699546,0.22041324965635092,-1.2858358179475955,0;0;-1.28583581795;0.220413249656;0;0;0;0;0;0;0;0,55818.62678084463,0.005,2195,0.0002,24.032023573476323,,0.001475547973001115,0.13879649999989851,ok,same_stridge_core,Hx;D_x^1.707011 H,0.039277555433984,1.7045728611384687
0.6615477644234943,1.6493114102539739,0.17861511507018546,-1.3292649522424629,0;0;-1.32926495224;0.17861511507;0;0;0;0;0;0;0;0,55389.89478670206,0.005,2196,0.0002,24.082178639286617,,0.0018898039338763836,0.40569030000006023,ok,same_stridge_core,Hx;D_x^1.649311 H,0.035,1.926220724605793
0.6706272342381986,1.661714080310899,0.20116715568626659,-1.3027717135084789,0;0;-1.30277171351;0.201167155686;0;0;0;0;0;0;0;0,55447.259953739245,0.005,2197,0.0002,23.92790630009863,,0.001557198556242488,0.39964390000000094,ok,same_stridge_core,Hx;D_x^1.661714 H,0.030000000000000002,1.7490023186029295
0.6788679864800754,1.6933738342396207,0.6219354882238237,-1.327975865459708,0;0;-1.32797586546;0.621935488224;0;0;0;-0.361147276646;0.0915152941686;0;0.0347499859218;0,55674.48922482509,0.005,2198,0.0002,56.983458091862666,,0.0008613157032887149,0.2780754000000343,ok,same_stridge_core,Hx;D_x^1.693374 H;H*Hxx;H*Hxxx;H^2*Hxx,0.01988888888888891,1.3089688670375725
0.6780364045368631,1.6573465574122124,0.216562434116142,-1.2832332106568078,0;0;-1.28323321066;0.216562434116;0;0;0;0;0;0;0;0,55425.34441242868,0.005,2199,0.0002,23.774201730513912,,0.0013103124665928881,0.376574299999902,ok,same_stridge_core,Hx;D_x^1.657347 H,0.030000000000000002,1.6040639655424378
0.6713751808420079,1.211431662937141,0.1915267993835398,-1.4736390167911548,0;0;-1.47363901679;0.191526799384;0;0;0;-0.0368790980745;-0.207584637918;0;0;0,55841.10665875919,0.005,2200,0.0002,45.872130203950825,,0.000736895253844513,0.29200760000003356,ok,same_stridge_core,Hx;D_x^1.211432 H;H*Hxx;H*Hxxx,0.01,1.1992448769434694
0.6758151939964668,1.6537971794157285,0.2109693039936314,-1.2897231950124128,0;0;-1.28972319501;0.210969303994;0;0;0;0;0;0;0;0,55408.93487803484,0.005,2201,0.0002,23.80624749763669,,0.0013744107076644823,0.3885709000001043,ok,same_stridge_core,Hx;D_x^1.653797 H,0.0431875,1.642673546422753
0.6722372597152032,1.6359330941040784,0.1996898132957095,-1.3018244512242694,0;0;-1.30182445122;0.199689813296;0;0;0;0;0;0;0;0,55343.33107429889,0.005,2202,0.0002,23.83451682316647,,0.001468755343501461,0.37400690000004033,ok,same_stridge_core,Hx;D_x^1.635933 H,0.04,1.6971843934469133
0.673334888079188,1.685113554849735,0.0,-1.2729613031065892,0;0;-1.27296130311;0;0;0;0;0;0;0;0;0,55602.11024673339,0.005,2203,0.0002,13.565838193865295,,0.003029667132833596,0.13037439999993694,ok,same_stridge_core,Hx,0.12500000000000003,2.445416144518615
0.6720109295689094,1.668972574785063,0.2057427147001064,-1.2980405285730938,0;0;-1.29804052857;0.2057427147;0;0;0;0;0;0;0;0,55488.190060142595,0.005,2204,0.0002,23.922630756706326,,0.0015182750006066776,0.2735984000000826,ok,same_stridge_core,Hx;D_x^1.668973 H,0.029436701249897636,1.7273547326492857
0.6739605437343845,1.6603087978199875,0.20829852757344244,-1.2938681048997789,0;0;-1.2938681049;0.208298527573;0;0;0;0;0;0;0;0,55439.99480521893,0.005,2205,0.0002,23.85903611372451,,0.0014421421177197719,0.377802999999858,ok,same_stridge_core,Hx;D_x^1.660309 H,0.029451914098972916,1.6830381916369395
0.6725936655893047,1.6260863710755,0.19857197801710283,-1.3022121812229703,0;0;-1.30221218122;0.198571978017;0;0;0;0;0;0;0;0,55317.67671348622,0.005,2206,0.0002,23.809298176344324,,0.0014440096514663177,0.2858903999999711,ok,same_stridge_core,Hx;D_x^1.626086 H,0.03998222402597401,1.6822274909498343
0.6666652484406151,1.6624630686903448,0.1923583502539238,-1.3135459900714843,0;0;-1.31354599007;0.192358350254;0;0;0;0;0;0;0;0,55451.21704168862,0.005,2207,0.0002,24.00962920066541,,0.0017030169352332432,0.38908630000014455,ok,same_stridge_core,Hx;D_x^1.662463 H,0.041249999999999995,1.8291423839899592
0.6726743256891844,1.6692792691305551,0.20730683342018627,-1.2961851955413473,0;0;-1.29618519554;0.20730683342;0;0;0;0;0;0;0;0,55490.05022362441,0.005,2208,0.0002,23.91071927113776,,0.0014960904543746519,0.14052029999993465,ok,same_stridge_core,Hx;D_x^1.669279 H,0.049999999999999996,1.7146991816879964
0.6779534923221106,1.6428840205155857,0.21316282492044247,-1.2854847079921685,0;0;-1.28548470799;0.21316282492;0;0;0;0;0;0;0;0,55365.707553052285,0.005,2209,0.0002,23.740305925978635,,0.0012952432825850402,0.3691573999999491,ok,same_stridge_core,Hx;D_x^1.642884 H,0.030000000000000002,1.5940229047577217
0.6822008318002604,1.6705098104837894,0.2287868990953389,-1.2701480281810662,0;0;-1.27014802818;0.228786899095;0;0;0;0;0;0;0;0,55497.62473578632,0.005,2210,0.0002,23.738424885033215,,0.0012057924106364383,0.3919257000000016,ok,same_stridge_core,Hx;D_x^1.67051 H,0.0700909090909091,1.5393749907186893
0.6754777121356117,1.6915661629178915,0.6405399179311454,-1.3420010638361897,0;0;-1.34200106384;0.640539917931;0;0;0;-0.381088375896;0.0955178028411;0;0.0364894617204;0,55657.75089802854,0.005,2211,0.0002,57.00587097340779,,0.0009146801433530004,0.2953469000001405,ok,same_stridge_core,Hx;D_x^1.691566 H;H*Hxx;H*Hxxx;H^2*Hxx,0.009999464340373418,1.3481200753792448
0.7188428325783525,1.2230556039438554,0.0,-1.1217717494748716,0;0;-1.12177174947;0;0;0;0;0.0666362871778;0;0;0;0,55822.995942755435,0.005,2212,0.0002,23.423579607848264,,0.000604871124951502,0.3956407999999101,ok,same_stridge_core,Hx;H*Hxx,0.05014285714285717,1.0943812307460898
0.6719955861857285,1.7075293130249876,0.2140624634789703,-1.293155343025676,0;0;-1.29315534303;0.214062463479;0;0;0;0;0;0;0;0,55824.77520548262,0.005,2213,0.0002,24.085625360182824,,0.0015654482554673047,0.14465799999993578,ok,same_stridge_core,Hx;D_x^1.707529 H,0.04,1.7557152779897753
0.6855554160030715,1.665177424321126,0.23467074771113824,-1.2619089244360708,0;0;-1.26190892444;0.234670747711;0;0;0;0;0;0;0;0,55466.062102764205,0.005,2214,0.0002,23.663684670835302,,0.0011108796366107706,0.1410464000000502,ok,same_stridge_core,Hx;D_x^1.665177 H,0.025,1.47725982972962
0.6848778564570596,1.6640577730972352,0.2329260973032918,-1.2638865061240017,0;0;-1.26388650612;0.232926097303;0;0;0;0;0;0;0;0,55459.84160707654,0.005,2215,0.0002,23.671826980516908,,0.0011270017639608224,0.3920253999999659,ok,same_stridge_core,Hx;D_x^1.664058 H,0.06631818181818182,1.4878903376862926
0.6735538303068437,1.668972574785063,0.2092258678836643,-1.2938220110249004,0;0;-1.29382201102;0.209225867884;0;0;0;0;0;0;0;0,55488.190060142595,0.005,2216,0.0002,23.892775059745627,,0.0014662623474223145,0.13881190000006427,ok,same_stridge_core,Hx;D_x^1.668973 H,0.045,1.6974990356885857
0.672060550732363,1.632492440965827,0.19866529856710097,-1.3027688007633353,0;0;-1.30276880076;0.198665298567;0;0;0;0;0;0;0;0,55333.59960533261,0.005,2217,0.0002,23.831313895775192,,0.0014702904140396797,0.3773384000000988,ok,same_stridge_core,Hx;D_x^1.632492 H,0.12500000000000003,1.697874053642148
0.667817482514548,1.621792443242507,0.5693678185127906,-1.3937563713844119,0;0;-1.39375637138;0.569367818513;0.450873476181;0;0;-0.355955221349;-0.0057352419064;0;0.032910033726;0,55308.501675288375,0.005,2218,0.0002,67.74628448323863,,0.0009659883308138062,0.3918396000001394,ok,same_stridge_core,Hx;D_x^1.621792 H;Hxxx;H*Hxx;H*Hxxx;H^2*Hxx,0.01,1.3760824728925676
0.6766624364852678,1.6683963754804956,0.21605542816107895,-1.2854318162056744,0;0;-1.28543181621;0.216055428161;0;0;0;0;0;0;0;0,55484.72466944722,0.005,2219,0.0002,23.832071583029865,,0.0013656629798419351,0.280993700000181,ok,same_stridge_core,Hx;D_x^1.668396 H,0.052103174603174596,1.6381817152509761
0.6746307137499823,1.672292739981472,0.21237274023330607,-1.290440717028239,0;0;-1.29044071703;0.212372740233;0;0;0;0;0;0;0;0,55508.91935911681,0.005,2220,0.0002,23.883008307150728,,0.0014349654361241375,0.3845811999999569,ok,same_stridge_core,Hx;D_x^1.672293 H,0.039385683760683785,1.6794405635040048
0.6704037828519549,1.6445238281594108,0.19738730473616428,-1.305635020430811,0;0;-1.30563502043;0.197387304736;0;0;0;0;0;0;0;0,55371.54661994007,0.005,2221,0.0002,23.88877600290085,,0.0015431051511508053,0.39147109999998975,ok,same_stridge_core,Hx;D_x^1.644524 H,0.030000000000000002,1.7401573549248228
0.6796909693579626,1.6531999747034616,0.2191663356094345,-1.2793609837928872,0;0;-1.27936098379;0.219166335609;0;0;0;0;0;0;0;0,55406.29273797805,0.005,2222,0.0002,23.733043441805176,,0.0012564865836984284,0.3869302999999036,ok,same_stridge_core,Hx;D_x^1.6532 H,0.04,1.5705263466139534
0.674904194624069,1.680450011241715,0.0,-1.2683170309294485,0;0;-1.26831703093;0;0;0;0;0;0;0;0;0,55565.670216332685,0.005,2223,0.0002,13.558526978419252,,0.0030312106591440665,0.1370936000000711,ok,same_stridge_core,Hx,0.12500000000000003,2.4453929351527144
0.6767281498948379,1.6653604562023703,0.6035787546595703,-1.347975430689387,0;0;-1.34797543069;0.60357875466;0;0;0;-0.358355124782;0.0813370547065;0;0.0340291615786;0,55467.09225081485,0.005,2224,0.0002,56.77984710679249,,0.0008688701913075925,0.40856110000004264,ok,same_stridge_core,Hx;D_x^1.66536 H;H*Hxx;H*Hxxx;H^2*Hxx,0.011015037593984959,1.3127548559776396
0.6753256426217341,1.6531996099468473,0.2097810652404832,-1.2911288895720694,0;0;-1.29112888957;0.20978106524;0;0;0;0;0;0;0;0,55406.29116832835,0.005,2225,0.0002,23.813972371405477,,0.0013891861980912946,0.2803653999999369,ok,same_stridge_core,Hx;D_x^1.6532 H,0.12500000000000003,1.6514559040741335
0.6754657209831862,1.6492797201366285,0.20925220826294352,-1.2912878063547801,0;0;-1.29128780635;0.209252208263;0;0;0;0;0;0;0;0,55389.766803073304,0.005,2226,0.0002,23.801604487617936,,0.0013798774454014033,0.2917609999999513,ok,same_stridge_core,Hx;D_x^1.64928 H,0.025,1.6456977663886154
0.6727689051695032,1.6761050150920882,0.20896438741196074,-1.2950330673213508,0;0;-1.29503306732;0.208964387412;0;0;0;0;0;0;0;0,55534.37863608112,0.005,2227,0.0002,23.931758891264742,,0.0015012909541466904,0.14610429999993357,ok,same_stridge_core,Hx;D_x^1.676105 H,0.030000000000000002,1.7180074368322917
0.6759920147361875,1.6412715078231,0.20868744957466076,-1.290978033899412,0;0;-1.2909780339;0.208687449575;0;0;0;0;0;0;0;0,55360.179457296195,0.005,2228,0.0002,23.773408676365,,0.0013533401019243385,0.3874256999999943,ok,same_stridge_core,Hx;D_x^1.641272 H,0.030000000000000002,1.6293368934465222
0.6795922465048814,1.658946562010006,0.22029496243249908,-1.2788146030497645,0;0;-1.27881460305;0.220294962432;0;0;0;0;0;0;0;0,55433.14706148496,0.005,2229,0.0002,23.750145758651687,,0.0012661892364439933,0.27125359999990906,ok,same_stridge_core,Hx;D_x^1.658947 H,0.030555555555555555,1.5768869340576999
0.650622741700122,1.8994333859513293,0.0,-1.3871868819215507,0;0;-1.38718688192;0;0;0;0;0;-0.188493809644;0;0;0,64293.90095461231,0.005,2230,0.0002,28.109156281386113,,0.002846460333466774,0.3861319000000094,ok,same_stridge_core,Hx;H*Hxxx,0.05499999999999999,2.391595899541189
0.6738377890418294,1.6557640431576317,0.2070792404653781,-1.2948122369008483,0;0;-1.2948122369;0.207079240465;0;0;0;0;0;0;0;0,55417.8772422786,0.005,2231,0.0002,23.84901008578116,,0.001440527233784608,0.29147549999993316,ok,same_stridge_core,Hx;D_x^1.655764 H,0.030000000000000002,1.6818591888697174
0.6767567425797786,1.658338500821364,0.21400651438573196,-1.2865529553384834,0;0;-1.28655295534;0.214006514386;0;0;0;0;0;0;0;0,55430.15151171601,0.005,2232,0.0002,23.800645653186184,,0.0013505619130340979,0.39558569999985593,ok,same_stridge_core,Hx;D_x^1.658339 H,0.030000000000000002,1.6285850484997808
0.6719991428199703,1.6647026712706892,0.6320103462858516,-1.3676635239965738,0;0;-1.367663524;0.632010346286;0;0;0;-0.387351512166;0.0872841295206;0;0.0365510046834;0,55463.40800877321,0.005,2233,0.0002,56.831942269092515,,0.0009458064451312132,0.40298940000002403,ok,same_stridge_core,Hx;D_x^1.664703 H;H*Hxx;H*Hxxx;H^2*Hxx,0.015808080808080806,1.3685342603193076
0.6749997770782031,1.6566596988750328,0.0,-1.2680345634788888,0;0;-1.26803456348;0;0;0;0;0;0;0;0;0,55422.073024042584,0.005,2234,0.0002,13.529834979877933,,0.0030313773614391625,0.3821864000001369,ok,same_stridge_core,Hx,0.11500000000000005,2.4454203750694163
0.6753642709453099,1.6747077857579376,0.6226783896749378,-1.349643409516706,0;0;-1.34964340952;0.622678389675;0;0;0;-0.37239560311;0.0878129372328;0;0.0354225066049;0,55524.83659457104,0.005,2235,0.0002,56.8608434576208,,0.0008996178796014582,0.4002482000000782,ok,same_stridge_core,Hx;D_x^1.674708 H;H*Hxx;H*Hxxx;H^2*Hxx,0.01,1.3360068630497643
0.6749199947481196,1.6705495438905305,0.21264085697064516,-1.2898840598869938,0;0;-1.28988405989;0.212640856971;0;0;0;0;0;0;0;0,55497.872317583584,0.005,2236,0.0002,23.871767392519224,,0.0014234787117686691,0.3919709000001603,ok,same_stridge_core,Hx;D_x^1.67055 H,0.03989583333333329,1.672618465485792
0.6753797556215152,1.6650141017276847,0.2124512564209402,-1.2893764192524089,0;0;-1.28937641925;0.212451256421;0;0;0;0;0;0;0;0,55465.14628425624,0.005,2237,0.0002,23.845717753044426,,0.0014019771519404273,0.37783950000016375,ok,same_stridge_core,Hx;D_x^1.665014 H,0.030000000000000002,1.6596592393419263
0.6767436553367512,1.6676667821444981,0.606157688832291,-1.3469739329328816,0;0;-1.34697393293;0.606157688832;0;0;0;-0.359665037862;0.0824746394889;0;0.0341833532368;0,55480.39189531815,0.005,2238,0.0002,56.79471450128081,,0.0008707755841114101,0.41243519999989076,ok,same_stridge_core,Hx;D_x^1.667667 H;H*Hxx;H*Hxxx;H^2*Hxx,0.01176767676767677,1.314322605962662
0.69655873812836,1.4229861035201214,0.18288945210426946,-1.2851383214813432,0;0;-1.28513832148;0.182889452104;0;0;0;0;-0.064449398008;0;0;0,55469.21874667609,0.005,2239,0.0002,34.39685651914458,,0.0006351214579689068,0.4044192999999723,ok,same_stridge_core,Hx;D_x^1.422986 H;H*Hxxx,0.02446523459141394,1.115325271138925
0.6729139701133265,1.6681480365830443,0.20761053563636633,-1.2956788138790563,0;0;-1.29567881388;0.207610535636;0;0;0;0;0;0;0;0,55483.24296819627,0.005,2240,0.0002,23.90250129191396,,0.0014866165968601876,0.13107669999999416,ok,same_stridge_core,Hx;D_x^1.668148 H,0.030000000000000002,1.7092041046354536
0.6770723624219437,1.6740318499650242,0.6114488795394933,-1.343040924690318,0;0;-1.34304092469;0.611448879539;0;0;0;-0.361436124072;0.085162192397;0;0.0344478669178;0,55520.308814484335,0.005,2241,0.0002,56.83564584322141,,0.0008715676112724263,0.38356640000006337,ok,same_stridge_core,Hx;D_x^1.674032 H;H*Hxx;H*Hxxx;H^2*Hxx,0.01,1.3153370287370725
0.6727863192846433,1.6946218154688264,0.6602431798554524,-1.3512495981667885,0;0;-1.35124959817;0.660243179855;0;0;0;-0.399454224079;0.100706950245;0;0.03817680868;0,55686.35082460587,0.005,2242,0.0002,57.07047826233066,,0.0009647276880897886,0.13821010000015121,ok,same_stridge_core,Hx;D_x^1.694622 H;H*Hxx;H*Hxxx;H^2*Hxx,0.01,1.3841274377247865
0.6758720810545128,1.6647516325865255,0.21348465303781394,-1.2880741985850788,0;0;-1.28807419859;0.213484653038;0;0;0;0;0;0;0;0,55463.680618503946,0.005,2243,0.0002,23.835643812366868,,0.0013860237503200328,0.3780901999998605,ok,same_stridge_core,Hx;D_x^1.664752 H,0.030000000000000002,1.6501715649652875
0.6728070004304159,1.6335009667945488,0.20042469177738378,-1.3006203906825313,0;0;-1.30062039068;0.200424691777;0;0;0;0;0;0;0;0,55336.36370661287,0.005,2244,0.0002,23.81864694124057,,0.0014464733208321876,0.39904860000001463,ok,same_stridge_core,Hx;D_x^1.633501 H,0.034326771199889784,1.6841014585954173
0.6686520145485859,1.654164766806014,0.19532731697914962,-1.3091492481046074,0;0;-1.3091492481;0.195327316979;0;0;0;0;0;0;0;0,55410.57813224846,0.005,2245,0.0002,23.946869553512823,,0.0016183386641385406,0.3849047999999584,ok,same_stridge_core,Hx;D_x^1.654165 H,0.030000000000000002,1.7826383006134385
0.67477231748444,1.6602866984926996,0.0,-1.2687068320453692,0;0;-1.26870683205;0;0;0;0;0;0;0;0;0,55439.882165471885,0.005,2246,0.0002,13.533337362804499,,0.003030994273456826,0.14008300000000418,ok,same_stridge_core,Hx,0.11500000000000005,2.445360929710121
0.6774679119735396,1.6568928306037887,0.21522913499693633,-1.284830761691922,0;0;-1.28483076169;0.215229134997;0;0;0;0;0;0;0;0,55423.17806553842,0.005,2247,0.0002,23.783485470108843,,0.0013269740262190888,0.38149859999998625,ok,same_stridge_core,Hx;D_x^1.656893 H,0.11500000000000003,1.6142142438934755
0.6983045158226087,1.416149897648358,0.183028758257468,-1.282570682786317,0;0;-1.28257068279;0.183028758257;0;0;0;0;-0.067341102921;0;0;0,55481.90720113206,0.005,2248,0.0002,34.38158505033957,,0.0006089147266525909,0.3911775999999918,ok,same_stridge_core,Hx;D_x^1.41615 H;H*Hxxx,0.01,1.0924407296603285
0.654597944194071,1.885393837278374,0.0,-1.3293848200621166,0;0;-1.32938482006;0;0;0;0;0;0;0;0;0,63345.63459154638,0.005,2249,0.0002,15.187343462771064,,0.0031986491410978994,0.38116500000000997,ok,same_stridge_core,Hx,0.09000000000000001,2.518216544461787
0.6746108236780528,1.6540008484510147,0.20839844350463632,-1.2929546059484311,0;0;-1.29295460595;0.208398443505;0;0;0;0;0;0;0;0,55409.84360240815,0.005,2250,0.0002,23.829615652135505,,0.001413122407637692,0.39889850000008664,ok,same_stridge_core,Hx;D_x^1.654001 H,0.030000000000000002,1.6656782111722426
0.6749997770782031,1.6490243419315909,0.20819697928145509,-1.2925811723350147,0;0;-1.29258117234;0.208196979281;0;0;0;0;0;0;0;0,55388.73840488926,0.005,2251,0.0002,23.80983319567608,,0.00139441205411426,0.276270199999999,ok,same_stridge_core,Hx;D_x^1.649024 H,0.025,1.6543378337203722
0.6734774694686892,1.651227955677834,0.20536144812868998,-1.296400783489179,0;0;-1.29640078349;0.205361448129;0;0;0;0;0;0;0;0,55397.80418815486,0.005,2252,0.0002,23.84436421666115,,0.0014467362538261063,0.3988286999999673,ok,same_stridge_core,Hx;D_x^1.651228 H,0.035,1.6852425413992018
0.6746168028787485,1.6420112246560414,0.5887266894671883,-1.3661701522506713,0;0;-1.36617015225;0.588726689467;0;0;0;-0.356299078224;0.0715655744324;0;0.0334433373954;0,55362.68943814318,0.005,2253,0.0002,56.68200832918373,,0.00087994564776648,0.41426780000006147,ok,same_stridge_core,Hx;D_x^1.642011 H;H*Hxx;H*Hxxx;H^2*Hxx,0.01,1.319318891040554
0.6792890278868223,1.6539164637697865,0.21847328545325465,-1.2803400010939003,0;0;-1.28034000109;0.218473285453;0;0;0;0;0;0;0;0,55409.46670704295,0.005,2254,0.0002,23.742184127670416,,0.001269039242970745,0.39311350000002676,ok,same_stridge_core,Hx;D_x^1.653916 H,0.025,1.5783974448532352
0.6706193615346346,1.7070107105699546,0.0,-1.281027288320924,0;0;-1.28102728832;0;0;0;0;0;0;0;0;0,55818.62678084463,0.005,2255,0.0002,13.611304462816571,,0.0030324018850935845,0.1414271999999528,ok,same_stridge_core,Hx,0.0626923076923077,2.447579106647644
0.675372110751723,1.6673479852416087,0.6142012974426241,-1.3526913828245202,0;0;-1.35269138282;0.614201297443;0;0;0;-0.367948450931;0.0841441593666;0;0.034902655867;0,55478.51781125055,0.005,2256,0.0002,56.808638068991726,,0.0008922600526522915,0.3962711000001491,ok,same_stridge_core,Hx;D_x^1.667348 H;H*Hxx;H*Hxxx;H^2*Hxx,0.024523809523809545,1.330120257741173
0.6749447964884362,1.6700735179594441,0.21259177353174577,-1.289880139370911,0;0;-1.28988013937;0.212591773532;0;0;0;0;0;0;0;0,55494.91912667609,0.005,2257,0.0002,23.86975193512268,,0.001422099373718103,0.38316980000013245,ok,same_stridge_core,Hx;D_x^1.670074 H,0.030000000000000002,1.6717842844522386
0.6783013688707737,1.651147116558108,0.21573210013298344,-1.2833864192584372,0;0;-1.28338641926;0.215732100133;0;0;0;0;0;0;0;0,55397.46377627165,0.005,2258,0.0002,23.753242045206015,,0.0012948858360477527,0.390988200000038,ok,same_stridge_core,Hx;D_x^1.651147 H,0.025,1.5942565346973554
0.6738925804120204,1.6537560034349335,0.2067831998689405,-1.2949343092431387,0;0;-1.29493430924;0.206783199869;0;0;0;0;0;0;0;0,55408.75158028008,0.005,2259,0.0002,23.84273631037804,,0.0014362211607135001,0.37764470000001893,ok,same_stridge_core,Hx;D_x^1.653756 H,0.039611111111111104,1.6792356782660085
0.6753131415921153,1.6606652226637897,0.21135630507387002,-1.290146036869906,0;0;-1.29014603687;0.211356305074;0;0;0;0;0;0;0;0,55441.818049510475,0.005,2260,0.0002,23.834272433841285,,0.001398782243373611,0.3902763999999479,ok,same_stridge_core,Hx;D_x^1.660665 H,0.03944444444444439,1.657545214037094
0.6757622397903004,1.6499824005996007,0.5913277703696213,-1.358160857825911,0;0;-1.35816085783;0.59132777037;0;0;0;-0.35455375029;0.0745402743929;0;0.0334325770764;0,55392.6263829136,0.005,2261,0.0002,56.704875434207196,,0.0008696023775507218,0.40415519999987737,ok,same_stridge_core,Hx;D_x^1.649982 H;H*Hxx;H*Hxxx;H^2*Hxx,0.01,1.312249051293592
0.6716550134941908,1.650989031534648,0.20134363988402504,-1.3013789029565421,0;0;-1.30137890296;0.201343639884;0;0;0;0;0;0;0;0,55396.80001359975,0.005,2262,0.0002,23.87923261053343,,0.0015078887310735149,0.3847771999999168,ok,same_stridge_core,Hx;D_x^1.650989 H,0.12500000000000003,1.7205126050935295
0.673334888079188,1.6432829552907071,0.20345539435577237,-1.2978624284261027,0;0;-1.29786242843;0.203455394356;0;0;0;0;0;0;0;0,55367.10785775382,0.005,2263,0.0002,23.828552439499028,,0.0014414237016823876,0.28076569999984713,ok,same_stridge_core,Hx;D_x^1.643283 H,0.030000000000000002,1.6817092963974976
0.6767436300292976,1.657374189516997,0.2137643759369714,-1.2867212207072418,0;0;-1.28672122071;0.213764375937;0;0;0;0;0;0;0;0,55425.4769954607,0.005,2264,0.0002,23.7982620100721,,0.001349793816093397,0.1359393000000182,ok,same_stridge_core,Hx;D_x^1.657374 H,0.12500000000000003,1.6280712118878196
0.6758204173024543,1.6585044651373637,0.6011093164856488,-1.3544854965310669,0;0;-1.35448549653;0.601109316486;0;0;0;-0.359682777433;0.079002131193;0;0.0340263501718;0,55430.96536503098,0.005,2265,0.0002,56.74900876707832,,0.0008766535432493427,0.401676899999984,ok,same_stridge_core,Hx;D_x^1.658504 H;H*Hxx;H*Hxxx;H^2*Hxx,0.010177272727272728,1.3180434020473468
0.6750167469827699,1.670245339623053,0.21279118507981307,-1.2896609791390663,0;0;-1.28966097914;0.21279118508;0;0;0;0;0;0;0;0,55495.981832011166,0.005,2266,0.0002,23.868944392744805,,0.0014199893693867325,0.1517964000001939,ok,same_stridge_core,Hx;D_x^1.670245 H,0.029369646006550763,1.6705516599403365
0.6741766778719183,1.6725277785229375,0.21139788744379395,-1.2916495952625069,0;0;-1.29164959526;0.211397887444;0;0;0;0;0;0;0;0,55510.43694595847,0.005,2267,0.0002,23.892444568487154,,0.0014500695633527121,0.3732294000001275,ok,same_stridge_core,Hx;D_x^1.672528 H,0.0431875,1.6882697901037644
0.6747479362772445,1.6692792691305551,0.6202727373807417,-1.3544288477050537,0;0;-1.35442884771;0.620272737381;0;0;0;-0.372992823105;0.0859554291815;0;0.0353785039237;0,55490.05022362441,0.005,2268,0.0002,56.82909892683013,,0.0009043154024192504,0.15986930000008215,ok,same_stridge_core,Hx;D_x^1.669279 H;H*Hxx;H*Hxxx;H^2*Hxx,0.01,1.3390487032057194
0.681580887851871,1.6865487282371843,0.5982443462989624,-1.3201450636144376,0;0;-1.32014506361;0.598244346299;0;0;0;-0.340968026944;0.0847600788476;0;0.0328494412229;0,55613.94698231928,0.005,2269,0.0002,56.886931317080034,,0.0008143775155616289,0.1445482000001448,ok,same_stridge_core,Hx;D_x^1.686549 H;H*Hxx;H*Hxxx;H^2*Hxx,0.015,1.2729843347607595
0.672455638310911,1.6469972413801972,0.2023005998736317,-1.2997394726863984,0;0;-1.29973947269;0.202300599874;0;0;0;0;0;0;0;0,55380.779379348445,0.005,2270,0.0002,23.854038482692232,,0.0014755449102362833,0.3890765000001011,ok,same_stridge_core,Hx;D_x^1.646997 H,0.030000000000000002,1.7017267309528545
0.6757848655992877,1.6597855736979765,0.6028375585789891,-1.3541110538876366,0;0;-1.35411105389;0.602837558579;0;0;0;-0.360710994379;0.07971723624;0;0.0341382223752;0,55437.34202016638,0.005,2271,0.0002,56.756777077633856,,0.0008784216947547418,0.3878164000000197,ok,same_stridge_core,Hx;D_x^1.659786 H;H*Hxx;H*Hxxx;H^2*Hxx,0.01176767676767677,1.3194350574674747
0.6768957443465825,1.6597526546968508,0.21462431300790147,-1.285982275222322,0;0;-1.28598227522;0.214624313008;0;0;0;0;0;0;0;0,55437.1762535025,0.005,2272,0.0002,23.801973025289932,,0.0013479846115623457,0.380623900000046,ok,same_stridge_core,Hx;D_x^1.659753 H,0.025,1.6271025238889323
0.6719068542951494,1.646385756471793,0.20099466071094638,-1.3013089263524247,0;0;-1.30130892635;0.200994660711;0;0;0;0;0;0;0;0,55378.44856406653,0.005,2273,0.0002,23.863348277703608,,0.0014933975604838412,0.39065049999999246,ok,same_stridge_core,Hx;D_x^1.646386 H,0.035,1.7119688520769967
0.6458508591898253,1.8895235857403536,-0.6726430837001103,-1.346525190557461,0;0;-1.34652519056;-0.6726430837;0;0;0;0.127839318304;-0.0790569755344;0;0;0,63630.64847792511,0.005,2274,0.0002,53.071749991886406,,0.002371762554696059,0.40431630000011864,ok,same_stridge_core,Hx;D_x^1.889524 H;H*Hxx;H*Hxxx,0.04052136752136751,2.1672312095463164
0.6675695797797692,1.643908082009645,0.19111160604182023,-1.313427211901651,0;0;-1.3134272119;0.191111606042;0;0;0;0;0;0;0;0,55369.32793461324,0.005,2275,0.0002,23.944405275299676,,0.0016449044103276124,0.39030349999984537,ok,same_stridge_core,Hx;D_x^1.643908 H,0.035,1.7966741014543794
0.67477231748444,1.654366247435993,0.2088267171680207,-1.292467529876907,0;0;-1.29246752988;0.208826717168;0;0;0;0;0;0;0;0,55411.48413396828,0.005,2276,0.0002,23.827480441748133,,0.001408361522070086,0.2782813999999689,ok,same_stridge_core,Hx;D_x^1.654366 H,0.031041666666666672,1.6628867881608194
0.6754638119322918,1.661491634178443,0.2118674281306802,-1.2896250368316706,0;0;-1.28962503683;0.211867428131;0;0;0;0;0;0;0;0,55446.096211354554,0.005,2277,0.0002,23.83377711920764,,0.0013949919377384712,0.37474840000004406,ok,same_stridge_core,Hx;D_x^1.661492 H,0.030000000000000002,1.655338634665816
0.6746308972423466,1.6551157677852146,0.20867663440290804,-1.2927489021534424,0;0;-1.29274890215;0.208676634403;0;0;0;0;0;0;0;0,55414.88874849603,0.005,2278,0.0002,23.83212615350518,,0.0014138574248086552,0.274786499999891,ok,same_stridge_core,Hx;D_x^1.655116 H,0.031140873015872993,1.6661706541067691
0.6766624364852678,1.6420821106944918,0.5763179378247609,-1.3574890234329502,0;0;-1.35748902343;0.576317937825;0;0;0;-0.343800717804;0.0691099763859;0;0.0323669676588;0,55362.932253692044,0.005,2279,0.0002,56.6591714589008,,0.0008488002735235054,0.286168699999962,ok,same_stridge_core,Hx;D_x^1.642082 H;H*Hxx;H*Hxxx;H^2*Hxx,0.010486818650905332,1.2962392052087581
0.670975976202506,1.6483017707852832,0.19934332246823958,-1.3035805771107438,0;0;-1.30358057711;0.199343322468;0;0;0;0;0;0;0;0,55385.86020265667,0.005,2280,0.0002,23.886125166454157,,0.0015279402959066666,0.40159939999989547,ok,same_stridge_core,Hx;D_x^1.648302 H,0.12500000000000003,1.731781085391484
0.6749997770782031,1.6665704143452074,0.6155924436295304,-1.3545362489937844,0;0;-1.35453624899;0.61559244363;0;0;0;-0.36978267747;0.084246545994;0;0.035049363344;0,55473.99482485553,0.005,2281,0.0002,56.80790490614488,,0.0008975210164975216,0.28559580000001006,ok,same_stridge_core,Hx;D_x^1.66657 H;H*Hxx;H*Hxxx;H^2*Hxx,0.024047619047619068,1.3339100812893447
0.6728704263230468,1.6457556284489494,0.604027837293601,-1.372050835105618,0;0;-1.37205083511;0.604027837294;0;0;0;-0.369624089409;0.0758275014269;0;0.0346608713911;0,55376.07998831355,0.005,2282,0.0002,56.71861886281403,,0.0009114631718006774,0.4024712999998883,ok,same_stridge_core,Hx;D_x^1.645756 H;H*Hxx;H*Hxxx;H^2*Hxx,0.015,1.3425388745004831
0.672627191713085,1.6336133453460377,0.200068577990698,-1.3010892921816222,0;0;-1.30108929218;0.200068577991;0;0;0;0;0;0;0;0,55336.67624078071,0.005,2283,0.0002,23.822367255127006,,0.0014526344414160935,0.38252620000002935,ok,same_stridge_core,Hx;D_x^1.633613 H,0.036561085972850675,1.6876967588147216
0.7139826762203111,1.2634104309699132,0.17146901385634358,-1.2587924639596622,0;0;-1.25879246396;0.171469013856;0;0;0;0;0;0;0;0,55757.58614088941,0.005,2284,0.0002,23.51703129482847,,0.000770950675176327,0.37903770000002623,ok,same_stridge_core,Hx;D_x^1.26341 H,0.045,1.2139968384727045
0.6643201853681122,1.6336754225315473,0.18236643832748423,-1.3235999559060627,0;0;-1.32359995591;0.182366438327;0;0;0;0;0;0;0;0,55336.849217390256,0.005,2285,0.0002,23.990617457691144,,0.001756036201001823,0.38197409999997944,ok,same_stridge_core,Hx;D_x^1.633675 H,0.05142857142857142,1.855877770735042
0.6701068448389029,1.638101821927929,0.1955632525379944,-1.3072925425804525,0;0;-1.30729254258;0.195563252538;0;0;0;0;0;0;0;0,55349.91227811441,0.005,2286,0.0002,23.880969832786526,,0.0015452400807094513,0.39705960000014784,ok,same_stridge_core,Hx;D_x^1.638102 H,0.035,1.7410049215407595
0.6761783758390991,1.6393254070391974,0.20867199801135478,-1.2907488037403774,0;0;-1.29074880374;0.208671998011;0;0;0;0;0;0;0;0,55353.78300307443,0.005,2287,0.0002,23.765764592827058,,0.001345098606288309,0.38812559999996665,ok,same_stridge_core,Hx;D_x^1.639325 H,0.030144675925925932,1.624251391597285
0.6756526843414903,1.6626684931517854,0.21254087504118555,-1.2889526659533215,0;0;-1.28895266595;0.212540875041;0;0;0;0;0;0;0;0,55452.312516018625,0.005,2288,0.0002,23.833613093212595,,0.0013904296567886195,0.14279060000012578,ok,same_stridge_core,Hx;D_x^1.662668 H,0.029377709369357873,1.6526880868051437
0.6745673301139699,1.6603071066558008,0.6109419297709844,-1.358921082800948,0;0;-1.3589210828;0.610941929771;0;0;0;-0.368575585071;0.0815798179613;0;0.0348326299464;0,55439.98606407328,0.005,2289,0.0002,56.77406899663582,,0.0008983624473070217,0.3997322999998687,ok,same_stridge_core,Hx;D_x^1.660307 H;H*Hxx;H*Hxxx;H^2*Hxx,0.016810515873015866,1.3340829325625378
0.6713751808420079,1.6966938667070197,0.6710752421815679,-1.3558679255627026,0;0;-1.35586792556;0.671075242182;0;0;0;-0.409368008134;0.103650306291;0;0.0390981742036;0,55706.61049953119,0.005,2290,0.0002,57.11057485239079,,0.0009928192090396532,0.2749547999999322,ok,same_stridge_core,Hx;D_x^1.696694 H;H*Hxx;H*Hxxx;H^2*Hxx,0.019545454545454536,1.4039643528595993
0.6358886176625831,1.467313307659123,0.5934093545890569,-1.638795691877202,0;0;-1.63879569188;0.593409354589;-0.286286384816;0;0;-0.442671940473;-0.00403246297406;0;0.0364244137618;0,55389.61314991359,0.005,2291,0.0002,68.10484755213248,,0.0013946294901317799,0.39713290000008783,ok,same_stridge_core,Hx;D_x^1.467313 H;Hxxx;H*Hxx;H*Hxxx;H^2*Hxx,0.019943310657596382,1.637311772236181
0.6731521215717594,1.6545150264004913,0.20532133235048464,-1.2968414615622763,0;0;-1.29684146156;0.20532133235;0;0;0;0;0;0;0;0,55412.155640644225,0.005,2292,0.0002,23.858963424992897,,0.0014616699404977579,0.4125174999999217,ok,same_stridge_core,Hx;D_x^1.654515 H,0.030000000000000002,1.6941011687352052
0.673334888079188,1.6544037386792667,0.2056985463023985,-1.2963601658646982,0;0;-1.29636016586;0.205698546302;0;0;0;0;0;0;0;0,55411.65309601828,0.005,2293,0.0002,23.855143657924636,,0.001455447855054479,0.2845798000000741,ok,same_stridge_core,Hx;D_x^1.654404 H,0.029635967518320462,1.690482419517324
0.6717420757281005,1.657374189516997,0.2027933044825154,-1.3002968006043707,0;0;-1.3002968006;0.202793304483;0;0;0;0;0;0;0;0,55425.4769954607,0.005,2294,0.0002,23.893947184954303,,0.0015129850336996493,0.13861849999989317,ok,same_stridge_core,Hx;D_x^1.657374 H,0.030000000000000002,1.72375638677002
0.6763809778958245,1.6326494576922737,0.2077045388982517,-1.2911427627155265,0;0;-1.29114276272;0.207704538898;0;0;0;0;0;0;0;0,55334.02515758433,0.005,2295,0.0002,23.748607424612455,,0.0013304704631627018,0.3783207000001312,ok,same_stridge_core,Hx;D_x^1.632649 H,0.05414296814296814,1.6149973615787239
0.6793623035541035,1.6629230065644391,0.22073187743362227,-1.2788761951027816,0;0;-1.2788761951;0.220731877434;0;0;0;0;0;0;0;0,55453.676412535286,0.005,2296,0.0002,23.765667573438265,,0.0012776172710512225,0.3872341999999662,ok,same_stridge_core,Hx;D_x^1.662923 H,0.025,1.5841970084241497
0.6749376045182761,1.2266886314732282,0.11780076310273928,-1.3660561784910175,0;0;-1.36605617849;0.117800763103;0.94664579698;0;0;0;-0.24911628747;0;0;0,55817.268078710134,0.005,2297,0.0002,45.88839027485753,,0.000787069861956613,0.13569589999997334,ok,same_stridge_core,Hx;D_x^1.226689 H;Hxxx;H*Hxxx,0.030000000000000002,1.234575811889422
0.672145189969049,1.664384800877719,0.20510400919335833,-1.298274147918029,0;0;-1.29827414792;0.205104009193;0;0;0;0;0;0;0;0,55461.64440042682,0.005,2298,0.0002,23.90591589438612,,0.0015079791698951622,0.38923819999990883,ok,same_stridge_core,Hx;D_x^1.664385 H,0.030000000000000002,1.7212581342153912
0.7127008906501643,1.2490640998966207,0.16636882508972534,-1.2636162172133234,0;0;-1.26361621721;0.16636882509;0;0;0;0;0;0;0;0,55781.28631308329,0.005,2299,0.0002,23.54726958098484,,0.0007976077735056824,0.3875901999999769,ok,same_stridge_core,Hx;D_x^1.249064 H,0.05653846153846153,1.2347550557515214
0.6791393631927439,1.6838573230222709,0.0,-1.2558454710523246,0;0;-1.25584547105;0;0;0;0;0;0;0;0;0,55591.99332390045,0.005,2300,0.0002,13.568074879842882,,0.003046444185618988,0.3842181999998502,ok,same_stridge_core,Hx,0.12500000000000003,2.449676215062791
0.6743429136228707,1.6422175625449118,0.20539039069568363,-1.2952872496338357,0;0;-1.29528724963;0.205390390696;0;0;0;0;0;0;0;0,55363.39731548865,0.005,2301,0.0002,23.806808023810245,,0.0014070461716210259,0.3942349999999806,ok,same_stridge_core,Hx;D_x^1.642218 H,0.039550196408529734,1.6614490976147855
0.6352314853110127,1.6946218154688264,0.11769089830917057,-1.3995694281864965,0;0;-1.39956942819;0.117690898309;0;0;0;0;0;0;0;0,55686.35082460587,0.005,2302,0.0002,24.834397016195076,,0.0033313193835989782,0.1365486999998211,ok,same_stridge_core,Hx;D_x^1.694622 H,0.06412337662337661,2.5598566863527275
0.6739063407315748,1.6499279518282557,0.6026690986578666,-1.3659611954802142,0;0;-1.36596119548;0.602669098658;0;0;0;-0.365977805247;0.0768506597374;0;0.0344211222959;0,55392.403025165804,0.005,2303,0.0002,56.72608179393726,,0.0008988214706319347,0.29901859999995395,ok,same_stridge_core,Hx;D_x^1.649928 H;H*Hxx;H*Hxxx;H^2*Hxx,0.01,1.3336787687714564
0.6800216984459933,1.665177424321126,0.22270664204844534,-1.276780214150591,0;0;-1.27678021415;0.222706642048;0;0;0;0;0;0;0;0,55466.062102764205,0.005,2304,0.0002,23.76045627896777,,0.0012611002941741757,0.14090199999986908,ok,same_stridge_core,Hx;D_x^1.665177 H,0.024932529630672058,1.5740314378620852
0.6735817409174756,1.6396718845720408,0.2032637104212199,-1.2976885038096206,0;0;-1.29768850381;0.203263710421;0;0;0;0;0;0;0;0,55354.9002433994,0.005,2305,0.0002,23.81601045800547,,0.0014286852993302423,0.39881110000010267,ok,same_stridge_core,Hx;D_x^1.639672 H,0.03448529411764706,1.6740503606457053
0.6771819860257927,1.6443382802974427,0.2118530629733433,-1.2873512503869962,0;0;-1.28735125039;0.211853062973;0;0;0;0;0;0;0;0,55370.874713209945,0.005,2306,0.0002,23.757859821925503,,0.0013203671022802776,0.4021348000001126,ok,same_stridge_core,Hx;D_x^1.644338 H,0.035,1.6095099366415242
0.6647457959917832,1.660081089613629,0.1875731486293761,-1.31912983438474,0;0;-1.31912983438;0.187573148629;0;0;0;0;0;0;0;0,55438.83695257721,0.005,2307,0.0002,24.042415171863315,,0.0017742044817146577,0.4050987000000532,ok,same_stridge_core,Hx;D_x^1.660081 H,0.030000000000000002,1.866880390832433
0.67115573284029,1.6751276345939115,0.20505781308074864,-1.299588801580422,0;0;-1.29958880158;0.205057813081;0;0;0;0;0;0;0;0,55527.67762235579,0.005,2308,0.0002,23.959751020761235,,0.0015554522865127004,0.410840700000108,ok,same_stridge_core,Hx;D_x^1.675128 H,0.030000000000000002,1.748679971818921
0.7138630710085789,1.245123430680458,0.1658737947188967,-1.2612962328836224,0;0;-1.26129623288;0.165873794719;0;0;0;0;0;0;0;0,55787.71074329629,0.005,2309,0.0002,23.567627895334603,,0.0008190670533072702,0.40729090000013457,ok,same_stridge_core,Hx;D_x^1.245123 H,0.04436801881246324,1.252543598016086
0.6701668073820423,1.636601306108581,0.19541797682041154,-1.3073299981302613,0;0;-1.30732999813;0.19541797682;0;0;0;0;0;0;0;0,55345.32102680518,0.005,2310,0.0002,23.876746982297114,,0.0015411631087955257,0.40046959999995124,ok,same_stridge_core,Hx;D_x^1.636601 H,0.12500000000000003,1.7386185715750437
0.6734102675846126,1.668762597762299,0.6279450578945542,-1.360110579511857,0;0;-1.36011057951;0.627945057895;0;0;0;-0.381013202877;0.0874941254051;0;0.0360716090641;0,55486.92271642159,0.005,2311,0.0002,56.841633434250895,,0.0009260384192278144,0.4111195000000407,ok,same_stridge_core,Hx;D_x^1.668763 H;H*Hxx;H*Hxxx;H^2*Hxx,0.01,1.354710717829301
0.670976254667738,1.639960775048169,0.6086898068595088,-1.3825423928079954,0;0;-1.38254239281;0.60868980686;0;0;0;-0.377454160453;0.0748371327145;0;0.0352285830312;0,55355.83870679599,0.005,2312,0.0002,56.71615502124833,,0.0009368671234339176,0.3920140000000174,ok,same_stridge_core,Hx;D_x^1.639961 H;H*Hxx;H*Hxxx;H^2*Hxx,0.02,1.3603163144523396
0.6790232994886682,1.6733586227018966,0.5988154502933299,-1.3354778071899778,0;0;-1.33547780719;0.598815450293;0;0;0;-0.349061541352;0.0822018505773;0;0.0333497337941;0,55515.85566239579,0.005,2313,0.0002,56.80825298540434,,0.0008409507811032861,0.40225009999994654,ok,same_stridge_core,Hx;D_x^1.673359 H;H*Hxx;H*Hxxx;H^2*Hxx,0.01,1.2923973230085433
0.6740105027150269,1.6558017034700867,1.2346771863768409,-1.1899822174607548,-0.0598826338515;0.00741478882784;-1.18998221746;1.23467718638;-1.76209210316;0;-0.147787620479;-0.492793725705;-0.0454033454699;0.0121311908451;0.0296830880693;0,55418.05203348598,0.005,2314,0.0002,112.00734419068633,,0.0006935339405140869,0.2763474999999289,ok,same_stridge_core,1;H;Hx;D_x^1.655802 H;Hxxx;H*Hx;H*Hxx;H*Hxxx;H^2*Hx;H^2*Hxx,0.005,1.1712401237143333
0.6741741832379804,1.6950685557108363,0.0,-1.2704759021446341,0;0;-1.27047590214;0;0;0;0;0;0;0;0;0,55690.65889720177,0.005,2315,0.0002,13.583425228668384,,0.0030302116471300107,0.384357300000147,ok,same_stridge_core,Hx,0.07409090909090915,2.4452934492280285
0.6754657209831862,1.6588682156257037,0.2113022635205695,-1.2899763454280035,0;0;-1.28997634543;0.211302263521;0;0;0;0;0;0;0;0,55432.758937929255,0.005,2316,0.0002,23.826360199355282,,0.0013917142793950414,0.274572100000114,ok,same_stridge_core,Hx;D_x^1.658868 H,0.03795187165775401,1.6532566241835813
0.66587099794592,1.6645728712192234,0.19091704183316657,-1.315471890844448,0;0;-1.31547189084;0.190917041833;0;0;0;0;0;0;0;0,55462.68650064933,0.005,2317,0.0002,24.032030734967897,,0.0017361352342131946,0.3859193000000687,ok,same_stridge_core,Hx;D_x^1.664573 H,0.02936994946875121,1.846956134708162
0.7081592578766638,1.326407833973037,0.1674408865137512,-1.2807670956404364,0;0;-1.28076709564;0.167440886514;0;0;0;0;-0.107386508703;0;0;0,55648.07987034296,0.005,2318,0.0002,34.40046326530422,,0.0005160299780030175,0.40293659999997544,ok,same_stridge_core,Hx;D_x^1.326408 H;H*Hxxx,0.025,1.0116153430984431
0.642439128801632,1.9933505254077026,-1.0578256802975432,-1.3864137066794524,0;0;-1.38641370668;-1.0578256803;0;0;0;0.156766748608;-0.0647097801643;0;0;0,66913.84790724696,0.005,2319,0.0002,55.65190159182863,,0.0022663179374975244,0.40945830000009664,ok,same_stridge_core,Hx;D_x^1.993351 H;H*Hxx;H*Hxxx,0.040510489510489495,2.1208232660310626
0.6729974472744236,1.6642351851084358,0.20698041949218973,-1.2959676495093313,0;0;-1.29596764951;0.206980419492;0;0;0;0;0;0;0;0,55460.818318836704,0.005,2320,0.0002,23.88893272464249,,0.001478969173701943,0.3908306000000721,ok,same_stridge_core,Hx;D_x^1.664235 H,0.03455882352941177,1.7046053971078072
0.6726232889294299,1.6630909663947997,0.20590815401374662,-1.2971395787790299,0;0;-1.29713957878;0.205908154014;0;0;0;0;0;0;0;0,55454.58034142044,0.005,2321,0.0002,23.892807149210288,,0.001490137432462305,0.4005700000000161,ok,same_stridge_core,Hx;D_x^1.663091 H,0.05917582417582417,1.7109750126421097
0.674120477415477,1.668706593808279,0.21044298902659184,-1.2923106542268545,0;0;-1.29231065423;0.210442989027;0;0;0;0;0;0;0;0,55486.585693295325,0.005,2322,0.0002,23.881069802602237,,0.0014472416551205285,0.38579170000002705,ok,same_stridge_core,Hx;D_x^1.668707 H,0.05142857142857142,1.686435525284106
0.683056147575096,1.6730221316051717,0.23130457437647678,-1.2674840565601102,0;0;-1.26748405656;0.231304574376;0;0;0;0;0;0;0;0,55513.65058217788,0.005,2323,0.0002,23.731813132753086,,0.0011852957940313954,0.39643980000005286,ok,same_stridge_core,Hx;D_x^1.673022 H,0.025,1.5263528998819356
0.6746220870898081,1.6468891393424214,0.20694232080522304,-1.2938936580424059,0;0;-1.29389365804;0.206942320805;0;0;0;0;0;0;0;0,55380.36506018643,0.005,2324,0.0002,23.811985215776726,,0.001403887923977236,0.2810306999999739,ok,same_stridge_core,Hx;D_x^1.646889 H,0.12500000000000003,1.659839191702155
0.6758790767409293,1.6446128039417867,0.20915051272460156,-1.2908176046557476,0;0;-1.29081760466;0.209150512725;0;0;0;0;0;0;0;0,55371.8697589316,0.005,2325,0.0002,23.78290466664849,,0.0013610374004480025,0.3922397999999703,ok,same_stridge_core,Hx;D_x^1.644613 H,0.03953703703703704,1.6341567630758504
0.6729188002711586,1.6834229871636943,0.0,-1.2741947887716532,0;0;-1.27419478877;0;0;0;0;0;0;0;0;0,55588.54761852051,0.005,2326,0.0002,13.563281430804599,,0.0030296385761633625,0.40426860000002307,ok,same_stridge_core,Hx,0.04461142857142856,2.445571907100495
0.6718840638839796,1.2266886314732282,0.2013159098096712,-1.4726689279001692,0;0;-1.4726689279;0.20131590981;0;0;0;-0.0390823250443;-0.203393415238;0;0;0,55817.268078710134,0.005,2327,0.0002,45.84995302973505,,0.0007343984658825511,0.1490504000000783,ok,same_stridge_core,Hx;D_x^1.226689 H;H*Hxx;H*Hxxx,0.01,1.1961385667669424
0.6771131503385756,1.6726440971016083,0.21803492635883964,-1.2836284351158762,0;0;-1.28362843512;0.218034926359;0;0;0;0;0;0;0;0,55511.19052928036,0.005,2328,0.0002,23.837539685772303,,0.0013568002111043061,0.4013145999999779,ok,same_stridge_core,Hx;D_x^1.672644 H,0.046296296296296294,1.6330634740601593
0.6787524719750414,1.672680440329132,0.0,-1.2569810186766068,0;0;-1.25698101868;0;0;0;0;0;0;0;0;0,55511.42602995303,0.005,2329,0.0002,13.5513125104326,,0.003044395573183853,0.38855199999989054,ok,same_stridge_core,Hx,0.06499999999999999,2.449027304441995
0.6780912156666881,1.6495274495621959,0.21492150289426976,-1.2841791281457686,0;0;-1.28417912815;0.214921502894;0;0;0;0;0;0;0;0,55390.7699860273,0.005,2330,0.0002,23.753138718274133,,0.0012992087348110736,0.3866167000001042,ok,same_stridge_core,Hx;D_x^1.649527 H,0.025,1.5968307238632151
0.6754777121356117,1.648548090856182,0.5913494428994811,-1.3599256954652477,0;0;-1.35992569547;0.591349442899;0;0;0;-0.355362972426;0.0741185625505;0;0.0334776159826;0,55386.83632485997,0.005,2331,0.0002,56.70125792170981,,0.0008726762228241894,0.29619400000001406,ok,same_stridge_core,Hx;D_x^1.648548 H;H*Hxx;H*Hxxx;H^2*Hxx,0.01668831168831168,1.314421596849842
0.6756635558924963,1.6635715423673454,0.21276310514203636,-1.2888006162955041,0;0;-1.2888006163;0.212763105142;0;0;0;0;0;0;0;0,55457.183100959504,0.005,2332,0.0002,23.836057431688722,,0.0013911869075724974,0.39826380000022255,ok,same_stridge_core,Hx;D_x^1.663572 H,0.03980709876543209,1.6531841913049203
0.6744075966194993,1.7075293130249876,0.096948366556105,-1.2687083366509424,0;0;-1.26870833665;0.0969483665561;0;0;0;0.0261264200882;0;0;0;0,55824.77520548262,0.005,2333,0.0002,35.19371451496575,,0.0014686521711915338,0.1338448999999855,ok,same_stridge_core,Hx;D_x^1.707529 H;H*Hxx,0.030000000000000002,1.6988493916761729
0.6726251443268234,1.6336256856470763,0.20006663667658722,-1.3010931200392266,0;0;-1.30109312004;0.200066636677;0;0;0;0;0;0;0;0,55336.71054596131,0.005,2334,0.0002,23.822430849685052,,0.0014527188905221647,0.3886012999998911,ok,same_stridge_core,Hx;D_x^1.633626 H,0.034327037196645024,1.687746631300526
0.6775443666278362,1.6375041465347853,0.21114189439203285,-1.287341932914067,0;0;-1.28734193291;0.211141894392;0;0;0;0;0;0;0;0,55348.06322111379,0.005,2335,0.0002,23.73645428595213,,0.0013009477096694046,0.39685229999986404,ok,same_stridge_core,Hx;D_x^1.637504 H,0.035,1.5972289975066123
0.6812135026231418,1.6635818974252374,0.0,-1.249770616247459,0;0;-1.24977061625;0;0;0;0;0;0;0;0;0,55457.23935284338,0.005,2336,0.0002,13.545460802021912,,0.0030596267476442687,0.39019280000002254,ok,same_stridge_core,Hx,0.10500000000000004,2.4540129314532355
0.6718997244539182,1.6659482455125145,0.6340785110190638,-1.367531999015158,0;0;-1.36753199902;0.634078511019;0;0;0;-0.388747565646;0.0880702017289;0;0.0366962895883;0,55470.42505459582,0.005,2337,0.0002,56.84122629153106,,0.00094886897391465,0.3973558000000139,ok,same_stridge_core,Hx;D_x^1.665948 H;H*Hxx;H*Hxxx;H^2*Hxx,0.0163109243697479,1.3708012369352358
0.714442910764771,1.3336924585473566,0.14733246158553073,-1.2441668563098214,0;0;-1.24416685631;0.147332461586;-0.525934197008;0;0;0.0130353171816;0;0;0;0,55634.908425229405,0.005,2338,0.0002,45.501313674656224,,0.0005012589935310621,0.3969802999999956,ok,same_stridge_core,Hx;D_x^1.333692 H;Hxxx;H*Hxx,0.01945230559883303,0.9933869344726959
0.67433599826391,1.6497478553827203,0.20691706797721687,-1.2942767183689605,0;0;-1.29427671837;0.206917067977;0;0;0;0;0;0;0;0,55391.66699278037,0.005,2339,0.0002,23.82424382129952,,0.0014167289362897475,0.3849475999998049,ok,same_stridge_core,Hx;D_x^1.649748 H,0.030000000000000002,1.667577024187371
0.6776247363141509,1.6770225116838227,0.6114691670636732,-1.3395993348288497,0;0;-1.33959933483;0.611469167064;0;0;0;-0.359775409595;0.0858438424423;0;0.0343528781955;0,55540.78005243009,0.005,2340,0.0002,56.851952358774085,,0.0008656913785563363,0.1525017999999818,ok,same_stridge_core,Hx;D_x^1.677023 H;H*Hxx;H*Hxxx;H^2*Hxx,0.01,1.31117230634399
0.6749997770782031,1.6722553075248239,0.2131972471164798,-1.2894383817926207,0;0;-1.28943838179;0.213197247116;0;0;0;0;0;0;0;0,55508.67841137616,0.005,2341,0.0002,23.875878391928726,,0.001422977598673182,0.2845724999999675,ok,same_stridge_core,Hx;D_x^1.672255 H,0.030069444444444444,1.6724070273782599
0.6755791399488781,1.65371118941839,0.210439504663409,-1.2903732671853392,0;0;-1.29037326719;0.210439504663;0;0;0;0;0;0;0;0,55408.55238324752,0.005,2342,0.0002,23.810483248762562,,0.0013817654200762026,0.3954490999999507,ok,same_stridge_core,Hx;D_x^1.653711 H,0.03447368421052633,1.6470622954635536
0.6699703999689502,1.6357861516007481,0.19485149732283558,-1.3079703581709672,0;0;-1.30797035817;0.194851497323;0;0;0;0;0;0;0;0,55342.89765887346,0.005,2343,0.0002,23.879048914544907,,0.0015470418708219,0.39428589999988617,ok,same_stridge_core,Hx;D_x^1.635786 H,0.08312500000000002,1.7418898509955238
0.6756833348561007,1.6716887502521023,0.21460956024509598,-1.2876504115486023,0;0;-1.28765041155;0.214609560245;0;0;0;0;0;0;0;0,55505.050557685114,0.005,2344,0.0002,23.861083993078797,,0.0014004143702713778,0.4163434999998117,ok,same_stridge_core,Hx;D_x^1.671689 H,0.03211616161616161,1.659063770004748
0.6735324282771693,1.6533611577077516,0.2059166298384238,-1.2959642912544207,0;0;-1.29596429125;0.205916629838;0;0;0;0;0;0;0;0,55407.00258245316,0.005,2345,0.0002,23.848657431102087,,0.0014475944403638387,0.39641950000009274,ok,same_stridge_core,Hx;D_x^1.653361 H,0.030000000000000002,1.685856398120819
0.678740810215944,1.6398774734630288,0.21414945846481204,-1.283802265284453,0;0;-1.28380226528;0.214149458465;0;0;0;0;0;0;0;0,55355.56750238592,0.005,2346,0.0002,23.719317989563805,,0.0012681816243783103,0.392920199999935,ok,same_stridge_core,Hx;D_x^1.639877 H,0.035,1.5770909886094344
0.6625067657549345,1.6394388824821542,0.6107531024400839,-1.4063174052354692,0;0;-1.40631740524;0.61075310244;0.610989467906;0;0;-0.391647493946;-0.0151148716283;0;0.0362566839154;0,55354.14786819122,0.005,2347,0.0002,67.8796824614147,,0.001081866056677623,0.4008064999998169,ok,same_stridge_core,Hx;D_x^1.639439 H;Hxxx;H*Hxx;H*Hxxx;H^2*Hxx,0.024523809523809545,1.4547050195852371
0.6765475391353579,1.672188778079383,0.0,-1.2634670173434344,0;0;-1.26346701734;0;0;0;0;0;0;0;0;0,55508.250205003984,0.005,2348,0.0002,13.547961495038415,,0.0030352264130251503,0.37776030000009087,ok,same_stridge_core,Hx,0.061833333333333323,2.4463114540376187
0.6809803940278795,1.6667991566752753,0.22519348289383337,-1.2739651585415597,0;0;-1.27396515854;0.225193482894;0;0;0;0;0;0;0;0,55475.31835514583,0.005,2349,0.0002,23.748230195824895,,0.0012355903824236541,0.42183490000002166,ok,same_stridge_core,Hx;D_x^1.666799 H,0.050902597402597394,1.558102853766563
0.6749884598092313,1.653763145669938,0.20916920061964006,-1.2919643532036809,0;0;-1.2919643532;0.20916920062;0;0;0;0;0;0;0;0,55408.783449397626,0.005,2350,0.0002,23.821813032599742,,0.001400662804182101,0.4041543000000729,ok,same_stridge_core,Hx;D_x^1.653763 H,0.02963118580765638,1.6582996528406884
0.6737504785732494,1.6632946130014683,0.6194922317160614,-1.3610405683232414,0;0;-1.36104056832;0.619492231716;0;0;0;-0.375526802367;0.0842185226984;0;0.0354925449248;0,55455.67998828112,0.005,2351,0.0002,56.80184983722338,,0.0009147291161492921,0.39511860000015986,ok,same_stridge_core,Hx;D_x^1.663295 H;H*Hxx;H*Hxxx;H^2*Hxx,0.01,1.3461698489422624
0.677323990663446,1.6473950718197234,0.21281850725772342,-1.2865414662316703,0;0;-1.28654146623;0.212818507258;0;0;0;0;0;0;0;0,55382.313200897246,0.005,2352,0.0002,23.76225085799336,,0.0013197888973594054,0.3997163999999884,ok,same_stridge_core,Hx;D_x^1.647395 H,0.025575657894736835,1.6093255776344628
0.6864190072577452,1.685113554849735,1.0275587192333109,-1.1044393277322824,-0.0136350709532;0;-1.10443932773;1.02755871923;0;0;-0.117227313068;-0.401562745386;-0.195984326227;0.008915488104;0.0252888344615;0,55602.11024673339,0.005,2353,0.0002,90.08143946118274,,0.0006316337679002421,0.1280156000000261,ok,same_stridge_core,1;Hx;D_x^1.685114 H;H*Hx;H*Hxx;H*Hxxx;H^2*Hx;H^2*Hxx,0.005,1.1180630664092976
0.6746220870898081,1.6503181909771076,0.2076530174343144,-1.293425225440105,0;0;-1.29342522544;0.207653017434;0;0;0;0;0;0;0;0,55394.00822357894,0.005,2354,0.0002,23.82016306760727,,0.00140817355267634,0.27380950000019766,ok,same_stridge_core,Hx;D_x^1.650318 H,0.039458333333333324,1.6625597781756953
0.6795735635509156,1.6237692766974516,0.5365661261792695,-1.3518868314983847,0;0;-1.3518868315;0.536566126179;0;0;0;-0.313714050888;0.0554904202175;0;0.0294815554639;0,55312.582337351356,0.005,2355,0.0002,56.56488992865301,,0.0007925411888414307,0.39331670000001395,ok,same_stridge_core,Hx;D_x^1.623769 H;H*Hxx;H*Hxxx;H^2*Hxx,0.012932900432900428,1.2523075913016513
0.6725936655893047,1.6520438239612116,0.20360181823086151,-1.298688646323404,0;0;-1.29868864632;0.203601818231;0;0;0;0;0;0;0;0,55401.27254342518,0.005,2356,0.0002,23.863510521164034,,0.0014772826388925755,0.28775450000011915,ok,same_stridge_core,Hx;D_x^1.652044 H,0.12500000000000003,1.7030015037939625
0.6776903014147652,1.648157424542705,0.5773806514904889,-1.3508249119478621,0;0;-1.35082491195;0.57738065149;0;0;0;-0.341544806302;0.0711451321092;0;0.0322751213917;0,55385.29054776151,0.005,2357,0.0002,56.6744706709979,,0.0008388561573990013,0.41337990000010905,ok,same_stridge_core,Hx;D_x^1.648157 H;H*Hxx;H*Hxxx;H^2*Hxx,0.01,1.289180123236385
0.6256961139087224,1.0924204884905364,0.21511813751560732,-1.7459279153162386,0;0;-1.74592791532;0.215118137516;0;0;0;-0.086872589009;-0.385267174451;0;0;0,56007.948131464174,0.005,2358,0.0002,46.45253562148021,,0.0013925705864871447,0.38099899999997433,ok,same_stridge_core,Hx;D_x^1.09242 H;H*Hxx;H*Hxxx,0.015,1.6461771163088734
0.680029154187456,1.6775332461493175,0.2257359713265043,-1.275034368162573,0;0;-1.27503436816;0.225735971327;0;0;0;0;0;0;0;0,55544.390468241945,0.005,2359,0.0002,23.801246894153213,,0.0012753220884563024,0.39765060000013364,ok,same_stridge_core,Hx;D_x^1.677533 H,0.034326771202653567,1.5834907068564352
0.6757789738742983,1.6204093579324952,0.2039905457815049,-1.294484240722429,0;0;-1.29448424072;0.203990545782;0;0;0;0;0;0;0;0,55305.78828082752,0.005,2360,0.0002,23.738547098700955,,0.0013337135369482138,0.38781029999995553,ok,same_stridge_core,Hx;D_x^1.620409 H,0.04050915237026347,1.6162317863699478
0.6748367696352685,1.6396388231594896,0.20591230830656218,-1.2943120367863008,0;0;-1.29431203679;0.205912308307;0;0;0;0;0;0;0;0,55354.79320964057,0.005,2361,0.0002,23.791849914144546,,0.0013878771552545144,0.3997240999999576,ok,same_stridge_core,Hx;D_x^1.639639 H,0.045,1.649932630288316
0.6768736857838926,1.6556259748935687,0.2136601698437282,-1.286610958874833,0;0;-1.28661095887;0.213660169844;0;0;0;0;0;0;0;0,55417.237157011215,0.005,2362,0.0002,23.791159636081332,,0.0013436460654840563,0.4023273000000245,ok,same_stridge_core,Hx;D_x^1.655626 H,0.030000000000000002,1.6242647732768472
0.6673303662385085,1.661564750594025,0.19370790730620216,-1.31182941655989,0;0;-1.31182941656;0.193707907306;0;0;0;0;0;0;0;0,55446.478023523276,0.005,2363,0.0002,23.993524469706873,,0.0016767577333110073,0.39611059999992904,ok,same_stridge_core,Hx;D_x^1.661565 H,0.04441176470588234,1.8149332602975623
0.6718522989932177,1.293226732887742,0.2336030911965349,-1.4574926915528046,0;0;-1.45749269155;0.233603091197;0;0;0;-0.111884281348;-0.146589957977;0;0.00844737842587;0,55706.81034219463,0.005,2364,0.0002,56.8985186053674,,0.0007258936067240537,0.27994200000011915,ok,same_stridge_core,Hx;D_x^1.293227 H;H*Hxx;H*Hxxx;H^2*Hxx,0.01,1.191708263172774
0.6750188029101223,1.6637407274736662,0.21137309575490854,-1.2905295184843633,0;0;-1.29052951848;0.211373095755;0;0;0;0;0;0;0;0,55458.10513506364,0.005,2365,0.0002,23.84875240248446,,0.0014119836667645502,0.39174990000014986,ok,same_stridge_core,Hx;D_x^1.663741 H,0.04,1.665510348459005
0.67477231748444,1.6579450231233253,0.6068918878008743,-1.3590499167016055,0;0;-1.3590499167;0.606891887801;0;0;0;-0.365808260659;0.0800676932184;0;0.0345496361519;0,55428.23285700077,0.005,2366,0.0002,56.75805179326795,,0.0008927473517197638,0.2858043000001089,ok,same_stridge_core,Hx;D_x^1.657945 H;H*Hxx;H*Hxxx;H^2*Hxx,0.024523809523809545,1.329818936267188
0.6725771770083542,1.6598918180518953,0.0,-1.275208179571736,0;0;-1.27520817957;0;0;0;0;0;0;0;0;0,55437.87831245319,0.005,2367,0.0002,13.533322596044831,,0.00302973537638049,0.3945260000000417,ok,same_stridge_core,Hx,0.11500000000000005,2.445746933554192
0.675124242934985,1.675689865922376,0.6252648913680492,-1.3501971290500325,0;0;-1.35019712905;0.625264891368;0;0;0;-0.374459803936;0.0886194150675;0;0.035621355654;0,55531.51758488485,0.005,2368,0.0002,56.87117407185962,,0.0009045341511774882,0.40277930000002016,ok,same_stridge_core,Hx;D_x^1.67569 H;H*Hxx;H*Hxxx;H^2*Hxx,0.02060846560846562,1.339656486974769
0.6766624364852678,1.6660425687557323,0.6047731606931763,-1.3479661106774279,0;0;-1.34796611068;0.604773160693;0;0;0;-0.35917742046;0.0817680145873;0;0.0341127681088;0,55470.96352509802,0.005,2369,0.0002,56.78499507965032,,0.0008705307402486178,0.2989107000000786,ok,same_stridge_core,Hx;D_x^1.666043 H;H*Hxx;H*Hxxx;H^2*Hxx,0.01,1.3140315545523036
0.6717185949330113,1.6448571868210813,0.2002924245386622,-1.302023802121437,0;0;-1.30202380212;0.200292424539;0;0;0;0;0;0;0;0,55372.76089892088,0.005,2370,0.0002,23.863560468628027,,0.0014978812086186232,0.3925847000000431,ok,same_stridge_core,Hx;D_x^1.644857 H,0.030000000000000002,1.7144561090596706
0.6749997770782031,1.6422847476616893,0.2067989735520011,-1.2935077457176727,0;0;-1.29350774572;0.206798973552;0;0;0;0;0;0;0;0,55363.62861182325,0.005,2371,0.0002,23.794406926862575,,0.0013859861643117021,0.2730200999999397,ok,same_stridge_core,Hx;D_x^1.642285 H,0.12500000000000003,1.6489554821332697
0.669602290400005,1.6582100241557385,0.19819856418955686,-1.3060288488195557,0;0;-1.30602884882;0.19819856419;0;0;0;0;0;0;0;0,55429.523338639425,0.005,2372,0.0002,23.938490706953644,,0.0015891416700417168,0.3943726999998489,ok,same_stridge_core,Hx;D_x^1.65821 H,0.030000000000000002,1.7666813714978753
0.6524136833797884,1.9149304431324468,0.0,-1.3360803421713836,0;0;-1.33608034217;0;0;0;0;0;0;0;0;0,65236.71640835396,0.005,2373,0.0002,15.583150191433054,,0.0032427086227244054,0.395988700000089,ok,same_stridge_core,Hx,0.09000000000000001,2.5358069097622615
0.6789850722062525,1.6821165263047422,0.22451340252089996,-1.2772403212978938,0;0;-1.2772403213;0.224513402521;0;0;0;0;0;0;0;0,55578.34357788309,0.005,2374,0.0002,23.83723169100754,,0.001311308516551284,0.14525299999991148,ok,same_stridge_core,Hx;D_x^1.682117 H,0.030000000000000002,1.605894259854301
0.6729865259224648,1.6494179731853897,0.20393058054544716,-1.2979752630839705,0;0;-1.29797526308;0.203930580545;0;0;0;0;0;0;0;0,55390.32608340972,0.005,2375,0.0002,23.84944422204943,,0.0014607811907829211,0.3844771999999921,ok,same_stridge_core,Hx;D_x^1.649418 H,0.029370775375677335,1.6933137886855438
0.6975573978512286,1.3816904786249882,0.17362885975140444,-1.2920114331975263,0;0;-1.2920114332;0.173628859751;0;0;0;0;-0.0775706775754;0;0;0,55546.29956187963,0.005,2376,0.0002,34.407884354186365,,0.0005953736029754357,0.3930046000000402,ok,same_stridge_core,Hx;D_x^1.38169 H;H*Hxxx,0.009497829248976245,1.0801046170585884
0.6836603156269121,1.6721604150370635,0.23240432853139265,-1.265980264077868,0;0;-1.26598026408;0.232404328531;0;0;0;0;0;0;0;0,55508.06768954099,0.005,2377,0.0002,23.71841360479731,,0.0011680862981436428,0.4004681999999775,ok,same_stridge_core,Hx;D_x^1.67216 H,0.029370724591312826,1.5151865289809132
0.6524421563051777,1.9316289191250775,0.0,-1.3359929023107362,0;0;-1.33599290231;0;0;0;0;0;0;0;0;0,66062.02305165186,0.005,2378,0.0002,15.747969796253487,,0.003242099030843358,0.39437210000005507,ok,same_stridge_core,Hx,0.08800000000000002,2.535565185923114
0.6759611188717689,1.6705326945368033,0.6142525411011941,-1.3489731569134114,0;0;-1.34897315691;0.614252541101;0;0;0;-0.366224177734;0.0849494689353;0;0.0348075007324;0,55497.767498723,0.005,2379,0.0002,56.82343057710501,,0.0008858817805579906,0.3960732000000462,ok,same_stridge_core,Hx;D_x^1.670533 H;H*Hxx;H*Hxxx;H^2*Hxx,0.019545454545454536,1.3256630783820103
0.6801648188401774,1.658588538512692,0.22144513356975745,-1.2773236506192283,0;0;-1.27732365062;0.22144513357;0;0;0;0;0;0;0;0,55431.37877828737,0.005,2380,0.0002,23.73880558267066,,0.001249213652742276,0.3896932000000106,ok,same_stridge_core,Hx;D_x^1.658589 H,0.025,1.56625407135571
0.6738377890418294,1.648548565264391,0.20559579097957484,-1.2957875510478265,0;0;-1.29578755105;0.20559579098;0;0;0;0;0;0;0;0,55386.83809060888,0.005,2381,0.0002,23.830923781737514,,0.0014314942054968827,0.28711939999993774,ok,same_stridge_core,Hx;D_x^1.648549 H,0.04018973214285715,1.676188545493961
0.675011450851985,1.6610044406111493,0.6090251587258844,-1.3567994251416613,0;0;-1.35679942514;0.609025158726;0;0;0;-0.366260767857;0.0813630569683;0;0.0346432638635;0,55443.56532325612,0.005,2382,0.0002,56.77296968869409,,0.0008918863380941779,0.39702729999999065,ok,same_stridge_core,Hx;D_x^1.661004 H;H*Hxx;H*Hxxx;H^2*Hxx,0.011779560308972072,1.3294043654379673
0.6783321432389013,1.6650625108572081,0.21897971312643255,-1.2813622908796338,0;0;-1.28136229088;0.218979713126;0;0;0;0;0;0;0;0,55465.41730364371,0.005,2383,0.0002,23.79085382098244,,0.0013106830484296472,0.3981868000000759,ok,same_stridge_core,Hx;D_x^1.665063 H,0.025,1.6046868995249577
0.674582889220352,1.6574483416305608,0.20906416997740862,-1.292563118005341,0;0;-1.29256311801;0.209064169977;0;0;0;0;0;0;0;0,55425.832997550235,0.005,2384,0.0002,23.839244944045348,,0.0014183019156198842,0.37947650000000976,ok,same_stridge_core,Hx;D_x^1.657448 H,0.03516489073743973,1.668911745025252
0.6745222422629027,1.643607842419998,0.20605508895166436,-1.294612834485917,0;0;-1.29461283449;0.206055088952;0;0;0;0;0;0;0;0,55368.25755479593,0.005,2385,0.0002,23.806432207146454,,0.0014029941074006483,0.391454000000067,ok,same_stridge_core,Hx;D_x^1.643608 H,0.03962006172839505,1.6591291852280827
0.6731785175075022,1.6389934231030459,0.2022748536288853,-1.298868680101182,0;0;-1.2988686801;0.202274853629;0;0;0;0;0;0;0;0,55352.72145634682,0.005,2386,0.0002,23.822396368898918,,0.0014411477885843639,0.39091869999992923,ok,same_stridge_core,Hx;D_x^1.638993 H,0.04441176470588234,1.6813077863601913
0.6737850661238431,1.6534740402048576,0.60766781507763,-1.365006508121354,0;0;-1.36500650812;0.607667815078;0;0;0;-0.36905334576;0.078943159132;0;0.0347516481778;0,55407.5012022915,0.005,2387,0.0002,56.74540495253401,,0.000904286531566854,0.39156439999987924,ok,same_stridge_core,Hx;D_x^1.653474 H;H*Hxx;H*Hxxx;H^2*Hxx,0.01,1.3379037502425066
0.6774534458882212,1.6509026049998448,0.2138651117338154,-1.2857030178208935,0;0;-1.28570301782;0.213865111734;0;0;0;0;0;0;0;0,55396.43805733685,0.005,2388,0.0002,23.768302498183612,,0.0013201347620084396,0.4079372000001058,ok,same_stridge_core,Hx;D_x^1.650903 H,0.025,1.6097272752488712
0.6764954974858381,1.672680440329132,0.21665822616484567,-1.2853043784947167,0;0;-1.28530437849;0.216658226165;0;0;0;0;0;0;0;0,55511.42602995303,0.005,2389,0.0002,23.849163195635626,,0.0013760173740015157,0.14651969999999892,ok,same_stridge_core,Hx;D_x^1.67268 H,0.039361723495982756,1.6445927836544134
0.6709373992858099,1.6458302963222653,0.19878921285926318,-1.3040130622002282,0;0;-1.3040130622;0.198789212859;0;0;0;0;0;0;0;0,55376.358701356025,0.005,2390,0.0002,23.88115241541315,,0.0015261112437171345,0.41860540000016044,ok,same_stridge_core,Hx;D_x^1.64583 H,0.030000000000000002,1.7306089348707399
0.6712745863867113,1.6518785803377625,0.6213356899575224,-1.3762189467749053,0;0;-1.37621894677;0.621335689958;0;0;0;-0.383662928126;0.0812781581937;0;0.0359896262647;0,55400.56512997764,0.005,2391,0.0002,56.76718612829638,,0.0009444684087658577,0.4165338000000247,ok,same_stridge_core,Hx;D_x^1.651879 H;H*Hxx;H*Hxxx;H^2*Hxx,0.015,1.366620998318747
0.67191387729276,1.6438522132449245,0.2005193509671458,-1.3016294052461654,0;0;-1.30162940525;0.200519350967;0;0;0;0;0;0;0;0,55369.12835627375,0.005,2392,0.0002,23.85748308956673,,0.001489917852510277,0.38472589999992124,ok,same_stridge_core,Hx;D_x^1.643852 H,0.03516489073743973,1.7098317470572313
0.6755184204404853,1.66795649115585,0.21340827537463095,-1.2886021456230694,0;0;-1.28860214562;0.213408275375;0;0;0;0;0;0;0;0,55482.10503774664,0.005,2393,0.0002,23.85215144683414,,0.0014011384642992316,0.4118847999998252,ok,same_stridge_core,Hx;D_x^1.667956 H,0.035,1.659309431735483
0.6745137471085743,1.650894827345048,0.20753885567615654,-1.2936397247627394,0;0;-1.29363972476;0.207538855676;0;0;0;0;0;0;0;0,55396.40556986839,0.005,2394,0.0002,23.823646678877893,,0.0014123967293811442,0.40569479999999203,ok,same_stridge_core,Hx;D_x^1.650895 H,0.03448529411764706,1.6650844509305345
0.6769182419853059,1.6564009947183587,0.21392812760854696,-1.2863835199228586,0;0;-1.28638351992;0.213928127609;0;0;0;0;0;0;0;0,55420.85289951003,0.005,2395,0.0002,23.79238696710385,,0.0013432166712234659,0.4155456000000868,ok,same_stridge_core,Hx;D_x^1.656401 H,0.025,1.6240458072998394
0.6762144880325631,1.6602866984926996,0.0,-1.2644488483062257,0;0;-1.26444884831;0;0;0;0;0;0;0;0;0,55439.882165471885,0.005,2396,0.0002,13.534024712857196,,0.003034216308216373,0.15942089999998643,ok,same_stridge_core,Hx,0.11166666666666669,2.446048279762818
0.6768851397263729,1.6559136123135383,0.21374853329181992,-1.2865402753223483,0;0;-1.28654027532;0.213748533292;0;0;0;0;0;0;0;0,55418.57241592935,0.005,2397,0.0002,23.791707267013784,,0.001343643497308664,0.4101709999999912,ok,same_stridge_core,Hx;D_x^1.655914 H,0.025,1.6242783006420445
0.6754082661982627,1.6683858708635915,0.21325739545459393,-1.288844106145236,0;0;-1.28884410615;0.213257395455;0;0;0;0;0;0;0;0,55484.66186200263,0.005,2398,0.0002,23.85558378413541,,0.0014051731893663186,0.3898039000000608,ok,same_stridge_core,Hx;D_x^1.668386 H,0.03952884615384613,1.6617190393343564
0.6735340000492708,1.6371842915740356,0.20267115996970037,-1.2981578130156075,0;0;-1.29815781302;0.20267115997;0;0;0;0;0;0;0;0,55347.084813429545,0.005,2399,0.0002,23.811805485602715,,0.0014270880467463396,0.397363999999925,ok,same_stridge_core,Hx;D_x^1.637184 H,0.07550000000000001,1.6729715602308965
0.6770894005948412,1.66604864814095,0.6021696775980588,-1.346224360197404,0;0;-1.3462243602;0.602169677598;0;0;0;-0.356551344583;0.0812049702315;0;0.0338832674449;0,55470.9981588372,0.005,2400,0.0002,56.78010394099097,,0.0008638940717646528,0.3802256000001307,ok,same_stridge_core,Hx;D_x^1.666049 H;H*Hxx;H*Hxxx;H^2*Hxx,0.015478115114358502,1.309105782153767
0.7072520812581836,1.3269343013799855,0.18427146245136275,-1.2654111537095394,0;0;-1.26541115371;0.184271462451;0;0;0;0;0;0;0;0,55647.13110035922,0.005,2401,0.0002,23.350637419879224,,0.0006312973580377553,0.3908742999999504,ok,same_stridge_core,Hx;D_x^1.326934 H,0.06590909090909092,1.0917849797355355
0.6684006123728388,1.688038567573509,0.6806184504998687,-1.3717444762572275,0;0;-1.37174447626;0.6806184505;0;0;0;-0.423716729837;0.10397388788;0;0.0402014812629;0,55626.55602710323,0.005,2402,0.0002,57.061469281755905,,0.0010387872043418776,0.14026140000009946,ok,same_stridge_core,Hx;D_x^1.688039 H;H*Hxx;H*Hxxx;H^2*Hxx,0.01515797068428647,1.4349132546526728
0.6778181272544728,1.6534459564049517,0.2152126571352495,-1.284365633693289,0;0;-1.28436563369;0.215212657135;0;0;0;0;0;0;0;0,55407.37694162194,0.005,2403,0.0002,23.767950420108818,,0.0013121767961432503,0.38780980000001364,ok,same_stridge_core,Hx;D_x^1.653446 H,0.03962006172839505,1.6049996434600455
0.6450706052450774,1.9810564623355131,-0.9780939018415944,-1.373097946251979,0;0;-1.37309794625;-0.978093901842;0;0;0;0.151190921119;-0.066286951716;0;0;0,67005.49359720784,0.005,2404,0.0002,55.68999880898188,,0.00219156002797701,0.3722777999998925,ok,same_stridge_core,Hx;D_x^1.981056 H;H*Hxx;H*Hxxx,0.03434769858560708,2.08560393121561
0.6803729195051611,1.6557725908729357,0.22122541816855368,-1.2771635797742251,0;0;-1.27716357977;0.221225418169;0;0;0;0;0;0;0;0,55417.91676957433,0.005,2405,0.0002,23.727435775725073,,0.0012399263695384158,0.41075019999993856,ok,same_stridge_core,Hx;D_x^1.655773 H,0.030000000000000002,1.56026906789534
0.6754657209831862,1.6670181777938575,0.21308329453601757,-1.2888720896743917,0;0;-1.28887208967;0.213083294536;0;0;0;0;0;0;0;0,55476.59100525112,0.005,2406,0.0002,23.850218024050807,,0.001401676897476434,0.28805770000008124,ok,same_stridge_core,Hx;D_x^1.667018 H,0.045571428571428534,1.6595816219503585
0.6755546337573286,1.6407602620933044,0.581468209792601,-1.3626896560087987,0;0;-1.36268965601;0.581468209793;0;0;0;-0.34969099041;0.0697222683984;0;0.0328518050953;0,55358.47013251431,0.005,2407,0.0002,56.666175289418874,,0.0008643215943325075,0.3846275999999307,ok,same_stridge_core,Hx;D_x^1.64076 H;H*Hxx;H*Hxxx;H^2*Hxx,0.01176767676767677,1.30770515690456
0.6788679864800754,1.6624592643435014,0.0,-1.2566418977240104,0;0;-1.25664189772;0;0;0;0;0;0;0;0;0,55451.1967404017,0.005,2408,0.0002,13.539455058413122,,0.0030449934555571746,0.27887449999980163,ok,same_stridge_core,Hx,0.10833333333333336,2.449215710332781
0.6729195312060727,1.6406277601121833,0.2020449083133603,-1.2993451783438776,0;0;-1.29934517834;0.202044908313;0;0;0;0;0;0;0;0,55358.0306120136,0.005,2409,0.0002,23.830855500302537,,0.0014518550938936632,0.38576400000010835,ok,same_stridge_core,Hx;D_x^1.640628 H,0.05142857142857142,1.687643255497098
0.6751031951942112,1.6608030331865553,0.6082237780312609,-1.3565042933090659,0;0;-1.35650429331;0.608223778031;0;0;0;-0.365566022669;0.0811378432335;0;0.0345791428098;0,55442.526393043336,0.005,2410,0.0002,56.77069734878639,,0.0008902199849922545,0.3879957999999988,ok,same_stridge_core,Hx;D_x^1.660803 H;H*Hxx;H*Hxxx;H^2*Hxx,0.011498316498316502,1.3281709557430563
0.6735037457284723,1.6258133182791046,0.20039973743280629,-1.2998079476696427,0;0;-1.29980794767;0.200399737433;0;0;0;0;0;0;0;0,55317.058514488046,0.005,2411,0.0002,23.791123767342153,,0.0014134840430378086,0.37702409999997144,ok,same_stridge_core,Hx;D_x^1.625813 H,0.03927755535176168,1.6643003615469343
0.6784535212451136,1.6497870632441918,0.21575082419981198,-1.2831685534804973,0;0;-1.28316855348;0.2157508242;0;0;0;0;0;0;0;0,55391.82699286752,0.005,2412,0.0002,23.747101995490365,,0.0012887074856602447,0.3902904999999919,ok,same_stridge_core,Hx;D_x^1.649787 H,0.11500000000000003,1.5903711983433564
0.6670239717587966,1.685113554849735,0.0,-1.2781168081425585,0;0;-1.27811680814;0;0;0;0;0.042331265573;0;0;0;0,55602.11024673339,0.005,2413,0.0002,24.087559457420017,,0.0017366234985808791,0.13152660000014293,ok,same_stridge_core,Hx;H*Hxx,0.03152777777777776,1.8467153587266598
0.6760683976660062,1.655508473633894,0.5960432376496339,-1.3546706001343694,0;0;-1.35467060013;0.59604323765;0;0;0;-0.35624672903;0.0771063775834;0;0.0336754397193;0,55416.694085751355,0.005,2414,0.0002,56.72960342567297,,0.00086998254404014,0.3933187000000089,ok,same_stridge_core,Hx;D_x^1.655508 H;H*Hxx;H*Hxxx;H^2*Hxx,0.01,1.3129093399216187
0.6765604717347447,1.6533256315934333,0.5904377084087885,-1.3535018974872113,0;0;-1.35350189749;0.590437708409;0;0;0;-0.351817875221;0.0753216705322;0;0.0332531661702;0,55406.84595928979,0.005,2415,0.0002,56.71249644975379,,0.0008604002712797818,0.41183619999992516,ok,same_stridge_core,Hx;D_x^1.653326 H;H*Hxx;H*Hxxx;H^2*Hxx,0.01,1.3056504904639963
0.6777329976875055,1.6683281723114265,0.21841625473235504,-1.2825349328269668,0;0;-1.28253493283;0.218416254732;0;0;0;0;0;0;0;0,55484.31736666473,0.005,2416,0.0002,23.81198537822699,,0.001332665954885122,0.3931585999998788,ok,same_stridge_core,Hx;D_x^1.668328 H,0.04,1.6182584315610973
0.6764647769107975,1.642847880576622,0.21001801976780426,-1.2894873044044424,0;0;-1.2894873044;0.210018019768;0;0;0;0;0;0;0;0,55365.581442834104,0.005,2417,0.0002,23.767948383730488,,0.0013405806309834476,0.39121769999997014,ok,same_stridge_core,Hx;D_x^1.642848 H,0.030000000000000002,1.6217158065968456
0.6781892173586485,1.653409846805994,0.21600134006705657,-1.28337098284346,0;0;-1.28337098284;0.216001340067;0;0;0;0;0;0;0;0,55407.21752348178,0.005,2418,0.0002,23.761012573418324,,0.0013009747656799985,0.3979953000000478,ok,same_stridge_core,Hx;D_x^1.65341 H,0.025,1.598125564025611
0.6780867955042067,1.6418287410800785,0.2132116615458444,-1.285276497857214,0;0;-1.28527649786;0.213211661546;0;0;0;0;0;0;0;0,55362.06614299105,0.005,2419,0.0002,23.73553268301037,,0.0012899617185391373,0.4043933000000379,ok,same_stridge_core,Hx;D_x^1.641829 H,0.030000000000000002,1.5907062258139495
0.6790099789101279,1.6660931206367784,0.22070962085657264,-1.2793855063381123,0;0;-1.27938550634;0.220709620857;0;0;0;0;0;0;0;0,55471.25245017392,0.005,2420,0.0002,23.78159357324101,,0.0012917371573435716,0.27425990000006095,ok,same_stridge_core,Hx;D_x^1.666093 H,0.03152777777777776,1.5930925931714455
0.6754777121356117,1.638580071389874,0.207045390242643,-1.292735059138196,0;0;-1.29273505914;0.207045390243;0;0;0;0;0;0;0;0,55351.41148063351,0.005,2421,0.0002,23.777450721877273,,0.0013661465433178735,0.27253940000014154,ok,same_stridge_core,Hx;D_x^1.63858 H,0.045,1.6368861296238684
0.6747943081690917,1.6398527605950988,0.2058662322358331,-1.2943967642189964,0;0;-1.29439676422;0.205866232236;0;0;0;0;0;0;0;0,55355.4871532004,0.005,2422,0.0002,23.793110243831844,,0.0013895082966193222,0.4020531999999548,ok,same_stridge_core,Hx;D_x^1.639853 H,0.12500000000000003,1.6509153825516811
0.6467804035402294,1.9781902195771206,-0.012084289121085454,-1.345413090791534,0;0;-1.34541309079;-0.0120842891211;0;0;0;-0.227107765653;0.047941476537;0;0.0320922876902;0,67010.74376282196,0.005,2423,0.0002,69.0184119857285,,0.002020929120310882,0.38810179999995853,ok,same_stridge_core,Hx;D_x^1.97819 H;H*Hxx;H*Hxxx;H^2*Hxx,0.02,2.0076682229065477
0.6743991731913662,1.640244150801537,0.20511013484848345,-1.295406830376834,0;0;-1.29540683038;0.205110134848;0;0;0;0;0;0;0;0,55356.76565768238,0.005,2424,0.0002,23.80149275849403,,0.0014027332557372005,0.38621630000011464,ok,same_stridge_core,Hx;D_x^1.640244 H,0.045,1.6587864954210785
0.6761854575704827,1.6664082689250148,0.21454784976604013,-1.2869980267302898,0;0;-1.28699802673;0.214547849766;0;0;0;0;0;0;0;0,55473.06023536068,0.005,2425,0.0002,23.83479179523213,,0.0013781656858506274,0.4019725999999082,ok,same_stridge_core,Hx;D_x^1.666408 H,0.030000000000000002,1.6455677010878584
0.6773936342383341,1.6602866984926996,0.21583098772656867,-1.284561780700826,0;0;-1.2845617807;0.215830987727;0;0;0;0;0;0;0;0,55439.882165471885,0.005,2426,0.0002,23.79421720037163,,0.0013333453168295937,0.14584919999992962,ok,same_stridge_core,Hx;D_x^1.660287 H,0.025,1.6182643341828737
0.6749037262864818,1.6419740440396642,0.20653143362663373,-1.2938093430942363,0;0;-1.29380934309;0.206531433627;0;0;0;0;0;0;0;0,55362.562271396244,0.005,2427,0.0002,23.79556046150586,,0.0013886693918292072,0.3949442000000545,ok,same_stridge_core,Hx;D_x^1.641974 H,0.03952884615384613,1.6505355529473629
0.6800254174566845,1.662124411181457,0.22198423786156185,-1.2771997241870403,0;0;-1.27719972419;0.221984237862;0;0;0;0;0;0;0;0,55449.420411478226,0.005,2428,0.0002,23.75133174254596,,0.0012573989349412616,0.3807502999998178,ok,same_stridge_core,Hx;D_x^1.662124 H,0.07472222222222225,1.5715635779546704
0.6740317000612028,1.6219636240234139,0.2007443600932427,-1.298930871886434,0;0;-1.29893087189;0.200744360093;0;0;0;0;0;0;0;0,55308.84556793672,0.005,2429,0.0002,23.774459129411767,,0.0013912862476490933,0.3919111000000157,ok,same_stridge_core,Hx;D_x^1.621964 H,0.08092592592592589,1.65092090223708
0.6794721888928711,1.653672180017921,0.21880853116689095,-1.279882071275238,0;0;-1.27988207128;0.218808531167;0;0;0;0;0;0;0;0,55408.378946426215,0.005,2430,0.0002,23.738223985960843,,0.001263403637974053,0.394686499999807,ok,same_stridge_core,Hx;D_x^1.653672 H,0.12500000000000003,1.5748724073903562
0.6776491917248899,1.6706688899088913,0.21877368572037745,-1.2824412679773296,0;0;-1.28244126798;0.21877368572;0;0;0;0;0;0;0;0,55498.616967302136,0.005,2431,0.0002,23.821063381746026,,0.0013380101623411387,0.3952171000000817,ok,same_stridge_core,Hx;D_x^1.670669 H,0.027010088676755348,1.6216165948251708
0.6754978708550985,1.647953371392025,0.5905109336360963,-1.3600788965393757,0;0;-1.36007889654;0.590510933636;0;0;0;-0.354846708635;0.0737688202638;0;0.0334225427787;0,55384.48867026834,0.005,2432,0.0002,56.698230113190355,,0.0008718108688925082,0.2890264999998635,ok,same_stridge_core,Hx;D_x^1.647953 H;H*Hxx;H*Hxxx;H^2*Hxx,0.014917355371900816,1.313741442922009
0.6759821182296659,1.6396265521411892,0.20832261829152268,-1.2912339108907962,0;0;-1.29123391089;0.208322618292;0;0;0;0;0;0;0;0,55354.75346717506,0.005,2433,0.0002,23.770095062313985,,0.0013515983875655153,0.3924426000000949,ok,same_stridge_core,Hx;D_x^1.639627 H,0.030000000000000002,1.628193675443961
0.6787338993558825,1.6821165263047422,0.2239434400300853,-1.2779244715763296,0;0;-1.27792447158;0.22394344003;0;0;0;0;0;0;0;0,55578.34357788309,0.005,2434,0.0002,23.841807428915484,,0.0013187919290816314,0.13915159999987736,ok,same_stridge_core,Hx;D_x^1.682117 H,0.030000000000000002,1.610469997762248
0.6765768662897921,1.6950685557108363,0.0,-1.2633805908166709,0;0;-1.26338059082;0;0;0;0;0;0;0;0;0,55690.65889720177,0.005,2435,0.0002,13.58446845202511,,0.0030353203764885463,0.13667609999993147,ok,same_stridge_core,Hx,0.05499999999999999,2.4463366725847546
0.6754657209831862,1.6664563041703633,0.6125931160608057,-1.3526793288265835,0;0;-1.35267932883;0.612593116061;0;0;0;-0.366824551537;0.0835676596448;0;0.034788647065;0,55473.33686428994,0.005,2436,0.0002,56.801657396005645,,0.0008898868107635413,0.2889033000001291,ok,same_stridge_core,Hx;D_x^1.666456 H;H*Hxx;H*Hxxx;H^2*Hxx,0.014397874852420299,1.3283205317157067
0.6781871081254459,1.64710964386968,0.21458724391860737,-1.284261536545436,0;0;-1.28426153655;0.214587243919;0;0;0;0;0;0;0;0,55381.211364905634,0.005,2437,0.0002,23.745606970762765,,0.0012934021997633562,0.39344019999998636,ok,same_stridge_core,Hx;D_x^1.64711 H,0.02454177395936114,1.59312242480051
0.6769314145622793,1.6388162393221246,0.2101427698105261,-1.2887993363195211,0;0;-1.28879933632;0.210142769811;0;0;0;0;0;0;0;0,55352.15838652076,0.005,2438,0.0002,23.75057770273709,,0.0013212114111663992,0.38871579999999994,ok,same_stridge_core,Hx;D_x^1.638816 H,0.03152777777777776,1.609714348128788
0.6393653880610308,1.9970596921376393,-0.2811177720386434,-1.3764601456571985,0;0;-1.37646014566;-0.281117772039;0;0;0;-0.165895321357;0.0288464328278;0;0.0280294043041;0,66866.18064272172,0.005,2439,0.0002,69.00573753384529,,0.0022991287097867256,0.40277689999993527,ok,same_stridge_core,Hx;D_x^1.99706 H;H*Hxx;H*Hxxx;H^2*Hxx,0.025,2.139556891123568
0.6777262357192664,1.6412186278018837,0.21232290244020915,-1.2863293652469505,0;0;-1.28632936525;0.21232290244;0;0;0;0;0;0;0;0,55360.00167999235,0.005,2440,0.0002,23.740878566871004,,0.001300033035726104,0.3968150999999125,ok,same_stridge_core,Hx;D_x^1.641219 H,0.030000000000000002,1.5968778948740665
0.6775801510340475,1.664082147549116,0.21710161336965456,-1.2835334085467585,0;0;-1.28353340855;0.21710161337;0;0;0;0;0;0;0;0,55459.97555490862,0.005,2441,0.0002,23.80177066239915,,0.0013322293682873911,0.13495749999992768,ok,same_stridge_core,Hx;D_x^1.664082 H,0.059651515151515136,1.6177804404357032
0.675848614565264,1.6171694847661342,0.20348897069634164,-1.2947603804348442,0;0;-1.29476038043;0.203488970696;0;0;0;0;0;0;0;0,55299.874896898094,0.005,2442,0.0002,23.732150162710806,,0.0013274139093767305,0.3872834999999668,ok,same_stridge_core,Hx;D_x^1.617169 H,0.035,1.6122002039515648
0.6717836526889656,1.6539989220309166,0.20221638990723464,-1.3006298515206218,0;0;-1.30062985152;0.202216389907;0;0;0;0;0;0;0;0,55409.83504060557,0.005,2443,0.0002,23.884266101142618,,0.0015072931585750782,0.3886345999999321,ok,same_stridge_core,Hx;D_x^1.653999 H,0.03448529411764706,1.720332084900387
0.6724165925738651,1.666775065301457,0.20620476011539612,-1.2972186515535222,0;0;-1.29721865155;0.206204760115;0;0;0;0;0;0;0;0,55475.178659229234,0.005,2444,0.0002,23.90786965591594,,0.0015017173621926776,0.39223599999991166,ok,same_stridge_core,Hx;D_x^1.666775 H,0.030000000000000002,1.7177981922242431
0.6747918502420719,1.6663330172698667,0.21143150509259262,-1.2907981839970792,0;0;-1.290798184;0.211431505093;0;0;0;0;0;0;0;0,55472.62767765422,0.005,2445,0.0002,23.86087060499416,,0.0014224740734340355,0.41964359999997214,ok,same_stridge_core,Hx;D_x^1.666333 H,0.030000000000000002,1.671819533932472
0.6708952667356374,1.670245339623053,0.2034684022372741,-1.3009329241010579,0;0;-1.3009329241;0.203468402237;0;0;0;0;0;0;0;0,55495.981832011166,0.005,2446,0.0002,23.948546742245405,,0.0015584939614804098,0.14017979999994168,ok,same_stridge_core,Hx;D_x^1.670245 H,0.030000000000000002,1.7501540094409362
0.6851233581835025,1.6593000369451603,0.23221235839565055,-1.2639276805131714,0;0;-1.26392768051;0.232212358396;0;0;0;0;0;0;0;0,55434.90542009402,0.005,2447,0.0002,23.653892926439916,,0.0011153503260932127,0.377632100000028,ok,same_stridge_core,Hx;D_x^1.6593 H,0.0484567901234568,1.479930758402305
0.6666132435971146,1.6432615158635513,0.18890950484898208,-1.3161193782041958,0;0;-1.3161193782;0.188909504849;0;0;0;0;0;0;0;0,55367.032192927894,0.005,2448,0.0002,23.96253264434417,,0.001679986486655009,0.3953306999999313,ok,same_stridge_core,Hx;D_x^1.643262 H,0.03557673372379254,1.8157197671730114
0.6776160066255664,1.636802419078655,0.21114049752224853,-1.2872495456040691,0;0;-1.2872495456;0.211140497522;0;0;0;0;0;0;0;0,55345.926663397724,0.005,2449,0.0002,23.733697004009258,,0.0012979204532174392,0.3908188999998856,ok,same_stridge_core,Hx;D_x^1.636802 H,0.05917582417582417,1.5953263386501682
0.687630164417626,1.6681480365830443,0.5006125160624819,-1.2938236776603496,0;0;-1.29382367766;0.500612516062;0.470722977547;0;0;-0.263057155576;-0.00970544117219;0;0.0255976390079;0,55483.24296819627,0.005,2450,0.0002,67.76987634929297,,0.0007147838397069838,0.14054339999984222,ok,same_stridge_core,Hx;D_x^1.668148 H;Hxxx;H*Hxx;H*Hxxx;H^2*Hxx,0.01,1.189984787457451
0.6843855665076523,1.6485237402473498,0.22792523735067488,-1.267483110196273,0;0;-1.2674831102;0.227925237351;0;0;0;0;0;0;0;0,55386.739453073424,0.005,2451,0.0002,23.638588463857282,,0.0011221931834250254,0.38830589999997756,ok,same_stridge_core,Hx;D_x^1.648524 H,0.03274691358024692,1.4838926826279106
0.6727452349575511,1.642846769620633,0.2021077545254235,-1.2995152543807271,0;0;-1.29951525438;0.202107754525;0;0;0;0;0;0;0;0,55365.57748541145,0.005,2452,0.0002,23.83903184381438,,0.0014605172044850128,0.39593760000002476,ok,same_stridge_core,Hx;D_x^1.642847 H,0.030000000000000002,1.6928008496497986
0.6687580555934438,1.6376453338482497,0.1925900498938119,-1.3110104619778262,0;0;-1.31101046198;0.192590049894;0;0;0;0;0;0;0;0,55348.49757007903,0.005,2453,0.0002,23.90710096534081,,0.001592970739015689,0.38469030000010207,ok,same_stridge_core,Hx;D_x^1.637645 H,0.049999999999999996,1.7677019373091973
0.6702186796216537,1.665177424321126,0.6436945796696908,-1.3748223183687107,0;0;-1.37482231837;0.64369457967;0;0;0;-0.398854904946;0.0899184482479;0;0.0375650379141;0,55466.062102764205,0.005,2454,0.0002,56.85704662664303,,0.0009776205482826454,0.1355054000000564,ok,same_stridge_core,Hx;D_x^1.665177 H;H*Hxx;H*Hxxx;H^2*Hxx,0.016056956115779668,1.390984523878827
0.6711186706716381,1.6675034738693097,0.20342367932191444,-1.3006750658737827,0;0;-1.30067506587;0.203423679322;0;0;0;0;0;0;0;0,55479.43029954202,0.005,2455,0.0002,23.935474982125857,,0.0015472677862072932,0.38510070000006635,ok,same_stridge_core,Hx;D_x^1.667503 H,0.030000000000000002,1.7437028623090458
0.6754450002178806,1.6567263754805206,0.2107949373233146,-1.2903242505414023,0;0;-1.29032425054;0.210794937323;0;0;0;0;0;0;0;0,55422.38860619349,0.005,2456,0.0002,23.820926491907663,,0.0013897397448418797,0.3886241999998674,ok,same_stridge_core,Hx;D_x^1.656726 H,0.05375000000000001,1.651971049430266
0.6782894846928142,1.6627624761332802,0.21835306672237154,-1.281796632578536,0;0;-1.28179663258;0.218353066722;0;0;0;0;0;0;0;0,55452.81543578005,0.005,2457,0.0002,23.78479680747402,,0.001309214282864847,0.39439050000009956,ok,same_stridge_core,Hx;D_x^1.662762 H,0.0484567901234568,1.6036706331619974
0.6746308972423466,1.6708704976015936,0.21206099780190402,-1.2906297691836623,0;0;-1.29062976918;0.212060997802;0;0;0;0;0;0;0;0,55499.87895190252,0.005,2458,0.0002,23.878305836022275,,0.00143322832407224,0.29546589999995376,ok,same_stridge_core,Hx;D_x^1.67087 H,0.039385683760683785,1.678354255261264
0.675945689964771,1.6538237921081793,0.2112575633258702,-1.2893667782871037,0;0;-1.28936677829;0.211257563326;0;0;0;0;0;0;0;0,55409.053423618745,0.005,2459,0.0002,23.803856930066715,,0.001370335279380528,0.40363650000017515,ok,same_stridge_core,Hx;D_x^1.653824 H,0.030000000000000002,1.6402355606192165
0.6733084839310989,1.6643906179520294,0.20770750981076816,-1.295098836563789,0;0;-1.29509883656;0.207707509811;0;0;0;0;0;0;0;0,55461.67662140063,0.005,2460,0.0002,23.883390923568314,,0.001468766403015332,0.3888680000000022,ok,same_stridge_core,Hx;D_x^1.664391 H,0.030000000000000002,1.698720275008061
0.6748159178076127,1.665213329071858,0.21124204467788424,-1.2908830627417902,0;0;-1.29088306274;0.211242044678;0;0;0;0;0;0;0;0,55466.26392076154,0.005,2461,0.0002,23.857005546946347,,0.0014203256949000904,0.38194750000002387,ok,same_stridge_core,Hx;D_x^1.665213 H,0.030000000000000002,1.6704999786417292
0.6654715427464442,1.6502667116658853,0.18756498020709753,-1.318354595897698,0;0;-1.3183545959;0.187564980207;0;0;0;0;0;0;0;0,55393.79578719979,0.005,2462,0.0002,24.002080742237514,,0.0017330137610240821,0.4002101999999468,ok,same_stridge_core,Hx;D_x^1.650267 H,0.030000000000000002,1.8445624273575942
0.6763943179537044,1.6562981527245206,0.212768378134431,-1.287813828140164,0;0;-1.28781382814;0.212768378134;0;0;0;0;0;0;0;0,55420.36987623793,0.005,2463,0.0002,23.801906864113537,,0.001359327368942175,0.39291270000012446,ok,same_stridge_core,Hx;D_x^1.656298 H,0.04,1.6337589136183646
0.6748567638580416,1.679564991096073,0.6312581361136161,-1.3496242770952533,0;0;-1.3496242771;0.631258136114;0;0;0;-0.37835739807;0.0908559723252;0;0.0360335349136;0,55559.09345676441,0.005,2464,0.0002,56.90507491508881,,0.0009128738078526496,0.4053010999998605,ok,same_stridge_core,Hx;D_x^1.679565 H;H*Hxx;H*Hxxx;H^2*Hxx,0.01,1.3459814583244027
0.6769826049549583,1.66872401583531,0.21684200978870408,-1.2845174294939612,0;0;-1.28451742949;0.216842009789;0;0;0;0;0;0;0;0,55486.6903622769,0.005,2465,0.0002,23.8271463600125,,0.001356133714429211,0.383561200000031,ok,same_stridge_core,Hx;D_x^1.668724 H,0.060681818181818184,1.6324702151017387
0.67643967149897,1.6604359158665636,0.5995884697220415,-1.3511514138005256,0;0;-1.3511514138;0.599588469722;0;0;0;-0.357080916632;0.0792010576972;0;0.0338332086829;0,55440.643357649744,0.005,2466,0.0002,56.75300463689212,,0.0008687888795719011,0.3891272000000754,ok,same_stridge_core,Hx;D_x^1.660436 H;H*Hxx;H*Hxxx;H^2*Hxx,0.01,1.3123612792423753
0.6748061256441072,1.6408194059823253,0.2060883419921027,-1.2942315003818157,0;0;-1.29423150038;0.206088341992;0;0;0;0;0;0;0;0,55358.66697451881,0.005,2467,0.0002,23.79493521474561,,0.0013903463497916093,0.39332420000005186,ok,same_stridge_core,Hx;D_x^1.640819 H,0.030000000000000002,1.6514684249380842
0.6717816851820982,1.657934816792566,0.2029926144703054,-1.3001149031439947,0;0;-1.30011490314;0.20299261447;0;0;0;0;0;0;0;0,55428.18334122528,0.005,2468,0.0002,23.894686314518324,,0.0015123317905783704,0.39599999999995816,ok,same_stridge_core,Hx;D_x^1.657935 H,0.039385683760683785,1.7234129780282104
0.6686017027657873,1.6584974239025791,0.6460142556412284,-1.384564020891032,0;0;-1.38456402089;0.646014255641;0;0;0;-0.404846480968;0.0884379509633;0;0.0379574280785;0,55430.930621492684,0.005,2469,0.0002,56.83634491204008,,0.0009991475723375553,0.3987964999998894,ok,same_stridge_core,Hx;D_x^1.658497 H;H*Hxx;H*Hxxx;H^2*Hxx,0.02,1.4054142905473983
0.6749660258337085,1.636865654595778,0.2056204113037066,-1.294348445395244,0;0;-1.2943484454;0.205620411304;0;0;0;0;0;0;0;0,55346.11758910197,0.005,2470,0.0002,23.783672400394586,,0.0013802449641019138,0.41835199999991346,ok,same_stridge_core,Hx;D_x^1.636866 H,0.040624999999999994,1.6452253647537989
0.6739787799818016,1.652594540574755,0.6054202768540984,-1.3645599407113045,0;0;-1.36455994071;0.605420276854;0;0;0;-0.367278232445;0.0782174518822;0;0.0345817871595;0,55403.64826217536,0.005,2471,0.0002,56.73857724312793,,0.0009002780939662421,0.40872749999994085,ok,same_stridge_core,Hx;D_x^1.652595 H;H*Hxx;H*Hxxx;H^2*Hxx,0.010534090909090894,1.3349289809525717
0.6779087004944004,1.662056078660125,0.2173581605466588,-1.2829241677769896,0;0;-1.28292416778;0.217358160547;0;0;0;0;0;0;0;0,55449.059398658355,0.005,2472,0.0002,23.78975012103075,,0.0013198287750336435,0.38970000000017535,ok,same_stridge_core,Hx;D_x^1.662056 H,0.030000000000000002,1.610126361567407
0.6723495710510146,1.6701472002817286,0.20675305867317717,-1.2969600639553596,0;0;-1.29696006396;0.206753058673;0;0;0;0;0;0;0;0,55495.37424389921,0.005,2473,0.0002,23.919803674666706,,0.0015081728659319597,0.3904634000000442,ok,same_stridge_core,Hx;D_x^1.670147 H,0.03486655773420482,1.7216539771070218
0.6834022848060296,1.657374189516997,0.22807166628414957,-1.2688105213522376,0;0;-1.26881052135;0.228071666284;0;0;0;0;0;0;0;0,55425.4769954607,0.005,2474,0.0002,23.67817883880158,,0.0011581636120387723,0.13695860000007087,ok,same_stridge_core,Hx;D_x^1.657374 H,0.024407436073844754,1.5079880406172965
0.6453974305942942,1.9627604380346202,0.0,-1.4007977369857374,0;0;-1.40079773699;0;0;0;0;0;-0.177925303456;0;0;0,66920.40476541013,0.005,2475,0.0002,29.23694467358393,,0.003033155219138497,0.3899489000000358,ok,same_stridge_core,Hx;H*Hxxx,0.03342105263157896,2.4687827674198783
0.6694349927214914,1.6666565737898937,0.1994369549386425,-1.3054016813096199,0;0;-1.30540168131;0.199436954939;0;0;0;0;0;0;0;0,55474.492656953305,0.005,2476,0.0002,23.96618263890103,,0.0016058660784385346,0.39683659999991505,ok,same_stridge_core,Hx;D_x^1.666657 H,0.030000000000000002,1.7763855761197063
0.673792839947649,1.662402941667268,0.208368038767115,-1.2940440240529711,0;0;-1.29404402405;0.208368038767;0;0;0;0;0;0;0;0,55450.8970061338,0.005,2477,0.0002,23.868233362679884,,0.001450253100836854,0.42352950000008605,ok,same_stridge_core,Hx;D_x^1.662403 H,0.030000000000000002,1.6878745602263645
0.6455850343392415,1.6692792691305551,0.1034096568778174,-1.3512727535029239,0;0;-1.3512727535;0.103409656878;3.79443989231;0;0;0;-0.604513421561;0;0;0,55490.05022362441,0.005,2478,0.0002,46.379592357794266,,0.0020640902652936514,0.15342009999994843,ok,same_stridge_core,Hx;D_x^1.669279 H;Hxxx;H*Hxxx,0.04,1.9875521788947408
0.6459925606884711,1.97335126466367,-0.9401739838989579,-1.3675400403936047,0;0;-1.36754004039;-0.940173983899;0;0;0;0.14860153127;-0.0675345840708;0;0;0,67004.51662657104,0.005,2479,0.0002,55.680238114636445,,0.0021728888145552314,0.4217727999998715,ok,same_stridge_core,Hx;D_x^1.973351 H;H*Hxx;H*Hxxx,0.035,2.076624813379608
0.6769908362270147,1.6708307358855201,0.2173432078787405,-1.2842078843329123,0;0;-1.28420788433;0.217343207879;0;0;0;0;0;0;0;0,55499.62971865949,0.005,2480,0.0002,23.833793746078907,,0.0013584067214694293,0.40623120000009294,ok,same_stridge_core,Hx;D_x^1.670831 H,0.040563865147198466,1.6339418586151113
0.6777553556084099,1.667108952791945,0.21818355430071285,-1.2826419347837266,0;0;-1.28264193478;0.218183554301;0;0;0;0;0;0;0;0,55477.12004531478,0.005,2481,0.0002,23.807747491934528,,0.0013305292536485208,0.38159759999985,ok,same_stridge_core,Hx;D_x^1.667109 H,0.02943429147537458,1.616899473808612
0.6769826049549583,1.66872401583531,0.6059175018821624,-1.3455729340536746,0;0;-1.34557293405;0.605917501882;0;0;0;-0.358831536992;0.0826821752148;0;0.0341285228888;0,55486.6903622769,0.005,2482,0.0002,56.799045019130936,,0.0008680255619869979,0.037757899999860456,ok,same_stridge_core,Hx;D_x^1.668724 H;H*Hxx;H*Hxxx;H^2*Hxx,0.01,1.3123546568540339
0.6742108474694785,1.6717789084205936,0.6264521945929961,-1.3555563627231835,0;0;-1.35555636272;0.626452194593;0;0;0;-0.377834818466;0.0879348434683;0;0.0358477612539;0,55505.624991721124,0.005,2483,0.0002,56.85311759414865,,0.0009157204293580086,0.413763999999901,ok,same_stridge_core,Hx;D_x^1.671779 H;H*Hxx;H*Hxxx;H^2*Hxx,0.01,1.3474926024275249
0.6772286011076949,1.6453167063210028,0.2121636267190677,-1.2870888792199566,0;0;-1.28708887922;0.212163626719;0;0;0;0;0;0;0;0,55374.44990604558,0.005,2484,0.0002,23.759209926199723,,0.0013201472946202846,0.40434030000005805,ok,same_stridge_core,Hx;D_x^1.645317 H,0.030000000000000002,1.6094299637814893
0.6803128288525461,1.665868378801731,0.0,-1.2524059054139947,0;0;-1.25240590541;0;0;0;0;0;0;0;0;0,55469.96990826889,0.005,2485,0.0002,13.545947199644695,,0.003053449470723127,0.4014559000002009,ok,same_stridge_core,Hx,0.09000000000000001,2.4519532179909174
0.67477231748444,1.3451183042963053,0.2644021879489122,-1.4379974834775129,0;0;-1.43799748348;0.264402187949;0;0;0;-0.133923990956;-0.115533136522;0;0.0107846195655;0,55614.07517051241,0.005,2486,0.0002,56.79064639122769,,0.0007077636561742208,0.28721360000008644,ok,same_stridge_core,Hx;D_x^1.345118 H;H*Hxx;H*Hxxx;H^2*Hxx,0.01,1.1765712207152772
0.6824155679270639,1.6685070399954083,0.2287495684983724,-1.269854944516261,0;0;-1.26985494452;0.228749568498;0;0;0;0;0;0;0;0,55485.387155059136,0.005,2487,0.0002,23.728187118630434,,0.0011975944011087718,0.3861873000000742,ok,same_stridge_core,Hx;D_x^1.668507 H,0.024414132031125496,1.5340322566067799
0.6755424852410998,1.6726100632608232,0.0,-1.2664316183978104,0;0;-1.2664316184;0;0;0;0;0;0;0;0;0,55510.96994533274,0.005,2488,0.0002,13.547830230243688,,0.0030324812757248068,0.13961650000010195,ok,same_stridge_core,Hx,0.11166666666666669,2.4456362411771386
0.6716802671283557,1.6751391668174977,0.20626502501761126,-1.2981462264997936,0;0;-1.2981462265;0.206265025018;0;0;0;0;0;0;0;0,55527.75622365643,0.005,2489,0.0002,23.94953080950778,,0.0015372696896115063,0.3929396999999426,ok,same_stridge_core,Hx;D_x^1.675139 H,0.030000000000000002,1.7384283200452062
0.6687801611053765,1.6628326080984306,0.19722381334596792,-1.307687267069474,0;0;-1.30768726707;0.197223813346;0;0;0;0;0;0;0;0,55453.191254332785,0.005,2490,0.0002,23.967893681950795,,0.0016247575015738047,0.399022400000149,ok,same_stridge_core,Hx;D_x^1.662833 H,0.035,1.78661718021768
0.6716094968548239,1.6739136062365028,0.20584874375580206,-1.2984989786487462,0;0;-1.29849897865;0.205848743756;0;0;0;0;0;0;0;0,55519.52235530491,0.005,2491,0.0002,23.946705035980596,,0.0015382005080736658,0.39475080000011076,ok,same_stridge_core,Hx;D_x^1.673914 H,0.030000000000000002,1.7388960938586324
0.671795217673016,1.6298417041036315,0.19761301582725366,-1.3038446272097628,0;0;-1.30384462721;0.197613015827;0;0;0;0;0;0;0;0,55326.67410609875,0.005,2492,0.0002,23.831609746697392,,0.0014758645898679534,0.39340549999997165,ok,same_stridge_core,Hx;D_x^1.629842 H,0.04633333333333333,1.7009401042578938
0.6731212644550363,1.6308138274890924,0.2005660654728536,-1.3001436113297706,0;0;-1.30014361133;0.200566065473;0;0;0;0;0;0;0;0,55329.15756428651,0.005,2493,0.0002,23.807472169062866,,0.0014325548060404496,0.39083819999996194,ok,same_stridge_core,Hx;D_x^1.630814 H,0.03439931359749286,1.675809143348262
0.6768035059446833,1.6938504349630994,0.0,-1.247471817598869,0;0;-1.2474718176;0;0;0;0;0.0472730591383;0;0;0;0,55678.989175799405,0.005,2494,0.0002,23.93113351695411,,0.0014020482915828559,0.3840009000000464,ok,same_stridge_core,Hx;H*Hxx,0.03274691358024692,1.6595378466343473
0.6743908742095558,1.6415731613503857,0.20536159313231342,-1.295246449690952,0;0;-1.29524644969;0.205361593132;0;0;0;0;0;0;0;0,55361.19776654106,0.005,2495,0.0002,23.804492417834876,,0.0014046796617177256,0.3920206000000235,ok,same_stridge_core,Hx;D_x^1.641573 H,0.12500000000000003,1.6600133112184505
0.6791414128194277,1.6597449341880417,0.21950666391713622,-1.2799174233230681,0;0;-1.27991742332;0.219506663917;0;0;0;0;0;0;0;0,55437.13717777144,0.005,2496,0.0002,23.760566277777695,,0.0012803227561986035,0.40945669999996426,ok,same_stridge_core,Hx;D_x^1.659745 H,0.025,1.5857114066691211
0.6738556970890052,1.658661549406629,0.20772188218468446,-1.2943740982742267,0;0;-1.29437409827;0.207721882185;0;0;0;0;0;0;0;0,55431.73841559609,0.005,2497,0.0002,23.856467262939365,,0.0014435443618731566,0.38884810000013204,ok,same_stridge_core,Hx;D_x^1.658662 H,0.03152777777777776,1.6837718967009303
0.6292986615998412,1.7392331266288805,0.10156008103088197,-1.4141176990341717,0;0;-1.41411769903;0.101560081031;0;0;0;0;0;0;0;0,56313.72650353474,0.005,2498,0.0002,25.25031629623026,,0.0037707120228163546,0.3928124999999909,ok,same_stridge_core,Hx;D_x^1.739233 H,0.06999999999999999,2.724825694816365
0.6664344207061814,1.6494698651711834,0.18957155925182917,-1.3158166075501956,0;0;-1.31581660755;0.189571559252;0;0;0;0;0;0;0;0,55390.536445610946,0.005,2499,0.0002,23.980344902155494,,0.0016949468084378342,0.4011869000000843,ok,same_stridge_core,Hx;D_x^1.64947 H,0.029370476997383307,1.8241303239111135
0.6724916748719136,1.6373303775092747,0.18797988251848807,-1.308753382511768,0;0;-1.30875338251;0.187979882518;0;0;0;0;-0.0388420662273;0;0;0,55347.530835754704,0.005,2500,0.0002,34.9024022507491,,0.00144954734749523,0.4028106000000662,ok,same_stridge_core,Hx;D_x^1.63733 H;H*Hxxx,0.025,1.6938837492962762
0.6738377890418294,1.6531281458915523,0.20653425453322335,-1.295167629193307,0;0;-1.29516762919;0.206534254533;0;0;0;0;0;0;0;0,55405.97722501265,0.005,2501,0.0002,23.842187037725132,,0.001437236037998001,0.28390399999989313,ok,same_stridge_core,Hx;D_x^1.653128 H,0.0484567901234568,1.679796147720072
0.6764617767498412,1.7015160079599263,0.6449431686214621,-1.333871110710393,0;0;-1.33387111071;0.644943168621;0;0;0;-0.380056024698;0.098373700297;0;0.0365743022061;0,55756.5874531536,0.005,2502,0.0002,57.10067934986789,,0.0009082141324787751,0.15613570000004984,ok,same_stridge_core,Hx;D_x^1.701516 H;H*Hxx;H*Hxxx;H^2*Hxx,0.01,1.3440918967142823
0.673334888079188,1.6809116964200603,0.0,-1.2582791268086209,0;0;-1.25827912681;0;0;0;0;0.0455397682157;0;0;0;0,55569.14273974479,0.005,2503,0.0002,23.951652336862256,,0.001513272919177828,0.2907422000000679,ok,same_stridge_core,Hx;H*Hxx,0.02948963124344389,1.723995240964339
0.670457888763982,1.6530892936191652,0.1991224434786384,-1.3043596623677784,0;0;-1.30435966237;0.199122443479;0;0;0;0;0;0;0;0,55405.806807255845,0.005,2504,0.0002,23.908070321138563,,0.0015522047339862606,0.3832777000000078,ok,same_stridge_core,Hx;D_x^1.653089 H,0.12500000000000003,1.7457475982362236
0.6751827269647485,1.667854585368712,0.2126364038536178,-1.2895296044733138,0;0;-1.28952960447;0.212636403854;0;0;0;0;0;0;0;0,55481.50142354429,0.005,2505,0.0002,23.85817581994604,,0.0014117447330744758,0.15000559999998586,ok,same_stridge_core,Hx;D_x^1.667855 H,0.030000000000000002,1.6655752505283246
0.6786190819744431,1.656721499542116,0.21767879847073796,-1.2817491765081186,0;0;-1.28174917651;0.217678798471;0;0;0;0;0;0;0;0,55422.36562486019,0.005,2506,0.0002,23.761807437179577,,0.0012921418179914974,0.39020940000000337,ok,same_stridge_core,Hx;D_x^1.656721 H,0.045,1.5928611872355005
0.6878215554204523,1.6536644718396665,0.23638590415765667,-1.2575840064185926,0;0;-1.25758400642;0.236385904158;0;0;0;0;0;0;0;0,55408.34487077395,0.005,2507,0.0002,23.593636307975917,,0.0010422777605302344,0.39492829999994683,ok,same_stridge_core,Hx;D_x^1.653664 H,0.12500000000000003,1.430298359666336
0.6762776572440696,1.6525766694723947,0.5912744525061676,-1.3549756675469775,0;0;-1.35497566755;0.591274452506;0;0;0;-0.353072120657;0.075282518783;0;0.0333491045192;0,55403.57075712026,0.005,2508,0.0002,56.71188270370801,,0.0008640499331362925,0.42253560000017387,ok,same_stridge_core,Hx;D_x^1.652577 H;H*Hxx;H*Hxxx;H^2*Hxx,0.01,1.3083119465877515
0.6743635176149847,1.6873235639851125,0.0,-1.2699157187935544,0;0;-1.26991571879;0;0;0;0;0;0;0;0;0,55620.46401160173,0.005,2509,0.0002,13.569393699611602,,0.0030304240517613767,0.40981809999993857,ok,same_stridge_core,Hx,0.12500000000000003,2.4453008972912555
0.6636314231318761,1.6455237735339063,0.18270174288439345,-1.3239961399172495,0;0;-1.32399613992;0.182701742884;0;0;0;0;0;0;0;0,55375.21695569034,0.005,2510,0.0002,24.029425163920994,,0.0017993971847146129,0.38870159999987663,ok,same_stridge_core,Hx;D_x^1.645524 H,0.035,1.8793383816448574
0.6754777121356117,1.6730814005237307,0.6201338178369711,-1.3498684990145378,0;0;-1.34986849901;0.620133817837;0;0;0;-0.370734566863;0.0868617206552;0;0.0352478959356;0,55514.03832806344,0.005,2511,0.0002,56.847410367356886,,0.0008961631614274608,0.28320830000006936,ok,same_stridge_core,Hx;D_x^1.673081 H;H*Hxx;H*Hxxx;H^2*Hxx,0.01,1.3333720392934438
0.669465474942109,1.6709277890168868,0.0,-1.284466066034069,0;0;-1.28446606603;0;0;0;0;0;0;0;0;0,55500.23839723203,0.005,2512,0.0002,13.54937496256483,,0.0030356795590105894,0.39411680000011984,ok,same_stridge_core,Hx,0.12500000000000003,2.4493272831184227
0.6751995176324318,1.6534746984016098,0.2095661160895719,-1.2914325088805279,0;0;-1.29143250888;0.20956611609;0;0;0;0;0;0;0;0,55407.50406357917,0.005,2513,0.0002,23.817065912802757,,0.0013935494306000543,0.4033411000000342,ok,same_stridge_core,Hx;D_x^1.653475 H,0.02937827695180636,1.6540642873710898
0.674311056395149,1.6625502011524347,0.6151562636504713,-1.3590434558555022,0;0;-1.35904345586;0.61515626365;0;0;0;-0.371574466187;0.0830896567024;0;0.0351342140055;0,55451.68099876048,0.005,2514,0.0002,56.790572511580635,,0.0009047539590814601,0.40627089999998134,ok,same_stridge_core,Hx;D_x^1.66255 H;H*Hxx;H*Hxxx;H^2*Hxx,0.01,1.3388915128201544
0.6748481109108783,1.6408230540089075,0.20617793510907934,-1.2941179403990204,0;0;-1.2941179404;0.206177935109;0;0;0;0;0;0;0;0,55358.6790304563,0.005,2515,0.0002,23.794141923856134,,0.0013890044699172484,0.38494809999997415,ok,same_stridge_core,Hx;D_x^1.640823 H,0.035,1.6506703116736163
0.67477231748444,1.691241832134888,0.0,-1.2537922418594147,0;0;-1.25379224186;0;0;0;0;0.0462606473534;0;0;0;0,55654.80270387384,0.005,2516,0.0002,23.958938806973677,,0.0014662120687974202,0.27445990000001075,ok,same_stridge_core,Hx;H*Hxx,0.0346275401069519,1.6970177254241439
0.6725771770083542,1.6452174190050097,0.2022125602329211,-1.2996497822788917,0;0;-1.29964978228;0.202212560233;0;0;0;0;0;0;0;0,55374.083550440795,0.005,2517,0.0002,23.847586420128906,,0.001469183302272503,0.27255459999992127,ok,same_stridge_core,Hx;D_x^1.645217 H,0.035,1.697952999952587
0.6763778423153888,1.6726100632608232,0.6140755613967374,-1.3464264548889706,0;0;-1.34642645489;0.614075561397;0;0;0;-0.364884194884;0.0854108566261;0;0.034726112604;0,55510.96994533274,0.005,2518,0.0002,56.83334289375611,,0.0008812177964661079,0.1467981000000691,ok,same_stridge_core,Hx;D_x^1.67261 H;H*Hxx;H*Hxxx;H^2*Hxx,0.01,1.3223729484233735
0.6784222659215585,1.6720833700632296,0.0,-1.2579507870330306,0;0;-1.25795078703;0;0;0;0;0;0;0;0;0,55507.57334858421,0.005,2519,0.0002,13.55002865850387,,0.00304275022991681,0.1412047999999686,ok,same_stridge_core,Hx,0.10750000000000004,2.4485139887870284
0.6707613199795401,1.6623214415357435,0.20158710480076894,-1.3023260786729598,0;0;-1.30232607867;0.201587104801;0;0;0;0;0;0;0;0,55450.46414476404,0.005,2520,0.0002,23.92700252449718,,0.0015532573390047188,0.27248020000001816,ok,same_stridge_core,Hx;D_x^1.662321 H,0.049395604395604385,1.7468168665915609
0.6758995233825503,1.6518812256428546,0.21073983555462297,-1.2897585830975222,0;0;-1.2897585831;0.210739835555;0;0;0;0;0;0;0;0,55400.576298735716,0.005,2521,0.0002,23.799798482391736,,0.001369394131858595,0.40486630000009427,ok,same_stridge_core,Hx;D_x^1.651881 H,0.025,1.639567962897449
0.677804688176505,1.657424780209842,0.21607843294735293,-1.2838476934650824,0;0;-1.28384769347;0.216078432947;0;0;0;0;0;0;0;0,55425.719796768375,0.005,2522,0.0002,23.77868955845435,,0.001317396440665747,0.4067873999999847,ok,same_stridge_core,Hx;D_x^1.657425 H,0.025,1.6084016397469987
0.671723540852016,1.6442167874719464,0.2001798328319866,-1.3020961353602492,0;0;-1.30209613536;0.200179832832;0;0;0;0;0;0;0;0,55370.43633182569,0.005,2523,0.0002,23.862028032511944,,0.0014968912015295706,0.4092845000000125,ok,same_stridge_core,Hx;D_x^1.644217 H,0.039458333333333324,1.7138534997816688
0.6721197128292562,1.6635594716718167,0.6299252231726108,-1.3676606168844763,0;0;-1.36766061688;0.629925223173;0;0;0;-0.385882555697;0.0865212670552;0;0.0364014031545;0,55457.11740397037,0.005,2524,0.0002,56.82321963207836,,0.0009425055279693552,0.3784642000000531,ok,same_stridge_core,Hx;D_x^1.663559 H;H*Hxx;H*Hxxx;H^2*Hxx,0.010023923444976083,1.3661022281079924
0.6741741832379804,1.6512511251944324,0.2068776581020274,-1.2945103320702895,0;0;-1.29451033207;0.206877658102;0;0;0;0;0;0;0;0,55397.90192542269,0.005,2525,0.0002,23.831024135359897,,0.0014238763005041425,0.2911258999999973,ok,same_stridge_core,Hx;D_x^1.651251 H,0.030000000000000002,1.6718633651908184
0.6754657209831862,1.6543319227085995,0.21032638220050198,-1.2905951208051654,0;0;-1.29059512081;0.210326382201;0;0;0;0;0;0;0;0,55411.329528239854,0.005,2526,0.0002,23.81422817594302,,0.0013861297132583556,0.2807452999998077,ok,same_stridge_core,Hx;D_x^1.654332 H,0.059651515151515136,1.6496963646470753
0.6782760133043902,1.6691026102781192,0.2197996525907678,-1.280955853944475,0;0;-1.28095585394;0.219799652591;0;0;0;0;0;0;0;0,55488.97740235924,0.005,2527,0.0002,23.804452806465022,,0.0013171779912418875,0.3987299999998868,ok,same_stridge_core,Hx;D_x^1.669103 H,0.049395604395604385,1.6088618455213246
0.6754154875327618,1.6398416628083707,0.20717453888985185,-1.2927270287738486,0;0;-1.29272702877;0.20717453889;0;0;0;0;0;0;0;0,55355.450877747,0.005,2528,0.0002,23.78126684707908,,0.0013696969194556868,0.3860537000000477,ok,same_stridge_core,Hx;D_x^1.639842 H,0.03944444444444439,1.6390864959802804
0.6721137243300932,1.6532032358672144,0.20278322319221895,-1.299837849014099,0;0;-1.29983784901;0.202783223192;0;0;0;0;0;0;0;0,55406.307165799546,0.005,2529,0.0002,23.875781881375726,,0.001495008103989706,0.39047600000003513,ok,same_stridge_core,Hx;D_x^1.653203 H,0.03455882352941177,1.7132590150559075
0.6782564428590085,1.669846051681977,0.0,-1.2584379959048009,0;0;-1.2584379959;0;0;0;0;0;0;0;0;0,55493.51712303447,0.005,2530,0.0002,13.546973752178138,,0.00304195996106972,0.384280199999921,ok,same_stridge_core,Hx,0.10750000000000004,2.448270327571244
0.6731971859091911,1.6634795067605914,0.623135910119008,-1.3632437635311823,0;0;-1.36324376353;0.623135910119;0;0;0;-0.379092393816;0.0850483109921;0;0.0358071588419;0,55456.68266456252,0.005,2531,0.0002,56.809647439191295,,0.0009241417453875066,0.38388110000005327,ok,same_stridge_core,Hx;D_x^1.66348 H;H*Hxx;H*Hxxx;H^2*Hxx,0.01,1.3529647746287772
0.6714840996183541,1.6538960040388393,0.20153762584374077,-1.3014586267625092,0;0;-1.30145862676;0.201537625844;0;0;0;0;0;0;0;0,55409.37540532419,0.005,2532,0.0002,23.889876816303158,,0.0015174649916826059,0.39139300000010735,ok,same_stridge_core,Hx;D_x^1.653896 H,0.0446137566137566,1.726126654173482
0.673334888079188,1.642516498987123,0.20330303513336,-1.2979666594041253,0;0;-1.2979666594;0.203303035133;0;0;0;0;0;0;0;0,55364.429096072905,0.005,2533,0.0002,23.826869821782175,,0.0014404505577378418,0.27707390000000487,ok,same_stridge_core,Hx;D_x^1.642516 H,0.035,1.681098183353013
0.6683697086464444,1.6510943624898247,0.19414294734486937,-1.310316364844913,0;0;-1.31031636484;0.194142947345;0;0;0;0;0;0;0;0,55397.24203410257,0.005,2534,0.0002,23.944879246526995,,0.0016247049283479205,0.3845859999998993,ok,same_stridge_core,Hx;D_x^1.651094 H,0.029369742768902425,1.7859824328859664
0.6735006050445466,1.663201464048318,0.20788641403916663,-1.2947333244725237,0;0;-1.29473332447;0.207886414039;0;0;0;0;0;0;0;0,55455.17634713179,0.005,2535,0.0002,23.876177284530044,,0.00146090658022417,0.42619779999995444,ok,same_stridge_core,Hx;D_x^1.663201 H,0.04,1.694106745677328
0.6776291037174844,1.6606018205127913,0.5925176974712031,-1.3462020930063336,0;0;-1.34620209301;0.592517697471;0;0;0;-0.349873766635;0.0777370807358;0;0.0332079166363;0,55441.49265899624,0.005,2536,0.0002,56.74038746644227,,0.0008506982939829606,0.3800805000000764,ok,same_stridge_core,Hx;D_x^1.660602 H;H*Hxx;H*Hxxx;H^2*Hxx,0.01,1.2988948074460347
0.6750216302164089,1.663845565438252,0.61228879610681,-1.3555810132662904,0;0;-1.35558101327;0.612288796107;0;0;0;-0.367969555295;0.0828222489351;0;0.0348426363204;0,55458.67809852431,0.005,2537,0.0002,56.79018709114549,,0.000894493309463303,0.3831963000000087,ok,same_stridge_core,Hx;D_x^1.663846 H;H*Hxx;H*Hxxx;H^2*Hxx,0.01501684884480109,1.3315089926211834
0.6741000307738559,1.6614381721072111,0.20884516832519953,-1.2933373463924736,0;0;-1.29333734639;0.208845168325;0;0;0;0;0;0;0;0,55445.81730450282,0.005,2538,0.0002,23.859566769359528,,0.0014389652846018871,0.39154930000017885,ok,same_stridge_core,Hx;D_x^1.661438 H,0.030000000000000002,1.6812398475583983
0.6755732178719167,1.6703172401330026,0.0,-1.2663408912660088,0;0;-1.26634089127;0;0;0;0;0;0;0;0;0,55496.42748015085,0.005,2539,0.0002,13.544937124673096,,0.0030325517274006667,0.37787090000006174,ok,same_stridge_core,Hx,0.11166666666666669,2.4456516286429255
0.6665898659711857,1.6480982469626957,0.1896810986395084,-1.3155655383135512,0;0;-1.31556553831;0.18968109864;0;0;0;0;0;0;0;0,55385.05758028317,0.005,2540,0.0002,23.97392308608124,,0.0016872375116491912,0.38037340000005315,ok,same_stridge_core,Hx;D_x^1.648098 H,0.12500000000000003,1.8199000539679693
0.6719103986712786,1.6805359012089012,0.6505560850227642,-1.3610535330217064,0;0;-1.36105353302;0.650556085023;0;0;0;-0.397339054467;0.09541416904;0;0.0377245215817;0,55566.314018118406,0.005,2541,0.0002,56.94939440821424,,0.0009647009333700953,0.14488910000000033,ok,same_stridge_core,Hx;D_x^1.680536 H;H*Hxx;H*Hxxx;H^2*Hxx,0.010348878394332938,1.3830803900958344
0.6763845385787408,1.6582670655424936,0.21317945221324086,-1.2875697940971806,0;0;-1.2875697941;0.213179452213;0;0;0;0;0;0;0;0,55429.801932353184,0.005,2542,0.0002,23.807411660710457,,0.0013620373500422805,0.40888479999989613,ok,same_stridge_core,Hx;D_x^1.658267 H,0.025,1.6354908877691843
0.6758776702443445,1.6446953590796354,0.2091649152481659,-1.2908099509908553,0;0;-1.29080995099;0.209164915248;0;0;0;0;0;0;0;0,55372.17025015862,0.005,2543,0.0002,23.783117684864756,,0.0013611841802185559,0.4105113999999048,ok,same_stridge_core,Hx;D_x^1.644695 H,0.030000000000000002,1.6342495848013072
0.6792836387519785,1.6456153931950037,1.0449846782886663,-1.1472523501649743,-0.025636032413;0.0022519421183;-1.14725235016;1.04498467829;0;0;-0.127883395521;-0.393084801643;-0.267323243472;0.00965756172494;0.0217289420156;0,55375.55735673335,0.005,2544,0.0002,100.81441070237273,,0.0006564727541637406,0.38237009999988913,ok,same_stridge_core,1;H;Hx;D_x^1.645615 H;H*Hx;H*Hxx;H*Hxxx;H^2*Hx;H^2*Hxx,0.005,1.1384074602526852
0.6803128288525461,1.6543299346463098,0.568860862744764,-1.3376124635930036,0;0;-1.33761246359;0.568860862745;0;0;0;-0.329571495236;0.0710831577693;0;0.0313384780458;0,55411.32043541665,0.005,2545,0.0002,56.67606754240224,,0.0008062279140719441,0.2866645999999946,ok,same_stridge_core,Hx;D_x^1.65433 H;H*Hxx;H*Hxxx;H^2*Hxx,0.01,1.2647471069855807
0.6706384352304089,1.6580852925233682,0.2004842733488406,-1.303213717977781,0;0;-1.30321371798;0.200484273349;0;0;0;0;0;0;0;0,55428.91507949231,0.005,2546,0.0002,23.917579713994428,,0.001552214320114205,0.38172609999992346,ok,same_stridge_core,Hx;D_x^1.658085 H,0.03013888888888889,1.7460136821975039
0.6758132169989429,1.6530003857981663,0.5946233372833211,-1.356738923697175,0;0;-1.3567389237;0.594623337283;0;0;0;-0.356204161763;0.0760990721677;0;0.0336281843749;0,55405.417256524095,0.005,2547,0.0002,56.71936037473636,,0.0008716129008752815,0.4019314999998187,ok,same_stridge_core,Hx;D_x^1.653 H;H*Hxx;H*Hxxx;H^2*Hxx,0.009861471861471868,1.3139431182122638
0.6758805980274644,1.66080244685022,0.2126335066576745,-1.288588151704283,0;0;-1.2885881517;0.212633506658;0;0;0;0;0;0;0;0,55442.523458952994,0.005,2548,0.0002,23.82394978083008,,0.0013809407704574869,0.4047651000000769,ok,same_stridge_core,Hx;D_x^1.660802 H,0.03617647058823529,1.6469403972488819
0.6766624364852678,1.6563912879503722,0.21337099795792552,-1.2870761578176046,0;0;-1.28707615782;0.213370997958;0;0;0;0;0;0;0;0,55420.80721315457,0.005,2549,0.0002,23.79713654735629,,0.0013511095384273035,0.28062099999988277,ok,same_stridge_core,Hx;D_x^1.656391 H,0.025,1.6288136620944567
0.6707613199795401,1.6439483765472855,0.19805291669893765,-1.3047408775908251,0;0;-1.30474087759;0.198052916699;0;0;0;0;0;0;0;0,55369.4722769615,0.005,2550,0.0002,23.880403362239985,,0.001529828280054838,0.2766536999999971,ok,same_stridge_core,Hx;D_x^1.643948 H,0.035,1.7326144514553867
0.6750225743567868,1.664156022760591,0.6126451781326139,-1.3554482136646333,0;0;-1.35544821366;0.612645178133;0;0;0;-0.368155937411;0.0829808186359;0;0.034864409057;0,55460.38199200073,0.005,2551,0.0002,56.79212344595453,,0.0008947818005785216,0.38492249999990236,ok,same_stridge_core,Hx;D_x^1.664156 H;H*Hxx;H*Hxxx;H^2*Hxx,0.019545454545454536,1.3317414539537957
0.6691642123808463,1.650158778099642,0.19572483820700992,-1.3082689961217628,0;0;-1.30826899612;0.195724838207;0;0;0;0;0;0;0;0,55393.35099019295,0.005,2552,0.0002,23.926619267610974,,0.0015945741256233545,0.3876412000001892,ok,same_stridge_core,Hx;D_x^1.650159 H,0.030000000000000002,1.7692788715337926
0.6712323243878795,1.6501298799615969,0.2002534147953414,-1.302641737227666,0;0;-1.30264173723;0.200253414795;0;0;0;0;0;0;0;0,55393.23213806277,0.005,2553,0.0002,23.885444510191395,,0.001521376366417451,0.38046349999990525,ok,same_stridge_core,Hx;D_x^1.65013 H,0.030000000000000002,1.7281516549662876
0.6706455195105316,1.6595682920751218,0.20078861828868172,-1.303000966934402,0;0;-1.30300096693;0.200788618289;0;0;0;0;0;0;0;0,55436.248792175764,0.005,2554,0.0002,23.92150653311518,,0.001553844208840248,0.398824999999988,ok,same_stridge_core,Hx;D_x^1.659568 H,0.039312764550264556,1.7470070162448765
0.6744893018476261,1.6576253844542341,0.20889646857507435,-1.2927931074770598,0;0;-1.29279310748;0.208896468575;0;0;0;0;0;0;0;0,55426.68577461898,0.005,2555,0.0002,23.841509868409503,,0.00142155547687754,0.37999059999992824,ok,same_stridge_core,Hx;D_x^1.657625 H,0.029369800056774847,1.670835558561912
0.672303899129753,1.6248523629939948,0.19774225158930103,-1.3031602045182216,0;0;-1.30316020452;0.197742251589;0;0;0;0;0;0;0;0,55314.92116726499,0.005,2556,0.0002,23.81285408465217,,0.0014521293562134092,0.3877740000000358,ok,same_stridge_core,Hx;D_x^1.624852 H,0.12500000000000003,1.6868856177461693
0.6759422789881431,1.6761050150920882,0.0,-1.2652517355376314,0;0;-1.26525173554;0;0;0;0;0;0;0;0;0,55534.37863608112,0.005,2557,0.0002,13.552737863257645,,0.0030334646109442193,0.130883699999913,ok,same_stridge_core,Hx,0.04442857142857142,2.44586213604142
0.6757358763854034,1.6535786885388628,0.21075059163787496,-1.2899676141778647,0;0;-1.28996761418;0.210750591638;0;0;0;0;0;0;0;0,55407.96449827953,0.005,2558,0.0002,23.807183282872973,,0.0013766443165171964,0.37526630000002115,ok,same_stridge_core,Hx;D_x^1.653579 H,0.025592105263157895,1.643997483561163
0.677899957010509,1.6644083870108468,0.5953186864714639,-1.3435817804384091,0;0;-1.34358178044;0.595318686471;0;0;0;-0.350568043181;0.0793111795098;0;0.033332588453;0,55461.7748666974,0.005,2559,0.0002,56.760391329746106,,0.000849991788699972,0.3864473999999518,ok,same_stridge_core,Hx;D_x^1.664408 H;H*Hxx;H*Hxxx;H^2*Hxx,0.010534090909090894,1.2986164630487047
0.6740754526671346,1.6669647157704555,0.20996755904656786,-1.2926654241365627,0;0;-1.29266542414;0.209967559047;0;0;0;0;0;0;0;0,55476.27996011247,0.005,2560,0.0002,23.876476431028685,,0.0014465814532030876,0.4109891000000516,ok,same_stridge_core,Hx;D_x^1.666965 H,0.030000000000000002,1.6859644469836959
0.6744888165192606,1.664082147549116,0.21027079347863825,-1.291925037711911,0;0;-1.29192503771;0.210270793479;0;0;0;0;0;0;0;0,55459.97555490862,0.005,2561,0.0002,23.859844500227165,,0.0014295377339023627,0.13890809999998055,ok,same_stridge_core,Hx;D_x^1.664082 H,0.030000000000000002,1.675854278263718
0.6691507032126567,1.6629525351796013,0.19808385225505626,-1.3066555001209188,0;0;-1.30665550012;0.198083852255;0;0;0;0;0;0;0;0,55453.835181666356,0.005,2562,0.0002,23.960819644477226,,0.001611445768443528,0.3754301999999825,ok,same_stridge_core,Hx;D_x^1.662953 H,0.029453159041394332,1.779285571810683
0.7041382661862785,1.3408329993762482,0.0,-1.1840539572974693,0;0;-1.1840539573;0;0;0;0;0;0;0;0;0,55621.91230664878,0.005,2563,0.0002,13.710636412897586,,0.0034296626484369495,0.39314650000005713,ok,same_stridge_core,Hx,0.12500000000000003,2.586253951567829
0.6755852006476631,1.6294242121596416,0.2054012230386455,-1.293727149330493,0;0;-1.29372714933;0.205401223039;0;0;0;0;0;0;0;0,55325.627361530744,0.005,2564,0.0002,23.75762694709993,,0.0013512235062846328,0.3984361999998782,ok,same_stridge_core,Hx;D_x^1.629424 H,0.04,1.6273760024876298
0.6761205125275285,1.6742616903865817,0.21617538194169836,-1.2861125374627982,0;0;-1.28611253746;0.216175381942;0;0;0;0;0;0;0;0,55521.84197964066,0.005,2565,0.0002,23.861553399624164,,0.0013896814934323796,0.38780759999986003,ok,same_stridge_core,Hx;D_x^1.674262 H,0.03454376632808005,1.6528166077679007
0.677587946839118,1.670245339623053,0.6039739784786547,-1.3425046268479448,0;0;-1.34250462685;0.603973978479;0;0;0;-0.356019287858;0.0826227564821;0;0.0339080554962;0,55495.981832011166,0.005,2566,0.0002,56.80249080991094,,0.0008600321494536957,0.14614380000011806,ok,same_stridge_core,Hx;D_x^1.670245 H;H*Hxx;H*Hxxx;H^2*Hxx,0.015363636363636359,1.3065089778997776
0.6799275125884929,1.6824271674612918,0.22672518225214489,-1.2746327938180064,0;0;-1.27463279382;0.226725182252;0;0;0;0;0;0;0;0,55580.747856155904,0.005,2567,0.0002,23.821365632535866,,0.001283947564016952,0.3938312999998743,ok,same_stridge_core,Hx;D_x^1.682427 H,0.030000000000000002,1.5890664900735014
0.67599182402586,1.6391086915776703,0.2082349936302212,-1.2912801048936908,0;0;-1.29128010489;0.20823499363;0;0;0;0;0;0;0;0,55353.08913802749,0.005,2568,0.0002,23.768826871661428,,0.001350648377637749,0.3973097999999027,ok,same_stridge_core,Hx;D_x^1.639109 H,0.035,1.6275912164504283
0.6717432849468221,1.6411073220476486,0.19962633011498543,-1.3024599167862199,0;0;-1.30245991679;0.199626330115;0;0;0;0;0;0;0;0,55359.62821081932,0.005,2569,0.0002,23.854854100245564,,0.0014922225707957638,0.3905208999999559,ok,same_stridge_core,Hx;D_x^1.641107 H,0.04,1.7110028159178363
0.6746016021530952,1.6587750236320016,0.6089246777407442,-1.3594143194487025,0;0;-1.35941431945;0.608924677741;0;0;0;-0.367393885451;0.080728378279;0;0.0347024054027;0,55432.29809246172,0.005,2570,0.0002,56.76477183676257,,0.0008963036445210854,0.38791029999993043,ok,same_stridge_core,Hx;D_x^1.658775 H;H*Hxx;H*Hxxx;H^2*Hxx,0.01,1.3324737443008474
0.6753863731339699,1.6791166722021087,0.6275040082695063,-1.3476911624686179,0;0;-1.34769116247;0.62750400827;0;0;0;-0.374810898655;0.0899108234208;0;0.0357130644397;0,55555.80225515474,0.005,2571,0.0002,56.89504457297909,,0.0009036385016743055,0.3912704000001668,ok,same_stridge_core,Hx;D_x^1.679117 H;H*Hxx;H*Hxxx;H^2*Hxx,0.0113157894736842,1.3392423178243538
0.669465474942109,1.6614162711065936,0.1985011872812365,-1.3059898879770893,0;0;-1.30598988798;0.198501187281;0;0;0;0;0;0;0;0,55445.703035153194,0.005,2572,0.0002,23.950121657514625,,0.0015981353012928345,0.28757150000001275,ok,same_stridge_core,Hx;D_x^1.661416 H,0.030000000000000002,1.7718404434533452
0.6739063407315748,1.6462295084355254,0.20527174338069298,-1.2959173899599414,0;0;-1.29591738996;0.205271743381;0;0;0;0;0;0;0;0,55377.85796514668,0.005,2573,0.0002,23.824174844237962,,0.0014263284044807956,0.2885599999999613,ok,same_stridge_core,Hx;D_x^1.64623 H,0.029509803921568625,1.6730316581792906
0.6774703491850345,1.6634381780655825,0.0,-1.2607495033486211,0;0;-1.26074950335;0;0;0;0;0;0;0;0;0,55456.458123422955,0.005,2574,0.0002,13.538535088658122,,0.0030385418769597605,0.4026854999999614,ok,same_stridge_core,Hx,0.11166666666666669,2.44724346397353
0.6743253360269773,1.6474818604244947,0.20642735053233607,-1.2946143329887267,0;0;-1.29461433299;0.206427350532;0;0;0;0;0;0;0;0,55382.64958981974,0.005,2575,0.0002,23.81904537487645,,0.0014142372340265916,0.38242510000009133,ok,same_stridge_core,Hx;D_x^1.647482 H,0.025,1.6659855389485516
0.6729632200710438,1.6515389530690807,0.20430609101223823,-1.2977533568419064,0;0;-1.29775335684;0.204306091012;0;0;0;0;0;0;0;0,55399.11912798145,0.005,2576,0.0002,23.855078857356144,,0.0014642366207395117,0.3919376999999713,ok,same_stridge_core,Hx;D_x^1.651539 H,0.030000000000000002,1.695431206163561
0.6484497589899759,1.9680793858802557,0.0,-1.3397227064095447,0;0;-1.33972270641;0;0;0;0;-0.224487999315;0.047843381644;0;0.0316945134598;0,66975.11774460919,0.005,2577,0.0002,55.55806353698483,,0.0019609815254134494,0.4092482999999447,ok,same_stridge_core,Hx;H*Hxx;H*Hxxx;H^2*Hxx,0.02,1.9779693412974797
0.6816199950024802,1.678349618838859,0.22949587482073128,-1.270608335422089,0;0;-1.27060833542;0.229495874821;0;0;0;0;0;0;0;0,55550.23283553789,0.005,2578,0.0002,23.77580400115186,,0.0012309129653246043,0.3842445000000225,ok,same_stridge_core,Hx;D_x^1.67835 H,0.030000000000000002,1.5557108669367041
0.6446145293629182,1.978419132733583,-0.9764714171432741,-1.3739528149056994,0;0;-1.37395281491;-0.976471417143;0;0;0;0.151309826935;-0.0673559387563;0;0;0,67010.56401414252,0.005,2579,0.0002,55.70500108992827,,0.0022148782727659092,0.3804469000001518,ok,same_stridge_core,Hx;D_x^1.978419 H;H*Hxx;H*Hxxx,0.035,2.0965498786142454
0.674292204953651,1.6758614670279683,0.0,-1.270126698453703,0;0;-1.27012669845;0;0;0;0;0;0;0;0;0,55532.697933818825,0.005,2580,0.0002,13.551836152494838,,0.0030303402187499013,0.3863389000000552,ok,same_stridge_core,Hx,0.045,2.445296565731072
0.6753294033497764,1.675807355138481,0.21473598647794181,-1.2880640520313764,0;0;-1.28806405203;0.214735986478;0;0;0;0;0;0;0;0,55532.325143166374,0.005,2581,0.0002,23.88180164929951,,0.0014166791685882355,0.3844472000000678,ok,same_stridge_core,Hx;D_x^1.675807 H,0.02991973119473119,1.6688715920329618
0.6746297681099842,1.6538854649423,0.6029489303532699,-1.3613102676467084,0;0;-1.36131026765;0.602948930353;0;0;0;-0.364084196067;0.0780843385944;0;0.0343276794074;0,55409.32841672159,0.005,2582,0.0002,56.737647898401015,,0.0008910870853560081,0.3869784000000891,ok,same_stridge_core,Hx;D_x^1.653885 H;H*Hxx;H*Hxxx;H^2*Hxx,0.010009469696969697,1.3283194816794244
0.6739919831224253,1.679158118965439,0.6361320809712042,-1.3532732590191623,0;0;-1.35327325902;0.636132080971;0;0;0;-0.383512372487;0.0918565159946;0;0.0364804102491;0,55556.1053661932,0.005,2583,0.0002,56.91226437676315,,0.0009270158319659533,0.40011170000002494,ok,same_stridge_core,Hx;D_x^1.679158 H;H*Hxx;H*Hxxx;H^2*Hxx,0.01,1.3561590105699488
0.6740105027150269,1.6606132295549423,0.20847299800889882,-1.2936914398160588,0;0;-1.29369143982;0.208472998009;0;0;0;0;0;0;0;0,55441.55108397871,0.005,2584,0.0002,23.858936627136774,,0.0014408793609461163,0.2832969000000958,ok,same_stridge_core,Hx;D_x^1.660613 H,0.031041666666666672,1.6823161935452915
0.6758688469282902,1.641649380974547,0.5806291162184634,-1.361010252982253,0;0;-1.36101025298;0.580629116218;0;0;0;-0.348365186503;0.0698363069178;0;0.0327530211665;0,55361.45612902804,0.005,2585,0.0002,56.6662755273147,,0.0008603501316095995,0.4102803999999196,ok,same_stridge_core,Hx;D_x^1.641649 H;H*Hxx;H*Hxxx;H^2*Hxx,0.01,1.3048193982866616
0.6760687678077089,1.6451943417991046,0.5836956578249333,-1.3587744630019103,0;0;-1.358774463;0.583695657825;0;0;0;-0.349511643255;0.0715494007153;0;0.0329133618849;0,55373.99852329213,0.005,2586,0.0002,56.67918643809841,,0.0008605206314896362,0.38838220000002366,ok,same_stridge_core,Hx;D_x^1.645194 H;H*Hxx;H*Hxxx;H^2*Hxx,0.012445362718089988,1.3051879148062857
0.6829139519007837,1.6761050150920882,0.23179010101430905,-1.267427730649347,0;0;-1.26742773065;0.231790101014;0;0;0;0;0;0;0;0,55534.37863608112,0.005,2587,0.0002,23.744980050273302,,0.0011926473521030512,0.13882509999984904,ok,same_stridge_core,Hx;D_x^1.676105 H,0.030000000000000002,1.5312285958408496
0.6776432782792314,1.6624592643435014,0.0,-1.2602407393630717,0;0;-1.26024073936;0;0;0;0;0;0;0;0;0,55451.1967404017,0.005,2588,0.0002,13.537690544716744,,0.0030392471670282885,0.13183029999981954,ok,same_stridge_core,Hx,0.11166666666666669,2.4474511966364036
0.6746701508066298,1.6375120426115848,0.20512981435065822,-1.295054395650206,0;0;-1.29505439565;0.205129814351;0;0;0;0;0;0;0;0,55348.08749900921,0.005,2589,0.0002,23.790631855083582,,0.0013905412106234697,0.38961939999990136,ok,same_stridge_core,Hx;D_x^1.637512 H,0.035,1.6513968554798937
0.6782564428590085,1.6551707777502818,0.2165439067647912,-1.2829434935591104,0;0;-1.28294349356;0.216543906765;0;0;0;0;0;0;0;0,55415.14079607439,0.005,2590,0.0002,23.76434490622446,,0.001301087689727781,0.27332590000014534,ok,same_stridge_core,Hx;D_x^1.655171 H,0.02440907006077284,1.5982885877947037
0.6694419978839019,1.6499058679484953,0.19628901081087843,-1.3075445644037544,0;0;-1.3075445644;0.196289010811;0;0;0;0;0;0;0;0,55392.31271875749,0.005,2591,0.0002,23.920444601643602,,0.0015842439579630203,0.3836593000000903,ok,same_stridge_core,Hx;D_x^1.649906 H,0.030000000000000002,1.7635195141406086
0.6738214308460326,1.6469055775101633,0.2052264870754773,-1.2960549563199841,0;0;-1.29605495632;0.205226487075;0;0;0;0;0;0;0;0,55380.42790579654,0.005,2592,0.0002,23.82737304428828,,0.0014299637310556702,0.37880999999993037,ok,same_stridge_core,Hx;D_x^1.646906 H,0.03462826797385623,1.675201881969664
0.6769212831505231,1.649148578094646,0.2123425522710746,-1.2873807897151859,0;0;-1.28738078972;0.212342552271;0;0;0;0;0;0;0;0,55389.238000025995,0.005,2593,0.0002,23.773925489516515,,0.0013342599786824695,0.38100699999995413,ok,same_stridge_core,Hx;D_x^1.649149 H,0.02579066985645934,1.6182302895061167
0.6806153454263799,1.657374189516997,0.5706321784411178,-1.335226860785467,0;0;-1.33522686079;0.570632178441;0;0;0;-0.329656431863;0.0722453852025;0;0.0313944888043;0,55425.4769954607,0.005,2594,0.0002,56.68901775590624,,0.0008044155619942457,0.13623240000015358,ok,same_stridge_core,Hx;D_x^1.657374 H;H*Hxx;H*Hxxx;H^2*Hxx,0.010365259740259725,1.2635407604455393
0.6625317123591931,1.6528778898984744,0.18137973217512177,-1.3261180550896914,0;0;-1.32611805509;0.181379732175;0;0;0;0;0;0;0;0,55404.88158331036,0.005,2595,0.0002,24.069904568409093,,0.0018537971994039384,0.2799190999999155,ok,same_stridge_core,Hx;D_x^1.652878 H,0.030000000000000002,1.9079519350849479
0.6764066919799367,1.6690891829305667,0.0,-1.2638821657687054,0;0;-1.26388216577;0;0;0;0;0;0;0;0;0,55488.89606513703,0.005,2596,0.0002,13.543974687123196,,0.0030347872468876732,0.38641450000000077,ok,same_stridge_core,Hx,0.11166666666666669,2.44619547409579
0.6755117613813295,1.661451660673075,0.6064726960583602,-1.3545546271210154,0;0;-1.35455462712;0.606472696058;0;0;0;-0.36344420491;0.0809398427257;0;0.0344055772405;0,55445.887467578475,0.005,2597,0.0002,56.76978263882142,,0.0008843275090387641,0.3925833999999213,ok,same_stridge_core,Hx;D_x^1.661452 H;H*Hxx;H*Hxxx;H^2*Hxx,0.01,1.3238951712429377
0.6740082795395692,1.646711759049793,0.5981637547003648,-1.3668475647487746,0;0;-1.36684756475;0.5981637547;0;0;0;-0.363212883779;0.0749442725444;0;0.0341240928392;0,55379.687202963054,0.005,2598,0.0002,56.70965780934519,,0.0008940457524247994,0.38257359999988694,ok,same_stridge_core,Hx;D_x^1.646712 H;H*Hxx;H*Hxxx;H^2*Hxx,0.01446969696969697,1.3299706063821355
0.6678905007798008,1.6703172401330026,0.0,-1.2891707118145066,0;0;-1.28917071181;0;0;0;0;0;0;0;0;0,55496.42748015085,0.005,2599,0.0002,13.551810819146592,,0.0030422301111425617,0.14995040000007975,ok,same_stridge_core,Hx,0.12500000000000003,2.4525253231164217
0.6737168779118708,1.6474974287681026,0.20512152553478802,-1.2962573215873365,0;0;-1.29625732159;0.205121525535;0;0;0;0;0;0;0;0,55382.709982090004,0.005,2600,0.0002,23.83076799138718,,0.0014341443059968384,0.4003585000000385,ok,same_stridge_core,Hx;D_x^1.647497 H,0.08092592592592589,1.677683998551179
0.6749347844569081,1.6609823674235913,0.6094712891734188,-1.3571246432817907,0;0;-1.35712464328;0.609471289173;0;0;0;-0.366721917919;0.0814520255808;0;0.0346830735788;0,55443.451307868825,0.005,2601,0.0002,56.773738781878556,,0.0008930964600132201,0.37958819999994375,ok,same_stridge_core,Hx;D_x^1.660982 H;H*Hxx;H*Hxxx;H^2*Hxx,0.01600140056022407,1.3302874740097324
0.6830399135423204,1.6559757556518828,0.22695437611438038,-1.2699833583969906,0;0;-1.2699833584;0.226954376114;0;0;0;0;0;0;0;0,55418.86206008294,0.005,2602,0.0002,23.68072454208674,,0.0011662587555503036,0.3883381999999074,ok,same_stridge_core,Hx;D_x^1.655976 H,0.03795187165775401,1.5131797180535644
0.678304975478095,1.666576622386858,0.5953735301978074,-1.3410727382375223,0;0;-1.34107273824;0.595373530198;0;0;0;-0.349408637494;0.0798583669016;0;0.0332675640638;0,55474.03045806185,0.005,2603,0.0002,56.76963776241024,,0.0008457943824303882,0.3938989999999194,ok,same_stridge_core,Hx;D_x^1.666577 H;H*Hxx;H*Hxxx;H^2*Hxx,0.01,1.295607304348395
0.6750852797596888,1.6492089922646984,0.5945504760121848,-1.3613057621608995,0;0;-1.36130576216;0.594550476012;0;0;0;-0.358216080669;0.0749713180911;0;0.0337361878262;0,55389.48151773682,0.005,2604,0.0002,56.708911982195566,,0.0008794117424889543,0.3989530999999715,ok,same_stridge_core,Hx;D_x^1.649209 H;H*Hxx;H*Hxxx;H^2*Hxx,0.01,1.3194304644587422
0.6755614383125507,1.6497390127517404,0.20955508765736985,-1.2909662330868759,0;0;-1.29096623309;0.209555087657;0;0;0;0;0;0;0;0,55391.63087816102,0.005,2605,0.0002,23.800903804377057,,0.0013774138424826755,0.38157430000001114,ok,same_stridge_core,Hx;D_x^1.649739 H,0.02548632228719948,1.6442514531126498
0.6835432131961772,1.6592164221945132,0.2288342344466689,-1.2681655221843537,0;0;-1.26816552218;0.228834234447;0;0;0;0;0;0;0;0,55434.4885607915,0.005,2606,0.0002,23.680805882581264,,0.0011565162959962618,0.3897042999999485,ok,same_stridge_core,Hx;D_x^1.659216 H,0.025,1.5070104582646635
0.6735517913843865,1.6370544397478057,0.20268311978361253,-1.2981276894186946,0;0;-1.29812768942;0.202683119784;0;0;0;0;0;0;0;0,55346.68959475961,0.005,2607,0.0002,23.811198995927697,,0.0014263366619648493,0.38030260000005,ok,same_stridge_core,Hx;D_x^1.637054 H,0.05375000000000001,1.672523158023851
0.673423348477199,1.6621062622109957,0.620126581995317,-1.362893216388635,0;0;-1.36289321639;0.620126581995;0;0;0;-0.376822404006;0.0840285759734;0;0.0355840235243;0,55449.32435654191,0.005,2608,0.0002,56.79845249427008,,0.0009189486108059577,0.3851235000001907,ok,same_stridge_core,Hx;D_x^1.662106 H;H*Hxx;H*Hxxx;H^2*Hxx,0.01,1.3491281377281679
0.6774946744995418,1.6573402193558728,0.2153875241955588,-1.2846964563793888,0;0;-1.28469645638;0.215387524196;0;0;0;0;0;0;0;0,55425.31401787947,0.005,2609,0.0002,23.784197087023518,,0.0013267008253743232,0.3912577999999485,ok,same_stridge_core,Hx;D_x^1.65734 H,0.025,1.6140714798717297
0.6765114894980542,1.6334187953729755,0.19623492430709108,-1.2981290904901677,0;0;-1.29812909049;0.196234924307;0;0;0;0;-0.0371805028943;0;0;0,55336.135630908386,0.005,2610,0.0002,34.815445492082645,,0.0013160015084484821,0.39122550000001866,ok,same_stridge_core,Hx;D_x^1.633419 H;H*Hxxx,0.025,1.613764113537614
0.6802002982768078,1.6809341364546537,0.22696728046345277,-1.2740978929685836,0;0;-1.27409789297;0.226967280463;0;0;0;0;0;0;0;0,55569.31241395338,0.005,2611,0.0002,23.810743298843835,,0.0012743042999780116,0.3890715,ok,same_stridge_core,Hx;D_x^1.680934 H,0.03166666666666666,1.5830183332624783
0.7010781510004473,1.688038567573509,0.27473326796341363,-1.2171527946976486,0;0;-1.2171527947;0.274733267963;0;0;0;0;0;0;0;0,55626.55602710323,0.005,2612,0.0002,23.509301588707388,,0.0008052728057617101,0.15941490000000158,ok,same_stridge_core,Hx;D_x^1.688039 H,0.04,1.2586791778660975
0.676303119468179,1.6647310163955695,0.21443362016426237,-1.286906684862446,0;0;-1.28690668486;0.214433620164;0;0;0;0;0;0;0;0,55463.56563412091,0.005,2613,0.0002,23.827488837020976,,0.0013724443563033512,0.38413809999997284,ok,same_stridge_core,Hx;D_x^1.664731 H,0.034564950980392174,1.6420625833726104
0.6749519599708133,1.6821165263047422,0.0,-1.2681758680967448,0;0;-1.2681758681;0;0;0;0;0;0;0;0;0,55578.34357788309,0.005,2614,0.0002,13.561074907521537,,0.003031292935431446,0.13253179999992426,ok,same_stridge_core,Hx,0.12500000000000003,2.445406191944918
0.6739625620155968,1.651073421389383,0.20638240902589802,-1.2951074511412164,0;0;-1.29510745114;0.206382409026;0;0;0;0;0;0;0;0,55397.1541579558,0.005,2615,0.0002,23.83464517974415,,0.0014305710591067857,0.3807245000000421,ok,same_stridge_core,Hx;D_x^1.651073 H,0.030000000000000002,1.6757835165618298
0.6773006392943779,1.6549055877758343,0.2144237167881885,-1.2855579813912765,0;0;-1.28555798139;0.214423716788;0;0;0;0;0;0;0;0,55413.92866735753,0.005,2616,0.0002,23.78131833744557,,0.0013296647886407481,0.3854701999998724,ok,same_stridge_core,Hx;D_x^1.654906 H,0.025,1.6157468705025557
0.6817870839148322,1.6565390654031054,0.22442920000956654,-1.2732580832317981,0;0;-1.27325808323;0.22442920001;0;0;0;0;0;0;0;0,55421.50323322823,0.005,2617,0.0002,23.7042494664071,,0.0012010732633748666,0.3794413999999051,ok,same_stridge_core,Hx;D_x^1.656539 H,0.02440857044572215,1.5356481731158078
0.6833069780910269,1.6771179421817293,0.23292308465888298,-1.266222451449464,0;0;-1.26622245145;0.232923084659;0;0;0;0;0;0;0;0,55541.45213209359,0.005,2618,0.0002,23.741749791361613,,0.0011831534194812672,0.39617599999996855,ok,same_stridge_core,Hx;D_x^1.677118 H,0.03432677374187179,1.5251689385241765
0.6795922465048814,1.6579201953979512,0.22005440388029227,-1.2789592303976371,0;0;-1.2789592304;0.22005440388;0;0;0;0;0;0;0;0,55428.11237058505,0.005,2619,0.0002,23.747318642693507,,0.0012649703027396595,0.2721226999999544,ok,same_stridge_core,Hx;D_x^1.65792 H,0.030000000000000002,1.5760736944594884
0.6779937948037078,1.6517645623785409,0.21521312220464264,-1.284127540555552,0;0;-1.28412754056;0.215213122205;0;0;0;0;0;0;0;0,55400.07849616635,0.005,2620,0.0002,23.76044752764732,,0.0013048466253150184,0.3896770999999717,ok,same_stridge_core,Hx;D_x^1.651765 H,0.025,1.6004161291807764
0.6749391180545694,1.6717576280209068,0.21295041519875849,-1.289670390176877,0;0;-1.28967039018;0.212950415199;0;0;0;0;0;0;0;0,55505.4894954415,0.005,2621,0.0002,23.87537327565908,,0.0014243298535096265,0.38890859999992244,ok,same_stridge_core,Hx;D_x^1.671758 H,0.029919731124254927,1.6731774774824808
0.6742403113940325,1.7015160079599263,0.6583979727427516,-1.3424781413833857,0;0;-1.34247814138;0.658397972743;0;0;0;-0.393816092662;0.101575850388;0;0.0378027623227;0,55756.5874531536,0.005,2622,0.0002,57.128217925660955,,0.0009464289596774104,0.14923270000008415,ok,same_stridge_core,Hx;D_x^1.701516 H;H*Hxx;H*Hxxx;H^2*Hxx,0.01320442184078547,1.3716304725073514
0.6728040716980194,1.6685134473223098,0.20743940640585917,-1.2959310705014415,0;0;-1.2959310705;0.207439406406;0;0;0;0;0;0;0;0,55485.425765630265,0.005,2623,0.0002,23.905777241041996,,0.0014907666584209108,0.3926843000001554,ok,same_stridge_core,Hx;D_x^1.668513 H,0.030000000000000002,1.7116069347898892
0.674867560049946,1.657374189516997,0.20967185042255607,-1.2918010537924487,0;0;-1.29180105379;0.209671850423;0;0;0;0;0;0;0;0,55425.4769954607,0.005,2624,0.0002,23.83362254444412,,0.0014090168602997673,0.1410996999998133,ok,same_stridge_core,Hx;D_x^1.657374 H,0.029369838676211225,1.6634317462598356
0.6745163103109912,1.670513455332406,0.2117249305552082,-1.2909900288515446,0;0;-1.29099002885;0.211724930555;0;0;0;0;0;0;0;0,55497.64747367005,0.005,2625,0.0002,23.879321405740956,,0.0014365181139518158,0.39843339999993077,ok,same_stridge_core,Hx;D_x^1.670513 H,0.030000000000000002,1.680262416272935
0.6768405294467085,1.6697609520230372,0.0,-1.2626037474580212,0;0;-1.26260374746;0;0;0;0;0;0;0;0;0,55492.993977759135,0.005,2626,0.0002,13.545174108095122,,0.003036197234939315,0.4036727999998675,ok,same_stridge_core,Hx,0.10833333333333336,2.4465753125432927
0.6757845457706755,1.652452186189718,0.21061414908786436,-1.289990698342095,0;0;-1.28999069834;0.210614149088;0;0;0;0;0;0;0;0,55403.03154628479,0.005,2627,0.0002,23.803400996530794,,0.001373719267298225,0.3921803999999156,ok,same_stridge_core,Hx;D_x^1.652452 H,0.030000000000000002,1.6421883780168802
0.6737958099463556,1.6610253242641904,0.20808486134401108,-1.2942201375662408,0;0;-1.29422013757;0.208084861344;0;0;0;0;0;0;0;0,55443.67337739458,0.005,2628,0.0002,23.86422300752782,,0.0014484491903508385,0.3811177999998563,ok,same_stridge_core,Hx;D_x^1.661025 H,0.05495726495726492,1.6867536565699874
0.6697331520713923,1.6485128533752371,0.6269017097513091,-1.3841989277891154,0;0;-1.38419892779;0.626901709751;0;0;0;-0.39109227777;0.0813372950705;0;0.0365690334842;0,55386.69629144963,0.005,2629,0.0002,56.769276695778544,,0.0009674604815178591,0.4012850999999955,ok,same_stridge_core,Hx;D_x^1.648513 H;H*Hxx;H*Hxxx;H^2*Hxx,0.02,1.3825804043289152
0.6760405134205002,1.6671016637853802,0.2143809236504973,-1.2872977898885876,0;0;-1.28729778989;0.21438092365;0;0;0;0;0;0;0;0,55477.077412253755,0.005,2630,0.0002,23.83965433197783,,0.0013835637174378235,0.40215299999999843,ok,same_stridge_core,Hx;D_x^1.667102 H,0.030000000000000002,1.6488233670763253
0.6723473278615677,1.628646193337597,0.1985415037059869,-1.3025223247415458,0;0;-1.30252232474;0.198541503706;0;0;0;0;0;0;0;0,55323.70804705434,0.005,2631,0.0002,23.818618241852484,,0.0014556076278897164,0.39195459999996274,ok,same_stridge_core,Hx;D_x^1.628646 H,0.03501447963800904,1.6891350230307474
0.6824621074651978,1.6529527959275516,0.22498869109503486,-1.2719676723996574,0;0;-1.2719676724;0.224988691095;0;0;0;0;0;0;0;0,55405.20906542917,0.005,2632,0.0002,23.682957343468924,,0.001178387267942719,0.3780114000001049,ok,same_stridge_core,Hx;D_x^1.652953 H,0.03938539207705874,1.5208737172972577
0.6723885903305042,1.657893064964364,0.621581557552245,-1.3689781510483807,0;0;-1.36897815105;0.621581557552;0;0;0;-0.380609452765;0.0831414461265;0;0.0358366361409;0,55427.98067990296,0.005,2633,0.0002,56.78611628082591,,0.0009319265668507296,0.3847690000000057,ok,same_stridge_core,Hx;D_x^1.657893 H;H*Hxx;H*Hxxx;H^2*Hxx,0.015068406309892386,1.3581356009229417
0.6736474970530228,1.6615124746607417,0.20785854038021764,-1.2945585786110194,0;0;-1.29455857861;0.20785854038;0;0;0;0;0;0;0;0,55446.20494884386,0.005,2634,0.0002,23.868461713125498,,0.001453948756859564,0.38623980000011215,ok,same_stridge_core,Hx;D_x^1.661512 H,0.030000000000000002,1.6899797335879547
0.6718495926416548,1.665868378801731,0.20474265324021837,-1.2988875246806133,0;0;-1.29888752468;0.20474265324;0;0;0;0;0;0;0;0,55469.96990826889,0.005,2635,0.0002,23.91613929010974,,0.0015199451846171063,0.1370695999999043,ok,same_stridge_core,Hx;D_x^1.665868 H,0.03455882352941177,1.7281513268021857
0.67477231748444,1.6574390547886368,0.20947714764431846,-1.2920505461594065,0;0;-1.29205054616;0.209477147644;0;0;0;0;0;0;0;0,55425.78843085935,0.005,2636,0.0002,23.835610236250552,,0.0014121666717901446,0.2800957000001745,ok,same_stridge_core,Hx;D_x^1.657439 H,0.030000000000000002,1.665294863906812
0.6710287004191272,1.6607981588218304,0.2018853968265845,-1.3017937149185874,0;0;-1.30179371492;0.201885396827;0;0;0;0;0;0;0;0,55442.50134263197,0.005,2637,0.0002,23.91738841428984,,0.001541988319313283,0.38715720000004694,ok,same_stridge_core,Hx;D_x^1.660798 H,0.030000000000000002,1.7403878772370487
0.6736421847819258,1.6379810083773485,0.2030567950957923,-1.2977571138618909,0;0;-1.29775711386;0.203056795096;0;0;0;0;0;0;0;0,55349.536399293684,0.005,2638,0.0002,23.811338408730133,,0.0014245452769397885,0.39671369999996386,ok,same_stridge_core,Hx;D_x^1.637981 H,0.03554344814849018,1.6715238490126583
0.6724090726955376,1.6726665327845593,0.0,-1.2757070599150797,0;0;-1.27570705992;0;0;0;0;0;0;0;0;0,55511.33603898694,0.005,2639,0.0002,13.548115824932523,,0.003029822793942493,0.3956258999999136,ok,same_stridge_core,Hx,0.12500000000000003,2.445848617135133
0.6759893989119743,1.637581320521996,0.2079120777366348,-1.291499996169531,0;0;-1.29149999617;0.207912077737;0;0;0;0;0;0;0;0,55348.30051126877,0.005,2640,0.0002,23.76571789619599,,0.0013488155290581523,0.38152340000010554,ok,same_stridge_core,Hx;D_x^1.637581 H,0.039541666666666656,1.626397691688481
0.6712064317808538,1.6676222055586203,0.20364628404906834,-1.3004192553683256,0;0;-1.30041925537;0.203646284049;0;0;0;0;0;0;0;0,55480.12911023838,0.005,2641,0.0002,23.93412074601971,,0.0015443604789997466,0.4093725000000177,ok,same_stridge_core,Hx;D_x^1.667622 H,0.029369641578465108,1.742069101924359
0.6712657423846737,1.6172231656859635,0.19422079221469687,-1.3069960309640165,0;0;-1.30699603096;0.194220792215;0;0;0;0;0;0;0;0,55299.96802619184,0.005,2642,0.0002,23.8210436223622,,0.0014773862021418627,0.38893179999990934,ok,same_stridge_core,Hx;D_x^1.617223 H,0.06922222222222223,1.701056411885465
0.6700498550278637,1.6516729962759433,0.1979553353688354,-1.3056570953116435,0;0;-1.30565709531;0.197955335369;0;0;0;0;0;0;0;0,55399.68840183511,0.005,2643,0.0002,23.9126318352915,,0.0015648160159860412,0.3855942000000141,ok,same_stridge_core,Hx;D_x^1.651673 H,0.04961930926216641,1.7527564745574555
0.6735143484030434,1.6428801097650592,0.5965593263546454,-1.370498786168466,0;0;-1.37049878617;0.596559326355;0;0;0;-0.363691054633;0.0734068707117;0;0.0340963673673;0,55365.6940436512,0.005,2644,0.0002,56.69841715112633,,0.0008982032103581738,0.39300349999984974,ok,same_stridge_core,Hx;D_x^1.64288 H;H*Hxx;H*Hxxx;H^2*Hxx,0.015,1.3327231074751251
0.6726739868175257,1.6575005239809995,0.20487784551377367,-1.2977425552194473,0;0;-1.29774255522;0.204877845514;0;0;0;0;0;0;0;0,55426.08402645786,0.005,2645,0.0002,23.87611935815281,,0.001481441015248187,0.3847056999998131,ok,same_stridge_core,Hx;D_x^1.657501 H,0.029369643210819675,1.705685747569665
0.6660251060290605,1.6637736771533058,0.19112960363984566,-1.3151459965740193,0;0;-1.31514599657;0.19112960364;0;0;0;0;0;0;0;0,55458.285112124126,0.005,2646,0.0002,24.026521332477135,,0.0017291720120298916,0.3872142000000167,ok,same_stridge_core,Hx;D_x^1.663774 H,0.029957784636488346,1.8432072876274834
0.6692761868338476,1.6761050150920882,0.20091471345678064,-1.304638924790321,0;0;-1.30463892479;0.200914713457;0;0;0;0;0;0;0;0,55534.37863608112,0.005,2647,0.0002,24.000294068548868,,0.0016234461728093722,0.1430084999999508,ok,same_stridge_core,Hx;D_x^1.676105 H,0.030000000000000002,1.7865426141164182
0.6741500318257672,1.6450963092551458,0.20556380941741484,-1.2954135625119576,0;0;-1.29541356251;0.205563809417;0;0;0;0;0;0;0;0,55373.637582373834,0.005,2648,0.0002,23.81690352540137,,0.001416941452432366,0.3824595999999474,ok,same_stridge_core,Hx;D_x^1.645096 H,0.04473192239858904,1.667448492451832
0.676482902917484,1.6785924449743304,0.21799135664191793,-1.2845410430377715,0;0;-1.28454104304;0.217991356642;0;0;0;0;0;0;0;0,55551.98741906721,0.005,2649,0.0002,23.870126695878675,,0.0013834828720639437,0.13681790000009642,ok,same_stridge_core,Hx;D_x^1.678592 H,0.030000000000000002,1.6493317282517892
0.6761792434765334,1.673393917140322,0.21611009356885064,-1.2860694084852324,0;0;-1.28606940849;0.216110093569;0;0;0;0;0;0;0;0,55516.08767233056,0.005,2650,0.0002,23.85748915913257,,0.0013867898795161394,0.3992207999999664,ok,same_stridge_core,Hx;D_x^1.673394 H,0.045,1.651054090200343
0.6731649725996875,1.645297151590374,0.6016514313579501,-1.37099195095882,0;0;-1.37099195096;0.601651431358;0;0;0;-0.367487713313;0.075202860849;0;0.0344679420603;0,55374.37767518642,0.005,2651,0.0002,56.713088550248976,,0.0009062146833559279,0.4275899000001573,ok,same_stridge_core,Hx;D_x^1.645297 H;H*Hxx;H*Hxxx;H^2*Hxx,0.015,1.3387108750625554
0.6695430873617818,1.6572051664650003,0.19787637185087467,-1.3063206722592648,0;0;-1.30632067226;0.197876371851;0;0;0;0;0;0;0;0,55424.667090163755,0.005,2652,0.0002,23.936964479138876,,0.0015899833101131328,0.41296349999993254,ok,same_stridge_core,Hx;D_x^1.657205 H,0.0700909090909091,1.7670976430733742
0.674115954149455,1.6794029626379003,0.6356400453479653,-1.3526688898862846,0;0;-1.35266888989;0.635640045348;0;0;0;-0.382878903111;0.0918028132228;0;0.0364290411725;0,55557.90079296979,0.005,2653,0.0002,56.91274732899969,,0.0009251670482525518,0.3932971000001544,ok,same_stridge_core,Hx;D_x^1.679403 H;H*Hxx;H*Hxxx;H^2*Hxx,0.010046717171717167,1.3548465360299065
0.6751540803839009,1.657374189516997,0.21029863210536875,-1.2910242840374997,0;0;-1.29102428404;0.210298632105;0;0;0;0;0;0;0;0,55425.4769954607,0.005,2654,0.0002,23.828180322221893,,0.0013998192219511882,0.13753199999996468,ok,same_stridge_core,Hx;D_x^1.657374 H,0.03447368421052633,1.657989524037609
0.6625317123591931,1.6415026154608294,0.17964701077577314,-1.3275129257737197,0;0;-1.32751292577;0.179647010776;0;0;0;0;0;0;0;0,55360.958978008406,0.005,2655,0.0002,24.043908135918585,,0.0018386384010991776,0.27433059999998477,ok,same_stridge_core,Hx;D_x^1.641503 H,0.054333333333333365,1.8995245447152211
0.6743695737799795,1.6385689544712396,0.2047097581175553,-1.295717253997993,0;0;-1.295717254;0.204709758118;0;0;0;0;0;0;0;0,55351.37652412488,0.005,2656,0.0002,23.79855491763091,,0.0014015724979273949,0.3849423999999999,ok,same_stridge_core,Hx;D_x^1.638569 H,0.03936425594295964,1.6580043079809565
0.6742779836151764,1.6643833589589934,0.6175020029653132,-1.3584109376374245,0;0;-1.35841093764;0.617502002965;0;0;0;-0.372920082724;0.0840847901032;0;0.0352845599285;0,55461.6365117702,0.005,2657,0.0002,56.80238235995262,,0.0009071289422405328,0.3928840000000946,ok,same_stridge_core,Hx;D_x^1.664383 H;H*Hxx;H*Hxxx;H^2*Hxx,0.01,1.3407458481824175
0.6793713628839617,1.6598280355977482,0.5810276325759809,-1.3393751522799657,0;0;-1.33937515228;0.581027632576;0;0;0;-0.338743696949;0.0750841863105;0;0.0322252049819;0,55437.55614580482,0.005,2658,0.0002,56.716390846233644,,0.0008241930040394285,0.4054332999999133,ok,same_stridge_core,Hx;D_x^1.659828 H;H*Hxx;H*Hxxx;H^2*Hxx,0.01,1.2788347004288267
0.679620638759854,1.6602921855619348,0.5800642921236632,-1.338178419103821,0;0;-1.3381784191;0.580064292124;0;0;0;-0.337514827058;0.0749958558901;0;0.032125689391;0,55439.9100967796,0.005,2659,0.0002,56.71631894450253,,0.0008209696082604309,0.38927560000001904,ok,same_stridge_core,Hx;D_x^1.660292 H;H*Hxx;H*Hxxx;H^2*Hxx,0.0109208152958153,1.2764088477229365
0.677994693314971,1.6471860655299584,0.21419643934327273,-1.2847676853883132,0;0;-1.28476768539;0.214196439343;0;0;0;0;0;0;0;0,55381.50551631126,0.005,2660,0.0002,23.749334759695,,0.0012992569919016322,0.3878733999999895,ok,same_stridge_core,Hx;D_x^1.647186 H,0.0446137566137566,1.5967325531704941
0.6762207946232677,1.6617420779691303,0.21358782663363748,-1.2875376349097405,0;0;-1.28753763491;0.213587826634;0;0;0;0;0;0;0;0,55447.40681328752,0.005,2661,0.0002,23.82024310403014,,0.0013713911786894107,0.3861885000001166,ok,same_stridge_core,Hx;D_x^1.661742 H,0.030000000000000002,1.641280378715134
0.6772948484991765,1.6611330106679014,0.21580623537684895,-1.2847122154465391,0;0;-1.28471221545;0.215806235377;0;0;0;0;0;0;0;0,55444.23097835258,0.005,2662,0.0002,23.798453573408697,,0.0013373881610453655,0.3830960000000232,ok,same_stridge_core,Hx;D_x^1.661133 H,0.035,1.6207611820676644
0.6739063407315748,1.6632590936057012,0.2088009419180065,-1.2936206509822383,0;0;-1.29362065098;0.208800941918;0;0;0;0;0;0;0;0,55455.487820767994,0.005,2663,0.0002,23.868552084364953,,0.001447573541294434,0.28946049999990464,ok,same_stridge_core,Hx;D_x^1.663259 H,0.02937184873949578,1.6863569560577536
0.6774703491850345,1.6308349755695934,0.5577609645142397,-1.3583332106717578,0;0;-1.35833321067;0.557760964514;0;0;0;-0.331242284945;0.0618670228425;0;0.0310967457465;0,55329.21232386657,0.005,2664,0.0002,56.60857677655185,,0.0008273564658126837,0.3041440000001785,ok,same_stridge_core,Hx;D_x^1.630835 H;H*Hxx;H*Hxxx;H^2*Hxx,0.012005347593582884,1.2793644526852728
0.6724084237120059,1.6382161662047203,0.20048986995093626,-1.30105261166114,0;0;-1.30105261166;0.200489869951;0;0;0;0;0;0;0;0,55350.26910272385,0.005,2665,0.0002,23.835777492300345,,0.0014659143983257147,0.39220350000005055,ok,same_stridge_core,Hx;D_x^1.638216 H,0.12500000000000003,1.6956698512108073
0.6709392253172091,1.6466636220263462,0.19895135204932016,-1.3038975197909255,0;0;-1.30389751979;0.198951352049;0;0;0;0;0;0;0;0,55379.50356684562,0.005,2666,0.0002,23.88302752108655,,0.0015271184889322732,0.3910126000000673,ok,same_stridge_core,Hx;D_x^1.646664 H,0.12500000000000003,1.7312260943483002
0.6752514513425358,1.6510713959579923,0.2091694603254726,-1.2916207462403921,0;0;-1.29162074624;0.209169460325;0;0;0;0;0;0;0;0,55397.14552401914,0.005,2667,0.0002,23.810038511840553,,0.0013889142031865607,0.3879335000001447,ok,same_stridge_core,Hx;D_x^1.651071 H,0.025,1.6511803022328944
0.6676936844863205,1.664225523440602,0.0,-1.2897595246734328,0;0;-1.28975952467;0;0;0;0;0;0;0;0;0,55460.764916191176,0.005,2668,0.0002,13.545144453858235,,0.0030432192202181825,0.39866029999984676,ok,same_stridge_core,Hx,0.12000000000000004,2.45299147062
0.6713238303923851,1.6720833700632296,0.0,-1.2789311881248004,0;0;-1.27893118812;0;0;0;0;0;0;0;0;0,55507.57334858421,0.005,2669,0.0002,13.548270995454956,,0.003031025687818454,0.1236985000000459,ok,same_stridge_core,Hx,0.12500000000000003,2.4467563257381135
0.6759525094444824,1.6758614670279683,0.21616034363037948,-1.286355651790035,0;0;-1.28635565179;0.21616034363;0;0;0;0;0;0;0;0,55532.697933818825,0.005,2670,0.0002,23.870264299853947,,0.001396906350058994,0.143782500000043,ok,same_stridge_core,Hx;D_x^1.675861 H,0.03558823529411764,1.6571851263264132
0.6735155664698956,1.6352412528363658,0.2022506840523007,-1.298474108015834,0;0;-1.29847410802;0.202250684052;0;0;0;0;0;0;0;0,55341.30510129555,0.005,2671,0.0002,23.808281134200598,,0.0014252129759330591,0.4012712000001102,ok,same_stridge_core,Hx;D_x^1.635241 H,0.045,1.6717590936823787
0.6655560509290315,1.6516346166330236,0.18798280461908778,-1.3179509981430333,0;0;-1.31795099814;0.187982804619;0;0;0;0;0;0;0;0,55399.52521220966,0.005,2672,0.0002,24.003654364479686,,0.001731530858864669,0.3864663000001656,ok,same_stridge_core,Hx;D_x^1.651635 H,0.029635967518320462,1.8438442795958225
0.674904194624069,1.643508827856671,0.20684791547986703,-1.2935965745593991,0;0;-1.29359657456;0.20684791548;0;0;0;0;0;0;0;0,55367.906435476616,0.005,2673,0.0002,23.79892068490659,,0.0013905806024592966,0.27141839999990225,ok,same_stridge_core,Hx;D_x^1.643509 H,0.045,1.651758110715944
0.6662503705827406,1.6398877846652076,0.1875519418708721,-1.3175419677102789,0;0;-1.31754196771;0.187551941871;0;0;0;0;0;0;0;0,55355.60107570507,0.005,2674,0.0002,23.962819897456253,,0.0016893250574597969,0.3825365000000147,ok,same_stridge_core,Hx;D_x^1.639888 H,0.034434086134453784,1.8205794671742248
0.6376167466550878,1.1697399928851995,0.2522957623335816,-1.6855961718432015,0;0;-1.68559617184;0.252295762334;0;0;0;-0.0867190204448;-0.327759617302;0;0;0,55903.36334772567,0.005,2675,0.0002,46.22610471037658,,0.0011732145360570908,0.39841840000008233,ok,same_stridge_core,Hx;D_x^1.16974 H;H*Hxx;H*Hxxx,0.019499055513370722,1.5034140321960394
0.6725334517445614,1.6729248762067717,0.20775245878005846,-1.2960935111996756,0;0;-1.2960935112;0.20775245878;0;0;0;0;0;0;0;0,55513.016256089446,0.005,2676,0.0002,23.925385622902994,,0.0015053546333729994,0.4116281000001436,ok,same_stridge_core,Hx;D_x^1.672925 H,0.03433941341398858,1.7201791204672143
0.6764862922067004,1.67044936647671,0.2161290074412856,-1.2856317083256958,0;0;-1.28563170833;0.216129007441;0;0;0;0;0;0;0;0,55497.24872821979,0.005,2677,0.0002,23.841952150014805,,0.0013736238184411202,0.4166554000000815,ok,same_stridge_core,Hx;D_x^1.670449 H,0.05917582417582417,1.6430526587268879
0.6776432782792314,1.6194452292447363,0.20754915842129504,-1.2896601160730097,0;0;-1.28966011607;0.207549158421;0;0;0;0;0;0;0;0,55303.96444567556,0.005,2678,0.0002,23.70203035673761,,0.0012755293655897868,0.28506719999995767,ok,same_stridge_core,Hx;D_x^1.619445 H,0.035,1.5804445784673822
0.6783988658471891,1.6785924449743304,0.0,-1.258019529652106,0;0;-1.25801952965;0;0;0;0;0;0;0;0;0,55551.98741906721,0.005,2679,0.0002,13.558876451798387,,0.0030426371493164736,0.1438481000000138,ok,same_stridge_core,Hx,0.08666666666666668,2.448478967984944
0.6782564428590085,1.6636851905907903,0.2184941352596084,-1.2817579790329112,0;0;-1.28175797903;0.21849413526;0;0;0;0;0;0;0;0,55457.802212130264,0.005,2680,0.0002,23.788121544616224,,0.001311308781317876,0.2803026999999929,ok,same_stridge_core,Hx;D_x^1.663685 H,0.05151785714285715,1.6050006597641198
0.6779958333805421,1.6446773428007844,0.21364541233009363,-1.2851179864018976,0;0;-1.2851179864;0.21364541233;0;0;0;0;0;0;0;0,55372.104571775606,0.005,2681,0.0002,23.743532273304627,,0.0012961645434356713,0.3971942000000581,ok,same_stridge_core,Hx;D_x^1.644677 H,0.0431875,1.5946904445943846
0.678801640112665,1.668859801217875,0.0,-1.256836662006959,0;0;-1.25683666201;0;0;0;0;0;0;0;0;0,55487.50879493089,0.005,2682,0.0002,13.546608761388976,,0.003044648641822484,0.27844120000008843,ok,same_stridge_core,Hx,0.0772222222222222,2.4491070024027977
0.673334888079188,1.6608167613895561,0.6191602811983105,-1.3638049454436383,0;0;-1.36380494544;0.619160281198;0;0;0;-0.376562386395;0.0834649368619;0;0.0355378680901;0,55442.597035521205,0.005,2683,0.0002,56.79174019866187,,0.0009190993096893354,0.2840438999999151,ok,same_stridge_core,Hx;D_x^1.660817 H;H*Hxx;H*Hxxx;H^2*Hxx,0.01,1.3491431631406683
0.6746220870898081,1.640394521543294,0.205612362915079,-1.2947857074845541,0;0;-1.29478570748;0.205612362915;0;0;0;0;0;0;0;0,55357.26010847115,0.005,2684,0.0002,23.79754551127627,,0.0013957270520068572,0.28151160000015807,ok,same_stridge_core,Hx;D_x^1.640395 H,0.045,1.6546414678878079
0.6625317123591931,1.646015858725737,0.18032812527400774,-1.326956851832294,0;0;-1.32695685183;0.180328125274;0;0;0;0;0;0;0;0,55377.05400981995,0.005,2685,0.0002,24.053713995564035,,0.0018446849624588083,0.277905699999792,ok,same_stridge_core,Hx;D_x^1.646016 H,0.07584656084656083,1.902892391636055
0.6699119198256969,1.6490653949409704,0.19716364405634304,-1.3063742641122413,0;0;-1.30637426411;0.197163644056;0;0;0;0;0;0;0;0,55388.90334986564,0.005,2686,0.0002,23.909046716447314,,0.0015663650151735082,0.3788999999999305,ok,same_stridge_core,Hx;D_x^1.649065 H,0.03152777777777776,1.7534853765010583
0.6739585870304885,1.670924582215792,0.6270340169489621,-1.3569472259040185,0;0;-1.3569472259;0.627034016949;0;0;0;-0.378896031304;0.087848500652;0;0.0359253976989;0,55500.21829569933,0.005,2687,0.0002,56.85006119008499,,0.0009190599732821737,0.3881753000000572,ok,same_stridge_core,Hx;D_x^1.670925 H;H*Hxx;H*Hxxx;H^2*Hxx,0.015408958905199515,1.3498428943856688
0.6715759658539221,1.648436714674924,0.2006749457461205,-1.3019329664019998,0;0;-1.3019329664;0.200674945746;0;0;0;0;0;0;0;0,55386.39445394811,0.005,2688,0.0002,23.874627752587696,,0.0015073538180605628,0.3869191999999657,ok,same_stridge_core,Hx;D_x^1.648437 H,0.03434803921568628,1.7200699710084502
0.6856673037726754,1.6505622141771428,0.23110321688150698,-1.2637709286132421,0;0;-1.26377092861;0.231103216882;0;0;0;0;0;0;0;0,55395.01905724152,0.005,2689,0.0002,23.621713229188593,,0.0010917362087276476,0.40133769999988544,ok,same_stridge_core,Hx;D_x^1.650562 H,0.025,1.4637056062919829
0.6792096387538732,1.6681480365830443,0.5917014034005054,-1.3367901605902184,0;0;-1.33679016059;0.591701403401;0;0;0;-0.344824684665;0.0794329855722;0;0.0328924696018;0,55483.24296819627,0.005,2690,0.0002,56.76978117770446,,0.0008336414168046947,0.14073320000011336,ok,same_stridge_core,Hx;D_x^1.668148 H;H*Hxx;H*Hxxx;H^2*Hxx,0.019545454545454536,1.2865382095081879
0.6746990209163625,1.6289560306947226,0.20347864784411746,-1.296166255024728,0;0;-1.29616625502;0.203478647844;0;0;0;0;0;0;0;0,55324.46746968509,0.005,2691,0.0002,23.773659107410474,,0.0013787510799654688,0.3883588000001055,ok,same_stridge_core,Hx;D_x^1.628956 H,0.03432951490360454,1.6438721195364352
0.7132254595452729,1.2722403200214076,0.0,-1.1587179711630204,0;0;-1.15871797116;0;0;0;0;0;0;0;0;0,55742.75945459467,0.005,2692,0.0002,13.82139420295524,,0.003675648880965502,0.40387089999990167,ok,same_stridge_core,Hx,0.09666666666666668,2.6728423120363045
0.6745123387236418,1.6575414646949873,0.20892923903454777,-1.2927419391620625,0;0;-1.29274193916;0.208929239035;0;0;0;0;0;0;0;0,55426.28119163153,0.005,2693,0.0002,23.840842808030846,,0.0014207041737456137,0.3804932999998982,ok,same_stridge_core,Hx;D_x^1.657541 H,0.03455882352941177,1.6703303313782316
0.6755465694167915,1.6345385971069368,0.5739348901365506,-1.3651520245536666,0;0;-1.36515202455;0.573934890137;0;0;0;-0.345492588299;0.0662178899293;0;0.0323822232611;0,55339.283645204094,0.005,2694,0.0002,56.6424794533081,,0.0008588189978283097,0.3997534000000087,ok,same_stridge_core,Hx;D_x^1.634539 H;H*Hxx;H*Hxxx;H^2*Hxx,0.011727272727272727,1.3031958081040023
0.6803128288525461,1.967481730027305,-0.44137808232102754,-1.2338480888165797,0;0;-1.23384808882;-0.441378082321;0.076730440853;0;0;0.107979303371;0;0;0;0,66970.25118896499,0.005,2695,0.0002,55.10010653936333,,0.00117974202135541,0.28336639999997715,ok,same_stridge_core,Hx;D_x^1.967482 H;Hxxx;H*Hxx,0.019441413263226,1.5239055881913357
0.6755124668158191,1.6602866984926996,0.21171235920452258,-1.2896566753404997,0;0;-1.28965667534;0.211712359205;0;0;0;0;0;0;0;0,55439.882165471885,0.005,2696,0.0002,23.829433676610712,,0.001391968102439289,0.13658220000002075,ok,same_stridge_core,Hx;D_x^1.660287 H,0.035,1.653480810421959
0.6725771770083542,1.661288442953187,0.6244172499094527,-1.3667435468801705,0;0;-1.36674354688;0.624417249909;0;0;0;-0.381591473272;0.0847126728191;0;0.0359849245926;0,55445.037658257796,0.005,2697,0.0002,56.80369282708508,,0.000932302476751851,0.2830762000000959,ok,same_stridge_core,Hx;D_x^1.661288 H;H*Hxx;H*Hxxx;H^2*Hxx,0.019545454545454536,1.3586551688272843
0.6775823049848044,1.6723728304026086,0.6064466022131195,-1.3416650796165348,0;0;-1.34166507962;0.606446602213;0;0;0;-0.357318923547;0.0836687071863;0;0.0340580990817;0,55509.435777064944,0.005,2698,0.0002,56.817602181561256,,0.0008620668041302446,0.40497449999998025,ok,same_stridge_core,Hx;D_x^1.672373 H;H*Hxx;H*Hxxx;H^2*Hxx,0.01,1.3081664044963155
0.6766624364852678,1.6194123776695812,0.2055726730855353,-1.292273300001678,0;0;-1.2922733;0.205572673086;0;0;0;0;0;0;0;0,55303.903245674264,0.005,2699,0.0002,23.720296841696257,,0.0013051587039919904,0.28370540000014444,ok,same_stridge_core,Hx;D_x^1.619412 H,0.06012962962962962,1.5987355434265502
0.6757009855810494,1.6506623905545788,0.21005149413274932,-1.2904624412115377,0;0;-1.29046244121;0.210051494133;0;0;0;0;0;0;0;0,55395.43567493384,0.005,2700,0.0002,23.800521409491303,,0.0013741452062097646,0.3948774999998932,ok,same_stridge_core,Hx;D_x^1.650662 H,0.035,1.6423471395177673
0.6756251219166732,1.6640770041462936,0.21278920902066092,-1.2888364675758128,0;0;-1.28883646758;0.212789209021;0;0;0;0;0;0;0;0,55459.947251493584,0.005,2701,0.0002,23.838279727099096,,0.0013930229758442939,0.38852540000016234,ok,same_stridge_core,Hx;D_x^1.664077 H,0.029370283916035553,1.6543008265016625
0.6832761297345,1.660112622030486,0.2284901551110449,-1.2687508708314996,0;0;-1.26875087083;0.228490155111;0;0;0;0;0;0;0;0,55438.99698831805,0.005,2702,0.0002,23.68796141770438,,0.0011646678762844255,0.39667099999996935,ok,same_stridge_core,Hx;D_x^1.660113 H,0.024538590584204618,1.5123626223771585
0.674904194624069,1.6660623304049889,0.21162299106480148,-1.2905287304592807,0;0;-1.29052873046;0.211622991065;0;0;0;0;0;0;0;0,55471.07627487675,0.005,2703,0.0002,23.857907641736382,,0.0014185156954733588,0.2820839999999407,ok,same_stridge_core,Hx;D_x^1.666062 H,0.030000000000000002,1.6694771317856798
0.6707682507208776,1.6821165263047422,0.0,-1.2663198285720185,0;0;-1.26631982857;0;0;0;0;0.0442434596635;0;0;0;0,55578.34357788309,0.005,2704,0.0002,24.00441525299887,,0.001600778664433431,0.12156489999983933,ok,same_stridge_core,Hx;H*Hxx,0.030000000000000002,1.773077821845637
0.6741741832379804,1.6534223146403249,0.20732746936937504,-1.2942160640980618,0;0;-1.2942160641;0.207327469369;0;0;0;0;0;0;0;0,55407.27254112775,0.005,2705,0.0002,23.836480584296254,,0.0014265874152667535,0.28803359999983513,ok,same_stridge_core,Hx;D_x^1.653422 H,0.030000000000000002,1.6735715678451506
0.6663251660134107,1.6363830230126222,0.18713408827856473,-1.3177888409506306,0;0;-1.31778884095;0.187134088279;0;0;0;0;0;0;0;0,55344.66737112737,0.005,2706,0.0002,23.954188849251306,,0.0016818057981018632,0.39889719999996487,ok,same_stridge_core,Hx;D_x^1.636383 H,0.12500000000000003,1.8163219008003588
0.674628655704283,1.6332798266428918,0.20419272206314862,-1.2957526503334833,0;0;-1.29575265033;0.204192722063;0;0;0;0;0;0;0;0,55335.75140623828,0.005,2707,0.0002,23.783055089439454,,0.0013865113543982315,0.39297190000002047,ok,same_stridge_core,Hx;D_x^1.63328 H,0.06970370370370371,1.6487545269441388
0.6745725158974847,1.6464836924458388,0.20675246471370012,-1.2940830105071632,0;0;-1.29408301051;0.206752464714;0;0;0;0;0;0;0;0,55378.8195399876,0.005,2708,0.0002,23.8119914257702,,0.0014049804983945703,0.3775289000000157,ok,same_stridge_core,Hx;D_x^1.646484 H,0.029957784636488346,1.6604636097751557
0.6740094393345736,1.621165795107105,0.20054590200594483,-1.2991021738879054,0;0;-1.29910217389;0.200545902006;0;0;0;0;0;0;0;0,55307.25805039257,0.005,2709,0.0002,23.773591522890506,,0.0013909773534869906,0.41421730000001844,ok,same_stridge_core,Hx;D_x^1.621166 H,0.12500000000000003,1.6506883027334767
0.6471022367872852,1.669846051681977,0.1078961268149221,-1.3472948605608546,0;0;-1.34729486056;0.107896126815;3.72643015563;0;0;0;-0.593755357864;0;0;0,55493.51712303447,0.005,2710,0.0002,46.35385879123757,,0.002004435700482157,0.1584292000000005,ok,same_stridge_core,Hx;D_x^1.669846 H;Hxxx;H*Hxxx,0.04,1.959045092809995
0.6683608001375292,1.664082147549116,0.0,-1.2877645459427478,0;0;-1.28776454594;0;0;0;0;0;0;0;0;0,55459.97555490862,0.005,2711,0.0002,13.54346687880754,,0.0030400210310641677,0.14577359999998407,ok,same_stridge_core,Hx,0.08,2.4514717678258156
0.6743079547841877,1.6453685071019053,0.5946950328013612,-1.366127625428446,0;0;-1.36612762543;0.594695032801;0;0;0;-0.360462978368;0.0738240900298;0;0.0338624161406;0,55374.64145672457,0.005,2712,0.0002,56.7000931045914,,0.0008879888855643965,0.42244579999987764,ok,same_stridge_core,Hx;D_x^1.645369 H;H*Hxx;H*Hxxx;H^2*Hxx,0.01,1.3254516478668372
0.6867160117679639,1.685113554849735,0.0,-1.233759131082023,0;0;-1.23375913108;0;0;0;0;0;0;0;0;0,55602.11024673339,0.005,2713,0.0002,13.592692340984035,,0.003112033948379935,0.1480421999999635,ok,same_stridge_core,Hx,0.09500000000000001,2.472270291637356
0.6775776510350017,1.6427427728209014,0.21234170475160577,-1.2865129549641865,0;0;-1.28651295496;0.212341704752;0;0;0;0;0;0;0;0,55365.21505570461,0.005,2714,0.0002,23.746953034160207,,0.0013063878276561452,0.42370740000001206,ok,same_stridge_core,Hx;D_x^1.642743 H,0.035,1.6008670118783617
0.6625317123591931,1.6458483180342587,0.1803026928501345,-1.326977431764347,0;0;-1.32697743176;0.18030269285;0;0;0;0;0;0;0;0,55376.42604590703,0.005,2715,0.0002,24.05333836989367,,0.0018444612582168148,0.3118493000001763,ok,same_stridge_core,Hx;D_x^1.645848 H,0.12500000000000003,1.9027679515308593
0.6703620333312614,1.6499778040427064,0.1983207346669664,-1.305029151688513,0;0;-1.30502915169;0.198320734667;0;0;0;0;0;0;0;0,55392.60747371912,0.005,2716,0.0002,23.90228393468503,,0.001551598232751786,0.4246092000000772,ok,same_stridge_core,Hx;D_x^1.649978 H,0.03944444444444439,1.7452409451973814
0.6756523089694013,1.679507216034698,0.21631028410179737,-1.2866878011666905,0;0;-1.28668780117;0.216310284102;0;0;0;0;0;0;0;0,55558.667632328325,0.005,2717,0.0002,23.88905108226968,,0.0014108077472132943,0.4125949999997829,ok,same_stridge_core,Hx;D_x^1.679507 H,0.030000000000000002,1.665584029338352
0.6739814712101049,1.6524210894657418,0.2067010299355024,-1.2948737727863828,0;0;-1.29487377279;0.206701029936;0;0;0;0;0;0;0;0,55402.89716621363,0.005,2718,0.0002,23.837639797171214,,0.001431637958775646,0.40865569999982654,ok,same_stridge_core,Hx;D_x^1.652421 H,0.12500000000000003,1.6764809306857584
0.6735061620061455,1.6671122461675862,0.20872338998141102,-1.2941985834802932,0;0;-1.29419858348;0.208723389981;0;0;0;0;0;0;0;0,55477.13909970669,0.005,2719,0.0002,23.88785250367457,,0.0014655543784887043,0.4437666999999692,ok,same_stridge_core,Hx;D_x^1.667112 H,0.0484567901234568,1.6969968637918933
0.6853377932085393,1.6681480365830443,0.0,-1.2377553264482133,0;0;-1.23775532645;0;0;0;0;0;0;0;0;0,55483.24296819627,0.005,2720,0.0002,13.563454027366147,,0.003096586434139117,0.1592012999999497,ok,same_stridge_core,Hx,0.09900000000000003,2.4668054337268934
0.6730107394261107,1.6541196244949128,0.2049314778714743,-1.2972783663593679,0;0;-1.29727836636;0.204931477871;0;0;0;0;0;0;0;0,55410.375624476146,0.005,2721,0.0002,23.860678922754442,,0.0014658944954983144,0.41799710000009327,ok,same_stridge_core,Hx;D_x^1.65412 H,0.030000000000000002,1.6965286729639821
0.6754270954200978,1.6567236940584837,0.2107552999838343,-1.290373108769413,0;0;-1.29037310877;0.210755299984;0;0;0;0;0;0;0;0,55422.37601696531,0.005,2722,0.0002,23.821258247784048,,0.0013903059743610809,0.4225750999999036,ok,same_stridge_core,Hx;D_x^1.656724 H,0.030000000000000002,1.6523078409979237
0.6765936620575399,1.6542578714395024,0.21275354269004856,-1.2875562506568758,0;0;-1.28755625066;0.21275354269;0;0;0;0;0;0;0;0,55410.996258536295,0.005,2723,0.0002,23.79281325444031,,0.0013506347769712758,0.4213191999999708,ok,same_stridge_core,Hx;D_x^1.654258 H,0.025,1.628414751025792
0.683474823154268,1.686220677390927,0.0,-1.2431721620089207,0;0;-1.24317216201;0;0;0;0;0;0;0;0;0,55611.21494743269,0.005,2724,0.0002,13.582597700228707,,0.003078149512977352,0.412999500000069,ok,same_stridge_core,Hx,0.12500000000000003,2.4603547107421706
0.6749847571521983,1.6510695871762824,0.20859334540820768,-1.2923419381062846,0;0;-1.29234193811;0.208593345408;0;0;0;0;0;0;0;0,55397.13790269678,0.005,2725,0.0002,23.81509952677252,,0.001397438352822765,0.38962579999997615,ok,same_stridge_core,Hx;D_x^1.65107 H,0.12500000000000003,1.6562443656938093
0.6743339021274813,1.6602866984926996,0.0,-1.2700033315476598,0;0;-1.27000333155;0;0;0;0;0;0;0;0;0,55439.882165471885,0.005,2726,0.0002,13.533275275040257,,0.003030388477908735,0.13381689999982882,ok,same_stridge_core,Hx,0.10000000000000002,2.44529884194588
0.6729462560542275,1.6830698803751039,0.646918203344894,-1.3557628351264805,0;0;-1.35576283513;0.646918203345;0;0;0;-0.392262322259;0.0951827977094;0;0.0373239897635;0,55585.76606139646,0.005,2727,0.0002,56.958066449558785,,0.0009492057440220089,0.4022085000001425,ok,same_stridge_core,Hx;D_x^1.68307 H;H*Hxx;H*Hxxx;H^2*Hxx,0.01,1.3723003881623244
0.6868221287634038,1.6646602991528312,0.2372366810628719,-1.258599494748332,0;0;-1.25859949475;0.237236681063;0;0;0;0;0;0;0;0,55463.17240175346,0.005,2728,0.0002,23.64085070847295,,0.0010785719850987738,0.37651969999978974,ok,same_stridge_core,Hx;D_x^1.66466 H,0.09700000000000003,1.4555817477715656
0.6823474257168736,1.6574330737742708,0.2258421748958538,-1.2716270882121605,0;0;-1.27162708821;0.225842174896;0;0;0;0;0;0;0;0,55425.75957186874,0.005,2729,0.0002,23.69677820801059,,0.0011867050859645084,0.38777279999999337,ok,same_stridge_core,Hx;D_x^1.657433 H,0.025,1.5264743792630913
0.674292204953651,1.6523075992468523,0.6031439678741292,-1.3633668488481931,0;0;-1.36336684885;0.603143967874;0;0;0;-0.365148471365;0.0776619575587;0;0.0343919058039;0,55402.406848064085,0.005,2730,0.0002,56.733437795007184,,0.000894953485894184,0.2976647000000412,ok,same_stridge_core,Hx;D_x^1.652308 H;H*Hxx;H*Hxxx;H^2*Hxx,0.01,1.3310309469430948
0.6749997770782031,1.6482020770068888,0.20802519111380913,-1.292693855947747,0;0;-1.29269385595;0.208025191114;0;0;0;0;0;0;0;0,55385.46668346353,0.005,2731,0.0002,23.807871201275113,,0.001393387308653736,0.29410140000004503,ok,same_stridge_core,Hx;D_x^1.648202 H,0.12500000000000003,1.6536845278897006
0.6754978708550985,1.638354487748454,0.5788885815571845,-1.3638739348143667,0;0;-1.36387393481;0.578888581557;0;0;0;-0.348405651045;0.0684397102729;0;0.0326991551939;0,55350.70224267456,0.005,2732,0.0002,56.65726111971732,,0.0008629983756566031,0.3067748000000847,ok,same_stridge_core,Hx;D_x^1.638354 H;H*Hxx;H*Hxxx;H^2*Hxx,0.01,1.3065588770427563
0.674904194624069,1.6822140844977789,0.6339053452114625,-1.3482996069811668,0;0;-1.34829960698;0.633905345211;0;0;0;-0.379561019384;0.0920465487136;0;0.0361871106921;0,55579.097206731516,0.005,2733,0.0002,56.926642020772,,0.0009147770921534109,0.2615803999999571,ok,same_stridge_core,Hx;D_x^1.682214 H;H*Hxx;H*Hxxx;H^2*Hxx,0.010508658008658,1.3475448140404827
0.6738367544547372,1.6458301009673626,0.20504145973726762,-1.296159830083378,0;0;-1.29615983008;0.205041459737;0;0;0;0;0;0;0;0,55376.3580513332,0.005,2734,0.0002,23.824596205486564,,0.0014281056263990373,0.38736309999990226,ok,same_stridge_core,Hx;D_x^1.64583 H,0.05500236800236801,1.6740529849532857
0.6719700419845354,1.6508459671221367,0.6157635380470251,-1.3737266542297797,0;0;-1.37372665423;0.615763538047;0;0;0;-0.378629880584;0.0798144239888;0;0.0355340290701;0,55396.201169691216,0.005,2735,0.0002,56.75357565203698,,0.0009315941077348218,0.38304280000011204,ok,same_stridge_core,Hx;D_x^1.650846 H;H*Hxx;H*Hxxx;H^2*Hxx,0.02198412698412701,1.3573744823457605
0.672536260271535,1.6774668735948401,0.6432547863831499,-1.359884996821443,0;0;-1.35988499682;0.643254786383;0;0;0;-0.391647866997;0.0930468102965;0;0.0371656711405;0,55543.91980415118,0.005,2736,0.0002,56.9165828033576,,0.0009502914138667461,0.1370603000000301,ok,same_stridge_core,Hx;D_x^1.677467 H;H*Hxx;H*Hxxx;H^2*Hxx,0.014613756613756607,1.3726629992064223
0.6744058763577571,1.6358650724597394,0.20424364234713524,-1.2959928869434887,0;0;-1.29599288694;0.204243642347;0;0;0;0;0;0;0;0,55343.13027843784,0.005,2737,0.0002,23.79237418816864,,0.001396971603605517,0.391998699999931,ok,same_stridge_core,Hx;D_x^1.635865 H,0.039987779581529576,1.655122076793505
0.6754579358553707,1.6624592643435014,0.2120653964270713,-1.2895097521315748,0;0;-1.28950975213;0.212065396427;0;0;0;0;0;0;0;0,55451.1967404017,0.005,2738,0.0002,23.836680741385663,,0.0013963632238237626,0.1363682000001063,ok,same_stridge_core,Hx;D_x^1.662459 H,0.030000000000000002,1.656202045224984
0.6746633448095669,1.659233530474063,0.20961973630532982,-1.2921034752646199,0;0;-1.29210347526;0.209619736305;0;0;0;0;0;0;0;0,55434.5737593942,0.005,2739,0.0002,23.8425998226819,,0.0014179043644960937,0.39629679999984546,ok,same_stridge_core,Hx;D_x^1.659234 H,0.030000000000000002,1.668770318924218
0.6802920787748163,1.672808187379907,0.22515567154775268,-1.2749801027911987,0;0;-1.27498010279;0.225155671548;0;0;0;0;0;0;0;0,55512.25596916429,0.005,2740,0.0002,23.780016585805722,,0.0012622300286136642,0.3836036999998669,ok,same_stridge_core,Hx;D_x^1.672808 H,0.03439931854637738,1.5751141981400067
0.6751732066986025,1.664082147549116,0.6116316920205626,-1.354860826020713,0;0;-1.35486082602;0.611631692021;0;0;0;-0.367176529789;0.0827435024866;0;0.034777568515;0,55459.97555490862,0.005,2741,0.0002,56.78988412478739,,0.000892281684044627,0.14056239999990794,ok,same_stridge_core,Hx;D_x^1.664082 H;H*Hxx;H*Hxxx;H^2*Hxx,0.024523809523809545,1.329908569878775
0.6725828937422992,1.686559495897409,0.0,-1.2606311013801947,0;0;-1.26063110138;0;0;0;0;0.0451611787802;0;0;0;0,55614.03741806008,0.005,2742,0.0002,23.983870777354134,,0.0015384465393188317,0.37539950000018507,ok,same_stridge_core,Hx;H*Hxx,0.03478676470588239,1.7382558101301027
0.6724191368684667,1.6577602348100589,0.20436778416440154,-1.2984016758934311,0;0;-1.29840167589;0.204367784164;0;0;0;0;0;0;0;0,55427.33705539024,0.005,2743,0.0002,23.881774531183222,,0.0014903772424002984,0.3900386000000253,ok,same_stridge_core,Hx;D_x^1.65776 H,0.030000000000000002,1.710839709027122
0.6697211457400746,1.657374189516997,0.19830524080232592,-1.3058120520202101,0;0;-1.30581205202;0.198305240802;0;0;0;0;0;0;0;0,55425.4769954607,0.005,2744,0.0002,23.933866424088322,,0.0015838199350345758,0.14362359999995533,ok,same_stridge_core,Hx;D_x^1.657374 H,0.030000000000000002,1.7636756259040391
0.679273612906066,1.6456412410200252,0.2165518729886252,-1.281554518365948,0;0;-1.28155451837;0.216551872989;0;0;0;0;0;0;0;0,55375.65347145382,0.005,2745,0.0002,23.72229470124245,,0.0012595547556785072,0.3794545000000653,ok,same_stridge_core,Hx;D_x^1.645641 H,0.12500000000000003,1.5720333126609216
0.6779756852065136,1.6542698915687188,0.21573628436141248,-1.2838260081530506,0;0;-1.28382600815;0.215736284361;0;0;0;0;0;0;0;0,55411.05029453561,0.005,2746,0.0002,23.76716522158312,,0.0013084250617942618,0.38495560000001205,ok,same_stridge_core,Hx;D_x^1.65427 H,0.025,1.6027451037688762
0.6759538570770129,1.6650885826108563,0.21374040530292807,-1.2878063500519656,0;0;-1.28780635005;0.213740405303;0;0;0;0;0;0;0;0,55465.56353112489,0.005,2747,0.0002,23.835120038651226,,0.0013838523404485835,0.39089020000005803,ok,same_stridge_core,Hx;D_x^1.665089 H,0.0446137566137566,1.6488946262012698
0.6741045070919089,1.6439576470164814,0.20523529135417806,-1.2956920749397585,0;0;-1.29569207494;0.205235291354;0;0;0;0;0;0;0;0,55369.505438804925,0.005,2748,0.0002,23.815216360455256,,0.001416990099648039,0.3972761999998511,ok,same_stridge_core,Hx;D_x^1.643958 H,0.035,1.6674141849332866
0.6754851506311947,1.6703172401330026,0.6169279358046538,-1.3509945462017003,0;0;-1.3509945462;0.616927935805;0;0;0;-0.369042402496;0.0854832245026;0;0.0350507546164;0,55496.42748015085,0.005,2749,0.0002,56.82753857950012,,0.000893332656719369,0.13639760000000933,ok,same_stridge_core,Hx;D_x^1.670317 H;H*Hxx;H*Hxxx;H^2*Hxx,0.015226849174217594,1.3311110993492732
0.6828949586478128,1.6751144787338788,0.23149125794228725,-1.267620103449907,0;0;-1.26762010345;0.231491257942;0;0;0;0;0;0;0;0,55527.58852468373,0.005,2750,0.0002,23.74182727099674,,0.0011920408594777148,0.39062989999979436,ok,same_stridge_core,Hx;D_x^1.675114 H,0.039458333333333324,1.5307918611232485
0.6792208111605309,1.6805359012089012,0.6057362015742797,-1.3318186424523217,0;0;-1.33181864245;0.605736201574;0;0;0;-0.35199229665;0.0853037463864;0;0.0337261176068;0,55566.314018118406,0.005,2751,0.0002,56.86168807491808,,0.0008442900511190413,0.13088220000008732,ok,same_stridge_core,Hx;D_x^1.680536 H;H*Hxx;H*Hxxx;H^2*Hxx,0.01590225563909774,1.2953740567996725
0.6742104476874267,1.6378401503814017,0.5861326460535813,-1.369563915200635,0;0;-1.3695639152;0.586132646054;0;0;0;-0.355956716391;0.0696941320327;0;0.033339619092;0,55349.09950363813,0.005,2752,0.0002,56.66989014379068,,0.0008823515223627475,0.3864017999999305,ok,same_stridge_core,Hx;D_x^1.63784 H;H*Hxx;H*Hxxx;H^2*Hxx,0.015,1.3207906401525547
0.6783180145201058,1.6590646141641299,0.21756438255253788,-1.2822338719339819,0;0;-1.28223387193;0.217564382553;0;0;0;0;0;0;0;0,55433.73271488203,0.005,2753,0.0002,23.77373126577659,,0.001303929103899989,0.3857441000000108,ok,same_stridge_core,Hx;D_x^1.659065 H,0.025,1.6002381798237781
0.6668008556691106,1.6637668352408566,0.19290034598318562,-1.3130096117036014,0;0;-1.3130096117;0.192900345983;0;0;0;0;0;0;0;0,55458.24768052271,0.005,2754,0.0002,24.010639413995488,,0.0016995435906086733,0.3847052999999505,ok,same_stridge_core,Hx;D_x^1.663767 H,0.030000000000000002,1.8273403417864043
0.6829749934517713,1.662089455596296,0.22834223835622944,-1.2692724815413443,0;0;-1.26927248154;0.228342238356;0;0;0;0;0;0;0;0,55449.235540752394,0.005,2755,0.0002,23.698873304398113,,0.0011750254873897036,0.38056460000007064,ok,same_stridge_core,Hx;D_x^1.662089 H,0.025,1.5191790880971547
0.6772350267005983,1.635209993118877,0.21001022080586837,-1.28849486859474,0;0;-1.28849486859;0.210010220806;0;0;0;0;0;0;0;0,55341.21440045965,0.005,2756,0.0002,23.737594144039594,,0.001307480857701115,0.38739940000004935,ok,same_stridge_core,Hx;D_x^1.63521 H,0.04,1.6011083838557343
0.6375508615436426,1.955830325505597,0.0,-1.3756603831897365,0;0;-1.37566038319;0;0;0;0;-0.270067787808;0.0564369755472;0;0.03657742787;0,66809.73619999136,0.005,2757,0.0002,55.6256061734453,,0.0023815073936706175,0.3860041000000365,ok,same_stridge_core,Hx;H*Hxx;H*Hxxx;H^2*Hxx,0.02,2.177817213452208
0.6793907363091343,1.657871007042477,0.2196085890532217,-1.2795087992277343,0;0;-1.27950879923;0.219608589053;0;0;0;0;0;0;0;0,55427.87351009537,0.005,2758,0.0002,23.750841666926434,,0.0012707853408514015,0.3875895999999557,ok,same_stridge_core,Hx;D_x^1.657871 H,0.024410848422303528,1.5796922628882832
0.6715642701484428,1.654918620468783,0.0,-1.278216356533182,0;0;-1.27821635653;0;0;0;0;0;0;0;0;0,55413.98801457504,0.005,2759,0.0002,13.529315297259757,,0.003030663693909797,0.4179012000001876,ok,same_stridge_core,Hx,0.12000000000000004,2.446517694344747
0.6748759434656195,1.65197977773778,0.2085492891956962,-1.2925119702031722,0;0;-1.2925119702;0.208549289196;0;0;0;0;0;0;0;0,55400.99821726747,0.005,2760,0.0002,23.819433179089472,,0.0014020627634492534,0.3755789999997887,ok,same_stridge_core,Hx;D_x^1.65198 H,0.030000000000000002,1.6590338921824823
0.6707516651949522,1.6592358333109254,0.6333813765684289,-1.3752280395386698,0;0;-1.37522803954;0.633381376568;0;0;0;-0.391738123662;0.0860132467577;0;0.0368305402863;0,55434.58524764653,0.005,2761,0.0002,56.81382033431597,,0.0009615198744434215,0.39009329999998954,ok,same_stridge_core,Hx;D_x^1.659236 H;H*Hxx;H*Hxxx;H^2*Hxx,0.015,1.3792350866694374
0.6712694804579945,1.6791119869032154,0.0,-1.2647466588289942,0;0;-1.26474665883;0;0;0;0;0.0444975304812;0;0;0;0,55555.767915374905,0.005,2762,0.0002,23.985709156187063,,0.001583336008007164,0.3919883999999456,ok,same_stridge_core,Hx;H*Hxx,0.029369800056774847,1.7634019900371007
0.674904194624069,1.6694062457757521,0.0,-1.2683170309294516,0;0;-1.26831703093;0;0;0;0;0;0;0;0;0,55490.82358601385,0.005,2763,0.0002,13.543557652355485,,0.003031210659144066,0.2719098000000031,ok,same_stridge_core,Hx,0.11166666666666669,2.4453929351527135
0.6728745044956025,1.667118994613073,0.6293710163484016,-1.36301312127029,0;0;-1.36301312127;0.629371016348;0;0;0;-0.383359510337;0.0873711012893;0;0.0362468324458;0,55477.1787040701,0.005,2764,0.0002,56.83704060225421,,0.0009333909758473088,0.3869395000001532,ok,same_stridge_core,Hx;D_x^1.667119 H;H*Hxx;H*Hxxx;H^2*Hxx,0.019206349206349206,1.3598618981841093
0.6706904306501493,1.6394487845549577,0.19706013799237065,-1.305532256717889,0;0;-1.30553225672;0.197060137992;0;0;0;0;0;0;0;0,55354.17971178419,0.005,2765,0.0002,23.8721383831733,,0.001526482800969287,0.37996080000016264,ok,same_stridge_core,Hx;D_x^1.639449 H,0.0350672268907563,1.7304664984596252
0.6811481057675017,1.655351626804499,0.2227806828901199,-1.2751423335598893,0;0;-1.27514233356;0.22278068289;0;0;0;0;0;0;0;0,55415.971366841266,0.005,2766,0.0002,23.712440560025826,,0.001217487544289751,0.39101849999997285,ok,same_stridge_core,Hx;D_x^1.655352 H,0.0346275401069519,1.5460520132893203
0.6725476549148365,1.6337265055956496,0.19992303778399714,-1.3012880913831693,0;0;-1.30128809138;0.199923037784;0;0;0;0;0;0;0;0,55336.99176509608,0.005,2767,0.0002,23.824136809268055,,0.0014554489010364553,0.3880174999999326,ok,same_stridge_core,Hx;D_x^1.633727 H,0.0484567901234568,1.6893401032296227
0.6685800886316139,1.6573792265519938,0.19575803153141014,-1.3089330527101275,0;0;-1.30893305271;0.195758031531;0;0;0;0;0;0;0;0,55425.50118455598,0.005,2768,0.0002,23.956728126953305,,0.0016250987002010516,0.39399619999994684,ok,same_stridge_core,Hx;D_x^1.657379 H,0.03617647058823529,1.7865276531309104
0.6815276229371261,1.6568000212157612,0.22393890180260861,-1.2739166161770186,0;0;-1.27391661618;0.223938901803;0;0;0;0;0;0;0;0,55422.737420188816,0.005,2769,0.0002,23.70955072783531,,0.001208577418165472,0.39082650000000285,ok,same_stridge_core,Hx;D_x^1.6568 H,0.025,1.5404557597597852
0.6745212915147966,1.669846051681977,0.2115905163476323,-1.2910654333009686,0;0;-1.2910654333;0.211590516348;0;0;0;0;0;0;0;0,55493.51712303447,0.005,2770,0.0002,23.877065265464914,,0.001435541765733198,0.15052520000017466,ok,same_stridge_core,Hx;D_x^1.669846 H,0.030000000000000002,1.6796584162511272
0.6738377890418294,1.6631495443529634,0.2086254136666733,-1.29382192765611,0;0;-1.29382192766;0.208625413667;0;0;0;0;0;0;0;0,55454.89609915716,0.005,2771,0.0002,23.869545818575343,,0.001449695020505727,0.2991643999998814,ok,same_stridge_core,Hx;D_x^1.66315 H,0.030000000000000002,1.687587378912478
0.6694716853048084,1.660225923890034,0.19828871197885903,-1.3061260912521082,0;0;-1.30612609125;0.198288711979;0;0;0;0;0;0;0;0,55439.57265075605,0.005,2772,0.0002,23.946645574863823,,0.0015963987487045141,0.42605120000007446,ok,same_stridge_core,Hx;D_x^1.660226 H,0.05142857142857142,1.7708165145614039
0.6749032504630311,1.6470981108941207,0.20758827709039496,-1.2931058661488009,0;0;-1.29310586615;0.20758827709;0;0;0;0;0;0;0;0,55381.16698150905,0.005,2773,0.0002,23.807110161412684,,0.001395103296167865,0.4082057000000532,ok,same_stridge_core,Hx;D_x^1.647098 H,0.025,1.6546433688090623
0.6704894257222412,1.6454228352999787,0.1977410681862027,-1.3052834732557923,0;0;-1.30528347326;0.197741068186;0;0;0;0;0;0;0;0,55374.842641129195,0.005,2774,0.0002,23.889098657121554,,0.0015412544708729072,0.4096044999998867,ok,same_stridge_core,Hx;D_x^1.645423 H,0.12500000000000003,1.7391616006698725
0.6393385421683975,1.9938387191428029,-1.1078827691502993,-1.3979996782300057,0;0;-1.39799967823;-1.10788276915;0;0;0;0.160992207494;-0.0668904711204;0;0;0,66908.08607684911,0.005,2775,0.0002,55.70359063416312,,0.0023891182414153412,0.38417260000005626,ok,same_stridge_core,Hx;D_x^1.993839 H;H*Hxx;H*Hxxx,0.035,2.1771217726838277
0.6680290199189414,1.6690891829305667,0.19668760594045234,-1.3089599316682181,0;0;-1.30895993167;0.19668760594;0;0;0;0;0;0;0;0,55488.89606513703,0.005,2776,0.0002,24.001932057733335,,0.0016603021668758315,0.13166709999995874,ok,same_stridge_core,Hx;D_x^1.669089 H,0.03435583613916949,1.806373631678522
0.668501543959247,1.6431544970687892,0.19301027669862053,-1.3109862189929047,0;0;-1.31098621899;0.193010276699;0;0;0;0;0;0;0;0,55366.65542074719,0.005,2777,0.0002,23.923855052878498,,0.0016095429753436707,0.3816538999999466,ok,same_stridge_core,Hx;D_x^1.643154 H,0.034707219251336914,1.7771928845796199
0.66571170538861,1.6535139758087354,0.18864853516101515,-1.3172880024139857,0;0;-1.31728800241;0.188648535161;0;0;0;0;0;0;0;0,55407.67768791197,0.005,2778,0.0002,24.00511264571835,,0.0017279654636980434,0.2803324999999859,ok,same_stridge_core,Hx;D_x^1.653514 H,0.030000000000000002,1.842041570553558
0.6745418116860864,1.65450115180274,0.20835322972775772,-1.2930736741988802,0;0;-1.2930736742;0.208353229728;0;0;0;0;0;0;0;0,55412.09285917225,0.005,2779,0.0002,23.832225179906786,,0.0014159775724119582,0.38053659999991396,ok,same_stridge_core,Hx;D_x^1.654501 H,0.03666774402068518,1.6673880362378852
0.6700088691185252,1.6789259228570468,0.6606461193183986,-1.369479011560095,0;0;-1.36947901156;0.660646119318;0;0;0;-0.408423726188;0.0972771761684;0;0.0386705052406;0,55554.4099017863,0.005,2780,0.0002,56.96016399942767,,0.000997323654473369,0.3843756999999641,ok,same_stridge_core,Hx;D_x^1.678926 H;H*Hxx;H*Hxxx;H^2*Hxx,0.01,1.4057540976413694
0.6720318134840996,1.649987008347614,0.2019692419421423,-1.3004887703642354,0;0;-1.30048877036;0.201969241942;0;0;0;0;0;0;0;0,55392.64514783701,0.005,2781,0.0002,23.869407804327533,,0.001493721893081025,0.39142470000001595,ok,same_stridge_core,Hx;D_x^1.649987 H,0.035,1.7123497451927299
0.7038721228053563,1.3105363977769058,0.1772030514206982,-1.2761084477138174,0;0;-1.27610844771;0.177203051421;0;0;0;0;0;0;0;0,55676.44437055875,0.005,2782,0.0002,23.37816489201021,,0.0006519578304474344,0.36937170000010155,ok,same_stridge_core,Hx;D_x^1.310536 H,0.06631818181818182,1.1075871437867124
0.669858694655013,1.6747661492672035,0.0,-1.2832934433586307,0;0;-1.28329344336;0;0;0;0;0;0;0;0;0,55525.23026844814,0.005,2783,0.0002,13.553721434621222,,0.0030344191441976096,0.37473389999991014,ok,same_stridge_core,Hx,0.03936698717948717,2.4486753809315935
0.6752836150911381,1.6634381780655825,0.2118936928764203,-1.2898506886781527,0;0;-1.28985068868;0.211893692876;0;0;0;0;0;0;0;0,55456.458123422955,0.005,2784,0.0002,23.84284136158052,,0.0014031228928121568,0.1509384000000864,ok,same_stridge_core,Hx;D_x^1.663438 H,0.05375000000000001,1.6602581122113358
0.6803128288525461,1.6431544970687892,0.21816267694607833,-1.2791291533835598,0;0;-1.27912915338;0.218162676946;0;0;0;0;0;0;0;0,55366.65542074719,0.005,2785,0.0002,23.69785532490658,,0.001226640035095414,0.0309889000000112,ok,same_stridge_core,Hx;D_x^1.643154 H,0.030000000000000002,1.551193156607703
0.6743339021274813,1.670081588517931,0.2112203470123337,-1.2915452994702097,0;0;-1.29154529947;0.211220347012;0;0;0;0;0;0;0;0,55494.968853566184,0.005,2786,0.0002,23.881396821621493,,0.0014419381962651045,0.2818615999999565,ok,same_stridge_core,Hx;D_x^1.670082 H,0.04,1.6834092801950176
0.6678043371796347,1.6598918180518953,0.6527058386355377,-1.3872833759255498,0;0;-1.38728337593;0.652705838636;0;0;0;-0.410814368519;0.0902669594725;0;0.0385047452078;0,55437.87831245319,0.005,2787,0.0002,56.85466615821638,,0.001015519933623847,0.1436565999999857,ok,same_stridge_core,Hx;D_x^1.659892 H;H*Hxx;H*Hxxx;H^2*Hxx,0.02,1.4167878457631908
0.6624488754635904,1.660128917213099,0.18232210413767166,-1.32546956693538,0;0;-1.32546956694;0.182322104138;0;0;0;0;0;0;0;0,55439.07956519379,0.005,2788,0.0002,24.090598189456593,,0.0018667230593341262,0.3898501999999553,ok,same_stridge_core,Hx;D_x^1.660129 H,0.03944444444444439,1.9149663633790766
0.6692561628802352,1.6510337626658331,0.19608843988113442,-1.3079044577779801,0;0;-1.30790445778;0.196088439881;0;0;0;0;0;0;0;0,55396.98769440666,0.005,2789,0.0002,23.926904619149543,,0.0015923853956134,0.3782206999999289,ok,same_stridge_core,Hx;D_x^1.651034 H,0.03448529411764706,1.768109541386879
0.674292204953651,1.6635183788708747,0.6164049280355444,-1.3587155089879963,0;0;-1.35871550899;0.616404928036;0;0;0;-0.372294951271;0.0836179672194;0;0.0352144529403;0,55456.8940455262,0.005,2790,0.0002,56.796780658923666,,0.000906029681685363,0.27422120000005634,ok,same_stridge_core,Hx;D_x^1.663518 H;H*Hxx;H*Hxxx;H^2*Hxx,0.010140792540792533,1.3398866133974696
0.6752505706135695,1.6414593075538246,0.5841751853350436,-1.3637027704700295,0;0;-1.36370277047;0.584175185335;0;0;0;-0.352029120299;0.0704829687286;0;0.0330655174742;0,55360.812503690875,0.005,2791,0.0002,56.67248395289536,,0.0008696168695726758,0.39130679999993845,ok,same_stridge_core,Hx;D_x^1.641459 H;H*Hxx;H*Hxxx;H^2*Hxx,0.011303030303030306,1.3116714492044899
0.6644503743676087,1.654820355613922,0.18602829294208653,-1.32059292859225,0;0;-1.32059292859;0.186028292942;0;0;0;0;0;0;0;0,55413.54037574307,0.005,2792,0.0002,24.034558272349766,,0.0017790141060148484,0.41002000000003136,ok,same_stridge_core,Hx;D_x^1.65482 H,0.035,1.8691421220525366
0.6759866329667094,1.6514756927580794,0.21084052190269326,-1.289579170212388,0;0;-1.28957917021;0.210840521903;0;0;0;0;0;0;0;0,55398.85095196787,0.005,2793,0.0002,23.79714557166642,,0.0013661569073276892,0.3829603000001498,ok,same_stridge_core,Hx;D_x^1.651476 H,0.030000000000000002,1.637605190879272
0.6725212411964214,1.649787850265445,0.20299454241246281,-1.2991871881615975,0;0;-1.29918718816;0.202994542412;0;0;0;0;0;0;0;0,55391.830106028334,0.005,2794,0.0002,23.859375918715653,,0.0014768720740489622,0.37926360000005843,ok,same_stridge_core,Hx;D_x^1.649788 H,0.030000000000000002,1.7026438763043181
0.6749599776992247,1.6632562995482274,0.0,-1.2681521772726552,0;0;-1.26815217727;0;0;0;0;0;0;0;0;0,55455.472802284996,0.005,2795,0.0002,13.536502958260582,,0.003031306997017826,0.38712119999991046,ok,same_stridge_core,Hx,0.09000000000000001,2.4454083978035825
0.6707911518296599,1.6774668735948401,0.0,-1.2805159080740496,0;0;-1.28051590807;0;0;0;0;0;0;0;0;0,55543.91980415118,0.005,2796,0.0002,13.556145355632964,,0.0030320229076565824,0.14081590000000688,ok,same_stridge_core,Hx,0.04,2.4473613948027286
0.6759422789881431,1.6434680287803827,0.5823829692826824,-1.3599863697922236,0;0;-1.35998636979;0.582382969283;0;0;0;-0.349135806613;0.0707546277329;0;0.0328510221896;0,55367.76184186832,0.005,2797,0.0002,56.67309921762613,,0.0008608803194295681,0.2820930000000317,ok,same_stridge_core,Hx;D_x^1.643468 H;H*Hxx;H*Hxxx;H^2*Hxx,0.011256079311634868,1.3053373757578115
0.6776432782792314,1.6404231842907144,0.5683583076692326,-1.3539877538536342,0;0;-1.35398775385;0.568358307669;0;0;0;-0.336710742953;0.0670085520222;0;0.0317278129957;0,55357.35456947275,0.005,2798,0.0002,56.64155195178708,,0.0008329215312203663,0.2779277000001912,ok,same_stridge_core,Hx;D_x^1.640423 H;H*Hxx;H*Hxxx;H^2*Hxx,0.012219251336898392,1.284197382314327
0.6694045825959882,1.6608162322542046,0.19825016665007467,-1.3062338526930675,0;0;-1.30623385269;0.19825016665;0;0;0;0;0;0;0;0,55442.59443208763,0.005,2799,0.0002,23.94964031574068,,0.0015995642762689994,0.3994228999999905,ok,same_stridge_core,Hx;D_x^1.660816 H,0.030000000000000002,1.772602542905627
0.6656648314012271,1.6426647624021686,0.18673170006730702,-1.3187860003251437,0;0;-1.31878600033;0.186731700067;0;0;0;0;0;0;0;0,55364.94355049417,0.005,2800,0.0002,23.980775664754784,,0.0017154955073305888,0.39974099999994905,ok,same_stridge_core,Hx;D_x^1.642665 H,0.035,1.8347982445571123
0.6722092801983437,1.6539682499296113,0.203144858464029,-1.2994763267651326,0;0;-1.29947632677;0.203144858464;0;0;0;0;0;0;0;0,55409.697995739814,0.005,2801,0.0002,23.875868193296395,,0.0014927241535819347,0.38357840000003307,ok,same_stridge_core,Hx;D_x^1.653968 H,0.030000000000000002,1.7119889950004685
0.6702951642861537,1.6421853677293923,0.1967179695020422,-1.3062396250812505,0;0;-1.30623962508;0.196717969502;0;0;0;0;0;0;0;0,55363.28683362879,0.005,2802,0.0002,23.885794039699704,,0.0015439038239397434,0.3848762000000079,ok,same_stridge_core,Hx;D_x^1.642185 H,0.035,1.7404793062481871
0.7015483210631527,1.685113554849735,0.27470829127062774,-1.2163884978713373,0;0;-1.21638849787;0.274708291271;0;0;0;0;0;0;0;0,55602.11024673339,0.005,2803,0.0002,23.49113391113107,,0.000794731306278031,0.14090060000012272,ok,same_stridge_core,Hx;D_x^1.685114 H,0.07917857142857145,1.2502898124377118
0.6746220870898081,1.6588296198967165,0.2094431289511288,-1.2922700341551936,0;0;-1.29227003416;0.209443128951;0;0;0;0;0;0;0;0,55432.56788754905,0.005,2804,0.0002,23.842268884308506,,0.0014187406577305193,0.2781261000000086,ok,same_stridge_core,Hx;D_x^1.65883 H,0.030000000000000002,1.669241729288885
0.6625317123591931,1.6380249243228695,0.17912776462675295,-1.3279438127997416,0;0;-1.3279438128;0.179127764627;0;0;0;0;0;0;0;0,55349.67259979316,0.005,2805,0.0002,24.036776624911983,,0.001833950388686415,0.2703340999999,ok,same_stridge_core,Hx;D_x^1.638025 H,0.04,1.8969075849947186
0.6719861881233421,1.654155379649489,0.2026923044342235,-1.3000581450992785,0;0;-1.3000581451;0.202692304434;0;0;0;0;0;0;0;0,55410.53595523014,0.005,2806,0.0002,23.88070535560466,,0.0015005610859833705,0.3830970999999863,ok,same_stridge_core,Hx;D_x^1.654155 H,0.04,1.716490973512607
0.6722831903044253,1.6460602189217317,0.20174424456429593,-1.3003325833482833,0;0;-1.30033258335;0.201744244564;0;0;0;0;0;0;0;0,55377.22056398923,0.005,2807,0.0002,23.855240036571427,,0.0014801842340534499,0.3691965999998956,ok,same_stridge_core,Hx;D_x^1.64606 H,0.0431875,1.7043518109757334
0.66571170538861,1.6630758139856339,0.19029086611422663,-1.3160965492621954,0;0;-1.31609654926;0.190290866114;0;0;0;0;0;0;0;0,55454.498751127874,0.005,2808,0.0002,24.030930482893027,,0.0017403647235439683,0.2748607000000902,ok,same_stridge_core,Hx;D_x^1.663076 H,0.030000000000000002,1.8491309824418736
0.6705887060333807,1.6516758027110425,0.19914040098738917,-1.3041888507987507,0;0;-1.3041888508;0.199140400987;0;0;0;0;0;0;0;0,55399.700392790684,0.005,2809,0.0002,23.901943552854085,,0.0015457984667856704,0.39002000000004955,ok,same_stridge_core,Hx;D_x^1.651676 H,0.030000000000000002,1.7420633957378135
0.6739723582770518,1.6463780885982182,0.597981556338661,-1.3671350703226233,0;0;-1.36713507032;0.597981556339;0;0;0;-0.3632122636;0.0748034337474;0;0.0341180520652;0,55378.41948638888,0.005,2810,0.0002,56.7085477426854,,0.000894294624803149,0.38883080000005066,ok,same_stridge_core,Hx;D_x^1.646378 H;H*Hxx;H*Hxxx;H^2*Hxx,0.01,1.33012825629652
0.6615300021873946,1.6392986135077452,0.17710750385118867,-1.3305346885544362,0;0;-1.33053468855;0.177107503851;0;0;0;0;0;0;0;0,55353.69698500715,0.005,2811,0.0002,24.06067399659713,,0.001877105181450029,0.3872765999999501,ok,same_stridge_core,Hx;D_x^1.639299 H,0.07550000000000001,1.9191952025942711
0.669465474942109,1.6547301431693928,0.19723839883770505,-1.306853284163431,0;0;-1.30685328416;0.197238398838;0;0;0;0;0;0;0;0,55413.130238216145,0.005,2812,0.0002,23.932010067351403,,0.0015896039841760015,0.2866558000000623,ok,same_stridge_core,Hx;D_x^1.65473 H,0.029461873638344224,1.7667579720649458
0.6741921448186977,1.661370994630551,0.2090347263179666,-1.2930958610882997,0;0;-1.29309586109;0.209034726318;0;0;0;0;0;0;0;0,55445.467127151554,0.005,2813,0.0002,23.857611938083075,,0.0014358681536100943,0.4074467000000368,ok,same_stridge_core,Hx;D_x^1.661371 H,0.041249999999999995,1.679425087222452
0.6774703491850345,1.6374689483865041,0.21098025930132916,-1.2875451231150046,0;0;-1.28754512312;0.210980259301;0;0;0;0;0;0;0;0,55347.95505873156,0.005,2814,0.0002,23.73775710479391,,0.0013031415102300683,0.27795259999993505,ok,same_stridge_core,Hx;D_x^1.637469 H,0.034326815994463036,1.598575081301285
0.6615548823729779,1.665868378801731,0.18115016936722977,-1.327263753549591,0;0;-1.32726375355;0.181150169367;0;0;0;0;0;0;0;0,55469.96990826889,0.005,2815,0.0002,24.125959468980632,,0.0019112621340698415,0.132290600000033,ok,same_stridge_core,Hx;D_x^1.665868 H,0.03516489073743973,1.9379715056730773
0.6615456026440099,1.6602866984926996,0.18026660323744448,-1.3279523621304665,0;0;-1.32795236213;0.180266603237;0;0;0;0;0;0;0;0,55439.882165471885,0.005,2816,0.0002,24.110156219517528,,0.0019043809735709992,0.1379577000000154,ok,same_stridge_core,Hx;D_x^1.660287 H,0.035,1.9342033533287724
0.6791302484127989,1.6543093085840537,0.21822379801709008,-1.2807116481241754,0;0;-1.28071164812;0.218223798017;0;0;0;0;0;0;0;0,55411.22768551142,0.005,2817,0.0002,23.74609366598912,,0.0012741599747541064,0.39569920000008096,ok,same_stridge_core,Hx;D_x^1.654309 H,0.025,1.581602591784551
0.6676936844863205,1.6480328020411703,0.19210532613918554,-1.3125569818618752,0;0;-1.31255698186;0.192105326139;0;0;0;0;0;0;0;0,55384.80059831325,0.005,2818,0.0002,23.951245826369952,,0.0016456875105010731,0.2784763000001931,ok,same_stridge_core,Hx;D_x^1.648033 H,0.03434803921568628,1.7973255870446516
0.672226422395501,1.6728430366809173,0.6399659186511307,-1.3631765230810309,0;0;-1.36317652308;0.639965918651;0;0;0;-0.390878995807;0.0911705825587;0;0.037011876774;0,55512.48299385205,0.005,2819,0.0002,56.88507575514074,,0.0009506725186315247,0.3850750000001426,ok,same_stridge_core,Hx;D_x^1.672843 H;H*Hxx;H*Hxxx;H^2*Hxx,0.01,1.372592761288688
0.6730454503815357,1.64507170323649,0.20319065594906516,-1.2984022837556182,0;0;-1.29840228376;0.203190655949;0;0;0;0;0;0;0;0,55373.54719514762,0.005,2820,0.0002,23.838156309216046,,0.0014533111703082628,0.3842265999999199,ok,same_stridge_core,Hx;D_x^1.645072 H,0.03569442322383498,1.6887374311569983
0.6715642701484428,1.3230017962987481,0.25753916066048604,-1.4575685532690654,0;0;-1.45756855327;0.25753916066;0;0;0;-0.131694686879;-0.131563680392;0;0.0102547379217;0,55654.20627607901,0.005,2821,0.0002,56.85093510189815,,0.0007331541510024094,0.28173930000002656,ok,same_stridge_core,Hx;D_x^1.323002 H;H*Hxx;H*Hxxx;H^2*Hxx,0.01,1.196728825819144
0.6735827838605691,1.6588308872179565,0.20715575635385347,-1.2950931980913898,0;0;-1.29509319809;0.207155756354;0;0;0;0;0;0;0;0,55432.574041199965,0.005,2822,0.0002,23.862179259368745,,0.0014527581808915484,0.38603740000007747,ok,same_stridge_core,Hx;D_x^1.658831 H,0.030000000000000002,1.6891496428887578
0.6735981542224682,1.649364549153457,0.20524415337366295,-1.2963255935939106,0;0;-1.29632559359;0.205244153374;0;0;0;0;0;0;0;0,55390.109677141794,0.005,2823,0.0002,23.837491757160617,,0.001440405836821157,0.3940360999999939,ok,same_stridge_core,Hx;D_x^1.649365 H,0.04184027777777778,1.6814478863038975
0.6744642426510791,1.6471320971575425,0.20665377034920993,-1.2942867660017208,0;0;-1.294286766;0.206653770349;0;0;0;0;0;0;0;0,55381.29784362365,0.005,2824,0.0002,23.81556839994409,,0.001409294410339837,0.37508070000012594,ok,same_stridge_core,Hx;D_x^1.647132 H,0.12500000000000003,1.6630492624946287
0.6410910672362914,1.982454242405026,-1.0424734382456922,-1.3879169707197676,0;0;-1.38791697072;-1.04247343825;0;0;0;0.156653327239;-0.0690641553911;0;0;0,67000.61408972206,0.005,2825,0.0002,55.757477317362664,,0.002345175540987809,0.37308489999986705,ok,same_stridge_core,Hx;D_x^1.982454 H;H*Hxx;H*Hxxx,0.035,2.1569860455850143
0.6733546359073388,1.6567314646889746,0.20621931368103347,-1.2959944176964517,0;0;-1.2959944177;0.206219313681;0;0;0;0;0;0;0;0,55422.41267640649,0.005,2826,0.0002,23.860880610564156,,0.0014577043053112103,0.3967529999999897,ok,same_stridge_core,Hx;D_x^1.656731 H,0.030000000000000002,1.691915540001557
0.6759422789881431,1.9856834816871212,0.0,-1.237503141985355,0;0;-1.23750314199;0;0.274621193812;0;0;0.0495342423974;0;0;0;0,66983.70811836532,0.005,2827,0.0002,41.847980025185166,,0.0014130634888930964,0.29313120000006165,ok,same_stridge_core,Hx;Hxxx;H*Hxx,0.02,1.657755154165972
0.6776432782792314,1.6482155612668625,0.21367746860470116,-1.2855678102841916,0;0;-1.28556781028;0.213677468605;0;0;0;0;0;0;0;0,55385.519794350665,0.005,2828,0.0002,23.758266252885093,,0.0013111002754399785,0.2878650000000107,ok,same_stridge_core,Hx;D_x^1.648216 H,0.11500000000000003,1.6040583351448285
0.667399513401379,1.6581609949645113,0.6532156537181573,-1.3897784604584549,0;0;-1.38977846046;0.653215653718;0;0;0;-0.412270850152;0.0898357699558;0;0.0385968655994;0,55429.28400824213,0.005,2829,0.0002,56.8496647459859,,0.0010209774304117218,0.3806426000001011,ok,same_stridge_core,Hx;D_x^1.658161 H;H*Hxx;H*Hxxx;H^2*Hxx,0.02,1.4203807377437643
0.7023760503766892,1.3241537592504447,0.17939202377643992,-1.277504788145574,0;0;-1.27750478815;0.179392023776;0;0;0;0;0;0;0;0,55652.13661733812,0.005,2830,0.0002,23.359710306678867,,0.0006424470323373623,0.384873799999923,ok,same_stridge_core,Hx;D_x^1.324154 H,0.06883333333333334,1.0988556597436203
0.671903851063311,1.664082147549116,0.20450133688380043,-1.2989731395463227,0;0;-1.29897313955;0.204501336884;0;0;0;0;0;0;0;0,55459.97555490862,0.005,2831,0.0002,23.9097241063585,,0.0015158544774795605,0.1366992000000664,ok,same_stridge_core,Hx;D_x^1.664082 H,0.030000000000000002,1.7257338843950503
0.668712145255137,1.6362486914555898,0.19224601398756785,-1.3113188885877212,0;0;-1.31131888859;0.192246013988;0;0;0;0;0;0;0;0,55344.266707460825,0.005,2832,0.0002,23.90523431569667,,0.0015927991636366194,0.38604449999979806,ok,same_stridge_core,Hx;D_x^1.636249 H,0.03432814560167503,1.7675276327123413
0.6683331183570193,1.6541203505412356,0.19461012305648775,-1.3100270433046624,0;0;-1.3100270433;0.194610123056;0;0;0;0;0;0;0;0,55410.37880090664,0.005,2833,0.0002,23.953181851025963,,0.0016299595839860675,0.4049370000000181,ok,same_stridge_core,Hx;D_x^1.65412 H,0.030629629629629625,1.7890303306633035
0.6735981542224682,1.649364549153457,0.2052441533736632,-1.2963255935939135,0;0;-1.29632559359;0.205244153374;0;0;0;0;0;0;0;0,55390.109677141794,0.005,2834,0.0002,23.837491757160617,,0.001440405836821157,0.03352650000010726,ok,same_stridge_core,Hx;D_x^1.649365 H,0.030000000000000002,1.6814478863038949
0.6740167636711617,1.6667348331608374,0.0,-1.2709417985919838,0;0;-1.27094179859;0;0;0;0;0;0;0;0;0,55474.94536412944,0.005,2835,0.0002,13.540285978041704,,0.003030060244963327,0.4049797000000126,ok,same_stridge_core,Hx,0.08,2.4452969052158164
0.6764066919799367,1.6460271597784277,0.5826369100798348,-1.3570269614855686,0;0;-1.35702696149;0.58263691008;0;0;0;-0.347992767933;0.0715872970744;0;0.0327964942414;0,55377.096537964986,0.005,2836,0.0002,56.67908700691994,,0.0008561477509880201,0.2756311000000551,ok,same_stridge_core,Hx;D_x^1.646027 H;H*Hxx;H*Hxxx;H^2*Hxx,0.019545454545454536,1.3019904689549553
0.6776845670070288,1.6513328428218095,0.21445508648844708,-1.2850205161248462,0;0;-1.28502051612;0.214455086488;0;0;0;0;0;0;0;0,55398.24657990038,0.005,2837,0.0002,23.765085573547353,,0.0013136481549928859,0.38149479999992764,ok,same_stridge_core,Hx;D_x^1.651333 H,0.04,1.605786941587203
0.6719735117603887,1.660793223269558,0.20399161740832772,-1.2992151576550575,0;0;-1.29921515766;0.203991617408;0;0;0;0;0;0;0;0,55442.47607900723,0.005,2838,0.0002,23.898850632678183,,0.0015093524602898998,0.37598060000004807,ok,same_stridge_core,Hx;D_x^1.660793 H,0.030000000000000002,1.7218602010752877
0.6755732178719167,1.6512694823699123,0.2099055077234167,-1.2907241129906961,0;0;-1.29072411299;0.209905507723;0;0;0;0;0;0;0;0,55397.97922423061,0.005,2839,0.0002,23.804434951527444,,0.0013789360969379844,0.27538449999997283,ok,same_stridge_core,Hx;D_x^1.651269 H,0.025,1.645243261835202
0.6719616110733917,1.6541998390204,0.20264713292588155,-1.3001190972352141,0;0;-1.30011909724;0.202647132926;0;0;0;0;0;0;0;0,55410.735483095494,0.005,2840,0.0002,23.881300033370348,,0.001501456664060675,0.3784835999999814,ok,same_stridge_core,Hx;D_x^1.6542 H,0.030000000000000002,1.7170058401321504
0.6740977273535176,1.6624598317962613,0.2090564817748839,-1.2932066774534965,0;0;-1.29320667745;0.209056481775;0;0;0;0;0;0;0;0,55451.199738526906,0.005,2841,0.0002,23.862553588657754,,0.001440303063994688,0.40797380000003614,ok,same_stridge_core,Hx;D_x^1.66246 H,0.030000000000000002,1.6820736932469902
0.6741111940129231,1.6616135420991616,0.20890699019450973,-1.2932834669969577,0;0;-1.293283467;0.208906990195;0;0;0;0;0;0;0;0,55446.73333176063,0.005,2842,0.0002,23.859855180634845,,0.0014388164497139851,0.39720710000005965,ok,same_stridge_core,Hx;D_x^1.661614 H,0.030000000000000002,1.6811618479305939
0.6701032928259067,1.6651427637857883,0.0,-1.2825644220460144,0;0;-1.28256442205;0;0;0;0;0;0;0;0;0,55465.867547603906,0.005,2843,0.0002,13.541472645643902,,0.003033710016096315,0.3734172000001763,ok,same_stridge_core,Hx,0.07966666666666668,2.4482991361231203
0.6774703491850345,1.667957621635102,0.6020548220565572,-1.3439050697934505,0;0;-1.34390506979;0.602054822057;0;0;0;-0.355367325825;0.0816513333632;0;0.0338121694888;0,55482.11171380092,0.005,2844,0.0002,56.788264735872346,,0.0008597581974088607,0.2771999000001415,ok,same_stridge_core,Hx;D_x^1.667958 H;H*Hxx;H*Hxxx;H^2*Hxx,0.010080808080808067,1.306153022071424
0.6700113145689568,1.660491538127909,0.19954942154371136,-1.3046149416819537,0;0;-1.30461494168;0.199549421544;0;0;0;0;0;0;0;0,55440.92788564326,0.005,2845,0.0002,23.936645114032068,,0.001577434169759456,0.39420590000008815,ok,same_stridge_core,Hx;D_x^1.660492 H,0.030000000000000002,1.7602739597747645
0.6743339021274813,1.661701511267353,0.20941849015901473,-1.2926660307991646,0;0;-1.2926660308;0.209418490159;0;0;0;0;0;0;0;0,55447.194162093714,0.005,2846,0.0002,23.855848773975175,,0.0014316487025246172,0.27977080000005117,ok,same_stridge_core,Hx;D_x^1.661702 H,0.030000000000000002,1.6769711091376887
0.6742859789807985,1.6541456410862405,0.20772148215198982,-1.293815158333274,0;0;-1.29381515833;0.207721482152;0;0;0;0;0;0;0;0,55410.49208964441,0.005,2847,0.0002,23.836195473178552,,0.0014238443336340506,0.3895769000000655,ok,same_stridge_core,Hx;D_x^1.654146 H,0.030000000000000002,1.6719986373207856
0.6687055140707815,1.664225523440602,0.6521053614126997,-1.3815394389147138,0;0;-1.38153943891;0.652105361413;0;0;0;-0.407843688561;0.0914394365773;0;0.0383316913851;0,55460.764916191176,0.005,2848,0.0002,56.86999065184963,,0.001004010546224137,0.13946039999996174,ok,same_stridge_core,Hx;D_x^1.664226 H;H*Hxx;H*Hxxx;H^2*Hxx,0.015,1.409225735658463
0.6725603244923827,1.6590646098484503,0.20494451305558053,-1.2978442045070226,0;0;-1.29784420451;0.204944513056;0;0;0;0;0;0;0;0,55433.7326937403,0.005,2849,0.0002,23.88259502132447,,0.0014872360683777124,0.38543219999996836,ok,same_stridge_core,Hx;D_x^1.659065 H,0.02938976872800402,1.7091019438283523
0.6736400896574809,1.6593380682972796,0.20738774503967766,-1.294869485006851,0;0;-1.29486948501;0.20738774504;0;0;0;0;0;0;0;0,55435.095634542944,0.005,2850,0.0002,23.862478493366496,,0.0014514940583191765,0.38381939999999304,ok,same_stridge_core,Hx;D_x^1.659338 H,0.035,1.688440239549315
0.6715642701484428,1.6605152384316029,0.20302424418128637,-1.3003683460937068,0;0;-1.30036834609;0.203024244181;0;0;0;0;0;0;0;0,55441.04918296038,0.005,2851,0.0002,23.906071651198143,,0.0015230600436023783,0.2721716999999444,ok,same_stridge_core,Hx;D_x^1.660515 H,0.029370775375677335,1.7296519780139903
0.6724193112251015,1.6591167243460465,0.2046427717630461,-1.2982213703759569,0;0;-1.29822137038;0.204642771763;0;0;0;0;0;0;0;0,55433.99197933901,0.005,2852,0.0002,23.885480173940604,,0.0014920727606121881,0.3676258999998936,ok,same_stridge_core,Hx;D_x^1.659117 H,0.030000000000000002,1.7118833822049988
0.6670456833025307,1.6527136447245874,0.1914924200363427,-1.3137307419752489,0;0;-1.31373074198;0.191492420036;0;0;0;0;0;0;0;0,55404.16578494839,0.005,2853,0.0002,23.975748807734163,,0.0016760273159452301,0.3876494000001003,ok,same_stridge_core,Hx;D_x^1.652714 H,0.030000000000000002,1.814082493754806
0.6740301497998562,1.6821165263047422,0.0,-1.2709021769268347,0;0;-1.27090217693;0;0;0;0;0;0;0;0;0,55578.34357788309,0.005,2854,0.0002,13.560965235800452,,0.0030300723920070015,0.1476744999999937,ok,same_stridge_core,Hx,0.05733516483516484,2.4452965202238355
0.6682669210936399,1.657637448762894,0.1951041872498483,-1.3097577669524283,0;0;-1.30975776695;0.19510418725;0;0;0;0;0;0;0;0,55426.74387104558,0.005,2855,0.0002,23.963729322250142,,0.00163692077508777,0.40404369999987466,ok,same_stridge_core,Hx;D_x^1.657637 H,0.05375000000000001,1.7930317738319077
0.6637573798738596,1.6600028849753996,0.1853026310805983,-1.3218672157413953,0;0;-1.32186721574;0.185302631081;0;0;0;0;0;0;0;0,55438.44038783938,0.005,2856,0.0002,24.062774388459257,,0.001813403092192948,0.377520400000094,ok,same_stridge_core,Hx;D_x^1.660003 H,0.029521602580426097,1.8873982333235069
0.6723723851720848,1.6471085093464668,0.6087514307175284,-1.3735981068038465,0;0;-1.3735981068;0.608751430718;0;0;0;-0.373629623966;0.0772120103612;0;0.0350319520468;0,55381.20706333648,0.005,2857,0.0002,56.73072708306859,,0.0009210185944804934,0.40010899999992944,ok,same_stridge_core,Hx;D_x^1.647109 H;H*Hxx;H*Hxxx;H^2*Hxx,0.015,1.349520019732107
0.6727519114607454,1.6624592643435014,0.20606492974224397,-1.2968723376125506,0;0;-1.29687233761;0.206064929742;0;0;0;0;0;0;0;0,55451.1967404017,0.005,2858,0.0002,23.8884752515963,,0.0014850123932626824,0.1305058000000372,ok,same_stridge_core,Hx;D_x^1.662459 H,0.030000000000000002,1.7079965554356205
0.6664819857406555,1.6633542439740423,0.19209922541585633,-1.313939252048062,0;0;-1.31393925205;0.192099225416;0;0;0;0;0;0;0;0,55456.00308278573,0.005,2859,0.0002,24.015945514259403,,0.0017111361678071885,0.391855600000099,ok,same_stridge_core,Hx;D_x^1.663354 H,0.030000000000000002,1.8335442811451081
0.638857820376397,1.3475117050843084,0.40287101550889604,-1.646225813763443,0;0;-1.64622581376;0.402871015509;0;0;0;-0.285424832743;-0.158895183785;0;0.0212430364693;0,55609.68639219927,0.005,2860,0.0002,57.117958554073105,,0.0011880373575913594,0.3914129000002049,ok,same_stridge_core,Hx;D_x^1.347512 H;H*Hxx;H*Hxxx;H^2*Hxx,0.015,1.508272161873834
0.7076559149741457,1.2919603476464545,0.15746652082115323,-1.2897973434369434,0;0;-1.28979734344;0.157466520821;0;0;0;0;-0.12233292994;0;0;0,55709.007102523785,0.005,2861,0.0002,34.44677796560987,,0.000524115013285357,0.3908086999999796,ok,same_stridge_core,Hx;D_x^1.29196 H;H*Hxxx,0.0293696412546812,1.0213737040955968
0.6741910003941005,1.645602651874488,0.5956977183839901,-1.3665268646041713,0;0;-1.3665268646;0.595697718384;0;0;0;-0.361342101975;0.0740996143209;0;0.0339425464298;0,55375.51003164666,0.005,2862,0.0002,56.70249664362336,,0.0008900658262582381,0.3866471999999703,ok,same_stridge_core,Hx;D_x^1.645603 H;H*Hxx;H*Hxxx;H^2*Hxx,0.015,1.3269866119767002
0.7055703918941927,1.2862383228734133,0.13673397680396926,-1.2794293866695132,0;0;-1.27942938667;0.136733976804;-0.040152613344;0;0;0.00807568116614;-0.100297794666;0;0;0,55718.88999158212,0.005,2863,0.0002,56.73647067927334,,0.0005218014115543409,0.4006643999998687,ok,same_stridge_core,Hx;D_x^1.286238 H;Hxxx;H*Hxx;H*Hxxx,0.01,1.0175806876912235
0.6746220870898081,1.6655592197182378,0.2108854809859793,-1.2913641644712537,0;0;-1.29136416447;0.210885480986;0;0;0;0;0;0;0;0,55468.21490349387,0.005,2864,0.0002,23.86173919088685,,0.001427023257416251,0.30367200000000594,ok,same_stridge_core,Hx;D_x^1.665559 H,0.030000000000000002,1.674453229489301
0.6695192424622661,1.6667348331608374,0.19964360853827728,-1.305160369821905,0;0;-1.30516036982;0.199643608538;0;0;0;0;0;0;0;0,55474.94536412944,0.005,2865,0.0002,23.96474341932001,,0.001602932187618827,0.15175420000014128,ok,same_stridge_core,Hx;D_x^1.666735 H,0.03159259259259258,1.7747652736682324
0.6723934756607378,1.6657648097948825,0.20594424712527645,-1.2974145646492854,0;0;-1.29741456465;0.205944247125;0;0;0;0;0;0;0;0,55469.380950168255,0.005,2866,0.0002,23.90523120701964,,0.0015012472038272466,0.40744089999998323,ok,same_stridge_core,Hx;D_x^1.665765 H,0.04,1.7174788269523387
0.6732293294561287,1.6341523048640878,0.20143707320281798,-1.2993941164219938,0;0;-1.29939411642;0.201437073203;0;0;0;0;0;0;0;0,55338.18741646159,0.005,2867,0.0002,23.811696207789787,,0.0014332675450171447,0.3971877999999833,ok,same_stridge_core,Hx;D_x^1.634152 H,0.03575630252100839,1.6764212412051531
0.6692520841713696,1.6692792691305551,0.19952657733265441,-1.3055699148105717,0;0;-1.30556991481;0.199526577333;0;0;0;0;0;0;0;0,55490.05022362441,0.005,2868,0.0002,23.9780073417277,,0.00161577253454485,0.14673020000009274,ok,same_stridge_core,Hx;D_x^1.669279 H,0.029434259712691094,1.781987252277935
0.6749106649463066,1.6703172401330026,0.6204626789450789,-1.3533295199893816,0;0;-1.35332951999;0.620462678945;0;0;0;-0.372606795943;0.0862574395363;0;0.035363167447;0,55496.42748015085,0.005,2869,0.0002,56.83436148437278,,0.0009026828646605939,0.14817679999987377,ok,same_stridge_core,Hx;D_x^1.670317 H;H*Hxx;H*Hxxx;H^2*Hxx,0.010383116883116876,1.3379340042219288
0.6785272865943738,1.6681480365830443,0.22013110809805836,-1.2804067938237294,0;0;-1.28040679382;0.220131108098;0;0;0;0;0;0;0;0,55483.24296819627,0.005,2870,0.0002,23.79681030199862,,0.0013085152824498759,0.1350511999999071,ok,same_stridge_core,Hx;D_x^1.668148 H,0.029369694031458733,1.6035131147201136
0.6747167294629347,1.6540233057218718,0.6025778523221981,-1.360891321245693,0;0;-1.36089132125;0.602577852322;0;0;0;-0.363635282285;0.0780471947491;0;0.034291153954;0,55409.944150006886,0.005,2871,0.0002,56.737356450798856,,0.0008898332784895966,0.3811014999998861,ok,same_stridge_core,Hx;D_x^1.654023 H;H*Hxx;H*Hxxx;H^2*Hxx,0.019545454545454536,1.3274123007919694
0.669465474942109,1.6765433405412828,0.0,-1.2704154093372824,0;0;-1.27041540934;0;0;0;0;0.0435809812022;0;0;0;0,55537.42325407309,0.005,2872,0.0002,24.01339846595208,,0.0016469282071663106,0.28550730000006297,ok,same_stridge_core,Hx;H*Hxx,0.030000000000000002,1.7984291643228438
0.6399576156898452,1.6651427637857883,0.08662249272781108,-1.3661856897314288,0;0;-1.36618568973;0.0866224927278;4.04719190531;0;0;0;-0.644377529593;0;0;0,55465.867547603906,0.005,2873,0.0002,46.46810215541548,,0.0022977350322893426,0.14198700000019926,ok,same_stridge_core,Hx;D_x^1.665143 H;Hxxx;H*Hxxx,0.04,2.095408117332356
0.6715171810995597,1.6601100717777766,0.2028385403412623,-1.3005500366757334,0;0;-1.30055003668;0.202838540341;0;0;0;0;0;0;0;0,55438.98409848647,0.005,2874,0.0002,23.905858489520657,,0.0015241751658156529,0.38393169999994825,ok,same_stridge_core,Hx;D_x^1.66011 H,0.035,1.7302648501260685
0.6698821939422677,1.6693515917354147,0.6506331540788931,-1.374342818548029,0;0;-1.37434281855;0.650633154079;0;0;0;-0.403555533728;0.0925739955014;0;0.0380569212035;0,55490.49056528028,0.005,2875,0.0002,56.88936684801105,,0.0009884798698951455,0.3970785999999862,ok,same_stridge_core,Hx;D_x^1.669352 H;H*Hxx;H*Hxxx;H^2*Hxx,0.018265306122448983,1.3988762827307752
0.6711608232746646,1.63476362442911,0.197192456205984,-1.3048884439556971,0;0;-1.30488844396;0.197192456206;0;0;0;0;0;0;0;0,55339.92710717067,0.005,2876,0.0002,23.853388698172658,,0.0015040461517550037,0.38784850000001825,ok,same_stridge_core,Hx;D_x^1.634764 H,0.12500000000000003,1.7174178553043888
0.6779993478375087,1.6682850663339368,0.21899602172488483,-1.2818185805280047,0;0;-1.28181858053;0.218996021725;0;0;0;0;0;0;0;0,55484.05972293364,0.005,2877,0.0002,23.80693805867435,,0.0013245419689187168,0.3977824999999484,ok,same_stridge_core,Hx;D_x^1.668285 H,0.030000000000000002,1.613314169500894
0.6730472022883074,1.664225523440602,0.2070895596067924,-1.2958332211101338,0;0;-1.29583322111;0.207089559607;0;0;0;0;0;0;0;0,55460.764916191176,0.005,2878,0.0002,23.887942287959827,,0.0014772897237099042,0.13987429999997403,ok,same_stridge_core,Hx;D_x^1.664226 H,0.030000000000000002,1.7036363214833534
0.6737652882462549,1.6473140994231117,0.6003889019584204,-1.3676266890863864,0;0;-1.36762668909;0.600388901958;0;0;0;-0.365118482731;0.0755826722043;0;0.0342996949738;0,55381.99975835295,0.005,2879,0.0002,56.715274479071006,,0.000898523384632599,0.3931119999999737,ok,same_stridge_core,Hx;D_x^1.647314 H;H*Hxx;H*Hxxx;H^2*Hxx,0.015808080808080806,1.3332747207180622
0.6645535900388744,1.6570664954187333,0.18663274198379481,-1.320031238005544,0;0;-1.32003123801;0.186632741984;0;0;0;0;0;0;0;0,55424.00486438365,0.005,2880,0.0002,24.038256028604255,,0.001777866547609769,0.3875823999999284,ok,same_stridge_core,Hx;D_x^1.657066 H,0.030000000000000002,1.8686540828507958
0.665696735689139,1.6532999781540811,0.18857869992157802,-1.317355932992426,0;0;-1.31735593299;0.188578699922;0;0;0;0;0;0;0;0,55406.73270060035,0.005,2881,0.0002,24.004883116959288,,0.0017282645985901674,0.4139219999999568,ok,same_stridge_core,Hx;D_x^1.6533 H,0.041249999999999995,1.8421900367191502
0.6739233098172137,1.654065774959448,0.2069142674973977,-1.2948091678970304,0;0;-1.2948091679;0.206914267497;0;0;0;0;0;0;0;0,55410.134363687626,0.005,2882,0.0002,23.84294214519799,,0.0014355994810412995,0.42075550000004114,ok,same_stridge_core,Hx;D_x^1.654066 H,0.030000000000000002,1.6788883997229411
0.666549210868346,1.6678480406767051,0.19305719667043228,-1.313194819134124,0;0;-1.31319481913;0.19305719667;0;0;0;0;0;0;0;0,55481.46263436151,0.005,2883,0.0002,24.0280576867751,,0.0017143216151009712,0.4136590000000524,ok,same_stridge_core,Hx;D_x^1.667848 H,0.030000000000000002,1.8354726330304967
0.6715460027733067,1.6821165263047422,0.0,-1.263879371670207,0;0;-1.26387937167;0;0;0;0;0.0446375092363;0;0;0;0,55578.34357788309,0.005,2884,0.0002,23.98942018205569,,0.001573787118417821,0.1460153000000446,ok,same_stridge_core,Hx;H*Hxx,0.030000000000000002,1.758082750902454
0.6687220928448352,1.6632562995482274,0.19717211311816962,-1.3077925947060394,0;0;-1.30779259471;0.197172113118;0;0;0;0;0;0;0;0,55455.472802284996,0.005,2885,0.0002,23.970289170704326,,0.0016274152617814413,0.13686559999996462,ok,same_stridge_core,Hx;D_x^1.663256 H,0.0431875,1.7881000497903274
0.6730368895645027,1.6351120706379794,0.20121875364250663,-1.299780775055159,0;0;-1.29978077506;0.201218753643;0;0;0;0;0;0;0;0,55340.93068995967,0.005,2886,0.0002,23.8173046565606,,0.00144088417473629,0.38502360000006774,ok,same_stridge_core,Hx;D_x^1.635112 H,0.035,1.6809323805767327
0.6709862940245354,1.6761050150920882,0.20486833567032184,-1.2999291421630659,0;0;-1.29992914216;0.20486833567;0;0;0;0;0;0;0;0,55534.37863608112,0.005,2887,0.0002,23.966480148734234,,0.0015625797590640112,0.14359760000002098,ok,same_stridge_core,Hx;D_x^1.676105 H,0.030000000000000002,1.7527286943017841
0.7187247282425666,1.2538530063977291,0.1714936706223108,-1.2487135627610657,0;0;-1.24871356276;0.171493670622;0;0;0;0;0;0;0;0,55773.429126952775,0.005,2888,0.0002,23.58475583827845,,0.0008447316105918545,0.3835268000000269,ok,same_stridge_core,Hx;D_x^1.253853 H,0.05097402597402597,1.2753841874973424
0.6649797197727747,1.655796909213491,0.18738570987153425,-1.3190151421327316,0;0;-1.31901514213;0.187385709872;0;0;0;0;0;0;0;0,55418.02973806846,0.005,2889,0.0002,24.02608372762326,,0.0017594369528309173,0.389675299999908,ok,same_stridge_core,Hx;D_x^1.655797 H,0.030000000000000002,1.858871832395875
0.6714777250127815,1.6641785397501356,0.0,-1.2784736220075794,0;0;-1.27847362201;0;0;0;0;0;0;0;0;0,55460.505981511684,0.005,2890,0.0002,13.538702374010748,,0.003030787656847505,0.3765730000000076,ok,same_stridge_core,Hx,0.10300000000000004,2.4466011777084113
0.6658522725656938,1.6513424648002852,0.1885950470912797,-1.317175096303139,0;0;-1.3171750963;0.188595047091;0;0;0;0;0;0;0;0,55398.287251512505,0.005,2891,0.0002,23.9968293670163,,0.0017197017934492854,0.3994242999999642,ok,same_stridge_core,Hx;D_x^1.651342 H,0.030000000000000002,1.837514466411295
0.666339233727531,1.6595407859352655,0.19110183559468508,-1.3148086117886861,0;0;-1.31480861179;0.191101835595;0;0;0;0;0;0;0;0,55436.11069006526,0.005,2892,0.0002,24.008085753846856,,0.0017116757630926828,0.4113716000001659,ok,same_stridge_core,Hx;D_x^1.659541 H,0.030000000000000002,1.8336414778207508
0.673334888079188,1.6454713390462903,0.20389198050419402,-1.2975653258021247,0;0;-1.2975653258;0.203891980504;0;0;0;0;0;0;0;0,55375.0223558562,0.005,2893,0.0002,23.833458532868413,,0.0014441975972554729,0.2912392999999156,ok,same_stridge_core,Hx;D_x^1.645471 H,0.050714285714285705,1.6834495905259321
0.6716020551832004,1.6408051178884404,0.19926646128366673,-1.302882690218843,0;0;-1.30288269022;0.199266461284;0;0;0;0;0;0;0;0,55358.61926136032,0.005,2894,0.0002,23.856985988131598,,0.001496671909206054,0.38632669999992686,ok,same_stridge_core,Hx;D_x^1.640805 H,0.06472222222222224,1.713538283587469
0.6740167636711617,1.6617055363223074,0.20871736303383084,-1.2935279932180437,0;0;-1.29352799322;0.208717363034;0;0;0;0;0;0;0;0,55447.21525732015,0.005,2895,0.0002,23.861927548053075,,0.0014420255232904429,0.26545980000014424,ok,same_stridge_core,Hx;D_x^1.661706 H,0.05435897435897435,1.6830414451250153
0.673747802663957,1.6557498029001152,0.610610708873095,-1.3642166186765434,0;0;-1.36421661868;0.610610708873;0;0;0;-0.370758899191;0.0802219571821;0;0.034940851793;0,55417.811029293094,0.005,2896,0.0002,56.75796412428525,,0.0009071629031831011,0.4044322999998258,ok,same_stridge_core,Hx;D_x^1.65575 H;H*Hxx;H*Hxxx;H^2*Hxx,0.0163756613756614,1.340153094992153
0.6737866642458437,1.6656262048506336,0.20903611809951136,-1.2936309750369257,0;0;-1.29363097504;0.2090361181;0;0;0;0;0;0;0;0,55468.59447810736,0.005,2897,0.0002,23.87790958735457,,0.001454437701896129,0.4071949000001496,ok,same_stridge_core,Hx;D_x^1.665626 H,0.030000000000000002,1.690471796111623
0.6746692593231366,1.6596558492959552,0.609546571442287,-1.3587698338636567,0;0;-1.35876983386;0.609546571442;0;0;0;-0.367532244511;0.0811044005665;0;0.0347301342974;0,55436.6886803063,0.005,2898,0.0002,56.76905852215673,,0.0008960758215704455,0.3825925000001007,ok,same_stridge_core,Hx;D_x^1.659656 H;H*Hxx;H*Hxxx;H^2*Hxx,0.019545454545454536,1.3323698418504302
0.6692388789918597,1.6603267482901625,0.19778521212931105,-1.30675061781905,0;0;-1.30675061782;0.197785212129;0;0;0;0;0;0;0;0,55440.08626196383,0.005,2899,0.0002,23.951577852193367,,0.001604917851352735,0.3889950999998746,ok,same_stridge_core,Hx;D_x^1.660327 H,0.030000000000000002,1.7755433474078344
0.6733695329972798,1.663530261346309,0.20766344772960188,-1.2950467151236378,0;0;-1.29504671512;0.20766344773;0;0;0;0;0;0;0;0,55456.958388142,0.005,2900,0.0002,23.879666960264707,,0.001465668248774207,0.38126179999994747,ok,same_stridge_core,Hx;D_x^1.66353 H,0.039385683760683785,1.6968836050079081
0.6644240154141474,1.6493984447395436,0.6064732702197081,-1.3928174520928607,0;0;-1.39281745209;0.60647327022;0.652303121065;0;0;-0.383155011661;-0.0186807140126;0;0.0357050765448;0,55390.24687790488,0.005,2901,0.0002,67.90616985383642,,0.0010558697391435201,0.3891845000000558,ok,same_stridge_core,Hx;D_x^1.649398 H;Hxxx;H*Hxx;H*Hxxx;H^2*Hxx,0.01,1.4378736003505592
0.6721943005765961,1.6709277890168868,0.6379821907332972,-1.3641472162198154,0;0;-1.36414721622;0.637982190733;0;0;0;-0.389934942576;0.0902434241508;0;0.0368933054794;0,55500.23839723203,0.005,2902,0.0002,56.87161125511045,,0.0009491528580929576,0.1397327999998197,ok,same_stridge_core,Hx;D_x^1.670928 H;H*Hxx;H*Hxxx;H^2*Hxx,0.015363636363636359,1.3713728578784203
0.6737235101797079,1.6579674374173279,0.20728615865652258,-1.2948264316535056,0;0;-1.29482643165;0.207286158657;0;0;0;0;0;0;0;0,55428.341663469175,0.005,2903,0.0002,23.85710872334564,,0.0014470350959792007,0.37662699999987126,ok,same_stridge_core,Hx;D_x^1.657967 H,0.03035416666666667,1.6857720579579702
0.6774703491850345,1.6576344598732229,0.5899922404128427,-1.3480302250249179,0;0;-1.34803022502;0.589992240413;0;0;0;-0.34898397135;0.0764157283502;0;0.0330803197951;0,55426.72946873398,0.005,2904,0.0002,56.72524429037296,,0.0008504534527006181,0.29467189999991206,ok,same_stridge_core,Hx;D_x^1.657634 H;H*Hxx;H*Hxxx;H^2*Hxx,0.01,1.2985148216389821
0.6719961162216226,1.6536845351307488,0.2026207546004778,-1.300093652000569,0;0;-1.300093652;0.2026207546;0;0;0;0;0;0;0;0,55408.43393115718,0.005,2905,0.0002,23.879304875188886,,0.0014996267079168666,0.36884509999981674,ok,same_stridge_core,Hx;D_x^1.653685 H,0.12500000000000003,1.715931302726011
0.6777856050723685,1.6602866984926996,0.5911942316260855,-1.3456855237453647,0;0;-1.34568552375;0.591194231626;0;0;0;-0.348717608334;0.0773725021785;0;0.0331018489194;0,55439.882165471885,0.005,2906,0.0002,56.73677441202441,,0.0008480543286706055,0.1513100999998187,ok,same_stridge_core,Hx;D_x^1.660287 H;H*Hxx;H*Hxxx;H^2*Hxx,0.01,1.2968922465525248
0.6671632522882889,1.656628091644823,0.19244625225587444,-1.3129118971196518,0;0;-1.31291189712;0.192446252256;0;0;0;0;0;0;0;0,55421.923724106324,0.005,2907,0.0002,23.98340770896801,,0.0016766775411543903,0.3900865000000522,ok,same_stridge_core,Hx;D_x^1.656628 H,0.054627594627594596,1.8146382193254775
0.6719292550676226,1.6460991190772063,0.6102752970779163,-1.3758990582646122,0;0;-1.37589905826;0.610275297078;0;0;0;-0.375710673755;0.0771960669495;0;0.0351931500479;0,55377.36691554373,0.005,2908,0.0002,56.73134099758334,,0.0009273343693501087,0.4001444000000447,ok,same_stridge_core,Hx;D_x^1.646099 H;H*Hxx;H*Hxxx;H^2*Hxx,0.019588744588744596,1.3539740820396062
0.65970246770264,1.6552987327930577,0.1752856164646511,-1.3336535683134934,0;0;-1.33365356831;0.175285616465;0;0;0;0;0;0;0;0,55415.7280418358,0.005,2909,0.0002,24.13638238433732,,0.001976171174864515,0.3959233000000495,ok,same_stridge_core,Hx;D_x^1.655299 H,0.035,1.970091167602998
0.674292204953651,1.6351369248078798,0.20385994322647696,-1.296399209306675,0;0;-1.29639920931;0.203859943226;0;0;0;0;0;0;0;0,55341.00261164726,0.005,2910,0.0002,23.79311326324145,,0.001399723434493793,0.286025299999892,ok,same_stridge_core,Hx;D_x^1.635137 H,0.12500000000000003,1.6567122185825476
0.670994638244377,1.6394987236375849,0.19772047090607295,-1.3047018761005857,0;0;-1.3047018761;0.197720470906;0;0;0;0;0;0;0;0,55354.34063816922,0.005,2911,0.0002,23.866217058184215,,0.0015159507487171027,0.38489210000011553,ok,same_stridge_core,Hx;D_x^1.639499 H,0.12500000000000003,1.724480802916529
0.6736576274733519,1.6503886280401574,0.2055813220148792,-1.2960260079451333,0;0;-1.29602600795;0.205581322015;0;0;0;0;0;0;0;0,55394.299548995325,0.005,2912,0.0002,23.83882893023149,,0.0014397318667374926,0.38754470000003494,ok,same_stridge_core,Hx;D_x^1.650389 H,0.030000000000000002,1.6811091106333593
0.6713620472032426,1.669451816338852,0.20436956391063854,-1.2997555288716864,0;0;-1.29975552887;0.204369563911;0;0;0;0;0;0;0;0,55491.101376343424,0.005,2913,0.0002,23.936835229762,,0.0015412350592529853,0.3856912999999622,ok,same_stridge_core,Hx;D_x^1.669452 H,0.02993855218855219,1.7403946792246294
0.6697778642618146,1.655449246218347,0.6349810006274071,-1.380973822658327,0;0;-1.38097382266;0.634981000627;0;0;0;-0.395421246096;0.0852016686062;0;0.0370783026092;0,55416.420868919646,0.005,2914,0.0002,56.804437212225686,,0.0009744535075339016,0.4009383000000071,ok,same_stridge_core,Hx;D_x^1.655449 H;H*Hxx;H*Hxxx;H^2*Hxx,0.01542561469032058,1.3880163433060444
0.6725414046344369,1.6632562995482274,0.0,-1.2753143271660237,0;0;-1.27531432717;0;0;0;0;0;0;0;0;0,55455.472802284996,0.005,2915,0.0002,13.53686229906651,,0.0030297517425509728,0.1384831000000304,ok,same_stridge_core,Hx,0.09000000000000001,2.44576773860951
0.6708543112180716,1.651374105000067,0.1996655575693735,-1.3035055255611707,0;0;-1.30350552556;0.199665557569;0;0;0;0;0;0;0;0,55398.42101596342,0.005,2916,0.0002,23.895944326721057,,0.0015361127248034177,0.37810830000012174,ok,same_stridge_core,Hx;D_x^1.651374 H,0.0431875,1.7365759203356903
0.6728905588058385,1.661245411952242,0.6224201184522796,-1.3654632341612942,0;0;-1.36546323416;0.622420118452;0;0;0;-0.37960571966;0.0842767484914;0;0.0358110060322;0,55444.81404118957,0.005,2917,0.0002,56.799647914199376,,0.000926972043377857,0.3897041000000172,ok,same_stridge_core,Hx;D_x^1.661245 H;H*Hxx;H*Hxxx;H^2*Hxx,0.0113157894736842,1.3548338730098053
0.6712339831342911,1.6624592643435014,0.6341622359662837,-1.371809690235566,0;0;-1.37180969024;0.634162235966;0;0;0;-0.390752791056;0.0871138950187;0;0.0368057907709;0,55451.1967404017,0.005,2918,0.0002,56.82723503412009,,0.0009566390052096704,0.1371682999999848,ok,same_stridge_core,Hx;D_x^1.662459 H;H*Hxx;H*Hxxx;H^2*Hxx,0.01684873949579831,1.3760382937183957
0.6692830998876214,1.6785924449743304,0.0,-1.2850101914669245,0;0;-1.28501019147;0;0;0;0;0;0;0;0;0,55551.98741906721,0.005,2919,0.0002,13.560046884512087,,0.003036314658836395,0.1393282999999883,ok,same_stridge_core,Hx,0.05519230769230767,2.449649400698644
0.6667267394348824,1.655563880742529,0.19127873251091512,-1.3142440563648803,0;0;-1.31424405636;0.191278732511;0;0;0;0;0;0;0;0,55416.950185697184,0.005,2920,0.0002,23.989523613854438,,0.0016917800232230796,0.3764997000000676,ok,same_stridge_core,Hx;D_x^1.655564 H,0.030000000000000002,1.8227435395755616
0.6738377890418294,1.657070402034684,0.2073506605195519,-1.2946364846654064,0;0;-1.29463648467;0.20735066052;0;0;0;0;0;0;0;0,55424.02349406932,0.005,2921,0.0002,23.852487400541847,,0.0014421546400320583,0.2913281000001007,ok,same_stridge_core,Hx;D_x^1.65707 H,0.030000000000000002,1.6828780029141193
0.668451174599966,1.6496849389550519,0.19406844249612448,-1.3102758535170598,0;0;-1.31027585352;0.194068442496;0;0;0;0;0;0;0;0,55391.41067432869,0.005,2922,0.0002,23.939821960251415,,0.0016198919976448093,0.3813515000001644,ok,same_stridge_core,Hx;D_x^1.649685 H,0.030000000000000002,1.783257690519937
0.7004996042391642,1.3558820520250199,0.18538925053861025,-1.2766719617556168,0;0;-1.27667196176;0.185389250539;0;0;0;0;0;0;0;0,55594.27658957921,0.005,2923,0.0002,23.329257332155283,,0.0006332676322376623,0.3912824000001365,ok,same_stridge_core,Hx;D_x^1.355882 H,0.085,1.0915466963235987
0.6717754049014655,1.650625778356811,0.2015355239191682,-1.3011000487563813,0;0;-1.30110004876;0.201535523919;0;0;0;0;0;0;0;0,55395.283288896906,0.005,2924,0.0002,23.875981852942708,,0.0015032961650895283,0.4045880999999554,ok,same_stridge_core,Hx;D_x^1.650626 H,0.041249999999999995,1.7178685373839446
0.6699172831134126,1.6667348331608374,0.6473946836351852,-1.3753745506921204,0;0;-1.37537455069;0.647394683635;0;0;0;-0.401726904102;0.0911503186485;0;0.0378461667151;0,55474.94536412944,0.005,2925,0.0002,56.87107473802946,,0.0009848237188988126,0.1430588999999145,ok,same_stridge_core,Hx;D_x^1.666735 H;H*Hxx;H*Hxxx;H^2*Hxx,0.015,1.3961293739000233
0.6736358840891215,1.6475714288632615,0.20496204620695163,-1.2964663863673076,0;0;-1.29646638637;0.204962046207;0;0;0;0;0;0;0;0,55382.99726966107,0.005,2926,0.0002,23.83250221751153,,0.0014369040264186274,0.3958990000000995,ok,same_stridge_core,Hx;D_x^1.647571 H,0.030000000000000002,1.6793033096471004
0.6675482058842567,1.6435271290473257,0.19099881292235818,-1.3135346883889636,0;0;-1.31353468839;0.190998812922;0;0;0;0;0;0;0;0,55367.971190960736,0.005,2927,0.0002,23.94400321829823,,0.0016451998410952707,0.39216940000005707,ok,same_stridge_core,Hx;D_x^1.643527 H,0.03951984126984127,1.796814741913938
0.6663184751268967,1.6508630634283015,0.18955233622351816,-1.3159576330527687,0;0;-1.31595763305;0.189552336224;0;0;0;0;0;0;0;0,55396.27265001654,0.005,2928,0.0002,23.98607370995686,,0.0017011919398022,0.3838435999998637,ok,same_stridge_core,Hx;D_x^1.650863 H,0.029939814814814815,1.8275646499502447
0.670591625298792,1.6617253382637684,0.6373189522503504,-1.3748023655467907,0;0;-1.37480236555;0.63731895225;0;0;0;-0.394332585328;0.0875725969034;0;0.0371040887041;0,55447.31891259993,0.005,2929,0.0002,56.83066814784733,,0.0009670998270390694,0.38768479999998817,ok,same_stridge_core,Hx;D_x^1.661725 H;H*Hxx;H*Hxxx;H^2*Hxx,0.015,1.3833492352474028
0.6631630817210258,1.6681480365830443,0.18526506178533586,-1.3225272351087412,0;0;-1.32252723511;0.185265061785;0;0;0;0;0;0;0;0,55483.24296819627,0.005,2930,0.0002,24.098993518593655,,0.0018479375888583924,0.13482649999991736,ok,same_stridge_core,Hx;D_x^1.668148 H,0.035,1.9056963313151496
0.6712550874543577,1.6595894068750172,0.20215154742887925,-1.3013336280236987,0;0;-1.30133362802;0.202151547429;0;0;0;0;0;0;0;0,55436.35476101744,0.005,2931,0.0002,23.909552730768453,,0.0015325899147472421,0.3798722000001362,ok,same_stridge_core,Hx;D_x^1.659589 H,0.04054166666666663,1.7350108263614725
0.6671713087732974,1.6471719974196088,0.19080452543449578,-1.314094310183077,0;0;-1.31409431018;0.190804525434;0;0;0;0;0;0;0;0,55381.451467844374,0.005,2932,0.0002,23.959881668669865,,0.0016640723396933246,0.3851908999999978,ok,same_stridge_core,Hx;D_x^1.647172 H,0.034707219251336914,1.8073010815321133
0.6711574219626065,1.6651427637857883,0.0,-1.2794260978271355,0;0;-1.27942609783;0;0;0;0;0;0;0;0;0,55465.867547603906,0.005,2933,0.0002,13.540107527340556,,0.003031308319695797,0.14613550000012765,ok,same_stridge_core,Hx,0.12000000000000004,2.4469340178197743
0.6739238579156844,1.6487146098490122,0.6011007628799114,-1.3663851805476173,0;0;-1.36638518055;0.60110076288;0;0;0;-0.365067157624;0.0761598492551;0;0.0343204598008;0,55387.49902040041,0.005,2934,0.0002,56.72002029718278,,0.0008973501392425076,0.3960591000000022,ok,same_stridge_core,Hx;D_x^1.648715 H;H*Hxx;H*Hxxx;H^2*Hxx,0.010058922558922543,1.3325212767823675
0.6763646633103719,1.658367683516529,0.0,-1.2640060615748394,0;0;-1.26400606157;0;0;0;0;0;0;0;0;0,55430.294354702055,0.005,2935,0.0002,13.532221063869464,,0.0030346594885709483,0.381787900000063,ok,same_stridge_core,Hx,0.11000000000000003,2.4461621929290533
0.6696195136701754,1.656212475388992,0.19785919917885209,-1.306240322772033,0;0;-1.30624032277;0.197859199179;0;0;0;0;0;0;0;0,55419.968133398004,0.005,2936,0.0002,23.932802944290476,,0.001585974588125805,0.405002100000047,ok,same_stridge_core,Hx;D_x^1.656212 H,0.04915975294546723,1.7648156909312722
0.6747497860838474,1.6622167332520403,0.21044850629506276,-1.2914661826987484,0;0;-1.2914661827;0.210448506295;0;0;0;0;0;0;0;0,55449.908923155584,0.005,2937,0.0002,23.849405306335893,,0.0014187849096652012,0.39085660000000644,ok,same_stridge_core,Hx;D_x^1.662217 H,0.040624999999999994,1.6694417370736583
0.6738634928065096,1.6527238741506756,0.6062866338908368,-1.3649889252601646,0;0;-1.36498892526;0.606286633891;0;0;0;-0.368077753802;0.078434962829;0;0.0346534727698;0,55404.21033745879,0.005,2938,0.0002,56.74059643066416,,0.0009022703211426363,0.41471769999998287,ok,same_stridge_core,Hx;D_x^1.652724 H;H*Hxx;H*Hxxx;H^2*Hxx,0.01,1.3363860932053713
0.6690327207563472,1.6561745329983004,0.6405314529978665,-1.3837906663740478,0;0;-1.38379066637;0.640531452998;0;0;0;-0.400603708072;0.0865778384966;0;0.0375427769739;0,55419.79031297163,0.005,2939,0.0002,56.81772591299163,,0.0009886120713481536,0.4009591999999884,ok,same_stridge_core,Hx;D_x^1.656175 H;H*Hxx;H*Hxxx;H^2*Hxx,0.02,1.3979356000200003
0.6718824551502804,1.670814189052246,0.0,-1.277270834150037,0;0;-1.27727083415;0;0;0;0;0;0;0;0;0,55499.5259836536,0.005,2940,0.0002,13.5461399293255,,0.003030268043358454,0.38673319999998057,ok,same_stridge_core,Hx,0.0748611111111111,2.4462347325947804
0.6721854742820141,1.6419661969971957,0.2007379543469218,-1.301147978366404,0;0;-1.30114797837;0.200737954347;0;0;0;0;0;0;0;0,55362.53535455155,0.005,2941,0.0002,23.848033167649607,,0.0014782646463494804,0.37923670000009224,ok,same_stridge_core,Hx;D_x^1.641966 H,0.05661538461538464,1.7030190258289866
0.6754978708550985,1.6554069943941416,0.21062660839877415,-1.2903611811414049,0;0;-1.29036118114;0.210626608399;0;0;0;0;0;0;0;0,55416.22607147097,0.005,2942,0.0002,23.816425162329274,,0.0013864345061566944,0.27848249999988184,ok,same_stridge_core,Hx;D_x^1.655407 H,0.030000000000000002,1.6499347337408843
0.6698879236461086,1.646841915419955,0.19669766027812027,-1.3067313453225777,0;0;-1.30673134532;0.196697660278;0;0;0;0;0;0;0;0,55380.18410811629,0.005,2943,0.0002,23.90430988761343,,0.001564350362178553,0.3936493999999584,ok,same_stridge_core,Hx;D_x^1.646842 H,0.030000000000000002,1.7522362443669122
0.671954080691511,1.6611520808425608,0.20402070438361905,-1.2992209218371387,0;0;-1.29922092184;0.204020704384;0;0;0;0;0;0;0;0,55444.32960646848,0.005,2944,0.0002,23.90024643403964,,0.001510467108676223,0.39582689999997456,ok,same_stridge_core,Hx;D_x^1.661152 H,0.05499999999999999,1.722514591452249
0.6700962620250588,1.647193163359148,0.19721715110779311,-1.306118480310059,0;0;-1.30611848031;0.197217151108;0;0;0;0;0;0;0;0,55381.53311054209,0.005,2945,0.0002,23.90097194099154,,0.0015574080764379336,0.38335430000006454,ok,same_stridge_core,Hx;D_x^1.647193 H,0.030127442002441995,1.748358696774703
0.6687857560971222,1.6424061413112125,0.19349418672414095,-1.310310690306337,0;0;-1.31031069031;0.193494186724;0;0;0;0;0;0;0;0,55364.04740871789,0.005,2946,0.0002,23.91649421674656,,0.0015982085091243259,0.3768242999999529,ok,same_stridge_core,Hx;D_x^1.642406 H,0.0344157037815126,1.770875253259406
0.6750996036018488,1.6576977669977198,0.21024875591297815,-1.2911279958047246,0;0;-1.2911279958;0.210248755913;0;0;0;0;0;0;0;0,55427.03520486165,0.005,2947,0.0002,23.83009053856689,,0.0014019627854373199,0.3746750999998767,ok,same_stridge_core,Hx;D_x^1.657698 H,0.041249999999999995,1.6592764566222291
0.6776432782792314,1.664734517200988,0.2173897978109188,-1.2832725529779587,0;0;-1.28327255298;0.217389797811;0;0;0;0;0;0;0;0,55463.584979794265,0.005,2948,0.0002,23.802555989696376,,0.0013310913986904673,0.2739364999999907,ok,same_stridge_core,Hx;D_x^1.664735 H,0.025526315789473685,1.6171219977786686
0.6783988658471891,1.6613168768093545,0.588671936438598,-1.3427692575898147,0;0;-1.34276925759;0.588671936439;0;0;0;-0.34560458179;0.0770990649327;0;0.0328477214619;0,55445.18567015644,0.005,2949,0.0002,56.73591568147718,,0.000839770789549358,0.2949906999999712,ok,same_stridge_core,Hx;D_x^1.661317 H;H*Hxx;H*Hxxx;H^2*Hxx,0.019545454545454536,1.2907300113207405
0.6699685662161992,1.6711516050510897,0.20153250057318695,-1.303361525372672,0;0;-1.30336152537;0.201532500573;0;0;0;0;0;0;0;0,55501.64655317887,0.005,2950,0.0002,23.969788100867067,,0.0015923828605345686,0.40927669999996397,ok,same_stridge_core,Hx;D_x^1.671152 H,0.029919933884457694,1.7691294795955181
0.6696328623562119,1.664082147549116,0.6460968725242299,-1.3777440544925574,0;0;-1.37774405449;0.646096872524;0;0;0;-0.401873956657;0.0901184865413;0;0.0378075743254;0,55459.97555490862,0.005,2951,0.0002,56.85734934160474,,0.0009869085977630115,0.1430520000001252,ok,same_stridge_core,Hx;D_x^1.664082 H;H*Hxx;H*Hxxx;H^2*Hxx,0.015,1.3973737866961236
0.678801640112665,1.6671476110029968,0.22050044953324446,-1.2798025785420282,0;0;-1.27980257854;0.220500449533;0;0;0;0;0;0;0;0,55477.34554470872,0.005,2952,0.0002,23.788654873470968,,0.0012991573024382684,0.27665520000005017,ok,same_stridge_core,Hx;D_x^1.667148 H,0.03111111111111111,1.5977166555874796
0.6734956779406737,1.685113554849735,0.0,-1.2724848791571937,0;0;-1.27248487916;0;0;0;0;0;0;0;0;0,55602.11024673339,0.005,2953,0.0002,13.565795052357974,,0.003029721249269833,0.1334628000001885,ok,same_stridge_core,Hx,0.12500000000000003,2.4453730030112943
0.6701474615057088,1.6489018812347849,0.19764853180127273,-1.3057545389005671,0;0;-1.3057545389;0.197648531801;0;0;0;0;0;0;0;0,55388.24747554486,0.005,2954,0.0002,23.903967977764434,,0.0015577961126773282,0.3778810999999678,ok,same_stridge_core,Hx;D_x^1.648902 H,0.030000000000000002,1.7486689875464916
0.6706313330213169,1.6537511661806108,0.19963153315385126,-1.3038002079266073,0;0;-1.30380020793;0.199631533154;0;0;0;0;0;0;0;0,55408.73011875206,0.005,2955,0.0002,23.906315977860515,,0.0015469524491181204,0.3828921000001628,ok,same_stridge_core,Hx;D_x^1.653751 H,0.030000000000000002,1.7428239303596924
0.6700978254063014,1.6724027749036654,0.6527653443642559,-1.3720792120521275,0;0;-1.37207921205;0.652765344364;0;0;0;-0.404033585319;0.093860311324;0;0.0381579488836;0,55509.62905061131,0.005,2956,0.0002,56.90847013986817,,0.0009880898315682137,0.38974919999986923,ok,same_stridge_core,Hx;D_x^1.672403 H;H*Hxx;H*Hxxx;H^2*Hxx,0.01,1.3988410892568655
0.6736297118513161,1.6539562526724272,0.20625102769053563,-1.295620262624689,0;0;-1.29562026262;0.206251027691;0;0;0;0;0;0;0;0,55409.64438782905,0.005,2957,0.0002,23.848305927049868,,0.0014451250169134665,0.38888150000002497,ok,same_stridge_core,Hx;D_x^1.653956 H,0.030629629629629625,1.6844481719182463
0.6406839883769748,1.9510248649476891,0.0,-1.3652509444861,0;0;-1.36525094449;0;0;0;0;-0.256779980339;0.0539574490052;0;0.0351539473208;0,66706.12200276129,0.005,2958,0.0002,55.483892039530645,,0.002253468868294837,0.39698810000004414,ok,same_stridge_core,Hx;H*Hxx;H*Hxxx;H^2*Hxx,0.02,2.118994437321613
0.6659745175582856,1.6607070890558155,0.19047788680338515,-1.3156666096368623,0;0;-1.31566660964;0.190477886803;0;0;0;0;0;0;0;0,55442.03294453943,0.005,2959,0.0002,24.018798524696823,,0.0017271690289625107,0.38761390000013307,ok,same_stridge_core,Hx;D_x^1.660707 H,0.030939643347050752,1.8419853468810499
0.6647634502482537,1.6561259069436347,0.6085984666672763,-1.38769310893167,0;0;-1.38769310893;0.608598466667;0.690536962995;0;0;-0.382674641142;-0.0217964410412;0;0.0357799266547;0,55419.56283219081,0.005,2960,0.0002,67.94203303716446,,0.0010566084727345192,0.39980339999988246,ok,same_stridge_core,Hx;D_x^1.656126 H;Hxxx;H*Hxx;H*Hxxx;H^2*Hxx,0.010565789473684214,1.438557638535489
0.6624745359255508,1.655691848902122,0.1816864461410736,-1.325934300180954,0;0;-1.32593430018;0.181686446141;0;0;0;0;0;0;0;0,55417.54238514637,0.005,2961,0.0002,24.078229908048367,,0.0018598533086750168,0.3928502999999637,ok,same_stridge_core,Hx;D_x^1.655692 H,0.04923251351822782,1.9112129539898166
0.6724666574741105,1.6677216528306475,0.6326022473658197,-1.364427745780172,0;0;-1.36442774578;0.632602247366;0;0;0;-0.386282064056;0.0882303996932;0;0.0365136842415;0,55480.715488836446,0.005,2962,0.0002,56.84605344394639,,0.0009409993226617849,0.40354869999987386,ok,same_stridge_core,Hx;D_x^1.667722 H;H*Hxx;H*Hxxx;H^2*Hxx,0.01,1.3653379551099458
0.6666356889564895,1.6513774548405593,0.19034680058005501,-1.3150234320445748,0;0;-1.31502343204;0.19034680058;0;0;0;0;0;0;0;0,55398.43507444011,0.005,2963,0.0002,23.980824556610756,,0.0016897877139781404,0.4099562999999762,ok,same_stridge_core,Hx;D_x^1.651377 H,0.035,1.8214505268347114
0.7045714855190148,1.3512689875341493,0.18812510907549224,-1.2677185808437954,0;0;-1.26771858084;0.188125109075;0;0;0;0;0;0;0;0,55602.780565587454,0.005,2964,0.0002,23.318406984693496,,0.0006155678545912486,0.39590399999997317,ok,same_stridge_core,Hx;D_x^1.351269 H,0.06499999999999999,1.0772947584585142
0.6693575551128262,1.6559148198899465,0.19722051195912754,-1.3069947350323663,0;0;-1.30699473503;0.197220511959;0;0;0;0;0;0;0;0,55418.578043813635,0.005,2965,0.0002,23.93725150213887,,0.00159500343887561,0.38079469999979665,ok,same_stridge_core,Hx;D_x^1.655915 H,0.029370476997383307,1.7698202846134172
0.6802362918529943,1.6612844312677557,0.22224080710180774,-1.276750019038169,0;0;-1.27675001904;0.222240807102;0;0;0;0;0;0;0;0,55445.01686882155,0.005,2966,0.0002,23.74510742652106,,0.001250341007918756,0.39548930000000837,ok,same_stridge_core,Hx;D_x^1.661284 H,0.030000000000000002,1.56710067899244
0.6735471796906006,1.6598918180518953,0.6167563104840664,-1.3633158901910352,0;0;-1.36331589019;0.616756310484;0;0;0;-0.374654600252;0.082696439201;0;0.035354806724;0,55437.87831245319,0.005,2967,0.0002,56.783734907369386,,0.0009146349493398056,0.1584020000000237,ok,same_stridge_core,Hx;D_x^1.659892 H;H*Hxx;H*Hxxx;H^2*Hxx,0.01,1.3458565949161907
0.6688975216329971,1.664225523440602,0.1977522891454912,-1.3071875228452279,0;0;-1.30718752285;0.197752289145;0;0;0;0;0;0;0;0,55460.764916191176,0.005,2968,0.0002,23.96961393553956,,0.0016222515265648077,0.1381372000000738,ok,same_stridge_core,Hx;D_x^1.664226 H,0.030000000000000002,1.7853079690630862
0.6717570983756979,1.6631428605079126,0.20398240515374894,-1.299497185400963,0;0;-1.2994971854;0.203982405154;0;0;0;0;0;0;0;0,55454.859907665515,0.005,2969,0.0002,23.909829078073372,,0.0015197172896691234,0.3801299999997809,ok,same_stridge_core,Hx;D_x^1.663143 H,0.029369957384663255,1.7278851150071668
0.6765581845660245,1.6497471721325179,0.21169564199039273,-1.2882760591980371,0;0;-1.2882760592;0.21169564199;0;0;0;0;0;0;0;0,55391.66427141315,0.005,2970,0.0002,23.782162132698186,,0.0013462022023296323,0.38240489999998317,ok,same_stridge_core,Hx;D_x^1.649747 H,0.030000000000000002,1.6254964241329222
0.6780586623561466,1.654052357587596,0.2158657392859193,-1.2836327976253927,0;0;-1.28363279763;0.215865739286;0;0;0;0;0;0;0;0,55410.07426539859,0.005,2971,0.0002,23.765071698423345,,0.0013056670793841446,0.397924600000124,ok,same_stridge_core,Hx;D_x^1.654052 H,0.025,1.6010419922639099
0.6693775724316718,1.6629701797288678,0.1985994362849809,-1.3060311744341906,0;0;-1.30603117443;0.198599436285;0;0;0;0;0;0;0;0,55453.92990951009,0.005,2972,0.0002,23.956338202163362,,0.0016032726520490363,0.3849225999999817,ok,same_stridge_core,Hx;D_x^1.66297 H,0.030000000000000002,1.774766238359328
0.6650920875157573,1.642897703868301,0.18551189089322162,-1.3203225497838669,0;0;-1.32032254978;0.185511890893;0;0;0;0;0;0;0;0,55365.7552491484,0.005,2973,0.0002,23.993148949703777,,0.001738048783435475,0.39798209999980827,ok,same_stridge_core,Hx;D_x^1.642898 H,0.035,1.8468468500444155
0.67235700017312,1.6351053407095306,0.19978479411800182,-1.3016140282150561,0;0;-1.30161402822;0.199784794118;0;0;0;0;0;0;0;0,55340.91133181143,0.005,2974,0.0002,23.83054113151158,,0.0014636437890396098,0.389733200000137,ok,same_stridge_core,Hx;D_x^1.635105 H,0.08092592592592589,1.694176598787006
0.6738578211649228,1.6632562995482274,0.6187833477685939,-1.3606143741114498,0;0;-1.36061437411;0.618783347769;0;0;0;-0.374834386599;0.0840564701936;0;0.0354314117597;0,55455.472802284996,0.005,2975,0.0002,56.80032801826689,,0.0009129138828911189,0.1562544999999318,ok,same_stridge_core,Hx;D_x^1.663256 H;H*Hxx;H*Hxxx;H^2*Hxx,0.01,1.3448552159818972
0.6684519384478818,1.6774668735948401,0.0,-1.287492172313556,0;0;-1.28749217231;0;0;0;0;0;0;0;0;0,55543.91980415118,0.005,2976,0.0002,13.560061351870962,,0.0030396179466220864,0.1533835000000181,ok,same_stridge_core,Hx,0.12500000000000003,2.4512773910407257
0.6707232588473685,1.662406345967114,0.20151842396990627,-1.3024191298077548,0;0;-1.30241912981;0.20151842397;0;0;0;0;0;0;0;0,55450.91532956731,0.005,2977,0.0002,23.927998530431275,,0.001554699239937888,0.3916302000000087,ok,same_stridge_core,Hx;D_x^1.662406 H,0.0484567901234568,1.7476323986043496
0.6800948579433616,1.6624592643435014,0.22221485229561336,-1.2769653590703687,0;0;-1.27696535907;0.222214852296;0;0;0;0;0;0;0;0,55451.1967404017,0.005,2978,0.0002,23.75105399438313,,0.0012557916163770826,0.1393746999999621,ok,same_stridge_core,Hx;D_x^1.662459 H,0.025,1.570575298222452
0.671016174705238,1.6486077662038616,0.19948938337627198,-1.3034308136549069,0;0;-1.30343081365;0.199489383376;0;0;0;0;0;0;0;0,55387.07365115407,0.005,2979,0.0002,23.886055839161276,,0.0015269335571663426,0.37749189999999544,ok,same_stridge_core,Hx;D_x^1.648608 H,0.12500000000000003,1.7312263786996476
0.6714777250127815,1.6609089019035157,0.6308184864913253,-1.3714724657289814,0;0;-1.37147246573;0.630818486491;0;0;0;-0.388240901437;0.0859607864315;0;0.0365575125842;0,55443.072076111646,0.005,2980,0.0002,56.81480201562453,,0.0009507123154003871,0.28974910000010823,ok,same_stridge_core,Hx;D_x^1.660909 H;H*Hxx;H*Hxxx;H^2*Hxx,0.015,1.3717299395128824
0.6738377890418294,1.662406345967114,0.20846852794464865,-1.2939212202742083,0;0;-1.29392122027;0.208468527945;0;0;0;0;0;0;0;0,55450.91532956731,0.005,2981,0.0002,23.867380570593618,,0.00144877608997786,0.03268119999984265,ok,same_stridge_core,Hx;D_x^1.662406 H,0.030000000000000002,1.6870144387666923
0.6671014860040124,1.6536555421667976,0.1917823305970519,-1.3134581935739007,0;0;-1.31345819357;0.191782330597;0;0;0;0;0;0;0;0,55408.30509198213,0.005,2982,0.0002,23.9769788744701,,0.0016751504019419316,0.40137140000001637,ok,same_stridge_core,Hx;D_x^1.653656 H,0.030000000000000002,1.813656837677242
0.6671909014549319,1.6517489915859707,0.1916463794056139,-1.3134558669979794,0;0;-1.313455867;0.191646379406;0;0;0;0;0;0;0;0,55400.012084618225,0.005,2983,0.0002,23.97039541429791,,0.0016693114541980073,0.3872863999999936,ok,same_stridge_core,Hx;D_x^1.651749 H,0.12500000000000003,1.8103905804506177
0.6747668843317003,1.657374189516997,0.6062499394127923,-1.3593075451622672,0;0;-1.35930754516;0.606249939413;0;0;0;-0.365478115555;0.0797722928072;0;0.0345107785083;0,55425.4769954607,0.005,2984,0.0002,56.75491371862163,,0.0008922793263627995,0.14088420000007318,ok,same_stridge_core,Hx;D_x^1.657374 H;H*Hxx;H*Hxxx;H^2*Hxx,0.01,1.3294367231609268
0.6741751086249692,1.6531816183060575,0.20727949699203269,-1.2942461438560349,0;0;-1.29424614386;0.207279496992;0;0;0;0;0;0;0;0,55406.21217629547,0.005,2985,0.0002,23.83584965957311,,0.0014262569797630002,0.3901946000000862,ok,same_stridge_core,Hx;D_x^1.653182 H,0.030000000000000002,1.6733647890549213
0.6764066919799367,1.6593635134403162,0.21346953236106966,-1.2873594346606168,0;0;-1.28735943466;0.213469532361;0;0;0;0;0;0;0;0,55435.222649604526,0.005,2986,0.0002,23.810024928493604,,0.0013626835660411503,0.28440660000001117,ok,same_stridge_core,Hx;D_x^1.659364 H,0.030000000000000002,1.6359358686517906
0.6675711416155188,1.6472562416047773,0.19169920540817156,-1.312991467025545,0;0;-1.31299146703;0.191699205408;0;0;0;0;0;0;0;0,55381.77652393091,0.005,2987,0.0002,23.95193107869455,,0.0016492322331209054,0.40786240000011276,ok,same_stridge_core,Hx;D_x^1.647256 H,0.030000000000000002,1.7992204691221874
0.6720767941153616,1.6671253160869333,0.20551152032075415,-1.2981017495138394,0;0;-1.29810174951;0.205511520321;0;0;0;0;0;0;0;0,55477.215488131755,0.005,2988,0.0002,23.91555997179505,,0.0015137272298563508,0.38959479999994073,ok,same_stridge_core,Hx;D_x^1.667125 H,0.030000000000000002,1.7246737765423503
0.6746022724651388,1.6703172401330026,0.2118754758460647,-1.2907816694156773,0;0;-1.29078166942;0.211875475846;0;0;0;0;0;0;0;0,55496.42748015085,0.005,2989,0.0002,23.877047809484523,,0.0014334838356209088,0.14625260000002527,ok,same_stridge_core,Hx;D_x^1.670317 H,0.030000000000000002,1.6784768174241835
0.6659219675107886,1.6564421274198935,0.1896211960101865,-1.3163436199066516,0;0;-1.31634361991;0.18962119601;0;0;0;0;0;0;0;0,55421.046418649654,0.005,2990,0.0002,24.0083182117218,,0.0017236685757078688,0.3731625000000349,ok,same_stridge_core,Hx;D_x^1.656442 H,0.030000000000000002,1.8398996442619389
0.6268209837104172,1.5251947706649258,0.7178420637217762,-1.6526916041808772,0;0;-1.65269160418;0.717842063722;0.097127281386;0;0;-0.548290039362;0;0;0.0464165110886;0,55303.39508583326,0.005,2991,0.0002,57.13701973235335,,0.0017496848753438606,0.40571460000001025,ok,same_stridge_core,Hx;D_x^1.525195 H;Hxxx;H*Hxx;H^2*Hxx,0.026833333333333338,1.8336246465200947
0.669465474942109,1.2639895787589255,0.23944645236135803,-1.492396967410411,0;0;-1.49239696741;0.239446452361;0;0;0;-0.0513569246164;-0.202348007458;0;0;0,55756.61922343616,0.005,2992,0.0002,45.82658260049097,,0.0007707403803613399,0.2887564000000111,ok,same_stridge_core,Hx;D_x^1.26399 H;H*Hxx;H*Hxxx,0.01,1.221287221742046
0.6683230015233415,1.6587399940353622,0.19543240502993856,-1.3094632688486112,0;0;-1.30946326885;0.19543240503;0;0;0;0;0;0;0;0,55432.12509169232,0.005,2993,0.0002,23.965582947225048,,0.0016362721434132134,0.3999341999999615,ok,same_stridge_core,Hx;D_x^1.65874 H,0.04,1.7927329105481193
0.6660490414075059,1.6535467556558991,0.1894101295453622,-1.3163579000444783,0;0;-1.31635790004;0.189410129545;0;0;0;0;0;0;0;0,55407.823004770195,0.005,2994,0.0002,23.99825056591227,,0.0017150136574926199,0.38569219999999405,ok,same_stridge_core,Hx;D_x^1.653547 H,0.03932671957671956,1.8351213640041912
0.667484502382643,1.6449184668653953,0.19110110138724093,-1.3135288920748605,0;0;-1.31352889207;0.191101101387;0;0;0;0;0;0;0;0,55372.98508575913,0.005,2995,0.0002,23.948379664323582,,0.0016494002542153294,0.3862216999998509,ok,same_stridge_core,Hx;D_x^1.644918 H,0.12500000000000003,1.7991856300199267
0.6743339021274813,1.6601758717841906,0.20909450569483684,-1.2928711574920295,0;0;-1.29287115749;0.209094505695;0;0;0;0;0;0;0;0,55439.318071842565,0.005,2996,0.0002,23.851515651291315,,0.001429764522316472,0.27230359999998655,ok,same_stridge_core,Hx;D_x^1.660176 H,0.035,1.6757884225542883
0.6706364618688362,1.648931463885016,0.6217597107756231,-1.3801816659734132,0;0;-1.38018166597;0.621759710776;0;0;0;-0.385699545037;0.0804311591735;0;0.0361103211447;0,55388.36592388197,0.005,2997,0.0002,56.760261459603285,,0.0009522326979728718,0.4042976999999155,ok,same_stridge_core,Hx;D_x^1.648931 H;H*Hxx;H*Hxxx;H^2*Hxx,0.018361111111111106,1.3718955357213178
0.678987079029723,1.6526444808696001,0.21753579603711337,-1.2813314399977687,0;0;-1.28133144;0.217535796037;0;0;0;0;0;0;0;0,55403.86498604236,0.005,2998,0.0002,23.744432185572283,,0.0012763702591877426,0.40098829999988084,ok,same_stridge_core,Hx;D_x^1.652644 H,0.025,1.5828861911553358
0.6767499157004533,1.6735877086053361,0.0,-1.2628706853146665,0;0;-1.26287068531;0;0;0;0;0;0;0;0;0,55517.364662671236,0.005,2999,0.0002,13.549963372265568,,0.003035888853624017,0.3926418000000922,ok,same_stridge_core,Hx,0.10833333333333336,2.446490439731321
0.673001788542606,1.6690565514677171,0.2079994708663773,-1.2953191475088865,0;0;-1.29531914751;0.207999470866;0;0;0;0;0;0;0;0,55488.69831967392,0.005,3000,0.0002,23.90367662025202,,0.0014847887200855388,0.37902029999986553,ok,same_stridge_core,Hx;D_x^1.669057 H,0.049999999999999996,1.708197292382456
0.6715642701484428,1.6610736464801457,0.20313579230648715,-1.3002950783404688,0;0;-1.30029507834;0.203135792306;0;0;0;0;0;0;0;0,55443.92325664264,0.005,3001,0.0002,23.90764853668097,,0.0015237619622698372,0.2871753000001718,ok,same_stridge_core,Hx;D_x^1.661074 H,0.030000000000000002,1.7300792340239115
0.6708864252266399,1.6526654343219385,0.1999843696058401,-1.3032480106142534,0;0;-1.30324801061;0.199984369606;0;0;0;0;0;0;0;0,55403.9560204952,0.005,3002,0.0002,23.89852505401545,,0.0015366398471222487,0.39236619999996947,ok,same_stridge_core,Hx;D_x^1.652665 H,0.030000000000000002,1.7369426458173678
0.674904194624069,1.4160463512768031,0.35751947812639956,-1.451190479231386,0;0;-1.45119047923;0.357519478126;0;0;0;-0.0687832486602;-0.133177880176;0;0;0,55482.09986560676,0.005,3003,0.0002,45.67609924309625,,0.0008608015568628328,0.29896259999986796,ok,same_stridge_core,Hx;D_x^1.416046 H;H*Hxx;H*Hxxx,0.045,1.2904193506108421
0.6740301497998562,1.6593580797600018,1.2524645770125995,-1.189944549143015,-0.0617983255811;0.00777539196324;-1.18994454914;1.25246457701;-1.75832303314;0;-0.147632790097;-0.497663385117;-0.044400117788;0.0121318296642;0.0300735917002;0,55435.19553509991,0.005,3004,0.0002,112.04404723602883,,0.0006962956603384836,0.2880248000001302,ok,same_stridge_core,1;H;Hx;D_x^1.659358 H;Hxxx;H*Hx;H*Hxx;H*Hxxx;H^2*Hx;H^2*Hxx,0.005,1.1736561658289792
0.6663194289424277,1.6505160557141485,0.1894950875919794,-1.3159989355106523,0;0;-1.31599893551;0.189495087592;0;0;0;0;0;0;0;0,55394.827462419096,0.005,3005,0.0002,23.985213700968334,,0.001700701645831046,0.40109499999994114,ok,same_stridge_core,Hx;D_x^1.650516 H,0.03617647058823529,1.8272827160006941
0.6984827905259334,1.419650233014259,0.18410704570222636,-1.2813779251945523,0;0;-1.28137792519;0.184107045702;0;0;0;0;-0.0664203927861;0;0;0,55475.402985568864,0.005,3006,0.0002,34.3780154353934,,0.0006092218672124087,0.3831706999999369,ok,same_stridge_core,Hx;D_x^1.41965 H;H*Hxxx,0.029498739286787836,1.0927736440520834
0.6710647474934059,1.6610736464801457,0.20202034564647664,-1.3016592655246078,0;0;-1.30165926552;0.202020345646;0;0;0;0;0;0;0;0,55443.92325664264,0.005,3007,0.0002,23.917457831831356,,0.0015410792767986297,0.13538390000007894,ok,same_stridge_core,Hx;D_x^1.661074 H,0.030000000000000002,1.7398885291742967
0.6765071724701076,1.6549868972040898,0.5927386212380089,-1.3530611730976698,0;0;-1.3530611731;0.592738621238;0;0;0;-0.353212818076;0.0762686889127;0;0.0334028335769;0,55414.29943641159,0.005,3008,0.0002,56.72179497240657,,0.000862730259612783,0.3830552000001717,ok,same_stridge_core,Hx;D_x^1.654987 H;H*Hxx;H*Hxxx;H^2*Hxx,0.013951048951048943,1.3074955359949836
0.6709383913925677,1.639996135971229,0.19769305707976362,-1.304787637505877,0;0;-1.30478763751;0.19769305708;0;0;0;0;0;0;0;0,55355.95409199487,0.005,3009,0.0002,23.868369823195575,,0.0015185493075509382,0.3832737000000179,ok,same_stridge_core,Hx;D_x^1.639996 H,0.05917582417582417,1.7259881863976254
0.6724011926495648,1.6568449200037945,0.20414345655488403,-1.2985720117334247,0;0;-1.29857201173;0.204143456555;0;0;0;0;0;0;0;0,55422.95066359317,0.005,3010,0.0002,23.879661233567568,,0.0014898354399106339,0.38184400000000096,ok,same_stridge_core,Hx;D_x^1.656845 H,0.045,1.7104809681303
0.6766964546541017,1.664082147549116,0.60228465770867,-1.3486234109675492,0;0;-1.34862341097;0.602284657709;0;0;0;-0.357764969;0.0807318382033;0;0.0339556396867;0,55459.97555490862,0.005,3011,0.0002,56.77213032486278,,0.000868177391977912,0.14566160000003947,ok,same_stridge_core,Hx;D_x^1.664082 H;H*Hxx;H*Hxxx;H^2*Hxx,0.010200000000000002,1.312154769954164
0.6504020432456692,1.8979122592654907,-0.6481081281258521,-1.3336402753678047,0;0;-1.33364027537;-0.648108128126;0;0;0;0.125459431076;-0.0741912907858;0;0;0,64194.49058252172,0.005,3012,0.0002,53.42576560620876,,0.0021627626566523223,0.3857206000000133,ok,same_stridge_core,Hx;D_x^1.897912 H;H*Hxx;H*Hxxx,0.035,2.070173140191384
0.6480529366935768,1.899807196462984,-0.681136543187925,-1.3415989170008809,0;0;-1.341598917;-0.681136543188;0;0;0;0.128623164016;-0.076423590522;0;0;0,64318.16587657207,0.005,3013,0.0002,53.567916271358776,,0.0022543537086461554,0.3846208000002207,ok,same_stridge_core,Hx;D_x^1.899807 H;H*Hxx;H*Hxxx,0.035,2.113383570101114
0.6746220870898081,1.6535504493303788,0.20832840451251197,-1.2929852783772653,0;0;-1.29298527838;0.208328404513;0;0;0;0;0;0;0;0,55407.83925984901,0.005,3014,0.0002,23.828244915853308,,0.0014121983784289329,0.28192589999980555,ok,same_stridge_core,Hx;D_x^1.65355 H,0.030000000000000002,1.6651092119137034
0.673880889802356,1.6615454295329297,0.20838263182972108,-1.29391907586575,0;0;-1.29391907587;0.20838263183;0;0;0;0;0;0;0;0,55446.377241490845,0.005,3015,0.0002,23.864073688524897,,0.0014462919053074377,0.3876087000001007,ok,same_stridge_core,Hx;D_x^1.661545 H,0.030000000000000002,1.6855227919285598
0.6702952378254611,1.6549704516128838,0.6311645534934662,-1.3790063557187107,0;0;-1.37900635572;0.631164553493;0;0;0;-0.39184741361;0.0842630709469;0;0.0367586196472;0,55414.22428527135,0.005,3016,0.0002,56.79543288706721,,0.0009647918766935787,0.4158374000001004,ok,same_stridge_core,Hx;D_x^1.65497 H;H*Hxx;H*Hxxx;H^2*Hxx,0.015,1.3812086017958571
0.671380313255717,1.6662274389303924,0.2037579633346986,-1.300124439518367,0;0;-1.30012443952;0.203757963335;0;0;0;0;0;0;0;0,55472.02161691747,0.005,3017,0.0002,23.926413555098957,,0.001536580774270344,0.409637900000007,ok,same_stridge_core,Hx;D_x^1.666227 H,0.030000000000000002,1.7376049083319716
0.66571170538861,1.658055025861715,0.18942330513358044,-1.3167203316866065,0;0;-1.31672033169;0.189423305134;0;0;0;0;0;0;0;0,55428.76771701104,0.005,3018,0.0002,24.016932794586427,,0.0017338758419291878,0.2855586000000585,ok,same_stridge_core,Hx;D_x^1.658055 H,0.030000000000000002,1.8454257077820109
0.6689365098064655,1.6580431816221601,0.19667875376269625,-1.3078720224025637,0;0;-1.3078720224;0.196678753763;0;0;0;0;0;0;0;0,55428.709935402934,0.005,3019,0.0002,23.951354453665378,,0.0016129568188053636,0.37913609999986875,ok,same_stridge_core,Hx;D_x^1.658043 H,0.030000000000000002,1.7798704795042046
0.6742333873324788,1.6574876172667692,0.20830611461944362,-1.2935062490962546,0;0;-1.2935062491;0.208306114619;0;0;0;0;0;0;0;0,55426.02196344999,0.005,3020,0.0002,23.84602777393191,,0.0014297127979607106,0.39678090000006705,ok,same_stridge_core,Hx;D_x^1.657488 H,0.030000000000000002,1.675618988551913
0.6730535316519036,1.6578050949206586,0.20577705179874795,-1.2966694655825248,0;0;-1.29666946558;0.205777051799;0;0;0;0;0;0;0;0,55427.55424941663,0.005,3021,0.0002,23.869588389236142,,0.001469081958908169,0.3840854000000036,ok,same_stridge_core,Hx;D_x^1.657805 H,0.04,1.698566689469492
0.6715177338794267,1.6598977806659654,0.6293768865374819,-1.3717447088285502,0;0;-1.37174470883;0.629376886537;0;0;0;-0.38734669811;0.0853640209396;0;0.0364605823496;0,55437.908521203055,0.005,3022,0.0002,56.8082963425032,,0.0009489255259473201,0.3929613000000245,ok,same_stridge_core,Hx;D_x^1.659898 H;H*Hxx;H*Hxxx;H^2*Hxx,0.015,1.370387821300141
0.6722991600730804,1.6651427637857883,0.20560454996845243,-1.29775397994537,0;0;-1.29775397995;0.205604549968;0;0;0;0;0;0;0;0,55465.867547603906,0.005,3023,0.0002,23.90518560958089,,0.0015036786813801045,0.14093669999988379,ok,same_stridge_core,Hx;D_x^1.665143 H,0.030000000000000002,1.718838590539329
0.6774703491850345,1.649880170834951,0.21367566639941957,-1.285800236447153,0;0;-1.28580023645;0.213675666399;0;0;0;0;0;0;0;0,55392.20757772242,0.005,3024,0.0002,23.765480163162508,,0.0013183741207573223,0.2863354999999501,ok,same_stridge_core,Hx;D_x^1.64988 H,0.024531158450803253,1.6085971320735388
0.6763646633103719,1.6505160557141485,0.5882813756733715,-1.3554323446951293,0;0;-1.3554323447;0.588281375673;0;0;0;-0.35119945356;0.0740695162035;0;0.0331512241882;0,55394.827462419096,0.005,3025,0.0002,56.700613755815716,,0.0008608386458253175,0.03058880000003228,ok,same_stridge_core,Hx;D_x^1.650516 H;H*Hxx;H*Hxxx;H^2*Hxx,0.017954545454545452,1.3057862933966233
0.6743339021274813,1.6557023013644296,0.20815156037570284,-1.2934746029040496,0;0;-1.2934746029;0.208151560376;0;0;0;0;0;0;0;0,55417.5907868565,0.005,3026,0.0002,23.83933796481844,,0.0014242203813972709,0.2712741999998798,ok,same_stridge_core,Hx;D_x^1.655702 H,0.12500000000000003,1.6723016500758403
0.6727867662024083,1.6598459495218645,0.20560556615148137,-1.2971238339639393,0;0;-1.29712383396;0.205605566151;0;0;0;0;0;0;0;0,55437.64675210855,0.005,3027,0.0002,23.8803692257755,,0.0014805794026999356,0.41203889999997045,ok,same_stridge_core,Hx;D_x^1.659846 H,0.04,1.7053105249320757
0.6672599614387449,1.6589458664531203,0.5969465362488886,-1.3762013571119667,0;0;-1.37620135711;0.596946536249;0.677264765891;0;0;-0.369262577272;-0.0214349108977;0;0.034669401316;0,55433.143607297025,0.005,3028,0.0002,67.92894476609274,,0.001012651961879802,0.39292950000003657,ok,same_stridge_core,Hx;D_x^1.658946 H;Hxxx;H*Hxx;H*Hxxx;H^2*Hxx,0.01,1.4091724373363164
0.6718139901096578,1.6511461305380004,0.6170952287971349,-1.3742572412599061,0;0;-1.37425724126;0.617095228797;0;0;0;-0.379803452419;0.0801805130062;0;0.035641325773;0,55397.45963419301,0.005,3029,0.0002,56.756956962779675,,0.0009345356695245423,0.3926460000000134,ok,same_stridge_core,Hx;D_x^1.651146 H;H*Hxx;H*Hxxx;H^2*Hxx,0.015042371724518272,1.359497328586664
0.6742146297671825,1.670814189052246,0.6253254747840808,-1.355951636977046,0;0;-1.35595163698;0.625325474784;0;0;0;-0.377234275447;0.0874465567092;0;0.0357777097174;0,55499.5259836536,0.005,3030,0.0002,56.84619365203997,,0.0009146740694241522,0.14743989999988116,ok,same_stridge_core,Hx;D_x^1.670814 H;H*Hxx;H*Hxxx;H^2*Hxx,0.015707070707070704,1.3466676683863774
