alpha,beta,coef_dbeta,coef_hx,coefficients,condition,d_tol,eval,lamb,loss,message,mse,seconds,status,stridge_mode,support,tolerance,validation_residual_norm
0.6398411968399667,1.9843334829807215,0.0,-1.317179222980863,0;0;-1.31717922298;0;4.72457973349;0;0;0;-0.68170236473;0;0;0,64361.38194115899,0.006,1,0.0001,21.511071699807683,,0.0026525575161813106,0.4256453999998939,ok,same_stridge_core,Hx;Hxxx;H*Hxxx,0.036,2.2026571174599856
0.8272313940622935,1.3265900352261721,0.0,-0.8374882944414873,0;0;-0.837488294441;0;0;0;0;0.0825782948455;0;0;0;0,59800.572124774655,0.006,2,0.0001,13.56378059589069,,0.0013024737359851983,0.4130791000000045,ok,same_stridge_core,Hx;H*Hxx,0.041999999999999996,1.6036661709357591
0.48827768361114166,1.2333223634026589,0.9989933305973466,-2.952223908171328,0;0;-2.95222390817;0.998993330597;-6.07950847946;0;0;-0.494904821645;0.0347408974445;0;0;0,60925.40462670011,0.006,3,0.0001,34.43515084156225,,0.007805589790550839,0.39141499999982443,ok,same_stridge_core,Hx;D_x^1.233322 H;Hxxx;H*Hxx;H*Hxxx,0.15000000000000005,3.97244852821219
0.03475906169579762,1.4236766483651773,7.207075495676524,-8.790516415302442,0;0;-8.7905164153;7.20707549568;57.9046057316;0;0;-10.1378594186;-27.6336631437;0;0.885117289799;2.52288467107,58255.67981207136,0.006,4,0.0001,65.92970696308994,,0.3164256633462798,0.3982639000000745,ok,same_stridge_core,Hx;D_x^1.423677 H;Hxxx;H*Hxx;H*Hxxx;H^2*Hxx;H^2*Hxxx,0.15000000000000005,25.150731094639987
0.6897075374345438,1.717450446896344,0.1824944860156887,-1.2083056658597515,0;0;-1.20830566586;0.182494486016;0;0;0;0;0;0;0;0,53303.29842407599,0.006,5,0.0001,12.192825786962453,,0.0012662888545077362,0.37948039999992034,ok,same_stridge_core,Hx;D_x^1.71745 H,0.06449999999999997,1.5321661021472543
0.4610692270263791,1.8222514018941443,0.0,-2.8421371084792773,-0.0333805502544;0;-2.84213710848;0;19.1348284051;0;0.169375701871;-2.2750300485;-6.23407654935;0;0.271599850378;0.610140050673,58754.1681413325,0.006,6,0.0001,52.46681221960567,,0.01570941619224808,0.3851908999999978,ok,same_stridge_core,1;Hx;Hxxx;H*Hx;H*Hxx;H*Hxxx;H^2*Hxx;H^2*Hxxx,0.03,5.463477706539666
0.5670294351944193,1.8979235825722076,-1.2702381554163205,-2.02199039916832,0;0;-2.02199039917;-1.27023815542;-0.425012566512;0;0.103721333025;-0.589958603587;0.556349279718;0;0.0953103555828;0,63425.904327517565,0.006,7,0.0001,47.598146100275784,,0.00539954448296586,0.3975855999999567,ok,same_stridge_core,Hx;D_x^1.897924 H;Hxxx;H*Hx;H*Hxx;H*Hxxx;H^2*Hxx,0.03529323308270678,3.2000130710134784
0.5327415280355602,1.9140459871620286,-0.5717429308593164,-1.748443743473008,0;0;-1.74844374347;-0.571742930859;0;0;0;0;-0.191497504727;0;0;0,63958.38552337475,0.006,8,0.0001,24.27416546710197,,0.013851252535758857,0.3925062999999227,ok,same_stridge_core,Hx;D_x^1.914046 H;H*Hxxx,0.14400000000000004,5.086649810089544
0.3262435959567813,1.346222446490526,3.6952025697567508,-4.484403102187312,0.241859656485;0;-4.48440310219;3.69520256976;0;0;-0.0941295505109;-3.01041742322;-3.0686854407;0;0.206009243808;0.309322815958,59522.00056353202,0.006,9,0.0001,55.55930470350686,,0.030773512273163793,0.385814499999924,ok,same_stridge_core,1;Hx;D_x^1.346222 H;H*Hx;H*Hxx;H*Hxxx;H^2*Hxx;H^2*Hxxx,0.07900000000000001,7.941704252681236
0.1609193601076711,1.5187559856583701,13.239729455450997,-8.341346468055058,-1.13528536463;0.354524959125;-8.34134646806;13.2397294555;24.4521134879;0;0.0916448370874;-7.53838844921;-12.6350968956;0;0.597667183065;1.31398303643,56303.870701813335,0.006,10,0.0001,70.76518240592465,,0.10357556415499798,0.3909854000000905,ok,same_stridge_core,1;H;Hx;D_x^1.518756 H;Hxxx;H*Hx;H*Hxx;H*Hxxx;H^2*Hxx;H^2*Hxxx,0.15000000000000005,14.461311704111298
0.9835196037494893,1.9447504218202099,0.8724787834783755,-0.5378408547606146,0;0;-0.537840854761;0.872478783478;0;0;0;0;0;0;0;0,64480.007718144385,0.006,11,0.0001,14.878586801731943,,0.0020292972856488243,0.4029889999999341,ok,same_stridge_core,Hx;D_x^1.94475 H,0.06069795918367348,1.9825852581030663
0.6146006696466672,1.3004035357147372,0.4959014533125292,-1.8280734696296543,0;0;-1.82807346963;0.495901453313;0;0;0;-0.189839820073;-0.271078480753;0;0;0,60148.09404538147,0.006,12,0.0001,25.763129948529084,,0.001469166451797486,0.3951038000000153,ok,same_stridge_core,Hx;D_x^1.300404 H;H*Hxx;H*Hxxx,0.04198266489937077,1.7038923303764935
0.8561045804375035,1.2032624790185626,-0.09892466957510888,-0.660971052413529,0;0;-0.660971052414;-0.0989246695751;0;0;0;0.132313499728;0.0909474443071;0;0;0,61226.89683663343,0.006,13,0.0001,26.1453388172882,,0.0013678085046444756,0.4135237999998935,ok,same_stridge_core,Hx;D_x^1.203262 H;H*Hxx;H*Hxxx,0.036,1.6545800826348265
0.1895240972696292,1.1663845561892876,3.661226166268258,-7.3404797111153774,0.513648336018;0;-7.34047971112;3.66122616627;-7.70765655475;0;0;-3.57091532673;-4.07345052172;0;0.247263677425;0.462655938675,61561.9766716591,0.006,14,0.0001,60.94763066271233,,0.06735918318453772,0.37839789999998175,ok,same_stridge_core,1;Hx;D_x^1.166385 H;Hxxx;H*Hxx;H*Hxxx;H^2*Hxx;H^2*Hxxx,0.15000000000000005,11.69804932538504
0.9561099667340214,1.8484264583035248,0.7016972070804341,-0.615410994498712,0;0;-0.615410994499;0.70169720708;0;0;0;0;0;0;0;0,60677.459693405406,0.006,15,0.0001,14.129942131696057,,0.0020626829742761187,0.3983369000000039,ok,same_stridge_core,Hx;D_x^1.848426 H,0.05900537240537241,1.994450193014975
0.5841555853519856,1.6529662656663584,1.326986756710441,-1.75716819290575,0;0;-1.75716819291;1.32698675671;1.01966409538;0;0;-1.00473361766;0;0;0.0839827419605;0,53390.23625632649,0.006,16,0.0001,29.474829077903813,,0.00381128940780605,0.395566400000007,ok,same_stridge_core,Hx;D_x^1.652966 H;Hxxx;H*Hxx;H^2*Hxx,0.03,2.77971094974057
0.7196157247965254,1.0545833624534255,0.08400566370913969,-1.2585091119346243,0;0;-1.25850911193;0.0840056637091;-1.12837472442;0;0;0;0.0147397112117;0;0;0,62378.423539338546,0.006,17,0.0001,26.246700148476783,,0.0008616491619175136,0.3975832999999511,ok,same_stridge_core,Hx;D_x^1.054583 H;Hxxx;H*Hxxx,0.024,1.2953307327413621
0.38130778395924786,1.5482120653716076,2.557475989742279,-3.2063626953081723,0;0;-3.20636269531;2.55747598974;0;0;0;-2.81955349102;0;0;0.237308502529;0,55622.21302251514,0.006,18,0.0001,30.308862617776235,,0.03192116627488979,0.4120767000001706,ok,same_stridge_core,Hx;D_x^1.548212 H;H*Hxx;H^2*Hxx,0.10200000000000002,8.059977408770177
0.10787678371950143,1.5005149961146462,14.673215045253766,-9.775348803735367,-1.33576111385;0.421310529536;-9.77534880374;14.6732150453;18.2353773535;0;0.138140220162;-8.56101706483;-12.2009799056;0;0.685102121957;1.36867698931,56711.07611835526,0.006,19,0.0001,73.73415189526098,,0.14336028148233237,0.42930569999998625,ok,same_stridge_core,1;H;Hx;D_x^1.500515 H;Hxxx;H*Hx;H*Hxx;H*Hxxx;H^2*Hxx;H^2*Hxxx,0.15000000000000005,17.023075776905706
0.26588866376413955,1.022521899032092,1.8591362575789958,-6.072107739201296,0.337593258409;0;-6.0721077392;1.85913625758;-20.8570868887;0;0;-1.00006272087;0.477148529539;0;0;0,62565.30387844648,0.006,20,0.0001,46.94604367369606,,0.04284784230911478,0.3949119999999766,ok,same_stridge_core,1;Hx;D_x^1.022522 H;Hxxx;H*Hxx;H*Hxxx,0.15000000000000005,9.406861346628169
0.35859582962079406,1.3901220833128705,1.784824840758866,-3.473044715229826,0;0;-3.47304471523;1.78482484076;0;0;0;-2.59001978615;0;0;0.219174137775;0,58838.63209143449,0.006,21,0.0001,32.010292938363555,,0.03479795367451512,0.3815033000000767,ok,same_stridge_core,Hx;D_x^1.390122 H;H*Hxx;H^2*Hxx,0.13400000000000004,8.47484010178976
0.910601616259219,1.4680659307852015,-0.178698710930628,-0.5757620691841656,0;0;-0.575762069184;-0.178698710931;0;0;0;0.644777081782;0.329733784155;0;-0.0605590799273;-0.0550712289103,57398.7942077348,0.006,22,0.0001,35.87406232655858,,0.0009984895699372447,0.4272194000000127,ok,same_stridge_core,Hx;D_x^1.468066 H;H*Hxx;H*Hxxx;H^2*Hxx;H^2*Hxxx,0.034200000000000015,1.4347858019177009
0.7765095474649211,1.2477516783339972,0.0,-0.9558454407074288,0;0;-0.955845440707;0;0;0;0;0.066987590167;0;0;0;0,60770.91006693762,0.006,23,0.0001,13.478959960419216,,0.0008915731529601071,0.4515471999998226,ok,same_stridge_core,Hx;H*Hxx,0.024,1.3247779470316914
0.0682928147924477,1.7954378427927467,44.78467369874124,-2.0359845250709254,-1.57493805627;1.01769590974;-2.03598452507;44.7846736987;160.063983484;-0.12452244871;-2.24715561103;-27.1620593372;-67.6483055393;0.173204964224;2.19575066158;6.70197022762,56778.031192191185,0.006,24,0.0001,88.94029063855788,,0.22530895300676,0.4334194999998999,ok,same_stridge_core,1;H;Hx;D_x^1.795438 H;Hxxx;H^2;H*Hx;H*Hxx;H*Hxxx;H^2*Hx;H^2*Hxx;H^2*Hxxx,0.024,20.80665320792844
0.42371849724476185,1.7575025216622855,-0.0060586826393715,-3.1586403615105727,-0.0800148504569;0;-3.15864036151;-0.00605868263937;0;0;0.18148990661;-2.58976711382;-0.901718456419;0;0.299398972474;0.235089774877,54536.446201994135,0.006,25,0.0001,50.46484967062849,,0.023773366437202174,0.41368899999997666,ok,same_stridge_core,1;Hx;D_x^1.757503 H;H*Hx;H*Hxx;H*Hxxx;H^2*Hxx;H^2*Hxxx,0.05999999999999999,6.835692709033178
0.13668014758538355,1.1162035326876283,3.821443457811043,-8.569136373685916,0.597916925008;0;-8.56913637369;3.82144345781;-35.3991711665;0;0;-3.43612477352;2.53846301674;0;0.204051547095;-0.0400490146779,61962.69014976646,0.006,26,0.0001,63.73517427898039,,0.0979289139500292,0.42144789999997556,ok,same_stridge_core,1;Hx;D_x^1.116204 H;Hxxx;H*Hxx;H*Hxxx;H^2*Hxx;H^2*Hxxx,0.15000000000000005,14.165022159167217
0.7595405068525503,1.6254598683444204,0.2815504267399918,-1.056734268426217,0;0;-1.05673426843;0.28155042674;0;0;0;0;0;0;0;0,53867.62664179209,0.006,27,0.0001,11.750203540057889,,0.00048660337175135323,0.421562700000095,ok,same_stridge_core,Hx;D_x^1.62546 H,0.024,0.9766782116994703
0.22607527189059945,1.7009071595819696,1.680595368615831,-4.959291157833254,0;0;-4.95929115783;1.68059536862;0;0;0.325964963572;-6.59951944706;0;0;0.733468065217;0.315260895218,53125.680463744065,0.006,28,0.0001,47.410949200847476,,0.1206336488262771,0.4081687000000329,ok,same_stridge_core,Hx;D_x^1.700907 H;H*Hx;H*Hxx;H^2*Hxx;H^2*Hxxx,0.15000000000000005,15.535540922601035
0.2804664843816254,1.5859417896736618,10.852930758168151,-5.615685739104629,-0.769829210388;0.229269351375;-5.6156857391;10.8529307582;37.7027267232;0;0.0279642143983;-5.91375964241;-13.9027338721;0;0.469554769735;1.26571634872,54734.055866683855,0.006,29,0.0001,64.63421423006207,,0.048823010364980345,0.3837373999999727,ok,same_stridge_core,1;H;Hx;D_x^1.585942 H;Hxxx;H*Hx;H*Hxx;H*Hxxx;H^2*Hxx;H^2*Hxxx,0.15000000000000005,9.9001583633782
0.8694873130429859,1.099401330120707,0.0,-0.7791359869756669,0;0;-0.779135986976;0;0;0;0;0;0;0;0;0,62083.91088470247,0.006,30,0.0001,10.294357934243063,,0.008635956632438872,0.37005009999984395,ok,same_stridge_core,Hx,0.15000000000000005,4.085966845772816
0.35892341264950645,1.5620464200723727,2.841788859954306,-3.36740341960033,0;0;-3.3674034196;2.84178885995;0;0;0;-3.14844904433;0;0;0.266623732361;0,55295.954503587775,0.006,31,0.0001,31.103158927702996,,0.03974088012595042,0.3816509999999198,ok,same_stridge_core,Hx;D_x^1.562046 H;H*Hxx;H^2*Hxx,0.15000000000000005,8.984777126267886
0.04741436456883724,1.19518160963083,6.096807095282471,-10.338700926293265,0.847833049352;0;-10.3387009263;6.09680709528;11.0483385639;0;0;-6.62498068627;-13.1436068926;0;0.511494479218;1.29536608316,61303.48431133205,0.006,32,0.0001,68.13439615371851,,0.18053476222626136,0.3963948000000528,ok,same_stridge_core,1;Hx;D_x^1.195182 H;Hxxx;H*Hxx;H*Hxxx;H^2*Hxx;H^2*Hxxx,0.15000000000000005,19.091608704652867
0.9813549094017111,1.145475936041106,-0.223416880225968,-0.23125822897926349,0;0;-0.231258228979;-0.223416880226;2.0579666583;0;0;0.210435604276;-0.047526763799;0;0;0,61736.27348536985,0.006,33,0.0001,32.72371598940442,,0.0016825779068021772,0.387943899999982,ok,same_stridge_core,Hx;D_x^1.145476 H;Hxxx;H*Hxx;H*Hxxx,0.15000000000000005,1.8555792467194911
0.09195042432042538,1.829974822957195,15.30844898797918,-7.930180286980046,-0.845748896398;0.191605730068;-7.93018028698;15.308448988;112.58583988;0;0.634117776029;-14.7524299914;-36.7084043141;0;1.52846532307;3.5044390401,59335.731186163575,0.006,34,0.0001,81.58540646770538,,0.2546222527966601,0.37890730000003714,ok,same_stridge_core,1;H;Hx;D_x^1.829975 H;Hxxx;H*Hx;H*Hxx;H*Hxxx;H^2*Hxx;H^2*Hxxx,0.15000000000000005,22.249675281541784
0.6897075374345438,1.0138171933974642,0.06377686436886394,-1.3094242687801991,0;0;-1.30942426878;0.0637768643689;0;0;0;0;-0.118351045545;0;0;0,62612.84424617995,0.006,35,0.0001,20.132489846141247,,0.0009591140659671387,0.3002839999999196,ok,same_stridge_core,Hx;D_x^1.013817 H;H*Hxxx,0.018000000000000002,1.3486365722872635
0.9195796824089457,1.8222514018941443,0.6334619247269794,-0.6872635169580517,0;0;-0.687263516958;0.633461924727;0;0;0;0;0;0;0;0,58754.1681413325,0.006,36,0.0001,13.599987432401903,,0.0017659496222048052,0.17611489999990226,ok,same_stridge_core,Hx;D_x^1.822251 H,0.037578947368421045,1.8491538041354039
0.5769523584028184,1.330451563201521,0.6889147090078366,-2.062890561689125,0;0;-2.06289056169;0.688914709008;0;0;0;-0.274572237461;-0.331845007707;0;0;0,59747.032332871415,0.006,37,0.0001,26.320333167650446,,0.0029391663088264466,0.39908319999995,ok,same_stridge_core,Hx;D_x^1.330452 H;H*Hxx;H*Hxxx,0.06006190476190474,2.4215202345018816
0.33676606662670716,1.7843923120869434,-0.9788467311195784,-3.9532140694188764,0;0;-3.95321406942;-0.97884673112;0;0;0.311519214327;-3.92098654143;-0.274103747889;0;0.487598748554;0.287921923384,56034.486552173155,0.006,38,0.0001,49.39398998337841,,0.05288436136358094,0.3863098000001628,ok,same_stridge_core,Hx;D_x^1.784392 H;H*Hx;H*Hxx;H*Hxxx;H^2*Hxx;H^2*Hxxx,0.15000000000000005,10.169849396857195
0.9980132275308053,1.7083357569930386,0.5713176240379284,-0.5931224337737745,0;0;-0.593122433774;0.571317624038;0;0;0;0;0;0;0;0,53184.21690657087,0.006,39,0.0001,13.011754254671395,,0.0029915976777680283,0.37865790000000743,ok,same_stridge_core,Hx;D_x^1.708336 H,0.07077575757575759,2.3749108733572197
0.1609193601076711,1.3113911437609433,3.8434077716574366,-6.951866222705894,0;0;-6.95186622271;3.84340777166;7.16824817847;0;0;-5.45100217642;-9.95813449917;0;0.439212308146;0.999841138314,60005.51879829215,0.006,40,0.0001,58.08814782527763,,0.12879066685849339,0.2860542999999325,ok,same_stridge_core,Hx;D_x^1.311391 H;Hxxx;H*Hxx;H*Hxxx;H^2*Hxx;H^2*Hxxx,0.15000000000000005,16.084284666473117
0.08299184991907627,1.118529804068808,4.021835730386586,-10.171507679921428,0.677569274972;0;-10.1715076799;4.02183573039;-12.1231618449;0;0.231504055202;-6.21603048472;-6.02852360407;0;0.549025904995;0.889798246719,61945.4163043642,0.006,41,0.0001,72.12203923826084,,0.13336943623826397,0.3946042000000034,ok,same_stridge_core,1;Hx;D_x^1.11853 H;Hxxx;H*Hx;H*Hxx;H*Hxxx;H^2*Hxx;H^2*Hxxx,0.15000000000000005,16.371164564333043
0.6146006696466672,1.5863821703265322,0.9719022605316825,-1.6673693227091595,0;0;-1.66736932271;0.971902260532;0.389921723888;0;0;-0.687107656237;0;0;0.0543267758409;0,54723.82079262684,0.006,42,0.0001,29.46976999456619,,0.0021864757915885952,0.30033290000005763,ok,same_stridge_core,Hx;D_x^1.586382 H;Hxxx;H*Hxx;H^2*Hxx,0.018000000000000002,2.107859598252768
0.26980775495712317,1.6987412631272865,1.7331890107042411,-4.426582981068702,0;0;-4.42658298107;1.7331890107;0;0;0.265129125943;-5.64474134604;0;0;0.620050902582;0.262730582876,53114.705041090885,0.006,43,0.0001,45.13005331585461,,0.08785704586275335,0.3820223000000169,ok,same_stridge_core,Hx;D_x^1.698741 H;H*Hx;H*Hxx;H^2*Hxx;H^2*Hxxx,0.15000000000000005,13.261230291200073
0.6914987734165318,1.0122757970119587,0.0638371275358587,-1.3055114716214882,0;0;-1.30551147162;0.0638371275359;0;0;0;0;-0.120303622229;0;0;0,62621.1251893766,0.006,44,0.0001,20.12667640603902,,0.0009443773380629467,0.41217150000011316,ok,same_stridge_core,Hx;D_x^1.012276 H;H*Hxxx,0.018000000000000002,1.3403388492260395
0.9561099667340214,1.2831339727069937,-0.16193847612170478,-0.4685073356482739,0;0;-0.468507335648;-0.161938476122;0;0;0;0.162594413808;0;0;0;0,60363.09347325662,0.006,45,0.0001,20.303098159436093,,0.002377824297239727,0.277137699999912,ok,same_stridge_core,Hx;D_x^1.283134 H;H*Hxx,0.15000000000000005,2.1941701174591044
0.6534801110965757,1.4743092353631146,0.5396043294269629,-1.500901037336853,0;0;-1.50090103734;0.539604329427;0;0;0;-0.131456450737;0;0;0;0,57270.38465565394,0.006,46,0.0001,18.79750669701276,,0.0012910055829318849,0.40494250000006105,ok,same_stridge_core,Hx;D_x^1.474309 H;H*Hxx,0.024,1.6163913003165753
0.21440533721544902,1.9708657932979565,-28.70043327324715,-10.088592905020226,-1.0021062769;1.26169608761;-10.088592905;-28.7004332732;23.7366730428;-0.203629265586;2.5943755702;-2.59587000706;-10.3539047732;-0.230557962348;0.381393431784;1.46264175359,64486.067092983154,0.006,47,0.0001,90.0797659482868,,0.08911339886122743,0.3754467000001114,ok,same_stridge_core,1;H;Hx;D_x^1.970866 H;Hxxx;H^2;H*Hx;H*Hxx;H*Hxxx;H^2*Hx;H^2*Hxx;H^2*Hxxx,0.006,12.696485436706991
0.4717241183530468,1.1089770478497238,0.7783906197896873,-3.1828686807346083,0;0;-3.18286868073;0.77839061979;-9.92892533362;0;0;-0.474253328448;0.289813086723;0;0;0,62015.58250959728,0.006,48,0.0001,35.03760569459952,,0.00803601732506556,0.4023991000001388,ok,same_stridge_core,Hx;D_x^1.108977 H;Hxxx;H*Hxx;H*Hxxx,0.15000000000000005,4.029814439800879
0.9938998321995745,1.5005149961146462,-0.20653911622584423,-0.4456019572722351,0;0;-0.445601957272;-0.206539116226;0;0;0;0.677044301922;-0.0978673066678;0;-0.0617184735268;0,56711.07611835526,0.006,49,0.0001,30.10647274331949,,0.0014791582368616815,0.15888310000013917,ok,same_stridge_core,Hx;D_x^1.500515 H;H*Hxx;H*Hxxx;H^2*Hxx,0.036,1.750934684141862
0.07597419071412298,1.022521899032092,3.0364573900902645,-10.903734513411365,0.624238202187;0;-10.9037345134;3.03645739009;-49.9140708989;0;0.372950045473;-5.84408890234;4.16995792446;0;0.53488677352;0.198385573005,62565.30387844648,0.006,50,0.0001,72.68755692310886,,0.13288801658958296,0.1432795000000624,ok,same_stridge_core,1;Hx;D_x^1.022522 H;Hxxx;H*Hx;H*Hxx;H*Hxxx;H^2*Hxx;H^2*Hxxx,0.15000000000000005,16.378783432507014
0.6055725889147971,1.3901220833128705,0.6642541158777407,-1.8505177735508653,0;0;-1.85051777355;0.664254115878;0;0;0;-0.227907118892;-0.224647904034;0;0;0,58838.63209143449,0.006,51,0.0001,25.6026119822578,,0.002140442215250153,0.14357790000008208,ok,same_stridge_core,Hx;D_x^1.390122 H;H*Hxx;H*Hxxx,0.03526923076923077,2.0671591456840046
0.9050184816859832,1.4680659307852015,-0.04386226727454202,-0.6592047840286941,0;0;-0.659204784029;-0.0438622672745;0;0;0;0.112688661605;0;0;0;0,57398.7942077348,0.006,52,0.0001,19.320291903853256,,0.0022477912865277007,0.15142209999999068,ok,same_stridge_core,Hx;D_x^1.468066 H;H*Hxx,0.03420000000000001,2.1006536415328156
0.8374608393837368,1.1258732938996057,0.0,-0.8149411901355597,0;0;-0.814941190136;0;0;0;0;0.0853467111082;0;0;0;0,61890.08606165993,0.006,53,0.0001,14.049269957492198,,0.0014164214541119318,0.3729440000001887,ok,same_stridge_core,Hx;H*Hxx,0.05399999999999999,1.6712527451602117
0.6962151298589361,1.5472060208399427,0.16387758095086954,-1.2134417568489126,0;0;-1.21344175685;0.163877580951;0;0;0;0;0;0;0;0,55645.846472600904,0.006,54,0.0001,12.46507875043659,,0.000959209445636909,0.38781890000018393,ok,same_stridge_core,Hx;D_x^1.547206 H,0.078,1.335909455916407
0.950442400065724,1.7994190720215522,0.6367789309411229,-0.64044570377675,0;0;-0.640445703777;0.636778930941;0;0;0;0;0;0;0;0,57059.57779648182,0.006,55,0.0001,13.445480856607334,,0.0021541643068018193,0.3897222000000511,ok,same_stridge_core,Hx;D_x^1.799419 H,0.041999999999999996,2.03356529731097
0.13668014758538355,1.423679280429829,7.7597433054530764,-7.087171822071925,0.574887971868;0;-7.08717182207;7.75974330545;113.053286838;0;0;-8.98805567145;-38.5595124512;0;0.822376690552;3.25853578296,58255.63108632947,0.006,56,0.0001,62.36539132084158,,0.12647951413621394,0.27238390000002255,ok,same_stridge_core,1;Hx;D_x^1.423679 H;Hxxx;H*Hxx;H*Hxxx;H^2*Hxx;H^2*Hxxx,0.13800000000000004,15.760886451777996
0.40915393879057976,1.9147083845510362,-1.2663787731284493,-2.1941227411185427,0;0;-2.19412274112;-1.26637877313;0;0;0;0;0;0;0;0,63976.2935086582,0.006,57,0.0001,22.703020255924752,,0.051616205175512596,0.3941142999999556,ok,same_stridge_core,Hx;D_x^1.914708 H,0.15000000000000005,9.907761554193112
0.22607527189059945,1.7283142450624942,0.0,-5.096859343259593,0;0;-5.09685934326;0;0;0;0.408020107665;-6.33104696892;0;0;0.746920281682;0.355462369195,53519.17240171823,0.006,58,0.0001,42.26765910216043,,0.12139424334131617,0.28465040000014596,ok,same_stridge_core,Hx;H*Hx;H*Hxx;H^2*Hxx;H^2*Hxxx,0.15000000000000005,15.508072901301313
0.867813274455836,1.758437652781037,0.0,-0.7505455052804848,0;0;-0.75054550528;0;0;0;0;0.092864571638;0;0;0;0,54579.87883442735,0.006,59,0.0001,12.787575861985015,,0.0017847179177532888,0.38146230000006653,ok,same_stridge_core,Hx;H*Hxx,0.047999999999999994,1.8716000950995442
0.9548171990380946,1.5766740265923742,0.08000200771249766,-0.6064249837356032,0;0;-0.606424983736;0.0800020077125;0;0;0;0.0900458986177;0;0;0;0,54950.83471636715,0.006,60,0.0001,18.820892018096195,,0.002832861142075867,0.3969456000002083,ok,same_stridge_core,Hx;D_x^1.576674 H;H*Hxx,0.05399999999999999,2.335641603186048
0.8694873130429859,1.153397527076969,0.0,-0.7791359869756669,0;0;-0.779135986976;0;0;0;0;0;0;0;0;0,61671.5146645464,0.006,61,0.0001,10.253118312227457,,0.008635956632438872,0.2719962999999552,ok,same_stridge_core,Hx,0.15000000000000005,4.085966845772816
0.5745229526075103,1.1398838287574589,0.46883175362348867,-2.225904318339033,0;0;-2.22590431834;0.468831753623;-4.87793619853;0;0;-0.241681098383;0.116592487643;0;0;0,61781.07879667775,0.006,62,0.0001,33.003061034327615,,0.002253520463417654,0.37875789999998233,ok,same_stridge_core,Hx;D_x^1.139884 H;Hxxx;H*Hxx;H*Hxxx,0.10650000000000004,2.1125216359887378
0.6354917207035716,1.3997250609785103,0.5582032611907863,-1.6754197755704079,0;0;-1.67541977557;0.558203261191;0;0;0;-0.173110130568;-0.170880001158;0;0;0,58677.34987940683,0.006,63,0.0001,25.05088260875475,,0.001254017815929518,0.4060633000001417,ok,same_stridge_core,Hx;D_x^1.399725 H;H*Hxx;H*Hxxx,0.04743109090909092,1.5799426569920163
0.782260340274395,1.3140251820580975,0.0,-0.9418635038860205,0;0;-0.941863503886;0;0;0;0;0.0689171804669;0;0;0;0,59970.65154705932,0.006,64,0.0001,13.34141801183746,,0.0009205294920461231,0.3926039000000401,ok,same_stridge_core,Hx;H*Hxx,0.02991516263113433,1.3472877024255947
0.47923342760151977,1.4941128807272108,1.536455400682207,-2.526748331581374,0;0;-2.52674833158;1.53645540068;0;0;0;-1.61565113665;0;0;0.13202144032;0,56850.65094702785,0.006,65,0.0001,27.528049909799673,,0.011192669510788076,0.39389759999994567,ok,same_stridge_core,Hx;D_x^1.494113 H;H*Hxx;H^2*Hxx,0.05389206349206349,4.787789530988534
0.9328678039530632,1.3693814944001828,0.0,-0.6245438814969431,0;0;-0.624543881497;0;0;0;0;0.105722297416;0;0;0;0,59172.27194888882,0.006,66,0.0001,14.082340581731474,,0.0025989519872407366,0.3753063999999995,ok,same_stridge_core,Hx;H*Hxx,0.048150974025974014,2.247886191953709
0.5769523584028184,1.3348994831706347,0.6966764268078649,-2.060808094523064,0;0;-2.06080809452;0.696676426808;0;0;0;-0.27575622825;-0.327848877872;0;0;0,59684.611855962045,0.006,67,0.0001,26.310003283432543,,0.00297398263164674,0.2832528999999795,ok,same_stridge_core,Hx;D_x^1.334899 H;H*Hxx;H*Hxxx,0.04119219318496629,2.436158541047724
0.9709229948858067,1.5607136395600898,0.0,-0.5579678137310524,0;0;-0.557967813731;0;0;0;0;0.111378458375;0;0;0;0,55327.44770113203,0.006,68,0.0001,13.483571855582243,,0.0030206187338928246,0.4002643999999691,ok,same_stridge_core,Hx;H*Hxx,0.05399999999999999,2.418082315355838
0.9662569158766288,1.2588099359663114,-0.3506689233966642,-0.2617259263564588,0.0499214847738;-0.0169945167152;-0.261725926356;-0.350668923397;1.50200997477;0;0;0.423139248857;0.126412238155;0;-0.0302341738799;-0.0303264717675,60647.98336011377,0.006,69,0.0001,55.89808968278819,,0.0008274448487457119,0.3721140000000105,ok,same_stridge_core,1;H;Hx;D_x^1.25881 H;Hxxx;H*Hxx;H*Hxxx;H^2*Hxx;H^2*Hxxx,0.012,1.3149046586857802
0.6942147005776126,1.3113911437609433,0.20769366820066565,-1.3082940805506063,0;0;-1.30829408055;0.207693668201;0;0;0;-0.032177345361;0;0;0;0,60005.51879829215,0.006,70,0.0001,19.227261905595842,,0.0007532068770063691,0.15503979999994044,ok,same_stridge_core,Hx;D_x^1.311391 H;H*Hxx,0.018000000000000002,1.2256062661081977
0.7258280426181822,1.345567699781785,0.15734490161277304,-1.17807637990074,0;0;-1.1780763799;0.157344901613;0;0;0;0;0;0;0;0,59531.54932139044,0.006,71,0.0001,12.994261717926102,,0.0006060445221954109,0.3917358000001059,ok,same_stridge_core,Hx;D_x^1.345568 H,0.024,1.0879518536480135
0.6146006696466672,1.1865011229518414,0.33838080287690675,-1.8215479429605574,0;0;-1.82154794296;0.338380802877;0;0;0;-0.153915263361;-0.323200898653;0;0;0,61383.73863837564,0.006,72,0.0001,26.230841042599597,,0.001438007485282301,0.2694598999999016,ok,same_stridge_core,Hx;D_x^1.186501 H;H*Hxx;H*Hxxx,0.0650765567765568,1.677345587249343
0.5709582288701192,1.869639284325055,-0.6324413059151387,-1.9464885058471026,0;0;-1.94648850585;-0.632441305915;0.517659928597;0;0.0909215470492;-0.722939665856;0.407547816976;0;0.100316039139;0,62044.098238819526,0.006,73,0.0001,46.58530017250811,,0.005212234730336628,0.3887164999998731,ok,same_stridge_core,Hx;D_x^1.869639 H;Hxxx;H*Hx;H*Hxx;H*Hxxx;H^2*Hxx,0.03858947368421051,3.1544314053344364
0.7194364573790982,1.0211776095311587,0.07708804581860386,-1.2618696132431368,0;0;-1.26186961324;0.0770880458186;-1.16043173051;0;0;0;0.00880248805853;0;0;0,62572.73146916588,0.006,74,0.0001,26.372553560998373,,0.0009219307440439698,0.3877480999999534,ok,same_stridge_core,Hx;D_x^1.021178 H;Hxxx;H*Hxxx,0.029401406293511553,1.3434609733320169
0.7560207052112589,1.0138737655713235,0.0,-1.006868243697322,0;0;-1.0068682437;0;0;0;0;0.059759605713;0;0;0;0,62612.53958718969,0.006,75,0.0001,13.80179934895906,,0.0008400402891976513,0.39781540000012683,ok,same_stridge_core,Hx;H*Hxx,0.03,1.2792914315211212
0.6534801110965757,1.0786634001390014,0.06496341968817677,-1.367571560561961,0;0;-1.36757156056;0.0649634196882;0;0;0;0;0;0;0;0,62225.23546987451,0.006,76,0.0001,14.388988910577815,,0.0020017581930087173,0.28458200000000033,ok,same_stridge_core,Hx;D_x^1.078663 H,0.03,1.9439418166029112
0.9250961242871929,1.072632165964888,-0.09970141877148848,-0.45855791128988826,0;0;-0.45855791129;-0.0997014187715;-0.97771535201;0;0;0.49550534151;0.888602207452;0;-0.0425134500279;-0.0921242335981,62264.68055324835,0.006,77,0.0001,44.886340878377005,,0.0008249588212742323,0.38052139999990686,ok,same_stridge_core,Hx;D_x^1.072632 H;Hxxx;H*Hxx;H*Hxxx;H^2*Hxx;H^2*Hxxx,0.006,1.3010644911031553
0.515166244768153,1.4247620351814911,3.164428628508826,-1.2227802762012074,0.153787369157;0;-1.2227802762;3.16442862851;-9.35136015863;0;-0.786444820072;-1.2936478323;-1.93993305411;0.0602186670373;0.0461960407229;0.3014604171,58235.90223139708,0.006,78,0.0001,60.10653045877136,,0.0018276654457826007,0.37896820000014486,ok,same_stridge_core,1;Hx;D_x^1.424762 H;Hxxx;H*Hx;H*Hxx;H*Hxxx;H^2*Hx;H^2*Hxx;H^2*Hxxx,0.006,1.8706282273742723
0.8944704552419073,1.0376496478634563,0.0,-0.6969852790156192,0;0;-0.696985279016;0;0;0;0;0.0986480142999;0;0;0;0,62479.477503768925,0.006,79,0.0001,14.5333259023308,,0.0021237961767220544,0.3756068999998661,ok,same_stridge_core,Hx;H*Hxx,0.09600000000000002,2.0374304015770144
0.8769657868339664,1.022521899032092,0.0,-0.7644599505189403,0;0;-0.764459950519;0;0;0;0;0;0;0;0;0,62565.30387844648,0.006,80,0.0001,10.42021737971872,,0.008979771667266297,0.13957609999988563,ok,same_stridge_core,Hx,0.09600000000000002,4.163686991874071
0.5254052073208715,1.3492712894536385,1.7160631382860136,-2.3770868684444286,0.105838907545;0;-2.37708686844;1.71606313829;0;0;-0.084500840175;-0.592482546283;-0.66525676012;0;0;0,59477.29133146136,0.006,81,0.0001,38.631977537021456,,0.004181897277212177,0.38713350000011815,ok,same_stridge_core,1;Hx;D_x^1.349271 H;H*Hx;H*Hxx;H*Hxxx,0.035684210526315784,2.9456027381446392
0.9050184816859832,1.1339813603465208,0.0,-0.7111479719271278,0;0;-0.711147971927;0;0;0;0;0;0;0;0;0,61827.56076937884,0.006,82,0.0001,10.616316355762464,,0.010228017790123141,0.2665024000000358,ok,same_stridge_core,Hx,0.15000000000000005,4.433560278824579
0.9937543165007902,1.2477516783339972,-0.36322775324323625,-0.1947588399467102,0.0481536231344;-0.0168441273016;-0.194758839947;-0.363227753243;1.62485390028;0;0;0.430000956357;0.111728822304;0;-0.0299214016579;-0.0287857457243,60770.91006693762,0.006,83,0.0001,56.04861936334593,,0.000878114347940765,0.15545540000016445,ok,same_stridge_core,1;H;Hx;D_x^1.247752 H;Hxxx;H*Hxx;H*Hxxx;H^2*Hxx;H^2*Hxxx,0.012,1.3548003031020615
0.7546645537082526,1.4435861058612267,0.21163218625933675,-1.1013413786410167,0;0;-1.10134137864;0.211632186259;0;0;0;0;0;0;0;0,57883.56778132176,0.006,84,0.0001,12.636360955816315,,0.0005758768323683931,0.3925543000000289,ok,same_stridge_core,Hx;D_x^1.443586 H,0.05999999999999999,1.0596473995519604
0.7163397828406379,1.100411576334373,0.08568842691312706,-1.244513958668479,0;0;-1.24451395867;0.0856884269131;0;0;0;0;-0.116269306638;0;0;0,62076.79598921399,0.006,85,0.0001,19.86520412016487,,0.000792667891750793,0.39397039999994377,ok,same_stridge_core,Hx;D_x^1.100412 H;H*Hxxx,0.01857142857142857,1.2421653234006715
0.9499343101490291,1.252318856026141,-0.14956439131794688,-0.4784214159792918,0;0;-0.478421415979;-0.149564391318;0;0;0;0.158938700856;0;0;0;0,60720.625395689574,0.006,86,0.0001,20.363928982675507,,0.002271492266775064,0.38719349999996666,ok,same_stridge_core,Hx;D_x^1.252319 H;H*Hxx,0.13800000000000004,2.1477413639686307
0.7863491679811943,1.170064768202781,0.0,-0.932011492731397,0;0;-0.932011492731;0;0;0;0;0.0702632312459;0;0;0;0,61530.16063683149,0.006,87,0.0001,13.67136843708079,,0.0009444654834937624,0.39541270000017903,ok,same_stridge_core,Hx;H*Hxx,0.024,1.3653363097144917
0.5056587231125622,1.5153825560525869,1.4422679447470717,-2.3402941148650873,0;0;-2.34029411487;1.44226794475;-0.0104815100382;0;0;-1.41552688038;0;0;0.114844310542;0,56380.17643573833,0.006,88,0.0001,32.362729551522484,,0.00852245165473868,0.39532329999997273,ok,same_stridge_core,Hx;D_x^1.515383 H;Hxxx;H*Hxx;H^2*Hxx,0.036,4.17264133365332
0.8886918734044398,1.0491713395012199,0.0,-0.7083635997578765,0;0;-0.708363599758;0;0;0;0;0.0974569668345;0;0;0;0,62411.306399019886,0.006,89,0.0001,14.484942972728353,,0.002050177618330893,0.4023332000001574,ok,same_stridge_core,Hx;H*Hxx,0.09373333333333338,2.0026816929243743
0.8291500078655556,1.5766740265923742,0.0,-0.8332263928482173,0;0;-0.833226392848;0;0;0;0;0.0831067959741;0;0;0;0,54950.83471636715,0.006,90,0.0001,12.606424131270224,,0.001323303060720298,0.14660770000000412,ok,same_stridge_core,Hx;H*Hxx,0.047999999999999994,1.6162571879967922
0.9076406962382536,1.559402558750069,-0.07948276243467722,-0.6493846784993808,0;0;-0.649384678499;-0.0794827624347;0;0;0;0.555023232305;-0.0897984866091;0;-0.0527676219709;0,55358.42052976493,0.006,91,0.0001,29.170344714055695,,0.0010814950948153186,0.3907358999999815,ok,same_stridge_core,Hx;D_x^1.559403 H;H*Hxx;H*Hxxx;H^2*Hxx,0.044666666666666695,1.4911344491732268
0.8636467521798135,1.0773182484506265,0.0,-0.7591670233251245,0;0;-0.759167023325;0;0;0;0;0.0918926968664;0;0;0;0,62234.09489395405,0.006,92,0.0001,14.291391551493813,,0.0017323890249628098,0.37158820000013293,ok,same_stridge_core,Hx;H*Hxx,0.07665454545454546,1.8445725727030033
0.7486685987842,1.260359612035318,0.0,-1.0256440112344354,0;0;-1.02564401123;0;0;0;0;0.0570283876257;0;0;0;0,60630.435274467156,0.006,93,0.0001,13.405347123073264,,0.0008443320511223389,0.3919369000000188,ok,same_stridge_core,Hx;H*Hxx,0.047999999999999994,1.2792600681798325
0.9146890962203966,1.5821255061007555,0.0,-0.6933937128644749,0;0;-0.693393712864;0;0;0;0;0;0;0;0;0,54823.028982200834,0.006,94,0.0001,10.00088035794467,,0.010638926461671363,0.3951203000001442,ok,same_stridge_core,Hx,0.15000000000000005,4.518577459724587
0.938570074656543,1.717450446896344,0.0,-0.5907836058028079,0;0;-0.590783605803;0;0;0;0;0.504225372605;0;0;-0.0474887865564;0,53303.29842407599,0.006,95,0.0001,17.681793903162138,,0.0014335229826257783,0.16153600000006918,ok,same_stridge_core,Hx;H*Hxx;H^2*Hxx,0.04136842105263157,1.6908043759393387
0.48135239573370564,1.612044594000544,1.8960900335110735,-2.3983841020465944,0;0;-2.39838410205;1.89609003351;0;0;0;-1.77823316321;0;0;0.148586863369;0,54146.042800832256,0.006,96,0.0001,26.836765515734477,,0.01331114690535247,0.3998584999999366,ok,same_stridge_core,Hx;D_x^1.612045 H;H*Hxx;H^2*Hxx,0.12120000000000003,5.178348395401573
0.5769523584028184,1.7671406585849598,-0.24108399756156232,-1.4993975687945433,0;0;-1.49939756879;-0.241083997562;7.34576262508;0;0;0;-1.08783786478;0;0;0,55015.488656550595,0.006,97,0.0001,25.581873611963957,,0.0069741484586659415,0.2869497000001502,ok,same_stridge_core,Hx;D_x^1.767141 H;Hxxx;H*Hxxx,0.08405000000000001,3.575678149343716
0.9709229948858067,1.7410952189193922,0.0,-0.5588495214795179,0;0;-0.55884952148;0;0;0;0;0.584539626783;-0.100332559233;0;-0.0575021745867;0,53884.024407285426,0.006,98,0.0001,23.293522230160875,,0.0015121593850853587,0.28800169999999525,ok,same_stridge_core,Hx;H*Hxx;H*Hxxx;H^2*Hxx,0.036,1.7399124672467057
0.9980132275308053,1.8121736848806789,0.6874550451168917,-0.5593205067244268,0;0;-0.559320506724;0.687455045117;0;0;0;0;0;0;0;0,57995.25894128319,0.006,99,0.0001,13.803519961104344,,0.0025464354282380792,0.2952212000000145,ok,same_stridge_core,Hx;D_x^1.812174 H,0.15000000000000005,2.2044681728477067
0.7403207829639408,1.5724925503865066,0.4141411121075763,-1.1573335304682064,0;0;-1.15733353047;0.414141112108;0;0;0;-0.0455514296339;0;0;0;0,55049.27416603241,0.006,100,0.0001,17.40444333867157,,0.0003981791981206681,0.3729355000000396,ok,same_stridge_core,Hx;D_x^1.572493 H;H*Hxx,0.012,0.8896610888618447
0.9182051010930976,1.4482748179574643,-0.08245667749087467,-0.616659270068124,0;0;-0.616659270068;-0.0824566774909;0;0;0;0.126170186363;0;0;0;0,57793.0444551205,0.006,101,0.0001,19.505352516125896,,0.0023831998964193553,0.3801029000001108,ok,same_stridge_core,Hx;D_x^1.448275 H;H*Hxx,0.058499999999999996,2.1674391795897447
0.8396273454328329,1.4601282688360875,0.0,-0.8102212493350028,0;0;-0.810221249335;0;0;0;0;0.085917548881;0;0;0;0,57559.269543152535,0.006,102,0.0001,13.19751768032503,,0.0014413946884603436,0.3917402000001857,ok,same_stridge_core,Hx;H*Hxx,0.041988231569930895,1.685663771694521
0.34796257707440115,1.1030619592855073,1.7618599721151176,-4.838750677440139,0.256792677879;0;-4.83875067744;1.76185997212;-22.6899211056;0;0;-1.21833207109;3.12440985794;0;0.0473956836005;-0.192574026835,62058.024627059785,0.006,103,0.0001,55.826648045165676,,0.018546878659357308,0.4140184999998837,ok,same_stridge_core,1;Hx;D_x^1.103062 H;Hxxx;H*Hxx;H*Hxxx;H^2*Hxx;H^2*Hxxx,0.04907307692307692,6.180228343517841
0.8459359906492694,1.053004287150299,0.0,-0.7965864850620352,0;0;-0.796586485062;0;0;0;0;0.0875493384529;0;0;0;0,62388.07392863253,0.006,104,0.0001,14.205282885885284,,0.0015155340925398161,0.3816719000001285,ok,same_stridge_core,Hx;H*Hxx,0.06599999999999999,1.7276681001587773
0.7560207052112589,1.1405344085587066,0.0,-1.0068682436973275,0;0;-1.0068682437;0;0;0;0;0.059759605713;0;0;0;0,61775.904298849215,0.006,105,0.0001,13.634472291290958,,0.0008400402891976513,0.2829262000000199,ok,same_stridge_core,Hx;H*Hxx,0.03,1.2792914315211152
0.6326290441070643,1.8107373451181854,0.0,-1.3352163385485656,0;0;-1.33521633855;0;4.8927736724;0;0;0;-0.696490628498;0;0;0,57887.99589395032,0.006,106,0.0001,19.706925867966557,,0.0030013869866814345,0.4093238000000383,ok,same_stridge_core,Hx;Hxxx;H*Hxxx,0.0533079365079365,2.3405270997814616
0.8795850584361302,1.9935446752942714,0.8110149946608451,-0.7130122161822883,0;0;-0.713012216182;0.811014994661;0;0;0;0;0;0;0;0,64233.8399086851,0.006,107,0.0001,14.336394738584083,,0.0011220788665999787,0.4123890000000756,ok,same_stridge_core,Hx;D_x^1.993545 H,0.047999999999999994,1.4896267568470627
0.04074510417463928,1.97716040974804,-23.450618676481653,-9.25706194794926,0.403430883762;-0.0696039756949;-9.25706194795;-23.4506186765;43.8959446036;0;0.948354020268;-6.25751703635;-18.6830921217;0;1.08649588275;2.36166936768,64437.46816961529,0.006,108,0.0001,90.13948855948557,,0.3483827492339637,0.38944340000011834,ok,same_stridge_core,1;H;Hx;D_x^1.97716 H;Hxxx;H*Hx;H*Hxx;H*Hxxx;H^2*Hxx;H^2*Hxxx,0.15000000000000005,25.702020389870267
0.8926137348521685,1.443001490835666,0.0,-0.700627401039459,0;0;-0.700627401039;0;0;0;0;0.0982690354067;0;0;0;0,57894.77810831283,0.006,109,0.0001,13.605300904678554,,0.002100163375482766,0.383365700000013,ok,same_stridge_core,Hx;H*Hxx,0.05999999999999999,2.0263452830159894
0.49364660597548604,1.555366762976631,1.6548603421701855,-2.386420399936506,0;0;-2.38642039994;1.65486034217;0;0;0;-1.59094742682;0;0;0.130557540458;0,55453.705741140744,0.006,110,0.0001,26.78806530467532,,0.010437991497054355,0.39347780000002786,ok,same_stridge_core,Hx;D_x^1.555367 H;H*Hxx;H^2*Hxx,0.05399999999999999,4.6065830082190224
0.2051236365760759,1.3901220833128705,5.144282432642028,-6.1378928495210285,0.263177515766;0;-6.13789284952;5.14428243264;0;0;0;-6.12821502209;-4.68083524373;0;0.528116819915;0.634570675018,58838.63209143449,0.006,111,0.0001,54.78661668247123,,0.09041235955898416,0.1396716000001561,ok,same_stridge_core,1;Hx;D_x^1.390122 H;H*Hxx;H*Hxxx;H^2*Hxx;H^2*Hxxx,0.15000000000000005,13.599574218467076
0.9162629571425571,1.0132921366107233,0.0,-0.6552046537986133,0;0;-0.655204653799;0;0;0;0;0.102838579711;0;0;0;0,62615.67043322361,0.006,112,0.0001,14.684585659511015,,0.002397694100014176,0.38715990000014244,ok,same_stridge_core,Hx;H*Hxx,0.10200000000000002,2.1614515728662926
0.694069662027664,1.5284330828573929,0.15748871267468234,-1.22103899143271,0;0;-1.22103899143;0.157488712675;0;0;0;0;0;0;0;0,56082.719527063506,0.006,113,0.0001,12.572902176728356,,0.000989355260512775,0.3822786000000633,ok,same_stridge_core,Hx;D_x^1.528433 H,0.08808000000000005,1.3563582713156537
0.9304705737479415,1.089793163613276,-0.16820401375858562,-0.39295300581523884,0;-0.00552548751779;-0.392953005815;-0.168204013759;0.633515570916;0;0;0.407214181313;0.348752149907;0;-0.0320150695659;-0.046062995502,62150.50240980532,0.006,114,0.0001,50.967045879424624,,0.0007474332708952271,0.3641024999999445,ok,same_stridge_core,H;Hx;D_x^1.089793 H;Hxxx;H*Hxx;H*Hxxx;H^2*Hxx;H^2*Hxxx,0.006,1.2466439515803607
0.8045803156350033,1.7994190720215522,0.0,-0.8889741312103144,0;0;-0.88897413121;0;0;0;0;0.076007952292;0;0;0;0,57059.57779648182,0.006,115,0.0001,12.873683612397702,,0.00108066117239435,0.17118510000000242,ok,same_stridge_core,Hx;H*Hxx,0.03,1.4617680531013386
0.7275903717960021,1.1973216305919123,0.11212823219955867,-1.2092900814196668,0;0;-1.20929008142;0.1121282322;0;0;0;0;-0.0932057299381;0;0;0,61283.3795269015,0.006,116,0.0001,19.553618590261774,,0.0007032349151703855,0.41640640000014173,ok,same_stridge_core,Hx;D_x^1.197322 H;H*Hxxx,0.024,1.1686047321913229
0.6544031953456673,1.551776679538482,0.0,-1.294629849865077,0;0;-1.29462984987;0;0;0;0;0;0;0;0;0,55538.34245439878,0.006,117,0.0001,7.8715611059449895,,0.0028211036545948112,0.3753790000000663,ok,same_stridge_core,Hx,0.13800000000000004,2.3177268605051116
0.5588666712700668,1.9384094279135469,-2.3647864631524533,-2.1507436114967895,0;0;-2.1507436115;-2.36478646315;-1.97655053611;0;0.119036940706;-0.364934119321;0.784107417348;0;0.0846739131986;0,64421.63075371784,0.006,118,0.0001,48.39213960496927,,0.0057789097106486585,0.40402530000005754,ok,same_stridge_core,Hx;D_x^1.938409 H;Hxxx;H*Hx;H*Hxx;H*Hxxx;H^2*Hxx,0.03902116402116402,3.296998077366773
0.5806632633026511,1.6588753947705026,0.7347082175378961,-1.6603835429447718,0;0;-1.66038354294;0.734708217538;0;0;0;-0.184849727546;0;0;0;0,53310.86202682818,0.006,119,0.0001,19.684611981837993,,0.007112326677011122,0.38542280000001483,ok,same_stridge_core,Hx;D_x^1.658875 H;H*Hxx,0.0878181818181818,3.6913533737895374
0.26117804016910906,1.8402819077965964,-4.714690046694739,-5.11711145981569,0;0;-5.11711145982;-4.71469004669;0;0;0.495280607799;-4.46760462889;-1.05038198726;0;0.624547404372;0.489121700553,60097.40358936937,0.006,120,0.0001,55.351778871631986,,0.09138800806323132,0.3700923999999759,ok,same_stridge_core,Hx;D_x^1.840282 H;H*Hx;H*Hxx;H*Hxxx;H^2*Hxx;H^2*Hxxx,0.12360000000000003,13.28359635907342
0.7497813253125425,1.3573777181796107,0.18051645910803976,-1.126133802886558,0;0;-1.12613380289;0.180516459108;0;0;0;0;0;0;0;0,59356.47048202645,0.006,121,0.0001,13.024333971192585,,0.0006791662959752154,0.3801319000001513,ok,same_stridge_core,Hx;D_x^1.357378 H,0.023328879678877035,1.1530398747872934
0.8272313940622935,1.8472081643629465,0.5310846383501693,-0.8620319002469375,0;0;-0.862031900247;0.53108463835;0;0;0;0;0;0;0;0,60592.259296662676,0.006,122,0.0001,13.37746313835921,,0.0007970111232222705,0.28625099999999293,ok,same_stridge_core,Hx;D_x^1.847208 H,0.03,1.2590112790266756
0.814346526455483,1.4669144696149896,0.0,-0.8936202999425382,0;0;-0.893620299943;0;0;0;0;0;0;0;0;0,57422.26669081125,0.006,123,0.0001,9.186760881884162,,0.006062076474505969,0.3799845999999434,ok,same_stridge_core,Hx,0.15000000000000005,3.444534212803037
0.5254167110252254,1.153397527076969,0.6675458783247801,-2.655975501179361,0;0;-2.65597550118;0.667545878325;-6.74120509193;0;0;-0.360720777357;0.172078103232;0;0;0,61671.5146645464,0.006,124,0.0001,33.76528253542261,,0.004276938219510987,0.14645150000001195,ok,same_stridge_core,Hx;D_x^1.153398 H;Hxxx;H*Hxx;H*Hxxx,0.11400000000000005,2.929525203149408
0.622916558002956,1.403751799992032,0.6123370698797183,-1.7429173053307225,0;0;-1.74291730533;0.61233706988;0;0;0;-0.19661772574;-0.186761369028;0;0;0,58608.41244101924,0.006,125,0.0001,25.239749505351345,,0.0016179804365788182,0.39407219999998233,ok,same_stridge_core,Hx;D_x^1.403752 H;H*Hxx;H*Hxxx,0.029457669988664135,1.7963845289436473
0.7240646205479572,1.556216261948334,0.1991417995040995,-1.1409135445517782,0;0;-1.14091354455;0.199141799504;0.979712817547;0;0;0;-0.136063546587;0;0;0,55433.6594297958,0.006,126,0.0001,23.19433985867015,,0.0005458992609368153,0.3878168999999616,ok,same_stridge_core,Hx;D_x^1.556216 H;Hxxx;H*Hxxx,0.012,1.0208760867518294
0.458655760420541,1.8263190740554873,-0.826539407296638,-2.668034445839768,0;0;-2.66803444584;-0.826539407297;0;0;0.159253082055;-1.73702153709;0.898526067813;0;0.221287464215;0,59061.05853170345,0.006,127,0.0001,41.40883845580914,,0.01840088020760314,0.39244959999996354,ok,same_stridge_core,Hx;D_x^1.826319 H;H*Hx;H*Hxx;H*Hxxx;H^2*Hxx,0.09480000000000008,5.972203336787067
0.39868172254143797,1.1998586876235937,2.1941315242588195,-2.0654487901608825,0.469954003956;-0.0523828052161;-2.06544879016;2.19413152426;-33.6876918882;0;-1.01811754507;-1.67999102414;1.95615072869;0.0862183658688;0.0849759285206;0.142367397681,61259.380076638394,0.006,128,0.0001,70.89645726140328,,0.006322821670053112,0.3899155999999948,ok,same_stridge_core,1;H;Hx;D_x^1.199859 H;Hxxx;H*Hx;H*Hxx;H*Hxxx;H^2*Hx;H^2*Hxx;H^2*Hxxx,0.018000000000000002,3.5111391771010334
0.6648963892561497,1.8614807140459755,0.0,-1.2648962544653468,0;0;-1.26489625447;0;0;0;0;0;0;0;0;0,61547.315431516945,0.006,129,0.0001,8.372424984307756,,0.0025532748616374844,0.4002161000000797,ok,same_stridge_core,Hx,0.024,2.217693441156061
0.9589217720606003,1.9411829187766845,1.5440457983982747,-0.5843969713208342,0;0;-0.584396971321;1.5440457984;0;0;0;-0.098431086454;0;0;0;0,64450.12269927152,0.006,130,0.0001,21.094046338393525,,0.0015685960492949986,0.39995490000001155,ok,same_stridge_core,Hx;D_x^1.941183 H;H*Hxx,0.04250000000000004,1.7590095286120695
0.8450129882252118,1.608788400733044,0.0,-0.7992461635493715,0;0;-0.799246163549;0;0;0;0;0.428881577213;-0.072562509236;0;-0.0415112976;0,54216.64702163537,0.006,131,0.0001,22.90270112796852,,0.0007185412939374149,0.392522400000189,ok,same_stridge_core,Hx;H*Hxx;H*Hxxx;H^2*Hxx,0.03,1.2160423193143706
0.7881682539525492,1.31983546837127,0.0,-0.9276521049475221,0;0;-0.927652104948;0;0;0;0;0.0708552097797;0;0;0;0,59892.7794870788,0.006,132,0.0001,13.352413369587504,,0.0009559588708710799,0.37364419999994425,ok,same_stridge_core,Hx;H*Hxx,0.041999999999999996,1.3738574721717445
0.5590250653787923,1.7461756408973534,1.6841110439920461,-1.759603088032237,0;0;-1.75960308803;1.68411104399;4.23915588509;0;0;-1.21334237124;-0.383091258494;0;0.103205080595;0,54063.75446425553,0.006,133,0.0001,35.89130017590443,,0.005997088243763723,0.38689480000016374,ok,same_stridge_core,Hx;D_x^1.746176 H;Hxxx;H*Hxx;H*Hxxx;H^2*Hxx,0.024,3.453047497351118
0.7764950681031986,1.3422183360420565,0.0,-0.9788921804895926,0;0;-0.97889218049;0;0;0;0;0;0;0;0;0,59580.11866295479,0.006,134,0.0001,8.914151177492077,,0.004415683407399354,0.38286410000000615,ok,same_stridge_core,Hx,0.15000000000000005,2.956139311196597
0.6491035344346432,1.690420539087677,2.1422324707495224,-1.2447990000674203,-0.0570594202363;0.101999405993;-1.24479900007;2.14223247075;14.4552528685;-0.0168015099928;-0.0868901217717;-1.31314451597;-5.19741860008;0;0.079379552803;0.445360930937,53096.36300367222,0.006,135,0.0001,59.58566839404413,,0.000747028893269745,0.3944030999998631,ok,same_stridge_core,1;H;Hx;D_x^1.690421 H;Hxxx;H^2;H*Hx;H*Hxx;H*Hxxx;H^2*Hxx;H^2*Hxxx,0.006,1.179669090004676
0.8196548912952606,1.4678603479177201,0.0,-0.8557468702690001,0;0;-0.855746870269;0;0;0;0;0.381539825848;-0.0663441770712;0;-0.0366153924605;0,57402.98961169337,0.006,136,0.0001,24.08378768385768,,0.0006131454426771749,0.3789291000000503,ok,same_stridge_core,Hx;H*Hxx;H*Hxxx;H^2*Hxx,0.033400000000000006,1.1225918391803307
0.6029074626235216,1.5851511768123385,1.033478570407597,-1.7241392497408496,0;0;-1.72413924974;1.03347857041;0.430081066724;0;0;-0.766382499283;0;0;0.0612269059439;0,54752.449806199664,0.006,137,0.0001,29.68008512055281,,0.002609963758248703,0.3802948000000015,ok,same_stridge_core,Hx;D_x^1.585151 H;Hxxx;H*Hxx;H^2*Hxx,0.049529411764705836,2.3038602174529785
0.6034072470958688,1.913681633302954,-0.16765824682011504,-1.4791318291524735,0;0;-1.47913182915;-0.16765824682;0;0;0;0;-0.10214956083;0;0;0,63948.41243494226,0.006,138,0.0001,22.418641173908618,,0.005629146514590225,0.38748439999994844,ok,same_stridge_core,Hx;D_x^1.913682 H;H*Hxxx,0.08760000000000004,3.23411744342594
0.5443963015516773,1.443001490835666,1.4892083570957328,-2.0912763892021995,0;0;-2.0912763892;1.4892083571;0;0;-0.0717362931948;-0.535423910258;-0.641857852143;0;0;0,57894.77810831283,0.006,139,0.0001,32.145497287763725,,0.0049576319392092266,0.1356754999999339,ok,same_stridge_core,Hx;D_x^1.443001 H;H*Hx;H*Hxx;H*Hxxx,0.047999999999999994,3.1981082336073094
0.8769657868339664,1.485022972456554,0.0,-0.7318460904243975,0;0;-0.731846090424;0;0;0;0;0.0949341804705;0;0;0;0,57045.61534737604,0.006,140,0.0001,13.339162796999235,,0.0019006763011098708,0.2914378000000397,ok,same_stridge_core,Hx;H*Hxx,0.06066493506493507,1.930039727524025
0.5607498733275318,1.533182459396509,1.152074076406613,-1.9899702353027082,0;0;-1.9899702353;1.15207407641;0.117922074211;0;0;-0.995942824397;0;0;0.079465054377;0,55973.06977259028,0.006,141,0.0001,30.977411709343336,,0.004385303132043945,0.4064508000001297,ok,same_stridge_core,Hx;D_x^1.533182 H;Hxxx;H*Hxx;H^2*Hxx,0.024,2.990876823048198
0.7515285539740415,1.372666045893295,0.1866351753978118,-1.1200933340875556,0;0;-1.12009333409;0.186635175398;0;0;0;0;0;0;0;0,59120.748257948464,0.006,142,0.0001,12.962981795046272,,0.0006634374386440106,0.3894723000000795,ok,same_stridge_core,Hx;D_x^1.372666 H,0.024,1.1388321434565787
0.43383916840208325,1.6927983643843167,2.789701447567921,-2.5122219104922876,0;0;-2.51222191049;2.78970144757;2.69582677763;0;0;-2.61417200838;0;0;0.230185152342;0,53097.87723941706,0.006,143,0.0001,33.36124786113206,,0.022932179442112868,0.38874840000016775,ok,same_stridge_core,Hx;D_x^1.692798 H;Hxxx;H*Hxx;H^2*Hxx,0.15000000000000005,6.812309241423525
0.7523369757312481,1.5154924273272625,0.23226114191757957,-1.0930103429613076,0;0;-1.09301034296;0.232261141918;0;0;0;0;0;0;0;0,56377.69905163078,0.006,144,0.0001,12.266959555252276,,0.00050407065339798,0.3873077999999168,ok,same_stridge_core,Hx;D_x^1.515492 H,0.01737658870656336,0.9914197449261203
0.7287710255831462,1.8907378651017805,0.34201455902815914,-1.086079731188951,0;0;-1.08607973119;0.342014559028;0;0;0;0;0;0;0;0,63128.1471059204,0.006,145,0.0001,13.815292474255951,,0.0007481883840040997,0.37552340000002005,ok,same_stridge_core,Hx;D_x^1.890738 H,0.018000000000000002,1.189663053071871
0.7146883689716512,1.4657958756964207,0.171725838905052,-1.1858760471196377,0;0;-1.18587604712;0.171725838905;-0.0697776170376;0;0;0;0;0;0;0,57445.00668443855,0.006,146,0.0001,18.321855896723065,,0.0006259778125116653,0.40409379999982775,ok,same_stridge_core,Hx;D_x^1.465796 H;Hxxx,0.012,1.0883538913914974
0.5392364917147636,1.5821255061007555,3.2692029590840472,-1.0509427800592677,0;0;-1.05094278006;3.26920295908;-3.78007997439;0;-0.635832582301;-1.73611433488;-2.89004998252;0.0509955544427;0.108598123868;0.381874209697,54823.028982200834,0.006,147,0.0001,51.88129884668164,,0.0033961699264822187,0.14738330000000133,ok,same_stridge_core,Hx;D_x^1.582126 H;Hxxx;H*Hx;H*Hxx;H*Hxxx;H^2*Hx;H^2*Hxx;H^2*Hxxx,0.018000000000000002,2.540572762700878
0.5056587231125622,1.1912560959035448,0.8287729392216107,-2.828996710607775,0;0;-2.82899671061;0.828772939222;-6.83242967311;0;0;-0.430235541408;0.140920566242;0;0;0,61340.03202776987,0.006,148,0.0001,34.07108300875705,,0.0057373878527633955,0.2629486000000725,ok,same_stridge_core,Hx;D_x^1.191256 H;Hxxx;H*Hxx;H*Hxxx,0.15000000000000005,3.401066994872114
0.8090358782657636,1.7766226278672925,0.0,-0.8786746355483465,0;0;-0.878674635548;0;0;0;0;0.0773492404694;0;0;0;0,55551.658864926314,0.006,149,0.0001,12.598633870428062,,0.0011202923850904638,0.39999429999988934,ok,same_stridge_core,Hx;H*Hxx,0.03,1.488302097442798
0.784083356577137,1.8336325118767074,0.43807857820022766,-0.960879613252247,0;0;-0.960879613252;0.4380785782;0;0;0;0;0;0;0;0,59608.66053321875,0.006,150,0.0001,12.967239186341883,,0.0005496377690544265,0.3796628999998575,ok,same_stridge_core,Hx;D_x^1.833633 H,0.03,1.0455070796981336
0.6544031953456673,1.5539600442466381,0.5562446410209961,-1.450615926362671,0;0;-1.45061592636;0.556244641021;2.5600418038;0;0;-0.13029090767;-0.404972403725;0;0;0,55486.885841277945,0.006,151,0.0001,29.300415601916544,,0.00125598567086243,0.2686877999999524,ok,same_stridge_core,Hx;D_x^1.55396 H;Hxxx;H*Hxx;H*Hxxx,0.040166666666666705,1.556972681277572
0.7397062880939436,1.4501408483089475,0.19817490884532615,-1.1317102220809134,0;0;-1.13171022208;0.198174908845;0;0;0;0;0;0;0;0,57756.71002364461,0.006,152,0.0001,12.556361408988629,,0.0005195134301680168,0.4002484000000095,ok,same_stridge_core,Hx;D_x^1.450141 H,0.036,1.005019404259706
0.46052459867188505,1.8091246857443322,0.0,-1.944097346701626,0;0;-1.9440973467;0;0;0;0;0;0;0;0;0,57767.98476107956,0.006,153,0.0001,14.887695631935827,,0.04485969216598682,0.40245230000004995,ok,same_stridge_core,Hx,0.14400000000000004,9.11089715582787
0.7329599277908588,1.153397527076969,0.10952153684750188,-1.180680672693711,0;0;-1.18068067269;0.109521536848;0;0;0;0;0;0;0;0,61671.5146645464,0.006,154,0.0001,13.816142153824961,,0.0010937117285361817,0.15247280000016872,ok,same_stridge_core,Hx;D_x^1.153398 H,0.047999999999999994,1.4818392209156819
0.6897075374345438,1.575040824497366,0.5364978433102783,-1.326582907236595,0;0;-1.32658290724;0.53649784331;0;0;0;-0.0959883448674;0;0;0;0,54989.24777921646,0.006,155,0.0001,17.69678586168481,,0.000722702349536695,0.2752317000001767,ok,same_stridge_core,Hx;D_x^1.575041 H;H*Hxx,0.05999999999999999,1.200011527919868
0.5920957050655301,1.520879827499647,0.9527954926310951,-1.8284080618537855,0;0;-1.82840806185;0.952795492631;0;0;0;-0.750924095449;0;0;0.0580915799018;0,56255.61357871898,0.006,156,0.0001,24.875316957929883,,0.0027637045786914516,0.38150830000017777,ok,same_stridge_core,Hx;D_x^1.52088 H;H*Hxx;H^2*Hxx,0.024,2.3730715264422937
0.5696307674473762,1.5169841073876018,1.0632972301856245,-1.9533132256889836,0;0;-1.95331322569;1.06329723019;0;0;0;-0.903989613237;0;0;0.0710992106318;0,56344.00454802927,0.006,157,0.0001,25.317476179998767,,0.0037874188263569623,0.41525160000014694,ok,same_stridge_core,Hx;D_x^1.516984 H;H*Hxx;H^2*Hxx,0.05188235294117643,2.779874360787057
0.5474188575802105,1.3656528377155248,1.5795458838815908,-2.203347699596282,0.0875385247292;0;-2.2033476996;1.57954588388;0;0;-0.076445259152;-0.530483666405;-0.578320791445;0;0;0,59230.17432418111,0.006,158,0.0001,38.13814810356098,,0.0032612310138447806,0.4431322000000364,ok,same_stridge_core,1;Hx;D_x^1.365653 H;H*Hx;H*Hxx;H*Hxxx,0.033800000000000004,2.6000435090523024
0.6098620445573854,1.6048459967043425,1.03985919860725,-1.6759193551385383,0;0;-1.67591935514;1.03985919861;0.536891969618;0;0;-0.744342485913;0;0;0.0597902148656;0,54303.41573574793,0.006,159,0.0001,29.370663260019906,,0.0024238623145085,0.3992164999999659,ok,same_stridge_core,Hx;D_x^1.604846 H;Hxxx;H*Hxx;H^2*Hxx,0.018000000000000002,2.2189553921459444
0.5481645027157993,1.3499647817500575,1.4959217392005624,-2.222006926444937,0.0909620610449;0;-2.22200692644;1.4959217392;0;0;-0.0703976310746;-0.507054759583;-0.564362967209;0;0;0,59467.06625274264,0.006,160,0.0001,38.20507905349706,,0.0030780662109042706,0.38731940000002396,ok,same_stridge_core,1;Hx;D_x^1.349965 H;H*Hx;H*Hxx;H*Hxxx,0.033800000000000004,2.5248393018514723
0.7273393882443183,1.5193710906375557,0.202259428810651,-1.1467500559265231,0;0;-1.14675005593;0.202259428811;0;0;0;0;0;0;0;0,56289.9129348984,0.006,161,0.0001,12.27291983979936,,0.0005380921950276478,0.37875099999996564,ok,same_stridge_core,Hx;D_x^1.519371 H,0.05399999999999999,1.01493725281968
0.8396273454328329,1.584482800726217,0.0,-0.8110032174214112,0;0;-0.811003217421;0;0;0;0;0.419328185874;-0.0712585462078;0;-0.0405241104697;0,54768.01667061565,0.006,162,0.0001,23.101365954558947,,0.0006926631552715895,0.2875776999999289,ok,same_stridge_core,Hx;H*Hxx;H*Hxxx;H^2*Hxx,0.03,1.1941592863126849
0.6974417572842079,1.4545443418859734,0.4007318218300281,-1.349925899705017,0;0;-1.34992589971;0.40073182183;0.0883033825915;0;0;-0.081032287905;-0.0834285313495;0;0;0,57670.273013371276,0.006,163,0.0001,29.80167344571679,,0.0004742930007357946,0.37258509999992384,ok,same_stridge_core,Hx;D_x^1.454544 H;Hxxx;H*Hxx;H*Hxxx,0.035400000000000015,0.9665369390311521
0.7404003707928584,1.3422183360420565,0.1685077923275806,-1.1478933082130693,0;0;-1.14789330821;0.168507792328;0;0;0;0;0;0;0;0,59580.11866295479,0.006,164,0.0001,13.041031356977046,,0.0006447252294209295,0.14752150000003894,ok,same_stridge_core,Hx;D_x^1.342218 H,0.03061823740169605,1.1250076243860871
0.6067109409499114,1.7777801198284477,0.0,-1.4016790802739585,0;0;-1.40167908027;0;5.52201949583;0;0;0;-0.751943312091;0;0;0,55621.23137976107,0.006,165,0.0001,19.6467004614928,,0.00479911024633079,0.38523620000000847,ok,same_stridge_core,Hx;Hxxx;H*Hxxx,0.078,2.9603310475644773
0.6534801110965757,1.5119001668491405,0.613898917410817,-1.5200875290401838,0;0;-1.52008752904;0.613898917411;-0.457598319741;0;0;-0.148755050794;0;0;0;0,56458.491939666965,0.006,166,0.0001,24.202589320380458,,0.0013109809491559448,0.28563050000002477,ok,same_stridge_core,Hx;D_x^1.5119 H;Hxxx;H*Hxx,0.024,1.6191925445136703
0.6089722744040735,1.5791669908570254,0.9867268854100738,-1.6995118844826327,0;0;-1.69951188448;0.98672688541;0.36238841943;0;0;-0.715964133017;0;0;0.0566638684106;0,54892.29945489531,0.006,167,0.0001,29.63538848062739,,0.002357217770448105,0.40614080000000286,ok,same_stridge_core,Hx;D_x^1.579167 H;Hxxx;H*Hxx;H^2*Hxx,0.045555555555555585,2.189238753179738
0.6034072470958688,1.6821886764227874,0.6509721225432952,-1.5553443147117008,0;0;-1.55534431471;0.650972122543;0;0;0;-0.148125594169;0;0;0;0,53112.51389158511,0.006,168,0.0001,19.070936432343498,,0.005163736373794237,0.2792503000000579,ok,same_stridge_core,Hx;D_x^1.682189 H;H*Hxx,0.0590068166753881,3.1371822648679624
0.6027849201778106,1.3236856814065996,0.5749368074861481,-1.8973580534354577,0;0;-1.89735805344;0.574936807486;0;0;0;-0.219327674176;-0.280895633575;0;0;0,59840.44292917488,0.006,169,0.0001,25.86677805078552,,0.0018758641226098726,0.39810140000008687,ok,same_stridge_core,Hx;D_x^1.323686 H;H*Hxx;H*Hxxx,0.03,1.9306008791155669
0.8769657868339664,1.6095124451423366,0.0,-0.7318460904243949,0;0;-0.731846090424;0;0;0;0;0.0949341804705;0;0;0;0,54200.85945022174,0.006,170,0.0001,12.770211617568375,,0.0019006763011098708,0.27928210000004583,ok,same_stridge_core,Hx;H*Hxx,0.047999999999999994,1.930039727524028
0.6935670456974918,1.6531396839579333,0.17820001571706293,-1.2060514820774133,0;0;-1.20605148208;0.178200015717;0;0;0;0;0;0;0;0,53387.76779631874,0.006,171,0.0001,12.114098111693497,,0.0011121045946716295,0.37765699999999924,ok,same_stridge_core,Hx;D_x^1.65314 H,0.0939857142857143,1.436544552429749
0.5255997382599824,1.5517193100709168,1.4238400621441205,-2.1903406046949643,0;0;-2.19034060469;1.42384006214;0;0;0;-1.29895270143;0;0;0.105281896903;0,55539.69240756566,0.006,172,0.0001,26.022670806438423,,0.007126048980735404,0.3922414999999546,ok,same_stridge_core,Hx;D_x^1.551719 H;H*Hxx;H^2*Hxx,0.047999999999999994,3.8067938434121587
0.5896896629305319,1.480682820320732,0.888905180058578,-1.8773880841962414,0;0;-1.8773880842;0.888905180059;-0.350960131894;0;0;-0.702020561543;-0.00819110847964;0;0.0522063498631;0,57137.333982642616,0.006,173,0.0001,36.61643118619431,,0.0026780402534570622,0.38178900000002614,ok,same_stridge_core,Hx;D_x^1.480683 H;Hxxx;H*Hxx;H*Hxxx;H^2*Hxx,0.024,2.334030796608738
0.6684835094067257,1.7498026470698826,0.5697009058353573,-1.287402663339993,0;0;-1.28740266334;0.569700905835;4.04892198723;0;0;-0.0911084824155;-0.558484480935;0;0;0,54204.3153419735,0.006,174,0.0001,28.664245425769078,,0.0013162318096991857,0.3908060999999634,ok,same_stridge_core,Hx;D_x^1.749803 H;Hxxx;H*Hxx;H*Hxxx,0.024,1.562087754782326
0.5747158260928554,1.834602350247098,-0.2958939567790414,-1.5181895684981115,0;0;-1.5181895685;-0.295893956779;7.31634140235;0;0;0;-1.09471436104;0;0;0,59680.611635277666,0.006,175,0.0001,27.468153407278038,,0.007040261535954351,0.3921691999998984,ok,same_stridge_core,Hx;D_x^1.834602 H;Hxxx;H*Hxxx,0.06597202797202797,3.5959087531669716
0.5670771397904041,1.3916019742418988,0.8022779864541083,-2.062024981497663,0;0;-2.0620249815;0.802277986454;1.01425711482;0;0;-0.29951311287;-0.421588508178;0;0;0,58814.06228461536,0.006,176,0.0001,32.26832206062493,,0.004116831368030473,0.3882258000001002,ok,same_stridge_core,Hx;D_x^1.391602 H;Hxxx;H*Hxx;H*Hxxx,0.04263492063492067,2.86129091831725
0.9146890962203966,1.778601598095209,0.0,-0.6358203080957342,0;0;-0.635820308096;0;0;0;0;0.481182111315;0;0;-0.0452262302602;0,55671.12085975273,0.006,177,0.0001,18.290591162906406,,0.00126039675855222,0.28025239999988116,ok,same_stridge_core,Hx;H*Hxx;H^2*Hxx,0.03926315789473683,1.5892549049805842
0.6282473819350614,1.5153825560525869,0.7063027999439331,-1.630434977617413,0;0;-1.63043497762;0.706302799944;-0.542239809603;0;0;-0.186386851557;0;0;0;0,56380.17643573833,0.006,178,0.0001,24.661265401808688,,0.002231726746965058,0.14532220000000962,ok,same_stridge_core,Hx;D_x^1.515383 H;Hxxx;H*Hxx,0.036,2.109194827513357
0.6224432023880043,1.3496348179329736,0.539653714604278,-1.7689971888144609,0;0;-1.76899718881;0.539653714604;0;0;0;-0.187685387177;-0.224578857091;0;0;0,59471.93302266701,0.006,179,0.0001,25.458858387564764,,0.0014052478649939145,0.3819111000000248,ok,same_stridge_core,Hx;D_x^1.349635 H;H*Hxx;H*Hxxx,0.024,1.6700851784979565
0.8291500078655556,1.4905646348270076,0.11087942627199009,-0.8736690476261341,0;0;-0.873669047626;0.110879426272;0;0;0;0.0536685404425;0;0;0;0,56927.21126020455,0.006,180,0.0001,18.651287954113744,,0.0012701221152705718,0.29299280000009276,ok,same_stridge_core,Hx;D_x^1.490565 H;H*Hxx,0.041999999999999996,1.573124576052377
0.6251886498328186,1.1617764339666992,0.2835412955466276,-1.7478492655499493,0;0;-1.74784926555;0.283541295547;0;0;0;-0.128303254287;-0.301405391006;0;0;0,61601.33011065117,0.006,181,0.0001,26.224370321713565,,0.0012875274972452984,0.3965518999998494,ok,same_stridge_core,Hx;D_x^1.161776 H;H*Hxx;H*Hxxx,0.05399999999999999,1.583838277453092
0.8607782120690199,1.6458650643782495,0.0,-0.7568273095496457,0;0;-0.75682730955;0;0;0;0;0.491050093714;0.160484043957;0;-0.0489802226508;-0.0323841231604,53498.006951733616,0.006,182,0.0001,27.996390328099015,,0.0007641707875949146,0.39977040000007946,ok,same_stridge_core,Hx;H*Hxx;H*Hxxx;H^2*Hxx;H^2*Hxxx,0.024,1.2473868522322058
0.49753293162987006,1.9121035803962299,-2.3859261686633895,-1.8744006401211613,0.227413460456;-0.059905946302;-1.87440064012;-2.38592616866;3.71775927242;0;0;-0.546466879157;-0.571522303778;0;0.0723042003072;0,63904.07943325904,0.006,183,0.0001,56.24217687216876,,0.013428205681251037,0.3838413999999375,ok,same_stridge_core,1;H;Hx;D_x^1.912104 H;Hxxx;H*Hxx;H*Hxxx;H^2*Hxx,0.03,5.11891332556152
0.6321021756052391,1.7015321702909225,1.1576229610696165,-1.5105685838975653,0;0;-1.5105685839;1.15762296107;0.957688136924;0;0;-0.711202424931;0;0;0.0586462460867;0,53129.34577264238,0.006,184,0.0001,28.57338567779173,,0.0020030627240932544,0.3852633000001333,ok,same_stridge_core,Hx;D_x^1.701532 H;Hxxx;H*Hxx;H^2*Hxx,0.04484705882352939,2.008712791470539
0.5311741222839197,1.9356851683989347,-0.6138926072461355,-1.7607382923538553,0;0;-1.76073829235;-0.613892607246;0;0;0;0;-0.195323023089;0;0;0,64389.03106440506,0.006,185,0.0001,24.42683946045207,,0.013965662112302234,0.3943445999998403,ok,same_stridge_core,Hx;D_x^1.935685 H;H*Hxxx,0.13800000000000004,5.110130141130546
0.736404727825288,1.1631888745742271,0.11277253449289418,-1.2086851783737573,0;0;-1.20868517837;0.112772534493;-0.864701767734;0;0;0;0;0;0;0,61589.32443251865,0.006,186,0.0001,19.716507830262238,,0.0007922394353249323,0.38050619999989976,ok,same_stridge_core,Hx;D_x^1.163189 H;Hxxx,0.03524356950400524,1.2397105005066384
0.6768455731998135,1.5169841073876018,0.4914343158857637,-1.3944565756394869,0;0;-1.39445657564;0.491434315886;1.34700782605;0;0;-0.107043825419;-0.241634832943;0;0;0,56344.00454802927,0.006,187,0.0001,29.36756265200917,,0.0007287991857818209,0.14678829999979826,ok,same_stridge_core,Hx;D_x^1.516984 H;Hxxx;H*Hxx;H*Hxxx,0.035400000000000015,1.1955603779945343
0.6363450968622908,1.7312868848159302,1.2180304131654127,-1.4737423615570822,0;0;-1.47374236156;1.21803041317;1.06170966146;0;0;-0.717012233926;0;0;0.0595627228437;0,53593.06668997964,0.006,188,0.0001,28.78392459568205,,0.0019684313169571173,0.393262199999981,ok,same_stridge_core,Hx;D_x^1.731287 H;Hxxx;H*Hxx;H^2*Hxx,0.041999999999999996,1.9873912506922276
0.559549664376565,1.8614807140459755,-0.6118106559687613,-2.008868492756525,0;0;-2.00886849276;-0.611810655969;0.52175848254;0;0.0962155652017;-0.82058951536;0.443557764725;0;0.111304041476;0,61547.315431516945,0.006,189,0.0001,46.47901108056801,,0.006025647772870003,0.1506742999999915,ok,same_stridge_core,Hx;D_x^1.861481 H;Hxxx;H*Hx;H*Hxx;H*Hxxx;H^2*Hxx,0.04865546218487393,3.3958902785061382
0.4757027103103936,1.7404349144222793,2.3429705465234894,-2.260445772812894,-0.0446870098794;0;-2.26044577281;2.34297054652;1.09973077484;0;0;-2.03187695579;0;0;0.174402533442;0,53862.131129270165,0.006,190,0.0001,37.91954213763676,,0.015529292582379027,0.39383509999993294,ok,same_stridge_core,1;Hx;D_x^1.740435 H;Hxxx;H*Hxx;H^2*Hxx,0.03,5.602263460074663
0.7703665488356206,1.1755208158547323,0.0,-0.9709440686856894,0;0;-0.970944068686;0;0;0;0;0.064878854634;0;0;0;0,61482.34447876946,0.006,191,0.0001,13.601438327795925,,0.00086720203160159,0.38239690000000337,ok,same_stridge_core,Hx;H*Hxx,0.02332910216718266,1.3049694320420324
0.666417968451683,1.5070088356920621,0.5664283999944654,-1.4674790701373506,0;0;-1.46747907014;0.566428399994;-0.431065142797;0;0;-0.130481378724;0;0;0;0,56567.67315517026,0.006,192,0.0001,24.024541216153192,,0.0009748604235154947,0.38339060000021163,ok,same_stridge_core,Hx;D_x^1.507009 H;Hxxx;H*Hxx,0.018000000000000002,1.3974719540850868
0.6801527583010192,1.2116640199200313,0.3088354088403776,-1.4878874742884325,0.0351210921615;0;-1.48788747429;0.30883540884;0;0;0;-0.0650009434554;-0.118042938191;0;0;0,61145.30744278568,0.006,193,0.0001,31.58531870191157,,0.0005317458715244969,0.42480860000000575,ok,same_stridge_core,1;Hx;D_x^1.211664 H;H*Hxx;H*Hxxx,0.018000000000000002,1.0126649805187307
0.8339601983711485,1.6562152987665293,0.0,-0.8226084206900627,0;0;-0.82260842069;0;0;0;0;0.0844129634951;0;0;0;0,53345.35553716893,0.006,194,0.0001,12.317088439113691,,0.0013766559372146417,0.3923666000000594,ok,same_stridge_core,Hx;H*Hxx,0.04743151515151518,1.6480173316799043
0.6963778474346236,1.1405344085587066,0.0869893472468193,-1.2819820600786715,0;0;-1.28198206008;0.0869893472468;0;0;0;0;-0.0899783984917;0;0;0,61775.904298849215,0.006,195,0.0001,19.76934847651446,,0.0008112625240987289,0.15090329999998175,ok,same_stridge_core,Hx;D_x^1.140534 H;H*Hxxx,0.024,1.236577186859693
0.6534801110965757,1.7189568809170763,0.5654582773067991,-1.3456332258714674,0;0;-1.34563322587;0.565458277307;4.42280958396;0;0;-0.104441909158;-0.619629368813;0;0;0,53328.292136692544,0.006,196,0.0001,28.442023298905685,,0.0017028123445681105,0.27822790000004716,ok,same_stridge_core,Hx;D_x^1.718957 H;Hxxx;H*Hxx;H*Hxxx,0.036,1.777877230559413
0.8795850584361302,1.557659886634015,0.0,-0.7265547554806852,0;0;-0.726554755481;0;0;0;0;0.0955101374449;0;0;0;0,55399.57933658935,0.006,197,0.0001,13.02641360872034,,0.0019340272993783895,0.28929199999993216,ok,same_stridge_core,Hx;H*Hxx,0.047999999999999994,1.9464977414024691
0.6634687668815766,1.6821886764227874,0.5656168110902035,-1.3359027072942464,0;0;-1.33590270729;0.56561681109;3.71517216088;0;0;-0.10429825604;-0.521942399666;0;0;0,53112.51389158511,0.006,198,0.0001,28.129982168505865,,0.001320201710396372,0.15533069999992222,ok,same_stridge_core,Hx;D_x^1.682189 H;Hxxx;H*Hxx;H*Hxxx,0.03019999999999999,1.5737252227133054
0.5682317656223984,1.519702275332614,1.0781880630750742,-1.960095354321472,0;0;-1.96009535432;1.07818806308;0;0;0;-0.917814299807;0;0;0.0722899194233;0,56282.38929313557,0.006,199,0.0001,25.325327409349715,,0.0038773804684846076,0.3760813999999755,ok,same_stridge_core,Hx;D_x^1.519702 H;H*Hxx;H^2*Hxx,0.036,2.8123716920954855
0.580403169987389,1.7189568809170763,1.2945308745493433,-1.7368618246883125,0;0;-1.73686182469;1.29453087455;0;0;0;-0.944448504224;0;0;0.0791951282214;0,53328.292136692544,0.006,200,0.0001,24.473799853390037,,0.005029148069925929,0.14461959999994178,ok,same_stridge_core,Hx;D_x^1.718957 H;H*Hxx;H^2*Hxx,0.036,3.1424829987130187
0.6935670456974918,1.514660093593612,0.15455070330288165,-1.224110006184745,0;0;-1.22411000618;0.154550703303;0;0;0;0;0;0;0;0,56396.463981686895,0.006,201,0.0001,12.635576856557728,,0.000989023721701368,0.28019819999985884,ok,same_stridge_core,Hx;D_x^1.51466 H,0.078,1.3562840602203488
0.609431180285889,1.7508293667374712,0.0,-1.3945811936312398,0;0;-1.39458119363;0;5.45412633644;0;0;0;-0.745950729764;0;0;0,54245.95793022099,0.006,202,0.0001,19.160945031199674,,0.004566794417218073,0.3739603999999872,ok,same_stridge_core,Hx;Hxxx;H*Hxxx,0.07461538461538468,2.887157652133376
0.4870657107306023,1.8897463491561979,-0.6844841776550838,-1.8600343918304114,0;0;-1.86003439183;-0.684484177655;0;0;0;0;0;0;0;0,63084.14023557612,0.006,203,0.0001,19.399369176616123,,0.024359156496104113,0.3792722999999114,ok,same_stridge_core,Hx;D_x^1.889746 H,0.13200000000000003,6.782541129500899
0.4881123336318032,1.634056950136216,2.0415843590344207,-2.3057899236964903,0;0;-2.3057899237;2.04158435903;0;0;0;-1.9086598753;0.212839864718;0;0.16461864181;0,53702.505942954325,0.006,204,0.0001,31.857338742213557,,0.012301105576585576,0.3950804999999491,ok,same_stridge_core,Hx;D_x^1.634057 H;H*Hxx;H*Hxxx;H^2*Hxx,0.054535714285714285,5.006085770736396
0.7387562620695078,1.7578320757548354,0.30105358500548857,-1.0813061706403522,0;0;-1.08130617064;0.301053585005;0;0;0;0;0;0;0;0,54551.67589807832,0.006,205,0.0001,11.955587180286413,,0.0005695805089383897,0.3969712000000527,ok,same_stridge_core,Hx;D_x^1.757832 H,0.02458902825403665,1.0452520006707477
0.6558077936530812,1.3853822360027224,0.46534974437128934,-1.5713785053875444,0;0;-1.57137850539;0.465349744371;0;0;0;-0.135332323827;-0.149977636195;0;0;0,58916.63156641561,0.006,206,0.0001,24.842268649638527,,0.0008233001686167391,0.38929090000010547,ok,same_stridge_core,Hx;D_x^1.385382 H;H*Hxx;H*Hxxx,0.032139205155746475,1.2756160230722824
0.7816843958168342,1.5374477353287967,0.2740365417852484,-1.0270681502679273,0;0;-1.02706815027;0.274036541785;0;0;0;0;0;0;0;0,55874.045486663024,0.006,207,0.0001,12.31479640165083,,0.0006678573266061387,0.39803170000004684,ok,same_stridge_core,Hx;D_x^1.537448 H,0.02392435696889479,1.1399873043182238
0.7305103340646159,1.5153825560525869,0.20531245663679512,-1.1404089246432703,0;0;-1.14040892464;0.205312456637;0;0;0;0;0;0;0;0,56380.17643573833,0.006,208,0.0001,12.276401562557167,,0.000520914535319415,0.14798700000005738,ok,same_stridge_core,Hx;D_x^1.515383 H,0.038644032921810706,1.0003662754095015
0.613118940320822,1.7072403561163427,0.910914250533916,-1.625804972255142,-0.0193035332358;0;-1.62580497226;0.910914250534;1.36948893753;0;0.0125583280775;-0.694349142085;-0.0980668350687;0;0.0595879556038;0,53173.48676564179,0.006,209,0.0001,44.80906007466745,,0.002588612814720103,0.3985323000001699,ok,same_stridge_core,1;Hx;D_x^1.70724 H;Hxxx;H*Hx;H*Hxx;H*Hxxx;H^2*Hxx,0.014663101604278079,2.2702706621540147
0.7543093557491622,1.5766740265923742,0.2557040527594457,-1.077352513124397,0;0;-1.07735251312;0.255704052759;0;0;0;0;0;0;0;0,54950.83471636715,0.006,210,0.0001,11.963950975649734,,0.00048551566010646044,0.14576800000008916,ok,same_stridge_core,Hx;D_x^1.576674 H,0.02346182824323174,0.9737840323763034
0.45800323027702616,1.551776679538482,1.9113485080018922,-2.627996590661167,0;0;-2.62799659066;1.911348508;0;0;0;-1.93833728023;0;0;0.160588875803;0,55538.34245439878,0.006,211,0.0001,27.788072603480625,,0.015266441604714184,0.1442343000001074,ok,same_stridge_core,Hx;D_x^1.551777 H;H*Hxx;H^2*Hxx,0.072,5.572735621721113
0.6063613219320256,1.4501408483089475,1.0158940452282532,-1.756765014919891,0;0;-1.75676501492;1.01589404523;0;0;-0.0405535544017;-0.332704379597;-0.38058923837;0;0;0,57756.71002364461,0.006,212,0.0001,30.89002108609845,,0.0019754930371066503,0.13809119999996256,ok,same_stridge_core,Hx;D_x^1.450141 H;H*Hx;H*Hxx;H*Hxxx,0.03,2.0116660742761425
0.8200598597542288,1.4669144696149896,0.0,-0.8429118000423224,0;0;-0.842911800042;0;0;0;0;0.430999444796;0.256276340801;0;-0.0431534802002;-0.0441324691756,57422.26669081125,0.006,213,0.0001,29.762049326133553,,0.0005428297498049396,0.15225809999992634,ok,same_stridge_core,Hx;H*Hxx;H*Hxxx;H^2*Hxx;H^2*Hxxx,0.025339285714285686,1.0509159807279265
0.6988748539326483,1.588390027289034,0.1755712209422641,-1.2015487611455673,0;0;-1.20154876115;0.175571220942;0;0;0;0;0;0;0;0,54677.249688836135,0.006,214,0.0001,12.257869183759977,,0.0009395346214284155,0.3787339999998949,ok,same_stridge_core,Hx;D_x^1.58839 H,0.08265333333333337,1.3224192459927504
0.6897075374345438,1.6648460698021523,0.5447135558732054,-1.267801642331731,0;0;-1.26780164233;0.544713555873;2.56689268454;0;0;-0.0875476894631;-0.35593461113;0;0;0,53241.39331939676,0.006,215,0.0001,27.811799563444353,,0.0007419197009155807,0.2834923999998864,ok,same_stridge_core,Hx;D_x^1.664846 H;Hxxx;H*Hxx;H*Hxxx,0.0327518796992481,1.1911029037459697
0.6429327276819614,1.5032009278687255,0.6466512728902261,-1.5747031692288984,0;0;-1.57470316923;0.64665127289;-0.546316064256;0;0;-0.16542485885;0;0;0;0,56651.980962522175,0.006,216,0.0001,24.44601033624657,,0.001592674912558431,0.37759110000001783,ok,same_stridge_core,Hx;D_x^1.503201 H;Hxxx;H*Hxx,0.029646356632321538,1.7852179512376993
0.7465380926102609,1.1789101879496193,0.03872047990140073,-1.0676272623277867,0;0;-1.06762726233;0.0387204799014;0;0;0;0.0423696841952;0;0;0;0,61452.24872400575,0.006,217,0.0001,19.67403081905661,,0.0007866694776679121,0.3831800000000385,ok,same_stridge_core,Hx;D_x^1.17891 H;H*Hxx,0.024,1.2383562018548862
0.5858667664111543,1.5607136395600898,1.0732161873754618,-1.8294205043174037,0;0;-1.82942050432;1.07321618738;0.303011595547;0;0;-0.85298288634;0;0;0.0680652401659;0,55327.44770113203,0.006,218,0.0001,30.227291875341628,,0.0032265815224155497,0.15015930000004118,ok,same_stridge_core,Hx;D_x^1.560714 H;Hxxx;H*Hxx;H^2*Hxx,0.04865000000000003,2.563568024775611
0.8011835374144454,1.3560156095959257,0.0,-0.8968834115922591,0;0;-0.896883411592;0;0;0;0;0.0749690256076;0;0;0;0,59376.971213694975,0.006,219,0.0001,13.31758170277491,,0.0010519850135195744,0.38277180000000044,ok,same_stridge_core,Hx;H*Hxx,0.02928981498492334,1.4421874600359164
0.6735535460335647,1.3819151807656522,0.40003154162871873,-1.4800764892452976,0;0;-1.48007648925;0.400031541629;0;0;0;-0.10549824953;-0.127197228682;0;0;0,58973.023724247534,0.006,220,0.0001,24.68400175154962,,0.0006113230475584559,0.4022257999999965,ok,same_stridge_core,Hx;D_x^1.381915 H;H*Hxx;H*Hxxx,0.036,1.0947922618506036
0.7224604298366539,1.5193710906375557,0.19581562364825902,-1.1576071466863134,0;0;-1.15760714669;0.195815623648;0;0;0;0;0;0;0;0,56289.9129348984,0.006,221,0.0001,12.301610398628425,,0.0005718521223537778,0.14969490000021324,ok,same_stridge_core,Hx;D_x^1.519371 H,0.041999999999999996,1.0436278116487443
0.6215563935668774,1.7323855729260893,1.1912358759309527,-1.511317394665684,0;0;-1.51131739467;1.19123587593;3.11907177025;0;0;-0.708409364232;-0.306470515973;0;0.0575605407232;0,53622.03874239904,0.006,222,0.0001,34.356715266775055,,0.002404711393071596,0.38899270000001707,ok,same_stridge_core,Hx;D_x^1.732386 H;Hxxx;H*Hxx;H*Hxxx;H^2*Hxx,0.037911111111111104,2.1834920213356295
0.8561045804375035,1.536248116265976,0.0,-0.7749486059469991,0;0;-0.774948605947;0;0;0;0;0.0900854171346;0;0;0;0,55901.94679339269,0.006,223,0.0001,12.975497042145896,,0.0016387496163718868,0.2894470999999612,ok,same_stridge_core,Hx;H*Hxx,0.041999999999999996,1.7951076834673578
0.6283983247711217,1.8952615654558946,0.0,-1.3458889106690284,0;0;-1.34588891067;0;4.99282158678;0;0;0;-0.7052940821;0;0;0,63319.9461901341,0.006,224,0.0001,21.4249946892932,,0.003234753484385644,0.4077620000000479,ok,same_stridge_core,Hx;Hxxx;H*Hxxx,0.041999999999999996,2.4290108322529718
0.8230626174837179,1.465206743619769,0.0,-0.8479837779515518,0;0;-0.847983777952;0;0;0;0;0.388255278603;-0.0671913543253;0;-0.0373104451676;0,57456.95829643484,0.006,225,0.0001,24.11624744466197,,0.0006246467795030545,0.3834991999999602,ok,same_stridge_core,Hx;H*Hxx;H*Hxxx;H^2*Hxx,0.03420000000000001,1.1334641260880338
0.7043984246525872,1.2675161093901184,0.12276540303273682,-1.2343731702439502,0;0;-1.23437317024;0.122765403033;0;0;0;0;0;0;0;0,60548.34860481995,0.006,226,0.0001,13.33553831912793,,0.0007734056950822269,0.3739201000000776,ok,same_stridge_core,Hx;D_x^1.267516 H,0.054266992266992255,1.2258685981639397
0.8795850584361302,1.403707911991733,-0.062004689285867706,-0.6961031013837321,0;0;-0.696103101384;-0.0620046892859;0;0;0;0.113649280025;0;0;0;0,58609.16721439747,0.006,227,0.0001,19.524594513772072,,0.0019046246986234715,0.2953437999999551,ok,same_stridge_core,Hx;D_x^1.403708 H;H*Hxx,0.03,1.9418443494528284
0.4562149062907601,1.5107753624548137,1.7651848455239958,-2.677717724735216,0;0;-2.67771772474;1.76518484552;0;0;0;-1.87601312324;0;0;0.154558633106;0,56483.684765183156,0.006,228,0.0001,28.062290155261035,,0.014628224119445555,0.3911405999999715,ok,same_stridge_core,Hx;D_x^1.510775 H;H*Hxx;H^2*Hxx,0.041999999999999996,5.46881624918777
0.7449999474670793,1.5608321067519952,0.23780223961141006,-1.100607755283211,0;0;-1.10060775528;0.237802239611;0;0;0;0;0;0;0;0,55324.648523338416,0.006,229,0.0001,12.03365137728594,,0.00048324846487733176,0.3881825000000845,ok,same_stridge_core,Hx;D_x^1.560832 H,0.023328880266947245,0.9687216726182561
0.7365457558182945,1.5599870839964105,0.22602366186984924,-1.1194252684216162,0;0;-1.11942526842;0.22602366187;0;0;0;0;0;0;0;0,55344.61367143292,0.006,230,0.0001,12.051454452928429,,0.0005008180357077625,0.3711697000001095,ok,same_stridge_core,Hx;D_x^1.559987 H,0.03,0.9825317186418449
0.711019218551488,1.2415916036824108,0.11401371727291855,-1.2362249083044687,0;0;-1.2362249083;0.114013717273;0;0;0;0;-0.0705725321943;0;0;0,60837.671879866946,0.006,231,0.0001,19.368286471365437,,0.0006561303834691861,0.3902060000000347,ok,same_stridge_core,Hx;D_x^1.241592 H;H*Hxxx,0.024,1.1169849074053482
0.7484875476551219,1.5705955156874256,0.2457438059252654,-1.091192562826548,0;0;-1.09119256283;0.245743805925;0;0;0;0;0;0;0;0,55094.01553818626,0.006,232,0.0001,11.986735947476959,,0.000481323924411527,0.37669290000008004,ok,same_stridge_core,Hx;D_x^1.570596 H,0.05399999999999999,0.9679328398397072
0.8956535425803123,1.0723305852202394,0.0,-0.8041690849356822,0;0;-0.804169084936;0;-1.79012026613;0;0;0;0;0;0;0,62266.63234804825,0.006,233,0.0001,16.569142431668563,,0.008487580043937732,0.3828733000000284,ok,same_stridge_core,Hx;Hxxx,0.10800000000000003,4.115815962058912
0.36773493429501436,1.5154924273272625,2.5121899167047212,-3.360814272241087,0;0;-3.36081427224;2.5121899167;0;0;0;-2.90769707646;0;0;0.244303536573;0,56377.69905163078,0.006,234,0.0001,30.946240595744797,,0.034497010080393846,0.14245340000002216,ok,same_stridge_core,Hx;D_x^1.515492 H;H*Hxx;H^2*Hxx,0.15000000000000005,8.395160975092484
0.5168537602518779,1.3081218618012191,0.9729492443224926,-2.5716775200876034,0;0;-2.57167752009;0.972949244322;-2.22845549126;0;0;-0.427123620016;-0.236357984218;0;0;0,60048.42255276879,0.006,235,0.0001,33.68815580454272,,0.006665465439770932,0.40272390000018277,ok,same_stridge_core,Hx;D_x^1.308122 H;Hxxx;H*Hxx;H*Hxxx,0.07114285714285719,3.6639445281583205
0.7146883689716512,1.9211908010816472,0.315661625568664,-1.119287095351747,0;0;-1.11928709535;0.315661625569;0;0;0;0;0;0;0;0,64135.46728612578,0.006,236,0.0001,14.16453977911769,,0.000954350464345341,0.29262629999993806,ok,same_stridge_core,Hx;D_x^1.921191 H,0.019079391756702674,1.3374463218925332
0.5302659814145037,1.6512363230196583,1.5887058666917617,-2.0613896153376596,0;0;-2.06138961534;1.58870586669;0;0;0;-1.34397988519;0;0;0.112026348758;0,53415.30811090615,0.006,237,0.0001,25.428753349668185,,0.008262286953047324,0.401137700000163,ok,same_stridge_core,Hx;D_x^1.651236 H;H*Hxx;H^2*Hxx,0.07411111111111111,4.062630105305724
0.7305103340646159,1.8918151477916716,0.3475093680016265,-1.081414764790994,0;0;-1.08141476479;0.347509368002;0;0;0;0;0;0;0;0,63175.15815111727,0.006,238,0.0001,13.812064451915552,,0.0007313894878878336,0.2662794999998823,ok,same_stridge_core,Hx;D_x^1.891815 H,0.018000000000000002,1.1770328216920967
0.699548750887782,1.6059148171681894,0.1800982081519267,-1.1975830431629926,0;0;-1.19758304316;0.180098208152;0;0;0;0;0;0;0;0,54279.76158906652,0.006,239,0.0001,12.179509586625947,,0.0009411120580291309,0.3747777999999471,ok,same_stridge_core,Hx;D_x^1.605915 H,0.072,1.3235572688126425
0.5376539483933769,1.5364745625660905,1.073617149234735,-2.049374926191008,0;0;-2.04937492619;1.07361714923;-0.838180387068;0;0;-0.335396933448;0;0;0;0,55896.68232458752,0.006,240,0.0001,26.882637160006638,,0.010379919335172062,0.3850517000000764,ok,same_stridge_core,Hx;D_x^1.536475 H;Hxxx;H*Hxx,0.15000000000000005,4.52396423017163
0.7245487642595319,1.551776679538482,0.19878785988063732,-1.140916516680442,0;0;-1.14091651668;0.198787859881;0.941786216081;0;0;0;-0.131466711531;0;0;0,55538.34245439878,0.006,241,0.0001,23.233151757123704,,0.000542277998655499,0.1310768000000735,ok,same_stridge_core,Hx;D_x^1.551777 H;Hxxx;H*Hxxx,0.012,1.0178147753641904
0.5439605838108974,1.4501408483089475,1.0331047827215278,-2.158692965888158,0;0;-2.15869296589;1.03310478272;0;0;0;-0.943669797263;-0.104904402511;0;0.0710286736712;0,57756.71002364461,0.006,242,0.0001,32.015521414242826,,0.004836687036575303,0.15032559999986006,ok,same_stridge_core,Hx;D_x^1.450141 H;H*Hxx;H*Hxxx;H^2*Hxx,0.04263492063492067,3.1371664024205153
0.635861281199982,1.348216204810367,0.48840924632513893,-1.6911440258390564,0;0;-1.69114402584;0.488409246325;0;0;0;-0.162633048454;-0.20162813791;0;0;0,59492.80925027727,0.006,243,0.0001,25.271333644540622,,0.0010991217191784043,0.3893993000001501,ok,same_stridge_core,Hx;D_x^1.348216 H;H*Hxx;H*Hxxx,0.023329758289280616,1.474209944429714
0.8694873130429859,1.5622358968625116,0.0,-0.7471007851066503,0;0;-0.747100785107;0;0;0;0;0.0932497909425;0;0;0;0,55291.477412469074,0.006,244,0.0001,12.940685058847752,,0.0018058373973476839,0.2868602999999439,ok,same_stridge_core,Hx;H*Hxx,0.047999999999999994,1.8823895763539369
0.5172528260921052,1.5345664005972428,1.4213657532113262,-2.242668739569314,0;0;-2.24266873957;1.42136575321;0.218529921539;0;0;-1.35480047397;0;0;0.110605431521;0,55940.99417016069,0.006,245,0.0001,31.919630194500815,,0.007637132620786444,0.39560499999993226,ok,same_stridge_core,Hx;D_x^1.534566 H;Hxxx;H*Hxx;H^2*Hxx,0.06676923076923082,3.949133109420471
0.9195796824089457,1.4616285886644866,-0.07113347362977045,-0.6202441091295007,0;0;-0.62024410913;-0.0711334736298;0;0;0;0.122964217534;0;0;0;0,57529.177879026705,0.006,246,0.0001,19.436885322400958,,0.0024122989086114792,0.2797027999999955,ok,same_stridge_core,Hx;D_x^1.461629 H;H*Hxx,0.03480000000000001,2.178131958692944
0.6319415576791263,1.621725195029657,0.9554247753895773,-1.5641290288647614,0;0;-1.56412902886;0.95542477539;0.530567304616;0;0;-0.615263358432;0;0;0.0487938920292;0,53942.86242909384,0.006,247,0.0001,28.859927989999083,,0.0017595128500178308,0.3882346000000325,ok,same_stridge_core,Hx;D_x^1.621725 H;Hxxx;H*Hxx;H^2*Hxx,0.0330676691729323,1.88849677545216
0.698970448449175,1.2983782462724496,0.23272295268641968,-1.3508869357144873,0;0;-1.35088693571;0.232722952686;0;0;0;-0.0484529989378;-0.115696806861;0;0;0,60173.87636264642,0.006,248,0.0001,25.090213485346442,,0.000542207344178342,0.3877469999999903,ok,same_stridge_core,Hx;D_x^1.298378 H;H*Hxx;H*Hxxx,0.024,1.020662940287874
0.5477424941105156,1.9868630966969223,-0.5063527894126362,-1.678060661200606,0;0;-1.6780606612;-0.506352789413;-0.537261194387;0;0;0;0;0;0;0,64329.58230306718,0.006,249,0.0001,23.987957484449772,,0.011696950458225948,0.3851799999999912,ok,same_stridge_core,Hx;D_x^1.986863 H;Hxxx,0.0790909090909091,4.689082793529614
0.5928899975081904,1.5811920399868187,1.0809066464646462,-1.7764463592425837,0;0;-1.77644635924;1.08090664646;0.4417444045;0;0;-0.832387869816;0;0;0.0668905544664;0,54844.86128434464,0.006,250,0.0001,29.897230383704475,,0.003009646288835492,0.4044898000001922,ok,same_stridge_core,Hx;D_x^1.581192 H;Hxxx;H*Hxx;H^2*Hxx,0.04939285714285709,2.474799741532154
0.7637983306157864,1.61291506243571,0.2825350275569638,-1.0498115454387202,0;0;-1.04981154544;0.282535027557;0;0;0;0;0;0;0;0,54127.34454278448,0.006,251,0.0001,11.816000270803782,,0.0004999415432489958,0.377733199999966,ok,same_stridge_core,Hx;D_x^1.612915 H,0.029321359449326418,0.9905313622468859
0.7472045798442472,1.5715508111103673,0.2443253236777722,-1.0938341464816894,0;0;-1.09383414648;0.244325323678;0;0;0;0;0;0;0;0,55071.47992563986,0.006,252,0.0001,11.981818486178291,,0.00048134979278558604,0.3772366000000602,ok,same_stridge_core,Hx;D_x^1.571551 H,0.02928879699591774,0.9675225010503187
0.5095181250185706,1.34991039073757,1.885349693026651,-2.488106896863123,0.116653943995;0;-2.48810689686;1.88534969303;0;0;-0.0954358916384;-0.65731451167;-0.740917546439;0;0;0,59467.86917290312,0.006,253,0.0001,38.94913111868953,,0.005144305922358054,0.4146680999999717,ok,same_stridge_core,1;Hx;D_x^1.34991 H;H*Hx;H*Hxx;H*Hxxx,0.036,3.268409614947648
0.7282266059937015,1.5542448594103084,0.21277507337556098,-1.1389703440943582,0;0;-1.13897034409;0.212775073376;0;0;0;0;0;0;0;0,55480.170920766934,0.006,254,0.0001,12.112576251189715,,0.0005405450576402881,0.3778262000000723,ok,same_stridge_core,Hx;D_x^1.554245 H,0.036,1.0165420670363283
0.841282892409836,1.6411465612363223,0.0,-0.8066274411903511,0;0;-0.80662744119;0;0;0;0;0.0863501440818;0;0;0;0,53576.2491113095,0.006,255,0.0001,12.41193453169535,,0.0014606531044951076,0.3899347999999918,ok,same_stridge_core,Hx;H*Hxx,0.041219215686274506,1.696684709433448
0.7706266393844357,1.462354202070089,0.23373275793658546,-1.064843622046054,0;0;-1.06484362205;0.233732757937;0;0;0;0;0;0;0;0,57514.58337969762,0.006,256,0.0001,12.645955263325352,,0.0006727719093576538,0.4019326000000092,ok,same_stridge_core,Hx;D_x^1.462354 H,0.024,1.1430385873858269
0.8795850584361302,1.61291506243571,0.0,-0.7265547554806852,0;0;-0.726554755481;0;0;0;0;0.0955101374449;0;0;0;0,54127.34454278448,0.006,257,0.0001,12.771966649959365,,0.0019340272993783895,0.03849560000003294,ok,same_stridge_core,Hx;H*Hxx,0.047999999999999994,1.9464977414024691
0.5318932054180133,1.6134488970647012,3.8715275814504704,-0.9641492822624146,0;0;-0.964149282262;3.87152758145;-0.497270152764;0;-0.68517137378;-2.04695196477;-4.03344561712;0.0547328118244;0.133596282028;0.48145443074,54115.9153253893,0.006,258,0.0001,51.4151260676081,,0.0038659004802800013,0.37751699999989796,ok,same_stridge_core,Hx;D_x^1.613449 H;Hxxx;H*Hx;H*Hxx;H*Hxxx;H^2*Hx;H^2*Hxx;H^2*Hxxx,0.012,2.710802274757717
0.7479872140757478,1.551776679538482,0.23878667985998692,-1.0957146660901205,0;0;-1.09571466609;0.23878667986;0;0;0;0;0;0;0;0,55538.34245439878,0.006,259,0.0001,12.078244391145544,,0.0004840446627471286,0.1534342000002198,ok,same_stridge_core,Hx;D_x^1.551777 H,0.024,0.9705759002657874
0.6528090294856067,1.502326971101722,0.6105629300500233,-1.530752473561054,0;0;-1.53075247356;0.61056293005;-0.508050425861;0;0;-0.150551851122;0;0;0;0,56671.24317833624,0.006,260,0.0001,24.275151009523547,,0.001288804869536587,0.39372709999997824,ok,same_stridge_core,Hx;D_x^1.502327 H;Hxxx;H*Hxx,0.024,1.6066537381890487
0.6940960656500199,1.3026144219761622,0.2500608574189196,-1.3763120466581729,0;0;-1.37631204666;0.250060857419;0;0;0;-0.0565301400513;-0.122521195842;0;0;0,60119.77386082453,0.006,261,0.0001,25.070117394846825,,0.0005435559569362096,0.39081340000007003,ok,same_stridge_core,Hx;D_x^1.302614 H;H*Hxx;H*Hxxx,0.035347063664972166,1.0222078505170131
0.6565202079540244,1.1339813603465208,0.07278441402827845,-1.356366090516747,0;0;-1.35636609052;0.0727844140283;0;0;0;0;0;0;0;0,61827.56076937884,0.006,262,0.0001,14.24866693481332,,0.0018867982662778542,0.13703160000000025,ok,same_stridge_core,Hx;D_x^1.133981 H,0.03,1.8831547809375524
0.559557029201879,1.7308707588466574,0.49419778861874036,-1.6620505785709854,0;0;-1.66205057857;0.494197788619;0;0;0;-0.137060218516;0;0;0;0,53582.32855150617,0.006,263,0.0001,20.506070881523364,,0.01039760871240368,0.4046527000000424,ok,same_stridge_core,Hx;D_x^1.730871 H;H*Hxx,0.08468952380952385,4.431372316071511
0.5689806266521565,1.5154924273272625,1.0629269406559816,-1.9575648036696858,0;0;-1.95756480367;1.06292694066;0;0;0;-0.906728161533;0;0;0.0713264823086;0,56377.69905163078,0.006,264,0.0001,25.34061385285453,,0.0038131340908398124,0.16776600000002873,ok,same_stridge_core,Hx;D_x^1.515492 H;H*Hxx;H^2*Hxx,0.05188235294117643,2.789534232202219
0.6603333101647205,1.5151311201693318,0.5922663522184117,-1.4877972175022465,0;0;-1.4877972175;0.592266352218;-0.416447448962;0;0;-0.138634355414;0;0;0;0,56385.84775699363,0.006,265,0.0001,24.065865796434665,,0.0011422972142103298,0.3779369000001225,ok,same_stridge_core,Hx;D_x^1.515131 H;Hxxx;H*Hxx,0.10200000000000002,1.5115266936372134
0.8197627421961455,1.0794720457250162,0.0,-0.8542251101690493,0;0;-0.854225110169;0;0;0;0;0.0804797330099;0;0;0;0,62219.889605859426,0.006,266,0.0001,13.999238491653763,,0.0012241137033296217,0.3893934000000172,ok,same_stridge_core,Hx;H*Hxx,0.04128108412595807,1.555260570481878
0.625165518094158,1.737894611998779,0.7744726002156241,-1.579226682052732,-0.0218266879597;0;-1.57922668205;0.774472600216;1.15550239743;0;0.018308243352;-0.607851762682;-0.0592602939301;0;0.054207671413;0,53781.0261556564,0.006,267,0.0001,45.111503344459734,,0.002201724396672649,0.3752727999999479,ok,same_stridge_core,1;Hx;D_x^1.737895 H;Hxxx;H*Hx;H*Hxx;H*Hxxx;H^2*Hxx,0.018000000000000002,2.086682419934607
0.7234902952845387,1.6115010502010392,0.49149284476197797,-1.2023654981317027,0;0;-1.20236549813;0.491492844762;0;0;0;-0.0649410764311;0;0;0;0,54157.75692691818,0.006,268,0.0001,17.17458596046114,,0.0004294277403153161,0.38824179999983244,ok,same_stridge_core,Hx;D_x^1.611501 H;H*Hxx,0.03,0.9272588823856862
0.5150819179360129,1.3491492348804512,1.8219616778760228,-2.4497732613487213,0.112954486333;0;-2.44977326135;1.82196167788;0;0;-0.091306816874;-0.633399932082;-0.713549208675;0;0;0,59479.08855507541,0.006,269,0.0001,38.83795563854158,,0.004781182310760075,0.4007435999999416,ok,same_stridge_core,1;Hx;D_x^1.349149 H;H*Hx;H*Hxx;H*Hxxx,0.036,3.1505025054963296
0.7543093557491622,1.4758682392675742,0.22160239419006325,-1.0961744143900138,0;0;-1.09617441439;0.22160239419;0;0;0;0;0;0;0;0,57238.023965141074,0.006,270,0.0001,12.473529445655672,,0.0005397737523110208,0.28003279999984443,ok,same_stridge_core,Hx;D_x^1.475868 H,0.03524397759103641,1.0259246526274566
0.3684716123105879,1.4251104925301916,1.9438365654103595,-3.398522076701818,0;0;-3.3985220767;1.94383656541;0;0;0;-2.59777271549;0;0;0.218332696275;0,58229.54196110238,0.006,271,0.0001,31.40805280783527,,0.03198099399556923,0.3919573999999102,ok,same_stridge_core,Hx;D_x^1.42511 H;H*Hxx;H^2*Hxx,0.10653333333333335,8.116236023394315
0.6230652179934497,1.7828985399615336,0.0,-1.3594398216098806,0;0;-1.35943982161;0;5.12040940923;0;0;0;-0.716528259669;0;0;0,55938.853642131224,0.006,272,0.0001,19.329708605502876,,0.003560748322589802,0.3775461999998697,ok,same_stridge_core,Hx;Hxxx;H*Hxxx,0.05999999999999999,2.548052512863508
0.8102911869833744,1.7784985843739038,0.445044810958188,-0.914470697769529,0;0;-0.91447069777;0.445044810958;0;0;0;0;0;0;0;0,55664.8417534497,0.006,273,0.0001,12.31551129019332,,0.0007041884044256754,0.3711608000000979,ok,same_stridge_core,Hx;D_x^1.778499 H,0.047999999999999994,1.1825429395033789
0.6280202500468043,1.8529694015338014,0.0,-1.34684597884702,0;0;-1.34684597885;0;5.00181240576;0;0;0;-0.706085465054;0;0;0,60989.541324412334,0.006,274,0.0001,20.73404179778114,,0.003256679243352235,0.4089622999999847,ok,same_stridge_core,Hx;Hxxx;H*Hxxx,0.0426176470588235,2.437179400457439
0.5847140980366947,1.7243141583426804,1.2690530720432538,-1.7122451606850464,0;0;-1.71224516069;1.26905307204;0;0;0;-0.911987353468;0;0;0.0764837818572;0,53429.93795008608,0.006,275,0.0001,24.438375686466173,,0.004795649208853741,0.3873211000000083,ok,same_stridge_core,Hx;D_x^1.724314 H;H*Hxx;H^2*Hxx,0.036,3.0664005064317403
0.9195796824089457,1.6281782359703256,0.4531651543435905,-0.7443101045677107,0;0;-0.744310104568;0.453165154344;0;0;0;0;0;0;0;0,53814.134124686825,0.006,276,0.0001,12.893429943984856,,0.0024033949122324117,0.2872545000000173,ok,same_stridge_core,Hx;D_x^1.628178 H,0.05999999999999999,2.1306031190474917
0.7465380926102609,1.4380415873081631,0.20177328297777103,-1.1193527409341035,0;0;-1.11935274093;0.201773282978;0;0;0;0;0;0;0;0,57989.19144817511,0.006,277,0.0001,12.627439524701929,,0.000543661063341025,0.2792587999999796,ok,same_stridge_core,Hx;D_x^1.438042 H,0.036,1.0296012350669066
0.7009167094301687,1.4682980181223106,0.40220375182302087,-1.330098114697263,0;0;-1.3300981147;0.402203751823;0.165530559659;0;0;-0.0775904277822;-0.0855894932791;0;0;0,57394.054901143914,0.006,278,0.0001,29.650166616916604,,0.0004608617812184567,0.3778698999999506,ok,same_stridge_core,Hx;D_x^1.468298 H;Hxxx;H*Hxx;H*Hxxx,0.02119999999999999,0.9531391663446463
0.6648963892561497,1.1021304308488797,0.09046705033143537,-1.5048137942633417,0;0;-1.50481379426;0.0904670503314;0;0;0.0266003740713;0;0;0;0;0,62064.63936887832,0.006,279,0.0001,19.964744011686623,,0.0009723976324406291,0.28328609999994114,ok,same_stridge_core,Hx;D_x^1.10213 H;H*Hx,0.024,1.3453522010231243
0.8803040524592247,1.2991408773131043,0.0,-0.7579725320823814,0;0;-0.757972532082;0;0;0;0;0;0;0;0;0,60164.185760746266,0.006,280,0.0001,10.214021635690719,,0.009131993944419891,0.39072590000000673,ok,same_stridge_core,Hx,0.15000000000000005,4.197603059616092
0.6014220955778806,1.510287310966593,0.8752959542722804,-1.7852196552606778,0;0;-1.78521965526;0.875295954272;0.190200121616;0;0;-0.656563353019;-0.0504992708644;0;0.0492581515416;0,56494.59911215573,0.006,281,0.0001,36.085421640765034,,0.002358952849632989,0.38263199999983044,ok,same_stridge_core,Hx;D_x^1.510287 H;Hxxx;H*Hxx;H*Hxxx;H^2*Hxx,0.02664155844155845,2.1886621734715925
0.7125075143473403,1.5581073743980578,0.44476066437737266,-1.2495580315045676,0;0;-1.2495580315;0.444760664377;0.78411559592;0;0;-0.0694306591921;-0.130843308197;0;0;0,55389.01224132734,0.006,282,0.0001,28.62128482438614,,0.00043376902334291443,0.3883906000000934,ok,same_stridge_core,Hx;D_x^1.558107 H;Hxxx;H*Hxx;H*Hxxx,0.018000000000000002,0.92677870372247
0.6675069249406593,1.5928791303794185,0.5422714956718652,-1.3774990610337137,0;0;-1.37749906103;0.542271495672;2.61494527991;0;0;-0.111974282392;-0.390786103661;0;0;0,54573.75216304851,0.006,283,0.0001,28.696454304319662,,0.0010345884884987518,0.3824425999998766,ok,same_stridge_core,Hx;D_x^1.592879 H;Hxxx;H*Hxx;H*Hxxx,0.07461538461538468,1.4095782227954046
0.6467629313456681,1.3422183360420565,0.44205626297408995,-1.6304252945976636,0;0;-1.6304252946;0.442056262974;0;0;0;-0.141920135071;-0.186157975256;0;0;0,59580.11866295479,0.006,284,0.0001,25.162274037105238,,0.0008992477465666993,0.14029260000006616,ok,same_stridge_core,Hx;D_x^1.342218 H;H*Hxx;H*Hxxx,0.04718619047619049,1.3302265719233213
0.5279033687642084,1.4045712829754653,1.0465239401023778,-2.334465610625622,0;0;-2.33446561063;1.0465239401;0;0;0;-0.400059288876;-0.356186600596;0;0;0,58594.28488650157,0.006,285,0.0001,27.361997767355668,,0.00770819373287179,0.40687849999994796,ok,same_stridge_core,Hx;D_x^1.404571 H;H*Hxx;H*Hxxx,0.14400000000000004,3.9242838127550406
0.5649608989917768,1.776567845101958,-0.19421906300843783,-1.5642639055538115,0;0;-1.56426390555;-0.194219063008;0;0;0;0;0;0;0;0,55548.38562707606,0.006,286,0.0001,15.462712972405852,,0.010156000474265726,0.3967307999998866,ok,same_stridge_core,Hx;D_x^1.776568 H,0.10142857142857145,4.35303584699064
0.839425670992708,1.7292937469296656,0.45093002100587665,-0.8655707127354473,0;0;-0.865570712735;0.450930021006;0;0;0;0;0;0;0;0,53542.79916910982,0.006,287,0.0001,12.12783828672158,,0.0010300008084416221,0.40297949999990124,ok,same_stridge_core,Hx;D_x^1.729294 H,0.047999999999999994,1.4192784528996158
0.6552623545093131,1.2735151047668163,0.08479042027803183,-1.344280209708103,0;0;-1.34428020971;0.084790420278;0;0;0;0;0;0;0;0,60478.195209439196,0.006,288,0.0001,14.034499190650068,,0.002030192575746846,0.37770739999996295,ok,same_stridge_core,Hx;D_x^1.273515 H,0.05399999999999999,1.93886014876223
0.5959803282182639,1.6790882988188518,0.6657015532102323,-1.584202945670432,0;0;-1.58420294567;0.66570155321;0;0;0;-0.156345293264;0;0;0;0,53126.65919090109,0.006,289,0.0001,19.260449100870122,,0.005788401030714549,0.4024337999999261,ok,same_stridge_core,Hx;D_x^1.679088 H;H*Hxx,0.06579552299552302,3.3224513435997958
0.8769657868339664,1.6518806836191209,0.0,-0.7318460904243949,0;0;-0.731846090424;0;0;0;0;0.0949341804705;0;0;0;0,53405.87712134135,0.006,290,0.0001,12.611215151792297,,0.0019006763011098708,0.2803625000001375,ok,same_stridge_core,Hx;H*Hxx,0.047999999999999994,1.930039727524028
0.5666134419756949,1.3329436910466586,0.7369863282895118,-2.131534645788286,0;0;-2.13153464579;0.73698632829;0;0;0;-0.297804956634;-0.353232616804;0;0;0,59712.16016542373,0.006,291,0.0001,26.52498657217159,,0.0034903410287082074,0.39564150000001064,ok,same_stridge_core,Hx;D_x^1.332944 H;H*Hxx;H*Hxxx,0.053908072174738815,2.6401225060020943
0.9050184816859832,1.6325986263480379,0.0,-0.6765412640462438,0;0;-0.676541264046;0;0;0;0;0.100735069137;0;0;0;0,53729.649964655466,0.006,292,0.0001,12.844827602072652,,0.0022573643003473993,0.28380270000002383,ok,same_stridge_core,Hx;H*Hxx,0.05385190315856982,2.0988976091415585
0.694069662027664,1.7093440453446438,0.5633239610817351,-1.2507053718275982,0;0;-1.25070537183;0.563323961082;0;0;0;-0.0774838323177;0;0;0;0,53194.75577786806,0.006,293,0.0001,17.305737587475857,,0.0009415052823091067,0.2929251000000477,ok,same_stridge_core,Hx;D_x^1.709344 H;H*Hxx,0.03590368816368817,1.3473108541154375
0.8934394412318951,1.5154924273272625,0.0,-0.6990060955125447,0;0;-0.699006095513;0;0;0;0;0.0984380018048;0;0;0;0,56377.69905163078,0.006,294,0.0001,13.306824264092283,,0.002110676325761336,0.15796769999997196,ok,same_stridge_core,Hx;H*Hxx,0.04874999999999999,2.0312844537661268
0.5648297136114228,1.2776139102794997,0.6413924095806981,-2.1641424776663905,0;0;-2.16414247767;0.641392409581;0;0;0;-0.283941358911;-0.407572516377;0;0;0,60429.543817394915,0.006,295,0.0001,26.680121380579905,,0.0031609350262920026,0.4304142999999385,ok,same_stridge_core,Hx;D_x^1.277614 H;H*Hxx;H*Hxxx,0.053971922595922595,2.50830385362194
0.6665059136469375,1.0794720457250162,0.06929930812592681,-1.3352135675068775,0;0;-1.33521356751;0.0692993081259;0;0;0;0;0;0;0;0,62219.889605859426,0.006,296,0.0001,14.17315159948008,,0.0015593947357868917,0.14373750000004293,ok,same_stridge_core,Hx;D_x^1.079472 H,0.047544074074074086,1.729173678308195
0.5649608989917768,1.776567845101958,-0.3007237108638872,-1.53837274729501,0;0;-1.5383727473;-0.300723710864;7.88081388404;0;0;0;-1.17402200679;0;0;0,55548.38562707606,0.006,297,0.0001,26.0946319288879,,0.008182601849992078,0.04226010000002134,ok,same_stridge_core,Hx;D_x^1.776568 H;Hxxx;H*Hxxx,0.078,3.875277678057474
0.5432136629740453,1.8091954727449355,0.0,-2.210008084345636,-0.0295400059466;0;-2.21000808435;0;10.6578659041;0;0.106690356938;-1.28924730907;-3.39991304525;0;0.154947462854;0.332829098265,57773.244258278966,0.006,298,0.0001,49.72951731023887,,0.006510261177736987,0.40059260000020913,ok,same_stridge_core,1;Hx;Hxxx;H*Hx;H*Hxx;H*Hxxx;H^2*Hxx;H^2*Hxxx,0.030631578947368416,3.5109219036156913
0.7377256930882466,1.4489199743489425,0.19171862440246554,-1.1416492845219794,0;0;-1.14164928452;0.191718624402;-0.161328833316;0;0;0;0;0;0;0,57780.50242821712,0.006,299,0.0001,18.326126279676075,,0.000509718731144138,0.41424430000006396,ok,same_stridge_core,Hx;D_x^1.44892 H;Hxxx,0.024,0.9919755512109381
0.7868506663372274,1.1060565213658229,0.0,-0.930808210873109,0;0;-0.930808210873;0;0;0;0;0.0704268506962;0;0;0;0,62036.63281073017,0.006,300,0.0001,13.774982973329173,,0.0009475832369509522,0.3883882000000085,ok,same_stridge_core,Hx;H*Hxx,0.023659901034637873,1.3676564111831395
0.5804230486306774,1.418425872739762,1.4765796439469714,-1.9292668880657264,0.0553538022442;0;-1.92926688807;1.47657964395;0;0;-0.0701484702552;-0.465194762195;-0.469311323025;0;0;0,58350.52672600454,0.006,301,0.0001,37.24688978851806,,0.00241306173094973,0.40329369999994924,ok,same_stridge_core,1;Hx;D_x^1.418426 H;H*Hx;H*Hxx;H*Hxxx,0.03,2.236573752915336
0.7137527052178994,1.2611515052505469,0.12787912817142702,-1.214789250340215,0;0;-1.21478925034;0.127879128171;0;0;0;0;0;0;0;0,60621.43758081957,0.006,302,0.0001,13.321244559632914,,0.0007286406445018613,0.36753790000011577,ok,same_stridge_core,Hx;D_x^1.261152 H,0.06182142857142856,1.196957043469001
0.814346526455483,1.7145768026216033,0.40671767900327666,-0.9204808341583776,0;0;-0.920480834158;0.406717679003;0;0;0;0;0;0;0;0,53259.877888113064,0.006,303,0.0001,11.89589322551141,,0.0007858108527713319,0.3019463000000542,ok,same_stridge_core,Hx;D_x^1.714577 H,0.04137929978518213,1.2439176478887963
0.8694873130429859,1.5348648775854834,0.10769022449691192,-0.7803716745844564,0;0;-0.780371674584;0.107690224497;0;0;0;0.0661470523341;0;0;0;0,55934.069102122754,0.006,304,0.0001,18.631674451068875,,0.0017671069982452708,0.2987530999998853,ok,same_stridge_core,Hx;D_x^1.534865 H;H*Hxx,0.047999999999999994,1.8514537204320474
0.5776113299991178,1.3871575147706061,0.7800613615549021,-2.023570749022143,0;0;-2.02357074902;0.780061361555;0;0;0;-0.284884147886;-0.277128623778;0;0;0,58887.53933143202,0.006,305,0.0001,26.176859538392147,,0.0034388238920166044,0.39297820000001593,ok,same_stridge_core,Hx;D_x^1.387158 H;H*Hxx;H*Hxxx,0.043333333333333356,2.62184380581934
0.9195796824089457,1.5591162184757812,-0.10148089154090302,-0.620692644071542,0;0;-0.620692644072;-0.101480891541;0;0;0;0.578346192115;-0.0931466488978;0;-0.0546813549156;0,55365.185695110915,0.006,306,0.0001,29.221184294019114,,0.0011506361287908463,0.2942786999999498,ok,same_stridge_core,Hx;D_x^1.559116 H;H*Hxx;H*Hxxx;H^2*Hxx,0.03968421052631578,1.5385914464636545
0.5321043105640355,1.576732006576541,3.3134151193354455,-1.0675047367295205,0;0;-1.06750473673;3.31341511934;-4.44467287327;0;-0.657443979166;-1.79178433032;-2.879173104;0.0528948869806;0.11274331778;0.38929067399,54949.47172937728,0.006,307,0.0001,52.104861681967485,,0.0036951151552299206,0.3809318999999505,ok,same_stridge_core,Hx;D_x^1.576732 H;Hxxx;H*Hx;H*Hxx;H*Hxxx;H^2*Hx;H^2*Hxx;H^2*Hxxx,0.018000000000000002,2.650337125527927
0.6293418573324951,1.5418776009669997,0.809296131857379,-1.6284727708266968,0;0;-1.62847277083;0.809296131857;0.0396776141606;0;0;-0.53489676839;0;0;0.0399983103574;0,55770.710180614864,0.006,308,0.0001,29.69094236763594,,0.001606134118940225,0.3703375000000051,ok,same_stridge_core,Hx;D_x^1.541878 H;Hxxx;H*Hxx;H^2*Hxx,0.02619047619047616,1.8055872773285107
0.7609834489447227,1.4151403582562936,0.20841017605738313,-1.0933949525888547,0;0;-1.09339495259;0.208410176057;0;0;0;0;0;0;0;0,58409.18187261147,0.006,309,0.0001,12.819427226994591,,0.0006647651987934069,0.383653699999968,ok,same_stridge_core,Hx;D_x^1.41514 H,0.05317662978996314,1.1375908524722966
0.8803040524592247,1.400838774616973,-0.06478299196278776,-0.6929937892460896,0;0;-0.692993789246;-0.0647829919628;0;0;0;0.114676347733;0;0;0;0,58658.36011570994,0.006,310,0.0001,19.542774954175925,,0.0019104427756665063,0.2972408999999061,ok,same_stridge_core,Hx;D_x^1.400839 H;H*Hxx,0.03,1.9452669194629433
0.8327410640328399,1.5698214636577594,0.34239905759113753,-0.9178580286045952,0;0;-0.917858028605;0.342399057591;0;0;0;0;0;0;0;0,55112.28219282598,0.006,311,0.0001,12.570600191457885,,0.0012518881087751857,0.4043693000000985,ok,same_stridge_core,Hx;D_x^1.569821 H,0.036,1.5481437528926882
0.6739836364926297,1.4113358245874228,0.4330443218114464,-1.4717041365953258,0;0;-1.4717041366;0.433044321811;0;0;0;-0.110140662693;-0.113855318211;0;0;0,58476.44091539549,0.006,312,0.0001,24.503900728305535,,0.0006284012275118076,0.39994469999987814,ok,same_stridge_core,Hx;D_x^1.411336 H;H*Hxx;H*Hxxx,0.03733069622910893,1.1133243621473374
0.6218884196235438,1.536248116265976,0.8351171833375473,-1.6681979671840304,0;0;-1.66819796718;0.835117183338;0.01768621528;0;0;-0.574454170295;0;0;0.0432482474118;0,55901.94679339269,0.006,313,0.0001,29.85972095862629,,0.0017935248354842726,0.139810000000125,ok,same_stridge_core,Hx;D_x^1.536248 H;Hxxx;H*Hxx;H^2*Hxx,0.028285714285714254,1.9087475619299417
0.7764950681031986,1.588525066411483,0.28922684831676954,-1.027408959640073,0;0;-1.02740895964;0.289226848317;0;0;0;0;0;0;0;0,54674.12343779182,0.006,314,0.0001,11.996885960631209,,0.0005756263977079684,0.27243380000004436,ok,same_stridge_core,Hx;D_x^1.588525 H,0.029288819236712085,1.0620612730728447
0.715670066102873,1.6411465612363223,0.5281969358573388,-1.2166678724216482,0;0;-1.21666787242;0.528196935857;0;0;0;-0.0717994566853;0;0;0;0,53576.2491113095,0.006,315,0.0001,17.078094101790413,,0.0005077195000687218,0.1422640999999203,ok,same_stridge_core,Hx;D_x^1.641147 H;H*Hxx,0.02956773129404708,1.0052193683975614
0.7706266393844357,1.488976748348607,0.24337399542415664,-1.059662795465841,0;0;-1.05966279547;0.243373995424;0;0;0;0;0;0;0;0,56961.28472972278,0.006,316,0.0001,12.502002977521194,,0.0006331299731977438,0.2723330999999689,ok,same_stridge_core,Hx;D_x^1.488977 H,0.023454054850412746,1.1097460315766383
0.6147578562221102,1.8778190018538718,-0.12480692152794999,-1.3954147947747724,0;0;-1.39541479477;-0.124806921528;5.65579806115;0;0;0;-0.833738732534;0;0;0,62500.34257226897,0.006,317,0.0001,27.683269000063074,,0.0039277790937348265,0.4077889000000141,ok,same_stridge_core,Hx;D_x^1.877819 H;Hxxx;H*Hxxx,0.05932893772893775,2.6831319711554835
0.6343718361015415,1.6856405687907545,1.099232558286701,-1.5119529272997227,0;0;-1.5119529273;1.09923255829;0.862351987623;0;0;-0.676079075893;0;0;0.0552725167857;0,53101.83354837186,0.006,318,0.0001,28.49884310048926,,0.0018807337666305025,0.4042067999998835,ok,same_stridge_core,Hx;D_x^1.685641 H;Hxxx;H*Hxx;H^2*Hxx,0.041999999999999996,1.9479263263033288
0.664640528332069,1.604744965573969,0.5502672120045261,-1.3792077599832813,0;0;-1.37920775998;0.550267212005;2.86003796556;0;0;-0.113475298692;-0.422027914518;0;0;0,54305.65433311238,0.006,319,0.0001,28.619404728792052,,0.0011247462423915376,0.39109770000004573,ok,same_stridge_core,Hx;D_x^1.604745 H;Hxxx;H*Hxx;H*Hxxx,0.018000000000000002,1.4665775622358572
0.48002920897025453,1.022521899032092,0.5460666110653489,-3.022788777737276,0;0;-3.02278877774;0.546066611065;-9.27598215178;0;0;-0.389796816808;0.210667228325;0;0;0,62565.30387844648,0.006,320,0.0001,35.26269896321157,,0.007832160820628627,0.13514490000011392,ok,same_stridge_core,Hx;D_x^1.022522 H;Hxxx;H*Hxx;H*Hxxx,0.13400000000000004,3.980047023988328
0.7432082273634953,1.6313743203993392,0.2591507803174247,-1.0921058922419555,0;0;-1.09210589224;0.259150780317;0;0;0;0;0;0;0;0,53752.72434604981,0.006,321,0.0001,11.727881410302631,,0.0004934595505251279,0.374456999999893,ok,same_stridge_core,Hx;D_x^1.631374 H,0.02346315789473684,0.9773365410926685
0.44343816197327934,1.5271785695870548,4.848876140874222,-3.631018210159841,-0.438114781172;0.125038342573;-3.63101821016;4.84887614087;0;0;0;-2.10705893102;-1.52394646525;0;0.137535446899;0.187416297743,56111.56825416851,0.006,322,0.0001,49.640526203723766,,0.01110053674439934,0.39450859999988097,ok,same_stridge_core,1;H;Hx;D_x^1.527179 H;H*Hxx;H*Hxxx;H^2*Hxx;H^2*Hxxx,0.05141176470588232,4.751271600388951
0.7757516469383303,1.561375824856658,0.2769959747891924,-1.034502588040489,0;0;-1.03450258804;0.276995974789;0;0;0;0;0;0;0;0,55311.8002415883,0.006,323,0.0001,12.13857663271677,,0.0005926165521848625,0.4100826000001234,ok,same_stridge_core,Hx;D_x^1.561376 H,0.054799999999999995,1.0762165843991098
0.7523369757312481,1.4376756002727025,0.2074622662710852,-1.107260947376386,0;0;-1.10726094738;0.207462266271;0;0;0;0;0;0;0;0,57996.10893603141,0.006,324,0.0001,12.653502118873623,,0.0005698984963853391,0.27254569999990963,ok,same_stridge_core,Hx;D_x^1.437676 H,0.029288799424403142,1.054280331667341
0.7387562620695078,1.805886149252614,0.32341461859190523,-1.0736495696995019,0;0;-1.0736495697;0.323414618592;0;0;0;0;0;0;0;0,57528.70814003436,0.006,325,0.0001,12.577121552038554,,0.0005995336164269968,0.2696215000000848,ok,same_stridge_core,Hx;D_x^1.805886 H,0.05182499999999997,1.071379924031682
0.4760653266584948,1.0794720457250162,0.6883331499123295,-3.1201954774452023,0;0;-3.12019547745;0.688333149912;-9.80945122004;0;0;-0.441106562598;0.276818731532;0;0;0,62219.889605859426,0.006,326,0.0001,35.05954863282757,,0.007718985805968178,0.14590380000004188,ok,same_stridge_core,Hx;D_x^1.079472 H;Hxxx;H*Hxx;H*Hxxx,0.15000000000000005,3.949603829897859
0.53065289273289,1.8609962519665086,0.0,-1.6492882884678033,0;0;-1.64928828847;0;0.871497726869;0;0;0;0;0;0;0,61516.59662873216,0.006,327,0.0001,18.116096343116467,,0.018169082555281088,0.40800130000002355,ok,same_stridge_core,Hx;Hxxx,0.13200000000000003,5.812777017370035
0.7493550338336534,1.2582941572099315,0.14953986966681013,-1.1400034769227267,0;0;-1.14000347692;0.149539869667;0;0;0;0;0;0;0;0,60653.805216336885,0.006,328,0.0001,13.48989934267667,,0.0009362884362305508,0.3863307999999961,ok,same_stridge_core,Hx;D_x^1.258294 H,0.03,1.3591382994092942
0.699548750887782,1.534422089358468,0.4523510499337508,-1.3035444397708795,0;0;-1.30354443977;0.452351049934;0.912791477936;0;0;-0.0816542961541;-0.162518507701;0;0;0,55944.34146774204,0.006,329,0.0001,28.965647228466036,,0.0005002489274693994,0.2754479000000174,ok,same_stridge_core,Hx;D_x^1.534422 H;Hxxx;H*Hxx;H*Hxxx,0.018000000000000002,0.9934764945950176
0.7267434073846447,1.198465666342688,0.11203163709143535,-1.210838276708256,0;0;-1.21083827671;0.112031637091;0;0;0;0;-0.0923417971088;0;0;0,61272.578727254615,0.006,330,0.0001,19.54509450217965,,0.0006973710469959001,0.4012910000001284,ok,same_stridge_core,Hx;D_x^1.198466 H;H*Hxxx,0.024,1.1633208840032654
0.6368631385109169,1.5146882811426778,0.6743789938621227,-1.5917567480968116,0;0;-1.5917567481;0.674378993862;-0.509778229107;0;0;-0.173203908113;0;0;0;0,56395.828150558045,0.006,331,0.0001,24.49211669813564,,0.0018740554986084327,0.3951987000000372,ok,same_stridge_core,Hx;D_x^1.514688 H;Hxxx;H*Hxx,0.03,1.9337854379124177
0.7755650744232117,1.4198343416448014,0.0,-0.9581558285146479,0;0;-0.958155828515;0;0;0;0;0.0666665848232;0;0;0;0,58325.21854346408,0.006,332,0.0001,12.986476547453297,,0.0008873715740089446,0.39835579999999027,ok,same_stridge_core,Hx;H*Hxx,0.05399999999999999,1.321432838760482
0.7334335829970984,1.7989104980719681,0.3079654616083769,-1.0878364774594584,0;0;-1.08783647746;0.307965461608;0;0;0;0;0;0;0;0,57023.27281813266,0.006,333,0.0001,12.503964116957727,,0.0006345349103966737,0.3773567999999159,ok,same_stridge_core,Hx;D_x^1.79891 H,0.024077622313671686,1.099309553331194
0.8694873130429859,1.742722855208281,0.0,-0.5628900697020363,0.0799278136043;-0.0163482576976;-0.562890069702;0;-0.0896898468977;0;-0.0342483688921;0.522742456659;0.375083714366;0;-0.0590700778897;-0.072397562229,53939.43133910983,0.006,334,0.0001,49.685406523947535,,0.0006417997436335421,0.2620981000000029,ok,same_stridge_core,1;H;Hx;Hxxx;H*Hx;H*Hxx;H*Hxxx;H^2*Hxx;H^2*Hxxx,0.006,1.13991831874868
0.5655020919580561,1.717450446896344,1.5528807773892852,-1.7612677723730499,0;0;-1.76126777237;1.55288077739;3.62716410468;0;0;-1.13886238063;-0.320733205443;0;0.0961370047189;0,53303.29842407599,0.006,335,0.0001,35.239411434321376,,0.005312414199628953,0.1491631999999754,ok,same_stridge_core,Hx;D_x^1.71745 H;Hxxx;H*Hxx;H*Hxxx;H^2*Hxx,0.04212235294117645,3.2574323798757776
0.6000539631028861,1.5395629800658355,0.9510829609578493,-1.7744903423957687,0;0;-1.7744903424;0.951082960958;0.0911471968063;0;0;-0.722067196602;0;0;0.0560533132308;0,55824.76183135603,0.006,336,0.0001,30.18180950035402,,0.0025302889445669658,0.3920209000000341,ok,same_stridge_core,Hx;D_x^1.539563 H;Hxxx;H*Hxx;H^2*Hxx,0.024,2.2694285846760027
0.6970614655228431,1.4380415873081631,0.14692419617998212,-1.227072327259872,0;0;-1.22707232726;0.14692419618;0;0;0;0;0;0;0;0,57989.19144817511,0.006,337,0.0001,12.871045059897092,,0.0008654272769354293,0.14081790000000183,ok,same_stridge_core,Hx;D_x^1.438042 H,0.02929083037845336,1.2732067702620702
0.5637578157019812,1.848449855838361,2.025413604184114,-1.7784270202536285,-0.120279918669;0.137446051939;-1.77842702025;2.02541360418;17.2928044724;-0.0229108473546;0;-2.37323611214;-6.68111718238;0;0.207527290407;0.661161077593,60679.08512346819,0.006,338,0.0001,63.32139066866075,,0.003797591519927145,0.3923838999999134,ok,same_stridge_core,1;H;Hx;D_x^1.84845 H;Hxxx;H^2;H*Hxx;H*Hxxx;H^2*Hxx;H^2*Hxxx,0.006,2.642305545192545
0.6942770877219262,1.5304850203362468,0.460685736777286,-1.3238098653092287,0;0;-1.32380986531;0.460685736777;1.01795742453;0;0;-0.0872126741526;-0.181100582665;0;0;0,56035.431415262734,0.006,339,0.0001,29.049887448445347,,0.0005408315821106075,0.40036170000007587,ok,same_stridge_core,Hx;D_x^1.530485 H;Hxxx;H*Hxx;H*Hxxx,0.03064112203585886,1.0321717408139797
0.46895575102118525,1.2991408773131043,1.2153927824383175,-3.00180532592729,0;0;-3.00180532593;1.21539278244;-3.24630169746;0;0;-0.56124755201;-0.277855732145;0;0;0,60164.185760746266,0.006,340,0.0001,34.98366695910621,,0.011913350499337384,0.14479030000006787,ok,same_stridge_core,Hx;D_x^1.299141 H;Hxxx;H*Hxx;H*Hxxx,0.07114285714285719,4.901574078733077
0.515175097775814,1.61291506243571,1.6406227945515603,-2.1923859441407028,0;0;-2.19238594414;1.64062279455;0;0;0;-1.45694811831;0;0;0.120516612722;0,54127.34454278448,0.006,341,0.0001,25.93590177032796,,0.009118295363837658,0.15164160000017546,ok,same_stridge_core,Hx;D_x^1.612915 H;H*Hxx;H^2*Hxx,0.05918852575995434,4.284963953214168
0.7154484544528458,1.516484679620144,0.18570411264293082,-1.1737961053772228,0;0;-1.17379610538;0.185704112643;0;0;0;0;0;0;0;0,56355.29632934658,0.006,342,0.0001,12.36837374924658,,0.0006365983102587138,0.3954384000001028,ok,same_stridge_core,Hx;D_x^1.516485 H,0.03,1.0973144833772617
0.8040158220353399,1.536248116265976,0.2971785089965031,-0.9820095882122392,0;0;-0.982009588212;0.297178508997;0;0;0;0;0;0;0;0,55901.94679339269,0.006,343,0.0001,12.513245591866227,,0.0009217272811911547,0.15614750000008826,ok,same_stridge_core,Hx;D_x^1.536248 H,0.04349979171155641,1.3328562331876879
0.6489577503978791,1.6470736675930653,0.9193710233012372,-1.4761309782558358,0;0;-1.47613097826;0.919371023301;0.572901967936;0;0;-0.534071182484;0;0;0.0420616771157;0,53478.78315943962,0.006,344,0.0001,28.413950830897974,,0.0013870219125332198,0.41825810000000274,ok,same_stridge_core,Hx;D_x^1.647074 H;Hxxx;H*Hxx;H^2*Hxx,0.026098666666666655,1.6745592511781644
0.5774157949105885,1.6411465612363223,1.3362953926663441,-1.7998515492089215,0;0;-1.79985154921;1.33629539267;0.979574560005;0;0;-1.0405673386;0;0;0.0868835171313;0,53576.2491113095,0.006,345,0.0001,29.67750906513262,,0.004113377404931371,0.1400536999999531,ok,same_stridge_core,Hx;D_x^1.641147 H;Hxxx;H*Hxx;H^2*Hxx,0.043537254901960795,2.889384509477872
0.6186884041698194,1.488976748348607,0.6786284839494083,-1.6502653862297259,0;0;-1.65026538623;0.678628483949;0;0;0;-0.185094391338;0;0;0;0,56961.28472972278,0.006,346,0.0001,19.396553045364985,,0.002646819186850242,0.14157670000008693,ok,same_stridge_core,Hx;D_x^1.488977 H;H*Hxx,0.036,2.3081676264481503
0.6029548989658834,1.440974347143513,0.6793066168829248,-1.7879557942230055,0;0;-1.78795579422;0.679306616883;1.8475899158;0;0;-0.222023212429;-0.426143371059;0;0;0,57933.51449270057,0.006,347,0.0001,31.224856299055226,,0.0025886465813014055,0.3998106999999891,ok,same_stridge_core,Hx;D_x^1.440974 H;Hxxx;H*Hxx;H*Hxxx,0.053294117647058784,2.2580990527049405
0.6830017151317301,1.791364979559605,0.5963598571765464,-1.2751994756510037,-0.0207390005398;0;-1.27519947565;0.596359857177;2.24019256548;0;0;-0.0987546081329;-0.373519959025;0;0;0,56496.912627515514,0.006,348,0.0001,35.24543642865201,,0.0009483709213434676,0.39553380000006655,ok,same_stridge_core,1;Hx;D_x^1.791365 H;Hxxx;H*Hxx;H*Hxxx,0.018000000000000002,1.3472888521427047
0.5954183890506024,1.4812625058083266,0.8604869368313756,-1.8444878910865186,0;0;-1.84448789109;0.860486936831;-0.284281212335;0;0;-0.663117662787;-0.0167807851952;0;0.0489113616741;0,57125.1363879154,0.006,349,0.0001,36.51187253985705,,0.002461573415065739,0.39222780000000057,ok,same_stridge_core,Hx;D_x^1.481263 H;Hxxx;H*Hxx;H*Hxxx;H^2*Hxx,0.024,2.236790707107805
0.526989597986913,1.455672152325353,1.136179836081754,-2.2606516378010837,0;0;-2.2606516378;1.13617983608;0;0;0;-1.08436777308;-0.10021610146;0;0.083193508978;0,57647.97968712719,0.006,350,0.0001,32.33670847802197,,0.006056077633995078,0.40751269999987016,ok,same_stridge_core,Hx;D_x^1.455672 H;H*Hxx;H*Hxxx;H^2*Hxx,0.041999999999999996,3.5127186344583734
0.6258046755596045,1.312188379517359,0.4738589754861838,-1.7575109666418811,0;0;-1.75751096664;0.473858975486;0;0;0;-0.172106370114;-0.240967156905;0;0;0,59994.9938937749,0.006,351,0.0001,25.5590520912531,,0.0012352772517858369,0.40022240000007514,ok,same_stridge_core,Hx;D_x^1.312188 H;H*Hxx;H*Hxxx,0.09707142857142861,1.5610545337431383
0.9050184816859832,1.624287774514079,0.0,-0.6765412640462446,0;0;-0.676541264046;0;0;0;0;0.100735069137;0;0;0;0,53891.02918432561,0.006,352,0.0001,12.87710344600668,,0.0022573643003473997,0.2752954999998565,ok,same_stridge_core,Hx;H*Hxx,0.0538518104118104,2.098897609141558
0.7175974691533286,1.561375824856658,0.19925967454315763,-1.1618880968343128,0;0;-1.16188809683;0.199259674543;0;0;0;0;0;0;0;0,55311.8002415883,0.006,353,0.0001,12.157542056994636,,0.0006346002236953521,0.13829520000012963,ok,same_stridge_core,Hx;D_x^1.561376 H,0.06599999999999999,1.095182008676976
0.7523369757312481,1.2409656363445252,0.05416842612469045,-1.059464370133394,0;0;-1.05946437013;0.0541684261247;0;0;0;0.0399298596225;0;0;0;0,60844.38722045302,0.006,354,0.0001,19.47627973756121,,0.0007655342205640669,0.28672439999991184,ok,same_stridge_core,Hx;D_x^1.240966 H;H*Hxx,0.024,1.2229635714253027
0.7741840263113151,1.410484375113089,0.0,-0.9615413525039089,0;0;-0.961541352504;0;0;0;0;0.0661951062404;0;0;0;0,58491.396131402274,0.006,355,0.0001,13.015010897362208,,0.0008815199062388412,0.3893977000000177,ok,same_stridge_core,Hx;H*Hxx,0.04713306771417883,1.316731671081753
0.7258161873824551,1.5588923291993122,0.2121245665845672,-1.1420885953602649,0;0;-1.14208859536;0.212124566585;0.0435450203241;0;0;0;0;0;0;0,55370.473561368795,0.006,356,0.0001,17.64315955532102,,0.000558016689230287,0.40168130000006386,ok,same_stridge_core,Hx;D_x^1.558892 H;Hxxx,0.023328879678877035,1.0320174869103809
0.7931859013917776,1.2471848876884155,0.0,-0.9157027197240302,0;0;-0.915702719724;0;0;0;0;0.0724663499744;0;0;0;0,60777.10297105943,0.006,357,0.0001,13.554197266244566,,0.0009902137272274991,0.3716457000000446,ok,same_stridge_core,Hx;H*Hxx,0.029914960573374057,1.3987766720326804
0.7390312068683872,1.5153825560525869,0.21607700622831236,-1.1217376518355884,0;0;-1.12173765184;0.216077006228;0;0;0;0;0;0;0;0,56380.17643573833,0.006,358,0.0001,12.255013264876528,,0.000495049209452492,0.13295579999999063,ok,same_stridge_core,Hx;D_x^1.515383 H,0.08872222222222229,0.978977977728862
0.6981192150897666,1.4718553424155492,0.4117297162521552,-1.3392654214879158,0;0;-1.33926542149;0.411729716252;0.263735297496;0;0;-0.0811746313107;-0.0994589256238;0;0;0,57321.08484853517,0.006,359,0.0001,29.630240248225324,,0.00047667676266348823,0.3844824000000244,ok,same_stridge_core,Hx;D_x^1.471855 H;Hxxx;H*Hxx;H*Hxxx,0.018000000000000002,0.9696978239577392
0.7543093557491622,1.5916603029336711,0.26113859087499564,-1.0745592262408599,0;0;-1.07455922624;0.261138590875;0;0;0;0;0;0;0;0,54601.76020628345,0.006,360,0.0001,11.891460349585808,,0.0004827309368490214,0.2806702000000314,ok,same_stridge_core,Hx;D_x^1.59166 H,0.024,0.9711083083291171
0.6524929335820061,1.4780076395620505,0.5477743037036086,-1.5042990541571473,0;0;-1.50429905416;0.547774303704;0;0;0;-0.133548845369;0;0;0;0,57193.41909998697,0.006,361,0.0001,18.794915490117663,,0.0013248712733913265,0.4020057000000179,ok,same_stridge_core,Hx;D_x^1.478008 H;H*Hxx,0.024,1.6368897601215715
0.829465778638377,1.2546642964934565,-0.06024257280386647,-0.7712957980936804,0;0;-0.771295798094;-0.0602425728039;0;0;0;0.107710972867;0.0512332812502;0;0;0,60694.5376330207,0.006,362,0.0001,25.85555145930201,,0.0012512242658233286,0.40070300000002135,ok,same_stridge_core,Hx;D_x^1.254664 H;H*Hxx;H*Hxxx,0.042857142857142844,1.5777364060937273
0.814346526455483,1.74748063214225,0.0,-0.8665092191282778,0;0;-0.866509219128;0;0;0;0;0.0789163941745;0;0;0;0,54113.15105118386,0.006,363,0.0001,12.34361482932811,,0.0011702953333516432,0.28526689999989685,ok,same_stridge_core,Hx;H*Hxx,0.036,1.5209846190913376
0.8694873130429859,1.6796046046237434,0.0,-0.7471007851066503,0;0;-0.747100785107;0;0;0;0;0.0932497909425;0;0;0;0,53124.01364032337,0.006,364,0.0001,12.507192304418611,,0.0018058373973476839,0.2839612999998735,ok,same_stridge_core,Hx;H*Hxx,0.047999999999999994,1.8823895763539369
0.6897075374345438,1.9376092551451667,0.2380847665677831,-1.18676682640691,0;0;-1.18676682641;0.238084766568;0;0;0;0;0;0;0;0,64412.530152626445,0.006,365,0.0001,14.534919381007827,,0.0014672058459258962,0.2737477000000581,ok,same_stridge_core,Hx;D_x^1.937609 H,0.05308182399610971,1.652413350482536
0.5481799692781026,1.7356338482974383,-0.2308283358257401,-1.613755060609244,0;0;-1.61375506061;-0.230828335826;0;0;0;0;0;0;0;0,53712.99923596165,0.006,366,0.0001,15.624429187290819,,0.012773998252253685,0.3859317999999803,ok,same_stridge_core,Hx;D_x^1.735634 H,0.13800000000000004,4.881829340098488
0.7171505880386077,1.841290441329471,0.2865344183314262,-1.122973316790777,0;0;-1.12297331679;0.286534418331;0;0;0;0;0;0;0;0,60170.483930406335,0.006,367,0.0001,13.295930742418898,,0.0008481317408548239,0.3678620000000592,ok,same_stridge_core,Hx;D_x^1.84129 H,0.018000000000000002,1.26183395633763
0.7320328315323207,1.4538457065290518,0.19082983335870812,-1.1475276342267973,0;0;-1.14752763423;0.190829833359;0;0;0;0;0;0;0;0,57684.05153121345,0.006,368,0.0001,12.542970594300678,,0.0005235019575248512,0.38308779999988474,ok,same_stridge_core,Hx;D_x^1.453846 H,0.07101098901098908,1.006160288057988
0.6648963892561497,1.7026446937055717,0.5668879762872553,-1.3206480157889045,0;0;-1.32064801579;0.566887976287;3.83671173737;0;0;-0.100305887776;-0.535075349025;0;0;0,53136.43012272164,0.006,369,0.0001,28.140693464835778,,0.0013232551731899634,0.2644288999999844,ok,same_stridge_core,Hx;D_x^1.702645 H;Hxxx;H*Hxx;H*Hxxx,0.030107142857142853,1.572478403474956
0.7387491140297556,1.7588445275937907,0.30148516548981524,-1.0811606232398332,0;0;-1.08116062324;0.30148516549;0;0;0;0;0;0;0;0,54598.98476067991,0.006,370,0.0001,11.965615433005953,,0.0005702244380687535,0.3686932999999044,ok,same_stridge_core,Hx;D_x^1.758845 H,0.017364656941499045,1.0458184808699702
0.6188392310115503,1.61291506243571,0.9353058288253571,-1.6438856636326,-0.0131321660281;0;-1.64388566363;0.935305828825;0;0;0;-0.636631442197;0;0;0.0489852792051;0,54127.34454278448,0.006,371,0.0001,29.144504769694983,,0.0021416237408974706,0.1258775000001151,ok,same_stridge_core,1;Hx;D_x^1.612915 H;H*Hxx;H^2*Hxx,0.012,2.0808324983027444
0.6134108965916973,1.5715508111103673,0.9466913361489699,-1.6838931543436229,0;0;-1.68389315434;0.946691336149;0.291752696819;0;0;-0.67560065618;0;0;0.0529472847218;0,55071.47992563986,0.006,372,0.0001,29.637940456005072,,0.0021738568011404943,0.14781829999992624,ok,same_stridge_core,Hx;D_x^1.571551 H;Hxxx;H*Hxx;H^2*Hxx,0.024191111111111097,2.1022004931851397
0.6134108965916973,1.8070794364463492,1.6365237005921718,-1.5044489766623195,0;0;-1.50444897666;1.63652370059;1.55131321701;0;0;-0.974599532602;0;0;0.0839605697947;0,57616.58839549913,0.006,373,0.0001,31.32585686292628,,0.0032010369634666224,0.27943740000000616,ok,same_stridge_core,Hx;D_x^1.807079 H;Hxxx;H*Hxx;H^2*Hxx,0.036,2.517562665176715
0.5665868680963201,1.8742243735507964,-0.7797261722623846,-1.983662517829334,0;0;-1.98366251783;-0.779726172262;0.290435311205;0;0.0960057831493;-0.720693734266;0.455870060789;0;0.102599688317;0,62305.2457795173,0.006,374,0.0001,46.8514823866461,,0.00549672467155201,0.3822910999999749,ok,same_stridge_core,Hx;D_x^1.874224 H;Hxxx;H*Hx;H*Hxx;H*Hxxx;H^2*Hxx,0.0437777777777778,3.2378103409839794
0.6909534531649608,1.1492523038022302,0.08636378693464619,-1.2923817450232857,0;0;-1.29238174502;0.0863637869346;0;0;0;0;-0.0837320979513;0;0;0,61705.59389131933,0.006,375,0.0001,19.788939372961757,,0.000872436157728501,0.41575120000015886,ok,same_stridge_core,Hx;D_x^1.149252 H;H*Hxxx,0.03525356482919507,1.2772612055659565
0.6228847001733563,1.6195706382759059,1.0007344579295585,-1.6056958365604375,0;0;-1.60569583656;1.00073445793;0.565561483176;0;0;-0.673445077679;0;0;0.0538773285509;0,53987.11856195722,0.006,376,0.0001,29.02118150783259,,0.002026838214059784,0.4066210000000865,ok,same_stridge_core,Hx;D_x^1.619571 H;Hxxx;H*Hxx;H^2*Hxx,0.03857142857142854,2.0276222268539796
0.6503577261838612,1.4394379667555768,0.5715462614111322,-1.5903747520474272,0;0;-1.59037475205;0.571546261411;-0.862221704082;0;0;-0.156248315653;0;0;0;0,57962.73621356405,0.006,377,0.0001,24.673311341628885,,0.0011000768338112448,0.3852878000000146,ok,same_stridge_core,Hx;D_x^1.439438 H;Hxxx;H*Hxx,0.04357310924369745,1.4882168562032612
0.6907610205333328,1.02699543901224,0.06605690615480299,-1.3060947896478203,0;0;-1.30609478965;0.0660569061548;0;0;0;0;-0.115943213309;0;0;0,62540.35089781276,0.006,378,0.0001,20.0960134945543,,0.0009383767393160889,0.38590469999985544,ok,same_stridge_core,Hx;D_x^1.026995 H;H*Hxxx,0.018000145159278277,1.3339082252104726
0.7475903610504204,1.6466122257930649,0.27166724288086913,-1.0795187194653169,0;0;-1.07951871947;0.271667242881;0;0;0;0;0;0;0;0,53486.08244318356,0.006,379,0.0001,11.66993580494791,,0.0004868753075588118,0.38739170000008016,ok,same_stridge_core,Hx;D_x^1.646612 H,0.018000000000000002,0.9727193163111975
0.7451449685186643,1.022521899032092,0.0,-1.032425756577135,0;0;-1.03242575658;0;0.0506751012597;0;0;0.0561808375291;0;0;0;0,62565.30387844648,0.006,380,0.0001,20.051705150312095,,0.000850359389792945,0.16899010000020098,ok,same_stridge_core,Hx;Hxxx;H*Hxx,0.024,1.2821139867781493
0.5914652095355365,1.6313743203993392,0.7668555033797168,-1.648779249293075,0;0;-1.64877924929;0.76685550338;0;0;0;-0.191200284239;0;0;0;0,53752.72434604981,0.006,381,0.0001,19.457663534551312,,0.005751539737920193,0.15587380000010853,ok,same_stridge_core,Hx;D_x^1.631374 H;H*Hxx,0.07264615384615392,3.3318462307363665
0.48537054924678147,1.6798005424062792,4.292439428830777,-2.677508769632391,-0.432542923668;0.248050235159;-2.67750876963;4.29243942883;16.562684761;-0.0290663811391;0;-3.50671140947;-7.48414219739;0;0.286338259131;0.805242520058,53123.03963476334,0.006,382,0.0001,56.9215565377986,,0.007597841521214503,0.40523129999996854,ok,same_stridge_core,1;H;Hx;D_x^1.679801 H;Hxxx;H^2;H*Hxx;H*Hxxx;H^2*Hxx;H^2*Hxxx,0.023454545454545474,3.7985169030352406
0.6435797580992042,1.3798391624514776,0.5023815885682755,-1.6388433413462222,0;0;-1.63884334135;0.502381588568;0;0;0;-0.155391236298;-0.170904377409;0;0;0,59006.522331862274,0.006,383,0.0001,25.02436825414222,,0.0010197204555767651,0.38630849999981365,ok,same_stridge_core,Hx;D_x^1.379839 H;H*Hxx;H*Hxxx,0.024,1.4217593213973096
0.7475903610504204,1.6466122257930649,0.27166724288086913,-1.0795187194653169,0;0;-1.07951871947;0.271667242881;0;0;0;0;0;0;0;0,53486.08244318356,0.006,384,0.0001,11.66993580494791,,0.0004868753075588118,0.030378300000165837,ok,same_stridge_core,Hx;D_x^1.646612 H,0.036,0.9727193163111975
0.6131313843466795,1.7327820341287767,1.3816907312661346,-1.564774006117729,0;0;-1.56477400612;1.38169073127;1.26266123472;0;0;-0.889813039756;0;0;0.075172481188;0,53632.71418740002,0.006,385,0.0001,29.20078279864307,,0.002831884522225809,0.386901799999805,ok,same_stridge_core,Hx;D_x^1.732782 H;Hxxx;H*Hxx;H^2*Hxx,0.041999999999999996,2.3844257049430566
0.6694707550986224,1.738472198515357,0.5700337493669139,-1.289801654397194,0;0;-1.2898016544;0.570033749367;3.93335148183;0;0;-0.0923717632436;-0.542752689731;0;0;0,53799.032017641075,0.006,386,0.0001,28.435815419548522,,0.0012699912246947307,0.3900131999998848,ok,same_stridge_core,Hx;D_x^1.738472 H;Hxxx;H*Hxx;H*Hxxx,0.024,1.536299410727984
0.57935893697514,1.5244343052496327,1.029115396297006,-1.896095154212987,0;0;-1.89609515421;1.0291153963;0.00163918326475;0;0;-0.843729221779;0;0;0.066007451646;0,56174.49241970121,0.006,387,0.0001,30.697325259873537,,0.0033425152254561025,0.4070408000000043,ok,same_stridge_core,Hx;D_x^1.524434 H;Hxxx;H*Hxx;H^2*Hxx,0.024,2.6100790500229323
0.9103960975115111,1.895270028875334,0.7135912971580832,-0.6821502659668293,0;0;-0.682150265967;0.713591297158;0;0;0;0;0;0;0;0,63320.291326480496,0.006,388,0.0001,14.386823574899086,,0.0015184686765237002,0.42488250000019434,ok,same_stridge_core,Hx;D_x^1.89527 H,0.036,1.7227653096029865
0.7282887996777547,1.3221369101506641,0.1534472377101044,-1.1761948814349288,0;0;-1.17619488143;0.15344723771;0;0;0;0;0;0;0;0,59861.56716749413,0.006,389,0.0001,13.088965657021845,,0.0006350973794666776,0.4064215000000786,ok,same_stridge_core,Hx;D_x^1.322137 H,0.019132415715003934,1.1166522235230163
0.6956750063446553,1.576610555391668,0.5228443043366768,-1.3051488517178422,0;0;-1.30514885172;0.522844304337;0;0;0;-0.0897358008937;0;0;0;0,54952.32763852446,0.006,390,0.0001,17.615177033181222,,0.0006394292130875637,0.39705479999997806,ok,same_stridge_core,Hx;D_x^1.576611 H;H*Hxx,0.05898416786035832,1.1294787416238818
0.6544031953456673,1.5622887478939027,0.5582557702273478,-1.4442426240172173,0;0;-1.44424262402;0.558255770227;2.67840963114;0;0;-0.12924842331;-0.417700599552;0;0;0,55290.22845401655,0.006,391,0.0001,29.214291787385925,,0.0012785000118773167,0.27816299999994953,ok,same_stridge_core,Hx;D_x^1.562289 H;Hxxx;H*Hxx;H*Hxxx,0.018000000000000002,1.5691775603776499
0.6269524819255461,1.5747185480994077,0.8827221256808423,-1.6177966235049643,0;0;-1.6177966235;0.882722125681;0.263946711272;0;0;-0.590441672537;0;0;0.0456164543698;0,54996.83448729507,0.006,392,0.0001,29.390964559759627,,0.0017639767694888518,0.3917594999998073,ok,same_stridge_core,Hx;D_x^1.574719 H;Hxxx;H*Hxx;H^2*Hxx,0.02612799999999999,1.892547316112092
0.814346526455483,1.0345579419490618,0.0,-0.8665092191282829,0;0;-0.866509219128;0;0;0;0;0.0789163941745;0;0;0;0,62497.35466434549,0.006,393,0.0001,14.02045555196043,,0.0011702953333516432,0.27988669999990634,ok,same_stridge_core,Hx;H*Hxx,0.04713313133075037,1.5209846190913314
0.6205008684415375,1.848917730310936,0.0,-1.3659944531181305,0;0;-1.36599445312;0;5.18234507433;0;0;0;-0.72198464768;0;0;0,60711.643223055435,0.006,394,0.0001,20.821624262398263,,0.0037305882156089204,0.3802276000001257,ok,same_stridge_core,Hx;Hxxx;H*Hxxx,0.05399999999999999,2.608131295481629
0.6440179265058266,1.5965549505735588,0.8390493236856958,-1.5270305059935119,0;0;-1.52703050599;0.839049323686;0.327842052968;0;0;-0.508208852483;0;0;0.0389137648042;0,54489.75537948619,0.006,395,0.0001,28.919382419216706,,0.0013837425707726382,0.38268730000004325,ok,same_stridge_core,Hx;D_x^1.596555 H;Hxxx;H*Hxx;H^2*Hxx,0.027904761904761877,1.6745047294736095
0.6626473974018388,1.570243219333679,0.0,-1.2712259237948982,0;0;-1.27122592379;0;0;0;0;0;0;0;0;0,55102.327702975286,0.006,396,0.0001,7.745939666826981,,0.0026014675686600376,0.3781074000000899,ok,same_stridge_core,Hx,0.15000000000000005,2.2357068965294515
0.6844366357407499,1.7982033317735155,0.6029755282549467,-1.2687544066555805,-0.0207104960914;0;-1.26875440666;0.602975528255;2.23370678861;0;0;-0.097965847213;-0.371666986254;0;0;0,56972.95274963628,0.006,397,0.0001,35.51684110757359,,0.0009285399768870515,0.3933085999999548,ok,same_stridge_core,1;Hx;D_x^1.798203 H;Hxxx;H*Hxx;H*Hxxx,0.018000000000000002,1.3330694577918252
0.5767195074266658,1.7862017907181118,-0.25386603371124583,-1.5033486672047043,0;0;-1.5033486672;-0.253866033711;7.32113883411;0;0;0;-1.0874125937;0;0;0,56152.0137345163,0.006,398,0.0001,26.03253489733253,,0.006955383079825387,0.3846851000000697,ok,same_stridge_core,Hx;D_x^1.786202 H;Hxxx;H*Hxxx,0.07000879120879126,3.571729403526007
0.8560140149938457,1.1104165877934857,0.0,-0.8060800091579099,0;0;-0.806080009158;0;0;0;0;0;0;0;0;0,62005.13823346185,0.006,399,0.0001,10.140500796485307,,0.00800894355427542,0.3794000000000324,ok,same_stridge_core,Hx,0.15000000000000005,3.939986973139123
0.7833588990287715,1.5882709375205173,0.29766224397643065,-1.0130139742681197,0;0;-1.01301397427;0.297662243976;0;0;0;0;0;0;0;0,54680.01041981437,0.006,400,0.0001,12.043238855865317,,0.0006266938478866004,0.3864082000000053,ok,same_stridge_core,Hx;D_x^1.588271 H,0.0421978688849277,1.1072367719024432
0.5833452980383793,1.427299478336652,1.4796873311291932,-1.9012685566788894,0.0513107758627;0;-1.90126855668;1.47968733113;0;0;-0.0701661555998;-0.462325012334;-0.461552967237;0;0;0,58189.4423463683,0.006,401,0.0001,37.137057349403364,,0.0023840039487355645,0.41710280000006605,ok,same_stridge_core,1;Hx;D_x^1.427299 H;H*Hx;H*Hxx;H*Hxxx,0.03,2.2233919415823844
0.5688329757926202,1.6408490768272483,1.3932197063157565,-1.8419155768534559,0;0;-1.84191557685;1.39321970632;1.03359400336;0;0;-1.10992162345;0;0;0.0930456493187;0,53581.343836210355,0.006,402,0.0001,29.854228231727234,,0.004623114537235558,0.38473129999988487,ok,same_stridge_core,Hx;D_x^1.640849 H;Hxxx;H*Hxx;H^2*Hxx,0.06359999999999999,3.0635563136220547
0.8003381772643151,1.3060699041387858,0.0,-0.8988595348937972,0;0;-0.898859534894;0;0;0;0;0.0747082518207;0;0;0;0,60075.14114377568,0.006,403,0.0001,13.452439741628334,,0.0010450655611669764,0.39516180000009626,ok,same_stridge_core,Hx;H*Hxx,0.03,1.4374115128731972
0.6758289012404509,1.6725076555716036,0.557053011682676,-1.3044686400033911,0;0;-1.30446864;0.557053011683;3.15009574123;0;0;-0.0967716990768;-0.44036307119;0;0;0,53170.039326415485,0.006,404,0.0001,27.963214826135257,,0.001004490870997601,0.4046957000000475,ok,same_stridge_core,Hx;D_x^1.672508 H;Hxxx;H*Hxx;H*Hxxx,0.018000000000000002,1.378195162927513
0.841282892409836,1.0530244817442587,0.0,-0.8066274411903505,0;0;-0.80662744119;0;0;0;0;0.0863501440819;0;0;0;0,62387.951185297825,0.006,405,0.0001,14.174274946493014,,0.0014606531044951078,0.2711501000001135,ok,same_stridge_core,Hx;H*Hxx,0.04716632653061222,1.696684709433448
0.7058333218374582,1.5221000563804725,0.43060254137375453,-1.2877813492798127,0;0;-1.28778134928;0.430602541374;0.611172497115;0;0;-0.0746684298526;-0.12254746147;0;0;0,56227.815844536,0.006,406,0.0001,29.06126515587154,,0.00045394078451599146,0.38111369999978706,ok,same_stridge_core,Hx;D_x^1.5221 H;Hxxx;H*Hxx;H*Hxxx,0.026324999999999977,0.9473572336035365
0.839425670992708,1.1464775705852872,0.0,-0.8106598080164638,0;0;-0.810659808016;0;0;0;0;0.085864637819;0;0;0;0,61728.171016947716,0.006,407,0.0001,14.029955773560959,,0.0014390587622049656,0.2777145999998538,ok,same_stridge_core,Hx;H*Hxx,0.05999999999999999,1.6843215701714143
0.6597543470671059,1.7382143793460947,0.5647012681531338,-1.317691377297795,0;0;-1.3176913773;0.564701268153;4.31101930953;0;0;-0.0973173651888;-0.599614057175;0;0;0,53790.96333249366,0.006,408,0.0001,28.586520909333995,,0.0015434733267824536,0.38398380000012367,ok,same_stridge_core,Hx;D_x^1.738214 H;Hxxx;H*Hxx;H*Hxxx,0.03,1.6910392430871646
0.6710176302442148,1.6466122257930649,0.5534122576715543,-1.3332742702566736,0;0;-1.33327427026;0.553412257672;3.08144075362;0;0;-0.103168482324;-0.438314012136;0;0;0,53486.08244318356,0.006,409,0.0001,28.16324258460668,,0.001062693637946624,0.13395500000001448,ok,same_stridge_core,Hx;D_x^1.646612 H;Hxxx;H*Hxx;H*Hxxx,0.018000000000000002,1.4202013630149046
0.8769657868339664,1.301166456671789,0.0,-0.7318460904243981,0;0;-0.731846090424;0;0;0;0;0.0949341804705;0;0;0;0,60138.34147565497,0.006,410,0.0001,13.95770802265502,,0.0019006763011098708,0.2882740999998532,ok,same_stridge_core,Hx;H*Hxx,0.07173999999999998,1.9300397275240253
0.6100479541985756,1.3793907554468627,0.6307457292837005,-1.8300479430009267,0;0;-1.830047943;0.630745729284;0;0;0;-0.217426345475;-0.225417489069;0;0;0,59013.73138585497,0.006,411,0.0001,25.556739395822113,,0.0019088920520610084,0.3939350000000559,ok,same_stridge_core,Hx;D_x^1.379391 H;H*Hxx;H*Hxxx,0.04261768953735338,1.9512468414801256
0.672356794105371,1.7244834596199703,0.5697322025469854,-1.2882122835760206,0;0;-1.28821228358;0.569732202547;3.71999305226;0;0;-0.0928388019629;-0.51314498032;0;0;0,53433.481737578455,0.006,412,0.0001,28.196162297886797,,0.0011730299988754057,0.3770116999999118,ok,same_stridge_core,Hx;D_x^1.724483 H;Hxxx;H*Hxx;H*Hxxx,0.024,1.4794214290975702
0.6753348206569069,1.561375824856658,0.0,-1.2358230077126402,0;0;-1.23582300771;0;0;0;0;0;0;0;0;0,55311.8002415883,0.006,413,0.0001,7.689729952861613,,0.0023911033747768774,0.14326610000011897,ok,same_stridge_core,Hx,0.15000000000000005,2.158549928702783
0.6518244557087827,1.4334793823838183,0.5154934395122539,-1.5591857230110504,0;0;-1.55918572301;0.515493439512;0.671744106419;0;0;-0.143615597353;-0.215702380793;0;0;0,58074.94363779975,0.006,414,0.0001,30.4387493779831,,0.0009928891429291334,0.39526969999997164,ok,same_stridge_core,Hx;D_x^1.433479 H;Hxxx;H*Hxx;H*Hxxx,0.024,1.4012775590832265
0.674588366815152,1.803134779762838,0.5760183043726257,-1.2484138732507064,0;0;-1.24841387325;0.576018304373;4.12934397489;0;0;-0.0803829846865;-0.565747157657;0;0;0,57327.54460895354,0.006,415,0.0001,30.18022824828754,,0.0012486978467776693,0.41122679999989487,ok,same_stridge_core,Hx;D_x^1.803135 H;Hxxx;H*Hxx;H*Hxxx,0.024,1.516455943810771
0.8197627421961455,1.2972666786691012,0.0,-0.8542251101690493,0;0;-0.854225110169;0;0;0;0;0.0804797330099;0;0;0;0,60187.960907642984,0.006,416,0.0001,13.592852752010474,,0.0012241137033296217,0.2851436000000831,ok,same_stridge_core,Hx;H*Hxx,0.04120546830076239,1.555260570481878
0.6443328424963071,1.8933072827509192,0.0,-1.306044974606045,0;0;-1.30604497461;0;4.62132088486;0;0;0;-0.672630656386;0;0;0,63238.89442636167,0.006,417,0.0001,21.097244358345712,,0.002465057283532699,0.39241259999994327,ok,same_stridge_core,Hx;Hxxx;H*Hxxx,0.041279236636379474,2.1255760304372093
0.7390312068683872,1.8255491400515513,0.5124191147305143,-1.1329107703094718,-0.0150265611847;0;-1.13291077031;0.512419114731;0;0;0.00735070923058;-0.0406584707681;0;0;0;0,59003.03880296365,0.006,418,0.0001,30.42890761447404,,0.000432601774676908,0.2681136000001061,ok,same_stridge_core,1;Hx;D_x^1.825549 H;H*Hx;H*Hxx,0.006,0.9273882129922114
0.699548750887782,1.7027971616878474,0.5625866670088956,-1.238067078987928,0;0;-1.23806707899;0.562586667009;0;0;0;-0.0759504068985;0;0;0;0,53137.457542553864,0.006,419,0.0001,17.20395305653561,,0.0008225646302318622,0.28206060000002253,ok,same_stridge_core,Hx;D_x^1.702797 H;H*Hxx,0.03,1.26271579376945
0.6324814774159337,1.7369362562621415,0.5483557450068235,-1.3988372005681435,0;0;-1.39883720057;0.548355745007;5.42519233182;0;0;-0.112072173151;-0.768201330092;0;0;0,53751.71309147642,0.006,420,0.0001,29.058448475251744,,0.0025821006529781476,0.3749586999999792,ok,same_stridge_core,Hx;D_x^1.736936 H;Hxxx;H*Hxx;H*Hxxx,0.05161363636363635,2.1825919295135354
0.7172136729572114,1.561375824856658,0.19868988007590338,-1.162765229861898,0;0;-1.16276522986;0.198689880076;0;0;0;0;0;0;0;0,55311.8002415883,0.006,421,0.0001,12.160945415940603,,0.0006387877286230998,0.12939269999992575,ok,same_stridge_core,Hx;D_x^1.561376 H,0.05399999999999999,1.0985853676229422
0.6658665295952053,1.6209591356449689,0.5526598600406829,-1.3648441215357818,0;0;-1.36484412154;0.552659860041;3.00129145559;0;0;-0.110462485442;-0.436093312812;0;0;0,53958.53082701477,0.006,422,0.0001,28.446873042127947,,0.00113035209213223,0.3962993000000097,ok,same_stridge_core,Hx;D_x^1.620959 H;Hxxx;H*Hxx;H*Hxxx,0.018000000000000002,1.4676076286205608
0.6259451020714373,1.4815124397058703,0.6992276225730956,-1.676151862024709,0;0;-1.67615186202;0.699227622573;-0.761106460986;0;0;-0.195367511016;0;0;0;0,57119.87328932309,0.006,423,0.0001,24.89514605429794,,0.0020889461599463235,0.39449199999990014,ok,same_stridge_core,Hx;D_x^1.481512 H;Hxxx;H*Hxx,0.06520000000000005,2.047196738568702
0.7826962351876794,1.6643821401263175,0.3326912431995676,-0.9985892985667998,0;0;-0.998589298567;0.3326912432;0;0;0;0;0;0;0;0,53246.37632635621,0.006,424,0.0001,11.709952141499663,,0.0005701689918326258,0.37389890000008563,ok,same_stridge_core,Hx;D_x^1.664382 H,0.04345802432861256,1.0606768762284202
0.6658665295952053,1.6209591356449689,0.5526598600406829,-1.3648441215357818,0;0;-1.36484412154;0.552659860041;3.00129145559;0;0;-0.110462485442;-0.436093312812;0;0;0,53958.53082701477,0.006,425,0.0001,28.446873042127947,,0.00113035209213223,0.03992429999993874,ok,same_stridge_core,Hx;D_x^1.620959 H;Hxxx;H*Hxx;H*Hxxx,0.018000000000000002,1.4676076286205608
0.6303735145809048,1.5449941737358526,0.8098956060922754,-1.621516536868556,0;0;-1.62151653687;0.809895606092;0.0580107305444;0;0;-0.532319422381;0;0;0.0398565239071;0,55697.74705085527,0.006,426,0.0001,29.64406737760501,,0.001587816702700252,0.3867827000001398,ok,same_stridge_core,Hx;D_x^1.544994 H;Hxxx;H*Hxx;H^2*Hxx,0.01857142857142857,1.795193852177371
0.6283298810562414,1.8286241812637962,0.0,-1.3460621290310752,0;0;-1.34606212903;0;4.99444872355;0;0;0;-0.705437311038;0;0;0,59234.436780526994,0.006,427,0.0001,20.200817436926293,,0.003238709501378231,0.387916099999984,ok,same_stridge_core,Hx;Hxxx;H*Hxxx,0.03609731934731935,2.4304864027681927
0.7194978626899182,1.6702264112794944,0.5284065022333936,-1.181482616856222,0;0;-1.18148261686;0.528406502233;1.58423571628;0;0;-0.0675358799645;-0.209194006805;0;0;0,53189.05345976539,0.006,428,0.0001,27.527506205362783,,0.00044235806366161315,0.39833070000008775,ok,same_stridge_core,Hx;D_x^1.670226 H;Hxxx;H*Hxx;H*Hxxx,0.006,0.9329794754800887
0.6733977537229907,1.400864488650345,0.42284004043879436,-1.477119881820505,0;0;-1.47711988182;0.422840040439;0;0;0;-0.109275495283;-0.119216081679;0;0;0,58657.92252006782,0.006,429,0.0001,24.572486213349976,,0.0006250704229375918,0.40356550000001334,ok,same_stridge_core,Hx;D_x^1.400864 H;H*Hxx;H*Hxxx,0.018000000000000002,1.109317205322845
0.8803040524592247,1.4363517338581429,0.0,-0.7251069253163862,0;0;-0.725106925316;0;0;0;0;0.0956669782403;0;0;0;0,58021.07619320152,0.006,430,0.0001,13.555208289190002,,0.0019431895856925876,0.28279909999992014,ok,same_stridge_core,Hx;H*Hxx,0.060258163265306114,1.950993050549697
0.600263245330352,1.9235113980712832,-0.22101840070041046,-1.4467923067472732,0;0;-1.44679230675;-0.2210184007;6.16048407747;0;0;0;-0.918491251788;0;0;0,64185.41215406367,0.006,431,0.0001,28.64811064006956,,0.004815468521327783,0.38359330000002956,ok,same_stridge_core,Hx;D_x^1.923511 H;Hxxx;H*Hxxx,0.05987099567099568,2.973945778444091
0.5933902075707171,1.8392826010087877,0.0,-1.4368574257853657,0;0;-1.43685742579;0;5.86087826753;0;0;0;-0.781886431543;0;0;0,60024.702955796194,0.006,432,0.0001,21.3500064567763,,0.0061015557765936685,0.3926510999999664,ok,same_stridge_core,Hx;Hxxx;H*Hxxx,0.047999999999999994,3.3425955700374406
0.7839935685618389,1.1581355610151494,0.0,-0.9376782775924154,0;0;-0.937678277592;0;0;0;0;0.0694903785934;0;0;0;0,61632.04148088144,0.006,433,0.0001,13.681152583186927,,0.0009303482136443351,0.39286119999997027,ok,same_stridge_core,Hx;H*Hxx,0.024,1.3547442870106392
0.6590569225789562,1.4967001934896729,0.7436703419038251,-1.470431002080295,0;0;-1.47043100208;0.743670341904;-0.201258674332;0;-0.021915825868;-0.199717712095;0;0;0;-0.0212906171944,56794.46492112482,0.006,434,0.0001,35.41641679278784,,0.0008834145401566603,0.3823479000000134,ok,same_stridge_core,Hx;D_x^1.4967 H;Hxxx;H*Hx;H*Hxx;H^2*Hxxx,0.018000000000000002,1.339737840112947
0.6214857524540353,1.549901658114207,0.8623112004774461,-1.6606310919430596,0;0;-1.66063109194;0.862311200477;0.114613595506;0;0;-0.59443916442;0;0;0.0453406310157;0,55582.48209486,0.006,435,0.0001,29.728402003832215,,0.0018469834955716698,0.3936905000000479,ok,same_stridge_core,Hx;D_x^1.549902 H;Hxxx;H*Hxx;H^2*Hxx,0.02869999999999999,1.9371609564022116
0.6664694994600333,1.5171147869814772,0.57294780938728,-1.4602034985929273,0;0;-1.46020349859;0.572947809387;-0.385791811263;0;0;-0.12990993402;0;0;0;0,56341.04958674532,0.006,436,0.0001,23.954719086179068,,0.0010054661554755788,0.3850479999998697,ok,same_stridge_core,Hx;D_x^1.517115 H;Hxxx;H*Hxx,0.09650000000000003,1.418299251480939
0.6836747544865727,1.6519399151702143,0.5803664178715813,-1.3109166007768656,0;0;-1.31091660078;0.580366417872;0;0;0;-0.095639147124;0;0;0;0,53405.01588162013,0.006,437,0.0001,17.429484375661428,,0.0010172297933035556,0.3782155999999759,ok,same_stridge_core,Hx;D_x^1.65194 H;H*Hxx,0.058984748584748586,1.407979611175389
0.7078088126388956,1.37821722827522,0.1479573208791437,-1.2120934373149763,0;0;-1.21209343731;0.147957320879;0;0;0;0;0;0;0;0,59032.55734661359,0.006,438,0.0001,12.955495346723893,,0.0006921194221689471,0.37740720000010697,ok,same_stridge_core,Hx;D_x^1.378217 H,0.0556,1.1489838774011742
0.6751109666853863,1.5178205776963696,0.5451901962980847,-1.4235911719380623,0;0;-1.42359117194;0.545190196298;-0.353873944015;0;0;-0.11808906525;0;0;0;0,56325.072208203776,0.006,439,0.0001,23.82270664685767,,0.0008347774710419664,0.4185496999998577,ok,same_stridge_core,Hx;D_x^1.517821 H;Hxxx;H*Hxx,0.08466,1.2926777635761633
0.7192184526949715,1.6289058919190884,0.21925709017319417,-1.147748989340834,0;0;-1.14774898934;0.219257090173;0;0;0;0;0;0;0;0,53800.00765426174,0.006,440,0.0001,11.873267107607049,,0.0006566020078264801,0.39902039999992667,ok,same_stridge_core,Hx;D_x^1.628906 H,0.054799999999999995,1.1132655767547015
0.7620549776293342,1.3324242340833523,0.0,-0.9916434548318843,0;0;-0.991643454832;0;0;0;0;0.0619464497311;0;0;0;0,59719.448097152774,0.006,441,0.0001,13.230140265517456,,0.0008460600546855837,0.3902791000000434,ok,same_stridge_core,Hx;H*Hxx,0.04261652558459279,1.2862506460869012
0.7335898604392501,1.1339813603465208,0.0,-1.082525615915434,0;0;-1.08252561592;0;0;0;0;0;0;0;0;0,61827.56076937884,0.006,442,0.0001,8.615116030421968,,0.0029565200800837246,0.13877869999987524,ok,same_stridge_core,Hx,0.15000000000000005,2.432359953484083
0.7083001958177143,1.540891031093157,0.4642586391831095,-1.2817962071910483,0;0;-1.28179620719;0.464258639183;-0.185133495332;0;0;-0.0770749545818;0;0;0;0,55793.76325977389,0.006,443,0.0001,23.28724172385071,,0.0004704293563294411,0.3861434000000372,ok,same_stridge_core,Hx;D_x^1.540891 H;Hxxx;H*Hxx,0.041999999999999996,0.969736419941151
0.7475903610504204,1.6753718186735207,0.2828982492795657,-1.0744514296382872,0;0;-1.07445142964;0.28289824928;0;0;0;0;0;0;0;0,53149.005796319725,0.006,444,0.0001,11.60954469667678,,0.0004942254098060494,0.27931420000004437,ok,same_stridge_core,Hx;D_x^1.675372 H,0.018000000000000002,0.9797435374128349
0.7203803078138703,1.504550254061008,0.1894895475030503,-1.1646502235814853,0;0;-1.16465022358;0.189489547503;0;0;0;0;0;0;0;0,56622.17678422393,0.006,445,0.0001,12.379335331406065,,0.0005848413278135256,0.389594999999872,ok,same_stridge_core,Hx;D_x^1.50455 H,0.01742212021718527,1.054899974561279
0.7162002929742805,1.7947957257805083,0.26581773606584896,-1.131547072362288,0;0;-1.13154707236;0.265817736066;0;0;0;0;0;0;0;0,56733.22105196108,0.006,446,0.0001,12.588774720980119,,0.0008220438672317895,0.3817567000000963,ok,same_stridge_core,Hx;D_x^1.794796 H,0.018000000000000002,1.2421305105879026
0.7942705693254206,1.409210987535019,0.0,-0.7795060234686058,0.0921395835251;-0.019920134886;-0.779506023469;0;3.36431726785;0;-0.0241464588022;0.274040487611;-0.671056619589;0;-0.0316933049641;0.0155894846101,58513.697879496554,0.006,447,0.0001,53.50278830415351,,0.0003436006710002313,0.37798739999993813,ok,same_stridge_core,1;H;Hx;Hxxx;H*Hx;H*Hxx;H*Hxxx;H^2*Hxx;H^2*Hxxx,0.006,0.8404602126066002
0.7390312068683872,1.4879972612747283,0.20815746338876295,-1.126548560091716,0;0;-1.12654856009;0.208157463389;0;0;0;0;0;0;0;0,56982.24349273754,0.006,448,0.0001,12.382669809933962,,0.000501665182327677,0.27068480000002637,ok,same_stridge_core,Hx;D_x^1.487997 H,0.036,0.9862211113864523
0.7642813729405205,1.1891971603485394,0.0,-0.9860680822256338,0;0;-0.986068082226;0;0;0;0;0.0627409535488;0;0;0;0,61359.0334199031,0.006,449,0.0001,13.562083789757574,,0.0008503150779866535,0.3922876000001452,ok,same_stridge_core,Hx;H*Hxx,0.023335944764786863,1.2902771057769542
0.6218724893191498,1.6273719171742684,1.0248190537966866,-1.6047800272707815,0;0;-1.60478002727;1.0248190538;0.618732572259;0;0;-0.6902490859;0;0;0.0555191320683;0,53829.883343614936,0.006,450,0.0001,28.97153872101044,,0.0020858831173875547,0.3990051000000676,ok,same_stridge_core,Hx;D_x^1.627372 H;Hxxx;H*Hxx;H^2*Hxx,0.03,2.0565970492029697
0.6912833600119165,1.5006994071501116,0.4481043211104339,-1.3505230191868771,0;0;-1.35052301919;0.44810432111;0.75451054512;0;0;-0.0902650458427;-0.158763792378;0;0;0,56707.0287870906,0.006,451,0.0001,29.38871911857767,,0.0005432328926661901,0.3967178000000331,ok,same_stridge_core,Hx;D_x^1.500699 H;Hxxx;H*Hxx;H*Hxxx,0.05088636363636361,1.0352047250323635
0.6910873538505359,1.4479504477983387,0.43292493225205325,-1.390848339548374,0;0;-1.39084833955;0.432924932252;-0.5672973472;0;0;-0.0931824730758;0;0;0;0,57799.34281225119,0.006,452,0.0001,24.137319279023483,,0.0005209717433286425,0.3832773999999972,ok,same_stridge_core,Hx;D_x^1.44795 H;Hxxx;H*Hxx,0.024,1.0175821541230066
0.814346526455483,1.7033094937207838,0.39943336105291544,-0.9230766872553005,0;0;-0.923076687255;0.399433361053;0;0;0;0;0;0;0;0,53141.009904180915,0.006,453,0.0001,11.87972517279208,,0.0007966662919071651,0.2925063999998656,ok,same_stridge_core,Hx;D_x^1.703309 H,0.041999999999999996,1.2515231919558971
0.7097866566057467,1.5760454426047317,0.46313454371634893,-1.2502686981613893,0;0;-1.25026869816;0.463134543716;1.0385510409;0;0;-0.0725652878906;-0.161223987722;0;0;0,54965.612794929766,0.006,454,0.0001,28.43088444237828,,0.00045490588998548437,0.3926957000001039,ok,same_stridge_core,Hx;D_x^1.576045 H;Hxxx;H*Hxx;H*Hxxx,0.018000000000000002,0.9480780449133935
0.6718655210408371,1.717450446896344,0.5685731382595253,-1.2930116381903134,0;0;-1.29301163819;0.56857313826;3.68479960345;0;0;-0.0940435539168;-0.509226145691;0;0;0,53303.29842407599,0.006,455,0.0001,28.13168034665206,,0.001172542121828243,0.1496641000001091,ok,same_stridge_core,Hx;D_x^1.71745 H;Hxxx;H*Hxx;H*Hxxx,0.024,1.4800311346140669
0.6833789530770766,1.388147312356032,0.3748059237558771,-1.4298714667353405,0;0;-1.42987146674;0.374805923756;0;0;0;-0.0912638942507;-0.1119842447;0;0;0,58871.256062750625,0.006,456,0.0001,24.574857878941824,,0.0005390168295818078,0.3954554999997981,ok,same_stridge_core,Hx;D_x^1.388147 H;H*Hxx;H*Hxxx,0.018000000000000002,1.0263554538415747
0.7308421515494655,1.6565388887047554,0.5178729696897338,-1.1665317477401889,0;0;-1.16653174774;0.51787296969;0;0;0;-0.0608699750546;0;0;0;0,53341.04835835743,0.006,457,0.0001,16.92565714859796,,0.00042543683642324,0.3831344000000172,ok,same_stridge_core,Hx;D_x^1.656539 H;H*Hxx,0.017364664907062073,0.92334264109073
0.5675874553100368,1.4538457065290518,0.9247748709604555,-2.0137039909688323,0;0;-2.01370399097;0.92477487096;0;0;0;-0.785349708213;-0.0938534063177;0;0.0579215492823;0,57684.05153121345,0.006,458,0.0001,31.521200354088226,,0.0035330199114870847,0.13833649999992303,ok,same_stridge_core,Hx;D_x^1.453846 H;H*Hxx;H*Hxxx;H^2*Hxx,0.03,2.6791745884814984
0.6246697982440668,1.4195449444992625,0.6252360658650322,-1.72417324445587,0;0;-1.72417324446;0.625236065865;0;0;0;-0.195207143671;-0.173079895332;0;0;0,58330.427187937516,0.006,459,0.0001,25.144328701895613,,0.0016459096443637437,0.38854590000005373,ok,same_stridge_core,Hx;D_x^1.419545 H;H*Hxx;H*Hxxx,0.03,1.8121578267206089
0.69573790041383,1.2991408773131043,0.24219560746067453,-1.3675001523959707,0;0;-1.3675001524;0.242195607461;0;0;0;-0.053336135694;-0.120648651683;0;0;0,60164.185760746266,0.006,460,0.0001,25.088772416669748,,0.0005446950863306681,0.16357889999994768,ok,same_stridge_core,Hx;D_x^1.299141 H;H*Hxx;H*Hxxx,0.024,1.0230981123712408
0.6243531719711897,1.502839865486715,0.7162226404429584,-1.6617630004705306,0;0;-1.66176300047;0.716222640443;-0.634869547928;0;0;-0.194846194092;0;0;0;0,56659.9425139483,0.006,461,0.0001,24.813748976737834,,0.0023130671369756806,0.37141859999996996,ok,same_stridge_core,Hx;D_x^1.50284 H;Hxxx;H*Hxx,0.06535384615384622,2.149771971158515
0.58990133602235,1.4881702477386414,0.78586245548596,-1.7856868054112978,0;0;-1.78568680541;0.785862455486;0;0;0;-0.231254440921;0;0;0;0,56978.54687945128,0.006,462,0.0001,20.066482544517015,,0.004399665423901084,0.3810258999999405,ok,same_stridge_core,Hx;D_x^1.48817 H;H*Hxx,0.047999999999999994,2.97291848068163
0.6708464272287249,1.603271900140585,0.597850586100157,-1.379641159078178,0;0;-1.37964115908;0.5978505861;0;0;0;-0.114462496212;0;0;0;0,54338.41469630694,0.006,463,0.0001,17.828443086509125,,0.001185174954805292,0.39383010000005925,ok,same_stridge_core,Hx;D_x^1.603272 H;H*Hxx,0.07767619047619047,1.5269186776170394
0.7290538202811131,1.372115510338979,0.1668446427206792,-1.1672243623139815,0;0;-1.16722436231;0.166844642721;0;0;0;0;0;0;0;0,59129.41823539944,0.006,464,0.0001,12.887261086542642,,0.0005779833657848592,0.39924759999985326,ok,same_stridge_core,Hx;D_x^1.372116 H,0.018000000000000002,1.0613774394627522
0.6361830498523519,1.6411465612363223,0.9764122461429736,-1.5332529423465417,0;0;-1.53325294235;0.976412246143;0.616616436011;0;0;-0.610432949321;0;0;0.048722131367;0,53576.2491113095,0.006,465,0.0001,28.641035978051566,,0.0016960482650407694,0.1391978999999992,ok,same_stridge_core,Hx;D_x^1.641147 H;Hxxx;H*Hxx;H^2*Hxx,0.03181578947368422,1.8529114223968142
0.6035089208737566,1.488976748348607,0.734644186879348,-1.7204565802221892,0;0;-1.72045658022;0.734644186879;0;0;0;-0.209002316137;0;0;0;0,56961.28472972278,0.006,466,0.0001,19.736790271855707,,0.0034888593088257206,0.14540180000017244,ok,same_stridge_core,Hx;D_x^1.488977 H;H*Hxx,0.041999999999999996,2.6484048529388695
0.7454160664720406,1.310965167384971,0.16319091970954874,-1.1419098839059365,0;0;-1.14190988391;0.16319091971;0;0;0;0;0;0;0;0,60011.13169556985,0.006,467,0.0001,13.211938546998855,,0.0007438981972583619,0.3936190000001716,ok,same_stridge_core,Hx;D_x^1.310965 H,0.0245192126261538,1.209712207884885
0.713740417723186,1.413567579288908,0.3075698438573674,-1.284931879049997,0;0;-1.28493187905;0.307569843857;0;0;0;-0.0517483345366;-0.0697161653377;0;0;0,58437.0727034181,0.006,468,0.0001,24.30147662432888,,0.0004422370694715637,0.4215716000001066,ok,same_stridge_core,Hx;D_x^1.413568 H;H*Hxx;H*Hxxx,0.024,0.9266475429616402
0.7574797819325259,1.4471503366020717,0.21557570646784358,-1.09483260011067,0;0;-1.09483260011;0.215575706468;0;0;0;0;0;0;0;0,57814.85388563088,0.006,469,0.0001,12.634315531665084,,0.0005889132486912156,0.40673689999994167,ok,same_stridge_core,Hx;D_x^1.44715 H,0.024,1.0713447545389068
0.8769657868339664,1.6061612919239374,0.0,-0.7318460904243979,0;0;-0.731846090424;0;0;0;0;0.0949341804705;0;0;0;0,54274.32023703891,0.006,470,0.0001,12.78490377493181,,0.0019006763011098708,0.283639600000015,ok,same_stridge_core,Hx;H*Hxx,0.047999999999999994,1.9300397275240253
0.6392906597793624,1.7830299929925657,1.3621030913058594,-1.4273350023783589,0;0;-1.42733500238;1.36210309131;1.23613948429;0;0;-0.754912410898;0;0;0.0635966583749;0,55947.2188672709,0.006,471,0.0001,29.997205117338137,,0.0020590277963436054,0.38012229999981173,ok,same_stridge_core,Hx;D_x^1.78303 H;Hxxx;H*Hxx;H^2*Hxx,0.036,2.0235956837026845
0.7335898604392501,1.4800891247099828,0.19958661307314016,-1.1396925054466154,0;0;-1.13969250545;0.199586613073;0;0;0;0;0;0;0;0,57149.811887719894,0.006,472,0.0001,12.424943918064061,,0.0005124690176462419,0.2694778000000042,ok,same_stridge_core,Hx;D_x^1.480089 H,0.07101098901098908,0.9949815405200819
0.5728909714921533,1.8351545570903374,-0.30539496454367127,-1.5242497745282417,0;0;-1.52424977453;-0.305394964544;7.39414047556;0;0;0;-1.10727031671;0;0;0,59721.483046906425,0.006,473,0.0001,27.529044198756246,,0.007214590601011214,0.38618739999992613,ok,same_stridge_core,Hx;D_x^1.835155 H;Hxxx;H*Hxxx,0.07281818181818187,3.6404509799936737
0.7901096182542554,1.4330176440300777,0.24036634744837923,-1.0313288668004135,0;0;-1.0313288668;0.240366347448;0;0;0;0;0;0;0;0,58083.56499253697,0.006,474,0.0001,12.985125682417436,,0.0009746565942847133,0.3761441999999988,ok,same_stridge_core,Hx;D_x^1.433018 H,0.03,1.3684126839100401
0.6723532130303723,1.6359402478669045,0.5488942837398997,-1.335357234294651,0;0;-1.33535723429;0.54889428374;2.92160003029;0;0;-0.103201940699;-0.418286857102;0;0;0,53668.02247685075,0.006,475,0.0001,28.223331140252398,,0.0010136132782017342,0.3927177999999003,ok,same_stridge_core,Hx;D_x^1.63594 H;Hxxx;H*Hxx;H*Hxxx,0.018000000000000002,1.3893199018270226
0.7162002929742805,1.5435265866300119,0.4264642849076252,-1.243736528109185,0;0;-1.24373652811;0.426464284908;0.541233886726;0;0;-0.065180258001;-0.100691003227;0;0;0,55732.13053507328,0.006,476,0.0001,28.77413862621511,,0.00041612384876029226,0.2844122999999854,ok,same_stridge_core,Hx;D_x^1.543527 H;Hxxx;H*Hxx;H*Hxxx,0.012,0.9080733586784672
0.9146890962203966,1.4392765321679277,-0.08565408851733278,-0.6207736022998331,0;0;-0.6207736023;-0.0856540885173;0;0;0;0.126663583535;0;0;0;0,57965.79913386261,0.006,477,0.0001,19.53623951857806,,0.002334195985081348,0.2695665999999619,ok,same_stridge_core,Hx;D_x^1.439277 H;H*Hxx,0.04713306952306952,2.1464997784192756
0.8022484930946492,1.4194421559925323,0.0,-0.8943983498343063,0;0;-0.894398349834;0;0;0;0;0.0752962810797;0;0;0;0,58332.27487256741,0.006,478,0.0001,13.114715643333717,,0.0010608267229585795,0.38050619999989976,ok,same_stridge_core,Hx;H*Hxx,0.03,1.4482606688202344
0.7029875395221947,1.4059965505826781,0.14545634397185164,-1.2230226684522598,0;0;-1.22302266845;0.145456343972;-0.130533661956;0;0;0;0;0;0;0,58569.640943458435,0.006,479,0.0001,18.756025017007154,,0.0007488958184717276,0.3682399000001624,ok,same_stridge_core,Hx;D_x^1.405997 H;Hxxx,0.023924356983446065,1.1851327339696214
0.7045476863774762,1.4872477255619991,0.16505396981040965,-1.2028983114963214,0;0;-1.2028983115;0.16505396981;0;0;0;0;0;0;0;0,56998.25356489052,0.006,480,0.0001,12.598251234370696,,0.0007654438926612085,0.3976517999999487,ok,same_stridge_core,Hx;D_x^1.487248 H,0.05399999999999999,1.1986005213925923
0.6810392464787641,1.8192899483852787,0.0,-1.2508336634588517,-0.0230469277991;0;-1.25083366346;0;1.53938092198;0;0;0;-0.317935875091;0;0;0,58530.53023476588,0.006,481,0.0001,25.007589370829947,,0.0013285038576545216,0.4087253000000146,ok,same_stridge_core,1;Hx;Hxxx;H*Hxxx,0.018000000000000002,1.5953772769235974
0.7088333063124651,1.484564654552663,0.17013473373592736,-1.1936373664590605,0;0;-1.19363736646;0.170134733736;0;0;0;0;0;0;0;0,57055.34432370795,0.006,482,0.0001,12.561585238029572,,0.0007024640710618622,0.37145959999998013,ok,same_stridge_core,Hx;D_x^1.484565 H,0.03,1.1505163732879817
0.5814352139667115,1.4669144696149896,0.8868462174943216,-1.9252199108504946,0;0;-1.92521991085;0.886846217494;0;0;0;-0.718143815893;-0.0743488663228;0;0.0528658144903;0,57422.26669081125,0.006,483,0.0001,31.162818889761787,,0.002959509341803801,0.1420947999999953,ok,same_stridge_core,Hx;D_x^1.466914 H;H*Hxx;H*Hxxx;H^2*Hxx,0.024,2.4516855443561583
0.670355812376553,1.685891497637967,0.5631994960542634,-1.3134738241220993,0;0;-1.31347382412;0.563199496054;3.48013850212;0;0;-0.0990428567874;-0.485878739957;0;0;0,53101.27257432506,0.006,484,0.0001,28.021976747824002,,0.0011516389553120085,0.3896354999999403,ok,same_stridge_core,Hx;D_x^1.685891 H;Hxxx;H*Hxx;H*Hxxx,0.024,1.4713404606614688
0.547313095016405,1.5874989087837097,3.208093892952209,-1.0350365001013528,0;0;-1.0350365001;3.20809389295;-3.14058647329;0;-0.611151263669;-1.66902591517;-2.87411696793;0.048846425965;0.103586116668;0.371475510908,54697.90110168621,0.006,485,0.0001,51.6468225218092,,0.003078923376451774,0.37885179999989305,ok,same_stridge_core,Hx;D_x^1.587499 H;Hxxx;H*Hx;H*Hxx;H*Hxxx;H^2*Hx;H^2*Hxx;H^2*Hxxx,0.018000000000000006,2.4187115302915974
0.7303033870565458,1.8149984178541791,0.6287653245442992,-1.130119255296594,-0.0129728883022;0;-1.1301192553;0.628765324544;0;0;0.00154174717957;-0.0689540790945;0.199588552127;0;0;-0.028503106471,58207.1229178296,0.006,486,0.0001,41.68483267592937,,0.00044504896610304503,0.3982251999998425,ok,same_stridge_core,1;Hx;D_x^1.814998 H;H*Hx;H*Hxx;H*Hxxx;H^2*Hxxx,0.006,0.9398466334486489
0.7465380926102609,1.2986106067427177,0.16024861050699488,-1.1412088894614898,0;0;-1.14120888946;0.160248610507;0;0;0;0;0;0;0;0,60170.92722620061,0.006,487,0.0001,13.277294161646237,,0.0007849833533141294,0.28970609999987573,ok,same_stridge_core,Hx;D_x^1.298611 H,0.024,1.243108716406114
0.7320328315323207,1.4324831817521781,0.18111020581339557,-1.1571657627062195,0;0;-1.15716576271;0.181110205813;-0.177579238347;0;0;0;0;0;0;0,58093.52871391022,0.006,488,0.0001,18.42849300839044,,0.00052059362616069,0.2853841999999531,ok,same_stridge_core,Hx;D_x^1.432483 H;Hxxx,0.024,1.0004343942173726
0.6111695777948926,1.462635521187389,0.7482800893965826,-1.772078772098441,0;0;-1.7720787721;0.748280089397;-0.986941851172;0;0;-0.223686811184;0;0;0;0,57508.91888120466,0.006,489,0.0001,25.289165199737763,,0.002597669052066184,0.4081151000000318,ok,same_stridge_core,Hx;D_x^1.462636 H;Hxxx;H*Hxx,0.07966666666666668,2.2855976472558983
0.5902001943924472,1.4636262001885205,1.2078159445741734,-1.823039638118182,0;0;-1.82303963812;1.20781594457;0;0;-0.0523507772927;-0.398539273863;-0.447881095245;0;0;0,57488.936063240435,0.006,490,0.0001,31.07615163631834,,0.0026398673936886656,0.3956716000000142,ok,same_stridge_core,Hx;D_x^1.463626 H;H*Hx;H*Hxx;H*Hxxx,0.04205555555555559,2.331683604698121
0.7637983306157864,1.6204838241662562,0.28563431916833354,-1.0483511239107857,0;0;-1.04835112391;0.285634319168;0;0;0;0;0;0;0;0,53968.2884849905,0.006,491,0.0001,11.782465080318458,,0.0004980177332729135,0.26977599999986523,ok,same_stridge_core,Hx;D_x^1.620484 H,0.02393211440650966,0.9888073833203556
0.6300233712956451,1.7086305648197675,0.5661837582118073,-1.4222578703859123,0;0;-1.42225787039;0.566183758212;5.32633860252;0;0;-0.121621278184;-0.757708771481;0;0;0,53187.23246135436,0.006,492,0.0001,28.79495125048164,,0.0026155370609756523,0.38410750000002736,ok,same_stridge_core,Hx;D_x^1.708631 H;Hxxx;H*Hxx;H*Hxxx,0.05474999999999999,2.201335019804456
0.6415825730896842,1.536248116265976,0.7416181081288686,-1.5730752595914883,0;0;-1.57307525959;0.741618108129;0;0;0;-0.455161264097;0;0;0.0330954734922;0,55901.94679339269,0.006,493,0.0001,23.985080957742348,,0.001301654555562678,0.14248780000002625,ok,same_stridge_core,Hx;D_x^1.536248 H;H*Hxx;H^2*Hxx,0.018000000000000002,1.6243022403852674
0.6424753594772837,1.510618459765124,0.6521904603646664,-1.5701548200738766,0;0;-1.57015482007;0.652190460365;-0.508427001707;0;0;-0.165244727631;0;0;0;0,56487.19408660676,0.006,494,0.0001,24.40936292355115,,0.001647673830851029,0.4037438000000293,ok,same_stridge_core,Hx;D_x^1.510618 H;Hxxx;H*Hxx,0.03,1.8144852889084448
0.688530683796307,1.4203890850514431,0.39460260938048447,-1.3996699353758288,0;0;-1.39966993538;0.39460260938;0;0;0;-0.0892928745735;-0.0935939115441;0;0;0,58315.22414272288,0.006,495,0.0001,24.33108103394818,,0.0005142885832565264,0.395475499999975,ok,same_stridge_core,Hx;D_x^1.420389 H;H*Hxx;H*Hxxx,0.03,1.0049913768590273
0.4865038679396549,1.010724868223594,0.503383571191467,-2.9428406117238755,0;0;-2.94284061172;0.503383571191;-8.76776523808;0;0;-0.366234542274;0.179428071414;0;0;0,62629.41504700159,0.006,496,0.0001,35.19014350703201,,0.007431896734872632,0.3766022999998313,ok,same_stridge_core,Hx;D_x^1.010725 H;Hxxx;H*Hxx;H*Hxxx,0.15000000000000005,3.8754359835312204
0.7446028882271328,1.2021132318711425,0.1293286963463053,-1.1542224778751702,0;0;-1.15422247788;0.129328696346;0;0;0;0;0;0;0;0,61237.900365388086,0.006,497,0.0001,13.707033537493807,,0.0010714590712973665,0.38874909999981355,ok,same_stridge_core,Hx;D_x^1.202113 H,0.03,1.4594534644161894
0.4954067109103139,1.2505938334776232,0.9959939740749753,-2.859688524475702,0;0;-2.85968852448;0.995993974075;-5.15772467366;0;0;-0.479317209596;-0.0269804902604;0;0;0,60739.69764263247,0.006,498,0.0001,34.254234584267245,,0.007466038092590268,0.40291190000016286,ok,same_stridge_core,Hx;D_x^1.250594 H;Hxxx;H*Hxx;H*Hxxx,0.15000000000000005,3.8843857629510077
0.6514050686559926,1.9752015005523524,0.03182219617447415,-1.2843789484946009,0;0;-1.28437894849;0.0318221961745;4.40787061539;0;0;0;-0.640113122233;0;0;0,64454.477984685116,0.006,499,0.0001,27.791919783290115,,0.0022034816956866547,0.38204160000009324,ok,same_stridge_core,Hx;D_x^1.975202 H;Hxxx;H*Hxxx,0.036,2.0101285894160656
0.5883471505521062,1.6603764553197156,1.3214428152961377,-1.731185828941322,0;0;-1.73118582894;1.3214428153;1.04137574684;0;0;-0.982577256122;0;0;0.0821765701552;0,53292.33487163218,0.006,500,0.0001,29.358850540807293,,0.0036324170418745314,0.3971137999999428,ok,same_stridge_core,Hx;D_x^1.660376 H;Hxxx;H*Hxx;H^2*Hxx,0.034631578947368395,2.7126831049912035
0.7870037969678187,1.8592431036785817,0.46381053655472676,-0.9488954448257524,0;0;-0.948895444826;0.463810536555;0;0;0;0;0;0;0;0,61404.36371377212,0.006,501,0.0001,13.337587619041653,,0.0005611337728080483,0.3888915999998517,ok,same_stridge_core,Hx;D_x^1.859243 H,0.041999999999999996,1.0567148762872274
0.7506805411118835,1.628909628526407,0.2697480321799352,-1.0757447047789686,0;0;-1.07574470478;0.26974803218;0;0;0;0;0;0;0;0,53799.935891876885,0.006,502,0.0001,11.72775848273859,,0.00048051918050615375,0.3866559000000507,ok,same_stridge_core,Hx;D_x^1.62891 H,0.02333582814975797,0.9677713043632133
0.6412127017066004,1.570243219333679,0.8031359592164237,-1.5553953532362106,0;0;-1.55539535324;0.803135959216;0.1853331113;0;0;-0.495456640661;0;0;0.0372645980377;0,55102.327702975286,0.006,503,0.0001,29.228059676150437,,0.0013869772392016693,0.15389500000014777,ok,same_stridge_core,Hx;D_x^1.570243 H;Hxxx;H*Hxx;H^2*Hxx,0.018000000000000002,1.676895824662793
0.7471365908265444,1.530497603295726,0.23079878620782968,-1.1014365718511534,0;0;-1.10143657185;0.230798786208;0;0;0;0;0;0;0;0,56035.13945134792,0.006,504,0.0001,12.182152721017168,,0.0004887194402559118,0.3944448999998258,ok,same_stridge_core,Hx;D_x^1.530498 H,0.02928881663457515,0.9751248307475836
0.7723185147283247,1.4076365621229305,0.0,-0.9661280678282245,0;0;-0.966128067828;0;0;0;0;0.0655542716507;0;0;0;0,58541.16018022677,0.006,505,0.0001,13.018984147620657,,0.0008741772862246634,0.3892873999998301,ok,same_stridge_core,Hx;H*Hxx,0.036,1.3107521115753036
0.5907289309104259,1.3245314052808554,0.6230471962364573,-1.9744360748610301,0;0;-1.97443607486;0.623047196236;0;0;0;-0.243961816922;-0.306164621151;0;0;0,59828.86898895163,0.006,506,0.0001,26.074641429658385,,0.002306837145402331,0.4011894999998731,ok,same_stridge_core,Hx;D_x^1.324531 H;H*Hxx;H*Hxxx,0.03,2.1430938340777317
0.8145669757140784,1.1408425419309616,0.0,-0.8660068111888294,0;0;-0.866006811189;0;0;0;0;0.0789807114403;0;0;0;0,61773.45030349071,0.006,507,0.0001,13.877052813066157,,0.001172432251889264,0.39326740000001337,ok,same_stridge_core,Hx;H*Hxx,0.036,1.5223627523680139
0.6756621327726356,1.6494616960676156,0.5498310696763524,-1.3175129478004217,0;0;-1.3175129478;0.549831069676;2.93592541335;0;0;-0.099187238334;-0.415650061387;0;0;0,53441.83779690853,0.006,508,0.0001,28.077947241720874,,0.0009685399797158833,0.37380740000003243,ok,same_stridge_core,Hx;D_x^1.649462 H;Hxxx;H*Hxx;H*Hxxx,0.018000000000000002,1.3570283432666108
0.6762276070445064,1.7383354482622841,0.5734936468642046,-1.2708286288649608,0;0;-1.27082862886;0.573493646864;3.67465446568;0;0;-0.0890488330589;-0.503937176646;0;0;0,53794.745479072575,0.006,509,0.0001,28.332889903881906,,0.0011055698774972839,0.3886638999999832,ok,same_stridge_core,Hx;D_x^1.738335 H;Hxxx;H*Hxx;H*Hxxx,0.02473015873015872,1.4355171643456188
0.66807289389806,1.425634572549979,0.49232089338819257,-1.5102174945387026,0;0;-1.51021749454;0.492320893388;-0.808625827653;0;0;-0.126494473061;0;0;0;0,58219.96293087698,0.006,510,0.0001,24.504231247830727,,0.0007388539884643884,0.3798884000000271,ok,same_stridge_core,Hx;D_x^1.425635 H;Hxxx;H*Hxx,0.03148057416267944,1.2162460754799345
0.6330406860155384,1.4136411946300498,0.5850946817550615,-1.682006520048602,0;0;-1.68200652005;0.585094681755;0;0;0;-0.179394256628;-0.165383997801;0;0;0,58435.76995540516,0.006,511,0.0001,25.027879393738118,,0.0013717818375542227,0.3782552999998643,ok,same_stridge_core,Hx;D_x^1.413641 H;H*Hxx;H*Hxxx,0.023461919504643963,1.653571411576054
0.7397062880939436,1.6928775116792791,0.27608189901896646,-1.0896759910984437,0;0;-1.0896759911;0.276081899019;0;0;0;0;0;0;0;0,53097.97757273069,0.006,512,0.0001,11.629243630406854,,0.0005296253998753889,0.2801440000000639,ok,same_stridge_core,Hx;D_x^1.692878 H,0.023328981492841135,1.0096481158607153
0.6704880948331744,1.5721374318105412,0.5488220203222572,-1.388756606770267,0;0;-1.38875660677;0.548822020322;4.21201194074;0;0;-0.113203260644;-1.0042914902;0;0;0.051706994758,55057.646297645675,0.006,513,0.0001,34.35930922774857,,0.0009168924745371109,0.3919326000000183,ok,same_stridge_core,Hx;D_x^1.572137 H;Hxxx;H*Hxx;H*Hxxx;H^2*Hxxx,0.018000000000000002,1.3247214491611587
0.5765043969715524,1.3367635823306292,0.7017966042169088,-2.062882364684498,0;0;-2.06288236468;0.701796604217;0;0;0;-0.277205070238;-0.327156759039;0;0;0,59658.208375178125,0.006,514,0.0001,26.31465501968828,,0.0030107898128658088,0.387478099999953,ok,same_stridge_core,Hx;D_x^1.336764 H;H*Hxx;H*Hxxx,0.036,2.4513716696170302
0.7186291088520146,1.8086689035365366,0.27703795268994885,-1.1235213951168377,0;0;-1.12352139512;0.27703795269;0;0;0;0;0;0;0;0,57734.17429751111,0.006,515,0.0001,12.773470455678831,,0.000800424293630702,0.39022049999994124,ok,same_stridge_core,Hx;D_x^1.808669 H,0.01736465520948493,1.2266355961766082
0.675981701609249,1.6895944125330573,0.5619668455406888,-1.295105428390275,0;0;-1.29510542839;0.561966845541;3.29727438656;0;0;-0.0948640834529;-0.457668013227;0;0;0,53096.50751275536,0.006,516,0.0001,27.941211889096166,,0.001030162590693677,0.39314149999995607,ok,same_stridge_core,Hx;D_x^1.689594 H;Hxxx;H*Hxx;H*Hxxx,0.018000000000000002,1.3929581327184886
0.6256897424365341,1.4380415873081631,0.828941979408226,-1.6729837897860669,0;0;-1.67298378979;0.828941979408;0;0;-0.0288025762854;-0.264359884878;-0.30589716793;0;0;0,57989.19144817511,0.006,517,0.0001,30.679888112896275,,0.0013974070069605051,0.16456270000003315,ok,same_stridge_core,Hx;D_x^1.438042 H;H*Hx;H*Hxx;H*Hxxx,0.024,1.685292388808718
0.6831401271015713,1.3903123993162916,0.3780687520555145,-1.4307470081369906,0;0;-1.43074700814;0.378068752056;0;0;0;-0.0920512789343;-0.111453501921;0;0;0,58835.47638429255,0.006,518,0.0001,24.562621893786844,,0.0005408782720638826,0.3984055000000808,ok,same_stridge_core,Hx;D_x^1.390312 H;H*Hxx;H*Hxxx,0.018000000000000002,1.0284313400698228
0.6648963892561497,1.8765151275137966,0.0,-1.2648962544653477,0;0;-1.26489625447;0;0;0;0;0;0;0;0;0,62430.574781331416,0.006,519,0.0001,8.460750919289204,,0.0025532748616374844,0.2897027000001344,ok,same_stridge_core,Hx,0.024,2.217693441156061
0.5604507171367675,1.5064357810645717,1.0851821724444253,-2.0096480453644507,0;0;-2.00964804536;1.08518217244;0;0;0;-0.956878662557;0;0;0.0755723873673;0,56580.39914760049,0.006,520,0.0001,25.571813331803803,,0.0042296753893682456,0.3805007000000842,ok,same_stridge_core,Hx;D_x^1.506436 H;H*Hxx;H^2*Hxx,0.041999999999999996,2.9396536727636033
0.6213503135658961,1.6204838241662562,1.0114966571726633,-1.6119373797769339,0;0;-1.61193737978;1.01149665717;0.579340343517;0;0;-0.685086220859;0;0;0.0549223243759;0,53968.2884849905,0.006,521,0.0001,29.03806747120277,,0.002079651276988574,0.16037149999988287,ok,same_stridge_core,Hx;D_x^1.620484 H;Hxxx;H*Hxx;H^2*Hxx,0.04733333333333337,2.053923228707519
0.6180481054076992,1.5030757693425514,0.740849963614016,-1.6917465188534409,0;0;-1.69174651885;0.740849963614;-0.664593521176;0;0;-0.205150334159;0;0;0;0,56654.74224698397,0.006,522,0.0001,24.945809237572814,,0.002612219514863503,0.4108664000000317,ok,same_stridge_core,Hx;D_x^1.503076 H;Hxxx;H*Hxx,0.0782,2.283912338779224
0.6271926979046024,1.7028334960945826,1.1927963734088514,-1.5295842847340668,0;0;-1.52958428473;1.19279637341;1.00143015311;0;0;-0.74769646814;0;0;0.0619379077559;0,53137.70427671601,0.006,523,0.0001,28.659725485180157,,0.0021701633157521906,0.4026427999999669,ok,same_stridge_core,Hx;D_x^1.702833 H;Hxxx;H*Hxx;H^2*Hxx,0.047999999999999994,2.090873346822154
0.6795325165209772,1.480531983876554,0.5015258060782343,-1.4269040259710648,0;0;-1.42690402597;0.501525806078;-0.493229256411;0;0;-0.111918768775;0;0;0;0,57140.50666033208,0.006,524,0.0001,24.026841837746208,,0.0006837213663132118,0.3790456000001541,ok,same_stridge_core,Hx;D_x^1.480532 H;Hxxx;H*Hxx,0.03,1.1706391736133737
0.6767173861097924,1.7404137782411016,0.5741389911331869,-1.268515800540695,0;0;-1.26851580054;0.574138991133;3.67101661322;0;0;-0.0885509536449;-0.50305532047;0;0;0,53861.43589584233,0.006,525,0.0001,28.361071363687742,,0.001097828275782347,0.375027799999998,ok,same_stridge_core,Hx;D_x^1.740414 H;Hxxx;H*Hxx;H*Hxxx,0.019082706766917305,1.430353415766576
0.7092325630763278,1.488976748348607,0.17154437799489178,-1.1920627691488508,0;0;-1.19206276915;0.171544377995;0;0;0;0;0;0;0;0,56961.28472972278,0.006,526,0.0001,12.540081805533255,,0.0006991811454692626,0.13372240000012425,ok,same_stridge_core,Hx;D_x^1.488977 H,0.036,1.1478248595886982
0.7575621441715119,1.1870844186541716,0.0,-1.0029632716699894,0;0;-1.00296327167;0;0;0;0;0.0603228995269;0;0;0;0,61378.41041011463,0.006,527,0.0001,13.55618189716833,,0.0008407900326667425,0.3974342000001343,ok,same_stridge_core,Hx;H*Hxx,0.024,1.280499815145402
0.6091306388882569,1.2495965339215398,0.4391671272963071,-1.865555180490387,0;0;-1.86555518049;0.439167127296;0;0;0;-0.184498043299;-0.311737909452;0;0;0,60750.6799282989,0.006,528,0.0001,26.03621189058922,,0.001531249008180258,0.40029980000008436,ok,same_stridge_core,Hx;D_x^1.249597 H;H*Hxx;H*Hxxx,0.060301020408163264,1.735939919269663
0.6460384483212183,1.6466122257930649,0.9343115046433794,-1.4884650439218132,0;0;-1.48846504392;0.934311504643;0.587736185059;0;0;-0.552292805057;0;0;0.0436672053763;0,53486.08244318356,0.006,529,0.0001,28.458408927430643,,0.0014550843523567305,0.14564790000008543,ok,same_stridge_core,Hx;D_x^1.646612 H;Hxxx;H*Hxx;H^2*Hxx,0.03162857142857143,1.715367705838864
0.6694219393820606,1.2556040090275926,0.09476276667110733,-1.3138644541542812,0;0;-1.31386445415;0.0947627666711;0;0;0;0;0;0;0;0,60684.034432539964,0.006,530,0.0001,13.792418048976982,,0.0014651872707982935,0.3668072000000393,ok,same_stridge_core,Hx;D_x^1.255604 H,0.047999999999999994,1.6556111624689878
0.6753348206569069,1.5790557553016482,0.5426281952498003,-1.3676606762609331,0;0;-1.36766067626;0.54262819525;4.07262283894;0;0;-0.107721400757;-0.967970138996;0;0;0.0500767236372,54894.90957129594,0.006,531,0.0001,34.204890609199595,,0.000839672671245534,0.26371470000003683,ok,same_stridge_core,Hx;D_x^1.579056 H;Hxxx;H*Hxx;H*Hxxx;H^2*Hxxx,0.018000000000000002,1.2679448664220272
0.7335898604392501,1.4702801690953555,0.19402556449122552,-1.145117538823401,0;0;-1.14511753882;0.194025564491;-0.109468166722;0;0;0;0;0;0;0,57353.47349233352,0.006,532,0.0001,18.19737003302498,,0.0005104628457926504,0.28861209999990933,ok,same_stridge_core,Hx;D_x^1.47028 H;Hxxx,0.024,0.9913279853249204
0.6626473974018388,1.6718448375285382,0.5650199956248914,-1.344209223730425,0;0;-1.34420922373;0.565019995625;3.6515857665;0;0;-0.106407939401;-0.515340746235;0;0;0,53175.36110334828,0.006,533,0.0001,28.163268678229052,,0.001320659882137336,0.28838150000001406,ok,same_stridge_core,Hx;D_x^1.671845 H;Hxxx;H*Hxx;H*Hxxx,0.029628571428571414,1.575588126554911
0.7317904839523753,1.6122042058027073,0.23489726795725457,-1.1213096159969058,0;0;-1.121309616;0.234897267957;0;0;0;0;0;0;0;0,54142.607306623955,0.006,534,0.0001,11.843462999072013,,0.0005383253129102242,0.3853737000001729,ok,same_stridge_core,Hx;D_x^1.612204 H,0.045542245989304786,1.014941537747222
0.6749198151607524,1.4522609815812129,0.4926594171584819,-1.4631239684665862,0;0;-1.46312396847;0.492659417158;-0.640237583014;0;0;-0.117523550638;0;0;0;0,57715.2142256032,0.006,535,0.0001,24.265509591988174,,0.0006943786357513502,0.39057819999993626,ok,same_stridge_core,Hx;D_x^1.452261 H;Hxxx;H*Hxx,0.018499462995074562,1.179423901746892
0.6764765456323701,1.5071874321885887,0.1281262042988344,-1.2651831265186733,0;0;-1.26518312652;0.128126204299;0;0;0;0;0;0;0;0,56563.70196172883,0.006,536,0.0001,12.944568636717435,,0.0014412339327708786,0.369074400000045,ok,same_stridge_core,Hx;D_x^1.507187 H,0.10285714285714288,1.6318282443716678
0.7575673082956385,1.4759867547929695,0.22512166777025314,-1.0893115340113844,0;0;-1.08931153401;0.22512166777;0;0;0;0;0;0;0;0,57235.55836866677,0.006,537,0.0001,12.488495318739869,,0.0005562134993580514,0.3994715000001179,ok,same_stridge_core,Hx;D_x^1.475987 H,0.017364732938745398,1.0413836450065164
0.5937492139705173,1.7749834825967459,2.4585609711009075,-1.684641885069965,0;0;-1.68464188507;2.4585609711;21.1128524958;0;0;-1.494185966;-6.20268494891;0;0.128503959071;0.482746625869,55454.62116505782,0.006,538,0.0001,41.25434725699843,,0.0030695935673051666,0.3849796999998034,ok,same_stridge_core,Hx;D_x^1.774983 H;Hxxx;H*Hxx;H*Hxxx;H^2*Hxx;H^2*Hxxx,0.018000000000000002,2.4361124414579534
0.7588776412967004,1.5733118935878652,0.26052898632309707,-1.0680772679891448,0;0;-1.06807726799;0.260528986323;0;0;0;0;0;0;0;0,55029.96321110046,0.006,539,0.0001,11.99212934873171,,0.0004970886407405623,0.39232509999987997,ok,same_stridge_core,Hx;D_x^1.573312 H,0.029288796789216472,0.9861367065116173
0.6099629380192739,1.8481284686066584,0.0,-1.3931970682436903,0;0;-1.39319706824;0;5.44090515356;0;0;0;-0.744783997026;0;0;0,60656.671760516634,0.006,540,0.0001,21.07005956649023,,0.004522654379814201,0.3800244000001385,ok,same_stridge_core,Hx;Hxxx;H*Hxxx,0.060812203669346525,2.873058038335237
0.659501093471349,1.706576717482987,0.5673685527865827,-1.3344160718216134,0;0;-1.33441607182;0.567368552787;4.08275323421;0;0;-0.10306135615;-0.571051317851;0;0;0,53167.346258361766,0.006,541,0.0001,28.247272542377473,,0.0014849702821444738,0.38466799999991963,ok,same_stridge_core,Hx;D_x^1.706577 H;Hxxx;H*Hxx;H*Hxxx,0.03,1.663599413196589
0.7397062880939436,1.3321864047089993,0.16511398899297092,-1.1508055371226056,0;0;-1.15080553712;0.165113988993;0;0;0;0;0;0;0;0,59722.783334858585,0.006,542,0.0001,13.082358525588642,,0.000658759658757109,0.2778765000000476,ok,same_stridge_core,Hx;D_x^1.332186 H,0.029403258145363407,1.1378018586169256
0.7401040106907388,1.3332269025494972,0.18366479673880148,-1.181701977004039,0;0;-1.181701977;0.183664796739;0.213609846436;0;0;0.185797481186;-0.147255216585;0;-0.023861999558;0,59708.17875038718,0.006,543,0.0001,36.66742635795645,,0.0003623212906677162,0.39145559999997204,ok,same_stridge_core,Hx;D_x^1.333227 H;Hxxx;H*Hxx;H*Hxxx;H^2*Hxx,0.012,0.8425191077241344
0.6398151064564934,1.5905417051849788,0.8485030938424124,-1.5492098980998774,0;0;-1.5492098981;0.848503093842;0.311094048388;0;0;-0.527556413191;0;0;0.0404842283521;0,54627.52707971115,0.006,544,0.0001,29.03934666500103,,0.0014686498341549364,0.39685949999989134,ok,same_stridge_core,Hx;D_x^1.590542 H;Hxxx;H*Hxx;H^2*Hxx,0.018581179138321993,1.7255831251454552
0.6897075374345438,1.5132711116609374,0.49551325713950856,-1.3665126575856301,0;0;-1.36651265759;0.49551325714;-0.325208897832;0;0;-0.0988328251598;0;0;0;0,56427.71819277732,0.006,545,0.0001,23.67578456186586,,0.0006095630231343609,0.30039810000016587,ok,same_stridge_core,Hx;D_x^1.513271 H;Hxxx;H*Hxx,0.06631968031968036,1.1046972847549317
0.7840933647336772,1.8017671979547365,0.4154752672816753,-0.9673453377433043,0;0;-0.967345337743;0.415475267282;0;0;0;0;0;0;0;0,57228.38355312187,0.006,546,0.0001,12.489851566837205,,0.0005482102050908235,0.3811787000001914,ok,same_stridge_core,Hx;D_x^1.801767 H,0.03590678499278498,1.0441748562128301
0.7623747470327262,1.2309407465472901,0.0,-1.01216183520383,0;0;-1.0121618352;0;0;0;0;0;0;0;0;0,60950.279334512285,0.006,547,0.0001,8.869184403295115,,0.003871913940949565,0.3892461000000367,ok,same_stridge_core,Hx,0.06599999999999999,2.774156469843885
0.6842169014560704,1.5036950143295447,0.4666452344150207,-1.3751696802982925,0;0;-1.3751696803;0.466645234415;0.974190961634;0;0;-0.0985924057204;-0.191926861627;0;0;0,56641.076858462504,0.006,548,0.0001,29.42263604582496,,0.0006168092891802174,0.3841652000000977,ok,same_stridge_core,Hx;D_x^1.503695 H;Hxxx;H*Hxx;H*Hxxx,0.024,1.1020976165937064
0.6796166739984826,1.8614807140459755,0.0,-1.2240413606707607,0;0;-1.22404136067;0;0;0;0;0;0;0;0;0,61547.315431516945,0.006,549,0.0001,8.300472705517443,,0.002352265706594539,0.13531060000013895,ok,same_stridge_core,Hx,0.15000000000000005,2.145741162365748
0.7259894125923658,1.6648558999588736,0.5297483792829478,-1.1777209178382526,0;0;-1.17772091784;0.529748379283;0;0;0;-0.0640524787065;0;0;0;0,53241.288346637106,0.006,550,0.0001,16.927698539758637,,0.0004570828958242391,0.38268440000001647,ok,same_stridge_core,Hx;D_x^1.664856 H;H*Hxx,0.023335828147763197,0.9553120357675047
0.6689880785282091,1.8452298778928773,0.0,-1.2462616850629717,0;0;-1.24626168506;0;4.07452717542;0;0;0;-0.624685922331;0;0;0,60452.676214081155,0.006,551,0.0001,19.973270617574435,,0.0017996366427968868,0.38651500000014494,ok,same_stridge_core,Hx;Hxxx;H*Hxxx,0.024,1.8374677533500854
0.5527251306455695,1.5544402994897026,1.2520377476905793,-2.012736848277467,0;0;-2.01273684828;1.25203774769;0.349503717271;0;0;-1.09591729874;0;0;0.0889837634426;0,55475.560178407606,0.006,552,0.0001,30.944043217089856,,0.005040122792574528,0.40771449999988363,ok,same_stridge_core,Hx;D_x^1.55444 H;Hxxx;H*Hxx;H^2*Hxx,0.0782,3.2062631278860536
0.7247668362184612,1.6485336684738232,0.2344457663597134,-1.1317371791144368,0;0;-1.13173717911;0.23444576636;0;0;0;0;0;0;0;0,53456.02847051865,0.006,553,0.0001,11.7683311701327,,0.00061173525797785,0.37509529999988445,ok,same_stridge_core,Hx;D_x^1.648534 H,0.06449999999999997,1.0771254760289692
0.6457941044846559,1.31472842395286,0.4096313761003899,-1.6394008557117854,0;0;-1.63940085571;0.4096313761;0;0;0;-0.136955210997;-0.201210718913;0;0;0,59961.29677524926,0.006,554,0.0001,25.304412512037263,,0.0008892562680616834,0.3882513999999446,ok,same_stridge_core,Hx;D_x^1.314728 H;H*Hxx;H*Hxxx,0.03,1.3198938019375563
0.596333349737035,1.3930468350770633,0.7071396974450325,-1.9037718109051505,0;0;-1.90377181091;0.707139697445;0;0;0;-0.246742538277;-0.237975687053;0;0;0,58789.97318093773,0.006,555,0.0001,25.77212275077636,,0.0025480578268838173,0.38795890000005784,ok,same_stridge_core,Hx;D_x^1.393047 H;H*Hxx;H*Hxxx,0.030566315789473674,2.256133478401267
0.644030297370755,1.488976748348607,0.6341505207788731,-1.5820634968196716,0;0;-1.58206349682;0.634150520779;-0.619374078748;0;0;-0.16508651228;0;0;0;0,56961.28472972278,0.006,556,0.0001,24.510009344820247,,0.0014842940468709053,0.1513446000001295,ok,same_stridge_core,Hx;D_x^1.488977 H;Hxxx;H*Hxx,0.057249999999999995,1.725495452931133
0.7363082459219829,1.5776355522829069,0.23104463839011544,-1.1169178228670344,0;0;-1.11691782287;0.23104463839;0;0;0;0;0;0;0;0,54928.24221767903,0.006,557,0.0001,11.97138221418183,,0.0005046005013415424,0.39620979999995143,ok,same_stridge_core,Hx;D_x^1.577636 H,0.024,0.9857337706460223
0.6531404622737356,1.9451907241584718,0.0,-1.2844308188868372,0;0;-1.28443081889;0;4.42212904671;0;0;0;-0.655146548534;0;0;0,64483.1707207745,0.006,558,0.0001,21.34042940797741,,0.0021596366781751015,0.4117581999998947,ok,same_stridge_core,Hx;Hxxx;H*Hxxx,0.041999999999999996,1.9954781917450592
0.6630924353169421,1.3870545725921728,0.4418372779087843,-1.5327839737866626,0;0;-1.53278397379;0.441837277909;0;0;0;-0.123473140107;-0.139014181088;0;0;0,58889.23091211604,0.006,559,0.0001,24.752334665051674,,0.0007262738842630878,0.4023624999999811,ok,same_stridge_core,Hx;D_x^1.387055 H;H*Hxx;H*Hxxx,0.017933060780139894,1.1966423002052535
0.6554355971144208,1.022521899032092,0.05820087057260155,-1.364536676428677,0;0;-1.36453667643;0.0582008705726;0;0;0;0;0;0;0;0,62565.30387844648,0.006,560,0.0001,14.435766030671422,,0.0019391943670889224,0.13580759999990732,ok,same_stridge_core,Hx;D_x^1.022522 H,0.029288932195181482,1.922705254982125
0.56394935987694,1.9223248043743149,-1.8745890669906484,-2.0861419497110996,0;0;-2.08614194971;-1.87458906699;-1.28925308749;0;0.112257247589;-0.454497333934;0.680554060983;0;0.0884030978407;0,64160.329253979544,0.006,561,0.0001,48.1365052299657,,0.005510264537194436,0.40294680000010885,ok,same_stridge_core,Hx;D_x^1.922325 H;Hxxx;H*Hx;H*Hxx;H*Hxxx;H^2*Hxx,0.040920634920634955,3.224274752180013
0.6084922996965754,1.4786490126162073,0.7689428504229702,-1.7675958297075074,0;0;-1.76759582971;0.768942850423;-0.88653794801;0;0;-0.226136202218;0;0;0;0,57180.00508865148,0.006,562,0.0001,25.275681680726766,,0.002881251831549264,0.38901960000021063,ok,same_stridge_core,Hx;D_x^1.478649 H;Hxxx;H*Hxx,0.07079105339105345,2.403679645266174
0.6819828917116655,1.4147891177101055,0.409955002832515,-1.4319704250105332,0;0;-1.43197042501;0.409955002833;0;0;0;-0.098269524392;-0.103073243385;0;0;0,58415.41942858098,0.006,563,0.0001,24.414178774512617,,0.0005583188289561265,0.37766529999998966,ok,same_stridge_core,Hx;D_x^1.414789 H;H*Hxx;H*Hxxx,0.04202316742081447,1.0480110030802223
0.652589399446732,1.8009066121276804,1.3258894007610642,-1.3680063792561266,0;0;-1.36800637926;1.32588940076;1.17211857444;0;0;-0.679357385985;0;0;0.0569085011572;0,57166.30080493235,0.006,564,0.0001,30.4275098283909,,0.001717577091340421,0.4029026000000613,ok,same_stridge_core,Hx;D_x^1.800907 H;Hxxx;H*Hxx;H^2*Hxx,0.03,1.844359425924724
0.647746285795872,1.6156071703190529,0.858168776679311,-1.4996498542176322,0;0;-1.49964985422;0.858168776679;0.415598120205;0;0;-0.506451511119;0;0;0.0391104308491;0,54070.020323751705,0.006,565,0.0001,28.683724589271247,,0.0013425699838613254,0.4053166000001056,ok,same_stridge_core,Hx;D_x^1.615607 H;Hxxx;H*Hxx;H^2*Hxx,0.021087198515769946,1.6487144273953946
0.5794128134819239,1.9494917136931396,-1.8589072504492539,-2.019108121130504,0;0;-2.01910812113;-1.85890725045;0.397814137466;0;0.104638501754;-0.384843357776;0;0;0.0794991928737;0.0564031045615,64508.219909535444,0.006,566,0.0001,48.02548891093583,,0.004392934282172115,0.4134037999999691,ok,same_stridge_core,Hx;D_x^1.949492 H;Hxxx;H*Hx;H*Hxx;H^2*Hxx;H^2*Hxxx,0.03,2.8697349742610054
0.6023084248019552,1.5458153505419834,0.9520101393844178,-1.7580909552960446,0;0;-1.7580909553;0.952010139384;0.135085417276;0;0;-0.715585206282;0;0;0.0556877046168;0,55678.48885408667,0.006,567,0.0001,30.081667119964163,,0.0024708556251573748,0.39456410000002506,ok,same_stridge_core,Hx;D_x^1.545815 H;Hxxx;H*Hxx;H^2*Hxx,0.041611111111111154,2.242422692920829
0.6228036845432712,1.7027818992143908,1.2211467062059713,-1.5475809675010228,0;0;-1.5475809675;1.22114670621;1.03494403475;0;0;-0.77932216386;0;0;0.0647748280946;0,53137.354001567626,0.006,568,0.0001,28.73283150193237,,0.0023245431543399337,0.3958400999999867,ok,same_stridge_core,Hx;D_x^1.702782 H;Hxxx;H*Hxx;H^2*Hxx,0.051013636363636344,2.164154501148555
0.6117865417999486,1.5733118935878652,0.9590163051107039,-1.6903849836499925,0;0;-1.69038498365;0.959016305111;0.310101935732;0;0;-0.688903404107;0;0;0.0541514416859;0,55029.96321110046,0.006,569,0.0001,29.646996088598954,,0.002235754642589751,0.14318240000011428,ok,same_stridge_core,Hx;D_x^1.573312 H;Hxxx;H*Hxx;H^2*Hxx,0.0392962962962963,2.1320144830487195
0.7712568278318899,1.5916603029336711,0.28384207547914325,-1.037910011738268,0;0;-1.03791001174;0.283842075479;0;0;0;0;0;0;0;0,54601.76020628345,0.006,570,0.0001,11.950942997634538,,0.0005415351391652926,0.14199780000012652,ok,same_stridge_core,Hx;D_x^1.59166 H,0.018000000000000002,1.030590956377848
0.6273287114367282,1.6201267144437794,0.9772352847390504,-1.5855180350808686,0;0;-1.58551803508;0.977235284739;0.545466259267;0;0;-0.644077079826;0;0;0.0513009668653;0,53975.63896000183,0.006,571,0.0001,28.945558318026436,,0.0018901433486221918,0.4161258999999973,ok,same_stridge_core,Hx;D_x^1.620127 H;Hxxx;H*Hxx;H^2*Hxx,0.043555555555555577,1.9577388380255187
0.5914435651124925,1.519707920421205,0.9533976310617225,-1.8323160925014168,0;0;-1.8323160925;0.953397631062;0;0;0;-0.75395745608;0;0;0.0583448914926;0,56282.261683089695,0.006,572,0.0001,24.89542232796515,,0.002785350983782036,0.40142119999995884,ok,same_stridge_core,Hx;D_x^1.519708 H;H*Hxx;H^2*Hxx,0.04010526315789473,2.382517654729269
0.6897571556928573,1.4669144696149896,0.1420970295833778,-1.2395407045666191,0;0;-1.23954070457;0.142097029583;0;0;0;0;0;0;0;0,57422.26669081125,0.006,573,0.0001,12.873381056257612,,0.001037109615219836,0.1352174000001014,ok,same_stridge_core,Hx;D_x^1.466914 H,0.072,1.388927718095361
0.5646358109805876,1.3433108880269824,0.764335019697696,-2.1391804324155452,0;0;-2.13918043242;0.764335019698;0;0;0;-0.304882813378;-0.347566843597;0;0;0,59564.32610572898,0.006,574,0.0001,26.546964821420993,,0.0037059125775382156,0.39396239999996396,ok,same_stridge_core,Hx;D_x^1.343311 H;H*Hxx;H*Hxxx,0.06489164169164169,2.7212343791293985
0.6897075374345438,1.7212500327770133,0.18324362361520266,-1.2078919867484181,0;0;-1.20789198675;0.183243623615;0;0;0;0;0;0;0;0,53369.33858094846,0.006,575,0.0001,12.208225978724702,,0.0012698691986804032,0.267221999999947,ok,same_stridge_core,Hx;D_x^1.72125 H,0.05814814814814815,1.5343582625350094
0.7343345850535246,1.551776679538482,0.40716671446585107,-1.1857150268180932,0;0;-1.18571502682;0.407166714466;-0.110741557883;0;0;-0.0499078597881;0;0;0;0,55538.34245439878,0.006,576,0.0001,23.103018708912096,,0.0003969403251683413,0.14809170000012273,ok,same_stridge_core,Hx;D_x^1.551777 H;Hxxx;H*Hxx,0.012,0.8876817271525839
0.6696122030994662,1.5168066589038123,0.5226953844305174,-1.4291113305070655,0;0;-1.42911133051;0.522695384431;3.36830398281;0;0;-0.11730616205;-0.887859784842;0;0;0.0483936326835,56348.01593499653,0.006,577,0.0001,35.076250525761445,,0.0008301399454830582,0.38345730000014555,ok,same_stridge_core,Hx;D_x^1.516807 H;Hxxx;H*Hxx;H*Hxxx;H^2*Hxxx,0.018000000000000002,1.2674409647635223
0.6519430022758239,1.9658988239639117,0.0,-1.284022302712613,0;0;-1.28402230271;0;2.78605015795;0;0;0;-0.112348463793;0;0;-0.0416073682286,64511.64329492572,0.006,578,0.0001,27.810865063712537,,0.002184497845050874,0.39242880000006153,ok,same_stridge_core,Hx;Hxxx;H*Hxxx;H^2*Hxxx,0.024,2.0062077457422496
0.503755121037848,1.392261009015051,1.3767435706679227,-2.5196630658844796,0.0661482269728;0;-2.51966306588;1.37674357067;0;0;0;-1.28517061834;-0.0272553463328;0;0.100095507488;0,58803.08657847598,0.006,579,0.0001,39.01164161975125,,0.006733474174192728,0.38812159999997675,ok,same_stridge_core,1;Hx;D_x^1.392261 H;H*Hxx;H*Hxxx;H^2*Hxx,0.041999999999999996,3.729789672665659
0.7826345415860095,1.2991408773131043,0.0,-0.9409587961191885,0;0;-0.940958796119;0;0;0;0;0.0690412609139;0;0;0;0,60164.185760746266,0.006,580,0.0001,13.381709884665437,,0.0009226078585908593,0.15939769999999953,ok,same_stridge_core,Hx;H*Hxx,0.024,1.3488727325161822
0.6566165067995486,1.6204838241662562,0.8226051128112467,-1.4595605476806979,0;0;-1.45956054768;0.822605112811;0.396838978757;0;0;-0.457099905325;0;0;0.0348573035249;0,53968.2884849905,0.006,581,0.0001,28.519878686388267,,0.0011661061501355443,0.14993589999994583,ok,same_stridge_core,Hx;D_x^1.620484 H;Hxxx;H*Hxx;H^2*Hxx,0.02248351648351645,1.5357344438930172
0.7163321077583373,1.6336616723448105,0.5221644211925922,-1.2173548937241288,0;0;-1.21735489372;0.522164421193;0;0;0;-0.0713863731893;0;0;0;0,53709.82660977432,0.006,582,0.0001,17.104988382842343,,0.0004937455148693025,0.371141100000159,ok,same_stridge_core,Hx;D_x^1.633662 H;H*Hxx,0.03,0.9920403999100466
0.6730764864494597,1.6130064114387612,0.595374410787074,-1.3666453654024835,0;0;-1.3666453654;0.595374410787;0;0;0;-0.111020371025;0;0;0;0,54125.386038004,0.006,583,0.0001,17.745449164717932,,0.0011581927721546145,0.38300939999999173,ok,same_stridge_core,Hx;D_x^1.613006 H;H*Hxx,0.07667151515151517,1.507833353316732
0.6300796302122438,1.3422183360420565,0.5010102007289036,-1.7261366487520973,0;0;-1.72613664875;0.501010200729;0;0;0;-0.171781694684;-0.215376006983;0;0;0,59580.11866295479,0.006,584,0.0001,25.376397338944837,,0.0012052077876589125,0.1433778999999049,ok,same_stridge_core,Hx;D_x^1.342218 H;H*Hxx;H*Hxxx,0.030628205128205115,1.5443498737629207
0.6358585744936571,1.7059443801642393,1.1464451699610785,-1.492550142965459,0;0;-1.49255014297;1.14644516996;0.950430381194;0;0;-0.690189866216;0;0;0.0568230219695;0,53161.74581707119,0.006,585,0.0001,28.536529118599354,,0.0018998909396755281,0.37997820000009597,ok,same_stridge_core,Hx;D_x^1.705944 H;Hxxx;H*Hxx;H^2*Hxx,0.041999999999999996,1.955656210063757
0.6288989568327632,1.360447882226784,0.5307325975138942,-1.7277574664540805,0;0;-1.72775746645;0.530732597514;0;0;0;-0.178012953466;-0.206257506252;0;0;0,59309.96520069544,0.006,586,0.0001,25.318265361373374,,0.0012807426641832191,0.4102287000000615,ok,same_stridge_core,Hx;D_x^1.360448 H;H*Hxx;H*Hxxx,0.050359090909090916,1.5942792810951971
0.5463373716000403,1.8511507087585537,0.0,-1.566857234445864,0;0;-1.56685723445;0;7.14542952834;0;0;0;-0.895884798311;0;0;0,60865.6935882387,0.006,587,0.0001,23.225382153017488,,0.013307248531605375,0.40607650000015383,ok,same_stridge_core,Hx;Hxxx;H*Hxxx,0.06599999999999999,4.965674076545878
0.6525948919544639,1.37821722827522,0.4678053133049547,-1.5904439267678656,0;0;-1.59044392677;0.467805313305;0;0;0;-0.139449246618;-0.158335924872;0;0;0,59032.55734661359,0.006,588,0.0001,24.9170949708474,,0.0008605496486370684,0.16037329999994654,ok,same_stridge_core,Hx;D_x^1.378217 H;H*Hxx;H*Hxxx,0.017991903548807583,1.3040720322019643
0.7475903610504204,1.626959148265561,0.26432417070364217,-1.0830132467767755,0;0;-1.08301324678;0.264324170704;0;0;0;0;0;0;0;0,53837.98526179895,0.006,589,0.0001,11.736928223391313,,0.00048333394636209043,0.2765228999999181,ok,same_stridge_core,Hx;D_x^1.626959 H,0.018000000000000002,0.9693311710315216
0.7022676810205979,1.4094701118518176,0.14542832115407436,-1.2238213590258276,0;0;-1.22382135903;0.145428321154;-0.122340550674;0;0;0;0;0;0;0,58509.165960287355,0.006,590,0.0001,18.74716473191193,,0.000761108822277356,0.37815969999996923,ok,same_stridge_core,Hx;D_x^1.40947 H;Hxxx,0.023328984637653368,1.194414943825725
0.6750148664189873,1.4991223574827837,0.1251234911762827,-1.2696443542726394,0;0;-1.26964435427;0.125123491176;0;0;0;0;0;0;0;0,56741.592289531465,0.006,591,0.0001,13.00220852302252,,0.001480864627836299,0.37690459999998893,ok,same_stridge_core,Hx;D_x^1.499122 H,0.10900000000000004,1.6538900651162278
0.6234004666425713,1.9299403997573719,0.0,-1.3855180902969062,0;0;-1.3855180903;0;0;0;0;0;0;0;0;0,64304.96679720488,0.006,592,0.0001,9.268143868107312,,0.004336032750417387,0.3762864999998783,ok,same_stridge_core,Hx,0.15000000000000005,2.8376471883868244
0.5644007022459536,1.2045303244243915,0.6090876607332406,-2.3037921194906184,0;0;-2.30379211949;0.609087660733;-4.51003508172;0;0;-0.289551127785;0.0779276030081;0;0;0,61214.71392368214,0.006,593,0.0001,32.90227274183062,,0.0026368127716474296,0.39109370000005583,ok,same_stridge_core,Hx;D_x^1.20453 H;Hxxx;H*Hxx;H*Hxxx,0.078,2.2949157799895534
0.6322311369822293,1.3656669838737694,0.525477698223576,-1.706913289311323,0;0;-1.70691328931;0.525477698224;0;0;0;-0.172976106308;-0.197374575009;0;0;0,59229.95599195939,0.006,594,0.0001,25.247369563161033,,0.0012191712912955276,0.3803269,ok,same_stridge_core,Hx;D_x^1.365667 H;H*Hxx;H*Hxxx,0.026311678543678555,1.555387166377276
0.5876798564236483,1.94876182976411,-1.6911152262471447,-1.9596360288097119,0;0;-1.95963602881;-1.69111522625;0.484378756622;0;0.0984005540226;-0.362470499702;0;0;0.0743624131593;0.0512216715604,64504.70863630336,0.006,595,0.0001,47.87682100925184,,0.00395724011371451,0.38587200000006305,ok,same_stridge_core,Hx;D_x^1.948762 H;Hxxx;H*Hx;H*Hxx;H^2*Hxx;H^2*Hxxx,0.024,2.723524963839478
0.6283113561363298,1.6505577666214668,0.6688251033232491,-1.4959234107637238,0;0;-1.49592341076;0.668825103323;0;0;0;-0.143602166128;0;0;0;0,53425.35593317026,0.006,596,0.0001,18.500047473386328,,0.0031764132999465822,0.3903382999999394,ok,same_stridge_core,Hx;D_x^1.650558 H;H*Hxx,0.047999999999999994,2.4724406934352454
0.5835987986221451,1.9096389827775684,-1.1112123128449498,-1.9459604155485428,0;0;-1.94596041555;-1.11121231284;0.91606569119;0;0.0974907381473;-0.561152110311;0;0;0.0900710497262;0.0477061940072,63831.337485743854,0.006,597,0.0001,47.52702804948884,,0.004283148317370537,0.3977951000001667,ok,same_stridge_core,Hx;D_x^1.909639 H;Hxxx;H*Hx;H*Hxx;H^2*Hxx;H^2*Hxxx,0.030466666666666656,2.845091809468138
0.7390312068683872,1.3886709294414037,0.18035797961113265,-1.1435110461927374,0;0;-1.14351104619;0.180357979611;0;0;0;0;0;0;0;0,58862.623902298226,0.006,598,0.0001,12.830075704193035,,0.00057246665439947,0.2957907999998497,ok,same_stridge_core,Hx;D_x^1.388671 H,0.018501228019136496,1.0575509237333893
0.5857867685895333,1.8274665902820764,0.0,-1.4572534210899781,0;0;-1.45725342109;0;6.05911098164;0;0;0;-0.799428762615;0;0;0,59147.43553552211,0.006,599,0.0001,21.32164434683409,,0.006975901324981049,0.4045356999999967,ok,same_stridge_core,Hx;Hxxx;H*Hxxx,0.05385902985902985,3.577413686177455
0.7012296470296363,1.6751362341656426,0.1978585625652645,-1.184459869997292,0;0;-1.18445987;0.197858562565;0;0;0;0;0;0;0;0,53150.613351406275,0.006,600,0.0001,11.97305643191526,,0.0009687125236234327,0.37808429999995496,ok,same_stridge_core,Hx;D_x^1.675136 H,0.06599999999999999,1.3429337616340034
0.6755921056820493,1.6114357491215898,0.5895130129450632,-1.3588834578581812,0;0;-1.35888345786;0.589513012945;0;0;0;-0.108746342486;0;0;0;0,54159.16572131857,0.006,601,0.0001,17.711516486025765,,0.0010901044387373686,0.37570019999998294,ok,same_stridge_core,Hx;D_x^1.611436 H;H*Hxx,0.078,1.4637667696301926
0.6782573512462063,1.59071861623306,0.5751075958463353,-1.360094350384931,0;0;-1.36009435038;0.575107595846;0;0;0;-0.107837814237;0;0;0;0,54623.44762538653,0.006,602,0.0001,17.772399530705982,,0.0009700621158666249,0.38058890000002066,ok,same_stridge_core,Hx;D_x^1.590719 H;H*Hxx,0.072,1.385365243090022
0.690377837224106,1.5367240443291699,0.15315311695354228,-1.2285633558235047,0;0;-1.22856335582;0.153153116954;0;0;0;0;0;0;0;0,55890.88208115873,0.006,603,0.0001,12.59435733603807,,0.0010807682186552313,0.388196999999991,ok,same_stridge_core,Hx;D_x^1.536724 H,0.12300000000000004,1.4161809198063249
0.6649621585510812,1.153397527076969,0.07927553464033324,-1.3346168564735241,0;0;-1.33461685647;0.0792755346403;0;0;0;0;0;0;0;0,61671.5146645464,0.006,604,0.0001,14.065009566873805,,0.0015845554893839367,0.14934039999980087,ok,same_stridge_core,Hx;D_x^1.153398 H,0.024,1.7307066339645256
0.6897075374345438,1.4489310544379181,0.4385059690495014,-1.3966987037772964,0;0;-1.39669870378;0.43850596905;-0.57111063161;0;0;-0.0952778833351;0;0;0;0,57780.28584261034,0.006,605,0.0001,24.141409162785287,,0.0005325226960696024,0.2850854000000709,ok,same_stridge_core,Hx;D_x^1.448931 H;Hxxx;H*Hxx,0.024,1.02929482574115
0.7587548505227717,1.4589041944861612,0.22070898919433837,-1.0900134413444733,0;0;-1.09001344134;0.220708989194;0;0;0;0;0;0;0;0,57583.73517770771,0.006,606,0.0001,12.582178843166176,,0.0005824805265213623,0.3877877999998418,ok,same_stridge_core,Hx;D_x^1.458904 H,0.024,1.0654318076246327
0.7623747470327262,1.8334645241560434,0.6706179318749195,-1.0277712492376416,0;0;-1.02777124924;0.670617931875;0;0;0;-0.0473579553761;0;0;0;0,59596.182217836744,0.006,607,0.0001,18.83752483722174,,0.0004556905920485143,0.2888596000000234,ok,same_stridge_core,Hx;D_x^1.833465 H;H*Hxx,0.018000000000000002,0.958670171870713
0.7320328315323207,1.3351345622304556,0.15982854819607306,-1.1664613195799403,0;0;-1.16646131958;0.159828548196;0;0;0;0;0;0;0;0,59681.28984439821,0.006,608,0.0001,13.042502857903118,,0.0006236250182517926,0.2737155999998322,ok,same_stridge_core,Hx;D_x^1.335135 H,0.024,1.106244889023475
0.7530347632514889,1.3470659340753586,0.17990717396603614,-1.1210365157849462,0;0;-1.12103651578;0.179907173966;0;0;0;0;0;0;0;0,59509.670012379305,0.006,609,0.0001,13.096653215297744,,0.0007295362224393132,0.4108619999999519,ok,same_stridge_core,Hx;D_x^1.347066 H,0.02332888064807569,1.1947192128218824
0.6243929654690403,1.5979634732587664,0.9441561284225284,-1.6137821250692599,0;0;-1.61378212507;0.944156128423;0.423415536634;0;0;-0.636131418081;0;0;0.0501364962812;0,54457.775117556695,0.006,610,0.0001,29.197906942639996,,0.0019099400867125893,0.3845610000000761,ok,same_stridge_core,Hx;D_x^1.597963 H;Hxxx;H*Hxx;H^2*Hxx,0.02347781954887219,1.969019383861651
0.629526614654931,1.5853841895595018,0.8908453424520328,-1.5988324661041933,0;0;-1.5988324661;0.890845342452;0.322079180909;0;0;-0.586925555132;0;0;0.0455549488956;0,54747.0262787663,0.006,611,0.0001,29.24336442577016,,0.0017226054265360882,0.39480550000007497,ok,same_stridge_core,Hx;D_x^1.585384 H;Hxxx;H*Hxx;H^2*Hxx,0.03219999999999999,1.8698512863870074
0.7695524420655119,1.4171600236173636,0.21674010415676723,-1.0755413434787748,0;0;-1.07554134348;0.216740104157;0;0;0;0;0;0;0;0,58373.186310438025,0.006,612,0.0001,12.87760662515953,,0.0007460834941692878,0.4002101000000948,ok,same_stridge_core,Hx;D_x^1.41716 H,0.036,1.2029693630719243
0.6493108464877597,1.6485336684738232,0.9207406407086386,-1.4738226483846892,0;0;-1.47382264838;0.920740640709;0.578167195563;0;0;-0.533453723674;0;0;0.0420293194978;0,53456.02847051865,0.006,613,0.0001,28.39959798990095,,0.0013822492826989147,0.15005459999997584,ok,same_stridge_core,Hx;D_x^1.648534 H;Hxxx;H*Hxx;H^2*Hxx,0.02810769230769232,1.671583754641624
0.7319849430275291,1.612307807629775,0.47603641290823134,-1.1744647766551843,0;0;-1.17446477666;0.476036412908;0.0300537356379;0;0;-0.0575622635827;0;0;0;0,54140.381585548275,0.006,614,0.0001,22.55115020793163,,0.00039975821695243096,0.40006930000004104,ok,same_stridge_core,Hx;D_x^1.612308 H;Hxxx;H*Hxx,0.012,0.8949975737123216
0.5681171712021154,1.8745943524315822,-0.7666794623861148,-1.9739507817465936,0;0;-1.97395078175;-0.766679462386;0.313188749773;0;0.0949731338641;-0.711659060181;0.447489450774;0;0.101320293429;0,62325.71996079287,0.006,615,0.0001,46.8345045992115,,0.005391747181025867,0.3911851000000297,ok,same_stridge_core,Hx;D_x^1.874594 H;Hxxx;H*Hx;H*Hxx;H*Hxxx;H^2*Hxx,0.042166666666666706,3.206500626656488
0.6592673667043109,1.609656589740729,0.7882282903242025,-1.4544063513362795,0;0;-1.45440635134;0.788228290324;0.329260400521;0;0;-0.42959746865;0;0;0.0322697680506;0,54197.72234124608,0.006,616,0.0001,28.58695745831828,,0.0010949628895429591,0.39981749999992644,ok,same_stridge_core,Hx;D_x^1.609657 H;Hxxx;H*Hxx;H^2*Hxx,0.018000000000000002,1.4880962876952397
0.7237980027646038,1.2369129985619356,0.1200888095312876,-1.2107260221963665,0;0;-1.2107260222;0.120088809531;0;0;0;0;-0.0784732235378;0;0;0,60887.57206733501,0.006,617,0.0001,19.378639787604,,0.0006414838527943399,0.3769440000000941,ok,same_stridge_core,Hx;D_x^1.236913 H;H*Hxxx,0.024,1.112368167403497
0.6876337447840749,1.5499319203062916,0.1507602159154039,-1.2333166149470822,0;0;-1.23331661495;0.150760215915;0;0;0;0;0;0;0;0,55581.77090850524,0.006,618,0.0001,12.58295276187302,,0.001160736894435129,0.3741668000000118,ok,same_stridge_core,Hx;D_x^1.549932 H,0.084,1.4665985801719719
0.6681209257648455,1.4641767365397131,0.5273346595456728,-1.48793733605972,0;0;-1.48793733606;0.527334659546;-0.622925728017;0;0;-0.128356268912;0;0;0;0,57477.81202528357,0.006,619,0.0001,24.27659067211713,,0.0008229509474234236,0.3845968999999059,ok,same_stridge_core,Hx;D_x^1.464177 H;Hxxx;H*Hxx,0.029639097744360885,1.2854658620036996
0.6403774609069646,1.8332355771713968,0.0,-1.3158459078545075,0;0;-1.31584590785;0;4.71219113573;0;0;0;-0.680613668356;0;0;0,59579.16418191788,0.006,620,0.0001,20.066838761670937,,0.002628999339589081,0.38565550000021176,ok,same_stridge_core,Hx;Hxxx;H*Hxxx,0.041279489539405495,2.1930895070955727
0.7432082273634953,1.9364112509407683,0.44454391905003554,-1.1240715811088906,-0.01484969221;0;-1.12407158111;0.44454391905;0.172706492319;0;0.0142493703135;-0.0118064120739;0;0;0;0,64398.16336966568,0.006,621,0.0001,39.56800287136641,,0.00043832394117914196,0.2728177000001324,ok,same_stridge_core,1;Hx;D_x^1.936411 H;Hxxx;H*Hx;H*Hxx,0.006,0.9291048495669949
0.8120328067532235,1.3864862138742176,0.0,-0.8717946464392491,0;0;-0.871794646439;0;0;0;0;0.0782378190954;0;0;0;0,58898.55877105155,0.006,622,0.0001,13.2863308553028,,0.0011481570971389272,0.37923990000012964,ok,same_stridge_core,Hx;H*Hxx,0.041999999999999996,1.5066191010924916
0.7407427313029085,1.5678931232351392,0.2342627079100677,-1.1087388852625417,0;0;-1.10873888526;0.23426270791;0;0;0;0;0;0;0;0,55157.81076213967,0.006,623,0.0001,12.00472978374076,,0.0004895242109059581,0.3983786000001146,ok,same_stridge_core,Hx;D_x^1.567893 H,0.024,0.9731676313128267
0.7961134399510481,1.8602519130714033,0.4836371429957445,-0.9277849584177957,0;0;-0.927784958418;0.483637142996;0;0;0;0;0;0;0;0,61469.14900484453,0.006,624,0.0001,13.383850385863227,,0.0005956431742277678,0.3883848999998918,ok,same_stridge_core,Hx;D_x^1.860252 H,0.04128114137962877,1.0900205848943196
0.597634878062325,1.7578320757548354,1.4185651257567218,-1.5858275679756224,0;0;-1.58582756798;1.41856512576;3.82597390745;0;0;-0.900288043723;-0.368241661417;0;0.0750235982756;0,54551.67589807832,0.006,625,0.0001,35.39140499636242,,0.003578543360148644,0.14855800000009367,ok,same_stridge_core,Hx;D_x^1.757832 H;Hxxx;H*Hxx;H*Hxxx;H^2*Hxx,0.03181578947368422,2.6603994575154246
0.6694431874149434,1.7947957257805083,0.567410521482266,-1.2658460992364031,0;0;-1.26584609924;0.567410521482;4.27502188624;0;0;-0.0832169543991;-0.588434638026;0;0;0,56733.22105196108,0.006,626,0.0001,29.95388104198264,,0.0013685855525123857,0.15075559999991128,ok,same_stridge_core,Hx;D_x^1.794796 H;Hxxx;H*Hxx;H*Hxxx,0.024,1.587270516002099
0.6678817307930385,1.5821255061007555,0.5969627019195608,-1.4014268597039528,0;0;-1.4014268597;0.59696270192;0;0;0;-0.119612484008;0;0;0;0,54823.028982200834,0.006,627,0.0001,17.98440150150277,,0.0011954405751634517,0.1443119000000479,ok,same_stridge_core,Hx;D_x^1.582126 H;H*Hxx,0.084,1.5374928068425187
0.6506342690239467,1.3246224634537738,0.4063408484437158,-1.6109452962647133,0;0;-1.61094529626;0.406340848444;0;0;0;-0.131050366671;-0.187926225606;0;0;0,59827.620032988176,0.006,628,0.0001,25.2055569067484,,0.0008294316878870242,0.3922073999999611,ok,same_stridge_core,Hx;D_x^1.324622 H;H*Hxx;H*Hxxx,0.024132194965528302,1.2745088935531244
0.7512620570025159,1.4093015742399861,0.1976569899501932,-1.1144924439521509,0;0;-1.11449244395;0.19765698995;0;0;0;0;0;0;0;0,58512.11282601939,0.006,629,0.0001,12.785515206381596,,0.0006009728869491159,0.3832151999999951,ok,same_stridge_core,Hx;D_x^1.409302 H,0.023924362549578235,1.083092641177718
0.6787803948633911,1.9774340579445893,0.16606495612486538,-1.200720743018375,0;0;-1.20072074302;0.166064956125;3.59220934871;0;0;0;-0.510959694715;0;0;0,64434.966030218115,0.006,630,0.0001,27.38656474729808,,0.0014146985128292214,0.39005360000010114,ok,same_stridge_core,Hx;D_x^1.977434 H;Hxxx;H*Hxxx,0.02512666666666667,1.6125783352108352
0.6745642876498179,1.3505306011830092,0.10986435783152401,-1.2900879985283047,0;0;-1.29008799853;0.109864357832;0;0;0;0;0;0;0;0,59458.70590138811,0.006,631,0.0001,13.481942911546417,,0.0013602217666353375,0.38098039999999855,ok,same_stridge_core,Hx;D_x^1.350531 H,0.036,1.590201731268796
0.7397062880939436,1.6912286802613095,0.2754449031713159,-1.089950335049361,0;0;-1.08995033505;0.275444903171;0;0;0;0;0;0;0;0,53096.55387129786,0.006,632,0.0001,11.628254244239931,,0.0005288564775106623,0.27555550000010953,ok,same_stridge_core,Hx;D_x^1.691229 H,0.018000000000000002,1.0089434699803588
0.814346526455483,1.5294299162101033,0.0,-0.8665092191282833,0;0;-0.866509219128;0;0;0;0;0.0789163941745;0;0;0;0,56059.764464614025,0.006,633,0.0001,12.732937512014137,,0.0011702953333516432,0.27702849999991486,ok,same_stridge_core,Hx;H*Hxx,0.041999999999999996,1.520984619091332
0.6248960632372438,1.5100448601672558,0.7169754659334426,-1.6515850268094436,0;0;-1.65158502681;0.716975465933;-0.588505212208;0;0;-0.192674739996;0;0;0;0,56500.01898014546,0.006,634,0.0001,24.76186028629162,,0.0023425784018455786,0.3986665999998422,ok,same_stridge_core,Hx;D_x^1.510045 H;Hxxx;H*Hxx,0.06767832167832173,2.1618526942334304
0.6897075374345438,1.8305961908224906,0.20763297917809603,-1.196677329455136,0;0;-1.19667732946;0.207632979178;0;0;0;0;0;0;0;0,59382.260847160585,0.006,635,0.0001,13.472065865222463,,0.0013712016937024992,0.27914529999998194,ok,same_stridge_core,Hx;D_x^1.830596 H,0.03656274392274393,1.5956136957903457
0.651670866916986,1.5733173182667657,0.758503082749251,-1.5069853764935777,0;0;-1.50698537649;0.758503082749;0.166807228093;0;0;-0.43589167473;0;0;0.0321626202139;0,55029.83597931968,0.006,636,0.0001,29.05463786001759,,0.0011709351984672937,0.37214610000000903,ok,same_stridge_core,Hx;D_x^1.573317 H;Hxxx;H*Hxx;H^2*Hxx,0.018000000000000002,1.5397198703577517
0.6035018205156086,1.749449181565371,1.2531718168778765,-1.644915017542342,-0.0351950855295;0;-1.64491501754;1.25317181688;0;0;0;-0.817552824796;0;0;0.0651160322698;0,54190.16570141465,0.006,637,0.0001,29.64232029621332,,0.0032254997495006427,0.39291149999985464,ok,same_stridge_core,1;Hx;D_x^1.749449 H;H*Hxx;H^2*Hxx,0.03,2.5472374455059956
0.7376763781460749,1.3241604350513547,0.16128640680410705,-1.1561814900734277,0;0;-1.15618149007;0.161286406804;0;0;0;0;0;0;0;0,59833.948725163544,0.006,638,0.0001,13.108363001055626,,0.0006625150694472859,0.3969391999999061,ok,same_stridge_core,Hx;D_x^1.32416 H,0.024,1.141573256022916
0.6899144767486426,1.6556811955324042,0.17148107366971027,-1.2147714758251986,0;0;-1.21477147583;0.17148107367;0;0;0;0;0;0;0;0,53352.53037709599,0.006,639,0.0001,12.163392941275685,,0.0012025674465239006,0.3927759000000606,ok,same_stridge_core,Hx;D_x^1.655681 H,0.08828888888888892,1.4928868658564873
0.8803040524592247,1.3208426044586046,0.0,-0.7251069253163862,0;0;-0.725106925316;0;0;0;0;0.0956669782403;0;0;0;0,59879.14693353752,0.006,640,0.0001,13.9268224372572,,0.0019431895856925876,0.277960000000121,ok,same_stridge_core,Hx;H*Hxx,0.05399999999999999,1.950993050549697
0.7637983306157864,1.5088953043562843,0.24319039657196004,-1.0699923177654451,0;0;-1.06999231777;0.243190396572;0;0;0;0;0;0;0;0,56525.67832322083,0.006,641,0.0001,12.35064379409739,,0.0005603160432206521,0.2771680999999262,ok,same_stridge_core,Hx;D_x^1.508895 H,0.018000000000000002,1.0455081294532238
0.7077871138529837,1.6137052893148476,0.1959476729076454,-1.1769095963631908,0;0;-1.17690959636;0.195947672908;0;0;0;0;0;0;0;0,54110.43580108313,0.006,642,0.0001,12.045850095569604,,0.0008005686964793249,0.3803513999998813,ok,same_stridge_core,Hx;D_x^1.613705 H,0.07184444444444446,1.2237629353529775
0.6712762733688212,1.6261530177775354,2.505705817833386,-0.6764219240413055,0.0882996137568;-0.00869596957528;-0.676421924041;2.50570581783;8.11173363432;0;-0.371428934861;-0.812881783268;-3.77872432994;0.0256848156166;0.0335835159707;0.321341647369,53853.88060113041,0.006,643,0.0001,60.050936082691976,,0.0003548010174579676,0.38672909999991134,ok,same_stridge_core,1;H;Hx;D_x^1.626153 H;Hxxx;H*Hx;H*Hxx;H*Hxxx;H^2*Hx;H^2*Hxx;H^2*Hxxx,0.006,0.811667421448515
0.6959618432544504,1.4514261527228942,0.14774797429911427,-1.227607520625372,0;0;-1.22760752063;0.147747974299;0;0;0;0;0;0;0;0,57731.57967010479,0.006,644,0.0001,12.839075431418294,,0.0008939638058574185,0.37549590000003263,ok,same_stridge_core,Hx;D_x^1.451426 H,0.07077105018438352,1.2927594973973355
0.6832389196975213,1.507483154200595,0.4712002919773446,-1.3765734396882852,0;0;-1.37657343969;0.471200291977;1.04787980741;0;0;-0.0997193709191;-0.200952269532;0;0;0,56557.124635765686,0.006,645,0.0001,29.394101427550243,,0.0006323796901284873,0.3676842999998371,ok,same_stridge_core,Hx;D_x^1.507483 H;Hxxx;H*Hxx;H*Hxxx,0.04331764705882348,1.1155391096673988
0.6617804775116911,1.6357173405739651,0.8270666453526213,-1.4301285606362215,0;0;-1.43012856064;0.827066645353;0.444766805267;0;0;-0.441926809274;0;0;0.0337539735446;0,53672.06955858871,0.006,646,0.0001,28.324274574878952,,0.0010962194874485779,0.39245019999998476,ok,same_stridge_core,Hx;D_x^1.635717 H;Hxxx;H*Hxx;H^2*Hxx,0.018000000000000002,1.4882397955845974
0.7595213484943708,1.3722624624718673,0.19309964275415956,-1.1037648582700088,0;0;-1.10376485827;0.193099642754;0;0;0;0;0;0;0;0,59127.10720529253,0.006,647,0.0001,13.023851744419389,,0.0007369058823379494,0.3912631999999121,ok,same_stridge_core,Hx;D_x^1.372262 H,0.024,1.1984303033608807
0.6356027644333064,1.5933217335032128,0.8755311340375851,-1.5662366527039466,0;0;-1.5662366527;0.875531134038;0.345386947187;0;0;-0.557460251827;0;0;0.0431531759466;0,54563.5987389453,0.006,648,0.0001,29.072665436073876,,0.0015812906692495685,0.3912279999999555,ok,same_stridge_core,Hx;D_x^1.593322 H;Hxxx;H*Hxx;H^2*Hxx,0.03275999999999999,1.790866066601227
0.66255101051878,1.846562564247614,0.0,-1.2616544235841234,0;0;-1.26165442358;0;4.21405822583;0;0;0;-0.636905398331;0;0;0,60546.870102981775,0.006,649,0.0001,20.053473886549362,,0.00191816892382467,0.37035969999988083,ok,same_stridge_core,Hx;Hxxx;H*Hxxx,0.03,1.8894128556548302
0.8769657868339664,1.717350922082474,0.0,-0.7318460904243975,0;0;-0.731846090424;0;0;0;0;0.0949341804705;0;0;0;0,53301.701371738745,0.006,650,0.0001,12.590380001871775,,0.0019006763011098708,0.2909849000000122,ok,same_stridge_core,Hx;H*Hxx,0.04725405594405594,1.930039727524025
0.7432082273634953,1.5023223222248172,0.2172858019832433,-1.1150028952926294,0;0;-1.11500289529;0.217285801983;0;0;0;0;0;0;0;0,56671.34635612789,0.006,651,0.0001,12.315726715821661,,0.000495848206425003,0.2741559999999481,ok,same_stridge_core,Hx;D_x^1.502322 H,0.047999999999999994,0.9814574445960826
0.7335898604392501,1.5527930936509715,0.4100844890700463,-1.1879800605953754,0;0;-1.1879800606;0.41008448907;-0.109323835399;0;0;-0.0507793877629;0;0;0;0,55514.39559645787,0.006,652,0.0001,23.093183635491503,,0.00039649084704697926,0.292937400000028,ok,same_stridge_core,Hx;D_x^1.552793 H;Hxxx;H*Hxx,0.012,0.8874253969083514
0.6811895206186587,1.6402612961819705,0.5625663525624559,-1.3122117374458075,0;0;-1.31221173745;0.562566352562;4.45680278081;0;0;-0.0982838161243;-0.9799129312;0;0;0.0474468920816,53591.46725909785,0.006,653,0.0001,33.41330996253202,,0.0008357172410657558,0.3832881000000725,ok,same_stridge_core,Hx;D_x^1.640261 H;Hxxx;H*Hxx;H*Hxxx;H^2*Hxxx,0.018172932330827056,1.2584296070733048
0.6830555955674275,1.4893060649408838,0.13582855439139124,-1.2520012672213394,0;0;-1.25200126722;0.135828554391;0;0;0;0;0;0;0;0,56954.22779876604,0.006,654,0.0001,12.898527007749669,,0.0012270966250064813,0.3779704999999467,ok,same_stridge_core,Hx;D_x^1.489306 H,0.09000000000000001,1.507681447996459
0.715734814025001,1.4399628601956258,0.33048166273081037,-1.2744451028192243,0;0;-1.27444510282;0.330481662731;0;0;0;-0.054065568567;-0.0604919042792;0;0;0,57952.76561734534,0.006,655,0.0001,24.09477080087062,,0.00042804245067632715,0.37771699999984776,ok,same_stridge_core,Hx;D_x^1.439963 H;H*Hxx;H*Hxxx,0.012,0.9136645539324815
0.7365881684631272,1.2377212071854338,0.13148069345485752,-1.193429063353907,0;0;-1.19342906335;0.131480693455;-0.663445410649;0;0;0;0;0;0;0,60879.00132853751,0.006,656,0.0001,19.405918546085427,,0.0006760603246003432,0.3922783000000436,ok,same_stridge_core,Hx;D_x^1.237721 H;Hxxx,0.030541797229967662,1.1422181475241713
0.6501115851050343,1.5821255061007555,0.7817022622699644,-1.5088198325325601,0;0;-1.50881983253;0.78170226227;0.221785767333;0;0;-0.454830923742;0;0;0.0339802653408;0,54823.028982200834,0.006,657,0.0001,28.98329668513625,,0.001219903488400779,0.15496789999997418,ok,same_stridge_core,Hx;D_x^1.582126 H;Hxxx;H*Hxx;H^2*Hxx,0.018000000000000002,1.571782194035831
0.7390312068683872,1.54619348422006,0.22523699868925007,-1.1163274563107302,0;0;-1.11632745631;0.225236998689;0;0;0;0;0;0;0;0,55669.616989315815,0.006,658,0.0001,12.109902461755793,,0.0004927113882268505,0.2657587000001058,ok,same_stridge_core,Hx;D_x^1.546193 H,0.02452268087032792,0.9759790638926295
0.7588776412967004,1.6898624263869042,0.3079732969675428,-1.0461730931493929,0;0;-1.04617309315;0.307973296968;0;0;0;0;0;0;0;0,53096.42322266842,0.006,659,0.0001,11.596487869374926,,0.0004868475442958646,0.27522559999988516,ok,same_stridge_core,Hx;D_x^1.689862 H,0.03526438695654382,0.9772032248412412
0.7256680746941482,1.459174122431784,0.18499877715142066,-1.160433095264916,0;0;-1.16043309526;0.184998777151;0;0;0;0;0;0;0;0,57578.346700217524,0.006,660,0.0001,12.5393545383044,,0.0005453311629070383,0.3756762999998955,ok,same_stridge_core,Hx;D_x^1.459174 H,0.06599999999999999,1.0236851982608937
0.6731416863184987,1.561375824856658,0.0,-1.24188986498685,0;0;-1.24188986499;0;0;0;0;0;0;0;0;0,55311.8002415883,0.006,661,0.0001,7.698840932477362,,0.0024170623153239573,0.13985649999995076,ok,same_stridge_core,Hx,0.13000000000000003,2.1676609083185316
0.6475213592721344,1.6912286802613095,0.5711456491684588,-1.3788529682936248,0;0;-1.37885296829;0.571145649168;4.43866946143;0;0;-0.113894216009;-0.627942302811;0;0;0,53096.55387129786,0.006,662,0.0001,28.40107035819978,,0.0018419803839025669,0.1414887999999337,ok,same_stridge_core,Hx;D_x^1.691229 H;Hxxx;H*Hxx;H*Hxxx,0.036,1.8527934225508482
0.814346526455483,1.6334589120519345,0.3577437408286929,-0.9392015589228719,0;0;-0.939201558923;0.357743740829;0;0;0;0;0;0;0;0,53713.591444104415,0.006,663,0.0001,12.052196560426971,,0.0008811590682880764,0.2894907999998395,ok,same_stridge_core,Hx;D_x^1.633459 H,0.03,1.3094782716060867
0.7050701189263924,1.403583457121285,0.14706136367134348,-1.2191702033625842,0;0;-1.21917020336;0.147061363671;-0.141964850327;0;0;0;0;0;0;0,58611.309679691745,0.006,664,0.0001,18.7452553346212,,0.0007186020564548507,0.38187260000017886,ok,same_stridge_core,Hx;D_x^1.403583 H;Hxxx,0.041192125451475575,1.1618624307136727
0.705510655355055,1.3348736035337219,0.24984397369448033,-1.3219424112601024,0;0;-1.32194241126;0.249843973694;0;0;0;-0.0469957058626;-0.0987108294413;0;0;0,59684.97636537803,0.006,665,0.0001,24.85790361976854,,0.0005028940725106054,0.39394529999981387,ok,same_stridge_core,Hx;D_x^1.334874 H;H*Hxx;H*Hxxx,0.02364092967461388,0.983913073617325
0.6544031953456673,1.3951023552511879,0.48237047607201283,-1.5759100273325792,0;0;-1.57591002733;0.482370476072;0;0;0;-0.139434087521;-0.146851981675;0;0;0,58755.535093751896,0.006,666,0.0001,24.808814677386472,,0.0008619793576095866,0.29109250000010434,ok,same_stridge_core,Hx;D_x^1.395102 H;H*Hxx;H*Hxxx,0.03,1.3066006398857126
0.7054079780431509,1.4761694828888015,0.1640765818933677,-1.2026221036559606,0;0;-1.20262210366;0.164076581893;0;0;0;0;0;0;0;0,57231.75452543443,0.006,667,0.0001,12.631063297267042,,0.000746607767118164,0.3987236999998913,ok,same_stridge_core,Hx;D_x^1.476169 H,0.03590369075369075,1.1847123921801566
0.6936438903319051,1.5280018686814476,0.4604336545932869,-1.3273460492563416,0;0;-1.32734604926;0.460433654593;1.00764475013;0;0;-0.0878833239381;-0.180979986364;0;0;0,56092.64194341141,0.006,668,0.0001,29.08200521733942,,0.0005445108806161982,0.370454799999834,ok,same_stridge_core,Hx;D_x^1.528002 H;Hxxx;H*Hxx;H*Hxxx,0.024,1.0356842456337176
0.7272882900149457,1.539816771505156,0.207578759244425,-1.143464155453213,0;0;-1.14346415545;0.207578759244;0;0;0;0;0;0;0;0,55818.840424428075,0.006,669,0.0001,12.182259645817943,,0.0005426709177413318,0.38176960000009785,ok,same_stridge_core,Hx;D_x^1.539817 H,0.023328879720974662,1.018491560932327
0.6867573512341536,1.5748075622219364,0.5185497712263897,-1.3317058943545013,0;0;-1.33170589435;0.518549771226;3.48139992996;0;0;-0.0963934046651;-0.850861078584;0;0;0.0458032316911,54994.73790612807,0.006,670,0.0001,34.123183661422495,,0.0006585771817843331,0.3814892999998847,ok,same_stridge_core,Hx;D_x^1.574808 H;Hxxx;H*Hxx;H*Hxxx;H^2*Hxxx,0.014663101604278079,1.126340917745649
0.5853601125792809,1.8436684054838293,0.0,-1.458404783133989,0;0;-1.45840478313;0;6.07033925478;0;0;0;-0.800422960496;0;0;0,60341.46188092874,0.006,671,0.0001,21.693366500004437,,0.0070279479321001615,0.37747669999998834,ok,same_stridge_core,Hx;Hxxx;H*Hxxx,0.061100556586270866,3.590927935725813
0.6919657735817333,1.5604525748813587,0.49905953684927956,-1.3220895007439626,0;0;-1.32208950074;0.499059536849;3.04460096707;0;0;-0.091338026236;-0.772313517073;0;0;0.04296768035,55333.6154818781,0.006,672,0.0001,34.26075979464336,,0.0005809925764668123,0.38955120000014176,ok,same_stridge_core,Hx;D_x^1.560453 H;Hxxx;H*Hxx;H*Hxxx;H^2*Hxxx,0.012,1.0605905055165046
0.6814900853648846,1.5556484733361509,0.1414856946413268,-1.2472663826571126,0;0;-1.24726638266;0.141485694641;0;0;0;0;0;0;0;0,55447.05986002859,0.006,673,0.0001,12.660564605864609,,0.0013349550338071791,0.3708311999998841,ok,same_stridge_core,Hx;D_x^1.555648 H,0.09000000000000001,1.5711526338588897
0.6825279601075135,1.6394867720353414,0.5813997018248186,-1.3210919057597155,0;0;-1.32109190576;0.581399701825;0;0;0;-0.0985976994713;0;0;0;0,53604.91532934381,0.006,674,0.0001,17.48555361501684,,0.0010084836720818501,0.3905021000000488,ok,same_stridge_core,Hx;D_x^1.639487 H;H*Hxx,0.06488784598117933,1.4040790162136982
0.7829783564019879,1.361998292953378,0.0,-0.9401280980535449,0;0;-0.940128098054;0;0;0;0;0.0691551049876;0;0;0;0,59286.32438749488,0.006,675,0.0001,13.207605876060573,,0.0009245376048765083,0.38033870000003844,ok,same_stridge_core,Hx;H*Hxx,0.0239245294835883,1.3503409985615962
0.6406093674761972,1.6196294977189925,0.9040190063289495,-1.5278015809229195,0;0;-1.52780158092;0.904019006329;0.473526192675;0;0;-0.556243177798;0;0;0.0435587849312;0,53985.90079419594,0.006,676,0.0001,28.748699274644732,,0.0015217587878388378,0.4015994999999748,ok,same_stridge_core,Hx;D_x^1.619629 H;Hxxx;H*Hxx;H^2*Hxx,0.023546842105263168,1.7557488775467605
0.6241607354412557,1.513854487394218,0.7210855452230456,-1.6509818564657381,0;0;-1.65098185647;0.721085545223;-0.569070543018;0;0;-0.193115292901;0;0;0;0,56414.600974276815,0.006,677,0.0001,24.755411741020787,,0.0024051949425736635,0.4099403000000166,ok,same_stridge_core,Hx;D_x^1.513854 H;Hxxx;H*Hxx,0.07400000000000007,2.18957135131006
0.6796184359652112,1.611632573303336,0.5808566195642726,-1.345079972990784,0;0;-1.34507997299;0.580856619564;0;0;0;-0.104799266506;0;0;0;0,54154.91942512257,0.006,678,0.0001,17.646869595888635,,0.0009964310124823531,0.40548390000003565,ok,same_stridge_core,Hx;D_x^1.611633 H;H*Hxx,0.06599999999999999,1.40039376835186
0.6618181110925238,1.643163629925626,0.8423266037368703,-1.4260045754062256,0;0;-1.42600457541;0.842326603737;0.479907968135;0;0;-0.449544540526;0;0;0.0345319987966;0,53542.19731302541,0.006,679,0.0001,28.267991475220647,,0.0011093344817330313,0.3972177999999076,ok,same_stridge_core,Hx;D_x^1.643164 H;Hxxx;H*Hxx;H^2*Hxx,0.021918367346938767,1.496892818707941
0.6679356523780338,1.022521899032092,0.0,-1.2563795550822323,0;0;-1.25637955508;0;0;0;0;0;0;0;0;0,62565.30387844648,0.006,680,0.0001,8.452861009944426,,0.002495792531117429,0.1351670000001377,ok,same_stridge_core,Hx,0.15000000000000005,2.1963306220997776
0.7432082273634953,1.5966850632436647,0.24714699945901533,-1.0981878310577433,0;0;-1.09818783106;0.247146999459;0;0;0;0;0;0;0;0,54486.79588091391,0.006,681,0.0001,11.868589064366015,,0.0004868823578689215,0.27902530000005754,ok,same_stridge_core,Hx;D_x^1.596685 H,0.048227678571428526,0.9712298881832336
0.7335898604392501,1.482483713562487,0.20023374452862974,-1.1392820889441249,0;0;-1.13928208894;0.200233744529;0;0;0;0;0;0;0;0,57099.38610967945,0.006,682,0.0001,12.41427635228807,,0.0005119669975027243,0.2656411999998909,ok,same_stridge_core,Hx;D_x^1.482484 H,0.047999999999999994,0.9943991303521806
0.6719721532792865,1.570243219333679,0.5794191648221794,-1.3923545533689161,0;0;-1.39235455337;0.579419164822;0;0;0;-0.115564336328;0;0;0;0,55102.327702975286,0.006,683,0.0001,17.979829418685448,,0.0010575370231147197,0.13427299999989373,ok,same_stridge_core,Hx;D_x^1.570243 H;H*Hxx,0.078,1.4491311077928597
0.6709191458350833,1.8188947452009367,0.0,-1.2416733776864,0;0;-1.24167337769;0;4.03310766815;0;0;0;-0.621060578363;0;0;0,58500.6975259706,0.006,684,0.0001,19.375416372961404,,0.0017710433069846056,0.37704439999993156,ok,same_stridge_core,Hx;Hxxx;H*Hxxx,0.036,1.8252071151702243
0.6994899122595183,1.94787709777524,0.0,-1.1704423612027963,0;0;-1.1704423612;0;0;0;0;0;0;0;0;0,64500.060258985584,0.006,685,0.0001,8.616413457726111,,0.002359580370779219,0.37579759999994167,ok,same_stridge_core,Hx,0.04010526315789473,2.166407431827552
0.6787521966439658,1.4955602417812524,0.47511859461680556,-1.4008651703320723,0;0;-1.40086517033;0.475118594617;1.0120255995;0;0;-0.105269973407;-0.204367236599;0;0;0,56819.25705766922,0.006,686,0.0001,29.560237145467156,,0.0006725507877993878,0.386145999999826,ok,same_stridge_core,Hx;D_x^1.49556 H;Hxxx;H*Hxx;H*Hxxx,0.024,1.150608616632544
0.6506497149846591,1.6470851053967546,0.9101921264522341,-1.4691707825830411,0;0;-1.46917078258;0.910192126452;0.563034458477;0;0;-0.523303451801;0;0;0.0411090169885;0,53478.60319453309,0.006,687,0.0001,28.390219279013248,,0.001348315034795176,0.39310249999994085,ok,same_stridge_core,Hx;D_x^1.647085 H;Hxxx;H*Hxx;H^2*Hxx,0.024,1.6509176817467026
0.6348370919707704,1.6757204682442477,0.6328189988744936,-1.4511793048923318,0;0;-1.45117930489;0.632818998874;0.0732750929339;0;0;-0.126687250527;0;0;0;0,53146.66814168479,0.006,688,0.0001,23.63732447656237,,0.002956411818091399,0.39428330000009737,ok,same_stridge_core,Hx;D_x^1.67572 H;Hxxx;H*Hxx,0.0472647058823529,2.3786572198884537
0.6639122900796601,1.5623374527355671,0.0,-1.2676630672339915,0;0;-1.26766306723;0;0;0;0;0;0;0;0;0,55289.07919498827,0.006,689,0.0001,7.754252733333196,,0.002573763034265616,0.3817610999999488,ok,same_stridge_core,Hx,0.11900000000000004,2.225344813834369
0.7543093557491622,1.513854487394218,0.23404222801807592,-1.0891073081219733,0;0;-1.08910730812;0.234042228018;0;0;0;0;0;0;0;0,56414.600974276815,0.006,690,0.0001,12.281427165347964,,0.0005110742394509594,0.03947700000003351,ok,same_stridge_core,Hx;D_x^1.513854 H,0.018000000000000002,0.9985069704926003
0.6645964626437115,1.146130347005328,0.07812782069209183,-1.336059977168873,0;0;-1.33605997717;0.0781278206921;0;0;0;0;0;0;0;0,61730.98272458039,0.006,691,0.0001,14.08405683684343,,0.0015964960492368008,0.4036292999999205,ok,same_stridge_core,Hx;D_x^1.14613 H,0.024,1.7378602919273511
0.7358572218730904,1.876002924241292,0.3532745994161414,-1.070034878133191,0;0;-1.07003487813;0.353274599416;0;0;0;0;0;0;0;0,62402.85268302143,0.006,692,0.0001,13.610552858175069,,0.0006706407317710664,0.40538320000018757,ok,same_stridge_core,Hx;D_x^1.876003 H,0.0352622549019608,1.1299823215707832
0.814346526455483,1.4971692474772367,0.0,-0.8665092191282833,0;0;-0.866509219128;0;0;0;0;0.0789163941745;0;0;0;0,56784.24651457562,0.006,693,0.0001,12.877833922006456,,0.0011702953333516432,0.3022430000000895,ok,same_stridge_core,Hx;H*Hxx,0.04120405156934565,1.520984619091332
0.829261667881332,1.130062212606143,0.0,-0.8329788286660321,0;0;-0.832978828666;0;0;0;0;0.0831374217951;0;0;0;0,61857.97290416341,0.006,694,0.0001,13.988586213652958,,0.0013245236034519112,0.42344230000003336,ok,same_stridge_core,Hx;H*Hxx,0.058988655788655774,1.616991632820275
0.6041563307912757,1.5462091026003468,0.9431844008308296,-1.7484923888059059,0;0;-1.74849238881;0.943184400831;0.133393795212;0;0;-0.703610273708;0;0;0.0546650207533;0,55669.2499011712,0.006,695,0.0001,30.04639128218045,,0.0024040940821149783,0.4012981000000764,ok,same_stridge_core,Hx;D_x^1.546209 H;Hxxx;H*Hxx;H^2*Hxx,0.030813157894736848,2.2117663315948537
0.7017080854751847,1.7784245105106906,0.22525714767163518,-1.1706427887550437,0;0;-1.17064278876;0.225257147672;0;0;0;0;0;0;0;0,55660.327546583845,0.006,696,0.0001,12.53200092217831,,0.0010523938811175398,0.38528580000001966,ok,same_stridge_core,Hx;D_x^1.778425 H,0.035903954687288,1.3999354128615413
0.6444889349491687,1.758224685288532,1.2468189227885667,-1.4250045242298086,0;0;-1.42500452423;1.24681892279;1.10316399249;0;0;-0.690777470424;0;0;0.0575049435381;0,54569.92744796373,0.006,697,0.0001,29.186218835655037,,0.0018094854572767733,0.40378789999999753,ok,same_stridge_core,Hx;D_x^1.758225 H;Hxxx;H*Hxx;H^2*Hxx,0.036,1.9012551116731693
0.6213660385548497,1.4871633937213384,0.6667670655583078,-1.6388974455073007,0;0;-1.63889744551;0.666767065558;0;0;0;-0.180770559734;0;0;0;0,57000.05306192394,0.006,698,0.0001,19.34744530880531,,0.0025076951536573224,0.3951572999999371,ok,same_stridge_core,Hx;D_x^1.487163 H;H*Hxx,0.036,2.2474293902281244
0.6796166739984826,1.555312116532432,0.504867581508896,-1.3604319103820426,0;0;-1.36043191038;0.504867581509;1.74979735411;0;0;-0.102374205297;-0.279468036767;0;0;0,55454.99701001829,0.006,699,0.0001,28.93253837795841,,0.0007450398228579911,0.29633689999991475,ok,same_stridge_core,Hx;D_x^1.555312 H;Hxxx;H*Hxx;H*Hxxx,0.062400000000000004,1.2050398729492644
0.6375036576424553,1.6927295977355448,0.6092822526512418,-1.4290153602332007,0;0;-1.42901536023;0.609282252651;0.100712661719;0;0;-0.116959109242;0;0;0;0,53097.792606179486,0.006,700,0.0001,23.591125155266905,,0.0029016792218186692,0.41693770000006225,ok,same_stridge_core,Hx;D_x^1.69273 H;Hxxx;H*Hxx,0.048184873949579814,2.3520081127951094
0.8299245707296656,1.6617571889363392,0.3929635692267362,-0.9011606735598479,0;0;-0.90116067356;0.392963569227;0;0;0;0;0;0;0;0,53275.911356179306,0.006,701,0.0001,12.064141541413644,,0.0010218273600575416,0.41439839999998185,ok,same_stridge_core,Hx;D_x^1.661757 H,0.036,1.4089592701777809
0.5880138682915198,1.736270487605282,0.0,-1.4512553082856727,0;0;-1.45125530829;0;6.00068187208;0;0;0;-0.79425622205;0;0;0,53731.76206878684,0.006,702,0.0001,19.626973767422296,,0.006709443940367962,0.3950094000001627,ok,same_stridge_core,Hx;Hxxx;H*Hxxx,0.09000000000000001,3.5074451467862433
0.6816037825767495,1.5808248475714954,0.561067113223079,-1.3528278431532719,0;0;-1.35282784315;0.561067113223;0;0;0;-0.104661341395;0;0;0;0,54853.45433951529,0.006,703,0.0001,17.77527088268466,,0.0008765688477136739,0.3933018999998694,ok,same_stridge_core,Hx;D_x^1.580825 H;H*Hxx,0.06599999999999999,1.31923458083007
0.6293482071343799,1.4651636553624168,0.6090843671124828,-1.6104127465997828,0;0;-1.6104127466;0.609084367112;0;0;0;-0.165044141852;0;0;0;0,57457.832127826005,0.006,704,0.0001,19.284941250540314,,0.0020701133065852612,0.4331750999999713,ok,same_stridge_core,Hx;D_x^1.465164 H;H*Hxx,0.03,2.047591612192512
0.841282892409836,1.4953555954102578,0.0,-0.8073753212167094,0;0;-0.807375321217;0;0;0;0;0.422293125858;-0.0716603405838;0;-0.0408305338958;0,56823.70123367627,0.006,705,0.0001,23.9302767176804,,0.0007004415994760736,0.29404740000018137,ok,same_stridge_core,Hx;H*Hxx;H*Hxxx;H^2*Hxx,0.030631578947368416,1.2007962242098935
0.6190323984221997,1.6066448647263174,0.99257994507175,-1.6322044197551715,0;0;-1.63220441976;0.992579945072;0.503987969793;0;0;-0.68324924808;0;0;0.0544628831245;0,54263.657895412885,0.006,706,0.0001,29.20086908968455,,0.0021087539835283812,0.39047279999999773,ok,same_stridge_core,Hx;D_x^1.606645 H;Hxxx;H*Hxx;H^2*Hxx,0.037911111111111104,2.0690401419781073
0.8057225118991089,1.4510036574415832,0.0,-0.8863257174647172,0;0;-0.886325717465;0;0;0;0;0.0763541134135;0;0;0;0,57739.84950360191,0.006,707,0.0001,13.016453429442276,,0.0010906083174962126,0.40551940000000286,ok,same_stridge_core,Hx;H*Hxx,0.04713328338328338,1.4684835287218947
0.7804870643429486,1.306553389938144,0.0,-0.946159205098238,0;0;-0.946159205098;0;0;0;0;0.0683267441044;0;0;0;0,60068.85917852142,0.006,708,0.0001,13.353742005729906,,0.0009109971027149261,0.3974187000001166,ok,same_stridge_core,Hx;H*Hxx,0.035927777777777774,1.3399701700256217
0.6743646503180064,1.5674395331808841,0.13066536520921712,-1.2631176449281858,0;0;-1.26311764493;0.130665365209;0;0;0;0;0;0;0;0,55168.52391372213,0.006,709,0.0001,12.737072087756218,,0.0015717684997727144,0.4081693999999061,ok,same_stridge_core,Hx;D_x^1.56744 H,0.09750000000000003,1.703367305011791
0.6679356523780338,1.749185909701601,0.5692884134889187,-1.2892286995920907,0;0;-1.28922869959;0.569288413489;4.06588614617;0;0;-0.0914583858402;-0.561124226073;0;0;0,54179.69421241519,0.006,710,0.0001,28.659875139581136,,0.0013297532940113094,0.28033460000006016,ok,same_stridge_core,Hx;D_x^1.749186 H;Hxxx;H*Hxx;H*Hxxx,0.024815022624434396,1.5700280333735401
0.7432082273634953,1.7423672329771542,0.3031678000212713,-1.0732115634561017,0;0;-1.07321156346;0.303167800021;0;0;0;0;0;0;0;0,53927.149457242595,0.006,711,0.0001,11.803220812962788,,0.0005370420043556308,0.276977400000078,ok,same_stridge_core,Hx;D_x^1.742367 H,0.029288799739492877,1.0177909215142695
0.7335898604392501,1.8742944229014264,0.34626087631653635,-1.076075784158818,0;0;-1.07607578416;0.346260876317;0;0;0;0;0;0;0;0,62309.128063607255,0.006,712,0.0001,13.605756108363568,,0.0006886774649886975,0.287116099999821,ok,same_stridge_core,Hx;D_x^1.874294 H,0.03305378831694621,1.1439304956421177
0.719730839061135,1.5070430405976447,0.18923322010634866,-1.165696226519976,0;0;-1.16569622652;0.189233220106;0;0;0;0;0;0;0;0,56566.91025541512,0.006,713,0.0001,12.373470104917224,,0.0005911295167067243,0.39276489999997466,ok,same_stridge_core,Hx;D_x^1.507043 H,0.03524356953216503,1.0600880538341988
0.7392198524905063,1.5684424536494557,0.23232049111043626,-1.1120192938536853,0;0;-1.11201929385;0.23232049111;0;0;0;0;0;0;0;0,55144.83877757227,0.006,714,0.0001,12.005279009808502,,0.0004933975432770758,0.40198679999980413,ok,same_stridge_core,Hx;D_x^1.568442 H,0.036,0.9763112542940487
0.6930036034320676,1.4404697058976677,0.14235472579039185,-1.2358823682849585,0;0;-1.23588236828;0.14235472579;0;0;0;0;0;0;0;0,57943.12626290458,0.006,715,0.0001,12.918085340822087,,0.0009466295331113083,0.40925190000007206,ok,same_stridge_core,Hx;D_x^1.44047 H,0.04861099234099232,1.3294600882411702
0.6516189685404363,1.7165026816782065,0.5656069923353827,-1.3524286722919738,0;0;-1.35242867229;0.565606992335;4.47966645092;0;0;-0.106042623512;-0.628634358149;0;0;0,53288.36541727333,0.006,716,0.0001,28.451804555429963,,0.0017602157345129497,0.40195989999983794,ok,same_stridge_core,Hx;D_x^1.716503 H;Hxxx;H*Hxx;H*Hxxx,0.036,1.8076218467932952
0.6022461723546956,1.616905782317457,0.7594315178670841,-1.6218087421678733,0;0;-1.62180874217;0.759431517867;0;0;0;-0.186230605781;0;0;0;0,54042.655610199596,0.006,717,0.0001,19.22908854397054,,0.004692228792294717,0.4091359999999895,ok,same_stridge_core,Hx;D_x^1.616906 H;H*Hxx,0.05999999999999999,3.0162918609106604
0.7390312068683872,1.9824799825742632,0.0,-1.109757867819367,0;0;-1.10975786782;0;0;0;0;0;-0.154720582266;0;0;0,64383.05600527782,0.006,718,0.0001,15.165044436780377,,0.0025542976607764267,0.27740019999987453,ok,same_stridge_core,Hx;H*Hxxx,0.041999999999999996,2.288433235724813
0.8034992407474064,1.51191463040479,0.28560575190572335,-0.9883850647309886,0;0;-0.988385064731;0.285605751906;0;0;0;0;0;0;0;0,56458.16720338433,0.006,719,0.0001,12.655049302613767,,0.0009670660163517338,0.38863870000000134,ok,same_stridge_core,Hx;D_x^1.511915 H,0.035244855899365705,1.3634158619369008
0.6860731786701022,1.5916603029336711,0.5299384026196563,-1.3244128780246067,0;0;-1.32441287802;0.52993840262;3.72817750293;0;0;-0.09655793844;-0.885722967714;0;0;0.0466497584071,54601.76020628345,0.006,720,0.0001,33.911056086532426,,0.0006890060718605707,0.14150410000002012,ok,same_stridge_core,Hx;D_x^1.59166 H;Hxxx;H*Hxx;H*Hxxx;H^2*Hxxx,0.023454545454545474,1.149999962762353
0.6317107753452678,1.4910318613387317,0.6820813205447082,-1.6385829096941447,0;0;-1.63858290969;0.682081320545;-0.670020093941;0;0;-0.184620169734;0;0;0;0,56917.16204408315,0.006,721,0.0001,24.730219291084296,,0.0019238307438684094,0.3962906000001567,ok,same_stridge_core,Hx;D_x^1.491032 H;Hxxx;H*Hxx,0.03862481962481964,1.9633544734510375
0.5998040766071552,1.5927187045674485,1.0685831456592945,-1.733147605039542,0;0;-1.73314760504;1.06858314566;0.498777104405;0;0;-0.799031532663;0;0;0.0642871408987;0,54577.43483685484,0.006,722,0.0001,29.660972778913997,,0.002767478658896103,0.40306759999998576,ok,same_stridge_core,Hx;D_x^1.592719 H;Hxxx;H*Hxx;H^2*Hxx,0.04136842105263157,2.372255360486578
0.7478957937408652,1.3145015452703852,0.166030371764919,-1.1363139494059946,0;0;-1.13631394941;0.166030371765;0;0;0;0;0;0;0;0,59964.31704808514,0.006,723,0.0001,13.213160736894803,,0.0007578605757163021,0.40844910000009804,ok,same_stridge_core,Hx;D_x^1.314502 H,0.035476392888157564,1.2202973272777742
0.8694873130429859,1.6205047823151821,0.0,-0.7471007851066536,0;0;-0.747100785107;0;0;0;0;0.0932497909425;0;0;0;0,53967.85679284901,0.006,724,0.0001,12.675960934923735,,0.0018058373973476834,0.28151279999997314,ok,same_stridge_core,Hx;H*Hxx,0.047999999999999994,1.8823895763539336
0.6897075374345438,1.5248210864777556,0.466921893088736,-1.342999874853312,0;0;-1.34299987485;0.466921893089;1.08137054517;0;0;-0.0922001505349;-0.19446459125;0;0;0,56165.639279127434,0.006,725,0.0001,29.15093714347616,,0.000579765440776519,0.27820989999986523,ok,same_stridge_core,Hx;D_x^1.524821 H;Hxxx;H*Hxx;H*Hxxx,0.03136161943319837,1.0681175039124424
0.7276267915279346,1.5687790788929648,0.21591697536920704,-1.137919964596862,0;0;-1.1379199646;0.215916975369;0;0;0;0;0;0;0;0,55136.88911177602,0.006,726,0.0001,12.05127260492855,,0.0005491960322556589,0.39339529999983824,ok,same_stridge_core,Hx;D_x^1.568779 H,0.036,1.023894782573347
0.6682172281509458,1.393718887475543,0.432131838341962,-1.5048665237379275,0;0;-1.50486652374;0.432131838342;0;0;0;-0.116312096945;-0.129037994788;0;0;0,58778.73811275191,0.006,727,0.0001,24.663002602240685,,0.0006730356641886317,0.40400110000018685,ok,same_stridge_core,Hx;D_x^1.393719 H;H*Hxx;H*Hxxx,0.018000000000000002,1.15150735713992
0.7820831156592127,1.6815448187136863,0.3405621912364633,-0.9963783576151368,0;0;-0.996378357615;0.340562191236;0;0;0;0;0;0;0;0,53115.10414672754,0.006,728,0.0001,11.674532693708382,,0.0005594557200644468,0.3909924999998111,ok,same_stridge_core,Hx;D_x^1.681545 H,0.036,1.0515118643628751
0.7003531555878935,1.7672736062439522,0.21886383366298248,-1.1754314099790926,0;0;-1.17543140998;0.218863833663;0;0;0;0;0;0;0;0,55022.57213953186,0.006,729,0.0001,12.415371888913368,,0.0010695298042378571,0.4110659000000396,ok,same_stridge_core,Hx;D_x^1.767274 H,0.03,1.410857461006996
0.6316140069869949,1.6852501009370098,1.1151113916213975,-1.523513324067013,0;0;-1.52351332407;1.11511139162;0.880045047952;0;0;-0.694760609704;0;0;0.0569361304282;0,53102.7657205619,0.006,730,0.0001,28.54247249211621,,0.0019646785901648264,0.401537400000052,ok,same_stridge_core,Hx;D_x^1.68525 H;Hxxx;H*Hxx;H^2*Hxx,0.041999999999999996,1.9910896318352582
0.6075324429992266,1.6204838241662562,1.0911022130324253,-1.6748871061493975,0;0;-1.67488710615;1.09110221303;0.653956060453;0;0;-0.781952596626;0;0;0.0634673229126;0,53968.2884849905,0.006,731,0.0001,29.27055868417703,,0.002575116804396928,0.15838589999998476,ok,same_stridge_core,Hx;D_x^1.620484 H;Hxxx;H*Hxx;H^2*Hxx,0.017436090225563902,2.2864144416817784
0.7269520968606755,1.243954524434166,0.13202192586681719,-1.188290542871769,0;0;-1.18829054287;0.132021925867;0;0;0;0;0;0;0;0,60812.20415970804,0.006,732,0.0001,13.40185832911603,,0.0007729787907145445,0.39813219999996363,ok,same_stridge_core,Hx;D_x^1.243955 H,0.036,1.2394174971744203
0.6469432775693968,1.8102169433418456,1.394922471582435,-1.3813890292404223,0;0;-1.38138902924;1.39492247158;1.24667400888;0;0;-0.727510567115;0;0;0.0614039739432;0,57849.20812976866,0.006,733,0.0001,30.871445448827675,,0.0019177516453112212,0.40785490000007485,ok,same_stridge_core,Hx;D_x^1.810217 H;Hxxx;H*Hxx;H^2*Hxx,0.03,1.9468413839433454
0.528687138966115,1.4661515663251827,1.1552291988369405,-2.240628449409621,0;0;-2.24062844941;1.15522919884;0;0;0;-1.09729084493;-0.0821955435116;0;0.0848892965834;0,57437.78261488165,0.006,734,0.0001,32.22099790170934,,0.006016448161680948,0.4015488000000005,ok,same_stridge_core,Hx;D_x^1.466152 H;H*Hxx;H*Hxxx;H^2*Hxx,0.056249999999999994,3.5021065942685095
0.6038699037829959,1.8396104535905722,0.0,-1.4091231429134634,0;0;-1.40912314291;0;5.59339822443;0;0;0;-0.75824602412;0;0;0,60048.5915366238,0.006,735,0.0001,21.053160557095033,,0.005053578157463219,0.39721450000001823,ok,same_stridge_core,Hx;Hxxx;H*Hxxx,0.05982453102453101,3.038583096107891
0.7026980927626826,1.2575379220134253,0.11225615180652725,-1.2509043151786756,0;0;-1.25090431518;0.112256151807;0;0;0;0;-0.0621155692201;0;0;0,60662.32925870853,0.006,736,0.0001,19.356868489675335,,0.000713538333307498,0.40148450000015146,ok,same_stridge_core,Hx;D_x^1.257538 H;H*Hxxx,0.03,1.1581697120627756
0.7282070112771919,1.207394520803444,0.11493869252539056,-1.206510487091429,0;0;-1.20651048709;0.114938692525;0;0;0;0;-0.0902724077306;0;0;0,61187.02410526834,0.006,737,0.0001,19.515285296946345,,0.0006923535069900305,0.4124434000000292,ok,same_stridge_core,Hx;D_x^1.207395 H;H*Hxxx,0.024,1.1591780653658408
0.6823330820775196,1.9232757181168794,0.1723407450578546,-1.1928672138466656,0;0;-1.19286721385;0.172340745058;3.42097272909;0;0;0;-0.481255447036;0;0;0,64180.508474043396,0.006,738,0.0001,27.22479846593643,,0.0013111243029821854,0.41078189999984716,ok,same_stridge_core,Hx;D_x^1.923276 H;Hxxx;H*Hxxx,0.03,1.552595076319072
0.6246378721655381,1.8730449407534722,0.0,-1.3554325249110262,0;0;-1.35543252491;0;5.08261451643;0;0;0;-0.713199542633;0;0;0,62239.35906320448,0.006,739,0.0001,21.183913754712687,,0.0034608404738404614,0.3999498999999105,ok,same_stridge_core,Hx;Hxxx;H*Hxxx,0.036139010989010976,2.512106035751342
0.7733633878846701,1.274291983282992,0.038064668159656055,-0.9912246990595281,0;0;-0.99122469906;0.0380646681597;0;0;0;0.0532958816509;0;0;0;0,60469.01920457876,0.006,740,0.0001,19.43183832281402,,0.0008494770008600523,0.3928677000001244,ok,same_stridge_core,Hx;D_x^1.274292 H;H*Hxx,0.024,1.2911325614403901
0.669466494244901,1.8238330356286865,0.0,-1.2521059186619887,0;0;-1.25210591866;0;0;0;0;0;0;0;0;0,58873.584155193246,0.006,741,0.0001,8.074223395394748,,0.0024700940011212484,0.3995589999999538,ok,same_stridge_core,Hx,0.15000000000000005,2.186864979875424
0.6583502121636686,1.7907516730826818,1.2547232837055078,-1.354501620073311,0;0;-1.35450162007;1.25472328371;1.09327506873;0;0;-0.630022890283;0;0;0.0523170966676;0,56455.2409394134,0.006,742,0.0001,29.970690002049906,,0.0015308056603871257,0.3940034000002015,ok,same_stridge_core,Hx;D_x^1.790752 H;Hxxx;H*Hxx;H^2*Hxx,0.024,1.7430695323432053
0.6941032754081806,1.674235033849277,0.5676092994244871,-1.26755517307407,0;0;-1.26755517307;0.567609299424;0;0;0;-0.0842427025241;0;0;0;0,53156.96691445113,0.006,743,0.0001,17.239427815952933,,0.0008578180520763046,0.3726453000001584,ok,same_stridge_core,Hx;D_x^1.674235 H;H*Hxx,0.05385192420747975,1.2923377416175934
0.6237175444531383,1.87879712527915,0.0,-1.3577764681466644,0;0;-1.35777646815;0;5.10471503183;0;0;0;-0.715145922979;0;0;0,62551.94112917324,0.006,744,0.0001,21.29864038322171,,0.0035189186452753143,0.3896394999999302,ok,same_stridge_core,Hx;Hxxx;H*Hxxx,0.04726299145299146,2.533058044469735
0.6226599925109152,1.94787709777524,-0.11190918444517794,-1.3751796314241056,0;0;-1.37517963142;-0.111909184445;5.34420361767;0;0;0;-0.788511913572;0;0;0,64500.060258985584,0.006,745,0.0001,28.315973993183757,,0.0034504457845058118,0.1505207000000155,ok,same_stridge_core,Hx;D_x^1.947877 H;Hxxx;H*Hxxx,0.036,2.5159498895895216
0.7162002929742805,1.4324311124984639,0.16807550992409834,-1.1854328276625683,0;0;-1.18543282766;0.168075509924;0;0;0;0;0;0;0;0,58094.499747745605,0.006,746,0.0001,12.69789291834803,,0.0006097907077639069,0.2784530999999788,ok,same_stridge_core,Hx;D_x^1.432431 H,0.047999999999999994,1.0789929687989097
0.526200536361827,1.7521762726857428,-0.34543365701297307,-1.7019340609652471,0;0;-1.70193406097;-0.345433657013;-0.352252630879;0;0;0;0;0;0;0,54301.82408337063,0.006,747,0.0001,21.85719681251883,,0.01659788689864795,0.3994626999999582,ok,same_stridge_core,Hx;D_x^1.752176 H;Hxxx,0.12360000000000003,5.566649587507637
0.6165767939887721,1.3191358528750328,0.5167303660875858,-1.8124895156229475,0;0;-1.81248951562;0.516730366088;0;0;0;-0.191270982996;-0.255432596816;0;0;0,59902.2267069129,0.006,748,0.0001,25.66353249314554,,0.0014642382512756946,0.3981135000001359,ok,same_stridge_core,Hx;D_x^1.319136 H;H*Hxx;H*Hxxx,0.10125000000000003,1.7026418103803787
0.6639122900796601,1.2691134316483528,0.08665951591451673,-1.332536668345709,0;0;-1.33253666835;0.0866595159145;0;0;0;0;-0.0412098442822;0;0;0,60529.79017030876,0.006,749,0.0001,19.886768171304062,,0.001630414218465717,0.28158749999988686,ok,same_stridge_core,Hx;D_x^1.269113 H;H*Hxxx,0.018000000000000002,1.7278311202114314
0.7106181987853017,1.9597794474476007,0.0,-1.1411957471858618,0;0;-1.14119574719;0;0;0;0;0;0;0;0;0,64526.71434075984,0.006,750,0.0001,8.680094982958531,,0.0024826150452242693,0.3743598999999449,ok,same_stridge_core,Hx,0.047999999999999994,2.2274235488825465
0.6292539386091809,1.5948748869745293,0.911768252095875,-1.5937831464270225,0;0;-1.59378314643;0.911768252096;0.38240131273;0;0;-0.600289664471;0;0;0.0469311033568;0,54528.05414691855,0.006,751,0.0001,29.15266015013641,,0.0017577106594887967,0.3935492999999042,ok,same_stridge_core,Hx;D_x^1.594875 H;Hxxx;H*Hxx;H^2*Hxx,0.034315789473684244,1.888633076677134
0.7397062880939436,1.5886227688116177,0.2394020505372388,-1.1074209030900952,0;0;-1.10742090309;0.239402050537;0;0;0;0;0;0;0;0,54671.86231195767,0.006,752,0.0001,11.911867514671531,,0.0004947203768075492,0.2665256000000227,ok,same_stridge_core,Hx;D_x^1.588623 H,0.024,0.9774950522799958
0.7112286412108942,1.8767138735488176,0.0,-1.1396071444227325,0;0;-1.13960714442;0;0;0;0;0;0;0;0;0,62441.28123987311,0.006,753,0.0001,8.475749096616148,,0.002491556028921818,0.38334979999990537,ok,same_stridge_core,Hx,0.05141176470588232,2.231620972628837
0.7027947208023613,1.5662901892390733,0.48219800899274834,-1.2829892640152907,0;0;-1.28298926402;0.482198008993;2.64112007261;0;0;-0.0806223154719;-0.683142216946;0;0;0.0393834051216,55195.67537735516,0.006,754,0.0001,34.0915075257547,,0.00048775903183056915,0.39442270000017743,ok,same_stridge_core,Hx;D_x^1.56629 H;Hxxx;H*Hxx;H*Hxxx;H^2*Hxxx,0.012,0.9741022993416025
0.7136278922231025,1.3444326482935738,0.25819102876159256,-1.3013265146721762,0;0;-1.30132651467;0.258191028762;0;0;0;0.0892191313979;-0.130418364358;0;-0.0163859424549;0,59548.06234712809,0.006,755,0.0001,30.635728461758916,,0.0003830020848124172,0.38820399999985966,ok,same_stridge_core,Hx;D_x^1.344433 H;H*Hxx;H*Hxxx;H^2*Hxx,0.012,0.8616972881948668
0.8083631807934335,1.4871418455406873,0.0,-0.880224203197202,0;0;-0.880224203197;0;0;0;0;0.0771482869316;0;0;0;0,57000.51309664926,0.006,756,0.0001,12.884342500541774,,0.0011141682609227866,0.3842635999999402,ok,same_stridge_core,Hx;H*Hxx,0.03,1.4842398812119209
0.8431839345111234,1.1436650784155449,0.0,-0.8025145151981362,0;0;-0.802514515198;0;0;0;0;0.0868430411827;0;0;0;0,61750.86561355351,0.006,757,0.0001,14.059517544009417,,0.001482945411861885,0.3798675999998977,ok,same_stridge_core,Hx;H*Hxx,0.06599786879786883,1.7093444212987126
0.6131399160809327,1.67956673884131,1.0913428959608091,-1.6247148432349527,0;0;-1.62471484323;1.09134289596;0;0;0;-0.717906595924;0;0;0.0577863602611;0,53124.20367840506,0.006,758,0.0001,23.638620467154013,,0.00287854398061452,0.37819790000003195,ok,same_stridge_core,Hx;D_x^1.679567 H;H*Hxx;H^2*Hxx,0.047999999999999994,2.3889389957919884
0.6639788649459973,1.8614807140459755,0.0,-1.2582269954551846,0;0;-1.25822699546;0;4.18291308177;0;0;0;-0.634176949477;0;0;0,61547.315431516945,0.006,759,0.0001,20.34061988775269,,0.0018887216400826931,0.15119750000008025,ok,same_stridge_core,Hx;Hxxx;H*Hxxx,0.028799999999999996,1.8764252582976049
0.7809032806479791,1.2991408773131043,0.0,-0.9451496821335631,0;0;-0.945149682134;0;0;0;0;0.0684656924385;0;0;0;0,60164.185760746266,0.006,760,0.0001,13.374495818850104,,0.0009131871928054219,0.1467442000000574,ok,same_stridge_core,Hx;H*Hxx,0.02929712290232413,1.3416586667008499
0.6721317964793552,1.9911264020367727,0.1359754714083588,-1.2202800707711083,0;0;-1.22028007077;0.135975471408;3.79750620922;0;0;0;-0.544173011128;0;0;0,64270.3941520191,0.006,761,0.0001,27.412326672126056,,0.0015813035360614717,0.38478940000004513,ok,same_stridge_core,Hx;D_x^1.991126 H;Hxxx;H*Hxxx,0.03,1.7041690113184176
0.6968775693195689,1.6785684299531949,0.18987707852913374,-1.1947731077490649,0;0;-1.19477310775;0.189877078529;0;0;0;0;0;0;0;0,53129.43842739106,0.006,762,0.0001,12.03023590922447,,0.0010614484825736197,0.37745559999984835,ok,same_stridge_core,Hx;D_x^1.678568 H,0.06599999999999999,1.4043482237462563
0.7247668362184612,1.4200121572613864,0.17448377553813835,-1.168794645908948,0;0;-1.16879464591;0.174483775538;0;0;0;0;0;0;0;0,58322.016193575924,0.006,763,0.0001,12.702298231166527,,0.0005583788888953024,0.28717459999984385,ok,same_stridge_core,Hx;D_x^1.420012 H,0.036,1.0378949924513414
0.7499240375717133,1.557024574727205,0.2430634704567094,-1.0905377632920275,0;0;-1.09053776329;0.243063470457;0;0;0;0;0;0;0;0,55414.57997619361,0.006,764,0.0001,12.054240614870691,,0.0004842519095539606,0.37583470000004127,ok,same_stridge_core,Hx;D_x^1.557025 H,0.036,0.9713246196319699
0.7034408307293639,1.6932697591036048,0.2066074320623566,-1.1766953451291886,0;0;-1.17669534513;0.206607432062;0;0;0;0;0;0;0;0,53098.52327915044,0.006,765,0.0001,11.945057888653178,,0.0009425322650956454,0.38382660000002033,ok,same_stridge_core,Hx;D_x^1.69327 H,0.07677171717171719,1.3253532328230906
0.6520164776621324,1.7439488590173005,0.5583630086393948,-1.3373447343991056,0;0;-1.3373447344;0.558363008639;4.65891192556;0;0;-0.100079194528;-0.651309573628;0;0;0,53982.51611799295,0.006,766,0.0001,28.819369694387465,,0.0018087835620677634,0.40394789999982095,ok,same_stridge_core,Hx;D_x^1.743949 H;Hxxx;H*Hxx;H*Hxxx,0.036,1.8281116353909899
0.7090712811577102,1.553666441418423,0.4733419745446605,-1.2735645084033087,0;0;-1.2735645084;0.473341974545;-0.145501681299;0;0;-0.0767477814318;0;0;0;0,55493.808354474764,0.006,767,0.0001,23.17225654497904,,0.00047508660764128977,0.39212399999996705,ok,same_stridge_core,Hx;D_x^1.553666 H;Hxxx;H*Hxx,0.041999999999999996,0.9747332031891334
0.74952171277709,1.6597706969857333,0.2798706400739785,-1.0728098365777996,0;0;-1.07280983658;0.279870640074;0;0;0;0;0;0;0;0,53299.72786474966,0.006,768,0.0001,11.633075244695181,,0.0004865085751050875,0.37968399999999747,ok,same_stridge_core,Hx;D_x^1.659771 H,0.041999999999999996,0.9731296717452503
0.7692190867285116,1.615670380393803,0.2911832851800525,-1.0375178115437897,0;0;-1.03751781154;0.29118328518;0;0;0;0;0;0;0;0,54068.683948747195,0.006,769,0.0001,11.8244190626976,,0.0005198676063670663,0.38192909999997937,ok,same_stridge_core,Hx;D_x^1.61567 H,0.018000000000000002,1.010682272948162
0.681898082066702,1.022521899032092,0.06368995545093686,-1.3263470098060006,0;0;-1.32634700981;0.0636899554509;0;0;0;0;-0.109303469981;0;0;0,62565.30387844648,0.006,770,0.0001,20.173372380032717,,0.0010526334825843265,0.1428157000000283,ok,same_stridge_core,Hx;D_x^1.022522 H;H*Hxxx,0.024,1.4037812164987717
0.7313517602765975,1.6384046758334379,0.24243718577761844,-1.1180256590450486,0;0;-1.11802565905;0.242437185778;0;0;0;0;0;0;0;0,53623.908192548784,0.006,771,0.0001,11.752544991993311,,0.0005528549097327955,0.36946979999993346,ok,same_stridge_core,Hx;D_x^1.638405 H,0.047999999999999994,1.0277633534835544
0.8544440628411594,1.453642783422816,0.0,-0.7784536315648583,0;0;-0.778453631565;0;0;0;0;0.0896791319428;0;0;0;0,57688.049833551166,0.006,772,0.0001,13.321750971597982,,0.0016183630933778075,0.39314859999990404,ok,same_stridge_core,Hx;H*Hxx,0.04189007802654861,1.7841410048877497
0.6626473974018388,1.0507546613795058,0.06387598997950793,-1.3456002349450467,0;0;-1.34560023495;0.0638759899795;0;0;0;0;0;0;0;0,62401.74336657025,0.006,773,0.0001,14.27866376319177,,0.001687602302918463,0.26737950000006094,ok,same_stridge_core,Hx;D_x^1.050755 H,0.047137364381650095,1.7983150898777192
0.6687715592471118,1.6753718186735207,0.8757294931592533,-1.3817856913489852,0;0;-1.38178569135;0.875729493159;0.582816259624;0;0;-0.440821253;0;0;0.0341688820837;0,53149.005796319725,0.006,774,0.0001,28.022906765241004,,0.0010410715782783937,0.13800960000003215,ok,same_stridge_core,Hx;D_x^1.675372 H;Hxxx;H*Hxx;H^2*Hxx,0.018000000000000002,1.4484038670811383
0.6802041474053704,1.579757083135007,0.5639277784778204,-1.3582698823630166,0;0;-1.35826988236;0.563927778478;0;0;0;-0.106193111992;0;0;0;0,54878.46741359915,0.006,775,0.0001,17.801596145972397,,0.0009018818464566887,0.37292120000006435,ok,same_stridge_core,Hx;D_x^1.579757 H;H*Hxx,0.06599999999999999,1.3380559218926498
0.7162002929742805,1.2942190839259247,0.13730105304484225,-1.205626066271063,0;0;-1.20562606627;0.137301053045;0;0;0;0;0;0;0;0,60226.3453943783,0.006,776,0.0001,13.199133105042673,,0.0006803368358733222,0.2784106999999949,ok,same_stridge_core,Hx;D_x^1.294219 H,0.041999999999999996,1.1538640261670114
0.6481876361945238,1.5821255061007555,0.7910214606934731,-1.5172575841967368,0;0;-1.5172575842;0.791021460693;0.229148658483;0;0;-0.466429994394;0;0;0.0349891176527;0,54823.028982200834,0.006,777,0.0001,29.00902459858723,,0.0012598552019136358,0.14527880000014193,ok,same_stridge_core,Hx;D_x^1.582126 H;Hxxx;H*Hxx;H^2*Hxx,0.018000000000000002,1.5975101074868112
0.6292539386091809,1.6177705808000358,0.9612952405937615,-1.5785710747654031,0;0;-1.57857107477;0.961295240594;0.521356611353;0;0;-0.628301138526;0;0;0.0498646722234;0,54024.53922809806,0.006,778,0.0001,28.936232810557637,,0.0018255413745408271,0.2821853000000374,ok,same_stridge_core,Hx;D_x^1.617771 H;Hxxx;H*Hxx;H^2*Hxx,0.0330676691729323,1.9239631965086048
0.6639122900796601,1.4445405244247225,0.525281592562889,-1.519899560942323,0;0;-1.51989956094;0.525281592563;-0.743774366221;0;0;-0.134278814891;0;0;0;0,57865.23124548191,0.006,779,0.0001,24.449520532781484,,0.0008459106574647356,0.28303280000000086,ok,same_stridge_core,Hx;D_x^1.444541 H;Hxxx;H*Hxx,0.030006634232640435,1.3034280345887195
0.6846341558631666,1.8079710686320785,0.6098020510121254,-1.2657406407128078,-0.0211721375515;0;-1.26574064071;0.609802051012;2.25194059093;0;0;-0.0978585569339;-0.375580248534;0;0;0,57682.47477950848,0.006,780,0.0001,35.94626486273002,,0.0009342133549321124,0.39323930000000473,ok,same_stridge_core,1;Hx;D_x^1.807971 H;Hxxx;H*Hxx;H*Hxxx,0.018000000000000002,1.3367799950249288
0.6753348206569069,1.7700612795210087,0.5770159898304409,-1.2594672010323897,0;0;-1.25946720103;0.57701598983;3.91904067631;0;0;-0.0851970970762;-0.536428491163;0;0;0,55174.03261506754,0.006,781,0.0001,29.063980780276978,,0.0011778568938989147,0.2789308000001256,ok,same_stridge_core,Hx;D_x^1.770061 H;Hxxx;H*Hxx;H*Hxxx,0.02021848739495797,1.4769644727432099
0.7397062880939436,1.1475170641712438,0.0,-1.0488710588061854,0;0;-1.04887105881;0;0;0;0;0.0535983036115;0;0;0;0,61719.734178811916,0.006,782,0.0001,13.636907892634737,,0.0008684878515672782,0.28055269999981647,ok,same_stridge_core,Hx;H*Hxx,0.047999999999999994,1.2929610568723526
0.566395357016308,1.4929548711684983,0.9589395852999819,-1.972229810871755,0;0;-1.97222981087;0.9589395853;-1.04765972478;0;0;-0.301364663544;0;0;0;0,56875.701653552,0.006,783,0.0001,26.239771451095763,,0.006104718488532252,0.39908200000013494,ok,same_stridge_core,Hx;D_x^1.492955 H;Hxxx;H*Hxx,0.05999999999999999,3.489490789674961
0.6795988384787887,1.8602306650054379,0.0,-1.224090263309626,0;0;-1.22409026331;0;0;0;0;0;0;0;0;0,61467.78419199406,0.006,784,0.0001,8.292559377400359,,0.0023523956964508277,0.3894440999999915,ok,same_stridge_core,Hx,0.15000000000000005,2.145780958200953
0.7465020594389626,1.2843001473535376,0.15586381064417465,-1.1430427508258336,0;0;-1.14304275083;0.155863810644;0;0;0;0;0;0;0;0,60348.91574824606,0.006,785,0.0001,13.343629479255483,,0.0008232121637229245,0.3902029000000766,ok,same_stridge_core,Hx;D_x^1.2843 H,0.02511373504273504,1.2738463296062728
0.6637024548577897,1.4025215247664657,0.45832567074344627,-1.525572816407043,0;0;-1.52557281641;0.458325670743;0;0;0;-0.125204868491;-0.13070614695;0;0;0,58629.556338846836,0.006,786,0.0001,24.659998866304353,,0.0007383763483374152,0.38008510000008755,ok,same_stridge_core,Hx;D_x^1.402522 H;H*Hxx;H*Hxxx,0.03,1.2081763307656186
0.7623747470327262,1.7075229335187052,0.3220918385700564,-1.034977269579247,0;0;-1.03497726958;0.32209183857;0;0;0;0;0;0;0;0,53176.18347570721,0.006,787,0.0001,11.618232804230422,,0.0004913879051867703,0.2626639999998588,ok,same_stridge_core,Hx;D_x^1.707523 H,0.07676017316017317,0.9829961090889794
0.7820831156592127,1.2418762934525547,0.0,-0.9422921982753019,0;0;-0.942292198275;0;0;0;0;0.0688583539141;0;0;0;0,60834.61114633005,0.006,788,0.0001,13.513464183390484,,0.0009195531411316344,0.2701938999998674,ok,same_stridge_core,Hx;H*Hxx,0.03524375260197607,1.346541954124474
0.50854793989598,1.5508451774236502,1.5362211938838215,-2.295912918287235,0;0;-2.29591291829;1.53622119388;0;0;0;-1.44718719594;0;0;0.118047972982;0,55560.278209895165,0.006,789,0.0001,26.436870434350794,,0.008724772453887681,0.40181940000002214,ok,same_stridge_core,Hx;D_x^1.550845 H;H*Hxx;H^2*Hxx,0.05399999999999999,4.212759150392727
0.57327742879883,1.7393173778071112,0.4670504620624138,-1.607491106020101,0;0;-1.60749110602;0.467050462062;0;0;0;-0.121409417134;0;0;0;0,53825.83922985387,0.006,790,0.0001,20.18915816811971,,0.00866339116337774,0.391593900000089,ok,same_stridge_core,Hx;D_x^1.739317 H;H*Hxx,0.10250000000000004,4.041406399163549
0.5970201102397152,1.5730519264871534,1.038871116712668,-1.7626664732539947,0;0;-1.76266647325;1.03887111671;0.362849840742;0;0;-0.790982495688;0;0;0.0630404809353;0,55036.090083331306,0.006,791,0.0001,29.903145992533744,,0.002795396357906651,0.3849806000000626,ok,same_stridge_core,Hx;D_x^1.573052 H;Hxxx;H*Hxx;H^2*Hxx,0.053964285714285715,2.3851009508680883
0.7472893897160765,1.674896982748385,0.2822010685104619,-1.075223178014572,0;0;-1.07522317801;0.28220106851;0;0;0;0;0;0;0;0,53152.268485741624,0.006,792,0.0001,11.610620103560425,,0.000494797670750127,0.38216570000008687,ok,same_stridge_core,Hx;D_x^1.674897 H,0.018000000000000002,0.9801664064120997
0.5929214659312274,1.1133573155804846,0.37374155515752394,-2.0691235172307034,0;0;-2.06912351723;0.373741555158;-4.24417619309;0;0;-0.193196148812;0.0914974189977;0;0;0,61983.660338297894,0.006,793,0.0001,32.89117201727989,,0.0018352004853955202,0.373463799999854,ok,same_stridge_core,Hx;D_x^1.113357 H;Hxxx;H*Hxx;H*Hxxx,0.11800000000000005,1.8993418481309452
0.7354409089951001,1.4888930705451864,0.20417709996501818,-1.1341615123472817,0;0;-1.13416151235;0.204177099965;0;0;0;0;0;0;0;0,56963.077777998195,0.006,794,0.0001,12.382097130686443,,0.0005063800720454758,0.3732377000001179,ok,same_stridge_core,Hx;D_x^1.488893 H,0.09478571428571429,0.9894815750868021
0.7169230126703945,1.6932697591036048,0.5500750270702,-1.179009654861545,0;0;-1.17900965486;0.55007502707;1.86403892947;0;0;-0.0695778956911;-0.244316568055;0;0;0,53098.52327915044,0.006,795,0.0001,27.50812272095014,,0.00047068014663821515,0.14482159999988653,ok,same_stridge_core,Hx;D_x^1.69327 H;Hxxx;H*Hxx;H*Hxxx,0.006,0.9588610813749182
0.6613926373640693,1.0508802585824548,0.0,-1.274767567490157,0;0;-1.27476756749;0;0;0;0;0;0;0;0;0,62400.98247291084,0.006,796,0.0001,8.48667041526432,,0.0026304908042437884,0.39871770000013385,ok,same_stridge_core,Hx,0.15000000000000005,2.246572167973237
0.6591943633432038,1.587395391924081,0.5549342995975467,-1.4091592372694364,0;0;-1.40915923727;0.554934299598;2.84503050561;0;0;-0.120939409613;-0.428404839432;0;0;0,54700.30056438293,0.006,797,0.0001,28.878326965506094,,0.0012184405922275481,0.387059200000067,ok,same_stridge_core,Hx;D_x^1.587395 H;Hxxx;H*Hxx;H*Hxxx,0.018000000000000002,1.528176683314628
0.7773744512868961,1.3821894297871804,0.0,-0.9537331902370356,0;0;-0.953733190237;0;0;0;0;0.0672805313052;0;0;0;0,58968.58183650498,0.006,798,0.0001,13.12164829617607,,0.0008955611201228611,0.36841499999991356,ok,same_stridge_core,Hx;H*Hxx,0.03556536109093842,1.3279319288750735
0.5481867349373096,1.432148218487522,0.981309175005724,-2.1642960435937093,0;0;-2.16429604359;0.981309175006;0;0;0;-0.351691819705;-0.282680028627;0;0;0,58099.76836111116,0.006,799,0.0001,26.786421037871058,,0.00630654738380626,0.3753180000001066,ok,same_stridge_core,Hx;D_x^1.432148 H;H*Hxx;H*Hxxx,0.08033333333333334,3.546513693426595
0.688134317220496,1.022521899032092,0.06485800982473075,-1.3123102601054564,0;0;-1.31231026011;0.0648580098247;0;0;0;0;-0.114791766293;0;0;0,62565.30387844648,0.006,800,0.0001,20.12246472251319,,0.0009686980800209536,0.14257670000006328,ok,same_stridge_core,Hx;D_x^1.022522 H;H*Hxxx,0.023335828657724888,1.3528735589792429
0.711766055184975,1.494968604493689,0.3970631694138643,-1.2785065815977918,0;0;-1.2785065816;0.397063169414;0.192770699225;0;0;-0.0667626349767;-0.0720424712346;0;0;0,56832.100803339956,0.006,801,0.0001,29.330803969348167,,0.00042393310859358457,0.3743590999999924,ok,same_stridge_core,Hx;D_x^1.494969 H;Hxxx;H*Hxx;H*Hxxx,0.018000000000000002,0.9147535676781899
0.7617608488197676,1.1877066960031617,0.0,-0.9923817009341362,0;0;-0.992381700934;0;0;0;0;0.0618409912555;0;0;0;0,61372.71528180777,0.006,802,0.0001,13.560318792331763,,0.0008455779647611893,0.3895991000001686,ok,same_stridge_core,Hx;H*Hxx,0.024,1.2857757359702098
0.6626473974018388,1.7645013402980465,0.5628814963904905,-1.2973823792594263,0;0;-1.29738237926;0.56288149639;4.36633631837;0;0;-0.0911203037802;-0.604692754374;0;0;0,54877.47678739332,0.006,803,0.0001,29.10699594399305,,0.0015076716659490124,0.28498080000008486,ok,same_stridge_core,Hx;D_x^1.764501 H;Hxxx;H*Hxx;H*Hxxx,0.03,1.6682575502963835
0.7528335546788025,1.4130601463078358,0.20027486152803392,-1.1105781842992317,0;0;-1.1105781843;0.200274861528;0;0;0;0;0;0;0;0,58446.04609823801,0.006,804,0.0001,12.776141517822538,,0.0006054651295758867,0.3807489999999234,ok,same_stridge_core,Hx;D_x^1.41306 H,0.02928879727711326,1.0869322981749345
0.6193539737193654,1.94787709777524,-0.1296312243806163,-1.3859687128805176,0;0;-1.38596871288;-0.129631224381;5.45809660938;0;0;0;-0.806823614398;0;0;0,64500.060258985584,0.006,805,0.0001,28.379506879415803,,0.0036261282166418166,0.1384006999999201,ok,same_stridge_core,Hx;D_x^1.947877 H;Hxxx;H*Hxxx,0.03672332112332112,2.5794827758215684
0.7012927450470522,1.2161251325789721,0.10334077600484252,-1.2606400919797565,0;0;-1.26064009198;0.103340776005;0;0;0;0;-0.072395222837;0;0;0,61101.15418178515,0.006,806,0.0001,19.507078575139637,,0.0007354492847689092,0.3833792000000358,ok,same_stridge_core,Hx;D_x^1.216125 H;H*Hxxx,0.03,1.1767323206040927
0.9146890962203966,1.5552285376690829,-0.09326168575485691,-0.6316492811021082,0;0;-0.631649281102;-0.0932616857549;0;0;0;0.568999513314;-0.0914458981671;0;-0.0538800588999;0,55456.966895141035,0.006,807,0.0001,29.247519844491894,,0.0011215789674723462,0.28457939999998416,ok,same_stridge_core,Hx;D_x^1.555229 H;H*Hxx;H*Hxxx;H^2*Hxx,0.03968421052631578,1.5190363969213758
0.6731117960558689,1.5764391039850107,0.0,-1.24197270186902,0;0;-1.24197270187;0;0;0;0;0;0;0;0;0,54956.357077358065,0.006,808,0.0001,7.663432833688424,,0.0024174449999516913,0.39152979999994386,ok,same_stridge_core,Hx,0.13800000000000004,2.1677971259526174
0.6639122900796601,1.683983285982202,0.5655938541969073,-1.3335851184238574,0;0;-1.33358511842;0.565593854197;3.7139527715;0;0;-0.103724699809;-0.521282339223;0;0;0,53106.27857481381,0.006,809,0.0001,28.121747480483833,,0.0013119324043809686,0.2963959999999588,ok,same_stridge_core,Hx;D_x^1.683983 H;Hxxx;H*Hxx;H*Hxxx,0.026425714285714264,1.5686081930769278
0.7612068224287415,1.6353008963833364,0.2880144903400253,-1.0511996891594835,0;0;-1.05119968916;0.28801449034;0;0;0;0;0;0;0;0,53679.65531485934,0.006,810,0.0001,11.715342547551732,,0.0004887982812946947,0.3921285000001262,ok,same_stridge_core,Hx;D_x^1.635301 H,0.03013490080610822,0.9794114845798638
0.7123308611676635,1.268770569737553,0.12079155901595828,-1.2288643612384116,0;0;-1.22886436124;0.120791559016;0;0;0;0;-0.0635626173913;0;0;0,60533.78052504654,0.006,811,0.0001,19.260548304753424,,0.0006372755247309517,0.40225409999993644,ok,same_stridge_core,Hx;D_x^1.268771 H;H*Hxxx,0.024,1.1004141472394606
0.6077481895398471,1.6912286802613095,0.6269639250677682,-1.5324659349500618,0;0;-1.53246593495;0.626963925068;0;0;0;-0.13885842482;0;0;0;0,53096.55387129786,0.006,812,0.0001,18.97423186798503,,0.004875264720116176,0.14005470000006426,ok,same_stridge_core,Hx;D_x^1.691229 H;H*Hxx,0.07028571428571433,3.045265706595669
0.730474251324273,1.9920228067700982,0.4108393246324344,-1.0670256905794198,0;0;-1.06702569058;0.410839324632;0;0;0;0;0;0;0;0,64257.086142360255,0.006,813,0.0001,14.094621887133693,,0.0008175701976467029,0.3952880000001642,ok,same_stridge_core,Hx;D_x^1.992023 H,0.024519212565212563,1.2432046586616416
0.6641062802720034,1.9286450831458506,0.09420311754752052,-1.245827784513632,0;0;-1.24582778451;0.0942031175475;3.98230648215;0;0;0;-0.570147594091;0;0;0,64283.06849320827,0.006,814,0.0001,27.521186483667904,,0.0017828170609711276,0.373097400000006,ok,same_stridge_core,Hx;D_x^1.928645 H;Hxxx;H*Hxxx,0.03,1.8079590863845916
0.6897075374345438,1.5723311249858862,0.49495771006438627,-1.316578003983993,0;0;-1.31657800398;0.494957710064;1.62597475301;0;0;-0.0914817466996;-0.251532819151;0;0;0,55053.07888948712,0.006,815,0.0001,28.635708557462955,,0.0006299194104981389,0.2696840000000975,ok,same_stridge_core,Hx;D_x^1.572331 H;Hxxx;H*Hxx;H*Hxxx,0.035400000000000015,1.1091691127193937
0.563904798930461,1.551776679538482,1.1783712838168496,-1.9539663649343082,0;0;-1.95396636493;1.17837128382;0.290746375683;0;0;-1.00335302955;0;0;0.0808290330872;0,55538.34245439878,0.006,816,0.0001,30.738687317048562,,0.004324563811831798,0.149493399999983,ok,same_stridge_core,Hx;D_x^1.551777 H;Hxxx;H*Hxx;H^2*Hxx,0.06737142857142861,2.9695160898491717
0.6637948088351183,1.2352959295390147,0.08829821147733334,-1.329160214075729,0;0;-1.32916021408;0.0882982114773;0;0;0;0;0;0;0;0,60904.65947787283,0.006,817,0.0001,13.935919056906304,,0.0016495217525208698,0.3755751999999575,ok,same_stridge_core,Hx;D_x^1.235296 H,0.038,1.7549871613317372
0.7404252427885829,1.6815448187136863,0.2730063631281565,-1.089897235206371,0;0;-1.08989723521;0.273006363128;0;0;0;0;0;0;0;0,53115.10414672754,0.006,818,0.0001,11.62510012055739,,0.0005210956230333061,0.1301536999999371,ok,same_stridge_core,Hx;D_x^1.681545 H,0.017364655235655595,1.0020792912118819
0.5717503601807672,1.3427343238665457,0.732424839520648,-2.09149341661513,0;0;-2.09149341662;0.732424839521;0;0;0;-0.28902920664;-0.332156206797;0;0;0,59572.665832435305,0.006,819,0.0001,26.398301492743073,,0.0033050161323583084,0.38650989999996455,ok,same_stridge_core,Hx;D_x^1.342734 H;H*Hxx;H*Hxxx,0.053294117647058784,2.569235159768952
0.6929476473428826,1.3912808334146085,0.13475202291221738,-1.2430533021645749,0;0;-1.24305330216;0.134752022912;0;0;0;0;0;0;0;0,58819.40239635268,0.006,820,0.0001,13.07808269878715,,0.000920747551630991,0.3874845999998797,ok,same_stridge_core,Hx;D_x^1.391281 H,0.06488965256965258,1.3142022195166128
0.6731117960558689,1.5955779024310754,0.5543746588267847,-1.3646894527369193,0;0;-1.36468945274;0.554374658827;4.38317297482;0;0;-0.108810957098;-1.01262440679;0;0;0.0509651787853,54512.01061934125,0.006,821,0.0001,34.024096065277035,,0.0009098026518830619,0.2835453000000143,ok,same_stridge_core,Hx;D_x^1.595578 H;Hxxx;H*Hxx;H*Hxxx;H^2*Hxxx,0.012,1.3168896936722805
0.6489780302567458,1.577797391521889,0.7793237871251869,-1.5162827704975093,0;0;-1.5162827705;0.779323787125;0.201709149395;0;0;-0.456872806258;0;0;0.0340725700299;0,54924.44144184555,0.006,822,0.0001,29.04335094676241,,0.0012342801682152502,0.40694729999995616,ok,same_stridge_core,Hx;D_x^1.577797 H;Hxxx;H*Hxx;H^2*Hxx,0.018000000000000002,1.5811302258396338
0.725101299065633,1.6485336684738232,0.23502479187195666,-1.1309536076746431,0;0;-1.13095360767;0.235024791872;0;0;0;0;0;0;0;0,53456.02847051865,0.006,823,0.0001,11.765766148149826,,0.000608617116596002,0.15268909999986136,ok,same_stridge_core,Hx;D_x^1.648534 H,0.041999999999999996,1.074560454046094
0.7080956254193294,1.4059243372655332,0.3164262678386654,-1.31078122945218,0;0;-1.31078122945;0.316426267839;0;0;0;-0.0581404096227;-0.0776218740435;0;0;0,58570.89049809997,0.006,824,0.0001,24.361776242755653,,0.00044863549152662476,0.3963987999998153,ok,same_stridge_core,Hx;D_x^1.405924 H;H*Hxx;H*Hxxx,0.023393885845836307,0.9334200435156647
0.7661976876500145,1.3219587297367328,0.07519679943458019,-1.0288783376330262,0;0;-1.02887833763;0.0751967994346;0;0;0;0.0395478737271;0;0;0;0,59863.991016782944,0.006,825,0.0001,19.19196684920708,,0.0007765542337905028,0.3820534999999836,ok,same_stridge_core,Hx;D_x^1.321959 H;H*Hxx,0.024,1.2327695441721964
0.6671883964355161,1.6737728891583654,0.8806675747830172,-1.388702994391539,0;0;-1.38870299439;0.880667574783;0.586019811741;0;0;-0.448840743574;0;0;0.0348630967735;0,53160.3497519936,0.006,826,0.0001,28.046368621130064,,0.0010665646759788088,0.3767993999999817,ok,same_stridge_core,Hx;D_x^1.673773 H;Hxxx;H*Hxx;H^2*Hxx,0.020535714285714293,1.4661937451332654
0.7363082459219829,1.1733881631706895,0.0,-1.0757322470990123,0;0;-1.0757322471;0;0;0;0;0;0;0;0;0,61501.12678935092,0.006,827,0.0001,8.611818871852243,,0.0030294356583212005,0.2608818000001065,ok,same_stridge_core,Hx,0.15000000000000005,2.461706192917151
0.7934391386530021,1.144721178780157,0.0,-0.9151025643391575,0;0;-0.915102564339;0;0;0;0;0.072546820102;0;0;0;0,61742.36520456149,0.006,828,0.0001,13.74855848958003,,0.00099203822577869,0.3953862000000754,ok,same_stridge_core,Hx;H*Hxx,0.03,1.4000854486677337
0.6714350294313126,1.2360769787847496,0.09390619902494575,-1.3115216816601414,0;0;-1.31152168166;0.0939061990249;0;0;0;0;0;0;0;0,60896.41640441424,0.006,829,0.0001,13.797940400426477,,0.0013944090813542507,0.3796266000001651,ok,same_stridge_core,Hx;D_x^1.236077 H,0.0421978688849277,1.6186571195436283
0.7071482657198869,1.1466930442636205,0.09226553090904616,-1.2584439373360623,0;0;-1.25844393734;0.092265530909;0;0;0;0;-0.0958400225772;0;0;0,61726.424214551145,0.006,830,0.0001,19.704835591665578,,0.0007367489626810171,0.39004019999993034,ok,same_stridge_core,Hx;D_x^1.146693 H;H*Hxxx,0.023337759024601137,1.1869083273002348
0.6835508064192382,1.7746796761580022,0.5867602490079833,-1.277578279081531,-0.0196642545354;0;-1.27757827908;0.586760249008;2.1932333799;0;0;-0.0984712251548;-0.363608111006;0;0;0,55436.82984873602,0.006,831,0.0001,34.59132691142449,,0.0009220301967761819,0.397074099999827,ok,same_stridge_core,1;Hx;D_x^1.77468 H;Hxxx;H*Hxx;H*Hxxx,0.018000000000000002,1.3292290021828705
0.6679292006080922,1.4543615785110784,0.519475497302206,-1.4947630186227017,0;0;-1.49476301862;0.519475497302;-0.670968217559;0;0;-0.128353637893;0;0;0;0,57673.87943324181,0.006,832,0.0001,24.338809929794294,,0.0008025197669046036,0.3850777999998627,ok,same_stridge_core,Hx;D_x^1.454362 H;Hxxx;H*Hxx,0.018000000000000002,1.2692581564975687
0.7003532470588566,1.3992015530284352,0.14141891641616464,-1.2299228895154133,0;0;-1.22992288952;0.141418916416;-0.1321618312;0;0;0;0;0;0;0,58686.25617798584,0.006,833,0.0001,18.819146194998446,,0.0007863248777303618,0.3749339000000873,ok,same_stridge_core,Hx;D_x^1.399202 H;Hxxx,0.04713306642211403,1.2132693416026947
0.7087499248299599,1.725873248595768,0.5595413946720569,-1.202025592738895,0;0;-1.20202559274;0.559541394672;0;0;0;-0.0674891331892;0;0;0;0,53463.34139106,0.006,834,0.0001,17.22105992886505,,0.0007201229184332216,0.3945587999999134,ok,same_stridge_core,Hx;D_x^1.725873 H;H*Hxx,0.024,1.1820575115470469
0.6994899122595183,1.6412785205720712,0.5537801788522249,-1.2663841892211112,0;0;-1.26638418922;0.553780178852;0;0;0;-0.0844237470465;0;0;0;0,53573.9944248169,0.006,835,0.0001,17.243895054927272,,0.0006966716847631396,0.27943489999984195,ok,same_stridge_core,Hx;D_x^1.641279 H;H*Hxx,0.047999999999999994,1.1716967274821999
0.846325631728041,1.5966354981782211,0.0,-0.7964001850085677,0;0;-0.796400185009;0;0;0;0;0.431169964188;-0.072878933228;0;-0.0417477005027;0,54487.92361242768,0.006,836,0.0001,23.016664814541212,,0.0007250921998237862,0.41324969999982386,ok,same_stridge_core,Hx;H*Hxx;H*Hxxx;H^2*Hxx,0.03,1.2214953695701385
0.9146890962203966,1.4222960489220884,0.0,-0.658162957303405,0;0;-0.658162957303;0;0;0;0;0.102551580734;0;0;0;0,58280.75013716927,0.006,837,0.0001,13.809037441041122,,0.0023782184867546436,0.2737111999999797,ok,same_stridge_core,Hx;H*Hxx,0.07976623376623376,2.152887413607267
0.6974691596435181,1.5328937687515805,0.16332925783658012,-1.2125028813510972,0;0;-1.21250288135;0.163329257837;0;0;0;0;0;0;0;0,55979.75422661288,0.006,838,0.0001,12.50651017265792,,0.0009220477156245353,0.3763272999999572,ok,same_stridge_core,Hx;D_x^1.532894 H,0.12600000000000003,1.3105593273353449
0.6957208775201895,1.4895524695233147,0.4301139849924429,-1.339781365879306,0;0;-1.33978136588;0.430113984992;0.515924962395;0;0;-0.0847899066794;-0.128052258654;0;0;0,56948.944950021614,0.006,839,0.0001,29.46848365145517,,0.000500472294039935,0.3778819999999996,ok,same_stridge_core,Hx;D_x^1.489552 H;Hxxx;H*Hxx;H*Hxxx,0.027904761904761877,0.994011176444362
0.6201035556090153,1.161122412067094,0.2949176649777926,-1.7798990598522766,0;0;-1.77989905985;0.294917664978;0;0;0;-0.13652326049;-0.315250994821;0;0;0,61606.87138084069,0.006,840,0.0001,26.280771119247486,,0.0013748559544531527,0.3849293000000671,ok,same_stridge_core,Hx;D_x^1.161122 H;H*Hxx;H*Hxxx,0.05966279434850866,1.638022566911211
0.44417739897917935,1.8485000097121742,-1.4697002338050944,-2.807169109724662,0;0;-2.80716910972;-1.46970023381;0;0;0.179312146628;-1.69376006932;0.952134722617;0;0.227085248274;0,60682.578277450324,0.006,841,0.0001,42.77954337530629,,0.021018367338867097,0.3835934000001089,ok,same_stridge_core,Hx;D_x^1.8485 H;H*Hx;H*Hxx;H*Hxxx;H^2*Hxx,0.15000000000000005,6.369996408836096
0.7196631713667828,1.3105868297926682,0.14380517117681937,-1.1960954692951922,0;0;-1.1960954693;0.143805171177;0;0;0;0;0;0;0;0,60016.11148154588,0.006,842,0.0001,13.133388264696961,,0.0006528536869787,0.3723700000000463,ok,same_stridge_core,Hx;D_x^1.310587 H,0.05399999999999999,1.1301659683877852
0.7096388612650424,1.9497699676238418,0.31300061019732456,-1.129637445670371,0;0;-1.12963744567;0.313000610197;0;0;0;0;0;0;0;0,64509.47549827172,0.006,843,0.0001,14.311245119612401,,0.0010618079061330491,0.3849402000000737,ok,same_stridge_core,Hx;D_x^1.94977 H,0.024,1.4093500199580558
0.6170334755534872,1.8602306650054379,0.0,-1.3748976503745343,0;0;-1.37489765037;0;5.26670207993;0;0;0;-0.729419431437;0;0;0,61467.78419199406,0.006,844,0.0001,21.132507336962682,,0.0039742072931436,0.1454462000001513,ok,same_stridge_core,Hx;Hxxx;H*Hxxx,0.05476541798941798,2.692172079364461
0.6875101438459514,1.717450446896344,0.17753080585909428,-1.2139229860631013,0;0;-1.21392298606;0.177530805859;0;0;0;0;0;0;0;0,53303.29842407599,0.006,845,0.0001,12.226472412333475,,0.0013232508918375394,0.13669100000015533,ok,same_stridge_core,Hx;D_x^1.71745 H,0.05999999999999999,1.5658127275182767
0.6870156341424599,1.5381780589124208,0.49454659948124585,-1.3515317078510283,0;0;-1.35153170785;0.494546599481;2.93454737793;0;0;-0.096667580483;-0.76833413875;0;0;0.0429927784312,55857.04326515931,0.006,846,0.0001,34.604366480321154,,0.0006130651424343434,0.37670920000005026,ok,same_stridge_core,Hx;D_x^1.538178 H;Hxxx;H*Hxx;H*Hxxx;H^2*Hxxx,0.012,1.0901405212255615
0.6718799312551124,1.2309407465472901,0.09356478858999029,-1.3110755813497164,0;0;-1.31107558135;0.09356478859;0;0;0;0;0;0;0;0,60950.279334512285,0.006,847,0.0001,13.801102014435536,,0.001379700761897281,0.15157219999991867,ok,same_stridge_core,Hx;D_x^1.230941 H,0.024,1.6110461475330766
0.633945518415814,1.6815448187136863,1.0908014165677271,-1.51639944770911,0;0;-1.51639944771;1.09080141657;0.844661123283;0;0;-0.67407490067;0;0;0.0550324034925;0,53115.10414672754,0.006,848,0.0001,28.50591836579714,,0.0018808119069529414,0.14231070000005275,ok,same_stridge_core,Hx;D_x^1.681545 H;Hxxx;H*Hxx;H^2*Hxx,0.041999999999999996,1.9483662924333656
0.6446687132409075,1.8614807140459755,0.0,-1.3052154311967585,0;0;-1.3052154312;0;4.61364505676;0;0;0;-0.671956515337;0;0;0,61547.315431516945,0.006,849,0.0001,20.58428991456867,,0.002451920884814075,0.14025839999999334,ok,same_stridge_core,Hx;Hxxx;H*Hxxx,0.041999999999999996,2.120095285113585
0.6332453364974632,1.8358171252462958,0.0,-1.5708132604705853,0;0;-1.57081326047;0;1.48672979804;0;0.05076437542;-0.43874522617;0.081162771991;0;0.0564024458252;0,59770.438936095736,0.006,850,0.0001,37.90993419545269,,0.002203301265220643,0.3856670000000122,ok,same_stridge_core,Hx;Hxxx;H*Hx;H*Hxx;H*Hxxx;H^2*Hxx,0.018000000000000002,2.047670833795247
0.8159951031457098,1.7372861062868283,0.0,-0.8627570844616094,0;0;-0.862757084462;0;0;0;0;0.0793959627183;0;0;0;0,53762.3330000019,0.006,851,0.0001,12.283794147628601,,0.0011863881599393092,0.4102973999999904,ok,same_stridge_core,Hx;H*Hxx,0.036,1.5313275476282218
0.7472893897160765,1.6562182698765882,0.27486377524871336,-1.0785032219628916,0;0;-1.07850322196;0.274863775249;0;0;0;0;0;0;0;0,53345.316119159426,0.006,852,0.0001,11.644339050302179,,0.0004896702405275153,0.2838191000000734,ok,same_stridge_core,Hx;D_x^1.656218 H,0.018000000000000002,0.9752758264702939
0.9185723814015202,1.5880111298789925,0.14738453521779238,-0.6875840221639605,0;0;-0.687584022164;0.147384535218;0;0;0;0.0685916729114;0;0;0;0,54686.026619460295,0.006,853,0.0001,18.541772501990078,,0.00237139469324775,0.3947931999998673,ok,same_stridge_core,Hx;D_x^1.588011 H;H*Hxx,0.05399999999999999,2.135964516151988
0.7764950681031986,1.7079384660335837,0.34570530939417005,-1.0032817233386067,0;0;-1.00328172334;0.345705309394;0;0;0;0;0;0;0;0,53180.23908712933,0.006,854,0.0001,11.656496004327595,,0.0005262029482683801,0.2714719000000514,ok,same_stridge_core,Hx;D_x^1.707938 H,0.05954317111459968,1.020448186901728
0.6817803861169185,1.4339961258244671,0.4514701561726177,-1.4397597069154309,0;0;-1.43975970692;0.451470156173;-0.678220838444;0;0;-0.105734741298;0;0;0;0,58065.282918181794,0.006,855,0.0001,24.308653042873573,,0.0005882559123066123,0.37375599999995757,ok,same_stridge_core,Hx;D_x^1.433996 H;Hxxx;H*Hxx,0.02101557067271352,1.0825398756008542
0.48847436549521434,1.0508802585824548,0.5805313628024019,-2.9674882529413504,0;0;-2.96748825294;0.580531362802;-9.01732578615;0;0;-0.389136298729;0.228557606557;0;0;0,62400.98247291084,0.006,856,0.0001,34.93170879212631,,0.006896096088608543,0.13925029999995786,ok,same_stridge_core,Hx;D_x^1.05088 H;Hxxx;H*Hxx;H*Hxxx,0.15000000000000005,3.731217555670887
0.8587316056433238,1.1690521029971042,0.0,-0.8005927865237251,0;0;-0.800592786524;0;0;0;0;0;0;0;0;0,61538.94893579228,0.006,857,0.0001,10.123932461544042,,0.008136020217617486,0.3716879000000972,ok,same_stridge_core,Hx,0.15000000000000005,3.970037567964814
0.6769595512678324,1.3284798707446874,0.10977749200130373,-1.287583171297444,0;0;-1.2875831713;0.109777492001;0;0;0;0;0;0;0;0,59774.446346301,0.006,858,0.0001,13.496264053034642,,0.0012734240045521972,0.39666970000007495,ok,same_stridge_core,Hx;D_x^1.32848 H,0.036,1.54137478377444
0.6400245705717643,1.7035932155098812,0.5688128291527804,-1.3944859749423555,0;0;-1.39448597494;0.568812829153;4.85750048616;0;0;-0.116263783814;-0.688053014283;0;0;0,53143.04319933288,0.006,859,0.0001,28.574981998711205,,0.0021618250189903102,0.3932456000000002,ok,same_stridge_core,Hx;D_x^1.703593 H;Hxxx;H*Hxx;H*Hxxx,0.041999999999999996,2.0034603990447635
0.6138910125140372,1.7516766555488614,0.0,-1.3830067368626322,0;0;-1.38300673686;0;5.34376226966;0;0;0;-0.736214237561;0;0;0,54280.935566040665,0.006,860,0.0001,19.05530887029462,,0.004209240073980153,0.3844432999999299,ok,same_stridge_core,Hx;Hxxx;H*Hxxx,0.072,2.771028200482419
0.47349455870236107,1.8318267800078778,2.9357912683372955,-2.0902125357435986,0;0;-2.09021253574;2.93579126834;0;0;0;-2.35400106299;0.383222036915;0;0.214530499446;0,59474.21300995795,0.006,861,0.0001,35.87724503717632,,0.019162983501788935,0.39709850000008373,ok,same_stridge_core,Hx;D_x^1.831827 H;H*Hxx;H*Hxxx;H^2*Hxx,0.12120000000000003,6.140138532197345
0.7690032792174284,1.2536955664517448,0.0,-0.9743177853079895,0;0;-0.974317785308;0;0;0;0;0.0644041584202;0;0;0;0,60705.33456480958,0.006,862,0.0001,13.442296037555185,,0.0008627700055493077,0.37047209999991537,ok,same_stridge_core,Hx;H*Hxx,0.04788943833943831,1.301229124593269
0.6468427476479339,1.8856997888657352,0.01972715398922769,-1.2975010741372166,0;0;-1.29750107414;0.0197271539892;4.51332098364;0;0;0;-0.652278887844;0;0;0,62897.269277687075,0.006,863,0.0001,27.239673586695748,,0.0023645649771354316,0.3901425999999901,ok,same_stridge_core,Hx;D_x^1.8857 H;Hxxx;H*Hxxx,0.036,2.080765875620915
0.7229224152193878,1.49295125760048,0.18994811909054635,-1.1608961103745192,0;0;-1.16089611037;0.189948119091;0;0;0;0;0;0;0;0,56875.77894780639,0.006,864,0.0001,12.411793330318439,,0.0005626969036974607,0.42359079999982896,ok,same_stridge_core,Hx;D_x^1.492951 H,0.018000000000000002,1.0366375407571584
0.6963138752512583,1.412620340442122,0.14189034655975333,-1.2324529241411373,0;0;-1.23245292414;0.14189034656;0;0;0;0;0;0;0;0,58453.81129906288,0.006,865,0.0001,12.96593267804725,,0.0008664528881465452,0.39021530000013627,ok,same_stridge_core,Hx;D_x^1.41262 H,0.06553846153846156,1.2751704182346748
0.7140620602564068,1.4235970334125516,0.16380526844857335,-1.1915029184272148,0;0;-1.19150291843;0.163805268449;0;0;0;0;0;0;0;0,58257.12890964569,0.006,866,0.0001,12.746197081003883,,0.000628433124782243,0.3732500999999502,ok,same_stridge_core,Hx;D_x^1.423597 H,0.047999999999999994,1.0947712990747456
0.9146890962203966,1.455633982269558,-0.07064933008494267,-0.6290020751468465,0;0;-0.629002075147;-0.0706493300849;0;0;0;0.122079471077;0;0;0;0,57648.73456793217,0.006,867,0.0001,19.44594094213557,,0.002351319927374234,0.27346299999999246,ok,same_stridge_core,Hx;D_x^1.455634 H;H*Hxx,0.047999999999999994,2.151320571755917
0.6379837974883993,1.9069053619506016,0.0,-1.3218056661822397,0;0;-1.32180566618;0;4.76761285337;0;0;0;-0.685484609811;0;0;0,63745.57821807565,0.006,868,0.0001,21.360215247473924,,0.0027366576536205275,0.375291500000003,ok,same_stridge_core,Hx;Hxxx;H*Hxxx,0.036,2.236541782051227
0.7161085287637512,1.5623374527355671,0.4588468992684585,-1.2389693783358986,0;0;-1.23896937834;0.458846899268;0;0;0;-0.0675374171547;0;0;0;0,55289.07919498827,0.006,869,0.0001,17.527945249809687,,0.0004426917647151586,0.14347399999996924,ok,same_stridge_core,Hx;D_x^1.562337 H;H*Hxx,0.041905725490196055,0.9412214913132051
0.7106181987853017,1.3124155718755395,0.13698382660177288,-1.2152997740613816,0;0;-1.21529977406;0.136983826602;0;0;0;0;0;0;0;0,59991.99029305064,0.006,870,0.0001,13.156081136712935,,0.0006915362469725239,0.28167899999994006,ok,same_stridge_core,Hx;D_x^1.312416 H,0.041999999999999996,1.1576830781028045
0.6609845644887846,1.8226851489746223,0.5388431473341839,-1.2793347435226636,0;0;-1.27933474352;0.538843147334;4.70270111913;0;0;-0.079523584784;-0.653380419551;0;0;0,58786.92495975768,0.006,871,0.0001,31.1389239184004,,0.0016637349820582655,0.3835807999998906,ok,same_stridge_core,Hx;D_x^1.822685 H;Hxxx;H*Hxx;H*Hxxx,0.03,1.745461438521561
0.7040781007191945,1.5539277691888735,0.17723590352897842,-1.1941522736734416,0;0;-1.19415227367;0.177235903529;0;0;0;0;0;0;0;0,55487.6472036757,0.006,872,0.0001,12.332812053566762,,0.0008163196444456636,0.3696812000000591,ok,same_stridge_core,Hx;D_x^1.553928 H,0.072,1.2352826128316226
0.6512880181927463,1.5106220433406972,0.6208381663424195,-1.5307890348720437,0;0;-1.53078903487;0.620838166342;-0.472546700097;0;0;-0.152087614067;0;0;0;0,56487.11407933806,0.006,873,0.0001,24.249044972013365,,0.0013682616551665432,0.3931537999999364,ok,same_stridge_core,Hx;D_x^1.510622 H;Hxxx;H*Hxx,0.024,1.6541993402781383
0.5847501164306397,1.6179779316783922,2.9817345345113546,-0.9599552958617856,0;0;-0.959955295862;2.98173453451;-0.205731199643;0;-0.504460220967;-1.39748658174;-2.85558201559;0.0395921743528;0.0837142479222;0.331007258465,54020.20844440668,0.006,874,0.0001,50.52772670355022,,0.0019203510279203213,0.36385810000001584,ok,same_stridge_core,Hx;D_x^1.617978 H;Hxxx;H*Hx;H*Hxx;H*Hxxx;H^2*Hx;H^2*Hxx;H^2*Hxxx,0.012,1.9095391035842
0.6899927766970377,1.9798814546777435,0.2534581850474165,-1.1822439355510612,0;0;-1.18224393555;0.253458185047;0;0;0;0;0;0;0;0,64411.10940959108,0.006,875,0.0001,14.55264460243829,,0.0014975924882399362,0.3877939999999853,ok,same_stridge_core,Hx;D_x^1.979881 H,0.036070014245014236,1.6704227205200748
0.7278970621917442,1.8811671121802855,0.33444386452694796,-1.0897116277206924,0;0;-1.08971162772;0.334443864527;0;0;0;0;0;0;0;0,62674.23364859072,0.006,876,0.0001,13.725321202596334,,0.0007495673213629599,0.4133460999998988,ok,same_stridge_core,Hx;D_x^1.881167 H,0.018000000000000002,1.1904744728781882
0.5716856195081709,1.611966316717804,3.1264391290293965,-0.9725822608394816,0;0;-0.972582260839;3.12643912903;-0.705123898425;0;-0.543946830667;-1.51911474919;-3.0036925964;0.0429357255091;0.0928060556934;0.355822794318,54147.72699721191,0.006,877,0.0001,50.81702208699281,,0.002287220608475569,0.40559379999990597,ok,same_stridge_core,Hx;D_x^1.611966 H;Hxxx;H*Hx;H*Hxx;H*Hxxx;H^2*Hx;H^2*Hxx;H^2*Hxxx,0.012,2.0840677895020816
0.6535401957066966,1.6121144137591583,0.8215663193301127,-1.4770949611262598,0;0;-1.47709496113;0.82156631933;0.368933847972;0;0;-0.466816085522;0;0;0.0355721473465;0,54144.53965796915,0.006,878,0.0001,28.63775941257136,,0.0012110694806460875,0.41031550000002426,ok,same_stridge_core,Hx;D_x^1.612114 H;Hxxx;H*Hxx;H^2*Hxx,0.021352380952380942,1.5654895835867806
0.7096899453243666,1.6571499333276922,0.20978426112659163,-1.1662773775965907,0;0;-1.1662773776;0.209784261127;0;0;0;0;0;0;0;0,53332.99852451433,0.006,879,0.0001,11.89398541025763,,0.0008049562497889901,0.3780406999999286,ok,same_stridge_core,Hx;D_x^1.65715 H,0.060024999999999995,1.2273857053547634
0.6415831750721428,1.823777090682439,0.0,-1.5317509586224725,0;0;-1.53175095862;0;1.47819393008;0;0.0478639474061;-0.387400384385;0.0624353617365;0;0.0505610311681;0,58869.36175426352,0.006,880,0.0001,37.2420117284241,,0.0019414557798147253,0.3942626000000473,ok,same_stridge_core,Hx;Hxxx;H*Hx;H*Hxx;H*Hxxx;H^2*Hxx,0.018000000000000002,1.920394675865988
0.7117672544054343,1.6204838241662562,0.5113860068021316,-1.2299981329340772,0;0;-1.22999813293;0.511386006802;2.91718785372;0;0;-0.0740302756813;-0.704853263221;0;0;0.0398474679031,53968.2884849905,0.006,881,0.0001,33.32275890164114,,0.0004561736828370139,0.14912340000000768,ok,same_stridge_core,Hx;D_x^1.620484 H;Hxxx;H*Hxx;H*Hxxx;H^2*Hxxx,0.012,0.9417858106468358
0.6687924229437502,1.674896982748385,0.8745418785220502,-1.3819510958461445,0;0;-1.38195109585;0.874541878522;0.580654596894;0;0;-0.440201221347;0;0;0.0341083101302;0,53152.268485741624,0.006,882,0.0001,28.023715501189812,,0.0010398581467375618,0.1502467999998771,ok,same_stridge_core,Hx;D_x^1.674897 H;Hxxx;H*Hxx;H^2*Hxx,0.018000000000000002,1.4475812583190006
0.7053684528603004,1.3343180660173772,0.24969751215437194,-1.3225942525179368,0;0;-1.32259425252;0.249697512154;0;0;0;-0.0470797156311;-0.099024924494;0;0;0,59692.81693069753,0.006,883,0.0001,24.861539654918726,,0.0005034229528494842,0.38937970000006317,ok,same_stridge_core,Hx;D_x^1.334318 H;H*Hxx;H*Hxxx,0.024,0.984412882639713
0.6688939540449415,1.6003081317164445,0.12364557262695978,-1.2730785718862145,0;0;-1.27307857189;0.123645572627;0;0;0;0;0;0;0;0,54404.81577052621,0.006,884,0.0001,12.703298878646281,,0.0018001453060542763,0.378543099999888,ok,same_stridge_core,Hx;D_x^1.600308 H,0.10200000000000002,1.822335724541038
0.6676911679852267,1.5569670048389328,0.11814408519178067,-1.2805779882535815,0;0;-1.28057798825;0.118144085192;0;0;0;0;0;0;0;0,55415.93844388249,0.006,885,0.0001,12.905939838338227,,0.001801760199496575,0.38999069999999847,ok,same_stridge_core,Hx;D_x^1.556967 H,0.10800000000000003,1.822752149561727
0.6568862896072443,1.0508802585824548,0.06238560397572343,-1.360162712597395,0;0;-1.3601627126;0.0623856039757;0;0;0;0;0;0;0;0,62400.98247291084,0.006,886,0.0001,14.369458319384549,,0.0018763787452666927,0.14007540000011431,ok,same_stridge_core,Hx;D_x^1.05088 H,0.03,1.8892618248023796
0.6565169773910537,1.5231822354807316,0.6097308758163065,-1.4979429427822832,0;0;-1.49794294278;0.609730875816;-0.3925533219;0;0;-0.143330850671;0;0;0;0,56203.117259167746,0.006,887,0.0001,24.075855482572273,,0.0012736302409177326,0.3761316000000079,ok,same_stridge_core,Hx;D_x^1.523182 H;Hxxx;H*Hxx,0.10200000000000002,1.5946085789051754
0.6347157532814487,1.2186925977780139,0.32339312394583747,-1.7010275992914654,0;0;-1.70102759929;0.323393123946;0;0;0;-0.129324951397;-0.26223549123;0;0;0,61075.47937152416,0.006,888,0.0001,25.868950078676978,,0.001063703191491302,0.3980787999998938,ok,same_stridge_core,Hx;D_x^1.218693 H;H*Hxx;H*Hxxx,0.05335881261595545,1.4387583300673135
0.6837531748327987,1.6466122257930649,0.5410429999774016,-1.2947062145935886,0;0;-1.29470621459;0.541042999977;2.61028976788;0;0;-0.0931148762826;-0.368144642143;0;0;0,53486.08244318356,0.006,889,0.0001,27.989947391652773,,0.000813022206842616,0.13874729999997726,ok,same_stridge_core,Hx;D_x^1.646612 H;Hxxx;H*Hxx;H*Hxxx,0.041999999999999996,1.2469061700609954
0.7839560523458875,1.428089372003953,0.0,-0.9377687231194108,0;0;-0.937768723119;0;0;0;0;0.069478014257;0;0;0;0,58174.91322698552,0.006,890,0.0001,12.989562484443773,,0.0009301305560256672,0.4040469999999914,ok,same_stridge_core,Hx;H*Hxx,0.024,1.3545798390466688
0.6178035422541147,1.8238330356286865,0.0,-1.3729163440954002,0;0;-1.3729163441;0;5.24790683462;0;0;0;-0.727762635871;0;0;0,58873.584155193246,0.006,891,0.0001,20.33530996827121,,0.0039186940389917,0.14823070000011285,ok,same_stridge_core,Hx;Hxxx;H*Hxxx,0.07230769230769236,2.6732347217132366
0.5853191367631729,1.8416058337104437,0.0,-1.4585153959904158,0;0;-1.45851539599;0;6.07141820008;0;0;0;-0.800518490257;0;0;0,60193.26068606458,0.006,892,0.0001,21.650206052489008,,0.007032963504680851,0.4094069000000218,ok,same_stridge_core,Hx;Hxxx;H*Hxxx,0.07216190476190477,3.5922278466696307
0.7019960544708879,1.570243219333679,0.4867412950505117,-1.2837098288230762,0;0;-1.28370982882;0.486741295051;2.7304002041;0;0;-0.0814806594924;-0.699053041407;0;0;0.0400011393378,55102.327702975286,0.006,893,0.0001,34.04361353634322,,0.0004963561019790022,0.14535210000008192,ok,same_stridge_core,Hx;D_x^1.570243 H;Hxxx;H*Hxx;H*Hxxx;H^2*Hxxx,0.012,0.982216914558045
0.6815133685190113,1.7364755498431577,0.5755307138401335,-1.2569248613755752,0;0;-1.25692486138;0.57553071384;3.46297367374;0;0;-0.086669651967;-0.472526968344;0;0;0,53737.87120721125,0.006,894,0.0001,28.22843044631005,,0.0009884151313847224,0.3937533999999232,ok,same_stridge_core,Hx;D_x^1.736476 H;Hxxx;H*Hxx;H*Hxxx,0.018000000000000002,1.3594948427044247
0.6352895392592713,1.94787709777524,0.0,-1.3285397095317322,0;0;-1.32853970953;0;4.8303837449;0;0;0;-0.691003375958;0;0;0,64500.060258985584,0.006,895,0.0001,21.637731620966406,,0.002865665676274827,0.1450507000001835,ok,same_stridge_core,Hx;Hxxx;H*Hxxx,0.05925,2.2877135432707307
0.6610805387413532,1.577467042425615,0.612824112042478,-1.4288519883868884,0;0;-1.42885198839;0.612824112042;0;0;0;-0.127671200554;0;0;0;0,54932.199828813624,0.006,896,0.0001,18.126347571731213,,0.0013716503601927542,0.39469119999989744,ok,same_stridge_core,Hx;D_x^1.577467 H;H*Hxx,0.08818730158730162,1.6466876230871246
0.7106888650366923,1.5821255061007555,0.4917429908476298,-1.2522295909107641,0;0;-1.25222959091;0.491742990848;0;0;0;-0.0748368699409;0;0;0;0,54823.028982200834,0.006,897,0.0001,17.43598915575601,,0.0004890920180473007,0.1349271999999928,ok,same_stridge_core,Hx;D_x^1.582126 H;H*Hxx,0.036,0.9890804610957582
0.6671583561679836,1.5700715537664922,0.0,-1.2585536577642285,0;0;-1.25855365776;0;0;0;0;0;0;0;0;0,55106.38054115229,0.006,898,0.0001,7.712106454744637,,0.002509669595633755,0.3738382999999885,ok,same_stridge_core,Hx,0.12000000000000004,2.2014684006294076
0.6021122776420442,1.7623302365636861,1.3974359818960056,-1.5641330366543895,0;0;-1.56413303665;1.3974359819;3.82026873195;0;0;-0.868050246502;-0.371169978414;0;0.0721466609724;0,54767.76783431496,0.006,899,0.0001,35.441143525871176,,0.0033711409234068257,0.39532710000003135,ok,same_stridge_core,Hx;D_x^1.76233 H;Hxxx;H*Hxx;H*Hxxx;H^2*Hxx,0.03,2.580482825282198
0.7106181987853017,1.436543511784475,0.16262539963351016,-1.1970683742473822,0;0;-1.19706837425;0.162625399634;0;0;0;0;0;0;0;0,58017.462224021205,0.006,900,0.0001,12.726543747656635,,0.0006648502830886861,0.2743446000001768,ok,same_stridge_core,Hx;D_x^1.436544 H,0.06098515769944342,1.1230513028523943
0.6603562973285759,1.6664995684925734,0.9012517497843526,-1.4192137743533,0;0;-1.41921377435;0.901251749784;0.596839602496;0;0;-0.483401844516;0;0;0.0378437269213;0,53224.22565114711,0.006,901,0.0001,28.157032345540145,,0.001183005965126775,0.38968309999995654,ok,same_stridge_core,Hx;D_x^1.6665 H;Hxxx;H*Hxx;H^2*Hxx,0.024,1.5449195199665884
0.699366639104119,1.652194767310305,0.1891928129126543,-1.191955231137041,0;0;-1.19195523114;0.189192812913;0;0;0;0;0;0;0;0,53401.31980675556,0.006,902,0.0001,12.034162827153784,,0.0009853644159987407,0.3868162000001121,ok,same_stridge_core,Hx;D_x^1.652195 H,0.07322222222222223,1.353898865802672
0.7112286412108942,1.57695396137636,0.48557709187124565,-1.2518837995540595,0;0;-1.25188379955;0.485577091871;0;0;0;-0.0739191946237;0;0;0;0,54944.25470258091,0.006,903,0.0001,17.46437172822448,,0.00048104318039721757,0.26584719999982553,ok,same_stridge_core,Hx;D_x^1.576954 H;H*Hxx,0.04946964285714285,0.9810953174502081
0.6852485319919844,1.8602306650054379,0.0,-1.24316921617161,-0.024540235235;0;-1.24316921617;0;1.30434168508;0;0;0;-0.291877605939;0;0;0,61467.78419199406,0.006,904,0.0001,26.147485454711866,,0.0012640571192294825,0.13871080000012626,ok,same_stridge_core,1;Hx;Hxxx;H*Hxxx,0.018000000000000002,1.5603717779142414
0.667111575440391,1.8308329092573328,0.0,-1.2507333075062057,0;0;-1.25073330751;0;4.11496983903;0;0;0;-0.628226615233;0;0;0,59399.96275761707,0.006,905,0.0001,19.67084233540756,,0.0018304549373170571,0.39422990000002756,ok,same_stridge_core,Hx;Hxxx;H*Hxxx,0.02928879776005303,1.8508535081224367
0.7011068920380279,1.7008977045335048,0.5620219202462875,-1.2344735176782584,0;0;-1.23447351768;0.562021920246;0;0;0;-0.0754576585169;0;0;0;0,53125.626754554614,0.006,906,0.0001,17.177446364934877,,0.0007916394607625079,0.4153960000001007,ok,same_stridge_core,Hx;D_x^1.700898 H;H*Hxx,0.03,1.2397583385684894
0.6793562880286539,1.2403949662231653,0.3437227461854945,-1.4965608216457436,0.0345894777553;0;-1.49656082165;0.343722746185;0;0;0;-0.0746862465517;-0.111701801548;0;0;0,60850.499052145395,0.006,907,0.0001,31.403865221517265,,0.0004939299878763284,0.37570740000001024,ok,same_stridge_core,1;Hx;D_x^1.240395 H;H*Hxx;H*Hxxx,0.018000000000000002,0.9786156954445683
0.6678742940095477,1.453068237799838,0.5185251267940202,-1.495790612985517,0;0;-1.49579061299;0.518525126794;-0.677510001638;0;0;-0.128389996811;0;0;0;0,57699.357172097894,0.006,908,0.0001,24.347282096505893,,0.000800384595606275,0.3919958999999835,ok,same_stridge_core,Hx;D_x^1.453068 H;Hxxx;H*Hxx,0.018000000000000002,1.2675392276667357
0.7181923639401475,1.4480781904072078,0.34577827341093564,-1.2721120557266246,0;0;-1.27211205573;0.345778273411;-0.427652588547;0;0;-0.0556045062868;0;0;0;0,57796.862339542684,0.006,909,0.0001,24.02665173975403,,0.0004216456380827002,0.3948948999998265,ok,same_stridge_core,Hx;D_x^1.448078 H;Hxxx;H*Hxx,0.03,0.9079068039369567
0.5668405141050604,1.6903031432079365,0.6598467724360055,-1.6772679953456253,0;0;-1.67726799535;0.659846772436;0;0;0;-0.171809913441;0;0;0;0,53096.36269623512,0.006,910,0.0001,20.08026290856689,,0.009059974890001618,0.3939520999999786,ok,same_stridge_core,Hx;D_x^1.690303 H;H*Hxx,0.07500000000000002,4.151354099696355
0.6967495383769162,1.5668565127119616,0.5117571629079376,-1.3047111159295721,0;0;-1.30471111593;0.511757162908;0;0;0;-0.088148048364;0;0;0;0,55182.294995582924,0.006,911,0.0001,17.661144021023997,,0.0006125241836308261,0.3943051999999625,ok,same_stridge_core,Hx;D_x^1.566857 H;H*Hxx,0.053064556184556175,1.1064555223491197
0.6568735733331172,1.5138877495128351,0.6033215399216985,-1.5036956494644027,0;0;-1.50369564946;0.603321539922;-0.435044150428;0;0;-0.143669248285;0;0;0;0,56413.854091945745,0.006,912,0.0001,24.131633173323348,,0.0012264173036314002,0.4116040999999768,ok,same_stridge_core,Hx;D_x^1.513888 H;Hxxx;H*Hxx,0.047999999999999994,1.5660915365450494
0.681510403838756,1.735931695177219,0.5753710883932607,-1.2571774987255284,0;0;-1.25717749873;0.575371088393;3.45910642085;0;0;-0.0867289481192;-0.472041166735;0;0;0,53721.73892098308,0.006,913,0.0001,28.219920441929244,,0.0009876579313825692,0.4074514999999792,ok,same_stridge_core,Hx;D_x^1.735932 H;Hxxx;H*Hxx;H*Hxxx,0.018000000000000002,1.359050981437704
0.6656159014584427,1.3019755657520418,0.09630728612630435,-1.316819927153388,0;0;-1.31681992715;0.0963072861263;0;0;0;0;0;0;0;0,60127.97660354885,0.006,914,0.0001,13.764304065113834,,0.0016278023577086752,0.3792926000000989,ok,same_stridge_core,Hx;D_x^1.301976 H,0.03,1.738708744404063
0.6396738585798112,1.5345222489354529,0.747249141773807,-1.5826800000144297,0;0;-1.58268000001;0.747249141774;0;0;0;-0.464734062148;0;0;0.033898383615;0,55942.01776483916,0.006,915,0.0001,24.024895361158247,,0.0013396038980917721,0.39028760000019247,ok,same_stridge_core,Hx;D_x^1.534522 H;H*Hxx;H^2*Hxx,0.018000000000000002,1.6480882552225835
0.7032094155825055,1.7948845602328236,0.2338371367568078,-1.164833429215838,0;0;-1.16483342922;0.233837136757;0;0;0;0;0;0;0;0,56739.41127370792,0.006,916,0.0001,12.73866658718671,,0.001037941101942431,0.37229100000013204,ok,same_stridge_core,Hx;D_x^1.794885 H,0.03022291021671826,1.3907843324451266
0.7136920464348663,1.6454477118125759,1.2402629696642826,-0.9484758281199233,0;0;-0.94847582812;1.24026296966;0.27992069401;0;-0.152827327921;-0.238961648898;-0.686282202194;0.0108434136502;0;0.0611900777707,53504.7254164068,0.006,917,0.0001,43.63513009364967,,0.000351318132428123,0.39553360000013527,ok,same_stridge_core,Hx;D_x^1.645448 H;Hxxx;H*Hx;H*Hxx;H*Hxxx;H^2*Hx;H^2*Hxxx,0.006,0.8313497605242295
0.7020186916778756,1.1876038479918163,0.09818823816663838,-1.2634933923662728,0;0;-1.26349339237;0.0981882381666;0;0;0;0;-0.0806965874531;0;0;0,61373.657343348044,0.006,918,0.0001,19.594048137809512,,0.000739281907831375,0.4075675000001411,ok,same_stridge_core,Hx;D_x^1.187604 H;H*Hxxx,0.03656466364910809,1.1819509348050965
0.6872346895317963,1.6466122257930649,0.5745684986848363,-1.302391672912787,0;0;-1.30239167291;0.574568498685;0;0;0;-0.093644858824;0;0;0;0,53486.08244318356,0.006,919,0.0001,17.39116720792167,,0.0009258002138055871,0.12494480000009389,ok,same_stridge_core,Hx;D_x^1.646612 H;H*Hxx,0.053179913419913426,1.3453424749666014
0.6283103980535489,1.531318230553028,0.7946452232457818,-1.6388397994587465,0;0;-1.63883979946;0.794645223246;0;0;0;-0.529437440647;0;0;0.039355830136;0,56016.191274509656,0.006,920,0.0001,24.21146383959852,,0.0016045043900742599,0.3714941999999155,ok,same_stridge_core,Hx;D_x^1.531318 H;H*Hxx;H^2*Hxx,0.018000000000000002,1.8049873297946568
0.6217867361988052,1.2562891544536665,0.40881441303517135,-1.7851776219524986,0;0;-1.78517762195;0.408814413035;0;0;0;-0.163285249772;-0.27828601956;0;0;0,60676.35877458555,0.006,921,0.0001,25.843641538028383,,0.0012617109023747596,0.38240929999983564,ok,same_stridge_core,Hx;D_x^1.256289 H;H*Hxx;H*Hxxx,0.11520000000000005,1.5730980281941627
0.7236172402721741,1.4675655502510858,0.3489423622632426,-1.2456974707828576,0;0;-1.24569747078;0.348942362263;-0.352098281371;0;0;-0.0513820460022;0;0;0;0,57409.00186574839,0.006,922,0.0001,23.865820810795388,,0.000415602033902643,0.38336920000006103,ok,same_stridge_core,Hx;D_x^1.467566 H;Hxxx;H*Hxx,0.012,0.9022200644960308
0.6266455874301513,1.7773390882533842,0.0,-1.3503304334717343,0;0;-1.35033043347;0;5.03457220145;0;0;0;-0.708969338563;0;0;0,55594.616817634254,0.006,923,0.0001,19.14561784646895,,0.003337908390985192,0.39856830000007903,ok,same_stridge_core,Hx;Hxxx;H*Hxxx,0.05936954474097332,2.4672328011786764
0.6951444967646675,1.6492250708724967,0.1805045295526872,-1.2026561890328251,0;0;-1.20265618903;0.180504529553;0;0;0;0;0;0;0;0,53445.435747687676,0.006,924,0.0001,12.100325472390395,,0.0010725945918836262,0.39194050000014613,ok,same_stridge_core,Hx;D_x^1.649225 H,0.07300000000000001,1.4112383228528609
0.6526096128665846,1.6925908924325068,1.0082818447937185,-1.434808511330067,0;0;-1.43480851133;1.00828184479;0.766504105243;0;0;-0.561522312262;0;0;0.0451311933342;0,53097.629486579615,0.006,925,0.0001,28.23388299009526,,0.001409638034745838,0.37906039999984387,ok,same_stridge_core,Hx;D_x^1.692591 H;Hxxx;H*Hxx;H^2*Hxx,0.03,1.6850682468054554
0.7095050371042093,1.4767960482043987,0.16942863551249904,-1.1933236331277683,0;0;-1.19332363313;0.169428635512;0;0;0;0;0;0;0;0,57218.7074903432,0.006,926,0.0001,12.58507023589269,,0.0006903858424684706,0.3863678999998683,ok,same_stridge_core,Hx;D_x^1.476796 H,0.018000000000000002,1.1413287378240502
0.6799933349888759,1.3468427346850878,0.1129506740020667,-1.2827567889024023,0;0;-1.2827567889;0.112950674002;-0.129126958469;0;0;0;0;0;0;0,59512.93632362414,0.006,927,0.0001,19.340575535926995,,0.001193005455702513,0.3802147999999761,ok,same_stridge_core,Hx;D_x^1.346843 H;Hxxx,0.018000000000000002,1.4866946388397526
0.6753348206569069,1.3893735405185375,0.4028320017675024,-1.4697589808051117,0;0;-1.46975898081;0.402832001768;0;0;0;-0.104095466993;-0.121717049129;0;0;0,58851.01846751995,0.006,928,0.0001,24.625005876282447,,0.0005995118752739293,0.2725356000000829,ok,same_stridge_core,Hx;D_x^1.389374 H;H*Hxx;H*Hxxx,0.035254900145243295,1.0845984892744667
0.671656367309451,1.5553406269665642,0.5208252374222095,-1.3880713907235533,0;0;-1.38807139072;0.520825237422;2.00549362375;0;0;-0.110901897538;-0.318679418594;0;0;0,55454.32326325244,0.006,929,0.0001,29.032989397094727,,0.0008781113909997667,0.39230029999998806,ok,same_stridge_core,Hx;D_x^1.555341 H;Hxxx;H*Hxx;H*Hxxx,0.062400000000000004,1.3058277654685058
0.7106181987853017,1.4767960482043987,0.17083745915861664,-1.1908318970412664,0;0;-1.19083189704;0.170837459159;0;0;0;0;0;0;0;0,57218.7074903432,0.006,930,0.0001,12.574101352315399,,0.0006764595206039981,0.03853660000004311,ok,same_stridge_core,Hx;D_x^1.476796 H,0.03069591253450903,1.1303598542467597
0.6418676035531817,1.5991524527526457,0.8551053811324414,-1.5348776438009424,0;0;-1.5348776438;0.855105381132;0.352078963105;0;0;-0.52461340966;0;0;0.0403985002422;0,54430.87395110434,0.006,931,0.0001,28.923950699716727,,0.001440269055600135,0.414051999999856,ok,same_stridge_core,Hx;D_x^1.599152 H;Hxxx;H*Hxx;H^2*Hxx,0.022357142857142843,1.7085137241645565
0.6779699568446643,1.5527537791967505,0.5587663605228484,-1.3898108626574248,0;0;-1.38981086266;0.558766360523;-0.2100641071;0;0;-0.11273385859;0;0;0;0,55515.32288335816,0.006,932,0.0001,23.523547129982298,,0.0008710556872926656,0.3917589999998654,ok,same_stridge_core,Hx;D_x^1.552754 H;Hxxx;H*Hxx,0.072,1.3174179766390333
0.7189958864443788,1.4499298498328488,0.17247239286700256,-1.1801806781599409,0;0;-1.18018067816;0.172472392867;-0.107287626794;0;0;0;0;0;0;0,57760.82748720141,0.006,933,0.0001,18.38117202798725,,0.0005833912929535136,0.3923955999998725,ok,same_stridge_core,Hx;D_x^1.44993 H;Hxxx,0.041999999999999996,1.052923781826827
0.7307056221730929,1.6477193844256057,0.510908341012959,-1.1697116402118053,0;0;-1.16971164021;0.510908341013;0;0;0;-0.0607943483515;0;0;0;0,53468.65670740782,0.006,934,0.0001,16.958391779978953,,0.0004201878394525504,0.38925719999997455,ok,same_stridge_core,Hx;D_x^1.647719 H;H*Hxx,0.018000000000000002,0.9177947677566065
0.6517170803688767,1.6496063680931305,0.9100482825057715,-1.4633450969279687,0;0;-1.46334509693;0.910048282506;0.569279629199;0;0;-0.519331122354;0;0;0.0407952364277;0,53439.64471440763,0.006,935,0.0001,28.359322288077134,,0.0013300294099871744,0.3819075999999768,ok,same_stridge_core,Hx;D_x^1.649606 H;Hxxx;H*Hxx;H^2*Hxx,0.024,1.6394999308733158
0.6257020320098022,1.7123568545047023,1.230852226805514,-1.528947862857839,0;0;-1.52894786286;1.23085222681;1.05993488068;0;0;-0.77028665109;0;0;0.0641046710951;0,53230.08584409177,0.006,936,0.0001,28.746228110860628,,0.002257077245060786,0.39032620000011775,ok,same_stridge_core,Hx;D_x^1.712357 H;Hxxx;H*Hxx;H^2*Hxx,0.047999999999999994,2.131185188814741
0.7313523189491193,1.2309407465472901,0.12254469338885252,-1.1963883113050007,0;0;-1.19638831131;0.122544693389;0;0;0;0;-0.0842537021605;0;0;0,60950.279334512285,0.006,937,0.0001,19.430963104413134,,0.000676747074707088,0.1452179000000342,ok,same_stridge_core,Hx;D_x^1.230941 H;H*Hxxx,0.024,1.1458793040594495
0.5137257842089694,1.7658501461744551,2.1390386899982174,-1.9421467945062731,0;0;-1.94214679451;2.13903869;5.4034337813;0;0;-1.65106681115;-0.4751535734;0;0.143180838791;0,54947.37220785757,0.006,938,0.0001,37.57201559641009,,0.010669563116949434,0.38678330000016103,ok,same_stridge_core,Hx;D_x^1.76585 H;Hxxx;H*Hxx;H*Hxxx;H^2*Hxx,0.024,4.6035922716955495
0.6796166739984826,1.9818748653669087,0.17074767851017483,-1.1980568077929896,0;0;-1.19805680779;0.17074767851;3.57316219258;0;0;0;-0.508217908737;0;0;0,64389.835766956225,0.006,939,0.0001,27.358816298752966,,0.0013974375337645463,0.27274430000011307,ok,same_stridge_core,Hx;D_x^1.981875 H;Hxxx;H*Hxxx,0.024599999999999997,1.602881991970474
0.6702206666386025,1.373806738000839,0.4015766329221422,-1.4985136959632182,0;0;-1.49851369596;0.401576632922;0;0;0;-0.109251346425;-0.135193208609;0;0;0,59102.74140578386,0.006,940,0.0001,24.75910166918434,,0.0006376509284409978,0.3968070999999327,ok,same_stridge_core,Hx;D_x^1.373807 H;H*Hxx;H*Hxxx,0.02928882049895981,1.1180051068707941
0.7637983306157864,1.5157368426189255,0.2456292719447888,-1.0686686835216685,0;0;-1.06866868352;0.245629271945;0;0;0;0;0;0;0;0,56372.18523473807,0.006,941,0.0001,12.314264077771602,,0.0005540339025302479,0.28101440000000366,ok,same_stridge_core,Hx;D_x^1.515737 H,0.01748479189604332,1.0398270308239876
0.6775481525568696,1.5572113026609324,0.5098740642863685,-1.3663879186707086,0;0;-1.36638791867;0.509874064286;1.83898636331;0;0;-0.104468536631;-0.292036631116;0;0;0,55410.17217172024,0.006,942,0.0001,28.937347908022254,,0.0007801811512454233,0.39960629999995945,ok,same_stridge_core,Hx;D_x^1.557211 H;Hxxx;H*Hxx;H*Hxxx,0.03,1.232261822162132
0.6723570397164688,1.248962162768312,0.09619993280887369,-1.3079479576598894,0;0;-1.30794795766;0.0961999328089;0;0;0;0;0;0;0;0,60757.64882834957,0.006,943,0.0001,13.755620638988914,,0.0013707793361639727,0.4043770000000677,ok,same_stridge_core,Hx;D_x^1.248962 H,0.024,1.6040908733189985
0.6822871996888916,1.3422183360420565,0.6850334174840097,-0.9777937619443006,0.126738768908;-0.0186224562996;-0.977793761944;0.685033417484;-2.34419294101;0;-0.234886613799;0;-0.370021627152;0.0163627066752;-0.0279838121277;0.0337707400624,59580.11866295479,0.006,944,0.0001,60.237272137176845,,0.00022282219775820536,0.14433819999999287,ok,same_stridge_core,1;H;Hx;D_x^1.342218 H;Hxxx;H*Hx;H*Hxxx;H^2*Hx;H^2*Hxx;H^2*Hxxx,0.006,0.6571534742220413
0.728429543099076,1.240428237298591,0.1234779471181228,-1.2007179375361263,0;0;-1.20071793754;0.123477947118;0;0;0;0;-0.0796925865002;0;0;0,60850.14258593957,0.006,945,0.0001,19.377354747881462,,0.0006508607002746976,0.3916587000001073,ok,same_stridge_core,Hx;D_x^1.240428 H;H*Hxxx,0.024,1.1223119720995933
0.6779699568446643,1.0508802585824548,0.06775557650041807,-1.3074283064453878,0;0;-1.30742830645;0.0677555765004;0;0;0;0;0;0;0;0,62400.98247291084,0.006,946,0.0001,14.099499832123485,,0.001337644075103969,0.03242709999994986,ok,same_stridge_core,Hx;D_x^1.05088 H,0.05999999999999999,1.619303337541316
0.8404178839065081,1.9558667982366715,0.7051388444201913,-0.7932026775083239,0;0;-0.793202677508;0.70513884442;0;0;0;0;0.0448204406235;0;0;0,64526.33992746344,0.006,947,0.0001,20.62031114546746,,0.0008067587250581454,0.3948296000000937,ok,same_stridge_core,Hx;D_x^1.955867 H;H*Hxxx,0.029324746142771595,1.2624091672284266
0.7167575430752118,1.6644831567677794,0.5401131562187585,-1.204632103797474,0;0;-1.2046321038;0.540113156219;0;0;0;-0.0701402707152;0;0;0;0,53245.285537100324,0.006,948,0.0001,16.995818340581305,,0.0005268836771384282,0.3740453999998863,ok,same_stridge_core,Hx;D_x^1.664483 H;H*Hxx,0.02392532442554852,1.0222326794512087
0.7336347005608291,1.3421810622668389,0.1630096110418326,-1.162065958421564,0;0;-1.16206595842;0.163009611042;0;0;0;0;0;0;0;0,59580.65673156865,0.006,949,0.0001,13.016761922814428,,0.0006176088863478102,0.3843667999999525,ok,same_stridge_core,Hx;D_x^1.342181 H,0.06085714285714285,1.1006305765006983
0.6917508815056396,1.8795831038067545,0.0,-1.191104484949548,0;0;-1.19110448495;0;0;0;0;0;0;0;0;0,62592.9166117077,0.006,950,0.0001,8.402889372599596,,0.0023221088449309132,0.3825859000000946,ok,same_stridge_core,Hx,0.04194444444444448,2.1435977114288267
0.7022027879824508,1.717629894301703,0.21007315335026214,-1.1767065855754468,0;0;-1.17670658558;0.21007315335;0;0;0;0;0;0;0;0,53306.195184811535,0.006,951,0.0001,12.017553886812491,,0.0009877597469812567,0.3813663999999335,ok,same_stridge_core,Hx;D_x^1.71763 H,0.054266992266992255,1.3563148498501838
0.6962802071863734,1.519091529326598,0.44892106450373065,-1.3227053302271146,0;0;-1.32270533023;0.448921064504;0.834526024828;0;0;-0.0848975374658;-0.159321870966;0;0;0,56296.25768369608,0.006,952,0.0001,29.156333101430356,,0.0005152058588676399,0.38350130000003446,ok,same_stridge_core,Hx;D_x^1.519092 H;Hxxx;H*Hxx;H*Hxxx,0.018000000000000002,1.008204259582313
0.7881637924929136,1.1285067350124691,0.0,-0.9276627806817782,0;0;-0.927662780682;0;0;0;0;0.070853764203;0;0;0;0,61869.945051376744,0.006,953,0.0001,13.747825234118011,,0.0009559300795628283,0.388087300000052,ok,same_stridge_core,Hx;H*Hxx,0.029288798424753015,1.3738362238426611
0.6693458823748268,1.399137412536199,0.4346794958633946,-1.4978546606253327,0;0;-1.49785466063;0.434679495863;0;0;0;-0.11545500886;-0.125092069705;0;0;0,58687.348315607036,0.006,954,0.0001,24.620675833494246,,0.0006658917856545966,0.4098931999999422,ok,same_stridge_core,Hx;D_x^1.399137 H;H*Hxx;H*Hxxx,0.03741138367805033,1.1457365072514314
0.6708078235832275,1.94787709777524,0.0,-1.4413037951890684,-0.0223519090193;0;-1.44130379519;0;0.0757302584231;0;0.0366819413163;-0.197427364693;0.0935034299479;0;0.0262578409971;0,64500.060258985584,0.006,955,0.0001,46.61844253866738,,0.0011312730761869802,0.14582309999991594,ok,same_stridge_core,1;Hx;Hxxx;H*Hx;H*Hxx;H*Hxxx;H^2*Hxx,0.012,1.4684003573774582
0.501369351704229,1.2162392110574283,0.9005132777907218,-2.848849152471669,0;0;-2.84884915247;0.900513277791;-6.26269323986;0;0;-0.452261323204;0.0841393757848;0;0;0,61100.01818133756,0.006,956,0.0001,34.13264441847269,,0.006357048623086836,0.37322709999989456,ok,same_stridge_core,Hx;D_x^1.216239 H;Hxxx;H*Hxx;H*Hxxx,0.15000000000000005,3.5826353278039043
0.6323692714603916,1.6918749871791043,1.1287024638077718,-1.5159806360853791,0;0;-1.51598063609;1.12870246381;0.908032540431;0;0;-0.697565363655;0;0;0.0572855772124;0,53096.94541800116,0.006,957,0.0001,28.537803545595516,,0.0019625790362796445,0.40533049999999093,ok,same_stridge_core,Hx;D_x^1.691875 H;Hxxx;H*Hxx;H^2*Hxx,0.041999999999999996,1.9893308365949356
0.659688509363781,1.7396098599519227,0.5644633326765052,-1.3172119924633106,0;0;-1.31721199246;0.564463332677;4.32322342443;0;0;-0.0970937243905;-0.601247322974;0;0;0,53835.24641354765,0.006,958,0.0001,28.61109804581493,,0.0015483313500910033,0.3915420000000722,ok,same_stridge_core,Hx;D_x^1.73961 H;Hxxx;H*Hxx;H*Hxxx,0.03,1.693474839041106
0.6567339339487507,1.314379880355247,0.3737979370524093,-1.5773457543550053,0;0;-1.57734575436;0.373797937052;0;0;0;-0.118192817;-0.181560814961;0;0;0,59965.935181505476,0.006,959,0.0001,25.19888237560322,,0.0007540591815336942,0.3894490999998652,ok,same_stridge_core,Hx;D_x^1.31438 H;H*Hxx;H*Hxxx,0.048815934065934055,1.212508303001026
0.7106181987853017,1.6327840936059288,0.5311653682812837,-1.235270801938156,0;0;-1.23527080194;0.531165368281;0;0;0;-0.0759572303612;0;0;0;0,53726.177426136215,0.006,960,0.0001,17.15804797787114,,0.0005444864416403436,0.2821516999999858,ok,same_stridge_core,Hx;D_x^1.632784 H;H*Hxx,0.036,1.040194750030274
0.6865313241457642,1.4824647186603128,0.4797653478859252,-1.3954613511215892,0;0;-1.39546135112;0.479765347886;-0.454886290318;0;0;-0.102104627451;0;0;0;0,57099.78732772137,0.006,961,0.0001,23.93638555577777,,0.0006007640997608597,0.3855903999999555,ok,same_stridge_core,Hx;D_x^1.482465 H;Hxxx;H*Hxx,0.078,1.096470624689219
0.6647903654935121,1.6912286802613095,0.5659702760138765,-1.3270251701178872,0;0;-1.32702517012;0.565970276014;3.74366529012;0;0;-0.102065708134;-0.523863994226;0;0;0,53096.55387129786,0.006,962,0.0001,28.110650613289586,,0.0013031621183215776,0.14306230000011055,ok,same_stridge_core,Hx;D_x^1.691229 H;Hxxx;H*Hxx;H*Hxxx,0.026706666666666663,1.5623736776406525
0.7007127581976834,1.6560788562252684,0.19259879961625295,-1.1881717710406896,0;0;-1.18817177104;0.192598799616;0;0;0;0;0;0;0;0,53347.18068092592,0.006,963,0.0001,12.00757381528761,,0.0009619409455007724,0.3843959000000723,ok,same_stridge_core,Hx;D_x^1.656079 H,0.06599999999999999,1.3381376791024264
0.6388855330653926,1.6777164962605602,1.0509893463776343,-1.4986645636427156,0;0;-1.49866456364;1.05098934638;0.791115209354;0;0;-0.635714618003;0;0;0.0515524743165;0,53134.23912032117,0.006,964,0.0001,28.4330685655914,,0.0017248904904086078,0.36834780000003775,ok,same_stridge_core,Hx;D_x^1.677716 H;Hxxx;H*Hxx;H^2*Hxx,0.036,1.865949005430818
0.6897075374345438,1.517267195150156,0.14926237802768735,-1.2327421056845957,0;0;-1.23274210568;0.149262378028;0;0;0;0;0;0;0;0,56337.60106545972,0.006,965,0.0001,12.683238028503556,,0.0010798060649223125,0.28461379999998826,ok,same_stridge_core,Hx;D_x^1.517267 H,0.084,1.4157178154116106
0.6769752992203096,1.551776679538482,0.13352502400208455,-1.2585954703242677,0;0;-1.25859547032;0.133525024002;0;0;0;0;0;0;0;0,55538.34245439878,0.006,966,0.0001,12.755339466800624,,0.0014698151264446065,0.1406294999999318,ok,same_stridge_core,Hx;D_x^1.551777 H,0.11400000000000005,1.6476709759208672
0.6945482208788243,1.6882079990411145,0.5764874023116128,-1.2478067602536451,0;0;-1.24780676025;0.576487402312;4.23109425607;0;0;-0.0857328230138;-0.894495622527;0;0;0.0422267819968,53097.51122050464,0.006,967,0.0001,33.000623345497004,,0.0006893723213305112,0.3958208999999897,ok,same_stridge_core,Hx;D_x^1.688208 H;Hxxx;H*Hxx;H*Hxxx;H^2*Hxxx,0.013792348827642945,1.1421166131942204
0.7011621219884454,1.0961817542034133,0.08048824746383597,-1.2770689785892597,0;0;-1.27706897859;0.0804882474638;0;0;0;0;-0.105948193703;0;0;0,62106.44189104385,0.006,968,0.0001,19.872137140805172,,0.0008058172728919438,0.39448220000008405,ok,same_stridge_core,Hx;D_x^1.096182 H;H*Hxxx,0.018000000000000002,1.2402045734920168
0.6945549475020576,1.666580540242002,0.5636253678307229,-1.2584719593395814,0;0;-1.25847195934;0.563625367831;4.0822695756;0;0;-0.0866914724232;-0.887587786418;0;0;0.0434941078516,53223.409450037674,0.006,969,0.0001,33.05749509074643,,0.0006640184254792641,0.3813109000000168,ok,same_stridge_core,Hx;D_x^1.666581 H;Hxxx;H*Hxx;H*Hxxx;H^2*Hxxx,0.01158537758537758,1.1234494207238201
0.6865212853765617,1.4817611252677416,0.4473796466232749,-1.379046551241441,0;0;-1.37904655124;0.447379646623;0.642517581114;0;0;-0.0956921409323;-0.154917017213;0;0;0,57114.63127703005,0.006,970,0.0001,29.61849591828882,,0.0005707216157554272,0.4005275000001802,ok,same_stridge_core,Hx;D_x^1.481761 H;Hxxx;H*Hxx;H*Hxxx,0.04136842105263157,1.0611802797737946
0.7164845954994189,1.6204838241662562,0.5122477903915258,-1.2214338588685465,0;0;-1.22143385887;0.512247790392;0;0;0;-0.0711867878727;0;0;0;0,53968.2884849905,0.006,971,0.0001,17.168517032108788,,0.0004790714308997946,0.14270319999991443,ok,same_stridge_core,Hx;D_x^1.620484 H;H*Hxx,0.041291535523300206,0.978030486611636
0.6637708393412137,1.49707049848826,0.5685671776043657,-1.4859555731448495,0;0;-1.48595557314;0.568567177604;-0.487460447249;0;0;-0.134673182189;0;0;0;0,56786.39714510096,0.006,972,0.0001,24.130798954015795,,0.001000194489086074,0.390492500000164,ok,same_stridge_core,Hx;D_x^1.49707 H;Hxxx;H*Hxx,0.018000000000000002,1.4162400959754124
0.7113709647184719,1.4716872223896382,0.1707274589634581,-1.189943248856353,0;0;-1.18994324886;0.170727458963;0;0;0;0;0;0;0;0,57324.54657633813,0.006,973,0.0001,12.586838463161268,,0.0006655940356429149,0.37928119999992305,ok,same_stridge_core,Hx;D_x^1.471687 H,0.024,1.1219291478936422
0.7043717915783848,1.3422183360420565,0.26041406215931784,-1.3280433567147352,0;0;-1.32804335671;0.260414062159;0;0;0;-0.0502279500038;-0.0986414476873;0;0;0,59580.11866295479,0.006,974,0.0001,24.80975508026005,,0.0004962354291811963,0.13944800000012947,ok,same_stridge_core,Hx;D_x^1.342218 H;H*Hxx;H*Hxxx,0.02392482217129276,0.9777076150781348
0.7313013428304659,1.4446073282838217,0.18761644465506194,-1.1506595055582853,0;0;-1.15065950556;0.187616444655;0;0;0;0;0;0;0;0,57863.94695127615,0.006,975,0.0001,12.58394545262545,,0.0005285322054753489,0.374530600000071,ok,same_stridge_core,Hx;D_x^1.444607 H,0.054266992266992255,1.0111560623702198
0.6568427056145869,1.7639554185376052,0.5564507205138943,-1.314160883482537,0;0;-1.31416088348;0.556450720514;4.58943220408;0;0;-0.0936303505237;-0.638562524648;0;0;0,54849.56058566529,0.006,976,0.0001,29.188789547480155,,0.0016878318663934423,0.39687309999999343,ok,same_stridge_core,Hx;D_x^1.763955 H;Hxxx;H*Hxx;H*Hxxx,0.03493779904306217,1.7640092546475064
0.6641445110351908,1.280497191990341,0.09302660608339865,-1.3229061688703962,0;0;-1.32290616887;0.0930266060834;0;0;0;0;0;0;0;0,60394.96877031218,0.006,977,0.0001,13.839028343921138,,0.0016662939572952978,0.39009230000010575,ok,same_stridge_core,Hx;D_x^1.280497 H,0.02928883541791694,1.7600345898587022
0.6674747566774211,1.8415883126121022,0.0,-1.2498668624433256,0;0;-1.24986686244;0;4.10712771429;0;0;0;-0.627539986926;0;0;0,60191.99977772316,0.006,978,0.0001,19.905749513832404,,0.0018242542774952399,0.38458570000011605,ok,same_stridge_core,Hx;Hxxx;H*Hxxx,0.024,1.848149580515455
0.71457199851935,1.353068191108897,0.24215553479700863,-1.2798105957857144,0;0;-1.27981059579;0.242155534797;0;0;0;-0.0380567748329;-0.0830936469179;0;0;0,59421.055309897754,0.006,979,0.0001,24.741945237361463,,0.0004917046275319247,0.3794288999999935,ok,same_stridge_core,Hx;D_x^1.353068 H;H*Hxx;H*Hxxx,0.021933127190270033,0.9735231134023624
0.6220686413936274,1.5516484173061516,0.8627100581476763,-1.6566145478682168,0;0;-1.65661454787;0.862710058148;0.125136026206;0;0;-0.592927438402;0;0;0.0452563253074;0,55541.364299333225,0.006,980,0.0001,29.701648976540785,,0.0018352849894111042,0.3678460000000996,ok,same_stridge_core,Hx;D_x^1.551648 H;Hxxx;H*Hxx;H^2*Hxx,0.02453684210526314,1.930966826874172
0.6867075529401292,1.7939823627110538,0.0,-1.1959812984017721,0;0;-1.1959812984;0;0;0;0;0;0.646679934878;0;0;-0.0958059796338,56676.72566348397,0.006,981,0.0001,18.732321644081587,,0.0015579578150871052,0.38070950000019366,ok,same_stridge_core,Hx;H*Hxxx;H^2*Hxxx,0.024,1.7293039450363905
0.6833692430408578,1.4342199058632163,0.4461608487395073,-1.4321573241474912,0;0;-1.43215732415;0.44616084874;-0.667223061129;0;0;-0.103341978451;0;0;0;0,58061.09452367907,0.006,982,0.0001,24.2927459944837,,0.0005733555470499182,0.3923411999999189,ok,same_stridge_core,Hx;D_x^1.43422 H;Hxxx;H*Hxx,0.018502305514798506,1.0683081850120695
0.6626473974018388,1.6303175955825084,0.8116926848782269,-1.4294762006798143,0;0;-1.42947620068;0.811692684878;0.41429759315;0;0;-0.431032552925;0;0;0.0327158081651;0,53772.84359197317,0.006,983,0.0001,28.35715066592644,,0.0010704788718187848,0.29691430000002583,ok,same_stridge_core,Hx;D_x^1.630318 H;Hxxx;H*Hxx;H^2*Hxx,0.018000000000000002,1.4707288699398564
0.6539892513457973,1.6499269878171527,0.898458245785614,-1.4539100651974834,0;0;-1.4539100652;0.898458245786;0.557433179686;0;0;-0.50532592762;0;0;0.0395602199207;0,53434.80427315311,0.006,984,0.0001,28.326157958234088,,0.0012808717106498326,0.4124865999999656,ok,same_stridge_core,Hx;D_x^1.649927 H;Hxxx;H*Hxx;H^2*Hxx,0.026323076923076935,1.6087558216575304
0.6348526273932658,1.6811909855803833,0.6261597438928097,-1.4467425195284531,0;0;-1.44674251953;0.626159743893;0.0816139196327;0;0;-0.124185635032;0;0;0;0,53116.60625497182,0.006,985,0.0001,23.635473843482945,,0.0029857967469961613,0.39272120000009636,ok,same_stridge_core,Hx;D_x^1.681191 H;Hxxx;H*Hxx,0.047999999999999994,2.388831341494218
0.7095050371042093,1.6254961256626783,0.5285286510833409,-1.2414947566093655,0;0;-1.24149475661;0.528528651083;0;0;0;-0.0770276385572;0;0;0;0,53866.906972641336,0.006,986,0.0001,17.202214833081754,,0.0005461436290514708,0.2690684000001511,ok,same_stridge_core,Hx;D_x^1.625496 H;H*Hxx,0.04119747899159662,1.042142741289354
0.6297389966123189,1.5083421188705182,0.6980184844050131,-1.6307053847555284,0;0;-1.63070538476;0.698018484405;-0.576514025321;0;0;-0.185277346496;0;0;0;0,56538.00834164833,0.006,987,0.0001,24.671904362259454,,0.0021185330441345846,0.3906620999998722,ok,same_stridge_core,Hx;D_x^1.508342 H;Hxxx;H*Hxx,0.039230769230769236,2.056701025600121
0.7879736377878377,1.3638755891201242,0.0,-0.9281177991976298,0;0;-0.928117799198;0;0;0;0;0.0707920783507;0;0;0;0,59257.55488425615,0.006,988,0.0001,13.224443180999025,,0.0009547052032631611,0.37505559999999605,ok,same_stridge_core,Hx;H*Hxx,0.036,1.3729322041477943
0.6639122900796601,1.6720205864936621,0.5642582291460374,-1.3402891720804668,0;0;-1.34028917208;0.564258229146;3.60368390724;0;0;-0.105449587122;-0.508135504978;0;0;0,53173.93345095592,0.006,989,0.0001,28.142712822478217,,0.0012870303388745569,0.27569180000000415,ok,same_stridge_core,Hx;D_x^1.672021 H;Hxxx;H*Hxx;H*Hxxx,0.024,1.5557460970002568
0.7378975021447427,1.7404195076792908,0.2918232494438081,-1.0861649890690688,0;0;-1.08616498907;0.291823249444;0;0;0;0;0;0;0;0,53861.62360571896,0.006,990,0.0001,11.812930363222838,,0.0005647010266517212,0.3893745000000308,ok,same_stridge_core,Hx;D_x^1.74042 H,0.01857142857142857,1.0406056420790448
0.6276811515938191,1.6086017544197266,0.9495387876682043,-1.591702451222804,0;0;-1.59170245122;0.949538787668;0.47404189758;0;0;-0.627495559829;0;0;0.0496072537216;0,54220.72353307641,0.006,991,0.0001,29.044584417028087,,0.001844162878984901,0.385213899999826,ok,same_stridge_core,Hx;D_x^1.608602 H;Hxxx;H*Hxx;H^2*Hxx,0.03064724310776943,1.9342226504898825
0.7196816597850678,1.641018179557812,0.5219292838649244,-1.2045991741834936,0;0;-1.20459917418;0.521929283865;0;0;0;-0.0687607405756;0;0;0;0,53578.44503746753,0.006,992,0.0001,17.047839612090247,,0.0004758488593127,0.3799965999999131,ok,same_stridge_core,Hx;D_x^1.641018 H;H*Hxx,0.03,0.9743061008499875
0.6104780230995428,1.8767138735488176,-0.14488880071076587,-1.4088209758550658,0;0;-1.40882097586;-0.144888800711;5.81708975285;0;0;0;-0.859453389359;0;0;0,62441.28123987311,0.006,993,0.0001,27.747839891982604,,0.004189131350641203,0.14614159999996446,ok,same_stridge_core,Hx;D_x^1.876714 H;Hxxx;H*Hxxx,0.05898861138861138,2.77132739603336
0.6795988384787887,1.8732894017190542,0.1532132315819949,-1.2034187937147174,0;0;-1.20341879371;0.153213231582;3.43152710165;0;0;0;-0.481227786619;0;0;0,62253.096682789655,0.006,994,0.0001,26.476377531242093,,0.0013507176789992463,0.27251909999995405,ok,same_stridge_core,Hx;D_x^1.873289 H;Hxxx;H*Hxxx,0.03,1.575138858126229
0.6232766345499882,1.717450446896344,0.5587973209628389,-1.437939573414867,0;0;-1.43793957341;0.558797320963;5.68978186069;0;0;-0.12340811093;-0.811079830869;0;0;0,53303.29842407599,0.006,995,0.0001,28.998176539674752,,0.002977836297456919,0.13388399999985268,ok,same_stridge_core,Hx;D_x^1.71745 H;Hxxx;H*Hxx;H*Hxxx,0.0594,2.346527327636758
0.5493237872265035,1.361541027056038,1.5407236313106893,-2.1973003353705187,0.0874777795145;0;-2.19730033537;1.54072363131;0;0;-0.0737898653188;-0.517920945445;-0.567247142309;0;0;0,59293.30760959489,0.006,996,0.0001,38.124810817699384,,0.0031352497373568003,0.3984821000001375,ok,same_stridge_core,1;Hx;D_x^1.361541 H;H*Hx;H*Hxx;H*Hxxx,0.033800000000000004,2.5488262519424447
0.674841814261799,1.2309407465472901,0.09562299249745514,-1.3043151755839568,0;0;-1.30431517558;0.0956229924975;0;0;0;0;0;0;0;0,60950.279334512285,0.006,997,0.0001,13.753485353537625,,0.0012954780501582776,0.14805840000008175,ok,same_stridge_core,Hx;D_x^1.230941 H,0.04630588235294116,1.563429486635167
0.8559093481475447,1.6815448187136863,0.0,-0.7753601305771362,0;0;-0.775360130577;0;0;0;0;0.0900378091502;0;0;0;0,53115.10414672754,0.006,998,0.0001,12.416840410778716,,0.0016363479351761956,0.15598870000007992,ok,same_stridge_core,Hx;H*Hxx,0.04718014285714287,1.7938195814332085
0.6796166739984826,1.9905726860805926,0.17227126490048483,-1.1977201990436344,0;0;-1.19772019904;0.1722712649;3.58262998506;0;0;0;-0.510240590062;0;0;0,64278.474893027655,0.006,999,0.0001,27.31643325933335,,0.0014010511009394761,0.29381839999996373,ok,same_stridge_core,Hx;D_x^1.990573 H;Hxxx;H*Hxxx,0.03,1.6050433021222883
0.7179280377458921,1.3183663191430894,0.14424914508171144,-1.1987660259936068,0;0;-1.19876602599;0.144249145082;0;0;0;0;0;0;0;0,59912.59558935037,0.006,1000,0.0001,13.108061312015115,,0.0006495114411939169,0.38855739999985417,ok,same_stridge_core,Hx;D_x^1.318366 H,0.036,1.1255421941450405
0.5559628451216976,1.6204838241662562,3.531535513915243,-0.9486008279653384,0;0;-0.948600827965;3.53153551392;0.167033638926;0;-0.603607635347;-1.77254880771;-3.6274018955;0.0478173500761;0.112522198966;0.422043367668,53968.2884849905,0.006,1001,0.0001,50.901278443416174,,0.0028577997830129616,0.13908100000003287,ok,same_stridge_core,Hx;D_x^1.620484 H;Hxxx;H*Hx;H*Hxx;H*Hxxx;H^2*Hx;H^2*Hxx;H^2*Hxxx,0.012,2.329818806924713
0.6396574147984805,1.2828048196783823,0.38816147916070326,-1.6765876903723582,0;0;-1.67658769037;0.388161479161;0;0;0;-0.139203315243;-0.227457367134;0;0;0,60367.08459700781,0.006,1002,0.0001,25.52024097561272,,0.0009650866560473941,0.38548790000004374,ok,same_stridge_core,Hx;D_x^1.282805 H;H*Hxx;H*Hxxx,0.036,1.3734071368095937
0.6538341570682763,1.433778073452405,0.5530952792187451,-1.5766928977978663,0;0;-1.5766928978;0.553095279219;-0.869082494629;0;0;-0.15027831289;0;0;0;0,58069.360547692704,0.006,1003,0.0001,24.650005497716965,,0.0010054323147968267,0.38896870000007766,ok,same_stridge_core,Hx;D_x^1.433778 H;Hxxx;H*Hxx,0.041999999999999996,1.4222612786398818
0.8895059005853339,1.5815327278188438,0.0,-0.7067530423382822,0;0;-0.706753042338;0;0;0;0;0.0976268178149;0;0;0;0,54836.89010187757,0.006,1004,0.0001,12.97499882090931,,0.0020605583595317027,0.39914709999993647,ok,same_stridge_core,Hx;H*Hxx,0.047999999999999994,2.0076208005337945
0.7034408307293639,1.3960859265995977,0.14387855396018698,-1.2241170069078633,0;0;-1.22411700691;0.14387855396;-0.148718930952;0;0;0;0;0;0;0,58738.985677433666,0.006,1005,0.0001,18.798796434292157,,0.0007384416015470265,0.29271879999987505,ok,same_stridge_core,Hx;D_x^1.396086 H;Hxxx,0.036,1.1771007310620532
0.6613926373640693,1.0976619873643743,0.08893289600536085,-1.5165182888053432,0;0;-1.51651828881;0.0889328960054;0;0;0.0270129063039;0;0;0;0;0,62096.11016928382,0.006,1006,0.0001,20.037125445869005,,0.0010674221458159992,0.2801670000001195,ok,same_stridge_core,Hx;D_x^1.097662 H;H*Hx,0.019065917426034796,1.4082923950838586
0.7039123752031552,1.1733881631706895,0.10206147218911468,-1.2437539514251241,0;0;-1.24375395143;0.102061472189;0;0;0;0;0;0;0;0,61501.12678935092,0.006,1007,0.0001,13.635154806129462,,0.0008982641162722526,0.1295698999999786,ok,same_stridge_core,Hx;D_x^1.173388 H,0.07760727272727268,1.3349294482592777
0.74952171277709,1.2993463173274487,0.16250175163034605,-1.1349696597976822,0;0;-1.1349696598;0.16250175163;0;0;0;0;0;0;0;0,60161.57154980939,0.006,1008,0.0001,13.29710993260047,,0.0008136873599503599,0.2754344999998466,ok,same_stridge_core,Hx;D_x^1.299346 H,0.024,1.2647956226385908
0.6721146757758903,1.1438042491760148,0.08135546022651917,-1.318444716218193,0;0;-1.31844471622;0.0813554602265;0;0;0;0;0;0;0;0,61749.74736191304,0.006,1009,0.0001,13.97240394465917,,0.0013782367771630014,0.3806524999999965,ok,same_stridge_core,Hx;D_x^1.143804 H,0.05999999999999999,1.6224544722765626
0.6917508815056396,1.4872677719976959,0.43810975126642177,-1.3559475779796861,0;0;-1.35594757798;0.438109751266;0.584588156475;0;0;-0.089442007552;-0.14099371849;0;0;0,56997.826445545725,0.006,1010,0.0001,29.520756183311505,,0.0005290316529469234,0.2758959000000232,ok,same_stridge_core,Hx;D_x^1.487268 H;Hxxx;H*Hxx;H*Hxxx,0.018655555555555557,1.0218429605386432
0.742781699615653,1.6761380819689964,0.27502150577100665,-1.0853627955555287,0;0;-1.08536279556;0.275021505771;0;0;0;0;0;0;0;0,53143.93244975471,0.006,1011,0.0001,11.62063306775925,,0.0005090957320737741,0.3733601000001272,ok,same_stridge_core,Hx;D_x^1.676138 H,0.03,0.9918465778083077
0.7239095383673732,1.8222519362905123,0.0,-1.1008782455106656,0.0483752399131;-0.0136449283454;-1.10087824551;0;0;0;0;0;0.180621189772;0;0;-0.025947183297,58754.21017265551,0.006,1012,0.0001,30.36870863071708,,0.0004916933987756895,0.3944491999998263,ok,same_stridge_core,1;H;Hx;H*Hxxx;H^2*Hxxx,0.006,0.9916035443893253
0.709109347952783,1.7276695964657722,0.5595095135170323,-1.200276651521605,0;0;-1.20027665152;0.559509513517;0;0;0;-0.0670334565086;0;0;0;0,53504.00651878164,0.006,1013,0.0001,17.23155147823413,,0.0007181583629607189,0.39905739999994694,ok,same_stridge_core,Hx;D_x^1.72767 H;H*Hxx,0.024,1.1803495225996385
0.6792346248216221,1.0355838099400971,0.0,-1.2250891907444244,0;0;-1.22508919074;0;0;0;0;0;0;0;0;0,62491.442644987445,0.006,1014,0.0001,8.395763963800917,,0.0023551075721509698,0.3832351999999446,ok,same_stridge_core,Hx,0.15000000000000005,2.146619699302173
0.709109347952783,1.7276695964657722,0.22766615092676176,-1.1581984647826133,0;0;-1.15819846478;0.227666150927;0;0;0;0;0;0;0;0,53504.00651878164,0.006,1015,0.0001,11.978319003221683,,0.000873085402328047,0.029598300000088784,ok,same_stridge_core,Hx;D_x^1.72767 H,0.06497156177156177,1.2775176994653539
0.5478146355167324,1.9189793940352744,-2.12638815975926,-2.2005638834297536,0;0;-2.20056388343;-2.12638815976;-1.70805977139;0;0.125122473831;-0.524719842331;0.795236584655;0;0.100773913829;0,64084.43738809181,0.006,1016,0.0001,48.41776101917878,,0.006703193335520917,0.3981538999998975,ok,same_stridge_core,Hx;D_x^1.918979 H;Hxxx;H*Hx;H*Hxx;H*Hxxx;H^2*Hxx,0.03666666666666666,3.558654847514508
0.7598911140061274,1.1113071680478535,0.0,-0.9970838629368111,0;0;-0.997083862937;0;0;0;0;0.061167896404;0;0;0;0,61998.65413312279,0.006,1017,0.0001,13.682805536536646,,0.0008429577451427819,0.3823643999999149,ok,same_stridge_core,Hx;H*Hxx,0.024519212692194203,1.2830747099120867
0.6630731159818821,1.8928562778691265,0.08882850679774872,-1.2496424296659427,0;0;-1.24964242967;0.0888285067977;3.98146936546;0;0;0;-0.56842642255;0;0;0,63219.804401570465,0.006,1018,0.0001,27.105843438961532,,0.0018034762582009407,0.39263720000008107,ok,same_stridge_core,Hx;D_x^1.892856 H;Hxxx;H*Hxxx,0.03,1.8179216783333456
0.722860699379628,1.3930904621802156,0.1661189450399708,-1.1771884516806472,0;0;-1.17718845168;0.16611894504;0;0;0;0;0;0;0;0,58789.24451471805,0.006,1019,0.0001,12.814443572449644,,0.0005774472627396426,0.38386319999995067,ok,same_stridge_core,Hx;D_x^1.39309 H,0.05814814814814815,1.0565946695060326
0.45870897720415993,1.5578524706836605,1.916753125235686,-2.5845935491948944,0;0;-2.58459354919;1.91675312524;0.688713356901;0;0;-1.97390908559;0;0;0.165979025947;0,55395.03106513034,0.006,1020,0.0001,33.26151642693671,,0.015162584089107822,0.3841833999999835,ok,same_stridge_core,Hx;D_x^1.557852 H;Hxxx;H*Hxx;H^2*Hxx,0.12900000000000003,5.56400089437154
0.6442800726945612,1.5764391039850107,0.7995776128844273,-1.5378988661092872,0;0;-1.53789886611;0.799577612884;0.211121002848;0;0;-0.483784747268;0;0;0.0363827475744;0,54956.357077358065,0.006,1021,0.0001,29.121160176820318,,0.0013319376036830058,0.14572930000008455,ok,same_stridge_core,Hx;D_x^1.576439 H;Hxxx;H*Hxx;H^2*Hxx,0.018000000000000002,1.6429816381412852
0.7116607540356701,1.5041133016588284,0.1778923718150101,-1.184261512197983,0;0;-1.1842615122;0.177892371815;0;0;0;0;0;0;0;0,56631.837456523404,0.006,1022,0.0001,12.454862457600107,,0.0006751168506670606,0.3792968000000201,ok,same_stridge_core,Hx;D_x^1.504113 H,0.036,1.1284949662954262
0.6984967872000152,1.6813191485402692,0.563680611165286,-1.2511056124739688,0;0;-1.25110561247;0.563680611165;0;0;0;-0.0802396390998;0;0;0;0,53116.05566152191,0.006,1023,0.0001,17.179092886218477,,0.0007945771924977287,0.3786153999999442,ok,same_stridge_core,Hx;D_x^1.681319 H;H*Hxx,0.036,1.2442761877619046
0.6795988384787887,1.3911400514246575,0.3906827706644676,-1.4481439768328404,0;0;-1.44814397683;0.390682770664;0;0;0;-0.0977151820817;-0.11555867347;0;0;0,58821.74105560975,0.006,1024,0.0001,24.581539851795156,,0.0005658177486089068,0.27373149999993984,ok,same_stridge_core,Hx;D_x^1.39114 H;H*Hxx;H*Hxxx,0.018000000000000002,1.0528434295512525
0.6572935550042798,1.5555868670457154,0.5505490663545514,-1.4389209162475247,0;0;-1.43892091625;0.550549066355;2.48506171452;0;0;-0.126801951059;-0.392314815347;0;0;0,55448.51411248464,0.006,1025,0.0001,29.23816678810952,,0.0011868578257295743,0.38229069999988496,ok,same_stridge_core,Hx;D_x^1.555587 H;Hxxx;H*Hxx;H*Hxxx,0.03658823529411759,1.5139097318671988
0.6871436010862988,1.6956650924879062,0.5701984131714803,-1.2776222289723231,0;0;-1.27762222897;0.570198413171;0;0;0;-0.0843495569709;0;0;0;0,53103.61593416437,0.006,1026,0.0001,17.358976022069122,,0.001057562950154958,0.3821915999999419,ok,same_stridge_core,Hx;D_x^1.695665 H;H*Hxx,0.041999999999999996,1.4278912418198095
0.6833713457833666,1.591744789818034,0.5633338019736228,-1.3417576908027706,0;0;-1.3417576908;0.563333801974;0;0;0;-0.102464128903;0;0;0;0,54599.81523008914,0.006,1027,0.0001,17.690825316672512,,0.0008673789641549981,0.38690989999986414,ok,same_stridge_core,Hx;D_x^1.591745 H;H*Hxx,0.078,1.3108807476457678
0.7404252427885829,1.0643507636272873,0.0,-1.0447714346222026,0;0;-1.04477143462;0;0.0488499085301;0;0;0.0543477536077;0;0;0;0,62317.65906020656,0.006,1028,0.0001,19.98599082298701,,0.0008649159914136395,0.2735591000000568,ok,same_stridge_core,Hx;Hxxx;H*Hxx,0.024,1.2906931049250412
0.6796551958465202,1.8614807140459755,0.0,-1.2239357450496053,0;0;-1.22393574505;0;0;0;0;0;0;0;0;0,61547.315431516945,0.006,1029,0.0001,8.300386974435293,,0.002351985762160773,0.1373758000001999,ok,same_stridge_core,Hx,0.13200000000000003,2.1456554312835983
0.6442206604268067,1.2991408773131043,0.39468196663628663,-1.6494359647427317,0;0;-1.64943596474;0.394681966636;0;0;0;-0.135664323066;-0.211237723934;0;0;0,60164.185760746266,0.006,1030,0.0001,25.395360085030216,,0.0009041736037985935,0.14116000000012718,ok,same_stridge_core,Hx;D_x^1.299141 H;H*Hxx;H*Hxxx,0.0359985999450285,1.3296857807317068
0.6811517962148692,1.6204838241662562,0.14907876828647473,-1.2404954914048358,0;0;-1.2404954914;0.149078768286;0;0;0;0;0;0;0;0,53968.2884849905,0.006,1031,0.0001,12.407463442296718,,0.001408711791972949,0.14397509999980684,ok,same_stridge_core,Hx;D_x^1.620484 H,0.08830158730158735,1.6138057452986168
0.7472893897160765,1.3156392947946263,0.165941196412118,-1.1374086210924492,0;0;-1.13740862109;0.165941196412;0;0;0;0;0;0;0;0,59949.15105673036,0.006,1032,0.0001,13.203427795517646,,0.0007494651092796104,0.2833978000001025,ok,same_stridge_core,Hx;D_x^1.315639 H,0.023925484453040474,1.2135975841715732
0.6502322753179189,1.6485336684738232,0.9157139512353046,-1.4700410339130503,0;0;-1.47004103391;0.915713951235;0.572723704975;0;0;-0.52757506843;0;0;0.04150894014;0,53456.02847051865,0.006,1033,0.0001,28.386698473177553,,0.00136109579318054,0.1452335999999832,ok,same_stridge_core,Hx;D_x^1.648534 H;Hxxx;H*Hxx;H^2*Hxx,0.024,1.6586842379182247
0.6830204193666239,1.5208499647772382,0.13965125971227663,-1.2479784677162709,0;0;-1.24797846772;0.139651259712;0;0;0;0;0;0;0;0,56256.29373571303,0.006,1034,0.0001,12.776847838324318,,0.0012574334213473893,0.37115369999992254,ok,same_stridge_core,Hx;D_x^1.52085 H,0.09971428571428576,1.5255890911817127
0.7034408307293639,1.571483130807459,0.1797379476186291,-1.1931272866000657,0;0;-1.1931272866;0.179737947619;0;0;0;0;0;0;0;0,55073.076306207695,0.006,1035,0.0001,12.267362967405914,,0.000840453720147283,0.26988170000004175,ok,same_stridge_core,Hx;D_x^1.571483 H,0.07768542568542568,1.2527477061643746
0.6937594113773461,1.5859400831580845,0.496031712295528,-1.2961342338712825,0;0;-1.29613423387;0.496031712296;1.64280841515;0;0;-0.0873100692717;-0.247640818496;0;0;0,54734.09563129794,0.006,1036,0.0001,28.447086279996846,,0.0005972914744376773,0.3966620999999577,ok,same_stridge_core,Hx;D_x^1.58594 H;Hxxx;H*Hxx;H*Hxxx,0.024,1.0800384643478746
0.7042169438536383,1.281348635174704,0.1254745161617373,-1.2331386871126933,0;0;-1.23313868711;0.125474516162;0;0;0;0;0;0;0;0,60384.70309965298,0.006,1037,0.0001,13.293500263194165,,0.0007642894615689101,0.3929602000000614,ok,same_stridge_core,Hx;D_x^1.281349 H,0.07158181818181823,1.216559643263569
0.6536891098258101,1.802556031262198,1.3234148758796787,-1.3631197705884426,0;0;-1.36311977059;1.32341487588;1.16689649695;0;0;-0.673359225376;0;0;0.0563783117056;0,57285.50428594452,0.006,1038,0.0001,30.473142557244042,,0.0016923322174061774,0.3868328000000929,ok,same_stridge_core,Hx;D_x^1.802556 H;Hxxx;H*Hxx;H^2*Hxx,0.03,1.8303904142717815
0.7043823519978221,1.566525592211674,0.18022931334964704,-1.1916329593522519,0;0;-1.19163295935;0.18022931335;0;0;0;0;0;0;0;0,55190.113156484214,0.006,1039,0.0001,12.276303507674335,,0.000820494825731061,0.3907873999999083,ok,same_stridge_core,Hx;D_x^1.566526 H,0.07094603174603177,1.2382808763774913
0.525162717356526,1.668686532592757,3.3410230740316256,-2.3784014418588737,-0.335155730086;0.19307227;-2.37840144186;3.34102307403;12.9018937186;-0.0226550969117;0;-2.69040069839;-5.80949101727;0;0.217827617015;0.62251121762,53202.98243841828,0.006,1040,0.0001,56.233744445129304,,0.00484599804261498,0.3793057000000317,ok,same_stridge_core,1;H;Hx;D_x^1.668687 H;Hxxx;H^2;H*Hxx;H*Hxxx;H^2*Hxx;H^2*Hxxx,0.018000000000000002,3.0307620067110137
0.6642568817418824,1.3147750860050496,0.09614389120234065,-1.318294039371336,0;0;-1.31829403937;0.0961438912023;0;0;0;0;0;0;0;0,59960.67457770298,0.006,1041,0.0001,13.762184964875606,,0.001689848845215965,0.407271000000037,ok,same_stridge_core,Hx;D_x^1.314775 H,0.041999999999999996,1.77005004933501
0.6856120885625301,1.2249862209591358,0.09598871532273916,-1.2924517092991272,0;0;-1.2924517093;0.0959887153227;0;0;0;0;-0.0612312515349;0;0;0,61011.70974325037,0.006,1042,0.0001,19.641542694888546,,0.0009672594525507023,0.39858570000001237,ok,same_stridge_core,Hx;D_x^1.224986 H;H*Hxxx,0.047999999999999994,1.3380297719134329
0.6314912703670468,1.256285922079259,0.3790649150711017,-1.7250623555416018,0;0;-1.72506235554;0.379064915071;0;0;0;-0.145958978306;-0.256149197117;0;0;0,60676.39588048743,0.006,1043,0.0001,25.730028191093893,,0.0010898352632124073,0.3897077999999965,ok,same_stridge_core,Hx;D_x^1.256286 H;H*Hxx;H*Hxxx,0.041904354469060344,1.4594698388989222
0.713658397744103,1.417184239287925,0.31175377006277577,-1.2851283429592546,0;0;-1.28512834296;0.311753770063;0;0;0;-0.0525704213114;-0.0688092168847;0;0;0,58372.75536265293,0.006,1044,0.0001,24.273791822588972,,0.00044007937397698817,0.3843995000001996,ok,same_stridge_core,Hx;D_x^1.417184 H;H*Hxx;H*Hxxx,0.024,0.9246896775277976
0.48461611566829194,1.8279413972898424,2.811499424363693,-2.043002558403189,0;0;-2.0430025584;2.81149942436;0;0;0;-2.22645977541;0.36656535057;0;0.202345907603;0,59183.135378913226,0.006,1045,0.0001,35.37776538451941,,0.017007405981545903,0.38035969999987174,ok,same_stridge_core,Hx;D_x^1.827941 H;H*Hxx;H*Hxxx;H^2*Hxx,0.1122857142857143,5.786197695062789
0.6598487194801029,1.3245684957920885,0.3762647151114993,-1.5595069469170963,0;0;-1.55950694692;0.376264715111;0;0;0;-0.115453867469;-0.171984056045;0;0;0,59828.35895941432,0.006,1046,0.0001,25.118521776493665,,0.0007226133163717482,0.3962123999999676,ok,same_stridge_core,Hx;D_x^1.324568 H;H*Hxx;H*Hxxx,0.024,1.187178192727939
0.5853406386454242,1.6128613696915466,2.9057137819362664,-0.97169851382335,0;0;-0.971698513823;2.90571378194;-0.642624953331;0;-0.499415664211;-1.36140091496;-2.71468760886;0.0392234898953;0.0808248188382;0.319185749974,54128.49534976526,0.006,1047,0.0001,50.611342349654876,,0.0018925074361576236,0.37285930000007284,ok,same_stridge_core,Hx;D_x^1.612861 H;Hxxx;H*Hx;H*Hxx;H*Hxxx;H^2*Hx;H^2*Hxx;H^2*Hxxx,0.012,1.8956965348661359
0.6734197410226027,1.9451203729818767,0.13706107720931693,-1.217795659569365,0;0;-1.21779565957;0.137061077209;3.7140740733;0;0;0;-0.528483800428;0;0;0,64482.66983589466,0.006,1048,0.0001,27.469994518947342,,0.0015318164805539411,0.38577120000013565,ok,same_stridge_core,Hx;D_x^1.94512 H;Hxxx;H*Hxxx,0.02340526315789474,1.6769265845894787
0.6639122900796601,1.3017026369931364,0.09470942178480632,-1.3207597846259174,0;0;-1.32075978463;0.0947094217848;0;0;0;0;0;0;0;0,60131.47545463967,0.006,1049,0.0001,13.798176962554106,,0.0016920018518765908,0.2677708999999595,ok,same_stridge_core,Hx;D_x^1.301703 H,0.041999999999999996,1.7718818716261717
0.6978053831369576,1.2951571894350025,0.23282545809644706,-1.3564298714994445,0;0;-1.3564298715;0.232825458096;0;0;0;-0.049431608006;-0.118147496461;0;0;0,60214.567914689236,0.006,1050,0.0001,25.110606850164285,,0.0005466481329327404,0.39404319999994186,ok,same_stridge_core,Hx;D_x^1.295157 H;H*Hxx;H*Hxxx,0.029950085999312002,1.024779684288588
0.7339123883287786,1.6990886384958361,0.2678460732994856,-1.1022608631455746,0;0;-1.10226086315;0.267846073299;0;0;0;0;0;0;0;0,53116.28685338026,0.006,1051,0.0001,11.664570108714734,,0.0005671507019344037,0.3865888999998788,ok,same_stridge_core,Hx;D_x^1.699089 H,0.03,1.041312738038683
0.7046121675858454,1.3582066623165931,0.2760594541334626,-1.3276420941790374,0;0;-1.32764209418;0.276059454133;0;0;0;-0.0533157847026;-0.0945170183816;0;0;0,59343.95537405781,0.006,1052,0.0001,24.702524566078203,,0.0004825724497793819,0.38224120000018047,ok,same_stridge_core,Hx;D_x^1.358207 H;H*Hxx;H*Hxxx,0.024,0.964942416455077
0.5474758489854501,1.9313509099489399,-0.43609797843315634,-1.6666765682730713,0;0;-1.66667656827;-0.436097978433;-0.505196836607;0;0;0;0;0;0;0,64327.555983753344,0.006,1053,0.0001,24.040730857124714,,0.011988547682786557,0.41206999999985783,ok,same_stridge_core,Hx;D_x^1.931351 H;Hxxx,0.09000000000000001,4.742464061998711
0.6658020721643896,1.5119335792969504,0.5153107340157086,-1.4395631459126668,0;0;-1.43956314591;0.515310734016;1.59278094184;0;0;-0.120595889551;-0.284674417407;0;0;0,56457.743232947105,0.006,1054,0.0001,29.557457783386067,,0.0009022493458647036,0.37235710000004474,ok,same_stridge_core,Hx;D_x^1.511934 H;Hxxx;H*Hxx;H*Hxxx,0.08300000000000002,1.3285861669125107
0.6552911045153752,1.50069148806722,0.6007320144590147,-1.520939071743858,0;0;-1.52093907174;0.600732014459;-0.505723003515;0;0;-0.146972859645;0;0;0;0,56707.2024077509,0.006,1055,0.0001,24.24341763497572,,0.001215381262568162,0.38161409999997886,ok,same_stridge_core,Hx;D_x^1.500691 H;Hxxx;H*Hxx,0.024,1.5605366718753608
0.7844992150746644,1.640855972339104,0.3235674737167813,-0.9996145469463064,0;0;-0.999614546946;0.323567473717;0;0;0;0;0;0;0;0,53581.22654202669,0.006,1056,0.0001,11.797988801884847,,0.0005946591656589491,0.37826639999980216,ok,same_stridge_core,Hx;D_x^1.640856 H,0.023932110503617248,1.0817434934795072
0.7623747470327262,1.0137541461232193,0.0,-0.9908412980959505,0;0;-0.990841298096;0;0;0;0;0.0620609676886;0;0;0;0,62613.18424815219,0.006,1057,0.0001,13.809419286622967,,0.0008466056485636849,0.2737770000001092,ok,same_stridge_core,Hx;H*Hxx,0.023328995971381637,1.2867824369925283
0.7566679741917999,1.6322682082322533,0.28004984203405076,-1.0618027084743875,0;0;-1.06180270847;0.280049842034;0;0;0;0;0;0;0;0,53735.85302981937,0.006,1058,0.0001,11.718504567077472,,0.0004819846920025094,0.38051629999995384,ok,same_stridge_core,Hx;D_x^1.632268 H,0.02453672680260916,0.9713339611135975
0.6387373954313347,1.6705546655615682,1.033481810860985,-1.5038299086807285,0;0;-1.50382990868;1.03348181086;0.755992536924;0;0;-0.628239063407;0;0;0.0507794443494;0,53186.196989789896,0.006,1059,0.0001,28.450707081397354,,0.0017084503135962644,0.4018510000000788,ok,same_stridge_core,Hx;D_x^1.670555 H;Hxxx;H*Hxx;H^2*Hxx,0.036,1.8576085865024052
0.8803040524592247,1.4769525817902667,0.0,-0.7251069253163872,0;0;-0.725106925316;0;0;0;0;0.0956669782403;0;0;0;0,57215.44320319556,0.006,1060,0.0001,13.39408169118881,,0.0019431895856925879,0.2958415000000514,ok,same_stridge_core,Hx;H*Hxx,0.047163852813852804,1.9509930505496962
0.6620427336626808,1.080034557887049,0.08764437732273474,-1.5222363356667865,0;0;-1.52223633567;0.0876443773227;0;0;0.027826409234;0;0;0;0;0,62216.16473793151,0.006,1061,0.0001,20.042684431307286,,0.001020032248567238,0.3976774000000205,ok,same_stridge_core,Hx;D_x^1.080035 H;H*Hx,0.024,1.377835009927832
0.7472893897160765,1.5120222356309176,0.22513654796102106,-1.1044679374838131,0;0;-1.10446793748;0.225136547961;0;0;0;0;0;0;0;0,56455.754298476386,0.006,1062,0.0001,12.273083984752073,,0.0004953919883905425,0.26224200000001474,ok,same_stridge_core,Hx;D_x^1.512022 H,0.06449999999999997,0.9819331250567952
0.686687215841131,1.723855806393811,0.5951230866306588,-1.252514791101026,0;0;-1.2525147911;0.595123086631;4.71189955887;0;0;-0.0878631817974;-0.937921367579;0;0;0.0394413352928,53420.45068036259,0.006,1063,0.0001,33.32150124690735,,0.0008621129555354218,0.3912106999998741,ok,same_stridge_core,Hx;D_x^1.723856 H;Hxxx;H*Hxx;H*Hxxx;H^2*Hxxx,0.027635000000000007,1.2692308386897946
0.63656140298375,1.6029329406950579,0.8901966371770512,-1.5558859796959388,0;0;-1.5558859797;0.890196637177;0.398003165493;0;0;-0.562691769267;0;0;0.0438067210404;0,54345.97739140945,0.006,1064,0.0001,28.963868592435364,,0.001581824235703792,0.39814499999988584,ok,same_stridge_core,Hx;D_x^1.602933 H;Hxxx;H*Hxx;H^2*Hxx,0.023893779904306224,1.7908798967306405
0.5345362730047436,1.4204414725670527,1.0352932533631078,-2.268559195938388,0;0;-2.26855919594;1.03529325336;0;0;0;-0.383938614122;-0.322211760647;0;0;0,58314.279753977426,0.006,1065,0.0001,27.166612210975593,,0.007391598584300996,0.4009935999999925,ok,same_stridge_core,Hx;D_x^1.420441 H;H*Hxx;H*Hxxx,0.07993939393939391,3.8409003093846232
0.43505159367462476,1.565215962712032,2.1467016238872842,-2.7735028552112806,0;0;-2.77350285521;2.14670162389;0;0;0;-2.20944100018;0;0;0.184548293076;0,55221.05740738228,0.006,1066,0.0001,28.416009760376078,,0.019719224451573158,0.4016276999998354,ok,same_stridge_core,Hx;D_x^1.565216 H;H*Hxx;H^2*Hxx,0.078,6.327586797423165
0.6879281653473964,1.857807301126137,0.0,-1.2014092716875653,0;0;-1.20140927169;0;0;0;0;0;0;0;0;0,61311.197457240276,0.006,1067,0.0001,8.270157051241195,,0.0023194116148335287,0.3692387000000963,ok,same_stridge_core,Hx,0.036,2.1390373055171668
0.7369941217025858,1.6597706969857333,0.2591008512774973,-1.1014778506287368,0;0;-1.10147785063;0.259100851277;0;0;0;0;0;0;0;0,53299.72786474966,0.006,1068,0.0001,11.667574230816323,,0.000528508038328104,0.14731019999999262,ok,same_stridge_core,Hx;D_x^1.659771 H,0.018000000000000002,1.0076286578663909
0.6959752123250452,1.6466122257930649,0.5610533957219301,-1.274935682363138,0;0;-1.27493568236;0.561053395722;0;0;0;-0.0866910492761;0;0;0;0,53486.08244318356,0.006,1069,0.0001,17.269843289697643,,0.0007628666695900828,0.13894140000002153,ok,same_stridge_core,Hx;D_x^1.646612 H;H*Hxx,0.04713306631639965,1.2240185567425743
0.68659644779378,1.5393315898785305,0.14762418922181236,-1.237144169753832,0;0;-1.23714416975;0.147624189222;0;0;0;0;0;0;0;0,55830.15727390712,0.006,1070,0.0001,12.643198695838576,,0.0011777680788212497,0.40440530000000763,ok,same_stridge_core,Hx;D_x^1.539332 H,0.12000000000000004,1.4771672410571508
0.7166364356595922,1.544798333649213,0.4266734127272376,-1.241799641118269,0;0;-1.24179964112;0.426673412727;0.541147114526;0;0;-0.0648297422369;-0.10007729555;0;0;0,55702.336706111724,0.006,1071,0.0001,28.758021837854194,,0.00041495590136088193,0.38144359999978406,ok,same_stridge_core,Hx;D_x^1.544798 H;Hxxx;H*Hxx;H*Hxxx,0.02105454545454547,0.9068534847983322
0.6031310377052002,1.6680267021465685,0.681041927364331,-1.5693230766636463,0;0;-1.56932307666;0.681041927364;0;0;0;-0.157393153819;0;0;0;0,53209.21285677898,0.006,1072,0.0001,19.07791948169628,,0.005074007478555009,0.3894140999998399,ok,same_stridge_core,Hx;D_x^1.668027 H;H*Hxx,0.06599999999999999,3.115155624662585
0.6996586828501653,1.7010164926745315,0.5626827129711337,-1.238573323064212,0;0;-1.23857332306;0.562682712971;0;0;0;-0.0762169243387;0;0;0;0,53126.30518854823,0.006,1073,0.0001,17.196532729273432,,0.00081680350373056,0.380023600000186,ok,same_stridge_core,Hx;D_x^1.701016 H;H*Hxx,0.03524356958461534,1.2586411727089633
0.6258554070831638,1.8485633929450556,0.0,-1.3523366300857942,0;0;-1.35233663009;0;5.05345273868;0;0;0;-0.710631675089;0;0;0,60687.00327656632,0.006,1074,0.0001,20.690857000375203,,0.003385678491493251,0.3972212999999556,ok,same_stridge_core,Hx;Hxxx;H*Hxxx,0.036,2.484756017405308
0.653361110766802,1.347552807850313,0.4263095573934106,-1.592808121173066,0;0;-1.59280812117;0.426309557393;0;0;0;-0.131740753434;-0.172565169527;0;0;0,59502.53988625583,0.006,1075,0.0001,25.06276968856814,,0.0008104190945773346,0.40158999999994194,ok,same_stridge_core,Hx;D_x^1.347553 H;H*Hxx;H*Hxxx,0.031673918128654985,1.2617537340658063
0.8630273094826659,1.8253758834620961,0.5665606881511146,-0.7935673654237893,0;0;-0.793567365424;0.566560688151;0;0;0;0;0;0;0;0,58989.97756922738,0.006,1076,0.0001,13.302235325077808,,0.0011516882969520767,0.38242459999992207,ok,same_stridge_core,Hx;D_x^1.825376 H,0.06579561771561773,1.5042398112323307
0.4835935233387332,1.6707420785728955,4.281504236299181,-2.716422145299202,-0.440498967156;0.249999801286;-2.7164221453;4.2815042363;15.8684104087;-0.0289460768815;0;-3.48359860557;-7.31046980002;0;0.28341410284;0.792536985075,53184.58465528142,0.006,1077,0.0001,56.99348428892233,,0.007629146254202167,0.38921000000004824,ok,same_stridge_core,1;H;Hx;D_x^1.670742 H;Hxxx;H^2;H*Hxx;H*Hxxx;H^2*Hxx;H^2*Hxxx,0.022363636363636384,3.8088996336409
0.6753348206569069,1.3739016825031796,0.3846961813904579,-1.472220950558503,0;0;-1.47222095056;0.38469618139;0;0;0;-0.101062470716;-0.128101383331;0;0;0,59101.24058299193,0.006,1078,0.0001,24.71766889455308,,0.0005933257194395119,0.30922880000002806,ok,same_stridge_core,Hx;D_x^1.373902 H;H*Hxx;H*Hxxx,0.029296958464270734,1.0771726613563026
0.8548160252916908,1.0487635545027045,0.0,-0.7776675300115872,0;0;-0.777667530012;0;0;0;0;0.0897704073488;0;0;0;0,62413.76017154493,0.006,1079,0.0001,14.269351643783542,,0.0016229216182511968,0.3943082000000686,ok,same_stridge_core,Hx;H*Hxx,0.07103232323232322,1.7865996094745573
0.8774996691228482,1.9597794474476007,0.7545676940323915,-0.7271700846322722,0;0;-0.727170084632;0.754567694032;0;0;0;0;0;0;0;0,64526.71434075984,0.006,1080,0.0001,14.401655525212725,,0.001132611643581314,0.1462437999998656,ok,same_stridge_core,Hx;D_x^1.959779 H,0.05432752136752135,1.4963126570607552
0.6643771729730404,1.9872892404808835,0.09716198593758194,-1.244070366469537,0;0;-1.24407036647;0.0971619859376;4.02147669368;0;0;0;-0.579384327124;0;0;0,64323.96281390614,0.006,1081,0.0001,27.542530263105515,,0.0017911024795665051,0.38812529999995604,ok,same_stridge_core,Hx;D_x^1.987289 H;Hxxx;H*Hxxx,0.03,1.8129451375430568
0.6140759417359883,1.7380766156657736,1.3926375030813467,-1.5568601011490368,0;0;-1.55686010115;1.39263750308;1.2796077796;0;0;-0.889356614603;0;0;0.0752095222599;0,53786.67247204526,0.006,1082,0.0001,29.270242507527318,,0.002816329795723353,0.3902643999999782,ok,same_stridge_core,Hx;D_x^1.738077 H;Hxxx;H*Hxx;H^2*Hxx,0.041999999999999996,2.376906271504686
0.66745416608468,1.8767138735488176,0.0,-1.249915970972733,0;0;-1.24991597097;0;4.10757204538;0;0;0;-0.627578887562;0;0;0,62441.28123987311,0.006,1083,0.0001,20.58068578126745,,0.0018246026715407352,0.1480761000000257,ok,same_stridge_core,Hx;Hxxx;H*Hxxx,0.024,1.8483014093055183
0.6868418643510137,1.8373348667272553,0.0,-1.204349549916959,0;0;-1.20434954992;0;0;0;0;0;0;0;0;0,59882.18116045236,0.006,1084,0.0001,8.12681516558331,,0.002320640647040117,0.37290749999988293,ok,same_stridge_core,Hx,0.0790909090909091,2.138597049538074
0.642339637563625,1.2289740916032637,0.3146086915377408,-1.656347238967287,0;0;-1.65634723897;0.314608691538;0;0;0;-0.119510052962;-0.241355873515;0;0;0,60970.68945387815,0.006,1085,0.0001,25.74914949553557,,0.0009537396905533334,0.38478839999993397,ok,same_stridge_core,Hx;D_x^1.228974 H;H*Hxx;H*Hxxx,0.04724989343989343,1.3608737139843081
0.7747214697320515,1.2961820363384176,0.0,-0.9830267638365989,0;0;-0.983026763837;0;0;0;0;0;0;0;0;0,60201.66174382611,0.006,1086,0.0001,8.95325029440772,,0.004344682287182018,0.39057519999983015,ok,same_stridge_core,Hx,0.15000000000000005,2.9330841200251094
0.5715021223796863,1.2309407465472901,0.6222742149676672,-2.233376949354355,0;0;-2.23337694935;0.622274214968;-3.81179027868;0;0;-0.281688010702;0.0352391623333;0;0;0,60950.279334512285,0.006,1087,0.0001,32.69768828112796,,0.002470354519846146,0.16992320000008476,ok,same_stridge_core,Hx;D_x^1.230941 H;Hxxx;H*Hxx;H*Hxxx,0.07928571428571429,2.222548613871816
0.6885959622257594,1.2251511102867783,0.3097631746168642,-1.4634265760052751,0.0303107589063;0;-1.46342657601;0.309763174617;-0.86801079478;0;0;-0.0622393335884;0;0;0;0,61010.023955988436,0.006,1088,0.0001,31.478801547000526,,0.0004975509191408956,0.41892570000004525,ok,same_stridge_core,1;Hx;D_x^1.225151 H;Hxxx;H*Hxx,0.018000000000000002,0.9737895690063082
0.6548747048419377,1.3650935127240316,0.44326525415384166,-1.5812967059926517,0;0;-1.58129670599;0.443265254154;0;0;0;-0.132941934094;-0.161615724781;0;0;0,59238.8052580438,0.006,1089,0.0001,24.957393227710515,,0.0008083723944680882,0.41002579999985755,ok,same_stridge_core,Hx;D_x^1.365094 H;H*Hxx;H*Hxxx,0.018000000000000002,1.2618711244929952
0.734045404069959,1.4005190831790733,0.17888210142985056,-1.1521106630137101,0;0;-1.15211066301;0.17888210143;0;0;0;0;0;0;0;0,58663.818138041555,0.006,1090,0.0001,12.77025375065955,,0.0005527080444577274,0.3754135000001497,ok,same_stridge_core,Hx;D_x^1.400519 H,0.024,1.0374901230512388
0.7503548185026165,1.1267716913953114,0.0,-1.0411247733594362,0;0;-1.04112477336;0;0;0;0;0;0;0;0;0,61883.23376155909,0.006,1091,0.0001,8.812842561635952,,0.0034537349223385215,0.4045955999999933,ok,same_stridge_core,Hx,0.05999999999999999,2.6245191854800427
0.5920824946771667,1.3026646377299909,0.5814742931743175,-1.9720489621493797,0;0;-1.97204896215;0.581474293174;0;0;0;-0.234848441617;-0.319822053397;0;0;0,60119.12970710148,0.006,1092,0.0001,26.114602084429812,,0.0021506209503963504,0.4130733000001783,ok,same_stridge_core,Hx;D_x^1.302665 H;H*Hxx;H*Hxxx,0.04145252751605693,2.0669502015892185
0.6956089457636603,1.7117198478852282,0.19437271024932534,-1.1939824931980678,0;0;-1.1939824932;0.194372710249;0;0;0;0;0;0;0;0,53222.13100781659,0.006,1093,0.0001,12.086691277251509,,0.001120014558954526,0.3845200999999179,ok,same_stridge_core,Hx;D_x^1.71172 H,0.05999999999999999,1.4422650756881907
0.6822382502388002,1.5818428026840592,0.5129999556026931,-1.3356935020742353,0;0;-1.33569350207;0.512999955603;1.97731863889;0;0;-0.0983990998685;-0.299962963707;0;0;0,54829.63809556112,0.006,1094,0.0001,28.616310798474924,,0.0007439469182474409,0.3722445000000789,ok,same_stridge_core,Hx;D_x^1.581843 H;Hxxx;H*Hxx;H*Hxxx,0.049529411764705836,1.201491750694367
0.6533462639302134,1.8908805847814079,0.04750498095565384,-1.278198163538098,0;0;-1.27819816354;0.0475049809557;4.29813600293;0;0;0;-0.618428625173;0;0;0,63134.418333501286,0.006,1095,0.0001,27.22585498512077,,0.0021235863186309187,0.3886268999999629,ok,same_stridge_core,Hx;D_x^1.890881 H;Hxxx;H*Hxxx,0.036,1.9720876517202557
0.6433104739601123,1.0508802585824548,0.05870334328457947,-1.3949524856599274,0;0;-1.39495248566;0.0587033432846;0;0;0;0;0;0;0;0,62400.98247291084,0.006,1096,0.0001,14.62834352043763,,0.002459234597197785,0.14922759999990376,ok,same_stridge_core,Hx;D_x^1.05088 H,0.047999999999999994,2.1481470258554616
0.6288786939464813,1.607753953634034,0.9412116020862791,-1.586909309721645,0;0;-1.58690930972;0.941211602086;0.463065952357;0;0;-0.618519021203;0;0;0.0488013692812;0,54239.28326371767,0.006,1097,0.0001,29.03394392441801,,0.0018064810762318986,0.39290810000011334,ok,same_stridge_core,Hx;D_x^1.607754 H;Hxxx;H*Hxx;H^2*Hxx,0.02473015873015872,1.9143022925591773
0.642339637563625,1.2289740916032637,0.3146086915377408,-1.656347238967287,0;0;-1.65634723897;0.314608691538;0;0;0;-0.119510052962;-0.241355873515;0;0;0,60970.68945387815,0.006,1098,0.0001,25.74914949553557,,0.0009537396905533334,0.030369399999926827,ok,same_stridge_core,Hx;D_x^1.228974 H;H*Hxx;H*Hxxx,0.041999999999999996,1.3608737139843081
0.7475903610504204,1.3543850435608253,0.17784216851758106,-1.1311237602836957,0;0;-1.13112376028;0.177842168518;0;0;0;0;0;0;0;0,59401.405490662735,0.006,1099,0.0001,13.024453166946994,,0.0006682383836030892,0.2920076999998855,ok,same_stridge_core,Hx;D_x^1.354385 H,0.024,1.1441720688144463
0.6917508815056396,1.5024687964732977,0.44816585118307456,-1.3478395836173365,0;0;-1.34783958362;0.448165851183;0.76337107308;0;0;-0.0897479965431;-0.158942638132;0;0;0,56668.12058501825,0.006,1100,0.0001,29.366706125569802,,0.0005405530815817679,0.2764233000000331,ok,same_stridge_core,Hx;D_x^1.502469 H;Hxxx;H*Hxx;H*Hxxx,0.030111111111111102,1.0326458330606774
0.7600883264120539,1.280518757826591,0.06140777435170014,-1.0404373133256164,0;0;-1.04043731333;0.0614077743517;0;0;0;0.0409941941244;0;0;0;0,60394.70959165228,0.006,1101,0.0001,19.34727154002169,,0.0007718718931571565,0.3944958999998107,ok,same_stridge_core,Hx;D_x^1.280519 H;H*Hxx,0.024,1.2288586625260054
0.6843214825485118,1.2024379765109623,0.28489715538159505,-1.4610549769429573,0.0337392561782;0;-1.46105497694;0.284897155382;0;0;0;-0.0559856133219;-0.11363684364;0;0;0,61234.79537047328,0.006,1102,0.0001,31.641126639394372,,0.0005448495639134783,0.391302400000086,ok,same_stridge_core,1;Hx;D_x^1.202438 H;H*Hxx;H*Hxxx,0.018000000000000002,1.0237289541577326
0.6634063365765532,1.5660585505919888,0.5412316531937172,-1.4096285353694902,0;0;-1.40962853537;0.541231653194;2.4197803442;0;0;-0.11891169188;-0.375723492071;0;0;0,55201.148403417086,0.006,1103,0.0001,29.03621737619698,,0.0010677929526014336,0.3788850000000821,ok,same_stridge_core,Hx;D_x^1.566059 H;Hxxx;H*Hxx;H*Hxxx,0.04733333333333337,1.4356431744884384
0.6941172110766921,1.2774556033166853,0.22614272425462512,-1.3730577029686792,0;0;-1.37305770297;0.226142724255;0;0;0;-0.050860182482;-0.127447050149;0;0;0,60431.4341952477,0.006,1104,0.0001,25.219370552905097,,0.0005706784965195392,0.388081800000009,ok,same_stridge_core,Hx;D_x^1.277456 H;H*Hxx;H*Hxxx,0.029359200779727097,1.0467968748060161
0.6639779164815407,1.6791362190652168,0.5650583177579441,-1.3360808010225038,0;0;-1.33608080102;0.565058317758;3.6673338528;0;0;-0.104383233973;-0.515626032832;0;0;0,53126.40907388893,0.006,1105,0.0001,28.12560103826733,,0.0013001215797749806,0.4023469999999634,ok,same_stridge_core,Hx;D_x^1.679136 H;Hxxx;H*Hxx;H*Hxxx,0.024,1.5623965013228642
0.7133009242248028,1.5472231245773282,0.4348300702136268,-1.2516562748339397,0;0;-1.25165627483;0.434830070214;0.656781558027;0;0;-0.068187887015;-0.116577857125;0;0;0,55645.44489051543,0.006,1106,0.0001,28.74265220786836,,0.0004272611906877348,0.4028048000000126,ok,same_stridge_core,Hx;D_x^1.547223 H;Hxxx;H*Hxx;H*Hxxx,0.018000000000000002,0.9199297626106471
0.6817718080456812,1.0925974905500375,0.07406949882911137,-1.3194960435769234,0;0;-1.31949604358;0.0740694988291;0;0;0;0;-0.0914799685421;0;0;0,62131.26767337297,0.006,1107,0.0001,20.02428672405233,,0.0010316694672485522,0.3812675000001491,ok,same_stridge_core,Hx;D_x^1.092597 H;H*Hxxx,0.042620400775694865,1.3849064220404355
0.6753348206569069,1.1102824527226796,0.0,-1.2358230077126402,0;0;-1.23582300771;0;0;0;0;0;0;0;0;0,62006.113633050925,0.006,1108,0.0001,8.359161292007876,,0.0023911033747768774,0.274006399999962,ok,same_stridge_core,Hx,0.15000000000000005,2.158549928702783
0.701015160057793,1.5623374527355671,0.48257683368782023,-1.290768152494911,0;0;-1.29076815249;0.482576833688;2.66514028436;0;0;-0.0822752820595;-0.690924406593;0;0;0.039699101137,55289.07919498827,0.006,1109,0.0001,34.15831029893521,,0.0004988376549986216,0.1454871999999341,ok,same_stridge_core,Hx;D_x^1.562337 H;Hxxx;H*Hxx;H*Hxxx;H^2*Hxxx,0.012,0.9848627819422503
0.8629395688372794,1.3399990384698004,0.0,-0.7606371646977782,0;0;-0.760637164698;0;0;0;0;0.0917258754934;0;0;0;0,59612.03903297728,0.006,1110,0.0001,13.762370067129389,,0.0017235449380296288,0.3701629999998204,ok,same_stridge_core,Hx;H*Hxx,0.048017857142857126,1.839962260533933
0.7223005040716871,1.6271300468557288,0.2239537689032749,-1.1408174505975812,0;0;-1.1408174506;0.223953768903;0;0;0;0;0;0;0;0,53834.62950677932,0.006,1111,0.0001,11.852754172276544,,0.0006227377559016957,0.38807139999994433,ok,same_stridge_core,Hx;D_x^1.62713 H,0.047999999999999994,1.0858282709206801
0.6752762386546158,1.6912286802613095,0.5626495151974313,-1.2963158378954829,0;0;-1.2963158379;0.562649515197;3.33826634012;0;0;-0.0951454477337;-0.463365326722;0;0;0,53096.55387129786,0.006,1112,0.0001,27.95289385680183,,0.0010482706419734796,0.1434154999999464,ok,same_stridge_core,Hx;D_x^1.691229 H;Hxxx;H*Hxx;H*Hxxx,0.018000000000000002,1.404616921152896
0.6808685437509873,1.8827084598537962,0.15954033815403382,-1.1993198314838884,0;0;-1.19931983148;0.159540338154;3.40632781379;0;0;0;-0.477537653601;0;0;0,62751.685342594865,0.006,1113,0.0001,26.661340630750924,,0.0013255595310267137,0.38424220000001696,ok,same_stridge_core,Hx;D_x^1.882708 H;Hxxx;H*Hxxx,0.03,1.5606664937129757
0.6649113862134912,1.8373348667272553,0.0,-1.2648541249122656,0;0;-1.26485412491;0;0;0;0;0;0;0;0;0,59882.18116045236,0.006,1114,0.0001,8.205797767300764,,0.002552969871354122,0.13797380000005433,ok,same_stridge_core,Hx,0.024,2.217579651255528
0.6897075374345438,1.6356946318027183,0.16764484695180232,-1.2176489669882238,0;0;-1.21764896699;0.167644846952;0;0;0;0;0;0;0;0,53672.48193600877,0.006,1115,0.0001,12.218749618001404,,0.0011887972617149383,0.27237080000008973,ok,same_stridge_core,Hx;D_x^1.635695 H,0.09810000000000003,1.4842532307996479
0.6951391764417237,1.4065725241458877,0.13744811178944427,-1.2394248195527588,0;0;-1.23942481955;0.137448111789;-0.101762667765;0;0;0;0;0;0;0,58559.65294203282,0.006,1116,0.0001,18.85028390955112,,0.0008815006857641963,0.3831307000000379,ok,same_stridge_core,Hx;D_x^1.406573 H;Hxxx,0.036,1.2823880269412709
0.6729413844558209,1.5924540866086319,0.5331740518536758,-1.3598114397268941,0;0;-1.35981143973;0.533174051854;2.41805725386;0;0;-0.106709834686;-0.361292571436;0;0;0,54583.50950054753,0.006,1117,0.0001,28.62411015947911,,0.0009218349380098334,0.3939016999997875,ok,same_stridge_core,Hx;D_x^1.592454 H;Hxxx;H*Hxx;H*Hxxx,0.036,1.3323554092053445
0.5570571065679447,1.724917951968404,0.5206773721601861,-1.6765131459533846,0;0;-1.67651314595;0.52067737216;0;0;0;-0.14478629486;0;0;0;0,53442.667925622765,0.006,1118,0.0001,20.53151710345399,,0.01070513335565813,0.4079610000001139,ok,same_stridge_core,Hx;D_x^1.724918 H;H*Hxx,0.11600000000000005,4.4987167257671565
0.6796551958465202,1.1079656409010774,0.07565449723644489,-1.322255084928934,0;0;-1.32225508493;0.0756544972364;0;0;0;0;-0.08587378952;0;0;0,62022.89335679027,0.006,1119,0.0001,20.01614991736195,,0.0010719076714096711,0.3048384999999598,ok,same_stridge_core,Hx;D_x^1.107966 H;H*Hxxx,0.036,1.4092819103248693
0.5257365088555207,1.5592554339676277,3.1841093011624237,-1.1174962058456528,0;0;-1.11749620585;3.18410930116;-6.36943253633;0;-0.66781952878;-1.76279689289;-2.48443072942;0.0540298754537;0.110024294206;0.36546607993,55361.896725768886,0.006,1120,0.0001,52.55698713638067,,0.00392341349885613,0.42999460000010004,ok,same_stridge_core,Hx;D_x^1.559255 H;Hxxx;H*Hx;H*Hxx;H*Hxxx;H^2*Hx;H^2*Hxx;H^2*Hxxx,0.018000000000000002,2.7312800831886666
0.7503548185026165,1.4255398746015686,0.2017758564308614,-1.1135508267699292,0;0;-1.11355082677;0.201775856431;0;0;0;0;0;0;0;0,58221.69500481425,0.006,1121,0.0001,12.70270927410125,,0.0005740989603302152,0.28252259999999296,ok,same_stridge_core,Hx;D_x^1.42554 H,0.02345403294950663,1.0583702731383986
0.6691543361190438,1.8600493711871098,0.11175306536935932,-1.2333051855969164,0;0;-1.2333051856;0.111753065369;3.74703548957;0;0;0;-0.530318398683;0;0;0,61456.19002675424,0.006,1122,0.0001,26.30259337408152,,0.0016140480159911013,0.3781333000001723,ok,same_stridge_core,Hx;D_x^1.860049 H;Hxxx;H*Hxxx,0.024,1.7201173633798248
0.7003465307503023,1.4058613013359245,0.14526664987131155,-1.2244513097745766,0;0;-1.22445130977;0.145266649871;0;0;0;0;0;0;0;0,58571.984060797884,0.006,1123,0.0001,12.938668202765868,,0.0007951507526141384,0.41126359999998385,ok,same_stridge_core,Hx;D_x^1.405861 H,0.07395000000000002,1.2242713906062896
0.6942582582944956,1.7620448773300175,0.2028060808752487,-1.1917376218433646,0;0;-1.19173762184;0.202806080875;0;0;0;0;0;0;0;0,54753.60951128297,0.006,1124,0.0001,12.4420023411398,,0.001197534292539715,0.3741520999999466,ok,same_stridge_core,Hx;D_x^1.762045 H,0.03524357413696722,1.4912804388832057
0.727943056367359,1.282429932402974,0.1428695924990389,-1.1820483623296083,0;0;-1.18204836233;0.142869592499;0;0;0;0;0;0;0;0,60371.629033405065,0.006,1125,0.0001,13.24895023110046,,0.000698349782157615,0.3740041000000929,ok,same_stridge_core,Hx;D_x^1.28243 H,0.03,1.174624424419447
0.6311067758224632,1.520727394321401,0.6976178702839857,-1.611927438402621,0;0;-1.6119274384;0.697617870284;-0.500065612237;0;0;-0.18097571819;0;0;0;0,56259.083486940144,0.006,1126,0.0001,24.5705811895101,,0.002145127221538537,0.37494949999995697,ok,same_stridge_core,Hx;D_x^1.520727 H;Hxxx;H*Hxx,0.05306452991100608,2.0669477947340424
0.7008771708764452,1.656553252187789,0.19301718135121732,-1.1877094686800411,0;0;-1.18770946868;0.193017181351;0;0;0;0;0;0;0;0,53340.85854874313,0.006,1127,0.0001,12.00440923477529,,0.0009591344762357036,0.36878790000014305,ok,same_stridge_core,Hx;D_x^1.656553 H,0.09900000000000003,1.3362375250266645
0.6500143331032916,1.5067808106586118,0.6231518068860445,-1.5396249676037577,0;0;-1.5396249676;0.623151806886;-0.497131177317;0;0;-0.154340214947;0;0;0;0,56572.73733889934,0.006,1128,0.0001,24.295815414217564,,0.0013882894762893235,0.38538710000011633,ok,same_stridge_core,Hx;D_x^1.506781 H;Hxxx;H*Hxx,0.024,1.6667204786578282
0.6448022325592505,1.5912860103128283,0.8248910227963356,-1.5267415745701032,0;0;-1.52674157457;0.824891022796;0.294604172207;0;0;-0.49737797684;0;0;0.0378654452286;0,54610.37542636988,0.006,1129,0.0001,28.96145718516227,,0.0013537797111916024,0.38114980000000287,ok,same_stridge_core,Hx;D_x^1.591286 H;Hxxx;H*Hxx;H^2*Hxx,0.02668571428571426,1.6562694719773332
0.6917508815056396,1.58192215885657,0.5366361304006741,-1.3167963833724476,0;0;-1.31679638337;0.536636130401;0;0;0;-0.0939380940038;0;0;0;0,54827.78250027631,0.006,1130,0.0001,17.631652912804263,,0.000703315064406448,0.2643937000000278,ok,same_stridge_core,Hx;D_x^1.581922 H;H*Hxx,0.05999999999999999,1.1833181627213658
0.8010180851942047,1.4333953440851053,0.0,-0.8972699287823311,0;0;-0.897269928782;0;0;0;0;0.0749180585342;0;0;0;0,58076.51310022864,0.006,1131,0.0001,13.056552156511735,,0.001050623785887068,0.394883899999968,ok,same_stridge_core,Hx;H*Hxx,0.036,1.4412495364660047
0.7335898604392501,1.4358725966828174,0.18777890555273974,-1.1472141133610674,0;0;-1.14721411336;0.187778905553;0;0;0;0;0;0;0;0,58030.088536946176,0.006,1132,0.0001,12.618674000078569,,0.0005287203617867122,0.28260009999985414,ok,same_stridge_core,Hx;D_x^1.435873 H,0.06449999999999997,1.0126562926893319
0.6957818359356467,1.3799448815975561,0.13324662381482694,-1.2433534648770432,0;0;-1.24335346488;0.133246623815;-0.14601421729;0;0;0;0;0;0;0,59004.820955296265,0.006,1133,0.0001,18.964824815650246,,0.0008550703976084102,0.38212350000003426,ok,same_stridge_core,Hx;D_x^1.379945 H;Hxxx,0.024,1.2633785290613675
0.6792346248216221,1.9401635193898878,0.1620512252619822,-1.2009600429699552,0;0;-1.20096004297;0.162051225262;3.53520920246;0;0;0;-0.500004136019;0;0;0,64440.19212435131,0.006,1134,0.0001,27.373439913402695,,0.0013885770354779632,0.2793354000000363,ok,same_stridge_core,Hx;D_x^1.940164 H;Hxxx;H*Hxxx,0.03,1.5973630636621678
0.6995569345989665,1.8014729145729893,0.226465791857853,-1.173582132436535,0;0;-1.17358213244;0.226465791858;0;0;0;0;0;0;0;0,57207.12746811444,0.006,1135,0.0001,12.883327231329327,,0.0011171765036906787,0.383809200000087,ok,same_stridge_core,Hx;D_x^1.801473 H,0.030631578947368416,1.4419017377064383
0.7513580034558887,1.7122758433934966,0.30506005738196496,-1.059305177648717,0;0;-1.05930517765;0.305060057382;0;0;0;0;0;0;0;0,53229.06022466598,0.006,1136,0.0001,11.630425169168545,,0.000497699869727622,0.36925750000000335,ok,same_stridge_core,Hx;D_x^1.712276 H,0.03541023116317232,0.9846131242353482
0.7151115514508611,1.6321864883463053,0.21309206841475237,-1.1569205696090548,0;0;-1.15692056961;0.213092068415;0;0;0;0;0;0;0;0,53737.38865632656,0.006,1137,0.0001,11.901781581041895,,0.0007085708177798577,0.3783842000000277,ok,same_stridge_core,Hx;D_x^1.632186 H,0.07786666666666668,1.1543038497765823
0.7112250342733071,1.6359505290851797,0.5320755468263246,-1.2321915652308577,0;0;-1.23219156523;0.532075546826;0;0;0;-0.0753851092575;0;0;0;0,53667.83572106424,0.006,1138,0.0001,17.138610505339972,,0.0005425881468275251,0.3836746999998013,ok,same_stridge_core,Hx;D_x^1.635951 H;H*Hxx,0.036,1.0382597890206993
0.6658343384277203,1.8192449451526933,0.0,-1.2537842378464523,0;0;-1.25378423785;0;4.14260664202;0;0;0;-0.630646710657;0;0;0,58527.132972761305,0.006,1139,0.0001,19.418932991251978,,0.0018531704060586764,0.37691369999993185,ok,same_stridge_core,Hx;Hxxx;H*Hxxx,0.036,1.8607930994235833
0.6811067983442314,1.6394450780144934,0.15152077100215133,-1.238506371999037,0;0;-1.238506372;0.151520771002;0;0;0;0;0;0;0;0,53605.642343741754,0.006,1140,0.0001,12.346381657746562,,0.001428640918611274,0.4002116000001479,ok,same_stridge_core,Hx;D_x^1.639445 H,0.08842857142857147,1.6252531889982125
0.5865892288833155,1.8177263208996928,0.0,-1.4550899069615253,0;0;-1.45508990696;0;6.03802286821;0;0;0;-0.797561707867;0;0;0,58412.545989339924,0.006,1141,0.0001,21.07585499111033,,0.0068788856604019835,0.3752442999998493,ok,same_stridge_core,Hx;Hxxx;H*Hxxx,0.08688000000000004,3.5520911943083506
0.6512176555708254,1.3391815630403214,0.42293628576834635,-1.6059499772611208,0;0;-1.60594997726;0.422936285768;0;0;0;-0.133507001257;-0.180120401607;0;0;0,59623.74604436309,0.006,1142,0.0001,25.127456106656044,,0.0008319265506278238,0.3899541999999201,ok,same_stridge_core,Hx;D_x^1.339182 H;H*Hxx;H*Hxxx,0.023995055555555544,1.277957688910808
0.707348941710102,1.4685614905788893,0.16507354033599095,-1.1994166868149032,0;0;-1.19941668681;0.165073540336;0;0;0;0;0;0;0;0,57388.672955108785,0.006,1143,0.0001,12.638891054068536,,0.000715483306471107,0.3879769000000124,ok,same_stridge_core,Hx;D_x^1.468561 H,0.047999999999999994,1.1611564630467783
0.689764356601537,1.6670290738367735,0.17318546433540472,-1.2138239755369507,0;0;-1.21382397554;0.173185464335;0;0;0;0;0;0;0;0,53218.92735678701,0.006,1144,0.0001,12.145663829335644,,0.001217111895564491,0.40455710000014733,ok,same_stridge_core,Hx;D_x^1.667029 H,0.07683376623376621,1.5018783579782422
0.6618731860383205,1.0776030615019354,0.06754930530284443,-1.346715981029528,0;0;-1.34671598103;0.0675493053028;0;0;0;0;0;0;0;0,62232.22211397074,0.006,1145,0.0001,14.245760057950204,,0.0016983214369033232,0.4111221000000569,ok,same_stridge_core,Hx;D_x^1.077603 H,0.03,1.7993156351560549
0.701854181410162,1.8210212411186018,0.23841308077711876,-1.1653515016982041,0;0;-1.1653515017;0.238413080777;0;0;0;0;0;0;0;0,58661.261873965814,0.006,1146,0.0001,13.156030597891695,,0.0010881725185793443,0.37714419999997517,ok,same_stridge_core,Hx;D_x^1.821021 H,0.03,1.4237782230985327
0.6689053648146601,1.2394736029922528,0.09249523161047028,-1.3169266654239917,0;0;-1.31692666542;0.0924952316105;0;0;0;0;0;0;0;0,60860.34651246683,0.006,1147,0.0001,13.834487966684561,,0.0014748449733843773,0.3755863999999747,ok,same_stridge_core,Hx;D_x^1.239474 H,0.030621986284392295,1.6624186641911944
0.6670918128312283,1.4346366687256704,0.5044838574839617,-1.510167609446291,0;0;-1.51016760945;0.504483857484;-0.771807473533;0;0;-0.128691586218;0;0;0;0,58053.28922156185,0.006,1148,0.0001,24.465014096028984,,0.0007714621256515204,0.3807435000001078,ok,same_stridge_core,Hx;D_x^1.434637 H;Hxxx;H*Hxx,0.029949624060150375,1.2436984074042428
0.6294544587486155,1.844910627479309,0.0,-1.4309765492522832,-0.0360269408367;0;-1.43097654925;0;2.63442329404;0;0;-0.0425108563226;-0.537250503665;0;0;0,60430.01355077947,0.006,1149,0.0001,32.53674758395667,,0.0028285094112364597,0.3829570000000331,ok,same_stridge_core,1;Hx;Hxxx;H*Hxx;H*Hxxx,0.029428571428571398,2.3217408085669335
0.7321595397905676,1.3148949549631914,0.15454220020834206,-1.1690218102299381,0;0;-1.16902181023;0.154542200208;0;0;0;0;0;0;0;0,59959.07604688576,0.006,1150,0.0001,13.127374511288988,,0.0006551902174002791,0.4130367000000206,ok,same_stridge_core,Hx;D_x^1.314895 H,0.024,1.1355593019118349
0.6513987306456873,1.3312651899257801,0.4122445662637743,-1.6059468202667067,0;0;-1.60594682027;0.412244566264;0;0;0;-0.131336856237;-0.183537962363;0;0;0,59735.67496089504,0.006,1151,0.0001,25.164784330300325,,0.00082352497315048,0.398083300000053,ok,same_stridge_core,Hx;D_x^1.331265 H;H*Hxx;H*Hxxx,0.02461875109639816,1.2705143459423072
0.7472893897160765,1.8073534834792708,0.6174888183574009,-1.0725308622797456,0;0;-1.07253086228;0.617488818357;0;0;0;-0.0486978952298;0;0;0;0,57636.81520790902,0.006,1152,0.0001,18.265970624135782,,0.0004775117713761619,0.28172079999990274,ok,same_stridge_core,Hx;D_x^1.807353 H;H*Hxx,0.012,0.974926061763073
0.7263077306129015,1.3083959525610982,0.14839802331540855,-1.1822444556170921,0;0;-1.18224445562;0.148398023315;0;0;0;0;0;0;0;0,60044.84081236961,0.006,1153,0.0001,13.1413832417852,,0.0006522870420248001,0.4105811999997968,ok,same_stridge_core,Hx;D_x^1.308396 H,0.018000000000000002,1.1324150793112766
0.6630095036481247,1.3422183360420565,0.0970425714915073,-1.3176177186233733,0;0;-1.31761771862;0.0970425714915;0;0;0;0;0;0;0;0,59580.11866295479,0.006,1154,0.0001,13.72252145799423,,0.0017641251950926066,0.1408334999998715,ok,same_stridge_core,Hx;D_x^1.342218 H,0.06599999999999999,1.806497725403272
0.691084701112201,1.3717117337706495,0.12976917657012435,-1.2499854327960074,0;0;-1.2499854328;0.12976917657;0;0;0;0;0;0;0;0,59135.770880642565,0.006,1155,0.0001,13.162340698677749,,0.0009496938569667112,0.38366869999981645,ok,same_stridge_core,Hx;D_x^1.371712 H,0.084,1.3351865225492354
0.6948927904553179,1.5340283543027704,0.15964037351850305,-1.2183480253853955,0;0;-1.21834802539;0.159640373519;0;0;0;0;0;0;0;0,55953.471675374,0.006,1156,0.0001,12.538195737605951,,0.0009762269537699531,0.40464970000016365,ok,same_stridge_core,Hx;D_x^1.534028 H,0.08306666666666669,1.3475014025311514
0.6792979143360396,1.487804206263891,0.5084066988421224,-1.423880577854187,0;0;-1.42388057785;0.508406698842;-0.463596819553;0;0;-0.112439247369;0;0;0;0,56986.371699714255,0.006,1157,0.0001,23.979687232493866,,0.0007006484408246828,0.3956978999999592,ok,same_stridge_core,Hx;D_x^1.487804 H;Hxxx;H*Hxx,0.084,1.1851385526081621
0.7022298420475253,1.7699034532232567,0.2241014937270021,-1.170305567820482,0;0;-1.17030556782;0.224101493727;0;0;0;0;0;0;0;0,55165.30961643617,0.006,1158,0.0001,12.421088512550048,,0.0010343790633325063,0.3756502000001092,ok,same_stridge_core,Hx;D_x^1.769903 H,0.15000000000000005,1.3880265892628125
0.642343026139781,1.5925757372757676,0.8397179356521663,-1.5367827099399543,0;0;-1.53678270994;0.839717935652;0.312299908243;0;0;-0.514096188074;0;0;0.0393500979536;0,54580.71795209763,0.006,1159,0.0001,28.98286079489236,,0.0014133010326500197,0.39121270000009645,ok,same_stridge_core,Hx;D_x^1.592576 H;Hxxx;H*Hxx;H^2*Hxx,0.021395604395604395,1.6925018188435461
0.7034047524474782,1.0405523040268447,0.07083146516381138,-1.277230889196262,0;0;-1.2772308892;0.0708314651638;0;0;0;0;-0.123113185842;0;0;0,62462.534950988644,0.006,1160,0.0001,20.02563392025812,,0.0008575702270195495,0.38091030000009596,ok,same_stridge_core,Hx;D_x^1.040552 H;H*Hxxx,0.018000000000000002,1.286873434961526
0.6372621819779922,1.839453714720083,0.0,-1.5518927554608433,0;0;-1.55189275546;0;1.48296492605;0;0.049355684136;-0.413807065207;0.0720215521985;0;0.0535648880389;0,60037.16818086908,0.006,1161,0.0001,38.00790402473419,,0.002073583003934948,0.37590739999996003,ok,same_stridge_core,Hx;Hxxx;H*Hx;H*Hxx;H*Hxxx;H^2*Hxx,0.018000000000000002,1.9856031162127346
0.66442228072941,1.5079599019484364,0.5738342098578849,-1.4754190532753646,0;0;-1.47541905328;0.573834209858;-0.434300541529;0;0;-0.13326999776;0;0;0;0,56546.51891455419,0.006,1162,0.0001,24.048735478979935,,0.001021186240525308,0.38327189999995426,ok,same_stridge_core,Hx;D_x^1.50796 H;Hxxx;H*Hxx,0.018000000000000002,1.4301279131582607
0.6626473974018388,1.395152140242422,0.4531839440355223,-1.5330235950186357,0;0;-1.53302359502;0.453183944036;0;0;0;-0.12567208795;-0.135692779971;0;0;0,58754.699047906426,0.006,1163,0.0001,24.71248840083344,,0.0007420588516548932,0.2883613999999852,ok,same_stridge_core,Hx;D_x^1.395152 H;H*Hxx;H*Hxxx,0.029367161521296852,1.210608781670867
0.665202157344508,1.8403370995179695,0.0,-1.264037495385336,0;0;-1.26403749539;0;0;0;0;0;0;0;0;0,60101.41002420688,0.006,1164,0.0001,8.22553027909472,,0.0025470975442827386,0.37115989999983867,ok,same_stridge_core,Hx,0.024,2.215389276674032
0.6753550811623394,1.4241951606666081,0.4646576944415372,-1.475091654964591,0;0;-1.47509165496;0.464657694442;-0.763637181413;0;0;-0.114790346179;0;0;0;0,58246.23993477841,0.006,1165,0.0001,24.431814695248065,,0.0006437962284883737,0.3803381000000172,ok,same_stridge_core,Hx;D_x^1.424195 H;Hxxx;H*Hxx,0.027690000000000003,1.1333187213366986
0.6072473990447037,1.872820347203152,0.0,-1.4347147288580862,0;0;-1.43471472886;0;0;0;0;0;0;0;0;0,62226.720576308886,0.006,1166,0.0001,9.446459874010245,,0.005633752312707627,0.38659419999999045,ok,same_stridge_core,Hx,0.15000000000000005,3.2237878163793567
0.6893446454288228,1.8050186188388728,0.0,-1.197583265019226,0;0;-1.19758326502;0;0;0;0;0;0;0;0;0,57465.0477948869,0.006,1167,0.0001,7.8866905415803625,,0.002319146842208058,0.3891323000000284,ok,same_stridge_core,Hx,0.042952380952380985,2.1401857620916727
0.6733351164485019,1.5225504587901226,0.5541285480249555,-1.4278735041717823,0;0;-1.42787350417;0.554128548025;-0.340034686024;0;0;-0.120299786424;0;0;0;0,56217.54191286728,0.006,1168,0.0001,23.81391800836498,,0.000880168931035535,0.3966131999998197,ok,same_stridge_core,Hx;D_x^1.52255 H;Hxxx;H*Hxx,0.08258095238095238,1.3269012432180678
0.7228897246072826,1.147473983151868,0.09823280114038925,-1.2256959822791162,0;0;-1.22569598228;0.0982328011404;0;0;0;0;-0.106340006677;0;0;0,61720.08440427561,0.006,1169,0.0001,19.7254849167388,,0.0007515888306912785,0.4079568999998173,ok,same_stridge_core,Hx;D_x^1.147474 H;H*Hxxx,0.024,1.209459595456118
0.7106181987853017,1.2303803560584519,0.11873889652611853,-1.2246969500435687,0;0;-1.22469695004;0.118738896526;0;0;0;0;0;0;0;0,60956.10729815608,0.006,1170,0.0001,13.43347309729427,,0.0007819634685250278,0.27058579999993526,ok,same_stridge_core,Hx;D_x^1.23038 H,0.05999999999999999,1.2422516376630532
0.6195856068155517,1.6280552500134162,1.0395645587071531,-1.6145019870935666,0;0;-1.61450198709;1.03956455871;0.63568085943;0;0;-0.706922372689;0;0;0.0570056477564;0,53816.53042848856,0.006,1171,0.0001,29.003417537672178,,0.002164614998678551,0.39076070000010077,ok,same_stridge_core,Hx;D_x^1.628055 H;Hxxx;H*Hxx;H^2*Hxx,0.024,2.095152323427901
0.5212642270951611,1.1523076503996879,0.9159443729045161,-2.7937646659013415,0.108290331616;0;-2.7937646659;0.915944372905;-5.01937400686;0;0;-0.370273352076;0.0718998007152;0;0;0,61680.513697548195,0.006,1172,0.0001,39.531222967142135,,0.003124761610399067,0.39282920000005106,ok,same_stridge_core,1;Hx;D_x^1.152308 H;Hxxx;H*Hxx;H*Hxxx,0.0652,2.522914748613221
0.7112286412108942,1.311215042616227,0.1294479402819414,-1.2235729651982545,0;0;-1.2235729652;0.129447940282;0;0;0;0;-0.0517876171335;0;0;0,60007.839725237616,0.006,1173,0.0001,19.09617062165526,,0.0006323527551504851,0.2821553999999651,ok,same_stridge_core,Hx;D_x^1.311215 H;H*Hxxx,0.03,1.0938187040839773
0.721564997260215,1.9011595726570265,0.0,-1.095378870251344,0.0652851484828;-0.0162487437439;-1.09537887025;0;4.52245094997;0;0;0;-1.10039950827;0;0;0.0653086491003,63547.79043670153,0.006,1174,0.0001,39.07397623822955,,0.0004596761840790853,0.3800006999999823,ok,same_stridge_core,1;H;Hx;Hxxx;H*Hxxx;H^2*Hxxx,0.006,0.9453019762086265
0.6497195493368103,1.3836413632068276,0.4849393580168986,-1.6043437915079857,0;0;-1.60434379151;0.484939358017;0;0;0;-0.145403957507;-0.159649663496;0;0;0,58945.017139296804,0.006,1175,0.0001,24.925527153258827,,0.0009171444508154747,0.3993321000000378,ok,same_stridge_core,Hx;D_x^1.383641 H;H*Hxx;H*Hxxx,0.0184994082032364,1.347520297540104
0.6601512367578111,1.551776679538482,0.5622375036894853,-1.4398408511382754,0;0;-1.43984085114;0.562237503689;4.41674992118;0;0;-0.126262312309;-1.07251951469;0;0;0.0552031122897,55538.34245439878,0.006,1176,0.0001,34.76961971316616,,0.0010919160705783026,0.13697450000017852,ok,same_stridge_core,Hx;D_x^1.551777 H;Hxxx;H*Hxx;H*Hxxx;H^2*Hxxx,0.024,1.4466142405268865
0.712620091561116,1.5346864601816959,0.42634298170133766,-1.25920967484318,0;0;-1.25920967484;0.426342981701;0.554696913347;0;0;-0.0682413199795;-0.107080751412;0;0;0,55938.20918838357,0.006,1177,0.0001,28.888497342207494,,0.00042694336633437467,0.3833200999999917,ok,same_stridge_core,Hx;D_x^1.534686 H;Hxxx;H*Hxx;H*Hxxx,0.018000000000000002,0.9193927480157087
0.7404252427885829,1.354276969624817,0.17194486028243938,-1.1460265149874123,0;0;-1.14602651499;0.171944860282;0;0;0;0;0;0;0;0,59403.02144901977,0.006,1178,0.0001,12.987434257495845,,0.0006248250081579299,0.27621509999994487,ok,same_stridge_core,Hx;D_x^1.354277 H,0.01857142857142857,1.106829967691891
0.6796551958465202,1.3361198301218289,0.11332184626736948,-1.2804862647855553,0;0;-1.28048626479;0.113321846267;0;0;0;0;0;0;0;0,59667.34319110941,0.006,1179,0.0001,13.432156541821065,,0.0012025241566332224,0.27833800000007614,ok,same_stridge_core,Hx;D_x^1.33612 H,0.03,1.4986879035991836
0.6493658247322953,1.8881075191503187,0.03047348940499178,-1.2900025173028173,0;0;-1.2900025173;0.030473489405;4.42937829323;0;0;0;-0.639090907236;0;0;0,63009.867484469854,0.006,1180,0.0001,27.2419958734021,,0.0022683289840433433,0.37591089999978067,ok,same_stridge_core,Hx;D_x^1.888108 H;Hxxx;H*Hxxx,0.036,2.038048879614157
0.6639941852735052,1.542749150928197,0.0,-1.2674326475482103,0;0;-1.26743264755;0;0;0;0;0;0;0;0;0,55750.32573564367,0.006,1181,0.0001,7.799726898749502,,0.002572022545894371,0.38617229999999836,ok,same_stridge_core,Hx,0.11900000000000004,2.2246943251851343
0.6514607809064723,1.3374255594360234,0.4198764096515204,-1.6048350349315084,0;0;-1.60483503493;0.419876409652;0;0;0;-0.132681352776;-0.18054513559;0;0;0,59648.79774433227,0.006,1182,0.0001,25.133569899928634,,0.0008272011296756853,0.39523989999997866,ok,same_stridge_core,Hx;D_x^1.337426 H;H*Hxx;H*Hxxx,0.024,1.2740508021957273
0.6719798756631856,1.583513774104542,0.1279391245449176,-1.2671882168062343,0;0;-1.26718821681;0.127939124545;0;0;0;0;0;0;0;0,54790.609275702634,0.006,1183,0.0001,12.713966287400659,,0.0016707023118023988,0.3670657999998639,ok,same_stridge_core,Hx;D_x^1.583514 H,0.09937142857142862,1.7558444322601314
0.6514960169059572,1.2305689125565253,0.07879779718067784,-1.3583399789526116,0;0;-1.35833997895;0.0787977971807;0;0;0;0;0;0;0;0,60954.14806657122,0.006,1184,0.0001,14.195176480597254,,0.002166820448382979,0.3868168000001333,ok,same_stridge_core,Hx;D_x^1.230569 H,0.041999999999999996,2.0043468672830103
0.6408419463491405,1.7570399235568301,0.541917526022605,-1.3638354343652928,0;0;-1.36383543437;0.541917526023;5.19495750882;0;0;-0.102281028206;-0.731149579033;0;0;0,54515.203606406176,0.006,1185,0.0001,29.29996144374178,,0.0022656563926049616,0.37231599999995524,ok,same_stridge_core,Hx;D_x^1.75704 H;Hxxx;H*Hxx;H*Hxxx,0.04772642857142857,2.0423596405386935
0.734310217944936,1.6813661695696527,0.26211392358898494,-1.1041778120459342,0;0;-1.10417781205;0.262113923589;0;0;0;0;0;0;0;0,53115.85544339566,0.006,1186,0.0001,11.653629265132132,,0.0005548037912249785,0.37702889999991385,ok,same_stridge_core,Hx;D_x^1.681366 H,0.03,1.0304581764529983
0.6678603795103071,1.811305408683133,0.0,-1.2489474037696955,0;0;-1.24894740377;0;4.09880873286;0;0;0;-0.626811630921;0;0;0,57930.37718724181,0.006,1187,0.0001,19.224451266885602,,0.001817794978869078,0.39659259999984897,ok,same_stridge_core,Hx;Hxxx;H*Hxxx,0.036,1.8453381107130593
0.74952171277709,1.585029135794419,0.41023715165116653,-1.126915685961888,0;0;-1.12691568596;0.410237151651;0;0;0;-0.0395129267878;0;0;0;0,54755.29026714046,0.006,1188,0.0001,17.33108993587805,,0.0004124384312169266,0.27483769999980723,ok,same_stridge_core,Hx;D_x^1.585029 H;H*Hxx,0.012,0.9045028557359122
0.7384861811758703,1.262292084549147,0.1442043033020717,-1.1621480546925615,0;0;-1.16214805469;0.144204303302;0;0;0;0;0;0;0;0,60608.43987338979,0.006,1189,0.0001,13.385302180140627,,0.0008059587277523832,0.3906603999998879,ok,same_stridge_core,Hx;D_x^1.262292 H,0.024,1.2636142054626684
0.6917508815056396,1.7434081552743528,0.1925638199074319,-1.200243040932673,0;0;-1.20024304093;0.192563819907;0;0;0;0;0;0;0;0,53963.371321951825,0.006,1190,0.0001,12.309367187948457,,0.0012398336434268325,0.27680689999988317,ok,same_stridge_core,Hx;D_x^1.743408 H,0.035411764705882344,1.5166929235580917
0.6308428788186246,1.277582539630338,0.40915711172738317,-1.7295825693093778,0;0;-1.72958256931;0.409157111727;0;0;0;-0.153300536388;-0.248277039574;0;0;0,60429.91994024239,0.006,1191,0.0001,25.64253640217313,,0.0011034481638751432,0.3841793999999936,ok,same_stridge_core,Hx;D_x^1.277583 H;H*Hxx;H*Hxxx,0.03722135536421249,1.4705684260761689
0.6943969577528917,1.1339813603465208,0.0850782700143473,-1.2870553966242384,0;0;-1.28705539662;0.0850782700143;0;0;0;0;-0.090336381248;0;0;0,61827.56076937884,0.006,1192,0.0001,19.801403981699185,,0.000834791823595278,0.15346530000010716,ok,same_stridge_core,Hx;D_x^1.133981 H;H*Hxxx,0.031164859534784338,1.253135750885529
0.7468389110328374,1.4030796253635613,0.19168720113485574,-1.1247651994182715,0;0;-1.12476519942;0.191687201135;0;0;0;0;0;0;0;0,58619.972741704434,0.006,1193,0.0001,12.792895417434826,,0.0005849508613273149,0.3892097999998896,ok,same_stridge_core,Hx;D_x^1.40308 H,0.019077728234150795,1.0689008690939399
0.6023875209173838,1.0120733763055054,0.23007186515461886,-1.9325054544433256,0;0;-1.93250545444;0.230071865155;-3.3169847458;0;0;-0.136940598027;-0.000167564746064;0;0;0,62622.20886101125,0.006,1194,0.0001,33.30102913379775,,0.002018550089177434,0.40658730000018295,ok,same_stridge_core,Hx;D_x^1.012073 H;Hxxx;H*Hxx;H*Hxxx,0.047999999999999994,1.9899247032921226
0.6265877077327578,1.5119235058023586,0.7112694426858621,-1.6417064337308869,0;0;-1.64170643373;0.711269442686;-0.569681295436;0;0;-0.189636121655;0;0;0;0,56457.968585858995,0.006,1195,0.0001,24.71582775728176,,0.0022802647389825034,0.38682489999996506,ok,same_stridge_core,Hx;D_x^1.511924 H;Hxxx;H*Hxx,0.06676923076923082,2.132640322938161
0.6072473990447037,1.7372701617969755,1.1425508523804895,-1.6028845815403427,0;0;-1.60288458154;1.14255085238;0;0;0;-0.753709046348;0;0;0.0626979526512;0,53761.847078395665,0.006,1196,0.0001,24.151072122910236,,0.003585270437439948,0.29286260000003494,ok,same_stridge_core,Hx;D_x^1.73727 H;H*Hxx;H^2*Hxx,0.036,2.646333291551969
0.6893446454288228,1.3329827674774801,0.12215585244111478,-1.2592054621923805,0;0;-1.25920546219;0.122155852441;0;0;0;0;0;0;0;0,59711.60992229638,0.006,1197,0.0001,13.295693106133474,,0.0009721654543182627,0.28708480000000236,ok,same_stridge_core,Hx;D_x^1.332983 H,0.018000000000000002,1.3533711216741968
0.6805150667445861,1.5731518598831056,0.558703655954114,-1.360036087141778,0;0;-1.36003608714;0.558703655954;0;0;0;-0.105943980336;0;0;0;0,55033.73470245662,0.006,1198,0.0001,17.833296584627185,,0.0008804468349724962,0.37266509999994923,ok,same_stridge_core,Hx;D_x^1.573152 H;H*Hxx,0.072,1.3231761738901962
0.7002524803520696,1.6809878956240376,0.19723445341397397,-1.1861257102297702,0;0;-1.18612571023;0.197234453414;0;0;0;0;0;0;0;0,53117.49312065049,0.006,1199,0.0001,11.98302473679163,,0.000993293518094391,0.37622689999989234,ok,same_stridge_core,Hx;D_x^1.680988 H,0.08848571428571433,1.3595261126615314
0.70311244186118,1.8502981494474502,0.0,-1.1608620225954445,0;0;-1.1608620226;0;0;0;0;0;0;0;0;0,60807.1380627231,0.006,1200,0.0001,8.263575960355274,,0.0023910529813367626,0.3937945000000127,ok,same_stridge_core,Hx,0.02931384956441715,2.1828621540829642
0.6584167129769973,1.3956439457409082,0.468700219835662,-1.5547749500290018,0;0;-1.55477495003;0.468700219836;0;0;0;-0.132778989275;-0.141108739231;0;0;0,58746.42692687537,0.006,1201,0.0001,24.757636025761613,,0.0008013741340637928,0.38770399999998517,ok,same_stridge_core,Hx;D_x^1.395644 H;H*Hxx;H*Hxxx,0.04715092592592593,1.259065255011464
0.6120895900473973,1.78405502349143,0.46728086396651025,-1.4380914979984731,0;0;-1.438091498;0.467280863967;6.53353763772;0;0;-0.105081504982;-0.935384607082;0;0;0,56012.77791723725,0.006,1202,0.0001,30.649710310143163,,0.0038100090380182314,0.3826147999998284,ok,same_stridge_core,Hx;D_x^1.784055 H;Hxxx;H*Hxx;H*Hxxx,0.041999999999999996,2.6433213515245373
0.6128635657105459,1.7792175609519119,0.0,-1.3856663667647247,0;0;-1.38566636676;0;5.36908359515;0;0;0;-0.738447587557;0;0;0,55708.80706878625,0.006,1203,0.0001,19.509992082018066,,0.004289087850630987,0.385332900000094,ok,same_stridge_core,Hx;Hxxx;H*Hxxx,0.06757118437118438,2.797349961382188
0.6723378203927203,1.8373348667272553,0.0,-1.238311153697004,0;0;-1.2383111537;0;4.00280710056;0;0;0;-0.618409061917;0;0;0,59882.18116045236,0.006,1204,0.0001,19.78183221359194,,0.0017520190200569924,0.14860799999996743,ok,same_stridge_core,Hx;Hxxx;H*Hxxx,0.024,1.8171778654562292
0.6364600873785027,1.6938017785735526,0.6084135127772009,-1.4316338648987756,0;0;-1.4316338649;0.608413512777;0.100322159903;0;0;-0.117164407956;0;0;0;0,53099.39210908687,0.006,1205,0.0001,23.61652034852451,,0.0029641934613655265,0.389324600000009,ok,same_stridge_core,Hx;D_x^1.693802 H;Hxxx;H*Hxx,0.04905882352941174,2.3767635048897624
0.7837502292775397,1.1794836505740962,0.0,-0.9382650687751763,0;0;-0.938265068775;0;0;0;0;0.0694101352071;0;0;0;0,61447.12695256618,0.006,1206,0.0001,13.643105222264717,,0.0009289402777125467,0.408866400000079,ok,same_stridge_core,Hx;H*Hxx,0.023328995977054647,1.353679831751482
0.6244087083168212,1.2309407465472901,0.36729957814443787,-1.7666952999100598,0;0;-1.76669529991;0.367299578144;0;0;0;-0.15079009488;-0.282702468581;0;0;0,60950.279334512285,0.006,1207,0.0001,25.92244716996154,,0.0012167733955072166,0.15823150000005626,ok,same_stridge_core,Hx;D_x^1.230941 H;H*Hxx;H*Hxxx,0.049389772727272706,1.5423354361566237
0.7504195329542287,1.1243506344736145,0.0,-1.018763668646354,0;0;-1.01876366865;0;0.0524471803624;0;0;0.0581903313186;0;0;0;0,61901.66003169936,0.006,1208,0.0001,19.84812752482558,,0.0008411513686813915,0.40243169999985184,ok,same_stridge_core,Hx;Hxxx;H*Hxx,0.024,1.277629515315769
0.6659409555734553,1.2548547015875733,0.09197175447319816,-1.3219241360558711,0;0;-1.32192413606;0.0919717544732;0;0;0;0;0;0;0;0,60692.41196187561,0.006,1209,0.0001,13.857289661999376,,0.0015832169335582625,0.4040655000001152,ok,same_stridge_core,Hx;D_x^1.254855 H,0.041553048128342235,1.7188072696242538
0.6827447286709734,1.2991408773131043,0.10866394867781493,-1.2862152626897783,0;0;-1.28621526269;0.108663948678;-0.220197526483;0;0;0;0;0;0;0,60164.185760746266,0.006,1210,0.0001,19.470274560289774,,0.0010888310862746944,0.14079259999994065,ok,same_stridge_core,Hx;D_x^1.299141 H;Hxxx,0.018000000000000002,1.4210188320658954
0.6939772263556161,1.0784241307342843,0.0,-1.1851331240691831,0;0;-1.18513312407;0;0;0;0;0;0;0;0;0,62226.813215247195,0.006,1211,0.0001,8.37103205589618,,0.0023285931263142034,0.39020770000001903,ok,same_stridge_core,Hx,0.11880000000000003,2.148350734371461
0.7472893897160765,1.6938017785735526,0.289902951307173,-1.0719278479144725,0;0;-1.07192784791;0.289902951307;0;0;0;0;0;0;0;0,53099.39210908687,0.006,1212,0.0001,11.605869355836596,,0.0005009386847895649,0.03053300000010495,ok,same_stridge_core,Hx;D_x^1.693802 H,0.02346315789473684,0.9859909340192218
0.725087578485852,1.6231685644798037,0.22743219296717337,-1.1349590006723351,0;0;-1.13495900067;0.227432192967;0;0;0;0;0;0;0;0,53913.556666267905,0.006,1213,0.0001,11.844908292963554,,0.0005941476748145546,0.38895049999996445,ok,same_stridge_core,Hx;D_x^1.623169 H,0.048227678571428526,1.0621969597099719
0.7764950681031986,1.5547258798000267,0.27516867410406737,-1.03429880612102,0;0;-1.03429880612;0.275168674104;0;0;0;0;0;0;0;0,55468.82590093174,0.006,1214,0.0001,12.180193137424068,,0.0006044381968320858,0.2777147000001605,ok,same_stridge_core,Hx;D_x^1.554726 H,0.025812034188034183,1.086427957237719
0.6596811055308788,1.6932697591036048,0.5675551458968974,-1.3410697421406343,0;0;-1.34106974214;0.567555145897;3.96351462413;0;0;-0.105173933209;-0.556237654766;0;0;0,53098.52327915044,0.006,1215,0.0001,28.195948124561554,,0.0014508581343677372,0.14339910000012424,ok,same_stridge_core,Hx;D_x^1.69327 H;Hxxx;H*Hxx;H*Hxxx,0.03,1.646686484986334
0.6613926373640693,1.717236089006775,0.5670921388308899,-1.3233364242770458,0;0;-1.32333642428;0.567092138831;4.09226386982;0;0;-0.100111241302;-0.570311249672;0;0;0,53299.86768578187,0.006,1216,0.0001,28.293401963103904,,0.0014514673761384443,0.2706551999999647,ok,same_stridge_core,Hx;D_x^1.717236 H;Hxxx;H*Hxx;H*Hxxx,0.03,1.6434681202129668
0.6981597310688314,1.857807301126137,0.0,-1.173974807171576,0;0;-1.17397480717;0;0;0;0;0;0;0;0;0,61311.197457240276,0.006,1217,0.0001,8.292377073264877,,0.0023502013381479997,0.13580500000011853,ok,same_stridge_core,Hx,0.045000000000000026,2.161257327540848
0.6723726495645398,1.3943479006020298,0.41867210038931263,-1.4836863204116053,0;0;-1.48368632041;0.418672100389;0;0;0;-0.109738136903;-0.123381455768;0;0;0,58768.19814410639,0.006,1218,0.0001,24.62050231334216,,0.0006300612173954433,0.3826053000000229,ok,same_stridge_core,Hx;D_x^1.394348 H;H*Hxx;H*Hxxx,0.030564619883040947,1.1132230556996043
0.6647085259828847,1.5912350342626773,0.608853145169081,-1.408008956843998,0;0;-1.40800895684;0.608853145169;0;0;0;-0.122304629616;0;0;0;0,54611.54977750898,0.006,1219,0.0001,17.992772391596567,,0.001314141395567911,0.386489999999867,ok,same_stridge_core,Hx;D_x^1.591235 H;H*Hxx,0.084,1.609307458343871
0.6303611463593574,1.6998635232699906,0.5712807843260274,-1.4265261102854379,0;0;-1.42652611029;0.571280784326;5.23935175123;0;0;-0.123832403288;-0.746387191596;0;0;0,53120.059653482895,0.006,1220,0.0001,28.74496284179403,,0.0025727156981389136,0.3839183000000048,ok,same_stridge_core,Hx;D_x^1.699864 H;Hxxx;H*Hxx;H*Hxxx,0.053964285714285715,2.184933015052582
0.6412999192268742,1.5323251334181567,0.5815634508703093,-1.5177037190711458,0;0;-1.51770371907;0.58156345087;2.66734348078;0;0;-0.149062557951;-0.43814998869;0;0;0,55992.913990721245,0.006,1221,0.0001,29.73662854472029,,0.0015655818921662002,0.38555889999997817,ok,same_stridge_core,Hx;D_x^1.532325 H;Hxxx;H*Hxx;H*Hxxx,0.1122857142857143,1.7401715493596637
0.6704682000330099,1.3928078088584412,0.4233373782055984,-1.493639316028326,0;0;-1.49363931603;0.423337378206;0;0;0;-0.112510993466;-0.126521048777;0;0;0,58793.964687107684,0.006,1222,0.0001,24.646873807198368,,0.0006480501049707038,0.4053979000000254,ok,same_stridge_core,Hx;D_x^1.392808 H;H*Hxx;H*Hxxx,0.018000000000000002,1.1292879323552945
0.7143002466550991,1.6407522798648442,0.5300772094189882,-1.2209718923798263,0;0;-1.22097189238;0.530077209419;0;0;0;-0.0728559454018;0;0;0;0,53583.006023995724,0.006,1223,0.0001,17.09120223810133,,0.0005193703193568419,0.40736599999991085,ok,same_stridge_core,Hx;D_x^1.640752 H;H*Hxx,0.041366484495896236,1.0163004309026133
0.6368497615377574,1.9554179415108388,0.0,-1.3246367376022736,0;0;-1.3246367376;0;4.79398327562;0;0;0;-0.687802827831;0;0;0,64525.78144113512,0.006,1224,0.0001,21.615526606601104,,0.002789936619757935,0.40910090000011223,ok,same_stridge_core,Hx;Hxxx;H*Hxxx,0.036,2.2577921742605658
0.6098525662853818,1.7197565390294358,1.1277390243708436,-1.6064442189193913,0;0;-1.60644421892;1.12773902437;0;0;0;-0.740101742824;0;0;0.06090662024;0,53342.1917406858,0.006,1225,0.0001,23.890203781667775,,0.0033222486114071284,0.39412830000014765,ok,same_stridge_core,Hx;D_x^1.719757 H;H*Hxx;H^2*Hxx,0.04470160427807482,2.5533270853934558
0.6753423211715494,1.4250611367786061,0.46554510523268433,-1.4747496422216397,0;0;-1.47474964222;0.465545105233;-0.759853908792;0;0;-0.114888864484;0;0;0;0,58230.44393115268,0.006,1226,0.0001,24.426793743062657,,0.0006451640941266016,0.39985329999990427,ok,same_stridge_core,Hx;D_x^1.425061 H;Hxxx;H*Hxx,0.018000000000000002,1.1346161706015823
0.6893446454288228,1.7197565390294358,0.5602123493294064,-1.2592075150792537,0;0;-1.25920751508;0.560212349329;0;0;0;-0.077321782318;0;0;0;0,53342.1917406858,0.006,1227,0.0001,17.434871142748506,,0.0010697400964655814,0.033013499999924534,ok,same_stridge_core,Hx;D_x^1.719757 H;H*Hxx,0.036,1.432213620542766
0.6506010954222505,1.789995176645731,1.3052796680974,-1.3821046674934563,0;0;-1.38210466749;1.3052796681;1.15824447101;0;0;-0.682300095002;0;0;0.0570657112374;0,56404.0936781686,0.006,1228,0.0001,30.0592173894061,,0.0017372708481628084,0.41679999999996653,ok,same_stridge_core,Hx;D_x^1.789995 H;Hxxx;H*Hxx;H^2*Hxx,0.03,1.8571705503217968
0.6639122900796601,1.6272878688438657,0.7992799879387428,-1.4259282510129165,0;0;-1.42592825101;0.799279987939;0.393211219992;0;0;-0.420299973234;0;0;0.0317271253653;0,53831.530694178684,0.006,1229,0.0001,28.367085566027598,,0.001042466732332582,0.2823118000001159,ok,same_stridge_core,Hx;D_x^1.627288 H;Hxxx;H*Hxx;H^2*Hxx,0.0179116883116883,1.451320218938256
0.6886234987907045,1.7369192687523765,0.18385268109316175,-1.2089987443334507,0;0;-1.20899874433;0.183852681093;0;0;0;0;0;0;0;0,53751.20057446145,0.006,1230,0.0001,12.310006483761047,,0.0013124142045559345,0.3755620000001727,ok,same_stridge_core,Hx;D_x^1.736919 H,0.05814814814814815,1.5597663688687562
0.6711443981700951,1.5764391039850107,0.5302260295461724,-1.3760065737307319,0;0;-1.37600657373;0.530226029546;2.28785072995;0;0;-0.109827694769;-0.349752335615;0;0;0,54956.357077358065,0.006,1231,0.0001,28.81640484745343,,0.0009271178791229194,0.14076470000009067,ok,same_stridge_core,Hx;D_x^1.576439 H;Hxxx;H*Hxx;H*Hxxx,0.036,1.3382263087743997
0.6898413654391448,1.5894391044906295,0.5465107561653504,-1.3203868262249545,0;0;-1.32038682622;0.546510756165;0;0;0;-0.0958914536837;0;0;0;0,54652.982344963086,0.006,1232,0.0001,17.614094453880302,,0.0007470462345863582,0.38166660000001684,ok,same_stridge_core,Hx;D_x^1.589439 H;H*Hxx,0.05999999999999999,1.2181997503913753
0.5937857637558934,1.7629636900199852,0.0,-1.43580268008686,0;0;-1.43580268009;0;5.85066218646;0;0;0;-0.780982879887;0;0;0,54799.41680846519,0.006,1233,0.0001,19.770523521350473,,0.00605876445737888,0.4006285000000389,ok,same_stridge_core,Hx;Hxxx;H*Hxxx,0.08640000000000003,3.3306984788109126
0.7445413397993759,1.6711768753354361,0.2761010768552703,-1.082166711074547,0;0;-1.08216671107;0.276101076855;0;0;0;0;0;0;0;0,53180.89299788387,0.006,1234,0.0001,11.621343188599512,,0.0005012377851925007,0.37842269999987366,ok,same_stridge_core,Hx;D_x^1.671177 H,0.018000000000000002,0.985164589022738
0.646366602232587,1.2982553274035529,0.38670438817354846,-1.636994548624116,0;0;-1.63699454862;0.386704388174;0;0;0;-0.131723641139;-0.20747842869;0;0;0,60175.436407417255,0.006,1235,0.0001,25.37759374989651,,0.0008750508000888221,0.39703159999999116,ok,same_stridge_core,Hx;D_x^1.298255 H;H*Hxx;H*Hxxx,0.03,1.307419186929603
0.6386841312477199,1.7271078850574542,0.5578594205682976,-1.3853729204191052,0;0;-1.38537292042;0.557859420568;5.09498602435;0;0;-0.111248118984;-0.719573104494;0;0;0,53491.039085100136,0.006,1236,0.0001,28.799088265988072,,0.0022809432176690643,0.4217888000000585,ok,same_stridge_core,Hx;D_x^1.727108 H;Hxxx;H*Hxx;H*Hxxx,0.046106951871657705,2.0535687234380036
0.6894874555324386,1.8568520013820402,0.0,-1.228151305021965,-0.0242459452265;0;-1.22815130502;0;0;0;0;0;0.166238235055;0;0;-0.0369375155522,61248.60771939943,0.006,1237,0.0001,26.01378165566338,,0.0011848787545363443,0.3843597000000045,ok,same_stridge_core,1;Hx;H*Hxxx;H^2*Hxxx,0.012,1.5143385679036088
0.651748383377343,1.5328535006776736,0.556666385913545,-1.4771453151494167,0;0;-1.47714531515;0.556666385914;2.33417939334;0;0;-0.135989202529;-0.385278431685;0;0;0,55980.688607379045,0.006,1238,0.0001,29.557458930502335,,0.0012665496646338042,0.3927043999999569,ok,same_stridge_core,Hx;D_x^1.532854 H;Hxxx;H*Hxx;H*Hxxx,0.05925,1.5671146268128124
0.6796551958465202,1.5782891312619793,0.1410814663388195,-1.2489944680288458,0;0;-1.24899446803;0.141081466339;0;0;0;0;0;0;0;0,54912.8970963839,0.006,1239,0.0001,12.598097948536827,,0.0014122524697408982,0.27690660000007483,ok,same_stridge_core,Hx;D_x^1.578289 H,0.09600000000000002,1.6155185292600458
0.5970166425186606,1.2991408773131043,0.5572832280327276,-1.940514867725594,0;0;-1.94051486773;0.557283228033;0;0;0;-0.223805869033;-0.3109694735;0;0;0,60164.185760746266,0.006,1240,0.0001,26.04206694012541,,0.001968803621725853,0.14471600000001672,ok,same_stridge_core,Hx;D_x^1.299141 H;H*Hxx;H*Hxxx,0.041999999999999996,1.9763926358269028
0.6894874555324386,1.8568520013820402,0.0,-1.228151305021965,-0.0242459452265;0;-1.22815130502;0;0;0;0;0;0.166238235055;0;0;-0.0369375155522,61248.60771939943,0.006,1241,0.0001,26.01378165566338,,0.0011848787545363443,0.04631939999990209,ok,same_stridge_core,1;Hx;H*Hxxx;H^2*Hxxx,0.013692513368983967,1.5143385679036088
0.7472893897160765,1.9687916322011407,0.37670880573111176,-1.1204176739284109,-0.0161323209587;0;-1.12041767393;0.376708805731;0;0;0.0148504788506;0;0;0;0;0,64498.15636825769,0.006,1242,0.0001,26.732212629243715,,0.00044347589415198334,0.2693013000000519,ok,same_stridge_core,1;Hx;D_x^1.968792 H;H*Hx,0.012,0.9329500819406393
0.6956971926457673,1.6485336684738232,0.18143099121307496,-1.201387674787976,0;0;-1.20138767479;0.181430991213;0;0;0;0;0;0;0;0,53456.02847051865,0.006,1243,0.0001,12.0940918872641,,0.0010596914870910214,0.13815060000001722,ok,same_stridge_core,Hx;D_x^1.648534 H,0.10800000000000003,1.4028861931603689
0.691058111522441,1.3422183360420565,0.12520517033605535,-1.254139137115492,0;0;-1.25413913712;0.125205170336;0;0;0;0;0;0;0;0,59580.11866295479,0.006,1244,0.0001,13.24730954822056,,0.0009404145171058867,0.14548659999991287,ok,same_stridge_core,Hx;D_x^1.342218 H,0.018000000000000002,1.3312858156296028
0.7034408307293639,1.2919511593180342,0.12701650338784817,-1.233527561360043,0;0;-1.23352756136;0.127016503388;0;0;0;0;0;0;0;0,60254.684894493636,0.006,1245,0.0001,13.265951239221017,,0.0007649033064365633,0.28366860000005545,ok,same_stridge_core,Hx;D_x^1.291951 H,0.05999999999999999,1.2150142603222907
0.6613926373640693,1.596796861206831,0.5534171813675636,-1.3952533520941226,0;0;-1.39525335209;0.553417181368;2.88296258521;0;0;-0.117568687821;-0.429304224372;0;0;0,54484.25413565308,0.006,1246,0.0001,28.748358596525613,,0.001185563350758982,0.29906720000008136,ok,same_stridge_core,Hx;D_x^1.596797 H;Hxxx;H*Hxx;H*Hxxx,0.018000000000000002,1.5062315286990735
0.617320718569194,1.683522281750117,1.0711728193695669,-1.6031786366475542,0;0;-1.60317863665;1.07117281937;0;0;0;-0.690989175282;0;0;0.0555145258841;0,53107.74051962943,0.006,1247,0.0001,23.567028795000326,,0.002726674368531871,0.3850600000000668,ok,same_stridge_core,Hx;D_x^1.683522 H;H*Hxx;H^2*Hxx,0.041999999999999996,2.323932587148556
0.5937857637558934,1.7629636900199852,0.0,-1.435802680086855,0;0;-1.43580268009;0;5.85066218646;0;0;0;-0.780982879887;0;0;0,54799.41680846519,0.006,1248,0.0001,19.770523521350476,,0.006058764457378879,0.03574809999986428,ok,same_stridge_core,Hx;Hxxx;H*Hxxx,0.09000000000000007,3.3306984788109153
0.7330183571109428,1.5292725329778785,0.21237498320247997,-1.132513524685461,0;0;-1.13251352469;0.212374983202;0;0;0;0;0;0;0;0,56063.38995428341,0.006,1249,0.0001,12.204283396927764,,0.0005110386734313018,0.38936249999983374,ok,same_stridge_core,Hx;D_x^1.529273 H,0.03,0.9916054060710802
0.5940659068937251,1.641720805154483,0.7446440703742555,-1.6281840823813634,0;0;-1.62818408238;0.744644070374;0;0;0;-0.182299705648;0;0;0;0,53566.465406292926,0.006,1250,0.0001,19.359108310711242,,0.0056202117424879105,0.39518390000012005,ok,same_stridge_core,Hx;D_x^1.641721 H;H*Hxx,0.06579817515817518,3.2891686888233633
0.6035979701436851,1.4964266703333378,0.8424417495790086,-1.785754515524248,0;0;-1.78575451552;0.842441749579;0.00853532643467;0;0;-0.625713680524;-0.0406739292721;0;0.0462012344366;0,56800.418454530125,0.006,1251,0.0001,36.20802895345766,,0.0022301114628329208,0.38084490000005644,ok,same_stridge_core,Hx;D_x^1.496427 H;Hxxx;H*Hxx;H*Hxxx;H^2*Hxx,0.024,2.1277778807395795
0.6752521961783797,1.5619356907179303,0.1316542840288995,-1.2615842787682912,0;0;-1.26158427877;0.131654284029;0;0;0;0;0;0;0;0,55298.570724893245,0.006,1252,0.0001,12.74395574633237,,0.001536402776692534,0.4010725000000548,ok,same_stridge_core,Hx;D_x^1.561936 H,0.10200000000000002,1.68424160135372
0.7210285741397602,1.66035750015069,0.23140090968340696,-1.138738691811653,0;0;-1.13873869181;0.231400909683;0;0;0;0;0;0;0;0,53292.564505140544,0.006,1253,0.0001,11.77282176201522,,0.0006573557434087606,0.39013850000014827,ok,same_stridge_core,Hx;D_x^1.660358 H,0.047924908424908395,1.1143088609871106
0.665202157344508,1.8955185915416772,0.09782219778331569,-1.2433889852749591,0;0;-1.24338898527;0.0978221977833;3.91576251724;0;0;0;-0.558159460296;0;0;0,63330.3933705333,0.006,1254,0.0001,27.118147807404736,,0.0017402798675846191,0.2822982000000138,ok,same_stridge_core,Hx;D_x^1.895519 H;Hxxx;H*Hxxx,0.041999999999999996,1.7859904591914186
0.6994899122595183,1.7961383995614124,0.22476103947558027,-1.1743574807877988,0;0;-1.17435748079;0.224761039476;0;0;0;0;0;0;0;0,56827.11894407283,0.006,1255,0.0001,12.80503114133239,,0.001113701611051727,0.2728029999998398,ok,same_stridge_core,Hx;D_x^1.796138 H,0.03657541766875099,1.439607352517826
0.7533899694026923,1.7030172169748703,0.3045259503468061,-1.0562743426294732,0;0;-1.05627434263;0.304525950347;0;0;0;0;0;0;0;0,53138.96415251717,0.006,1256,0.0001,11.607566603486038,,0.0004917471664901417,0.3834285999998883,ok,same_stridge_core,Hx;D_x^1.703017 H,0.024,0.9797737729826045
0.6853276582990551,1.5679012892365347,0.5421949150493429,-1.3448962217163052,0;0;-1.34489622172;0.542194915049;0;0;0;-0.100590142601;0;0;0;0,55157.61767934168,0.006,1257,0.0001,17.79521974860985,,0.0007812868163642942,0.3790610999999444,ok,same_stridge_core,Hx;D_x^1.567901 H;H*Hxx,0.06599999999999999,1.247934444807343
0.7426256219680527,1.656451537636684,0.2673219846776617,-1.0890919266798318,0;0;-1.08909192668;0.267321984678;0;0;0;0;0;0;0;0,53342.20861387306,0.006,1258,0.0001,11.654164161469993,,0.0005026168207069648,0.3861518999999589,ok,same_stridge_core,Hx;D_x^1.656452 H,0.018000000000000002,0.9857224386953802
0.5977088753962307,1.6719364851477114,0.6800066336404232,-1.5848951280594947,0;0;-1.58489512806;0.68000663364;0;0;0;-0.159699245407;0;0;0;0,53174.61490479784,0.006,1259,0.0001,19.215040835421487,,0.005572169473530284,0.4054040000000896,ok,same_stridge_core,Hx;D_x^1.671936 H;H*Hxx,0.07523076923076931,3.2626563639821318
0.6709713959333581,1.5909425172520912,0.12675283493675762,-1.2688868203418073,0;0;-1.26888682034;0.126752834937;0;0;0;0;0;0;0;0,54618.28682886428,0.006,1260,0.0001,12.702168370660697,,0.0017142895800133396,0.38965680000001157,ok,same_stridge_core,Hx;D_x^1.590943 H,0.10542857142857145,1.778511004887842
0.6792543886535313,1.7211296382691066,0.5704715211022894,-1.270288495981134,0;0;-1.27028849598;0.570471521102;3.43217946109;0;0;-0.0894878625471;-0.470732731035;0;0;0,53367.09306367106,0.006,1261,0.0001,28.060348605647317,,0.0010117132810090437,0.3921588000000611,ok,same_stridge_core,Hx;D_x^1.72113 H;Hxxx;H*Hxx;H*Hxxx,0.018000000000000002,1.3768020738117863
0.6769837562823429,1.609762168145892,0.5336786716469749,-1.3362211424063595,0;0;-1.33622114241;0.533678671647;2.472017215;0;0;-0.10152549807;-0.361523999876;0;0;0,54195.4278043929,0.006,1262,0.0001,28.39482193796461,,0.0008755563428015435,0.3780781999998908,ok,same_stridge_core,Hx;D_x^1.609762 H;Hxxx;H*Hxx;H*Hxxx,0.04885714285714284,1.2971080357681628
0.7112286412108942,1.453891951381907,0.16488374738443395,-1.19573434297439,0;0;-1.19573434297;0.164883747384;-0.0793427334633;0;0;0;0;0;0;0,57683.139556870345,0.006,1263,0.0001,18.42047486670348,,0.0006595314456391726,0.2846071999999822,ok,same_stridge_core,Hx;D_x^1.453892 H;Hxxx,0.024,1.115532999642377
0.7629085188921267,1.3965857339637715,0.20394553453831765,-1.0927312612553404,0;0;-1.09273126126;0.203945534538;0;0;0;0;0;0;0;0,58730.55685112865,0.006,1264,0.0001,12.928641490811195,,0.0007188634814710619,0.42654830000014954,ok,same_stridge_core,Hx;D_x^1.396586 H,0.03,1.1825301205854652
0.7256378346399236,1.6669787496525366,0.2417127620865844,-1.1268346887618588,0;0;-1.12683468876;0.241712762087;0;0;0;0;0;0;0;0,53219.42636768376,0.006,1265,0.0001,11.723978742647173,,0.0006149387190796021,0.4149555000001328,ok,same_stridge_core,Hx;D_x^1.666979 H,0.041999999999999996,1.0800934691104218
0.6317050155424097,1.7154651655821809,0.5622585926079228,-1.4130633400713275,0;0;-1.41306334007;0.562258592608;5.30706690163;0;0;-0.118612787569;-0.753533168233;0;0;0,53272.711659180604,0.006,1266,0.0001,28.811994129922507,,0.0025573114380753933,0.39090520000013385,ok,same_stridge_core,Hx;D_x^1.715465 H;Hxxx;H*Hxx;H*Hxxx,0.047999999999999994,2.175638300332203
0.825704030730737,1.1519415608922368,0.0,-0.8408920514014845,0;0;-0.840892051401;0;0;0;0;0.0821544832785;0;0;0;0,61683.53154998414,0.006,1267,0.0001,13.930388278809266,,0.001286087450358771,0.3979065000000901,ok,same_stridge_core,Hx;H*Hxx,0.04713309436595151,1.5936819688124386
0.6620616239770013,1.3842671929789203,0.44202991495534816,-1.53881242574533,0;0;-1.53881242575;0.442029914955;0;0;0;-0.12465714828;-0.141772078879;0;0;0,58934.82830625122,0.006,1268,0.0001,24.778439134239797,,0.0007359480217332753,0.40929959999994026,ok,same_stridge_core,Hx;D_x^1.384267 H;H*Hxx;H*Hxxx,0.01742139180098194,1.2045078117393082
0.6429348777774737,1.7253550085992484,0.5604053562864644,-1.3735631411264282,0;0;-1.37356314113;0.560405356286;4.90411751035;0;0;-0.109216606639;-0.691024591963;0;0;0,53452.043897441625,0.006,1269,0.0001,28.69852624859684,,0.0021025967930167165,0.37639439999998103,ok,same_stridge_core,Hx;D_x^1.725355 H;Hxxx;H*Hxx;H*Hxxx,0.041999999999999996,1.9725042998760256
0.6659203307996279,1.5498663391811973,0.5305188770704344,-1.4121002143385601,0;0;-1.41210021434;0.53051887707;2.11988773181;0;0;-0.117652103934;-0.339723717681;0;0;0,55583.312974911285,0.006,1270,0.0001,29.169483413286567,,0.0009786431754579973,0.38844280000012077,ok,same_stridge_core,Hx;D_x^1.549866 H;Hxxx;H*Hxx;H*Hxxx,0.06858461538461537,1.377826925830924
0.6543510076277783,1.7091145676631792,0.5671834185311712,-1.3482805891537257,0;0;-1.34828058915;0.567183418531;4.31037360168;0;0;-0.105820978668;-0.604657098873;0;0;0,53192.30083534705,0.006,1271,0.0001,28.348894434415282,,0.0016515808977874493,0.3767493000000286,ok,same_stridge_core,Hx;D_x^1.709115 H;Hxxx;H*Hxx;H*Hxxx,0.030631578947368416,1.7527440167417543
0.5944523986450053,1.844062059454862,0.0,-1.4340265207811036,0;0;-1.43402652078;0;5.83346547519;0;0;0;-0.779462033773;0;0;0,60369.593896823346,0.006,1272,0.0001,21.421598995100215,,0.0059872361649790555,0.3829622000000654,ok,same_stridge_core,Hx;Hxxx;H*Hxxx,0.047999999999999994,3.310720826053211
0.6847752827377789,1.5879280106814764,0.5117765345828509,-1.3239093878469497,0;0;-1.32390938785;0.511776534583;1.96095082353;0;0;-0.0956653926973;-0.294581731741;0;0;0,54687.95227711156,0.006,1273,0.0001,28.521711595113388,,0.0007147126204701266,0.38533140000004096,ok,same_stridge_core,Hx;D_x^1.587928 H;Hxxx;H*Hxx;H*Hxxx,0.04010526315789473,1.1777354565576061
0.6055878357080237,1.4995891695500756,0.8372311664641263,-1.7722801153753363,0;0;-1.77228011538;0.837231166464;0.0682428404778;0;0;-0.615939594695;-0.0457904335944;0;0.0454589021616;0,56731.3724211463,0.006,1274,0.0001,36.13947278563601,,0.002174306620765557,0.38040909999995165,ok,same_stridge_core,Hx;D_x^1.499589 H;Hxxx;H*Hxx;H*Hxxx;H^2*Hxx,0.024,2.1006493329482288
0.5068148339677471,1.99028715220915,-9.107226843887831,-1.9196737036132385,0.450491831699;-0.0961128306513;-1.91967370361;-9.10722684389;0.957821724784;0;0;1.15689430996;-0.17097181286;0;-0.0424037741464;0,64282.59386961925,0.006,1275,0.0001,55.97453840915205,,0.010845364084744624,0.4053920000001199,ok,same_stridge_core,1;H;Hx;D_x^1.990287 H;Hxxx;H*Hxx;H*Hxxx;H^2*Hxx,0.030111111111111102,4.548463313456644
0.6639925318972358,1.505397048264489,0.5735776442638375,-1.479101200551814,0;0;-1.47910120055;0.573577644264;-0.447731051258;0;0;-0.134007653441;0;0;0;0,56603.432652722586,0.006,1276,0.0001,24.072529393987992,,0.0010223462829014123,0.3991906999999628,ok,same_stridge_core,Hx;D_x^1.505397 H;Hxxx;H*Hxx,0.018000000000000002,1.4311563328989565
0.6620689783574027,1.1721043340399588,0.08010489969927759,-1.3398186911924896,0;0;-1.33981869119;0.0801048996993;0;0;0;0;0;0;0;0,61512.37758092313,0.006,1277,0.0001,14.082733423121942,,0.001686207665346253,0.3948184000000765,ok,same_stridge_core,Hx;D_x^1.172104 H,0.024,1.780257906937315
0.7328938942789747,1.6781013493594865,0.25842184483772007,-1.1080221965740042,0;0;-1.10802219657;0.258421844838;0;0;0;0;0;0;0;0,53132.032583711785,0.006,1278,0.0001,11.663308166115907,,0.0005625819238954829,0.36656570000013744,ok,same_stridge_core,Hx;D_x^1.678101 H,0.036,1.0369016493735514
0.6621698136269799,1.756414983206886,0.5637893474014326,-1.3023184307237756,0;0;-1.30231843072;0.563789347401;4.33567896805;0;0;-0.0928215636489;-0.600931168691;0;0;0,54486.77097822161,0.006,1279,0.0001,28.91198364076092,,0.00150649707015831,0.3882383000000118,ok,same_stridge_core,Hx;D_x^1.756415 H;Hxxx;H*Hxx;H*Hxxx,0.03,1.6685981516501123
0.6917508815056396,1.5821244158014285,0.4970807756102047,-1.3046011841407248,0;0;-1.30460118414;0.49708077561;1.66724641423;0;0;-0.0892730684535;-0.253065988137;0;0;0,54823.05473220196,0.006,1280,0.0001,28.50832152691087,,0.0006163317000800727,0.2780325000001085,ok,same_stridge_core,Hx;D_x^1.582124 H;Hxxx;H*Hxx;H*Hxxx,0.04136842105263157,1.096794160809884
0.669466494244901,1.4611986546203455,0.519964473434807,-1.4834841311094789,0;0;-1.48348413111;0.519964473435;-0.6296968264;0;0;-0.126220566165;0;0;0;0,57537.811008145014,0.006,1281,0.0001,24.277165051169234,,0.0007934845271230314,0.28562970000007226,ok,same_stridge_core,Hx;D_x^1.461199 H;Hxxx;H*Hxx,0.030990712074303383,1.2620406479112294
0.7282186262413208,1.4173414396790949,0.17741146465829444,-1.1617991357240638,0;0;-1.16179913572;0.177411464658;0;0;0;0;0;0;0;0,58369.94471917222,0.006,1282,0.0001,12.70385058110406,,0.0005479045204500947,0.38184260000002723,ok,same_stridge_core,Hx;D_x^1.417341 H,0.036,1.0298616372696157
0.6887905782510898,1.570243219333679,0.5350536394827391,-1.3316415599387708,0;0;-1.33164155994;0.535053639483;0;0;0;-0.0968621326481;0;0;0;0,55102.327702975286,0.006,1283,0.0001,17.7361295769012,,0.0007287123814794746,0.14317899999991823,ok,same_stridge_core,Hx;D_x^1.570243 H;H*Hxx,0.05898661338661338,1.20543126600861
0.6541694067930792,1.343388889440022,0.41830450973320693,-1.5889770029988652,0;0;-1.588977003;0.418304509733;0;0;0;-0.129421772087;-0.17321810698;0;0;0,59563.19776606454,0.006,1284,0.0001,25.07529761065559,,0.0007963158750803257,0.38833840000006603,ok,same_stridge_core,Hx;D_x^1.343389 H;H*Hxx;H*Hxxx,0.029371898661998914,1.250018504229772
0.7097168527232162,1.426161625877602,0.15950672382618034,-1.200657969733492,0;0;-1.20065796973;0.159506723826;0;0;0;0;0;0;0;0,58210.31557295428,0.006,1285,0.0001,12.772362431618376,,0.0006732016898411094,0.39218269999992117,ok,same_stridge_core,Hx;D_x^1.426162 H,0.072,1.1302993170275206
0.6751637526319648,1.964397982068761,0.1648543639707413,-1.2387546538796368,0;0;-1.23875465388;0.164854363971;0;0;0;0;-0.040187746299;0;0;0,64517.03746087642,0.006,1286,0.0001,21.220644983405595,,0.001872936114526148,0.3853873000000476,ok,same_stridge_core,Hx;D_x^1.964398 H;H*Hxxx,0.036,1.8655337451426668
0.7011734494772917,1.8050186188388728,0.23169652899507306,-1.168956476656757,0;0;-1.16895647666;0.231696528995;0;0;0;0;0;0;0;0,57465.0477948869,0.006,1287,0.0001,12.915917637906944,,0.0010872602767376947,0.14837080000006608,ok,same_stridge_core,Hx;D_x^1.805019 H,0.04258636265695088,1.4229080789295636
0.703176247604964,1.8132791736248397,0.0,-1.200676397375517,-0.0286889709478;0;-1.20067639738;0;-3.1558771422;0;0;0;1.00001148731;0;0;-0.0922854126885,58078.041456992105,0.006,1288,0.0001,30.475570236685304,,0.0010463276343060826,0.3837809000001471,ok,same_stridge_core,1;Hx;Hxxx;H*Hxxx;H^2*Hxxx,0.012,1.4365495081892534
0.7409612118976869,1.6787930085902245,0.27289338071939384,-1.0891183123374684,0;0;-1.08911831234;0.272893380719;0;0;0;0;0;0;0;0,53128.22385130744,0.006,1289,0.0001,11.624638603569391,,0.0005175365316657894,0.38283590000014556,ok,same_stridge_core,Hx;D_x^1.678793 H,0.047999999999999994,0.9989938333079036
0.6585502547184656,1.5496420893105283,0.5650541654720602,-1.447321208515706,0;0;-1.44732120852;0.565054165472;4.46165407641;0;0;-0.128314266074;-1.08499391082;0;0;0.0557943945484,55588.58875384537,0.006,1290,0.0001,34.82091219509858,,0.0011239795298877185,0.39840110000000095,ok,same_stridge_core,Hx;D_x^1.549642 H;Hxxx;H*Hxx;H*Hxxx;H^2*Hxxx,0.024,1.4677589427913567
0.753119794021964,1.6588905652593264,0.28530208692421116,-1.064838198890357,0;0;-1.06483819889;0.285302086924;0;0;0;0;0;0;0;0,53310.670959382165,0.006,1291,0.0001,11.633063349987943,,0.0004827697098253096,0.38449569999988853,ok,same_stridge_core,Hx;D_x^1.658891 H,0.04949999999999999,0.970929158111509
0.6999150173178177,1.6912286802613095,0.5628667993207924,-1.242351240827227,0;0;-1.24235124083;0.562866799321;0;0;0;-0.0777737497926;0;0;0;0,53096.55387129786,0.006,1292,0.0001,17.169734664450186,,0.0007914998287119207,0.1331391999999596,ok,same_stridge_core,Hx;D_x^1.691229 H;H*Hxx,0.035903957071734834,1.2407685030608275
0.6451798885180755,1.4688424365841772,0.559804073782132,-1.5383549523507103,0;0;-1.53835495235;0.559804073782;0;0;0;-0.142254935977;0;0;0;0,57382.92927147178,0.006,1293,0.0001,18.968928637292237,,0.0015190853674946975,0.4147461000000021,ok,same_stridge_core,Hx;D_x^1.468842 H;H*Hxx,0.024,1.7540498558507014
0.6953577327457267,1.9323923327844694,0.0,-1.18144152650646,0;0;-1.18144152651;0;0;0;0;0;0;0;0;0,64343.43441168719,0.006,1294,0.0001,8.586390360490682,,0.0023343826184234998,0.3653573999999935,ok,same_stridge_core,Hx,0.03678947368421053,2.1520469193219642
0.6932661383658953,1.642467754320091,0.1756273167512052,-1.2080946030537085,0;0;-1.20809460305;0.175627316751;0;0;0;0;0;0;0;0,53553.845379453734,0.006,1295,0.0001,12.145343638193127,,0.0011091604497426024,0.3843651999998201,ok,same_stridge_core,Hx;D_x^1.642468 H,0.078,1.43457456230238
0.8396348621525785,1.4166744003852336,0.0,-0.810204908692508,0;0;-0.810204908693;0;0;0;0;0.0859195201503;0;0;0;0,58381.86088652666,0.006,1296,0.0001,13.362085987544937,,0.0014414818072345497,0.3774874999999156,ok,same_stridge_core,Hx;H*Hxx,0.05476732510288067,1.6857138102396059
0.7767209049822825,1.2309407465472901,0.0,-0.9553289622704677,0;0;-0.95532896227;0;0;0;0;0.0670592640163;0;0;0;0,60950.279334512285,0.006,1297,0.0001,13.515596764297408,,0.0008925354624617464,0.1543264999997973,ok,same_stridge_core,Hx;H*Hxx,0.024,1.3255408973949494
0.7404252427885829,1.3210577998592106,0.16249328685028946,-1.1508822462574317,0;0;-1.15088224626;0.16249328685;0;0;0;0;0;0;0;0,59876.22754553316,0.006,1298,0.0001,13.135496696263008,,0.0006842298403252934,0.28588360000003377,ok,same_stridge_core,Hx;D_x^1.321058 H,0.024,1.1602511871563754
0.6877844366854509,1.1705046992054724,0.26940034576189414,-1.4770357623855828,0.0283110071467;0;-1.47703576239;0.269400345762;0;0;0;0.130268726428;-0.202706832082;0;-0.0230020541932;0,61526.332906881595,0.006,1299,0.0001,37.817093053281276,,0.00041966167284817436,0.4123769000000266,ok,same_stridge_core,1;Hx;D_x^1.170505 H;H*Hxx;H*Hxxx;H^2*Hxx,0.018000000000000002,0.9012933091523162
0.8803040524592247,1.8585440781459504,0.6267562917783517,-0.7503785517832964,0;0;-0.750378551783;0.626756291778;0;0;0;0;0;0;0;0,61359.13561018294,0.006,1300,0.0001,13.857353573287337,,0.0012812671920529647,0.28682340000000295,ok,same_stridge_core,Hx;D_x^1.858544 H,0.06599999999999999,1.5855264512507508
0.5969301806442822,1.4387200314024344,0.7630606361977081,-1.8643114413388586,0;0;-1.86431144134;0.763060636198;0;0;0;-0.248807707601;-0.197751413694;0;0;0,57976.34933053732,0.006,1301,0.0001,25.612253912370736,,0.0029393198097553723,0.3915068000001156,ok,same_stridge_core,Hx;D_x^1.43872 H;H*Hxx;H*Hxxx,0.084,2.421714180155806
0.6867571184854158,1.8355686988181026,0.0,-1.2045791561907813,0;0;-1.20457915619;0;0;0;0;0;0;0;0;0,59752.09739808542,0.006,1302,0.0001,8.113788763612526,,0.002320774354530879,0.3707409999999527,ok,same_stridge_core,Hx,0.15000000000000005,2.1385790238039837
0.725101299065633,1.8224205300154945,0.298750151756546,-1.1052039747782887,0;0;-1.10520397478;0.298750151757;0;0;0;0;0;0;0;0,58766.942223008875,0.006,1303,0.0001,12.929803854395812,,0.0007327255113326977,0.28324739999993653,ok,same_stridge_core,Hx;D_x^1.822421 H,0.047999999999999994,1.1764154097940367
0.7764950681031986,1.2343585923477907,0.0,-0.9788921804895926,0;0;-0.97889218049;0;0;0;0;0;0;0;0;0,60914.52800486207,0.006,1304,0.0001,9.047592111682803,,0.004415683407399354,0.2871678999999858,ok,same_stridge_core,Hx,0.15000000000000005,2.956139311196597
0.8672853081684447,1.6932697591036048,0.0,-0.7516342049229049,0;0;-0.751634204923;0;0;0;0;0.0927424549422;0;0;0;0,53098.52327915044,0.006,1305,0.0001,12.48789333460172,,0.0017780675749007923,0.1482853999998497,ok,same_stridge_core,Hx;H*Hxx,0.047999999999999994,1.868188678771633
0.6721113534332855,1.5575847569588315,0.1258449477628061,-1.2697151626792333,0;0;-1.26971516268;0.125844947763;0;0;0;0;0;0;0;0,55401.35298270636,0.006,1306,0.0001,12.819697487718122,,0.0016396926157189297,0.4116404999999759,ok,same_stridge_core,Hx;D_x^1.557585 H,0.10342857142857145,1.7394268911768498
0.7089194826612056,1.421174061012536,0.157620810238069,-1.203180595980342,0;0;-1.20318059598;0.157620810238;0;0;0;0;0;0;0;0,58301.055349646565,0.006,1307,0.0001,12.797424361642122,,0.0006815808682321732,0.3928115000001071,ok,same_stridge_core,Hx;D_x^1.421174 H,0.11900000000000004,1.1372132917128084
0.6668316626931632,1.3428923598326716,0.37581482269254374,-1.5201852384151835,0;0;-1.52018523842;0.375814822693;0;0;0;-0.10816720889;-0.153110455655;0;0;0,59570.380952292275,0.006,1308,0.0001,24.961411251246002,,0.0006583135497198924,0.41529990000003636,ok,same_stridge_core,Hx;D_x^1.342892 H;H*Hxx;H*Hxxx,0.03,1.1332588703290891
0.6378762864393723,1.7503179520727188,0.543367032846177,-1.3758570479830874,0;0;-1.37585704798;0.543367032846;5.27958735336;0;0;-0.105507266626;-0.744630434111;0;0;0,54225.112171843146,0.006,1309,0.0001,29.204354453866188,,0.002375151659150454,0.412861600000042,ok,same_stridge_core,Hx;D_x^1.750318 H;Hxxx;H*Hxx;H*Hxxx,0.049885416666666633,2.0917983679446133
0.6179469249625666,1.7530828962794807,0.5200486061625496,-1.4347246013006556,0;0;-1.4347246013;0.520048606163;6.15092047487;0;0;-0.114479895927;-0.87715140238;0;0;0,54340.21933057541,0.006,1310,0.0001,29.662553589919913,,0.003376871124046553,0.42471120000004703,ok,same_stridge_core,Hx;D_x^1.753083 H;Hxxx;H*Hxx;H*Hxxx,0.041999999999999996,2.492443924632204
0.5952872466057954,1.5702108578774119,1.0421036148463125,-1.773618687504429,0;0;-1.7736186875;1.04210361485;0.347229416178;0;0;-0.799222528944;0;0;0.063676261577;0,55103.092248833505,0.006,1311,0.0001,29.962163637779998,,0.002855056283077007,0.3993381000000227,ok,same_stridge_core,Hx;D_x^1.570211 H;Hxxx;H*Hxx;H^2*Hxx,0.035400000000000015,2.4106175133632446
0.6531824345790631,1.5792040481917726,0.7617273305729015,-1.4970599344144035,0;0;-1.49705993441;0.761727330573;0.194035635068;0;0;-0.433316739649;0;0;0.0320539492238;0,54891.43125205236,0.006,1312,0.0001,28.973415121727523,,0.0011529208632228996,0.38175999999998567,ok,same_stridge_core,Hx;D_x^1.579204 H;Hxxx;H*Hxx;H^2*Hxx,0.018000000000000002,1.5276994957013426
0.6932661383658953,1.642467754320091,0.1756273167512052,-1.2080946030537085,0;0;-1.20809460305;0.175627316751;0;0;0;0;0;0;0;0,53553.845379453734,0.006,1313,0.0001,12.145343638193127,,0.0011091604497426024,0.032890299999962735,ok,same_stridge_core,Hx;D_x^1.642468 H,0.08848888888888895,1.43457456230238
0.71377186361293,1.5334692593987462,0.42312429707680665,-1.255878064654595,0;0;-1.25587806465;0.423124297077;0.511928594353;0;0;-0.06702005347;-0.101101763935;0;0;0,55966.42826376769,0.006,1314,0.0001,28.89784657312702,,0.00042248837205005564,0.39880349999998543,ok,same_stridge_core,Hx;D_x^1.533469 H;Hxxx;H*Hxx;H*Hxxx,0.011989856459330156,0.9146324412431729
0.7434824739163421,1.6531843870357552,0.2675176740984975,-1.087697726614532,0;0;-1.08769772661;0.267517674098;0;0;0;0;0;0;0;0,53387.13242997301,0.006,1315,0.0001,11.659826783922878,,0.0004987370130876604,0.3789472000000842,ok,same_stridge_core,Hx;D_x^1.653184 H,0.01759327731092437,0.9824002979282739
0.6815841972742763,1.5894261978068227,0.5663231209301369,-1.349040131009387,0;0;-1.34904013101;0.56632312093;0;0;0;-0.104415163319;0;0;0;0,54653.2800942456,0.006,1316,0.0001,17.729197919164953,,0.0008971732121464697,0.39711259999990034,ok,same_stridge_core,Hx;D_x^1.589426 H;H*Hxx,0.06599999999999999,1.3332138908912732
0.6307635040990683,1.755568144649946,0.5319350178857101,-1.3945464082103953,0;0;-1.39454640821;0.531935017886;5.60917958163;0;0;-0.107411317254;-0.794321144094;0;0;0,54448.71880309342,0.006,1317,0.0001,29.458592582236893,,0.00271297554734288,0.41138710000018364,ok,same_stridge_core,Hx;D_x^1.755568 H;Hxxx;H*Hxx;H*Hxxx,0.05470181818181819,2.234233180690181
0.6932661383658953,1.642467754320091,0.1756273167512052,-1.2080946030537085,0;0;-1.20809460305;0.175627316751;0;0;0;0;0;0;0;0,53553.845379453734,0.006,1318,0.0001,12.145343638193127,,0.0011091604497426024,0.03521879999993871,ok,same_stridge_core,Hx;D_x^1.642468 H,0.0766708994708995,1.43457456230238
0.7662766035938895,1.3746032467055143,0.19931027329231318,-1.0896536414428803,0;0;-1.08965364144;0.199310273292;0;0;0;0;0;0;0;0,59090.13165631835,0.006,1319,0.0001,13.07010017370248,,0.0008070502955766546,0.3852543999998943,ok,same_stridge_core,Hx;D_x^1.374603 H,0.03,1.2520738424388098
0.7589336932641209,1.6637790980796492,0.4924059362224581,-1.0860082734241507,0;0;-1.08600827342;0.492405936222;0;0;0;-0.0436126941698;0;0;0;0,53252.96243548971,0.006,1320,0.0001,16.887201418479354,,0.00041334869506850965,0.3936191999998755,ok,same_stridge_core,Hx;D_x^1.663779 H;H*Hxx,0.012,0.9113126878324398
0.6731117960558689,1.4697900453231592,0.514491389910752,-1.4616626131047556,0;0;-1.4616626131;0.514491389911;-0.570763286747;0;0;-0.120978460119;0;0;0;0,57363.526438266614,0.006,1321,0.0001,24.176302652687017,,0.0007551757753902189,0.25958229999992,ok,same_stridge_core,Hx;D_x^1.46979 H;Hxxx;H*Hxx,0.029290278637770898,1.2308920773803724
0.6287589424060059,1.8119688074805012,0.0,-1.5921711452372511,0;0;-1.59217114524;0;1.49015555789;0;0.0523630035181;-0.467047481868;0.0916379845242;0;0.059623642676;0,57979.93975435215,0.006,1322,0.0001,36.906584328060866,,0.002356309575588147,0.3826352000000952,ok,same_stridge_core,Hx;Hxxx;H*Hx;H*Hxx;H*Hxxx;H^2*Hxx,0.018000000000000002,2.1186204754495774
0.6614840869149731,1.8767138735488176,0.0,-1.264220342632699,0;0;-1.26422034263;0;4.23740370984;0;0;0;-0.63895091933;0;0;0,62441.28123987311,0.006,1323,0.0001,20.63204327853631,,0.0019413759576417926,0.1540620000000672,ok,same_stridge_core,Hx;Hxxx;H*Hxxx,0.03,1.899658906574377
0.716117560979091,1.5798808262934605,0.4770400980996269,-1.2347637981180994,0;0;-1.23476379812;0.4770400981;0;0;0;-0.069366091358;0;0;0;0,54875.56782977724,0.006,1324,0.0001,17.412224967674625,,0.00045050915837890583,0.3988814000001639,ok,same_stridge_core,Hx;D_x^1.579881 H;H*Hxx,0.03524430888404746,0.949554618741452
0.6202810173930192,1.5983622130644919,0.9672450645355857,-1.632335659245034,0;0;-1.63233565925;0.967245064536;0.444688062966;0;0;-0.664171126486;0;0;0.0526025136333;0,54448.742252083386,0.006,1325,0.0001,29.25958831589677,,0.0020399269570526178,0.39500440000006165,ok,same_stridge_core,Hx;D_x^1.598362 H;Hxxx;H*Hxx;H^2*Hxx,0.043000000000000024,2.035217189855078
0.6885469390527217,1.6358969102615621,0.5703980948006305,-1.3035289970424218,0;0;-1.30352899704;0.570398094801;0;0;0;-0.0939827876559;0;0;0;0,53668.807669931775,0.006,1326,0.0001,17.4091470892163,,0.0008726257623915703,0.39803550000010546,ok,same_stridge_core,Hx;D_x^1.635897 H;H*Hxx,0.05309872527472526,1.308504788236766
0.664456136425372,1.4282216475007155,0.5080715811752221,-1.5267808402884573,0;0;-1.52678084029;0.508071581175;-0.821856159662;0;0;-0.132520857928;0;0;0;0,58172.47708223329,0.006,1327,0.0001,24.534117502498507,,0.0007981113363794691,0.4112883000000238,ok,same_stridge_core,Hx;D_x^1.428222 H;Hxxx;H*Hxx,0.036,1.2651266696051904
0.7404252427885829,1.667816526059953,0.2678462877462747,-1.0922091319717144,0;0;-1.09220913197;0.267846287746;0;0;0;0;0;0;0;0,53211.229769467056,0.006,1328,0.0001,11.639034354642998,,0.0005153745758493831,0.2650438999999096,ok,same_stridge_core,Hx;D_x^1.667817 H,0.01906829890474708,0.9967884007495862
0.6616665953979121,1.5774169703383925,0.5479356606090624,-1.4076973846732073,0;0;-1.40769738467;0.547935660609;2.62858072989;0;0;-0.119553755271;-0.400997977485;0;0;0,54933.37609049502,0.006,1329,0.0001,28.94346958265185,,0.0011338929484169596,0.4028651999999511,ok,same_stridge_core,Hx;D_x^1.577417 H;Hxxx;H*Hxx;H*Hxxx,0.04734999999999999,1.476781537404343
0.705011011902756,1.4860726158793744,0.4056628489075563,-1.3068067683547173,0;0;-1.30680676835;0.405662848908;0.260864151617;0;0;-0.0738113744623;-0.0887459213808;0;0;0,57023.29950347473,0.006,1330,0.0001,29.450608843882893,,0.00044672872386741905,0.39334569999982705,ok,same_stridge_core,Hx;D_x^1.486073 H;Hxxx;H*Hxx;H*Hxxx,0.029428571428571398,0.9389590921455262
0.6639941852735052,1.4649048195905017,0.5427795755315409,-1.5067144415866005,0;0;-1.50671444159;0.542779575532;-0.641880821135;0;0;-0.134706172717;0;0;0;0,57463.0756367828,0.006,1331,0.0001,24.32901711466564,,0.0008987499194157706,0.28158650000000307,ok,same_stridge_core,Hx;D_x^1.464905 H;Hxxx;H*Hxx,0.018000000000000002,1.343786859952521
0.681954521355183,1.5833104962323838,0.5617652995185652,-1.3504920879459004,0;0;-1.35049208795;0.561765299519;0;0;0;-0.10422928859;0;0;0;0,54795.353539200805,0.006,1332,0.0001,17.756645775330004,,0.0008754255099635329,0.3908202000000074,ok,same_stridge_core,Hx;D_x^1.58331 H;H*Hxx,0.06599999999999999,1.31803971356976
0.642333118726381,1.8016160216365704,1.4006289092279176,-1.4034891954738045,0;0;-1.40348919547;1.40062890923;1.26547758768;0;0;-0.752118352843;0;0;0.0635531324424;0,57217.46141298442,0.006,1333,0.0001,30.614425130812585,,0.0020310741542450706,0.39222369999993134,ok,same_stridge_core,Hx;D_x^1.801616 H;Hxxx;H*Hxx;H^2*Hxx,0.03,2.005694424320376
0.7764950681031986,1.3034386533753612,0.04698862210193753,-0.9872862625616086,0;0;-0.987286262562;0.0469886221019;0;0;0;0.0518071788326;0;0;0;0,60109.16972754032,0.006,1334,0.0001,19.329080444135183,,0.0008563913840332957,0.2839607999999316,ok,same_stridge_core,Hx;D_x^1.303439 H;H*Hxx,0.024,1.2963295258730836
0.7034408307293639,1.4445620958961027,0.15574237857874437,-1.211796937831572,0;0;-1.21179693783;0.155742378579;0;0;0;0;0;0;0;0,57864.81627098664,0.006,1335,0.0001,12.770224715690956,,0.0007616107210161351,0.2889026999998805,ok,same_stridge_core,Hx;D_x^1.444562 H,0.036,1.1972614614936286
0.7152096773415654,1.2555428186812645,0.11960512891573107,-1.2251933766839047,0;0;-1.22519337668;0.119605128916;0;0;0;0;-0.0686386485435;0;0;0,60684.71952110974,0.006,1336,0.0001,19.303609860140316,,0.0006318603989936519,0.396306500000037,ok,same_stridge_core,Hx;D_x^1.255543 H;H*Hxxx,0.024,1.0981940038073945
0.6470823669760819,1.9050878943635627,0.0,-1.2992665324899006,0;0;-1.29926653249;0;4.55867193071;0;0;0;-0.667129382912;0;0;0,63685.58378087476,0.006,1337,0.0001,21.187572220192152,,0.002361058915656379,0.38800799999989977,ok,same_stridge_core,Hx;Hxxx;H*Hxxx,0.036,2.081897085929723
0.6841247404390711,1.6597706969857333,0.16050645767839225,-1.228734725604778,0;0;-1.2287347256;0.160506457678;0;0;0;0;0;0;0;0,53299.72786474966,0.006,1338,0.0001,12.246722099474443,,0.001360706380919756,0.14631889999986925,ok,same_stridge_core,Hx;D_x^1.659771 H,0.07683376623376623,1.586776526524511
0.6403516764047078,1.5103540006080802,0.6597399764676549,-1.5799974143691842,0;0;-1.57999741437;0.659739976468;-0.518750335968;0;0;-0.168503806965;0;0;0;0,56493.10953552198,0.006,1339,0.0001,24.451139594401965,,0.0017202947986982209,0.38466059999996105,ok,same_stridge_core,Hx;D_x^1.510354 H;Hxxx;H*Hxx,0.03,1.8538957801931755
0.7019498618051221,1.4184272211217557,0.14692174593956242,-1.2226708397688755,0;0;-1.22267083977;0.14692174594;-0.106970333866;0;0;0;0;0;0;0,58350.503607445775,0.006,1340,0.0001,18.70634701969666,,0.0007700293462595708,0.396222600000101,ok,same_stridge_core,Hx;D_x^1.418427 H;Hxxx,0.029914960695765647,1.2011959374629282
0.6646642004628021,1.6497571492497787,0.8414032469516102,-1.4111466361938914,0;0;-1.41114663619;0.841403246952;0.494361397773;0;0;-0.439158590111;0;0;0.0337043270262;0,53437.36500926604,0.006,1341,0.0001,28.187594372292303,,0.0010688493926608784,0.40041199999996024,ok,same_stridge_core,Hx;D_x^1.649757 H;Hxxx;H*Hxx;H^2*Hxx,0.02021848739495797,1.468911867659283
0.6919340136085907,1.1339813603465208,0.08415745914377941,-1.2923230964600547,0;0;-1.29232309646;0.0841574591438;0;0;0;0;-0.0885256215513;0;0;0,61827.56076937884,0.006,1342,0.0001,19.820877306263856,,0.0008637628967754752,0.14123650000010457,ok,same_stridge_core,Hx;D_x^1.133981 H;H*Hxxx,0.03,1.2726090754502009
0.6865362258134945,1.7654724382251739,0.584298692167262,-1.270031786971333,-0.0183067185885;0;-1.27003178697;0.584298692167;2.12431244517;0;0;-0.0966253734823;-0.348433956464;0;0;0,54927.66367183606,0.006,1343,0.0001,34.24185907875925,,0.0008608196836235296,0.4084917000000132,ok,same_stridge_core,1;Hx;D_x^1.765472 H;Hxxx;H*Hxx;H*Hxxx,0.018000000000000002,1.285260875657607
0.5870654323003381,1.8703792799250576,-0.25799439954529235,-1.4835706533225483,0;0;-1.48357065332;-0.257994399545;6.73871461466;0;0;0;-1.00675933526;0;0;0,62087.155601176324,0.006,1344,0.0001,28.12066943427117,,0.005879127304167976,0.41270719999988614,ok,same_stridge_core,Hx;D_x^1.870379 H;Hxxx;H*Hxxx,0.05999999999999999,3.2858071938006406
0.7020315718493335,1.7418071121837246,0.2159487896454742,-1.1741767403393037,0;0;-1.17417674034;0.215948789645;0;0;0;0;0;0;0;0,53908.0067308651,0.006,1345,0.0001,12.15499623395828,,0.0010128596689761543,0.38028399999984686,ok,same_stridge_core,Hx;D_x^1.741807 H,0.06495622895622895,1.3733948877852622
0.6931871007898314,1.6530425018897592,0.5666502958465255,-1.2805751671851073,0;0;-1.28057516719;0.566650295847;0;0;0;-0.088073605338;0;0;0;0,53389.1506274949,0.006,1346,0.0001,17.28807267961607,,0.000825699191354927,0.38696890000005624,ok,same_stridge_core,Hx;D_x^1.653043 H;H*Hxx,0.047999999999999994,1.2713274913676016
0.685266850719997,1.8050186188388728,0.0,-1.1989248239337802,0;0;-1.19892482393;0;-0.80174302668;0;0;0;0.891477749892;0;0;-0.113428980983,57465.0477948869,0.006,1347,0.0001,24.71627007218386,,0.0015626757189487297,0.14643389999991996,ok,same_stridge_core,Hx;Hxxx;H*Hxxx;H^2*Hxxx,0.024,1.7302509542290982
0.6914685593883048,1.561375824856658,0.4853824083519102,-1.3167598025060554,0;0;-1.31675980251;0.485382408352;1.44855237246;0;0;-0.0899700953098;-0.230153446975;0;0;0,55311.8002415883,0.006,1348,0.0001,28.737959837455016,,0.0005976905099400856,0.13955239999995683,ok,same_stridge_core,Hx;D_x^1.561376 H;Hxxx;H*Hxx;H*Hxxx,0.03658823529411759,1.082059716660865
0.6359450984189001,1.8686005309984877,0.0,-1.326898676111114,0;0;-1.32689867611;0;4.81507232806;0;0;0;-0.689657014819;0;0;0,61983.078176249874,0.006,1349,0.0001,20.869969113769756,,0.002833502105620164,0.38625309999997626,ok,same_stridge_core,Hx;Hxxx;H*Hxxx,0.036,2.275045660894792
0.6923031136879743,1.4793220670734677,0.14732960409704657,-1.2319613047331248,0;0;-1.23196130473;0.147329604097;0;0;0;0;0;0;0;0,57165.9059492856,0.006,1350,0.0001,12.790016087347714,,0.0009889444269065098,0.3763576000001194,ok,same_stridge_core,Hx;D_x^1.479322 H,0.08346666666666669,1.3568348974905933
0.6874388625729956,1.5764391039850107,0.518274286189608,-1.3285106660691675,0;0;-1.32851066607;0.51827428619;3.47166154685;0;0;-0.095677566452;-0.847387392787;0;0;0.0456354893652,54956.357077358065,0.006,1351,0.0001,34.09428962406565,,0.0006517063604588525,0.1399492000000464,ok,same_stridge_core,Hx;D_x^1.576439 H;Hxxx;H*Hxx;H*Hxxx;H^2*Hxxx,0.01303636363636364,1.1204753776508123
0.7397062880939436,1.3644587332133837,0.17420553802079727,-1.1459567459202686,0;0;-1.14595674592;0.174205538021;0;0;0;0;0;0;0;0,59248.58625825108,0.006,1352,0.0001,12.939347366255081,,0.0006062047744597887,0.2846005999999761,ok,same_stridge_core,Hx;D_x^1.364459 H,0.018000000000000002,1.0896301146048648
0.7112286412108942,1.513297068427757,0.41256086321764907,-1.272926567573173,0;0;-1.27292656757;0.412560863218;0.383314146368;0;0;-0.0685112123432;-0.0917574248532;0;0;0,56427.133818104776,0.006,1353,0.0001,29.133347977263742,,0.00042784168597835077,0.27632779999999,ok,same_stridge_core,Hx;D_x^1.513297 H;Hxxx;H*Hxx;H*Hxxx,0.03182091592617908,0.9197810682113542
0.6731652513811738,1.563653261542732,0.521316158111499,-1.3773940954404342,0;0;-1.37739409544;0.521316158111;2.06142411333;0;0;-0.108702506181;-0.322356240884;0;0;0,55257.98281511519,0.006,1354,0.0001,28.924736993702837,,0.0008657005989811371,0.39604579999991074,ok,same_stridge_core,Hx;D_x^1.563653 H;Hxxx;H*Hxx;H*Hxxx,0.03806349206349203,1.2957455861452403
0.7256378346399236,1.405270885569591,0.17180715542065597,-1.1692907862238444,0;0;-1.16929078622;0.171807155421;0;0;0;0;0;0;0;0,58582.200345069454,0.006,1355,0.0001,12.758570154148277,,0.0005613522898563052,0.2912802999999258,ok,same_stridge_core,Hx;D_x^1.405271 H,0.03,1.0421300851343842
0.7271052028740597,1.1648677101358322,0.10392982015625914,-1.2148513103081244,0;0;-1.21485131031;0.103929820156;0;0;0;0;-0.103498971904;0;0;0,61574.98997966074,0.006,1356,0.0001,19.680516436754306,,0.0007490713380296221,0.3903817999998864,ok,same_stridge_core,Hx;D_x^1.164868 H;H*Hxxx,0.024,1.2080194428560815
0.7623747470327262,1.3777525433519502,0.19722823280321322,-1.0970395700702762,0;0;-1.09703957007;0.197228232803;0;0;0;0;0;0;0;0,59039.99527589827,0.006,1357,0.0001,13.01986765586568,,0.0007546204071946094,0.2795567000000574,ok,same_stridge_core,Hx;D_x^1.377753 H,0.0292887997409281,1.2118686006860246
0.6769422198282624,1.6815448187136863,0.5592085403031488,-1.2964573415064067,0;0;-1.29645734151;0.559208540303;3.18997986699;0;0;-0.0950705371394;-0.443789035965;0;0;0,53115.10414672754,0.006,1358,0.0001,27.92907682859664,,0.000996299850551601,0.14969499999983782,ok,same_stridge_core,Hx;D_x^1.681545 H;Hxxx;H*Hxx;H*Hxxx,0.018000000000000002,1.3715247552328669
0.695919075617994,1.8614807140459755,0.0,-1.1799428743928986,0;0;-1.17994287439;0;0;0;0;0;0;0;0;0,61547.315431516945,0.006,1359,0.0001,8.308442219483277,,0.002337118254842796,0.14856650000001537,ok,same_stridge_core,Hx,0.035323335488041376,2.1537106763315825
0.6916999671875043,1.4553676359184236,0.41619243883946805,-1.3725930851445647,0;0;-1.37259308514;0.416192438839;0.211048084601;0;0;-0.0883471343051;-0.104262018037;0;0;0,57654.00507145017,0.006,1360,0.0001,29.829221119939323,,0.0005093679685975676,0.3915882999999667,ok,same_stridge_core,Hx;D_x^1.455368 H;Hxxx;H*Hxx;H*Hxxx,0.018000000000000002,1.0022185842142384
0.5626390224798236,1.9227781476130494,-0.3995568121564949,-1.6318802405290938,0;0;-1.63188024053;-0.399556812156;0;0;0;0;-0.151404476349;0;0;0,64170.01400733797,0.006,1361,0.0001,23.48884981168027,,0.009632341526045233,0.3966860999998971,ok,same_stridge_core,Hx;D_x^1.922778 H;H*Hxxx,0.10800000000000003,4.237845609478877
0.6867571184854158,1.99988771035207,0.0,-1.2045791561907813,0;0;-1.20457915619;0;0;0;0;0;0;0;0;0,64128.09936980637,0.006,1362,0.0001,8.551388960784621,,0.002320774354530879,0.2748938000001999,ok,same_stridge_core,Hx,0.15000000000000005,2.1385790238039837
0.6475781959375342,1.3756931140049993,0.4825382508579467,-1.618271221067713,0;0;-1.61827122107;0.482538250858;0;0;0;-0.147613865133;-0.167174374778;0;0;0,59072.8317679039,0.006,1363,0.0001,24.991623074212118,,0.0009381990243338018,0.3729172999999264,ok,same_stridge_core,Hx;D_x^1.375693 H;H*Hxx;H*Hxxx,0.018000000000000002,1.362490367050555
0.7764950681031986,1.6466335234646536,0.31518008480690307,-1.015604000628794,0;0;-1.01560400063;0.315180084807;0;0;0;0;0;0;0;0,53485.74530555645,0.006,1364,0.0001,11.73141806960463,,0.0005428714250754835,0.2743619000000308,ok,same_stridge_core,Hx;D_x^1.646634 H,0.024,1.03426900849334
0.7034408307293639,1.5559055824133747,0.17664734129668536,-1.1953493143521035,0;0;-1.19534931435;0.176647341297;0;0;0;0;0;0;0;0,55440.99069154948,0.006,1365,0.0001,12.332457219098488,,0.0008286568522612586,0.28341450000016266,ok,same_stridge_core,Hx;D_x^1.555906 H,0.08819153439153443,1.244259080788592
0.7257744299183104,1.0508802585824548,0.0416568405570061,-1.1588064229283888,0;0;-1.15880642293;0.041656840557;0.0815896509185;0;0;0.026289682884;-0.0779724876551;0;0;0,62400.98247291084,0.006,1366,0.0001,32.45249720482053,,0.0008110967197215664,0.14901679999979933,ok,same_stridge_core,Hx;D_x^1.05088 H;Hxxx;H*Hxx;H*Hxxx,0.018000000000000002,1.252005968365111
0.645852453392608,1.5419222750882824,0.5725610380354926,-1.4919891573036017,0;0;-1.4919891573;0.572561038035;2.66924860107;0;0;-0.142000122378;-0.430656601624;0;0;0,55769.665496686976,0.006,1367,0.0001,29.563292588220527,,0.0014585927283022736,0.387677100000019,ok,same_stridge_core,Hx;D_x^1.541922 H;Hxxx;H*Hxx;H*Hxxx,0.06017142857142856,1.6784598398770378
0.6833341836646861,1.7844842723452305,0.5925462095091387,-1.27581090897756,-0.0202711848092;0;-1.27581090898;0.592546209509;2.2195316331;0;0;-0.0985863508571;-0.369072350297;0;0;0,56040.41273113404,0.006,1368,0.0001,34.962713629371784,,0.0009355236371877966,0.4003233999999338,ok,same_stridge_core,1;Hx;D_x^1.784484 H;Hxxx;H*Hxx;H*Hxxx,0.018000000000000002,1.3384659906913574
0.6739908828546959,1.6466122257930649,0.5505041022294169,-1.3241894355263386,0;0;-1.32418943553;0.550504102229;2.96985007742;0;0;-0.100788087645;-0.42167422574;0;0;0,53486.08244318356,0.006,1369,0.0001,28.120533638444197,,0.0009981937083951176,0.14386050000007344,ok,same_stridge_core,Hx;D_x^1.646612 H;Hxxx;H*Hxx;H*Hxxx,0.018000000000000002,1.3774924168524205
0.7069088513547223,1.4677084941764362,0.1643559357596477,-1.2005330052069816,0;0;-1.20053300521;0.16435593576;0;0;0;0;0;0;0;0,57406.08831579723,0.006,1370,0.0001,12.64679443181429,,0.0007211766018320498,0.3892153999997845,ok,same_stridge_core,Hx;D_x^1.467708 H,0.029289201437607357,1.1655767686548446
0.6822503215231503,1.9110478690073243,0.1698019798071077,-1.1937822629923862,0;0;-1.19378226299;0.169801979807;3.40612076842;0;0;0;-0.478438450863;0;0;0,63873.44442442304,0.006,1371,0.0001,27.099676198221818,,0.001307378278627839,0.39962169999989783,ok,same_stridge_core,Hx;D_x^1.911048 H;Hxxx;H*Hxxx,0.03,1.550298428452601
0.7335898604392501,1.5922677243038637,0.2315369744063826,-1.1205443729833489,0;0;-1.12054437298;0.231536974406;0;0;0;0;0;0;0;0,54587.79245487724,0.006,1372,0.0001,11.917291999839998,,0.0005208497060595515,0.2694375000000946,ok,same_stridge_core,Hx;D_x^1.592268 H,0.035400813192409814,0.9997335088645498
0.6773828594478282,1.7624938805334138,0.578362961330618,-1.2569877101660119,0;0;-1.25698771017;0.578362961331;3.7955406824;0;0;-0.0854308746528;-0.518657884663;0;0;0,54775.9165112485,0.006,1373,0.0001,28.828511423534547,,0.001117959334061921,0.4005446999999549,ok,same_stridge_core,Hx;D_x^1.762494 H;Hxxx;H*Hxx;H*Hxxx,0.018000000000000002,1.4405531679102999
0.665202157344508,1.5617382241032285,0.5362460904466386,-1.4063572261004804,0;0;-1.4063572261;0.536246090447;2.30196072387;0;0;-0.117386323647;-0.360283889301;0;0;0,55303.23795843036,0.006,1374,0.0001,29.055303453156785,,0.001018959470431449,0.29402669999990394,ok,same_stridge_core,Hx;D_x^1.561738 H;Hxxx;H*Hxx;H*Hxxx,0.05422377622377625,1.4036844739416012
0.6784930215234517,1.94787709777524,0.16001698540943118,-1.20278015759891,0;0;-1.2027801576;0.160016985409;3.56655253425;0;0;0;-0.505321382325;0;0;0,64500.060258985584,0.006,1375,0.0001,27.409086644400023,,0.0014090892189314215,0.12851789999990615,ok,same_stridge_core,Hx;D_x^1.947877 H;Hxxx;H*Hxxx,0.03,1.609062540805787
0.6640567171965268,1.725378822150779,0.5675070373559138,-1.3115388073961325,0;0;-1.3115388074;0.567507037356;4.04901193991;0;0;-0.0972514690543;-0.562313479712;0;0;0,53452.56001319495,0.006,1376,0.0001,28.334834878713348,,0.0013914567159599056,0.3753699000001234,ok,same_stridge_core,Hx;D_x^1.725379 H;Hxxx;H*Hxx;H*Hxxx,0.03,1.6085548721158738
0.6893446454288228,1.5444636906173106,0.4795005743333049,-1.3332930786492,0;0;-1.33329307865;0.479500574333;1.32125321385;0;0;-0.0924186341928;-0.219878621676;0;0;0,55710.17996668003,0.006,1377,0.0001,28.94343950633973,,0.0006036483028041271,0.2721017999999731,ok,same_stridge_core,Hx;D_x^1.544464 H;Hxxx;H*Hxx;H*Hxxx,0.046106951871657705,1.0883495229997142
0.6753348206569069,1.1672654513632426,0.08657128949748334,-1.3092032939844949,0;0;-1.30920329398;0.0865712894975;0;0;0;0;0;0;0;0,61554.39392462497,0.006,1378,0.0001,13.88002412717334,,0.0012894012545969183,0.28200969999988956,ok,same_stridge_core,Hx;D_x^1.167265 H,0.04792203035060175,1.569145342248346
0.6872366490933157,1.5744794611423285,0.5005181984550694,-1.3235011432097603,0;0;-1.32350114321;0.500518198455;1.72953579962;0;0;-0.0938346917824;-0.266140872667;0;0;0,55002.46315946472,0.006,1379,0.0001,28.638520564687816,,0.000663533128090612,0.38961570000014945,ok,same_stridge_core,Hx;D_x^1.574479 H;Hxxx;H*Hxx;H*Hxxx,0.03,1.1372889849554528
0.7064535566700348,1.4958442382495827,0.16923872586742103,-1.1972908937010245,0;0;-1.1972908937;0.169238725867;0;0;0;0;0;0;0;0,56813.085508452736,0.006,1380,0.0001,12.542790471527791,,0.0007413663611672007,0.38534729999992123,ok,same_stridge_core,Hx;D_x^1.495844 H,0.05985516388373531,1.180173369837244
0.7410915661054885,1.687571240425501,0.2764954401233803,-1.0873382203394037,0;0;-1.08733822034;0.276495440123;0;0;0;0;0;0;0;0,53098.28767986199,0.006,1381,0.0001,11.621632567205637,,0.0005207056538854542,0.3863698000000113,ok,same_stridge_core,Hx;D_x^1.687571 H,0.018000000000000002,1.001975031233238
0.7231301781536494,1.4363420998234755,0.17663401472507578,-1.1696928860007816,0;0;-1.169692886;0.176634014725;0;0;0;0;0;0;0;0,58021.25663825305,0.006,1382,0.0001,12.64343428985251,,0.0005618591409478988,0.38171280000005936,ok,same_stridge_core,Hx;D_x^1.436342 H,0.041999999999999996,1.039182962201899
0.6619470816739328,1.8767138735488176,0.0,-1.2631063381067889,0;0;-1.26310633811;0;4.22726525127;0;0;0;-0.638062558738;0;0;0,62441.28123987311,0.006,1383,0.0001,20.627540260798387,,0.0019311780346425724,0.15586809999990692,ok,same_stridge_core,Hx;Hxxx;H*Hxxx,0.03,1.8951558888364513
0.6278264421674156,1.317490043432483,0.4743086172039957,-1.7445295481698855,0;0;-1.74452954817;0.474308617204;0;0;0;-0.169783763514;-0.233975506693;0;0;0,59924.372407069284,0.006,1384,0.0001,25.509908799587386,,0.0012022697929635728,0.3795409000001655,ok,same_stridge_core,Hx;D_x^1.31749 H;H*Hxx;H*Hxxx,0.029358473962684484,1.5401598367596694
0.7176114133246854,1.6669787496525366,0.5267857996547005,-1.1879922049140392,0;0;-1.18799220491;0.526785799655;1.61898826197;0;0;-0.0686604151256;-0.215220193627;0;0;0,53219.42636768376,0.006,1385,0.0001,27.552058118269667,,0.0004519455933395698,0.13085230000001502,ok,same_stridge_core,Hx;D_x^1.666979 H;Hxxx;H*Hxx;H*Hxxx,0.006,0.9423449344277871
0.6711038335460426,1.168848460684978,0.08458781735380064,-1.318920835095864,0;0;-1.3189208351;0.0845878173538;0;0;0;0;0;0;0;0,61540.713597838825,0.006,1386,0.0001,13.937799000102459,,0.0013986237925683138,0.3700885000000653,ok,same_stridge_core,Hx;D_x^1.168848 H,0.041999999999999996,1.6296562805346932
0.7623747470327262,1.5926696011929207,0.2725195409566477,-1.0568068261758945,0;0;-1.05680682618;0.272519540957;0;0;0;0;0;0;0;0,54578.5617919887,0.006,1387,0.0001,11.907038326121326,,0.0005014390358141416,0.2890743000000384,ok,same_stridge_core,Hx;D_x^1.59267 H,0.02332889528456229,0.9913259677235854
0.7333730226389766,1.0945987880396917,0.04476290037314024,-1.134673103497131,0;0;-1.1346731035;0.0447629003731;0;0;0;0.0294172244434;-0.057974057467;0;0;0,62117.43828111278,0.006,1388,0.0001,26.080685322471506,,0.0007853937232880757,0.4120457000001352,ok,same_stridge_core,Hx;D_x^1.094599 H;H*Hxx;H*Hxxx,0.024,1.2337100100263936
0.6278264421674156,1.317490043432483,0.4743086172039957,-1.7445295481698855,0;0;-1.74452954817;0.474308617204;0;0;0;-0.169783763514;-0.233975506693;0;0;0,59924.372407069284,0.006,1389,0.0001,25.509908799587386,,0.0012022697929635728,0.03841629999988072,ok,same_stridge_core,Hx;D_x^1.31749 H;H*Hxx;H*Hxxx,0.04121281189398833,1.5401598367596694
0.6806897871060227,1.2991408773131043,0.10330475950524078,-1.290910162658068,0;0;-1.29091016266;0.103304759505;0;0;0;0;-0.0432336066525;0;0;0,60164.185760746266,0.006,1390,0.0001,19.485102396099645,,0.0011193047808343462,0.1450755000000754,ok,same_stridge_core,Hx;D_x^1.299141 H;H*Hxxx,0.018000000000000002,1.435846667875765
0.6639941852735052,1.7916824119963564,1.2198017798399925,-1.3344639408719137,0;0;-1.33446394087;1.21980177984;1.04773246339;0;0;-0.593184848958;0;0;0.0489751916975;0,56518.546846290796,0.006,1391,0.0001,29.923331313152083,,0.001395519184843719,0.28233829999999216,ok,same_stridge_core,Hx;D_x^1.791682 H;Hxxx;H*Hxx;H^2*Hxx,0.024,1.6640578900066851
0.6751477362291886,1.7916824119963564,0.5775046195459367,-1.251253366919669,0;0;-1.25125336692;0.577504619546;4.05010170584;0;0;-0.082049497904;-0.554367982996;0;0;0,56518.546846290796,0.006,1392,0.0001,29.75773782521088,,0.0012168779359880315,0.14962160000004587,ok,same_stridge_core,Hx;D_x^1.791682 H;Hxxx;H*Hxx;H*Hxxx,0.024,1.498464402065482
0.6933140934930314,1.6485336684738232,0.5655727921543375,-1.2823352059551707,0;0;-1.28233520596;0.565572792154;0;0;0;-0.0885546607442;0;0;0;0,53456.02847051865,0.006,1393,0.0001,17.299245462182366,,0.0008131260657304629,0.13834810000003017,ok,same_stridge_core,Hx;D_x^1.648534 H;H*Hxx,0.047135264365264384,1.2624369210267683
0.6814510882349663,1.5813767305150879,0.5141250291430275,-1.3385548079602305,0;0;-1.33855480796;0.514125029143;1.99828763966;0;0;-0.0991907889096;-0.303359345663;0;0;0,54840.53940323515,0.006,1394,0.0001,28.630734134641088,,0.0007553634911698053,0.3790218999999979,ok,same_stridge_core,Hx;D_x^1.581377 H;Hxxx;H*Hxx;H*Hxxx,0.04136842105263157,1.2104644330235135
0.6640091345367648,1.357929224441165,0.40325315335324485,-1.5335403994377756,0;0;-1.53354039944;0.403253153353;0;0;0;-0.116114378996;-0.151105004432;0;0;0,59348.14654317959,0.006,1395,0.0001,24.90287710168064,,0.0006910654044529975,0.38996620000011717,ok,same_stridge_core,Hx;D_x^1.357929 H;H*Hxx;H*Hxxx,0.02944604196611993,1.1636184844088049
0.6536774774423791,1.5450571723074362,0.0,-1.2967052428376702,0;0;-1.29670524284;0;0;0;0;0;0;0;0;0,55696.269750771826,0.006,1396,0.0001,7.8957673898879985,,0.0028437883856331134,0.3876767000001564,ok,same_stridge_core,Hx,0.15000000000000005,2.326140414810815
0.6999249362172192,1.5975296916035109,0.5289170643157616,-1.2830289186075055,0;0;-1.28302891861;0.528917064316;0;0;0;-0.0858594126637;0;0;0;0,54467.61089725801,0.006,1397,0.0001,17.44716240680929,,0.0006155908531178151,0.38620639999999185,ok,same_stridge_core,Hx;D_x^1.59753 H;H*Hxx,0.047999999999999994,1.1068791376318843
0.6246325474412245,1.7270223615409193,0.5515110162343417,-1.4282042825435082,0;0;-1.42820428254;0.551511016234;5.69887243138;0;0;-0.119564949413;-0.811000955008;0;0;0,53489.0835383933,0.006,1398,0.0001,29.07346174385853,,0.002937315248552687,0.40004850000013903,ok,same_stridge_core,Hx;D_x^1.727022 H;Hxxx;H*Hxx;H*Hxxx,0.062400000000000004,2.3289199746618787
0.6252558589416681,1.6466122257930649,1.0522479067540746,-1.5765750247782817,0;0;-1.57657502478;1.05224790675;0.712757291263;0;0;-0.691153242365;0;0;0.0559700471065;0,53486.08244318356,0.006,1399,0.0001,28.77562689219824,,0.0020402587868337658,0.14109880000000885,ok,same_stridge_core,Hx;D_x^1.646612 H;Hxxx;H*Hxx;H^2*Hxx,0.036,2.032585670606462
0.6939496073640782,1.3525854956633445,0.1296516891283807,-1.24628857072636,0;0;-1.24628857073;0.129651689128;0;0;0;0;0;0;0;0,59428.23832396918,0.006,1400,0.0001,13.180653680556313,,0.0008886922287421025,0.38784209999994346,ok,same_stridge_core,Hx;D_x^1.352585 H,0.018000000000000002,1.2950060157624759
0.7555000288189391,1.8238330356286865,0.6458503954545255,-1.047271069547657,0;0;-1.04727106955;0.645850395455;0;0;0;-0.0475185746095;0;0;0;0,58873.584155193246,0.006,1401,0.0001,18.625061464938387,,0.00046261970162069513,0.14667800000006537,ok,same_stridge_core,Hx;D_x^1.823833 H;H*Hxx,0.012,0.9629862183804101
0.7226954588298107,1.5374001187748465,0.20063006381581225,-1.1541520513354178,0;0;-1.15415205134;0.200630063816;0;0;0;0;0;0;0;0,55875.15381614259,0.006,1402,0.0001,12.221500893866237,,0.0005755767321507201,0.3789323000000877,ok,same_stridge_core,Hx;D_x^1.5374 H,0.07887272727272722,1.046470130637718
0.5610665772588569,1.8889018509376199,-1.1699417378508234,-2.047878315325133,0;0;-2.04787831533;-1.16994173785;-0.296390741072;0;0.105634596239;-0.665335163671;0.559256103212;0;0.102626830629;0,63046.1046358654,0.006,1403,0.0001,47.46477760044851,,0.005842277745738098,0.40477260000011483,ok,same_stridge_core,Hx;D_x^1.888902 H;Hxxx;H*Hx;H*Hxx;H*Hxxx;H^2*Hxx,0.03940516273849609,3.3325043553427216
0.7308150424189563,1.567402319624253,0.22013212230054083,-1.1309671114910722,0;0;-1.13096711149;0.220132122301;0;0;0;0;0;0;0;0,55169.40221200362,0.006,1404,0.0001,12.040169787083121,,0.0005286325710066484,0.40103620000013507,ok,same_stridge_core,Hx;D_x^1.567402 H,0.0392962962962963,1.006289344682397
0.6655338050057151,1.5680230089718725,0.5956329040693727,-1.4172361879234547,0;0;-1.41723618792;0.595632904069;0;0;0;-0.123066872351;0;0;0;0,55154.742373775385,0.006,1405,0.0001,18.097859633973496,,0.0012131942556168477,0.3829812999999831,ok,same_stridge_core,Hx;D_x^1.568023 H;H*Hxx,0.084,1.5514369218408788
0.7200774329319957,1.2079997080818523,0.11866076367353075,-1.2060412646023029,0;0;-1.2060412646;0.118660763674;0;0;0;0;0;0;0;0,61181.14140623199,0.006,1406,0.0001,13.520546931067228,,0.0008267745028981048,0.3849285000001146,ok,same_stridge_core,Hx;D_x^1.208 H,0.07425000000000004,1.2843186498208286
0.6893446454288228,1.7932463489711346,0.19768198443552298,-1.201327489478398,0;0;-1.20132748948;0.197681984436;0;0;0;0;0;0;0;0,56625.840182123124,0.006,1407,0.0001,12.905641763689188,,0.0013462371851935772,0.28714979999995194,ok,same_stridge_core,Hx;D_x^1.793246 H,0.036,1.5804737272645633
0.7183971499443221,1.8353881645375385,0.2873320347891722,-1.1205353676862142,0;0;-1.12053536769;0.287332034789;0;0;0;0;0;0;0;0,59738.76071328513,0.006,1408,0.0001,13.193515183452154,,0.000825949172624305,0.3886536999998498,ok,same_stridge_core,Hx;D_x^1.835388 H,0.018000000000000002,1.2457630407951277
0.6639122900796601,1.743213519387908,0.5667088386429365,-1.30339953427463,0;0;-1.30339953427;0.566708838643;4.18173711401;0;0;-0.0943545633104;-0.579410373519;0;0;0,53956.53374769961,0.006,1409,0.0001,28.606316942263863,,0.0014301953030928503,0.281920300000138,ok,same_stridge_core,Hx;D_x^1.743214 H;Hxxx;H*Hxx;H*Hxxx,0.03,1.6280500684140597
0.7670920587488264,1.8502981494474502,0.6996635654336502,-1.0111878273099977,0;0;-1.01118782731;0.699663565434;0;0;0;-0.0472167734656;0;0;0;0,60807.1380627231,0.006,1410,0.0001,19.206651096312743,,0.0004603175583550263,0.1464330000001155,ok,same_stridge_core,Hx;D_x^1.850298 H;H*Hxx,0.018000000000000002,0.9645096774958111
0.6309208971351041,1.7791812807404586,0.0,-1.3395171734146345,0;0;-1.33951717341;0;4.93304403096;0;0;0;-0.700033500304;0;0;0,55706.57884739395,0.006,1411,0.0001,19.087572270214565,,0.0030929820375711057,0.38021950000006655,ok,same_stridge_core,Hx;Hxxx;H*Hxxx,0.05999999999999999,2.375598615996383
0.7016618933797547,1.752724445889112,0.21801796024281633,-1.1738017070106839,0;0;-1.17380170701;0.218017960243;0;0;0;0;0;0;0;0,54324.96209211478,0.006,1412,0.0001,12.249868710025698,,0.0010300055687365662,0.3704353999999057,ok,same_stridge_core,Hx;D_x^1.752724 H,0.048227678571428526,1.3848762916027413
0.6800973983886917,1.586893748699362,0.5190112422508087,-1.3397305564896893,0;0;-1.33973055649;0.519011242251;2.1070480657;0;0;-0.100191854823;-0.317084651824;0;0;0,54711.94108186514,0.006,1413,0.0001,28.588754640841046,,0.0007850904411113049,0.38857789999997294,ok,same_stridge_core,Hx;D_x^1.586894 H;Hxxx;H*Hxx;H*Hxxx,0.04136842105263157,1.2327840999084767
0.6868418643510137,1.497613608018343,0.14232136008406623,-1.242070461103807,0;0;-1.2420704611;0.142321360084;0;0;0;0;0;0;0;0,56774.558097532485,0.006,1414,0.0001,12.805056116099113,,0.0011337208479181243,0.28191149999997833,ok,same_stridge_core,Hx;D_x^1.497614 H,0.10800000000000003,1.4501444965926158
0.6434304333783676,1.753344916612629,1.2387348544585142,-1.4321409080424752,0;0;-1.43214090804;1.23873485446;1.09354418955;0;0;-0.692687382547;0;0;0.0576244473106;0,54351.43214667766,0.006,1415,0.0001,29.085821155453548,,0.0018248286077028623,0.39101499999992484,ok,same_stridge_core,Hx;D_x^1.753345 H;Hxxx;H*Hxx;H^2*Hxx,0.036,1.9101050821147187
0.6385183388568796,1.687211038136196,0.5751114030794574,-1.4089771455294284,0;0;-1.40897714553;0.575111403079;4.77856433552;0;0;-0.12123896739;-0.680001720221;0;0;0,53098.813826718215,0.006,1416,0.0001,28.562702032180326,,0.0021768855296491504,0.390265399999862,ok,same_stridge_core,Hx;D_x^1.687211 H;Hxxx;H*Hxx;H*Hxxx,0.041999999999999996,2.013295118821219
0.6450547466542825,1.399443588611898,0.5218748077493827,-1.6238951923576765,0;0;-1.62389519236;0.521874807749;0;0;0;-0.15618706732;-0.157402144396;0;0;0,58682.13959446158,0.006,1417,0.0001,24.910871928005612,,0.001040842046076614,0.3989494999998442,ok,same_stridge_core,Hx;D_x^1.399444 H;H*Hxx;H*Hxxx,0.04911675824175824,1.4380160902209784
0.7126076387669306,1.1684985838344493,0.09897358931441969,-1.2441517054249598,0;0;-1.24415170542;0.0989735893144;0;0;0;0;-0.093027190545;0;0;0,61543.7417645598,0.006,1418,0.0001,19.626474855111663,,0.000704720933540562,0.4022628000000168,ok,same_stridge_core,Hx;D_x^1.168499 H;H*Hxxx,0.023924488959589325,1.1633523257437206
0.6716174256860108,1.5940826436722326,0.5928152467777281,-1.3818182480053838,0;0;-1.38181824801;0.592815246778;0;0;0;-0.114598252045;0;0;0;0,54546.169551185296,0.006,1419,0.0001,17.860940096186283,,0.0011360995669911155,0.37790860000018256,ok,same_stridge_core,Hx;D_x^1.594083 H;H*Hxx,0.08520000000000003,1.497089230830694
0.6632893089443778,1.4082411712837895,0.4665861092758997,-1.5259735117401185,0;0;-1.52597351174;0.466586109276;0;0;0;-0.126818698497;-0.128411752573;0;0;0,58530.62918171756,0.006,1420,0.0001,24.63258374114089,,0.0007524555148357326,0.3960489000000962,ok,same_stridge_core,Hx;D_x^1.408241 H;H*Hxx;H*Hxxx,0.05712888888888889,1.2203320684538677
0.6639941852735052,1.9493914433222232,0.09426508158955772,-1.2457829602645163,0;0;-1.24578296026;0.0942650815896;4.00362534348;0;0;0;-0.5745385804;0;0;0,64507.76169882509,0.006,1421,0.0001,27.615974142596826,,0.0017920228149709623,0.29766410000001997,ok,same_stridge_core,Hx;D_x^1.949391 H;Hxxx;H*Hxxx,0.03,1.8128694630667896
0.7148414247645773,1.6256655486862972,0.5190860212639256,-1.2247726892961373,0;0;-1.2247726893;0.519086021264;0;0;0;-0.0726014234758;0;0;0;0,53863.540375892226,0.006,1422,0.0001,17.154789628173155,,0.0004972502007629671,0.4033650999999736,ok,same_stridge_core,Hx;D_x^1.625666 H;H*Hxx,0.036,0.9957275154054875
0.5754659394649412,1.910003928963556,-0.667214639936247,-1.8635859367896008,0;0;-1.86358593679;-0.667214639936;2.61257584879;0;0.0744154097287;-0.544263015709;0;0;0.0771902373253;0,63842.36731860557,0.006,1423,0.0001,41.36098003347965,,0.00493892429604189,0.3867522000000463,ok,same_stridge_core,Hx;D_x^1.910004 H;Hxxx;H*Hx;H*Hxx;H^2*Hxx,0.036,3.055559642316304
0.7267689533021637,1.2340269518804239,0.0,-1.09970967427376,0;0;-1.09970967427;0;0;0;0;0;0;0;0;0,60918.01290050357,0.006,1424,0.0001,8.454534361590174,,0.0027881666246328137,0.3968013000001065,ok,same_stridge_core,Hx,0.11200000000000003,2.362733071539817
0.6618879245640646,1.5583151462935283,0.5609665894277576,-1.4287515823756616,0;0;-1.42875158238;0.560966589428;4.43183203567;0;0;-0.123693880451;-1.067082789;0;0;0.0547078752202,55384.10665505902,0.006,1425,0.0001,34.66027040432745,,0.0010677573885742224,0.3824641999999585,ok,same_stridge_core,Hx;D_x^1.558315 H;Hxxx;H*Hxx;H*Hxxx;H^2*Hxxx,0.024,1.4298064112920341
0.6759468930196667,1.5450571723074362,0.1311189770690399,-1.261867064682075,0;0;-1.26186706468;0.131118977069;0;0;0;0;0;0;0;0,55696.269750771826,0.006,1426,0.0001,12.801604362352032,,0.0014964204985447767,0.14884919999985868,ok,same_stridge_core,Hx;D_x^1.545057 H,0.10480000000000003,1.6623504121976669
0.7273491561611919,1.6350900344516348,0.505365811448658,-1.1835391632343404,0;0;-1.18353916323;0.505365811449;0;0;0;-0.0628849047531;0;0;0;0,53683.50906896025,0.006,1427,0.0001,17.029061081442432,,0.0004262401030477846,0.4078631999998379,ok,same_stridge_core,Hx;D_x^1.63509 H;H*Hxx,0.024,0.9240083607543553
0.6778730571152974,1.5871040556965523,0.5741343532433846,-1.3631675509097412,0;0;-1.36316755091;0.574134353243;0;0;0;-0.108434330353;0;0;0;0,54707.059367273825,0.006,1428,0.0001,17.797283122352102,,0.0009689713811734397,0.39407600000004095,ok,same_stridge_core,Hx;D_x^1.587104 H;H*Hxx,0.072,1.385165312169954
0.6805834746897982,1.6466122257930649,0.5850355791649896,-1.3235768392354896,0;0;-1.32357683924;0.585035579165;0;0;0;-0.0990554316309;0;0;0;0,53486.08244318356,0.006,1429,0.0001,17.492796900994758,,0.0010741158866636937,0.15160839999998643,ok,same_stridge_core,Hx;D_x^1.646612 H;H*Hxx,0.05999999999999999,1.4469721680396892
0.6421169285555073,1.665392273444787,1.0009108657532364,-1.493193499218764,0;0;-1.49319349922;1.00091086575;0.707643705418;0;0;-0.599579612155;0;0;0.0481513383447;0,53235.619286175504,0.006,1430,0.0001,28.417026179099768,,0.0016023951483529488,0.4029275000000325,ok,same_stridge_core,Hx;D_x^1.665392 H;Hxxx;H*Hxx;H^2*Hxx,0.036,1.7992165360120154
0.6378207006447936,1.5153455377855516,0.6711909911183905,-1.5868042329226715,0;0;-1.58680423292;0.671190991118;-0.502263122237;0;0;-0.171647190495;0;0;0;0,56381.01454897806,0.006,1431,0.0001,24.46939836939277,,0.0018417175531129594,0.38334020000002056,ok,same_stridge_core,Hx;D_x^1.515346 H;Hxxx;H*Hxx,0.03,1.916992549801545
0.7335898604392501,1.505387779782652,0.2064794936208979,-1.1353509328998925,0;0;-1.1353509329;0.206479493621;0;0;0;0;0;0;0;0,56603.63625812997,0.006,1432,0.0001,12.311308338103375,,0.0005089084832486466,0.28986699999995835,ok,same_stridge_core,Hx;D_x^1.505388 H,0.029916179119126488,0.9905810864773811
0.6626473974018388,1.5968365306358632,0.5513790843185105,-1.3910408584120963,0;0;-1.39104085841;0.551379084319;2.83775390837;0;0;-0.116325521393;-0.422460143146;0;0;0,54483.35233748718,0.006,1433,0.0001,28.728663643056034,,0.0011548972537412908,0.2755534999998872,ok,same_stridge_core,Hx;D_x^1.596837 H;Hxxx;H*Hxx;H*Hxxx,0.018000000000000002,1.4869874743124427
0.6599655550052735,1.4073274905979969,0.47728684657448756,-1.5431744038414703,0;0;-1.54317440384;0.477286846574;0;0;0;-0.132139239628;-0.133094584401;0;0;0,58546.53849812806,0.006,1434,0.0001,24.67625352694255,,0.0007984275600609134,0.39895670000009886,ok,same_stridge_core,Hx;D_x^1.407327 H;H*Hxx;H*Hxxx,0.05555844155844156,1.2576381276913267
0.5488843365587635,1.8889953078161574,-0.37956900816651196,-1.6519176372117546,0;0;-1.65191763721;-0.379569008167;-0.455521624526;0;0;0;0;0;0;0,63050.34238198794,0.006,1435,0.0001,23.6510074975264,,0.011975502648517681,0.3826023999999961,ok,same_stridge_core,Hx;D_x^1.888995 H;Hxxx,0.09430000000000002,4.735904782930017
0.6718279361510585,1.872820347203152,0.0,-1.2395187248938722,0;0;-1.23951872489;0;4.01368482859;0;0;0;-0.619360873638;0;0;0,62226.720576308886,0.006,1436,0.0001,20.48798440751717,,0.0017586650402706162,0.14510519999998905,ok,same_stridge_core,Hx;Hxxx;H*Hxxx,0.024,1.8199682346245047
0.6371784997694419,1.6047306690651022,0.8906968532996414,-1.5520295831816202,0;0;-1.55202958318;0.8906968533;0.405628101759;0;0;-0.56085295304;0;0;0.0436812275061;0,54305.972391478055,0.006,1437,0.0001,28.937406545511234,,0.001570601346861768,0.38336640000011357,ok,same_stridge_core,Hx;D_x^1.604731 H;Hxxx;H*Hxx;H^2*Hxx,0.024368421052631567,1.7844203497722044
0.6489929689392446,1.545898916752385,0.6443662981348698,-1.5108382917205674,0;0;-1.51083829172;0.644366298135;-0.312094082739;0;0;-0.15076514298;0;0;0;0,55676.528129125014,0.006,1438,0.0001,24.056981974980992,,0.0016078055109990947,0.38449279999986175,ok,same_stridge_core,Hx;D_x^1.545899 H;Hxxx;H*Hxx,0.11280000000000005,1.786370723330987
0.7136772738300811,1.4998563189902283,0.17965531154210926,-1.1803869936551123,0;0;-1.18038699366;0.179655311542;0;0;0;0;0;0;0;0,56725.52075067212,0.006,1439,0.0001,12.453164798786274,,0.0006494131147854844,0.3843294999999216,ok,same_stridge_core,Hx;D_x^1.499856 H,0.029288932182826917,1.1080606486518483
0.6601975562509848,1.8502981494474502,0.0,-1.2673199539114097,0;0;-1.26731995391;0;4.26563742347;0;0;0;-0.641425121391;0;0;0,60807.1380627231,0.006,1440,0.0001,20.15476797351546,,0.001970745522904934,0.13260790000003908,ok,same_stridge_core,Hx;Hxxx;H*Hxxx,0.03,1.912626554698531
0.6253132853503589,1.7099128864283522,1.2260441345487239,-1.5322529916350938,0;0;-1.53225299164;1.22604413455;1.05103907257;0;0;-0.770057661313;0;0;0.0640487928955;0,53200.98340675711,0.006,1441,0.0001,28.734174816127975,,0.0022616624834391075,0.3926859999999124,ok,same_stridge_core,Hx;D_x^1.709913 H;Hxxx;H*Hxx;H^2*Hxx,0.047999999999999994,2.1336831127494182
0.7128915943617449,1.084805778791303,0.08150999361288755,-1.2532573256159296,0;0;-1.25325732562;0.0815099936129;0;0;0;0;-0.1182850312;0;0;0,62184.305165255246,0.006,1442,0.0001,19.90570228502575,,0.0008045576547755473,0.4024371999998948,ok,same_stridge_core,Hx;D_x^1.084806 H;H*Hxxx,0.01748571428571428,1.2504107354491747
0.541043370815556,1.8737518430309081,-0.5151557837523928,-1.6419648996669218,0;0;-1.64196489967;-0.515155783752;8.70086150304;0;0;0;-1.3250880631;0;0;0,62278.955125604494,0.006,1443,0.0001,29.353427545041725,,0.010701361868315353,0.4100498999998763,ok,same_stridge_core,Hx;D_x^1.873752 H;Hxxx;H*Hxxx,0.07220000000000001,4.441845494799928
0.6868418643510137,1.5554528296564798,0.15026140711752542,-1.2344921976458392,0;0;-1.23449219765;0.150261407118;0;0;0;0;0;0;0;0,55451.67553038842,0.006,1444,0.0001,12.572762606135598,,0.001186383052248077,0.2871176999999534,ok,same_stridge_core,Hx;D_x^1.555453 H,0.08858518518518524,1.4824275000579126
0.6455083944489182,1.3334458627448913,0.4349144824457794,-1.6389056445337358,0;0;-1.63890564453;0.434914482446;0;0;0;-0.142054732054;-0.192724734756;0;0;0,59705.10085168803,0.006,1445,0.0001,25.218468212835223,,0.0009086218503898744,0.39087080000012975,ok,same_stridge_core,Hx;D_x^1.333446 H;H*Hxx;H*Hxxx,0.08376000000000004,1.3364278721600085
0.6214183942354714,1.7387328667894288,0.538883905152392,-1.4316114599278023,0;0;-1.43161145993;0.538883905152;5.91664433868;0;0;-0.117628165037;-0.842639659789;0;0;0,53807.24105112137,0.006,1446,0.0001,29.31015256199893,,0.003142058549676938,0.38689399999998386,ok,same_stridge_core,Hx;D_x^1.738733 H;Hxxx;H*Hxx;H*Hxxx,0.06002197802197804,2.406532036438247
0.6724942527548624,1.5707211980910052,0.5254990632323489,-1.375123560055453,0;0;-1.37512356006;0.525499063232;2.17162785329;0;0;-0.108889073586;-0.335193442777;0;0;0,55091.04942281592,0.006,1447,0.0001,28.858582036307816,,0.0008907649692803661,0.38450990000001184,ok,same_stridge_core,Hx;D_x^1.570721 H;Hxxx;H*Hxx;H*Hxxx,0.05767407407407408,1.3130573248998563
0.6662053872221615,1.5539608746535831,0.5314387924266423,-1.4082261879105975,0;0;-1.40822618791;0.531438792427;2.16546434361;0;0;-0.116984106848;-0.344130512317;0;0;0,55486.86735719206,0.006,1448,0.0001,29.122583880889792,,0.0009813854552512594,0.39972080000006827,ok,same_stridge_core,Hx;D_x^1.553961 H;Hxxx;H*Hxx;H*Hxxx,0.0437158371040724,1.3791502022937625
0.6817340972579948,1.8614807140459755,0.0,-1.2182459964152421,0;0;-1.21824599642;0;0;0;0;0;0;0;0;0,61547.315431516945,0.006,1449,0.0001,8.29652887729156,,0.0023386829490058296,0.13603439999997136,ok,same_stridge_core,Hx,0.15000000000000005,2.1417973341398655
0.6600720202032535,1.5483485544797846,0.6102466465661979,-1.4634899132306207,0;0;-1.46348991323;0.610246646566;-0.270803724435;0;0;-0.135686019351;0;0;0;0,55619.00468156746,0.006,1450,0.0001,23.840313315875786,,0.0012764266651194049,0.3842207000000144,ok,same_stridge_core,Hx;D_x^1.548349 H;Hxxx;H*Hxx,0.09960000000000005,1.592711443248804
0.6633918935888641,1.577257392815961,0.544700696201627,-1.4018786839704873,0;0;-1.40187868397;0.544700696202;2.56601373248;0;0;-0.117764594837;-0.391570901668;0;0;0,54937.124260403776,0.006,1451,0.0001,28.919128894106937,,0.0010932087194280835,0.3949210000000676,ok,same_stridge_core,Hx;D_x^1.577257 H;Hxxx;H*Hxx;H*Hxxx,0.07127472527472535,1.4505667639050468
0.6657747242783817,1.3338854395326292,0.3684724517842522,-1.5265489987433436,0;0;-1.52654899874;0.368472451784;0;0;0;-0.107845728657;-0.158394929603;0;0;0,59698.91362362299,0.006,1452,0.0001,25.019430032500246,,0.0006668315335695614,0.3743119000000661,ok,same_stridge_core,Hx;D_x^1.333885 H;H*Hxx;H*Hxxx,0.02333002222728539,1.1398645830510488
0.725101299065633,1.5918431741868424,0.21853425076290103,-1.139912444537381,0;0;-1.13991244454;0.218534250763;0;0;0;0;0;0;0;0,54597.55201959472,0.006,1453,0.0001,11.967898740034425,,0.0005780118102092505,0.27549130000011246,ok,same_stridge_core,Hx;D_x^1.591843 H,0.047999999999999994,1.0483883361154809
0.6634437756656395,1.2340269518804239,0.08790977419210703,-1.3301169186322266,0;0;-1.33011691863;0.0879097741921;0;0;0;0;0;0;0;0,60918.01290050357,0.006,1454,0.0001,13.94498365503862,,0.0016617538433950077,0.14569180000012238,ok,same_stridge_core,Hx;D_x^1.234027 H,0.05399999999999999,1.7613810749379044
0.6196244683755114,1.8558120525295403,0.0,-1.368240396492581,0;0;-1.36824039649;0;5.20360033344;0;0;0;-0.723857642536;0;0;0,61179.9484282811,0.006,1455,0.0001,20.983057033822462,,0.003790632408396525,0.3859167000000525,ok,same_stridge_core,Hx;Hxxx;H*Hxxx,0.05306507122507121,2.629072505338129
0.6598879034330869,1.6394596366532725,0.8446006712330826,-1.4357843575830973,0;0;-1.43578435758;0.844600671233;0.473052379704;0;0;-0.457405461486;0;0;0.0351731844844;0,53605.38782422535,0.006,1456,0.0001,28.319790399794943,,0.0011390940953451643,0.40247550000003685,ok,same_stridge_core,Hx;D_x^1.63946 H;Hxxx;H*Hxx;H^2*Hxx,0.022357142857142843,1.5170964876822675
0.8238914469692317,1.1074366449504458,0.0,-0.84494406498825,0;0;-0.844944064988;0;0;0;0;0.081647968563;0;0;0;0,62026.70751440841,0.006,1457,0.0001,13.987226475654023,,0.0012668753798212736,0.38760179999985667,ok,same_stridge_core,Hx;H*Hxx,0.03666666666666666,1.5818849727723403
0.7456997165731242,1.6951045640324178,0.28764571019366153,-1.0753745947146045,0;0;-1.07537459471;0.287645710194;0;0;0;0;0;0;0;0,53102.15043399319,0.006,1458,0.0001,11.610668837675194,,0.000506137231696668,0.37934440000003633,ok,same_stridge_core,Hx;D_x^1.695105 H,0.018562259214036984,0.990238750876556
0.6719064547223692,1.6466122257930649,0.5525416086206869,-1.3305532709482024,0;0;-1.33055327095;0.552541608621;3.047979147;0;0;-0.102454754419;-0.433323103888;0;0;0,53486.08244318356,0.006,1459,0.0001,28.15033803817683,,0.0010430001667795855,0.15143470000020898,ok,same_stridge_core,Hx;D_x^1.646612 H;Hxxx;H*Hxx;H*Hxxx,0.018000000000000002,1.4072968165850528
0.6776000633801549,1.58797765063929,0.5236609757999113,-1.3472626819192475,0;0;-1.34726268192;0.5236609758;2.20463189434;0;0;-0.102536142;-0.331277148868;0;0;0,54686.80350236898,0.006,1460,0.0001,28.608891104397895,,0.0008286743351052419,0.3987345999998979,ok,same_stridge_core,Hx;D_x^1.587978 H;Hxxx;H*Hxx;H*Hxxx,0.04136842105263157,1.265489353213405
0.6494227902222302,1.8238330356286865,0.0,-1.2935188763477656,0;0;-1.29351887635;0;4.50567874455;0;0;0;-0.662477603375;0;0;0,58873.584155193246,0.006,1461,0.0001,19.708959369936903,,0.002278794959486695,0.149664600000051,ok,same_stridge_core,Hx;Hxxx;H*Hxxx,0.029394763845641034,2.046884123378928
0.6719657586985763,1.5998349409683474,0.5941297248223254,-1.3775677627248144,0;0;-1.37756776272;0.594129724822;0;0;0;-0.113682453896;0;0;0;0,54415.47446786975,0.006,1462,0.0001,17.82652913141513,,0.0011451351292583142,0.36443050000002586,ok,same_stridge_core,Hx;D_x^1.599835 H;H*Hxx,0.084,1.501886791054201
0.6579464851479482,1.321885762767365,0.37910213728077763,-1.5702031347123149,0;0;-1.57020313471;0.379102137281;0;0;0;-0.117988641663;-0.176352561818;0;0;0,59864.98114957807,0.006,1463,0.0001,25.14926280245067,,0.0007420527034440879,0.3785556999998789,ok,same_stridge_core,Hx;D_x^1.321886 H;H*Hxx;H*Hxxx,0.024668482777726465,1.2032703426194422
0.6086155565141087,1.8403370995179695,0.0,-1.3967063523955938,0;0;-1.3967063524;0;5.47443670541;0;0;0;-0.747743169794;0;0;0,60101.41002420688,0.006,1464,0.0001,20.93933792140417,,0.0046353026473486564,0.14401350000002822,ok,same_stridge_core,Hx;Hxxx;H*Hxxx,0.053851748712193136,2.9089149141421067
0.5424624465989953,1.94787709777524,-2.235117270979175,-2.191613789034207,0;0;-2.19161378903;-2.23511727098;0;0;0.115184623674;-0.447999476642;0.506661206956;0;0.0899443067436;0,64500.060258985584,0.006,1465,0.0001,42.344127479499086,,0.0070355736039412675,0.13974989999996978,ok,same_stridge_core,Hx;D_x^1.947877 H;H*Hx;H*Hxx;H*Hxxx;H^2*Hxx,0.07338461538461544,3.6440913241077317
0.656040313132137,1.5525056882914614,0.0,-1.2899571141274035,0;0;-1.28995711413;0;0;0;0;0;0;0;0;0,55521.168521766594,0.006,1466,0.0001,7.8515689177654355,,0.0027719630244421554,0.3834432999999535,ok,same_stridge_core,Hx,0.15000000000000005,2.2994520655887762
0.692551402934376,1.8050186188388728,0.0,-1.222300967668738,-0.0251726862334;0;-1.22230096767;0;0;0;0;0;0.141292536256;0;0;-0.0341783712439,57465.0477948869,0.006,1467,0.0001,24.48209277448536,,0.0011524943392082787,0.15133090000017546,ok,same_stridge_core,1;Hx;H*Hxxx;H^2*Hxxx,0.018000000000000002,1.4960736565305977
0.6247566800227983,1.2999366413893763,0.46008299963700894,-1.7654247224200785,0;0;-1.76542472242;0.460082999637;0;0;0;-0.17069009237;-0.249886973622;0;0;0,60154.051730602565,0.006,1468,0.0001,25.623375035693073,,0.001238124807704632,0.39178449999985787,ok,same_stridge_core,Hx;D_x^1.299937 H;H*Hxx;H*Hxxx,0.036,1.561754343452046
0.7210666508351462,1.4829087006083828,0.18361922276355203,-1.1686290349095279,0;0;-1.16862903491;0.183619222764;-0.0580759237924;0;0;0;0;0;0;0,57090.40927474338,0.006,1469,0.0001,18.171919338085466,,0.0005736012154024288,0.3938354999997955,ok,same_stridge_core,Hx;D_x^1.482909 H;Hxxx,0.018000000000000002,1.0447965556624497
0.6158320074367689,1.4870003155327765,0.6865933115643869,-1.6642360927519448,0;0;-1.66423609275;0.686593311564;0;0;0;-0.1893006138;0;0;0;0,57003.531918341374,0.006,1470,0.0001,19.46732183563479,,0.0027810355818524593,0.4009494000001723,ok,same_stridge_core,Hx;D_x^1.487 H;H*Hxx,0.036,2.366262260132378
0.6276812942005258,1.6794963470434638,1.1236442257208414,-1.5436968455916664,0;0;-1.54369684559;1.12364422572;0.878116490146;0;0;-0.715233293551;0;0;0.0586757471471;0,53124.55889282859,0.006,1471,0.0001,28.607758926435803,,0.002071967582213747,0.4229803000000629,ok,same_stridge_core,Hx;D_x^1.679496 H;Hxxx;H*Hxx;H^2*Hxx,0.041999999999999996,2.0454794800215086
0.6552493944665282,1.4118326251874067,0.49962261023202176,-1.5657883648117603,0;0;-1.56578836481;0.499622610232;0;0;0;-0.140676299099;-0.13677476545;0;0;0,58467.697962816535,0.006,1472,0.0001,24.710567092661584,,0.0008824676868725408,0.38592039999980443,ok,same_stridge_core,Hx;D_x^1.411833 H;H*Hxx;H*Hxxx,0.058990786990786984,1.3234879075349686
0.5576396223519997,1.9034503239957072,-0.44862943785492265,-1.5902005183004597,0;0;-1.5902005183;-0.448629437855;7.88683897065;0;0;0;-1.19682038739;0;0;0,63629.49912740148,0.006,1473,0.0001,29.433297823614375,,0.008603468211082668,0.40024399999992966,ok,same_stridge_core,Hx;D_x^1.90345 H;Hxxx;H*Hxxx,0.07694949494949498,3.9814981726537777
0.6388355636920966,1.6581216473219387,0.6457289558347812,-1.4519258858432722,0;0;-1.45192588584;0.645728955835;0.0470199611583;0;0;-0.130853479511;0;0;0;0,53320.422763903596,0.006,1474,0.0001,23.584484658421292,,0.0026467753770117257,0.3853668000001562,ok,same_stridge_core,Hx;D_x^1.658122 H;Hxxx;H*Hxx,0.041999999999999996,2.256315552859853
0.6902634295907316,1.5852974735122052,0.5426825548136889,-1.3206186692511495,0;0;-1.32061866925;0.542682554814;0;0;0;-0.0954910455383;0;0;0;0,54749.04450748481,0.006,1475,0.0001,17.631559357059135,,0.000732415283888933,0.3921689000001152,ok,same_stridge_core,Hx;D_x^1.585297 H;H*Hxx,0.05999999999999999,1.2068460048136898
0.6841203919059102,1.8445644307366105,0.0,-1.2452203573946357,-0.0241422299664;0;-1.24522035739;0;1.36702355119;0;0;0;-0.298825713102;0;0;0,60405.387985349436,0.006,1476,0.0001,25.73137870023443,,0.0012802717442590027,0.3857379999999466,ok,same_stridge_core,1;Hx;Hxxx;H*Hxxx,0.018000000000000002,1.5692235060946544
0.7097419232222255,1.6326926391635586,0.20381820766315747,-1.169580213556344,0;0;-1.16958021356;0.203818207663;0;0;0;0;0;0;0;0,53727.88863618487,0.006,1477,0.0001,11.957806771918582,,0.0007847954415326677,0.3628459000001385,ok,same_stridge_core,Hx;D_x^1.632693 H,0.09711111111111116,1.212229044681606
0.6321932820961005,1.4986733202154876,0.6842803756324197,-1.628818447894595,0;0;-1.62881844789;0.684280375632;-0.621847421603;0;0;-0.182837978901;0;0;0;0,56751.4146169922,0.006,1478,0.0001,24.678122246297875,,0.00195443900231954,0.40247229999999945,ok,same_stridge_core,Hx;D_x^1.498673 H;Hxxx;H*Hxx,0.06128571428571431,1.9775563995009942
0.6811790082175142,1.8614807140459755,0.0,-1.2197633050914045,0;0;-1.21976330509;0;0;0;0;0;0;0;0;0,61547.315431516945,0.006,1479,0.0001,8.29741186156624,,0.002341890891049556,0.1317685999999867,ok,same_stridge_core,Hx,0.15000000000000005,2.142680318414546
0.6892650066336201,1.7444528844094673,0.18689532744236986,-1.2065473546196446,0;0;-1.20654735462;0.186895327442;0;0;0;0;0;0;0;0,54000.56930951331,0.006,1480,0.0001,12.354432726259256,,0.001302944253001336,0.3899979999998777,ok,same_stridge_core,Hx;D_x^1.744453 H,0.04766000000000001,1.5543188643565942
0.7103090099906104,1.4796882351283533,0.17103878670558692,-1.191076516089288,0;0;-1.19107651609;0.171038786706;0;0;0;0;0;0;0;0,57158.226446744375,0.006,1481,0.0001,12.565807266087191,,0.00068140046936864,0.3824159000000691,ok,same_stridge_core,Hx;D_x^1.479688 H,0.018000000000000002,1.134161976738316
0.6410187425026347,1.3879059301404828,0.5222314934911728,-1.6500581824208476,0;0;-1.65005818242;0.522231493491;0;0;0;-0.161358183095;-0.170030628654;0;0;0,58875.23147431241,0.006,1482,0.0001,25.02237876291815,,0.00109155940424346,0.3751735999999255,ok,same_stridge_core,Hx;D_x^1.387906 H;H*Hxx;H*Hxxx,0.02363142857142855,1.4722861731931882
0.7139575608043235,1.4993271706043836,0.17990871162453737,-1.179840807083646,0;0;-1.17984080708;0.179908711625;0;0;0;0;0;0;0;0,56737.10986445977,0.006,1483,0.0001,12.45278499141763,,0.0006460495887555014,0.39581280000015795,ok,same_stridge_core,Hx;D_x^1.499327 H,0.036650283050283054,1.105363018525676
0.7267689533021637,1.7670647216721913,0.27945393356301707,-1.1090351132379141,0;0;-1.10903511324;0.279453933563;0;0;0;0;0;0;0;0,55011.44428014122,0.006,1484,0.0001,12.13095357235612,,0.0006726118892353332,0.287364099999877,ok,same_stridge_core,Hx;D_x^1.767065 H,0.0392962962962963,1.1286647163278742
0.7034408307293639,1.404728257741594,0.14565608956515055,-1.2223349497528206,0;0;-1.22233494975;0.145656089565;-0.134236842709;0;0;0;0;0;0;0,58591.57653953043,0.006,1485,0.0001,18.757177976942454,,0.0007417872524044986,0.27317599999992126,ok,same_stridge_core,Hx;D_x^1.404728 H;Hxxx,0.04713306698592412,1.1797050150833224
0.6536774774423791,1.1555206690668531,0.0737228202608967,-1.3613241351283771,0;0;-1.36132413513;0.0737228202609;0;0;0;0;0;0;0;0,61653.894114248964,0.006,1486,0.0001,14.271007040775691,,0.002013110206483438,0.279094299999997,ok,same_stridge_core,Hx;D_x^1.155521 H,0.024,1.9402282179258978
0.672142023667677,1.8174825767066938,0.0,-1.4351501413134578,-0.0221189637437;0;-1.43515014131;0;0.0867625757011;0;0.0362928821792;-0.190462606609;0.0901659001277;0;0.0254956070875;0,58394.16794139117,0.006,1487,0.0001,42.32875322958825,,0.001107698417073743,0.39544249999994463,ok,same_stridge_core,1;Hx;Hxxx;H*Hx;H*Hxx;H*Hxxx;H^2*Hxx,0.012,1.4528356706144243
0.6784614822709765,1.5846394801241754,0.5207455966368822,-1.346448696499778,0;0;-1.3464486965;0.520745596637;2.13663020282;0;0;-0.101918017223;-0.322645775863;0;0;0,54764.36562342243,0.006,1488,0.0001,28.63306655012057,,0.0008086269301002718,0.39017710000007355,ok,same_stridge_core,Hx;D_x^1.584639 H;Hxxx;H*Hxx;H*Hxxx,0.045000000000000026,1.250883738409352
0.7311051305859309,1.3791283172849915,0.17051686863045143,-1.1617758885365728,0;0;-1.16177588854;0.17051686863;0;0;0;0;0;0;0;0,59017.94879846522,0.006,1489,0.0001,12.858697767553483,,0.0005710341094489214,0.41308230000004187,ok,same_stridge_core,Hx;D_x^1.379128 H,0.018000000000000002,1.0551080078604385
0.7143756465177461,1.4936958224902233,0.1792249754052772,-1.1797880387496025,0;0;-1.17978803875;0.179224975405;0;0;0;0;0;0;0;0,56859.680198450784,0.006,1490,0.0001,12.472019519980371,,0.0006393238704568052,0.4057148999997935,ok,same_stridge_core,Hx;D_x^1.493696 H,0.023924357996443275,1.1000834802902146
0.6735338147026655,1.5803466241604642,0.5274685763707992,-1.365461359819927,0;0;-1.36546135982;0.527468576371;2.25378044787;0;0;-0.107096231755;-0.342527493561;0;0;0,54864.65248917864,0.006,1491,0.0001,28.74268368163844,,0.0008887281308992779,0.37808719999998175,ok,same_stridge_core,Hx;D_x^1.580347 H;Hxxx;H*Hxx;H*Hxxx,0.04283193277310922,1.310357437049122
0.6604889211833364,1.674256946509653,0.9184557282487052,-1.4144452358402753,0;0;-1.41444523584;0.918455728249;0.631063985953;0;0;-0.490910178698;0;0;0.0386091825436;0,53156.80873719479,0.006,1492,0.0001,28.131411390755314,,0.0011960751163734213,0.3877551000000494,ok,same_stridge_core,Hx;D_x^1.674257 H;Hxxx;H*Hxx;H^2*Hxx,0.024,1.5530070221579164
0.6601083253729536,1.9925013278709636,0.13068100239573524,-1.2709652833428593,0;0;-1.27096528334;0.130681002396;0;0;0;0;0;0;0;0,64249.87038965904,0.006,1493,0.0001,14.98796981663203,,0.0024538353703727656,0.38293990000011036,ok,same_stridge_core,Hx;D_x^1.992501 H,0.05999999999999999,2.137995738700221
0.665202157344508,1.683716853873562,0.56500926728761,-1.3298913796990524,0;0;-1.3298913797;0.565009267288;3.66097891209;0;0;-0.102866853065;-0.513440449401;0;0;0,53107.111692837796,0.006,1494,0.0001,28.101578537943347,,0.0012770071674563295,0.2796385999999984,ok,same_stridge_core,Hx;D_x^1.683717 H;Hxxx;H*Hxx;H*Hxxx,0.024,1.548022691524448
0.6810468083805339,1.7271278502057417,0.5726036765943159,-1.2624731433004859,0;0;-1.2624731433;0.572603676594;3.4108418366;0;0;-0.0878921232081;-0.466397936706;0;0;0,53491.494884921965,0.006,1495,0.0001,28.10325338973089,,0.0009838227866843668,0.4052686999998514,ok,same_stridge_core,Hx;D_x^1.727128 H;Hxxx;H*Hxx;H*Hxxx,0.018000000000000002,1.3575059472699058
0.6958597999777459,1.7552846465721417,0.2050290929805091,-1.1883550138661367,0;0;-1.18835501387;0.205029092981;0;0;0;0;0;0;0;0,54436.10040675025,0.006,1496,0.0001,12.351938331674301,,0.0011547367884775393,0.3995473999998467,ok,same_stridge_core,Hx;D_x^1.755285 H,0.036,1.4647182503242506
0.6804350634864288,1.748819597722825,0.578227113022037,-1.2544429041155891,0;0;-1.25444290412;0.578227113022;3.59089635509;0;0;-0.085810692417;-0.489730690599;0;0;0,54165.20786414043,0.006,1497,0.0001,28.46792079628421,,0.0010295604220177791,0.4004053000001022,ok,same_stridge_core,Hx;D_x^1.74882 H;Hxxx;H*Hxx;H*Hxxx,0.018000000000000002,1.3853168642139992
0.6505512076945971,1.6755043987444003,0.9773529476079543,-1.4529691551658663,0;0;-1.45296915517;0.977352947608;0.701801379829;0;0;-0.555759075907;0;0;0.0443963643833;0,53148.11102464126,0.006,1498,0.0001,28.26490936997788,,0.0014170431159903532,0.3879704999999376,ok,same_stridge_core,Hx;D_x^1.675504 H;Hxxx;H*Hxx;H^2*Hxx,0.03,1.6908538576572487
0.5838282404366999,1.5623374527355671,1.0884542309478624,-1.8384978039506041,0;0;-1.83849780395;1.08845423095;0.323269850571;0;0;-0.870339929738;0;0;0.0696275950558;0,55289.07919498827,0.006,1499,0.0001,30.249331831907252,,0.0033309705940655276,0.14046250000001237,ok,same_stridge_core,Hx;D_x^1.562337 H;Hxxx;H*Hxx;H^2*Hxx,0.05013461538461536,2.6047922344131185
0.6938781650169243,1.7666407893342382,0.2029759700404255,-1.1922211320436715,0;0;-1.19222113204;0.20297597004;0;0;0;0;0;0;0;0,54988.96131958017,0.006,1500,0.0001,12.497165049506147,,0.0012106469565454918,0.3712411000001339,ok,same_stridge_core,Hx;D_x^1.766641 H,0.035253321841557134,1.499372785590114
0.7040466786429933,1.5764391039850107,0.5022507982811204,-1.276382794697062,0;0;-1.2763827947;0.502250798281;0;0;0;-0.0811041636209;0;0;0;0,54956.357077358065,0.006,1501,0.0001,17.52842795343045,,0.0005426683749088091,0.14697660000001633,ok,same_stridge_core,Hx;D_x^1.576439 H;H*Hxx,0.041999999999999996,1.0415208302230308
0.6875356399920171,1.7965276579908556,0.0,-1.1939862712011071,0;0;-1.1939862712;0;0;0;0;0;0.644824007751;0;0;-0.0956626370194,56854.48001899765,0.006,1502,0.0001,18.78475119977363,,0.0015545494743673643,0.3978695000000698,ok,same_stridge_core,Hx;H*Hxxx;H^2*Hxxx,0.024,1.728407194074334
0.7112286412108942,1.5578016777151653,0.44681295840285684,-1.2538016751251402,0;0;-1.25380167513;0.446812958403;0.818164407453;0;0;-0.0706313124161;-0.136145598983;0;0;0,55396.23181652795,0.006,1503,0.0001,28.63099480579987,,0.00043969922240261064,0.26534769999989294,ok,same_stridge_core,Hx;D_x^1.557802 H;Hxxx;H*Hxx;H*Hxxx,0.024171428571428538,0.9328788975358927
0.6731736843605021,1.56163619880114,0.5701946386114513,-1.3918180816877483,0;0;-1.39181808169;0.570194638611;0;0;0;-0.114277044541;0;0;0;0,55305.6483796112,0.006,1504,0.0001,18.007582665273983,,0.0010071050627970624,0.36873050000008334,ok,same_stridge_core,Hx;D_x^1.561636 H;H*Hxx,0.09000000000000001,1.4158881513906223
0.6743489680989716,1.5769900168489583,0.5773079342676743,-1.3805360746179536,0;0;-1.38053607462;0.577307934268;0;0;0;-0.112689911447;0;0;0;0,54943.40741506256,0.006,1505,0.0001,17.905881000375107,,0.001020723113401288,0.3843598999999358,ok,same_stridge_core,Hx;D_x^1.57699 H;H*Hxx,0.078,1.422858775856338
0.6325630124520705,1.8352004132222517,0.0,-1.574046129846694,0;0;-1.57404612985;0;1.48730415391;0;0.0510057818323;-0.443018987596;0.0827377818862;0;0.0568888024102;0,59724.87668933804,0.006,1506,0.0001,37.89327726213772,,0.002226011860648632,0.38293369999996685,ok,same_stridge_core,Hx;Hxxx;H*Hx;H*Hxx;H*Hxxx;H^2*Hxx,0.018000000000000002,2.058351248534899
0.7065479626557166,1.069335373912331,0.07687104463257996,-1.2681435350231685,0;0;-1.26814353502;0.0768710446326;0;0;0;0;-0.117749992385;0;0;0,62285.93343315,0.006,1507,0.0001,19.943563907457097,,0.0008190250254974232,0.38871679999988373,ok,same_stridge_core,Hx;D_x^1.069335 H;H*Hxxx,0.018000000000000002,1.257783877512096
0.7404252427885829,1.3715667110884548,0.1768234862014347,-1.1433347415017399,0;0;-1.1433347415;0.176823486201;0;0;0;0;0;0;0;0,59138.048110648,0.006,1508,0.0001,12.910420130620965,,0.0005990124835515042,0.2739572999998927,ok,same_stridge_core,Hx;D_x^1.371567 H,0.023924381349247528,1.0828105084913653
0.6565222432607034,1.5918301125870615,0.7684339586668569,-1.47566657442203,0;0;-1.47566657442;0.768433958667;0.249085313352;0;0;-0.427050943001;0;0;0.0317425628946;0,54597.85301646885,0.006,1509,0.0001,28.799742923840384,,0.001113191396597928,0.4139591000000564,ok,same_stridge_core,Hx;D_x^1.59183 H;Hxxx;H*Hxx;H^2*Hxx,0.018000000000000002,1.5008164156059567
0.672155915012086,1.5824135020981556,0.12815826905973032,-1.2668734583182024,0;0;-1.26687345832;0.12815826906;0;0;0;0;0;0;0;0,54816.298602538,0.006,1510,0.0001,12.71525987036106,,0.0016633590169886873,0.4004202000000987,ok,same_stridge_core,Hx;D_x^1.582414 H,0.10371428571428574,1.7520001498534588
0.6639941852735052,1.5950765302548562,0.5487128226590141,-1.3877334376451516,0;0;-1.38773343765;0.548712822659;2.76749668309;0;0;-0.115200206328;-0.41272604465;0;0;0,54523.448837913835,0.006,1511,0.0001,28.726041710031566,,0.001118829308199605,0.29112319999990177,ok,same_stridge_core,Hx;D_x^1.595077 H;Hxxx;H*Hxx;H*Hxxx,0.018000000000000002,1.4643172910746498
0.7001331457718027,1.4581832232182064,0.39659418584023587,-1.3376247492868725,0;0;-1.33762474929;0.39659418584;0.0743640024407;0;0;-0.0779128079293;-0.0779405619953;0;0;0,57598.110235400265,0.006,1512,0.0001,29.75288116940047,,0.00046198195226518384,0.38257550000002993,ok,same_stridge_core,Hx;D_x^1.458183 H;Hxxx;H*Hxx;H*Hxxx,0.018000000000000002,0.9538260517003397
0.7294146646830839,1.4637576773825935,0.19044923951654377,-1.1515221430145224,0;0;-1.15152214301;0.190449239517;0;0;0;0;0;0;0;0,57486.281959368614,0.006,1513,0.0001,12.50659216144356,,0.000528520143130723,0.3882872000001498,ok,same_stridge_core,Hx;D_x^1.463758 H,0.05568188552188553,1.0093357695698382
0.7098247052652509,1.8080393764638938,0.2548385401653908,-1.1461440585194274,0;0;-1.14614405852;0.254838540165;0;0;0;0;0;0;0;0,57687.52898883622,0.006,1514,0.0001,12.85693468789548,,0.0009311918988872057,0.3746527999999216,ok,same_stridge_core,Hx;D_x^1.808039 H,0.029438596491228066,1.319428890128236
0.7034408307293639,1.3538202949438203,0.13899772929823623,-1.2251956728930389,0;0;-1.22519567289;0.138997729298;0;0;0;0;0;0;0;0,59409.841755158115,0.006,1515,0.0001,13.073538975070608,,0.0007448949180762708,0.2739454999998543,ok,same_stridge_core,Hx;D_x^1.35382 H,0.041999999999999996,1.1915706240389838
0.5622396900939964,1.4516278419413382,1.3832494884043818,-1.981676092146955,0;0;-1.98167609215;1.3832494884;0;0;-0.0643513178429;-0.481728906081;-0.563276793264;0;0;0,57727.629279000736,0.006,1516,0.0001,31.708466411700062,,0.003923357333186693,0.38726039999983186,ok,same_stridge_core,Hx;D_x^1.451628 H;H*Hx;H*Hxx;H*Hxxx,0.04733333333333337,2.8446517721996933
0.6769717422994378,1.558192055723341,0.5646954615977106,-1.3901210886084658,0;0;-1.39012108861;0.564695461598;-0.192475675932;0;0;-0.113550976706;0;0;0;0,55387.01337171637,0.006,1517,0.0001,23.496913376711145,,0.0009051015327784918,0.3729398999998921,ok,same_stridge_core,Hx;D_x^1.558192 H;Hxxx;H*Hxx,0.078,1.3421080280245972
0.7456997165731242,1.5497488821438132,0.377386663130413,-1.1478213091275604,0;0;-1.14782130913;0.37738666313;-0.0999127008514;0;0;-0.0382874667314;0;0;0;0,55586.07686808372,0.006,1518,0.0001,23.143207657546615,,0.0004185902933531614,0.2705908000000363,ok,same_stridge_core,Hx;D_x^1.549749 H;Hxxx;H*Hxx,0.012,0.9087769103131255
0.6508227307826351,1.5649273855119727,0.7479183875288592,-1.5154841311237808,0;0;-1.51548413112;0.747918387529;0.122243663755;0;0;-0.431753669632;0;0;0.0316349679204;0,55227.87503977636,0.006,1519,0.0001,29.153762123447674,,0.0011710696626944564,0.39236080000000584,ok,same_stridge_core,Hx;D_x^1.564927 H;Hxxx;H*Hxx;H^2*Hxx,0.018000000000000002,1.5398246035594951
0.7050468911178529,1.5778256684590122,0.5010957955569565,-1.2725438885950904,0;0;-1.2725438886;0.501095795557;0;0;0;-0.0801735167338;0;0;0;0,54923.77757494141,0.006,1520,0.0001,17.51061741446172,,0.0005343065170677423,0.3757921000001261,ok,same_stridge_core,Hx;D_x^1.577826 H;H*Hxx,0.047999999999999994,1.033484141979299
0.6909890525575161,1.8238330356286865,0.0,-1.225281739880676,-0.024701448767;0;-1.22528173988;0;0;0;0;0;0.153982238581;0;0;-0.0355818281999,58873.584155193246,0.006,1521,0.0001,25.054408318337472,,0.0011682764507155192,0.14781410000000506,ok,same_stridge_core,1;Hx;H*Hxxx;H^2*Hxxx,0.012,1.5049746562601753
0.6453496635215309,1.9059535907437717,0.0,-1.3035348986789423,0;0;-1.30353489868;0;4.59810277233;0;0;0;-0.670591616235;0;0;0,63714.460875592085,0.006,1522,0.0001,21.223444849139813,,0.002425659229152265,0.3954403000000184,ok,same_stridge_core,Hx;Hxxx;H*Hxxx,0.036,2.109106586462186
0.6626473974018388,1.5222589066385794,0.0,-1.2712259237948975,0;0;-1.27122592379;0;0;0;0;0;0;0;0;0,56224.19234686086,0.006,1523,0.0001,7.858126131215538,,0.002601467568660037,0.28922669999997197,ok,same_stridge_core,Hx,0.15000000000000005,2.235706896529452
0.6793419502853826,1.5903942921555148,0.521848376140138,-1.3401167560128922,0;0;-1.34011675601;0.52184837614;2.17272024066;0;0;-0.10070156497;-0.325308669344;0;0;0,54630.92694178907,0.006,1524,0.0001,28.561385667041446,,0.000802926056990871,0.38101060000008147,ok,same_stridge_core,Hx;D_x^1.590394 H;Hxxx;H*Hxx;H*Hxxx,0.03150175438596493,1.245922196146912
0.6994899122595183,1.0449139433006074,0.07080804823004258,-1.2854403462052344,0;0;-1.28544034621;0.07080804823;0;0;0;0;-0.118686099592;0;0;0,62436.78504814932,0.006,1525,0.0001,20.017873653718556,,0.0008633386597107285,0.29573709999999664,ok,same_stridge_core,Hx;D_x^1.044914 H;H*Hxxx,0.024,1.286838139273758
0.6460904463399351,1.5525056882914614,0.7487768802599731,-1.5439136479258548,0;0;-1.54391364793;0.74877688026;0.0638986792282;0;0;-0.445956368219;0;0;0.0325958177023;0,55521.168521766594,0.006,1526,0.0001,29.346234369078125,,0.0012412242534450039,0.1474430000000666,ok,same_stridge_core,Hx;D_x^1.552506 H;Hxxx;H*Hxx;H^2*Hxx,0.018000000000000002,1.5856501081948258
0.6893446454288228,1.76884620137085,0.19224250895946118,-1.2038023759460887,0;0;-1.20380237595;0.192242508959;0;0;0;0;0;0;0;0,55107.33752046293,0.006,1527,0.0001,12.588353628341721,,0.0013236597243301222,0.2776426000000356,ok,same_stridge_core,Hx;D_x^1.768846 H,0.03524356958461534,1.5668861242491352
0.685407492667976,1.561375824856658,0.5128934089031598,-1.343943642758405,0;0;-1.34394364276;0.512893408903;3.35802441572;0;0;-0.0980787123498;-0.837510219389;0;0;0.0455513642595,55311.8002415883,0.006,1528,0.0001,34.315407753539446,,0.000659716422990383,0.141461100000015,ok,same_stridge_core,Hx;D_x^1.561376 H;Hxxx;H*Hxx;H*Hxxx;H^2*Hxxx,0.01264090909090909,1.1283276085864635
0.6339830012704234,1.7023227846925546,1.1479750913026319,-1.5024629913725662,0;0;-1.50246299137;1.1479750913;0.947333581409;0;0;-0.698946029446;0;0;0.0575585255993;0,53134.30611321628,0.006,1529,0.0001,28.54697564146616,,0.0019461835698068564,0.3847686999999951,ok,same_stridge_core,Hx;D_x^1.702323 H;Hxxx;H*Hxx;H^2*Hxx,0.041999999999999996,1.9798225848580226
0.6745405585493738,1.5397933808304267,0.12828113408224256,-1.2658734734257808,0;0;-1.26587347343;0.128281134082;0;0;0;0;0;0;0;0,55819.386851738476,0.006,1530,0.0001,12.848812384667823,,0.0015377894311530862,0.3821109999998953,ok,same_stridge_core,Hx;D_x^1.539793 H,0.10200000000000002,1.6849350143201287
0.6659779661004313,1.6573668000987622,0.8507971374403901,-1.4019778106892402,0;0;-1.40197781069;0.85079713744;0.521184443104;0;0;-0.43911729083;0;0;0.0337997385584;0,53330.16792090632,0.006,1531,0.0001,28.12670767304924,,0.0010587908232940922,0.3738663000001452,ok,same_stridge_core,Hx;D_x^1.657367 H;Hxxx;H*Hxx;H^2*Hxx,0.018000000000000002,1.4616237125960752
0.6585153226334456,1.5648096328384302,0.5505591426737811,-1.4277239918331048,0;0;-1.42772399183;0.550559142674;2.57092289565;0;0;-0.124375793922;-0.399619536094;0;0;0,55230.65755191053,0.006,1532,0.0001,29.12332940340954,,0.0011798980089588744,0.4000183000000561,ok,same_stridge_core,Hx;D_x^1.56481 H;Hxxx;H*Hxx;H*Hxxx,0.037257631257631235,1.5080006274542734
0.6880711076580294,1.16003379683848,0.2600844602958844,-1.4755466210786772,0.0280907581653;0;-1.47554662108;0.260084460296;0;0;0;0.141299833073;-0.208806308849;0;-0.0240642906868;0,61616.070330415794,0.006,1533,0.0001,37.878003533657235,,0.00042615994095835714,0.3824397000000772,ok,same_stridge_core,1;Hx;D_x^1.160034 H;H*Hxx;H*Hxxx;H^2*Hxx,0.018000000000000002,0.9083613354077528
0.6868418643510137,1.1616798159402615,0.2646942836343139,-1.4824378665625548,0.0285816926975;0;-1.48243786656;0.264694283634;0;0;0;0.136579946008;-0.209194654004;0;-0.0237181107894;0,61602.14846274318,0.006,1534,0.0001,37.87189242191151,,0.00042824187555705686,0.27616199999988567,ok,same_stridge_core,1;Hx;D_x^1.16168 H;H*Hxx;H*Hxxx;H^2*Hxx,0.018000000000000002,0.9106033442656049
0.7256378346399236,1.6756074793262743,0.5369719909237403,-1.1749212773613094,0;0;-1.17492127736;0.536971990924;0;0;0;-0.0639934975307;0;0;0;0,53147.42036017686,0.006,1535,0.0001,16.911834634759465,,0.00046976167346886603,0.27027399999997215,ok,same_stridge_core,Hx;D_x^1.675607 H;H*Hxx,0.018000000000000002,0.9676085267064066
0.664021697646923,1.551776679538482,0.5996246028638371,-1.4450665350377334,0;0;-1.44506653504;0.599624602864;-0.246675679468;0;0;-0.130186083965;0;0;0;0,55538.34245439878,0.006,1536,0.0001,23.74860042758765,,0.001182931408393359,0.14502950000019155,ok,same_stridge_core,Hx;D_x^1.551777 H;Hxxx;H*Hxx,0.09000000000000001,1.533263445828138
0.7003202309293587,1.6812488780263648,0.19743029163362533,-1.1859256557153788,0;0;-1.18592565572;0.197430291634;0;0;0;0;0;0;0;0,53116.35680496567,0.006,1537,0.0001,11.982049960401438,,0.0009921705570806996,0.3953877999999804,ok,same_stridge_core,Hx;D_x^1.681249 H,0.08848571428571433,1.358778599408303
0.6284658651436629,1.4982490614300505,0.6983154859687498,-1.6469190854551288,0;0;-1.64691908546;0.698315485969;-0.642707864448;0;0;-0.188907880982;0;0;0;0,56760.687381860946,0.006,1538,0.0001,24.754960355792253,,0.0021021130470226055,0.39835229999994226,ok,same_stridge_core,Hx;D_x^1.498249 H;Hxxx;H*Hxx,0.06942857142857148,2.0506854030478734
0.6514827602826405,1.3384133604509363,0.421061011800794,-1.6045783493442092,0;0;-1.60457834934;0.421061011801;0;0;0;-0.132873426763;-0.180039552972;0;0;0,59634.71951209096,0.006,1539,0.0001,25.128435035578825,,0.0008277019450179728,0.41767860000004475,ok,same_stridge_core,Hx;D_x^1.338413 H;H*Hxx;H*Hxxx,0.03529356520385934,1.2745472307424384
0.7493148509593406,1.6449503889953185,0.2737574253836323,-1.075922145500096,0;0;-1.0759221455;0.273757425384;0;0;0;0;0;0;0;0,53512.78386190404,0.006,1540,0.0001,11.673086738185312,,0.0004839010935061758,0.3879507999999987,ok,same_stridge_core,Hx;D_x^1.64495 H,0.017364655208369724,0.9705299658045027
0.7266352590895857,1.386974206250451,0.1683039294546518,-1.1700581016297211,0;0;-1.17005810163;0.168303929455;0;0;0;0;0;0;0;0,58890.55116287286,0.006,1541,0.0001,12.8295017568528,,0.0005693832469300605,0.3842162000000826,ok,same_stridge_core,Hx;D_x^1.386974 H,0.024,1.0513915242782284
0.6867571184854158,1.8760416961310504,0.0,-1.2045791561907822,0;0;-1.20457915619;0;0;0;0;0;0;0;0;0,62404.95857670627,0.006,1542,0.0001,8.37907488147461,,0.0023207743545308793,0.2656070999998974,ok,same_stridge_core,Hx,0.06488783216783217,2.138579023803983
0.6410755415444496,1.6485336684738232,0.9662994180380056,-1.5079578244214604,0;0;-1.50795782442;0.966299418038;0.627256086276;0;0;-0.586817743398;0;0;0.0467551622873;0,53456.02847051865,0.006,1543,0.0001,28.518398834165268,,0.0015847512479173706,0.14025149999997666,ok,same_stridge_core,Hx;D_x^1.648534 H;Hxxx;H*Hxx;H^2*Hxx,0.03,1.7903845989059395
0.6581446959511561,1.7040966926774765,0.5675591703826909,-1.339742583241466,0;0;-1.33974258324;0.567559170383;4.11663588028;0;0;-0.10434429384;-0.576665907606;0;0;0,53146.76946022556,0.006,1544,0.0001,28.256869708943746,,0.0015205440008935445,0.41617189999988113,ok,same_stridge_core,Hx;D_x^1.704097 H;Hxxx;H*Hxx;H*Hxxx,0.03,1.6834849788309698
0.658439296396879,1.5632251885905615,0.5502828517122869,-1.4291555797680997,0;0;-1.42915557977;0.550282851712;2.55190066309;0;0;-0.12464245932;-0.397687639681;0;0;0,55268.0994392786,0.006,1545,0.0001,29.14101456701694,,0.0011778311083511074,0.4079801000000316,ok,same_stridge_core,Hx;D_x^1.563225 H;Hxxx;H*Hxx;H*Hxxx,0.04106172839506173,1.50696484737764
0.5109018935386245,1.6411112333802158,1.8777835697563212,-2.1651135824360233,0;0;-2.16511358244;1.87778356976;0;0;0;-1.68735738689;0.197888413539;0;0.145062004476;0,53576.852661123936,0.006,1546,0.0001,31.21529126405666,,0.00962765994927312,0.39929989999995996,ok,same_stridge_core,Hx;D_x^1.641111 H;H*Hxx;H*Hxxx;H^2*Hxx,0.05399999999999999,4.4268649334946915
0.6056285265314119,1.7188930092011887,1.1505853841414515,-1.6252927880170394,0;0;-1.62529278802;1.15058538414;0;0;0;-0.768284749586;0;0;0.0634023558409;0,53327.201106742556,0.006,1547,0.0001,23.962519758144882,,0.003528250861809065,0.3786708999998609,ok,same_stridge_core,Hx;D_x^1.718893 H;H*Hxx;H^2*Hxx,0.03,2.6316393154478606
0.6537746571486579,1.5807168767954463,0.7615972439658679,-1.4936384066754924,0;0;-1.49363840668;0.761597243966;0.200124922906;0;0;-0.431439019621;0;0;0.0319196998489;0,54855.98366246501,0.006,1548,0.0001,28.94997675151056,,0.0011443975392218756,0.3838231000001997,ok,same_stridge_core,Hx;D_x^1.580717 H;Hxxx;H*Hxx;H^2*Hxx,0.018000000000000002,1.5219849202780527
0.7475903610504204,1.4513355284676284,0.20225379264382323,-1.1210428332625788,0;0;-1.12104283326;0.202253792644;-0.183526029027;0;0;0;0;0;0;0,57733.35630297093,0.006,1549,0.0001,18.326476119805008,,0.0005223144638303318,0.3006214000001819,ok,same_stridge_core,Hx;D_x^1.451336 H;Hxxx,0.018000000000000002,1.0064692289137258
0.709413331488087,1.8795831038067545,0.0,-1.1443360526560844,0;0;-1.14433605266;0;0;0;0;0;0;0;0;0,62592.9166117077,0.006,1550,0.0001,8.47867205096365,,0.002465610963933801,0.14874019999979282,ok,same_stridge_core,Hx,0.04600000000000004,2.219380389792881
0.669466494244901,1.6327983526239869,0.5512763481908338,-1.3461979778869395,0;0;-1.34619797789;0.551276348191;2.99612108817;0;0;-0.105968794205;-0.430598162716;0;0;0,53725.910254734925,0.006,1551,0.0001,28.290613336103952,,0.0010710401237186723,0.29897280000000137,ok,same_stridge_core,Hx;D_x^1.632798 H;Hxxx;H*Hxx;H*Hxxx,0.018000000000000002,1.4276582087364886
0.755242122433396,1.660862878903889,0.28949298269677387,-1.0597034515830375,0;0;-1.05970345158;0.289492982697;0;0;0;0;0;0;0;0,53286.480504702005,0.006,1552,0.0001,11.62880781144531,,0.0004825320300273178,0.38128679999999804,ok,same_stridge_core,Hx;D_x^1.660863 H,0.018238482824146987,0.9715117105049085
0.6202338901611183,1.702450673575695,0.5702024463564506,-1.4566950789393593,0;0;-1.45669507894;0.570202446356;5.70620558869;0;0;-0.130187738418;-0.816337628771;0;0;0,53135.14269129238,0.006,1553,0.0001,28.96031572162661,,0.003089480199524868,0.40167489999998907,ok,same_stridge_core,Hx;D_x^1.702451 H;Hxxx;H*Hxx;H*Hxxx,0.041999999999999996,2.39274437598042
0.4994791959852796,1.1423682667831003,0.7469320156438669,-2.904422977172835,0;0;-2.90442297717;0.746932015644;-8.08060004127;0;0;-0.421065271036;0.219630228668;0;0;0,61761.2651897743,0.006,1554,0.0001,34.319388744394544,,0.005870961179162156,0.3933811000001697,ok,same_stridge_core,Hx;D_x^1.142368 H;Hxxx;H*Hxx;H*Hxxx,0.15000000000000005,3.438756149507397
0.6539331013463034,1.5864710777643631,0.7711701182972586,-1.4897492144838045,0;0;-1.48974921448;0.771170118297;0.23083612357;0;0;-0.436699527848;0;0;0.0324853312344;0,54721.756222423995,0.006,1555,0.0001,28.888183582078483,,0.0011524241684171528,0.4211173000001054,ok,same_stridge_core,Hx;D_x^1.586471 H;Hxxx;H*Hxx;H^2*Hxx,0.018000000000000002,1.5273054708664846
0.7408729873162134,1.0324377829999272,0.0,-1.0435953204598365,0;0;-1.04359532046;0;0.0490329025438;0;0;0.0545230777819;0;0;0;0,62509.51359081554,0.006,1556,0.0001,20.042543089091815,,0.0008632691654171703,0.43428289999997105,ok,same_stridge_core,Hx;Hxxx;H*Hxx,0.024,1.2896890118471511
0.6056285265314119,1.8050186188388728,0.0,-1.4045114749739838,0;0;-1.40451147497;0;5.54915736598;0;0;0;-0.754339274835;0;0;0,57465.0477948869,0.006,1557,0.0001,20.229441103430258,,0.004894619556763605,0.03878230000009353,ok,same_stridge_core,Hx;Hxxx;H*Hxxx,0.072,2.989926764964185
0.6662843085843176,1.6270917296554803,0.5536345728831882,-1.3596886760184612,0;0;-1.35968867602;0.553634572883;3.05362759691;0;0;-0.109371190261;-0.441427664118;0;0;0,53835.380462458386,0.006,1558,0.0001,28.38618769791337,,0.0011332537552080893,0.39468779999992876,ok,same_stridge_core,Hx;D_x^1.627092 H;Hxxx;H*Hxx;H*Hxxx,0.018000000000000002,1.468497466684175
0.6741623521523954,1.5623374527355671,0.12981813456182972,-1.2641875473989197,0;0;-1.2641875474;0.129818134562;0;0;0;0;0;0;0;0,55289.07919498827,0.006,1559,0.0001,12.762067582775902,,0.0015734622460238333,0.1364263000000392,ok,same_stridge_core,Hx;D_x^1.562337 H,0.10657142857142858,1.7042517437782465
0.6571829034519483,1.4989321735696803,0.7622637193660793,-1.4756310804860413,0;0;-1.47563108049;0.762263719366;-0.187125318402;0;-0.0230211989078;-0.205796074913;0;0;0;-0.0222484798556,56745.75457319761,0.006,1560,0.0001,35.41310466335808,,0.0009170659766989283,0.3785078999999314,ok,same_stridge_core,Hx;D_x^1.498932 H;Hxxx;H*Hx;H*Hxx;H^2*Hxxx,0.018000000000000002,1.3656519194395063
0.6863893239081688,1.5895178927567588,0.5547923269249477,-1.332274326894159,0;0;-1.33227432689;0.554792326925;0;0;0;-0.0994273034943;0;0;0;0,54651.16042344054,0.006,1561,0.0001,17.66013689480758,,0.0008062151201707803,0.38952610000001187,ok,same_stridge_core,Hx;D_x^1.589518 H;H*Hxx,0.05927472527472527,1.264788767775415
0.6146674842411823,1.468540062660166,0.7373375691300873,-1.7471228718004779,0;0;-1.7471228718;0.73733756913;-0.919626200149;0;0;-0.21661472895;0;0;0;0,57389.10973938074,0.006,1562,0.0001,25.189297044133376,,0.0024828828992089387,0.3989862000000812,ok,same_stridge_core,Hx;D_x^1.46854 H;Hxxx;H*Hxx,0.04357310924369745,2.233653148381078
0.6376193490928227,1.4588757468983204,0.6183055550545847,-1.6316261959800102,0;0;-1.63162619598;0.618305555055;0;0;0;-0.174915976478;-0.130495230087;0;0;0,57584.30165877331,0.006,1563,0.0001,24.735824724255917,,0.0014533377926699716,0.39644479999992654,ok,same_stridge_core,Hx;D_x^1.458876 H;H*Hxx;H*Hxxx,0.024,1.7021040607465927
0.6986817097186583,1.4098930267207954,0.1417863110108121,-1.231282564186295,0;0;-1.23128256419;0.141786311011;-0.109163210332;0;0;0;0;0;0;0,58501.76213525154,0.006,1564,0.0001,18.788111413847155,,0.0008191732887393947,0.39426010000011047,ok,same_stridge_core,Hx;D_x^1.409893 H;Hxxx,0.02991870531944835,1.2375827732716915
0.7400086221387213,1.4425555207505685,0.19198590147475883,-1.1385373418362397,0;0;-1.13853734184;0.191985901475;-0.180705814808;0;0;0;0;0;0;0,57903.3182895863,0.006,1565,0.0001,18.36628534329926,,0.0005125167365130434,0.3972457000002123,ok,same_stridge_core,Hx;D_x^1.442556 H;Hxxx,0.017364658050354642,0.9952898564233704
0.7465482510666374,1.695649921755882,0.28936733805013526,-1.0733186450435686,0;0;-1.07331864504;0.28936733805;0;0;0;0;0;0;0;0,53103.574101322905,0.006,1566,0.0001,11.609021459883873,,0.0005037148450207684,0.37177889999998115,ok,same_stridge_core,Hx;D_x^1.69565 H,0.03525332108151903,0.9883066396192929
0.6089807616388316,1.4835281593424123,0.769309211153677,-1.7593112330211094,0;0;-1.75931123302;0.769309211154;-0.848046799457;0;0;-0.224399867496;0;0;0;0,57077.306059863426,0.006,1567,0.0001,25.242209297310865,,0.002902102150173616,0.37831149999988156,ok,same_stridge_core,Hx;D_x^1.483528 H;Hxxx;H*Hxx,0.0786,2.411286873365494
0.6947891958233439,1.6815448187136863,0.18623013012399087,-1.199601135226026,0;0;-1.19960113523;0.186230130124;0;0;0;0;0;0;0;0,53115.10414672754,0.006,1568,0.0001,12.058861749092802,,0.0011104974930700698,0.1483696999998756,ok,same_stridge_core,Hx;D_x^1.681545 H,0.09480000000000008,1.4358409197472937
0.6627796883862779,1.3286570837894687,0.3718083883405523,-1.5431580082764829,0;0;-1.54315800828;0.371808388341;0;0;0;-0.111557767799;-0.165393060414;0;0;0,59771.988436738146,0.006,1569,0.0001,25.071980425981266,,0.0006941128468138015,0.399605400000155,ok,same_stridge_core,Hx;D_x^1.328657 H;H*Hxx;H*Hxxx,0.02400146103896104,1.1631850512860067
0.8803040524592247,1.3382048976681564,0.0,-0.7251069253163862,0;0;-0.725106925316;0;0;0;0;0.0956669782403;0;0;0;0,59637.69475586876,0.006,1570,0.0001,13.87853200172345,,0.0019431895856925876,0.27707660000010037,ok,same_stridge_core,Hx;H*Hxx,0.047937545787545756,1.950993050549697
0.6639941852735052,1.8989668891584923,0.09286015710025122,-1.2468141491660583,0;0;-1.24681414917;0.0928601571003;3.95790331839;0;0;0;-0.564959598977;0;0;0,63466.03377003459,0.006,1571,0.0001,27.19126793492972,,0.0017773709795132168,0.28287060000002384,ok,same_stridge_core,Hx;D_x^1.898967 H;Hxxx;H*Hxxx,0.03,1.80485442691588
0.6395087274757689,1.1448663532262788,0.0,-1.337722187025851,0;0;-1.33772218703;0;0;0;0;0;0;0;0;0,61741.19514386137,0.006,1572,0.0001,8.701926341073023,,0.0034034025159284348,0.3787130000000616,ok,same_stridge_core,Hx,0.06599999999999999,2.5278068266868843
0.725101299065633,1.8039338955494686,0.29075205301052165,-1.1078336896398853,0;0;-1.10783368964;0.290752053011;0;0;0;0;0;0;0;0,57385.74498731661,0.006,1573,0.0001,12.642043925402268,,0.0007181705474527232,0.2842931000000135,ok,same_stridge_core,Hx;D_x^1.803934 H,0.03129126234389392,1.1648949279389462
0.5991359066769462,1.7503835424361054,0.0,-1.4215977154208708,0;0;-1.42159771542;0;5.71340867267;0;0;0;-0.76884850717;0;0;0,54227.774104243545,0.006,1574,0.0001,19.441322653187772,,0.005505236496966564,0.3761015000000043,ok,same_stridge_core,Hx;Hxxx;H*Hxxx,0.084,3.172990421914707
0.7614471308049398,1.296468149499386,0.0,-0.9931695543357157,0;0;-0.993169554336;0;0;0;0;0.0617283826109;0;0;0;0,60198.053048584574,0.006,1575,0.0001,13.32489449745573,,0.0008450844875776656,0.3913993000001028,ok,same_stridge_core,Hx;H*Hxx,0.04119212545727951,1.2852838877388162
0.651621614419387,1.2935502216133918,0.3643612304426465,-1.6067434615173812,0;0;-1.60674346152;0.364361230443;0;0;0;-0.121534030361;-0.199331271306;0;0;0,60234.72220558447,0.006,1576,0.0001,25.350392603478394,,0.0008106110728592705,0.39639009999996233,ok,same_stridge_core,Hx;D_x^1.29355 H;H*Hxx;H*Hxxx,0.04218366296013353,1.2565037212446069
0.7386850999340084,1.0609779182172008,0.0,-1.0493521738544758,0;0;-1.04935217385;0;0.0481191834256;0;0;0.0536634996191;0;0;0;0,62338.85151161698,0.006,1577,0.0001,19.996635236443474,,0.0008718588975344296,0.4183325999999852,ok,same_stridge_core,Hx;Hxxx;H*Hxx,0.024,1.2949797829583776
0.7283922644034438,1.032036745474375,0.0,-1.0956020374714126,0;0;-1.09560203747;0;0;0;0;0;0;0;0;0,62511.80318912293,0.006,1578,0.0001,8.629920270701861,,0.002826272743902445,0.3886173000000781,ok,same_stridge_core,Hx,0.15000000000000005,2.378739951789567
0.6444798788407811,1.3023105598200904,0.3979167586939333,-1.6477947671395727,0;0;-1.64779476714;0.397916758694;0;0;0;-0.136045651422;-0.209331931727;0;0;0,60123.677029358005,0.006,1579,0.0001,25.37756702924688,,0.0009016673434524429,0.39541339999982483,ok,same_stridge_core,Hx;D_x^1.302311 H;H*Hxx;H*Hxxx,0.030698862540967795,1.3280962175036772
0.6880920043365784,1.4486697128640065,0.44372702443864176,-1.404142965344253,0;0;-1.40414296534;0.443727024439;-0.581041517651;0;0;-0.0976129261349;0;0;0;0,57785.3700843846,0.006,1580,0.0001,24.15650116503745,,0.0005456783447307039,0.37842490000002726,ok,same_stridge_core,Hx;D_x^1.44867 H;Hxxx;H*Hxx,0.017541674405211826,1.0423531312836085
0.6163737661029393,1.600441352964353,0.9932820386880873,-1.648880370735162,0;0;-1.64888037074;0.993282038688;0.476337880915;0;0;-0.69339384156;0;0;0.0552128196679;0,54401.81833940002,0.006,1581,0.0001,29.303224054356072,,0.0021762259207772534,0.39847310000004654,ok,same_stridge_core,Hx;D_x^1.600441 H;Hxxx;H*Hxx;H^2*Hxx,0.037507936507936525,2.10231488465606
0.6481892197933476,1.2739978549179274,0.3510073996643599,-1.6261291351999967,0;0;-1.6261291352;0.351007399664;0;0;0;-0.122159088071;-0.21357660301;0;0;0,60472.494009419206,0.006,1582,0.0001,25.478340378476517,,0.0008545209105949843,0.38108169999986785,ok,same_stridge_core,Hx;D_x^1.273998 H;H*Hxx;H*Hxxx,0.035905800696135776,1.2893427747088313
0.6728169375992779,1.570243219333679,0.1282207028641768,-1.2665832096296936,0;0;-1.26658320963;0.128220702864;0;0;0;0;0;0;0;0,55102.327702975286,0.006,1583,0.0001,12.753700709963557,,0.001627814377573861,0.14041449999990618,ok,same_stridge_core,Hx;D_x^1.570243 H,0.10200000000000002,1.7332351693684978
0.665202157344508,1.1158010437112584,0.07420144384976807,-1.3366888528804373,0;0;-1.33668885288;0.0742014438498;0;0;0;0;0;0;0;0,61965.66774088871,0.006,1584,0.0001,14.127846350634423,,0.0015817573344970393,0.2835367000000133,ok,same_stridge_core,Hx;D_x^1.115801 H,0.024,1.7347128024566782
0.6844192870780021,1.94787709777524,0.221857781113404,-1.201051535976452,0;0;-1.20105153598;0.221857781113;0;0;0;0;0;0;0;0,64500.060258985584,0.006,1585,0.0001,14.633228497847167,,0.0016147208779178051,0.15228290000004563,ok,same_stridge_core,Hx;D_x^1.947877 H,0.03,1.733216446050048
0.7497049473685443,1.7016522451279465,0.2974662344475949,-1.06498789160681,0;0;-1.06498789161;0.297466234448;0;0;0;0;0;0;0;0,53130.0753333387,0.006,1586,0.0001,11.609879615525347,,0.000497639665151297,0.38650649999999587,ok,same_stridge_core,Hx;D_x^1.701652 H,0.029288797087558698,0.9838645488576065
0.7345167172879628,1.6704767788278496,0.5246655899701015,-1.1516013076824063,0;0;-1.15160130768;0.52466558997;0;0;0;-0.0586594049119;0;0;0;0,53186.87157128569,0.006,1587,0.0001,16.874405051943835,,0.0004203796486453835,0.3838865000000169,ok,same_stridge_core,Hx;D_x^1.670477 H;H*Hxx,0.011396847292046198,0.9183435805581284
0.7497049473685443,1.7016522451279465,0.2974662344475949,-1.06498789160681,0;0;-1.06498789161;0.297466234448;0;0;0;0;0;0;0;0,53130.0753333387,0.006,1588,0.0001,11.609879615525347,,0.000497639665151297,0.027380799999946248,ok,same_stridge_core,Hx;D_x^1.701652 H,0.035264705882352934,0.9838645488576065
0.6066774408731164,1.0274903741197305,0.23686639797552284,-1.911716656854595,0;0;-1.91171665685;0.236866397976;-3.29329104447;0;0;-0.13522644915;0.011164716876;0;0;0,62537.56854808909,0.006,1589,0.0001,33.17768018909654,,0.0018607307180700929,0.37463210000009894,ok,same_stridge_core,Hx;D_x^1.02749 H;Hxxx;H*Hxx;H*Hxxx,0.047999999999999994,1.9088959150519957
0.8119856943253114,1.8502981494474502,0.5062126104053525,-0.8944417149184267,0;0;-0.894441714918;0.506212610405;0;0;0;0;0;0;0;0,60807.1380627231,0.006,1590,0.0001,13.33011733952248,,0.0006847153760513821,0.13705800000002455,ok,same_stridge_core,Hx;D_x^1.850298 H,0.07158181818181823,1.1686897269778624
0.6731117960558689,1.4046809332602395,0.4282792542990759,-1.477656321323308,0;0;-1.47765632132;0.428279254299;0;0;0;-0.11039589618;-0.117877379934;0;0;0,58592.39290373352,0.006,1591,0.0001,24.552185847164598,,0.0006311758336099915,0.29538079999997535,ok,same_stridge_core,Hx;D_x^1.404681 H;H*Hxx;H*Hxxx,0.024,1.1152286856711906
0.664267309729672,1.5573861322313207,0.5366423573723939,-1.4126995375471527,0;0;-1.41269953755;0.536642357372;2.27540518685;0;0;-0.118817704624;-0.358888312495;0;0;0,55406.04362881169,0.006,1592,0.0001,29.114527469082518,,0.0010296132644217572,0.40438160000007883,ok,same_stridge_core,Hx;D_x^1.557386 H;Hxxx;H*Hxx;H*Hxxx,0.07114285714285719,1.4115056546766718
0.6636369749307309,1.3927801204718124,0.4468658026325082,-1.528548964608266,0;0;-1.52854896461;0.446865802633;0;0;0;-0.123620929032;-0.135526861546;0;0;0,58794.42819106192,0.006,1593,0.0001,24.71496383090384,,0.0007262979011729673,0.40736280000010083,ok,same_stridge_core,Hx;D_x^1.39278 H;H*Hxx;H*Hxxx,0.025799999999999997,1.197192554479072
0.658329729213482,1.7492104815859462,0.5617846874686637,-1.316590779125615,0;0;-1.31659077913;0.561784687469;4.44074732548;0;0;-0.0959377046488;-0.61767693992;0;0;0,54180.667809484126,0.006,1594,0.0001,28.815588397059486,,0.0016101804123256444,0.388769800000091,ok,same_stridge_core,Hx;D_x^1.74921 H;Hxxx;H*Hxx;H*Hxxx,0.03594736842105262,1.7252544923174222
0.6293659437371111,1.5020472424623879,0.6966640649663641,-1.6388110034848034,0;0;-1.63881100348;0.696664064966;-0.615439428673;0;0;-0.18687860787;0;0;0;0,56677.40159878135,0.006,1595,0.0001,24.71549662063822,,0.0020909327999517517,0.38304330000005393,ok,same_stridge_core,Hx;D_x^1.502047 H;Hxxx;H*Hxx,0.0688571428571429,2.044535981125682
0.6544031953456673,1.6854986889150587,0.5695380107533553,-1.36128924424054,0;0;-1.36128924424;0.569538010753;4.10645483327;0;0;-0.110152934217;-0.579592082223;0;0;0,53102.164062175885,0.006,1596,0.0001,28.27755742548349,,0.0015947830119603145,0.27990159999990283,ok,same_stridge_core,Hx;D_x^1.685499 H;Hxxx;H*Hxx;H*Hxxx,0.03615789473684211,1.726475394395546
0.6818756709713204,1.2309407465472901,0.3249958261016228,-1.480902995634139,0.0342926653308;0;-1.48090299563;0.324995826102;0;0;0;-0.0680406031539;-0.110221749184;0;0;0,60950.279334512285,0.006,1597,0.0001,31.46063284169093,,0.0005023186691016281,0.16172030000006998,ok,same_stridge_core,1;Hx;D_x^1.230941 H;H*Hxx;H*Hxxx,0.018000000000000002,0.9854931744347883
0.6454334812887472,1.6851512053634208,0.5731206687474795,-1.3888611110291107,0;0;-1.38886111103;0.573120668747;4.47029167401;0;0;-0.116656974903;-0.634227562086;0;0;0,53103.0129627016,0.006,1598,0.0001,28.43492055703701,,0.0019018820790281824,0.38551399999983005,ok,same_stridge_core,Hx;D_x^1.685151 H;Hxxx;H*Hxx;H*Hxxx,0.04233333333333337,1.8834140756862097
0.6956488229684878,1.130298884928251,0.0848880709761134,-1.284854104357135,0;0;-1.28485410436;0.0848880709761;0;0;0;0;-0.0922655633257;0;0;0,61856.14650165375,0.006,1599,0.0001,19.8027605553411,,0.00082344262668522,0.39265389999991385,ok,same_stridge_core,Hx;D_x^1.130299 H;H*Hxxx,0.024,1.245916604844971
0.672922260587269,1.6670708288418996,0.5573844774568408,-1.3160235358248291,0;0;-1.31602353582;0.557384477457;3.20954416764;0;0;-0.0994510671552;-0.45081111159;0;0;0,53218.51375074524,0.006,1600,0.0001,28.023440132989094,,0.0010579118226095793,0.3772117999999409,ok,same_stridge_core,Hx;D_x^1.667071 H;Hxxx;H*Hxx;H*Hxxx,0.018000000000000002,1.4141832576164766
0.6721669044445066,1.5760183436334996,0.12759632337268623,-1.2675409643867805,0;0;-1.26754096439;0.127596323373;0;0;0;0;0;0;0;0,54966.24978086284,0.006,1601,0.0001,12.741608409951832,,0.0016564927266780154,0.4011418000000049,ok,same_stridge_core,Hx;D_x^1.576018 H,0.10200000000000002,1.7483584537792627
0.6867571184854158,1.7464644827245333,0.1812869706032025,-1.2128421368877507,0;0;-1.21284213689;0.181286970603;0;0;0;0;0;0;0;0,54074.57498583079,0.006,1602,0.0001,12.408677392189299,,0.0013706589104505657,0.2951594999999543,ok,same_stridge_core,Hx;D_x^1.746464 H,0.041999999999999996,1.59376239502314
0.7081738700303541,1.4663601438729152,0.16567128748679447,-1.1979066591945595,0;0;-1.19790665919;0.165671287487;0;0;0;0;0;0;0;0,57433.54289871431,0.006,1603,0.0001,12.638671178680683,,0.0007035095785554081,0.38164869999991424,ok,same_stridge_core,Hx;D_x^1.46636 H,0.036562728621564615,1.1519625989378217
0.6843286582646837,1.2340269518804239,0.09658751344837027,-1.293750304812151,0;0;-1.29375030481;0.0965875134484;0;0;0;0;-0.0584315330676;0;0;0,60918.01290050357,0.006,1604,0.0001,19.633046136473823,,0.0009971415834315383,0.15012639999986277,ok,same_stridge_core,Hx;D_x^1.234027 H;H*Hxxx,0.05399999999999999,1.3576422663227472
0.7073160881901229,1.2189659769612349,0.10714573124719792,-1.2476039179819078,0;0;-1.24760391798;0.107145731247;0;0;0;0;-0.0750139744399;0;0;0,61072.733866523,0.006,1605,0.0001,19.46371686037638,,0.0006874434025035648,0.40727430000015374,ok,same_stridge_core,Hx;D_x^1.218966 H;H*Hxxx,0.029288932189004205,1.1418967004194793
0.6961564246878849,1.2282292240858985,0.10929768206383626,-1.256677569918024,0;0;-1.25667756992;0.109297682064;0;0;0;0;0;0;0;0,60978.38828947848,0.006,1606,0.0001,13.508146912777645,,0.0008880590497358567,0.39643419999993057,ok,same_stridge_core,Hx;D_x^1.228229 H,0.05399999999999999,1.3124692548819503
0.6879281653473964,1.348960618760954,0.12058668498094023,-1.2658142606962581,0;0;-1.2658142607;0.120586684981;-0.162682656285;0;0;0;0;0;0;0,59481.86513015555,0.006,1607,0.0001,19.20565836977354,,0.000996658943893522,0.2857989000001453,ok,same_stridge_core,Hx;D_x^1.348961 H;Hxxx,0.017421369074846368,1.3610988307268748
0.7036234372749881,1.032036745474375,0.06933849577729226,-1.2773480721636201,0;0;-1.27734807216;0.0693384957773;0;0;0;0;-0.125572965997;0;0;0,62511.80318912293,0.006,1608,0.0001,20.049251525148794,,0.0008679691230309088,0.13904679999996006,ok,same_stridge_core,Hx;D_x^1.032037 H;H*Hxxx,0.018000000000000002,1.2957105684119123
0.7475903610504204,1.5807731442649955,0.24797973277876753,-1.0913163047325545,0;0;-1.09131630473;0.247979732779;0;0;0;0;0;0;0;0,54854.666607492334,0.006,1609,0.0001,11.93787948352626,,0.0004806887182573687,0.27858569999989413,ok,same_stridge_core,Hx;D_x^1.580773 H,0.024,0.9669461620277926
0.6816466113446276,1.5848461694876619,0.14538582243029566,-1.243384490129341,0;0;-1.24338449013;0.14538582243;0;0;0;0;0;0;0;0,54759.550637035114,0.006,1610,0.0001,12.53705974924929,,0.0013590049342920914,0.3834377000000586,ok,same_stridge_core,Hx;D_x^1.584846 H,0.10800000000000003,1.5851496218422665
0.6851292413983381,1.8145700237720273,0.0,-1.2433859994692131,-0.0244982250269;0;-1.24338599947;0;1.31095913538;0;0;0;-0.292611098302;0;0;0,58174.92630785343,0.006,1611,0.0001,24.831259851823216,,0.0012657354897249364,0.3930227000000741,ok,same_stridge_core,1;Hx;Hxxx;H*Hxxx,0.018000000000000002,1.561289328681846
0.6716672714987215,1.1339813603465208,0.07963904395869836,-1.320140224996277,0;0;-1.320140225;0.0796390439587;0;0;0;0;0;0;0;0,61827.56076937884,0.006,1612,0.0001,13.998080846873982,,0.001393758320935193,0.14543730000013966,ok,same_stridge_core,Hx;D_x^1.133981 H,0.05379999999999997,1.6325686929982135
0.5514231541247074,1.8792745035130607,-0.4602739591881507,-1.606563036931796,0;0;-1.60656303693;-0.460273959188;8.2209186614;0;0;0;-1.24785216226;0;0;0,62576.8739726257,0.006,1613,0.0001,29.189975141965334,,0.009389650362282627,0.38524520000009943,ok,same_stridge_core,Hx;D_x^1.879275 H;Hxxx;H*Hxxx,0.0790909090909091,4.159225552915055
0.6434256727507124,1.7653743208768746,1.2765101496695006,-1.4242064307954878,0;0;-1.4242064308;1.27651014967;1.13861912673;0;0;-0.706213706573;0;0;0.0589803488665;0,54922.56341818107,0.006,1614,0.0001,29.390338285019666,,0.0018650568524825365,0.3780157999999574,ok,same_stridge_core,Hx;D_x^1.765374 H;Hxxx;H*Hxx;H^2*Hxx,0.036,1.9290565759291305
0.6772472713380899,1.5562771374566216,0.5100309227399439,-1.3680123081915543,0;0;-1.36801230819;0.51003092274;1.83710186866;0;0;-0.104838682045;-0.292289195263;0;0;0,55432.22269742313,0.006,1615,0.0001,28.95105630763259,,0.0007835344329711151,0.37492670000006,ok,same_stridge_core,Hx;D_x^1.556277 H;Hxxx;H*Hxx;H*Hxxx,0.04733333333333337,1.2349449589210255
0.7268964240702864,1.6311751241147299,0.5027749073190801,-1.186096121916459,0;0;-1.18609612192;0.502774907319;0;0;0;-0.0630960867304;0;0;0;0,53756.50049817385,0.006,1616,0.0001,17.050418295353474,,0.0004257483304893753,0.36803439999994225,ok,same_stridge_core,Hx;D_x^1.631175 H;H*Hxx,0.024,0.9234681459013182
0.7001421449867808,1.1715055089567565,0.09424853741080061,-1.2697795396613056,0;0;-1.26977953966;0.0942485374108;0;0;0;0;-0.0839847980915;0;0;0,61517.609940865965,0.006,1617,0.0001,19.65489367107218,,0.0007621582802376778,0.3924864999999045,ok,same_stridge_core,Hx;D_x^1.171506 H;H*Hxxx,0.030134834054834043,1.199610688812389
0.6753348206569069,1.7530701134017235,0.5752550275839136,-1.2667386696754026,0;0;-1.26673866968;0.575255027584;3.81034956046;0;0;-0.0875509846506;-0.522112636842;0;0;0,54339.673854044304,0.006,1618,0.0001,28.631689844022837,,0.0011502955492529653,0.2891677999998592,ok,same_stridge_core,Hx;D_x^1.75307 H;Hxxx;H*Hxx;H*Hxxx,0.0186904761904762,1.461852917000684
0.784771934483329,1.5623374527355671,0.28800483847146124,-1.0155018999965049,0;0;-1.0155019;0.288004838471;0;0;0;0;0;0;0;0,55289.07919498827,0.006,1619,0.0001,12.197089056741936,,0.0006658689603206364,0.1629017999998723,ok,same_stridge_core,Hx;D_x^1.562337 H,0.024,1.1392732177442813
0.70311244186118,1.570807945135792,0.17908025045305992,-1.1939920157610233,0;0;-1.19399201576;0.179080250453;0;0;0;0;0;0;0;0,55089.00303170833,0.006,1620,0.0001,12.274322454977506,,0.0008456912893407583,0.2739808000001176,ok,same_stridge_core,Hx;D_x^1.570808 H,0.08244656084656088,1.2565218486358407
0.6603593162443994,1.555846797245458,0.6123810939376266,-1.4565321572824304,0;0;-1.45653215728;0.612381093938;-0.239320023114;0;0;-0.13433823389;0;0;0;0,55442.37937939266,0.006,1621,0.0001,23.781819754277414,,0.0012980910894039748,0.3804172000000108,ok,same_stridge_core,Hx;D_x^1.555847 H;Hxxx;H*Hxx,0.09600000000000002,1.6048680025203486
0.6783498330309019,1.6912286802613095,0.561651955572624,-1.2874218393418477,0;0;-1.28742183934;0.561651955573;3.22177244529;0;0;-0.0931539353491;-0.446010848068;0;0;0,53096.55387129786,0.006,1622,0.0001,27.90959020985053,,0.0009829497952900704,0.14137320000008913,ok,same_stridge_core,Hx;D_x^1.691229 H;Hxxx;H*Hxx;H*Hxxx,0.018000000000000002,1.3613132742015976
0.6722629244659186,1.8767138735488176,0.0,-1.2384884742288789,0;0;-1.23848847423;0;4.00440373327;0;0;0;-0.618548761158;0;0;0,62441.28123987311,0.006,1623,0.0001,20.549965356582376,,0.001752981774978393,0.13886440000010225,ok,same_stridge_core,Hx;Hxxx;H*Hxxx,0.024,1.817580984620442
0.7035748713121504,1.352943423866419,0.27366187968500133,-1.3324735507555272,0;0;-1.33247355076;0.273661879685;0;0;0;-0.0536929055033;-0.0971575228891;0;0;0,59422.91319823736,0.006,1624,0.0001,24.738699634695475,,0.0004873971576447925,0.39387410000017553,ok,same_stridge_core,Hx;D_x^1.352943 H;H*Hxx;H*Hxxx,0.024866524064171117,0.9695343554005292
0.6784170199148389,1.6511435177335272,0.1476505620716936,-1.2439925440369317,0;0;-1.24399254404;0.147650562072;0;0;0;0;0;0;0;0,53416.67478962032,0.006,1625,0.0001,12.36085239760645,,0.0015226335395045725,0.3871043000001464,ok,same_stridge_core,Hx;D_x^1.651144 H,0.084,1.6775174396823846
0.6924519069214493,1.5703078277416505,0.5257171421488788,-1.3186626253114644,0;0;-1.31866262531;0.525717142149;0;0;0;-0.092916124157;0;0;0;0,55100.80342553858,0.006,1626,0.0001,17.690133112008084,,0.0006741099309210667,0.37209120000011353,ok,same_stridge_core,Hx;D_x^1.570308 H;H*Hxx,0.05999999999999999,1.1598920843465097
0.7802955377020075,1.4393096303515973,0.23429071419136877,-1.0496781450947286,0;0;-1.04967814509;0.234290714191;0;0;0;0;0;0;0;0,57965.17143856247,0.006,1627,0.0001,12.85475315607546,,0.0008243573630813542,0.38623230000007425,ok,same_stridge_core,Hx;D_x^1.43931 H,0.03,1.2617188683629665
0.7404252427885829,1.5685621236000027,0.23403382810541368,-1.1093247300422662,0;0;-1.10932473004;0.234033828105;0;0;0;0;0;0;0;0,55142.01266549628,0.006,1628,0.0001,12.002193348400176,,0.0004903044998380364,0.28956700000003366,ok,same_stridge_core,Hx;D_x^1.568562 H,0.024,0.9737908153009197
0.6817340972579948,1.9160837662936705,0.16857995818181304,-1.1949711779823262,0;0;-1.19497117798;0.168579958182;3.42879518361;0;0;0;-0.482197839156;0;0;0,64012.51100222856,0.006,1629,0.0001,27.163375729158506,,0.0013211512202561144,0.2760968000000048,ok,same_stridge_core,Hx;D_x^1.916084 H;Hxxx;H*Hxxx,0.03,1.5583713282670832
0.8803040524592247,1.4440123082300331,0.0,-0.7251069253163872,0;0;-0.725106925316;0;0;0;0;0.0956669782403;0;0;0;0,57875.38641842461,0.006,1630,0.0001,13.52607033423462,,0.0019431895856925879,0.2911199999998644,ok,same_stridge_core,Hx;H*Hxx,0.05389606114050557,1.9509930505496962
0.660064042512046,1.9222150425370308,0.0,-1.2676419769668308,0;0;-1.26764197697;0;4.26857233406;0;0;0;-0.641682334689;0;0;0,64157.95668164732,0.006,1631,0.0001,21.16139758386414,,0.0019738809065137663,0.39215489999992315,ok,same_stridge_core,Hx;Hxxx;H*Hxxx,0.041999999999999996,1.9140105793699405
0.6784170199148389,1.6511435177335272,0.5882469956221026,-1.3280513415422581,0;0;-1.32805134154;0.588246995622;0;0;0;-0.0999831291988;0;0;0;0,53416.67478962032,0.006,1632,0.0001,17.51478344313889,,0.001141103642639168,0.035442600000124,ok,same_stridge_core,Hx;D_x^1.651144 H;H*Hxx,0.06494365634365636,1.4897810062527894
0.6604598800978315,1.4367699356988908,0.5309259434980539,-1.5415889575208064,0;0;-1.54158895752;0.530925943498;-0.806339704038;0;0;-0.139493027749;0;0;0;0,58013.19825504205,0.006,1633,0.0001,24.53982863118725,,0.0008864256880678021,0.3882149999999456,ok,same_stridge_core,Hx;D_x^1.43677 H;Hxxx;H*Hxx,0.03,1.3345493291704273
0.651952066368488,1.2340269518804239,0.0793835000041287,-1.3568550743925056,0;0;-1.35685507439;0.0793835000041;0;0;0;0;0;0;0;0,60918.01290050357,0.006,1634,0.0001,14.179221874562398,,0.0021480723904576697,0.15245400000003428,ok,same_stridge_core,Hx;D_x^1.234027 H,0.04207483960048663,1.9956192944616835
0.6821535131233514,1.5825759874590808,0.5135014334619664,-1.3355420739339168,0;0;-1.33554207393;0.513501433462;1.98851007382;0;0;-0.0984435553764;-0.301294137674;0;0;0,54812.50315861901,0.006,1635,0.0001,28.609504007337943,,0.0007462902265044324,0.407602499999939,ok,same_stridge_core,Hx;D_x^1.582576 H;Hxxx;H*Hxx;H*Hxxx,0.03,1.2032524280284396
0.6293543566513671,1.5323696335417905,0.7925890001695077,-1.634700339503727,0;0;-1.6347003395;0.79258900017;-0.0247612617931;0;0;-0.523147086169;0;0;0.0387392033962;0,55991.88357315254,0.006,1636,0.0001,29.786681784752894,,0.001580139321932561,0.3701254999998582,ok,same_stridge_core,Hx;D_x^1.53237 H;Hxxx;H*Hxx;H^2*Hxx,0.018000000000000002,1.7907399981766223
0.6879281653473964,1.6644009867420377,0.16899730925216008,-1.21870523422611,0;0;-1.21870523423;0.168997309252;0;0;0;0;0;0;0;0,53246.17267019854,0.006,1637,0.0001,12.177991141764252,,0.0012617569144553838,0.2870394999999917,ok,same_stridge_core,Hx;D_x^1.664401 H,0.08333333333333336,1.5287566077245436
0.7109537328023401,1.4102795081375765,0.15765291537682327,-1.2003751540200438,0;0;-1.20037515402;0.157652915377;0;0;0;0;0;0;0;0,58494.98894419515,0.006,1638,0.0001,12.818648693649,,0.0006582691585874769,0.41237890000002153,ok,same_stridge_core,Hx;D_x^1.41028 H,0.04119216897623245,1.1196509048099665
0.7475903610504204,1.5407754820259552,0.23467848547233178,-1.0985821773452042,0;0;-1.09858217735;0.234678485472;0;0;0;0;0;0;0;0,55796.46130041225,0.006,1639,0.0001,12.13202168404349,,0.0004862581914167597,0.27842099999998027,ok,same_stridge_core,Hx;D_x^1.540775 H,0.035321783672633354,0.9727294239610399
0.5558384546608326,1.8795831038067545,-1.044172949118391,-2.067524969042775,0;0;-2.06752496904;-1.04417294912;-0.127651205055;0;0.106509908607;-0.741740249964;0.553375714609;0;0.10955442068;0,62592.9166117077,0.006,1640,0.0001,47.26809644181629,,0.006257361395708752,0.14886670000009872,ok,same_stridge_core,Hx;D_x^1.879583 H;Hxxx;H*Hx;H*Hxx;H*Hxxx;H^2*Hxx,0.055249999999999994,3.4530548136208923
0.6739678875205551,1.5768203216202141,0.5782025841056294,-1.381994171574512,0;0;-1.38199417157;0.578202584106;0;0;0;-0.113119261074;0;0;0;0,54947.394520149675,0.006,1641,0.0001,17.912798264300633,,0.0010290041112901466,0.38169440000001487,ok,same_stridge_core,Hx;D_x^1.57682 H;H*Hxx,0.08033333333333334,1.428579908255729
0.6931629652426016,1.4786336226699743,0.14838631296169225,-1.2300858759605122,0;0;-1.23008587596;0.148386312962;0;0;0;0;0;0;0;0,57180.32702624622,0.006,1642,0.0001,12.780016233468517,,0.0009697178265935971,0.38624110000000655,ok,same_stridge_core,Hx;D_x^1.478634 H,0.08554285714285718,1.343950828219274
0.6442523841009036,1.4069022127031898,0.5341124537805048,-1.625156631505625,0;0;-1.62515663151;0.534112453781;0;0;0;-0.158712036062;-0.154127267601;0;0;0,58553.92982673171,0.006,1643,0.0001,24.886333665208173,,0.001078841215500001,0.39216689999989285,ok,same_stridge_core,Hx;D_x^1.406902 H;H*Hxx;H*Hxxx,0.024,1.4647617345154869
0.7175306807358278,1.6163744434803045,0.5070445864064332,-1.2195160259862858,0;0;-1.21951602599;0.507044586406;0;0;0;-0.0702111632071;0;0;0;0,54053.82888167526,0.006,1644,0.0001,17.182975332493186,,0.00046777566696083733,0.37674620000007053,ok,same_stridge_core,Hx;D_x^1.616374 H;H*Hxx,0.03524366156719097,0.966826667990606
0.6561487724476868,1.4271133018075395,0.5380531379122786,-1.569266875041912,0;0;-1.56926687504;0.538053137912;-0.888488372941;0;0;-0.146121118068;0;0;0;0,58192.860833549,0.006,1645,0.0001,24.651195232539703,,0.0009392405589605901,0.3748911999998654,ok,same_stridge_core,Hx;D_x^1.427113 H;Hxxx;H*Hxx,0.041999999999999996,1.3740508991201024
0.6619325037073477,1.5822867578222735,0.0,-1.2732428636978539,0;0;-1.2732428637;0;0;0;0;0;0;0;0;0,54819.26053990461,0.006,1646,0.0001,7.723751925668713,,0.0026178143320693204,0.3758634000000711,ok,same_stridge_core,Hx,0.15000000000000005,2.241825871678253
0.6893446454288228,1.5923936173508377,0.5067994838702535,-1.306749872056929,0;0;-1.30674987206;0.50679948387;1.85702046297;0;0;-0.0912139718483;-0.27691733724;0;0;0,54584.89895113535,0.006,1647,0.0001,28.42331202641733,,0.0006576583547817406,0.2957110999998349,ok,same_stridge_core,Hx;D_x^1.592394 H;Hxxx;H*Hxx;H*Hxxx,0.04440000000000002,1.1308625508496566
0.6823967734698224,1.621618019822141,0.15159559569198458,-1.2372927606982949,0;0;-1.2372927607;0.151595595692;0;0;0;0;0;0;0;0,53945.050505363026,0.006,1648,0.0001,12.382538259747665,,0.0013731344209778268,0.41303399999992507,ok,same_stridge_core,Hx;D_x^1.621618 H,0.10120000000000003,1.5935281586750591
0.702204682310084,1.4847705061440444,0.4112924647969172,-1.3178096456444357,0;0;-1.31780964564;0.411292464797;0.311621151045;0;0;-0.0769883769353;-0.0979610813701;0;0;0,57050.97476981865,0.006,1649,0.0001,29.477761245908635,,0.0004594311437177133,0.3874756999998681,ok,same_stridge_core,Hx;D_x^1.484771 H;Hxxx;H*Hxx;H*Hxxx,0.03658823529411759,0.9522738609993108
0.6627570278369912,1.430441323684474,0.5164643767002101,-1.5339725706857334,0;0;-1.53397257069;0.5164643767;-0.822792435538;0;0;-0.135421060296;0;0;0;0,58131.469916280636,0.006,1650,0.0001,24.54374345671835,,0.0008306461166593169,0.3850006999998641,ok,same_stridge_core,Hx;D_x^1.430441 H;Hxxx;H*Hxx,0.030631578947368416,1.291155490206094
0.724443142191961,1.6552695615620454,0.23593707023320684,-1.1314549206978723,0;0;-1.1314549207;0.235937070233;0;0;0;0;0;0;0;0,53358.11528934148,0.006,1651,0.0001,11.75477426040691,,0.0006189416442802093,0.3848000000000411,ok,same_stridge_core,Hx;D_x^1.65527 H,0.05999999999999999,1.0831512025386147
0.7397062880939436,1.699099396207835,0.27850480156306007,-1.0886425887683253,0;0;-1.08864258877;0.278504801563;0;0;0;0;0;0;0;0,53116.33686092824,0.006,1652,0.0001,11.635615987533546,,0.0005325767665879038,0.2730866000001697,ok,same_stridge_core,Hx;D_x^1.699099 H,0.018000000000000002,1.012348615347898
0.682533544160916,1.6498376087568933,0.15581360210008208,-1.2338070329230675,0;0;-1.23380703292;0.1558136021;0;0;0;0;0;0;0;0,53436.150963167885,0.006,1653,0.0001,12.294504112298414,,0.0013966842924303512,0.3854946999999811,ok,same_stridge_core,Hx;D_x^1.649838 H,0.084,1.6072739196648365
0.6868418643510137,1.8288190792971446,0.0,-1.2402760434518294,-0.0250995996858;0;-1.24027604345;0;1.21619999048;0;0;0;-0.282108978642;0;0;0,59249.06230324671,0.006,1654,0.0001,25.2481614016979,,0.00124245020550074,0.28094529999998485,ok,same_stridge_core,1;Hx;Hxxx;H*Hxxx,0.018000000000000002,1.5485364803992148
0.6806085375653929,1.5879306378291034,0.1439321779716768,-1.2455497158493054,0;0;-1.24554971585;0.143932177972;0;0;0;0;0;0;0;0,54687.890841626264,0.006,1655,0.0001,12.542161064561112,,0.0013928994941051918,0.40104139999994004,ok,same_stridge_core,Hx;D_x^1.587931 H,0.09160000000000004,1.604582896235859
0.6926825001211525,1.8172195418662216,0.0,-1.2220510798703552,-0.025212104191;0;-1.22205107987;0;0;0;0;0;0.140230585581;0;0;-0.034060930277,58374.336833703754,0.006,1656,0.0001,24.845100606154183,,0.0011512385594807544,0.38778850000016973,ok,same_stridge_core,1;Hx;H*Hxxx;H^2*Hxxx,0.012,1.495365872672681
0.6163310585523112,1.925509467869256,-0.13633143000723624,-1.3941340438727874,0;0;-1.39413404387;-0.136331430007;5.57454303966;0;0;0;-0.824194374698;0;0;0,64225.509438034314,0.006,1657,0.0001,28.33281960825324,,0.0038067382960207887,0.37833739999996396,ok,same_stridge_core,Hx;D_x^1.925509 H;Hxxx;H*Hxxx,0.041999999999999996,2.64261583303951
0.7404252427885829,1.8150597935245796,0.33183246214802287,-1.0680939670147278,0;0;-1.06809396701;0.331832462148;0;0;0;0;0;0;0;0,58211.74029087299,0.006,1658,0.0001,12.71007326872815,,0.0005946153233786453,0.2625384000000395,ok,same_stridge_core,Hx;D_x^1.81506 H,0.03,1.0677252105535515
0.7348101161020989,1.697436106839817,0.2688953218789182,-1.1004089677536262,0;0;-1.10040896775;0.268895321879;0;0;0;0;0;0;0;0,53109.36483315378,0.006,1659,0.0001,11.6573102346872,,0.0005601793900744615,0.37517860000002656,ok,same_stridge_core,Hx;D_x^1.697436 H,0.03305378831694621,1.0354372680564448
0.6371340362240029,1.2991408773131043,0.41764417440723667,-1.6910690194302656,0;0;-1.69106901943;0.417644174407;0;0;0;-0.148092058272;-0.225144645124;0;0;0,60164.185760746266,0.006,1660,0.0001,25.473194547739947,,0.001010238114286755,0.15528840000001765,ok,same_stridge_core,Hx;D_x^1.299141 H;H*Hxx;H*Hxxx,0.03007611746452966,1.4075202434414409
0.5845336338135414,1.832414767668408,0.0,-1.460637183608168,0;0;-1.46063718361;0;6.09212137288;0;0;0;-0.802351801043;0;0;0,59518.06134714526,0.006,1661,0.0001,21.472625442826285,,0.007129691816974109,0.41248929999983375,ok,same_stridge_core,Hx;Hxxx;H*Hxxx,0.05399999999999999,3.617207038682705
0.6499051632177754,1.7275922802008503,0.562276496144394,-1.3516911331286514,0;0;-1.35169113313;0.562276496144;4.63245274955;0;0;-0.104721015408;-0.649692992799;0;0;0,53502.207318484994,0.006,1662,0.0001,28.600131375997645,,0.0018460945389418796,0.3922523999999612,ok,same_stridge_core,Hx;D_x^1.727592 H;Hxxx;H*Hxx;H*Hxxx,0.036,1.8490277167551465
0.725101299065633,1.8288190792971446,0.3016008135960359,-1.1042984103289284,0;0;-1.10429841033;0.301600813596;0;0;0;0;0;0;0;0,59249.06230324671,0.006,1663,0.0001,13.030234186174479,,0.0007378191337923421,0.036518899999919086,ok,same_stridge_core,Hx;D_x^1.828819 H,0.018000000000000002,1.1804217255251355
0.6555465080568045,1.5803249069349934,0.5599610113252002,-1.426758145534292,0;0;-1.42675814553;0.559961011325;2.88452270841;0;0;-0.12565244044;-0.438295160936;0;0;0,54865.16225615894,0.006,1664,0.0001,29.00904983235592,,0.0012959675233285592,0.376469699999916,ok,same_stridge_core,Hx;D_x^1.580325 H;Hxxx;H*Hxx;H*Hxxx,0.018000000000000002,1.5764687042764514
0.7240059156146292,1.6402385364095418,0.5147317508762379,-1.1918963036775188,0;0;-1.19189630368;0.514731750876;0;0;0;-0.06551441547;0;0;0;0,53591.860499618684,0.006,1665,0.0001,17.02312304358125,,0.0004471348284700665,0.3870668999998088,ok,same_stridge_core,Hx;D_x^1.640239 H;H*Hxx,0.023329411764705883,0.9455648936956432
0.6303079612844908,1.5026577159747534,0.6933665800174158,-1.6337589631066252,0;0;-1.63375896311;0.693366580017;-0.607317064881;0;0;-0.185276641218;0;0;0;0,56663.95719786562,0.006,1666,0.0001,24.69306591301008,,0.002056284306166045,0.3673925999999028,ok,same_stridge_core,Hx;D_x^1.502658 H;Hxxx;H*Hxx,0.06828571428571432,2.027483033863833
0.6147177168450837,1.9417662955637474,-0.15200554878898676,-1.400707752439812,0;0;-1.40070775244;-0.152005548789;5.62296680942;0;0;0;-0.833004873352;0;0;0,64455.52802243392,0.006,1667,0.0001,28.45374118308984,,0.00388876138486819,0.3930047999999715,ok,same_stridge_core,Hx;D_x^1.941766 H;Hxxx;H*Hxxx,0.04715734126984128,2.6715299741162695
0.7283922644034438,1.8349647951745156,0.3126872745148893,-1.0950775760456715,0;0;-1.09507757605;0.312687274515;0;0;0;0;0;0;0;0,59707.44264237464,0.006,1668,0.0001,13.098999871786274,,0.000707588778148185,0.2692157999999836,ok,same_stridge_core,Hx;D_x^1.834965 H,0.018000000000000002,1.157511343311345
0.6438616716276245,1.3194679312637267,0.4221979642679534,-1.6500766922967227,0;0;-1.6500766923;0.422197964268;0;0;0;-0.141517083627;-0.202529164886;0;0;0,59897.7454511977,0.006,1669,0.0001,25.303096127621796,,0.0009205659556475454,0.38720199999988836,ok,same_stridge_core,Hx;D_x^1.319468 H;H*Hxx;H*Hxxx,0.03656413977556835,1.3439979471427146
0.6535410919905852,1.8795831038067545,0.04897341931708948,-1.2776838922994862,0;0;-1.2776838923;0.0489734193171;4.28343262637;0;0;0;-0.615569874978;0;0;0,62592.9166117077,0.006,1670,0.0001,27.004964630836703,,0.0021146727265213393,0.14394390000006752,ok,same_stridge_core,Hx;D_x^1.879583 H;Hxxx;H*Hxxx,0.036,1.967797986153622
0.7250257140439983,1.8238330356286865,0.2991882385141493,-1.1051952841880965,0;0;-1.10519528419;0.299188238514;0;0;0;0;0;0;0;0,58873.584155193246,0.006,1671,0.0001,12.952655233872846,,0.0007346903540073446,0.13606099999992693,ok,same_stridge_core,Hx;D_x^1.823833 H,0.018000000000000002,1.1779384028341973
0.603891183212836,1.1339813603465208,0.37001246222344164,-1.9914502010183146,0;0;-1.99145020102;0.370012462223;-3.83878446207;0;0;-0.180001660916;0.0834239595072;0;0;0,61827.56076937884,0.006,1672,0.0001,32.658323186613444,,0.0015544345368432434,0.15237139999999272,ok,same_stridge_core,Hx;D_x^1.133981 H;Hxxx;H*Hxx;H*Hxxx,0.06417857142857143,1.744542801924026
0.7136668460155497,1.6474646379446813,0.5135767059248816,-1.2072312021269194,0;0;-1.20723120213;0.513576705925;1.57967085957;0;0;-0.07094401693;-0.21522640561;0;0;0,53472.638760988964,0.006,1673,0.0001,27.693969894698863,,0.0004670564403096989,0.39593360000003486,ok,same_stridge_core,Hx;D_x^1.647465 H;Hxxx;H*Hxx;H*Hxxx,0.018000000000000002,0.9576505142043817
0.665202157344508,1.701954236908767,0.5668000999778647,-1.320114473237764,0;0;-1.32011447324;0.566800099978;3.81895844279;0;0;-0.100216177626;-0.532575417872;0;0;0,53131.94850966463,0.006,1674,0.0001,28.132926372698353,,0.001313628612949889,0.27991950000000543,ok,same_stridge_core,Hx;D_x^1.701954 H;Hxxx;H*Hxx;H*Hxxx,0.030466666666666656,1.5669521178660368
0.6815189531400918,1.94787709777524,0.17333788590582755,-1.1939495704722634,0;0;-1.19394957047;0.173337885906;3.47780495575;0;0;0;-0.491324694937;0;0;0,64500.060258985584,0.006,1675,0.0001,27.369729914138503,,0.0013401639557987757,0.16840380000007826,ok,same_stridge_core,Hx;D_x^1.947877 H;Hxxx;H*Hxxx,0.03,1.5697058105442658
0.6619325037073477,1.385118995335979,0.4435165505588915,-1.539282679861818,0;0;-1.53928267986;0.443516550559;0;0;0;-0.125031134339;-0.14154001385;0;0;0,58920.93163753846,0.006,1676,0.0001,24.775165071506503,,0.0007385829221024529,0.30600729999991927,ok,same_stridge_core,Hx;D_x^1.385119 H;H*Hxx;H*Hxxx,0.018000000000000002,1.2067924164911201
0.7058844008957654,1.3672945205795377,0.2817665924195389,-1.3217744446522952,0;0;-1.32177444465;0.28176659242;0;0;0;-0.0534070633975;-0.0906390632947;0;0;0,59204.75816479234,0.006,1677,0.0001,24.639577250422178,,0.0004748945044172362,0.3956032999999479,ok,same_stridge_core,Hx;D_x^1.367295 H;H*Hxx;H*Hxxx,0.024599999999999997,0.9576739845052372
0.5289847245284017,1.897617475504348,-0.5716992508287494,-1.7591696809029713,0;0;-1.7591696809;-0.571699250829;0;0;0;0;-0.195321351773;0;0;0,63413.98396829066,0.006,1678,0.0001,24.241212008401433,,0.014576141600948122,0.40066890000002786,ok,same_stridge_core,Hx;D_x^1.897617 H;H*Hxxx,0.15000000000000005,5.217016817914237
0.6639122900796601,1.5622025149861658,0.0,-1.2676630672339906,0;0;-1.26766306723;0;0;0;0;0;0;0;0;0,55292.26592802577,0.006,1679,0.0001,7.754571406636947,,0.002573763034265616,0.2841992000001028,ok,same_stridge_core,Hx,0.15000000000000005,2.2253448138343694
0.6298749155154834,1.551114379247392,0.8233286045955044,-1.6198470892303753,0;0;-1.61984708923;0.823328604596;0.0999278139338;0;0;-0.542887368025;0;0;0.0409220397507;0,55553.94075362178,0.006,1680,0.0001,29.588901696359525,,0.0016173477055286458,0.37953570000013315,ok,same_stridge_core,Hx;D_x^1.551114 H;Hxxx;H*Hxx;H^2*Hxx,0.019428571428571424,1.811931319548633
0.637024131253135,1.3700839340282798,0.5136656259118578,-1.6783470546349901,0;0;-1.67834705463;0.513665625912;0;0;0;-0.16517783312;-0.186852794437;0;0;0,59161.294779109936,0.006,1681,0.0001,25.159388854463195,,0.0011268489134293933,0.3915614000000005,ok,same_stridge_core,Hx;D_x^1.370084 H;H*Hxx;H*Hxxx,0.023391774337805288,1.4948709428192177
0.6836531640225092,1.4849488704367775,0.456580965281303,-1.3883561347428002,0;0;-1.38835613474;0.456580965281;0.751293922067;0;0;-0.099270773017;-0.170313172399;0;0;0,57047.188443803476,0.006,1682,0.0001,29.61384927632081,,0.0006027158638687812,0.38810450000005403,ok,same_stridge_core,Hx;D_x^1.484949 H;Hxxx;H*Hxx;H*Hxxx,0.018000000000000002,1.09025505441907
0.6720808933325979,1.704715349797577,1.7871440442072901,-1.1473688046937076,-0.0275195295185;0.0789186965003;-1.14736880469;1.78714404421;12.8182133799;-0.0137692630233;-0.0753916818142;-1.04036194541;-4.4644601629;0;0.0607675509658;0.373440584049,53151.555760373645,0.006,1683,0.0001,59.47787377639099,,0.0005455686489130199,0.38283419999993384,ok,same_stridge_core,1;H;Hx;D_x^1.704715 H;Hxxx;H^2;H*Hx;H*Hxx;H*Hxxx;H^2*Hxx;H^2*Hxxx,0.006,1.0111624399799701
0.6475719156625747,1.7394266867901012,0.5569418623684803,-1.3525680946950287,0;0;-1.3525680947;0.556941862368;4.80990059568;0;0;-0.103352441799;-0.674724123536;0;0;0,53829.34877386787,0.006,1684,0.0001,28.81700089196293,,0.0019587386047778856,0.36523540000007415,ok,same_stridge_core,Hx;D_x^1.739427 H;Hxxx;H*Hxx;H*Hxxx,0.043333333333333356,1.9023265050289937
0.6184781924844219,1.6669787496525366,1.1463598200355998,-1.591509650012765,0;0;-1.59150965001;1.14635982004;0.873361177934;0;0;-0.764839955548;0;0;0.0628902700716;0,53219.42636768376,0.006,1685,0.0001,28.78766226117786,,0.002345414822967771,0.13764070000001993,ok,same_stridge_core,Hx;D_x^1.666979 H;Hxxx;H*Hxx;H^2*Hxx,0.036,2.1779490773359815
0.698651676449163,1.4134515211799206,0.14468076032047403,-1.2271089975303269,0;0;-1.22710899753;0.14468076032;0;0;0;0;0;0;0;0,58439.125710474866,0.006,1686,0.0001,12.933802545150526,,0.0008256303382299165,0.3824119000000792,ok,same_stridge_core,Hx;D_x^1.413452 H,0.06490592074592075,1.2459774030555515
0.6876196718398646,1.7499578062516943,0.18405975770948632,-1.210241967575557,0;0;-1.21024196758;0.184059757709;0;0;0;0;0;0;0;0,54210.55381235101,0.006,1687,0.0001,12.42454300736432,,0.001350925371183916,0.41308279999998376,ok,same_stridge_core,Hx;D_x^1.749958 H,0.059252747252747255,1.582432244894119
0.6441138019053679,1.4101596890018997,0.5386274603029495,-1.624502537651594,0;0;-1.62450253765;0.538627460303;0;0;0;-0.159416132581;-0.15238170834;0;0;0,58497.09153463541,0.006,1688,0.0001,24.872591005792973,,0.001091748198750716,0.41421070000001237,ok,same_stridge_core,Hx;D_x^1.41016 H;H*Hxx;H*Hxxx,0.02332898189987973,1.4737543919388094
0.7144482308165819,1.8614807140459755,0.28769274794836586,-1.1274124845523124,0;0;-1.12741248455;0.287692747948;0;0;0;0;0;0;0;0,61547.315431516945,0.006,1689,0.0001,13.611743889210386,,0.000904927383686451,0.14984300000014628,ok,same_stridge_core,Hx;D_x^1.861481 H,0.019133631246437962,1.3022808029069959
0.6710218299820434,1.9679526938983476,0.0,-1.2414297772413858,0;0;-1.24142977724;0;4.03091089946;0;0;0;-0.620868333721;0;0;0,64502.487807353806,0.006,1690,0.0001,21.175344477488228,,0.0017696102585205617,0.38335940000001756,ok,same_stridge_core,Hx;Hxxx;H*Hxxx,0.036,1.8245981352820835
0.6918426515639129,1.5861131003022406,0.16326987410912705,-1.2186218265123505,0;0;-1.21862182651;0.163269874109;0;0;0;0;0;0;0;0,54730.07514292297,0.006,1691,0.0001,12.368334435721422,,0.0010904619336852127,0.3904064999999264,ok,same_stridge_core,Hx;D_x^1.586113 H,0.08306666666666669,1.4223194071368281
0.632654979680076,1.5226544628597103,0.7608363939068126,-1.625163106895796,0;0;-1.6251631069;0.760836393907;-0.0967432902101;0;0;-0.491278276339;0;0;0.035752230803;0,56215.166860755606,0.006,1692,0.0001,29.83587266087518,,0.0014729365796021722,0.38241840000000593,ok,same_stridge_core,Hx;D_x^1.522654 H;Hxxx;H*Hxx;H^2*Hxx,0.018000000000000002,1.7282892304973747
0.7205602963994185,1.2506394746355811,0.12979917648669637,-1.2012686402657426,0;0;-1.20126864027;0.129799176487;0;0;0;0;0;0;0;0,60739.19308779608,0.006,1693,0.0001,13.35863388870655,,0.0007402258667273273,0.4439028000001599,ok,same_stridge_core,Hx;D_x^1.250639 H,0.036,1.2107952711473322
0.6490364259574337,1.5701132225868963,0.7653481209451427,-1.5204509521362692,0;0;-1.52045095214;0.765348120945;0.157777286222;0;0;-0.44803842895;0;0;0.0331510419359;0,55105.396528162426,0.006,1694,0.0001,29.122827854761105,,0.0012172297162880515,0.4170371000000159,ok,same_stridge_core,Hx;D_x^1.570113 H;Hxxx;H*Hxx;H^2*Hxx,0.018000000000000002,1.5701295906798893
0.668197033954285,1.5330682034166303,0.577071647649154,-1.4418049580654906,0;0;-1.44180495807;0.577071647649;-0.31196274354;0;0;-0.126529451541;0;0;0;0,55975.71620579216,0.006,1695,0.0001,23.815661258358155,,0.0010178766593082226,0.4269824000000426,ok,same_stridge_core,Hx;D_x^1.533068 H;Hxxx;H*Hxx,0.08952000000000003,1.4253747760412923
0.6643683957154376,1.5476838078646264,0.5966993186366063,-1.4467252285777024,0;0;-1.44672522858;0.596699318637;-0.262322550517;0;0;-0.130200577619;0;0;0;0,55634.625117229065,0.006,1696,0.0001,23.772342905124766,,0.0011591682921676667,0.4323183000001336,ok,same_stridge_core,Hx;D_x^1.547684 H;Hxxx;H*Hxx,0.09428571428571429,1.5184928582331392
0.6879281653473964,1.772496751518868,0.18945691272160994,-1.2071456540682026,0;0;-1.20714565407;0.189456912722;0;0;0;0;0;0;0;0,55310.80253799653,0.006,1697,0.0001,12.65240994988898,,0.0013637815342610645,0.2900761999999304,ok,same_stridge_core,Hx;D_x^1.772497 H,0.053084737484737465,1.5902494422896731
0.6605365622018217,1.3991337128219368,0.4654182991730133,-1.5427765639412483,0;0;-1.54277656394;0.465418299173;0;0;0;-0.129849324958;-0.136511795161;0;0;0,58687.40883338846,0.006,1698,0.0001,24.71426811989067,,0.0007765143548279947,0.41315190000000257,ok,same_stridge_core,Hx;D_x^1.399134 H;H*Hxx;H*Hxxx,0.030540599011125328,1.239304586535284
0.6441138019053679,1.783851851646302,1.3307939080659257,-1.4093132452020036,0;0;-1.4093132452;1.33079390807;1.19607183419;0;0;-0.721384839486;0;0;0.0605567207133;0,55999.73395156949,0.006,1699,0.0001,29.947741027704176,,0.00190838224417115,0.28773110000020097,ok,same_stridge_core,Hx;D_x^1.783852 H;Hxxx;H*Hxx;H^2*Hxx,0.037398496240601514,1.9478740519194329
0.6672695420626922,1.567483685233666,0.0,-1.258242501698149,0;0;-1.2582425017;0;0;0;0;0;0;0;0;0,55167.48141073944,0.006,1700,0.0001,7.717467898389444,,0.002507650085076412,0.4007813000000624,ok,same_stridge_core,Hx,0.15000000000000005,2.200719757315499
0.6622118361674382,1.903536822316181,0.08536673665428547,-1.2519259280683712,0;0;-1.25192592807;0.0853667366543;4.01933837932;0;0;0;-0.57487003495;0;0;0,63632.5097226376,0.006,1701,0.0001,27.285806859248797,,0.0018330177438577685,0.4067666000000827,ok,same_stridge_core,Hx;D_x^1.903537 H;Hxxx;H*Hxxx,0.03,1.832802970193755
0.6695845336629518,1.1339813603465208,0.07871792911619796,-1.3250784224656067,0;0;-1.32507842247;0.0787179291162;0;0;0;0;0;0;0;0,61827.56076937884,0.006,1702,0.0001,14.027871164944667,,0.0014490641715317457,0.14352290000010726,ok,same_stridge_core,Hx;D_x^1.133981 H,0.0392962962962963,1.6623590110688986
0.6970597631070771,1.570243219333679,0.48073166410746915,-1.2936800190907385,0;0;-1.29368001909;0.480731664107;1.37104874135;0;0;-0.0843872395858;-0.213982431722;0;0;0,55102.327702975286,0.006,1703,0.0001,28.588616447789196,,0.000548434851804138,0.14985479999995732,ok,same_stridge_core,Hx;D_x^1.570243 H;Hxxx;H*Hxx;H*Hxxx,0.024,1.0374525963015537
0.650063381266855,1.8403370995179695,0.0,-1.2919492561715096,0;0;-1.29194925617;0;4.49122759121;0;0;0;-0.661209341694;0;0;0,60101.41002420688,0.006,1704,0.0001,20.068077539683657,,0.002257264440197707,0.15376049999986208,ok,same_stridge_core,Hx;Hxxx;H*Hxxx,0.029296982023270156,2.0376545324215902
0.6723934659044108,1.8513902128737483,0.0,-1.238179421905295,0;0;-1.23817942191;0;4.0016206059;0;0;0;-0.618305235251;0;0;0,60882.09557803038,0.006,1705,0.0001,20.081508390045006,,0.0017513066349468507,0.40419330000008813,ok,same_stridge_core,Hx;Hxxx;H*Hxxx,0.024,1.8168797166358932
0.688957496183122,1.1565153358733153,0.25489367895900716,-1.4705545870779515,0.0276969243946;0;-1.47055458708;0.254893678959;0;0;0;0.146889540824;-0.209899436093;0;-0.0245286573532;0,61645.60324920684,0.006,1706,0.0001,37.89613691394784,,0.00042651799205416696,0.3921194999998079,ok,same_stridge_core,1;Hx;D_x^1.156515 H;H*Hxx;H*Hxxx;H^2*Hxx,0.018000000000000002,0.9087749644237371
0.711744659082689,1.4564400831764976,0.16802699491833148,-1.1914856015254935,0;0;-1.19148560153;0.168026994918;0;0;0;0;0;0;0;0,57632.762532748355,0.006,1707,0.0001,12.642072487682643,,0.0006567279585128859,0.38903479999999035,ok,same_stridge_core,Hx;D_x^1.45644 H,0.041999999999999996,1.115519981132971
0.6960827964767307,1.656321023106881,0.18371727444510152,-1.1994736099414751,0;0;-1.19947360994;0.183717274445;0;0;0;0;0;0;0;0,53343.9452163634,0.006,1708,0.0001,12.070882881754216,,0.0010583523019190503,0.3819023000000925,ok,same_stridge_core,Hx;D_x^1.656321 H,0.07083907647907649,1.4020938384815362
0.640630862650771,1.9865448900639393,0.0,-1.315216246748324,0;0;-1.31521624675;0;4.70634316706;0;0;0;-0.680099794574;0;0;0,64333.69782333451,0.006,1709,0.0001,21.48871191056494,,0.002617979448135954,0.36694390000002386,ok,same_stridge_core,Hx;Hxxx;H*Hxxx,0.05306480567051994,2.1886025635645874
0.6438821385225526,1.5533376076774674,0.7604790315747201,-1.5534744161407636,0;0;-1.55347441614;0.760479031575;0.0750670182841;0;0;-0.460015046133;0;0;0.0338262645231;0,55501.56235186844,0.006,1710,0.0001,29.36726681990488,,0.0012895324253880869,0.39587299999993775,ok,same_stridge_core,Hx;D_x^1.553338 H;Hxxx;H*Hxx;H^2*Hxx,0.018000000000000002,1.6164856439706632
0.6634509567480109,1.2350277932126288,0.08801905549462902,-1.3299850383861906,0;0;-1.32998503839;0.0880190554946;0;0;0;0;0;0;0;0,60907.48646640738,0.006,1711,0.0001,13.942942490243542,,0.001662054484073535,0.3897723000000042,ok,same_stridge_core,Hx;D_x^1.235028 H,0.041254117647058774,1.7614451969620648
0.6978770060333925,1.6912286802613095,0.5642350685539724,-1.2482851923917848,0;0;-1.24828519239;0.564235068554;0;0;0;-0.0789667132463;0;0;0;0,53096.55387129786,0.006,1712,0.0001,17.196424676722707,,0.0008270599638448572,0.13895439999987502,ok,same_stridge_core,Hx;D_x^1.691229 H;H*Hxx,0.036,1.2674585153333466
0.6916493556158778,1.7655751332309892,0.19724334870617474,-1.1981284309954476,0;0;-1.198128431;0.197243348706;0;0;0;0;0;0;0;0,54933.013741020324,0.006,1713,0.0001,12.517546437429727,,0.0012629657811358585,0.3809679999999389,ok,same_stridge_core,Hx;D_x^1.765575 H,0.036,1.5309436892256625
0.6922368706069643,1.3529070693822096,0.12802554878059683,-1.2500459875520449,0;0;-1.25004598755;0.128025548781;0;0;0;0;0;0;0;0,59423.45332554586,0.006,1714,0.0001,13.201542024735481,,0.0009205128577056315,0.37414339999986623,ok,same_stridge_core,Hx;D_x^1.352907 H,0.018000000000000002,1.3168513596263098
0.7256378346399236,1.5890632517596388,0.46515706044549293,-1.2014156821732211,0;0;-1.20141568217;0.465157060445;0;0;0;-0.061264151268;0;0;0;0,54661.67149229585,0.006,1715,0.0001,17.30548377906082,,0.0004110181382071837,0.28794730000004165,ok,same_stridge_core,Hx;D_x^1.589063 H;H*Hxx,0.024,0.906982331372064
0.5200528512757224,1.772260710977244,2.0991832265547137,-1.9042219678042942,0;0;-1.9042219678;2.09918322655;5.43236873704;0;0;-1.58957461422;-0.486003144597;0;0.137675705697;0,55297.369523950496,0.006,1716,0.0001,37.62936811069548,,0.009989614151416075,0.4080860000001394,ok,same_stridge_core,Hx;D_x^1.772261 H;Hxxx;H*Hxx;H*Hxxx;H^2*Hxx,0.024,4.450946396325176
0.689905302409089,1.5750042838093854,0.5359700867475543,-1.32590094601149,0;0;-1.32590094601;0.535970086748;0;0;0;-0.0957767211357;0;0;0;0,54990.10741201365,0.006,1717,0.0001,17.694471506728487,,0.0007195643112070496,0.3805853000001207,ok,same_stridge_core,Hx;D_x^1.575004 H;H*Hxx,0.06599999999999999,1.1974392831243936
0.8176412418608606,1.6815448187136863,0.3901259347141517,-0.9213203212141655,0;0;-0.921320321214;0.390125934714;0;0;0;0;0;0;0;0,53115.10414672754,0.006,1718,0.0001,11.915897650542984,,0.0008538601113651207,0.14334819999999127,ok,same_stridge_core,Hx;D_x^1.681545 H,0.04129357083574168,1.2928768211974766
0.6776791838263143,1.9925585674661526,0.16326505080116302,-1.2034633059018462,0;0;-1.2034633059;0.163265050801;3.63973162428;0;0;0;-0.519363007201;0;0;0,64248.99563547368,0.006,1719,0.0001,27.330105259847826,,0.0014463281337801883,0.3770610999999917,ok,same_stridge_core,Hx;D_x^1.992559 H;Hxxx;H*Hxxx,0.02572498168498169,1.6305070056583555
0.8803040524592247,1.328777421912511,0.0,-0.7251069253163862,0;0;-0.725106925316;0;0;0;0;0.0956669782403;0;0;0;0,59770.3192315836,0.006,1720,0.0001,13.905056896866416,,0.0019431895856925876,0.27194729999996525,ok,same_stridge_core,Hx;H*Hxx,0.04258635012046775,1.950993050549697
0.6276851150233989,1.7175406640400523,1.233464984385451,-1.5173127425253896,0;0;-1.51731274253;1.23346498439;1.06908970536;0;0;-0.762355504871;0;0;0.0634647584957;0,53304.75229748036,0.006,1721,0.0001,28.758963946273237,,0.0022068752502727297,0.3853081999998267,ok,same_stridge_core,Hx;D_x^1.717541 H;Hxxx;H*Hxx;H^2*Hxx,0.047999999999999994,2.1065877975330585
0.7877627612619996,1.6250623467497158,0.3202577883631513,-0.9960220525260237,0;0;-0.996022052526;0.320257788363;0;0;0;0;0;0;0;0,53875.5404953131,0.006,1722,0.0001,11.887159298397872,,0.00063010732535891,0.3962424999999712,ok,same_stridge_core,Hx;D_x^1.625062 H,0.023925484138511366,1.1120511993352524
0.725101299065633,1.3679535085966836,0.1622075622166129,-1.1762792178385884,0;0;-1.17627921784;0.162207562217;0;0;0;0;0;0;0;0,59194.521297144536,0.006,1723,0.0001,12.9070428266002,,0.0005866419160568221,0.2801097999999911,ok,same_stridge_core,Hx;D_x^1.367954 H,0.02511395517181231,1.0681385671712929
0.7267689533021637,1.5836704411805649,0.21879317089292,-1.1374287562181882,0;0;-1.13742875622;0.218793170893;0;0;0;0;0;0;0;0,54786.95461497705,0.006,1724,0.0001,11.99148088783598,,0.0005611363113372087,0.2646924000000581,ok,same_stridge_core,Hx;D_x^1.58367 H,0.05399999999999999,1.03408996484057
0.7090303769601844,1.6932697591036048,0.557162184845562,-1.2151925952747222,0;0;-1.21519259527;0.557162184846;0;0;0;-0.0722613023961;0;0;0;0,53098.52327915044,0.006,1725,0.0001,17.06416734507206,,0.0006576237866548812,0.1335606000000098,ok,same_stridge_core,Hx;D_x^1.69327 H;H*Hxx,0.035409469341047294,1.134610361326927
0.6972717994462503,1.788358261928962,0.21695400352863006,-1.1810113808409073,0;0;-1.18101138084;0.216954003529;0;0;0;0;0;0;0;0,56294.40033967546,0.006,1726,0.0001,12.723658569560612,,0.0011539496302287345,0.37762590000011187,ok,same_stridge_core,Hx;D_x^1.788358 H,0.03,1.464778501625519
0.6760621091667176,1.3863133458519736,0.3968190010968586,-1.4666358737231027,0;0;-1.46663587372;0.396819001097;0;0;0;-0.102358858181;-0.122053356975;0;0;0,58901.39328588828,0.006,1727,0.0001,24.637684578333673,,0.0005918750368781076,0.3851763000000119,ok,same_stridge_core,Hx;D_x^1.386313 H;H*Hxx;H*Hxxx,0.018000000000000002,1.0771272639783573
0.6958705364100369,1.032036745474375,0.06786341333608384,-1.2943778629978147,0;0;-1.294377863;0.0678634133361;0;0;0;0;-0.119031190079;0;0;0,62511.80318912293,0.006,1728,0.0001,20.06096408602275,,0.0008946819680972146,0.15025519999994685,ok,same_stridge_core,Hx;D_x^1.032037 H;H*Hxxx,0.018000000000000002,1.3074231292858702
0.6571477079957366,1.5847895843099644,0.557980556420393,-1.4180025701004093,0;0;-1.4180025701;0.55798055642;2.88541911816;0;0;-0.123384738977;-0.435939753896;0;0;0,54760.86903334405,0.006,1729,0.0001,28.937424629953917,,0.0012649035013112006,0.40420749999998407,ok,same_stridge_core,Hx;D_x^1.58479 H;Hxxx;H*Hxx;H*Hxxx,0.018000000000000002,1.5569901132818889
0.7241797030757595,1.0489742590113382,0.0,-1.106284881280891,0;0;-1.10628488128;0;0;0;0;0;0;0;0;0,62412.492832317694,0.006,1730,0.0001,8.57925048956595,,0.0027300249181553687,0.38450429999988955,ok,same_stridge_core,Hx,0.15000000000000005,2.338001206334181
0.6636036959277144,1.4925738092616259,0.5659111233330163,-1.4898439467101687,0;0;-1.48984394671;0.565911123333;-0.509458660194;0;0;-0.135064250979;0;0;0;0,56883.93001464118,0.006,1731,0.0001,24.16248297388947,,0.0009894278071997157,0.3763463000000229,ok,same_stridge_core,Hx;D_x^1.492574 H;Hxxx;H*Hxx,0.018000000000000002,1.4089109680329994
0.662069430978119,1.1339813603465208,0.07533775130553956,-1.3430103502647608,0;0;-1.34301035026;0.0753377513055;0;0;0;0;0;0;0;0,61827.56076937884,0.006,1732,0.0001,14.148056297486102,,0.0016811521946667434,0.15179940000007264,ok,same_stridge_core,Hx;D_x^1.133981 H,0.024,1.7825441436103342
0.6855702092948721,1.4701786405753585,0.47209658597949755,-1.4056852657235441,0;0;-1.40568526572;0.472096585979;-0.50823021179;0;0;-0.102824294795;0;0;0;0,57355.5567869343,0.006,1733,0.0001,24.032416677515922,,0.0005943705990781298,0.3720794000000751,ok,same_stridge_core,Hx;D_x^1.470179 H;Hxxx;H*Hxx,0.024,1.0901939627422006
0.693581568270751,1.7427621336239083,0.19671891074268094,-1.1956069780946366,0;0;-1.19560697809;0.196718910743;0;0;0;0;0;0;0;0,53940.79253779511,0.006,1734,0.0001,12.277832811530887,,0.0011954194232686116,0.37400030000026163,ok,same_stridge_core,Hx;D_x^1.742762 H,0.05399999999999999,1.489674303971864
0.6684864309836392,1.5791821923027467,0.5558506555906577,-1.3909884195703186,0;0;-1.39098841957;0.555850655591;4.40258103641;0;0;-0.114761006578;-1.03520801319;0;0;0.0525564966043,54891.943612818584,0.006,1735,0.0001,34.296604266082234,,0.0009705943928781232,0.380688199999895,ok,same_stridge_core,Hx;D_x^1.579182 H;Hxxx;H*Hxx;H*Hxxx;H^2*Hxxx,0.012616199589883813,1.3614380983910848
0.6569525379533567,1.578680994530682,0.557001709822507,-1.4230811602400715,0;0;-1.42308116024;0.557001709823;2.81227243035;0;0;-0.12437598595;-0.428235644526;0;0;0,54903.700512354044,0.006,1736,0.0001,29.003582714438146,,0.0012544800394098277,0.38306199999988166,ok,same_stridge_core,Hx;D_x^1.578681 H;Hxxx;H*Hxx;H*Hxxx,0.018000000000000002,1.5517324582611234
0.7426984804787202,1.8050186188388728,0.33187486134771355,-1.0641450850032579,0;0;-1.064145085;0.331874861348;0;0;0;0;0;0;0;0,57465.0477948869,0.006,1737,0.0001,12.544304407301627,,0.0005747912726496164,0.1354169000001093,ok,same_stridge_core,Hx;D_x^1.805019 H,0.030631578947368416,1.0512948483242464
0.6601368934803885,1.5663567320974106,0.5477614705093895,-1.420880199102482,0;0;-1.4208801991;0.547761470509;2.53591642711;0;0;-0.122425417529;-0.393311580969;0;0;0,55194.10302655187,0.006,1738,0.0001,29.082252987567333,,0.0011442802866224089,0.365577999999914,ok,same_stridge_core,Hx;D_x^1.566357 H;Hxxx;H*Hxx;H*Hxxx,0.056524444444444426,1.4852014742913977
0.7187546435276695,1.1765988798466043,0.10333709881237237,-1.2303339441597998,0;0;-1.23033394416;0.103337098812;0;0;0;0;-0.094472069711;0;0;0,61472.80488299453,0.006,1739,0.0001,19.603402122611953,,0.0006983600973881627,0.39037999999982276,ok,same_stridge_core,Hx;D_x^1.176599 H;H*Hxxx,0.024,1.161560657713594
0.6359514560582371,1.4657626773882806,0.5869544569730437,-1.5802701949697369,0;0;-1.58027019497;0.586954456973;0;0;0;-0.155214592245;0;0;0;0,57445.681849933586,0.006,1740,0.0001,19.153975000343024,,0.0018202557715448924,0.39544989999967584,ok,same_stridge_core,Hx;D_x^1.465763 H;H*Hxx,0.024,1.920270445362945
0.7111659900296886,1.2613714527526525,0.1261704617610127,-1.2203554566985761,0;0;-1.2203554567;0.126170461761;0;0;0;0;0;0;0;0,60618.93494447933,0.006,1741,0.0001,13.326344938150402,,0.0007374031811494011,0.38262699999995675,ok,same_stridge_core,Hx;D_x^1.261371 H,0.047999999999999994,1.2025579492545355
0.6559206873170071,1.5054127151929912,0.6015042844036925,-1.5144677048409851,0;0;-1.51446770484;0.601504284404;-0.479752658243;0;0;-0.145713149054;0;0;0;0,56603.08494390822,0.006,1742,0.0001,24.202785165623446,,0.0012177628366133084,0.4007014999997409,ok,same_stridge_core,Hx;D_x^1.505413 H;Hxxx;H*Hxx,0.024,1.5615511880601576
0.7616721247787868,1.365818818893552,0.19270517223205527,-1.100440942795928,0;0;-1.1004409428;0.192705172232;0;0;0;0;0;0;0;0,59227.60818377734,0.006,1743,0.0001,13.07415102696191,,0.0007751643721721835,0.39721580000014,ok,same_stridge_core,Hx;D_x^1.365819 H,0.023328995971381637,1.2286293902064438
0.6868418643510137,1.7644264116780612,0.18505338878214128,-1.2108062511196525,0;0;-1.21080625112;0.185053388782;0;0;0;0;0;0;0;0,54873.63334044513,0.006,1744,0.0001,12.577104976555498,,0.001385139962470211,0.2716556999998829,ok,same_stridge_core,Hx;D_x^1.764426 H,0.041999999999999996,1.6023783084664713
0.6316352400852502,1.5055839580327939,0.6896952265728901,-1.6246277989872215,0;0;-1.62462779899;0.689695226573;-0.583936984953;0;0;-0.182719217333;0;0;0;0,56599.29170151554,0.006,1745,0.0001,24.649670376500843,,0.0020218317250996157,0.37314010000000053,ok,same_stridge_core,Hx;D_x^1.505584 H;Hxxx;H*Hxx,0.06771428571428575,2.0099536958946262
0.6826161981137557,1.551776679538482,0.4971038765314824,-1.3522361215546415,0;0;-1.35223612155;0.497103876531;1.61280387845;0;0;-0.0993478822642;-0.260495089102;0;0;0,55538.34245439878,0.006,1746,0.0001,28.935605162252994,,0.0006965390838761842,0.1383412000000135,ok,same_stridge_core,Hx;D_x^1.551777 H;Hxxx;H*Hxx;H*Hxxx,0.04733333333333337,1.1664339350536033
0.6605419990916508,1.2309407465472901,0.08549094802048937,-1.3371899816681738,0;0;-1.33718998167;0.0854909480205;0;0;0;0;0;0;0;0,60950.279334512285,0.006,1747,0.0001,14.006816181614754,,0.001770930001097386,0.1477231000003485,ok,same_stridge_core,Hx;D_x^1.230941 H,0.018000000000000002,1.8167603147122962
0.6269377668905375,1.937479980150104,0.0,-1.3495892190234648,0;0;-1.34958921902;0;5.0276002131;0;0;0;-0.708355547103;0;0;0,64411.020444476504,0.006,1748,0.0001,21.784105153094842,,0.003320444764464687,0.38000060000013036,ok,same_stridge_core,Hx;Hxxx;H*Hxxx,0.05999999999999999,2.460799019751887
0.7306240195522451,1.375261893520402,0.1690791998226009,-1.163402183914521,0;0;-1.16340218391;0.169079199823;0;0;0;0;0;0;0;0,59079.68328378696,0.006,1749,0.0001,12.874513444564766,,0.0005746491391821966,0.3767272000000048,ok,same_stridge_core,Hx;D_x^1.375262 H,0.023328879678878325,1.0585767878073742
0.7034299607608157,1.4937914536351715,0.41508065004095207,-1.309198780611616,0;0;-1.30919878061;0.415080650041;0.377886789216;0;0;-0.0760390208775;-0.102681908995;0;0;0,56857.60975172889,0.006,1750,0.0001,29.378002877417764,,0.0004562218469873122,0.388024200000018,ok,same_stridge_core,Hx;D_x^1.493791 H;Hxxx;H*Hxx;H*Hxxx,0.016946871310507688,0.9491980015533196
0.7009289301537925,1.7519211340229457,0.21610007377644738,-1.175764295797691,0;0;-1.1757642958;0.216100073776;0;0;0;0;0;0;0;0,54291.13453276839,0.006,1751,0.0001,12.25218679498889,,0.0010438920940897102,0.3691060999999536,ok,same_stridge_core,Hx;D_x^1.751921 H,0.036,1.393959888435212
0.6371675920111433,1.7532103460650057,1.2806815683959478,-1.4557428593187232,0;0;-1.45574285932;1.2806815684;1.14603654817;0;0;-0.736843607771;0;0;0.0616169570873;0,54345.66850409655,0.006,1752,0.0001,29.181929097113333,,0.00201843923395186,0.42214229999990494,ok,same_stridge_core,Hx;D_x^1.75321 H;Hxxx;H*Hxx;H^2*Hxx,0.041999999999999996,2.0090948450650585
0.725101299065633,1.2829117998486936,0.0,-1.1039412617409747,0;0;-1.10394126174;0;0;0;0;0;0;0;0;0,60365.788385830005,0.006,1753,0.0001,8.383266572005542,,0.0027503422487102913,0.3001083999997718,ok,same_stridge_core,Hx,0.15000000000000005,2.3466877334225407
0.6861456238455923,1.744104647134991,0.6021735978614583,-1.2444686843255282,0;0;-1.24446868433;0.602173597861;4.78469646545;0;0;-0.0862093995788;-0.926355614834;0;0;0.0367791900035,53988.07487769856,0.006,1754,0.0001,33.68790989182087,,0.000901226355424668,0.4257881999997153,ok,same_stridge_core,Hx;D_x^1.744105 H;Hxxx;H*Hxx;H*Hxxx;H^2*Hxxx,0.018000000000000002,1.2950649652017394
0.6925698255784254,1.6903295447527604,0.1833770976335912,-1.2041140484811912,0;0;-1.20411404848;0.183377097634;0;0;0;0;0;0;0;0,53096.362161683326,0.006,1755,0.0001,12.09273514884284,,0.0011703356213270794,0.41885820000015883,ok,same_stridge_core,Hx;D_x^1.69033 H,0.15000000000000005,1.4734627165061738
0.7038353473980301,1.5450571723074362,0.17512179328341945,-1.1959975790628175,0;0;-1.19599757906;0.175121793283;0;0;0;0;0;0;0;0,55696.269750771826,0.006,1756,0.0001,12.37289896550286,,0.0008140016910398045,0.15323709999984203,ok,same_stridge_core,Hx;D_x^1.545057 H,0.10680000000000003,1.2336450153484941
0.6307463954529089,1.857807301126137,0.0,-1.3399571640624837,0;0;-1.33995716406;0;4.93716739924;0;0;0;-0.700396309524;0;0;0,61311.197457240276,0.006,1757,0.0001,20.77259098436873,,0.0031025381427511305,0.16510650000009264,ok,same_stridge_core,Hx;Hxxx;H*Hxxx,0.0426176470588235,2.3792317471966444
0.6938231140140962,1.648462951259156,0.17781373672084855,-1.2059928076164306,0;0;-1.20599280762;0.177813736721;0;0;0;0;0;0;0;0,53457.1192326995,0.006,1758,0.0001,12.121403440452506,,0.0011018469768542991,0.4047648000000663,ok,same_stridge_core,Hx;D_x^1.648463 H,0.10840000000000002,1.4299795939126059
0.6743846776986919,1.567814021080284,0.5207420652033895,-1.3705441718591957,0;0;-1.37054417186;0.520742065203;2.07267224696;0;0;-0.10713752995;-0.321731179028;0;0;0,55159.67915878075,0.006,1759,0.0001,28.864407676033117,,0.0008511713604282509,0.38884280000002036,ok,same_stridge_core,Hx;D_x^1.567814 H;Hxxx;H*Hxx;H*Hxxx,0.05925,1.2845680966427413
0.5433476868417347,1.567483685233666,1.3490351624829837,-2.073324474640755,0;0;-2.07332447464;1.34903516248;0;0;0;-1.17021505046;0;0;0.0944646145062;0,55167.48141073944,0.006,1760,0.0001,25.52176839116494,,0.00588339055550663,0.1426277000000482,ok,same_stridge_core,Hx;D_x^1.567484 H;H*Hxx;H^2*Hxx,0.0412830173094879,3.454775826869163
0.6526378939668747,1.8753922443033948,0.04541563917032737,-1.280355077777728,0;0;-1.28035507778;0.0454156391703;4.31070604933;0;0;0;-0.619686329846;0;0;0,62369.5720763406,0.006,1761,0.0001,26.930153916157654,,0.0021462005392048054,0.3791031999999177,ok,same_stridge_core,Hx;D_x^1.875392 H;Hxxx;H*Hxxx,0.036,1.9823250856214116
0.6695651346461329,1.5785424634664975,0.12313162532673315,-1.273670931469555,0;0;-1.27367093147;0.123131625327;0;0;0;0;0;0;0;0,54906.94994519256,0.006,1762,0.0001,12.779724536559838,,0.0017531876763718732,0.4030329000001984,ok,same_stridge_core,Hx;D_x^1.578542 H,0.10542857142857145,1.7983345475213268
0.6378152592390938,1.5053064788050423,0.6665455723307714,-1.5962588281200742,0;0;-1.59625882812;0.666545572331;-0.557504220033;0;0;-0.173073392833;0;0;0;0,56605.43720099193,0.006,1763,0.0001,24.53004460166616,,0.0017825957840518643,0.3866871000000174,ok,same_stridge_core,Hx;D_x^1.505306 H;Hxxx;H*Hxx,0.062000000000000006,1.8878697212693842
0.665202157344508,1.6729720219550226,0.563599196744749,-1.3358665670877559,0;0;-1.33586656709;0.563599196745;3.56226875148;0;0;-0.104370724326;-0.501676281074;0;0;0,53166.41079374206,0.006,1764,0.0001,28.11976434687522,,0.001255106133825038,0.2819025999997393,ok,same_stridge_core,Hx;D_x^1.672972 H;Hxxx;H*Hxx;H*Hxxx,0.024,1.5365589500041839
0.6563941141356124,1.6881909519091247,0.5686598686831851,-1.3537422852107588,0;0;-1.35374228521;0.568659868683;4.05039977698;0;0;-0.108279435209;-0.57050571145;0;0;0,53097.52943213844,0.006,1765,0.0001,28.244542967049988,,0.0015385698594027838,0.4032927000002928,ok,same_stridge_core,Hx;D_x^1.688191 H;Hxxx;H*Hxx;H*Hxxx,0.03,1.695778250980764
0.6660874893210191,1.5548824200284335,0.5948005114118871,-1.4346052789842987,0;0;-1.43460527898;0.594800511412;-0.229357069132;0;0;-0.127220819517;0;0;0;0,55465.13279369375,0.006,1766,0.0001,23.691732237774882,,0.0011410488593101452,0.3808991999999307,ok,same_stridge_core,Hx;D_x^1.554882 H;Hxxx;H*Hxx,0.0885714285714286,1.505679120297381
0.6558487633171751,1.8050186188388728,0.0,-1.2738065988186524,0;0;-1.27380659882;0;2.34645664978;0;0;0;0.0108233569442;0;0;-0.0504243296621,57465.0477948869,0.006,1767,0.0001,24.939138652783512,,0.0020638613125920835,0.13842429999976957,ok,same_stridge_core,Hx;Hxxx;H*Hxxx;H^2*Hxxx,0.03915789473684211,1.9531195348287527
0.6727001297916266,1.5819839862098202,0.0,-1.2431139969767706,0;0;-1.24311399698;0;0;0;0;0;0;0;0;0,54826.337999262345,0.006,1768,0.0001,7.6523404303331795,,0.002422797173494578,0.37376480000011725,ok,same_stridge_core,Hx,0.15000000000000005,2.169706630406945
0.6717452476624478,1.6099749610114267,0.5412796522193861,-1.3528353907606587,0;0;-1.35283539076;0.541279652219;2.66208282349;0;0;-0.106280049571;-0.38992641451;0;0;0,54190.800912455765,0.006,1769,0.0001,28.46442884324525,,0.000978150875942859,0.37410330000011527,ok,same_stridge_core,Hx;D_x^1.609975 H;Hxxx;H*Hxx;H*Hxxx,0.053083333333333343,1.369028387017369
0.6836927678342595,1.933883756757363,0.21530090389583642,-1.2042629495317545,0;0;-1.20426294953;0.215300903896;0;0;0;0;0;0;0;0,64364.94374126198,0.006,1770,0.0001,14.610114591390422,,0.0016227540456445865,0.4174817000002804,ok,same_stridge_core,Hx;D_x^1.933884 H,0.03,1.7371258431380259
0.6842647156153104,1.6200175974962527,0.5282626163725144,-1.3075384318061458,0;0;-1.30753843181;0.528262616373;2.32389746947;0;0;-0.094419680187;-0.335175322938;0;0;0,53977.888736881054,0.006,1771,0.0001,28.203946365337288,,0.0007666718377795304,0.38225080000029266,ok,same_stridge_core,Hx;D_x^1.620018 H;Hxxx;H*Hxx;H*Hxxx,0.03,1.215001996896761
0.6629885673717535,1.6912286802613095,0.9450585477411442,-1.3955021479956038,0;0;-1.395502148;0.945058547741;0.688703606293;0;0;-0.493417727397;0;0;0.0390341817962;0,53096.55387129786,0.006,1772,0.0001,28.089896916764076,,0.0011803845509474578,0.13956880000023375,ok,same_stridge_core,Hx;D_x^1.691229 H;Hxxx;H*Hxx;H^2*Hxx,0.024,1.5416199811151436
0.7131032379384584,1.3289294407844667,0.14262137815871723,-1.2076933626434547,0;0;-1.20769336264;0.142621378159;0;0;0;0;0;0;0;0,59768.209490450085,0.006,1773,0.0001,13.08770548124667,,0.0006640538248297339,0.38206720000016503,ok,same_stridge_core,Hx;D_x^1.328929 H,0.041999999999999996,1.134063583156653
0.638710559869644,1.346745232458727,0.4762333553419326,-1.675169434750432,0;0;-1.67516943475;0.476233355342;0;0;0;-0.157179207821;-0.197530502748;0;0;0,59514.36184255557,0.006,1774,0.0001,25.240176397071934,,0.0010418046294402438,0.39358579999998256,ok,same_stridge_core,Hx;D_x^1.346745 H;H*Hxx;H*Hxxx,0.02631230674087817,1.434431660049708
0.7256378346399236,1.7885471870006502,0.28558845148212414,-1.1087024896312498,0;0;-1.10870248963;0.285588451482;0;0;0;0;0;0;0;0,56306.99093177129,0.006,1775,0.0001,12.412312552433768,,0.000700472804541187,0.28687200000013036,ok,same_stridge_core,Hx;D_x^1.788547 H,0.018000000000000002,1.1509143660795098
0.65779907168424,1.3142578809828755,0.7495214681800527,-0.9961754541842018,0.17393592228;-0.0263361025939;-0.996175454184;0.74952146818;-2.00634174677;0;-0.29314220711;-0.17248864288;-0.908701009732;0.0213456689811;-0.0127293317252;0.0954620570321,59967.559535822584,0.006,1776,0.0001,66.63160732372937,,0.00023501455406669145,0.40497019999975237,ok,same_stridge_core,1;H;Hx;D_x^1.314258 H;Hxxx;H*Hx;H*Hxx;H*Hxxx;H^2*Hx;H^2*Hxx;H^2*Hxxx,0.006,0.6672918343245181
0.7623747470327262,1.3236509402617447,0.0,-0.9908412980959505,0;0;-0.990841298096;0;0;0;0;0.0620609676886;0;0;0;0,59840.91840271785,0.006,1777,0.0001,13.254966117536098,,0.0008466056485636849,0.28239110000004075,ok,same_stridge_core,Hx;H*Hxx,0.035243570068275956,1.2867824369925283
0.4910055473746648,1.786608509925183,2.425728759056883,-2.0205586174384114,0;0;-2.02055861744;2.42572875906;6.34441227087;0;0;-1.89356755243;-0.565706791325;0;0.165619806748;0,56178.681893516536,0.006,1778,0.0001,38.98574690720564,,0.014067762996413524,0.3870872000002237,ok,same_stridge_core,Hx;D_x^1.786609 H;Hxxx;H*Hxx;H*Hxxx;H^2*Hxx,0.03,5.278537771095715
0.49202021204931773,1.0589381891014522,0.586508706903857,-2.939165302569084,0;0;-2.93916530257;0.586508706904;-8.85643981315;0;0;-0.385977294471;0.228910626512;0;0;0,62351.55965388582,0.006,1779,0.0001,34.817124292992844,,0.006572615397013948,0.39069689999996626,ok,same_stridge_core,Hx;D_x^1.058938 H;Hxxx;H*Hxx;H*Hxxx,0.15000000000000005,3.6413444660499295
0.6292078725350922,1.721905633573424,0.5573385091026466,-1.417036712979534,0;0;-1.41703671298;0.557338509103;5.4630589813;0;0;-0.118336225909;-0.776041954058;0;0;0,53381.747166894784,0.006,1780,0.0001,28.922578080382717,,0.0026942148025626746,0.38415000000031796,ok,same_stridge_core,Hx;D_x^1.721906 H;Hxxx;H*Hxx;H*Hxxx,0.05595,2.231704496935325
0.6985215076730681,1.6754610998429422,0.5632187440464531,-1.2537630666302808,0;0;-1.25376306663;0.563218744046;0;0;0;-0.0811196365283;0;0;0;0,53148.402686996684,0.006,1781,0.0001,17.179592687903046,,0.000781591981266791,0.37181680000003325,ok,same_stridge_core,Hx;D_x^1.675461 H;H*Hxx,0.04790934065934064,1.2350718818040407
0.6340390974724494,1.551428455603644,0.6944092409282883,-1.5684578144958516,0;0;-1.5684578145;0.694409240928;-0.33058911642;0;0;-0.170254655288;0;0;0;0,55546.54439186411,0.006,1782,0.0001,24.315199738014183,,0.0022225071662493106,0.3976892999999109,ok,same_stridge_core,Hx;D_x^1.551428 H;Hxxx;H*Hxx,0.025542857142857117,2.0965819812685402
0.725101299065633,1.7989937863145158,0.28867275017589406,-1.1085399700122596,0;0;-1.10853997001;0.288672750176;0;0;0;0;0;0;0;0,57029.21433659494,0.006,1783,0.0001,12.56767399077717,,0.000714322818151872,0.29267890000028274,ok,same_stridge_core,Hx;D_x^1.798994 H,0.023569980506822588,1.161831123458182
0.8630604746432022,1.37542078541899,0.0,-0.760385676719812,0;0;-0.76038567672;0;0;0;0;0.0917544356784;0;0;0;0,59077.16116585673,0.006,1784,0.0001,13.656183150642804,,0.0017250561450202842,0.3840629999999692,ok,same_stridge_core,Hx;H*Hxx,0.04713868131868129,1.840750917471457
0.7049082300012278,1.6932697591036048,0.20960004996091036,-1.1730750601918576,0;0;-1.17307506019;0.209600049961;0;0;0;0;0;0;0;0,53098.52327915044,0.006,1785,0.0001,11.926527395249071,,0.0009156348859880369,0.13673049999988507,ok,same_stridge_core,Hx;D_x^1.69327 H,0.05999999999999999,1.3068227394189833
0.6010477820858875,1.464847984194759,1.123630325407366,-1.768507109284538,0;0;-1.76850710928;1.12363032541;0;0;-0.0468733892037;-0.363829979389;-0.404916055123;0;0;0,57464.22893444552,0.006,1786,0.0001,30.871063966244627,,0.0022249779760994373,0.40387379999992845,ok,same_stridge_core,Hx;D_x^1.464848 H;H*Hx;H*Hxx;H*Hxxx,0.036,2.138949499021864
0.6879281653473964,1.6113264427793328,0.1603841196423748,-1.2249343620270472,0;0;-1.22493436203;0.160384119642;0;0;0;0;0;0;0;0,54161.52571424099,0.006,1787,0.0001,12.329962453603695,,0.0012110129737160958,0.29393739999977697,ok,same_stridge_core,Hx;D_x^1.611326 H,0.09400476190476191,1.4976573107554962
0.6655699621568054,1.7070816267686248,0.5671415350434813,-1.3163775804857072,0;0;-1.31637758049;0.567141535043;3.84676432825;0;0;-0.0992222446275;-0.535603195967;0;0;0,53171.993195045296,0.006,1788,0.0001,28.152361592384437,,0.0013138762030448137,0.4023167000000285,ok,same_stridge_core,Hx;D_x^1.707082 H;Hxxx;H*Hxx;H*Hxxx,0.024731764705882356,1.5663649948617906
0.6939345138729034,1.6466122257930649,0.5641846039746766,-1.2813071953419384,0;0;-1.28130719534;0.564184603975;0;0;0;-0.0882988260667;0;0;0;0,53486.08244318356,0.006,1789,0.0001,17.29684512716407,,0.0007977988737201415,0.14223930000025575,ok,same_stridge_core,Hx;D_x^1.646612 H;H*Hxx,0.047999999999999994,1.251020394209001
0.614241598510621,1.9253381474486795,-0.1187724316042569,-1.4418638217389244,0;0;-1.44186382174;-0.118772431604;0;0;0;0;-0.0916732815754;0;0;0,64222.18085093469,0.006,1790,0.0001,22.256680929955976,,0.00481296162587737,0.3881143000003249,ok,same_stridge_core,Hx;D_x^1.925338 H;H*Hxxx,0.08100000000000002,2.99002667467557
0.6835075216336942,1.595177456660047,0.15004775438665777,-1.2376359243969723,0;0;-1.2376359244;0.150047754387;0;0;0;0;0;0;0;0,54521.14379468132,0.006,1791,0.0001,12.464092977055968,,0.001315376347594955,0.38252779999993436,ok,same_stridge_core,Hx;D_x^1.595177 H,0.09937142857142862,1.5598642181197049
0.6731508055208059,1.1339813603465208,0.08029103608241099,-1.3166310465022086,0;0;-1.3166310465;0.0802910360824;0;0;0;0;0;0;0;0,61827.56076937884,0.006,1792,0.0001,13.977839817465266,,0.001356668048819506,0.1453824000000168,ok,same_stridge_core,Hx;D_x^1.133981 H,0.045542245989304786,1.6123276635894979
0.6232040372561811,1.7307090754330001,1.1765610140884692,-1.5060847959961474,0;0;-1.506084796;1.17656101409;3.07536139235;0;0;-0.6956837388;-0.302840340511;0;0.0564061772126;0,53578.190226460356,0.006,1793,0.0001,34.29973996882216,,0.002337362529908835,0.37510000000020227,ok,same_stridge_core,Hx;D_x^1.730709 H;Hxxx;H*Hxx;H*Hxxx;H^2*Hxx,0.036,2.152825832945944
0.5122992651875633,1.9003036670135673,-0.6045358586389243,-1.7976903878957204,0;0;-1.7976903879;-0.604535858639;-0.69881449593;0;0;0;0;0;0;0,63516.29172829424,0.006,1794,0.0001,24.91234300707059,,0.018257909626244594,0.46928220000017973,ok,same_stridge_core,Hx;D_x^1.900304 H;Hxxx,0.15000000000000005,5.857455488582313
0.6684097401708315,1.6022658610163534,0.565087410166722,-1.3759828210528668,0;0;-1.37598282105;0.565087410167;4.68446386995;0;0;-0.1128092928;-1.06459420847;0;0;0.0523745943814,54360.88241363252,0.006,1795,0.0001,34.00777862770786,,0.001018780645945323,0.44025220000003173,ok,same_stridge_core,Hx;D_x^1.602266 H;Hxxx;H*Hxx;H*Hxxx;H^2*Hxxx,0.029428571428571398,1.3912491795283468
0.6619325037073477,1.904590092776615,0.08417964614212695,-1.2527252508516067,0;0;-1.25272525085;0.0841796461421;4.02925195559;0;0;0;-0.576484874975;0;0;0,63668.7333331024,0.006,1796,0.0001,27.304748534256074,,0.0018419498064057226,0.28463440000041373,ok,same_stridge_core,Hx;D_x^1.90459 H;Hxxx;H*Hxxx,0.03,1.8372552010151149
0.6125098403799663,1.958548694280634,0.0,-1.3865829629911535,0;0;-1.38658296299;0;5.37781531723;0;0;0;-0.739217790536;0;0;0,64527.44377033398,0.006,1797,0.0001,22.164705599767014,,0.004316924206632022,0.39216209999995044,ok,same_stridge_core,Hx;Hxxx;H*Hxxx,0.047999999999999994,2.8064724686668185
0.7027347756249125,1.1434280308681226,0.08994871386015481,-1.268143074568242,0;0;-1.26814307457;0.0899487138602;0;0;0;0;-0.0936963809917;0;0;0,61752.769963515435,0.006,1798,0.0001,19.72760152958933,,0.000759676098270364,0.3925327000001744,ok,same_stridge_core,Hx;D_x^1.143428 H;H*Hxxx,0.035243574134940454,1.2017705405346952
0.7386319600667743,1.5623374527355671,0.2296169165727406,-1.1143880336537337,0;0;-1.11438803365;0.229616916573;0;0;0;0;0;0;0;0,55289.07919498827,0.006,1799,0.0001,12.035037263962836,,0.0004944750267063027,0.15485370000033072,ok,same_stridge_core,Hx;D_x^1.562337 H,0.024,0.9772214249651813
0.6368482656185018,1.8502981494474502,0.0,-1.324640475664864,0;0;-1.32464047566;0;4.79401808675;0;0;0;-0.68780587981;0;0;0,60807.1380627231,0.006,1800,0.0001,20.499961936190427,,0.002790007962779126,0.15068509999991875,ok,same_stridge_core,Hx;Hxxx;H*Hxxx,0.04799995039682539,2.2578205173734966
0.6877997424017266,1.7444604837970235,0.18339855000687794,-1.2103412631927224,0;0;-1.21034126319;0.183398550007;0;0;0;0;0;0;0;0,54000.842789779694,0.006,1801,0.0001,12.376766786582415,,0.001341025249247692,0.416192200000296,ok,same_stridge_core,Hx;D_x^1.74446 H,0.06520279720279722,1.5765982286264768
0.6481831935488654,1.3885357934954417,0.49668337923358935,-1.611049863154809,0;0;-1.61104986315;0.496683379234;0;0;0;-0.148936977266;-0.159179653986;0;0;0,58864.85238518248,0.006,1802,0.0001,24.9212959658781,,0.0009542687090243885,0.41332790000024033,ok,same_stridge_core,Hx;D_x^1.388536 H;H*Hxx;H*Hxxx,0.024,1.3753550118051094
0.6484206635570544,1.304872031015035,0.3885178433450086,-1.6249084322502045,0;0;-1.62490843225;0.388517843345;0;0;0;-0.129908788072;-0.200726385328;0;0;0,60090.66490970673,0.006,1803,0.0001,25.324900079789444,,0.0008499495605220811,0.41652439999961643,ok,same_stridge_core,Hx;D_x^1.304872 H;H*Hxx;H*Hxxx,0.035903719014671404,1.2886341159067514
0.6932209002813376,1.7693065743612773,0.2019915295565382,-1.1936406554994206,0;0;-1.1936406555;0.201991529557;0;0;0;0;0;0;0;0,55132.48386357732,0.006,1804,0.0001,12.536819979521066,,0.0012285923216668138,0.38831690000006347,ok,same_stridge_core,Hx;D_x^1.769307 H,0.04258635121492262,1.5103232068056014
0.7256378346399236,1.7552042478160765,1.0332456046900225,-1.0952245084316767,-0.00104930475847;0;-1.09522450843;1.03324560469;4.9650909268;0;-0.017934918162;-0.151679710323;-1.19055903434;0;0;0.0629665437879,54432.53288484826,0.006,1805,0.0001,44.445837503971596,,0.00041400932087329816,0.2694609999998647,ok,same_stridge_core,1;Hx;D_x^1.755204 H;Hxxx;H*Hx;H*Hxx;H*Hxxx;H^2*Hxxx,0.006,0.8998111960929774
0.6665207970468617,1.551776679538482,0.529972502040306,-1.4086240321891041,0;0;-1.40862403219;0.52997250204;2.12596580161;0;0;-0.116820070074;-0.339432322394;0;0;0,55538.34245439878,0.006,1806,0.0001,29.14100968491034,,0.0009703746734335018,0.14619689999972252,ok,same_stridge_core,Hx;D_x^1.551777 H;Hxxx;H*Hxx;H*Hxxx,0.03658823529411759,1.371838457710952
0.713398379097379,1.3538959264461456,0.14828550765960327,-1.2035110461468281,0;0;-1.20351104615;0.14828550766;0;0;0;0;0;0;0;0,59408.712041720624,0.006,1807,0.0001,12.999639767022812,,0.0006482363502548905,0.39835889999994833,ok,same_stridge_core,Hx;D_x^1.353896 H,0.05311683237397521,1.1178973586786867
0.7162752742575849,1.639914236709882,0.5264607385595508,-1.2152829807456946,0;0;-1.21528298075;0.52646073856;0;0;0;-0.0713602758006;0;0;0;0,53597.476760381076,0.006,1808,0.0001,17.078227389161587,,0.0005011619467773509,0.3675726000001305,ok,same_stridge_core,Hx;D_x^1.639914 H;H*Hxx,0.02929205366357069,0.9989843610472646
0.6989279694991096,1.2039606110830456,0.09977790046583115,-1.2675084484355867,0;0;-1.26750844844;0.0997779004658;0;0;0;0;-0.0743032882946;0;0;0,61220.19378832282,0.006,1809,0.0001,19.563017717748135,,0.0007623869800885528,0.3934377000000495,ok,same_stridge_core,Hx;D_x^1.203961 H;H*Hxxx,0.03,1.1969595812512899
0.8803040524592247,1.1938855054414579,0.0,-0.7579725320823807,0;0;-0.757972532082;0;0;0;0;0;0;0;0;0,61315.598042187405,0.006,1810,0.0001,10.329162863834831,,0.00913199394441989,0.28282350000017686,ok,same_stridge_core,Hx,0.10800000000000003,4.197603059616092
0.6530109519255786,1.5156627035293988,0.6176303777800445,-1.5190981599459197,0;0;-1.51909815995;0.61763037778;-0.440983272445;0;0;-0.14908002384;0;0;0;0,56373.857950783065,0.006,1811,0.0001,24.186341959506137,,0.001340599902320189,0.4048214999997981,ok,same_stridge_core,Hx;D_x^1.515663 H;Hxxx;H*Hxx,0.047999999999999994,1.6367987791929102
0.6588878492679793,1.86267332720412,0.0,-1.2704816515147193,0;0;-1.27048165151;0;4.29447222596;0;0;0;-0.643952408689;0;0;0,61622.380885925864,0.006,1812,0.0001,20.41322643415302,,0.002002219171009643,0.40965109999979177,ok,same_stridge_core,Hx;Hxxx;H*Hxxx,0.03,1.9265121683752626
0.6500732928184705,1.3832709185369376,0.4831970964791662,-1.602554293586864,0;0;-1.60255429359;0.483197096479;0;0;0;-0.144726443235;-0.159334992312;0;0;0,58951.03716641169,0.006,1813,0.0001,24.92288052459693,,0.0009104318724532315,0.3926934999999503,ok,same_stridge_core,Hx;D_x^1.383271 H;H*Hxx;H*Hxxx,0.018000000000000002,1.3424656580322543
0.6961279756511698,1.2340269518804239,0.10376034446689918,-1.2686372574999585,0;0;-1.2686372575;0.103760344467;0;0;0;0;-0.064823851411;0;0;0,60918.01290050357,0.006,1814,0.0001,19.492215210245085,,0.0007922854280532784,0.14665940000031696,ok,same_stridge_core,Hx;D_x^1.234027 H;H*Hxxx,0.03534379084967319,1.216811340094012
0.6561508492659047,1.3992903724972752,0.4812263934170759,-1.5654408996035563,0;0;-1.5654408996;0.481226393417;0;0;0;-0.1371932429;-0.142267172987;0;0;0,58684.746539865126,0.006,1815,0.0001,24.765432710645616,,0.0008421151296637228,0.3760936999997284,ok,same_stridge_core,Hx;D_x^1.39929 H;H*Hxx;H*Hxxx,0.04191678533231474,1.2915340946995635
0.6536774774423791,1.473178726140683,0.5374367443736574,-1.500296625836799,0;0;-1.50029662584;0.537436744374;0;0;0;-0.130957030755;0;0;0;0,57293.78006743416,0.006,1816,0.0001,18.800105774007385,,0.0012836976576191996,0.28693599999996877,ok,same_stridge_core,Hx;D_x^1.473179 H;H*Hxx,0.024,1.6119717537771348
0.7207449184996633,1.4912811540078452,0.177174502808288,-1.1618520071319778,0;0;-1.16185200713;0.177174502808;0.797836804775;0;0;0;-0.121928656009;0;0;0,56911.79877829031,0.006,1817,0.0001,23.796634041515286,,0.0005586505462925536,0.38565380000000005,ok,same_stridge_core,Hx;D_x^1.491281 H;Hxxx;H*Hxxx,0.012,1.0319145301991628
0.7089179420416891,1.483253831782271,0.16998041507123676,-1.1936481388914066,0;0;-1.19364813889;0.169980415071;0;0;0;0;0;0;0;0,57083.109714957354,0.006,1818,0.0001,12.56584832283808,,0.0007007569624620033,0.3780052000001888,ok,same_stridge_core,Hx;D_x^1.483254 H,0.03,1.1492263798466094
0.7065141871818729,1.6466122257930649,0.5451156847092027,-1.2424036476380131,0;0;-1.24240364764;0.545115684709;0;0;0;-0.0785390732326;0;0;0;0,53486.08244318356,0.006,1819,0.0001,17.144527944450697,,0.0006107279203129256,0.1452994999999646,ok,same_stridge_core,Hx;D_x^1.646612 H;H*Hxx,0.03657519440308858,1.098703211495629
0.6672695420626922,1.6647393672905926,0.8600367809073168,-1.3930934233420753,0;0;-1.39309342334;0.860036780907;0.546131691306;0;0;-0.438933516307;0;0;0.0338753575195;0,53242.53317738998,0.006,1820,0.0001,28.075625410657704,,0.0010488316372688161,0.27228869999999006,ok,same_stridge_core,Hx;D_x^1.664739 H;Hxxx;H*Hxx;H^2*Hxx,0.018000000000000002,1.4543588219627148
0.6787111084552163,1.5954224304006512,0.576349922935882,-1.3562421567235157,0;0;-1.35624215672;0.576349922936;0;0;0;-0.107076115348;0;0;0;0,54515.55500090038,0.006,1821,0.0001,17.74105583256795,,0.0009725771078544483,0.3851425999996536,ok,same_stridge_core,Hx;D_x^1.595422 H;H*Hxx,0.072,1.3863893322978398
0.648303396034042,1.4041675080225249,0.5157191021638585,-1.604833054495432,0;0;-1.6048330545;0.515719102164;0;0;0;-0.151305616098;-0.150195335584;0;0;0,58601.24928816026,0.006,1822,0.0001,24.8425588771909,,0.0009896237985385521,0.38684109999985594,ok,same_stridge_core,Hx;D_x^1.404168 H;H*Hxx;H*Hxxx,0.018000000000000002,1.4020591619267926
0.6704636508736583,1.4054747246728099,0.4382965573803325,-1.4906566986336662,0;0;-1.49065669863;0.43829655738;0;0;0;-0.114753633786;-0.120779702089;0;0;0,58578.675547488136,0.006,1823,0.0001,24.57263744481333,,0.0006600602319447631,0.38708120000001145,ok,same_stridge_core,Hx;D_x^1.405475 H;H*Hxx;H*Hxxx,0.036025283446712034,1.1411672258180772
0.6557198212455341,1.4087363630055294,0.48830638769126933,-1.5601440009754954,0;0;-1.56014400098;0.488306387691;0.182352916147;0;0;-0.13786626813;-0.161145617446;0;0;0,58521.988586823565,0.006,1824,0.0001,30.57152269096513,,0.0008672166463793266,0.4135980000000927,ok,same_stridge_core,Hx;D_x^1.408736 H;Hxxx;H*Hxx;H*Hxxx,0.018514285714285695,1.3105283975533455
0.6745841899339995,1.1476766974077073,0.1653010780058173,-1.4511598057082833,0;0;-1.45115980571;0.165301078006;0;0;0;-0.0501993670565;-0.181573147617;0;0;0,61718.43607971776,0.006,1825,0.0001,25.937716877358408,,0.000813100345257657,0.3986261000000013,ok,same_stridge_core,Hx;D_x^1.147677 H;H*Hxx;H*Hxxx,0.03305870737449687,1.2503424454713035
0.6619325037073477,1.4459314698076593,0.5338234703762538,-1.5286581968997344,0;0;-1.5286581969;0.533823470376;-0.749411613851;0;0;-0.137492003393;0;0;0;0,57838.42537579225,0.006,1826,0.0001,24.468563093873044,,0.0008845317995662654,0.2978341000002729,ok,same_stridge_core,Hx;D_x^1.445931 H;Hxxx;H*Hxx,0.017429999495246415,1.3331929435561436
0.7226955002448641,1.3692359070462374,0.1603072779496816,-1.1812268957291745,0;0;-1.18122689573;0.16030727795;0;0;0;0;0;0;0;0,59174.54521883439,0.006,1827,0.0001,12.906757112401685,,0.0005920369977328385,0.3949547000001985,ok,same_stridge_core,Hx;D_x^1.369236 H,0.036,1.071848068634806
0.6731117960558689,1.8042445877024829,0.5730013403192457,-1.252075025228429,0;0;-1.25207502523;0.573001340319;4.18787049419;0;0;-0.0805743835664;-0.57463630274;0;0;0,57408.42612871949,0.006,1828,0.0001,30.243630136706543,,0.0012876281248739763,0.2904718999998295,ok,same_stridge_core,Hx;D_x^1.804245 H;Hxxx;H*Hxx;H*Hxxx,0.024,1.5394170723467955
0.6820916469649951,1.7604395469239127,0.5824016056504261,-1.2448842704077774,0;0;-1.24488427041;0.58240160565;3.60834446131;0;0;-0.0837687071997;-0.490721803382;0;0;0,54675.084459059566,0.006,1829,0.0001,28.710155260731096,,0.0010121919469013912,0.3927398999999241,ok,same_stridge_core,Hx;D_x^1.76044 H;Hxxx;H*Hxx;H*Hxxx,0.018000000000000002,1.3726130312013103
0.6711973904239296,1.4066382213626039,0.4371332592522919,-1.4866977952542193,0;0;-1.48669779525;0.437133259252;0;0;0;-0.113777450096;-0.119343475023;0;0;0,58558.51303407622,0.006,1830,0.0001,24.558603570116706,,0.0006532147795900095,0.3913121000000501,ok,same_stridge_core,Hx;D_x^1.406638 H;H*Hxx;H*Hxxx,0.04511229946524063,1.1351983564862174
0.699544471660011,1.739107497815468,0.2096015156111681,-1.180804759556001,0;0;-1.18080475956;0.209601515611;0;0;0;0;0;0;0;0,53819.13267512198,0.006,1831,0.0001,12.168358917336828,,0.001060447214628255,0.3904843999998775,ok,same_stridge_core,Hx;D_x^1.739107 H,0.060321428571428574,1.4045323823124318
0.6863587972084149,1.5912545318066693,0.5292060174516531,-1.3237119508862951,0;0;-1.32371195089;0.529206017452;3.7100437541;0;0;-0.0963006907034;-0.882453584967;0;0;0.0465449829812,54611.10078197844,0.006,1832,0.0001,33.9130383845916,,0.000684512052383271,0.36482870000008916,ok,same_stridge_core,Hx;D_x^1.591255 H;Hxxx;H*Hxx;H*Hxxx;H^2*Hxxx,0.014121212121212133,1.1463779154045344
0.6710670065512256,1.7975235750299785,0.5699429461668414,-1.2602818399815707,0;0;-1.26028183998;0.569942946167;4.22909368311;0;0;-0.0822738425991;-0.581274334416;0;0;0,56924.75788856964,0.006,1833,0.0001,30.027045586265444,,0.0013297713449183226,0.38626390000035826,ok,same_stridge_core,Hx;D_x^1.797524 H;Hxxx;H*Hxx;H*Hxxx,0.024,1.5646666419806214
0.6631947211082949,1.0689073827574438,0.06670014255419321,-1.3437490841445523,0;0;-1.34374908414;0.0667001425542;0;0;0;0;0;0;0;0,62288.676020237064,0.006,1834,0.0001,14.23995143215771,,0.0016610586275249404,0.3698511000002327,ok,same_stridge_core,Hx;D_x^1.068907 H,0.03,1.7822162281102971
0.6552619800247318,1.3943441061885893,0.4783580505261719,-1.5716399403600567,0;0;-1.57163994036;0.478358050526;0;0;0;-0.137852528315;-0.146073962415;0;0;0,58768.26291539326,0.006,1835,0.0001,24.802195902999163,,0.0008469301628844611,0.4049264000000221,ok,same_stridge_core,Hx;D_x^1.394344 H;H*Hxx;H*Hxxx,0.03,1.2948907368418585
0.7021752448115948,1.448677889917075,0.15342212512223247,-1.2161299593315917,0;0;-1.21612995933;0.153422125122;-0.0620373159371;0;0;0;0;0;0;0,57785.21055044658,0.006,1836,0.0001,18.54562938578273,,0.0007815879916972053,0.4142349000003378,ok,same_stridge_core,Hx;D_x^1.448678 H;Hxxx,0.018000000000000002,1.2100662206487505
0.6403634103351553,1.7923722273430203,0.7786943113065898,-1.464879812732802,0;0;-1.46487981273;0.778694311307;2.58044202653;0;0.0209158466736;-0.560002108939;-0.158814019175;0;0.0533994080425;0,56565.73268102437,0.006,1837,0.0001,41.51759305081169,,0.0018986371998204895,0.40379540000003544,ok,same_stridge_core,Hx;D_x^1.792372 H;Hxxx;H*Hx;H*Hxx;H*Hxxx;H^2*Hxx,0.012,1.9215801740946323
0.6955314405647663,1.4127020323821748,0.14101193842731222,-1.2341924703466152,0;0;-1.23419247035;0.141011938427;0;0;0;0;0;0;0;0,58452.37058279423,0.006,1838,0.0001,12.975857901631873,,0.0008809731462425326,0.3756536999999298,ok,same_stridge_core,Hx;D_x^1.412702 H,0.05306460946460945,1.2853837850730268
0.51987535907557,1.912888872914318,-0.5775216162295349,-1.7709586494742302,0;0;-1.77095864947;-0.57752161623;-0.661899021139;0;0;0;0;0;0;0,63926.367540033156,0.006,1839,0.0001,24.775451019721395,,0.016675324677482714,0.40816880000011224,ok,same_stridge_core,Hx;D_x^1.912889 H;Hxxx,0.13400000000000004,5.597540757711448
0.6547932608903606,1.9455868102090337,0.0,-1.2804069107925313,0;0;-1.28040691079;0;4.38523112056;0;0;0;-0.651910103418;0;0;0,64485.92404866425,0.006,1840,0.0001,21.32009801922037,,0.002111090712861141,0.4116249999997308,ok,same_stridge_core,Hx;Hxxx;H*Hxxx,0.041999999999999996,1.9743208046210938
0.6685943072005864,1.5014531985353932,0.5551489770835849,-1.4618604806447255,0;0;-1.46186048064;0.555148977084;-0.447696454146;0;0;-0.127585010427;0;0;0;0,56690.46868681682,0.006,1841,0.0001,24.029650688402345,,0.0009138163979375372,0.41659130000016376,ok,same_stridge_core,Hx;D_x^1.501453 H;Hxxx;H*Hxx,0.018000000000000002,1.3534632136756157
0.6927903288791666,1.773689114377286,0.20196050517923436,-1.1942930803618659,0;0;-1.19429308036;0.201960505179;0;0;0;0;0;0;0;0,55379.24639598824,0.006,1842,0.0001,12.594891306701218,,0.0012429042584283154,0.4037145000002056,ok,same_stridge_core,Hx;D_x^1.773689 H,0.05322657260435038,1.5190420275035699
0.6735936529751484,1.2399752460387505,0.09595529687484712,-1.306158083868747,0;0;-1.30615808387;0.0959552968748;0;0;0;0;0;0;0;0,60854.988416511434,0.006,1843,0.0001,13.75419168942711,,0.001332001066178942,0.37392129999989265,ok,same_stridge_core,Hx;D_x^1.239975 H,0.036,1.5831940061248224
0.6780997158839182,1.656150148781268,0.5882043356551642,-1.3263073692761673,0;0;-1.32630736928;0.588204335655;0;0;0;-0.0992368065305;0;0;0;0,53346.226398391904,0.006,1844,0.0001,17.507754733604507,,0.0011646571305149163,0.38218400000005204,ok,same_stridge_core,Hx;D_x^1.65615 H;H*Hxx,0.06489328005328006,1.503886814086935
0.6867784032899671,1.8182911466325358,0.0,-1.2403911891172554,-0.0250773812081;0;-1.24039118912;0;1.21970222895;0;0;0;-0.282497097137;0;0;0,58455.15144905248,0.006,1845,0.0001,24.93105355630368,,0.0012432821441522787,0.3890999999998712,ok,same_stridge_core,1;Hx;Hxxx;H*Hxxx,0.018000000000000002,1.5489929766826869
0.6890754076013206,1.5612154963537777,0.526736092465085,-1.333901609183888,0;0;-1.33390160918;0.526736092465;0;0;0;-0.0962019386337;0;0;0;0,55315.589796626846,0.006,1846,0.0001,17.785060565142757,,0.0007093635791770896,0.3870142999999189,ok,same_stridge_core,Hx;D_x^1.561215 H;H*Hxx,0.06599999999999999,1.1903836261547036
0.6380185278487276,1.7356301245219938,0.5527646165108469,-1.38286034475507,0;0;-1.38286034476;0.552764616511;5.18159527055;0;0;-0.109395972541;-0.73145753301;0;0;0,53712.89004195249,0.006,1847,0.0001,28.93121711644518,,0.0023315896552439756,0.39568370000006325,ok,same_stridge_core,Hx;D_x^1.73563 H;Hxxx;H*Hxx;H*Hxxx,0.048301948051948,2.0747720954689344
0.6542940013577732,1.5670488062463508,0.5595531894058353,-1.4410243464544341,0;0;-1.44102434645;0.559553189406;2.74873247072;0;0;-0.128756646595;-0.425473763951;0;0;0,55177.75341504906,0.006,1848,0.0001,29.16669906904699,,0.0012942665738242527,0.3912390000000414,ok,same_stridge_core,Hx;D_x^1.567049 H;Hxxx;H*Hxx;H*Hxxx,0.018000000000000002,1.5778223615224614
0.7475903610504204,1.5969191661732893,0.2535601437520161,-1.0884005962617243,0;0;-1.08840059626;0.253560143752;0;0;0;0;0;0;0;0,54481.47359520189,0.006,1849,0.0001,11.86308842761947,,0.0004806202605505088,0.27411650000021837,ok,same_stridge_core,Hx;D_x^1.596919 H,0.018625022613231214,0.966793708579092
0.658116398051262,1.5551461354356413,0.5486951559784247,-1.4362869294938352,0;0;-1.43628692949;0.548695155978;2.4510611972;0;0;-0.125920408591;-0.387363999063;0;0;0,55458.91104827442,0.006,1850,0.0001,29.23000889611432,,0.0011655551431472176,0.3826944999996158,ok,same_stridge_core,Hx;D_x^1.555146 H;Hxxx;H*Hxx;H*Hxxx,0.08200000000000002,1.5005533719771091
0.7277416798660018,1.2436056072391148,0.13240396688273723,-1.1866460612533491,0;0;-1.18664606125;0.132403966883;0;0;0;0;0;0;0;0,60815.97741194831,0.006,1851,0.0001,13.406448471151325,,0.0007776353505017831,0.4016951000003246,ok,same_stridge_core,Hx;D_x^1.243606 H,0.036,1.2432529887616635
0.6511511478770607,1.5161878440104408,0.6243565774601239,-1.5267962463629192,0;0;-1.52679624636;0.62435657746;-0.445424232818;0;0;-0.151725782534;0;0;0;0,56362.00098491305,0.006,1852,0.0001,24.215691744118242,,0.0013974391088694925,0.3892264000000978,ok,same_stridge_core,Hx;D_x^1.516188 H;Hxxx;H*Hxx,0.05399999999999999,1.6708913501530214
0.6967756587193034,1.0161320741391258,0.06535806421097208,-1.293479380631307,0;0;-1.29347938063;0.065358064211;0;0;0;0;-0.123904231234;0;0;0,62600.32983842156,0.006,1853,0.0001,20.0983951324387,,0.0009061384291158584,0.3884032000000843,ok,same_stridge_core,Hx;D_x^1.016132 H;H*Hxxx,0.048642307692307686,1.3182961809122322
0.6770876537122614,1.7885514963247668,0.5805695866038753,-1.2471389748145836,0;0;-1.24713897481;0.580569586604;3.96251833773;0;0;-0.0819273741227;-0.541288746852;0;0;0,56307.27991601101,0.006,1854,0.0001,29.621081279368127,,0.0011655463535527116,0.3807658000000629,ok,same_stridge_core,Hx;D_x^1.788551 H;Hxxx;H*Hxx;H*Hxxx,0.019650793650793655,1.4674413213626225
0.6994899122595183,1.4927152342255225,0.42343974100498605,-1.3241932376862962,0;0;-1.32419323769;0.423439741005;0.460698192763;0;0;-0.0805093977466;-0.116831269466;0;0;0,56880.876888848186,0.006,1855,0.0001,29.411485861280145,,0.000477506140228565,0.2703574000001936,ok,same_stridge_core,Hx;D_x^1.492715 H;Hxxx;H*Hxx;H*Hxxx,0.05258823529411761,0.9710474168560518
0.6659946207807051,1.6996310597394053,0.5664816581902636,-1.3190121181398684,0;0;-1.31901211814;0.56648165819;3.76843583275;0;0;-0.100054352854;-0.525551668843;0;0;0,53118.89221570359,0.006,1856,0.0001,28.11159232137416,,0.0012878926788943532,0.39588540000022476,ok,same_stridge_core,Hx;D_x^1.699631 H;Hxxx;H*Hxx;H*Hxxx,0.024,1.5521462135223627
0.6498688190184871,1.2875247991255563,0.36238900395012796,-1.6167885849897983,0;0;-1.61678858499;0.36238900395;0;0;0;-0.122923327238;-0.205080309851;0;0;0,60309.45890255857,0.006,1857,0.0001,25.39634636668593,,0.0008315508520109489,0.4134204000001773,ok,same_stridge_core,Hx;D_x^1.287525 H;H*Hxx;H*Hxxx,0.030631578947368416,1.2725628056625025
0.624416451628937,1.5931987086870842,0.9338453770618769,-1.6169401166380695,0;0;-1.61694011664;0.933845377062;0.393030527245;0;0;-0.630010610883;0;0;0.0494943425135;0,54566.42034147799,0.006,1858,0.0001,29.244275677956363,,0.0018942813386170064,0.3985125999997763,ok,same_stridge_core,Hx;D_x^1.593199 H;Hxxx;H*Hxx;H^2*Hxx,0.03678947368421053,1.961065507217368
0.7226169311947174,1.6647008686495097,0.5334862684372988,-1.1875038881681348,0;0;-1.18750388817;0.533486268437;0;0;0;-0.0662545576481;0;0;0;0,53242.945375312054,0.006,1859,0.0001,16.949916335718143,,0.00047923395470159667,0.396617100000185,ok,same_stridge_core,Hx;D_x^1.664701 H;H*Hxx,0.024,0.9770327231245249
0.70311244186118,1.5796123830435183,0.1808429341547603,-1.1927496632458696,0;0;-1.19274966325;0.180842934155;0;0;0;0;0;0;0;0,54881.85724505312,0.006,1860,0.0001,12.23782185645504,,0.0008525634089820592,0.2778063000000657,ok,same_stridge_core,Hx;D_x^1.579612 H,0.10920000000000002,1.2614504074444162
0.686225662161265,1.304316668707485,0.11500395542803898,-1.2699378137047774,0;0;-1.2699378137;0.115003955428;0;0;0;0;0;0;0;0,60097.84333210373,0.006,1861,0.0001,13.414170899683825,,0.00103093922267787,0.3904029999998784,ok,same_stridge_core,Hx;D_x^1.304317 H,0.018000000000000002,1.3946022332630783
0.6747689063737514,1.5851551527865455,0.5808476438347483,-1.3751230258783778,0;0;-1.37512302588;0.580847643835;0;0;0;-0.11186518851;0;0;0;0,54752.35704397607,0.006,1862,0.0001,17.855924927878032,,0.0010334169987999777,0.4031323000003795,ok,same_stridge_core,Hx;D_x^1.585155 H;H*Hxx,0.072,1.4302178146852076
0.7112286412108942,1.5909597624457474,0.4985367235163067,-1.247799503043981,0;0;-1.24779950304;0.498536723516;0;0;0;-0.0748559877674;0;0;0;0,54617.89018797407,0.006,1863,0.0001,17.377397982845103,,0.0004923014764169144,0.2707835999999588,ok,same_stridge_core,Hx;D_x^1.59096 H;H*Hxx,0.03590376475376475,0.9920309264528817
0.6862499118997825,1.232354110645021,0.10359393489534803,-1.278366435802709,0;0;-1.2783664358;0.103593934895;0;0;0;0;0;0;0;0,60935.53977402344,0.006,1864,0.0001,13.593713252932165,,0.0010348188108327547,0.3880844000000252,ok,same_stridge_core,Hx;D_x^1.232354 H,0.05999999999999999,1.4066052981274781
0.6997882230740885,1.7725351200852881,0.21892825778127362,-1.1762752130722232,0;0;-1.17627521307;0.218928257781;0;0;0;0;0;0;0;0,55312.99122535895,0.006,1865,0.0001,12.4841028060994,,0.0010859387116968658,0.37785859999985405,ok,same_stridge_core,Hx;D_x^1.772535 H,0.03606791480124812,1.4215045610276107
0.6829566682775888,1.7194204453489619,0.5704903928017796,-1.2606918732417571,0;0;-1.26069187324;0.570490392802;3.28028291419;0;0;-0.0876419953618;-0.448391891261;0;0;0,53336.296720645325,0.006,1866,0.0001,27.99287724095978,,0.0009342132941033933,0.39326290000008157,ok,same_stridge_core,Hx;D_x^1.71942 H;Hxxx;H*Hxx;H*Hxxx,0.018000000000000002,1.3247288806371147
0.7093643388663542,1.3765041817150772,0.0,-1.1444638749258698,0;0;-1.14446387493;0;0;0;0;0;0;0;0;0,59059.9225233281,0.006,1867,0.0001,8.125052458626792,,0.0024649377035451305,0.37637960000029125,ok,same_stridge_core,Hx,0.15000000000000005,2.219060206293981
0.6719206886403508,1.5868556088597072,0.5526688929982186,-1.374248085333592,0;0;-1.37424808533;0.552668892998;4.33492492775;0;0;-0.110648606609;-1.01266070545;0;0;0.0513816938532,54712.82681971188,0.006,1868,0.0001,34.150584749881844,,0.0009167981477622689,0.391263699999854,ok,same_stridge_core,Hx;D_x^1.586856 H;Hxxx;H*Hxx;H*Hxxx;H^2*Hxxx,0.012,1.322888658054715
0.725483468737276,1.6216220659383505,0.4968870787726692,-1.1932524751763098,0;0;-1.19325247518;0.496887078773;0;0;0;-0.0638137146595;0;0;0;0,53944.96668083174,0.006,1869,0.0001,17.10736518685774,,0.0004261883105283984,0.37842500000033397,ok,same_stridge_core,Hx;D_x^1.621622 H;H*Hxx,0.03,0.9238751826082188
0.693805790438395,1.7747041471708387,0.20474020627994138,-1.19153706419638,0;0;-1.1915370642;0.20474020628;0;0;0;0;0;0;0;0,55438.261269531045,0.006,1870,0.0001,12.59273740401075,,0.001219807864302902,0.39489350000030754,ok,same_stridge_core,Hx;D_x^1.774704 H,0.036,1.505085150104539
0.7126530821668993,1.36738236122928,0.15046704177759546,-1.203147131807116,0;0;-1.20314713181;0.150467041778;0;0;0;0;0;0;0;0,59203.39411208276,0.006,1871,0.0001,12.95705616878967,,0.000648631258404099,0.3938898000001245,ok,same_stridge_core,Hx;D_x^1.367382 H,0.04323529411764701,1.1163773463731175
0.6638210220916558,1.7112251378894148,0.5673457091265837,-1.3193399487180582,0;0;-1.31933994872;0.567345709127;3.94894981918;0;0;-0.0996494513781;-0.550027674804;0;0;0,53216.13333745128,0.006,1872,0.0001,28.206321730254654,,0.0013699552592675985,0.4004761999999573,ok,same_stridge_core,Hx;D_x^1.711225 H;Hxxx;H*Hxx;H*Hxxx,0.03,1.5982550615290125
0.5646192434186257,1.2829117998486936,0.6521410957657181,-2.164449890277968,0;0;-2.16444989028;0.652141095766;0;0;0;-0.286316169573;-0.403713555925;0;0;0,60365.788385830005,0.006,1873,0.0001,26.671621663699597,,0.00320270670961795,0.1512907000001178,ok,same_stridge_core,Hx;D_x^1.282912 H;H*Hxx;H*Hxxx,0.05619262081128747,2.5253063093675925
0.7038219024506039,1.6691736195815399,0.5565650176691043,-1.2408473202126764,0;0;-1.24084732021;0.556565017669;0;0;0;-0.0784220649915;0;0;0;0,53198.482372148384,0.006,1874,0.0001,17.119770625178447,,0.0006860872175094657,0.3963824999996177,ok,same_stridge_core,Hx;D_x^1.669174 H;H*Hxx,0.036,1.1602259135339317
0.6508272620041338,1.3323395706469108,0.4155214132262197,-1.60902684900717,0;0;-1.60902684901;0.415521413226;0;0;0;-0.132573191081;-0.184021916094;0;0;0,59720.636632371694,0.006,1875,0.0001,25.165437019171975,,0.0008318264653036712,0.38684429999966596,ok,same_stridge_core,Hx;D_x^1.33234 H;H*Hxx;H*Hxxx,0.024,1.277182366223295
0.6634179549147393,1.4143397875192858,0.4733302539105016,-1.5233929976792018,0;0;-1.52339299768;0.473330253911;0;0;0;-0.127560579356;-0.125215827423;0;0;0,58423.39337765037,0.006,1876,0.0001,24.59679690616833,,0.0007605204024210163,0.3856055999999626,ok,same_stridge_core,Hx;D_x^1.41434 H;H*Hxx;H*Hxxx,0.04715846560846562,1.227439555108182
0.6565874847577724,1.7550767202347939,0.5588168944648767,-1.3188905753294395,0;0;-1.31889057533;0.558816894465;4.5465764145;0;0;-0.0955723919798;-0.632983806877;0;0;0,54426.88813898511,0.006,1877,0.0001,28.973548089034463,,0.0016781474485801084,0.37536809999983234,ok,same_stridge_core,Hx;D_x^1.755077 H;Hxxx;H*Hxx;H*Hxxx,0.03,1.7601040195419069
0.65892089399962,1.032036745474375,0.060269876375897695,-1.3554051120383988,0;0;-1.35540511204;0.0602698763759;0;0;0;0;0;0;0;0,62511.80318912293,0.006,1878,0.0001,14.365349266145373,,0.0018150369694225545,0.14328159999968193,ok,same_stridge_core,Hx;D_x^1.032037 H,0.02943691446329522,1.8629886283207853
0.6678261211018313,1.7446009110005507,0.5692301508741726,-1.291628858581176,0;0;-1.29162885858;0.569230150874;4.03925648265;0;0;-0.0922360819239;-0.55775614613;0;0;0,54005.90712817836,0.006,1879,0.0001,28.570418674311185,,0.0013243601589468677,0.3964747999998508,ok,same_stridge_core,Hx;D_x^1.744601 H;Hxxx;H*Hxx;H*Hxxx,0.025534090909090913,1.5674651102220036
0.7206252139543294,1.6491152289918964,0.5260674701203332,-1.1989282130239192,0;0;-1.19892821302;0.52606747012;0;0;0;-0.0679827165367;0;0;0;0,53447.11057347966,0.006,1880,0.0001,17.00963975717444,,0.0004772755625547953,0.3891108000002532,ok,same_stridge_core,Hx;D_x^1.649115 H;H*Hxx,0.02370321531100478,0.9755065851305429
0.7250429431701315,1.6290434303509855,0.22908163813699187,-1.1341372924077764,0;0;-1.13413729241;0.229081638137;0;0;0;0;0;0;0;0,53797.3469527164,0.006,1881,0.0001,11.82479020964432,,0.0005978107574180807,0.3867054999996071,ok,same_stridge_core,Hx;D_x^1.629043 H,0.05927472527472527,1.065320819101039
0.5394075470549006,1.7320981552426717,1.9615185484663542,-1.8884681280121067,0;0;-1.88846812801;1.96151854847;1.94400511014;0;0;-1.52368380879;0;0;0.132550739209;0,53614.374049415186,0.006,1882,0.0001,30.737178146606585,,0.007677652146939764,0.38172750000012456,ok,same_stridge_core,Hx;D_x^1.732098 H;Hxxx;H*Hxx;H^2*Hxx,0.06516043956043963,3.9299911218989907
0.5401519130855058,1.9154752095348744,-2.1965257005351835,-2.2525982970387437,0;0;-2.25259829704;-2.19652570054;-1.84381866981;0;0.131029428839;-0.574107515988;0.843053707144;0;0.107861619093;0,63996.65685737942,0.006,1883,0.0001,48.52596557857385,,0.007349730959976009,0.41043549999994866,ok,same_stridge_core,Hx;D_x^1.915475 H;Hxxx;H*Hx;H*Hxx;H*Hxxx;H^2*Hxx,0.05087499999999999,3.728305778408252
0.665202157344508,1.7194204453489619,0.5677260333475145,-1.3111870858035235,0;0;-1.3111870858;0.567726033348;3.95890093053;0;0;-0.0975564130428;-0.549893440287;0;0;0,53336.296720645325,0.006,1884,0.0001,28.25262640612075,,0.001348005298660709,0.03003839999973934,ok,same_stridge_core,Hx;D_x^1.71942 H;Hxxx;H*Hxx;H*Hxxx,0.02869999999999999,1.5844780457980854
0.6577720898431617,1.94787709777524,0.11790267587222537,-1.2797802880137825,0;0;-1.27978028801;0.117902675872;0;0;0;0;0;0;0;0,64500.060258985584,0.006,1885,0.0001,15.065894211436202,,0.002521944294032021,0.13853199999994104,ok,same_stridge_core,Hx;D_x^1.947877 H,0.078,2.1658821596390845
0.7186104164620937,1.5822867578222735,0.4737529984345024,-1.2259116771988507,0;0;-1.2259116772;0.473752998435;0;0;0;-0.067183253766;0;0;0;0,54819.26053990461,0.006,1886,0.0001,17.382064439433154,,0.0004379881857762002,0.1556905000002189,ok,same_stridge_core,Hx;D_x^1.582287 H;H*Hxx,0.03,0.9362862774617704
0.6893446454288228,1.490653716605472,0.4776742265593601,-1.3794313295148577,0;0;-1.37943132951;0.477674226559;-0.411637251106;0;0;-0.0985968882802;0;0;0;0,56925.294507423925,0.006,1887,0.0001,23.848815934725085,,0.0005815571490259461,0.28038340000011885,ok,same_stridge_core,Hx;D_x^1.490654 H;Hxxx;H*Hxx,0.072,1.0786981317555138
0.6716725024198795,1.6121073815368967,0.12998673970155547,-1.2649418760891902,0;0;-1.26494187609;0.129986739702;0;0;0;0;0;0;0;0,54144.691519640364,0.006,1888,0.0001,12.60562893087137,,0.0017103349258357709,0.38488420000021506,ok,same_stridge_core,Hx;D_x^1.612107 H,0.09600000000000002,1.7766906269432983
0.5773930598762478,1.8086498367806072,1.6976828878492591,-1.6195497149912659,0;0;-1.61954971499;1.69768288785;4.99916726732;0;0;-1.07615022646;-0.495465162495;0;0.0913594684931;0,57732.75592739312,0.006,1889,0.0001,37.79483879330371,,0.005079595758853031,0.3729081000001315,ok,same_stridge_core,Hx;D_x^1.80865 H;Hxxx;H*Hxx;H*Hxxx;H^2*Hxx,0.03,3.1551852368678355
0.6654665924577432,1.8502981494474502,0.0,-1.2632951650049973,0;0;-1.263295165;0;0;0;0;0;0;0;0;0,60807.1380627231,0.006,1890,0.0001,8.29413833158993,,0.0025418269678940605,0.14224229999990712,ok,same_stridge_core,Hx,0.024,2.213424525317621
0.7293664590446755,1.632930539978056,0.23742251663444644,-1.1234991512293866,0;0;-1.12349915123;0.237422516634;0;0;0;0;0;0;0;0,53723.43894345838,0.006,1891,0.0001,11.782073931081529,,0.0005643578549248664,0.36683709999988423,ok,same_stridge_core,Hx;D_x^1.632931 H,0.048227678571428526,1.0373861423898523
0.6790983783312232,1.6912286802613095,0.5614074190051118,-1.285263114114575,0;0;-1.28526311411;0.561407419005;3.19356073784;0;0;-0.0926714422113;-0.441810114038;0;0;0,53096.55387129786,0.006,1892,0.0001,27.899256398646035,,0.0009676571975769465,0.13826539999990928,ok,same_stridge_core,Hx;D_x^1.691229 H;Hxxx;H*Hxx;H*Hxxx,0.018000000000000002,1.3509794629971015
0.7112286412108942,1.3783545745531058,0.15138084372151925,-1.2046108335959749,0;0;-1.2046108336;0.151380843722;0;0;0;0;0;0;0;0,59030.35736877397,0.006,1893,0.0001,12.928504490517897,,0.0006580018811261674,0.2874007000000347,ok,same_stridge_core,Hx;D_x^1.378355 H,0.041999999999999996,1.1224330167631023
0.6787825822091342,1.604458902205632,0.5801034111886072,-1.3515433033132396,0;0;-1.35154330331;0.580103411189;0;0;0;-0.106304406504;0;0;0;0,54312.00349969898,0.006,1894,0.0001,17.69445093528375,,0.0009953897858940193,0.3824251999999433,ok,same_stridge_core,Hx;D_x^1.604459 H;H*Hxx,0.072,1.4008498853740556
0.6942837664169004,1.7713045763227018,0.2051009289357733,-1.1906609984450178,0;0;-1.19066099845;0.205100928936;0;0;0;0;0;0;0;0,55243.34172102204,0.006,1895,0.0001,12.544988140294636,,0.0012055176424852077,0.38604050000003554,ok,same_stridge_core,Hx;D_x^1.771305 H,0.05353650793650792,1.4963197960902264
0.6681401755571569,1.2166987420177318,0.08921839477107271,-1.3212075140562867,0;0;-1.32120751406;0.0892183947711;0;0;0;0;0;0;0;0,61095.43534889876,0.006,1896,0.0001,13.892936551049342,,0.0014915553464615425,0.4146856000002117,ok,same_stridge_core,Hx;D_x^1.216699 H,0.024,1.6738494812695885
0.7236880784606442,1.6745760111616201,0.5298591651220536,-1.1683458553167114,0;0;-1.16834585532;0.529859165122;1.48322483898;0;0;-0.0650657980863;-0.19314419507;0;0;0,53154.524825335866,0.006,1897,0.0001,27.49076209644103,,0.00042248753982398443,0.37965699999995195,ok,same_stridge_core,Hx;D_x^1.674576 H;Hxxx;H*Hxx;H*Hxxx,0.006,0.9134996837730981
0.6302016448937542,1.5254850828515036,0.7740252430344305,-1.631149173725572,0;0;-1.63114917373;0.774025243034;0;0;0;-0.512310870099;0;0;0.0378914359241;0,56150.42758658872,0.006,1898,0.0001,24.229895523543096,,0.0015420677009136397,0.378361699999914,ok,same_stridge_core,Hx;D_x^1.525485 H;H*Hxx;H^2*Hxx,0.018000000000000002,1.7697244889076094
0.6817340972579948,1.6465172586088717,0.15374042697194945,-1.2361680809252757,0;0;-1.23616808093;0.153740426972;0;0;0;0;0;0;0;0,53487.590679855144,0.006,1899,0.0001,12.316222688448168,,0.001416896995439485,0.279095999999754,ok,same_stridge_core,Hx;D_x^1.646517 H,0.084,1.618704552477138
0.6282742556499952,1.5054066730965012,0.7023079889997332,-1.6405418636813496,0;0;-1.64054186368;0.702307989;-0.600578926481;0;0;-0.188090728672;0;0;0;0,56603.219994814885,0.006,1900,0.0001,24.71857218812135,,0.0021601225621364333,0.4001296999999795,ok,same_stridge_core,Hx;D_x^1.505407 H;Hxxx;H*Hxx,0.059117922077922075,2.0772841901953973
0.6369048854453114,1.8104106729884548,0.0,-1.3244990116956619,0;0;-1.3244990117;0;4.79269973937;0;0;0;-0.687689981646;0;0;0,57863.642200951406,0.006,1901,0.0001,19.6158421763929,,0.002787312606075958,0.398743000000195,ok,same_stridge_core,Hx;Hxxx;H*Hxxx,0.041999999999999996,2.2567495161074755
0.6867571184854158,1.581782004136876,0.5488216640736278,-1.334262182168609,0;0;-1.33426218217;0.548821664074;0;0;0;-0.0991640227724;0;0;0;0,54831.06087856379,0.006,1902,0.0001,17.69758747582289,,0.0007837883373744395,0.2733307999997123,ok,same_stridge_core,Hx;D_x^1.581782 H;H*Hxx,0.05999999999999999,1.248269212253749
0.6262175022265721,1.2829117998486936,0.43134460556129106,-1.7577075900796588,0;0;-1.75770759008;0.431344605561;0;0;0;-0.163175498928;-0.255659806424;0;0;0,60365.788385830005,0.006,1903,0.0001,25.67564297701644,,0.0011905759583172866,0.13482859999976426,ok,same_stridge_core,Hx;D_x^1.282912 H;H*Hxx;H*Hxxx,0.036,1.5293276226844363
0.6548901196169623,1.2340269518804239,0.08159473292837531,-1.3499821143634605,0;0;-1.34998211436;0.0815947329284;0;0;0;0;0;0;0;0,60918.01290050357,0.006,1904,0.0001,14.116365759498194,,0.0020118235897362883,0.13980240000000776,ok,same_stridge_core,Hx;D_x^1.234027 H,0.05399999999999999,1.93276317939748
0.6820776922807822,1.6932697591036048,0.5741242744010373,-1.2939205916852872,0;0;-1.29392059169;0.574124274401;0;0;0;-0.0879363517727;0;0;0;0,53098.52327915044,0.006,1905,0.0001,17.43285188702844,,0.0011742082593283686,0.1394930999999815,ok,same_stridge_core,Hx;D_x^1.69327 H;H*Hxx,0.047999999999999994,1.5032949032833085
0.6574582068628437,1.385462809555617,0.45961244446643523,-1.5626452263281463,0;0;-1.56264522633;0.459612444466;0;0;0;-0.132565064953;-0.147608354845;0;0;0,58915.31296204773,0.006,1906,0.0001,24.82270883815008,,0.0007993759950563465,0.4033364000001711,ok,same_stridge_core,Hx;D_x^1.385463 H;H*Hxx;H*Hxxx,0.017366437186440528,1.2565836533309893
0.6963436781375065,1.4948838745803776,0.15531084998508507,-1.220482105540339,0;0;-1.22048210554;0.155310849985;0;0;0;0;0;0;0;0,56833.93921240423,0.006,1907,0.0001,12.673481922214227,,0.0009156877415375663,0.3896159999999327,ok,same_stridge_core,Hx;D_x^1.494884 H,0.07683134199134198,1.3066940797333817
0.656733524237175,1.032036745474375,0.059778995799707066,-1.3610220074869706,0;0;-1.36102200749;0.0597789957997;0;0;0;0;0;0;0;0,62511.80318912293,0.006,1908,0.0001,14.40032022549305,,0.001889039515220026,0.1416254000000663,ok,same_stridge_core,Hx;D_x^1.032037 H,0.03,1.8979595876684627
0.6785625885186555,1.595090391810864,0.5251762659741249,-1.3398544763678863,0;0;-1.33985447637;0.525176265974;2.2528375563;0;0;-0.1011343886;-0.335165990697;0;0;0,54523.133560315626,0.006,1909,0.0001,28.522379585293166,,0.0008235284218331545,0.3847840999997061,ok,same_stridge_core,Hx;D_x^1.59509 H;Hxxx;H*Hxx;H*Hxxx,0.04136842105263157,1.2608128051353515
0.6735439527743958,1.567483685233666,0.5221941848472609,-1.373626062934552,0;0;-1.37362606293;0.522194184847;2.09651773731;0;0;-0.108035266751;-0.32554826665;0;0;0,55167.48141073944,0.006,1910,0.0001,28.87898478963864,,0.0008656594115740422,0.1425515999999334,ok,same_stridge_core,Hx;D_x^1.567484 H;Hxxx;H*Hxx;H*Hxxx,0.045555555555555585,1.2952440842689203
0.673560613579607,1.8238330356286865,0.0,-1.42862971443751,-0.0218718863168;0;-1.42862971444;0;0.0983895240338;0;0.035881517644;-0.183098574372;0.0866436678216;0;0.024689853807;0,58873.584155193246,0.006,1911,0.0001,42.648002887917094,,0.0010832018289963546,0.15876980000030017,ok,same_stridge_core,1;Hx;Hxxx;H*Hx;H*Hxx;H*Hxxx;H^2*Hxx,0.012,1.4364939792818152
0.6169322566518541,1.5126958551543064,0.8001825894081269,-1.7017574650629246,0;0;-1.70175746506;0.800182589408;0.318510145809;0;0;-0.555017295959;-0.0691911540661;0;0.040597350546;0,56440.64056603717,0.006,1912,0.0001,35.805562535175724,,0.0018604561356717296,0.38299179999967237,ok,same_stridge_core,Hx;D_x^1.512696 H;Hxxx;H*Hxx;H*Hxxx;H^2*Hxx,0.024,1.941178195553418
0.6221918032324876,1.4829317571006895,0.7150222991077361,-1.693307037031785,0;0;-1.69330703703;0.715022299108;-0.77350452838;0;0;-0.201549072747;0;0;0;0,57089.92083126548,0.006,1913,0.0001,24.96404983495104,,0.002258331327278737,0.38065670000014507,ok,same_stridge_core,Hx;D_x^1.482932 H;Hxxx;H*Hxx,0.07301538461538469,2.1280815024448465
0.7084953741379421,1.3535572994311853,0.25998903788277866,-1.3087629490746948,0;0;-1.30876294907;0.259989037883;0;0;0;-0.0467437550825;-0.0906570147197;0;0;0,59413.76525205855,0.006,1914,0.0001,24.733563303992987,,0.0004861339922106865,0.3929594999999608,ok,same_stridge_core,Hx;D_x^1.353557 H;H*Hxx;H*Hxxx,0.024,0.9680572031695694
0.6982011043994606,1.7621758549906525,0.21234841211592498,-1.181551440178652,0;0;-1.18155144018;0.212348412116;0;0;0;0;0;0;0;0,54760.10162998946,0.006,1915,0.0001,12.38859268495606,,0.0011098187748225352,0.38774459999967803,ok,same_stridge_core,Hx;D_x^1.762176 H,0.029914960574886858,1.4365723589581683
0.665496030594557,1.38948234669081,0.436442886490698,-1.5197858335154337,0;0;-1.51978583352;0.436442886491;0;0;0;-0.119970779313;-0.134608311975;0;0;0,58849.22012091396,0.006,1916,0.0001,24.714092470497445,,0.000699876554373588,0.42634999999972933,ok,same_stridge_core,Hx;D_x^1.389482 H;H*Hxx;H*Hxxx,0.023328893218282694,1.1744044221318621
0.683067232654934,1.15324089619288,0.2321427325345311,-1.451730784019609,0.031718158083;0;-1.45173078402;0.232142732535;0;0;0;-0.0435437484671;-0.127436787555;0;0;0,61672.80877040774,0.006,1917,0.0001,31.947121187113048,,0.0006442650756308234,0.4028912000003402,ok,same_stridge_core,1;Hx;D_x^1.153241 H;H*Hxx;H*Hxxx,0.018000000000000002,1.110716801909176
0.7147217017148052,1.6465172586088717,0.2161923009785076,-1.1557504407328094,0;0;-1.15575044073;0.216192300979;0;0;0;0;0;0;0;0,53487.590679855144,0.006,1918,0.0001,11.863965436568213,,0.0007240695627548042,0.13312150000001566,ok,same_stridge_core,Hx;D_x^1.646517 H,0.05389743589743589,1.1664473005971843
0.6714564344230498,1.5623374527355671,0.5422253397880825,-1.3918399332009657,0;0;-1.3918399332;0.542225339788;4.02781050455;0;0;-0.112827468022;-0.977205268463;0;0;0.0510284707205,55289.07919498827,0.006,1919,0.0001,34.47299805445834,,0.0008802316162675841,0.14791939999986425,ok,same_stridge_core,Hx;D_x^1.562337 H;Hxxx;H*Hxx;H*Hxxx;H^2*Hxxx,0.018000000000000002,1.299550537465375
0.8000911245009616,1.8502981494474502,0.48328025118645257,-0.9209391559526963,0;0;-0.920939155953;0.483280251186;0;0;0;0;0;0;0;0,60807.1380627231,0.006,1920,0.0001,13.269584907357997,,0.000615389453396304,0.13893989999996847,ok,same_stridge_core,Hx;D_x^1.850298 H,0.041999999999999996,1.108157294813378
0.6727001297916266,1.395044365194711,0.41837983859339845,-1.4818902864392998,0;0;-1.48189028644;0.418379838593;0;0;0;-0.109342073369;-0.122656671333;0;0;0,58756.50983691941,0.006,1921,0.0001,24.613455084164062,,0.0006273769981571806,0.2779577999999674,ok,same_stridge_core,Hx;D_x^1.395044 H;H*Hxx;H*Hxxx,0.02936973325569817,1.1108511493962956
0.7008161902773333,1.7797663531633257,0.2234478848542796,-1.1727871404620287,0;0;-1.17278714046;0.223447884854;0;0;0;0;0;0;0;0,55742.58612782478,0.006,1922,0.0001,12.560852209931202,,0.0010714964066922484,0.3979922999997143,ok,same_stridge_core,Hx;D_x^1.779766 H,0.029715399610136438,1.4123349843662445
0.6238151372025933,1.4932108433059017,0.7139450349482002,-1.6745004273179414,0;0;-1.67450042732;0.713945034948;-0.697881046339;0;0;-0.197310924289;0;0;0;0,56870.1686034512,0.006,1923,0.0001,24.877258153540406,,0.002264738528295805,0.37684519999993427,ok,same_stridge_core,Hx;D_x^1.493211 H;Hxxx;H*Hxx,0.07264615384615392,2.1291907121599256
0.6778912177859755,1.5988793755831066,0.5798521215958198,-1.3573980025698356,0;0;-1.35739800257;0.579852121596;0;0;0;-0.107668894217;0;0;0;0,54437.04471360447,0.006,1924,0.0001,17.736119939213665,,0.0010000703433528618,0.38747700000021723,ok,same_stridge_core,Hx;D_x^1.598879 H;H*Hxx,0.078,1.4050065251323267
0.7065119995591861,1.4885350653808664,0.16789113474560052,-1.198263191887948,0;0;-1.19826319189;0.167891134746;0;0;0;0;0;0;0;0,56970.74103405911,0.006,1925,0.0001,12.570918503429525,,0.0007366555619280183,0.37318290000030174,ok,same_stridge_core,Hx;D_x^1.488535 H,0.04207847966122472,1.176770296617702
0.7719671777184016,1.5923640379501491,0.2850547642572119,-1.0362532335976098,0;0;-1.0362532336;0.285054764257;0;0;0;0;0;0;0;0,54585.57881742681,0.006,1926,0.0001,11.951090019548994,,0.000545083741025579,0.3925288000000364,ok,same_stridge_core,Hx;D_x^1.592364 H,0.018000000000000002,1.0339742560636316
0.6564336990606346,1.4267661023787903,0.5366446037784489,-1.568035037974082,0;0;-1.56803503797;0.536644603778;-0.88823041351;0;0;-0.145627731097;0;0;0;0,58199.23583622926,0.006,1927,0.0001,24.648993532980356,,0.0009328463353634594,0.39869699999962904,ok,same_stridge_core,Hx;D_x^1.426766 H;Hxxx;H*Hxx,0.041999999999999996,1.3692991984886516
0.6438628495830852,1.3286397745822744,0.43421753946540476,-1.6489641767185066,0;0;-1.64896417672;0.434217539465;0;0;0;-0.143779467604;-0.198030964898;0;0;0,59772.22867932075,0.006,1928,0.0001,25.26001067368781,,0.0009288855744955791,0.38608509999994567,ok,same_stridge_core,Hx;D_x^1.32864 H;H*Hxx;H*Hxxx,0.024,1.3511192019595057
0.6767426390174507,1.8614807140459755,0.0,-1.231940139016833,0;0;-1.23194013902;0;0;0;0;0;0;0;0;0,61547.315431516945,0.006,1929,0.0001,8.308348447018814,,0.002376626652947866,0.1449297999997725,ok,same_stridge_core,Hx,0.15000000000000005,2.153616903867119
0.6968190804359565,1.4599308231651682,0.15021253890737915,-1.2244325349767697,0;0;-1.22443253498;0.150212538907;0;0;0;0;0;0;0;0,57563.21943418755,0.006,1930,0.0001,12.797240056179449,,0.0008827304789934139,0.3916301999997813,ok,same_stridge_core,Hx;D_x^1.459931 H,0.05308177156177155,1.2845961693419385
0.644962644430322,1.9520343034803842,0.0,-1.3044898203459916,0;0;-1.30448982035;0;4.60693303798;0;0;0;-0.671367064344;0;0;0,64518.12237250025,0.006,1931,0.0001,21.470768344472344,,0.002440524181372741,0.3932065999997576,ok,same_stridge_core,Hx;Hxxx;H*Hxxx,0.036,2.115331632722266
0.6689634479708452,1.5762561369097523,0.5341354766513853,-1.3835244359464745,0;0;-1.38352443595;0.534135476651;2.36025245746;0;0;-0.112082188735;-0.360846799421;0;0;0,54960.657612122086,0.006,1932,0.0001,28.84870040060168,,0.0009702850135883563,0.38928030000033687,ok,same_stridge_core,Hx;D_x^1.576256 H;Hxxx;H*Hxx;H*Hxxx,0.053294117647058784,1.368371594540638
0.6126338325499826,1.5170297882904142,0.8283058852841613,-1.7204384208618706,0;0;-1.72043842086;0.828305885284;0.351391818636;0;0;-0.588019851842;-0.0684849166597;0;0.0435480004073;0,56342.97082340025,0.006,1933,0.0001,35.821907316393876,,0.002005440918432943,0.39891309999984514,ok,same_stridge_core,Hx;D_x^1.51703 H;Hxxx;H*Hxx;H*Hxxx;H^2*Hxx,0.024,2.016124822353724
0.8171853964474497,1.4203991577246748,0.0,-0.860055139393883,0;0;-0.860055139394;0;0;0;0;0.0797401861457;0;0;0;0,58315.04379241004,0.006,1934,0.0001,13.20185523670601,,0.0011981668804219446,0.37431040000001303,ok,same_stridge_core,Hx;H*Hxx,0.047137912087912084,1.538846478224001
0.6945103175379335,1.0614195928073094,0.07254593261279428,-1.294903440121103,0;0;-1.29490344012;0.0725459326128;0;0;0;0;-0.110133109808;0;0;0,62336.08823986315,0.006,1935,0.0001,19.992068621334674,,0.0008782375033264655,0.391331799999989,ok,same_stridge_core,Hx;D_x^1.06142 H;H*Hxxx,0.029297138008419737,1.2912421493757267
0.6775188394048162,1.7364760001158912,0.57373689623922,-1.2680605007531378,0;0;-1.26806050075;0.573736896239;3.61254698869;0;0;-0.0886399676441;-0.494932886861;0;0;0,53737.884735350475,0.006,1936,0.0001,28.284237663765346,,0.0010735466143486814,0.38662780000004204,ok,same_stridge_core,Hx;D_x^1.736476 H;Hxxx;H*Hxx;H*Hxxx,0.018000000000000002,1.415295296090107
0.6391845556925617,1.7732693365527163,1.3311261134829369,-1.4344731777666369,0;0;-1.43447317777;1.33112611348;1.20374597427;0;0;-0.745076672141;0;0;0.0625927471522;0,55355.039378354755,0.006,1937,0.0001,29.68670074358754,,0.002025909575246219,0.3876765999998497,ok,same_stridge_core,Hx;D_x^1.773269 H;Hxxx;H*Hxx;H^2*Hxx,0.036,2.009181054410162
0.6438628495830852,1.3286397745822744,0.43421753946540476,-1.6489641767185066,0;0;-1.64896417672;0.434217539465;0;0;0;-0.143779467604;-0.198030964898;0;0;0,59772.22867932075,0.006,1938,0.0001,25.26001067368781,,0.0009288855744955791,0.0399835999996867,ok,same_stridge_core,Hx;D_x^1.32864 H;H*Hxx;H*Hxxx,0.0414117814647226,1.3511192019595057
0.6555654942130683,1.3479602446996966,0.41934185551675,-1.5806293107211606,0;0;-1.58062931072;0.419341855517;0;0;0;-0.128077952491;-0.168803045005;0;0;0,59496.565704607994,0.006,1939,0.0001,25.037613935193953,,0.0007821083438852576,0.38616030000002866,ok,same_stridge_core,Hx;D_x^1.34796 H;H*Hxx;H*Hxxx,0.02928996436426777,1.2389876533507558
0.6686576205658027,1.4646538789639931,0.5258279913449674,-1.4851569750399272,0;0;-1.48515697504;0.525827991345;-0.617765037988;0;0;-0.127549565964;0;0;0;0,57468.15867353897,0.006,1940,0.0001,24.26648422577152,,0.000815046083681509,0.38125029999991966,ok,same_stridge_core,Hx;D_x^1.464654 H;Hxxx;H*Hxx,0.029937322739180337,1.2792207563559286
0.6594415592303555,1.598799608601544,0.5570415603640602,-1.4004040731592617,0;0;-1.40040407316;0.557041560364;2.97911278257;0;0;-0.119246848754;-0.442826985636;0;0;0,54438.84821505626,0.006,1941,0.0001,28.758695703108444,,0.0012397072750629117,0.3802673000000141,ok,same_stridge_core,Hx;D_x^1.5988 H;Hxxx;H*Hxx;H*Hxxx,0.018000000000000002,1.539271595580315
0.6481753483161551,1.9354610842477233,0.020127952656340233,-1.29397285976523,0;0;-1.29397285977;0.0201279526563;4.49298765377;0;0;0;-0.651625422249;0;0;0,64386.14806580086,0.006,1942,0.0001,27.81515488052255,,0.00231732324724586,0.4093070999997508,ok,same_stridge_core,Hx;D_x^1.935461 H;Hxxx;H*Hxxx,0.036,2.0606956542022044
0.6626473974018388,1.64546903703646,0.8428595334708551,-1.4214497193371942,0;0;-1.42144971934;0.842859533471;0.486049230341;0;0;-0.446922204765;0;0;0.0343324181848;0,53504.38141851936,0.006,1943,0.0001,28.24135024403451,,0.0010980985692846696,0.3012255000003279,ok,same_stridge_core,Hx;D_x^1.645469 H;Hxxx;H*Hxx;H^2*Hxx,0.021591836734693864,1.4891595347748274
0.6582406438612796,1.8403370995179695,0.0,-1.2720463638163932,0;0;-1.27204636382;0;4.30875669324;0;0;0;-0.645204592695;0;0;0,60101.41002420688,0.006,1944,0.0001,19.9640502394075,,0.002018365034346595,0.14381219999995665,ok,same_stridge_core,Hx;Hxxx;H*Hxxx,0.03,1.9336272321454324
0.6671318431934078,1.5568895456207215,0.11716313696759979,-1.2819568949848557,0;0;-1.28195689498;0.117163136968;0;0;0;0;0;0;0;0,55417.767169440325,0.006,1945,0.0001,12.917062107398802,,0.0018232210413564266,0.390572599999814,ok,same_stridge_core,Hx;D_x^1.55689 H,0.10800000000000003,1.833508673510737
0.6619325037073477,1.188866418615667,0.08198231537126358,-1.3385160718969629,0;0;-1.3385160719;0.0819823153713;0;0;0;0;0;0;0;0,61362.07373504802,0.006,1946,0.0001,14.055917110350027,,0.00169640766187741,0.27586890000020503,ok,same_stridge_core,Hx;D_x^1.188866 H,0.029358282224598017,1.7835023633404226
0.6893446454288228,1.454106425552929,0.44461321661689246,-1.396177425228307,0;0;-1.39617742523;0.444613216617;-0.552998301938;0;0;-0.0962547981285;0;0;0;0,57678.9123485304,0.006,1947,0.0001,24.108829211790116,,0.0005401711857292406,0.28896400000030553,ok,same_stridge_core,Hx;D_x^1.454106 H;Hxxx;H*Hxx,0.024,1.0372642723779553
0.75758326541621,1.35974272921827,0.18748955163487488,-1.1097493145147321,0;0;-1.10974931451;0.187489551635;0;0;0;0;0;0;0;0,59320.685273876785,0.006,1948,0.0001,13.070344264814477,,0.0007455351086444179,0.37708759999986796,ok,same_stridge_core,Hx;D_x^1.359743 H,0.041890102054807934,1.2062072100391192
0.6410817282174305,1.3867531024500963,0.5205126519882874,-1.650136106763642,0;0;-1.65013610676;0.520512651988;0;0;0;-0.16104616926;-0.170622541621;0;0;0,58894.180311100405,0.006,1949,0.0001,25.026803231408554,,0.0010870621810119138,0.40035409999973126,ok,same_stridge_core,Hx;D_x^1.386753 H;H*Hxx;H*Hxxx,0.057891428571428594,1.469131106968389
0.6996237901031165,1.4598342748529967,0.15375327067652061,-1.218101463243322,0;0;-1.21810146324;0.153753270677;0;0;0;0;0;0;0;0,57565.150093746226,0.006,1950,0.0001,12.76102854602787,,0.0008313726400686884,0.37476490000017293,ok,same_stridge_core,Hx;D_x^1.459834 H,0.072,1.247998527278624
0.6611461938662675,1.5819839862098202,0.5501239563128302,-1.4062894681571034,0;0;-1.40628946816;0.550123956313;2.7058401784;0;0;-0.119576566322;-0.410210898539;0;0;0,54826.337999262345,0.006,1951,0.0001,28.903929358381117,,0.0011570443565869033,0.14312599999993836,ok,same_stridge_core,Hx;D_x^1.581984 H;Hxxx;H*Hxx;H*Hxxx,0.018000000000000002,1.4907603587499467
0.7397062880939436,1.5950949502292,0.24149591653583188,-1.106297194585539,0;0;-1.10629719459;0.241495916536;0;0;0;0;0;0;0;0,54523.029133235395,0.006,1952,0.0001,11.883162402941071,,0.0004959045232837985,0.26241810000010446,ok,same_stridge_core,Hx;D_x^1.595095 H,0.024,0.9785565762939914
0.6975080309959643,1.7617819338052332,0.21058546325408364,-1.1833795138290446,0;0;-1.18337951383;0.210585463254;0;0;0;0;0;0;0;0,54740.6166923374,0.006,1953,0.0001,12.393903615665343,,0.0011243751793004616,0.3795153000000937,ok,same_stridge_core,Hx;D_x^1.761782 H,0.03,1.4457802771978627
0.6868418643510137,1.8431433134413322,0.0,-1.204349549916959,0;0;-1.20434954992;0;0;0;0;0;0;0;0;0,60303.876889762665,0.006,1954,0.0001,8.16898473851434,,0.002320640647040117,0.2662903999998889,ok,same_stridge_core,Hx,0.12000000000000004,2.138597049538074
0.5190652505931638,1.7688495749264168,2.098150447897588,-1.9132375772400199,0;0;-1.91323757724;2.0981504479;5.3744444424;0;0;-1.59836670898;-0.477700086887;0;0.138428175332;0,55107.51922958816,0.006,1955,0.0001,37.53398714768273,,0.010065705448138918,0.4108776999996735,ok,same_stridge_core,Hx;D_x^1.76885 H;Hxxx;H*Hxx;H*Hxxx;H^2*Hxx,0.024,4.469475609929828
0.6357883687954625,1.7903839336779328,0.0,-1.3272908676040909,0;0;-1.3272908676;0;4.81873036633;0;0;0;-0.689978652074;0;0;0,56430.34064522061,0.006,1956,0.0001,19.207163965437935,,0.0028411461878324806,0.39655709999988176,ok,same_stridge_core,Hx;Hxxx;H*Hxxx,0.05417723076923076,2.2780617718717533
0.6332002596308094,1.3765041817150772,0.5364954552334,-1.6976247979310157,0;0;-1.69762479793;0.536495455233;0;0;0;-0.173325987853;-0.189041799427;0;0;0,59059.9225233281,0.006,1957,0.0001,25.186971214784194,,0.0012297281631845902,0.15427539999973305,ok,same_stridge_core,Hx;D_x^1.376504 H;H*Hxx;H*Hxxx,0.024,1.563002205452949
0.5255967607292161,1.7788615340804206,2.067141817212018,-1.8704840938655887,0;0;-1.87048409387;2.06714181721;5.47227673463;0;0;-1.53664722363;-0.497443982646;0;0.132947074143;0,55686.99557973882,0.006,1958,0.0001,37.7336263111106,,0.00943211143993549,0.38936110000031476,ok,same_stridge_core,Hx;D_x^1.778862 H;Hxxx;H*Hxx;H*Hxxx;H^2*Hxx,0.024,4.321428963267305
0.7265127222897997,1.6734948087702683,0.5348189525175084,-1.1731915535179274,0;0;-1.17319155352;0.534818952518;0;0;0;-0.0635257097285;0;0;0;0,53162.42620428205,0.006,1959,0.0001,16.90885226235953,,0.00046206758462509793,0.38911330000019007,ok,same_stridge_core,Hx;D_x^1.673495 H;H*Hxx,0.018000000000000002,0.9601244010749125
0.6898409312694481,1.2991408773131043,0.3813173699744638,-1.4139989366051207,0.0387550633671;0;-1.41399893661;0.381317369974;0;0;0;-0.0640285460941;0;0;0;0,60164.185760746266,0.006,1960,0.0001,25.068975225875526,,0.0005149275084478093,0.14654220000011264,ok,same_stridge_core,1;Hx;D_x^1.299141 H;H*Hxx,0.018000000000000002,1.003300921577019
0.6639941852735052,1.1979380881539954,0.08429415315529237,-1.3327791087783247,0;0;-1.33277910878;0.0842941531553;0;0;0;0;0;0;0;0,61277.56452706722,0.006,1961,0.0001,14.001828483024369,,0.0016254078158340589,0.2763166999998248,ok,same_stridge_core,Hx;D_x^1.197938 H,0.024,1.7463155776109258
0.686758961789836,1.7802074733965958,0.5943148909935605,-1.2655283962551511,-0.0190853275514;0;-1.26552839626;0.594314890994;2.15710114575;0;0;-0.096608100839;-0.354825823074;0;0;0,55769.86536081382,0.006,1962,0.0001,34.753918822730384,,0.0008706964068646682,0.42372759999989285,ok,same_stridge_core,1;Hx;D_x^1.780207 H;Hxxx;H*Hxx;H*Hxxx,0.018000000000000002,1.291999606242084
0.7265127222897997,1.2829117998486936,0.14200089190661166,-1.18501899915883,0;0;-1.18501899916;0.142000891907;0;0;0;0;0;0;0;0,60365.788385830005,0.006,1963,0.0001,13.243384920575767,,0.0006935172389484028,0.05425179999974716,ok,same_stridge_core,Hx;D_x^1.282912 H,0.03,1.1702272434097656
0.7194570812621921,1.4294306086076338,0.17100335132639974,-1.1787949686186563,0;0;-1.17879496862;0.171003351326;0;0;0;0;0;0;0;0,58150.17310919006,0.006,1964,0.0001,12.689095471398733,,0.000585220024076115,0.4574225999999726,ok,same_stridge_core,Hx;D_x^1.429431 H,0.04863772893772894,1.0590608495607212
0.7049082300012278,1.018687922854408,0.0,-1.1561342524521712,0;0;-1.15613425245;0;0;0;0;0;0;0;0;0,62586.40517354587,0.006,1965,0.0001,8.450924410453467,,0.0024097908899045313,0.33055770000009943,ok,same_stridge_core,Hx,0.15000000000000005,2.19228389309888
0.7094618139972183,1.463715684255128,0.1651829050093946,-1.1974732954959788,0;0;-1.1974732955;0.165182905009;-0.0596000637375;0;0;0;0;0;0;0,57487.12884645065,0.006,1966,0.0001,18.381777549319352,,0.0006846627371645251,0.46560160000035467,ok,same_stridge_core,Hx;D_x^1.463716 H;Hxxx,0.012,1.1356388953841563
0.6671025572087317,1.613660994230435,0.5490459873480995,-1.3654749904250627,0;0;-1.36547499043;0.549045987348;2.87309554739;0;0;-0.110167700454;-0.419978135403;0;0;0,54111.3825925836,0.006,1967,0.0001,28.496177741305814,,0.0010863575683971516,0.4781516999996711,ok,same_stridge_core,Hx;D_x^1.613661 H;Hxxx;H*Hxx;H*Hxxx,0.018000000000000002,1.4404864450140122
0.7283922644034438,1.564102273663035,0.21572662711937554,-1.1369652055201453,0;0;-1.13696520552;0.215726627119;0;0;0;0;0;0;0;0,55247.373028625436,0.006,1968,0.0001,12.067626133021484,,0.0005424693246114275,0.3349322999997639,ok,same_stridge_core,Hx;D_x^1.564102 H,0.0392962962962963,1.018151527296397
0.7475903610504204,1.3804959437813162,0.18564736908151985,-1.1269644024836154,0;0;-1.12696440248;0.185647369082;0;0;0;0;0;0;0;0,58995.946040476556,0.006,1969,0.0001,12.90231594670223,,0.000622229843714359,0.3750222999997277,ok,same_stridge_core,Hx;D_x^1.380496 H,0.017932294898466195,1.1031267386069181
0.6672695420626922,1.3825504065471088,0.4220193575000076,-1.5121637981529459,0;0;-1.51216379815;0.4220193575;0;0;0;-0.115767821993;-0.135406906186;0;0;0,58962.73336993047,0.006,1970,0.0001,24.735780940071677,,0.0006733429872016729,0.33950069999991683,ok,same_stridge_core,Hx;D_x^1.38255 H;H*Hxx;H*Hxxx,0.03524485616699124,1.150687592099488
0.5371218383247585,1.941149533242873,-0.5117000619260431,-1.7096505416519847,0;0;-1.70965054165;-0.511700061926;-0.575996343051;0;0;0;0;0;0;0,64449.80961500441,0.006,1971,0.0001,24.37194518094942,,0.013507326025741808,0.5143960000000334,ok,same_stridge_core,Hx;D_x^1.94115 H;Hxxx,0.10066666666666674,5.037002296448098
0.6527803539707316,1.3573280562614385,0.4407083737425004,-1.5942675907348198,0;0;-1.59426759073;0.440708373743;0;0;0;-0.134879600815;-0.168723940457;0;0;0,59357.22095164394,0.006,1972,0.0001,25.019977640317293,,0.0008285093817526056,0.4491739999998572,ok,same_stridge_core,Hx;D_x^1.357328 H;H*Hxx;H*Hxxx,0.024,1.277089259659717
0.6911566564719148,1.7775994057697164,0.19876485985197936,-1.1981523088855408,0;0;-1.19815230889;0.198764859852;0;0;0;0;0;0;0;0,55610.31012478425,0.006,1973,0.0001,12.667062250206198,,0.0012862315518561078,0.4174917000000278,ok,same_stridge_core,Hx;D_x^1.777599 H,0.036,1.5450002252493473
0.7143699556410734,1.4542322213605026,0.16848436393071353,-1.1890005408858784,0;0;-1.18900054089;0.168484363931;-0.0873727884357;0;0;0;0;0;0;0,57676.43258376434,0.006,1974,0.0001,18.391026122221678,,0.0006257390540380367,0.5482468000000154,ok,same_stridge_core,Hx;D_x^1.454232 H;Hxxx,0.012,1.0880963470923743
0.6597095830055785,1.94787709777524,0.0,-1.2684972073213192,0;0;-1.26849720732;0;4.27636954046;0;0;0;-0.64236569251;0;0;0,64500.060258985584,0.006,1975,0.0001,21.26773772049332,,0.0019822853090884227,0.17360890000009022,ok,same_stridge_core,Hx;Hxxx;H*Hxxx,0.041999999999999996,1.9177196427976415
0.6496691653076202,1.3792419912722975,0.47954986621279794,-1.6059132783765688,0;0;-1.60591327838;0.479549866213;0;0;0;-0.144670732485;-0.162111243993;0;0;0,59016.12098741881,0.006,1976,0.0001,24.94787953180166,,0.0009095070347632731,0.4343041000001904,ok,same_stridge_core,Hx;D_x^1.379242 H;H*Hxx;H*Hxxx,0.018000000000000002,1.3414311368341363
0.6256137065833636,1.8050186188388728,0.651228845111355,-1.5465920519342458,0;0;-1.54659205193;0.651228845111;2.42625310688;0;0.0318164961491;-0.629289996237;-0.083382647218;0;0.0644201240418;0,57465.0477948869,0.006,1977,0.0001,42.3904941209908,,0.0024176514466617513,0.16708990000006452,ok,same_stridge_core,Hx;D_x^1.805019 H;Hxxx;H*Hx;H*Hxx;H*Hxxx;H^2*Hxx,0.018000000000000002,2.16496066456997
0.6731117960558689,1.8722029364861323,0.0,-1.2364799203520462,0;0;-1.23647992035;0;3.98632159618;0;0;0;-0.616966656637;0;0;0,62191.77808383064,0.006,1978,0.0001,20.470679425485656,,0.0017423380937967377,0.3293201000001318,ok,same_stridge_core,Hx;Hxxx;H*Hxxx,0.024,1.8131460003364648
0.6639122900796601,1.501002306173845,0.5708415933024565,-1.4825647559915756,0;0;-1.48256475599;0.570841593302;-0.468448198177;0;0;-0.134317159232;0;0;0;0,56700.377856234016,0.006,1979,0.0001,24.10286810039334,,0.0010097961181769742,0.3105534000001171,ok,same_stridge_core,Hx;D_x^1.501002 H;Hxxx;H*Hxx,0.018000000000000002,1.4227169578997332
0.6116209750830612,1.4782044258430098,0.6908592544748111,-1.6877013233554807,0;0;-1.68770132336;0.690859254475;0;0;0;-0.194815410633;0;0;0;0,57189.30526683446,0.006,1980,0.0001,19.598436432311676,,0.0029557410985463746,0.4720580999996855,ok,same_stridge_core,Hx;D_x^1.478204 H;H*Hxx,0.036,2.4416448522613377
0.5739487372951827,1.857373973360767,0.0,-1.489472257394421,0;0;-1.48947225739;0;6.37481926786;0;0;0;-0.827405219995;0;0;0,61282.861127264565,0.006,1981,0.0001,22.349998966056436,,0.008543865654215667,0.4841513000001214,ok,same_stridge_core,Hx;Hxxx;H*Hxxx,0.05898989898989899,3.965140627877066
0.6718117094539541,1.5875367449171853,0.5894815170315587,-1.3844961772002005,0;0;-1.3844961772;0.589481517032;0;0;0;-0.114914254071;0;0;0;0,54697.023420554506,0.006,1982,0.0001,17.891130590898527,,0.0011112644393502466,0.46915379999973084,ok,same_stridge_core,Hx;D_x^1.587537 H;H*Hxx,0.078,1.4820235647321736
0.7112286412108942,1.4041149122788765,0.15668426902501426,-1.200715941322645,0;0;-1.20071594132;0.156684269025;0;0;0;0;0;0;0;0,58602.1562371183,0.006,1983,0.0001,12.838346634884704,,0.0006554362078651322,0.33222710000018196,ok,same_stridge_core,Hx;D_x^1.404115 H,0.04411764705882352,1.1179153874610435
0.6439484571722465,1.7690472979403629,1.284583711383664,-1.4198429558774386,0;0;-1.41984295588;1.28458371138;1.14730188203;0;0;-0.706590210865;0;0;0.0590541416817;0,55118.30429796477,0.006,1984,0.0001,29.485845005172497,,0.0018617542478345003,0.4563097000000198,ok,same_stridge_core,Hx;D_x^1.769047 H;Hxxx;H*Hxx;H^2*Hxx,0.036,1.926692856190108
0.6067387109062161,1.6669787496525366,0.6781311252782959,-1.5575206045885182,0;0;-1.55752060459;0.678131125278;0;0;0;-0.154812158139;0;0;0;0,53219.42636768376,0.006,1985,0.0001,18.98784113647706,,0.0047732020841451065,0.18864529999973456,ok,same_stridge_core,Hx;D_x^1.666979 H;H*Hxx,0.06142857142857145,3.0220132261719295
0.6592942396093322,1.3774280440876208,0.44326700496349736,-1.5549430889129547,0;0;-1.55494308891;0.443267004963;0;0;0;-0.127958429577;-0.148995095826;0;0;0,59045.180326376445,0.006,1986,0.0001,24.84478412026066,,0.0007634974929588077,0.43899270000019897,ok,same_stridge_core,Hx;D_x^1.377428 H;H*Hxx;H*Hxxx,0.023328882222986652,1.2267119897100802
0.6817869017730198,1.9031079210975252,0.16654241401263786,-1.1955476723017384,0;0;-1.1955476723;0.166542414013;3.40859725756;0;0;0;-0.478541698695;0;0;0,63617.517457776754,0.006,1987,0.0001,27.00114705085184,,0.001314073621241311,0.4879073000001881,ok,same_stridge_core,Hx;D_x^1.903108 H;Hxxx;H*Hxxx,0.03,1.5541400677411366
0.5375814327000039,1.9743734921283713,-0.5563816458861365,-1.7160976367019383,0;0;-1.7160976367;-0.556381645886;-0.593398797324;0;0;0;0;0;0;0,64461.150323083304,0.006,1988,0.0001,24.33055042785517,,0.01325263627696014,0.4948136000002705,ok,same_stridge_core,Hx;D_x^1.974373 H;Hxxx,0.09080000000000006,4.992205330930177
0.6735885501292993,1.5764312275024548,0.5789633790321458,-1.3835514943294658,0;0;-1.38355149433;0.578963379032;0;0;0;-0.113555415432;0;0;0;0,54956.542549104925,0.006,1989,0.0001,17.920883949542997,,0.0010367088910963173,0.55746229999977,ok,same_stridge_core,Hx;D_x^1.576431 H;H*Hxx,0.078,1.433921184811517
0.6749713324277905,1.2991408773131043,0.10238205072341394,-1.3021867546036539,0;0;-1.3021867546;0.102382050723;-0.177138086862;0;0;0;0;0;0;0,60164.185760746266,0.006,1990,0.0001,19.60118479125942,,0.0013022684790953277,0.1760306999999557,ok,same_stridge_core,Hx;D_x^1.299141 H;Hxxx,0.037220457567124235,1.551929063035542
0.6779884762216547,1.6034132936337433,0.1410250790544426,-1.2502080307758932,0;0;-1.25020803078;0.141025079054;0;0;0;0;0;0;0;0,54335.2623856246,0.006,1991,0.0001,12.525670240364752,,0.0014891171418566324,0.4636694999999236,ok,same_stridge_core,Hx;D_x^1.603413 H,0.09600000000000002,1.6586177632398325
0.812169343065406,1.1870143920324965,0.0,-0.871482114467721,0;0;-0.871482114468;0;0;0;0;0.0782780433555;0;0;0;0,61379.0502349801,0.006,1992,0.0001,13.783271740981444,,0.0011494486413326955,0.4387295000001359,ok,same_stridge_core,Hx;H*Hxx,0.066834188034188,1.5074616939854235
0.6185764188319969,1.4970076511139974,0.7363546307921373,-1.6959216110072737,0;0;-1.69592161101;0.736354630792;-0.701096563695;0;0;-0.205414611256;0;0;0;0,56787.76753379424,0.006,1993,0.0001,24.96690175255762,,0.0025359636314673992,0.47730200000023615,ok,same_stridge_core,Hx;D_x^1.497008 H;Hxxx;H*Hxx,0.06751048951048956,2.2517947390399233
0.6995723384021387,1.2340269518804239,0.10579533209934193,-1.2613771746377105,0;0;-1.26137717464;0.105795332099;0;0;0;0;-0.0666688531473;0;0;0,60918.01290050357,0.006,1994,0.0001,19.461482422107547,,0.000749822583547529,0.2586585999997624,ok,same_stridge_core,Hx;D_x^1.234027 H;H*Hxxx,0.03,1.1860785519564747
0.6843907075474125,1.7386364098559717,0.5775212146267471,-1.2479926632594882,0;0;-1.24799266326;0.577521214627;3.3721156226;0;0;-0.0850521888027;-0.458558612468;0;0;0,53804.19822082263,0.006,1995,0.0001,28.22472914763444,,0.0009343409354589048,0.5045423999999912,ok,same_stridge_core,Hx;D_x^1.738636 H;Hxxx;H*Hxx;H*Hxxx,0.018000000000000002,1.3226300372231226
0.6729892710665342,1.5450571723074362,0.1262053762618477,-1.2690063258136075,0;0;-1.26900632581;0.126205376262;0;0;0;0;0;0;0;0,55696.269750771826,0.006,1996,0.0001,12.855583348489207,,0.0015961622690834085,0.18082559999993464,ok,same_stridge_core,Hx;D_x^1.545057 H,0.10085714285714288,1.7163293983348404
0.6879281653473964,1.4793636534400045,0.4422943384252781,-1.3749135897189388,0;0;-1.37491358972;0.442294338425;0.579963833013;0;0;-0.093911872019;-0.146477782954;0;0;0,57165.03387877968,0.006,1997,0.0001,29.629647329546803,,0.0005556112998252161,0.34316590000025826,ok,same_stridge_core,Hx;D_x^1.479364 H;Hxxx;H*Hxx;H*Hxxx,0.05343749999999999,1.047130390156963
0.5268857454470354,1.032036745474375,0.43169546063958103,-2.5784847927406886,0;0;-2.57848479274;0.43169546064;-6.82093332635;0;0;-0.289068564404;0.133776044962;0;0;0,62511.80318912293,0.006,1998,0.0001,34.292135422598285,,0.004597215497373078,0.19224630000007892,ok,same_stridge_core,Hx;D_x^1.032037 H;Hxxx;H*Hxx;H*Hxxx,0.15000000000000005,3.0362338280368153
0.647208949409685,1.6789387945861605,1.0051539334746602,-1.4642744868363857,0;0;-1.46427448684;1.00515393347;0.740471525661;0;0;-0.581527727245;0;0;0.0467387359279;0,53127.44683931846,0.006,1999,0.0001,28.307343962621534,,0.0015069952783128308,0.4737126999998509,ok,same_stridge_core,Hx;D_x^1.678939 H;Hxxx;H*Hxx;H^2*Hxx,0.03199298245614037,1.7436205429623033
0.6225343119028776,1.7661065480703582,0.0,-1.360794773431704,0;0;-1.36079477343;0;5.1332007882;0;0;0;-0.717654994901;0;0;0,54960.80858916872,0.006,2000,0.0001,19.048585447184372,,0.003595201176552941,0.5251657000003433,ok,same_stridge_core,Hx;Hxxx;H*Hxxx,0.06599999999999999,2.5603428704337543
0.6543346617657952,1.7792780410071645,1.2461660696221923,-1.375790098904047,0;0;-1.3757900989;1.24616606962;1.09254623798;0;0;-0.645556641498;0;0;0.0536203931912;0,55712.52184129631,0.006,2001,0.0001,29.64072089515,,0.0016005160791097068,0.49685719999979483,ok,same_stridge_core,Hx;D_x^1.779278 H;Hxxx;H*Hxx;H^2*Hxx,0.03,1.784459974501848
0.6286091317273497,1.7988206278745171,0.0,-1.3453555075191186,0;0;-1.34535550752;0;4.98781214782;0;0;0;-0.704853180172;0;0;0,57016.87054762509,0.006,2002,0.0001,19.5295356071011,,0.003222605284302935,0.46723560000009456,ok,same_stridge_core,Hx;Hxxx;H*Hxxx,0.054933333333333334,2.42447444281357
0.660475682844273,1.6820554554022724,0.9370107879620738,-1.4102067873123598,0;0;-1.41020678731;0.937010787962;0.665838979447;0;0;-0.499400300794;0;0;0.039460417512;0,53113.03478353472,0.006,2003,0.0001,28.119648403921687,,0.00121244020653315,0.4681212000000414,ok,same_stridge_core,Hx;D_x^1.682055 H;Hxxx;H*Hxx;H^2*Hxx,0.024,1.563131012154324
0.64775411101317,1.1164144105662812,0.0,-1.3137372862333518,0;0;-1.31373728623;0;0;0;0;0;0;0;0;0,61961.128686727105,0.006,2004,0.0001,8.598010539720175,,0.0030501738009757777,0.4427645000000666,ok,same_stridge_core,Hx,0.06599999999999999,2.4018976710474647
0.6647535198350711,1.1189885625165141,0.07446973193339003,-1.3375772404261406,0;0;-1.33757724043;0.0744697319334;0;0;0;0;0;0;0;0,61941.99576927232,0.006,2005,0.0001,14.129327613119788,,0.0015948307989714571,0.49874969999973473,ok,same_stridge_core,Hx;D_x^1.118989 H,0.024,1.740928459265322
0.6665278310178168,1.56818488672151,0.535869252891031,-1.3972980102424368,0;0;-1.39729801024;0.535869252891;2.34119150345;0;0;-0.115362522747;-0.362467918485;0;0;0,55150.921239590236,0.006,2006,0.0001,28.968370687731934,,0.00100444103815494,0.43337190000011105,ok,same_stridge_core,Hx;D_x^1.568185 H;Hxxx;H*Hxx;H*Hxxx,0.036,1.3929100679368145
0.6410690809956845,1.1782327743690297,0.26313629424170815,-1.6539438813333776,0;0;-1.65394388133;0.263136294242;0;0;0;-0.107355975711;-0.257136976295;0;0;0,61458.28913193037,0.006,2007,0.0001,26.00090219755706,,0.0010365576951442427,0.4233607999999549,ok,same_stridge_core,Hx;D_x^1.178233 H;H*Hxx;H*Hxxx,0.047999999999999994,1.4175865447849123
0.6379785849903479,1.3675924439571392,0.5068317972996479,-1.673772795709522,0;0;-1.67377279571;0.5068317973;0;0;0;-0.162966961476;-0.186795205486;0;0;0,59200.133103665365,0.006,2008,0.0001,25.15706839682654,,0.0011007645002907322,0.42767800000001444,ok,same_stridge_core,Hx;D_x^1.367592 H;H*Hxx;H*Hxxx,0.041899791711556396,1.4770151553603905
0.6639122900796601,1.970152593245456,0.09440986486462068,-1.2457161828022503,0;0;-1.2457161828;0.0944098648646;4.0226136012;0;0;0;-0.578627677051;0;0;0,64490.45364214535,0.006,2009,0.0001,27.61339537772723,,0.001800085867212419,0.29914700000017547,ok,same_stridge_core,Hx;D_x^1.970153 H;Hxxx;H*Hxxx,0.03,1.8172139208690874
0.6317040997646741,1.8502981494474502,0.0,-1.4250631944612977,-0.0381810061059;0;-1.42506319446;0;-0.775097445854;0;0;-0.0462575571523;0.535451064282;0;0;-0.081360431047,60807.1380627231,0.006,2010,0.0001,38.75940568144143,,0.00269679979556402,0.1576430000000073,ok,same_stridge_core,1;Hx;Hxxx;H*Hxx;H*Hxxx;H^2*Hxxx,0.02668571428571426,2.275122843807565
0.6350169341522965,1.1443918551753027,0.24373716016280575,-1.681803177807149,0;0;-1.68180317781;0.243737160163;0;0;0;-0.107567068883;-0.278610534396;0;0;0,61745.01941081284,0.006,2011,0.0001,26.20877510556813,,0.0011755227853204678,0.4151659999997719,ok,same_stridge_core,Hx;D_x^1.144392 H;H*Hxx;H*Hxxx,0.053853240093240086,1.5107673412429916
0.677325305638953,1.594333743768571,0.5268246566534841,-1.3443232208833076,0;0;-1.34432322088;0.526824656653;2.28708027965;0;0;-0.102358835266;-0.340670095298;0;0;0,54540.424438235925,0.006,2012,0.0001,28.54616568864027,,0.0008438601442423843,0.41252940000003946,ok,same_stridge_core,Hx;D_x^1.594334 H;Hxxx;H*Hxx;H*Hxxx,0.0652,1.2759534695223063
0.7258914770205102,1.3372667644440903,0.15533487424550274,-1.1791438944709405,0;0;-1.17914389447;0.155334874246;0;0;0;0;0;0;0;0,59651.057937559475,0.006,2013,0.0001,13.026943814181854,,0.000614982782478422,0.42155970000021625,ok,same_stridge_core,Hx;D_x^1.337267 H,0.041999999999999996,1.0967322266699586
0.7187499919938063,1.2856325503398487,0.13715959875108144,-1.2012222157400185,0;0;-1.20122221574;0.137159598751;0;0;0;0;0;0;0;0,60332.65851316557,0.006,2014,0.0001,13.226763647556108,,0.0006851546820650737,0.4089398999999503,ok,same_stridge_core,Hx;D_x^1.285633 H,0.041999999999999996,1.1602319449229936
0.7256378346399236,1.8046970910429594,0.2923526633201971,-1.1063785868497442,0;0;-1.10637858685;0.29235266332;0;0;0;0;0;0;0;0,57441.50520994888,0.006,2015,0.0001,12.64918728908993,,0.0007129197267453477,0.28299120000019684,ok,same_stridge_core,Hx;D_x^1.804697 H,0.0251544074074074,1.1608862471001533
0.8495142605746223,1.3410894125190964,0.0,-0.7895186000142436,0;0;-0.789518600014;0;0;0;0;0.436664070665;-0.073645347022;0;-0.0423151675817;0,59596.383088630355,0.006,2016,0.0001,25.07346640382252,,0.0007413792018352605,0.40720459999965897,ok,same_stridge_core,Hx;H*Hxx;H*Hxxx;H^2*Hxx,0.036,1.2349131683703776
0.6814170146988795,1.5967014237433992,0.14648627972892733,-1.2425572245286358,0;0;-1.24255722453;0.146486279729;0;0;0;0;0;0;0;0,54486.423660525696,0.006,2017,0.0001,12.49309062323499,,0.0013774392939759454,0.42211660000020856,ok,same_stridge_core,Hx;D_x^1.596701 H,0.08821269841269845,1.5958058911298487
0.6519301621644609,1.548445290154445,0.5602617565074605,-1.4639768147581802,0;0;-1.46397681476;0.560261756507;2.56343453916;0;0;-0.133852421564;-0.409336631729;0;0;0,55616.7315148626,0.006,2018,0.0001,29.396714998566985,,0.0013062366353131176,0.4115495999999439,ok,same_stridge_core,Hx;D_x^1.548445 H;Hxxx;H*Hxx;H*Hxxx,0.036,1.5883492411356865
0.6938429994812074,1.7977016165164135,0.21056993980189814,-1.1889884837305966,0;0;-1.18898848373;0.210569939802;0;0;0;0;0;0;0;0,56937.366371241995,0.006,2019,0.0001,12.905283972997381,,0.0012401661268789067,0.39606370000001334,ok,same_stridge_core,Hx;D_x^1.797702 H,0.029288932303894802,1.5178106987489814
0.6238962133735316,1.5592311753347827,0.7280812510944477,-1.6035525659638465,0;0;-1.60355256596;0.728081251094;-0.323229209357;0;0;-0.182420443435;0;0;0;0,55362.46908788308,0.006,2020,0.0001,24.48095120456027,,0.002768023262463586,0.38858140000002095,ok,same_stridge_core,Hx;D_x^1.559231 H;Hxxx;H*Hxx,0.033400000000000006,2.33596356940704
0.6794727885718903,1.128035578642192,0.0,-1.224435913375337,0;0;-1.22443591338;0;0;0;0;0;0;0;0;0,61873.56202964611,0.006,2021,0.0001,8.33342211003561,,0.0023533218203067815,0.3768906000000243,ok,same_stridge_core,Hx,0.13800000000000004,2.1460659070709984
0.6209612584723339,1.7444205025535429,1.223390194105138,-1.50457536511341,0;0;-1.50457536511;1.22339019411;3.28334359997;0;0;-0.719634618684;-0.323969425323;0;0.0586518990704;0,53999.40137768685,0.006,2022,0.0001,34.609523691879616,,0.0024683924283904935,0.3671693999999661,ok,same_stridge_core,Hx;D_x^1.744421 H;Hxxx;H*Hxx;H*Hxxx;H^2*Hxx,0.036,2.2098828652675033
0.6441472568294295,1.2829117998486936,0.3743083077087636,-1.6500694503304738,0;0;-1.65006945033;0.374308307709;0;0;0;-0.131456068137;-0.218279580992;0;0;0,60365.788385830005,0.006,2023,0.0001,25.47353580089688,,0.000902911847007507,0.1418167000001631,ok,same_stridge_core,Hx;D_x^1.282912 H;H*Hxx;H*Hxxx,0.04153940242763771,1.3272204465648756
0.6915012688234585,1.7842900518964888,0.20120461003958448,-1.1965525792082161,0;0;-1.19655257921;0.20120461004;0;0;0;0;0;0;0;0,56027.89814769057,0.006,2024,0.0001,12.7493390298067,,0.0012839416691838577,0.3752593999997771,ok,same_stridge_core,Hx;D_x^1.78429 H,0.04787301587301586,1.5437594002685866
0.6665976720868528,1.6117357171688995,0.5492359846926581,-1.3683254361541854,0;0;-1.36832543615;0.549235984693;2.86965841596;0;0;-0.110846561147;-0.420305931852;0;0;0,54152.69470607972,0.006,2025,0.0001,28.52204876439271,,0.0010939551282147912,0.3905608999998549,ok,same_stridge_core,Hx;D_x^1.611736 H;Hxxx;H*Hxx;H*Hxxx,0.018000000000000002,1.4457014113528497
0.6025309420525411,1.7469774734165082,1.252948914783275,-1.6504432833401959,-0.0350994544211;0;-1.65044328334;1.25294891478;0;0;0;-0.82256055555;0;0;0.0655498071425;0,54093.94968771928,0.006,2026,0.0001,29.60907995472518,,0.0032629514895341784,0.3964535000000069,ok,same_stridge_core,1;Hx;D_x^1.746977 H;H*Hxx;H^2*Hxx,0.03,2.5621051108655393
0.5419358612108106,1.857807301126137,0.0,-1.6153630769311798,0;0;-1.61536307693;0;0.752160633211;0;0;0;0;0;0;0,61311.197457240276,0.006,2027,0.0001,17.627625385647924,,0.015505551229428219,0.1510920000000624,ok,same_stridge_core,Hx;Hxxx,0.12600000000000003,5.3653858941998696
0.7383303963191143,1.032036745474375,0.0,-1.050287818717479,0;0;-1.05028781872;0;0.0479662393656;0;0;0.0535234633546;0;0;0;0,62511.80318912293,0.006,2028,0.0001,20.04947009431454,,0.0008733810496424449,0.14712180000014996,ok,same_stridge_core,Hx;Hxxx;H*Hxx,0.024,1.2959291375776585
0.6415335264321491,1.7174618209581214,0.5633434352760115,-1.382047031005674,0;0;-1.38204703101;0.563343435276;4.90419249559;0;0;-0.111955169013;-0.692376941628;0;0;0,53303.481444291916,0.006,2029,0.0001,28.64196804589172,,0.002138129974500931,0.39679119999982504,ok,same_stridge_core,Hx;D_x^1.717462 H;Hxxx;H*Hxx;H*Hxxx,0.041999999999999996,1.9902273237457588
0.6794149138328762,1.567483685233666,0.5111451454530859,-1.3536744143184063,0;0;-1.35367441432;0.511145145453;1.90306580864;0;0;-0.101971132095;-0.296088008382;0;0;0,55167.48141073944,0.006,2030,0.0001,28.804295789514224,,0.0007664542648318879,0.14212450000013632,ok,same_stridge_core,Hx;D_x^1.567484 H;Hxxx;H*Hxx;H*Hxxx,0.0652,1.2205550841445045
0.669466494244901,1.2424723342798634,0.09326198870204876,-1.31529771156285,0;0;-1.31529771156;0.093261988702;0;0;0;0;0;0;0;0,60828.19925514121,0.006,2031,0.0001,13.81858097477748,,0.0014579553200223998,0.29174909999983356,ok,same_stridge_core,Hx;D_x^1.242472 H,0.0392962962962963,1.6529411237492393
0.6430629807650585,1.1339813603465208,0.06638643865348128,-1.389162262750763,0;0;-1.38916226275;0.0663864386535;0;0;0;0;0;0;0;0,61827.56076937884,0.006,2032,0.0001,14.529348915030585,,0.0025165799149134906,0.16784359999974185,ok,same_stridge_core,Hx;D_x^1.133981 H,0.05399999999999999,2.1638367611548164
0.6540617551282484,1.5209218734138998,0.5475118740897865,-1.4779053736177536,0;0;-1.47790537362;0.54751187409;2.07688267542;0;0;-0.134447630757;-0.354376958772;0;0;0,56254.65764430052,0.006,2033,0.0001,29.639379458950962,,0.0011748874993893954,0.3860367999996015,ok,same_stridge_core,Hx;D_x^1.520922 H;Hxxx;H*Hxx;H*Hxxx,0.07733333333333337,1.5120506368007027
0.7036106666506932,1.4644168460038038,0.15959275343566157,-1.2084358261048453,0;0;-1.2084358261;0.159592753436;0;0;0;0;0;0;0;0,57472.95454920092,0.006,2034,0.0001,12.695853753576559,,0.000768037822602936,0.387355800000023,ok,same_stridge_core,Hx;D_x^1.464417 H,0.029288940047453978,1.2012628437363748
0.6733124561281023,1.94787709777524,0.13688413027143073,-1.218017899924872,0;0;-1.21801789992;0.136884130271;3.72025449916;0;0;0;-0.529596586535;0;0;0,64500.060258985584,0.006,2035,0.0001,27.47902631851605,,0.0015355851611578814,0.13638879999962228,ok,same_stridge_core,Hx;D_x^1.947877 H;Hxxx;H*Hxxx,0.034210526315789504,1.6790022149218122
0.7051638557062225,1.8377249264303843,0.0,-1.155462424815479,0;0;-1.15546242482;0;0;0;0;0;0;0;0;0,59910.80030298828,0.006,2036,0.0001,8.184770762182554,,0.0024126236581025443,0.38849690000006376,ok,same_stridge_core,Hx,0.05018823529411761,2.1936907318837253
0.6893446454288228,1.4555254945745841,0.4459440052856627,-1.3955739023226086,0;0;-1.39557390232;0.445944005286;-0.547482721176;0;0;-0.0963727792519;0;0;0;0,57650.88184800193,0.006,2037,0.0001,24.09903682152845,,0.0005415142665843835,0.2906359999997221,ok,same_stridge_core,Hx;D_x^1.455525 H;Hxxx;H*Hxx,0.024,1.038684082327678
0.6373120804014463,1.5764391039850107,0.833846091721654,-1.5692009736867403,0;0;-1.56920097369;0.833846091722;0.236679628525;0;0;-0.526769728987;0;0;0.040118364028;0,54956.357077358065,0.006,2038,0.0001,29.21936359352367,,0.0014947013231806463,0.15103300000009767,ok,same_stridge_core,Hx;D_x^1.576439 H;Hxxx;H*Hxx;H^2*Hxx,0.019082706766917305,1.7411850548446404
0.6445265389341794,1.3345582999203107,0.43972592126046234,-1.6443188656588807,0;0;-1.64431886566;0.43972592126;0;0;0;-0.144038676563;-0.193886691664;0;0;0,59689.42802418271,0.006,2039,0.0001,25.224532936031892,,0.0009249327163659156,0.4043495000000803,ok,same_stridge_core,Hx;D_x^1.334558 H;H*Hxx;H*Hxxx,0.024,1.3487617263588096
0.6616815344950449,1.1925899653387169,0.08225039993174596,-1.3387265761040834,0;0;-1.3387265761;0.0822503999317;0;0;0;0;0;0;0;0,61327.66240288917,0.006,2040,0.0001,14.054024468096227,,0.0017071060799366642,0.3907325000000128,ok,same_stridge_core,Hx;D_x^1.19259 H,0.029298046879868526,1.7884919875183922
0.7064648745200197,1.4111185968208986,0.15008046388757454,-1.2146919617199365,0;0;-1.21469196172;0.150080463888;-0.13416387067;0;0;0;0;0;0;0,58480.25934764646,0.006,2041,0.0001,18.69367634019722,,0.0007027959503317315,0.372481500000049,ok,same_stridge_core,Hx;D_x^1.411119 H;Hxxx,0.04713306624827259,1.149598535903279
0.7322073303774047,1.0892973211638444,0.044826221102821605,-1.139010368182644,0;0;-1.13901036818;0.0448262211028;0;0;0;0.0287366921952;-0.0596736065187;0;0;0,62153.8859822651,0.006,2042,0.0001,26.096789564091875,,0.0007876789570245537,0.3736649000002217,ok,same_stridge_core,Hx;D_x^1.089297 H;H*Hxx;H*Hxxx,0.024,1.235235171185835
0.7112286412108942,1.317594200970896,0.1385962177120908,-1.2132882869520378,0;0;-1.21328828695;0.138596217712;0;0;0;0;0;0;0;0,59922.976147028676,0.006,2043,0.0001,13.135555964027368,,0.0006838062441664013,0.2795491000001675,ok,same_stridge_core,Hx;D_x^1.317594 H,0.05814814814814815,1.150960734621632
0.6882839939449427,1.454411737891828,0.4484782198969431,-1.4008192024796131,0;0;-1.40081920248;0.448478219897;-0.557415223491;0;0;-0.0978168063001;0;0;0;0,57672.89059632758,0.006,2044,0.0001,24.11574756456242,,0.0005496090184954226,0.39800019999984215,ok,same_stridge_core,Hx;D_x^1.454412 H;Hxxx;H*Hxx,0.024,1.0465913260313873
0.8116666454835799,1.5965152899322776,0.3347685901334282,-0.9531107852039623,0;0;-0.953110785204;0.334768590133;0;0;0;0;0;0;0;0,54490.65787776892,0.006,2045,0.0001,12.223819247423908,,0.000907160656417941,0.4150460999999268,ok,same_stridge_core,Hx;D_x^1.596515 H,0.03,1.3256876718701232
0.6149656040325443,1.6851737482668876,1.0851455631784912,-1.6122370050043504,0;0;-1.612237005;1.08514556318;0;0;0;-0.706626462517;0;0;0.0569376880144;0,53102.956186587784,0.006,2046,0.0001,23.611669566638103,,0.0028381707814078383,0.38850689999981114,ok,same_stridge_core,Hx;D_x^1.685174 H;H*Hxx;H^2*Hxx,0.041999999999999996,2.3704870920029886
0.6633304440871838,1.3765041817150772,0.4281884006343078,-1.533891893381417,0;0;-1.53389189338;0.428188400634;0;0;0;-0.121060577649;-0.143673568643;0;0;0,59059.9225233281,0.006,2047,0.0001,24.807809239979164,,0.0007123749773613889,0.14124590000028547,ok,same_stridge_core,Hx;D_x^1.376504 H;H*Hxx;H*Hxxx,0.04131543162719633,1.1838402306479212
0.6613752331018599,1.6815448187136863,0.9307486592080833,-1.4070016358762283,0;0;-1.40700163588;0.930748659208;0.657621355401;0;0;-0.493180797311;0;0;0.0389002706658;0,53115.10414672754,0.006,2048,0.0001,28.108119402073168,,0.0011930486021186752,0.1372836999998981,ok,same_stridge_core,Hx;D_x^1.681545 H;Hxxx;H*Hxx;H^2*Hxx,0.024,1.5505673287093955
0.6602787333710961,1.6887452347149388,0.5673006922981138,-1.3417882814665398,0;0;-1.34178828147;0.567300692298;3.90005663059;0;0;-0.105503991447;-0.547867775591;0;0;0,53097.00995056503,0.006,2049,0.0001,28.18058695409325,,0.0014235833291379688,0.39553010000008726,ok,same_stridge_core,Hx;D_x^1.688745 H;Hxxx;H*Hxx;H*Hxxx,0.03,1.6320819788107366
0.6852359949443755,1.3116385865554752,0.11521861060294641,-1.2711981510860118,0;0;-1.27119815109;0.115218610603;0;0;0;0;0;0;0;0,60002.25434606534,0.006,2050,0.0001,13.409267356128534,,0.0010542848731018414,0.38183259999959773,ok,same_stridge_core,Hx;D_x^1.311639 H,0.018000000000000002,1.408816486915467
0.7084241380932167,1.181451580452798,0.09990539899332641,-1.2510103835748534,0;0;-1.25101038357;0.0999053989933;0;0;0;0;-0.0864943504568;0;0;0,61429.48386562033,0.006,2051,0.0001,19.58796078542903,,0.0007044666521892661,0.3998774000001504,ok,same_stridge_core,Hx;D_x^1.181452 H;H*Hxxx,0.024,1.1591156257429287
0.6605299728836839,1.5619035798231162,0.0,-1.2772067365958355,0;0;-1.2772067366;0;0;0;0;0;0;0;0;0,55299.329996547305,0.006,2052,0.0001,7.784313430388165,,0.002651344406490986,0.3784944999997606,ok,same_stridge_core,Hx,0.15000000000000005,2.2543804307334345
0.725101299065633,1.8726014449879091,0.322328433032984,-1.0981572200157468,0;0;-1.09815722002;0.322328433033;0;0;0;0;0;0;0;0,62214.356622310945,0.006,2053,0.0001,13.650943057836287,,0.0007734180278081485,0.2718168000001242,ok,same_stridge_core,Hx;D_x^1.872601 H,0.03,1.2080717333740973
0.6634626845185542,1.2340269518804239,0.08792353126269775,-1.3300732392115322,0;0;-1.33007323921;0.0879235312627;0;0;0;0;0;0;0;0,60918.01290050357,0.006,2054,0.0001,13.944624963700312,,0.0016610542094834283,0.1431681000003664,ok,same_stridge_core,Hx;D_x^1.234027 H,0.04733571428571431,1.7610223835995973
0.6048351751815966,1.4665764666854226,1.1006745425884008,-1.7485066620414786,0;0;-1.74850666204;1.10067454259;0;0;-0.0453156711531;-0.353206667673;-0.39058931075;0;0;0,57429.144929678485,0.006,2055,0.0001,30.79202271954398,,0.0020997218512374023,0.3828086000003168,ok,same_stridge_core,Hx;D_x^1.466576 H;H*Hx;H*Hxx;H*Hxxx,0.037695238095238094,2.0774502547047358
0.6999309162952936,1.8222289790378596,0.21315949735353834,-1.1529656864044737,0;0;-1.1529656864;0.213159497354;2.63350740029;0;0;0;-0.34499866638;0;0;-0.00172079071242,58752.467908337654,0.006,2056,0.0001,30.685973185340256,,0.0009263009849873991,0.4002829000000929,ok,same_stridge_core,Hx;D_x^1.822229 H;Hxxx;H*Hxxx;H^2*Hxxx,0.012,1.3097392311714258
0.6879281653473964,1.598518684442379,0.5565222893985583,-1.3230593483542086,0;0;-1.32305934835;0.556522289399;0;0;0;-0.0975730651335;0;0;0;0,54445.20324659462,0.006,2057,0.0001,17.590896237605136,,0.0007980508967524447,0.30659570000034364,ok,same_stridge_core,Hx;D_x^1.598519 H;H*Hxx,0.06599999999999999,1.257335263626751
0.6848702866995695,1.032036745474375,0.12161326902838433,-1.4992199894104103,0.0204016386606;0;-1.49921998941;0.121613269028;0;0;0.0259464505507;0;-0.0266521072415;0;0;0,62511.80318912293,0.006,2058,0.0001,32.241296954351384,,0.0005108477706740515,0.1524229000001469,ok,same_stridge_core,1;Hx;D_x^1.032037 H;H*Hx;H*Hxxx,0.012,0.9853953597899124
0.7177932860189957,1.4800979633193379,0.18053355394798598,-1.1743335751081343,0;0;-1.17433357511;0.180533553948;0;0;0;0;0;0;0;0,57149.625932350296,0.006,2059,0.0001,12.499483085557792,,0.0006014747564708155,0.41239790000008725,ok,same_stridge_core,Hx;D_x^1.480098 H,0.029296982034751944,1.0695578990877317
0.6672695420626922,1.4085252677543447,0.4525028882798387,-1.5054900273385499,0;0;-1.50549002734;0.45250288828;0.0140173637845;0;0;-0.120276648107;-0.125095932078;0;0;0,58525.67367896492,0.006,2060,0.0001,30.439861081270625,,0.0007010246213977747,0.3203043999997135,ok,same_stridge_core,Hx;D_x^1.408525 H;Hxxx;H*Hxx;H*Hxxx,0.018000000000000002,1.1770242417881644
0.6487957630471446,1.3717691638175633,0.47314794080121725,-1.6127182178056414,0;0;-1.61271821781;0.473147940801;0;0;0;-0.144732774825;-0.167450375967;0;0;0,59134.86685638157,0.006,2061,0.0001,24.99539951411962,,0.0009104090435083587,0.43573220000007495,ok,same_stridge_core,Hx;D_x^1.371769 H;H*Hxx;H*Hxxx,0.024,1.3414527715669895
0.7219116189341293,1.4250472838217183,0.31134942995333986,-1.2599485078051442,0;0;-1.25994850781;0.311349429953;-0.467754044525;0;0;-0.0470737189641;0;0;0;0,58230.696872561944,0.006,2062,0.0001,24.210730711235318,,0.00043455320667073577,0.4298843000001398,ok,same_stridge_core,Hx;D_x^1.425047 H;Hxxx;H*Hxx,0.024,0.9184519622105403
0.6923886649685864,1.0739536688934825,0.07413086082966307,-1.298318126823131,0;0;-1.29831812682;0.0741308608297;0;0;0;0;-0.105036736878;0;0;0,62256.099095603975,0.006,2063,0.0001,19.972299685825778,,0.0008883558910287491,0.4251531999998406,ok,same_stridge_core,Hx;D_x^1.073954 H;H*Hxxx,0.018000000000000002,1.2954699571445845
0.7125250769643243,1.3996062739152144,0.1571098879561111,-1.1985711644799069,0;0;-1.19857116448;0.157109887956;0;0;0;0;0;0;0;0,58679.37299379927,0.006,2064,0.0001,12.84454636257425,,0.0006432874649941264,0.419801500000176,ok,same_stridge_core,Hx;D_x^1.399606 H,0.0531811616954474,1.1086717638143953
0.6511966291495584,1.3174241480300255,0.0,-1.3152345566081896,0;0;-1.31523455661;0;-0.270583017038;0;0;0;0;0;0;0,59925.25799505743,0.006,2065,0.0001,14.324368385638145,,0.0028951392340567906,0.42322599999988597,ok,same_stridge_core,Hx;Hxxx,0.0926666666666667,2.33931678662666
0.7149932439194273,1.8810116313503833,0.0,-1.1298461109977846,0;0;-1.129846111;0;0;0;0;0;0;0;0;0,62666.325793046344,0.006,2066,0.0001,8.525884919924437,,0.0025514380907848177,0.4092048000002251,ok,same_stridge_core,Hx,0.053294117647058784,2.259252340619802
0.6893446454288228,1.8176467578344906,0.0,-1.2284244566067426,-0.0242024901097;0;-1.22842445661;0;0;0;0;0;0.16740690596;0;0;-0.0370667991394,58406.54641016651,0.006,2067,0.0001,24.87788893972505,,0.001186531595703813,0.2759439999999813,ok,same_stridge_core,1;Hx;H*Hxxx;H^2*Hxxx,0.012,1.5152703756584431
0.6479603727958009,1.5764391039850107,0.7817678019914533,-1.5215600948498904,0;0;-1.52156009485;0.781767801991;0.197711808105;0;0;-0.46148830667;0;0;0.0344462074433;0,54956.357077358065,0.006,2068,0.0001,29.071112054704695,,0.0012526140319372525,0.14950369999996838,ok,same_stridge_core,Hx;D_x^1.576439 H;Hxxx;H*Hxx;H^2*Hxx,0.018000000000000002,1.5929335160256624
0.7066445027681311,1.5909029800489505,0.18896242942275568,-1.182848106178291,0;0;-1.18284810618;0.188962429423;0;0;0;0;0;0;0;0,54619.19799293766,0.006,2069,0.0001,12.1481323900705,,0.0008014185065787097,0.404143600000225,ok,same_stridge_core,Hx;D_x^1.590903 H,0.06488847448847453,1.2242927914829687
0.6256690017637874,1.500915971530387,1.0032015403075354,-1.5984979882646928,0;0;-1.59849798826;1.00320154031;-0.26058718042;0;-0.0382455474633;-0.297404618761;0;0;0;-0.0340140986868,56702.27254874969,0.006,2070,0.0001,35.84174795306331,,0.001615371050235634,0.39497750000009546,ok,same_stridge_core,Hx;D_x^1.500916 H;Hxxx;H*Hx;H*Hxx;H^2*Hxxx,0.021501831501831502,1.8203844238134959
0.6735696861185176,1.56423238505798,0.5709864572613509,-1.3892099589354079,0;0;-1.38920995894;0.570986457261;0;0;0;-0.113816734788;0;0;0;0,55244.29664335028,0.006,2071,0.0001,17.987191781563006,,0.0010048389517809122,0.4071063999999751,ok,same_stridge_core,Hx;D_x^1.564232 H;H*Hxx,0.078,1.4139027885579207
0.6340261271853428,1.9418867639922799,0.0,-1.331706953779895,0;0;-1.33170695378;0;4.85996096217;0;0;0;-0.693604469532;0;0;0,64456.62036579288,0.006,2072,0.0001,21.649501036546187,,0.0029290725641234177,0.4193832000000839,ok,same_stridge_core,Hx;Hxxx;H*Hxxx,0.036,2.3125149268083227
0.6986659145949727,1.4162784137653346,0.14300653506096173,-1.2300433641576518,0;0;-1.23004336416;0.143006535061;-0.0992723814671;0;0;0;0;0;0;0,58388.92419065603,0.006,2073,0.0001,18.75694063017544,,0.0008227813208384462,0.41134439999996175,ok,same_stridge_core,Hx;D_x^1.416278 H;Hxxx,0.024,1.2402633729786272
0.7280052994976955,1.6235158553563767,0.23230520805540117,-1.1281568707488743,0;0;-1.12815687075;0.232305208055;0;0;0;0;0;0;0;0,53906.5475665595,0.006,2074,0.0001,11.823310624322035,,0.0005700147984399775,0.39642430000003515,ok,same_stridge_core,Hx;D_x^1.623516 H,0.041999999999999996,1.0420011110101348
0.662868117681765,1.403898102281613,0.462904142370469,-1.5294233931885128,0;0;-1.52942339319;0.46290414237;0;0;0;-0.126802127697;-0.131099864114;0;0;0,58605.891062311544,0.006,2075,0.0001,24.661593048091156,,0.0007515549329742449,0.4145365000003949,ok,same_stridge_core,Hx;D_x^1.403898 H;H*Hxx;H*Hxxx,0.035260074029611836,1.2192366231665377
0.6979113043527655,1.082906668469794,0.07715827225536237,-1.2854331313835106,0;0;-1.28543313138;0.0771582722554;0;0;0;0;-0.107076847171;0;0;0,62197.041570955575,0.006,2076,0.0001,19.920378361957386,,0.0008360018543723078,0.40169049999985873,ok,same_stridge_core,Hx;D_x^1.082907 H;H*Hxxx,0.035475658168991474,1.2612658906707108
0.7093643388663542,1.4813978250430906,0.1701799892369323,-1.1929308384032884,0;0;-1.1929308384;0.170179989237;0;0;0;0;0;0;0;0,57122.28644379455,0.006,2077,0.0001,12.56854816591237,,0.0006941083030479516,0.30015729999968244,ok,same_stridge_core,Hx;D_x^1.481398 H,0.024,1.1440908771534595
0.6872436954254806,1.463623443107906,0.46052048357650843,-1.4013669774879993,0;0;-1.40136697749;0.460520483577;-0.52634631973;0;0;-0.10001144062;0;0;0;0,57488.99220076609,0.006,2078,0.0001,24.06167500829053,,0.0005691825157135781,0.36790270000028613,ok,same_stridge_core,Hx;D_x^1.463623 H;Hxxx;H*Hxx,0.024,1.0660781279840885
0.6817340972579948,1.611218807184723,0.14895428026735613,-1.2401089365749323,0;0;-1.24010893657;0.148954280267;0;0;0;0;0;0;0;0,54163.85100919577,0.006,2079,0.0001,12.431488856796012,,0.001382348029463036,0.2753579999998692,ok,same_stridge_core,Hx;D_x^1.611219 H,0.0894328042328043,1.5987186549568566
0.6824257793443438,1.7576377255150357,0.5819792171149242,-1.2451544861072719,0;0;-1.24515448611;0.581979217115;3.57743179555;0;0;-0.083947298139;-0.486447509533;0;0;0,54542.68321854836,0.006,2080,0.0001,28.636954778363656,,0.0010011547342877955,0.39773680000007516,ok,same_stridge_core,Hx;D_x^1.757638 H;Hxxx;H*Hxx;H*Hxxx,0.018000000000000002,1.365613169089475
0.6973103483442054,1.7758570015324482,0.2137359848497546,-1.182302782940642,0;0;-1.18230278294;0.21373598485;0;0;0;0;0;0;0;0,55506.11623181019,0.006,2081,0.0001,12.558080818417585,,0.0011416194519650647,0.3826912999998058,ok,same_stridge_core,Hx;D_x^1.775857 H,0.03,1.456857572055545
0.6297902502087052,1.5619035798231162,0.843704876179701,-1.6131294207591849,0;0;-1.61312942076;0.84370487618;0.170975586262;0;0;-0.5565896944;0;0;0.0423720814578;0,55299.329996547305,0.006,2082,0.0001,29.479433276937755,,0.0016492430791771153,0.13153049999982613,ok,same_stridge_core,Hx;D_x^1.561904 H;Hxxx;H*Hxx;H^2*Hxx,0.029999999999999992,1.8297682786640994
0.6999859222609383,1.2258711879186535,0.11122789004792351,-1.2484285740784276,0;0;-1.24842857408;0.111227890048;0;0;0;0;0;0;0;0,61002.64915342494,0.006,2083,0.0001,13.488821364942796,,0.0008507327671818691,0.38588320000008025,ok,same_stridge_core,Hx;D_x^1.225871 H,0.07078630751964086,1.2882915342578065
0.6273496641200178,1.6676002577911186,1.0937058688478065,-1.5532313167458156,0;0;-1.55323131675;1.09370586885;0.816671527841;0;0;-0.702779426169;0;0;0.057371070121;0,53213.322667746914,0.006,2084,0.0001,28.638664012502772,,0.0020425626972121465,0.4629322000000684,ok,same_stridge_core,Hx;D_x^1.6676 H;Hxxx;H*Hxx;H^2*Hxx,0.041999999999999996,2.0320026786293166
0.7049082300012278,1.4252963980291498,0.15389758931396522,-1.2114277711715045,0;0;-1.21142777117;0.153897589314;0;0;0;0;0;0;0;0,58226.14383799525,0.006,2085,0.0001,12.82229536367095,,0.0007335435337969602,0.3526750999999422,ok,same_stridge_core,Hx;D_x^1.425296 H,0.09600000000000002,1.1770665960718991
0.6569547577422429,1.556558850411708,0.5515261514638554,-1.4394116410598905,0;0;-1.43941164106;0.551526151464;2.51021325147;0;0;-0.127073171366;-0.39555069496;0;0;0,55425.572464565725,0.006,2086,0.0001,29.233361234601567,,0.0011977637173126638,0.41714449999972203,ok,same_stridge_core,Hx;D_x^1.556559 H;Hxxx;H*Hxx;H*Hxxx,0.036,1.520575002318704
0.6636606781138956,1.2510028259347101,0.08980130683877474,-1.3276259589481936,0;0;-1.32762595895;0.0898013068388;0;0;0;0;0;0;0;0,60735.18354424578,0.006,2087,0.0001,13.90806282707547,,0.001663908439152431,0.41606599999977334,ok,same_stridge_core,Hx;D_x^1.251003 H,0.03,1.761026118226313
0.7198917897499448,1.3811666921752872,0.16044713625677792,-1.1854261577441383,0;0;-1.18542615774;0.160447136257;0;0;0;0;0;0;0;0,58985.12347357715,0.006,2088,0.0001,12.870452728761364,,0.0005965468958256407,0.4003042999997888,ok,same_stridge_core,Hx;D_x^1.381167 H,0.03,1.0734280340459346
0.6791906968927881,1.58956443620828,0.5722251808899046,-1.357364028149323,0;0;-1.35736402815;0.57222518089;0;0;0;-0.106918169161;0;0;0;0,54650.08531782621,0.006,2089,0.0001,17.76422112353339,,0.0009469913550494364,0.40935869999975694,ok,same_stridge_core,Hx;D_x^1.589564 H;H*Hxx,0.07663595959595962,1.3691955281855261
0.6868738230903848,1.5688342986819208,0.5388931171243634,-1.3390018307751095,0;0;-1.33900183078;0.538893117124;0;0;0;-0.0989135054864;0;0;0;0,55135.5856125092,0.006,2090,0.0001,17.76922046490577,,0.0007570625439682475,0.39115329999958703,ok,same_stridge_core,Hx;D_x^1.568834 H;H*Hxx,0.06599999999999999,1.228544781153007
0.6842068158218294,1.7751264409286804,0.5878319575927784,-1.275280778898489,-0.0195066502627;0;-1.2752807789;0.587831957593;2.18413927553;0;0;-0.0980806801041;-0.361467863325;0;0;0,55463.013838493964,0.006,2091,0.0001,34.5988688239919,,0.0009106116427484511,0.40229649999992034,ok,same_stridge_core,1;Hx;D_x^1.775126 H;Hxxx;H*Hxx;H*Hxxx,0.018000000000000002,1.3210605208955226
0.7335898604392501,1.3204123038443736,0.15711948688648547,-1.1652619453344542,0;0;-1.16526194533;0.157119486886;0;0;0;0;0;0;0;0,59884.97590918988,0.006,2092,0.0001,13.108666890461228,,0.0006510217523550401,0.2809778999999253,ok,same_stridge_core,Hx;D_x^1.320412 H,0.024589008638420395,1.1316717086232515
0.6764721929575837,1.587766070529865,0.5254555590522151,-1.3510971116205273,0;0;-1.35109711162;0.525455559052;2.24086416821;0;0;-0.103645310673;-0.336845875632;0;0;0,54691.705191081935,0.006,2093,0.0001,28.625715473160938,,0.0008480826499501201,0.4058614000000489,ok,same_stridge_core,Hx;D_x^1.587766 H;Hxxx;H*Hxx;H*Hxxx,0.04214705882352939,1.27986287761997
0.6593618476760899,1.8403370995179695,0.0,-1.2693366669011603,0;0;-1.2693366669;0;4.28402570583;0;0;0;-0.643036749358;0;0;0,60101.41002420688,0.006,2094,0.0001,19.951830395850717,,0.001990643751419602,0.13640589999977237,ok,same_stridge_core,Hx;Hxxx;H*Hxxx,0.03,1.9214073885886525
0.6994899122595183,1.2182907379201935,0.10936634905912093,-1.2502271754120668,0;0;-1.25022717541;0.109366349059;0;0;0;0;0;0;0;0,61079.510802943965,0.006,2095,0.0001,13.514316933482032,,0.0008631844724555569,0.2722439999997732,ok,same_stridge_core,Hx;D_x^1.218291 H,0.07250000000000004,1.2984147728932376
0.6672194728864695,1.6781412271979779,0.5632550950856638,-1.3269502258670878,0;0;-1.32695022587;0.563255095086;3.53170271206;0;0;-0.102218334168;-0.495652474087;0;0;0,53131.807545190626,0.006,2096,0.0001,28.076761190542932,,0.0012138835658561452,0.39902719999963665,ok,same_stridge_core,Hx;D_x^1.678141 H;Hxxx;H*Hxx;H*Hxxx,0.024,1.5108574179476193
0.6647795269704694,1.557676686115113,0.5998964310885313,-1.4376880152763067,0;0;-1.43768801528;0.599896431089;-0.221514586519;0;0;-0.128530840197;0;0;0;0,55399.182541423266,0.006,2097,0.0001,23.6931355967995,,0.0011845885266663974,0.41249489999972866,ok,same_stridge_core,Hx;D_x^1.557677 H;Hxxx;H*Hxx,0.09000000000000001,1.5334625802301933
0.6762333372023017,1.7634663677120797,0.5773482923699076,-1.259756206095512,0;0;-1.2597562061;0.57734829237;3.84449694865;0;0;-0.0857648280592;-0.525923009272;0;0;0,54824.74548351934,0.006,2098,0.0001,28.870400408145525,,0.0011460463601358714,0.40854769999987184,ok,same_stridge_core,Hx;D_x^1.763466 H;Hxxx;H*Hxx;H*Hxxx,0.024999999999999977,1.4580276663858511
0.6639122900796601,1.6475532129187789,0.8406635343022489,-1.4152954685644317,0;0;-1.41529546856;0.840663534302;0.488532650761;0;0;-0.441418345802;0;0;0.0338745307007;0,53471.2524519264,0.006,2099,0.0001,28.211323735700898,,0.0010785630956443183,0.29695889999993597,ok,same_stridge_core,Hx;D_x^1.647553 H;Hxxx;H*Hxx;H^2*Hxx,0.021017142857142852,1.4756975097377003
0.6387865862127364,1.523526879949097,0.6710562372946651,-1.5747799941402687,0;0;-1.57477999414;0.671056237295;-0.454900830217;0;0;-0.168916537377;0;0;0;0,56195.24441798872,0.006,2100,0.0001,24.399737393962216,,0.0018536912022887753,0.3918911000000662,ok,same_stridge_core,Hx;D_x^1.523527 H;Hxxx;H*Hxx,0.05999999999999999,1.9216396267667275
0.6419797836293705,1.722667322955378,0.5612350079881426,-1.377865100954012,0;0;-1.37786510095;0.561235007988;4.92442371594;0;0;-0.110426006039;-0.694529128231;0;0;0,53396.54330745778,0.006,2101,0.0001,28.685649441627405,,0.002133764241781632,0.40326939999977185,ok,same_stridge_core,Hx;D_x^1.722667 H;Hxxx;H*Hxx;H*Hxxx,0.041999999999999996,1.9873777878985133
0.6949458644326244,1.192922393996202,0.09574184542934383,-1.2775967369250627,0;0;-1.27759673693;0.0957418454293;0;0;0;0;-0.0748147602648;0;0;0,61324.56991956512,0.006,2102,0.0001,19.629488110656077,,0.0008109993166865886,0.39454010000008566,ok,same_stridge_core,Hx;D_x^1.192922 H;H*Hxxx,0.03,1.2321171347865398
0.6394777474420978,1.7900638901829156,0.0,-1.318083488218046,0;0;-1.31808348822;0;4.73298466865;0;0;0;-0.682441003651;0;0;0,56408.726652793426,0.006,2103,0.0001,19.13181463628877,,0.002668707079942579,0.3802624999998443,ok,same_stridge_core,Hx;Hxxx;H*Hxxx,0.05399999999999999,2.209196640450741
0.7250501025076035,1.6710075556358555,0.24193400186545114,-1.1276028753584388,0;0;-1.12760287536;0.241934001865;0;0;0;0;0;0;0;0,53182.32198888068,0.006,2104,0.0001,11.72326180608987,,0.0006230461809727947,0.39056299999992916,ok,same_stridge_core,Hx;D_x^1.671008 H,0.05182499999999997,1.086797408313733
0.7256378346399236,1.8122984088598995,0.2956255435932321,-1.1052904790231641,0;0;-1.10529047902;0.295625543593;0;0;0;0;0;0;0;0,58004.591521683746,0.006,2105,0.0001,12.766523753142328,,0.0007188462259519247,0.26759179999999105,ok,same_stridge_core,Hx;D_x^1.812298 H,0.03,1.1656054488055791
0.6544031953456673,1.7995907360701464,1.309201354145804,-1.3625721308262995,0;0;-1.36257213083;1.30920135415;1.15259735726;0;0;-0.665601176068;0;0;0.0556412590288;0,57071.85691643716,0.006,2106,0.0001,30.35088578008593,,0.0016628041143854605,0.2880239999999503,ok,same_stridge_core,Hx;D_x^1.799591 H;Hxxx;H*Hxx;H^2*Hxx,0.03,1.8149573218673485
0.6667448134802327,1.385109287677655,0.42688792250702556,-1.5143357993903555,0;0;-1.51433579939;0.426887922507;0;0;0;-0.117112341916;-0.134953894124;0;0;0,58921.09038259185,0.006,2107,0.0001,24.726342807634957,,0.0006813058439157485,0.4166750000003958,ok,same_stridge_core,Hx;D_x^1.385109 H;H*Hxx;H*Hxxx,0.030010435500515992,1.1579066545982133
0.7030238957135702,1.447643896018489,0.1558012184245036,-1.2122675600228183,0;0;-1.21226756002;0.155801218425;0;0;0;0;0;0;0;0,57805.28861375442,0.006,2108,0.0001,12.763928583225988,,0.0007692892959041172,0.3951446000000942,ok,same_stridge_core,Hx;D_x^1.447644 H,0.03598950956450956,1.2028708604751035
0.7172356469171495,1.8614807140459755,0.29542852570816813,-1.1201149046521515,0;0;-1.12011490465;0.295428525708;0;0;0;0;0;0;0;0,61547.315431516945,0.006,2109,0.0001,13.583216780489533,,0.0008643046458324089,0.14297779999969862,ok,same_stridge_core,Hx;D_x^1.861481 H,0.03275999999999999,1.2737536941861427
0.6689204739765056,1.3878428394108562,0.4227182224536349,-1.5025838992313139,0;0;-1.50258389923;0.422718222454;0;0;0;-0.114089401554;-0.130787211805;0;0;0,58876.27065826652,0.006,2110,0.0001,24.690040071255975,,0.0006600995612106732,0.4082058000003599,ok,same_stridge_core,Hx;D_x^1.387843 H;H*Hxx;H*Hxxx,0.018000000000000002,1.139531807949367
0.6571421208690513,1.708600417972193,0.5672802109982018,-1.3402968526810843,0;0;-1.34029685268;0.567280210998;4.19364251861;0;0;-0.104177335136;-0.587248679111;0;0;0,53186.92217162251,0.006,2111,0.0001,28.298384766419662,,0.0015613698552310658,0.37934339999992517,ok,same_stridge_core,Hx;D_x^1.7086 H;Hxxx;H*Hxx;H*Hxxx,0.0330676691729323,1.7049236806084087
0.6605299728836839,1.3643772363494937,0.4229056717251365,-1.5510485287818887,0;0;-1.55104852878;0.422905671725;0;0;0;-0.123258745023;-0.153412674816;0;0;0,59249.84054021968,0.006,2112,0.0001,24.90139839296469,,0.000734650230239358,0.2918387999998231,ok,same_stridge_core,Hx;D_x^1.364377 H;H*Hxx;H*Hxxx,0.03,1.2014621768768152
0.5810364320542653,1.8219781294014965,0.0,-1.4701139449541223,0;0;-1.47011394495;0;6.1847565299;0;0;0;-0.810557243452;0;0;0,58733.53549729189,0.006,2113,0.0001,21.349910537501007,,0.007573866922960881,0.40060640000001513,ok,same_stridge_core,Hx;Hxxx;H*Hxxx,0.05399999999999999,3.72984988831344
0.7267689533021637,1.7100370469638566,0.5544678913649158,-1.1591628520807997,0;0;-1.15916285208;0.554467891365;0;0;0;-0.0615087259968;0;0;0;0,53202.369746522076,0.006,2114,0.0001,16.955587590608342,,0.0004992303822231375,0.27976010000020324,ok,same_stridge_core,Hx;D_x^1.710037 H;H*Hxx,0.011397328970467115,0.9948766666517187
0.6936569371355872,1.018687922854408,0.06524182488901817,-1.3002483192879961,0;0;-1.30024831929;0.065241824889;0;0;0;0;-0.120562858919;0;0;0,62586.40517354587,0.006,2115,0.0001,20.1019953788341,,0.0009219429490808437,0.13702509999984613,ok,same_stridge_core,Hx;D_x^1.018688 H;H*Hxxx,0.023926294562372996,1.3260738267703378
0.6537669040903611,1.4281458571669328,0.5480801739967148,-1.5807500394703509,0;0;-1.58075003947;0.548080173997;-0.900703987915;0;0;-0.150157238967;0;0;0;0,58173.87342051681,0.006,2116,0.0001,24.6799348032408,,0.0009889442649238043,0.4119974000000184,ok,same_stridge_core,Hx;D_x^1.428146 H;Hxxx;H*Hxx,0.041999999999999996,1.4103854350340754
0.6663461453143303,1.857807301126137,0.0,-1.2525609742512265,0;0;-1.25256097425;0;4.13152156301;0;0;0;-0.629675971512;0;0;0,61311.197457240276,0.006,2117,0.0001,20.250088836609077,,0.0018438973780664258,0.14996320000000196,ok,same_stridge_core,Hx;Hxxx;H*Hxxx,0.024,1.8567295994369923
0.6545268332706953,1.032036745474375,0.0,-1.2942765193212795,0;0;-1.29427651932;0;0;0;0;0;0;0;0;0,62511.80318912293,0.006,2118,0.0001,8.567492939256605,,0.002817294373167241,0.14966789999971297,ok,same_stridge_core,Hx,0.15000000000000005,2.3163126203443114
0.677815134349497,1.6466122257930649,0.1458582355115094,-1.2459801149287362,0;0;-1.24598011493;0.145858235512;0;0;0;0;0;0;0;0,53486.08244318356,0.006,2119,0.0001,12.382651461260286,,0.001537263727291879,0.13840339999978823,ok,same_stridge_core,Hx;D_x^1.646612 H,0.08860000000000005,1.6854349726235738
0.6672695420626922,1.6074888777701446,0.5470581556995747,-1.3688520854810229,0;0;-1.36885208548;0.5470581557;2.79610019253;0;0;-0.110683760758;-0.411154024134;0;0;0,54245.09970127342,0.006,2120,0.0001,28.553230211056317,,0.0010698644034731863,0.29998840000007476,ok,same_stridge_core,Hx;D_x^1.607489 H;Hxxx;H*Hxx;H*Hxxx,0.018000000000000002,1.430680360419604
0.6991254459896398,1.8238330356286865,0.0,-1.171409460047086,0;0;-1.17140946005;0;0;0;0;0;0;0;0;0,58873.584155193246,0.006,2121,0.0001,8.052305872355356,,0.0023568923892837925,0.1492382000001271,ok,same_stridge_core,Hx,0.05082352941176468,2.1649474568360323
0.6523286147421965,1.5714626322075993,0.7521563632849115,-1.5051366627741067,0;0;-1.50513666277;0.752156363285;0.154138515277;0;0;-0.429986080343;0;0;0.0316138994623;0,55073.55873714954,0.006,2122,0.0001,29.06554943294521,,0.0011544700603274213,0.39240730000028634,ok,same_stridge_core,Hx;D_x^1.571463 H;Hxxx;H*Hxx;H^2*Hxx,0.018000000000000002,1.5287700643704418
0.6754538983031454,1.570243219333679,0.5197806659944079,-1.365370143096843,0;0;-1.3653701431;0.519780665994;2.06685781199;0;0;-0.105868830313;-0.319514001083;0;0;0,55102.327702975286,0.006,2123,0.0001,28.824601868778267,,0.0008365253608684166,0.15500120000024253,ok,same_stridge_core,Hx;D_x^1.570243 H;Hxxx;H*Hxx;H*Hxxx,0.03,1.2734380172906223
0.6731967028664669,1.8403370995179695,0.0,-1.2362791593462847,0;0;-1.23627915935;0;3.98451527685;0;0;0;-0.616808622685;0;0;0,60101.41002420688,0.006,2124,0.0001,19.843141661273233,,0.0017413057646614158,0.12784209999972518,ok,same_stridge_core,Hx;Hxxx;H*Hxxx,0.024,1.8127186540111664
0.6647401765731262,1.378037809229765,0.4252201927778668,-1.5262066982068088,0;0;-1.52620669821;0.425220192778;0;0;0;-0.119036172586;-0.140973156802;0;0;0,59035.42971183387,0.006,2125,0.0001,24.785415255037833,,0.0006974986288425562,0.39196140000012747,ok,same_stridge_core,Hx;D_x^1.378038 H;H*Hxx;H*Hxxx,0.03,1.1712433703042833
0.629285813474716,1.8087439700135044,0.6343026266137258,-1.5305532453239195,0;0;-1.53055324532;0.634302626614;2.40308142895;0;0.0313952687503;-0.60320343184;-0.0860374052653;0;0.0619148726441;0,57739.74340134543,0.006,2126,0.0001,42.52385219296729,,0.0022904335595751737,0.41360190000023067,ok,same_stridge_core,Hx;D_x^1.808744 H;Hxxx;H*Hx;H*Hxx;H*Hxxx;H^2*Hxx,0.018000000000000002,2.106031812025478
0.6893446454288228,1.3254363788790755,0.12099601042769116,-1.2602189737060354,0;0;-1.26021897371;0.120996010428;0;0;0;0;0;0;0;0,59816.449572843114,0.006,2127,0.0001,13.316215164804428,,0.0009704120248284732,0.28381800000033763,ok,same_stridge_core,Hx;D_x^1.325436 H,0.018000000000000002,1.3529252502358042
0.6301767087684211,1.2640646868879002,0.39324977614769613,-1.733474813647029,0;0;-1.73347481365;0.393249776148;0;0;0;-0.15056550006;-0.255792120819;0;0;0,60588.153129715014,0.006,2128,0.0001,25.710035357821106,,0.0011113134570056268,0.36962910000011107,ok,same_stridge_core,Hx;D_x^1.264065 H;H*Hxx;H*Hxxx,0.06915384615384616,1.474774105935097
0.6639122900796601,1.627825785817661,0.8003428354691796,-1.4256472094683708,0;0;-1.42564720947;0.800342835469;0.395782875311;0;0;-0.420858083167;0;0;0.0317840960396;0,53821.00609535937,0.006,2129,0.0001,28.36246636225445,,0.001043405877619512,0.29393979999986186,ok,same_stridge_core,Hx;D_x^1.627826 H;Hxxx;H*Hxx;H^2*Hxx,0.017535574229691875,1.4519633145747668
0.677815134349497,1.9620348330849235,0.15915552455440057,-1.20418730288193,0;0;-1.20418730288;0.159155524554;3.60294353165;0;0;0;-0.51179398884;0;0;0,64523.32713840518,0.006,2130,0.0001,27.43079257406564,,0.00143084712833509,0.2810477999996692,ok,same_stridge_core,Hx;D_x^1.962035 H;Hxxx;H*Hxxx,0.03,1.6214617187035691
0.6169428673030665,1.5819839862098202,0.9498801235997215,-1.6595239922251706,0;0;-1.65952399223;0.9498801236;0.350453618308;0;0;-0.665542140321;0;0;0.0523351032312;0,54826.337999262345,0.006,2131,0.0001,29.475335664302197,,0.002092835707628985,0.15289260000008653,ok,same_stridge_core,Hx;D_x^1.581984 H;Hxxx;H*Hxx;H^2*Hxx,0.03609848484848486,2.0621666646710257
0.6559454059966228,1.07496457397857,0.0,-1.2902276584602155,0;0;-1.29022765846;0;0;0;0;0;0;0;0;0,62249.511407452585,0.006,2132,0.0001,8.525435894705854,,0.002774735393049922,0.39628829999992377,ok,same_stridge_core,Hx,0.06599999999999999,2.3004847539605944
0.7112286412108942,1.981569836384093,0.0,-1.1396071444227325,0;0;-1.13960714442;0;0;0;0;0;0;0;0;0,64393.19299019381,0.006,2133,0.0001,8.670940271648218,,0.002491556028921818,0.2794642000003478,ok,same_stridge_core,Hx,0.04990588235294114,2.231620972628837
0.6868418643510137,1.6881936033340734,0.5724840742012863,-1.28233599786097,0;0;-1.28233599786;0.572484074201;0;0;0;-0.0862247908532;0;0;0;0,53097.526556505516,0.006,2134,0.0001,17.349648244956832,,0.001044455991597735,0.2742349000000104,ok,same_stridge_core,Hx;D_x^1.688194 H;H*Hxx,0.04861195804195801,1.4203902780051754
0.6652134413462906,1.0857888790750452,0.08907677416518846,-1.510799989198399,0;0;-1.5107999892;0.0890767741652;0;0;0.0273599952864;0;0;0;0;0,62177.68370341654,0.006,2135,0.0001,19.97747451825449,,0.0009405982659643303,0.41732180000008157,ok,same_stridge_core,Hx;D_x^1.085789 H;H*Hx,0.024,1.3241694072295258
0.7024927114266701,1.551776679538482,0.489338322462507,-1.2982753540918162,0;0;-1.29827535409;0.489338322463;-0.163081614771;0;0;-0.0840186640151;0;0;0;0,55538.34245439878,0.006,2136,0.0001,23.24122670111241,,0.0005262478425079016,0.1527062999998634,ok,same_stridge_core,Hx;D_x^1.551777 H;Hxxx;H*Hxx,0.04820715986394556,1.0258897193528975
0.6960075294021238,1.8471013664411529,0.0,-1.179706851972142,0;0;-1.17970685197;0;0;0;0;0;0;0;0;0,60584.76493149535,0.006,2137,0.0001,8.212457580296546,,0.0023375692755693224,0.38342299999976603,ok,same_stridge_core,Hx,0.04413333333333336,2.15398108714701
0.7404252427885829,1.5613080439375258,0.23175898652741728,-1.11059896829722,0;0;-1.1105989683;0.231758986527;0;0;0;0;0;0;0;0,55313.40189492297,0.006,2138,0.0001,12.036187258471388,,0.0004898947205009722,0.2665194999999585,ok,same_stridge_core,Hx;D_x^1.561308 H,0.030631578947368416,0.9735068794867926
0.696683204025751,1.8100668212901674,0.0,-1.177905083182866,0;0;-1.17790508318;0;0;0;0;0;0;0;0;0,57838.03714340413,0.006,2139,0.0001,7.93992649750664,,0.002341193067044877,0.3874132999999347,ok,same_stridge_core,Hx,0.04029333333333334,2.1561227831662273
0.8803040524592247,1.4676225660193747,0.0,-0.7251069253163862,0;0;-0.725106925316;0;0;0;0;0.0956669782403;0;0;0;0,57407.83979362055,0.006,2140,0.0001,13.432561009273806,,0.0019431895856925876,0.2995773999996345,ok,same_stridge_core,Hx;H*Hxx,0.04811085343228198,1.950993050549697
0.6033488143507638,1.7283812456497987,1.163916949293412,-1.6269826366135067,0;0;-1.62698263661;1.16391694929;0;0;0;-0.781822858977;0;0;0.0649290908233;0,53520.76590498061,0.006,2141,0.0001,24.108216043576874,,0.003722923363619883,0.43091150000009293,ok,same_stridge_core,Hx;D_x^1.728381 H;H*Hxx;H^2*Hxx,0.036,2.6999096815846304
0.6433856645922623,1.5619035798231162,0.7777151809091187,-1.5506085497065878,0;0;-1.55060854971;0.777715180909;0.128156640157;0;0;-0.472718780618;0;0;0.0351135646873;0,55299.329996547305,0.006,2142,0.0001,29.284786946924005,,0.0013191766587658874,0.15973060000033001,ok,same_stridge_core,Hx;D_x^1.561904 H;Hxxx;H*Hxx;H^2*Hxx,0.018000000000000002,1.6351219486503508
0.725101299065633,1.8319245985528687,0.3030001009416274,-1.1038597070584848,0;0;-1.10385970706;0.303000100942;0;0;0;0;0;0;0;0,59481.51057507475,0.006,2143,0.0001,13.078671608047205,,0.0007403014678386583,0.277832600000238,ok,same_stridge_core,Hx;D_x^1.831925 H,0.03677622313671697,1.182369493032254
0.6876658740272139,1.792721021846773,0.19313437273312747,-1.2058304908367106,0;0;-1.20583049084;0.193134372733;0;0;0;0;0;0;0;0,56589.67241361804,0.006,2144,0.0001,12.923244895114484,,0.0013893715458484523,0.38019020000001547,ok,same_stridge_core,Hx;D_x^1.792721 H,0.07077239057239057,1.6053104123908752
0.7049082300012278,1.819891412379751,0.0,-1.1561342524521712,0;0;-1.15613425245;0;0;0;0;0;0;0;0;0,58575.9415996549,0.006,2145,0.0001,8.04987805306437,,0.0024097908899045313,0.28574390000039784,ok,same_stridge_core,Hx,0.041999999999999996,2.19228389309888
0.601116452779499,1.5275739371730432,0.9216098759685288,-1.7782377043179933,0;0;-1.77823770432;0.921609875969;0;0;0;-0.698108247202;0;0;0.0536341450148;0,56102.48197498608,0.006,2146,0.0001,24.67011157473254,,0.002441322298953839,0.42936829999962356,ok,same_stridge_core,Hx;D_x^1.527574 H;H*Hxx;H^2*Hxx,0.036,2.2291187847381058
0.6703927110121138,1.6117776896712204,0.1274843804086012,-1.2681732690700223,0;0;-1.26817326907;0.127484380409;0;0;0;0;0;0;0;0,54151.79078201845,0.006,2147,0.0001,12.630549371755594,,0.0017561641279463973,0.38214670000024853,ok,same_stridge_core,Hx;D_x^1.611778 H,0.10268571428571431,1.8001912153519033
0.6545268332706953,1.2449309281155707,0.08215366342289913,-1.3495192256439816,0;0;-1.34951922564;0.0821536634229;0;0;0;0;0;0;0;0,60801.63128778603,0.006,2148,0.0001,14.104370940683667,,0.002037567228388913,0.2820184000001973,ok,same_stridge_core,Hx;D_x^1.244931 H,0.04723146858902414,1.9440446831264608
0.7318164798263305,1.2720121167650948,0.1375174654982794,-1.1949495678609576,0;0;-1.19494956786;0.137517465498;-0.546635902147;0;0;0;0;0;0;0,60495.88788083689,0.006,2149,0.0001,19.235740971332437,,0.0006142324320897592,0.3946944999997868,ok,same_stridge_core,Hx;D_x^1.272012 H;Hxxx,0.03,1.0869746070813662
0.7100065503679892,1.8401783647630434,0.26697056303189654,-1.141705604816284,0;0;-1.14170560482;0.266970563032;0;0;0;0;0;0;0;0,60089.88757350633,0.006,2150,0.0001,13.355338946332491,,0.0009565766690193876,0.3754057000001012,ok,same_stridge_core,Hx;D_x^1.840178 H,0.03129126234389392,1.3373614316312246
0.6978498211277957,1.951399863470625,0.2722623432080674,-1.162391668038542,0;0;-1.16239166804;0.272262343208;0;0;0;0;0;0;0;0,64515.98190676083,0.006,2151,0.0001,14.454105524305277,,0.0012902113711442114,0.37945550000040384,ok,same_stridge_core,Hx;D_x^1.9514 H,0.024,1.5509091429531106
0.6760398916694546,1.1339813603465208,0.08155096009254355,-1.3098169274048503,0;0;-1.3098169274;0.0815509600925;0;0;0;0;0;0;0;0,61827.56076937884,0.006,2152,0.0001,13.940822607525634,,0.0012898270693653333,0.14289770000004864,ok,same_stridge_core,Hx;D_x^1.133981 H,0.05182499999999997,1.5753104536498663
0.6321723937445638,1.2968917142419905,0.43095330734447607,-1.7208082240851625,0;0;-1.72080822409;0.430953307344;0;0;0;-0.156342534289;-0.236224697249;0;0;0,60192.704460079454,0.006,2153,0.0001,25.54194496819081,,0.001092545246513923,0.39767110000002504,ok,same_stridge_core,Hx;D_x^1.296892 H;H*Hxx;H*Hxxx,0.05310702630702631,1.4648631841590245
0.665202157344508,1.109368104470472,0.09120737143979454,-1.500918097325269,0;0;-1.50091809733;0.0912073714398;0;0;0.0262433447371;0;0;0;0;0,62012.74895614358,0.006,2154,0.0001,19.950495326335297,,0.0009746391740113051,0.29371679999985645,ok,same_stridge_core,Hx;D_x^1.109368 H;H*Hx,0.024,1.3466706394922217
0.6369324986521032,1.94787709777524,0.0,-1.323893241516558,0;0;-1.32389324152;0;4.52401761296;0;0;0;-0.599761973399;0;0;-0.00670657682742,64500.060258985584,0.006,2155,0.0001,28.056277200012744,,0.0027856877087980895,0.15174690000003466,ok,same_stridge_core,Hx;Hxxx;H*Hxxx;H^2*Hxxx,0.017395292426871368,2.2562530964185075
0.7071003649298446,1.4264032173231946,0.15407466699066874,-1.2101821909183244,0;0;-1.21018219092;0.154074666991;-0.11101969511;0;0;0;0;0;0;0,58205.888955677176,0.006,2156,0.0001,18.609313221503655,,0.0007000712053901435,0.3997404000001552,ok,same_stridge_core,Hx;D_x^1.426403 H;Hxxx,0.024,1.1475465348004998
0.6330513478726202,1.33766048295313,0.48400398929789273,-1.709834958246305,0;0;-1.70983495825;0.484003989298;0;0;0;-0.165273021946;-0.212662949485;0;0;0,59645.45377480502,0.006,2157,0.0001,25.354741253330197,,0.0011335666535502618,0.3761524000001373,ok,same_stridge_core,Hx;D_x^1.33766 H;H*Hxx;H*Hxxx,0.030552319610214353,1.496559743408188
0.6542431352876213,1.9770494069446582,0.0,-1.2817451250620895,0;0;-1.28174512506;0;4.39749564954;0;0;0;-0.652985790425;0;0;0,64438.471576118594,0.006,2158,0.0001,21.31278688502201,,0.002126950889955097,0.38497529999995095,ok,same_stridge_core,Hx;Hxxx;H*Hxxx,0.04263233498527613,1.9812454121864296
0.7041383013152854,1.5201355525188163,0.1707424120703141,-1.1989416415233425,0;0;-1.19894164152;0.17074241207;0;0;0;0;0;0;0;0,56272.54430652344,0.006,2159,0.0001,12.472130058809896,,0.000791858953819615,0.382738899999822,ok,same_stridge_core,Hx;D_x^1.520136 H,0.072,1.2176211975052063
0.6739417899810283,1.5566360521349965,0.12889221857741462,-1.2653722079376497,0;0;-1.26537220794;0.128892218577;0;0;0;0;0;0;0;0,55423.75120390236,0.006,2160,0.0001,12.78990209678202,,0.0015751847966736835,0.3941460000000916,ok,same_stridge_core,Hx;D_x^1.556636 H,0.10200000000000002,1.7051518560015475
0.672036862824831,1.5819839862098202,0.12790362623759308,-1.2672128986217115,0;0;-1.26721289862;0.127903626238;0;0;0;0;0;0;0;0,54826.337999262345,0.006,2161,0.0001,12.719237850598848,,0.0016671357531123168,0.1329235000002882,ok,same_stridge_core,Hx;D_x^1.581984 H,0.10200000000000002,1.7539702507463792
0.6559454059966228,1.3385890945843448,0.40632362338888744,-1.5798021990907634,0;0;-1.57980219909;0.406323623389;0;0;0;-0.125305812876;-0.172498237111;0;0;0,59632.21207961025,0.006,2162,0.0001,25.081799202663866,,0.0007709511441369722,0.27640199999996184,ok,same_stridge_core,Hx;D_x^1.338589 H;H*Hxx;H*Hxxx,0.062378684807256245,1.2289143708197627
0.6528939272108392,1.4076296283558918,0.5031258493022764,-1.579507214937147,0;0;-1.57950721494;0.503125849302;0;0;0;-0.144009885269;-0.142119820398;0;0;0,58541.28153805467,0.006,2163,0.0001,24.763261860377195,,0.0009137130251180241,0.38012380000009216,ok,same_stridge_core,Hx;D_x^1.40763 H;H*Hxx;H*Hxxx,0.03,1.3467492451553262
0.6428047105004462,1.1271511486847152,0.06571091672892578,-1.3904556980958873,0;0;-1.3904556981;0.0657109167289;0;0;0;0;0;0;0;0,61880.333228316544,0.006,2164,0.0001,14.544200515641794,,0.002525417855733151,0.3690037999999731,ok,same_stridge_core,Hx;D_x^1.127151 H,0.05182499999999997,2.1681338699784845
0.6534786263470445,1.6004662261148495,0.7993399817495925,-1.483887753867602,0;0;-1.48388775387;0.79933998175;0.307856647808;0;0;-0.454550590884;0;0;0.0342964447234;0,54401.25933689312,0.006,2165,0.0001,28.751865756991204,,0.0011888619796217158,0.39081549999991694,ok,same_stridge_core,Hx;D_x^1.600466 H;Hxxx;H*Hxx;H^2*Hxx,0.018000000000000002,1.5512360885446455
0.6580566921489527,1.4427225745884873,0.5453355154477934,-1.5496950537364242,0;0;-1.54969505374;0.545335515448;-0.791398569373;0;0;-0.143633880929;0;0;0;0,57900.119985798636,0.006,2166,0.0001,24.541015920696644,,0.0009484142968152516,0.3961131999999452,ok,same_stridge_core,Hx;D_x^1.442723 H;Hxxx;H*Hxx,0.03592581369248035,1.3809679263771877
0.5385118268941848,1.7424200175319051,-0.271150715178334,-1.6458138204127826,0;0;-1.64581382041;-0.271150715178;0;0;0;0;0;0;0;0,53928.96825675166,0.006,2167,0.0001,15.969324661199705,,0.014384501169419608,0.39230419999967125,ok,same_stridge_core,Hx;D_x^1.74242 H,0.13800000000000004,5.183531009849373
0.6921505112628036,1.7385041925271707,0.1924361018572029,-1.1997502859548408,0;0;-1.19975028595;0.192436101857;0;0;0;0;0;0;0;0,53800.037364475065,0.006,2168,0.0001,12.267987930687392,,0.001225550363109637,0.40146290000029694,ok,same_stridge_core,Hx;D_x^1.738504 H,0.036,1.5079804577923785
0.71102876073307,1.3934862887698103,0.1542956516681795,-1.202769887542732,0;0;-1.20276988754;0.154295651668;0;0;0;0;0;0;0;0,58782.62870886797,0.006,2169,0.0001,12.877329140463095,,0.0006578845969612149,0.3969529999999395,ok,same_stridge_core,Hx;D_x^1.393486 H,0.036,1.120803398689501
0.6723725352076921,1.2991408773131043,0.1021478360798101,-1.3017765947072175,0;0;-1.30177659471;0.10214783608;0;0;0;0;0;0;0;0,60164.185760746266,0.006,2170,0.0001,13.645543886002287,,0.0013941661782552663,0.15296989999978905,ok,same_stridge_core,Hx;D_x^1.299141 H,0.024,1.6127067338530332
0.7122875695562576,1.542749150928197,0.45505469618823635,-1.2664312536418354,0;0;-1.26643125364;0.455054696188;-0.171682180547;0;0;-0.0726631865807;0;0;0;0,55750.32573564367,0.006,2171,0.0001,23.24584147870872,,0.00044765790313852015,0.1341986999996152,ok,same_stridge_core,Hx;D_x^1.542749 H;Hxxx;H*Hxx,0.041999999999999996,0.9457111844512486
0.7759331522705228,1.5619035798231162,0.277428591310132,-1.0340144724581732,0;0;-1.03401447246;0.27742859131;0;0;0;0;0;0;0;0,55299.329996547305,0.006,2172,0.0001,12.136863001437591,,0.0005934708569965481,0.14089449999983117,ok,same_stridge_core,Hx;D_x^1.561904 H,0.0233358282631382,1.076997002128129
0.7168847682477354,1.38797431599344,0.2958474729303376,-1.2904549600406425,0;0;-1.29045496004;0.29584747293;-0.78306830504;0;0;-0.0489934204519;0.0264965033906;0;0;0,58874.10506173687,0.006,2173,0.0001,30.370614183386312,,0.000451460522155877,0.40958480000017516,ok,same_stridge_core,Hx;D_x^1.387974 H;Hxxx;H*Hxx;H*Hxxx,0.012015584415584405,0.9335616525178764
0.6441759876189473,1.7002759736599962,1.0790079341527006,-1.4632254252101524,0;0;-1.46322542521;1.07900793415;0.861943242638;0;0;-0.626356152439;0;0;0.0510271563819;0,53122.206893708426,0.006,2174,0.0001,28.380066891540462,,0.00164314672513739,0.3896452999997564,ok,same_stridge_core,Hx;D_x^1.700276 H;Hxxx;H*Hxx;H^2*Hxx,0.036,1.8189634446862473
0.6811704117184105,1.2194239760362215,0.31440155384807494,-1.483325425071342,0.0347452016101;0;-1.48332542507;0.314401553848;0;0;0;-0.0657543867044;-0.114356157864;0;0;0,61068.12866360023,0.006,2175,0.0001,31.53491365839069,,0.0005189634942452876,0.3956522000003133,ok,same_stridge_core,1;Hx;D_x^1.219424 H;H*Hxx;H*Hxxx,0.018000000000000002,1.0008493265905707
0.6536774774423791,1.805203882608591,1.331761381082247,-1.3614331258200874,0;0;-1.36143312582;1.33176138108;1.17398328535;0;0;-0.675947778534;0;0;0.0566414105677;0,57478.62432188994,0.006,2176,0.0001,30.574118936098053,,0.0017015601645927628,0.27371469999980036,ok,same_stridge_core,Hx;D_x^1.805204 H;Hxxx;H*Hxx;H^2*Hxx,0.03,1.8348067751530843
0.6954823497989562,1.857807301126137,0.0,-1.1811087065087638,0;0;-1.18110870651;0;0;0;0;0;0;0;0;0,61311.197457240276,0.006,2177,0.0001,8.28352809435728,,0.002334971085539951,0.13490729999966788,ok,same_stridge_core,Hx,0.036892159692159684,2.1524083486332524
0.6997963324905563,1.7395046068663838,0.21027480122052356,-1.1801184272110061,0;0;-1.18011842721;0.210274801221;0;0;0;0;0;0;0;0,53831.85289877556,0.006,2178,0.0001,12.167773501381077,,0.0010556161350060418,0.3769072000000051,ok,same_stridge_core,Hx;D_x^1.739505 H,0.05182499999999997,1.4014029216259636
0.7475903610504204,1.654768884976646,0.274791479352922,-1.0780758574301896,0;0;-1.07807585743;0.274791479353;0;0;0;0;0;0;0;0,53364.97174349073,0.006,2179,0.0001,11.647472313536408,,0.0004887120175200587,0.2804528000001483,ok,same_stridge_core,Hx;D_x^1.654769 H,0.018000000000000002,0.9744779648382603
0.694200361485688,1.567483685233666,0.48407707194118094,-1.304450341921675,0;0;-1.30445034192;0.484077071941;1.43064611993;0;0;-0.0871805733625;-0.224346128795;0;0;0,55167.48141073944,0.006,2180,0.0001,28.644809743687688,,0.0005744162211478583,0.14581819999966683,ok,same_stridge_core,Hx;D_x^1.567484 H;Hxxx;H*Hxx;H*Hxxx,0.024,1.0610690383179677
0.6957246672391773,1.4654690654508506,0.4130927555444481,-1.351617004978844,0;0;-1.35161700498;0.413092755544;0.244041446664;0;0;-0.0837831934246;-0.101215522449;0;0;0,57451.638851014206,0.006,2181,0.0001,29.707014341114682,,0.0004881399526860147,0.395510700000159,ok,same_stridge_core,Hx;D_x^1.465469 H;Hxxx;H*Hxx;H*Hxxx,0.021930926216640476,0.9811949156075767
0.7118510741706273,1.1339813603465208,0.09135991153318931,-1.250198366432822,0;0;-1.25019836643;0.0913599115332;0;0;0;0;-0.102905278054;0;0;0,61827.56076937884,0.006,2182,0.0001,19.743429615407354,,0.0007411362405777269,0.15412080000032802,ok,same_stridge_core,Hx;D_x^1.133981 H;H*Hxxx,0.018000000000000002,1.1951613845936984
0.6626473974018388,1.513587667444588,0.5834903018038143,-1.4790035925884761,0;0;-1.47900359259;0.583490301804;-0.415145309991;0;0;-0.135466249733;0;0;0;0,56420.60217764317,0.006,2183,0.0001,24.038820208469097,,0.0010807606879652246,0.2717181999996683,ok,same_stridge_core,Hx;D_x^1.513588 H;Hxxx;H*Hxx,0.09600000000000002,1.4705793374118266
0.6568168757540138,1.8403370995179695,0.0,-1.2754939541778365,0;0;-1.27549395418;0;4.34026101363;0;0;0;-0.647966610231;0;0;0,60101.41002420688,0.006,2184,0.0001,19.980288604680275,,0.002055278987561835,0.14432440000018687,ok,same_stridge_core,Hx;Hxxx;H*Hxxx,0.04399797791170339,1.94986559741821
0.6403777522546661,1.530088407424664,0.6678819999424522,-1.5616524084032155,0;0;-1.5616524084;0.667881999942;-0.415311488617;0;0;-0.165494004184;0;0;0;0,56044.58051869842,0.006,2185,0.0001,24.32688417868642,,0.001831795937634218,0.40928519999988566,ok,same_stridge_core,Hx;D_x^1.530088 H;Hxxx;H*Hxx,0.05999999999999999,1.9090519712070504
0.7808886912440856,1.2454617761287614,0.0,-0.9451850586967898,0;0;-0.945185058697;0;0;0;0;0.0684608244423;0;0;0;0,60795.86915743066,0.006,2186,0.0001,13.50077294867359,,0.0009131098275320168,0.41616410000006,ok,same_stridge_core,Hx;H*Hxx,0.024,1.341599117187458
0.6975735634188553,1.4509266413705202,0.14967883992692008,-1.2240368302128406,0;0;-1.22403683021;0.149678839927;0;0;0;0;0;0;0;0,57741.35643468945,0.006,2187,0.0001,12.819365941609476,,0.0008631746211556156,0.38921659999959957,ok,same_stridge_core,Hx;D_x^1.450927 H,0.047236453669786994,1.2710946546715853
0.6990647324640497,1.8675287257105335,0.0,-1.171570618212754,0;0;-1.17157061821;0;0;0;0;0;0;0;0;0,61919.41987976255,0.006,2188,0.0001,8.3566498435445,,0.0023564532257926286,0.3828981000001477,ok,same_stridge_core,Hx,0.045555555555555585,2.1647078555682437
0.6572218020812742,1.4218491110292737,0.49201149347627265,-1.5432306434218055,0;0;-1.54323064342;0.492011493476;0.377505877749;0;0;-0.135628970903;-0.177425093853;0;0;0,58288.845995272146,0.006,2189,0.0001,30.455545742083956,,0.0008685811781365135,0.38542759999972986,ok,same_stridge_core,Hx;D_x^1.421849 H;Hxxx;H*Hxx;H*Hxxx,0.041611111111111154,1.311122744447882
0.70311244186118,1.249586149654225,0.11094276873563355,-1.2513736377329097,0;0;-1.25137363773;0.110942768736;0;0;0;0;-0.0644019674896;0;0;0,60750.7935416778,0.006,2190,0.0001,19.381620858678982,,0.0007105781019210198,0.28150810000033744,ok,same_stridge_core,Hx;D_x^1.249586 H;H*Hxxx,0.03,1.1563827961756408
0.6727001297916266,1.830431018680609,0.0,-1.2431139969767706,0;0;-1.24311399698;0;0;0;0;0;0;0;0;0,59369.89786794369,0.006,2191,0.0001,8.106696417201315,,0.002422797173494578,0.2714273999999932,ok,same_stridge_core,Hx,0.15000000000000005,2.169706630406945
0.6600717088045283,1.685362457825121,0.947271129547488,-1.4099426782703992,0;0;-1.40994267827;0.947271129547;0.683096278038;0;0;-0.505531356467;0;0;0.04004643673;0,53102.49006803669,0.006,2192,0.0001,28.124006425720168,,0.001227726881747168,0.39748210000016115,ok,same_stridge_core,Hx;D_x^1.685362 H;Hxxx;H*Hxx;H^2*Hxx,0.025418823529411765,1.57276139170182
0.7112286412108942,1.3599346246105846,0.2867622991793075,-1.3200900153721855,0;0;-1.32009001537;0.286762299179;-0.915544401152;0;0;-0.0522155009487;0.0292053011984;0;0;0,59317.76848512024,0.006,2193,0.0001,30.60620807969157,,0.0004665863571271798,0.2786196000001837,ok,same_stridge_core,Hx;D_x^1.359935 H;Hxxx;H*Hxx;H*Hxxx,0.012,0.9473238371314456
0.6793156757883997,1.6064287052701676,0.5796666496783511,-1.3487311565663682,0;0;-1.34873115657;0.579666649678;0;0;0;-0.105597940904;0;0;0;0,54268.42264216251,0.006,2194,0.0001,17.676546387883427,,0.0009888934095080948,0.38117800000009083,ok,same_stridge_core,Hx;D_x^1.606429 H;H*Hxx,0.06599999999999999,1.3960195952346734
0.6334689323361209,1.8344542682226788,0.0,-1.5697550607328883,0;0;-1.56975506073;0;1.48653721277;0;0.0506854024674;-0.437347104879;0.0806480989898;0;0.0562433434973;0,59669.63993229006,0.006,2195,0.0001,37.84596336295945,,0.0021959019724668437,0.39548259999992297,ok,same_stridge_core,Hx;Hxxx;H*Hx;H*Hxx;H*Hxxx;H^2*Hxx,0.018000000000000002,2.0441794035854075
0.664954339899238,1.9587522110018845,0.09906728381024223,-1.2427270565316961,0;0;-1.24272705653;0.0990672838102;3.98209722575;0;0;0;-0.571603086083;0;0;0,64527.38624859732,0.006,2196,0.0001,27.611098380497907,,0.001766579647736792,0.39408440000033806,ok,same_stridge_core,Hx;D_x^1.958752 H;Hxxx;H*Hxxx,0.03,1.8001438810589758
0.7183075983135876,1.343768814332554,0.14262933457145865,-1.2026522820288914,0;0;-1.20265228203;0.142629334571;0;0;0;0;-0.0456574581944;0;0;0,59557.69443594208,0.006,2197,0.0001,18.921555854420877,,0.0005838039179886994,0.4061234999999215,ok,same_stridge_core,Hx;D_x^1.343769 H;H*Hxxx,0.024,1.0542475236382483
0.6562106179167665,1.6815448187136863,0.5689287270515523,-1.3581008532030496,0;0;-1.3581008532;0.568928727052;3.99763939265;0;0;-0.109558844566;-0.564351234045;0;0;0,53115.10414672754,0.006,2198,0.0001,28.249112221432892,,0.0015288382506680209,0.156257000000096,ok,same_stridge_core,Hx;D_x^1.681545 H;Hxxx;H*Hxx;H*Hxxx,0.03,1.69156014806912
0.6580484649640397,1.9716050624790582,0.0,-1.3069196840909203,0;0;-1.30691968409;0;0;0;0;0;-0.0859978168794;0;0;0,64481.26903065667,0.006,2199,0.0001,15.08929058338471,,0.002545151005439229,0.3719310999999834,ok,same_stridge_core,Hx;H*Hxxx,0.047999999999999994,2.193036777253374
0.6744721690278932,1.5919724608586907,0.5849464498429111,-1.3728086761826603,0;0;-1.37280867618;0.584946449843;0;0;0;-0.111747417319;0;0;0;0,54594.5797026938,0.006,2200,0.0001,17.8252504460881,,0.0010596752584753199,0.383826499999941,ok,same_stridge_core,Hx;D_x^1.591972 H;H*Hxx,0.072,1.4468765352799569
0.6738191252984149,1.542749150928197,0.5108213920588504,-1.3887218729648991,0;0;-1.38872187296;0.510821392059;1.77423171559;0;0;-0.109330654764;-0.290871969757;0;0;0,55750.32573564367,0.006,2201,0.0001,29.137634165289853,,0.0008176910406776888,0.13869919999979174,ok,same_stridge_core,Hx;D_x^1.542749 H;Hxxx;H*Hxx;H*Hxxx,0.05018823529411761,1.2624712974680161
0.6356371261778083,1.6715739702113923,1.0544076483067515,-1.515954128407239,0;0;-1.51595412841;1.05440764831;0.781958449178;0;0;-0.650461542237;0;0;0.0527743061794;0,53177.583859399885,0.006,2202,0.0001,28.495563948371423,,0.001799925750547314,0.37603020000005927,ok,same_stridge_core,Hx;D_x^1.671574 H;Hxxx;H*Hxx;H^2*Hxx,0.036,1.9067720186714772
0.7167779571679727,1.4495179621003693,0.3379146319922946,-1.2690618759554164,0;0;-1.26906187596;0.337914631992;0;0;0;-0.0544108690385;-0.0568569935841;0;0;0,57768.858241323695,0.006,2203,0.0001,24.017216690598126,,0.00042362563575578294,0.4000392000002648,ok,same_stridge_core,Hx;D_x^1.449518 H;H*Hxx;H*Hxxx,0.012,0.9096733940686494
0.7267689533021637,1.6704477101149688,0.24485697128513753,-1.1236300162340334,0;0;-1.12363001623;0.244856971285;0;0;0;0;0;0;0;0,53187.12362867942,0.006,2204,0.0001,11.710867463162266,,0.0006067506976934869,0.3069154999998318,ok,same_stridge_core,Hx;D_x^1.670448 H,0.06557692307692313,1.0734427374263804
0.621312058284919,1.4665716811132645,0.7085772990853739,-1.7148619652622645,0;0;-1.71486196526;0.708577299085;-0.889383471677;0;0;-0.205063950238;0;0;0;0,57429.24297766244,0.006,2205,0.0001,25.06166134036897,,0.002172442756563486,0.41204229999993913,ok,same_stridge_core,Hx;D_x^1.466572 H;Hxxx;H*Hxx,0.06676923076923082,2.089964149303994
0.6536774774423791,1.5968383526293315,0.7915166015218087,-1.4850673768532696,0;0;-1.48506737685;0.791516601522;0.28765743231;0;0;-0.449423687302;0;0;0.0337838980649;0,54483.310809540366,0.006,2206,0.0001,28.785604400182606,,0.0011776993426065867,0.3008959000003415,ok,same_stridge_core,Hx;D_x^1.596838 H;Hxxx;H*Hxx;H^2*Hxx,0.018000000000000002,1.5439489954124215
0.5082646689124343,1.7604156608803243,-0.4331302409147489,-1.7688135277966408,0;0;-1.7688135278;-0.433130240915;-0.46255888936;0;0;0;0;0;0;0,54673.930613517834,0.006,2207,0.0001,22.57160644433208,,0.020355193514793802,0.41326570000001084,ok,same_stridge_core,Hx;D_x^1.760416 H;Hxxx,0.14400000000000004,6.169427260276727
0.6723108309001352,1.3033131114689993,0.1025558726114074,-1.3013836675809938,0;0;-1.30138366758;0.102555872611;0;0;0;0;0;0;0;0,60110.78602955461,0.006,2208,0.0001,13.637072470123579,,0.0013986642585557694,0.42490749999979016,ok,same_stridge_core,Hx;D_x^1.303313 H,0.024,1.614915264212655
0.725710842595668,1.654768884976646,0.238005309601201,-1.1285549722616566,0;0;-1.12855497226;0.238005309601;0;0;0;0;0;0;0;0,53364.97174349073,0.006,2209,0.0001,11.74614118654912,,0.0006067653227237206,0.15731430000005275,ok,same_stridge_core,Hx;D_x^1.654769 H,0.04790886970172682,1.0731468378509736
0.6672695420626922,1.5892115138546827,0.5621759236541153,-1.3884358578491323,0;0;-1.38843585785;0.562175923654;4.58794521748;0;0;-0.115145170092;-1.06085105632;0;0;0.0529821411659,54658.24470450155,0.006,2210,0.0001,34.18646926302239,,0.001016642218150326,0.29275040000038643,ok,same_stridge_core,Hx;D_x^1.589212 H;Hxxx;H*Hxx;H*Hxxx;H^2*Hxxx,0.012623297754876703,1.3915224403214541
0.7004603683241473,1.1797063075331025,0.09594621129047246,-1.2679277396581707,0;0;-1.26792773966;0.0959462112905;0;0;0;0;-0.0819078798035;0;0;0,61445.136495394356,0.006,2211,0.0001,19.627856842797602,,0.0007557755119775912,0.4252922000000581,ok,same_stridge_core,Hx;D_x^1.179706 H;H*Hxxx,0.024,1.1943158941792944
0.7335898604392501,1.9066935074957978,0.36484400672971595,-1.0712474665547476,0;0;-1.07124746655;0.36484400673;0;0;0;0;0;0;0;0,63738.70006232535,0.006,2212,0.0001,13.912038079552916,,0.0007141253167001651,0.2840856000002532,ok,same_stridge_core,Hx;D_x^1.906694 H,0.018000000000000002,1.1642980670878444
0.6658308189450418,1.2114218411424207,0.0870535978213705,-1.3271053006668143,0;0;-1.32710530067;0.0870535978214;0;0;0;0;0;0;0;0,61147.68718024904,0.006,2213,0.0001,13.943727266942197,,0.0015664495507521515,0.433808499999941,ok,same_stridge_core,Hx;D_x^1.211422 H,0.024,1.714189830892388
0.6163629519913716,1.8403370995179695,0.0,-1.3766247172829684,0;0;-1.37662471728;0;5.28309597646;0;0;0;-0.730864720198;0;0;0,60101.41002420688,0.006,2214,0.0001,20.739209723057037,,0.004023207531135853,0.17969850000008591,ok,same_stridge_core,Hx;Hxxx;H*Hxxx,0.06599999999999999,2.708786715794973
0.7351159123007881,1.676141009811857,0.5284953389508716,-1.1480981906323233,0;0;-1.14809819063;0.528495338951;0;0;0;-0.0583296509397;0;0;0;0,53143.91332201183,0.006,2215,0.0001,16.86322226854833,,0.00042194693399236774,0.48880899999994654,ok,same_stridge_core,Hx;D_x^1.676141 H;H*Hxx,0.018000000000000002,0.9200482719447783
0.694042062266584,1.7579971910866339,0.20132385461374955,-1.1927405929619856,0;0;-1.19274059296;0.201323854614;0;0;0;0;0;0;0;0,54559.33919966468,0.006,2216,0.0001,12.40386186011957,,0.0011988067827956397,0.48451059999979407,ok,same_stridge_core,Hx;D_x^1.757997 H,0.036,1.491994020186633
0.6893446454288228,1.5774883830435968,0.49850863382126454,-1.3149217012173542,0;0;-1.31492170122;0.498508633821;1.69471561099;0;0;-0.0916918858875;-0.259405159745;0;0;0,54931.69804723883,0.006,2217,0.0001,28.58337605160451,,0.0006402427511433386,0.30834809999987556,ok,same_stridge_core,Hx;D_x^1.577488 H;Hxxx;H*Hxx;H*Hxxx,0.053294117647058784,1.1175270279850935
0.6975517062259979,1.808908880470377,0.0,-1.175592096441696,0;0;-1.17559209644;0;0;0;0;0;0;0;0;0,57751.96915133371,0.006,2218,0.0001,7.9342648964004345,,0.002346311823901661,0.40755029999991166,ok,same_stridge_core,Hx,0.036,2.1590679812670635
0.6501629933088627,1.5623374527355671,0.5670045408757602,-1.4594554344140935,0;0;-1.45945543441;0.567004540876;2.82726408548;0;0;-0.134026743828;-0.440548838177;0;0;0,55289.07919498827,0.006,2219,0.0001,29.282893862399725,,0.0013955276047734994,0.1466335000000072,ok,same_stridge_core,Hx;D_x^1.562337 H;Hxxx;H*Hxx;H*Hxxx,0.018000000000000002,1.6383542649055909
0.6639183067235691,1.8502981494474502,0.4898665726111958,-1.3862434245967992,0;0;-1.3862434246;0.489866572611;2.1651669676;0;0.0273194972627;-0.373474615154;-0.107821526182;0;0.0397042387033;0,60807.1380627231,0.006,2220,0.0001,44.172354851636385,,0.001349098768391364,0.15764910000007148,ok,same_stridge_core,Hx;D_x^1.850298 H;Hxxx;H*Hx;H*Hxx;H*Hxxx;H^2*Hxx,0.012,1.6073582077302102
0.6720611420539363,1.9679397317316458,0.0,-1.2389663016623034,0;0;-1.23896630166;0;4.0087078925;0;0;0;-0.618925377668;0;0;0,64502.5460048788,0.006,2221,0.0001,21.169442544155824,,0.0017555988326901808,0.3892338999999083,ok,same_stridge_core,Hx;Hxxx;H*Hxxx,0.024,1.8186787426921822
0.656092578646458,1.4032816040200613,0.48628497631483064,-1.5644381727685728,0;0;-1.56443817277;0.486284976315;0;0;0;-0.137943880817;-0.140240813681;0;0;0,58616.50164107469,0.006,2222,0.0001,24.74510399993803,,0.0008506898222564956,0.40653279999969527,ok,same_stridge_core,Hx;D_x^1.403282 H;H*Hxx;H*Hxxx,0.03,1.2985033435081557
0.7094392207597539,1.4425042322401587,0.16245965287343309,-1.1987571375656056,0;0;-1.19875713757;0.162459652873;0;0;0;0;0;0;0;0,57904.299419453135,0.006,2223,0.0001,12.715405582189806,,0.0006798319577612231,0.447412400000303,ok,same_stridge_core,Hx;D_x^1.442504 H,0.058988085988085984,1.1345456982991793
0.6762151095906274,1.7914552100662962,0.5792660092369457,-1.2484017800196852,0;0;-1.24840178002;0.579266009237;4.01011002308;0;0;-0.0817637501822;-0.548301112485;0;0;0,56503.05559416652,0.006,2224,0.0001,29.734138778622377,,0.00119074135642164,0.4898717000000943,ok,same_stridge_core,Hx;D_x^1.791455 H;Hxxx;H*Hxx;H*Hxxx,0.02285343228200369,1.4826109815391157
0.7256378346399236,1.423560977570639,0.176259490600447,-1.1663403698822596,0;0;-1.16634036988;0.1762594906;0;0;0;0;0;0;0;0,58257.78412443048,0.006,2225,0.0001,12.685209214152765,,0.0005536381869338806,0.3446544999997059,ok,same_stridge_core,Hx;D_x^1.423561 H,0.036,1.0336523892666685
0.6471789468625025,1.594400330568367,0.8190181544060701,-1.5145140870098734,0;0;-1.51451408701;0.819018154406;0.302132031871;0;0;-0.486248231568;0;0;0.0369541057025;0,54538.902303818875,0.006,2226,0.0001,28.897214170867024,,0.0013079846779785152,0.4490480000004027,ok,same_stridge_core,Hx;D_x^1.5944 H;Hxxx;H*Hxx;H^2*Hxx,0.025510204081632633,1.6277630189575836
0.7093643388663542,1.6662587201316614,0.5494260596809294,-1.2256630347596804,0;0;-1.22566303476;0.549426059681;0;0;0;-0.0749791733574;0;0;0;0,53226.66800110275,0.006,2227,0.0001,17.0626715018132,,0.0006078409257801727,0.3106437999999798,ok,same_stridge_core,Hx;D_x^1.666259 H;H*Hxx,0.029508406171218752,1.094671101482374
0.7404252427885829,1.7914552100662962,0.3201099514448004,-1.0718701797883603,0;0;-1.07187017979;0.320109951445;0;0;0;0;0;0;0;0,56503.05559416652,0.006,2228,0.0001,12.355387072612787,,0.0005797096778225297,0.03026739999995698,ok,same_stridge_core,Hx;D_x^1.791455 H,0.06072527472527475,1.0547759537794807
0.7121947534006849,1.449378120538974,0.1670968230392331,-1.191589374041839,0;0;-1.19158937404;0.167096823039;0;0;0;0;0;0;0;0,57771.58265249571,0.006,2229,0.0001,12.664896011344288,,0.0006501077438034677,0.40997680000009495,ok,same_stridge_core,Hx;D_x^1.449378 H,0.06488883708883712,1.1105794808451461
0.6716344828948383,1.6216979901005961,0.5452894356477593,-1.3460554722086024,0;0;-1.34605547221;0.545289435648;2.7961333208;0;0;-0.105247688831;-0.405065786462;0;0;0,53943.41759507272,0.006,2230,0.0001,28.355547048094987,,0.0010024319884507635,0.4155147000001307,ok,same_stridge_core,Hx;D_x^1.621698 H;Hxxx;H*Hxx;H*Hxxx,0.05087499999999999,1.3838382505586238
0.6639941852735052,1.7256617674531984,0.5674849544102032,-1.3115797580396769,0;0;-1.31157975804;0.56748495441;4.05357807699;0;0;-0.0972399356187;-0.562948673205;0;0;0,53458.70808812661,0.006,2231,0.0001,28.339185929593434,,0.0013937721600738799,0.29399800000010146,ok,same_stridge_core,Hx;D_x^1.725662 H;Hxxx;H*Hxx;H*Hxxx,0.03,1.6098318855301292
0.6605299728836839,1.9592535177246422,0.0,-1.2665184890650796,0;0;-1.26651848907;0;4.25833337923;0;0;0;-0.640785001765;0;0;0,64527.12718327658,0.006,2232,0.0001,21.2673500940104,,0.0019630107888664976,0.3037199000000328,ok,same_stridge_core,Hx;Hxxx;H*Hxxx,0.041999999999999996,1.9092119390274263
0.6966659769710364,1.2829117998486936,0.12000228710123903,-1.2494955077340526,0;0;-1.24949550773;0.120002287101;0;0;0;0;0;0;0;0,60365.788385830005,0.006,2233,0.0001,13.349279942289243,,0.0008493902849776287,0.15336419999994177,ok,same_stridge_core,Hx;D_x^1.282912 H,0.06524615384615388,1.2761222651232413
0.6783410076092881,1.3876196622193087,0.3907670227159718,-1.4549852134954875,0;0;-1.4549852135;0.390767022716;0;0;0;-0.0990145730129;-0.118576421778;0;0;0,58879.94194895221,0.006,2234,0.0001,24.612448664155995,,0.000574157112330306,0.4266020000000026,ok,same_stridge_core,Hx;D_x^1.38762 H;H*Hxx;H*Hxxx,0.03054257866889446,1.0604718845751075
0.7049082300012278,1.1853944964657321,0.09910608162038634,-1.257769122434962,0;0;-1.25776912243;0.0991060816204;0;0;0;0;-0.083137123074;0;0;0,61393.82191474874,0.006,2235,0.0001,19.586831278261286,,0.0007198297716665073,0.3234954999998081,ok,same_stridge_core,Hx;D_x^1.185394 H;H*Hxxx,0.024,1.1686847038366597
0.7019208478910552,1.1127012887913497,0.0838075977550777,-1.2736230801129123,0;0;-1.27362308011;0.0838075977551;0;0;0;0;-0.101863140607;0;0;0,61988.46885598747,0.006,2236,0.0001,19.82208157505167,,0.0007877817745678605,0.42245690000027025,ok,same_stridge_core,Hx;D_x^1.112701 H;H*Hxxx,0.02339247191454179,1.2255409182554253
0.6879281653473964,1.3773104327863535,0.12726449640939835,-1.2562666013230894,0;0;-1.25626660132;0.127264496409;0;0;0;0;0;0;0;0,59047.060953755514,0.006,2237,0.0001,13.19087604063498,,0.0010199629458831428,0.3155296999998427,ok,same_stridge_core,Hx;D_x^1.37731 H,0.024,1.3814638498838756
0.6803999883841646,1.5949842941247245,0.5721318329389347,-1.3505769160305794,0;0;-1.35057691603;0.572131832939;0;0;0;-0.10536294181;0;0;0;0,54525.555023253,0.006,2238,0.0001,17.71764508061786,,0.0009352569918776706,0.42503420000002734,ok,same_stridge_core,Hx;D_x^1.594984 H;H*Hxx,0.07174656084656084,1.3599785736419563
0.6874247876127874,1.7849985417436776,0.5984695369652637,-1.262129046139595,-0.019169558086;0;-1.26212904614;0.598469536965;2.15842263291;0;0;-0.0962692472981;-0.354798009477;0;0;0,56073.6617808192,0.006,2239,0.0001,34.93096295013194,,0.0008637725409071876,0.427584300000035,ok,same_stridge_core,1;Hx;D_x^1.784999 H;Hxxx;H*Hxx;H*Hxxx,0.018000000000000002,1.286765881640419
0.7140485206407136,1.4501229061656964,0.16711565981922152,-1.1905530500832864,0;0;-1.19055305008;0.167115659819;-0.093162279954;0;0;0;0;0;0;0,57757.05916739604,0.006,2240,0.0001,18.416891324154008,,0.0006278101866854344,0.46752569999989646,ok,same_stridge_core,Hx;D_x^1.450123 H;Hxxx,0.012,1.089773573935193
0.7122165414599946,1.6500988109130144,0.5385241756469094,-1.2236988885715738,0;0;-1.22369888857;0.538524175647;0;0;0;-0.0740708941898;0;0;0;0,53432.2204387761,0.006,2241,0.0001,17.075556002183546,,0.0005517588219375746,0.45427779999999984,ok,same_stridge_core,Hx;D_x^1.650099 H;H*Hxx,0.029438596491228066,1.0458898705507116
0.6926459412873831,1.4639793031293973,0.4198533036845831,-1.3644947411206898,0;0;-1.36449474112;0.419853303685;0.291834185701;0;0;-0.0875456397116;-0.110666496369;0;0;0,57481.8046248344,0.006,2242,0.0001,29.741483782455113,,0.0005074900058823059,0.4129601999998158,ok,same_stridge_core,Hx;D_x^1.463979 H;Hxxx;H*Hxx;H*Hxxx,0.029428571428571398,1.0005814700379108
0.6792867242105587,1.546067848132423,0.13672423514552268,-1.2537184036709945,0;0;-1.25371840367;0.136724235146;0;0;0;0;0;0;0;0,55672.56446830102,0.006,2243,0.0001,12.738226649476903,,0.0013915879067271622,0.42146539999976085,ok,same_stridge_core,Hx;D_x^1.546068 H,0.09390000000000003,1.6037137558166996
0.6436639670635019,1.384929106711891,0.5086271628985899,-1.6366903072409027,0;0;-1.63669030724;0.508627162899;0;0;0;-0.156172348978;-0.167845857605;0;0;0,58924.0320070405,0.006,2244,0.0001,24.999307029747413,,0.0010304110395276745,0.40493910000031974,ok,same_stridge_core,Hx;D_x^1.384929 H;H*Hxx;H*Hxxx,0.04130235294117642,1.4296942269312098
0.6907677632785375,1.8042719881102038,0.0,-1.193748396613913,0;0;-1.19374839661;0;0;0;0;0;0;0;0;0,57410.429006620325,0.006,2245,0.0001,7.883026892408667,,0.002320384986053338,0.42055059999984223,ok,same_stridge_core,Hx,0.036,2.1419839917466343
0.7366044563000325,1.5822867578222735,0.43401884967428445,-1.1677318564508952,0;0;-1.16773185645;0.434018849674;0;0;0;-0.0504595858767;0;0;0;0,54819.26053990461,0.006,2246,0.0001,17.331415152865425,,0.0003932579326754152,0.14707859999998618,ok,same_stridge_core,Hx;D_x^1.582287 H;H*Hxx,0.012,0.885636990894042
0.5563415750767787,1.858715930640027,0.0,-1.5728776508153808,0;0;-1.57287765082;0;0.603645533481;0;0;0;0;0;0;0,61370.273993244184,0.006,2247,0.0001,17.099423256315408,,0.012566742934022785,0.39948309999999765,ok,same_stridge_core,Hx;Hxxx,0.11400000000000005,4.8253684576665705
0.6026865370252651,1.5764391039850107,1.0150979154074482,-1.7320638112113624,0;0;-1.73206381121;1.01509791541;0.366961557308;0;0;-0.75581688561;0;0;0.06006822535;0,54956.357077358065,0.006,2248,0.0001,29.7700576760767,,0.0025822230499352593,0.1494714999998905,ok,same_stridge_core,Hx;D_x^1.576439 H;Hxxx;H*Hxx;H^2*Hxx,0.030561403508771925,2.2918791373976686
0.652819824680164,1.4000360065778557,0.49414411334833436,-1.5825926478719181,0;0;-1.58259264787;0.494144113348;0;0;0;-0.142940652012;-0.146362486151;0;0;0,58672.05497837786,0.006,2249,0.0001,24.803361705182194,,0.000898143939020551,0.3984170999997332,ok,same_stridge_core,Hx;D_x^1.400036 H;H*Hxx;H*Hxxx,0.052633928571428575,1.3345397138310502
0.7225330676881504,1.3353157021456017,0.15205054070802104,-1.1865695934851868,0;0;-1.18656959349;0.152050540708;0;0;0;0;0;0;0;0,59678.728957563726,0.006,2250,0.0001,13.036614514494907,,0.0006209069760774079,0.41694219999999405,ok,same_stridge_core,Hx;D_x^1.335316 H,0.03,1.1008687229821614
0.7052795061891171,1.5819839862098202,0.18483964331205097,-1.187325289874716,0;0;-1.18732528987;0.184839643312;0;0;0;0;0;0;0;0,54826.337999262345,0.006,2251,0.0001,12.201046405441854,,0.0008170880684380769,0.13365320000002612,ok,same_stridge_core,Hx;D_x^1.581984 H,0.08248571428571431,1.2357788055893857
0.7077364296007664,1.897462127637094,-0.08474157293387355,-1.137616022320803,0.066907542666;-0.0172924508254;-1.13761602232;-0.0847415729339;4.58499138204;0;0;0;-1.10943320313;0;0;0.0632325552425,63407.90241234451,0.006,2252,0.0001,45.437061269021235,,0.0005741138483765469,0.3758634000000711,ok,same_stridge_core,1;H;Hx;D_x^1.897462 H;Hxxx;H*Hxxx;H^2*Hxxx,0.006,1.051529580380069
0.6776760265925725,1.7106415949413267,0.5674584775822,-1.2797557845238563,0;0;-1.27975578452;0.567458477582;3.40904100753;0;0;-0.0915221027753;-0.469424695935;0;0;0,53209.26058241094,0.006,2253,0.0001,27.993797967407748,,0.001028500357294498,0.36737949999997,ok,same_stridge_core,Hx;D_x^1.710642 H;Hxxx;H*Hxx;H*Hxxx,0.018000000000000002,1.389167676202277
0.7056999787095386,1.8373348667272553,0.2542281469021029,-1.1533513807989157,0;0;-1.1533513808;0.254228146902;0;0;0;0;0;0;0;0,59882.18116045236,0.006,2254,0.0001,13.362376231011934,,0.0010293952619018474,0.14125149999972564,ok,same_stridge_core,Hx;D_x^1.837335 H,0.03,1.3859399989214622
0.6738194496667931,1.5591335746024135,0.5742136166023841,-1.4015684698325788,0;0;-1.40156846983;0.574213616602;-0.195776814006;0;0;-0.1172700795;0;0;0;0,55364.77537445898,0.006,2255,0.0001,23.537226598973803,,0.0009735540796289404,0.3916917999999896,ok,same_stridge_core,Hx;D_x^1.559134 H;Hxxx;H*Hxx,0.078,1.3913164491902088
0.6829090553066233,1.5707625695207401,0.14577205776469854,-1.2420134524452946,0;0;-1.24201345245;0.145772057765;0;0;0;0;0;0;0;0,55090.073619889736,0.006,2256,0.0001,12.573821430818631,,0.001308622723656926,0.37657549999994444,ok,same_stridge_core,Hx;D_x^1.570763 H,0.09000000000000001,1.5558067068406847
0.7093643388663542,1.5662706710477265,0.18793211941502488,-1.1800859084685364,0;0;-1.18008590847;0.187932119415;0;0;0;0;0;0;0;0,55196.13662266656,0.006,2257,0.0001,12.218903697758027,,0.0007418921570212278,0.27891790000012406,ok,same_stridge_core,Hx;D_x^1.566271 H,0.06599999999999999,1.179676373224714
0.639069496886691,1.3492294032428551,0.4782943746563581,-1.6725551867581305,0;0;-1.67255518676;0.478294374656;0;0;0;-0.157098094266;-0.195530172615;0;0;0,59477.90781467682,0.006,2258,0.0001,25.224381006401714,,0.0010397452014894424,0.3827195999997457,ok,same_stridge_core,Hx;D_x^1.349229 H;H*Hxx;H*Hxxx,0.05023909090909091,1.433217880530981
0.6283034771864269,1.3313734162826254,0.4921941905948301,-1.7390954275227322,0;0;-1.73909542752;0.492194190595;0;0;0;-0.172439252033;-0.225069227733;0;0;0,59734.161864790025,0.006,2259,0.0001,25.44606021845422,,0.0012191132210678584,0.3823613999998088,ok,same_stridge_core,Hx;D_x^1.331373 H;H*Hxx;H*Hxxx,0.03658001175778955,1.5523954725382099
0.6468853093345888,1.3284636992298862,0.4237690007182646,-1.631755441814538,0;0;-1.63175544181;0.423769000718;0;0;0;-0.138457545326;-0.192743534561;0;0;0,59774.66992717868,0.006,2260,0.0001,25.22677787515397,,0.0008835426176219702,0.3686278999998649,ok,same_stridge_core,Hx;D_x^1.328464 H;H*Hxx;H*Hxxx,0.03532200080032012,1.3169099042824965
0.7044976731090586,1.1212011331239577,0.09031089113990773,-1.2443373474473176,0;0;-1.24433734745;0.0903108911399;0;0;0;0;0;0;0;0,61925.43104048333,0.006,2261,0.0001,13.802726227478257,,0.0010025099362446794,0.3783957000000555,ok,same_stridge_core,Hx;D_x^1.121201 H,0.07642857142857147,1.4176400193815908
0.7036113077048757,1.7827339002899427,0.2311790517208806,-1.1652322841883038,0;0;-1.16523228419;0.231179051721;0;0;0;0;0;0;0;0,55928.392520009875,0.006,2262,0.0001,12.563984331662594,,0.0010192767962641667,0.38028269999995246,ok,same_stridge_core,Hx;D_x^1.782734 H,0.03733333333333333,1.3783058276606186
0.6525920279182711,1.360003230585213,0.4447599754214468,-1.5947626186019614,0;0;-1.5947626186;0.444759975421;0;0;0;-0.135773166343;-0.167685101184;0;0;0,59316.72733203014,0.006,2263,0.0001,25.008672701869436,,0.0008343895917817936,0.4000657000001411,ok,same_stridge_core,Hx;D_x^1.360003 H;H*Hxx;H*Hxxx,0.029392755035737496,1.281981769057379
0.6409303557393584,1.350717266728177,0.4736614702709726,-1.6616451902096838,0;0;-1.66164519021;0.473661470271;0;0;0;-0.154113662237;-0.191544403304;0;0;0,59455.947656762386,0.006,2264,0.0001,25.193634586224775,,0.0010085023788639694,0.3797901999996611,ok,same_stridge_core,Hx;D_x^1.350717 H;H*Hxx;H*Hxxx,0.029442402016437098,1.411255523519821
0.8302243695092962,1.1621678416075607,-0.08040160704967338,-0.7220622534891266,0;0;-0.722062253489;-0.0804016070497;0.651280321863;0;0;0.11878055229;0;0;0;0,61598.00768908842,0.006,2265,0.0001,26.161346632702358,,0.0011582162174508417,0.38596189999998387,ok,same_stridge_core,Hx;D_x^1.162168 H;Hxxx;H*Hxx,0.036,1.5221435570669861
0.6267540493132897,1.2270656092812902,0.355654095345277,-1.7515304598389854,0;0;-1.75153045984;0.355654095345;0;0;0;-0.145490231611;-0.278486384353;0;0;0,60990.38173817568,0.006,2266,0.0001,25.913433565127924,,0.0011788921633003983,0.3736463000000185,ok,same_stridge_core,Hx;D_x^1.227066 H;H*Hxx;H*Hxxx,0.05466488803377693,1.5172808698576514
0.7829989196944285,1.2864203673816368,0.0,-0.9400784317267752,0;0;-0.940078431727;0;0;0;0;0.0691619091903;0;0;0;0,60323.01602835792,0.006,2267,0.0001,13.415032397610316,,0.00092465364369676,0.387010200000077,ok,same_stridge_core,Hx;H*Hxx,0.024,1.3504291919387315
0.6927650318576849,1.5526306795633333,0.1593631605181037,-1.220817673296418,0;0;-1.2208176733;0.159363160518;0;0;0;0;0;0;0;0,55518.222583640134,0.006,2268,0.0001,12.49271653253166,,0.0010390427625442736,0.376042100000177,ok,same_stridge_core,Hx;D_x^1.552631 H,0.078,1.3890720158036334
0.7475903610504204,1.4972574780542427,0.22088042919784867,-1.1065067782115388,0;0;-1.10650677821;0.220880429198;0;0;0;0;0;0;0;0,56782.324250909645,0.006,2269,0.0001,12.345882901847531,,0.0005027824888689641,0.2872886000000108,ok,same_stridge_core,Hx;D_x^1.497257 H,0.03,0.989418051665603
0.6765103785647819,1.567483685233666,0.5165898525536495,-1.3635159835165584,0;0;-1.36351598352;0.516589852554;1.99835065254;0;0;-0.104957507121;-0.31059285965;0;0;0,55167.48141073944,0.006,2270,0.0001,28.84050015157194,,0.0008138046537368351,0.13775119999991148,ok,same_stridge_core,Hx;D_x^1.567484 H;Hxxx;H*Hxx;H*Hxxx,0.03183157894736844,1.2567594462022205
0.7028297385791552,1.415817407979735,0.14731321351723198,-1.2213463868477406,0;0;-1.22134638685;0.147313213517;-0.114062194575;0;0;0;0;0;0;0,58397.138864658664,0.006,2271,0.0001,18.70929493453948,,0.0007554276874591681,0.3751113000002988,ok,same_stridge_core,Hx;D_x^1.415817 H;Hxxx,0.023328880345660528,1.1901532751418782
0.673981866187999,1.1339813603465208,0.08065478394788368,-1.3146682538069723,0;0;-1.31466825381;0.0806547839479;0;0;0;0;0;0;0;0,61827.56076937884,0.006,2272,0.0001,13.966863487933907,,0.0013367164196267012,0.13531560000001264,ok,same_stridge_core,Hx;D_x^1.133981 H,0.047999999999999994,1.601351334058138
0.6307252276743472,1.3591529408701897,0.5221470218210671,-1.717640829708992,0;0;-1.71764082971;0.522147021821;0;0;0;-0.174379594162;-0.203944577017;0;0;0,59329.63163007048,0.006,2273,0.0001,25.296706152954737,,0.0012346689252486674,0.36974389999977575,ok,same_stridge_core,Hx;D_x^1.359153 H;H*Hxx;H*Hxxx,0.02345522894649209,1.564853500926546
0.8603443268579618,1.8403370995179695,0.5779259403201937,-0.7949619997591383,0;0;-0.794961999759;0.57792594032;0;0;0;0;0;0;0;0,60101.41002420688,0.006,2274,0.0001,13.4953379357239,,0.001104842811575352,0.13627450000012686,ok,same_stridge_core,Hx;D_x^1.840337 H,0.05999999999999999,1.4750559308825228
0.6459318706883198,1.8042719881102038,1.3833669106617008,-1.3889795223750183,0;0;-1.38897952238;1.38336691066;1.24036025511;0;0;-0.72909465147;0;0;0.0614818623684;0,57410.429006620325,0.006,2275,0.0001,30.658039562514887,,0.0019267711128702928,0.15144550000013624,ok,same_stridge_core,Hx;D_x^1.804272 H;Hxxx;H*Hxx;H^2*Hxx,0.03,1.9528250592047232
0.6606113686163643,1.526593399626903,0.5979424024400963,-1.4779607459175723,0;0;-1.47796074592;0.59794240244;-0.363291220266;0;0;-0.137306741153;0;0;0;0,56125.005577773976,0.006,2276,0.0001,23.983451367080576,,0.001177941917972557,0.3846819999998843,ok,same_stridge_core,Hx;D_x^1.526593 H;Hxxx;H*Hxx,0.10165714285714289,1.533449135970984
0.6470219805924285,1.8864518174784468,0.0204260471143067,-1.2969727975614862,0;0;-1.29697279756;0.0204260471143;4.50763389265;0;0;0;-0.651415852986;0;0;0,62932.88439564624,0.006,2277,0.0001,27.250890104774776,,0.0023576546004712633,0.40827619999981835,ok,same_stridge_core,Hx;D_x^1.886452 H;Hxxx;H*Hxxx,0.036,2.0777363465162777
0.718981665353993,1.4418990356709322,0.1733023646140529,-1.1778400078196987,0;0;-1.17784000782;0.173302364614;0;0;0;0;0;0;0;0,57915.870770395,0.006,2278,0.0001,12.643420665015336,,0.0005877810090658688,0.3899506000002475,ok,same_stridge_core,Hx;D_x^1.441899 H,0.047999999999999994,1.0602465109363357
0.5139931321004102,1.0842286868668756,0.5674118986900828,-2.742471126784974,0;0;-2.74247112678;0.56741189869;-7.72972417565;0;0;-0.34919475515;0.202805988027;0;0;0,62188.18424658434,0.006,2279,0.0001,34.26042143672783,,0.004990325714505817,0.3795982000001459,ok,same_stridge_core,Hx;D_x^1.084229 H;Hxxx;H*Hxx;H*Hxxx,0.13400000000000004,3.166329313435663
0.6576851132699179,1.5964812990780755,0.7713223936596784,-1.4681818109772775,0;0;-1.46818181098;0.77132239366;0.26864309703;0;0;-0.425090944797;0;0;0.0316536058445;0,54491.43145821416,0.006,2280,0.0001,28.737550489117837,,0.001100097901493125,0.410497000000305,ok,same_stridge_core,Hx;D_x^1.596481 H;Hxxx;H*Hxx;H^2*Hxx,0.018000000000000002,1.4918347600107562
0.6681258989379857,1.5781966980824116,0.0,-1.2558478599666842,0;0;-1.25584785997;0;0;0;0;0;0;0;0;0,54915.06684321166,0.006,2281,0.0001,7.686613802065487,,0.0024924813755993563,0.3856774000000769,ok,same_stridge_core,Hx,0.15000000000000005,2.195107117744321
0.6238597251026622,1.499234269424718,1.0124589390220782,-1.6080180705197267,0;0;-1.60801807052;1.01245893902;-0.287725502588;0;-0.0389090870694;-0.302031737851;0;0;0;-0.0343755671659,56739.14339186018,0.006,2282,0.0001,35.88963469219921,,0.001660874703477816,0.38668139999981577,ok,same_stridge_core,Hx;D_x^1.499234 H;Hxxx;H*Hx;H*Hxx;H^2*Hxxx,0.019917582417582416,1.8461486570830958
0.6714813056652427,1.6026214232861893,0.12874977328453022,-1.2663989692858533,0;0;-1.26639896929;0.128749773285;0;0;0;0;0;0;0;0,54352.93427312219,0.006,2283,0.0001,12.645809838601066,,0.0017076921440165231,0.3790526000002501,ok,same_stridge_core,Hx;D_x^1.602621 H,0.11133333333333338,1.7752229839766271
0.6868418643510137,1.723120398826056,1.5859772189152772,-1.0853936905218422,-0.00949832598752;0.0649161911677;-1.08539369052;1.58597721892;11.9225677204;-0.0119649600141;-0.0677172748142;-0.887343124774;-4.04824769529;0;0.050889075592;0.332586290527,53405.538813663625,0.006,2284,0.0001,59.676988192737916,,0.0004592549527045804,0.2596634000001359,ok,same_stridge_core,1;H;Hx;D_x^1.72312 H;Hxxx;H^2;H*Hx;H*Hxx;H*Hxxx;H^2*Hxx;H^2*Hxxx,0.006,0.9308954977079175
0.7256378346399236,1.4036436162124226,0.17141099772103627,-1.1695510114656815,0;0;-1.16955101147;0.171410997721;0;0;0;0;0;0;0;0,58610.2728827172,0.006,2285,0.0001,12.765059332506777,,0.000562164735249701,0.26701180000009117,ok,same_stridge_core,Hx;D_x^1.403644 H,0.03625852974186307,1.0430047559633366
0.6248003471283763,1.4117119133743368,0.6150130641198494,-1.7280236305479864,0;0;-1.72802363055;0.61501306412;0;0;0;-0.194121804079;-0.178384450726;0;0;0,58469.82368152768,0.006,2286,0.0001,25.17473048391025,,0.0016005263380639066,0.402766100000008,ok,same_stridge_core,Hx;D_x^1.411712 H;H*Hxx;H*Hxxx,0.024470370370370365,1.7868010112991757
0.6396405480363355,1.3793736884499854,0.5162699512419964,-1.660671689769857,0;0;-1.66067168977;0.516269951242;0;0;0;-0.162275224128;-0.177193798248;0;0;0,59014.006076738326,0.006,2287,0.0001,25.080916917065945,,0.0010969038537835146,0.3803680999999415,ok,same_stridge_core,Hx;D_x^1.379374 H;H*Hxx;H*Hxxx,0.047647058823529403,1.4753144863706125
0.671880263866854,1.3800072811778554,0.40338209157015154,-1.488941072386793,0;0;-1.48894107239;0.40338209157;0;0;0;-0.107807269329;-0.130257202288;0;0;0,59003.81745710246,0.006,2288,0.0001,24.70909996088321,,0.0006254547513254149,0.3938261000002967,ok,same_stridge_core,Hx;D_x^1.380007 H;H*Hxx;H*Hxxx,0.03665333333333334,1.107572978042228
0.6739654553752665,1.9214826314352187,0.1368057270899092,-1.2170747844915784,0;0;-1.21707478449;0.13680572709;3.67079725728;0;0;0;-0.520561071668;0;0;0,64141.937902166785,0.006,2289,0.0001,27.32093862930568,,0.0015088478728891115,0.43565799999987576,ok,same_stridge_core,Hx;D_x^1.921483 H;Hxxx;H*Hxxx,0.02345506813524357,1.664163468438965
0.6903437141775682,1.768983264133683,0.19476963354707508,-1.201175755743385,0;0;-1.20117575574;0.194769633547;0;0;0;0;0;0;0;0,55114.81004589652,0.006,2290,0.0001,12.575055156875178,,0.0012984750872868532,0.3844923999999992,ok,same_stridge_core,Hx;D_x^1.768983 H,0.047999999999999994,1.552093147695875
0.6190390531484637,1.5127928865527143,1.0923914981872125,-1.6100259906841503,0;0;-1.61002599068;1.09239149819;-0.121517983452;0;-0.0433251863789;-0.323733962003;0;0;0;-0.039057013227,56438.461546440114,0.006,2291,0.0001,35.8191221189504,,0.0018635798326057148,0.3947766999999658,ok,same_stridge_core,Hx;D_x^1.512793 H;Hxxx;H*Hx;H*Hxx;H^2*Hxxx,0.025924999999999986,1.9560451910863355
0.6875995871538316,1.5736969966062118,0.4994504965112311,-1.3227474409550555,0;0;-1.32274744096;0.499450496511;1.709012202;0;0;-0.0935051739391;-0.263423645728;0;0;0,55020.89031466578,0.006,2292,0.0001,28.643082673764713,,0.0006578683784870896,0.38309439999966344,ok,same_stridge_core,Hx;D_x^1.573697 H;Hxxx;H*Hxx;H*Hxxx,0.03,1.132637516431821
0.6531292743704656,1.431319802422174,0.5534949636874644,-1.5819082815801107,0;0;-1.58190828158;0.553494963687;-0.887848096876;0;0;-0.151362227646;0;0;0;0,58115.17181784349,0.006,2293,0.0001,24.673041161142823,,0.0010120542218567585,0.3866672999997718,ok,same_stridge_core,Hx;D_x^1.43132 H;Hxxx;H*Hxx,0.041999999999999996,1.4269724340054246
0.7100029531273925,1.2340269518804239,0.11919993391641119,-1.2256936344827472,0;0;-1.22569363448;0.119199933916;0;0;0;0;0;0;0;0,60918.01290050357,0.006,2294,0.0001,13.422229083340454,,0.0007785068663487286,0.12288639999997031,ok,same_stridge_core,Hx;D_x^1.234027 H,0.04874999999999999,1.2386265032397406
0.7035490102466065,1.4558565944794124,0.15794274760502194,-1.2098588956228373,0;0;-1.20985889562;0.157942747605;0;0;0;0;0;0;0;0,57644.32793382609,0.006,2295,0.0001,12.728116710359306,,0.0007649147305914413,0.3761898000002475,ok,same_stridge_core,Hx;D_x^1.455857 H,0.024,1.1992511235940866
0.6536774774423791,1.8045180010537678,1.3296222626501415,-1.3618809169060082,0;0;-1.36188091691;1.32962226265;1.1721921151;0;0;-0.675301609392;0;0;0.0565754415448;0,57428.40801545908,0.006,2296,0.0001,30.54791006097531,,0.0016992451439437873,0.2805732000001626,ok,same_stridge_core,Hx;D_x^1.804518 H;Hxxx;H*Hxx;H^2*Hxx,0.03,1.8337060532457699
0.6468297448277571,1.3781837017959688,0.4884300535043926,-1.6216174396486018,0;0;-1.62161743965;0.488430053504;0;0;0;-0.149392632998;-0.166931487208;0;0;0,59033.0930019327,0.006,2297,0.0001,24.989214199638013,,0.0009562587973820229,0.38843880000013087,ok,same_stridge_core,Hx;D_x^1.378184 H;H*Hxx;H*Hxxx,0.024,1.375976998864932
0.8249751811594332,1.7341352789900668,0.43497920847009636,-0.8938410090391393,0;0;-0.893841009039;0.43497920847;0;0;0;0;0;0;0;0,53670.046583169504,0.006,2298,0.0001,12.042065242596777,,0.0008698762495101854,0.39034480000009353,ok,same_stridge_core,Hx;D_x^1.734135 H,0.05385173937173936,1.308055925962875
0.7475903610504204,1.2877195384009694,0.15762302795650882,-1.140388980613643,0;0;-1.14038898061;0.157623027957;0;0;0;0;0;0;0;0,60307.063985539375,0.006,2299,0.0001,13.336304920822267,,0.0008252057461563724,0.28235700000004726,ok,same_stridge_core,Hx;D_x^1.28772 H,0.024,1.2748921237143909
0.6349047525349663,1.567483685233666,0.8288963370332902,-1.5858341045885864,0;0;-1.58583410459;0.828896337033;0.18988668264;0;0;-0.531217388064;0;0;0.0403044842195;0,55167.48141073944,0.006,2300,0.0001,29.346603756516853,,0.0015316987951138887,0.13313979999975345,ok,same_stridge_core,Hx;D_x^1.567484 H;Hxxx;H*Hxx;H^2*Hxx,0.021559183673469384,1.7628630511471313
0.6276876907938588,1.8762074976770147,0.0,-1.3476882799153886,0;0;-1.34768827992;0;5.00972758842;0;0;0;-0.706782202095;0;0;0,62413.94779179152,0.006,2301,0.0001,21.168583524358237,,0.00327611299862768,0.36653579999983776,ok,same_stridge_core,Hx;Hxxx;H*Hxxx,0.038,2.444399186820778
0.671824680562862,1.3933021093957756,0.41930116398537653,-1.4866714377125965,0;0;-1.48667143771;0.419301163985;0;0;0;-0.110423532583;-0.124546611371;0;0;0,58785.70676246033,0.006,2302,0.0001,24.631591887725005,,0.0006346828145783889,0.379537899999832,ok,same_stridge_core,Hx;D_x^1.393302 H;H*Hxx;H*Hxxx,0.04278588526319617,1.1173091827408708
0.6488560987524354,1.570243219333679,0.7664327169483289,-1.5211764171878441,0;0;-1.52117641719;0.766432716948;0.159136082012;0;0;-0.449257345697;0;0;0.0332593264307;0,55102.327702975286,0.006,2303,0.0001,29.12385787958876,,0.0012211770009741955,0.1417845999999372,ok,same_stridge_core,Hx;D_x^1.570243 H;Hxxx;H*Hxx;H^2*Hxx,0.018000000000000002,1.572694028101116
0.6520589088909785,1.3998757695936592,0.4967077063889319,-1.5866400559305602,0;0;-1.58664005593;0.496707706389;0;0;0;-0.144207546712;-0.147483599663;0;0;0,58674.784293585195,0.006,2304,0.0001,24.81400326143466,,0.0009108712837741686,0.3962381000001187,ok,same_stridge_core,Hx;D_x^1.399876 H;H*Hxx;H*Hxxx,0.03524362595180522,1.3440895440005822
0.6581511276684898,1.9086505015741895,0.0,-1.2839508133817679,0;0;-1.28395081338;0;0;0;0;0;0;0;0;0,63800.93773168922,0.006,2305,0.0001,8.657431055268653,,0.002712702291200208,0.4041167000000314,ok,same_stridge_core,Hx,0.05999999999999999,2.2773372820997313
0.6879883988044054,1.4575627906793014,0.45241603744034475,-1.4007706645370224,0;0;-1.40077066454;0.45241603744;-0.546557654583;0;0;-0.098494938131;0;0;0;0,57610.46199337052,0.006,2306,0.0001,24.09670939794932,,0.0005554874181347288,0.4152743999998165,ok,same_stridge_core,Hx;D_x^1.457563 H;Hxxx;H*Hxx,0.024,1.0525246006011113
0.7023884048127238,1.4947544773284263,0.4181856412218355,-1.3125714346534787,0;0;-1.31257143465;0.418185641222;0.41297241739;0;0;-0.0772719496057;-0.107725984761;0;0;0,56836.74653722413,0.006,2307,0.0001,29.373496953418204,,0.0004619100769107166,0.38503190000028553,ok,same_stridge_core,Hx;D_x^1.494754 H;Hxxx;H*Hxx;H*Hxxx,0.053294117647058784,0.9551236848061383
0.6555417527991488,1.5764391039850107,0.5591582866875885,-1.429626624614893,0;0;-1.42962662461;0.559158286688;2.83278523661;0;0;-0.126170269387;-0.432653264993;0;0;0,54956.357077358065,0.006,2308,0.0001,29.049302876264548,,0.0012859027889427224,0.16421109999964756,ok,same_stridge_core,Hx;D_x^1.576439 H;Hxxx;H*Hxx;H*Hxxx,0.018000000000000002,1.571124337585516
0.6639122900796601,1.6086131652145725,0.5523489798384681,-1.3790651122943711,0;0;-1.37906511229;0.552348979838;2.93232209193;0;0;-0.113716003497;-0.431121009217;0;0;0,54220.4752607476,0.006,2309,0.0001,28.59260922765008,,0.001150586068972985,0.31865700000025754,ok,same_stridge_core,Hx;D_x^1.608613 H;Hxxx;H*Hxx;H*Hxxx,0.018000000000000002,1.4823715972762799
0.6712969696321142,1.8502981494474502,0.0,-1.2407772326858868,0;0;-1.24077723269;0;4.02502739275;0;0;0;-0.620353448833;0;0;0,60807.1380627231,0.006,2310,0.0001,20.06512912220955,,0.0017658137766017072,0.15190400000028603,ok,same_stridge_core,Hx;Hxxx;H*Hxxx,0.024,1.82298770339262
0.6847616328617814,1.483246404207311,0.13748710783188572,-1.2488359874848982,0;0;-1.24883598748;0.137487107832;0;0;0;0;0;0;0;0,57083.267883360735,0.006,2311,0.0001,12.892844920645388,,0.0011752993257860608,0.38800670000000537,ok,same_stridge_core,Hx;D_x^1.483246 H,0.08828888888888892,1.4761913439732401
0.6858829429219688,1.6075744915839723,0.5394242135769107,-1.3160386522358236,0;0;-1.31603865224;0.539424213577;3.92180392772;0;0;-0.0961182458326;-0.909505409897;0;0;0.0469263014346,54243.219505683934,0.006,2312,0.0001,33.71354367239506,,0.0007126328044959008,0.4157541999998102,ok,same_stridge_core,Hx;D_x^1.607574 H;Hxxx;H*Hxx;H*Hxxx;H^2*Hxxx,0.014121212121212133,1.1676119689847015
0.6619144715516806,1.5716770503327466,0.607700228223277,-1.4288625085010698,0;0;-1.4288625085;0.607700228223;0;0;0;-0.127114893952;0;0;0;0,55068.50310745187,0.006,2313,0.0001,18.141343811688714,,0.0013264511738260176,0.4104557000000568,ok,same_stridge_core,Hx;D_x^1.571677 H;H*Hxx,0.08820000000000004,1.6207928794531532
0.6937760459947859,1.7679273241442761,0.2030326717996638,-1.1923466470778337,0;0;-1.19234664708;0.2030326718;0;0;0;0;0;0;0;0,55057.59322643761,0.006,2314,0.0001,12.513096380570644,,0.0012142298582367606,0.403317799999968,ok,same_stridge_core,Hx;D_x^1.767927 H,0.036,1.5015777352831219
0.6565527590928877,1.5688816171706603,0.5554933319921797,-1.4316583658719986,0;0;-1.43165836587;0.555493331992;2.69470416577;0;0;-0.126039423254;-0.416072719534;0;0;0,55134.46881677158,0.006,2315,0.0001,29.111645670525327,,0.0012396982211770762,0.38287720000016634,ok,same_stridge_core,Hx;D_x^1.568882 H;Hxxx;H*Hxx;H*Hxxx,0.018000000000000002,1.5444112621395367
0.6936551014186817,1.7499467590391065,0.19852720190446202,-1.194623979311656,0;0;-1.19462397931;0.198527201904;0;0;0;0;0;0;0;0,54210.109612068496,0.006,2316,0.0001,12.334847621940938,,0.0012003771025346792,0.3922861000000921,ok,same_stridge_core,Hx;D_x^1.749947 H,0.036,1.492825699527237
0.65438722584149,1.4143811322173836,0.5057943970595801,-1.5692616122991818,0;0;-1.5692616123;0.50579439706;0;0;0;-0.142490882228;-0.136497582675;0;0;0,58422.660772232026,0.006,2317,0.0001,24.70833779705011,,0.0009031560359713136,0.4073253999999906,ok,same_stridge_core,Hx;D_x^1.414381 H;H*Hxx;H*Hxxx,0.05999999999999999,1.3392734881573003
0.6936551014186817,1.7499467590391065,0.19852720190446202,-1.194623979311656,0;0;-1.19462397931;0.198527201904;0;0;0;0;0;0;0;0,54210.109612068496,0.006,2318,0.0001,12.334847621940938,,0.0012003771025346792,0.026768600000195875,ok,same_stridge_core,Hx;D_x^1.749947 H,0.03733333333333333,1.492825699527237
0.6517451581645717,1.4140212133805337,0.5150162176632478,-1.5830121828043888,0;0;-1.5830121828;0.515016217663;0;0;0;-0.146887183965;-0.140083902945;0;0;0,58429.03989670795,0.006,2319,0.0001,24.745557272863387,,0.0009499750431870413,0.37594209999997474,ok,same_stridge_core,Hx;D_x^1.414021 H;H*Hxx;H*Hxxx,0.03,1.3739413141802048
0.8803040524592247,1.5684280619708901,0.0,-0.7251069253163875,0;0;-0.725106925316;0;0;0;0;0.0956669782403;0;0;0;0,55145.17824639355,0.006,2320,0.0001,12.980028699828408,,0.0019431895856925879,0.29883350000000064,ok,same_stridge_core,Hx;H*Hxx,0.047999999999999994,1.9509930505496964
0.6657335254448278,1.573847563754452,0.5392846967945734,-1.3961782405016738,0;0;-1.3961782405;0.539284696795;2.44103081245;0;0;-0.115662585432;-0.374460603513;0;0;0,55017.343156008115,0.006,2321,0.0001,28.92029616764882,,0.0010334172930550284,0.39633709999998246,ok,same_stridge_core,Hx;D_x^1.573848 H;Hxxx;H*Hxx;H*Hxxx,0.05925,1.411624589644764
0.6605299728836839,1.4378753009807943,0.5316862879564714,-1.540557992027426,0;0;-1.54055799203;0.531686287956;-0.800124723664;0;0;-0.139429217492;0;0;0;0,57992.334095603495,0.006,2322,0.0001,24.532804230351545,,0.0008881401737441349,0.3032839000002241,ok,same_stridge_core,Hx;D_x^1.437875 H;Hxxx;H*Hxx,0.03874074074074075,1.3358705921101437
0.6575505163266171,1.9879916007461222,0.0,-1.2693759067711228,0;0;-1.26937590677;0;2.15653546323;0;0;0;0.0640236272872;0;0;-0.054232193663,64314.57798899994,0.006,2323,0.0001,27.657464617002557,,0.0020156301390983128,0.39392510000016046,ok,same_stridge_core,Hx;Hxxx;H*Hxxx;H^2*Hxxx,0.03,1.9316334214025803
0.6892865227397122,1.8003211898235432,0.0,-1.197740081949481,0;0;-1.19774008195;0;0;0;0;0;0;0;0;0,57124.20529635013,0.006,2324,0.0001,7.852546495539847,,0.0023191281754569404,0.3994588999998996,ok,same_stridge_core,Hx,0.036,2.1401259659048337
0.6624322962606168,1.3869941238271712,0.44405876541549694,-1.5362270315808897,0;0;-1.53622703158;0.444058765415;0;0;0;-0.124552830205;-0.139946678782;0;0;0,58890.223703692114,0.006,2325,0.0001,24.75962396717527,,0.0007344803379589057,0.4133014999997613,ok,same_stridge_core,Hx;D_x^1.386994 H;H*Hxx;H*Hxxx,0.028675428571428564,1.2035344856984216
0.6885904634437324,1.7725588573383027,0.19114676147551574,-1.2054000881923426,0;0;-1.20540008819;0.191146761476;0;0;0;0;0;0;0;0,55314.34553574848,0.006,2326,0.0001,12.643147300847254,,0.001346540487032921,0.3945157000002837,ok,same_stridge_core,Hx;D_x^1.772559 H,0.035914883371772253,1.5802781936975578
0.6675039895367306,1.7610242562969818,0.5684766089364995,-1.285182150797796,0;0;-1.2851821508;0.568476608936;4.15851580608;0;0;-0.0897199452758;-0.573623777779;0;0;0,54703.46394571732,0.006,2327,0.0001,28.939368188003815,,0.0013627673407618241,0.39632410000012896,ok,same_stridge_core,Hx;D_x^1.761024 H;Hxxx;H*Hxx;H*Hxxx,0.02929090909090909,1.5876362151451553
0.6671790309369797,1.2442316335151882,0.08665171194613115,-1.329302346392579,0;0;-1.32930234639;0.0866517119461;0;0;0;0;-0.0470722199698;0;0;0,60809.20911550165,0.006,2328,0.0001,19.89315863435699,,0.0014864067840144272,0.39677069999970627,ok,same_stridge_core,Hx;D_x^1.244232 H;H*Hxxx,0.024,1.6503958997064914
0.6865738984264278,1.2850208895531003,0.37570540917581724,-1.4725752507654943,0.0276652855536;0;-1.47257525077;0.375705409176;-0.749322732265;0;0;-0.080279149861;0;0;0;0,60340.12901563099,0.006,2329,0.0001,31.097786246468345,,0.0004447176286085519,0.4166030999999748,ok,same_stridge_core,1;Hx;D_x^1.285021 H;Hxxx;H*Hxx,0.018000000000000002,0.9277217386528493
0.6672695420626922,1.760482967004835,0.5682760480583577,-1.2860787995914529,0;0;-1.28607879959;0.568276048058;4.164123129;0;0;-0.0899088027984;-0.57453294719;0;0;0,54677.182431168956,0.006,2330,0.0001,28.92940717927771,,0.0013682084913590748,0.2802249999999731,ok,same_stridge_core,Hx;D_x^1.760483 H;Hxxx;H*Hxx;H*Hxxx,0.027514285714285717,1.5908159636932313
0.6782212286462737,1.919736338904452,0.1545831947067491,-1.2048480152343137,0;0;-1.20484801523;0.154583194707;3.53945114319;0;0;0;-0.499771229756;0;0;0,64102.2916508245,0.006,2331,0.0001,27.24658206997323,,0.001403589693903189,0.38645009999981994,ok,same_stridge_core,Hx;D_x^1.919736 H;Hxxx;H*Hxxx,0.03,1.6056654096434269
0.6718235515156054,1.5874627302777644,0.1280118497939284,-1.267149945483512,0;0;-1.26714994548;0.128011849794;0;0;0;0;0;0;0;0,54698.73937796213,0.006,2332,0.0001,12.700596231193819,,0.001680242163420717,0.38870029999998224,ok,same_stridge_core,Hx;D_x^1.587463 H,0.10200000000000002,1.7608483556013936
0.6433998280594744,1.570243219333679,0.7925464032562538,-1.5455442790467737,0;0;-1.54554427905;0.792546403256;0.177813474681;0;0;-0.482113957992;0;0;0.0361074959006;0,55102.327702975286,0.006,2333,0.0001,29.197683692456586,,0.0013375489901794864,0.1452833999996983,ok,same_stridge_core,Hx;D_x^1.570243 H;Hxxx;H*Hxx;H^2*Hxx,0.018000000000000002,1.6465198409689437
0.565515505394635,1.8368978564885472,-0.34412128030085865,-1.5488935293498078,0;0;-1.54889352935;-0.344121280301;7.71267955778;0;0;0;-1.15868447563;0;0;0,59850.0640268043,0.006,2334,0.0001,27.763829943991983,,0.007954496471161282,0.3851230000000214,ok,same_stridge_core,Hx;D_x^1.836898 H;Hxxx;H*Hxxx,0.07901818181818182,3.82380433327026
0.6778260746592678,1.5887377677594667,0.13904466631805396,-1.2522542013259292,0;0;-1.25225420133;0.139044666318;0;0;0;0;0;0;0;0,54669.2013743753,0.006,2335,0.0001,12.58711906745028,,0.0014796496276065785,0.37805040000012013,ok,same_stridge_core,Hx;D_x^1.588738 H,0.09600000000000002,1.6532787925752206
0.7009316702151084,1.8500299461370038,0.0,-1.1666224599884654,0;0;-1.16662245999;0;0;0;0;0;0;0;0;0,60788.64638192317,0.006,2336,0.0001,8.251402164710408,,0.0023710776967538704,0.3917529000000286,ok,same_stridge_core,Hx,0.031284357747515666,2.17253752651809
0.6617943211936511,1.8050186188388728,1.2754184587492625,-1.3337959799509667,0;0;-1.33379597995;1.27541845875;1.10269450417;0;0;-0.620665556666;0;0;0.0515967641674;0,57465.0477948869,0.006,2337,0.0001,30.44773257539675,,0.0014870348225394568,0.1481708000001163,ok,same_stridge_core,Hx;D_x^1.805019 H;Hxxx;H*Hxx;H^2*Hxx,0.024,1.715208677953301
0.6744345722158042,1.559588630968877,0.1300193253476045,-1.2638386203295793,0;0;-1.26383862033;0.130019325348;0;0;0;0;0;0;0;0,55354.02536443593,0.006,2338,0.0001,12.768584121765656,,0.0015614488801231428,0.38451820000000225,ok,same_stridge_core,Hx;D_x^1.559589 H,0.11640000000000003,1.6977790488784672
0.6727404091667164,1.585239332928312,0.1294802914533916,-1.2651287982944852,0;0;-1.26512879829;0.129480291453;0;0;0;0;0;0;0;0,54750.39764661529,0.006,2339,0.0001,12.692831061302467,,0.0016456727607892054,0.3983981000001222,ok,same_stridge_core,Hx;D_x^1.585239 H,0.10480000000000003,1.742751531979408
0.6574019496448292,1.4173708405687735,0.4984078655593734,-1.5527362755837608,0;0;-1.55273627558;0.498407865559;0;0;0;-0.137891401396;-0.131094037694;0;0;0,58369.41909310887,0.006,2340,0.0001,24.653254775348678,,0.000858478264755599,0.39407880000044315,ok,same_stridge_core,Hx;D_x^1.417371 H;H*Hxx;H*Hxxx,0.06489045769045769,1.3054871381051303
0.5984960689087441,1.5819839862098202,0.8021309859265625,-1.6856011254081829,0;0;-1.68560112541;0.802130985927;-0.286985089873;0;0;-0.209566728627;0;0;0;0,54826.337999262345,0.006,2341,0.0001,24.935300553967778,,0.0046187206483200545,0.14761760000010327,ok,same_stridge_core,Hx;D_x^1.581984 H;Hxxx;H*Hxx,0.055499999999999994,3.0047653542628394
0.713734616840078,1.4118105591677594,0.30568028236269795,-1.2850292817085043,0;0;-1.28502928171;0.305680282363;0;0;0;-0.0514097300341;-0.0701970950828;0;0;0,58468.086596920424,0.006,2342,0.0001,24.314873017554955,,0.00044331683990436385,0.412486600000193,ok,same_stridge_core,Hx;D_x^1.411811 H;H*Hxx;H*Hxxx,0.024,0.9276383787867857
0.7033403943570002,1.8002965762153695,0.23582695922082772,-1.1638588603275166,0;0;-1.16385886033;0.235826959221;0;0;0;0;0;0;0;0,57122.44012259035,0.006,2343,0.0001,12.816917956762769,,0.001040311932841687,0.39983470000015586,ok,same_stridge_core,Hx;D_x^1.800297 H,0.03926315789473683,1.3924299322447
0.6838387841440664,1.2011581024808984,0.2849502436953346,-1.4635800387497497,0.0338719722472;0;-1.46358003875;0.284950243695;0;0;0;-0.0563274113213;-0.114744651809;0;0;0,61247.017617330086,0.006,2344,0.0001,31.64946259402434,,0.0005472411240767345,0.4031124000002819,ok,same_stridge_core,1;Hx;D_x^1.201158 H;H*Hxx;H*Hxxx,0.018000000000000002,1.0259537853592955
0.6551155485813964,1.9583757098329706,0.0,-1.2757194000301626,0;0;-1.27571940003;0;2.42858695145;0;0;0;-0.0121856318808;0;0;-0.0487773671737,64527.48934509734,0.006,2345,0.0001,27.773683026478942,,0.002085444177592335,0.39371959999971295,ok,same_stridge_core,Hx;Hxxx;H*Hxxx;H^2*Hxxx,0.03,1.9626872884400055
0.7045430641061562,1.406368316150376,0.14711477518667712,-1.2196931075186925,0;0;-1.21969310752;0.147114775187;-0.135417080949;0;0;0;0;0;0;0,58563.19685687943,0.006,2346,0.0001,18.7372040652459,,0.000726843626433551,0.4033963000001677,ok,same_stridge_core,Hx;D_x^1.406368 H;Hxxx,0.03,1.1682450081820697
0.6874168786842887,1.8125497574447733,0.1968974607829862,-1.204574179517151,0;0;-1.20457417952;0.196897460783;0;0;0;0;0;0;0;0,58023.40566894947,0.006,2347,0.0001,13.224462867498675,,0.0014141208942762232,0.37603100000023915,ok,same_stridge_core,Hx;D_x^1.81255 H,0.041999999999999996,1.6197817337087812
0.7404252427885829,1.8096689901586478,0.32909759337842265,-1.0689540183235273,0;0;-1.06895401832;0.329097593378;0;0;0;0;0;0;0;0,57808.43993763679,0.006,2348,0.0001,12.626419201155205,,0.000591151131594837,0.2802521000003253,ok,same_stridge_core,Hx;D_x^1.809669 H,0.018000000000000002,1.064731213627846
0.7482588132375185,1.6959676687745533,0.29250575639178705,-1.0693157491698986,0;0;-1.06931574917;0.292505756392;0;0;0;0;0;0;0;0,53104.47729707219,0.006,2349,0.0001,11.605587470552148,,0.0004991443130001831,0.3774441000000479,ok,same_stridge_core,Hx;D_x^1.695968 H,0.02339149605792506,0.9846920111377108
0.6644562809051622,1.1161868509152812,0.07395312069565652,-1.338464834725751,0;0;-1.33846483473;0.0739531206957;0;0;0;0;0;0;0;0,61962.81440458605,0.006,2350,0.0001,14.138984353380941,,0.0016047524105152894,0.41317049999997835,ok,same_stridge_core,Hx;D_x^1.116187 H,0.024,1.7464214724637293
0.6920901094172998,1.7906261586427301,0.20423946303779955,-1.1943456822819836,0;0;-1.19434568228;0.204239463038;0;0;0;0;0;0;0;0,56446.73500837845,0.006,2351,0.0001,12.828161417285171,,0.0012754319935418957,0.39121760000034556,ok,same_stridge_core,Hx;D_x^1.790626 H,0.03528386101915515,1.538814415609481
0.8710147472771093,1.816598682611753,0.5687987023680118,-0.7801333931624164,0;0;-0.780133393162;0.568798702368;0;0;0;0;0;0;0;0,58327.556629919796,0.006,2352,0.0001,13.229400509505172,,0.0012489325354258925,0.38224270000000615,ok,same_stridge_core,Hx;D_x^1.816599 H,0.07174232804232805,1.5638891835212119
0.69740005134453,1.7875464691180731,0.217060800644434,-1.180766976009702,0;0;-1.18076697601;0.217060800644;0;0;0;0;0;0;0;0,56240.515131473345,0.006,2353,0.0001,12.710656040862432,,0.0011504057291882414,0.3798876000000746,ok,same_stridge_core,Hx;D_x^1.787546 H,0.047999999999999994,1.462553014567762
0.6798329422836138,1.4120150678395786,0.4367996491885805,-1.458399351267866,0;0;-1.45839935127;0.436799649189;-0.784163175886;0;0;-0.106509627328;0;0;0;0,58464.48472448187,0.006,2354,0.0001,24.462009977576727,,0.0005835435506505516,0.4128240999998525,ok,same_stridge_core,Hx;D_x^1.412015 H;Hxxx;H*Hxx,0.018000000000000002,1.0762160877839781
0.7049082300012278,1.2331320782225617,0.10871503528512133,-1.2503391113369937,0;0;-1.25033911134;0.108715035285;0;0;0;0;-0.0697531988874;0;0;0,60927.39942484701,0.006,2355,0.0001,19.426954860225134,,0.0006987395653166396,0.3002395999997134,ok,same_stridge_core,Hx;D_x^1.233132 H;H*Hxxx,0.03,1.1487350327710302
0.6114978492300903,1.9582366254930381,0.0,-1.3892079950638978,0;0;-1.38920799506;0;5.40283766679;0;0;0;-0.741425191677;0;0;0,64527.5082129883,0.006,2356,0.0001,22.19099347250452,,0.004397550383942004,0.38206399999990026,ok,same_stridge_core,Hx;Hxxx;H*Hxxx,0.053068717948717946,2.83274100860803
0.61013017568319,1.4807946166608608,0.7631864519572513,-1.7566359792885387,0;0;-1.75663597929;0.763186451957;-0.860650978415;0;0;-0.222848608938;0;0;0;0,57134.982956221385,0.006,2357,0.0001,25.229885838708654,,0.002815872293960719,0.38503320000017993,ok,same_stridge_core,Hx;D_x^1.480795 H;Hxxx;H*Hxx,0.041390756302521,2.375892656220101
0.6715069973417105,1.6324777260772698,0.5488033689330917,-1.3400206315490606,0;0;-1.34002063155;0.548803368933;2.9166720939;0;0;-0.10426864642;-0.418849478377;0;0;0,53731.91778408797,0.006,2358,0.0001,28.263609982856803,,0.0010253695385185582,0.38546320000023115,ok,same_stridge_core,Hx;D_x^1.632478 H;Hxxx;H*Hxx;H*Hxxx,0.018000000000000002,1.3976510908128177
0.6256344105989692,1.71882438087363,1.2510088454529817,-1.5246325434057573,0;0;-1.52463254341;1.25100884545;1.09166259722;0;0;-0.778820902106;0;0;0.0649641795324;0,53326.03181708951,0.006,2359,0.0001,28.80598455406914,,0.0022839678501615696,0.37150389999987965,ok,same_stridge_core,Hx;D_x^1.718824 H;Hxxx;H*Hxx;H^2*Hxx,0.047999999999999994,2.1429686455243835
0.673811166186104,1.57503984417251,0.5775318239946147,-1.3833994055326948,0;0;-1.38339940553;0.577531823995;0;0;0;-0.113353582748;0;0;0;0,54989.27129919943,0.006,2360,0.0001,17.924816285883473,,0.001027783780066752,0.39074369999980263,ok,same_stridge_core,Hx;D_x^1.57504 H;H*Hxx,0.078,1.4280348961236444
0.6538713632444811,1.4522790018575047,0.5505930343862092,-1.5549227096189258,0;0;-1.55492270962;0.550593034386;0;0;0;-0.147562123339;-0.116243562643;0;0;0,57714.86086108019,0.006,2361,0.0001,24.51023315459863,,0.0010183237813558054,0.397132000000056,ok,same_stridge_core,Hx;D_x^1.452279 H;H*Hxx;H*Hxxx,0.018000000000000002,1.4242888101665547
0.7335898604392501,1.3870354627506996,0.17488372825666898,-1.15525571135289,0;0;-1.15525571135;0.174883728257;0;0;0;0;0;0;0;0,58889.54467253597,0.006,2362,0.0001,12.827187265234699,,0.0005645720741002941,0.28503079999973124,ok,same_stridge_core,Hx;D_x^1.387035 H,0.024,1.0492783307275029
0.6791971095364163,1.590544199606922,0.1417220670789619,-1.2486938587565346,0;0;-1.24869385876;0.141722067079;0;0;0;0;0;0;0;0,54627.469172932026,0.006,2363,0.0001,12.555863526277683,,0.0014385005955238185,0.3982685999999376,ok,same_stridge_core,Hx;D_x^1.590544 H,0.09311111111111114,1.630369691691279
0.6838387841440664,1.2011581024808984,0.28495024369533584,-1.4635800387497508,0.0338719722472;0;-1.46358003875;0.284950243695;0;0;0;-0.0563274113213;-0.114744651809;0;0;0,61247.017617330086,0.006,2364,0.0001,31.64946259402434,,0.0005472411240767346,0.0436029000002236,ok,same_stridge_core,1;Hx;D_x^1.201158 H;H*Hxx;H*Hxxx,0.018000000000000002,1.0259537853592953
0.6907677632785375,1.5793469325264027,0.513953098046216,-1.3158774629776888,0;0;-1.31587746298;0.513953098046;3.35709167122;0;0;-0.0923583014208;-0.821352727282;0;0;0.0445929596974,54888.08088296336,0.006,2365,0.0001,34.02103374776447,,0.0006139198171653058,0.2691341999998258,ok,same_stridge_core,Hx;D_x^1.579347 H;Hxxx;H*Hxx;H*Hxxx;H^2*Hxxx,0.012,1.0881852179864502
0.7018305386413985,1.8387102377631477,0.24404142258708134,-1.163417732144652,0;0;-1.16341773214;0.244041422587;0;0;0;0;0;0;0;0,59982.929143866575,0.006,2366,0.0001,13.431253356591256,,0.0011047186385069344,0.37026309999964724,ok,same_stridge_core,Hx;D_x^1.83871 H,0.03677622313671697,1.4346675278179402
0.634772330233282,1.1412118081517224,0.24126370860867066,-1.6823713812795442,0;0;-1.68237138128;0.241263708609;0;0;0;-0.107075987755;-0.279738725914;0;0;0,61770.50654280441,0.006,2367,0.0001,26.225281759109237,,0.00118530402489092,0.3839295000002494,ok,same_stridge_core,Hx;D_x^1.141212 H;H*Hxx;H*Hxxx,0.059136450850736585,1.517079141987471
0.6731117960558689,1.5578341819091484,0.5189555801176896,-1.3813559946655916,0;0;-1.38135599467;0.518955580118;1.98998783485;0;0;-0.109159968335;-0.314808558439;0;0;0,55395.463185333356,0.006,2368,0.0001,28.98728672594244,,0.0008563053960300183,0.29587609999998676,ok,same_stridge_core,Hx;D_x^1.557834 H;Hxxx;H*Hxx;H*Hxxx,0.03,1.2895551332757604
0.6639122900796601,1.7840762294995793,1.1971637716951091,-1.3393145088030651,0;0;-1.3393145088;1.1971637717;1.02614173827;0;0;-0.586134523682;0;0;0.0482689170737;0,56014.14122849375,0.006,2369,0.0001,29.66116028553559,,0.001376687249136413,0.2791352000003826,ok,same_stridge_core,Hx;D_x^1.784076 H;Hxxx;H*Hxx;H^2*Hxx,0.024,1.6540896712887152
0.7027847065036213,1.8502981494474502,0.0,-1.1617263861292573,0;0;-1.16172638613;0;0;0;0;0;0;0;0;0,60807.1380627231,0.006,2370,0.0001,8.26194505117726,,0.0023878547815895904,0.13919669999995676,ok,same_stridge_core,Hx,0.03,2.181231244904952
0.708891101895932,1.8049997930724835,0.25142978530618254,-1.1489285140278331,0;0;-1.14892851403;0.251429785306;0;0;0;0;0;0;0;0,57463.66985955888,0.006,2371,0.0001,12.821003156479541,,0.0009441747873316665,0.3961856999999327,ok,same_stridge_core,Hx;D_x^1.805 H,0.03666666666666666,1.3282691845677648
0.6559454059966228,1.9609714527543929,0.0,-1.277607863706268,0;0;-1.27760786371;0;4.35959973556;0;0;0;-0.649662323826;0;0;0,64525.23543438544,0.006,2372,0.0001,21.31777095289979,,0.0020788293033124714,0.264726200000041,ok,same_stridge_core,Hx;Hxxx;H*Hxxx,0.04534901960784312,1.9602003225841558
0.6925363757074682,1.8767138735488176,0.0,-1.1889951498614209,0;0;-1.18899514986;0;0;0;0;0;0;0;0;0,62441.28123987311,0.006,2373,0.0001,8.3892301561608,,0.0023239904643482055,0.14480920000005426,ok,same_stridge_core,Hx,0.04233333333333337,2.1451020321734893
0.6705502010922686,1.3546896033479636,0.377754464430266,-1.4993323506791585,0;0;-1.49933235068;0.37775446443;0;0;0;-0.104719153861;-0.142673786789;0;0;0,59396.85030113989,0.006,2374,0.0001,24.865906788342883,,0.0006279557133232097,0.4051389000001109,ok,same_stridge_core,Hx;D_x^1.35469 H;H*Hxx;H*Hxxx,0.03524772247844143,1.1071666678869263
0.6912282653867396,1.77792569683555,0.1990216654735127,-1.1979306959454894,0;0;-1.19793069595;0.199021665474;0;0;0;0;0;0;0;0,55630.03888390183,0.006,2375,0.0001,12.67014495532208,,0.0012847665754204744,0.39607410000007803,ok,same_stridge_core,Hx;D_x^1.777926 H,0.047133133797419506,1.5441371785417146
0.6544031953456673,1.5866798594177938,0.7692876513433059,-1.4876031316535057,0;0;-1.48760313165;0.769287651343;0.230108006033;0;0;-0.434126754869;0;0;0.0322652546092;0,54716.906647537035,0.006,2376,0.0001,28.879946294887798,,0.0011437415311518675,0.2961801999999807,ok,same_stridge_core,Hx;D_x^1.58668 H;Hxxx;H*Hxx;H^2*Hxx,0.018000000000000002,1.5214929711192793
0.6693963349285195,1.6098076695371564,0.12538796908445485,-1.2708644736336312,0;0;-1.27086447363;0.125387969084;0;0;0;0;0;0;0;0,54194.43760987246,0.006,2377,0.0001,12.656662466205725,,0.0017908795182861243,0.3779104999998708,ok,same_stridge_core,Hx;D_x^1.609808 H,0.10200000000000002,1.8177749442312334
0.657495521673962,1.3949200876310415,0.4710914565268796,-1.559785250795708,0;0;-1.5597852508;0.471091456527;0;0;0;-0.134195211179;-0.142726194524;0;0;0,58758.59727747516,0.006,2378,0.0001,24.772327220859705,,0.0008137744687329612,0.3829388999997718,ok,same_stridge_core,Hx;D_x^1.39492 H;H*Hxx;H*Hxxx,0.04787589077589074,1.268888309869642
0.6342740580892705,1.1689954826704956,0.2697323357773916,-1.6931531312962902,0;0;-1.6931531313;0.269732335777;0;0;0;-0.115635246303;-0.276114936933;0;0;0,61539.43932675507,0.006,2379,0.0001,26.103421248454904,,0.00113916365381084,0.3871777999997903,ok,same_stridge_core,Hx;D_x^1.168995 H;H*Hxx;H*Hxxx,0.05911393368536225,1.4876455177528751
0.6844820892495815,1.1810031336249924,0.28716423596146184,-1.4950621560618873,0.0295755802806;0;-1.49506215606;0.287164235961;0;0;0;0.110608969457;-0.199451879678;0;-0.0213710698872;0,61433.514662443034,0.006,2380,0.0001,37.764685657577665,,0.000422571964912762,0.4020264999999199,ok,same_stridge_core,1;Hx;D_x^1.181003 H;H*Hxx;H*Hxxx;H^2*Hxx,0.018000000000000002,0.90457686011184
0.6639941852735052,1.5773177546666628,0.5436084967284125,-1.3997715984567343,0;0;-1.39977159846;0.543608496728;2.54573682386;0;0;-0.117129665291;-0.388454178122;0;0;0,54935.706757579435,0.006,2381,0.0001,28.909522381609506,,0.0010795928900736193,0.27113779999990584,ok,same_stridge_core,Hx;D_x^1.577318 H;Hxxx;H*Hxx;H*Hxxx,0.05925,1.4416690028197876
0.7043760880163821,1.4399715713456178,0.1540638814692475,-1.2131695164230203,0;0;-1.21316951642;0.154063881469;-0.0813094401942;0;0;0;0;0;0;0,57952.60023171661,0.006,2382,0.0001,18.566984452415003,,0.000743465011155123,0.39907899999980145,ok,same_stridge_core,Hx;D_x^1.439972 H;Hxxx,0.023328879678950733,1.1812043829000167
0.7498228823958045,1.0672735398593374,0.0,-1.0203019908340325,0;0;-1.02030199083;0;0.0522608298344;0;0;0.0579650772161;0;0;0;0,62299.11588808601,0.006,2383,0.0001,19.967609421062264,,0.00084183296792872,0.3937363000000005,ok,same_stridge_core,Hx;Hxxx;H*Hxx,0.024,1.2778746546364579
0.6928828086937029,1.7739244596688903,0.20224754019674704,-1.1940267708102528,0;0;-1.19402677081;0.202247540197;0;0;0;0;0;0;0;0,55392.86801225353,0.006,2384,0.0001,12.59641970287941,,0.0012409129708428994,0.44561990000011065,ok,same_stridge_core,Hx;D_x^1.773924 H,0.04864423076923077,1.5178461004287047
0.6054651889102385,1.4813012845510294,0.7829850318444606,-1.78008395231656,0;0;-1.78008395232;0.782985031844;-0.886197323422;0;0;-0.231083357984;0;0;0;0,57124.31958700502,0.006,2385,0.0001,25.33052688600464,,0.0030711849585944337,0.46611269999993965,ok,same_stridge_core,Hx;D_x^1.481301 H;Hxxx;H*Hxx,0.08599999999999998,2.480799051202634
0.7167977280905892,1.330303244744238,0.24050071725329722,-1.2888492736737562,0;0;-1.28884927367;0.240500717253;0;0;0;0.110054558753;-0.135041623793;0;-0.0182253119011;0,59749.101432839896,0.006,2386,0.0001,30.729334851464216,,0.0003770069007919641,0.421227700000145,ok,same_stridge_core,Hx;D_x^1.330303 H;H*Hxx;H*Hxxx;H^2*Hxx,0.012,0.8547841350442665
0.7070788288454178,1.8075258748961784,0.24768242853360337,-1.1533028053696057,0;0;-1.15330280537;0.247682428534;0;0;0;0;0;0;0;0,57649.55330406281,0.006,2387,0.0001,12.881025795082337,,0.0009778167306400808,0.4419121000000814,ok,same_stridge_core,Hx;D_x^1.807526 H,0.05998981859410431,1.3511151342697754
0.7098643031819765,1.1916507556638782,0.10925564736107019,-1.2294403552338962,0;0;-1.22944035523;0.109255647361;0;0;0;0;0;0;0;0,61336.37592652983,0.006,2388,0.0001,13.567121386886289,,0.0008498222959874034,0.39675660000011703,ok,same_stridge_core,Hx;D_x^1.191651 H,0.04810714285714284,1.2998462015803218
0.4905981434271339,1.803474021975104,0.0,-1.9516138875510762,0.0985878990733;-0.0343696710815;-1.95161388755;0;4.13359510771;0;0;-1.18095825279;-0.58777866456;0;0.113709521511;0,57352.23005207514,0.006,2389,0.0001,45.511442515715494,,0.014621042327022963,0.4070645000001605,ok,same_stridge_core,1;H;Hx;Hxxx;H*Hxx;H*Hxxx;H^2*Hxx,0.03,5.364881479262893
0.6738939132718905,1.6181094040860156,0.5946788243477621,-1.3610797792332514,0;0;-1.36107977923;0.594678824348;0;0;0;-0.109534452253;0;0;0;0,54017.464273995065,0.006,2390,0.0001,17.70898329065433,,0.0011533187872704426,0.408445699999902,ok,same_stridge_core,Hx;D_x^1.618109 H;H*Hxx,0.072,1.503744008455811
0.6258374952430772,1.7238278071437492,1.2651112122406802,-1.5202564538941599,0;0;-1.52025645389;1.26511121224;1.11368223843;0;0;-0.78354206919;0;0;0.0654590722704;0,53419.8756324247,0.006,2391,0.0001,28.857767003077715,,0.002295873429965403,0.4229800000002797,ok,same_stridge_core,Hx;D_x^1.723828 H;Hxxx;H*Hxx;H^2*Hxx,0.047999999999999994,2.147829186865366
0.6501002167427379,1.3783867744794878,0.4769192670899212,-1.6038290322745956,0;0;-1.60382903227;0.47691926709;0;0;0;-0.143764912366;-0.161932615172;0;0;0,59029.840367073884,0.006,2392,0.0001,24.946722540439325,,0.0009007736852531256,0.3966841999999815,ok,same_stridge_core,Hx;D_x^1.378387 H;H*Hxx;H*Hxxx,0.02632275724275724,1.3347863936097697
0.6788758089526883,1.5862322426306832,0.5207567619858418,-1.3441280296183902,0;0;-1.34412802962;0.520756761986;2.1409529568;0;0;-0.10141388846;-0.322518909353;0;0;0,54727.305435910785,0.006,2393,0.0001,28.61101382714053,,0.0008041974883082465,0.39553479999995034,ok,same_stridge_core,Hx;D_x^1.586232 H;Hxxx;H*Hxx;H*Hxxx,0.04733333333333337,1.2473611091851338
0.6967194802329868,1.8630281382427771,0.0,-1.177808404226845,0;0;-1.17780840423;0;0;0;0;0;0;0;0;0,61644.55574197309,0.006,2394,0.0001,8.32069704236174,,0.0023413964371374794,0.39486699999997654,ok,same_stridge_core,Hx,0.04440000000000002,2.1562414681644304
0.6928414940706367,1.847117530760986,0.0,-1.1881765436765035,0;0;-1.18817654368;0;0;0;0;0;0;0;0;0,60585.89525158079,0.006,2395,0.0001,8.204326879752744,,0.002324841237556363,0.3835837999999967,ok,same_stridge_core,Hx,0.04250000000000004,2.1457373545946643
0.7156864160606073,1.478076036944501,0.17746408496139468,-1.1793321939741646,0;0;-1.17933219397;0.177464084961;0;0;0;0;0;0;0;0,57191.99125029844,0.006,2396,0.0001,12.52398221655098,,0.0006208588826568479,0.38402729999961593,ok,same_stridge_core,Hx;D_x^1.478076 H,0.029288932214799425,1.0855839664912916
0.6651515973327851,1.5607889594596638,0.536020353862331,-1.4071953659314507,0;0;-1.40719536593;0.536020353862;2.29112397179;0;0;-0.117529809549;-0.359199691843;0;0;0,55325.66804296636,0.006,2397,0.0001,29.06600746375607,,0.0010179987994071054,0.39195650000010573,ok,same_stridge_core,Hx;D_x^1.560789 H;Hxxx;H*Hxx;H*Hxxx,0.036,1.4031734422728865
0.6728041758583068,1.1446028523568132,0.08179934907249045,-1.316767891885708,0;0;-1.31676789189;0.0817993490725;0;0;0;0;0;0;0;0,61743.31813008396,0.006,2398,0.0001,13.961190052355715,,0.0013603764232108049,0.37530580000020564,ok,same_stridge_core,Hx;D_x^1.144603 H,0.053090349650349644,1.6125264263389223
0.6574965886072793,1.5966633235875856,0.7725702906025594,-1.4688832628903834,0;0;-1.46888326289;0.772570290603;0.270395389032;0;0;-0.426403033722;0;0;0.031771278385;0,54487.29065139517,0.006,2399,0.0001,28.73810085213075,,0.0011039403619491814,0.40792199999987133,ok,same_stridge_core,Hx;D_x^1.596663 H;Hxxx;H*Hxx;H^2*Hxx,0.018000000000000002,1.4944555264331636
0.7027847065036213,1.569467958719678,0.17829314760476464,-1.1949491853864147,0;0;-1.19494918539;0.178293147605;0;0;0;0;0;0;0;0,55120.626169452386,0.006,2400,0.0001,12.284067724174369,,0.0008504489127269243,0.2880801999999676,ok,same_stridge_core,Hx;D_x^1.569468 H,0.08819153439153443,1.2599424902838912
0.6727001297916266,1.3861812606772352,0.40792965239731976,-1.4836565206992007,0;0;-1.4836565207;0.407929652397;0;0;0;-0.107687472596;-0.126511718572;0;0;0,58903.55556336552,0.006,2401,0.0001,24.665912627051643,,0.0006213861945405352,0.2995599000000766,ok,same_stridge_core,Hx;D_x^1.386181 H;H*Hxx;H*Hxxx,0.02400345238095238,1.104490401705434
0.6946162498630353,1.5988316013328832,0.17021499050772998,-1.2103287668828797,0;0;-1.21032876688;0.170214990508;0;0;0;0;0;0;0;0,54438.124923298594,0.006,2402,0.0001,12.27632570501982,,0.0010384456965419509,0.3978655000000799,ok,same_stridge_core,Hx;D_x^1.598832 H,0.078,1.3887007203601005
0.685807813296766,1.603611284326224,0.5639840160725059,-1.3279710303749974,0;0;-1.32797103037;0.563984016073;0;0;0;-0.0994111714639;0;0;0;0,54330.85170994544,0.006,2403,0.0001,17.5941848789008,,0.0008482354048615565,0.4100373999999647,ok,same_stridge_core,Hx;D_x^1.603611 H;H*Hxx,0.05999999999999999,1.2949293659171661
0.6920624317386833,1.173270566904952,0.09618959710751508,-1.2704041203106065,0;0;-1.27040412031;0.0961895971075;0;0;0;0;0;0;0;0,61502.158395872706,0.006,2404,0.0001,13.690433133571778,,0.0009891403602148754,0.4205885000001217,ok,same_stridge_core,Hx;D_x^1.173271 H,0.0841090909090909,1.3900014543972357
0.6811747968018326,1.6009303751468456,0.5433299933030166,-1.3349747937538463,0;0;-1.33497479375;0.543329993303;4.06498979213;0;0;-0.100764087695;-0.943972680506;0;0;0.0483572005358,54390.8230763103,0.006,2405,0.0001,33.852054204977726,,0.0007757874187065207,0.43001219999996465,ok,same_stridge_core,Hx;D_x^1.60093 H;Hxxx;H*Hxx;H*Hxxx;H^2*Hxxx,0.012,1.2175603591915471
0.6826491805681583,1.551776679538482,0.49703803229263815,-1.3521224525971858,0;0;-1.3521224526;0.497038032293;1.61177727206;0;0;-0.0993129737545;-0.260337518404;0;0;0,55538.34245439878,0.006,2406,0.0001,28.935231927270383,,0.0006960820485022433,0.14386759999979404,ok,same_stridge_core,Hx;D_x^1.551777 H;Hxxx;H*Hxx;H*Hxxx,0.039230769230769236,1.166060700070993
0.7093643388663542,1.603611284326224,0.5131367969249352,-1.2497975030817219,0;0;-1.24979750308;0.513136796925;0;0;0;-0.0770834188445;0;0;0;0,54330.85170994544,0.006,2407,0.0001,17.318775480647844,,0.000520960531602909,0.03059849999999642,ok,same_stridge_core,Hx;D_x^1.603611 H;H*Hxx,0.047133143887270856,1.0195199676642102
0.6643044394719751,1.6815448187136863,0.5651645694269908,-1.333764288827867,0;0;-1.33376428883;0.565164569427;3.67651678679;0;0;-0.10380471353;-0.516341480931;0;0;0,53115.10414672754,0.006,2408,0.0001,28.117372241010816,,0.0012963734280775987,0.1343618000000788,ok,same_stridge_core,Hx;D_x^1.681545 H;Hxxx;H*Hxx;H*Hxxx,0.024,1.559820167647043
0.7024074788511562,1.2200805494829856,0.11149438790781241,-1.2436207846893885,0;0;-1.24362078469;0.111494387908;0;0;0;0;0;0;0;0,61061.51756731102,0.006,2409,0.0001,13.49342445743175,,0.0008375024098941574,0.38994059999959063,ok,same_stridge_core,Hx;D_x^1.220081 H,0.05399999999999999,1.281120943969545
0.6042858470063804,1.148297018365365,0.31825653561579836,-1.8790038043834703,0;0;-1.87900380438;0.318256535616;0;0;0;-0.159272232826;-0.362919595242;0;0;0,61713.38776379844,0.006,2410,0.0001,26.52098906886248,,0.001718603212779292,0.37483530000008614,ok,same_stridge_core,Hx;D_x^1.148297 H;H*Hxx;H*Hxxx,0.07150216450216454,1.8356339633431025
0.6288717928678356,1.3131428728571095,0.46457029126751703,-1.738918750986335,0;0;-1.73891875099;0.464570291268;0;0;0;-0.166721881655;-0.234337771181;0;0;0,59982.360464643534,0.006,2411,0.0001,25.514119280393796,,0.0011739713155442604,0.38063599999986764,ok,same_stridge_core,Hx;D_x^1.313143 H;H*Hxx;H*Hxxx,0.030787844611528826,1.5211750945363818
0.6605299728836839,1.5526608556155357,0.5428610482394906,-1.429436204401498,0;0;-1.4294362044;0.542861048239;2.33552292939;0;0;-0.123457546034;-0.371180998764;0;0;0,55517.5123674636,0.006,2412,0.0001,29.21908334245225,,0.001102290833835068,0.27045279999993,ok,same_stridge_core,Hx;D_x^1.552661 H;Hxxx;H*Hxx;H*Hxxx,0.07127472527472535,1.4603271587204518
0.7078782082609872,1.8265366090066386,0.25629058007431743,-1.1489260518925921,0;0;-1.14892605189;0.256290580074;0;0;0;0;0;0;0;0,59077.43897608979,0.006,2413,0.0001,13.168902618305886,,0.0009807266162265998,0.38748560000021826,ok,same_stridge_core,Hx;D_x^1.826537 H,0.035400000000000015,1.3534148230879284
0.6234398943418504,1.8003211898235432,0.6816540596627613,-1.5542662291400084,0;0;-1.55426622914;0.681654059663;2.46604350851;0;0.0311317139785;-0.64847350255;-0.0884783194746;0;0.0658166897477;0,57124.20529635013,0.006,2414,0.0001,42.18621439601157,,0.0024914561232005634,0.1529789000001074,ok,same_stridge_core,Hx;D_x^1.800321 H;Hxxx;H*Hx;H*Hxx;H*Hxxx;H^2*Hxx,0.018000000000000002,2.1992706885664757
0.6811747968018326,1.6009303751468456,0.5433299933030166,-1.3349747937538463,0;0;-1.33497479375;0.543329993303;4.06498979213;0;0;-0.100764087695;-0.943972680506;0;0;0.0483572005358,54390.8230763103,0.006,2415,0.0001,33.852054204977726,,0.0007757874187065207,0.03281599999991158,ok,same_stridge_core,Hx;D_x^1.60093 H;Hxxx;H*Hxx;H*Hxxx;H^2*Hxxx,0.012409090909090913,1.2175603591915471
0.7101872478857967,1.859682612566988,0.27500744794074566,-1.1388533635851916,0;0;-1.13885336359;0.275007447941;0;0;0;0;0;0;0;0,61432.650695322234,0.006,2416,0.0001,13.633965715354648,,0.0009709193244269171,0.41435580000006667,ok,same_stridge_core,Hx;D_x^1.859683 H,0.024,1.3474355762902013
0.6740725319163707,1.5812639631993366,0.5805057830075451,-1.379498337012117,0;0;-1.37949833701;0.580505783008;0;0;0;-0.112820708594;0;0;0;0,54843.178399503995,0.006,2417,0.0001,17.887485666169564,,0.0010387824045345916,0.4123026000002028,ok,same_stridge_core,Hx;D_x^1.581264 H;H*Hxx,0.084,1.4345321463183656
0.6384506211166187,1.3092481957950395,0.42675586078729943,-1.6825409831686444,0;0;-1.68254098317;0.426755860787;0;0;0;-0.148437631909;-0.217677242635;0;0;0,60033.68732023645,0.006,2418,0.0001,25.41213589889454,,0.0009965108740981844,0.430418699999791,ok,same_stridge_core,Hx;D_x^1.309248 H;H*Hxx;H*Hxxx,0.04259140647712076,1.39866097079996
0.6473259165716638,1.316368258430154,0.40670390589260946,-1.630481074524257,0;0;-1.63048107452;0.406703905893;0;0;0;-0.134712767199;-0.197640894383;0;0;0,59939.40705373528,0.006,2419,0.0001,25.280266466138485,,0.0008689556988149094,0.4320559000002504,ok,same_stridge_core,Hx;D_x^1.316368 H;H*Hxx;H*Hxxx,0.041246352941176435,1.3045036446443719
0.6476499795453369,1.9869877406850247,0.0,-1.2953262092545155,0;0;-1.29532620925;0;3.27520844559;0;0;0;-0.249462564754;0;0;-0.0317910921137,64327.95247333483,0.006,2420,0.0001,27.801640091712862,,0.002333578699991882,0.4558569000000716,ok,same_stridge_core,Hx;Hxxx;H*Hxxx;H^2*Hxxx,0.03480000000000001,2.0704591023789303
0.7625663796160593,1.681305853055731,0.31012620968187504,-1.0394705940026785,0;0;-1.039470594;0.310126209682;0;0;0;0;0;0;0;0,53116.11235542773,0.006,2421,0.0001,11.6043164602641,,0.0004895634478710934,0.43156500000031883,ok,same_stridge_core,Hx;D_x^1.681306 H,0.07707878787878791,0.9810939891785535
0.7335898604392501,1.4345206800126864,0.1874209660413817,-1.147441509169917,0;0;-1.14744150917;0.187420966041;0;0;0;0;0;0;0;0,58055.46256675838,0.006,2422,0.0001,12.624509484333394,,0.000529442692807078,0.296105400000215,ok,same_stridge_core,Hx;D_x^1.434521 H,0.036,1.013416970981718
0.667066076508452,1.5733477121831951,0.5366257121525833,-1.3919436872932707,0;0;-1.39194368729;0.536625712153;2.38882108443;0;0;-0.114315787057;-0.366793294183;0;0;0,55029.11852539392,0.006,2423,0.0001,28.90629339366526,,0.0010038080243436826,0.41400510000039503,ok,same_stridge_core,Hx;D_x^1.573348 H;Hxxx;H*Hxx;H*Hxxx,0.05925,1.391734130968298
0.6436876787076624,1.3232317487896774,0.4277105163621683,-1.6506571965384027,0;0;-1.65065719654;0.427710516362;0;0;0;-0.142759341451;-0.201018536502;0;0;0,59846.64421729818,0.006,2424,0.0001,25.287375391575182,,0.0009263844817594735,0.43688620000011724,ok,same_stridge_core,Hx;D_x^1.323232 H;H*Hxx;H*Hxxx,0.02425351066217732,1.348717704655912
0.6907677632785375,1.4176988589567643,0.1362634085917707,-1.2441847746584995,0;0;-1.24418477466;0.136263408592;0;0;0;0;0;0;0;0,58363.55106158482,0.006,2425,0.0001,13.025614879946303,,0.0009800122556211015,0.31094789999997374,ok,same_stridge_core,Hx;D_x^1.417699 H,0.036,1.35290466762934
0.6619325037073477,1.4644073344700537,0.5498413517558814,-1.5167184161143201,0;0;-1.51671841611;0.549841351756;-0.655749964137;0;0;-0.137897502494;0;0;0;0,57473.14992345067,0.006,2426,0.0001,24.361535560079133,,0.0009370119314419695,0.2936331999999311,ok,same_stridge_core,Hx;D_x^1.464407 H;Hxxx;H*Hxx,0.03538352941176469,1.372275590698861
0.6695660920034366,1.508313712535382,0.0,-1.2518282440031796,0;0;-1.251828244;0;0;0;0;0;0;0;0;0,56538.64010846832,0.006,2427,0.0001,7.84014315318293,,0.0024684964155921763,0.4191706999999951,ok,same_stridge_core,Hx,0.11700000000000003,2.1862791423360974
0.6527777189414663,1.3020066481460375,0.3711312660635669,-1.600064787695796,0;0;-1.6000647877;0.371131266064;0;0;0;-0.121755717952;-0.193775511055;0;0;0,60127.576899420084,0.006,2428,0.0001,25.297483936955313,,0.0007970796108724361,0.4298205999998572,ok,same_stridge_core,Hx;D_x^1.302007 H;H*Hxx;H*Hxxx,0.02992301341589267,1.246453177187276
0.7122905893486735,1.2380195092902602,0.11396217841439224,-1.2341847108333541,0;0;-1.23418471083;0.113962178414;0;0;0;0;-0.072246187757;0;0;0,60875.83277952868,0.006,2429,0.0001,19.377597179101024,,0.0006523913969400354,0.4125088999999207,ok,same_stridge_core,Hx;D_x^1.23802 H;H*Hxxx,0.023328981858870397,1.1148473452424186
0.6035964300157339,1.5599977107052927,0.9745821382711196,-1.7404970175852774,0;0;-1.74049701759;0.974582138271;0.240555321586;0;0;-0.726622489142;0;0;0.0570643965892;0,55344.36236489122,0.006,2430,0.0001,29.918507806736088,,0.0024799710413606663,0.41465859999971144,ok,same_stridge_core,Hx;D_x^1.559998 H;Hxxx;H*Hxx;H^2*Hxx,0.037911111111111104,2.246326624290478
0.6888496028176176,1.7564002062507083,0.18836843089629282,-1.2063777419969766,0;0;-1.206377742;0.188368430896;0;0;0;0;0;0;0;0,54486.10245323093,0.006,2431,0.0001,12.46455917416032,,0.0013247969079307823,0.4062832999998136,ok,same_stridge_core,Hx;D_x^1.7564 H,0.04137058823529407,1.5673386835141319
0.6819081219018328,1.5935193742359721,0.567796055463283,-1.3460258041919875,0;0;-1.34602580419;0.567796055463;0;0;0;-0.103890976463;0;0;0;0,54559.06951227392,0.006,2432,0.0001,17.702814793323395,,0.0009005559353023833,0.41486600000007456,ok,same_stridge_core,Hx;D_x^1.593519 H;H*Hxx,0.06599999999999999,1.33509393964122
0.6233772866223536,1.5275015993257932,0.8106209695850217,-1.6644234440218857,0;0;-1.66442344402;0.810620969585;0;0;0;-0.555805463643;0;0;0.0415735425636;0,56104.14526168358,0.006,2433,0.0001,24.314621623115492,,0.0017263281030825378,0.40480569999999716,ok,same_stridge_core,Hx;D_x^1.527502 H;H*Hxx;H^2*Hxx,0.024,1.872963518442061
0.5609806726185321,1.8797263011165766,-0.9722453273087538,-2.031864198958265,0;0;-2.03186419896;-0.972245327309;-0.00725668638381;0;0.102452530713;-0.717293989957;0.518310117887;0;0.105470481817;0,62600.342322318495,0.006,2434,0.0001,47.1662605471232,,0.005876862635718237,0.4150579999995898,ok,same_stridge_core,Hx;D_x^1.879726 H;Hxxx;H*Hx;H*Hxx;H*Hxxx;H^2*Hxx,0.04990588235294114,3.346020921500246
0.6316296816396499,1.8344723636353737,0.0,-1.578477203021193,0;0;-1.57847720302;0;1.48805882428;0;0.0513369947674;-0.4488827227;0.084902734326;0;0.0575561327917;0,59670.982405344905,0.006,2435,0.0001,37.87561439040079,,0.0022574000047071692,0.41524470000013025,ok,same_stridge_core,Hx;Hxxx;H*Hx;H*Hxx;H*Hxxx;H^2*Hxx,0.018000000000000002,2.0730249471938422
0.6521464645229809,1.6629095236904268,0.9381831129615376,-1.4539258934255455,0;0;-1.45392589343;0.938183112962;0.63150083322;0;0;-0.531376668216;0;0;0.0420551284955;0,53262.66917451431,0.006,2436,0.0001,28.282693539478498,,0.0013504994020152713,0.4160788999997749,ok,same_stridge_core,Hx;D_x^1.66291 H;Hxxx;H*Hxx;H^2*Hxx,0.02939999999999999,1.6513589522213385
0.6267098393731694,1.3765041817150772,0.5611391133554833,-1.734439548076072,0;0;-1.73443954808;0.561139113355;0;0;0;-0.185238979148;-0.199521261896;0;0;0,59059.9225233281,0.006,2437,0.0001,25.286549889372303,,0.0013895629640989877,0.15838080000003174,ok,same_stridge_core,Hx;D_x^1.376504 H;H*Hxx;H*Hxxx,0.024,1.662580880041059
0.6349622343904657,1.8026288419767256,0.0,-1.329359652199623,0;0;-1.3293596522;0;4.83803714401;0;0;0;-0.691676377994;0;0;0,57290.7884718778,0.006,2438,0.0001,19.481326364112547,,0.0028819121231445158,0.41373990000010963,ok,same_stridge_core,Hx;Hxxx;H*Hxxx,0.05236607142857142,2.2940898225492066
0.6417394069483647,1.8100668212901674,0.0,-1.312464547679391,0;0;-1.31246454768;0;4.6808024227;0;0;0;-0.677855673425;0;0;0,57838.03714340413,0.006,2439,0.0001,19.520642484784176,,0.002570609188144494,0.15477160000000367,ok,same_stridge_core,Hx;Hxxx;H*Hxxx,0.041999999999999996,2.1692313417629348
0.659722535155476,1.2991408773131043,0.34616647473347384,-1.5608181568184436,0;0;-1.56081815682;0.346166474733;0;0;0;-0.109430583328;-0.182068745268;0;0;0,60164.185760746266,0.006,2440,0.0001,25.253127846320186,,0.000725918966507299,0.15818669999998747,ok,same_stridge_core,Hx;D_x^1.299141 H;H*Hxx;H*Hxxx,0.030798906989696468,1.1874535420216783
0.6675202632521424,1.5704036178035137,0.0,-1.2575410567256324,0;0;-1.25754105673;0;0;0;0;0;0;0;0;0,55098.54393975747,0.006,2441,0.0001,7.708902810864815,,0.0025031385069897577,0.40661050000016985,ok,same_stridge_core,Hx,0.15000000000000005,2.199048416889069
0.7083480606073962,1.3211835919686885,0.22875001276739998,-1.3066924820379369,0;0;-1.30669248204;0.228750012767;0;0;0;-0.0399792653458;-0.0974568291832;0;0;0,59874.52097006523,0.006,2442,0.0001,24.94763690721943,,0.000517621699471597,0.4257854000002226,ok,same_stridge_core,Hx;D_x^1.321184 H;H*Hxx;H*Hxxx,0.024,0.9978285191933389
0.6629235174888859,1.4532882415908943,0.5367100926351632,-1.5192370850139902,0;0;-1.51923708501;0.536710092635;-0.705966443964;0;0;-0.136148196277;0;0;0;0,57695.0288489898,0.006,2443,0.0001,24.412672746829532,,0.0008864709597595243,0.41610569999966174,ok,same_stridge_core,Hx;D_x^1.453288 H;Hxxx;H*Hxx,0.018000000000000002,1.3346612072336108
0.6724574789949037,1.5852523378005483,0.5312589043005713,-1.365947262874067,0;0;-1.36594726287;0.531258904301;2.34962237927;0;0;-0.10778082454;-0.354521074727;0;0;0,54750.095515171626,0.006,2444,0.0001,28.70568396405158,,0.0009180416583211817,0.4073865999998816,ok,same_stridge_core,Hx;D_x^1.585252 H;Hxxx;H*Hxx;H*Hxxx,0.06737142857142861,1.3306362064657669
0.6497873394195868,1.4122496685079005,0.5200867999328185,-1.5938747991191753,0;0;-1.59387479912;0.520086799933;0;0;0;-0.149958497214;-0.143624043918;0;0;0,58460.34891095675,0.006,2445,0.0001,24.78147418459329,,0.000982372059956413,0.42613889999984167,ok,same_stridge_core,Hx;D_x^1.41225 H;H*Hxx;H*Hxxx,0.03,1.397334620210587
0.649950579700849,1.5450571723074362,0.0,-1.3074022955453624,0;0;-1.30740229555;0;0;0;0;0;0;0;0;0,55696.269750771826,0.006,2446,0.0001,7.94197015235315,,0.002969168957903007,0.15743129999964367,ok,same_stridge_core,Hx,0.15000000000000005,2.372343177275967
0.6786255692446639,1.5889044134687282,0.573253329912228,-1.3596622539722942,0;0;-1.35966225397;0.573253329912;0;0;0;-0.107547055986;0;0;0;0,54665.34482422507,0.006,2447,0.0001,17.77628452714218,,0.0009573737489964641,0.4253545999999915,ok,same_stridge_core,Hx;D_x^1.588904 H;H*Hxx,0.072,1.3766810798746585
0.6787408619301833,1.5664136151204842,0.511902480441046,-1.3566094537201807,0;0;-1.35660945372;0.511902480441;1.91227129504;0;0;-0.102720874283;-0.298068891439;0;0;0,55192.758890292214,0.006,2448,0.0001,28.82404145223657,,0.000775490931488856,0.4239431999999397,ok,same_stridge_core,Hx;D_x^1.566414 H;Hxxx;H*Hxx;H*Hxxx,0.0652,1.2276620070904625
0.7087671167439545,1.4172805281242855,0.3267879300441865,-1.306994950714,0;0;-1.30699495071;0.326787930044;0;0;0;-0.0593947123916;-0.0736210352084;0;0;0,58371.033438259525,0.006,2449,0.0001,24.276333862272935,,0.0004424903081479147,0.4128491000001304,ok,same_stridge_core,Hx;D_x^1.417281 H;H*Hxx;H*Hxxx,0.024,0.9279204869691234
0.6355713166986046,1.5249646102196552,0.7479252113232141,-1.6049923484111015,0;0;-1.60499234841;0.747925211323;0;0;0;-0.479863184145;0;0;0.0351509782177;0,56162.35261592102,0.006,2450,0.0001,24.15794833075745,,0.0014120708882387751,0.40755600000011327,ok,same_stridge_core,Hx;D_x^1.524965 H;H*Hxx;H^2*Hxx,0.018000000000000002,1.6930072843890394
0.8002491618755445,1.8238330356286865,0.462104088670549,-0.9263639529798705,0;0;-0.92636395298;0.462104088671;0;0;0;0;0;0;0;0,58873.584155193246,0.006,2451,0.0001,12.887240939393573,,0.0006206570399546489,0.14920960000017658,ok,same_stridge_core,Hx;D_x^1.823833 H,0.047999999999999994,1.112524108354924
0.7275550963582271,1.9490445469613833,0.0,-1.0809652638112357,0;0;-1.08096526381;0;0;0;0;0.0487677008918;0;0;0;0,64506.10518206567,0.006,2452,0.0001,14.238763794558338,,0.0009383767075886888,0.4096578000003319,ok,same_stridge_core,Hx;H*Hxx,0.02339256947515849,1.3375427581452035
0.6607976137917302,1.8984989453467385,0.03872179817213813,-1.4414205044985264,0;0;-1.4414205045;0.0387217981721;1.50527342627;0;0.0407154706483;-0.284810497456;0.0139953159871;0;0.0382438752135;0,63448.13268794609,0.006,2453,0.0001,46.06505461540236,,0.0014401303662640278,0.4168141000000105,ok,same_stridge_core,Hx;D_x^1.898499 H;Hxxx;H*Hx;H*Hxx;H*Hxxx;H^2*Hxx,0.013280382775119625,1.6513617338400914
0.7224955623669264,1.9395240434023884,-0.015195654539023568,-1.1058978536889357,0.0491587629471;-0.0139460890084;-1.10589785369;-0.015195654539;0;0;0;0;0.17724373857;0;0;-0.0258242566872,64433.63822971452,0.006,2454,0.0001,39.66057795741329,,0.0005004589919820044,0.396229900000435,ok,same_stridge_core,1;H;Hx;D_x^1.939524 H;H*Hxxx;H^2*Hxxx,0.006,1.0003950195845737
0.6766726725353625,1.8042719881102038,0.5800314684126552,-1.2422514684198034,0;0;-1.24225146842;0.580031468413;4.06039488633;0;0;-0.0796708010566;-0.555157539077;0;0;0,57410.429006620325,0.006,2455,0.0001,30.192003176049738,,0.001199636002399408,0.1537386999998489,ok,same_stridge_core,Hx;D_x^1.804272 H;Hxxx;H*Hxx;H*Hxxx,0.019650793650793655,1.4867886727395767
0.6634921376814206,1.570448598183668,0.0,-1.26884569995023,0;0;-1.26884569995;0;0;0;0;0;0;0;0;0,55097.481840862674,0.006,2456,0.0001,7.73846913028167,,0.0025827938284248364,0.4100850999998329,ok,same_stridge_core,Hx,0.15000000000000005,2.228720946195402
0.6713633317141572,1.8590733506445327,0.12014479548700235,-1.2271507182693293,0;0;-1.22715071827;0.120144795487;3.6738117094;0;0;0;-0.518807361147;0;0;0,61393.39289998588,0.006,2457,0.0001,26.244748233760625,,0.001552709624083387,0.42151800000010553,ok,same_stridge_core,Hx;D_x^1.859073 H;Hxxx;H*Hxxx,0.024,1.6873910737662727
0.6976065787013278,1.7519740440999152,0.20834683059545836,-1.1842462971651453,0;0;-1.18424629717;0.208346830595;0;0;0;0;0;0;0;0,54293.34454999804,0.006,2458,0.0001,12.29723453442723,,0.0011132186618684065,0.40045439999994414,ok,same_stridge_core,Hx;D_x^1.751974 H,0.06557692307692313,1.4385656244276215
0.6173445225693689,1.5623374527355671,0.9073728105166088,-1.6717240706747338,0;0;-1.67172407067;0.907372810517;0.213681558668;0;0;-0.637348332419;0;0;0.0493826965373;0,55289.07919498827,0.006,2459,0.0001,29.66743340901091,,0.002013346042090851,0.16906939999989845,ok,same_stridge_core,Hx;D_x^1.562337 H;Hxxx;H*Hxx;H^2*Hxx,0.018000000000000002,2.022893811516778
0.684236755474868,1.7410439089523295,0.5782557548437478,-1.2473547336767816,0;0;-1.24735473368;0.578255754844;3.39525036065;0;0;-0.084888895826;-0.46161866098;0;0;0,53882.31167224495,0.006,2460,0.0001,28.267929558695133,,0.0009407799754163152,0.42283490000045276,ok,same_stridge_core,Hx;D_x^1.741044 H;Hxxx;H*Hxx;H*Hxxx,0.018000000000000002,1.326773722572657
0.6449303207533031,1.2972425187571983,0.3899876628827448,-1.6453669891613731,0;0;-1.64536698916;0.389987662883;0;0;0;-0.133935588857;-0.210692157068;0;0;0,60188.266884328004,0.006,2461,0.0001,25.397066825525652,,0.0008939502348583535,0.41593590000002223,ok,same_stridge_core,Hx;D_x^1.297243 H;H*Hxx;H*Hxxx,0.03,1.3217600717944507
0.6748538788334094,1.07496457397857,0.0,-1.2371515537311344,0;0;-1.23715155373;0;0;0;0;0;0;0;0;0,62249.511407452585,0.006,2462,0.0001,8.385350029404588,,0.002396438676975582,0.15885630000002493,ok,same_stridge_core,Hx,0.15000000000000005,2.16039888865933
0.6925363757074682,1.8104644809786372,0.0,-1.2223296135315946,-0.0251681662235;0;-1.22232961353;0;0;0;0;0;0.141414278876;0;0;-0.0341918357717,57867.6503148841,0.006,2463,0.0001,24.643215275841268,,0.0011526389457148227,0.311916999999994,ok,same_stridge_core,1;Hx;H*Hxxx;H^2*Hxxx,0.018000000000000002,1.4961551498876267
0.6868418643510137,1.5913928754725712,0.5548686513150168,-1.3298987291604276,0;0;-1.32989872916;0.554868651315;0;0;0;-0.0989130782427;0;0;0;0,54607.91411655102,0.006,2464,0.0001,17.643765191454868,,0.0008021282251590637,0.3000947000000451,ok,same_stridge_core,Hx;D_x^1.591393 H;H*Hxx,0.05999999999999999,1.2613909564895593
0.6822092802742574,1.5980390712217925,0.569414144111207,-1.3428722611704533,0;0;-1.34287226117;0.569414144111;0;0;0;-0.103333790831;0;0;0;0,54456.06197673566,0.006,2465,0.0001,17.674881981482457,,0.0009055386691464025,0.41919910000024174,ok,same_stridge_core,Hx;D_x^1.598039 H;H*Hxx,0.06599999999999999,1.338063388461758
0.6544031953456673,1.5554638127417018,0.0,-1.294629849865077,0;0;-1.29462984987;0;0;0;0;0;0;0;0;0,55451.41665084779,0.006,2466,0.0001,7.8628685255898905,,0.0028211036545948112,0.28882999999996173,ok,same_stridge_core,Hx,0.12600000000000003,2.3177268605051116
0.6915859601407879,1.621868173210179,0.5199353911733708,-1.2840889619363853,0;0;-1.28408896194;0.519935391173;2.08717885207;0;0;-0.0881639300621;-0.299183494615;0;0;0,53939.94608830732,0.006,2467,0.0001,28.10251029995831,,0.0006628980052365265,0.40546020000010685,ok,same_stridge_core,Hx;D_x^1.621868 H;Hxxx;H*Hxx;H*Hxxx,0.03743859649122806,1.1325372558046503
0.6641528813178267,1.5688821612388297,0.5406792470077749,-1.405054655935824,0;0;-1.40505465594;0.540679247008;2.43129289769;0;0;-0.117825963907;-0.375817131849;0;0;0,55134.45659786717,0.006,2468,0.0001,28.99557142340087,,0.001057401756484559,0.4009184000001369,ok,same_stridge_core,Hx;D_x^1.568882 H;Hxxx;H*Hxx;H*Hxxx,0.05547692307692304,1.4283431244672875
0.6664384052459476,1.576799517872356,0.5389500478254544,-1.391764072617001,0;0;-1.39176407262;0.538950047825;2.45414904004;0;0;-0.114641053314;-0.374817711139;0;0;0,54947.884453132494,0.006,2469,0.0001,28.879079449143028,,0.0010243961037545227,0.4162444999997206,ok,same_stridge_core,Hx;D_x^1.5768 H;Hxxx;H*Hxx;H*Hxxx,0.04885714285714284,1.4051372225767802
0.6586123031570581,1.6257910800983628,0.8231011280636423,-1.4484029677427255,0;0;-1.44840296774;0.823101128064;0.413233983388;0;0;-0.450638276747;0;0;0.0343727539703;0,53861.04986632897,0.006,2470,0.0001,28.447036783078232,,0.0011375139393779194,0.4229313999999249,ok,same_stridge_core,Hx;D_x^1.625791 H;Hxxx;H*Hxx;H^2*Hxx,0.024285714285714275,1.5165118499137464
0.4966022216410216,1.2619292109196383,0.89198221894749,-2.694780835878612,0;0;-2.69478083588;0.891982218947;0;0;0;-0.440412130982;-0.632943531147;0;0;0,60612.578767658844,0.006,2471,0.0001,28.224215716825004,,0.007921995792140157,0.41391120000025694,ok,same_stridge_core,Hx;D_x^1.261929 H;H*Hxx;H*Hxxx,0.12600000000000003,3.9791842097614643
0.6765529423346281,1.5200623007221195,0.4937115397945581,-1.3935596497829459,0;0;-1.39355964978;0.493711539795;1.3958714949;0;0;-0.107278704903;-0.247139380533;0;0;0,56274.20848218651,0.006,2472,0.0001,29.339584064661985,,0.0007377271463045867,0.41705259999980626,ok,same_stridge_core,Hx;D_x^1.520062 H;Hxxx;H*Hxx;H*Hxxx,0.024,1.2024798235687302
0.6980963148465128,1.615781597420794,0.5443873018151342,-1.281797396678279,0;0;-1.28179739668;0.544387301815;0;0;0;-0.0872233229619;0;0;0;0,54066.33296275182,0.006,2473,0.0001,17.3719176727149,,0.0006698587572815081,0.41125019999981305,ok,same_stridge_core,Hx;D_x^1.615782 H;H*Hxx,0.047999999999999994,1.1520177838893517
0.6892865227397122,1.5270092451587118,0.15004535007733102,-1.2324218759964758,0;0;-1.232421876;0.150045350077;0;0;0;0;0;0;0;0,56115.457092558536,0.006,2474,0.0001,12.650712953001642,,0.0010985602128425467,0.29955180000024484,ok,same_stridge_core,Hx;D_x^1.527009 H,0.084,1.4276215344899355
0.7076180250321413,1.819891412379751,0.25328081992549006,-1.1504067041049983,0;0;-1.1504067041;0.253280819925;0;0;0;0;0;0;0;0,58575.9415996549,0.006,2475,0.0001,13.067555840155588,,0.0009793479902391925,0.1501336999999694,ok,same_stridge_core,Hx;D_x^1.819891 H,0.029715399610136438,1.3523675202246077
0.6524185334845152,1.2077357470901293,0.07773345292017,-1.3588439120720037,0;0;-1.35884391207;0.0777334529202;0;0;0;0;0;0;0;0,61183.708140277566,0.006,2476,0.0001,14.21399554072049,,0.0021036447473736005,0.4137383000002046,ok,same_stridge_core,Hx;D_x^1.207736 H,0.03615075757575756,1.9772539126649764
0.6066309952646861,1.257892508741031,0.4594281747588918,-1.8819107320185064,0;0;-1.88191073202;0.459428174759;0;0;0;-0.191922831103;-0.313565988474;0;0;0,60658.33465694114,0.006,2477,0.0001,26.038963494481095,,0.0015996478138449578,0.419887000000017,ok,same_stridge_core,Hx;D_x^1.257893 H;H*Hxx;H*Hxxx,0.04958776455026454,1.7756296317046396
0.708803879248259,1.8901257756539522,0.0,-1.1318774831570924,0;0;-1.13187748316;0;0;0;0;0.0408958417375;0;0;0;0,63101.056183932466,0.006,2478,0.0001,14.087434996941568,,0.0011436547546528407,0.42764290000013716,ok,same_stridge_core,Hx;H*Hxx,0.024,1.4672237601550746
0.6513584704851616,1.2397038983319442,0.07931791693261007,-1.357558951875893,0;0;-1.35755895188;0.0793179169326;0;0;0;0;0;0;0;0,60857.887601616894,0.006,2479,0.0001,14.1821575284275,,0.0021819267481443558,0.4163498999996591,ok,same_stridge_core,Hx;D_x^1.239704 H,0.047999999999999994,2.0105800081041196
0.626563433206762,1.6960096321554823,1.1770148422132563,-1.5369124101651095,0;0;-1.53691241017;1.17701484221;0.971863248601;0;0;-0.743712043572;0;0;0.0614791298067;0,53104.60067647474,0.006,2480,0.0001,28.64254975324695,,0.002167166751019616,0.4209075999997367,ok,same_stridge_core,Hx;D_x^1.69601 H;Hxxx;H*Hxx;H^2*Hxx,0.047999999999999994,2.0902494150095783
0.7469307162518702,1.693142498325098,0.28900190797058556,-1.072869584283925,0;0;-1.07286958428;0.289001907971;0;0;0;0;0;0;0;0,53098.33746682865,0.006,2481,0.0001,11.606235281225402,,0.0005017049732636645,0.4309951000000183,ok,same_stridge_core,Hx;D_x^1.693142 H,0.018000000000000002,0.9865677878596714
0.7056989380021699,1.1339813603465208,0.08919411429179906,-1.2630952519390035,0;0;-1.26309525194;0.0891941142918;0;0;0;0;-0.0985275422116;0;0;0,61827.56076937884,0.006,2482,0.0001,19.74790153053045,,0.0007528852178170329,0.1849686999998994,ok,same_stridge_core,Hx;D_x^1.133981 H;H*Hxxx,0.029290850555246845,1.1996332997167927
0.6215495469868441,1.570243219333679,0.901529753384453,-1.6461341582775217,0;0;-1.64613415828;0.901529753384;0.253772995793;0;0;-0.619925144364;0;0;0.0480717655207;0,55102.327702975286,0.006,2483,0.0001,29.52039597394087,,0.0019087878169138175,0.20612900000014633,ok,same_stridge_core,Hx;D_x^1.570243 H;Hxxx;H*Hxx;H^2*Hxx,0.03678947368421053,1.9692321224532272
0.6605528279971935,1.794952534223631,1.252853389030326,-1.3442804340627448,0;0;-1.34428043406;1.25285338903;1.08637967211;0;0;-0.619349712877;0;0;0.0513846034207;0,56744.148233113716,0.006,2484,0.0001,30.089735407397413,,0.001487883592173897,0.43286499999976513,ok,same_stridge_core,Hx;D_x^1.794953 H;Hxxx;H*Hxx;H^2*Hxx,0.024,1.7176612908405529
0.6684057014820706,1.8042719881102038,0.5635065690424895,-1.2651275872600065,0;0;-1.26512758726;0.563506569042;4.35859692481;0;0;-0.0817635770778;-0.600753663817;0;0;0,57410.429006620325,0.006,2485,0.0001,30.316644636705117,,0.0014128232895703151,0.17577810000011596,ok,same_stridge_core,Hx;D_x^1.804272 H;Hxxx;H*Hxx;H*Hxxx,0.024,1.6114301333949543
0.7516205216347329,1.6605166670442228,0.2835581661017203,-1.0679269609636528,0;0;-1.06792696096;0.283558166102;0;0;0;0;0;0;0;0,53290.64005664908,0.006,2486,0.0001,11.629767943807312,,0.0004841027972318562,0.446455799999967,ok,same_stridge_core,Hx;D_x^1.660517 H,0.023391656955359726,0.9716399324774965
0.6992947287656284,1.87407069064198,0.0,-1.1709602037193447,0;0;-1.17096020372;0;0;0;0;0;0;0;0;0,62296.71898856167,0.006,2487,0.0001,8.395292766625825,,0.0023581297814189543,0.4257296000000679,ok,same_stridge_core,Hx,0.029318200982597274,2.1656208677696593
0.6382395957340619,1.3411478538689796,0.4703591985278962,-1.6790711507756773,0;0;-1.67907115078;0.470359198528;0;0;0;-0.156733267609;-0.201446109553;0;0;0,59595.54141152072,0.006,2488,0.0001,25.27126596682544,,0.0010405853582079357,0.4338290999999117,ok,same_stridge_core,Hx;D_x^1.341148 H;H*Hxx;H*Hxxx,0.024,1.433049402217151
0.49396395507041235,1.851748323876065,2.349860517061005,-2.0386618428731422,-0.0601911612281;0;-2.03866184287;2.34986051706;3.94833083106;0;0;-1.72094539063;-0.501041112842;0;0.14477975639;0,60906.55804968486,0.006,2489,0.0001,47.89063097105323,,0.013895841314609615,0.43733949999977995,ok,same_stridge_core,1;Hx;D_x^1.851748 H;Hxxx;H*Hxx;H*Hxxx;H^2*Hxx,0.03,5.256040336273821
0.6715017158725112,1.3236948929886343,0.10397652858232224,-1.3005863403918074,0;0;-1.30058634039;0.103976528582;0;0;0;0;0;0;0;0,59840.31705260478,0.006,2490,0.0001,13.603802309993526,,0.0014385309825487532,0.46479939999971975,ok,same_stridge_core,Hx;D_x^1.323695 H,0.03,1.6357388994725683
0.6727001297916266,1.6023472606642766,0.5932609875266939,-1.373670567437957,0;0;-1.37367056744;0.593260987527;0;0;0;-0.112663495278;0;0;0;0,54359.06197402305,0.006,2491,0.0001,17.802098063447694,,0.001134277063615296,0.3197494999999435,ok,same_stridge_core,Hx;D_x^1.602347 H;H*Hxx,0.084,1.4943794712407796
0.6889231937908733,1.1505758336106768,0.2501627503667446,-1.4706081651715615,0.0275908948868;0;-1.47060816517;0.250162750367;0;0;0;0.152414244567;-0.213440633684;0;-0.0250729754689;0,61694.75755621272,0.006,2492,0.0001,37.93082425874426,,0.00043129872576289443,0.4344642000000931,ok,same_stridge_core,1;Hx;D_x^1.150576 H;H*Hxx;H*Hxxx;H^2*Hxx,0.018000000000000002,0.9139697250166295
0.7017455503132242,1.8767138735488176,0.0,-1.1644701679485279,0;0;-1.16447016795;0;0;0;0;0;0;0;0;0,62441.28123987311,0.006,2493,0.0001,8.420372709832268,,0.002378171698034132,0.15374999999994543,ok,same_stridge_core,Hx,0.03617543859649122,2.176244585844958
0.719593078208087,1.6619180860006109,0.5353722952172415,-1.1973147867655418,0;0;-1.19731478677;0.535372295217;0;0;0;-0.0683587746054;0;0;0;0,53274.03621339938,0.006,2494,0.0001,16.97853853888987,,0.0004992199417533918,0.43585380000013174,ok,same_stridge_core,Hx;D_x^1.661918 H;H*Hxx,0.024,0.9963276748700591
0.6667504316517378,1.1399144257366407,0.07829371960671422,-1.3314055186934814,0;0;-1.33140551869;0.0782937196067;0;0;0;0;0;0;0;0,61780.83496648558,0.006,2495,0.0001,14.060103963538298,,0.0015294133559397903,0.4236540000001696,ok,same_stridge_core,Hx;D_x^1.139914 H,0.03677622313671697,1.7039369702411822
0.6512983194050092,1.397139888060653,0.4960988855923085,-1.5915852890641873,0;0;-1.59158528906;0.496098885592;0;0;0;-0.145054688029;-0.150024739036;0;0;0,58721.199045975976,0.006,2496,0.0001,24.837769761672213,,0.0009180990876700097,0.4382513000000472,ok,same_stridge_core,Hx;D_x^1.39714 H;H*Hxx;H*Hxxx,0.04713319162319162,1.34929014328182
0.7189605979832498,1.3510137385934176,0.15266164363360882,-1.1919480927495756,0;0;-1.19194809275;0.152661643634;0;0;0;0;0;0;0;0,59451.559850131176,0.006,2497,0.0001,12.98574501344002,,0.0006185141661011083,0.45068529999980456,ok,same_stridge_core,Hx;D_x^1.351014 H,0.03524356965799357,1.095433043413784
0.6910602789673526,1.4347056133339162,0.4202844523101109,-1.396055379397261,0;0;-1.3960553794;0.42028445231;-0.617733417552;0;0;-0.0918899484091;0;0;0;0,58051.997759857324,0.006,2498,0.0001,24.22791351861627,,0.0005118121686721516,0.43443580000030124,ok,same_stridge_core,Hx;D_x^1.434706 H;Hxxx;H*Hxx,0.018000000000000002,1.0071144146733397
0.696683204025751,1.7605696419906585,0.20829997355818214,-1.185640643061176,0;0;-1.18564064306;0.208299973558;0;0;0;0;0;0;0;0,54681.3753895325,0.006,2499,0.0001,12.392679481016366,,0.0011412990609463581,0.35062150000021575,ok,same_stridge_core,Hx;D_x^1.76057 H,0.05182499999999997,1.456404403109864
0.8803040524592247,1.4938418553419106,0.0,-0.7251069253163862,0;0;-0.725106925316;0;0;0;0;0.0956669782403;0;0;0;0,56856.520816553835,0.006,2500,0.0001,13.322297213860464,,0.0019431895856925876,0.29957720000038535,ok,same_stridge_core,Hx;H*Hxx,0.07666424242424243,1.950993050549697
0.6958663092349929,1.5704036178035137,0.4829309164350286,-1.2974765890662223,0;0;-1.29747658907;0.482930916435;1.41002944168;0;0;-0.085535015995;-0.219800389612;0;0;0,55098.54393975747,0.006,2501,0.0001,28.597392824940847,,0.0005601917809009363,0.15426949999982753,ok,same_stridge_core,Hx;D_x^1.570404 H;Hxxx;H*Hxx;H*Hxxx,0.03628156565656566,1.0481208550621135
0.6605299728836839,1.1495901761168672,0.07657367580691399,-1.34546025124027,0;0;-1.34546025124;0.0765736758069;0;0;0;0;0;0;0;0,61702.83161237318,0.006,2502,0.0001,14.149024170723457,,0.0017371281381379695,0.312268000000131,ok,same_stridge_core,Hx;D_x^1.14959 H,0.024,1.8084578482488203
0.6709940960284728,1.6064126869627473,0.5983899484307363,-1.3774190158540693,0;0;-1.37741901585;0.598389948431;0;0;0;-0.11393712308;0;0;0;0,54268.77562211491,0.006,2503,0.0001,17.810948073944992,,0.0011914787146641939,0.4360897000001387,ok,same_stridge_core,Hx;D_x^1.606413 H;H*Hxx,0.08244126984126988,1.5303153873105155
0.6451832080137097,1.330721271294333,0.4324605829222268,-1.641141860546721,0;0;-1.64114186055;0.432460582922;0;0;0;-0.141970248178;-0.194649808947;0;0;0,59743.27139584823,0.006,2504,0.0001,25.235087607385076,,0.0009107790814984922,0.4333215999999993,ok,same_stridge_core,Hx;D_x^1.330721 H;H*Hxx;H*Hxxx,0.024,1.3377790490457837
0.7049082300012278,1.3760335234862282,0.13129936242721704,-1.2163519340081528,0;0;-1.21635193401;0.131299362427;0.886589159133;0;0;0;-0.154579112187;0;0;0,59067.41777389013,0.006,2505,0.0001,24.7602667697851,,0.0006820807941419719,0.30153989999962505,ok,same_stridge_core,Hx;D_x^1.376034 H;Hxxx;H*Hxxx,0.018000000000000002,1.1332996602290488
0.6345935054378936,1.7473092218869264,1.2795381118150668,-1.469575968855355,0;0;-1.46957596886;1.27953811182;1.14409479579;0;0;-0.748426002686;0;0;0.0625941876163;0,54106.58713871709,0.006,2506,0.0001,29.09456039831269,,0.002081446695431687,0.4174943000002713,ok,same_stridge_core,Hx;D_x^1.747309 H;Hxxx;H*Hxx;H^2*Hxx,0.041999999999999996,2.0412668289541416
0.6306011541452718,1.857807301126137,0.0,-1.3403234627702998,0;0;-1.34032346277;0;4.94060087679;0;0;0;-0.700698433783;0;0;0,61311.197457240276,0.006,2507,0.0001,20.77562196626621,,0.0031105200753912834,0.1716894000001048,ok,same_stridge_core,Hx;Hxxx;H*Hxxx,0.0507564935064935,2.3822627290941254
0.6545268332706953,1.7930869208770952,1.287997540591253,-1.3663283396738635,0;0;-1.36632833967;1.28799754059;1.13314298032;0;0;-0.65835902831;0;0;0.054917619789;0,56614.85037190941,0.006,2508,0.0001,30.11031766359787,,0.0016384121055854379,0.3272517999998854,ok,same_stridge_core,Hx;D_x^1.793087 H;Hxxx;H*Hxx;H^2*Hxx,0.03075,1.802892477643161
0.6729015586031385,1.5843298531408467,0.12968741113163626,-1.2648307110283754,0;0;-1.26483071103;0.129687411132;0;0;0;0;0;0;0;0,54771.57877305194,0.006,2509,0.0001,12.693617766752455,,0.0016391296308729518,0.43960340000012366,ok,same_stridge_core,Hx;D_x^1.58433 H,0.10371428571428574,1.7393020121420677
0.6775230379799415,1.567483685233666,0.5146867735033941,-1.3600782808488456,0;0;-1.36007828085;0.514686773503;1.96503684885;0;0;-0.103913268992;-0.305520323863;0;0;0,55167.48141073944,0.006,2510,0.0001,28.827708817619413,,0.0007969166641986688,0.16783629999963523,ok,same_stridge_core,Hx;D_x^1.567484 H;Hxxx;H*Hxx;H*Hxxx,0.033303258145363404,1.2439681122496935
0.732536033022825,1.6449139472782068,0.5059372965587978,-1.1652203029189483,0;0;-1.16522030292;0.505937296559;0;0;0;-0.059413011548;0;0;0;0,53513.376578580326,0.006,2511,0.0001,16.963096299385832,,0.00041194799639173514,0.4275607999998101,ok,same_stridge_core,Hx;D_x^1.644914 H;H*Hxx,0.018000000000000002,0.909083325811733
0.701816007374882,1.380672145163264,0.12802823522360346,-1.2207090115891883,0;0;-1.22070901159;0.128028235224;1.04476086551;0;0;0;-0.174419011019;0;0;0,58993.1044378229,0.006,2512,0.0001,24.758486564859915,,0.0007181808095535007,0.42855980000013005,ok,same_stridge_core,Hx;D_x^1.380672 H;Hxxx;H*Hxxx,0.018000000000000002,1.1612447897307547
0.6526880082753963,1.3770789378263686,0.466041283175486,-1.590246058543018,0;0;-1.59024605854;0.466041283175;0;0;0;-0.139071116728;-0.158794088957;0;0;0,59050.753691452315,0.006,2513,0.0001,24.921721574011624,,0.000857251568469178,0.4241869000002225,ok,same_stridge_core,Hx;D_x^1.377079 H;H*Hxx;H*Hxxx,0.020198265649694208,1.3014200974306953
0.6868848921627344,1.7650243872755111,0.18528210417132238,-1.2106336036894538,0;0;-1.21063360369;0.185282104171;0;0;0;0;0;0;0;0,54904.42512570754,0.006,2514,0.0001,12.582931277838979,,0.0013845415263332302,0.4130574999999226,ok,same_stridge_core,Hx;D_x^1.765024 H,0.05399999999999999,1.6020462526974721
0.6773460048101587,1.5788172953999957,0.13707995123821645,-1.2545560500452193,0;0;-1.25455605005;0.137079951238;0;0;0;0;0;0;0;0,54900.50265341344,0.006,2515,0.0001,12.636297662547904,,0.0014850378959984356,0.41785040000013396,ok,same_stridge_core,Hx;D_x^1.578817 H,0.09600000000000002,1.6561971318652169
0.6619325037073477,1.8244117211760544,0.5403954394641026,-1.2760665483308786,0;0;-1.27606654833;0.540395439464;4.67435485935;0;0;-0.0789574066904;-0.649014850317;0;0;0,58917.261965383615,0.006,2516,0.0001,31.189974871696347,,0.001636984975655914,0.29654329999993934,ok,same_stridge_core,Hx;D_x^1.824412 H;Hxxx;H*Hxx;H*Hxxx,0.03,1.7313438890045394
0.6695460718644907,1.6085466248108657,0.5440140057776528,-1.3608056065631684,0;0;-1.36080560656;0.544014005778;2.72547300308;0;0;-0.108449311238;-0.40007020011;0;0;0,54221.92906415765,0.006,2517,0.0001,28.50970186598989,,0.0010218075116484207,0.4176386000003731,ok,same_stridge_core,Hx;D_x^1.608547 H;Hxxx;H*Hxx;H*Hxxx,0.06017142857142856,1.398737333911061
0.6813508151593668,1.5817407402113877,0.1444741018860995,-1.2444696674077251,0;0;-1.24446966741;0.144474101886;0;0;0;0;0;0;0;0,54832.02455341827,0.006,2518,0.0001,12.55480276273783,,0.0013646726417766823,0.4414075999998204,ok,same_stridge_core,Hx;D_x^1.581741 H,0.09222222222222226,1.5883978520541775
0.6552131683215895,1.397268751812528,0.4821209910562208,-1.570978333534218,0;0;-1.57097833353;0.482120991056;0;0;0;-0.138433225565;-0.144598308479;0;0;0,58719.021571474834,0.006,2519,0.0001,24.787551347198566,,0.0008531399229225268,0.4207432000002882,ok,same_stridge_core,Hx;D_x^1.397269 H;H*Hxx;H*Hxxx,0.03540778362627103,1.2999427186086299
0.6571772010978683,1.3675320511980171,0.43833706770934133,-1.5683828606543517,0;0;-1.56838286065;0.438337067709;0;0;0;-0.129541768616;-0.156932326226;0;0;0,59201.070638458456,0.006,2520,0.0001,24.919655375486613,,0.0007799782618384876,0.4354551999999785,ok,same_stridge_core,Hx;D_x^1.367532 H;H*Hxx;H*Hxxx,0.018203797475548292,1.23922712010323
0.8271538616827678,1.1767375686099681,-0.07557749754780488,-0.7396379230564399,0;0;-0.739637923056;-0.0755774975478;0.579868893827;0;0;0.115220560377;0;0;0;0,61471.5756433164,0.006,2521,0.0001,26.110743841249818,,0.0011592635666442528,0.411648900000273,ok,same_stridge_core,Hx;D_x^1.176738 H;Hxxx;H*Hxx,0.036,1.5221135839232565
0.6748538788334094,1.8079231182772766,0.5761543980590027,-1.2459012270448706,0;0;-1.24590122704;0.576154398059;4.14309635296;0;0;-0.0795290711237;-0.567622529063;0;0;0,57678.928571615215,0.006,2522,0.0001,30.356010752320255,,0.001249600815801658,0.3016901000000871,ok,same_stridge_core,Hx;D_x^1.807923 H;Hxxx;H*Hxx;H*Hxxx,0.024,1.516546466512646
0.7298654903384301,1.8767138735488176,0.3375022674451921,-1.0852704497867873,0;0;-1.08527044979;0.337502267445;0;0;0;0;0;0;0;0,62441.28123987311,0.006,2523,0.0001,13.66058552386972,,0.0007256657456580556,0.1509833999998591,ok,same_stridge_core,Hx;D_x^1.876714 H,0.020078571428571425,1.1723292758950974
0.6754350176007466,1.8373348667272553,0.0,-1.2309961398453,0;0;-1.23099613985;0;3.93703202065;0;0;0;-0.612654941321;0;0;0,59882.18116045236,0.006,2524,0.0001,19.767171734397813,,0.0017161936594344768,0.1599261999999726,ok,same_stridge_core,Hx;Hxxx;H*Hxxx,0.024,1.8025173862621031
0.7256378346399236,1.342720950493475,0.15647731973488138,-1.1788955007793445,0;0;-1.17889550078;0.156477319735;0;0;0;0;0;0;0;0,59572.85988777537,0.006,2525,0.0001,13.005525834443437,,0.0006091810473898218,0.29918580000003203,ok,same_stridge_core,Hx;D_x^1.342721 H,0.024,1.0909538568883637
0.6316370320433279,1.1032907537113719,0.21379115456181025,-1.6896318679312234,0;0;-1.68963186793;0.213791154562;0;0;0;-0.101698230131;-0.292733899372;0;0;0,62056.396335163554,0.006,2526,0.0001,26.42057579585306,,0.0013141418422867245,0.4319292999998652,ok,same_stridge_core,Hx;D_x^1.103291 H;H*Hxx;H*Hxxx,0.04713571428571431,1.5980172617876396
0.7068870713493872,1.787851923454983,0.2407913486910925,-1.1561942785959964,0;0;-1.1561942786;0.240791348691;0;0;0;0;0;0;0;0,56260.75080195271,0.006,2527,0.0001,12.593389477162606,,0.0009636946836245154,0.41685740000002625,ok,same_stridge_core,Hx;D_x^1.787852 H,0.04137058823529407,1.3412393167720644
0.6446012670438492,1.3978046551050927,0.5215055940985723,-1.6269530154014644,0;0;-1.6269530154;0.521505594099;0;0;0;-0.156716089485;-0.158997276228;0;0;0,58709.954575208685,0.006,2528,0.0001,24.9251321222101,,0.0010454808559402658,0.423353600000155,ok,same_stridge_core,Hx;D_x^1.397805 H;H*Hxx;H*Hxxx,0.024,1.4411502921266244
0.618271548971899,1.496997179466128,0.6894732167235171,-1.6483150063006016,0;0;-1.6483150063;0.689473216724;0;0;0;-0.186493438366;0;0;0;0,56787.99651981572,0.006,2529,0.0001,19.3697394753422,,0.0027103667758300387,0.42089270000042234,ok,same_stridge_core,Hx;D_x^1.496997 H;H*Hxx,0.07707692307692315,2.3333405193974825
0.8803040524592247,1.7364069707205982,0.0,-0.7251069253163839,0;0;-0.725106925316;0;0;0;0;0.0956669782403;0;0;0;0,53735.82403986635,0.006,2530,0.0001,12.69815785852297,,0.0019431895856925879,0.3175376999997752,ok,same_stridge_core,Hx;H*Hxx,0.05399999999999999,1.9509930505496993
0.6675202632521424,1.501687486590499,0.5589679793858338,-1.4663593612278578,0;0;-1.46635936123;0.558967979386;-0.450871651996;0;0;-0.129109063018;0;0;0;0,56685.31801276121,0.006,2531,0.0001,24.043860779059607,,0.0009359583650365251,0.3082907000002706,ok,same_stridge_core,Hx;D_x^1.501687 H;Hxxx;H*Hxx,0.018000000000000002,1.3697335739551233
0.7007989925394041,1.7661633173145477,0.21963078248431733,-1.1744165399483042,0;0;-1.17441653995;0.219630782484;0;0;0;0;0;0;0;0,54963.79210439823,0.006,2532,0.0001,12.397082037594934,,0.0010594625582232003,0.42188220000025467,ok,same_stridge_core,Hx;D_x^1.766163 H,0.03,1.4043236167152884
0.6746768416247653,1.55205531664119,0.12969623196608868,-1.2641165364607343,0;0;-1.26411653646;0.129696231966;0;0;0;0;0;0;0;0,55531.781174564516,0.006,2533,0.0001,12.79557379855221,,0.0015456452155369182,0.4187402000002294,ok,same_stridge_core,Hx;D_x^1.552055 H,0.09900000000000003,1.6892175636393072
0.7151484304061081,1.439460950544059,0.33170405291957994,-1.2770157991540787,0;0;-1.27701579915;0.33170405292;0;0;0;-0.0547639720132;-0.0611518889395;0;0;0,57962.29759944804,0.006,2534,0.0001,24.098998275062794,,0.0004283898592871744,0.4236334000001989,ok,same_stridge_core,Hx;D_x^1.439461 H;H*Hxx;H*Hxxx,0.012,0.9140792352835767
0.6514247534624947,1.3592746348513813,0.4478933129748292,-1.6013007701189998,0;0;-1.60130077012;0.447893312975;0;0;0;-0.13762256725;-0.169887404853;0;0;0,59327.786407789274,0.006,2535,0.0001,25.02556817549265,,0.0008504310041700084,0.4371114000000489,ok,same_stridge_core,Hx;D_x^1.359275 H;H*Hxx;H*Hxxx,0.01737679552416394,1.2944536123769421
0.6912406183116386,1.804342514842235,0.0,-1.1924762025358733,0;0;-1.19247620254;0;0;0;0;0;0;0;0;0,57415.57924331577,0.006,2536,0.0001,7.884280537749693,,0.002321126124953729,0.4214257999997244,ok,same_stridge_core,Hx,0.036,2.1427226134181163
0.6729028589517809,1.584344997175388,0.5497243013163454,-1.3725434907281506,0;0;-1.37254349073;0.549724301316;4.25649351774;0;0;-0.10984173799;-0.999607923815;0;0;0.0510229906278,54771.22629117878,0.006,2537,0.0001,34.169224691242775,,0.0008933793574646538,0.4105902999999671,ok,same_stridge_core,Hx;D_x^1.584345 H;Hxxx;H*Hxx;H*Hxxx;H^2*Hxxx,0.012,1.3064889165355058
0.6545268332706953,1.6034277760471507,0.7997915459929188,-1.4777732643120505,0;0;-1.47777326431;0.799791545993;0.318845941396;0;0;-0.451421209628;0;0;0.0340747965923;0,54334.94034218405,0.006,2538,0.0001,28.708769686684793,,0.0011738751024983247,0.3118045000001075,ok,same_stridge_core,Hx;D_x^1.603428 H;Hxxx;H*Hxx;H^2*Hxx,0.018000000000000002,1.5412995155927693
0.6728001014484264,1.1587491970730004,0.08396739637227406,-1.3157630236402458,0;0;-1.31576302364;0.0839673963723;0;0;0;0;0;0;0;0,61626.888133184846,0.006,2539,0.0001,13.93285119595581,,0.0013554529294867986,0.41662459999997736,ok,same_stridge_core,Hx;D_x^1.158749 H,0.041999999999999996,1.6074735693188402
0.6108329749747023,1.4855948088852597,1.0204083689294954,-1.6669695602942618,0;0;-1.66696956029;1.02040836893;0;0;-0.0402965781792;-0.319638688566;0;0;0;-0.0428338639541,57033.46377506018,0.006,2540,0.0001,30.553207192877462,,0.0020252347996856275,0.4149904000000788,ok,same_stridge_core,Hx;D_x^1.485595 H;H*Hx;H*Hxx;H^2*Hxxx,0.024,2.036475305347369
0.7124700337019294,1.4826917251145222,0.17441376517254448,-1.1857744165482185,0;0;-1.18577441655;0.174413765173;0;0;0;0;0;0;0;0,57094.99293489172,0.006,2541,0.0001,12.53339680869389,,0.0006566625473220722,0.4322393000002194,ok,same_stridge_core,Hx;D_x^1.482692 H,0.018000000000000002,1.1143982217155441
0.6892362267092472,1.1934599554216805,0.09854912476696776,-1.275288396899364,0;0;-1.2752883969;0.098549124767;0;0;0;0;0;0;0;0,61319.56599021961,0.006,2542,0.0001,13.660241497482428,,0.0010069140329111567,0.41663890000018,ok,same_stridge_core,Hx;D_x^1.19346 H,0.06108311688311688,1.3963282994385044
0.7137632275399255,1.074157304778562,0.07956391494159071,-1.2523514085436473,0;0;-1.25235140854;0.0795639149416;0;0;0;0;-0.12206377441;0;0;0,62254.772879879405,0.006,2543,0.0001,19.942363206098292,,0.0008225241067611213,0.4332527999999911,ok,same_stridge_core,Hx;D_x^1.074157 H;H*Hxxx,0.018000000000000002,1.2659313421344702
0.6444940269030479,1.3839962113343942,0.5043840489350234,-1.6324878978318464,0;0;-1.63248789783;0.504384048935;0;0;0;-0.15454884155;-0.167148639823;0;0;0,58939.2423010843,0.006,2544,0.0001,24.992402193250747,,0.0010121329338275916,0.41730199999983597,ok,same_stridge_core,Hx;D_x^1.383996 H;H*Hxx;H*Hxxx,0.04788461538461537,1.416705272817028
0.6827038141073569,1.536038249210242,0.14104041663429354,-1.246798467352402,0;0;-1.24679846735;0.141040416634;0;0;0;0;0;0;0;0,55906.82282416798,0.006,2545,0.0001,12.720819694464517,,0.0012808686406347407,0.4425618000000213,ok,same_stridge_core,Hx;D_x^1.536038 H,0.13000000000000003,1.5394551296309202
0.7104998147988766,1.5822867578222735,0.19327595578236675,-1.1750822451728178,0;0;-1.17508224517;0.193275955782;0;0;0;0;0;0;0;0,54819.26053990461,0.006,2546,0.0001,12.139346419642731,,0.0007364361196318537,0.1566689999999653,ok,same_stridge_core,Hx;D_x^1.582287 H,0.06599999999999999,1.1754943116618106
0.6580414528822017,1.39770491837083,0.47254208337046133,-1.5561077889197215,0;0;-1.55610778892;0.47254208337;0;0;0;-0.133758914319;-0.140556391103;0;0;0,58711.64208219949,0.006,2547,0.0001,24.751052131334024,,0.0008103490842952295,0.43310220000012123,ok,same_stridge_core,Hx;D_x^1.397705 H;H*Hxx;H*Hxxx,0.04799556878306877,1.2663952984542268
0.6151009351257075,1.4918147844995113,0.7480094588152951,-1.7188485290178817,0;0;-1.71884852902;0.748009458815;-0.75439935994;0;0;-0.212238773357;0;0;0;0,56900.30347912705,0.006,2548,0.0001,25.06826202558023,,0.0026623612538662573,0.43460430000004635,ok,same_stridge_core,Hx;D_x^1.491815 H;Hxxx;H*Hxx,0.042803157626687016,2.3081406339294097
0.6758745491303851,1.5552498692051346,0.13203645017691415,-1.260847792997878,0;0;-1.260847793;0.132036450177;0;0;0;0;0;0;0;0,55456.46479833593,0.006,2549,0.0001,12.76060803218826,,0.0015090740875514021,0.4267123999998148,ok,same_stridge_core,Hx;D_x^1.55525 H,0.10371428571428574,1.6693150725210724
0.7027847065036213,1.829661579914767,0.0,-1.1617263861292573,0;0;-1.16172638613;0;0;0;0;0;0;0;0;0,59312.263469708196,0.006,2550,0.0001,8.11245759187577,,0.0023878547815895904,0.2981732000002921,ok,same_stridge_core,Hx,0.048705882352941134,2.181231244904952
0.6727001297916266,1.7211529747511598,0.5692930740501295,-1.2888345357693076,0;0;-1.28883453577;0.56929307405;3.68140935458;0;0;-0.0930891529281;-0.507996733446;0;0;0,53367.52740050478,0.006,2551,0.0001,28.154909320126446,,0.0011589651976112384,0.3202194000000418,ok,same_stridge_core,Hx;D_x^1.721153 H;Hxxx;H*Hxx;H*Hxxx,0.024,1.4711456198740556
0.6782873021096718,1.5860226683527843,0.5216540299560558,-1.346187157016054,0;0;-1.34618715702;0.521654029956;2.15856186802;0;0;-0.101998774931;-0.325278207842;0;0;0,54732.1765897324,0.006,2552,0.0001,28.620673700280364,,0.0008137658179028986,0.41242620000002717,ok,same_stridge_core,Hx;D_x^1.586023 H;Hxxx;H*Hxx;H*Hxxx,0.053294117647058784,1.2545854054141612
0.654600225632822,1.9907384863714952,0.10579210667134212,-1.288095088160151,0;0;-1.28809508816;0.105792106671;0;0;0;0;0;0;0;0,64276.06893467476,0.006,2553,0.0001,15.088933110090801,,0.002677796461679321,0.4125880000001416,ok,same_stridge_core,Hx;D_x^1.990738 H,0.05999999999999999,2.2337193231558494
0.6868418643510137,1.5385203166944703,0.5235380553234049,-1.3641245992838285,0;0;-1.36412459928;0.523538055323;-0.240976903585;0;0;-0.102474541034;0;0;0;0,55849.06923116539,0.006,2554,0.0001,23.514265812094507,,0.0006901373169862182,0.303523199999745,ok,same_stridge_core,Hx;D_x^1.53852 H;Hxxx;H*Hxx,0.08200000000000002,1.1746381196283462
0.7256378346399236,1.4046856562129675,0.17166468626328707,-1.1693844205051824,0;0;-1.16938442051;0.171664686263;0;0;0;0;0;0;0;0,58592.311869077384,0.006,2555,0.0001,12.760904714877517,,0.000561642031717029,0.31102599999985614,ok,same_stridge_core,Hx;D_x^1.404686 H,0.029288932199933233,1.042442341062041
0.6797438014246004,1.5554638127417018,0.5046906343375334,-1.3599007643898084,0;0;-1.35990076439;0.504690634338;1.74761455915;0;0;-0.102232590732;-0.279046250288;0;0;0,55451.41665084779,0.006,2556,0.0001,28.92939302125554,,0.0007433428060080436,0.1593391999999767,ok,same_stridge_core,Hx;D_x^1.555464 H;Hxxx;H*Hxx;H*Hxxx,0.030663157894736854,1.2036846958316452
0.6566020230022909,1.3765041817150772,0.45152113555171186,-1.5694493498283522,0;0;-1.56944934983;0.451521135552;0;0;0;-0.132306804941;-0.153347411283;0;0;0,59059.9225233281,0.006,2557,0.0001,24.87929670375643,,0.000798834639682402,0.17938849999973172,ok,same_stridge_core,Hx;D_x^1.376504 H;H*Hxx;H*Hxxx,0.03,1.255327694425186
0.6843551324154556,1.7551557458679088,0.5828511206989183,-1.240918143148753,0;0;-1.24091814315;0.582851120699;3.48994039928;0;0;-0.0834031151606;-0.473645156051;0;0;0,54430.383602032045,0.006,2558,0.0001,28.55260229741751,,0.0009586758030834044,0.44394199999987904,ok,same_stridge_core,Hx;D_x^1.755156 H;Hxxx;H*Hxx;H*Hxxx,0.018000000000000002,1.337410496401489
0.644224040384712,1.681319471755063,0.6177156271425044,-1.4154946218459612,0;0;-1.41549462185;0.617715627143;0.0954686397231;0;0;-0.117185260678;0;0;0;0,53116.05430570224,0.006,2559,0.0001,23.433527061857607,,0.0024997965026694988,0.41998289999992267,ok,same_stridge_core,Hx;D_x^1.681319 H;Hxxx;H*Hxx,0.041999999999999996,2.1871053395767093
0.8803040524592247,1.5696597250813014,0.0,-0.7251069253163862,0;0;-0.725106925316;0;0;0;0;0.0956669782403;0;0;0;0,55116.100512359626,0.006,2560,0.0001,12.974213153021623,,0.0019431895856925876,0.30494480000015756,ok,same_stridge_core,Hx;H*Hxx,0.047999999999999994,1.950993050549697
0.5507201808802399,1.7481715395558148,-0.22966641587101366,-1.6070091229348769,0;0;-1.60700912293;-0.229666415871;0;0;0;0;0;0;0;0,54139.8372066944,0.006,2561,0.0001,15.62290694822697,,0.0123197695563343,0.4276408000000629,ok,same_stridge_core,Hx;D_x^1.748172 H,0.12360000000000003,4.794939506888088
0.6686349753225194,1.5619035798231162,0.5479672009180047,-1.402096544316703,0;0;-1.40209654432;0.547967200918;4.15704038993;0;0;-0.115923076114;-1.0048195014;0;0;0.0521233214984,55299.329996547305,0.006,2562,0.0001,34.517146833180504,,0.0009332614229036956,0.16325959999994666,ok,same_stridge_core,Hx;D_x^1.561904 H;Hxxx;H*Hxx;H*Hxxx;H^2*Hxxx,0.0198036963036963,1.337548835252124
0.68258758307299,1.2880803264386393,0.10328019309093385,-1.2886241657447157,0;0;-1.28862416574;0.103280193091;0;0;0;0;-0.0461069872925;0;0;0,60302.62328968,0.006,2563,0.0001,19.49177368040296,,0.0010643664901676024,0.4396027000002505,ok,same_stridge_core,Hx;D_x^1.28808 H;H*Hxxx,0.018000000000000002,1.4009866934989594
0.6986481011817212,1.3094538967490066,0.12647175561335672,-1.2417760309618826,0;0;-1.24177603096;0.126471755613;0;0;0;0;0;0;0;0,60030.991529414074,0.006,2564,0.0001,13.253816140780732,,0.0008143355645868262,0.4334880000001249,ok,same_stridge_core,Hx;D_x^1.309454 H,0.04718035714285715,1.2476178348979168
0.6882777728897223,1.489822539816837,0.4482416476240152,-1.3677791265872998,0;0;-1.36777912659;0.448241647624;0.699305233698;0;0;-0.0936703641357;-0.157852220613;0;0;0,56943.150359696025,0.006,2565,0.0001,29.523910551384652,,0.000561327958465989,0.4234913999998753,ok,same_stridge_core,Hx;D_x^1.489823 H;Hxxx;H*Hxx;H*Hxxx,0.02458518518518518,1.0523353715366388
0.6761758115170089,1.804342514842235,0.5790549055974182,-1.2435907760152147,0;0;-1.24359077602;0.579054905597;4.07847484355;0;0;-0.0797848429977;-0.557915110159;0;0;0,57415.57924331577,0.006,2566,0.0001,30.20188790361768,,0.0012116926197731236,0.16732539999975415,ok,same_stridge_core,Hx;D_x^1.804343 H;Hxxx;H*Hxx;H*Hxxx,0.02480952380952379,1.4940982819597988
0.6935674519906412,1.7360294675666472,0.19517783770272343,-1.1963919933784632,0;0;-1.19639199338;0.195177837703;0;0;0;0;0;0;0;0,53724.62226752144,0.006,2567,0.0001,12.230847386040713,,0.0011894800395488786,0.43281679999972766,ok,same_stridge_core,Hx;D_x^1.736029 H,0.036,1.485922932536426
0.686810919224595,1.7555905180538454,0.18320805379168043,-1.211775537845274,0;0;-1.21177553785;0.183208053792;0;0;0;0;0;0;0;0,54449.7173371762,0.006,2568,0.0001,12.487929239873333,,0.0013777422260419627,0.44763890000012907,ok,same_stridge_core,Hx;D_x^1.755591 H,0.06085714285714285,1.5979857724380928
0.6415960039643879,1.5320443859881132,0.6643622763861261,-1.554548768530808,0;0;-1.55454876853;0.664362276386;-0.401235046274;0;0;-0.163403010674;0;0;0;0,55999.404747410685,0.006,2569,0.0001,24.29053667692375,,0.0017974027875703679,0.43827710000005027,ok,same_stridge_core,Hx;D_x^1.532044 H;Hxxx;H*Hxx,0.062400000000000004,1.890774777959476
0.692910589384609,1.501274407870382,0.4446803930173519,-1.344193666620533,0;0;-1.34419366662;0.444680393017;0.719802269531;0;0;-0.0883824430462;-0.152775885771;0;0;0,56694.39951575587,0.006,2570,0.0001,29.369615962364996,,0.0005297540226775205,0.42915129999983037,ok,same_stridge_core,Hx;D_x^1.501274 H;Hxxx;H*Hxx;H*Hxxx,0.04817647058823525,1.0224162044870613
0.6652491907143729,1.8238330356286865,0.0,-1.2639054390799034,0;0;-1.26390543908;0;0;0;0;0;0;0;0;0,58873.584155193246,0.006,2571,0.0001,8.102396247720671,,0.002546155314352483,0.15868100000034246,ok,same_stridge_core,Hx,0.053176596807073,2.215037832201347
0.6699549368563833,1.418387335090777,0.4784118222628059,-1.5045518864625482,0;0;-1.50455188646;0.478411822263;-0.829419777703;0;0;-0.122864732573;0;0;0;0,58351.217805162196,0.006,2572,0.0001,24.52349322112059,,0.0007003806037403855,0.42036200000029567,ok,same_stridge_core,Hx;D_x^1.418387 H;Hxxx;H*Hxx,0.03,1.183006099055709
0.6855985761004459,1.5748099470575603,0.15090087668708668,-1.2350394952495032,0;0;-1.23503949525;0.150900876687;0;0;0;0;0;0;0;0,54994.68180208854,0.006,2573,0.0001,12.512645879506861,,0.001237783555282575,0.4321571999998923,ok,same_stridge_core,Hx;D_x^1.57481 H,0.11280000000000004,1.5137095190891519
0.6586086129636883,1.4479714289653645,0.5287406848500179,-1.5339189553483983,0;0;-1.53391895535;0.52874068485;0;0;0;-0.139531698741;-0.113399971309;0;0;0,57798.934955850375,0.006,2574,0.0001,24.46705061629678,,0.0009121138883287182,0.41930550000006406,ok,same_stridge_core,Hx;D_x^1.447971 H;H*Hxx;H*Hxxx,0.018000000000000002,1.3474766339566313
0.6951056957972788,1.7707379630206248,0.20699146131665738,-1.188588208811439,0;0;-1.18858820881;0.206991461317;0;0;0;0;0;0;0;0,55211.62360065016,0.006,2575,0.0001,12.526714830032606,,0.0011860829969003496,0.4482820000002903,ok,same_stridge_core,Hx;D_x^1.770738 H,0.036,1.484390109902573
0.5435694724600943,1.7363730777844935,-0.2480974865283875,-1.6286500920569291,0;0;-1.62865009206;-0.248097486528;0;0;0;0;0;0;0;0,53734.814648176995,0.006,2576,0.0001,15.773354742183873,,0.013535464476465715,0.43447610000021086,ok,same_stridge_core,Hx;D_x^1.736373 H,0.15000000000000005,5.026391812548473
0.6695660920034366,1.4468934092666395,0.5068645768295442,-1.491325521408572,0;0;-1.49132552141;0.50686457683;-0.696851512445;0;0;-0.125481153352;0;0;0;0,57819.83018550814,0.006,2577,0.0001,24.36266213148829,,0.000760119606543008,0.29551809999975376,ok,same_stridge_core,Hx;D_x^1.446893 H;Hxxx;H*Hxx,0.02339724310776943,1.2347300572850348
0.6731117960558689,1.7218139264090329,0.5694828007317764,-1.287345009142119,0;0;-1.28734500914;0.569482800732;3.67070216588;0;0;-0.0927756085586;-0.506267792566;0;0;0,53379.99302113287,0.006,2578,0.0001,28.155670274319114,,0.0011503014237342715,0.29453120000016497,ok,same_stridge_core,Hx;D_x^1.721814 H;Hxxx;H*Hxx;H*Hxxx,0.024,1.4656737637526787
0.8010067148415814,1.4156185361008724,0.0,-0.8972964964743977,0;0;-0.897296496474;0;0;0;0;0.0749145542487;0;0;0;0,58400.67794932116,0.006,2579,0.0001,13.121320660076535,,0.0010505303637268109,0.43899670000018887,ok,same_stridge_core,Hx;H*Hxx,0.036,1.4411850702123035
0.6384430737249884,1.6675048303298343,1.027493668812617,-1.5069811948484966,0;0;-1.50698119485;1.02749366881;0.742363866222;0;0;-0.626611089806;0;0;0.0505880141203;0,53214.25076666983,0.006,2580,0.0001,28.464707121870564,,0.0017079519824475494,0.440901699999813,ok,same_stridge_core,Hx;D_x^1.667505 H;Hxxx;H*Hxx;H^2*Hxx,0.036,1.857581738535651
0.7279905717325184,1.6409043459966848,0.23760893166574054,-1.1254122348611022,0;0;-1.12541223486;0.237608931666;0;0;0;0;0;0;0;0,53580.39599200977,0.006,2581,0.0001,11.766089063918013,,0.0005792088110376499,0.43475450000005367,ok,same_stridge_core,Hx;D_x^1.640904 H,0.05353650793650792,1.050009865516059
0.674384939318345,1.5502200507611004,0.51303038972806,-1.3818517891594464,0;0;-1.38185178916;0.513030389728;1.85239716412;0;0;-0.108267936632;-0.298254808716;0;0;0,55574.99095925829,0.006,2582,0.0001,29.051555034092946,,0.0008208936440970223,0.4385247000000163,ok,same_stridge_core,Hx;D_x^1.55022 H;Hxxx;H*Hxx;H*Hxxx,0.03,1.2640595544637974
0.6293517411959527,1.8358817032640191,0.0,-1.3434778343503282,0;0;-1.34347783435;0;4.97018566133;0;0;0;-0.703301860942;0;0;0,59775.198970844154,0.006,2583,0.0001,20.34115907317183,,0.0031802495395239646,0.43415150000009817,ok,same_stridge_core,Hx;Hxxx;H*Hxxx,0.05999999999999999,2.408599381918579
0.6754343044543933,1.5932017621442174,0.583169002743827,-1.3688035287309543,0;0;-1.36880352873;0.583169002744;0;0;0;-0.110643451553;0;0;0;0,54566.35030316538,0.006,2584,0.0001,17.803612995430086,,0.001040527629364592,0.41627980000021125,ok,same_stridge_core,Hx;D_x^1.593202 H;H*Hxx,0.072,1.43370790448047
0.6549661982230257,1.4001467365701425,0.4865267777620547,-1.5713342493808409,0;0;-1.57133424938;0.486526777762;0;0;0;-0.13932837994;-0.143405257955;0;0;0,58670.16812167481,0.006,2585,0.0001,24.775595995623803,,0.0008626775661891177,0.42423669999971025,ok,same_stridge_core,Hx;D_x^1.400147 H;H*Hxx;H*Hxxx,0.04946853174603174,1.307528746953878
0.5423022805278785,1.7378881371461388,0.4431331095511119,-1.7159909923544276,0;0;-1.71599099235;0.443133109551;0;0;0;-0.138543504975;0;0;0;0,53780.82549198144,0.006,2586,0.0001,21.10559028659733,,0.013090176313039461,0.4216701999998804,ok,same_stridge_core,Hx;D_x^1.737888 H;H*Hxx,0.08848571428571433,4.971342639002896
0.6787807390106155,1.5540665998435284,0.5571842260426428,-1.3858554363892832,0;0;-1.38585543639;0.557184226043;-0.203496850374;0;0;-0.111664693258;0;0;0;0,55484.37331431335,0.006,2587,0.0001,23.50193631051662,,0.000858947002968858,0.41927540000006047,ok,same_stridge_core,Hx;D_x^1.554067 H;Hxxx;H*Hxx,0.0775636363636363,1.3081869847912755
0.6223011937967355,1.531832644301271,0.8251967205872461,-1.6692531408819107,0;0;-1.66925314088;0.825196720587;-0.0145411247175;0;0;-0.566221730458;0;0;0.0424182974736;0,56004.301243792775,0.006,2588,0.0001,29.897423218226315,,0.0017685115492298191,0.4268920999998045,ok,same_stridge_core,Hx;D_x^1.531833 H;Hxxx;H*Hxx;H^2*Hxx,0.019707142857142847,1.8952725963299288
0.696683204025751,1.8320608169302088,0.2276624338730931,-1.1778293726947828,0;0;-1.17782937269;0.227662433873;0;0;0;0;0;0;0;0,59491.675708378854,0.006,2589,0.0001,13.396619043100898,,0.0012069610478411274,0.3098672999999508,ok,same_stridge_core,Hx;D_x^1.832061 H,0.03,1.498283901425127
0.6352203911836394,1.759611169172321,1.3145727196807055,-1.4586800437442797,0;0;-1.45868004374;1.31457271968;1.18783754131;0;0;-0.758207780628;0;0;0.0636262532749;0,54635.322479219605,0.006,2590,0.0001,29.368767697360397,,0.002105881073158271,0.4155718000001798,ok,same_stridge_core,Hx;D_x^1.759611 H;Hxxx;H*Hxx;H^2*Hxx,0.041999999999999996,2.051106457750594
0.6630446287745162,1.4096376431014097,0.4691052011904746,-1.5267790561688324,0;0;-1.52677905617;0.46910520119;0;0;0;-0.127440973579;-0.128024886945;0;0;0,58506.234444911795,0.006,2591,0.0001,24.627540411747816,,0.0007580432416726411,0.4321193000000676,ok,same_stridge_core,Hx;D_x^1.409638 H;H*Hxx;H*Hxxx,0.047408518518518496,1.2250466337830994
0.6606395490880999,1.5619035798231162,0.0,-1.2768967215990394,0;0;-1.2768967216;0;0;0;0;0;0;0;0;0,55299.329996547305,0.006,2592,0.0001,7.783306386778209,,0.0026486547458440327,0.16543810000030135,ok,same_stridge_core,Hx,0.12000000000000004,2.2533733871234785
0.6334992677447456,1.2829117998486936,0.4078042871268549,-1.7134308309359398,0;0;-1.71343083094;0.407804287127;0;0;0;-0.150078880997;-0.240183422477;0;0;0,60365.788385830005,0.006,2593,0.0001,25.58799579925294,,0.0010608403076631735,0.16392769999993106,ok,same_stridge_core,Hx;D_x^1.282912 H;H*Hxx;H*Hxxx,0.047450000000000006,1.4416804449209382
0.8030329645576966,1.4260798352735014,0.0,-0.8925709219660722,0;0;-0.892570921966;0;0;0;0;0.0755364489902;0;0;0;0,58211.8148669004,0.006,2594,0.0001,13.09513654470999,,0.0010674274611171893,0.4428418000002239,ok,same_stridge_core,Hx;H*Hxx,0.029916746668077924,1.4527735713299084
0.7049082300012278,1.471881393062182,0.162625595320892,-1.2043941111273537,0;0;-1.20439411113;0.162625595321;0;0;0;0;0;0;0;0,57320.54692899891,0.006,2595,0.0001,12.653001039605769,,0.0007519401553882338,0.29997309999998834,ok,same_stridge_core,Hx;D_x^1.471881 H,0.03126315789473684,1.1888916538059853
0.6501480499702629,1.080814416823326,0.06410052718935004,-1.3758064765948539,0;0;-1.37580647659;0.0641005271894;0;0;0;0;0;0;0;0,62210.99004155474,0.006,2596,0.0001,14.449985673773993,,0.0021429349844676072,0.47109150000005684,ok,same_stridge_core,Hx;D_x^1.080814 H,0.036424999999999964,2.0077876654630447
0.6986534532595302,1.5057284389159336,0.4345348561127585,-1.3209322465853253,0;0;-1.32093224659;0.434534856113;0.623954554361;0;0;-0.0819314565695;-0.134436827289;0;0;0,56596.08889537155,0.006,2597,0.0001,29.281163108608226,,0.0004894180059142454,0.4676202000000558,ok,same_stridge_core,Hx;D_x^1.505728 H;Hxxx;H*Hxx;H*Hxxx,0.018000000000000002,0.9831186609224519
0.6504013965212503,1.5883180579926215,0.7916645395176681,-1.504014966737697,0;0;-1.50401496674;0.791664539518;0.255028409062;0;0;-0.459887755724;0;0;0.0345393909539;0,54678.91696278759,0.006,2598,0.0001,28.915562470197877,,0.0012266867292532885,0.4465274999997746,ok,same_stridge_core,Hx;D_x^1.588318 H;Hxxx;H*Hxx;H^2*Hxx,0.013854545454545467,1.5761039888040818
0.683482833488708,1.654768884976646,0.15844848112303253,-1.2308918480961515,0;0;-1.2308918481;0.158448481123;0;0;0;0;0;0;0;0,53364.97174349073,0.006,2599,0.0001,12.267413711027139,,0.0013740958047952173,0.1697533999999905,ok,same_stridge_core,Hx;D_x^1.654769 H,0.08933333333333338,1.5944193623289917
0.6672695420626922,1.5774312195729865,0.5376397387028999,-1.3885062409681117,0;0;-1.38850624097;0.537639738703;2.4333301372;0;0;-0.113721050911;-0.37130908612;0;0;0,54933.040310112614,0.006,2600,0.0001,28.860457724583874,,0.0010079299236290084,0.3284966999999597,ok,same_stridge_core,Hx;D_x^1.577431 H;Hxxx;H*Hxx;H*Hxxx,0.036,1.3939375695275642
0.6863290144979977,1.8005656713537166,0.0,-1.1968941570179912,0;0;-1.19689415702;0;0;0;0;0;0.647529285643;0;0;-0.0958715686295,57141.77203806455,0.006,2601,0.0001,18.872336032705366,,0.001559683314080124,0.41911879999997836,ok,same_stridge_core,Hx;H*Hxxx;H^2*Hxxx,0.024,1.729804421286001
0.6881347252153233,1.728769433654498,0.18111161994302394,-1.2111187748757122,0;0;-1.21111877488;0.181111619943;0;0;0;0;0;0;0;0,53530.06449050834,0.006,2602,0.0001,12.268624871219288,,0.0013174853907673004,0.40987570000015694,ok,same_stridge_core,Hx;D_x^1.728769 H,0.07281818181818187,1.5626119731176196
0.6539479281556697,1.4316175231201291,0.5506530251666,-1.5775492755411045,0;0;-1.57754927554;0.550653025167;-0.880178878505;0;0;-0.150004379064;0;0;0;0,58109.641037101974,0.006,2603,0.0001,24.65950005938565,,0.000996205222313273,0.4370928999996977,ok,same_stridge_core,Hx;D_x^1.431618 H;Hxxx;H*Hxx,0.041999999999999996,1.415643644544857
0.6619174260945454,1.8403370995179695,0.0,-1.2631776665144734,0;0;-1.26317766651;0;4.22791421618;0;0;0;-0.638119411603;0;0;0,60101.41002420688,0.006,2604,0.0001,19.925864777177747,,0.0019318253063950078,0.16938919999984137,ok,same_stridge_core,Hx;Hxxx;H*Hxxx,0.03,1.895441769915682
0.6540215814035091,1.5999441532374514,0.795671925807165,-1.4818632885104712,0;0;-1.48186328851;0.795671925807;0.302693659202;0;0;-0.450708529749;0;0;0.0339514245193;0,54413.013546595386,0.006,2605,0.0001,28.749946611739098,,0.00117701164773502,0.4406829999998081,ok,same_stridge_core,Hx;D_x^1.599944 H;Hxxx;H*Hxx;H^2*Hxx,0.018000000000000002,1.5434398384414034
0.6174096878507351,1.5230636264229553,0.813392581305461,-1.6910652972383335,0;0;-1.69106529724;0.813392581305;0.454514322007;0;0;-0.562697306612;-0.0782321529274;0;0.0415218338825;0,56205.82663409772,0.006,2606,0.0001,35.67367390677985,,0.0018781152116129753,0.41176469999982146,ok,same_stridge_core,Hx;D_x^1.523064 H;Hxxx;H*Hxx;H*Hxxx;H^2*Hxx,0.024,1.9501779263212133
0.6802607203011163,1.899679000445875,0.1598605205858723,-1.2000579541520626,0;0;-1.20005795415;0.159860520586;3.45008560378;0;0;0;-0.484944689729;0;0;0,63492.96137896222,0.006,2607,0.0001,26.970481197729722,,0.0013471776366230151,0.40908489999992526,ok,same_stridge_core,Hx;D_x^1.899679 H;Hxxx;H*Hxxx,0.03,1.5732966461448314
0.6344532465691737,1.7475172835904378,1.2811539421050526,-1.4699687092871716,0;0;-1.46996870929;1.28115394211;1.14613886183;0;0;-0.749678835299;0;0;0.0627099579918;0,54114.55792319154,0.006,2608,0.0001,29.10116881595257,,0.0020868587953829197,0.41600119999975504,ok,same_stridge_core,Hx;D_x^1.747517 H;Hxxx;H*Hxx;H^2*Hxx,0.041999999999999996,2.0438898543567996
0.6660671561427174,1.5854535558928813,0.5423920645813471,-1.3872159741754102,0;0;-1.38721597418;0.542392064581;2.57531073793;0;0;-0.114161351561;-0.388566329189;0;0;0,54745.413027627736,0.006,2609,0.0001,28.794131596411773,,0.0010507425602904717,0.4178270000002158,ok,same_stridge_core,Hx;D_x^1.585454 H;Hxxx;H*Hxx;H*Hxxx,0.036,1.4214250825979071
0.6680218502920043,1.5704197380669445,0.0,-1.256138631993442,0;0;-1.25613863199;0;0;0;0;0;0;0;0;0,55098.163260780544,0.006,2610,0.0001,7.705590865505533,,0.002494288104467629,0.42318329999989146,ok,same_stridge_core,Hx,0.15000000000000005,2.1957745394274775
0.6561051067783402,1.5980068284312503,0.7818225092663741,-1.4740622076236831,0;0;-1.47406220762;0.781822509266;0.283396677476;0;0;-0.436122102409;0;0;0.0326431679172;0,54456.79196233089,0.006,2611,0.0001,28.74232925392782,,0.001132710870349074,0.4546429000001808,ok,same_stridge_core,Hx;D_x^1.598007 H;Hxxx;H*Hxx;H^2*Hxx,0.018000000000000002,1.5139332727623769
0.7008090177565829,1.8046784552499318,0.23064997326913877,-1.1699472875033146,0;0;-1.1699472875;0.230649973269;0;0;0;0;0;0;0;0,57440.14354830586,0.006,2612,0.0001,12.915453146974318,,0.0010943260829000608,0.41869120000001203,ok,same_stridge_core,Hx;D_x^1.804678 H,0.03,1.4274244373131468
0.6871554564313325,1.4960138602303028,0.45490586938798283,-1.3685625884246733,0;0;-1.36856258842;0.454905869388;0.802941227778;0;0;-0.0950859914719;-0.170018257298;0;0;0,56809.399439108136,0.006,2613,0.0001,29.47205714617373,,0.0005777767204044027,0.4288246999999501,ok,same_stridge_core,Hx;D_x^1.496014 H;Hxxx;H*Hxx;H*Hxxx,0.04054545454545454,1.067357426619661
0.7115368128651604,1.8158518746339474,0.2619807756385305,-1.1407491740337605,0;0;-1.14074917403;0.261980775639;0;0;0;0;0;0;0;0,58271.318686438484,0.006,2614,0.0001,12.959317440431143,,0.0009101704097190451,0.47967629999993733,ok,same_stridge_core,Hx;D_x^1.815852 H,0.041999999999999996,1.3050537031434455
0.6513723211395624,1.3671121110868998,0.458068558613857,-1.599848511146145,0;0;-1.59984851115;0.458068558614;0;0;0;-0.139347393949;-0.165956851555;0;0;0,59207.58803229724,0.006,2615,0.0001,24.987233796024526,,0.0008620332053726312,0.4406281999999919,ok,same_stridge_core,Hx;D_x^1.367112 H;H*Hxx;H*Hxxx,0.018000000000000002,1.3041985831056315
0.6544031953456673,1.3671768940523157,0.44752945994485666,-1.5833964492506258,0;0;-1.58339644925;0.447529459945;0;0;0;-0.134173323807;-0.161294356396;0;0;0,59206.582514815134,0.006,2616,0.0001,24.952029210242475,,0.000817570388214487,0.3430819000000156,ok,same_stridge_core,Hx;D_x^1.367177 H;H*Hxx;H*Hxxx,0.018000000000000002,1.2693962043164206
0.6965786791088826,1.3765041817150772,0.13623074552410075,-1.2370792773110637,0;0;-1.23707927731;0.136230745524;0;0;0;0;0;0;0;0,59059.9225233281,0.006,2617,0.0001,13.0767845433043,,0.0008484492770386278,0.20422570000027918,ok,same_stridge_core,Hx;D_x^1.376504 H,0.0939857142857143,1.264800038638677
0.4972392560879621,1.744173936481382,1.9678499139034455,-2.170348500021642,-0.0593008709824;0;-2.17034850002;1.9678499139;0;0;0;-1.68403529884;0;0;0.141276180558;0,53990.552888764585,0.006,2618,0.0001,32.00012207321158,,0.012434885833235806,0.4400026999996953,ok,same_stridge_core,1;Hx;D_x^1.744174 H;H*Hxx;H^2*Hxx,0.047999999999999994,5.004845628829289
0.6639654651113366,1.8100668212901674,0.0,-1.2582591269442265,0;0;-1.25825912694;0;4.18320497018;0;0;0;-0.634202523968;0;0;0,57838.03714340413,0.006,2619,0.0001,19.227954472479556,,0.0018889895472217456,0.155237599999964,ok,same_stridge_core,Hx;Hxxx;H*Hxxx,0.041999999999999996,1.8765433294583158
0.6141830238410672,1.5041893937236646,0.8011725925470359,-1.7228786853669795,0;0;-1.72287868537;0.801172592547;0.190994658237;0;0;-0.56393584903;-0.0593761816406;0;0.04113536603;0,56630.15601950513,0.006,2620,0.0001,35.94858595204695,,0.0019160605264895748,0.4478257999999187,ok,same_stridge_core,Hx;D_x^1.504189 H;Hxxx;H*Hxx;H*Hxxx;H^2*Hxx,0.024,1.9704923403438686
0.8630184444853013,1.3272692006099127,0.0,-0.7604730917207285,0;0;-0.760473091721;0;0;0;0;0.0917445101266;0;0;0;0,59791.198444988586,0.006,2621,0.0001,13.798716431533833,,0.0017245307840285423,0.4237898999999743,ok,same_stridge_core,Hx;H*Hxx,0.04127917739486366,1.8404767425361148
0.7064239079690096,1.6668395481166112,0.20603129294615208,-1.1728525561830732,0;0;-1.17285255618;0.206031292946;0;0;0;0;0;0;0;0,53220.81268364966,0.006,2622,0.0001,11.916026705159384,,0.0008663299476862255,0.40980480000007447,ok,same_stridge_core,Hx;D_x^1.66684 H,0.06085714285714285,1.2718641684294503
0.7349096427906396,1.6734364863203801,0.26034571611392693,-1.1040656599890704,0;0;-1.10406565999;0.260345716114;0;0;0;0;0;0;0;0,53162.86531449193,0.006,2623,0.0001,11.656163177013298,,0.0005469156605793664,0.4109064000003855,ok,same_stridge_core,Hx;D_x^1.673436 H,0.05353650793650792,1.0235901141149109
0.6892865227397122,1.596331349161834,0.5090519837799706,-1.3047921723792781,0;0;-1.30479217238;0.50905198378;1.90113403156;0;0;-0.0911265231114;-0.28179454434;0;0;0,54494.84413365634,0.006,2624,0.0001,28.382443827002447,,0.0006630989935989412,0.2956390999997893,ok,same_stridge_core,Hx;D_x^1.596331 H;Hxxx;H*Hxx;H*Hxxx,0.03,1.135021760174277
0.6720090902864911,1.5792870484150345,0.12760919368219337,-1.2675730790563837,0;0;-1.26757307906;0.127609193682;0;0;0;0;0;0;0;0,54889.48571073077,0.006,2625,0.0001,12.730933816116297,,0.001665388726746353,0.4104571000002579,ok,same_stridge_core,Hx;D_x^1.579287 H,0.10200000000000002,1.7530366739701422
0.6909208922761222,1.852710780839709,0.0,-1.2254118892246877,-0.0246808254617;0;-1.22541188922;0;0;0;0;0;0.154537314116;0;0;-0.0356432233187,60972.024871504946,0.006,2626,0.0001,25.89419250878464,,0.0011689995124784666,0.4327726999999868,ok,same_stridge_core,1;Hx;H*Hxxx;H^2*Hxxx,0.018000000000000002,1.5053825601826611
0.6639654651113366,1.857807301126137,0.0,-1.2582591269442265,0;0;-1.25825912694;0;4.18320497018;0;0;0;-0.634202523968;0;0;0,61311.197457240276,0.006,2627,0.0001,20.2699025666304,,0.0018889895472217456,0.0458585999999741,ok,same_stridge_core,Hx;Hxxx;H*Hxxx,0.03,1.8765433294583158
0.6925774777168572,1.5792262582186039,0.5325690548489449,-1.3149545142744095,0;0;-1.31495451427;0.532569054849;0;0;0;-0.0930382750416;0;0;0;0,54890.9111671845,0.006,2628,0.0001,17.636810650127078,,0.000686494316371832,0.4090879999998833,ok,same_stridge_core,Hx;D_x^1.579226 H;H*Hxx,0.05399999999999999,1.1695372999717257
0.6666100899838703,1.654768884976646,0.8418918561893614,-1.4008451397937727,0;0;-1.40084513979;0.841891856189;0.505776320754;0;0;-0.432583354256;0;0;0.0331880982968;0,53364.97174349073,0.006,2629,0.0001,28.133148119997006,,0.001042890731185679,0.1555420999998205,ok,same_stridge_core,Hx;D_x^1.654769 H;Hxxx;H*Hxx;H^2*Hxx,0.018000000000000002,1.4506622482516438
0.6955808475370352,1.8162607255784384,0.0,-1.180845693670449,0;0;-1.18084569367;0;0;0;0;0;0;0;0;0,58302.09957224951,0.006,2630,0.0001,7.982907215523162,,0.002335443840068544,0.4120122999997875,ok,same_stridge_core,Hx,0.04799999999999996,2.1526972582982102
0.6076118181329117,1.4228609921718927,0.6989791619957166,-1.816765504793901,0;0;-1.81676550479;0.698979161996;0;0;0;-0.227485690609;-0.195196312268;0;0;0,58270.50242983932,0.006,2631,0.0001,25.44964315519191,,0.002296742328694251,0.4172551999999996,ok,same_stridge_core,Hx;D_x^1.422861 H;H*Hxx;H*Hxxx,0.03,2.141442183256181
0.7178791099416864,1.4691870555660702,0.17624947558019047,-1.1783684772504486,0;0;-1.17836847725;0.17624947558;-0.0724140021468;0;0;0;0;0;0;0,57375.876584079415,0.006,2632,0.0001,18.2769012539568,,0.000596698334684198,0.42541380000011486,ok,same_stridge_core,Hx;D_x^1.469187 H;Hxxx,0.012,1.0641382787329763
0.7483785569304435,1.4115286300817185,0.19564446491969154,-1.1201108569950313,0;0;-1.120110857;0.19564446492;0;0;0;0;0;0;0;0,58473.048402293876,0.006,2633,0.0001,12.760220154084019,,0.0005816244833781377,0.42482410000002346,ok,same_stridge_core,Hx;D_x^1.411529 H,0.018000000000000002,1.0656104736252432
0.643016866713942,1.2241060046658563,0.3072499855083605,-1.6515304432662847,0;0;-1.65153044327;0.307249985508;0;0;0;-0.117016172944;-0.24125160933;0;0;0,61020.70125413849,0.006,2634,0.0001,25.766515860282666,,0.0009505760306863545,0.41359319999992294,ok,same_stridge_core,Hx;D_x^1.224106 H;H*Hxx;H*Hxxx,0.04713669616098187,1.3582353586272693
0.677176144641104,1.5821313216700748,0.13714352641215402,-1.2545931698663568,0;0;-1.25459316987;0.137143526412;0;0;0;0;0;0;0;0,54822.89291681472,0.006,2635,0.0001,12.625627658634519,,0.0014938021802739284,0.4167022999999972,ok,same_stridge_core,Hx;D_x^1.582131 H,0.12600000000000003,1.6610490752715745
0.7080516972918924,1.8225816488005544,0.2553554089387571,-1.1489521200477704,0;0;-1.14895212005;0.255355408939;0;0;0;0;0;0;0;0,58779.11038055401,0.006,2636,0.0001,13.104762499012573,,0.000974181208651187,0.4033140999999887,ok,same_stridge_core,Hx;D_x^1.822582 H,0.036424999999999964,1.34894042290177
0.737526941486513,1.8124275287245246,0.32381515083406,-1.0756465969719022,0;0;-1.07564659697;0.323815150834;0;0;0;0;0;0;0;0,58014.25424248858,0.006,2637,0.0001,12.68480964772044,,0.0006123818331592493,0.43019890000005034,ok,same_stridge_core,Hx;D_x^1.812428 H,0.018000000000000002,1.081958799222724
0.7457885025575792,1.6594636554038835,0.27366325302746297,-1.0813483189912394,0;0;-1.08134831899;0.273663253027;0;0;0;0;0;0;0;0,53303.51890258852,0.006,2638,0.0001,11.639530035895088,,0.0004940175120987381,0.42970530000002327,ok,same_stridge_core,Hx;D_x^1.659464 H,0.03524359803353264,0.9788262553773855
0.6978082224520974,1.6153981998861546,0.5447505579951708,-1.2828953069930675,0;0;-1.28289530699;0.544750557995;0;0;0;-0.0874991967744;0;0;0;0,54074.441848391834,0.006,2639,0.0001,17.377264572709716,,0.0006732841876594057,0.4176652000001013,ok,same_stridge_core,Hx;D_x^1.615398 H;H*Hxx,0.047999999999999994,1.1549320181921614
0.6807421494851551,1.5704197380669445,0.5100998466134463,-1.3474315696328756,0;0;-1.34743156963;0.510099846613;1.89444405244;0;0;-0.100467812058;-0.293213801198;0;0;0,55098.163260780544,0.006,2640,0.0001,28.756678314483885,,0.000750228160228573,0.1561652000000322,ok,same_stridge_core,Hx;D_x^1.57042 H;Hxxx;H*Hxx;H*Hxxx,0.039230769230769236,1.2075966840936128
0.677719588321012,1.2428830738753986,0.0993171026953694,-1.2964600414293665,0;0;-1.29646004143;0.0993171026954;0;0;0;0;0;0;0;0,60823.77434868959,0.006,2641,0.0001,13.683474244099687,,0.0012211250162115737,0.40217600000005405,ok,same_stridge_core,Hx;D_x^1.242883 H,0.05117647058823526,1.5187193743617668
0.6695365247205841,1.5838727362843157,0.5558165121157106,-1.3842774480483457,0;0;-1.38427744805;0.555816512116;4.41213469643;0;0;-0.113297766751;-1.03167027309;0;0;0.0522068766026,54782.237293392376,0.006,2642,0.0001,34.221784164752876,,0.0009584430275374074,0.42013550000001487,ok,same_stridge_core,Hx;D_x^1.583873 H;Hxxx;H*Hxx;H*Hxxx;H^2*Hxxx,0.012710526315789485,1.3524417887174487
0.7009968007312124,1.4492594000183665,0.153620536548409,-1.2165728030933134,0;0;-1.21657280309;0.153620536548;0;0;0;0;0;0;0;0,57773.895039726885,0.006,2643,0.0001,12.782095810398012,,0.0008024078279577989,0.4088169999999991,ok,same_stridge_core,Hx;D_x^1.449259 H,0.04119212552775577,1.2273168024526344
0.6792085847468052,1.5866886166220362,0.5705969270986281,-1.3586464175858226,0;0;-1.35864641759;0.570596927099;0;0;0;-0.107033478614;0;0;0;0,54716.7031565661,0.006,2644,0.0001,17.77916414973054,,0.0009393222719768486,0.41331819999959407,ok,same_stridge_core,Hx;D_x^1.586689 H;H*Hxx,0.07767041847041846,1.3641532027607084
0.7256378346399236,1.7069404096981864,0.5534299127020201,-1.163394685109095,0;0;-1.16339468511;0.553429912702;0;0;0;-0.0622699834375;0;0;0;0,53170.677972227815,0.006,2645,0.0001,16.950797386700057,,0.0005042247033013167,0.2981969000002209,ok,same_stridge_core,Hx;D_x^1.70694 H;H*Hxx,0.018000000000000002,0.9995939950317123
0.6923074155353686,1.745167792725286,0.19426172854553017,-1.1986184193177518,0;0;-1.19861841932;0.194261728546;0;0;0;0;0;0;0;0,54026.50891444701,0.006,2646,0.0001,12.314861296998737,,0.0012279833861674617,0.4044420000000173,ok,same_stridge_core,Hx;D_x^1.745168 H,0.05353650793650792,1.5095595141093343
0.6529639726399806,1.430047244336886,0.5100350485146299,-1.5566848593391938,0;0;-1.55668485934;0.510035048515;0.590858581691;0;0;-0.141978549193;-0.205739686664;0;0;0,58138.7687144466,0.006,2647,0.0001,30.449327136858525,,0.0009625525162019302,0.4201846000000842,ok,same_stridge_core,Hx;D_x^1.430047 H;Hxxx;H*Hxx;H*Hxxx,0.024,1.3799427796352217
0.678714925155291,1.595430963206009,0.14142689402417757,-1.24931822706932,0;0;-1.24931822707;0.141426894024;0;0;0;0;0;0;0;0,54515.361532895324,0.006,2648,0.0001,12.544561573790109,,0.001458333812202685,0.41106019999961063,ok,same_stridge_core,Hx;D_x^1.595431 H,0.09960000000000005,1.6414892672110435
0.6891070196542026,1.7441008928521406,0.6038346957582178,-1.2363647363656904,0;0;-1.23636473637;0.603834695758;4.67758949341;0;0;-0.0848540641628;-0.910477703976;0;0;0.0368013490706,53987.94158900476,0.006,2649,0.0001,33.64965167306687,,0.0008474148797366154,0.4131659999998192,ok,same_stridge_core,Hx;D_x^1.744101 H;Hxxx;H*Hxx;H*Hxxx;H^2*Hxxx,0.029428571428571398,1.2568867196640103
0.6968898891339174,1.795241870498847,0.21783481826059783,-1.1812512319682413,0;0;-1.18125123197;0.217834818261;0;0;0;0;0;0;0;0,56764.339390404224,0.006,2650,0.0001,12.82690742498806,,0.0011686513344935769,0.4133737000001929,ok,same_stridge_core,Hx;D_x^1.795242 H,0.03,1.4740395469072145
0.6407249399685,1.5704036178035137,0.8058011529689659,-1.557500742869705,0;0;-1.55750074287;0.805801152969;0.187977943651;0;0;-0.498630676;0;0;0.0375433836603;0,55098.54393975747,0.006,2651,0.0001,29.23323007465648,,0.0013986006020532532,0.16672440000002098,ok,same_stridge_core,Hx;D_x^1.570404 H;Hxxx;H*Hxx;H^2*Hxx,0.024476190476190467,1.6839581047777448
0.6327943431763403,1.6816065734506436,1.097981068425873,-1.5210908700791892,0;0;-1.52109087008;1.09798106843;0.853064057897;0;0;-0.682113078497;0;0;0.0557510733627;0,53114.84779948999,0.006,2652,0.0001,28.524075230715315,,0.0019161842830961852,0.4140542000000096,ok,same_stridge_core,Hx;D_x^1.681607 H;Hxxx;H*Hxx;H^2*Hxx,0.041999999999999996,1.9666513309703224
0.677719588321012,1.2829117998486936,0.0988162282759363,-1.30004262005364,0;0;-1.30004262005;0.0988162282759;0;0;0;0;-0.0450449143456;0;0;0,60365.788385830005,0.006,2653,0.0001,19.587539120453933,,0.001187249531033108,0.04133999999976368,ok,same_stridge_core,Hx;D_x^1.282912 H;H*Hxxx,0.018000000000000002,1.4778026047049317
0.685104824681135,1.2891520608633804,0.11177686041014688,-1.2743652980990565,0;0;-1.2743652981;0.11177686041;0;0;0;0;0;0;0;0,60289.405734492895,0.006,2654,0.0001,13.46805726757427,,0.0010527101286264356,0.43713640000032683,ok,same_stridge_core,Hx;D_x^1.289152 H,0.018000000000000002,1.4101761206756904
0.6712998719704264,1.624481128462946,0.546598664605084,-1.3454364354079689,0;0;-1.34543643541;0.546598664605;2.83870385446;0;0;-0.105263220454;-0.41031220055;0;0;0,53887.155204208895,0.006,2655,0.0001,28.335313174802096,,0.0010147861389133584,0.43581429999994725,ok,same_stridge_core,Hx;D_x^1.624481 H;Hxxx;H*Hxx;H*Hxxx,0.018000000000000002,1.391735572697649
0.6631175533080825,1.225533425973273,0.0867848510127567,-1.331838737618141,0;0;-1.33183873762;0.0867848510128;0;0;0;0;0;0;0;0,61006.111079879476,0.006,2656,0.0001,13.967183382913408,,0.0016691813457430037,0.4153031999999257,ok,same_stridge_core,Hx;D_x^1.225533 H,0.036,1.765961166937511
0.6823793731836226,1.7567576897119916,0.5817088712906912,-1.2456566041535495,0;0;-1.24565660415;0.581708871291;3.57322812857;0;0;-0.0840650353575;-0.485936312375;0;0;0,54502.32843463731,0.006,2657,0.0001,28.616647526438136,,0.0010008148541619014,0.42252019999978074,ok,same_stridge_core,Hx;D_x^1.756758 H;Hxxx;H*Hxx;H*Hxxx,0.018000000000000002,1.3654833091194811
0.6859247083589631,1.032036745474375,0.06590351718791491,-1.3164880491789877,0;0;-1.31648804918;0.0659035171879;0;0;0;0;-0.11046487743;0;0;0,62511.80318912293,0.006,2658,0.0001,20.117503403184525,,0.00098914507241605,0.15974270000015167,ok,same_stridge_core,Hx;D_x^1.032037 H;H*Hxxx,0.029288796800552803,1.3639624464476447
0.7475903610504204,1.776757868408872,0.5994631967066049,-1.0819979912726814,0;0;-1.08199799127;0.599463196707;0;0;0;-0.0506754859998;0;0;0;0,55559.742025969965,0.006,2659,0.0001,17.618962600213376,,0.0004515162808999281,0.30413299999963783,ok,same_stridge_core,Hx;D_x^1.776758 H;H*Hxx,0.012,0.9510399924223825
0.6472435962028387,1.4166587777991575,0.5348037091008807,-1.6052633461191574,0;0;-1.60526334612;0.534803709101;0;0;0;-0.154903570791;-0.144411498522;0;0;0,58382.139261571676,0.006,2660,0.0001,24.79514172417085,,0.001045592491265034,0.41412709999985964,ok,same_stridge_core,Hx;D_x^1.416659 H;H*Hxx;H*Hxxx,0.03,1.4422860195421792
0.6718172862375067,1.3917084416649932,0.4174442846984396,-1.4870429647362227,0;0;-1.48704296474;0.417444284698;0;0;0;-0.110141575122;-0.125259191586;0;0;0,58812.28960162537,0.006,2661,0.0001,24.641045254057982,,0.0006335537270469915,0.4209939000002123,ok,same_stridge_core,Hx;D_x^1.391708 H;H*Hxx;H*Hxxx,0.018000000000000002,1.116129413407832
0.6697132553362227,1.8092358244439135,0.0,-1.2445370402564402,0;0;-1.24453704026;0;4.05894930265;0;0;0;-0.623322317363;0;0;0,57776.24057828206,0.006,2662,0.0001,19.165555477373896,,0.001788530871732206,0.409297400000014,ok,same_stridge_core,Hx;Hxxx;H*Hxxx,0.036,1.8326833038892805
0.6725285248582977,1.5799854521606138,0.12860794499806943,-1.2662204376869077,0;0;-1.26622043769;0.128607944998;0;0;0;0;0;0;0;0,54873.113683816795,0.006,2663,0.0001,12.718441620182318,,0.00164778215619265,0.4124168999996982,ok,same_stridge_core,Hx;D_x^1.579985 H,0.10800000000000003,1.7438188834189587
0.8012168288427677,1.1866668782742202,0.0,-0.8852205143528685,0;0;-0.885220514353;0;0;0;0;0.398252154914;0.303248292468;0;-0.0399466343421;-0.0499069888808,61382.225667725,0.006,2664,0.0001,31.672285326490144,,0.00047722756131079894,0.42125709999982064,ok,same_stridge_core,Hx;H*Hxx;H*Hxxx;H^2*Hxx;H^2*Hxxx,0.018000000000000002,0.9811724926276474
0.6226290561291749,1.5039153823986124,0.7233214344588389,-1.6688390044512271,0;0;-1.66883900445;0.723321434459;-0.636627973324;0;0;-0.197462959469;0;0;0;0,56636.210901074,0.006,2665,0.0001,24.843825982076226,,0.002399884159429892,0.4156310000003032,ok,same_stridge_core,Hx;D_x^1.503915 H;Hxxx;H*Hxx,0.06613426573426574,2.1893416216466246
0.6889354147208735,1.7421023588029343,0.18563168051288673,-1.207647183882488,0;0;-1.20764718388;0.185631680513;0;0;0;0;0;0;0;0,53918.06855420297,0.006,2666,0.0001,12.341582275341057,,0.0013092117389301343,0.4075410999998894,ok,same_stridge_core,Hx;D_x^1.742102 H,0.0648880896880897,1.5579685645004633
0.6695660920034366,1.3202494155791002,0.1017601660539199,-1.3054429129947158,0;0;-1.30544291299;0.101760166054;0;0;0;0;0;0;0;0,59887.18143400656,0.006,2667,0.0001,13.647617047566872,,0.0015009926836544935,0.30353610000020126,ok,same_stridge_core,Hx;D_x^1.320249 H,0.03,1.6701807607655594
0.6731117960558689,1.5100657827558337,0.5462217659206492,-1.436902811202442,0;0;-1.4369028112;0.546221765921;-0.393146834199;0;0;-0.12102775328;0;0;0;0,56499.550907651326,0.006,2668,0.0001,23.905692998334782,,0.0008513040858817394,0.2946985000003224,ok,same_stridge_core,Hx;D_x^1.510066 H;Hxxx;H*Hxx,0.08475,1.305872635274251
0.6524683696393541,1.3660282765143141,0.4528417273822971,-1.5941376731537233,0;0;-1.59413767315;0.452841727382;0;0;0;-0.137243561507;-0.16482974268;0;0;0,59224.37216466088,0.006,2669,0.0001,24.97987682485136,,0.0008440455272935054,0.419944900000246,ok,same_stridge_core,Hx;D_x^1.366028 H;H*Hxx;H*Hxxx,0.029298586469525573,1.290127958987005
0.7046965748052096,1.1005770024849066,0.08235667110434974,-1.2690640485885076,0;0;-1.26906404859;0.0823566711043;0;0;0;0;-0.107426634915;0;0;0,62075.62835247146,0.006,2670,0.0001,19.85158421315033,,0.000787544066181106,0.42624560000012934,ok,same_stridge_core,Hx;D_x^1.100577 H;H*Hxxx,0.018000000000000002,1.2288957074088878
0.6742433244690236,1.5819839862098202,0.13188291547682932,-1.261790587926078,0;0;-1.26179058793;0.131882915477;0;0;0;0;0;0;0;0,54826.337999262345,0.006,2671,0.0001,12.6788038744492,,0.0015905838976853217,0.152104700000109,ok,same_stridge_core,Hx;D_x^1.581984 H,0.09870000000000004,1.713536274596731
0.6683852833050064,1.2363336416072421,0.08663744385726171,-1.3279178073762163,0;0;-1.32791780738;0.0866374438573;0;0;0;0;-0.0491837807999;0;0;0,60893.70391786605,0.006,2672,0.0001,19.891673215841926,,0.0014379117096529786,0.43217239999967205,ok,same_stridge_core,Hx;D_x^1.236334 H;H*Hxxx,0.024,1.623562040482111
0.6742417990968399,1.8767138735488176,0.0,-1.2338102015839338,0;0;-1.23381020158;0;3.96231140736;0;0;0;-0.614866150329;0;0;0,62441.28123987311,0.006,2673,0.0001,20.540085114308702,,0.001729079021040487,0.16765829999985726,ok,same_stridge_core,Hx;Hxxx;H*Hxxx,0.024,1.8077007423467666
0.6884915924224331,1.8373348667272553,0.0,-1.1998863424053898,0;0;-1.19988634241;0;0;0;0;0;0;0;0;0,59882.18116045236,0.006,2674,0.0001,8.127634871366133,,0.002319126074195091,0.1495921000000635,ok,same_stridge_core,Hx,0.036,2.1394167553208963
0.6809022540970896,1.6669787496525366,0.5828627035146164,-1.3115962562068573,0;0;-1.31159625621;0.582862703515;0;0;0;-0.0948501420918;0;0;0;0,53219.42636768376,0.006,2675,0.0001,17.443394459811987,,0.0011264984404424966,0.1499850999998671,ok,same_stridge_core,Hx;D_x^1.666979 H;H*Hxx,0.05306454039787372,1.4775665495068582
0.53967144144635,1.7140246866460382,1.8821449629002929,-1.90771891160217,0;0;-1.9077189116;1.8821449629;1.81766750647;0;0;-1.49065909526;0;0;0.129112982927;0,53252.16675725147,0.006,2676,0.0001,30.505451791470538,,0.007463378828823935,0.41789879999987534,ok,same_stridge_core,Hx;D_x^1.714025 H;Hxxx;H*Hxx;H^2*Hxx,0.06234285714285716,3.8793684128448
0.7093643388663542,1.7322116164091854,0.2295364550263919,-1.1569703416519905,0;0;-1.15697034165;0.229536455026;0;0;0;0;0;0;0;0,53617.390853244644,0.006,2677,0.0001,12.000867543284446,,0.0008728007890525699,0.2968500000001768,ok,same_stridge_core,Hx;D_x^1.732212 H,0.049562499999999975,1.2773893726355163
0.6598686484424947,1.5548857230062048,0.5449409024900341,-1.4301813192363424,0;0;-1.43018131924;0.54494090249;2.38846752465;0;0;-0.123971085839;-0.377886629164;0;0;0,55465.05491270855,0.006,2678,0.0001,29.20593895334362,,0.001123020242702755,0.41939769999999044,ok,same_stridge_core,Hx;D_x^1.554886 H;Hxxx;H*Hxx;H*Hxxx,0.047137912087912084,1.4734114969893466
0.686231750009461,1.2781605908743794,0.3707738903201181,-1.4757153588648662,0.0282972059344;0;-1.47571535886;0.37077389032;-0.769831337249;0;0;-0.0793135481176;0;0;0;0,60423.01201143877,0.006,2679,0.0001,31.141897093580067,,0.00044810782588532616,0.42708870000024035,ok,same_stridge_core,1;Hx;D_x^1.278161 H;Hxxx;H*Hxx,0.018000000000000002,0.9303910878606821
0.6796070259064824,1.2743290451831562,0.09912139795600255,-1.2973505491467605,0;0;-1.29735054915;0.099121397956;0;0;0;0;-0.0475197093275;0;0;0,60468.581387242724,0.006,2680,0.0001,19.583393324576058,,0.0011305435388552839,0.4157369999998082,ok,same_stridge_core,Hx;D_x^1.274329 H;H*Hxxx,0.018000000000000002,1.4428189084032383
0.6830442863656481,1.5704036178035137,0.5058865654718234,-1.3397384381417485,0;0;-1.33973843814;0.505886565472;1.81912113441;0;0;-0.0981497953891;-0.281785793854;0;0;0,55098.54393975747,0.006,2681,0.0001,28.72967527780603,,0.0007159132090637054,0.1553874999999607,ok,same_stridge_core,Hx;D_x^1.570404 H;Hxxx;H*Hxx;H*Hxxx,0.03,1.1804033079272969
0.649222023062237,1.4295074962515137,0.5668052137320702,-1.603150649056339,0;0;-1.60315064906;0.566805213732;-0.927344158173;0;0;-0.15789012356;0;0;0;0,58148.752819882226,0.006,2682,0.0001,24.74079933011046,,0.0010898304234188,0.40917639999997846,ok,same_stridge_core,Hx;D_x^1.429507 H;Hxxx;H*Hxx,0.047999999999999994,1.481298202157569
0.6681771369613387,1.5988863389542172,0.6028240090541775,-1.3914100976208699,0;0;-1.39141009762;0.602824009054;0;0;0;-0.117740915694;0;0;0;0,54436.88775437672,0.006,2683,0.0001,17.894970830025862,,0.0012426542660429953,0.4127708999999413,ok,same_stridge_core,Hx;D_x^1.598886 H;H*Hxx,0.078,1.5639045037128452
0.6892865227397122,1.565081633465423,0.5295057281803298,-1.3317713673215597,0;0;-1.33177136732;0.52950572818;0;0;0;-0.0961436816418;0;0;0;0,55224.228156391546,0.006,2684,0.0001,17.75977074782211,,0.0007123697033356022,0.29232790000014575,ok,same_stridge_core,Hx;D_x^1.565082 H;H*Hxx,0.05999999999999999,1.192502300904641
0.7184048918322975,1.6521318783538201,0.2243148949334951,-1.146183557323797,0;0;-1.14618355732;0.224314894933;0;0;0;0;0;0;0;0,53402.22978178595,0.006,2685,0.0001,11.81394966241129,,0.0006816834812994372,0.4054371999995965,ok,same_stridge_core,Hx;D_x^1.652132 H,0.07101098901098908,1.1335037060540984
0.6912406183116386,1.3894265763147668,0.130402726797961,-1.2510030263618461,0;0;-1.25100302636;0.130402726798;-0.113185304788;0;0;0;0;0;0;0,58850.142088646695,0.006,2686,0.0001,18.984563567188363,,0.0009494744685195407,0.29817300000013347,ok,same_stridge_core,Hx;D_x^1.389427 H;Hxxx,0.018000000000000002,1.3295209405943533
0.6879281653473964,1.759915558258348,0.18683334974092744,-1.2084192838877081,0;0;-1.20841928389;0.186833349741;0;0;0;0;0;0;0;0,54649.872312370404,0.006,2687,0.0001,12.513247220708912,,0.001352085972027093,0.29647650000015346,ok,same_stridge_core,Hx;D_x^1.759916 H,0.041999999999999996,1.5832727582348303
0.6545268332706953,1.7234956508676096,0.5648616659776678,-1.3402017466241605,0;0;-1.34020174662;0.564861665978;4.41463723193;0;0;-0.102940777996;-0.617587001345;0;0;0,53413.099902542366,0.006,2688,0.0001,28.47105920920928,,0.001678283938243916,0.2963359999998829,ok,same_stridge_core,Hx;D_x^1.723496 H;Hxxx;H*Hxx;H*Hxxx,0.03833684210526314,1.7645092579380954
0.7475903610504204,1.59433772177624,0.42583533935645806,-1.1316345150203375,0;0;-1.13163451502;0.425835339356;0;0;0;-0.0427013833799;0;0;0;0,54540.33390083168,0.006,2689,0.0001,17.257624647700226,,0.00040310130779488425,0.3003082000000177,ok,same_stridge_core,Hx;D_x^1.594338 H;H*Hxx,0.012,0.8955244774507208
0.6717650942357277,1.5794900382146202,0.5302718212549743,-1.3719425467897155,0;0;-1.37194254679;0.530271821255;2.30394776454;0;0;-0.108946294125;-0.350575396856;0;0;0,54884.72604787028,0.006,2690,0.0001,28.775702379605775,,0.0009207778898452448,0.4146709000001465,ok,same_stridge_core,Hx;D_x^1.57949 H;Hxxx;H*Hxx;H*Hxxx,0.07114285714285719,1.3333393556706337
0.6796070259064824,1.2743290451831562,0.09912139795600294,-1.2973505491467556,0;0;-1.29735054915;0.099121397956;0;0;0;0;-0.0475197093275;0;0;0,60468.581387242724,0.006,2691,0.0001,19.58339332457606,,0.0011305435388552839,0.04230139999981475,ok,same_stridge_core,Hx;D_x^1.274329 H;H*Hxxx,0.018000000000000002,1.4428189084032443
0.6590180489788051,1.3951153119656006,0.4659242808564365,-1.5518045512588805,0;0;-1.55180455126;0.465924280856;0;0;0;-0.131683700436;-0.140567211357;0;0;0,58755.31731666387,0.006,2692,0.0001,24.753470431953325,,0.0007918095293742819,0.41492699999980687,ok,same_stridge_core,Hx;D_x^1.395115 H;H*Hxx;H*Hxxx,0.031166818834187253,1.251343505287775
0.7269236437916464,1.9919870386538077,0.39824591434072265,-1.0767117642868695,0;0;-1.07671176429;0.398245914341;0;0;0;0;0;0;0;0,64257.63638817611,0.006,2693,0.0001,14.122547743172127,,0.0008563965508401119,0.4082135999997263,ok,same_stridge_core,Hx;D_x^1.991987 H,0.024,1.2710204655369033
0.6676804002683634,1.8403370995179695,0.0,-1.2493764725599774,0;0;-1.24937647256;0;4.1026905014;0;0;0;-0.62715150101;0;0;0,60101.41002420688,0.006,2694,0.0001,19.877065673009156,,0.0018207937864301472,0.149681899999905,ok,same_stridge_core,Hx;Hxxx;H*Hxxx,0.024,1.8466426657470896
0.6360133161069536,1.521020773465133,0.679988620826447,-1.589525265337316,0;0;-1.58952526534;0.679988620826;-0.478894268452;0;0;-0.173476840964;0;0;0;0,56252.4074587784,0.006,2695,0.0001,24.470003338213505,,0.0019458134886473414,0.3982728999999381,ok,same_stridge_core,Hx;D_x^1.521021 H;Hxxx;H*Hxx,0.05399999999999999,1.9690403547021442
0.6823128525857447,1.7560979129034484,0.5814801715883977,-1.2461208787611933,0;0;-1.24612087876;0.581480171588;3.57122969558;0;0;-0.0841667102632;-0.485727292321;0;0;0,54472.45948372329,0.006,2696,0.0001,28.602048741037848,,0.0010012122735840808,0.42383420000032856,ok,same_stridge_core,Hx;D_x^1.756098 H;Hxxx;H*Hxx;H*Hxxx,0.018000000000000002,1.3658189991762013
0.81136371321189,1.4161145928391823,0.0,-0.8733273510245381,0;0;-0.873327351025;0;0;0;0;0.07804037921;0;0;0;0,58391.84453641128,0.006,2697,0.0001,13.180868998766687,,0.0011418551848845129,0.41019710000000487,ok,same_stridge_core,Hx;H*Hxx,0.047873003451574865,1.5025000914844322
0.6879034255396871,1.5567238766022329,0.4894350019861478,-1.331308494955078,0;0;-1.33130849496;0.489435001986;1.50658158084;0;0;-0.093683146772;-0.24146574609;0;0;0,55421.678527253556,0.006,2698,0.0001,28.824668943739578,,0.0006340124173422078,0.41019269999969765,ok,same_stridge_core,Hx;D_x^1.556724 H;Hxxx;H*Hxx;H*Hxxx,0.03529323308270678,1.1138296801128005
0.6639122900796601,1.5580495183215093,0.5375934872799331,-1.4134887183920297,0;0;-1.41348871839;0.53759348728;2.29614879294;0;0;-0.119146467408;-0.361661150657;0;0;0,55390.37965195714,0.006,2699,0.0001,29.112751816155253,,0.001038780010026186,0.2880605000000287,ok,same_stridge_core,Hx;D_x^1.55805 H;Hxxx;H*Hxx;H*Hxxx,0.053294117647058784,1.4175619901766834
0.7199747129406928,1.5704197380669445,0.45824637428491294,-1.224177461452117,0;0;-1.22417746145;0.458246374285;0;0;0;-0.0646200063557;0;0;0;0,55098.163260780544,0.006,2700,0.0001,17.453714494219675,,0.0004269861817214672,0.15399879999995392,ok,same_stridge_core,Hx;D_x^1.57042 H;H*Hxx,0.03,0.9242655159855091
0.6591405992984514,1.5819839862098202,0.5537513931052341,-1.4131625293353645,0;0;-1.41316252934;0.553751393105;2.77733639837;0;0;-0.121662241694;-0.421069312085;0;0;0,54826.337999262345,0.006,2701,0.0001,28.934954750276454,,0.0012066131811495726,0.1533610999999837,ok,same_stridge_core,Hx;D_x^1.581984 H;Hxxx;H*Hxx;H*Hxxx,0.018000000000000002,1.5217857506452812
0.6642131397808142,1.6083748822563748,0.55184264962354,-1.3782380295838208,0;0;-1.37823802958;0.551842649624;2.91844007097;0;0;-0.113460135848;-0.429142179089;0;0;0,54225.6840634386,0.006,2702,0.0001,28.590344151841816,,0.0011428252516860135,0.42399620000014693,ok,same_stridge_core,Hx;D_x^1.608375 H;Hxxx;H*Hxx;H*Hxxx,0.018000000000000002,1.4775021201225118
0.6925363757074682,1.712974776932607,0.5625896925661574,-1.253360247300596,0;0;-1.2533602473;0.562589692566;0;0;0;-0.0774371311478;0;0;0;0,53238.054839081124,0.006,2703,0.0001,17.34620382214814,,0.0009821566212798193,0.29732349999994767,ok,same_stridge_core,Hx;D_x^1.712975 H;H*Hxx,0.036,1.3747873704238032
0.6848831599218956,1.7106736542254901,0.17037654604627975,-1.2213664040909247,0;0;-1.22136640409;0.170376546046;0;0;0;0;0;0;0;0,53209.63233911716,0.006,2704,0.0001,12.245185132026918,,0.0013882188594180696,0.4157409999997981,ok,same_stridge_core,Hx;D_x^1.710674 H,0.07184691358024695,1.603258664203485
0.6927464082684919,1.2923791420082944,0.36478687087511347,-1.3995067404746457,0.0386435547837;0;-1.39950674047;0.364786870875;0;0;0;-0.0581354496709;0;0;0;0,60249.35284981445,0.006,2705,0.0001,25.09688495560104,,0.0005103038585183147,0.436508700000104,ok,same_stridge_core,1;Hx;D_x^1.292379 H;H*Hxx,0.018000000000000002,0.99714381567526
0.6657191526197217,1.5738481496907,0.5591228168950231,-1.4041977925686466,0;0;-1.40419779257;0.559122816895;4.46599678148;0;0;-0.11812291801;-1.05460771549;0;0;0.0535263031074,55017.33006638149,0.006,2706,0.0001,34.404728728399306,,0.0010177935352171878,0.42085439999982555,ok,same_stridge_core,Hx;D_x^1.573848 H;Hxxx;H*Hxx;H*Hxxx;H^2*Hxxx,0.018000000000000002,1.3943306885704163
0.7093643388663542,1.274167027225003,0.12003087891717398,-1.234095807273375,0;0;-1.23409580727;0.120030878917;0;0;0;0;-0.0607753826617;0;0;0,60470.495879914866,0.006,2707,0.0001,19.253185974443653,,0.0006533990490046223,0.30637849999993705,ok,same_stridge_core,Hx;D_x^1.274167 H;H*Hxxx,0.026999999999999996,1.1120372104691945
0.5547456910287114,1.6815448187136863,1.6329307241810835,-1.870102265535644,0;0;-1.87010226554;1.63293072418;1.44736789984;0;0;-1.29709854955;0;0;0.11084431984;0,53115.10414672754,0.006,2708,0.0001,30.013332380772248,,0.005902305125015851,0.16223820000004707,ok,same_stridge_core,Hx;D_x^1.681545 H;Hxxx;H*Hxx;H^2*Hxx,0.07114285714285719,3.4557803074084728
0.696683204025751,1.30200617235792,0.24237155156595974,-1.3629826016651592,0;0;-1.36298260167;0.242371551566;0;0;0;-0.0525899593689;-0.118572302188;0;0;0,60127.583507154035,0.006,2709,0.0001,25.07026868446284,,0.000540542423688058,0.29868390000001455,ok,same_stridge_core,Hx;D_x^1.302006 H;H*Hxx;H*Hxxx,0.0292902782867533,1.0192352816012227
0.6610973370358931,1.6675723978691213,0.8996580263689959,-1.4157130172424637,0;0;-1.41571301724;0.899658026369;0.597065969811;0;0;-0.479930554719;0;0;0.0375492253089;0,53213.59257913153,0.006,2710,0.0001,28.143349619735854,,0.0011703751003710689,0.4099284999997508,ok,same_stridge_core,Hx;D_x^1.667572 H;Hxxx;H*Hxx;H^2*Hxx,0.024,1.536553330170087
0.6714946314613297,1.865773342822613,0.12122781762935896,-1.2264803616410347,0;0;-1.22648036164;0.121227817629;3.67851336924;0;0;0;-0.519743147285;0;0;0,61813.640950335226,0.006,2711,0.0001,26.412405666258113,,0.0015517926095690417,0.4197220999999445,ok,same_stridge_core,Hx;D_x^1.865773 H;Hxxx;H*Hxxx,0.024,1.686949286124022
0.6307825029063213,1.5412447579004631,0.8012978902599239,-1.6220343209861248,0;0;-1.62203432099;0.80129789026;0.0320248155474;0;0;-0.525225534007;0;0;0.0391501925684;0,55785.500372327035,0.006,2712,0.0001,29.67622078403181,,0.0015673221135917078,0.40745030000016413,ok,same_stridge_core,Hx;D_x^1.541245 H;Hxxx;H*Hxx;H^2*Hxx,0.025285714285714262,1.783470597868292
0.6765726676910087,1.5473207475533475,0.13238753126610153,-1.2600923295999624,0;0;-1.2600923296;0.132387531266;0;0;0;0;0;0;0;0,55643.15284074928,0.006,2713,0.0001,12.781006075821931,,0.001478323406115763,0.41694809999989957,ok,same_stridge_core,Hx;D_x^1.547321 H,0.09750000000000003,1.652375507672075
0.6742895120726151,1.8003211898235432,0.5756488375746699,-1.2502988604225265,0;0;-1.25029886042;0.575648837575;4.12609016;0;0;-0.080920913879;-0.565400187646;0;0;0,57124.20529635013,0.006,2714,0.0001,30.08061790164075,,0.001251699022765511,0.157363499999974,ok,same_stridge_core,Hx;D_x^1.800321 H;Hxxx;H*Hxx;H*Hxxx,0.024,1.5185152534656863
0.6799728239837506,1.819891412379751,0.0,-1.2527803353282307,-0.0226649927656;0;-1.25278033533;0;1.59943408954;0;0;0;-0.324595937815;0;0;0,58575.9415996549,0.006,2715,0.0001,25.03547568004554,,0.0013465676108402943,0.16394239999999627,ok,same_stridge_core,1;Hx;Hxxx;H*Hxxx,0.018000000000000002,1.605099040183578
0.6550795303280849,1.598926893277134,0.7885567463978793,-1.477919798115598,0;0;-1.47791979812;0.788556746398;0.292685609825;0;0;-0.443249046987;0;0;0.033281754231;0,54435.97066415304,0.006,2716,0.0001,28.746335192787754,,0.0011542468861456023,0.4222667000003639,ok,same_stridge_core,Hx;D_x^1.598927 H;Hxxx;H*Hxx;H^2*Hxx,0.018000000000000002,1.5283498607112298
0.7708728356233003,1.857807301126137,0.4274551157906646,-0.986997054896113,0;0;-0.986997054896;0.427455115791;0;0;0;0;0;0;0;0,61311.197457240276,0.006,2717,0.0001,13.286562360358012,,0.0005321146569148409,0.15295360000027358,ok,same_stridge_core,Hx;D_x^1.857807 H,0.029288796889003287,1.0243228689099555
0.6605879337286786,1.5836643986191383,0.5515617638354461,-1.4070232139529446,0;0;-1.40702321395;0.551561763835;2.74726899788;0;0;-0.119957706831;-0.415584629952;0;0;0,54787.09607979628,0.006,2718,0.0001,28.8951128777089,,0.0011746334267106352,0.4197140000001127,ok,same_stridge_core,Hx;D_x^1.583664 H;Hxxx;H*Hxx;H*Hxxx,0.018000000000000002,1.501564837810758
0.7475903610504204,1.7216275166102744,0.30234830257848816,-1.0664193814918994,0;0;-1.06641938149;0.302348302578;0;0;0;0;0;0;0;0,53376.44557337077,0.006,2719,0.0001,11.670461399926616,,0.0005105750519804455,0.3104425999999876,ok,same_stridge_core,Hx;D_x^1.721628 H,0.02392435753309871,0.9951722852524599
0.6776965023359673,1.5519886180016802,0.5070975512192168,-1.369144294735755,0;0;-1.36914429474;0.507097551219;1.76970455032;0;0;-0.104585086871;-0.284466916788;0;0;0,55533.349258402195,0.006,2720,0.0001,28.991306863175435,,0.0007696238438445406,0.41790290000017194,ok,same_stridge_core,Hx;D_x^1.551989 H;Hxxx;H*Hxx;H*Hxxx,0.0330676691729323,1.2246322339743374
0.6646218775007201,1.1759867356911535,0.08200841694702582,-1.333455705709144,0;0;-1.33345570571;0.082008416947;0;0;0;0;0;0;0;0,61478.225175471955,0.006,2721,0.0001,14.030377546827356,,0.0015980026140015775,0.42200169999978243,ok,same_stridge_core,Hx;D_x^1.175987 H,0.024,1.7347325117329655
0.7136469037034896,1.645826385344742,1.2437212254220298,-0.9477258432344124,0;0;-0.947725843234;1.24372122542;0.29036572911;0;-0.15316325952;-0.239636617397;-0.68957549297;0.0108623602514;0;0.0613847258716,53498.62799628235,0.006,2722,0.0001,43.630365490941166,,0.00035143563228005897,0.4029784999997901,ok,same_stridge_core,Hx;D_x^1.645826 H;Hxxx;H*Hx;H*Hxx;H*Hxxx;H^2*Hx;H^2*Hxxx,0.006,0.8314630939152845
0.6666557251715937,1.4225344566254656,0.4638689451410815,-1.499208341474961,0;0;-1.49920834147;0.463868945141;0.23238075479;0;0;-0.121585072853;-0.147138761092;0;0;0,58276.4273549208,0.006,2723,0.0001,30.338126598467408,,0.0007282530046869056,0.4094882000003963,ok,same_stridge_core,Hx;D_x^1.422534 H;Hxxx;H*Hxx;H*Hxxx,0.029428571428571398,1.1999129210070054
0.6650500820138644,1.8403370995179695,0.0,-1.2644645456856398,0;0;-1.26446454569;0;0;0;0;0;0;0;0;0,60101.41002420688,0.006,2724,0.0001,8.226671998877986,,0.0025501587985587424,0.1573238000000856,ok,same_stridge_core,Hx,0.024,2.2165309964572986
0.7162340146263285,1.6442818164625614,0.5293174280180054,-1.2138102504308566,0;0;-1.21381025043;0.529317428018;0;0;0;-0.0713028673579;0;0;0;0,53523.70610528442,0.006,2725,0.0001,17.061099041695012,,0.0005065606458908963,0.4162962000000334,ok,same_stridge_core,Hx;D_x^1.644282 H;H*Hxx,0.03,1.0039872101096832
0.6763881700736053,1.5523854765502831,0.13260598889706446,-1.259940879174245,0;0;-1.25994087917;0.132605988897;0;0;0;0;0;0;0;0,55523.99945635553,0.006,2726,0.0001,12.7633008704294,,0.0014894026641768632,0.41379230000029565,ok,same_stridge_core,Hx;D_x^1.552385 H,0.09600000000000002,1.6585009791582932
0.6708683082914045,1.5817411384771576,0.5327076282282329,-1.3735062542151908,0;0;-1.37350625422;0.532707628228;2.36219586833;0;0;-0.109663637069;-0.358224916046;0;0;0,54832.01562026642,0.006,2727,0.0001,28.764384795386363,,0.000942590586811875,0.4081271000000015,ok,same_stridge_core,Hx;D_x^1.581741 H;Hxxx;H*Hxx;H*Hxxx,0.04733333333333337,1.3483769852531517
0.6490458589610031,1.4422506774350907,0.5790970704666706,-1.5949734012186532,0;0;-1.59497340122;0.579097070467;-0.855368944343;0;0;-0.158491267555;0;0;0;0,57909.150418225785,0.006,2728,0.0001,24.679379091431,,0.0011409282075699688,0.40927240000019083,ok,same_stridge_core,Hx;D_x^1.442251 H;Hxxx;H*Hxx,0.036,1.5157189241406808
0.6862854329596821,1.9779541496277215,0.21668012131961753,-1.2031401248300837,0;0;-1.20314012483;0.21668012132;0;0;0;0;-0.0333350174898;0;0;0,64430.102851760945,0.006,2729,0.0001,21.038930985576325,,0.0015708756181710484,0.42270379999990837,ok,same_stridge_core,Hx;D_x^1.977954 H;H*Hxxx,0.03,1.7099001300480394
0.6782085331922204,1.5667214915518242,0.5601971352509378,-1.3711179173444477,0;0;-1.37111791734;0.560197135251;0;0;0;-0.108521676522;0;0;0;0,55185.48439934466,0.006,2730,0.0001,17.902850975464386,,0.0009118451543916793,0.4238462999996955,ok,same_stridge_core,Hx;D_x^1.566721 H;H*Hxx,0.072,1.3472056556609857
0.6809942534205274,1.5901539627442973,0.5681609791316352,-1.3507684676049307,0;0;-1.3507684676;0.568160979132;0;0;0;-0.104999752058;0;0;0;0,54636.472280100905,0.006,2731,0.0001,17.73405869796897,,0.0009108898228115459,0.41183349999982966,ok,same_stridge_core,Hx;D_x^1.590154 H;H*Hxx,0.06599999999999999,1.3431170139386939
0.6803661697038029,1.07496457397857,0.07104378104565374,-1.3246253248645325,0;0;-1.32462532486;0.0710437810457;0;0;0;0;-0.0948035282509;0;0;0,62249.511407452585,0.006,2732,0.0001,20.079380895543984,,0.0010612044029272797,0.15938249999999243,ok,same_stridge_core,Hx;D_x^1.074965 H;H*Hxxx,0.030561039636127357,1.4045274733082056
0.7248986217103517,1.9312688169791652,0.0,-1.0984220612428999,0.0489470635377;-0.0137831600985;-1.09842206124;0;0;0;0;0;0.176244234168;0;0;-0.0253377838142,64326.28668811394,0.006,2733,0.0001,33.14946002510048,,0.000485712545304781,0.40527460000021165,ok,same_stridge_core,1;H;Hx;H*Hxxx;H^2*Hxxx,0.006,0.9863166810435096
0.6868418643510137,1.3627062168896609,0.12406077672740617,-1.260729639062847,0;0;-1.26072963906;0.124060776727;0;0;0;0;0;0;0;0,59275.493783166785,0.006,2734,0.0001,13.248776490159397,,0.0010372785672576586,0.29602829999976166,ok,same_stridge_core,Hx;D_x^1.362706 H,0.024,1.3936777335260409
0.7256378346399236,1.8630914954192397,0.0,-1.1025785330592182,0;0;-1.10257853306;0;0;0;0;0;0;0;0;0,61648.50811214504,0.006,2735,0.0001,8.516655597958469,,0.002762363658363422,0.29250520000005054,ok,same_stridge_core,Hx,0.058499999999999996,2.3518047867439633
0.6544031953456673,1.724220223029436,0.5646859934870556,-1.3401927637428697,0;0;-1.34019276374;0.564685993487;4.42501184313;0;0;-0.102869047857;-0.619021764151;0;0;0,53427.98445148468,0.006,2736,0.0001,28.481350817034986,,0.0016839797440245626,0.3004980999999134,ok,same_stridge_core,Hx;D_x^1.72422 H;Hxxx;H*Hxx;H*Hxxx,0.036,1.7673585912926493
0.7093643388663542,1.734042840486257,0.23007316361403576,-1.1567313808103104,0;0;-1.15673138081;0.230073163614;0;0;0;0;0;0;0;0,53667.45290291122,0.006,2737,0.0001,12.01202209819296,,0.000874372470216383,0.2944463000003452,ok,same_stridge_core,Hx;D_x^1.734043 H,0.0711818181818182,1.2785315176107166
0.6735662810156116,1.5471492776063962,0.5133472610149279,-1.386738380685829,0;0;-1.38673838069;0.513347261015;1.83900278325;0;0;-0.109350745767;-0.298093649214;0;0;0,55647.179543841135,0.006,2738,0.0001,29.094529206049145,,0.0008295842171780254,0.4169497000002593,ok,same_stridge_core,Hx;D_x^1.547149 H;Hxxx;H*Hxx;H*Hxxx,0.04137058823529407,1.2709394341285771
0.6734253363559408,1.5934167265910497,0.5327483346128188,-1.3576215647265608,0;0;-1.35762156473;0.532748334613;2.41237135311;0;0;-0.106162181555;-0.359972178022;0;0;0,54561.422306435736,0.006,2739,0.0001,28.60756007822655,,0.0009142236309008879,0.4140910000000986,ok,same_stridge_core,Hx;D_x^1.593417 H;Hxxx;H*Hxx;H*Hxxx,0.0652,1.3268489250086792
0.6426456969425769,1.2991408773131043,0.39974222387280595,-1.6586272389912964,0;0;-1.65862723899;0.399742223873;0;0;0;-0.1384024577;-0.214297010718;0;0;0,60164.185760746266,0.006,2740,0.0001,25.41199538273705,,0.0009263356454126464,0.15792700000019977,ok,same_stridge_core,Hx;D_x^1.299141 H;H*Hxx;H*Hxxx,0.04258768868852902,1.3463210784385429
0.6807952693622235,1.9888299585653428,0.17758408431731842,-1.1942654827661663,0;0;-1.19426548277;0.177584084317;3.54735607916;0;0;0;-0.504575403837;0;0;0,64303.1168917857,0.006,2741,0.0001,27.31085968986485,,0.0013739554278666777,0.4111683000000994,ok,same_stridge_core,Hx;D_x^1.98883 H;Hxxx;H*Hxxx,0.03,1.5896129331505704
0.6512407585275909,1.5619035798231162,0.5646880847199551,-1.4559057067126968,0;0;-1.45590570671;0.56468808472;2.78321313714;0;0;-0.132864502556;-0.434059737175;0;0;0,55299.329996547305,0.006,2742,0.0001,29.26958127553625,,0.0013637072996999073,0.15805090000003474,ok,same_stridge_core,Hx;D_x^1.561904 H;Hxxx;H*Hxx;H*Hxxx,0.018000000000000002,1.6199162772625963
0.6758342536358584,1.5753188403354184,0.1340371032722597,-1.2586425918092905,0;0;-1.25864259181;0.134037103272;0;0;0;0;0;0;0;0,54982.70781952563,0.006,2743,0.0001,12.677708093847654,,0.0015306257058686431,0.41496860000006563,ok,same_stridge_core,Hx;D_x^1.575319 H,0.10371428571428574,1.681166529942527
0.6736772482821318,1.3007114530650972,0.10349081087299258,-1.2986166808313604,0;0;-1.29861668083;0.103490810873;0;0;0;0;0;0;0;0,60144.16036502649,0.006,2744,0.0001,13.619092035204456,,0.0013545948244688385,0.438002900000356,ok,same_stridge_core,Hx;D_x^1.300711 H,0.024,1.5902599621991584
0.6573719173930422,1.819891412379751,0.06616849925501964,-1.2676131644181146,0;0;-1.26761316442;0.066168499255;4.09823277847;0;0;0;-0.583979518764;0;0;0,58575.9415996549,0.006,2745,0.0001,25.328031999356064,,0.0019675605664192246,0.15516399999978603,ok,same_stridge_core,Hx;D_x^1.819891 H;Hxxx;H*Hxxx,0.036,1.8976553594941037
0.671267188021599,1.4304907690660762,0.48539703682401153,-1.4919718274940428,0;0;-1.49197182749;0.485397036824;-0.763172134292;0;0;-0.121767603464;0;0;0;0,58130.553618803664,0.006,2746,0.0001,24.43915005675884,,0.0007040966028846875,0.4114125999999487,ok,same_stridge_core,Hx;D_x^1.430491 H;Hxxx;H*Hxx,0.023398863710764634,1.1869286092373745
0.6318083854535534,1.519645890760886,1.0089774618280112,-1.5511785995605722,0;0;-1.55117859956;1.00897746183;-0.0133950415349;0;-0.0377104833545;-0.287976977057;0;0;0;-0.0352335947472,56283.67022422735,0.006,2747,0.0001,35.530688321121,,0.0015129238525110713,0.41867550000006304,ok,same_stridge_core,Hx;D_x^1.519646 H;Hxxx;H*Hx;H*Hxx;H^2*Hxxx,0.03,1.7604861865845893
0.6581093085726153,1.032036745474375,0.0600882097108337,-1.357487127905801,0;0;-1.35748712791;0.0600882097108;0;0;0;0;0;0;0;0,62511.80318912293,0.006,2748,0.0001,14.378120826169326,,0.0018419253643491022,0.173178900000039,ok,same_stridge_core,Hx;D_x^1.032037 H,0.041227003367003336,1.875760188344739
0.6749021310302551,1.5634393163109217,0.5356007580560234,-1.3790454862564183,0;0;-1.37904548626;0.535600758056;3.87942363859;0;0;-0.109062019607;-0.944874653515;0;0;0.0497289431532,55263.03874344077,0.006,2749,0.0001,34.41336182752647,,0.0008207789044755189,0.4228147000003446,ok,same_stridge_core,Hx;D_x^1.563439 H;Hxxx;H*Hxx;H*Hxxx;H^2*Hxxx,0.018000000000000002,1.2555385814620086
0.6782200483003802,1.566689585886245,0.5601427505758275,-1.371089464460317,0;0;-1.37108946446;0.560142750576;0;0;0;-0.10850853335;0;0;0;0,55186.23891851957,0.006,2750,0.0001,17.902857399749237,,0.0009115380600910096,0.42300210000030347,ok,same_stridge_core,Hx;D_x^1.56669 H;H*Hxx,0.07085454545454548,1.346985724193365
0.6830993222923853,1.7067028759487854,0.1656933488091497,-1.2263504690205753,0;0;-1.22635046902;0.165693348809;0;0;0;0;0;0;0;0,53168.492408980695,0.006,2751,0.0001,12.263426536273034,,0.0014350154553683593,0.41236509999998816,ok,same_stridge_core,Hx;D_x^1.706703 H,0.0767771043771044,1.6297280544768935
0.6614386641257991,1.8196991169442858,0.0,-1.2643296718489754,0;0;-1.26432967185;0;4.23839902938;0;0;0;-0.639038128075;0;0;0,58561.41834686373,0.006,2752,0.0001,19.46853081684914,,0.0019423869762308771,0.4278960999999981,ok,same_stridge_core,Hx;Hxxx;H*Hxxx,0.03974545454545454,1.9001053127900192
0.639998033648274,1.570243219333679,0.8090473825955665,-1.5608870455416037,0;0;-1.56088704554;0.809047382596;0.189517434949;0;0;-0.502909598703;0;0;0.0379110546355;0,55102.327702975286,0.006,2753,0.0001,29.245120085703252,,0.0014151336865065342,0.16416819999994914,ok,same_stridge_core,Hx;D_x^1.570243 H;Hxxx;H*Hxx;H^2*Hxx,0.024052910052910034,1.6939562342156071
0.7054383777507391,1.7477877361773264,0.22532046129420585,-1.164829291526352,0;0;-1.16482929153;0.225320461294;0;0;0;0;0;0;0;0,54124.96821512217,0.006,2754,0.0001,12.159015415942388,,0.0009540515907483565,0.40508589999990363,ok,same_stridge_core,Hx;D_x^1.747788 H,0.05182499999999997,1.3340217729179529
0.6676933125201899,1.8042719881102038,0.7778404336859683,-1.34209980151739,0;0;-1.34209980152;0.777840433686;2.54919039133;0;0.0133734552532;-0.406320619634;-0.208585286782;0;0.0363862672109;0,57410.429006620325,0.006,2755,0.0001,41.724143668121336,,0.0012185277016217755,0.16187730000001466,ok,same_stridge_core,Hx;D_x^1.804272 H;Hxxx;H*Hx;H*Hxx;H*Hxxx;H^2*Hxx,0.012,1.5368433634871044
0.6637741757855556,1.1729220467900907,0.08115281197156471,-1.3357290231629337,0;0;-1.33572902316;0.0811528119716;0;0;0;0;0;0;0;0,61505.216324071545,0.006,2756,0.0001,14.05075258898697,,0.0016263505935976402,0.4273187000003418,ok,same_stridge_core,Hx;D_x^1.172922 H,0.024,1.7497093241726618
0.6305081807936485,1.671049141852072,0.6431748250136973,-1.4697732197942686,0;0;-1.46977321979;0.643174825014;0.0589136059249;0;0;-0.132290042122;0;0;0;0,53181.970044120266,0.006,2757,0.0001,23.73866107117604,,0.0031750249876219875,0.42921290000003864,ok,same_stridge_core,Hx;D_x^1.671049 H;Hxxx;H*Hxx,0.047999999999999994,2.4658730535279343
0.650429352375991,1.59345178740239,0.8011167980152792,-1.500958844889886,0;0;-1.50095884489;0.801116798015;0.283141925943;0;0;-0.465358606161;0;0;0.035112900011;0,54560.61960805864,0.006,2758,0.0001,28.862819545113435,,0.001236728868898126,0.4244418000002952,ok,same_stridge_core,Hx;D_x^1.593452 H;Hxxx;H*Hxx;H^2*Hxx,0.023454545454545474,1.5825097410841156
0.6520108926748022,1.4420575780213183,0.5675709986026606,-1.5802066366946164,0;0;-1.58020663669;0.567570998603;-0.83594818516;0;0;-0.153546836351;0;0;0;0,57912.839540079614,0.006,2759,0.0001,24.634294789682915,,0.00107233500281815,0.40960379999978613,ok,same_stridge_core,Hx;D_x^1.442058 H;Hxxx;H*Hxx,0.036,1.4691589736510697
0.6388023044225493,1.56922125113084,0.8130008523464964,-1.5669410502336674,0;0;-1.56694105023;0.813000852346;0.187413450863;0;0;-0.509086295731;0;0;0.038424325773;0,55126.449760087045,0.006,2760,0.0001,29.272635473854326,,0.0014408686529426454,0.41153529999974126,ok,same_stridge_core,Hx;D_x^1.569221 H;Hxxx;H*Hxx;H^2*Hxx,0.02540136054421767,1.7094105938108015
0.6727001297916266,1.5902914988690582,0.5885376958724303,-1.3799322004063292,0;0;-1.37993220041;0.588537695872;0;0;0;-0.113756967552;0;0;0;0,54633.298419706545,0.006,2761,0.0001,17.862467843300315,,0.0010975589670564815,0.29494230000000243,ok,same_stridge_core,Hx;D_x^1.590291 H;H*Hxx,0.078,1.4724783173883524
0.6590377435264738,1.612491615491597,0.7947894535121642,-1.453837707026543,0;0;-1.45383770703;0.794789453512;0.344663168187;0;0;-0.433965099242;0;0;0.0326985355536;0,54136.43006849284,0.006,2762,0.0001,28.562730615203446,,0.001104452466841695,0.420250400000441,ok,same_stridge_core,Hx;D_x^1.612492 H;Hxxx;H*Hxx;H^2*Hxx,0.018000000000000002,1.4945155809570234
0.6925363757074682,1.7725070097036855,0.20104709872569035,-1.1950812963054902,0;0;-1.19508129631;0.201047098726;0;0;0;0;0;0;0;0,55311.38718231171,0.006,2763,0.0001,12.584303707614058,,0.0012478963548111473,0.2946513000001687,ok,same_stridge_core,Hx;D_x^1.772507 H,0.036,1.5220262711517174
0.6676822764764441,1.5768024638117857,0.5366712426814153,-1.387521017142947,0;0;-1.38752101714;0.536671242681;2.41118387421;0;0;-0.113353950866;-0.368287257541;0;0;0,54947.815664851216,0.006,2764,0.0001,28.861144157753596,,0.0009979251884611104,0.40917620000027455,ok,same_stridge_core,Hx;D_x^1.576802 H;Hxxx;H*Hxx;H*Hxxx,0.06575510204081633,1.387236325327986
0.7022006409320376,1.4166521976726176,0.14924519472300404,-1.218734705565341,0;0;-1.21873470557;0.149245194723;0;0;0;0;0;0;0;0,58382.25690783899,0.006,2765,0.0001,12.881470305202594,,0.0007700033849259951,0.40606660000003103,ok,same_stridge_core,Hx;D_x^1.416652 H,0.05999999999999999,1.2050189236347935
0.6770793067749503,1.5865898394492606,0.5239363903060781,-1.349816957930922,0;0;-1.34981695793;0.523936390306;2.20637231541;0;0;-0.103136539693;-0.332216226276;0;0;0,54718.99693800733,0.006,2766,0.0001,28.630183083966106,,0.0008354510848172064,0.4105795999998918,ok,same_stridge_core,Hx;D_x^1.58659 H;Hxxx;H*Hxx;H*Hxxx,0.03181578947368422,1.2706846149624418
0.6612630906848967,1.3765041817150772,0.43530626678904416,-1.544756600681543,0;0;-1.54475660068;0.435306266789;0;0;0;-0.124490512379;-0.146618546349;0;0;0,59059.9225233281,0.006,2767,0.0001,24.828881442652843,,0.0007373228627415507,0.1644814999999653,ok,same_stridge_core,Hx;D_x^1.376504 H;H*Hxx;H*Hxxx,0.03,1.204912433321601
0.7404252427885829,1.9426964823006168,0.0,-1.1065846318795796,0;0;-1.10658463188;0;0;0;0;0;-0.155791452244;0;0;0,64463.72365417653,0.006,2768,0.0001,15.195839772487739,,0.002586825445806134,0.2718190999999024,ok,same_stridge_core,Hx;H*Hxxx,0.041999999999999996,2.3030950416524316
0.696683204025751,1.7653013604531416,0.2094882555778592,-1.1851083983911894,0;0;-1.18510839839;0.209488255578;0;0;0;0;0;0;0;0,54918.774203672605,0.006,2769,0.0001,12.44296808370675,,0.0011456612047668542,0.29972589999988486,ok,same_stridge_core,Hx;D_x^1.765301 H,0.04120399913811676,1.4592132429722295
0.6874744986629278,1.8631911842898292,0.0,-1.2026365621250563,0;0;-1.20263656213;0;0;0;0;0;0;0;0;0,61654.71296310814,0.006,2770,0.0001,8.304277866300328,,0.0023198158771294717,0.42559110000001965,ok,same_stridge_core,Hx,0.036,2.138806569989513
0.6581626711524637,1.4031280980853416,0.4786785850214386,-1.5537862551644086,0;0;-1.55378625516;0.478678585021;0;0;0;-0.134458088056;-0.137595123855;0;0;0,58619.14034900605,0.006,2771,0.0001,24.720586561581587,,0.0008180456808810626,0.41507480000018404,ok,same_stridge_core,Hx;D_x^1.403128 H;H*Hxx;H*Hxxx,0.035332138188608794,1.2729304219791675
0.6877533191989834,1.5619035798231162,0.15267568855134356,-1.2314971754425423,0;0;-1.23149717544;0.152675688551;0;0;0;0;0;0;0;0,55299.329996547305,0.006,2772,0.0001,12.531447116064864,,0.0011688019606893806,0.15837670000018989,ok,same_stridge_core,Hx;D_x^1.561904 H,0.08852380952380956,1.471581116755403
0.725101299065633,1.2331822395619603,0.11986138305964347,-1.2086904556217566,0;0;-1.20869045562;0.11986138306;0;0;0;0;-0.080312322488;0;0;0,60926.87366571926,0.006,2773,0.0001,19.397181629749603,,0.0006483620204018093,0.30025530000011713,ok,same_stridge_core,Hx;D_x^1.233182 H;H*Hxxx,0.023328879974092807,1.1191195300338237
0.7017013348049987,1.8003211898235432,0.2316471949652958,-1.1681180625672865,0;0;-1.16811806257;0.231647194965;0;0;0;0;0;0;0;0,57124.20529635013,0.006,2774,0.0001,12.838118768210567,,0.001072410793646597,0.14736609999999928,ok,same_stridge_core,Hx;D_x^1.800321 H,0.035555699202758,1.41327770894054
0.6647816567619911,1.6039242188916298,0.5498342741281891,-1.379281188530232,0;0;-1.37928118853;0.549834274128;2.84517011086;0;0;-0.113434129596;-0.420172971227;0;0;0,54323.88649530556,0.006,2775,0.0001,28.625384770948546,,0.0011196400366300506,0.41994109999996,ok,same_stridge_core,Hx;D_x^1.603924 H;Hxxx;H*Hxx;H*Hxxx,0.018000000000000002,1.4634415232957674
0.6159149742692834,1.3801265747670564,0.6082878660975447,-1.7951779840209394,0;0;-1.79517798402;0.608287866098;0;0;0;-0.206223985142;-0.214889155377;0;0;0,59001.89645455875,0.006,2776,0.0001,25.45097831138837,,0.001717455513026837,0.4059834999998202,ok,same_stridge_core,Hx;D_x^1.380127 H;H*Hxx;H*Hxxx,0.050134848484848483,1.8502197295648666
0.6101190390709111,1.4924292363510883,0.714037882409243,-1.6878630360585571,0;0;-1.68786303606;0.714037882409;0;0;0;-0.198777614675;0;0;0;0,56887.05080848962,0.006,2777,0.0001,19.570583640442848,,0.003121033768905335,0.4147809999999481,ok,same_stridge_core,Hx;D_x^1.492429 H;H*Hxx,0.041999999999999996,2.5044683978959585
0.6673984760489271,1.032036745474375,0.06213513948845115,-1.3338002602434196,0;0;-1.33380026024;0.0621351394885;0;0;0;0;0;0;0;0,62511.80318912293,0.006,2778,0.0001,14.246955697832481,,0.0015730004319564163,0.1493495999998231,ok,same_stridge_core,Hx;D_x^1.032037 H,0.029371083959899756,1.7445950600078939
0.69999525983399,1.5687045965021216,0.17369471993823402,-1.201601017214648,0;0;-1.20160101721;0.173694719938;0;0;0;0;0;0;0;0,55138.64821108714,0.006,2779,0.0001,12.323676320270504,,0.0009012948569283763,0.4095968999999968,ok,same_stridge_core,Hx;D_x^1.568705 H,0.078,1.2959466780530766
0.6967491999811293,1.8285743580478062,0.0,-1.1777292041228602,0;0;-1.17772920412;0;0;0;0;0;0;0;0;0,59230.68954866052,0.006,2780,0.0001,8.079407912883303,,0.00234156379770849,0.4010020999999142,ok,same_stridge_core,Hx,0.15000000000000005,2.1563389580172507
0.6843128273811392,1.0805812978310492,0.07299421190651954,-1.3152933978931571,0;0;-1.31529339789;0.0729942119065;0;0;0;0;-0.0966532168955;0;0;0,62212.53750005203,0.006,2781,0.0001,20.02350400528072,,0.0009904654802716367,0.407637700000123,ok,same_stridge_core,Hx;D_x^1.080581 H;H*Hxxx,0.036562728003461706,1.359742755265109
0.6738919556654149,1.5851628511522384,0.5287626466466873,-1.3612352755259363,0;0;-1.36123527553;0.528762646647;2.29903413017;0;0;-0.106367857543;-0.346919032759;0;0;0,54752.17854231154,0.006,2782,0.0001,28.687183217313198,,0.000890614319222934,0.4181895000001532,ok,same_stridge_core,Hx;D_x^1.585163 H;Hxxx;H*Hxx;H*Hxxx,0.07114285714285719,1.3110939461574227
0.6672002900777937,1.570243219333679,0.5923800422198741,-1.409943642788415,0;0;-1.40994364279;0.59238004222;0;0;0;-0.121042143532;0;0;0;0,55102.327702975286,0.006,2783,0.0001,18.058020150840157,,0.0011760405405320756,0.16138080000018817,ok,same_stridge_core,Hx;D_x^1.570243 H;H*Hxx,0.084,1.5273218399475694
0.7067191881201814,1.7868409592528685,0.24005913773112933,-1.156748947966992,0;0;-1.15674894797;0.240059137731;0;0;0;0;0;0;0;0,56193.95968605589,0.006,2784,0.0001,12.58141936272327,,0.0009657719131637816,0.40701899999976376,ok,same_stridge_core,Hx;D_x^1.786841 H,0.03525187605906561,1.3426274255120922
0.6743156712977038,1.5886941712785048,0.5491370022398953,-1.365024822625636,0;0;-1.36502482263;0.54913700224;4.24325275811;0;0;-0.108124024243;-0.992165163806;0;0;0.0505649384842,54670.20917516501,0.006,2785,0.0001,34.09468124039931,,0.0008747513279704716,0.4094556999998531,ok,same_stridge_core,Hx;D_x^1.588694 H;Hxxx;H*Hxx;H*Hxxx;H^2*Hxxx,0.01200755244755245,1.2925557353003065
0.7158140300346831,1.4566332378104125,0.17069330026816096,-1.1854338694814133,0;0;-1.18543386948;0.170693300268;-0.0873802891729;0;0;0;0;0;0;0,57628.93084760881,0.006,2786,0.0001,18.36573656097006,,0.0006123208246058596,0.41660319999982676,ok,same_stridge_core,Hx;D_x^1.456633 H;Hxxx,0.012,1.077057306687415
0.7018600649549942,1.508313712535382,0.4539696513447861,-1.3201864634210327,0;0;-1.32018646342;0.453969651345;-0.305276472788;0;0;-0.0831004929078;0;0;0;0,56538.64010846832,0.006,2787,0.0001,23.604260354557322,,0.000489656130187297,0.1565829000001031,ok,same_stridge_core,Hx;D_x^1.508314 H;Hxxx;H*Hxx,0.05423521367521366,0.9888043111699917
0.6359601215181142,1.288774968701264,0.40769813672456545,-1.6985223597644838,0;0;-1.69852235976;0.407698136725;0;0;0;-0.147346629734;-0.232377862367;0;0;0,60294.0622299871,0.006,2788,0.0001,25.533498510643348,,0.0010233440736119545,0.4220149000002493,ok,same_stridge_core,Hx;D_x^1.288775 H;H*Hxx;H*Hxxx,0.03591660335549225,1.415873618648503
0.6788422166456238,1.5224642883451176,0.13338033496548138,-1.2576739240878343,0;0;-1.25767392409;0.133380334965;0;0;0;0;0;0;0;0,56219.50829565554,0.006,2789,0.0001,12.8421549595658,,0.0013819327082328662,0.4141224000004513,ok,same_stridge_core,Hx;D_x^1.522464 H,0.09600000000000002,1.5982533004346926
0.6967491999811293,1.8285743580478062,0.22682601322104873,-1.178023930298855,0;0;-1.1780239303;0.226826013221;0;0;0;0;0;0;0;0,59230.68954866052,0.006,2790,0.0001,13.341513157624119,,0.0012023110520785623,0.03714339999987715,ok,same_stridge_core,Hx;D_x^1.828574 H,0.03,1.4953752478920141
0.6672796720486056,1.2757151882906994,0.09522543297575302,-1.3163193712962091,0;0;-1.3163193713;0.0952254329758;0;0;0;0;0;0;0;0,60452.155057766184,0.006,2791,0.0001,13.789385993937204,,0.001548874902125024,0.4098438000000897,ok,same_stridge_core,Hx;D_x^1.275715 H,0.023391497068463003,1.6989549823839663
0.6445597132507569,1.6890591796160972,0.5725346085738944,-1.3891952976654904,0;0;-1.38919529767;0.572534608574;4.54198378044;0;0;-0.116448959095;-0.643989205493;0;0;0,53096.78266215496,0.006,2792,0.0001,28.452063790288083,,0.0019448844868942168,0.41687369999999646,ok,same_stridge_core,Hx;D_x^1.689059 H;Hxxx;H*Hxx;H*Hxxx,0.04185185185185186,1.9036724592106011
0.709492377772073,1.8767138735488176,0.0,-1.1441298329888479,0;0;-1.14412983299;0;0;0;0;0;0;0;0;0,62441.28123987311,0.006,2793,0.0001,8.46402625297314,,0.0024667002463310103,0.15255400000023656,ok,same_stridge_core,Hx,0.041632352941176495,2.2198981289858293
0.6881983322944092,1.7559890199283643,0.1866904734368919,-1.2081163247958748,0;0;-1.2081163248;0.186690473437;0;0;0;0;0;0;0;0,54467.56071274207,0.006,2794,0.0001,12.470485313603971,,0.0013413402388277203,0.4120382000000973,ok,same_stridge_core,Hx;D_x^1.755989 H,0.05182499999999997,1.5769731710555563
0.672438120052236,1.8630914954192397,0.12461438511725632,-1.2239556266823433,0;0;-1.22395562668;0.124614385117;3.64446343941;0;0;0;-0.514322749722;0;0;0,61648.50811214504,0.006,2795,0.0001,26.332087160381853,,0.0015254514665010827,0.1623504999997749,ok,same_stridge_core,Hx;D_x^1.863091 H;Hxxx;H*Hxxx,0.024,1.6726839155238324
0.6535827801486835,1.5898514269230202,0.7790225146374439,-1.489376795334916,0;0;-1.48937679533;0.779022514637;0.250525106316;0;0;-0.442438476646;0;0;0.0330476669031;0,54643.45626652135,0.006,2796,0.0001,28.85792274208393,,0.0011658316320731711,0.43099260000008144,ok,same_stridge_core,Hx;D_x^1.589851 H;Hxxx;H*Hxx;H^2*Hxx,0.018000000000000002,1.5361946088232505
0.6930370646359851,1.7330076162695651,0.6006864411253784,-1.2307267922097918,0;0;-1.23072679221;0.600686441125;4.5032451205;0;0;-0.0838924068355;-0.895975837784;0;0;0.0381587128357,53638.841816790904,0.006,2797,0.0001,33.38195778014692,,0.0007671007823363028,0.42344660000026124,ok,same_stridge_core,Hx;D_x^1.733008 H;Hxxx;H*Hxx;H*Hxxx;H^2*Hxxx,0.018000000000000002,1.198652690072372
0.6612034768557833,1.4160067542924346,0.48315884265676906,-1.5339845316352707,0;0;-1.53398453164;0.483158842657;0;0;0;-0.131428915432;-0.127098129281;0;0;0,58393.76535055382,0.006,2798,0.0001,24.613580924180322,,0.000795688010163442,0.41312169999991966,ok,same_stridge_core,Hx;D_x^1.416007 H;H*Hxx;H*Hxxx,0.06088352916924345,1.2560747839587958
0.6626314878548619,1.6069912489033997,0.5538765504771022,-1.3843227793071007,0;0;-1.38432277931;0.553876550477;2.96048231393;0;0;-0.115125316564;-0.436101029923;0;0;0,54256.03477286632,0.006,2799,0.0001,28.628004925967883,,0.0011782323941728764,0.41933830000016314,ok,same_stridge_core,Hx;D_x^1.606991 H;Hxxx;H*Hxx;H*Hxxx,0.018000000000000002,1.4999875395347209
0.7052442462435742,1.8631911842898292,0.0,-1.1552511980660911,0;0;-1.15525119807;0;0;0;0;0;0;0;0;0,61654.71296310814,0.006,2800,0.0001,8.359607827156054,,0.0024135229056383655,0.15119540000023335,ok,same_stridge_core,Hx,0.04885714285714284,2.194136530845241
0.6376155658739,1.5704036178035137,0.8210036328159764,-1.5716013331719105,0;0;-1.57160133317;0.821003632816;0.198724787196;0;0;-0.517805095817;0;0;0.0392068882999;0,55098.54393975747,0.006,2801,0.0001,29.27731505219069,,0.0014722454638478337,0.16427040000007764,ok,same_stridge_core,Hx;D_x^1.570404 H;Hxxx;H*Hxx;H^2*Hxx,0.019650793650793655,1.7280430823119564
0.6908816298203475,1.5645017509448762,0.48831398146359617,-1.317003983249985,0;0;-1.31700398325;0.488313981464;1.50170728374;0;0;-0.0905007902651;-0.236627335269;0;0;0,55237.93227427705,0.006,2802,0.0001,28.709442534280868,,0.0006075587722775826,0.4068325999996887,ok,same_stridge_core,Hx;D_x^1.564502 H;Hxxx;H*Hxx;H*Hxxx,0.04136842105263157,1.0904763971423395
0.6409043624453499,1.7101656460179635,0.5662408888593053,-1.3880295214623042,0;0;-1.38802952146;0.566240888859;4.87383700934;0;0;-0.114107866839;-0.689170563045;0;0;0,53203.815606597396,0.006,2803,0.0001,28.596082954778243,,0.0021440823250397315,0.4102490999998736,ok,same_stridge_core,Hx;D_x^1.710166 H;Hxxx;H*Hxx;H*Hxxx,0.041999999999999996,1.9941751514795472
0.6821640941671053,1.8003211898235432,0.6005972879341128,-1.2757848485061294,-0.0214491228513;0;-1.27578484851;0.600597287934;2.2724277648;0;0;-0.0991595824612;-0.380697596071;0;0;0,57124.20529635013,0.006,2804,0.0001,35.63864916784054,,0.0009729102932513687,0.16796579999981986,ok,same_stridge_core,1;Hx;D_x^1.800321 H;Hxxx;H*Hxx;H*Hxxx,0.018000000000000002,1.3641259900304603
0.6922921173046485,1.819891412379751,0.0,-1.2227953062257033,-0.0250946695307;0;-1.22279530623;0;0;0;0;0;0.143394115873;0;0;-0.0344107864646,58575.9415996549,0.006,2805,0.0001,24.92786802798393,,0.0011550092604166752,0.15654159999985495,ok,same_stridge_core,1;Hx;H*Hxxx;H^2*Hxxx,0.012,1.497491388121967
0.6818910024276547,1.804342514842235,0.6026106171327592,-1.2757178379232725,-0.0217353131577;0;-1.27571783792;0.602610617133;2.28503572099;0;0;-0.099270930415;-0.383532994107;0;0;0,57415.57924331577,0.006,2806,0.0001,35.81969903437022,,0.0009820891277357593,0.1662813000002643,ok,same_stridge_core,1;Hx;D_x^1.804343 H;Hxxx;H*Hxx;H*Hxxx,0.018000000000000002,1.3703514883807462
0.707604028623461,1.5951255139970446,0.5101053854529426,-1.2584161312186533,0;0;-1.25841613122;0.510105385453;0;0;0;-0.0784801175287;0;0;0;0,54522.330599281944,0.006,2807,0.0001,17.383434815747155,,0.0005280896414476279,0.4148073999999724,ok,same_stridge_core,Hx;D_x^1.595126 H;H*Hxx,0.041192125494590476,1.0267356359625712
0.7210273936581313,1.6353666486403922,0.22414202205998654,-1.1425270989619116,0;0;-1.14252709896;0.22414202206;0;0;0;0;0;0;0;0,53678.45568368379,0.006,2808,0.0001,11.836448370339316,,0.0006409647891000953,0.4073332999996637,ok,same_stridge_core,Hx;D_x^1.635367 H,0.047999999999999994,1.1007572336025582
0.6927699789689594,1.7135356233715873,0.18853087113697833,-1.200951578377086,0;0;-1.20095157838;0.188530871137;0;0;0;0;0;0;0;0,53245.50281191824,0.006,2809,0.0001,12.133364521588055,,0.0011873242419656277,0.40877240000008896,ok,same_stridge_core,Hx;D_x^1.713536 H,0.06555311355311359,1.4842639592044073
0.7118139545753794,1.6394841480486906,0.5332245373539091,-1.229034260783044,0;0;-1.22903426078;0.533224537354;0;0;0;-0.0748129987215;0;0;0;0,53604.96068425099,0.006,2810,0.0001,17.118454254201183,,0.0005414016922609327,0.4209335000000465,ok,same_stridge_core,Hx;D_x^1.639484 H;H*Hxx,0.036,1.0369660489258852
0.6991254459896398,1.5865498666611926,0.5225081596479869,-1.28975818442997,0;0;-1.28975818443;0.522508159648;0;0;0;-0.0864961680473;0;0;0;0,54719.92569857568,0.006,2811,0.0001,17.518419957621102,,0.0006096359318003623,0.2983803000001899,ok,same_stridge_core,Hx;D_x^1.58655 H;H*Hxx,0.047999999999999994,1.1024422480483989
0.6738816735908859,1.5461247079003597,0.5670238327922097,-1.4100674999899454,0;0;-1.41006749999;0.567023832792;-0.244491798355;0;0;-0.11824496913;0;0;0;0,55671.23080728728,0.006,2812,0.0001,23.633409475637812,,0.0009346362602681743,0.4143784000002597,ok,same_stridge_core,Hx;D_x^1.546125 H;Hxxx;H*Hxx,0.07848484848484845,1.364917152722899
0.6357239720596122,1.7981751357921494,0.4980829481368218,-1.3611580253205768,0;0;-1.36115802532;0.498082948137;5.58714538668;0;0;-0.0921936356999;-0.789631925223;0;0;0,56970.947912817115,0.006,2813,0.0001,30.660473853707007,,0.0025825819102270357,0.4094073000001117,ok,same_stridge_core,Hx;D_x^1.798175 H;Hxxx;H*Hxx;H*Hxxx,0.04136842105263157,2.1749998972984494
0.6900576589790679,1.4672824545703842,0.14254845030065255,-1.2388001592253521,0;0;-1.23880015923;0.142548450301;0;0;0;0;0;0;0;0,57414.77370903326,0.006,2814,0.0001,12.867497445884478,,0.0010304170133672856,0.4122707999999875,ok,same_stridge_core,Hx;D_x^1.467282 H,0.072,1.384542704077826
0.6522887028931447,1.4020360316189573,0.49852140795608973,-1.584679962774539,0;0;-1.58467996277;0.498521407956;0;0;0;-0.144164756088;-0.145990180085;0;0;0,58637.880466694514,0.006,2815,0.0001,24.799975430297902,,0.0009116459289579094,0.4106883000004018,ok,same_stridge_core,Hx;D_x^1.402036 H;H*Hxx;H*Hxxx,0.03,1.3448232436200933
0.6619922935505929,1.4535634913116837,0.5403651133059767,-1.5235255206736578,0;0;-1.52352552067;0.540365113306;-0.710197467592;0;0;-0.137626420678;0;0;0;0,57689.611885411054,0.006,2816,0.0001,24.424124292148875,,0.0009044988948480958,0.40602850000004764,ok,same_stridge_core,Hx;D_x^1.453563 H;Hxxx;H*Hxx,0.03688861952861952,1.348279537984453
0.6755143948792622,1.5820766224176768,0.5772717096881084,-1.3739397356595002,0;0;-1.37393973566;0.577271709688;0;0;0;-0.111207842381;0;0;0;0,54824.17116630209,0.006,2817,0.0001,17.86045536638143,,0.001007944454394999,0.4058884000000944,ok,same_stridge_core,Hx;D_x^1.582077 H;H*Hxx,0.072,1.4132040164908037
0.6583615359430145,1.4127954110269814,0.4895395176073073,-1.5495125520633009,0;0;-1.54951255206;0.489539517607;0;0;0;-0.135635834335;-0.132303127931;0;0;0,58450.72115205089,0.006,2818,0.0001,24.665983722577757,,0.0008333732673576422,0.4211235000002489,ok,same_stridge_core,Hx;D_x^1.412795 H;H*Hxx;H*Hxxx,0.05424615384615385,1.2856952617573965
0.6482818190913897,1.4349410795966036,0.5754666021645034,-1.6041399417452187,0;0;-1.60413994175;0.575466602165;-0.902969028579;0;0;-0.159644197077;0;0;0;0,58047.58406348505,0.006,2819,0.0001,24.728337730928743,,0.0011311505778413198,0.4047344999999041,ok,same_stridge_core,Hx;D_x^1.434941 H;Hxxx;H*Hxx,0.047999999999999994,1.5093041055347258
0.6424364644723919,1.7547095318364279,1.2496637216795634,-1.4349492894468387,0;0;-1.43494928945;1.24966372168;1.10717335124;0;0;-0.701206397704;0;0;0.0584100566087;0,54410.69036998343,0.006,2820,0.0001,29.133099120713144,,0.0018590688509344414,0.42171549999966373,ok,same_stridge_core,Hx;D_x^1.75471 H;Hxxx;H*Hxx;H^2*Hxx,0.038697435897435906,1.9277539357214297
0.6992334389403396,1.7614352934557183,0.21462278261328563,-1.1789845360848512,0;0;-1.17898453608;0.214622782613;0;0;0;0;0;0;0;0,54723.56850701373,0.006,2821,0.0001,12.366924930122927,,0.001087325080816068,0.4543836999996529,ok,same_stridge_core,Hx;D_x^1.761435 H,0.03,1.4222112287201787
0.6737656237069981,1.5848258956937686,0.5832097059717862,-1.3788662386901953,0;0;-1.37886623869;0.583209705972;0;0;0;-0.112970408855;0;0;0;0,54760.02357071636,0.006,2822,0.0001,17.8736145499185,,0.0010559771651527938,0.42012249999970663,ok,same_stridge_core,Hx;D_x^1.584826 H;H*Hxx,0.07662614718614717,1.4456074787035895
0.7063271499023003,1.8767138735488176,0.0,-1.1524087004015697,0;0;-1.1524087004;0;0;0;0;0;0;0;0;0,62441.28123987311,0.006,2823,0.0001,8.44442406730957,,0.0024260290320559327,0.15265659999977288,ok,same_stridge_core,Hx,0.04929411764705878,2.2002959433222586
0.6649547030529739,1.5822017775153916,0.5433522964603732,-1.393163919088522,0;0;-1.39316391909;0.54335229646;2.57395534205;0;0;-0.115627807164;-0.390078950787;0;0;0,54821.2462990585,0.006,2824,0.0001,28.84432176609466,,0.0010685901091844374,0.4151140000003579,ok,same_stridge_core,Hx;D_x^1.582202 H;Hxxx;H*Hxx;H*Hxxx,0.05814285714285717,1.4336986165654095
0.6964891576600437,1.8033400950817797,0.0,-1.2148103877236975,-0.0263482840523;0;-1.21481038772;0;0;0;0;0;0.109589251221;0;0;-0.0306729656598,57342.47860449725,0.006,2825,0.0001,24.41443815091691,,0.0011193062672182267,0.41919419999976526,ok,same_stridge_core,1;Hx;H*Hxxx;H^2*Hxxx,0.018000000000000002,1.477446709118009
0.6762053058773672,1.5820993649002921,0.5755241493862636,-1.3714583377030036,0;0;-1.3714583377;0.575524149386;0;0;0;-0.110455042271;0;0;0;0,54823.641382884,0.006,2826,0.0001,17.849567616071432,,0.000992514673537098,0.41544659999999567,ok,same_stridge_core,Hx;D_x^1.582099 H;H*Hxx,0.07234666666666671,1.4024752012062307
0.6833579202815754,1.7843792719009968,0.5925134684072765,-1.2757583400991233,-0.0202588096266;0;-1.2757583401;0.592513468407;2.21892637297;0;0;-0.0985730089138;-0.368937547111;0;0;0,56033.65529653432,0.006,2827,0.0001,34.95828173189967,,0.0009349848303056028,0.42030350000004546,ok,same_stridge_core,1;Hx;D_x^1.784379 H;Hxxx;H*Hxx;H*Hxxx,0.018000000000000002,1.338088553979069
0.6635782676372308,1.8938565972348953,0.09096944309035104,-1.248149422863314,0;0;-1.24814942286;0.0909694430904;3.96618240204;0;0;0;-0.566053449868;0;0;0,63261.95181884855,0.006,2828,0.0001,27.115133612689345,,0.0017883898110393629,0.414109499999995,ok,same_stridge_core,Hx;D_x^1.893857 H;Hxxx;H*Hxxx,0.03,1.8103528851499229
0.696683204025751,1.5575454347268483,0.16639737872077673,-1.210924875340173,0;0;-1.21092487534;0.166397378721;0;0;0;0;0;0;0;0,55402.28213024885,0.006,2829,0.0001,12.41555923584621,,0.0009580887662652775,0.3055992999998125,ok,same_stridge_core,Hx;D_x^1.557545 H,0.08430000000000003,1.3351028097964395
0.6874744986629278,1.3690429551178773,0.125612450462729,-1.2584345480456847,0;0;-1.25843454805;0.125612450463;0;0;0;0;0;0;0;0,59177.555239209425,0.006,2830,0.0001,13.221443831614907,,0.0010260040613563788,0.3113037000002805,ok,same_stridge_core,Hx;D_x^1.369043 H,0.024,1.385932783773022
0.6115985000772817,1.521182529542475,0.8546591118599272,-1.7259474079051074,0;0;-1.72594740791;0.85465911186;0;0;0;-0.622948513063;0;0;0.0472375632087;0,56248.72314691476,0.006,2831,0.0001,24.54607036519907,,0.002058145999003874,0.41655360000004293,ok,same_stridge_core,Hx;D_x^1.521183 H;H*Hxx;H^2*Hxx,0.03,2.046581106433166
0.6723737958308431,1.585856750019359,0.12887040128819063,-1.265965240028903,0;0;-1.26596524003;0.128870401288;0;0;0;0;0;0;0;0,54736.03409790775,0.006,2832,0.0001,12.697035815111827,,0.0016591555717548915,0.40685709999979736,ok,same_stridge_core,Hx;D_x^1.585857 H,0.10200000000000002,1.7498289955302764
0.6658599965963827,1.2829117998486936,0.0947355277701963,-1.3186720443452198,0;0;-1.31867204435;0.0947355277702;0;0;0;0;0;0;0;0,60365.788385830005,0.006,2833,0.0001,13.800913669027459,,0.0016044359789000903,0.15786230000003343,ok,same_stridge_core,Hx;D_x^1.282912 H,0.02339176057791537,1.7277559918614576
0.653691729141805,1.4080158265221794,0.5006905196416037,-1.5752263484369178,0;0;-1.57522634844;0.500690519642;0;0;0;-0.142721656511;-0.140860937593;0;0;0,58534.55629170017,0.006,2834,0.0001,24.750818887213427,,0.0009006663639944532,0.4175414000001183,ok,same_stridge_core,Hx;D_x^1.408016 H;H*Hxx;H*Hxxx,0.03,1.3369963705333578
0.6688341494171879,1.5818570118047093,0.594354863512586,-1.398109743762888,0;0;-1.39810974376;0.594354863513;0;0;0;-0.118571110406;0;0;0;0,54829.30675013744,0.006,2835,0.0001,17.969786395305775,,0.0011695565940821665,0.42136900000014066,ok,same_stridge_core,Hx;D_x^1.581857 H;H*Hxx,0.09000000000000001,1.5209943702645432
0.6964891576600437,1.8033400950817797,0.0,-1.214810387723706,-0.0263482840523;0;-1.21481038772;0;0;0;0;0;0.109589251221;0;0;-0.0306729656598,57342.47860449725,0.006,2836,0.0001,24.4144381509169,,0.0011193062672182265,0.04045059999998557,ok,same_stridge_core,1;Hx;H*Hxxx;H^2*Hxxx,0.018000000000000002,1.4774467091180001
0.701328018890934,1.4871700451949623,0.16076184329095697,-1.2102138288348276,0;0;-1.21021382883;0.160761843291;0;0;0;0;0;0;0;0,56999.910592465276,0.006,2837,0.0001,12.637420380759917,,0.000817947003270171,0.4067848999998205,ok,same_stridge_core,Hx;D_x^1.48717 H,0.06599999999999999,1.2374382622668618
0.6545268332706953,1.5822960820079999,0.7608256785624011,-1.4894975394869296,0;0;-1.48949753949;0.760825678562;0.205888627;0;0;-0.428682818891;0;0;0.0317099801465;0,54819.043511775715,0.006,2838,0.0001,28.92383587555759,,0.001133002281722484,0.2917906000002404,ok,same_stridge_core,Hx;D_x^1.582296 H;Hxxx;H*Hxx;H^2*Hxx,0.018000000000000002,1.514314119669732
0.6905588938725635,1.7927088927997787,0.20074569109661128,-1.1981699952114622,0;0;-1.19816999521;0.200745691097;0;0;0;0;0;0;0;0,56588.84193679439,0.006,2839,0.0001,12.880032547052243,,0.001315048840162016,0.41051169999991544,ok,same_stridge_core,Hx;D_x^1.792709 H,0.036,1.5622641596933655
0.645269965288107,1.350900663730584,0.458584318375299,-1.637160109451172,0;0;-1.63716010945;0.458584318375;0;0;0;-0.1464935369;-0.184179000843;0;0;0,59453.23402726494,0.006,2840,0.0001,25.13869366325172,,0.0009343937170925798,0.4165063000000373,ok,same_stridge_core,Hx;D_x^1.350901 H;H*Hxx;H*Hxxx,0.024,1.357400052345742
0.6991254459896398,1.4137057998990825,0.14525966255530237,-1.2260151043698537,0;0;-1.22601510437;0.145259662555;0;0;0;0;0;0;0;0,58434.62612287422,0.006,2841,0.0001,12.927195579792883,,0.000817760330761553,0.2919354000000567,ok,same_stridge_core,Hx;D_x^1.413706 H,0.11800000000000005,1.2402703552180379
0.653397069456839,1.365260165249112,0.4486209018661901,-1.5892654656847796,0;0;-1.58926546568;0.448620901866;0;0;0;-0.135495808922;-0.163793648261;0;0;0,59236.23525324399,0.006,2842,0.0001,24.97311765513247,,0.0008294719424802117,0.4209792000001471,ok,same_stridge_core,Hx;D_x^1.36526 H;H*Hxx;H*Hxxx,0.018000000000000002,1.2786235538348731
0.7137588260444907,1.375172228927324,0.1531872061843278,-1.1995890512284129,0;0;-1.19958905123;0.153187206184;0;0;0;0;0;0;0;0,59081.10787902245,0.006,2843,0.0001,12.922931790480355,,0.0006375532092927942,0.4127173000001676,ok,same_stridge_core,Hx;D_x^1.375172 H,0.05399999999999999,1.1067102146758647
0.6756830486528161,1.5340430699320697,0.5026808644613742,-1.3877072335338363,0;0;-1.38770723353;0.502680864461;1.60415935397;0;0;-0.107692717968;-0.270145523462;0;0;0,55953.12997873472,0.006,2844,0.0001,29.205528440817808,,0.0007728693107866995,0.41499190000013186,ok,same_stridge_core,Hx;D_x^1.534043 H;Hxxx;H*Hxx;H*Hxxx,0.03614423076923074,1.2289634514504475
0.6649321623342838,1.3770674005803925,0.42338743994320666,-1.525399657857302,0;0;-1.52539965786;0.423387439943;0;0;0;-0.118529727875;-0.141150045139;0;0;0,59050.93913559711,0.006,2845,0.0001,24.788921215708978,,0.0006944841136375132,0.42804970000042886,ok,same_stridge_core,Hx;D_x^1.377067 H;H*Hxx;H*Hxxx,0.023328882011674056,1.1685455614701339
0.6619325037073477,1.7696529302211046,1.1664933829602593,-1.3548292901467176,0;0;-1.35482929015;1.16649338296;0.997195965242;0;0;-0.584396669001;0;0;0.0479857486204;0,55151.50175655103,0.006,2846,0.0001,29.236699867801995,,0.0013842967043154442,0.3079854000002342,ok,same_stridge_core,Hx;D_x^1.769653 H;Hxxx;H*Hxx;H^2*Hxx,0.026371428571428577,1.6609489895264802
0.7235550702064097,1.385930405614436,0.16509411783832972,-1.176816141880651,0;0;-1.17681614188;0.165094117838;0;0;0;0;0;0;0;0,58907.66461913887,0.006,2847,0.0001,12.840162466073794,,0.0005786571516287809,0.4173206999998911,ok,same_stridge_core,Hx;D_x^1.38593 H,0.05999999999999999,1.0586295422460186
0.6731117960558689,1.3797045112296686,0.11127174379693067,-1.289517354995446,0;0;-1.289517355;0.111271743797;0;0;0;0;0;0;0;0,59008.68934362218,0.006,2848,0.0001,13.430094075239692,,0.0014303013262935845,0.29924080000000686,ok,same_stridge_core,Hx;D_x^1.379705 H,0.07203999999999999,1.628356206515255
0.6762053058773672,1.5820993649002921,0.5235146094990677,-1.355459434497719,0;0;-1.3554594345;0.523514609499;2.18359599406;0;0;-0.104304966558;-0.331009183316;0;0;0,54823.641382884,0.006,2849,0.0001,28.688867312898456,,0.000843321504716941,0.036246399999981804,ok,same_stridge_core,Hx;D_x^1.582099 H;Hxxx;H*Hxx;H*Hxxx,0.0424761904761905,1.2770466214564542
0.6543271245313189,1.5704197380669445,0.5602176441914385,-1.4383678666804878,0;0;-1.43836786668;0.560217644191;2.79415458597;0;0;-0.128278215649;-0.430346316166;0;0;0,55098.163260780544,0.006,2850,0.0001,29.131214019999813,,0.0013024720690009823,0.154483700000128,ok,same_stridge_core,Hx;D_x^1.57042 H;Hxxx;H*Hxx;H*Hxxx,0.018000000000000002,1.582132389609542
0.6727001297916266,1.2738211641219221,0.09950554564610355,-1.3042007836791996,0;0;-1.30420078368;0.0995055456461;0;0;0;0;0;0;0;0,60474.58228757426,0.006,2851,0.0001,13.696406392070058,,0.0013704578214522737,0.3074891999999636,ok,same_stridge_core,Hx;D_x^1.273821 H,0.024,1.6014899345552063
0.6686761748014448,1.5905414805318623,0.12245776209875964,-1.2746183597703107,0;0;-1.27461835977;0.122457762099;0;0;0;0;0;0;0;0,54627.532473624175,0.006,2852,0.0001,12.746918536558608,,0.001798519912183323,0.40000289999989036,ok,same_stridge_core,Hx;D_x^1.590541 H,0.10200000000000002,1.821412041833772
0.6925363757074682,1.4823554210408316,0.14810523131431252,-1.2309992844206012,0;0;-1.23099928442;0.148105231314;0;0;0;0;0;0;0;0,57102.095072370816,0.006,2853,0.0001,12.775305285655968,,0.000986127485721892,0.2954260000001341,ok,same_stridge_core,Hx;D_x^1.482355 H,0.09830000000000003,1.3548862711818055
0.6704431917655526,1.5289312621253577,0.5119775456312774,-1.4101930538320382,0;0;-1.41019305383;0.511977545631;1.69436919401;0;0;-0.113991097022;-0.287777510003;0;0;0,56071.252214171625,0.006,2854,0.0001,29.324789557636354,,0.0008512300628236265,0.40943019999986063,ok,same_stridge_core,Hx;D_x^1.528931 H;Hxxx;H*Hxx;H*Hxxx,0.030245772803048344,1.289163450550538
0.6929506587716524,1.7505168703497016,0.19698247247698758,-1.1963769775201805,0;0;-1.19637697752;0.196982472477;0;0;0;0;0;0;0;0,54233.19605109731,0.006,2855,0.0001,12.349956638596984,,0.0012175574140150722,0.4060397999996894,ok,same_stridge_core,Hx;D_x^1.750517 H,0.06492587412587414,1.5033174283775212
0.6709413798563371,1.5554638127417018,0.12365008637719302,-1.272801660495076,0;0;-1.2728016605;0.123650086377;0;0;0;0;0;0;0;0,55451.41665084779,0.006,2856,0.0001,12.850419790932708,,0.0016793010093983786,0.1616650999999365,ok,same_stridge_core,Hx;D_x^1.555464 H,0.10200000000000002,1.7601364607631493
0.6730406504161859,1.5820347751517965,0.5835795649863167,-1.38283304965984,0;0;-1.38283304966;0.583579564986;0;0;0;-0.113914521999;0;0;0;0,54825.14974411493,0.006,2857,0.0001,17.899888173709904,,0.001065250990763896,0.40638750000016444,ok,same_stridge_core,Hx;D_x^1.582035 H;H*Hxx,0.0824793650793651,1.452343250475423
0.6214904335757088,1.2496105812313465,0.4006377614250753,-1.7867068517018592,0;0;-1.7867068517;0.400637761425;0;0;0;-0.161765479928;-0.281976896886;0;0;0,60750.526235104415,0.006,2858,0.0001,25.8757130203349,,0.0012662950823277093,0.415882899999815,ok,same_stridge_core,Hx;D_x^1.249611 H;H*Hxx;H*Hxxx,0.047233998100664754,1.575502526293133
0.6473418169816185,1.3936712201972785,0.506216762244577,-1.6138073035547085,0;0;-1.61380730355;0.506216762245;0;0;0;-0.151277143434;-0.157495853565;0;0;0,58779.53392961283,0.006,2859,0.0001,24.907378315557146,,0.0009815742449790347,0.41583010000022114,ok,same_stridge_core,Hx;D_x^1.393671 H;H*Hxx;H*Hxxx,0.024,1.3955647437120133
0.6683149631823903,1.8631911842898292,0.0,-1.2478642101752053,0;0;-1.24786421018;0;4.08901277531;0;0;0;-0.625954025079;0;0;0,61654.71296310814,0.006,2860,0.0001,20.338516423809644,,0.0018103443964602253,0.164216099999976,ok,same_stridge_core,Hx;Hxxx;H*Hxxx,0.024,1.8421025348772009
0.6780332305219489,1.9782396348798776,0.16268726922080104,-1.202916211105932,0;0;-1.20291621111;0.162687269221;3.61455797225;0;0;0;-0.514531840743;0;0;0,64427.392341744126,0.006,2861,0.0001,27.393452592412245,,0.0014323335165400404,0.41484529999979713,ok,same_stridge_core,Hx;D_x^1.97824 H;Hxxx;H*Hxxx,0.02511886666666666,1.6224956557145946
0.6578230812016937,1.372911073609917,0.44279204294352614,-1.5637733448119315,0;0;-1.56377334481;0.442792042944;0;0;0;-0.129539218274;-0.153343124031;0;0;0,59116.88691056088,0.006,2862,0.0001,24.88456345602152,,0.0007775912673784588,0.42822330000035436,ok,same_stridge_core,Hx;D_x^1.372911 H;H*Hxx;H*Hxxx,0.018000000000000002,1.2378086917971673
0.7084603411737433,1.4936035536294576,0.4034454006893081,-1.2909724191920446,0;0;-1.29097241919;0.403445400689;0.256911514808;0;0;-0.0703490781792;-0.0832308076811;0;0;0,56861.67527083836,0.006,2863,0.0001,29.357038775064577,,0.0004345083722335354,0.4122041000000536,ok,same_stridge_core,Hx;D_x^1.493604 H;Hxxx;H*Hxx;H*Hxxx,0.018000000000000002,0.9262011396453953
0.6511759567415509,1.361282986374903,0.4513253611541864,-1.6022375147037715,0;0;-1.6022375147;0.451325361154;0;0;0;-0.138475845358;-0.169257380775;0;0;0,59297.244531137745,0.006,2864,0.0001,25.018466136966886,,0.0008567667206228427,0.42944260000012946,ok,same_stridge_core,Hx;D_x^1.361283 H;H*Hxx;H*Hxxx,0.017933046760782757,1.2995683245117857
0.6557781803476888,1.4114638581802712,0.49726696713480656,-1.5632063785798598,0;0;-1.56320637858;0.497266967135;0;0;0;-0.139737021746;-0.136294620271;0;0;0,58474.18809859513,0.006,2865,0.0001,24.70572166018782,,0.000872734897629867,0.41140790000008565,ok,same_stridge_core,Hx;D_x^1.411464 H;H*Hxx;H*Hxxx,0.05982685356971072,1.3160464207497673
0.6912406183116386,1.3874792641879858,0.1300724070708767,-1.2513812732209266,0;0;-1.25138127322;0.130072407071;-0.116140946284;0;0;0;0;0;0;0,58882.25237871998,0.006,2866,0.0001,18.99335824448119,,0.0009482697418153247,0.2947383999999147,ok,same_stridge_core,Hx;D_x^1.387479 H;Hxxx,0.018000000000000002,1.3286825308651937
0.6725195760699884,1.5798812333727947,0.5290805835101143,-1.369156820598158,0;0;-1.3691568206;0.52908058351;2.28284971817;0;0;-0.108152799653;-0.347173103245;0;0;0,54875.557247492776,0.006,2867,0.0001,28.76128831492518,,0.0009070080138502338,0.41186519999973825,ok,same_stridge_core,Hx;D_x^1.579881 H;Hxxx;H*Hxx;H*Hxxx,0.06000000000000001,1.3235096911787927
0.6975524049745132,1.7991339547368508,0.2206130548330439,-1.1790886753279817,0;0;-1.17908867533;0.220613054833;0;0;0;0;0;0;0;0,57039.21520397241,0.006,2868,0.0001,12.875160744205473,,0.0011577235496148888,0.4132481999999982,ok,same_stridge_core,Hx;D_x^1.799134 H,0.035243569516902856,1.4673177034109917
0.7180619035447667,1.7928750011996086,0.26955900115661097,-1.1270936757110857,0;0;-1.12709367571;0.269559001157;0;0;0;0;0;0;0;0,56600.261158930276,0.006,2869,0.0001,12.54230336174637,,0.0007948876066863498,0.4036537000001772,ok,same_stridge_core,Hx;D_x^1.792875 H,0.02685,1.2222511299603145
0.6672695420626922,1.8497722046074792,0.0,-1.2503563817369165,0;0;-1.25035638174;0;4.1115581255;0;0;0;-0.627927887465;0;0;0,60770.83322022638,0.006,2870,0.0001,20.08092065472134,,0.0018277438577583643,0.2964581999999609,ok,same_stridge_core,Hx;Hxxx;H*Hxxx,0.024,1.849670688653426
0.6991254459896398,1.9997931210656827,0.0,-1.158825785121274,0;0;-1.15882578512;0;0;0;0;0.0366292387018;0;0;0;0,64129.7862597685,0.006,2871,0.0001,14.388291467996416,,0.0013030192475658425,0.2972928999997748,ok,same_stridge_core,Hx;H*Hxx,0.024,1.562334216042714
0.7002281204807868,1.7823728240444645,0.22272713967166244,-1.1740065324296225,0;0;-1.17400653243;0.222727139672;0;0;0;0;0;0;0;0,55905.501532797345,0.006,2872,0.0001,12.602717342994481,,0.0010858569421398308,0.41315510000003997,ok,same_stridge_core,Hx;D_x^1.782373 H,0.029298448837024683,1.4216170364350118
0.6323207672257359,1.3264952132236894,0.4711552129295268,-1.7163096782330194,0;0;-1.71630967823;0.47115521293;0;0;0;-0.163870568371;-0.220312353061;0;0;0,59801.87857567985,0.006,2873,0.0001,25.412187761122585,,0.001127509818900022,0.423842500000319,ok,same_stridge_core,Hx;D_x^1.326495 H;H*Hxx;H*Hxxx,0.029991611113344856,1.4914363308506442
0.6423417478484048,1.0216953801965278,0.0,-1.329444834281308,0;0;-1.32944483428;0;0;0;0;0;0;0;0;0,62569.87255258148,0.006,2874,0.0001,8.738912342148804,,0.003273082280979347,0.411993899999743,ok,same_stridge_core,Hx,0.07950000000000002,2.481925086890656
0.658149783577523,1.3690339376398704,0.4368431243202412,-1.562861942181972,0;0;-1.56286194218;0.43684312432;0;0;0;-0.128208797628;-0.154750295951;0;0;0,59177.69585451051,0.006,2875,0.0001,24.901383854321676,,0.0007688692186974588,0.4294337999999698,ok,same_stridge_core,Hx;D_x^1.369034 H;H*Hxx;H*Hxxx,0.02303492063492062,1.2303055125174727
0.6479294056430716,1.5396766443018894,0.567290419466133,-1.4860174640839667,0;0;-1.48601746408;0.567290419466;2.56470318988;0;0;-0.139785133142;-0.416061276002;0;0;0,55822.1099730717,0.006,2876,0.0001,29.551154162524416,,0.0013911242561881524,0.40750359999992725,ok,same_stridge_core,Hx;D_x^1.539677 H;Hxxx;H*Hxx;H*Hxxx,0.05082352941176468,1.6400991759885635
0.6695660920034366,1.164445179848145,0.08314760059355855,-1.3228782663995668,0;0;-1.3228782664;0.0831476005936;0;0;0;0;0;0;0;0,61578.60538119152,0.006,2877,0.0001,13.96998956249704,,0.00144273022161966,0.2965025000003152,ok,same_stridge_core,Hx;D_x^1.164445 H,0.03,1.654268486258734
0.6883087682089624,1.7951654172880203,0.0,-1.2304070328128016,-0.0238866155398;0;-1.23040703281;0;0;0;0;0;0.175899666741;0;0;-0.0380063424475,56759.00150659187,0.006,2878,0.0001,24.225843671240536,,0.0011989095723549312,0.4196910000000571,ok,same_stridge_core,1;Hx;H*Hxxx;H^2*Hxxx,0.018000000000000002,1.5222430686037849
0.6639122900796601,1.450511383028969,0.5306416835699224,-1.5162364393337326,0;0;-1.51623643933;0.53064168357;-0.713883737331;0;0;-0.134503624568;0;0;0;0,57749.47331637942,0.006,2879,0.0001,24.415151085127818,,0.000861249118379236,0.29050009999991744,ok,same_stridge_core,Hx;D_x^1.450511 H;Hxxx;H*Hxx,0.021606023606023594,1.315361758576045
0.6680218502920043,1.38075910505573,0.4173076852835428,-1.5086366333482135,0;0;-1.50863663335;0.417307685284;0;0;0;-0.114195926863;-0.135184550123;0;0;0,58991.70382993845,0.006,2880,0.0001,24.738895663393333,,0.0006639286826440668,0.30428159999974014,ok,same_stridge_core,Hx;D_x^1.380759 H;H*Hxx;H*Hxxx,0.03602820105820106,1.142214131417952
0.6579152939827985,1.6699138012013486,0.9225478908024518,-1.426955496671073,0;0;-1.42695549667;0.922547890802;0.6278846513;0;0;-0.50241007364;0;0;0.0395764218444;0,53191.80987663636,0.006,2881,0.0001,28.177622133591328,,0.0012400992779526218,0.41170699999975113,ok,same_stridge_core,Hx;D_x^1.669914 H;Hxxx;H*Hxx;H^2*Hxx,0.024,1.5817171952731468
0.625366930174429,1.8142230424440497,0.0,-1.6084784430814623,0;0;-1.60847844308;0;1.49219121038;0;0.0535895461772;-0.488763322763;0.0997461101923;0;0.0620958167997;0,58148.868526301274,0.006,2882,0.0001,37.06270952326706,,0.0024778718531006,0.410156200000074,ok,same_stridge_core,Hx;Hxxx;H*Hx;H*Hxx;H*Hxxx;H^2*Hxx,0.018000000000000002,2.1733884074862964
0.6508591600933151,1.3622652214625397,0.453688750947735,-1.6037569316826943,0;0;-1.60375693168;0.453688750948;0;0;0;-0.139227796007;-0.169250794025;0;0;0,59282.24342857137,0.006,2883,0.0001,25.01728136899633,,0.0008628697872985693,0.4077449000001252,ok,same_stridge_core,Hx;D_x^1.362265 H;H*Hxx;H*Hxxx,0.05623555555555557,1.3043839975677802
0.650179361993166,1.3594556922261825,0.4524722225847478,-1.6080989004626756,0;0;-1.60809890046;0.452472222585;0;0;0;-0.139807489121;-0.171763932585;0;0;0,59325.03895526956,0.006,2884,0.0001,25.039061581395725,,0.0008692694338293265,0.4234301999999843,ok,same_stridge_core,Hx;D_x^1.359456 H;H*Hxx;H*Hxxx,0.029419298245614036,1.3090459992878982
0.738162037573018,1.1795444798829535,0.11751880323529747,-1.2023447128811138,0;0;-1.20234471288;0.117518803235;-0.831530489224;0;0;0;0;0;0;0,61446.5838836575,0.006,2885,0.0001,19.66250342282826,,0.0007787928146464554,0.4234859000002871,ok,same_stridge_core,Hx;D_x^1.179544 H;Hxxx,0.036,1.2285282577310077
0.6955032080661883,1.5554638127417018,0.5111989657303562,-1.322133606461951,0;0;-1.32213360646;0.51119896573;-0.164595111286;0;0;-0.091968066431;0;0;0;0,55451.41665084779,0.006,2886,0.0001,23.27986304184906,,0.0006047787449312552,0.1602351000001363,ok,same_stridge_core,Hx;D_x^1.555464 H;Hxxx;H*Hxx,0.0538864957264957,1.0992963815099441
0.6696282981567364,1.3765041817150772,0.4067832090533349,-1.5011231421290434,0;0;-1.50112314213;0.406783209053;0;0;0;-0.110750397732;-0.134850408137;0;0;0,59059.9225233281,0.006,2887,0.0001,24.748727324326286,,0.000644832764483131,0.16070369999988543,ok,same_stridge_core,Hx;D_x^1.376504 H;H*Hxx;H*Hxxx,0.03591996970108082,1.1247583149950429
0.6732042036579281,1.7409153777107556,0.5722882276727937,-1.2781376749379478,0;0;-1.27813767494;0.572288227673;3.80762431428;0;0;-0.0901865637305;-0.523482300658;0;0;0,53878.0278349752,0.006,2888,0.0001,28.421201445872725,,0.0011808630139458123,0.4190702999999303,ok,same_stridge_core,Hx;D_x^1.740915 H;Hxxx;H*Hxx;H*Hxxx,0.024,1.4821875283851254
0.6638825159606052,1.8100668212901674,0.0,-1.25845803500009,0;0;-1.258458035;0;4.18501127999;0;0;0;-0.634360747609;0;0;0,57838.03714340413,0.006,2889,0.0001,19.228686474538556,,0.0018906511746984314,0.1510152000000744,ok,same_stridge_core,Hx;Hxxx;H*Hxxx,0.03666666666666666,1.8772753315173145
0.7040805999902364,1.6876429823799854,0.559697625569633,-1.2318862870272143,0;0;-1.23188628703;0.55969762557;0;0;0;-0.0758762144707;0;0;0;0,53098.19031861188,0.006,2890,0.0001,17.113117298660296,,0.0007174504619749506,0.41500379999979486,ok,same_stridge_core,Hx;D_x^1.687643 H;H*Hxx,0.03,1.1836602030767305
0.613520767303688,1.306853743520267,0.5093806431859266,-1.8337954337715663,0;0;-1.83379543377;0.509380643186;0;0;0;-0.193735625781;-0.269452998859;0;0;0,60064.953736034375,0.006,2891,0.0001,25.754963046129028,,0.001511078735428801,0.4285173000002942,ok,same_stridge_core,Hx;D_x^1.306854 H;H*Hxx;H*Hxxx,0.03526925590749122,1.7289815517152758
0.6606395490880999,1.0650254387298426,0.06538764920028599,-1.3502493992115587,0;0;-1.35024939921;0.0653876492003;0;0;0;0;0;0;0;0,62313.394138893455,0.006,2892,0.0001,14.285925257964102,,0.0017431149996487258,0.2907405999999355,ok,same_stridge_core,Hx;D_x^1.065025 H,0.047999999999999994,1.8232464301854108
0.645836868333018,1.3620482677973798,0.47113887857848163,-1.6314684761439173,0;0;-1.63146847614;0.471138878578;0;0;0;-0.147904589071;-0.177305870267;0;0;0,59285.5614306439,0.006,2893,0.0001,25.078942506563315,,0.0009428671114135214,0.4138101000003189,ok,same_stridge_core,Hx;D_x^1.362048 H;H*Hxx;H*Hxxx,0.018000000000000002,1.3647179343057563
0.6417458783390054,1.4679894236827022,0.5702337010220873,-1.5537668810734206,0;0;-1.55376688107;0.570233701022;0;0;0;-0.147091328419;0;0;0;0,57400.35571972987,0.006,2894,0.0001,19.03513769877107,,0.0016264911468033,0.4406607000000804,ok,same_stridge_core,Hx;D_x^1.467989 H;H*Hxx,0.024,1.8150309828521085
0.7049082300012278,1.419233783540737,0.15276342353086553,-1.2123407175269354,0;0;-1.21234071753;0.152763423531;0;0;0;0;0;0;0;0,58336.02177531452,0.006,2895,0.0001,12.843373681358008,,0.000731877978930495,0.291147799999635,ok,same_stridge_core,Hx;D_x^1.419234 H,0.06523076923076924,1.1761693262951025
0.6599054366127047,1.5679329307643763,0.5486594253051909,-1.420556944749057,0;0;-1.42055694475;0.548659425305;2.56507722678;0;0;-0.122500282491;-0.396820914971;0;0;0,55156.87105212977,0.006,2896,0.0001,29.069334979414204,,0.0011536386445151854,0.4159949999998389,ok,same_stridge_core,Hx;D_x^1.567933 H;Hxxx;H*Hxx;H*Hxxx,0.0649285714285714,1.490899453349318
0.671485402073454,1.5628340400853156,0.5757376985411188,-1.397551625121165,0;0;-1.39755162512;0.575737698541;0;0;0;-0.116239029329;0;0;0;0,55277.34163870936,0.006,2897,0.0001,18.027670916837284,,0.0010488725933528273,0.42115840000042226,ok,same_stridge_core,Hx;D_x^1.562834 H;H*Hxx,0.09000000000000001,1.4444684252244762
0.6628688527229429,1.576162967658564,0.6073744449864568,-1.4229351767410088,0;0;-1.42293517674;0.607374444986;0;0;0;-0.125710842805;0;0;0;0,54962.8495196321,0.006,2898,0.0001,18.101428474110467,,0.0013144060285543821,0.42836110000007466,ok,same_stridge_core,Hx;D_x^1.576163 H;H*Hxx,0.09000000000000001,1.612573618220835
0.7029595615550153,1.8054974341109307,0.2364601099858184,-1.1642424379061111,0;0;-1.16424243791;0.236460109986;0;0;0;0;0;0;0;0,57500.163245309835,0.006,2899,0.0001,12.900418925124104,,0.0010523696847313283,0.42680909999990035,ok,same_stridge_core,Hx;D_x^1.805497 H,0.04127925165404155,1.400386276062135
0.67745575095609,1.594688519859026,0.5464448316822175,-1.3508725291970958,0;0;-1.3508725292;0.546444831682;4.16675486952;0;0;-0.104659043972;-0.970479705991;0;0;0.0495376397338,54532.31226996307,0.006,2900,0.0001,33.977380281388506,,0.0008285391538569758,0.4133755000002566,ok,same_stridge_core,Hx;D_x^1.594689 H;Hxxx;H*Hxx;H*Hxxx;H^2*Hxxx,0.012,1.2579929194106623
0.6983805614214623,1.6161598768831398,0.5079014339194888,-1.2663619935278971,0;0;-1.26636199353;0.507901433919;1.79870101699;0;0;-0.0826849661761;-0.258419420278;0;0;0,54058.35019501859,0.006,2901,0.0001,28.088600317886154,,0.0005762025822547637,0.4145194000002448,ok,same_stridge_core,Hx;D_x^1.61616 H;Hxxx;H*Hxx;H*Hxxx,0.024231746031746035,1.0594252203768588
0.6778134258246378,1.5873619581866427,0.13886619803278882,-1.2524411454104596,0;0;-1.25244114541;0.138866198033;0;0;0;0;0;0;0;0,54701.07724367928,0.006,2902,0.0001,12.592947753558908,,0.0014786781130773452,0.4520126000002165,ok,same_stridge_core,Hx;D_x^1.587362 H,0.10371428571428574,1.6527323048230507
0.6027276992346726,1.5083933475961522,0.8655288716981226,-1.7799120698214546,0;0;-1.77991206982;0.865528871698;0.171891190716;0;0;-0.645428003358;-0.0502542583934;0;0.04824593027;0,56536.865588372326,0.006,2903,0.0001,36.08552939022644,,0.002305235867088396,0.44766870000012204,ok,same_stridge_core,Hx;D_x^1.508393 H;Hxxx;H*Hxx;H*Hxxx;H^2*Hxx,0.024,2.1634100372030445
0.6367554839876579,1.8403370995179695,0.0,-1.5542689891295807,0;0;-1.55426898913;0;1.48347588083;0;0.049532211897;-0.416932055827;0.0731623693574;0;0.0539204217808;0,60101.41002420688,0.006,2904,0.0001,38.0542019110736,,0.0020895751849141567,0.18468429999984437,ok,same_stridge_core,Hx;Hxxx;H*Hx;H*Hxx;H*Hxxx;H^2*Hxx,0.018000000000000002,1.993355896549468
0.7253793955391072,1.915296849821074,0.0,-1.0972297196354375,0.0492242651688;-0.013850166506;-1.09722971964;0;0;0;0;0;0.174121422845;0;0;-0.02504228727,63991.95738393418,0.006,2905,0.0001,32.979828851599116,,0.0004829279841543035,0.42035500000019965,ok,same_stridge_core,1;H;Hx;H*Hxxx;H^2*Hxxx,0.006,0.9838501596320214
0.6619325037073477,1.061104864154076,0.06519701845034662,-1.3471365886847861,0;0;-1.34713658868;0.0651970184503;0;0;0;0;0;0;0;0,62338.05666295135,0.006,2906,0.0001,14.27218257066763,,0.0017037206220741525,0.2949127000001681,ok,same_stridge_core,Hx;D_x^1.061105 H,0.05182499999999997,1.8045712380773598
0.7243359903726326,1.4138518483870157,0.17255324369079084,-1.1707163343612987,0;0;-1.17071633436;0.172553243691;0;0;0;0;0;0;0;0,58432.040456190036,0.006,2907,0.0001,12.728270869192682,,0.0005624059731576195,0.4255401000000347,ok,same_stridge_core,Hx;D_x^1.413852 H,0.05321516754850088,1.0418627779546754
0.6868294767706105,1.5764391039850107,0.15322893073935623,-1.2318771526827974,0;0;-1.23187715268;0.153228930739;0;0;0;0;0;0;0;0,54956.357077358065,0.006,2908,0.0001,12.486030448214201,,0.0012065101638259665,0.15974389999973937,ok,same_stridge_core,Hx;D_x^1.576439 H,0.09000000000000001,1.494759032742587
0.613520767303688,1.306853743520267,0.5093806431859266,-1.8337954337715663,0;0;-1.83379543377;0.509380643186;0;0;0;-0.193735625781;-0.269452998859;0;0;0,60064.953736034375,0.006,2909,0.0001,25.754963046129028,,0.001511078735428801,0.05663329999970301,ok,same_stridge_core,Hx;D_x^1.306854 H;H*Hxx;H*Hxxx,0.0353272690804717,1.7289815517152758
0.6388372036956673,1.3488352247962219,0.9929260954350804,-0.9957742854077916,0.18677308937;-0.0266475341155;-0.995774285408;0.992926095435;-1.32915841994;0;-0.351921650304;-0.345949036214;-1.46551154282;0.0259791917255;0;0.154418420842,59483.709701657834,0.006,2910,0.0001,60.22212926454276,,0.00029328555978178094,0.4395389999999679,ok,same_stridge_core,1;H;Hx;D_x^1.348835 H;Hxxx;H*Hx;H*Hxx;H*Hxxx;H^2*Hx;H^2*Hxxx,0.012,0.7384195628849098
0.6642258052329191,1.1031644254239252,0.31810821732267325,-1.0859903227084038,0.205588510629;-0.0360383777505;-1.08599032271;0.318108217323;-4.00895765995;0;-0.223993925302;-0.0566611099645;-0.109416009327;0.017020545549;-0.0156405165387;0.029384858156,62057.29498070121,0.006,2911,0.0001,68.88290394297326,,0.00019971602291647748,0.42568400000027395,ok,same_stridge_core,1;H;Hx;D_x^1.103164 H;Hxxx;H*Hx;H*Hxx;H*Hxxx;H^2*Hx;H^2*Hxx;H^2*Hxxx,0.006,0.6198794642019064
0.6748538788334094,1.351695733124374,0.11028995989455191,-1.2892748846676032,0;0;-1.28927488467;0.110289959895;0;0;0;0;0;0;0;0,59441.454475739185,0.006,2912,0.0001,13.47378782781433,,0.0013520889874765935,0.3180443999999625,ok,same_stridge_core,Hx;D_x^1.351696 H,0.036,1.5854969326664934
0.6054518812218013,1.511258394451563,0.8560064700834198,-1.7629110652503992,0;0;-1.76291106525;0.856006470083;0.230228471976;0;0;-0.630074290317;-0.055875617726;0;0.0470081859828;0,56472.87172371675,0.006,2913,0.0001,36.006901978512786,,0.002221301226313534,0.4597286000002896,ok,same_stridge_core,Hx;D_x^1.511258 H;Hxxx;H*Hxx;H*Hxxx;H^2*Hxx,0.030333333333333323,2.1231789442827336
0.674336244095642,1.5252173579086217,0.5527096946161998,-1.4220271375966305,0;0;-1.4220271376;0.552709694616;-0.326012842899;0;0;-0.118854652086;0;0;0;0,56156.56367257041,0.006,2914,0.0001,23.780315066287418,,0.0008682094855276714,0.4220780000000559,ok,same_stridge_core,Hx;D_x^1.525217 H;Hxxx;H*Hxx,0.084,1.317689597259254
0.6951913106623004,1.8122722392952664,0.0,-1.1818860971513376,0;0;-1.18188609715;0;0;0;0;0;0;0;0;0,58002.632173793485,0.006,2915,0.0001,7.951834758010023,,0.0023336140343063463,0.42550210000035804,ok,same_stridge_core,Hx,0.04511111111111114,2.1515715406306746
0.6318574697371346,1.7000204987930756,1.1548552882453131,-1.5125784990559106,0;0;-1.51257849906;1.15485528825;0.952141833783;0;0;-0.711084270396;0;0;0.0586141429423;0,53120.86579043701,0.006,2916,0.0001,28.57071137464879,,0.0020058286643828433,0.4260885999997299,ok,same_stridge_core,Hx;D_x^1.70002 H;Hxxx;H*Hxx;H^2*Hxx,0.044181512605042,2.010278479430283
0.6618759278215929,1.3765041817150772,0.433191541542699,-1.5415303215409744,0;0;-1.54153032154;0.433191541543;0;0;0;-0.123471396852;-0.145743018579;0;0;0,59059.9225233281,0.006,2917,0.0001,24.822550814062474,,0.0007297805503919211,0.1576060000002144,ok,same_stridge_core,Hx;D_x^1.376504 H;H*Hxx;H*Hxxx,0.018000000000000002,1.1985818047312302
0.6501125604853502,1.3054100723682482,0.38378839845787877,-1.6151850124742508,0;0;-1.61518501247;0.383788398458;0;0;0;-0.127150922289;-0.197330880418;0;0;0,60083.699940542014,0.006,2918,0.0001,25.305631672282455,,0.0008288778721840842,0.4172848999996859,ok,same_stridge_core,Hx;D_x^1.30541 H;H*Hxx;H*Hxxx,0.0427690009337068,1.2721516960656474
0.6890644148038678,1.1956798384870535,0.0932311955224565,-1.2896669506266565,0;0;-1.28966695063;0.0932311955225;0;0;0;0;-0.0704201978131;0;0;0,61298.81417981139,0.006,2919,0.0001,19.681672528031854,,0.0008977544119858838,0.4263780000001134,ok,same_stridge_core,Hx;D_x^1.19568 H;H*Hxxx,0.036,1.2920282740884383
0.6777454343412547,1.8631911842898292,0.0,-1.2291798638031883,0;0;-1.2291798638;0;0;0;0;0;0;0;0;0,61654.71296310814,0.006,2920,0.0001,8.316007141000588,,0.0023673412172810966,0.15594770000006974,ok,same_stridge_core,Hx,0.15000000000000005,2.150535844689774
0.6681296555115966,1.5704036178035137,0.5335918367928036,-1.390271197055748,0;0;-1.39027119706;0.533591836793;2.31512416033;0;0;-0.113468890691;-0.357223917556;0;0;0,55098.54393975747,0.006,2921,0.0001,28.92216233377083,,0.0009756470111161029,0.15081719999989218,ok,same_stridge_core,Hx;D_x^1.570404 H;Hxxx;H*Hxx;H*Hxxx,0.05188235294117643,1.3728903638920964
0.6527640758858752,1.3690453332496626,0.4556273163556669,-1.591837609056617,0;0;-1.59183760906;0.455627316356;0;0;0;-0.137352506637;-0.162835997879;0;0;0,59177.51867137633,0.006,2922,0.0001,24.961300388911756,,0.0008438900147659099,0.4332432000001063,ok,same_stridge_core,Hx;D_x^1.369045 H;H*Hxx;H*Hxxx,0.029358322151254477,1.290292920361222
0.725101299065633,1.533204825253651,0.20286153248276959,-1.1494439388187376,0;0;-1.14944393882;0.202861532483;0;0;0;0;0;0;0;0,55972.55197862498,0.006,2923,0.0001,12.22428106413484,,0.0005557881202971049,0.3080342999996901,ok,same_stridge_core,Hx;D_x^1.533205 H,0.05467121586232697,1.0297706684098427
0.6678812066293296,1.5953499889665685,0.5424366592328556,-1.3746523140414075,0;0;-1.37465231404;0.542436659233;2.63123309885;0;0;-0.111359600303;-0.39203141867;0;0;0,54517.20819802674,0.006,2924,0.0001,28.6657469279518,,0.0010314866350653324,0.43424789999971836,ok,same_stridge_core,Hx;D_x^1.59535 H;Hxxx;H*Hxx;H*Hxxx,0.04813392857142857,1.4071428289384311
0.6906739565302621,1.84147220645003,0.18591142873974087,-1.1752494167312424,0;0;-1.17524941673;0.18591142874;2.80886899512;0;0;0;-0.345396686935;0;0;-0.00564859174201,60183.611781131105,0.006,2925,0.0001,31.515324693454005,,0.0010988186422968547,0.42673439999998664,ok,same_stridge_core,Hx;D_x^1.841472 H;Hxxx;H*Hxxx;H^2*Hxxx,0.018000000000000002,1.4235188028884531
0.6338964508473418,1.3674457916004361,0.5217000934967507,-1.6968557036826186,0;0;-1.69685570368;0.521700093497;0;0;0;-0.170303354805;-0.193529320699;0;0;0,59202.40993730395,0.006,2926,0.0001,25.215571520293466,,0.001187023863145172,0.4308111000000281,ok,same_stridge_core,Hx;D_x^1.367446 H;H*Hxx;H*Hxxx,0.031252846401718576,1.5346075453718837
0.6664530962406848,1.857807301126137,0.0,-1.2523054705582244,0;0;-1.25230547056;0;4.12920703683;0;0;0;-0.629473289235;0;0;0,61311.197457240276,0.006,2927,0.0001,20.249253243316403,,0.001841988437632932,0.16830789999994522,ok,same_stridge_core,Hx;Hxxx;H*Hxxx,0.024,1.8558940061443188
0.6148917349270977,1.9199764686047953,-0.14144986184904168,-1.3983587576872316,0;0;-1.39835875769;-0.141449861849;5.62886340173;0;0;0;-0.832561400311;0;0;0,64107.85456140581,0.006,2928,0.0001,28.315469827953997,,0.0038928743217586034,0.4311784000001353,ok,same_stridge_core,Hx;D_x^1.919976 H;Hxxx;H*Hxxx,0.054792296296296276,2.672328003391671
0.7257340717225866,1.6352714726128488,0.5080904661437624,-1.18832224225487,0;0;-1.18832224225;0.508090466144;0;0;0;-0.0641167685398;0;0;0;0,53680.192668642856,0.006,2929,0.0001,17.03617766320964,,0.0004340244627853483,0.44969599999967613,ok,same_stridge_core,Hx;D_x^1.635271 H;H*Hxx,0.0233288796788974,0.9321198626167808
0.6054518812218013,1.511258394451563,0.8560064700834198,-1.7629110652503992,0;0;-1.76291106525;0.856006470083;0.230228471976;0;0;-0.630074290317;-0.055875617726;0;0.0470081859828;0,56472.87172371675,0.006,2930,0.0001,36.006901978512786,,0.002221301226313534,0.048697899999751826,ok,same_stridge_core,Hx;D_x^1.511258 H;Hxxx;H*Hxx;H*Hxxx;H^2*Hxx,0.030333333333333323,2.1231789442827336
0.6636233082040485,1.5713830031035416,0.5424834036227808,-1.4051530102544822,0;0;-1.40515301025;0.542483403623;2.48208621789;0;0;-0.118136138085;-0.382117097846;0;0;0,55075.436916003244,0.006,2931,0.0001,28.97716416943399,,0.0010748083815063558,0.4362232000003132,ok,same_stridge_core,Hx;D_x^1.571383 H;Hxxx;H*Hxx;H*Hxxx,0.07707692307692315,1.439445711432365
0.6567581890115166,1.1339813603465208,0.07289492348755851,-1.3557913180496657,0;0;-1.35579131805;0.0728949234876;0;0;0;0;0;0;0;0,61827.56076937884,0.006,2932,0.0001,14.24415821602123,,0.001877357710521975,0.15287910000006377,ok,same_stridge_core,Hx;D_x^1.133981 H,0.024,1.8786460621454624
0.6890644148038678,1.1956798384870535,0.09886304758696984,-1.275492592420903,0;0;-1.27549259242;0.098863047587;0;0;0;0;0;0;0;0,61298.81417981139,0.006,2933,0.0001,13.656117308094702,,0.001007709193777311,0.03560410000000047,ok,same_stridge_core,Hx;D_x^1.19568 H,0.059830649350649356,1.3963544721324244
0.6772959479033255,1.5874189971491486,0.13794252655731637,-1.2537013384603675,0;0;-1.25370133846;0.137942526557;0;0;0;0;0;0;0;0,54699.752826894925,0.006,2934,0.0001,12.601827962520987,,0.0014952463180979375,0.41568340000003445,ok,same_stridge_core,Hx;D_x^1.587419 H,0.10800000000000003,1.6618773971420022
0.6992583381994459,1.8042719881102038,0.226500400312349,-1.1740499425931838,0;0;-1.17404994259;0.226500400312;0;0;0;0;0;0;0;0,57410.429006620325,0.006,2935,0.0001,12.92960062186565,,0.001125981329226009,0.16306119999990187,ok,same_stridge_core,Hx;D_x^1.804272 H,0.0292890952872377,1.447514820541584
0.6843174223948789,1.5928369795935722,0.5149836181543848,-1.322592301251038,0;0;-1.32259230125;0.514983618154;2.03072745307;0;0;-0.0958603020232;-0.30280859244;0;0;0,54574.719101046314,0.006,2936,0.0001,28.475231819424344,,0.0007280894630887346,0.4241855999998734,ok,same_stridge_core,Hx;D_x^1.592837 H;Hxxx;H*Hxx;H*Hxxx,0.030841478696741868,1.187872268901187
0.6902389875941458,1.8531083337902434,0.0,-1.2267145443429184,-0.0244742388499;0;-1.22671454434;0;0;0;0;0;0.160096871593;0;0;-0.0362581687408,60998.92644513479,0.006,2937,0.0001,25.90912358791403,,0.0011763923903335893,0.4396315999997569,ok,same_stridge_core,1;Hx;H*Hxxx;H^2*Hxxx,0.018000000000000002,1.5095530098601126
0.6749052809605203,1.5944137880430047,0.1343425477508689,-1.2587978015542756,0;0;-1.25879780155;0.134342547751;0;0;0;0;0;0;0;0,54538.59451632058,0.006,2938,0.0001,12.61607410298444,,0.0015807237972572253,0.4284528000002865,ok,same_stridge_core,Hx;D_x^1.594414 H,0.11400000000000003,1.7083551997203223
0.7148818298855738,1.4070529713546385,0.3174353556261821,-1.295078191399846,0;0;-1.2950781914;0.317435355626;-0.629178002093;0;0;-0.0542575536518;0.0101011287515;0;0;0,58551.30955403929,0.006,2939,0.0001,30.198385256424817,,0.0004390034866642708,0.428780000000188,ok,same_stridge_core,Hx;D_x^1.407053 H;Hxxx;H*Hxx;H*Hxxx,0.012,0.9227304794051725
0.6368486892604353,1.6004448232432993,0.8835735020797849,-1.556186078805359,0;0;-1.55618607881;0.88357350208;0.382102612226;0;0;-0.557918220292;0;0;0.0433388174503;0,54401.7401195101,0.006,2940,0.0001,28.983869354126327,,0.0015678709046714953,0.4404190000000199,ok,same_stridge_core,Hx;D_x^1.600445 H;Hxxx;H*Hxx;H^2*Hxx,0.03330000000000001,1.7829992943712767
0.6968111687362685,1.7927350888274112,0.21695581893579766,-1.181732036498755,0;0;-1.1817320365;0.216955818936;0;0;0;0;0;0;0;0,56590.640083330916,0.006,2941,0.0001,12.791772073016816,,0.0011680841411060685,0.42214190000004237,ok,same_stridge_core,Hx;D_x^1.792735 H,0.0471472251082251,1.4736440563506312
0.7033829500305736,1.8098369507012633,0.2211235114737413,-1.1455789477507767,0;0;-1.14557894775;0.221123511474;2.56874245779;0;0;0;-0.347776828645;0;0;0.000119157775158,57820.92414195122,0.006,2942,0.0001,30.178805232740725,,0.0008668989913047135,0.4250369999999748,ok,same_stridge_core,Hx;D_x^1.809837 H;Hxxx;H*Hxxx;H^2*Hxxx,0.012,1.268343161765118
0.7298354339433619,1.9385159659936857,0.0,-1.07488901983061,0;0;-1.07488901983;0;0;0;0;0.0496902263602;0;0;0;0,64422.8076654989,0.006,2943,0.0001,14.211385010785206,,0.0009217634162430806,0.4093422000000828,ok,same_stridge_core,Hx;H*Hxx,0.024,1.3268234776854244
0.6601243123987777,1.4698485842648468,0.5608869325363676,-1.5215186288956912,0;0;-1.5215186289;0.560886932536;-0.638151369398;0;0;-0.140716708918;0;0;0;0,57362.32584091276,0.006,2944,0.0001,24.35586167714243,,0.00099054986036789,0.41138039999987086,ok,same_stridge_core,Hx;D_x^1.469849 H;Hxxx;H*Hxx,0.03678947368421053,1.410931340777323
0.6607364984021152,1.3546536722275229,0.41022063899809574,-1.551540269217181,0;0;-1.55154026922;0.410220638998;0;0;0;-0.120845379129;-0.157562371695;0;0;0,59397.38870215743,0.006,2945,0.0001,24.951195945797927,,0.0007248917455272923,0.40596489999961705,ok,same_stridge_core,Hx;D_x^1.354654 H;H*Hxx;H*Hxxx,0.05433276353276353,1.1922404649349547
0.6270424600314857,1.7192238041898893,1.242857929441812,-1.5187024468699466,0;0;-1.51870244687;1.24285792944;1.08222327634;0;0;-0.769084523485;0;0;0.0640935847323;0,53332.883030490746,0.006,2946,0.0001,28.78648499740189,,0.0022355909921690396,0.41310199999998076,ok,same_stridge_core,Hx;D_x^1.719224 H;Hxxx;H*Hxx;H^2*Hxx,0.047999999999999994,2.1200434821565146
0.6736466731313548,1.599822547062484,0.5348126096574507,-1.352936728849006,0;0;-1.35293672885;0.534812609657;2.47867823449;0;0;-0.105416377625;-0.366941169721;0;0;0,54415.75430559915,0.006,2947,0.0001,28.5389809523655,,0.000921457046277612,0.4119575999998233,ok,same_stridge_core,Hx;D_x^1.599823 H;Hxxx;H*Hxx;H*Hxxx,0.053083333333333343,1.3311037995659243
0.7183577995517678,1.4447441682297508,0.1732363220971119,-1.178750812771163,0;0;-1.17875081277;0.173236322097;0;0;0;0;0;0;0;0,57861.31328934197,0.006,2948,0.0001,12.636220562928491,,0.0005925023795483554,0.43560840000009193,ok,same_stridge_core,Hx;D_x^1.444744 H,0.047999999999999994,1.0639579050600965
0.6807160766972868,1.594271394684798,0.5710210698201964,-1.3498157457847808,0;0;-1.34981574578;0.57102106982;0;0;0;-0.105078711849;0;0;0;0,54541.851846616664,0.006,2949,0.0001,17.716602273199065,,0.0009268471015711239,0.43192679999992833,ok,same_stridge_core,Hx;D_x^1.594271 H;H*Hxx,0.0648882228882229,1.3540467192140628
0.6603788996338903,1.568374073246508,0.0,-1.27763424985503,0;0;-1.27763424986;0;0;0;0;0;0;0;0;0,55146.45253110015,0.006,2950,0.0001,7.770421516180269,,0.002655072378129327,0.419817200000125,ok,same_stridge_core,Hx,0.12000000000000004,2.255776263070254
0.6744028219137534,1.5854879491316987,0.5474777808003427,-1.3667555864481293,0;0;-1.36675558645;0.5474777808;4.19930962359;0;0;-0.108254066842;-0.986781765061;0;0;0.0505093280696,54744.61295815885,0.006,2951,0.0001,34.13443840912951,,0.0008675216768741785,0.41126919999987877,ok,same_stridge_core,Hx;D_x^1.585488 H;Hxxx;H*Hxx;H*Hxxx;H^2*Hxxx,0.019650793650793655,1.2876706342341993
0.7153833652885505,1.414799045269701,0.16335284368172712,-1.1899860074854658,0;0;-1.18998600749;0.163352843682;0;0;0;0;0;0;0;0,58415.24353822707,0.006,2952,0.0001,12.769445437676417,,0.0006172074407009236,0.4104594000000361,ok,same_stridge_core,Hx;D_x^1.414799 H,0.0420000445741622,1.0863967300310025
0.6646949122900756,1.6343173032205662,0.8093430016597986,-1.4190951749030132,0;0;-1.4190951749;0.80934300166;0.422456623515;0;0;-0.422909646147;0;0;0.0320582079436;0,53697.700527534274,0.006,2953,0.0001,28.29887489361587,,0.0010409114205955055,0.42343960000016523,ok,same_stridge_core,Hx;D_x^1.634317 H;Hxxx;H*Hxx;H^2*Hxx,0.018000000000000002,1.4500246298487345
0.6892865227397122,1.5476712710818974,0.4815051193633663,-1.3316975144413241,0;0;-1.33169751444;0.481505119363;1.36003179029;0;0;-0.092430842761;-0.224021340406;0;0;0,55634.919346886636,0.006,2954,0.0001,28.909180813884575,,0.0006077196785895583,0.3225695999999516,ok,same_stridge_core,Hx;D_x^1.547671 H;Hxxx;H*Hxx;H*Hxxx,0.03988888888888889,1.0917211404412566
0.6283424144009109,1.819891412379751,0.0,-1.5941662135252845,0;0;-1.59416621353;0;1.49043144407;0;0.0525127875728;-0.469699320418;0.09262488681;0;0.0599255054857;0,58575.9415996549,0.006,2955,0.0001,37.27085866622294,,0.002370960781803981,0.16730579999966722,ok,same_stridge_core,Hx;Hxxx;H*Hx;H*Hxx;H*Hxxx;H^2*Hxx,0.018000000000000002,2.1252937064299977
0.6678312614036386,1.5923383052036058,0.6014473538398861,-1.3962047818157173,0;0;-1.39620478182;0.60144735384;0;0;0;-0.118805780419;0;0;0;0,54586.170086682505,0.006,2956,0.0001,17.93326713721703,,0.0012301688957134813,0.42280650000020614,ok,same_stridge_core,Hx;D_x^1.592338 H;H*Hxx,0.09000000000000001,1.5574161112122775
0.6492997376569505,1.3711754498357958,0.4705917115944638,-1.6101275771465315,0;0;-1.61012757715;0.470591711594;0;0;0;-0.143742199592;-0.1669981783;0;0;0,59144.19123442989,0.006,2957,0.0001,24.992090001195116,,0.0009011260117052073,0.4225658000000294,ok,same_stridge_core,Hx;D_x^1.371175 H;H*Hxx;H*Hxxx,0.0207795551387388,1.3344135074231573
0.6155648256398916,1.0534431006020804,0.2019956419614302,-1.7717731736278801,0;0;-1.77177317363;0.201995641961;0;0;0;-0.112656024027;-0.342401576107;0;0;0,62385.39765576033,0.006,2958,0.0001,26.79105425834732,,0.0017287046137786143,0.4118471000001591,ok,same_stridge_core,Hx;D_x^1.053443 H;H*Hxx;H*Hxxx,0.07770851370851371,1.836895196043188
0.6940607479222102,1.8488719619214928,0.0,-1.1849095366424638,0;0;-1.18490953664;0;0;0;0;0;0;0;0;0,60708.459668816235,0.006,2959,0.0001,8.219404183942743,,0.00232890524052478,0.41488329999992857,ok,same_stridge_core,Hx,0.04314285714285718,2.1485582170611197
0.6595957413805629,1.1669822578318707,0.07814074199919462,-1.3461403013790696,0;0;-1.34614030138;0.0781407419992;0;0;0;0;0;0;0;0,61556.83280748212,0.006,2960,0.0001,14.137152460951132,,0.0017763509551671486,0.43700399999988804,ok,same_stridge_core,Hx;D_x^1.166982 H,0.024,1.8257858994547078
0.6382566207614773,1.0242695557074113,0.14616838898082046,-1.6217077178646038,0;0;-1.62170771786;0.146168388981;0;0;0;-0.0736026772041;-0.276332976658;0;0;0,62555.59657538866,0.006,2961,0.0001,26.67818532206991,,0.0014149630813622288,0.4319083000000319,ok,same_stridge_core,Hx;D_x^1.02427 H;H*Hxx;H*Hxxx,0.04811753246753245,1.655946691914444
0.6096117692271354,1.4851556620959863,0.7674518196272591,-1.7541660851774181,0;0;-1.75416608518;0.767451819627;-0.832537557473;0;0;-0.222986693117;0;0;0;0,57042.796193777474,0.006,2962,0.0001,25.220593161690672,,0.002884118961401056,0.41175539999994726,ok,same_stridge_core,Hx;D_x^1.485156 H;Hxxx;H*Hxx,0.08300000000000002,2.4034746841796792
0.6615968295301673,1.1154247762904244,0.09039875987130896,-1.5083325791331175,0;0;-1.50833257913;0.0903987598713;0;0;0.0261613968901;0;0;0;0;0,61968.445230660094,0.006,2963,0.0001,20.013423865492364,,0.0010908498108764737,0.44189230000029056,ok,same_stridge_core,Hx;D_x^1.115425 H;H*Hx,0.01736465520836141,1.422890296294334
0.6901948418412728,1.2126929999873948,0.18077022522033745,-1.3817789126773927,0;0;-1.38177891268;0.18077022522;0;0;0;-0.0422770398128;-0.143534678886;0;0;0,61135.174833483514,0.006,2964,0.0001,25.57951828978617,,0.0006598790270083547,0.41566980000015974,ok,same_stridge_core,Hx;D_x^1.212693 H;H*Hxx;H*Hxxx,0.03,1.1254483563927622
0.6557746123176811,1.3203409570996,0.0,-1.303725879011566,0;0;-1.30372587901;0;-0.308394310981;0;0;0;0;0;0;0,59885.941641778874,0.006,2965,0.0001,14.258429589934364,,0.0027402086063291805,0.4180347999999867,ok,same_stridge_core,Hx;Hxxx,0.078,2.281241261578588
0.6329130233507667,1.2978227153692141,0.42976830188050696,-1.7163019719789094,0;0;-1.71630197198;0.429768301881;0;0;0;-0.15526656462;-0.234257749724;0;0;0,60180.92231367963,0.006,2966,0.0001,25.528888444087446,,0.0010802827183904412,0.4175371000001178,ok,same_stridge_core,Hx;D_x^1.297823 H;H*Hxx;H*Hxxx,0.04128166931108108,1.456519518615594
0.6695660920034366,1.7897280659550059,0.5683878719284503,-1.2674857304087697,0;0;-1.26748573041;0.568387871928;4.2445907581;0;0;-0.0840742136509;-0.584107042466;0;0;0,56386.100220012755,0.006,2967,0.0001,29.774062006127537,,0.0013567566768314405,0.293007100000068,ok,same_stridge_core,Hx;D_x^1.789728 H;Hxxx;H*Hxx;H*Hxxx,0.024,1.581011896121158
0.7094328881138422,1.9489345811557772,0.31188504095969444,-1.1303037533094806,0;0;-1.13030375331;0.31188504096;0;0;0;0;0;0;0;0,64505.56861065553,0.006,2968,0.0001,14.31222332598285,,0.0010645526554829627,0.4150363999997353,ok,same_stridge_core,Hx;D_x^1.948935 H,0.02393211463350771,1.4111096038517446
0.6904120067555681,1.5623374527355671,0.1571010568861374,-1.2251101783047562,0;0;-1.2251101783;0.157101056886;0;0;0;0;0;0;0;0,55289.07919498827,0.006,2969,0.0001,12.488079105492401,,0.0011029435118047638,0.17236789999969915,ok,same_stridge_core,Hx;D_x^1.562337 H,0.10350000000000004,1.4302632664947468
0.6680218502920043,1.6687358562883066,0.8648652254343989,-1.388105022375901,0;0;-1.38810502238;0.864865225434;0.558951502964;0;0;-0.438504744005;0;0;0.0338854814232;0,53202.522305360035,0.006,2970,0.0001,28.051050959794523,,0.0010425628309706646,0.3165862000000743,ok,same_stridge_core,Hx;D_x^1.668736 H;Hxxx;H*Hxx;H^2*Hxx,0.018000000000000002,1.449789807114506
0.6370656865521869,1.2817843451390973,0.3949920716791532,-1.6920336939192298,0;0;-1.69203369392;0.394992071679;0;0;0;-0.143458493076;-0.233249832987;0;0;0,60379.44136996094,0.006,2971,0.0001,25.552952777672594,,0.0010036078606818785,0.4475558999997702,ok,same_stridge_core,Hx;D_x^1.281784 H;H*Hxx;H*Hxxx,0.042392156862745056,1.4011762296882133
0.6690314816177975,1.6128803672678245,0.5460902228668925,-1.3597563827018184,0;0;-1.3597563827;0.546090222867;2.79349138898;0;0;-0.108481222531;-0.408373932752;0;0;0,54128.08797577899,0.006,2972,0.0001,28.47528184876594,,0.0010415477662532515,0.455128699999932,ok,same_stridge_core,Hx;D_x^1.61288 H;Hxxx;H*Hxx;H*Hxxx,0.018000000000000002,1.4112378608764433
0.6690237849211427,1.571180729391549,0.1215698463562006,-1.275786110517232,0;0;-1.27578611052;0.121569846356;0;0;0;0;0;0;0;0,55080.20909913096,0.006,2973,0.0001,12.82075836140736,,0.0017658530044387438,0.4460801000000174,ok,same_stridge_core,Hx;D_x^1.571181 H,0.10800000000000003,1.804716541581168
0.6874059007150578,1.4945243936025774,0.45336211810010213,-1.3684579747921195,0;0;-1.36845797479;0.4533621181;0.778362399661;0;0;-0.0947740292057;-0.167152268724;0;0;0,56841.734174181576,0.006,2974,0.0001,29.48471681721542,,0.0005739030781763521,0.43041020000009667,ok,same_stridge_core,Hx;D_x^1.494524 H;Hxxx;H*Hxx;H*Hxxx,0.04733333333333337,1.0638497301246344
0.6408945733774731,1.357875206131323,0.48331271450444613,-1.660114300163389,0;0;-1.66011430016;0.483312714504;0;0;0;-0.155739933328;-0.187626723557;0;0;0,59348.96355741187,0.006,2975,0.0001,25.1614933826907,,0.0010225736232706128,0.41896970000016154,ok,same_stridge_core,Hx;D_x^1.357875 H;H*Hxx;H*Hxxx,0.024,1.4219079597259476
0.6648900974954389,1.5637047073537713,0.5947435442198727,-1.4217782644545247,0;0;-1.42177826445;0.59474354422;0;0;0;-0.123970843544;0;0;0;0,55256.768109368415,0.006,2976,0.0001,18.131608679750013,,0.0012168683255713772,0.40973510000003444,ok,same_stridge_core,Hx;D_x^1.563705 H;H*Hxx,0.09600000000000002,1.5545782469394867
0.6471570294389196,1.3765041817150772,0.485095076564963,-1.6203312195551318,0;0;-1.62033121956;0.485095076565;0;0;0;-0.148502504763;-0.167366001774;0;0;0,59059.9225233281,0.006,2977,0.0001,24.993088156740942,,0.0009470998403764016,0.15860969999994268,ok,same_stridge_core,Hx;D_x^1.376504 H;H*Hxx;H*Hxxx,0.023343724976258317,1.3691191474096982
0.6401688572082731,1.6815448187136863,1.0533052551345379,-1.491014674575444,0;0;-1.49101467458;1.05330525513;0.801275816152;0;0;-0.631551367888;0;0;0.05123667551;0,53115.10414672754,0.006,2978,0.0001,28.40960314915811,,0.001699988829433333,0.15280689999963215,ok,same_stridge_core,Hx;D_x^1.681545 H;Hxxx;H*Hxx;H^2*Hxx,0.036,1.8520510757943343
0.6382765373895858,1.349413455785589,0.48137259592030845,-1.6770317192424142,0;0;-1.67703171924;0.48137259592;0;0;0;-0.158558519878;-0.196783693522;0;0;0,59475.19751052183,0.006,2979,0.0001,25.233932060332283,,0.0010549288572094095,0.4156614999997146,ok,same_stridge_core,Hx;D_x^1.349413 H;H*Hxx;H*Hxxx,0.02930164805954278,1.443853056123552
0.6107255554605959,1.568374073246508,0.9542711554069452,-1.6991821304725727,0;0;-1.69918213047;0.954271155407;0.278670546812;0;0;-0.689480609473;0;0;0.0540707043208;0,55146.45253110015,0.006,2980,0.0001,29.714289768313105,,0.00225440683043017,0.15385740000010628,ok,same_stridge_core,Hx;D_x^1.568374 H;Hxxx;H*Hxx;H^2*Hxx,0.04136842105263157,2.141063502763027
0.6737566106151021,1.5477825184557699,0.5132341884457627,-1.3856513515763083,0;0;-1.38565135158;0.513234188446;1.84113345263;0;0;-0.109102800181;-0.298026269243;0;0;0,55632.30650695584,0.006,2981,0.0001,29.08539592377586,,0.0008274189155606114,0.4104613999998037,ok,same_stridge_core,Hx;D_x^1.547783 H;Hxxx;H*Hxx;H*Hxxx,0.04733333333333337,1.2692426702979398
0.6606395490880999,1.1685189879604114,0.07889080591703757,-1.3435266373960204,0;0;-1.3435266374;0.078890805917;0;0;0;0;0;0;0;0,61543.56623564003,0.006,2982,0.0001,14.11510033230718,,0.0017375200219702952,0.3051541999998335,ok,same_stridge_core,Hx;D_x^1.168519 H,0.024,1.8063870851791752
0.725101299065633,1.349413455785589,0.1576694804833484,-1.179057991577294,0;0;-1.17905799158;0.157669480483;0;0;0;0;0;0;0;0,59475.19751052183,0.006,2983,0.0001,12.979591115618437,,0.0006029576052259785,0.04051000000026761,ok,same_stridge_core,Hx;D_x^1.349413 H,0.02520045918367346,1.08455161351407
0.6313322244053781,1.3409012155496878,0.4946510502106796,-1.7191335152151093,0;0;-1.71913351522;0.494651050211;0;0;0;-0.169176590316;-0.213893382889;0;0;0,59599.08797326521,0.006,2984,0.0001,25.36445152451115,,0.001175574365525077,0.41430839999975433,ok,same_stridge_core,Hx;D_x^1.340901 H;H*Hxx;H*Hxxx,0.024,1.5248163352050632
0.6767781107108367,1.271716958247749,0.0966782271262894,-1.3039191923749562,0;0;-1.30391919237;0.0966782271263;0;0;0;0;-0.0467386259347;0;0;0,60499.35345462845,0.006,2985,0.0001,19.638592985027923,,0.0012053840175444905,0.42796220000036556,ok,same_stridge_core,Hx;D_x^1.271717 H;H*Hxxx,0.017994511460440996,1.4887869486393852
0.6599738588098102,1.804342514842235,1.2857216742369741,-1.3404069544046795,0;0;-1.3404069544;1.28572167424;1.11671450498;0;0;-0.632258414757;0;0;0.0526476101118;0,57415.57924331577,0.006,2986,0.0001,30.448162193440247,,0.0015307260438795478,0.16098979999969742,ok,same_stridge_core,Hx;D_x^1.804343 H;Hxxx;H*Hxx;H^2*Hxx,0.024,1.7403725717823615
0.670417919605813,1.569119824899023,0.5287784386054737,-1.3832660005963586,0;0;-1.3832660006;0.528778438605;2.22149326722;0;0;-0.111177194065;-0.343678741094;0;0;0,55128.84438158691,0.006,2987,0.0001,28.903804296625275,,0.0009273698230447196,0.40644720000000234,ok,same_stridge_core,Hx;D_x^1.56912 H;Hxxx;H*Hxx;H*Hxxx,0.050019230769230746,1.3393821058318207
0.6545268332706953,1.3053529406752609,0.3697390455680374,-1.590063229701531,0;0;-1.5900632297;0.369739045568;0;0;0;-0.11965364981;-0.189195006353;0;0;0,60084.43860718951,0.006,2988,0.0001,25.264742442107764,,0.0007775832658463603,0.3041422999999668,ok,same_stridge_core,Hx;D_x^1.305353 H;H*Hxx;H*Hxxx,0.030208387278356293,1.2309669992319552
0.6739083615088247,1.6010315241428996,0.5899971222568772,-1.3701521139184791,0;0;-1.37015211392;0.589997122257;0;0;0;-0.111558871962;0;0;0;0,54388.55266968023,0.006,2989,0.0001,17.788768758370253,,0.0011000485905183126,0.4030221999996684,ok,same_stridge_core,Hx;D_x^1.601032 H;H*Hxx,0.072,1.4722029574661806
0.7008730621186449,1.8497428672381324,0.0,-1.1667775620839662,0;0;-1.16677756208;0;0;0;0;0;0;0;0;0,60768.81122678119,0.006,2990,0.0001,8.249158610340011,,0.0023705836727382556,0.40594929999997476,ok,same_stridge_core,Hx,0.029312555899552794,2.1722774876618924
0.670249514283481,1.8238330356286865,0.0,-1.249924135952463,0;0;-1.24992413595;0;0;0;0;0;0;0;0;0,58873.584155193246,0.006,2991,0.0001,8.069716067865901,,0.00245777750854786,0.14960629999995945,ok,same_stridge_core,Hx,0.15000000000000005,2.182357652346577
0.6703127745460454,1.3295884358930035,0.1034080142974515,-1.3025245345804997,0;0;-1.30252453458;0.103408014297;0;0;0;0;0;0;0;0,59759.05235678328,0.006,2992,0.0001,13.611477187151973,,0.001482676888079645,0.40902939999978116,ok,same_stridge_core,Hx;D_x^1.329588 H,0.041999999999999996,1.6596667157953153
0.6588546265966609,1.3190528864358104,0.37274085564075815,-1.565309321524188,0;0;-1.56530932152;0.372740855641;0;0;0;-0.115785334017;-0.175940355631;0;0;0,59903.34570300389,0.006,2993,0.0001,25.156054450237416,,0.0007322021310777997,0.4193192000002455,ok,same_stridge_core,Hx;D_x^1.319053 H;H*Hxx;H*Hxxx,0.024,1.1947161690358572
0.6696047305614108,1.6319454075774165,0.5508777410622222,-1.346276892460942,0;0;-1.34627689246;0.550877741062;2.98186558597;0;0;-0.105944172724;-0.428793682171;0;0;0,53741.92904463005,0.006,2994,0.0001,28.295637045770608,,0.0010662672456094506,0.41855149999992136,ok,same_stridge_core,Hx;D_x^1.631945 H;Hxxx;H*Hxx;H*Hxxx,0.018000000000000002,1.4246725234555793
0.6707883572139416,1.6400053519607818,0.5518079164462332,-1.3378205476707987,0;0;-1.33782054767;0.551807916446;3.02232307402;0;0;-0.10407477046;-0.431833007237;0;0;0,53595.89684429559,0.006,2995,0.0001,28.2142830646177,,0.0010553178480346922,0.4153935999997884,ok,same_stridge_core,Hx;D_x^1.640005 H;Hxxx;H*Hxx;H*Hxxx,0.018000000000000002,1.4163346424699057
0.6591736465614465,1.837050547312578,0.0,-1.2697911827263382,0;0;-1.26979118273;0;4.28817213704;0;0;0;-0.643400189333;0;0;0,59861.283475807424,0.006,2996,0.0001,19.881808556165826,,0.0019952145778412383,0.4003047000001061,ok,same_stridge_core,Hx;Hxxx;H*Hxxx,0.03,1.9234235134235964
0.6578290278641571,1.1083270521830826,0.07023795699372512,-1.3550537991358116,0;0;-1.35505379914;0.0702379569937;0;0;0;0;0;0;0;0,62020.28432044103,0.006,2997,0.0001,14.2646324115189,,0.001832949959553366,0.4258767999999691,ok,same_stridge_core,Hx;D_x^1.108327 H,0.024589269039084156,1.860575547430693
0.6731117960558689,1.5783006440756782,0.5274028732624966,-1.3681749940366275,0;0;-1.36817499404;0.527402873262;2.24348555968;0;0;-0.107678660565;-0.342033758068;0;0;0,54912.62658915309,0.006,2998,0.0001,28.769967461461796,,0.0008929469026605757,0.3091802999997526,ok,same_stridge_core,Hx;D_x^1.578301 H;Hxxx;H*Hxx;H*Hxxx,0.053294117647058784,1.3136541668852493
0.655759227366445,1.3690143078034067,0.44511167716494165,-1.5756830268582511,0;0;-1.57568302686;0.445111677165;0;0;0;-0.132243205118;-0.158330621153;0;0;0,59178.00178779646,0.006,2999,0.0001,24.927474713910414,,0.0008009031728139755,0.48188980000031734,ok,same_stridge_core,Hx;D_x^1.369014 H;H*Hxx;H*Hxxx,0.018000000000000002,1.2562739987918297
0.7122743706630061,1.079969707042738,0.0803717506604577,-1.2550014917312378,0;0;-1.25500149173;0.0803717506605;0;0;0;0;-0.119217555094;0;0;0,62216.594604296784,0.006,3000,0.0001,19.919511737972154,,0.0008099023284467169,0.45452579999982845,ok,same_stridge_core,Hx;D_x^1.07997 H;H*Hxxx,0.029289099873867675,1.254533356683119
0.659963515841288,1.4013467698617315,0.4701174054582552,-1.5450652382253562,0;0;-1.54506523823;0.470117405458;0;0;0;-0.131171174363;-0.136147013193;0;0;0,58649.67901511931,0.006,3001,0.0001,24.708854856233522,,0.0007882412843805637,0.45574759999999515,ok,same_stridge_core,Hx;D_x^1.401347 H;H*Hxx;H*Hxxx,0.036,1.2489832501857956
0.6623944196318077,1.3953180746129017,0.454270751832896,-1.5342818532166715,0;0;-1.53428185322;0.454270751833;0;0;0;-0.126118491214;-0.135947571872;0;0;0,58751.90975595051,0.006,3002,0.0001,24.714338310464704,,0.0007456062420378703,0.4475748999998359,ok,same_stridge_core,Hx;D_x^1.395318 H;H*Hxx;H*Hxxx,0.023932111931641332,1.2135744080845008
0.7033126005975389,1.8767138735488176,0.0,-1.1603343627958893,0;0;-1.1603343628;0;0;0;0;0;0;0;0;0,62441.28123987311,0.006,3003,0.0001,8.427999824158249,,0.0023930399758844445,0.1645803999999771,ok,same_stridge_core,Hx,0.04733333333333337,2.1838717001709385
0.6550951579990003,1.4145579156913681,0.5034313954032998,-1.5655629781529046,0;0;-1.56556297815;0.503431395403;0;0;0;-0.141330966208;-0.135500929409;0;0;0,58419.52389265605,0.006,3004,0.0001,24.698122605986825,,0.0008912454806829379,0.4175669999999627,ok,same_stridge_core,Hx;D_x^1.414558 H;H*Hxx;H*Hxxx,0.03250761449077238,1.3303130489244015
0.6944432083134524,1.762397923140891,0.20333954054865985,-1.191220302614704,0;0;-1.19122030261;0.203339540549;0;0;0;0;0;0;0;0,54771.13762842062,0.006,3005,0.0001,12.443087552150867,,0.0011935788463192194,0.4222150000000511,ok,same_stridge_core,Hx;D_x^1.762398 H,0.036,1.4888600264667426
0.6669554194598212,1.5554638127417018,0.5304506630940402,-1.404528416505268,0;0;-1.40452841651;0.530450663094;2.16075743948;0;0;-0.116027783502;-0.342463925214;0;0;0,55451.41665084779,0.006,3006,0.0001,29.09620017124097,,0.0009691656943367004,0.1567182000003413,ok,same_stridge_core,Hx;D_x^1.555464 H;Hxxx;H*Hxx;H*Hxxx,0.04733333333333337,1.3704918458170736
0.6248545516066761,1.7664360147110507,0.0,-1.354881148383112,0;0;-1.35488114838;0;5.07741844647;0;0;0;-0.712741969674;0;0;0,54978.144168289204,0.006,3007,0.0001,19.000651257839284,,0.003447325695354251,0.4281402999999955,ok,same_stridge_core,Hx;Hxxx;H*Hxxx,0.06599999999999999,2.5072080073525194
0.6624385029674726,1.613893241015089,0.5557232650343271,-1.3804204261693305,0;0;-1.38042042617;0.555723265034;3.04860659127;0;0;-0.11445448639;-0.446227621853;0;0;0,54106.425735428245,0.006,3008,0.0001,28.564723014105294,,0.0011985929021993806,0.47035079999977825,ok,same_stridge_core,Hx;D_x^1.613893 H;Hxxx;H*Hxx;H*Hxxx,0.018000000000000002,1.5115101463911704
0.6550951579990003,1.4145579156913681,0.5034313954032998,-1.5655629781529046,0;0;-1.56556297815;0.503431395403;0;0;0;-0.141330966208;-0.135500929409;0;0;0,58419.52389265605,0.006,3009,0.0001,24.698122605986825,,0.0008912454806829379,0.041568200000256184,ok,same_stridge_core,Hx;D_x^1.414558 H;H*Hxx;H*Hxxx,0.08784000000000006,1.3303130489244015
0.6834699943619917,1.1165122159169842,0.07825169262700965,-1.3128414939830977,0;0;-1.31284149398;0.078251692627;0;0;0;0;-0.0867044966299;0;0;0,61960.40522555458,0.006,3010,0.0001,19.949703173939042,,0.0009972795132776513,0.42336999999997715,ok,same_stridge_core,Hx;D_x^1.116512 H;H*Hxxx,0.035914607096607105,1.3615816062726636
0.6695720517793935,1.5838515257559893,0.5934209291764401,-1.394418587063913,0;0;-1.39441858706;0.593420929176;0;0;0;-0.117619073792;0;0;0;0,54782.73198961831,0.006,3011,0.0001,17.94713786369187,,0.001156671671283784,0.420654999999897,ok,same_stridge_core,Hx;D_x^1.583852 H;H*Hxx,0.078,1.5123182668063795
0.7206546980278391,1.5619035798231162,0.43358296041480304,-1.2221418610747325,0;0;-1.22214186107;0.433582960415;0.586081251846;0;0;-0.0620565887889;-0.0992190193595;0;0;0,55299.329996547305,0.006,3012,0.0001,28.547082117852582,,0.00040578226659703263,0.1690849999999955,ok,same_stridge_core,Hx;D_x^1.561904 H;Hxxx;H*Hxx;H*Hxxx,0.012,0.8974171195789281
0.6589436187034059,1.2829117998486936,0.3295517419824462,-1.5647003322826682,0;0;-1.56470033228;0.329551741982;0;0;0;-0.106597572771;-0.189241247119;0;0;0,60365.788385830005,0.006,3013,0.0001,25.34385980653122,,0.0007396742181007555,0.16503079999984038,ok,same_stridge_core,Hx;D_x^1.282912 H;H*Hxx;H*Hxxx,0.03,1.197544452199216
0.6639067090723034,1.217639358463649,0.08647701904851035,-1.3308894219133927,0;0;-1.33088942191;0.0864770190485;0;0;0;0;0;0;0;0,61086.03475874507,0.006,3014,0.0001,13.96714037000187,,0.0016364451232385886,0.4088752000002387,ok,same_stridge_core,Hx;D_x^1.217639 H,0.029288816063113773,1.7499334182528554
0.6849275634161427,1.7324193927467242,0.5755621775068512,-1.2492767713155477,0;0;-1.24927677132;0.575562177507;3.30644750764;0;0;-0.0853829639438;-0.44982428064;0;0;0,53622.94574716109,0.006,3015,0.0001,28.121585526160477,,0.0009151879658112127,0.4232117000001381,ok,same_stridge_core,Hx;D_x^1.732419 H;Hxxx;H*Hxx;H*Hxxx,0.018000000000000002,1.310112652579932
0.6694359467123518,1.3979305597073464,0.4329414097005712,-1.497691312006692,0;0;-1.49769131201;0.432941409701;0;0;0;-0.115096903553;-0.125530572943;0;0;0,58707.822653202726,0.006,3016,0.0001,24.6268173091055,,0.0006636980803974,0.4194470000002184,ok,same_stridge_core,Hx;D_x^1.397931 H;H*Hxx;H*Hxxx,0.03063034005468215,1.1436882478244115
0.618528046407364,1.857807301126137,0.0,-1.3710543619930633,0;0;-1.37105436199;0;5.23025517163;0;0;0;-0.726206779198;0;0;0,61311.197457240276,0.006,3017,0.0001,21.048918096110903,,0.003867203469250795,0.1550555999997414,ok,same_stridge_core,Hx;Hxxx;H*Hxxx,0.05328825121967979,2.6555588589388193
0.62889866328278,1.7751731497382854,0.0,-1.3446231828356994,0;0;-1.34462318284;0;4.98093613639;0;0;0;-0.704247998651;0;0;0,55465.75992758278,0.006,3018,0.0001,19.057993554748485,,0.003206010358462359,0.4233165000000554,ok,same_stridge_core,Hx;Hxxx;H*Hxxx,0.05999999999999999,2.418265576473649
0.6592283518620576,1.387491865569704,0.45587257357370187,-1.552813241999285,0;0;-1.552813242;0.455872573574;0;0;0;-0.129971459482;-0.144117540341;0;0;0,58882.044286775155,0.006,3019,0.0001,24.79188610571218,,0.0007774652030177719,0.43007150000039474,ok,same_stridge_core,Hx;D_x^1.387492 H;H*Hxx;H*Hxxx,0.02332887969959177,1.2390683910021167
0.6638230359934331,1.5718733386317156,0.0,-1.2679142300569861,0;0;-1.26791423006;0;0;0;0;0;0;0;0;0,55063.87321482441,0.006,3020,0.0001,7.732443855822095,,0.00257566722270293,0.41017520000013974,ok,same_stridge_core,Hx,0.15000000000000005,2.226056534339654
0.7058514668063296,1.4521343097182493,0.16006322765129113,-1.2052669793507547,0;0;-1.20526697935;0.160063227651;0;0;0;0;0;0;0;0,57717.699373180956,0.006,3021,0.0001,12.716174796900773,,0.0007295484168861259,0.4287684000000809,ok,same_stridge_core,Hx;D_x^1.452134 H,0.03526289193740175,1.1726349222645807
0.6919323314569459,1.225227079491763,0.10604305935557906,-1.2663699461804852,0;0;-1.26636994618;0.106043059356;0;0;0;0;0;0;0;0,61009.24721369992,0.006,3022,0.0001,13.552196063664573,,0.000944920527407439,0.4212290000000394,ok,same_stridge_core,Hx;D_x^1.225227 H,0.05988268398268397,1.3503466209245882
0.6626473974018388,1.5589915961653404,0.5404851335520432,-1.4173004057935834,0;0;-1.41730040579;0.540485133552;2.35122967539;0;0;-0.120449974242;-0.369533748868;0;0;0,55368.128917236405,0.006,3023,0.0001,29.121490637847703,,0.0010688601546010607,0.3106905999998162,ok,same_stridge_core,Hx;D_x^1.558992 H;Hxxx;H*Hxx;H*Hxxx,0.04730714285714288,1.437426179229501
0.6902795222204683,1.8403370995179695,0.0,-1.1950630322933817,0;0;-1.19506303229;0;0;0;0;0;0;0;0;0,60101.41002420688,0.006,3024,0.0001,8.151436018260302,,0.0023197918215077675,0.1690459000001283,ok,same_stridge_core,Hx,0.036,2.141295015839613
0.6953182269924519,1.776192422360833,0.20887895054561265,-1.1874382810534687,0;0;-1.18743828105;0.208878950546;0;0;0;0;0;0;0;0,55526.02074776954,0.006,3025,0.0001,12.589808309697643,,0.0011862816257408335,0.4458778000002894,ok,same_stridge_core,Hx;D_x^1.776192 H,0.036,1.4846041601437352
0.7262067452295125,1.6509759221282152,0.23769014524595367,-1.1279844506874779,0;0;-1.12798445069;0.237690145246;0;0;0;0;0;0;0;0,53419.1505092255,0.006,3026,0.0001,11.751355615607698,,0.0006000390806596928,0.4231262999996943,ok,same_stridge_core,Hx;D_x^1.650976 H,0.06498601398601395,1.0675255137625967
0.6271451486947427,1.510852747504251,0.747627714125318,-1.6511525793072124,0;0;-1.65115257931;0.747627714125;0.351699267787;0;0;-0.487482680459;-0.0777644188932;0;0.0347567468724;0,56481.95336067217,0.006,3027,0.0001,35.67266367075817,,0.001573665557739993,0.43143499999996493,ok,same_stridge_core,Hx;D_x^1.510853 H;Hxxx;H*Hxx;H*Hxxx;H^2*Hxx,0.01914285714285714,1.783491654354872
0.6718232143083422,1.5330060176484226,0.5107215417194464,-1.4023796734656293,0;0;-1.40237967347;0.510721541719;1.70748577808;0;0;-0.112153315731;-0.286973984967;0;0;0,55977.15599340186,0.006,3028,0.0001,29.264885629474254,,0.0008346326659450605,0.4113203999995676,ok,same_stridge_core,Hx;D_x^1.533006 H;Hxxx;H*Hxx;H*Hxxx,0.06184761904761906,1.276307632773324
0.6839251205459378,1.7297456544373329,0.574284686305168,-1.2532594581941237,0;0;-1.25325945819;0.574284686305;3.32347480316;0;0;-0.086142771913;-0.452855673003;0;0;0,53553.93917351151,0.006,3029,0.0001,28.097981149215464,,0.0009305327960281478,0.41966080000020156,ok,same_stridge_core,Hx;D_x^1.729746 H;Hxxx;H*Hxx;H*Hxxx,0.018000000000000002,1.321011562459707
0.6588888983170611,1.387480956036297,0.45705326150592634,-1.55459375128123,0;0;-1.55459375128;0.457053261506;0;0;0;-0.130536972941;-0.144593672041;0;0;0,58882.224845107,0.006,3030,0.0001,24.795762273168165,,0.0007821496667162227,0.4341738999996778,ok,same_stridge_core,Hx;D_x^1.387481 H;H*Hxx;H*Hxxx,0.023391496138830938,1.2428723351253672
