step,train_loss,val_loss,periodic_boundary_loss,periodic_derivative_loss,early_time_loss,peak_loss,spectral_loss,integer_derivative_loss,spectral_val_loss,integer_derivative_val_loss,composite_derivative_val_loss,selection_score,train_objective,is_best
0,0.5266844034194946,0.5010582208633423,3.976775587943848e-06,1.3643564216181403e-06,0.5266844034194946,1.2166517972946167,0.002322456333786249,0.0245712548494339,0.0020109417382627726,0.03327697142958641,0.5363461340311915,0.5363461340311915,0.5535781146027148,1
200,0.08218979090452194,0.07947679609060287,0.0006692686001770198,0.22842419147491455,0.08218979090452194,0.16114278137683868,0.0002818714710883796,0.030673164874315262,0.0003104098723269999,0.033251550048589706,0.11303875601151958,0.11303875601151958,0.11314482724992558,1
400,0.02204817533493042,0.022608119994401932,0.0008230056846514344,9.834808349609375,0.02204817533493042,0.036054156720638275,9.259187936550006e-05,0.029851891100406647,9.995522123062983e-05,0.032211970537900925,0.054920045753533486,0.054920045753533486,0.05199265831470257,1
600,0.012881589122116566,0.013522500172257423,0.00033152016112580895,0.4447375237941742,0.012881589122116566,0.017124835401773453,4.5906268496764824e-05,0.0312049463391304,6.790670158807188e-05,0.031211333349347115,0.04480174022319261,0.04480174022319261,0.04413244172974373,1
800,0.009586876258254051,0.009778983891010284,4.996040297555737e-05,0.24827679991722107,0.009586876258254051,0.013880121521651745,4.79496484331321e-05,0.027919480577111244,5.186322232475504e-05,0.030891545116901398,0.04072239223023644,0.04072239223023644,0.03755430648379843,1
1000,0.002680415054783225,0.0028737320099025965,0.00023281753237824887,0.5226502418518066,0.002680415054783225,0.0029705706983804703,1.7368909539072774e-05,0.030341321602463722,2.1418429241748527e-05,0.030065573751926422,0.03296072419107077,0.03296072419107077,0.03303910556678602,1
1200,0.0011643657926470041,0.0012387761380523443,0.00024591232067905366,1.0781956911087036,0.0011643657926470041,0.001346633885987103,1.0460224075359292e-05,0.026547787711024284,1.306797730649123e-05,0.029659101739525795,0.03091094585488463,0.03091094585488463,0.027722613727746648,1
1400,0.0009267801651731133,0.0010223702993243933,0.0004061032086610794,1.06986665725708,0.0009267801651731133,0.0009707737481221557,1.0046605893876404e-05,0.02487255446612835,1.1793007615779061e-05,0.02961823344230652,0.03065239674924669,0.03065239674924669,0.02580938123719534,1
1600,0.0009166816016659141,0.0009584591607563198,6.027915878803469e-05,0.9542233347892761,0.0009166816016659141,0.0011417348869144917,1.0324062714062165e-05,0.025126473978161812,1.144378893513931e-05,0.029572635889053345,0.030542538838744804,0.030542538838744804,0.026053479642541788,1
1800,0.0007993957260623574,0.0008756902534514666,0.00024098962603602558,0.9033805727958679,0.0007993957260623574,0.001012322143651545,9.918137948261574e-06,0.021472033113241196,1.0856737389985938e-05,0.02955533005297184,0.030441877043813292,0.030441877043813292,0.022281346977251815,1
2000,0.0007638205424882472,0.0007973560714162886,9.229876741301268e-05,0.8006067872047424,0.0007638205424882472,0.0008972733630798757,9.54656661633635e-06,0.02569088339805603,1.068069104803726e-05,0.029545409604907036,0.03035344636737136,0.03035344636737136,0.026464250507160614,1
2200,0.0007307873456738889,0.0007828877423889935,0.00010186426516156644,0.7067086696624756,0.0007307873456738889,0.00104643520899117,6.460267286456656e-06,0.029324064031243324,1.030146813718602e-05,0.029520308598876,0.03031349780940218,0.03031349780940218,0.03006131164420367,1
2400,0.0007095274049788713,0.0007562498212791979,2.364814827160444e-05,0.5914077758789062,0.0007095274049788713,0.0010202358243986964,9.944998964783736e-06,0.02699226886034012,1.016871101455763e-05,0.02952115423977375,0.030287572772067506,0.030287572772067506,0.027711741264283773,1
2600,0.0006537494482472539,0.0006901444285176694,0.00011174228711752221,0.5258433818817139,0.0006537494482472539,0.0009508952498435974,7.1564968493476044e-06,0.034164171665906906,9.837902325671166e-06,0.02950017713010311,0.030200159460946452,0.030200159460946452,0.03482507761100351,1
2800,0.0006283411639742553,0.0006399505073204637,6.319569365587085e-05,0.4226868152618408,0.0006283411639742553,0.0009209609706886113,7.59389058657689e-06,0.022251330316066742,9.740601853991393e-06,0.029493603855371475,0.03014329496454593,0.03014329496454593,0.022887265370627574,1
3000,0.0006137298187240958,0.0006308828014880419,6.992756971158087e-05,0.3420487940311432,0.0006137298187240958,0.0008458331576548517,7.79892252467107e-06,0.030883435159921646,9.712905921333004e-06,0.029483512043952942,0.030124107751362317,0.030124107751362317,0.03150496390117041,1
3200,0.0006235309410840273,0.0006439707358367741,2.2431446268456057e-05,0.2714049816131592,0.0006235309410840273,0.0010537449270486832,7.4178433351335116e-06,0.022828880697488785,9.593485629011411e-06,0.029477495700120926,0.03013105992158671,0.03013105992158671,0.023459829481907946,0
3400,0.0005619945004582405,0.0005579714197665453,5.114616942591965e-05,0.22867193818092346,0.0005619945004582405,0.0008835975895635784,8.086805792117957e-06,0.02616794966161251,9.285739906772505e-06,0.02945692278444767,0.030024179944120988,0.030024179944120988,0.02673803096786287,1
3600,0.0005294698639772832,0.0005199190345592797,2.1168492821743712e-05,0.15794821083545685,0.0005294698639772832,0.000870979973115027,7.801715582900215e-06,0.03430813178420067,9.12795167096192e-06,0.029455270618200302,0.029984317604430544,0.029984317604430544,0.03484540336376085,1
3800,0.0004892544820904732,0.0004854444705415517,2.9826989702996798e-05,0.12067814916372299,0.0004892544820904732,0.0008561821305193007,5.6737999329925515e-06,0.0205734483897686,8.868756594893057e-06,0.029431289061903954,0.0299256022890404,0.0299256022890404,0.021068376671792066,1
4000,0.00047697671107016504,0.0004924327949993312,0.00022968278790358454,0.09038721024990082,0.00047697671107016504,0.0007577159558422863,8.353426892426796e-06,0.029017997905611992,8.928894203563686e-06,0.02942083030939102,0.029922191998593917,0.029922191998593917,0.029503328043574584,1
4200,0.00045043593854643404,0.0004700124263763428,8.96893470780924e-05,0.05404755845665932,0.00045043593854643404,0.000847287243232131,8.154912393365521e-06,0.03161388263106346,8.676577635924332e-06,0.029403042048215866,0.029881731052228133,0.029881731052228133,0.03207247348200326,1
4400,0.0004120405064895749,0.000400695571443066,1.8033335436484776e-05,0.03786005452275276,0.0004120405064895749,0.0007743695750832558,5.931977739237482e-06,0.02413540706038475,8.440145393251441e-06,0.029414242133498192,0.02982337785033451,0.02982337785033451,0.024553379544613563,1
4600,0.0003960092144552618,0.0003995092411059886,4.359381637186743e-05,0.024620234966278076,0.0003960092144552618,0.0007771198870614171,8.013073056645226e-06,0.031114419922232628,8.375352990697138e-06,0.029398757964372635,0.02980664255846932,0.02980664255846932,0.031518442209744535,1
4800,0.0004046891408506781,0.00040797755355015397,5.960148337180726e-05,0.024110663682222366,0.0004046891408506781,0.0006892097881063819,7.0340020101866685e-06,0.023614024743437767,8.500064723193645e-06,0.02940407767891884,0.029820555297192186,0.029820555297192186,0.024025747886298632,0
5000,0.0003855408285744488,0.0003954049025196582,0.00013799961016047746,0.01742526702582836,0.0003855408285744488,0.0007304498576559126,6.45277486910345e-06,0.03111014887690544,8.393383723159786e-06,0.029398884624242783,0.0298026829104856,0.0298026829104856,0.031502142480348994,1
5200,0.00037771317875012755,0.0003605488163884729,1.588714076206088e-05,0.019854212179780006,0.00037771317875012755,0.0007483265944756567,6.260081136133522e-06,0.030669495463371277,8.263513336714823e-06,0.029440265148878098,0.029809077478603285,0.029809077478603285,0.031053468723257538,0
5400,0.0003846253384836018,0.00039841115358285606,0.0001708214113023132,0.013156059198081493,0.0003846253384836018,0.0007287951302714646,5.772573786089197e-06,0.027234241366386414,8.39216954773292e-06,0.029398316517472267,0.029805119840602856,0.029805119840602856,0.027624639278656105,0
5600,0.0003579359035938978,0.0003507713845465332,1.5506022464251146e-05,0.015653597190976143,0.0003579359035938978,0.0007241040584631264,9.128348210651893e-06,0.031327024102211,8.224526027333923e-06,0.02940964885056019,0.029768644761134055,0.029768644761134055,0.03169408835401555,1
5800,0.00035625245072878897,0.0003523488121572882,9.571100235916674e-06,0.018771115690469742,0.00035625245072878897,0.0007414830033667386,7.27509268472204e-06,0.028491448611021042,8.181525117834099e-06,0.029435954988002777,0.0297964853252779,0.0297964853252779,0.028854976154434553,0
6000,0.0003642301307991147,0.00036309994175098836,0.0001359348971163854,0.010504970327019691,0.0003642301307991147,0.0006794295622967184,7.655089575564489e-06,0.027062494307756424,8.265019459940959e-06,0.02939242124557495,0.02976378620678588,0.02976378620678588,0.027434379528131103,1
6200,0.0003564161597751081,0.00033725693356245756,3.961536549468292e-06,0.015044561587274075,0.0003564161597751081,0.0007278620032593608,5.338148184819147e-06,0.028736982494592667,8.129759407893289e-06,0.02941596508026123,0.02976135177323158,0.02976135177323158,0.029098736802552594,1
6400,0.0003661231603473425,0.00034357249387539923,2.446632061037235e-05,0.019100191071629524,0.0003661231603473425,0.0007260028505697846,5.829449946759269e-06,0.032474927604198456,8.19795695861103e-06,0.02944609522819519,0.0297978656790292,0.0297978656790292,0.03284688021449256,0
6600,0.00039386170101352036,0.00041098534711636603,5.629652150673792e-06,0.018461691215634346,0.00039386170101352036,0.0008463355479761958,8.287323908007238e-06,0.022327890619635582,8.319288099301048e-06,0.02941998466849327,0.029839289303708938,0.029839289303708938,0.02273003964455711,0
6800,0.00034513798891566694,0.0003360294213052839,1.0724616004154086e-05,0.01976754516363144,0.00034513798891566694,0.0007287620683200657,6.341825610434171e-06,0.027839768677949905,8.134963536576834e-06,0.02942821942269802,0.02977238380753988,0.02977238380753988,0.028191248492476007,0
7000,0.0003788461035583168,0.00036079742130823433,5.718665852327831e-05,0.022013990208506584,0.0003788461035583168,0.0007582639227621257,5.480965683091199e-06,0.034257449209690094,8.232151230913587e-06,0.029454849660396576,0.029823879232935724,0.029823879232935724,0.0346417762789315,0
7200,0.000363960542017594,0.0003378212859388441,6.991264399403008e-06,0.012729857116937637,0.000363960542017594,0.0007162651745602489,7.3065798460447695e-06,0.030266068875789642,8.2417509474908e-06,0.029404612258076668,0.029750675294963003,0.029750675294963003,0.03063733599765328,1
7400,0.00034908443922176957,0.000329431175487116,1.766786226653494e-05,0.01580956019461155,0.00034908443922176957,0.0007178290979936719,6.40831376585993e-06,0.030088065192103386,8.127919500111602e-06,0.02943512797355652,0.029772687068543746,0.029772687068543746,0.030443557945091015,0
7600,0.00033853703644126654,0.00032142570125870407,4.1271864574810024e-06,0.013522445224225521,0.00033853703644126654,0.0007051537977531552,6.422310434572864e-06,0.03030136413872242,8.056581464188639e-06,0.029406137764453888,0.02973562004717678,0.02973562004717678,0.03064632348559826,1
7800,0.00036633198033086956,0.00033773129689507186,9.988430247176439e-05,0.021356666460633278,0.00036633198033086956,0.0007220161496661603,5.530296220968012e-06,0.02949424460530281,8.154558599926531e-06,0.02947499044239521,0.02982087629789021,0.02982087629789021,0.029866106881854648,0
8000,0.0003405786701478064,0.00033272613654844463,0.00010017385648097843,0.005971182137727737,0.0003405786701478064,0.0007114957552403212,7.279485089384252e-06,0.03604329749941826,8.137215445458423e-06,0.029382724314928055,0.029723587666921958,0.029723587666921958,0.03639115565465545,1
8200,0.00034165100078098476,0.0003205037792213261,6.354292054311372e-06,0.009028306230902672,0.00034165100078098476,0.0006957697914913297,6.1593045757035725e-06,0.031085237860679626,8.085487934295088e-06,0.029402390122413635,0.029730979389569256,0.029730979389569256,0.031433048166036315,0
8400,0.00037426321068778634,0.0003869843785651028,0.0002435216447338462,0.004045735113322735,0.00037426321068778634,0.0007718114648014307,6.6366183091304265e-06,0.03904903680086136,8.271306796814315e-06,0.02938748151063919,0.029782737196001108,0.029782737196001108,0.039429936629858275,0
8600,0.00034909462556242943,0.00034752997453324497,0.00014727949746884406,0.004078757017850876,0.00034909462556242943,0.0007025157101452351,5.79754259888432e-06,0.031705353409051895,8.132732546073385e-06,0.029382377862930298,0.029738040570009616,0.029738040570009616,0.03206024557721321,0
8800,0.00040725854341872036,0.0003774506621994078,0.00021024956367909908,0.02115243673324585,0.00040725854341872036,0.0007642906275577843,8.570503268856555e-06,0.03716089576482773,8.315015293192118e-06,0.029531732201576233,0.029917497879068833,0.029917497879068833,0.037576724811515305,0
9000,0.0004014252044726163,0.00041463502566330135,0.0001728056522551924,0.003270443994551897,0.0004014252044726163,0.0008482676348648965,8.749093467486091e-06,0.027338963001966476,8.401614650210831e-06,0.029388269409537315,0.029811306049850828,0.029811306049850828,0.02774913729990658,0
9200,0.0003817669639829546,0.000380629557184875,0.00011247701331740245,0.0048577189445495605,0.0003817669639829546,0.0006709174485877156,6.2504936977347825e-06,0.02802150323987007,8.274875654024072e-06,0.02938106842339039,0.029769972856229288,0.029769972856229288,0.02840952069755076,0
9400,0.0003572752175386995,0.00033835452632047236,5.1746985263889655e-05,0.013442523777484894,0.0003572752175386995,0.0007214793586172163,6.8597423705796245e-06,0.02705259621143341,8.161928235494997e-06,0.02945687249302864,0.029803388947584608,0.029803388947584608,0.02741673117134269,0
9600,0.0003356492961756885,0.0003174848679918796,6.597075753234094e-06,0.008266527205705643,0.0003356492961756885,0.0007088106940500438,5.530260295927292e-06,0.033050283789634705,8.069670911936555e-06,0.029403675347566605,0.02972922988647042,0.02972922988647042,0.03339146334610632,0
9800,0.0003417283296585083,0.0003391011559870094,7.487574475817382e-05,0.0033757505007088184,0.0003417283296585083,0.0006947302026674151,6.977686098252889e-06,0.031763866543769836,8.141891157720238e-06,0.029382789507508278,0.029730032554653008,0.029730032554653008,0.0321125725595266,0
10000,0.0003717539366334677,0.00037199765210971236,0.000282046792563051,0.001594248227775097,0.0003717539366334677,0.0006802849238738418,7.80271875555627e-06,0.02484973706305027,8.280833753815386e-06,0.02939664199948311,0.029776920485346636,0.029776920485346636,0.025229293718439294,0
10200,0.00037696692743338645,0.00034225001581944525,8.809862265479751e-06,0.008771783672273159,0.00037696692743338645,0.0007731543737463653,8.187125786207616e-06,0.02721695601940155,8.258186426246539e-06,0.029431186616420746,0.029781694818666438,0.029781694818666438,0.027602110072621144,0
10400,0.00035552101326175034,0.00034488929668441415,1.6680147382430732e-05,0.010795081965625286,0.00035552101326175034,0.0007532527088187635,6.196377398737241e-06,0.031409647315740585,8.11447262094589e-06,0.029426200315356255,0.029779204084661615,0.029779204084661615,0.03177136470640107,0
10600,0.00034574675373733044,0.00032791667035780847,2.7804664568975568e-05,0.0047722021117806435,0.00034574675373733044,0.0006922350730746984,6.341007065202575e-06,0.03872251510620117,8.046497896430083e-06,0.029382769018411636,0.029718732186665875,0.029718732186665875,0.039074602867003705,1
10800,0.0003428091877140105,0.0003278647200204432,2.6708830773714e-05,0.007675518281757832,0.0003428091877140105,0.0007211854681372643,7.671550520171877e-06,0.03093450702726841,8.04731189418817e-06,0.029439646750688553,0.029775558782603184,0.029775558782603184,0.03128498776550259,0
11000,0.00038323417538776994,0.0003538182354532182,6.034069429006195e-06,0.004410083405673504,0.00038323417538776994,0.000701328506693244,5.260997113509802e-06,0.028558960184454918,8.304687980853487e-06,0.02940523996949196,0.02976736289292603,0.02976736289292603,0.028947455356956198,0
11200,0.000334062147885561,0.00031382785527966917,7.422707767545944e-06,0.005294916220009327,0.000334062147885561,0.0006856434629298747,5.799077371193562e-06,0.027475133538246155,8.085561603365932e-06,0.029401522129774094,0.02972343554665713,0.02972343554665713,0.02781499476350291,0
11400,0.00034033111296594143,0.00034112948924303055,4.9380591917724814e-06,0.0062421467155218124,0.00034033111296594143,0.0007446641684509814,7.223088232422015e-06,0.03034445084631443,8.063023415161297e-06,0.029406748712062836,0.029755941224721028,0.029755941224721028,0.030692005047512794,0
11600,0.00033173710107803345,0.00032622276921756566,1.5660016288165934e-05,0.005671747028827667,0.00033173710107803345,0.0007073406013660133,6.759223197150277e-06,0.024295074865221977,8.068923307291698e-06,0.029394973069429398,0.029729264761954255,0.029729264761954255,0.02463357118949716,0
11800,0.000393928203266114,0.00040475878631696105,0.0005093892104923725,0.00026403629453852773,0.000393928203266114,0.0007420150795951486,5.873676855117083e-06,0.02699356898665428,8.336923201568425e-06,0.029411645606160164,0.029824741315678693,0.029824741315678693,0.027393370866775513,0
12000,0.0003462797321844846,0.000342177547281608,8.996355609269813e-05,0.0026989763136953115,0.0003462797321844846,0.0006850832724012434,5.932082331128186e-06,0.026092134416103363,8.097864338196814e-06,0.029382754117250443,0.029733029528870247,0.029733029528870247,0.026444346230618976,0
12200,0.0003299748059362173,0.00031649801530875266,2.8456001018639654e-05,0.0032503909897059202,0.0003299748059362173,0.0006991659756749868,5.922019227000419e-06,0.02946055494248867,8.014176273718476e-06,0.02938731387257576,0.02971182606415823,0.02971182606415823,0.029796451767651888,1
12400,0.00038196862442418933,0.00038707503699697554,7.883598300395533e-06,0.007016107439994812,0.00038196862442418933,0.000788576842751354,5.503158718056511e-06,0.03314821422100067,8.228544174926355e-06,0.029412932693958282,0.029808236275130184,0.029808236275130184,0.03353568600414292,0
12600,0.0003721257671713829,0.00037788707413710654,5.889820749871433e-05,0.0019946028478443623,0.0003721257671713829,0.0008590645156800747,7.859235665819142e-06,0.028353162109851837,8.158165655913763e-06,0.029376739636063576,0.029762784875856596,0.029762784875856596,0.02873314711268904,0
12800,0.00032854394521564245,0.0003170657146256417,2.2660127797280438e-05,0.003290916560217738,0.00032854394521564245,0.0006816526292823255,6.854320417915005e-06,0.031496815383434296,8.042554327403195e-06,0.029390115290880203,0.029715223559833248,0.029715223559833248,0.03183221364906785,0
13000,0.0003320957184769213,0.0003222140949219465,2.004518137255218e-05,0.002944398205727339,0.0003320957184769213,0.0006926220958121121,8.455959687125869e-06,0.02824806049466133,8.057076229306404e-06,0.029391882941126823,0.029722154112278076,0.029722154112278076,0.02858861217282538,0
13200,0.0003347593592479825,0.0003215864999219775,1.0481378012627829e-05,0.004153328947722912,0.0003347593592479825,0.0007151057943701744,6.2948251979833e-06,0.01878008432686329,8.039380190894008e-06,0.029399089515209198,0.02972871539532207,0.02972871539532207,0.019121138511309255,0
13400,0.00037170713767409325,0.0003625092504080385,2.1778028894914314e-05,0.006719150114804506,0.00037170713767409325,0.000804480048827827,7.543349511252018e-06,0.024622531607747078,8.197343049687333e-06,0.029437854886054993,0.02980856147951272,0.02980856147951272,0.025001782094932423,0
13600,0.00034390424843877554,0.00033886180608533323,5.285338374960702e-06,0.0032827137038111687,0.00034390424843877554,0.0007375951390713453,7.86474902270129e-06,0.024278828874230385,8.108641850412823e-06,0.029410261660814285,0.02975723210875003,0.02975723210875003,0.02463059787169186,0
13800,0.0003396075335331261,0.00032797796302475035,6.369292805175064e-06,0.004477782640606165,0.0003396075335331261,0.0007203897694125772,7.103767529770266e-06,0.032231613993644714,8.083681677817367e-06,0.02941538393497467,0.029751445579677238,0.029751445579677238,0.03257832529470761,0
14000,0.00033890525810420513,0.0003265955310780555,6.01235733483918e-05,0.0016859149327501655,0.00033890525810420513,0.0006914502591826022,5.924881861574249e-06,0.02922799065709114,8.159396202245262e-06,0.029389478266239166,0.029724233193519467,0.029724233193519467,0.02957282079705692,0
14200,0.00032991974148899317,0.0003202299412805587,2.2106973119662143e-05,0.0033299257047474384,0.00032991974148899317,0.0006901363958604634,6.474970632552868e-06,0.03275857865810394,8.057298146013636e-06,0.029393170028924942,0.029721457268351514,0.029721457268351514,0.03309497337022549,0
14400,0.000367465807357803,0.00036090027424506843,4.713049202109687e-05,0.0011126789031550288,0.000367465807357803,0.0008302458445541561,8.042839908739552e-06,0.022713622078299522,8.141992111632135e-06,0.02938695251941681,0.02975599478577351,0.02975599478577351,0.023089130725566065,0
14600,0.00037862721364945173,0.00039626628858968616,0.00015470973448827863,0.0007153255282901227,0.00037862721364945173,0.000813448044937104,9.687974852568004e-06,0.028309378772974014,8.244088348874357e-06,0.02938009984791279,0.02978461022485135,0.02978461022485135,0.028697693961476034,0
14800,0.00034894244163297117,0.0003583263314794749,8.045822141866665e-06,0.0036854713689535856,0.00034894244163297117,0.0007557962671853602,8.293655810120981e-06,0.036217592656612396,8.12469170341501e-06,0.02939852699637413,0.02976497801955702,0.02976497801955702,0.03657482875405549,0
15000,0.0003415125247556716,0.0003214819298591465,7.451948476955295e-06,0.005536137148737907,0.0003415125247556716,0.0006918809376657009,6.401809514500201e-06,0.021366875618696213,8.147701009875163e-06,0.029416270554065704,0.029745900184934726,0.029745900184934726,0.021714789952966385,0
15200,0.0003411665675230324,0.0003220187791157514,1.2810997759515885e-05,0.002569464035332203,0.0003411665675230324,0.0007363078184425831,8.193072062567808e-06,0.03611565753817558,8.088964023045264e-06,0.029397757723927498,0.029727865467066295,0.029727865467066295,0.03646501717776118,0
15400,0.0003574430011212826,0.0003649712889455259,0.0002048803580692038,0.0003763696877285838,0.0003574430011212826,0.0007407371303997934,7.009122327872319e-06,0.034391168504953384,8.160781362676062e-06,0.029376234859228134,0.029749366929536336,0.029749366929536336,0.03475562062840254,0
15600,0.0003397487453185022,0.0003301040269434452,9.291957212553825e-06,0.006415789946913719,0.0003397487453185022,0.0007297233096323907,6.056550773791969e-06,0.037536416202783585,8.048777090152726e-06,0.0294187031686306,0.029756855972664198,0.029756855972664198,0.03788222149887588,0
15800,0.0003591152490116656,0.0003359894617460668,2.1778834707220085e-05,0.0036724668461829424,0.0003591152490116656,0.0007443772628903389,7.008814463915769e-06,0.019458262249827385,8.05272975412663e-06,0.029387574642896652,0.029731616834396846,0.029731616834396846,0.019824386313302966,0
16000,0.00042149933869950473,0.00038145133294165134,1.3784366274194326e-05,0.005681811831891537,0.00042149933869950473,0.0007937208865769207,6.361095074680634e-06,0.02529532089829445,8.371200237888843e-06,0.029426418244838715,0.029816240778018255,0.029816240778018255,0.025723181332068634,0
16200,0.0003420276043470949,0.0003216122859157622,5.2619648158724885e-06,0.0038883155211806297,0.0003420276043470949,0.0007244985899887979,7.965217264427338e-06,0.0251211728900671,8.017854270292446e-06,0.029403867200016975,0.02973349734020303,0.02973349734020303,0.025471165711678623,0
16400,0.0003452855162322521,0.00032659751013852656,3.470776209724136e-05,0.0069430237635970116,0.0003452855162322521,0.0007286343025043607,9.578774552210234e-06,0.026237184181809425,8.07029391580727e-06,0.029444005340337753,0.029778673144392087,0.029778673144392087,0.026592048472593888,0
16600,0.0003715404309332371,0.0003438240382820368,1.0382622349425219e-05,0.002575569087639451,0.0003715404309332371,0.000733349472284317,6.997466698521748e-06,0.030368298292160034,8.280755537271034e-06,0.02940482273697853,0.02975692753079784,0.02975692753079784,0.030746836189791793,0
16800,0.0003445849579293281,0.00033009759499691427,9.251472874893807e-06,0.0017672518733888865,0.0003445849579293281,0.000693799345754087,6.700562607875327e-06,0.039585135877132416,8.153185262926854e-06,0.0294045340269804,0.02974278480724024,0.02974278480724024,0.03993642139766962,0
17000,0.00035057513741776347,0.00034218726796098053,3.2939755328698084e-05,0.005564802326261997,0.00035057513741776347,0.0007148388540372252,6.771596417820547e-06,0.025232359766960144,8.106607310764957e-06,0.029441390186548233,0.02979168406181998,0.02979168406181998,0.025589706500795728,0
17200,0.0003355235676281154,0.0003259716322645545,3.32805429934524e-05,0.00625325134024024,0.0003355235676281154,0.0007239156402647495,7.815528988430742e-06,0.021879471838474274,8.013503247639164e-06,0.02943933568894863,0.029773320824460825,0.029773320824460825,0.02222281093509082,0
17400,0.0003365330630913377,0.00031775125535205007,2.078033867292106e-05,0.006033062469214201,0.0003365330630913377,0.000721121090464294,7.649089639016893e-06,0.03352067247033119,7.992166501935571e-06,0.02942889928817749,0.029754642710031476,0.029754642710031476,0.03386485462306155,0
17600,0.00035978094092570245,0.0003471708332654089,1.5798374079167843e-05,0.0028326166793704033,0.00035978094092570245,0.0008192363893613219,9.03118598216679e-06,0.029244255274534225,8.098118087218609e-06,0.029393069446086884,0.02974833839743951,0.02974833839743951,0.029613067401442095,0
17800,0.00042831694008782506,0.00038623149157501757,5.5631444411119446e-05,0.005628876853734255,0.00042831694008782506,0.000848075607791543,6.71486668579746e-06,0.02780267596244812,8.524863915226888e-06,0.0294659286737442,0.029860685029234446,0.029860685029234446,0.028237707769221743,0
18000,0.00032710598316043615,0.0003156002494506538,4.5150936784921214e-05,0.002106337808072567,0.00032710598316043615,0.0006936095305718482,5.2842306104139425e-06,0.017287936061620712,8.026241630432196e-06,0.029383160173892975,0.02970678666497406,0.02970678666497406,0.017620326275391562,1
18200,0.00040905631612986326,0.00038863622467033565,0.0001580721145728603,0.008543633855879307,0.00040905631612986326,0.0007432150305248797,6.7521395976655185e-06,0.03643765673041344,8.327531759277917e-06,0.02950899489223957,0.029905958648669184,0.029905958648669184,0.036853465186140966,0
18400,0.0003265600244048983,0.00031776601099409163,9.013555427372921e-06,0.005613566376268864,0.0003265600244048983,0.0007220579427666962,6.693060186080402e-06,0.031634166836738586,7.95767209638143e-06,0.029413416981697083,0.029739140664787556,0.029739140664787556,0.031967419921329565,0
18600,0.0003482785541564226,0.0003249355067964643,6.171868790261215e-06,0.00207581021822989,0.0003482785541564226,0.0007088364218361676,5.166935807210393e-06,0.03205938637256622,8.17453928902978e-06,0.029407653957605362,0.029740764003690856,0.029740764003690856,0.032412831862529856,0
18800,0.0003333874046802521,0.00031258154194802046,8.786329999566078e-06,0.003207201836630702,0.0003333874046802521,0.0006967121735215187,6.811581442889292e-06,0.023887401446700096,8.030523531488143e-06,0.029413772746920586,0.029734384812400094,0.029734384812400094,0.024227600432823237,0
19000,0.00034392831730656326,0.00034156866604462266,9.986956865759566e-05,0.0009111909894272685,0.00034392831730656326,0.000741399999242276,5.746049282606691e-06,0.03059660643339157,8.024353519431315e-06,0.02937478944659233,0.029724382466156385,0.029724382466156385,0.03094628079998074,0
19200,0.0003583419311325997,0.0003331572515890002,5.2749008318642154e-05,0.0013109216233715415,0.0003583419311325997,0.000725793419405818,5.780031642643735e-06,0.024948015809059143,8.116223398246802e-06,0.029385840520262718,0.029727113995249965,0.029727113995249965,0.025312137771834387,0
19400,0.000335985649144277,0.0003298322553746402,6.753712568752235e-06,0.0031419824808835983,0.000335985649144277,0.0007013014401309192,9.573312127031386e-06,0.022757938131690025,8.082455678959377e-06,0.029407422989606857,0.029745337700660457,0.029745337700660457,0.023103497092961334,0
19600,0.00036202225601300597,0.00034051123657263815,0.00011056591029046103,0.008471952751278877,0.00036202225601300597,0.0007451680139638484,7.534420547017362e-06,0.02513701282441616,8.078653991105966e-06,0.029481545090675354,0.029830134981239098,0.029830134981239098,0.025506569500976184,0
19800,0.00033413770142942667,0.0003158111940138042,4.1160725231748074e-05,0.0012624390656128526,0.00033413770142942667,0.0006913720280863345,6.469422260124702e-06,0.03262670710682869,8.10786514193751e-06,0.029386546462774277,0.02971046552193002,0.02971046552193002,0.03296731423051824,0
20000,0.0003334129578433931,0.00031656905775889754,4.380568498163484e-05,0.0015612769639119506,0.0003334129578433931,0.0006897005951032043,5.3883809414401185e-06,0.027737006545066833,8.062073902692646e-06,0.029382795095443726,0.029707426227105316,0.029707426227105316,0.028075807883851667,0
20200,0.000360527221346274,0.00035041748196817935,5.817536293761805e-05,0.0009451285586692393,0.000360527221346274,0.000737551657948643,4.916676061839098e-06,0.02062234655022621,8.229240847867914e-06,0.029379598796367645,0.029738245519183693,0.029738245519183693,0.020987790447634325,0
20400,0.00037614654866047204,0.00038558279629796743,7.950386134325527e-06,0.0034329460468143225,0.00037614654866047204,0.0008478073286823928,8.065891051955987e-06,0.021945687010884285,8.189766958821565e-06,0.029392585158348083,0.029786357721604872,0.029786357721604872,0.022329899450596713,0
20600,0.00032888149144127965,0.0003065016935579479,5.4893148444534745e-06,0.0037226856220513582,0.00032888149144127965,0.0007012952119112015,6.697211574646644e-06,0.025111017748713493,7.961416486068629e-06,0.02939673513174057,0.029711198241784587,0.029711198241784587,0.02544659645172942,0
20800,0.00035723598557524383,0.00034507657983340323,6.815253073000349e-06,0.004562828689813614,0.00035723598557524383,0.0007245579618029296,7.374153938144445e-06,0.024705680087208748,8.02299655333627e-06,0.02939257025718689,0.02974566983357363,0.02974566983357363,0.025070290226722136,0
21000,0.00032483148970641196,0.00031304426374845207,3.3595475542824715e-05,0.0027039432898163795,0.00032483148970641196,0.0007040004711598158,5.86477017350262e-06,0.028339868411421776,8.004407391126733e-06,0.02938598208129406,0.02970703075243364,0.02970703075243364,0.02867056467130169,0
21200,0.0003353767970111221,0.00032997719245031476,2.576408769527916e-05,0.0015995873836800456,0.0003353767970111221,0.0006988605600781739,6.973930794629268e-06,0.027699371799826622,8.085295121418312e-06,0.029386240988969803,0.029724303476541536,0.029724303476541536,0.028041722527632373,0
21400,0.0003562705242075026,0.0003423214366193861,2.1401956473710015e-05,0.0019217761000618339,0.0003562705242075026,0.0008080266416072845,5.240702648734441e-06,0.02653355896472931,8.056049409788102e-06,0.029386006295681,0.029736383781710174,0.029736383781710174,0.026895070191585546,0
21600,0.00035414216108620167,0.00035128905437886715,0.0001463277149014175,0.00023236128618009388,0.00035414216108620167,0.0007061938522383571,7.397008630505297e-06,0.03592454269528389,8.207080099964514e-06,0.02937501110136509,0.02973450723584392,0.02973450723584392,0.0362860818650006,0
21800,0.00033898380934260786,0.0003308599116280675,8.018052176339552e-05,0.0009794128127396107,0.00033898380934260786,0.0007256110548041761,6.335850230243523e-06,0.03109302930533886,8.105164852167945e-06,0.029373927041888237,0.029712892118368472,0.029712892118368472,0.03143834896491171,0
22000,0.0003357772366143763,0.0003365212178323418,1.1257323421887122e-05,0.0029571140184998512,0.0003357772366143763,0.0007313313544727862,6.0032693909306545e-06,0.03367291018366814,8.010620149434544e-06,0.029390079900622368,0.029734611738604144,0.029734611738604144,0.034014690689673444,0
22200,0.0003593452856875956,0.00035259727155789733,4.911395990347955e-06,0.003956843167543411,0.0003593452856875956,0.0007907889666967094,5.686300028173719e-06,0.03155676648020744,8.129856723826379e-06,0.029401732608675957,0.02976245973695768,0.02976245973695768,0.03192179806592321,0
22400,0.00033208404784090817,0.00031707322341389954,7.4329354902147315e-06,0.0037615150213241577,0.00033208404784090817,0.000722173077519983,8.0569716374157e-06,0.029765024781227112,7.998361070349347e-06,0.02939721755683422,0.02972228914131847,0.02972228914131847,0.030105165800705436,0
22600,0.00035257733543403447,0.00035082720569334924,5.031539694755338e-05,0.0015148856909945607,0.00035257733543403447,0.0008080617408268154,8.578850611229427e-06,0.02712840400636196,8.039661224756856e-06,0.029375337064266205,0.02973420393118431,0.02973420393118431,0.027489560192407225,0
22800,0.00043598207412287593,0.0004491074359975755,0.00012092066026525572,0.001026383601129055,0.00043598207412287593,0.0009143775096163154,7.151581485231873e-06,0.03991696238517761,8.470148713968229e-06,0.02937091514468193,0.029828492729393474,0.029828492729393474,0.04036009604078572,0
23000,0.0003428079653531313,0.0003229370340704918,4.488969807425747e-06,0.003461265005171299,0.0003428079653531313,0.000700521282851696,8.871060344972648e-06,0.023031439632177353,8.106669156404678e-06,0.029405007138848305,0.0297360508420752,0.0297360508420752,0.023383118657875457,0
23200,0.0003432266821619123,0.0003216800978407264,6.573046903213253e-06,0.0043869903311133385,0.0003432266821619123,0.0007130648009479046,6.1438681768777315e-06,0.021467167884111404,8.010285455384292e-06,0.029409440234303474,0.029739130617599585,0.029739130617599585,0.021816538434450194,0
23400,0.00038328059599734843,0.0003436560509726405,6.363665306707844e-06,0.002677083946764469,0.00038328059599734843,0.0008047480368986726,8.60972340888111e-06,0.02809263952076435,8.148135748342611e-06,0.02939576283097267,0.029747567017693655,0.029747567017693655,0.02848452984017058,0
23600,0.00033787128631956875,0.00031347243930213153,4.186677870166022e-06,0.0028644357807934284,0.00033787128631956875,0.0007238943944685161,6.7447977016854566e-06,0.02926107682287693,8.044426976994146e-06,0.02940351888537407,0.029725035751653195,0.029725035751653195,0.029605692906898184,0
23800,0.0004313419049140066,0.00041057245107367635,4.163500307186041e-06,0.00186623795889318,0.0004313419049140066,0.0007347047212533653,7.692444341955706e-06,0.04069402813911438,8.658354090584908e-06,0.029418369755148888,0.02983760056031315,0.02983760056031315,0.04113306248837034,0
24000,0.0003372070495970547,0.0003357788373250514,3.91876756111742e-06,0.004580984823405743,0.0003372070495970547,0.0007638224051333964,6.7401879277895205e-06,0.02494344301521778,8.025342140172143e-06,0.02940499223768711,0.029748796417152334,0.029748796417152334,0.025287390252742625,0
24200,0.0003253305039834231,0.00031741420389153063,5.3153435146668926e-05,0.0024102269671857357,0.0003253305039834231,0.000697399431373924,6.973639756324701e-06,0.022732574492692947,7.96952735981904e-06,0.029372550547122955,0.029697934278374305,0.029697934278374305,0.023064878636432695,1
24400,0.00034479470923542976,0.00032311383984051645,4.08500181947602e-06,0.004077200312167406,0.00034479470923542976,0.0007075030007399619,7.090164217515849e-06,0.024982653558254242,8.13542828836944e-06,0.02940928004682064,0.029740529314949526,0.029740529314949526,0.025334538431707188,0
24600,0.0003371593193151057,0.00032502616522833705,5.495969526236877e-05,0.0013622904662042856,0.0003371593193151057,0.0006814863882027566,7.414689662255114e-06,0.025493396446108818,8.062396773311775e-06,0.029374195262789726,0.029707283824791375,0.029707283824791375,0.02583797045508618,0
24800,0.0003375341184437275,0.00032011669827625155,3.225226009817561e-06,0.0032610867638140917,0.0003375341184437275,0.0007232163334265351,6.2507219809049275e-06,0.02779724821448326,7.992821338120848e-06,0.029399173334240913,0.029727282853855286,0.029727282853855286,0.028141033054907894,0
25000,0.0003774039214476943,0.00037079074536450207,2.835274017343181e-06,0.004245608113706112,0.0003774039214476943,0.0008104413864202797,7.599483978992794e-06,0.029210075736045837,8.092149073490873e-06,0.029397349804639816,0.02977623269907781,0.02977623269907781,0.029595079141472524,0
25200,0.0003230793809052557,0.00031809444772079587,3.3987282677117037e-06,0.004645250272005796,0.0003230793809052557,0.0007099438807927072,6.3303118622570764e-06,0.03411901369690895,7.964061296661384e-06,0.02939474768936634,0.029720806198383798,0.029720806198383798,0.034448423389676464,0
25400,0.00034715357469394803,0.00032798462780192494,4.352920313976938e-06,0.003820378566160798,0.00034715357469394803,0.0007140051457099617,8.336323844559956e-06,0.024759991094470024,8.086813068075571e-06,0.0293926689773798,0.0297287404182498,0.0297287404182498,0.025115480993008532,0
25600,0.00036316318437457085,0.0003441189764998853,0.00011525324225658551,0.012109764851629734,0.00036316318437457085,0.0007505904068239033,5.44415388503694e-06,0.027745993807911873,8.04641967988573e-06,0.029479380697011948,0.02983154609319172,0.02983154609319172,0.02811460114617148,0
25800,0.00034021231113001704,0.0003251162706874311,2.4475011741742492e-05,0.007607338018715382,0.00034021231113001704,0.000749395287130028,5.295232313073939e-06,0.03313630446791649,8.012713806238025e-06,0.029432957991957664,0.029766086976451334,0.029766086976451334,0.03348181201135958,0
26000,0.0003632883890531957,0.0003721923567354679,0.0001730380899971351,0.0014504913706332445,0.0003632883890531957,0.0007572842296212912,8.636317943455651e-06,0.031307801604270935,8.170151886588428e-06,0.029371052980422974,0.02975141548904503,0.02975141548904503,0.031679726311267586,0
26200,0.0003328800085000694,0.00032926464336924255,3.426337207201868e-05,0.0036646127700805664,0.0003328800085000694,0.0006936994614079595,5.994020284560975e-06,0.027126494795084,8.054351383179892e-06,0.029380708932876587,0.02971802792762901,0.02971802792762901,0.02746536882386863,0
26400,0.00032292690593749285,0.00031033330014906824,4.257745968061499e-05,0.00264168088324368,0.00032292690593749285,0.0007194777717813849,6.724968443450052e-06,0.028648464009165764,7.951148290885612e-06,0.029373738914728165,0.02969202336316812,0.02969202336316812,0.028978115883546707,1
26600,0.0003506899520289153,0.00032599104451946914,7.939867646200582e-05,0.009494808502495289,0.0003506899520289153,0.0007295373943634331,6.419911187549587e-06,0.025922400876879692,8.02738759375643e-06,0.02946064993739128,0.029794668369504507,0.029794668369504507,0.026279510740096157,0
26800,0.00041825222433544695,0.00039188587106764317,3.166789610986598e-05,0.007392591331154108,0.00041825222433544695,0.0008593199891038239,7.186262337199878e-06,0.027663813903927803,8.285697731480468e-06,0.029442768543958664,0.029842940112757788,0.029842940112757788,0.02808925239060045,0
27000,0.0003428992931731045,0.0003392763319425285,6.119636509538395e-06,0.005205833353102207,0.0003428992931731045,0.0007886223029345274,6.004646365909139e-06,0.028289036825299263,7.96796302893199e-06,0.02938285656273365,0.02973010085770511,0.02973010085770511,0.028637940764838277,0
27200,0.0003295809729024768,0.00031735896482132375,5.275183866615407e-05,0.0035036192275583744,0.0003295809729024768,0.000676879717502743,5.814592896058457e-06,0.027524981647729874,8.065840120252687e-06,0.029376108199357986,0.029701533004299563,0.029701533004299563,0.02786037721352841,0
27400,0.00032345630461350083,0.0003091181570198387,3.521397275108029e-06,0.006071213632822037,0.00032345630461350083,0.0006834689993411303,6.945771474420326e-06,0.022680634632706642,8.020741006475873e-06,0.029405221343040466,0.02972236024106678,0.02972236024106678,0.023011036708794563,0
27600,0.00032413602457381785,0.0003075275453738868,3.763445056392811e-05,0.004182182718068361,0.00032413602457381785,0.0006956707802601159,4.373307092464529e-06,0.027435539290308952,7.961156370583922e-06,0.029375171288847923,0.029690659990592394,0.029690659990592394,0.027764048621975235,1
27800,0.0003285105340182781,0.0003188038244843483,8.042353147175163e-05,0.004381165839731693,0.0003285105340182781,0.0006907130591571331,7.57489942770917e-06,0.026401793584227562,8.027132025745232e-06,0.029377078637480736,0.02970390959399083,0.02970390959399083,0.02673787901767355,0
28000,0.00032712597749195993,0.00030912450165487826,1.7468274791099248e-06,0.006311648990958929,0.00032712597749195993,0.0007064241799525917,6.773378572688671e-06,0.032083265483379364,7.989166988409124e-06,0.029398610815405846,0.029715724484049133,0.029715724484049133,0.03241716483944401,0
28200,0.0003626151301432401,0.0003372133360244334,7.509774150094017e-06,0.004365006927400827,0.0003626151301432401,0.000719277246389538,8.184632861230057e-06,0.02514023706316948,8.213310138671659e-06,0.02939620614051819,0.029741632786681294,0.029741632786681294,0.02551103682617395,0
28400,0.0003592139109969139,0.00035498340730555356,0.0001854852744145319,0.002902260050177574,0.0003592139109969139,0.0007294241222552955,8.337268809555098e-06,0.03787046670913696,8.191932465706486e-06,0.029371893033385277,0.029735068373156537,0.029735068373156537,0.03823801788894343,0
28600,0.00032772962003946304,0.0003104024799540639,3.5411558201303706e-05,0.011688943020999432,0.00032772962003946304,0.000709027168340981,6.068179118301487e-06,0.02234380692243576,7.960456059663557e-06,0.02943967841565609,0.029758041351669817,0.029758041351669817,0.022677604721593525,0
28800,0.0003616735339164734,0.00035188067704439163,3.6980050936108455e-05,0.005231461953371763,0.0003616735339164734,0.0006822257419116795,5.451050128613133e-06,0.02186567150056362,8.250619430327788e-06,0.02938310243189335,0.029743233728368068,0.029743233728368068,0.022232796084608708,0
29000,0.00038647904875688255,0.00035952695179730654,1.312674612563569e-06,0.007210699375718832,0.00038647904875688255,0.0007414047140628099,8.767521649133414e-06,0.031145473942160606,8.160917786881328e-06,0.02940474823117256,0.02977243610075675,0.02977243610075675,0.03154072051256662,0
29200,0.0003374479420017451,0.0003311276959720999,2.2240239559323527e-05,0.010575327090919018,0.0003374479420017451,0.000719695002771914,5.689067620551214e-06,0.033707935363054276,8.028919182834215e-06,0.02942882478237152,0.029767981397526455,0.029767981397526455,0.03405107237267657,0
29400,0.0003306709404569119,0.0003118207096122205,2.7847261662827805e-05,0.004455987364053726,0.0003306709404569119,0.000713802408427,7.035585440462455e-06,0.022624608129262924,7.992953214852605e-06,0.029382357373833656,0.02970217103666073,0.02970217103666073,0.0229623146551603,0
29600,0.00035543908597901464,0.0003498732403386384,0.00021311391901690513,0.0027445924933999777,0.00035543908597901464,0.0007522705709561706,6.365924946294399e-06,0.029540041461586952,8.061627340794075e-06,0.029372306540608406,0.02973024140828784,0.02973024140828784,0.02990184647251226,0
29800,0.0003437114064581692,0.0003217753837816417,2.1128651496837847e-05,0.01026765163987875,0.0003437114064581692,0.0007513045566156507,6.871473487990443e-06,0.024426786229014397,7.981420822034124e-06,0.029425261542201042,0.029755018346804718,0.029755018346804718,0.024777369108960556,0
30000,0.0003291215980425477,0.00032501170062460005,2.6212766897515394e-05,0.006404918152838945,0.0003291215980425477,0.0006850353092886508,6.96625738783041e-06,0.022846277803182602,8.01515761850169e-06,0.02937478758394718,0.029707814442190283,0.029707814442190283,0.02318236565861298,0
30200,0.00038067804416641593,0.00037248939042910933,2.830370249284897e-05,0.0059981015510857105,0.00038067804416641593,0.0007253990625031292,9.293066796089988e-06,0.03873050957918167,8.283848728751764e-06,0.029378509148955345,0.029759282388113206,0.029759282388113206,0.03912048069014418,0
30400,0.0003538603486958891,0.00035086681600660086,3.239162833779119e-05,0.009013740345835686,0.0003538603486958891,0.0007063982193358243,9.08207493921509e-06,0.027843257412314415,8.002412869245745e-06,0.029373642057180405,0.02973251128605625,0.02973251128605625,0.02820619983594952,0
30600,0.00032408308470621705,0.00031365244649350643,7.3107894422719255e-06,0.012623689137399197,0.00032408308470621705,0.0007079137139953673,6.683860192424618e-06,0.025065330788493156,7.961357368913013e-06,0.029407531023025513,0.029729144826887932,0.029729144826887932,0.025396097733391798,0
30800,0.00032446268596686423,0.0003068629594054073,8.019300366868265e-06,0.01097921747714281,0.00032446268596686423,0.00069287302903831,6.249665602808818e-06,0.02886742725968361,7.950837243697606e-06,0.029411885887384415,0.02972669968403352,0.02972669968403352,0.029198139611253282,0
31000,0.0003337348171044141,0.00032235903199762106,2.3029033400234766e-05,0.007971006445586681,0.0003337348171044141,0.000746198114939034,6.70016925141681e-06,0.022796934470534325,7.979982910910621e-06,0.029373038560152054,0.029703377575060586,0.029703377575060586,0.023137369456890156,0
31200,0.00032718302099965513,0.0003181000065524131,9.176058028970147e-07,0.010807419195771217,0.00032718302099965513,0.0007045350503176451,5.873473583051236e-06,0.025355540215969086,8.02615613793023e-06,0.029399625957012177,0.02972575211970252,0.02972575211970252,0.025688596710551792,0
31400,0.0003265578125137836,0.000305325462250039,2.2486068701255135e-05,0.007231548428535461,0.0003265578125137836,0.0007003649370744824,5.036278707848396e-06,0.029978202655911446,7.979207111930009e-06,0.029378434643149376,0.029691739312511345,0.029691739312511345,0.030309796747133078,0
31600,0.00037236048956401646,0.0003550548281054944,3.568775355233811e-05,0.01338830403983593,0.00037236048956401646,0.0008016452193260193,6.554122137458762e-06,0.02533716894686222,8.07223841547966e-06,0.0294328723102808,0.029795999376801774,0.029795999376801774,0.025716083558563696,0
31800,0.0003236222837585956,0.0003080522292293608,0.00016202457481995225,0.004789437633007765,0.0003236222837585956,0.0007051386637613177,6.467676939792e-06,0.026538336649537086,7.975271728355438e-06,0.029368188232183456,0.029684215733141173,0.029684215733141173,0.026868426610235474,1
32000,0.000367815257050097,0.00034434086410328746,0.00010098532220581546,0.014061283320188522,0.000367815257050097,0.0007472288561984897,8.6730215116404e-06,0.030198339372873306,8.11178506410215e-06,0.0294741690158844,0.02982662166505179,0.02982662166505179,0.030574827651435044,0
32200,0.0003885711485054344,0.0003892584063578397,0.00016582950775045902,0.0061661056242883205,0.0003885711485054344,0.0008500992553308606,6.752146418875782e-06,0.0332949161529541,8.25486313260626e-06,0.02936461754143238,0.029762130810922827,0.029762130810922827,0.03369023944787841,0
32400,0.00032004585955291986,0.0003098409215454012,8.367701957467943e-05,0.007450675126165152,0.00032004585955291986,0.0006941920728422701,6.40167581877904e-06,0.02927815169095993,7.954057764436584e-06,0.029367491602897644,0.029685286582207482,0.029685286582207482,0.02960459922633163,0
32600,0.000319986225804314,0.0003118836903013289,8.052785233303439e-06,0.012574919499456882,0.000319986225804314,0.0007282653241418302,6.4578166529827286e-06,0.03323700278997421,7.932029802759644e-06,0.029379699379205704,0.029699515099309792,0.029699515099309792,0.03356344683243151,0
32800,0.0003423484449740499,0.0003268764994572848,1.3979199593450176e-06,0.009881965816020966,0.0003423484449740499,0.0007000120240263641,8.05329909780994e-06,0.03318371623754501,8.062113010964822e-06,0.0294053815305233,0.02974032014299155,0.02974032014299155,0.03353411798161687,0
33000,0.00032266989001072943,0.00030142918694764376,8.359064622709411e-07,0.010690946131944656,0.00032266989001072943,0.000690583954565227,6.5481408455525525e-06,0.03200899437069893,7.991566235432401e-06,0.029396098107099533,0.02970551886028261,0.02970551886028261,0.03233821240155521,0
33200,0.00039941759314388037,0.00036836127401329577,0.00012489296204876155,0.01943058706820011,0.00039941759314388037,0.000795376836322248,8.308724318339955e-06,0.02696458250284195,8.154292117978912e-06,0.029484067112207413,0.029860582678338687,0.029860582678338687,0.02737230882030417,0
33400,0.0003298762021586299,0.0003203602973371744,6.374059739755467e-05,0.009941459633409977,0.0003298762021586299,0.000716762151569128,5.977758519293275e-06,0.033433254808187485,7.989694495336153e-06,0.029368840157985687,0.029697190149818198,0.029697190149818198,0.03376910876886541,0
33600,0.000339030142640695,0.00032918769284151495,1.1054713468183763e-05,0.014634130522608757,0.000339030142640695,0.0007240348495543003,6.538049547089031e-06,0.021154209971427917,7.978842404554598e-06,0.02941686287522316,0.02975402941046923,0.02975402941046923,0.0214997781636157,0
33800,0.0003352064813952893,0.00032922817626968026,7.687582547077909e-05,0.009319685399532318,0.0003352064813952893,0.0006740154349245131,5.468002200359479e-06,0.03682136908173561,8.028857337194495e-06,0.02936883084475994,0.029706087878366816,0.029706087878366816,0.03716204356533126,0
34000,0.00033398426603525877,0.0003297705261502415,9.712226164992899e-05,0.007715320214629173,0.00033398426603525877,0.0007467155810445547,7.648861355846748e-06,0.021532371640205383,8.024589988053776e-06,0.029365746304392815,0.02970354142053111,0.02970354142053111,0.02187400476759649,0
34200,0.0003255944757256657,0.0003183440421707928,1.4868925973132718e-05,0.012083293870091438,0.0003255944757256657,0.0007235684315674007,7.705246389377862e-06,0.02284160628914833,7.98436303739436e-06,0.02938256785273552,0.029708896257943707,0.029708896257943707,0.023174906011263374,0
34400,0.0003194251621607691,0.0003032555105164647,1.2990974028070923e-05,0.01612580008804798,0.0003194251621607691,0.0006953481934033334,7.607774477946805e-06,0.01663712039589882,7.948480742925312e-06,0.029417479410767555,0.029728683402026945,0.029728683402026945,0.016964153332537535,0
34600,0.00033214804716408253,0.0003114672435913235,2.82439282273117e-06,0.010732613503932953,0.00033214804716408253,0.0006843860610388219,6.2477738538291305e-06,0.04091914743185043,8.069383511610795e-06,0.029393088072538376,0.02971262469964131,0.02971262469964131,0.041257543252868345,0
34800,0.0003230729198548943,0.00030370423337444663,2.2947484467295e-05,0.010177177377045155,0.0003230729198548943,0.0006748262676410377,7.151499630708713e-06,0.03681949898600578,8.023223927011713e-06,0.029376037418842316,0.029687764876143774,0.029687764876143774,0.037149723405491386,0
35000,0.0003319971729069948,0.00033916151733137667,3.9102926052692055e-07,0.015320871025323868,0.0003319971729069948,0.0007576378993690014,7.629974788869731e-06,0.04050717502832413,7.985471711435821e-06,0.02939807064831257,0.02974521763735538,0.02974521763735538,0.04084680217601999,0
35200,0.0003231963491998613,0.00030748170684091747,3.357794412295334e-06,0.014374088495969772,0.0003231963491998613,0.0007030584383755922,8.656837962917052e-06,0.026330331340432167,7.954537068144418e-06,0.02940760925412178,0.029723045498030842,0.029723045498030842,0.026662184527594945,0
35400,0.0003303586272522807,0.0003175298043061048,0.00010208755702478811,0.009552993811666965,0.0003303586272522807,0.000742625561542809,5.5909217735461425e-06,0.02438458241522312,7.930466381367296e-06,0.029360884800553322,0.029686345071240794,0.029686345071240794,0.02472053196424895,0
35600,0.00032348549575544894,0.0003205917601007968,3.5563443816499785e-05,0.01206470187753439,0.00032348549575544894,0.0007299961871467531,6.655143806710839e-06,0.02403552271425724,7.91635648056399e-06,0.029368150979280472,0.029696659095861833,0.029696659095861833,0.0243656633538194,0
35800,0.00035791515256278217,0.00033288347185589373,6.709211447741836e-06,0.010586682707071304,0.00035791515256278217,0.0007508188718929887,7.588183507323265e-06,0.028429606929421425,8.036019607970957e-06,0.029382985085248947,0.029723904576712812,0.029723904576712812,0.02879511026549153,0
36000,0.00037721783155575395,0.00036406065919436514,8.560314745409414e-05,0.018837932497262955,0.00037721783155575395,0.000719845702406019,5.921987394685857e-06,0.03269139677286148,8.201880518754479e-06,0.029467929154634476,0.029840191694347595,0.029840191694347595,0.03307453659181192,0
36200,0.00032075942726805806,0.00030177683220244944,1.3796636721963296e-06,0.015421072952449322,0.00032075942726805806,0.0007077487534843385,5.5329569477180485e-06,0.032299622893333435,7.935406756587327e-06,0.029403094202280045,0.02971280644123908,0.02971280644123908,0.03262591527754921,0
36400,0.0003435363178141415,0.0003292629262432456,2.274424878123682e-05,0.019835812970995903,0.0003435363178141415,0.0007351875538006425,8.877999789547175e-06,0.026216920465230942,7.951672159833834e-06,0.02942189946770668,0.02975911406610976,0.02975911406610976,0.02656933478283463,0
36600,0.00033448042813688517,0.00031279306858778,5.990258068777621e-05,0.009507925249636173,0.00033448042813688517,0.0007175231003202498,5.0672424549702555e-06,0.02414255402982235,8.018798325792886e-06,0.029368802905082703,0.029689614771996276,0.029689614771996276,0.024482101700414205,0
36800,0.0003497620054986328,0.00033751066075637937,2.62780231423676e-05,0.011032666079699993,0.0003497620054986328,0.0006965200882405043,7.367527359747328e-06,0.02838192693889141,8.153666385624092e-06,0.02937442436814308,0.029720088695285085,0.029720088695285085,0.02873905647174979,0
37000,0.0003609650593716651,0.0003452785895206034,8.641076419735327e-05,0.021975703537464142,0.0003609650593716651,0.0007536211051046848,7.086046025506221e-06,0.03105207346379757,8.06159368949011e-06,0.02946442924439907,0.029817769427609164,0.029817769427609164,0.03142012456919474,0
37200,0.0003327011363580823,0.00031506564118899405,0.0001293336827075109,0.009294292889535427,0.0003327011363580823,0.000680819561239332,8.261924449470825e-06,0.03456207737326622,8.050225005717948e-06,0.029366495087742805,0.029689610953937517,0.029689610953937517,0.03490304043407377,0
37400,0.0003198460035491735,0.0003150377015117556,1.1695088687702082e-05,0.013462034054100513,0.0003198460035491735,0.0006945457425899804,6.860112080175895e-06,0.03792186453938484,7.942958291096147e-06,0.02937443181872368,0.02969741247852653,0.02969741247852653,0.03824857065501419,0
37600,0.0003397611144464463,0.00032568731694482267,0.00012499612057581544,0.00945437140762806,0.0003397611144464463,0.0007081474177539349,7.741845365671907e-06,0.025107476860284805,8.014020750124473e-06,0.029366910457611084,0.02970061179530603,0.02970061179530603,0.025454979820096924,0
37800,0.00035305286291986704,0.00035577290691435337,9.626327664591372e-05,0.00827107485383749,0.00035305286291986704,0.0008023802656680346,6.515666427731048e-06,0.030908100306987762,8.093267751974054e-06,0.02936440519988537,0.029728271374551696,0.029728271374551696,0.03126766883633536,0
38000,0.0003177784092258662,0.0003057474968954921,4.3441992602311075e-05,0.012736924923956394,0.0003177784092258662,0.0007193673518486321,7.147309133870294e-06,0.02746877260506153,7.911638022051193e-06,0.029365159571170807,0.02967881870608835,0.02967881870608835,0.027793698323421268,1
38200,0.00038850048440508544,0.00038299799780361354,3.5388611649977975e-06,0.017288189381361008,0.00038850048440508544,0.000733491440769285,6.619309715460986e-06,0.03701113909482956,8.140659701894037e-06,0.029402893036603928,0.029794031694109435,0.029794031694109435,0.037406258888950106,0
38400,0.00031328736804425716,0.00030272279400378466,1.9599792722146958e-05,0.015110600739717484,0.00031328736804425716,0.0007034140871837735,6.143500741018215e-06,0.023378411307930946,7.865177394705825e-06,0.02936975471675396,0.02968034268815245,0.02968034268815245,0.02369784217671622,0
38600,0.0003310354659333825,0.0003120813344139606,3.537245356710628e-05,0.021154504269361496,0.0003310354659333825,0.0007254783413372934,5.963214789517224e-06,0.02462618611752987,7.942807314975653e-06,0.029433991760015488,0.029754015901744424,0.029754015901744424,0.02496318479825277,0
38800,0.0003928469668608159,0.0003966504300478846,0.0005582323647104204,0.006478818599134684,0.0003928469668608159,0.0008248419035226107,5.759948635386536e-06,0.02580147050321102,8.28860720503144e-06,0.02939867042005062,0.029803609457303537,0.029803609457303537,0.026200077418707224,0
39000,0.0003493731783237308,0.0003360307600814849,2.3426926418324e-05,0.018034154549241066,0.0003493731783237308,0.0007825762731954455,6.397117886081105e-06,0.029193077236413956,8.013274054974318e-06,0.02942778915166855,0.029771833185805008,0.029771833185805008,0.029548847532623768,0
39200,0.0003403959271963686,0.00032103140256367624,5.94417588217766e-06,0.014852991327643394,0.0003403959271963686,0.000684546132106334,6.390328962879721e-06,0.023613393306732178,8.064547728281468e-06,0.029381554573774338,0.029710650524066295,0.029710650524066295,0.023960179562891426,0
39400,0.0003291421162430197,0.0003048006910830736,9.411322707819636e-07,0.013317497447133064,0.0003291421162430197,0.0007115477346815169,6.384083917509997e-06,0.023012960329651833,7.975638254720252e-06,0.029389237985014915,0.02970201431435271,0.02970201431435271,0.023348486529812362,0
39600,0.00033535188413225114,0.00031353390659205616,5.021177275921218e-05,0.020371418446302414,0.00033535188413225114,0.0007154559134505689,7.119879228412174e-06,0.03197300806641579,7.996795829967596e-06,0.029443055391311646,0.02976458609373367,0.02976458609373367,0.03231547982977645,0
39800,0.000343630847055465,0.00031665421556681395,1.633548095014703e-06,0.011914053000509739,0.000343630847055465,0.000740121933631599,5.875608621863648e-06,0.025469940155744553,8.01843634690158e-06,0.029400650411844254,0.02972532306375797,0.02972532306375797,0.02581944661142188,0
40000,0.0003160266496706754,0.0003075441054534167,3.085006756009534e-05,0.013189639896154404,0.0003160266496706754,0.0007055121823213995,6.42678151052678e-06,0.024114349856972694,7.940971045172773e-06,0.029370775446295738,0.029686260522794328,0.029686260522794328,0.024436803288153897,0
40200,0.00034391178633086383,0.00033872335916385055,3.9651986298849806e-05,0.023244192823767662,0.00034391178633086383,0.0007842182531021535,7.139736226235982e-06,0.039856456220149994,7.989285222720355e-06,0.02943466044962406,0.029781373094010632,0.029781373094010632,0.040207507742707094,0
40400,0.0003382076392881572,0.00031817553099244833,2.3535154468845576e-05,0.018227342516183853,0.0003382076392881572,0.0007298982818610966,6.77573279972421e-06,0.034547436982393265,7.9842811828712e-06,0.029427558183670044,0.029753717995845363,0.029753717995845363,0.034892420354481146,0
40600,0.00032330991234630346,0.0003113824932370335,3.8222913190111285e-07,0.016892636194825172,0.00032330991234630346,0.0006981752812862396,5.270788278721739e-06,0.02914327196776867,8.00541147327749e-06,0.029391800984740257,0.029711188889450568,0.029711188889450568,0.029471852668393694,0
40800,0.0003164796798955649,0.0003028136270586401,4.1065417462959886e-05,0.012086866423487663,0.0003164796798955649,0.0007024001097306609,7.83640643930994e-06,0.03255694359540939,7.892419489508029e-06,0.02936643175780773,0.02967713780435588,0.02967713780435588,0.03288125968174427,1
41000,0.0003394059604033828,0.00032045069383457303,4.58576778328279e-06,0.014305678196251392,0.0003394059604033828,0.0006949485396035016,7.992123755684588e-06,0.020362580195069313,8.086954039754346e-06,0.029384393244981766,0.029712930892856093,0.029712930892856093,0.02070997827922838,0
41200,0.00031466197106055915,0.0003034016990568489,5.110265192342922e-05,0.011708195321261883,0.00031466197106055915,0.0007063377997837961,6.153467438707594e-06,0.039841391146183014,7.897451723692939e-06,0.029363691806793213,0.029674990957573755,0.029674990957573755,0.04016220658468228,1
41400,0.00031945391674526036,0.00030774471815675497,1.8578406525193714e-05,0.021954072639346123,0.00031945391674526036,0.0007136850617825985,6.06307639827719e-06,0.021267514675855637,7.89654404798057e-06,0.029418325051665306,0.02973396631387004,0.02973396631387004,0.021593031668999174,0
41600,0.00031483947532251477,0.00030643862555734813,9.570388783686212e-07,0.014203294180333614,0.00031483947532251477,0.0007112139137461782,5.09646997670643e-06,0.017749903723597527,7.895756425568834e-06,0.029386229813098907,0.029700564195081824,0.029700564195081824,0.018069839668896748,0
41800,0.0003197547630406916,0.0003007138438988477,8.931242336984724e-05,0.011056490242481232,0.0003197547630406916,0.0006824361626058817,5.612484073935775e-06,0.03222313150763512,7.949642167659476e-06,0.029361149296164513,0.02966981278223102,0.02966981278223102,0.032548498754749744,1
42000,0.00031526965904049575,0.0003032554523088038,3.1455738280783407e-06,0.016483116894960403,0.00031526965904049575,0.0006990602123551071,6.935854344192194e-06,0.026799410581588745,7.899947377154604e-06,0.029398448765277863,0.02970960416496382,0.02970960416496382,0.027121616094973433,0
42200,0.0004012527933809906,0.0004100645601283759,2.4305521947098896e-05,0.01422556210309267,0.0004012527933809906,0.0009567469242028892,7.635932888661046e-06,0.02046211063861847,8.231287210946903e-06,0.02936774119734764,0.029786037044686964,0.029786037044686964,0.02087099936488812,0
42400,0.00033771549351513386,0.00033239671029150486,2.135497925337404e-05,0.017067842185497284,0.00033771549351513386,0.0007289209752343595,8.70892563398229e-06,0.031606525182724,8.015121238713618e-06,0.029420964419841766,0.029761376251371985,0.029761376251371985,0.031952949601873115,0
42600,0.00032700621522963047,0.0003218080382794142,1.4716700206918176e-05,0.01752619259059429,0.00032700621522963047,0.0007439416367560625,6.3890693127177656e-06,0.03327874839305878,7.947297490318306e-06,0.029413485899567604,0.029743241235337337,0.029743241235337337,0.033612143677601125,0
42800,0.0003212291921954602,0.0003179796622134745,2.931400558736641e-06,0.015775879845023155,0.0003212291921954602,0.0007311305962502956,6.993037004576763e-06,0.030436504632234573,7.927425940579269e-06,0.029380330815911293,0.029706237904065347,0.029706237904065347,0.03076472686143461,0
43000,0.00031565214158035815,0.00029836417525075376,7.239966066663328e-07,0.015607756562530994,0.00031565214158035815,0.0007002776837907732,4.854752660321537e-06,0.02642088755965233,7.886856110417284e-06,0.02939227968454361,0.02969853071590478,0.02969853071590478,0.026741394453893008,0
43200,0.0003466478665359318,0.000343170075211674,2.0270279492251575e-05,0.01999804750084877,0.0003466478665359318,0.0007569612935185432,6.851208581792889e-06,0.03261393681168556,7.989628102222923e-06,0.02941357158124447,0.029764731284558366,0.029764731284558366,0.03296743588680329,0
43400,0.0003146800445392728,0.0003048658254556358,1.2687692105828319e-05,0.01277048047631979,0.0003146800445392728,0.0006961835315451026,6.773517270630691e-06,0.030325865373015404,7.86661621532403e-06,0.029370194301009178,0.029682926742680138,0.029682926742680138,0.030647318934825307,0
43600,0.00032581467530690134,0.0003146225935779512,6.823420699220151e-05,0.012199099175632,0.00032581467530690134,0.0007169070304371417,7.727720912953373e-06,0.026241857558488846,7.977274435688742e-06,0.029362373054027557,0.029684972922041197,0.029684972922041197,0.0265753999547087,0
43800,0.00032042391831055284,0.000311146053718403,2.4478595150867477e-06,0.018852517008781433,0.00032042391831055284,0.0007282345904968679,5.812813924421789e-06,0.03039347194135189,7.865341103752144e-06,0.029392315074801445,0.0297113264696236,0.0297113264696236,0.030719708673586865,0
44000,0.00034133714507333934,0.00034322336432524025,6.0731166740879416e-05,0.013207433745265007,0.00034133714507333934,0.0007892607827670872,7.820964128768537e-06,0.02723095193505287,7.969458238221705e-06,0.02936149388551712,0.029712686708080582,0.029712686708080582,0.02758011004425498,0
44200,0.0003258052747696638,0.0003249411820434034,7.419274652420427e-07,0.018038539215922356,0.0003258052747696638,0.0007439511828124523,4.750324933411321e-06,0.021214768290519714,7.95269625086803e-06,0.029392767697572708,0.02972566157586698,0.02972566157586698,0.02154532389022279,0
44400,0.0003324911231175065,0.0003205524990335107,2.4091272280202247e-05,0.01882104203104973,0.0003324911231175065,0.0007440763292834163,7.822284715075511e-06,0.02241670712828636,7.900118362158537e-06,0.029415860772132874,0.029744313389528543,0.029744313389528543,0.022757020536118944,0
44600,0.00031870618113316596,0.0003105524810962379,6.297350773820654e-05,0.009759954176843166,0.00031870618113316596,0.0007211604388430715,5.331216016202234e-06,0.021120892837643623,7.916047252365388e-06,0.029362181201577187,0.02968064972992579,0.02968064972992579,0.02144493023479299,0
44800,0.0003167452523484826,0.0003068088262807578,1.1304300642223097e-05,0.011467056348919868,0.0003167452523484826,0.0006905121263116598,8.124859959934838e-06,0.023522213101387024,7.939634087961167e-06,0.029373109340667725,0.029687857801036444,0.029687857801036444,0.02384708321369544,0
45000,0.0003259000659454614,0.00031080387998372316,2.8392453259584727e-06,0.01154675055295229,0.0003259000659454614,0.0007328761275857687,5.930262432229938e-06,0.028655078262090683,7.898620424384717e-06,0.029380932450294495,0.029699634950702603,0.029699634950702603,0.028986908590468374,0
45200,0.0003186161338817328,0.0003069302183575928,3.349129838170484e-05,0.010717649012804031,0.0003186161338817328,0.0006942868931218982,5.919530849496368e-06,0.021703248843550682,7.92752871348057e-06,0.029366644099354744,0.029681501846425817,0.029681501846425817,0.02202778450828191,0
45400,0.0003354333166498691,0.0003388352051842958,3.0437645364145283e-06,0.014858660288155079,0.0003354333166498691,0.0007507583941332996,6.23147570877336e-06,0.029034355655312538,7.975329936016351e-06,0.029378298670053482,0.029725109205173794,0.029725109205173794,0.02937602044767118,0
45600,0.00033670314587652683,0.0003281578538008034,0.00010095161997014657,0.008246141485869884,0.00033670314587652683,0.0006846875767223537,7.645545338164084e-06,0.04096187651157379,8.047016308410093e-06,0.029362041503190994,0.029698246373300208,0.029698246373300208,0.04130622520278848,0
45800,0.0003153530997224152,0.00030407149461098015,3.1737588415126083e-06,0.01207505539059639,0.0003153530997224152,0.0007158936350606382,8.19695651443908e-06,0.03372461721301079,7.858561730245128e-06,0.029376976191997528,0.029688906248338753,0.029688906248338753,0.03404816726924764,0
46000,0.000320119084790349,0.0003097429289482534,4.073109812452458e-05,0.011557423509657383,0.000320119084790349,0.0007328233332373202,5.7101042330032215e-06,0.023553596809506416,7.880317753006238e-06,0.029364336282014847,0.029681959528716106,0.029681959528716106,0.02387942599852977,0
46200,0.0003574502479750663,0.0003282097168266773,7.36809815862216e-05,0.018852464854717255,0.0003574502479750663,0.0007675795932300389,5.408506694948301e-06,0.02481585368514061,8.029057426028885e-06,0.029453933238983154,0.02979017201323586,0.02979017201323586,0.025178712439810624,0
46400,0.00032272166572511196,0.0003153718716930598,0.00011961308337049559,0.01048717275261879,0.00032272166572511196,0.0006848946213722229,7.709608325967565e-06,0.02864823117852211,7.93223352957284e-06,0.029356377199292183,0.029679681304514816,0.029679681304514816,0.02897866245257319,0
46600,0.0003426299663260579,0.0003386898315511644,2.994775968545582e-05,0.019258547574281693,0.0003426299663260579,0.0007843907806091011,5.830126610817388e-06,0.02585817314684391,7.94542211224325e-06,0.029421593993902206,0.029768229247565614,0.029768229247565614,0.026206633239780786,0
46800,0.00031155950273387134,0.0003021997690666467,3.424270005325525e-07,0.014937740750610828,0.00031155950273387134,0.0007025108789093792,7.152878879423952e-06,0.03340395539999008,7.862691745685879e-06,0.029386721551418304,0.029696784012230637,0.029696784012230637,0.03372266778160338,0
47000,0.0003737191145773977,0.00038611816125921905,9.356474038213491e-05,0.011516199447214603,0.0003737191145773977,0.000857061764691025,8.732673450140283e-06,0.027126772329211235,8.144443199853413e-06,0.029360001906752586,0.02975426451121166,0.02975426451121166,0.027509224117238773,0
47200,0.00032745712087489665,0.0003202248190063983,1.9999919459223747e-05,0.013848811388015747,0.00032745712087489665,0.0006848028278909624,8.449847882729955e-06,0.02249939739704132,7.952879968797788e-06,0.029372956603765488,0.029701134302740684,0.029701134302740684,0.022835304365798947,0
47400,0.00032570818439126015,0.0003115731233265251,7.035196176730096e-05,0.008933156728744507,0.00032570818439126015,0.0007013150025159121,6.140109690022655e-06,0.03215806931257248,7.90854846854927e-06,0.029359964653849602,0.029679446325644676,0.029679446325644676,0.03248991760665376,0
47600,0.00035058092908002436,0.0003322635020595044,0.00016043435607571155,0.005592013243585825,0.00035058092908002436,0.0006877872510813177,5.498042810359038e-06,0.030835624784231186,8.16892134025693e-06,0.02936210110783577,0.02970253353123553,0.02970253353123553,0.03119170375612157,0
47800,0.00038052647141739726,0.0003777143429033458,0.00010481750359758735,0.007185565307736397,0.00038052647141739726,0.0007117671775631607,6.27292047283845e-06,0.027725033462047577,8.284445357276127e-06,0.02936377376317978,0.0297497725514404,0.0297497725514404,0.028111832853937813,0
48000,0.0003421941364649683,0.00032424528035335243,8.221018651966006e-05,0.009277598932385445,0.0003421941364649683,0.0007097383495420218,7.291072961379541e-06,0.0285776499658823,7.983135219546966e-06,0.029360827058553696,0.029693055474126595,0.029693055474126595,0.02892713517530865,0
48200,0.0003324773861095309,0.00031927169766277075,1.6433494238299318e-05,0.011403280310332775,0.0003324773861095309,0.0006907609640620649,6.058670351194451e-06,0.025825446471571922,8.015083949430846e-06,0.02937174402177334,0.02969903080338554,0.02969903080338554,0.026163982528032648,0
48400,0.00033932243240997195,0.00032267416827380657,3.76686352865363e-06,0.013846849091351032,0.00033932243240997195,0.0007251689676195383,7.447445113939466e-06,0.028503527864813805,7.934275345178321e-06,0.02937871217727661,0.029709320620895596,0.029709320620895596,0.028850297742337716,0
48600,0.00032845596433617175,0.00030402341508306563,4.446479238140455e-07,0.013752598315477371,0.00032845596433617175,0.0007281973958015442,7.275215011759428e-06,0.03445441648364067,7.926116268208716e-06,0.029389645904302597,0.02970159543565387,0.02970159543565387,0.0347901476629886,0
48800,0.00031433452386409044,0.0003036975977011025,4.1865743696689606e-05,0.011105775833129883,0.00031433452386409044,0.0006811458151787519,7.544637810497079e-06,0.027967561036348343,7.879057193349581e-06,0.029357271268963814,0.029668847923858266,0.029668847923858266,0.02828944019802293,1
49000,0.0003788334142882377,0.00036988442298024893,0.00027298106579110026,0.0060458192601799965,0.0003788334142882377,0.0006855317624285817,5.775912086392054e-06,0.02582695707678795,8.18187982076779e-06,0.0293678417801857,0.029745908082986716,0.029745908082986716,0.02621156640316258,0
49200,0.00036042602732777596,0.0003355948138050735,1.2846715435443912e-05,0.009371193125844002,0.00036042602732777596,0.000727291451767087,7.245437245728681e-06,0.03653541952371597,8.150615940394346e-06,0.029373425990343094,0.02971717142008856,0.02971717142008856,0.03690309098828948,0
49400,0.0003117817104794085,0.0002964956220239401,3.2062220270745456e-05,0.00987769290804863,0.0003117817104794085,0.0006937197176739573,7.4101694735873025e-06,0.027644803747534752,7.860658115532715e-06,0.029360860586166382,0.029665216866305855,0.029665216866305855,0.027963995627487748,1
49600,0.00034104505903087556,0.0003303476551081985,7.092045962053817e-06,0.01597314141690731,0.00034104505903087556,0.0007853672141209245,6.3046613831829745e-06,0.03326191380620003,7.92025002738228e-06,0.029402093961834908,0.02974036186697049,0.02974036186697049,0.033609263526614086,0
49800,0.0003266796993557364,0.00031011036480776966,7.941371222841553e-06,0.013815967366099358,0.0003266796993557364,0.0007192111224867404,7.3528053690097295e-06,0.03385145962238312,7.910988642834127e-06,0.02940330281853676,0.029721324171987362,0.029721324171987362,0.034185492127107864,0
50000,0.0003343705029692501,0.0003273565962444991,0.00017840194050222635,0.0066307056695222855,0.0003343705029692501,0.0006896739359945059,7.834934876882471e-06,0.027848776429891586,8.019387678359635e-06,0.029355883598327637,0.029691259582250495,0.029691259582250495,0.02819098186773772,0
50200,0.0003244082035962492,0.00031828301143832505,2.45737664954504e-05,0.009969595819711685,0.0003244082035962492,0.0007135082269087434,5.931939085712656e-06,0.027774004265666008,7.960392395034432e-06,0.02936650812625885,0.02969275153009221,0.02969275153009221,0.02810434440834797,0
50400,0.000325981731293723,0.0003019177238456905,1.3711244719161186e-05,0.016676990315318108,0.000325981731293723,0.0007220299448817968,5.853801667399239e-06,0.02767772786319256,7.903208825155161e-06,0.029408007860183716,0.02971782879285456,0.02971782879285456,0.02800956339615368,0
50600,0.0003233406168874353,0.0003120983310509473,7.454390015482204e-06,0.01579897850751877,0.0003233406168874353,0.0007466470124199986,6.118492365203565e-06,0.029648948460817337,7.874453331169207e-06,0.0294030848890543,0.029723057673436415,0.029723057673436415,0.029978407570069976,0
50800,0.000371457397704944,0.00034783664159476757,1.1079877140218741e-06,0.011835240758955479,0.000371457397704944,0.000769806036259979,8.757609975873493e-06,0.03162429481744766,8.022288056963589e-06,0.029380131512880325,0.029735990442532056,0.029735990442532056,0.03200450982512848,0
51000,0.0003277682699263096,0.00031783603481017053,1.2101838819944533e-06,0.01215107087045908,0.0003277682699263096,0.0007303237216547132,7.634354005858768e-06,0.033051811158657074,7.914696652733255e-06,0.02938815951347351,0.029713910244936415,0.029713910244936415,0.03338721378258924,0
51200,0.00032455928158015013,0.00031982563086785376,8.447939762845635e-05,0.007847310043871403,0.00032455928158015013,0.0007252543582580984,7.294372608157573e-06,0.025565020740032196,7.92537412053207e-06,0.029353946447372437,0.029681697452360822,0.029681697452360822,0.025896874394220504,0
51400,0.00038732148823328316,0.00038358726305887103,8.57007471495308e-05,0.00938703678548336,0.00038732148823328316,0.0007141315727494657,6.999049674050184e-06,0.02527114748954773,8.100059858406894e-06,0.029355918988585472,0.02974760631150275,0.02974760631150275,0.025665468027455063,0
51600,0.000346463086316362,0.0003169318661093712,4.4986113607592415e-06,0.01339494064450264,0.000346463086316362,0.0007542867679148912,6.680329988739686e-06,0.03152503818273544,8.024310773180332e-06,0.029401984065771103,0.029726940242653654,0.029726940242653654,0.031878181599040545,0
51800,0.00032326957443729043,0.0003080124733969569,3.907409336534329e-05,0.009508460760116577,0.00032326957443729043,0.0007079963688738644,4.710681878350442e-06,0.025569934397935867,7.891283530625515e-06,0.02936231903731823,0.029678222794245812,0.029678222794245812,0.025897914654251508,0
52000,0.0003166156529914588,0.0003020323347300291,7.024848855508026e-06,0.009362505748867989,0.0003166156529914588,0.0006884514587000012,5.358886028261622e-06,0.03526178002357483,7.907099643489346e-06,0.02937329187989235,0.029683231314265868,0.029683231314265868,0.03558375456259455,0
52200,0.0003486130153760314,0.00033825839636847377,9.499958832748234e-05,0.018228234723210335,0.0003486130153760314,0.0007612743065692484,6.427465905289864e-06,0.029719486832618713,7.965247277752496e-06,0.029458144679665565,0.029804368323311792,0.029804368323311792,0.030074527313900035,0
52400,0.0003876904083881527,0.0003696188796311617,3.052274905712693e-06,0.012053703889250755,0.0003876904083881527,0.0007374614360742271,6.5517097027623095e-06,0.027773987501859665,8.126937245833687e-06,0.029382195323705673,0.02975994114058267,0.02975994114058267,0.02816822961995058,0
52600,0.0003396131214685738,0.0003109809767920524,2.922850580944214e-05,0.015743393450975418,0.0003396131214685738,0.0007447951938956976,6.990630026848521e-06,0.02011808566749096,7.935356734378729e-06,0.029423436149954796,0.029742352483481227,0.029742352483481227,0.02046468941898638,0
52800,0.00040013587567955256,0.0003820125130005181,9.047952335095033e-05,0.01737569272518158,0.00040013587567955256,0.0008449022425338626,7.054921297822148e-06,0.029755087569355965,8.133918527164496e-06,0.02945800870656967,0.029848155138097354,0.029848155138097354,0.03016227836633334,0
53000,0.0003914285625796765,0.00040693627670407295,0.000307978771161288,0.005568550433963537,0.0003914285625796765,0.0008151993388310075,7.426933279930381e-06,0.03448723629117012,8.220671588787809e-06,0.02936687134206295,0.02978202829035581,0.02978202829035581,0.03488609178702973,0
53200,0.00032596359960734844,0.0003125630028080195,1.0921799002971966e-05,0.009513902477920055,0.00032596359960734844,0.0007010612753219903,5.4716597333026584e-06,0.029023287817835808,7.906401151558384e-06,0.02937190793454647,0.02969237733850605,0.02969237733850605,0.02935472307717646,0
53400,0.00032538932282477617,0.0003152787685394287,5.3927156841382384e-05,0.007960408926010132,0.00032538932282477617,0.0006984085775911808,6.997689069976332e-06,0.020958704873919487,7.966727935126983e-06,0.029359247535467148,0.029682493031941704,0.029682493031941704,0.02129109188581424,0
53600,0.00035804405342787504,0.0003399652778171003,0.00013418069283943623,0.0182529017329216,0.00035804405342787504,0.0007501256768591702,1.0094016943185125e-05,0.037221260368824005,8.024798262340482e-06,0.029482178390026093,0.029830168466105533,0.029830168466105533,0.037589398439195065,0
53800,0.0003276045899838209,0.0003237299679312855,1.3002708101339522e-06,0.013506755232810974,0.0003276045899838209,0.0007417068700306118,8.121426617435645e-06,0.037663016468286514,7.903189725766424e-06,0.029377169907093048,0.0297088030647501,0.0297088030647501,0.03799874248488777,0
54000,0.00032246665796265006,0.0003167020040564239,5.744670488638803e-06,0.009291276335716248,0.00032246665796265006,0.0007540762890130281,5.080907158117043e-06,0.030670827254652977,7.872302376199514e-06,0.029371418058872223,0.029695992365304846,0.029695992365304846,0.030998374819773744,0
54200,0.0003134317812509835,0.0003000033611897379,1.1539444813024602e-06,0.01103096641600132,0.0003134317812509835,0.0007034478476271033,6.440282504627248e-06,0.030397560447454453,7.847080269129947e-06,0.0293879471719265,0.029695797613385366,0.029695797613385366,0.030717432511210063,0
54400,0.00038818555185571313,0.000366376742022112,3.1158028832578566e-06,0.009921090677380562,0.00038818555185571313,0.000758936395868659,5.617579972749809e-06,0.03213321045041084,8.111597708193585e-06,0.02938064932823181,0.029755137667962117,0.029755137667962117,0.032527013582239306,0
54600,0.0003444666799623519,0.00033145654015243053,1.3354170732782222e-05,0.009739715605974197,0.0003444666799623519,0.0006887367344461381,6.4291225498891436e-06,0.022131092846393585,8.057802006078418e-06,0.029372787103056908,0.029712301445215417,0.029712301445215417,0.022481988648905826,0
54800,0.0003340990806464106,0.00030986094498075545,1.3190813660912681e-05,0.012433973141014576,0.0003340990806464106,0.0007344351033680141,6.049599960533669e-06,0.02181137539446354,7.912258297437802e-06,0.029406381770968437,0.02972415497424663,0.02972415497424663,0.022151524075070483,0
55000,0.00033595209242776036,0.0003143491630908102,1.313820575887803e-06,0.010595194064080715,0.00033595209242776036,0.0007194718928076327,7.426766387652606e-06,0.023795107379555702,7.987767276063096e-06,0.029383042827248573,0.029705379757615447,0.029705379757615447,0.024138486238371115,0
55200,0.00031715654768049717,0.0002964836312457919,4.630855528375832e-06,0.009926415979862213,0.00031715654768049717,0.0007182630943134427,8.189793334167916e-06,0.015144294127821922,7.858630851842463e-06,0.029376063495874405,0.02968040575797204,0.02968040575797204,0.015469640468836587,0
55400,0.00034274894278496504,0.0003377828106749803,0.00023088027955964208,0.0046154288575053215,0.00034274894278496504,0.000742976670153439,6.098157427913975e-06,0.021379215642809868,8.028127012948971e-06,0.029356811195611954,0.029702622133299883,0.029702622133299883,0.021728062743022747,0
55600,0.0003400296263862401,0.00033398886444047093,4.81929600937292e-05,0.0076123434118926525,0.0003400296263862401,0.0007384957280009985,5.876811883354094e-06,0.022127443924546242,7.995045962161385e-06,0.02935696952044964,0.02969895343085227,0.02969895343085227,0.022473350362815836,0
55800,0.00033094576792791486,0.00032433230080641806,3.128722596557054e-07,0.009898706339299679,0.00033094576792791486,0.0007449300028383732,7.203131190181011e-06,0.02381558157503605,7.937220289022662e-06,0.029384123161435127,0.029716392682530568,0.029716392682530568,0.024153730474154145,0
56000,0.0003859650169033557,0.00037291517946869135,6.438522541429847e-05,0.015994075685739517,0.0003859650169033557,0.0008425797568634152,6.869101525808219e-06,0.027942057698965073,8.07006836112123e-06,0.02944215200841427,0.02982313725624408,0.02982313725624408,0.028334891817394237,0
56200,0.0003212908050045371,0.00030994784901849926,1.9509237972670235e-05,0.012913201935589314,0.0003212908050045371,0.0007089154096320271,6.518774171127006e-06,0.032048989087343216,7.886088496888988e-06,0.02941543608903885,0.029733270026554237,0.029733270026554237,0.03237679866651888,0
56400,0.0003381232963874936,0.00031782910809852183,2.555073660914786e-05,0.012205678969621658,0.0003381232963874936,0.000722876749932766,6.549661520693917e-06,0.03160776570439339,7.987560820765793e-06,0.029419971629977226,0.029745788298896514,0.029745788298896514,0.031952438662301574,0
56600,0.0003306505677755922,0.0003143694484606385,4.960194928571582e-06,0.009633494541049004,0.0003306505677755922,0.0007526768022216856,5.996702384436503e-06,0.01748810149729252,7.868905413488392e-06,0.029373403638601303,0.02969564199247543,0.02969564199247543,0.017824748767452547,0
56800,0.0003199973434675485,0.0003136553568765521,2.1612135014947853e-07,0.01179202739149332,0.0003199973434675485,0.0007177686202339828,8.217582035285886e-06,0.030968282371759415,7.877877578721382e-06,0.02938522771000862,0.029706760944463895,0.029706760944463895,0.03129649729726225,0
57000,0.00036889518378302455,0.00034635610063560307,8.299723413074389e-05,0.011551021598279476,0.00036889518378302455,0.0007559310761280358,6.137733635114273e-06,0.02663302980363369,8.151795555022545e-06,0.02945924922823906,0.029813757124429685,0.029813757124429685,0.02700806272105183,0
57200,0.00033590919338166714,0.00031155103351920843,1.4701894542668015e-05,0.005882632452994585,0.00033590919338166714,0.0007529002614319324,5.810201400890946e-06,0.03416628763079643,7.908300176495686e-06,0.02936769276857376,0.029687152102269465,0.029687152102269465,0.03450800702557899,0
57400,0.000344317959388718,0.00034318838152103126,5.9582529502222314e-05,0.009127732366323471,0.000344317959388718,0.0006866652984172106,5.495307959790807e-06,0.02701212279498577,7.997966349648777e-06,0.02935883402824402,0.0297100203761147,0.0297100203761147,0.02736193606233428,0
57600,0.00031984676024876535,0.00030151696410030127,5.820595470140688e-05,0.00660649873316288,0.00031984676024876535,0.0007033612346276641,6.499208211607765e-06,0.024319138377904892,7.866681698942557e-06,0.029357433319091797,0.02966681696489104,0.02966681696489104,0.024645484346365265,0
57800,0.0003342883719597012,0.0003099818713963032,1.2706220786640188e-06,0.007536240387707949,0.0003342883719597012,0.0007190416799858212,5.208410584600642e-06,0.027935439720749855,7.98482506070286e-06,0.02938038669526577,0.029698353391722776,0.029698353391722776,0.028274936503294157,0
58000,0.00031694158678874373,0.0003078513836953789,3.250864028814249e-05,0.009051806293427944,0.00031694158678874373,0.0007172269397415221,7.323804311454296e-06,0.024482203647494316,7.896622264524922e-06,0.02936371974647045,0.029679467752430355,0.029679467752430355,0.024806469038594514,0
58200,0.000339904916472733,0.0003351566265337169,4.960392470820807e-05,0.015621617436408997,0.000339904916472733,0.0007833011914044619,8.016409083211329e-06,0.03243149444460869,7.911733518994879e-06,0.029430530965328217,0.02977359932538093,0.02977359932538093,0.03277941577016463,0
58400,0.00033863508724607527,0.0003280916134826839,2.0842397134401836e-05,0.007882450707256794,0.00033863508724607527,0.0007964105461724102,7.016079507593531e-06,0.018032852560281754,7.899122465460096e-06,0.029359890148043633,0.029695880883991776,0.029695880883991776,0.018378503727035422,0
58600,0.0003305979771539569,0.00030583428451791406,5.862838747816568e-07,0.008900667540729046,0.0003305979771539569,0.000711410422809422,7.136006843211362e-06,0.03786579519510269,7.958801688801032e-06,0.029381494969129562,0.029695288055336277,0.029695288055336277,0.03820352917909986,0
58800,0.00032574887154623866,0.0003077971050515771,3.7805632473464357e-06,0.008245141245424747,0.00032574887154623866,0.0006942265899851918,7.69676535128383e-06,0.032746005803346634,7.939770512166433e-06,0.029374517500400543,0.029690254375964287,0.029690254375964287,0.033079451440244156,0
59000,0.00041576381772756577,0.0004227611352689564,3.1252515327651054e-05,0.007733197882771492,0.00041576381772756577,0.0007968671270646155,7.168991487560561e-06,0.02509264275431633,8.35032551549375e-06,0.029360678046941757,0.029791789507726207,0.029791789507726207,0.025515575563531456,0
59200,0.0003767568850889802,0.0003669818106573075,1.2320926543907262e-05,0.006238144356757402,0.0003767568850889802,0.0007725118775852025,6.869949174870271e-06,0.028829485177993774,8.029907803575043e-06,0.029367733746767044,0.029742745465227927,0.029742745465227927,0.029213112012257625,0
59400,0.0003342072886880487,0.0003269260050728917,1.0717723853304051e-05,0.00842400174587965,0.0003342072886880487,0.0007529815193265676,9.176815183309373e-06,0.030630027875304222,7.900629498180933e-06,0.029368512332439423,0.029703338967010495,0.029703338967010495,0.03097341197917558,0
59600,0.00043272649054415524,0.00042302903602831066,0.00010024860966950655,0.005566734820604324,0.00043272649054415524,0.0007536711636930704,8.888961929187644e-06,0.03685709834098816,8.466333383694291e-06,0.02935444749891758,0.029785942868329585,0.029785942868329585,0.0372987137934615,0
59800,0.0003712646721396595,0.00037039502058178186,0.0003929097729269415,0.0031230857130140066,0.0003712646721396595,0.0007442382629960775,5.570870598603506e-06,0.027235448360443115,8.18678381619975e-06,0.029370831325650215,0.029749413130048197,0.029749413130048197,0.027612283903181378,0
60000,0.0003323256387375295,0.00030799422529526055,3.418551841605222e-06,0.007122114300727844,0.0003323256387375295,0.0007281111902557313,5.588613475993043e-06,0.032663241028785706,7.907668987172656e-06,0.029375052079558372,0.029690953973840806,0.029690953973840806,0.03300115528099923,0
60200,0.000330463022692129,0.0003197582846041769,6.589164513570722e-06,0.009732913225889206,0.000330463022692129,0.0006902533932588995,7.04858712197165e-06,0.022633787244558334,7.926468242658302e-06,0.02937280386686325,0.029700488619710086,0.029700488619710086,0.022971298854372435,0
60400,0.0003367298631928861,0.00032294398988597095,6.996894626354333e-06,0.010831096209585667,0.0003367298631928861,0.0007813582196831703,5.111306109029101e-06,0.03255625069141388,7.89504156273324e-06,0.02939910627901554,0.029729945310464245,0.029729945310464245,0.032898091860715795,0
60600,0.0003341735282447189,0.0003313366905786097,2.5475255824858323e-06,0.0076196868903934956,0.0003341735282447189,0.0007471944554708898,7.78971934778383e-06,0.02953905425965786,7.952683517942205e-06,0.029373882338404655,0.029713171712501207,0.029713171712501207,0.029881017507250363,0
60800,0.0004164152196608484,0.00038103858241811395,2.4436871171928942e-05,0.00955834612250328,0.0004164152196608484,0.0008594651008024812,5.582944595516892e-06,0.02645939588546753,8.15796920505818e-06,0.02942132018506527,0.02981051673668844,0.02981051673668844,0.026881394049723895,0
61000,0.00034214198240078986,0.00032399443443864584,5.765843525296077e-05,0.013463891111314297,0.00034214198240078986,0.0007576682255603373,7.289671430044109e-06,0.0369638055562973,7.907125109340996e-06,0.02943827398121357,0.029770175540761556,0.029770175540761556,0.037313237210128136,0
61200,0.0003644913958851248,0.0003669423167593777,2.5730496417963877e-05,0.004494915250688791,0.0003644913958851248,0.000775434891693294,1.037812944559846e-05,0.028289340436458588,8.088678441708907e-06,0.029360977932810783,0.02973600892801187,0.02973600892801187,0.02866420996178931,0
61400,0.00034709065221250057,0.0003206192050129175,1.6175990822375752e-05,0.006737224757671356,0.00034709065221250057,0.000761580013204366,6.743664926034398e-06,0.03181726485490799,7.927696060505696e-06,0.029366865754127502,0.029695412655200926,0.029695412655200926,0.032171099172046524,0
61600,0.00032394760637544096,0.0003176235477440059,8.038363716877939e-07,0.008749282918870449,0.00032394760637544096,0.0007191001786850393,6.67007225274574e-06,0.033585675060749054,7.884133992774878e-06,0.02938932552933693,0.02971483321107371,0.02971483321107371,0.03391629273937724,0
61800,0.00033222968340851367,0.0003181241627316922,8.673309821460862e-07,0.006789136212319136,0.00033222968340851367,0.0007293462404049933,7.478100997104775e-06,0.028094366192817688,7.946369805722497e-06,0.02938043139874935,0.029706501931286766,0.029706501931286766,0.028434073977223306,0
62000,0.0003227652923669666,0.0003163166984450072,4.052824920108833e-07,0.00878111831843853,0.0003227652923669666,0.0007068443228490651,6.252445928112138e-06,0.030887775123119354,7.859993274905719e-06,0.029383951798081398,0.02970812848980131,0.02970812848980131,0.031216792861414433,0
62200,0.00034759685513563454,0.0003458954452071339,7.990285666892305e-05,0.004945219960063696,0.00034759685513563454,0.0007933728629723191,6.552624654432293e-06,0.029922470450401306,8.01785154180834e-06,0.029353532940149307,0.02970744623689825,0.02970744623689825,0.030276619930191373,0
62400,0.00032404152443632483,0.00031975950696505606,3.0009925467311405e-05,0.007013702765107155,0.00032404152443632483,0.0006959213642403483,8.284742762043606e-06,0.02769920788705349,7.886032108217478e-06,0.02936071902513504,0.029688364564208314,0.029688364564208314,0.028031534154251858,0
62600,0.00032015444594435394,0.00030493777012452483,5.317657996783964e-05,0.005268685519695282,0.00032015444594435394,0.0006976849981583655,6.201727046573069e-06,0.019619522616267204,7.89730347605655e-06,0.029355531558394432,0.029668366631995013,0.029668366631995013,0.01994587878925813,0
62800,0.00034575944300740957,0.00032003261731006205,1.151372202912171e-06,0.006123908329755068,0.00034575944300740957,0.0007632722263224423,7.044431185931899e-06,0.03503696992993355,7.934530003694817e-06,0.02938959375023842,0.029717560897552175,0.029717560897552175,0.03538977380412689,0
63000,0.00033691548742353916,0.0003177887701895088,0.00016007505473680794,0.002387590939179063,0.00033691548742353916,0.0006901216693222523,6.1084010667400435e-06,0.03130689263343811,8.053335477598011e-06,0.029359757900238037,0.029685600005905144,0.029685600005905144,0.03164991652192839,0
63200,0.0003492454707156867,0.00033958040876314044,0.0002085856394842267,0.003155282000079751,0.0003492454707156867,0.0007192380726337433,8.062103006523103e-06,0.03402397036552429,8.056855222093873e-06,0.029353460296988487,0.02970109756097372,0.02970109756097372,0.0343812779392465,0
63400,0.0003150477132294327,0.0003023714816663414,4.50825464213267e-05,0.004059171769768,0.0003150477132294327,0.0007158956141211092,6.386238965205848e-06,0.028876300901174545,7.862486199883278e-06,0.029358360916376114,0.02966859488424234,0.02966859488424234,0.029197734853369184,0
63600,0.00032528454903513193,0.00031765742460265756,1.4608042874897365e-05,0.008894727565348148,0.00032528454903513193,0.0007468247204087675,6.974291864025872e-06,0.02645403891801834,7.885459126555361e-06,0.0294055063277483,0.02973104921147751,0.02973104921147751,0.0267862977589175,0
63800,0.0003428691707085818,0.0003282182151451707,5.808152491226792e-05,0.011383432894945145,0.0003428691707085818,0.0007466601673513651,6.242690687940922e-06,0.028001543134450912,7.919868949102238e-06,0.029432816430926323,0.029768954515020596,0.029768954515020596,0.028350654995847435,0
64000,0.0003388609329704195,0.00031795079121366143,1.713251185719855e-05,0.007088438142091036,0.0003388609329704195,0.0007249810150824487,6.000829216645798e-06,0.03469154238700867,7.974624168127775e-06,0.02940935082733631,0.0297352762427181,0.0297352762427181,0.03503640414919573,0
64200,0.0003234370378777385,0.00032227879273705184,3.994066719315015e-05,0.005710677709430456,0.0003234370378777385,0.0007425788789987564,6.9316538429120556e-06,0.030242417007684708,7.877564712543972e-06,0.02935783565044403,0.029687992007893627,0.029687992007893627,0.030572785699405358,0
64400,0.00033625829382799566,0.00033133308170363307,4.961801550962264e-06,0.009046503342688084,0.00033625829382799566,0.0007855637231841683,6.808766556787305e-06,0.022705210372805595,7.88993202149868e-06,0.029393808916211128,0.02973303192993626,0.02973303192993626,0.02304827743319038,0
64600,0.0003477994177956134,0.00035304398625157773,0.000151938438648358,0.004366517998278141,0.0003477994177956134,0.0007256849785335362,8.719496690900996e-06,0.02661970630288124,7.995432497409638e-06,0.02935507893562317,0.029716118354372156,0.029716118354372156,0.026976225217367755,0
64800,0.00033309002174064517,0.0003292662731837481,3.326181968077435e-06,0.0074243322014808655,0.00033309002174064517,0.0007759268046356738,5.728093128709588e-06,0.028994068503379822,7.867236490710638e-06,0.029389414936304092,0.02972654844597855,0.02972654844597855,0.029332886618249177,0
65000,0.00036339901271276176,0.00036678812466561794,6.430537268897751e-06,0.0057222843170166016,0.00036339901271276176,0.0007435283623635769,5.030426109442487e-06,0.026621896773576736,7.978414942044765e-06,0.02936495468020439,0.029739721219812054,0.029739721219812054,0.02699032621239894,0
65200,0.0003741073014680296,0.00037333552609197795,0.00043241592356935143,0.0031372918747365475,0.0003741073014680296,0.0007243641302920878,9.091589163290337e-06,0.030633289366960526,8.157496267813258e-06,0.02937183901667595,0.02975333203903574,0.02975333203903574,0.031016488257591845,0
65400,0.00032932619797065854,0.00031369729549624026,2.894654016927234e-06,0.007341494783759117,0.00032932619797065854,0.0007267384207807481,6.529141501232516e-06,0.032610900700092316,7.895701855886728e-06,0.029390044510364532,0.02971163750771666,0.02971163750771666,0.03294675603956421,0
65600,0.00031565665267407894,0.00030474868253804743,7.019893382675946e-05,0.0046190968714654446,0.00031565665267407894,0.0007009814726188779,7.158941116358619e-06,0.0348297581076622,7.861480298743118e-06,0.029353518038988113,0.029666128201824904,0.029666128201824904,0.03515257370145264,0
65800,0.00031612071325071156,0.0002979020355269313,9.776028309715912e-05,0.0036212587729096413,0.00031612071325071156,0.0007050478598102927,4.430903572938405e-06,0.033106084913015366,7.854806426621508e-06,0.02935207635164261,0.02965783319359616,0.02965783319359616,0.033426636529839016,1
66000,0.00031496176961809397,0.00029894919134676456,4.1840837639028905e-07,0.007112731225788593,0.00031496176961809397,0.0007198458770290017,7.996301974344533e-06,0.024149812757968903,7.812068361090496e-06,0.029381368309259415,0.02968812956896727,0.02968812956896727,0.02447277082956134,0
66200,0.00031671146280132234,0.0003092474362347275,4.718246418633498e-05,0.004716918338090181,0.00031671146280132234,0.0006990968249738216,7.277383701875806e-06,0.025876885280013084,7.852025191823486e-06,0.029354466125369072,0.029671565586795623,0.029671565586795623,0.026200874126516283,0
66400,0.0003150302800349891,0.0003093327395617962,2.198460833824356e-06,0.0076273283921182156,0.0003150302800349891,0.0007001560879871249,6.949991075089201e-06,0.027873972430825233,7.852307135181036e-06,0.029387567192316055,0.029704752239013033,0.029704752239013033,0.028195952701935312,0
66600,0.00031728201429359615,0.00030453060753643513,1.046847728503053e-06,0.005378163885325193,0.00031728201429359615,0.0007089283899404109,6.555273103003856e-06,0.026194725185632706,7.87928729550913e-06,0.029378319159150124,0.029690729053982068,0.029690729053982068,0.026518562473029306,0
66800,0.0003160547639708966,0.00030157965375110507,2.8382562504702946e-06,0.008081124164164066,0.0003160547639708966,0.0006972018745727837,5.946118562860647e-06,0.02018650621175766,7.855715011828579e-06,0.029391108080744743,0.029700543449507677,0.029700543449507677,0.020508507094291417,0
67000,0.0003517582081258297,0.00033278221962973475,7.233324140543118e-05,0.0031151864677667618,0.0003517582081258297,0.0006982572376728058,5.974310170131503e-06,0.03788796067237854,8.075591722445097e-06,0.029355118051171303,0.029695975862523483,0.029695975862523483,0.0382456931906745,0
67200,0.0003239561337977648,0.00030974799301475286,1.7616612240090035e-05,0.00415095966309309,0.0003239561337977648,0.0006952393450774252,5.843085091328248e-06,0.021721653640270233,7.886735147621948e-06,0.029360922053456306,0.02967855678161868,0.02967855678161868,0.022051452859159326,0
67400,0.0004377849109005183,0.000436818168964237,0.00027252890868112445,0.0028898741584271193,0.0004377849109005183,0.0007605573628097773,7.004968210821971e-06,0.024002065882086754,8.497139788232744e-06,0.029360413551330566,0.029805728860083036,0.029805728860083036,0.024446855761198094,0
67600,0.00032127098529599607,0.00030944464378990233,3.4270760806975886e-05,0.003777711186558008,0.00032127098529599607,0.0007176927174441516,8.062088454607874e-06,0.0323026068508625,7.893057045293972e-06,0.02935706079006195,0.029674398490897147,0.029674398490897147,0.03263193992461311,0
67800,0.0004300912842154503,0.0004286458424758166,0.00027783255791291595,0.0019234397914260626,0.0004300912842154503,0.0008595906547270715,8.40593838802306e-06,0.03367256373167038,8.378417987842113e-06,0.029354769736528397,0.029791793996992055,0.029791793996992055,0.03411106095427385,0
68000,0.0003488936345092952,0.00034243514528498054,3.4787274216796504e-07,0.005308578256517649,0.0003488936345092952,0.0007534062024205923,6.010421202518046e-06,0.02555110864341259,7.98661039880244e-06,0.02938014455139637,0.029730566307080153,0.029730566307080153,0.025906012699124403,0
68200,0.0003528791421558708,0.0003477845748420805,0.00010309246863471344,0.0032125087454915047,0.0003528791421558708,0.000685452192556113,9.150940968538634e-06,0.021787278354167938,8.022785550565459e-06,0.02935045212507248,0.029706259485465125,0.029706259485465125,0.022149308437292348,0
68400,0.0003214901371393353,0.0003223051317036152,7.1327449404634535e-06,0.0042906287126243114,0.0003214901371393353,0.0007205043220892549,7.5273051152180415e-06,0.03653086721897125,7.89694422564935e-06,0.02936880849301815,0.029699010568947415,0.029699010568947415,0.036859884661225806,0
68600,0.0003242795937694609,0.0003122895141132176,0.0001266096660401672,0.002946102060377598,0.0003242795937694609,0.0006881525041535497,6.1269092839211226e-06,0.0380367636680603,7.90742524259258e-06,0.029351893812417984,0.029672090751773794,0.029672090751773794,0.038367170171113685,0
68800,0.00031934422440826893,0.00030905078165233135,7.630536856595427e-05,0.003156608436256647,0.00031934422440826893,0.0006958265439607203,8.389141839870717e-06,0.02766396291553974,7.889432708907407e-06,0.029354406520724297,0.029671346735085535,0.029671346735085535,0.02799169628178788,0
69000,0.00031376961851492524,0.0002978555567096919,3.8113887512736255e-07,0.005499913357198238,0.00031376961851492524,0.00070329406298697,6.294181275734445e-06,0.027181584388017654,7.83810446591815e-06,0.0293833389878273,0.02968903264900291,0.02968903264900291,0.027501648187808314,0
69200,0.0003758322854992002,0.0003814293013419956,0.00021676087635569274,0.0022808995563536882,0.0003758322854992002,0.00083032192196697,8.047984920267481e-06,0.028378339484333992,8.13203223515302e-06,0.029352612793445587,0.029742174127022736,0.029742174127022736,0.02876221975475346,0
69400,0.0003245662373956293,0.00031351199140772223,7.567700777144637e-06,0.004767463542521,0.0003245662373956293,0.0007184960995800793,5.110995516588446e-06,0.02368122898042202,7.864216968300752e-06,0.02939601242542267,0.02971738863379869,0.02971738863379869,0.024010906213334238,0
69600,0.000412352557759732,0.00039772180025465786,0.00046301752445288,0.0018714441685006022,0.000412352557759732,0.0007036918541416526,7.792878022883087e-06,0.021555202081799507,8.402559615205973e-06,0.029379645362496376,0.02978576972236624,0.02978576972236624,0.021975347517582122,0
69800,0.0003235861659049988,0.00031440029852092266,0.00016116522601805627,0.001871083746664226,0.0003235861659049988,0.0006994801806285977,6.811977527831914e-06,0.025095801800489426,7.900537639216054e-06,0.029350725933909416,0.029673026770069555,0.029673026770069555,0.025426199943922256,0
70000,0.0003300011740066111,0.00030737349879927933,1.5166213415795937e-05,0.003023825353011489,0.0003300011740066111,0.000732827465981245,6.245757049327949e-06,0.03541514649987221,7.858108801883645e-06,0.029363323003053665,0.029678554610654828,0.029678554610654828,0.03575139343092815,0
70200,0.00031717043020762503,0.00030372641049325466,2.9029733923380263e-05,0.002912969794124365,0.00031717043020762503,0.0007322626188397408,8.055781108851079e-06,0.0219300277531147,7.822134648449719e-06,0.029358074069023132,0.029669622614164837,0.029669622614164837,0.022255253964431176,0
70400,0.0003422008885536343,0.000328155787428841,6.56840275041759e-05,0.002074111020192504,0.0003422008885536343,0.0007028217660263181,6.938440947124036e-06,0.03313947468996048,7.919569725345355e-06,0.029352497309446335,0.02968857266660052,0.02968857266660052,0.03348861401946124,0
70600,0.0003526443906594068,0.0003350367187522352,0.00010395632853033021,0.0022979448549449444,0.0003526443906594068,0.0007103314273990691,6.82444624544587e-06,0.038960836827754974,7.975399967108388e-06,0.029351025819778442,0.029694037938497786,0.029694037938497786,0.03932030566465983,0
70800,0.0003518033481668681,0.00032985550933517516,1.4665922208223492e-05,0.0037147398106753826,0.0003518033481668681,0.000751758343540132,7.420275323966052e-06,0.025983843952417374,7.934994755487423e-06,0.02940336801111698,0.029741158515207644,0.029741158515207644,0.026343067575908208,0
71000,0.00032474350882694125,0.0003105200012214482,7.804528650012799e-07,0.0037021604366600513,0.00032474350882694125,0.000725014426279813,7.739277862128802e-06,0.039231084287166595,7.862913662393112e-06,0.02937498688697815,0.02969336980186199,0.02969336980186199,0.039563567073855666,0
71200,0.0003282049437984824,0.00032048282446339726,2.324231172678992e-05,0.0033885804004967213,0.0003282049437984824,0.0007589893066324294,7.080281193339033e-06,0.022330913692712784,7.868626198614947e-06,0.02935655415058136,0.029684905601243372,0.029684905601243372,0.022666198917704605,0
71400,0.00036297220503911376,0.0003417459374759346,6.400087295332924e-05,0.002000817097723484,0.00036297220503911376,0.0007139242370612919,6.149242835817859e-06,0.026647504419088364,8.079797225946095e-06,0.02935555949807167,0.02970538523277355,0.02970538523277355,0.027016625866963295,0
71600,0.00032164985896088183,0.00031581908115185797,1.34992842504289e-05,0.003804574953392148,0.00032164985896088183,0.0007113293977454305,6.788000519009074e-06,0.032023604959249496,7.827850822650362e-06,0.029361698776483536,0.029685345708458044,0.029685345708458044,0.03235204281872939,0
71800,0.00031986768590286374,0.0003092366096097976,4.351278221292887e-06,0.003723754780367017,0.00031986768590286374,0.0006959929596632719,6.545298219862161e-06,0.03208008408546448,7.880464181653224e-06,0.02937030792236328,0.029687424996154732,0.029687424996154732,0.0324064970695872,0
72000,0.0003206772089470178,0.0003135539300274104,3.1390427466249093e-05,0.003269663080573082,0.0003206772089470178,0.0007101803203113377,7.394915883196518e-06,0.0332186333835125,7.877516509324778e-06,0.029353652149438858,0.029675083595975593,0.029675083595975593,0.03354670550834271,0
72200,0.0003724223643075675,0.0003449457581155002,3.664121686597355e-05,0.006163196638226509,0.0003724223643075675,0.0007837619632482529,6.259759629756445e-06,0.02148435264825821,8.002311915333848e-06,0.029421327635645866,0.0297742757056767,0.0297742757056767,0.021863034772195533,0
72400,0.00033945211907848716,0.0003403338778298348,3.512634430080652e-05,0.005368000827729702,0.00033945211907848716,0.0007713835802860558,6.84277028994984e-06,0.026896940544247627,7.937428563309368e-06,0.0294187031686306,0.029766974475023744,0.029766974475023744,0.027243235433616064,0
72600,0.0003214194148313254,0.00030862659332342446,1.0324994946131483e-05,0.0023094071075320244,0.0003214194148313254,0.0007088102283887565,6.449678949138615e-06,0.028998330235481262,7.859928700781893e-06,0.02936539798974991,0.029681884511774115,0.029681884511774115,0.029326199329261726,0
72800,0.0003526040818542242,0.0003355960361659527,6.0772261349484324e-05,0.006605436559766531,0.0003526040818542242,0.0007794473203830421,8.740349585423246e-06,0.03950023278594017,7.92547234595986e-06,0.029434096068143845,0.029777617576655757,0.029777617576655757,0.03986157721737982,0
73000,0.0003195478639099747,0.0003160315682180226,1.1074072062911e-05,0.005106751341372728,0.0003195478639099747,0.0007284633466042578,6.470814696513116e-06,0.03401144966483116,7.828435627743602e-06,0.029396602883934975,0.02972046288778074,0.02972046288778074,0.03433746834343765,0
73200,0.0003368327743373811,0.0003196628822479397,0.0001430127740604803,0.0017138205002993345,0.0003368327743373811,0.000693959416821599,8.225320925703272e-06,0.019664481282234192,7.973767424118705e-06,0.029352594166994095,0.029680230816666153,0.029680230816666153,0.020009539377497276,0
73400,0.00035979473614133894,0.0003643406671471894,5.22781704148656e-07,0.0038569155149161816,0.00035979473614133894,0.0008355675381608307,7.668213584111072e-06,0.025565611198544502,7.99287408881355e-06,0.029375577345490456,0.02974791088672646,0.02974791088672646,0.025933074148269952,0
73600,0.00032626959728077054,0.0003167916147504002,4.129193712287815e-06,0.002730371430516243,0.00032626959728077054,0.0007249246118590236,7.036970600893255e-06,0.020660050213336945,7.85707015893422e-06,0.029371589422225952,0.029696238107135287,0.029696238107135287,0.02099335678121861,0
73800,0.0003278407675679773,0.00031853283871896565,2.5323826776002534e-05,0.001399128814227879,0.0003278407675679773,0.0006978472229093313,6.011357982060872e-06,0.03093116544187069,7.92029095464386e-06,0.029355298727750778,0.029681751857424388,0.029681751857424388,0.03126501756742073,0
74000,0.0003192043222952634,0.0003042535681743175,1.0116168596141506e-06,0.003528836416080594,0.0003192043222952634,0.0007208007737062871,6.480290267063538e-06,0.028818584978580475,7.839104000595398e-06,0.029382646083831787,0.0296947387560067,0.0296947387560067,0.029144269591142802,0
74200,0.0003414058010093868,0.0003177901962772012,0.00016159475489985198,0.0012671133736148477,0.0003414058010093868,0.0007111217710189521,6.729243068548385e-06,0.030957093462347984,7.988628567545675e-06,0.029351312667131424,0.02967709149197617,0.02967709149197617,0.03130522850642592,0
74400,0.0003278322401456535,0.00030851614428684115,7.401820312225027e-06,0.0021956979762762785,0.0003278322401456535,0.0007367551443167031,8.542869181837887e-06,0.02619018405675888,7.824231943232007e-06,0.029364194720983505,0.02968053509721358,0.02968053509721358,0.026526559166086372,0
74600,0.0003609352570492774,0.00034235010389238596,0.00013704766752198339,0.0010441089980304241,0.0003609352570492774,0.0007064330857247114,6.078635124140419e-06,0.0348353385925293,8.103569598461036e-06,0.02935437113046646,0.029704824803957308,0.029704824803957308,0.035202352484702715,0
74800,0.00031840705196373165,0.00030867147142998874,3.334056373205385e-06,0.0020329540129750967,0.00031840705196373165,0.0006973475683480501,7.1700583248457406e-06,0.03157273679971695,7.886830644565634e-06,0.029371485114097595,0.02968804341617215,0.02968804341617215,0.03189831391000553,0
75000,0.0003571457345969975,0.0003512636467348784,7.258189498315915e-07,0.003323598066344857,0.0003571457345969975,0.0008301937486976385,5.7766401369008236e-06,0.027735043317079544,7.945772267703433e-06,0.02938423864543438,0.02974344806443696,0.02974344806443696,0.028097965691813442,0
75200,0.000376565963961184,0.0003461854066699743,7.762131417621276e-07,0.0022567762061953545,0.000376565963961184,0.000797477550804615,7.443732101819478e-06,0.026103148236870766,8.021168468985707e-06,0.029385928064584732,0.029740134639723692,0.029740134639723692,0.02648715793293377,0
75400,0.0003196412872057408,0.0003023838216904551,7.359094070125138e-06,0.0017906702123582363,0.0003196412872057408,0.0007133386097848415,5.826193500979571e-06,0.020739980041980743,7.837821613065898e-06,0.02936692349612713,0.02967714513943065,0.02967714513943065,0.021065447522687464,0
75600,0.0003256987838540226,0.0003179205523338169,0.00010831026156665757,0.0013123654061928391,0.0003256987838540226,0.0007010524277575314,7.765018381178379e-06,0.02711782418191433,7.920343705336563e-06,0.029349196702241898,0.02967503759828105,0.02967503759828105,0.02745128798414953,0
75800,0.0003198099147994071,0.00030353039619512856,2.529439916543197e-05,0.0014510423643514514,0.0003198099147994071,0.0006962526240386069,6.33920399195631e-06,0.02409457601606846,7.877577445469797e-06,0.02935902774333954,0.029670435716980137,0.029670435716980137,0.024420725134859822,0
76000,0.0003237540367990732,0.00031555083114653826,2.9027050914010033e-05,0.004537446424365044,0.0003237540367990732,0.0007278306293301284,7.12694100002409e-06,0.02709691971540451,7.846379958209582e-06,0.029411859810352325,0.029735257021457073,0.029735257021457073,0.027427800693203608,0
76200,0.0003588687686715275,0.00033064361196011305,0.00011079994874307886,0.0008585245232097805,0.0003588687686715275,0.0007380621391348541,6.27742429060163e-06,0.035563234239816666,8.083507964329328e-06,0.029356233775615692,0.029694960895540135,0.029694960895540135,0.035928380432778795,0
76400,0.0003177525068167597,0.00030671237618662417,1.2002622497675475e-05,0.001609894330613315,0.0003177525068167597,0.0007262357394210994,6.787323400203604e-06,0.022008948028087616,7.838676538085565e-06,0.02936297282576561,0.02967752387849032,0.02967752387849032,0.02233348785830458,0
76600,0.00033260424970649183,0.0003337734378874302,2.137775027222233e-06,0.0023686480708420277,0.00033260424970649183,0.0007117242785170674,6.607271643588319e-06,0.019985288381576538,7.943627679196652e-06,0.02937358058989048,0.029715297655457107,0.029715297655457107,0.020324499902926618,0
76800,0.00033700038329698145,0.0003131611447315663,1.794542549760081e-05,0.0036834690254181623,0.00033700038329698145,0.0007386893266811967,7.919180461612996e-06,0.020977551117539406,7.850558176869527e-06,0.029402200132608414,0.02972321183551685,0.02972321183551685,0.021322470681298,0
77000,0.00036099477438256145,0.00034611416049301624,5.2118852181592956e-05,0.003995020408183336,0.00036099477438256145,0.0007999922963790596,6.166609182400862e-06,0.021879548206925392,7.96548010839615e-06,0.02943236194550991,0.029786441586111323,0.029786441586111323,0.022246709590490354,0
77200,0.0003173136792611331,0.0002992343797814101,8.057717059273273e-05,0.0009736701613292098,0.0003173136792611331,0.0007096109329722822,6.373021733452333e-06,0.026328135281801224,7.851922418922186e-06,0.02935129404067993,0.029658380342880264,0.029658380342880264,0.02665182198279581,0
77400,0.00033293775049969554,0.00032771495170891285,0.0001121819150284864,0.0011867622379213572,0.00033293775049969554,0.0007306343759410083,6.935720193723682e-06,0.026943892240524292,7.92269111116184e-06,0.029345804825425148,0.029681442468245223,0.029681442468245223,0.02728376571121771,0
77600,0.0004756194830406457,0.00047267175978049636,0.00020181224681437016,0.0010657774982973933,0.0004756194830406457,0.0008312284480780363,9.735716048453469e-06,0.030279027298092842,8.630132469988894e-06,0.0293529462069273,0.029834248099177785,0.029834248099177785,0.03076438249718194,0
77800,0.00032338916207663715,0.0003154478908982128,5.057317321188748e-05,0.0011688688537105918,0.00032338916207663715,0.0006935203564353287,6.121797923697159e-06,0.04069747030735016,7.908417501312215e-06,0.029355861246585846,0.02967921755498537,0.02967921755498537,0.04102698126735049,0
78000,0.0003211098082829267,0.00030200419132597744,1.587151928106323e-05,0.0013358502183109522,0.0003211098082829267,0.0007162755355238914,6.542805294884602e-06,0.02848513424396515,7.79786569182761e-06,0.029358627274632454,0.02966842933165026,0.02966842933165026,0.02881278685754296,0
78200,0.00032372743589803576,0.00031091005075722933,1.8695107428357005e-05,0.0010777130955830216,0.00032372743589803576,0.0007011819980107248,6.737651347066276e-06,0.03912287950515747,7.910614840511698e-06,0.02936064824461937,0.02967946891021711,0.02967946891021711,0.03945334459240257,0
78400,0.00031623776885680854,0.00030383557896129787,8.955431258073077e-05,0.0009840043494477868,0.00031623776885680854,0.0007045304519124329,6.412895800167462e-06,0.02077416703104973,7.839244062779471e-06,0.029346618801355362,0.02965829362437944,0.02965829362437944,0.021096817695706704,0
78600,0.0003327645536046475,0.00032478515640832484,0.00019158692157361656,0.0010326463961973786,0.0003327645536046475,0.0006998978205956519,6.478829163825139e-06,0.038853831589221954,7.943119271658361e-06,0.02934827096760273,0.029680999243282713,0.029680999243282713,0.03919307497199043,0
78800,0.0003262280370108783,0.00031764060258865356,5.443474151434202e-07,0.0019545825198292732,0.0003262280370108783,0.0007629459141753614,5.886375220143236e-06,0.02347000502049923,7.840631042199675e-06,0.02937830239534378,0.029703783628974634,0.029703783628974634,0.02380211943273025,0
79000,0.00033618209999985993,0.00034256672370247543,6.547789780597668e-06,0.001393318409100175,0.00033618209999985993,0.0007929556886665523,6.801033123338129e-06,0.031295955181121826,7.898492185631767e-06,0.029364001005887985,0.029714466221776092,0.029714466221776092,0.031638938314245024,0
79200,0.0003245574189350009,0.00031037876033224165,8.517863534507342e-06,0.002205126453191042,0.0003245574189350009,0.0007061913493089378,4.8970405259751715e-06,0.031558506190776825,7.879714758018963e-06,0.02939062938094139,0.02970888785603165,0.02970888785603165,0.0318879606502378,0
79400,0.00032609753543511033,0.00031227595172822475,7.566027875327563e-07,0.0007762467721477151,0.00032609753543511033,0.0007484502857550979,6.243807092687348e-06,0.024445146322250366,7.847496817703359e-06,0.02937488630414009,0.02969500975268602,0.02969500975268602,0.024777487664778164,0
79600,0.0003289853921160102,0.0003284243866801262,2.689117900445126e-05,0.000996875111013651,0.0003289853921160102,0.0007066293037496507,6.602469511562958e-06,0.02428705245256424,7.920012649265118e-06,0.029359105974435806,0.029695450373765198,0.029695450373765198,0.024622640314191813,0
79800,0.0003171399002894759,0.00030975131085142493,4.511413135332987e-05,0.0006762633565813303,0.0003171399002894759,0.0007305042818188667,7.367731086560525e-06,0.025430720299482346,7.839522368158214e-06,0.02935170941054821,0.029669300243767793,0.029669300243767793,0.025755227930858382,0
80000,0.0003285517159383744,0.0003140011103823781,4.957902092428412e-06,0.0016541428631171584,0.0003285517159383744,0.0007203036802820861,4.793776952283224e-06,0.03288457915186882,7.869183718867134e-06,0.02938723750412464,0.029709107798225887,0.029709107798225887,0.03321792464475948,0
80200,0.0004371640970930457,0.0004223956784699112,0.0005365269025787711,0.002571043325588107,0.0004371640970930457,0.0007061579963192344,8.561232789361384e-06,0.01515225600451231,8.45068643684499e-06,0.02939034439623356,0.029821190761140315,0.029821190761140315,0.015597981334394717,0
80400,0.0003777595120482147,0.0003823982842732221,6.8528934207279235e-06,0.0012421804713085294,0.0003777595120482147,0.0008089046459645033,7.718371307419147e-06,0.02669367380440235,8.095228622551076e-06,0.0293897595256567,0.029780253038552473,0.029780253038552473,0.027079151687757985,0
80600,0.0003568711690604687,0.0003360475820954889,1.6955699493337306e-06,0.0006672257441096008,0.0003568711690604687,0.0007619003299623728,6.591303645109292e-06,0.03825906664133072,7.944711796881165e-06,0.02937156893312931,0.02971556122702168,0.02971556122702168,0.0386225291140363,0
80800,0.00033882001298479736,0.00032330560497939587,1.67286598298233e-05,0.0004901614738628268,0.00033882001298479736,0.0007906617247499526,4.823834842682118e-06,0.027796590700745583,7.881602869019844e-06,0.029361281543970108,0.029692468751818524,0.029692468751818524,0.028140234548573062,0
81000,0.00035761494655162096,0.00034082666388712823,6.438870059355395e-07,0.0012453132076188922,0.00035761494655162096,0.0007472220459021628,5.8732925936055835e-06,0.032937273383140564,7.936598194646649e-06,0.02937891148030758,0.029727674742389354,0.029727674742389354,0.03330076162228579,0
81200,0.00035780860343948007,0.0003494200936984271,9.302578109782189e-05,0.0006661690422333777,0.00035780860343948007,0.0007021756609901786,5.977502496534726e-06,0.03432809188961983,8.096482815744821e-06,0.02934902347624302,0.02970654005275719,0.02970654005275719,0.03469187799555584,0
81400,0.00032456580083817244,0.0003203231899533421,4.7222565626725554e-05,0.0006084032356739044,0.00032456580083817244,0.000707128259819001,7.8247921919683e-06,0.030116109177470207,7.90783542470308e-06,0.02935326099395752,0.029681492019335565,0.029681492019335565,0.030448499770500348,0
81600,0.0003584989462979138,0.000342162064043805,3.561234552762471e-05,0.0020967728924006224,0.0003584989462979138,0.0007603602134622633,8.28552947496064e-06,0.025020765140652657,7.964212272781879e-06,0.02941838465631008,0.02976851093262667,0.02976851093262667,0.02538754961642553,0
81800,0.0003410294884815812,0.0003419141285121441,7.355304205702851e-06,0.0014057662338018417,0.0003410294884815812,0.0007060316274873912,7.2133962021325715e-06,0.03490582853555679,7.98708697402617e-06,0.029366901144385338,0.029716802359871508,0.029716802359871508,0.03525407142024051,0
82000,0.0003618513001129031,0.00035889080027118325,6.928264338057488e-05,0.0009597286698408425,0.0003618513001129031,0.0007611680775880814,5.887906809221022e-06,0.03175489977002144,8.066361260716803e-06,0.029349885880947113,0.029716843042479013,0.029716843042479013,0.03212263897694356,0
82200,0.0003222948871552944,0.00031113976729102433,8.13238898444979e-07,0.0012398702092468739,0.0003222948871552944,0.0006969723617658019,6.253187166294083e-06,0.02311684936285019,7.889328117016703e-06,0.029381534084677696,0.029700563180085737,0.029700563180085737,0.023445397437171778,0
82400,0.00034039258025586605,0.00033841116237454116,0.00013751373626291752,0.0009809063049033284,0.00034039258025586605,0.0007077116752043366,7.999238732736558e-06,0.025000236928462982,7.96724452811759e-06,0.02934674546122551,0.02969312386812817,0.02969312386812817,0.025348628747451585,0
82600,0.0003237876226194203,0.0003082699258811772,0.00020155165111646056,0.0009990967810153961,0.0003237876226194203,0.0006955082644708455,7.734441169304773e-06,0.02740248292684555,7.8826060416759e-06,0.029347948729991913,0.029664101261914766,0.029664101261914766,0.027734004990634276,0
82800,0.000321071915095672,0.00030854190117679536,2.076376767945476e-05,0.0018316938076168299,0.000321071915095672,0.0007014116854406893,6.606513125007041e-06,0.023670947179198265,7.858620847400744e-06,0.029403280466794968,0.029719680988819164,0.029719680988819164,0.023998625607418944,0
83000,0.00036400172393769026,0.0003460294392425567,5.045461875852197e-06,0.0007727182237431407,0.00036400172393769026,0.0007531016017310321,7.398022717097774e-06,0.029137209057807922,7.95348660176387e-06,0.02938883751630783,0.02974282044215215,0.02974282044215215,0.02950860880446271,0
83200,0.00031685963040217757,0.00030519734718836844,1.616968984308187e-05,0.000376461714040488,0.00031685963040217757,0.0006961494218558073,5.423273250926286e-06,0.023758532479405403,7.837938937882427e-06,0.029359178617596626,0.029672213903722877,0.029672213903722877,0.024080815383058507,0
83400,0.00034980758209712803,0.0003391070931684226,6.743465291947359e-06,0.0004020633059553802,0.00034980758209712803,0.0006987216765992343,5.696957941836445e-06,0.02951064705848694,8.037508450797759e-06,0.029364734888076782,0.029711879489696003,0.029711879489696003,0.029866151598525903,0
83600,0.00032818253384903073,0.000320646446198225,6.26682594884187e-05,0.0005450047901831567,0.00032818253384903073,0.0007080533541738987,4.600203737936681e-06,0.03077208437025547,7.845760592317674e-06,0.029348479583859444,0.029676971790649986,0.029676971790649986,0.031104867107842438,0
83800,0.00031784336897544563,0.0003123527567368001,5.22653317602817e-06,0.001098075183108449,0.00031784336897544563,0.0007262160070240498,6.121013029769529e-06,0.024886611849069595,7.846313565096352e-06,0.02936820313334465,0.029688402203646547,0.029688402203646547,0.02521057623107481,0
84000,0.00032471210579387844,0.0003080077294725925,1.634639556868933e-05,0.00019709909975063056,0.00032471210579387844,0.0007373160915449262,8.11980316939298e-06,0.027416594326496124,7.841358637961093e-06,0.029361851513385773,0.029677700601496326,0.029677700601496326,0.027749426235459396,0
84200,0.00036155307316221297,0.0003415440733078867,7.01441676937975e-05,0.0004364153719507158,0.00036155307316221297,0.0007435260340571404,5.971616701572202e-06,0.038777925074100494,7.939866918604821e-06,0.029350649565458298,0.02970013350568479,0.02970013350568479,0.03914544976396428,0
84400,0.0003236088086850941,0.0003106743097305298,0.0001406493247486651,0.0007839238969609141,0.0003236088086850941,0.0007118952926248312,6.069873052183539e-06,0.035036902874708176,7.884390470280778e-06,0.02935023605823517,0.02966879475843598,0.02966879475843598,0.03536658155644545,0
84600,0.00048678278108127415,0.0004923731903545558,2.087028633468435e-06,0.0007729242788627744,0.00048678278108127415,0.00101756292860955,7.653939064766746e-06,0.036933623254299164,8.473123671137728e-06,0.029384847730398178,0.02988569404442387,0.02988569404442387,0.037428059974445205,0
84800,0.00032860279316082597,0.0003251097514294088,8.310795237775892e-06,0.0006627839175052941,0.00032860279316082597,0.0007124613039195538,7.585501407447737e-06,0.03132892772555351,7.908511179266497e-06,0.0293909702450037,0.029723988507612376,0.029723988507612376,0.031665116020121786,0
85000,0.00031936808954924345,0.00031876913271844387,1.0574310636002338e-06,0.0007863588980399072,0.00031936808954924345,0.0007157038780860603,7.434106009895913e-06,0.029181068763136864,7.849907888157759e-06,0.02937491238117218,0.029701531421778782,0.029701531421778782,0.029507870958696003,0
85200,0.0003176769823767245,0.00030332006281241775,1.800308564270381e-05,0.0004526934353634715,0.0003176769823767245,0.0007267692708410323,8.703009370947257e-06,0.02691039815545082,7.82305869506672e-06,0.029360473155975342,0.029671616277482826,0.029671616277482826,0.027236778147198493,0
85400,0.0003390320925973356,0.00032118576928041875,2.3692539343755925e-06,0.00048038794193416834,0.0003390320925973356,0.0007052893051877618,6.554445917572593e-06,0.0375814288854599,7.978560461197048e-06,0.0293741412460804,0.029703305575822014,0.029703305575822014,0.03792701542397481,0
85600,0.0003256030031479895,0.00031851502717472613,1.1938446732528973e-05,0.0005265888175927103,0.0003256030031479895,0.0007155731436796486,5.4741544772696216e-06,0.030849561095237732,7.877241841924842e-06,0.029358500614762306,0.029684892883778957,0.029684892883778957,0.03118063825286299,0
85800,0.00032313700648956,0.0003148906398564577,7.785193929521483e-07,0.00036091048968955874,0.00032313700648956,0.0007131150341592729,8.162971425917931e-06,0.027117062360048294,7.875475603214e-06,0.029374759644269943,0.029697525759729615,0.029697525759729615,0.027448362337963772,0
86000,0.00033605541102588177,0.00032291849493049085,1.3815401871397626e-05,0.0003243688843213022,0.00033605541102588177,0.0007421460468322039,5.954011157882633e-06,0.026160653680562973,7.830908543837722e-06,0.029356691986322403,0.02968744138979673,0.02968744138979673,0.026502663102746737,0
86200,0.0003218086785636842,0.0003122622147202492,2.9244440156617202e-05,0.00025755324168130755,0.0003218086785636842,0.0007173182675614953,6.104640306148212e-06,0.03084457293152809,7.873361937527079e-06,0.02935270592570305,0.029672841502360825,0.029672841502360825,0.031172486250397924,0
86400,0.0003661352675408125,0.0003656652115751058,2.6071771571878344e-05,0.0011279142927378416,0.0003661352675408125,0.0008106448804028332,8.653926670376677e-06,0.02421485260128975,7.976156666700263e-06,0.029405176639556885,0.02977881800779869,0.02977881800779869,0.02458964179550094,0
86600,0.00033978375722654164,0.00032397740869782865,3.8987391235423274e-06,0.0002829230506904423,0.00033978375722654164,0.0007021193159744143,8.018356311367825e-06,0.02540293149650097,8.001603418961167e-06,0.029371103271842003,0.029703082283958793,0.029703082283958793,0.02575073361003888,0
86800,0.00035409582778811455,0.0003318639355711639,5.389697435020935e-06,0.0004192586930003017,0.00035409582778811455,0.0007693864754401147,7.3009045991057064e-06,0.02769998088479042,7.906546670710668e-06,0.029389532282948494,0.02972930276519037,0.02972930276519037,0.02806137761717764,0
87000,0.0003232549352105707,0.0003234905598219484,2.091930127789965e-06,0.0004858993925154209,0.0003232549352105707,0.0007173155900090933,6.320372904156102e-06,0.024137450382113457,7.87966200732626e-06,0.029374273493885994,0.02970564371571527,0.02970564371571527,0.024467025690228184,0
87200,0.00033413345227018,0.0003203784581273794,5.006549326935783e-05,0.0010958313941955566,0.00033413345227018,0.0007367821526713669,7.336454018513905e-06,0.03242722898721695,7.86689361120807e-06,0.02942182496190071,0.0297500703136393,0.0297500703136393,0.03276869889350564,0
87400,0.0003191001887898892,0.0003037782444152981,2.1007175746490248e-05,0.00030369279556907713,0.0003191001887898892,0.0007355549605563283,8.889704986358993e-06,0.03650176525115967,7.800130333635025e-06,0.029355255886912346,0.02966683426166128,0.02966683426166128,0.036829755144935916,0
87600,0.0003251296002417803,0.0003216913028154522,6.5793465182650834e-06,0.0002449738676659763,0.0003251296002417803,0.000735735462512821,5.841067832079716e-06,0.022668180987238884,7.849351277400274e-06,0.02935999445617199,0.029689535110264842,0.029689535110264842,0.022999151655312744,0
87800,0.0003249802393838763,0.0003063818148802966,6.285907147685066e-05,0.0005456001963466406,0.0003249802393838763,0.0006892890087328851,7.230079063447192e-06,0.038163840770721436,7.8730645327596e-06,0.029346270486712456,0.029660525366125512,0.029660525366125512,0.03849605108916876,0
88000,0.00034902975312434137,0.00033877461100928485,8.544663501197647e-07,0.00030014279764145613,0.00034902975312434137,0.0008058560779318213,6.5674785219016485e-06,0.017054617404937744,7.908129191491753e-06,0.029378466308116913,0.02972514904831769,0.02972514904831769,0.017410214636583987,0
88200,0.0003300304524600506,0.00032416294561699033,0.00014896270295139402,0.0012596829328686,0.0003300304524600506,0.000749104714486748,7.251809620356653e-06,0.020532218739390373,7.880921657488216e-06,0.029345273971557617,0.029677317838832096,0.029677317838832096,0.02086950100147078,0
88400,0.0003214268072042614,0.0003076211141888052,1.0099628298121388e-06,0.0002346912951907143,0.0003214268072042614,0.0007244679727591574,8.949060429586098e-06,0.040587812662124634,7.80308255343698e-06,0.02937679924070835,0.029692223437450593,0.029692223437450593,0.04091818852975848,0
88600,0.00032798180473037064,0.0003087034565396607,5.945402108409326e-07,0.0001283236051676795,0.00032798180473037064,0.0007478795596398413,8.762483957980294e-06,0.01752452738583088,7.814654964022338e-06,0.029372956603765488,0.02968947471526917,0.02968947471526917,0.01786127167451923,0
88800,0.0003402142901904881,0.0003449380456004292,4.650586561183445e-05,0.0004625552974175662,0.0003402142901904881,0.0007158441585488617,6.77983143759775e-06,0.027573244646191597,7.93440267443657e-06,0.02935180440545082,0.029704676853725687,0.029704676853725687,0.027920238767819683,0
89000,0.00032509726588614285,0.00032479886431246996,1.9122880985378288e-05,0.00028639560332521796,0.00032509726588614285,0.0007090395083650947,7.177875431807479e-06,0.028147295117378235,7.866023224778473e-06,0.029355157166719437,0.029687822054256685,0.029687822054256685,0.028479570258696185,0
89200,0.0003358279063832015,0.00032311133691109717,6.999065954005346e-05,0.0009633005829527974,0.0003358279063832015,0.0007364294142462313,5.654094820783939e-06,0.03437575697898865,7.863040082156658e-06,0.02943243272602558,0.029763407103018835,0.029763407103018835,0.03471723898019263,0
89400,0.00031645334092900157,0.00030634624999947846,5.56587110622786e-05,0.0005161474691703916,0.00031645334092900157,0.0007079500937834382,6.1629334595636465e-06,0.022497842088341713,7.827429726603441e-06,0.029347911477088928,0.02966208515681501,0.02966208515681501,0.022820458362730278,0
89600,0.00035015548928640783,0.00033611597609706223,1.6493155499119894e-06,0.00012799726391676813,0.00035015548928640783,0.0007312300149351358,6.452843535953434e-06,0.023678593337535858,7.92306582297897e-06,0.029381856322288513,0.029725895364208554,0.029725895364208554,0.02403520167035822,0
89800,0.0003497615980450064,0.0003325668512843549,2.859454752979218e-06,8.050992619246244e-05,0.0003497615980450064,0.0007893994334153831,4.6731634029129054e-06,0.025614045560359955,7.888696927693672e-06,0.02938474714756012,0.029725202695772168,0.029725202695772168,0.025968480321807874,0
90000,0.00032199383713304996,0.00030464198789559305,4.2044848669320345e-05,0.00045637995935976505,0.00032199383713304996,0.0007220748229883611,8.671881005284376e-06,0.024322625249624252,7.825442480680067e-06,0.029347499832510948,0.02965996726288722,0.02965996726288722,0.024653290967762587,0
90200,0.0003258859505876899,0.00032216912950389087,2.0086603399249725e-05,0.0002806616830639541,0.0003258859505876899,0.0007572941249236465,6.314285201369785e-06,0.03921625390648842,7.857232958485838e-06,0.029354143887758255,0.02968417025022063,0.02968417025022063,0.03954845414227748,0
90400,0.00031761982245370746,0.00031002136529423296,6.830373990851513e-07,6.443312304327264e-05,0.00031761982245370746,0.0007156595238484442,5.753390269092051e-06,0.02090364135801792,7.799868399160914e-06,0.029372641816735268,0.02969046305042866,0.02969046305042866,0.02122701457074072,0
90600,0.0003480103623587638,0.00032796882442198694,4.783549229614437e-06,0.00018969736993312836,0.0003480103623587638,0.0007337997085414827,6.203688371897442e-06,0.025074535980820656,7.902540346549358e-06,0.02936585620045662,0.029701727565225156,0.029701727565225156,0.025428750031551317,0
90800,0.0003447988419793546,0.000317151949275285,1.7884081898955628e-05,6.568020762642846e-05,0.0003447988419793546,0.0007606655708514154,8.843964678817429e-06,0.02852124162018299,7.876506060711108e-06,0.02940165251493454,0.029726680970270536,0.029726680970270536,0.028874884426841163,0
91000,0.0003573210851754993,0.00033990462543442845,4.850461846217513e-05,0.0005941400304436684,0.0003573210851754993,0.000704742269590497,6.130778274382465e-06,0.03585640713572502,8.057265404204372e-06,0.029354054480791092,0.029702016371629725,0.029702016371629725,0.0362198589991749,0
91200,0.00033540246658958495,0.0003207189729437232,5.271495319902897e-05,0.0007010417757555842,0.00033540246658958495,0.0007277365657500923,6.651463081652764e-06,0.026869630441069603,7.873825779824983e-06,0.029352698475122452,0.029681291273846,0.029681291273846,0.02721168437074084,0
91400,0.0003327544836793095,0.00032550457399338484,7.633668428752571e-05,0.0008724408107809722,0.0003327544836793095,0.0006933125550858676,6.023458809067961e-06,0.02762652561068535,7.923739758552983e-06,0.02934640645980835,0.029679834773560287,0.029679834773560287,0.027965303553173726,0
91600,0.00033295643515884876,0.00031617359491065145,1.3049987501290161e-05,0.0002797870256472379,0.00033295643515884876,0.0006989283137954772,9.19308058655588e-06,0.020359767600893974,7.944305252749473e-06,0.02935987524688244,0.02968399314704584,0.02968399314704584,0.02070191711663938,0
91800,0.00035168466274626553,0.000340039114234969,0.00019216413784306496,0.002147734398022294,0.00035168466274626553,0.0007024702499620616,8.013997103262227e-06,0.02442161552608013,8.04963110567769e-06,0.029347771778702736,0.029695860524043383,0.029695860524043383,0.02478131418592966,0
92000,0.00034017785219475627,0.00033254505251534283,2.1125977127667284e-06,0.00011871282913489267,0.00034017785219475627,0.000721147283911705,6.702619430143386e-06,0.028424639254808426,7.940541763673536e-06,0.02936713397502899,0.029707619569308008,0.029707619569308008,0.028771519726433326,0
92200,0.00031593203311786056,0.00030269206035882235,3.577706593205221e-05,0.0005500023253262043,0.00031593203311786056,0.00072110426845029,5.301254532241728e-06,0.03214104101061821,7.806556823197752e-06,0.029350150376558304,0.029660648993740324,0.029660648993740324,0.03246227429826831,0
92400,0.0003373795188963413,0.0003227469860576093,6.4801683947735e-06,2.668968227226287e-05,0.0003373795188963413,0.0007239882252179086,7.294946954061743e-06,0.03092191368341446,7.870500667195302e-06,0.02938765473663807,0.029718272223362874,0.029718272223362874,0.03126658814926486,0
92600,0.00032338983146473765,0.0003037374699488282,4.8724934458732605e-05,0.0009260511724278331,0.00032338983146473765,0.0007066495600156486,7.569926765427226e-06,0.017434634268283844,7.865276529628318e-06,0.029349783435463905,0.029661386181942362,0.029661386181942362,0.01776559402651401,0
92800,0.0003299054515082389,0.0003149893309455365,2.4589657186879776e-05,0.0001884790399344638,0.0003299054515082389,0.0007409282261505723,7.675194865441881e-06,0.023527201265096664,7.83337509346893e-06,0.029407178983092308,0.029730001689131313,0.029730001689131313,0.023864781911470345,0
93000,0.0003547804953996092,0.00035495474003255367,2.281258457514923e-05,0.0004007328534498811,0.0003547804953996092,0.0007722798618488014,7.567305146949366e-06,0.023526374250650406,7.988867764652241e-06,0.029353734105825424,0.02971667771362263,0.02971667771362263,0.023888722051196964,0
93200,0.00032928388100117445,0.00030857062665745616,3.856285729852971e-06,0.00024829490575939417,0.00032928388100117445,0.0007361337193287909,7.090183771651937e-06,0.02916516363620758,7.806294888723642e-06,0.029363110661506653,0.029679487583052833,0.029679487583052833,0.029501537700980407,0
93400,0.0003507438232190907,0.0003562725614756346,0.00013654952635988593,0.0016692467033863068,0.0003507438232190907,0.0007140478701330721,7.526080480602104e-06,0.03168687969446182,7.98160817794269e-06,0.029342738911509514,0.02970699308116309,0.02970699308116309,0.032045149598161515,0
93600,0.00035800065961666405,0.0003337457310408354,4.271941361366771e-05,0.0015076248673722148,0.00035800065961666405,0.0007430683472193778,7.048237876006169e-06,0.027974631637334824,7.957376510603353e-06,0.029348483309149742,0.02969018641670118,0.02969018641670118,0.028339680534827494,0
93800,0.0003471726959105581,0.0003297046641819179,4.29228093707934e-05,6.251686136238277e-05,0.0003471726959105581,0.0007648489554412663,7.682602699787822e-06,0.03974629566073418,7.887178981036413e-06,0.029417535290122032,0.029755127133284986,0.029755127133284986,0.04010115095934452,0
94000,0.0003546064835973084,0.0003409831551834941,4.294136942917248e-06,0.0003859048301819712,0.0003546064835973084,0.0007578600198030472,6.03269745624857e-06,0.025328373536467552,7.897230716480408e-06,0.029364019632339478,0.029712900018239452,0.029712900018239452,0.02568901271752111,0
94200,0.00040716512012295425,0.00039356827619485557,1.7635167750995606e-05,0.000845105096232146,0.00040716512012295425,0.0007661888957954943,7.076849215081893e-06,0.0331379659473896,8.099792466964573e-06,0.029358891770243645,0.029760559838905465,0.029760559838905465,0.03355220791672764,0
94400,0.00032181813730858266,0.00031497329473495483,5.0859045586548746e-05,0.0008813879685476422,0.00032181813730858266,0.0007039226475171745,7.209105660876958e-06,0.03303880617022514,7.857188393245451e-06,0.02934843674302101,0.02967126722614921,0.02967126722614921,0.0333678334131946,0
94600,0.00032967524020932615,0.0003196921607013792,2.7603746275417507e-05,4.312044256948866e-05,0.00032967524020932615,0.0007421992486342788,5.642091764457291e-06,0.03019247017800808,7.840994840080384e-06,0.029405271634459496,0.029732804790000955,0.029732804790000955,0.030527787509981863,0
94800,0.00032281444873660803,0.0003091293037869036,9.344734053229331e-07,0.0002573369420133531,0.00032281444873660803,0.0007106480770744383,7.23606945030042e-06,0.021016106009483337,7.814490345481317e-06,0.029370028525590897,0.02968697231972328,0.02968697231972328,0.021346156527670246,0
95000,0.0003636815235950053,0.0003595729358494282,2.2681912014377303e-05,3.641143848653883e-05,0.0003636815235950053,0.0008011815953068435,8.673256161273457e-06,0.02927425689995289,7.977341738296673e-06,0.029402608051896095,0.02977015832948382,0.02977015832948382,0.029646611679709167,0
95200,0.0003609895647969097,0.00036044459557160735,7.430846380884759e-06,0.0004169067833572626,0.0003609895647969097,0.0007474232115782797,7.428578555845888e-06,0.023105913773179054,7.932295375212561e-06,0.029360488057136536,0.029728864948083356,0.029728864948083356,0.02347433191653181,0
95400,0.00035725851194001734,0.000360752921551466,1.0022838068834972e-05,0.0004322386812418699,0.00035725851194001734,0.0008393374155275524,5.9671256167348474e-06,0.02166418917477131,7.956119588925503e-06,0.029357565566897392,0.029726274608037784,0.029726274608037784,0.02202741481232806,0
95600,0.0003238031640648842,0.00030982508906163275,2.4140359528246336e-05,3.216822005924769e-05,0.0003238031640648842,0.0007127195713110268,7.01579665474128e-06,0.02736976183950901,7.82454117143061e-06,0.02940310351550579,0.029720753145738854,0.029720753145738854,0.027700580800228636,0
95800,0.0003609683190006763,0.00035615969682112336,4.823781637242064e-05,6.15100288996473e-05,0.0003609683190006763,0.0008069125469774008,5.2168934416840784e-06,0.024554356932640076,7.94311381469015e-06,0.029418138787150383,0.029782241597786197,0.029782241597786197,0.024920542145082436,0
