step,train_loss,val_loss,periodic_boundary_loss,periodic_derivative_loss,early_time_loss,peak_loss,spectral_loss,integer_derivative_loss,spectral_val_loss,integer_derivative_val_loss,composite_derivative_val_loss,selection_score,train_objective,is_best
0,0.561090350151062,0.5323969125747681,3.976775587943848e-06,1.3643564216181403e-06,0.561090350151062,1.3016585111618042,0.0024721899535506964,0.005451909266412258,0.002133463742211461,0.004431094508618116,0.5389614708255976,0.5389614708255976,0.569014449371025,1
200,0.08951201289892197,0.08606185764074326,0.0006884110043756664,0.26416316628456116,0.08951201289892197,0.17186212539672852,0.00029816332971677184,0.004239331930875778,0.00033043132862076163,0.004431464243680239,0.09082375321304426,0.09082375321304426,0.09404950815951452,1
400,0.023450206965208054,0.02393161505460739,0.0009703057585284114,10.250754356384277,0.023450206965208054,0.0362832173705101,9.215756290359423e-05,0.0031731119379401207,0.00010002159251598641,0.0034258640371263027,0.02745750068424968,0.02745750068424968,0.02671547646605177,1
600,0.013603400439023972,0.014203549362719059,0.00032797231688164175,0.4305410385131836,0.013603400439023972,0.017274172976613045,4.244496813043952e-05,0.0010222743730992079,6.536333967233077e-05,0.002244225237518549,0.01651313793990994,0.01651313793990994,0.014668119780253619,1
800,0.008747250773012638,0.00869685597717762,8.447312575299293e-05,0.27030307054519653,0.008747250773012638,0.012698614038527012,3.872070737998001e-05,0.0013477017637342215,4.2659714381443337e-05,0.0017131278291344643,0.010452643520693528,0.010452643520693528,0.01013367324412684,1
1000,0.0014763310318812728,0.0015786573057994246,0.0004255330131854862,1.043511152267456,0.0014763310318812728,0.000949532026425004,6.439290245907614e-06,0.0008953388314694166,9.819141268962994e-06,0.0008294291328638792,0.002417905579932267,0.002417905579932267,0.002378109153596597,1
1200,0.000900601502507925,0.0009542667539790273,0.0003220318758394569,1.2521402835845947,0.000900601502507925,0.00046996716991998255,3.334042958158534e-06,0.0004346762434579432,6.482719982159324e-06,0.0006198354531079531,0.0015805849270691397,0.0015805849270691397,0.0013386117889240268,1
1400,0.0007274937815964222,0.0008069927571341395,0.0005604586913250387,1.2427576780319214,0.0007274937815964222,0.00035231071524322033,3.541444357324508e-06,0.00029144735890440643,5.5274772421398666e-06,0.0006235498003661633,0.0014360700347424427,0.0014360700347424427,0.0010224825848581531,1
1600,0.0007192156044766307,0.0007700524874962866,8.068423630902544e-05,1.1211705207824707,0.0007192156044766307,0.0004359605663921684,2.9011832793912617e-06,0.0004511053266469389,5.121041340316879e-06,0.00046711001778021455,0.001242283546616818,0.001242283546616818,0.0011732221144029609,1
1800,0.0006115084979683161,0.0006790367187932134,0.00015925393381621689,1.047463297843933,0.0006115084979683161,0.00039759272476658225,2.5171314064209582e-06,0.0003076125285588205,4.535409516392974e-06,0.0004637783276848495,0.0011473504559944558,0.0011473504559944558,0.0009216381579335575,1
2000,0.0005659132730215788,0.0006160300690680742,0.00010987538553308696,0.950296938419342,0.0005659132730215788,0.00035337411100044847,3.1208523978421e-06,0.00018197558529209346,4.29241435995209e-06,0.0004391589609440416,0.001059481444372068,0.001059481444372068,0.0007510097107115143,1
2200,0.0005131803918629885,0.0005651511601172388,6.287459109444171e-05,0.7988439202308655,0.0005131803918629885,0.00036959376302547753,1.4337704214995028e-06,0.00021998101146891713,3.911858584615402e-06,0.0004042002256028354,0.0009732632443046896,0.0009732632443046896,0.0007345951737534051,1
2400,0.0004923472297377884,0.0005310774431563914,2.818063694576267e-05,0.662909209728241,0.0004923472297377884,0.00034003210021182895,3.9920105336932465e-06,0.00012250318832229823,3.79755829271744e-06,0.0003905997145920992,0.000925474716041208,0.000925474716041208,0.0006188424285937799,1
2600,0.0004283374873921275,0.0004786638601217419,5.850942761753686e-05,0.5255006551742554,0.0004283374873921275,0.00031435544951818883,2.9138154786778614e-06,0.00012961543689016253,3.452930513958563e-06,0.0003807488828897476,0.0008628656735254481,0.0008628656735254481,0.0005608667397609679,1
2800,0.00039893577923066914,0.0004389792447909713,5.9126861742697656e-05,0.4038553535938263,0.00039893577923066914,0.00029565123259089887,2.4803148335195147e-06,0.00010131169983651489,3.308811074020923e-06,0.00036762229865416884,0.000809910354519161,0.000809910354519161,0.0005027277939007035,1
3000,0.0004018628387711942,0.0004196162335574627,1.7821212168200873e-05,0.2913391888141632,0.0004018628387711942,0.0003566859813872725,1.4441878875004477e-06,9.367971506435424e-05,3.2438165362691507e-06,0.0003457459679339081,0.00076860601802764,0.00076860601802764,0.0004969867417230489,1
3200,0.0003955214924644679,0.00043881626334041357,2.865566420950927e-05,0.2318234145641327,0.0003955214924644679,0.000446934049250558,1.3224945405454491e-06,0.00016531147412024438,3.118507038379903e-06,0.0003250224981456995,0.000766957268524493,0.000766957268524493,0.0005621554611252577,1
3400,0.00032080852543003857,0.00033653422724455595,2.1608235329040326e-05,0.17018331587314606,0.00032080852543003857,0.00024109723744913936,1.3949668300483609e-06,0.00022764210007153451,2.793275371004711e-06,0.0003118368040304631,0.0006511643066460238,0.0006511643066460238,0.0005498455923316214,1
3600,0.0002732124994508922,0.00028770131757482886,1.3650099390360992e-05,0.10947861522436142,0.0002732124994508922,0.00024130295787472278,1.027199346026464e-06,0.00014565145829692483,2.4550904527131934e-06,0.00028540095081552863,0.0005755573588430707,0.0005755573588430707,0.0004198911570938435,1
3800,0.00022230626200325787,0.00024058009148575366,3.306453800178133e-05,0.0697799026966095,0.00022230626200325787,0.00016419828170910478,6.449309353229182e-07,5.674480780726299e-05,2.190180111938389e-06,0.0002687167434487492,0.0005114870150464412,0.0005114870150464412,0.0002796960007458438,1
4000,0.00020505127031356096,0.00022886756050866097,1.1033300324925222e-05,0.03861204907298088,0.00020505127031356096,0.00019396713469177485,8.442237913186545e-07,5.960559792583808e-05,2.063057536361157e-06,0.00024700225912965834,0.00047793287717468047,0.00047793287717468047,0.0002655010920307177,1
4200,0.0002936975215561688,0.00033794521004892886,3.617574475356378e-05,0.026805449277162552,0.0002936975215561688,0.0003905270714312792,8.298072202705953e-07,4.325770714785904e-05,2.3666577817493817e-06,0.00024155742721632123,0.0005818692950469995,0.0005818692950469995,0.0003377850359242984,0
4400,0.0001585004065418616,0.00016651615442242473,1.0399742677691393e-05,0.02105853147804737,0.0001585004065418616,0.00010129897418664768,1.1447575616330141e-06,4.562646790873259e-05,1.868570734586683e-06,0.00023884940310381353,0.00040723412826082495,0.00040723412826082495,0.0002052716320122272,1
4600,0.0001979000517167151,0.00022337451810017228,1.2684884495683946e-05,0.01870199851691723,0.0001979000517167151,0.00023869804863352329,7.483583317480225e-07,3.0786177376285195e-05,1.9543654161680024e-06,0.00022867313236929476,0.00045400201588563505,0.00045400201588563505,0.00022943458742474832,0
4800,0.0001338127040071413,0.00014530458429362625,8.945795343606733e-06,0.017927853390574455,0.0001338127040071413,9.686410339782014e-05,3.0583007060158707e-07,0.00017507646407466382,1.6873794947969145e-06,0.0002258465246995911,0.00037283848848801426,0.00037283848848801426,0.0003091949981524067,1
5000,0.00013144250260666013,0.00014655110135208815,1.2115645404264797e-05,0.01749683916568756,0.00013144250260666013,9.939290612237528e-05,1.004269506665878e-06,2.7094283723272383e-05,1.6842942613948253e-06,0.00022567356063518673,0.0003739089562486697,0.0003739089562486697,0.0001595410558365984,0
5200,0.0001286453625652939,0.0001427437673555687,1.4992400792834815e-05,0.016841169446706772,0.0001286453625652939,0.00010882961942115799,1.644266035327746e-06,2.841654531948734e-05,1.6703421579222777e-06,0.00022704110597260296,0.00037145521548609395,0.00037145521548609395,0.000158706173920109,1
5400,0.00012828223407268524,0.00014322205970529467,4.065510438522324e-06,0.01998368836939335,0.00012828223407268524,0.00011293761053821072,2.829861500686093e-07,3.040934825548902e-05,1.6691047903805156e-06,0.00022421847097575665,0.00036910963547143183,0.00036910963547143183,0.00015897456847824287,1
5600,0.00018644804367795587,0.00020809954730793834,4.976656782673672e-06,0.02081916108727455,0.00018644804367795587,0.0002503783907741308,7.520250164816389e-07,2.9702003303100355e-05,1.8629148144100327e-06,0.0002251138212159276,0.00043507628333827597,0.00043507628333827597,0.00021690207199753786,0
5800,0.00019059983605984598,0.00021459913114085793,1.1722569979610853e-05,0.019591016694903374,0.00019059983605984598,0.0002737072354648262,1.3951649862065096e-06,9.475240221945569e-05,1.8547463014328969e-06,0.00021923899475950748,0.0004356928722017983,0.0004356928722017983,0.0002867474032655082,0
6000,0.00011096015077782795,0.0001185272412840277,3.2906057185755344e-06,0.020946763455867767,0.00011096015077782795,8.006467396626249e-05,4.269532496437023e-07,2.5422115868423134e-05,1.551568402646808e-06,0.00021634309086948633,0.00033642190055616084,0.00033642190055616084,0.00013680921989589478,1
6200,0.00014168271445669234,0.00013798600411973894,2.1706794086640002e-06,0.021466894075274467,0.00014168271445669234,0.00011528286268003285,1.0904225291596958e-06,0.00016103600501082838,1.7080565157812089e-06,0.00022139650536701083,0.000361090566002531,0.000361090566002531,0.0003038091419966804,0
6400,0.00013800119631923735,0.00013464974472299218,2.657821460161358e-05,0.0247499942779541,0.00013800119631923735,0.00010822472540894523,1.321420995736844e-06,3.5201956052333117e-05,1.6507195823578513e-06,0.00023125279403757304,0.00036755325834292307,0.00036755325834292307,0.0001745245733673073,0
6600,0.00015327420260291547,0.00017284337081946433,8.054546015046071e-06,0.017621232196688652,0.00015327420260291547,0.0001817191659938544,9.783954055819777e-07,6.56189295114018e-05,1.6870505987753859e-06,0.00021532882237806916,0.0003898592437963089,0.0003898592437963089,0.00021987152751989925,0
6800,0.0001075960390153341,0.00011523689317982644,1.5015382814453915e-05,0.01825898140668869,0.0001075960390153341,7.645600271644071e-05,2.45095208128987e-07,0.0001216124655911699,1.5536872979282634e-06,0.0002197637950303033,0.000336554375508058,0.000336554375508058,0.00022945359981463298,0
7000,0.00011209684453206137,0.0001238877302967012,9.770372344064526e-06,0.02006826177239418,0.00011209684453206137,0.00011350171553203836,1.4943868791306159e-06,2.4180322725442238e-05,1.5075555666044238e-06,0.00021229041158221662,0.00033768569744552224,0.00033768569744552224,0.00013777155413663422,0
7200,0.00010351579112466425,0.00011290313705103472,1.0393793672847096e-05,0.019270746037364006,0.00010351579112466425,8.163843449437991e-05,2.82804535345349e-07,9.223959932569414e-05,1.5064077842907864e-06,0.00021369026217143983,0.00032809980700676533,0.00032809980700676533,0.00019603819498570374,1
7400,0.00016346278425771743,0.00017259453306905925,0.00019531389989424497,0.010307135060429573,0.00016346278425771743,9.935595153365284e-05,5.235677917880821e-07,0.00015886768233031034,1.8151336007576901e-06,0.00025726566673256457,0.0004316753334023815,0.0004316753334023815,0.00032285403437981586,0
7600,0.00012166998931206763,0.00013385679631028324,1.5769657011333038e-06,0.022405283525586128,0.00012166998931206763,0.0001406562078045681,1.0227693110209657e-06,2.562034387665335e-05,1.5139855804591207e-06,0.00020941505499649793,0.0003447858368872403,0.0003447858368872403,0.00014831310249974194,0
7800,9.87988241831772e-05,0.00010413042036816478,2.120267708960455e-06,0.022233793511986732,9.87988241831772e-05,7.045926031423733e-05,2.1436777331018675e-07,3.442753222770989e-05,1.4662244893770549e-06,0.00021018792176619172,0.00031578456662373355,0.00031578456662373355,0.00013344072418419728,1
8000,0.00018304887635167688,0.00020342209609225392,1.436288016520848e-06,0.021390272304415703,0.00018304887635167688,0.00022355280816555023,6.343049676615919e-07,2.2848756998428144e-05,1.7796537576941773e-06,0.00021207964164204895,0.00041728139149199706,0.00041728139149199706,0.00020653193831776662,0
8200,0.0001375015708617866,0.00013428472448140383,2.2140349756227806e-05,0.018040470778942108,0.0001375015708617866,0.00010547525744186714,3.242694504024257e-07,2.051308547379449e-05,1.627509391255444e-06,0.00021614195429719985,0.0003520541881698591,0.0003520541881698591,0.00015833892578598352,0
8400,0.00010509564162930474,0.00010910667333519086,1.1285505024716258e-05,0.01920335181057453,0.00010509564162930474,7.337712304433808e-05,1.236340040122741e-06,2.0355742890387774e-05,1.5202164149741293e-06,0.00021579589520115405,0.00032642278495131904,0.00032642278495131904,0.00012668772455981525,0
8600,0.00010004198702517897,0.00011021134559996426,2.52418849413516e-05,0.016994217410683632,0.00010004198702517897,7.738741260254756e-05,3.177318035341159e-07,2.108293483615853e-05,1.4780314359086333e-06,0.0002134157984983176,0.0003251051755341905,0.0003251051755341905,0.00012144265366487161,0
8800,0.00013378518633544445,0.00014352344442158937,1.2971975593245588e-05,0.027185743674635887,0.00013378518633544445,0.0001622909912839532,1.8388151374892914e-06,3.4185526601504534e-05,1.549613443785347e-06,0.0002138458366971463,0.000358918894562521,0.000358918894562521,0.00016980952807443828,0
9000,0.00011166622425662354,0.00010988686699420214,2.328490882064216e-05,0.025373827666044235,0.00011166622425662354,7.939104398246855e-05,3.062558278088545e-07,4.1681360016809776e-05,1.4881085235174396e-06,0.00022185800480656326,0.00033323298032428283,0.00033323298032428283,0.00015365384010124217,0
9200,0.00011118267866550013,0.00012073245306964964,7.758097240184725e-07,0.023071594536304474,0.00011118267866550013,0.0001167779482784681,2.6441898626217153e-07,0.00022145526600070298,1.4609278196076048e-06,0.00020237526041455567,0.0003245686413038129,0.0003245686413038129,0.0003329023636524653,0
9400,9.686734119895846e-05,0.00010334685794077814,1.5191929378488567e-05,0.017933933064341545,9.686734119895846e-05,7.378112059086561e-05,4.941704219163512e-07,0.00021488350466825068,1.4665553180748248e-06,0.00021225314412731677,0.00031706655738616973,0.00031706655738616973,0.0003122450162891255,0
9600,0.00011282223567832261,0.00012177869211882353,7.193217697931686e-06,0.01697688177227974,0.00011282223567832261,0.000127759572933428,5.127341751176573e-07,1.7132877474068664e-05,1.505404497947893e-06,0.0002111128851538524,0.0003343969817706238,0.0003343969817706238,0.00013046784732750893,0
9800,0.00015054961841087788,0.00016402137407567352,1.0576541171758436e-05,0.02297525480389595,0.00015054961841087788,0.00017461860261391848,6.277198281168239e-07,2.220053647761233e-05,1.5948219243000494e-06,0.00021222664508968592,0.0003778428410896595,0.0003778428410896595,0.00017337787471660704,0
10000,0.00011507757153594866,0.0001146221038652584,4.6833129090373404e-06,0.01778787560760975,0.00011507757153594866,8.767888357397169e-05,3.8348389352904633e-07,2.2935790184419602e-05,1.5765500620545936e-06,0.00021725587430410087,0.00033345452823141386,0.00033345452823141386,0.0001383968456138973,0
10200,9.667316044215113e-05,0.0001028749902616255,7.850825568311848e-06,0.017900677397847176,9.667316044215113e-05,8.211500244215131e-05,2.532014491407608e-07,0.00021951635426376015,1.478940589549893e-06,0.00021372413903009146,0.00031807806988126686,0.00031807806988126686,0.00031644271615505204,0
10400,0.00011479335807962343,0.0001107833013520576,4.970577265339671e-06,0.023654945194721222,0.00011479335807962343,9.335138747701421e-05,1.0794045692819054e-06,2.337971091037616e-05,1.5131453210415202e-06,0.00021191973064560443,0.00032421617731870356,0.00032421617731870356,0.0001392524735592815,0
10600,0.00010143850522581488,0.00011106165038654581,2.446291910018772e-05,0.01818082295358181,0.00010143850522581488,8.326083479914814e-05,2.3183210373645124e-07,2.070199479931034e-05,1.4570932762580924e-06,0.00020553595095407218,0.0003180546946168761,0.0003180546946168761,0.00012237233212886167,0
10800,0.00010034505976364017,9.925349877448753e-05,2.597053025965579e-06,0.022420894354581833,0.00010034505976364017,6.943433982087299e-05,2.0059533767380344e-07,0.00014711108815390617,1.4810381117058569e-06,0.0002088677283609286,0.000309602265247122,0.000309602265247122,0.00024765674325522014,1
11000,0.00011960815027123317,0.0001186160443467088,1.842201527324505e-05,0.012290225364267826,0.00011960815027123317,8.810566214378923e-05,1.5173162637438509e-06,2.1027151888119988e-05,1.5951995919749606e-06,0.0002100910642184317,0.0003303023081571155,0.0003303023081571155,0.000142152618423097,0
11200,0.0001251635403605178,0.0001254782546311617,5.383025199989788e-05,0.013293972238898277,0.0001251635403605178,9.350393520435318e-05,2.9520427347051736e-07,2.0974208382540382e-05,1.5885030961726443e-06,0.0002164023753721267,0.00034346913309946103,0.00034346913309946103,0.0001464329530165287,0
11400,9.927856444846839e-05,9.988516831072047e-05,2.171273308704258e-06,0.01917070522904396,9.927856444846839e-05,8.120840357150882e-05,4.956821157975355e-07,4.2195544665446505e-05,1.4505056924463133e-06,0.00020422047236934304,0.00030555614637250983,0.00030555614637250983,0.00014196979122971243,1
11600,0.00010298148117726669,0.00010435273725306615,1.2885259820905048e-05,0.01636793091893196,0.00010298148117726669,8.534559310646728e-05,5.20165599482425e-07,8.197225542971864e-05,1.475767930969596e-06,0.00020828255219385028,0.000314111057377886,0.000314111057377886,0.00018547390220646776,0
11800,0.00025310576893389225,0.00023918648366816342,4.291616642149165e-05,0.02370215207338333,0.00025310576893389225,0.0002781479270197451,8.756961165090615e-07,2.540001878514886e-05,2.109049091814086e-06,0.00022999042994342744,0.00047128596270340495,0.00047128596270340495,0.00027938148383555017,0
12000,9.5208095444832e-05,0.00010313363600289449,3.057309368159622e-05,0.014023913070559502,9.5208095444832e-05,8.111065835691988e-05,2.0074715223472595e-07,2.8149937861599028e-05,1.4192519302014261e-06,0.00020772051357198507,0.000312273401505081,0.000312273401505081,0.00012355878045866575,0
12200,9.517699800198898e-05,9.766161383595318e-05,9.005806532513816e-06,0.017364948987960815,9.517699800198898e-05,6.878049316583201e-05,1.0849222462638863e-06,1.2864805285062175e-05,1.4520692275254987e-06,0.00020627192861866206,0.00030538561168214073,0.00030538561168214073,0.00010912672553331504,1
12400,9.375769150210544e-05,9.970680548576638e-05,1.4716454643348698e-05,0.016869423910975456,9.375769150210544e-05,6.714720075251535e-05,1.8021717096416978e-07,2.2372631065081805e-05,1.4329485793496133e-06,0.00020489981397986412,0.0003060395680449801,0.0003060395680449801,0.00011631053973815142,0
12600,9.43678169278428e-05,9.580869664205238e-05,2.5623330657253973e-05,0.01594855822622776,9.43678169278428e-05,6.789370672777295e-05,5.324737912815181e-07,1.8331218598177657e-05,1.4276110960054211e-06,0.0002047119924100116,0.0003019483001480694,0.0003019483001480694,0.00011323150931730197,1
12800,9.631763532524928e-05,0.0001013246292131953,2.971258436446078e-05,0.016210686415433884,9.631763532524928e-05,8.528622129233554e-05,1.400140945406747e-06,1.726747359498404e-05,1.4245268857848714e-06,0.00020670038065873086,0.00030944953675771103,0.00030944953675771103,0.00011498524986564007,0
13000,9.945211058948189e-05,0.0001044876262312755,1.2451955626602285e-06,0.01904270052909851,9.945211058948189e-05,8.436047210125253e-05,3.793327891798981e-07,0.00011919498501811177,1.4531518672811217e-06,0.0002069385227514431,0.0003128793008499997,0.0003128793008499997,0.00021902642839677355,0
13200,0.00011027469008695334,0.00011180104047525674,1.2178530596429482e-05,0.014868991449475288,0.00011027469008695334,7.6311691373121e-05,1.859100393630797e-07,1.4833727618679404e-05,1.5751870705571491e-06,0.00021318106155376881,0.0003265572890995827,0.0003265572890995827,0.00012529432774499583,0
13400,9.548759408062324e-05,9.97039969661273e-05,1.1045705832657404e-05,0.016726724803447723,9.548759408062324e-05,7.51941479393281e-05,2.0714884385597543e-07,2.5002484107972123e-05,1.472493067922187e-06,0.0002096083335345611,0.0003107848235686106,0.0003107848235686106,0.00012069722703245134,0
13600,0.00013447258970700204,0.0001453804870834574,7.416492280754028e-06,0.01893659494817257,0.00013447258970700204,0.0001698864798527211,4.001539082310046e-07,8.729911496629938e-05,1.5424350294779288e-06,0.00020058854715898633,0.00034751146927192167,0.00034751146927192167,0.00022217185858153243,0
13800,0.00013177930668462068,0.00014105810259934515,4.285939212422818e-06,0.021847249940037727,0.00013177930668462068,0.00017309753457084298,5.127339477439818e-07,8.8821368990466e-05,1.5164920341703692e-06,0.00020600322750397027,0.0003485778221374858,0.0003485778221374858,0.00022111340962283066,0
14000,0.00010529259452596307,0.00010948136332444847,1.4130228919384535e-05,0.022369328886270523,0.00010529259452596307,0.00010745856707217172,6.483150514213776e-07,2.509790829208214e-05,1.4592592378903646e-06,0.00021423105499707162,0.00032517167755941045,0.00032517167755941045,0.00013103881786946658,0
14200,9.4041351985652e-05,9.507642243988812e-05,2.089415602313238e-06,0.019800996407866478,9.4041351985652e-05,7.235656812554225e-05,2.19210463114905e-07,1.9731794964172877e-05,1.4276981801231159e-06,0.0002066456654574722,0.00030314978607748344,0.00030314978607748344,0.00011399235741293978,0
14400,9.548987145535648e-05,0.00010146237764274701,1.3386094906309154e-05,0.01678093709051609,9.548987145535648e-05,7.973926403792575e-05,7.013445610937197e-07,9.56175645114854e-05,1.4330599924505805e-06,0.00020390682038851082,0.0003068022580237084,0.0003068022580237084,0.0001918087805279356,0
14600,9.146671800408512e-05,9.598080214345828e-05,3.141082288493635e-06,0.018968909978866577,9.146671800408512e-05,7.515102333854884e-05,2.9171690130169736e-07,1.6380830857087858e-05,1.411104335602431e-06,0.00020365830278024077,0.0003010502092593015,0.0003010502092593015,0.00010813926576247468,1
14800,0.00021721681696362793,0.00020411593141034245,0.0003431985678616911,0.03313051536679268,0.00021721681696362793,0.00023816406610421836,7.607676479892689e-07,0.00017574439698364586,1.928533038153546e-06,0.00030821148538962007,0.0005142559498381161,0.0005142559498381161,0.00039372198159526306,0
15000,8.996491669677198e-05,9.284137195209041e-05,1.0324576578568667e-05,0.017400899901986122,8.996491669677198e-05,7.048938277876005e-05,6.53525830784929e-07,3.0401208277908154e-05,1.387444399369997e-06,0.00020024030527565628,0.0002944691216271167,0.0002944691216271167,0.00012101965080546506,1
15200,9.7843432740774e-05,9.867003973340616e-05,9.678182323114015e-06,0.01606043614447117,9.7843432740774e-05,7.495593308703974e-05,2.3210176891552692e-07,6.526668585138395e-05,1.4748995909030782e-06,0.00020657980348914862,0.00030672474281345785,0.00030672474281345785,0.0001633422203610735,0
15400,0.00010430801921756938,0.00010206544538959861,2.080528474834864e-06,0.02096381224691868,0.00010430801921756938,8.227926446124911e-05,2.460344035171147e-07,2.5389475922565907e-05,1.4518822126774467e-06,0.0002001944521907717,0.00030371177979304775,0.00030371177979304775,0.0001299435295436524,0
15600,0.00012832140782848,0.00012220571807119995,3.9378726796712726e-05,0.025986960157752037,0.00012832140782848,0.0001260579883819446,3.66987876532221e-07,4.4138367229606956e-05,1.5844082099647494e-06,0.00022058050672058016,0.00034437063300174486,0.00034437063300174486,0.00017282676293461918,0
15800,9.291071182815358e-05,9.990155376726761e-05,1.9996079572592862e-05,0.01851968839764595,9.291071182815358e-05,8.323123620357364e-05,4.5732414832855284e-07,0.00020714612037409097,1.3797873634757707e-06,0.00019781230366788805,0.00029909364479863143,0.00029909364479863143,0.0003005141563505731,0
16000,9.56726071308367e-05,9.626223618397489e-05,8.700168109498918e-06,0.02195112220942974,9.56726071308367e-05,7.963222014950588e-05,2.601073560981604e-07,0.00013148007565177977,1.421553633917938e-06,0.0002060418773908168,0.00030372566720870964,0.00030372566720870964,0.00022741279013871463,0
16200,9.508269431535155e-05,0.0001000979682430625,2.6329425963922404e-06,0.021153753623366356,9.508269431535155e-05,7.745978655293584e-05,1.961585383014608e-07,8.826972771203145e-05,1.378302386001451e-06,0.0001946191187016666,0.00029609538933073054,0.00029609538933073054,0.00018354858056568446,0
16400,9.145217336481437e-05,9.476238483330235e-05,2.6733766844699858e-06,0.01984650455415249,9.145217336481437e-05,8.032668847590685e-05,2.0286357482746098e-07,8.486340084346011e-05,1.3938240499555832e-06,0.00020068565208930522,0.00029684186097256315,0.00029684186097256315,0.00017651843778310194,0
16600,9.715359919937328e-05,0.00010472096619196236,8.396281191380695e-05,0.013734947890043259,9.715359919937328e-05,6.352995114866644e-05,1.2381289025142905e-06,3.0091065127635375e-05,1.4440142876992468e-06,0.0002103093866026029,0.0003164743670822645,0.0003164743670822645,0.00012848279322952294,0
16800,9.401182614965364e-05,9.639697236707434e-05,1.546244129713159e-05,0.01737675629556179,9.401182614965364e-05,6.91820023348555e-05,3.120622409369389e-07,1.5734109183540568e-05,1.4516083410853753e-06,0.00020553264766931534,0.00030338122837747505,0.00030338122837747505,0.00011005799757413115,0
17000,9.059510921360925e-05,9.570895053911954e-05,5.87667636864353e-06,0.016027800738811493,9.059510921360925e-05,7.67041346989572e-05,3.383395892342378e-07,5.6573786423541605e-05,1.3682374628842808e-06,0.00019752091611735523,0.00029459810411935905,0.00029459810411935905,0.0001475072352263851,0
17200,8.786324906395748e-05,9.06642890186049e-05,7.748923962935805e-06,0.01877572387456894,8.786324906395748e-05,6.729507731506601e-05,2.0242717369001184e-07,2.3785838493495248e-05,1.3688096487385337e-06,0.00019531921134330332,0.00028735231001064676,0.00028735231001064676,0.00011185151473114274,1
17400,9.053345274878666e-05,9.533055708743632e-05,4.68702683065203e-06,0.020767098292708397,9.053345274878666e-05,7.769775402266532e-05,1.8982878202677966e-07,1.4831332919129636e-05,1.374345174554037e-06,0.0001939393114298582,0.00029064421369184856,0.00029064421369184856,0.00010555461444994307,0
17600,0.00012957621947862208,0.00012763057020492852,2.8784001187887043e-05,0.017140064388513565,0.00012957621947862208,0.00010097218182636425,8.350673397217179e-07,4.8608413635520265e-05,1.590060378475755e-06,0.00020283818594180048,0.00033205881652520475,0.00033205881652520475,0.00017901970045386406,0
17800,9.000423597171903e-05,9.471163502894342e-05,1.028943279379746e-05,0.018243514001369476,9.000423597171903e-05,7.530739821959287e-05,2.1715086973017605e-07,1.5468236597371288e-05,1.382411483064061e-06,0.0001982683315873146,0.0002943623780993221,0.0002943623780993221,0.00010568962343882049,0
18000,8.893475023796782e-05,9.205511014442891e-05,7.705872121732682e-06,0.020321551710367203,8.893475023796782e-05,7.01564276823774e-05,1.6758779963765846e-07,0.0002493882493581623,1.3829386489305762e-06,0.00019691421766765416,0.00029035226646101364,0.00029035226646101364,0.00033849058739576776,0
18200,9.698132635094225e-05,9.917903662426397e-05,2.736531496339012e-05,0.013628375716507435,9.698132635094225e-05,6.141010817373171e-05,4.602257490660122e-07,1.6519376003998332e-05,1.4407557955564698e-06,0.0002027699665632099,0.00030338975898303033,0.00030338975898303033,0.0001139609281040066,0
18400,9.295925701735541e-05,9.68413514783606e-05,6.578365628229221e-06,0.021753231063485146,9.295925701735541e-05,9.168700489681214e-05,5.382800054576364e-07,2.7716034310287796e-05,1.3464305084198713e-06,0.00019091079593636096,0.0002890985779231414,0.0002890985779231414,0.00012121357133310084,0
18600,9.311938629252836e-05,9.904225589707494e-05,6.5958042796410155e-06,0.01975073106586933,9.311938629252836e-05,7.655559602426365e-05,3.233553798054345e-07,1.5500478184549138e-05,1.419601176166907e-06,0.00019970693392679095,0.0003001687910000328,0.0003001687910000328,0.00010894321985688293,0
18800,8.814747707219794e-05,9.102837793761864e-05,8.271355000033509e-06,0.020702535286545753,8.814747707219794e-05,7.505177200073376e-05,2.998085619765334e-07,0.00017128446779679507,1.3179843563193572e-06,0.00019126222468912601,0.000283608586983064,0.000283608586983064,0.00025973175343096955,1
19000,8.89386938069947e-05,9.177794709103182e-05,7.607100997120142e-06,0.01986217126250267,8.89386938069947e-05,6.778269744245335e-05,1.956171900019399e-07,1.288274143007584e-05,1.4055108294996899e-06,0.00019828267977572978,0.0002914661376962613,0.0002914661376962613,0.00010201705242707249,0
19200,9.172046702587977e-05,9.530607349006459e-05,3.67426878256083e-06,0.01990971900522709,9.172046702587977e-05,7.831273978808895e-05,4.992766662326176e-07,1.3988981663715094e-05,1.4272179669205798e-06,0.0002020350657403469,0.0002987683571973321,0.0002987683571973321,0.00010620872535582748,0
19400,9.003124432638288e-05,9.300866804551333e-05,1.4238885341910645e-05,0.01837487891316414,9.003124432638288e-05,6.882753950776532e-05,1.7300015997534501e-07,5.374917236622423e-05,1.4165038919600192e-06,0.00020151905482634902,0.00029594422676382237,0.00029594422676382237,0.00014395341685258245,0
19600,9.7197167633567e-05,9.970487735699862e-05,3.6404594538907986e-06,0.021927360445261,9.7197167633567e-05,9.753313497640193e-05,2.3767127288465417e-07,8.481977420160547e-05,1.3709678796658409e-06,0.0001977326173800975,0.00029880846261676197,0.00029880846261676197,0.00018225461310805713,0
19800,9.180123743135482e-05,9.453912207391113e-05,8.953337783168536e-06,0.01964815892279148,9.180123743135482e-05,7.5578733230941e-05,1.3438221913020243e-06,1.6440986655652523e-05,1.4229369753593346e-06,0.0002013850025832653,0.00029734706163253577,0.00029734706163253577,0.00010958604627830937,0
20000,0.00011246779467910528,0.00011849278234876692,9.405718628840987e-06,0.02513023279607296,0.00011246779467910528,0.00011426471610320732,2.1705282904349588e-07,1.7973108697333373e-05,1.4627541986556025e-06,0.0002012411569012329,0.0003211966934486554,0.0003211966934486554,0.00013065795620548215,0
20200,9.288201545132324e-05,9.504828631179407e-05,3.460825246293098e-05,0.0178053081035614,9.288201545132324e-05,6.362514977809042e-05,1.47870920841342e-07,6.028971620253287e-05,1.4340943153001717e-06,0.00020047846192028373,0.000296960842547378,0.000296960842547378,0.00015331960257469746,0
20400,8.905603317543864e-05,9.319616219727322e-05,5.650875209539663e-06,0.022373877465724945,8.905603317543864e-05,7.888719119364396e-05,9.574662271916168e-07,6.491080421255901e-05,1.3539075780499843e-06,0.0001942679809872061,0.0002888180507625293,0.0002888180507625293,0.00015492430361518927,0
20600,8.643962792120874e-05,8.848678407957777e-05,9.705672709969804e-06,0.021046467125415802,8.643962792120874e-05,6.452018715208396e-05,4.0974202875077026e-07,1.801522375899367e-05,1.342354607913876e-06,0.00019099609926342964,0.0002808252379509213,0.0002808252379509213,0.00010486459370895318,1
20800,0.00010417531302664429,0.00010499849304324016,2.738027978921309e-05,0.020663117989897728,0.00010417531302664429,7.339993317145854e-05,3.0349585244948685e-07,1.736788181005977e-05,1.436362367712718e-06,0.00019373290706425905,0.00030016776247521193,0.00030016776247521193,0.00012184669068915355,0
21000,0.00014411121082957834,0.00014083785936236382,1.3381271855905652e-05,0.02038661018013954,0.00014411121082957834,0.00012462327140383422,3.7525936136262317e-07,0.0001716072001727298,1.649229147915321e-06,0.00020108676108065993,0.00034357384959093906,0.00034357384959093906,0.00031609367036367075,0
21200,9.196595783578232e-05,9.376338130095974e-05,1.220995545736514e-05,0.021341262385249138,9.196595783578232e-05,6.320179818430915e-05,1.8528770340253686e-07,1.3107251106703188e-05,1.42188935114973e-06,0.00019688910106197,0.00029207437171407946,0.00029207437171407946,0.00010525849664588804,0
21400,0.00010788004874484614,0.00010622489207889885,2.468465027050115e-05,0.020564863458275795,0.00010788004874484614,8.06952448328957e-05,2.401412473318487e-07,1.4967496099416167e-05,1.5018066505945171e-06,0.0001992596808122471,0.00030698637954174046,0.00030698637954174046,0.00012308768609159415,0
21600,9.268210851587355e-05,9.82873170869425e-05,7.65163258620305e-06,0.021518072113394737,9.268210851587355e-05,8.61460721353069e-05,2.686243476546224e-07,1.3206760741013568e-05,1.4085571820032783e-06,0.00019751381478272378,0.00029720968905166956,0.00029720968905166956,0.00010615749360454174,0
21800,8.87185160536319e-05,9.256971679860726e-05,5.177575985726435e-06,0.023890100419521332,8.87185160536319e-05,7.141123933251947e-05,1.1970143987127813e-06,1.2950031305081211e-05,1.407321974511433e-06,0.00019584569963626564,0.00028982273840938433,0.00028982273840938433,0.0001028655617574259,0
22000,9.242685337085277e-05,9.249881259165704e-05,3.7148281535337446e-06,0.024198729544878006,9.242685337085277e-05,6.579804175999016e-05,1.7956932651941315e-07,1.5142477423069067e-05,1.4367827816386125e-06,0.00019894320575986058,0.00029287880113315623,0.00029287880113315623,0.00010774890012044125,0
22200,9.584629879100248e-05,0.00010004386422224343,3.452675400694716e-06,0.025915250182151794,9.584629879100248e-05,9.25771746551618e-05,1.942726726156252e-07,1.5294086551875807e-05,1.3921060144639341e-06,0.0001958527573151514,0.00029728872755185876,0.00029728872755185876,0.00011133465801549391,0
22400,9.967426740331575e-05,0.00010227315942756832,1.938689274538774e-05,0.021983101963996887,9.967426740331575e-05,7.744375761831179e-05,2.0193073169139097e-07,3.083311457885429e-05,1.4495235518552363e-06,0.0001993788027903065,0.00030310148576973006,0.00030310148576973006,0.00013070931271386144,0
22600,9.091210813494399e-05,9.150517144007608e-05,1.5130359315662645e-05,0.023857438936829567,9.091210813494399e-05,7.46653022360988e-05,2.3468922449865204e-07,1.5098759831744246e-05,1.3621333891933318e-06,0.0001900526403915137,0.0002829199452207831,0.0002829199452207831,0.00010624555719118689,0
22800,9.64965729508549e-05,9.952704567695037e-05,1.4497915799438488e-05,0.02333942987024784,9.64965729508549e-05,7.902200741227716e-05,2.3348518141119712e-07,1.4494580682367086e-05,1.4075766330279293e-06,0.00019604730186983943,0.0002969819241798177,0.0002969819241798177,0.00011122463881463318,0
23000,8.76952544786036e-05,9.09727459657006e-05,8.729866749490611e-06,0.024105537682771683,8.76952544786036e-05,7.334721158258617e-05,2.1507364067474555e-07,0.0001425656519131735,1.3840226529282518e-06,0.0001953331520780921,0.00028768992069672095,0.00028768992069672095,0.00023047598003245184,0
23200,0.00011559703852981329,0.00012480313307605684,1.036304183799075e-05,0.026439905166625977,0.00011559703852981329,0.00011234921112190932,4.724102211639547e-07,4.333420656621456e-05,1.4552636002918007e-06,0.00018816051306203008,0.0003144189097383787,0.0003144189097383787,0.0001594036553171918,0
23400,0.0001244484883500263,0.00013333310198504478,3.6907961202814477e-06,0.032777998596429825,0.0001244484883500263,0.00018713489407673478,3.062821747334965e-07,2.0248713553883135e-05,1.3908343134971801e-06,0.00018897293193731457,0.00032369686823585653,0.00032369686823585653,0.00014500348407864294,0
23600,8.982284634839743e-05,9.301125828642398e-05,3.201038452971261e-06,0.0269736647605896,8.982284634839743e-05,8.289489051094279e-05,2.7359877208255057e-07,1.859449730545748e-05,1.3611230542664998e-06,0.00019454577704891562,0.0002889181583896061,0.0002889181583896061,0.00010869094242593746,0
23800,9.006063191918656e-05,9.278640936827287e-05,4.986712156096473e-06,0.025119608268141747,9.006063191918656e-05,6.955165736144409e-05,6.985541176618426e-07,1.2688058632193133e-05,1.4311132190414355e-06,0.00020034395856782794,0.00029456148115514225,0.00029456148115514225,0.00010344724466904154,0
24000,9.32684270082973e-05,9.93394642136991e-05,3.808379915426485e-05,0.023844989016652107,9.32684270082973e-05,6.746387225575745e-05,2.869528259452636e-07,5.7122455473290756e-05,1.4330175872601103e-06,0.00019831252575386316,0.00029908500755482237,0.00029908500755482237,0.00015067783530753331,0
24200,9.032188245328143e-05,9.137682354776189e-05,5.679414243786596e-06,0.029227502644062042,9.032188245328143e-05,7.17431612429209e-05,3.1774166586728825e-07,0.0001369566161883995,1.3408625818556175e-06,0.0001894769666250795,0.000282194652754697,0.000282194652754697,0.00022759624030754821,0
24400,8.81984451552853e-05,9.186143870465457e-05,1.5408872059197165e-05,0.026088709011673927,8.81984451552853e-05,6.644974928349257e-05,2.764148803180433e-07,0.0003373292274773121,1.4161960280034691e-06,0.00019695631635840982,0.00029023395109106787,0.00029023395109106787,0.00042580408751291543,0
24600,0.00010507142724236473,0.00011152970546390861,2.785002379823709e-06,0.030058130621910095,0.00010507142724236473,0.0001174444769276306,3.506304722122877e-07,4.579022424877621e-05,1.393798811477609e-06,0.00018972341786138713,0.00030264692213677336,0.00030264692213677336,0.00015121228196335323,0
24800,8.701763727003708e-05,8.982470899354666e-05,7.2537895903224126e-06,0.027575768530368805,8.701763727003708e-05,6.743901030858979e-05,9.281383199777338e-07,1.3407096048467793e-05,1.3753754046774702e-06,0.00019331286603119224,0.0002845129504294164,0.0002845129504294164,0.00010135287163848261,0
25000,0.00010824892524397,0.00011005414125975221,1.7033513358910568e-05,0.026029212400317192,0.00010824892524397,8.413608884438872e-05,6.493245336969267e-07,4.613067358150147e-05,1.438577783119399e-06,0.000193209431017749,0.0003047021500606206,0.0003047021500606206,0.0001550289233591684,0
25200,8.939989493228495e-05,9.09301161300391e-05,1.4101015949563589e-05,0.028336061164736748,8.939989493228495e-05,6.710948218824342e-05,3.2035649155659485e-07,1.5580702893203124e-05,1.3957954934085137e-06,0.00019364355830475688,0.0002859694699282045,0.0002859694699282045,0.00010530095431704467,0
25400,8.791145955910906e-05,8.972871000878513e-05,2.539411980251316e-06,0.03277274966239929,8.791145955910906e-05,7.462278153980151e-05,9.804281262404402e-07,1.90577375178691e-05,1.3214007594797295e-06,0.00018761606770567596,0.0002786661784739408,0.0002786661784739408,0.0001079496252032186,1
25600,8.996160613605753e-05,9.194972517434508e-05,2.009592208196409e-06,0.03287285193800926,8.996160613605753e-05,7.787103822920471e-05,6.051094487702358e-07,1.8552604160504416e-05,1.3319042864168296e-06,0.00019070807320531458,0.0002839897026660765,0.0002839897026660765,0.00010911931974533218,0
25800,0.00012386232265271246,0.0001257629628526047,4.9707366997608915e-05,0.025913653895258904,0.00012386232265271246,8.97162317414768e-05,3.9605689039490244e-07,2.615591984067578e-05,1.5239864978866535e-06,0.00020074521307833493,0.00032803216242882627,0.00032803216242882627,0.00015041429938378315,0
26000,8.922198321670294e-05,9.283273539040238e-05,2.2804286345490254e-05,0.029079535976052284,8.922198321670294e-05,6.807185127399862e-05,1.3758887007497833e-07,0.00010048648982774466,1.3890750096834381e-06,0.00019351363880559802,0.00028773544920568384,0.00028773544920568384,0.00018984606191452258,0
26200,8.750558481551707e-05,9.104072523768991e-05,3.237187229387928e-06,0.03312770277261734,8.750558481551707e-05,7.590792665723711e-05,3.2256906479233294e-07,4.197693488094956e-05,1.3852986739948392e-06,0.00019378804427105933,0.0002862140681827441,0.0002862140681827441,0.00012980508876125896,0
26400,8.566863107262179e-05,8.969491318566725e-05,1.5520006854785606e-05,0.030935335904359818,8.566863107262179e-05,7.279133569682017e-05,2.5672380843388964e-07,1.220869307871908e-05,1.3553058124671225e-06,0.00019051630806643516,0.00028156652706456953,0.00028156652706456953,9.813404795977476e-05,0
26600,0.00011272698611719534,0.00012150133989052847,2.8776757972082123e-06,0.03377337008714676,0.00011272698611719534,0.00013107361155562103,3.3373171959283354e-07,1.4273769920691848e-05,1.4308360505310702e-06,0.00018894717504736036,0.0003118793509884199,0.0003118793509884199,0.00012733448775748002,0
26800,9.69915563473478e-05,9.98165924102068e-05,2.1815902073285542e-05,0.03203964978456497,9.69915563473478e-05,7.030122651485726e-05,1.2003513347735861e-06,0.00010566580021986738,1.4390807336894795e-06,0.00019553143647499382,0.0002967871096188901,0.0002967871096188901,0.00020385770790198876,0
27000,0.00017713161651045084,0.00019038822210859507,2.9069358333799755e-06,0.03803548961877823,0.00017713161651045084,0.00020124117145314813,5.830415261698363e-07,5.5242715461645275e-05,1.6420298152297619e-06,0.00018842858844436705,0.0003804588403681919,0.0003804588403681919,0.00023295737349826595,0
27200,8.647764479974285e-05,9.085757483262569e-05,2.374247060288326e-06,0.03608835116028786,8.647764479974285e-05,7.618202653247863e-05,3.605883591717429e-07,7.27044025552459e-05,1.3495409802999347e-06,0.00019033817807212472,0.00028254529388505034,0.00028254529388505034,0.0001595426357141605,0
27400,0.00010499786731088534,0.00010741132427938282,4.485043973545544e-06,0.03379945456981659,0.00010499786731088534,7.982952956808731e-05,3.333771871893987e-07,6.23707746854052e-05,1.4669112715637311e-06,0.00019552544108591974,0.0003044036766368663,0.0003044036766368663,0.00016770201918347993,0
27600,0.00014414670295082033,0.00014825077960267663,0.00021692135487683117,0.025177111849188805,0.00014414670295082033,7.220713450806215e-05,1.0477763225935632e-06,4.816657747142017e-05,1.7036560393535183e-06,0.00023431189765688032,0.00038426633329891047,0.00038426633329891047,0.00019336105674483406,0
27800,8.761592471273616e-05,9.047466301126406e-05,3.2455252494401066e-06,0.03572685271501541,8.761592471273616e-05,7.32343178242445e-05,1.8227308373752749e-07,8.656043064547703e-05,1.387050701850967e-06,0.00019496197637636214,0.00028682369008947717,0.00028682369008947717,0.00017435862844195071,0
28000,0.00010286016913596541,0.00011027762229787186,1.1878037184942514e-06,0.03781672567129135,0.00010286016913596541,8.900748798623681e-05,6.87829469825374e-07,0.00015470993821509182,1.434685145795811e-06,0.00019118930504191667,0.00030290161248558434,0.00030290161248558434,0.0002582579368208826,0
28200,8.664529013913125e-05,8.998677367344499e-05,6.710602065140847e-06,0.036365967243909836,8.664529013913125e-05,7.214923243736848e-05,2.241536947167333e-07,6.151137495180592e-05,1.377078888253891e-06,0.00019225872529204935,0.0002836225778537482,0.0002836225778537482,0.0001483808187856539,0
28400,8.618050924269482e-05,8.916669321479276e-05,2.40955068875337e-06,0.036938950419425964,8.618050924269482e-05,6.763542478438467e-05,1.610733022516797e-07,1.247754153155256e-05,1.3864114407624584e-06,0.00019234851060900837,0.0002829016152645636,0.0002829016152645636,9.881912407649907e-05,0
28600,8.740313205635175e-05,9.054766996996477e-05,1.752263960952405e-05,0.035651836544275284,8.740313205635175e-05,6.160578050184995e-05,1.8903524789948278e-07,0.00015570299001410604,1.4172705959936138e-06,0.00019355447147972882,0.0002855194120456872,0.0002855194120456872,0.00024329515731835727,0
28800,9.762928675627336e-05,0.00010435159492772073,7.608706710016122e-06,0.03787931427359581,9.762928675627336e-05,9.756916551850736e-05,5.72393503261992e-07,3.2234584068646654e-05,1.4255199403123697e-06,0.00019384916231501848,0.00029962627718305157,0.00029962627718305157,0.000130436264328182,0
29000,0.000122870784252882,0.00012403345317579806,6.395983655238524e-05,0.03050236962735653,0.000122870784252882,8.260730828624219e-05,3.2888189593904826e-07,2.127727202605456e-05,1.5893092495389283e-06,0.00020636871340684593,0.0003319914758321829,0.0003319914758321829,0.0001444769381748756,0
29200,9.324737038696185e-05,9.685199620435014e-05,2.6009285647887737e-05,0.03641164302825928,9.324737038696185e-05,6.765915168216452e-05,2.1390887638972345e-07,1.5814781363587826e-05,1.3883079645893304e-06,0.0001929787831613794,0.00029121908733031887,0.00029121908733031887,0.0001092760606269394,0
29400,8.819025242701173e-05,9.266123379347846e-05,5.534933279705001e-06,0.038449592888355255,8.819025242701173e-05,7.434900908265263e-05,1.6852566204761388e-06,3.3492764487164095e-05,1.372692054246727e-06,0.00019226536096539348,0.00028629928681311867,0.00028629928681311867,0.00012336827353465196,0
29600,8.917906961869448e-05,9.362946002511308e-05,4.0897202779888175e-06,0.04061846435070038,8.917906961869448e-05,8.284363866550848e-05,1.8395272149973607e-07,1.3390927051659673e-05,1.3655064776685322e-06,0.0001909379061544314,0.000285932872657213,0.000285932872657213,0.0001027539493918539,0
29800,9.410487109562382e-05,0.00010045312956208363,1.3866263088857522e-06,0.041738737374544144,9.410487109562382e-05,9.549729293212295e-05,2.578409521447611e-07,3.910512168658897e-05,1.3613079090646352e-06,0.00018803452257998288,0.00028984896005113114,0.00028984896005113114,0.00013346783373435755,0
30000,8.56083061080426e-05,8.888349839253351e-05,1.230288307851879e-05,0.04051896184682846,8.56083061080426e-05,6.561383634107187e-05,4.401715330004663e-07,8.844595868140459e-06,1.3616712521979935e-06,0.00018993840785697103,0.00028018357750170253,0.00028018357750170253,9.489307350918352e-05,0
30200,8.657734724693e-05,9.024412429425865e-05,9.195006896334235e-06,0.03965313732624054,8.657734724693e-05,7.032210123725235e-05,1.8864177775412827e-07,1.3393208973866422e-05,1.3725483540838468e-06,0.00019128824351355433,0.00028290491616189684,0.00028290491616189684,0.00010015919799855055,0
30400,8.580285793868825e-05,8.713360148249194e-05,2.551794023020193e-05,0.03941359743475914,8.580285793868825e-05,5.774615055997856e-05,4.0587156036053784e-07,1.2488168977142777e-05,1.381160245728097e-06,0.00018984962662216276,0.0002783643883503828,0.0002783643883503828,9.869689847619156e-05,1
30600,9.002679871628061e-05,9.054552356246859e-05,7.5972016020386945e-06,0.04312923923134804,9.002679871628061e-05,6.525919889099896e-05,8.764766903368582e-07,0.0003047283389605582,1.3698438579012873e-06,0.00018567076767794788,0.00027758613509831775,0.00027758613509831775,0.00039563161436717564,1
30800,0.00010002267663367093,0.00010464884690009058,1.567690742376726e-05,0.039153020828962326,0.00010002267663367093,0.00010011089034378529,7.704615541115345e-07,1.1798530977102928e-05,1.4067614984014654e-06,0.00018836039816960692,0.00029441600656809896,0.00029441600656809896,0.00011259166916488539,0
31000,0.00012444249296095222,0.00011915795766981319,4.25222133344505e-05,0.052859049290418625,0.00012444249296095222,0.00011464568524388596,3.111878186246031e-07,1.9776263798121363e-05,1.3987701095174998e-06,0.0002016723301494494,0.0003222290579287801,0.0003222290579287801,0.0001445299445776982,0
31200,8.877228538040072e-05,9.254052565665916e-05,1.1923526471946388e-05,0.039285946637392044,8.877228538040072e-05,6.439061689889058e-05,1.6851593898081774e-07,2.2347392587107606e-05,1.4251650100050028e-06,0.00019468856044113636,0.0002886542511078005,0.0002886542511078005,0.00011128819390648914,0
31400,0.00010262266732752323,0.00010485859093023464,1.1255066283410997e-06,0.04481598362326622,0.00010262266732752323,0.00010332655074307695,3.7078680747981707e-07,0.00012246542610228062,1.3414696695690509e-06,0.00018964037008117884,0.00029584043068098254,0.00029584043068098254,0.00022545888023728367,0
31600,0.00012944858463015407,0.0001309209765167907,7.221361738629639e-05,0.035696085542440414,0.00012944858463015407,0.0001056512410286814,3.103965866557701e-07,0.00010435831791255623,1.5272437394742155e-06,0.00020069903985131532,0.0003331472601075802,0.0003331472601075802,0.00023411729912936607,0
31800,0.00010555522021604702,0.00011107568570878357,1.246392639586702e-05,0.04319237917661667,0.00010555522021604702,0.00012286595301702619,2.0217093776864203e-07,1.1729383913916536e-05,1.4212014320946764e-06,0.00018986671057064086,0.0003023635977115191,0.0003023635977115191,0.0001174867750677322,0
32000,8.583018643548712e-05,8.863897528499365e-05,4.268796601536451e-06,0.04428902268409729,8.583018643548712e-05,6.645696703344584e-05,1.5536528508164338e-07,2.2716825696988963e-05,1.3653348105435725e-06,0.00019034625438507646,0.0002803505644806137,0.0002803505644806137,0.00010870237741755773,0
32200,8.905069262254983e-05,9.332328045275062e-05,7.214149491119315e-07,0.049298763275146484,8.905069262254983e-05,8.314446313306689e-05,1.862440512923058e-07,1.3734119420405477e-05,1.3723287111133686e-06,0.0001904931996250525,0.0002851888087889165,0.0002851888087889165,0.00010297105609424761,0
32400,9.091492393054068e-05,9.376359957968816e-05,2.7364636480342597e-05,0.03941836580634117,9.091492393054068e-05,6.236851186258718e-05,4.021896984340856e-07,0.000161992124048993,1.4384804671863094e-06,0.00019518521730788052,0.000290387297354755,0.000290387297354755,0.00025330923767796776,0
32600,0.00024118006695061922,0.0002352310693822801,0.0006263580871745944,0.07341297715902328,0.00024118006695061922,0.0001749361545080319,1.1338172498653876e-06,0.00023975284420885146,1.834838485592627e-06,0.00035897846100851893,0.0005960443688763917,0.0005960443688763917,0.00048206672840933606,0
32800,8.578802953707054e-05,8.943225839175284e-05,3.268110958742909e-06,0.043855633586645126,8.578802953707054e-05,7.41186595405452e-05,2.6830272759070795e-07,4.105789776076563e-05,1.330181135017483e-06,0.00018681035726331174,0.00027757279679008207,0.00027757279679008207,0.00012711423002542688,1
33000,9.041947487276047e-05,9.339272219222039e-05,4.611979420587886e-07,0.04622635245323181,9.041947487276047e-05,7.562195969512686e-05,2.279719808484515e-07,1.3351176676223986e-05,1.3886482292946312e-06,0.00019076885655522346,0.0002855502269767385,0.0002855502269767385,0.00010399862352983291,0
33200,9.115368447965011e-05,9.29210364120081e-05,5.677792159985984e-06,0.04647912085056305,9.115368447965011e-05,6.831349310232326e-05,4.234025254845619e-07,1.525542938907165e-05,1.3818080333294347e-06,0.0001883829536382109,0.00028268579808354843,0.00028268579808354843,0.00010683251639420632,0
33400,9.33917035581544e-05,9.65325380093418e-05,1.532163764750294e-06,0.0503854975104332,9.33917035581544e-05,8.328930562129244e-05,2.011746005337045e-07,1.5727593563497066e-05,1.3712763120565796e-06,0.00018955740961246192,0.0002874612239338603,0.0002874612239338603,0.00010932047172218518,0
33600,8.740253542782739e-05,8.893496124073863e-05,5.875344868400134e-07,0.04545897617936134,8.740253542782739e-05,7.261445716721937e-05,1.7623665371502284e-07,2.744132507359609e-05,1.371663302052184e-06,0.0001906279503600672,0.000280934574902858,0.000280934574902858,0.0001150200971551385,0
33800,8.726546366233379e-05,9.0661873400677e-05,1.3478521395882126e-05,0.04621042311191559,8.726546366233379e-05,7.747246127109975e-05,2.3773030477514112e-07,1.2169974070275202e-05,1.353697825834388e-06,0.0001867070241132751,0.0002787225953397865,0.0002787225953397865,9.967316803738413e-05,0
34000,9.128549572778866e-05,9.309177403338253e-05,9.777342029337888e-07,0.044882602989673615,9.128549572778866e-05,8.964059816207737e-05,4.2584210291352065e-07,0.00018211039423476905,1.3507747098628897e-06,0.00019024287757929415,0.00028468542632253957,0.00028468542632253957,0.0002738217320654712,0
34200,9.144825162366033e-05,9.55398500082083e-05,7.224541604955448e-07,0.04830707609653473,9.144825162366033e-05,8.635804988443851e-05,1.9417504404373176e-07,8.835509652271867e-05,1.3801395652990323e-06,0.0001918803754961118,0.00028880036506961915,0.00028880036506961915,0.00017999752319042273,0
34400,8.743642683839425e-05,9.030499495565891e-05,1.0832418411155231e-06,0.047654882073402405,8.743642683839425e-05,7.774453843012452e-05,7.106185648808605e-07,2.439679519739002e-05,1.3670246516994666e-06,0.00019085787062067538,0.00028252989022803376,0.00028252989022803376,0.00011254384060066513,0
34600,8.808790880721062e-05,9.177077299682423e-05,2.3459599560737843e-06,0.045026473701000214,8.808790880721062e-05,7.238265970954672e-05,9.977434274333064e-07,1.379814693791559e-05,1.4064113429412828e-06,0.00019316351972520351,0.00028634070406496903,0.00028634070406496903,0.00010288379917255952,0
34800,9.415938257006928e-05,9.567781671648845e-05,3.065368582610972e-05,0.044833704829216,9.415938257006928e-05,6.687310815323144e-05,3.64930230034588e-07,1.5698733477620408e-05,1.4050361869522021e-06,0.00018942344468086958,0.00028650629758431023,0.00028650629758431023,0.00011022304627772428,0
35000,0.00011707152589224279,0.00011870366870425642,2.0189743736409582e-05,0.04279518499970436,0.00011707152589224279,9.371530177304521e-05,2.8783549055333424e-07,1.4754336007172242e-05,1.5092289231688483e-06,0.00019556433835532516,0.0003157772359827504,0.0003157772359827504,0.00013211369738996837,0
35200,0.00010653764911694452,0.00011170788638992235,1.2633961432584329e-06,0.04661121591925621,0.00010653764911694452,0.00010894444858422503,5.323507252796844e-07,1.639020410948433e-05,1.43271222441399e-06,0.00019076108583249152,0.00030390168444682786,0.00030390168444682786,0.00012346020395170854,0
35400,8.985020394902676e-05,9.433142986381426e-05,2.413487209196319e-06,0.05239328742027283,8.985020394902676e-05,7.724183524260297e-05,2.494992372703564e-07,1.5200665984593797e-05,1.343798658126616e-06,0.0001839007018133998,0.00027957593033534067,0.00027957593033534067,0.00010530036917089092,0
35600,8.527985482942313e-05,8.85305562405847e-05,7.131992788345087e-06,0.04366353154182434,8.527985482942313e-05,6.776378722861409e-05,6.569456445504329e-07,2.0990495613659732e-05,1.3548806236940436e-06,0.00018657335021998733,0.0002764587870842661,0.0002764587870842661,0.0001069272960876333,1
35800,9.027258784044534e-05,9.418234549229965e-05,3.5955251860286808e-06,0.04596436768770218,9.027258784044534e-05,8.051602344494313e-05,1.1085355708928546e-06,1.2746949323627632e-05,1.384636789225624e-06,0.00018917374836746603,0.0002847407306489913,0.0002847407306489913,0.00010412807273496583,0
36000,8.636838174425066e-05,9.011167276185006e-05,5.430163582786918e-06,0.04828858748078346,8.636838174425066e-05,7.499646017095074e-05,3.428329193866375e-07,2.2630480088992044e-05,1.3673981129613821e-06,0.00019026707741431892,0.00028174614828913036,0.00028174614828913036,0.00010934169475262934,0
36200,8.536103268852457e-05,8.90759183675982e-05,1.971273377421312e-06,0.049379244446754456,8.536103268852457e-05,7.504062523366883e-05,4.968742359778844e-07,2.1910303985350765e-05,1.3398697547017946e-06,0.00018760499369818717,0.00027802078182048717,0.00027802078182048717,0.00010776821090985322,0
36400,9.50922621996142e-05,9.515370038570836e-05,3.026734702871181e-06,0.049707721918821335,9.50922621996142e-05,8.189645450329408e-05,8.778426376920834e-07,4.026570240966976e-05,1.3777623735222733e-06,0.00018673346494324505,0.0002832649277024757,0.0002832649277024757,0.00013623580724697604,0
36600,0.00012399983825162053,0.000125980528537184,7.761982851661742e-05,0.05752233788371086,0.00012399983825162053,0.00014877533249091357,5.630100758935441e-07,0.0001545978884678334,1.4031211321707815e-06,0.00021321169333532453,0.0003405953430046793,0.0003405953430046793,0.0002791607367953475,0
36800,8.657859871163964e-05,8.974508091341704e-05,2.5518384063616395e-06,0.048299312591552734,8.657859871163964e-05,7.19282979844138e-05,1.4437960089708213e-06,1.299247560382355e-05,1.342952828053967e-06,0.00018578744493424892,0.00027687547867571993,0.00027687547867571993,0.00010101487032443401,0
37000,9.013280941871926e-05,9.525254426989704e-05,3.956432919949293e-06,0.049037422984838486,9.013280941871926e-05,8.310556586366147e-05,1.8011826341535198e-06,2.881437467294745e-05,1.3682621329280664e-06,0.0001882575306808576,0.0002848783370836827,0.0002848783370836827,0.00012074836672582023,0
37200,8.651961979921907e-05,9.074617992155254e-05,9.662580850999802e-06,0.0508175864815712,8.651961979921907e-05,7.388121593976393e-05,2.1726650345499365e-07,2.0935585780534893e-05,1.369107621940202e-06,0.0001876926835393533,0.00027980797108284605,0.00027980797108284605,0.00010767247208320896,0
37400,9.608850086806342e-05,9.737719665281475e-05,9.952211257768795e-06,0.04628034308552742,9.608850086806342e-05,8.408985013375059e-05,2.5676746417957474e-07,1.2704516848316416e-05,1.3778632137473323e-06,0.00018640744383446872,0.0002851625037010308,0.0002851625037010308,0.00010904978518055941,0
37600,0.0001193345888168551,0.00012011802027700469,5.055950168753043e-06,0.04831726476550102,0.0001193345888168551,0.0001103815229726024,7.987391654751264e-07,3.973659113398753e-05,1.503416569903493e-06,0.00019262521527707577,0.00031424665212398395,0.00031424665212398395,0.00015986991911631776,0
37800,8.816066838335246e-05,9.236646292265505e-05,1.4655637642135844e-05,0.0472659207880497,8.816066838335246e-05,7.911871216492727e-05,7.531743335675856e-07,1.1121561328764074e-05,1.3828536111759604e-06,0.00019064544176217169,0.0002843947582960027,0.0002843947582960027,0.00010003540404568412,0
38000,0.00010848678357433528,0.00011306473606964573,9.756071449373849e-06,0.04885760694742203,0.00010848678357433528,9.388017497258261e-05,2.7526763801688503e-07,1.1518360224727076e-05,1.4764639217901276e-06,0.00018683532834984362,0.0003013765283412795,0.0003013765283412795,0.00012028041143707924,0
38200,8.658284787088633e-05,9.075018897419795e-05,1.0513458619243465e-06,0.05248474329710007,8.658284787088633e-05,8.103030995698646e-05,3.431613890825247e-07,1.3987220881972462e-05,1.313560801463609e-06,0.00018445646855980158,0.00027652021833546314,0.00027652021833546314,0.00010091323014194131,0
38400,0.0001469466951675713,0.0001445767848053947,8.562678885937203e-06,0.04949396476149559,0.0001469466951675713,0.00012756932119373232,3.4882174304584623e-07,1.1311271009617485e-05,1.5923820910757058e-06,0.00018778789672069252,0.00033395706361716293,0.00033395706361716293,0.00015860678792023464,0
38600,9.692626190371811e-05,9.870598296402022e-05,4.521121081779711e-05,0.04312386363744736,9.692626190371811e-05,6.572219717781991e-05,2.473032338912162e-07,0.00010776711133075878,1.4825566267973045e-06,0.00019600447558332235,0.0002961930151741399,0.0002961930151741399,0.0002049406764683681,0
38800,0.00014337300672195852,0.00015007467300165445,3.3894716580107342e-06,0.052556149661540985,0.00014337300672195852,0.00019471702398732305,1.0061727380161756e-06,1.7151125575765036e-05,1.5528474932580139e-06,0.00018729396106209606,0.0003389214815570085,0.0003389214815570085,0.00016153030503573973,0
39000,9.274845797335729e-05,9.51079127844423e-05,1.5910980437183753e-05,0.046281032264232635,9.274845797335729e-05,7.084995741024613e-05,7.247497819662385e-07,0.00015330774476751685,1.4187355645844946e-06,0.0001923394447658211,0.0002888660931148479,0.0002888660931148479,0.0002467809525228404,0
39200,9.626970859244466e-05,9.795907681109384e-05,1.74354063346982e-05,0.048734065145254135,9.626970859244466e-05,8.485965372528881e-05,2.6866291591431946e-07,1.6127598428283818e-05,1.3617132026411127e-06,0.0001839606266003102,0.00028328141661404516,0.00028328141661404516,0.0001126659699366428,0
39400,8.731822163099423e-05,9.167228563455865e-05,3.645180186140351e-06,0.05184756964445114,8.731822163099423e-05,7.624791760463268e-05,3.9701225773569604e-07,1.9835792045341805e-05,1.35473260343133e-06,0.00019163016986567527,0.00028465718810366525,0.00028465718810366525,0.00010755102593407173,0
39600,9.356783266412094e-05,9.90181797533296e-05,1.2956360478710849e-05,0.04766930639743805,9.356783266412094e-05,6.883611786179245e-05,3.5196183034713613e-07,3.530423418851569e-05,1.4354001223182422e-06,0.00019130855798721313,0.000291762137862861,0.000291762137862861,0.00012922402868298377,0
39800,9.086818317882717e-05,9.513035911368206e-05,1.7959284832613776e-06,0.05307464301586151,9.086818317882717e-05,7.200065010692924e-05,8.078072823991533e-07,1.3111433872836642e-05,1.398477593284042e-06,0.00018714542966336012,0.0002836742663703262,0.0002836742663703262,0.00010478742433406296,0
40000,9.308291919296607e-05,9.577067976351827e-05,1.3173757906770334e-05,0.04835411161184311,9.308291919296607e-05,7.098823698470369e-05,4.468824954528827e-07,1.6583542674197815e-05,1.416711484125699e-06,0.00019111661822535098,0.00028830400947299495,0.00028830400947299495,0.00011011334436261677,0
40200,8.458873344352469e-05,8.645343041280285e-05,1.3055268027528655e-05,0.04897134378552437,8.458873344352469e-05,6.683216633973643e-05,6.094466016293154e-07,1.34798929138924e-05,1.3530184332921635e-06,0.00018635210290085524,0.00027415855174695025,0.00027415855174695025,9.86780729590464e-05,1
40400,8.618625724921003e-05,8.888655429473147e-05,8.544709089619573e-06,0.04897638037800789,8.618625724921003e-05,7.134993211366236e-05,1.3320831158125657e-06,3.2689335057511926e-05,1.372070869365416e-06,0.00018901268776971847,0.00027927131293381535,0.00027927131293381535,0.00012020767542253452,0
40600,9.746042633196339e-05,9.66797088040039e-05,6.013091820022964e-07,0.052325621247291565,9.746042633196339e-05,8.382506348425522e-05,2.795445368519722e-07,1.1187153177161235e-05,1.441662334400462e-06,0.00019184996199328452,0.0002899713331316889,0.0002899713331316889,0.0001089271240459766,0
40800,8.440937381237745e-05,8.683504711370915e-05,6.5621034082141705e-06,0.051944173872470856,8.440937381237745e-05,7.572049798909575e-05,1.0484147878742078e-06,1.772629184415564e-05,1.306499484599044e-06,0.00018253801681566983,0.00027067956341397803,0.00027067956341397803,0.0001031840804444073,1
41000,0.00011159924179082736,0.00011602099402807653,1.1018761369996355e-06,0.05525737628340721,0.00011159924179082736,0.00013066441169939935,3.4916359936687513e-07,5.2383780712261796e-05,1.4038108702152385e-06,0.0001863883953774348,0.00030381320027572656,0.00030381320027572656,0.00016433218610245603,0
41200,8.52668599691242e-05,8.989783236756921e-05,5.860968030901859e-06,0.05060124769806862,8.52668599691242e-05,7.468277908628806e-05,2.0082364926565788e-07,1.407170930178836e-05,1.333044338025502e-06,0.0001846492086770013,0.000275880085382596,0.000275880085382596,9.953939292017822e-05,0
41400,8.391863229917362e-05,8.704701031092554e-05,5.698077984561678e-06,0.051204901188611984,8.391863229917362e-05,7.204368012025952e-05,4.11136142020041e-07,5.3249328630045056e-05,1.3450787719193613e-06,0.0001859984186012298,0.0002743905076840747,0.0002743905076840747,0.00013757909707123872,0
41600,8.655049896333367e-05,9.161351044895127e-05,7.290609119081637e-06,0.05077703669667244,8.655049896333367e-05,7.134082989068702e-05,3.0779671078562387e-07,0.0001493977615609765,1.354571281808603e-06,0.00018659458146430552,0.0002795626631950654,0.0002795626631950654,0.0002362560572350958,0
41800,8.769353007664904e-05,9.100075112655759e-05,1.270329812541604e-05,0.049003489315509796,8.769353007664904e-05,7.154039485612884e-05,4.622843619017658e-07,4.590299795381725e-05,1.3571161616710015e-06,0.00018678451306186616,0.00027914238035009475,0.00027914238035009475,0.00013405881239236805,0
42000,8.931192132877186e-05,9.110083192354068e-05,1.4962601198931225e-05,0.04714097082614899,8.931192132877186e-05,6.533649866469204e-05,4.46800697773142e-07,1.5191603779385332e-05,1.4280144569056574e-06,0.00019059106125496328,0.0002831199076354096,0.0002831199076354096,0.00010495032580593033,0
42200,8.568644989281893e-05,9.088941442314535e-05,1.466168396291323e-05,0.051624495536088943,8.568644989281893e-05,7.33450215193443e-05,1.091326225832745e-06,1.5854531739023514e-05,1.3481336509357789e-06,0.0001873315341072157,0.00027956908218129684,0.00027956908218129684,0.00010263230785767519,0
42400,8.49414718686603e-05,8.806877303868532e-05,7.984420335560571e-06,0.04948412999510765,8.49414718686603e-05,6.901808228576556e-05,1.8093973608301894e-07,1.1216168786631897e-05,1.353332663711626e-06,0.00018705843831412494,0.0002764805440165219,0.0002764805440165219,9.633858039137522e-05,0
42600,9.059778676601127e-05,9.284314728574827e-05,5.808315108879469e-06,0.049804940819740295,9.059778676601127e-05,8.054875797824934e-05,5.882244522581459e-07,7.60121620260179e-05,1.3828669125359738e-06,0.00019032797717954963,0.0002845539913778339,0.0002845539913778339,0.00016719817324428732,0
42800,8.90424198587425e-05,9.247228445019573e-05,2.413859192529344e-06,0.05392787605524063,8.90424198587425e-05,8.60796426422894e-05,3.7243268025122234e-07,9.947983198799193e-05,1.320174192187551e-06,0.00018707948038354516,0.00028087193902592844,0.00028087193902592844,0.00018889468452698566,0
43000,8.600018918514252e-05,8.809972496237606e-05,9.944797966454644e-06,0.050984397530555725,8.600018918514252e-05,6.675498298136517e-05,3.145718778796436e-07,0.0001541551755508408,1.3479699418894597e-06,0.00018508236098568887,0.0002745300558899544,0.0002745300558899544,0.00024046993661386296,0
43200,8.253868145402521e-05,8.452416659565642e-05,5.300845714373281e-06,0.052559640258550644,8.253868145402521e-05,6.77493735565804e-05,1.2627648402485647e-06,1.3225113434600644e-05,1.3166766166250454e-06,0.00018139361054636538,0.00026723445375864685,0.00026723445375864685,9.702655972887442e-05,1
43400,0.00010114433825947344,0.00010204197315033525,1.778917430783622e-05,0.04834941029548645,0.00010114433825947344,8.701140177436173e-05,2.3838057927605405e-07,4.972193346475251e-05,1.41419707233581e-06,0.00018727939459495246,0.0002907355648176235,0.0002907355648176235,0.000151104652303502,0
43600,8.58428466017358e-05,9.012613008962944e-05,1.1007658031303436e-05,0.049700964242219925,8.58428466017358e-05,7.897881005192176e-05,1.4050417007638316e-07,7.839344470994547e-05,1.351665673610114e-06,0.0001862143981270492,0.00027769219389028876,0.00027769219389028876,0.00016437679548175765,0
43800,8.341961802216247e-05,8.576033724239096e-05,7.984001967997756e-06,0.04881105199456215,8.341961802216247e-05,7.100529182935134e-05,5.632569468616566e-07,1.505712225480238e-05,1.3172559647500748e-06,0.00018258985073771328,0.0002696674439448543,0.0002696674439448543,9.90399972238265e-05,0
44000,8.922643610276282e-05,9.119662718148902e-05,1.9373645045561716e-05,0.05032007023692131,8.922643610276282e-05,7.243244181154296e-05,2.539474905915995e-07,0.00018728400755207986,1.3864971606381005e-06,0.00018767977599054575,0.00028026290033267287,0.00028026290033267287,0.0002767643911454343,0
44200,0.00010017492604674771,9.972067346097901e-05,5.701633199350908e-06,0.04781965911388397,0.00010017492604674771,9.283722465625033e-05,1.8365282983268116e-07,0.000157394606503658,1.4347203887155047e-06,0.0001885173551272601,0.0002896727489769546,0.0002896727489769546,0.0002577531853802384,0
44400,0.00011765304952859879,0.00011595356772886589,3.162421489832923e-05,0.06023334339261055,0.00011765304952859879,0.00013398016744758934,3.0085988100836403e-07,0.00015248858835548162,1.3727794794249348e-06,0.00019762880401685834,0.00031495515122514917,0.00031495515122514917,0.0002704424977650888,0
44600,8.409328438574448e-05,8.816700574243441e-05,8.425248779531103e-06,0.05246013402938843,8.409328438574448e-05,7.564558472950011e-05,1.6469114427763998e-07,4.893765799351968e-05,1.3163230505597312e-06,0.0001834299328038469,0.00027291326159684104,0.00027291326159684104,0.0001331956335235418,0
44800,0.0001034619563142769,0.00010387900692876428,1.3085438695270568e-05,0.04731814190745354,0.0001034619563142769,9.295272320741788e-05,3.0488197921840765e-07,1.7060874597518705e-05,1.4483962331723887e-06,0.00018778970115818083,0.0002931171043201175,0.0002931171043201175,0.00012082771289101402,0
45000,8.823673852020875e-05,9.096298163058236e-05,1.1849592738144565e-06,0.053326044231653214,8.823673852020875e-05,7.916101458249614e-05,5.485695169227256e-07,2.9655213438672945e-05,1.355528183921706e-06,0.00018853219808079302,0.0002808507078952971,0.0002808507078952971,0.00011844052147580442,0
45200,0.00014691433170810342,0.00015560291649308056,2.1735224436270073e-05,0.05186261981725693,0.00014691433170810342,0.00018220646597910672,6.172745656840561e-07,2.705946462810971e-05,1.5825635273358785e-06,0.00018610479310154915,0.0003432902731219656,0.0003432902731219656,0.00017459107090189718,0
45400,0.00010094925528392196,0.0001071045408025384,2.6002688173321076e-05,0.04223955050110817,0.00010094925528392196,6.788420432712883e-05,1.8695007497626648e-07,4.9256243073614314e-05,1.4808423429713002e-06,0.00019068768597207963,0.00029927306911758933,0.00029927306911758933,0.00015039244843251254,0
45600,0.00012237294868100435,0.00012625570525415242,9.885153849609196e-05,0.042618848383426666,0.00012237294868100435,7.430605182889849e-05,1.6118599432957126e-06,4.117585194762796e-05,1.5542758546871482e-06,0.00020417611813172698,0.00033198609924056655,0.00033198609924056655,0.00016516066057192802,0
45800,0.00010667807509889826,0.000106332081486471,1.7827129340730608e-05,0.045449599623680115,0.00010667807509889826,0.00010462958016432822,2.821719533585565e-07,2.0553823560476303e-05,1.4361675084728631e-06,0.0001881826319731772,0.00029595088096812106,0.00029595088096812106,0.00012751407061273312,0
46000,9.985458746086806e-05,0.00010445013322168961,7.289427230716683e-07,0.05431180074810982,9.985458746086806e-05,9.91303677437827e-05,8.788551895122509e-07,6.475971167674288e-05,1.391564524055866e-06,0.00018462873413227499,0.00029047043187802046,0.00029047043187802046,0.0001654931543271232,0
46200,8.740663179196417e-05,9.004946332424879e-05,6.965974534978159e-06,0.04986882954835892,8.740663179196417e-05,7.802979234838858e-05,7.652660087842378e-07,2.0813411538256332e-05,1.3511287306755548e-06,0.0001883728546090424,0.00027977344666396675,0.00027977344666396675,0.00010898530933900474,0
46400,0.00012001787399640307,0.00012003529991488904,7.650204679521266e-06,0.051169440150260925,0.00012001787399640307,0.0001013422806863673,5.904203135287389e-07,3.818791810772382e-05,1.4684716234114603e-06,0.0001845353253884241,0.0003060390969267246,0.0003060390969267246,0.00015879621241765562,0
46600,8.681631152285263e-05,9.02786705410108e-05,1.7097074760386022e-06,0.05501428619027138,8.681631152285263e-05,8.196001726901159e-05,1.0973013786497177e-06,4.3939475290244445e-05,1.326727897321689e-06,0.0001818927121348679,0.0002734981105732004,0.0002734981105732004,0.0001318530881917468,0
46800,8.473644993500784e-05,8.738666656427085e-05,1.4436458513955586e-05,0.05053208768367767,8.473644993500784e-05,7.020804332569242e-05,1.7979704125536955e-07,3.402142465347424e-05,1.333956220150867e-06,0.00018404977163299918,0.0002727703944174209,0.0002727703944174209,0.00011893767162973745,0
47000,8.603761671110988e-05,9.064631012734026e-05,1.0713520168792456e-05,0.049260273575782776,8.603761671110988e-05,7.857377204345539e-05,2.204902216362825e-07,2.2939049813430756e-05,1.3539340670831734e-06,0.00018646819808054715,0.0002784684422749706,0.0002784684422749706,0.00010919715674617692,0
47200,0.00010263832518830895,0.00010846311488421634,4.24698873757734e-06,0.058735333383083344,0.00010263832518830895,0.0001235107338288799,2.2282685563368432e-07,2.0948222299921326e-05,1.357936753265676e-06,0.00018750698654912412,0.00029732803818660614,0.00029732803818660614,0.00012380937434386396,0
47400,8.585934847360477e-05,9.050997323356569e-05,8.052332304941956e-06,0.05262058600783348,8.585934847360477e-05,7.651419582543895e-05,1.9684816265908012e-07,1.2065042028552853e-05,1.3421625908449641e-06,0.00018434466619510204,0.0002761968020195127,0.0002761968020195127,9.81212386648167e-05,0
47600,9.728204895509407e-05,9.718866203911602e-05,5.981722779324627e-07,0.05183223634958267,9.728204895509407e-05,9.54600254772231e-05,3.2047341846919153e-07,0.000105481747596059,1.3900889825890772e-06,0.00018876304966397583,0.00028734180068568094,0.00028734180068568094,0.00020308426996962226,0
47800,9.095791028812528e-05,9.73246424109675e-05,1.2611401871254202e-05,0.04958093911409378,9.095791028812528e-05,8.078794053290039e-05,5.339155677575036e-07,2.3925653295009397e-05,1.3845892681274563e-06,0.00018800102407112718,0.00028671025575022213,0.00028671025575022213,0.00011541747915089218,0
48000,8.412767783738673e-05,8.737749885767698e-05,1.2080308806616813e-05,0.04931236058473587,8.412767783738673e-05,7.454368460457772e-05,6.687985774078697e-07,1.2351488294370938e-05,1.34690560571471e-06,0.00018606454250402749,0.0002747889469674192,0.0002747889469674192,9.714796470916554e-05,0
48200,8.366631664102897e-05,8.694396092323586e-05,1.0888478755077813e-05,0.048164691776037216,8.366631664102897e-05,7.469009142369032e-05,2.42583041654143e-07,9.232050797436386e-05,1.3202927675592946e-06,0.00018362961418461055,0.0002718938678754057,0.0002718938678754057,0.00017622940765704698,0
48400,8.35068931337446e-05,8.63174645928666e-05,1.1588835150178056e-05,0.051579300314188004,8.35068931337446e-05,7.004984217928723e-05,7.486398203582212e-07,3.5558565286919475e-05,1.3479568679031217e-06,0.00018500977603252977,0.0002726751974932995,0.0002726751974932995,0.00011981409824102229,0
48600,0.0002065828739432618,0.0002075993688777089,0.00014601183647755533,0.024859875440597534,0.0002065828739432618,0.00012400058039929718,1.0361741260567214e-06,5.368112033465877e-05,1.9730198346223915e-06,0.00021967398060951382,0.0004292463693218451,0.0004292463693218451,0.0002613001684039773,0
48800,8.19139604573138e-05,8.482460543746129e-05,2.5334938982268795e-06,0.052073873579502106,8.19139604573138e-05,7.60499169700779e-05,1.5234712691380992e-07,1.5367500964202918e-05,1.2706120742222993e-06,0.00017793841834645718,0.00026403363585814077,0.00026403363585814077,9.743380854843053e-05,1
49000,8.814116881694645e-05,9.30127062019892e-05,1.320276282967825e-06,0.049541134387254715,8.814116881694645e-05,8.289418474305421e-05,6.316620897450775e-07,9.815816156333312e-05,1.3451322047330905e-06,0.00018444543820805848,0.00027880327661478077,0.00027880327661478077,0.00018693099247002465,0
49200,9.947255603037775e-05,0.00010055233724415302,1.9735354726435617e-05,0.04630718380212784,9.947255603037775e-05,9.36393698793836e-05,9.007737844513031e-07,1.4258982446335722e-05,1.354799223918235e-06,0.00018199399346485734,0.0002839011299329286,0.0002839011299329286,0.00011463231226116477,0
49400,0.00012804963625967503,0.00012668232375290245,1.6396828868892044e-05,0.04797591269016266,0.00012804963625967503,0.00013167412544135004,8.450818995697773e-07,2.148571002180688e-05,1.4994161574577447e-06,0.0001846213999669999,0.0003128031398773601,0.0003128031398773601,0.00015038042818105168,0
49600,8.343539229827002e-05,8.565236203139648e-05,3.559917104212218e-06,0.05039351060986519,8.343539229827002e-05,7.29608946130611e-05,1.8464081108504615e-07,1.3983906683279201e-05,1.3260635114420438e-06,0.00018315337365493178,0.0002701317991977703,0.0002701317991977703,9.760393979263426e-05,0
49800,0.000139856812893413,0.00014507019659504294,0.0001333309046458453,0.06717110425233841,0.000139856812893413,0.00015494273975491524,8.453417876808089e-07,6.920519808772951e-05,1.473641418670013e-06,0.00022601241653319448,0.00037255625454690744,0.00037255625454690744,0.00020990735276882333,0
50000,8.462538971798494e-05,8.671394607517868e-05,9.249583854398225e-06,0.051261551678180695,8.462538971798494e-05,7.71597187849693e-05,1.723582272461499e-07,2.318592305528e-05,1.31867579966638e-06,0.00018241777434013784,0.0002704503962149829,0.0002704503962149829,0.0001079836710005111,0
50200,8.660221647005528e-05,8.80591687746346e-05,3.5644751505969907e-07,0.05003608390688896,8.660221647005528e-05,8.051787153817713e-05,1.7326415502338932e-07,2.6707086362875998e-05,1.3444298474496463e-06,0.00018716405611485243,0.0002765676547369367,0.0002765676547369367,0.00011348256698795467,0
50400,9.45291540119797e-05,9.389378828927875e-05,4.866384983870375e-07,0.05344533547759056,9.45291540119797e-05,8.967956091510132e-05,2.1743896638781735e-07,1.2951136341143865e-05,1.3339624729269417e-06,0.00018099922453984618,0.00027622697530205187,0.00027622697530205187,0.00010769772931951138,0
50600,9.273071918869391e-05,9.511086682323366e-05,2.6334996618970763e-06,0.04879559949040413,9.273071918869391e-05,9.611331188352779e-05,3.3861269344015454e-07,8.163047459674999e-05,1.3383493069341057e-06,0.00018476223340258002,0.0002812114495327478,0.0002812114495327478,0.00017469980647888406,0
50800,8.537239045836031e-05,9.054630936589092e-05,7.366532372543588e-06,0.05162029340863228,8.537239045836031e-05,8.429454464931041e-05,1.3484751661962946e-06,1.3431716070044786e-05,1.2999307728023268e-06,0.00017935497453436255,0.0002712012146730558,0.0002712012146730558,0.0001001525816946014,0
51000,0.00011604192695813254,0.00011742836068151519,6.201390351634473e-05,0.044042784720659256,0.00011604192695813254,9.766029688762501e-05,2.64299757191111e-07,0.00012404729204718024,1.479478896726505e-06,0.00019224309653509408,0.0003111509361133358,0.0003111509361133358,0.00024035351876250388,0
51200,0.00010467859101481736,0.00010665965237421915,2.64855261775665e-05,0.047065068036317825,0.00010467859101481736,9.483097528573126e-05,2.9239245691314864e-07,0.00010207812738372013,1.390361830999609e-06,0.00018443461158312857,0.00029248462578834733,0.00029248462578834733,0.00020704911085545064,0
51400,9.226951078744605e-05,9.195238817483187e-05,6.710499746986898e-06,0.049010857939720154,9.226951078744605e-05,8.434517803834751e-05,2.2707610014549573e-07,3.101353286183439e-05,1.3590852177003399e-06,0.00018351156904827803,0.00027682304244081024,0.00027682304244081024,0.00012351011974942594,0
51600,0.00010272021609125659,0.00010846823715837672,3.009968168043997e-05,0.06087154150009155,0.00010272021609125659,0.00010777357965707779,3.1078349138624617e-07,0.00015015338431112468,1.3382220913626952e-06,0.00019405363127589226,0.0003038600905256317,0.0003038600905256317,0.0002531843838937675,0
51800,8.630075171822682e-05,9.224140376318246e-05,3.975215349782957e-06,0.04947507381439209,8.630075171822682e-05,8.875108323991299e-05,7.354798299274989e-07,1.2573955245898105e-05,1.3070837212580955e-06,0.00018276306218467653,0.0002763115496691171,0.0002763115496691171,9.961018679405242e-05,0
52000,8.961315324995667e-05,9.027720079757273e-05,6.809334536228562e-07,0.05409524589776993,8.961315324995667e-05,9.578630124451593e-05,1.1240750836805091e-06,9.414351370651275e-05,1.3053129350737436e-06,0.00018336003995500505,0.0002749425536876515,0.0002749425536876515,0.00018488074204014993,0
52200,0.00017178519919980317,0.00016888018581084907,2.326750473002903e-05,0.04419534653425217,0.00017178519919980317,0.00017252615361940116,5.367070343709202e-07,6.977979501243681e-05,1.6961535038717557e-06,0.00018952347454614937,0.0003600998138608702,0.0003600998138608702,0.0002421017012466109,0
52400,8.396847260883078e-05,8.666254143463448e-05,4.500174782151589e-06,0.04930313304066658,8.396847260883078e-05,7.575767813250422e-05,1.6423655324615538e-07,3.21921324939467e-05,1.344729753327556e-06,0.00018589012324810028,0.0002738973944360623,0.0002738973944360623,0.00011632484165602364,0
52600,0.00011266613728366792,0.00011736123269656673,1.2743769730150234e-05,0.05775412917137146,0.00011266613728366792,0.00012168334069428965,7.277768077074143e-07,4.4947828428121284e-05,1.3770652458333643e-06,0.00018664107483346015,0.00030537937277586025,0.00030537937277586025,0.00015834174251949662,0
52800,8.4891558799427e-05,8.93828910193406e-05,3.337117959745228e-05,0.04600315913558006,8.4891558799427e-05,7.703364826738834e-05,4.6451435764538473e-07,4.3608310079434887e-05,1.3325495729077375e-06,0.00018675885803531855,0.0002774742986275669,0.0002774742986275669,0.00012896438323650727,0
53000,8.457803050987422e-05,8.692923438502476e-05,1.1642385288723744e-05,0.047619618475437164,8.457803050987422e-05,8.083072316367179e-05,2.3623977085662773e-07,1.525940933788661e-05,1.3192869801059715e-06,0.00018385470320936292,0.00027210322457449365,0.00027210322457449365,0.00010007367961861746,0
53200,8.893936319509521e-05,9.023326856549829e-05,1.0271270184603054e-05,0.04750944301486015,8.893936319509521e-05,8.27601834316738e-05,2.5390426117155585e-07,3.313845081720501e-05,1.3429672662823577e-06,0.00018349962192587554,0.0002750758577576562,0.0002750758577576562,0.00012233171827347178,0
53400,8.36109829833731e-05,8.774702291702852e-05,2.3424147457262734e-06,0.051067911088466644,8.36109829833731e-05,8.605207403888926e-05,1.812272358847622e-07,0.00016294061788357794,1.2834919971282943e-06,0.00018108887888956815,0.00027011939380372496,0.00027011939380372496,0.0002467328281028358,0
53600,0.00015809973410796374,0.00017015577759593725,1.1666286354738986e-06,0.050974100828170776,0.00015809973410796374,0.0001644264266360551,8.220914651246858e-07,4.2408461013110355e-05,1.6096747685878654e-06,0.0001829106913646683,0.00035467614372919343,0.00035467614372919343,0.00020133028658619878,0
53800,9.809701441554353e-05,0.00010035032755695283,2.0654277250287123e-05,0.04710749536752701,9.809701441554353e-05,9.46118452702649e-05,2.2862153059577395e-07,3.001541699632071e-05,1.3710019857171574e-06,0.00018321751849725842,0.0002849388480399284,0.0002849388480399284,0.00012834105294246,0
54000,8.409808651776984e-05,8.587374031776562e-05,2.2993881430011243e-05,0.04441924765706062,8.409808651776984e-05,7.429760444210842e-05,1.338280526397284e-07,1.5329205780290067e-05,1.3406081507127965e-06,0.00018410870688967407,0.0002713230553581525,0.0002713230553581525,9.956112035069964e-05,0
54200,9.864797902991995e-05,0.00010095181642100215,5.0030474085360765e-05,0.04366319254040718,9.864797902991995e-05,8.281142800115049e-05,9.897541985992575e-07,4.742370219901204e-05,1.3947334309705184e-06,0.00018838323012460023,0.0002907297799765729,0.0002907297799765729,0.00014706143542753125,0
54400,8.685290958965197e-05,8.896410145098343e-05,1.5132761291170027e-05,0.04249845817685127,8.685290958965197e-05,7.471917342627421e-05,1.09369364054146e-06,7.839980389690027e-05,1.3777308822682244e-06,0.00018786496366374195,0.0002782067959969936,0.0002782067959969936,0.0001663464071270937,0
54600,9.414360829396173e-05,9.73559872363694e-05,4.1168204916175455e-05,0.04499775916337967,9.414360829396173e-05,8.063872519414872e-05,1.747262672324723e-07,2.301307540619746e-05,1.3507064977602568e-06,0.00018610707775224,0.00028481377148636966,0.00028481377148636966,0.00011733140996739166,0
54800,9.762225090526044e-05,9.801170381251723e-05,1.7073523395083612e-06,0.047524772584438324,9.762225090526044e-05,0.0001010252017294988,2.148636326637643e-07,2.441804281261284e-05,1.348812361356977e-06,0.00018255040049552917,0.0002819109166694034,0.0002819109166694034,0.00012225515735053705,0
55000,9.908807987812907e-05,9.98109026113525e-05,2.505496195226442e-05,0.043530773371458054,9.908807987812907e-05,9.510705422144383e-05,2.550218880514876e-07,1.435307422070764e-05,1.3649308812091476e-06,0.00018451156211085618,0.0002856873956034178,0.0002856873956034178,0.00011369617598688819,0
55200,8.435426570940763e-05,8.59763749758713e-05,4.2911295849989983e-07,0.049583662301301956,8.435426570940763e-05,8.467183943139389e-05,1.6846631467615225e-07,7.368150545516983e-05,1.2850646271544974e-06,0.0001815297146094963,0.0002687911542125221,0.0002687911542125221,0.0001582042374792536,0
55400,8.420488302363083e-05,8.617337880423293e-05,1.0941948858089745e-05,0.047349389642477036,8.420488302363083e-05,7.69726830185391e-05,3.4496235912229167e-07,0.00010066570393973961,1.3173298611945938e-06,0.0001821296027628705,0.000269620311428298,0.000269620311428298,0.00018521554932249273,0
55600,8.40081338537857e-05,8.851763413986191e-05,3.980528617830714e-06,0.04614664986729622,8.40081338537857e-05,8.453086775261909e-05,4.3062894405920815e-07,1.4287223166320473e-05,1.293036007155024e-06,0.00018176679441239685,0.0002715774645594138,0.0002715774645594138,9.872598596416537e-05,0
55800,0.00011827918206108734,0.00012173719733254984,0.00016196210344787687,0.0355348065495491,0.00011827918206108734,8.082637941697612e-05,4.4984557234784006e-07,3.464272231212817e-05,1.5302126712413155e-06,0.00021390151232481003,0.0003371689223286012,0.0003371689223286012,0.00015337174994556335,0
56000,8.125208842102438e-05,8.380953659070656e-05,6.412939228539472e-07,0.050418272614479065,8.125208842102438e-05,7.887458923505619e-05,3.156133345783019e-07,5.035491631133482e-05,1.2622018630281673e-06,0.00017739816394168884,0.00026246990239542356,0.00026246990239542356,0.0001319226180669375,1
56200,8.301471098093316e-05,8.657269791001454e-05,1.539907430014864e-06,0.05131957307457924,8.301471098093316e-05,8.337760664289817e-05,2.958886966553109e-07,1.3049527296971064e-05,1.2953195209775004e-06,0.00018125225324183702,0.00026912027067282907,0.00026912027067282907,9.636012697455953e-05,0
56400,8.30262724775821e-05,8.729350520297885e-05,8.847226126817986e-06,0.04663434252142906,8.30262724775821e-05,8.156518742907792e-05,2.2121076881376212e-07,4.252420330885798e-05,1.2940556644025492e-06,0.00018109209486283362,0.000269679655730215,0.000269679655730215,0.00012577168655525384,0
56600,8.563292067265138e-05,9.035156108438969e-05,5.429244538390776e-06,0.04464453086256981,8.563292067265138e-05,8.502395212417468e-05,2.0518365317911957e-07,4.078628626302816e-05,1.2987920854357071e-06,0.00018150938558392227,0.00027315973875374766,0.00027315973875374766,0.00012662439058885866,0
56800,8.84912078618072e-05,9.04720727703534e-05,7.657819878659211e-06,0.0449080765247345,8.84912078618072e-05,8.640089072287083e-05,2.480674936577998e-07,1.2223427802382503e-05,1.348809064438683e-06,0.00018503573664929718,0.00027685661848408927,0.00027685661848408927,0.0001009627031578475,0
57000,8.522270218236372e-05,8.848559809848666e-05,1.4164118056214647e-06,0.04664991796016693,8.522270218236372e-05,8.431856986135244e-05,1.573597074866484e-07,1.3107037375448272e-05,1.3356648196349852e-06,0.0001860654156189412,0.00027588667853706283,0.00027588667853706283,9.848709926529864e-05,0
57200,8.486061415169388e-05,9.002029401017353e-05,1.2264689758012537e-05,0.04622744396328926,8.486061415169388e-05,8.259694004664198e-05,7.835350857021695e-07,2.826341733452864e-05,1.2790212622348918e-06,0.00017966379527933896,0.0002709631105517474,0.0002709631105517474,0.00011390756657192469,0
57400,8.251363033195958e-05,8.693816198501736e-05,3.79741459255456e-06,0.048032794147729874,8.251363033195958e-05,8.527076715836301e-05,1.9728284428310872e-07,8.009726298041642e-05,1.2664398809647537e-06,0.0001777899160515517,0.0002659945179175338,0.0002659945179175338,0.0001628081761566591,0
57600,8.295174484374002e-05,8.648163202451542e-05,8.491876542393584e-06,0.04582006856799126,8.295174484374002e-05,8.112416981020942e-05,1.9385720406717155e-07,0.00011102899588877335,1.2838372640544549e-06,0.00018026676843874156,0.00026803223772731144,0.00026803223772731144,0.00019417459793658054,0
57800,8.850792801240459e-05,8.885875286068767e-05,5.275329385767691e-06,0.046310022473335266,8.850792801240459e-05,8.99452788871713e-05,1.8986260386100184e-07,1.1394891771487892e-05,1.31073852571717e-06,0.00017954662325792015,0.000269716114644325,0.000269716114644325,0.00010009268238775348,0
58000,8.722685743123293e-05,9.120238973991945e-05,1.5550927855656482e-05,0.04281109198927879,8.722685743123293e-05,8.169344800990075e-05,9.81643552222522e-07,2.4749171643634327e-05,1.3442546560327173e-06,0.00018587974773254246,0.0002784263921284946,0.0002784263921284946,0.00011295767262708978,0
58200,8.194246038328856e-05,8.472295303363353e-05,2.815519110299647e-06,0.04835736006498337,8.194246038328856e-05,7.786944479448721e-05,1.8653334166174318e-07,1.9944294763263315e-05,1.2901183481517364e-06,0.00017987692262977362,0.0002658899940115589,0.0002658899940115589,0.00010207328848821362,0
58400,8.555705426260829e-05,9.254978795070201e-05,3.01201653201133e-05,0.044697344303131104,8.555705426260829e-05,8.593592065153643e-05,3.930644538741035e-07,1.6023335774661973e-05,1.2694092674792046e-06,0.00017649609071668237,0.0002703152879348636,0.0002703152879348636,0.00010197345449114437,0
58600,8.340661588590592e-05,8.682472252985463e-05,5.265422259981278e-06,0.04772277548909187,8.340661588590592e-05,8.299809996969998e-05,5.236808533481963e-07,1.3905000741942786e-05,1.253955133506679e-06,0.00017526690498925745,0.00026334558265261876,0.00026334558265261876,9.78352974811969e-05,0
58800,0.00012379625695757568,0.00012251806037966162,5.852377580595203e-05,0.05683394894003868,0.00012379625695757568,0.00014878272486384958,1.6672950096108252e-06,4.2871168261626735e-05,1.3543572094931733e-06,0.00020068109733983874,0.00032455351492899354,0.00032455351492899354,0.00016833472022881324,0
59000,8.507975871907547e-05,8.796381007414311e-05,2.1088859284645878e-05,0.04264098033308983,8.507975871907547e-05,8.25886454549618e-05,2.6221007942694996e-07,0.00014846229169052094,1.2964569577889051e-06,0.0001813609997043386,0.0002706212667362706,0.0002706212667362706,0.00023380426048902336,0
59200,9.056842100108042e-05,9.579728794051334e-05,6.3254451561078895e-06,0.04593217372894287,9.056842100108042e-05,0.00010275460226694122,1.7298813759225595e-07,1.6039546608226374e-05,1.303637191085727e-06,0.00018041984003502876,0.0002775207651666278,0.0002775207651666278,0.00010678095574689905,0
59400,8.736114978091791e-05,9.034764661919326e-05,2.4808405214571394e-06,0.04601183533668518,8.736114978091791e-05,8.277107554022223e-05,5.086112082608452e-07,1.3175567801226862e-05,1.3206497442297405e-06,0.0001805987994885072,0.0002722670958519302,0.0002722670958519302,0.00010104532879040562,0
59600,8.415574120590463e-05,8.720213372725993e-05,2.0918907921441132e-06,0.04985404759645462,8.415574120590463e-05,8.399240323342383e-05,1.9689986174853402e-07,1.7239055523532443e-05,1.2975942809134722e-06,0.0001803853374440223,0.0002688850654521957,0.0002688850654521957,0.00010159169659118561,0
59800,9.603275975678116e-05,0.00010068972915178165,2.6022224119515158e-05,0.04375014081597328,9.603275975678116e-05,0.00010283139272360131,2.0300338121614914e-07,7.639650721102953e-05,1.3876694993086858e-06,0.00018557804287411273,0.00028765544152520306,0.00028765544152520306,0.00017263227034902684,0
60000,9.10220987861976e-05,9.446647163713351e-05,7.000492132647196e-07,0.048889078199863434,9.10220987861976e-05,9.665208926890045e-05,1.7854557654573e-07,1.331742896582e-05,1.301946440435131e-06,0.00018120324239134789,0.0002769716604689165,0.0002769716604689165,0.00010451807332856333,0
60200,8.459442324237898e-05,8.733019058126956e-05,5.132490514370147e-06,0.0428551584482193,8.459442324237898e-05,8.191962842829525e-05,1.6480888120895543e-07,2.043333006440662e-05,1.292645606554288e-06,0.00017876560741569847,0.0002673884436035223,0.0002673884436035223,0.00010519256218799455,0
60400,8.326888200826943e-05,8.582239388488233e-05,4.4910098040418234e-07,0.04648204892873764,8.326888200826943e-05,8.669825183460489e-05,1.9331071143824374e-07,3.338546957820654e-05,1.2785028502548812e-06,0.0001789671805454418,0.000266068077280579,0.000266068077280579,0.00011684766229791421,0
60600,9.257726924261078e-05,9.768468589754775e-05,8.027050171222072e-07,0.04905255511403084,9.257726924261078e-05,0.00010591711179586127,4.5409262838802533e-07,1.659411282162182e-05,1.3164507208784926e-06,0.00018217606702819467,0.0002811772036466209,0.0002811772036466209,0.00010962547469262063,0
60800,9.146241791313514e-05,9.321313700638711e-05,1.5081318451848347e-05,0.04320286586880684,9.146241791313514e-05,8.741579222260043e-05,2.0092292629669828e-07,7.269917841767892e-05,1.3636722542287316e-06,0.00018446338071953505,0.0002790401899801509,0.0002790401899801509,0.00016436251925711076,0
61000,0.00011872541654156521,0.0001182446358143352,3.180119165335782e-05,0.03893887624144554,0.00011872541654156521,0.0001286273472942412,5.462349008666934e-07,1.9460872863419354e-05,1.452365154364088e-06,0.0001853530848165974,0.0003050500857852967,0.0003050500857852967,0.00013873252430585126,0
61200,8.306252857437357e-05,8.700662147020921e-05,1.051215258485172e-05,0.04347268491983414,8.306252857437357e-05,8.034765050979331e-05,3.068548437568097e-07,1.249331580766011e-05,1.2785799299308565e-06,0.0001789969828678295,0.00026728218426796957,0.00026728218426796957,9.586269922579049e-05,0
61400,0.00010080455103889108,0.00010447055683471262,5.753329605795443e-05,0.04285956546664238,0.00010080455103889108,7.77776658651419e-05,2.7023591542274517e-07,1.9906214220100082e-05,1.379195055051241e-06,0.0001883211953099817,0.00029417094719974557,0.00029417094719974557,0.0001209810011744139,0
61600,8.799778152024373e-05,9.253722237190232e-05,1.4565617902917438e-06,0.04746605455875397,8.799778152024373e-05,9.609063999960199e-05,1.6294835347707703e-07,5.202414104132913e-05,1.328150688095775e-06,0.0001839153264882043,0.0002777806995482024,0.0002777806995482024,0.00014018487091504994,0
61800,8.744302613195032e-05,8.883266127668321e-05,9.084982593776658e-06,0.04092865064740181,8.744302613195032e-05,8.681405597599223e-05,2.1226851742994768e-07,3.360075788805261e-05,1.3383730674831895e-06,0.00018369220197200775,0.00027386323631617415,0.00027386323631617415,0.00012125605253743288,0
62000,8.28933552838862e-05,8.56775077409111e-05,1.4810891116212588e-05,0.04346304386854172,8.28933552838862e-05,8.180873555829749e-05,1.8444026750330522e-07,2.1057376216049306e-05,1.2734109304801677e-06,0.0001792226976249367,0.00026617361629632796,0.00026617361629632796,0.0001041351717674388,0
62200,8.796297333901748e-05,8.803622768027708e-05,5.436415904114256e-07,0.04658694565296173,8.796297333901748e-05,9.208796836901456e-05,3.152545957618713e-07,1.3492684956872836e-05,1.3064445738564245e-06,0.00018130094395019114,0.00027064361620432464,0.00027064361620432464,0.00010177091289165219,0
62400,8.166719635482877e-05,8.508594328304753e-05,5.772906206402695e-06,0.04738852009177208,8.166719635482877e-05,8.535855158697814e-05,1.7711764144223707e-07,0.0001082313756342046,1.2384598448988982e-06,0.00017521389236208051,0.00026153829549002694,0.00026153829549002694,0.0001900756896304756,1
62600,8.4668819908984e-05,8.800016803434119e-05,1.1870616845044424e-06,0.04785975441336632,8.4668819908984e-05,8.838283974910155e-05,1.8066745610667567e-07,5.9505684475880116e-05,1.2517872391981655e-06,0.00017842408851720393,0.0002676760437907433,0.0002676760437907433,0.0001443551718409708,0
62800,8.552506915293634e-05,8.940142288338393e-05,4.818482011614833e-06,0.045515675097703934,8.552506915293634e-05,9.144272917183116e-05,1.771969380115479e-07,1.3855529687134549e-05,1.2913558293803362e-06,0.00018072169041261077,0.00027141446912537504,0.00027141446912537504,9.955779577808244e-05,0
63000,9.711637540021911e-05,9.857306577032432e-05,1.0283924893883523e-05,0.039947107434272766,9.711637540021911e-05,9.403941658092663e-05,1.8840685811483127e-07,5.57070852664765e-05,1.4194220057106577e-06,0.00018805138824973255,0.00028804387602576753,0.00028804387602576753,0.00015301186752481044,0
63200,8.81109299371019e-05,9.224274981534109e-05,2.5236218789359555e-05,0.038181185722351074,8.81109299371019e-05,8.323499059770256e-05,1.6530763957689487e-07,2.8905244107590988e-05,1.3146661785867764e-06,0.00018209961126558483,0.0002756570272595127,0.0002756570272595127,0.00011718148168426978,0
63400,8.332078868988901e-05,8.580893336329609e-05,3.2673051464371383e-06,0.04376506060361862,8.332078868988901e-05,8.298624743474647e-05,1.8731012119133084e-07,1.4870594895910472e-05,1.2977886854059761e-06,0.00018061042646877468,0.00026771714851747674,0.00026771714851747674,9.837869370699082e-05,0
63600,8.395328768528998e-05,8.735557639738545e-05,1.731884913169779e-05,0.04247790947556496,8.395328768528998e-05,7.863457722123712e-05,3.031083224414033e-07,0.00018192485731560737,1.3173162187740672e-06,0.00018236834148410708,0.0002710412341002666,0.0002710412341002666,0.00026618125332333875,0
63800,9.321136894868687e-05,9.376586240250617e-05,2.3934999262564816e-05,0.04131254181265831,9.321136894868687e-05,8.788309787632897e-05,3.5068958936790295e-07,1.4792551155551337e-05,1.337752905783418e-06,0.00018017370894085616,0.00027527732424914575,0.00027527732424914575,0.00010835460969360611,0
64000,8.745366358198225e-05,8.966155292000622e-05,6.678424142592121e-07,0.04697270691394806,8.745366358198225e-05,9.681367373559624e-05,7.130931294341281e-07,1.8333530533709563e-05,1.2793955193046713e-06,0.00018160232866648585,0.00027254327710579673,0.00027254327710579673,0.00010650028724512595,0
64200,9.543634951114655e-05,9.632635192247108e-05,3.6272715078666806e-05,0.039754219353199005,9.543634951114655e-05,8.751582208788022e-05,4.2071582129210583e-07,1.6924203009693883e-05,1.3555106761486968e-06,0.00018314222688786685,0.00028082408948648663,0.00028082408948648663,0.00011278126834213253,0
64400,8.723795326659456e-05,8.832386083668098e-05,1.5361911209765822e-05,0.041070349514484406,8.723795326659456e-05,8.520039409631863e-05,5.199406132305739e-07,8.173429523594677e-05,1.3228030866230256e-06,0.00017993091023527086,0.00026957757415857486,0.00026957757415857486,0.0001694921891157719,0
64600,9.399380360264331e-05,9.492450772086158e-05,6.717201813444262e-06,0.04391041398048401,9.399380360264331e-05,9.587463864590973e-05,2.80039785138797e-07,2.8207849027239718e-05,1.3472872524289414e-06,0.00018109592201653868,0.0002773677169898292,0.0002773677169898292,0.00012248169241502183,0
64800,8.739319309825078e-05,8.788832201389596e-05,2.8706501325359568e-05,0.04143500700592995,8.739319309825078e-05,8.482403791276738e-05,3.356441027335677e-07,7.2212285886053e-05,1.3079708196528372e-06,0.0001796587894205004,0.0002688550822540492,0.0002688550822540492,0.00015994112308703734,0
65000,8.276365406345576e-05,8.476184302708134e-05,9.076355240722478e-07,0.046300455927848816,8.276365406345576e-05,8.305150549858809e-05,3.8048514738875383e-07,1.7299767932854593e-05,1.2396631063893437e-06,0.00017318144091404974,0.00025918294704752043,0.00025918294704752043,0.00010044390714369911,1
65200,8.506006270181388e-05,8.740236080484465e-05,5.234297191236692e-07,0.04653925821185112,8.506006270181388e-05,8.814356988295913e-05,2.6558871013548924e-07,1.610534127394203e-05,1.2630778201128123e-06,0.0001756445417413488,0.00026430998036630626,0.00026430998036630626,0.0001014309926858914,0
65400,8.395675104111433e-05,8.611226076027378e-05,1.1250112947891466e-05,0.04224010184407234,8.395675104111433e-05,8.275407162727788e-05,1.049157958732394e-06,1.677456202742178e-05,1.3058512422503554e-06,0.00018084958719555289,0.000268267699198077,0.000268267699198077,0.0001017804710272685,0
65600,8.466809231322259e-05,8.679446182213724e-05,1.8255050235893577e-05,0.041128259152173996,8.466809231322259e-05,7.915926835266873e-05,1.9139464768613834e-07,1.738866740197409e-05,1.3007428378841723e-06,0.00018075015395879745,0.00026884535861881886,0.00026884535861881886,0.00010224815436288281,0
65800,8.508683094987646e-05,8.738940232433379e-05,3.088514688442956e-07,0.04648005962371826,8.508683094987646e-05,9.320480603491887e-05,2.1883602130401414e-07,1.2773175512847956e-05,1.2439294323485228e-06,0.000176725719938986,0.0002653590516956683,0.0002653590516956683,9.807884248402843e-05,0
66000,8.889733726391569e-05,9.378002869198099e-05,2.626948116812855e-06,0.046152062714099884,8.889733726391569e-05,9.589422552380711e-05,5.078030085314822e-07,1.5217323380056769e-05,1.285857024413417e-06,0.00017691886750981212,0.0002719847532262065,0.0002719847532262065,0.00010462246365250394,0
66200,9.839759877650067e-05,9.847607725532725e-05,1.0221020829703775e-06,0.047072697430849075,9.839759877650067e-05,0.00011836839985335246,7.953987051223521e-07,1.3117293747200165e-05,1.2604326684595435e-06,0.00017665320774540305,0.00027638971766918985,0.00027638971766918985,0.00011231029122882319,0
66400,8.243601769208908e-05,8.60500949784182e-05,5.4771985560364556e-06,0.045262109488248825,8.243601769208908e-05,8.840005466481671e-05,4.948522018821677e-07,3.337734960950911e-05,1.2390321444399888e-06,0.00017489433230366558,0.00026218345942652377,0.00026218345942652377,0.00011630821950348036,0
66600,8.384427201235667e-05,8.69252544362098e-05,2.915864570240956e-06,0.04269248992204666,8.384427201235667e-05,8.522873395122588e-05,1.7236958171906736e-07,3.141271008644253e-05,1.2979878647456644e-06,0.00018042043666355312,0.0002686436789645086,0.0002686436789645086,0.00011542935168051827,0
66800,8.329097181558609e-05,8.703255298314616e-05,2.2743195131624816e-06,0.04508039727807045,8.329097181558609e-05,8.400082879234105e-05,1.637679645227763e-07,8.0751211498864e-05,1.281184381696221e-06,0.0001775381970219314,0.0002658519343867738,0.0002658519343867738,0.00016420595127897286,0
67000,8.37575935292989e-05,8.840017835609615e-05,1.9104349121334963e-05,0.04135064780712128,8.37575935292989e-05,7.977770292200148e-05,3.3970397339544434e-07,2.052497620752547e-05,1.2854297892772593e-06,0.0001779307785909623,0.0002676163867363357,0.0002676163867363357,0.00010462227371021982,0
67200,8.375663310289383e-05,8.766251994529739e-05,7.410597390844487e-06,0.04481431841850281,8.375663310289383e-05,8.798584167379886e-05,1.5851126988764008e-07,2.0235494957887568e-05,1.2799420119335991e-06,0.00017697192379273474,0.00026591438574996573,0.00026591438574996573,0.00010415063933066904,0
67400,8.295546285808086e-05,8.694225107319653e-05,1.523272885606275e-06,0.04564838483929634,8.295546285808086e-05,8.918494131648913e-05,4.630429657481727e-07,1.0435837793920655e-05,1.263327476408449e-06,0.00017595119425095618,0.00026415677280056116,0.00026415677280056116,9.385434361774969e-05,0
67600,8.876566425897181e-05,9.285494888899848e-05,4.874240858043777e-06,0.05003222078084946,8.876566425897181e-05,0.00010497063340153545,5.850712341270992e-07,1.863503894128371e-05,1.2578517498695874e-06,0.000179498121724464,0.00027361092236333207,0.00027361092236333207,0.00010798577443438262,0
67800,8.308599353767931e-05,8.582055306760594e-05,5.569942459260346e-06,0.04567281901836395,8.308599353767931e-05,8.493148925481364e-05,2.541212893447664e-07,1.3855322322342545e-05,1.2770607327183825e-06,0.00017707422375679016,0.0002641718375571145,0.0002641718375571145,9.719543714936663e-05,0
68000,0.00016608834266662598,0.00017623972962610424,3.774570723180659e-05,0.04786183685064316,0.00016608834266662598,0.00016903463983908296,9.99441226667841e-07,3.9507132896687835e-05,1.6011824754968984e-06,0.00019528465054463595,0.0003731255626462371,0.0003731255626462371,0.00020659491678998165,0
68200,8.253990381490439e-05,8.397055353270844e-05,2.8967417620151537e-06,0.04431673511862755,8.253990381490439e-05,8.41798828332685e-05,2.1669572447535757e-07,1.4133273907646071e-05,1.251183448403026e-06,0.00017449040024075657,0.00025971213722186803,0.00025971213722186803,9.688987344702582e-05,0
68400,8.32464502309449e-05,8.579566929256544e-05,2.9155992251617135e-06,0.04333485662937164,8.32464502309449e-05,8.394959149882197e-05,1.8913225119376875e-07,3.096729051321745e-05,1.294129219786555e-06,0.00017984272562898695,0.00026693252414133894,0.00026693252414133894,0.00011440287299535612,0
68600,0.00012483408499974757,0.00012681601219810545,6.955749267945066e-05,0.037222329527139664,0.00012483408499974757,0.00010574898624327034,3.2272293992718915e-07,2.898745697166305e-05,1.4761172906219144e-06,0.00018862704746425152,0.0003169191769529789,0.0003169191769529789,0.00015414426491133781,0
68800,8.80207444424741e-05,9.084123303182423e-05,6.537126751027245e-07,0.04472428932785988,8.80207444424741e-05,9.57496085902676e-05,7.195772013801616e-07,0.00018945087504107505,1.2967964266863419e-06,0.00017928729357663542,0.000271425323035146,0.000271425323035146,0.0002781911966849293,0
69000,8.273788262158632e-05,8.634444384369999e-05,1.7787851902539842e-07,0.04624871537089348,8.273788262158632e-05,8.664616325404495e-05,1.6343568631782546e-07,1.6260815755231306e-05,1.253421373803576e-06,0.00017698451119940728,0.00026458237641691085,0.00026458237641691085,9.916213406313545e-05,0
69200,8.339194755535573e-05,8.636649727122858e-05,4.953064035362331e-06,0.040928468108177185,8.339194755535573e-05,8.408127905568108e-05,1.7695924725558143e-07,0.00018446861940901726,1.2905686617159517e-06,0.0001785445783752948,0.00026620164430823934,0.00026620164430823934,0.0002680375262116286,0
69400,8.329902630066499e-05,8.660708408569917e-05,2.931607923528645e-06,0.04280742630362511,8.329902630066499e-05,8.672524563735351e-05,2.9832068548785173e-07,3.1083342037163675e-05,1.2813050034310436e-06,0.00017906299035530537,0.0002669513794444356,0.0002669513794444356,0.00011468068902331652,0
69600,8.333344885613769e-05,8.632768003735691e-05,6.262437182158465e-07,0.043618861585855484,8.333344885613769e-05,8.599378634244204e-05,3.822433995992469e-07,3.938258669222705e-05,1.250816694664536e-06,0.00017574090452399105,0.0002633194012560125,0.0002633194012560125,0.000123098278947964,0
69800,8.421733946306631e-05,8.74871329870075e-05,2.2300508135231212e-05,0.03916854038834572,8.421733946306631e-05,8.105122105916962e-05,8.518066465512675e-07,9.237970516551286e-05,1.2962468645127956e-06,0.0001800485042622313,0.0002688318841137516,0.0002688318841137516,0.00017744885127513044,0
70000,8.828376303426921e-05,9.069475345313549e-05,5.85164798394544e-07,0.04169265180826187,8.828376303426921e-05,9.252989548258483e-05,1.8700816895034222e-07,4.225331576890312e-05,1.2920739891342237e-06,0.0001786138745956123,0.000270600702037882,0.000270600702037882,0.00013072408697212268,0
70200,9.391866478836164e-05,9.545870852889493e-05,3.6661607737187296e-05,0.038636330515146255,9.391866478836164e-05,8.741475903661922e-05,2.505905456473556e-07,0.00014194217510521412,1.3671279930349556e-06,0.0001841023622546345,0.0002809281987765644,0.0002809281987765644,0.0002361114304392231,0
70400,8.916041406337172e-05,9.108178346650675e-05,1.1021132877431228e-06,0.0464993417263031,8.916041406337172e-05,9.527752990834415e-05,2.791755377984373e-07,1.6167236026376486e-05,1.286996848648414e-06,0.00017959742399398237,0.00027196620430913754,0.00027196620430913754,0.00010560682562754664,0
70600,8.178074494935572e-05,8.493287168676034e-05,9.291276001022197e-06,0.04171827808022499,8.178074494935572e-05,8.172170782927424e-05,2.3512990310337045e-07,1.540036464575678e-05,1.2383077319100266e-06,0.0001738403079798445,0.0002600114873985149,0.0002600114873985149,9.741623949821587e-05,0
70800,8.266103395726532e-05,8.649565279483795e-05,7.543672836618498e-06,0.04356412962079048,8.266103395726532e-05,8.475313370581716e-05,1.789705379451334e-07,8.570545469410717e-05,1.2745630328936386e-06,0.0001770348462741822,0.0002648050621019138,0.0002648050621019138,0.00016854545918931763,0
71000,8.17139953142032e-05,8.473149500787258e-05,1.0060221029561944e-05,0.04213785007596016,8.17139953142032e-05,8.148112101480365e-05,1.7030647825322376e-07,1.6767584384069778e-05,1.268603341486596e-06,0.000176251822267659,0.0002622519206170182,0.0002622519206170182,9.86518861765262e-05,0
71200,8.806998812360689e-05,8.93092728802003e-05,2.5311546778539196e-06,0.043543118983507156,8.806998812360689e-05,9.032991511048749e-05,2.0406793055371963e-07,5.018734736950137e-05,1.2870341379311867e-06,0.0001765403721947223,0.0002671366792128538,0.0002671366792128538,0.00013846140342366198,0
71400,8.525588782504201e-05,8.588004857301712e-05,4.082285613549175e-06,0.04098954051733017,8.525588782504201e-05,8.906619768822566e-05,2.5266146508329257e-07,1.7637230484979227e-05,1.283205847357749e-06,0.00017682558973319829,0.00026398884415357315,0.00026398884415357315,0.00010314577977510453,0
71600,8.61227817949839e-05,8.961569255916402e-05,8.26392715680413e-06,0.035786498337984085,8.61227817949839e-05,8.439699013251811e-05,1.0288619023413048e-06,1.4853970242256764e-05,1.2966773965672473e-06,0.0001773043186403811,0.00026821668859611236,0.00026821668859611236,0.00010200561393958196,0
71800,8.433503535343334e-05,8.625763439340517e-05,1.155163499788614e-05,0.0371520034968853,8.433503535343334e-05,8.333572623087093e-05,2.8048094691257575e-07,1.5758325389469974e-05,1.2827943010051968e-06,0.00017711690452415496,0.00026465733321856533,0.00026465733321856533,0.00010037384168981589,0
72000,0.00011221077875234187,0.0001160363681265153,6.551898422912927e-06,0.047661829739809036,0.00011221077875234187,0.00013131996092852205,4.320125128742802e-07,2.5000172172440216e-05,1.3199257864471292e-06,0.0001760018349159509,0.0002933581288289133,0.0002933581288289133,0.00013764296343765636,0
72200,8.829152648104355e-05,8.954721124609932e-05,1.9014166809938615e-06,0.04070468991994858,8.829152648104355e-05,9.627943654777482e-05,4.358368528301071e-07,5.486915688379668e-05,1.2726331988233142e-06,0.00017810557619668543,0.00026892542064160807,0.00026892542064160807,0.00014359652021767033,0
72400,8.555602835258469e-05,8.679637539898977e-05,3.3818585052358685e-06,0.041529882699251175,8.555602835258469e-05,8.911443001125008e-05,3.8734668805773254e-07,1.4432506759476382e-05,1.2890363905171398e-06,0.0001786644133972004,0.0002667498251867073,0.0002667498251867073,0.0001003758818001188,0
72600,8.409230940742418e-05,8.792790322331712e-05,8.381311090488452e-06,0.041379742324352264,8.409230940742418e-05,8.732944843359292e-05,1.7759224135716067e-07,1.656889980949927e-05,1.2968492910658824e-06,0.000180073082447052,0.000269297834961435,0.000269297834961435,0.00010083880145828061,0
72800,8.649438677821308e-05,8.651693497085944e-05,9.833801186687197e-07,0.042576272040605545,8.649438677821308e-05,8.51993027026765e-05,2.541430603741901e-07,1.5814173821127042e-05,1.266996378035401e-06,0.00017585008754394948,0.0002636340188928443,0.0002636340188928443,0.00010256270365971432,0
73000,8.394332689931616e-05,8.576790423830971e-05,7.654089131392539e-06,0.04041839390993118,8.394332689931616e-05,8.380051440326497e-05,2.0006211798317963e-07,0.00012377250823192298,1.2677515996983857e-06,0.00017725043289829046,0.00026428608873629855,0.00026428608873629855,0.00020791589724922233,0
73200,9.029317152453586e-05,9.311728354077786e-05,4.549499863060191e-06,0.047715090215206146,9.029317152453586e-05,9.975428110919893e-05,5.995139531478344e-07,1.4639031178376172e-05,1.272270992558333e-06,0.00017905206186696887,0.00027344161640030507,0.00027344161640030507,0.00010553171665605987,0
73400,8.45777612994425e-05,9.10623130039312e-05,1.653752951824572e-05,0.0406864657998085,8.45777612994425e-05,8.827252895571291e-05,2.2858566239847278e-07,1.582035474712029e-05,1.251842149940785e-06,0.0001755831326590851,0.0002678972878129571,0.0002678972878129571,0.00010062670170896126,0
73600,8.646000787848607e-05,9.011809743242338e-05,2.7580881578614935e-06,0.04274402931332588,8.646000787848607e-05,9.96347371255979e-05,2.8596076617759536e-07,4.435176742845215e-05,1.280242599932535e-06,0.00017785816453397274,0.00026925650456632866,0.00026925650456632866,0.0001310977360731158,0
73800,8.325056114699692e-05,8.753567817620933e-05,9.375991794513538e-06,0.04203807935118675,8.325056114699692e-05,9.185149247059599e-05,6.032259989297017e-07,1.4155180906527676e-05,1.232121462635405e-06,0.00017315636796411127,0.000261924167602956,0.000261924167602956,9.800896805245429e-05,0
74000,8.249562233686447e-05,8.614209218649194e-05,3.558681783033535e-06,0.042722444981336594,8.249562233686447e-05,8.635313861304894e-05,6.655407105427003e-07,8.741806959733367e-05,1.268929281650344e-06,0.00017668542568571866,0.00026409644715386094,0.00026409644715386094,0.00017057923264474084,0
74200,8.948372851591557e-05,9.358840907225385e-05,2.8848306101281196e-05,0.04013945534825325,8.948372851591557e-05,9.004017192637548e-05,2.5413524440409674e-07,2.1614996512653306e-05,1.3251166137706605e-06,0.00017887803551275283,0.00027379156119877734,0.00027379156119877734,0.00011135286027297298,0
74400,8.189490472432226e-05,8.451270696241409e-05,2.2866718154546106e-06,0.042490772902965546,8.189490472432226e-05,8.323328074766323e-05,2.0053549576459773e-07,2.782146111712791e-05,1.260542717318458e-06,0.00017565753660164773,0.0002614307862813803,0.0002614307862813803,0.00010991690133721477,0
74600,8.392861491302028e-05,8.577639528084546e-05,3.0188675737008452e-06,0.03991498053073883,8.392861491302028e-05,8.306761446874589e-05,5.114914642945223e-07,1.473549309594091e-05,1.2948886478625354e-06,0.00017899602244142443,0.00026606730637013243,0.00026606730637013243,9.917559947325572e-05,0
74800,9.545598732074723e-05,9.692252206150442e-05,5.745824637415353e-06,0.039082273840904236,9.545598732074723e-05,0.00011109397019026801,2.2499774843254272e-07,2.539098568377085e-05,1.3136855159245897e-06,0.00017914801719598472,0.00027738422477341373,0.00027738422477341373,0.00012107197075295062,0
75000,8.333236473845318e-05,8.711494592716917e-05,6.4427649704157375e-06,0.040558043867349625,8.333236473845318e-05,8.694316784385592e-05,7.130578865144344e-07,2.7513024178915657e-05,1.2539361478047795e-06,0.00017660122830420732,0.0002649701103791813,0.0002649701103791813,0.00011155844680388327,0
75200,0.00011716763401636854,0.00012423576845321804,8.149431960191578e-05,0.02795553393661976,0.00011716763401636854,0.00013584164844360203,2.863420149878948e-07,0.00016976498591247946,1.4454765278060222e-06,0.0001918557536555454,0.0003175369986365695,0.0003175369986365695,0.0002872189619438359,0
75400,8.682223415235057e-05,9.067975042853504e-05,3.28304190588824e-06,0.03988952562212944,8.682223415235057e-05,9.028932981891558e-05,4.4086951334065816e-07,8.158926357282326e-05,1.2795577504221e-06,0.0001760833547450602,0.00026804266292401735,0.00026804266292401735,0.0001688523672385145,0
75600,8.55856851558201e-05,8.765335951466113e-05,5.541356586036272e-06,0.04198126867413521,8.55856851558201e-05,9.098650480154902e-05,2.113935551051327e-07,2.1818967070430517e-05,1.2761798870997154e-06,0.0001764340267982334,0.00026536356619999424,0.00026536356619999424,0.00010761604578135575,0
75800,0.00010596516949590296,0.00010678285616450012,2.826459785865154e-05,0.03696688264608383,0.00010596516949590296,0.0001090705263777636,3.818390155174711e-07,3.748137169168331e-05,1.3587930425273953e-06,0.00018025041208602488,0.0002883920612930524,0.0002883920612930524,0.00014382838020310373,0
76000,8.266344229923561e-05,8.632709068479016e-05,3.8885254980414174e-06,0.041719432920217514,8.266344229923561e-05,8.668220834806561e-05,1.7345685421332746e-07,1.6966519979177974e-05,1.2398234048305312e-06,0.00017436599591746926,0.00026193291000708996,0.00026193291000708996,9.980341913262691e-05,0
76200,0.00016185014101210982,0.00015784479910507798,2.006181784963701e-05,0.03789852187037468,0.00016185014101210982,0.0001950158621184528,6.808641614952649e-07,1.7468270016252063e-05,1.617315319890622e-06,0.00018371942860540003,0.00034318154303036863,0.00034318154303036863,0.00017999927518985714,0
76400,8.332735887961462e-05,8.682379120728001e-05,1.1563935913727619e-05,0.04094412177801132,8.332735887961462e-05,7.912510773167014e-05,9.074480544768448e-07,1.8484874090063386e-05,1.2884206626040395e-06,0.00017799755732994527,0.0002661097691998293,0.0002661097691998293,0.00010271968102415485,0
76600,8.312120917253196e-05,8.512358908774331e-05,2.446440248604631e-06,0.04225204885005951,8.312120917253196e-05,8.457990043098107e-05,2.9618195185321383e-07,0.00013814916019327939,1.2842344858654542e-06,0.00017747684614732862,0.0002638846697209374,0.0002638846697209374,0.00022156655131766456,0
76800,9.029112698044628e-05,8.945119770942256e-05,9.612416761228815e-06,0.04168914631009102,9.029112698044628e-05,8.629662625025958e-05,1.8440698568156222e-07,1.2169051842647605e-05,1.2859341040893923e-06,0.00017136073438450694,0.0002620978661980189,0.0002620978661980189,0.00010264458580877545,0
77000,9.243395470548421e-05,9.260122897103429e-05,7.21265178071917e-06,0.03518420457839966,9.243395470548421e-05,9.314091585110873e-05,2.1460688515162474e-07,8.939875988289714e-05,1.362376679026056e-06,0.00017960660625249147,0.0002735702119025518,0.0002735702119025518,0.00018204732147353297,0
77200,9.21286700759083e-05,9.309487359132618e-05,8.929746400099248e-06,0.038288723677396774,9.21286700759083e-05,9.96658782241866e-05,2.957098388378654e-07,0.00011197940330021083,1.3099941043037688e-06,0.000178461879841052,0.00027286674753668194,0.00027286674753668194,0.000204403783214957,0
77400,8.171985973604023e-05,8.426933345617726e-05,6.869410754006822e-06,0.039897769689559937,8.171985973604023e-05,8.117445395328104e-05,1.9075319812600355e-07,2.3637761842110194e-05,1.2431286222636118e-06,0.00017375375318806618,0.00025926621526650706,0.00025926621526650706,0.00010554837477627643,0
77600,8.349044219357893e-05,8.707892266102135e-05,2.5380354600201827e-06,0.04204564169049263,8.349044219357893e-05,8.363022789126262e-05,2.0300086589486455e-07,5.993885133648291e-05,1.2804589459847193e-06,0.00017792594735510647,0.00026628532896211254,0.00026628532896211254,0.0001436322943959567,0
77800,0.00010940532229142264,0.00010816626308951527,1.947020251691356e-07,0.03984026610851288,0.00010940532229142264,0.00011415721382945776,5.276177148516581e-07,2.9303850169526413e-05,1.39253734232625e-06,0.00018190694390796125,0.00029146574433980277,0.00029146574433980277,0.0001392367901758007,0
78000,8.773328590905294e-05,9.222085645888001e-05,2.746165250755439e-07,0.0441143624484539,8.773328590905294e-05,9.555315045872703e-05,1.7680875430414744e-07,1.867955143097788e-05,1.2552155794764985e-06,0.00017213111277669668,0.0002656071848150532,0.0002656071848150532,0.00010658964609433497,0
78200,9.875601244857535e-05,0.00010460716293891892,3.556262527126819e-06,0.04355517402291298,9.875601244857535e-05,0.00011210789671167731,2.2894285223173938e-07,7.70084880059585e-05,1.31302385852905e-06,0.0001809954410418868,0.0002869156278393348,0.0002869156278393348,0.00017599344330676558,0
78400,8.358575723832473e-05,8.677005098434165e-05,3.401737558306195e-07,0.04264412820339203,8.358575723832473e-05,9.034520189743489e-05,3.204833944892016e-07,0.00020744273206219077,1.2461114238249138e-06,0.00017405435210093856,0.0002620705145091051,0.0002620705145091051,0.0002913489726950047,0
78600,8.297709428006783e-05,8.456299838144332e-05,2.17092542698083e-06,0.04261809587478638,8.297709428006783e-05,8.269619138445705e-05,2.0963824454156565e-07,1.5622466889908537e-05,1.2577520465129055e-06,0.00017498053784947842,0.00026080128827743465,0.00026080128827743465,9.880919941451793e-05,0
78800,9.196059545502067e-05,9.61573823587969e-05,2.993737552969833e-06,0.04107394069433212,9.196059545502067e-05,8.98307262104936e-05,1.9436950537965458e-07,3.067004945478402e-05,1.326441633864306e-06,0.00017567237955518067,0.00027315620354784187,0.00027315620354784187,0.00012282501441518434,0
79000,8.94133117981255e-05,9.000087447930127e-05,1.4545042176905554e-05,0.03793540969491005,8.94133117981255e-05,8.608080679550767e-05,5.999875156703638e-07,3.203545566066168e-05,1.32476236558432e-06,0.00017806875985115767,0.00026939439669604326,0.00026939439669604326,0.00012204875497445755,0
79200,9.950029925676063e-05,0.00010207968443864956,7.869357432355173e-06,0.042251504957675934,9.950029925676063e-05,0.00010031447163783014,3.264150905124552e-07,5.8971112594008446e-05,1.2995338920518407e-06,0.0001796255528461188,0.0002830047711768202,0.0002830047711768202,0.00015879782694128153,0
79400,8.273704588646069e-05,8.527730096830055e-05,3.961104084737599e-06,0.040101028978824615,8.273704588646069e-05,8.21482899482362e-05,1.570481344970176e-07,1.692015393928159e-05,1.2823352335544769e-06,0.00017741380725055933,0.00026397344345241436,0.00026397344345241436,9.98142479602393e-05,0
79600,8.5542538727168e-05,8.736245217733085e-05,1.2718304560621618e-06,0.043024592101573944,8.5542538727168e-05,9.625535312807187e-05,2.2696733026350557e-07,1.3882196981285233e-05,1.2666307611652883e-06,0.00017921942344401032,0.00026784850638250646,0.00026784850638250646,9.965170303871673e-05,0
79800,9.331950423074886e-05,9.868456254480407e-05,2.030228188232286e-06,0.0415668785572052,9.331950423074886e-05,0.00010310862126061693,3.877788969930407e-07,1.4351847312354948e-05,1.3095494750814396e-06,0.00017654086695984006,0.00027653497897972557,0.00027653497897972557,0.00010805913044009685,0
80000,8.285053627332672e-05,8.511479973094538e-05,1.3323671737452969e-05,0.03831605613231659,8.285053627332672e-05,8.065689326031134e-05,5.162458478480403e-07,6.037296770955436e-05,1.2676323422056157e-06,0.00017619259597267956,0.00026257502804583055,0.00026257502804583055,0.00014373974983072912,0
80200,8.58935309224762e-05,8.864527626428753e-05,1.3272961041366216e-05,0.037193648517131805,8.58935309224762e-05,8.554338273825124e-05,1.9787793803516252e-07,0.00021983754413668066,1.3132732874510111e-06,0.00018091610400006175,0.0002708746535518003,0.0002708746535518003,0.00030592895299719203,0
80400,8.298454486066476e-05,8.640238957013935e-05,4.369528028291825e-07,0.04162326082587242,8.298454486066476e-05,8.930543845053762e-05,1.6733559959902777e-07,0.0002831589081324637,1.2564353255584138e-06,0.0001768074434949085,0.0002644662683906063,0.0002644662683906063,0.0003663107885927275,0
80600,8.298825559904799e-05,8.565317693864927e-05,2.1249783458188176e-05,0.03709046170115471,8.298825559904799e-05,8.094591612461954e-05,8.712518138054293e-07,1.857530696725007e-05,1.2791736025974387e-06,0.00017706361541058868,0.0002639959659518354,0.0002639959659518354,0.00010243481438010349,0
80800,8.402201638091356e-05,8.669919043313712e-05,2.6114963702639216e-07,0.04102582111954689,8.402201638091356e-05,8.827747660689056e-05,2.393245779330755e-07,0.00010018414468504488,1.2708170515907113e-06,0.0001781411556294188,0.0002661111631141466,0.0002661111631141466,0.00018444548564389152,0
81000,0.00012115004210500047,0.0001184044303954579,4.282179361325689e-06,0.04357561841607094,0.00012115004210500047,0.00012275979679543525,2.700610366446199e-07,5.456192957353778e-05,1.3769177940048394e-06,0.00018104934133589268,0.0003008306895253554,0.0003008306895253554,0.00017598203271518287,0
81200,8.41242799651809e-05,8.780679490882903e-05,4.80194444207882e-07,0.042271096259355545,8.41242799651809e-05,9.503636101726443e-05,1.4597161168694583e-07,1.6846712242113426e-05,1.2600331729117897e-06,0.00017608712369110435,0.0002651539517728452,0.0002651539517728452,0.00010111696381898128,0
81400,0.00011457117943791673,0.0001151464311988093,3.456158810877241e-05,0.034580837935209274,0.00011457117943791673,0.0001150486568803899,3.3291769341303734e-07,2.9567991077783518e-05,1.443768724129768e-06,0.00018472546071279794,0.000301315660635737,0.000301315660635737,0.00014447208820911328,0
81600,8.409837755607441e-05,8.622075256425887e-05,1.263493686565198e-05,0.038756631314754486,8.409837755607441e-05,8.315142622450367e-05,1.9926028471672907e-07,1.3812976249027997e-05,1.259843998013821e-06,0.00017497527005616575,0.00026245586661843845,0.00026245586661843845,9.811061408981914e-05,0
81800,8.534703374607489e-05,8.804781828075647e-05,1.240153892467788e-06,0.041008658707141876,8.534703374607489e-05,8.93228716449812e-05,2.054866570233571e-07,2.4750890588620678e-05,1.2595085081557045e-06,0.00017393645248375833,0.0002632437792726705,0.0002632437792726705,0.00011030341099171892,0
82000,9.544056229060516e-05,0.00010016759915743023,1.0536614354350604e-06,0.04091038927435875,9.544056229060516e-05,9.931243403116241e-05,2.4465953174512833e-07,2.7252823201706633e-05,1.3081441920803627e-06,0.00017781757924240083,0.0002792933225919114,0.0002792933225919114,0.00012293804502405692,0
82200,9.00484446901828e-05,9.323491394752637e-05,1.3598013538285159e-05,0.03746141865849495,9.00484446901828e-05,8.817265916150063e-05,2.1980147835165553e-07,4.441790224518627e-05,1.3085621048958274e-06,0.00017918592493515462,0.0002737294009875768,0.0002737294009875768,0.00013468614841372073,0
82400,8.289117977255955e-05,8.376993355341256e-05,2.978525230901141e-07,0.040817152708768845,8.289117977255955e-05,8.472536137560382e-05,1.6961593019004795e-07,0.0001236289244843647,1.2522184533736436e-06,0.0001745187764754519,0.0002595409284822381,0.0002595409284822381,0.0002066897201871143,0
82600,8.685808279551566e-05,8.898849773686379e-05,4.894095013696642e-07,0.043619658797979355,8.685808279551566e-05,9.146138472715393e-05,2.0037265358041623e-07,1.760116356308572e-05,1.276012199014076e-06,0.00017694308189675212,0.00026720759183263,0.00026720759183263,0.00010465961901218179,0
82800,8.239461021730676e-05,8.574334060540423e-05,1.1264181921433192e-05,0.036321815103292465,8.239461021730676e-05,8.265794167527929e-05,2.850133853371517e-07,4.715579416370019e-05,1.2560817594930995e-06,0.00017438580107409507,0.0002613852234389924,0.0002613852234389924,0.0001298354177663441,0
83000,8.464662823826075e-05,8.629451622255147e-05,6.870476454423624e-08,0.03952303156256676,8.464662823826075e-05,8.833296305965632e-05,1.0224325706076343e-06,1.2589740435942076e-05,1.2574270158438594e-06,0.0001771937240846455,0.00026474566732304083,0.00026474566732304083,9.825880124481046e-05,0
83200,8.361889922525734e-05,8.620817970950156e-05,1.1747324606403708e-05,0.039994753897190094,8.361889922525734e-05,7.871504931244999e-05,6.165802233226714e-07,5.537967081181705e-05,1.273110228794394e-06,0.00017483389819972217,0.00026231518813801813,0.00026231518813801813,0.00013961515026039706,0
83400,8.214748231694102e-05,8.47254486870952e-05,8.207538485294208e-06,0.038606178015470505,8.214748231694102e-05,8.240483293775469e-05,2.824084788244363e-07,1.2239937859703787e-05,1.2637782447200152e-06,0.00017527495219837874,0.00026126417913019395,0.00026126417913019395,9.466982865546925e-05,0
83600,9.102869080379605e-05,9.124079952016473e-05,1.037033689499367e-05,0.03711185231804848,9.102869080379605e-05,9.186880197376013e-05,5.823637820867589e-07,2.514289917598944e-05,1.2822039252569084e-06,0.00017456518253311515,0.0002670881859785368,0.0002670881859785368,0.00011675395376187225,0
83800,9.187265095533803e-05,9.433125524083152e-05,3.2520156878490525e-07,0.04178081452846527,9.187265095533803e-05,0.0001125217677326873,3.317304617667105e-07,1.4269813618739136e-05,1.2653136991502834e-06,0.00017626266344450414,0.00027185923238448595,0.00027185923238448595,0.00010647419503584388,0
84000,9.318837692262605e-05,9.551401308272034e-05,2.7584001145442016e-05,0.03427409380674362,9.318837692262605e-05,8.487371815135702e-05,2.0385857624205528e-07,0.00011348215048201382,1.3790588582196506e-06,0.00018396638915874064,0.00028085946109968063,0.00028085946109968063,0.00020687438598088193,0
84200,8.441496174782515e-05,8.867974247550592e-05,1.349126614513807e-05,0.03730994462966919,8.441496174782515e-05,8.408901339862496e-05,2.9256821676426625e-07,2.5742117941263132e-05,1.271513497158594e-06,0.00017692401888780296,0.00026687527486046747,0.00026687527486046747,0.00011044964790585254,0
84400,8.47728515509516e-05,8.67643830133602e-05,1.7522136204206618e-06,0.03819147124886513,8.47728515509516e-05,8.894030179362744e-05,8.772414616942115e-07,1.65481378644472e-05,1.293044533667853e-06,0.00017966337327379733,0.0002677208008208254,0.0002677208008208254,0.00010219823087709301,0
84600,8.346467075170949e-05,8.67218550411053e-05,3.1895717711449834e-07,0.03975865617394447,8.346467075170949e-05,9.184309601550922e-05,1.9182475341494865e-07,1.5565932699246332e-05,1.2420367738741334e-06,0.00017557080718688667,0.0002635346990018661,0.0002635346990018661,9.922242820437077e-05,0
84800,8.30484350444749e-05,8.557974069844931e-05,2.4848075099725975e-06,0.03894564509391785,8.30484350444749e-05,9.050389780895784e-05,1.935106297423772e-07,1.558210169605445e-05,1.2495243026933167e-06,0.0001745370973367244,0.00026136636233786703,0.00026136636233786703,9.882404737027173e-05,0
85000,8.25058959890157e-05,8.478984818793833e-05,7.734647624602076e-06,0.03764227777719498,8.25058959890157e-05,8.125868771458045e-05,2.2511210318043595e-07,7.342726166825742e-05,1.2780412816937314e-06,0.00017599755665287375,0.0002620654461225058,0.0002620654461225058,0.00015615826976045355,0
85200,8.499751857016236e-05,8.791221625870094e-05,6.905554528202629e-07,0.03923972323536873,8.499751857016236e-05,8.6844818724785e-05,2.600675372832484e-07,1.3446529010252561e-05,1.2911455087305512e-06,0.00017841579392552376,0.00026761915569295525,0.00026761915569295525,9.870411511769817e-05,0
85400,8.887951844371855e-05,9.135006257565692e-05,3.099118475802243e-05,0.03539223223924637,8.887951844371855e-05,7.398481102427468e-05,1.9012182406186184e-07,3.0952498491387814e-05,1.3620392564916983e-06,0.00018213091243524104,0.00027484301426738966,0.00027484301426738966,0.00012002213875916823,0
85600,8.44877795316279e-05,8.938975224737078e-05,1.442393840989098e-05,0.03763965517282486,8.44877795316279e-05,8.546307071810588e-05,2.774227993995737e-07,4.505545075517148e-05,1.2471055015339516e-06,0.00017277582082897425,0.000263412678577879,0.000263412678577879,0.00012982065308619894,0
85800,0.00010302323062205687,0.00010718912380980328,7.892974826972932e-05,0.02919493056833744,0.00010302323062205687,7.322795136133209e-05,4.341880810443399e-07,6.584543734788895e-05,1.4497734355245484e-06,0.0001919060741784051,0.00030054497142373293,0.00030054497142373293,0.00016930285605099016,0
86000,8.251920371549204e-05,8.491431071888655e-05,5.243502528173849e-06,0.03722888231277466,8.251920371549204e-05,8.838451321935281e-05,1.7550689790368779e-07,1.639522088225931e-05,1.2322266229602974e-06,0.00017286550428252667,0.0002590120416243735,0.0002590120416243735,9.908993149565504e-05,1
86200,8.29335767775774e-05,8.569384226575494e-05,3.916392756764253e-07,0.03810770809650421,8.29335767775774e-05,8.506989979650825e-05,2.025968939278755e-07,1.7378692064085044e-05,1.268227265427413e-06,0.0001771485258359462,0.00026411059536712855,0.00026411059536712855,0.00010051486573559032,0
86400,8.34405655041337e-05,8.79927392816171e-05,9.366758035866951e-08,0.0387628935277462,8.34405655041337e-05,8.900341344997287e-05,1.2469046168916975e-06,7.379495946224779e-05,1.2319854931774898e-06,0.0001737010752549395,0.0002629258000297341,0.0002629258000297341,0.0001584824295832732,0
86600,0.00013901054626330733,0.00013816273713018745,7.508761427743593e-06,0.03580212593078613,0.00013901054626330733,0.00015299591177608818,7.214764536911389e-07,1.3188598131819163e-05,1.506786475147237e-06,0.00018152754637412727,0.00032119706997946196,0.00032119706997946196,0.00015292062084881763,0
86800,8.269418322015554e-05,8.593539678258821e-05,5.212420546740759e-06,0.03730211406946182,8.269418322015554e-05,8.717053424334154e-05,6.97873190347309e-07,1.3649184438691009e-05,1.262926843992318e-06,0.00017603865126147866,0.0002632369748880592,0.0002632369748880592,9.704124084919385e-05,0
87000,8.505945152137429e-05,8.750635606702417e-05,2.5873487174976617e-06,0.03687843307852745,8.505945152137429e-05,8.924083522288129e-05,3.0331872835631657e-07,0.00010659634426701814,1.2943521596753271e-06,0.00017873963224701583,0.00026754034047371533,0.00026754034047371533,0.00019195911451674874,0
87200,8.227526268456131e-05,8.629521471448243e-05,3.155364311169251e-06,0.03956790640950203,8.227526268456131e-05,8.956484089139849e-05,2.6639668249117676e-07,1.4506696970784105e-05,1.234417368323193e-06,0.00017265469068661332,0.00026018432276941894,0.00026018432276941894,9.70483563378366e-05,0
87400,8.465702558169141e-05,8.863989933161065e-05,4.049428298458224e-06,0.03936099633574486,8.465702558169141e-05,9.057783609023318e-05,1.0209922720605391e-06,0.0001391301630064845,1.2452613873392693e-06,0.00017221573216374964,0.00026210089288269955,0.00026210089288269955,0.00022480818086023646,0
87600,8.587423508288339e-05,8.952264033723623e-05,3.312115268272464e-06,0.03841593116521835,8.587423508288339e-05,9.19265512493439e-05,2.302298014456028e-07,2.586979462648742e-05,1.247077193511359e-06,0.0001718986895866692,0.0002626684071174168,0.0002626684071174168,0.00011197425951081641,0
87800,8.104301377898082e-05,8.397124474868178e-05,1.1924380487471353e-05,0.036300841718912125,8.104301377898082e-05,8.101990533759817e-05,7.438900979650498e-07,1.7118674804805778e-05,1.2320386986175436e-06,0.00017163828306365758,0.0002568415665109569,0.0002568415665109569,9.890557868175165e-05,1
88000,8.446190622635186e-05,8.60178770381026e-05,1.696857543720398e-05,0.03410227224230766,8.446190622635186e-05,8.207363134715706e-05,1.6546316317089804e-07,1.7564027075422928e-05,1.2654367083086981e-06,0.0001749949879013002,0.0002622783016477115,0.0002622783016477115,0.00010219139646494568,0
88200,8.631296805106103e-05,8.756820170674473e-05,2.0097166270716116e-05,0.033301327377557755,8.631296805106103e-05,8.229912054957822e-05,4.761222101024032e-07,3.018131792487111e-05,1.2941105751451687e-06,0.00017668551299721003,0.0002655478252790999,0.0002655478252790999,0.00011697040818603455,0
88400,8.662440086482093e-05,8.880137465894222e-05,2.5583098249626346e-05,0.03274809569120407,8.662440086482093e-05,9.762436093296856e-05,8.652190786051506e-07,1.9958377379225567e-05,1.2096188584109768e-06,0.00017189839854836464,0.00026190939206571784,0.00026190939206571784,0.00010744799732265164,0
88600,8.606489427620545e-05,8.848460856825113e-05,2.3694028641330078e-05,0.03356964513659477,8.606489427620545e-05,8.043241541599855e-05,2.442170625727158e-07,4.3019961594836786e-05,1.2933592188346665e-06,0.00017645340994931757,0.0002662313777364034,0.0002662313777364034,0.00012932907293361495,0
88800,8.332393917953596e-05,8.677627920405939e-05,1.1518207429617178e-05,0.035580456256866455,8.332393917953596e-05,8.51484146551229e-05,4.774250328409835e-07,1.613400672795251e-05,1.269832978323393e-06,0.00017610266513656825,0.00026414877731895103,0.00026414877731895103,9.993537094032945e-05,0
89000,8.433817856712267e-05,8.673655975144356e-05,2.1926600311417133e-05,0.034461863338947296,8.433817856712267e-05,7.893459405750036e-05,2.162515357895245e-07,1.945844996953383e-05,1.261739726032829e-06,0.0001729329233057797,0.0002609312227832561,0.0002609312227832561,0.00010401288007244602,0
89200,8.381292718695477e-05,8.667144720675424e-05,3.0478886401397176e-05,0.032433539628982544,8.381292718695477e-05,7.973458559717983e-05,5.533095190912718e-07,1.8693777747103013e-05,1.2725788565148832e-06,0.00017727080557961017,0.0002652148316428793,0.0002652148316428793,0.00010306001445314905,0
89400,8.565222378820181e-05,8.757165051065385e-05,6.735094302712241e-06,0.03653641417622566,8.565222378820181e-05,9.064462210517377e-05,3.798710679348005e-07,4.0741309931036085e-05,1.273641146326554e-06,0.000174834014615044,0.0002636793062720244,0.0002636793062720244,0.0001267734047871727,0
89600,8.872259058989584e-05,9.004887397168204e-05,7.556087894045049e-06,0.03411269187927246,8.872259058989584e-05,9.179002518067136e-05,4.890644618171791e-07,7.13655972504057e-05,1.3106491678627208e-06,0.00017786136595532298,0.00026922088909486774,0.00026922088909486774,0.00016057725230211872,0
89800,9.042543388204649e-05,9.529541421215981e-05,4.5015990508545656e-06,0.03568103536963463,9.042543388204649e-05,0.00010751633817562833,1.536347014052808e-07,2.066482193185948e-05,1.273016323466436e-06,0.00017431366723030806,0.0002708820977659343,0.0002708820977659343,0.00011124389051531125,0
90000,8.916282968129963e-05,9.155323641607538e-05,1.7117286915890872e-05,0.03399073705077171,8.916282968129963e-05,8.745697414269671e-05,3.014034177795111e-07,7.070010178722441e-05,1.2730830576401786e-06,0.00017263971676584333,0.0002654660362395589,0.0002654660362395589,0.00016016433488630355,0
90200,8.823005191516131e-05,9.232784213963896e-05,1.6467799923702842e-07,0.03741339221596718,8.823005191516131e-05,9.621518984204158e-05,2.2360407569976815e-07,5.282696656649932e-05,1.270164602829027e-06,0.00017372824368067086,0.00026732625042313884,0.00026732625042313884,0.0001412806225573604,0
90400,8.26023388071917e-05,8.540575072402135e-05,4.8983420128934085e-06,0.03645460307598114,8.26023388071917e-05,8.30244753160514e-05,4.91013281589403e-07,1.6847885490278713e-05,1.240842038896517e-06,0.0001718633429845795,0.00025850993574749737,0.00025850993574749737,9.994123757905982e-05,0
90600,8.807960693957284e-05,9.277061326429248e-05,4.645553872251185e-06,0.036148250102996826,8.807960693957284e-05,9.980409231502563e-05,2.2301503577182302e-07,3.968324017478153e-05,1.265646233150619e-06,0.000174420652911067,0.0002684569124085101,0.0002684569124085101,0.0001279858621501262,0
90800,9.30533860810101e-05,9.609592234482989e-05,1.486210180701164e-06,0.0368836484849453,9.30533860810101e-05,0.00011379109491826966,2.0760157326549233e-07,7.86882737884298e-05,1.2639536635106197e-06,0.00017315108561888337,0.0002705109616272239,0.0002705109616272239,0.0001719492614427054,0
91000,9.951039828592911e-05,0.00010123811807716265,2.4462937290081754e-05,0.03242583945393562,9.951039828592911e-05,9.555647557135671e-05,6.795773401790939e-07,1.8810735127772205e-05,1.3749390745942947e-06,0.00018057896522805095,0.0002831920223798079,0.0002831920223798079,0.00011900071075388041,0
91200,9.963281627278775e-05,0.00010086793918162584,7.489072231692262e-06,0.034134961664676666,9.963281627278775e-05,0.00010234661749564111,2.2133407640012592e-07,3.845560422632843e-05,1.3595214340966777e-06,0.00017976577510125935,0.00028199323571698187,0.00028199323571698187,0.0001383097545755163,0
91400,8.735391747904941e-05,9.087188664125279e-05,2.589923496998381e-06,0.035779330879449844,8.735391747904941e-05,7.968336285557598e-05,2.497642697107949e-07,1.592411172168795e-05,1.295202082474134e-06,0.00017569832562003285,0.00026786541434375977,0.00026786541434375977,0.00010352779347044816,0
91600,8.371340663870797e-05,8.838521171128377e-05,7.215399818960577e-06,0.0359831377863884,8.371340663870797e-05,9.314879571320489e-05,2.1727288412876078e-07,8.009649172890931e-05,1.2450624353732564e-06,0.0001752740645315498,0.00026490433867820684,0.00026490433867820684,0.00016402717125174604,0
91800,8.748001710046083e-05,9.264241816708818e-05,2.301349195477087e-05,0.032544586807489395,8.748001710046083e-05,8.250130485976115e-05,4.302863771954435e-07,1.9628783775260672e-05,1.3020754749959451e-06,0.00017848571587819606,0.0002724302095202802,0.0002724302095202802,0.00010753908725291694,0
92000,9.780424443306401e-05,0.00010159182420466095,5.3350191592471674e-05,0.0327301099896431,9.780424443306401e-05,9.209128620568663e-05,2.780309955596749e-07,0.00012979740859009326,1.315278041147394e-06,0.00018150029063690454,0.0002844073928827129,0.0002844073928827129,0.00022787968401871694,0
92200,8.952318603405729e-05,9.272967145079747e-05,5.59370073460741e-06,0.0401667058467865,8.952318603405729e-05,9.013459202833474e-05,7.550295890723646e-07,2.3796921595931053e-05,1.2733264611597406e-06,0.00017786862736102194,0.00027187162527297914,0.00027187162527297914,0.00011407513721906071,0
92400,8.359216735698283e-05,8.683594933245331e-05,4.413335318531608e-06,0.0346960611641407,8.359216735698283e-05,8.57100312714465e-05,2.3646560975976172e-07,2.6087880542036146e-05,1.283575443267182e-06,0.00017750347615219653,0.000265623000927917,0.000265623000927917,0.00010991651350877873,0
92600,8.28516494948417e-05,8.561449794797227e-05,4.808496669284068e-06,0.03475305065512657,8.28516494948417e-05,8.618184074293822e-05,1.843261969725063e-07,1.516416796221165e-05,1.266552089873585e-06,0.00017519375251140445,0.0002620748025492503,0.0002620748025492503,9.820014365402585e-05,0
92800,9.19616868486628e-05,9.58388700382784e-05,2.5188330710079754e-06,0.035599950700998306,9.19616868486628e-05,9.054151450982317e-05,1.0229425697616534e-06,0.00017351216229144484,1.3092858353047632e-06,0.00017479948292020708,0.00027194763879379025,0.00027194763879379025,0.0002664967917098693,0
93000,8.273943240055814e-05,8.513957436662167e-05,6.172824214445427e-06,0.03543625771999359,8.273943240055814e-05,8.558505942346528e-05,8.693591553310398e-07,1.4937797459424473e-05,1.2620613460967434e-06,0.00017544445290695876,0.0002618460886196772,0.0002618460886196772,9.854658901531366e-05,0
93200,8.309330587508157e-05,8.828928548609838e-05,7.144153187255142e-06,0.036466456949710846,8.309330587508157e-05,9.294690971728414e-05,1.0287778877682285e-06,2.5809429644141346e-05,1.2055777460773243e-06,0.00016964120732154697,0.0002591360705537227,0.0002591360705537227,0.00010993151340699114,0
93400,8.32356745377183e-05,8.675164281157777e-05,2.2935253582545556e-05,0.03257877007126808,8.32356745377183e-05,7.52505220589228e-05,1.9260590988778858e-07,1.624406286282465e-05,1.2708070471489918e-06,0.00017390464199706912,0.0002619270918557959,0.0002619270918557959,9.967234331043073e-05,0
93600,0.00010051245772046968,0.00010122045205207542,2.797297895540396e-07,0.03654538094997406,0.00010051245772046968,0.00010645686415955424,1.2638123507713317e-06,1.4675659258500673e-05,1.3065457551419968e-06,0.00017630329239182174,0.00027883029019903915,0.00027883029019903915,0.00011645192932974169,0
93800,8.345355308847502e-05,8.634114783490077e-05,5.571712790697347e-06,0.03370456025004387,8.345355308847502e-05,8.679721941007301e-05,3.333908296099253e-07,1.4418109458347317e-05,1.2691423307842342e-06,0.00017533841310068965,0.00026294870326637465,0.00026294870326637465,9.820505337643226e-05,0
94000,8.16249375930056e-05,8.388241985812783e-05,3.901509899151279e-06,0.035275671631097794,8.16249375930056e-05,8.177247946150601e-05,2.7688531645253533e-07,5.76976926822681e-05,1.2560445838971646e-06,0.00017293686687480658,0.0002580753313168316,0.0002580753313168316,0.00013959951559172623,0
94200,8.495469955960289e-05,8.832702587824315e-05,1.094911294785561e-05,0.03236449882388115,8.495469955960289e-05,9.048307401826605e-05,2.672826440175413e-07,1.590092506376095e-05,1.2619678955161362e-06,0.0001748934155330062,0.0002644824093067655,0.0002644824093067655,0.00010112290726738138,0
94400,8.948899630922824e-05,9.416857938049361e-05,3.250323425163515e-05,0.028583426028490067,8.948899630922824e-05,9.073960245586932e-05,2.3082681366304314e-07,2.411236710031517e-05,1.2652568557314225e-06,0.00017623984604142606,0.0002716736822776511,0.0002716736822776511,0.00011383219022320645,0
94600,8.370842260774225e-05,8.790115680312738e-05,8.950538358476479e-06,0.03258567303419113,8.370842260774225e-05,7.975271000759676e-05,1.1964722261836869e-06,1.5362198610091582e-05,1.2715944421870518e-06,0.00017460182425566018,0.0002637745755009746,0.0002637745755009746,0.00010026709344401752,0
94800,0.00013778945140074939,0.00014488048327621073,1.4490706234937534e-05,0.04120709374547005,0.00013778945140074939,0.0001670014316914603,9.341694635622844e-07,3.250174268032424e-05,1.4351439858728554e-06,0.00018072122475132346,0.00032703685201340704,0.00032703685201340704,0.0001712253635446359,0
95000,8.610687655163929e-05,8.998881821753457e-05,1.0127107088919729e-05,0.03347796946763992,8.610687655163929e-05,8.433288894593716e-05,1.819616500142729e-06,1.3932632100477349e-05,1.2786216530003003e-06,0.00017548921459820122,0.0002667566544687361,0.0002667566544687361,0.00010185912515225937,0
95200,9.969882376026362e-05,0.00010064775415230542,3.2810912671266124e-05,0.03321850672364235,9.969882376026362e-05,8.898328815121204e-05,3.4017688221865683e-07,7.555018964922056e-05,1.3091638493278879e-06,0.00017413664318155497,0.0002760935611831883,0.0002760935611831883,0.00017558919029170283,0
95400,8.251290273619816e-05,8.487897866871208e-05,3.4516338018875103e-06,0.033185120671987534,8.251290273619816e-05,8.291587437270209e-05,2.450591978231387e-07,1.1997441106359474e-05,1.2440889349818463e-06,0.00017210196529049426,0.0002582250328941882,0.0002582250328941882,9.475540304038077e-05,0
95600,0.00010464787919772789,0.00010999653022736311,5.9376138779043686e-06,0.03766244649887085,0.00010464787919772789,0.0001235290983458981,2.1051062049082248e-07,3.796679084189236e-05,1.3179806046537124e-06,0.00017888270667754114,0.00029019721750955796,0.00029019721750955796,0.00014282518066011107,0
95800,9.861579746939242e-05,0.00010366211063228548,5.068796440355072e-07,0.03536083921790123,9.861579746939242e-05,0.0001065991455106996,2.3622428102498816e-07,7.012866262812167e-05,1.312504764428013e-06,0.0001745653571560979,0.0002795399725528114,0.0002795399725528114,0.00016898068437853908,0
96000,8.328370313392952e-05,8.539629197912291e-05,2.828136075549992e-06,0.034022167325019836,8.328370313392952e-05,8.914114732760936e-05,2.1369478986343893e-07,2.1439349438878708e-05,1.24859104744246e-06,0.0001744530745781958,0.0002610979576047612,0.0002610979576047612,0.00010493674736267167,0
96200,8.38956402731128e-05,8.626491762697697e-05,3.516411015880294e-05,0.02872827649116516,8.38956402731128e-05,8.709916437510401e-05,1.0915925940935267e-06,7.266407192219049e-05,1.2543742968773586e-06,0.0001772682589944452,0.00026478755091829953,0.00026478755091829953,0.00015765130478939682,0
96400,8.655017882119864e-05,8.72573145898059e-05,7.708459634159226e-06,0.032743968069553375,8.655017882119864e-05,8.570031059207395e-05,7.703231972300273e-07,1.7950656911125407e-05,1.271723022000515e-06,0.00017313841090071946,0.0002616674485125259,0.0002616674485125259,0.00010527115892955408,0
96600,8.201350283343345e-05,8.53946476127021e-05,3.994575763499597e-06,0.03356873616576195,8.201350283343345e-05,7.782482134643942e-05,4.4179870428706636e-07,1.2324128874752205e-05,1.2413787544574006e-06,0.00016989005962386727,0.0002565260859910268,0.0002565260859910268,9.477943041247272e-05,1
96800,0.00011586994514800608,0.00012130747199989855,1.0896075082200696e-06,0.03549942746758461,0.00011586994514800608,0.00015452693332917988,1.121070226872689e-06,0.0001250780187547207,1.3611369240607019e-06,0.00017560772539582103,0.0002982763343197803,0.0002982763343197803,0.00024206903412959946,0
97000,0.00012138342572143301,0.0001261238066945225,0.00014271990221459419,0.026540981605648994,0.00012138342572143301,8.298600005218759e-05,3.0359129254975414e-07,4.7795016143936664e-05,1.4535787613567663e-06,0.0001990350428968668,0.00032661242835274606,0.00032661242835274606,0.00016948203315791943,0
97200,8.183232421288267e-05,8.354357851203531e-05,1.9920523754990427e-06,0.033836618065834045,8.183232421288267e-05,7.807448855601251e-05,2.1348674295040837e-07,6.909309013281018e-05,1.2573015055750147e-06,0.0001722644519759342,0.00025706533199354453,0.00025706533199354453,0.00015113890108864325,0
97400,8.45696558826603e-05,8.743254147702828e-05,4.3674690459738486e-06,0.033369626849889755,8.45696558826603e-05,9.154553117696196e-05,3.303847222468903e-07,2.47277148446301e-05,1.2353585816526902e-06,0.0001721001899568364,0.0002607680900155174,0.0002607680900155174,0.00010962775544953729,0
97600,8.62261513248086e-05,9.054556721821427e-05,1.4844014003756456e-05,0.029903540387749672,8.62261513248086e-05,9.318739466834813e-05,1.1211038781766547e-06,2.6654815883375704e-05,1.2700518254860071e-06,0.00017777198809199035,0.00026958760713569063,0.00026958760713569063,0.00011400207108636096,0
97800,8.349053678102791e-05,8.722252823645249e-05,3.8983826016192324e-06,0.0329759456217289,8.349053678102791e-05,8.601960871601477e-05,1.7716527622724243e-07,1.5469562640646473e-05,1.2719746109723928e-06,0.00017572438810020685,0.00026421889094763173,0.00026421889094763173,9.913726469790163e-05,0
98000,8.48856070660986e-05,8.749978587729856e-05,1.0056803603220033e-06,0.03282928094267845,8.48856070660986e-05,9.175018931273371e-05,1.8199504836502456e-07,0.0001826122752390802,1.2677443237407715e-06,0.00017648118955548853,0.00026524871975652786,0.00026524871975652786,0.0002676798773535438,0
98200,9.008760389406234e-05,9.054009569808841e-05,1.584601341164671e-05,0.029721984639763832,9.008760389406234e-05,8.397753117606044e-05,3.45712010130228e-07,0.00011397222260711715,1.2871448689111276e-06,0.00017417514754924923,0.00026600238811624877,0.00026600238811624877,0.00020440553851130971,0
98400,8.295507723232731e-05,8.528157923137769e-05,9.139997928286903e-06,0.030722761526703835,8.295507723232731e-05,7.494456804124638e-05,2.9449998351083195e-07,7.166955037973821e-05,1.2774009974236833e-06,0.00017337485041934997,0.00025993383064815134,0.00025993383064815134,0.00015491912759557636,0
98600,8.876946958480403e-05,9.326764848083258e-05,1.4454427628152189e-06,0.035059452056884766,8.876946958480403e-05,9.201876673614606e-05,2.423048215405288e-07,3.464636392891407e-05,1.2426287412381498e-06,0.00017307842790614814,0.00026758870512821886,0.00026758870512821886,0.00012365813833525863,0
98800,0.00011427795834606513,0.0001141970424214378,1.964837429113686e-05,0.02325604483485222,0.00011427795834606513,0.00013606948778033257,3.566229338503035e-07,0.00011582895240280777,1.311598566644534e-06,0.00017379388737026602,0.00028930252835834835,0.00028930252835834835,0.0002304635336827232,0
99000,8.535908273188397e-05,8.64634130266495e-05,2.594725083326921e-05,0.02879096381366253,8.535908273188397e-05,8.029201853787526e-05,1.5552679997199448e-06,2.0875668269582093e-05,1.2610394151124638e-06,0.00017208370263688266,0.00025980815507864463,0.00025980815507864463,0.00010779001900118601,0
99200,8.144891762640327e-05,8.34384118206799e-05,3.254765033489093e-06,0.03165368363261223,8.144891762640327e-05,7.95775922597386e-05,1.0370609970777878e-06,1.3626061445393134e-05,1.2458236824386404e-06,0.00017177640984300524,0.0002564606453461238,0.0002564606453461238,9.61120400688742e-05,1
99400,8.487838931614533e-05,8.563176379539073e-05,1.841720768425148e-05,0.02995816059410572,8.487838931614533e-05,8.533882646588609e-05,2.672186951713229e-07,3.4255703212693334e-05,1.2557363788801013e-06,0.00017313219723291695,0.0002600196974071878,0.0002600196974071878,0.00011940131122400999,0
99600,8.359790808754042e-05,8.551445353077725e-05,9.011469046527054e-06,0.03013165481388569,8.359790808754042e-05,8.595579129178077e-05,3.623472650815529e-07,1.3149690857972018e-05,1.2493583199102432e-06,0.00017209550424013287,0.00025885931609082036,0.00025885931609082036,9.710994621059399e-05,0
99800,9.137868619291112e-05,9.25241329241544e-05,1.4539657058776356e-05,0.030286848545074463,9.137868619291112e-05,9.184326336253434e-05,6.08906873367232e-07,1.3251164091343526e-05,1.2710064538623556e-06,0.00017218818538822234,0.0002659833247662391,0.0002659833247662391,0.00010523875715762188,0
100000,8.285359217552468e-05,8.599497232353315e-05,4.5125416363589466e-06,0.03131058067083359,8.285359217552468e-05,8.412048919126391e-05,2.3280243510725995e-07,0.0001452597789466381,1.2590612641361076e-06,0.00017406625556759536,0.0002613202891552646,0.0002613202891552646,0.00022834617355727005,0
100200,8.362615335499868e-05,8.545538003090769e-05,1.67670702921896e-06,0.032329052686691284,8.362615335499868e-05,8.546004391973838e-05,7.62097272399842e-07,0.00012132532719988376,1.2417435755196493e-06,0.0001728601782815531,0.00025955730188798043,0.00025955730188798043,0.00020571357782728228,0
100400,8.567291661165655e-05,8.541100396541879e-05,3.945410753658507e-06,0.03179394081234932,8.567291661165655e-05,9.25454733078368e-05,6.245812187444244e-07,1.300238636758877e-05,1.213352220474917e-06,0.00016752228839322925,0.00025414664457912295,0.00025414664457912295,9.929988419798974e-05,1
100600,8.49830248625949e-05,8.579735731473193e-05,6.586963991139783e-06,0.029300685971975327,8.49830248625949e-05,8.392755262320861e-05,1.7463131030126533e-07,2.1821993868798018e-05,1.2785354783773073e-06,0.00017525756265968084,0.0002623334554527901,0.0002623334554527901,0.00010697965004169419,0
100800,8.424543921137229e-05,8.870758028933778e-05,1.1305409316264559e-05,0.030530134215950966,8.424543921137229e-05,8.727595559321344e-05,2.1192140309267415e-07,7.652729982510209e-05,1.2777921938322834e-06,0.000176072062458843,0.00026605743494201306,0.00026605743494201306,0.00016098466043956705,0
101000,9.255937038687989e-05,9.226300608133897e-05,4.190412994375947e-07,0.031417179852724075,9.255937038687989e-05,0.00010147505236091092,5.416051749307371e-07,9.45759384194389e-05,1.2437859595593181e-06,0.00017340162594337016,0.00026690841798426845,0.00026690841798426845,0.00018767691398124953,0
101200,8.969836198957637e-05,9.113757550949231e-05,1.595516368979588e-05,0.028279684484004974,8.969836198957637e-05,9.087195212487131e-05,1.96024501519787e-07,1.286592578253476e-05,1.2786275647158618e-06,0.00017361633945256472,0.0002660325425267729,0.0002660325425267729,0.00010276031227363092,0
101400,8.585450268583372e-05,8.800194336799905e-05,1.3712071449845098e-05,0.028538083657622337,8.585450268583372e-05,7.457622268702835e-05,2.0586362836638727e-07,1.719096144370269e-05,1.3097776445647469e-06,0.00017482858675066382,0.0002641403077632276,0.0002641403077632276,0.0001032513277579028,0
101600,9.961896284949034e-05,0.00010089301940752193,1.7579606719664298e-05,0.028880614787340164,9.961896284949034e-05,9.469642100157216e-05,6.024960725881101e-07,3.7222376704448834e-05,1.316210045843036e-06,0.0001755044359015301,0.00027771366535489506,0.00027771366535489506,0.0001374438356265273,0
101800,8.290744153782725e-05,8.668488590046763e-05,9.927460268954746e-06,0.031778547912836075,8.290744153782725e-05,7.794787234161049e-05,1.8477541630090855e-07,8.555147360311821e-05,1.2556442925415467e-06,0.00017221199232153594,0.0002601525225145451,0.0002601525225145451,0.00016864369055724637,0
102000,8.594623795943335e-05,8.879965025698766e-05,1.685701704445819e-06,0.031757205724716187,8.594623795943335e-05,9.063086326932535e-05,2.0650603005378798e-07,6.33179079159163e-05,1.2657251318159979e-06,0.00017251534154638648,0.00026258071693519014,0.00026258071693519014,0.00014947065190540343,0
102200,8.134923700708896e-05,8.391685696551576e-05,3.8472908272524364e-06,0.030472151935100555,8.134923700708896e-05,7.624972931807861e-05,9.618057674742886e-07,0.0001069050922524184,1.233306988979166e-06,0.00016969752323348075,0.0002548476871879757,0.0002548476871879757,0.00018921613502698165,0
102400,8.405422704527155e-05,8.573137893108651e-05,1.4626864413003204e-06,0.032029733061790466,8.405422704527155e-05,8.423548570135608e-05,1.8664968592929654e-07,6.150913395686075e-05,1.262600108020706e-06,0.00017550686607137322,0.00026250084511048044,0.00026250084511048044,0.0001457500106880616,0
102600,0.00014456261123996228,0.00015232521400321275,1.3943510566605255e-05,0.036341361701488495,0.00014456261123996228,0.0001407182280672714,6.547883799612464e-07,3.814063165918924e-05,1.474700752623903e-06,0.00017813468002714217,0.0003319345947829788,0.0003319345947829788,0.00018335803127911277,0
102800,8.581194560974836e-05,8.929386240197346e-05,1.4259874660638161e-05,0.029195936396718025,8.581194560974836e-05,7.977958739502355e-05,1.391005923778721e-07,2.1248977645882405e-05,1.299347559324815e-06,0.00017339883197564632,0.0002639920419369446,0.0002639920419369446,0.00010720002384800864,0
103000,8.590242941863835e-05,8.813477325020358e-05,2.0686036350525683e-06,0.03230644389986992,8.590242941863835e-05,9.031088120536879e-05,2.5213881826857687e-07,4.126439671381377e-05,1.2398016906445264e-06,0.00017335735901724547,0.0002627319339580936,0.0002627319339580936,0.0001274189649507207,0
103200,0.0001139914384111762,0.00012074062397005036,3.474507320788689e-05,0.023371146991848946,0.0001139914384111762,0.0001072750601451844,2.748074052760785e-07,1.83001538971439e-05,1.440025130250433e-06,0.0001765713532222435,0.0002987520023225443,0.0002987520023225443,0.00013256639971359618,0
103400,8.570426143705845e-05,8.653454278828576e-05,1.2652692930714693e-05,0.02716710977256298,8.570426143705845e-05,8.257126319222152e-05,2.396207321453403e-07,1.6737110854592174e-05,1.2720997801807243e-06,0.00017258315347135067,0.00026038979603981716,0.00026038979603981716,0.00010268099302379596,0
103600,8.628418436273932e-05,8.589382196078077e-05,9.952200343832374e-06,0.02781880833208561,8.628418436273932e-05,7.767080387566239e-05,2.222514581262658e-07,1.6021585906855762e-05,1.28164947454934e-06,0.0001713922101771459,0.000258567681612476,0.000258567681612476,0.00010252802172772135,0
103800,9.467927884543315e-05,0.00010087156988447532,1.9407855234021554e-06,0.0306754931807518,9.467927884543315e-05,0.00010110284347319975,4.7609086095690145e-07,2.3923979824758135e-05,1.2782497833541129e-06,0.00017013416800182313,0.00027228398766965256,0.00027228398766965256,0.00011907934953114818,0
104000,8.377039193874225e-05,8.566327596781775e-05,3.25057925465444e-07,0.030464766547083855,8.377039193874225e-05,8.564940799260512e-05,2.0644175435791112e-07,8.842904207995161e-05,1.23851214084425e-06,0.00017331776325590909,0.0002602195513645711,0.0002602195513645711,0.00017240587577305178,0
104200,0.00011873586481669918,0.00012025731848552823,1.0414237294753548e-05,0.029737411066889763,0.00011873586481669918,0.0001243602018803358,3.8567853266613383e-07,2.7543315809452906e-05,1.3641587202073424e-06,0.00017814573948271573,0.0002997672166884513,0.0002997672166884513,0.00014666485915881822,0
104400,8.212000102503225e-05,8.43670277390629e-05,3.31948740495136e-07,0.030416373163461685,8.212000102503225e-05,7.800187449902296e-05,1.0154699339182116e-06,3.3800773962866515e-05,1.2503575135269784e-06,0.00017280234897043556,0.00025841973422302544,0.00025841973422302544,0.00011693624492181698,0
104600,8.613279351266101e-05,9.107764344662428e-05,1.1592863984333235e-06,0.030955489724874496,8.613279351266101e-05,9.673910244600847e-05,6.242335643946717e-07,1.6584495824645273e-05,1.2260154562682146e-06,0.00017014204058796167,0.00026244569949085417,0.00026244569949085417,0.00010334152290170096,0
104800,8.320574124809355e-05,8.5442305135075e-05,3.5974753131995385e-07,0.030059369280934334,8.320574124809355e-05,8.203565812436864e-05,6.543020276694733e-07,0.0001051143990480341,1.247574573426391e-06,0.00017129542538896203,0.0002579853050974634,0.0002579853050974634,0.00018897444232379712,0
105000,8.484128920827061e-05,8.963504660641775e-05,1.498832489232882e-06,0.031003287062048912,8.484128920827061e-05,8.781677752267569e-05,2.851468821063463e-07,3.6308043490862474e-05,1.2475979929149617e-06,0.00017152578220702708,0.0002624084268063598,0.0002624084268063598,0.00012143447958123943,0
105200,8.242333569796756e-05,8.445845014648512e-05,3.773752496272209e-06,0.03033328987658024,8.242333569796756e-05,8.470258762827143e-05,1.4612915322231856e-07,1.731716656649951e-05,1.2208309954075958e-06,0.00016950801364146173,0.00025518729478335445,0.00025518729478335445,9.988663141768939e-05,0
105400,8.921572589315474e-05,9.4514740339946e-05,9.926300663209986e-06,0.027256257832050323,8.921572589315474e-05,0.00010112919699167833,1.845625234864201e-07,1.5901470760582015e-05,1.2675235439019161e-06,0.00017301224579568952,0.00026879450967953744,0.00026879450967953744,0.00010530175917722318,0
105600,8.259747846750543e-05,8.571606304030865e-05,7.602047389809741e-06,0.028286004438996315,8.259747846750543e-05,8.358341437997296e-05,1.8671455848107144e-07,3.3786414860514924e-05,1.2459810250220471e-06,0.0001722266461001709,0.0002591886901655016,0.0002591886901655016,0.00011657060788650142,0
105800,8.496476948494092e-05,8.749618427827954e-05,1.850872467912268e-05,0.024276457726955414,8.496476948494092e-05,8.27455660328269e-05,6.142279289633734e-07,2.602551285235677e-05,1.3011482451474876e-06,0.00017764723452273756,0.0002664445670461646,0.0002664445670461646,0.00011160451026626106,0
106000,8.350329881068319e-05,8.588800119468942e-05,2.309796627741889e-06,0.02816791832447052,8.350329881068319e-05,8.588349010096863e-05,2.4629937911413435e-07,9.232158481609076e-05,1.2651828456000658e-06,0.0001749411749187857,0.0002620943589590752,0.0002620943589590752,0.0001760711830058881,0
106200,9.018693526741117e-05,9.249371942132711e-05,1.7751312043401413e-05,0.026406412944197655,9.018693526741117e-05,8.092969801509753e-05,2.7760054877035145e-07,1.522360798844602e-05,1.3057124306214973e-06,0.0001760774466674775,0.0002698768785194261,0.0002698768785194261,0.00010568814380462754,0
106400,8.279970643343404e-05,8.427385182585567e-05,5.842741757078329e-06,0.026858143508434296,8.279970643343404e-05,8.297141175717115e-05,2.235868379329986e-07,6.485675839940086e-05,1.2341239425950334e-06,0.00017137489339802414,0.00025688286916647485,0.00025688286916647485,0.0001478800516707679,0
106600,0.0001035732711898163,0.00010581903188722208,5.7895300415111706e-05,0.023362670093774796,0.0001035732711898163,7.56136723794043e-05,3.1082871032594994e-07,5.353749293135479e-05,1.401685040036682e-06,0.00018181544146500528,0.00028903615839226404,0.00028903615839226404,0.00015742159283149704,0
106800,8.254151907749474e-05,8.56286715134047e-05,9.726895768835675e-06,0.02674250677227974,8.254151907749474e-05,7.995040505193174e-05,1.5531354335962533e-07,2.621459134388715e-05,1.2527252692962065e-06,0.0001718955609248951,0.000258776957707596,0.000258776957707596,0.00010891142396474152,0
107000,8.273240382550284e-05,8.54133686516434e-05,4.366958364698803e-06,0.026540817692875862,8.273240382550284e-05,8.374154276680201e-05,3.377370205726038e-07,6.683520041406155e-05,1.2468486829675385e-06,0.00017213572573382407,0.000258795943068435,0.000258795943068435,0.000149905341260137,0
107200,8.817661728244275e-05,9.044606849784032e-05,5.205294655752368e-06,0.026893511414527893,8.817661728244275e-05,9.520170715404674e-05,7.943335162963194e-07,1.3777858839603141e-05,1.246978740709892e-06,0.00017102835408877581,0.000262721401327326,0.000262721401327326,0.00010274880963834221,0
107400,8.30033968668431e-05,8.617542334832251e-05,1.306619992647029e-06,0.028571223840117455,8.30033968668431e-05,8.616003469796851e-05,1.2842629075748846e-06,1.195991899294313e-05,1.2410091585479677e-06,0.0001723761815810576,0.0002597926140879281,0.0002597926140879281,9.624757876736112e-05,0
107600,0.00012239310308359563,0.00012142163177486509,2.0218554709572345e-05,0.02848552167415619,0.00012239310308359563,0.00014009609003551304,3.2454579468321754e-07,2.0770850824192166e-05,1.3342953479877906e-06,0.00018344882118981332,0.0003062047483126662,0.0003062047483126662,0.00014348849970247102,0
107800,8.325523958774284e-05,8.548919868189842e-05,1.0865641343116295e-05,0.025716807693243027,8.325523958774284e-05,7.845983054721728e-05,8.367001669284946e-07,2.9905471819802187e-05,1.2780313909388497e-06,0.00017421420488972217,0.00026098143496255943,0.00026098143496255943,0.00011399741157447352,0
108000,8.644130139146e-05,9.015009709401056e-05,9.262189450964797e-06,0.026085663586854935,8.644130139146e-05,8.542010618839413e-05,4.867818006459856e-07,6.46738481009379e-05,1.2484878197938087e-06,0.0001693003432592377,0.0002606989281730421,0.0002606989281730421,0.0001516019312930439,0
108200,9.46475556702353e-05,9.891133231576532e-05,1.5295781849999912e-06,0.027648797258734703,9.46475556702353e-05,0.00010081450454890728,2.8707430033136916e-07,6.42509912722744e-05,1.2890770904050441e-06,0.00017108372412621975,0.0002712841335323901,0.0002712841335323901,0.00015918562124284108,0
108400,8.275450818473473e-05,8.586360490880907e-05,1.8983752170242951e-06,0.027908693999052048,8.275450818473473e-05,8.407924906350672e-05,1.8092518416779058e-07,7.640381954843178e-05,1.2437266150300275e-06,0.0001710552751319483,0.0002581626066557874,0.0002581626066557874,0.0001593392529173343,0
108600,9.1751673608087e-05,9.289279842050746e-05,2.1577428924501874e-05,0.0237396489828825,9.1751673608087e-05,8.293777500512078e-05,7.938211297187081e-07,0.00017673133697826415,1.3359359627429512e-06,0.00017831046716310084,0.00027253920154635125,0.00027253920154635125,0.00026927683171606986,0
108800,8.62274318933487e-05,9.067251812666655e-05,1.194829928863328e-05,0.025271926075220108,8.62274318933487e-05,8.692011761013418e-05,5.710267600989027e-07,1.424796209903434e-05,1.2761529433191754e-06,0.0001730475341901183,0.00026499620526010403,0.00026499620526010403,0.00010104642075248194,0
109000,8.75280675245449e-05,9.205647802446038e-05,3.097143417107873e-05,0.02414594404399395,8.75280675245449e-05,7.88355537224561e-05,3.3014799782904447e-07,3.518530138535425e-05,1.315328290729667e-06,0.000178083500941284,0.00027145530725647404,0.00027145530725647404,0.0001230435169077282,0
109200,8.512780914315954e-05,8.630439697299153e-05,8.989086381916422e-06,0.024913212284445763,8.512780914315954e-05,7.889982225606218e-05,5.517105137187173e-07,1.992928264371585e-05,1.2564291864691768e-06,0.00017055759963113815,0.00025811842579059885,0.00025811842579059885,0.00010560880230059411,0
109400,8.37558472994715e-05,8.602158777648583e-05,6.570754067070084e-06,0.02464674785733223,8.37558472994715e-05,8.494785288348794e-05,1.463696293058092e-07,1.5446936231455766e-05,1.2617890661204e-06,0.00017372818547300994,0.0002610115623156162,0.0002610115623156162,9.934915316023307e-05,0
109600,9.971924737328663e-05,0.00010390111856395379,5.556557880481705e-06,0.029587380588054657,9.971924737328663e-05,0.00010245805606245995,2.0894667329685035e-07,4.043489389005117e-05,1.327327822764346e-06,0.00017814691818784922,0.00028337536457456736,0.00028337536457456736,0.00014036308793663466,0
109800,8.206436177715659e-05,8.562704169889912e-05,1.3817647413816303e-05,0.024613603949546814,8.206436177715659e-05,8.492036431562155e-05,8.279232019958727e-07,1.697233528830111e-05,1.2279828069949872e-06,0.00017077899246942252,0.0002576340169753166,0.0002576340169753166,9.986462026745357e-05,0
110000,9.560799662722275e-05,0.00010206363367615268,1.735565092531033e-05,0.025420499965548515,9.560799662722275e-05,9.579770267009735e-05,6.233743192751717e-07,1.8311595340492204e-05,1.3402086551650427e-06,0.00017552280041854829,0.000278926642749866,0.000278926642749866,0.00011454296628699012,0
110200,8.747052925173193e-05,8.992394577944651e-05,2.2991316654952243e-05,0.022991683334112167,8.747052925173193e-05,8.294579311041161e-05,2.0335319561581855e-07,2.3525601136498153e-05,1.2840272347602877e-06,0.0001766280474839732,0.00026783602049818,0.00026783602049818,0.0001111994835838459,0
110400,9.399285045219585e-05,9.343613055534661e-05,8.296896339743398e-06,0.027354765683412552,9.399285045219585e-05,0.00010683949949452654,2.1366079749896016e-07,3.531850234139711e-05,1.2683390195888933e-06,0.00017992270295508206,0.00027462717253001756,0.00027462717253001756,0.00012952501359109192,0
110600,8.463705307804048e-05,8.622096356702968e-05,1.5079559716468793e-06,0.025678250938653946,8.463705307804048e-05,9.058156138053164e-05,2.596040644675668e-07,1.2820159099646844e-05,1.2384507499518804e-06,0.00017367869440931827,0.00026113810872629983,0.00026113810872629983,9.771681624215489e-05,0
110800,9.012619557324797e-05,9.366342419525608e-05,5.2468843932729214e-05,0.022822462022304535,9.012619557324797e-05,7.375382847385481e-05,2.3884976485533116e-07,6.84684346197173e-05,1.3164839174351073e-06,0.00017929254681803286,0.00027427245493072405,0.00027427245493072405,0.0001588334799578206,0
111000,0.00010567832214292139,0.00011288890527794138,3.01681302516954e-06,0.02602718397974968,0.00010567832214292139,0.00012556214642245322,3.0163803899085906e-07,0.00013202172704041004,1.3153367035556585e-06,0.00017007283167913556,0.0002842770736606326,0.0002842770736606326,0.0002380016872223223,0
111200,8.463454287266359e-05,8.843150862958282e-05,1.1206847375433426e-05,0.024032289162278175,8.463454287266359e-05,7.509679562645033e-05,2.299775019309891e-07,1.8290398656972684e-05,1.285955931962235e-06,0.00017272554396186024,0.0002624430085234053,0.0002624430085234053,0.00010315491903156726,0
111400,8.600878936704248e-05,9.012249211082235e-05,6.47807269160694e-07,0.02559974417090416,8.600878936704248e-05,8.603366586612538e-05,1.725518075090804e-07,2.7766860512201674e-05,1.2505556696851272e-06,0.00017173790547531098,0.00026311095325581846,0.00026311095325581846,0.00011394820168675324,0
111600,0.00010049816773971543,9.824534936342388e-05,1.8170042039855616e-06,0.025037825107574463,0.00010049816773971543,9.674306056695059e-05,2.813351329677971e-07,1.770534618117381e-05,1.3224454278315534e-06,0.00017015388584695756,0.000269721680638213,0.000269721680638213,0.00011848484905385703,0
111800,8.352516306331381e-05,8.642242755740881e-05,2.0646946268243482e-06,0.024015452712774277,8.352516306331381e-05,8.418646757490933e-05,1.6870198749074916e-07,0.0001912552397698164,1.2497010857259738e-06,0.00017205077165272087,0.00025972290029585565,0.00025972290029585565,0.00027494910482062096,0
112000,9.679151116870344e-05,9.520663297735155e-05,4.086599801667035e-06,0.021422820165753365,9.679151116870344e-05,0.00010338318679714575,2.839006754129514e-07,2.7474969101604074e-05,1.2958074648850015e-06,0.00017859952640719712,0.00027510196684943367,0.00027510196684943367,0.00012455038094572046,0
112200,8.279566827695817e-05,8.413039176957682e-05,8.587784577684943e-06,0.02279307134449482,8.279566827695817e-05,8.187875937437639e-05,4.732496847736911e-07,0.00010176160867558792,1.2240160458532046e-06,0.00016886123921722174,0.00025421564703265176,0.00025421564703265176,0.00018503052663731978,0
112400,0.00010565856791799888,0.0001038291011354886,1.4983039363869466e-05,0.021550623700022697,0.00010565856791799888,0.00011183762399014086,8.365454959857743e-07,3.907352584064938e-05,1.32281684273039e-06,0.00017107289750128984,0.00027622481547950883,0.00027622481547950883,0.00014556863925463404,0
112600,8.36995750432834e-05,8.716659067431465e-05,1.960418558155652e-05,0.021998001262545586,8.36995750432834e-05,7.539791113231331e-05,7.092615419423964e-07,0.00013301384751684964,1.2595414773386437e-06,0.00017260704771615565,0.00026103317986780894,0.00026103317986780894,0.00021742268410207544,0
112800,8.513761713402346e-05,8.546286699129269e-05,1.9667551896418445e-05,0.02146810106933117,8.513761713402346e-05,7.679435657337308e-05,1.9210837365335465e-07,8.157370757544413e-05,1.2634395716304425e-06,0.00017121669952757657,0.0002579430060904997,0.0002579430060904997,0.00016690343308312094,0
113000,8.185135811800137e-05,8.482669363729656e-05,6.964707154111238e-06,0.022892655804753304,8.185135811800137e-05,7.809251837898046e-05,1.2837948588639847e-06,1.2933634025102947e-05,1.2289461892578402e-06,0.00017009786097332835,0.00025615350079988275,0.00025615350079988275,9.60687870019683e-05,0
113200,8.644895569887012e-05,8.804286335362121e-05,1.2098621482437011e-05,0.022451302036643028,8.644895569887012e-05,8.398412319365889e-05,2.5657928404143604e-07,2.3084554413799196e-05,1.2517585901150596e-06,0.00017166355974040926,0.00026095818168414553,0.00026095818168414553,0.00010979008939671075,0
113400,8.428061846643686e-05,8.502957643941045e-05,8.053081614889379e-07,0.024044707417488098,8.428061846643686e-05,8.141048601828516e-05,2.2334944560498116e-07,0.00010441546328365803,1.2539927638499648e-06,0.00017191172810271382,0.00025819529730597424,0.00025819529730597424,0.00018891943119569987,0
113600,9.542413317831233e-05,0.00010059685882879421,2.241036418126896e-05,0.020927662029862404,9.542413317831233e-05,7.247226312756538e-05,4.186925082194648e-07,9.783858695300296e-05,1.3518847481464036e-06,0.00017414218746125698,0.0002760909310381976,0.0002760909310381976,0.00019368141263953476,0
113800,8.741410420043394e-05,9.095462155528367e-05,3.006710539921187e-05,0.02071286365389824,8.741410420043394e-05,8.040138345677406e-05,4.00926410293323e-07,0.00012379014515317976,1.286715928472404e-06,0.0001757577119860798,0.0002679990494698359,0.0002679990494698359,0.00021160517576390703,0
114000,9.207238326780498e-05,9.616445458959788e-05,7.684442971367389e-05,0.018696174025535583,9.207238326780498e-05,8.716612501302734e-05,1.6379163980673184e-07,3.063129770453088e-05,1.3182140037315548e-06,0.00018017971888184547,0.0002776623874751749,0.0002776623874751749,0.0001228674726121426,0
114200,8.339069609064609e-05,8.565014286432415e-05,1.6895635781111196e-05,0.020425990223884583,8.339069609064609e-05,7.698824629187584e-05,1.515759038284159e-07,4.9726979341357946e-05,1.2634494623853243e-06,0.0001732732489472255,0.000260186841273935,0.000260186841273935,0.00013326925133583245,0
114400,8.319452899741009e-05,8.446559513686225e-05,1.8337972278459347e-06,0.02417432889342308,8.319452899741009e-05,8.630056254332885e-05,1.9819835017642617e-07,0.0001356790744466707,1.20959225569095e-06,0.00016886442608665675,0.00025453961347920995,0.00025453961347920995,0.00021907180179425723,0
114600,8.355743921129033e-05,8.774132584221661e-05,1.8496681150281802e-05,0.02167363278567791,8.355743921129033e-05,7.949205610202625e-05,1.8087607145389484e-07,6.761170516256243e-05,1.2468924524000613e-06,0.00017244515765924007,0.00026143337595385674,0.00026143337595385674,0.00015135002044530665,0
114800,8.910446194931865e-05,9.023264283314347e-05,1.765330307534896e-05,0.020564764738082886,8.910446194931865e-05,8.409834117628634e-05,2.3612636823600042e-07,1.4173398085404187e-05,1.2748172366627841e-06,0.00017168093472719193,0.0002631883947969982,0.0002631883947969982,0.00010351398640295884,0
115000,8.326716488227248e-05,8.66816335474141e-05,1.4804793408984551e-06,0.022939763963222504,8.326716488227248e-05,8.194702968467027e-05,1.901784258961925e-07,2.3822183720767498e-05,1.248700073119835e-06,0.0001717976847430691,0.00025972801836360304,0.00025972801836360304,0.00010727952702893617,0
115200,8.177918061846867e-05,8.468649321002886e-05,1.0822028343682177e-05,0.021207531914114952,8.177918061846867e-05,8.060759864747524e-05,4.2989549342564715e-07,5.222617619438097e-05,1.2368726629574667e-06,0.0001708018098725006,0.0002567251757454869,0.0002567251757454869,0.0001344352523062753,0
115400,8.131465438054875e-05,8.293961582239717e-05,5.088874786451925e-06,0.02138434909284115,8.131465438054875e-05,7.911222928669304e-05,7.6181794383956e-07,1.5245032045640983e-05,1.2240716387168504e-06,0.00016833665722515434,0.00025250034468626836,0.00025250034468626836,9.732150437002929e-05,1
115600,8.576858817832544e-05,8.522066491423175e-05,7.948710276650672e-07,0.02262161485850811,8.576858817832544e-05,8.401766535826027e-05,5.44793465451221e-07,1.705094655335415e-05,1.219162641064031e-06,0.00016929747653193772,0.0002557373040872335,0.0002557373040872335,0.00010336432819713082,0
115800,8.553539373679087e-05,8.930800686357543e-05,3.8050513921916718e-06,0.022309228777885437,8.553539373679087e-05,8.984968008007854e-05,1.4801119618823577e-07,5.725034134229645e-05,1.257312419511436e-06,0.00017111783381551504,0.0002616831530986019,0.0002616831530986019,0.00014293374627527555,0
116000,0.00014911478501744568,0.00016050125123001635,6.324032256088685e-06,0.02673136070370674,0.00014911478501744568,0.00017215393017977476,6.767009494978993e-07,2.167288948839996e-05,1.4857467931506108e-06,0.00017540121916681528,0.00033738821718998224,0.00033738821718998224,0.00017146437545534354,0
116200,8.298334432765841e-05,8.732634159969166e-05,6.535522061312804e-07,0.023002883419394493,8.298334432765841e-05,8.327986870426685e-05,3.250708573432348e-07,1.743849497870542e-05,1.2161291351731052e-06,0.0001707170158624649,0.00025925948659732967,0.00025925948659732967,0.00010074691016370707,0
116400,8.477830851916224e-05,8.70368821779266e-05,9.152457209893328e-07,0.019413473084568977,8.477830851916224e-05,8.282357885036618e-05,1.6848545669745363e-07,4.7119214286794886e-05,1.2585014701471664e-06,0.00017353454313706607,0.00026182992678513983,0.00026182992678513983,0.00013206600826265458,0
116600,8.65124020492658e-05,9.09841328393668e-05,3.7299894302122993e-06,0.02063922770321369,8.65124020492658e-05,8.578172128181905e-05,9.780897016753443e-07,0.00013333262177184224,1.279057073588774e-06,0.00017306407971773297,0.00026532726963068853,0.00026532726963068853,0.0002208231135227834,0
116800,8.822386735118926e-05,9.062457684194669e-05,8.833081324155501e-07,0.020594831556081772,8.822386735118926e-05,9.910645167110488e-05,2.2874088756452693e-07,4.990205343347043e-05,1.2418419146342785e-06,0.00017375229799654335,0.0002656187167531243,0.0002656187167531243,0.0001383546616722242,0
117000,8.416329364990816e-05,8.750941196922213e-05,1.9471364794299006e-05,0.019248444586992264,8.416329364990816e-05,7.275371899595484e-05,7.890943152233376e-07,5.5726439313730225e-05,1.281496338378929e-06,0.00017335482698399574,0.0002621457352915968,0.0002621457352915968,0.00014067882727886172,0
117200,0.0001836865849327296,0.00017939774261321872,0.00011952676140936092,0.01424057874828577,0.0001836865849327296,0.00016839381714817137,4.36940752024384e-07,3.8077927456470206e-05,1.6960991615633247e-06,0.00019469214021228254,0.0003757859819870646,0.0003757859819870646,0.0002222014531412242,0
117400,8.756068564252928e-05,9.209397831000388e-05,9.339052667201031e-06,0.020758584141731262,8.756068564252928e-05,8.807610720396042e-05,4.943578915117541e-07,1.729328687360976e-05,1.2570916396725806e-06,0.00017004116671159863,0.0002633922366612751,0.0002633922366612751,0.00010534833040765079,0
117600,8.229778904933482e-05,8.608523057773709e-05,6.151010438770754e-06,0.020700883120298386,8.229778904933482e-05,8.374333992833272e-05,7.016083714006527e-07,8.357694605365396e-05,1.2292506426092586e-06,0.00016844099445734173,0.0002557554756776881,0.0002557554756776881,0.00016657634347438943,0
117800,0.00011413548782002181,0.00012016372056677938,1.3320606058186968e-06,0.02105146087706089,0.00011413548782002181,0.00012146939116064459,2.656165349890216e-07,2.2810703740105964e-05,1.4008035122969886e-06,0.0001767089997883886,0.000298273523867465,0.000298273523867465,0.0001372118080951168,0
118000,0.00010569052392384037,0.00010628876043483615,1.4418523278436624e-05,0.024391064420342445,0.00010569052392384037,0.00012152717681601644,8.44530688937084e-07,2.493413194315508e-05,1.252004722118727e-06,0.00017655963893048465,0.00028410040408743953,0.00028410040408743953,0.00013146918655593254,0
118200,8.962334686657414e-05,9.04399057617411e-05,2.4022889192565344e-05,0.017256926745176315,8.962334686657414e-05,7.91439670138061e-05,3.9334466350737785e-07,2.7268963094684295e-05,1.2824990562876337e-06,0.00017313410353381187,0.0002648565083518406,0.0002648565083518406,0.00011728565462476581,0
118400,0.00011374940368114039,0.00012146428343839943,1.0659089184628101e-06,0.022293509915471077,0.00011374940368114039,0.00013269401097204536,3.612131536101515e-07,4.48829450760968e-05,1.3178853350837016e-06,0.00016656699881423265,0.0002893491675877158,0.0002893491675877158,0.00015899356191084735,0
118600,9.802999556995928e-05,0.00010214836947852746,1.4624547475250438e-06,0.02089698240160942,9.802999556995928e-05,9.819957631407306e-05,3.5438719692137965e-07,7.670230115763843e-05,1.302603550357162e-06,0.00017260479216929525,0.00027605576519817987,0.00027605576519817987,0.0001750866839245191,0
118800,8.954279473982751e-05,9.22826657188125e-05,9.519592822471168e-06,0.02164149098098278,8.954279473982751e-05,9.246525587514043e-05,7.160968493735709e-07,0.00010452690912643448,1.2511349041233188e-06,0.00017708612722344697,0.0002706199278463828,0.0002706199278463828,0.00019478580071563556,0
119000,8.744881779421121e-05,8.979691483546048e-05,1.840742515923921e-05,0.01774447411298752,8.744881779421121e-05,7.772442768327892e-05,6.005657837704348e-07,9.645820682635531e-05,1.2984060049348045e-06,0.0001752112730173394,0.0002663065938577347,0.0002663065938577347,0.00018450759040433695,0
119200,0.00010257983376504853,0.00010406973888166249,8.366885595023632e-05,0.014607260003685951,0.00010257983376504853,8.850297308526933e-05,2.943181129921868e-07,1.6770378351793624e-05,1.356719394607353e-06,0.00018470945360604674,0.0002901359118823166,0.0002901359118823166,0.00011964453022983434,0
119400,9.102078911382705e-05,9.057349961949512e-05,9.447433626519341e-07,0.020270416513085365,9.102078911382705e-05,0.00010208823368884623,5.296996050674352e-07,2.1208004909567535e-05,1.2400168998283334e-06,0.00017056333308573812,0.0002623768496050616,0.0002623768496050616,0.00011275849362846202,0
119600,0.0001027541802613996,0.00010187675070483238,3.496346835163422e-05,0.016117924824357033,0.0001027541802613996,9.50887260842137e-05,3.386769833468861e-07,1.470063034503255e-05,1.3546846275858115e-06,0.00017615441174712032,0.0002793858470795385,0.0002793858470795385,0.00011779348758977903,0
119800,8.226239151554182e-05,8.335828897543252e-05,2.07513239729451e-05,0.017638877034187317,8.226239151554182e-05,7.723386079305783e-05,1.6388304402426002e-07,3.9294744055951014e-05,1.1973239679718972e-06,0.00016654205683153123,0.00025109766977493564,0.00025109766977493564,0.0001217210186155171,1
120000,8.477544906781986e-05,8.739234181120992e-05,1.2163351357230567e-06,0.018834205344319344,8.477544906781986e-05,8.989235357148573e-05,9.076236437977059e-07,1.53794953803299e-05,1.2288369362067897e-06,0.00017121947894338518,0.0002598406576908019,0.0002598406576908019,0.00010106256809194747,0
