alpha,beta,coef_dbeta,coef_hx,coefficients,condition,d_tol,eval,lamb,loss,message,mse,operator_seconds,regression_seconds,seconds,status,stridge_mode,support,tolerance,validation_residual_norm
0.6398411968399667,1.9843334829807215,0.2169344837771595,-1.353378621214747,0;0;-1.35337862121;0.216934483777;0.761096463274;0;0;-0.363086667593;0;0;0.0448906341143;0,62558.813958563485,0.005,1,3e-06,2.990450263947695,,0.002169718169907811,0.8701553999999998,0.0625281000000002,0.9326888000000002,ok,same_stridge_core,Hx;D_x^1.984333 H;Hxxx;H*Hxx;H^2*Hxx,0.035,2.0520680545692427
0.8272313940622935,1.3265900352261721,-0.12314504967332186,-0.6805323532072282,0.0377680481666;0;-0.680532353207;-0.123145049673;1.07575080476;0;0;0.188443729374;0.075335239549;0;0;0,53177.37895088159,0.005,2,3e-06,1.9201929923270904,,0.0004762267654094993,1.0324826000000003,0.04543720000000029,1.0779241999999996,ok,same_stridge_core,1;Hx;D_x^1.32659 H;Hxxx;H*Hxx;H*Hxxx,0.03236842105263158,0.9630001712112216
0.48827768361114166,1.2333223634026589,1.0483530430937393,-1.8882051416150507,0.119804749163;-0.0541420090625;-1.88820514162;1.04835304309;-18.0110124119;0;-0.655536961928;-1.56155574858;0.107111184938;0.0604400673011;0.0949663305631;0.11273733016,53312.41633604115,0.005,3,3e-06,4.071230141080469,,0.0027834520386195018,1.0103615000000001,0.05641210000000019,1.0667783000000002,ok,same_stridge_core,1;H;Hx;D_x^1.233322 H;Hxxx;H*Hx;H*Hxx;H*Hxxx;H^2*Hx;H^2*Hxx;H^2*Hxxx,0.04441176470588234,2.3119204019911113
0.03475906169579762,1.4236766483651773,13.405994726631363,-4.989724631331087,-0.924770366751;0;-4.98972463133;13.4059947266;-117.046725262;0;-4.44826143294;-11.8985139707;-2.41315631734;0.418543989476;0.717815647016;1.20633120633,53036.26629268782,0.005,4,3e-06,15.081936992471688,,0.09692933954566202,0.9999466000000004,0.05080740000000006,1.0507601000000006,ok,same_stridge_core,1;Hx;D_x^1.423677 H;Hxxx;H*Hx;H*Hxx;H*Hxxx;H^2*Hx;H^2*Hxx;H^2*Hxxx,0.10000000000000002,13.490849003691054
0.6897075374345438,1.717450446896344,0.22534946284317484,-1.2520193213880928,0;0;-1.25201932139;0.225349462843;0;0;0;0;-0.0408350474583;0;0;0,53750.26290359769,0.005,5,3e-06,1.9671021721375592,,0.001125614619795917,0.9944182000000001,0.04107850000000024,1.0355042999999995,ok,same_stridge_core,Hx;D_x^1.71745 H;H*Hxxx,0.030000000000000002,1.48334980600518
0.4610692270263791,1.8222514018941443,16.752525441070894,-0.5919448660894566,-0.823990139146;0.118333733065;-0.591944866089;16.7525254411;29.0942874833;0;-1.35591916798;-7.00305231865;-17.1841176739;0.122671105883;0.507266385342;1.68170531825,56735.250772966545,0.005,6,3e-06,6.360759333517599,,0.010276129370353203,0.9980568999999999,0.03962770000000049,1.0376933,ok,same_stridge_core,1;H;Hx;D_x^1.822251 H;Hxxx;H*Hx;H*Hxx;H*Hxxx;H^2*Hx;H^2*Hxx;H^2*Hxxx,0.015,4.488496058009703
0.5670294351944193,1.8979235825722076,0.0,-1.6794620730204457,-0.0378752734188;0;-1.67946207302;0;0;0;0;-0.62626876934;0;0;0.0701363061829;0,60672.44593819137,0.005,7,3e-06,4.245153415626257,,0.006409584440803075,0.9996109000000004,0.04873130000000003,1.0483469999999997,ok,same_stridge_core,1;Hx;H*Hxx;H^2*Hxx,0.025,3.5170840643679604
0.5327415280355602,1.9140459871620286,-0.43933980274336604,-1.7897553463508342,0;0;-1.78975534635;-0.439339802743;0;0;0;-0.654817889208;0;0;0.0818853357355;0,61399.11518818076,0.005,8,3e-06,5.443103450293706,,0.011252485857015817,0.9573082999999993,0.04426310000000022,1.001578499999999,ok,same_stridge_core,Hx;D_x^1.914046 H;H*Hxx;H^2*Hxx,0.04424895323371512,4.706314068035537
0.3262435959567813,1.346222446490526,3.526354612584309,-2.7689753480607546,-0.116819176653;-0.0448579516753;-2.76897534806;3.52635461258;-43.5474966459;0;-1.52984203208;-3.75760828568;0.39580566643;0.143002953182;0.21926946413;0.27724078737,53148.18426844605,0.005,9,3e-06,6.334304134177803,,0.011012092988429131,0.9897697999999995,0.052945600000001036,1.0427204999999997,ok,same_stridge_core,1;H;Hx;D_x^1.346222 H;Hxxx;H*Hx;H*Hxx;H*Hxxx;H^2*Hx;H^2*Hxx;H^2*Hxxx,0.08976190476190479,4.580414053319084
0.1609193601076711,1.5187559856583701,13.815532322868908,-2.4437943492519114,-0.628669472657;0;-2.44379434925;13.8155323229;-39.5107162797;0;-3.59549993525;-9.97256182182;-14.4418897218;0.323944903949;0.60656226767;1.85195954748,52937.6327909742,0.005,10,3e-06,10.647593449943635,,0.04328836584121598,0.9616626000000004,0.05394539999999992,1.0156194000000003,ok,same_stridge_core,1;Hx;D_x^1.518756 H;Hxxx;H*Hx;H*Hxx;H*Hxxx;H^2*Hx;H^2*Hxx;H^2*Hxxx,0.12500000000000003,9.05946446621441
0.9835196037494893,1.9447504218202099,0.8226262177665744,-0.441366661795223,0.0523870200435;0;-0.441366661795;0.822626217767;0;0;0;0.0771629537423;0.24478919592;0;0;0,62340.26567961365,0.005,11,3e-06,2.568308443017136,,0.0013889291263606558,0.9497345999999993,0.03535449999999862,0.9850992000000005,ok,same_stridge_core,1;Hx;D_x^1.94475 H;H*Hxx;H*Hxxx,0.048125,1.633204457822931
0.6146006696466672,1.3004035357147372,0.4580808546021553,-1.8170283709933066,0;0;-1.81702837099;0.458080854602;0;0;0;-0.171088520481;0;0;0;-0.0441121825462,53216.11654787378,0.005,12,3e-06,2.584353419191914,,0.0020389011317056833,0.9812863000000007,0.03922649999999983,1.0205172000000005,ok,same_stridge_core,Hx;D_x^1.300404 H;H*Hxx;H^2*Hxxx,0.025,1.945760020617429
0.8561045804375035,1.2032624790185626,-0.16700542037888935,-0.6049925927832486,0;0;-0.604992592783;-0.167005420379;0;0;0;0.179134667471;0.129467748796;0;0;0,53353.61197612954,0.005,13,3e-06,1.8960800761968617,,0.0008275941981188857,0.956003299999999,0.04507449999999835,1.0010829999999995,ok,same_stridge_core,Hx;D_x^1.203262 H;H*Hxx;H*Hxxx,0.04915344831535307,1.2558367324833073
0.1895240972696292,1.1663845561892876,2.9425417065164607,-5.008361422934429,-0.178301190556;-0.0838498431146;-5.00836142293;2.94254170652;-106.137808002;0;-1.91830583428;-5.12962779991;11.7922465117;0.194689819165;0.314112275299;-0.410178423699,53402.20886023003,0.005,14,3e-06,9.533446461628742,,0.032079276583573284,0.9812789999999989,0.04763879999999787,1.0289269000000019,ok,same_stridge_core,1;H;Hx;D_x^1.166385 H;Hxxx;H*Hx;H*Hxx;H*Hxxx;H^2*Hx;H^2*Hxx;H^2*Hxxx,0.12500000000000003,7.771173569241152
0.9561099667340214,1.8484264583035248,0.785631245189496,-0.6152662301148358,0;0;-0.615266230115;0.785631245189;0;0;0;0;0;0;0;0,58033.51476811918,0.005,15,3e-06,2.458727759412519,,0.0022656669685735954,0.9852468999999999,0.04389589999999899,1.029152700000001,ok,same_stridge_core,Hx;D_x^1.848426 H,0.05999999999999999,2.110526670803804
0.5841555853519856,1.6529662656663584,3.618371209832954,-0.9950476177820613,-0.0712750624821;0;-0.995047617782;3.61837120983;7.53005646172;0;-0.598078778344;-1.93149000467;-5.63299290829;0.0507243830285;0.127150273231;0.542047868868,53154.38378480758,0.005,16,3e-06,3.267318661696259,,0.0014212859227078578,0.9746541999999998,0.054820400000000546,1.0294860999999997,ok,same_stridge_core,1;Hx;D_x^1.652966 H;Hxxx;H*Hx;H*Hxx;H*Hxxx;H^2*Hx;H^2*Hxx;H^2*Hxxx,0.02538888888888889,1.672687148152032
0.7196157247965254,1.0545833624534255,0.047668223461429945,-1.1701227921573103,0.0149311415799;0;-1.17012279216;0.0476682234614;0;0;0;0.0582278492668;0;0;0;0,53535.8152376426,0.005,17,3e-06,1.5666551665806865,,0.00044726583904209575,0.9690876000000017,0.039920399999999745,1.0090159000000014,ok,same_stridge_core,1;Hx;D_x^1.054583 H;H*Hxx,0.01,0.9242253837289752
0.38130778395924786,1.5482120653716076,6.834058807330279,-1.5912057149148748,-0.266369659277;0;-1.59120571491;6.83405880733;-9.14963548281;0;-1.62921335678;-4.51821537933;-8.31104445116;0.14414186483;0.273244674124;0.945264115384,52930.249421710505,0.005,18,3e-06,5.482001507890425,,0.007859011249329877,0.9460694000000025,0.040408799999998024,0.9864838999999996,ok,same_stridge_core,1;Hx;D_x^1.548212 H;Hxxx;H*Hx;H*Hxx;H*Hxxx;H^2*Hx;H^2*Hxx;H^2*Hxxx,0.08166666666666662,3.89409402523911
0.10787678371950143,1.5005149961146462,15.005760132395052,-3.376893701065822,-0.922330719432;-0.100193319245;-3.37689370107;15.0057601324;-76.2619126009;0.0262218739979;-4.12508918804;-10.7122756659;-8.49160139635;0.387697166282;0.679778642209;1.50019762833,52949.663806556164,0.005,19,3e-06,12.558530244348974,,0.059805688318091466,0.9683285000000019,0.037576500000000124,1.0059088000000003,ok,same_stridge_core,1;H;Hx;D_x^1.500515 H;Hxxx;H^2;H*Hx;H*Hxx;H*Hxxx;H^2*Hx;H^2*Hxx;H^2*Hxxx,0.005,10.652342347312953
0.26588866376413955,1.022521899032092,1.3536536559611945,-4.357291439913318,0.0491258153172;-0.104109345795;-4.35729143991;1.35365365596;-84.3543586738;0;-1.25223499965;-3.64054128505;11.0475135471;0.131252573987;0.233027274106;-0.495926629906,53570.387189732864,0.005,20,3e-06,7.706983137740605,,0.018687928715776653,0.9735989000000025,0.045929000000001,1.0195347999999989,ok,same_stridge_core,1;H;Hx;D_x^1.022522 H;Hxxx;H*Hx;H*Hxx;H*Hxxx;H^2*Hx;H^2*Hxx;H^2*Hxxx,0.09214285714285718,5.939160360479421
0.35859582962079406,1.3901220833128705,3.6836520338093215,-2.732072501237731,-0.294184511153;0;-2.73207250124;3.68365203381;-40.460554382;0;-1.32798193803;-3.31036319121;1.05579490868;0.125368893455;0.189746516317;0.18928244777,53083.51541311626,0.005,21,3e-06,5.663330399632901,,0.008658238078933761,0.9806563999999973,0.05844019999999972,1.039107099999999,ok,same_stridge_core,1;Hx;D_x^1.390122 H;Hxxx;H*Hx;H*Hxx;H*Hxxx;H^2*Hx;H^2*Hxx;H^2*Hxxx,0.06999999999999999,4.070824937239413
0.910601616259219,1.4680659307852015,-0.6442373750885065,-0.8669963281347136,0.0769781088624;0;-0.866996328135;-0.644237375089;4.64576523799;0;0.277998550817;0.418137042736;0.223092822519;-0.0237300056919;0;-0.0127820080283,52980.817883701064,0.005,22,3e-06,2.0715178049710024,,0.00020683735204663644,0.9901069000000007,0.047142399999998474,1.0372559000000017,ok,same_stridge_core,1;Hx;D_x^1.468066 H;Hxxx;H*Hx;H*Hxx;H*Hxxx;H^2*Hx;H^2*Hxxx,0.005,0.6410357221110735
0.7765095474649211,1.2477516783339972,0.0,-0.9786852137563745,0;0;-0.978685213756;0;-0.253869850379;0;0;0.0842572182985;0;0;0;0,53292.1711988635,0.005,23,3e-06,1.4970469244216684,,0.0005224122588843285,1.0145942999999988,0.046638599999997865,1.0612375000000007,ok,same_stridge_core,Hx;Hxxx;H*Hxx,0.03494485294117647,1.017417383631897
0.0682928147924477,1.7954378427927467,63.165718068699285,7.082457483634155,0;-1.11416450953;7.08245748363;63.1657180687;168.893584616;0.176436198035;-8.38654622166;-29.6380868435;-94.6654932385;0.771308458996;2.39300458272;8.86170413371,55634.25407842896,0.005,24,3e-06,21.5828301159772,,0.20261705895206103,1.0085707,0.058765000000001066,1.0673463999999981,ok,same_stridge_core,H;Hx;D_x^1.795438 H;Hxxx;H^2;H*Hx;H*Hxx;H*Hxxx;H^2*Hx;H^2*Hxx;H^2*Hxxx,0.029500000000000012,19.746899731389043
0.42371849724476185,1.7575025216622855,14.643001169712456,0.1845949674640019,-0.25346885983;0;0.184594967464;14.6430011697;43.8518823965;0;-1.84811204293;-7.30199839572;-23.2697941477;0.156493389855;0.509977890314;2.1745434261,54501.07027733016,0.005,25,3e-06,6.344929991915784,,0.011410353094871767,0.9616909000000007,0.06970349999999925,1.0314180000000022,ok,same_stridge_core,1;Hx;D_x^1.757503 H;Hxxx;H*Hx;H*Hxx;H*Hxxx;H^2*Hx;H^2*Hxx;H^2*Hxxx,0.05011111111111113,4.709897883595879
0.13668014758538355,1.1162035326876283,2.9340935522511176,-6.1469279186814925,-0.266800519118;-0.0910416482047;-6.14692791868;2.93409355225;-137.45814928;0;-2.07886554799;-5.87647404856;17.6231610924;0.218177603577;0.368388259996;-0.757135230583,53464.73437964532,0.005,26,3e-06,11.226253264633478,,0.04770584839339565,1.0176662000000007,0.04232520000000051,1.0600003999999998,ok,same_stridge_core,1;H;Hx;D_x^1.116204 H;Hxxx;H*Hx;H*Hxx;H*Hxxx;H^2*Hx;H^2*Hxx;H^2*Hxxx,0.12500000000000003,9.461917030105182
0.7595405068525503,1.6254598683444204,0.33841752752369836,-1.0835767875369904,0;0;-1.08357678754;0.338417527524;0;0;0;0;0;0;0;0,53037.76568885706,0.005,27,3e-06,1.3028818484571314,,0.0004980426189223917,0.9730692000000012,0.03589549999999875,1.0089697000000015,ok,same_stridge_core,Hx;D_x^1.62546 H,0.04014705882352939,0.984655254323989
0.22607527189059945,1.7009071595819696,27.50075000776478,-1.389688913135749,-1.87716550728;0.263644594257;-1.38968891314;27.5007500078;8.76601441437;0;-3.42676461252;-13.1092841515;-26.0440182736;0.310777298439;0.859450660612;2.82004103845,53539.90577737714,0.005,28,3e-06,10.428691656991603,,0.038791616698243644,0.9795192999999998,0.044064299999998724,1.0235942000000016,ok,same_stridge_core,1;H;Hx;D_x^1.700907 H;Hxxx;H*Hx;H*Hxx;H*Hxxx;H^2*Hx;H^2*Hxx;H^2*Hxxx,0.07500000000000001,8.661874766338158
0.2804664843816254,1.5859417896736618,12.399902589431353,-1.2537667417706293,-0.41664077739;0;-1.25376674177;12.3999025894;-1.44054823193;0;-2.66925492115;-7.83998234216;-17.1952245482;0.234117970169;0.487137387846;1.84313715376,52952.78812648617,0.005,29,3e-06,7.704173743942425,,0.019515090667018148,0.9303058000000028,0.04643769999999847,0.9767517000000012,ok,same_stridge_core,1;Hx;D_x^1.585942 H;Hxxx;H*Hx;H*Hxx;H*Hxxx;H^2*Hx;H^2*Hxx;H^2*Hxxx,0.12000000000000004,6.115590100147839
0.8694873130429859,1.099401330120707,-0.12794641046873084,-0.570762016580325,0;0;-0.57076201658;-0.127946410469;0;0;0;0.172734901768;0.15778661474;0;0;0,53484.73367918907,0.005,30,3e-06,1.9053248192740595,,0.0008405218827639235,0.9776183999999972,0.03617500000000007,1.0137976000000037,ok,same_stridge_core,Hx;D_x^1.099401 H;H*Hxx;H*Hxxx,0.03432677123996453,1.2635080151237905
0.24897660645907083,1.992521531647122,-10.566396868640588,-3.46228472171272,0;-0.0764126394633;-3.46228472171;-10.5663968686;-57.1899800921;0;-0.556971744319;-1.18858485188;11.5342382077;0.0678141450474;0.193536624964;-0.678695029644,62480.4426840177,0.005,31,3e-06,16.601616677898974,,0.11657188196870658,0.9838406000000006,0.052847100000001035,1.036693900000003,ok,same_stridge_core,H;Hx;D_x^1.992522 H;Hxxx;H*Hx;H*Hxx;H*Hxxx;H^2*Hx;H^2*Hxx;H^2*Hxxx,0.061666666666666675,14.727203397378442
0.8272313940622935,1.756693428174329,0.205466507256504,-0.7952189214697635,0.0374222518283;0;-0.79521892147;0.205466507257;0.096972429416;0;0;0.106279863222;0.171212396146;0;0;0,54481.83957472456,0.005,32,3e-06,1.987474874057979,,0.0005318770788318627,0.5587309999999945,0.033770400000001644,0.5925088000000045,ok,same_stridge_core,1;Hx;D_x^1.756693 H;Hxxx;H*Hxx;H*Hxxx,0.037962962962962914,1.006801761712937
0.43844764451772633,1.5810834631112067,6.120034584810875,-1.297839402231988,-0.200901248772;0;-1.29783940223;6.12003458481;-0.427685842075;0;-1.31897415889;-3.7892070875;-8.36556324589;0.115163619072;0.233282283335;0.886196019957,52947.269271348225,0.005,33,3e-06,4.713753475684466,,0.005030954282164196,0.9870480000000015,0.04231519999999733,1.0293680999999992,ok,same_stridge_core,1;Hx;D_x^1.581083 H;Hxxx;H*Hx;H*Hxx;H*Hxxx;H^2*Hx;H^2*Hxx;H^2*Hxxx,0.060846153846153855,3.1253353975440192
0.09195042432042538,1.7212401478545434,47.68103589012729,-1.6347755056642688,-3.50144179784;0.521423481962;-1.63477550566;47.6810358901;11.0518349786;0;-5.29908423842;-21.916801913;-40.911224801;0.488494518878;1.46593032668;4.52737040379,53805.63010077694,0.005,34,3e-06,16.221505717989,,0.10854721618409535,1.0050089,0.04597619999999836,1.0509938999999946,ok,same_stridge_core,1;H;Hx;D_x^1.72124 H;Hxxx;H*Hx;H*Hxx;H*Hxxx;H^2*Hx;H^2*Hxx;H^2*Hxxx,0.11500000000000003,14.445919924663361
0.6897075374345438,1.2466632004725808,0.12874186692632375,-1.3341203580089411,0;0;-1.33412035801;0.128741866926;0;0;0;0;-0.112207407825;0;0;0,53293.708383465775,0.005,35,3e-06,1.5848882866921443,,0.0006386861066711991,0.6021299000000013,0.040577100000000144,0.6427121000000042,ok,same_stridge_core,Hx;D_x^1.246663 H;H*Hxxx,0.04499254079254078,1.1052449112409524
0.9195796824089457,1.5780863738994053,-1.09385857354167,-0.9430494035442536,0.0650545842612;0.00201932573461;-0.943049403544;-1.09385857354;0.697742415469;0;0.324785239839;0.769700378051;1.82843998133;-0.0281088971999;-0.0345724356982;-0.18317901281,52944.3010714651,0.005,36,3e-06,2.322868087470696,,0.0001728841410412561,0.9768578999999988,0.033824099999996804,1.0106942000000032,ok,same_stridge_core,1;H;Hx;D_x^1.578086 H;Hxxx;H*Hx;H*Hxx;H*Hxxx;H^2*Hx;H^2*Hxx;H^2*Hxxx,0.005,0.5757061521123483
0.46700555221238294,1.8565101014252345,16.616426327024904,-0.6200119287466335,-0.78802528738;0.111342982102;-0.620011928747;16.616426327;28.6414406563;0;-1.20127048346;-6.87639722308;-16.2629470833;0.110637318897;0.51523955539;1.59483161095,58466.28973499107,0.005,37,3e-06,6.756513635220714,,0.011954579381332993,0.9916775999999956,0.03838760000000008,1.0300708000000043,ok,same_stridge_core,1;H;Hx;D_x^1.85651 H;Hxxx;H*Hx;H*Hxx;H*Hxxx;H^2*Hx;H^2*Hxx;H^2*Hxxx,0.015,4.827126073966009
0.3386868567949969,1.7843923120869434,26.13807924390567,-0.21362947292665516,-1.30210413532;0.124329976182;-0.213629472927;26.1380792439;38.8644707344;0.0107294546706;-2.54770120819;-11.3080900605;-27.5078138488;0.231644450011;0.806050033035;2.7317504289,55254.82962134334,0.005,38,3e-06,8.907070600807028,,0.024521757834758705,0.9872452999999979,0.036658299999999144,1.023908200000001,ok,same_stridge_core,1;H;Hx;D_x^1.784392 H;Hxxx;H^2;H*Hx;H*Hxx;H*Hxxx;H^2*Hx;H^2*Hxx;H^2*Hxxx,0.008913043478260869,6.917896734438669
0.8880664213403697,1.700157231992593,-1.7187729184570415,-1.0170941986890214,0.11957606154;-0.00953413852133;-1.01709419869;-1.71877291846;-1.13621056942;0;0.31088178593;0.931024408335;2.27973795893;-0.0272129842557;-0.0490508736814;-0.22467271589,53531.486944824865,0.005,39,3e-06,2.4459909261210275,,0.00024274387483382852,0.9854595000000046,0.042689199999998095,1.0281530000000032,ok,same_stridge_core,1;H;Hx;D_x^1.700157 H;Hxxx;H*Hx;H*Hxx;H*Hxxx;H^2*Hx;H^2*Hxx;H^2*Hxxx,0.005,0.6794518569418074
0.31901580892522974,1.010417071098304,1.0567901479193165,-3.695485916041845,0.109711676751;-0.0984279581267;-3.69548591604;1.05679014792;-65.7589144108;0;-1.03240441308;-2.96853708282;8.31041719291;0.1068362761;0.190347770718;-0.359611461882,53583.02542590705,0.005,40,3e-06,6.591930782131,,0.012291967073366203,0.9596236999999945,0.0396368000000038,0.9992646999999977,ok,same_stridge_core,1;H;Hx;D_x^1.010417 H;Hxxx;H*Hx;H*Hxx;H*Hxxx;H^2*Hx;H^2*Hxx;H^2*Hxxx,0.0746,4.823690943076067
0.35645783323352964,1.3032531558645333,2.612572409879011,-2.6388726512767344,-0.021373526596;-0.0559452159427;-2.63887265128;2.61257240988;-39.5247378002;0;-1.29452733777;-3.14705381103;0.975250839639;0.121414608772;0.184731762805;0.1840008376,53211.92171048829,0.005,41,3e-06,5.801283350025423,,0.008583015932965198,0.9761074999999977,0.04376669999999905,1.0198780999999997,ok,same_stridge_core,1;H;Hx;D_x^1.303253 H;Hxxx;H*Hx;H*Hxx;H*Hxxx;H^2*Hx;H^2*Hxx;H^2*Hxxx,0.08277777777777774,4.045289933579309
0.14303699930178565,1.3004035357147372,5.717353640156654,-5.113385448615896,-0.520922695556;-0.0310448473326;-5.11338544862;5.71735364016;-112.141287196;0;-2.61484097922;-6.75660937445;8.79070375887;0.256764621198;0.401240225275;-0.0481097488608,53216.11654787378,0.005,42,3e-06,10.889913011036196,,0.044313257987701735,0.28956449999999734,0.04352949999999822,0.3331014000000039,ok,same_stridge_core,1;H;Hx;D_x^1.300404 H;Hxxx;H*Hx;H*Hxx;H*Hxxx;H^2*Hx;H^2*Hxx;H^2*Hxxx,0.12500000000000003,9.133781164956362
0.13961939993647388,1.868670117199125,59.45346484292743,1.3160103221891872,-2.6170517677;0.0536173918932;1.31601032219;59.4534648429;79.1173051063;0.0555899563607;-4.64667862895;-24.9044249319;-54.3320660602;0.451638092181;1.97615067624;5.49154585929,59129.95490732692,0.005,43,3e-06,20.700548237636198,,0.181007440786366,0.9767768999999973,0.034163300000003005,1.0109451000000007,ok,same_stridge_core,1;H;Hx;D_x^1.86867 H;Hxxx;H^2;H*Hx;H*Hxx;H*Hxxx;H^2*Hx;H^2*Hxx;H^2*Hxxx,0.0691666666666667,18.57186986097243
0.9891717284566791,1.7771082891171115,-3.1370156577882855,-1.1773336348035712,0.0935905190715;0;-1.1773336348;-3.13701565779;-8.97719125792;0;0.460410815001;1.6071735782;5.18013978143;-0.0389687219948;-0.0991009233928;-0.473072382671,55027.62683680003,0.005,44,3e-06,2.6264486044811757,,0.0004958021880106343,0.9971687999999972,0.041767400000004784,1.0389447000000018,ok,same_stridge_core,1;Hx;D_x^1.777108 H;Hxxx;H*Hx;H*Hxx;H*Hxxx;H^2*Hx;H^2*Hxx;H^2*Hxxx,0.005,0.975619799377175
0.5252218737497482,1.8484264583035248,8.968143998629689,-0.16743351479241686,0;-0.0262758111685;-0.167433514792;8.96814399863;35.1423105909;0;-0.920796050194;-4.44292632853;-15.1533076361;0.0776337634711;0.342668355289;1.3775153521,58033.51476811918,0.005,45,3e-06,5.412513529648953,,0.006925979641657689,0.3109214999999992,0.05912259999999492,0.37005049999999784,ok,same_stridge_core,H;Hx;D_x^1.848426 H;Hxxx;H*Hx;H*Hxx;H*Hxxx;H^2*Hx;H^2*Hxx;H^2*Hxxx,0.018636363636363628,3.6715080866053778
0.9177278771414363,1.8337808625348284,0.7287006785289871,-0.6905913902274817,0;0;-0.690591390227;0.728700678529;0;0;0;0;0;0;0;0,57283.60042088699,0.005,46,3e-06,2.2728093088450496,,0.001894017980320009,0.9861646000000022,0.040205499999999006,1.0263768999999954,ok,same_stridge_core,Hx;D_x^1.833781 H,0.05407342945120723,1.9291077063197275
0.11141086048527937,1.0545833624534255,2.5694446452218407,-6.953787511193497,-0.290389039283;-0.101093562931;-6.95378751119;2.56944464522;-158.33732397;0;-2.03337011076;-6.14288180963;22.4112663003;0.220959272539;0.395347222479;-1.0753198741,53535.8152376426,0.005,47,3e-06,12.20264055885168,,0.05812601717037888,0.31093059999999895,0.035744899999997415,0.34668020000000155,ok,same_stridge_core,1;H;Hx;D_x^1.054583 H;Hxxx;H*Hx;H*Hxx;H*Hxxx;H^2*Hx;H^2*Hxx;H^2*Hxxx,0.12500000000000003,10.435958656009475
0.7236696893390963,1.6117725079434844,0.1707856835142999,-1.1489101234620371,0;0;-1.14891012346;0.170785683514;0;0;0;0.0255750924275;0;0;0;0,52999.15314813463,0.005,48,3e-06,1.461277747299644,,0.0005061772754209251,1.027197700000002,0.03985450000000412,1.0670569999999984,ok,same_stridge_core,Hx;D_x^1.611773 H;H*Hxx,0.014625895400895402,0.9842853689664324
0.3980124871417694,1.939438239692974,0.0,-1.790741873939783,0;-0.0458319598909;-1.79074187394;0;-10.050424867;0;-0.543326961133;-2.46476217258;-0.972794712978;0.0557512976722;0.244198061864;0.240102081871,62225.425681269495,0.005,49,3e-06,9.743856459575198,,0.03456722463631181,0.9794696999999957,0.04282700000000261,1.0223033999999984,ok,same_stridge_core,H;Hx;Hxxx;H*Hx;H*Hxx;H*Hxxx;H^2*Hx;H^2*Hxx;H^2*Hxxx,0.035,8.063769966180923
0.20705976670296666,1.7771688580290175,42.17510377818843,-0.5900145089321683,-2.67679123632;0.402459665843;-0.590014508932;42.1751037782;42.2014396565;0;-3.85267016903;-18.1759897433;-38.8114724869;0.354077157372;1.26557318978;4.0267249856,55029.44271784222,0.005,50,3e-06,13.050755599310875,,0.06519857797186673,0.9875129999999999,0.03285629999999884,1.0203732000000016,ok,same_stridge_core,1;H;Hx;D_x^1.777169 H;Hxxx;H*Hx;H*Hxx;H*Hxxx;H^2*Hx;H^2*Hxx;H^2*Hxxx,0.045,11.234783989622082
0.6692944494156261,1.953007941305124,0.0,-1.2858240331641795,0;0;-1.28582403316;0;0;0;0;-0.171847132735;0;0;0.0259536196064;0,62477.039601274606,0.005,51,3e-06,2.169432395973157,,0.001303181058095306,0.9166099000000045,0.03463029999999634,0.9512457999999953,ok,same_stridge_core,Hx;H*Hxx;H^2*Hxx,0.01,1.6071390395616854
0.4917268618990343,1.3338904910808673,1.5238133596366745,-1.7443761993415972,0.0731936588508;-0.0434778984411;-1.74437619934;1.52381335964;-14.2702078863;0;-0.721671477773;-1.70708204782;-1.13862877337;0.065163090583;0.101844477358;0.214002855687,53166.52719907208,0.005,52,3e-06,4.038375944610007,,0.002708270650275964,0.9965139999999977,0.04246690000000086,1.0389892999999972,ok,same_stridge_core,1;H;Hx;D_x^1.33389 H;Hxxx;H*Hx;H*Hxx;H*Hxxx;H^2*Hx;H^2*Hxx;H^2*Hxxx,0.04508928571428573,2.283880547040629
0.7765095474649211,1.5012798562202323,0.0,-0.9149561558999232,0.0279013150309;0;-0.9149561559;0;0.654910122431;0;0;0.117243490205;0.0292161971623;0;0;0,52949.06745982198,0.005,53,3e-06,1.6105672477366202,,0.0003449833456753312,0.6256587000000025,0.04641430000000213,0.6720776999999956,ok,same_stridge_core,1;Hx;Hxxx;H*Hxx;H*Hxxx,0.01,0.8163312358392905
0.902143346027559,1.7988923775635983,0.3588761995670561,-0.612740706792989,0.0515780625759;0;-0.612740706793;0.358876199567;0;0;0;0.115340335741;0.258313625764;0;0;0,55761.766980525186,0.005,54,3e-06,2.2453167204529176,,0.0010341767015322177,0.9992731999999975,0.045056600000002334,1.0443343000000027,ok,same_stridge_core,1;Hx;D_x^1.798892 H;H*Hxx;H*Hxxx,0.015852272727272722,1.40889021574504
0.9432487754479277,1.8338381495926948,0.4787943546254967,-0.5355700458200774,0.0524389803376;0;-0.53557004582;0.478794354625;-0.499634857941;0;0;0.106914664976;0.333449593792;0;0;0,57286.429076732915,0.005,55,3e-06,2.5949142885899232,,0.00127762733555218,0.9534793999999991,0.03839780000000559,0.9918815000000052,ok,same_stridge_core,1;Hx;D_x^1.833838 H;Hxxx;H*Hxx;H*Hxxx,0.018636363636363628,1.5637585652087307
0.13668014758538355,1.423679280429829,9.739689551407563,-4.466320698662694,-0.896597120716;0.0436363136064;-4.46632069866;9.73968955141;-93.9906649823;0;-3.12863700178;-8.274046017;1.36932496273;0.297513591655;0.487304092318;0.602916213148,53036.26273927659,0.005,56,3e-06,11.196660554138619,,0.0472311426091851,0.5459116999999978,0.04727259999999944,0.5931932000000018,ok,same_stridge_core,1;H;Hx;D_x^1.423679 H;Hxxx;H*Hx;H*Hxx;H*Hxxx;H^2*Hx;H^2*Hxx;H^2*Hxxx,0.02763157894736842,9.446463883742492
0.20000110787633862,1.9147083845510362,34.748593052433094,0.18361853871607622,-1.21471553322;-0.173455586851;0.183618538716;34.7485930524;36.5200704609;0.0534724330999;-2.95886670346;-15.8896252915;-30.7005136163;0.299279074401;1.36077666472;3.19461673796,61426.03176182205,0.005,57,3e-06,18.89638479459412,,0.1474133490970642,0.9914395999999996,0.03555240000000026,1.027000000000001,ok,same_stridge_core,1;H;Hx;D_x^1.914708 H;Hxxx;H^2;H*Hx;H*Hxx;H*Hxxx;H^2*Hx;H^2*Hxx;H^2*Hxxx,0.05614285714285714,16.685047651168524
0.22607527189059945,1.7086220450482958,28.601037744719072,-1.3082497913486204,-1.93691780567;0.274574065074;-1.30824979135;28.6010377447;11.932906589;0;-3.45624162803;-13.4743231431;-27.1272946817;0.313584009071;0.888342395287;2.91851168948,53631.95156102085,0.005,58,3e-06,10.571690317457037,,0.04003613320052787,0.5877054999999984,0.04878000000000071,0.6364958999999999,ok,same_stridge_core,1;H;Hx;D_x^1.708622 H;Hxxx;H*Hx;H*Hxx;H*Hxxx;H^2*Hx;H^2*Hxx;H^2*Hxxx,0.07100000000000001,8.80183591594335
0.4796697269655594,1.1297208614886878,0.752773616321658,-2.060612513326181,0.150893024453;-0.0629975501593;-2.06061251333;0.752773616322;-22.2128825419;0;-0.608502109121;-1.51603426385;1.31652098294;0.0576375897648;0.0948467922589;0.0213181712905,53448.3045721608,0.005,59,3e-06,4.173746477981951,,0.00303271246228262,0.9835317000000003,0.052531099999995945,1.0360707999999974,ok,same_stridge_core,1;H;Hx;D_x^1.129721 H;Hxxx;H*Hx;H*Hxx;H*Hxxx;H^2*Hx;H^2*Hxx;H^2*Hxxx,0.043235294117647045,2.409952427100645
0.48212238957745335,1.5151515986029018,3.5489538077078673,-1.6035427264604956,-0.152262775093;0;-1.60354272646;3.54895380771;-8.99641065605;0;-0.910715549115;-2.41776357221;-3.59543928918;0.0811812444374;0.144171520411;0.441815290305,52939.62366937077,0.005,60,3e-06,4.067471915274133,,0.0031672729807365606,0.9795090000000002,0.04723389999999483,1.0267483000000013,ok,same_stridge_core,1;Hx;D_x^1.515152 H;Hxxx;H*Hx;H*Hxx;H*Hxxx;H^2*Hx;H^2*Hxx;H^2*Hxxx,0.04526785714285715,2.47928320519301
0.7595405068525503,1.0298798283246304,0.0,-1.0200607141476687,0;0;-1.02006071415;0;-0.183798909602;0;0;0.0788128584666;0;0;0;0,53562.5952444477,0.005,61,3e-06,1.4196596510466581,,0.00044638681940993303,0.560634499999999,0.03273460000000483,0.5933746000000042,ok,same_stridge_core,Hx;Hxxx;H*Hxx,0.02,0.9375962938466288
0.5837006553226101,1.4321700790190377,1.2531199214169304,-1.558918299618234,-0.0661433416766;0;-1.55891829962;1.25311992142;-8.33101190289;0;-0.373847815144;-0.934729808626;-0.292026729678;0.0343158158656;0.0564971993713;0.0903016154209,53024.874302048745,0.005,62,3e-06,3.1658358378719584,,0.001279444853635347,0.988491499999995,0.05445970000000244,1.0429616999999993,ok,same_stridge_core,1;Hx;D_x^1.43217 H;Hxxx;H*Hx;H*Hxx;H*Hxxx;H^2*Hx;H^2*Hxx;H^2*Hxxx,0.022857142857142878,1.5750896088104962
0.9582471550138172,1.500730348132027,-0.8627245166452305,-0.8464522439909993,0.0861361151943;0;-0.846452243991;-0.862724516645;4.21711212977;0;0.329861889879;0.494755751388;0.500634139062;-0.027672736216;0;-0.026706224171,52949.49516054768,0.005,63,3e-06,2.143724804067305,,0.0002542111963236936,0.9693641,0.038075900000002605,1.0074470000000062,ok,same_stridge_core,1;Hx;D_x^1.50073 H;Hxxx;H*Hx;H*Hxx;H*Hxxx;H^2*Hx;H^2*Hxxx,0.005,0.7140884347325178
0.6270071345120991,1.7273467830737002,3.4704730335997547,-0.8707241399141047,0;0;-0.870724139914;3.4704730336;18.1220350858;0;-0.387089035293;-1.69092665212;-7.20943154116;0.0316927426056;0.127520421255;0.644604465729,53901.04326475563,0.005,64,3e-06,3.0483534898445495,,0.0012895546401956346,0.9860371999999984,0.050744500000000414,1.0367859999999993,ok,same_stridge_core,Hx;D_x^1.727347 H;Hxxx;H*Hx;H*Hxx;H*Hxxx;H^2*Hx;H^2*Hxx;H^2*Hxxx,0.01,1.5930253216961474
0.8789708216943453,1.5317559239277119,-0.7189351116934773,-0.8736266462525638,0.116339817849;-0.00918232638366;-0.873626646253;-0.718935111693;4.91098219498;0;0.239822992031;0.386256213371;-0.0273584792858;-0.0208755348115;0;0.00547977692872,52932.27482502574,0.005,65,3e-06,2.253196401707841,,0.0002248388099079001,0.9572657000000007,0.034741900000000214,0.9920113000000015,ok,same_stridge_core,1;H;Hx;D_x^1.531756 H;Hxxx;H*Hx;H*Hxx;H*Hxxx;H^2*Hx;H^2*Hxxx,0.005,0.6652281569570692
0.5112850765057546,1.0298798283246304,0.44522817250137786,-1.9666121014759208,0.168463899259;-0.061100459934;-1.96661210148;0.445228172501;-19.2134259602;0;-0.454578480981;-1.20501348476;1.56592302668;0.0437416008661;0.0790061926136;-0.0228033484271,53562.5952444477,0.005,66,3e-06,3.8762720701730724,,0.002321226072600605,0.30250939999999105,0.05666970000000049,0.3591843999999895,ok,same_stridge_core,1;H;Hx;D_x^1.02988 H;Hxxx;H*Hx;H*Hxx;H*Hxxx;H^2*Hx;H^2*Hxx;H^2*Hxxx,0.03394736842105264,2.1087064271062985
0.5670294351944193,1.8719738736827194,1.2264425650468165,-1.7485015606359944,-0.0530647769731;0;-1.74850156064;1.22644256505;0;0;0;-1.06478335459;0;0;0.0985210652552;0,59310.74565446495,0.005,67,3e-06,4.312996995616743,,0.006058828883954127,0.690772999999993,0.05022999999999911,0.7410099000000088,ok,same_stridge_core,1;Hx;D_x^1.871974 H;H*Hxx;H^2*Hxx,0.024000000000000007,3.4233358107997685
0.5529018382514794,1.9140459871620286,-0.342225429082468,-1.7078973506492447,0;0;-1.70789735065;-0.342225429082;0;0;0;-0.574736414675;0;0;0.0722836621605;0,61399.11518818076,0.005,68,3e-06,4.8734435588630385,,0.00868341245021802,0.3239907000000102,0.04423060000000589,0.3682287000000031,ok,same_stridge_core,Hx;D_x^1.914046 H;H*Hxx;H^2*Hxx,0.024465234631803844,4.1366541766048694
0.830443596102524,1.9629721651799348,0.7613119073998156,-0.8426623008887018,0;0;-0.842662300889;0.7613119074;-0.184178113546;0;0;0;0;0;0;0,62575.377899312356,0.005,69,3e-06,1.744077789891015,,0.0007265795668949771,0.9626823999999914,0.039586999999997374,1.0022739999999999,ok,same_stridge_core,Hx;D_x^1.962972 H;Hxxx,0.04184193121693121,1.1808993887972037
0.7241856351933023,1.150746805103729,0.0,-1.1092229068880255,0;0;-1.10922290689;0;0;0;0;0.0664159669035;0;0;0;0,53422.143084172676,0.005,70,3e-06,1.340765550707526,,0.0005402431716379265,1.016384599999995,0.036153400000003444,1.0525424000000072,ok,same_stridge_core,Hx;H*Hxx,0.03490828962855106,1.02023269220249
0.7031082091963377,1.657002386068108,0.23996976135850337,-1.2237715585194477,0;0;-1.22377155852;0.239969761359;0;0;0;0;-0.0353681014129;0;0;0,53176.77782850395,0.005,71,3e-06,1.714491072878225,,0.00078605579031414,1.0079114999999916,0.03454240000000652,1.0424586999999974,ok,same_stridge_core,Hx;D_x^1.657002 H;H*Hxxx,0.025,1.2359000724216893
0.8983727428226824,1.5258138775102184,-0.7771905587076634,-0.8566014555808645,0.116496886795;-0.00830037649875;-0.856601455581;-0.777190558708;5.00263167037;0;0.262888523966;0.416909090315;0.0422990231396;-0.0227096428867;0;0.00204178521703,52934.35246066381,0.005,72,3e-06,2.2670647391873104,,0.00023298346542095904,0.9099204999999984,0.03758110000001125,0.9475133999999912,ok,same_stridge_core,1;H;Hx;D_x^1.525814 H;Hxxx;H*Hx;H*Hxx;H*Hxxx;H^2*Hx;H^2*Hxxx,0.005,0.6790341653673964
0.8561045804375035,1.5793408978667216,0.0,-0.6919578327693208,0.0472437011694;0;-0.691957832769;0;0;0;0;0.164422073721;0.228040905192;0;0;0,52945.504138755714,0.005,73,3e-06,1.8526364541615523,,0.0007659240969870891,0.5365716999999961,0.03825109999999654,0.5748312000000055,ok,same_stridge_core,1;Hx;H*Hxx;H*Hxxx,0.04,1.2172904044964838
0.6910074607253366,1.707401186187658,0.2407506801320499,-1.2412646972896408,0;0;-1.24126469729;0.240750680132;0;0;0;0;0;0;0;0,53616.70723550474,0.005,74,3e-06,1.7787619741036858,,0.0010969754191592525,0.9307523999999887,0.03941369999999722,0.9701737999999978,ok,same_stridge_core,Hx;D_x^1.707401 H,0.041122113997114,1.4570617306906573
0.5612079615420336,1.913486104724644,-0.2971248193133812,-1.675150040342576,0;0;-1.67515004034;-0.297124819313;0;0;0;-0.545620019948;0;0;0.0686827911529;0,61376.16171535166,0.005,75,3e-06,4.650126417916921,,0.007767886933382439,0.9611605000000054,0.037280999999993014,0.9984465,ok,same_stridge_core,Hx;D_x^1.913486 H;H*Hxx;H^2*Hxx,0.025,3.9136124773327006
0.9177278771414363,1.660579170190872,-1.62689763992686,-0.9923659818494105,0.100539425772;-0.0047650507268;-0.992365981849;-1.62689763993;-1.0737868821;0;0.345135419897;0.949119684508;2.43169386581;-0.0298863020946;-0.0480892749862;-0.237481640163,53197.92514599973,0.005,76,3e-06,2.4039762382339083,,0.00022000074209154875,0.5459859000000051,0.03494409999998993,0.5809385999999961,ok,same_stridge_core,1;H;Hx;D_x^1.660579 H;Hxxx;H*Hx;H*Hxx;H*Hxxx;H^2*Hx;H^2*Hxx;H^2*Hxxx,0.005,0.6484447084159173
0.5612079615420336,1.913486104724644,-0.2971248193133812,-1.675150040342576,0;0;-1.67515004034;-0.297124819313;0;0;0;-0.545620019948;0;0;0.0686827911529;0,61376.16171535166,0.005,77,3e-06,4.650126417916921,,0.007767886933382439,0.0019661999999982527,0.03639940000000763,0.038370200000002797,ok,same_stridge_core,Hx;D_x^1.913486 H;H*Hxx;H^2*Hxx,0.029369649474224636,3.9136124773327006
0.42132763471104595,1.6565880324387339,9.596931894132004,-0.6844138645817384,-0.230519463723;0;-0.684413864582;9.59693189413;17.3321429321;0;-1.65693079516;-5.35068796129;-15.0366597135;0.141883384789;0.345975056129;1.47138061715,53174.40845945277,0.005,78,3e-06,5.331763092143856,,0.007180613425689411,0.9355401999999913,0.04420230000000913,0.9797494999999969,ok,same_stridge_core,1;Hx;D_x^1.656588 H;Hxxx;H*Hx;H*Hxx;H*Hxxx;H^2*Hx;H^2*Hxx;H^2*Hxxx,0.06423076923076924,3.7365308383602733
0.7240253824434865,1.2860756647672729,0.061062317002683185,-1.1501980914023073,0;0;-1.1501980914;0.0610623170027;0;0;0;0.0459420135023;0;0;0;0,53237.105151928256,0.005,79,3e-06,1.4423755827793077,,0.0004848395375411928,0.9393293999999912,0.03498190000000534,0.9743158999999935,ok,same_stridge_core,Hx;D_x^1.286076 H;H*Hxx,0.034328144531288025,0.9632416364119533
0.7392574563505299,1.0222367618709671,0.0,-1.0713419747160668,0;0;-1.07134197472;0;-0.09843242949;0;0;0.0717421721681;0;0;0;0,53570.6875294985,0.005,80,3e-06,1.41921086156331,,0.0004514985604440047,0.9497519999999895,0.035540099999991526,0.9852963999999957,ok,same_stridge_core,Hx;Hxxx;H*Hxx,0.023478181818181815,0.9370746737978236
0.5337930055811106,1.968330962608051,-1.2099278137414906,-1.788150930475591,0;0;-1.78815093048;-1.20992781374;0;0;0;-0.401340774645;0;0;0.0626826485581;0,62599.15752481288,0.005,81,3e-06,5.366960517223238,,0.010880936272038356,0.9288940999999937,0.04402540000000954,0.9729272000000009,ok,same_stridge_core,Hx;D_x^1.968331 H;H*Hxx;H^2*Hxx,0.035,4.6157706269254835
0.7489067651677559,1.8616308692423058,0.0,-1.0403402623825238,0;0;-1.04034026238;0;0;0;0;0.0765826159748;0;0;0;0,58744.73124932566,0.005,82,3e-06,1.2793150484259244,,0.0004387504031497253,0.9268675999999942,0.04382219999999393,0.9706943000000052,ok,same_stridge_core,Hx;H*Hxx,0.02,0.9268466609299704
0.7813776072075358,1.7360746506923752,0.0,-0.967066557575719,0;0;-0.967066557576;0;-0.273734714716;0;0;0.085742359872;0;0;0;0,54051.58509057638,0.005,83,3e-06,1.5358675395542838,,0.0005552855953328945,0.9129594999999995,0.03584850000000017,0.9488135,ok,same_stridge_core,Hx;Hxxx;H*Hxx,0.049178510378510364,1.0494032737390964
0.6610072496037603,1.9967098582371514,-0.9056156713282381,-1.3113961945065018,0;0;-1.31139619451;-0.905615671328;0;0;0;0.149143234011;0;0;0;0,62427.17300734194,0.005,84,3e-06,2.3477751669756746,,0.0016458757760430382,0.9312060000000031,0.040825099999992176,0.9720365000000015,ok,same_stridge_core,Hx;D_x^1.99671 H;H*Hxx,0.030000000000000002,1.785930609909597
0.6275814208443753,1.8338381495926948,0.3561521625204432,-1.4550465437135922,0;0;-1.45504654371;0.35615216252;0;0;0;-0.462964848495;0;0;0.0512937489657;0,57286.429076732915,0.005,85,3e-06,3.0368670638463837,,0.002765050505707564,0.2982382000000001,0.042039299999999,0.3402834999999982,ok,same_stridge_core,Hx;D_x^1.833838 H;H*Hxx;H^2*Hxx,0.040068886140314716,2.349429914925589
0.13668014758538355,1.8719738736827194,59.3924052012537,1.3088747678238217,-2.5906614326;0.0381894742555;1.30887476782;59.3924052013;78.1518518666;0.0572509530146;-4.63004198334;-24.9307359363;-54.0089159177;0.451439514356;1.98785482248;5.46722626333,59310.74565446495,0.005,86,3e-06,21.05123307868056,,0.18795339145362597,0.0024657999999959657,0.03786060000000191,0.040332899999995675,ok,same_stridge_core,1;H;Hx;D_x^1.871974 H;Hxxx;H^2;H*Hx;H*Hxx;H*Hxxx;H^2*Hx;H^2*Hxx;H^2*Hxxx,0.0700909090909091,18.916046235119822
0.6870228467328816,1.9532265602444545,0.0,-1.2151981902799855,0;0;-1.21519819028;0;0.285816202956;0;0;-0.113839212583;0;0;0.0203124666872;0,62479.96783432425,0.005,87,3e-06,2.081747980387035,,0.0009055814994477226,0.9476781999999986,0.039894399999994334,0.9875763000000006,ok,same_stridge_core,Hx;Hxxx;H*Hxx;H^2*Hxx,0.01,1.3319883663751442
0.6758480739463035,1.7369593020288367,0.63982845971937,-1.3196971803513644,0;0;-1.31969718035;0.639828459719;0;0;0;-0.418318256728;0.114147844358;0;0.0420525920728;0,54067.82539554515,0.005,88,3e-06,2.1621658457584587,,0.0009333934999686032,0.9370684000000011,0.034162499999993656,0.9712360999999987,ok,same_stridge_core,Hx;D_x^1.736959 H;H*Hxx;H*Hxxx;H^2*Hxx,0.025526315789473685,1.3511484648252816
0.9203977808902538,1.930276649235829,0.8778378896210824,-0.652982863241808,0;0;-0.652982863242;0.877837889621;0;0;0;0;0;0;0;0,61978.59947345761,0.005,89,3e-06,2.1765716395529133,,0.0016650440057026342,0.9339968999999968,0.03368569999999238,0.9676865999999933,ok,same_stridge_core,Hx;D_x^1.930277 H,0.049999999999999996,1.8047000427121676
0.8778564651510202,1.8358996002812125,0.6835364674695239,-0.7685836494025955,0;0;-0.768583649403;0.68353646747;0;0;0;0;0;0;0;0,57388.71729820948,0.005,90,3e-06,2.007463271034976,,0.0014106462906662343,0.9273316000000023,0.0355148000000014,0.9628510000000006,ok,same_stridge_core,Hx;D_x^1.8359 H,0.05407759277759276,1.663130967245719
0.5709983359202873,1.8616308692423058,0.0,-1.6448452098287476,0;0;-1.64484520983;0;0;0;0;-0.597048551836;0;0;0.0705036878701;0,58744.73124932566,0.005,91,3e-06,4.196889949512949,,0.006800777280432304,0.29632989999998927,0.04882619999999349,0.34516419999999925,ok,same_stridge_core,Hx;H*Hxx;H^2*Hxx,0.03433789605456274,3.6681873682690176
0.7166354752149521,1.6100327862954544,0.2622342888555677,-1.1902064795254708,0;0;-1.19020647953;0.262234288856;0;0;0;0;0;0;0;0,52995.013548103096,0.005,92,3e-06,1.3699731052999657,,0.0005789851432311485,0.9659955999999994,0.030209299999995665,0.996212199999988,ok,same_stridge_core,Hx;D_x^1.610033 H,0.06631818181818182,1.0520030240113472
0.7309743323005777,1.9010775310307135,0.0,-1.089990746749386,0;0;-1.08999074675;0;0;0;0;0.0693059026803;0;0;0;0,60824.33825283812,0.005,93,3e-06,1.3390422151286252,,0.000491020586961783,0.9510669999999948,0.041981700000008004,0.9930552999999946,ok,same_stridge_core,Hx;H*Hxx,0.02937087667301901,0.9740961856115966
0.6270071345120991,1.9073440463479765,0.40725200866916045,-1.4031491823065805,0;0;-1.40314918231;0.407252008669;2.26977955865;0;0;-0.439574899499;-0.240049694732;0;0.0488837424515;0,61112.859133106605,0.005,94,3e-06,3.3361346290234617,,0.0026030128432555865,0.572010199999994,0.04060600000001102,0.6126237000000003,ok,same_stridge_core,Hx;D_x^1.907344 H;Hxxx;H*Hxx;H*Hxxx;H^2*Hxx,0.02446734892787525,2.2361031646275427
0.8336597560759728,1.3587565467532021,-0.1553068596262679,-0.6438134367935531,0.0815895930188;-0.00895499368591;-0.643813436794;-0.155306859626;2.80335177656;0;0;0.183837818451;-0.477731324427;0;0;0.0499987083287,53129.56852823734,0.005,95,3e-06,2.185573474495282,,0.0004336286546426832,0.9065690999999987,0.034845300000000634,0.9414215999999982,ok,same_stridge_core,1;H;Hx;D_x^1.358757 H;Hxxx;H*Hxx;H*Hxxx;H^2*Hxxx,0.005,0.9104638298175859
0.7364013136975903,1.607799904249831,0.1538958677251195,-1.1160259701365014,0;0;-1.11602597014;0.153895867725;-0.136198564823;0;0;0.0334002565816;0;0;0;0,52989.93593578218,0.005,96,3e-06,1.5485138542438617,,0.0004308962434076716,0.9394319999999965,0.037088299999993524,0.9765273000000008,ok,same_stridge_core,Hx;D_x^1.6078 H;Hxxx;H*Hxx,0.020439931346275888,0.9126346230144754
0.537954377372339,1.8979235825722076,1.355207219185878,-1.864160299658738,-0.0645596536079;0;-1.86416029966;1.35520721919;0;0;0;-1.26355729675;0;0;0.117734649347;0,60672.44593819137,0.005,97,3e-06,5.073420473388286,,0.00899467772340693,0.30774560000000406,0.049574399999997354,0.3573258999999922,ok,same_stridge_core,1;Hx;D_x^1.897924 H;H*Hxx;H^2*Hxx,0.035,4.163333784315416
0.5515462275711428,1.807616726701302,7.847023093034464,-0.2426250161265784,0;-0.0209267254634;-0.242625016127;7.84702309303;31.7631714318;0;-0.873064979973;-3.85205018673;-13.8041815396;0.0724634668543;0.286487570027;1.24824982263,56102.79634547354,0.005,98,3e-06,4.515604423025877,,0.004085385242748738,0.9378028,0.035774899999992726,0.9735858000000093,ok,same_stridge_core,H;Hx;D_x^1.807617 H;Hxxx;H*Hx;H*Hxx;H*Hxxx;H^2*Hx;H^2*Hxx;H^2*Hxxx,0.01,2.8325205326616705
0.08131779185184229,1.534393548362614,19.241977381480893,-4.284155521820548,-1.79993025351;0.197634878176;-4.28415552182;19.2419773815;-86.0401238099;0;-4.25205875591;-12.4812626733;-8.29373749062;0.398319780404;0.754292160539;1.6245450843,52931.56746649217,0.005,99,3e-06,13.642690119959253,,0.07468246713471985,0.9759046000000069,0.03839280000001111,1.014301500000002,ok,same_stridge_core,1;H;Hx;D_x^1.534394 H;Hxxx;H*Hx;H*Hxx;H*Hxxx;H^2*Hx;H^2*Hxx;H^2*Hxxx,0.07045454545454549,11.895948393565012
0.7272067843177553,1.3596677326420246,0.11967213076278548,-1.1857376241761062,0;0;-1.18573762418;0.119672130763;-0.450691503734;0;0;0.0255231417077;0;0;0;0,53128.21790632981,0.005,100,3e-06,1.557789320582941,,0.0004361061027067971,0.9103059999999914,0.03425749999999539,0.9445692000000037,ok,same_stridge_core,Hx;D_x^1.359668 H;Hxxx;H*Hxx,0.019440733069247,0.9202507057069832
0.06169319625471509,1.6015589525343983,28.408158382794955,-3.728048259268871,-2.51318660811;0.326338751473;-3.72804825927;28.4081583828;-64.8813105707;0;-4.93549273029;-15.9859594639;-18.4180391931;0.458695493331;0.994448696823;2.59643551021,52977.088697268526,0.005,101,3e-06,15.086815674764347,,0.09353679342477754,0.9486950999999948,0.049531200000004105,0.9982325000000003,ok,same_stridge_core,1;H;Hx;D_x^1.601559 H;Hxxx;H*Hx;H*Hxx;H*Hxxx;H^2*Hx;H^2*Hxx;H^2*Hxxx,0.11500000000000005,13.338571747754486
0.19088770816774148,1.299264579947733,4.845916487379866,-4.414132521032626,-0.359755252861;-0.043327144141;-4.41413252103;4.84591648738;-91.4955368106;0;-2.2695418825;-5.78034624332;6.40881136956;0.220717753282;0.341735635093;0.0313411481726,53217.791413630745,0.005,102,3e-06,9.437495916612008,,0.03126352642366663,0.9437169999999924,0.042728499999995506,0.9864516000000094,ok,same_stridge_core,1;H;Hx;D_x^1.299265 H;Hxxx;H*Hx;H*Hxx;H*Hxxx;H^2*Hx;H^2*Hxx;H^2*Hxxx,0.12500000000000003,7.681308799962193
0.6960960288204256,1.974275591983868,0.0,-1.1914075303368372,0;0;-1.19140753034;0;0;0;0;0.0536399401467;0;0;0;0,62602.92939083671,0.005,103,3e-06,1.7303921812927874,,0.0009539040341997143,0.9441732000000087,0.030126600000002668,0.9743102999999991,ok,same_stridge_core,Hx;H*Hxx,0.03274691358024692,1.3547746049477671
0.5935634531963773,1.4143843086085977,1.0788506793485053,-1.2995055744612078,0.073123223783;-0.0264473822002;-1.29950557446;1.07885067935;-2.46892331963;0;-0.401765595206;-0.969626021987;-1.85775727489;0.0347322048402;0.0611195464014;0.206468103373,53049.03516514529,0.005,104,3e-06,3.2136352896415272,,0.0011027405768085582,0.9229271000000097,0.03049370000000806,0.953425700000011,ok,same_stridge_core,1;H;Hx;D_x^1.414384 H;Hxxx;H*Hx;H*Hxx;H*Hxxx;H^2*Hx;H^2*Hxx;H^2*Hxxx,0.005,1.4630171291917329
0.8984704690167189,1.921499411429064,0.833444009464941,-0.6993259365709162,0;0;-0.699325936571;0.833444009465;0;0;0;0;0;0;0;0,61686.56415870818,0.005,105,3e-06,2.0564206361450754,,0.0014552864031305106,0.9069061000000005,0.03689249999999333,0.9438048999999893,ok,same_stridge_core,Hx;D_x^1.921499 H,0.049999999999999996,1.6863012511928264
0.7921210954769469,1.6659002109482008,0.15494694480112778,-0.9689570413795004,0;0;-0.96895704138;0.154946944801;-0.317207764418;0;0;0.0546879400551;0;0;0;0,53231.771336546735,0.005,106,3e-06,1.7414085068119805,,0.0006167695319251304,0.943891800000003,0.0292245000000122,0.9731206000000014,ok,same_stridge_core,Hx;D_x^1.6659 H;Hxxx;H*Hxx,0.029387254901960782,1.1026272507734196
0.5987002914224019,1.8107373451181854,6.08020963789605,-0.5678327262102745,-0.0760880263751;0;-0.56783272621;6.0802096379;20.5833905208;0;-0.610850738616;-2.79281928458;-9.25063078652;0.0513523106113;0.206895867526;0.845351443842,56231.38105740283,0.005,107,3e-06,3.7284031480993676,,0.0021072740262115318,0.9646333000000027,0.040765700000008565,1.0054032000000035,ok,same_stridge_core,1;Hx;D_x^1.810737 H;Hxxx;H*Hx;H*Hxx;H*Hxxx;H^2*Hx;H^2*Hxx;H^2*Hxxx,0.015,2.041461716377283
0.8876771344696265,1.6019606068939962,-1.063221958460677,-0.9626967234826836,0.0796479142839;-0.00209182300378;-0.962696723483;-1.06322195846;0.948429243952;0;0.288221357175;0.708382757407;1.56810934287;-0.0251775018725;-0.0318715549513;-0.160397938209,52977.85788164761,0.005,108,3e-06,2.3407137802703186,,0.00018381301446299456,0.9245226000000031,0.029708400000004076,0.9542373999999967,ok,same_stridge_core,1;H;Hx;D_x^1.601961 H;Hxxx;H*Hx;H*Hxx;H*Hxxx;H^2*Hx;H^2*Hxx;H^2*Hxxx,0.005,0.5924444701759475
0.7240253824434865,1.7623095370991124,0.0,-1.1096798221969415,0;0;-1.1096798222;0;0;0;0;0.0663468335108;0;0;0;0,54619.25415103154,0.005,109,3e-06,1.3492192166411119,,0.0005416197807086775,0.5319732000000101,0.03703620000000285,0.5690172999999987,ok,same_stridge_core,Hx;H*Hxx,0.02992912709718265,1.0215036917349227
0.8042390581352403,1.0222367618709671,-0.036810525531262586,-0.7713963432120008,0.0313655081966;0;-0.771396343212;-0.0368105255313;1.11490530068;0;0;0.148873103688;0.0477143489694;0;0;0,53570.6875294985,0.005,110,3e-06,1.7873008873232297,,0.0003524903687105501,0.29432710000000384,0.03641539999999566,0.3307477999999975,ok,same_stridge_core,1;Hx;D_x^1.022237 H;Hxxx;H*Hxx;H*Hxxx,0.015,0.8230285117922566
0.5374307676745562,1.9672763561460402,-1.155463054158736,-1.7726649654612916,0;0;-1.77266496546;-1.15546305416;0;0;0;-0.39795502653;0;0;0.0617829830128;0,62596.03524417035,0.005,111,3e-06,5.265031424820912,,0.010402670298569288,0.8915159999999958,0.06378999999999735,0.9553116999999958,ok,same_stridge_core,Hx;D_x^1.967276 H;H*Hxx;H^2*Hxx,0.035,4.513879001890868
0.5884365911908882,1.6254598683444204,3.0521305249913486,-1.0893717837955426,-0.0663614778077;0;-1.0893717838;3.05213052499;4.71686234448;0;-0.545110792931;-1.68203696114;-4.57863247641;0.0465301472724;0.109164544975;0.44974147402,53037.76568885706,0.005,112,3e-06,3.1909889155666145,,0.0013030019940825067,0.31851509999999905,0.04373919999999032,0.36226209999999526,ok,same_stridge_core,1;Hx;D_x^1.62546 H;Hxxx;H*Hx;H*Hxx;H*Hxxx;H^2*Hx;H^2*Hxx;H^2*Hxxx,0.02527777777777778,1.599855944900903
0.5932532399884024,1.6984366596435592,4.210140485939314,-0.8500643039016987,-0.0680390931733;0;-0.850064303902;4.21014048594;11.7187201435;0;-0.602346774035;-2.12496701114;-6.74486926805;0.050596072178;0.144483723274;0.632283150613,53512.511100460244,0.005,113,3e-06,3.2878178261473208,,0.0014326682125702763,0.9408552999999955,0.060341000000008194,1.0012039000000073,ok,same_stridge_core,1;Hx;D_x^1.698437 H;Hxxx;H*Hx;H*Hxx;H*Hxxx;H^2*Hx;H^2*Hxx;H^2*Hxxx,0.013695652173913051,1.6824424931335138
0.14384981499400729,1.39129345265637,8.277266517526641,-4.575762359651734,-0.754342846627;0.0179276418075;-4.57576235965;8.27726651753;-97.2346125994;0;-2.93681717252;-7.65122817376;3.38132046523;0.281159162256;0.450023846513;0.409178656459,53081.821078044326,0.005,114,3e-06,10.912398416031166,,0.044455104244912315,0.9455818999999934,0.04059159999999906,0.9861805000000032,ok,same_stridge_core,1;H;Hx;D_x^1.391293 H;Hxxx;H*Hx;H*Hxx;H*Hxxx;H^2*Hx;H^2*Hxx;H^2*Hxxx,0.08,9.160698320455705
0.380851685274031,1.8338381495926948,24.83020849051033,-0.10463029678245771,-1.11338674425;0.0950689273202;-0.104630296782;24.8302084905;42.1721818159;0.0109064786712;-2.06015097693;-10.3863251006;-25.4031306888;0.190040785787;0.775129009681;2.48792207108,57286.429076732915,0.005,115,3e-06,8.811456749958761,,0.023406028623913694,0.29106559999999604,0.03111970000000497,0.32219290000000456,ok,same_stridge_core,1;H;Hx;D_x^1.833838 H;Hxxx;H^2;H*Hx;H*Hxx;H*Hxxx;H^2*Hx;H^2*Hxx;H^2*Hxxx,0.019545454545454536,6.749145303196378
0.7813957016855915,1.720049955161443,0.21875533028381622,-0.99389793567003,0;0;-0.99389793567;0.218755330284;-0.228448375328;0;0;0.0415801852035;0;0;0;0,53787.9321005082,0.005,116,3e-06,1.6465566180972622,,0.0005113995199128983,0.9089223000000004,0.03781630000000291,0.9467445000000083,ok,same_stridge_core,Hx;D_x^1.72005 H;Hxxx;H*Hxx,0.03454376161238907,1.0011014328911638
0.7773215103234398,1.8969003986649422,0.37270848780284105,-0.9798474790275582,0;0;-0.979847479028;0.372708487803;-0.103105166926;0;0;0.0294415869671;0;0;0;0,60622.307422503516,0.005,117,3e-06,1.6512866585686456,,0.0004416655021632858,0.9027247000000074,0.03819350000000554,0.9409241999999978,ok,same_stridge_core,Hx;D_x^1.8969 H;Hxxx;H*Hxx,0.030470840270840276,0.9238189694986035
0.6758480739463035,1.1261224439503945,0.1335121520168201,-1.4395112084381894,0;0;-1.43951120844;0.133512152017;0;0;0;-0.0211220222395;-0.205548856218;0;0;0,53452.708100489326,0.005,118,3e-06,1.8222034274190628,,0.0007165982054021646,0.5411974999999956,0.0436292999999921,0.584833500000002,ok,same_stridge_core,Hx;D_x^1.126122 H;H*Hxx;H*Hxxx,0.010454545454545454,1.180770930213191
0.8042084499306341,1.7710282955551957,0.4919541618397207,-0.9558342952511741,0;0;-0.955834295251;0.49195416184;-0.231047569284;0;0;0;0;0;0;0,54851.4491340055,0.005,119,3e-06,1.6473678331074728,,0.0006847248910681894,0.9198585999999978,0.037566100000006486,0.9574321999999995,ok,same_stridge_core,Hx;D_x^1.771028 H;Hxxx,0.04947863247863248,1.1537047909014233
0.8545652855472278,1.099401330120707,-0.11574141037806548,-0.620344282232739,0;0;-0.620344282233;-0.115741410378;0;0;0;0.163546200724;0.142425265833;0;0;0,53484.73367918907,0.005,120,3e-06,1.852224580404123,,0.0007688099986999174,0.3078290999999922,0.035953699999993205,0.34379140000000064,ok,same_stridge_core,Hx;D_x^1.099401 H;H*Hxx;H*Hxxx,0.035,1.2104077762538543
0.7489067651677559,1.8962954687167963,0.0,-1.0403402623825238,0;0;-1.04034026238;0;0;0;0;0.0765826159748;0;0;0;0,60592.465026801154,0.005,121,3e-06,1.2904014510907773,,0.0004387504031497253,0.6753404999999901,0.046158699999992336,0.7215041000000042,ok,same_stridge_core,Hx;H*Hxx,0.02,0.9268466609299704
0.8505664352443154,1.5355125200116695,-0.06787520465810253,-0.6868756313110942,0.0447687533336;0;-0.686875631311;-0.0678752046581;0;0;0;0.178378817677;0.221011932804;0;0;0,52931.309064210494,0.005,122,3e-06,1.972753136657141,,0.0007163774189088404,0.9703222999999923,0.035026000000002,1.0053530999999936,ok,same_stridge_core,1;Hx;D_x^1.535513 H;H*Hxx;H*Hxxx,0.04441176470588234,1.1787835006939835
0.8343360920935566,1.5931291737078144,0.0,-0.7516640690733085,0.0415305562298;0;-0.751664069073;0;0;0;0;0.152241646672;0.199635543095;0;0;0,52962.66433896425,0.005,123,3e-06,1.721660780701126,,0.0006114542662785693,0.9551565000000011,0.038793999999995776,0.9939571000000029,ok,same_stridge_core,1;Hx;H*Hxx;H*Hxxx,0.025552596769702035,1.086108808633555
0.5670778130057996,1.3803935184692482,1.1310205009631156,-1.708959551747969,-0.0788988490946;0;-1.70895955175;1.13102050096;-12.144297327;0;-0.386701986917;-0.944257489328;0.524610206695;0.0364053950101;0.0560861540544;0.0325679621405,53097.67471736648,0.005,124,3e-06,3.2946457249963284,,0.0014971710923606045,0.932064099999991,0.04012980000000255,0.972199400000008,ok,same_stridge_core,1;Hx;D_x^1.380394 H;Hxxx;H*Hx;H*Hxx;H*Hxxx;H^2*Hx;H^2*Hxx;H^2*Hxxx,0.023571428571428594,1.701715483475334
0.7950976894997444,1.2466632004725808,0.0,-0.9349117565372599,0;0;-0.934911756537;0;-0.329134072627;0;0;0.0897489387689;0;0;0;0,53293.708383465775,0.005,125,3e-06,1.6329635304939942,,0.0006700573452367643,0.30035599999999363,0.03625869999999054,0.33662230000000193,ok,same_stridge_core,Hx;Hxxx;H*Hxx,0.05912457912457911,1.1533201550428023
0.7831487495864149,1.4049333860910673,0.0,-0.9628667769984106,0;0;-0.962866776998;0;-0.280935404819;0;0;0.0862743665005;0;0;0;0,53062.29566809597,0.005,126,3e-06,1.5393466468896266,,0.0005683309717440033,0.9229900999999927,0.03477190000000974,0.9577675000000028,ok,same_stridge_core,Hx;Hxxx;H*Hxx,0.033900646678424434,1.0617859858767629
0.6963820162381434,1.264073844790125,0.13589737417424014,-1.315658104208422,0;0;-1.31565810421;0.135897374174;0;0;0;0;-0.114184878636;0;0;0,53268.933088645186,0.005,127,3e-06,1.5284248281338635,,0.0005718569138826707,0.9194444000000033,0.04290459999999996,0.9623538000000025,ok,same_stridge_core,Hx;D_x^1.264074 H;H*Hxxx,0.015,1.0490044303360568
0.6544362222621025,1.6603278823192964,0.7034872702862254,-1.4405081801036639,0;0;-1.4405081801;0.703487270286;0.0662403372539;0;0;-0.516141158238;0.103096977537;0;0.0490079483519;0,53196.398079406674,0.005,128,3e-06,2.537440290145337,,0.0012895843678932314,0.9036204000000083,0.036898499999992396,0.9405234999999976,ok,same_stridge_core,Hx;D_x^1.660328 H;Hxxx;H*Hxx;H*Hxxx;H^2*Hxx,0.036777777777777736,1.5799051247160165
0.671487341871809,1.0860049545547779,0.12254943363011567,-1.4580062508888798,0;0;-1.45800625089;0.12254943363;0;0;0;-0.0211136443181;-0.220780101153;0;0;0,53500.34496823274,0.005,129,3e-06,1.863651990074172,,0.0007645451908579712,0.9356838000000067,0.04078220000000954,0.9764715000000024,ok,same_stridge_core,Hx;D_x^1.086005 H;H*Hxx;H*Hxxx,0.015,1.2216478504553792
0.7672174078960594,1.3556792508426465,0.0,-1.0011724068185321,0;0;-1.00117240682;0;-0.215656189973;0;0;0.0813279632653;0;0;0;0,53134.13335513218,0.005,130,3e-06,1.4448243211857403,,0.000472836894695903,0.9243516000000085,0.03838700000000017,0.962764799999988,ok,same_stridge_core,Hx;Hxxx;H*Hxx,0.02448126678389836,0.9666171209895507
0.6963820162381434,1.5151379009950214,0.30821760743000726,-1.2996422746849714,0;0;-1.29964227468;0.30821760743;0;0;0;-0.180100632291;0;0;0.0185089776463;0,52939.63162965072,0.005,131,3e-06,1.6762342384657818,,0.0005578646927848698,0.5540084999999948,0.03712129999999547,0.5911392000000006,ok,same_stridge_core,Hx;D_x^1.515138 H;H*Hxx;H^2*Hxx,0.010454545454545454,1.040958658909973
0.7355506466270969,1.8836261312475329,0.0,-1.0809333459124386,0;0;-1.08093334591;0;-0.0826504975777;0;0;0.0703816451653;0;0;0;0,59940.440456597506,0.005,132,3e-06,1.4902562185771937,,0.0004659005016296214,0.9406218999999965,0.0425303000000099,0.9831575999999984,ok,same_stridge_core,Hx;Hxxx;H*Hxx,0.015,0.950792254467816
0.7855812072861053,1.5994474455377996,0.0,-0.9571226059075084,0;0;-0.957122605908;0;-0.290801106784;0;0;0.0869978125948;0;0;0;0,52973.170870330825,0.005,133,3e-06,1.5561223058621323,,0.0005871471218699182,0.9106067000000024,0.03757299999999475,0.9481899000000027,ok,same_stridge_core,Hx;Hxxx;H*Hxx,0.02945279754700234,1.0793637680291548
0.6910074607253366,1.8497918606123889,0.6116091405250331,-1.2275470167528786,0;0;-1.22754701675;0.611609140525;0;0;0;-0.345045308226;0.104087063353;0;0.0371174886783;0,58105.86256751304,0.005,134,3e-06,2.0985291040675387,,0.0007638009231698514,0.5374852000000061,0.041179300000010244,0.5786719000000033,ok,same_stridge_core,Hx;D_x^1.849792 H;H*Hxx;H*Hxxx;H^2*Hxx,0.025976190476190486,1.226941165554843
0.809852855370573,1.7818588978587904,0.2086014107744656,-0.8399178267797146,0.0332650091548;0;-0.83991782678;0.208601410774;0.300159277679;0;0;0.0970555696713;0.119745658271;0;0;0,55173.77223206429,0.005,135,3e-06,1.900949340624344,,0.00043295430913953975,0.9254216000000071,0.02973479999999995,0.955169699999999,ok,same_stridge_core,1;Hx;D_x^1.781859 H;Hxxx;H*Hxx;H*Hxxx,0.032719298245614044,0.9078214404471868
0.7722424473981728,1.0230312803092385,0.0,-0.9889610034896776,0;0;-0.98896100349;0;-0.236369101482;0;0;0.0829275524388;0;0;0;0,53569.8504326466,0.005,136,3e-06,1.4743599639375353,,0.0004974014057354408,0.9873304999999988,0.037643500000001495,1.0249816000000038,ok,same_stridge_core,Hx;Hxxx;H*Hxx,0.03446759259259256,0.992231310043716
0.7267858793618398,1.0545833624534255,0.0,-1.1018279217288305,0;0;-1.10182792173;0;0;0;0;0.0675317941493;0;0;0;0,53535.8152376426,0.005,137,3e-06,1.3219831575581624,,0.0005193117514997458,0.31413909999999134,0.039761900000002015,0.35391070000000013,ok,same_stridge_core,Hx;H*Hxx,0.02,1.0007682661323067
0.7160974041710176,1.6117725079434844,0.2618694504050424,-1.1912424479460524,0;0;-1.19124244795;0.261869450405;0;0;0;0;0;0;0;0,52999.15314813463,0.005,138,3e-06,1.375853534476591,,0.0005853436376480299,0.36347549999999273,0.0334493000000009,0.3969323999999972,ok,same_stridge_core,Hx;D_x^1.611773 H,0.035,1.0578586155877832
0.7432743500014062,1.2590498934604222,0.0,-1.0557566681546433,0;0;-1.05575666815;0;0;0;0;0.0743521381733;0;0;0;0,53276.12208511688,0.005,139,3e-06,1.2497489784732645,,0.0004439109401776952,0.9046696000000054,0.032964200000009214,0.9376388999999961,ok,same_stridge_core,Hx;H*Hxx,0.02,0.9300922459625632
0.656943577565268,1.2184396711803525,0.24566107668962914,-1.5731073052750253,0;0;-1.57310730528;0.24566107669;0;0;0;-0.0716760097204;-0.249688982113;0;0;0,53332.98343612903,0.005,140,3e-06,1.9831770244627358,,0.0009444913301946937,0.9685898999999978,0.043900699999994686,1.0124967999999939,ok,same_stridge_core,Hx;D_x^1.21844 H;H*Hxx;H*Hxxx,0.015,1.3431812232291873
0.6311732544291981,1.359186024103028,0.4942745299287214,-1.7269778120941557,0;0;-1.72697781209;0.494274529929;-1.39280878108;0;0;-0.412014176216;0.0639969159679;0;0.0325703481547;0,53128.931837705495,0.005,141,3e-06,2.535646343577364,,0.0013076115406688096,1.0298351999999937,0.041234700000003954,1.0710771000000108,ok,same_stridge_core,Hx;D_x^1.359186 H;Hxxx;H*Hxx;H*Hxxx;H^2*Hxx,0.02,1.5793255704986653
0.8521402571588119,1.5506994788460418,-0.05489408566764155,-0.6872793543587741,0.0455379373556;0;-0.687279354359;-0.0548940856676;0;0;0;0.175858435738;0.223024641147;0;0;0,52930.47522228345,0.005,142,3e-06,1.9847888175286919,,0.0007313171187238609,1.0217604999999992,0.03736370000000022,1.0591313000000042,ok,same_stridge_core,1;Hx;D_x^1.550699 H;H*Hxx;H*Hxxx,0.04526785714285715,1.1908316891944402
0.8831893419253629,1.622719445802284,-1.1478299787559973,-0.9738770006583014,0.0875386429268;-0.00379408108085;-0.973877000658;-1.14782997876;0.67063556028;0;0.28643248008;0.729556690969;1.63571988148;-0.0250531579549;-0.0337391956164;-0.166495502181,53029.12939811221,0.005,143,3e-06,2.3558267789845586,,0.00019246835480290863,0.9730697999999904,0.03536530000002358,1.0084422999999987,ok,same_stridge_core,1;H;Hx;D_x^1.622719 H;Hxxx;H*Hx;H*Hxx;H*Hxxx;H^2*Hx;H^2*Hxx;H^2*Hxxx,0.005,0.6058655088468561
0.7329661668217421,1.9232194448221969,0.04483855925206904,-1.0850902523986878,0;0;-1.0850902524;0.0448385592521;0;0;0;0.0636538523169;0;0;0;0,61747.89654949699,0.005,144,3e-06,1.516694086069048,,0.0004785866303963559,1.0575395999999841,0.04903379999998947,1.1065825000000018,ok,same_stridge_core,Hx;D_x^1.923219 H;H*Hxx,0.02,0.9609630171235753
0.7071520319236064,1.214121963184078,0.12914026791485617,-1.301820768880075,0;0;-1.30182076888;0.129140267915;0;0;0;0;-0.149937889254;0;0;0,53338.888143679884,0.005,145,3e-06,1.4957263292242875,,0.0005231338138707357,0.9740557000000081,0.047378600000001825,1.02143989999999,ok,same_stridge_core,Hx;D_x^1.214122 H;H*Hxxx,0.015,1.0156763359311685
0.6960262798142481,1.267430773428094,0.13643798587043443,-1.3157611981344495,0;0;-1.31576119813;0.13643798587;0;0;0;0;-0.112436536278;0;0;0,53264.112368977876,0.005,146,3e-06,1.5322197225909404,,0.0005765299017566249,0.932299200000017,0.040574499999991076,0.9728798000000154,ok,same_stridge_core,Hx;D_x^1.267431 H;H*Hxxx,0.014993250855052423,1.0528427112701395
0.6912294440957726,1.0953433058833133,0.09825633965190446,-1.3580878260364093,0;0;-1.35808782604;0.0982563396519;0;0;0;0;-0.179743150281;0;0;0,53489.4937761332,0.005,147,3e-06,1.5709913524084738,,0.000602281698836109,0.9239635999999791,0.036468200000001616,0.96043659999998,ok,same_stridge_core,Hx;D_x^1.095343 H;H*Hxxx,0.01,1.0895859084232749
0.662461048255127,1.2084196310209019,0.22045202897839344,-1.53616356228851,0;0;-1.53616356229;0.220452028978;0;0;0;-0.0591965003186;-0.235301207178;0;0;0,53346.64266053062,0.005,148,3e-06,1.9292728029337654,,0.0008671445701488522,0.9415058000000158,0.042697900000007394,0.9842102999999724,ok,same_stridge_core,Hx;D_x^1.20842 H;H*Hxx;H*Hxxx,0.014587566743869266,1.289113091007398
0.728232439249502,1.886459996277877,0.8668428340050032,-1.0460928677029473,0.0236624509488;-0.00156275465248;-1.0460928677;0.866842834005;4.59056356019;0;-0.00622414437329;-0.311232075935;-1.22555188505;0;0.0330616164974;0.103541062917,60090.13906822576,0.005,149,3e-06,2.6640618956178392,,0.00037764504196739567,0.9204916000000196,0.0300119000000052,0.9505096000000037,ok,same_stridge_core,1;H;Hx;D_x^1.88646 H;Hxxx;H*Hx;H*Hxx;H*Hxxx;H^2*Hxx;H^2*Hxxx,0.005,0.8613577235710667
0.7389776884764699,1.099401330120707,0.0,-1.06762642838996,0;0;-1.06762642839;0;0;0;0;0.0726169024476;0;0;0;0,53484.73367918907,0.005,150,3e-06,1.2605295110139136,,0.00045455530481196374,0.29607719999998494,0.043374900000003436,0.3394572999999923,ok,same_stridge_core,Hx;H*Hxx,0.025526315789473685,0.9396211089387791
0.6249384161920655,1.0555715218278645,0.19147390077048945,-1.7416855077665634,0;0;-1.74168550777;0.19147390077;0;0;0;-0.085770708202;-0.380095283943;0;0;0,53534.72380792514,0.005,151,3e-06,2.346299494760581,,0.0014926948124201335,0.9470912999999825,0.04287610000000086,0.9899784000000125,ok,same_stridge_core,Hx;D_x^1.055572 H;H*Hxx;H*Hxxx,0.02,1.7038828090654794
0.7166354752149521,1.2245285288356145,0.13554859507447756,-1.279109786143992,0;0;-1.27910978614;0.135548595074;0;0;0;0;-0.157941793156;0;0;0,53324.6086478179,0.005,152,3e-06,1.5167418217147093,,0.0005398467937411551,0.5414451999999983,0.03870399999999563,0.5801558999999941,ok,same_stridge_core,Hx;D_x^1.224529 H;H*Hxxx,0.02,1.0368203438843482
0.7619676986978128,1.182856147854646,0.0,-1.0140582733777512,0;0;-1.01405827338;0;-0.193898783519;0;0;0.0796174583709;0;0;0;0,53380.7754259614,0.005,153,3e-06,1.425745025029434,,0.0004532312396946298,0.9530229000000077,0.036316999999996824,0.989348399999983,ok,same_stridge_core,Hx;Hxxx;H*Hxx,0.02043300035165582,0.9453180461957813
0.7006419970757787,1.3288958830349,0.15324902569701526,-1.2926201745390202,0;0;-1.29262017454;0.153249025697;0;0;0;0;-0.0950462522005;0;0;0,53173.952730848534,0.005,154,3e-06,1.5148711872048244,,0.0005589039341636226,0.9400165000000129,0.031194100000021763,0.9712153000000114,ok,same_stridge_core,Hx;D_x^1.328896 H;H*Hxxx,0.02493679831806767,1.0363056126271877
0.837776698741133,1.2466632004725808,-0.12251567116322064,-0.628950978177726,0.0381427929312;0;-0.628950978178;-0.122515671163;1.29319717417;0;0;0.195931564619;0.0743985335456;0;0;0,53293.708383465775,0.005,155,3e-06,1.915464794807305,,0.00047233670477657327,0.30714989999998465,0.04042060000000447,0.34758200000001693,ok,same_stridge_core,1;Hx;D_x^1.246663 H;Hxxx;H*Hxx;H*Hxxx,0.027035087719298245,0.9561780439049208
0.7831487495864149,1.553445287111422,0.0,-0.9628667769984106,0;0;-0.962866776998;0;-0.280935404819;0;0;0.0862743665005;0;0;0;0,52930.902693379474,0.005,156,3e-06,1.5381641101171781,,0.0005683309717440033,0.6414541000000042,0.039265499999999065,0.6807282000000043,ok,same_stridge_core,Hx;Hxxx;H*Hxx,0.032254320987654336,1.0617859858767629
0.6662913685126234,1.6369770490469076,0.13522990462504625,-1.3051213362050504,0;0;-1.30512133621;0.135229904625;2.67175241642;0;0;0;-0.446413055382;0;0;0,53079.57219606295,0.005,157,3e-06,2.324603201058599,,0.0014977683848093522,0.8979412999999852,0.03147439999997914,0.9294208999999967,ok,same_stridge_core,Hx;D_x^1.636977 H;Hxxx;H*Hxxx,0.03441986828401393,1.6876483347058435
0.7008106804302632,1.1848765634395382,0.11990180719049212,-1.3213343048714612,0;0;-1.32133430487;0.11990180719;0;0;0;0;-0.154193518706;0;0;0,53378.11596719445,0.005,158,3e-06,1.5118687836299611,,0.0005415667815472079,0.9582163000000037,0.03939610000000471,0.9976171000000136,ok,same_stridge_core,Hx;D_x^1.184877 H;H*Hxxx,0.02440817931920198,1.0314657399252112
0.727401699960946,1.3074678235286359,0.09746568225995951,-1.1831474166338134,0;0;-1.18314741663;0.09746568226;-0.483781016197;0;0;0.030893632122;0;0;0;0,53205.70656055207,0.005,159,3e-06,1.5601147134153388,,0.000436364809440807,0.9674248999999975,0.039320000000003574,1.0067517000000237,ok,same_stridge_core,Hx;D_x^1.307468 H;Hxxx;H*Hxx,0.015,0.9216462346887141
0.7611846003204821,1.0230717780639944,0.0,-1.0159917784998775,0;0;-1.0159917785;0;-0.190642986672;0;0;0.0793588184316;0;0;0;0,53569.80772690231,0.005,160,3e-06,1.424800286890415,,0.00045086530748736223,0.9813616999999795,0.03792880000000309,1.0192993999999942,ok,same_stridge_core,Hx;Hxxx;H*Hxx,0.02,0.9426720173482942
0.6525669331100419,1.3814011952509677,0.3794964075931469,-1.555924334426596,0;0;-1.55592433443;0.379496407593;0;0;0;-0.288544691761;-0.0982393889234;0;0.0238641905028;0,53096.20163033148,0.005,161,3e-06,2.169268001156568,,0.0009878949995782665,1.017746599999981,0.054084999999986394,1.0718376000000092,ok,same_stridge_core,Hx;D_x^1.381401 H;H*Hxx;H*Hxxx;H^2*Hxx,0.015,1.3728249767015956
0.7360332905192277,1.4614334715748734,0.12408682832322049,-1.1382527990497893,0;0;-1.13825279905;0.124086828323;-0.300380353934;0;0;0.0330496798553;0;0;0;0,52988.346982855895,0.005,162,3e-06,1.5405773122061666,,0.0004210107035680514,1.035006299999992,0.044989500000014004,1.0800061999999855,ok,same_stridge_core,Hx;D_x^1.461433 H;Hxxx;H*Hxx,0.015,0.9047171484118957
0.7855812072861053,1.2458189472581673,0.0,-0.9571226059075081,0;0;-0.957122605908;0;-0.290801106784;0;0;0.0869978125948;0;0;0;0,53294.899651074804,0.005,163,3e-06,1.559017864888828,,0.0005871471218699181,0.5879830000000084,0.0451526999999885,0.6331413999999995,ok,same_stridge_core,Hx;Hxxx;H*Hxx,0.04943614163614164,1.0793637680291548
0.7246514058755207,1.5273917279423288,0.18455702480293631,-1.175398141095897,0;0;-1.1753981411;0.184557024803;-0.21715737924;0;0;0.015636517506;0;0;0;0,52933.73740962399,0.005,164,3e-06,1.5875914169907457,,0.00047113872251190405,0.9941386999999793,0.05029410000000212,1.0444386000000065,ok,same_stridge_core,Hx;D_x^1.527392 H;Hxxx;H*Hxx,0.015,0.9523865680752579
0.7679435352329762,1.3307387083442117,0.0,-0.9994004241827239,0;0;-0.999400424183;0;-0.218656141048;0;0;0.0815613772003;0;0;0;0,53171.2135551888,0.005,165,3e-06,1.4485625479580981,,0.0004760459306102718,1.016562499999992,0.04422289999999407,1.0607952000000012,ok,same_stridge_core,Hx;Hxxx;H*Hxx,0.024415966892870913,0.970021625961399
0.7607383877538153,1.17144920224348,0.0,-1.0170948159452877,0;0;-1.01709481595;0;-0.188786685501;0;0;0.0792110378557;0;0;0;0,53395.6660126426,0.005,166,3e-06,1.421790392257323,,0.00044958397024241775,1.0437762999999904,0.03930800000000545,1.0830984000000115,ok,same_stridge_core,Hx;Hxxx;H*Hxx,0.02092775552577933,0.9412293981435396
0.7267858793618398,1.49200927499797,0.17081471683234214,-1.1749613352216246,0;0;-1.17496133522;0.170814716832;-0.277571116096;0;0;0.0176957311875;0;0;0;0,52956.77306401101,0.005,167,3e-06,1.5687815336570137,,0.00045139408885779643,0.5701740000000086,0.032888799999994944,0.6030676999999969,ok,same_stridge_core,Hx;D_x^1.492009 H;Hxxx;H*Hxx,0.014519140989729225,0.9333002568888815
0.7200167220136866,1.3612964147144306,0.17651230752650207,-1.2426337799162612,0;0;-1.24263377992;0.176512307527;0;0;0;0;-0.100665007039;0;0;0,53125.80472173733,0.005,168,3e-06,1.4432054708765996,,0.0004764289402637333,0.958037499999989,0.032489300000008825,0.9905318000000136,ok,same_stridge_core,Hx;D_x^1.361296 H;H*Hxxx,0.025,0.9650732283809635
0.7489067651677559,1.1252536027937186,0.0418582364061187,-0.9062969665465128,0.138913109217;-0.0253143455316;-0.906296966547;0.0418582364061;2.40820772341;0;-0.0297331611529;0;-0.364307859651;0;0;0,53453.768084363226,0.005,169,3e-06,1.9760437032772158,,0.00037744911224490903,0.5672820000000058,0.029327599999987797,0.5966140999999823,ok,same_stridge_core,1;H;Hx;D_x^1.125254 H;Hxxx;H*Hx;H*Hxxx,0.013181818181818178,0.853514573505588
0.7392574563505299,1.6100263487297914,0.14923448139233056,-1.10709380522913,0;0;-1.10709380523;0.149234481392;-0.144665667845;0;0;0.0357030076631;0;0;0;0,52994.99852787873,0.005,170,3e-06,1.5401910513095403,,0.0004223253818178014,0.5838882000000183,0.03442219999999452,0.6183145999999908,ok,same_stridge_core,Hx;D_x^1.610026 H;Hxxx;H*Hxx,0.024929133829133834,0.9042510689749955
0.7409702295057675,1.7863117469434866,0.0,-1.0621101060842193,0;0;-1.06211010608;0;0;0;0;0.0734252545158;0;0;0;0,55317.70623565948,0.005,171,3e-06,1.2663348896873023,,0.000448873788781638,1.0263333999999986,0.041189299999984996,1.0675289000000134,ok,same_stridge_core,Hx;H*Hxx,0.03490857838038665,0.9344286522733454
0.7595405068525503,1.502624195358539,0.278206663655618,-1.1329848785958003,0;0;-1.1329848786;0.278206663656;-1.35472372757;0;0;0;0.137954069177;0;0;0,52948.037405938594,0.005,172,3e-06,1.6346415801930387,,0.0005165530302378394,0.619733100000019,0.04360730000001922,0.6633496000000036,ok,same_stridge_core,Hx;D_x^1.502624 H;Hxxx;H*Hxxx,0.02,0.9992651313217757
0.7475378631384091,1.2787126019758923,0.04473327041723295,-1.0438811536498176,0.0208336067671;0;-1.04388115365;0.0447332704172;0.59744040521;0;0;0.0808633403793;-0.029517901773;0;0;0,53247.815432001735,0.005,173,3e-06,1.7711883420698444,,0.0003432426084973709,0.9986434000000202,0.051099200000010114,1.0497539999999788,ok,same_stridge_core,1;Hx;D_x^1.278713 H;Hxxx;H*Hxx;H*Hxxx,0.01,0.8127276642938133
0.7857380195725492,1.3332232234813064,-0.03778478608309127,-0.8604280434018591,0.0296027941256;0;-0.860428043402;-0.0377847860831;0.832488429939;0;0;0.135641816211;0.0288047694472;0;0;0,53167.51940935965,0.005,174,3e-06,1.790125530410856,,0.0003581091448449237,0.9716183000000171,0.03713149999998677,1.0087560000000053,ok,same_stridge_core,1;Hx;D_x^1.333223 H;Hxxx;H*Hxx;H*Hxxx,0.023333333333333345,0.8331101810423823
0.7469181257524498,1.1936220179775392,0.02952069973692944,-1.0400926444677665,0.0207327612859;0;-1.04009264447;0.0295206997369;0.652493396782;0;0;0.0849564081885;-0.0385574738311;0;0;0,53366.52783806356,0.005,175,3e-06,1.7797069626095818,,0.000347703541231167,0.9841523000000052,0.046293399999996154,1.0304525999999896,ok,same_stridge_core,1;Hx;D_x^1.193622 H;Hxxx;H*Hxx;H*Hxxx,0.01,0.8191094615244376
0.758657568045235,1.6052163416599714,0.3274471998702212,-1.0899386687803112,0;0;-1.08993866878;0.32744719987;0;0;0;0;0;0;0;0,52984.38229830342,0.005,176,3e-06,1.3118482867639698,,0.0005072779947791565,1.063092399999988,0.028820400000000745,1.091918100000015,ok,same_stridge_core,Hx;D_x^1.605216 H,0.03455882352941177,0.9939419929741492
0.6916344767267546,1.4620390815863464,0.3057677895639542,-1.3457809225253388,0;0;-1.34578092253;0.305767789564;-0.285957610049;0;0;-0.180780912722;0;0;0.0174266122204;0,52987.64609909398,0.005,177,3e-06,1.854088195018949,,0.000574065222950589,0.9486239000000012,0.04693129999998291,0.9955642999999839,ok,same_stridge_core,Hx;D_x^1.462039 H;Hxxx;H*Hxx;H^2*Hxx,0.01,1.0592735035325391
0.6758480739463035,1.354174660902981,0.3050192614987024,-1.4623577681766864,0;0;-1.46235776818;0.305019261499;0;0;0;-0.0652647701634;-0.160269297301;0;0;0,53136.366826302336,0.005,178,3e-06,1.8795083652029283,,0.0008094615822269876,0.5750593999999865,0.03985480000000052,0.6149226999999939,ok,same_stridge_core,Hx;D_x^1.354175 H;H*Hxx;H*Hxxx,0.0456005772005772,1.2418719632873003
0.7350773689038241,1.2289172010645166,0.0,-1.0784838033766007,0;0;-1.07848380338;0;0;0;0;0.0710162165588;0;0;0;0,53318.538125527215,0.005,179,3e-06,1.273606879191743,,0.0004695329253378101,0.9214375999999902,0.03918629999998302,0.9606296999999984,ok,same_stridge_core,Hx;H*Hxx,0.029919761538676884,0.9536956504385796
0.7419351697562115,1.244163107823721,0.0,-1.059446035525917,0;0;-1.05944603553;0;0;0;0;0.0738144491677;0;0;0;0,53297.23310513681,0.005,180,3e-06,1.2521795752224105,,0.0004465881939635924,0.9825815000000091,0.03832649999998239,1.02091470000002,ok,same_stridge_core,Hx;H*Hxx,0.01993696647216256,0.9323961765915898
0.768328742038896,1.5829300599443838,0.0,-0.8447135482980267,0.094186160578;-0.01366434723;-0.844713548298;0;3.52090759127;0;-0.0160260712805;0.0773230764947;-0.688185822942;0;0;0.0415725808886,52949.26181306002,0.005,181,3e-06,2.0317534165576183,,0.0003022776155006703,0.9891684000000112,0.0339730999999972,1.0231517999999937,ok,same_stridge_core,1;H;Hx;Hxxx;H*Hx;H*Hxx;H*Hxxx;H^2*Hxxx,0.005,0.7609711330441781
0.8133214877828221,1.4890255818829408,-0.05334883689690704,-0.7851097741350794,0.0373101840727;0;-0.785109774135;-0.0533488368969;0.467325037588;0;0;0.155940782857;0.115331712593;0;0;0,52959.462912142524,0.005,182,3e-06,1.9163090784373922,,0.00047715014243888927,0.9899274999999932,0.037125300000013794,1.0270623000000114,ok,same_stridge_core,1;Hx;D_x^1.489026 H;Hxxx;H*Hxx;H*Hxxx,0.025112781954887222,0.9630387460188268
0.7371655851774916,1.7596970804865582,0.13457423748225206,-1.0867013763749969,0;0;-1.08670137637;0.134574237482;0;0;0;0.0460548919202;0;0;0;0,54554.18153722782,0.005,183,3e-06,1.4172325166058095,,0.00044540899627882696,1.0254132999999968,0.037034099999999626,1.0624561999999855,ok,same_stridge_core,Hx;D_x^1.759697 H;H*Hxx,0.020432677125240162,0.9262448827707592
0.7485005269002571,1.7219275505842653,0.167665413595979,-1.063398241066478,0;0;-1.06339824107;0.167665413596;0;0;0;0.0423187842637;0;0;0;0,53815.98219820818,0.005,184,3e-06,1.3783017221830591,,0.0004127857616477081,1.021339399999988,0.04513339999999744,1.066476999999992,ok,same_stridge_core,Hx;D_x^1.721928 H;H*Hxx,0.020056399342769714,0.8939578823991856
0.7263160401400472,1.699684471737413,0.1279184212131313,-1.1280938490433654,0;0;-1.12809384904;0.127918421213;0;0;0;0.038648855639;-0.0230697449741;0;0;0,53526.22585495811,0.005,185,3e-06,1.62654491970099,,0.000501317239019223,1.0317194000000143,0.04426250000000209,1.0759889999999928,ok,same_stridge_core,Hx;D_x^1.699684 H;H*Hxx;H*Hxxx,0.015,0.9842302094414926
0.7238023387061909,1.3567227038968093,0.1316610993176335,-1.2040190167249563,0;0;-1.20401901672;0.131661099318;-0.483991673118;0;0;0.0198468578045;0;0;0;0,53132.58500080543,0.005,186,3e-06,1.56608680839353,,0.0004449144607286401,0.9994442999999933,0.041535600000003114,1.0409837999999922,ok,same_stridge_core,Hx;D_x^1.356723 H;Hxxx;H*Hxx,0.015,0.9284957883838648
0.77069924076995,1.264073844790125,0.0,-0.9926984259654968,0;0;-0.992698425965;0;-0.230020031927;0;0;0.0824402156143;0;0;0;0,53268.933088645186,0.005,187,3e-06,1.4632891646824986,,0.0004892789420431552,0.3188451000000043,0.03487570000001483,0.3537267999999756,ok,same_stridge_core,Hx;Hxxx;H*Hxx,0.042499999999999996,0.9838687668846919
0.7381334778945253,1.2476209735355728,0.0,-1.0699697916024595,0;0;-1.0699697916;0;0;0;0;0.0722725100502;0;0;0;0,53292.35583504381,0.005,188,3e-06,1.2619818359040902,,0.0004573594440235651,0.921822700000007,0.037682799999998906,0.9595167000000231,ok,same_stridge_core,Hx;H*Hxx,0.02993792109810628,0.9422277008938272
0.7761444461798113,1.3074678235286359,0.0,-0.9795610769383194,0;0;-0.979561076938;0;-0.252375637421;0;0;0.0841444717995;0;0;0;0,53205.70656055207,0.005,189,3e-06,1.4940028135211594,,0.0005201296273920865,0.28981039999999325,0.033763499999992064,0.32357790000000364,ok,same_stridge_core,Hx;Hxxx;H*Hxx,0.025,1.0151514544761908
0.7373248166614613,1.2025877734200088,0.0,-1.072217931531085,0;0;-1.07221793153;0;0;0;0;0.0719415470056;0;0;0;0,53354.520802243576,0.005,190,3e-06,1.2650790760547572,,0.0004602701888716166,0.9117138999999952,0.037331300000005285,0.9490500999999938,ok,same_stridge_core,Hx;H*Hxx,0.03001109307359307,0.9449519512412957
0.7516520935780817,1.6483670276096292,0.32770431321061066,-1.1056831346284668,0;0;-1.10568313463;0.327704313211;-0.21995162532;0;0;0;0;0;0;0,53130.67080843034,0.005,191,3e-06,1.4139164122552268,,0.0004502337240051075,0.9113772999999981,0.03655279999998129,0.9479375000000232,ok,same_stridge_core,Hx;D_x^1.648367 H;Hxxx,0.02442208462332302,0.9357403749793537
0.7154772413359645,1.3508657057352875,0.1699938621477382,-1.2549492176745904,0;0;-1.25494921767;0.169993862148;0;0;0;0;-0.100844881061;0;0;0,53141.28181207376,0.005,192,3e-06,1.4470991748713429,,0.0004818790959429735,0.9326113000000191,0.03711450000000127,0.9697322000000099,ok,same_stridge_core,Hx;D_x^1.350866 H;H*Hxxx,0.015,0.9688276385626792
0.7554870432229318,1.0209434505912656,0.0,-0.9845759035225294,0.0202485601535;0;-0.984575903523;0;0.0480428099235;0;0;0.098711553862;0.238901914279;0;0;-0.0235560713217,53572.04793160561,0.005,193,3e-06,1.7743276478201728,,0.00033988758310322617,0.9468784999999968,0.039473100000009254,0.9863596000000143,ok,same_stridge_core,1;Hx;Hxxx;H*Hxx;H*Hxxx;H^2*Hxxx,0.01,0.8100307850512719
0.6927276267744665,1.9105351787175167,0.0,-1.1968329386503347,0;0;-1.19683293865;0;0.103376508097;0;0;0.0530553178019;0;0;0;0,61252.23953701914,0.005,194,3e-06,1.9545660506419151,,0.0010271208678809519,0.9170100000000048,0.04767970000000332,0.964697000000001,ok,same_stridge_core,Hx;Hxxx;H*Hxx,0.02,1.4032958948087428
0.7138999639643702,1.3307387083442117,0.16323438811470506,-1.2628547385594617,0;0;-1.26285473856;0.163234388115;0;0;0;0;-0.107282527182;0;0;0,53171.2135551888,0.005,195,3e-06,1.4524130671746567,,0.0004864559897051249,0.29819380000000706,0.033488900000008925,0.33169019999999705,ok,same_stridge_core,Hx;D_x^1.330739 H;H*Hxxx,0.019440902545962747,0.9738721451779575
0.7519566254568989,1.7530940253144087,0.394372216443194,-1.075391409139343,0;0;-1.07539140914;0.394372216443;0;0;0;0;0;0;0;0,54398.547629884146,0.005,196,3e-06,1.2589369585868226,,0.00044999832160456927,0.9355946000000017,0.034208799999987605,0.9698086999999873,ok,same_stridge_core,Hx;D_x^1.753094 H,0.02440829971739026,0.9325456728075178
0.7267858793618398,1.2828005516552243,0.0900854020944442,-1.1850059111717124,0;0;-1.18500591117;0.0900854020944;-0.501202769936;0;0;0.0323217749826;0;0;0;0,53241.876037943286,0.005,197,3e-06,1.5631864860712412,,0.000438603574695479,0.544451400000014,0.04180189999999584,0.5862610000000075,ok,same_stridge_core,Hx;D_x^1.282801 H;Hxxx;H*Hxx,0.014572152535088109,0.9242839736159217
0.8060134267325333,1.6333724922415347,0.0,-0.8929428663113049,0;0;-0.892942866311;0;0;0;0;0.0964938943164;0;0;0;0,53065.48766683457,0.005,198,3e-06,1.5979468520225575,,0.0008124161495274118,0.9447707000000207,0.041482199999990144,0.9862611000000072,ok,same_stridge_core,Hx;H*Hxx,0.07025000000000002,1.27955392602155
0.7109047111151425,1.068378843405446,0.052600425781500044,-1.236057664840165,0;0;-1.23605766484;0.0526004257815;0;0;0;0.0324273672497;-0.110802889261;0;0;0,53520.43853000191,0.005,199,3e-06,1.63333317512493,,0.0004990281952002108,0.9724860999999976,0.04106459999999856,1.0135602999999946,ok,same_stridge_core,Hx;D_x^1.068379 H;H*Hxx;H*Hxxx,0.029369981325863676,0.991087912764907
0.7328847614442779,1.1686878916633745,0.0,-1.084622052543627,0;0;-1.08462205254;0;0;0;0;0.0701056355392;0;0;0;0,53399.238530943505,0.005,200,3e-06,1.2842816370208405,,0.00048026695464760074,0.968364500000007,0.04397849999998016,1.0123481000000254,ok,same_stridge_core,Hx;H*Hxx,0.029369664657137414,0.9638862058351796
0.7331402741092719,1.6467586812030337,0.15266954428295101,-1.1131681456473783,0;0;-1.11316814565;0.152669544283;0;0;0;0.0355847422852;0;0;0;0,53122.81333461318,0.005,201,3e-06,1.4103607485234002,,0.00045216770174110116,0.9229573000000073,0.0405576999999937,0.9635256000000254,ok,same_stridge_core,Hx;D_x^1.646759 H;H*Hxx,0.024465234576508146,0.9322554285118816
0.7249148153984473,1.297859473382795,0.10208959831246245,-1.1963188140592336,0;0;-1.19631881406;0.102089598312;-0.516636833187;0;0;0.0277281054323;0;0;0;0,53219.85621539896,0.005,202,3e-06,1.5656141791162157,,0.00044191533689477697,0.9426062999999942,0.050526300000001356,0.9931411999999966,ok,same_stridge_core,Hx;D_x^1.297859 H;Hxxx;H*Hxx,0.015,0.9269759045314281
0.7638331062296772,1.2628160412114473,0.0,-0.8595727882597078,0.106482979752;-0.0159595289917;-0.85957278826;0;4.22766607643;0;-0.0141352374694;0.00961223781276;-0.975092828925;0;0.00836022224274;0.0756481623236,53270.73596573528,0.005,203,3e-06,2.193524787359954,,0.00029593344966303626,0.9679514999999981,0.0355241000000035,1.0034845999999789,ok,same_stridge_core,1;H;Hx;Hxxx;H*Hx;H*Hxx;H*Hxxx;H^2*Hxx;H^2*Hxxx,0.005,0.7552149162851015
0.7641121351261166,1.1902212181380492,0.0,-1.008778639252768,0;0;-1.00877863925;0;-0.202800964592;0;0;0.0803210702535;0;0;0;0,53371.04853860094,0.005,204,3e-06,1.4336287163854,,0.00046046313974676325,0.9679158000000143,0.03651909999999248,1.004442499999982,ok,same_stridge_core,Hx;Hxxx;H*Hxx,0.024414154625712947,0.9532892795379915
0.7472089903586877,1.3182211770309653,0.05532923705746421,-1.048577184202116,0.0206467106875;0;-1.0485771842;0.0553292370575;0.57369301804;0;0;0.0775541179692;-0.0268163619301;0;0;0,53189.798576846435,0.005,205,3e-06,1.7680048164854045,,0.0003420081563385638,0.99341849999999,0.045789700000000266,1.039219299999985,ok,same_stridge_core,1;Hx;D_x^1.318221 H;Hxxx;H*Hxx;H*Hxxx,0.01,0.8105884421021685
0.7699778795166587,1.2854046700120931,0.0,-0.9944493319926404,0;0;-0.994449331993;0;-0.227048654663;0;0;0.0822112278944;0;0;0;0,53238.08344650445,0.005,206,3e-06,1.4592488659025045,,0.00048565574666584253,0.9663117999999997,0.04215909999999212,1.0084812999999997,ok,same_stridge_core,Hx;Hxxx;H*Hxx,0.04441176470588234,0.9801061148839643
0.7554680887585011,1.533724947476945,0.2855217497666489,-1.131191247765913,0;0;-1.13119124777;0.285521749767;-1.06714136527;0;0;0;0.105893309138;0;0;0,52931.73382665975,0.005,207,3e-06,1.600348935456879,,0.0004811990499132894,0.9930736999999965,0.032066099999980224,1.025146200000023,ok,same_stridge_core,Hx;D_x^1.533725 H;Hxxx;H*Hxxx,0.015,0.965168129536962
0.7293533536231165,1.3796306676515322,0.1196108457308134,-1.174310435992393,0;0;-1.17431043599;0.119610845731;-0.415316718478;0;0;0.0274832889632;0;0;0;0,53098.7909420784,0.005,208,3e-06,1.552963839071328,,0.0004316665413948987,0.9459482000000037,0.03845190000001253,0.9844065999999998,ok,same_stridge_core,Hx;D_x^1.379631 H;Hxxx;H*Hxx,0.02440733069247001,0.9157783477663873
0.7448744336790876,1.4549452024385112,0.0866155330186808,-1.098902433708059,0;0;-1.09890243371;0.0866155330187;-0.280265323907;0;0;0.0473337837376;0;0;0;0,52996.01322707768,0.005,209,3e-06,1.538471336046408,,0.00041639740108780944,0.9817586000000063,0.04037379999999757,1.0221382999999946,ok,same_stridge_core,Hx;D_x^1.454945 H;Hxxx;H*Hxx,0.02,0.9025191773214759
0.7182142891579454,1.7676835580737007,0.0,-1.126340275343681,0;0;-1.12634027534;0;0;0;0;0.0638112923363;0;0;0;0,54759.58621543173,0.005,210,3e-06,1.4015932647115465,,0.000598558312540793,0.9830287000000055,0.04714870000000815,1.0301867000000016,ok,same_stridge_core,Hx;H*Hxx,0.024938234065556043,1.0730357474189562
0.7587763722362175,1.2435647048896132,0.0,-1.0219562959265855,0;0;-1.02195629593;0;-0.18061410736;0;0;0.0785577437897;0;0;0;0,53298.07558369793,0.005,211,3e-06,1.4151469975503566,,0.0004445339355943813,1.0328579000000104,0.03558939999999211,1.0684564000000023,ok,same_stridge_core,Hx;Hxxx;H*Hxx,0.02,0.9354643172970752
0.7173045261632778,1.211983241698742,0.13237430587248733,-1.2800573030692814,0;0;-1.28005730307;0.132374305872;0;0;0;0;-0.165020021629;0;0;0,53341.802412223034,0.005,212,3e-06,1.5325426053885232,,0.0005548018612898243,0.9660161999999843,0.03937490000001276,1.0053967999999998,ok,same_stridge_core,Hx;D_x^1.211983 H;H*Hxxx,0.02,1.0524663836785157
0.7196732058754762,1.1798943946298845,0.13419434786594303,-1.296680717154226,0;0;-1.29668071715;0.134194347866;-1.23006245433;0;0;0;0;0;0;0,53384.66202152385,0.005,213,3e-06,1.530857698823222,,0.0005579266925033878,0.90273830000001,0.04241389999998546,0.9451618000000224,ok,same_stridge_core,Hx;D_x^1.179894 H;Hxxx,0.01,1.0503957406295075
0.7716209040128998,1.232811803132508,0.0,-0.9904649320246026,0;0;-0.990464932025;0;-0.233813223379;0;0;0.0827316852811;0;0;0;0,53313.12737395682,0.005,214,3e-06,1.468631027884083,,0.0004940696258076121,1.0059974000000125,0.04478549999998904,1.0507926999999881,ok,same_stridge_core,Hx;Hxxx;H*Hxx,0.029386969663113445,0.9888128815184717
0.6897075374345438,1.2235008876667202,0.12407959820027605,-1.3387603181876904,0;0;-1.33876031819;0.1240795982;0;0;0;0;-0.121229523599;0;0;0,53326.02609402279,0.005,215,3e-06,1.5757525956975509,,0.0006262743114894075,0.5954629999999952,0.04764750000001072,0.6431194000000175,ok,same_stridge_core,Hx;D_x^1.223501 H;H*Hxxx,0.025,1.0958183608513459
0.7831487495864149,1.211983241698742,0.0,-0.9628667769984103,0;0;-0.962866776998;0;-0.280935404819;0;0;0.0862743665005;0;0;0;0,53341.802412223034,0.005,216,3e-06,1.54186220758677,,0.0005683309717440034,0.0027654999999811025,0.04026890000000094,0.04304059999998344,ok,same_stridge_core,Hx;Hxxx;H*Hxx,0.040885989010989006,1.0617859858767629
0.7352484760145211,1.4255973512190838,0.11398692685897667,-1.143675108941717,0;0;-1.14367510894;0.113986926859;-0.337146638229;0;0;0.0340011473786;0;0;0;0,53033.66511825697,0.005,217,3e-06,1.5424908464913991,,0.0004218132596828071,0.9209636000000216,0.040422799999987546,0.9613941000000068,ok,same_stridge_core,Hx;D_x^1.425597 H;Hxxx;H*Hxx,0.014576122870800746,0.9060868650723154
0.7381334778945253,1.2653513440764268,0.0,-1.0699697916024595,0;0;-1.0699697916;0;0;0;0;0.0722725100502;0;0;0;0,53267.10014856757,0.005,218,3e-06,1.2618303017852326,,0.0004573594440235651,0.5401647999999852,0.03539839999999117,0.5755680000000041,ok,same_stridge_core,Hx;H*Hxx,0.02943713377606935,0.9422277008938272
0.7284767141299053,1.4975361072980167,0.16538020820478616,-1.166649018922715,0;0;-1.16664901892;0.165380208205;-0.266996355324;0;0;0.0203017036524;0;0;0;0,52952.055599188396,0.005,219,3e-06,1.5626941263522895,,0.0004452123383851622,0.9174948000000143,0.04516279999998574,0.9626645999999823,ok,same_stridge_core,Hx;D_x^1.497536 H;Hxxx;H*Hxx,0.009949683951775217,0.9272694591620286
0.756247405092562,1.2439923519711962,0.0,-0.9820044233467369,0.0205321133492;0;-0.982004423347;0;0.068508265417;0;0;0.0994020989911;0.231804191676;0;0;-0.0227344016557,53297.47358210994,0.005,220,3e-06,1.7682172311312414,,0.0003388923091982336,0.9113755000000197,0.0464155999999889,0.9578025999999795,ok,same_stridge_core,1;Hx;Hxxx;H*Hxx;H*Hxxx;H^2*Hxxx,0.01,0.8088627066532625
0.7288396425740171,1.6483670276096292,0.2978234686277178,-1.1530005904076797,0;0;-1.15300059041;0.297823468628;0;0;0;0;0;0;0;0,53130.67080843034,0.005,221,3e-06,1.2995870519824921,,0.0005011524295787231,0.3072482999999977,0.04574350000001459,0.35299749999998653,ok,same_stridge_core,Hx;D_x^1.648367 H,0.049999999999999996,0.98080302713191
0.7803312160055107,1.574316551366412,0.0,-0.9695546440544084,0;0;-0.969554644054;0;-0.269473851553;0;0;0.085425971863;0;0;0;0,52941.01720978751,0.005,222,3e-06,1.518733791568624,,0.00054784496703703,0.9466275999999993,0.0329610999999943,0.9795962999999972,ok,same_stridge_core,Hx;Hxxx;H*Hxx,0.06878703703703705,1.0422646366805364
0.7396436870747047,1.5994474455377996,0.14738418957281252,-1.10764232875388,0;0;-1.10764232875;0.147384189573;-0.156185647958;0;0;0.0356933434259;0;0;0;0,52973.170870330825,0.005,223,3e-06,1.538342005118672,,0.00042058364883584875,0.3096238999999912,0.039758199999994304,0.3493900999999937,ok,same_stridge_core,Hx;D_x^1.599447 H;Hxxx;H*Hxx,0.015,0.9026639546747021
0.7199958128125314,1.4481339497907013,0.20289698929694971,-1.223056580728091,0;0;-1.22305658073;0.202896989297;0;0;0;0;-0.0704979533075;0;0;0,53004.34925499532,0.005,224,3e-06,1.4362282831226145,,0.000474795650866556,0.9456310999999857,0.032288999999991574,0.9779250999999931,ok,same_stridge_core,Hx;D_x^1.448134 H;H*Hxxx,0.020117230353420834,0.9591891398276567
0.7348304100283408,1.3312581317429704,0.08036582837835883,-1.1443272425667503,0;0;-1.14432724257;0.0803658283784;-0.396890707919;0;0;0.0410109656734;0;0;0;0,53170.44121106358,0.005,225,3e-06,1.54910814231709,,0.0004249707078018476,0.9297101999999882,0.04712699999998904,0.9768448000000092,ok,same_stridge_core,Hx;D_x^1.331258 H;Hxxx;H*Hxx,0.015482281350336908,0.9110628477843269
0.7537076891148875,1.1524019564230499,0.0,-0.7935987758401284,0.159697463124;-0.0301928704637;-0.79359877584;0;3.60587167038;0;-0.0387868754832;0;-0.526323260731;0;0;0,53420.05251598636,0.005,226,3e-06,1.8682673575523432,,0.0004262664375724785,0.9348547999999823,0.038389099999989185,0.9732503999999835,ok,same_stridge_core,1;H;Hx;Hxxx;H*Hx;H*Hxxx,0.015,0.9067064122645888
0.7267858793618398,1.149478960545577,0.0506279600382502,-1.1725334209540592,0;0;-1.17253342095;0.0506279600383;-0.507731761707;0;0;0.0440926285124;0;0;0;0,53423.741549380116,0.005,227,3e-06,1.5770742892087315,,0.0004483134936889253,0.5686949999999911,0.036413100000004306,0.6051128000000006,ok,same_stridge_core,Hx;D_x^1.149479 H;Hxxx;H*Hxx,0.015952380952380954,0.93598939061617
0.7587394379341308,1.21432494891553,0.0,-1.022047993056419,0;0;-1.02204799306;0;-0.180460102025;0;0;0.0785453892687;0;0;0;0,53338.61127555522,0.005,228,3e-06,1.415412415405279,,0.0004444480997968633,0.9250437999999974,0.039904000000007045,0.9649542000000224,ok,same_stridge_core,Hx;Hxxx;H*Hxx,0.02,0.935364913925282
0.7425848536727266,1.1047677974151908,0.0,-1.0576550393263768,0;0;-1.05765503933;0;0;0;0;0.074075654468;0;0;0;0,53478.39687832105,0.005,229,3e-06,1.252073949081205,,0.00044521793229295315,0.9686963000000048,0.04488010000000031,1.0135822000000019,ok,same_stridge_core,Hx;H*Hxx,0.02,0.9312035678112787
0.7428638930152247,1.1672058015770626,0.0,-1.0568864687265922,0;0;-1.05688646873;0;0;0;0;0.0741876402064;0;0;0;0,53401.150840713126,0.005,230,3e-06,1.2511416418005141,,0.0004446708817602504,0.9183620000000019,0.036950499999989006,0.9553195000000017,ok,same_stridge_core,Hx;H*Hxx,0.02,0.9307347367562354
0.7151138126463712,1.4619871015043144,0.20165883984894287,-1.2311776103071492,0;0;-1.23117761031;0.201658839849;0;0;0;0;-0.0643170690058;0;0;0,52987.70616163042,0.005,231,3e-06,1.4617676489031275,,0.0005024452950909141,0.9388692999999932,0.03305699999998524,0.9719358000000113,ok,same_stridge_core,Hx;D_x^1.461987 H;H*Hxxx,0.02440733065937744,0.9848782934484537
0.7287082892031509,1.5026621608188093,0.16563036741504505,-1.1646828319639022,0;0;-1.16468283196;0.165630367415;-0.25883621691;0;0;0.0206770541609;0;0;0;0,52948.00862226952,0.005,232,3e-06,1.5625697304931205,,0.000445164069332897,0.9321936000000051,0.04196400000000722,0.974167499999993,ok,same_stridge_core,Hx;D_x^1.502662 H;Hxxx;H*Hxx,0.015,0.9271936270258863
0.7625639205837216,1.3246251618619431,0.0,-1.0125881510015573,0;0;-1.012588151;0;-0.196375809253;0;0;0.0798137647097;0;0;0;0,53180.297204778886,0.005,233,3e-06,1.4260514336035017,,0.0004551318859047352,0.9227524000000074,0.0399791000000107,0.9627373000000148,ok,same_stridge_core,Hx;Hxxx;H*Hxx,0.02441440648561391,0.9474287587604917
0.7033587014129323,1.1902212181380492,0.12198333686751976,-1.3146900581941012,0;0;-1.31469005819;0.121983336868;0;0;0;0;-0.155547614856;0;0;0,53371.04853860094,0.005,234,3e-06,1.5071412658767775,,0.0005350993877043183,0.3145001000000036,0.04139210000002436,0.3558979999999963,ok,same_stridge_core,Hx;D_x^1.190221 H;H*Hxxx,0.01494355530070376,1.026801829029369
0.7506042390365982,1.350515662673395,0.21008917732577415,-1.1978400082518468,0;0;-1.19784000825;0.210089177326;-1.78052569342;0;0;0;0.140227535926;0;0;0,53141.80199260769,0.005,235,3e-06,1.70437581264988,,0.0005863123435469078,0.9459698999999944,0.040908999999999196,0.9868847999999844,ok,same_stridge_core,Hx;D_x^1.350516 H;Hxxx;H*Hxxx,0.02,1.0666741887385878
0.758657568045235,1.024606166499113,0.0,-1.0222512682564928,0;0;-1.02225126826;0;-0.180118707617;0;0;0.0785180011585;0;0;0;0,53568.188340142144,0.005,236,3e-06,1.417259775384661,,0.0004442590920865903,0.5852027000000248,0.039139200000022356,0.6243503999999973,ok,same_stridge_core,Hx;Hxxx;H*Hxx,0.02,0.9351460803233815
0.7464056486741368,1.2008176870378402,0.03165459913031859,-1.0433733180735527,0.0206249342428;0;-1.04337331807;0.0316545991303;0.642113787141;0;0;0.0838464515194;-0.0386491070651;0;0;0,53356.90134860334,0.005,237,3e-06,1.7799286962611096,,0.00034811837911647635,0.9240645000000143,0.041441200000008394,0.9655123000000003,ok,same_stridge_core,1;Hx;D_x^1.200818 H;Hxxx;H*Hxx;H*Hxxx,0.01,0.8195044719862496
0.7293533536231165,1.0225358841835885,0.0,-1.094560968500504,0;0;-1.0945609685;0;0;0;0;0.0686226954674;0;0;0;0,53570.37254588936,0.005,238,3e-06,1.3051469274453575,,0.0005011910700002607,0.5506160000000193,0.04603670000000193,0.5966582000000074,ok,same_stridge_core,Hx;H*Hxx,0.016359944930353098,0.9837246921700215
0.7328644159694347,1.4362995093158568,0.23003364984906494,-1.1836640459193888,0;0;-1.18366404592;0.230033649849;0;0;0;0;0;0;0;0,53019.445750459294,0.005,239,3e-06,1.328781954938766,,0.0005340069311981478,0.9368029000000035,0.03316320000001838,0.969970399999994,ok,same_stridge_core,Hx;D_x^1.4363 H,0.045,1.0106652804360103
0.7368427051037237,1.2881717080187585,0.0,-1.0735598531576405,0;0;-1.07355985316;0;0;0;0;0.0717437331176;0;0;0;0,53234.04630041294,0.005,240,3e-06,1.2660865970635529,,0.0004621110005199726,0.9390988000000107,0.04136980000001245,0.9804750000000126,ok,same_stridge_core,Hx;H*Hxx,0.02991972840504586,0.9466823192610753
0.7677546905692256,1.2590498934604222,0.0,-0.999861027019811,0;0;-0.99986102702;0;-0.217876211304;0;0;0.081500746479;0;0;0;0,53276.12208511688,0.005,241,3e-06,1.448611211587887,,0.0004752000681083786,0.2935793999999987,0.02940509999999108,0.32299399999999423,ok,same_stridge_core,Hx;Hxxx;H*Hxx,0.025,0.9691261128218351
0.7387974204344677,1.6100327862954544,0.14998693130289978,-1.1084594743405942,0;0;-1.10845947434;0.149986931303;-0.142936785731;0;0;0.0353539803865;0;0;0;0,52995.013548103096,0.005,242,3e-06,1.5413981274762525,,0.0004235725553264963,0.3389491999999734,0.03714519999999766,0.3761020999999971,ok,same_stridge_core,Hx;D_x^1.610033 H;Hxxx;H*Hxx,0.014471106605862325,0.9054579648990153
0.761958530820915,1.3436949430204734,0.0,-1.01408089190456,0;0;-1.0140808919;0;-0.193860676027;0;0;0.0796144337353;0;0;0;0,53151.94312989638,0.005,243,3e-06,1.4236537760735972,,0.00045320267221110166,0.8637228999999991,0.038834100000002536,0.9025661999999954,ok,same_stridge_core,Hx;Hxxx;H*Hxx,0.020221618165784844,0.9452862879045297
0.7485005269002571,1.3676811798231374,0.21398807483076684,-1.1961446265023197,0;0;-1.1961446265;0.213988074831;-1.62863557237;0;0;0;0.127497138471;0;0;0,53116.36237839364,0.005,244,3e-06,1.671386968721389,,0.000550877094769432,0.5533202000000017,0.03424459999999385,0.5875724999999932,ok,same_stridge_core,Hx;D_x^1.367681 H;Hxxx;H*Hxxx,0.019493785414218857,1.0339906201806652
0.7847820918835132,1.2666671895758217,-0.037501962007331004,-0.8575592152814406,0.0288813992249;0;-0.857559215281;-0.0375019620073;0.91867254786;0;0;0.135437815839;0.0193289672668;0;0;0,53265.210152690226,0.005,245,3e-06,1.7822488424167777,,0.00035040931446620333,0.9227825000000109,0.032221499999991465,0.9550124000000153,ok,same_stridge_core,1;Hx;D_x^1.266667 H;Hxxx;H*Hxx;H*Hxxx,0.024047619047619068,0.8234750596683538
0.7831487495864149,1.2634276005086242,-0.03427000506391464,-0.8649660302937112,0.028530240411;0;-0.864966030294;-0.0342700050639;0.909702186386;0;0;0.133276589833;0.0170384765372;0;0;0,53269.859532499635,0.005,246,3e-06,1.7793599984617945,,0.0003479652116251038,0.5306062000000225,0.03435979999997585,0.5649708999999916,ok,same_stridge_core,1;Hx;D_x^1.263428 H;Hxxx;H*Hxx;H*Hxxx,0.024047619047619068,0.8205025268768009
0.7483159597667978,1.948150516787678,0.0,-1.0481902320341308,0;0;-1.04819023203;0;-0.136767627407;0;0;0.074977357977;0;0;0;0,62402.72824098354,0.005,247,3e-06,1.4837544766585977,,0.00043463259758720266,0.9340008000000068,0.04048960000000079,0.9745005000000049,ok,same_stridge_core,Hx;Hxxx;H*Hxx,0.015,0.9221299224897459
0.7381334778945253,1.1142528563457055,0.0,-1.069969791602458,0;0;-1.0699697916;0;0;0;0;0.0722725100502;0;0;0;0,53467.08027819523,0.005,248,3e-06,1.2630301825629993,,0.0004573594440235651,0.5382492999999897,0.039560700000009774,0.5778180000000077,ok,same_stridge_core,Hx;H*Hxx,0.030000000000000002,0.9422277008938278
0.7430488179085113,1.2085847023202094,0.0,-1.056377346364667,0;0;-1.05637734636;0;0;0;0;0.0742617857059;0;0;0;0,53346.41875399269,0.005,249,3e-06,1.2505168879974509,,0.0004443218851202507,0.9618657000000042,0.04358489999998483,1.0054567000000247,ok,same_stridge_core,Hx;H*Hxx,0.02,0.9304383754734947
0.7545259227017648,1.4502111076233521,0.3098213644609364,-1.142973834073471,0.0182398090656;0;-1.14297383407;0.309821364461;0;0;0;0;0;0;0;0,53001.77771870021,0.005,250,3e-06,1.4703611661224048,,0.0005154171301364671,0.9666948999999931,0.03821430000002124,1.0049160000000086,ok,same_stridge_core,1;Hx;D_x^1.450211 H,0.015,0.9933451666541029
0.73604429954823,1.2480162190619413,0.0,-1.0757848033766306,0;0;-1.07578480338;0;0;0;0;0.0714153192602;0;0;0;0,53291.79722864553,0.005,251,3e-06,1.2694733651508732,,0.0004653346001067692,0.9754388000000063,0.03971089999998867,1.0151553000000035,ok,same_stridge_core,Hx;H*Hxx,0.0254502692174622,0.9497225817789999
0.7258987014854024,1.5376368710161439,0.18070636609024796,-1.1678117570002844,0;0;-1.167811757;0.18070636609;-0.200877311187;0;0;0.0179343638871;0;0;0;0,52930.88860321686,0.005,252,3e-06,1.5832835833262295,,0.0004667551658421835,0.9419422999999938,0.038306900000009136,0.9802551999999878,ok,same_stridge_core,Hx;D_x^1.537637 H;Hxxx;H*Hxx,0.010917084972640528,0.9481129200876273
0.7062373952669332,1.2636519196014215,0.1410325128572649,-1.2939491877171478,0;0;-1.29394918772;0.141032512857;0;0;0;0;-0.126627499366;0;0;0,53269.53794727451,0.005,253,3e-06,1.4782811650994536,,0.0005114359953781643,0.9467972999999859,0.046249000000017304,0.9930513999999846,ok,same_stridge_core,Hx;D_x^1.263652 H;H*Hxxx,0.015,0.9988553235739829
0.7524459873178351,1.4294020150827984,0.22770548063006027,-1.1558286250881669,0;0;-1.15582862509;0.22770548063;0;0;0;0;-0.0944706516364;0;0;0,53028.55490502021,0.005,254,3e-06,1.5732775443371663,,0.0006055477646223486,0.9925542000000007,0.03709240000000591,1.0296512000000178,ok,same_stridge_core,Hx;D_x^1.429402 H;H*Hxxx,0.02,1.0960205501919844
0.76064999851741,1.9355322737288576,1.0907906034734691,-0.9053993243473759,0.0385499680136;-0.00282695605188;-0.905399324347;1.09079060347;5.88784339429;0;-0.00977473575363;-0.29386638757;-1.57382854768;0;0.0308449888449;0.130442450136,62127.66209104961,0.005,255,3e-06,2.588996532755123,,0.0002701573530477966,1.0559237000000223,0.030282299999981888,1.0862103999999988,ok,same_stridge_core,1;H;Hx;D_x^1.935532 H;Hxxx;H*Hx;H*Hxx;H*Hxxx;H^2*Hxx;H^2*Hxxx,0.005,0.7251666700236347
0.7427731066252106,1.048173331661884,0.0,-1.0623084668644331,0;0;-1.06230846686;0;-0.113349984853;0;0;0.0730127818392;0;0;0;0,53542.85637442828,0.005,256,3e-06,1.4100671515509797,,0.00044195543896864367,0.9932627000000025,0.04420400000000768,1.0374735999999984,ok,same_stridge_core,Hx;Hxxx;H*Hxx,0.015898589912155325,0.9281814441811252
0.7267858793618398,1.7793290254114353,0.0,-1.1018279217288305,0;0;-1.10182792173;0;0;0;0;0.0675317941493;0;0;0;0,55095.003573982045,0.005,257,3e-06,1.3313382875761988,,0.0005193117514997458,0.5437882999999886,0.04628619999999728,0.5900806000000216,ok,same_stridge_core,Hx;H*Hxx,0.02945987653273056,1.0007682661323065
0.6929618493454289,1.6723343186150048,0.22195640599793937,-1.2487355840863057,0;0;-1.24873558409;0.221956405998;0;0;0;0;-0.0383190321245;0;0;0,53276.756729571345,0.005,258,3e-06,1.8773330184983696,,0.001002679504009307,0.9982388000000242,0.03791590000000156,1.0361625000000174,ok,same_stridge_core,Hx;D_x^1.672334 H;H*Hxxx,0.025,1.3978422079322275
0.7425848536727266,1.2864447489557582,0.0,-1.0576550393263766,0;0;-1.05765503933;0;0;0;0;0.074075654468;0;0;0;0,53236.56692270172,0.005,259,3e-06,1.250622969347489,,0.00044521793229295326,0.5808482000000197,0.03473499999998353,0.6155881999999906,ok,same_stridge_core,Hx;H*Hxx,0.02,0.9312035678112788
0.7611987665698905,1.215451642523471,0.0,-1.0159567757378218,0;0;-1.01595677574;0;-0.19070194804;0;0;0.0793635031169;0;0;0;0,53337.07273774046,0.005,260,3e-06,1.4227521779998444,,0.000450906736922204,1.0224979999999846,0.03662910000002739,1.059135800000007,ok,same_stridge_core,Hx;Hxxx;H*Hxx,0.02289797979797981,0.9427185233601802
0.724997293706529,1.4036387135879176,0.21177054618099148,-1.2078748348342518,0;0;-1.20787483483;0.211770546181;0;0;0;0;0;0;0;0,53064.13105614101,0.005,261,3e-06,1.3340494234967595,,0.0005441299290340247,0.9708602999999982,0.03597809999999413,1.0068478000000027,ok,same_stridge_core,Hx;D_x^1.403639 H,0.035,1.0156646371599134
0.7619786744934572,1.6254598683444204,0.3322154936430664,-1.0838571873163145,0;0;-1.08385718732;0.332215493643;0;0;0;0;-0.0309695485906;0;0;0,53037.76568885706,0.005,262,3e-06,1.4687935674187336,,0.0005022919006806451,0.2893154999999865,0.03589329999999791,0.32521649999998203,ok,same_stridge_core,Hx;D_x^1.62546 H;H*Hxxx,0.025,0.99145367621902
0.7440136003077291,1.2190175645716328,0.04372603143229445,-1.0631410270122303,0.0194288473195;0;-1.06314102701;0.0437260314323;0.328582046369;0;0;0.0777057582514;0;0;0;0,53332.191126700905,0.005,263,3e-06,1.6231691559298234,,0.0003528801173141132,0.9894794999999874,0.03780380000000605,1.0272912999999733,ok,same_stridge_core,1;Hx;D_x^1.219018 H;Hxxx;H*Hxx,0.015,0.8231862890293098
0.7332066692251865,1.1902212181380492,0.0,-1.083719301983672,0;0;-1.08371930198;0;0;0;0;0.0702398089361;0;0;0;0,53371.04853860094,0.005,264,3e-06,1.282513990351831,,0.0004785843777306145,0.3388142000000016,0.04821079999999256,0.3870363999999995,ok,same_stridge_core,Hx;H*Hxx,0.025,0.9622876991202253
0.7356944813453499,1.181277726651363,0.0,-1.0767606917722836,0;0;-1.07676069177;0;0;0;0;0.0712711077183;0;0;0;0,53382.848498902895,0.005,265,3e-06,1.2714203092435454,,0.0004668160341844673,1.018033900000006,0.039545799999984865,1.0575857999999982,ok,same_stridge_core,Hx;H*Hxx,0.026230652388547125,0.951123218250128
0.7476806653537676,1.6739565725872108,0.15370846325984766,-1.069572919396747,0;0;-1.0695729194;0.15370846326;0;0;0;0.0425482364864;0;0;0;0,53288.83987119524,0.005,266,3e-06,1.375611704381262,,0.0004142502353898895,0.9650551999999948,0.043982900000003156,1.0090465000000108,ok,same_stridge_core,Hx;D_x^1.673957 H;H*Hxx,0.024407330657599577,0.8960121455405047
0.757280426961178,1.060588477362462,0.0,-0.9750874441571171,0.02239175715;0;-0.975087444157;0;0.882012410961;0;0;0.103233803483;-0.0357943718533;0;0;0,53529.15936901531,0.005,267,3e-06,1.6122729226309664,,0.0003393957658205525,0.989250200000015,0.04755199999999604,1.036814800000002,ok,same_stridge_core,1;Hx;Hxxx;H*Hxx;H*Hxxx,0.015,0.8093355320957368
0.706322020706279,1.5809571572483359,0.22380525568865753,-1.2283941913725915,0;0;-1.22839419137;0.223805255689;0;0;0;0;-0.0403254435842;0;0;0,52947.13765022553,0.005,268,3e-06,1.614207966647939,,0.0006693866997919063,0.9859291000000212,0.030758800000000974,1.0166938999999786,ok,same_stridge_core,Hx;D_x^1.580957 H;H*Hxxx,0.02061558115087528,1.137683727795909
0.667750977739342,1.057225957117828,0.11615744549110996,-1.4744778960734408,0;0;-1.47447789607;0.116157445491;0;0;0;-0.0219350583755;-0.233248612208;0;0;0,53532.893370185004,0.005,269,3e-06,1.9015067019160905,,0.000810280831066518,0.9665335999999911,0.04776359999999613,1.0143040999999755,ok,same_stridge_core,Hx;D_x^1.057226 H;H*Hxx;H*Hxxx,0.015,1.2591119814738705
0.7263218871274406,1.9696127904083314,0.0,-1.0743611089924971,0.0143220768541;0;-1.07436110899;0;0.788260110864;0;0;0;-0.0379973389643;0;0.0101846060873;0,62601.94375163742,0.005,270,3e-06,1.8821452064737092,,0.0004530826533742056,0.9619936999999936,0.044909899999993286,1.006908899999985,ok,same_stridge_core,1;Hx;Hxxx;H*Hxxx;H^2*Hxx,0.009927536231884065,0.943116050199148
0.6773207558541842,1.0105441387974856,0.08128076449554442,-1.4030132697100228,0;0;-1.40301326971;0.0812807644955;0;0;0;0;-0.192039950089;0;0;0,53582.893950775324,0.005,271,3e-06,1.6753406838540041,,0.0007270117144998032,0.9842441000000122,0.057572599999986096,1.041825799999998,ok,same_stridge_core,Hx;D_x^1.010544 H;H*Hxxx,0.035,1.1930946382970262
0.7335434732694543,1.0783105729506097,0.0,-1.08277534859593,0;0;-1.0827753486;0;0;0;0;0.0703800106847;0;0;0;0,53509.17870783648,0.005,272,3e-06,1.2817079389350603,,0.00047686339795843005,0.9873509999999897,0.042342499999989514,1.0296997999999746,ok,same_stridge_core,Hx;H*Hxx,0.02,0.9606528666880414
0.8013045229189317,1.4327674363487728,-0.05518728802298717,-0.8133352933519123,0.0340480329926;0;-0.813335293352;-0.055187288023;0.657716239365;0;0;0.149963801429;0.0746508828228;0;0;0,53024.0843244551,0.005,273,3e-06,1.8524473709679008,,0.00041475546643099967,0.9887276999999983,0.0403790000000015,1.0291145999999856,ok,same_stridge_core,1;Hx;D_x^1.432767 H;Hxxx;H*Hxx;H*Hxxx,0.01,0.898013853127709
0.7265396146301405,1.159542019220142,0.05343644329020953,-1.174905773330894,0;0;-1.17490577333;0.0534364432902;-0.512830535463;0;0;0.043004524714;0;0;0;0,53410.98130267887,0.005,274,3e-06,1.5764511881326695,,0.0004479656443416795,0.9704722000000174,0.036096100000008846,1.006576100000018,ok,same_stridge_core,Hx;D_x^1.159542 H;Hxxx;H*Hxx,0.02,0.9355194125005231
0.7338532143821876,1.2875350001160553,0.06926971974052806,-1.1467639231421296,0;0;-1.14676392314;0.0692697197405;-0.418016113128;0;0;0.0431880659897;0;0;0;0,53234.975928806074,0.005,275,3e-06,1.5537685765945097,,0.00042827363169892967,0.9726202999999884,0.037910799999991696,1.01054019999998,ok,same_stridge_core,Hx;D_x^1.287535 H;Hxxx;H*Hxx,0.02043268452680218,0.9149488654488368
0.7831487495864149,1.0274816497523078,0.0,-0.9628667769984106,0;0;-0.962866776998;0;-0.280935404819;0;0;0.0862743665005;0;0;0;0,53565.14386852789,0.005,276,3e-06,1.543872280693514,,0.0005683309717440033,0.5479035000000181,0.03762849999998252,0.585538200000002,ok,same_stridge_core,Hx;Hxxx;H*Hxx,0.03910947712418299,1.0617859858767629
0.77069924076995,1.919528730989121,0.34105821976213946,-0.9922869981038066,0;0;-0.992286998104;0.341058219762;-0.0930717186921;0;0;0.0341391850056;0;0;0;0,61613.93289276737,0.005,277,3e-06,1.640308510796065,,0.00042053981282703695,0.5558591999999862,0.03418379999999388,0.5900479000000018,ok,same_stridge_core,Hx;D_x^1.919529 H;Hxxx;H*Hxx,0.025,0.9009413160828567
0.7732918905419246,1.3300498338594193,0.0,-0.9864258401863594,0;0;-0.986425840186;0;-0.24068089174;0;0;0.0832569968386;0;0;0;0,53172.23758503408,0.005,278,3e-06,1.476703239648749,,0.0005032094025110794,0.9524910000000091,0.04925339999999778,1.0017491999999777,ok,same_stridge_core,Hx;Hxxx;H*Hxx,0.054078943278943255,0.9981531013834423
0.7430488179085113,1.2407759443371318,0.0,-1.0563773463646662,0;0;-1.05637734636;0;0;0;0;0.0742617857059;0;0;0;0,53301.99492164051,0.005,279,3e-06,1.2502503450033378,,0.0004443218851202507,0.548949499999992,0.04249640000000454,0.5914540999999929,ok,same_stridge_core,Hx;H*Hxx,0.02,0.9304383754734948
0.7371263830109261,1.2711169548641952,0.0,-1.0727701083295933,0;0;-1.07277010833;0;0;0;0;0.0718601739366;0;0;0;0,53258.803499239824,0.005,280,3e-06,1.26520742009014,,0.00046101827324109283,0.9673672000000124,0.044804499999997915,1.0121831999999813,ok,same_stridge_core,Hx;H*Hxx,0.030000000000000002,0.945654599094701
0.7399245456428831,1.4996645199668985,0.12214201931901907,-1.1188206863682228,0;0;-1.11882068637;0.122142019319;-0.256848266992;0;0;0.0370699316847;0;0;0;0,52950.335512306854,0.005,281,3e-06,1.535533253490335,,0.00041636564081522475,0.9611544999999921,0.035756400000025224,0.9969179999999938,ok,same_stridge_core,Hx;D_x^1.499665 H;Hxxx;H*Hxx,0.01635989010989012,0.9001292273426528
0.7154772413359645,1.5693101251488695,0.2353209194023202,-1.20792826625036,0;0;-1.20792826625;0.235320919402;0;0;0;0;-0.0419394886267;0;0;0,52937.392571894314,0.005,282,3e-06,1.5108877205316877,,0.0005537495801650412,0.5384200999999962,0.04815070000000787,0.5865761999999961,ok,same_stridge_core,Hx;D_x^1.56931 H;H*Hxxx,0.02,1.034451187384639
0.7147953786700684,1.2477149614800815,0.14107272227786116,-1.2785100687909703,0;0;-1.27851006879;0.141072722278;0;0;0;0;-0.144453505712;0;0;0,53292.22308855395,0.005,283,3e-06,1.490200843929642,,0.0005159609267195568,0.9351620999999852,0.043329400000004625,0.9784989999999993,ok,same_stridge_core,Hx;D_x^1.247715 H;H*Hxxx,0.01447130495256366,1.0105708361326564
0.7438061566285314,1.4481339497907013,0.08819765942418947,-1.1035702613601317,0;0;-1.10357026136;0.0881976594242;-0.286844426707;0;0;0.0462057514529;0;0;0;0,53004.34925499532,0.005,284,3e-06,1.5383854863595017,,0.0004163981645985818,0.2966140999999993,0.03814140000000066,0.3347618999999895,ok,same_stridge_core,Hx;D_x^1.448134 H;Hxxx;H*Hxx,0.015,0.9023332952995577
0.7298123114997254,1.4878864182144051,0.15763202114887123,-1.1626539772370539,0;0;-1.16265397724;0.157632021149;-0.280203977496;0;0;0.0223840056577;0;0;0;0,52960.51516511968,0.005,285,3e-06,1.556470236825878,,0.00043861565857812476,0.9398314000000028,0.04348630000001208,0.9833327999999995,ok,same_stridge_core,Hx;D_x^1.487886 H;Hxxx;H*Hxx,0.015,0.920944054844442
0.7212467927269123,1.7530940253144087,0.07370708882851873,-1.1321997523033072,0;0;-1.1321997523;0.0737070888285;0;0;0;0.0489116640431;-0.0250919678069;0;0;0,54398.547629884146,0.005,286,3e-06,1.6897921961183149,,0.0005561355706388925,0.3076784999999802,0.04154360000001134,0.34922739999998953,ok,same_stridge_core,Hx;D_x^1.753094 H;H*Hxx;H*Hxxx,0.015,1.0370096245597051
0.7606111873793722,1.1136235536993555,0.0,-1.0174094296069713,0;0;-1.01740942961;0;-0.188257365864;0;0;0.0791688577684;0;0;0;0,53467.83571480526,0.005,287,3e-06,1.422037640784738,,0.0004492276621847397,0.9478840000000162,0.0388217999999938,0.9867122999999935,ok,same_stridge_core,Hx;Hxxx;H*Hxx,0.02,0.9408271193514905
0.7647808305311363,1.3992838427656686,0.0,-1.007136800863832,0;0;-1.00713680086;0;-0.205572711765;0;0;0.0805390913966;0;0;0;0,53070.33358093054,0.005,288,3e-06,1.4336186265169686,,0.0004629402023153705,0.9583989999999858,0.03588659999999777,0.9942906999999934,ok,same_stridge_core,Hx;Hxxx;H*Hxx,0.025,0.9559856242885936
0.74300873850853,1.0796342132003298,0.0,-1.0617052007396266,0;0;-1.06170520074;0;-0.114348030035;0;0;0.0730972552388;0;0;0;0,53507.66589142706,0.005,289,3e-06,1.4092964110966653,,0.00044145467562842943,0.9288382000000013,0.04280650000001174,0.9716609999999832,ok,same_stridge_core,Hx;Hxxx;H*Hxx,0.016818181818181812,0.9277274180738218
0.7621708871358505,1.3821246027950687,0.0,-1.0135570758344066,0;0;-1.01355707583;0;-0.194743140629;0;0;0.0796844172419;0;0;0;0,53095.14486298744,0.005,290,3e-06,1.4238844033364282,,0.0004538694351981114,0.9686012999999889,0.03531989999999041,1.0039321000000143,ok,same_stridge_core,Hx;Hxxx;H*Hxx,0.02,0.9460280995695411
0.7206923625356875,1.3554518956077077,0.19390290434570742,-1.2262617234632243,0;0;-1.22626172346;0.193902904346;0;0;0;0;0;0;0;0,53134.47085023852,0.005,291,3e-06,1.3709805982915604,,0.0005857877748516059,0.9675546999999938,0.034562599999958366,1.0021271999999612,ok,same_stridge_core,Hx;D_x^1.355452 H,0.08017857142857146,1.0521737731901293
0.7201440011149266,1.6254598683444204,0.2736598274853254,-1.1787490533298182,0;0;-1.17874905333;0.273659827485;0;0;0;0;0;0;0;0,53037.76568885706,0.005,292,3e-06,1.3484219397652677,,0.0005543774088019668,0.3090947999999685,0.03624719999999115,0.345350499999995,ok,same_stridge_core,Hx;D_x^1.62546 H,0.0344716646098999,1.0301953456321253
0.7625639205837216,1.329986695097119,0.0,-1.0125881510015577,0;0;-1.012588151;0;-0.196375809253;0;0;0.0798137647097;0;0;0;0,53172.33152139312,0.005,293,3e-06,1.42597974245303,,0.0004551318859047352,0.6615697000000296,0.04179970000001276,0.7033804000000146,ok,same_stridge_core,Hx;Hxxx;H*Hxx,0.02,0.947428758760492
0.7600793807522468,1.514154676421351,0.0,-1.0187256336686519,0;0;-1.01872563367;0;-0.186043526665;0;0;0.0789922453363;0;0;0;0,52940.21004668203,0.005,294,3e-06,1.41564920973046,,0.0004477810759799543,0.9578327999999487,0.036556300000029296,0.9943944000000329,ok,same_stridge_core,Hx;Hxxx;H*Hxx,0.02023809523809525,0.9391873193103217
0.7220039369518416,1.7951091181923373,0.0,-1.1154550570188309,0;0;-1.11545505702;0;0;0;0;0.0654711662829;0;0;0;0,55622.34128661638,0.005,295,3e-06,1.3719721429422451,,0.0005598644742045688,0.9540599999999699,0.04816499999998314,1.0022352000000296,ok,same_stridge_core,Hx;H*Hxx,0.02,1.0382380952225467
0.685775983711006,1.3090670838288776,0.13836771627590558,-1.3302230775202324,0;0;-1.33022307752;0.138367716276;0;0;0;0;-0.0859618228385;0;0;0,53203.345037951956,0.005,296,3e-06,1.674984122421886,,0.0007520591771604427,0.9688654999999926,0.045675899999992,1.0145495000000437,ok,same_stridge_core,Hx;D_x^1.309067 H;H*Hxxx,0.030000000000000002,1.1961540170803184
0.7317636241468943,1.824699415092389,0.0,-1.0877703700439647,0;0;-1.08777037004;0;0;0;0;0.0696370291609;0;0;0;0,56848.16987597303,0.005,297,3e-06,1.3108173103932124,,0.00048641760746474973,0.9435316999999941,0.06401729999998906,1.0075575999999842,ok,same_stridge_core,Hx;H*Hxx,0.02,0.9697282911373742
0.7480432249916547,1.086757754289129,0.03710570084274178,-0.9084553194629672,0.140153843231;-0.0256423936978;-0.908455319463;0.0371057008427;2.41109279604;0;-0.0296750448771;0;-0.36677052972;0;0;0,53499.47558334476,0.005,298,3e-06,1.977660098110427,,0.00037812031137489865,0.953966199999968,0.03397499999999809,0.9879486000000384,ok,same_stridge_core,1;H;Hx;D_x^1.086758 H;Hxxx;H*Hx;H*Hxxx,0.012341597796143246,0.8541711108601872
0.7646034793859775,1.4087220742928337,0.0,-1.0075720404031254,0;0;-1.0075720404;0;-0.204837738319;0;0;0.0804813331459;0;0;0;0,53056.94991723127,0.005,299,3e-06,1.4327735460031694,,0.0004622731027036987,0.9489447999999925,0.04046660000000202,0.9894211000000155,ok,same_stridge_core,Hx;Hxxx;H*Hxx,0.03109852493185826,0.955260996748088
0.7337054298530503,1.568948312736353,0.15820637986113248,-1.132305787898344,0;0;-1.1323057879;0.158206379861;-0.171138783745;0;0;0.0289640828901;0;0;0;0,52937.161932358926,0.005,300,3e-06,1.552949343993246,,0.00043583393152596433,0.9881323999999836,0.04325740000001588,1.0313957000000187,ok,same_stridge_core,Hx;D_x^1.568948 H;Hxxx;H*Hxx,0.015,0.917703400804939
0.7622749619593374,1.131628308229396,0.0,-1.0133004302193849,0;0;-1.01330043022;0;-0.195175512602;0;0;0.0797186918084;0;0;0;0,53445.961762594496,0.005,301,3e-06,1.4274092852780191,,0.0004542001889353303,0.9691733999999883,0.04448140000005196,1.0136598999999933,ok,same_stridge_core,Hx;Hxxx;H*Hxx,0.020049019607843128,0.9463956294146687
0.7414930595128199,1.2812841448748273,0.0,-1.0606660432340769,0;0;-1.06066604323;0;0;0;0;0.0736363128212;0;0;0;0,53244.0812980804,0.005,302,3e-06,1.2527529871611036,,0.0004475979590449093,0.9613732999999911,0.041591299999993225,1.002972399999976,ok,same_stridge_core,Hx;H*Hxx,0.025,0.9332884993726213
0.7456829163553098,1.2001142736461785,0.0328956879820026,-1.047111599718967,0.0204663610593;0;-1.04711159972;0.032895687982;0.635734089154;0;0;0.0828388335953;-0.0398345134599;0;0;0,53357.846126833145,0.005,303,3e-06,1.7812022512800523,,0.00034919398062981723,0.9454472999999552,0.046165700000017296,0.9916210000000092,ok,same_stridge_core,1;Hx;D_x^1.200114 H;Hxxx;H*Hxx;H*Hxxx,0.01,0.8207610209970556
0.7489185617810123,1.213320152329898,0.1617524622961656,-1.2402436019777905,0;0;-1.24024360198;0.161752462296;-2.21879440766;0;0;0;0.128475047147;0;0;0,53339.98157342912,0.005,304,3e-06,1.8921143485109821,,0.0008020597842288083,0.9601165999999921,0.030802699999981087,0.9909248999999818,ok,same_stridge_core,Hx;D_x^1.21332 H;Hxxx;H*Hxxx,0.02,1.2520345696298327
0.743945197762562,1.2723006199090823,0.0,-1.0539119804375001,0;0;-1.05391198044;0;0;0;0;0.0746204205308;0;0;0;0,53257.09541331866,0.005,305,3e-06,1.2487053092794285,,0.00044278367575749535,0.9514771999999994,0.04980829999999514,1.0012954000000036,ok,same_stridge_core,Hx;H*Hxx,0.02,0.9291627367995166
0.7441016698947285,1.2849789210134692,0.0,-1.0534820499599051,0;0;-1.05348204996;0;0;0;0;0.074682895504;0;0;0;0,53238.70397469135,0.005,306,3e-06,1.2483996995050775,,0.0004425409749360985,0.9740562000000068,0.05001920000000837,1.0240873000000192,ok,same_stridge_core,Hx;H*Hxx,0.02,0.9289674756569293
0.77069924076995,1.032936826239962,0.0,-0.9926984259654966,0;0;-0.992698425965;0;-0.230020031927;0;0;0.0824402156143;0;0;0;0,53559.33304805451,0.005,307,3e-06,1.4659027643171827,,0.0004892789420431552,0.567735999999968,0.034396600000036415,0.6021407000000067,ok,same_stridge_core,Hx;Hxxx;H*Hxx,0.03738146167557929,0.983868766884692
0.7685617318073901,1.2653513440764268,0.0,-0.997893805196245,0;0;-0.997893805196;0;-0.22120842746;0;0;0.0817594919512;0;0;0;0,53267.10014856757,0.005,308,3e-06,1.452405856878721,,0.0004788702451706716,0.29016020000000253,0.04085459999998875,0.3310236000000373,ok,same_stridge_core,Hx;Hxxx;H*Hxx,0.024407330816294398,0.973001955541613
0.7593900991193137,1.0446350416031371,0.0,-1.0204336068662183,0;0;-1.02043360687;0;-0.183172197012;0;0;0.0787627143982;0;0;0;0,53546.71516402615,0.005,309,3e-06,1.4190856376902081,,0.0004460105645267104,0.9210115000000201,0.03812990000000127,0.9591497999999774,ok,same_stridge_core,Hx;Hxxx;H*Hxx,0.02,0.9371652012139727
0.7373248166614613,1.3646023870372654,0.08295228787400627,-1.1328397514669677,0;0;-1.13283975147;0.082952287874;-0.362272265589;0;0;0.0423119277905;0;0;0;0,53120.91177072624,0.005,310,3e-06,1.5449681267332007,,0.00042155756397284453,0.5599032999999736,0.04247019999996837,0.6023791000000074,ok,same_stridge_core,Hx;D_x^1.364602 H;Hxxx;H*Hxx,0.030000000000000002,0.9075171854844859
0.750254089585443,1.315077945769323,0.19745006583140698,-1.2093798679458594,0;0;-1.20937986795;0.197450065831;-1.91914057325;0;0;0;0.142491654857;0;0;0,53194.45522087764,0.005,311,3e-06,1.7445755632007953,,0.00062969602277531,0.9713333000000262,0.042886399999986224,1.014227300000016,ok,same_stridge_core,Hx;D_x^1.315078 H;Hxxx;H*Hxxx,0.024407362703287163,1.1062421005502636
0.7349360968532127,1.4639164483364324,0.12939749553047888,-1.1429992288713349,0;0;-1.14299922887;0.12939749553;-0.300732427257;0;0;0.031178555027;0;0;0;0,52985.49017774157,0.005,312,3e-06,1.5422283516796678,,0.0004229489034431532,0.9844299000000092,0.03390999999999167,1.018345399999987,ok,same_stridge_core,Hx;D_x^1.463916 H;Hxxx;H*Hxx,0.02440744348568911,0.9064024695467687
0.7284197237363166,1.2636519196014215,0.07825625800224359,-1.174551498173715,0;0;-1.17455149817;0.0782562580022;-0.486701870488;0;0;0.03676401772;0;0;0;0,53269.53794727451,0.005,313,3e-06,1.562269880829405,,0.00043675043917557814,0.3066233999999781,0.035453899999993155,0.34208569999998417,ok,same_stridge_core,Hx;D_x^1.263652 H;Hxxx;H*Hxx,0.015,0.9230354254621108
0.7199958128125314,1.351737938935835,0.1922380175362747,-1.2285011581587078,0;0;-1.22850115816;0.192238017536;0;0;0;0;0;0;0;0,53139.98584936046,0.005,314,3e-06,1.3731446381132837,,0.0005886017912785219,0.6301611000000094,0.03149999999999409,0.661666700000012,ok,same_stridge_core,Hx;D_x^1.351738 H,0.035,1.054304723017121
0.7408268730545133,1.3307387083442117,0.0,-1.0673017503531355,0;0;-1.06730175035;0;-0.105097814189;0;0;0.0723117518509;0;0;0;0,53171.2135551888,0.005,315,3e-06,1.411152988107734,,0.0004467538728861355,0.296305899999993,0.03775120000000243,0.33406789999997955,ok,same_stridge_core,Hx;Hxxx;H*Hxx,0.02618916820671207,0.9326120661110349
0.7519566254568989,1.3551000245126685,0.21300704760416547,-1.194058413416626,0;0;-1.19405841342;0.213007047604;-1.80815087034;0;0;0;0.145718510601;0;0;0,53134.99305954535,0.005,316,3e-06,1.7095990263315655,,0.0005924995489104551,0.6771426999999903,0.031742800000017724,0.7088950000000409,ok,same_stridge_core,Hx;D_x^1.3551 H;Hxxx;H*Hxxx,0.02,1.0719791096170213
0.7071204517724853,1.0339598290166592,0.08635328095262575,-1.3286240179958573,0;0;-1.328624018;0.0863532809526;0;0;0;0;-0.236711361205;0;0;0,53558.238098533046,0.005,317,3e-06,1.6714081396742584,,0.0006984700522773809,0.9468438999999762,0.03816990000001397,0.9850190999999882,ok,same_stridge_core,Hx;D_x^1.03396 H;H*Hxxx,0.010454545454545454,1.1893839967874609
0.728688624384745,1.262700347341183,0.07713595615724818,-1.1729961573013565,0;0;-1.1729961573;0.0771359561572;-0.48357387047;0;0;0.0372726229923;0;0;0;0,53270.901644298276,0.005,318,3e-06,1.5619587932091987,,0.0004363685099975347,0.9334441000000311,0.03654269999998405,0.9699949000000174,ok,same_stridge_core,Hx;D_x^1.2627 H;Hxxx;H*Hxx,0.015,0.9227079734776193
0.7425848536727266,1.048004605271017,0.0,-1.0627906267188068,0;0;-1.06279062672;0;-0.112552361903;0;0;0.0729452276493;0;0;0;0,53543.04085354821,0.005,319,3e-06,1.410444300463647,,0.0004423677242480782,0.5499060000000213,0.046540399999969395,0.5964559999999892,ok,same_stridge_core,Hx;Hxxx;H*Hxx,0.015416170841996977,0.9285569327817133
0.7428638930152247,1.6810478925463725,0.1529690795389334,-1.0817622299587277,0;0;-1.08176222996;0.152969079539;0;0;0;0.041134530246;0;0;0;0,53345.37814963499,0.005,320,3e-06,1.3814889224053013,,0.0004206134948057484,0.5619029000000069,0.038346999999987474,0.6002551999999923,ok,same_stridge_core,Hx;D_x^1.681048 H;H*Hxx,0.015,0.9013805190585863
0.6993786228118137,1.2846861931225344,0.14222278514043496,-1.304736168464535,0;0;-1.30473616846;0.14222278514;0;0;0;0;-0.109846604284;0;0;0,53239.13041916135,0.005,321,3e-06,1.5109506293664465,,0.0005525500615432258,0.9192065999999954,0.04149389999997766,0.9607075000000123,ok,same_stridge_core,Hx;D_x^1.284686 H;H*Hxxx,0.014470546006260087,1.0317984555939943
0.7526616947681354,1.202292684732193,0.05168122870893975,-0.8904528778799894,0.139020894736;-0.0251439317707;-0.89045287788;0.0516812287089;2.44316138121;0;-0.030475501056;0;-0.362211032636;0;0;0,53354.91801045899,0.005,322,3e-06,1.975591264463683,,0.000378937729299617,0.9169585999999867,0.039715300000011666,0.9566826999999876,ok,same_stridge_core,1;H;Hx;D_x^1.202293 H;Hxxx;H*Hx;H*Hxxx,0.015,0.8551379862440441
0.728688624384745,1.8977217393407435,0.0,-1.0964390979070213,0;0;-1.09643909791;0;0;0;0;0.0683412886956;0;0;0;0,60662.593275628824,0.005,323,3e-06,1.3519030767008204,,0.000505643875276454,0.5660922000000141,0.03858809999996993,0.6046872000000008,ok,same_stridge_core,Hx;H*Hxx,0.03928923074280216,0.9879275170470475
0.7285252096015119,1.5434578632628657,0.17215469933947014,-1.1564274741120706,0;0;-1.15642747411;0.172154699339;-0.195297849503;0;0;0.0216585066909;0;0;0;0,52930.22654374315,0.005,324,3e-06,1.570910290529151,,0.00045410707751712963,0.9531736999999794,0.046946099999956914,1.0001292000000035,ok,same_stridge_core,Hx;D_x^1.543458 H;Hxxx;H*Hxx,0.00996144545247416,0.9357475720042332
0.7356944813453499,1.1823092992860653,0.0,-1.0767606917722834,0;0;-1.07676069177;0;0;0;0;0.0712711077183;0;0;0;0,53381.4941800726,0.005,325,3e-06,1.2714121833305636,,0.0004668160341844674,0.5421796999999628,0.03973990000002914,0.5819252999999662,ok,same_stridge_core,Hx;H*Hxx,0.036947712418300645,0.951123218250128
0.7525240883632244,1.4644961308484712,0.24384843928448685,-1.1553725995307749,0;0;-1.15537259953;0.243848439284;-0.642348357508;0;0;0;0;0;0;0,52984.82965794311,0.005,326,3e-06,1.4886943450315422,,0.0005207558167112662,0.9592645000000175,0.03463929999998072,0.993908499999975,ok,same_stridge_core,Hx;D_x^1.464496 H;Hxxx,0.015,1.0118308781100542
0.7467392494241102,1.2702787137801943,0.04470604960839651,-1.0474222629708612,0.0206623236629;0;-1.04742226297;0.0447060496084;0.595425392965;0;0;0.0801642784974;-0.0314487652125;0;0;0,53260.01213500209,0.005,327,3e-06,1.7731105390292647,,0.00034462082501185296,0.9358002999999826,0.04774850000001152,0.9835578999999939,ok,same_stridge_core,1;Hx;D_x^1.270279 H;Hxxx;H*Hxx;H*Hxxx,0.01,0.8144303205992269
0.7377142101233598,1.3116119389891383,0.0641374569481457,-1.12781839832956,0;0;-1.12781839833;0.0641374569481;-0.372729365468;0;0;0.0473411239028;0;0;0;0,53199.58397462868,0.005,328,3e-06,1.5496006094569275,,0.0004242669661728019,0.9537380000000439,0.04932009999998854,1.0030648000000042,ok,same_stridge_core,Hx;D_x^1.311612 H;Hxxx;H*Hxx,0.015151266298777933,0.9112056017613833
0.7423756482812407,1.290468138962045,0.0,-1.0582315229853898,0;0;-1.05823152299;0;0;0;0;0.0739916169405;0;0;0;0,53230.690193439834,0.005,329,3e-06,1.2509561940362335,,0.0004456444362687157,0.9771757000000321,0.03963489999995318,1.0168181999999888,ok,same_stridge_core,Hx;H*Hxx,0.02,0.9315720528755944
0.7639610402891925,1.244163107823721,0.0,-1.009149915533913,0;0;-1.00914991553;0;-0.202174373974;0;0;0.0802717170276;0;0;0;0,53297.23310513681,0.005,330,3e-06,1.4323687027571177,,0.000459917961351756,0.30689339999997856,0.036917399999992995,0.34381830000000946,ok,same_stridge_core,Hx;Hxxx;H*Hxx,0.03447368421052633,0.9526936048108864
0.759124393068985,1.100464784842731,0.0,-1.0210926138063934,0;0;-1.02109261381;0;-0.182064901949;0;0;0.0786740446371;0;0;0;0,53483.48176482886,0.005,331,3e-06,1.4177684496239202,,0.0004453596533053592,0.9637316000000169,0.03583730000002561,0.9995779000000198,ok,same_stridge_core,Hx;Hxxx;H*Hxx,0.02,0.9364171137404604
0.7571255019815653,1.2812841448748273,0.0,-0.9755832445346309,0.0223456450826;0;-0.975583244535;0;0.883915857202;0;0;0.103116198279;-0.036342266822;0;0;0,53244.0812980804,0.005,332,3e-06,1.6082244010521658,,0.00033959047528309556,0.29853359999998474,0.04321829999997817,0.3417570000000296,ok,same_stridge_core,1;Hx;Hxxx;H*Hxx;H*Hxxx,0.015,0.8095631815809599
0.7505022235545922,1.9010775310307135,0.1950093354079268,-1.0409343008407808,0;0;-1.04093430084;0.195009335408;0;0;0;0.0478104157829;0;0;0;0,60824.33825283812,0.005,333,3e-06,1.4416261636012744,,0.0004142441769916317,0.3459253999999987,0.04933169999998199,0.39526260000002367,ok,same_stridge_core,Hx;D_x^1.901078 H;H*Hxx,0.015,0.8942071193257313
0.7592755952613899,1.2803129917694707,0.0,-1.020717560849778,0;0;-1.02071756085;0;-0.182695111964;0;0;0.0787245148518;0;0;0;0,53245.492241717504,0.005,334,3e-06,1.416049954263207,,0.00044572784124984527,0.9006267999999977,0.035378400000013244,0.936010299999964,ok,same_stridge_core,Hx;Hxxx;H*Hxx,0.02,0.9368405240877494
0.7448279328786647,1.2592135500187462,0.17430203430670424,-1.234806814978705,0;0;-1.23480681498;0.174302034307;-1.93413549525;0;0;0;0.118363575903;0;0;0,53275.88839164966,0.005,335,3e-06,1.774967252385496,,0.0006604149650045788,0.9736507000000074,0.031861200000037115,1.0055173000000082,ok,same_stridge_core,Hx;D_x^1.259214 H;Hxxx;H*Hxxx,0.019495202679157796,1.1356565916857
0.7444927272698355,1.2694415499850265,0.05423594014041393,-1.064412535701497,0.0195676909424;0;-1.0644125357;0.0542359401404;0.336867215017;0;0;0.0750276043585;0;0;0;0,53261.21835445218,0.005,336,3e-06,1.6172804879906344,,0.00034927843451816197,0.9576299999999947,0.035503300000016225,0.9931406999999695,ok,same_stridge_core,1;Hx;D_x^1.269442 H;Hxxx;H*Hxx,0.015,0.8183622126738517
0.7300717740675942,1.6155656194122796,0.15864992854504803,-1.1274623671239876,0;0;-1.12746236712;0.158649928545;0;0;0;0.0313839538143;0;0;0;0,53008.754353464756,0.005,337,3e-06,1.4204413785897807,,0.0004638627808741631,0.968407099999979,0.037487599999963095,1.0059037999999987,ok,same_stridge_core,Hx;D_x^1.615566 H;H*Hxx,0.025,0.9433625894085979
0.7516199648901741,1.2653513440764268,0.18134513307684966,-1.2217922072549785,0;0;-1.22179220725;0.181345133077;-2.15624452523;0;0;0;0.148070654548;0;0;0,53267.10014856757,0.005,338,3e-06,1.830269722730678,,0.0007286399416356077,0.3092045000000212,0.034618700000009994,0.3438307999999779,ok,same_stridge_core,Hx;D_x^1.265351 H;Hxxx;H*Hxxx,0.021110576923076933,1.191064520947867
0.7510799822562323,1.1005953904988734,0.0,-0.8046035371650958,0.156246978879;-0.0295855611729;-0.804603537165;0;3.60768701943;0;-0.0382339024363;0;-0.529881803294;0;0;0,53483.327843194755,0.005,339,3e-06,1.8709104505352063,,0.0004273067690019711,0.9530864999999835,0.03618770000002769,0.9892810000000054,ok,same_stridge_core,1;H;Hx;Hxxx;H*Hx;H*Hxxx,0.015,0.9082105493577008
0.7514874443434907,1.4369404034782658,0.22998614932650976,-1.1559624636074939,0;0;-1.15596246361;0.229986149327;0;0;0;0;-0.0906789831987;0;0;0,53018.61025870256,0.005,340,3e-06,1.5557375027886904,,0.0005870348540945535,0.959452199999987,0.03360609999998587,0.9930651999999895,ok,same_stridge_core,Hx;D_x^1.43694 H;H*Hxxx,0.02458074065267977,1.0785700104603673
0.7241059325076192,1.2749785606838944,0.07977894298583528,-1.183412591817876,0;0;-1.18341259182;0.0797789429858;0;0;0;0.0337613101772;-0.0743090956243;0;0;0,53253.22517517308,0.005,341,3e-06,1.5751219773560945,,0.00044744504615827483,0.9759437000000162,0.05605880000001662,1.0320107000000007,ok,same_stridge_core,Hx;D_x^1.274979 H;H*Hxx;H*Hxxx,0.015,0.9360832752540176
0.7458702708637813,1.25183495125009,0.04259664169929663,-1.0505043761500463,0.0204887885419;0;-1.05050437615;0.0425966416993;0.599491848548;0;0;0.0800234139494;-0.0344548802327;0;0;0,53286.39014764062,0.005,342,3e-06,1.776163263374666,,0.00034661083554753444,0.9610054999999988,0.04002839999998287,1.001042400000017,ok,same_stridge_core,1;Hx;D_x^1.251835 H;Hxxx;H*Hxx;H*Hxxx,0.015272727272727268,0.8170082407171348
0.7354275470765144,1.816347251647891,0.0,-1.077505786075308,0;0;-1.07750578608;0;0;0;0;0.0711609294294;0;0;0;0,56471.16439824917,0.005,343,3e-06,1.2910467462921398,,0.00046797498342548955,0.9902153000000453,0.043220999999959986,1.0334455999999932,ok,same_stridge_core,Hx;H*Hxx,0.025,0.9522197599026448
0.739930556239125,1.2518187549705657,0.0,-1.0649858713192768,0;0;-1.06498587132;0;0;0;0;0.0730042580845;0;0;0;0,53286.41310404314,0.005,344,3e-06,1.2566888113844632,,0.00045167522876056677,0.9933527999999683,0.036063300000023446,1.0294249000000377,ok,same_stridge_core,Hx;H*Hxx,0.02,0.9369703327602042
0.7468954791711969,1.3307387083442117,0.05953642649391787,-1.051038202884206,0.020517875646;0;-1.05103820288;0.0595364264939;0.566538295874;0;0;0.0761121022633;-0.0264708804442;0;0;0,53171.2135551888,0.005,345,3e-06,1.7673375277044046,,0.00034193415129657126,0.31891749999999774,0.04411079999999856,0.36303350000002865,ok,same_stridge_core,1;Hx;D_x^1.330739 H;Hxxx;H*Hxx;H*Hxxx,0.01,0.8102556837110063
0.768591989156516,1.4292374005792767,0.0,-0.9978201133720476,0;0;-0.997820113372;0;-0.221333396132;0;0;0.0817691705035;0;0;0;0,53028.77478473471,0.005,346,3e-06,1.450408707478646,,0.0004790106732683756,0.9718585999999618,0.030371999999999844,1.0022355000000402,ok,same_stridge_core,Hx;Hxxx;H*Hxx,0.025,0.9731497344160336
0.7448036921642218,1.0545833624534255,0.016211521200709286,-1.040620529352506,0.0200637810412;0;-1.04062052935;0.0162115212007;0.735829645348;0;0;0.0876347911467;-0.0544795636705;0;0;0,53535.8152376426,0.005,347,3e-06,1.7940120443978835,,0.00035634538508187626,0.31244190000001026,0.04890349999999444,0.36136069999997744,ok,same_stridge_core,1;Hx;D_x^1.054583 H;Hxxx;H*Hxx;H*Hxxx,0.01,0.8303673701203166
0.7494584491380332,1.540469677338966,0.10411652890284542,-1.0361461691692408,0.0195519002784;0;-1.03614616917;0.104116528903;0.688143042661;0;0;0.0693768569926;-0.0306195236813;0;0;0,52930.474725664404,0.005,348,3e-06,1.7549331010586773,,0.0003368319327787247,0.9298588999999993,0.03661829999998645,0.9664836000000037,ok,same_stridge_core,1;Hx;D_x^1.54047 H;Hxxx;H*Hxx;H*Hxxx,0.01,0.802184555996718
0.749352710901229,1.3946870398509552,0.22433742575256455,-1.1861700084030347,0;0;-1.1861700084;0.224337425753;-1.53459510004;0;0;0;0.125525199882;0;0;0,53076.926509094454,0.005,349,3e-06,1.652549893414412,,0.0005319555453185757,0.956919599999992,0.05057529999999133,1.0075061999999662,ok,same_stridge_core,Hx;D_x^1.394687 H;Hxxx;H*Hxxx,0.02,1.0156267753052786
0.7500675114547034,1.3788635012786574,0.20950584066900368,-1.185328332812521,0;0;-1.18532833281;0.209505840669;-0.883647310153;0;0;0;0;0;0;0,53099.91414282944,0.005,350,3e-06,1.5435284249874237,,0.000575298920332255,0.965927899999997,0.03526119999997945,1.0011974999999893,ok,same_stridge_core,Hx;D_x^1.378864 H;Hxxx,0.04,1.0656291977019587
0.7598557129370357,1.1719774575858193,0.0,-1.0192796010833192,0;0;-1.01927960108;0;-0.185111826539;0;0;0.0789178417753;0;0;0;0,53394.98121015112,0.005,351,3e-06,1.419073094891544,,0.000447193698951544,0.9485712000000035,0.03403629999996838,0.9826140000000123,ok,same_stridge_core,Hx;Hxxx;H*Hxx,0.02,0.9385182640001838
0.7403011376651281,1.3688497937091422,0.07327860441578649,-1.1178174906061575,0;0;-1.11781749061;0.0732786044158;-0.337355717296;0;0;0.0468937599156;0;0;0;0,53114.63763629677,0.005,352,3e-06,1.544261382687651,,0.0004203464439976003,0.936570300000028,0.04543869999997696,0.9820153000000005,ok,same_stridge_core,Hx;D_x^1.36885 H;Hxxx;H*Hxx,0.0195450285095022,0.9068857310520897
0.7457889642705474,1.8977217393407435,0.0,-1.0488539068674323,0;0;-1.04885390687;0;0;0;0;0.075354110394;0;0;0;0,60662.593275628824,0.005,353,3e-06,1.2913476499120256,,0.00044040848855474683,0.28938329999999723,0.037507300000015675,0.3268982999999821,ok,same_stridge_core,Hx;H*Hxx,0.024472452138144144,0.9273720902582526
0.7455795511205867,1.3129009528188806,0.19264185796293923,-1.2179818763327794,0;0;-1.21798187633;0.192641857963;-1.75955352348;0;0;0;0.121489901336;0;0;0,53197.67737297489,0.005,354,3e-06,1.7092903642440453,,0.0005891543238075679,0.9517055000000028,0.04314539999995759,0.994856900000002,ok,same_stridge_core,Hx;D_x^1.312901 H;Hxxx;H*Hxxx,0.02,1.0709182357683467
0.7509224213121652,1.5692841207266508,0.30051895079105384,-1.115473735244433,0;0;-1.11547373524;0.300518950791;0;0;0;0;0;0;0;0,52937.37587630984,0.005,355,3e-06,1.298201020383326,,0.0004957066163436284,0.9624345999999946,0.039963600000021415,1.002405699999997,ok,same_stridge_core,Hx;D_x^1.569284 H,0.06572727272727277,0.980576765125467
0.7343979136834262,1.5240675629791394,0.14920138893334453,-1.1379695048607696,0;0;-1.13796950486;0.149201388933;-0.229174412996;0;0;0.0288272342049;0;0;0;0,52935.084813655034,0.005,356,3e-06,1.5458113820580297,,0.0004281795565933832,0.9810577999999737,0.04808289999999715,1.0291516000000343,ok,same_stridge_core,Hx;D_x^1.524068 H;Hxxx;H*Hxx,0.015,0.9105903642941694
0.7335692803631548,1.3762082877404163,0.10162408396408064,-1.152486915432782,0;0;-1.15248691543;0.101624083964;-0.385629756955;0;0;0.0350095324056;0;0;0;0,53103.80735584087,0.005,357,3e-06,1.5467984435442461,,0.0004245881344232855,0.9729445000000396,0.03690249999999651,1.0098523999999998,ok,same_stridge_core,Hx;D_x^1.376208 H;Hxxx;H*Hxx,0.015,0.9095527552741556
0.7525039932289924,1.2830756373626353,0.18817322444567985,-1.215183909450912,0;0;-1.21518390945;0.188173224446;-2.12406662953;0;0;0;0.152906554827;0;0;0,53241.47555182678,0.005,358,3e-06,1.8107912202141123,,0.0007062241925590308,0.971223899999984,0.035082600000009734,1.0063135999999986,ok,same_stridge_core,Hx;D_x^1.283076 H;Hxxx;H*Hxxx,0.019440739921699673,1.1718935135921908
0.7367415600725384,1.4975460667048748,0.13342229752083462,-1.1320729651285153,0;0;-1.13207296513;0.133422297521;-0.260852814359;0;0;0.0325621452623;0;0;0;0,52952.047436814006,0.005,359,3e-06,1.5394878446750173,,0.0004209006318723906,0.943597900000043,0.04488010000000031,0.9884862000000112,ok,same_stridge_core,Hx;D_x^1.497546 H;Hxxx;H*Hxx,0.014470554086712644,0.9040632754332492
0.7437211893125092,1.2774635883166319,0.0,-1.0545276976549818,0;0;-1.05452769765;0;0;0;0;0.0745309166497;0;0;0;0,53249.6266483206,0.005,360,3e-06,1.2489541867493865,,0.00044314427387695196,0.9685863000000268,0.045821300000000065,1.0144222999999783,ok,same_stridge_core,Hx;H*Hxx,0.02,0.9294564268594631
0.7526744365528921,1.2230620454376373,0.0562187103028628,-0.8928905190631696,0.137054041761;-0.0247054324495;-0.892890519063;0.0562187103029;2.4225826693;0;-0.0302271257316;0;-0.358556920398;0;0;0,53326.630746457435,0.005,361,3e-06,1.973434599535305,,0.00037748555468407503,1.0245598999999856,0.03700379999997949,1.061572300000023,ok,same_stridge_core,1;H;Hx;D_x^1.223062 H;Hxxx;H*Hx;H*Hxxx,0.015,0.8535753538596988
0.7414930595128199,1.2762895948286912,0.0,-1.0606660432340769,0;0;-1.06066604323;0;0;0;0;0.0736363128212;0;0;0;0,53251.32759539716,0.005,362,3e-06,1.2527964649450043,,0.0004475979590449093,0.5696993999999904,0.05367410000002337,0.6233879999999772,ok,same_stridge_core,Hx;H*Hxx,0.019943486796427976,0.9332884993726213
0.747980945078299,1.5705521026705171,0.2844292149305086,-1.1345662114473893,0;0;-1.13456621145;0.284429214931;-0.348741405354;0;0;0;0;0;0;0,52938.215922472555,0.005,363,3e-06,1.4184263196370221,,0.00045497874415311693,0.9706350999999813,0.048333299999967494,1.0189756999999986,ok,same_stridge_core,Hx;D_x^1.570552 H;Hxxx,0.029563642602858285,0.9419823763347692
0.7446804382909779,1.2910014376363954,0.0,-1.0518928797670393,0;0;-1.05189287977;0;0;0;0;0.074913641039;0;0;0;0,53229.91006476267,0.005,364,3e-06,1.2476943777028362,,0.0004417100400481961,0.9567195999999853,0.0370864999999867,0.9938175999999999,ok,same_stridge_core,Hx;H*Hxx,0.02,0.9283149173142602
0.7481400747729646,1.2590498934604222,0.07139463715629948,-0.9261134520494023,0.124828225124;-0.0222199932579;-0.926113452049;0.0713946371563;2.27170626634;0;-0.0279353780842;0;-0.341256413353;0;0;0,53276.12208511688,0.005,365,3e-06,1.9621026075404882,,0.00036795788606346015,0.30472140000000536,0.048527900000010504,0.3532571999999732,ok,same_stridge_core,1;H;Hx;D_x^1.25905 H;Hxxx;H*Hx;H*Hxxx,0.01,0.8433040437530337
0.7462838373489893,1.2723006199090823,0.046248803072017404,-1.0499984682329984,0.0205526836159;0;-1.04999846823;0.046248803072;0.589934598143;0;0;0.0793076169928;-0.0319348098526;0;0;0,53257.09541331866,0.005,366,3e-06,1.7736011925648334,,0.0003451360716152137,0.35862329999997655,0.047656000000017684,0.406283999999971,ok,same_stridge_core,1;Hx;D_x^1.272301 H;Hxxx;H*Hxx;H*Hxxx,0.01,0.8149734751250974
0.7385305789605161,1.2279016786031347,0.0,-1.0688670580027544,0;0;-1.068867058;0;0;0;0;0.0724346496776;0;0;0;0,53319.94529602482,0.005,367,3e-06,1.2608912137932946,,0.00045601075339019937,0.9252969000000348,0.04029489999999214,0.9656012000000374,ok,same_stridge_core,Hx;H*Hxx,0.02,0.9409715420171456
0.7372800342427132,1.2653513440764268,0.0,-1.0723425304898637,0;0;-1.07234253049;0;0;0;0;0.0719231885064;0;0;0;0,53267.10014856757,0.005,368,3e-06,1.2647119680393468,,0.0004604378436209178,0.3084741999999778,0.04000719999999092,0.34848640000001296,ok,same_stridge_core,Hx;H*Hxx,0.02505196556555346,0.9451093671479414
0.7516165684729029,1.4413564887778978,0.23393769782677237,-1.1639641821709572,0;0;-1.16396418217;0.233937697827;-0.702270675393;0;0;0;0;0;0;0,53012.906763247374,0.005,369,3e-06,1.4997385599299933,,0.0005313608243865691,0.9279700999999818,0.03058630000003859,0.9585611999999628,ok,same_stridge_core,Hx;D_x^1.441356 H;Hxxx,0.04065559440559438,1.022622399060767
0.7427568667678548,1.2025877734200088,0.0,-1.0571812095076014,0;0;-1.05718120951;0;0;0;0;0.0741447044518;0;0;0;0,53354.520802243576,0.005,370,3e-06,1.2510385000927404,,0.00044487776531024344,0.3048016999999845,0.043866499999978714,0.34867559999997866,ok,same_stridge_core,Hx;H*Hxx,0.02,0.9309113752792789
0.7449734586428355,1.3030764435987103,0.18886105590719787,-1.2219362615458318,0;0;-1.22193626155;0.188861055907;-1.77698456038;0;0;0;0.119360213061;0;0;0,53212.18194208996,0.005,371,3e-06,1.7164896228805189,,0.0005964998707650692,1.002750600000013,0.04189910000002328,1.044656199999963,ok,same_stridge_core,Hx;D_x^1.303076 H;Hxxx;H*Hxxx,0.019943462698153027,1.0779434395754393
0.7451980260877077,1.3508657057352875,0.0,-1.0561132944817446,0;0;-1.05611329448;0;-0.123610210767;0;0;0.0738780564059;0;0;0;0,53141.28181207376,0.005,372,3e-06,1.4026231510425178,,0.00043761733929158746,0.32951790000004166,0.04785509999999249,0.3773813999999902,ok,same_stridge_core,Hx;Hxxx;H*Hxx,0.02,0.9243516147338541
0.7354275470765144,1.7145678762863306,0.14155358012481944,-1.0968139762291744,0;0;-1.09681397623;0.141553580125;0;0;0;0.0420466484437;0;0;0;0,53710.030385057726,0.005,373,3e-06,1.4131284982746792,,0.00044910819096123444,0.6588887999999997,0.03718489999999974,0.6960799000000293,ok,same_stridge_core,Hx;D_x^1.714568 H;H*Hxx,0.014993578221648403,0.9297382248091598
0.7436857674730116,1.2919626722653543,0.0,-1.0546250841255742,0;0;-1.05462508413;0;0;0;0;0.0745167568319;0;0;0;0,53228.50344323207,0.005,374,3e-06,1.248875506462357,,0.0004432027719372207,0.9503095999999687,0.034730099999990216,0.9850463999999874,ok,same_stridge_core,Hx;H*Hxx,0.02,0.9295044858029645
0.7634130571775819,1.1102617791243534,0.0,-1.0104973532223898,0;0;-1.01049735322;0;-0.199901037263;0;0;0.0800924401803;0;0;0;0,53471.86028426302,0.005,375,3e-06,1.4318229981734887,,0.0004579856657262011,0.9222796000000244,0.036171200000012504,0.9584558999999899,ok,same_stridge_core,Hx;Hxxx;H*Hxx,0.024408802994882167,0.9505762556151214
0.7442627508116808,1.2574351137806354,0.0,-1.0530395822636323,0;0;-1.05303958226;0;0;0;0;0.0747471692476;0;0;0;0,53278.42594950243,0.005,376,3e-06,1.2484452001575135,,0.00044229925681670966,0.9616263000000345,0.03629369999998744,0.9979622000000177,ok,same_stridge_core,Hx;H*Hxx,0.02,0.928774644460499
0.7439535088008776,1.8273666413519827,0.0,-1.053889141659699,0;0;-1.05388914166;0;0;0;0;0.0746237398608;0;0;0;0,56973.40936817385,0.005,377,3e-06,1.270992634933033,,0.00044277059663509603,0.998966600000017,0.03923009999999749,1.0382022000000006,ok,same_stridge_core,Hx;H*Hxx,0.020490829712667257,0.9291521787239899
0.7350090492349263,1.1189012014135633,0.0,-1.0786746914630354,0;0;-1.07867469146;0;0;0;0;0.0709879593286;0;0;0;0,53461.479728889826,0.005,378,3e-06,1.27475741008206,,0.0004698418412333932,0.9782223999999928,0.04507219999999279,1.0233017000000473,ok,same_stridge_core,Hx;H*Hxx,0.019546753106109836,0.9539885317087211
0.7414496231546345,1.2417339372384815,0.0,-1.060785965330017,0;0;-1.06078596533;0;0;0;0;0.0736187933628;0;0;0;0,53300.64959659724,0.005,379,3e-06,1.2531835476545439,,0.00044770056715219374,0.9913323999999761,0.04056609999997818,1.0319047999999498,ok,same_stridge_core,Hx;H*Hxx,0.02388611111111113,0.9333796500749605
0.7520808423392424,1.6484644325510296,0.328374149051358,-1.104708746753286,0;0;-1.10470874675;0.328374149051;-0.221822327437;0;0;0;0;0;0;0,53131.15389325598,0.005,380,3e-06,1.4146302690428296,,0.0004508566833039878,0.9369395999999597,0.03916149999997742,0.9761070000000132,ok,same_stridge_core,Hx;D_x^1.648464 H;Hxxx,0.02,0.9364498840035257
0.7540856957421437,1.4710699234353757,0.2982635245195315,-1.1433745562852708,0.013454728588;0;-1.14337455629;0.29826352452;-0.21494083822;0;0;0;0;0;0;0,52977.518798654324,0.005,381,3e-06,1.6037705059616927,,0.0004847293269704499,1.0018228999999792,0.04248539999997547,1.044317699999965,ok,same_stridge_core,1;Hx;D_x^1.47107 H;Hxxx,0.015,0.9680402803778407
0.7498615490778512,1.6254598683444204,0.1380205448325032,-1.0747353033045983,0;0;-1.0747353033;0.138020544833;-0.172759676798;0;0;0.0429907482955;0;0;0;0,53037.76568885706,0.005,382,3e-06,1.5308363766581046,,0.0004106632033781108,0.32952660000000833,0.05832410000004984,0.38785930000000235,ok,same_stridge_core,Hx;D_x^1.62546 H;Hxxx;H*Hxx,0.015,0.89438318839182
0.7498669991430336,1.8977217393407435,0.19006218155644578,-1.042826453059919,0;0;-1.04282645306;0.190062181556;0;0;0;0.0481314840063;0;0;0;0,60662.593275628824,0.005,383,3e-06,1.441120351050186,,0.0004151299730672815,0.36469529999999395,0.059533600000008846,0.42423930000001064,ok,same_stridge_core,Hx;D_x^1.897722 H;H*Hxx,0.015,0.8951570115695265
0.7332066692251865,1.6439685283586478,0.15287247357172684,-1.1133980222228628,0;0;-1.11339802222;0.152872473572;0;0;0;0.0354323290164;0;0;0;0,53109.69772274856,0.005,384,3e-06,1.4095346280597432,,0.0004514804053425828,0.6002659999999764,0.046342600000002676,0.6466188999999645,ok,same_stridge_core,Hx;D_x^1.643969 H;H*Hxx,0.020006905594405596,0.931547348555006
0.744577829773589,1.282687486383105,0.0,-1.0521744939094901,0;0;-1.05217449391;0;0;0;0;0.0748727713303;0;0;0;0,53242.04045259574,0.005,385,3e-06,1.2478747467269984,,0.00044184981227875686,0.9860769999999661,0.03793720000004441,1.0240210999999704,ok,same_stridge_core,Hx;H*Hxx,0.02,0.9284225040114238
0.7483446485005381,1.6052163416599714,0.13309280474725196,-1.080811223279218,0;0;-1.08081122328;0.133092804747;-0.182344166411;0;0;0.0426019267328;0;0;0;0,52984.38229830342,0.005,386,3e-06,1.5305210535858518,,0.00041097259004155214,0.30127989999999727,0.042332600000008824,0.3436184000000253,ok,same_stridge_core,Hx;D_x^1.605216 H;Hxxx;H*Hxx,0.015416945937487488,0.8947084660062108
0.7355515743893082,1.1359044788516317,0.0,-1.0771595436816603,0;0;-1.07715954368;0;0;0;0;0.0712121337632;0;0;0;0,53440.68718122478,0.005,387,3e-06,1.272351486817056,,0.0004674334317319122,0.9648554000000331,0.0348194000000035,0.9996835000000033,ok,same_stridge_core,Hx;H*Hxx,0.02,0.9517073637297074
0.7415696523216271,1.270575614190626,0.0,-1.0604546092352694,0;0;-1.06045460924;0;0;0;0;0.0736671958855;0;0;0;0,53259.58412559696,0.005,388,3e-06,1.252686576135673,,0.00044741853012760874,0.9513630000000148,0.03701479999995172,0.9883866999999782,ok,same_stridge_core,Hx;H*Hxx,0.02,0.9331290713820911
0.7450355738779701,1.277867520118659,0.18059544229742638,-1.229186036478802,0;0;-1.22918603648;0.180595442297;-1.87561338478;0;0;0;0.120096045696;0;0;0,53249.04109863764,0.005,389,3e-06,1.750035643672451,,0.0006328384550133398,0.9628774999999905,0.033728299999950195,0.9966152000000079,ok,same_stridge_core,Hx;D_x^1.277868 H;Hxxx;H*Hxxx,0.029919735579920753,1.111047150488799
0.7440926262213914,1.2774635883166319,0.0,-1.0535068959962364,0;0;-1.053506896;0;0;0;0;0.0746792858226;0;0;0;0,53249.6266483206,0.005,390,3e-06,1.248476284393909,,0.00044255479504591474,0.30061600000004773,0.03678529999996272,0.33740810000000465,ok,same_stridge_core,Hx;H*Hxx,0.02,0.9289785245039855
0.7374327896625147,1.381768428418855,0.08872739709887002,-1.1328693810165007,0;0;-1.13286938102;0.0887273970989;-0.353715186789;0;0;0.041064474081;0;0;0;0,53095.66507806725,0.005,391,3e-06,1.5435210496612344,,0.00042072519215783017,0.9415156000000025,0.04469690000001947,0.9862181000000305,ok,same_stridge_core,Hx;D_x^1.381768 H;Hxxx;H*Hxx,0.014470546031759856,0.9063730687244274
0.7537957986790417,1.44586897533265,0.30754761285224186,-1.145769408789388,0.0183342876514;0;-1.14576940879;0.307547612852;0;0;0;0;0;0;0;0,53007.18148404629,0.005,392,3e-06,1.4701250162984847,,0.0005154240765247745,0.9685860000000162,0.03274410000000216,1.0013338999999633,ok,same_stridge_core,1;Hx;D_x^1.445869 H,0.015,0.993060382942068
0.7433722570415975,1.2895091150628126,0.0,-1.0554872996963542,0;0;-1.0554872997;0;0;0;0;0.0743913370429;0;0;0;0,53232.092354481785,0.005,393,3e-06,1.2493398049233955,,0.0004437376281324886,0.9746351000000004,0.03342170000001943,1.0080615999999623,ok,same_stridge_core,Hx;H*Hxx,0.02,0.9299472507965048
0.7445332279099094,1.2849789210134692,0.0,-1.0522969231037893,0;0;-1.0522969231;0;0;0;0;0.0748550006437;0;0;0;0,53238.70397469135,0.005,394,3e-06,1.2479025117067901,,0.0004419114881886352,0.3006955999999832,0.041439299999979085,0.3421428999999989,ok,same_stridge_core,Hx;H*Hxx,0.02,0.928470287858642
0.7618199064189903,1.2590498934604222,0.0,-1.0144229528410857,0;0;-1.01442295284;0;-0.193284485098;0;0;0.0795687119135;0;0;0;0,53276.12208511688,0.005,395,3e-06,1.4242927679492623,,0.0004527733866193057,0.3368575000000078,0.03334850000004508,0.37021489999995083,ok,same_stridge_core,Hx;Hxxx;H*Hxx,0.025,0.9448076691832105
0.7367829284256696,1.9197128047993344,0.07983403267537968,-1.0750863757130218,0;0;-1.07508637571;0.0798340326754;0;0;0;0.0600950559833;0;0;0;0,61620.82525823084,0.005,396,3e-06,1.4949824308157864,,0.0004583487990031171,0.8654141000000095,0.04121429999997872,0.9066377999999986,ok,same_stridge_core,Hx;D_x^1.919713 H;H*Hxx,0.030000000000000002,0.9403950034917089
0.751674595492412,1.2837718728037817,0.18777341921692217,-1.2163644907839206,0;0;-1.21636449078;0.187773419217;-2.09214370668;0;0;0;0.149341983253;0;0;0,53240.46219896705,0.005,397,3e-06,1.8017862758566052,,0.0006952246915849784,0.9234174000000053,0.03132890000000543,0.954751999999985,ok,same_stridge_core,Hx;D_x^1.283772 H;Hxxx;H*Hxxx,0.019492927841048027,1.1629007294690006
0.7436007330212453,1.1860620766892747,0.03806066864315485,-1.0627308400460769,0.0192633448079;0;-1.06273084005;0.0380606686432;0.3228518957;0;0;0.0790882688264;0;0;0;0,53376.55222336872,0.005,398,3e-06,1.6272661256637853,,0.00035553973682131293,0.9320275000000038,0.03624600000000555,0.968280400000026,ok,same_stridge_core,1;Hx;D_x^1.186062 H;Hxxx;H*Hxx,0.015,0.8266178423132543
0.7344581916668885,1.6724586768311687,0.14915384242836027,-1.1055232258633256,0;0;-1.10552322586;0.149153842428;0;0;0;0.0381312051153;0;0;0;0,53277.67236690429,0.005,399,3e-06,1.4087717145777998,,0.00044893019655918424,0.9237001999999848,0.035733300000003965,0.9594443999999953,ok,same_stridge_core,Hx;D_x^1.672459 H;H*Hxx,0.02,0.9292726632756612
0.7385602318602025,1.298905958159245,0.0,-1.068784751665343,0;0;-1.06878475167;0;0;0;0;0.0724467440154;0;0;0;0,53218.3185266686,0.005,400,3e-06,1.2601896768571108,,0.00045591211341753095,0.9237878999999793,0.041720699999984845,0.9655164000000127,ok,same_stridge_core,Hx;H*Hxx,0.029919728618432315,0.9408797656970991
0.73604429954823,1.2027185558624405,0.0,-1.0757848033766306,0;0;-1.07578480338;0;0;0;0;0.0714153192602;0;0;0;0,53354.344578304015,0.005,401,3e-06,1.2698486492488241,,0.0004653346001067692,0.5502553999999691,0.04164330000003247,0.5919092999999975,ok,same_stridge_core,Hx;H*Hxx,0.025,0.9497225817789999
0.7500953464752306,1.3508657057352875,0.20972209129012126,-1.1986124428350367,0;0;-1.19861244284;0.20972209129;-1.76085470086;0;0;0;0.137834921476;0;0;0,53141.28181207376,0.005,402,3e-06,1.7001378392083124,,0.0005815831466580753,0.30682219999999916,0.03517220000003363,0.34199940000002016,ok,same_stridge_core,Hx;D_x^1.350866 H;Hxxx;H*Hxxx,0.02,1.0624424574634272
0.7461904599564764,1.3498173411060952,0.20557485009707846,-1.205713660316674,0;0;-1.20571366032;0.205574850097;-1.62516737678;0;0;0;0.119880226615;0;0;0,53142.83988187465,0.005,403,3e-06,1.673252418776403,,0.0005518471987049881,0.9722279000000071,0.04160980000000336,1.0138443999999822,ok,same_stridge_core,Hx;D_x^1.349817 H;Hxxx;H*Hxxx,0.02,1.0355383401939071
0.7436857674730116,1.0893933272976808,0.023570548735673456,-1.0547224429910278,0.0189562879475;0;-1.05472244299;0.0235705487357;0.337897134325;0;0;0.0838679242635;0;0;0;0,53496.4242853055,0.005,404,3e-06,1.6359135791613908,,0.0003607908476253682,0.5778362000000357,0.04504680000002281,0.6228895000000421,ok,same_stridge_core,1;Hx;D_x^1.089393 H;Hxxx;H*Hxx,0.015,0.8334672148818083
0.7360281766243094,1.8290879784606109,0.0,-1.0796938817184973,0;0;-1.07969388172;0;-0.0846865404877;0;0;0.07055812485;0;0;0;0,57055.42749210881,0.005,405,3e-06,1.4622726619164597,,0.0004637883001949684,0.9968367999999828,0.050146899999958805,1.0469894999999951,ok,same_stridge_core,Hx;Hxxx;H*Hxx,0.015,0.9487738144874803
0.7442627508116808,1.4000847588868963,0.20907394151415143,-1.1808005104895825,0;0;-1.18080051049;0.209073941514;0;0;0;0;-0.102452353104;0;0;0,53069.18960467009,0.005,406,3e-06,1.534395255410107,,0.0005631991960632005,0.5449780000000146,0.03530140000003712,0.5802846999999929,ok,same_stridge_core,Hx;D_x^1.400085 H;H*Hxxx,0.029369641514898275,1.0567725489680762
0.7439535088008776,1.382709672751846,0.0,-1.0592891509889317,0;0;-1.05928915099;0;-0.118347475734;0;0;0.0734351094471;0;0;0;0,53094.29080552858,0.005,407,3e-06,1.4039331644373898,,0.00043961932867571054,0.5436925999999858,0.039977700000008554,0.5836767000000123,ok,same_stridge_core,Hx;Hxxx;H*Hxx,0.025,0.9260845471876327
0.723701588510109,1.0133442574442018,0.0,-1.1106034459829208,0;0;-1.11060344598;0;0;0;0;0.0662070252935;0;0;0;0,53579.98970378429,0.005,408,3e-06,1.345576992926915,,0.0005444324407632028,0.9779801999999904,0.03512299999999868,1.0131086000000096,ok,same_stridge_core,Hx;H*Hxx,0.029930229818192777,1.0240970547042092
0.7495149545098002,1.3525177437138687,0.10234437113682757,-0.9312951932918218,0.114188275691;-0.0198328385751;-0.931295193292;0.102344371137;2.20430727183;0;-0.0268353076143;0;-0.32496801412;0;0;0,53138.82747945266,0.005,409,3e-06,1.9513716911514676,,0.000361059818259741,0.9422926999999959,0.04277009999998427,0.9850680999999781,ok,same_stridge_core,1;H;Hx;D_x^1.352518 H;Hxxx;H*Hx;H*Hxxx,0.01,0.8354563140829615
0.7428638930152247,1.258137343767638,0.0,-1.0568864687265909,0;0;-1.05688646873;0;0;0;0;0.0741876402064;0;0;0;0,53277.42438902247,0.005,410,3e-06,1.2503992830903705,,0.0004446708817602504,0.555636800000002,0.03606239999999161,0.5917064999999866,ok,same_stridge_core,Hx;H*Hxx,0.02,0.9307347367562356
0.7362040668433751,1.2540934113108917,0.0,-1.0753393055102525,0;0;-1.07533930551;0;0;0;0;0.071481120689;0;0;0;0,53283.18332050568,0.005,411,3e-06,1.2687959989773665,,0.0004646719736539965,0.9747874999999908,0.03337859999999182,1.0081725000000006,ok,same_stridge_core,Hx;H*Hxx,0.030000000000000002,0.9490968990543324
0.7504896563230375,1.6254598683444204,0.31411536450241634,-1.1143125447627165,0;0;-1.11431254476;0.314115364502;-0.254403435739;0;0;0;0;0;0;0,53037.76568885706,0.005,412,3e-06,1.4143907030517635,,0.00045113573477948,0.3085540000000151,0.04220199999997476,0.3507645999999909,ok,same_stridge_core,Hx;D_x^1.62546 H;Hxxx,0.025,0.93705081185205
0.7510024216248896,1.3333905622002842,0.20447493214911427,-1.2024815996877753,0;0;-1.20248159969;0.204474932149;-1.86916126833;0;0;0;0.144274527293;0;0;0,53167.27061852337,0.005,413,3e-06,1.7275734800322535,,0.0006114603591744924,0.9763234999999781,0.037034600000026785,1.0133650999999873,ok,same_stridge_core,Hx;D_x^1.333391 H;Hxxx;H*Hxxx,0.02,1.089566232609973
0.7491919938113564,1.3038566596181385,0.192689013637542,-1.2145677020700898,0;0;-1.21456770207;0.192689013638;-1.92639021298;0;0;0;0.138317544443;0;0;0,53211.03248346782,0.005,414,3e-06,1.750398167686138,,0.0006355585010395438,0.9622939000000201,0.037095399999998335,0.9993967999999995,ok,same_stridge_core,Hx;D_x^1.303857 H;Hxxx;H*Hxxx,0.02936969672199364,1.1118657778845242
0.7462338953921281,1.2505531572643416,0.0415092633260775,-1.0484693683730983,0.0205732538035;0;-1.04846936837;0.0415092633261;0.6038290455;0;0;0.0806685557516;-0.0340397313727;0;0;0,53288.20731200243,0.005,415,3e-06,1.7757134600226077,,0.0003461665328509871,0.9420498000000066,0.047616500000003725,0.989674999999977,ok,same_stridge_core,1;Hx;D_x^1.250553 H;Hxxx;H*Hxx;H*Hxxx,0.01,0.816525728406564
0.747513871160747,1.3487109475737058,0.20648607337598282,-1.2037570647097302,0;0;-1.20375706471;0.206486073376;-1.67782902769;0;0;0;0.126228152733;0;0;0,53144.48431994758,0.005,416,3e-06,1.6835795617234992,,0.0005630749030810442,0.969189100000051,0.03724929999998494,1.0064495999999963,ok,same_stridge_core,Hx;D_x^1.348711 H;Hxxx;H*Hxxx,0.02,1.0458457498841283
0.7355515743893082,1.2615976272468246,0.0,-1.0771595436816603,0;0;-1.07715954368;0;0;0;0;0.0712121337632;0;0;0;0,53272.48032384916,0.005,417,3e-06,1.2713422456728023,,0.0004674334317319124,0.5866245999999933,0.04111160000002201,0.6277454000000375,ok,same_stridge_core,Hx;H*Hxx,0.03433575430172068,0.9517073637297073
0.7333706339736061,1.270575614190626,0.06561335966210595,-1.1480820634384648,0;0;-1.14808206344;0.0656133596621;-0.425844798318;0;0;0.0438575124126;0;0;0;0,53259.58412559696,0.005,418,3e-06,1.5557610234463894,,0.0004297819215348881,0.32435159999999996,0.03973209999998062,0.3640917000000172,ok,same_stridge_core,Hx;D_x^1.270576 H;Hxxx;H*Hxx,0.015890756302520997,0.916646013939226
0.7277498660955874,1.7831097792138015,0.0,-1.0990954078275421,0;0;-1.09909540783;0;0;0;0;0.0679426448435;0;0;0;0,55213.52149572113,0.005,419,3e-06,1.3253942567869255,,0.0005122153420181868,0.9672712999999931,0.037795299999970666,1.005073799999991,ok,same_stridge_core,Hx;H*Hxx,0.02447348484848485,0.9941131278125986
0.7449590648754811,1.2774635883166319,0.05066449893029972,-1.0574490737800122,0.0202308123949;0;-1.05744907378;0.0506644989303;0.574573908514;0;0;0.0768359093541;-0.0334294506789;0;0;0,53249.6266483206,0.005,420,3e-06,1.7752108476019224,,0.0003467724195262013,0.29616270000002487,0.036326099999996586,0.3324959999999919,ok,same_stridge_core,1;Hx;D_x^1.277464 H;Hxxx;H*Hxx;H*Hxxx,0.01,0.8167175679321516
0.7474145693343458,1.6879112100350568,0.15774561995913403,-1.069187284498419,0;0;-1.0691872845;0.157745619959;0;0;0;0.0422486207624;0;0;0;0,53406.239995941105,0.005,421,3e-06,1.3762020227949592,,0.0004140879530663825,0.9326092000000017,0.03622490000003609,0.9688391999999908,ok,same_stridge_core,Hx;D_x^1.687911 H;H*Hxx,0.024706102863997603,0.8955458628314893
0.7414930595128199,1.2254551006983148,0.0,-1.0606660432340769,0;0;-1.06066604323;0;0;0;0;0.0736363128212;0;0;0;0,53323.32945321059,0.005,422,3e-06,1.2532284760918848,,0.0004475979590449093,0.5680720999999949,0.03948880000001509,0.607565999999963,ok,same_stridge_core,Hx;H*Hxx,0.019440918472652224,0.9332884993726213
0.750709930713829,1.4303971167369254,0.22658477702857713,-1.159311811317895,0;0;-1.15931181132;0.226584777029;0;0;0;0;-0.093074830036;0;0;0,53027.22804807965,0.005,423,3e-06,1.5562959236277316,,0.0005873680433965575,0.9544453999999973,0.03405859999998029,0.9885097000000087,ok,same_stridge_core,Hx;D_x^1.430397 H;H*Hxxx,0.02500705328383347,1.0790508711950149
0.7353163054637708,1.0778155151388966,0.0,-1.0778164081544004,0;0;-1.07781640815;0;0;0;0;0.0711149789253;0;0;0;0,53509.743686015616,0.005,424,3e-06,1.273742686787739,,0.00046846527790941607,0.9517594000000145,0.049132099999951606,1.0009001999999896,ok,same_stridge_core,Hx;H*Hxx,0.02938112022586812,0.9526842246716453
0.7524821492859057,1.3249718407227549,0.20284941245379742,-1.2025572375631637,0;0;-1.20255723756;0.202849412454;-1.95732982795;0;0;0;0.151743278907;0;0;0,53179.782322838764,0.005,425,3e-06,1.7506301624005867,,0.0006375607296037225,0.9827066000000286,0.0347725999999966,1.0174870999999825,ok,same_stridge_core,Hx;D_x^1.324972 H;Hxxx;H*Hxxx,0.019936964570570242,1.1124727745265215
0.743945197762562,1.4765629389013073,0.09852334568907471,-1.10303313666159,0;0;-1.10303313666;0.0985233456891;-0.270569826142;0;0;0.0442966426452;0;0;0;0,52971.67991670346,0.005,426,3e-06,1.5360719859046235,,0.0004150586359095794,0.5576189999999883,0.04656080000000884,0.6041865999999914,ok,same_stridge_core,Hx;D_x^1.476563 H;Hxxx;H*Hxx,0.015,0.9004118269041819
0.7382165349597227,1.2681658034585912,0.0,-1.0697390834349807,0;0;-1.06973908343;0;0;0;0;0.0723064413904;0;0;0;0,53263.05497169085,0.005,427,3e-06,1.2615387673661598,,0.0004570729004225471,0.9714794999999867,0.04840669999998681,1.0198920999999928,ok,same_stridge_core,Hx;H*Hxx,0.03268799102132432,0.9419604375360148
0.7540230755307045,1.3822515276475158,0.22482999086763267,-1.1818277678758442,0;0;-1.18182776788;0.224829990868;-1.75695935323;0;0;0;0.150170427481;0;0;0,53094.959541941986,0.005,428,3e-06,1.6958804953839783,,0.0005787314967448133,0.9916327999999908,0.032356800000002295,1.0239963000000216,ok,same_stridge_core,Hx;D_x^1.382252 H;Hxxx;H*Hxxx,0.01945893634197728,1.0587409808806745
0.7459720820233697,1.2178619879159571,0.03552387895918596,-1.0470902055565405,0.0205325755245;0;-1.04709020556;0.0355238789592;0.625025380147;0;0;0.0822660783442;-0.0376292791852;0;0;0,53333.77513857906,0.005,429,3e-06,1.7791328016640402,,0.0003479892696236791,0.9508494000000383,0.05397159999995438,1.0048267999999894,ok,same_stridge_core,1;Hx;D_x^1.217862 H;Hxxx;H*Hxx;H*Hxxx,0.01,0.819124849169617
0.7460446785502274,1.3316259822728047,0.19931498764373246,-1.2115321932245917,0;0;-1.21153219322;0.199314987644;-1.69852261941;0;0;0;0.121782954843;0;0;0,53169.89447286485,0.005,430,3e-06,1.6913052098911379,,0.0005704638548162404,0.9688911000000076,0.04281819999999925,1.0117152999999917,ok,same_stridge_core,Hx;D_x^1.331626 H;Hxxx;H*Hxxx,0.019551541909311344,1.0532664762167596
0.7311667395307635,1.4951676600134711,0.24676137373056906,-1.1763852549724008,0;0;-1.17638525497;0.246761373731;0;0;0;0;0;0;0;0,52954.03385151881,0.005,431,3e-06,1.2851882419948444,,0.00049072396655922,0.9850313000000028,0.02872160000003987,1.0137592000000382,ok,same_stridge_core,Hx;D_x^1.495168 H,0.07833730158730162,0.9674640388857315
0.744303209664984,1.2901627629924026,0.0,-1.0529284691475373,0;0;-1.05292846915;0;0;0;0;0.0747633068268;0;0;0;0,53231.13682043084,0.005,432,3e-06,1.2481144138327498,,0.0004422397895705298,0.9768600000000447,0.036766800000009425,1.0136344999999665,ok,same_stridge_core,Hx;H*Hxx,0.02,0.9287275929101648
0.7293538722051862,1.5312681047957222,0.16817762026795138,-1.1561055562418614,0;0;-1.15610555624;0.168177620268;-0.214899833539;0;0;0.0222006220591;0;0;0;0,52932.42048522759,0.005,433,3e-06,1.564692865544871,,0.00044767902767480953,0.9480037000000152,0.04526269999996657,0.9932732000000328,ok,same_stridge_core,Hx;D_x^1.531268 H;Hxxx;H*Hxx,0.014943566046256108,0.92950381972214
0.744351409080642,1.2745853162900085,0.0,-1.0527961092618219,0;0;-1.05279610926;0;0;0;0;0.0747825260552;0;0;0;0,53253.79405482775,0.005,434,3e-06,1.2481950957515515,,0.0004421696182359099,0.964452499999993,0.03582570000003216,1.0002832999999782,ok,same_stridge_core,Hx;H*Hxx,0.02,0.928672331422585
0.74236171060533,1.2846710763490718,0.0,-1.058269938264031,0;0;-1.05826993826;0;0;0;0;0.0739860141674;0;0;0;0,53239.15258402973,0.005,435,3e-06,1.2510321710698529,,0.00044567337156579224,0.9732684999999606,0.03531060000000252,1.008583499999986,ok,same_stridge_core,Hx;H*Hxx,0.02,0.9315972555656745
0.7433881792446992,1.261636516308057,0.0,-1.055443497477602,0;0;-1.05544349748;0;0;0;0;0.0743977125893;0;0;0;0,53272.4246309797,0.005,436,3e-06,1.2495585836527348,,0.00044370973864124515,0.9444262999999751,0.036304000000029646,0.9807366999999658,ok,same_stridge_core,Hx;H*Hxx,0.02,0.9299240358668566
0.7229463746547469,1.5555825809826875,0.2547602414460029,-1.1845416781199976,0;0;-1.18454167812;0.254760241446;0;0;0;0;0;0;0;0,52931.36908630058,0.005,437,3e-06,1.3015996882179348,,0.0005087402129628865,0.9651446999999962,0.03612229999998817,1.0012729000000036,ok,same_stridge_core,Hx;D_x^1.555583 H,0.07584656084656083,0.9840114737001313
0.7362709126025854,1.7814590173011706,0.0,-1.0751529511568068,0;0;-1.07515295116;0;0;0;0;0.0715086382897;0;0;0;0,55161.178765263074,0.005,438,3e-06,1.2798046128193081,,0.0004643973876026622,0.9825218999999947,0.0443983999999773,1.0269294000000286,ok,same_stridge_core,Hx;H*Hxx,0.04917231621993526,0.9488375402277297
0.7519493610758745,1.8234508077948406,0.44123566313257806,-1.0611952343643254,0;0;-1.06119523436;0.441235663133;0;0;0;0;0;0;0;0,56790.33170817431,0.005,439,3e-06,1.2793754987780876,,0.00045660717075289765,0.9888095999999678,0.04389800000001287,1.032714599999963,ok,same_stridge_core,Hx;D_x^1.823451 H,0.025,0.9386335085290418
0.7449776935549259,1.3357894365061407,0.0,-1.056674998357317,0;0;-1.05667499836;0;-0.122678952777;0;0;0.0737998097045;0;0;0;0,53163.702910265994,0.005,440,3e-06,1.403096374679963,,0.0004379376333341045,0.9816682999999671,0.035260699999980716,1.0169338000000039,ok,same_stridge_core,Hx;Hxxx;H*Hxx,0.02,0.9246230484875689
0.7468713107441435,1.7863117469434866,0.1699231593459565,-1.0606870676651319,0;0;-1.06068706767;0.169923159346;0;0;0;0.0445392689542;0;0;0;0,55317.70623565948,0.005,441,3e-06,1.3944288579963597,,0.0004160933519975327,0.2999118999999837,0.048091999999996915,0.3480109000000198,ok,same_stridge_core,Hx;D_x^1.786312 H;H*Hxx,0.015,0.8965695018754243
0.7365233009641605,1.7745888983381986,0.1278488554385782,-1.0865343839541592,0;0;-1.08653438395;0.127848855439;0;0;0;0.0476561298386;0;0;0;0,54953.16415651035,0.005,442,3e-06,1.42535723260714,,0.00044982299808897454,0.9785547999999835,0.039551700000004075,1.0181115000000318,ok,same_stridge_core,Hx;D_x^1.774589 H;H*Hxx,0.015,0.9307787551985468
0.7457889642705474,1.2833605385569669,0.1830062778885938,-1.226339280051425,0;0;-1.22633928005;0.183006277889;-1.88264357999;0;0;0;0.123501895949;0;0;0,53241.061027410164,0.005,443,3e-06,1.7489549622435507,,0.0006320793217917946,0.5849884000000429,0.03272290000001021,0.6177185999999892,ok,same_stridge_core,Hx;D_x^1.283361 H;Hxxx;H*Hxxx,0.019446537589609403,1.1100622299146288
0.7393392035835933,1.2846147372944352,0.0,-1.0666240557192344,0;0;-1.06662405572;0;0;0;0;0.0727640372064;0;0;0;0,53239.23450351551,0.005,444,3e-06,1.258014652510544,,0.0004534273044149413,0.971863600000006,0.04729399999996531,1.019162700000038,ok,same_stridge_core,Hx;H*Hxx,0.030192448292448295,0.938579245489451
0.7225195322979231,1.466435618920626,0.22710013258349082,-1.2021297589143989,0;0;-1.20212975891;0.227100132583;0;0;0;0;0;0;0;0,52982.63794804109,0.005,445,3e-06,1.2998953876481805,,0.0005100062884681476,0.9687620000000265,0.042056099999967955,1.0108244999999556,ok,same_stridge_core,Hx;D_x^1.466436 H,0.030000000000000002,0.9819995599599339
0.7429125886329191,1.2097452617293591,0.0,-1.056752385945624,0;0;-1.05675238595;0;0;0;0;0.0742071721447;0;0;0;0,53344.84431691956,0.005,446,3e-06,1.2507245733180983,,0.000444577900398104,1.0069790999999668,0.03763480000003483,1.0446219000000383,ok,same_stridge_core,Hx;H*Hxx,0.02,0.9306555074165809
0.7355515743893082,1.7538550233331733,0.0,-1.0771595436816603,0;0;-1.07715954368;0;0;0;0;0.0712121337632;0;0;0;0,54415.853612895786,0.005,447,3e-06,1.278202485407082,,0.0004674334317319124,0.5634703000000059,0.04351260000004231,0.6069893000000093,ok,same_stridge_core,Hx;H*Hxx,0.04985812203669345,0.9517073637297073
0.7461698794462577,1.3601445899658593,0.20904772707119676,-1.2025671488324083,0;0;-1.20256714883;0.209047727071;-1.57867222055;0;0;0;0.117987538926;0;0;0,53127.511122911004,0.005,448,3e-06,1.6631071954858268,,0.0005414762723436132,1.0016967999999906,0.03515190000001667,1.0368543999999815,ok,same_stridge_core,Hx;D_x^1.360145 H;Hxxx;H*Hxxx,0.02,1.0255770620108948
0.7496567190700639,1.3318060826742109,0.20269737854962364,-1.2052772631097046,0;0;-1.20527726311;0.20269737855;-1.82790959317;0;0;0;0.138335582043;0;0;0,53169.626740919986,0.005,449,3e-06,1.7186671604944483,,0.0006011695162699805,0.9492905999999834,0.03395120000004681,0.9832468999999833,ok,same_stridge_core,Hx;D_x^1.331806 H;Hxxx;H*Hxxx,0.019493693698802064,1.0806316396034084
0.7445373228192644,1.2844233805648808,0.0,-1.0522856829602436,0;0;-1.05228568296;0;0;0;0;0.074856631998;0;0;0;0,53239.51333774528,0.005,450,3e-06,1.2479030056471248,,0.0004419058151816303,0.935553700000014,0.037364900000000034,0.9729267000000164,ok,same_stridge_core,Hx;H*Hxx,0.02,0.928465925620653
0.746098770762776,1.21952286102622,0.035579863516697285,-1.0465624891120198,0.0205605356683;0;-1.04656248911;0.0355798635167;0.624998337087;0;0;0.0823578892352;-0.0372731333171;0;0;0,53331.497714959325,0.005,451,3e-06,1.778776285605061,,0.00034773597397554817,0.9394730000000209,0.045102200000030734,0.9845854000000145,ok,same_stridge_core,1;Hx;D_x^1.219523 H;Hxxx;H*Hxx;H*Hxxx,0.01,0.8188093267357931
0.7414930595128199,1.2701973071890844,0.0,-1.0606660432340769,0;0;-1.06066604323;0;0;0;0;0.0736363128212;0;0;0;0,53260.129374766984,0.005,452,3e-06,1.2528492756212233,,0.0004475979590449093,0.5661485999999627,0.0481401000000119,0.6142968999999994,ok,same_stridge_core,Hx;H*Hxx,0.022931818181818192,0.9332884993726214
0.7408386103237452,1.228487720153581,0.05295239266437038,-1.0815550555643436,0.0186413467415;0;-1.08155505556;0.0529523926644;0.263889904261;0;0;0.0720519472291;0;0;0;0,53319.13343421511,0.005,453,3e-06,1.628767508485717,,0.0003582753039784391,0.9615697000000409,0.039018800000008014,1.0005970000000275,ok,same_stridge_core,1;Hx;D_x^1.228488 H;Hxxx;H*Hxx,0.01,0.8289805069724903
0.7364689150965628,1.2849789210134692,0.0,-1.0746010955266636,0;0;-1.07460109553;0;0;0;0;0.0715901055346;0;0;0;0,53238.70397469135,0.005,454,3e-06,1.2675108988213888,,0.00046359296443001206,0.30288949999999204,0.037857000000030894,0.34075749999999516,ok,same_stridge_core,Hx;H*Hxx,0.030000000000000002,0.9480786749732407
0.7399053562932876,1.346560644633722,0.06740376037780936,-1.1186068091756094,0;0;-1.11860680918;0.0674037603778;-0.34599593624;0;0;0.0480621012552;0;0;0;0,53147.68131188853,0.005,455,3e-06,1.5462509042563681,,0.00042165307328806905,1.0321010000000115,0.04629860000000008,1.0784104000000525,ok,same_stridge_core,Hx;D_x^1.346561 H;Hxxx;H*Hxx,0.015,0.9084787285137058
0.7489051066455333,1.3103048835754423,0.19464908271406536,-1.2131140315723454,0;0;-1.21311403157;0.194649082714;-1.89026052904;0;0;0;0.136726706816;0;0;0,53201.5160922382,0.005,456,3e-06,1.7394100203495744,,0.0006233110397242977,0.9958292999999685,0.03129559999996445,1.027133900000024,ok,same_stridge_core,Hx;D_x^1.310305 H;Hxxx;H*Hxxx,0.02,1.100991827242716
0.7448652072945005,1.2279016786031347,0.039736315395415944,-1.0538044669909095,0.0202823776052;0;-1.05380446699;0.0397363153954;0.606876791425;0;0;0.080009403988;-0.0383024847171;0;0;0,53319.94529602482,0.005,457,3e-06,1.7800696844720216,,0.0003491553130946275,0.3244202999999857,0.03716619999994464,0.3615937999999801,ok,same_stridge_core,1;Hx;D_x^1.227902 H;Hxxx;H*Hxx;H*Hxxx,0.014090909090909086,0.8203106691435748
0.742222063136109,1.5317753227394306,0.273882328153779,-1.1433686524005664,0;0;-1.1433686524;0.273882328154;0;0;0;0;0;0;0;0,52932.26912747054,0.005,458,3e-06,1.2881900162670306,,0.000488794924426319,0.9940890000000309,0.031484599999998863,1.0255822999999964,ok,same_stridge_core,Hx;D_x^1.531775 H,0.05976923076923079,0.9705964015022072
0.7413236887650856,1.2407759443371318,0.0,-1.0611336952214856,0;0;-1.06113369522;0;0;0;0;0.0735679855723;0;0;0;0,53301.99492164051,0.005,459,3e-06,1.25345967089295,,0.0004480015608926591,0.3073574000000008,0.034018600000024435,0.34138419999999314,ok,same_stridge_core,Hx;H*Hxx,0.02,0.933647701363107
0.75063659334878,1.2025877734200088,0.15912245149568016,-1.2400740353973805,0;0;-1.2400740354;0.159122451496;-2.3052963967;0;0;0;0.132508094444;0;0;0,53354.520802243576,0.005,460,3e-06,1.9311436825879245,,0.0008528734851348109,0.3641632999999729,0.031076999999982036,0.39524549999998726,ok,same_stridge_core,Hx;D_x^1.202588 H;Hxxx;H*Hxxx,0.02,1.2908894329610014
0.7417079779015177,1.8045792586306377,0.0,-1.0600728469698302,0;0;-1.06007284697;0;0;0;0;0.0737229454284;0;0;0;0,55980.975651975925,0.005,461,3e-06,1.2687321852457532,,0.00044709925639320437,0.8855950999999891,0.041459099999997306,0.927063099999998,ok,same_stridge_core,Hx;H*Hxx,0.025,0.9328463313338976
0.7373256293059027,1.3428100921484105,0.07541948879388284,-1.131806509686633,0;0;-1.13180650969;0.0754194887939;-0.369871711475;0;0;0.0441410852198;0;0;0;0,53153.259323300874,0.005,462,3e-06,1.5468625959337028,,0.0004226640033479979,0.919595299999969,0.036172899999996844,0.9557781999999975,ok,same_stridge_core,Hx;D_x^1.34281 H;Hxxx;H*Hxx,0.015,0.9090234840540923
0.7458933478613212,1.307646563573126,0.19116519920646605,-1.2190188656274623,0;0;-1.21901886563;0.191165199206;-1.79221110022;0;0;0;0.123278819613;0;0;0,53205.44278383849,0.005,463,3e-06,1.7181373654970982,,0.0005987293514974042,0.9360036000000491,0.04541940000001432,0.9814286999999808,ok,same_stridge_core,Hx;D_x^1.307647 H;Hxxx;H*Hxxx,0.02,1.0796720520910363
0.7489727216456237,1.2745853162900085,0.18253920366078694,-1.2235492068033138,0;0;-1.2235492068;0.182539203661;-2.02953965852;0;0;0;0.13728083011;0;0;0,53253.79405482775,0.005,464,3e-06,1.7902371484243038,,0.000680270584679669,0.3256159000000025,0.03467440000002853,0.360297399999979,ok,same_stridge_core,Hx;D_x^1.274585 H;Hxxx;H*Hxxx,0.02,1.151191619766371
0.7550331209179584,1.2846710763490718,0.0270522790177992,-1.0077798104341964,0.0210914404024;0;-1.00777981043;0.0270522790178;-0.0981109480741;0;0;0.0897599146827;0.232748049386;0;0;-0.0211096017689,53239.15258402973,0.005,465,3e-06,1.92133151531998,,0.00033467300559812826,0.3616170999999895,0.04680689999997867,0.4084333000000129,ok,same_stridge_core,1;Hx;D_x^1.284671 H;Hxxx;H*Hxx;H*Hxxx;H^2*Hxxx,0.009885114885114878,0.8033093110553554
0.7459735879531164,1.2785736525461562,0.18156343730970298,-1.2274123948527107,0;0;-1.22741239485;0.18156343731;-1.90706351487;0;0;0;0.124262460162;0;0;0,53248.016897636655,0.005,466,3e-06,1.7572143012733707,,0.0006412971525103282,0.9296084000000064,0.031674199999997654,0.9612890999999877,ok,same_stridge_core,Hx;D_x^1.278574 H;Hxxx;H*Hxxx,0.019446523456592993,1.1182380985017308
0.7434758818442749,1.2978173157539943,0.0,-1.0552022579294869,0;0;-1.05520225793;0;0;0;0;0.0744328083544;0;0;0;0,53219.91814250549,0.005,467,3e-06,1.249116657003752,,0.0004435573274972828,0.9672309000000041,0.03514410000002499,1.0023827000000551,ok,same_stridge_core,Hx;H*Hxx,0.02,0.9297971481487189
0.747641515615827,1.305392602621219,0.0508933432845612,-1.0453928001392423,0.0207948357603;0;-1.04539280014;0.0508933432846;0.583238365156;0;0;0.079187419273;-0.0271231790895;0;0;0,53208.768278084906,0.005,468,3e-06,1.7685798417527365,,0.00034198904311875836,0.9518898999999692,0.04714699999999539,0.9990457999999762,ok,same_stridge_core,1;Hx;D_x^1.305393 H;Hxxx;H*Hxx;H*Hxxx,0.01,0.8108220127472082
0.7425848536727266,1.3041365948980723,0.0,-1.0576550393263768,0;0;-1.05765503933;0;0;0;0;0.074075654468;0;0;0;0,53210.61990488009,0.005,469,3e-06,1.2504672872405591,,0.00044521793229295315,0.5709059999999795,0.04327970000002779,0.614190600000029,ok,same_stridge_core,Hx;H*Hxx,0.021915967365967362,0.9312035678112786
0.7309404881165105,1.5630337947039266,0.15443703581988122,-1.1401661161488648,0;0;-1.14016611615;0.15443703582;0.0941952671377;0;0;0.027510273249;-0.0468620421587;0;0;0,52933.96100710062,0.005,470,3e-06,1.7210305669348984,,0.0004434046771498116,0.9678359000000114,0.03856109999998125,1.0064029999999775,ok,same_stridge_core,Hx;D_x^1.563034 H;Hxxx;H*Hxx;H*Hxxx,0.015,0.9270211518283893
0.7409702295057675,1.276974149367514,0.0,-1.0621101060842193,0;0;-1.06211010608;0;0;0;0;0.0734252545158;0;0;0;0,53250.33583680862,0.005,471,3e-06,1.2539306672941972,,0.000448873788781638,0.5541732000000366,0.03839250000004313,0.5925715000000196,ok,same_stridge_core,Hx;H*Hxx,0.022409623709623714,0.9344286522733455
0.7464954522379351,1.323837827415438,0.19711301674863096,-1.21312444205707,0;0;-1.21312444206;0.197113016749;-1.74768781737;0;0;0;0.124720235709;0;0;0,53181.466190725485,0.005,472,3e-06,1.7034517094197603,,0.0005834241811721446,0.9626324999999838,0.031858699999986584,0.9944963000000371,ok,same_stridge_core,Hx;D_x^1.323838 H;Hxxx;H*Hxxx,0.019442772699107994,1.0652741151310545
0.7434931090469539,1.2213473583526835,0.0,-1.0551548747166208,0;0;-1.05515487472;0;0;0;0;0.0744397013844;0;0;0;0,53328.99115240112,0.005,473,3e-06,1.249746559962771,,0.00044352770477682873,0.9335695999999984,0.03552740000003496,0.9691050999999788,ok,same_stridge_core,Hx;H*Hxx,0.02,0.9297726130483643
0.7445918547600162,1.273865692569569,0.05509864054365927,-1.0641862758665324,0.0195892625008;0;-1.06418627587;0.0550986405437;0.338887009414;0;0;0.0748708863988;0;0;0;0,53254.83439918305,0.005,474,3e-06,1.6166749381009775,,0.00034888663120512156,0.9817365000000109,0.04566820000002281,1.0274162000000047,ok,same_stridge_core,1;Hx;D_x^1.273866 H;Hxxx;H*Hxx,0.015,0.8178524221132316
0.744577829773589,1.2989109946322872,0.0,-1.0521744939094901,0;0;-1.05217449391;0;0;0;0;0.0748727713303;0;0;0;0,53218.31111356361,0.005,475,3e-06,1.2477323706928054,,0.00044184981227875686,0.5791222999999945,0.04521599999998216,0.6243440999999734,ok,same_stridge_core,Hx;H*Hxx,0.02,0.9284225040114238
0.7429125886329191,1.25065327743978,0.0,-1.0567523859456227,0;0;-1.05675238595;0;0;0;0;0.0742071721447;0;0;0;0,53288.06546911652,0.005,476,3e-06,1.25038390023128,,0.000444577900398104,0.5960486000000174,0.04275970000003326,0.6388155999999867,ok,same_stridge_core,Hx;H*Hxx,0.02,0.930655507416581
0.7453669663698408,1.2471433087647263,0.0426972329559268,-1.0527812483182062,0.02037939556;0;-1.05278124832;0.0426972329559;0.597930182942;0;0;0.0795506481097;-0.0356534407126;0;0;0,53293.03042754688,0.005,477,3e-06,1.7774157703412627,,0.0003475364501260607,0.994439400000033,0.042654400000003534,1.0371028000000138,ok,same_stridge_core,1;Hx;D_x^1.247143 H;Hxxx;H*Hxx;H*Hxxx,0.01655844155844155,0.8181412226454189
0.7460294622970494,1.2977775569596703,0.18799337534290517,-1.221717067594251,0;0;-1.22171706759;0.187993375343;-1.83626294285;0;0;0;0.124364563078;0;0;0,53219.97653986887,0.005,478,3e-06,1.7317329344473338,,0.000613426167287689,0.9931699999999637,0.03513930000002574,1.0283148000000324,ok,same_stridge_core,Hx;D_x^1.297778 H;Hxxx;H*Hxxx,0.03432677132840532,1.0930932159689073
0.7457084306365478,1.322088079342584,0.1958171204852274,-1.2149996694037188,0;0;-1.2149996694;0.195817120485;-1.72641756962;0;0;0;0.121278897745;0;0;0,53184.063403313776,0.005,479,3e-06,1.6995210825630451,,0.0005789086356460102,0.9500487999999905,0.04566729999999097,0.9957282000000305,ok,same_stridge_core,Hx;D_x^1.322088 H;Hxxx;H*Hxxx,0.034336447684486925,1.0613123217232798
0.7445373228192644,1.3224995382343405,0.0,-1.0577983728284397,0;0;-1.05779837283;0;-0.120817000606;0;0;0.0736431987539;0;0;0;0,53183.45279721449,0.005,480,3e-06,1.4038618289652391,,0.0004386216617777605,0.5627603000000363,0.04640190000003486,0.6091782999999964,ok,same_stridge_core,Hx;Hxxx;H*Hxx,0.02,0.9252107537903086
0.7446212314363583,1.2795483655364759,0.05647988091292058,-1.0644322773385724,0.019590158023;0;-1.06443227734;0.0564798809129;0.339621411489;0;0;0.0745029567274;0;0;0;0,53246.602537430095,0.005,481,3e-06,1.6160753533480117,,0.0003485478355758552,0.982731699999988,0.04467319999997699,1.0274143000000322,ok,same_stridge_core,1;Hx;D_x^1.279548 H;Hxxx;H*Hxx,0.015,0.8173763152865602
0.7414930595128199,1.3241863686907855,0.0,-1.0606660432340769,0;0;-1.06066604323;0;0;0;0;0.0736363128212;0;0;0;0,53180.94874740657,0.005,482,3e-06,1.2523741918570606,,0.0004475979590449093,0.580840999999964,0.04409519999995837,0.6249462000000108,ok,same_stridge_core,Hx;H*Hxx,0.024638306054160505,0.9332884993726213
0.7446212314363583,1.2795483655364759,0.05647988091292058,-1.0644322773385724,0.019590158023;0;-1.06443227734;0.0564798809129;0.339621411489;0;0;0.0745029567274;0;0;0;0,53246.602537430095,0.005,483,3e-06,1.6160753533480117,,0.0003485478355758552,0.0026799999999980173,0.04389299999996865,0.0465823000000114,ok,same_stridge_core,1;Hx;D_x^1.279548 H;Hxxx;H*Hxx,0.015,0.8173763152865602
0.7487917444556134,1.6536098540543396,0.1459885938934688,-1.0677609616072934,0;0;-1.06776096161;0.145988593893;0;0;0;0.0437395395977;0;0;0;0,53157.853218465476,0.005,484,3e-06,1.3758348732481154,,0.000414871143765766,0.9679024999999797,0.04113929999999755,1.0090487999999596,ok,same_stridge_core,Hx;D_x^1.65361 H;H*Hxx,0.030000000000000002,0.8974141942819261
0.7433516982902463,1.2977368063339845,0.0,-1.0555438585990444,0;0;-1.0555438586;0;0;0;0;0.0743831071186;0;0;0;0,53220.036392455724,0.005,485,3e-06,1.2492976640862543,,0.00044377379011387624,0.929243299999996,0.04634590000000571,0.9755962000000409,ok,same_stridge_core,Hx;H*Hxx,0.02,0.92997744573152
0.743945197762562,1.279407326177687,0.0,-1.0539119804375001,0;0;-1.05391198044;0;0;0;0;0.0746204205308;0;0;0;0,53246.807304147515,0.005,486,3e-06,1.2486435806244016,,0.00044278367575749535,0.5627728000000047,0.0400768999999741,0.6028552999999874,ok,same_stridge_core,Hx;H*Hxx,0.02,0.9291627367995166
0.7385305789605161,1.2853632164744206,0.0,-1.068867058002756,0;0;-1.068867058;0;0;0;0;0.0724346496776;0;0;0;0,53238.14383006487,0.005,487,3e-06,1.2604004049975346,,0.0004560107533901994,0.5556659000000082,0.04328739999999698,0.5989634000000024,ok,same_stridge_core,Hx;H*Hxx,0.029369670781202062,0.9409715420171453
0.7434998148370526,1.6294219936671208,0.1409663243255291,-1.0843529547178303,0;0;-1.08435295472;0.140966324326;0;0;0;0.0417005530768;0;0;0;0,53051.115209163036,0.005,488,3e-06,1.3780104475484234,,0.00041915164765780763,0.9991251000000148,0.0386346999999887,1.0377670000000307,ok,same_stridge_core,Hx;D_x^1.629422 H;H*Hxx,0.015,0.900550410665956
0.7499031662580853,1.3096410007667918,0.19527406372724637,-1.211623551140421,0;0;-1.21162355114;0.195274063727;-1.92869773431;0;0;0;0.141235067577;0;0;0,53202.49722634468,0.005,489,3e-06,1.7487656476474476,,0.000634136626223847,0.9679891999999768,0.03423850000001494,1.002233600000011,ok,same_stridge_core,Hx;D_x^1.309641 H;Hxxx;H*Hxxx,0.02092776498193165,1.1103356809313114
0.7427568667678548,1.7549846245962002,0.0,-1.0571812095076014,0;0;-1.05718120951;0;0;0;0;0.0741447044518;0;0;0;0,54441.841253827835,0.005,490,3e-06,1.257562422802246,,0.00044487776531024344,0.5496562000000154,0.039851399999975,0.5895147999999608,ok,same_stridge_core,Hx;H*Hxx,0.015,0.9309113752792789
0.7506480852226491,1.3981889894100572,0.21691503666421846,-1.178543520760717,0;0;-1.17854352076;0.216915036664;-0.826542931891;0;0;0;0;0;0;0,53071.899821891624,0.005,491,3e-06,1.5295073510702313,,0.0005610054273384567,0.9458671000000436,0.03346080000000029,0.9793379000000186,ok,same_stridge_core,Hx;D_x^1.398189 H;Hxxx,0.03935955618455617,1.0518602526732066
0.7417887190863819,1.2901627629924026,0.0,-1.0598500565937088,0;0;-1.05985005659;0;0;0;0;0.0737554725872;0;0;0;0,53231.13682043084,0.005,492,3e-06,1.2520712565470746,,0.00044691572926148257,0.3035242999999923,0.03920520000002625,0.3427366000000234,ok,same_stridge_core,Hx;H*Hxx,0.027100000000000006,0.9326844356244895
0.7423287264772457,1.179836484374301,0.0,-1.0583608482838542,0;0;-1.05836084828;0;0;0;0;0.0739727580624;0;0;0;0,53384.73794486309,0.005,493,3e-06,1.251965132773578,,0.00044574196658412783,0.9802475000000186,0.03679800000003297,1.0170540999999957,ok,same_stridge_core,Hx;H*Hxx,0.02,0.9316567051043994
0.7446533873527644,1.2813264680038716,0.05685620552093677,-1.0643801610707766,0.01959609032;0;-1.06438016107;0.0568562055209;0.340307589956;0;0;0.0744256502631;0;0;0;0,53244.01972775199,0.005,494,3e-06,1.615848520837449,,0.00034840583426400617,0.9542316999999798,0.03799060000000054,0.9922348000000056,ok,same_stridge_core,1;Hx;D_x^1.281326 H;Hxxx;H*Hxx,0.015,0.8171882249211692
0.745402544121884,1.305205738837689,0.18993239928049788,-1.2205776968758257,0;0;-1.22057769688;0.18993239928;-1.78413857899;0;0;0;0.12119310221;0;0;0,53209.04386073077,0.005,495,3e-06,1.717256072294744,,0.0005975370564659011,0.9522544999999809,0.03230660000002672,0.9845718000000261,ok,same_stridge_core,Hx;D_x^1.305206 H;Hxxx;H*Hxxx,0.03930357142857143,1.0787475459659748
0.7397646813595634,1.2983101809213986,0.0,-1.0654451959035784,0;0;-1.0654451959;0;0;0;0;0.072936932388;0;0;0;0,53219.19399660442,0.005,496,3e-06,1.2567247080687778,,0.0004521550181250862,0.9662440999999831,0.03657650000002377,1.0028295999999841,ok,same_stridge_core,Hx;H*Hxx,0.030000000000000002,0.9374095440891512
0.744803932933955,1.279407326177687,0.18092025143559526,-1.2291319039897304,0;0;-1.22913190399;0.180920251436;-1.86152329561;0;0;0;0.119089592554;0;0;0,53246.807304147515,0.005,497,3e-06,1.7459257664799734,,0.0006281997633898491,0.298394299999984,0.032680900000002566,0.33108350000003384,ok,same_stridge_core,Hx;D_x^1.279407 H;Hxxx;H*Hxxx,0.034486738751444625,1.1069640788302033
0.745275475573262,1.2867813615400876,0.18372741201248796,-1.2262087804328634,0;0;-1.22620878043;0.183727412012;-1.85114240508;0;0;0;0.121209513363;0;0;0,53236.07588730762,0.005,498,3e-06,1.739939657103721,,0.0006219280023088942,0.9300067000000354,0.0352800000000002,0.9652955000000247,ok,same_stridge_core,Hx;D_x^1.286781 H;Hxxx;H*Hxxx,0.02,1.1011067464560296
0.7437195799968788,1.2750193892436759,0.0,-1.0545321227700473,0;0;-1.05453212277;0;0;0;0;0.0745302732984;0;0;0;0,53253.16606097082,0.005,499,3e-06,1.2489775779554697,,0.00044314689030449067,0.9203868999999827,0.03457489999999552,0.9549671999999987,ok,same_stridge_core,Hx;H*Hxx,0.02,0.9294585815896449
0.7428638930152247,1.2907115594945915,0.0,-1.0568864687265922,0;0;-1.05688646873;0;0;0;0;0.0741876402064;0;0;0;0,53230.33430141019,0.005,500,3e-06,1.2501167425646964,,0.0004446708817602504,0.5515593000000081,0.03886589999996204,0.5904335000000174,ok,same_stridge_core,Hx;H*Hxx,0.020500000000000004,0.9307347367562353
0.7434254918974692,1.314159245004053,0.0,-1.0553408573150047,0;0;-1.05534085732;0;0;0;0;0.0744126453265;0;0;0;0,53195.81532152007,0.005,501,3e-06,1.249044769805296,,0.0004436446427031877,0.9188164000000256,0.045316400000047,0.9641392999999994,ok,same_stridge_core,Hx;H*Hxx,0.02,0.9298698778761756
0.7434392212316494,1.6254598683444204,0.13971751121861536,-1.0847705601093125,0;0;-1.08477056011;0.139717511219;0;0;0;0.0417919613124;0;0;0;0,53037.76568885706,0.005,502,3e-06,1.3780798721899836,,0.0004192986054624788,0.308238700000004,0.042361499999969965,0.35060879999997496,ok,same_stridge_core,Hx;D_x^1.62546 H;H*Hxx,0.015,0.9007399809902701
0.7442438692308314,1.6382011802490337,0.14305143252815486,-1.081600129292001,0;0;-1.08160012929;0.143051432528;0;0;0;0.0419088544716;0;0;0;0,53084.573853305556,0.005,503,3e-06,1.3773014206340606,,0.0004180795237545131,0.9466026000000056,0.04539700000003677,0.9920053999999823,ok,same_stridge_core,Hx;D_x^1.638201 H;H*Hxx,0.015,0.8995402559543105
0.7444285213442654,1.2904413625491902,0.0,-1.0525843747720889,0;0;-1.05258437477;0;0;0;0;0.0748132713468;0;0;0;0,53230.7294150627,0.005,504,3e-06,1.2479695879330897,,0.0004420588262113189,0.9628589999999804,0.03691899999995485,0.9997865000000274,ok,same_stridge_core,Hx;H*Hxx,0.02,0.9285852114427134
0.74304287650954,1.3209053179076398,0.0,-1.0563937030874038,0;0;-1.05639370309;0;0;0;0;0.0742594048755;0;0;0;0,53185.81829056438,0.005,505,3e-06,1.2495626450986586,,0.0004443329215727556,0.940235199999961,0.03931999999997515,0.9795631000000071,ok,same_stridge_core,Hx;H*Hxx,0.020432698174841044,0.9304477353552724
0.7432082507853857,1.2207862954576663,0.0,-1.0559385488307507,0;0;-1.05593854883;0;0;0;0;0.0743256665575;0;0;0;0,53329.7624345644,0.005,506,3e-06,1.2501705553998574,,0.00044402973949588643,0.928990199999987,0.04128019999996013,0.9702753999999914,ok,same_stridge_core,Hx;H*Hxx,0.02,0.930191980792471
0.7445739674645873,1.3043507196488657,0.0,-1.0521850956703689,0;0;-1.05218509567;0;0;0;0;0.0748712325345;0;0;0;0,53210.30435092952,0.005,507,3e-06,1.2476884855182155,,0.00044185513270831347,0.9923976999999695,0.03823749999997972,1.0306404000000384,ok,same_stridge_core,Hx;H*Hxx,0.02,0.9284266594126385
0.7458933997497378,1.293744016135385,0.18653866702272162,-1.2231342929592737,0;0;-1.22313429296;0.186538667023;-1.84699249278;0;0;0;0.123869818665;0;0;0,53225.89450030645,0.005,508,3e-06,1.7358736517686681,,0.0006178434219867568,0.9824148999999807,0.03646040000000994,1.018904099999986,ok,same_stridge_core,Hx;D_x^1.293744 H;Hxxx;H*Hxxx,0.019447963999637167,1.0971629177649909
0.7480392328434385,1.2974430111831443,0.04791682934054371,-1.042705255899843,0.0209119176947;0;-1.0427052559;0.0479168293405;0.590872361666;0;0;0.0803901226174;-0.0271735492933;0;0;0,53220.46782533893,0.005,509,3e-06,1.768782878856197,,0.0003418432886380064,0.9834900999999832,0.04780169999997952,1.0312968999999725,ok,same_stridge_core,1;Hx;D_x^1.297443 H;Hxxx;H*Hxx;H*Hxxx,0.01,0.8108144580000962
0.7426647869156924,1.2910841796097525,0.0,-1.057434832404944,0;0;-1.0574348324;0;0;0;0;0.074107748106;0;0;0;0,53229.78909947034,0.005,510,3e-06,1.2504452895438245,,0.0004450586105112404,0.9663024999999834,0.03867139999999836,1.004979800000001,ok,same_stridge_core,Hx;H*Hxx,0.02,0.9310665549470025
0.7450576943612399,1.2795258020962352,0.18115928378003476,-1.228672535452595,0;0;-1.22867253545;0.18115928378;-1.87031837224;0;0;0;0.120218948055;0;0;0,53246.635304990086,0.005,511,3e-06,1.7479372575590895,,0.000630547648036641,1.0010017000000175,0.04104730000000245,1.0420608000000016,ok,same_stridge_core,Hx;D_x^1.279526 H;Hxxx;H*Hxxx,0.02,1.1089776338992083
0.7414930595128199,1.3210975279519428,0.0,-1.0606660432340769,0;0;-1.06066604323;0;0;0;0;0.0736363128212;0;0;0;0,53185.53316636031,0.005,512,3e-06,1.252401698370783,,0.0004475979590449093,0.6036076000000321,0.045259600000008504,0.648876400000006,ok,same_stridge_core,Hx;H*Hxx,0.02463828292613218,0.9332884993726213
0.7427693952921087,1.3250954278208167,0.07464348963261554,-1.0775821212440302,0.0189498382468;0;-1.07758212124;0.0746434896326;0.308854392474;0;0;0.0677278196568;0;0;0;0,53179.59889879032,0.005,513,3e-06,1.6154516776986099,,0.0003497256316018914,0.9968068000000017,0.04086979999999585,1.0376858999999854,ok,same_stridge_core,1;Hx;D_x^1.325095 H;Hxxx;H*Hxx,0.01,0.8177576942167551
0.7447856610532254,1.2613642347685268,0.17497707843012525,-1.2342775848473724,0;0;-1.23427758485;0.17497707843;-1.92523255622;0;0;0;0.118325064724;0;0;0,53272.81431670118,0.005,514,3e-06,1.7714030971038912,,0.0006563920368518537,1.0215220000000045,0.032250599999997576,1.0537778000000344,ok,same_stridge_core,Hx;D_x^1.261364 H;Hxxx;H*Hxxx,0.02000576275576276,1.132129325303477
0.7447427898967793,1.3097286861434794,0.0,-1.0572741150094949,0;0;-1.05727411501;0;-0.121685918974;0;0;0.0737163055701;0;0;0;0,53202.367514347934,0.005,515,3e-06,1.4037502270174183,,0.0004382951488776312,0.9789213000000245,0.04941289999999299,1.0283421000000317,ok,same_stridge_core,Hx;Hxxx;H*Hxx,0.02,0.9249289193882868
0.7477639005691069,1.2979918623891427,0.04874653372106853,-1.0441954641998201,0.0208447183176;0;-1.0441954642;0.0487465337211;0.588179276391;0;0;0.0799067493886;-0.0275350407792;0;0;0,53219.66176884423,0.005,516,3e-06,1.7690969987946115,,0.0003421483578984226,0.9547464000000332,0.04441950000000361,0.9991710999999555,ok,same_stridge_core,1;Hx;D_x^1.297992 H;Hxxx;H*Hxx;H*Hxxx,0.01,0.8111430869554154
0.7545133825760274,1.2853632164744206,0.19052923506271222,-1.2111539248259338,0;0;-1.21115392483;0.190529235063;-2.18626472307;0;0;0;0.161628239306;0;0;0,53238.14383006487,0.005,517,3e-06,1.8267509083287234,,0.0007262883548911805,0.3007473000000118,0.033987000000024636,0.3347421999999938,ok,same_stridge_core,Hx;D_x^1.285363 H;Hxxx;H*Hxxx,0.02,1.187893182367945
0.7461990140908487,1.0835676911948382,0.01711638016474728,-1.0355295385416492,0.0204187728108;0;-1.03552953854;0.0171163801647;0.727194800191;0;0;0.0884552015637;-0.0495792506554;0;0;0,53503.15359006537,0.005,518,3e-06,1.7891913512537116,,0.00035292097219033193,0.954904699999986,0.044812400000012076,0.999723299999971,ok,same_stridge_core,1;Hx;D_x^1.083568 H;Hxxx;H*Hxx;H*Hxxx,0.01,0.8261345866325349
0.7435181274840652,1.2407759443371318,0.0,-1.0550860656696595,0;0;-1.05508606567;0;0;0;0;0.0744497129222;0;0;0;0,53301.99492164051,0.005,519,3e-06,1.2495489520072953,,0.0004434848655285516,0.2941731999999888,0.04447770000001583,0.3386618000000112,ok,same_stridge_core,Hx;H*Hxx,0.02,0.9297369824774523
0.7455474145824504,1.3011148345896884,0.18869831715856406,-1.2215453127905433,0;0;-1.22154531279;0.188698317159;-1.80564565845;0;0;0;0.12205752051;0;0;0,53215.06991975845,0.005,520,3e-06,1.723526236354783,,0.0006043239743933314,0.9689566000000127,0.030902900000000955,0.999864700000046,ok,same_stridge_core,Hx;D_x^1.301115 H;Hxxx;H*Hxxx,0.019440733559220665,1.0849453973176815
0.7451146541376299,1.8045792586306377,0.0,-1.0507017490223232,0;0;-1.05070174902;0;0;0;0;0.0750864032861;0;0;0;0,55980.975651975925,0.005,521,3e-06,1.2637836332473928,,0.0004411549872786433,0.3016574000000105,0.0349245000000451,0.336586699999998,ok,same_stridge_core,Hx;H*Hxx,0.035,0.9278977793355373
0.7447126657563543,1.307048199411976,0.0,-1.0518044388595946,0;0;-1.05180443886;0;0;0;0;0.0749264727498;0;0;0;0,53206.325890553686,0.005,522,3e-06,1.2475198572535713,,0.00044166687255191094,0.9617476000000238,0.039673499999992146,1.001427499999977,ok,same_stridge_core,Hx;H*Hxx,0.02,0.9282819019102493
0.7447696133889079,1.2619358900337494,0.1751528722629773,-1.2341445617063243,0;0;-1.23414456171;0.175152872263;-1.92268015497;0;0;0;0.118291387063;0;0;0,53271.99616552018,0.005,523,3e-06,1.770417578286368,,0.000655279450707367,0.988906400000019,0.03883690000003526,1.027749999999969,ok,same_stridge_core,Hx;D_x^1.261936 H;Hxxx;H*Hxxx,0.020927755981330055,1.131153624300126
0.7441889590539944,1.8787829565306167,0.0,-1.053242260601541,0;0;-1.0532422606;0;0;0;0;0.074717728093;0;0;0;0,59680.924382381156,0.005,524,3e-06,1.2869474477012675,,0.0004424089593828371,0.9817262999999912,0.04445909999998321,1.026192100000003,ok,same_stridge_core,Hx;H*Hxx,0.029435715784256085,0.9288619014069804
0.7440103278295016,1.3375964254692518,0.0,-1.0591439863695553,0;0;-1.05914398637;0;-0.118587804047;0;0;0.0734553872343;0;0;0;0,53161.01494604885,0.005,525,3e-06,1.404444006993496,,0.0004395177000187943,1.0146109000000365,0.037340900000003785,1.0519580000000133,ok,same_stridge_core,Hx;Hxxx;H*Hxx,0.02,0.9259948724790564
0.7454263714157402,1.2574351137806354,0.04483938792691578,-1.053329008502565,0.0203793631333;0;-1.0533290085;0.0448393879269;0.591495374781;0;0;0.0789629291069;-0.0345782508817;0;0;0,53278.42594950243,0.005,526,3e-06,1.7763467086595575,,0.0003469861635781378,0.3067775000000097,0.03850560000000769,0.34528810000000476,ok,same_stridge_core,1;Hx;D_x^1.257435 H;Hxxx;H*Hxx;H*Hxxx,0.01668831168831168,0.8173350415685136
0.7443674234152218,1.2926337586155976,0.0,-1.052752130622341,0;0;-1.05275213062;0;0;0;0;0.0747889139814;0;0;0;0,53227.52085690051,0.005,527,3e-06,1.2480191951498623,,0.00044214643765527035,0.9704525999999873,0.03402920000002041,1.0044869000000176,ok,same_stridge_core,Hx;H*Hxx,0.02,0.9286540700084592
0.7552733132607184,1.5165477623562245,0.2780727309271663,-1.1368603879309374,0;0;-1.13686038793;0.278072730927;-1.14540505037;0;0;0;0.112279716189;0;0;0,52938.82823442715,0.005,528,3e-06,1.6067025383345546,,0.00048753728692559685,0.9161184999999819,0.03172389999997449,0.9478490000000193,ok,same_stridge_core,Hx;D_x^1.516548 H;Hxxx;H*Hxxx,0.015,0.9714365995214288
0.7433612512763577,1.2750193892436759,0.0,-1.0555175771220924,0;0;-1.05551757712;0;0;0;0;0.0743869313897;0;0;0;0,53253.16606097082,0.005,529,3e-06,1.249482329800509,,0.0004437569382199853,0.3114403000000152,0.03877220000003945,0.3502183999999602,ok,same_stridge_core,Hx;H*Hxx,0.02,0.9299633334346841
0.7546193547943423,1.4984199406955605,0.2598267727634249,-1.1412330461621518,0;0;-1.14123304616;0.259826772763;-0.564258444814;0;0;0;0;0;0;0,52951.33460258154,0.005,530,3e-06,1.4793112762296639,,0.0005121359341907643,1.007418400000006,0.04157789999999295,1.0490027000000168,ok,same_stridge_core,Hx;D_x^1.49842 H;Hxxx,0.015,1.00274926480643
0.7451484867279332,1.3165288418014336,0.19346664785691944,-1.2176288951063645,0;0;-1.21762889511;0.193466647857;-1.72902292065;0;0;0;0.119221404005;0;0;0,53192.30642153254,0.005,531,3e-06,1.7017179760730334,,0.0005809489530238406,0.9818772000000422,0.03737910000000966,1.019262000000026,ok,same_stridge_core,Hx;D_x^1.316529 H;Hxxx;H*Hxxx,0.02,1.063410299014643
0.7595405068525503,1.3403879386057418,0.0,-1.0200607141476679,0;0;-1.02006071415;0;-0.183798909602;0;0;0.0788128584666;0;0;0;0,53156.86241999379,0.005,532,3e-06,1.4160080556265728,,0.00044638681940993303,0.5699245000000133,0.03679519999997183,0.6067285999999967,ok,same_stridge_core,Hx;Hxxx;H*Hxx,0.02,0.9375962938466287
0.7434931090469539,1.2981406552157086,0.0,-1.0551548747166217,0;0;-1.05515487472;0;0;0;0;0.0744397013844;0;0;0;0,53219.44303312615,0.005,533,3e-06,1.249089271247121,,0.00044352770477682873,0.5539736999999718,0.035334100000000035,0.5893156000000204,ok,same_stridge_core,Hx;H*Hxx,0.02,0.9297726130483642
0.7451109268382534,1.317876615051322,0.0,-1.0563353104259399,0;0;-1.05633531043;0;-0.123242078624;0;0;0.0738471329765;0;0;0;0,53190.30928025339,0.005,534,3e-06,1.4031698167090534,,0.00043774218709769256,0.9845464999999649,0.042467699999974684,1.0270219000000225,ok,same_stridge_core,Hx;Hxxx;H*Hxx,0.019493677527991263,0.9244570331867729
0.7447597511075943,1.2740910426606236,0.1791379117363139,-1.230728022860663,0;0;-1.23072802286;0.179137911736;-1.87934193248;0;0;0;0.118791002827;0;0;0,53254.50879859583,0.005,535,3e-06,1.7529029515882895,,0.0006358338242646722,1.0171121999999855,0.03521760000000995,1.0523397999999702,ok,same_stridge_core,Hx;D_x^1.274091 H;Hxxx;H*Hxxx,0.019447244636558194,1.1138488460051394
0.743479655848359,1.302153148594918,0.0,-1.055191876006353,0;0;-1.05519187601;0;0;0;0;0.0744343189172;0;0;0;0,53213.5415326555,0.005,536,3e-06,1.2490730175559501,,0.00044355084194408543,1.0308411999999976,0.036759100000040235,1.0676095000000032,ok,same_stridge_core,Hx;H*Hxx,0.02,0.9297917683600172
0.7473107718834071,1.2561620800625684,0.040290384315040596,-1.0432398887924852,0.0208130894906;0;-1.04323988879;0.040290384315;0.61013518298;0;0;0.0819762740324;-0.0319206644271;0;0;0,53280.23986869821,0.005,537,3e-06,1.7735884803247737,,0.0003445033546193712,0.9888145000000463,0.04893249999997806,1.0377549000000386,ok,same_stridge_core,1;Hx;D_x^1.256162 H;Hxxx;H*Hxx;H*Hxxx,0.01,0.8145441626882058
0.7453044927338212,1.3515754615016609,0.0,-1.0558419571578908,0;0;-1.05584195716;0;-0.124060103482;0;0;0.073915837351;0;0;0;0,53140.22730504501,0.005,538,3e-06,1.4024880031931182,,0.00043746788381774873,0.9681866999999897,0.043542999999999665,1.0117355999999518,ok,same_stridge_core,Hx;Hxxx;H*Hxx,0.02,0.9242259574477131
0.7354869563042998,1.0977378836617693,0.0,-1.077339923201022,0;0;-1.0773399232;0;0;0;0;0.0711854577883;0;0;0;0,53486.68812434436,0.005,539,3e-06,1.2728937776998148,,0.0004677149204233455,0.995915000000025,0.03819930000003069,1.0341219000000024,ok,same_stridge_core,Hx;H*Hxx,0.02,0.9519736489537487
0.7455726121626395,1.2865915382859054,0.05142303910534462,-1.0549044997900732,0.0203523836873;0;-1.05490449979;0.0514230391053;0.57500080566;0;0;0.0771698345446;-0.0317284777987;0;0;0,53236.35270451462,0.005,540,3e-06,1.7733593089404818,,0.0003454957657356154,0.9879905999999892,0.03989219999999705,1.027891000000011,ok,same_stridge_core,1;Hx;D_x^1.286592 H;Hxxx;H*Hxx;H*Hxxx,0.01,0.8151049602592187
0.7464455857798388,1.313691972278649,0.19366456636591145,-1.2162711255096836,0;0;-1.21627112551;0.193664566366;-1.78777859878;0;0;0;0.1253800161;0;0;0,53196.50680658574,0.005,541,3e-06,1.7151024477115833,,0.0005957668430246284,0.9295650000000251,0.03367979999995896,0.963253399999985,ok,same_stridge_core,Hx;D_x^1.313692 H;Hxxx;H*Hxxx,0.024929565370007647,1.0767443660325542
0.7414930595128199,1.301326932521935,0.0,-1.0606660432340769,0;0;-1.06066604323;0;0;0;0;0.0736363128212;0;0;0;0,53214.757797311875,0.005,542,3e-06,1.2525770461564927,,0.0004475979590449093,0.5302022999999849,0.03566590000002634,0.5658745000000067,ok,same_stridge_core,Hx;H*Hxx,0.025,0.9332884993726214
0.745543517459631,1.3570758658459328,0.0,-1.0552329928120667,0;0;-1.05523299281;0;-0.125069980546;0;0;0.074000601816;0;0;0;0,53132.06107606669,0.005,543,3e-06,1.4021454902284678,,0.00043714458757709943,0.9325529999999844,0.03567950000001474,0.9682372999999984,ok,same_stridge_core,Hx;Hxxx;H*Hxx,0.02,0.9239569405438676
0.7447495890226534,1.3941054243193967,0.0,-1.0572567682299647,0;0;-1.05725676823;0;-0.121714664449;0;0;0.0737187248622;0;0;0;0,53077.76371079016,0.005,544,3e-06,1.4026197858676774,,0.00043828457441336317,0.9369441999999708,0.03812429999999267,0.9750739000000408,ok,same_stridge_core,Hx;Hxxx;H*Hxx,0.025,0.9249199124705659
0.7433516982902463,1.2944430008447112,0.0,-1.0555438585990444,0;0;-1.0555438586;0;0;0;0;0.0743831071186;0;0;0;0,53224.86988308257,0.005,545,3e-06,1.2493266650300152,,0.00044377379011387635,0.5503925000000436,0.03303379999999834,0.5834305999999856,ok,same_stridge_core,Hx;H*Hxx,0.02,0.9299774457315199
0.7433639507036324,1.3005959767496997,0.0,-1.0555101525122224,0;0;-1.05551015251;0;0;0;0;0.0743880112824;0;0;0;0,53215.833322436105,0.005,546,3e-06,1.2492544022199672,,0.00044375221118351805,0.9480386999999837,0.04594370000000936,0.993989699999986,ok,same_stridge_core,Hx;H*Hxx,0.02,0.9299594022853506
0.7428990019999028,1.3066285410166572,0.0,-1.056789797184944,0;0;-1.05678979718;0;0;0;0;0.07420172121;0;0;0;0,53206.94516947444,0.005,547,3e-06,1.2499191946366388,,0.00044460376804276444,0.9515068000000042,0.041242300000021714,0.9927557999999976,ok,same_stridge_core,Hx;H*Hxx,0.019957516339869284,0.9306775236197922
0.7436551116045657,1.319204984771304,0.0,-1.0600517601258241,0;0;-1.06005176013;0;-0.117084664787;0;0;0.0733285527588;0;0;0;0,53188.34001904808,0.005,548,3e-06,1.4052679601895561,,0.00044016936883570717,0.9547572999999829,0.03495309999999563,0.9897151000000122,ok,same_stridge_core,Hx;Hxxx;H*Hxx,0.02,0.9265729000181233
0.7305712093123824,1.2407759443371318,0.06494476856787257,-1.1608273104593916,0;0;-1.16082731046;0.0649447685679;-0.462604796145;0;0;0.0420949485536;0;0;0;0,53301.99492164051,0.005,549,3e-06,1.5615785419930153,,0.0004350187281120272,0.32170439999998734,0.043203100000027916,0.3649155000000519,ok,same_stridge_core,Hx;D_x^1.240776 H;Hxxx;H*Hxx,0.015,0.9219546029333291
0.7421791233818759,1.3205344069803844,0.0,-1.0587732690781555,0;0;-1.05877326908;0;0;0;0;0.0739126081993;0;0;0;0,53186.36846280879,0.005,550,3e-06,1.2510498272260473,,0.00044605781499809893,1.0129656999999952,0.034526099999993676,1.0474972000000093,ok,same_stridge_core,Hx;H*Hxx,0.025,0.9319316164491945
0.7460018778229474,1.289574722632123,0.18524116558749423,-1.224173239692111,0;0;-1.22417323969;0.185241165587;-1.86692192633;0;0;0;0.124429302972;0;0;0,53231.996648145454,0.005,551,3e-06,1.7423309912547418,,0.0006249388223316246,0.9556173999999942,0.03353849999996328,0.9891642000000047,ok,same_stridge_core,Hx;D_x^1.289575 H;Hxxx;H*Hxxx,0.03498801407742582,1.1035470314769962
0.7428990019999028,1.3066285410166572,0.0,-1.056789797184944,0;0;-1.05678979718;0;0;0;0;0.07420172121;0;0;0;0,53206.94516947444,0.005,552,3e-06,1.2499191946366388,,0.00044460376804276444,0.0029226999999991676,0.04538079999997535,0.04831339999998363,ok,same_stridge_core,Hx;H*Hxx,0.02,0.9306775236197922
0.7519945018854048,1.4160620075411838,0.2245687831217243,-1.1706660618700162,0;0;-1.17066606187;0.224568783122;-0.781943706627;0;0;0;0;0;0;0,53046.7084986481,0.005,553,3e-06,1.5238500822212697,,0.0005555815698234032,0.9488092999999935,0.031182800000010502,0.9799999999999613,ok,same_stridge_core,Hx;D_x^1.416062 H;Hxxx,0.04,1.0464297057334369
0.7458958098092516,1.3085607983314973,0.1914719496385825,-1.2187419249441567,0;0;-1.21874192494;0.191471949639;-1.78862379054;0;0;0;0.123233129324;0;0;0,53204.09285943173,0.005,554,3e-06,1.7170301993832475,,0.0005975476159709752,0.948118500000021,0.03612630000003492,0.9842504000000076,ok,same_stridge_core,Hx;D_x^1.308561 H;Hxxx;H*Hxxx,0.02499041343932985,1.0785810850700668
0.7440140720218406,1.3145391085690281,0.0,-1.0591344198719908,0;0;-1.05913441987;0;-0.11860364944;0;0;0.0734567221692;0;0;0;0,53195.25297266712,0.005,555,3e-06,1.404746147890015,,0.00043951098622568586,1.0478066000000013,0.03507539999998244,1.0828875999999923,ok,same_stridge_core,Hx;Hxxx;H*Hxx,0.02,0.9259888711360108
0.7378582565148757,1.2574351137806354,0.0,-1.0707345518381037,0;0;-1.07073455184;0;0;0;0;0.0721599855223;0;0;0;0,53278.42594950243,0.005,556,3e-06,1.2628004025034631,,0.00045832527467740093,0.32797859999999446,0.04079740000003085,0.36878580000001193,ok,same_stridge_core,Hx;H*Hxx,0.029919728364587263,0.9431298468064486
0.74254634522954,1.1541950122793587,0.0,-1.0577611346669589,0;0;-1.05776113467;0;0;0;0;0.0740601922787;0;0;0;0,53417.78244207509,0.005,557,3e-06,1.2517768619502816,,0.00044529533823041943,1.010746900000015,0.04478470000003654,1.0555386999999996,ok,same_stridge_core,Hx;H*Hxx,0.02,0.931270167297831
0.7430038757081571,1.3068059531734575,0.0,-1.0565010650165019,0;0;-1.05650106502;0;0;0;0;0.0742437702442;0;0;0;0,53206.683309964326,0.005,558,3e-06,1.2497495149767053,,0.0004444056531213596,0.9732038999999872,0.04242179999999962,1.015630299999998,ok,same_stridge_core,Hx;H*Hxx,0.02,0.9305094151169193
0.7397590291552552,1.2873045971920318,0.0,-1.0654608533378835,0;0;-1.06546085334;0;0;0;0;0.0729346351395;0;0;0;0,53235.31218428878,0.005,559,3e-06,1.2568365827493113,,0.0004521715435909025,0.9656444999999962,0.034815900000012334,1.0004648999999972,ok,same_stridge_core,Hx;H*Hxx,0.030000000000000002,0.9374247096435787
0.7582198754127133,1.2907115594945915,0.0,-0.972084910620938,0.0226707552061;0;-0.972084910621;0;0.870492335473;0;0;0.10394531658;-0.0324797641341;0;0;0,53230.33430141019,0.005,560,3e-06,1.606514751455258,,0.00033830363847086285,0.3063470999999822,0.04917989999995598,0.35553540000000794,ok,same_stridge_core,1;Hx;Hxxx;H*Hxx;H*Hxxx,0.015,0.8080597369341052
0.7461456009007217,1.3828459660108094,0.0,-1.0537003234360407,0;0;-1.05370032344;0;-0.127613139444;0;0;0.0742137184109;0;0;0;0,53094.09186836346,0.005,561,3e-06,1.4012051016610807,,0.000436406137358919,0.9642840000000206,0.03453780000000961,0.9988303000000087,ok,same_stridge_core,Hx;Hxxx;H*Hxx,0.02,0.9233582748458096
0.7439765798770309,1.3131068546476306,0.0,-1.0592302019279278,0;0;-1.05923020193;0;-0.11844503096;0;0;0.0734433441679;0;0;0;0,53197.37264041223,0.005,562,3e-06,1.4048243510711014,,0.00043957788820621536,0.9801892000000407,0.03750550000000885,1.0177092999999786,ok,same_stridge_core,Hx;Hxxx;H*Hxx,0.02,0.9260479973073913
0.744709626464348,1.3113287768467754,0.0,-1.0573587137406675,0;0;-1.05735871374;0;-0.121545630637;0;0;0.0737045120146;0;0;0;0,53200.0026064208,0.005,563,3e-06,1.4037735713334945,,0.00043834702880487164,0.9638749000000075,0.04152590000001055,1.0054116000000022,ok,same_stridge_core,Hx;Hxxx;H*Hxx,0.02,0.9249735478757073
0.7442154727345813,1.3073897760330115,0.0,-1.0531694371733165,0;0;-1.05316943717;0;0;0;0;0.074728306735;0;0;0;0,53205.82183175388,0.005,564,3e-06,1.2480652054600445,,0.0004423692978120466,0.9694928999999775,0.03533960000004299,1.0048408000000109,ok,same_stridge_core,Hx;H*Hxx,0.02,0.9288302744695214
0.7455176531492502,1.3998252159335978,0.06399019784695192,-1.0936398618129346,0;0;-1.09363986181;0.063990197847;-0.294759919304;0;0;0.0528815135377;0;0;0;0,53069.56009976606,0.005,565,3e-06,1.5442981000786502,,0.00042009733298941574,1.0107669000000215,0.03667419999999311,1.0474466000000007,ok,same_stridge_core,Hx;D_x^1.399825 H;Hxxx;H*Hxx,0.02,0.9074633788814576
0.7440723975652646,1.2992109380017003,0.0,-1.0535624685834388,0;0;-1.05356246858;0;0;0;0;0.0746712108023;0;0;0;0,53217.8702189489,0.005,566,3e-06,1.248310543467574,,0.00044258579932185865,1.0576072000000067,0.03792199999998047,1.0955370000000357,ok,same_stridge_core,Hx;H*Hxx,0.02,0.9290033221538806
0.7442178801945893,1.287419977964267,0.0,-1.0531628273835838,0;0;-1.05316282738;0;0;0;0;0.0747292663876;0;0;0;0,53235.14381635414,0.005,567,3e-06,1.2482382968921284,,0.00044236570358894065,1.01746780000002,0.0352715999999873,1.0527454999999577,ok,same_stridge_core,Hx;H*Hxx,0.02,0.9288274339940036
0.7449859778815875,1.2956460801524925,0.18641787652552064,-1.2241061020802861,0;0;-1.22410610208;0.186417876526;-1.80662524322;0;0;0;0.119733457849;0;0;0,53223.10545788975,0.005,568,3e-06,1.725934654874001,,0.0006066160176476739,0.9933040000000233,0.03654089999997723,1.0298516999999947,ok,same_stridge_core,Hx;D_x^1.295646 H;Hxxx;H*Hxxx,0.024407346722990948,1.087257389379324
0.7574356333861578,1.290468138962045,0.0,-0.9745909372576896,0.0224379210964;0;-0.974590937258;0;0.880106050739;0;0;0.103351547829;-0.0352457765943;0;0;0,53230.690193439834,0.005,569,3e-06,1.607572757781401,,0.000339204818203669,0.3268759999999702,0.046264599999972233,0.37314559999998664,ok,same_stridge_core,1;Hx;Hxxx;H*Hxx;H*Hxxx,0.015,0.8091124048798035
0.7447950604657937,1.2844233805648808,0.0,-1.0571407753504622,0;0;-1.05714077535;0;-0.12190686485;0;0;0.0737348942058;0;0;0;0,53239.51333774528,0.005,570,3e-06,1.404014921739777,,0.0004382141084292503,0.36959480000001577,0.038052300000003925,0.40765519999996513,ok,same_stridge_core,Hx;Hxxx;H*Hxx,0.015952380952380954,0.9248593017000695
0.7444075567743547,1.3258892776094569,0.0,-1.0581295855223738,0;0;-1.05812958552;0;-0.120268212054;0;0;0.0735969915691;0;0;0;0,53178.41987894206,0.005,571,3e-06,1.4040014477792473,,0.0004388343772587196,0.9371404000000325,0.03661329999999907,0.9737617000000114,ok,same_stridge_core,Hx;Hxxx;H*Hxx,0.02,0.9253956688687687
0.74336780961656,1.521286429188033,0.11724812913852316,-1.1037791806767723,0;0;-1.10377918068;0.117248129139;-0.238170374138;0;0;0.0407716506547;0;0;0;0,52936.35995452742,0.005,572,3e-06,1.5331026097549199,,0.0004136912890974212,0.9748206000000437,0.03477650000002086,1.00960230000004,ok,same_stridge_core,Hx;D_x^1.521286 H;Hxxx;H*Hxx,0.019440734671880625,0.897866290300591
0.7470837176500513,1.2895091150628126,0.048389476780446895,-1.0471303971293513,0.0207038256035;0;-1.04713039713;0.0483894767804;0.586921276877;0;0;0.0793997758477;-0.0292465125503;0;0;0,53232.092354481785,0.005,573,3e-06,1.7708204959788176,,0.00034334748904726,0.31784379999999146,0.04841349999998101,0.36626580000000786,ok,same_stridge_core,1;Hx;D_x^1.289509 H;Hxxx;H*Hxx;H*Hxxx,0.01,0.8126428335981455
0.7452452563616138,1.3254061378819162,0.0,-1.0559929155329344,0;0;-1.05599291553;0;-0.123809724061;0;0;0.0738948168729;0;0;0;0,53179.13753770173,0.005,574,3e-06,1.4029077885149186,,0.0004375506275736171,0.9706968000000415,0.0341136999999776,1.0048158000000171,ok,same_stridge_core,Hx;Hxxx;H*Hxx,0.019715679057784336,0.9242955506756029
0.7433516982902463,1.315066557937894,0.0,-1.0555438585990444,0;0;-1.0555438586;0;0;0;0;0.0743831071186;0;0;0;0,53194.4721163009,0.005,575,3e-06,1.2491442784293252,,0.00044377379011387635,0.546435200000019,0.03995140000000674,0.5863911000000144,ok,same_stridge_core,Hx;H*Hxx,0.019552631578947374,0.9299774457315199
0.7446685145186355,1.279407326177687,0.056318620019001855,-1.0641599180599182,0.019602689115;0;-1.06415991806;0.056318620019;0.340532291702;0;0;0.0745928422524;0;0;0;0,53246.807304147515,0.005,576,3e-06,1.616006001085736,,0.0003484785535667407,0.2980751999999711,0.03893560000000207,0.33701810000002297,ok,same_stridge_core,1;Hx;D_x^1.279407 H;Hxxx;H*Hxx,0.015,0.8173038915235232
0.745493872762067,1.2891956693170514,0.18470286168448768,-1.2251384483775771,0;0;-1.22513844838;0.184702861684;-1.84992246365;0;0;0;0.122162435158;0;0;0,53232.5504404342,0.005,577,3e-06,1.7385520304042936,,0.0006205375152507903,1.0408041000000026,0.03911389999996118,1.0799268000000097,ok,same_stridge_core,Hx;D_x^1.289196 H;Hxxx;H*Hxxx,0.02,1.0997614251190833
0.7429116807596833,1.306792883177233,0.0,-1.0567548898658616,0;0;-1.05675488987;0;0;0;0;0.0742068058248;0;0;0;0,53206.702611807996,0.005,578,3e-06,1.249897191320361,,0.0004445796609856033,0.987454600000035,0.04158119999999599,1.0290449999999964,ok,same_stridge_core,Hx;H*Hxx,0.019492914492532664,0.930656975649513
0.7433221799189758,1.3201559445364919,0.0,-1.0556250676085785,0;0;-1.05562506761;0;0;0;0;0.0743712913335;0;0;0;0,53186.929855701375,0.005,579,3e-06,1.2491426050284873,,0.00044382593891176053,0.9785517000000254,0.04176549999999679,1.020322799999974,ok,same_stridge_core,Hx;H*Hxx,0.020500000000000004,0.9300210258942792
0.7434150145057628,1.2025877734200088,0.0,-1.0553696800159758,0;0;-1.05536968002;0;0;0;0;0.0744084518723;0;0;0;0,53354.520802243576,0.005,580,3e-06,1.250012205860702,,0.0004436628540452921,0.2976132000000007,0.03446170000000848,0.33208030000002964,ok,same_stridge_core,Hx;H*Hxx,0.02,0.9298850810472404
0.7463645785113101,1.8045792586306377,0.16776587503923698,-1.060009675520814,0;0;-1.06000967552;0.167765875039;0;0;0;0.0456471436419;0;0;0;0,55980.975651975925,0.005,581,3e-06,1.40208429546226,,0.0004178334035898488,0.3513884000000189,0.0462664999999447,0.39765969999996287,ok,same_stridge_core,Hx;D_x^1.804579 H;H*Hxx,0.015,0.8982555145944767
0.7427355049639466,1.2015429889766336,0.0,-1.057240046678481,0;0;-1.05724004668;0;0;0;0;0.0741361320596;0;0;0;0,53355.92649614375,0.005,582,3e-06,1.2510827477237585,,0.00044491948956110845,0.9320311000000174,0.03624569999999494,0.9682844000000159,ok,same_stridge_core,Hx;H*Hxx,0.02,0.930947188746896
0.7470330450381855,1.3253424985547915,0.05769812452093909,-1.0499749321246947,0.0205753236334;0;-1.04997493212;0.0576981245209;0.569479760905;0;0;0.0767403238501;-0.0266006307129;0;0;0,53179.23198156825,0.005,583,3e-06,1.7676154710904464,,0.00034195726348930876,1.0295960000000264,0.04328620000001138,1.0728869999999802,ok,same_stridge_core,1;Hx;D_x^1.325342 H;Hxxx;H*Hxx;H*Hxxx,0.01,0.8103892954222177
0.7447996445590158,1.2745853162900085,0.17933128968388942,-1.23052027712104,0;0;-1.23052027712;0.179331289684;-1.87900220533;0;0;0;0.118980424385;0;0;0,53253.79405482775,0.005,584,3e-06,1.7525583708048864,,0.0006354775333783725,0.2959194000000025,0.04061949999999115,0.3365482000000384,ok,same_stridge_core,Hx;D_x^1.274585 H;Hxxx;H*Hxxx,0.02092777084027084,1.1135128421469536
0.7438482524516326,1.499632794566091,0.10765150118973332,-1.102924868243416,0;0;-1.10292486824;0.10765150119;-0.255063885167;0;0;0.0426234634099;0;0;0;0,52950.360723098114,0.005,585,3e-06,1.5343610097392473,,0.0004141559872306624,0.9715518000000429,0.04130689999999504,1.0128676999999584,ok,same_stridge_core,Hx;D_x^1.499633 H;Hxxx;H*Hxx,0.019937827695180637,0.8989566810620699
0.7435556371701957,1.024770706609703,0.017331052435899188,-1.050990139264095,0.0186540293452;0;-1.05099013926;0.0173310524359;0.346309878783;0;0;0.0859073478637;0;0;0;0,53568.01473614939,0.005,586,3e-06,1.6412253874050582,,0.00036423635558608373,0.9662288000000103,0.034930900000006204,1.0011678999999845,ok,same_stridge_core,1;Hx;D_x^1.024771 H;Hxxx;H*Hxx,0.015,0.8377051663628173
0.7438117342107954,1.288179028929275,0.0,-1.0542787928619184,0;0;-1.05427879286;0;0;0;0;0.0745671022268;0;0;0;0,53234.03553988665,0.005,587,3e-06,1.2487399192937718,,0.00044299662976933604,0.9502539999999726,0.040042799999980616,0.9903059000000098,ok,same_stridge_core,Hx;H*Hxx,0.02,0.9293357060544518
0.7440182707636714,1.3068059531734575,0.0,-1.0537111863842532,0;0;-1.05371118638;0;0;0;0;0.0746496020082;0;0;0;0,53206.683309964326,0.005,588,3e-06,1.24831062427462,,0.0004426694110470759,0.30639050000002044,0.03342240000000629,0.33981840000001284,ok,same_stridge_core,Hx;H*Hxx,0.02,0.9290705244148342
0.7437195799968788,1.3934833283057224,0.22700355987274398,-1.1668920055329703,0;0;-1.16689200553;0.227003559873;0;0;0;0;0;0;0;0,53078.66010078537,0.005,589,3e-06,1.4627839255136588,,0.000673208004588102,0.6878100000000131,0.03334559999996145,0.7211639000000218,ok,same_stridge_core,Hx;D_x^1.393483 H,0.06499999999999999,1.1443119649089466
0.7441367573991204,1.306847288353081,0.0,-1.0533856569924362,0;0;-1.05338565699;0;0;0;0;0.074696901536;0;0;0;0,53206.62234062334,0.005,590,3e-06,1.2481644605255509,,0.00044248767019490633,0.9913830000000416,0.03512769999997545,1.0265154999999595,ok,same_stridge_core,Hx;H*Hxx,0.02,0.9289247264818108
0.7454212666076768,1.3313746396760007,0.1986528281841424,-1.212680275845194,0;0;-1.21268027585;0.198652828184;-1.67693680587;0;0;0;0.11892695937;0;0;0,53170.268163031615,0.005,591,3e-06,1.6870679522326535,,0.0005657703725416686,0.9767330999999899,0.04072889999997642,1.0174675000000093,ok,same_stridge_core,Hx;D_x^1.331375 H;Hxxx;H*Hxxx,0.03550326144443792,1.049024734276274
0.7440786143164025,1.2926684890133509,0.0,-1.0535453906898002,0;0;-1.05354539069;0;0;0;0;0.0746736925411;0;0;0;0,53227.46997261522,0.005,592,3e-06,1.248360442559286,,0.00044257622500633244,1.000130399999989,0.03768489999998792,1.03782369999999,ok,same_stridge_core,Hx;H*Hxx,0.02,0.9289956227235947
0.7441227655541214,1.3131124956517242,0.0,-1.0588567727163407,0;0;-1.05885677272;0;-0.119063436267;0;0;0.0734954953292;0;0;0;0,53197.364379581275,0.005,593,3e-06,1.4045965674609922,,0.00043931937663712505,1.0218777000000046,0.034754899999995814,1.0566388999999958,ok,same_stridge_core,Hx;Hxxx;H*Hxx,0.02,0.9258202880447608
0.7444285213442654,1.3980070704276066,0.2084153732202931,-1.1809570499140538,0;0;-1.18095704991;0.20841537322;0;0;0;0;-0.103486925701;0;0;0,53072.160316625086,0.005,594,3e-06,1.5380536121297388,,0.0005669076910606926,0.5625847000000022,0.0405926999999906,0.6031860999999594,ok,same_stridge_core,Hx;D_x^1.398007 H;H*Hxxx,0.029929306290417408,1.060404169280113
0.744577829773589,1.7379876215111023,0.16029203554800484,-1.071298933014546,0;0;-1.07129893301;0.160292035548;0;0;0;0.0430577009552;0;0;0;0,54086.93993237467,0.005,595,3e-06,1.3863110325046617,,0.00041890686054497494,0.6098420000000147,0.036102299999981824,0.6459519,ok,same_stridge_core,Hx;D_x^1.737988 H;H*Hxx,0.019936964124519996,0.8995285731132896
0.7462063434495478,1.3072599502956597,0.19130535567262558,-1.2186032599578656,0;0;-1.21860325996;0.191305355673;-1.80512633376;0;0;0;0.124722328457;0;0;0,53206.01346729142,0.005,596,3e-06,1.7211163183939968,,0.0006020792001066073,0.9861058000000753,0.03221819999998843,1.0183286999999837,ok,same_stridge_core,Hx;D_x^1.30726 H;Hxxx;H*Hxxx,0.0244652554806189,1.0826441567864997
0.7429232402094519,1.3116007761508277,0.0,-1.056723063287547,0;0;-1.05672306329;0;0;0;0;0.0742114405762;0;0;0;0,53199.60038841347,0.005,597,3e-06,1.2498359661040834,,0.00044455766587549,0.9353014000000712,0.03497970000000805,0.9702872000000298,ok,same_stridge_core,Hx;H*Hxx,0.02621428571428572,0.9306383637736025
0.7415696523216271,1.3220457878255107,0.0,-1.0604546092352687,0;0;-1.06045460924;0;0;0;0;0.0736671958855;0;0;0;0,53184.12607152261,0.005,598,3e-06,1.252233827811227,,0.00044741853012760874,0.5837513999999828,0.03677980000009029,0.6205357000000049,ok,same_stridge_core,Hx;H*Hxx,0.025,0.9331290713820913
0.745580346095883,1.284471819563307,0.183208206737915,-1.226367259136491,0;0;-1.22636725914;0.183208206738;-1.87091407033;0;0;0;0.122576818845;0;0;0,53239.44285899104,0.005,599,3e-06,1.7456458551207361,,0.0006283307815886415,0.9459637999999586,0.046464099999980135,0.9924331999999367,ok,same_stridge_core,Hx;D_x^1.284472 H;Hxxx;H*Hxxx,0.019938696685788192,1.1067725408128437
0.7426818621945341,1.3196876167918024,0.0,-1.0573878000183068,0;0;-1.05738780002;0;0;0;0;0.0741146018568;0;0;0;0,53187.62432197949,0.005,600,3e-06,1.2501634224517004,,0.0004450249422750386,1.0023241000000098,0.033613800000011906,1.035942900000009,ok,same_stridge_core,Hx;H*Hxx,0.025,0.9310376765198235
0.7441428580581222,1.2874865619864033,0.045964445542439246,-0.9743934293723931,0.0920876753239;-0.0140377428345;-0.974393429372;0.0459644455424;3.24060077534;0;-0.0118439728159;-0.0322699715904;-0.771007270652;0;0.0103594071321;0.0603292708886,53235.04648624189,0.005,601,3e-06,2.3753876883857235,,0.00031368154934362013,1.0499223000000484,0.03265190000001894,1.082579199999941,ok,same_stridge_core,1;H;Hx;D_x^1.287487 H;Hxxx;H*Hx;H*Hxx;H*Hxxx;H^2*Hxx;H^2*Hxxx,0.005,0.7783362937984668
0.745381605695128,1.2912302801197,0.18528484705620477,-1.2247331301991347,0;0;-1.2247331302;0.185284847056;-1.83806838835;0;0;0;0.12162717758;0;0;0,53229.57533418935,0.005,602,3e-06,1.7349193733125536,,0.000616529701658184,0.9939302999999882,0.046825900000044385,1.0407677000000604,ok,same_stridge_core,Hx;D_x^1.29123 H;Hxxx;H*Hxxx,0.02,1.0961644693022814
0.7450497483729921,1.3068481613175695,0.0,-1.0564912787698018,0;0;-1.05649127877;0;-0.122983516008;0;0;0.0738254058444;0;0;0;0,53206.62111248442,0.005,603,3e-06,1.4033921684951642,,0.00043783136011580064,1.0247891000000209,0.04540819999999712,1.0702069999999821,ok,same_stridge_core,Hx;Hxxx;H*Hxx,0.019631309755871178,0.9245325784828046
0.7447396806357602,1.2849789210134692,0.18270173564228623,-1.227632116200456,0;0;-1.2276321162;0.182701735642;-1.83843417474;0;0;0;0.11882402989;0;0;0,53238.70397469135,0.005,604,3e-06,1.7378483627094736,,0.0006193568895784571,0.31634280000002946,0.04003380000006018,0.35638540000002195,ok,same_stridge_core,Hx;D_x^1.284979 H;Hxxx;H*Hxxx,0.030468966307061543,1.0989839150131775
0.7433516982902463,1.30973616804103,0.052183303396021403,-0.9794932005580461,0.0906959638299;-0.0137838830421;-0.979493200558;0.052183303396;3.2173484281;0;-0.0117979473844;-0.0350157114924;-0.767543416043;0;0.0104866971208;0.0600824934877,53202.35656710003,0.005,605,3e-06,2.3759287183149107,,0.00031486367096656104,0.6548436000000493,0.03950169999995978,0.6943522999999914,ok,same_stridge_core,1;H;Hx;D_x^1.309736 H;Hxxx;H*Hx;H*Hxx;H*Hxxx;H^2*Hxx;H^2*Hxxx,0.005,0.7798580213019098
0.7435717751933755,1.2973512815450532,0.0,-1.0549385264535316,0;0;-1.05493852645;0;0;0;0;0.0744711712307;0;0;0;0,53220.60251541006,0.005,606,3e-06,1.2489852229527854,,0.0004433936332577461,0.9895440000000235,0.04450889999998253,1.0340640000000576,ok,same_stridge_core,Hx;H*Hxx,0.02,0.9296616078603249
0.7428990019999028,1.3217666324428636,0.0,-1.056789797184944,0;0;-1.05678979718;0;0;0;0;0.07420172121;0;0;0;0,53184.54034780212,0.005,607,3e-06,1.2497847657066048,,0.00044460376804276444,0.5461056000000326,0.046872099999973216,0.5929827999999588,ok,same_stridge_core,Hx;H*Hxx,0.02005555555555556,0.9306775236197922
0.7429116807596833,1.3015390406699208,0.0,-1.0567548898658616,0;0;-1.05675488987;0;0;0;0;0.0742068058248;0;0;0;0,53214.44576973344,0.005,608,3e-06,1.2499436502679135,,0.0004445796609856033,0.5780505000000176,0.04238080000004629,0.6204369999999244,ok,same_stridge_core,Hx;H*Hxx,0.01999675925925926,0.930656975649513
0.7435791428723451,1.535890526144249,0.140010687382586,-0.9834628793512898,0.0790444617755;-0.0112931831682;-0.983462879351;0.140010687383;3.51117550379;0;-0.0122641030358;-0.0580848806661;-0.852388589977;0;0.0118282546071;0.0671258285727,52931.2274864647,0.005,609,3e-06,2.365015638264108,,0.00031230845608350285,0.9832393000000366,0.03514219999999568,1.0183858999999984,ok,same_stridge_core,1;H;Hx;D_x^1.535891 H;Hxxx;H*Hx;H*Hxx;H*Hxxx;H^2*Hxx;H^2*Hxxx,0.005,0.7770788136701671
0.7454579221778739,1.3121651504340623,0.05836876389047567,-1.057384246746291,0.0202393306534;0;-1.05738424675;0.0583687638905;0.561691962002;0;0;0.0751042165864;-0.0298957621451;0;0;0,53198.76572298658,0.005,610,3e-06,1.7711826375812283,,0.00034461177434640155,1.0241823000000068,0.042721400000004905,1.0669119000000364,ok,same_stridge_core,1;Hx;D_x^1.312165 H;Hxxx;H*Hxx;H*Hxxx,0.01,0.8136048545674699
0.7444904893027423,1.328536771789298,0.0,-1.0579178981745765,0;0;-1.05791789817;0;-0.12061886446;0;0;0.0736265239196;0;0;0;0,53174.486433166974,0.005,611,3e-06,1.403847393726105,,0.0004386978293206716,1.021556300000043,0.04339840000000095,1.0649687999999742,ok,same_stridge_core,Hx;Hxxx;H*Hxx,0.02,0.925277015827602
0.7459433738581095,1.2273793152155128,0.03739727123695924,-1.0480497688641062,0.0205241056743;0;-1.04804976886;0.037397271237;0.617659956748;0;0;0.0816634339417;-0.0367308356371;0;0;0,53320.668598623124,0.005,612,3e-06,1.7783147320466641,,0.0003476057667318651,1.0021028000001024,0.04440220000003592,1.046510499999954,ok,same_stridge_core,1;Hx;D_x^1.227379 H;Hxxx;H*Hxx;H*Hxxx,0.01,0.818542697271448
0.7440101968020117,1.179836484374301,0.03614619020854939,-1.0599834325238935,0.0193480163682;0;-1.05998343252;0.0361461902085;0.331872049976;0;0;0.0800485635882;0;0;0;0,53384.73794486309,0.005,613,3e-06,1.627035214005287,,0.000355151952845868,0.3180232000000842,0.04452169999990474,0.3625525000001062,ok,same_stridge_core,1;Hx;D_x^1.179836 H;Hxxx;H*Hxx,0.015,0.8262641448323407
0.7448637036584425,1.2916281753108834,0.0,-1.051390031986967,0;0;-1.05139003199;0;0;0;0;0.0749865930548;0;0;0;0,53228.99295311864,0.005,614,3e-06,1.2475054024767485,,0.00044146870156703795,1.0363499999999704,0.038674599999922066,1.075031899999999,ok,same_stridge_core,Hx;H*Hxx,0.019499034608118897,0.9281314447580367
0.744820780827556,1.2865353440357659,0.05327687417675153,-1.058895470073804,0.0201735636481;0;-1.05889547007;0.0532768741768;0.568225807879;0;0;0.0759578859941;-0.0328499360571;0;0;0,53236.43466940241,0.005,615,3e-06,1.7745839429373456,,0.00034658496773436583,0.9777682000000141,0.039735899999982394,1.0175118999999313,ok,same_stridge_core,1;Hx;D_x^1.286535 H;Hxxx;H*Hxx;H*Hxxx,0.01,0.8163281188881021
0.7454090723266172,1.2978998808911422,0.18751601134347723,-1.2227286299803024,0;0;-1.22272862998;0.187516011343;-1.81324302009;0;0;0;0.12156429844;0;0;0,53219.7967891257,0.005,616,3e-06,1.7264914720131355,,0.0006074386918212501,0.9773281000000225,0.034496900000021924,1.0118304999999737,ok,same_stridge_core,Hx;D_x^1.2979 H;Hxxx;H*Hxxx,0.02,1.087853910543627
0.7456544198257329,1.2711916415070046,0.17886989836778067,-1.2300586843374333,0;0;-1.23005868434;0.178869898368;-1.92224922226;0;0;0;0.12263929759;0;0;0,53258.69582638586,0.005,617,3e-06,1.764896646576413,,0.0006496454503930434,0.9368608999999424,0.034261000000014974,0.9711267999999791,ok,same_stridge_core,Hx;D_x^1.271192 H;Hxxx;H*Hxxx,0.02,1.1257922966597829
0.7455951579496369,1.3812106492438176,0.0,-1.0551014705997548,0;0;-1.0551014706;0;-0.125288263055;0;0;0.0740189010303;0;0;0;0,53096.47996900688,0.005,618,3e-06,1.4017695694838657,,0.0004370770229966934,0.9774533000000929,0.04129420000003847,1.0187521999999944,ok,same_stridge_core,Hx;Hxxx;H*Hxx,0.02,0.9239012497628037
0.745609462029241,1.3465764416880182,0.20391827139526073,-1.2077173168658868,0;0;-1.20771731687;0.203918271395;-1.6182969466;0;0;0;0.117679061057;0;0;0,53147.65786705989,0.005,619,3e-06,1.6725483342461587,,0.0005508804322356395,0.987490399999956,0.04485609999994722,1.0323589999999285,ok,same_stridge_core,Hx;D_x^1.346576 H;Hxxx;H*Hxxx,0.02,1.0347764398414399
0.7451374735695461,1.300540262065709,0.18816180179336794,-1.22240863344046,0;0;-1.22240863344;0.188161801793;-1.79299135961;0;0;0;0.120228012831;0;0;0,53215.915291925834,0.005,620,3e-06,1.7209535669976155,,0.0006013524372141484,1.0188563000000386,0.034015700000054494,1.052880899999991,ok,same_stridge_core,Hx;D_x^1.30054 H;Hxxx;H*Hxxx,0.039277708402708396,1.0823625834945054
0.7434254918974692,1.3700366860875173,0.06646341427050106,-0.9801517965292977,0.0883934355494;-0.0132769706732;-0.980151796529;0.0664634142705;3.27710532759;0;-0.0119546871844;-0.0383371364012;-0.784314877422;0;0.0106397167494;0.0614022626853,53112.88711471287,0.005,621,3e-06,2.372718974343467,,0.00031437217841664874,0.5995230999999421,0.03329930000006698,0.6328274999999621,ok,same_stridge_core,1;H;Hx;D_x^1.370037 H;Hxxx;H*Hx;H*Hxx;H*Hxxx;H^2*Hxx;H^2*Hxxx,0.005,0.7793323609020811
0.7438975445529534,1.2322453913063645,0.0,-1.0540429399667464,0;0;-1.05404293997;0;0;0;0;0.0746013874705;0;0;0;0,53313.915584758935,0.005,622,3e-06,1.249107355902422,,0.00044285901740987935,0.9825240999999778,0.041831799999954455,1.02436380000006,ok,same_stridge_core,Hx;H*Hxx,0.02,0.9292238623938683
0.744154247126827,1.2719619393916695,0.0,-1.0533376135237826,0;0;-1.05333761352;0;0;0;0;0.0747038795327;0;0;0;0,53257.58436567817,0.005,623,3e-06,1.2484490528363184,,0.00044246118462506454,1.001975600000037,0.04211210000005394,1.0440944000000627,ok,same_stridge_core,Hx;H*Hxx,0.02,0.9289035466422494
0.7452650718276332,1.2905163861708984,0.18495345033078187,-1.2251379645352791,0;0;-1.22513796454;0.184953450331;-1.83656282966;0;0;0;0.121117328858;0;0;0,53230.61956212649,0.005,624,3e-06,1.734890245853481,,0.0006164347781635952,1.0049454999999625,0.03779190000000199,1.0427422999999862,ok,same_stridge_core,Hx;D_x^1.290516 H;Hxxx;H*Hxxx,0.02440744349875643,1.096122811107963
0.7459972265424517,1.2989109946322872,0.18834386285030222,-1.2214367093821419,0;0;-1.22143670938;0.18834386285;-1.83065682526;0;0;0;0.124178887941;0;0;0,53218.31111356361,0.005,625,3e-06,1.7300021451093204,,0.0006115369450381087,0.2986799999999903,0.036304500000028384,0.3349907000000485,ok,same_stridge_core,Hx;D_x^1.298911 H;Hxxx;H*Hxxx,0.02,1.091382411746557
0.7449632803676699,1.2992109380017003,0.0,-1.0511168833078315,0;0;-1.05111688331;0;0;0;0;0.0750262106081;0;0;0;0,53217.8702189489,0.005,626,3e-06,1.2473435522152698,,0.00044134193063238505,0.3634042999999565,0.03522740000005342,0.39863979999995536,ok,same_stridge_core,Hx;H*Hxx,0.019557991076499852,0.9280363309015766
0.7446206096792374,1.2910014376363954,0.0,-1.0520570755813343,0;0;-1.05205707558;0;0;0;0;0.0748898127089;0;0;0;0,53229.91006476267,0.005,627,3e-06,1.247756745246245,,0.00044179115866674036,0.3087712999999894,0.03657439999994949,0.34535330000005615,ok,same_stridge_core,Hx;H*Hxx,0.02,0.9283772848576689
0.7448404761406645,1.3227087644575906,0.0,-1.0570249292090514,0;0;-1.05702492921;0;-0.12209880321;0;0;0.0737510430744;0;0;0;0,53183.14220030923,0.005,628,3e-06,1.4034479013045917,,0.00043814447285336796,0.8880012000000761,0.03496020000000044,0.9229665000000296,ok,same_stridge_core,Hx;Hxxx;H*Hxx,0.02,0.9247996215018086
0.7453357006640423,1.3226106504475825,0.19565474755855697,-1.2154795116939547,0;0;-1.21547951169;0.195654747559;-1.71068114899;0;0;0;0.119510948025;0;0;0,53183.28788556951,0.005,629,3e-06,1.696146085759748,,0.0005751928405410775,0.9568292000000156,0.03665489999991678,0.993491199999994,ok,same_stridge_core,Hx;D_x^1.322611 H;Hxxx;H*Hxxx,0.03440089376854082,1.0579466311329138
0.7452962169114892,1.3033741869869262,0.1892344567860513,-1.2213013547317462,0;0;-1.22130135473;0.189234456786;-1.78756022622;0;0;0;0.120809805974;0;0;0,53211.74335176884,0.005,630,3e-06,1.7186810003936253,,0.0005990043195349848,0.9843414000000621,0.038193299999988994,1.0225446000000602,ok,same_stridge_core,Hx;D_x^1.303374 H;Hxxx;H*Hxxx,0.02,1.0801400801723993
0.7437640300218096,1.0378823661188286,0.01823512825215502,-1.0507588714596268,0.018761791027;0;-1.05075887146;0.0182351282522;0.348336244053;0;0;0.0857633818333;0;0;0;0,53554.02491612995,0.005,631,3e-06,1.639729944400151,,0.00036315523256777904,1.031935599999997,0.03757929999994758,1.0695248999999194,ok,same_stridge_core,1;Hx;D_x^1.037882 H;Hxxx;H*Hxx,0.015,0.8364195706582017
0.7414930595128199,1.2905254208658534,0.0,-1.0606660432340769,0;0;-1.06066604323;0;0;0;0;0.0736363128212;0;0;0;0,53230.60638204826,0.005,632,3e-06,1.2526721376649108,,0.0004475979590449093,0.617707399999972,0.03409309999995003,0.6518063000000893,ok,same_stridge_core,Hx;H*Hxx,0.02,0.9332884993726213
0.7433722570415975,1.302637327836989,0.0,-1.0554872996963538,0;0;-1.0554872997;0;0;0;0;0.0743913370429;0;0;0;0,53212.82872136563,0.005,633,3e-06,1.2492242231246986,,0.0004437376281324886,0.6004110000000082,0.04192799999998442,0.6423466999999619,ok,same_stridge_core,Hx;H*Hxx,0.02,0.9299472507965049
0.7450853988983366,1.3015859655595572,0.18846353261483076,-1.2221877045093712,0;0;-1.22218770451;0.188463532615;-1.78696731605;0;0;0;0.119943233719;0;0;0,53214.376564965794,0.005,634,3e-06,1.7192288963799167,,0.0005994809126874976,1.0052711999999246,0.03710909999995238,1.0423888999999917,ok,same_stridge_core,Hx;D_x^1.301586 H;Hxxx;H*Hxxx,0.019448073699097092,1.0806563776003273
0.7433516982902463,1.3108430873431078,0.0,-1.0555438585990444,0;0;-1.0555438586;0;0;0;0;0.0743831071186;0;0;0;0,53200.72062632322,0.005,635,3e-06,1.2491817694894591,,0.00044377379011387635,0.5729551000000583,0.04203840000002401,0.6150073999999677,ok,same_stridge_core,Hx;H*Hxx,0.02,0.9299774457315199
0.7454452716259432,1.2747446556292574,0.17988403834499866,-1.229394905547598,0;0;-1.22939490555;0.179884038345;-1.90187802307;0;0;0;0.121838066849;0;0;0,53253.563615619976,0.005,636,3e-06,1.757974265576919,,0.000641832008767669,1.057460399999968,0.042980400000033114,1.100451200000066,ok,same_stridge_core,Hx;D_x^1.274745 H;Hxxx;H*Hxxx,0.02,1.1189315021894795
0.745128130374735,1.3384154858856783,0.0,-1.0562914575896387,0;0;-1.05629145759;0;-0.123314816141;0;0;0.0738532419617;0;0;0;0,53159.79653415283,0.005,637,3e-06,1.402874237406267,,0.0004377173780145102,0.9578050999999732,0.03383999999994103,0.9916501000000153,ok,same_stridge_core,Hx;Hxxx;H*Hxx,0.02,0.9244360685988916
0.7449610639450751,1.2995116314471038,0.1876731216644437,-1.2230105957849005,0;0;-1.22301059578;0.187673121664;-1.7906115561;0;0;0;0.119474515559;0;0;0,53217.42812719303,0.005,638,3e-06,1.7208325711204595,,0.0006011310270510899,0.9203063999999586,0.0377102999999579,0.9580250999999862,ok,same_stridge_core,Hx;D_x^1.299512 H;Hxxx;H*Hxxx,0.02,1.0822234335941432
0.7444163090527391,1.2894864722591661,0.0,-1.0526179063886332,0;0;-1.05261790639;0;0;0;0;0.0748084014728;0;0;0;0,53232.12546510697,0.005,639,3e-06,1.2479917484581025,,0.0004420762833322493,0.9245538000000124,0.03306669999994938,0.9576256000000285,ok,same_stridge_core,Hx;H*Hxx,0.02,0.9285989956674605
0.7434150145057628,1.301489633523896,0.0,-1.055369680015974,0;0;-1.05536968002;0;0;0;0;0.0744084518723;0;0;0;0,53214.51846766102,0.005,640,3e-06,1.2491721918532068,,0.0004436628540452921,0.5534403999999995,0.035554900000079215,0.5890001000000211,ok,same_stridge_core,Hx;H*Hxx,0.02,0.9298850810472405
0.7451146541376299,1.2834611919212817,0.1825021244939944,-1.2274417155764965,0;0;-1.22744171558;0.182502124494;-1.85777429521;0;0;0;0.120500425076;0;0;0,53240.91449535411,0.005,641,3e-06,1.7430518237525625,,0.0006252328800672448,0.572864299999992,0.03714579999996204,0.6100198000000319,ok,same_stridge_core,Hx;D_x^1.283461 H;Hxxx;H*Hxxx,0.02,1.1041608498083133
0.7448016101310465,1.282006049591009,0.0,-1.051560389056024,0;0;-1.05156038906;0;0;0;0;0.0749618810146;0;0;0;0,53243.03164298591,0.005,642,3e-06,1.2476504684300342,,0.00044154921899552973,0.9692934000000832,0.043850099999986014,1.0131542999999965,ok,same_stridge_core,Hx;H*Hxx,0.01937229437229438,0.9281922785721187
0.7431724845989464,1.32204158068589,0.0,-1.0560369772926281,0;0;-1.05603697729;0;0;0;0;0.0743113376121;0;0;0;0,53184.132384221295,0.005,643,3e-06,1.2493514666955203,,0.00044409460045222366,1.0285516000000143,0.03473389999999199,1.0632902999999487,ok,same_stridge_core,Hx;H*Hxx,0.020433642042053824,0.9302466723901927
0.7447866225216111,1.2953112497591857,0.0,-1.0571622985956926,0;0;-1.0571622986;0;-0.121871229596;0;0;0.0737318951056;0;0;0;0,53223.59653895747,0.005,644,3e-06,1.403882913897831,,0.00043822714455012113,0.989169600000082,0.03611290000003464,1.0252884999999878,ok,same_stridge_core,Hx;Hxxx;H*Hxx,0.015952380952380954,0.9248705450472139
0.7466110272142885,1.277688706939133,0.04672633568003926,-1.0486985769926072,0.0206185893855;0;-1.04869857699;0.04672633568;0.589619449936;0;0;0.0794592190297;-0.0309698006095;0;0;0,53249.30032054188,0.005,645,3e-06,1.7726068726467785,,0.00034446582677371125,0.9902367000000822,0.05211380000002919,1.0423587999999882,ok,same_stridge_core,1;Hx;D_x^1.277689 H;Hxxx;H*Hxx;H*Hxxx,0.01,0.8141194668770246
0.7446727172448402,1.0255114568580854,0.014106770844155882,-1.0394617034440041,0.0199724094632;0;-1.03946170344;0.0141067708442;0.753750497785;0;0;0.0882731082318;-0.0568957767145;0;0;0,53567.231340808874,0.005,646,3e-06,1.7960907614410861,,0.0003575280178905067,1.019367299999999,0.052830800000037925,1.07220319999999,ok,same_stridge_core,1;Hx;D_x^1.025511 H;Hxxx;H*Hxx;H*Hxxx,0.01,0.8318805973065263
0.7450945528132306,1.2880869310682788,0.1840122375929394,-1.2261332362400565,0;0;-1.22613323624;0.184012237593;-1.83961577954;0;0;0;0.120388076703;0;0;0,53234.169997085664,0.005,647,3e-06,1.7366808552420014,,0.0006182844754675947,1.0164167000000361,0.03299960000003921,1.0494231000000127,ok,same_stridge_core,Hx;D_x^1.288087 H;Hxxx;H*Hxxx,0.034402480308362654,1.0978708152769736
0.7437082390497571,1.2957845481664114,0.0,-1.0545633036255568,0;0;-1.05456330363;0;0;0;0;0.0745257393276;0;0;0;0,53222.902350116674,0.005,648,3e-06,1.2488113826537244,,0.00044316565787453233,0.9944136000000299,0.03594090000001415,1.030359599999997,ok,same_stridge_core,Hx;H*Hxx,0.02,0.9294739685530243
0.7458719675907006,1.2868400287409572,0.18422745328266651,-1.2251893567671406,0;0;-1.22518935677;0.184227453283;-1.87258542033;0;0;0;0.123871820456;0;0;0,53235.990154221116,0.005,649,3e-06,1.7449174926883835,,0.0006276963431521806,0.9521614000000227,0.03120000000001255,0.9833653000000595,ok,same_stridge_core,Hx;D_x^1.28684 H;Hxxx;H*Hxxx,0.024407362709590506,1.10608561083773
0.7441367573991204,1.2986795982155934,0.0,-1.0533856569924374,0;0;-1.05338565699;0;0;0;0;0.074696901536;0;0;0;0,53218.65118695214,0.005,650,3e-06,1.2482366336035233,,0.00044248767019490633,0.5011891999999989,0.03789110000002438,0.5390849000000344,ok,same_stridge_core,Hx;H*Hxx,0.02,0.9289247264818105
0.7434254918974692,1.2812491653178546,0.0,-1.0553408573150056,0;0;-1.05534085732;0;0;0;0;0.0744126453265;0;0;0;0,53244.13210448837,0.005,651,3e-06,1.2493346705031056,,0.0004436446427031877,0.498184599999945,0.03306580000003123,0.5312556999999742,ok,same_stridge_core,Hx;H*Hxx,0.02,0.9298698778761755
0.7440786143164025,1.280946017440712,0.0,-1.0535453906898002,0;0;-1.05354539069;0;0;0;0;0.0746736925411;0;0;0;0,53244.57263572286,0.005,652,3e-06,1.248463058537932,,0.00044257622500633244,0.5158817999999883,0.05457689999991544,0.5704659000000447,ok,same_stridge_core,Hx;H*Hxx,0.02,0.9289956227235947
0.744358032915313,1.308147574467045,0.0,-1.0527779208917847,0;0;-1.05277792089;0;0;0;0;0.0747851666875;0;0;0;0,53204.70300644219,0.005,653,3e-06,1.2478930044424554,,0.00044216004128416276,0.9999200999999402,0.040886399999976675,1.0408158999999841,ok,same_stridge_core,Hx;H*Hxx,0.02,0.9286647864038022
0.7440957266889128,1.2992132151703764,0.0,-1.0534983778661344,0;0;-1.05349837787;0;0;0;0;0.0746805229265;0;0;0;0,53217.866825399506,0.005,654,3e-06,1.248281973428379,,0.0004425500681004822,0.9479483000000073,0.04554859999996097,0.9935030000000324,ok,same_stridge_core,Hx;H*Hxx,0.02,0.9289747724759819
0.7459804203094292,1.2875472412251,0.18454977123376382,-1.2248011024731957,0;0;-1.22480110247;0.184549771234;-1.87384472581;0;0;0;0.124351604862;0;0;0,53234.958062519094,0.005,655,3e-06,1.7448840102889558,,0.0006277202370029459,1.0580615999999736,0.05079590000002554,1.1088646000000608,ok,same_stridge_core,Hx;D_x^1.287547 H;Hxxx;H*Hxxx,0.02,1.1060645135387266
0.7444339811234861,1.0298070783717022,0.016811381133446688,-1.0467841369582835,0.0188950343843;0;-1.04678413696;0.0168113811334;0.363678064211;0;0;0.0868152762017;0;0;0;0,53562.67243958861,0.005,656,3e-06,1.6385687610953699,,0.00036201181367510714,0.9816423999999415,0.04851680000001579,1.0301643999999897,ok,same_stridge_core,1;Hx;D_x^1.029807 H;Hxxx;H*Hxx,0.015,0.8351286745015407
0.7444135060205671,1.2910014376363954,0.0,-1.052625602887919,0;0;-1.05262560289;0;0;0;0;0.0748072833914;0;0;0;0,53229.91006476267,0.005,657,3e-06,1.247981541363627,,0.00044208028509259414,0.32154879999995956,0.04448380000008001,0.36604060000001937,ok,same_stridge_core,Hx;H*Hxx,0.02,0.9286020809750511
0.7415696523216271,1.5603906905956912,0.13505572292118714,-1.1068084135420158,0;0;-1.10680841354;0.135055722921;-0.200068947598;0;0;0.037347861246;0;0;0;0,52932.86454834592,0.005,658,3e-06,1.533403953514753,,0.00041525461969682304,0.6915404999999737,0.05786039999998138,0.749408600000038,ok,same_stridge_core,Hx;D_x^1.560391 H;Hxxx;H*Hxx,0.015,0.898209578934602
0.7423756482812407,1.3086253867604496,0.07081627301884574,-1.078850424547228,0.0189155030189;0;-1.07885042455;0.0708162730188;0.298864817497;0;0;0.0683774309722;0;0;0;0,53203.99740756263,0.005,659,3e-06,1.6176253003144536,,0.0003510929755239856,0.5615093999999772,0.03925709999998617,0.6007726999999932,ok,same_stridge_core,1;Hx;D_x^1.308625 H;Hxxx;H*Hxx,0.01,0.8195653392010143
0.7448661573149373,1.287265655932535,0.18355644365602966,-1.2267561735172618,0;0;-1.22675617352;0.183556443656;-1.83441385828;0;0;0;0.119373861888;0;0;0,53235.369087045074,0.005,660,3e-06,1.7358638782965592,,0.0006172724579287489,0.9774711000000025,0.04601999999999862,1.0234993999999915,ok,same_stridge_core,Hx;D_x^1.287266 H;Hxxx;H*Hxxx,0.026039835330361655,1.0970394492520181
0.7448160975669131,1.2992109380017003,0.0,-1.051520638562919,0;0;-1.05152063856;0;0;0;0;0.0749676476819;0;0;0;0,53217.8702189489,0.005,661,3e-06,1.2474851634946549,,0.0004415302854006905,0.3161328000001049,0.04414039999994657,0.36027850000004946,ok,same_stridge_core,Hx;H*Hxx,0.02,0.9281779421809615
0.7452599494744181,1.3241863686907855,0.19611020095966109,-1.21513363261141,0;0;-1.21513363261;0.19611020096;-1.70134709104;0;0;0;0.118998912397;0;0;0,53180.94874740657,0.005,662,3e-06,1.6938128135628983,,0.0005727180940177727,0.3528169999999591,0.04109589999995933,0.3939223000000993,ok,same_stridge_core,Hx;D_x^1.324186 H;Hxxx;H*Hxxx,0.024407443613986446,1.0556414285940194
0.7433722570415975,1.2864088264529743,0.0,-1.0554872996963538,0;0;-1.0554872997;0;0;0;0;0.0743913370429;0;0;0;0,53236.61923666217,0.005,663,3e-06,1.249366966216478,,0.0004437376281324886,0.6082331000000067,0.042689100000075086,0.6509337999999616,ok,same_stridge_core,Hx;H*Hxx,0.02,0.9299472507965049
0.7435386089466928,1.3155059573016998,0.0,-1.0603496256050788,0;0;-1.06034962561;0;-0.116591534085;0;0;0.0732869124923;0;0;0;0,53193.82130676416,0.005,664,3e-06,1.4055153690255247,,0.0004403915008431109,0.958614099999977,0.04136130000006233,0.9999829000000773,ok,same_stridge_core,Hx;Hxxx;H*Hxx,0.02,0.9267709772646471
0.7448876901567965,1.306928225234651,0.0,-1.0513242308410797,0;0;-1.05132423084;0;0;0;0;0.0749961375778;0;0;0;0,53206.50291673349,0.005,665,3e-06,1.2473471710813722,,0.00044143781886653635,0.9554789999999684,0.046849400000041896,1.0023347000000058,ok,same_stridge_core,Hx;H*Hxx,0.02,0.9281081535809711
0.743945197762562,1.2928701547265735,0.0,-1.053911980437499,0;0;-1.05391198044;0;0;0;0;0.0746204205308;0;0;0;0,53227.174720666095,0.005,666,3e-06,1.2485257851235132,,0.00044278367575749535,0.5602825999999368,0.038669300000037765,0.5989594999999781,ok,same_stridge_core,Hx;H*Hxx,0.02,0.9291627367995167
0.7435002764057274,1.3165772576624764,0.0,-1.0604476420963946,0;0;-1.0604476421;0;-0.116429147727;0;0;0.0732732063685;0;0;0;0,53192.23464553238,0.005,667,3e-06,1.4055672274350504,,0.00044046549240594064,0.9241200999999819,0.03946889999997438,0.9635961000000179,ok,same_stridge_core,Hx;Hxxx;H*Hxx,0.02,0.9268371156252588
0.7451871887517327,1.3002827999851467,0.18811859665791122,-1.2224005870346355,0;0;-1.22240058703;0.188118596658;-1.7958161802;0;0;0;0.120464618898;0;0;0,53216.29404581963,0.005,668,3e-06,1.7216756828560613,,0.0006021516393192886,0.9301273999999466,0.037611099999935504,0.9677459000000681,ok,same_stridge_core,Hx;D_x^1.300283 H;Hxxx;H*Hxxx,0.024523049084953858,1.0830801543062258
0.744313842509249,1.296429032520855,0.0,-1.052899270096987,0;0;-1.0528992701;0;0;0;0;0.0747675474556;0;0;0;0,53221.956580072525,0.005,669,3e-06,1.248047054803322,,0.00044222421567936343,0.9371828999999252,0.03592660000003889,0.9731147999999621,ok,same_stridge_core,Hx;H*Hxx,0.02,0.9287153153228868
0.7455918913396904,1.2833959199196254,0.18286110974451641,-1.2266596862064678,0;0;-1.22665968621;0.182861109745;-1.87535988095;0;0;0;0.122625679624;0;0;0,53241.00952664957,0.005,670,3e-06,1.7472130007360733,,0.0006300551918931664,0.8391411999999718,0.028068700000062563,0.8672139999999899,ok,same_stridge_core,Hx;D_x^1.283396 H;Hxxx;H*Hxxx,0.03432677244324303,1.1083208864162786
0.745140678726747,1.3101959458154218,0.058675781765977764,-1.0589272139182628,0.0201692794241;0;-1.05892721392;0.058675781766;0.559811839149;0;0;0.0747265270885;-0.0305163906675;0;0;0,53201.6771945599,0.005,671,3e-06,1.7718737411183705,,0.0003451486427972627,0.8431589999999005,0.04098820000001524,0.8841519000000062,ok,same_stridge_core,1;Hx;D_x^1.310196 H;Hxxx;H*Hxx;H*Hxxx,0.01,0.8142435516162922
0.7449998513441378,1.306185412148436,0.0,-1.05661849950885,0;0;-1.05661849951;0;-0.122772638933;0;0;0.0738076808017;0;0;0;0,53207.59895364688,0.005,672,3e-06,1.4034634138931448,,0.00043790476200090733,0.8627847000000202,0.03754240000000664,0.9003366000000597,ok,same_stridge_core,Hx;Hxxx;H*Hxx,0.019786099865047247,0.9245950233103228
0.7444903297092182,1.3030120289231415,0.0,-1.052414686917894,0;0;-1.05241468692;0;0;0;0;0.0748379035275;0;0;0;0,53212.276763297974,0.005,673,3e-06,1.2477907954378613,,0.00044197144215535295,0.835850100000016,0.03303680000010445,0.8688916999999492,ok,same_stridge_core,Hx;H*Hxx,0.02,0.9285171348580734
0.7449254495986979,1.3030732226418158,0.0,-1.0512206533341457,0;0;-1.05122065333;0;0;0;0;0.0750111603017;0;0;0;0,53212.18672685563,0.005,674,3e-06,1.2473452141367003,,0.0004413897124210481,0.8851410999999416,0.04146820000005391,0.9266202999999678,ok,same_stridge_core,Hx;H*Hxx,0.019840669856459353,0.9280720937755664
0.7452575728745404,1.2952615980533888,0.18651641996153867,-1.223760688592833,0;0;-1.22376068859;0.186516419962;-1.81800788168;0;0;0;0.120970083515;0;0;0,53223.66944094453,0.005,675,3e-06,1.7286425732253585,,0.0006096757469429833,0.970488400000022,0.029482099999995626,0.9999791999999843,ok,same_stridge_core,Hx;D_x^1.295262 H;Hxxx;H*Hxxx,0.019937793959852772,1.0899585399340241
0.7456871388358419,1.2998889227912773,0.18840901650677355,-1.221671631716392,0;0;-1.22167163172;0.188409016507;-1.81555482924;0;0;0;0.1227419022;0;0;0,53216.873413654735,0.005,676,3e-06,1.7262140271299395,,0.0006072868867425438,0.8688146999999162,0.03932169999995949,0.9081440999999586,ok,same_stridge_core,Hx;D_x^1.299889 H;Hxxx;H*Hxxx,0.019500664227413467,1.0876115461660827
0.7445668775319481,1.3179159271652319,0.0,-1.0577229530824508,0;0;-1.05772295308;0;-0.120942099477;0;0;0.0736537182827;0;0;0;0,53190.25097044302,0.005,677,3e-06,1.4038816497643736,,0.0004385739061501873,0.8916993999999931,0.03250339999999596,0.9242073000000346,ok,same_stridge_core,Hx;Hxxx;H*Hxx,0.02,0.9251693910303863
0.746039258543269,1.2756755516100844,0.04762585132576625,-1.0515672104474734,0.0204887621822;0;-1.05156721045;0.0476258513258;0.585596893782;0;0;0.0786873905051;-0.0319914332149;0;0;0,53252.216590418895,0.005,678,3e-06,1.7736576467250957,,0.00034532018204527933,0.8536883999998963,0.04330399999992096,0.8969983000000639,ok,same_stridge_core,1;Hx;D_x^1.275676 H;Hxxx;H*Hxx;H*Hxxx,0.01,0.8151177480975556
0.7456830647978676,1.2879347729744681,0.18443836016813236,-1.22518794870886,0;0;-1.22518794871;0.184438360168;-1.8615865796;0;0;0;0.123021776627;0;0;0,53234.39232139697,0.005,679,3e-06,1.7418342514225233,,0.0006242197479285429,0.8525505999999723,0.030759299999999712,0.8833148999999594,ok,same_stridge_core,Hx;D_x^1.287935 H;Hxxx;H*Hxxx,0.02440829957753476,1.1030215435657598
0.745373956515657,1.306847288353081,0.19045236707269422,-1.2201381555163575,0;0;-1.22013815552;0.190452367073;-1.77653150548;0;0;0;0.120966750691;0;0;0,53206.62234062334,0.005,680,3e-06,1.7150104827495205,,0.000595128612027127,0.2585146999999779,0.030323500000008607,0.2888430000000426,ok,same_stridge_core,Hx;D_x^1.306847 H;Hxxx;H*Hxxx,0.024990347503660196,1.0765310146620404
0.7434254918974692,1.5483324406610999,0.12615901021747913,-1.1015722039032783,0;0;-1.1015722039;0.126159010217;-0.215118255838;0;0;0.039723400154;0;0;0;0,52930.25689612652,0.005,681,3e-06,1.5320985631140036,,0.00041332565381674145,0.5732091999999511,0.03074760000004062,0.6039617000000135,ok,same_stridge_core,Hx;D_x^1.548332 H;Hxxx;H*Hxx,0.02446523456895221,0.8969354803604853
0.7440786143164025,1.2904105039918732,0.0,-1.0535453906898002,0;0;-1.05354539069;0;0;0;0;0.0746736925411;0;0;0;0,53230.774549594455,0.005,682,3e-06,1.248380270021161,,0.00044257622500633244,0.46752919999994447,0.03820259999997688,0.5057401999999911,ok,same_stridge_core,Hx;H*Hxx,0.02,0.9289956227235944
0.7449088282975285,1.308147574467045,0.0,-1.056850606730863,0;0;-1.05685060673;0;-0.122387813864;0;0;0.0737753375697;0;0;0;0,53204.70300644219,0.005,683,3e-06,1.403553173530396,,0.0004380407444680084,0.2961344000000281,0.04263159999993604,0.33877109999991717,ok,same_stridge_core,Hx;Hxxx;H*Hxx,0.02,0.9247108464724164
0.7451693323118015,1.3043875880488092,0.18946180085163644,-1.2212158437286484,0;0;-1.22121584373;0.189461800852;-1.77890915592;0;0;0;0.120179365124;0;0;0,53210.250188912956,0.005,684,3e-06,1.71641946476268,,0.0005965256066488761,0.8399342999999817,0.029397999999901003,0.8693371000000525,ok,same_stridge_core,Hx;D_x^1.304388 H;Hxxx;H*Hxxx,0.020432685125332195,1.0778964624957246
0.7453270964712848,1.2915942010882304,0.18536062594294703,-1.224718501089425,0;0;-1.22471850109;0.185360625943;-1.83469027353;0;0;0;0.121375468997;0;0;0,53229.042833081956,0.005,685,3e-06,1.7339881133446278,,0.0006154905400047837,0.8387942000000521,0.03155579999997826,0.8703568999999334,ok,same_stridge_core,Hx;D_x^1.291594 H;Hxxx;H*Hxxx,0.019495956468711897,1.0952395993476443
0.7445369267758757,1.025380722435731,0.01634216784352469,-1.045979839142855,0.0189023366868;0;-1.04597983914;0.0163421678435;0.366591332585;0;0;0.0870648080599;0;0;0;0,53567.36959290641,0.005,686,3e-06,1.6386058430725678,,0.0003619723510089886,0.8116831999999476,0.03247740000006161,0.8441645999999992,ok,same_stridge_core,1;Hx;D_x^1.025381 H;Hxxx;H*Hxx,0.015,0.8350952991789716
0.7466238647387401,1.2916450242255013,0.05005785645405909,-1.049724912407506,0.0205890903868;0;-1.04972491241;0.0500578564541;0.581638097056;0;0;0.0785083813466;-0.0297459329186;0;0;0,53228.968345845205,0.005,687,3e-06,1.7712848313178893,,0.00034385005437220144,0.8651824999999462,0.04137100000002647,0.9065575999999282,ok,same_stridge_core,1;Hx;D_x^1.291645 H;Hxxx;H*Hxx;H*Hxxx,0.01,0.8131634010926757
0.74527604488722,1.3239808446269443,0.0,-1.055914449096647,0;0;-1.0559144491;0;-0.123939816324;0;0;0.0739057442735;0;0;0;0,53181.253823273204,0.005,688,3e-06,1.4028905638540086,,0.0004375074834700392,0.9017410000000154,0.04698380000002089,0.9487363000000641,ok,same_stridge_core,Hx;Hxxx;H*Hxx,0.01950541590995374,0.9242592794445498
0.7453490188643054,1.3132204647961248,0.19254577910697304,-1.2182785796964264,0;0;-1.2182785797;0.192545779107;-1.74986240284;0;0;0;0.120411717622;0;0;0,53197.20456023265,0.005,689,3e-06,1.707131121757767,,0.0005867548441330795,0.8762553000000253,0.02951810000001842,0.9057813000000579,ok,same_stridge_core,Hx;D_x^1.31322 H;Hxxx;H*Hxxx,0.019492913757495806,1.0687646670349753
0.7445373228192644,1.3179159271652319,0.0,-1.057798372828437,0;0;-1.05779837283;0;-0.120817000606;0;0;0.0736431987539;0;0;0;0,53190.25097044302,0.005,690,3e-06,1.403923012524296,,0.00043862166177776045,0.0015916999999490145,0.03250660000003336,0.0341028999999935,ok,same_stridge_core,Hx;Hxxx;H*Hxx,0.02,0.9252107537903088
0.744694902325993,1.3009191398708346,0.0,-1.051853185524207,0;0;-1.05185318552;0;0;0;0;0.0749193981257;0;0;0;0,53215.357841086945,0.005,691,3e-06,1.2475922867471627,,0.0004416906209516185,0.8523457999999664,0.04559259999996357,0.8979446999999254,ok,same_stridge_core,Hx;H*Hxx,0.02,0.928300139700641
0.7445511788641188,1.2707587152493305,0.05441730420385405,-1.0641850672124686,0.0195816861414;0;-1.06418506721;0.0544173042039;0.338030062157;0;0;0.0750292332247;0;0;0;0,53259.320203945455,0.005,692,3e-06,1.6170483414168428,,0.000349114186340158,0.928448000000003,0.04039340000008451,0.9688487000000805,ok,same_stridge_core,1;Hx;D_x^1.270759 H;Hxxx;H*Hxx,0.015,0.8181585383576611
0.7433722570415975,1.2945951569764906,0.0,-1.0554872996963542,0;0;-1.0554872997;0;0;0;0;0.0743913370429;0;0;0;0,53224.64680580952,0.005,693,3e-06,1.2492951316313619,,0.0004437376281324885,0.5278604000000087,0.03789840000001732,0.5657660000000533,ok,same_stridge_core,Hx;H*Hxx,0.02,0.9299472507965048
0.7441952893064422,1.3084173404390493,0.0,-1.0532248716482873,0;0;-1.05322487165;0;0;0;0;0.0747202546262;0;0;0;0,53204.304588425024,0.005,694,3e-06,1.2480801602561526,,0.0004423994794235624,0.9231374999999389,0.04195530000004055,0.9650982999999087,ok,same_stridge_core,Hx;H*Hxx,0.02,0.9288543327256024
0.744306413668748,1.3075436864996794,0.0,-1.052919671165662,0;0;-1.05291967117;0;0;0;0;0.0747645851707;0;0;0;0,53205.594635261405,0.005,695,3e-06,1.2479575099605498,,0.0004422351325357365,0.8635891999999785,0.03254129999993438,0.896135299999969,ok,same_stridge_core,Hx;H*Hxx,0.02,0.9287239421489812
0.7459338580649568,1.2911665112000867,0.1857150211051175,-1.2238220201289163,0;0;-1.22382202013;0.185715021105;-1.85837284527;0;0;0;0.1241027803;0;0;0,53229.668701750554,0.005,696,3e-06,1.739626527353348,,0.0006219493342377194,0.852485799999954,0.03461909999998625,0.8871100999999726,ok,same_stridge_core,Hx;D_x^1.291167 H;Hxxx;H*Hxxx,0.02,1.1008705029323413
0.7473292934388145,1.2798247729569279,0.045492758485580834,-1.0450712077377293,0.0207826944768;0;-1.04507120774;0.0454927584856;0.594859426313;0;0;0.0804570296407;-0.0297250743093;0;0;0,53246.20134281538,0.005,697,3e-06,1.7713747324776623,,0.0003434531105887189,0.8831226999999444,0.05012720000001991,0.9332604999999603,ok,same_stridge_core,1;Hx;D_x^1.279825 H;Hxxx;H*Hxx;H*Hxxx,0.01,0.8129431083069855
0.7445451651752064,1.291432139294985,0.0,-1.0522641545193372,0;0;-1.05226415452;0;0;0;0;0.0748597554475;0;0;0;0,53229.27990218178,0.005,698,3e-06,1.2478331470607835,,0.00044189488301421765,0.9493279000000712,0.046073699999965356,0.9954100999999582,ok,same_stridge_core,Hx;H*Hxx,0.02,0.9284574676476928
0.7444163090527391,1.2856508437453265,0.0,-1.052617906388633,0;0;-1.05261790639;0;0;0;0;0.0748084014728;0;0;0;0,53237.72449430014,0.005,699,3e-06,1.2480253426332615,,0.0004420762833322494,0.541291200000046,0.04372520000003988,0.5850241000000551,ok,same_stridge_core,Hx;H*Hxx,0.02,0.9285989956674605
0.747508209235924,1.2876157955210077,0.046885094202599654,-1.0447425374632755,0.0208087179116;0;-1.04474253746;0.0468850942026;0.591798358573;0;0;0.0802123968403;-0.0287831003412;0;0;0,53234.85800523607,0.005,700,3e-06,1.7704038045985868,,0.00034289786466228415,0.9674877000001061,0.053279299999985597,1.0207717999999204,ok,same_stridge_core,1;Hx;D_x^1.287616 H;Hxxx;H*Hxx;H*Hxxx,0.01,0.8121763605043375
0.7452673725144271,1.2824379407940532,0.18228604409829774,-1.2274812962116328,0;0;-1.22748129621;0.182286044098;-1.8671452889;0;0;0;0.121177184384;0;0;0,53242.40350071724,0.005,701,3e-06,1.7457435882462486,,0.000628262242302069,0.9581545999999435,0.034595500000023094,0.9927576999999701,ok,same_stridge_core,Hx;D_x^1.282438 H;Hxxx;H*Hxxx,0.01999898009398009,1.1068347462376418
0.7445280728234491,1.303102956444294,0.0,-1.052311075408297,0;0;-1.05231107541;0;0;0;0;0.0748529453949;0;0;0;0,53212.1428868257,0.005,702,3e-06,1.2477487176475395,,0.000441918677081037,0.9332157999999708,0.03673479999997653,0.969959499999959,ok,same_stridge_core,Hx;H*Hxx,0.02,0.9284758603265852
0.747442186015758,1.2685005330056345,0.04265742155876863,-1.0435608462135848,0.0208280530251;0;-1.04356084621;0.0426574215588;0.60307847623;0;0;0.0813881603592;-0.0305804266253;0;0;0,53262.57326480907,0.005,703,3e-06,1.7722659002582493,,0.0003438020733141527,0.8977012000000286,0.04915809999999965,0.9468683000000055,ok,same_stridge_core,1;Hx;D_x^1.268501 H;Hxxx;H*Hxx;H*Hxxx,0.01,0.8135395814916859
0.7446486189329193,1.311762548672147,0.0,-1.0575143632883302,0;0;-1.05751436329;0;-0.121287513569;0;0;0.0736828080646;0;0;0;0,53199.361217285266,0.005,704,3e-06,1.4038507709045744,,0.00043844329852355776,0.8750761999999668,0.04093760000000657,0.9160212999998976,ok,same_stridge_core,Hx;Hxxx;H*Hxx,0.02,0.925056519949007
0.74236171060533,1.3047571167592211,0.0,-1.058269938264031,0;0;-1.05826993826;0;0;0;0;0.0739860141674;0;0;0;0,53209.70520627001,0.005,705,3e-06,1.2508554868032946,,0.00044567337156579224,0.49674640000000636,0.036522000000104526,0.5332737999999608,ok,same_stridge_core,Hx;H*Hxx,0.02156666666666667,0.9315972555656745
0.7431848205314746,1.3097615183872104,0.0,-1.0560030289791205,0;0;-1.05600302898;0;0;0;0;0.074316279151;0;0;0;0,53202.31917937061,0.005,706,3e-06,1.2494415636719283,,0.0004440721609205501,0.8519248999999718,0.04822079999996731,0.9001573000000462,ok,same_stridge_core,Hx;H*Hxx,0.020470483193277326,0.9302276485957047
0.7449290708209152,1.288525063364782,0.18402241877999445,-1.2262840832143358,0;0;-1.22628408321;0.18402241878;-1.83192667706;0;0;0;0.119641122432;0;0;0,53233.53022234926,0.005,707,3e-06,1.7347222211856945,,0.0006160691480150428,0.8819297000000006,0.03753740000001926,0.9194764999999734,ok,same_stridge_core,Hx;D_x^1.288525 H;Hxxx;H*Hxxx,0.02,1.0959198585175034
0.7433306334612413,1.3005494171367493,0.0,-1.055601809508829,0;0;-1.05560180951;0;0;0;0;0.0743746763405;0;0;0;0,53215.9019299324,0.005,708,3e-06,1.2493039100445946,,0.00044381097909575987,0.8698206000000255,0.03563110000004599,0.9054611999999906,ok,same_stridge_core,Hx;H*Hxx,0.02,0.9300084984650001
0.7464837657068542,1.312771032258074,0.19338933458978785,-1.2164827510052985,0;0;-1.21648275101;0.19338933459;-1.79291494035;0;0;0;0.125621379974;0;0;0,53197.86949070329,0.005,709,3e-06,1.7165259911783326,,0.0005973063854854063,0.8794243000000961,0.038673099999982696,0.9181025999999974,ok,same_stridge_core,Hx;D_x^1.312771 H;Hxxx;H*Hxxx,0.02452423989266095,1.0781515572898932
0.7441367573991204,1.2875696105192362,0.0,-1.0533856569924374,0;0;-1.05338565699;0;0;0;0;0.074696901536;0;0;0;0,53234.92532415955,0.005,710,3e-06,1.2483342784267677,,0.00044248767019490633,0.4937229000000798,0.033176800000092044,0.526907299999948,ok,same_stridge_core,Hx;H*Hxx,0.02,0.9289247264818105
0.7434254918974692,1.2845387968328725,0.0,-1.0553408573150047,0;0;-1.05534085732;0;0;0;0;0.0744126453265;0;0;0;0,53239.34517788714,0.005,711,3e-06,1.2493059489434986,,0.0004436446427031877,0.4923862000000554,0.03227670000001126,0.5246683999999959,ok,same_stridge_core,Hx;H*Hxx,0.02,0.9298698778761756
0.7440786143164025,1.3101268686468923,0.0,-1.0535453906898002,0;0;-1.05354539069;0;0;0;0;0.0746736925411;0;0;0;0,53201.77921155751,0.005,712,3e-06,1.2482062979929394,,0.00044257622500633244,0.5015088000000105,0.032907799999975396,0.5344217000000526,ok,same_stridge_core,Hx;H*Hxx,0.02,0.9289956227235943
0.7440673420405761,1.274736919952514,0.0,-1.0535763603226305,0;0;-1.05357636032;0;0;0;0;0.0746691928562;0;0;0;0,53253.57471496483,0.005,713,3e-06,1.2485310231266986,,0.00044259360110519743,0.8697562999999491,0.03303579999999329,0.9027996999999459,ok,same_stridge_core,Hx;H*Hxx,0.02,0.9290095748369096
0.7468239886089727,1.2927205311420098,0.04982164607811439,-1.0487497269411936,0.0206339583545;0;-1.04874972694;0.0498216460781;0.582820615368;0;0;0.0787559197051;-0.0293600378857;0;0;0,53227.39380963907,0.005,714,3e-06,1.7708936617390072,,0.0003435439128469678,0.8896177999999964,0.04539820000002237,0.9350222000000485,ok,same_stridge_core,1;Hx;D_x^1.292721 H;Hxxx;H*Hxx;H*Hxxx,0.01,0.8128005731655039
0.7453798913756371,1.2857238313210921,0.18346188869519087,-1.226340573217134,0;0;-1.22634057322;0.183461888695;-1.85892797289;0;0;0;0.121681431141;0;0;0,53237.61814738629,0.005,715,3e-06,1.7422432942829618,,0.0006244980593117463,0.8778918000000431,0.04464789999997265,0.9225480000000061,ok,same_stridge_core,Hx;D_x^1.285724 H;Hxxx;H*Hxxx,0.02,1.1033918765143262
0.742838932276183,1.3504090267674231,0.05812348751067074,-1.103771820741747,0;0;-1.10377182074;0.0581234875107;-0.320258095027;0;0;0.0525199366623;0;0;0;0,53141.960550184274,0.005,716,3e-06,1.5468421160846133,,0.00042172663057139516,0.90854360000003,0.034431400000016765,0.942984000000024,ok,same_stridge_core,Hx;D_x^1.350409 H;Hxxx;H*Hxx,0.016168831168831162,0.9091385894824021
0.7455005852383997,1.3312529177309245,0.19868580513045173,-1.2125808675281875,0;0;-1.21258086753;0.19868580513;-1.68033873498;0;0;0;0.119309459362;0;0;0,53170.44910939875,0.005,717,3e-06,1.6877701103601117,,0.0005665353856236055,0.9236629999999195,0.03316210000002684,0.9568299000000025,ok,same_stridge_core,Hx;D_x^1.331253 H;Hxxx;H*Hxxx,0.01999223160682156,1.0497247210473266
0.7415696523216271,1.2801577539244418,0.0,-1.0604546092352696,0;0;-1.06045460924;0;0;0;0;0.0736671958855;0;0;0;0,53245.71778687922,0.005,718,3e-06,1.2526033781033665,,0.00044741853012760874,0.5254139000001032,0.03687170000000606,0.5622909999999592,ok,same_stridge_core,Hx;H*Hxx,0.019936964124443225,0.9331290713820912
0.7457002568979056,1.3114691394897462,0.1922709225011539,-1.2182050804736682,0;0;-1.21820508047;0.192270922501;-1.76976249478;0;0;0;0.122146443901;0;0;0,53199.79511155587,0.005,719,3e-06,1.7119484332489543,,0.0005920354530690519,0.8574948000000404,0.03505599999994047,0.8925560000000132,ok,same_stridge_core,Hx;D_x^1.311469 H;Hxxx;H*Hxxx,0.02,1.0735508919102839
0.7452316584093469,1.2844233805648808,0.18291324815122495,-1.2269667180179813,0;0;-1.22696671802;0.182913248151;-1.8584261731;0;0;0;0.121022689531;0;0;0,53239.51333774528,0.005,720,3e-06,1.742742637187567,,0.0006249607404170285,0.2796081999999842,0.03155179999998836,0.31116560000009486,ok,same_stridge_core,Hx;D_x^1.284423 H;Hxxx;H*Hxxx,0.029369793854940655,1.1038684771346237
0.7451806058332506,1.3223386358526623,0.1954240891491565,-1.2158268861657209,0;0;-1.21582688617;0.195424089149;-1.70616607393;0;0;0;0.118823739575;0;0;0,53183.69154584718,0.005,721,3e-06,1.6953051092599534,,0.0005742401533036668,0.9052467999999863,0.045602200000075754,0.9508577000000287,ok,same_stridge_core,Hx;D_x^1.322339 H;Hxxx;H*Hxxx,0.02,1.0571008107097872
0.7460622631495164,1.3003631471778865,0.18888211021933982,-1.2208972333233277,0;0;-1.22089723332;0.188882110219;-1.82731212273;0;0;0;0.124415176121;0;0;0,53216.1759325611,0.005,722,3e-06,1.7286686612792832,,0.0006101307273968954,0.930501100000015,0.032095700000013494,0.9626032999999552,ok,same_stridge_core,Hx;D_x^1.300363 H;Hxxx;H*Hxxx,0.01993708782959691,1.09007455008855
0.7439016989321501,1.3091200762959578,0.0,-1.0540315244100573,0;0;-1.05403152441;0;0;0;0;0.0746030469027;0;0;0;0,53203.26672176949,0.005,723,3e-06,1.2484381328664917,,0.00044285248304565576,0.9094396000000415,0.03278260000001865,0.9422308999999132,ok,same_stridge_core,Hx;H*Hxx,0.02,0.9292185325358748
0.7445332279099094,1.3361089956409273,0.0,-1.057808820042142,0;0;-1.05780882004;0;-0.120799622628;0;0;0.0736417419365;0;0;0;0,53163.22747718176,0.005,724,3e-06,1.4036854989675716,,0.0004386282794836405,0.5544982000000118,0.033547999999996136,0.5880511000000297,ok,same_stridge_core,Hx;Hxxx;H*Hxx,0.02,0.9252164516729358
0.7448876901567965,1.8415621494658572,0.0,-1.0513242308410804,0;0;-1.05132423084;0;0;0;0;0.0749961375778;0;0;0;0,57675.563359848966,0.005,725,3e-06,1.2741615337400645,,0.00044143781886653635,0.4881189000000177,0.03357579999999416,0.5217002000000548,ok,same_stridge_core,Hx;H*Hxx,0.019499038114811088,0.9281081535809708
0.7446473689279598,1.3069435901912103,0.0,-1.0519836340141866,0;0;-1.05198363401;0;0;0;0;0.0749004683927;0;0;0;0,53206.480294611625,0.005,726,3e-06,1.2475881992876439,,0.000441754789545871,0.9304996999999275,0.03548990000001595,0.9660023000000137,ok,same_stridge_core,Hx;H*Hxx,0.02,0.9283493175199741
0.7449338077702998,1.2886698439258353,0.18407398749478743,-1.226233965216368,0;0;-1.22623396522;0.184073987495;-1.83154878111;0;0;0;0.119660432088;0;0;0,53233.31860616334,0.005,727,3e-06,1.734570537376484,,0.0006159074237997409,1.0220299000000068,0.03451350000000275,1.0565490000000182,ok,same_stridge_core,Hx;D_x^1.28867 H;Hxxx;H*Hxxx,0.019440902531707483,1.095770714102524
0.7444804494474,1.292926541719244,0.0,-1.0524418090074081,0;0;-1.05244180901;0;0;0;0;0.0748339674789;0;0;0;0,53227.09205991553,0.005,728,3e-06,1.247890517212804,,0.00044198536951719483,0.9665542999999843,0.03513219999990724,1.0016957000000275,ok,same_stridge_core,Hx;H*Hxx,0.02,0.9285279648533108
0.7458839945103665,1.2915797946663068,0.18581164974885056,-1.2237849274388475,0;0;-1.22378492744;0.185811649749;-1.85497944886;0;0;0;0.123872527358;0;0;0,53229.06387636161,0.005,729,3e-06,1.7386570415199114,,0.0006208658761511003,0.9273088999999572,0.03251079999995454,0.9598253000000341,ok,same_stridge_core,Hx;D_x^1.29158 H;Hxxx;H*Hxxx,0.029997985046992984,1.0999082750035722
0.7470902177822192,1.2739635183088076,0.04471594850014228,-1.045864117491567,0.0207376199725;0;-1.04586411749;0.0447159485001;0.59632328481;0;0;0.0804720625574;-0.0305994131122;0;0;0,53254.69303802252,0.005,730,3e-06,1.7722579381546981,,0.00034400784974724985,0.9011715000000322,0.04217719999996916,0.9433535000000575,ok,same_stridge_core,1;Hx;D_x^1.273964 H;Hxxx;H*Hxx;H*Hxxx,0.01,0.8136734634702927
0.7451225124508317,1.8045792586306377,0.0,-1.0506802018008925,0;0;-1.0506802018;0;0;0;0;0.0750895283322;0;0;0;0,55980.975651975925,0.005,731,3e-06,1.2637766726321713,,0.00044114552068367396,0.28880480000009356,0.03768409999997857,0.3264987000000019,ok,same_stridge_core,Hx;H*Hxx,0.035,0.9278908187203158
0.7447599772065037,1.300651059615688,0.057108686048400754,-1.0602730869634762,0.0201127319471;0;-1.06027308696;0.0571086860484;0.560655514882;0;0;0.0748144970695;-0.0317995849783;0;0;0,53215.75229415167,0.005,732,3e-06,1.7733728383647447,,0.0003460900618490905,0.9384122999999818,0.035894199999916054,0.9743164999999863,ok,same_stridge_core,1;Hx;D_x^1.300651 H;Hxxx;H*Hxx;H*Hxxx,0.01,0.8154892970700146
0.7441969032780209,1.3015883376214459,0.0,-1.0532204386849888,0;0;-1.05322043868;0;0;0;0;0.074720897891;0;0;0;0,53214.373077143326,0.005,733,3e-06,1.2481387024572301,,0.0004423970568332081,0.8869736999999986,0.033479699999929835,0.9204580000000533,ok,same_stridge_core,Hx;H*Hxx,0.02,0.9288524639943703
0.7446748109942392,1.3151222203108435,0.0,-1.0574475361637197,0;0;-1.05744753616;0;-0.121398264999;0;0;0.0736921267804;0;0;0;0,53194.3895676517,0.005,734,3e-06,1.403770348972804,,0.00043840181927255837,0.8639964999999847,0.0400021000000379,0.9040061999999125,ok,same_stridge_core,Hx;Hxxx;H*Hxx,0.02,0.9250208428639386
0.7457855706682729,1.2918931704009653,0.18583522501162394,-1.2238588511266424,0;0;-1.22385885113;0.185835225012;-1.85020402787;0;0;0;0.123425866815;0;0;0,53228.60529606683,0.005,735,3e-06,1.7374159989837148,,0.0006194612756503392,0.9347351000000117,0.034972199999970144,0.9697139999999536,ok,same_stridge_core,Hx;D_x^1.291893 H;Hxxx;H*Hxxx,0.01944073472273462,1.098672735430913
0.7438054406425517,1.3128566659412442,0.0,-1.0542960902641494,0;0;-1.05429609026;0;0;0;0;0.0745645878729;0;0;0;0,53197.74287155811,0.005,736,3e-06,1.2485304674359976,,0.00044300677583880273,0.9466019999999844,0.038412200000038865,0.9850222999999687,ok,same_stridge_core,Hx;H*Hxx,0.02,0.9293440102066489
0.7435163237568823,1.3100072668927114,0.0,-1.0550910269785507,0;0;-1.05509102698;0;0;0;0;0.0744489900474;0;0;0;0,53201.95607536875,0.005,737,3e-06,1.2489512446674207,,0.00044348794691745314,0.8517616999999973,0.03545659999997497,0.8872271000000183,ok,same_stridge_core,Hx;H*Hxx,0.02,0.9297395082152082
0.7444880727296833,1.3021448688982824,0.0,-1.052420880509511,0;0;-1.05242088051;0;0;0;0;0.0748370046277;0;0;0;0,53213.55382371744,0.005,738,3e-06,1.2478009115508302,,0.00044197462961942065,0.8697018000000298,0.03831049999996594,0.9080234000000473,ok,same_stridge_core,Hx;H*Hxx,0.02,0.9285195886085255
0.7437242133203893,1.284907373725635,0.0,-1.0545193850930286,0;0;-1.05451938509;0;0;0;0;0.0745321252099;0;0;0;0,53238.808211421885,0.005,739,3e-06,1.248885252845724,,0.0004431393208222394,0.8399908000000096,0.03358969999999317,0.8735871000000088,ok,same_stridge_core,Hx;H*Hxx,0.02,0.9294524035771927
0.7445888533800181,1.3134962210191232,0.0,-1.0576668695089015,0;0;-1.05766686951;0;-0.12103493517;0;0;0.0736615405724;0;0;0;0,53196.79647706882,0.005,740,3e-06,1.4039099625577272,,0.00043853862579429397,0.8346533000000136,0.032637800000088646,0.8672954999999547,ok,same_stridge_core,Hx;Hxxx;H*Hxx,0.02,0.9251387942641077
0.7461553119750132,1.272040230022246,0.1795340091002658,-1.2289806493183455,0;0;-1.22898064932;0.1795340091;-1.93734242829;0;0;0;0.124871836973;0;0;0,53257.471327440835,0.005,741,3e-06,1.7681552266048686,,0.0006535815215045385,0.8535981999999649,0.041285200000061195,0.8948898999999528,ok,same_stridge_core,Hx;D_x^1.27204 H;Hxxx;H*Hxxx,0.0199369664957007,1.1290655706755786
0.7439960541595981,1.2994140496484197,0.0,-1.0537722287562346,0;0;-1.05377222876;0;0;0;0;0.0746407308611;0;0;0;0,53217.571591494954,0.005,742,3e-06,1.2484039064644845,,0.00044270396948793846,0.8531272999999828,0.03191229999993084,0.8850472999999965,ok,same_stridge_core,Hx;H*Hxx,0.02,0.9290984769155147
0.7467910257513848,1.3111871900670242,0.054591895907611855,-1.050284944188561,0.0205695663;0;-1.05028494419;0.0545918959076;0.573293710483;0;0;0.0773774783066;-0.0279544182654;0;0;0,53200.21193733501,0.005,743,3e-06,1.7692390079198475,,0.0003428247008954001,0.8490911999999753,0.04215660000011212,0.891253299999903,ok,same_stridge_core,1;Hx;D_x^1.311187 H;Hxxx;H*Hxx;H*Hxxx,0.01,0.8116351930478173
0.7451665835288362,1.2977708163877126,0.187270453692137,-1.2231762783114764,0;0;-1.22317627831;0.187270453692;-1.80492202324;0;0;0;0.120474252773;0;0;0,53219.98643182405,0.005,744,3e-06,1.724687909249607,,0.0006053717374960334,0.9201710000000958,0.034413399999948524,0.9545976000000564,ok,same_stridge_core,Hx;D_x^1.297771 H;Hxxx;H*Hxxx,0.024473470516251077,1.0860480720677184
0.7435140776923657,1.2989109946322872,0.0,-1.0550972054837844,0;0;-1.05509720548;0;0;0;0;0.0744480924414;0;0;0;0,53218.31111356361,0.005,745,3e-06,1.2490526631489787,,0.00044349178101915675,0.41912620000005063,0.03507979999994859,0.45421569999996336,ok,same_stridge_core,Hx;H*Hxx,0.02,0.9297427964675969
0.7448637036584425,1.2779274660920918,0.18048043086520563,-1.2294567041636248,0;0;-1.22945670416;0.180480430865;-1.86914267475;0;0;0;0.119334398676;0;0;0,53248.95416327513,0.005,746,3e-06,1.7484722301481146,,0.0006310237551337937,0.7300104999999348,0.03347669999993741,0.7634931000000051,ok,same_stridge_core,Hx;D_x^1.277927 H;Hxxx;H*Hxxx,0.019452639411580094,1.109484780188813
0.746089788571773,1.297552973911964,0.18796883656573815,-1.2216815174369846,0;0;-1.22168151744;0.187968836566;-1.83932899378;0;0;0;0.124643514479;0;0;0,53220.306387572535,0.005,747,3e-06,1.7325230442433557,,0.0006143139065829029,1.0168737000000192,0.036052899999958754,1.0529401999999664,ok,same_stridge_core,Hx;D_x^1.297553 H;Hxxx;H*Hxxx,0.019803835345940626,1.0938793675924852
0.7450920028543537,1.299943473589457,0.18792611802436424,-1.2226617560670174,0;0;-1.22266175607;0.187926118024;-1.79368470213;0;0;0;0.120048630986;0;0;0,53216.79306843005,0.005,748,3e-06,1.7213388955666815,,0.0006017413234209471,1.0229716000000053,0.031847000000084336,1.0548238000000083,ok,same_stridge_core,Hx;D_x^1.299943 H;Hxxx;H*Hxxx,0.03432680600445307,1.082737378745521
0.7423756482812407,1.3160436635520092,0.0,-1.0582315229853898,0;0;-1.05823152299;0;0;0;0;0.0739916169405;0;0;0;0,53193.02491461329,0.005,749,3e-06,1.250730202363274,,0.0004456444362687157,0.5637695000000349,0.04783970000005411,0.6116224999999531,ok,same_stridge_core,Hx;H*Hxx,0.020500000000000004,0.9315720528755944
0.745302739748003,1.2856087741185092,0.1833618553629837,-1.2265035699363849,0;0;-1.22650356994;0.183361855363;-1.85655644972;0;0;0;0.121337433445;0;0;0,53237.78590427512,0.005,750,3e-06,1.7417449359025086,,0.0006239114083546389,1.0683395999999448,0.03199969999991481,1.1003498999999692,ok,same_stridge_core,Hx;D_x^1.285609 H;Hxxx;H*Hxxx,0.024929134521532198,1.1028915050512071
0.7453288275640308,1.3123362336815982,0.19223451978052225,-1.2185774809351269,0;0;-1.21857748094;0.192234519781;-1.75272634813;0;0;0;0.120386991033;0;0;0,53198.5127538537,0.005,751,3e-06,1.7080271488766798,,0.0005876925925583405,0.9950742000000901,0.04063399999995454,1.035716099999945,ok,same_stridge_core,Hx;D_x^1.312336 H;Hxxx;H*Hxxx,0.02,1.0696449958304355
0.7414930595128199,1.2878140755135385,0.0,-1.0606660432340769,0;0;-1.06066604323;0;0;0;0;0.0736363128212;0;0;0;0,53234.568458760456,0.005,752,3e-06,1.252695910125184,,0.0004475979590449093,0.6443963000000394,0.04005680000000211,0.6844586999999365,ok,same_stridge_core,Hx;H*Hxx,0.020432685125332195,0.9332884993726213
0.7449079198069702,1.2928161378629888,0.18541967433840728,-1.225067323118842,0;0;-1.22506732312;0.185419674338;-1.81473139592;0;0;0;0.11946342505;0;0;0,53227.25374844022,0.005,753,3e-06,1.7289397784267226,,0.0006098090469135761,1.0063996000000088,0.03383489999998801,1.0402425000000903,ok,same_stridge_core,Hx;D_x^1.292816 H;Hxxx;H*Hxxx,0.02,1.09021273344544
0.7450561412593717,1.2999997016366878,0.18791446813307888,-1.2227058168693967,0;0;-1.22270581687;0.187914468133;-1.79215728723;0;0;0;0.119883812555;0;0;0,53216.71056303808,0.005,754,3e-06,1.7209808162193663,,0.000601339297704289,1.0990421999999853,0.03245629999992161,1.1315095999999585,ok,same_stridge_core,Hx;D_x^1.3 H;Hxxx;H*Hxxx,0.01944073306726508,1.0823802894629093
0.7448444149825592,1.2924682103213978,0.0,-1.0514429473403109,0;0;-1.05144294734;0;0;0;0;0.0749789160928;0;0;0;0,53227.76328177564,0.005,755,3e-06,1.2475166888239757,,0.0004414935690212359,0.8600645000000213,0.03190580000000409,0.8919762000000446,ok,same_stridge_core,Hx;H*Hxx,0.019605016698700916,0.928150109133322
0.745163833042576,1.299656817321663,0.18789184504653658,-1.2226248926772427,0;0;-1.22262489268;0.187891845047;-1.79742832616;0;0;0;0.120386117475;0;0;0,53217.21467235768,0.005,756,3e-06,1.7222766426906368,,0.000602783287555933,0.8890635999999859,0.02990429999999833,0.918972599999961,ok,same_stridge_core,Hx;D_x^1.299657 H;Hxxx;H*Hxxx,0.01949903473234331,1.0836700666223447
0.7449549392498525,1.289124580154301,0.18424107581114016,-1.226065975357982,0;0;-1.22606597536;0.184241075811;-1.83058746162;0;0;0;0.119748693642;0;0;0,53232.65434418413,0.005,757,3e-06,1.7341466449699512,,0.0006154598936743879,0.8230649000000767,0.030439600000022438,0.8535090000000309,ok,same_stridge_core,Hx;D_x^1.289125 H;Hxxx;H*Hxxx,0.019494441678033013,1.0953547928397418
0.7441647622799046,1.3180928942634982,0.0,-1.0587495126836792,0;0;-1.05874951268;0;-0.119241152188;0;0;0.0735104693673;0;0;0;0,53189.98873532757,0.005,758,3e-06,1.4044658435761,,0.0004392462716912598,0.8686557000000903,0.033135700000002544,0.9017970999999534,ok,same_stridge_core,Hx;Hxxx;H*Hxx,0.02,0.9257559449581518
0.7472884501121558,1.2894864722591661,0.04787580934677772,-1.0460478572752727,0.0207524408315;0;-1.04604785728;0.0478758093468;0.588756475464;0;0;0.0797306837843;-0.0289466980195;0;0;0,53232.12546510697,0.005,759,3e-06,1.7705344914869938,,0.0003430905839344871,0.26021939999998267,0.0409849000000122,0.3012093999999479,ok,same_stridge_core,1;Hx;D_x^1.289486 H;Hxxx;H*Hxx;H*Hxxx,0.01,0.8123562331150684
0.7450709721508741,1.301489633523896,0.18841946194477951,-1.2222406047595151,0;0;-1.22224060476;0.188419461945;-1.78682243401;0;0;0;0.119882475124;0;0;0,53214.51846766102,0.005,760,3e-06,1.719234002912902,,0.0005994789900235065,0.3076077000000623,0.03101240000000871,0.3386245000000372,ok,same_stridge_core,Hx;D_x^1.30149 H;Hxxx;H*Hxxx,0.019937884592046068,1.0806597813009697
0.7435612502581379,1.3065322304738975,0.0,-1.054967473649555,0;0;-1.05496747365;0;0;0;0;0.0744669607686;0;0;0;0,53207.08725961971,0.005,761,3e-06,1.2489189139109156,,0.0004434114948962182,0.8046295000000327,0.03236979999996947,0.8370041000000583,ok,same_stridge_core,Hx;H*Hxx,0.02,0.9296763903531974
0.7453849438482302,1.29824020636418,0.18760857127186856,-1.2226690641320372,0;0;-1.22266906413;0.187608571272;-1.81103377399;0;0;0;0.121442644506;0;0;0,53219.296820501906,0.005,762,3e-06,1.7258604994451399,,0.0006067471612610128,0.8473725000000059,0.045171400000072026,0.8925543999999945,ok,same_stridge_core,Hx;D_x^1.29824 H;Hxxx;H*Hxxx,0.02,1.0872289375991169
0.7444903297092182,1.305529071637871,0.0,-1.052414686917894,0;0;-1.05241468692;0;0;0;0;0.0748379035275;0;0;0;0,53208.566990750754,0.005,763,3e-06,1.247768536802578,,0.00044197144215535295,0.5004507999999532,0.03375390000007883,0.5342098999999507,ok,same_stridge_core,Hx;H*Hxx,0.02,0.9285171348580734
0.7446469392016482,1.2980970629722488,0.0,-1.0519848133177157,0;0;-1.05198481332;0;0;0;0;0.074900297373;0;0;0;0,53219.50716435035,0.005,764,3e-06,1.24766680818913,,0.00044175538125034336,0.8511846000000105,0.03297390000000178,0.884163400000034,ok,same_stridge_core,Hx;H*Hxx,0.02,0.928349765203028
0.7447982858462151,1.286531521641765,0.18325983314804856,-1.227083485227737,0;0;-1.22708348523;0.183259833148;-1.83471778011;0;0;0;0.119076527263;0;0;0,53236.440226449165,0.005,765,3e-06,1.7362714124751661,,0.0006176773019524721,0.851518599999963,0.029468500000007225,0.880991999999992,ok,same_stridge_core,Hx;D_x^1.286532 H;Hxxx;H*Hxxx,0.025244967737227803,1.097434129757776
0.7448646909840633,1.2824392282648762,0.18196603784891424,-1.2281565839322777,0;0;-1.22815658393;0.181966037849;-1.85249338504;0;0;0;0.119383289879;0;0;0,53242.401589643014,0.005,766,3e-06,1.7423156071086814,,0.0006242893806926505,0.8229757999999947,0.029731200000014724,0.8527118000000655,ok,same_stridge_core,Hx;D_x^1.282439 H;Hxxx;H*Hxxx,0.03432719990560328,1.1034067880329652
0.7473930809931366,1.2731350887762307,0.043808932478259864,-1.04419674025056,0.0208095106843;0;-1.04419674025;0.0438089324783;0.599630494132;0;0;0.0810058801694;-0.0302302446043;0;0;0,53255.890154197856,0.005,767,3e-06,1.7719061056860061,,0.0003436624470818611,0.8705836000000318,0.04344300000002477,0.9140320999999858,ok,same_stridge_core,1;Hx;D_x^1.273135 H;Hxxx;H*Hxx;H*Hxxx,0.01,0.8133000829104448
0.7447890544218596,1.2860734101826865,0.04421127402035173,-0.9705109913487718,0.0926339899326;-0.0141149927166;-0.970510991349;0.0442112740204;3.27352960002;0;-0.0119238496969;-0.0307827222762;-0.77779389417;0;0.010285393631;0.0608350871912,53237.10847974221,0.005,768,3e-06,2.374169770235176,,0.00031266963387654957,0.8886042000000316,0.03189649999990252,0.9205097000000251,ok,same_stridge_core,1;H;Hx;D_x^1.286073 H;Hxxx;H*Hx;H*Hxx;H*Hxxx;H^2*Hxx;H^2*Hxxx,0.005,0.7770565158429097
0.7453740811878836,1.2830682908898803,0.1825792338650308,-1.2271200002051725,0;0;-1.22712000021;0.182579233865;-1.86867285563;0;0;0;0.121655075284;0;0;0,53241.486400384805,0.005,769,3e-06,1.7457955040851507,,0.0006283791536090132,0.8530337000000827,0.02925670000001901,0.8822954999999411,ok,same_stridge_core,Hx;D_x^1.283068 H;Hxxx;H*Hxxx,0.029435474864177705,1.106897667280533
0.7447329381376603,1.306847288353081,0.0,-1.051748812334624,0;0;-1.05174881233;0;0;0;0;0.0749345443696;0;0;0;0,53206.62234062334,0.005,770,3e-06,1.2475009995554558,,0.00044163982462024033,0.26797880000003715,0.03323369999998249,0.3012198999999782,ok,same_stridge_core,Hx;H*Hxx,0.02,0.9282612655117156
0.7448382604521986,1.298084830833133,0.18709909135858055,-1.2236385738922604,0;0;-1.22363857389;0.187099091359;-1.79173040315;0;0;0;0.118977759136;0;0;0,53219.52515635744,0.005,771,3e-06,1.7216441109405616,,0.0006019354838375196,0.8343812000000526,0.031281499999977314,0.8656671999999617,ok,same_stridge_core,Hx;D_x^1.298085 H;Hxxx;H*Hxxx,0.020432677834148434,1.0830098090642721
0.7447982858462151,1.286531521641765,0.04426963153523841,-0.9704633517901025,0.0926267657865;-0.0141127666948;-0.97046335179;0.0442696315352;3.27434799514;0;-0.0119261383602;-0.0307795632603;-0.777990437815;0;0.0102849517089;0.0608498831539,53236.440226449165,0.005,772,3e-06,2.3741290955638616,,0.0003126528664931379,0.001590200000009645,0.028036300000053416,0.02963050000005296,ok,same_stridge_core,1;H;Hx;D_x^1.286532 H;Hxxx;H*Hx;H*Hxx;H*Hxxx;H^2*Hxx;H^2*Hxxx,0.005,0.777035888770387
0.744358032915313,1.2939174245923017,0.0,-1.0527779208917847,0;0;-1.05277792089;0;0;0;0;0.0747851666875;0;0;0;0,53225.640242952344,0.005,773,3e-06,1.2480186278615162,,0.00044216004128416276,0.4873145999999906,0.03238160000000789,0.5197011999999859,ok,same_stridge_core,Hx;H*Hxx,0.02,0.9286647864038022
0.7451936225976796,1.2904413625491902,0.18487030116461753,-1.225280163286512,0;0;-1.22528016329;0.184870301165;-1.83425046715;0;0;0;0.120798157668;0;0;0,53230.7294150627,0.005,774,3e-06,1.7343950173937346,,0.0006158591702876224,0.25905580000005557,0.03087330000005295,0.28993400000001657,ok,same_stridge_core,Hx;D_x^1.290441 H;Hxxx;H*Hxxx,0.024414264530752194,1.0956262644129822
0.7429049038323008,1.310403794927134,0.0,-1.0567735479037752,0;0;-1.0567735479;0;0;0;0;0.0742040875382;0;0;0;0,53201.370071483645,0.005,775,3e-06,1.2498762135280965,,0.0004445924968724404,0.8417163000000301,0.050950999999940905,0.892674300000067,ok,same_stridge_core,Hx;H*Hxx,0.020500000000000004,0.9306679930991947
0.7466920390308784,1.2834653912515095,0.04790035339986618,-1.0487282914194829,0.0206252510104;0;-1.04872829142;0.0479003533999;0.586899571471;0;0;0.0791906040082;-0.0303427061784;0;0;0,53240.90841744676,0.005,776,3e-06,1.771947840925424,,0.0003441101119006305,0.9549335000000383,0.05580300000008265,1.0107431000000133,ok,same_stridge_core,1;Hx;D_x^1.283465 H;Hxxx;H*Hxx;H*Hxxx,0.01,0.8136114894113824
0.7453607089511763,1.2910014376363954,0.18519203206710694,-1.2248352216964258,0;0;-1.2248352217;0.185192032067;-1.83818513743;0;0;0;0.121537665731;0;0;0,53229.91006476267,0.005,777,3e-06,1.7350469958554735,,0.0006166567581960693,0.31203019999998105,0.04400400000008631,0.3560423000000128,ok,same_stridge_core,Hx;D_x^1.291001 H;Hxxx;H*Hxxx,0.02,1.0962880750783215
0.7458895316372958,1.3167418771920807,0.19419483930612602,-1.2163013422313838,0;0;-1.21630134223;0.194194839306;-1.75510983999;0;0;0;0.122599077183;0;0;0,53191.990677950904,0.005,778,3e-06,1.7071170146123018,,0.0005870055288273736,0.8896124000000327,0.03347280000002684,0.9230978000000505,ok,same_stridge_core,Hx;D_x^1.316742 H;Hxxx;H*Hxxx,0.02,1.068813126476891
0.7423756482812407,1.3355437251730657,0.055380968305408604,-1.1051010636741176,0;0;-1.10510106367;0.0553809683054;-0.325331199992;0;0;0.0529284196699;0;0;0;0,53164.06840349391,0.005,779,3e-06,1.5479570162117051,,0.00042248121559427604,0.44912780000004204,0.03360109999994165,0.4827338999999711,ok,same_stridge_core,Hx;D_x^1.335544 H;Hxxx;H*Hxx,0.015454545454545448,0.9099881953697783
0.7447112099501665,1.2853898824846968,0.18281400826752614,-1.2275609032157624,0;0;-1.22756090322;0.182814008268;-1.83585076574;0;0;0;0.118694676316;0;0;0,53238.1049761254,0.005,780,3e-06,1.7370620629893576,,0.0006184874261293718,0.8278222999999798,0.030444999999986067,0.8582718000000114,ok,same_stridge_core,Hx;D_x^1.28539 H;Hxxx;H*Hxxx,0.020432677137677147,1.0982048032758527
0.7449632803676699,1.3011853667201696,0.18822771202745406,-1.2225127883564322,0;0;-1.22251278836;0.188227712027;-1.78409968545;0;0;0;0.119408692905;0;0;0,53214.966278538,0.005,781,3e-06,1.7187558110009908,,0.0005989122918675289,0.4588717000000315,0.037402799999995295,0.4962861999999859,ok,same_stridge_core,Hx;D_x^1.301185 H;Hxxx;H*Hxxx,0.024407410150544952,1.0801762156585348
0.7414930595128199,1.276778808483635,0.0,-1.0606660432340769,0;0;-1.06066604323;0;0;0;0;0.0736363128212;0;0;0;0,53250.61894175247,0.005,782,3e-06,1.2527922130231361,,0.0004475979590449093,0.518765099999996,0.03618549999998777,0.5549608999999691,ok,same_stridge_core,Hx;H*Hxx,0.025,0.9332884993726213
0.7460761207648683,1.3041359686541132,0.19015146347712067,-1.2197543856241408,0;0;-1.21975438562;0.190151463477;-1.81288270373;0;0;0;0.124304095964;0;0;0,53210.6208114159,0.005,783,3e-06,1.7239837539866691,,0.0006050908639287803,0.8353031000000328,0.030784700000026533,0.8660936999999649,ok,same_stridge_core,Hx;D_x^1.304136 H;Hxxx;H*Hxxx,0.02055737203972499,1.0854563042496783
0.7444693544609665,1.2904295532599872,0.0,-1.0524722687166883,0;0;-1.05247226872;0;0;0;0;0.0748295455363;0;0;0;0,53230.746662635655,0.005,784,3e-06,1.247924412577212,,0.00044200089873891473,0.814331100000004,0.031330099999991035,0.8456657000000405,ok,same_stridge_core,Hx;H*Hxx,0.02,0.9285399326013981
0.7449703621700672,1.3055399856430208,0.1896725332061566,-1.2212112531820276,0;0;-1.22121125318;0.189672533206;-1.76706144416;0;0;0;0.119208707543;0;0;0,53208.550911580096,0.005,785,3e-06,1.7134391112003207,,0.000593251891818351,0.8296106000000236,0.029733200000009674,0.8593512999999575,ok,same_stridge_core,Hx;D_x^1.30554 H;Hxxx;H*Hxxx,0.02441413216058653,1.0749365002613596
0.7452492026886205,1.314888098021297,0.19301144271094542,-1.2179491313528266,0;0;-1.21794913135;0.193011442711;-1.73941795818;0;0;0;0.119821665696;0;0;0,53194.73623838604,0.005,786,3e-06,1.704398428808124,,0.0005838204929934245,0.8385379999999714,0.03405459999999039,0.8725987999999916,ok,same_stridge_core,Hx;D_x^1.314888 H;Hxxx;H*Hxxx,0.02,1.0660615939474916
0.7443648502666506,1.3217666324428636,0.0,-1.0582386123413923,0;0;-1.05823861234;0;-0.120087544788;0;0;0.0735817771031;0;0;0;0,53184.54034780212,0.005,787,3e-06,1.4041184950213204,,0.00043890551038101855,0.27060359999995853,0.031169399999953384,0.30177770000000237,ok,same_stridge_core,Hx;Hxxx;H*Hxx,0.02,0.9254576318911014
0.7445451651752064,1.3125964380899053,0.0,-1.0577783610189562,0;0;-1.05777836102;0;-0.120850239345;0;0;0.073645988368;0;0;0;0,53198.12781284075,0.005,788,3e-06,1.403982892109943,,0.00043860892231281054,0.5919227000000546,0.03416700000002493,0.6260948999999982,ok,same_stridge_core,Hx;Hxxx;H*Hxx,0.02,0.9251997417943764
0.7450727009338662,1.291087924828643,0.18498491773971557,-1.225294957195894,0;0;-1.2252949572;0.18498491774;-1.8273741411;0;0;0;0.120243289526;0;0;0,53229.78356174734,0.005,789,3e-06,1.7325443941518834,,0.0006137899198500058,0.8294209999999111,0.029974700000025223,0.8594002999999475,ok,same_stridge_core,Hx;D_x^1.291088 H;Hxxx;H*Hxxx,0.024414152550554354,1.0937869914109155
0.7449525007812008,1.2933835543641203,0.18564358326048078,-1.2248260657414238,0;0;-1.22482606574;0.18564358326;-1.81416776621;0;0;0;0.11964948956;0;0;0,53226.422591312745,0.005,790,3e-06,1.7285710182023282,,0.0006094354594524448,0.8201588999999103,0.03018059999999423,0.85034440000004,ok,same_stridge_core,Hx;D_x^1.293384 H;Hxxx;H*Hxxx,0.035524886877828066,1.0898539471065753
0.7429915777413474,1.311243655981909,0.0,-1.0565349209011976,0;0;-1.0565349209;0;0;0;0;0.0742388394897;0;0;0;0,53200.12841831098,0.005,791,3e-06,1.2497296997664686,,0.00044442869100387984,0.83677560000001,0.03639020000002802,0.873170699999946,ok,same_stridge_core,Hx;H*Hxx,0.020500000000000004,0.9305289292566028
0.7444803824015556,1.2912918380625495,0.0,-1.052441992913889,0;0;-1.05244199291;0;0;0;0;0.0748339406158;0;0;0;0,53229.485269362056,0.005,792,3e-06,1.2479049368452277,,0.000441985457138866,0.8505003000000215,0.03315639999993891,0.8836651999999958,ok,same_stridge_core,Hx;H*Hxx,0.02,0.9285280252290553
0.746333438621608,1.270061315430938,0.0456130005103863,-1.0495539835989007,0.0205683679656;0;-1.0495539836;0.0456130005104;0.591803016811;0;0;0.0795381463823;-0.0320653283797;0;0;0,53260.32543302345,0.005,793,3e-06,1.7737363522204401,,0.0003451677464812349,0.8678539000000001,0.04873250000002827,0.9165914999999814,ok,same_stridge_core,1;Hx;D_x^1.270061 H;Hxxx;H*Hxx;H*Hxxx,0.01,0.8150504944260181
0.7468854654845392,1.2999080285125975,0.0514558717567376,-1.0489682698692468,0.0206287142337;0;-1.04896826987;0.0514558717567;0.579539417829;0;0;0.078345719561;-0.0286819668152;0;0;0,53216.84532626884,0.005,794,3e-06,1.7701388201141435,,0.0003431632663393056,0.851723100000072,0.04473330000007536,0.8964670000000297,ok,same_stridge_core,1;Hx;D_x^1.299908 H;Hxxx;H*Hxx;H*Hxxx,0.01,0.8122356042413043
0.7453933047308545,1.3047571167592211,0.05655679136122698,-1.057208956117327,0.0202517388103;0;-1.05720895612;0.0565567913612;0.564298906914;0;0;0.0755500732393;-0.0305352708822;0;0;0,53209.70520627001,0.005,795,3e-06,1.7719589454364038,,0.00034499681504792545,0.2817641999999978,0.03430600000001505,0.31607610000003206,ok,same_stridge_core,1;Hx;D_x^1.304757 H;Hxxx;H*Hxx;H*Hxxx,0.01,0.8141842517235436
0.7452833114707902,1.321984640306659,0.19539921442233918,-1.2157578986590267,0;0;-1.21575789866;0.195399214422;-1.71137974054;0;0;0;0.119332539763;0;0;0,53184.2168990435,0.005,796,3e-06,1.6964664026532748,,0.0005755033527831777,0.8354108000000906,0.034330299999965064,0.8697457000000668,ok,same_stridge_core,Hx;D_x^1.321985 H;Hxxx;H*Hxxx,0.02,1.0582557998647526
0.7451104392333809,1.2796832650046805,0.0508438848556516,-1.0568196988291556,0.0202609756434;0;-1.05681969883;0.0508438848557;0.574682805481;0;0;0.0769202067668;-0.0330097123047;0;0;0,53246.406864729965,0.005,797,3e-06,1.774752223840592,,0.00034645478878632564,0.850518700000066,0.03637200000002849,0.8868975999999975,ok,same_stridge_core,1;Hx;D_x^1.279683 H;Hxxx;H*Hxx;H*Hxxx,0.01,0.8163169002754526
0.74507963999273,1.3009679137855792,0.18825432304048842,-1.222380132239725,0;0;-1.22238013224;0.18825432304;-1.78919816211;0;0;0;0.119946377431;0;0;0,53215.286259612716,0.005,798,3e-06,1.7199549668714145,,0.0006002541467334889,0.8462534000000232,0.03032070000006115,0.876579500000048,ok,same_stridge_core,Hx;D_x^1.300968 H;Hxxx;H*Hxxx,0.019440820514195132,1.0813715317560617
0.7450555723761705,1.3132180847003785,0.19228710651164183,-1.2187788633437573,0;0;-1.21877886334;0.192287106512;-1.73918239938;0;0;0;0.119069052092;0;0;0,53197.20808000716,0.005,799,3e-06,1.7048862830161502,,0.0005842402455832525,0.8671015999999554,0.029398700000001554,0.8965044999999918,ok,same_stridge_core,Hx;D_x^1.313218 H;Hxxx;H*Hxxx,0.03454385270382003,1.0665197860560642
0.7435283180952478,1.306847288353081,0.0,-1.055058040236381,0;0;-1.05505804024;0;0;0;0;0.0744537895296;0;0;0;0,53206.62234062334,0.005,800,3e-06,1.2489623895366753,,0.00044346742649201566,0.2605101999999988,0.03230140000005122,0.29281649999995807,ok,same_stridge_core,Hx;H*Hxx,0.02,0.9297226554929352
0.7453672865380927,1.3011449381820257,0.18855612103756786,-1.2218411272004581,0;0;-1.2218411272;0.188556121038;-1.7989734685;0;0;0;0.121241005178;0;0;0,53215.025673777076,0.005,801,3e-06,1.7220375027797405,,0.0006026331131891256,0.8307534999999007,0.029097500000034415,0.8598599999999124,ok,same_stridge_core,Hx;D_x^1.301145 H;Hxxx;H*Hxxx,0.024929134531714525,1.0834571946944156
0.7449973778899143,1.2957297944772885,0.18645498441619215,-1.2240622709461013,0;0;-1.22406227095;0.186454984416;-1.80671507844;0;0;0;0.119782143799;0;0;0,53222.982713819016,0.005,802,3e-06,1.725920066839809,,0.0006066063674252732,0.8307192999999415,0.04183039999998073,0.8725570999999945,ok,same_stridge_core,Hx;D_x^1.29573 H;Hxxx;H*Hxxx,0.02,1.0872442742739807
0.744358032915313,1.3163435393009713,0.0,-1.0582560126272182,0;0;-1.05825601263;0;-0.120058742346;0;0;0.0735793490585;0;0;0;0,53192.58079478966,0.005,803,3e-06,1.404200931057957,,0.0004389169817985286,0.4889546000000564,0.031132399999933114,0.5200918999998976,ok,same_stridge_core,Hx;Hxxx;H*Hxx,0.02,0.9254677039048501
0.7462059423276246,1.270175967127933,0.04594037811917562,-1.0502391692442228,0.0205384971802;0;-1.05023916924;0.0459403781192;0.590547108736;0;0;0.0793288343064;-0.0322425683544;0;0;0,53260.16032660306,0.005,804,3e-06,1.7739192267803245,,0.00034533453419932284,0.8596578000000363,0.04057369999998173,0.9002369999999473,ok,same_stridge_core,1;Hx;D_x^1.270176 H;Hxxx;H*Hxx;H*Hxxx,0.01,0.8152363409014693
0.7450626541785679,1.2989109946322872,0.18756018535683,-1.2230159432928476,0;0;-1.22301594329;0.187560185357;-1.79667153307;0;0;0;0.119959579515;0;0;0,53218.31111356361,0.005,805,3e-06,1.7224041972377702,,0.0006028671026044156,0.26650660000007065,0.0366914999999608,0.3032034999999951,ok,same_stridge_core,Hx;D_x^1.298911 H;Hxxx;H*Hxxx,0.03927976190476188,1.0837844638750067
0.7436372668104946,1.3255184987955073,0.0,-1.060097379494064,0;0;-1.06009737949;0;-0.117009094343;0;0;0.0733221735849;0;0;0;0,53178.97055958557,0.005,806,3e-06,1.405213740189158,,0.00044020314232237775,0.9160710999999537,0.03197479999994357,0.948050799999919,ok,same_stridge_core,Hx;Hxxx;H*Hxx,0.02,0.9266030051528878
0.7446804382909779,1.2983162470203837,0.0,-1.0518928797670377,0;0;-1.05189287977;0;0;0;0;0.074913641039;0;0;0;0,53219.18507205025,0.005,807,3e-06,1.2476300277465617,,0.0004417100400481962,0.4620942000000241,0.037037199999986115,0.49913630000003195,ok,same_stridge_core,Hx;H*Hxx,0.02,0.9283149173142603
0.7452464108372694,1.2810251861811661,0.18180291052457548,-1.2279243066340422,0;0;-1.22792430663;0.181802910525;-1.8716333445;0;0;0;0.121073798884;0;0;0,53244.45764238844,0.005,808,3e-06,1.7474974799469265,,0.0006301721783705125,0.8493138000000044,0.030949400000054084,0.8802681000000803,ok,same_stridge_core,Hx;D_x^1.281025 H;Hxxx;H*Hxxx,0.02143138271095944,1.1085639882382652
0.7423756482812407,1.2948775978412081,0.0,-1.0582315229853898,0;0;-1.05823152299;0;0;0;0;0.0739916169405;0;0;0;0,53224.23267206373,0.005,809,3e-06,1.2509174489079768,,0.0004456444362687157,0.4897664000000077,0.031766899999979614,0.5215395000000171,ok,same_stridge_core,Hx;H*Hxx,0.02,0.9315720528755944
0.7467617326625666,1.2852018891321786,0.04814613459842694,-1.0484960919530006,0.0206377411691;0;-1.04849609195;0.0481461345984;0.586513903845;0;0;0.0791818493683;-0.0300896201473;0;0;0,53238.37900445887,0.005,810,3e-06,1.7716842152979786,,0.00034394479188451635,0.8419075000000475,0.04178330000002006,0.8836959999999863,ok,same_stridge_core,1;Hx;D_x^1.285202 H;Hxxx;H*Hxx;H*Hxxx,0.01,0.8133933932177189
0.7453208345149166,1.3105303504039403,0.1916282355037519,-1.2191306689270944,0;0;-1.21913066893;0.191628235504;-1.75976155348;0;0;0;0.120482363821;0;0;0,53201.18299171646,0.005,811,3e-06,1.710126222648157,,0.0005899119480736381,0.8721825000000081,0.04023240000003625,0.912423199999921,ok,same_stridge_core,Hx;D_x^1.31053 H;Hxxx;H*Hxxx,0.02943426529091018,1.0717120267475595
0.7457153677134845,1.3241863686907855,0.19652371219432546,-1.2143538562974765,0;0;-1.2143538563;0.196523712194;-1.71791755445;0;0;0;0.12109853227;0;0;0,53180.94874740657,0.005,812,3e-06,1.6971826982398563,,0.0005764576695766192,0.2697984000000133,0.03058710000004794,0.3003940999999486,ok,same_stridge_core,Hx;D_x^1.324186 H;Hxxx;H*Hxxx,0.019440903297482246,1.0590113132709775
0.7450735965611092,1.3211757810113984,0.0,-1.0564304798849824,0;0;-1.05643047988;0;-0.123084299661;0;0;0.0738338763591;0;0;0;0,53185.41696995801,0.005,813,3e-06,1.403171713518428,,0.00043779645731065046,0.8361893000000009,0.04227769999999964,0.878475299999991,ok,same_stridge_core,Hx;Hxxx;H*Hxx,0.02,0.9245029607888059
0.7449063361729292,1.2992750244954696,0.18754893634443615,-1.2231728953817198,0;0;-1.22317289538;0.187548936344;-1.78954608196;0;0;0;0.119236844902;0;0;0,53217.77601632648,0.005,814,3e-06,1.720691656593305,,0.0006009517799832441,0.8824579999999287,0.030068000000028405,0.9125316000000794,ok,same_stridge_core,Hx;D_x^1.299275 H;Hxxx;H*Hxxx,0.02446523459745869,1.0820783443973874
0.7448876901567965,1.2985516005583075,0.18729454020252334,-1.223417593646586,0;0;-1.22341759365;0.187294540203;-1.79170443952;0;0;0;0.119182634461;0;0;0,53218.839356217984,0.005,815,3e-06,1.7214522704577617,,0.0006017559663153502,0.5094692000000123,0.03611239999997906,0.5455872999999656,ok,same_stridge_core,Hx;D_x^1.298552 H;Hxxx;H*Hxxx,0.02440736555555138,1.082826198183146
0.745927347203365,1.3069435901912103,0.19096020571836386,-1.2191707648676584,0;0;-1.21917076487;0.190960205718;-1.79626714673;0;0;0;0.123475378628;0;0;0,53206.480294611625,0.005,816,3e-06,1.7192782817417243,,0.0005999668837534216,0.28061379999996916,0.03744210000002113,0.31806460000007064,ok,same_stridge_core,Hx;D_x^1.306944 H;Hxxx;H*Hxxx,0.02,1.0808005182063847
0.7451991254736829,1.3159938887275955,0.19333410463708037,-1.2177030008830578,0;0;-1.21770300088;0.193334104637;-1.73306373851;0;0;0;0.119499681862;0;0;0,53193.09860689358,0.005,817,3e-06,1.7027236623235766,,0.0005820317578459764,0.8472212000000354,0.02967660000001615,0.876907499999902,ok,same_stridge_core,Hx;D_x^1.315994 H;Hxxx;H*Hxxx,0.03432684526802175,1.0644064790408536
0.7444330411968868,1.291432139294985,0.0,-1.0525719676585803,0;0;-1.05257196766;0;0;0;0;0.0748150707098;0;0;0;0,53229.27990218178,0.005,818,3e-06,1.2479559787518704,,0.0004420524313660031,0.26323630000001685,0.04042919999994865,0.3036731999999347,ok,same_stridge_core,Hx;H*Hxx,0.02,0.9285802993387797
0.7437777785331652,1.314816590068784,0.0,-1.0597382057036622,0;0;-1.0597382057;0;-0.117603785727;0;0;0.0733723739283;0;0;0;0,53194.84219874802,0.005,819,3e-06,1.405122328024578,,0.0004399399076576344,0.8594528999999511,0.031510099999991326,0.8909684000000198,ok,same_stridge_core,Hx;Hxxx;H*Hxx,0.02,0.9263687482358458
0.744968499261774,1.3038750937583599,0.0,-1.0566984421526784,0;0;-1.05669844215;0;-0.122640107118;0;0;0.0737965429645;0;0;0;0,53211.00534973311,0.005,820,3e-06,1.4035337954053557,,0.000437951326061829,0.841788299999962,0.03280449999999746,0.8746037999999317,ok,same_stridge_core,Hx;Hxxx;H*Hxx,0.019649096517517582,0.9246347472577577
0.7454319799549325,1.3028936708253895,0.18919066497643963,-1.2212138672309134,0;0;-1.22121386723;0.189190664976;-1.79440876966;0;0;0;0.121450052716;0;0;0,53212.45115227322,0.005,821,3e-06,1.720363457501575,,0.0006008734299545619,0.8653089999999111,0.039196599999968385,0.9045112000000017,ok,same_stridge_core,Hx;D_x^1.302894 H;Hxxx;H*Hxxx,0.024465377289505527,1.0818140436742962
0.7455413462063836,1.2862812509153185,0.05142311834594834,-1.0550464333815777,0.0203457949798;0;-1.05504643338;0.0514231183459;0.57488938283;0;0;0.0771416025423;-0.0318011721434;0;0;0,53236.80519419918,0.005,822,3e-06,1.7734376632497721,,0.00034555308701607275,0.9303050999999414,0.042421900000022106,0.9727338000000145,ok,same_stridge_core,1;Hx;D_x^1.286281 H;Hxxx;H*Hxx;H*Hxxx,0.01,0.8151751697541869
0.7451620720935664,1.305529071637871,0.1898334575287758,-1.220889373468679,0;0;-1.22088937347;0.189833457529;-1.77409118791;0;0;0;0.120081558043;0;0;0,53208.566990750754,0.005,823,3e-06,1.7149580311860952,,0.0005949650705346073,0.2986292999999023,0.03518239999993966,0.3338217000000441,ok,same_stridge_core,Hx;D_x^1.305529 H;Hxxx;H*Hxxx,0.024480980304079716,1.0764552272970862
0.744736720187203,1.2974887905497603,0.0,-1.0517384337659912,0;0;-1.05173843377;0;0;0;0;0.0749360505014;0;0;0;0,53220.40066421069,0.005,824,3e-06,1.2475799177720517,,0.00044163483124341047,0.898001000000022,0.03286800000000767,0.9308749000000489,ok,same_stridge_core,Hx;H*Hxx,0.02,0.9282575137867876
0.7442111930218553,1.3059039519021298,0.0,-1.0531811912562086,0;0;-1.05318119126;0;0;0;0;0.0747266005415;0;0;0;0,53208.014124916626,0.005,825,3e-06,1.248083410935379,,0.0004423756968047221,0.8240431000000399,0.0321508999999196,0.8561991000000262,ok,same_stridge_core,Hx;H*Hxx,0.02,0.928835326185879
0.7452117515052454,1.289960234970968,0.18472613500614857,-1.2253900962712392,0;0;-1.22539009627;0.184726135006;-1.83674875717;0;0;0;0.120887580564;0;0;0,53231.43294715816,0.005,826,3e-06,1.7351797270444007,,0.0006167196492427007,0.8533834999999499,0.035025100000098064,0.8884128999999348,ok,same_stridge_core,Hx;D_x^1.28996 H;Hxxx;H*Hxxx,0.02,1.0964025316785029
0.7443674234152218,1.3019807978982592,0.0,-1.05275213062234,0;0;-1.05275213062;0;0;0;0;0.0747889139814;0;0;0;0,53213.795421749695,0.005,827,3e-06,1.2479368425389574,,0.00044214643765527035,0.4569604000000709,0.03182430000003933,0.4887895000000526,ok,same_stridge_core,Hx;H*Hxx,0.02,0.9286540700084593
0.7441894555387358,1.300926958468917,0.0,-1.053240896690294,0;0;-1.05324089669;0;0;0;0;0.0747179259453;0;0;0;0,53215.34641695002,0.005,828,3e-06,1.2481533263255928,,0.00044240819120831295,0.8369275999999672,0.03380329999993137,0.8707365999999865,ok,same_stridge_core,Hx;H*Hxx,0.02,0.9288612478238927
0.746219100473583,1.260208396277518,0.04364819323380733,-1.0493517264962444,0.020557788585;0;-1.0493517265;0.0436481932338;0.597134743158;0;0;0.0800171659988;-0.0331458060716;0;0;0,53274.46715100825,0.005,829,3e-06,1.7748341806854921,,0.0003457571785624411,0.8646895000000541,0.04828820000000178,0.9129870000000437,ok,same_stridge_core,1;Hx;D_x^1.260208 H;Hxxx;H*Hxx;H*Hxxx,0.01,0.8158937719673436
0.7442960103347269,1.3076269086358656,0.0,-1.052948239653007,0;0;-1.05294823965;0;0;0;0;0.0747604348851;0;0;0;0,53205.471748845484,0.005,830,3e-06,1.2479687869325864,,0.00044225034438832086,0.8690821999999798,0.04025530000001254,0.9093444999999747,ok,same_stridge_core,Hx;H*Hxx,0.02,0.9287359564395133
0.7463990962992816,1.2785381194157304,0.047438261842063026,-1.049888699651683,0.0205671088087;0;-1.04988869965;0.0474382618421;0.58716654154;0;0;0.0790631034369;-0.0312064315306;0;0;0,53248.06860525617,0.005,831,3e-06,1.7728425857379533,,0.00034470959396326384,0.8488636000000724,0.04070779999995011,0.889576199999965,ok,same_stridge_core,1;Hx;D_x^1.278538 H;Hxxx;H*Hxx;H*Hxxx,0.01,0.8143773508433422
0.7451692410371321,1.2970706866842772,0.18704118411892445,-1.2233779066460224,0;0;-1.22337790665;0.187041184119;-1.80775342864;0;0;0;0.120511948248;0;0;0,53221.014482553765,0.005,832,3e-06,1.7256016214680856,,0.0006063550543150688,0.920403599999986,0.03899639999997362,0.959412000000043,ok,same_stridge_core,Hx;D_x^1.297071 H;Hxxx;H*Hxxx,0.019441426477588238,1.0869494476774404
0.7449415428845503,1.2942339445684874,0.18591504419208332,-1.2245953919444321,0;0;-1.22459539194;0.185915044192;-1.81048229382;0;0;0;0.119576561884;0;0;0,53225.17617322146,0.005,833,3e-06,1.7273852067340976,,0.0006081524983647678,0.9129526000000396,0.030801100000076076,0.9437598000000662,ok,same_stridge_core,Hx;D_x^1.294234 H;Hxxx;H*Hxxx,0.019943486796427976,1.08868309265544
0.7452997917526905,1.2882176860382928,0.18422179782153955,-1.225749977888707,0;0;-1.22574997789;0.184221797822;-1.84658566749;0;0;0;0.12130541759;0;0;0,53233.979191546925,0.005,834,3e-06,1.7382253836861077,,0.0006200756520857894,0.8614410000000134,0.033392800000001444,0.8948399000000791,ok,same_stridge_core,Hx;D_x^1.288218 H;Hxxx;H*Hxxx,0.01944074778200491,1.0994176333875447
0.744577829773589,1.2899616335825932,0.0,-1.0521744939094884,0;0;-1.05217449391;0;0;0;0;0.0748727713303;0;0;0;0,53231.4309985184,0.005,835,3e-06,1.2478110900025343,,0.00044184981227875686,0.49832130000004327,0.03426460000002862,0.532592300000033,ok,same_stridge_core,Hx;H*Hxx,0.02,0.9284225040114239
0.7449852872116531,1.293469654293067,0.18569906395944794,-1.2247455692927063,0;0;-1.22474556929;0.185699063959;-1.81502975656;0;0;0;0.119794842053;0;0;0,53226.29642709434,0.005,836,3e-06,1.7287279204129304,,0.0006096221911766495,0.8583362999999053,0.029463999999961743,0.8878048000000263,ok,same_stridge_core,Hx;D_x^1.29347 H;Hxxx;H*Hxxx,0.024407382017134344,1.0900123632877983
0.7446804382909779,1.314133494566232,0.0,-1.0574331801254797,0;0;-1.05743318013;0;-0.121422116565;0;0;0.0736941302741;0;0;0;0,53195.85337978451,0.005,837,3e-06,1.403775728491353,,0.00043839290667727,0.47048610000001645,0.034382599999958074,0.5048745000000281,ok,same_stridge_core,Hx;Hxxx;H*Hxx,0.02,0.9250130480732924
0.7449929618058889,1.3084823887497914,0.19066493143711932,-1.2202982985936384,0;0;-1.22029829859;0.190664931437;-1.75608311772;0;0;0;0.119126763483;0;0;0,53204.20856860859,0.005,838,3e-06,1.710046851820862,,0.0005896638294245875,0.8432540000000017,0.03610650000007354,0.879365200000052,ok,same_stridge_core,Hx;D_x^1.308482 H;Hxxx;H*Hxxx,0.02,1.0715963489975588
0.7454861450521938,1.2937172444210006,0.18619422643080877,-1.2238285681644996,0;0;-1.22382856816;0.186194226431;-1.83230100416;0;0;0;0.12204167435;0;0;0,53225.93362880391,0.005,839,3e-06,1.732526475589855,,0.0006139937292147626,0.8357531999999992,0.03111120000005485,0.866869700000052,ok,same_stridge_core,Hx;D_x^1.293717 H;Hxxx;H*Hxxx,0.0244073683818143,1.0938152720442083
0.7456345618091541,1.3138114090766546,0.05834437095207615,-1.0565632681042427,0.0202761841084;0;-1.0565632681;0.0583443709521;0.5625114371;0;0;0.0752737649517;-0.029511958547;0;0;0,53196.330121148174,0.005,840,3e-06,1.7707532056838269,,0.00034429567437163785,0.8813149000000067,0.035593600000083825,0.9169137000000092,ok,same_stridge_core,1;Hx;D_x^1.313811 H;Hxxx;H*Hxx;H*Hxxx,0.01,0.8132192635031599
0.7447060478631722,1.2906117193346376,0.0,-1.0518225979559317,0;0;-1.05182259796;0;0;0;0;0.0749238369135;0;0;0;0,53230.48032717257,0.005,841,3e-06,1.2476715656312667,,0.0004416757329146235,0.8618805000000975,0.03358130000003712,0.8954664000000321,ok,same_stridge_core,Hx;H*Hxx,0.02,0.9282886836682313
0.7451812175494452,1.2827474015134168,0.18231966940531164,-1.227536413830061,0;0;-1.22753641383;0.182319669405;-1.86286049785;0;0;0;0.120795070548;0;0;0,53241.95329895804,0.005,842,3e-06,1.7445867467098144,,0.000626947801522496,0.8473141999999143,0.029570299999932104,0.8768883000000187,ok,same_stridge_core,Hx;D_x^1.282747 H;Hxxx;H*Hxxx,0.019505283880206496,1.1056833071223178
0.7445484450858332,1.2848095015676158,0.0,-1.0522551511628282,0;0;-1.05225515116;0;0;0;0;0.0748610606595;0;0;0;0,53238.95078053922,0.005,843,3e-06,1.2478876414805862,,0.0004418903509429829,0.8421028999999862,0.03233650000004218,0.8744437999999946,ok,same_stridge_core,Hx;H*Hxx,0.02,0.9284539367973509
0.7450471127398773,1.2849789210134692,0.18294865320205037,-1.2271156588236138,0;0;-1.22711565882;0.182948653202;-1.8496281661;0;0;0;0.120198073334;0;0;0,53238.70397469135,0.005,844,3e-06,1.7404327722862778,,0.0006223387082872927,0.26476500000001124,0.03278119999993123,0.2975513999999748,ok,same_stridge_core,Hx;D_x^1.284979 H;Hxxx;H*Hxxx,0.02,1.1015683245899814
0.7441596163124364,1.306928225234651,0.0,-1.0533228640185759,0;0;-1.05332286402;0;0;0;0;0.0747060216959;0;0;0;0,53206.50291673349,0.005,845,3e-06,1.2481361435862506,,0.00044245306830983304,0.34516469999994115,0.03650209999989329,0.38167220000002544,ok,same_stridge_core,Hx;H*Hxx,0.02,0.9288971260858497
0.7440606583513789,1.3034837402622848,0.0,-1.0535947203477787,0;0;-1.05359472035;0;0;0;0;0.074666525132;0;0;0;0,53211.58206130498,0.005,846,3e-06,1.2482872695525375,,0.00044260384133903535,0.8525336000000152,0.0318082000000004,0.8843463000000611,ok,same_stridge_core,Hx;H*Hxx,0.02,0.9290177771847076
0.7468939025422565,1.3217666324428636,0.05711428564476765,-1.0504692147787629,0.0205552799372;0;-1.05046921478;0.0571142856448;0.569716013825;0;0;0.0767725363868;-0.0270505833735;0;0;0,53184.54034780212,0.005,847,3e-06,1.7681345693408679,,0.0003422745829023014,0.2775900999999976,0.042265300000053685,0.31986029999995935,ok,same_stridge_core,1;Hx;D_x^1.321767 H;Hxxx;H*Hxx;H*Hxxx,0.01,0.8108128430804298
0.7479675035474634,1.291432139294985,0.046654388595574255,-1.04261975406054,0.0209089880269;0;-1.04261975406;0.0466543885956;0.593651771864;0;0;0.080688144395;-0.0277821323263;0;0;0,53229.27990218178,0.005,848,3e-06,1.7694317108485351,,0.00034218107386363363,0.30316450000009354,0.04081210000003921,0.34398349999992206,ok,same_stridge_core,1;Hx;D_x^1.291432 H;Hxxx;H*Hxx;H*Hxxx,0.01,0.811304672609263
0.7448426744982399,1.2894864722591661,0.0,-1.0570193221626014,0;0;-1.05701932216;0;-0.122108093088;0;0;0.0737518238216;0;0;0;0,53232.12546510697,0.005,849,3e-06,1.4038858526192282,,0.000438141123395498,0.2594444999999723,0.03708910000000287,0.29653929999994944,ok,same_stridge_core,Hx;Hxxx;H*Hxx,0.017857142857142863,0.9247967234332655
0.7449950920538975,1.3064945113842585,0.1900093513876384,-1.2208858588577347,0;0;-1.22088585886;0.190009351388;-1.76414406304;0;0;0;0.119263745482;0;0;0,53207.14296949105,0.005,850,3e-06,1.7124693883891766,,0.0005922343295303934,0.7855835999999954,0.03164630000003399,0.8172374000000673,ok,same_stridge_core,Hx;D_x^1.306495 H;Hxxx;H*Hxxx,0.024938938254727733,1.073983672755284
0.7443170079503737,1.2907992315301255,0.0,-1.05289057847494,0;0;-1.05289057847;0;0;0;0;0.0747688089399;0;0;0;0,53230.20586978334,0.005,851,3e-06,1.2480929370271832,,0.00044221966286427724,0.8288630000000694,0.031801900000004935,0.8606700000000274,ok,same_stridge_core,Hx;H*Hxx,0.02,0.9287117018084832
0.7448016101310465,1.2925703080736008,0.1852510431295316,-1.2253184439103997,0;0;-1.22531844391;0.18525104313;-1.81180357387;0;0;0;0.118990858317;0;0;0,53227.61370891671,0.005,852,3e-06,1.7283878938622614,,0.000609157461774001,0.46356360000004315,0.033266000000026,0.49683700000002773,ok,same_stridge_core,Hx;D_x^1.29257 H;Hxxx;H*Hxxx,0.024990739097258335,1.089656529355261
0.7452772673491903,1.2896363184006816,0.18467247231344763,-1.225374340931676,0;0;-1.22537434093;0.184672472313;-1.84036817458;0;0;0;0.121186297057;0;0;0,53231.906461131475,0.005,853,3e-06,1.7361537891334402,,0.0006178122467541212,0.8557731000000786,0.037599999999997635,0.8933832999999822,ok,same_stridge_core,Hx;D_x^1.289636 H;Hxxx;H*Hxxx,0.02,1.0973709115998624
0.7449254495986979,1.2889688479984815,0.18416573784892565,-1.2261609618550773,0;0;-1.22616096186;0.184165737849;-1.83010620264;0;0;0;0.119618671175;0;0;0,53232.881965644636,0.005,854,3e-06,1.7341070033806982,,0.0006154008427877682,0.4936900999999807,0.02980200000001787,0.523496899999941,ok,same_stridge_core,Hx;D_x^1.288969 H;Hxxx;H*Hxxx,0.019545890033942668,1.0953124197929627
0.7445996556636665,1.3127488651194978,0.0,-1.0576393067057785,0;0;-1.05763930671;0;-0.121080591717;0;0;0.073665382975;0;0;0;0,53197.90235972738,0.005,855,3e-06,1.403905040491036,,0.0004385213096496032,0.8514781999999741,0.03432909999992262,0.8858146000000033,ok,same_stridge_core,Hx;Hxxx;H*Hxx,0.02,0.9251239192534897
0.7447781357508201,1.2574351137806354,0.17368165577437347,-1.2353836857566756,0;0;-1.23538368576;0.173681655774;-1.93837239485;0;0;0;0.11801591225;0;0;0,53278.42594950243,0.005,856,3e-06,1.777162184116694,,0.0006628521978296113,0.26914560000000165,0.028872099999944112,0.29802300000005744,ok,same_stridge_core,Hx;D_x^1.257435 H;Hxxx;H*Hxxx,0.020434769028599097,1.1378210727226648
0.74352905805834,1.2939143544957346,0.0,-1.05505600533208,0;0;-1.05505600533;0;0;0;0;0.0744540849877;0;0;0;0,53225.64473721191,0.005,857,3e-06,1.2490754883775779,,0.00044346618530838425,0.8426232000000482,0.033373699999970086,0.8760025999999925,ok,same_stridge_core,Hx;H*Hxx,0.02,0.9297216199543065
0.7446062169447855,1.3060213007027879,0.0,-1.0520965803719489,0;0;-1.05209658037;0;0;0;0;0.0748840790327;0;0;0;0,53207.84113717919,0.005,858,3e-06,1.247639647252365,,0.00044181087249554435,0.8408355999999912,0.03352559999996174,0.8743676999999934,ok,same_stridge_core,Hx;H*Hxx,0.02,0.9283926004292897
0.7441980948495489,1.3072506754201372,0.0,-1.0532171652211089,0;0;-1.05321716522;0;0;0;0;0.07472137473;0;0;0;0,53206.027118130776,0.005,859,3e-06,1.2480871877530426,,0.00044239527266933036,0.8612908000000061,0.03560010000001057,0.896899699999949,ok,same_stridge_core,Hx;H*Hxx,0.02,0.928851025044258
0.7448377888343465,1.2973160746844852,0.18684519100868155,-1.2238655604598394,0;0;-1.22386556046;0.186845191009;-1.79471865077;0;0;0;0.119005388845;0;0;0,53220.65422090795,0.005,860,3e-06,1.7226115136568505,,0.0006029712883062861,0.8665088999999853,0.029804899999930967,0.8963222999999516,ok,same_stridge_core,Hx;D_x^1.297316 H;Hxxx;H*Hxxx,0.01994355129489963,1.083963663005955
0.7431661028211928,1.3192303462622448,0.0,-1.056054542990039,0;0;-1.05605454299;0;0;0;0;0.0743087812279;0;0;0;0,53188.302403880065,0.005,861,3e-06,1.2493861572564682,,0.0004441061759373639,0.8235865999999987,0.03583480000008876,0.8594266000000061,ok,same_stridge_core,Hx;H*Hxx,0.02587500000000001,0.9302563428331877
0.7454729686880065,1.3047844732557827,0.18985288669151382,-1.2205834663635458,0;0;-1.22058346636;0.189852886692;-1.78838148365;0;0;0;0.121536341902;0;0;0,53209.665011754325,0.005,862,3e-06,1.7183366557189483,,0.0005987270211268302,0.8430122000000893,0.03171329999997852,0.874732799999947,ok,same_stridge_core,Hx;D_x^1.304784 H;Hxxx;H*Hxxx,0.0195459161686267,1.0798206755778963
0.7446523832643013,1.302082038180293,0.0,-1.051969871164787,0;0;-1.05196987116;0;0;0;0;0.074902465993;0;0;0;0,53213.64631039852,0.005,863,3e-06,1.247625926006457,,0.00044174790856556115,0.8556194999999889,0.04465139999990697,0.9002759999999626,ok,same_stridge_core,Hx;H*Hxx,0.02,0.928344048144066
0.743356906234879,1.3352030735088676,0.0,-1.0555295323874314,0;0;-1.05552953239;0;0;0;0;0.0743851918808;0;0;0;0,53164.574858398344,0.005,864,3e-06,1.2489572257130637,,0.0004437645991429502,0.8604268999999931,0.04271879999998873,0.9031516999999667,ok,same_stridge_core,Hx;H*Hxx,0.025,0.9299697765626735
0.745728465885791,1.2911712005832634,0.18554886443328736,-1.224166401952422,0;0;-1.22416640195;0.185548864433;-1.85089962763;0;0;0;0.123183163825;0;0;0,53229.661678318975,0.005,865,3e-06,1.737894494835857,,0.0006199506358867294,0.8451325999999426,0.02935539999998582,0.8744925999999396,ok,same_stridge_core,Hx;D_x^1.291171 H;Hxxx;H*Hxxx,0.03447350247791424,1.0991385546960293
0.7449130688140699,1.3464141961613363,0.0,-1.0568397953447672,0;0;-1.05683979534;0;-0.122405789081;0;0;0.0737768442068;0;0;0;0,53147.89911549766,0.005,866,3e-06,1.4030366044211817,,0.0004380343357131648,0.8466498000000229,0.0344611000000441,0.88111779999997,ok,same_stridge_core,Hx;Hxxx;H*Hxx,0.02,0.9247055123817027
0.7443882797630101,1.3224848371910711,0.0,-1.0581787955110549,0;0;-1.05817879551;0;-0.120186679679;0;0;0.0735901260322;0;0;0;0,53183.474573576,0.005,867,3e-06,1.4040748454423373,,0.0004388664231851518,0.8599547999999686,0.03166759999999158,0.8916277999999238,ok,same_stridge_core,Hx;Hxxx;H*Hxx,0.02,0.9254235742801532
0.744970917950217,1.3060366895678184,0.18983719816638456,-1.2210628545185505,0;0;-1.22106285452;0.189837198166;-1.76509586438;0;0;0;0.119181599461;0;0;0,53207.818426909354,0.005,868,3e-06,1.7128376982285805,,0.0005926131961194264,0.8603927999999996,0.034854399999971974,0.895255900000052,ok,same_stridge_core,Hx;D_x^1.306037 H;Hxxx;H*Hxxx,0.02,1.0743438771056681
0.7449505242044779,1.3160436635520092,0.0,-1.0567442796548872,0;0;-1.05674427965;0;-0.122564131131;0;0;0.0737901542237;0;0;0;0,53193.02491461329,0.005,869,3e-06,1.403394893969062,,0.00043797823396249494,0.26283970000008594,0.03293010000004415,0.2957760000000462,ok,same_stridge_core,Hx;Hxxx;H*Hxx,0.02,0.9246576697375423
0.7445373228192644,1.2986340017470948,0.0,-1.0522856829602443,0;0;-1.05228568296;0;0;0;0;0.074856631998;0;0;0;0,53218.718214163135,0.005,870,3e-06,1.2477782349056314,,0.0004419058151816303,0.5732828000000154,0.03852900000003956,0.6118196999999554,ok,same_stridge_core,Hx;H*Hxx,0.02,0.9284659256206527
0.7442111255715763,1.300505454840673,0.0,-1.0531813765672282,0;0;-1.05318137657;0;0;0;0;0.0747265736545;0;0;0;0,53215.966521993294,0.005,871,3e-06,1.2481312175492707,,0.0004423758029591003,0.8607955999999604,0.03329550000000836,0.8940962000000354,ok,same_stridge_core,Hx;H*Hxx,0.02,0.9288354184173109
0.7447176330330635,1.2903907529974505,0.18446444357190125,-1.2260964212913092,0;0;-1.22609642129;0.184464443572;-1.81710698854;0;0;0;0.118661302741;0;0;0,53230.80335568898,0.005,872,3e-06,1.7305276035821495,,0.0006114191138563098,0.862565600000039,0.030570000000011532,0.893139999999903,ok,same_stridge_core,Hx;D_x^1.290391 H;Hxxx;H*Hxxx,0.024466345512836753,1.0917579633138816
0.7451993094797382,1.2971662805832451,0.18709790142130997,-1.2232989959262566,0;0;-1.22329899593;0.187097901421;-1.80847485069;0;0;0;0.120644220544;0;0;0,53220.874238799064,0.005,873,3e-06,1.725723666550734,,0.0006065021515286941,0.8678068999998914,0.030961700000034398,0.8987757000001011,ok,same_stridge_core,Hx;D_x^1.297166 H;Hxxx;H*Hxxx,0.01954502769954038,1.0870731756851453
0.7449235732373826,1.3033330078122538,0.05739976338563313,-1.059597122131035,0.0201426526025;0;-1.05959712213;0.0573997633856;0.560872920012;0;0;0.0748829105414;-0.0313491360084;0;0;0,53211.80399834638,0.005,874,3e-06,1.7728547156779597,,0.0003457389909852633,0.8503888000000188,0.036170799999922565,0.8865654999999606,ok,same_stridge_core,1;Hx;D_x^1.303333 H;Hxxx;H*Hxx;H*Hxxx,0.01,0.8150422437077249
0.7448803000885886,1.2949651587894309,0.18610542711008618,-1.2244842943299281,0;0;-1.22448429433;0.18610542711;-1.80541745324;0;0;0;0.119278354441;0;0;0,53224.10426065397,0.005,875,3e-06,1.72594806353242,,0.000606574375435577,0.8516607999999906,0.03555499999993117,0.8872216999999409,ok,same_stridge_core,Hx;D_x^1.294965 H;Hxxx;H*Hxxx,0.0343268102872678,1.0872588124045723
0.7446473689279598,1.3015725216156657,0.0,-1.051983634014189,0;0;-1.05198363401;0;0;0;0;0.0749004683927;0;0;0;0,53214.39642798099,0.005,876,3e-06,1.2476356960878594,,0.000441754789545871,0.516445200000021,0.032497599999942395,0.5489493999999695,ok,same_stridge_core,Hx;H*Hxx,0.02,0.9283493175199735
0.7452213257259745,1.2944311740832113,0.18621176189173153,-1.2240656346870724,0;0;-1.22406563469;0.186211761892;-1.81990743011;0;0;0;0.120831253923;0;0;0,53224.887217891664,0.005,877,3e-06,1.7294181953114454,,0.0006104928586804967,0.8365534000000707,0.03284280000002582,0.8694034999999758,ok,same_stridge_core,Hx;D_x^1.294431 H;Hxxx;H*Hxxx,0.03432677132840532,1.0907195486967454
0.7433140728894825,1.309891197103065,0.0,-1.0556473721627266,0;0;-1.05564737216;0;0;0;0;0.0743680464797;0;0;0;0,53202.12743597781,0.005,878,3e-06,1.2492458998688076,,0.00044384030238304306,0.878422799999953,0.038914900000008856,0.9173443000000816,ok,same_stridge_core,Hx;H*Hxx,0.025,0.9300331352529408
0.7447677363436072,1.2966074501852585,0.0,-1.0516533305792606,0;0;-1.05165333058;0;0;0;0;0.0749483968013;0;0;0;0,53221.69452972597,0.005,879,3e-06,1.2475563792479083,,0.0004415937522382196,0.8544895999999653,0.0352884000000131,0.8897852999999714,ok,same_stridge_core,Hx;H*Hxx,0.02,0.9282262120695525
0.745665279759267,1.290724679596942,0.18534914026068433,-1.2244033934777558,0;0;-1.22440339348;0.185349140261;-1.85031424104;0;0;0;0.122907651479;0;0;0,53230.315094878606,0.005,880,3e-06,1.7379572618999721,,0.0006199843357238725,0.8618489000000409,0.03470879999997578,0.896562900000049,ok,same_stridge_core,Hx;D_x^1.290725 H;Hxxx;H*Hxxx,0.02,1.0991934807614288
0.7463694514392439,1.2907992315301255,0.18594770563517712,-1.2231965787467156,0;0;-1.22319657875;0.185947705635;-1.87557022921;0;0;0;0.126055521276;0;0;0,53230.20586978334,0.005,881,3e-06,1.743805276603374,,0.0006267547366816019,0.3030563999999458,0.03520770000000084,0.3382683999999472,ok,same_stridge_core,Hx;D_x^1.290799 H;Hxxx;H*Hxxx,0.019854814814814832,1.1050428061659738
0.7454111993356806,1.282006049591009,0.18225756198636803,-1.2273648334759915,0;0;-1.22736483348;0.182257561986;-1.87397882669;0;0;0;0.121814400104;0;0;0,53243.03164298591,0.005,882,3e-06,1.747566304081202,,0.0006303408415042466,0.3272215000000642,0.03738090000001648,0.36461099999996804,ok,same_stridge_core,Hx;D_x^1.282006 H;Hxxx;H*Hxxx,0.03498554798868522,1.1086499243653711
0.7449963133725966,1.3053338394152143,0.18962665960276998,-1.2212284193057692,0;0;-1.22122841931;0.189626659603;-1.76883064518;0;0;0;0.119338878172;0;0;0,53208.85499727732,0.005,883,3e-06,1.7138944565594416,,0.0005937491619310131,0.8510020999999597,0.034012100000040846,0.885025799999994,ok,same_stridge_core,Hx;D_x^1.305334 H;Hxxx;H*Hxxx,0.02,1.075388196592114
0.7435161334745243,1.3082712395686003,0.0,-1.0550915501181217,0;0;-1.05509155012;0;0;0;0;0.0744489141381;0;0;0;0,53204.52049988779,0.005,884,3e-06,1.2489669167239077,,0.0004434882717216432,0.9265182999999979,0.03264779999994971,0.9591722999999774,ok,same_stridge_core,Hx;H*Hxx,0.02,0.929739793724581
0.7443706608528482,1.314821904198918,0.0,-1.058223774207569,0;0;-1.05822377421;0;-0.120112285436;0;0;0.0735838492584;0;0;0;0,53194.834246308776,0.005,885,3e-06,1.4042027475651562,,0.00043889580558217694,0.8520905999999968,0.040299100000083854,0.892396500000018,ok,same_stridge_core,Hx;Hxxx;H*Hxx,0.02,0.9254492393483772
0.7453656340268224,1.2574351137806354,0.04497791749407519,-1.0536518083949535,0.0203653722889;0;-1.05365180839;0.0449779174941;0.590919627719;0;0;0.0788680012878;-0.0346681715674;0;0;0,53278.42594950243,0.005,886,3e-06,1.7764451801092267,,0.0003470732171593908,0.27954890000000887,0.03766299999995226,0.31721760000004906,ok,same_stridge_core,1;Hx;D_x^1.257435 H;Hxxx;H*Hxx;H*Hxxx,0.011302434018744178,0.8174335130181829
0.7449610896623322,1.2919057071268925,0.185163195172907,-1.2252439945226465,0;0;-1.22524399452;0.185163195173;-1.82017168575;0;0;0;0.119724388186;0;0;0,53228.58691890179,0.005,887,3e-06,1.7305572683287196,,0.0006115823037726096,0.8760765000000674,0.040864899999974114,0.916945999999939,ok,same_stridge_core,Hx;D_x^1.291906 H;Hxxx;H*Hxxx,0.019599991460131822,1.091814225301898
0.7466965591246773,1.289934831364567,0.04945596991779665,-1.0492089910268172,0.0206108155947;0;-1.04920899103;0.0494559699178;0.583231801168;0;0;0.0787462784476;-0.0297819634034;0;0;0,53231.4701443813,0.005,888,3e-06,1.7713377734304228,,0.00034382754829288814,0.8874959000000899,0.041580800000019735,0.929083500000047,ok,same_stridge_core,1;Hx;D_x^1.289935 H;Hxxx;H*Hxx;H*Hxxx,0.01,0.8131713108315594
0.744987141589583,1.3072506754201372,0.19025254482215265,-1.2206746125546863,0;0;-1.22067461255;0.190252544822;-1.76082252296;0;0;0;0.119180343052;0;0;0,53206.027118130776,0.005,889,3e-06,1.7114895114026747,,0.0005911903904750048,0.27510769999992135,0.034860299999991184,0.30997370000000046,ok,same_stridge_core,Hx;D_x^1.307251 H;Hxxx;H*Hxxx,0.02,1.0730171859851054
0.7441349850395461,1.3004300005036185,0.0,-1.0533905274879272,0;0;-1.05339052749;0;0;0;0;0.0746961925279;0;0;0;0,53216.07759522297,0.005,890,3e-06,1.2482233632283926,,0.00044249032513678834,0.8426893999999265,0.032944799999995666,0.8756402000000207,ok,same_stridge_core,Hx;H*Hxx,0.02,0.9289268976570548
0.7449835191715923,1.314159245004053,0.06017244776123437,-1.0600273013780117,0.0201142922444;0;-1.06002730138;0.0601724477612;0.556936524978;0;0;0.0741667286966;-0.0304768681001;0;0;0,53195.81532152007,0.005,891,3e-06,1.77177685445323,,0.00034522864947230384,0.25752330000000256,0.03651320000005853,0.294042099999956,ok,same_stridge_core,1;Hx;D_x^1.314159 H;Hxxx;H*Hxx;H*Hxxx,0.01,0.8142521786658685
0.7457383038869447,1.2939352292443784,0.1864744268589751,-1.2233395370114215,0;0;-1.22333953701;0.186474426859;-1.84062255101;0;0;0;0.123169050212;0;0;0,53225.61428205836,0.005,892,3e-06,1.7343314606895883,,0.0006160853693583473,0.8641161000000466,0.03850050000005467,0.9026268999999729,ok,same_stridge_core,Hx;D_x^1.293935 H;Hxxx;H*Hxxx,0.03432686721412213,1.0956240893048879
0.7447200699960743,1.302082038180293,0.0,-1.0517841207670948,0;0;-1.05178412077;0;0;0;0;0.0749294200121;0;0;0;0,53213.64631039852,0.005,893,3e-06,1.247556143096395,,0.00044165693313386457,0.28273139999998875,0.035366899999985435,0.31810649999999896,ok,same_stridge_core,Hx;H*Hxx,0.02,0.928274265234004
0.7462430059078806,1.288812901641029,0.18518297548963716,-1.2239903980939344,0;0;-1.22399039809;0.18518297549;-1.87856240233;0;0;0;0.12551326933;0;0;0,53233.10978895979,0.005,894,3e-06,1.7454105079188158,,0.0006284432366304974,0.8896840000001021,0.03324770000006083,0.9229392999999391,ok,same_stridge_core,Hx;D_x^1.288813 H;Hxxx;H*Hxxx,0.019937087879037772,1.1066131904512984
0.7450472936204426,1.2989109946322872,0.18754727809738905,-1.2230419053328245,0;0;-1.22304190533;0.187547278097;-1.79611185813;0;0;0;0.119890084705;0;0;0,53218.31111356361,0.005,895,3e-06,1.722280653033569,,0.0006027267005877596,0.27510129999996025,0.03166550000003099,0.30677890000004027,ok,same_stridge_core,Hx;D_x^1.298911 H;Hxxx;H*Hxxx,0.024407379809623653,1.0836609196708058
0.7451196209387142,1.2982899098987006,0.18740273704950802,-1.2231027121085756,0;0;-1.22310271211;0.18740273705;-1.80118091094;0;0;0;0.120242159575;0;0;0,53219.223784185124,0.005,896,3e-06,1.723648978877683,,0.0006042317724844531,0.9089596000000029,0.03002230000004147,0.9389903000000004,ok,same_stridge_core,Hx;D_x^1.29829 H;Hxxx;H*Hxxx,0.024407380530726476,1.0850182934674615
0.7439294626264787,1.2983162470203837,0.0,-1.0539552234658853,0;0;-1.05395522347;0;0;0;0;0.0746141356882;0;0;0;0,53219.18507205025,0.005,897,3e-06,1.2484979377684562,,0.00044280845173290173,0.26191500000004453,0.030585500000029242,0.29250630000001365,ok,same_stridge_core,Hx;H*Hxx,0.02,0.9291828273361546
0.7449849508842453,1.2993591243812965,0.05618640585859036,-1.0589849559592457,0.0201718604405;0;-1.05898495596;0.0561864058586;0.563226130618;0;0;0.0752802998144;-0.0315621137853;0;0;0,53217.6524173922,0.005,898,3e-06,1.7731184028310039,,0.0003458086090897238,0.8503018000000111,0.042682900000045265,0.8929911999999831,ok,same_stridge_core,1;Hx;D_x^1.299359 H;Hxxx;H*Hxx;H*Hxxx,0.01,0.8152006593179442
0.7453822147420962,1.3022929952924964,0.1889492500012786,-1.2214760808319425,0;0;-1.22147608083;0.188949250001;-1.79497818583;0;0;0;0.121254263845;0;0;0,53213.33574133688,0.005,899,3e-06,1.7207163508627303,,0.000601225520370674,0.9205875000000106,0.042066200000022036,0.9626584000000094,ok,same_stridge_core,Hx;D_x^1.302293 H;Hxxx;H*Hxxx,0.02,1.0821563219666877
0.7445373228192644,1.3002190691747142,0.0,-1.0522856829602427,0;0;-1.05228568296;0;0;0;0;0.074856631998;0;0;0;0,53216.38781518582,0.005,900,3e-06,1.247764252511768,,0.0004419058151816303,0.5360392000000047,0.04143640000006599,0.5774824000000081,ok,same_stridge_core,Hx;H*Hxx,0.02,0.928465925620653
0.745261254718346,1.2942335733395496,0.18617944562964694,-1.2240562670063098,0;0;-1.22405626701;0.18617944563;-1.82212502943;0;0;0;0.121016501786;0;0;0,53225.176724270816,0.005,901,3e-06,1.7300017642862697,,0.0006111438844468206,0.9101669000000356,0.042790899999999965,0.9529661999999917,ok,same_stridge_core,Hx;D_x^1.294234 H;Hxxx;H*Hxxx,0.01949301753699931,1.09129964359502
0.7447297509597653,1.2986543136886968,0.0,-1.0517575569701463,0;0;-1.05175755697;0;0;0;0;0.0749332752237;0;0;0;0,53218.688429909686,0.005,902,3e-06,1.2475765761386082,,0.0004416440469908946,0.853229199999987,0.03796829999998863,0.8912060999999767,ok,same_stridge_core,Hx;H*Hxx,0.02,0.9282644455591501
0.7445484450858332,1.2959973892748122,0.0,-1.0522551511628286,0;0;-1.05225515116;0;0;0;0;0.0748610606595;0;0;0;0,53222.59000818024,0.005,903,3e-06,1.247789476846432,,0.000441890350942983,0.46568149999995967,0.03303789999995388,0.4987251999999671,ok,same_stridge_core,Hx;H*Hxx,0.02,0.9284539367973504
0.7439830939001569,1.2849789210134692,0.0,-1.0538078416265015,0;0;-1.05380784163;0;0;0;0;0.0746355552318;0;0;0;0,53238.70397469135,0.005,904,3e-06,1.2485470264708478,,0.0004427241763265234,0.25992650000000594,0.03200830000002952,0.2919431999999915,ok,same_stridge_core,Hx;H*Hxx,0.02,0.9291148026226997
0.7450290846307277,1.3011106904958163,0.18825874428719286,-1.2224234872728155,0;0;-1.22242348727;0.188258744287;-1.78679259693;0;0;0;0.11971057581;0;0;0,53215.07610521739,0.005,905,3e-06,1.7193732276274303,,0.0005996059088178662,0.8537642000000005,0.03065019999996821,0.8844220999999379,ok,same_stridge_core,Hx;D_x^1.301111 H;Hxxx;H*Hxxx,0.03989857574083763,1.0807923143648215
0.7462953899384651,1.2861388392615911,0.18433428807097949,-1.2246823532166367,0;0;-1.22468235322;0.184334288071;-1.89057828504;0;0;0;0.125759110998;0;0;0,53237.01301596284,0.005,906,3e-06,1.749505202399691,,0.0006329701065551679,0.845980700000041,0.037725900000054935,0.8837160000000495,ok,same_stridge_core,Hx;D_x^1.286139 H;Hxxx;H*Hxxx,0.024407389206494816,1.110661046208137
0.7448563551327212,1.2875025726261977,0.18362653159280623,-1.226703805271279,0;0;-1.22670380527;0.183626531593;-1.83315895927;0;0;0;0.119327405583;0;0;0,53235.02325795568,0.005,907,3e-06,1.7354683749579276,,0.0006168382608672904,0.8807620000000043,0.029980299999920135,0.9107483000000229,ok,same_stridge_core,Hx;D_x^1.287503 H;Hxxx;H*Hxxx,0.029369665482354555,1.0966480958624594
0.7443623943666999,1.291432139294985,0.0,-1.0527659531149285,0;0;-1.05276595311;0;0;0;0;0.0747869032073;0;0;0;0,53229.27990218178,0.005,908,3e-06,1.2480355184085268,,0.00044215375588254377,0.2583488000000216,0.03155450000008386,0.2899079000000029,ok,same_stridge_core,Hx;H*Hxx,0.02,0.9286598389954361
0.7447677363436072,1.3008026190032125,0.0,-1.0516533305792606,0;0;-1.05165333058;0;0;0;0;0.0749483968013;0;0;0;0,53215.529483616956,0.005,909,3e-06,1.2475193889712541,,0.0004415937522382196,0.5847305000000915,0.033593799999948715,0.6183293999999933,ok,same_stridge_core,Hx;H*Hxx,0.02,0.9282262120695525
0.7448346119256681,1.301489633523896,0.0,-1.0514698417685775,0;0;-1.05146984177;0;0;0;0;0.0749750171141;0;0;0;0,53214.51846766102,0.005,910,3e-06,1.2474469068869847,,0.000441506259568936,0.2651180000000295,0.033725399999980255,0.29884999999990214,ok,same_stridge_core,Hx;H*Hxx,0.02,0.9281597960810185
0.7443170079503737,1.2971104739026507,0.0,-1.0528905784749394,0;0;-1.05289057847;0;0;0;0;0.0747688089399;0;0;0;0,53220.95614087966,0.005,911,3e-06,1.2480374386537612,,0.00044221966286427735,0.5689240000000382,0.03257470000005469,0.6015045000000327,ok,same_stridge_core,Hx;H*Hxx,0.02,0.9287117018084832
0.7449191728714963,1.3036490323725678,0.18900391635925934,-1.221858676651588,0;0;-1.22185867665;0.189003916359;-1.77273102501;0;0;0;0.119082974721;0;0;0,53211.33847195673,0.005,912,3e-06,1.715355147388943,,0.0005952636665586036,0.887547799999993,0.031941200000005665,0.9194946000000073,ok,same_stridge_core,Hx;D_x^1.303649 H;Hxxx;H*Hxxx,0.030468966307061543,1.0768190857254623
0.7450394360527326,1.3009087207353216,0.18820075885621484,-1.2224656432677607,0;0;-1.22246564327;0.188200758856;-1.78796679887;0;0;0;0.119766939063;0;0;0,53215.37320871367,0.005,913,3e-06,1.7197081589977385,,0.0005999692385482579,0.8802197999999635,0.04035220000002937,0.9205803999999489,ok,same_stridge_core,Hx;D_x^1.300909 H;Hxxx;H*Hxxx,0.02,1.0811236804931745
0.7448807355110654,1.3030732226418158,0.0,-1.0513433095880307,0;0;-1.05134330959;0;0;0;0;0.0749933708474;0;0;0;0,53212.18672685563,0.005,914,3e-06,1.2473879043050908,,0.0004414467715856125,0.2802437999999938,0.035077200000046105,0.3153300000000172,ok,same_stridge_core,Hx;H*Hxx,0.02,0.928114783943957
0.7447635279231779,1.3037272205680808,0.0,-1.0516648754213604,0;0;-1.05166487542;0;0;0;0;0.0749467217322;0;0;0;0,53211.22330436167,0.005,915,3e-06,1.2474977578566055,,0.00044159929032208423,0.8759119999999712,0.0333959000000732,0.9093139999999948,ok,same_stridge_core,Hx;H*Hxx,0.02,0.9282304180304356
0.7451341981364157,1.2976325314129815,0.18719764623278318,-1.223271713305441,0;0;-1.22327171331;0.187197646233;-1.80428336795;0;0;0;0.120333172004;0;0;0,53220.18949731573,0.005,916,3e-06,1.7246016797964805,,0.0006052621550132062,0.8579928999999993,0.033077699999921606,0.891075600000022,ok,same_stridge_core,Hx;D_x^1.297633 H;Hxxx;H*Hxxx,0.019440750524897986,1.0859594058286917
0.7448833403512519,1.2946762809107089,0.18601269566746548,-1.2245638883978665,0;0;-1.2245638884;0.186012695667;-1.80664807867;0;0;0;0.119300961079;0;0;0,53224.52778930272,0.005,917,3e-06,1.726343007853845,,0.0006070005301492438,1.0075347999999167,0.04743570000005093,1.054978599999913,ok,same_stridge_core,Hx;D_x^1.294676 H;Hxxx;H*Hxxx,0.02,1.0876486743822122
0.744719879386939,1.3126751968905097,0.0,-1.0573325588733715,0;0;-1.05733255887;0;-0.121588984945;0;0;0.073708157449;0;0;0;0,53198.01123728627,0.005,918,3e-06,1.4037417514742057,,0.00043833093075374476,0.9117156999999452,0.0413487000000714,0.9530700999999908,ok,same_stridge_core,Hx;Hxxx;H*Hxx,0.02,0.9249596503386293
0.7447569093880892,1.3072506754201372,0.0,-1.0516830356061595,0;0;-1.05168303561;0;0;0;0;0.074944087487;0;0;0;0,53206.027118130776,0.005,919,3e-06,1.2474733510740716,,0.0004416080184388687,0.3061757000000398,0.03512399999999616,0.3413046000000577,ok,same_stridge_core,Hx;H*Hxx,0.02,0.928237188365287
0.7436883486518964,1.3039187205348723,0.0,-1.054617987848677,0;0;-1.05461798785;0;0;0;0;0.0745177875061;0;0;0;0,53210.941065582694,0.005,920,3e-06,1.2487666468713887,,0.0004431985020180498,0.8238505000000487,0.03205020000007153,0.8559053000000176,ok,same_stridge_core,Hx;H*Hxx,0.02,0.9295010004778926
0.7451859701792971,1.3044240469370258,0.18948809845216716,-1.2211768318274538,0;0;-1.22117683183;0.189488098452;-1.77937000044;0;0;0;0.120252956532;0;0;0,53210.19630477339,0.005,921,3e-06,1.7165060176891243,,0.000596626427566232,0.8405005000000756,0.0305730999999696,0.8710811000000831,ok,same_stridge_core,Hx;D_x^1.304424 H;Hxxx;H*Hxxx,0.019493014934968855,1.0779836620318435
0.7454405997543176,1.290082993598784,0.1849532973178817,-1.224969082005629,0;0;-1.22496908201;0.184953297318;-1.84460247701;0;0;0;0.121911353519;0;0;0,53231.25339672576,0.005,922,3e-06,1.7369270020015835,,0.0006187411504730955,0.8314532000000554,0.031918000000018765,0.8633776000000353,ok,same_stridge_core,Hx;D_x^1.290083 H;Hxxx;H*Hxxx,0.020434036366683426,1.0981519612408743
0.7449430638908159,1.3012749137059434,0.18824016275109925,-1.2225205423078618,0;0;-1.22252054231;0.188240162751;-1.78300913135;0;0;0;0.119312737218;0;0;0,53214.83444215083,0.005,923,3e-06,1.7184835718778237,,0.0005986109792074849,0.8773030999999492,0.03069540000001325,0.9080036000000291,ok,same_stridge_core,Hx;D_x^1.301275 H;Hxxx;H*Hxxx,0.020549480817968212,1.0799055585720136
0.7455585567532362,1.2917473414069514,0.1856009593568924,-1.224283860736704,0;0;-1.22428386074;0.185600959357;-1.84251776658;0;0;0;0.122410969303;0;0;0,53228.818600525425,0.005,924,3e-06,1.7357118812428376,,0.0006174858568834606,0.9133755999999948,0.03434340000001157,0.9477277000000868,ok,same_stridge_core,Hx;D_x^1.291747 H;Hxxx;H*Hxxx,0.01954690491661252,1.0969660580365324
0.7449323492047473,1.2938441167997432,0.18577884770298028,-1.224725140516915,0;0;-1.22472514052;0.185778847703;-1.81165486032;0;0;0;0.119546195291;0;0;0,53225.74767258542,0.005,925,3e-06,1.7278122150843227,,0.0006086071878659684,0.8426246999999876,0.032803400000034344,0.8754344000000174,ok,same_stridge_core,Hx;D_x^1.293844 H;Hxxx;H*Hxxx,0.02,1.0891032430132976
0.7447816640132587,1.293663501632583,0.18559469822800828,-1.225032173020451,0;0;-1.22503217302;0.185594698228;-1.80686006556;0;0;0;0.118872026288;0;0;0,53226.012417741484,0.005,926,3e-06,1.72681614044311,,0.0006074552080164214,0.8461512000000084,0.029466100000036022,0.8756230000000187,ok,same_stridge_core,Hx;D_x^1.293664 H;Hxxx;H*Hxxx,0.02044219187675072,1.088103991430212
0.7440492342462204,1.3076410184968899,0.0,-1.0536261111548721,0;0;-1.05362611115;0;0;0;0;0.074661964624;0;0;0;0,53205.450895008704,0.005,927,3e-06,1.2482646937149995,,0.00044262148702249924,0.8481190999999626,0.033450799999968694,0.8815740000000005,ok,same_stridge_core,Hx;H*Hxx,0.02,0.9290319883449474
0.7415696523216271,1.2970482151694163,0.0,-1.0604546092352691,0;0;-1.06045460924;0;0;0;0;0.0736671958855;0;0;0;0,53221.04769642323,0.005,928,3e-06,1.2524553575606305,,0.00044741853012760874,0.4562118000000055,0.043652699999938704,0.4998694000000796,ok,same_stridge_core,Hx;H*Hxx,0.020439951932598996,0.9331290713820911
0.7448086514280591,1.3035723597401638,0.0,-1.0515410677930852,0;0;-1.05154106779;0;0;0;0;0.0749646839949;0;0;0;0,53211.451324346745,0.005,929,3e-06,1.2474539218074883,,0.0004415400300269379,0.8477437999999893,0.04314990000000307,0.8909039999999777,ok,same_stridge_core,Hx;H*Hxx,0.02,0.9281852138614078
0.7445373228192644,1.293663501632583,0.0,-1.0522856829602427,0;0;-1.05228568296;0;0;0;0;0.074856631998;0;0;0;0,53226.012417741484,0.005,930,3e-06,1.2478220001271019,,0.0004419058151816303,0.0025982999999314416,0.04122640000002775,0.043830999999954656,ok,same_stridge_core,Hx;H*Hxx,0.02,0.928465925620653
0.7450699418349264,1.2976554842395274,0.1871514674670793,-1.2233735024267625,0;0;-1.22337350243;0.187151467467;-1.80185309555;0;0;0;0.12004197963;0;0;0,53220.15579153274,0.005,931,3e-06,1.7240529343957895,,0.0006046391993677664,0.8609480000000076,0.03457200000002558,0.8955279000000473,ok,same_stridge_core,Hx;D_x^1.297655 H;Hxxx;H*Hxxx,0.02,1.0854110648973967
0.7451068491678893,1.309936370455295,0.19124504603246267,-1.219671607873303,0;0;-1.21967160787;0.191245046032;-1.75436882523;0;0;0;0.119547257412;0;0;0,53202.060773328376,0.005,932,3e-06,1.7091816751495412,,0.000588804318474556,0.8526224999999386,0.0333971999999676,0.8860259000000497,ok,same_stridge_core,Hx;D_x^1.309936 H;Hxxx;H*Hxxx,0.02,1.0707569458696007
0.7449862477912199,1.2864663114449264,0.183390095971081,-1.2267864555467196,0;0;-1.22678645555;0.183390095971;-1.84180975637;0;0;0;0.119918424279;0;0;0,53236.53537753949,0.005,933,3e-06,1.7379301943866892,,0.0006195819369207194,0.8581083999999919,0.03127130000007128,0.8893858000000137,ok,same_stridge_core,Hx;D_x^1.286466 H;Hxxx;H*Hxxx,0.02937770206070859,1.0990917698562153
0.7447656018121339,1.2913182177646432,0.18480906474890138,-1.2257450007772754,0;0;-1.22574500078;0.184809064749;-1.81530324641;0;0;0;0.118858031583;0;0;0,53229.44663750191,0.005,934,3e-06,1.729715212919002,,0.0006105686019822587,0.8663697000000639,0.030495800000039708,0.8968711999999641,ok,same_stridge_core,Hx;D_x^1.291318 H;Hxxx;H*Hxxx,0.02043268452680218,1.090961853268979
0.7450684483976742,1.3045919784191455,0.18944315317854019,-1.2213262139854433,0;0;-1.22132621399;0.189443153179;-1.77441924741;0;0;0;0.119709479552;0;0;0,53209.94862076538,0.005,935,3e-06,1.7153714376831024,,0.0005953574884622507,0.8492208999999775,0.036476600000014514,0.8857044000000087,ok,same_stridge_core,Hx;D_x^1.304592 H;Hxxx;H*Hxxx,0.020432677126875392,1.076852054233918
0.7450957626912272,1.2829278918577556,0.18231115318387953,-1.2276276427100152,0;0;-1.22762764271;0.182311153184;-1.85907931489;0;0;0;0.120414955956;0;0;0,53241.69066124129,0.005,936,3e-06,1.7436143338714907,,0.0006258368329239578,0.9064190000000281,0.03115760000002865,0.9375895999999102,ok,same_stridge_core,Hx;D_x^1.282928 H;Hxxx;H*Hxxx,0.02937806946140279,1.1047140459365952
0.7428990019999028,1.3021801369433452,0.0,-1.056789797184944,0;0;-1.05678979718;0;0;0;0;0.07420172121;0;0;0;0,53213.501988488744,0.005,937,3e-06,1.2499585355507246,,0.00044460376804276444,0.45285709999996016,0.03715469999997367,0.49002169999994294,ok,same_stridge_core,Hx;H*Hxx,0.020927755701089026,0.9306775236197922
0.745430525357762,1.2928888226717785,0.1858740182820772,-1.22416521804845,0;0;-1.22416521805;0.185874018282;-1.83347424174;0;0;0;0.121811878273;0;0;0,53227.14724377826,0.005,938,3e-06,1.7331487877806477,,0.0006146373508824951,0.8505900000000111,0.029409499999928812,0.880005600000004,ok,same_stridge_core,Hx;D_x^1.292889 H;Hxxx;H*Hxxx,0.03606762953821779,1.0944230208553085
0.7447677363436072,1.2926090916061144,0.18523590337946114,-1.225364201894224,0;0;-1.22536420189;0.185235903379;-1.8104194233;0;0;0;0.118837353818;0;0;0,53227.55693087732,0.005,939,3e-06,1.7280611056505641,,0.0006087874008468771,0.46673840000005384,0.031200099999978192,0.4979443000000856,ok,same_stridge_core,Hx;D_x^1.292609 H;Hxxx;H*Hxxx,0.020450210084033613,1.0893304224800362
0.7429538890092177,1.3243433632219341,0.07385851468256208,-1.0765190111701621,0.0190049791113;0;-1.07651901117;0.0738585146826;0.312186372608;0;0;0.0681176530317;0;0;0;0,53180.7156310076,0.005,940,3e-06,1.6151425590222668,,0.00034941142487185075,0.8416696000000456,0.03443490000006477,0.8761091999999735,ok,same_stridge_core,1;Hx;D_x^1.324343 H;Hxxx;H*Hxx,0.015,0.8174318245571528
0.7443170079503737,1.2965400022230844,0.0,-1.0528905784749394,0;0;-1.05289057847;0;0;0;0;0.0747688089399;0;0;0;0,53221.793750835524,0.005,941,3e-06,1.2480424643134964,,0.00044221966286427735,0.45172359999992295,0.031699199999934535,0.4834308999999166,ok,same_stridge_core,Hx;H*Hxx,0.02,0.9287117018084832
0.7452820811950935,1.3327138447541993,0.0,-1.0558990683780314,0;0;-1.05589906838;0;-0.123965363168;0;0;0.0739078864326;0;0;0;0,53168.2768572566,0.005,942,3e-06,1.4027667253747105,,0.00043749904594731534,0.9147049000000607,0.03340939999998227,0.9481188999999404,ok,same_stridge_core,Hx;Hxxx;H*Hxx,0.02,0.9242522336594011
0.7451845761700789,1.2933860594463442,0.04456754777542203,-0.9682734417901852,0.0927123951633;-0.0141056395704;-0.96827344179;0.0445675477754;3.29950830525;0;-0.0119919279525;-0.0301841015122;-0.783622642379;0;0.0102507513249;0.0612722951491,53226.418883744824,0.005,943,3e-06,2.37303688321622,,0.00031202096372424053,0.863285000000019,0.0296010000000706,0.892890800000032,ok,same_stridge_core,1;H;Hx;D_x^1.293386 H;Hxxx;H*Hx;H*Hxx;H*Hxxx;H^2*Hxx;H^2*Hxxx,0.005,0.7762443167038753
0.7450212988070178,1.3030732226418158,0.18890073581069716,-1.2218561714211977,0;0;-1.22185617142;0.188900735811;-1.7787409808;0;0;0;0.119577659377;0;0;0,53212.18672685563,0.005,944,3e-06,1.7168721064875725,,0.0005969321610196913,0.2588418999999931,0.02967840000007982,0.28852530000006027,ok,same_stridge_core,Hx;D_x^1.303073 H;Hxxx;H*Hxxx,0.029946952149359565,1.078325865765305
0.7448773596741326,1.2986508940962065,0.0,-1.0513525675965758,0;0;-1.0513525676;0;0;0;0;0.0749920278287;0;0;0;0,53218.693441676915,0.005,945,3e-06,1.247430340838512,,0.00044145108605717905,0.8708778999999822,0.035935399999971196,0.9068192000000863,ok,same_stridge_core,Hx;H*Hxx,0.019700781440781457,0.9281181801884504
0.7442627508116808,1.3064318824827996,0.0,-1.0530395822636331,0;0;-1.05303958226;0;0;0;0;0.0747471692476;0;0;0;0,53207.23529438531,0.005,946,3e-06,1.2480180562268108,,0.00044229925681670966,0.46236480000004576,0.03290649999996731,0.49527659999989737,ok,same_stridge_core,Hx;H*Hxx,0.02,0.9287746444604988
0.7449276839284695,1.293426641221723,0.04518392833967201,-0.9698043921532615,0.0925099917773;-0.0140781614788;-0.969804392153;0.0451839283397;3.28617478875;0;-0.0119592596313;-0.0307576971583;-0.7808490745;0;0.0102796674287;0.061065431133,53226.35948008095,0.005,947,3e-06,2.3735345780965544,,0.00031241513438370915,0.8565141000000267,0.03322179999997843,0.8897408000000269,ok,same_stridge_core,1;H;Hx;D_x^1.293427 H;Hxxx;H*Hx;H*Hxx;H*Hxxx;H^2*Hxx;H^2*Hxxx,0.005,0.776743793694126
0.7471059201304073,1.2833508309817152,0.04686139423848881,-1.0465310449036256,0.0207230574916;0;-1.0465310449;0.0468613942385;0.590705915347;0;0;0.0798607753853;-0.0297434707295;0;0;0,53241.07514830542,0.005,948,3e-06,1.7713618554090558,,0.00034358247411916704,0.9464377999998987,0.05043769999997494,0.9968827000000147,ok,same_stridge_core,1;Hx;D_x^1.283351 H;Hxxx;H*Hxx;H*Hxxx,0.01,0.8130225027395582
0.7435636389581404,1.3145043618216177,0.0,-1.0549609045325596,0;0;-1.05496090453;0;0;0;0;0.0744679161743;0;0;0;0,53195.304453856355,0.005,949,3e-06,1.2488447809305474,,0.0004434074001041026,0.9621587999999974,0.0447934000000032,1.0069565000000011,ok,same_stridge_core,Hx;H*Hxx,0.02,0.9296729542074091
0.7449290972006204,1.2959087151772404,0.186457210933639,-1.2241249827183078,0;0;-1.22412498272;0.186457210934;-1.80353163187;0;0;0;0.119468074593;0;0;0,53222.72012617443,0.005,950,3e-06,1.725137819613421,,0.0006057293731561595,0.827634400000079,0.030498099999931583,0.8581378000000086,ok,same_stridge_core,Hx;D_x^1.295909 H;Hxxx;H*Hxxx,0.04175568181818182,1.086465178099328
0.745537459580444,1.2944283586795386,0.18647226521271917,-1.2235333326681492,0;0;-1.22353333267;0.186472265213;-1.83141776142;0;0;0;0.122253819572;0;0;0,53224.89130585101,0.005,951,3e-06,1.7320234004490909,,0.0006134768833234207,0.8275242999999364,0.031022800000073403,0.8585521999999628,ok,same_stridge_core,Hx;D_x^1.294428 H;Hxxx;H*Hxxx,0.02992055642769928,1.0933247047788788
0.7471967439974372,1.278586902639381,0.04552533461344898,-1.0456725497386767,0.020754021612;0;-1.04567254974;0.0455253346134;0.594415193609;0;0;0.0803299041133;-0.0300293040568;0;0;0,53247.99786805403,0.005,952,3e-06,1.7716762261801198,,0.0003436727717267987,0.842261100000087,0.05092469999999594,0.8931913000000122,ok,same_stridge_core,1;Hx;D_x^1.278587 H;Hxxx;H*Hxx;H*Hxxx,0.01,0.8132122645551473
0.7451648511201527,1.3000724179766663,0.18803016413007959,-1.2225004939062913,0;0;-1.22250049391;0.18803016413;-1.79583082068;0;0;0;0.120372744474;0;0;0,53216.60353190856,0.005,953,3e-06,1.7217611922490663,,0.000602231494547104,0.8451086000000032,0.03316990000007536,0.8782840000000078,ok,same_stridge_core,Hx;D_x^1.300072 H;Hxxx;H*Hxxx,0.02,1.0831619498661638
0.7459011031851872,1.2920327186081082,0.1859761611247221,-1.2236234091096834,0;0;-1.22362340911;0.185976161125;-1.85386190585;0;0;0;0.123940805145;0;0;0,53228.40092196566,0.005,954,3e-06,1.738199503240112,,0.0006203769101946738,0.8485220000000027,0.031264500000020234,0.879791100000034,ok,same_stridge_core,Hx;D_x^1.292033 H;Hxxx;H*Hxxx,0.02043267737584546,1.0994586921765241
0.7447176116424268,1.2989109946322872,0.0,-1.051790867145246,0;0;-1.05179086715;0;0;0;0;0.074928440364;0;0;0;0,53218.31111356361,0.005,955,3e-06,1.2475867073921552,,0.0004416602384755377,0.25827939999999217,0.03355520000002343,0.29184190000000854,ok,same_stridge_core,Hx;H*Hxx,0.02,0.9282768407107734
0.7446800759794465,1.3047135773914311,0.0,-1.0518938744331523,0;0;-1.05189387443;0;0;0;0;0.0749134952938;0;0;0;0,53209.769435822745,0.005,956,3e-06,1.247573921072239,,0.00044171054105719704,0.838291799999979,0.04431220000003577,0.8826131999999234,ok,same_stridge_core,Hx;H*Hxx,0.02,0.9283153044573025
0.7449890355744346,1.300667552150964,0.0,-1.0510462405624108,0;0;-1.05104624056;0;0;0;0;0.0750364556847;0;0;0;0,53215.728160489205,0.005,957,3e-06,1.24730660700315,,0.00044130965302858897,0.854631100000006,0.035821600000076614,0.8904584000000568,ok,same_stridge_core,Hx;H*Hxx,0.019506191950464404,0.9280122380402147
0.7450052991253637,1.311041435719942,0.19152235231090442,-1.2195146209608985,0;0;-1.21951462096;0.191522352311;-1.74619469111;0;0;0;0.119004131258;0;0;0,53200.42748699323,0.005,958,3e-06,1.7070787370236213,,0.0005865296503077842,0.8895337999999811,0.03204070000003867,0.9215795000000071,ok,same_stridge_core,Hx;D_x^1.311041 H;Hxxx;H*Hxxx,0.025459145132536953,1.0686736071797027
0.7428546266256688,1.3163536219464662,0.0,-1.0569119892839332,0;0;-1.05691198928;0;0;0;0;0.0741839208853;0;0;0;0,53192.56587711724,0.005,959,3e-06,1.249905234039189,,0.0004446886633097389,0.8818292000000838,0.03274850000002516,0.9145820999999614,ok,same_stridge_core,Hx;H*Hxx,0.02,0.9307498387764855
0.7445373228192644,1.3031728613784677,0.0,-1.0522856829602427,0;0;-1.05228568296;0;0;0;0;0.074856631998;0;0;0;0,53212.040004393166,0.005,960,3e-06,1.2477381656470121,,0.0004419058151816303,0.46964090000005854,0.03340389999993931,0.5030493000000433,ok,same_stridge_core,Hx;H*Hxx,0.02,0.928465925620653
0.7451827310436758,1.3083628581849496,0.1907897171868571,-1.2200115962408054,0;0;-1.22001159624;0.190789717187;-1.76348016567;0;0;0;0.120000130459;0;0;0,53204.385200964985,0.005,961,3e-06,1.7116665093825614,,0.0005914767799730924,0.8473970999999665,0.029772600000001148,0.8771742999999788,ok,same_stridge_core,Hx;D_x^1.308363 H;Hxxx;H*Hxxx,0.019937104732997982,1.0732138869709815
0.7458499295630743,1.2986543136886968,0.1881351993294113,-1.2217613605730815,0;0;-1.22176136057;0.188135199329;-1.82631440812;0;0;0;0.123524632355;0;0;0,53218.688429909686,0.005,962,3e-06,1.7291239548093493,,0.0006105100785718231,0.26284369999996215,0.03493040000000747,0.2977792000000363,ok,same_stridge_core,Hx;D_x^1.298654 H;Hxxx;H*Hxxx,0.02,1.0904996936504332
0.7451184864712492,1.2959999863276768,0.18664498070888882,-1.223778473184621,0;0;-1.22377847318;0.186644980709;-1.81007613864;0;0;0;0.120319698574;0;0;0,53222.5861915333,0.005,963,3e-06,1.7265585443381317,,0.0006073572878070545,0.8383325000000923,0.031179699999938748,0.8695167000000765,ok,same_stridge_core,Hx;D_x^1.296 H;Hxxx;H*Hxxx,0.035490729625183404,1.087887510039732
0.745114310342372,1.3059417513176599,0.18992904995230397,-1.2208478123726503,0;0;-1.22084781237;0.189929049952;-1.77070166115;0;0;0;0.119840005078;0;0;0,53207.958336804215,0.005,964,3e-06,1.7140771352106476,,0.0005940033587937174,0.8868583000000854,0.0316150999999536,0.9184809000000769,ok,same_stridge_core,Hx;D_x^1.305942 H;Hxxx;H*Hxxx,0.01993749478392181,1.075581635168997
0.7448876901567965,1.3072195370679618,0.0,-1.0569045173430822,0;0;-1.05690451734;0;-0.122298459339;0;0;0.0737678252085;0;0;0;0,53206.072953740615,0.005,965,3e-06,1.4035928266419524,,0.0004380726310533465,0.5402828999999656,0.04472600000008242,0.585015999999996,ok,same_stridge_core,Hx;Hxxx;H*Hxx,0.02,0.9247381700582867
0.7451333762927874,1.3069435901912103,0.19027707643886063,-1.2205177283807833,0;0;-1.22051772838;0.190277076439;-1.76738428693;0;0;0;0.119865897476;0;0;0,53206.480294611625,0.005,966,3e-06,1.7130041265476437,,0.0005928723688113168,0.2696329999999989,0.03043430000002445,0.30007210000007944,ok,same_stridge_core,Hx;D_x^1.306944 H;Hxxx;H*Hxxx,0.02650375939849624,1.074526363012304
0.7447440920635087,1.299999551464377,0.04682498652918482,-0.971008195723952,0.0921532362199;-0.0140116674294;-0.971008195724;0.0468249865292;3.28155776589;0;-0.0119515839267;-0.031433372971;-0.780274124396;0;0.0103099828469;0.061025328642,53216.71077701018,0.005,967,3e-06,2.3735680048735075,,0.0003126636288270976,0.8567623999999796,0.030068300000039017,0.8868362999999135,ok,same_stridge_core,1;H;Hx;D_x^1.3 H;Hxxx;H*Hx;H*Hxx;H*Hxxx;H^2*Hxx;H^2*Hxxx,0.005,0.7770666815632022
0.7451498393485831,1.2947944701854655,0.18627265199044063,-1.2240796067268624,0;0;-1.22407960673;0.18627265199;-1.81589802997;0;0;0;0.120498740387;0;0;0,53224.354505683885,0.005,968,3e-06,1.7283637853008567,,0.0006093176859208695,0.8634267999999565,0.030716900000015812,0.8941487000000734,ok,same_stridge_core,Hx;D_x^1.294794 H;Hxxx;H*Hxxx,0.035501285207167554,1.0896715312326501
0.7447316322678436,1.3031158734653352,0.0,-1.0517523950807364,0;0;-1.05175239508;0;0;0;0;0.0749340241574;0;0;0;0,53212.12395245436,0.005,969,3e-06,1.2475352714201635,,0.00044164154370307003,0.856009800000038,0.03385690000004615,0.8898719000000028,ok,same_stridge_core,Hx;H*Hxx,0.02,0.9282625277054373
0.7448328965201401,1.3033278484563127,0.05763411670865548,-1.0600778689235009,0.0201205930798;0;-1.06007786892;0.0576341167087;0.560087912429;0;0;0.0747339221502;-0.0314859701406;0;0;0,53211.811576558444,0.005,970,3e-06,1.7730057513782809,,0.0003458739035224292,0.9200537000000395,0.03508959999999206,0.9551482000000533,ok,same_stridge_core,1;Hx;D_x^1.303328 H;Hxxx;H*Hxx;H*Hxxx,0.01,0.8151931430002288
0.7449944845303282,1.2971104739026507,0.1869083671419827,-1.2236613431400347,0;0;-1.22366134314;0.186908367142;-1.80123246266;0;0;0;0.119721237671;0;0;0,53220.95614087966,0.005,971,3e-06,1.7241358379807283,,0.0006046882806338617,0.26433970000005047,0.030158600000049773,0.29450550000001385,ok,same_stridge_core,Hx;D_x^1.29711 H;Hxxx;H*Hxxx,0.0194407333134944,1.0854843642901726
0.7450460781094915,1.2971437158278414,0.18696245269686737,-1.2235644207347327,0;0;-1.22356442073;0.186962452697;-1.80298256166;0;0;0;0.119953119412;0;0;0,53220.9073298773,0.005,972,3e-06,1.7245106416875653,,0.0006051179505822435,0.8584435999999869,0.038423299999976734,0.8968739000000596,ok,same_stridge_core,Hx;D_x^1.297144 H;Hxxx;H*Hxxx,0.019665636313004737,1.0858597537290375
0.7447981075192479,1.2948356916851926,0.0,-1.0571330046421024,0;0;-1.05713300464;0;-0.121919783162;0;0;0.073735978266;0;0;0;0,53224.29405808985,0.005,973,3e-06,1.4038739031093215,,0.0004382094447181342,0.9409182000000555,0.05170780000003106,0.9926351999999952,ok,same_stridge_core,Hx;Hxxx;H*Hxx,0.017857142857142863,0.9248552565865128
0.7450276877866555,1.3030732226418158,0.0,-1.0565475234051107,0;0;-1.05654752341;0;-0.122890254508;0;0;0.07381756821;0;0;0;0,53212.18672685563,0.005,974,3e-06,1.4034698592440078,,0.0004378637258385811,0.31085430000007364,0.036475200000040786,0.34733730000004925,ok,same_stridge_core,Hx;Hxxx;H*Hxx,0.01949904045684851,0.9245601787023072
0.7449532460406342,1.3020215901184178,0.18849539306412869,-1.222282601355938,0;0;-1.22228260136;0.188495393064;-1.78042847843;0;0;0;0.119322448858;0;0;0,53213.73537484586,0.005,975,3e-06,1.7176359903494547,,0.0005977117752950023,0.9157880000000205,0.03623670000001766,0.9520317999999861,ok,same_stridge_core,Hx;D_x^1.302022 H;Hxxx;H*Hxxx,0.03432698223345282,1.0790711658513044
0.7447093381985218,1.2935576764510202,0.0,-1.0518135696424478,0;0;-1.05181356964;0;0;0;0;0.0749251484111;0;0;0;0,53226.167432375354,0.005,976,3e-06,1.2476422843869064,,0.00044167131074177653,0.9088462000000845,0.035388300000022355,0.9442399000000705,ok,same_stridge_core,Hx;H*Hxx,0.02,0.9282852797926543
0.7446920730464096,1.302978381874078,0.0,-1.0518609500067753,0;0;-1.05186095001;0;0;0;0;0.0749182712868;0;0;0;0,53212.32639096392,0.005,977,3e-06,1.2475768740586586,,0.00044169436394306613,0.8347243000000617,0.03474900000003345,0.8694820000000618,ok,same_stridge_core,Hx;H*Hxx,0.02,0.928302915712875
0.7449068072987088,1.3047667061742547,0.0,-1.0512717892578611,0;0;-1.05127178926;0;0;0;0;0.0750037428551;0;0;0;0,53209.69113939675,0.005,978,3e-06,1.2473478887500433,,0.00044141341721807154,0.845701599999984,0.03460019999999986,0.8803074000001061,ok,same_stridge_core,Hx;H*Hxx,0.02,0.9280897419136628
0.7449732774176285,1.3011720615581701,0.0,-1.0510894627110616,0;0;-1.05108946271;0;0;0;0;0.0750301871523;0;0;0;0,53214.985745677586,0.005,979,3e-06,1.247316847557311,,0.0004413293150055687,0.8327595000000656,0.03387329999998201,0.8666405000000168,ok,same_stridge_core,Hx;H*Hxx,0.01959708287813552,0.9280269330832457
0.745367288091401,1.302669663005188,0.189061434369641,-1.2213897832525598,0;0;-1.22138978325;0.18906143437;-1.79294260761;0;0;0;0.121167997817;0;0;0,53212.78109661775,0.005,980,3e-06,1.7201258998497022,,0.000600585917856075,0.9147788999999875,0.04309190000003582,0.9578794000000244,ok,same_stridge_core,Hx;D_x^1.30267 H;Hxxx;H*Hxxx,0.019446523530977727,1.0815725266902894
0.7467608727635144,1.2876460729118333,0.04873853596066021,-1.0486915517983766,0.0206317573004;0;-1.0486915518;0.0487385359607;0.585098822651;0;0;0.0790102331454;-0.0298811634927;0;0;0,53234.8137627926,0.005,981,3e-06,1.7714576035983307,,0.00034384134692607186,0.9253254000000197,0.06127990000004502,0.9866140000000314,ok,same_stridge_core,1;Hx;D_x^1.287646 H;Hxxx;H*Hxx;H*Hxxx,0.01,0.8132309558680638
0.7450219051240988,1.3047453871350132,0.1894540405523085,-1.2213596073538298,0;0;-1.22135960735;0.189454040552;-1.77211153258;0;0;0;0.119489198591;0;0;0,53209.72259564214,0.005,982,3e-06,1.7148165788818928,,0.0005947429423201546,0.9212156999999479,0.03616690000001199,0.9573894999999766,ok,same_stridge_core,Hx;D_x^1.304745 H;Hxxx;H*Hxxx,0.030070734820734826,1.076299907734187
0.744893819732813,1.2990276217069567,0.05633330389397025,-1.0594445863675515,0.020150963559;0;-1.05944458637;0.056333303894;0.562581628895;0;0;0.0751554923707;-0.031724557283;0;0;0,53218.13970531242,0.005,983,3e-06,1.773299354182905,,0.0003459566058781083,0.9377726999999823,0.046730899999943176,0.9845092000000477,ok,same_stridge_core,1;Hx;D_x^1.299028 H;Hxxx;H*Hxx;H*Hxxx,0.01,0.8153728394872813
0.7449649748917002,1.302265344109346,0.18858587513055136,-1.2221906529075204,0;0;-1.22219065291;0.188585875131;-1.77989104907;0;0;0;0.119363473994;0;0;0,53213.37640251675,0.005,984,3e-06,1.717426606304179,,0.0005974944880192737,0.9597763000000441,0.03405340000006163,0.9938369000000193,ok,same_stridge_core,Hx;D_x^1.302265 H;Hxxx;H*Hxxx,0.02597059965932146,1.078866089473978
0.7447176116424268,1.3077240464751678,0.0,-1.051790867145246,0;0;-1.05179086715;0;0;0;0;0.074928440364;0;0;0;0,53205.32824990883,0.005,985,3e-06,1.2475088102102263,,0.0004416602384755377,0.5601176000000123,0.04290639999999257,0.6030328000000509,ok,same_stridge_core,Hx;H*Hxx,0.02,0.9282768407107734
0.7441447804344387,1.306907349015744,0.0,-1.0533636185046353,0;0;-1.0533636185;0;0;0;0;0.0747001024845;0;0;0;0,53206.5337585973,0.005,986,3e-06,1.2481541103595357,,0.00044247550831627103,0.9130805999999438,0.03207709999992403,0.9451631000000589,ok,same_stridge_core,Hx;H*Hxx,0.02,0.9289149078079519
0.744836317552843,1.2992109380017003,0.18746885340215386,-1.2233101817358214,0;0;-1.22331018174;0.187468853402;-1.78724476562;0;0;0;0.118922444481;0;0;0,53217.8702189489,0.005,987,3e-06,1.720212178910901,,0.0006004025405965434,0.25545769999996537,0.030216099999961443,0.28567850000001727,ok,same_stridge_core,Hx;D_x^1.299211 H;Hxxx;H*Hxxx,0.024494193184982655,1.0815977362835143
0.7448833470683027,1.2919910949312428,0.1851274589505501,-1.2253500344938344,0;0;-1.22535003449;0.185127458951;-1.81701107491;0;0;0;0.119372729477;0;0;0,53228.46181067466,0.005,988,3e-06,1.7298076284455126,,0.0006107316156687508,0.8186471999999867,0.0344183999999359,0.8530722000000424,ok,same_stridge_core,Hx;D_x^1.291991 H;Hxxx;H*Hxxx,0.03549342814048696,1.0910660867174167
0.744836385819851,1.302788067850371,0.0,-1.051464974754038,0;0;-1.05146497475;0;0;0;0;0.0749757235053;0;0;0;0,53212.60665547325,0.005,989,3e-06,1.247433675681622,,0.00044150394972857735,0.8590322000000015,0.0344963000000007,0.8935339000000795,ok,same_stridge_core,Hx;H*Hxx,0.02,0.9281580357487825
0.7445373228192644,1.311904201182975,0.0,-1.0577983728284397,0;0;-1.05779837283;0;-0.120817000606;0;0;0.0736431987539;0;0;0;0,53199.15175183384,0.005,990,3e-06,1.4040031195568132,,0.0004386216617777605,0.49841670000000704,0.03318610000007993,0.5316086999999925,ok,same_stridge_core,Hx;Hxxx;H*Hxx,0.02,0.9252107537903086
0.7450606829653361,1.3011345605393618,0.1882933793006022,-1.2223629694353835,0;0;-1.22236296944;0.188293379301;-1.78784991112;0;0;0;0.11985269871;0;0;0,53215.04091756841,0.005,991,3e-06,1.719595309241989,,0.0005998597554021924,0.8514728999999761,0.03505429999995613,0.8865325000000439,ok,same_stridge_core,Hx;D_x^1.301135 H;Hxxx;H*Hxxx,0.019936964127854444,1.081014818231168
0.7450045809814796,1.2992553931978812,0.0,-1.0510036071469475,0;0;-1.05100360715;0;0;0;0;0.0750426366895;0;0;0;0,53217.80493461808,0.005,992,3e-06,1.2473046437781128,,0.000441290268722,0.8688152000000855,0.04104959999995117,0.9098692999999685,ok,same_stridge_core,Hx;H*Hxx,0.01945241513757136,0.9279978141704044
0.7451991885943916,1.2993344788439547,0.18781496884513493,-1.2226602429337539,0;0;-1.22266024293;0.187814968845;-1.79998219269;0;0;0;0.120559639692;0;0;0,53217.68853761827,0.005,993,3e-06,1.7229681296842385,,0.0006035431632546794,0.8323170000001028,0.03152819999991152,0.8638540000000603,ok,same_stridge_core,Hx;D_x^1.299334 H;Hxxx;H*Hxxx,0.024479647123506768,1.0843558672328193
0.7448755381448835,1.299417565411578,0.0,-1.0513575656197391,0;0;-1.05135756562;0;0;0;0;0.0749913032439;0;0;0;0,53217.56650189025,0.005,994,3e-06,1.2474253211040456,,0.00044145343229511514,0.87944379999999,0.03382439999995768,0.9132763000000068,ok,same_stridge_core,Hx;H*Hxx,0.019752764486975025,0.9281199220927041
0.7449055377874764,1.306928225234651,0.05841185256413532,-1.0599464256354778,0.0201245717152;0;-1.05994642564;0.0584118525641;0.559160114624;0;0;0.0745832990257;-0.0311086350959;0;0;0,53206.50291673349,0.005,995,3e-06,1.772556908388645,,0.0003456233643016011,0.31440960000009,0.04452220000007401,0.3589448000000175,ok,same_stridge_core,1;Hx;D_x^1.306928 H;Hxxx;H*Hxx;H*Hxxx,0.01,0.8148398558874423
0.7452418284820277,1.2968983156458178,0.18704474609564484,-1.2233060522542627,0;0;-1.22330605225;0.187044746096;-1.81106797494;0;0;0;0.120845596028;0;0;0,53221.267691839894,0.005,996,3e-06,1.7264118049480286,,0.0006072646308083889,0.9861908999999969,0.03311940000003233,1.0193164999999453,ok,same_stridge_core,Hx;D_x^1.296898 H;Hxxx;H*Hxxx,0.01944671492663156,1.0877565926459498
0.7428990019999028,1.2961082821799126,0.0,-1.056789797184944,0;0;-1.05678979718;0;0;0;0;0.07420172121;0;0;0;0,53222.42730671871,0.005,997,3e-06,1.2500120874601044,,0.00044460376804276444,0.4758601999999428,0.03586629999995239,0.5117328000000043,ok,same_stridge_core,Hx;H*Hxx,0.020929115583270347,0.9306775236197922
0.7452866113590972,1.291432139294985,0.18527384803721894,-1.2248340770174289,0;0;-1.22483407702;0.185273848037;-1.83383918774;0;0;0;0.121196970134;0;0;0,53229.27990218178,0.005,998,3e-06,1.7338649036409985,,0.0006153351407459755,0.2703581999999187,0.03134250000005068,0.30170590000000175,ok,same_stridge_core,Hx;D_x^1.291432 H;Hxxx;H*Hxxx,0.037244919786096245,1.0951135448148173
0.7453532381140394,1.3008026190032125,0.1884308229669336,-1.2219661165719773,0;0;-1.22196611657;0.188430822967;-1.79981266783;0;0;0;0.121192968956;0;0;0,53215.529483616956,0.005,999,3e-06,1.722355776819486,,0.0006029667950143661,0.30965279999998074,0.033178800000086994,0.3428363000000445,ok,same_stridge_core,Hx;D_x^1.300803 H;Hxxx;H*Hxxx,0.02,1.0837694230160826
0.7448346119256681,1.2975038620336952,0.0,-1.0514698417685775,0;0;-1.05146984177;0;0;0;0;0.0749750171141;0;0;0;0,53220.37862487509,0.005,1000,3e-06,1.2474820678302692,,0.000441506259568936,0.5121081999999433,0.033071799999902396,0.5451852999999574,ok,same_stridge_core,Hx;H*Hxx,0.019659797642253795,0.9281597960810185
0.7451623471095732,1.2967893316724801,0.05505803616292122,-1.057854698630042,0.0202234660193;0;-1.05785469863;0.0550580361629;0.566020782344;0;0;0.0757611204146;-0.0314991336313;0;0;0,53221.427691790705,0.005,1001,3e-06,1.7730655928492012,,0.00034565436399327913,0.8533114000000523,0.036012799999980416,0.8893287000000782,ok,same_stridge_core,1;Hx;D_x^1.296789 H;Hxxx;H*Hxx;H*Hxxx,0.01,0.8150798943969685
0.7450647831272093,1.282006049591009,0.18198250802501958,-1.227945912809577,0;0;-1.22794591281;0.181982508025;-1.8613875396;0;0;0;0.120272968825;0;0;0,53243.03164298591,0.005,1002,3e-06,1.744603684724975,,0.0006269007681457266,0.27005240000005415,0.034237399999938134,0.3043030999999701,ok,same_stridge_core,Hx;D_x^1.282006 H;Hxxx;H*Hxxx,0.025077327773214555,1.105687305009144
0.7449332266852776,1.2993356971986627,0.0,-1.0511993159884154,0;0;-1.05119931599;0;0;0;0;0.075014254927;0;0;0;0,53217.686834032305,0.005,1003,3e-06,1.247370817884586,,0.0004413798145978097,0.8340785000000324,0.03370549999999639,0.8677905000000692,ok,same_stridge_core,Hx;H*Hxx,0.019696491228070195,0.928064696880392
0.7452874700412628,1.3083703787112846,0.04706177142481106,-0.9679154665289585,0.0923148721024;-0.0140109754554;-0.967915466529;0.0470617714248;3.31582096055;0;-0.012040110313;-0.0305614252452;-0.787891664619;0;0.0102610959481;0.0615974538778,53204.374089513665,0.005,1004,3e-06,2.3720839442667123,,0.0003117763626986618,0.8304891000000225,0.031730400000014924,0.8622245999999905,ok,same_stridge_core,1;H;Hx;D_x^1.30837 H;Hxxx;H*Hx;H*Hxx;H*Hxxx;H^2*Hxx;H^2*Hxxx,0.005,0.7759527215813026
0.7449701413011155,1.2992183229801344,0.18758391890973272,-1.2230817365995388,0;0;-1.2230817366;0.18758391891;-1.79209463938;0;0;0;0.119528149504;0;0;0,53217.85928176405,0.005,1005,3e-06,1.7212740110305331,,0.00060160814362966,0.8851403999999548,0.03484839999998712,0.9199991000000409,ok,same_stridge_core,Hx;D_x^1.299218 H;Hxxx;H*Hxxx,0.02,1.0826596996493645
0.7447093381985218,1.294622343785906,0.0,-1.0518135696424478,0;0;-1.05181356964;0;0;0;0;0.0749251484111;0;0;0;0,53224.60689114709,0.005,1006,3e-06,1.247632921139537,,0.00044167131074177653,0.5006883999999445,0.034965000000056534,0.5356603000000177,ok,same_stridge_core,Hx;H*Hxx,0.02,0.9282852797926543
0.7446920730464096,1.30515577619443,0.0,-1.051860950006776,0;0;-1.05186095001;0;0;0;0;0.0749182712868;0;0;0;0,53209.117471872945,0.005,1007,3e-06,1.2475576205441121,,0.00044169436394306613,0.5017937000000074,0.03681149999999889,0.5386092999999619,ok,same_stridge_core,Hx;H*Hxx,0.02,0.9283029157128745
0.7451118747867465,1.3047667061742547,0.0468171246437179,-0.9688980442589068,0.0922912339871;-0.0140174836273;-0.968898044259;0.0468171246437;3.30412455592;0;-0.0120095359819;-0.0308053019385;-0.785247694827;0;0.0102754881654;0.0613984481765,53209.69113939675,0.005,1008,3e-06,2.3726071411625895,,0.0003120665369488357,0.27849750000007134,0.029054499999915606,0.3075569000000087,ok,same_stridge_core,1;H;Hx;D_x^1.304767 H;Hxxx;H*Hx;H*Hxx;H*Hxxx;H^2*Hxx;H^2*Hxxx,0.005,0.7763164069806869
0.7449732774176285,1.2952817550925897,0.1862870758619584,-1.2242344950539188,0;0;-1.22423449505;0.186287075862;-1.80757742519;0;0;0;0.119687864854;0;0;0,53223.639831970824,0.005,1009,3e-06,1.7262980348382762,,0.0006069998537626991,0.5766224999999849,0.029304099999990285,0.6059321000000182,ok,same_stridge_core,Hx;D_x^1.295282 H;Hxxx;H*Hxxx,0.019936966485444026,1.0876143568546264
0.745276742839172,1.2896285314784803,0.1846694682803004,-1.2253774947382765,0;0;-1.22537749474;0.18466946828;-1.84037869465;0;0;0;0.121184042256;0;0;0,53231.91790788625,0.005,1010,3e-06,1.7361597433593214,,0.0006178184060608029,0.9167562000000089,0.03739810000001853,0.9541587000001073,ok,same_stridge_core,Hx;D_x^1.289629 H;Hxxx;H*Hxxx,0.01944141322725922,1.0973767284646863
0.7434254918974692,1.2961239338600494,0.0,-1.0553408573150056,0;0;-1.05534085732;0;0;0;0;0.0744126453265;0;0;0;0,53222.40440966887,0.005,1011,3e-06,1.2492043043341887,,0.0004436446427031877,0.5496245000000499,0.03639369999996234,0.5860234999998966,ok,same_stridge_core,Hx;H*Hxx,0.02,0.9298698778761755
0.7448587316691038,1.290374674978757,0.04480340226622727,-0.9701652749541089,0.0925527956267;-0.0140922886032;-0.970165274954;0.0448034022662;3.28033124881;0;-0.0119431390897;-0.0307922568164;-0.779456339647;0;0.0102832438446;0.0609604503046,53230.827021430596,0.005,1012,3e-06,2.373820939727185,,0.0003125385100145781,0.9488995000000386,0.028314900000054877,0.9772191000000703,ok,same_stridge_core,1;H;Hx;D_x^1.290375 H;Hxxx;H*Hx;H*Hxx;H*Hxxx;H^2*Hxx;H^2*Hxxx,0.005,0.7768961290842675
0.7448515934404581,1.3040403619185463,0.0,-1.0514232544793898,0;0;-1.05142325448;0;0;0;0;0.0749817741965;0;0;0;0,53210.76192557519,0.005,1013,3e-06,1.2474075934763653,,0.0004414842739645368,0.86771310000006,0.038165200000094046,0.9058876000000282,ok,same_stridge_core,Hx;H*Hxx,0.02,0.9281430219229141
0.7451991885943916,1.2975187972474242,0.1872143834341264,-1.2231954209697775,0;0;-1.22319542097;0.187214383434;-1.80709399703;0;0;0;0.120630870226;0;0;0,53220.356651836795,0.005,1014,3e-06,1.7252729448941797,,0.000606017598285666,0.4692056000000093,0.029729800000040996,0.49894259999996393,ok,same_stridge_core,Hx;D_x^1.297519 H;Hxxx;H*Hxxx,0.019440734937297918,1.0866286650721382
0.745393627558968,1.2836662664517005,0.18279251446946715,-1.2269141183473034,0;0;-1.22691411835;0.182792514469;-1.86714893418;0;0;0;0.121743986845;0;0;0,53240.61601268151,0.005,1015,3e-06,1.745147892809472,,0.0006276809236502812,0.8202709999999342,0.030193800000006377,0.8504698000000417,ok,same_stridge_core,Hx;D_x^1.283666 H;Hxxx;H*Hxxx,0.029443268665490883,1.1062605006572936
0.7448637036584425,1.300991989148338,0.0467190932491266,-0.9703118832025763,0.0922160344637;-0.0140175040411;-0.970311883203;0.0467190932491;3.28849734771;0;-0.0119691615538;-0.0312060374639;-0.781775798308;0;0.0102979214806;0.0611377566094,53215.25079103989,0.005,1016,3e-06,2.373282692490724,,0.0003124717365179553,0.46373510000000806,0.03457279999997809,0.4983152999999447,ok,same_stridge_core,1;H;Hx;D_x^1.300992 H;Hxxx;H*Hx;H*Hxx;H*Hxxx;H^2*Hxx;H^2*Hxxx,0.005,0.7768251687595272
0.7447632176541866,1.2908686682909771,0.18465909329542804,-1.2258802365780184,0;0;-1.22588023658;0.184659093295;-1.81693950848;0;0;0;0.118856778419;0;0;0,53230.10434657375,0.005,1017,3e-06,1.7302800670071632,,0.0006111764675171185,0.8725573000000395,0.03758030000005874,0.9101460000000543,ok,same_stridge_core,Hx;D_x^1.290869 H;Hxxx;H*Hxxx,0.024465662613323436,1.0915188148482782
0.7451360946224038,1.3011488000103695,0.18836189893508734,-1.2222311519372822,0;0;-1.22223115194;0.188361898935;-1.79054092139;0;0;0;0.120193787363;0;0;0,53215.02006995746,0.005,1018,3e-06,1.7201797452761636,,0.0006005237271734267,0.8473509000000377,0.03438380000000052,0.8817404000000124,ok,same_stridge_core,Hx;D_x^1.301149 H;Hxxx;H*Hxxx,0.02,1.081599504436674
0.7452056737371355,1.2944021563614494,0.18618921850138734,-1.2241005462035706,0;0;-1.2241005462;0.186189218501;-1.81944991468;0;0;0;0.120761585584;0;0;0,53224.929794113166,0.005,1019,3e-06,1.7293274101943283,,0.0006103865030711892,0.8141806999999517,0.031082999999966887,0.845268400000009,ok,same_stridge_core,Hx;D_x^1.294402 H;Hxxx;H*Hxxx,0.02043281444579329,1.0906282526649704
0.7448972871762127,1.3011555476554708,0.04666779215509968,-0.970114497080423,0.0922374639672;-0.0140199814613;-0.97011449708;0.0466677921551;3.2903583574;0;-0.0119738206408;-0.031137402346;-0.782172614028;0;0.0102943545144;0.0611674226779,53215.01014725421,0.005,1020,3e-06,2.373208353684817,,0.0003124186829225807,0.8447102000000086,0.028745700000058605,0.8734610000000202,ok,same_stridge_core,1;H;Hx;D_x^1.301156 H;Hxxx;H*Hx;H*Hxx;H*Hxxx;H^2*Hxx;H^2*Hxxx,0.005,0.7767580492671909
0.7451369008668207,1.3028964294099727,0.18894068613091805,-1.2217127342953369,0;0;-1.2217127343;0.188940686131;-1.78365475847;0;0;0;0.120111635087;0;0;0,53212.44706098893,0.005,1021,3e-06,1.7180077909629436,,0.0005982032512400577,0.8355771000000232,0.03347330000008242,0.8690547000001061,ok,same_stridge_core,Hx;D_x^1.302896 H;Hxxx;H*Hxxx,0.02,1.0794584262310765
0.7430261920629757,1.300667552150964,0.0,-1.05643963155445,0;0;-1.05643963155;0;0;0;0;0.0742527147972;0;0;0;0,53215.728160489205,0.005,1022,3e-06,1.2497683835745865,,0.000444363988473936,0.25937020000003486,0.03619579999997313,0.29557050000005347,ok,same_stridge_core,Hx;H*Hxx,0.01944100447196423,0.9304740146116514
0.7445484450858332,1.3070554233688596,0.0,-1.0522551511628286,0;0;-1.05225515116;0;0;0;0;0.0748610606595;0;0;0;0,53206.31520344018,0.005,1023,3e-06,1.2476918280179916,,0.000441890350942983,0.5924064000000726,0.043430800000010095,0.635849500000063,ok,same_stridge_core,Hx;H*Hxx,0.02,0.9284539367973504
0.7448755381448835,1.299130388464601,0.046345397760418613,-0.9702100649872487,0.0922859253907;-0.014032141379;-0.970210064987;0.0463453977604;3.28770843299;0;-0.0119662271084;-0.0311028204514;-0.781501331647;0;0.0102937597066;0.0611164273211,53217.98863008604,0.005,1024,3e-06,2.3733524666886603,,0.0003124639027846531,0.48634309999999914,0.028042099999993297,0.5143913000000566,ok,same_stridge_core,1;H;Hx;D_x^1.29913 H;Hxxx;H*Hx;H*Hxx;H*Hxxx;H^2*Hxx;H^2*Hxxx,0.005,0.7768128077860791
0.7448876901567965,1.2981144756666465,0.1871503250178581,-1.223546314604896,0;0;-1.2235463146;0.187150325018;-1.79341648999;0;0;0;0.119200226518;0;0;0,53219.48153874737,0.005,1025,3e-06,1.722003500109846,,0.0006023461666821717,0.49843959999998333,0.03899090000004435,0.5374368999999888,ok,same_stridge_core,Hx;D_x^1.298114 H;Hxxx;H*Hxxx,0.02,1.0833697216448774
0.7450747849608904,1.29464713293629,0.1861617805652257,-1.2242494563996895,0;0;-1.2242494564;0.186161780565;-1.81373594397;0;0;0;0.120164926192;0;0;0,53224.570560272485,0.005,1026,3e-06,1.727940298999239,,0.0006088215002265979,0.8269366999999193,0.02934949999996661,0.8562911000000213,ok,same_stridge_core,Hx;D_x^1.294647 H;Hxxx;H*Hxxx,0.024409154416275152,1.0892454522759691
0.7449343770020689,1.303863653459472,0.18908779191712646,-1.2217693354531731,0;0;-1.22176933545;0.189087791917;-1.77243198712;0;0;0;0.1191403937;0;0;0,53211.0222983089,0.005,1027,3e-06,1.7152109427705255,,0.000595117851728106,0.8226612999999361,0.03214429999991353,0.8548144999999749,ok,same_stridge_core,Hx;D_x^1.303864 H;Hxxx;H*Hxxx,0.029434289355712743,1.0766786751908188
0.7449836813724602,1.302885788002038,0.046779596725076124,-0.9696291804589133,0.0922500079827;-0.0140169621206;-0.969629180459;0.0467795967251;3.2961184338;0;-0.0119888813745;-0.0310152064255;-0.783472782024;0;0.010287190023;0.0612652030183,53212.462767533514,0.005,1028,3e-06,2.372952206554597,,0.00031227501844985947,0.813599599999975,0.02906519999999091,0.8426704999999401,ok,same_stridge_core,1;H;Hx;D_x^1.302886 H;Hxxx;H*Hx;H*Hxx;H*Hxxx;H^2*Hxx;H^2*Hxxx,0.005,0.776578323528592
0.7447677363436072,1.2964621342613907,0.0,-1.0516533305792606,0;0;-1.05165333058;0;0;0;0;0.0749483968013;0;0;0;0,53221.908008432416,0.005,1029,3e-06,1.247557660120147,,0.0004415937522382196,0.5100069000000076,0.043471199999999044,0.5534842000000708,ok,same_stridge_core,Hx;H*Hxx,0.02,0.9282262120695525
0.7449953759736552,1.301489633523896,0.18835540482093802,-1.222368551715467,0;0;-1.22236855172;0.188355404821;-1.78406747851;0;0;0;0.119539630732;0;0;0,53214.51846766102,0.005,1030,3e-06,1.718632090672473,,0.0005987967659148194,0.2976916000000074,0.03374380000002475,0.33144609999999375,ok,same_stridge_core,Hx;D_x^1.30149 H;Hxxx;H*Hxxx,0.02,1.0800578690605407
0.7430261920629757,1.2971104739026507,0.0,-1.05643963155445,0;0;-1.05643963155;0;0;0;0;0.0742527147972;0;0;0;0,53220.95614087966,0.005,1031,3e-06,1.2497997514569292,,0.000444363988473936,0.0021947000000182015,0.034013099999924634,0.03621299999997518,ok,same_stridge_core,Hx;H*Hxx,0.02,0.9304740146116514
0.7453165164422315,1.282006049591009,0.04230604772341424,-0.967301627168723,0.0931641714174;-0.0141968581851;-0.967301627169;0.0423060477234;3.29833548305;0;-0.0119819652438;-0.0294701317153;-0.782743359051;0;0.0102219921457;0.0612034165147,53243.03164298591,0.005,1032,3e-06,2.373347343974271,,0.00031188344095961414,0.31804120000003877,0.03118120000010549,0.34922770000002856,ok,same_stridge_core,1;H;Hx;D_x^1.282006 H;Hxxx;H*Hx;H*Hxx;H*Hxxx;H^2*Hxx;H^2*Hxxx,0.005,0.7760563946846941
0.7449332266852776,1.3037754818370597,0.18905768458374528,-1.2217974063086912,0;0;-1.22179740631;0.189057684584;-1.77274099134;0;0;0;0.119140024171;0;0;0,53211.15208439216,0.005,1033,3e-06,1.7153103039580666,,0.0005952230487615056,0.5277008999998998,0.030044299999985924,0.5577502000001004,ok,same_stridge_core,Hx;D_x^1.303775 H;Hxxx;H*Hxxx,0.03433641882203975,1.0767764789453607
0.7449829014943387,1.3030732226418158,0.1888680379322411,-1.2219212176159615,0;0;-1.22192121762;0.188868037932;-1.77734158554;0;0;0;0.119403286657;0;0;0,53212.18672685563,0.005,1034,3e-06,1.7165682298418004,,0.0005965885974898856,0.26159210000002986,0.02886280000006991,0.29046010000001843,ok,same_stridge_core,Hx;D_x^1.303073 H;Hxxx;H*Hxxx,0.03491027012203481,1.0780219891195328
0.7451819021554225,1.3020379769157153,0.18869487065320104,-1.2218906555552502,0;0;-1.22189065556;0.188694870653;-1.78869527787;0;0;0;0.120358877558;0;0;0,53213.71124714042,0.005,1035,3e-06,1.7194343107151981,,0.0005997504219423732,0.8403233000000228,0.029143200000021352,0.8694717000000765,ok,same_stridge_core,Hx;D_x^1.302038 H;Hxxx;H*Hxxx,0.01955243909336432,1.0808697757495132
0.7442061809556743,1.294622343785906,0.04712015069188812,-0.9741302049418257,0.0919036890789;-0.0139927458367;-0.974130204942;0.0471201506919;3.24943809777;0;-0.0118697561416;-0.0324163237231;-0.773269990916;0;0.0103626911947;0.0605007138362,53224.60689114709,0.005,1036,3e-06,2.3749099120956623,,0.00031354342461786914,0.269293800000014,0.02907360000006065,0.2983725999999933,ok,same_stridge_core,1;H;Hx;D_x^1.294622 H;Hxxx;H*Hx;H*Hxx;H*Hxxx;H^2*Hxx;H^2*Hxxx,0.005,0.7781717053612497
0.7450643861994114,1.3038095583110636,0.18918091956222072,-1.2215650616398848,0;0;-1.22156506164;0.189180919562;-1.77738604041;0;0;0;0.119734177415;0;0;0,53211.10200199441,0.005,1037,3e-06,1.7163031535908333,,0.0005963478641122398,0.84981879999998,0.031040800000027957,0.8808688999999958,ok,same_stridge_core,Hx;D_x^1.30381 H;Hxxx;H*Hxxx,0.0244073683818143,1.0777699295669003
0.7449531885898844,1.299313231546439,0.18760098426515795,-1.2230824164363616,0;0;-1.22308241644;0.187600984265;-1.79110397973;0;0;0;0.119447354893;0;0;0,53217.719939032584,0.005,1038,3e-06,1.7210189110466685,,0.0006013261988086251,0.8366625999999542,0.03873280000004797,0.8754043000000138,ok,same_stridge_core,Hx;D_x^1.299313 H;Hxxx;H*Hxxx,0.03432698525149505,1.0824062717782774
0.7449451678718988,1.299322559582603,0.18759731551933692,-1.2230932287182827,0;0;-1.22309322872;0.187597315519;-1.79077520849;0;0;0;0.119410681305;0;0;0,53217.70619494093,0.005,1039,3e-06,1.7209430788435918,,0.0006012407842161462,0.8796703000000434,0.045740799999975934,0.9254178999999567,ok,same_stridge_core,Hx;D_x^1.299323 H;Hxxx;H*Hxxx,0.02,1.0823306045043006
0.7449591380258583,1.3018698752040834,0.046650028566395406,-0.9697581379388287,0.0922634905349;-0.0140215807581;-0.969758137939;0.0466500285664;3.29408898852;0;-0.0119833608942;-0.0310281200987;-0.782990520603;0;0.0102884193013;0.0612287516505,53213.958713661035,0.005,1040,3e-06,2.373051383241062,,0.00031231884063540836,0.9299849000000222,0.03533540000000812,0.9653283999999758,ok,same_stridge_core,1;H;Hx;D_x^1.30187 H;Hxxx;H*Hx;H*Hxx;H*Hxxx;H^2*Hxx;H^2*Hxxx,0.005,0.7766326218312308
0.7450964644480313,1.2963815675878942,0.18675272460195813,-1.2237034836121365,0;0;-1.22370348361;0.186752724602;-1.80778893913;0;0;0;0.120207491131;0;0;0,53222.026219805215,0.005,1041,3e-06,1.7258912751225863,,0.0006066279324740912,0.8755049999999756,0.03422620000003462,0.9097387000000481,ok,same_stridge_core,Hx;D_x^1.296382 H;Hxxx;H*Hxxx,0.01944081823035941,1.0872269604849238
0.7449447757635478,1.3101268686468923,0.0,-1.0567589414474374,0;0;-1.05675894145;0;-0.122539872267;0;0;0.0737881107214;0;0;0;0,53201.77921155751,0.005,1042,3e-06,1.4034811236386182,,0.0004379868241596091,0.2770179999999982,0.03524159999994936,0.3122675000000754,ok,same_stridge_core,Hx;Hxxx;H*Hxx,0.02,0.9246651107346006
0.7467869473825973,1.2879204185041755,0.04874053643608218,-1.0485750445732953,0.0206372734498;0;-1.04857504457;0.0487405364361;0.585175777558;0;0;0.079033014009;-0.0298192986284;0;0;0,53234.41315373138,0.005,1043,3e-06,1.7713939587223297,,0.00034379579638454667,0.8944812999999385,0.04131419999998798,0.9358051000000387,ok,same_stridge_core,1;Hx;D_x^1.28792 H;Hxxx;H*Hxx;H*Hxxx,0.01,0.8131745219551648
0.7444285213442654,1.2950788550956098,0.0,-1.0525843747720889,0;0;-1.05258437477;0;0;0;0;0.0748132713468;0;0;0;0,53223.93749619431,0.005,1044,3e-06,1.2479288364198793,,0.0004420588262113189,0.5188438000000133,0.03347320000000309,0.5523256000000174,ok,same_stridge_core,Hx;H*Hxx,0.02,0.9285852114427134
0.7433545344657029,1.3142314041036784,0.0,-1.0555360571210048,0;0;-1.05553605712;0;0;0;0;0.074384242591;0;0;0;0,53195.70843302186,0.005,1045,3e-06,1.2491474898680412,,0.0004437688021559684,0.8329711999999745,0.031535700000063116,0.8645126000000118,ok,same_stridge_core,Hx;H*Hxx,0.025092592592592597,0.92997323926991
0.7453165164422315,1.3026653245563868,0.18901687170393877,-1.221477032877244,0;0;-1.22147703288;0.189016871704;-1.79111203009;0;0;0;0.120938091523;0;0;0,53212.78741651056,0.005,1046,3e-06,1.7197257194393827,,0.0006001315502584851,0.4710924000000887,0.029998599999998987,0.5010965999999826,ok,same_stridge_core,Hx;D_x^1.302665 H;Hxxx;H*Hxxx,0.03432698292992411,1.0811722704412559
0.7448507702848128,1.3029669084025486,0.05749112780501345,-1.0599572856227566,0.0201262924144;0;-1.05995728562;0.057491127805;0.560403588765;0;0;0.0747904311117;-0.0314863750395;0;0;0,53212.3432632949,0.005,1047,3e-06,1.773008842033045,,0.00034586169817960255,0.8201260999999249,0.03567710000004354,0.8558127000000013,ok,same_stridge_core,1;Hx;D_x^1.302967 H;Hxxx;H*Hxx;H*Hxxx,0.01,0.8151866632937369
0.7451116981760116,1.3066462371773064,0.1901599645734688,-1.2206429115744424,0;0;-1.22064291157;0.190159964573;-1.76778601833;0;0;0;0.119785486376;0;0;0,53206.91899343503,0.005,1048,3e-06,1.7131966337718894,,0.0005930659273142988,0.8544185999999172,0.033333400000060465,0.8877590000000737,ok,same_stridge_core,Hx;D_x^1.306646 H;Hxxx;H*Hxxx,0.02,1.074713605850669
0.7449241122584989,1.3014677936619037,0.0,-1.0512243215266597,0;0;-1.05122432153;0;0;0;0;0.075010628341;0;0;0;0,53214.550568273226,0.005,1049,3e-06,1.247360705765674,,0.00044139142885036284,0.8571133000000373,0.04241239999998925,0.8995310000000245,ok,same_stridge_core,Hx;H*Hxx,0.019634650205761328,0.9280734023560346
0.7448327107685156,1.302598175633884,0.05743949593549423,-1.0600267965215142,0.0201232633067;0;-1.06002679652;0.0574394959355;0.560410658395;0;0;0.0747883264719;-0.0315414629972;0;0;0,53212.88640795256,0.005,1050,3e-06,1.7730728314665731,,0.0003459033286091829,0.8738925999999765,0.0341504000000441,0.908048000000008,ok,same_stridge_core,1;Hx;D_x^1.302598 H;Hxxx;H*Hxx;H*Hxxx,0.01,0.815240876123427
0.744446022823775,1.2974400111297464,0.0,-1.052536325469379,0;0;-1.05253632547;0;0;0;0;0.0748202455462;0;0;0;0,53220.472228173036,0.005,1051,3e-06,1.2478888057082367,,0.0004420340164245124,0.8302546999999549,0.03264019999994616,0.8629007999999203,ok,same_stridge_core,Hx;H*Hxx,0.02,0.9285659723391985
0.7450785520522756,1.300667552150964,0.18815411424297157,-1.2224707115791094,0;0;-1.22247071158;0.188154114243;-1.79034312863;0;0;0;0.119955299294;0;0;0,53215.728160489205,0.005,1052,3e-06,1.7203223749924792,,0.0006006464605747089,0.2601273999999876,0.04170329999999467,0.3018364999999221,ok,same_stridge_core,Hx;D_x^1.300668 H;Hxxx;H*Hxxx,0.02,1.0817336370666089
0.7448915633956681,1.312408917184423,0.0,-1.0568946407931168,0;0;-1.05689464079;0;-0.122314829554;0;0;0.0737692017962;0;0;0;0,53198.40519158417,0.005,1053,3e-06,1.4035187217866005,,0.0004380667707142595,0.9086939000000029,0.03651019999995242,0.9452099000000089,ok,same_stridge_core,Hx;Hxxx;H*Hxx,0.02,0.9247330750623429
0.7462371272409718,1.2905098788559357,0.1857435916880692,-1.223503949897691,0;0;-1.2235039499;0.185743591688;-1.87188254638;0;0;0;0.125468502342;0;0;0,53230.62914843048,0.005,1054,3e-06,1.7430699874497066,,0.0006258767737250228,0.8518930000000182,0.03669039999999768,0.8885926000000381,ok,same_stridge_core,Hx;D_x^1.29051 H;Hxxx;H*Hxxx,0.02,1.1043024376685409
0.744770182827288,1.3043933780165344,0.0,-1.0516466157307252,0;0;-1.05164661573;0;0;0;0;0.0749493714556;0;0;0;0,53210.24151984511,0.005,1055,3e-06,1.2474851748243956,,0.00044159053874029186,0.8711746000000176,0.03396459999999024,0.9051460000000588,ok,same_stridge_core,Hx;H*Hxx,0.02,0.9282237257053249
0.744963017982734,1.2954332779116775,0.18632855493779682,-1.2242073347423874,0;0;-1.22420733474;0.186328554938;-1.80661547365;0;0;0;0.119636763955;0;0;0,53223.41777133174,0.005,1056,3e-06,1.7260205481368494,,0.0006066961445781729,0.9083353999999417,0.033087800000089373,0.9414286999999604,ok,same_stridge_core,Hx;D_x^1.295433 H;Hxxx;H*Hxxx,0.034908316636159765,1.0873395348808683
0.7449794376762294,1.3077784212342385,0.19042040476725003,-1.2205307455282008,0;0;-1.22053074553;0.190420404767;-1.75842200057;0;0;0;0.119111359408;0;0;0,53205.24805872189,0.005,1057,3e-06,1.7107909869337092,,0.0005904457544301581,0.8331608999999389,0.03291389999992589,0.866081099999974,ok,same_stridge_core,Hx;D_x^1.307778 H;Hxxx;H*Hxxx,0.02,1.0723280102290464
0.7448055015713232,1.3058553124729417,0.0,-1.0515497131468488,0;0;-1.05154971315;0;0;0;0;0.0749634296927;0;0;0;0,53208.085862009604,0.005,1058,3e-06,1.2474369172669122,,0.000441544170914429,0.8973730999999816,0.04162379999991117,0.939006099999915,ok,same_stridge_core,Hx;H*Hxx,0.02,0.9281884020948545
0.74453208464812,1.303993615841228,0.0,-1.0523000639570739,0;0;-1.05230006396;0;0;0;0;0.0748545431849;0;0;0;0,53210.83068171498,0.005,1059,3e-06,1.2477365331820733,,0.00044191309235185153,0.8638452999999799,0.03501810000000205,0.8988706999999749,ok,same_stridge_core,Hx;H*Hxx,0.02,0.9284715490917834
0.7448346119256681,1.2994352794313884,0.0,-1.0514698417685775,0;0;-1.05146984177;0;0;0;0;0.0749750171141;0;0;0;0,53217.54044275021,0.005,1060,3e-06,1.2474650387375197,,0.000441506259568936,0.5117878999999448,0.041406700000038654,0.5532036000000744,ok,same_stridge_core,Hx;H*Hxx,0.019649085834800135,0.9281597960810185
0.7450523010297424,1.2971104739026507,0.05542308182102174,-1.0584625659096083,0.0201958492497;0;-1.05846256591;0.055423081821;0.564892596934;0;0;0.0755574176428;-0.0316381197599;0;0;0,53220.95614087966,0.005,1061,3e-06,1.7732154712719927,,0.0003458017275693031,0.28307760000006965,0.03569319999996878,0.31877780000002076,ok,same_stridge_core,1;Hx;D_x^1.29711 H;Hxxx;H*Hxx;H*Hxxx,0.01,0.8152382607361589
0.744909878940319,1.2910068351951614,0.1848247863213906,-1.2255928718032139,0;0;-1.2255928718;0.184824786321;-1.82175491196;0;0;0;0.119513331616;0;0;0,53229.90221789045,0.005,1062,3e-06,1.7313067500651784,,0.0006123639480676844,0.8313402999999653,0.02994890000002215,0.8612943000000541,ok,same_stridge_core,Hx;D_x^1.291007 H;Hxxx;H*Hxxx,0.02044717297408475,1.0925479234504931
0.7448355768480717,1.3006310459165558,0.0,-1.0514671957250938,0;0;-1.05146719573;0;0;0;0;0.0749754004363;0;0;0;0,53215.781855305875,0.005,1063,3e-06,1.2474534941834001,,0.00044150499268741996,0.8525807999999415,0.03472590000001219,0.8873129999999492,ok,same_stridge_core,Hx;H*Hxx,0.02,0.928158803051565
0.7449254495986979,1.3167803298296163,0.04961583906612156,-0.9702163253525927,0.0917400480387;-0.0139085580284;-0.970216325353;0.0496158390661;3.30381203856;0;-0.0120143788243;-0.0317550809014;-0.785922239031;0;0.0103173243981;0.0614560287163,53191.933747083945,0.005,1064,3e-06,2.3723633708975362,,0.00031228220663544486,0.4556406000000379,0.029147599999987506,0.4847932000000128,ok,same_stridge_core,1;H;Hx;D_x^1.31678 H;Hxxx;H*Hx;H*Hxx;H*Hxxx;H^2*Hxx;H^2*Hxxx,0.005,0.7766053584850182
0.7478722835954325,1.2861896368948966,0.045653634356405126,-1.0427111306485466,0.0208976747022;0;-1.04271113065;0.0456536343564;0.595894172473;0;0;0.0808923625178;-0.0283714137373;0;0;0,53236.93885946533,0.005,1065,3e-06,1.770042663397427,,0.00034251699297186154,0.8392003999999815,0.040590699999938806,0.8797971000000189,ok,same_stridge_core,1;Hx;D_x^1.28619 H;Hxxx;H*Hxx;H*Hxxx,0.01,0.8117777639270511
0.7455371644433438,1.301178601726417,0.18871082613730067,-1.2215437834046126,0;0;-1.2215437834;0.188710826137;-1.80502119758;0;0;0;0.12200828202;0;0;0,53214.976198625045,0.005,1066,3e-06,1.723363068905855,,0.0006041433863459223,0.8376607999999806,0.03576969999994617,0.8734427000000551,ok,same_stridge_core,Hx;D_x^1.301179 H;Hxxx;H*Hxxx,0.01944074613342931,1.0847833545223544
0.7443511899027964,1.3067203538071317,0.0,-1.052796712197874,0;0;-1.0527967122;0;0;0;0;0.0747824384213;0;0;0;0,53206.80969557954,0.005,1067,3e-06,1.2479134575152504,,0.00044216993617054746,0.8468539000000419,0.03352410000002237,0.8803876000000628,ok,same_stridge_core,Hx;H*Hxx,0.02,0.9286725993417732
0.7449080525785439,1.3034293515064423,0.1889218695688263,-1.2219425719166146,0;0;-1.22194257192;0.188921869569;-1.77319851481;0;0;0;0.119044282374;0;0;0,53211.66212517717,0.005,1068,3e-06,1.7155378486142774,,0.0005954526267434695,0.920154000000025,0.03576629999997749,0.955928100000051,ok,same_stridge_core,Hx;D_x^1.303429 H;Hxxx;H*Hxxx,0.024929133829133834,1.0769979031121513
0.7449625995094454,1.297483428800628,0.18700483473740545,-1.2236054819368547,0;0;-1.22360548194;0.187004834737;-1.79861465563;0;0;0;0.119563371199;0;0;0,53220.40859392795,0.005,1069,3e-06,1.72340486593302,,0.0006038873460573033,0.9152693999999428,0.041149700000005396,0.9564265999999861,ok,same_stridge_core,Hx;D_x^1.297483 H;Hxxx;H*Hxxx,0.02,1.0847599628058844
0.7450338573049002,1.306847288353081,0.19015942464367946,-1.2207152392317808,0;0;-1.22071523923;0.190159424644;-1.76414357791;0;0;0;0.119418565717;0;0;0,53206.62234062334,0.005,1070,3e-06,1.7123433530397547,,0.0005921200505807552,0.29582540000001245,0.03003159999991567,0.3258626000000504,ok,same_stridge_core,Hx;D_x^1.306847 H;Hxxx;H*Hxxx,0.024407352754111523,1.0738638849522746
0.7453925014681478,1.314159245004053,0.1928958217021584,-1.2179234231320415,0;0;-1.21792342313;0.192895821702;-1.74761585996;0;0;0;0.120536873472;0;0;0,53195.81532152007,0.005,1071,3e-06,1.7063528349380443,,0.0005859535795235004,0.312749399999916,0.030810200000018995,0.34356560000003356,ok,same_stridge_core,Hx;D_x^1.314159 H;Hxxx;H*Hxxx,0.025054430193129876,1.0680030510798033
0.7444948311784482,1.292638290443479,0.0,-1.05240232674715,0;0;-1.05240232675;0;0;0;0;0.0748396970704;0;0;0;0,53227.514216665106,0.005,1072,3e-06,1.2478772901332311,,0.0004419651176151878,0.8039516000000049,0.03994539999996505,0.8439038999999866,ok,same_stridge_core,Hx;H*Hxx,0.02,0.9285122048332405
0.7450300318757029,1.3045411467528185,0.1893934712802252,-1.2214064030423817,0;0;-1.22140640304;0.18939347128;-1.77322170659;0;0;0;0.119537680406;0;0;0,53210.023627037386,0.005,1073,3e-06,1.7151312871181141,,0.0005950821227847933,0.8607425999999805,0.03228200000000925,0.8930296999999427,ok,same_stridge_core,Hx;D_x^1.304541 H;Hxxx;H*Hxxx,0.022495966995967,1.0766110035936656
0.7454978082852037,1.3077406463976775,0.19085560477413818,-1.219662021588856,0;0;-1.21966202159;0.190855604774;-1.77745314509;0;0;0;0.121474956855;0;0;0,53205.30381843762,0.005,1074,3e-06,1.7148924105446413,,0.000595065463866131,0.8508388000000195,0.02942910000001575,0.8802732000000333,ok,same_stridge_core,Hx;D_x^1.307741 H;Hxxx;H*Hxxx,0.01944287608504328,1.0764287647233899
0.7478633552005165,1.2790357328945647,0.04402436023613861,-1.0421899047206074,0.0209091237952;0;-1.04218990472;0.0440243602361;0.600193895371;0;0;0.0813582430058;-0.0290125727959;0;0;0,53247.346694571635,0.005,1075,3e-06,1.7707153261629311,,0.0003428332976348939,0.8337525000000596,0.04408509999996113,0.877843299999995,ok,same_stridge_core,1;Hx;D_x^1.279036 H;Hxxx;H*Hxx;H*Hxxx,0.01,0.8122630856606416
0.7448410635940894,1.3018113533564377,0.0,-1.0514521415424882,0;0;-1.05145214154;0;0;0;0;0.0749775827837;0;0;0;0,53214.04485584296,0.005,1076,3e-06,1.2474377195225692,,0.00044149792079422717,0.834118799999942,0.03326389999995172,0.8673879000000397,ok,same_stridge_core,Hx;H*Hxx,0.02,0.9281534503875113
0.7453073952890907,1.3025010664788101,0.18895470318570312,-1.2215411211198366,0;0;-1.22154112112;0.188954703186;-1.79143077293;0;0;0;0.120904917977;0;0;0,53213.02942737139,0.005,1077,3e-06,1.719857855228999,,0.00060026823112174,0.8469646999999441,0.03576280000004317,0.882734199999959,ok,same_stridge_core,Hx;D_x^1.302501 H;Hxxx;H*Hxxx,0.024538364004536843,1.0813015021005423
0.7453555555874491,1.3047960792809046,0.18975634197543717,-1.2207790064656239,0;0;-1.22077900647;0.189756341975;-1.78406215392;0;0;0;0.121002587992;0;0;0,53209.647774391386,0.005,1078,3e-06,1.7173897282907822,,0.0005976557470784756,0.8811991999999691,0.030678500000021813,0.9118829999999889,ok,same_stridge_core,Hx;D_x^1.304796 H;Hxxx;H*Hxxx,0.024523379364463565,1.0788739549980855
0.744946781977667,1.2986616225916798,0.1873804867642398,-1.2232853021224903,0;0;-1.22328530212;0.187380486764;-1.79342740085;0;0;0;0.119445578919;0;0;0,53218.67768192422,0.005,1079,3e-06,1.7217880334655749,,0.0006021461069335444,0.8582514999999376,0.033534400000007736,0.8917915999999195,ok,same_stridge_core,Hx;D_x^1.298662 H;Hxxx;H*Hxxx,0.02,1.0831639012824843
0.7447092864779596,1.3046796263101486,0.0,-1.0518137111405745,0;0;-1.05181371114;0;0;0;0;0.074925128074;0;0;0;0,53209.819477264464,0.005,1080,3e-06,1.247544254079617,,0.0004416713800043592,0.8238570000000891,0.033161199999995006,0.857023799999979,ok,same_stridge_core,Hx;H*Hxx,0.02,0.9282853372160303
0.7450450858051607,1.292501825904786,0.1854289488335918,-1.2249280986189715,0;0;-1.22492809862;0.185428948834;-1.82093845392;0;0;0;0.120088374922;0;0;0,53227.714106139916,0.005,1081,3e-06,1.730472661113939,,0.0006115362814998927,0.9385633000000553,0.03405759999998281,0.9726343999999472,ok,same_stridge_core,Hx;D_x^1.292502 H;Hxxx;H*Hxxx,0.019446619454475216,1.09174009184026
0.7451746307045313,1.294470323030539,0.18618605434685603,-1.2241329035313895,0;0;-1.22413290353;0.186186054347;-1.81805617274;0;0;0;0.120619864426;0;0;0,53224.829752454956,0.005,1082,3e-06,1.7289849661129255,,0.0006100005496792837,1.0068938000000571,0.028727100000082828,1.035627399999953,ok,same_stridge_core,Hx;D_x^1.29447 H;Hxxx;H*Hxxx,0.020432677137677147,1.090287009083466
0.7465995208903592,1.3070554233688596,0.1915741920026032,-1.2179976535331973,0;0;-1.21799765353;0.191574192003;-1.82020060037;0;0;0;0.126515169243;0;0;0,53206.31520344018,0.005,1083,3e-06,1.7245405373883422,,0.0006059613325135296,0.25997419999998783,0.0328078000000005,0.29278710000005503,ok,same_stridge_core,Hx;D_x^1.307055 H;Hxxx;H*Hxxx,0.02,1.0860647549470601
0.7445290662301235,1.2930912453900458,0.0,-1.0523083465481393,0;0;-1.05230834655;0;0;0;0;0.0748533415507;0;0;0;0,53226.85076758547,0.005,1084,3e-06,1.24783587087066,,0.0004419172639268132,0.8272299999999859,0.03415719999998146,0.861394300000029,ok,same_stridge_core,Hx;H*Hxx,0.02,0.9284747662651472
0.7451193648158643,1.306928225234651,0.19025991342787577,-1.2205460737563318,0;0;-1.22054607376;0.190259913428;-1.7669353326;0;0;0;0.119803045178;0;0;0,53206.50291673349,0.005,1085,3e-06,1.7129132208763262,,0.0005927686449868066,0.25660709999999654,0.03260210000007646,0.28921409999998104,ok,same_stridge_core,Hx;D_x^1.306928 H;Hxxx;H*Hxxx,0.021422046348713024,1.0744351858755243
0.7448654843249728,1.298663719147046,0.18731288066754267,-1.2234221030868189,0;0;-1.22342210309;0.187312880668;-1.79045527205;0;0;0;0.119077510361;0;0;0,53218.674580686755,0.005,1086,3e-06,1.7211332382903222,,0.0006014028537098344,0.8369141000000582,0.028863399999977446,0.8657819999999674,ok,same_stridge_core,Hx;D_x^1.298664 H;Hxxx;H*Hxxx,0.034908300443202395,1.0825091433220813
0.7422118707734977,1.3147026249842952,0.0,-1.058682981549969,0;0;-1.05868298155;0;0;0;0;0.0739257785256;0;0;0;0,53195.01083575331,0.005,1087,3e-06,1.2510407778090162,,0.0004459880565191377,0.8732956999999715,0.03948969999999008,0.9127903999999489,ok,same_stridge_core,Hx;H*Hxx,0.020931237759301252,0.9318707127944964
0.7454649906450008,1.3031506635280137,0.18930396588545478,-1.2210817898022668,0;0;-1.2210817898;0.189303965885;-1.7945898758;0;0;0;0.121586637523;0;0;0,53212.072620154664,0.005,1088,3e-06,1.7203063101032035,,0.0006008293802457177,0.887453500000106,0.039262600000029124,0.9267250999999987,ok,same_stridge_core,Hx;D_x^1.303151 H;Hxxx;H*Hxxx,0.02,1.0817614386613474
0.7445441713179584,1.3008026190032125,0.0,-1.052266882721172,0;0;-1.05226688272;0;0;0;0;0.0748593597631;0;0;0;0,53215.529483616956,0.005,1089,3e-06,1.2477517080521523,,0.000441896269180378,0.289582800000062,0.03250979999995707,0.32210090000000946,ok,same_stridge_core,Hx;H*Hxx,0.02,0.9284585311504505
0.7450362134644539,1.2956582843173632,0.18646367476394685,-1.2240177273876245,0;0;-1.22401772739;0.186463674764;-1.80840799101;0;0;0;0.119959715077;0;0;0,53223.08759120811,0.005,1090,3e-06,1.7263272930427433,,0.0006070647734155346,0.8512918999999783,0.032727799999975105,0.8840258000000176,ok,same_stridge_core,Hx;D_x^1.295658 H;Hxxx;H*Hxxx,0.019440749474845337,1.0876502419482459
0.7451632713734873,1.3012555259705,0.18842019788835793,-1.222153612063884,0;0;-1.22215361206;0.188420197888;-1.79110937569;0;0;0;0.120311912535;0;0;0,53214.86295812102,0.005,1091,3e-06,1.7202633819802264,,0.0006006273365267719,0.9092373999999381,0.03578240000001642,0.9450252000000319,ok,same_stridge_core,Hx;D_x^1.301256 H;Hxxx;H*Hxxx,0.01993869762167148,1.0816850264827742
0.7451282848452444,1.3027814558397879,0.18889532171387463,-1.2217613729882069,0;0;-1.22176137299;0.188895321714;-1.78379710112;0;0;0;0.12007846764;0;0;0,53212.6164794875,0.005,1092,3e-06,1.7180820281320126,,0.0005982781356205434,0.9183107000000064,0.042273000000022876,0.9605923000000303,ok,same_stridge_core,Hx;D_x^1.302781 H;Hxxx;H*Hxxx,0.02,1.0795306303781627
0.7452121698429286,1.2974029580810944,0.18718691770488743,-1.2232076030111843,0;0;-1.22320760301;0.187186917705;-1.80801932954;0;0;0;0.120693768525;0;0;0,53220.526697817746,0.005,1093,3e-06,1.725525997138654,,0.000606296397454165,0.9178177000000005,0.03290680000009161,0.9507348999999294,ok,same_stridge_core,Hx;D_x^1.297403 H;Hxxx;H*Hxxx,0.0224856143856144,1.0868796767648412
0.7454728946887845,1.2924886084393488,0.18577630719269014,-1.2242110888733173,0;0;-1.22421108887;0.185776307193;-1.83655544718;0;0;0;0.12201119242;0;0;0,53227.733478018024,0.005,1094,3e-06,1.7340244923686519,,0.0006156088714240772,0.904000099999962,0.03005689999997685,0.9340635999999449,ok,same_stridge_core,Hx;D_x^1.292489 H;Hxxx;H*Hxxx,0.029369669106815068,1.0952916906324357
0.7452231037527982,1.291682967956056,0.1853047233409001,-1.2248677006831221,0;0;-1.22486770068;0.185304723341;-1.83056629787;0;0;0;0.120906747298;0;0;0,53228.9127927353,0.005,1095,3e-06,1.7330096227691598,,0.0006143746935800236,0.8595920999999862,0.030193900000085705,0.8897921000000224,ok,same_stridge_core,Hx;D_x^1.291683 H;Hxxx;H*Hxxx,0.019664866712235145,1.0942626692563362
0.7447093381985218,1.301307555229159,0.0,-1.0518135696424478,0;0;-1.05181356964;0;0;0;0;0.0749251484111;0;0;0;0,53214.786367783214,0.005,1096,3e-06,1.2475739979993536,,0.00044167131074177653,0.46878690000005463,0.03481109999995624,0.5036051999999245,ok,same_stridge_core,Hx;H*Hxx,0.02,0.9282852797926543
0.7450274902840478,1.3005510540937644,0.0,-1.05654802779885,0;0;-1.0565480278;0;-0.12288942176;0;0;0.0738174981624;0;0;0;0,53215.89950356589,0.005,1097,3e-06,1.4035035245673297,,0.00043786400637422596,0.8653755000000274,0.03462679999995544,0.9000128000000132,ok,same_stridge_core,Hx;Hxxx;H*Hxx,0.01946432498625481,0.9245604290352368
0.7432032417776546,1.3173112466671215,0.0,-1.0559523329624703,0;0;-1.05595233296;0;0;0;0;0.0743236595998;0;0;0;0,53191.14709405069,0.005,1098,3e-06,1.249346443181251,,0.0004440387926939315,0.8718637000000626,0.037381700000082674,0.9092523000000483,ok,same_stridge_core,Hx;H*Hxx,0.020500000000000004,0.9301995606169469
0.7456023507572911,1.3024194206736996,0.0553984345259395,-1.0559341619142264,0.0203108022252;0;-1.05593416191;0.0553984345259;0.567177307113;0;0;0.0760665851735;-0.0303997701041;0;0;0,53213.149616016024,0.005,1099,3e-06,1.7718409842371519,,0.0003447933125159166,0.8996892999999773,0.035714900000016314,0.9354094000000259,ok,same_stridge_core,1;Hx;D_x^1.302419 H;Hxxx;H*Hxx;H*Hxxx,0.01,0.8140042911488635
0.744754449189389,1.3027989145052696,0.0,-1.0516897841382506,0;0;-1.05168978414;0;0;0;0;0.0749431075282;0;0;0;0,53212.59070642652,0.005,1100,3e-06,1.2475151614168654,,0.0004416112809544103,0.8641109999999799,0.0353071000000682,0.8994232999999667,ok,same_stridge_core,Hx;H*Hxx,0.02,0.9282396171783062
0.7450761580547631,1.297287459020723,0.18703507576312361,-1.2234713284329004,0;0;-1.22347132843;0.187035075763;-1.80351720945;0;0;0;0.120083730843;0;0;0,53220.69623918213,0.005,1101,3e-06,1.7245710840190736,,0.000605198727812249,0.8382866000000604,0.03000480000002881,0.8682957999999417,ok,same_stridge_core,Hx;D_x^1.297287 H;Hxxx;H*Hxxx,0.019992892539559198,1.085922729148888
0.7420623693643309,1.320065193091508,0.07521545503572144,-1.0812470535150889,0.0187783346565;0;-1.08124705352;0.0752154550357;0.294677127983;0;0;0.0668830072658;0;0;0;0,53187.06444695449,0.005,1102,3e-06,1.6173102509533333,,0.0003512451156997782,0.8600463000000218,0.03518219999989469,0.8952342000000044,ok,same_stridge_core,1;Hx;D_x^1.320065 H;Hxxx;H*Hxx,0.01,0.8195042842490158
0.744964816588013,1.3040403619185463,0.18917218310393843,-1.2216653979612222,0;0;-1.22166539796;0.189172183104;-1.77283893812;0;0;0;0.119269085667;0;0;0,53210.76192557519,0.005,1103,3e-06,1.7152332852253465,,0.0005951573340679672,0.26349119999997583,0.0332180000000335,0.29671540000003915,ok,same_stridge_core,Hx;D_x^1.30404 H;Hxxx;H*Hxxx,0.02,1.0767041421184442
0.7444285213442654,1.2978395900948958,0.0,-1.0525843747720889,0;0;-1.05258437477;0;0;0;0;0.0748132713468;0;0;0;0,53219.885439528276,0.005,1104,3e-06,1.2479045240798832,,0.0004420588262113189,0.5919834000000037,0.03148940000005496,0.6234785999999986,ok,same_stridge_core,Hx;H*Hxx,0.02,0.9285852114427134
0.7462731008594058,1.2902546285612528,0.18568777251398344,-1.2235181608261523,0;0;-1.22351816083;0.185687772514;-1.87416100333;0;0;0;0.125632423232;0;0;0,53231.00252863705,0.005,1105,3e-06,1.743719261317179,,0.0006266071904612455,0.8924618999999439,0.03149380000002111,0.9239605000000211,ok,same_stridge_core,Hx;D_x^1.290255 H;Hxxx;H*Hxxx,0.019937787668464605,1.1049472309735344
0.7450558950415326,1.299182571275793,0.1876442460687988,-1.2229473002305757,0;0;-1.22294730023;0.187644246069;-1.7953598564;0;0;0;0.119917775854;0;0;0,53217.91196013313,0.005,1106,3e-06,1.7220071879325114,,0.0006024381843395544,0.8329048999999031,0.0303351999999677,0.8632542000000285,ok,same_stridge_core,Hx;D_x^1.299183 H;Hxxx;H*Hxxx,0.01954553281351527,1.0833922444109136
0.7449632803676699,1.3024826867721282,0.1886562320247648,-1.2221292260628152,0;0;-1.22212922606;0.188656232025;-1.77896830534;0;0;0;0.119344752869;0;0;0,53213.05653687616,0.005,1107,3e-06,1.7171436792165768,,0.0005971919638968878,0.4620174000000361,0.03200760000004266,0.49403110000002926,ok,same_stridge_core,Hx;D_x^1.302483 H;Hxxx;H*Hxxx,0.024465234709595624,1.0785870007740628
0.7448134930647428,1.3021123240937917,0.0,-1.0515277856902696,0;0;-1.05152778569;0;0;0;0;0.0749666114512;0;0;0;0,53213.601819158015,0.005,1108,3e-06,1.2474621441672507,,0.0004415337206760283,0.858741499999951,0.033298199999990175,0.8920461999999816,ok,same_stridge_core,Hx;H*Hxx,0.02,0.9281805332523024
0.7449241122584989,1.3171399603966263,0.0,-1.0568116328280193,0;0;-1.05681163283;0;-0.122452415975;0;0;0.0737807696984;0;0;0;0,53191.40087224284,0.005,1109,3e-06,1.403414004648585,,0.0004380177631037338,0.5054274999999961,0.035181400000055874,0.5406149000000369,ok,same_stridge_core,Hx;Hxxx;H*Hxx,0.02,0.9246913967983994
0.7447092864779596,1.3130500991198912,0.0,-1.0573595811808616,0;0;-1.05735958118;0;-0.121544182611;0;0;0.0737043913311;0;0;0;0,53197.456682810836,0.005,1110,3e-06,1.4037511265208615,,0.0004383475738312389,0.5113133000000971,0.03298019999999724,0.5442980999999918,ok,same_stridge_core,Hx;Hxxx;H*Hxx,0.02,0.924974016375564
0.7449119713326979,1.3012258555626905,0.18819762266552256,-1.2225876533041677,0;0;-1.2225876533;0.188197622666;-1.78206921474;0;0;0;0.119174038175;0;0;0,53214.90663089967,0.005,1111,3e-06,1.7182972953492652,,0.0005983962063776797,0.9013304000000062,0.0326586999999563,0.9339978000000428,ok,same_stridge_core,Hx;D_x^1.301226 H;Hxxx;H*Hxxx,0.019993847313523248,1.0797184157784692
0.7449890355744346,1.2886146364804845,0.18410067401510588,-1.2261571194291925,0;0;-1.22615711943;0.184100674015;-1.83376967796;0;0;0;0.119908745046;0;0;0,53233.399334845846,0.005,1112,3e-06,1.735102503882603,,0.0006165142967626532,0.5046512000000121,0.03778799999997773,0.5424458999999615,ok,same_stridge_core,Hx;D_x^1.288615 H;Hxxx;H*Hxxx,0.024408299719491378,1.0963017118644527
0.7449200818089011,1.2987029060677868,0.18737168334789778,-1.2233182670665708,0;0;-1.22331826707;0.187371683348;-1.79229205973;0;0;0;0.119323028838;0;0;0,53218.61701760196,0.005,1113,3e-06,1.7215216423679225,,0.0006018470177792116,0.899569999999926,0.041079899999999725,0.940659099999948,ok,same_stridge_core,Hx;D_x^1.298703 H;Hxxx;H*Hxxx,0.029498970794395618,1.082898238156699
0.7452046198753894,1.2965975392041666,0.18691424363056575,-1.2234573735296035,0;0;-1.22345737353;0.186914243631;-1.81088581292;0;0;0;0.120688120323;0;0;0,53221.709110736585,0.005,1114,3e-06,1.726493966504548,,0.0006073334217207623,0.9556166999999505,0.04414109999993343,0.9997651999999562,ok,same_stridge_core,Hx;D_x^1.296598 H;Hxxx;H*Hxxx,0.02,1.0878334571757091
0.7453502175406441,1.2933449274454427,0.18595888249275017,-1.2241668860411345,0;0;-1.22416688604;0.185958882493;-1.82879507052;0;0;0;0.121439995062;0;0;0,53226.47921385286,0.005,1115,3e-06,1.7318891053272523,,0.0006132309169164356,0.9528254000000516,0.03612850000001799,0.9889671000000817,ok,same_stridge_core,Hx;D_x^1.293345 H;Hxxx;H*Hxxx,0.02995594356261023,1.093171354761018
0.7451814218512566,1.297677340141607,0.18725195668768158,-1.2231787414201636,0;0;-1.22317874142;0.187251956688;-1.80582804322;0;0;0;0.120544832264;0;0;0,53220.12362336422,0.005,1116,3e-06,1.724926977457768,,0.0006056364901878046,0.9002429000000802,0.03186700000003384,0.9321173000000726,ok,same_stridge_core,Hx;D_x^1.297677 H;Hxxx;H*Hxxx,0.019492917909103975,1.0862854939773974
0.744807991792519,1.300904925077529,0.0,-1.0515428781633855,0;0;-1.05154287816;0;0;0;0;0.0749644213919;0;0;0;0,53215.37879707765,0.005,1117,3e-06,1.2474781188033244,,0.00044154087956041536,0.8763639000000012,0.03298259999996844,0.909351700000002,ok,same_stridge_core,Hx;H*Hxx,0.02,0.9281858460208584
0.7452515378424649,1.2948820226368642,0.1863858622364753,-1.2238823330707997,0;0;-1.22388233307;0.186385862236;-1.81926011563;0;0;0;0.120954221038;0;0;0,53224.22622342173,0.005,1118,3e-06,1.7290831240744435,,0.000610147504472479,0.8566028000000188,0.029841799999985597,0.8864503999999442,ok,same_stridge_core,Hx;D_x^1.294882 H;Hxxx;H*Hxxx,0.019553381559960517,1.0903924093933828
0.7452011701704402,1.297605861318233,0.18724483695069252,-1.2231664327807565,0;0;-1.22316643278;0.187244836951;-1.80682585065;0;0;0;0.120636580407;0;0;0,53220.2287010632,0.005,1119,3e-06,1.7251780404404604,,0.0006059166568974253,0.8419563999999582,0.033619100000009894,0.8755807999999661,ok,same_stridge_core,Hx;D_x^1.297606 H;Hxxx;H*Hxxx,0.02,1.086535296027702
0.7448745002515446,1.284732365099322,0.18272887586458358,-1.2274770329248201,0;0;-1.22747703292;0.182728875865;-1.84427128849;0;0;0;0.119427681205;0;0;0,53239.063243949386,0.005,1120,3e-06,1.7393099994040149,,0.0006210204531276956,0.8236049999999295,0.02906669999993028,0.8526775999999927,ok,same_stridge_core,Hx;D_x^1.284732 H;Hxxx;H*Hxxx,0.02937000012126062,1.1004412404766222
0.744988578183863,1.2997272364096457,0.1877675053857847,-1.2229004750654178,0;0;-1.22290047507;0.187767505386;-1.79076686927;0;0;0;0.119589769517;0;0;0,53217.11107320591,0.005,1121,3e-06,1.720782031599978,,0.0006010913252615425,0.8927589999999554,0.0305362999999943,0.9233010000000377,ok,same_stridge_core,Hx;D_x^1.299727 H;Hxxx;H*Hxxx,0.02493014932295979,1.0821766987215071
0.7448016101310465,1.303453120923142,0.05774902666470569,-1.0602528011924597,0.0201125070519;0;-1.06025280119;0.0577490266647;0.559761441005;0;0;0.0746729697105;-0.0315236750801;0;0;0,53211.627073590425,0.005,1122,3e-06,1.7730464373563302,,0.0003459155635072548,0.5484228999999914,0.03673490000005586,0.5851635999999871,ok,same_stridge_core,1;Hx;D_x^1.303453 H;Hxxx;H*Hxx;H*Hxxx,0.01,0.8152371500317025
0.745173392674998,1.3106866110804334,0.0,-1.0561760821660793,0;0;-1.05617608217;0;-0.123506113343;0;0;0.0738693086168;0;0;0;0,53200.951936562546,0.005,1123,3e-06,1.4031897960206237,,0.00043765244059425993,0.8856001000000333,0.034139500000037515,0.9197491999999556,ok,same_stridge_core,Hx;Hxxx;H*Hxx,0.01944653752319446,0.9243812285915608
0.7449435405589075,1.3030732226418158,0.05727856334135559,-1.0594726857424261,0.0201484696885;0;-1.05947268574;0.0572785633414;0.561161511958;0;0;0.0749352230189;-0.0313387209062;0;0;0,53212.18672685563,0.005,1124,3e-06,1.7728455394734282,,0.00034571985596479717,0.2722825000000739,0.039598599999976614,0.3118908000000147,ok,same_stridge_core,1;Hx;D_x^1.303073 H;Hxxx;H*Hxx;H*Hxxx,0.01,0.8150261783900268
0.7452296040664134,1.2958544455198997,0.18668928696689563,-1.2236336938409669,0;0;-1.22363369384;0.186689286967;-1.81468736302;0;0;0;0.120825488626;0;0;0,53222.79970402557,0.005,1125,3e-06,1.7276508122277257,,0.0006085920573804265,0.8834863000000723,0.03035069999998541,0.9138432999999395,ok,same_stridge_core,Hx;D_x^1.295854 H;Hxxx;H*Hxxx,0.02440736326475773,1.0889772157794189
0.7447093381985218,1.3027583130374205,0.0,-1.0518135696424478,0;0;-1.05181356964;0;0;0;0;0.0749251484111;0;0;0;0,53212.65049787605,0.005,1126,3e-06,1.2475611827799107,,0.00044167131074177653,0.4500176000000238,0.034859100000062426,0.48488179999992553,ok,same_stridge_core,Hx;H*Hxx,0.02,0.9282852797926543
0.7452211894365318,1.2934905192172683,0.1859006496643421,-1.2243417220486823,0;0;-1.22434172205;0.185900649664;-1.82353861531;0;0;0;0.120856064971;0;0;0,53226.26582278831,0.005,1127,3e-06,1.73063634300147,,0.0006118077126528463,0.8196445000000949,0.03506530000004204,0.8547221000000036,ok,same_stridge_core,Hx;D_x^1.293491 H;Hxxx;H*Hxxx,0.03433641853426169,1.0919211531280102
0.7449068072987088,1.2987348085710377,0.18737105672949447,-1.2233313053549075,0;0;-1.22333130535;0.187371056729;-1.79168305045;0;0;0;0.119261636837;0;0;0,53218.57001881142,0.005,1128,3e-06,1.7213748359569787,,0.0006016830479631898,0.5174256000000241,0.03024649999997564,0.5476776000000427,ok,same_stridge_core,Hx;D_x^1.298735 H;Hxxx;H*Hxxx,0.02493685173124581,1.0827519957312417
0.7448300393666436,1.3050418307162113,0.0,-1.0514823887349891,0;0;-1.05148238873;0;0;0;0;0.0749731967484;0;0;0;0,53209.28560667189,0.005,1129,3e-06,1.2474200652865943,,0.00044151223694248253,0.8644704000000729,0.036557599999923696,0.9010423999999375,ok,same_stridge_core,Hx;H*Hxx,0.02,0.9281643516465631
0.7449707064764715,1.3006101076243735,0.18804400497366605,-1.2226701339548185,0;0;-1.22267013395;0.188044004974;-1.78663979301;0;0;0;0.119469272517;0;0;0,53215.812597439275,0.005,1130,3e-06,1.7195330906897828,,0.0005997464238340227,0.8323557999999593,0.02966350000008333,0.8620278000000781,ok,same_stridge_core,Hx;D_x^1.30061 H;Hxxx;H*Hxxx,0.024936936132704972,1.0809433395205115
0.744998272595693,1.296948486592785,0.1868580442876916,-1.223702585727524,0;0;-1.22370258573;0.186858044288;-1.80200230744;0;0;0;0.119744205576;0;0;0,53221.194120381966,0.005,1131,3e-06,1.7243724050486882,,0.0006049442874533149,0.8433453999999756,0.029633799999942312,0.8729842999999846,ok,same_stridge_core,Hx;D_x^1.296948 H;Hxxx;H*Hxxx,0.019447245202480524,1.0857180756041047
0.7450813753793201,1.2945113738752352,0.1861224014886912,-1.2242781659294217,0;0;-1.22427816593;0.186122401489;-1.81450175772;0;0;0;0.12019859299;0;0;0,53224.76972071215,0.005,1132,3e-06,1.7281690844343953,,0.0006090714215964499,0.8472170999999662,0.029732399999943482,0.8769545999999764,ok,same_stridge_core,Hx;D_x^1.294511 H;Hxxx;H*Hxxx,0.019446619447839736,1.0894718477858494
0.745079458341226,1.3021816543039644,0.18865544832029074,-1.2220215734204336,0;0;-1.22202157342;0.18865544832;-1.784394534;0;0;0;0.119887135704;0;0;0,53213.499642381925,0.005,1133,3e-06,1.7184393789728938,,0.0005986345494636064,0.8697174999999788,0.03054039999994984,0.9002631999999267,ok,same_stridge_core,Hx;D_x^1.302182 H;Hxxx;H*Hxxx,0.0194936936132705,1.0798773832643107
0.7448787005682521,1.302916280679567,0.0,-1.051348890827081,0;0;-1.05134889083;0;0;0;0;0.0749925603902;0;0;0;0,53212.41781194162,0.005,1134,3e-06,1.247391332877544,,0.0004414493760052722,0.8489084999999932,0.04170739999995021,0.8906220000000076,ok,same_stridge_core,Hx;H*Hxx,0.02,0.9281168260058942
0.7449808607345042,1.3007077469008732,0.18808483639599863,-1.222624121067932,0;0;-1.22262412107;0.188084836396;-1.78662488529;0;0;0;0.11951078452;0;0;0,53215.668954552995,0.005,1135,3e-06,1.7194919629981484,,0.0005997078551084869,0.8674237000000176,0.02936490000001868,0.8967943999999761,ok,same_stridge_core,Hx;D_x^1.300708 H;Hxxx;H*Hxxx,0.04054344729344728,1.0809039355435124
0.7448786431236131,1.3017868416663174,0.18835455510368168,-1.2224782990101968,0;0;-1.22247829901;0.188354555104;-1.77863693661;0;0;0;0.118995483705;0;0;0,53214.08095647461,0.005,1136,3e-06,1.717335626227802,,0.0005973530918880996,0.85290150000003,0.03125360000001365,0.8841608000000178,ok,same_stridge_core,Hx;D_x^1.301787 H;Hxxx;H*Hxxx,0.029369664606468202,1.0787666547501065
0.7452634785714216,1.2944997310934072,0.05420679884388192,-1.0571476226583796,0.0202552365832;0;-1.05714762266;0.0542067988439;0.568053760346;0;0;0.0760946120085;-0.0315319178696;0;0;0,53224.78677426636,0.005,1137,3e-06,1.7731142596997524,,0.00034560280511539165,0.8461496999999554,0.03493909999997413,0.8810938999999962,ok,same_stridge_core,1;Hx;D_x^1.2945 H;Hxxx;H*Hxx;H*Hxxx,0.01,0.8150680977629581
0.7451397270152968,1.3024151403645146,0.18878386137243922,-1.2218504381201412,0;0;-1.22185043812;0.188783861372;-1.78566572121;0;0;0;0.12014891314;0;0;0,53213.15588413036,0.005,1138,3e-06,1.7186283810952538,,0.0005988674390104611,0.9205549000000701,0.031081500000027518,0.9516420999999582,ok,same_stridge_core,Hx;D_x^1.302415 H;Hxxx;H*Hxxx,0.019493693664436706,1.0800705104856894
0.7449241122584989,1.2965600203974497,0.18666793776053037,-1.2239420425562246,0;0;-1.22394204256;0.186667937761;-1.80081459425;0;0;0;0.119423131408;0;0;0,53221.764240273005,0.005,1139,3e-06,1.7242673135214024,,0.0006047922014316824,0.4715014999999312,0.031207200000039848,0.5027140000000827,ok,same_stridge_core,Hx;D_x^1.29656 H;Hxxx;H*Hxxx,0.0244073817987234,1.0856061426381263
0.7450424557886272,1.3159518732800985,0.0,-1.0565098733495393,0;0;-1.05650987335;0;-0.122952761956;0;0;0.0738228149841;0;0;0;0,53193.160942991795,0.005,1140,3e-06,1.4032801344945178,,0.0004378419846868771,0.8160823000000619,0.03422640000007959,0.8503140000000258,ok,same_stridge_core,Hx;Hxxx;H*Hxx,0.02,0.9245416860075917
0.7448352702405153,1.3029666682277954,0.0,-1.0514680360817832,0;0;-1.05146803608;0;0;0;0;0.0749752785993;0;0;0;0,53212.34365164258,0.005,1141,3e-06,1.2474331640534382,,0.00044150539102604826,0.8671315999999933,0.03305620000003273,0.9001941000000215,ok,same_stridge_core,Hx;H*Hxx,0.02,0.9281591021435828
0.7449320886828027,1.2989040026209488,0.1874481465862542,-1.2232387163566438,0;0;-1.22323871636;0.187448146586;-1.79194138366;0;0;0;0.11936910525;0;0;0,53218.32140255127,0.005,1142,3e-06,1.721364731308208,,0.0006016851960510934,0.8594885999999633,0.03425660000004882,0.8937507000000551,ok,same_stridge_core,Hx;D_x^1.298904 H;Hxxx;H*Hxxx,0.02,1.082744874477593
0.7449993837037733,1.297354806474962,0.18699313206326812,-1.2235811826961374,0;0;-1.2235811827;0.186993132063;-1.8004570111;0;0;0;0.119734356435;0;0;0,53220.59751353697,0.005,1143,3e-06,1.723864909990927,,0.0006044001633341718,0.8849235999999792,0.030795100000091225,0.9157238000000234,ok,same_stridge_core,Hx;D_x^1.297355 H;Hxxx;H*Hxxx,0.024408182159253465,1.0852177398284832
0.7451641893638692,1.2951650853996692,0.18640703872239422,-1.2239465982845517,0;0;-1.22394659828;0.186407038722;-1.81498344597;0;0;0;0.120552272859;0;0;0,53223.81093146799,0.005,1144,3e-06,1.7280035169171364,,0.0006089371788373583,0.852568099999985,0.034259099999985665,0.886832199999958,ok,same_stridge_core,Hx;D_x^1.295165 H;Hxxx;H*Hxxx,0.02,1.0893177857395206
0.7451095066053456,1.2954917443646787,0.18646958169982905,-1.2239429402977606,0;0;-1.2239429403;0.1864695817;-1.8117241277;0;0;0;0.120295573681;0;0;0,53223.33192437485,0.005,1145,3e-06,1.72713744918117,,0.0006079753866702036,0.9004837999999609,0.03675909999992655,0.9372494999998935,ok,same_stridge_core,Hx;D_x^1.295492 H;Hxxx;H*Hxxx,0.02,1.0884574660886717
0.744744921884256,1.2931768431735953,0.0,-1.0517159280812802,0;0;-1.05171592808;0;0;0;0;0.0749393143013;0;0;0;0,53226.72534744972,0.005,1146,3e-06,1.247609482953983,,0.0004416238758107147,0.9318756999999778,0.04320810000001529,0.9750930000000153,ok,same_stridge_core,Hx;H*Hxx,0.02,0.9282491308692846
0.7450394579346844,1.2996829057006876,0.18779572180642368,-1.2228275069718109,0;0;-1.22282750697;0.187795721806;-1.79279513996;0;0;0;0.119822058957;0;0;0,53217.17637715009,0.005,1147,3e-06,1.7212453167141675,,0.000601613619092617,0.8701001000000588,0.030043200000022807,0.9001487999998972,ok,same_stridge_core,Hx;D_x^1.299683 H;Hxxx;H*Hxxx,0.02440819820996734,1.0826392001883662
0.7449573911248298,1.3040731820893188,0.18917667903315863,-1.2216682505228176,0;0;-1.22166825052;0.189176679033;-1.7724374822;0;0;0;0.119233493538;0;0;0,53210.71340953094,0.005,1148,3e-06,1.7151344902215344,,0.0005950482869424291,0.8933126999999104,0.031518400000095426,0.9248367000000144,ok,same_stridge_core,Hx;D_x^1.304073 H;Hxxx;H*Hxxx,0.020492152297956222,1.076605929307163
0.7449685668743607,1.2993065023188506,0.1876117102564169,-1.2230583986818735,0;0;-1.22305839868;0.187611710256;-1.7916909406;0;0;0;0.119517279893;0;0;0,53217.72974319252,0.005,1149,3e-06,1.7211505381812964,,0.0006014751386639481,0.8418098000000782,0.03019769999991695,0.8720164999999724,ok,same_stridge_core,Hx;D_x^1.299307 H;Hxxx;H*Hxxx,0.029377733530892566,1.0825377812629862
0.7448106340254429,1.2910042007789246,0.0,-1.0515356278581334,0;0;-1.05153562786;0;0;0;0;0.0749654727883;0;0;0;0,53229.90616831814,0.005,1150,3e-06,1.2475627654673633,,0.00044153743912776934,0.8325193000000581,0.035257000000001426,0.8677815000000919,ok,same_stridge_core,Hx;H*Hxx,0.018809523809523818,0.9281833284574544
0.7451107584959958,1.2987585737046579,0.1875502160632057,-1.2229795639525598,0;0;-1.22297956395;0.187550216063;-1.79902149129;0;0;0;0.120183357813;0;0;0,53218.53523194124,0.005,1151,3e-06,1.7229839853824718,,0.0006035138045374503,0.8234208999999737,0.030667600000015227,0.8540940000000319,ok,same_stridge_core,Hx;D_x^1.298759 H;Hxxx;H*Hxxx,0.01993788458718067,1.0843615625991767
0.7452273024133653,1.30637353868525,0.19016914852975556,-1.2205278405230713,0;0;-1.22052784052;0.19016914853;-1.77308978828;0;0;0;0.120328274332;0;0;0,53207.32139856066,0.005,1152,3e-06,1.7144366881302422,,0.0005944432820836915,0.840302999999949,0.03320100000007642,0.8735163999999713,ok,same_stridge_core,Hx;D_x^1.306374 H;Hxxx;H*Hxxx,0.039898580586080576,1.0759488313475143
0.7447983414830737,1.293116723352736,0.0,-1.0515693551038865,0;0;-1.0515693551;0;0;0;0;0.0749605801971;0;0;0;0,53226.81344978438,0.005,1153,3e-06,1.2475563676595938,,0.00044155351703173537,0.8816739999999754,0.033331200000020544,0.915011800000002,ok,same_stridge_core,Hx;H*Hxx,0.01949321932778073,0.9281954869608875
0.7450696356206377,1.2976526641914867,0.18715027889287766,-1.223374849861469,0;0;-1.22337484986;0.187150278893;-1.80185297787;0;0;0;0.120040699945;0;0;0,53220.159941149905,0.005,1154,3e-06,1.7240540333586483,,0.0006046402313245387,0.845150100000069,0.032714700000042285,0.877870899999948,ok,same_stridge_core,Hx;D_x^1.297653 H;Hxxx;H*Hxxx,0.02,1.0854121140648494
0.7448773596741326,1.301662014606104,0.18831226560221825,-1.2225173645659837,0;0;-1.22251736457;0.188312265602;-1.77908383333;0;0;0;0.118995830705;0;0;0,53214.26471082244,0.005,1155,3e-06,1.717480392547055,,0.0005975067928498897,0.5187571000000162,0.028975600000080703,0.5477392000000236,ok,same_stridge_core,Hx;D_x^1.301662 H;Hxxx;H*Hxxx,0.021422095682095698,1.0789092160171856
0.7446255746929562,1.2965351825721916,0.0,-1.0520434518303527,0;0;-1.05204345183;0;0;0;0;0.0748917891144;0;0;0;0,53221.80073181883,0.005,1156,3e-06,1.2477028896822815,,0.0004417843796394997,0.8064368999999942,0.03392159999998512,0.8403637999999773,ok,same_stridge_core,Hx;H*Hxx,0.02,0.9283720852913684
0.7450548702374233,1.30515577619443,0.04703072058195998,-0.9692440025995838,0.0922328948875;-0.0140084269119;-0.9692440026;0.047030720582;3.30148888808;0;-0.0120032549851;-0.030950127275;-0.784723962405;0;0.0102826142158;0.0613596222654,53209.117471872945,0.005,1157,3e-06,2.3726987011164535,,0.0003121519406193091,0.2903144000000566,0.044373499999892374,0.3347018999999136,ok,same_stridge_core,1;H;Hx;D_x^1.305156 H;Hxxx;H*Hx;H*Hxx;H*Hxxx;H^2*Hxx;H^2*Hxxx,0.005,0.7764251769602654
0.7450818921393467,1.312407319416826,0.1920416518449327,-1.2189764344853065,0;0;-1.21897643449;0.192041651845;-1.74344190577;0;0;0;0.119252326228;0;0;0,53198.40766468727,0.005,1158,3e-06,1.7060451155172853,,0.0005854759310062374,1.014211199999977,0.039055800000028285,1.0532736000000114,ok,same_stridge_core,Hx;D_x^1.312407 H;Hxxx;H*Hxxx,0.02,1.067664223541038
0.745033008766328,1.2945154896377893,0.18608370336089117,-1.2243585460373942,0;0;-1.22435854604;0.186083703361;-1.8127243926;0;0;0;0.119980554909;0;0;0,53224.763583959706,0.005,1159,3e-06,1.7277688553892714,,0.0006086144305431617,0.8631692999999814,0.031674099999918326,0.894848799999977,ok,same_stridge_core,Hx;D_x^1.294515 H;Hxxx;H*Hxxx,0.020432677126875392,1.089071692381755
0.7450794663824274,1.3030795190551043,0.1889523524948078,-1.2217557879396357,0;0;-1.22175578794;0.188952352495;-1.78083576446;0;0;0;0.11984143006;0;0;0,53212.17749701998,0.005,1160,3e-06,1.717324919079115,,0.0005974451062375612,0.8158835999998928,0.03643819999990683,0.8523291999999856,ok,same_stridge_core,Hx;D_x^1.30308 H;Hxxx;H*Hxxx,0.02,1.0787787891148752
0.7447808607238051,1.300684205673427,0.046863285553954644,-0.9708004797912757,0.0921601167781;-0.014010718382;-0.970800479791;0.046863285554;3.28398116173;0;-0.0119578980655;-0.0313792703716;-0.780818866671;0;0.0103068616757;0.0610662747001,53215.70359112759,0.005,1161,3e-06,2.3734612551257763,,0.0003126023896227828,0.8128012999999328,0.031535500000018146,0.844343199999912,ok,same_stridge_core,1;H;Hx;D_x^1.300684 H;Hxxx;H*Hx;H*Hxx;H*Hxxx;H^2*Hxx;H^2*Hxxx,0.005,0.7769901473919489
0.7449413125281285,1.3031638393040106,0.0,-1.0567677686181547,0;0;-1.05676776862;0;-0.1225251192;0;0;0.0737868828102;0;0;0;0,53212.05339944768,0.005,1162,3e-06,1.4035778350560437,,0.00043799195593650106,0.8511677000000191,0.033410399999979745,0.8845833999999968,ok,same_stridge_core,Hx;Hxxx;H*Hxx,0.019507028436042167,0.9246693544610146
0.7450045486930935,1.3004548408098344,0.18802130647320084,-1.2226587188642264,0;0;-1.22265871886;0.188021306473;-1.78848464154;0;0;0;0.119629670806;0;0;0,53216.04095891289,0.005,1163,3e-06,1.7199974581351003,,0.0006002604513920329,0.8554070000000138,0.037368000000014945,0.8927808999999343,ok,same_stridge_core,Hx;D_x^1.300455 H;Hxxx;H*Hxxx,0.02043364183456341,1.0814049666281456
0.7452035169092963,1.3051698930343907,0.18975006732637972,-1.2209257501079962,0;0;-1.22092575011;0.189750067326;-1.77703493112;0;0;0;0.120290713918;0;0;0,53209.09674095655,0.005,1164,3e-06,1.7157258531208908,,0.0005958038844393006,0.8521224999999504,0.03425379999998768,0.8863810999999941,ok,same_stridge_core,Hx;D_x^1.30517 H;Hxxx;H*Hxxx,0.02,1.0772166922294122
0.7449312538009898,1.297901756926064,0.045985281170535255,-0.9698575047289495,0.092369715541;-0.0140469079661;-0.969857504729;0.0459852811705;3.28967697023;0;-0.0119703845566;-0.0309281009497;-0.781838607201;0;0.0102856379884;0.0611410438522,53219.794011011916,0.005,1165,3e-06,2.3733046556208572,,0.00031238455149355386,0.819523600000025,0.029001200000038807,0.8485302999999931,ok,same_stridge_core,1;H;Hx;D_x^1.297902 H;Hxxx;H*Hx;H*Hxx;H*Hxxx;H^2*Hxx;H^2*Hxxx,0.005,0.7767108352904997
0.7448410635940894,1.2943581963824535,0.18587278169985552,-1.2247284607373314,0;0;-1.22472846074;0.1858727817;-1.80633901341;0;0;0;0.119119840267;0;0;0,53224.99413892714,0.005,1166,3e-06,1.726407289999543,,0.0006070471476774246,0.4800781999999799,0.04001329999994141,0.520096599999988,ok,same_stridge_core,Hx;D_x^1.294358 H;Hxxx;H*Hxxx,0.01993696426407911,1.0877073603324174
0.7450662700483308,1.301666246326365,0.18847386243561018,-1.222196340439114,0;0;-1.22219634044;0.188473862436;-1.78595285585;0;0;0;0.119852618035;0;0;0,53214.25843834531,0.005,1167,3e-06,1.718976339452504,,0.0005992011741594215,0.9236041999999998,0.03824379999991834,0.961855900000046,ok,same_stridge_core,Hx;D_x^1.301666 H;Hxxx;H*Hxxx,0.02,1.0804052381923603
0.7459903830668358,1.289951137764077,0.18535699419414386,-1.2240825377379398,0;0;-1.22408253774;0.185356994194;-1.8650698105;0;0;0;0.124373329435;0;0;0,53231.44626302517,0.005,1168,3e-06,1.7417282962967653,,0.000624273991661909,0.9450396000000865,0.04063979999989442,0.9856868000000532,ok,same_stridge_core,Hx;D_x^1.289951 H;Hxxx;H*Hxxx,0.02,1.1029509411404632
0.7440681794543016,1.3061762338734708,0.0,-1.05357405963827,0;0;-1.05357405964;0;0;0;0;0.0746695273567;0;0;0;0,53207.612572749684,0.005,1169,3e-06,1.2482542573890876,,0.00044259230037178886,0.908390200000099,0.03277420000006259,0.9411695999999665,ok,same_stridge_core,Hx;H*Hxx,0.02,0.9290085819525894
0.7448254302446807,1.3045422488575413,0.0,-1.0514950337852722,0;0;-1.05149503379;0;0;0;0;0.0749713618668;0;0;0;0,53210.02196403695,0.005,1170,3e-06,1.247428875360285,,0.00044151815344972234,0.8948701000000483,0.037914899999918816,0.9327904999998964,ok,same_stridge_core,Hx;H*Hxx,0.02,0.9281687435760632
0.745170325147728,1.30075716923275,0.18826128912113427,-1.2222889735635185,0;0;-1.22228897356;0.188261289121;-1.79333288718;0;0;0;0.12036694973;0;0;0,53215.59623437786,0.005,1171,3e-06,1.7209444089099606,,0.0006013597589047313,0.9882264999999961,0.0354998999999907,1.0237328999999136,ok,same_stridge_core,Hx;D_x^1.300757 H;Hxxx;H*Hxxx,0.02043364185342618,1.0823572540974262
0.7455189735986543,1.302947300971935,0.18928237210818363,-1.2210506802938743,0;0;-1.22105068029;0.189282372108;-1.79736080941;0;0;0;0.121841570773;0;0;0,53212.37229959136,0.005,1172,3e-06,1.7209928782658594,,0.0006015922840099468,0.964766999999938,0.03307899999992969,0.9978532999999743,ok,same_stridge_core,Hx;D_x^1.302947 H;Hxxx;H*Hxxx,0.02,1.0824444106707631
0.7445484450858332,1.2998374928347995,0.0,-1.0522551511628273,0;0;-1.05225515116;0;0;0;0;0.0748610606595;0;0;0;0,53216.948847417974,0.005,1173,3e-06,1.2477556298818588,,0.0004418903509429831,0.526814599999966,0.04178869999998369,0.5686109999999189,ok,same_stridge_core,Hx;H*Hxx,0.02,0.928453936797351
0.7449320638629103,1.3041325256095657,0.18917463765478063,-1.2216935898010517,0;0;-1.2216935898;0.189174637655;-1.7712781002;0;0;0;0.119115090114;0;0;0,53210.62600709181,0.005,1174,3e-06,1.7148622435044205,,0.000594745571868031,0.9289864000000989,0.0378114000000096,0.9668164999999362,ok,same_stridge_core,Hx;D_x^1.304133 H;Hxxx;H*Hxxx,0.03448478119556549,1.0763347314193188
0.7449968014469746,1.3018418396613407,0.18847298151835593,-1.222262011522454,0;0;-1.22226201152;0.188472981518;-1.78272697307;0;0;0;0.119528951657;0;0;0,53213.999930385515,0.005,1175,3e-06,1.7182050285653956,,0.0005983415600967949,0.9577473000000509,0.03846169999997073,0.9962200999999595,ok,same_stridge_core,Hx;D_x^1.301842 H;Hxxx;H*Hxxx,0.02,1.0796370294007696
0.7449441232929428,1.3069435901912103,0.19011389896543643,-1.2208389108262279,0;0;-1.22083891083;0.190113898965;-1.76048634359;0;0;0;0.119003692545;0;0;0,53206.480294611625,0.005,1176,3e-06,1.7115267533469103,,0.0005912079814677687,0.3102691000000277,0.03770919999999478,0.34798479999994925,ok,same_stridge_core,Hx;D_x^1.306944 H;Hxxx;H*Hxxx,0.024407581869221585,1.073048989811571
0.744960581762949,1.304247071487475,0.1892368634361715,-1.2216113067271648,0;0;-1.22161130673;0.189236863436;-1.77186158345;0;0;0;0.119238358715;0;0;0,53210.45709284318,0.005,1177,3e-06,1.7149458527693797,,0.0005948492750085524,0.9050756999999976,0.036165600000003906,0.9412494000000606,ok,same_stridge_core,Hx;D_x^1.304247 H;Hxxx;H*Hxxx,0.03990768380649331,1.0764203676552617
0.7448055015713232,1.304186680337057,0.0,-1.0515497131468474,0;0;-1.05154971315;0;0;0;0;0.0749634296927;0;0;0;0,53210.54612148508,0.005,1178,3e-06,1.247451678823765,,0.0004415441709144289,0.5442862999999534,0.0436666000000514,0.5879621999999927,ok,same_stridge_core,Hx;H*Hxx,0.02,0.9281884020948546
0.7451632298567219,1.2946343173687196,0.18623082025968365,-1.2241040180001217,0;0;-1.224104018;0.18623082026;-1.8170060264;0;0;0;0.1205637709;0;0;0,53224.58928224993,0.005,1179,3e-06,1.7286798437148736,,0.0006096655631068782,0.940376199999946,0.03910999999993692,0.9794930000000477,ok,same_stridge_core,Hx;D_x^1.294634 H;Hxxx;H*Hxxx,0.01949292784512944,1.0899847723278744
0.7447875925183918,1.3044914138221995,0.0,-1.0515988456790257,0;0;-1.05159884568;0;0;0;0;0.0749563018848;0;0;0;0,53210.096927474864,0.005,1180,3e-06,1.2474668473788095,,0.0004415676083778256,0.9280661999999893,0.03317830000003141,0.9612525000000005,ok,same_stridge_core,Hx;H*Hxx,0.02,0.9282062658139603
0.7449866872093588,1.299782991878457,0.046196628532172684,-0.9695588369659572,0.0923529940583;-0.0140394938739;-0.969558836966;0.0461966285322;3.29394807221;0;-0.0119819030938;-0.0308804022157;-0.782837403579;0;0.0102821360391;0.0612163484462,53217.02915407155,0.005,1181,3e-06,2.373102143810256,,0.0003122882824367541,0.8672816000000694,0.03826090000006843,0.9055494000000408,ok,same_stridge_core,1;H;Hx;D_x^1.299783 H;Hxxx;H*Hx;H*Hxx;H*Hxxx;H^2*Hxx;H^2*Hxxx,0.005,0.7765912691881096
0.7448016101310465,1.295972406480476,0.0,-1.057124071282197,0;0;-1.05712407128;0;-0.121934557351;0;0;0.0737372235181;0;0;0;0,53222.626670094636,0.005,1182,3e-06,1.403854302110363,,0.0004382040277813324,0.507793300000003,0.033186200000045574,0.5409842000000253,ok,same_stridge_core,Hx;Hxxx;H*Hxx,0.015952380952380954,0.9248506620795114
0.7450192095496878,1.2972240497674214,0.18696652900238092,-1.2235861666072492,0;0;-1.22358616661;0.186966529002;-1.80169018201;0;0;0;0.119828816664;0;0;0,53220.78937325115,0.005,1183,3e-06,1.7241913293192628,,0.0006047608509685373,0.8297589000000016,0.029602500000009968,0.8593667000000096,ok,same_stridge_core,Hx;D_x^1.297224 H;Hxxx;H*Hxxx,0.020432695180636368,1.085541856840249
0.7449010280908422,1.301458695731173,0.0,-1.0512876424736095,0;0;-1.05128764247;0;0;0;0;0.0750014433993;0;0;0;0,53214.56395453539,0.005,1184,3e-06,1.2473826735320686,,0.00044142075498127345,0.8450196000000005,0.038830999999959204,0.8838567000000239,ok,same_stridge_core,Hx;H*Hxx,0.019656742867269195,0.9280952898048561
0.7448491330775509,1.304117314325745,0.04734127342224751,-0.9704515884598776,0.0921020459597;-0.0139933301425;-0.97045158846;0.0473412734222;3.29011717994;0;-0.0119747612072;-0.0313697559184;-0.782299909324;0;0.0103044619762;0.061178395351,53210.648354379264,0.005,1185,3e-06,2.373154401093971,,0.0003124764611145932,0.8665019999999686,0.030210099999976592,0.8967225000000099,ok,same_stridge_core,1;H;Hx;D_x^1.304117 H;Hxxx;H*Hx;H*Hxx;H*Hxxx;H^2*Hxx;H^2*Hxxx,0.005,0.776834950462593
0.7447093381985218,1.3094626130989588,0.05961573371397473,-1.061161734730296,0.0200663708979;0;-1.06116173473;0.059615733714;0.556442558115;0;0;0.0740671897044;-0.0312220790349;0;0;0,53202.760740370795,0.005,1186,3e-06,1.7726559560954769,,0.0003458186821883313,0.47197719999996934,0.03470649999997022,0.5066894000000275,ok,same_stridge_core,1;Hx;D_x^1.309463 H;Hxxx;H*Hxx;H*Hxxx,0.01,0.8150062627688026
0.7450858202267023,1.2945006442626807,0.18612253903635165,-1.2242738136851865,0;0;-1.22427381369;0.186122539036;-1.81470515246;0;0;0;0.120218926621;0;0;0,53224.78536382012,0.005,1187,3e-06,1.7282192571488146,,0.0006091278355901449,0.8345861999999897,0.030713200000036522,0.8653049999999212,ok,same_stridge_core,Hx;D_x^1.294501 H;Hxxx;H*Hxxx,0.029370713483240714,1.0895218327829732
0.7447900771006117,1.32047944442553,0.0,-1.0571534867631216,0;0;-1.05715348676;0;-0.121885806743;0;0;0.0737331232827;0;0;0;0,53186.450014945476,0.005,1188,3e-06,1.4035439988316738,,0.0004382218403490525,0.8252981000000545,0.03239860000007866,0.8577023999999938,ok,same_stridge_core,Hx;Hxxx;H*Hxx,0.02,0.9248659486971644
0.7446793327870065,1.2905469682598936,0.04525584714918035,-0.9712381884802719,0.0924073977144;-0.0140722201183;-0.97123818848;0.0452558471492;3.2710777004;0;-0.0119205505266;-0.0311976747909;-0.777538151788;0;0.010303572457;0.0608174283243,53230.575057026246,0.005,1189,3e-06,2.3741654742199962,,0.0003128167564247613,0.8502611999999772,0.029782799999907184,0.8800491000000648,ok,same_stridge_core,1;H;Hx;D_x^1.290547 H;Hxxx;H*Hx;H*Hxx;H*Hxxx;H^2*Hxx;H^2*Hxxx,0.005,0.7772482225092089
0.7448605681219307,1.3011484397688156,0.1881285302221499,-1.2226975216818163,0;0;-1.22269752168;0.188128530222;-1.7805004719;0;0;0;0.118944521897;0;0;0,53215.02043264624,0.005,1190,3e-06,1.7179853670916927,,0.0005980367209688935,0.9113512000000128,0.035641499999996995,0.9470003000000133,ok,same_stridge_core,Hx;D_x^1.301148 H;Hxxx;H*Hxxx,0.039636640211640185,1.0794051218999379
0.7449025950309126,1.304458568663961,0.0,-1.0512833431938782,0;0;-1.05128334319;0;0;0;0;0.0750020667076;0;0;0;0,53210.14537490473,0.005,1191,3e-06,1.2473546307302936,,0.000441418780255521,0.9475853000000143,0.043618700000024546,0.9912112000000661,ok,same_stridge_core,Hx;H*Hxx,0.02,0.9280937584808653
0.7450727612207907,1.2973808512951208,0.05544147350416835,-1.058373871388991,0.020199878246;0;-1.05837387139;0.0554414735042;0.564942397146;0;0;0.0755708946258;-0.0315861001374;0;0;0,53220.55917099321,0.005,1192,3e-06,1.7731568234254693,,0.00034576061322545346,0.8940492000000404,0.03455969999993158,0.9286151000000018,ok,same_stridge_core,1;Hx;D_x^1.297381 H;Hxxx;H*Hxx;H*Hxxx,0.01,0.8151867583475915
0.7447747900840787,1.3040403619185463,0.0,-1.0516339733013544,0;0;-1.0516339733;0;0;0;0;0.0749512060155;0;0;0;0,53210.76192557519,0.005,1193,3e-06,1.2474837431057881,,0.00044158446090777285,0.26411529999995764,0.03314999999997781,0.29727200000002085,ok,same_stridge_core,Hx;H*Hxx,0.02,0.928219171552337
0.7449450651235808,1.302916280679567,0.18878396051780996,-1.222031766900546,0;0;-1.2220317669;0.188783960518;-1.77658523654;0;0;0;0.119239667431;0;0;0,53212.41781194162,0.005,1194,3e-06,1.7164633125411488,,0.0005964570827809067,0.3171763000000283,0.03242909999994481,0.3496132000000216,ok,same_stridge_core,Hx;D_x^1.302916 H;Hxxx;H*Hxxx,0.02937884587679691,1.0779142987978494
0.7450500074391206,1.3077240464751678,0.19046342561104376,-1.2204271023850737,0;0;-1.22042710239;0.190463425611;-1.76121296362;0;0;0;0.119436630991;0;0;0,53205.32824990883,0.005,1195,3e-06,1.7114057739330135,,0.0005911333208770059,0.26509299999997893,0.03022529999998369,0.2953240999999025,ok,same_stridge_core,Hx;D_x^1.307724 H;Hxxx;H*Hxxx,0.024938935872062813,1.0729418349341076
0.7449739966417868,1.2968085392564206,0.18679158739231516,-1.2237847458865334,0;0;-1.22378474589;0.186791587392;-1.80166395169;0;0;0;0.119639636738;0;0;0,53221.399372152606,0.005,1196,3e-06,1.7243542209503058,,0.0006049118911178051,0.7827788999999257,0.033694299999979194,0.816483000000062,ok,same_stridge_core,Hx;D_x^1.296809 H;Hxxx;H*Hxxx,0.01993859654023053,1.0856974284844745
0.7452745795953769,1.3072826348091864,0.19051111418183436,-1.2201772402691415,0;0;-1.22017724027;0.190511114182;-1.77116714046;0;0;0;0.120487693194;0;0;0,53205.9798481781,0.005,1197,3e-06,1.7136974164141758,,0.0005936807167093633,0.8785993999999846,0.031201000000010026,0.9098061999999345,ok,same_stridge_core,Hx;D_x^1.307283 H;Hxxx;H*Hxxx,0.019440733067206898,1.0752256582360387
0.7449233109617317,1.297119236508267,0.0,-1.0512265189485512,0;0;-1.05122651895;0;0;0;0;0.0750103091195;0;0;0;0,53220.943311339324,0.005,1198,3e-06,1.2473998101654291,,0.00044139243497768937,0.8462111999999706,0.032053500000074564,0.8782700000000432,ok,same_stridge_core,Hx;H*Hxx,0.019638157894736833,0.9280741502973932
0.7447258953690767,1.3063764558403648,0.0,-1.0517681373798444,0;0;-1.05176813738;0;0;0;0;0.0749317386521;0;0;0;0,53207.31720382087,0.005,1199,3e-06,1.2475122059318677,,0.00044164913281261725,0.8523423999999977,0.03408039999999346,0.8864278999999442,ok,same_stridge_core,Hx;H*Hxx,0.02,0.9282683027089426
0.7452807195604956,1.294365242232199,0.1862390954560857,-1.22398480845397,0;0;-1.22398480845;0.186239095456;-1.82232414264;0;0;0;0.121100496965;0;0;0,53224.98384653866,0.005,1200,3e-06,1.7299910543993828,,0.0006111427515895574,0.8498588000001064,0.03172989999995934,0.8815986999999268,ok,same_stridge_core,Hx;D_x^1.294365 H;Hxxx;H*Hxxx,0.01944228429789228,1.091291248240919
0.7450045809814796,1.2986521278841745,0.1874258910840972,-1.2231903980002075,0;0;-1.223190398;0.187425891084;-1.79557044632;0;0;0;0.119707404864;0;0;0,53218.69167213387,0.005,1201,3e-06,1.7222641372960943,,0.0006026865260827217,0.4754020999999966,0.028733299999998962,0.5041420999999673,ok,same_stridge_core,Hx;D_x^1.298652 H;Hxxx;H*Hxxx,0.024523048788211706,1.0836398372304878
0.7448393044937256,1.3006421878479222,0.0,-1.051456966806989,0;0;-1.05145696681;0;0;0;0;0.0749768845893;0;0;0;0,53215.76541230059,0.005,1202,3e-06,1.247449766423855,,0.00044150018707386557,0.9006708000000572,0.038328399999954854,0.9390096000000767,ok,same_stridge_core,Hx;H*Hxx,0.02,0.9281551739500514
0.745151321629933,1.2943906187171785,0.054463197290681324,-1.0577348570445888,0.0202286267584;0;-1.05773485704;0.0544631972907;0.567112094629;0;0;0.0759197347234;-0.0317080271868;0;0;0,53224.946749423296,0.005,1203,3e-06,1.7733061838296753,,0.0003457696824561318,0.845954699999993,0.03498410000008789,0.8809473000000025,ok,same_stridge_core,1;Hx;D_x^1.294391 H;Hxxx;H*Hxx;H*Hxxx,0.01,0.8152571423400561
0.7448755381448835,1.299122799764276,0.1874727900079865,-1.2232698403703797,0;0;-1.22326984037;0.187472790008;-1.78902093892;0;0;0;0.119103855843;0;0;0,53217.999757086945,0.005,1204,3e-06,1.7206364290478255,,0.0006008766877372159,0.4900814000000082,0.02956040000003668,0.5196482999999716,ok,same_stridge_core,Hx;D_x^1.299123 H;Hxxx;H*Hxxx,0.02440755588485207,1.0820204319627822
0.7448736400312056,1.2990200380045305,0.18743728883705713,-1.223303332181707,0;0;-1.22330333218;0.187437288837;-1.78935512562;0;0;0;0.119099618713;0;0;0,53218.15078061908,0.005,1205,3e-06,1.720750432404949,,0.0006009975746167434,0.8342332999999371,0.03269990000001144,0.8669393000000127,ok,same_stridge_core,Hx;D_x^1.29902 H;Hxxx;H*Hxxx,0.029377981262435043,1.0821326230375201
0.7446473689279598,1.307229718947979,0.0,-1.0519836340141873,0;0;-1.05198363401;0;0;0;0;0.0749004683927;0;0;0;0,53206.05798743586,0.005,1206,3e-06,1.2475856654445892,,0.0004417547895458709,0.4653365000000349,0.03242020000004686,0.49776199999996606,ok,same_stridge_core,Hx;H*Hxx,0.02,0.928349317519974
0.7452151907396426,1.3068388683460066,0.05757635607362852,-1.0582994771261056,0.0202005816202;0;-1.05829947713;0.0575763560736;0.561853078301;0;0;0.075101382158;-0.0306480236324;0;0;0,53206.63482969446,0.005,1207,3e-06,1.7720564573675306,,0.00034517142078447163,0.8743243999999777,0.04405119999989893,0.918380500000012,ok,same_stridge_core,1;Hx;D_x^1.306839 H;Hxxx;H*Hxx;H*Hxxx,0.01,0.8143370304330303
0.7450604775952612,1.2991237601920165,0.18762866303566234,-1.222956892989444,0;0;-1.22295689299;0.187628663036;-1.79575751993;0;0;0;0.119940955625;0;0;0,53217.99845616648,0.005,1208,3e-06,1.7221181007808657,,0.0006025594472108843,0.8770631999999523,0.03367649999995592,0.9107449999999062,ok,same_stridge_core,Hx;D_x^1.299124 H;Hxxx;H*Hxxx,0.020936428910595578,1.083502119306868
0.7451291998220003,1.3003845405604892,0.18810332293962392,-1.2224686254241572,0;0;-1.22246862542;0.18810332294;-1.7933036487;0;0;0;0.120197568842;0;0;0,53216.14441809966,0.005,1209,3e-06,1.7210827464921936,,0.0006014864548519932,0.8644019000000753,0.03229220000002897,0.8967016999999942,ok,same_stridge_core,Hx;D_x^1.300385 H;Hxxx;H*Hxxx,0.029377877012844333,1.0824890134749976
0.7450363773181639,1.3015842475832278,0.18842142532599948,-1.2222711816736744,0;0;-1.22227118167;0.188421425326;-1.78518784327;0;0;0;0.119721038029;0;0;0,53214.379170523855,0.005,1210,3e-06,1.7188405438931618,,0.0005990405655028598,0.8292344000000185,0.0334307999999055,0.8626718000000437,ok,same_stridge_core,Hx;D_x^1.301584 H;Hxxx;H*Hxxx,0.02,1.0802679938468756
0.7450780456243663,1.2971104739026507,0.1869781760910335,-1.223520214024242,0;0;-1.22352021402;0.186978176091;-1.80427675094;0;0;0;0.120098695899;0;0;0,53220.95614087966,0.005,1211,3e-06,1.7248117004686145,,0.0006054581201112192,0.27598169999998845,0.03435170000000198,0.31033899999999903,ok,same_stridge_core,Hx;D_x^1.29711 H;Hxxx;H*Hxxx,0.02,1.0861602267780588
0.7447840119213266,1.293411648435598,0.0,-1.051608669921127,0;0;-1.05160866992;0;0;0;0;0.074954876155;0;0;0;0,53226.381413442374,0.005,1212,3e-06,1.2475681748925715,,0.0004415723152092174,0.8834440000000541,0.034475499999985004,0.9179259999999658,ok,same_stridge_core,Hx;H*Hxx,0.01959723665362765,0.9282098864119173
0.7448164951171523,1.3014869454786453,0.0,-1.0515195480692778,0;0;-1.05151954807;0;0;0;0;0.0749678054412;0;0;0;0,53214.522270889625,0.005,1213,3e-06,1.2474646876531315,,0.0004415297750294012,0.8766642000000502,0.03328749999991487,0.9099570999999287,ok,same_stridge_core,Hx;H*Hxx,0.02,0.9281775540277937
0.7449049609371972,1.3030732226418158,0.18880162844415277,-1.2220532401506037,0;0;-1.22205324015;0.188801628444;-1.77449997661;0;0;0;0.119049219514;0;0;0,53212.18672685563,0.005,1214,3e-06,1.7159524285769887,,0.0005958924879400107,0.26709059999996043,0.03834580000000187,0.3054422999999815,ok,same_stridge_core,Hx;D_x^1.303073 H;Hxxx;H*Hxxx,0.024929278418201715,1.077406187854721
0.7448626575931995,1.2896449382569557,0.18433736403337156,-1.2260696694554019,0;0;-1.22606966946;0.184337364033;-1.82524209186;0;0;0;0.119326339214;0;0;0,53231.89377203304,0.005,1215,3e-06,1.732698323021914,,0.0006138423007878013,0.9375257000000374,0.03315739999993639,0.9706893000000036,ok,same_stridge_core,Hx;D_x^1.289645 H;Hxxx;H*Hxxx,0.01993777336195637,1.0939155977575175
0.7447093381985218,1.3015364214826532,0.0,-1.051813569642447,0;0;-1.05181356964;0;0;0;0;0.0749251484111;0;0;0;0,53214.44962370503,0.005,1216,3e-06,1.2475719775348848,,0.00044167131074177653,0.5419957999999951,0.04518680000001041,0.5871897999999192,ok,same_stridge_core,Hx;H*Hxx,0.02,0.9282852797926545
0.7450821003565227,1.2974281283718736,0.18708651854958458,-1.2234198902357052,0;0;-1.22341989024;0.18708651855;-1.80318439628;0;0;0;0.120105400411;0;0;0,53220.489620408945,0.005,1217,3e-06,1.7244402101796001,,0.0006050613287402554,0.9167052999999896,0.028554600000006758,0.9452657999999019,ok,same_stridge_core,Hx;D_x^1.297428 H;Hxxx;H*Hxxx,0.02441413216058653,1.0857943347346928
0.7449068072987088,1.297730418835716,0.18703963344498334,-1.2236270527069868,0;0;-1.22362705271;0.187039633445;-1.79561565789;0;0;0;0.119301699485;0;0;0,53220.04576768415,0.005,1218,3e-06,1.7226425789776467,,0.0006030407892334764,0.4754044999999678,0.03019810000000689,0.5056081999999833,ok,same_stridge_core,Hx;D_x^1.29773 H;Hxxx;H*Hxxx,0.034908619903801966,1.084002029765437
0.7450029945738414,1.3011720615581701,0.18825693663793902,-1.2224495031431606,0;0;-1.22244950314;0.188256936638;-1.78559937921;0;0;0;0.119589365237;0;0;0,53214.985745677586,0.005,1219,3e-06,1.7190886122865185,,0.0005992883416842872,0.26975050000010015,0.03316949999998542,0.3029269999999542,ok,same_stridge_core,Hx;D_x^1.301172 H;Hxxx;H*Hxxx,0.02,1.0805087833383875
0.7447329381376603,1.303003417722739,0.0,-1.0517488123346248,0;0;-1.05174881233;0;0;0;0;0.0749345443696;0;0;0;0,53212.28956635589,0.005,1220,3e-06,1.247535002909851,,0.00044163982462024033,0.589766700000041,0.038670899999942776,0.6284468999999717,ok,same_stridge_core,Hx;H*Hxx,0.02,0.9282612655117157
0.7450605716921636,1.304458568663961,0.18939229873742328,-1.2213791328226224,0;0;-1.22137913282;0.189392298737;-1.77466388714;0;0;0;0.119681170443;0;0;0,53210.14537490473,0.005,1221,3e-06,1.715473334140147,,0.0005954619974243132,0.28695379999999204,0.030620499999940876,0.3175796000000446,ok,same_stridge_core,Hx;D_x^1.304459 H;Hxxx;H*Hxxx,0.04070119047619047,1.07695158964129
0.7446467519417264,1.2955567754880315,0.0,-1.0519853269865165,0;0;-1.05198532699;0;0;0;0;0.0749002233099;0;0;0;0,53223.23640594345,0.005,1222,3e-06,1.2476893803922844,,0.0004417556273913276,0.8358598000000939,0.0347166000000243,0.8705826000000343,ok,same_stridge_core,Hx;H*Hxx,0.02,0.9283499619566237
0.7450111620661763,1.304528507635768,0.1893731452087984,-1.2214421368789221,0;0;-1.22144213688;0.189373145209;-1.77258411168;0;0;0;0.119452554572;0;0;0,53210.04229616671,0.005,1223,3e-06,1.714998221801809,,0.0005949308671566234,0.8595291000000316,0.030976300000020274,0.8905105000000049,ok,same_stridge_core,Hx;D_x^1.304529 H;Hxxx;H*Hxxx,0.024936936567999522,1.0764777142478086
0.744915985146787,1.296730052004561,0.18671725666042369,-1.2239057904373318,0;0;-1.22390579044;0.18671725666;-1.79985592102;0;0;0;0.119380407954;0;0;0,53221.51472686796,0.005,1224,3e-06,1.723985356930129,,0.0006044853485058147,0.8454576999999972,0.030652899999950023,0.8761160000000245,ok,same_stridge_core,Hx;D_x^1.29673 H;Hxxx;H*Hxxx,0.02545028363449416,1.0853271802077136
0.7450500375861767,1.2992042351399444,0.18764647057316125,-1.2229508086133913,0;0;-1.22295080861;0.187646470573;-1.79506110243;0;0;0;0.119890328691;0;0;0,53217.88006359915,0.005,1225,3e-06,1.7219327776671114,,0.0006023554638130038,0.8793971000000056,0.029485199999953693,0.9088874999999916,ok,same_stridge_core,Hx;D_x^1.299204 H;Hxxx;H*Hxxx,0.02442107277622537,1.0833182169039217
0.7451036905557228,1.29690887629654,0.18693298044728252,-1.2235362119561435,0;0;-1.22353621196;0.186932980447;-1.80599728635;0;0;0;0.120221739343;0;0;0,53221.25218808492,0.005,1226,3e-06,1.7252764842872352,,0.0006059708986124045,0.882224400000041,0.03100419999998394,0.9132336999999779,ok,same_stridge_core,Hx;D_x^1.296909 H;Hxxx;H*Hxxx,0.01954515033374683,1.0866214580302163
0.7448777564658932,1.3034599041732329,0.0,-1.0513514798218,0;0;-1.05135147982;0;0;0;0;0.0749921854121;0;0;0;0,53211.61717541116,0.005,1227,3e-06,1.2473874999664698,,0.0004414505769786409,0.8351682000001119,0.032825400000092486,0.8679992999999513,ok,same_stridge_core,Hx;H*Hxx,0.02,0.928117796914003
0.7450156902330403,1.3015725681687567,0.05669241653947637,-1.0589822412429468,0.0201714665932;0;-1.05898224124;0.0566924165395;0.562468265115;0;0;0.0751659828054;-0.0313447791438;0;0;0,53214.39634914294,0.005,1228,3e-06,1.772864182458859,,0.00034567373817340316,0.907595600000036,0.0449633000000631,0.9525677000000314,ok,same_stridge_core,1;Hx;D_x^1.301573 H;Hxxx;H*Hxx;H*Hxxx,0.01,0.8150050481742859
0.7450549920173626,1.296823226207642,0.1868640400762185,-1.2236436484897648,0;0;-1.22364364849;0.186864040076;-1.80455765625;0;0;0;0.120004910941;0;0;0,53221.37799780734,0.005,1229,3e-06,1.7249910416642509,,0.0006056385082484168,0.9427123000000392,0.036286599999925784,0.9790038000001005,ok,same_stridge_core,Hx;D_x^1.296823 H;Hxxx;H*Hxxx,0.02,1.0863345056905627
0.7450695516319709,1.2959406847231152,0.18658466704141316,-1.2238784992292755,0;0;-1.22387849923;0.186584667041;-1.80852443157;0;0;0;0.120100858759;0;0;0,53222.673256700065,0.005,1230,3e-06,1.7262365696420214,,0.0006069850365425812,0.8698590000000195,0.02977659999999105,0.8996409000000085,ok,same_stridge_core,Hx;D_x^1.295941 H;Hxxx;H*Hxxx,0.020461576549811858,1.0875644905616206
0.7453071683084445,1.2992553931978812,0.18787955535625525,-1.2225010421363376,0;0;-1.22250104214;0.187879555356;-1.80422377614;0;0;0;0.121051165139;0;0;0,53217.80493461808,0.005,1231,3e-06,1.7239393609039522,,0.0006046419139677547,0.3126244999999699,0.04180350000001454,0.3544351000000461,ok,same_stridge_core,Hx;D_x^1.299255 H;Hxxx;H*Hxxx,0.02,1.0853257016885351
0.7450433986030978,1.3028250447975869,0.0,-1.0565074693715835,0;0;-1.05650746937;0;-0.122956720657;0;0;0.073823149424;0;0;0;0,53212.55223946964,0.005,1232,3e-06,1.4034534785155381,,0.00043784061028054886,0.8630011000000195,0.0331452000000354,0.8961526999999023,ok,same_stridge_core,Hx;Hxxx;H*Hxx,0.0195070437531738,0.9245405083603113
0.7445484450858332,1.2934423967711366,0.0,-1.0522551511628286,0;0;-1.05225515116;0;0;0;0;0.0748610606595;0;0;0;0,53226.33638550346,0.005,1233,3e-06,1.2478119551103712,,0.000441890350942983,0.46620610000002216,0.04000020000000859,0.506215300000008,ok,same_stridge_core,Hx;H*Hxx,0.02,0.9284539367973504
0.745526244477182,1.300950863119206,0.18862603020425883,-1.2216296364383001,0;0;-1.22162963644;0.188626030204;-1.80552233212;0;0;0;0.121969078311;0;0;0,53215.311302370035,0.005,1234,3e-06,1.7235627396540547,,0.0006043519853999049,0.918726300000003,0.04594520000000557,0.9646853000000419,ok,same_stridge_core,Hx;D_x^1.300951 H;Hxxx;H*Hxxx,0.02,1.0849790040256142
0.7450809223021638,1.2978474800334208,0.18722409004453539,-1.2232984217760319,0;0;-1.22329842178;0.187224090045;-1.80150256166;0;0;0;0.120084319767;0;0;0,53219.87369885109,0.005,1235,3e-06,1.7238978017192772,,0.0006044784819550006,0.9358964000000469,0.034856399999966925,0.9707626999999093,ok,same_stridge_core,Hx;D_x^1.297847 H;Hxxx;H*Hxxx,0.043151455026455024,1.0852593173330642
0.7449827409812397,1.2951863546498845,0.1862634530499825,-1.2242465266586458,0;0;-1.22424652666;0.18626345305;-1.80829252926;0;0;0;0.119733561869;0;0;0,53223.77977567734,0.005,1236,3e-06,1.7264971840635996,,0.0006072191697669208,1.0195916999999781,0.035971799999970244,1.0555727000000843,ok,same_stridge_core,Hx;D_x^1.295186 H;Hxxx;H*Hxxx,0.019937284404371553,1.0878118267554715
0.7447380026395564,1.3025964605043598,0.0,-1.051734914842128,0;0;-1.05173491484;0;0;0;0;0.0749365606226;0;0;0;0,53212.888935937524,0.005,1237,3e-06,1.2475335030561356,,0.000441633093867217,0.8507295000000568,0.03454629999998815,0.8852818999999954,ok,same_stridge_core,Hx;H*Hxx,0.02,0.9282561694405104
0.7449912594187547,1.305428340785413,0.1896535673298183,-1.2212089456776003,0;0;-1.22120894568;0.18965356733;-1.76826902345;0;0;0;0.119310356128;0;0;0,53208.715542537684,0.005,1238,3e-06,1.7137393124592846,,0.0005935816449772352,0.8679410999999391,0.03032010000003993,0.8982658999999558,ok,same_stridge_core,Hx;D_x^1.305428 H;Hxxx;H*Hxxx,0.02450103731551099,1.0752347259488322
0.7450835891453006,1.293263624916999,0.18571217060133324,-1.2246401764958617,0;0;-1.2246401765;0.185712170601;-1.8194049895;0;0;0;0.12024273799;0;0;0,53226.59826269622,0.005,1239,3e-06,1.729800153887902,,0.0006108311591233964,0.8454969000000574,0.02848340000002736,0.8739851999999928,ok,same_stridge_core,Hx;D_x^1.293264 H;Hxxx;H*Hxxx,0.01999197357582867,1.0910809747355474
0.7450288399605044,1.2991546890411405,0.18761227651250156,-1.2230012542021063,0;0;-1.2230012542;0.187612276513;-1.79448331267;0;0;0;0.119796492848;0;0;0,53217.952900260956,0.005,1240,3e-06,1.7218251191452936,,0.000602228887922438,0.8325055999999904,0.031131099999925027,0.8636416999999028,ok,same_stridge_core,Hx;D_x^1.299155 H;Hxxx;H*Hxxx,0.02499078238582883,1.0832096843421621
0.74493689251898,1.2966419251893517,0.18670563408015917,-1.2238963893490762,0;0;-1.22389638935;0.18670563408;-1.80096150528;0;0;0;0.119478013506;0;0;0,53221.643951407845,0.005,1241,3e-06,1.7242665483472523,,0.0006047979745160811,0.8555939999999964,0.04188360000000557,0.8974884000000429,ok,same_stridge_core,Hx;D_x^1.296642 H;Hxxx;H*Hxxx,0.02,1.0856068209303582
0.7450915930007475,1.2950527259228504,0.18630967961810047,-1.2241020731903254,0;0;-1.22410207319;0.186309679618;-1.81277593756;0;0;0;0.120228515204;0;0;0,53223.975796739585,0.005,1242,3e-06,1.7275555309790418,,0.0006084160459602054,0.8686737000000448,0.029582600000026105,0.8982621000000108,ok,same_stridge_core,Hx;D_x^1.295053 H;Hxxx;H*Hxxx,0.034399832440098546,1.0888678214181666
0.7449332266852776,1.301290449926685,0.18823696083764846,-1.2225325988278204,0;0;-1.22253259883;0.188236960838;-1.78258919904;0;0;0;0.119267382069;0;0;0,53214.81158195297,0.005,1243,3e-06,1.7183860327455758,,0.0005985017163446644,0.5154343000000381,0.03440780000005361,0.5498476999999866,ok,same_stridge_core,Hx;D_x^1.30129 H;Hxxx;H*Hxxx,0.02,1.0798082937621403
0.7449269590377426,1.3030732226418158,0.18882037574335037,-1.2220159767217142,0;0;-1.22201597672;0.188820375743;-1.77530202537;0;0;0;0.119149144982;0;0;0,53212.18672685563,0.005,1244,3e-06,1.7161263006923737,,0.0005960888305370945,0.2710068000000092,0.0302791999999954,0.301294299999995,ok,same_stridge_core,Hx;D_x^1.303073 H;Hxxx;H*Hxxx,0.024930154169748264,1.077580059970106
0.74493689251898,1.2966419251893517,0.18670563408015706,-1.2238963893490613,0;0;-1.22389638935;0.18670563408;-1.80096150528;0;0;0;0.119478013506;0;0;0,53221.643951407845,0.005,1245,3e-06,1.7242665483472517,,0.0006047979745160811,0.001702500000078544,0.033261199999969904,0.03496889999996711,ok,same_stridge_core,Hx;D_x^1.296642 H;Hxxx;H*Hxxx,0.02,1.0856068209303575
0.7447093381985218,1.2894341151324138,0.0,-1.0518135696424478,0;0;-1.05181356964;0;0;0;0;0.0749251484111;0;0;0;0,53232.201934919976,0.005,1246,3e-06,1.2476784914021741,,0.00044167131074177653,0.5711794000000054,0.04198509999991984,0.61317130000009,ok,same_stridge_core,Hx;H*Hxx,0.019450793650793673,0.9282852797926543
0.7450177184364296,1.30515577619443,0.18958614388392758,-1.2212449584153207,0;0;-1.22124495842;0.189586143884;-1.77032175887;0;0;0;0.1194466228;0;0;0,53209.117471872945,0.005,1247,3e-06,1.714280605317656,,0.0005941705812529554,0.30785070000001724,0.043903899999918394,0.3517627999999604,ok,same_stridge_core,Hx;D_x^1.305156 H;Hxxx;H*Hxxx,0.02440766789555919,1.0757711956551808
0.744785314072206,1.3047667061742547,0.0,-1.0516050950439644,0;0;-1.05160509504;0;0;0;0;0.0749553959908;0;0;0;0,53209.69113939675,0.005,1248,3e-06,1.2474667440791525,,0.00044157059619950184,0.3629778999999189,0.03859890000001087,0.40158180000003085,ok,same_stridge_core,Hx;H*Hxx,0.02,0.9282085972427719
0.7449732774176285,1.2962784970647365,0.0,-1.0510894627110616,0;0;-1.05108946271;0;0;0;0;0.0750301871523;0;0;0;0,53222.17745295633,0.005,1249,3e-06,1.2473599978009837,,0.0004413293150055687,0.580521200000021,0.037702200000012454,0.6182314000000133,ok,same_stridge_core,Hx;H*Hxx,0.01945010937838424,0.9280269330832457
0.7447329381376603,1.2975492703473466,0.0,-1.051748812334624,0;0;-1.05174881233;0;0;0;0;0.0749345443696;0;0;0;0,53220.31186105716,0.005,1250,3e-06,1.2475831366780585,,0.00044163982462024033,0.5321598999998969,0.0357242000000042,0.5678925999999365,ok,same_stridge_core,Hx;H*Hxx,0.02,0.9282612655117156
0.7451492843633443,1.3039365115415977,0.18929538549035718,-1.221383582883381,0;0;-1.22138358288;0.18929538549;-1.77997426566;0;0;0;0.120112938729;0;0;0,53210.91479347917,0.005,1251,3e-06,1.7168177738775785,,0.0005969400186170968,0.8881286000000728,0.029698199999984354,0.9178329000000076,ok,same_stridge_core,Hx;D_x^1.303937 H;Hxxx;H*Hxxx,0.01993696424812983,1.0782867963558285
0.7449282396607955,1.3006633063623414,0.0,-1.051212996314361,0;0;-1.05121299631;0;0;0;0;0.0750122716463;0;0;0;0,53215.73439709622,0.005,1252,3e-06,1.247363847629974,,0.0004413861771003019,0.8331408000000238,0.03325460000007752,0.8664006999999856,ok,same_stridge_core,Hx;H*Hxx,0.0195644439029673,0.9280694412473967
0.745054248433733,1.3013921942654199,0.056544917923052905,-1.0587646853171724,0.0201814713724;0;-1.05876468532;0.0565449179231;0.562887129841;0;0;0.0752427832955;-0.0313007404052;0;0;0,53214.66190468612,0.005,1253,3e-06,1.772817377789544,,0.00034562438493523906,0.8537236999999323,0.04191820000005464,0.8956471999999849,ok,same_stridge_core,1;Hx;D_x^1.301392 H;Hxxx;H*Hxx;H*Hxxx,0.01,0.8149534635051937
0.7449059290389966,1.3013544178938536,0.04668377426054749,-0.9700663979191754,0.0922378575667;-0.0140194895175;-0.970066397919;0.0466837742605;3.2909536069;0;-0.0119753875781;-0.0311262266661;-0.782308101447;0;0.0102936751251;0.0611776184979,53214.71741958229,0.005,1254,3e-06,2.373181359809215,,0.0003124041211523931,0.8864629999999352,0.03964640000003783,0.926118400000064,ok,same_stridge_core,1;H;Hx;D_x^1.301354 H;Hxxx;H*Hx;H*Hxx;H*Hxxx;H^2*Hxx;H^2*Hxxx,0.005,0.7767398372217464
0.744827886295202,1.3009464579507508,0.0,-1.0514882941896506,0;0;-1.05148829419;0;0;0;0;0.0749723395312;0;0;0;0,53215.31769932579,0.005,1255,3e-06,1.2474583514867357,,0.00044151499321498313,0.8751150999999027,0.042282800000066345,0.9174036000001706,ok,same_stridge_core,Hx;H*Hxx,0.02,0.9281664452907809
0.744938980777196,1.2975311126371631,0.1870008079100189,-1.223631352811263,0;0;-1.22363135281;0.18700080791;-1.79756770553;0;0;0;0.119454833884;0;0;0,53220.338558211115,0.005,1256,3e-06,1.7231542242595435,,0.0006036059761505208,0.897582600000078,0.03471990000002734,0.9323102999999264,ok,same_stridge_core,Hx;D_x^1.297531 H;Hxxx;H*Hxxx,0.02441159998762338,1.08451016156101
0.7450125848369265,1.3010444942037325,0.1882229075125914,-1.2224709666105968,0;0;-1.22247096661;0.188222907513;-1.78645242094;0;0;0;0.119638861888;0;0;0,53215.173502455655,0.005,1257,3e-06,1.7193242587604132,,0.0005995450634607622,0.8375560000001769,0.030333200000086435,0.8678952000000208,ok,same_stridge_core,Hx;D_x^1.301044 H;Hxxx;H*Hxxx,0.029499269793387434,1.0807421767309453
0.7449233109617317,1.2997097341003976,0.046336661143904216,-0.9699351416706621,0.0923050631587;-0.0140331605948;-0.969935141671;0.0463366611439;3.29061612256;0;-0.0119736792355;-0.0310194616997;-0.782140309614;0;0.010289212065;0.0611643376614,53217.13697735709,0.005,1258,3e-06,2.3732297484805693,,0.0003123866125486516,0.4771472999998423,0.035655800000085947,0.5128085000001192,ok,same_stridge_core,1;H;Hx;D_x^1.29971 H;Hxxx;H*Hx;H*Hxx;H*Hxxx;H^2*Hxx;H^2*Hxxx,0.005,0.7767156391598569
0.7449241122584989,1.3054866653859443,0.18961519852205266,-1.2213055156830837,0;0;-1.22130551568;0.189615198522;-1.76558802076;0;0;0;0.119001302468;0;0;0,53208.62958308666,0.005,1259,3e-06,1.7131421324256861,,0.0005929128049827777,0.5203266999999414,0.04127059999996163,0.5616075000000365,ok,same_stridge_core,Hx;D_x^1.305487 H;Hxxx;H*Hxxx,0.02,1.0746385774286462
0.7448914936367588,1.29275256750369,0.18538517877157223,-1.2251136183682494,0;0;-1.22511361837;0.185385178772;-1.81437797759;0;0;0;0.119391096051;0;0;0,53227.34686449555,0.005,1260,3e-06,1.7288875166737325,,0.0006097439357412468,0.9373860000000604,0.03940209999996114,0.9767958999998427,ok,same_stridge_core,Hx;D_x^1.292753 H;Hxxx;H*Hxxx,0.02,1.0901593542997858
0.744806731505685,1.30581453745007,0.058370350699848264,-1.0603924171502053,0.0201047494507;0;-1.06039241715;0.0583703506998;0.558782671152;0;0;0.0745038797825;-0.0313397832571;0;0;0,53208.14610258195,0.005,1261,3e-06,1.7728226092029278,,0.00034581444944954356,0.924376200000097,0.03499310000006517,0.9593761000000995,ok,same_stridge_core,1;Hx;D_x^1.305815 H;Hxxx;H*Hxx;H*Hxxx,0.01,0.8150759793564526
0.7451926035579723,1.297455914342297,0.04527572405580307,-0.968293561531558,0.0925903484997;-0.0140781097809;-0.968293561532;0.0452757240558;3.30288257213;0;-0.0120025495384;-0.0303257579458;-0.784559003983;0;0.0102554535217;0.0613437005742,53220.448868948966,0.005,1262,3e-06,2.372817817753147,,0.000311985514708089,0.848127599999998,0.03265329999999267,0.8807899000000816,ok,same_stridge_core,1;H;Hx;D_x^1.297456 H;Hxxx;H*Hx;H*Hxx;H*Hxxx;H^2*Hxx;H^2*Hxxx,0.005,0.776204351684678
0.7447643385422049,1.301051225188306,0.0,-1.0516626516340424,0;0;-1.05166265163;0;0;0;0;0.0749470445643;0;0;0;0,53215.163607413815,0.005,1263,3e-06,1.2475205961540807,,0.0004415982117925216,0.8423846000000594,0.03343030000019098,0.875820499999918,ok,same_stridge_core,Hx;H*Hxx,0.02,0.9282296145095978
0.7451505737010611,1.2973363214007445,0.1871134117018632,-1.2233312539002623,0;0;-1.2233312539;0.187113411702;-1.80603669725;0;0;0;0.120418041199;0;0;0,53220.62453245719,0.005,1264,3e-06,1.7251115601772398,,0.0006058184128224588,0.8842317999999523,0.03321120000009614,0.9174487000000227,ok,same_stridge_core,Hx;D_x^1.297336 H;Hxxx;H*Hxxx,0.01949369672295369,1.0864640657877536
0.7448876901567965,1.3013171265078578,0.18820718155971305,-1.2226017906296511,0;0;-1.22260179063;0.18820718156;-1.78082352157;0;0;0;0.119059503961;0;0;0,53214.772346291924,0.005,1265,3e-06,1.7179908312552725,,0.0005980566457120752,0.5379457999999886,0.03055320000021311,0.5685048000000279,ok,same_stridge_core,Hx;D_x^1.301317 H;Hxxx;H*Hxxx,0.02440736326475773,1.0794135630997694
0.7448820965517846,1.3056370575119474,0.04754831889827386,-0.9702810586705393,0.0920784286473;-0.0139859178329;-0.970281058671;0.0475483188983;3.29297346134;0;-0.0119825559266;-0.0313600910941;-0.782984933531;0;0.010303133048;0.0612302584199,53208.40779737587,0.005,1266,3e-06,2.3730130597901278,,0.00031241636123297223,0.9064168999998401,0.029638499999919077,0.9360615999999027,ok,same_stridge_core,1;H;Hx;D_x^1.305637 H;Hxxx;H*Hx;H*Hxx;H*Hxxx;H^2*Hxx;H^2*Hxxx,0.005,0.776760825868852
0.744807991792519,1.3036504640399489,0.0,-1.0515428781633847,0;0;-1.05154287816;0;0;0;0;0.0749644213919;0;0;0;0,53211.336368772674,0.005,1267,3e-06,1.2474538642334947,,0.00044154087956041536,0.47077330000001893,0.03502140000000509,0.5058008999999402,ok,same_stridge_core,Hx;H*Hxx,0.02,0.9281858460208587
0.7450680187722456,1.298424681439497,0.1874040007797728,-1.2231502061631414,0;0;-1.22315020616;0.18740400078;-1.79877336122;0;0;0;0.120003510877;0;0;0,53219.025819473914,0.005,1268,3e-06,1.7230621456939264,,0.0006035752071919259,0.8276200999998764,0.03422819999991589,0.8618547999999464,ok,same_stridge_core,Hx;D_x^1.298425 H;Hxxx;H*Hxxx,0.02,1.0844338358602392
0.7449912284553939,1.300468348844765,0.1880145216613683,-1.2226772659971175,0;0;-1.222677266;0.188014521661;-1.78794621998;0;0;0;0.119568741885;0;0;0,53216.02114471238,0.005,1269,3e-06,1.7198741082289346,,0.0006001216929670625,0.8816233000000011,0.03556649999995898,0.9171974999999293,ok,same_stridge_core,Hx;D_x^1.300468 H;Hxxx;H*Hxxx,0.02,1.0812818544923861
0.7449071530187766,1.2986545355696597,0.04618140343948634,-0.9700137040486375,0.0923263653437;-0.0140389504228;-0.970013704049;0.0461814034395;3.2889896987;0;-0.0119691137836;-0.0310125642392;-0.781739782156;0;0.0102894689278;0.0611339931969,53218.68811389183,0.005,1270,3e-06,2.3733141297733105,,0.0003124176188563947,0.8866955999999391,0.02919520000000375,0.915897300000097,ok,same_stridge_core,1;H;Hx;D_x^1.298655 H;Hxxx;H*Hx;H*Hxx;H*Hxxx;H^2*Hxx;H^2*Hxxx,0.005,0.7767534863565556
0.7449694279354331,1.30103516927201,0.0,-1.051100018887004,0;0;-1.05110001889;0;0;0;0;0.0750286564939;0;0;0;0,53215.18715262959,0.005,1271,3e-06,1.2473216835414171,,0.0004413341495090709,0.9270848000001024,0.044527000000016415,0.9716323999998622,ok,same_stridge_core,Hx;H*Hxx,0.019605057048214955,0.9280305606256396
0.7449702497778078,1.2974587532852735,0.18700308794406773,-1.2235998177188674,0;0;-1.22359981772;0.187003087944;-1.79898983211;0;0;0;0.11959887579;0;0;0,53220.444679736866,0.005,1272,3e-06,1.7234978849701812,,0.0006039910435380948,0.9503269000001637,0.03988730000014584,0.9902248999999301,ok,same_stridge_core,Hx;D_x^1.297459 H;Hxxx;H*Hxxx,0.0411223544973545,1.0848525488133387
0.7449628588755697,1.297494376190409,0.18700866372696423,-1.2236018227653915,0;0;-1.22360182277;0.187008663727;-1.79858134533;0;0;0;0.119564130274;0;0;0,53220.392383443286,0.005,1273,3e-06,1.7233931004078835,,0.0006038748435682831,0.8901252000000568,0.03011940000010327,0.9202511999999388,ok,same_stridge_core,Hx;D_x^1.297494 H;Hxxx;H*Hxxx,0.024408588464625618,1.0847483918065641
0.7449743867277703,1.30078410881066,0.188104583122508,-1.2226125222526212,0;0;-1.22261252225;0.188104583123;-1.78608773971;0;0;0;0.119477891269;0;0;0,53215.55667716451,0.005,1274,3e-06,1.7193449629108544,,0.0005995473325354109,0.9044814999999744,0.031686899999840534,0.9361748999999691,ok,same_stridge_core,Hx;D_x^1.300784 H;Hxxx;H*Hxxx,0.041122999171610275,1.0807582827848803
0.7449325530139944,1.2964743758458765,0.18664672491209708,-1.2239529600711512,0;0;-1.22395296007;0.186646724912;-1.80145614116;0;0;0;0.119464308987;0;0;0,53221.889955159495,0.005,1275,3e-06,1.7244446136785667,,0.0006049868602418861,0.8720576000000619,0.029610699999921053,0.9016741999998885,ok,same_stridge_core,Hx;D_x^1.296474 H;Hxxx;H*Hxxx,0.020432680696210122,1.0857819342166528
0.7450420320523847,1.299590290931964,0.18776728917099314,-1.2228504760773802,0;0;-1.22285047608;0.187767289171;-1.79325295506;0;0;0;0.119837701937;0;0;0,53217.31247995622,0.005,1276,3e-06,1.721382479459934,,0.000601761783989616,0.8695427999998628,0.030762600000116436,0.9003110000001016,ok,same_stridge_core,Hx;D_x^1.29959 H;Hxxx;H*Hxxx,0.019603990512411573,1.0827747297004593
0.7449339861602369,1.2983338286742219,0.1872615480813865,-1.2234034855492406,0;0;-1.22340348555;0.187261548081;-1.79424532937;0;0;0;0.119400949486;0;0;0,53219.159288880124,0.005,1277,3e-06,1.7220987333171789,,0.0006024721839081056,0.8832981999998992,0.045389500000055705,0.9286953999999241,ok,same_stridge_core,Hx;D_x^1.298334 H;Hxxx;H*Hxxx,0.02,1.0834688218506174
0.7449967522626195,1.301086729846736,0.18822346312363453,-1.222485280344623,0;0;-1.22248528034;0.188223463124;-1.78570879553;0;0;0;0.119565105696;0;0;0,53215.11131577343,0.005,1278,3e-06,1.7191453408125419,,0.0005993457087011949,0.9397003999999924,0.0376238999999714,0.9773328999999649,ok,same_stridge_core,Hx;D_x^1.301087 H;Hxxx;H*Hxxx,0.02043268672141222,1.0805640050232608
0.7450629741894248,1.3018055215920763,0.18851710931105903,-1.2221607358145894,0;0;-1.22216073581;0.188517109311;-1.7852821296;0;0;0;0.119830898368;0;0;0,53214.05350094607,0.005,1279,3e-06,1.7187766089675023,,0.0005989860524416431,0.9675732000000608,0.036666800000148214,1.00425139999993,ok,same_stridge_core,Hx;D_x^1.301806 H;Hxxx;H*Hxxx,0.025450277197353217,1.0802079669561495
0.7448879259500578,1.3028709325973624,0.1887203238537267,-1.2221419681335781,0;0;-1.22214196813;0.188720323854;-1.77468157596;0;0;0;0.118982456257;0;0;0,53212.48476120902,0.005,1280,3e-06,1.716067572797229,,0.0005960064289958797,0.8743612999999186,0.030535599999893748,0.9049042999999983,ok,same_stridge_core,Hx;D_x^1.302871 H;Hxxx;H*Hxxx,0.020990293040293047,1.0775177556627207
0.744965896383436,1.2988184045102305,0.18744830493239192,-1.2232067955001238,0;0;-1.2232067955;0.187448304932;-1.79350921156;0;0;0;0.119525627783;0;0;0,53218.44708561467,0.005,1281,3e-06,1.7217436059559788,,0.0006021087102974015,0.8707223999999769,0.029762799999843992,0.9004983000002085,ok,same_stridge_core,Hx;D_x^1.298818 H;Hxxx;H*Hxxx,0.03432685923372199,1.0831222409286028
0.745060346023019,1.2985680361142853,0.18744493081157246,-1.2231209312722584,0;0;-1.22312093127;0.187444930812;-1.79793228648;0;0;0;0.119963106084;0;0;0,53218.81512336903,0.005,1282,3e-06,1.7228189195268817,,0.0006033104969263446,0.8313197000002219,0.031093899999859786,0.862418899999966,ok,same_stridge_core,Hx;D_x^1.298568 H;Hxxx;H*Hxxx,0.024929141327146152,1.0841931380464533
0.7448595166978984,1.3007289237504314,0.18798920417917034,-1.2228231770183864,0;0;-1.22282317702;0.187989204179;-1.78211728378;0;0;0;0.118959585825;0;0;0,53215.637822282835,0.005,1283,3e-06,1.7184992845225002,,0.0005985846476637103,0.9246336999999585,0.052888299999949595,0.9775317000000996,ok,same_stridge_core,Hx;D_x^1.300729 H;Hxxx;H*Hxxx,0.02,1.0799116306551062
0.7448787005682521,1.3011120020055729,0.18813186386835376,-1.222677594479547,0;0;-1.22267759448;0.188131863868;-1.78130553008;0;0;0;0.119028536951;0;0;0,53215.07407826333,0.005,1284,3e-06,1.7181745446434276,,0.0005982480742873974,0.5065636000001632,0.02889639999989413,0.535465400000021,ok,same_stridge_core,Hx;D_x^1.301112 H;Hxxx;H*Hxxx,0.024408182298260438,1.0795936557042676
0.744827886295202,1.3003290531217573,0.0,-1.051488294189649,0;0;-1.05148829419;0;0;0;0;0.0749723395312;0;0;0;0,53216.22607363727,0.005,1285,3e-06,1.2474638017326047,,0.00044151499321498313,0.5014549999998508,0.03312679999999091,0.5345886999998584,ok,same_stridge_core,Hx;H*Hxx,0.02,0.9281664452907811
0.7451240341775521,1.302660294542987,0.1888516278353499,-1.22180443855231,0;0;-1.22180443855;0.188851627835;-1.7841224133;0;0;0;0.120065336679;0;0;0,53212.79480596908,0.005,1286,3e-06,1.7181987572817197,,0.00059840056827923,0.8958181999998942,0.03946899999982634,0.9352930000000015,ok,same_stridge_core,Hx;D_x^1.30266 H;Hxxx;H*Hxxx,0.02,1.0796452196100905
0.7449438692606672,1.2992109380017003,0.18755937431110747,-1.223128334147279,0;0;-1.22312833415;0.187559374311;-1.79116621294;0;0;0;0.119409547921;0;0;0,53217.8702189489,0.005,1287,3e-06,1.7210729337999133,,0.0006013791181663224,0.2826791999998477,0.029846599999928003,0.3125311999999667,ok,same_stridge_core,Hx;D_x^1.299211 H;Hxxx;H*Hxxx,0.02943434594477234,1.0824584911725266
0.7452038880580574,1.2960876483567845,0.18674502155788897,-1.223608550167173,0;0;-1.22360855017;0.186745021558;-1.81284424993;0;0;0;0.120701934826;0;0;0,53222.45749629062,0.005,1288,3e-06,1.7271415253802112,,0.0006080300095502594,0.825206900000012,0.02949100000000726,0.8547032000001309,ok,same_stridge_core,Hx;D_x^1.296088 H;Hxxx;H*Hxxx,0.02061608391608392,1.0884720354247237
0.745074478748296,1.2994481879036028,0.18774765055140832,-1.2228375377290708,0;0;-1.22283753773;0.187747650551;-1.79499356235;0;0;0;0.119990655522;0;0;0,53217.521357231635,0.005,1289,3e-06,1.7218216986125552,,0.0006022491811425487,0.8588839999999891,0.03420249999999214,0.8930917000000136,ok,same_stridge_core,Hx;D_x^1.299448 H;Hxxx;H*Hxxx,0.02,1.0832114423257755
0.7452279816931306,1.2977753211733511,0.1873233080334672,-1.223071228969222,0;0;-1.22307122897;0.187323308033;-1.80713965158;0;0;0;0.120751376759;0;0;0,53219.97974970235,0.005,1290,3e-06,1.725179537740695,,0.0006059323837575556,0.9328800000000683,0.0402572999998938,0.9731446000000687,ok,same_stridge_core,Hx;D_x^1.297775 H;Hxxx;H*Hxxx,0.019446527689118347,1.086539780744267
