6.976763248443603516e+00 7.184745311737060547e+00 7.389684677124023438e+00 7.590975284576416016e+00 7.788007736206054688e+00 7.980173110961914062e+00 8.166864395141601562e+00 8.347483634948730469e+00 8.521437644958496094e+00 8.688150405883789062e+00 8.847059249877929688e+00 8.997619628906250000e+00 9.139311790466308594e+00 9.271637916564941406e+00 9.394130706787109375e+00 9.506350517272949219e+00 9.607893943786621094e+00 9.698391914367675781e+00 9.777512550354003906e+00 9.844964027404785156e+00 9.900498390197753906e+00 9.943907737731933594e+00 9.975030899047851562e+00 9.993751525878906250e+00 1.000000000000000000e+01 9.993751525878906250e+00 9.975030899047851562e+00 9.943907737731933594e+00 9.900498390197753906e+00 9.844964027404785156e+00 9.777512550354003906e+00 9.698391914367675781e+00 9.607893943786621094e+00 9.506350517272949219e+00 9.394130706787109375e+00 9.271637916564941406e+00 9.139311790466308594e+00 8.997619628906250000e+00 8.847059249877929688e+00 8.688150405883789062e+00 8.521437644958496094e+00 8.347483634948730469e+00 8.166864395141601562e+00 7.980173110961914062e+00 7.788007736206054688e+00 7.590975284576416016e+00 7.389684677124023438e+00 7.184745311737060547e+00 6.976763248443603516e+00 6.766338348388671875e+00 6.554062366485595703e+00 6.340515613555908203e+00 6.126264095306396484e+00 5.911857604980468750e+00 5.697828292846679688e+00 5.484687328338623047e+00 5.272924423217773438e+00 5.063004493713378906e+00 4.855369091033935547e+00 4.650432109832763672e+00 4.448580741882324219e+00 4.250174522399902344e+00 4.055544853210449219e+00 3.864993810653686523e+00 3.678794384002685547e+00 3.497190952301025391e+00 3.320399522781372070e+00 3.148606777191162109e+00 2.981972694396972656e+00 2.820629596710205078e+00 2.664682865142822266e+00 2.514213562011718750e+00 2.369277477264404297e+00 2.229907512664794922e+00 2.096113920211791992e+00 1.967886447906494141e+00 1.845195293426513672e+00 1.727992057800292969e+00 1.616211891174316406e+00 1.509774208068847656e+00 1.408584237098693848e+00 1.312534570693969727e+00 1.221506714820861816e+00 1.135371685028076172e+00 1.053992271423339844e+00 9.772234559059143066e-01 9.049144387245178223e-01 8.369089961051940918e-01 7.730473875999450684e-01 7.131668329238891602e-01 6.571027040481567383e-01 6.046896576881408691e-01 5.557621121406555176e-01 5.101553797721862793e-01 4.677062332630157471e-01 4.282535314559936523e-01 3.916389644145965576e-01 3.577074110507965088e-01 3.263075649738311768e-01 2.972921729087829590e-01 2.705184817314147949e-01 2.458484768867492676e-01 2.231491506099700928e-01 2.022926360368728638e-01 1.831563860177993774e-01 1.656232029199600220e-01 1.495813429355621338e-01 1.349245011806488037e-01 1.215517818927764893e-01 1.093676760792732239e-01 9.828194975852966309e-02 8.820956200361251831e-02 7.907053828239440918e-02 7.078982889652252197e-02 6.329715251922607422e-02 5.652682855725288391e-02 5.041760206222534180e-02 4.491246491670608521e-02 3.995845839381217957e-02 3.550648689270019531e-02
3.713203430175781250e+00 5.429150581359863281e+00 6.468867301940917969e+00 7.086083889007568359e+00 7.466710090637207031e+00 7.744146823883056641e+00 7.970487594604492188e+00 8.174386978149414062e+00 8.362358093261718750e+00 8.540304183959960938e+00 8.707835197448730469e+00 8.866668701171875000e+00 9.015699386596679688e+00 9.155568122863769531e+00 9.285256385803222656e+00 9.405010223388671875e+00 9.513985633850097656e+00 9.612263679504394531e+00 9.699169158935546875e+00 9.774723052978515625e+00 9.838398933410644531e+00 9.890214920043945312e+00 9.929782867431640625e+00 9.957151412963867188e+00 9.972061157226562500e+00 9.974611282348632812e+00 9.964663505554199219e+00 9.942382812500000000e+00 9.907741546630859375e+00 9.860979080200195312e+00 9.802169799804687500e+00 9.731629371643066406e+00 9.649528503417968750e+00 9.556256294250488281e+00 9.452070236206054688e+00 9.337430000305175781e+00 9.212665557861328125e+00 9.078302383422851562e+00 8.934733390808105469e+00 8.782539367675781250e+00 8.622162818908691406e+00 8.454229354858398438e+00 8.279220581054687500e+00 8.097795486450195312e+00 7.910458564758300781e+00 7.717892169952392578e+00 7.520611763000488281e+00 7.319309711456298828e+00 7.114498615264892578e+00 6.906871318817138672e+00 6.696924209594726562e+00 6.485340118408203125e+00 6.272588253021240234e+00 6.059331417083740234e+00 5.846000671386718750e+00 5.633231163024902344e+00 5.421407699584960938e+00 5.211129188537597656e+00 5.002727031707763672e+00 4.796759605407714844e+00 4.593498229980468750e+00 4.393457412719726562e+00 4.196844100952148438e+00 4.004127025604248047e+00 3.815445661544799805e+00 3.631222248077392578e+00 3.451528787612915039e+00 3.276741504669189453e+00 3.106863975524902344e+00 2.942229986190795898e+00 2.782776355743408203e+00 2.628797292709350586e+00 2.480165004730224609e+00 2.337139844894409180e+00 2.199531078338623047e+00 2.067571640014648438e+00 1.941011428833007812e+00 1.820061683654785156e+00 1.704416751861572266e+00 1.594273805618286133e+00 1.489274501800537109e+00 1.389609575271606445e+00 1.294871449470520020e+00 1.205252408981323242e+00 1.120297670364379883e+00 1.040210127830505371e+00 9.644890427589416504e-01 8.933570384979248047e-01 8.262677192687988281e-01 7.634729743003845215e-01 7.043794989585876465e-01 6.492790579795837402e-01 5.975279808044433594e-01 5.494697093963623047e-01 5.044043660163879395e-01 4.627406895160675049e-01 4.237133264541625977e-01 3.878127932548522949e-01 3.541943430900573730e-01 3.234513103961944580e-01 2.946389317512512207e-01 2.684814035892486572e-01 2.439036220312118530e-01 2.217999249696731567e-01 2.009191215038299561e-01 1.823839694261550903e-01 1.646956503391265869e-01 1.492969542741775513e-01 1.343240439891815186e-01 1.216942071914672852e-01 1.089710742235183716e-01 9.883187711238861084e-02 8.786282688379287720e-02 8.010989427566528320e-02 7.040838897228240967e-02 6.702574342489242554e-02 6.985166668891906738e-02 1.450409442186355591e-01 4.586140513420104980e-01 1.546663761138916016e+00
3.109960079193115234e+00 4.571495532989501953e+00 5.686068534851074219e+00 6.492167472839355469e+00 7.053612709045410156e+00 7.456735134124755859e+00 7.761228084564208984e+00 8.009984970092773438e+00 8.224722862243652344e+00 8.418895721435546875e+00 8.597735404968261719e+00 8.764827728271484375e+00 8.920894622802734375e+00 9.066849708557128906e+00 9.202395439147949219e+00 9.327705383300781250e+00 9.442297935485839844e+00 9.546123504638671875e+00 9.638722419738769531e+00 9.719985961914062500e+00 9.789530754089355469e+00 9.847258567810058594e+00 9.892879486083984375e+00 9.926342010498046875e+00 9.947452545166015625e+00 9.956224441528320312e+00 9.952566146850585938e+00 9.936563491821289062e+00 9.908226966857910156e+00 9.867720603942871094e+00 9.815149307250976562e+00 9.750760078430175781e+00 9.674748420715332031e+00 9.587438583374023438e+00 9.489109992980957031e+00 9.380161285400390625e+00 9.260944366455078125e+00 9.131927490234375000e+00 8.993524551391601562e+00 8.846261024475097656e+00 8.690605163574218750e+00 8.527129173278808594e+00 8.356343269348144531e+00 8.178853034973144531e+00 7.995197296142578125e+00 7.806007862091064453e+00 7.611835479736328125e+00 7.413326263427734375e+00 7.211032867431640625e+00 7.005600929260253906e+00 6.797574520111083984e+00 6.587588787078857422e+00 6.376164913177490234e+00 6.163919448852539062e+00 5.951341152191162109e+00 5.739017009735107422e+00 5.527395725250244141e+00 5.317027568817138672e+00 5.108312606811523438e+00 4.901758670806884766e+00 4.697711944580078125e+00 4.496632575988769531e+00 4.298809528350830078e+00 4.104652404785156250e+00 3.914388895034790039e+00 3.728377580642700195e+00 3.546784162521362305e+00 3.369916439056396484e+00 3.197877407073974609e+00 3.030926465988159180e+00 2.869105577468872070e+00 2.712628126144409180e+00 2.561477184295654297e+00 2.415824174880981445e+00 2.275597333908081055e+00 2.140930652618408203e+00 2.011700630187988281e+00 1.888009905815124512e+00 1.769687175750732422e+00 1.656810402870178223e+00 1.549164533615112305e+00 1.446808934211730957e+00 1.349489212036132812e+00 1.257253170013427734e+00 1.169810652732849121e+00 1.087204813957214355e+00 1.009113192558288574e+00 9.355816245079040527e-01 8.662575483322143555e-01 8.011966347694396973e-01 7.400180101394653320e-01 6.827945709228515625e-01 6.291174888610839844e-01 5.790848731994628906e-01 5.322585701942443848e-01 4.887703955173492432e-01 4.481497108936309814e-01 4.105720818042755127e-01 3.755282461643218994e-01 3.432494401931762695e-01 3.131783306598663330e-01 2.856170237064361572e-01 2.599452137947082520e-01 2.365567684173583984e-01 2.147455066442489624e-01 1.950274109840393066e-01 1.765739619731903076e-01 1.600706577301025391e-01 1.445063948631286621e-01 1.308159083127975464e-01 1.176996082067489624e-01 1.064952984452247620e-01 9.545119851827621460e-02 8.687748759984970093e-02 7.938121259212493896e-02 8.237194269895553589e-02 1.119217947125434875e-01 2.387909889221191406e-01 6.002350449562072754e-01 1.504213333129882812e+00
2.751285076141357422e+00 4.030960559844970703e+00 5.107934474945068359e+00 5.970818042755126953e+00 6.630292892456054688e+00 7.130694866180419922e+00 7.513993740081787109e+00 7.819036483764648438e+00 8.071800231933593750e+00 8.290846824645996094e+00 8.486353874206542969e+00 8.664993286132812500e+00 8.829749107360839844e+00 8.982658386230468750e+00 9.124272346496582031e+00 9.255098342895507812e+00 9.374982833862304688e+00 9.483957290649414062e+00 9.581703186035156250e+00 9.668116569519042969e+00 9.742881774902343750e+00 9.805879592895507812e+00 9.856854438781738281e+00 9.895724296569824219e+00 9.922315597534179688e+00 9.936607360839843750e+00 9.938514709472656250e+00 9.928092002868652344e+00 9.905347824096679688e+00 9.870415687561035156e+00 9.823395729064941406e+00 9.764505386352539062e+00 9.693931579589843750e+00 9.611971855163574219e+00 9.518896102905273438e+00 9.415075302124023438e+00 9.300857543945312500e+00 9.176679611206054688e+00 9.042955398559570312e+00 8.900180816650390625e+00 8.748825073242187500e+00 8.589434623718261719e+00 8.422518730163574219e+00 8.248663902282714844e+00 8.068410873413085938e+00 7.882369995117187500e+00 7.691101074218750000e+00 7.495229721069335938e+00 7.295320510864257812e+00 7.092002391815185547e+00 6.885832309722900391e+00 6.677431106567382812e+00 6.467337608337402344e+00 6.256153583526611328e+00 6.044390678405761719e+00 5.832622051239013672e+00 5.621321678161621094e+00 5.411026954650878906e+00 5.202167034149169922e+00 4.995236873626708984e+00 4.790614128112792969e+00 4.588747501373291016e+00 4.389958381652832031e+00 4.194645404815673828e+00 4.003071308135986328e+00 3.815581798553466797e+00 3.632380723953247070e+00 3.453761577606201172e+00 3.279867172241210938e+00 3.110940694808959961e+00 2.947066068649291992e+00 2.788437604904174805e+00 2.635082960128784180e+00 2.487151384353637695e+00 2.344616889953613281e+00 2.207588672637939453e+00 2.075990200042724609e+00 1.949896574020385742e+00 1.829185128211975098e+00 1.713901519775390625e+00 1.603881955146789551e+00 1.499148845672607422e+00 1.399501919746398926e+00 1.304946422576904297e+00 1.215249657630920410e+00 1.130406737327575684e+00 1.050155758857727051e+00 9.744885563850402832e-01 9.031175971031188965e-01 8.360373377799987793e-01 7.729374170303344727e-01 7.138216495513916016e-01 6.583580374717712402e-01 6.065665483474731445e-01 5.580940246582031250e-01 5.129835605621337891e-01 4.708594977855682373e-01 4.317958950996398926e-01 3.953913748264312744e-01 3.617600202560424805e-01 3.304686248302459717e-01 3.016826212406158447e-01 2.749272882938385010e-01 2.504343092441558838e-01 2.276718616485595703e-01 2.069593369960784912e-01 1.876828074455261230e-01 1.702825874090194702e-01 1.540211290121078491e-01 1.395167261362075806e-01 1.258422881364822388e-01 1.139369755983352661e-01 1.027161106467247009e-01 9.434793889522552490e-02 8.965823799371719360e-02 9.985443204641342163e-02 1.456870883703231812e-01 2.908866405487060547e-01 6.444985866546630859e-01 1.425883650779724121e+00
2.494807958602905273e+00 3.639096260070800781e+00 4.658144950866699219e+00 5.527340412139892578e+00 6.234940528869628906e+00 6.799897670745849609e+00 7.247147083282470703e+00 7.606159687042236328e+00 7.900612354278564453e+00 8.149989128112792969e+00 8.367091178894042969e+00 8.561045646667480469e+00 8.737012863159179688e+00 8.898470878601074219e+00 9.047039031982421875e+00 9.183832168579101562e+00 9.309144020080566406e+00 9.423222541809082031e+00 9.525931358337402344e+00 9.617236137390136719e+00 9.696897506713867188e+00 9.764810562133789062e+00 9.820752143859863281e+00 9.864631652832031250e+00 9.896287918090820312e+00 9.915680885314941406e+00 9.922731399536132812e+00 9.917469024658203125e+00 9.899899482727050781e+00 9.870132446289062500e+00 9.828262329101562500e+00 9.774480819702148438e+00 9.708967208862304688e+00 9.631993293762207031e+00 9.543822288513183594e+00 9.444800376892089844e+00 9.335266113281250000e+00 9.215636253356933594e+00 9.086315155029296875e+00 8.947780609130859375e+00 8.800492286682128906e+00 8.644979476928710938e+00 8.481747627258300781e+00 8.311366081237792969e+00 8.134373664855957031e+00 7.951366424560546875e+00 7.762904644012451172e+00 7.569601535797119141e+00 7.372025489807128906e+00 7.170794010162353516e+00 6.966471672058105469e+00 6.759669780731201172e+00 6.550937652587890625e+00 6.340870380401611328e+00 6.129990100860595703e+00 5.918866157531738281e+00 5.707986831665039062e+00 5.497886180877685547e+00 5.289009571075439453e+00 5.081850528717041016e+00 4.876804828643798828e+00 4.674319267272949219e+00 4.474736690521240234e+00 4.278453826904296875e+00 4.085756301879882812e+00 3.896988153457641602e+00 3.712377071380615234e+00 3.532214403152465820e+00 3.356668233871459961e+00 3.185979127883911133e+00 3.020256519317626953e+00 2.859691143035888672e+00 2.704337120056152344e+00 2.554338455200195312e+00 2.409696102142333984e+00 2.270512580871582031e+00 2.136739253997802734e+00 2.008441209793090820e+00 1.885524749755859375e+00 1.768023371696472168e+00 1.655802965164184570e+00 1.548870682716369629e+00 1.447056770324707031e+00 1.350348472595214844e+00 1.258544445037841797e+00 1.171618342399597168e+00 1.089341402053833008e+00 1.011679887771606445e+00 9.383812546730041504e-01 8.694106340408325195e-01 8.044945001602172852e-01 7.436031699180603027e-01 6.864444017410278320e-01 6.329994797706604004e-01 5.829587578773498535e-01 5.363209247589111328e-01 4.927585422992706299e-01 4.522946476936340332e-01 4.145820140838623047e-01 3.796756565570831299e-01 3.472045958042144775e-01 3.172649443149566650e-01 2.894549071788787842e-01 2.639237642288208008e-01 2.402269393205642700e-01 2.185840308666229248e-01 1.984885185956954956e-01 1.802565455436706543e-01 1.632886528968811035e-01 1.480470895767211914e-01 1.338070780038833618e-01 1.213533282279968262e-01 1.100572869181632996e-01 1.022504270076751709e-01 1.001521572470664978e-01 1.157255992293357849e-01 1.704662591218948364e-01 3.205789029598236084e-01 6.559081077575683594e-01 1.348924160003662109e+00
2.295700073242187500e+00 3.334026813507080078e+00 4.293718338012695312e+00 5.147859096527099609e+00 5.875321388244628906e+00 6.480376720428466797e+00 6.975377559661865234e+00 7.380562305450439453e+00 7.714922428131103516e+00 7.996263980865478516e+00 8.237887382507324219e+00 8.450176239013671875e+00 8.639863014221191406e+00 8.811739921569824219e+00 8.968529701232910156e+00 9.112091064453125000e+00 9.243273735046386719e+00 9.362662315368652344e+00 9.470370292663574219e+00 9.566492080688476562e+00 9.650896072387695312e+00 9.723522186279296875e+00 9.784190177917480469e+00 9.832818031311035156e+00 9.869260787963867188e+00 9.893471717834472656e+00 9.905371665954589844e+00 9.904978752136230469e+00 9.892292976379394531e+00 9.867405891418457031e+00 9.830403327941894531e+00 9.781457901000976562e+00 9.720739364624023438e+00 9.648499488830566406e+00 9.564990043640136719e+00 9.470539093017578125e+00 9.365473747253417969e+00 9.250191688537597656e+00 9.125088691711425781e+00 8.990623474121093750e+00 8.847248077392578125e+00 8.695477485656738281e+00 8.535808563232421875e+00 8.368797302246093750e+00 8.194978713989257812e+00 8.014936447143554688e+00 7.829227447509765625e+00 7.638457298278808594e+00 7.443192481994628906e+00 7.244044303894042969e+00 7.041579246520996094e+00 6.836403846740722656e+00 6.629071235656738281e+00 6.420173645019531250e+00 6.210240840911865234e+00 5.999840736389160156e+00 5.789470195770263672e+00 5.579663276672363281e+00 5.370878219604492188e+00 5.163607597351074219e+00 4.958262920379638672e+00 4.755291938781738281e+00 4.555052757263183594e+00 4.357944488525390625e+00 4.164269447326660156e+00 3.974375247955322266e+00 3.788506507873535156e+00 3.606957435607910156e+00 3.429915189743041992e+00 3.257621765136718750e+00 3.090206861495971680e+00 2.927862405776977539e+00 2.770662307739257812e+00 2.618751049041748047e+00 2.472150087356567383e+00 2.330960273742675781e+00 2.195154428482055664e+00 2.064794063568115234e+00 1.939807176589965820e+00 1.820222258567810059e+00 1.705926299095153809e+00 1.596919894218444824e+00 1.493054509162902832e+00 1.394308805465698242e+00 1.300502538681030273e+00 1.211598753929138184e+00 1.127390146255493164e+00 1.047829747200012207e+00 9.726873040199279785e-01 9.019116759300231934e-01 8.352530598640441895e-01 7.726621031761169434e-01 7.138717174530029297e-01 6.588404774665832520e-01 6.072856187820434570e-01 5.591793656349182129e-01 5.142238140106201172e-01 4.724110662937164307e-01 4.334271550178527832e-01 3.972907960414886475e-01 3.636690080165863037e-01 3.326153457164764404e-01 3.037721216678619385e-01 2.772380709648132324e-01 2.526213824748992920e-01 2.300803214311599731e-01 2.091735154390335083e-01 1.901413351297378540e-01 1.724699884653091431e-01 1.565319448709487915e-01 1.417418271303176880e-01 1.288274079561233521e-01 1.175073832273483276e-01 1.102950945496559143e-01 1.102491542696952820e-01 1.294277310371398926e-01 1.887170970439910889e-01 3.379285335540771484e-01 6.534630060195922852e-01 1.278637528419494629e+00
2.133734226226806641e+00 3.086032390594482422e+00 3.989798069000244141e+00 4.819458961486816406e+00 5.550412654876708984e+00 6.178525924682617188e+00 6.707490444183349609e+00 7.149920940399169922e+00 7.519782543182373047e+00 7.832036018371582031e+00 8.099097251892089844e+00 8.331524848937988281e+00 8.536885261535644531e+00 8.720919609069824219e+00 8.887291908264160156e+00 9.038606643676757812e+00 9.176316261291503906e+00 9.301415443420410156e+00 9.414325714111328125e+00 9.515336036682128906e+00 9.604454040527343750e+00 9.681697845458984375e+00 9.746950149536132812e+00 9.800155639648437500e+00 9.841191291809082031e+00 9.870013236999511719e+00 9.886549949645996094e+00 9.890808105468750000e+00 9.882785797119140625e+00 9.862562179565429688e+00 9.830214500427246094e+00 9.785898208618164062e+00 9.729773521423339844e+00 9.662075996398925781e+00 9.583045005798339844e+00 9.492992401123046875e+00 9.392232894897460938e+00 9.281148910522460938e+00 9.160123825073242188e+00 9.029603004455566406e+00 8.890028953552246094e+00 8.741900444030761719e+00 8.585709571838378906e+00 8.421997070312500000e+00 8.251292228698730469e+00 8.074169158935546875e+00 7.891181945800781250e+00 7.702925682067871094e+00 7.509966373443603516e+00 7.312908172607421875e+00 7.112318515777587891e+00 6.908799171447753906e+00 6.702907085418701172e+00 6.495231628417968750e+00 6.286307334899902344e+00 6.076701164245605469e+00 5.866918563842773438e+00 5.657493591308593750e+00 5.448893070220947266e+00 5.241613388061523438e+00 5.036075592041015625e+00 4.832731246948242188e+00 4.631951332092285156e+00 4.434138298034667969e+00 4.239608764648437500e+00 4.048713684082031250e+00 3.861713409423828125e+00 3.678906440734863281e+00 3.500495910644531250e+00 3.326727390289306641e+00 3.157747268676757812e+00 2.993750810623168945e+00 2.834828853607177734e+00 2.681128501892089844e+00 2.532688379287719727e+00 2.389611005783081055e+00 2.251886129379272461e+00 2.119575977325439453e+00 1.992624998092651367e+00 1.871061325073242188e+00 1.754788517951965332e+00 1.643804907798767090e+00 1.537978291511535645e+00 1.437283396720886230e+00 1.341556549072265625e+00 1.250754714012145996e+00 1.164687275886535645e+00 1.083299160003662109e+00 1.006376862525939941e+00 9.338593482971191406e-01 8.655136823654174805e-01 8.012782335281372070e-01 7.409038543701171875e-01 6.843340396881103516e-01 6.313050389289855957e-01 5.817713141441345215e-01 5.354555845260620117e-01 4.923290014266967773e-01 4.521002471446990967e-01 4.147636294364929199e-01 3.800117075443267822e-01 3.478691279888153076e-01 3.180080056190490723e-01 2.904924154281616211e-01 2.649662196636199951e-01 2.415456622838973999e-01 2.198335677385330200e-01 2.000192850828170776e-01 1.816491037607192993e-01 1.650401353836059570e-01 1.497143805027008057e-01 1.363844573497772217e-01 1.250354945659637451e-01 1.183145716786384583e-01 1.197646334767341614e-01 1.411983519792556763e-01 2.024437487125396729e-01 3.480728566646575928e-01 6.446254849433898926e-01 1.215428233146667480e+00
1.997947216033935547e+00 2.878493547439575195e+00 3.730902433395385742e+00 4.532116413116455078e+00 5.256866931915283203e+00 5.896296024322509766e+00 6.448311805725097656e+00 6.919642925262451172e+00 7.319701671600341797e+00 7.660292148590087891e+00 7.952205657958984375e+00 8.205410957336425781e+00 8.427658081054687500e+00 8.625203132629394531e+00 8.802394866943359375e+00 8.962474822998046875e+00 9.107467651367187500e+00 9.238804817199707031e+00 9.357253074645996094e+00 9.463336944580078125e+00 9.557243347167968750e+00 9.639101028442382812e+00 9.708873748779296875e+00 9.766552925109863281e+00 9.812049865722656250e+00 9.845335006713867188e+00 9.866344451904296875e+00 9.875086784362792969e+00 9.871557235717773438e+00 9.855825424194335938e+00 9.827961921691894531e+00 9.788109779357910156e+00 9.736418724060058594e+00 9.673110008239746094e+00 9.598410606384277344e+00 9.512618064880371094e+00 9.416035652160644531e+00 9.309030532836914062e+00 9.191974639892578125e+00 9.065300941467285156e+00 8.929439544677734375e+00 8.784876823425292969e+00 8.632097244262695312e+00 8.471630096435546875e+00 8.303997039794921875e+00 8.129763603210449219e+00 7.949476718902587891e+00 7.763725757598876953e+00 7.573072910308837891e+00 7.378117084503173828e+00 7.179424762725830078e+00 6.977594375610351562e+00 6.773183345794677734e+00 6.566779136657714844e+00 6.358921051025390625e+00 6.150175094604492188e+00 5.941051959991455078e+00 5.732087612152099609e+00 5.523756980895996094e+00 5.316557884216308594e+00 5.110921382904052734e+00 4.907302379608154297e+00 4.706082820892333984e+00 4.507669925689697266e+00 4.312391757965087891e+00 4.120604991912841797e+00 3.932582855224609375e+00 3.748628616333007812e+00 3.568959236145019531e+00 3.393826007843017578e+00 3.223388910293579102e+00 3.057848691940307617e+00 2.897310256958007812e+00 2.741925477981567383e+00 2.591747045516967773e+00 2.446881771087646484e+00 2.307332992553710938e+00 2.173166513442993164e+00 2.044340848922729492e+00 1.920885086059570312e+00 1.802717328071594238e+00 1.689835906028747559e+00 1.582122445106506348e+00 1.479550480842590332e+00 1.381969690322875977e+00 1.289334297180175781e+00 1.201466917991638184e+00 1.118307948112487793e+00 1.039657354354858398e+00 9.654475450515747070e-01 8.954590559005737305e-01 8.296219706535339355e-01 7.677008509635925293e-01 7.096289396286010742e-01 6.551566720008850098e-01 6.042262315750122070e-01 5.565753579139709473e-01 5.121603608131408691e-01 4.707066118717193604e-01 4.321905672550201416e-01 3.963235616683959961e-01 3.631090521812438965e-01 3.322407603263854980e-01 3.037574589252471924e-01 2.773286998271942139e-01 2.530401349067687988e-01 2.305267751216888428e-01 2.099414616823196411e-01 1.908762156963348389e-01 1.736124455928802490e-01 1.577590554952621460e-01 1.440300792455673218e-01 1.326134949922561646e-01 1.262357532978057861e-01 1.287003457546234131e-01 1.514124870300292969e-01 2.130326032638549805e-01 3.538330495357513428e-01 6.328234672546386719e-01 1.158695101737976074e+00
1.881683468818664551e+00 2.701151609420776367e+00 3.506769895553588867e+00 4.278246402740478516e+00 4.990995407104492188e+00 5.633630275726318359e+00 6.200283527374267578e+00 6.693289279937744141e+00 7.118226528167724609e+00 7.483870029449462891e+00 7.799084186553955078e+00 8.072783470153808594e+00 8.312411308288574219e+00 8.524345397949218750e+00 8.713335037231445312e+00 8.883092880249023438e+00 9.036129951477050781e+00 9.174291610717773438e+00 9.298696517944335938e+00 9.410130500793457031e+00 9.508983612060546875e+00 9.595523834228515625e+00 9.669820785522460938e+00 9.731927871704101562e+00 9.781805992126464844e+00 9.819449424743652344e+00 9.844813346862792969e+00 9.857909202575683594e+00 9.858736038208007812e+00 9.847358703613281250e+00 9.823841094970703125e+00 9.788316726684570312e+00 9.740926742553710938e+00 9.681878089904785156e+00 9.611389160156250000e+00 9.529742240905761719e+00 9.437230110168457031e+00 9.334205627441406250e+00 9.221030235290527344e+00 9.098121643066406250e+00 8.965901374816894531e+00 8.824844360351562500e+00 8.675424575805664062e+00 8.518160820007324219e+00 8.353567123413085938e+00 8.182200431823730469e+00 8.004602432250976562e+00 7.821353435516357422e+00 7.633013725280761719e+00 7.440175533294677734e+00 7.243404388427734375e+00 7.043294429779052734e+00 6.840404510498046875e+00 6.635319232940673828e+00 6.428581714630126953e+00 6.220756530761718750e+00 6.012360095977783203e+00 5.803928852081298828e+00 5.595944404602050781e+00 5.388907909393310547e+00 5.183258056640625000e+00 4.979453563690185547e+00 4.777885913848876953e+00 4.578967094421386719e+00 4.383035659790039062e+00 4.190454483032226562e+00 4.001507282257080078e+00 3.816503524780273438e+00 3.635672807693481445e+00 3.459271907806396484e+00 3.287473678588867188e+00 3.120484352111816406e+00 2.958422183990478516e+00 2.801444292068481445e+00 2.649616241455078125e+00 2.503049373626708984e+00 2.361760139465332031e+00 2.225818157196044922e+00 2.095194578170776367e+00 1.969921708106994629e+00 1.849929451942443848e+00 1.735218405723571777e+00 1.625681877136230469e+00 1.521293878555297852e+00 1.421915888786315918e+00 1.327501058578491211e+00 1.237883567810058594e+00 1.153001308441162109e+00 1.072665333747863770e+00 9.968041777610778809e-01 9.252093434333801270e-01 8.578054904937744141e-01 7.943680882453918457e-01 7.348231673240661621e-01 6.789326071739196777e-01 6.266293525695800781e-01 5.776631236076354980e-01 5.319791436195373535e-01 4.893155694007873535e-01 4.496354758739471436e-01 4.126645326614379883e-01 3.783900141716003418e-01 3.465221226215362549e-01 3.170802295207977295e-01 2.897534072399139404e-01 2.646039724349975586e-01 2.412915974855422974e-01 2.199420332908630371e-01 2.001838684082031250e-01 1.822746992111206055e-01 1.658950001001358032e-01 1.517652720212936401e-01 1.402264386415481567e-01 1.340391188859939575e-01 1.371259093284606934e-01 1.604167073965072632e-01 2.214265912771224976e-01 3.568607568740844727e-01 6.197888255119323730e-01 1.107675433158874512e+00
1.780577301979064941e+00 2.547216176986694336e+00 3.310256719589233398e+00 4.052067279815673828e+00 4.749376296997070312e+00 5.389595031738281250e+00 5.964461803436279297e+00 6.473098754882812500e+00 6.917986392974853516e+00 7.305189132690429688e+00 7.641606807708740234e+00 7.934862136840820312e+00 8.191763877868652344e+00 8.418498039245605469e+00 8.619951248168945312e+00 8.800123214721679688e+00 8.961893081665039062e+00 9.107464790344238281e+00 9.238282203674316406e+00 9.355398178100585938e+00 9.459420204162597656e+00 9.550775527954101562e+00 9.629655838012695312e+00 9.696197509765625000e+00 9.750420570373535156e+00 9.792358398437500000e+00 9.821990966796875000e+00 9.839342117309570312e+00 9.844417572021484375e+00 9.837281227111816406e+00 9.817996025085449219e+00 9.786685943603515625e+00 9.743485450744628906e+00 9.688590049743652344e+00 9.622208595275878906e+00 9.544610977172851562e+00 9.456077575683593750e+00 9.356949806213378906e+00 9.247578620910644531e+00 9.128367424011230469e+00 8.999729156494140625e+00 8.862126350402832031e+00 8.716023445129394531e+00 8.561929702758789062e+00 8.400350570678710938e+00 8.231834411621093750e+00 8.056917190551757812e+00 7.876171112060546875e+00 7.690153121948242188e+00 7.499449253082275391e+00 7.304623603820800781e+00 7.106266021728515625e+00 6.904935836791992188e+00 6.701215744018554688e+00 6.495649337768554688e+00 6.288802623748779297e+00 6.081194877624511719e+00 5.873364448547363281e+00 5.665797710418701172e+00 5.458999156951904297e+00 5.253414154052734375e+00 5.049505710601806641e+00 4.847673416137695312e+00 4.648334026336669922e+00 4.451837062835693359e+00 4.258548736572265625e+00 4.068764686584472656e+00 3.882800579071044922e+00 3.700896263122558594e+00 3.523315429687500000e+00 3.350242614746093750e+00 3.181889772415161133e+00 3.018387317657470703e+00 2.859897851943969727e+00 2.706499338150024414e+00 2.558308124542236328e+00 2.415352821350097656e+00 2.277707338333129883e+00 2.145354509353637695e+00 2.018330574035644531e+00 1.896576404571533203e+00 1.780095458030700684e+00 1.668792009353637695e+00 1.562641501426696777e+00 1.461516022682189941e+00 1.365368962287902832e+00 1.274044632911682129e+00 1.187479972839355469e+00 1.105495691299438477e+00 1.028018116950988770e+00 9.548481702804565430e-01 8.859068155288696289e-01 8.209788203239440918e-01 7.599850296974182129e-01 7.026968002319335938e-01 6.490401625633239746e-01 5.987746715545654297e-01 5.518369674682617188e-01 5.079755187034606934e-01 4.671430289745330811e-01 4.290764927864074707e-01 3.937505483627319336e-01 3.608883321285247803e-01 3.304938673973083496e-01 3.022716939449310303e-01 2.762655913829803467e-01 2.521550953388214111e-01 2.300451099872589111e-01 2.095944583415985107e-01 1.910441964864730835e-01 1.741342544555664062e-01 1.595913618803024292e-01 1.478704959154129028e-01 1.417323797941207886e-01 1.451290100812911987e-01 1.684961020946502686e-01 2.282747328281402588e-01 3.581727147102355957e-01 6.064497232437133789e-01 1.061653256416320801e+00
1.691599249839782715e+00 2.411954164505004883e+00 3.136192321777343750e+00 3.849109649658203125e+00 4.529010295867919922e+00 5.162910938262939453e+00 5.741104602813720703e+00 6.260408878326416016e+00 6.720862865447998047e+00 7.126204013824462891e+00 7.481473445892333984e+00 7.792924404144287109e+00 8.066536903381347656e+00 8.308073997497558594e+00 8.522340774536132812e+00 8.713449478149414062e+00 8.884520530700683594e+00 9.038032531738281250e+00 9.175717353820800781e+00 9.298873901367187500e+00 9.408329010009765625e+00 9.504677772521972656e+00 9.588248252868652344e+00 9.659273147583007812e+00 9.717846870422363281e+00 9.764049530029296875e+00 9.797896385192871094e+00 9.819431304931640625e+00 9.828673362731933594e+00 9.825687408447265625e+00 9.810540199279785156e+00 9.783349037170410156e+00 9.744242668151855469e+00 9.693408966064453125e+00 9.631046295166015625e+00 9.557412147521972656e+00 9.472780227661132812e+00 9.377477645874023438e+00 9.271843910217285156e+00 9.156271934509277344e+00 9.031165122985839844e+00 8.896972656250000000e+00 8.754150390625000000e+00 8.603198051452636719e+00 8.444613456726074219e+00 8.278935432434082031e+00 8.106694221496582031e+00 7.928454399108886719e+00 7.744768142700195312e+00 7.556217193603515625e+00 7.363361358642578125e+00 7.166787147521972656e+00 6.967053890228271484e+00 6.764741420745849609e+00 6.560395717620849609e+00 6.354580879211425781e+00 6.147820472717285156e+00 5.940653800964355469e+00 5.733571529388427734e+00 5.527081012725830078e+00 5.321633815765380859e+00 5.117696762084960938e+00 4.915677547454833984e+00 4.715997695922851562e+00 4.519014358520507812e+00 4.325100421905517578e+00 4.134561061859130859e+00 3.947718143463134766e+00 3.764821529388427734e+00 3.586141347885131836e+00 3.411872863769531250e+00 3.242234706878662109e+00 3.077368021011352539e+00 2.917441844940185547e+00 2.762545108795166016e+00 2.612800121307373047e+00 2.468246221542358398e+00 2.328962802886962891e+00 2.194942951202392578e+00 2.066227436065673828e+00 1.942768096923828125e+00 1.824571251869201660e+00 1.711551308631896973e+00 1.603686332702636719e+00 1.500857710838317871e+00 1.403020501136779785e+00 1.310027718544006348e+00 1.221816897392272949e+00 1.138217091560363770e+00 1.059153676033020020e+00 9.844359159469604492e-01 9.139823913574218750e-01 8.475860357284545898e-01 7.851639986038208008e-01 7.264956235885620117e-01 6.715018153190612793e-01 6.199504137039184570e-01 5.717712640762329102e-01 5.267216563224792480e-01 4.847457408905029297e-01 4.455900192260742188e-01 4.092188179492950439e-01 3.753658533096313477e-01 3.440227210521697998e-01 3.149064779281616211e-01 2.880459725856781006e-01 2.631371319293975830e-01 2.402683496475219727e-01 2.191241085529327393e-01 1.999333500862121582e-01 1.824855059385299683e-01 1.675110608339309692e-01 1.555490940809249878e-01 1.493358016014099121e-01 1.527957022190093994e-01 1.758766323328018188e-01 2.340320348739624023e-01 3.584196567535400391e-01 5.933204889297485352e-01 1.020006299018859863e+00
1.612555503845214844e+00 2.291931867599487305e+00 2.980713844299316406e+00 3.665860652923583984e+00 4.327320098876953125e+00 4.952208042144775391e+00 5.530018329620361328e+00 6.055951118469238281e+00 6.528161048889160156e+00 6.948439121246337891e+00 7.320147991180419922e+00 7.648190975189208984e+00 7.937623023986816406e+00 8.193634986877441406e+00 8.420779228210449219e+00 8.623128890991210938e+00 8.803921699523925781e+00 8.965822219848632812e+00 9.110791206359863281e+00 9.240345954895019531e+00 9.355517387390136719e+00 9.457070350646972656e+00 9.545473098754882812e+00 9.621066093444824219e+00 9.684028625488281250e+00 9.734497070312500000e+00 9.772533416748046875e+00 9.798205375671386719e+00 9.811552047729492188e+00 9.812646865844726562e+00 9.801559448242187500e+00 9.778408050537109375e+00 9.743315696716308594e+00 9.696463584899902344e+00 9.638042449951171875e+00 9.568300247192382812e+00 9.487500190734863281e+00 9.395957946777343750e+00 9.294004440307617188e+00 9.182021141052246094e+00 9.060400009155273438e+00 8.929579734802246094e+00 8.790008544921875000e+00 8.642173767089843750e+00 8.486567497253417969e+00 8.323718070983886719e+00 8.154149055480957031e+00 7.978420257568359375e+00 7.797077178955078125e+00 7.610695838928222656e+00 7.419834136962890625e+00 7.225073814392089844e+00 7.026973247528076172e+00 6.826110363006591797e+00 6.623031139373779297e+00 6.418299674987792969e+00 6.212441921234130859e+00 6.005997657775878906e+00 5.799462795257568359e+00 5.593346118927001953e+00 5.388105392456054688e+00 5.184210777282714844e+00 4.982076644897460938e+00 4.782129764556884766e+00 4.584735393524169922e+00 4.390272140502929688e+00 4.199053287506103516e+00 4.011407375335693359e+00 3.827593564987182617e+00 3.647888898849487305e+00 3.472498416900634766e+00 3.301647424697875977e+00 3.135487556457519531e+00 2.974193811416625977e+00 2.817865848541259766e+00 2.666631937026977539e+00 2.520541906356811523e+00 2.379680633544921875e+00 2.244051218032836914e+00 2.113699436187744141e+00 1.988586544990539551e+00 1.868723154067993164e+00 1.754033088684082031e+00 1.644497394561767578e+00 1.540006279945373535e+00 1.440516948699951172e+00 1.345890879631042480e+00 1.256066322326660156e+00 1.170880556106567383e+00 1.090258598327636719e+00 1.014017462730407715e+00 9.420742392539978027e-01 8.742291927337646484e-01 8.103967905044555664e-01 7.503635287284851074e-01 6.940464377403259277e-01 6.412204504013061523e-01 5.918101668357849121e-01 5.455802679061889648e-01 5.024680495262145996e-01 4.622280299663543701e-01 4.248160421848297119e-01 3.899747133255004883e-01 3.576852381229400635e-01 3.276751935482025146e-01 2.999611496925354004e-01 2.742527723312377930e-01 2.506252229213714600e-01 2.287849336862564087e-01 2.089515626430511475e-01 1.909556984901428223e-01 1.755284667015075684e-01 1.632698476314544678e-01 1.568744331598281860e-01 1.602032631635665894e-01 1.827353537082672119e-01 2.390233725309371948e-01 3.580308556556701660e-01 5.806894302368164062e-01 9.822061061859130859e-01
1.541802644729614258e+00 2.184576511383056641e+00 2.840860605239868164e+00 3.499517917633056641e+00 4.142109394073486328e+00 4.756142139434814453e+00 5.330758571624755859e+00 5.860054016113281250e+00 6.340754985809326172e+00 6.773056030273437500e+00 7.158847808837890625e+00 7.501764774322509766e+00 7.805911064147949219e+00 8.075816154479980469e+00 8.315659523010253906e+00 8.529348373413085938e+00 8.720127105712890625e+00 8.890761375427246094e+00 9.043371200561523438e+00 9.179656982421875000e+00 9.300827980041503906e+00 9.407810211181640625e+00 9.501213073730468750e+00 9.581488609313964844e+00 9.648905754089355469e+00 9.703670501708984375e+00 9.745894432067871094e+00 9.775679588317871094e+00 9.793089866638183594e+00 9.798212051391601562e+00 9.791124343872070312e+00 9.771944999694824219e+00 9.740798950195312500e+00 9.697859764099121094e+00 9.643313407897949219e+00 9.577398300170898438e+00 9.500369071960449219e+00 9.412532806396484375e+00 9.314208030700683594e+00 9.205766677856445312e+00 9.087591171264648438e+00 8.960109710693359375e+00 8.823760986328125000e+00 8.679023742675781250e+00 8.526381492614746094e+00 8.366353034973144531e+00 8.199456214904785156e+00 8.026243209838867188e+00 7.847254753112792969e+00 7.663061141967773438e+00 7.474216938018798828e+00 7.281299591064453125e+00 7.084866046905517578e+00 6.885491847991943359e+00 6.683723449707031250e+00 6.480123996734619141e+00 6.275220870971679688e+00 6.069555759429931641e+00 5.863627433776855469e+00 5.657946586608886719e+00 5.452976703643798828e+00 5.249191284179687500e+00 5.047010898590087891e+00 4.846866607666015625e+00 4.649131774902343750e+00 4.454189777374267578e+00 4.262362957000732422e+00 4.073985576629638672e+00 3.889325618743896484e+00 3.708666563034057617e+00 3.532223224639892578e+00 3.360227346420288086e+00 3.192840337753295898e+00 3.030244112014770508e+00 2.872547626495361328e+00 2.719885587692260742e+00 2.572317838668823242e+00 2.429934740066528320e+00 2.292749404907226562e+00 2.160812377929687500e+00 2.034094572067260742e+00 1.912610650062561035e+00 1.796293377876281738e+00 1.685127377510070801e+00 1.579011440277099609e+00 1.477905154228210449e+00 1.381677865982055664e+00 1.290269494056701660e+00 1.203524947166442871e+00 1.121369361877441406e+00 1.043627023696899414e+00 9.702143669128417969e-01 9.009382724761962891e-01 8.357114791870117188e-01 7.743269205093383789e-01 7.166986465454101562e-01 6.626079082489013672e-01 6.119751930236816406e-01 5.645714998245239258e-01 5.203288197517395020e-01 4.790082275867462158e-01 4.405587017536163330e-01 4.047303795814514160e-01 3.714957833290100098e-01 3.405914604663848877e-01 3.120236098766326904e-01 2.855137586593627930e-01 2.611262500286102295e-01 2.385863810777664185e-01 2.181063145399093628e-01 1.995508372783660889e-01 1.836485713720321655e-01 1.710425466299057007e-01 1.643741130828857422e-01 1.674185693264007568e-01 1.892109662294387817e-01 2.434847801923751831e-01 3.572961688041687012e-01 5.687156319618225098e-01 9.478063583374023438e-01
1.478076100349426270e+00 2.087911128997802734e+00 2.714313745498657227e+00 3.347813606262207031e+00 3.971503257751464844e+00 4.573452949523925781e+00 5.142753124237060547e+00 5.672780990600585938e+00 6.159200191497802734e+00 6.600919246673583984e+00 6.998564243316650391e+00 7.354613780975341797e+00 7.672240734100341797e+00 7.955274581909179688e+00 8.207439422607421875e+00 8.432385444641113281e+00 8.633264541625976562e+00 8.812863349914550781e+00 8.973400115966796875e+00 9.116705894470214844e+00 9.244143486022949219e+00 9.356781959533691406e+00 9.455363273620605469e+00 9.540453910827636719e+00 9.612417221069335938e+00 9.671530723571777344e+00 9.717962265014648438e+00 9.751857757568359375e+00 9.773307800292968750e+00 9.782421112060546875e+00 9.779286384582519531e+00 9.764026641845703125e+00 9.736769676208496094e+00 9.697684288024902344e+00 9.646954536437988281e+00 9.584810256958007812e+00 9.511498451232910156e+00 9.427315711975097656e+00 9.332574844360351562e+00 9.227634429931640625e+00 9.112869262695312500e+00 8.988697052001953125e+00 8.855546951293945312e+00 8.713889122009277344e+00 8.564196586608886719e+00 8.406983375549316406e+00 8.242758750915527344e+00 8.072068214416503906e+00 7.895445346832275391e+00 7.713456630706787109e+00 7.526652336120605469e+00 7.335606575012207031e+00 7.140872955322265625e+00 6.943025112152099609e+00 6.742609024047851562e+00 6.540187835693359375e+00 6.336289882659912109e+00 6.131456375122070312e+00 5.926190853118896484e+00 5.721004962921142578e+00 5.516366958618164062e+00 5.312754154205322266e+00 5.110592365264892578e+00 4.910316944122314453e+00 4.712308406829833984e+00 4.516955375671386719e+00 4.324587821960449219e+00 4.135545730590820312e+00 3.950107097625732422e+00 3.768560171127319336e+00 3.591129302978515625e+00 3.418052911758422852e+00 3.249501466751098633e+00 3.085663557052612305e+00 2.926657915115356445e+00 2.772625207901000977e+00 2.623634815216064453e+00 2.479783058166503906e+00 2.341092109680175781e+00 2.207618236541748047e+00 2.079340696334838867e+00 1.956279397010803223e+00 1.838375329971313477e+00 1.725617051124572754e+00 1.617911458015441895e+00 1.515220880508422852e+00 1.417422652244567871e+00 1.324458360671997070e+00 1.236179947853088379e+00 1.152513980865478516e+00 1.073290944099426270e+00 9.984273910522460938e-01 9.277364611625671387e-01 8.611297011375427246e-01 7.984060645103454590e-01 7.394773960113525391e-01 6.841306686401367188e-01 6.322829723358154297e-01 5.837112069129943848e-01 5.383426547050476074e-01 4.959444701671600342e-01 4.564597010612487793e-01 4.196450710296630859e-01 3.854657411575317383e-01 3.536659777164459229e-01 3.242433071136474609e-01 2.969294786453247070e-01 2.717798054218292236e-01 2.485360503196716309e-01 2.274038195610046387e-01 2.082763612270355225e-01 1.918769478797912598e-01 1.788778454065322876e-01 1.718595772981643677e-01 1.744984239339828491e-01 1.954124569892883301e-01 2.475902438163757324e-01 3.564148247241973877e-01 5.574820637702941895e-01 9.164296984672546387e-01
1.420380949974060059e+00 2.000382184982299805e+00 2.599223375320434570e+00 3.208889484405517578e+00 3.813900709152221680e+00 4.402980804443359375e+00 4.965373039245605469e+00 5.494021415710449219e+00 5.983819961547851562e+00 6.432656288146972656e+00 6.840088367462158203e+00 7.207563877105712891e+00 7.537378311157226562e+00 7.832652568817138672e+00 8.096611022949218750e+00 8.332574844360351562e+00 8.543532371520996094e+00 8.732214927673339844e+00 8.900879859924316406e+00 9.051444053649902344e+00 9.185384750366210938e+00 9.303894996643066406e+00 9.407838821411132812e+00 9.497888565063476562e+00 9.574501991271972656e+00 9.638034820556640625e+00 9.688714981079101562e+00 9.726733207702636719e+00 9.752219200134277344e+00 9.765300750732421875e+00 9.766084671020507812e+00 9.754704475402832031e+00 9.731288909912109375e+00 9.696009635925292969e+00 9.649044990539550781e+00 9.590621948242187500e+00 9.520979881286621094e+00 9.440407752990722656e+00 9.349207878112792969e+00 9.247732162475585938e+00 9.136344909667968750e+00 9.015454292297363281e+00 8.885480880737304688e+00 8.746885299682617188e+00 8.600132942199707031e+00 8.445729255676269531e+00 8.284177780151367188e+00 8.116014480590820312e+00 7.941769599914550781e+00 7.762002468109130859e+00 7.577260017395019531e+00 7.388112068176269531e+00 7.195109844207763672e+00 6.998824596405029297e+00 6.799801349639892578e+00 6.598602294921875000e+00 6.395756244659423828e+00 6.191806316375732422e+00 5.987256526947021484e+00 5.782621860504150391e+00 5.578374385833740234e+00 5.374993801116943359e+00 5.172912120819091797e+00 4.972568511962890625e+00 4.774349689483642578e+00 4.578649997711181641e+00 4.385806083679199219e+00 4.196164131164550781e+00 4.010009765625000000e+00 3.827638387680053711e+00 3.649282217025756836e+00 3.475186347961425781e+00 3.305530071258544922e+00 3.140508890151977539e+00 2.980250358581542969e+00 2.824901580810546875e+00 2.674540996551513672e+00 2.529270648956298828e+00 2.389122247695922852e+00 2.254157066345214844e+00 2.124363183975219727e+00 1.999765396118164062e+00 1.880312919616699219e+00 1.765998363494873047e+00 1.656736254692077637e+00 1.552492618560791016e+00 1.453151583671569824e+00 1.358657598495483398e+00 1.268869161605834961e+00 1.183714270591735840e+00 1.103029727935791016e+00 1.026732563972473145e+00 9.546417593955993652e-01 8.866684436798095703e-01 8.226169943809509277e-01 7.623976469039916992e-01 7.058027386665344238e-01 6.527467966079711914e-01 6.030117273330688477e-01 5.565212368965148926e-01 5.130477547645568848e-01 4.725293815135955811e-01 4.347285628318786621e-01 3.996042609214782715e-01 3.669074773788452148e-01 3.366282880306243896e-01 3.085075318813323975e-01 2.825927734375000000e-01 2.586401700973510742e-01 2.368494272232055664e-01 2.171373069286346436e-01 2.002193629741668701e-01 1.867864131927490234e-01 1.793535351753234863e-01 1.814906746149063110e-01 2.014259845018386841e-01 2.514697611331939697e-01 3.555256128311157227e-01 5.470261573791503906e-01 8.877557516098022461e-01
1.367919564247131348e+00 1.920747041702270508e+00 2.494090557098388672e+00 3.081205129623413086e+00 3.667926788330078125e+00 4.243672847747802734e+00 4.797974586486816406e+00 5.323554515838623047e+00 5.814769268035888672e+00 6.268707275390625000e+00 6.684040069580078125e+00 7.061310768127441406e+00 7.402004241943359375e+00 7.708556175231933594e+00 7.983666896820068359e+00 8.230285644531250000e+00 8.451176643371582031e+00 8.648960113525390625e+00 8.825871467590332031e+00 8.983868598937988281e+00 9.124511718750000000e+00 9.249088287353515625e+00 9.358569145202636719e+00 9.453725814819335938e+00 9.535105705261230469e+00 9.603140830993652344e+00 9.658124923706054688e+00 9.700297355651855469e+00 9.729825973510742188e+00 9.746869087219238281e+00 9.751551628112792969e+00 9.744018554687500000e+00 9.724409103393554688e+00 9.692893981933593750e+00 9.649652481079101562e+00 9.594906806945800781e+00 9.528892517089843750e+00 9.451889991760253906e+00 9.364194869995117188e+00 9.266150474548339844e+00 9.158110618591308594e+00 9.040477752685546875e+00 8.913661003112792969e+00 8.778112411499023438e+00 8.634291648864746094e+00 8.482693672180175781e+00 8.323814392089843750e+00 8.158185005187988281e+00 7.986329078674316406e+00 7.808800220489501953e+00 7.626140594482421875e+00 7.438916206359863281e+00 7.247675895690917969e+00 7.052987098693847656e+00 6.855395317077636719e+00 6.655460357666015625e+00 6.453711986541748047e+00 6.250692844390869141e+00 6.046910762786865234e+00 5.842881202697753906e+00 5.639079570770263672e+00 5.435988903045654297e+00 5.234045982360839844e+00 5.033694267272949219e+00 4.835326194763183594e+00 4.639340400695800781e+00 4.446082115173339844e+00 4.255901813507080078e+00 4.069092750549316406e+00 3.885957002639770508e+00 3.706735134124755859e+00 3.531678199768066406e+00 3.360974550247192383e+00 3.194825649261474609e+00 3.033368110656738281e+00 2.876755475997924805e+00 2.725074529647827148e+00 2.578434228897094727e+00 2.436874151229858398e+00 2.300461292266845703e+00 2.169192552566528320e+00 2.043097257614135742e+00 1.922132730484008789e+00 1.806296229362487793e+00 1.695509433746337891e+00 1.589742183685302734e+00 1.488885521888732910e+00 1.392886757850646973e+00 1.301610708236694336e+00 1.214987277984619141e+00 1.132859349250793457e+00 1.055144906044006348e+00 9.816684126853942871e-01 9.123409986495971680e-01 8.469721078872680664e-01 7.854711413383483887e-01 7.276353240013122559e-01 6.733769774436950684e-01 6.224830150604248047e-01 5.748738646507263184e-01 5.303269624710083008e-01 4.887759983539581299e-01 4.499887824058532715e-01 4.139187932014465332e-01 3.803230524063110352e-01 3.491852581501007080e-01 3.202542364597320557e-01 2.935709059238433838e-01 2.689040005207061768e-01 2.464477568864822388e-01 2.261383235454559326e-01 2.086815685033798218e-01 1.947785913944244385e-01 1.868764460086822510e-01 1.884354948997497559e-01 2.073200792074203491e-01 2.552216053009033203e-01 3.547259867191314697e-01 5.373576283454895020e-01 8.615108728408813477e-01
1.320042610168457031e+00 1.847996592521667480e+00 2.397684812545776367e+00 2.963470935821533203e+00 3.532396078109741211e+00 4.094578742980957031e+00 4.639925479888916016e+00 5.161092758178710938e+00 5.652081966400146484e+00 6.109367847442626953e+00 6.530896186828613281e+00 6.916427612304687500e+00 7.266716003417968750e+00 7.583543777465820312e+00 7.869087696075439453e+00 8.125900268554687500e+00 8.356478691101074219e+00 8.563280105590820312e+00 8.748476982116699219e+00 8.914021492004394531e+00 9.061519622802734375e+00 9.192329406738281250e+00 9.307509422302246094e+00 9.407915115356445312e+00 9.494180679321289062e+00 9.566810607910156250e+00 9.626163482666015625e+00 9.672533035278320312e+00 9.706127166748046875e+00 9.727134704589843750e+00 9.735706329345703125e+00 9.732002258300781250e+00 9.716169357299804688e+00 9.688385963439941406e+00 9.648832321166992188e+00 9.597727775573730469e+00 9.535304069519042969e+00 9.461835861206054688e+00 9.377612113952636719e+00 9.282967567443847656e+00 9.178250312805175781e+00 9.063851356506347656e+00 8.940173149108886719e+00 8.807659149169921875e+00 8.666760444641113281e+00 8.517963409423828125e+00 8.361759185791015625e+00 8.198668479919433594e+00 8.029212951660156250e+00 7.853937149047851562e+00 7.673380851745605469e+00 7.488104343414306641e+00 7.298654556274414062e+00 7.105596065521240234e+00 6.909471988677978516e+00 6.710840702056884766e+00 6.510233402252197266e+00 6.308192253112792969e+00 6.105226516723632812e+00 5.901852607727050781e+00 5.698550701141357422e+00 5.495804786682128906e+00 5.294057369232177734e+00 5.093754768371582031e+00 4.895295619964599609e+00 4.699083328247070312e+00 4.505469322204589844e+00 4.314809322357177734e+00 4.127404689788818359e+00 3.943562507629394531e+00 3.763531923294067383e+00 3.587570190429687500e+00 3.415873765945434570e+00 3.248650789260864258e+00 3.086045980453491211e+00 2.928219556808471680e+00 2.775266885757446289e+00 2.627302646636962891e+00 2.484375000000000000e+00 2.346556663513183594e+00 2.213852405548095703e+00 2.086297512054443359e+00 1.963856220245361328e+00 1.846530556678771973e+00 1.734249711036682129e+00 1.626987099647521973e+00 1.524640798568725586e+00 1.427160978317260742e+00 1.334418892860412598e+00 1.246346592903137207e+00 1.162792682647705078e+00 1.083676338195800781e+00 1.008827567100524902e+00 9.381578564643859863e-01 8.714815378189086914e-01 8.087073564529418945e-01 7.496372461318969727e-01 6.941819787025451660e-01 6.421329975128173828e-01 5.934080481529235840e-01 5.477891564369201660e-01 5.052063465118408203e-01 4.654321968555450439e-01 4.284154474735260010e-01 3.939185738563537598e-01 3.619196712970733643e-01 3.321747779846191406e-01 3.047190010547637939e-01 2.793320715427398682e-01 2.562029659748077393e-01 2.352838069200515747e-01 2.172691673040390015e-01 2.028640657663345337e-01 1.944465339183807373e-01 1.953666210174560547e-01 2.131495773792266846e-01 2.589206695556640625e-01 3.540847599506378174e-01 5.284693241119384766e-01 8.374601602554321289e-01
1.276214003562927246e+00 1.781299710273742676e+00 2.308983325958251953e+00 2.854597330093383789e+00 3.406281232833862305e+00 3.954843521118164062e+00 4.490617752075195312e+00 5.006308555603027344e+00 5.495704174041748047e+00 5.954821109771728516e+00 6.381015777587890625e+00 6.773385047912597656e+00 7.132027149200439453e+00 7.458119869232177734e+00 7.753329753875732422e+00 8.019800186157226562e+00 8.259733200073242188e+00 8.475390434265136719e+00 8.668834686279296875e+00 8.841977119445800781e+00 8.996435165405273438e+00 9.133612632751464844e+00 9.254630088806152344e+00 9.360419273376464844e+00 9.451686859130859375e+00 9.529008865356445312e+00 9.592805862426757812e+00 9.643423080444335938e+00 9.681114196777343750e+00 9.706102371215820312e+00 9.718564033508300781e+00 9.718677520751953125e+00 9.706604003906250000e+00 9.682527542114257812e+00 9.646632194519042969e+00 9.599136352539062500e+00 9.540271759033203125e+00 9.470306396484375000e+00 9.389524459838867188e+00 9.298254013061523438e+00 9.196834564208984375e+00 9.085648536682128906e+00 8.965092658996582031e+00 8.835599899291992188e+00 8.697614669799804688e+00 8.551615715026855469e+00 8.398086547851562500e+00 8.237542152404785156e+00 8.070496559143066406e+00 7.897489547729492188e+00 7.719055175781250000e+00 7.535750865936279297e+00 7.348119258880615234e+00 7.156721591949462891e+00 6.962100505828857422e+00 6.764811992645263672e+00 6.565387248992919922e+00 6.364367961883544922e+00 6.162265300750732422e+00 5.959597110748291016e+00 5.756845474243164062e+00 5.554497718811035156e+00 5.352999687194824219e+00 5.152801513671875000e+00 4.954307556152343750e+00 4.757925033569335938e+00 4.564011573791503906e+00 4.372929096221923828e+00 4.184984683990478516e+00 4.000492572784423828e+00 3.819708347320556641e+00 3.642895936965942383e+00 3.470259904861450195e+00 3.302014350891113281e+00 3.138312339782714844e+00 2.979320764541625977e+00 2.825142621994018555e+00 2.675899267196655273e+00 2.531646728515625000e+00 2.392463684082031250e+00 2.258362531661987305e+00 2.129383802413940430e+00 2.005499839782714844e+00 1.886717081069946289e+00 1.772971630096435547e+00 1.664241194725036621e+00 1.560430288314819336e+00 1.461492538452148438e+00 1.367305040359497070e+00 1.277802586555480957e+00 1.192839384078979492e+00 1.112336277961730957e+00 1.036128163337707520e+00 9.641273021697998047e-01 8.961529135704040527e-01 8.321135640144348145e-01 7.718154788017272949e-01 7.151684165000915527e-01 6.619679927825927734e-01 6.121298670768737793e-01 5.654401779174804688e-01 5.218260288238525391e-01 4.810641109943389893e-01 4.430992603302001953e-01 4.076988995075225830e-01 3.748361766338348389e-01 3.442736268043518066e-01 3.160411417484283447e-01 2.899282574653625488e-01 2.661187350749969482e-01 2.445777952671051025e-01 2.259875088930130005e-01 2.110518515110015869e-01 2.020798623561859131e-01 2.023124247789382935e-01 2.189586609601974487e-01 2.626246511936187744e-01 3.536504805088043213e-01 5.203440189361572266e-01 8.154006600379943848e-01
1.235985875129699707e+00 1.719964146614074707e+00 2.227127313613891602e+00 2.753655910491943359e+00 3.288688421249389648e+00 3.823698520660400391e+00 4.349475860595703125e+00 4.858854770660400391e+00 5.345522880554199219e+00 5.805161952972412109e+00 6.234662055969238281e+00 6.632558345794677734e+00 6.998375415802001953e+00 7.332734107971191406e+00 7.636816024780273438e+00 7.912356376647949219e+00 8.161245346069335938e+00 8.385521888732910156e+00 8.587106704711914062e+00 8.767838478088378906e+00 8.929314613342285156e+00 9.072955131530761719e+00 9.199927330017089844e+00 9.311216354370117188e+00 9.407597541809082031e+00 9.489706993103027344e+00 9.558025360107421875e+00 9.612950325012207031e+00 9.654779434204101562e+00 9.683773040771484375e+00 9.700134277343750000e+00 9.704064369201660156e+00 9.695737838745117188e+00 9.675350189208984375e+00 9.643090248107910156e+00 9.599179267883300781e+00 9.543845176696777344e+00 9.477355957031250000e+00 9.399990081787109375e+00 9.312067985534667969e+00 9.213924407958984375e+00 9.105934143066406250e+00 8.988484382629394531e+00 8.862002372741699219e+00 8.726922988891601562e+00 8.583719253540039062e+00 8.432867050170898438e+00 8.274873733520507812e+00 8.110247611999511719e+00 7.939523220062255859e+00 7.763230323791503906e+00 7.581920146942138672e+00 7.396132469177246094e+00 7.206426143646240234e+00 7.013341426849365234e+00 6.817432403564453125e+00 6.619230270385742188e+00 6.419275760650634766e+00 6.218080997467041016e+00 6.016165733337402344e+00 5.814013481140136719e+00 5.612114429473876953e+00 5.410918235778808594e+00 5.210877895355224609e+00 5.012403011322021484e+00 4.815904617309570312e+00 4.621747016906738281e+00 4.430296421051025391e+00 4.241867542266845703e+00 4.056778907775878906e+00 3.875294446945190430e+00 3.697683811187744141e+00 3.524159193038940430e+00 3.354941129684448242e+00 3.190190553665161133e+00 3.030080556869506836e+00 2.874722480773925781e+00 2.724243164062500000e+00 2.578706979751586914e+00 2.438198566436767578e+00 2.302738189697265625e+00 2.172371149063110352e+00 2.047077417373657227e+00 1.926868200302124023e+00 1.811686873435974121e+00 1.701515078544616699e+00 1.596264004707336426e+00 1.495890617370605469e+00 1.400278091430664062e+00 1.309363722801208496e+00 1.223007440567016602e+00 1.141131877899169922e+00 1.063576936721801758e+00 9.902558326721191406e-01 9.209925532341003418e-01 8.556956648826599121e-01 7.941757440567016602e-01 7.363416552543640137e-01 6.819931268692016602e-01 6.310441493988037109e-01 5.832847356796264648e-01 5.386394262313842773e-01 4.968889355659484863e-01 4.579744935035705566e-01 4.216681420803070068e-01 3.879386186599731445e-01 3.565544784069061279e-01 3.275409042835235596e-01 3.006959855556488037e-01 2.761984169483184814e-01 2.540240883827209473e-01 2.348416298627853394e-01 2.193501740694046021e-01 2.097905576229095459e-01 2.092967778444290161e-01 2.247831225395202637e-01 2.663782238960266113e-01 3.534571826457977295e-01 5.129588246345520020e-01 7.951560616493225098e-01
1.198980808258056641e+00 1.663407325744628906e+00 2.151389122009277344e+00 2.659849882125854492e+00 3.178835153579711914e+00 3.700453042984008789e+00 4.215960025787353516e+00 4.718379497528076172e+00 5.201382160186767578e+00 5.660419940948486328e+00 6.092019557952880859e+00 6.494247436523437500e+00 6.866128444671630859e+00 7.207782268524169922e+00 7.519934177398681641e+00 7.803921699523925781e+00 8.061317443847656250e+00 8.293916702270507812e+00 8.503477096557617188e+00 8.691733360290527344e+00 8.860236167907714844e+00 9.010399818420410156e+00 9.143412590026855469e+00 9.260302543640136719e+00 9.361896514892578125e+00 9.448884010314941406e+00 9.521802902221679688e+00 9.581097602844238281e+00 9.627112388610839844e+00 9.660141944885253906e+00 9.680421829223632812e+00 9.688173294067382812e+00 9.683591842651367188e+00 9.666881561279296875e+00 9.638240814208984375e+00 9.597892761230468750e+00 9.546069145202636719e+00 9.483032226562500000e+00 9.409058570861816406e+00 9.324463844299316406e+00 9.229576110839843750e+00 9.124763488769531250e+00 9.010406494140625000e+00 8.886923789978027344e+00 8.754745483398437500e+00 8.614334106445312500e+00 8.466158866882324219e+00 8.310722351074218750e+00 8.148525238037109375e+00 7.980097770690917969e+00 7.805963039398193359e+00 7.626668453216552734e+00 7.442750930786132812e+00 7.254764556884765625e+00 7.063248157501220703e+00 6.868753910064697266e+00 6.671812057495117188e+00 6.472963333129882812e+00 6.272720336914062500e+00 6.071603298187255859e+00 5.870098114013671875e+00 5.668696403503417969e+00 5.467852115631103516e+00 5.268021106719970703e+00 5.069617271423339844e+00 4.873056411743164062e+00 4.678707122802734375e+00 4.486941814422607422e+00 4.298080444335937500e+00 4.112448215484619141e+00 3.930315017700195312e+00 3.751956939697265625e+00 3.577593564987182617e+00 3.407451391220092773e+00 3.241699695587158203e+00 3.080516815185546875e+00 2.924022436141967773e+00 2.772349596023559570e+00 2.625570297241210938e+00 2.483774900436401367e+00 2.346991300582885742e+00 2.215270280838012695e+00 2.088598966598510742e+00 1.966993570327758789e+00 1.850404381752014160e+00 1.738817334175109863e+00 1.632149815559387207e+00 1.530362486839294434e+00 1.433344602584838867e+00 1.341036319732666016e+00 1.253302812576293945e+00 1.170068740844726562e+00 1.091179132461547852e+00 1.016548514366149902e+00 9.460052251815795898e-01 8.794581890106201172e-01 8.167222738265991211e-01 7.577058672904968262e-01 7.022124528884887695e-01 6.501548290252685547e-01 6.013266444206237793e-01 5.556502938270568848e-01 5.129101872444152832e-01 4.730446040630340576e-01 4.358296394348144531e-01 4.012303650379180908e-01 3.690205812454223633e-01 3.392213284969329834e-01 3.116382956504821777e-01 2.864450812339782715e-01 2.636262178421020508e-01 2.438362538814544678e-01 2.277665436267852783e-01 2.175910621881484985e-01 2.163399010896682739e-01 2.306521683931350708e-01 2.702161669731140137e-01 3.535285294055938721e-01 5.062875747680664062e-01 7.765724658966064453e-01
1.164876937866210938e+00 1.611134409904479980e+00 2.081147193908691406e+00 2.572490930557250977e+00 3.076034545898437500e+00 3.584485292434692383e+00 4.089567184448242188e+00 4.584531307220458984e+00 5.063098907470703125e+00 5.520574092864990234e+00 5.953207969665527344e+00 6.358682632446289062e+00 6.735592365264892578e+00 7.083609580993652344e+00 7.403035163879394531e+00 7.694828033447265625e+00 7.960241794586181641e+00 8.200820922851562500e+00 8.418137550354003906e+00 8.613803863525390625e+00 8.789298057556152344e+00 8.946004867553710938e+00 9.085117340087890625e+00 9.207686424255371094e+00 9.314578056335449219e+00 9.406529426574707031e+00 9.484123229980468750e+00 9.547853469848632812e+00 9.598103523254394531e+00 9.635206222534179688e+00 9.659427642822265625e+00 9.671014785766601562e+00 9.670180320739746094e+00 9.657142639160156250e+00 9.632110595703125000e+00 9.595311164855957031e+00 9.546977996826171875e+00 9.487374305725097656e+00 9.416773796081542969e+00 9.335487365722656250e+00 9.243838310241699219e+00 9.142188072204589844e+00 9.030911445617675781e+00 8.910419464111328125e+00 8.781134605407714844e+00 8.643511772155761719e+00 8.498016357421875000e+00 8.345141410827636719e+00 8.185383796691894531e+00 8.019265174865722656e+00 7.847305297851562500e+00 7.670047283172607422e+00 7.488023281097412109e+00 7.301784992218017578e+00 7.111867427825927734e+00 6.918822288513183594e+00 6.723177433013916016e+00 6.525473594665527344e+00 6.326223850250244141e+00 6.125948429107666016e+00 5.925136089324951172e+00 5.724279403686523438e+00 5.523835659027099609e+00 5.324263572692871094e+00 5.125981330871582031e+00 4.929408550262451172e+00 4.734919548034667969e+00 4.542890071868896484e+00 4.353648185729980469e+00 4.167522430419921875e+00 3.984791278839111328e+00 3.805735111236572266e+00 3.630581378936767578e+00 3.459562540054321289e+00 3.292855024337768555e+00 3.130643844604492188e+00 2.973056077957153320e+00 2.820230960845947266e+00 2.672247886657714844e+00 2.529202938079833984e+00 2.391131401062011719e+00 2.258090019226074219e+00 2.130072832107543945e+00 2.007100820541381836e+00 1.889131188392639160e+00 1.776154160499572754e+00 1.668093562126159668e+00 1.564913749694824219e+00 1.466509938240051270e+00 1.372825145721435547e+00 1.283729910850524902e+00 1.199151158332824707e+00 1.118939042091369629e+00 1.043009161949157715e+00 9.711945056915283203e-01 9.034047126770019531e-01 8.394585251808166504e-01 7.792642712593078613e-01 7.226291894912719727e-01 6.694650053977966309e-01 6.195690035820007324e-01 5.728616118431091309e-01 5.291309356689453125e-01 4.883124530315399170e-01 4.501863121986389160e-01 4.147141277790069580e-01 3.816746771335601807e-01 3.510850667953491211e-01 3.227578103542327881e-01 2.968614697456359863e-01 2.733874320983886719e-01 2.529757320880889893e-01 2.363077551126480103e-01 2.254922837018966675e-01 2.234589457511901855e-01 2.365896552801132202e-01 2.741657197475433350e-01 3.538805842399597168e-01 5.003029704093933105e-01 7.595148086547851562e-01
1.133398532867431641e+00 1.562722086906433105e+00 2.015866518020629883e+00 2.490980148315429688e+00 2.979680538177490234e+00 3.475235223770141602e+00 3.969829082489013672e+00 4.456968307495117188e+00 4.930471897125244141e+00 5.385565757751464844e+00 5.818298339843750000e+00 6.226039886474609375e+00 6.607019424438476562e+00 6.960512161254882812e+00 7.286433696746826172e+00 7.585381507873535156e+00 7.858301162719726562e+00 8.106477737426757812e+00 8.331290245056152344e+00 8.534205436706542969e+00 8.716613769531250000e+00 8.879849433898925781e+00 9.025088310241699219e+00 9.153391838073730469e+00 9.265651702880859375e+00 9.362638473510742188e+00 9.444979667663574219e+00 9.513206481933593750e+00 9.567745208740234375e+00 9.608962059020996094e+00 9.637154579162597656e+00 9.652594566345214844e+00 9.655515670776367188e+00 9.646152496337890625e+00 9.624722480773925781e+00 9.591461181640625000e+00 9.546605110168457031e+00 9.490419387817382812e+00 9.423174858093261719e+00 9.345180511474609375e+00 9.256754875183105469e+00 9.158253669738769531e+00 9.050045013427734375e+00 8.932535171508789062e+00 8.806138038635253906e+00 8.671303749084472656e+00 8.528488159179687500e+00 8.378180503845214844e+00 8.220869064331054688e+00 8.057072639465332031e+00 7.887303829193115234e+00 7.712101459503173828e+00 7.531994342803955078e+00 7.347529888153076172e+00 7.159241199493408203e+00 6.967677116394042969e+00 6.773365020751953125e+00 6.576843738555908203e+00 6.378627300262451172e+00 6.179235935211181641e+00 5.979160308837890625e+00 5.778894424438476562e+00 5.578897953033447266e+00 5.379632949829101562e+00 5.181520938873291016e+00 4.984985828399658203e+00 4.790406703948974609e+00 4.598163604736328125e+00 4.408590316772460938e+00 4.222021102905273438e+00 4.038740158081054688e+00 3.859034299850463867e+00 3.683137178421020508e+00 3.511287689208984375e+00 3.343669414520263672e+00 3.180473566055297852e+00 3.021834373474121094e+00 2.867896795272827148e+00 2.718748331069946289e+00 2.574490785598754883e+00 2.435166358947753906e+00 2.300837516784667969e+00 2.171505212783813477e+00 2.047195672988891602e+00 1.927872419357299805e+00 1.813530445098876953e+00 1.704099774360656738e+00 1.599548578262329102e+00 1.499777674674987793e+00 1.404733538627624512e+00 1.314291954040527344e+00 1.228382349014282227e+00 1.146859288215637207e+00 1.069640517234802246e+00 9.965631961822509766e-01 9.275377988815307617e-01 8.623870611190795898e-01 8.010194301605224609e-01 7.432457804679870605e-01 6.889771223068237305e-01 6.380141377449035645e-01 5.902757644653320312e-01 5.455535054206848145e-01 5.037804841995239258e-01 4.647405445575714111e-01 4.283922910690307617e-01 3.945190906524658203e-01 3.631344735622406006e-01 3.340569734573364258e-01 3.074500858783721924e-01 2.833107411861419678e-01 2.622641324996948242e-01 2.449799776077270508e-01 2.335038036108016968e-01 2.306684702634811401e-01 2.426152825355529785e-01 2.782483398914337158e-01 3.545237779617309570e-01 4.949773252010345459e-01 7.438640594482421875e-01
1.104306817054748535e+00 1.517804861068725586e+00 1.955083370208740234e+00 2.414794921875000000e+00 2.889235734939575195e+00 3.372198104858398438e+00 3.856313467025756836e+00 4.335359096527099609e+00 4.803289890289306641e+00 5.255307674407958984e+00 5.687318801879882812e+00 6.096446990966796875e+00 6.480613231658935547e+00 6.838745117187500000e+00 7.170408248901367188e+00 7.475864410400390625e+00 7.755760669708251953e+00 8.011126518249511719e+00 8.243136405944824219e+00 8.453103065490722656e+00 8.642309188842773438e+00 8.812022209167480469e+00 8.963385581970214844e+00 9.097455978393554688e+00 9.215134620666503906e+00 9.317219734191894531e+00 9.404369354248046875e+00 9.477152824401855469e+00 9.536031723022460938e+00 9.581404685974121094e+00 9.613600730895996094e+00 9.632916450500488281e+00 9.639607429504394531e+00 9.633923530578613281e+00 9.616094589233398438e+00 9.586365699768066406e+00 9.544978141784667969e+00 9.492197036743164062e+00 9.428295135498046875e+00 9.353578567504882812e+00 9.268362998962402344e+00 9.172998428344726562e+00 9.067849159240722656e+00 8.953312873840332031e+00 8.829799652099609375e+00 8.697751045227050781e+00 8.557617187500000000e+00 8.409880638122558594e+00 8.255024909973144531e+00 8.093562126159667969e+00 7.926000118255615234e+00 7.752871990203857422e+00 7.574703693389892578e+00 7.392038345336914062e+00 7.205407142639160156e+00 7.015355110168457031e+00 6.822409152984619141e+00 6.627107620239257812e+00 6.429963111877441406e+00 6.231496810913085938e+00 6.032199859619140625e+00 5.832569122314453125e+00 5.633065700531005859e+00 5.434154033660888672e+00 5.236259937286376953e+00 5.039810180664062500e+00 4.845189094543457031e+00 4.652781009674072266e+00 4.462924957275390625e+00 4.275960445404052734e+00 4.092177391052246094e+00 3.911868095397949219e+00 3.735273838043212891e+00 3.562638759613037109e+00 3.394153594970703125e+00 3.230015039443969727e+00 3.070365428924560547e+00 2.915355205535888672e+00 2.765079021453857422e+00 2.619644880294799805e+00 2.479101896286010742e+00 2.343517780303955078e+00 2.212900876998901367e+00 2.087281942367553711e+00 1.966631770133972168e+00 1.850949406623840332e+00 1.740171313285827637e+00 1.634269475936889648e+00 1.533150553703308105e+00 1.436764121055603027e+00 1.344991326332092285e+00 1.257764220237731934e+00 1.174942135810852051e+00 1.096444606781005859e+00 1.022113084793090820e+00 9.518592953681945801e-01 8.855097293853759766e-01 8.229731917381286621e-01 7.640640735626220703e-01 7.086930274963378906e-01 6.566640138626098633e-01 6.078946590423583984e-01 5.621798634529113770e-01 5.194506049156188965e-01 4.794943332672119141e-01 4.422668814659118652e-01 4.075558781623840332e-01 3.753715753555297852e-01 3.455378413200378418e-01 3.182132542133331299e-01 2.933989167213439941e-01 2.717051506042480469e-01 2.537887692451477051e-01 2.416340410709381104e-01 2.379809319972991943e-01 2.487452924251556396e-01 2.824808061122894287e-01 3.554645478725433350e-01 4.902835786342620850e-01 7.295147180557250977e-01
1.077394247055053711e+00 1.476065874099731445e+00 1.898393869400024414e+00 2.343475103378295898e+00 2.804222583770751953e+00 3.274917125701904297e+00 3.748619794845581055e+00 4.219387531280517578e+00 4.681338787078857422e+00 5.129692554473876953e+00 5.560266494750976562e+00 5.969992637634277344e+00 6.356535911560058594e+00 6.718522071838378906e+00 7.055203437805175781e+00 7.366531848907470703e+00 7.652869224548339844e+00 7.914995193481445312e+00 8.153877258300781250e+00 8.370662689208984375e+00 8.566516876220703125e+00 8.742625236511230469e+00 8.900083541870117188e+00 9.039925575256347656e+00 9.163055419921875000e+00 9.270285606384277344e+00 9.362298965454101562e+00 9.439692497253417969e+00 9.502960205078125000e+00 9.552533149719238281e+00 9.588767051696777344e+00 9.611985206604003906e+00 9.622463226318359375e+00 9.620468139648437500e+00 9.606244087219238281e+00 9.580045700073242188e+00 9.542119026184082031e+00 9.492733955383300781e+00 9.432165145874023438e+00 9.360715866088867188e+00 9.278698921203613281e+00 9.186461448669433594e+00 9.084362030029296875e+00 8.972792625427246094e+00 8.852157592773437500e+00 8.722893714904785156e+00 8.585443496704101562e+00 8.440282821655273438e+00 8.287891387939453125e+00 8.128771781921386719e+00 7.963431358337402344e+00 7.792396068572998047e+00 7.616187095642089844e+00 7.435345172882080078e+00 7.250398159027099609e+00 7.061888694763183594e+00 6.870341777801513672e+00 6.676294326782226562e+00 6.480258941650390625e+00 6.282756805419921875e+00 6.084280490875244141e+00 5.885327339172363281e+00 5.686360836029052734e+00 5.487847805023193359e+00 5.290217399597167969e+00 5.093900203704833984e+00 4.899283885955810547e+00 4.706758022308349609e+00 4.516666412353515625e+00 4.329352855682373047e+00 4.145114421844482422e+00 3.964248180389404297e+00 3.787001609802246094e+00 3.613624811172485352e+00 3.444315433502197266e+00 3.279276371002197266e+00 3.118656158447265625e+00 2.962612152099609375e+00 2.811245441436767578e+00 2.664669752120971680e+00 2.522941827774047852e+00 2.386134386062622070e+00 2.254262685775756836e+00 2.127362966537475586e+00 2.005411863327026367e+00 1.888413548469543457e+00 1.776310324668884277e+00 1.669078350067138672e+00 1.566630005836486816e+00 1.468918204307556152e+00 1.375829339027404785e+00 1.287298083305358887e+00 1.203188657760620117e+00 1.123422622680664062e+00 1.047845482826232910e+00 9.763703942298889160e-01 9.088277220726013184e-01 8.451268076896667480e-01 7.850854396820068359e-01 7.286140918731689453e-01 6.755200028419494629e-01 6.257198452949523926e-01 5.790114998817443848e-01 5.353244543075561523e-01 4.944492876529693604e-01 4.563395380973815918e-01 4.207867383956909180e-01 3.877981305122375488e-01 3.572023510932922363e-01 3.291530609130859375e-01 3.036545515060424805e-01 2.813021838665008545e-01 2.627391219139099121e-01 2.498904168605804443e-01 2.454070001840591431e-01 2.549931704998016357e-01 2.868764400482177734e-01 3.567062914371490479e-01 4.861954152584075928e-01 7.163730859756469727e-01
1.052479267120361328e+00 1.437228202819824219e+00 1.845443964004516602e+00 2.276614665985107422e+00 2.724215030670166016e+00 3.182978868484497070e+00 3.646378040313720703e+00 4.108752250671386719e+00 4.564401626586914062e+00 5.008598327636718750e+00 5.437112808227539062e+00 5.846732616424560547e+00 6.234913825988769531e+00 6.600022792816162109e+00 6.941033840179443359e+00 7.257613658905029297e+00 7.549857139587402344e+00 7.818301677703857422e+00 8.063707351684570312e+00 8.287055015563964844e+00 8.489377975463867188e+00 8.671768188476562500e+00 8.835262298583984375e+00 8.980860710144042969e+00 9.109455108642578125e+00 9.221861839294433594e+00 9.318780899047851562e+00 9.400831222534179688e+00 9.468533515930175781e+00 9.522347450256347656e+00 9.562654495239257812e+00 9.589801788330078125e+00 9.604086875915527344e+00 9.605794906616210938e+00 9.595183372497558594e+00 9.572516441345214844e+00 9.538049697875976562e+00 9.492055892944335938e+00 9.434811592102050781e+00 9.366619110107421875e+00 9.287792205810546875e+00 9.198673248291015625e+00 9.099616050720214844e+00 8.991008758544921875e+00 8.873249053955078125e+00 8.746767044067382812e+00 8.612002372741699219e+00 8.469423294067382812e+00 8.319501876831054688e+00 8.162737846374511719e+00 7.999632358551025391e+00 7.830706119537353516e+00 7.656477928161621094e+00 7.477482318878173828e+00 7.294245243072509766e+00 7.107306957244873047e+00 6.917190551757812500e+00 6.724431037902832031e+00 6.529541015625000000e+00 6.333041667938232422e+00 6.135425090789794922e+00 5.937190532684326172e+00 5.738803863525390625e+00 5.540733337402343750e+00 5.343411922454833984e+00 5.147272109985351562e+00 4.952706813812255859e+00 4.760108947753906250e+00 4.569827079772949219e+00 4.382211208343505859e+00 4.197562217712402344e+00 4.016183853149414062e+00 3.838329076766967773e+00 3.664253711700439453e+00 3.494162082672119141e+00 3.328263044357299805e+00 3.166712045669555664e+00 3.009671926498413086e+00 2.857251167297363281e+00 2.709569215774536133e+00 2.566689252853393555e+00 2.428690195083618164e+00 2.295593261718750000e+00 2.167440176010131836e+00 2.044214248657226562e+00 1.925924062728881836e+00 1.812517881393432617e+00 1.703976273536682129e+00 1.600216984748840332e+00 1.501196622848510742e+00 1.406806588172912598e+00 1.316984653472900391e+00 1.231599569320678711e+00 1.150575041770935059e+00 1.073760986328125000e+00 1.001071810722351074e+00 9.323418140411376953e-01 8.674809932708740234e-01 8.063106536865234375e-01 7.487412691116333008e-01 6.945831775665283203e-01 6.437522768974304199e-01 5.960496664047241211e-01 5.514032244682312012e-01 5.096067786216735840e-01 4.706116914749145508e-01 4.342131912708282471e-01 4.004157185554504395e-01 3.690521717071533203e-01 3.402713537216186523e-01 3.140799403190612793e-01 2.910583913326263428e-01 2.718355357646942139e-01 2.582794725894927979e-01 2.529558241367340088e-01 2.613701820373535156e-01 2.914457321166992188e-01 3.582501709461212158e-01 4.826877713203430176e-01 7.043556571006774902e-01
1.029402136802673340e+00 1.401048779487609863e+00 1.795921564102172852e+00 2.213854074478149414e+00 2.648831605911254883e+00 3.096008062362670898e+00 3.549246549606323242e+00 4.003167629241943359e+00 4.452266216278076172e+00 4.891893386840820312e+00 5.317808628082275391e+00 5.726695537567138672e+00 6.115842819213867188e+00 6.483396530151367188e+00 6.828084468841552734e+00 7.149315834045410156e+00 7.446936607360839844e+00 7.721251010894775391e+00 7.972818374633789062e+00 8.202445983886718750e+00 8.411031723022460938e+00 8.599566459655761719e+00 8.769013404846191406e+00 8.920328140258789062e+00 9.054380416870117188e+00 9.171979904174804688e+00 9.273834228515625000e+00 9.360580444335937500e+00 9.432758331298828125e+00 9.490850448608398438e+00 9.535264968872070312e+00 9.566370964050292969e+00 9.584486007690429688e+00 9.589912414550781250e+00 9.582922935485839844e+00 9.563793182373046875e+00 9.532786369323730469e+00 9.490180015563964844e+00 9.436255455017089844e+00 9.371315956115722656e+00 9.295670509338378906e+00 9.209662437438964844e+00 9.113641738891601562e+00 9.007990837097167969e+00 8.893104553222656250e+00 8.769405364990234375e+00 8.637327194213867188e+00 8.497332572937011719e+00 8.349889755249023438e+00 8.195491790771484375e+00 8.034634590148925781e+00 7.867834091186523438e+00 7.695604801177978516e+00 7.518478393554687500e+00 7.336976528167724609e+00 7.151637077331542969e+00 6.962981224060058594e+00 6.771542549133300781e+00 6.577832698822021484e+00 6.382371902465820312e+00 6.185654163360595703e+00 5.988178730010986328e+00 5.790412902832031250e+00 5.592827796936035156e+00 5.395857810974121094e+00 5.199939727783203125e+00 5.005469799041748047e+00 4.812845230102539062e+00 4.622418880462646484e+00 4.434544563293457031e+00 4.249529838562011719e+00 4.067682743072509766e+00 3.889262676239013672e+00 3.714531183242797852e+00 3.543698787689208984e+00 3.376979827880859375e+00 3.214536666870117188e+00 3.056538105010986328e+00 2.903099298477172852e+00 2.754345178604125977e+00 2.610346078872680664e+00 2.471186161041259766e+00 2.336893320083618164e+00 2.207514762878417969e+00 2.083039522171020508e+00 1.963481187820434570e+00 1.848794221878051758e+00 1.738963127136230469e+00 1.633911371231079102e+00 1.533599257469177246e+00 1.437923192977905273e+00 1.346823930740356445e+00 1.260174870491027832e+00 1.177902102470397949e+00 1.099859595298767090e+00 1.025963664054870605e+00 9.560521841049194336e-01 8.900361657142639160e-01 8.277401924133300781e-01 7.690750360488891602e-01 7.138541340827941895e-01 6.619928479194641113e-01 6.132951974868774414e-01 5.676879286766052246e-01 5.249677896499633789e-01 4.850844442844390869e-01 4.478364586830139160e-01 4.132256507873535156e-01 3.810887932777404785e-01 3.515698611736297607e-01 3.246772289276123047e-01 3.009766340255737305e-01 2.810821235179901123e-01 2.668069899082183838e-01 2.606353163719177246e-01 2.678857147693634033e-01 2.961968779563903809e-01 3.600958287715911865e-01 4.797367751598358154e-01 6.933875083923339844e-01
1.008021354675292969e+00 1.367313385009765625e+00 1.749550938606262207e+00 2.154872894287109375e+00 2.577729225158691406e+00 3.013664007186889648e+00 3.456909894943237305e+00 3.902363777160644531e+00 4.344723224639892578e+00 4.779439926147460938e+00 5.202290534973144531e+00 5.609889030456542969e+00 5.999393463134765625e+00 6.368763446807861328e+00 6.716513633728027344e+00 7.041820526123046875e+00 7.344299793243408203e+00 7.624035835266113281e+00 7.881390571594238281e+00 8.117000579833984375e+00 8.331624031066894531e+00 8.526140213012695312e+00 8.701433181762695312e+00 8.858403205871582031e+00 8.997886657714843750e+00 9.120678901672363281e+00 9.227486610412597656e+00 9.318955421447753906e+00 9.395642280578613281e+00 9.458048820495605469e+00 9.506604194641113281e+00 9.541696548461914062e+00 9.563664436340332031e+00 9.572828292846679688e+00 9.569474220275878906e+00 9.553888320922851562e+00 9.526344299316406250e+00 9.487127304077148438e+00 9.436519622802734375e+00 9.374826431274414062e+00 9.302359580993652344e+00 9.219457626342773438e+00 9.126467704772949219e+00 9.023770332336425781e+00 8.911753654479980469e+00 8.790836334228515625e+00 8.661446571350097656e+00 8.524042129516601562e+00 8.379084587097167969e+00 8.227062225341796875e+00 8.068466186523437500e+00 7.903807640075683594e+00 7.733596324920654297e+00 7.558359622955322266e+00 7.378617763519287109e+00 7.194903373718261719e+00 7.007737636566162109e+00 6.817650794982910156e+00 6.625154495239257812e+00 6.430768489837646484e+00 6.234986782073974609e+00 6.038308620452880859e+00 5.841204166412353516e+00 5.644145488739013672e+00 5.447569847106933594e+00 5.251916408538818359e+00 5.057585716247558594e+00 4.864977359771728516e+00 4.674449920654296875e+00 4.486361026763916016e+00 4.301023960113525391e+00 4.118751525878906250e+00 3.939808845520019531e+00 3.764462471008300781e+00 3.592929601669311523e+00 3.425430059432983398e+00 3.262133121490478516e+00 3.103213071823120117e+00 2.948791503906250000e+00 2.798999309539794922e+00 2.653913259506225586e+00 2.513623237609863281e+00 2.378163576126098633e+00 2.247586488723754883e+00 2.121887445449829102e+00 2.001084804534912109e+00 1.885138869285583496e+00 1.774038553237915039e+00 1.667712807655334473e+00 1.566125631332397461e+00 1.469178438186645508e+00 1.376815199851989746e+00 1.288913965225219727e+00 1.205403208732604980e+00 1.126141190528869629e+00 1.051045775413513184e+00 9.799587726593017578e-01 9.127922654151916504e-01 8.493741750717163086e-01 7.896156907081604004e-01 7.333332300186157227e-01 6.804419159889221191e-01 6.307486891746520996e-01 5.841792225837707520e-01 5.405333042144775391e-01 4.997587800025939941e-01 4.616575837135314941e-01 4.262290596961975098e-01 3.933134973049163818e-01 3.630501627922058105e-01 3.354483842849731445e-01 3.110594749450683594e-01 2.904824912548065186e-01 2.754780650138854980e-01 2.684522867202758789e-01 2.745476663112640381e-01 3.011363446712493896e-01 3.622415959835052490e-01 4.773199856281280518e-01 6.834014654159545898e-01
9.882115721702575684e-01 1.335831880569458008e+00 1.706086754798889160e+00 2.099384546279907227e+00 2.510599851608276367e+00 2.935635805130004883e+00 3.369076013565063477e+00 3.806086063385009766e+00 4.241570472717285156e+00 4.671096324920654297e+00 5.090481758117675781e+00 5.496300697326660156e+00 5.885611534118652344e+00 6.256220817565917969e+00 6.606457233428955078e+00 6.935289859771728516e+00 7.242122650146484375e+00 7.526834487915039062e+00 7.789596557617187500e+00 8.030878067016601562e+00 8.251295089721679688e+00 8.451610565185546875e+00 8.632622718811035156e+00 8.795166015625000000e+00 8.940035820007324219e+00 9.068004608154296875e+00 9.179770469665527344e+00 9.275980949401855469e+00 9.357203483581542969e+00 9.423953056335449219e+00 9.476677894592285156e+00 9.515784263610839844e+00 9.541629791259765625e+00 9.554548263549804688e+00 9.554843902587890625e+00 9.542813301086425781e+00 9.518738746643066406e+00 9.482912063598632812e+00 9.435621261596679688e+00 9.377173423767089844e+00 9.307880401611328125e+00 9.228079795837402344e+00 9.138118743896484375e+00 9.038371086120605469e+00 8.929223060607910156e+00 8.811087608337402344e+00 8.684390068054199219e+00 8.549578666687011719e+00 8.407114028930664062e+00 8.257477760314941406e+00 8.101154327392578125e+00 7.938652515411376953e+00 7.770476818084716797e+00 7.597150802612304688e+00 7.419191360473632812e+00 7.237128257751464844e+00 7.051480293273925781e+00 6.862775802612304688e+00 6.671525955200195312e+00 6.478248596191406250e+00 6.283438682556152344e+00 6.087596416473388672e+00 5.891192436218261719e+00 5.694699764251708984e+00 5.498559951782226562e+00 5.303213119506835938e+00 5.109063625335693359e+00 4.916514396667480469e+00 4.725928783416748047e+00 4.537668704986572266e+00 4.352051734924316406e+00 4.169395446777343750e+00 3.989971399307250977e+00 3.814051151275634766e+00 3.641857624053955078e+00 3.473616600036621094e+00 3.309503316879272461e+00 3.149697780609130859e+00 2.994328498840332031e+00 2.843531847000122070e+00 2.697390794754028320e+00 2.556000947952270508e+00 2.419403076171875000e+00 2.287654638290405273e+00 2.160757064819335938e+00 2.038733959197998047e+00 1.921550869941711426e+00 1.809201478958129883e+00 1.701620101928710938e+00 1.598774433135986328e+00 1.500571250915527344e+00 1.406957507133483887e+00 1.317815899848937988e+00 1.233077526092529297e+00 1.152604699134826660e+00 1.076317429542541504e+00 1.004061102867126465e+00 9.357488751411437988e-01 8.712123632431030273e-01 8.103630542755126953e-01 7.530205249786376953e-01 6.990997195243835449e-01 6.484104394912719727e-01 6.008775830268859863e-01 5.563037395477294922e-01 5.146353244781494141e-01 4.756774306297302246e-01 4.394269883632659912e-01 4.057274758815765381e-01 3.747135996818542480e-01 3.463951945304870605e-01 3.213092982769012451e-01 3.000400066375732422e-01 2.842972576618194580e-01 2.764126658439636230e-01 2.813626229763031006e-01 3.062692284584045410e-01 3.646851480007171631e-01 4.754162132740020752e-01 6.743369102478027344e-01
9.698610305786132812e-01 1.306435346603393555e+00 1.665310144424438477e+00 2.047132492065429688e+00 2.447163820266723633e+00 2.861640691757202148e+00 3.285475492477416992e+00 3.714095115661621094e+00 4.142612457275390625e+00 4.566720485687255859e+00 4.982298374176025391e+00 5.385905265808105469e+00 5.774526119232177734e+00 6.145844459533691406e+00 6.498028278350830078e+00 6.829863548278808594e+00 7.140562534332275391e+00 7.429811000823974609e+00 7.697599411010742188e+00 7.944231986999511719e+00 8.170184135437011719e+00 8.376100540161132812e+00 8.562684059143066406e+00 8.730700492858886719e+00 8.880895614624023438e+00 9.014009475708007812e+00 9.130724906921386719e+00 9.231683731079101562e+00 9.317458152770996094e+00 9.388575553894042969e+00 9.445495605468750000e+00 9.488641738891601562e+00 9.518386840820312500e+00 9.535081863403320312e+00 9.539041519165039062e+00 9.530576705932617188e+00 9.509979248046875000e+00 9.477547645568847656e+00 9.433575630187988281e+00 9.378373146057128906e+00 9.312252998352050781e+00 9.235551834106445312e+00 9.148616790771484375e+00 9.051817893981933594e+00 8.945537567138671875e+00 8.830185890197753906e+00 8.706180572509765625e+00 8.573968887329101562e+00 8.434002876281738281e+00 8.286761283874511719e+00 8.132722854614257812e+00 7.972392559051513672e+00 7.806269645690917969e+00 7.634874343872070312e+00 7.458719253540039062e+00 7.278332233428955078e+00 7.094229221343994141e+00 6.906936645507812500e+00 6.716963768005371094e+00 6.524828910827636719e+00 6.331026554107666016e+00 6.136055946350097656e+00 5.940390110015869141e+00 5.744503498077392578e+00 5.548838615417480469e+00 5.353839397430419922e+00 5.159912109375000000e+00 4.967464447021484375e+00 4.776862621307373047e+00 4.588472366333007812e+00 4.402617454528808594e+00 4.219619274139404297e+00 4.039754390716552734e+00 3.863300085067749023e+00 3.690485239028930664e+00 3.521540641784667969e+00 3.356648206710815430e+00 3.195993423461914062e+00 3.039710998535156250e+00 2.887942552566528320e+00 2.740778446197509766e+00 2.598319053649902344e+00 2.460611343383789062e+00 2.327718257904052734e+00 2.199647426605224609e+00 2.076426982879638672e+00 1.958028674125671387e+00 1.844450235366821289e+00 1.735631585121154785e+00 1.631544351577758789e+00 1.532100200653076172e+00 1.437249422073364258e+00 1.346879363059997559e+00 1.260923862457275391e+00 1.179249286651611328e+00 1.101777672767639160e+00 1.028358221054077148e+00 9.589053988456726074e-01 8.932542204856872559e-01 8.313167691230773926e-01 7.729157805442810059e-01 7.179661989212036133e-01 6.662806272506713867e-01 6.177832484245300293e-01 5.722795724868774414e-01 5.297147631645202637e-01 4.898966252803802490e-01 4.528201818466186523e-01 4.183317422866821289e-01 3.865614235401153564e-01 3.575192391872406006e-01 3.317282497882843018e-01 3.097575604915618896e-01 2.932685315608978271e-01 2.845215797424316406e-01 2.883361577987670898e-01 3.115994334220886230e-01 3.674233853816986084e-01 4.740056097507476807e-01 6.661391854286193848e-01
9.528695344924926758e-01 1.278972625732421875e+00 1.627025365829467773e+00 1.997885823249816895e+00 2.387169122695922852e+00 2.791419029235839844e+00 3.205858945846557617e+00 3.626165866851806641e+00 4.047660350799560547e+00 4.466170310974121094e+00 4.877649784088134766e+00 5.278663635253906250e+00 5.666149616241455078e+00 6.037690639495849609e+00 6.391321659088134766e+00 6.725665569305419922e+00 7.039761066436767578e+00 7.333116054534912109e+00 7.605550289154052734e+00 7.857209205627441406e+00 8.088428497314453125e+00 8.299731254577636719e+00 8.491724967956542969e+00 8.665096282958984375e+00 8.820537567138671875e+00 8.958749771118164062e+00 9.080391883850097656e+00 9.186095237731933594e+00 9.276432037353515625e+00 9.351933479309082031e+00 9.413069725036621094e+00 9.460278511047363281e+00 9.493945121765136719e+00 9.514433860778808594e+00 9.522075653076171875e+00 9.517189979553222656e+00 9.500078201293945312e+00 9.471048355102539062e+00 9.430397987365722656e+00 9.378441810607910156e+00 9.315494537353515625e+00 9.241893768310546875e+00 9.157982826232910156e+00 9.064131736755371094e+00 8.960719108581542969e+00 8.848152160644531250e+00 8.726842880249023438e+00 8.597234725952148438e+00 8.459774971008300781e+00 8.314936637878417969e+00 8.163195610046386719e+00 8.005049705505371094e+00 7.840996265411376953e+00 7.671550273895263672e+00 7.497221469879150391e+00 7.318534374237060547e+00 7.136002063751220703e+00 6.950149536132812500e+00 6.761485099792480469e+00 6.570524692535400391e+00 6.377762794494628906e+00 6.183700084686279297e+00 5.988809108734130859e+00 5.793566226959228516e+00 5.598415851593017578e+00 5.403803825378417969e+00 5.210139751434326172e+00 5.017834186553955078e+00 4.827256679534912109e+00 4.638778209686279297e+00 4.452725410461425781e+00 4.269425392150878906e+00 4.089160442352294922e+00 3.912211418151855469e+00 3.738813638687133789e+00 3.569203376770019531e+00 3.403568506240844727e+00 3.242099523544311523e+00 3.084938049316406250e+00 2.932230949401855469e+00 2.784074783325195312e+00 2.640575647354125977e+00 2.501786470413208008e+00 2.367775678634643555e+00 2.238556623458862305e+00 2.114162206649780273e+00 1.994570255279541016e+00 1.879782915115356445e+00 1.769745469093322754e+00 1.664433360099792480e+00 1.563763380050659180e+00 1.467689275741577148e+00 1.376102805137634277e+00 1.288940668106079102e+00 1.206073522567749023e+00 1.127425312995910645e+00 1.052849054336547852e+00 9.822608828544616699e-01 9.154989719390869141e-01 8.524762988090515137e-01 7.930186390876770020e-01 7.370411157608032227e-01 6.843590736389160156e-01 6.348963379859924316e-01 5.884610414505004883e-01 5.449972748756408691e-01 5.043157339096069336e-01 4.664093554019927979e-01 4.311271011829376221e-01 3.985947072505950928e-01 3.688219487667083740e-01 3.423182964324951172e-01 3.196378946304321289e-01 3.023954927921295166e-01 2.927834987640380859e-01 2.954730391502380371e-01 3.171299099922180176e-01 3.704529106616973877e-01 4.730696082115173340e-01 6.587586402893066406e-01
9.371473193168640137e-01 1.253308296203613281e+00 1.591056466102600098e+00 1.951436042785644531e+00 2.330386161804199219e+00 2.724734306335449219e+00 3.129995107650756836e+00 3.542086839675903320e+00 3.956533908843994141e+00 4.369305133819580078e+00 4.776440620422363281e+00 5.174529075622558594e+00 5.560480594635009766e+00 5.931801795959472656e+00 6.286414146423339844e+00 6.622800350189208984e+00 6.939843654632568359e+00 7.236887454986572266e+00 7.513591766357421875e+00 7.769949436187744141e+00 8.006157875061035156e+00 8.222622871398925781e+00 8.419849395751953125e+00 8.598443984985351562e+00 8.759037971496582031e+00 8.902286529541015625e+00 9.028820037841796875e+00 9.139254570007324219e+00 9.234151840209960938e+00 9.314046859741210938e+00 9.379416465759277344e+00 9.430705070495605469e+00 9.468312263488769531e+00 9.492614746093750000e+00 9.503952980041503906e+00 9.502659797668457031e+00 9.489046096801757812e+00 9.463424682617187500e+00 9.426101684570312500e+00 9.377395629882812500e+00 9.317622184753417969e+00 9.247120857238769531e+00 9.166234970092773438e+00 9.075332641601562500e+00 8.974788665771484375e+00 8.865007400512695312e+00 8.746397972106933594e+00 8.619398117065429688e+00 8.484451293945312500e+00 8.342025756835937500e+00 8.192592620849609375e+00 8.036645889282226562e+00 7.874677181243896484e+00 7.707199096679687500e+00 7.534717082977294922e+00 7.357752323150634766e+00 7.176816463470458984e+00 6.992431163787841797e+00 6.805103778839111328e+00 6.615349292755126953e+00 6.423661231994628906e+00 6.230540752410888672e+00 6.036460876464843750e+00 5.841898918151855469e+00 5.647300720214843750e+00 5.453114509582519531e+00 5.259753227233886719e+00 5.067628860473632812e+00 4.877116680145263672e+00 4.688589572906494141e+00 4.502379417419433594e+00 4.318817615509033203e+00 4.138191223144531250e+00 3.960786342620849609e+00 3.786844015121459961e+00 3.616605043411254883e+00 3.450263500213623047e+00 3.288015604019165039e+00 3.130008697509765625e+00 2.976395606994628906e+00 2.827278614044189453e+00 2.682769060134887695e+00 2.542926788330078125e+00 2.407824277877807617e+00 2.277482032775878906e+00 2.151937007904052734e+00 2.031173229217529297e+00 1.915197134017944336e+00 1.803959131240844727e+00 1.697439074516296387e+00 1.595558524131774902e+00 1.498274803161621094e+00 1.405484080314636230e+00 1.317126154899597168e+00 1.233075499534606934e+00 1.153258681297302246e+00 1.077532291412353516e+00 1.005814194679260254e+00 9.379456043243408203e-01 8.738408088684082031e-01 8.133283853530883789e-01 7.563239932060241699e-01 7.026455402374267578e-01 6.522166728973388672e-01 6.048482060432434082e-01 5.604832172393798828e-01 5.189351439476013184e-01 4.801950156688690186e-01 4.441143274307250977e-01 4.108144640922546387e-01 3.803046643733978271e-01 3.530811369419097900e-01 3.296833634376525879e-01 3.116813004016876221e-01 3.012023270130157471e-01 3.027771413326263428e-01 3.228629827499389648e-01 3.737700581550598145e-01 4.725908637046813965e-01 6.521503925323486328e-01
9.226132631301879883e-01 1.229320526123046875e+00 1.557244777679443359e+00 1.907594919204711914e+00 2.276606082916259766e+00 2.661368370056152344e+00 3.057670116424560547e+00 3.461659669876098633e+00 3.869060754776000977e+00 4.275986671447753906e+00 4.678572654724121094e+00 5.073445796966552734e+00 5.457507133483886719e+00 5.828204154968261719e+00 6.183368206024169922e+00 6.521359443664550781e+00 6.840921878814697266e+00 7.141250610351562500e+00 7.421854972839355469e+00 7.682583332061767578e+00 7.923500537872314453e+00 8.144892692565917969e+00 8.347163200378417969e+00 8.530836105346679688e+00 8.696474075317382812e+00 8.844684600830078125e+00 8.976062774658203125e+00 9.091200828552246094e+00 9.190650939941406250e+00 9.274941444396972656e+00 9.344552040100097656e+00 9.399936676025390625e+00 9.441501617431640625e+00 9.469633102416992188e+00 9.484683990478515625e+00 9.486996650695800781e+00 9.476890563964843750e+00 9.454688072204589844e+00 9.420699119567871094e+00 9.375246047973632812e+00 9.318651199340820312e+00 9.251251220703125000e+00 9.173391342163085938e+00 9.085437774658203125e+00 8.987765312194824219e+00 8.880771636962890625e+00 8.764865875244140625e+00 8.640480041503906250e+00 8.508052825927734375e+00 8.368048667907714844e+00 8.220933914184570312e+00 8.067197799682617188e+00 7.907330036163330078e+00 7.741837501525878906e+00 7.571222305297851562e+00 7.396002769470214844e+00 7.216687202453613281e+00 7.033795833587646484e+00 6.847834110260009766e+00 6.659315586090087891e+00 6.468733787536621094e+00 6.276588439941406250e+00 6.083354473114013672e+00 5.889509201049804688e+00 5.695500850677490234e+00 5.501778602600097656e+00 5.308758258819580078e+00 5.116854667663574219e+00 4.926446914672851562e+00 4.737910270690917969e+00 4.551582336425781250e+00 4.367797851562500000e+00 4.186848640441894531e+00 4.009026050567626953e+00 3.834576129913330078e+00 3.663745164871215820e+00 3.496732711791992188e+00 3.333740472793579102e+00 3.174921751022338867e+00 3.020434617996215820e+00 2.870387315750122070e+00 2.724897146224975586e+00 2.584029197692871094e+00 2.447862148284912109e+00 2.316421031951904297e+00 2.189749002456665039e+00 2.067835092544555664e+00 1.950690150260925293e+00 1.838270306587219238e+00 1.730559110641479492e+00 1.627483367919921875e+00 1.529003620147705078e+00 1.435021162033081055e+00 1.345478057861328125e+00 1.260253548622131348e+00 1.179276227951049805e+00 1.102406382560729980e+00 1.029563665390014648e+00 9.605929255485534668e-01 8.954092264175415039e-01 8.338442444801330566e-01 7.758141160011291504e-01 7.211395502090454102e-01 6.697439551353454590e-01 6.214408874511718750e-01 5.761725306510925293e-01 5.337550044059753418e-01 4.941775798797607422e-01 4.572940170764923096e-01 4.232214689254760742e-01 3.919685184955596924e-01 3.640183806419372559e-01 3.398961126804351807e-01 3.211287260055541992e-01 3.097814321517944336e-01 3.102518916130065918e-01 3.288002610206604004e-01 3.773710131645202637e-01 4.725531041622161865e-01 6.462733149528503418e-01
9.091943502426147461e-01 1.206899523735046387e+00 1.525447010993957520e+00 1.866191148757934570e+00 2.225638628005981445e+00 2.601121902465820312e+00 2.988685607910156250e+00 3.384697675704956055e+00 3.785076618194580078e+00 4.186080455780029297e+00 4.583947658538818359e+00 4.975354194641113281e+00 5.357206821441650391e+00 5.726913928985595703e+00 6.082231998443603516e+00 6.421418190002441406e+00 6.743093490600585938e+00 7.046317100524902344e+00 7.330460071563720703e+00 7.595234394073486328e+00 7.840576171875000000e+00 8.066654205322265625e+00 8.273771286010742188e+00 8.462364196777343750e+00 8.632926940917968750e+00 8.786011695861816406e+00 8.922174453735351562e+00 9.041979789733886719e+00 9.145961761474609375e+00 9.234642982482910156e+00 9.308500289916992188e+00 9.367988586425781250e+00 9.413524627685546875e+00 9.445500373840332031e+00 9.464278221130371094e+00 9.470210075378417969e+00 9.463623046875000000e+00 9.444847106933593750e+00 9.414199829101562500e+00 9.372007369995117188e+00 9.318593025207519531e+00 9.254298210144042969e+00 9.179467201232910156e+00 9.094465255737304688e+00 8.999665260314941406e+00 8.895462989807128906e+00 8.782264709472656250e+00 8.660496711730957031e+00 8.530596733093261719e+00 8.393022537231445312e+00 8.248236656188964844e+00 8.096725463867187500e+00 7.938972949981689453e+00 7.775482654571533203e+00 7.606753349304199219e+00 7.433300495147705078e+00 7.255629062652587891e+00 7.074257373809814453e+00 6.889688491821289062e+00 6.702435493469238281e+00 6.512990474700927734e+00 6.321853637695312500e+00 6.129499435424804688e+00 5.936405658721923828e+00 5.743022918701171875e+00 5.549801826477050781e+00 5.357160091400146484e+00 5.165515899658203125e+00 4.975250244140625000e+00 4.786743640899658203e+00 4.600336074829101562e+00 4.416367053985595703e+00 4.235133171081542969e+00 4.056930541992187500e+00 3.882010221481323242e+00 3.710623264312744141e+00 3.542975187301635742e+00 3.379272699356079102e+00 3.219675064086914062e+00 3.064345598220825195e+00 2.913398981094360352e+00 2.766957044601440430e+00 2.625091552734375000e+00 2.487885713577270508e+00 2.355370998382568359e+00 2.227595090866088867e+00 2.104552507400512695e+00 1.986258983612060547e+00 1.872675657272338867e+00 1.763790488243103027e+00 1.659534811973571777e+00 1.559873342514038086e+00 1.464711308479309082e+00 1.373994231224060059e+00 1.287605404853820801e+00 1.205475687980651855e+00 1.127469420433044434e+00 1.053508043289184570e+00 9.834395051002502441e-01 9.171803593635559082e-01 8.545652031898498535e-01 7.955107092857360840e-01 7.398404479026794434e-01 6.874778270721435547e-01 6.382388472557067871e-01 5.920652151107788086e-01 5.487754344940185547e-01 5.083573460578918457e-01 4.706666171550750732e-01 4.358164668083190918e-01 4.038145244121551514e-01 3.751314282417297363e-01 3.502780795097351074e-01 3.307402729988098145e-01 3.185238242149353027e-01 3.179000914096832275e-01 3.349429368972778320e-01 3.812518417835235596e-01 4.729411900043487549e-01 6.410901546478271484e-01
8.968241810798645020e-01 1.185945868492126465e+00 1.495533347129821777e+00 1.827069401741027832e+00 2.177309751510620117e+00 2.543810844421386719e+00 2.922857522964477539e+00 3.311026334762573242e+00 3.704424858093261719e+00 4.099455833435058594e+00 4.492465496063232422e+00 4.880188465118408203e+00 5.259550571441650391e+00 5.627935409545898438e+00 5.983042716979980469e+00 6.323040962219238281e+00 6.646443843841552734e+00 6.952188491821289062e+00 7.239519119262695312e+00 7.508017539978027344e+00 7.757498741149902344e+00 7.988017082214355469e+00 8.199774742126464844e+00 8.393120765686035156e+00 8.568476676940917969e+00 8.726337432861328125e+00 8.867214202880859375e+00 8.991638183593750000e+00 9.100125312805175781e+00 9.193181991577148438e+00 9.271282196044921875e+00 9.334880828857421875e+00 9.384395599365234375e+00 9.420228004455566406e+00 9.442745208740234375e+00 9.452308654785156250e+00 9.449253082275390625e+00 9.433914184570312500e+00 9.406615257263183594e+00 9.367689132690429688e+00 9.317461013793945312e+00 9.256275177001953125e+00 9.184475898742675781e+00 9.102428436279296875e+00 9.010504722595214844e+00 8.909097671508789062e+00 8.798609733581542969e+00 8.679467201232910156e+00 8.552100181579589844e+00 8.416964530944824219e+00 8.274518966674804688e+00 8.125245094299316406e+00 7.969621658325195312e+00 7.808150291442871094e+00 7.641325950622558594e+00 7.469659805297851562e+00 7.293655872344970703e+00 7.113828182220458984e+00 6.930679321289062500e+00 6.744719505310058594e+00 6.556442260742187500e+00 6.366344928741455078e+00 6.174903392791748047e+00 5.982595920562744141e+00 5.789874076843261719e+00 5.597189903259277344e+00 5.404963970184326172e+00 5.213615894317626953e+00 5.023530483245849609e+00 4.835091114044189453e+00 4.648642063140869141e+00 4.464526653289794922e+00 4.283045768737792969e+00 4.104499816894531250e+00 3.929145336151123047e+00 3.757238149642944336e+00 3.588989257812500000e+00 3.424610376358032227e+00 3.264266490936279297e+00 3.108126401901245117e+00 2.956310510635375977e+00 2.808946132659912109e+00 2.666110515594482422e+00 2.527892351150512695e+00 2.394328594207763672e+00 2.265471935272216797e+00 2.141322374343872070e+00 2.021900415420532227e+00 1.907172203063964844e+00 1.797129988670349121e+00 1.691710233688354492e+00 1.590880751609802246e+00 1.494551897048950195e+00 1.402672052383422852e+00 1.315128564834594727e+00 1.231855154037475586e+00 1.152719616889953613e+00 1.077645301818847656e+00 1.006483793258666992e+00 9.391527771949768066e-01 8.754900097846984863e-01 8.154128193855285645e-01 7.587475180625915527e-01 7.054176330566406250e-01 6.552417278289794922e-01 6.081610321998596191e-01 5.639964938163757324e-01 5.227344036102294922e-01 4.842325150966644287e-01 4.486000537872314453e-01 4.158435761928558350e-01 3.864215612411499023e-01 3.608309924602508545e-01 3.405181765556335449e-01 3.274320960044860840e-01 3.257241547107696533e-01 3.412918150424957275e-01 3.854086399078369141e-01 4.737409651279449463e-01 6.365666985511779785e-01
8.854424953460693359e-01 1.166369199752807617e+00 1.467385530471801758e+00 1.790087699890136719e+00 2.131459951400756836e+00 2.489265680313110352e+00 2.860014438629150391e+00 3.240481615066528320e+00 3.626956462860107422e+00 4.015985965728759766e+00 4.404026508331298828e+00 4.787880897521972656e+00 5.164502620697021484e+00 5.531265735626220703e+00 5.885826110839843750e+00 6.226279258728027344e+00 6.551046371459960938e+00 6.858955383300781250e+00 7.149132251739501953e+00 7.421040058135986328e+00 7.674376964569091797e+00 7.909086704254150391e+00 8.125272750854492188e+00 8.323196411132812500e+00 8.503205299377441406e+00 8.665732383728027344e+00 8.811241149902343750e+00 8.940228462219238281e+00 9.053181648254394531e+00 9.150593757629394531e+00 9.232927322387695312e+00 9.300634384155273438e+00 9.354133605957031250e+00 9.393830299377441406e+00 9.420098304748535156e+00 9.433302879333496094e+00 9.433789253234863281e+00 9.421896934509277344e+00 9.397956848144531250e+00 9.362302780151367188e+00 9.315267562866210938e+00 9.257195472717285156e+00 9.188431739807128906e+00 9.109342575073242188e+00 9.020298004150390625e+00 8.921690940856933594e+00 8.813919067382812500e+00 8.697405815124511719e+00 8.572580337524414062e+00 8.439891815185546875e+00 8.299796104431152344e+00 8.152770996093750000e+00 7.999291419982910156e+00 7.839854717254638672e+00 7.674952983856201172e+00 7.505094528198242188e+00 7.330779075622558594e+00 7.152520179748535156e+00 6.970816612243652344e+00 6.786178588867187500e+00 6.599097728729248047e+00 6.410070896148681641e+00 6.219573974609375000e+00 6.028086662292480469e+00 5.836060047149658203e+00 5.643948078155517578e+00 5.452173709869384766e+00 5.261158466339111328e+00 5.071290493011474609e+00 4.882955551147460938e+00 4.696502208709716797e+00 4.512277126312255859e+00 4.330585956573486328e+00 4.151733398437500000e+00 3.975980520248413086e+00 3.803588151931762695e+00 3.634772777557373047e+00 3.469750881195068359e+00 3.308693408966064453e+00 3.151774168014526367e+00 2.999119043350219727e+00 2.850860834121704102e+00 2.707082748413085938e+00 2.567878007888793945e+00 2.433290004730224609e+00 2.303375720977783203e+00 2.178141117095947266e+00 2.057610750198364258e+00 1.941756486892700195e+00 1.830574512481689453e+00 1.724006056785583496e+00 1.622023105621337891e+00 1.524540066719055176e+00 1.431508660316467285e+00 1.342820644378662109e+00 1.258412003517150879e+00 1.178154468536376953e+00 1.101973533630371094e+00 1.029724001884460449e+00 9.613250494003295898e-01 8.966174125671386719e-01 8.355193138122558594e-01 7.778598070144653320e-01 7.235625982284545898e-01 6.724489927291870117e-01 6.244596242904663086e-01 5.794179439544677734e-01 5.373088717460632324e-01 4.979919493198394775e-01 4.615726768970489502e-01 4.280564486980438232e-01 3.978898525238037109e-01 3.715564012527465820e-01 3.504643738269805908e-01 3.365084826946258545e-01 3.337260484695434570e-01 3.478473424911499023e-01 3.898375034332275391e-01 4.749391674995422363e-01 6.326715946197509766e-01
8.749944567680358887e-01 1.148087501525878906e+00 1.440896391868591309e+00 1.755116701126098633e+00 2.087942838668823242e+00 2.437329769134521484e+00 2.799997568130493164e+00 3.172909021377563477e+00 3.552529573440551758e+00 3.935547828674316406e+00 4.318532943725585938e+00 4.698360443115234375e+00 5.072022438049316406e+00 5.436893463134765625e+00 5.790598869323730469e+00 6.131175994873046875e+00 6.456965446472167969e+00 6.766697406768798828e+00 7.059392452239990234e+00 7.334401607513427734e+00 7.591312885284423828e+00 7.829964637756347656e+00 8.050362586975097656e+00 8.252681732177734375e+00 8.437193870544433594e+00 8.604269027709960938e+00 8.754319190979003906e+00 8.887801170349121094e+00 9.005175590515136719e+00 9.106911659240722656e+00 9.193462371826171875e+00 9.265271186828613281e+00 9.322755813598632812e+00 9.366321563720703125e+00 9.396347999572753906e+00 9.413205146789550781e+00 9.417242050170898438e+00 9.408806800842285156e+00 9.388232231140136719e+00 9.355859756469726562e+00 9.312023162841796875e+00 9.257069587707519531e+00 9.191347122192382812e+00 9.115220069885253906e+00 9.029059410095214844e+00 8.933256149291992188e+00 8.828206062316894531e+00 8.714328765869140625e+00 8.592050552368164062e+00 8.461817741394042969e+00 8.324082374572753906e+00 8.179317474365234375e+00 8.027996063232421875e+00 7.870610237121582031e+00 7.707648754119873047e+00 7.539616584777832031e+00 7.367012023925781250e+00 7.190344333648681641e+00 7.010111808776855469e+00 6.826822280883789062e+00 6.640965461730957031e+00 6.453039646148681641e+00 6.263518810272216797e+00 6.072883129119873047e+00 5.881585597991943359e+00 5.690080642700195312e+00 5.498793125152587891e+00 5.308146476745605469e+00 5.118532180786132812e+00 4.930337905883789062e+00 4.743916988372802734e+00 4.559618949890136719e+00 4.377753734588623047e+00 4.198630332946777344e+00 4.022514343261718750e+00 3.849671840667724609e+00 3.680323839187622070e+00 3.514692068099975586e+00 3.352953195571899414e+00 3.195285558700561523e+00 3.041821241378784180e+00 2.892698049545288086e+00 2.748004674911499023e+00 2.607839584350585938e+00 2.472251892089843750e+00 2.341303110122680664e+00 2.215004920959472656e+00 2.093386650085449219e+00 1.976424932479858398e+00 1.864120364189147949e+00 1.756419181823730469e+00 1.653296828269958496e+00 1.554672598838806152e+00 1.460501313209533691e+00 1.370678782463073730e+00 1.285143852233886719e+00 1.203771948814392090e+00 1.126490712165832520e+00 1.053158164024353027e+00 9.836953878402709961e-01 9.179458618164062500e-01 8.558288812637329102e-01 7.971762418746948242e-01 7.419120073318481445e-01 6.898599863052368164e-01 6.409605145454406738e-01 5.950395464897155762e-01 5.520806312561035156e-01 5.119450688362121582e-01 4.747347533702850342e-01 4.404537677764892578e-01 4.095372557640075684e-01 3.824555873870849609e-01 3.605806231498718262e-01 3.457549810409545898e-01 3.419075012207031250e-01 3.546097576618194580e-01 3.945345878601074219e-01 4.765234589576721191e-01 6.293761730194091797e-01
8.654299974441528320e-01 1.131026029586791992e+00 1.415967464447021484e+00 1.722037553787231445e+00 2.046624183654785156e+00 2.387858629226684570e+00 2.742658615112304688e+00 3.108164310455322266e+00 3.481010198593139648e+00 3.858023881912231445e+00 4.235888004302978516e+00 4.611555576324462891e+00 4.982065200805664062e+00 5.344800949096679688e+00 5.697370529174804688e+00 6.037764549255371094e+00 6.364254474639892578e+00 6.675485610961914062e+00 6.970382213592529297e+00 7.248192787170410156e+00 7.508401393890380859e+00 7.750745773315429688e+00 7.975137233734130859e+00 8.181663513183593750e+00 8.370522499084472656e+00 8.542018890380859375e+00 8.696510314941406250e+00 8.834412574768066406e+00 8.956152915954589844e+00 9.062176704406738281e+00 9.152919769287109375e+00 9.228817939758300781e+00 9.290284156799316406e+00 9.337720870971679688e+00 9.371510505676269531e+00 9.392026901245117188e+00 9.399623870849609375e+00 9.394652366638183594e+00 9.377452850341796875e+00 9.348368644714355469e+00 9.307737350463867188e+00 9.255908966064453125e+00 9.193232536315917969e+00 9.120073318481445312e+00 9.036801338195800781e+00 8.943806648254394531e+00 8.841484069824218750e+00 8.730249404907226562e+00 8.610526084899902344e+00 8.482757568359375000e+00 8.347393035888671875e+00 8.204899787902832031e+00 8.055748939514160156e+00 7.900428771972656250e+00 7.739424705505371094e+00 7.573238372802734375e+00 7.402364730834960938e+00 7.227311134338378906e+00 7.048573970794677734e+00 6.866658687591552734e+00 6.682054519653320312e+00 6.495257854461669922e+00 6.306744098663330078e+00 6.116992473602294922e+00 5.926456451416015625e+00 5.735591888427734375e+00 5.544825553894042969e+00 5.354582786560058594e+00 5.165256977081298828e+00 4.977240085601806641e+00 4.790887355804443359e+00 4.606551647186279297e+00 4.424548149108886719e+00 4.245189189910888672e+00 4.068745613098144531e+00 3.895486831665039062e+00 3.725639820098876953e+00 3.559431314468383789e+00 3.397042512893676758e+00 3.238657474517822266e+00 3.084413766860961914e+00 2.934453725814819336e+00 2.788872480392456055e+00 2.647773027420043945e+00 2.511209964752197266e+00 2.379250049591064453e+00 2.251910209655761719e+00 2.129223823547363281e+00 2.011173725128173828e+00 1.897763967514038086e+00 1.788945913314819336e+00 1.684698820114135742e+00 1.584946393966674805e+00 1.489646911621093750e+00 1.398700237274169922e+00 1.312047958374023438e+00 1.229569435119628906e+00 1.151194453239440918e+00 1.076784372329711914e+00 1.006261944770812988e+00 9.394737482070922852e-01 8.763401508331298828e-01 8.166956305503845215e-01 7.604647874832153320e-01 7.074739336967468262e-01 6.576632857322692871e-01 6.108609437942504883e-01 5.670495033264160156e-01 5.260919928550720215e-01 4.880865514278411865e-01 4.530360996723175049e-01 4.213646948337554932e-01 3.935298323631286621e-01 3.708684146404266357e-01 3.551732897758483887e-01 3.502699136734008789e-01 3.615790009498596191e-01 3.994961678981781006e-01 4.784823060035705566e-01 6.266539096832275391e-01
8.567031621932983398e-01 1.115116238594055176e+00 1.392509102821350098e+00 1.690741658210754395e+00 2.007379770278930664e+00 2.340718269348144531e+00 2.687859296798706055e+00 3.046111583709716797e+00 3.412270784378051758e+00 3.783300399780273438e+00 4.155996799468994141e+00 4.527393817901611328e+00 4.894582271575927734e+00 5.254965782165527344e+00 5.606142997741699219e+00 5.946068763732910156e+00 6.272958278656005859e+00 6.585381984710693359e+00 6.882176876068115234e+00 7.162497997283935547e+00 7.425732135772705078e+00 7.671521186828613281e+00 7.899685382843017578e+00 8.110227584838867188e+00 8.303271293640136719e+00 8.479053497314453125e+00 8.637880325317382812e+00 8.780118942260742188e+00 8.906161308288574219e+00 9.016427993774414062e+00 9.111333847045898438e+00 9.191303253173828125e+00 9.256739616394042969e+00 9.308046340942382812e+00 9.345601081848144531e+00 9.369781494140625000e+00 9.380945205688476562e+00 9.379446029663085938e+00 9.365628242492675781e+00 9.339839935302734375e+00 9.302420616149902344e+00 9.253724098205566406e+00 9.194099426269531250e+00 9.123913764953613281e+00 9.043536186218261719e+00 8.953355789184570312e+00 8.853765487670898438e+00 8.745180130004882812e+00 8.628019332885742188e+00 8.502723693847656250e+00 8.369739532470703125e+00 8.229530334472656250e+00 8.082563400268554688e+00 7.929323196411132812e+00 7.770292758941650391e+00 7.605970382690429688e+00 7.436848163604736328e+00 7.263430595397949219e+00 7.086212158203125000e+00 6.905696392059326172e+00 6.722371578216552734e+00 6.536733150482177734e+00 6.349255561828613281e+00 6.160418510437011719e+00 5.970676422119140625e+00 5.780485630035400391e+00 5.590273857116699219e+00 5.400469303131103516e+00 5.211467266082763672e+00 5.023662090301513672e+00 4.837412834167480469e+00 4.653075218200683594e+00 4.470968723297119141e+00 4.291409015655517578e+00 4.114671707153320312e+00 3.941030979156494141e+00 3.770718336105346680e+00 3.603965044021606445e+00 3.440958023071289062e+00 3.281886339187622070e+00 3.126892566680908203e+00 2.976124286651611328e+00 2.829682111740112305e+00 2.687674045562744141e+00 2.550160169601440430e+00 2.417212247848510742e+00 2.288852214813232422e+00 2.165118694305419922e+00 2.045998811721801758e+00 1.931501388549804688e+00 1.821582555770874023e+00 1.716225266456604004e+00 1.615357995033264160e+00 1.518942117691040039e+00 1.426881790161132812e+00 1.339121580123901367e+00 1.255544304847717285e+00 1.176082372665405273e+00 1.100600361824035645e+00 1.029022812843322754e+00 9.611994624137878418e-01 8.970516324043273926e-01 8.364167213439941406e-01 7.792199254035949707e-01 7.252900004386901855e-01 6.745671033859252930e-01 6.268817186355590820e-01 5.822153091430664062e-01 5.404325127601623535e-01 5.016282200813293457e-01 4.658038616180419922e-01 4.333727955818176270e-01 4.047801196575164795e-01 3.813290894031524658e-01 3.647649288177490234e-01 3.588144481182098389e-01 3.687549233436584473e-01 4.047186076641082764e-01 4.808048605918884277e-01 6.244804859161376953e-01
8.487719893455505371e-01 1.100295543670654297e+00 1.370438933372497559e+00 1.661128997802734375e+00 1.970095634460449219e+00 2.295784950256347656e+00 2.635471582412719727e+00 2.986623048782348633e+00 3.346190452575683594e+00 3.711268424987792969e+00 4.078766822814941406e+00 4.445802688598632812e+00 4.809524059295654297e+00 5.167360305786132812e+00 5.516911983489990234e+00 5.856106758117675781e+00 6.183114528656005859e+00 6.496439933776855469e+00 6.794843673706054688e+00 7.077394008636474609e+00 7.343387603759765625e+00 7.592376232147216797e+00 7.824092388153076172e+00 8.038456916809082031e+00 8.235516548156738281e+00 8.415446281433105469e+00 8.578492164611816406e+00 8.724975585937500000e+00 8.855250358581542969e+00 8.969707489013671875e+00 9.068739891052246094e+00 9.152755737304687500e+00 9.222149848937988281e+00 9.277317047119140625e+00 9.318636894226074219e+00 9.346484184265136719e+00 9.361218452453613281e+00 9.363198280334472656e+00 9.352768898010253906e+00 9.330283164978027344e+00 9.296083450317382812e+00 9.250524520874023438e+00 9.193958282470703125e+00 9.126750946044921875e+00 9.049273490905761719e+00 8.961913108825683594e+00 8.865062713623046875e+00 8.759132385253906250e+00 8.644541740417480469e+00 8.521728515625000000e+00 8.391134262084960938e+00 8.253219604492187500e+00 8.108448982238769531e+00 7.957304000854492188e+00 7.800263881683349609e+00 7.637823104858398438e+00 7.470471858978271484e+00 7.298711776733398438e+00 7.123034954071044922e+00 6.943943500518798828e+00 6.761924266815185547e+00 6.577471256256103516e+00 6.391059398651123047e+00 6.203166961669921875e+00 6.014249801635742188e+00 5.824764251708984375e+00 5.635140895843505859e+00 5.445807933807373047e+00 5.257164001464843750e+00 5.069605350494384766e+00 4.883493900299072266e+00 4.699189186096191406e+00 4.517014026641845703e+00 4.337287902832031250e+00 4.160291194915771484e+00 3.986301898956298828e+00 3.815556526184082031e+00 3.648290634155273438e+00 3.484696865081787109e+00 3.324968338012695312e+00 3.169253826141357422e+00 3.017705440521240234e+00 2.870429515838623047e+00 2.727538585662841797e+00 2.589098691940307617e+00 2.455185651779174805e+00 2.325827598571777344e+00 2.201066732406616211e+00 2.080896377563476562e+00 1.965328693389892578e+00 1.854325294494628906e+00 1.747872591018676758e+00 1.645903706550598145e+00 1.548383712768554688e+00 1.455220460891723633e+00 1.366361618041992188e+00 1.281693935394287109e+00 1.201151847839355469e+00 1.124603867530822754e+00 1.051975965499877930e+00 9.831209778785705566e-01 9.179616570472717285e-01 8.563381433486938477e-01 7.981761693954467773e-01 7.433071136474609375e-01 6.916712522506713867e-01 6.431012153625488281e-01 5.975776314735412598e-01 5.549666285514831543e-01 5.153598189353942871e-01 4.787573814392089844e-01 4.455622136592864990e-01 4.162073731422424316e-01 3.919638395309448242e-01 3.745311498641967773e-01 3.675420582294464111e-01 3.761372268199920654e-01 4.101983010768890381e-01 4.834810495376586914e-01 6.228334307670593262e-01
8.415979146957397461e-01 1.086506605148315430e+00 1.349681377410888672e+00 1.633107542991638184e+00 1.934666037559509277e+00 2.252943277359008789e+00 2.585374832153320312e+00 2.929579019546508789e+00 3.282654285430908203e+00 3.641823530197143555e+00 4.004107952117919922e+00 4.366709232330322266e+00 4.726837158203125000e+00 5.081954002380371094e+00 5.429667949676513672e+00 5.767890453338623047e+00 6.094753265380859375e+00 6.408706665039062500e+00 6.708442687988281250e+00 6.992950439453125000e+00 7.261445045471191406e+00 7.513391494750976562e+00 7.748439311981201172e+00 7.966429710388183594e+00 8.167336463928222656e+00 8.351266860961914062e+00 8.518410682678222656e+00 8.669041633605957031e+00 8.803471565246582031e+00 8.922059059143066406e+00 9.025175094604492188e+00 9.113206863403320312e+00 9.186537742614746094e+00 9.245555877685546875e+00 9.290635108947753906e+00 9.322148323059082031e+00 9.340456962585449219e+00 9.345919609069824219e+00 9.338886260986328125e+00 9.319709777832031250e+00 9.288735389709472656e+00 9.246320724487304688e+00 9.192818641662597656e+00 9.128596305847167969e+00 9.054025650024414062e+00 8.969491004943847656e+00 8.875386238098144531e+00 8.772119522094726562e+00 8.660106658935546875e+00 8.539783477783203125e+00 8.411588668823242188e+00 8.275979995727539062e+00 8.133419036865234375e+00 7.984382629394531250e+00 7.829348087310791016e+00 7.668806552886962891e+00 7.503244876861572266e+00 7.333163261413574219e+00 7.159050941467285156e+00 6.981407642364501953e+00 6.800719261169433594e+00 6.617478847503662109e+00 6.432160377502441406e+00 6.245242118835449219e+00 6.057180404663085938e+00 5.868432044982910156e+00 5.679428577423095703e+00 5.490600585937500000e+00 5.302347660064697266e+00 5.115069389343261719e+00 4.929130077362060547e+00 4.744892597198486328e+00 4.562683105468750000e+00 4.382824420928955078e+00 4.205601692199707031e+00 4.031296730041503906e+00 3.860151052474975586e+00 3.692404747009277344e+00 3.528254985809326172e+00 3.367900133132934570e+00 3.211493730545043945e+00 3.059193372726440430e+00 2.911110401153564453e+00 2.767362356185913086e+00 2.628020524978637695e+00 2.493165969848632812e+00 2.362831115722656250e+00 2.237063884735107422e+00 2.115861892700195312e+00 1.999241828918457031e+00 1.887169957160949707e+00 1.779636979103088379e+00 1.676580190658569336e+00 1.577968001365661621e+00 1.483712792396545410e+00 1.393765091896057129e+00 1.308015346527099609e+00 1.226400494575500488e+00 1.148792386054992676e+00 1.075119137763977051e+00 1.005236387252807617e+00 9.390685558319091797e-01 8.764582872390747070e-01 8.173322677612304688e-01 7.615243196487426758e-01 7.089748382568359375e-01 6.595188379287719727e-01 6.131360530853271484e-01 5.696940422058105469e-01 5.292813777923583984e-01 4.918968975543975830e-01 4.579334259033203125e-01 4.278123378753662109e-01 4.027736485004425049e-01 3.844730854034423828e-01 3.764535486698150635e-01 3.837254643440246582e-01 4.159318804740905762e-01 4.865013659000396729e-01 6.216920018196105957e-01
8.351452946662902832e-01 1.073696374893188477e+00 1.330166816711425781e+00 1.606592178344726562e+00 1.900993466377258301e+00 2.212085962295532227e+00 2.537457227706909180e+00 2.874866485595703125e+00 3.221553564071655273e+00 3.574865102767944336e+00 3.931932210922241211e+00 4.290042400360107422e+00 4.646469116210937500e+00 4.998713016510009766e+00 5.344397544860839844e+00 5.681424617767333984e+00 6.007898330688476562e+00 6.322221279144287109e+00 6.623025894165039062e+00 6.909231185913085938e+00 7.179974555969238281e+00 7.434642314910888672e+00 7.672803401947021484e+00 7.894222736358642578e+00 8.098802566528320312e+00 8.286584854125976562e+00 8.457700729370117188e+00 8.612373352050781250e+00 8.750875473022460938e+00 8.873529434204101562e+00 8.980678558349609375e+00 9.072690963745117188e+00 9.149934768676757812e+00 9.212786674499511719e+00 9.261615753173828125e+00 9.296792984008789062e+00 9.318675994873046875e+00 9.327625274658203125e+00 9.323990821838378906e+00 9.308129310607910156e+00 9.280386924743652344e+00 9.241122245788574219e+00 9.190690040588378906e+00 9.129460334777832031e+00 9.057801246643066406e+00 8.976099967956542969e+00 8.884746551513671875e+00 8.784149169921875000e+00 8.674722671508789062e+00 8.556898117065429688e+00 8.431113243103027344e+00 8.297821998596191406e+00 8.157483100891113281e+00 8.010569572448730469e+00 7.857555389404296875e+00 7.698929786682128906e+00 7.535176753997802734e+00 7.366793155670166016e+00 7.194266796112060547e+00 7.018095016479492188e+00 6.838762760162353516e+00 6.656760692596435547e+00 6.472563266754150391e+00 6.286648273468017578e+00 6.099471569061279297e+00 5.911491394042968750e+00 5.723139762878417969e+00 5.534848690032958984e+00 5.347020149230957031e+00 5.160055160522460938e+00 4.974321365356445312e+00 4.790184497833251953e+00 4.607974052429199219e+00 4.428016662597656250e+00 4.250600814819335938e+00 4.076013088226318359e+00 3.904499292373657227e+00 3.736303806304931641e+00 3.571628808975219727e+00 3.410677194595336914e+00 3.253608226776123047e+00 3.100583791732788086e+00 2.951720476150512695e+00 2.807141065597534180e+00 2.666921854019165039e+00 2.531148433685302734e+00 2.399859189987182617e+00 2.273105621337890625e+00 2.150891065597534180e+00 2.033236503601074219e+00 1.920112848281860352e+00 1.811514496803283691e+00 1.707383394241333008e+00 1.607691645622253418e+00 1.512355566024780273e+00 1.421328783035278320e+00 1.334505558013916016e+00 1.251825332641601562e+00 1.173163533210754395e+00 1.098449945449829102e+00 1.027543783187866211e+00 9.603704214096069336e-01 8.967755436897277832e-01 8.366867303848266602e-01 7.799403667449951172e-01 7.264769673347473145e-01 6.761338114738464355e-01 6.288899183273315430e-01 5.846143960952758789e-01 5.433927774429321289e-01 5.052224993705749512e-01 4.704868197441101074e-01 4.395956993103027344e-01 4.137594103813171387e-01 3.945916593074798584e-01 3.855495154857635498e-01 3.915190696716308594e-01 4.219160377979278564e-01 4.898569583892822266e-01 6.210369467735290527e-01
8.293814063072204590e-01 1.061816334724426270e+00 1.311830997467041016e+00 1.581504702568054199e+00 1.868987202644348145e+00 2.173114061355590820e+00 2.491613626480102539e+00 2.822379350662231445e+00 3.162785291671752930e+00 3.510297536849975586e+00 3.862154960632324219e+00 4.215730667114257812e+00 4.568365097045898438e+00 4.917601108551025391e+00 5.261082649230957031e+00 5.596710205078125000e+00 5.922566890716552734e+00 6.237017154693603516e+00 6.538640499114990234e+00 6.826292991638183594e+00 7.099041938781738281e+00 7.356198787689208984e+00 7.597257614135742188e+00 7.821909904479980469e+00 8.029987335205078125e+00 8.221467971801757812e+00 8.396425247192382812e+00 8.555030822753906250e+00 8.697514533996582031e+00 8.824162483215332031e+00 8.935289382934570312e+00 9.031240463256835938e+00 9.112367630004882812e+00 9.179034233093261719e+00 9.231601715087890625e+00 9.270434379577636719e+00 9.295889854431152344e+00 9.308325767517089844e+00 9.308094978332519531e+00 9.295552253723144531e+00 9.271046638488769531e+00 9.234938621520996094e+00 9.187582969665527344e+00 9.129350662231445312e+00 9.060609817504882812e+00 8.981747627258300781e+00 8.893153190612792969e+00 8.795233726501464844e+00 8.688401222229003906e+00 8.573084831237792969e+00 8.449718475341796875e+00 8.318756103515625000e+00 8.180649757385253906e+00 8.035872459411621094e+00 7.884894847869873047e+00 7.728201866149902344e+00 7.566275596618652344e+00 7.399609565734863281e+00 7.228690147399902344e+00 7.054012775421142578e+00 6.876060485839843750e+00 6.695322990417480469e+00 6.512273311614990234e+00 6.327389240264892578e+00 6.141127109527587891e+00 5.953944683074951172e+00 5.766275882720947266e+00 5.578553199768066406e+00 5.391180992126464844e+00 5.204562187194824219e+00 5.019067287445068359e+00 4.835063934326171875e+00 4.652885437011718750e+00 4.472862243652343750e+00 4.295286178588867188e+00 4.120448112487792969e+00 3.948597669601440430e+00 3.779984235763549805e+00 3.614814519882202148e+00 3.453296184539794922e+00 3.295593023300170898e+00 3.141872167587280273e+00 2.992255210876464844e+00 2.846869945526123047e+00 2.705797433853149414e+00 2.569128513336181641e+00 2.436906576156616211e+00 2.309187650680541992e+00 2.185979604721069336e+00 2.067308425903320312e+00 1.953149437904357910e+00 1.843500971794128418e+00 1.738309621810913086e+00 1.637550830841064453e+00 1.541145205497741699e+00 1.449049353599548340e+00 1.361161589622497559e+00 1.277423620223999023e+00 1.197714567184448242e+00 1.121966123580932617e+00 1.050040721893310547e+00 9.818652868270874023e-01 9.172882437705993652e-01 8.562381863594055176e-01 7.985540032386779785e-01 7.441765666007995605e-01 6.929453611373901367e-01 6.448387503623962402e-01 5.997273325920104980e-01 5.576938390731811523e-01 5.187342762947082520e-01 4.832226634025573730e-01 4.515579640865325928e-01 4.249218404293060303e-01 4.048876762390136719e-01 3.948304057121276855e-01 3.995174765586853027e-01 4.281475245952606201e-01 4.935394823551177979e-01 6.208504438400268555e-01
8.242759108543395996e-01 1.050821542739868164e+00 1.294614672660827637e+00 1.557772397994995117e+00 1.838563442230224609e+00 2.135934352874755859e+00 2.447746038436889648e+00 2.772017717361450195e+00 3.106251478195190430e+00 3.448029041290283203e+00 3.794693708419799805e+00 4.143704414367675781e+00 4.492470264434814453e+00 4.838579177856445312e+00 5.179702281951904297e+00 5.513743400573730469e+00 5.838772773742675781e+00 6.153121948242187500e+00 6.455327510833740234e+00 6.744187831878662109e+00 7.018706798553466797e+00 7.278126716613769531e+00 7.521871089935302734e+00 7.749560356140136719e+00 7.960959434509277344e+00 8.155982971191406250e+00 8.334646224975585938e+00 8.497071266174316406e+00 8.643441200256347656e+00 8.774005889892578125e+00 8.889050483703613281e+00 8.988893508911132812e+00 9.073867797851562500e+00 9.144324302673339844e+00 9.200613021850585938e+00 9.243092536926269531e+00 9.272114753723144531e+00 9.288037300109863281e+00 9.291210174560546875e+00 9.281990051269531250e+00 9.260725975036621094e+00 9.227779388427734375e+00 9.183506965637207031e+00 9.128276824951171875e+00 9.062461853027343750e+00 8.986445426940917969e+00 8.900616645812988281e+00 8.805382728576660156e+00 8.701150894165039062e+00 8.588351249694824219e+00 8.467414855957031250e+00 8.338789939880371094e+00 8.202930450439453125e+00 8.060302734375000000e+00 7.911375045776367188e+00 7.756630897521972656e+00 7.596548557281494141e+00 7.431620121002197266e+00 7.262328147888183594e+00 7.089167118072509766e+00 6.912618160247802734e+00 6.733169555664062500e+00 6.551294326782226562e+00 6.367468357086181641e+00 6.182149410247802734e+00 5.995794773101806641e+00 5.808838844299316406e+00 5.621715545654296875e+00 5.434831619262695312e+00 5.248590946197509766e+00 5.063366889953613281e+00 4.879529953002929688e+00 4.697416305541992188e+00 4.517359256744384766e+00 4.339655399322509766e+00 4.164598464965820312e+00 3.992443084716796875e+00 3.823442459106445312e+00 3.657808303833007812e+00 3.495752334594726562e+00 3.337443828582763672e+00 3.183054208755493164e+00 3.032710313796997070e+00 2.886544466018676758e+00 2.744643211364746094e+00 2.607101917266845703e+00 2.473968982696533203e+00 2.345304965972900391e+00 2.221123218536376953e+00 2.101453304290771484e+00 1.986275553703308105e+00 1.875592350959777832e+00 1.769354820251464844e+00 1.667541742324829102e+00 1.570078134536743164e+00 1.476923584938049316e+00 1.387980103492736816e+00 1.303192377090454102e+00 1.222442746162414551e+00 1.145665168762207031e+00 1.072725057601928711e+00 1.003551125526428223e+00 9.379945993423461914e-01 8.759850263595581055e-01 8.173637986183166504e-01 7.620723843574523926e-01 7.099524140357971191e-01 6.609817147254943848e-01 6.150323152542114258e-01 5.721842646598815918e-01 5.324321985244750977e-01 4.961411654949188232e-01 4.636996090412139893e-01 4.362615346908569336e-01 4.153617918491363525e-01 4.042966067790985107e-01 4.077200293540954590e-01 4.346233010292053223e-01 4.975411295890808105e-01 6.211159229278564453e-01
8.198008537292480469e-01 1.040670394897460938e+00 1.278463125228881836e+00 1.535328030586242676e+00 1.809644103050231934e+00 2.100460290908813477e+00 2.405762434005737305e+00 2.723687410354614258e+00 3.051859855651855469e+00 3.387972116470336914e+00 3.729469299316406250e+00 4.073895931243896484e+00 4.418729782104492188e+00 4.761608600616455078e+00 5.100232601165771484e+00 5.432516574859619141e+00 5.756522655487060547e+00 6.070558547973632812e+00 6.373121738433837891e+00 6.662961483001708984e+00 6.939023494720458984e+00 7.200486660003662109e+00 7.446707725524902344e+00 7.677240848541259766e+00 7.891785621643066406e+00 8.090193748474121094e+00 8.272425651550292969e+00 8.438550949096679688e+00 8.588706970214843750e+00 8.723107337951660156e+00 8.842002868652343750e+00 8.945685386657714844e+00 9.034468650817871094e+00 9.108685493469238281e+00 9.168675422668457031e+00 9.214787483215332031e+00 9.247368812561035156e+00 9.266774177551269531e+00 9.273350715637207031e+00 9.267454147338867188e+00 9.249436378479003906e+00 9.219655036926269531e+00 9.178469657897949219e+00 9.126249313354492188e+00 9.063364982604980469e+00 8.990200996398925781e+00 8.907145500183105469e+00 8.814603805541992188e+00 8.712982177734375000e+00 8.602707862854003906e+00 8.484209060668945312e+00 8.357934951782226562e+00 8.224331855773925781e+00 8.083867073059082031e+00 7.937004566192626953e+00 7.784224510192871094e+00 7.626003742218017578e+00 7.462831020355224609e+00 7.295186996459960938e+00 7.123563766479492188e+00 6.948441028594970703e+00 6.770306110382080078e+00 6.589630126953125000e+00 6.406889915466308594e+00 6.222541332244873047e+00 6.037043094635009766e+00 5.850829601287841797e+00 5.664336681365966797e+00 5.477971553802490234e+00 5.292140960693359375e+00 5.107219219207763672e+00 4.923580646514892578e+00 4.741563796997070312e+00 4.561505317687988281e+00 4.383705139160156250e+00 4.208461284637451172e+00 4.036032199859619141e+00 3.866675138473510742e+00 3.700606346130371094e+00 3.538042068481445312e+00 3.379156351089477539e+00 3.224125385284423828e+00 3.073080778121948242e+00 2.926159858703613281e+00 2.783454179763793945e+00 2.645063400268554688e+00 2.511041402816772461e+00 2.381453275680541992e+00 2.256316900253295898e+00 2.135666370391845703e+00 2.019486904144287109e+00 1.907784581184387207e+00 1.800514936447143555e+00 1.697660684585571289e+00 1.599150657653808594e+00 1.504947900772094727e+00 1.414958000183105469e+00 1.329128623008728027e+00 1.247345328330993652e+00 1.169544458389282227e+00 1.095594525337219238e+00 1.025425910949707031e+00 9.588927030563354492e-01 8.959255218505859375e-01 8.363684415817260742e-01 7.801633477210998535e-01 7.271540760993957520e-01 6.773180961608886719e-01 6.305288076400756836e-01 5.868636369705200195e-01 5.463160872459411621e-01 5.092424154281616211e-01 4.760208725929260254e-01 4.477790296077728271e-01 4.260145425796508789e-01 4.139483273029327393e-01 4.161259531974792480e-01 4.413403868675231934e-01 5.018544793128967285e-01 6.218179464340209961e-01
8.159302473068237305e-01 1.031324505805969238e+00 1.263325572013854980e+00 1.514109253883361816e+00 1.782156586647033691e+00 2.066611766815185547e+00 2.365576267242431641e+00 2.677299737930297852e+00 2.999522447586059570e+00 3.330042362213134766e+00 3.666404724121093750e+00 4.006237506866455078e+00 4.347088813781738281e+00 4.686647891998291016e+00 5.022647857666015625e+00 5.353019237518310547e+00 5.675821304321289062e+00 5.989344120025634766e+00 6.292053222656250000e+00 6.582654476165771484e+00 6.860042095184326172e+00 7.123334884643554688e+00 7.371829032897949219e+00 7.605014324188232422e+00 7.822528362274169922e+00 8.024163246154785156e+00 8.209823608398437500e+00 8.379526138305664062e+00 8.533366203308105469e+00 8.671514511108398438e+00 8.794188499450683594e+00 8.901655197143554688e+00 8.994201660156250000e+00 9.072145462036132812e+00 9.135811805725097656e+00 9.185540199279785156e+00 9.221670150756835938e+00 9.244551658630371094e+00 9.254529953002929688e+00 9.251957893371582031e+00 9.237186431884765625e+00 9.210576057434082031e+00 9.172482490539550781e+00 9.123276710510253906e+00 9.063329696655273438e+00 8.993023872375488281e+00 8.912748336791992188e+00 8.822905540466308594e+00 8.723901748657226562e+00 8.616162300109863281e+00 8.500112533569335938e+00 8.376197814941406250e+00 8.244863510131835938e+00 8.106574058532714844e+00 7.961790561676025391e+00 7.810990810394287109e+00 7.654648303985595703e+00 7.493248939514160156e+00 7.327272415161132812e+00 7.157208442687988281e+00 6.983534336090087891e+00 6.806736469268798828e+00 6.627285480499267578e+00 6.445656299591064453e+00 6.262305736541748047e+00 6.077692031860351562e+00 5.892250537872314453e+00 5.706417560577392578e+00 5.520601749420166016e+00 5.335211277008056641e+00 5.150623798370361328e+00 4.967214584350585938e+00 4.785326480865478516e+00 4.605298042297363281e+00 4.427433490753173828e+00 4.252033710479736328e+00 4.079361438751220703e+00 3.909677982330322266e+00 3.743204355239868164e+00 3.580160856246948242e+00 3.420726060867309570e+00 3.265080928802490234e+00 3.113362312316894531e+00 2.965711593627929688e+00 2.822225570678710938e+00 2.683008670806884766e+00 2.548119544982910156e+00 2.417627811431884766e+00 2.291556358337402344e+00 2.169943571090698242e+00 2.052778959274291992e+00 1.940073132514953613e+00 1.831785917282104492e+00 1.727903485298156738e+00 1.628359079360961914e+00 1.533118605613708496e+00 1.442091941833496094e+00 1.355229139328002930e+00 1.272419333457946777e+00 1.193601369857788086e+00 1.118646621704101562e+00 1.047487378120422363e+00 9.799805283546447754e-01 9.160579442977905273e-01 8.555663228034973145e-01 7.984480261802673340e-01 7.445492148399353027e-01 6.938470005989074707e-01 6.462160944938659668e-01 6.017315983772277832e-01 5.603857040405273438e-01 5.225264430046081543e-01 4.885220229625701904e-01 4.594746530055999756e-01 4.368463158607482910e-01 4.237856864929199219e-01 4.247345030307769775e-01 4.482959508895874023e-01 5.064727067947387695e-01 6.229422092437744141e-01
8.126399517059326172e-01 1.022748231887817383e+00 1.249154925346374512e+00 1.494057893753051758e+00 1.756033182144165039e+00 2.034312725067138672e+00 2.327107191085815430e+00 2.632771492004394531e+00 2.949155569076538086e+00 3.274160146713256836e+00 3.605426073074340820e+00 3.940664768218994141e+00 4.277493953704833984e+00 4.613655090332031250e+00 4.946919918060302734e+00 5.275236606597900391e+00 5.596668243408203125e+00 5.909492015838623047e+00 6.212148189544677734e+00 6.503303527832031250e+00 6.781806468963623047e+00 7.046722888946533203e+00 7.297290802001953125e+00 7.532939910888671875e+00 7.753248691558837891e+00 7.957951545715332031e+00 8.146897315979003906e+00 8.320053100585937500e+00 8.477468490600585938e+00 8.619273185729980469e+00 8.745652198791503906e+00 8.856839179992675781e+00 8.953101158142089844e+00 9.034734725952148438e+00 9.102048873901367188e+00 9.155373573303222656e+00 9.195037841796875000e+00 9.221386909484863281e+00 9.234761238098144531e+00 9.235512733459472656e+00 9.223990440368652344e+00 9.200551033020019531e+00 9.165554046630859375e+00 9.119368553161621094e+00 9.062363624572753906e+00 8.994923591613769531e+00 8.917433738708496094e+00 8.830298423767089844e+00 8.733920097351074219e+00 8.628723144531250000e+00 8.515130996704101562e+00 8.393586158752441406e+00 8.264533042907714844e+00 8.128431320190429688e+00 7.985741138458251953e+00 7.836936473846435547e+00 7.682487964630126953e+00 7.522880554199218750e+00 7.358591079711914062e+00 7.190106391906738281e+00 7.017902851104736328e+00 6.842465400695800781e+00 6.664263248443603516e+00 6.483771324157714844e+00 6.301445007324218750e+00 6.117743015289306641e+00 5.933102130889892578e+00 5.747957706451416016e+00 5.562721252441406250e+00 5.377801895141601562e+00 5.193579196929931641e+00 5.010431289672851562e+00 4.828702449798583984e+00 4.648735046386718750e+00 4.470837116241455078e+00 4.295312404632568359e+00 4.122427463531494141e+00 3.952447652816772461e+00 3.785598516464233398e+00 3.622104406356811523e+00 3.462148666381835938e+00 3.305916547775268555e+00 3.153549909591674805e+00 3.005194664001464844e+00 2.860952377319335938e+00 2.720932483673095703e+00 2.585198163986206055e+00 2.453823566436767578e+00 2.326836585998535156e+00 2.204279661178588867e+00 2.086147308349609375e+00 1.972453832626342773e+00 1.863163471221923828e+00 1.758266210556030273e+00 1.657699465751647949e+00 1.561432242393493652e+00 1.469378471374511719e+00 1.381490707397460938e+00 1.297661900520324707e+00 1.217833042144775391e+00 1.141878724098205566e+00 1.069733142852783203e+00 1.001255989074707031e+00 9.363805055618286133e-01 8.749558329582214355e-01 8.169251680374145508e-01 7.621366977691650391e-01 7.105674147605895996e-01 6.620934605598449707e-01 6.167875528335571289e-01 5.746408104896545410e-01 5.359930992126464844e-01 5.012031793594360352e-01 4.713487327098846436e-01 4.478574395179748535e-01 4.338087439537048340e-01 4.335448443889617920e-01 4.554871916770935059e-01 5.113892555236816406e-01 6.244753599166870117e-01
8.099076151847839355e-01 1.014908432960510254e+00 1.235907316207885742e+00 1.475120186805725098e+00 1.731210827827453613e+00 2.003493070602416992e+00 2.290279150009155273e+00 2.590023279190063477e+00 2.900680303573608398e+00 3.220248699188232422e+00 3.546462297439575195e+00 3.877113819122314453e+00 4.209890365600585938e+00 4.542588710784912109e+00 4.873019218444824219e+00 5.199152946472167969e+00 5.519061088562011719e+00 5.831012248992919922e+00 6.133427143096923828e+00 6.424940109252929688e+00 6.704358577728271484e+00 6.970698833465576172e+00 7.223145961761474609e+00 7.461074352264404297e+00 7.684004783630371094e+00 7.891616344451904297e+00 8.083703994750976562e+00 8.260186195373535156e+00 8.421066284179687500e+00 8.566432952880859375e+00 8.696435928344726562e+00 8.811279296875000000e+00 8.911203384399414062e+00 8.996483802795410156e+00 9.067414283752441406e+00 9.124310493469238281e+00 9.167492866516113281e+00 9.197298049926757812e+00 9.214061737060546875e+00 9.218132972717285156e+00 9.209857940673828125e+00 9.189593315124511719e+00 9.157694816589355469e+00 9.114533424377441406e+00 9.060475349426269531e+00 8.995905876159667969e+00 8.921210289001464844e+00 8.836788177490234375e+00 8.743043899536132812e+00 8.640398025512695312e+00 8.529273986816406250e+00 8.410109519958496094e+00 8.283348083496093750e+00 8.149447441101074219e+00 8.008863449096679688e+00 7.862067699432373047e+00 7.709530353546142578e+00 7.551732063293457031e+00 7.389147758483886719e+00 7.222262382507324219e+00 7.051550865173339844e+00 6.877496719360351562e+00 6.700567245483398438e+00 6.521236896514892578e+00 6.339961051940917969e+00 6.157198429107666016e+00 5.973385334014892578e+00 5.788959026336669922e+00 5.604331493377685547e+00 5.419912815093994141e+00 5.236084938049316406e+00 5.053227901458740234e+00 4.871689319610595703e+00 4.691814422607421875e+00 4.513913154602050781e+00 4.338293552398681641e+00 4.165226459503173828e+00 3.994980335235595703e+00 3.827784538269042969e+00 3.663868427276611328e+00 3.503419637680053711e+00 3.346627473831176758e+00 3.193639039993286133e+00 3.044604301452636719e+00 2.899630069732666016e+00 2.758830070495605469e+00 2.622272491455078125e+00 2.490036010742187500e+00 2.362153053283691406e+00 2.238670349121093750e+00 2.119587421417236328e+00 2.004922151565551758e+00 1.894643425941467285e+00 1.788744926452636719e+00 1.687167882919311523e+00 1.589885115623474121e+00 1.496814012527465820e+00 1.407910108566284180e+00 1.323069930076599121e+00 1.242236733436584473e+00 1.165288448333740234e+00 1.092160940170288086e+00 1.022716999053955078e+00 9.568912386894226074e-01 8.945353031158447266e-01 8.355931639671325684e-01 7.799152731895446777e-01 7.274783849716186523e-01 6.781601309776306152e-01 6.320310235023498535e-01 5.890809893608093262e-01 5.496422648429870605e-01 5.140644311904907227e-01 4.834014177322387695e-01 4.590481519699096680e-01 4.440174698829650879e-01 4.425561726093292236e-01 4.629114866256713867e-01 5.165979266166687012e-01 6.264048218727111816e-01
8.077123761177062988e-01 1.007774472236633301e+00 1.223541975021362305e+00 1.457245826721191406e+00 1.707630753517150879e+00 1.974086403846740723e+00 2.255020618438720703e+00 2.548980951309204102e+00 2.854022026062011719e+00 3.168235063552856445e+00 3.489444971084594727e+00 3.815522909164428711e+00 4.144226074218750000e+00 4.473406314849853516e+00 4.800914764404296875e+00 5.124749660491943359e+00 5.442992687225341797e+00 5.753911018371582031e+00 6.055907726287841797e+00 6.347591876983642578e+00 6.627733230590820312e+00 6.895305156707763672e+00 7.149443626403808594e+00 7.389470100402832031e+00 7.614851474761962891e+00 7.825213432312011719e+00 8.020299911499023438e+00 8.199978828430175781e+00 8.364209175109863281e+00 8.513040542602539062e+00 8.646583557128906250e+00 8.765012741088867188e+00 8.868541717529296875e+00 8.957424163818359375e+00 9.031934738159179688e+00 9.092374801635742188e+00 9.139055252075195312e+00 9.172302246093750000e+00 9.192446708679199219e+00 9.199832916259765625e+00 9.194803237915039062e+00 9.177712440490722656e+00 9.148915290832519531e+00 9.108780860900878906e+00 9.057675361633300781e+00 8.995982170104980469e+00 8.924085617065429688e+00 8.842384338378906250e+00 8.751281738281250000e+00 8.651195526123046875e+00 8.542547225952148438e+00 8.425774574279785156e+00 8.301316261291503906e+00 8.169627189636230469e+00 8.031163215637207031e+00 7.886392116546630859e+00 7.735781192779541016e+00 7.579808712005615234e+00 7.418947696685791016e+00 7.253681659698486328e+00 7.084483146667480469e+00 6.911833763122558594e+00 6.736200332641601562e+00 6.558056354522705078e+00 6.377856731414794922e+00 6.196059703826904297e+00 6.013102054595947266e+00 5.829421520233154297e+00 5.645431041717529297e+00 5.461542606353759766e+00 5.278139591217041016e+00 5.095603942871093750e+00 4.914285659790039062e+00 4.734533309936523438e+00 4.556659221649169922e+00 4.380975246429443359e+00 4.207755088806152344e+00 4.037271976470947266e+00 3.869758605957031250e+00 3.705448627471923828e+00 3.544534444808959961e+00 3.387209177017211914e+00 3.233624696731567383e+00 3.083935737609863281e+00 2.938253641128540039e+00 2.796696662902832031e+00 2.659337759017944336e+00 2.526260137557983398e+00 2.397500753402709961e+00 2.273111104965209961e+00 2.153094530105590820e+00 2.037473678588867188e+00 1.926221489906311035e+00 1.819335222244262695e+00 1.716760635375976562e+00 1.618473410606384277e+00 1.524395108222961426e+00 1.434484004974365234e+00 1.348640203475952148e+00 1.266809463500976562e+00 1.188872933387756348e+00 1.114768385887145996e+00 1.044361472129821777e+00 9.775881767272949219e-01 9.143029451370239258e-01 8.544505238533020020e-01 7.978835701942443848e-01 7.445787191390991211e-01 6.944151520729064941e-01 6.474611759185791016e-01 6.037058234214782715e-01 5.634737014770507812e-01 5.271056294441223145e-01 4.956328570842742920e-01 4.704185128211975098e-01 4.544116854667663574e-01 4.517676234245300293e-01 4.705663025379180908e-01 5.220929384231567383e-01 6.287189722061157227e-01
8.060346841812133789e-01 1.001317501068115234e+00 1.212021231651306152e+00 1.440387964248657227e+00 1.685237884521484375e+00 1.946030855178833008e+00 2.221264362335205078e+00 2.509574174880981445e+00 2.809108972549438477e+00 3.118049383163452148e+00 3.434307575225830078e+00 3.755831956863403320e+00 4.080448627471923828e+00 4.406064510345458984e+00 4.730575084686279297e+00 5.052006244659423828e+00 5.368455410003662109e+00 5.678190231323242188e+00 5.979604244232177734e+00 6.271282672882080078e+00 6.551964282989501953e+00 6.820582866668701172e+00 7.076229572296142578e+00 7.318176269531250000e+00 7.545840740203857422e+00 7.758796215057373047e+00 7.956736564636230469e+00 8.139482498168945312e+00 8.306947708129882812e+00 8.459141731262207031e+00 8.596138000488281250e+00 8.718080520629882812e+00 8.825153350830078125e+00 8.917587280273437500e+00 8.995638847351074219e+00 9.059592247009277344e+00 9.109746932983398438e+00 9.146419525146484375e+00 9.169933319091796875e+00 9.180626869201660156e+00 9.178837776184082031e+00 9.164919853210449219e+00 9.139225959777832031e+00 9.102120399475097656e+00 9.053971290588378906e+00 8.995159149169921875e+00 8.926068305969238281e+00 8.847094535827636719e+00 8.758641242980957031e+00 8.661123275756835938e+00 8.554960250854492188e+00 8.440587997436523438e+00 8.318443298339843750e+00 8.188979148864746094e+00 8.052647590637207031e+00 7.909914970397949219e+00 7.761245727539062500e+00 7.607116222381591797e+00 7.447996616363525391e+00 7.284368991851806641e+00 7.116703510284423828e+00 6.945480823516845703e+00 6.771166324615478516e+00 6.594232559204101562e+00 6.415133953094482422e+00 6.234328269958496094e+00 6.052252769470214844e+00 5.869345664978027344e+00 5.686020374298095703e+00 5.502690792083740234e+00 5.319741725921630859e+00 5.137557029724121094e+00 4.956489562988281250e+00 4.776888847351074219e+00 4.599071979522705078e+00 4.423353195190429688e+00 4.250010013580322266e+00 4.079318523406982422e+00 3.911516427993774414e+00 3.746840953826904297e+00 3.585488557815551758e+00 3.427656888961791992e+00 3.273502349853515625e+00 3.123183965682983398e+00 2.976818323135375977e+00 2.834527254104614258e+00 2.696388959884643555e+00 2.562490940093994141e+00 2.432875156402587891e+00 2.307596921920776367e+00 2.186664342880249023e+00 2.070103883743286133e+00 1.957893252372741699e+00 1.850033164024353027e+00 1.746473431587219238e+00 1.647193312644958496e+00 1.552118062973022461e+00 1.461209058761596680e+00 1.374369740486145020e+00 1.291548371315002441e+00 1.212629437446594238e+00 1.137552738189697266e+00 1.066186904907226562e+00 9.984692931175231934e-01 9.342569708824157715e-01 8.734956383705139160e-01 8.160402178764343262e-01 7.618673443794250488e-01 7.108575701713562012e-01 6.630774140357971191e-01 6.185147166252136230e-01 5.774871110916137695e-01 5.403267145156860352e-01 5.080429911613464355e-01 4.819686114788055420e-01 4.649912416934967041e-01 4.611782729625701904e-01 4.784491062164306641e-01 5.278688073158264160e-01 6.314068436622619629e-01
8.048565387725830078e-01 9.955109953880310059e-01 1.201309442520141602e+00 1.424502611160278320e+00 1.663980722427368164e+00 1.919268488883972168e+00 2.188947677612304688e+00 2.471736431121826172e+00 2.765873670578002930e+00 3.069625377655029297e+00 3.380986928939819336e+00 3.697982788085937500e+00 4.018507003784179688e+00 4.340521812438964844e+00 4.661967754364013672e+00 4.980901241302490234e+00 5.295437812805175781e+00 5.603850841522216797e+00 5.904526233673095703e+00 6.196032047271728516e+00 6.477079391479492188e+00 6.746567249298095703e+00 7.003544807434082031e+00 7.247240066528320312e+00 7.477021694183349609e+00 7.692414760589599609e+00 7.893065452575683594e+00 8.078747749328613281e+00 8.249330520629882812e+00 8.404783248901367188e+00 8.545143127441406250e+00 8.670521736145019531e+00 8.781073570251464844e+00 8.877006530761718750e+00 8.958555221557617188e+00 9.025988578796386719e+00 9.079591751098632812e+00 9.119669914245605469e+00 9.146538734436035156e+00 9.160529136657714844e+00 9.161976814270019531e+00 9.151228904724121094e+00 9.128636360168457031e+00 9.094562530517578125e+00 9.049372673034667969e+00 8.993446350097656250e+00 8.927165985107421875e+00 8.850926399230957031e+00 8.765129089355468750e+00 8.670186996459960938e+00 8.566518783569335938e+00 8.454557418823242188e+00 8.334737777709960938e+00 8.207509040832519531e+00 8.073323249816894531e+00 7.932642936706542969e+00 7.785930156707763672e+00 7.633659362792968750e+00 7.476299285888671875e+00 7.314328193664550781e+00 7.148215770721435547e+00 6.978440761566162109e+00 6.805467605590820312e+00 6.629767417907714844e+00 6.451793670654296875e+00 6.272005081176757812e+00 6.090837955474853516e+00 5.908731460571289062e+00 5.726099491119384766e+00 5.543356895446777344e+00 5.360890865325927734e+00 5.179086208343505859e+00 4.998298168182373047e+00 4.818879127502441406e+00 4.641149044036865234e+00 4.465424537658691406e+00 4.291987419128417969e+00 4.121116638183593750e+00 3.953054189682006836e+00 3.788040637969970703e+00 3.626277446746826172e+00 3.467966079711914062e+00 3.313267230987548828e+00 3.162344455718994141e+00 3.015318632125854492e+00 2.872316598892211914e+00 2.733421087265014648e+00 2.598723649978637695e+00 2.468271255493164062e+00 2.342122793197631836e+00 2.220291852951049805e+00 2.102808237075805664e+00 1.989654302597045898e+00 1.880834341049194336e+00 1.776302337646484375e+00 1.676041007041931152e+00 1.579979181289672852e+00 1.488081574440002441e+00 1.400255084037780762e+00 1.316450357437133789e+00 1.236555218696594238e+00 1.160511612892150879e+00 1.088190913200378418e+00 1.019532322883605957e+00 9.543954133987426758e-01 8.927268385887145996e-01 8.343837857246398926e-01 7.793430089950561523e-01 7.274864315986633301e-01 6.788788437843322754e-01 6.335071325302124023e-01 5.916820168495178223e-01 5.537274479866027832e-01 5.206317901611328125e-01 4.936983585357666016e-01 4.757558703422546387e-01 4.707871973514556885e-01 4.865575134754180908e-01 5.339202880859375000e-01 6.344581246376037598e-01
8.041608333587646484e-01 9.903298020362854004e-01 1.191373705863952637e+00 1.409548997879028320e+00 1.643810868263244629e+00 1.893744707107543945e+00 2.158010721206665039e+00 2.435405254364013672e+00 2.724252223968505859e+00 3.022899150848388672e+00 3.329422235488891602e+00 3.641919374465942383e+00 3.958351135253906250e+00 4.276735782623291016e+00 4.595059394836425781e+00 4.911410808563232422e+00 5.223927497863769531e+00 5.530889987945556641e+00 5.830682277679443359e+00 6.121857643127441406e+00 6.403104782104492188e+00 6.673290729522705078e+00 6.931428909301757812e+00 7.176704406738281250e+00 7.408441543579101562e+00 7.626118659973144531e+00 7.829336166381835938e+00 8.017822265625000000e+00 8.191404342651367188e+00 8.350010871887207031e+00 8.493641853332519531e+00 8.622375488281250000e+00 8.736339569091796875e+00 8.835714340209960938e+00 8.920715332031250000e+00 8.991590499877929688e+00 9.048611640930175781e+00 9.092073440551757812e+00 9.122281074523925781e+00 9.139557838439941406e+00 9.144233703613281250e+00 9.136651039123535156e+00 9.117158889770507812e+00 9.086116790771484375e+00 9.043889045715332031e+00 8.990852355957031250e+00 8.927387237548828125e+00 8.853887557983398438e+00 8.770752906799316406e+00 8.678395271301269531e+00 8.577229499816894531e+00 8.467688560485839844e+00 8.350203514099121094e+00 8.225223541259765625e+00 8.093194961547851562e+00 7.954580783843994141e+00 7.809839725494384766e+00 7.659443855285644531e+00 7.503859519958496094e+00 7.343563556671142578e+00 7.179024219512939453e+00 7.010717391967773438e+00 6.839107036590576172e+00 6.664663314819335938e+00 6.487838745117187500e+00 6.309092044830322266e+00 6.128859043121337891e+00 5.947579383850097656e+00 5.765667915344238281e+00 5.583540439605712891e+00 5.401585102081298828e+00 5.220189094543457031e+00 5.039709568023681641e+00 4.860501289367675781e+00 4.682887077331542969e+00 4.507185935974121094e+00 4.333683490753173828e+00 4.162662029266357422e+00 3.994367361068725586e+00 3.829043626785278320e+00 3.666896581649780273e+00 3.508131742477416992e+00 3.352914333343505859e+00 3.201411962509155273e+00 3.053750276565551758e+00 2.910060167312622070e+00 2.770429372787475586e+00 2.634953498840332031e+00 2.503684043884277344e+00 2.376684427261352539e+00 2.253972530364990234e+00 2.135582208633422852e+00 2.021500110626220703e+00 1.911734461784362793e+00 1.806243181228637695e+00 1.705012440681457520e+00 1.607974886894226074e+00 1.515098214149475098e+00 1.426292896270751953e+00 1.341512322425842285e+00 1.260647416114807129e+00 1.183642268180847168e+00 1.110371351242065430e+00 1.040775299072265625e+00 9.747163653373718262e-01 9.121423959732055664e-01 8.529127240180969238e-01 7.970042824745178223e-01 7.443006038665771484e-01 6.948645710945129395e-01 6.486823558807373047e-01 6.060580015182495117e-01 5.673075318336486816e-01 5.333990454673767090e-01 5.056076645851135254e-01 4.867052137851715088e-01 4.805934727191925049e-01 4.948892593383789062e-01 5.402424931526184082e-01 6.378632783889770508e-01
8.039317131042480469e-01 9.857507348060607910e-01 1.182183146476745605e+00 1.395488739013671875e+00 1.624683380126953125e+00 1.869408130645751953e+00 2.128397226333618164e+00 2.400521039962768555e+00 2.684183359146118164e+00 2.977809906005859375e+00 3.279554843902587891e+00 3.587586879730224609e+00 3.899932146072387695e+00 4.214664459228515625e+00 4.529816150665283203e+00 4.843511104583740234e+00 5.153909683227539062e+00 5.459302902221679688e+00 5.758076190948486328e+00 6.048772811889648438e+00 6.330061435699462891e+00 6.600783348083496094e+00 6.859916687011718750e+00 7.106609344482421875e+00 7.340143203735351562e+00 7.559953212738037109e+00 7.765595436096191406e+00 7.956754684448242188e+00 8.133216857910156250e+00 8.294868469238281250e+00 8.441676139831542969e+00 8.573683738708496094e+00 8.690988540649414062e+00 8.793745040893554688e+00 8.882146835327148438e+00 8.956424713134765625e+00 9.016832351684570312e+00 9.063652038574218750e+00 9.097179412841796875e+00 9.117728233337402344e+00 9.125622749328613281e+00 9.121200561523437500e+00 9.104804992675781250e+00 9.076794624328613281e+00 9.037529945373535156e+00 8.987384796142578125e+00 8.926739692687988281e+00 8.855986595153808594e+00 8.775520324707031250e+00 8.685753822326660156e+00 8.587100028991699219e+00 8.479989051818847656e+00 8.364849090576171875e+00 8.242127418518066406e+00 8.112269401550292969e+00 7.975734710693359375e+00 7.832979202270507812e+00 7.684473991394042969e+00 7.530682563781738281e+00 7.372079372406005859e+00 7.209131717681884766e+00 7.042313575744628906e+00 6.872087478637695312e+00 6.698922157287597656e+00 6.523270606994628906e+00 6.345589637756347656e+00 6.166316032409667969e+00 5.985889434814453125e+00 5.804725170135498047e+00 5.623239994049072266e+00 5.441823482513427734e+00 5.260864734649658203e+00 5.080721855163574219e+00 4.901752948760986328e+00 4.724283218383789062e+00 4.548634052276611328e+00 4.375094890594482422e+00 4.203951358795166016e+00 4.035451889038085938e+00 3.869845628738403320e+00 3.707341670989990234e+00 3.548149347305297852e+00 3.392438888549804688e+00 3.240381479263305664e+00 3.092107772827148438e+00 2.947752714157104492e+00 2.807408332824707031e+00 2.671175003051757812e+00 2.539108514785766602e+00 2.411276817321777344e+00 2.287701606750488281e+00 2.168421268463134766e+00 2.053426504135131836e+00 1.942729234695434570e+00 1.836291909217834473e+00 1.734103679656982422e+00 1.636101245880126953e+00 1.542255401611328125e+00 1.452479958534240723e+00 1.366731166839599609e+00 1.284903168678283691e+00 1.206942081451416016e+00 1.132725477218627930e+00 1.062195777893066406e+00 9.952178001403808594e-01 9.317404031753540039e-01 8.716254234313964844e-01 8.148499131202697754e-01 7.612988948822021484e-01 7.110336422920227051e-01 6.640396714210510254e-01 6.206145286560058594e-01 5.810666680335998535e-01 5.463445782661437988e-01 5.176962614059448242e-01 4.978389143943786621e-01 4.905961155891418457e-01 5.034420490264892578e-01 5.468307137489318848e-01 6.416131258010864258e-01
8.041542768478393555e-01 9.817519187927246094e-01 1.173708796501159668e+00 1.382285833358764648e+00 1.606555461883544922e+00 1.846210598945617676e+00 2.100054740905761719e+00 2.367027521133422852e+00 2.645609140396118164e+00 2.934299707412719727e+00 3.231328248977661133e+00 3.534932374954223633e+00 3.843202114105224609e+00 4.154266834259033203e+00 4.466205596923828125e+00 4.777177333831787109e+00 5.085367679595947266e+00 5.389082908630371094e+00 5.686711311340332031e+00 5.976788997650146484e+00 6.257969856262207031e+00 6.529070854187011719e+00 6.789041042327880859e+00 7.036992073059082031e+00 7.272168159484863281e+00 7.493962287902832031e+00 7.701888561248779297e+00 7.895590305328369141e+00 8.074810981750488281e+00 8.239400863647460938e+00 8.389287948608398438e+00 8.524483680725097656e+00 8.645055770874023438e+00 8.751132011413574219e+00 8.842883110046386719e+00 8.920518875122070312e+00 8.984278678894042969e+00 9.034428596496582031e+00 9.071252822875976562e+00 9.095058441162109375e+00 9.106160163879394531e+00 9.104889869689941406e+00 9.091587066650390625e+00 9.066606521606445312e+00 9.030303955078125000e+00 8.983054161071777344e+00 8.925232887268066406e+00 8.857229232788085938e+00 8.779438972473144531e+00 8.692271232604980469e+00 8.596137046813964844e+00 8.491463661193847656e+00 8.378679275512695312e+00 8.258228302001953125e+00 8.130552291870117188e+00 7.996109485626220703e+00 7.855354309082031250e+00 7.708754539489746094e+00 7.556771755218505859e+00 7.399879932403564453e+00 7.238542079925537109e+00 7.073232173919677734e+00 6.904411315917968750e+00 6.732546806335449219e+00 6.558090686798095703e+00 6.381499767303466797e+00 6.203210353851318359e+00 6.023662090301513672e+00 5.843271255493164062e+00 5.662455081939697266e+00 5.481605052947998047e+00 5.301110744476318359e+00 5.121333122253417969e+00 4.942631721496582031e+00 4.765334606170654297e+00 4.589766502380371094e+00 4.416218280792236328e+00 4.244979858398437500e+00 4.076303958892822266e+00 3.910442352294921875e+00 3.747607946395874023e+00 3.588014602661132812e+00 3.431836128234863281e+00 3.279248714447021484e+00 3.130386590957641602e+00 2.985389471054077148e+00 2.844353675842285156e+00 2.707383632659912109e+00 2.574540138244628906e+00 2.445894718170166016e+00 2.321474075317382812e+00 2.201320409774780273e+00 2.085428714752197266e+00 1.973814368247985840e+00 1.866444110870361328e+00 1.763310670852661133e+00 1.664354562759399414e+00 1.569549322128295898e+00 1.478812813758850098e+00 1.392103552818298340e+00 1.309319257736206055e+00 1.230408191680908203e+00 1.155250906944274902e+00 1.083791494369506836e+00 1.015897512435913086e+00 9.515190720558166504e-01 8.905202150344848633e-01 8.328784108161926270e-01 7.784800529479980469e-01 7.273851037025451660e-01 6.795782446861267090e-01 6.353510022163391113e-01 5.950043201446533203e-01 5.594680905342102051e-01 5.299639701843261719e-01 5.091565251350402832e-01 5.007942318916320801e-01 5.122137665748596191e-01 5.536805391311645508e-01 6.456991434097290039e-01
8.048145771026611328e-01 9.783128499984741211e-01 1.165923476219177246e+00 1.369906783103942871e+00 1.589387536048889160e+00 1.824106812477111816e+00 2.072933197021484375e+00 2.334871530532836914e+00 2.608474493026733398e+00 2.892313480377197266e+00 3.184688806533813477e+00 3.483904838562011719e+00 3.788114786148071289e+00 4.095502376556396484e+00 4.404192924499511719e+00 4.712383270263671875e+00 5.018285274505615234e+00 5.320221900939941406e+00 5.616587162017822266e+00 5.905914306640625000e+00 6.186845302581787109e+00 6.458176612854003906e+00 6.718831062316894531e+00 6.967887878417968750e+00 7.204555034637451172e+00 7.428187370300292969e+00 7.638258934020996094e+00 7.834372520446777344e+00 8.016232490539550781e+00 8.183650016784667969e+00 8.336518287658691406e+00 8.474815368652343750e+00 8.598577499389648438e+00 8.707909584045410156e+00 8.802953720092773438e+00 8.883901596069335938e+00 8.950974464416503906e+00 9.004424095153808594e+00 9.044522285461425781e+00 9.071565628051757812e+00 9.085860252380371094e+00 9.087733268737792969e+00 9.077517509460449219e+00 9.055562973022460938e+00 9.022223472595214844e+00 8.977869033813476562e+00 8.922873497009277344e+00 8.857625007629394531e+00 8.782516479492187500e+00 8.697953224182128906e+00 8.604346275329589844e+00 8.502120018005371094e+00 8.391700744628906250e+00 8.273530006408691406e+00 8.148048400878906250e+00 8.015709877014160156e+00 7.876969337463378906e+00 7.732289791107177734e+00 7.582132339477539062e+00 7.426968097686767578e+00 7.267258644104003906e+00 7.103476524353027344e+00 6.936080932617187500e+00 6.765538692474365234e+00 6.592300891876220703e+00 6.416822910308837891e+00 6.239542007446289062e+00 6.060897350311279297e+00 5.881305694580078125e+00 5.701185226440429688e+00 5.520927906036376953e+00 5.340925693511962891e+00 5.161540985107421875e+00 4.983135223388671875e+00 4.806038379669189453e+00 4.630578517913818359e+00 4.457050323486328125e+00 4.285745143890380859e+00 4.116919517517089844e+00 3.950829029083251953e+00 3.787690877914428711e+00 3.627722263336181641e+00 3.471101522445678711e+00 3.318008184432983398e+00 3.168581724166870117e+00 3.022964954376220703e+00 2.881259918212890625e+00 2.743574380874633789e+00 2.609973669052124023e+00 2.480533838272094727e+00 2.355285644531250000e+00 2.234275102615356445e+00 2.117501974105834961e+00 2.004985332489013672e+00 1.896695733070373535e+00 1.792629361152648926e+00 1.692730665206909180e+00 1.596976399421691895e+00 1.505287885665893555e+00 1.417626380920410156e+00 1.333892822265625000e+00 1.254037857055664062e+00 1.177944898605346680e+00 1.105559945106506348e+00 1.036753416061401367e+00 9.714764356613159180e-01 9.095954298973083496e-01 8.510882258415222168e-01 7.958428263664245605e-01 7.439178228378295898e-01 6.952971816062927246e-01 6.502666473388671875e-01 6.091201305389404297e-01 5.727691650390625000e-01 5.424103736877441406e-01 5.206575393676757812e-01 5.111867189407348633e-01 5.212022066116333008e-01 5.607876181602478027e-01 6.501132845878601074e-01
8.058995008468627930e-01 9.754143357276916504e-01 1.158801794052124023e+00 1.358319878578186035e+00 1.573141932487487793e+00 1.803053855895996094e+00 2.046985387802124023e+00 2.304002523422241211e+00 2.572727203369140625e+00 2.851798057556152344e+00 3.139584302902221680e+00 3.434455156326293945e+00 3.734624624252319336e+00 4.038330554962158203e+00 4.343745231628417969e+00 4.649102210998535156e+00 4.952643394470214844e+00 5.252708435058593750e+00 5.547701835632324219e+00 5.836155414581298828e+00 6.116702079772949219e+00 6.388122081756591797e+00 6.649313926696777344e+00 6.899328231811523438e+00 7.137339591979980469e+00 7.362667560577392578e+00 7.574747562408447266e+00 7.773143291473388672e+00 7.957521915435791016e+00 8.127656936645507812e+00 8.283407211303710938e+00 8.424715995788574219e+00 8.551591873168945312e+00 8.664109230041503906e+00 8.762389183044433594e+00 8.846600532531738281e+00 8.916945457458496094e+00 8.973662376403808594e+00 9.017007827758789062e+00 9.047268867492675781e+00 9.064741134643554688e+00 9.069746017456054688e+00 9.062609672546386719e+00 9.043676376342773438e+00 9.013298034667968750e+00 8.971838951110839844e+00 8.919672012329101562e+00 8.857182502746582031e+00 8.784758567810058594e+00 8.702807426452636719e+00 8.611735343933105469e+00 8.511963844299316406e+00 8.403919219970703125e+00 8.288039207458496094e+00 8.164762496948242188e+00 8.034542083740234375e+00 7.897828578948974609e+00 7.755084514617919922e+00 7.606767654418945312e+00 7.453347682952880859e+00 7.295284748077392578e+00 7.133049488067626953e+00 6.967099189758300781e+00 6.797900199890136719e+00 6.625902175903320312e+00 6.451560497283935547e+00 6.275311946868896484e+00 6.097595214843750000e+00 5.918828010559082031e+00 5.739428997039794922e+00 5.559791564941406250e+00 5.380308151245117188e+00 5.201343059539794922e+00 5.023260593414306641e+00 4.846392154693603516e+00 4.671068668365478516e+00 4.497586727142333984e+00 4.326241970062255859e+00 4.157294273376464844e+00 3.991002082824707031e+00 3.827586412429809570e+00 3.667268276214599609e+00 3.510230064392089844e+00 3.356655359268188477e+00 3.206687927246093750e+00 3.060474872589111328e+00 2.918122053146362305e+00 2.779742002487182617e+00 2.645404338836669922e+00 2.515188932418823242e+00 2.389131069183349609e+00 2.267281055450439453e+00 2.149642229080200195e+00 2.036237716674804688e+00 1.927042484283447266e+00 1.822055697441101074e+00 1.721225976943969727e+00 1.624533057212829590e+00 1.531901717185974121e+00 1.443296194076538086e+00 1.358620643615722656e+00 1.277828097343444824e+00 1.200804829597473145e+00 1.127498865127563477e+00 1.057783246040344238e+00 9.916104674339294434e-01 9.288492202758789062e-01 8.694778680801391602e-01 8.133859038352966309e-01 7.606306672096252441e-01 7.111955881118774414e-01 6.653608083724975586e-01 6.234133839607238770e-01 5.862473845481872559e-01 5.550351142883300781e-01 5.323413610458374023e-01 5.217726230621337891e-01 5.304054021835327148e-01 5.681479573249816895e-01 6.548479795455932617e-01
8.073965907096862793e-01 9.730383753776550293e-01 1.152320027351379395e+00 1.347495317459106445e+00 1.557783484458923340e+00 1.783011436462402344e+00 2.022166728973388672e+00 2.274372816085815430e+00 2.538317441940307617e+00 2.812702894210815430e+00 3.095965147018432617e+00 3.386535406112670898e+00 3.682687759399414062e+00 3.982712507247924805e+00 4.284828662872314453e+00 4.587308406829833984e+00 4.888422966003417969e+00 5.186532497406005859e+00 5.480051994323730469e+00 5.767516136169433594e+00 6.047552108764648438e+00 6.318924427032470703e+00 6.580513477325439453e+00 6.831342220306396484e+00 7.070556163787841797e+00 7.297439575195312500e+00 7.511393070220947266e+00 7.711943626403808594e+00 7.898721218109130859e+00 8.071463584899902344e+00 8.229994773864746094e+00 8.374225616455078125e+00 8.504134178161621094e+00 8.619767189025878906e+00 8.721221923828125000e+00 8.808645248413085938e+00 8.882219314575195312e+00 8.942166328430175781e+00 8.988731384277343750e+00 9.022186279296875000e+00 9.042819023132324219e+00 9.050942420959472656e+00 9.046875953674316406e+00 9.030959129333496094e+00 9.003537178039550781e+00 8.964974403381347656e+00 8.915637016296386719e+00 8.855907440185546875e+00 8.786174774169921875e+00 8.706840515136718750e+00 8.618309020996093750e+00 8.521001815795898438e+00 8.415340423583984375e+00 8.301761627197265625e+00 8.180701255798339844e+00 8.052610397338867188e+00 7.917937278747558594e+00 7.777142524719238281e+00 7.630681991577148438e+00 7.479022502899169922e+00 7.322623729705810547e+00 7.161952972412109375e+00 6.997467994689941406e+00 6.829632759094238281e+00 6.658896446228027344e+00 6.485713481903076172e+00 6.310520172119140625e+00 6.133755683898925781e+00 5.955838203430175781e+00 5.777186393737792969e+00 5.598194122314453125e+00 5.419255733489990234e+00 5.240737915039062500e+00 5.063005447387695312e+00 4.886392593383789062e+00 4.711232185363769531e+00 4.537824630737304688e+00 4.366467475891113281e+00 4.197424411773681641e+00 4.030956745147705078e+00 3.867289781570434570e+00 3.706647634506225586e+00 3.549217224121093750e+00 3.395185470581054688e+00 3.244700670242309570e+00 3.097913742065429688e+00 2.954935312271118164e+00 2.815881729125976562e+00 2.680827140808105469e+00 2.549854993820190430e+00 2.423005819320678711e+00 2.300333023071289062e+00 2.181844472885131836e+00 2.067567348480224609e+00 1.957479953765869141e+00 1.851585626602172852e+00 1.749836325645446777e+00 1.652215242385864258e+00 1.558650732040405273e+00 1.469109773635864258e+00 1.383499741554260254e+00 1.301775932312011719e+00 1.223828077316284180e+00 1.149605751037597656e+00 1.078984737396240234e+00 1.011919140815734863e+00 9.482797980308532715e-01 8.880456089973449707e-01 8.311077356338500977e-01 7.775223851203918457e-01 7.272724509239196777e-01 6.806325912475585938e-01 6.378834843635559082e-01 5.999022126197814941e-01 5.678376555442810059e-01 5.442075133323669434e-01 5.325509309768676758e-01 5.398212671279907227e-01 5.757577419281005859e-01 6.598960161209106445e-01
8.092942237854003906e-01 9.711679816246032715e-01 1.146455407142639160e+00 1.337405204772949219e+00 1.543278694152832031e+00 1.763941645622253418e+00 1.998435020446777344e+00 2.245937347412109375e+00 2.505197525024414062e+00 2.774979829788208008e+00 3.053783416748046875e+00 3.340099811553955078e+00 3.632261037826538086e+00 3.928609371185302734e+00 4.227410316467285156e+00 4.526974678039550781e+00 4.825603961944580078e+00 5.121680259704589844e+00 5.413632392883300781e+00 5.699998855590820312e+00 5.979403495788574219e+00 6.250600337982177734e+00 6.512451648712158203e+00 6.763957500457763672e+00 7.004234790802001953e+00 7.232537746429443359e+00 7.448232650756835938e+00 7.650811672210693359e+00 7.839869499206542969e+00 8.015109062194824219e+00 8.176319122314453125e+00 8.323379516601562500e+00 8.456239700317382812e+00 8.574916839599609375e+00 8.679482460021972656e+00 8.770063400268554688e+00 8.846821784973144531e+00 8.909961700439453125e+00 8.959712982177734375e+00 8.996336936950683594e+00 9.020112037658691406e+00 9.031338691711425781e+00 9.030330657958984375e+00 9.017422676086425781e+00 8.992954254150390625e+00 8.957283973693847656e+00 8.910776138305664062e+00 8.853810310363769531e+00 8.786771774291992188e+00 8.710059165954589844e+00 8.624075889587402344e+00 8.529239654541015625e+00 8.425970077514648438e+00 8.314702033996582031e+00 8.195868492126464844e+00 8.069919586181640625e+00 7.937299728393554688e+00 7.798468112945556641e+00 7.653878211975097656e+00 7.503995895385742188e+00 7.349277973175048828e+00 7.190190792083740234e+00 7.027189731597900391e+00 6.860738277435302734e+00 6.691284656524658203e+00 6.519282341003417969e+00 6.345167636871337891e+00 6.169379234313964844e+00 5.992335319519042969e+00 5.814455509185791016e+00 5.636134624481201172e+00 5.457767963409423828e+00 5.279723167419433594e+00 5.102367401123046875e+00 4.926036834716796875e+00 4.751067161560058594e+00 4.577760696411132812e+00 4.406417846679687500e+00 4.237306118011474609e+00 4.070689201354980469e+00 3.906796693801879883e+00 3.745856046676635742e+00 3.588057994842529297e+00 3.433593511581420898e+00 3.282614707946777344e+00 3.135277032852172852e+00 2.991694688796997070e+00 2.851988554000854492e+00 2.716237068176269531e+00 2.584527730941772461e+00 2.456904888153076172e+00 2.333426475524902344e+00 2.214104413986206055e+00 2.098969221115112305e+00 1.988003849983215332e+00 1.881214737892150879e+00 1.778557896614074707e+00 1.680019378662109375e+00 1.585531353950500488e+00 1.495063543319702148e+00 1.408526659011840820e+00 1.325878500938415527e+00 1.247011661529541016e+00 1.171877980232238770e+00 1.100355625152587891e+00 1.032400250434875488e+00 9.678851962089538574e-01 9.067898392677307129e-01 8.490069508552551270e-01 7.945917248725891113e-01 7.435266971588134766e-01 6.960812211036682129e-01 6.525297164916992188e-01 6.137331128120422363e-01 5.808175802230834961e-01 5.562552809715270996e-01 5.435205698013305664e-01 5.494479537010192871e-01 5.836131572723388672e-01 6.652505397796630859e-01
8.115814924240112305e-01 9.697871208190917969e-01 1.141186952590942383e+00 1.328023076057434082e+00 1.529596447944641113e+00 1.745808243751525879e+00 1.975750327110290527e+00 2.218652486801147461e+00 2.473322391510009766e+00 2.738582849502563477e+00 3.012993574142456055e+00 3.295104026794433594e+00 3.583302974700927734e+00 3.875983476638793945e+00 4.171457290649414062e+00 4.468073368072509766e+00 4.764165401458740234e+00 5.058138370513916016e+00 5.348435878753662109e+00 5.633603572845458984e+00 5.912264347076416016e+00 6.183163166046142578e+00 6.445147991180419922e+00 6.697197914123535156e+00 6.938405513763427734e+00 7.167994976043701172e+00 7.385301589965820312e+00 7.589784622192382812e+00 7.781004428863525391e+00 7.958630084991455078e+00 8.122418403625488281e+00 8.272215843200683594e+00 8.407942771911621094e+00 8.529589653015136719e+00 8.637202262878417969e+00 8.730884552001953125e+00 8.810778617858886719e+00 8.877071380615234375e+00 8.929976463317871094e+00 8.969742774963378906e+00 8.996636390686035156e+00 9.010950088500976562e+00 9.012989044189453125e+00 9.003080368041992188e+00 8.981558799743652344e+00 8.948779106140136719e+00 8.905099868774414062e+00 8.850898742675781250e+00 8.786557197570800781e+00 8.712471008300781250e+00 8.629041671752929688e+00 8.536683082580566406e+00 8.435813903808593750e+00 8.326865196228027344e+00 8.210269927978515625e+00 8.086473464965820312e+00 7.955919742584228516e+00 7.819064617156982422e+00 7.676361083984375000e+00 7.528271198272705078e+00 7.375250339508056641e+00 7.217764377593994141e+00 7.056266784667968750e+00 6.891218662261962891e+00 6.723068714141845703e+00 6.552268505096435547e+00 6.379254817962646484e+00 6.204465389251708984e+00 6.028319358825683594e+00 5.851235866546630859e+00 5.673611640930175781e+00 5.495841979980468750e+00 5.318296432495117188e+00 5.141343593597412109e+00 4.965322494506835938e+00 4.790569782257080078e+00 4.617390632629394531e+00 4.446089267730712891e+00 4.276935100555419922e+00 4.110195159912109375e+00 3.946102619171142578e+00 3.784888982772827148e+00 3.626747846603393555e+00 3.471874713897705078e+00 3.320425510406494141e+00 3.172559499740600586e+00 3.028395414352416992e+00 2.888057708740234375e+00 2.751629114151000977e+00 2.619201660156250000e+00 2.490823507308959961e+00 2.366556644439697266e+00 2.246417045593261719e+00 2.130439281463623047e+00 2.018610000610351562e+00 1.910938978195190430e+00 1.807386517524719238e+00 1.707941532135009766e+00 1.612539887428283691e+00 1.521154165267944336e+00 1.433698415756225586e+00 1.350132822990417480e+00 1.270353078842163086e+00 1.194312810897827148e+00 1.121893525123596191e+00 1.053051710128784180e+00 9.876634478569030762e-01 9.257087707519531250e-01 8.670819997787475586e-01 8.118374347686767578e-01 7.599571347236633301e-01 7.117056846618652344e-01 6.673514246940612793e-01 6.277394294738769531e-01 5.939742326736450195e-01 5.684840083122253418e-01 5.546804666519165039e-01 5.592833757400512695e-01 5.917107462882995605e-01 6.709051132202148438e-01
8.142479062080383301e-01 9.688808321952819824e-01 1.136494874954223633e+00 1.319324254989624023e+00 1.516707062721252441e+00 1.728577494621276855e+00 1.954074978828430176e+00 2.192477703094482422e+00 2.442649126052856445e+00 2.703467607498168945e+00 2.973551034927368164e+00 3.251505136489868164e+00 3.535773038864135742e+00 3.824797868728637695e+00 4.116937160491943359e+00 4.410577774047851562e+00 4.704086303710937500e+00 4.995892047882080078e+00 5.284454822540283203e+00 5.568329334259033203e+00 5.846139430999755859e+00 6.116624355316162109e+00 6.378619670867919922e+00 6.631086349487304688e+00 6.873094558715820312e+00 7.103841304779052734e+00 7.322633266448974609e+00 7.528897762298583984e+00 7.722162246704101562e+00 7.902064323425292969e+00 8.068327903747558594e+00 8.220769882202148438e+00 8.359279632568359375e+00 8.483819961547851562e+00 8.594412803649902344e+00 8.691138267517089844e+00 8.774117469787597656e+00 8.843520164489746094e+00 8.899543762207031250e+00 8.942422866821289062e+00 8.972411155700683594e+00 8.989792823791503906e+00 8.994864463806152344e+00 8.987944602966308594e+00 8.969364166259765625e+00 8.939469337463378906e+00 8.898617744445800781e+00 8.847182273864746094e+00 8.785539627075195312e+00 8.714083671569824219e+00 8.633212089538574219e+00 8.543338775634765625e+00 8.444877624511718750e+00 8.338258743286132812e+00 8.223910331726074219e+00 8.102277755737304688e+00 7.973802089691162109e+00 7.838937282562255859e+00 7.698133468627929688e+00 7.551851272583007812e+00 7.400544643402099609e+00 7.244676589965820312e+00 7.084700107574462891e+00 6.921075344085693359e+00 6.754249095916748047e+00 6.584672451019287109e+00 6.412781715393066406e+00 6.239014625549316406e+00 6.063789844512939453e+00 5.887527465820312500e+00 5.710624217987060547e+00 5.533476829528808594e+00 5.356456279754638672e+00 5.179932594299316406e+00 5.004246711730957031e+00 4.829737186431884766e+00 4.656712532043457031e+00 4.485478401184082031e+00 4.316307067871093750e+00 4.149470329284667969e+00 3.985203742980957031e+00 3.823741674423217773e+00 3.665282249450683594e+00 3.510024309158325195e+00 3.358128070831298828e+00 3.209756374359130859e+00 3.065032005310058594e+00 2.924083948135375977e+00 2.786998510360717773e+00 2.653872013092041016e+00 2.524757146835327148e+00 2.399718761444091797e+00 2.278778314590454102e+00 2.161972761154174805e+00 2.049293756484985352e+00 1.940754175186157227e+00 1.836318135261535645e+00 1.735977768898010254e+00 1.639672756195068359e+00 1.547378063201904297e+00 1.459011435508728027e+00 1.374535560607910156e+00 1.293849110603332520e+00 1.216907858848571777e+00 1.143595814704895020e+00 1.073871374130249023e+00 1.007612586021423340e+00 9.448006153106689453e-01 8.853312730789184570e-01 8.292579650878906250e-01 7.765626311302185059e-01 7.275050282478332520e-01 6.823476552963256836e-01 6.419205069541931152e-01 6.073070168495178223e-01 5.808929204940795898e-01 5.660296082496643066e-01 5.693257451057434082e-01 6.000470519065856934e-01 6.768536567687988281e-01
8.172837495803833008e-01 9.684348702430725098e-01 1.132360100746154785e+00 1.311285257339477539e+00 1.504582643508911133e+00 1.712217211723327637e+00 1.933373093605041504e+00 2.167374372482299805e+00 2.413136720657348633e+00 2.669592142105102539e+00 2.935413837432861328e+00 3.209261894226074219e+00 3.489632129669189453e+00 3.775016546249389648e+00 4.063817501068115234e+00 4.354460716247558594e+00 4.645345211029052734e+00 4.934925556182861328e+00 5.221680164337158203e+00 5.504173278808593750e+00 5.781032562255859375e+00 6.050993442535400391e+00 6.312881946563720703e+00 6.565643310546875000e+00 6.808326721191406250e+00 7.040105819702148438e+00 7.260258674621582031e+00 7.468183994293212891e+00 7.663378238677978516e+00 7.845447540283203125e+00 8.014084815979003906e+00 8.169076919555664062e+00 8.310283660888671875e+00 8.437641143798828125e+00 8.551145553588867188e+00 8.650853157043457031e+00 8.736865997314453125e+00 8.809332847595214844e+00 8.868436813354492188e+00 8.914397239685058594e+00 8.947456359863281250e+00 8.967885017395019531e+00 8.975972175598144531e+00 8.972030639648437500e+00 8.956380844116210938e+00 8.929367065429687500e+00 8.891340255737304688e+00 8.842668533325195312e+00 8.783725738525390625e+00 8.714903831481933594e+00 8.636595726013183594e+00 8.549213409423828125e+00 8.453166961669921875e+00 8.348885536193847656e+00 8.236794471740722656e+00 8.117337226867675781e+00 7.990951061248779297e+00 7.858088970184326172e+00 7.719198703765869141e+00 7.574739456176757812e+00 7.425162792205810547e+00 7.270930290222167969e+00 7.112493038177490234e+00 6.950310230255126953e+00 6.784827709197998047e+00 6.616495609283447266e+00 6.445749282836914062e+00 6.273026466369628906e+00 6.098746299743652344e+00 5.923328399658203125e+00 5.747170448303222656e+00 5.570670604705810547e+00 5.394200801849365234e+00 5.218131542205810547e+00 5.042806625366210938e+00 4.868566513061523438e+00 4.695721626281738281e+00 4.524580955505371094e+00 4.355419158935546875e+00 4.188510894775390625e+00 4.024095058441162109e+00 3.862409830093383789e+00 3.703656435012817383e+00 3.548037767410278320e+00 3.395717620849609375e+00 3.246862649917602539e+00 3.101600170135498047e+00 2.960062265396118164e+00 2.822340488433837891e+00 2.688534259796142578e+00 2.558700561523437500e+00 2.432908296585083008e+00 2.311182975769042969e+00 2.193565368652343750e+00 2.080050945281982422e+00 1.970656037330627441e+00 1.865348696708679199e+00 1.764124393463134766e+00 1.666926026344299316e+00 1.573731780052185059e+00 1.484462738037109375e+00 1.399083852767944336e+00 1.317497014999389648e+00 1.239660143852233887e+00 1.165460109710693359e+00 1.094856739044189453e+00 1.027730584144592285e+00 9.640635251998901367e-01 9.037531018257141113e-01 8.468520045280456543e-01 7.933419942855834961e-01 7.434781193733215332e-01 6.975175738334655762e-01 6.562755107879638672e-01 6.208151578903198242e-01 5.934813022613525391e-01 5.775667428970336914e-01 5.795732140541076660e-01 6.086187958717346191e-01 6.830902099609375000e-01
8.206796646118164062e-01 9.684357643127441406e-01 1.128765106201171875e+00 1.303883790969848633e+00 1.493196725845336914e+00 1.696696877479553223e+00 1.913610696792602539e+00 2.143305063247680664e+00 2.384746313095092773e+00 2.636915922164916992e+00 2.898541450500488281e+00 3.168334484100341797e+00 3.444842100143432617e+00 3.726604223251342773e+00 4.012066841125488281e+00 4.299695491790771484e+00 4.587920665740966797e+00 4.875223159790039062e+00 5.160100936889648438e+00 5.441131114959716797e+00 5.716945648193359375e+00 5.986279010772705078e+00 6.247948169708251953e+00 6.500886917114257812e+00 6.744124889373779297e+00 6.976814270019531250e+00 7.198207378387451172e+00 7.407675266265869141e+00 7.604685783386230469e+00 7.788814067840576172e+00 7.959723472595214844e+00 8.117170333862304688e+00 8.260987281799316406e+00 8.391083717346191406e+00 8.507429122924804688e+00 8.610057830810546875e+00 8.699049949645996094e+00 8.774535179138183594e+00 8.836679458618164062e+00 8.885687828063964844e+00 8.921788215637207031e+00 8.945242881774902344e+00 8.956329345703125000e+00 8.955350875854492188e+00 8.942623138427734375e+00 8.918482780456542969e+00 8.883275985717773438e+00 8.837367057800292969e+00 8.781126022338867188e+00 8.714939117431640625e+00 8.639199256896972656e+00 8.554312705993652344e+00 8.460688591003417969e+00 8.358752250671386719e+00 8.248928070068359375e+00 8.131654739379882812e+00 8.007369995117187500e+00 7.876523494720458984e+00 7.739561080932617188e+00 7.596938610076904297e+00 7.449107646942138672e+00 7.296527385711669922e+00 7.139647006988525391e+00 6.978924751281738281e+00 6.814805030822753906e+00 6.647737979888916016e+00 6.478157520294189453e+00 6.306500911712646484e+00 6.133188247680664062e+00 5.958638191223144531e+00 5.783250331878662109e+00 5.607421875000000000e+00 5.431527137756347656e+00 5.255938053131103516e+00 5.080999374389648438e+00 4.907054424285888672e+00 4.734415531158447266e+00 4.563393592834472656e+00 4.394267082214355469e+00 4.227312564849853516e+00 4.062772750854492188e+00 3.900888919830322266e+00 3.741866111755371094e+00 3.585910320281982422e+00 3.433189153671264648e+00 3.283873558044433594e+00 3.138094663619995117e+00 2.995988130569458008e+00 2.857649803161621094e+00 2.723183155059814453e+00 2.592648983001708984e+00 2.466120481491088867e+00 2.343626737594604492e+00 2.225212335586547852e+00 2.110877037048339844e+00 2.000640392303466797e+00 1.894474148750305176e+00 1.792377233505249023e+00 1.694296121597290039e+00 1.600211739540100098e+00 1.510048627853393555e+00 1.423774361610412598e+00 1.341293931007385254e+00 1.262567162513732910e+00 1.187483906745910645e+00 1.116005539894104004e+00 1.048015236854553223e+00 9.834955930709838867e-01 9.223458170890808105e-01 8.646180629730224609e-01 8.102937936782836914e-01 7.596239447593688965e-01 7.128601670265197754e-01 6.708036661148071289e-01 6.344980001449584961e-01 6.062482595443725586e-01 5.892909169197082520e-01 5.900239944458007812e-01 6.174228191375732422e-01 6.896093487739562988e-01
8.244268298149108887e-01 9.688708186149597168e-01 1.125692963600158691e+00 1.297099232673645020e+00 1.482524275779724121e+00 1.681987762451171875e+00 1.894755601882934570e+00 2.120235204696655273e+00 2.357440471649169922e+00 2.605400800704956055e+00 2.862895011901855469e+00 3.128684520721435547e+00 3.401365995407104492e+00 3.679526329040527344e+00 3.961654901504516602e+00 4.246254444122314453e+00 4.531789779663085938e+00 4.816767692565917969e+00 5.099707126617431641e+00 5.379197597503662109e+00 5.653879165649414062e+00 5.922486305236816406e+00 6.183830261230468750e+00 6.436833381652832031e+00 6.680510044097900391e+00 6.913991451263427734e+00 7.136507511138916016e+00 7.347402095794677734e+00 7.546116352081298828e+00 7.732196331024169922e+00 7.905276298522949219e+00 8.065085411071777344e+00 8.211425781250000000e+00 8.344181060791015625e+00 8.463295936584472656e+00 8.568781852722167969e+00 8.660696983337402344e+00 8.739151954650878906e+00 8.804295539855957031e+00 8.856315612792968750e+00 8.895428657531738281e+00 8.921884536743164062e+00 8.935950279235839844e+00 8.937919616699218750e+00 8.928102493286132812e+00 8.906827926635742188e+00 8.874437332153320312e+00 8.831287384033203125e+00 8.777747154235839844e+00 8.714198112487792969e+00 8.641028404235839844e+00 8.558642387390136719e+00 8.467447280883789062e+00 8.367863655090332031e+00 8.260314941406250000e+00 8.145236968994140625e+00 8.023064613342285156e+00 7.894245147705078125e+00 7.759222984313964844e+00 7.618452548980712891e+00 7.472382545471191406e+00 7.321469783782958984e+00 7.166163921356201172e+00 7.006920337677001953e+00 6.844182968139648438e+00 6.678400516510009766e+00 6.510006427764892578e+00 6.339438438415527344e+00 6.167115211486816406e+00 5.993456363677978516e+00 5.818861484527587891e+00 5.643729209899902344e+00 5.468434333801269531e+00 5.293350219726562500e+00 5.118823051452636719e+00 4.945198535919189453e+00 4.772790431976318359e+00 4.601912975311279297e+00 4.432847023010253906e+00 4.265871524810791016e+00 4.101232528686523438e+00 3.939174652099609375e+00 3.779906511306762695e+00 3.623636960983276367e+00 3.470538377761840820e+00 3.320784568786621094e+00 3.174510478973388672e+00 3.031856536865234375e+00 2.892921924591064453e+00 2.757813930511474609e+00 2.626597881317138672e+00 2.499350309371948242e+00 2.376104593276977539e+00 2.256909370422363281e+00 2.141767501831054688e+00 2.030702829360961914e+00 1.923690438270568848e+00 1.820732474327087402e+00 1.721779108047485352e+00 1.626814365386962891e+00 1.535765886306762695e+00 1.448603987693786621e+00 1.365236639976501465e+00 1.285625934600830078e+00 1.209664583206176758e+00 1.137315511703491211e+00 1.068464398384094238e+00 1.003094792366027832e+00 9.411076307296752930e-01 8.825544714927673340e-01 8.274167776107788086e-01 7.759413123130798340e-01 7.283745408058166504e-01 6.855041384696960449e-01 6.483547091484069824e-01 6.191928982734680176e-01 6.012009382247924805e-01 6.006761789321899414e-01 6.264560222625732422e-01 6.964056491851806641e-01
8.285169601440429688e-01 9.697281122207641602e-01 1.123127937316894531e+00 1.290911555290222168e+00 1.472541689872741699e+00 1.668062448501586914e+00 1.876777172088623047e+00 2.098131418228149414e+00 2.331183433532714844e+00 2.575009584426879883e+00 2.828436851501464844e+00 3.090274810791015625e+00 3.359168529510498047e+00 3.633749723434448242e+00 3.912550449371337891e+00 4.194111347198486328e+00 4.476930618286132812e+00 4.759542465209960938e+00 5.040485858917236328e+00 5.318366527557373047e+00 5.591832637786865234e+00 5.859620094299316406e+00 6.120537757873535156e+00 6.373497486114501953e+00 6.617500782012939453e+00 6.851660251617431641e+00 7.075184345245361328e+00 7.287393093109130859e+00 7.487700462341308594e+00 7.675626277923583984e+00 7.850776672363281250e+00 8.012851715087890625e+00 8.161628723144531250e+00 8.296962738037109375e+00 8.418775558471679688e+00 8.527053833007812500e+00 8.621833801269531250e+00 8.703207969665527344e+00 8.771306991577148438e+00 8.826302528381347656e+00 8.868396759033203125e+00 8.897827148437500000e+00 8.914851188659667969e+00 8.919753074645996094e+00 8.912833213806152344e+00 8.894414901733398438e+00 8.864832878112792969e+00 8.824440002441406250e+00 8.773598670959472656e+00 8.712687492370605469e+00 8.642090797424316406e+00 8.562211036682128906e+00 8.473449707031250000e+00 8.376226425170898438e+00 8.270960807800292969e+00 8.158086776733398438e+00 8.038037300109863281e+00 7.911257743835449219e+00 7.778188705444335938e+00 7.639283657073974609e+00 7.494989395141601562e+00 7.345760822296142578e+00 7.192046165466308594e+00 7.034298896789550781e+00 6.872962474822998047e+00 6.708484172821044922e+00 6.541297435760498047e+00 6.371839046478271484e+00 6.200526714324951172e+00 6.027781963348388672e+00 5.854003429412841797e+00 5.679590702056884766e+00 5.504919528961181641e+00 5.330365180969238281e+00 5.156274795532226562e+00 4.982995033264160156e+00 4.810843944549560547e+00 4.640135765075683594e+00 4.471155166625976562e+00 4.304183959960937500e+00 4.139470577239990234e+00 3.977262973785400391e+00 3.817773103713989258e+00 3.661213636398315430e+00 3.507760047912597656e+00 3.357590436935424805e+00 3.210843324661254883e+00 3.067662477493286133e+00 2.928151607513427734e+00 2.792421817779541016e+00 2.660542249679565430e+00 2.532593488693237305e+00 2.408612489700317383e+00 2.288651704788208008e+00 2.172718286514282227e+00 2.060838937759399414e+00 1.952993154525756836e+00 1.849186062812805176e+00 1.749371409416198730e+00 1.653535962104797363e+00 1.561611056327819824e+00 1.473569393157958984e+00 1.389322161674499512e+00 1.308833718299865723e+00 1.231999397277832031e+00 1.158784151077270508e+00 1.089075922966003418e+00 1.022859096527099609e+00 9.600366950035095215e-01 9.006596803665161133e-01 8.447095155715942383e-01 7.924289703369140625e-01 7.440596222877502441e-01 7.003759741783142090e-01 6.623843312263488770e-01 6.323144435882568359e-01 6.132955551147460938e-01 6.115280985832214355e-01 6.357155442237854004e-01 7.034741044044494629e-01
8.329420685768127441e-01 9.709960818290710449e-01 1.121054887771606445e+00 1.285302042961120605e+00 1.463226675987243652e+00 1.654895186424255371e+00 1.859646320343017578e+00 2.076961517333984375e+00 2.305941820144653320e+00 2.545707225799560547e+00 2.795131206512451172e+00 3.053070068359375000e+00 3.318214893341064453e+00 3.589241504669189453e+00 3.864723920822143555e+00 4.143240451812744141e+00 4.423321247100830078e+00 4.703528881072998047e+00 4.982425212860107422e+00 5.258630752563476562e+00 5.530803680419921875e+00 5.797684192657470703e+00 6.058078765869140625e+00 6.310893058776855469e+00 6.555115222930908203e+00 6.789842128753662109e+00 7.014263153076171875e+00 7.227674961090087891e+00 7.429467678070068359e+00 7.619134426116943359e+00 7.796255588531494141e+00 7.960503578186035156e+00 8.111628532409667969e+00 8.249461174011230469e+00 8.373897552490234375e+00 8.484901428222656250e+00 8.582488059997558594e+00 8.666729927062988281e+00 8.737737655639648438e+00 8.795669555664062500e+00 8.840712547302246094e+00 8.873090744018554688e+00 8.893049240112304688e+00 8.900864601135253906e+00 8.896828651428222656e+00 8.881256103515625000e+00 8.854475021362304688e+00 8.816833496093750000e+00 8.768689155578613281e+00 8.710415840148925781e+00 8.642395019531250000e+00 8.565023422241210938e+00 8.478700637817382812e+00 8.383844375610351562e+00 8.280870437622070312e+00 8.170209884643554688e+00 8.052293777465820312e+00 7.927564620971679688e+00 7.796461582183837891e+00 7.659435272216796875e+00 7.516931056976318359e+00 7.369402408599853516e+00 7.217294692993164062e+00 7.061061859130859375e+00 6.901144504547119141e+00 6.737989902496337891e+00 6.572030544281005859e+00 6.403701782226562500e+00 6.233423233032226562e+00 6.061614036560058594e+00 5.888674736022949219e+00 5.715004920959472656e+00 5.540981769561767578e+00 5.366981029510498047e+00 5.193351745605468750e+00 5.020442008972167969e+00 4.848571777343750000e+00 4.678058624267578125e+00 4.509188175201416016e+00 4.342245578765869141e+00 4.177482128143310547e+00 4.015149116516113281e+00 3.855461359024047852e+00 3.698635339736938477e+00 3.544849872589111328e+00 3.394286394119262695e+00 3.247087717056274414e+00 3.103401184082031250e+00 2.963334321975708008e+00 2.827001810073852539e+00 2.694477319717407227e+00 2.565844774246215820e+00 2.441145420074462891e+00 2.320435047149658203e+00 2.203724622726440430e+00 2.091044664382934570e+00 1.982378482818603516e+00 1.877734065055847168e+00 1.777068972587585449e+00 1.680372953414916992e+00 1.587580680847167969e+00 1.498667478561401367e+00 1.413547515869140625e+00 1.332187652587890625e+00 1.254485845565795898e+00 1.180408954620361328e+00 1.109847426414489746e+00 1.042786598205566406e+00 9.791312813758850098e-01 9.189320802688598633e-01 8.621705174446105957e-01 8.090856075286865234e-01 7.599142789840698242e-01 7.154181599617004395e-01 6.765861511230468750e-01 6.456118822097778320e-01 6.255736947059631348e-01 6.225779652595520020e-01 6.451985239982604980e-01 7.108098864555358887e-01
8.376945257186889648e-01 9.726640582084655762e-01 1.119459748268127441e+00 1.280253052711486816e+00 1.454557776451110840e+00 1.642461299896240234e+00 1.843335390090942383e+00 2.056695461273193359e+00 2.281683206558227539e+00 2.517459630966186523e+00 2.762943744659423828e+00 3.017035484313964844e+00 3.278471469879150391e+00 3.545970201492309570e+00 3.818146228790283203e+00 4.093614578247070312e+00 4.370939254760742188e+00 4.648710250854492188e+00 4.925511837005615234e+00 5.199982166290283203e+00 5.470789432525634766e+00 5.736680507659912109e+00 5.996460914611816406e+00 6.249030590057373047e+00 6.493368148803710938e+00 6.728556156158447266e+00 6.953765869140625000e+00 7.168272972106933594e+00 7.371444702148437500e+00 7.562749862670898438e+00 7.741742610931396484e+00 7.908069610595703125e+00 8.061455726623535156e+00 8.201704978942871094e+00 8.328691482543945312e+00 8.442353248596191406e+00 8.542686462402343750e+00 8.629740715026855469e+00 8.703611373901367188e+00 8.764438629150390625e+00 8.812395095825195312e+00 8.847691535949707031e+00 8.870561599731445312e+00 8.881270408630371094e+00 8.880102157592773438e+00 8.867362976074218750e+00 8.843375205993652344e+00 8.808479309082031250e+00 8.763028144836425781e+00 8.707392692565917969e+00 8.641947746276855469e+00 8.567087173461914062e+00 8.483207702636718750e+00 8.390724182128906250e+00 8.290048599243164062e+00 8.181611061096191406e+00 8.065837860107421875e+00 7.943169593811035156e+00 7.814044475555419922e+00 7.678910255432128906e+00 7.538209915161132812e+00 7.392395973205566406e+00 7.241912364959716797e+00 7.087210655212402344e+00 6.928730487823486328e+00 6.766918182373046875e+00 6.602205276489257812e+00 6.435027599334716797e+00 6.265803337097167969e+00 6.094952106475830078e+00 5.922874450683593750e+00 5.749970912933349609e+00 5.576618671417236328e+00 5.403195381164550781e+00 5.230051517486572266e+00 5.057536602020263672e+00 4.885972023010253906e+00 4.715677738189697266e+00 4.546942234039306641e+00 4.380052566528320312e+00 4.215263843536376953e+00 4.052828788757324219e+00 3.892967224121093750e+00 3.735897779464721680e+00 3.581803321838378906e+00 3.430868148803710938e+00 3.283239364624023438e+00 3.139067888259887695e+00 2.998465299606323242e+00 2.861549615859985352e+00 2.728398323059082031e+00 2.599099636077880859e+00 2.473698616027832031e+00 2.352254390716552734e+00 2.234782218933105469e+00 2.121315717697143555e+00 2.011842012405395508e+00 1.906372308731079102e+00 1.804867982864379883e+00 1.707321643829345703e+00 1.613671183586120605e+00 1.523894667625427246e+00 1.437909603118896484e+00 1.355684757232666016e+00 1.277121186256408691e+00 1.202187538146972656e+00 1.130776524543762207e+00 1.062875032424926758e+00 9.983893036842346191e-01 9.373698234558105469e-01 8.797982931137084961e-01 8.259099125862121582e-01 7.759372591972351074e-01 7.306297421455383301e-01 6.909590363502502441e-01 6.590842008590698242e-01 6.380341649055480957e-01 6.338239908218383789e-01 6.549021005630493164e-01 7.184083461761474609e-01
8.427672386169433594e-01 9.747217297554016113e-01 1.118328809738159180e+00 1.275747656822204590e+00 1.446514844894409180e+00 1.630737423896789551e+00 1.827818155288696289e+00 2.037304401397705078e+00 2.258376359939575195e+00 2.490234851837158203e+00 2.731841087341308594e+00 2.982138156890869141e+00 3.239906072616577148e+00 3.503904581069946289e+00 3.772788286209106445e+00 4.045208454132080078e+00 4.319762229919433594e+00 4.595067977905273438e+00 4.869732379913330078e+00 5.142411231994628906e+00 5.411786079406738281e+00 5.676609516143798828e+00 5.935688972473144531e+00 6.187920093536376953e+00 6.432274341583251953e+00 6.667820453643798828e+00 6.893713951110839844e+00 7.109211444854736328e+00 7.313658237457275391e+00 7.506500244140625000e+00 7.687266826629638672e+00 7.855579853057861328e+00 8.011138916015625000e+00 8.153724670410156250e+00 8.283185005187988281e+00 8.399436950683593750e+00 8.502453804016113281e+00 8.592267036437988281e+00 8.668951988220214844e+00 8.732632637023925781e+00 8.783466339111328125e+00 8.821649551391601562e+00 8.847404479980468750e+00 8.860986709594726562e+00 8.862668037414550781e+00 8.852749824523925781e+00 8.831543922424316406e+00 8.799386978149414062e+00 8.756626129150390625e+00 8.703624725341796875e+00 8.640755653381347656e+00 8.568408966064453125e+00 8.486977577209472656e+00 8.396871566772460938e+00 8.298501014709472656e+00 8.192293167114257812e+00 8.078672409057617188e+00 7.958076477050781250e+00 7.830940723419189453e+00 7.697711467742919922e+00 7.558829307556152344e+00 7.414744853973388672e+00 7.265900611877441406e+00 7.112746238708496094e+00 6.955721378326416016e+00 6.795269966125488281e+00 6.631823062896728516e+00 6.465816497802734375e+00 6.297667026519775391e+00 6.127795219421386719e+00 5.956601142883300781e+00 5.784486293792724609e+00 5.611828804016113281e+00 5.439006328582763672e+00 5.266371726989746094e+00 5.094275474548339844e+00 4.923040866851806641e+00 4.752989768981933594e+00 4.584413528442382812e+00 4.417601108551025391e+00 4.252810955047607422e+00 4.090298652648925781e+00 3.930286407470703125e+00 3.772996425628662109e+00 3.618615150451660156e+00 3.467330694198608398e+00 3.319293498992919922e+00 3.174657821655273438e+00 3.033539295196533203e+00 2.896059751510620117e+00 2.762300729751586914e+00 2.632353544235229492e+00 2.506267547607421875e+00 2.384105682373046875e+00 2.265886545181274414e+00 2.151647806167602539e+00 2.041379690170288086e+00 1.935096979141235352e+00 1.832764625549316406e+00 1.734378218650817871e+00 1.639879107475280762e+00 1.549247741699218750e+00 1.462405085563659668e+00 1.379321932792663574e+00 1.299902558326721191e+00 1.224117159843444824e+00 1.151861071586608887e+00 1.083122253417968750e+00 1.017808914184570312e+00 9.559713006019592285e-01 8.975912332534790039e-01 8.429005146026611328e-01 7.921274900436401367e-01 7.460095882415771484e-01 7.055020928382873535e-01 6.727304458618164062e-01 6.506756544113159180e-01 6.452645659446716309e-01 6.648236513137817383e-01 7.262650132179260254e-01
8.481532931327819824e-01 9.771592617034912109e-01 1.117649435997009277e+00 1.271769762039184570e+00 1.439078807830810547e+00 1.619701385498046875e+00 1.813069581985473633e+00 2.018760919570922852e+00 2.235992193222045898e+00 2.464001655578613281e+00 2.701791524887084961e+00 2.948346376419067383e+00 3.202487230300903320e+00 3.463014841079711914e+00 3.728622436523437500e+00 3.997997283935546875e+00 4.269768714904785156e+00 4.542583465576171875e+00 4.815072059631347656e+00 5.085908412933349609e+00 5.353787899017333984e+00 5.617470741271972656e+00 5.875767230987548828e+00 6.127571105957031250e+00 6.371846199035644531e+00 6.607651710510253906e+00 6.834126949310302734e+00 7.050512313842773438e+00 7.256133079528808594e+00 7.450412273406982422e+00 7.632856369018554688e+00 7.803063392639160156e+00 7.960708618164062500e+00 8.105547904968261719e+00 8.237407684326171875e+00 8.356180191040039062e+00 8.461818695068359375e+00 8.554333686828613281e+00 8.633783340454101562e+00 8.700273513793945312e+00 8.753945350646972656e+00 8.794982910156250000e+00 8.823596000671386719e+00 8.840027809143066406e+00 8.844541549682617188e+00 8.837428092956542969e+00 8.818994522094726562e+00 8.789567947387695312e+00 8.749490737915039062e+00 8.699121475219726562e+00 8.638828277587890625e+00 8.568996429443359375e+00 8.490015029907226562e+00 8.402291297912597656e+00 8.306233406066894531e+00 8.202262878417968750e+00 8.090803146362304688e+00 7.972289562225341797e+00 7.847154617309570312e+00 7.715842247009277344e+00 7.578791618347167969e+00 7.436450958251953125e+00 7.289261341094970703e+00 7.137670993804931641e+00 6.982118129730224609e+00 6.823045730590820312e+00 6.660884380340576172e+00 6.496068000793457031e+00 6.329013824462890625e+00 6.160142421722412109e+00 5.989854335784912109e+00 5.818550586700439453e+00 5.646610260009765625e+00 5.474411964416503906e+00 5.302309989929199219e+00 5.130655765533447266e+00 4.959775447845458984e+00 4.789991855621337891e+00 4.621598720550537109e+00 4.454887866973876953e+00 4.290120124816894531e+00 4.127553462982177734e+00 3.967414140701293945e+00 3.809926748275756836e+00 3.655281543731689453e+00 3.503669500350952148e+00 3.355245113372802734e+00 3.210166215896606445e+00 3.068552017211914062e+00 2.930527925491333008e+00 2.796179533004760742e+00 2.665601730346679688e+00 2.538847923278808594e+00 2.415984153747558594e+00 2.297033309936523438e+00 2.182036161422729492e+00 2.070986986160278320e+00 1.963903903961181641e+00 1.860755085945129395e+00 1.761539101600646973e+00 1.666200757026672363e+00 1.574723362922668457e+00 1.487030863761901855e+00 1.403096437454223633e+00 1.322827219963073730e+00 1.246195316314697266e+00 1.173098564147949219e+00 1.103526115417480469e+00 1.037388205528259277e+00 9.747346043586730957e-01 9.155477285385131836e-01 8.600560426712036133e-01 8.084836006164550781e-01 7.615565657615661621e-01 7.202142477035522461e-01 6.865494847297668457e-01 6.634970307350158691e-01 6.568979024887084961e-01 6.749604940414428711e-01 7.343755364418029785e-01
8.538460731506347656e-01 9.799674153327941895e-01 1.117409229278564453e+00 1.268304347991943359e+00 1.432231426239013672e+00 1.609331965446472168e+00 1.799065709114074707e+00 2.001038551330566406e+00 2.214502096176147461e+00 2.438730239868164062e+00 2.672764778137207031e+00 2.915628910064697266e+00 3.166184902191162109e+00 3.423271656036376953e+00 3.685621261596679688e+00 3.951955556869506836e+00 4.220936775207519531e+00 4.491238594055175781e+00 4.761517047882080078e+00 5.030464172363281250e+00 5.296789646148681641e+00 5.559263229370117188e+00 5.816699028015136719e+00 6.067989826202392578e+00 6.312095165252685547e+00 6.548064231872558594e+00 6.775023460388183594e+00 6.992197513580322266e+00 7.198892593383789062e+00 7.394510746002197266e+00 7.578537464141845703e+00 7.750546932220458984e+00 7.910191535949707031e+00 8.057204246520996094e+00 8.191385269165039062e+00 8.312609672546386719e+00 8.420805931091308594e+00 8.515966415405273438e+00 8.598128318786621094e+00 8.667382240295410156e+00 8.723854064941406250e+00 8.767712593078613281e+00 8.799154281616210938e+00 8.818410873413085938e+00 8.825736999511718750e+00 8.821413040161132812e+00 8.805737495422363281e+00 8.779032707214355469e+00 8.741633415222167969e+00 8.693892478942871094e+00 8.636173248291015625e+00 8.568856239318847656e+00 8.492328643798828125e+00 8.406991004943847656e+00 8.313250541687011719e+00 8.211524963378906250e+00 8.102234840393066406e+00 7.985812664031982422e+00 7.862689018249511719e+00 7.733305454254150391e+00 7.598099231719970703e+00 7.457516670227050781e+00 7.311996936798095703e+00 7.161986351013183594e+00 7.007922172546386719e+00 6.850246429443359375e+00 6.689388751983642578e+00 6.525782108306884766e+00 6.359844207763671875e+00 6.191994190216064453e+00 6.022632598876953125e+00 5.852161884307861328e+00 5.680961132049560547e+00 5.509410381317138672e+00 5.337863922119140625e+00 5.166676044464111328e+00 4.996172904968261719e+00 4.826680660247802734e+00 4.658494472503662109e+00 4.491909027099609375e+00 4.327187061309814453e+00 4.164589881896972656e+00 4.004346370697021484e+00 3.846684694290161133e+00 3.691797494888305664e+00 3.539880037307739258e+00 3.391089916229248047e+00 3.245588302612304688e+00 3.103498220443725586e+00 2.964949131011962891e+00 2.830029964447021484e+00 2.698839664459228516e+00 2.571434497833251953e+00 2.447885274887084961e+00 2.328217983245849609e+00 2.212476968765258789e+00 2.100660324096679688e+00 1.992789030075073242e+00 1.888835191726684570e+00 1.788800477981567383e+00 1.692632675170898438e+00 1.600318193435668945e+00 1.511783719062805176e+00 1.427005171775817871e+00 1.345892310142517090e+00 1.268419265747070312e+00 1.194486498832702637e+00 1.124084353446960449e+00 1.057124853134155273e+00 9.936579465866088867e-01 9.336661696434020996e-01 8.773748874664306641e-01 8.250043392181396484e-01 7.772695422172546387e-01 7.350943684577941895e-01 7.005401849746704102e-01 6.764969229698181152e-01 6.687223315238952637e-01 6.853101253509521484e-01 7.427359223365783691e-01
8.598393201828002930e-01 9.831373095512390137e-01 1.117596626281738281e+00 1.265336871147155762e+00 1.425955414772033691e+00 1.599609136581420898e+00 1.785783886909484863e+00 1.984112501144409180e+00 2.193879365921020508e+00 2.414392709732055664e+00 2.644731044769287109e+00 2.883956432342529297e+00 3.130969285964965820e+00 3.384646654129028320e+00 3.643757820129394531e+00 3.907058954238891602e+00 4.173243999481201172e+00 4.441015243530273438e+00 4.709052085876464844e+00 4.976067066192626953e+00 5.240784645080566406e+00 5.501984119415283203e+00 5.758485794067382812e+00 6.009183406829833984e+00 6.253031730651855469e+00 6.489071846008300781e+00 6.716420650482177734e+00 6.934286594390869141e+00 7.141958713531494141e+00 7.338820457458496094e+00 7.524335861206054688e+00 7.698058128356933594e+00 7.859615325927734375e+00 8.008718490600585938e+00 8.145147323608398438e+00 8.268752098083496094e+00 8.379441261291503906e+00 8.477188110351562500e+00 8.562010765075683594e+00 8.633982658386230469e+00 8.693212509155273438e+00 8.739855766296386719e+00 8.774095535278320312e+00 8.796152114868164062e+00 8.806268692016601562e+00 8.804717063903808594e+00 8.791787147521972656e+00 8.767793655395507812e+00 8.733063697814941406e+00 8.687945365905761719e+00 8.632798194885253906e+00 8.567996978759765625e+00 8.493923187255859375e+00 8.410976409912109375e+00 8.319557189941406250e+00 8.220083236694335938e+00 8.112970352172851562e+00 7.998649120330810547e+00 7.877547264099121094e+00 7.750104427337646484e+00 7.616755008697509766e+00 7.477943897247314453e+00 7.334108352661132812e+00 7.185693740844726562e+00 7.033134937286376953e+00 6.876873493194580078e+00 6.717337131500244141e+00 6.554959297180175781e+00 6.390156745910644531e+00 6.223348617553710938e+00 6.054934978485107422e+00 5.885318756103515625e+00 5.714879989624023438e+00 5.543998718261718750e+00 5.373031139373779297e+00 5.202332019805908203e+00 5.032230377197265625e+00 4.863052845001220703e+00 4.695097446441650391e+00 4.528660774230957031e+00 4.364007949829101562e+00 4.201403617858886719e+00 4.041079044342041016e+00 3.883265256881713867e+00 3.728158950805664062e+00 3.575957775115966797e+00 3.426822900772094727e+00 3.280919313430786133e+00 3.138373851776123047e+00 2.999318838119506836e+00 2.863847732543945312e+00 2.732062101364135742e+00 2.604023218154907227e+00 2.479804515838623047e+00 2.359436035156250000e+00 2.242965698242187500e+00 2.130394935607910156e+00 2.021748304367065430e+00 1.917001247406005859e+00 1.816158413887023926e+00 1.719171285629272461e+00 1.626028537750244141e+00 1.536660432815551758e+00 1.451044917106628418e+00 1.369094967842102051e+00 1.290786504745483398e+00 1.216022491455078125e+00 1.144794702529907227e+00 1.077016949653625488e+00 1.012739419937133789e+00 9.519447684288024902e-01 8.948555588722229004e-01 8.416882753372192383e-01 7.931472063064575195e-01 7.501413822174072266e-01 7.147015333175659180e-01 6.896740794181823730e-01 6.807361245155334473e-01 6.958699822425842285e-01 7.513421177864074707e-01
8.661270737648010254e-01 9.866604804992675781e-01 1.118200778961181641e+00 1.262853622436523438e+00 1.420234203338623047e+00 1.590513706207275391e+00 1.773202538490295410e+00 1.967958807945251465e+00 2.174098253250122070e+00 2.390961170196533203e+00 2.617662668228149414e+00 2.853300094604492188e+00 3.096812009811401367e+00 3.347112417221069336e+00 3.603006124496459961e+00 3.863283395767211914e+00 4.126669406890869141e+00 4.391894340515136719e+00 4.657662391662597656e+00 4.922706127166748047e+00 5.185765266418457031e+00 5.445631027221679688e+00 5.701129436492919922e+00 5.951156139373779297e+00 6.194664001464843750e+00 6.430687427520751953e+00 6.658333301544189453e+00 6.876797199249267578e+00 7.085352420806884766e+00 7.283364295959472656e+00 7.470276355743408203e+00 7.645621299743652344e+00 7.809005737304687500e+00 7.960119247436523438e+00 8.098718643188476562e+00 8.224632263183593750e+00 8.337750434875488281e+00 8.438024520874023438e+00 8.525454521179199219e+00 8.600095748901367188e+00 8.662041664123535156e+00 8.711433410644531250e+00 8.748439788818359375e+00 8.773268699645996094e+00 8.786152839660644531e+00 8.787354469299316406e+00 8.777154922485351562e+00 8.755860328674316406e+00 8.723792076110839844e+00 8.681291580200195312e+00 8.628712654113769531e+00 8.566425323486328125e+00 8.494807243347167969e+00 8.414252281188964844e+00 8.325160980224609375e+00 8.227943420410156250e+00 8.123015403747558594e+00 8.010804176330566406e+00 7.891733646392822266e+00 7.766242027282714844e+00 7.634761810302734375e+00 7.497735023498535156e+00 7.355598449707031250e+00 7.208794116973876953e+00 7.057756900787353516e+00 6.902926445007324219e+00 6.744730472564697266e+00 6.583600044250488281e+00 6.419951915740966797e+00 6.254205226898193359e+00 6.086760997772216797e+00 5.918020725250244141e+00 5.748365402221679688e+00 5.578176021575927734e+00 5.407809734344482422e+00 5.237622737884521484e+00 5.067945003509521484e+00 4.899105548858642578e+00 4.731404304504394531e+00 4.565139770507812500e+00 4.400579452514648438e+00 4.237990856170654297e+00 4.077608108520507812e+00 3.919664859771728516e+00 3.764361143112182617e+00 3.611897945404052734e+00 3.462439775466918945e+00 3.316154956817626953e+00 3.173173904418945312e+00 3.033632516860961914e+00 2.897627592086791992e+00 2.765265226364135742e+00 2.636609315872192383e+00 2.511737346649169922e+00 2.390683174133300781e+00 2.273497819900512695e+00 2.160186767578125000e+00 2.050777673721313477e+00 1.945249199867248535e+00 1.843609452247619629e+00 1.745812892913818359e+00 1.651851177215576172e+00 1.561657667160034180e+00 1.475212812423706055e+00 1.392432332038879395e+00 1.313294172286987305e+00 1.237704038619995117e+00 1.165654778480529785e+00 1.097062349319458008e+00 1.031976938247680664e+00 9.703817963600158691e-01 9.124965667724609375e-01 8.585340380668640137e-01 8.091883659362792969e-01 7.653540372848510742e-01 7.290322780609130859e-01 7.030271887779235840e-01 6.929376125335693359e-01 7.066376209259033203e-01 7.601903080940246582e-01
8.727035522460937500e-01 9.905288815498352051e-01 1.119210958480834961e+00 1.260841369628906250e+00 1.415052056312561035e+00 1.582027435302734375e+00 1.761300921440124512e+00 1.952554583549499512e+00 2.155133962631225586e+00 2.368409872055053711e+00 2.591531991958618164e+00 2.823632478713989258e+00 3.063686132431030273e+00 3.310642242431640625e+00 3.563340663909912109e+00 3.820605039596557617e+00 4.081191539764404297e+00 4.343857765197753906e+00 4.607333183288574219e+00 4.870369911193847656e+00 5.131724357604980469e+00 5.390199661254882812e+00 5.644629001617431641e+00 5.893911838531494141e+00 6.136999607086181641e+00 6.372921943664550781e+00 6.600776672363281250e+00 6.819747447967529297e+00 7.029093742370605469e+00 7.228163242340087891e+00 7.416381835937500000e+00 7.593261718750000000e+00 7.758388996124267578e+00 7.911431789398193359e+00 8.052124977111816406e+00 8.180277824401855469e+00 8.295758247375488281e+00 8.398498535156250000e+00 8.488481521606445312e+00 8.565743446350097656e+00 8.630362510681152344e+00 8.682463645935058594e+00 8.722203254699707031e+00 8.749776840209960938e+00 8.765404701232910156e+00 8.769339561462402344e+00 8.761853218078613281e+00 8.743246078491210938e+00 8.713829040527343750e+00 8.673939704895019531e+00 8.623924255371093750e+00 8.564148902893066406e+00 8.494986534118652344e+00 8.416827201843261719e+00 8.330065727233886719e+00 8.235111236572265625e+00 8.132374763488769531e+00 8.022279739379882812e+00 7.905251026153564453e+00 7.781721591949462891e+00 7.652122020721435547e+00 7.516892910003662109e+00 7.376468658447265625e+00 7.231289863586425781e+00 7.081789970397949219e+00 6.928407192230224609e+00 6.771568298339843750e+00 6.611703395843505859e+00 6.449229240417480469e+00 6.284564495086669922e+00 6.118108749389648438e+00 5.950265407562255859e+00 5.781414985656738281e+00 5.611939430236816406e+00 5.442196846008300781e+00 5.272544860839843750e+00 5.103313922882080078e+00 4.934835910797119141e+00 4.767411231994628906e+00 4.601341724395751953e+00 4.436897277832031250e+00 4.274347305297851562e+00 4.113928794860839844e+00 3.955878734588623047e+00 3.800399780273437500e+00 3.647696256637573242e+00 3.497935771942138672e+00 3.351290225982666016e+00 3.207893610000610352e+00 3.067885160446166992e+00 2.931365489959716797e+00 2.798443794250488281e+00 2.669188261032104492e+00 2.543679237365722656e+00 2.421954870223999023e+00 2.304069519042968750e+00 2.190031766891479492e+00 2.079872846603393555e+00 1.973575234413146973e+00 1.871149420738220215e+00 1.772553801536560059e+00 1.677782535552978516e+00 1.586772084236145020e+00 1.499505519866943359e+00 1.415901303291320801e+00 1.335939526557922363e+00 1.259528398513793945e+00 1.186662197113037109e+00 1.117258906364440918e+00 1.051368713378906250e+00 9.889754652976989746e-01 9.302961230278015137e-01 8.755401968955993652e-01 8.253916501998901367e-01 7.807312011718750000e-01 7.435311675071716309e-01 7.165549397468566895e-01 7.053251266479492188e-01 7.176106572151184082e-01 7.692767977714538574e-01
8.795632123947143555e-01 9.947347640991210938e-01 1.120617032051086426e+00 1.259287714958190918e+00 1.410394072532653809e+00 1.574132919311523438e+00 1.750059366226196289e+00 1.937878131866455078e+00 2.136962652206420898e+00 2.346713542938232422e+00 2.566313028335571289e+00 2.794926881790161133e+00 3.031564474105834961e+00 3.275209665298461914e+00 3.524736642837524414e+00 3.779000759124755859e+00 4.036789417266845703e+00 4.296887397766113281e+00 4.558048248291015625e+00 4.819046020507812500e+00 5.078652858734130859e+00 5.335685253143310547e+00 5.588984489440917969e+00 5.837453842163085938e+00 6.080045223236083984e+00 6.315784931182861328e+00 6.543763160705566406e+00 6.763153076171875000e+00 6.973200798034667969e+00 7.173238754272460938e+00 7.362675189971923828e+00 7.541003227233886719e+00 7.707788944244384766e+00 7.862680435180664062e+00 8.005392074584960938e+00 8.135712623596191406e+00 8.253489494323730469e+00 8.358635902404785156e+00 8.451115608215332031e+00 8.530947685241699219e+00 8.598195075988769531e+00 8.652966499328613281e+00 8.695405006408691406e+00 8.725692749023437500e+00 8.744039535522460938e+00 8.750686645507812500e+00 8.745897293090820312e+00 8.729961395263671875e+00 8.703186035156250000e+00 8.665900230407714844e+00 8.618443489074707031e+00 8.561177253723144531e+00 8.494468688964843750e+00 8.418705940246582031e+00 8.334278106689453125e+00 8.241590499877929688e+00 8.141051292419433594e+00 8.033082962036132812e+00 7.918103694915771484e+00 7.796545982360839844e+00 7.668838977813720703e+00 7.535419940948486328e+00 7.396720886230468750e+00 7.253182411193847656e+00 7.105235099792480469e+00 6.953316211700439453e+00 6.797851562500000000e+00 6.639270782470703125e+00 6.477988719940185547e+00 6.314424514770507812e+00 6.148978233337402344e+00 5.982052326202392578e+00 5.814028263092041016e+00 5.645287990570068359e+00 5.476191043853759766e+00 5.307095527648925781e+00 5.138334751129150391e+00 4.970240116119384766e+00 4.803115844726562500e+00 4.637264251708984375e+00 4.472958087921142578e+00 4.310469627380371094e+00 4.150037765502929688e+00 3.991903066635131836e+00 3.836270809173583984e+00 3.683348178863525391e+00 3.533306598663330078e+00 3.386320829391479492e+00 3.242528438568115234e+00 3.102072238922119141e+00 2.965056419372558594e+00 2.831593275070190430e+00 2.701755285263061523e+00 2.575625896453857422e+00 2.453246831893920898e+00 2.334675788879394531e+00 2.219925642013549805e+00 2.109030008316040039e+00 2.001975059509277344e+00 1.898774862289428711e+00 1.799390435218811035e+00 1.703819155693054199e+00 1.612000584602355957e+00 1.523920059204101562e+00 1.439499020576477051e+00 1.358719825744628906e+00 1.281493067741394043e+00 1.207814574241638184e+00 1.137604236602783203e+00 1.070912480354309082e+00 1.007723927497863770e+00 9.482526779174804688e-01 8.927051424980163574e-01 8.417556881904602051e-01 7.962714433670043945e-01 7.581970691680908203e-01 7.302559614181518555e-01 7.178969383239746094e-01 7.287867665290832520e-01 7.785979509353637695e-01
8.867006897926330566e-01 9.992707371711730957e-01 1.122409701347351074e+00 1.258180737495422363e+00 1.406246066093444824e+00 1.566813468933105469e+00 1.739459037780761719e+00 1.923908352851867676e+00 2.119562149047851562e+00 2.325848340988159180e+00 2.541981220245361328e+00 2.767157793045043945e+00 3.000421762466430664e+00 3.240790128707885742e+00 3.487169742584228516e+00 3.738448143005371094e+00 3.993442296981811523e+00 4.250964641571044922e+00 4.509793281555175781e+00 4.768722534179687500e+00 5.026542663574218750e+00 5.282082080841064453e+00 5.534193515777587891e+00 5.781783580780029297e+00 6.023806571960449219e+00 6.259285449981689453e+00 6.487305164337158203e+00 6.707028865814208984e+00 6.917691230773925781e+00 7.118609905242919922e+00 7.309176921844482422e+00 7.488867759704589844e+00 7.657229423522949219e+00 7.813890457153320312e+00 7.958544731140136719e+00 8.090961456298828125e+00 8.210968017578125000e+00 8.318458557128906250e+00 8.413378715515136719e+00 8.495731353759765625e+00 8.565561294555664062e+00 8.622962951660156250e+00 8.668064117431640625e+00 8.701034545898437500e+00 8.722072601318359375e+00 8.731410026550292969e+00 8.729298591613769531e+00 8.716020584106445312e+00 8.691874504089355469e+00 8.657181739807128906e+00 8.612277984619140625e+00 8.557517051696777344e+00 8.493262290954589844e+00 8.419896125793457031e+00 8.337803840637207031e+00 8.247387886047363281e+00 8.149052619934082031e+00 8.043215751647949219e+00 7.930294990539550781e+00 7.810719490051269531e+00 7.684915065765380859e+00 7.553318023681640625e+00 7.416357994079589844e+00 7.274473190307617188e+00 7.128093719482421875e+00 6.977654933929443359e+00 6.823580741882324219e+00 6.666301250457763672e+00 6.506230354309082031e+00 6.343785762786865234e+00 6.179368495941162109e+00 6.013380050659179688e+00 5.846202850341796875e+00 5.678219795227050781e+00 5.509789943695068359e+00 5.341273307800292969e+00 5.173004150390625000e+00 5.005315780639648438e+00 4.838513851165771484e+00 4.672903060913085938e+00 4.508758068084716797e+00 4.346353530883789062e+00 4.185931205749511719e+00 4.027733325958251953e+00 3.871969699859619141e+00 3.718849420547485352e+00 3.568547725677490234e+00 3.421242237091064453e+00 3.277074098587036133e+00 3.136189222335815430e+00 2.998695850372314453e+00 2.864709377288818359e+00 2.734305858612060547e+00 2.607572555541992188e+00 2.484554529190063477e+00 2.365313053131103516e+00 2.249863862991333008e+00 2.138244867324829102e+00 2.030445098876953125e+00 1.926481604576110840e+00 1.826319098472595215e+00 1.729957461357116699e+00 1.637339472770690918e+00 1.548453092575073242e+00 1.463222622871398926e+00 1.381632208824157715e+00 1.303595423698425293e+00 1.229109406471252441e+00 1.158096194267272949e+00 1.090606451034545898e+00 1.026625275611877441e+00 9.663645029067993164e-01 9.100274443626403809e-01 8.582790493965148926e-01 8.119736313819885254e-01 7.730285525321960449e-01 7.441288232803344727e-01 7.306513786315917969e-01 7.401635646820068359e-01 7.881503701210021973e-01
8.941108584403991699e-01 1.004129767417907715e+00 1.124579429626464844e+00 1.257508873939514160e+00 1.402594208717346191e+00 1.560053348541259766e+00 1.729481816291809082e+00 1.910625576972961426e+00 2.102910280227661133e+00 2.305791139602661133e+00 2.518511772155761719e+00 2.740300416946411133e+00 2.970232963562011719e+00 3.207358598709106445e+00 3.450616359710693359e+00 3.698924779891967773e+00 3.951129913330078125e+00 4.206071853637695312e+00 4.462552070617675781e+00 4.719386577606201172e+00 4.975383758544921875e+00 5.229385375976562500e+00 5.480253696441650391e+00 5.726902961730957031e+00 5.968288421630859375e+00 6.203431606292724609e+00 6.431413173675537109e+00 6.651388645172119141e+00 6.862580776214599609e+00 7.064295291900634766e+00 7.255907535552978516e+00 7.436877250671386719e+00 7.606733322143554688e+00 7.765084266662597656e+00 7.911605834960937500e+00 8.046047210693359375e+00 8.168216705322265625e+00 8.277990341186523438e+00 8.375294685363769531e+00 8.460115432739257812e+00 8.532481193542480469e+00 8.592470169067382812e+00 8.640197753906250000e+00 8.675819396972656250e+00 8.699522018432617188e+00 8.711524963378906250e+00 8.712071418762207031e+00 8.701435089111328125e+00 8.679904937744140625e+00 8.647796630859375000e+00 8.605438232421875000e+00 8.553177833557128906e+00 8.491374015808105469e+00 8.420404434204101562e+00 8.340649604797363281e+00 8.252508163452148438e+00 8.156381607055664062e+00 8.052683830261230469e+00 7.941829204559326172e+00 7.824244499206542969e+00 7.700353622436523438e+00 7.570590019226074219e+00 7.435381412506103516e+00 7.295164585113525391e+00 7.150366783142089844e+00 7.001423358917236328e+00 6.848757266998291016e+00 6.692795753479003906e+00 6.533953666687011719e+00 6.372647762298583984e+00 6.209278583526611328e+00 6.044247627258300781e+00 5.877937793731689453e+00 5.710732460021972656e+00 5.542991161346435547e+00 5.375075340270996094e+00 5.207320213317871094e+00 5.040060520172119141e+00 4.873603343963623047e+00 4.708255290985107422e+00 4.544293880462646484e+00 4.381995201110839844e+00 4.221604347229003906e+00 4.063365936279296875e+00 3.907492160797119141e+00 3.754195690155029297e+00 3.603654623031616211e+00 3.456049919128417969e+00 3.311525583267211914e+00 3.170231580734252930e+00 3.032279253005981445e+00 2.897787570953369141e+00 2.766835927963256836e+00 2.639514923095703125e+00 2.515873670578002930e+00 2.395976305007934570e+00 2.279842615127563477e+00 2.167513370513916016e+00 2.058981180191040039e+00 1.954266071319580078e+00 1.853336095809936523e+00 1.756193995475769043e+00 1.662785649299621582e+00 1.573101401329040527e+00 1.487068772315979004e+00 1.404673814773559570e+00 1.325832843780517578e+00 1.250544428825378418e+00 1.178732514381408691e+00 1.110448241233825684e+00 1.045677542686462402e+00 9.846298098564147949e-01 9.275054335594177246e-01 8.749603629112243652e-01 8.278362751007080078e-01 7.880243659019470215e-01 7.581721544265747070e-01 7.435867190361022949e-01 7.517388463020324707e-01 7.979305982589721680e-01
9.017888903617858887e-01 1.009305000305175781e+00 1.127117753028869629e+00 1.257261514663696289e+00 1.399425506591796875e+00 1.553837180137634277e+00 1.720110654830932617e+00 1.898010373115539551e+00 2.086986541748046875e+00 2.286519527435302734e+00 2.495881795883178711e+00 2.714331150054931641e+00 2.940974235534667969e+00 3.174891471862792969e+00 3.415053606033325195e+00 3.660408973693847656e+00 3.909832239151000977e+00 4.162190437316894531e+00 4.416309356689453125e+00 4.671026229858398438e+00 4.925167083740234375e+00 5.177587985992431641e+00 5.427162647247314453e+00 5.672811508178710938e+00 5.913493633270263672e+00 6.148230075836181641e+00 6.376097679138183594e+00 6.596244812011718750e+00 6.807885169982910156e+00 7.010311603546142578e+00 7.202886581420898438e+00 7.385052680969238281e+00 7.556322097778320312e+00 7.716285228729248047e+00 7.864599704742431641e+00 8.000994682312011719e+00 8.125260353088378906e+00 8.237254142761230469e+00 8.336885452270507812e+00 8.424121856689453125e+00 8.498974800109863281e+00 8.561509132385253906e+00 8.611824989318847656e+00 8.650064468383789062e+00 8.676401138305664062e+00 8.691045761108398438e+00 8.694229125976562500e+00 8.686216354370117188e+00 8.667288780212402344e+00 8.637754440307617188e+00 8.597932815551757812e+00 8.548168182373046875e+00 8.488812446594238281e+00 8.420237541198730469e+00 8.342821121215820312e+00 8.256958007812500000e+00 8.163043975830078125e+00 8.061491012573242188e+00 7.952709674835205078e+00 7.837125301361083984e+00 7.715157508850097656e+00 7.587238311767578125e+00 7.453793525695800781e+00 7.315257549285888672e+00 7.172056198120117188e+00 7.024623394012451172e+00 6.873380184173583984e+00 6.718754291534423828e+00 6.561158657073974609e+00 6.401009559631347656e+00 6.238707542419433594e+00 6.074654102325439453e+00 5.909231662750244141e+00 5.742824554443359375e+00 5.575793266296386719e+00 5.408499717712402344e+00 5.241280078887939453e+00 5.074470520019531250e+00 4.908380031585693359e+00 4.743317604064941406e+00 4.579561710357666016e+00 4.417391300201416016e+00 4.257053852081298828e+00 4.098796844482421875e+00 3.942834377288818359e+00 3.789382696151733398e+00 3.638622999191284180e+00 3.490739107131958008e+00 3.345878839492797852e+00 3.204194784164428711e+00 3.065802097320556641e+00 2.930822849273681641e+00 2.799340486526489258e+00 2.671448469161987305e+00 2.547199726104736328e+00 2.426661729812622070e+00 2.309857606887817383e+00 2.196831226348876953e+00 2.087579250335693359e+00 1.982124209403991699e+00 1.880437731742858887e+00 1.782525062561035156e+00 1.688335537910461426e+00 1.597862005233764648e+00 1.511034607887268066e+00 1.427841901779174805e+00 1.348202586174011230e+00 1.272116780281066895e+00 1.199510693550109863e+00 1.130435824394226074e+00 1.064878702163696289e+00 1.003046751022338867e+00 9.451374411582946777e-01 8.917980790138244629e-01 8.438580632209777832e-01 8.031831383705139160e-01 7.723845243453979492e-01 7.567013502120971680e-01 7.635102868080139160e-01 8.079353570938110352e-01
9.097298979759216309e-01 1.014789819717407227e+00 1.130015969276428223e+00 1.257428169250488281e+00 1.396727561950683594e+00 1.548150777816772461e+00 1.711328864097595215e+00 1.886044621467590332e+00 2.071770906448364258e+00 2.268012523651123047e+00 2.474069118499755859e+00 2.689226627349853516e+00 2.912622213363647461e+00 3.143366098403930664e+00 3.380459070205688477e+00 3.622879266738891602e+00 3.869529485702514648e+00 4.119302749633789062e+00 4.371049880981445312e+00 4.623628139495849609e+00 4.875882148742675781e+00 5.126683712005615234e+00 5.374916553497314453e+00 5.619509220123291016e+00 5.859425544738769531e+00 6.093687057495117188e+00 6.321366786956787109e+00 6.541608810424804688e+00 6.753618240356445312e+00 6.956676006317138672e+00 7.150132179260253906e+00 7.333413600921630859e+00 7.506017208099365234e+00 7.667515277862548828e+00 7.817547798156738281e+00 7.955825328826904297e+00 8.082120895385742188e+00 8.196272850036621094e+00 8.298171997070312500e+00 8.387770652770996094e+00 8.465063095092773438e+00 8.530098915100097656e+00 8.582963943481445312e+00 8.623786926269531250e+00 8.652729034423828125e+00 8.669987678527832031e+00 8.675786972045898438e+00 8.670379638671875000e+00 8.654039382934570312e+00 8.627065658569335938e+00 8.589772224426269531e+00 8.542496681213378906e+00 8.485584259033203125e+00 8.419403076171875000e+00 8.344326019287109375e+00 8.260742187500000000e+00 8.169044494628906250e+00 8.069642066955566406e+00 7.962941646575927734e+00 7.849364757537841797e+00 7.729330062866210938e+00 7.603265762329101562e+00 7.471596717834472656e+00 7.334753990173339844e+00 7.193163394927978516e+00 7.047255516052246094e+00 6.897451877593994141e+00 6.744177341461181641e+00 6.587845325469970703e+00 6.428871154785156250e+00 6.267654895782470703e+00 6.104598045349121094e+00 5.940083503723144531e+00 5.774494647979736328e+00 5.608193874359130859e+00 5.441543579101562500e+00 5.274880886077880859e+00 5.108543395996093750e+00 4.942842006683349609e+00 4.778086662292480469e+00 4.614558696746826172e+00 4.452538490295410156e+00 4.292275905609130859e+00 4.134021282196044922e+00 3.977992057800292969e+00 3.824406385421752930e+00 3.673448801040649414e+00 3.525305986404418945e+00 3.380129337310791016e+00 3.238074541091918945e+00 3.099259853363037109e+00 2.963811397552490234e+00 2.831815242767333984e+00 2.703368902206420898e+00 2.578528404235839844e+00 2.457364559173583984e+00 2.339904546737670898e+00 2.226194858551025391e+00 2.116235494613647461e+00 2.010052204132080078e+00 1.907620191574096680e+00 1.808947205543518066e+00 1.713985800743103027e+00 1.622731328010559082e+00 1.535117030143737793e+00 1.451133370399475098e+00 1.370701789855957031e+00 1.293824195861816406e+00 1.220428586006164551e+00 1.150567054748535156e+00 1.084226965904235840e+00 1.021613597869873047e+00 9.629218578338623047e-01 9.087906479835510254e-01 8.600375056266784668e-01 8.185034990310668945e-01 7.867645025253295898e-01 7.699934840202331543e-01 7.754756212234497070e-01 8.181614279747009277e-01
9.179294109344482422e-01 1.020578265190124512e+00 1.133266210556030273e+00 1.257998704910278320e+00 1.394488453865051270e+00 1.542979955673217773e+00 1.703120946884155273e+00 1.874710798263549805e+00 2.057244539260864258e+00 2.250249385833740234e+00 2.453051805496215820e+00 2.664964914321899414e+00 2.885154485702514648e+00 3.112759590148925781e+00 3.346811056137084961e+00 3.586314916610717773e+00 3.830202102661132812e+00 4.077391624450683594e+00 4.326757431030273438e+00 4.577178955078125000e+00 4.827519416809082031e+00 5.076664447784423828e+00 5.323510646820068359e+00 5.566995143890380859e+00 5.806086063385009766e+00 6.039806842803955078e+00 6.267229080200195312e+00 6.487492084503173828e+00 6.699793338775634766e+00 6.903403759002685547e+00 7.097661018371582031e+00 7.281979084014892578e+00 7.455838203430175781e+00 7.618795394897460938e+00 7.770472049713134766e+00 7.910562515258789062e+00 8.038821220397949219e+00 8.155067443847656250e+00 8.259177207946777344e+00 8.351083755493164062e+00 8.430767059326171875e+00 8.498259544372558594e+00 8.553633689880371094e+00 8.597003936767578125e+00 8.628519058227539062e+00 8.648366928100585938e+00 8.656757354736328125e+00 8.653935432434082031e+00 8.640166282653808594e+00 8.615740776062011719e+00 8.580965995788574219e+00 8.536171913146972656e+00 8.481698989868164062e+00 8.417909622192382812e+00 8.345170021057128906e+00 8.263867378234863281e+00 8.174389839172363281e+00 8.077141761779785156e+00 7.972528457641601562e+00 7.860967159271240234e+00 7.742874145507812500e+00 7.618675708770751953e+00 7.488792896270751953e+00 7.353656768798828125e+00 7.213689327239990234e+00 7.069321632385253906e+00 6.920971870422363281e+00 6.769065380096435547e+00 6.614014148712158203e+00 6.456232547760009766e+00 6.296120166778564453e+00 6.134078979492187500e+00 5.970490932464599609e+00 5.805741310119628906e+00 5.640191555023193359e+00 5.474205017089843750e+00 5.308120727539062500e+00 5.142276763916015625e+00 4.976985931396484375e+00 4.812559604644775391e+00 4.649280548095703125e+00 4.487432479858398438e+00 4.327266693115234375e+00 4.169036388397216797e+00 4.012960910797119141e+00 3.859262228012084961e+00 3.708127260208129883e+00 3.559745788574218750e+00 3.414272308349609375e+00 3.271865844726562500e+00 3.132648229598999023e+00 2.996748208999633789e+00 2.864255666732788086e+00 2.735271692276000977e+00 2.609855413436889648e+00 2.488080978393554688e+00 2.369979143142700195e+00 2.255599498748779297e+00 2.144945621490478516e+00 2.038046360015869141e+00 1.934879779815673828e+00 1.835456848144531250e+00 1.739733099937438965e+00 1.647706270217895508e+00 1.559312820434570312e+00 1.474545359611511230e+00 1.393327951431274414e+00 1.315663933753967285e+00 1.241483569145202637e+00 1.170839548110961914e+00 1.103720068931579590e+00 1.040328383445739746e+00 9.808569550514221191e-01 9.259364604949951172e-01 8.763731718063354492e-01 8.339839577674865723e-01 8.013105392456054688e-01 7.834613919258117676e-01 7.876327633857727051e-01 8.286057710647583008e-01
9.263828396797180176e-01 1.026663899421691895e+00 1.136860609054565430e+00 1.258963704109191895e+00 1.392696738243103027e+00 1.538311481475830078e+00 1.695471525192260742e+00 1.863991975784301758e+00 2.043388605117797852e+00 2.233210802078247070e+00 2.432809591293334961e+00 2.641524553298950195e+00 2.858549118041992188e+00 3.083050489425659180e+00 3.314088106155395508e+00 3.550695657730102539e+00 3.791831254959106445e+00 4.036439418792724609e+00 4.283417701721191406e+00 4.531666755676269531e+00 4.780067443847656250e+00 5.027523040771484375e+00 5.272940635681152344e+00 5.515267372131347656e+00 5.753476142883300781e+00 5.986594200134277344e+00 6.213691711425781250e+00 6.433904170989990234e+00 6.646422386169433594e+00 6.850509166717529297e+00 7.045490264892578125e+00 7.230766773223876953e+00 7.405805110931396484e+00 7.570145606994628906e+00 7.723393917083740234e+00 7.865226745605468750e+00 7.995381355285644531e+00 8.113660812377929688e+00 8.219921112060546875e+00 8.314082145690917969e+00 8.396105766296386719e+00 8.466010093688964844e+00 8.523851394653320312e+00 8.569732666015625000e+00 8.603790283203125000e+00 8.626196861267089844e+00 8.637155532836914062e+00 8.636898994445800781e+00 8.625683784484863281e+00 8.603792190551757812e+00 8.571524620056152344e+00 8.529204368591308594e+00 8.477164268493652344e+00 8.415761947631835938e+00 8.345359802246093750e+00 8.266339302062988281e+00 8.179083824157714844e+00 8.083994865417480469e+00 7.981474399566650391e+00 7.871936321258544922e+00 7.755793571472167969e+00 7.633470058441162109e+00 7.505384922027587891e+00 7.371966838836669922e+00 7.233636379241943359e+00 7.090821743011474609e+00 6.943941593170166016e+00 6.793418884277343750e+00 6.639664649963378906e+00 6.483092784881591797e+00 6.324102401733398438e+00 6.163095474243164062e+00 6.000453948974609375e+00 5.836562633514404297e+00 5.671783924102783203e+00 5.506482124328613281e+00 5.340996742248535156e+00 5.175667762756347656e+00 5.010808467864990234e+00 4.846732616424560547e+00 4.683724880218505859e+00 4.522069931030273438e+00 4.362022399902343750e+00 4.203837394714355469e+00 4.047737598419189453e+00 3.893946409225463867e+00 3.742654323577880859e+00 3.594054460525512695e+00 3.448303937911987305e+00 3.305564880371093750e+00 3.165962457656860352e+00 3.029628992080688477e+00 2.896657705307006836e+00 2.767152547836303711e+00 2.641176223754882812e+00 2.518806695938110352e+00 2.400077342987060547e+00 2.285041570663452148e+00 2.173706054687500000e+00 2.066102743148803711e+00 1.962212800979614258e+00 1.862050294876098633e+00 1.765573740005493164e+00 1.672783493995666504e+00 1.583618998527526855e+00 1.498074889183044434e+00 1.416077971458435059e+00 1.337633371353149414e+00 1.262673377990722656e+00 1.191251158714294434e+00 1.123355984687805176e+00 1.059189200401306152e+00 9.989408850669860840e-01 9.432339668273925781e-01 8.928635120391845703e-01 8.496231436729431152e-01 8.160211443901062012e-01 7.971034646034240723e-01 7.999794483184814453e-01 8.392652273178100586e-01
9.350859522819519043e-01 1.033041238784790039e+00 1.140791773796081543e+00 1.260313868522644043e+00 1.391341447830200195e+00 1.534132838249206543e+00 1.688366293907165527e+00 1.853872060775756836e+00 2.030185699462890625e+00 2.216877460479736328e+00 2.413322448730468750e+00 2.618884801864624023e+00 2.832785367965698242e+00 3.054218053817749023e+00 3.282269716262817383e+00 3.516001462936401367e+00 3.754398345947265625e+00 3.996428966522216797e+00 4.241014957427978516e+00 4.487077236175537109e+00 4.733516693115234375e+00 4.979251384735107422e+00 5.223201274871826172e+00 5.464323043823242188e+00 5.701597213745117188e+00 5.934052467346191406e+00 6.160760402679443359e+00 6.380853176116943359e+00 6.593516826629638672e+00 6.798005580902099609e+00 6.993635177612304688e+00 7.179794311523437500e+00 7.355936050415039062e+00 7.521585941314697266e+00 7.676333904266357422e+00 7.819839477539062500e+00 7.951823711395263672e+00 8.072072029113769531e+00 8.180425643920898438e+00 8.276784896850585938e+00 8.361099243164062500e+00 8.433368682861328125e+00 8.493636131286621094e+00 8.541991233825683594e+00 8.578557014465332031e+00 8.603494644165039062e+00 8.616994857788085938e+00 8.619282722473144531e+00 8.610603332519531250e+00 8.591231346130371094e+00 8.561458587646484375e+00 8.521601676940917969e+00 8.471989631652832031e+00 8.412970542907714844e+00 8.344902992248535156e+00 8.268163681030273438e+00 8.183133125305175781e+00 8.090207099914550781e+00 7.989784240722656250e+00 7.882275581359863281e+00 7.768091201782226562e+00 7.647651672363281250e+00 7.521375179290771484e+00 7.389686584472656250e+00 7.253005504608154297e+00 7.111758232116699219e+00 6.966361999511718750e+00 6.817237854003906250e+00 6.664796829223632812e+00 6.509451866149902344e+00 6.351601600646972656e+00 6.191647052764892578e+00 6.029970645904541016e+00 5.866957187652587891e+00 5.702969551086425781e+00 5.538372993469238281e+00 5.373507499694824219e+00 5.208714008331298828e+00 5.044307708740234375e+00 4.880603313446044922e+00 4.717887401580810547e+00 4.556447505950927734e+00 4.396539688110351562e+00 4.238420963287353516e+00 4.082317352294921875e+00 3.928454637527465820e+00 3.777026176452636719e+00 3.628227472305297852e+00 3.482219457626342773e+00 3.339166879653930664e+00 3.199198484420776367e+00 3.062449455261230469e+00 2.929016590118408203e+00 2.799006700515747070e+00 2.672486782073974609e+00 2.549536943435668945e+00 2.430194854736328125e+00 2.314516782760620117e+00 2.202512502670288086e+00 2.094217300415039062e+00 1.989615559577941895e+00 1.888723969459533691e+00 1.791504383087158203e+00 1.697959780693054199e+00 1.608032345771789551e+00 1.521718978881835938e+00 1.438949346542358398e+00 1.359729886054992676e+00 1.283995389938354492e+00 1.211799621582031250e+00 1.143132567405700684e+00 1.078194141387939453e+00 1.017171978950500488e+00 9.606814384460449219e-01 9.095070362091064453e-01 8.654195070266723633e-01 8.308947682380676270e-01 8.109179139137268066e-01 8.125135898590087891e-01 8.501368165016174316e-01
9.440345168113708496e-01 1.039704561233520508e+00 1.145052552223205566e+00 1.262040615081787109e+00 1.390412092208862305e+00 1.530431628227233887e+00 1.681791305541992188e+00 1.844335675239562988e+00 2.017618894577026367e+00 2.201231241226196289e+00 2.394570827484130859e+00 2.597025871276855469e+00 2.807842493057250977e+00 3.026241302490234375e+00 3.251335620880126953e+00 3.482213258743286133e+00 3.717884540557861328e+00 3.957343101501464844e+00 4.199533462524414062e+00 4.443398475646972656e+00 4.687856197357177734e+00 4.931840896606445312e+00 5.174286842346191406e+00 5.414160251617431641e+00 5.650448322296142578e+00 5.882184505462646484e+00 6.108440876007080078e+00 6.328348159790039062e+00 6.541087150573730469e+00 6.745905399322509766e+00 6.942110061645507812e+00 7.129077434539794922e+00 7.306248664855957031e+00 7.473134994506835938e+00 7.629311084747314453e+00 7.774420738220214844e+00 7.908168792724609375e+00 8.030323982238769531e+00 8.140710830688476562e+00 8.239214897155761719e+00 8.325767517089843750e+00 8.400355339050292969e+00 8.463006973266601562e+00 8.513797760009765625e+00 8.552836418151855469e+00 8.580274581909179688e+00 8.596291542053222656e+00 8.601099967956542969e+00 8.594936370849609375e+00 8.578067779541015625e+00 8.550778388977050781e+00 8.513375282287597656e+00 8.466182708740234375e+00 8.409542083740234375e+00 8.343807220458984375e+00 8.269349098205566406e+00 8.186543464660644531e+00 8.095783233642578125e+00 7.997462272644042969e+00 7.891989231109619141e+00 7.779770374298095703e+00 7.661224365234375000e+00 7.536765575408935547e+00 7.406817913055419922e+00 7.271798610687255859e+00 7.132132053375244141e+00 6.988233089447021484e+00 6.840523719787597656e+00 6.689411640167236328e+00 6.535310268402099609e+00 6.378616809844970703e+00 6.219732761383056641e+00 6.059040069580078125e+00 5.896923542022705078e+00 5.733747005462646484e+00 5.569875240325927734e+00 5.405649662017822266e+00 5.241412639617919922e+00 5.077479839324951172e+00 4.914168357849121094e+00 4.751766204833984375e+00 4.590561866760253906e+00 4.430814743041992188e+00 4.272783756256103516e+00 4.116696834564208984e+00 3.962782859802246094e+00 3.811238050460815430e+00 3.662261009216308594e+00 3.516014814376831055e+00 3.372667789459228516e+00 3.232351779937744141e+00 3.095205068588256836e+00 2.961327791213989258e+00 2.830830335617065430e+00 2.703782558441162109e+00 2.580268144607543945e+00 2.460327625274658203e+00 2.344020843505859375e+00 2.231361150741577148e+00 2.122386217117309570e+00 2.017084121704101562e+00 1.915474295616149902e+00 1.817521572113037109e+00 1.723231673240661621e+00 1.632549643516540527e+00 1.545474648475646973e+00 1.461938977241516113e+00 1.381950855255126953e+00 1.305447220802307129e+00 1.232482433319091797e+00 1.163047671318054199e+00 1.097341060638427734e+00 1.035548329353332520e+00 9.782772660255432129e-01 9.263020753860473633e-01 8.813714385032653809e-01 8.459299206733703613e-01 8.249029517173767090e-01 8.252329826354980469e-01 8.612177371978759766e-01
9.532245397567749023e-01 1.046648383140563965e+00 1.149636149406433105e+00 1.264135360717773438e+00 1.389898538589477539e+00 1.527196049690246582e+00 1.675733208656311035e+00 1.835367798805236816e+00 2.005671977996826172e+00 2.186254978179931641e+00 2.376536846160888672e+00 2.575928449630737305e+00 2.783701419830322266e+00 2.999100923538208008e+00 3.221266746520996094e+00 3.449311733245849609e+00 3.682272195816040039e+00 3.919165611267089844e+00 4.158959388732910156e+00 4.400616168975830078e+00 4.643074512481689453e+00 4.885283470153808594e+00 5.126191616058349609e+00 5.364775180816650391e+00 5.600028991699218750e+00 5.830992221832275391e+00 6.056737422943115234e+00 6.276395320892333984e+00 6.489142417907714844e+00 6.694221019744873047e+00 6.890928268432617188e+00 7.078632354736328125e+00 7.256760597229003906e+00 7.424811363220214844e+00 7.582345008850097656e+00 7.728990554809570312e+00 7.864436149597167969e+00 7.988435745239257812e+00 8.100796699523925781e+00 8.201389312744140625e+00 8.290129661560058594e+00 8.366988182067871094e+00 8.431981086730957031e+00 8.485167503356933594e+00 8.526645660400390625e+00 8.556552886962890625e+00 8.575057983398437500e+00 8.582364082336425781e+00 8.578697204589843750e+00 8.564315795898437500e+00 8.539494514465332031e+00 8.504534721374511719e+00 8.459752082824707031e+00 8.405485153198242188e+00 8.342078208923339844e+00 8.269899368286132812e+00 8.189320564270019531e+00 8.100728034973144531e+00 8.004513740539550781e+00 7.901081562042236328e+00 7.790835857391357422e+00 7.674190998077392578e+00 7.551559925079345703e+00 7.423363685607910156e+00 7.290017604827880859e+00 7.151944160461425781e+00 7.009557247161865234e+00 6.863276481628417969e+00 6.713509082794189453e+00 6.560667037963867188e+00 6.405148029327392578e+00 6.247352123260498047e+00 6.087661266326904297e+00 5.926460266113281250e+00 5.764113903045654297e+00 5.600986957550048828e+00 5.437421798706054688e+00 5.273761272430419922e+00 5.110322952270507812e+00 4.947424888610839844e+00 4.785356998443603516e+00 4.624409198760986328e+00 4.464843750000000000e+00 4.306921005249023438e+00 4.150871753692626953e+00 3.996927261352539062e+00 3.845286607742309570e+00 3.696150302886962891e+00 3.549685716629028320e+00 3.406063318252563477e+00 3.265418052673339844e+00 3.127891540527343750e+00 2.993587493896484375e+00 2.862618923187255859e+00 2.735059499740600586e+00 2.610995531082153320e+00 2.490471601486206055e+00 2.373549938201904297e+00 2.260247945785522461e+00 2.150605678558349609e+00 2.044614791870117188e+00 1.942297577857971191e+00 1.843621850013732910e+00 1.748595833778381348e+00 1.657167673110961914e+00 1.569338798522949219e+00 1.485044002532958984e+00 1.404293537139892578e+00 1.327026247978210449e+00 1.253297448158264160e+00 1.183099031448364258e+00 1.116628050804138184e+00 1.054067969322204590e+00 9.960196018218994141e-01 9.432470202445983887e-01 8.974775671958923340e-01 8.611249327659606934e-01 8.390569090843200684e-01 8.381354808807373047e-01 8.725049495697021484e-01
9.626520276069641113e-01 1.053867459297180176e+00 1.154535770416259766e+00 1.266589999198913574e+00 1.389791250228881836e+00 1.524415016174316406e+00 1.670179128646850586e+00 1.826954245567321777e+00 1.994329214096069336e+00 2.171931505203247070e+00 2.359201908111572266e+00 2.555573940277099609e+00 2.760342359542846680e+00 2.972777366638183594e+00 3.192043542861938477e+00 3.417278766632080078e+00 3.647543668746948242e+00 3.881879806518554688e+00 4.119276523590087891e+00 4.358717918395996094e+00 4.599160671234130859e+00 4.839570045471191406e+00 5.078908920288085938e+00 5.316164016723632812e+00 5.550338745117187500e+00 5.780476570129394531e+00 6.005654811859130859e+00 6.225001811981201172e+00 6.437692642211914062e+00 6.642962932586669922e+00 6.840103626251220703e+00 7.028472900390625000e+00 7.207486629486083984e+00 7.376631736755371094e+00 7.535453796386718750e+00 7.683567523956298828e+00 7.820645809173583984e+00 7.946426868438720703e+00 8.060704231262207031e+00 8.163329124450683594e+00 8.254204750061035156e+00 8.333287239074707031e+00 8.400576591491699219e+00 8.456119537353515625e+00 8.500000000000000000e+00 8.532344818115234375e+00 8.553310394287109375e+00 8.563088417053222656e+00 8.561897277832031250e+00 8.549984931945800781e+00 8.527617454528808594e+00 8.495088577270507812e+00 8.452708244323730469e+00 8.400806427001953125e+00 8.339725494384765625e+00 8.269824028015136719e+00 8.191470146179199219e+00 8.105047225952148438e+00 8.010942459106445312e+00 7.909556865692138672e+00 7.801290035247802734e+00 7.686554431915283203e+00 7.565760135650634766e+00 7.439325809478759766e+00 7.307664394378662109e+00 7.171196460723876953e+00 7.030334472656250000e+00 6.885496616363525391e+00 6.737089157104492188e+00 6.585523128509521484e+00 6.431194782257080078e+00 6.274503707885742188e+00 6.115833282470703125e+00 5.955566883087158203e+00 5.794069290161132812e+00 5.631706237792968750e+00 5.468821048736572266e+00 5.305757522583007812e+00 5.142834186553955078e+00 4.980370044708251953e+00 4.818656921386718750e+00 4.657987117767333984e+00 4.498623847961425781e+00 4.340829849243164062e+00 4.184838771820068359e+00 4.030884265899658203e+00 3.879167079925537109e+00 3.729891777038574219e+00 3.583227872848510742e+00 3.439348936080932617e+00 3.298393011093139648e+00 3.160504817962646484e+00 3.025791168212890625e+00 2.894368171691894531e+00 2.766313076019287109e+00 2.641715049743652344e+00 2.520622253417968750e+00 2.403100013732910156e+00 2.289168834686279297e+00 2.178871870040893555e+00 2.072204113006591797e+00 1.969190239906311035e+00 1.869801640510559082e+00 1.774048924446105957e+00 1.681883335113525391e+00 1.593308329582214355e+00 1.508261680603027344e+00 1.426755070686340332e+00 1.348729848861694336e+00 1.274242043495178223e+00 1.203284621238708496e+00 1.136053085327148438e+00 1.072729110717773438e+00 1.013906717300415039e+00 9.603402614593505859e-01 9.137361049652099609e-01 8.764782547950744629e-01 8.533779978752136230e-01 8.512189984321594238e-01 8.839957714080810547e-01
9.723131060600280762e-01 1.061356782913208008e+00 1.159744977951049805e+00 1.269396662712097168e+00 1.390080809593200684e+00 1.522077798843383789e+00 1.665117025375366211e+00 1.819081187248229980e+00 1.983575582504272461e+00 2.158244609832763672e+00 2.342549562454223633e+00 2.535944461822509766e+00 2.737747669219970703e+00 2.947252273559570312e+00 3.163647651672363281e+00 3.386095762252807617e+00 3.613681793212890625e+00 3.845469474792480469e+00 4.080471038818359375e+00 4.317690849304199219e+00 4.556103706359863281e+00 4.794692039489746094e+00 5.032432079315185547e+00 5.268322467803955078e+00 5.501374721527099609e+00 5.730639457702636719e+00 5.955195426940917969e+00 6.174172878265380859e+00 6.386744499206542969e+00 6.592141151428222656e+00 6.789648056030273438e+00 6.978612899780273438e+00 7.158443450927734375e+00 7.328612804412841797e+00 7.488655090332031250e+00 7.638170242309570312e+00 7.776816368103027344e+00 7.904317378997802734e+00 8.020450592041015625e+00 8.125053405761718750e+00 8.218011856079101562e+00 8.299269676208496094e+00 8.368810653686523438e+00 8.426669120788574219e+00 8.472916603088378906e+00 8.507665634155273438e+00 8.531063079833984375e+00 8.543288230895996094e+00 8.544550895690917969e+00 8.535087585449218750e+00 8.515157699584960938e+00 8.485048294067382812e+00 8.445059776306152344e+00 8.395517349243164062e+00 8.336754798889160156e+00 8.269127845764160156e+00 8.192998886108398438e+00 8.108747482299804688e+00 8.016755104064941406e+00 7.917419433593750000e+00 7.811137199401855469e+00 7.698318481445312500e+00 7.579369544982910156e+00 7.454706668853759766e+00 7.324740409851074219e+00 7.189890384674072266e+00 7.050566673278808594e+00 6.907185554504394531e+00 6.760152339935302734e+00 6.609877586364746094e+00 6.456756591796875000e+00 6.301187992095947266e+00 6.143554687500000000e+00 5.984241008758544922e+00 5.823611259460449219e+00 5.662031650543212891e+00 5.499846458435058594e+00 5.337399005889892578e+00 5.175010681152343750e+00 5.013000965118408203e+00 4.851663112640380859e+00 4.691291809082031250e+00 4.532150745391845703e+00 4.374506950378417969e+00 4.218594074249267578e+00 4.064649105072021484e+00 3.912876129150390625e+00 3.763481378555297852e+00 3.616637229919433594e+00 3.472520589828491211e+00 3.331272363662719727e+00 3.193040370941162109e+00 3.057934284210205078e+00 2.926074028015136719e+00 2.797538995742797852e+00 2.672422647476196289e+00 2.550775766372680664e+00 2.432667016983032227e+00 2.318119764328002930e+00 2.207180738449096680e+00 2.099847793579101562e+00 1.996148467063903809e+00 1.896057367324829102e+00 1.799587607383728027e+00 1.706693291664123535e+00 1.617380261421203613e+00 1.531589031219482422e+00 1.449332952499389648e+00 1.370555639266967773e+00 1.295313835144042969e+00 1.223601937294006348e+00 1.155614018440246582e+00 1.091529846191406250e+00 1.031936883926391602e+00 9.775800108909606934e-01 9.301455020904541016e-01 8.919882178306579590e-01 8.678644299507141113e-01 8.644814491271972656e-01 8.956874012947082520e-01
9.822041392326354980e-01 1.069111585617065430e+00 1.165257811546325684e+00 1.272547960281372070e+00 1.390758275985717773e+00 1.520173788070678711e+00 1.660534858703613281e+00 1.811735630035400391e+00 1.973396658897399902e+00 2.145178794860839844e+00 2.326562643051147461e+00 2.517022609710693359e+00 2.715898752212524414e+00 2.922507524490356445e+00 3.136061191558837891e+00 3.355745792388916016e+00 3.580669403076171875e+00 3.809918880462646484e+00 4.042528152465820312e+00 4.277521610260009766e+00 4.513892173767089844e+00 4.750639915466308594e+00 4.986754417419433594e+00 5.221245765686035156e+00 5.453135490417480469e+00 5.681480407714843750e+00 5.905362606048583984e+00 6.123914241790771484e+00 6.336305618286132812e+00 6.541765689849853516e+00 6.739572048187255859e+00 6.929066181182861328e+00 7.109644889831542969e+00 7.280771255493164062e+00 7.441966056823730469e+00 7.592816352844238281e+00 7.732966899871826172e+00 7.862125873565673828e+00 7.980055809020996094e+00 8.086580276489257812e+00 8.181571006774902344e+00 8.264954566955566406e+00 8.336702346801757812e+00 8.396835327148437500e+00 8.445411682128906250e+00 8.482531547546386719e+00 8.508330345153808594e+00 8.522976875305175781e+00 8.526668548583984375e+00 8.519636154174804688e+00 8.502128601074218750e+00 8.474424362182617188e+00 8.436816215515136719e+00 8.389623641967773438e+00 8.333174705505371094e+00 8.267818450927734375e+00 8.193913459777832031e+00 8.111832618713378906e+00 8.021954536437988281e+00 7.924673557281494141e+00 7.820382118225097656e+00 7.709486484527587891e+00 7.592390537261962891e+00 7.469508647918701172e+00 7.341248512268066406e+00 7.208027839660644531e+00 7.070254325866699219e+00 6.928343772888183594e+00 6.782699584960937500e+00 6.633731365203857422e+00 6.481832981109619141e+00 6.327404022216796875e+00 6.170825481414794922e+00 6.012482166290283203e+00 5.852738857269287109e+00 5.691961288452148438e+00 5.530494689941406250e+00 5.368683815002441406e+00 5.206850528717041016e+00 5.045314788818359375e+00 4.884373188018798828e+00 4.724319934844970703e+00 4.565422058105468750e+00 4.407948017120361328e+00 4.252133846282958984e+00 4.098218917846679688e+00 3.946409463882446289e+00 3.796914577484130859e+00 3.649909734725952148e+00 3.505574226379394531e+00 3.364052057266235352e+00 3.225493907928466797e+00 3.090013027191162109e+00 2.957731723785400391e+00 2.828733444213867188e+00 2.703114032745361328e+00 2.580928087234497070e+00 2.462246656417846680e+00 2.347097158432006836e+00 2.235528469085693359e+00 2.127542257308959961e+00 2.023168802261352539e+00 1.922385692596435547e+00 1.825208425521850586e+00 1.731594324111938477e+00 1.641551494598388672e+00 1.555022954940795898e+00 1.472024202346801758e+00 1.392500758171081543e+00 1.316510558128356934e+00 1.244048833847045898e+00 1.175308585166931152e+00 1.110468029975891113e+00 1.050108075141906738e+00 9.949646592140197754e-01 9.467041492462158203e-01 9.076531529426574707e-01 8.825144767761230469e-01 8.779206871986389160e-01 9.075770378112792969e-01
9.923213720321655273e-01 1.077126860618591309e+00 1.171068310737609863e+00 1.276036500930786133e+00 1.391815185546875000e+00 1.518693089485168457e+00 1.656421303749084473e+00 1.804904699325561523e+00 1.963778376579284668e+00 2.132719039916992188e+00 2.311225414276123047e+00 2.498791456222534180e+00 2.694778919219970703e+00 2.898525476455688477e+00 3.109266757965087891e+00 3.326211214065551758e+00 3.548490047454833984e+00 3.775212287902832031e+00 4.005433082580566406e+00 4.238196849822998047e+00 4.472515583038330078e+00 4.707404613494873047e+00 4.941868305206298828e+00 5.174929618835449219e+00 5.405618667602539062e+00 5.632998943328857422e+00 5.856158256530761719e+00 6.074229717254638672e+00 6.286383152008056641e+00 6.491845130920410156e+00 6.689887523651123047e+00 6.879844665527343750e+00 7.061105251312255859e+00 7.233121395111083984e+00 7.395402908325195312e+00 7.547523498535156250e+00 7.689114093780517578e+00 7.819869995117187500e+00 7.939538955688476562e+00 8.047928810119628906e+00 8.144898414611816406e+00 8.230359077453613281e+00 8.304268836975097656e+00 8.366634368896484375e+00 8.417501449584960938e+00 8.456957817077636719e+00 8.485126495361328125e+00 8.502166748046875000e+00 8.508265495300292969e+00 8.503642082214355469e+00 8.488539695739746094e+00 8.463225364685058594e+00 8.427987098693847656e+00 8.383135795593261719e+00 8.328992843627929688e+00 8.265904426574707031e+00 8.194219589233398438e+00 8.114309310913085938e+00 8.026548385620117188e+00 7.931324005126953125e+00 7.829027652740478516e+00 7.720061302185058594e+00 7.604826450347900391e+00 7.483734130859375000e+00 7.357190608978271484e+00 7.225609779357910156e+00 7.089399337768554688e+00 6.948972225189208984e+00 6.804731369018554688e+00 6.657083988189697266e+00 6.506424903869628906e+00 6.353150844573974609e+00 6.197644710540771484e+00 6.040288925170898438e+00 5.881450176239013672e+00 5.721493244171142578e+00 5.560764789581298828e+00 5.399609565734863281e+00 5.238350391387939453e+00 5.077309608459472656e+00 4.916783332824707031e+00 4.757068634033203125e+00 4.598434448242187500e+00 4.441149711608886719e+00 4.285454750061035156e+00 4.131589412689208984e+00 3.979763269424438477e+00 3.830187797546386719e+00 3.683041095733642578e+00 3.538505315780639648e+00 3.396727800369262695e+00 3.257861375808715820e+00 3.122022867202758789e+00 2.989337682723999023e+00 2.859891891479492188e+00 2.733785152435302734e+00 2.611074686050415039e+00 2.491835117340087891e+00 2.376096487045288086e+00 2.263911485671997070e+00 2.155283927917480469e+00 2.050247669219970703e+00 1.948782920837402344e+00 1.850908041000366211e+00 1.756583213806152344e+00 1.665818810462951660e+00 1.578560709953308105e+00 1.494825959205627441e+00 1.414562702178955078e+00 1.337829470634460449e+00 1.264622926712036133e+00 1.195134758949279785e+00 1.129541754722595215e+00 1.068418622016906738e+00 1.012492418289184570e+00 9.634102582931518555e-01 9.234714508056640625e-01 8.973262310028076172e-01 8.915346264839172363e-01 9.196621179580688477e-01
1.002661228179931641e+00 1.085398077964782715e+00 1.177170395851135254e+00 1.279855251312255859e+00 1.393243074417114258e+00 1.517626047134399414e+00 1.652765512466430664e+00 1.798576235771179199e+00 1.954707384109497070e+00 2.120850563049316406e+00 2.296522378921508789e+00 2.481235265731811523e+00 2.674371242523193359e+00 2.875289201736450195e+00 3.083247184753417969e+00 3.297475576400756836e+00 3.517127752304077148e+00 3.741334676742553711e+00 3.969172239303588867e+00 4.199704647064208984e+00 4.431962013244628906e+00 4.664976596832275391e+00 4.897767066955566406e+00 5.129367828369140625e+00 5.358820438385009766e+00 5.585194587707519531e+00 5.807583808898925781e+00 6.025122642517089844e+00 6.236982822418212891e+00 6.442386627197265625e+00 6.640603065490722656e+00 6.830960273742675781e+00 7.012837886810302734e+00 7.185678482055664062e+00 7.348980903625488281e+00 7.502307415008544922e+00 7.645276546478271484e+00 7.777568340301513672e+00 7.898917198181152344e+00 8.009117126464843750e+00 8.108012199401855469e+00 8.195501327514648438e+00 8.271526336669921875e+00 8.336082458496093750e+00 8.389201164245605469e+00 8.430959701538085938e+00 8.461467742919921875e+00 8.480873107910156250e+00 8.489354133605957031e+00 8.487119674682617188e+00 8.474402427673339844e+00 8.451463699340820312e+00 8.418581962585449219e+00 8.376061439514160156e+00 8.324218750000000000e+00 8.263390541076660156e+00 8.193924903869628906e+00 8.116184234619140625e+00 8.030539512634277344e+00 7.937375545501708984e+00 7.837078571319580078e+00 7.730047702789306641e+00 7.616681098937988281e+00 7.497386455535888672e+00 7.372568607330322266e+00 7.242639064788818359e+00 7.108003139495849609e+00 6.969072341918945312e+00 6.826247692108154297e+00 6.679936408996582031e+00 6.530530929565429688e+00 6.378428936004638672e+00 6.224010944366455078e+00 6.067660808563232422e+00 5.909743785858154297e+00 5.750626564025878906e+00 5.590654373168945312e+00 5.430173873901367188e+00 5.269508838653564453e+00 5.108981609344482422e+00 4.948891162872314453e+00 4.789535045623779297e+00 4.631184101104736328e+00 4.474109172821044922e+00 4.318552970886230469e+00 4.164757251739501953e+00 4.012933731079101562e+00 3.863297224044799805e+00 3.716027736663818359e+00 3.571310520172119141e+00 3.429295301437377930e+00 3.290138721466064453e+00 3.153959751129150391e+00 3.020887136459350586e+00 2.891010522842407227e+00 2.764431715011596680e+00 2.641211748123168945e+00 2.521428108215332031e+00 2.405114412307739258e+00 2.292325496673583984e+00 2.183068990707397461e+00 2.077381134033203125e+00 1.975245475769042969e+00 1.876682996749877930e+00 1.781656622886657715e+00 1.690179228782653809e+00 1.602199196815490723e+00 1.517735600471496582e+00 1.436738729476928711e+00 1.359268188476562500e+00 1.285321831703186035e+00 1.215090394020080566e+00 1.148748993873596191e+00 1.086866497993469238e+00 1.030161380767822266e+00 9.802621603012084961e-01 9.394412636756896973e-01 9.122979640960693359e-01 9.053211808204650879e-01 9.319398999214172363e-01
1.013220310211181641e+00 1.093920707702636719e+00 1.183558821678161621e+00 1.283997535705566406e+00 1.395033955574035645e+00 1.516963481903076172e+00 1.649556875228881836e+00 1.792738318443298340e+00 1.946170806884765625e+00 2.109559774398803711e+00 2.282438516616821289e+00 2.464337825775146484e+00 2.654659271240234375e+00 2.852782249450683594e+00 3.057985782623291016e+00 3.269522190093994141e+00 3.486566305160522461e+00 3.708270549774169922e+00 3.933731079101562500e+00 4.162031650543212891e+00 4.392220497131347656e+00 4.623346328735351562e+00 4.854442596435546875e+00 5.084555625915527344e+00 5.312737464904785156e+00 5.538066387176513672e+00 5.759640216827392578e+00 5.976597309112548828e+00 6.188109397888183594e+00 6.393398284912109375e+00 6.591729164123535156e+00 6.782423496246337891e+00 6.964854717254638672e+00 7.138455867767333984e+00 7.302715778350830078e+00 7.457185268402099609e+00 7.601469993591308594e+00 7.735237121582031250e+00 7.858208179473876953e+00 7.970163345336914062e+00 8.070931434631347656e+00 8.160398483276367188e+00 8.238493919372558594e+00 8.305197715759277344e+00 8.360528945922851562e+00 8.404552459716796875e+00 8.437367439270019531e+00 8.459110260009765625e+00 8.469946861267089844e+00 8.470078468322753906e+00 8.459728240966796875e+00 8.439148902893066406e+00 8.408610343933105469e+00 8.368411064147949219e+00 8.318859100341796875e+00 8.260287284851074219e+00 8.193035125732421875e+00 8.117463111877441406e+00 8.033935546875000000e+00 7.942833423614501953e+00 7.844539165496826172e+00 7.739448547363281250e+00 7.627956390380859375e+00 7.510468006134033203e+00 7.387384891510009766e+00 7.259116649627685547e+00 7.126066684722900391e+00 6.988644599914550781e+00 6.847249984741210938e+00 6.702288627624511719e+00 6.554152011871337891e+00 6.403236865997314453e+00 6.249924182891845703e+00 6.094596385955810547e+00 5.937618732452392578e+00 5.779358863830566406e+00 5.620161533355712891e+00 5.460374832153320312e+00 5.300322532653808594e+00 5.140329360961914062e+00 4.980693817138671875e+00 4.821715831756591797e+00 4.663667678833007812e+00 4.506823062896728516e+00 4.351424694061279297e+00 4.197718143463134766e+00 4.045917510986328125e+00 3.896238565444946289e+00 3.748865365982055664e+00 3.603985071182250977e+00 3.461750745773315430e+00 3.322321414947509766e+00 3.185819387435913086e+00 3.052376270294189453e+00 2.922084808349609375e+00 2.795049667358398438e+00 2.671335458755493164e+00 2.551022052764892578e+00 2.434146404266357422e+00 2.320766687393188477e+00 2.210893630981445312e+00 2.104565620422363281e+00 2.001770019531250000e+00 1.902529954910278320e+00 1.806811332702636719e+00 1.714629530906677246e+00 1.625935435295104980e+00 1.540750265121459961e+00 1.459026217460632324e+00 1.380824208259582520e+00 1.306143164634704590e+00 1.235173106193542480e+00 1.168087601661682129e+00 1.105449795722961426e+00 1.047969818115234375e+00 9.972581267356872559e-01 9.555609226226806641e-01 9.274277687072753906e-01 9.192782640457153320e-01 9.444077610969543457e-01
1.023995161056518555e+00 1.102690458297729492e+00 1.190227985382080078e+00 1.288456916809082031e+00 1.397180199623107910e+00 1.516696333885192871e+00 1.646785140037536621e+00 1.787379860877990723e+00 1.938156008720397949e+00 2.098832607269287109e+00 2.268959760665893555e+00 2.448084592819213867e+00 2.635627746582031250e+00 2.830988645553588867e+00 3.033466815948486328e+00 3.242335557937622070e+00 3.456790685653686523e+00 3.676005125045776367e+00 3.899096012115478516e+00 4.125165462493896484e+00 4.353280067443847656e+00 4.582504272460937500e+00 4.811886787414550781e+00 5.040487289428710938e+00 5.267366886138916016e+00 5.491611957550048828e+00 5.712327957153320312e+00 5.928655624389648438e+00 6.139768123626708984e+00 6.344886779785156250e+00 6.543273448944091797e+00 6.734244823455810547e+00 6.917167663574218750e+00 7.091467380523681641e+00 7.256621837615966797e+00 7.412171840667724609e+00 7.557711124420166016e+00 7.692894458770751953e+00 7.817429542541503906e+00 7.931083679199218750e+00 8.033673286437988281e+00 8.125068664550781250e+00 8.205186843872070312e+00 8.273994445800781250e+00 8.331499099731445312e+00 8.377752304077148438e+00 8.412840843200683594e+00 8.436890602111816406e+00 8.450057983398437500e+00 8.452532768249511719e+00 8.444529533386230469e+00 8.426291465759277344e+00 8.398083686828613281e+00 8.360193252563476562e+00 8.312923431396484375e+00 8.256600379943847656e+00 8.191557884216308594e+00 8.118151664733886719e+00 8.036741256713867188e+00 7.947702407836914062e+00 7.851414203643798828e+00 7.748268604278564453e+00 7.638657093048095703e+00 7.522982120513916016e+00 7.401642322540283203e+00 7.275044918060302734e+00 7.143591880798339844e+00 7.007690429687500000e+00 6.867738723754882812e+00 6.724140644073486328e+00 6.577288150787353516e+00 6.427575588226318359e+00 6.275383472442626953e+00 6.121094703674316406e+00 5.965074062347412109e+00 5.807688713073730469e+00 5.649285316467285156e+00 5.490210533142089844e+00 5.330790519714355469e+00 5.171349525451660156e+00 5.012188434600830078e+00 4.853608131408691406e+00 4.695883274078369141e+00 4.539287567138671875e+00 4.384067058563232422e+00 4.230469226837158203e+00 4.078710079193115234e+00 3.929008483886718750e+00 3.781550168991088867e+00 3.636525392532348633e+00 3.494090080261230469e+00 3.354405641555786133e+00 3.217597961425781250e+00 3.083801031112670898e+00 2.953110694885253906e+00 2.825634956359863281e+00 2.701441287994384766e+00 2.580612659454345703e+00 2.463189125061035156e+00 2.349231481552124023e+00 2.238753795623779297e+00 2.131797790527343750e+00 2.028352737426757812e+00 1.928445339202880859e+00 1.832044124603271484e+00 1.739166498184204102e+00 1.649766445159912109e+00 1.563866853713989258e+00 1.481422424316406250e+00 1.402494907379150391e+00 1.327084660530090332e+00 1.255380630493164062e+00 1.187555432319641113e+00 1.124166488647460938e+00 1.065915942192077637e+00 1.014396309852600098e+00 9.718286991119384766e-01 9.427138566970825195e-01 9.334037899971008301e-01 9.570631980895996094e-01
1.034982442855834961e+00 1.111703038215637207e+00 1.197172641754150391e+00 1.293226838111877441e+00 1.399674296379089355e+00 1.516816139221191406e+00 1.644440650939941406e+00 1.782489776611328125e+00 1.930651187896728516e+00 2.088656663894653320e+00 2.256071805953979492e+00 2.432460308074951172e+00 2.617261409759521484e+00 2.809892654418945312e+00 3.009674549102783203e+00 3.215899705886840820e+00 3.427785396575927734e+00 3.644524335861206055e+00 3.865253210067749023e+00 4.089093208312988281e+00 4.315128803253173828e+00 4.542441368103027344e+00 4.770092964172363281e+00 4.997156143188476562e+00 5.222703456878662109e+00 5.445830345153808594e+00 5.665647029876708984e+00 5.881299495697021484e+00 6.091963291168212891e+00 6.296857833862304688e+00 6.495244026184082031e+00 6.686434268951416016e+00 6.869788646697998047e+00 7.044724941253662109e+00 7.210712909698486328e+00 7.367281913757324219e+00 7.514015197753906250e+00 7.650555133819580078e+00 7.776597976684570312e+00 7.891896247863769531e+00 7.996253490447998047e+00 8.089528083801269531e+00 8.171622276306152344e+00 8.242491722106933594e+00 8.302128791809082031e+00 8.350573539733886719e+00 8.387902259826660156e+00 8.414229393005371094e+00 8.429699897766113281e+00 8.434494018554687500e+00 8.428816795349121094e+00 8.412903785705566406e+00 8.387009620666503906e+00 8.351416587829589844e+00 8.306419372558593750e+00 8.252337455749511719e+00 8.189500808715820312e+00 8.118257522583007812e+00 8.038962364196777344e+00 7.951987743377685547e+00 7.857707977294921875e+00 7.756511211395263672e+00 7.648785591125488281e+00 7.534931182861328125e+00 7.415342807769775391e+00 7.290426254272460938e+00 7.160580635070800781e+00 7.026210784912109375e+00 6.887714862823486328e+00 6.745493888854980469e+00 6.599938869476318359e+00 6.451444149017333984e+00 6.300388336181640625e+00 6.147154808044433594e+00 5.992108345031738281e+00 5.835615634918212891e+00 5.678023338317871094e+00 5.519679069519042969e+00 5.360909461975097656e+00 5.202039718627929688e+00 5.043372631072998047e+00 4.885209560394287109e+00 4.727826595306396484e+00 4.571499347686767578e+00 4.416476726531982422e+00 4.263006687164306641e+00 4.111308574676513672e+00 3.961602687835693359e+00 3.814078330993652344e+00 3.668927431106567383e+00 3.526309251785278320e+00 3.386387586593627930e+00 3.249291181564331055e+00 3.115157127380371094e+00 2.984084367752075195e+00 2.856183528900146484e+00 2.731525421142578125e+00 2.610195875167846680e+00 2.492238044738769531e+00 2.377715826034545898e+00 2.266646146774291992e+00 2.159073352813720703e+00 2.054990291595458984e+00 1.954425811767578125e+00 1.857351422309875488e+00 1.763787031173706055e+00 1.673689126968383789e+00 1.587082624435424805e+00 1.503924489021301270e+00 1.424277663230895996e+00 1.348143696784973145e+00 1.275710821151733398e+00 1.207150459289550781e+00 1.143014669418334961e+00 1.083997726440429688e+00 1.031674981117248535e+00 9.882427453994750977e-01 9.581543803215026855e-01 9.476956129074096680e-01 9.699035882949829102e-01
1.046178698539733887e+00 1.120954394340515137e+00 1.204387784004211426e+00 1.298301219940185547e+00 1.402508974075317383e+00 1.517314434051513672e+00 1.642513990402221680e+00 1.778057575225830078e+00 1.923644423484802246e+00 2.079018831253051758e+00 2.243761301040649414e+00 2.417451143264770508e+00 2.599545240402221680e+00 2.789479494094848633e+00 2.986593484878540039e+00 3.190200090408325195e+00 3.399535894393920898e+00 3.613813638687133789e+00 3.832189559936523438e+00 4.053802967071533203e+00 4.277756690979003906e+00 4.503147125244140625e+00 4.729051589965820312e+00 4.954556465148925781e+00 5.178743839263916016e+00 5.400718212127685547e+00 5.619596958160400391e+00 5.834530830383300781e+00 6.044697761535644531e+00 6.249317169189453125e+00 6.447648525238037109e+00 6.639000415802001953e+00 6.822727680206298828e+00 6.998240947723388672e+00 7.165001869201660156e+00 7.322529792785644531e+00 7.470397472381591797e+00 7.608236312866210938e+00 7.735729217529296875e+00 7.852616786956787109e+00 7.958690166473388672e+00 8.053792953491210938e+00 8.137817382812500000e+00 8.210702896118164062e+00 8.272432327270507812e+00 8.323032379150390625e+00 8.362566947937011719e+00 8.391139984130859375e+00 8.408885955810546875e+00 8.415975570678710938e+00 8.412602424621582031e+00 8.398995399475097656e+00 8.375400543212890625e+00 8.342090606689453125e+00 8.299355506896972656e+00 8.247508049011230469e+00 8.186870574951171875e+00 8.117785453796386719e+00 8.040604591369628906e+00 7.955694198608398438e+00 7.863424777984619141e+00 7.764180660247802734e+00 7.658346652984619141e+00 7.546318531036376953e+00 7.428489685058593750e+00 7.305262565612792969e+00 7.177034378051757812e+00 7.044208049774169922e+00 6.907178878784179688e+00 6.766348361968994141e+00 6.622105121612548828e+00 6.474842071533203125e+00 6.324938774108886719e+00 6.172776699066162109e+00 6.018720626831054688e+00 5.863137245178222656e+00 5.706373691558837891e+00 5.548778533935546875e+00 5.390677452087402344e+00 5.232398509979248047e+00 5.074243545532226562e+00 4.916516780853271484e+00 4.759494781494140625e+00 4.603456020355224609e+00 4.448649883270263672e+00 4.295327186584472656e+00 4.143708705902099609e+00 3.994017839431762695e+00 3.846445798873901367e+00 3.701187372207641602e+00 3.558403968811035156e+00 3.418262720108032227e+00 3.280894994735717773e+00 3.146440744400024414e+00 3.015001535415649414e+00 2.886691570281982422e+00 2.761583805084228516e+00 2.639767885208129883e+00 2.521289825439453125e+00 2.406216144561767578e+00 2.294566869735717773e+00 2.186389207839965820e+00 2.081679105758666992e+00 1.980467915534973145e+00 1.882730126380920410e+00 1.788487911224365234e+00 1.697700500488281250e+00 1.610394716262817383e+00 1.526529788970947266e+00 1.446169853210449219e+00 1.369317770004272461e+00 1.296161293983459473e+00 1.226870417594909668e+00 1.161992192268371582e+00 1.102213263511657715e+00 1.049092292785644531e+00 1.004801273345947266e+00 9.737474322319030762e-01 9.621517658233642578e-01 9.829263687133789062e-01
1.057580947875976562e+00 1.130440235137939453e+00 1.211868405342102051e+00 1.303674340248107910e+00 1.405677437782287598e+00 1.518183231353759766e+00 1.640995979309082031e+00 1.774073004722595215e+00 1.917124748229980469e+00 2.069907426834106445e+00 2.232015371322631836e+00 2.403043270111083984e+00 2.582465171813964844e+00 2.769734382629394531e+00 2.964209318161010742e+00 3.165221452713012695e+00 3.372027397155761719e+00 3.583859205245971680e+00 3.799891471862792969e+00 4.019282341003417969e+00 4.241151809692382812e+00 4.464612007141113281e+00 4.688755989074707031e+00 4.912681102752685547e+00 5.135482311248779297e+00 5.356273174285888672e+00 5.574177265167236328e+00 5.788351058959960938e+00 5.997974872589111328e+00 6.202270030975341797e+00 6.400493144989013672e+00 6.591951370239257812e+00 6.775994300842285156e+00 6.952026844024658203e+00 7.119501113891601562e+00 7.277929306030273438e+00 7.426872730255126953e+00 7.565952301025390625e+00 7.694839000701904297e+00 7.813261985778808594e+00 7.920998573303222656e+00 8.017881393432617188e+00 8.103787422180175781e+00 8.178646087646484375e+00 8.242425918579101562e+00 8.295143127441406250e+00 8.336849212646484375e+00 8.367636680603027344e+00 8.387629508972167969e+00 8.396988868713378906e+00 8.395898818969726562e+00 8.384578704833984375e+00 8.363265991210937500e+00 8.332225799560546875e+00 8.291742324829101562e+00 8.242118835449218750e+00 8.183673858642578125e+00 8.116744041442871094e+00 8.041674613952636719e+00 7.958827972412109375e+00 7.868570327758789062e+00 7.771281719207763672e+00 7.667343139648437500e+00 7.557147502899169922e+00 7.441085338592529297e+00 7.319556236267089844e+00 7.192955017089843750e+00 7.061682701110839844e+00 6.926132678985595703e+00 6.786705017089843750e+00 6.643786907196044922e+00 6.497770309448242188e+00 6.349034309387207031e+00 6.197958946228027344e+00 6.044909954071044922e+00 5.890253067016601562e+00 5.734335422515869141e+00 5.577506542205810547e+00 5.420093059539794922e+00 5.262422561645507812e+00 5.104799270629882812e+00 4.947527408599853516e+00 4.790885925292968750e+00 4.635154247283935547e+00 4.480583667755126953e+00 4.327426910400390625e+00 4.175907611846923828e+00 4.026250362396240234e+00 3.878648996353149414e+00 3.733301401138305664e+00 3.590370893478393555e+00 3.450027704238891602e+00 3.312405586242675781e+00 3.177647590637207031e+00 3.045858383178710938e+00 2.917154550552368164e+00 2.791612625122070312e+00 2.669324874877929688e+00 2.550340175628662109e+00 2.434728145599365234e+00 2.322512149810791016e+00 2.213741540908813477e+00 2.108415603637695312e+00 2.006568193435668945e+00 1.908176898956298828e+00 1.813265919685363770e+00 1.721797466278076172e+00 1.633800029754638672e+00 1.549235582351684570e+00 1.468168973922729492e+00 1.390604615211486816e+00 1.316729664802551270e+00 1.246713280677795410e+00 1.181097030639648438e+00 1.120560646057128906e+00 1.066646337509155273e+00 1.021502494812011719e+00 9.894911646842956543e-01 9.767701029777526855e-01 9.961290955543518066e-01
1.069185972213745117e+00 1.140156865119934082e+00 1.219609737396240234e+00 1.309340238571166992e+00 1.409172892570495605e+00 1.519414782524108887e+00 1.639877676963806152e+00 1.770526289939880371e+00 1.911081314086914062e+00 2.061310291290283203e+00 2.220821380615234375e+00 2.389223575592041016e+00 2.566007375717163086e+00 2.750643014907836914e+00 2.942507028579711914e+00 3.140949726104736328e+00 3.345246076583862305e+00 3.554647207260131836e+00 3.768346309661865234e+00 3.985519647598266602e+00 4.205303668975830078e+00 4.426826953887939453e+00 4.649197101593017578e+00 4.871524333953857422e+00 5.092915058135986328e+00 5.312491893768310547e+00 5.529386520385742188e+00 5.742760658264160156e+00 5.951797485351562500e+00 6.155719757080078125e+00 6.353785037994384766e+00 6.545296192169189453e+00 6.729598999023437500e+00 6.906093120574951172e+00 7.074223518371582031e+00 7.233493328094482422e+00 7.383454799652099609e+00 7.523718357086181641e+00 7.653943061828613281e+00 7.773847103118896484e+00 7.883194923400878906e+00 7.981807231903076172e+00 8.069548606872558594e+00 8.146335601806640625e+00 8.212124824523925781e+00 8.266921043395996094e+00 8.310763359069824219e+00 8.343732833862304688e+00 8.365944862365722656e+00 8.377547264099121094e+00 8.378717422485351562e+00 8.369663238525390625e+00 8.350615501403808594e+00 8.321831703186035156e+00 8.283586502075195312e+00 8.236178398132324219e+00 8.179919242858886719e+00 8.115139007568359375e+00 8.042178153991699219e+00 7.961394309997558594e+00 7.873148918151855469e+00 7.777817726135253906e+00 7.675778865814208984e+00 7.567421436309814453e+00 7.453132629394531250e+00 7.333309650421142578e+00 7.208344459533691406e+00 7.078636169433593750e+00 6.944577217102050781e+00 6.806564331054687500e+00 6.664984226226806641e+00 6.520228385925292969e+00 6.372673988342285156e+00 6.222701549530029297e+00 6.070674896240234375e+00 5.916961193084716797e+00 5.761907100677490234e+00 5.605862140655517578e+00 5.449153423309326172e+00 5.292109966278076172e+00 5.135036468505859375e+00 4.978238582611083984e+00 4.821996212005615234e+00 4.666590213775634766e+00 4.512274265289306641e+00 4.359302997589111328e+00 4.207901000976562500e+00 4.058296203613281250e+00 3.910684347152709961e+00 3.765265464782714844e+00 3.622205734252929688e+00 3.481678009033203125e+00 3.343818902969360352e+00 3.208773612976074219e+00 3.076650619506835938e+00 2.947568893432617188e+00 2.821607828140258789e+00 2.698862552642822266e+00 2.579385519027709961e+00 2.463248491287231445e+00 2.350478172302246094e+00 2.241126775741577148e+00 2.135196447372436523e+00 2.032723426818847656e+00 1.933688282966613770e+00 1.838117837905883789e+00 1.745976924896240234e+00 1.657295823097229004e+00 1.572038888931274414e+00 1.490272164344787598e+00 1.412001609802246094e+00 1.337413668632507324e+00 1.266676545143127441e+00 1.200327157974243164e+00 1.139037847518920898e+00 1.084335207939147949e+00 1.038344502449035645e+00 1.005383610725402832e+00 9.915484786033630371e-01 1.009509205818176270e+00
1.080990552902221680e+00 1.150100231170654297e+00 1.227607011795043945e+00 1.315293550491333008e+00 1.412988662719726562e+00 1.521001577377319336e+00 1.639150738716125488e+00 1.767407894134521484e+00 1.905503630638122559e+00 2.053216218948364258e+00 2.210167169570922852e+00 2.375979185104370117e+00 2.550158500671386719e+00 2.732191801071166992e+00 2.921473264694213867e+00 3.117370843887329102e+00 3.319178104400634766e+00 3.526164293289184570e+00 3.737541198730468750e+00 3.952502250671386719e+00 4.170200824737548828e+00 4.389781951904296875e+00 4.610366344451904297e+00 4.831079006195068359e+00 5.051036834716796875e+00 5.269371509552001953e+00 5.485223770141601562e+00 5.697759628295898438e+00 5.906167507171630859e+00 6.109671592712402344e+00 6.307528495788574219e+00 6.499040603637695312e+00 6.683549880981445312e+00 6.860449790954589844e+00 7.029180049896240234e+00 7.189234733581542969e+00 7.340157508850097656e+00 7.481548309326171875e+00 7.613056659698486328e+00 7.734387397766113281e+00 7.845294952392578125e+00 7.945587158203125000e+00 8.035117149353027344e+00 8.113787651062011719e+00 8.181545257568359375e+00 8.238381385803222656e+00 8.284323692321777344e+00 8.319443702697753906e+00 8.343843460083007812e+00 8.357663154602050781e+00 8.361069679260253906e+00 8.354261398315429688e+00 8.337460517883300781e+00 8.310917854309082031e+00 8.274898529052734375e+00 8.229695320129394531e+00 8.175613403320312500e+00 8.112977027893066406e+00 8.042121887207031250e+00 7.963398933410644531e+00 7.877165794372558594e+00 7.783794403076171875e+00 7.683658599853515625e+00 7.577144145965576172e+00 7.464634895324707031e+00 7.346525192260742188e+00 7.223205089569091797e+00 7.095070838928222656e+00 6.962512969970703125e+00 6.825927257537841797e+00 6.685698509216308594e+00 6.542216777801513672e+00 6.395858287811279297e+00 6.247003555297851562e+00 6.096015453338623047e+00 5.943261146545410156e+00 5.789087295532226562e+00 5.633843421936035156e+00 5.477857589721679688e+00 5.321458816528320312e+00 5.164953231811523438e+00 5.008647441864013672e+00 4.852823257446289062e+00 4.697762012481689453e+00 4.543719291687011719e+00 4.390951633453369141e+00 4.239686489105224609e+00 4.090152263641357422e+00 3.942548036575317383e+00 3.797075986862182617e+00 3.653904914855957031e+00 3.513210058212280273e+00 3.375130891799926758e+00 3.239815235137939453e+00 3.107374429702758789e+00 2.977930307388305664e+00 2.851565361022949219e+00 2.728377342224121094e+00 2.608421564102172852e+00 2.491773128509521484e+00 2.378461122512817383e+00 2.268540859222412109e+00 2.162017583847045898e+00 2.058929681777954102e+00 1.959261059761047363e+00 1.863040566444396973e+00 1.770235776901245117e+00 1.680879116058349609e+00 1.594936966896057129e+00 1.512476921081542969e+00 1.433506250381469727e+00 1.358210802078247070e+00 1.286758184432983398e+00 1.219680309295654297e+00 1.157643079757690430e+00 1.102157115936279297e+00 1.055325508117675781e+00 1.021422863006591797e+00 1.006484866142272949e+00 1.023064255714416504e+00
1.092991590499877930e+00 1.160266757011413574e+00 1.235855817794799805e+00 1.321528553962707520e+00 1.417118668556213379e+00 1.522936344146728516e+00 1.638806939125061035e+00 1.764708518981933594e+00 1.900381445884704590e+00 2.045614242553710938e+00 2.200040817260742188e+00 2.363297462463378906e+00 2.534905433654785156e+00 2.714367151260375977e+00 2.901093959808349609e+00 3.094470977783203125e+00 3.293809890747070312e+00 3.498397350311279297e+00 3.707463502883911133e+00 3.920218706130981445e+00 4.135833263397216797e+00 4.353466987609863281e+00 4.572256565093994141e+00 4.791338443756103516e+00 5.009841442108154297e+00 5.226908206939697266e+00 5.441686153411865234e+00 5.653347969055175781e+00 5.861086368560791016e+00 6.064127922058105469e+00 6.261729717254638672e+00 6.453192710876464844e+00 6.637855529785156250e+00 6.815107345581054688e+00 6.984381675720214844e+00 7.145165443420410156e+00 7.296993732452392578e+00 7.439456462860107422e+00 7.572193145751953125e+00 7.694898128509521484e+00 7.807314395904541016e+00 7.909236907958984375e+00 8.000507354736328125e+00 8.081017494201660156e+00 8.150701522827148438e+00 8.209537506103515625e+00 8.257544517517089844e+00 8.294780731201171875e+00 8.321339607238769531e+00 8.337348937988281250e+00 8.342967033386230469e+00 8.338383674621582031e+00 8.323811531066894531e+00 8.299492835998535156e+00 8.265686988830566406e+00 8.222678184509277344e+00 8.170764923095703125e+00 8.110266685485839844e+00 8.041511535644531250e+00 7.964847564697265625e+00 7.880626678466796875e+00 7.789216041564941406e+00 7.690986156463623047e+00 7.586318492889404297e+00 7.475594520568847656e+00 7.359205722808837891e+00 7.237538814544677734e+00 7.110988140106201172e+00 6.979942321777343750e+00 6.844794750213623047e+00 6.705929756164550781e+00 6.563735485076904297e+00 6.418587207794189453e+00 6.270864486694335938e+00 6.120930671691894531e+00 5.969151496887207031e+00 5.815874099731445312e+00 5.661448478698730469e+00 5.506202697753906250e+00 5.350466728210449219e+00 5.194547176361083984e+00 5.038752079010009766e+00 4.883363723754882812e+00 4.728666305541992188e+00 4.574915409088134766e+00 4.422370433807373047e+00 4.271259307861328125e+00 4.121814727783203125e+00 3.974236488342285156e+00 3.828729152679443359e+00 3.685464620590209961e+00 3.544619798660278320e+00 3.406337738037109375e+00 3.270768404006958008e+00 3.138025999069213867e+00 3.008235216140747070e+00 2.881481647491455078e+00 2.757865428924560547e+00 2.637444972991943359e+00 2.520298242568969727e+00 2.406457662582397461e+00 2.295980691909790039e+00 2.188875675201416016e+00 2.085184097290039062e+00 1.984891891479492188e+00 1.888030767440795898e+00 1.794570922851562500e+00 1.704546809196472168e+00 1.617926955223083496e+00 1.534780502319335938e+00 1.455115914344787598e+00 1.379118800163269043e+00 1.306955814361572266e+00 1.239154577255249023e+00 1.176373958587646484e+00 1.120109915733337402e+00 1.072443485260009766e+00 1.037606954574584961e+00 1.021577119827270508e+00 1.036791920661926270e+00
1.105186223983764648e+00 1.170652508735656738e+00 1.244351506233215332e+00 1.328040242195129395e+00 1.421556472778320312e+00 1.525212049484252930e+00 1.638838291168212891e+00 1.762419462203979492e+00 1.895705223083496094e+00 2.038493871688842773e+00 2.190431118011474609e+00 2.351166486740112305e+00 2.520235538482666016e+00 2.697156190872192383e+00 2.881356000900268555e+00 3.072236776351928711e+00 3.269128084182739258e+00 3.471333742141723633e+00 3.678101062774658203e+00 3.888657569885253906e+00 4.102189540863037109e+00 4.317873001098632812e+00 4.534858226776123047e+00 4.752295494079589844e+00 4.969324588775634766e+00 5.185098171234130859e+00 5.398771762847900391e+00 5.609525680541992188e+00 5.816555976867675781e+00 6.019092082977294922e+00 6.216392993927001953e+00 6.407757759094238281e+00 6.592523574829101562e+00 6.770074367523193359e+00 6.939838886260986328e+00 7.101296901702880859e+00 7.253975391387939453e+00 7.397455692291259766e+00 7.531367301940917969e+00 7.655394077301025391e+00 7.769267082214355469e+00 7.872770786285400391e+00 7.965735435485839844e+00 8.048040390014648438e+00 8.119607925415039062e+00 8.180405616760253906e+00 8.230440139770507812e+00 8.269760131835937500e+00 8.298445701599121094e+00 8.316617965698242188e+00 8.324422836303710938e+00 8.322042465209960938e+00 8.309679031372070312e+00 8.287568092346191406e+00 8.255961418151855469e+00 8.215135574340820312e+00 8.165381431579589844e+00 8.107013702392578125e+00 8.040354728698730469e+00 7.965746402740478516e+00 7.883536338806152344e+00 7.794087409973144531e+00 7.697765350341796875e+00 7.594948768615722656e+00 7.486015319824218750e+00 7.371353626251220703e+00 7.251347541809082031e+00 7.126389980316162109e+00 6.996866226196289062e+00 6.863168239593505859e+00 6.725678443908691406e+00 6.584784507751464844e+00 6.440860271453857422e+00 6.294284343719482422e+00 6.145419597625732422e+00 5.994631290435791016e+00 5.842267036437988281e+00 5.688676357269287109e+00 5.534187793731689453e+00 5.379131793975830078e+00 5.223816394805908203e+00 5.068549633026123047e+00 4.913615703582763672e+00 4.759299755096435547e+00 4.605859756469726562e+00 4.453555107116699219e+00 4.302617549896240234e+00 4.153280258178710938e+00 4.005745887756347656e+00 3.860221385955810547e+00 3.716880798339843750e+00 3.575903892517089844e+00 3.437435626983642578e+00 3.301629304885864258e+00 3.168601512908935547e+00 3.038479566574096680e+00 2.911352396011352539e+00 2.787322521209716797e+00 2.666451692581176758e+00 2.548820257186889648e+00 2.434463739395141602e+00 2.323442459106445312e+00 2.215767383575439453e+00 2.111482620239257812e+00 2.010577440261840820e+00 1.913085341453552246e+00 1.818979382514953613e+00 1.728295922279357910e+00 1.641006112098693848e+00 1.557180166244506836e+00 1.476827979087829590e+00 1.400135040283203125e+00 1.327267050743103027e+00 1.258747458457946777e+00 1.195228695869445801e+00 1.138191699981689453e+00 1.089696407318115234e+00 1.053933978080749512e+00 1.036823153495788574e+00 1.050689458847045898e+00
1.117571353912353516e+00 1.181253910064697266e+00 1.253089785575866699e+00 1.334823250770568848e+00 1.426296353340148926e+00 1.527821779251098633e+00 1.639236927032470703e+00 1.760532021522521973e+00 1.891465306282043457e+00 2.031844615936279297e+00 2.181326866149902344e+00 2.339574575424194336e+00 2.506136655807495117e+00 2.680546283721923828e+00 2.862246513366699219e+00 3.050655603408813477e+00 3.245120048522949219e+00 3.444960594177246094e+00 3.649441719055175781e+00 3.857807159423828125e+00 4.069259643554687500e+00 4.282990455627441406e+00 4.498163700103759766e+00 4.713943004608154297e+00 4.929480075836181641e+00 5.143937110900878906e+00 5.356478691101074219e+00 5.566291332244873047e+00 5.772576808929443359e+00 5.974566936492919922e+00 6.171522617340087891e+00 6.362741947174072266e+00 6.547560691833496094e+00 6.725359439849853516e+00 6.895561695098876953e+00 7.057640552520751953e+00 7.211115360260009766e+00 7.355559349060058594e+00 7.490592479705810547e+00 7.615888595581054688e+00 7.731167793273925781e+00 7.836204051971435547e+00 7.930815219879150391e+00 8.014870643615722656e+00 8.088278770446777344e+00 8.150999069213867188e+00 8.203024864196777344e+00 8.244393348693847656e+00 8.275176048278808594e+00 8.295481681823730469e+00 8.305448532104492188e+00 8.305247306823730469e+00 8.295074462890625000e+00 8.275154113769531250e+00 8.245730400085449219e+00 8.207075119018554688e+00 8.159471511840820312e+00 8.103226661682128906e+00 8.038658142089843750e+00 7.966101646423339844e+00 7.885900497436523438e+00 7.798412799835205078e+00 7.704000473022460938e+00 7.603038311004638672e+00 7.495900630950927734e+00 7.382972240447998047e+00 7.264634609222412109e+00 7.141278266906738281e+00 7.013285636901855469e+00 6.881048202514648438e+00 6.744946002960205078e+00 6.605364322662353516e+00 6.462677478790283203e+00 6.317262649536132812e+00 6.169481754302978516e+00 6.019699573516845703e+00 5.868264198303222656e+00 5.715525150299072266e+00 5.561810493469238281e+00 5.407452106475830078e+00 5.252758502960205078e+00 5.098038196563720703e+00 4.943576812744140625e+00 4.789660453796386719e+00 4.636548519134521484e+00 4.484503269195556641e+00 4.333756923675537109e+00 4.184545516967773438e+00 4.037073135375976562e+00 3.891549110412597656e+00 3.748150110244750977e+00 3.607058048248291016e+00 3.468420743942260742e+00 3.332393884658813477e+00 3.199096679687500000e+00 3.068659543991088867e+00 2.941173791885375977e+00 2.816745042800903320e+00 2.695437908172607422e+00 2.577335357666015625e+00 2.462475776672363281e+00 2.350922346115112305e+00 2.242689132690429688e+00 2.137822389602661133e+00 2.036314249038696289e+00 1.938200831413269043e+00 1.843457818031311035e+00 1.752123594284057617e+00 1.664171576499938965e+00 1.579673171043395996e+00 1.498640060424804688e+00 1.421257138252258301e+00 1.347689867019653320e+00 1.278457045555114746e+00 1.214205145835876465e+00 1.156400561332702637e+00 1.107082605361938477e+00 1.070401906967163086e+00 1.052220821380615234e+00 1.064754724502563477e+00
1.130144000053405762e+00 1.192067503929138184e+00 1.262066483497619629e+00 1.341872930526733398e+00 1.431332468986511230e+00 1.530758976936340332e+00 1.639995574951171875e+00 1.759037852287292480e+00 1.887652635574340820e+00 2.025656461715698242e+00 2.172717809677124023e+00 2.328510284423828125e+00 2.492597103118896484e+00 2.664525032043457031e+00 2.843752861022949219e+00 3.029714822769165039e+00 3.221773147583007812e+00 3.419265747070312500e+00 3.621473312377929688e+00 3.827656269073486328e+00 4.037033081054687500e+00 4.248809337615966797e+00 4.462164402008056641e+00 4.676273822784423828e+00 4.890302181243896484e+00 5.103420734405517578e+00 5.314804077148437500e+00 5.523644447326660156e+00 5.729149341583251953e+00 5.930554389953613281e+00 6.127121925354003906e+00 6.318150997161865234e+00 6.502974510192871094e+00 6.680971145629882812e+00 6.851559162139892578e+00 7.014205932617187500e+00 7.168424606323242188e+00 7.313779830932617188e+00 7.449882030487060547e+00 7.576395511627197266e+00 7.693030834197998047e+00 7.799550533294677734e+00 7.895761966705322266e+00 7.981522560119628906e+00 8.056730270385742188e+00 8.121332168579101562e+00 8.175312042236328125e+00 8.218694686889648438e+00 8.251542091369628906e+00 8.273953437805175781e+00 8.286055564880371094e+00 8.288010597229003906e+00 8.280006408691406250e+00 8.262259483337402344e+00 8.235004425048828125e+00 8.198506355285644531e+00 8.153041839599609375e+00 8.098911285400390625e+00 8.036427497863769531e+00 7.965918540954589844e+00 7.887724399566650391e+00 7.802197933197021484e+00 7.709696769714355469e+00 7.610591888427734375e+00 7.505253791809082031e+00 7.394063949584960938e+00 7.277401924133300781e+00 7.155654907226562500e+00 7.029203414916992188e+00 6.898436546325683594e+00 6.763732433319091797e+00 6.625475883483886719e+00 6.484039306640625000e+00 6.339798927307128906e+00 6.193116188049316406e+00 6.044355869293212891e+00 5.893865108489990234e+00 5.741993427276611328e+00 5.589069843292236328e+00 5.435425758361816406e+00 5.281370639801025391e+00 5.127214431762695312e+00 4.973243236541748047e+00 4.819744586944580078e+00 4.666979789733886719e+00 4.515211582183837891e+00 4.364675045013427734e+00 4.215606689453125000e+00 4.068214416503906250e+00 3.922708988189697266e+00 3.779268980026245117e+00 3.638078927993774414e+00 3.499289274215698242e+00 3.363058328628540039e+00 3.229508161544799805e+00 3.098771333694458008e+00 2.970942258834838867e+00 2.846129179000854492e+00 2.724399805068969727e+00 2.605839729309082031e+00 2.490490198135375977e+00 2.378417015075683594e+00 2.269637107849121094e+00 2.164199590682983398e+00 2.062098979949951172e+00 1.963374137878417969e+00 1.868003249168395996e+00 1.776026725769042969e+00 1.687420248985290527e+00 1.602256774902343750e+00 1.520549297332763672e+00 1.442482709884643555e+00 1.368221640586853027e+00 1.298281073570251465e+00 1.233301162719726562e+00 1.174734473228454590e+00 1.124599933624267578e+00 1.087008714675903320e+00 1.067768096923828125e+00 1.078985095024108887e+00
1.142901301383972168e+00 1.203089714050292969e+00 1.271277427673339844e+00 1.349184036254882812e+00 1.436659216880798340e+00 1.534017205238342285e+00 1.641106963157653809e+00 1.757928967475891113e+00 1.884258270263671875e+00 2.019919872283935547e+00 2.164592981338500977e+00 2.317962646484375000e+00 2.479604959487915039e+00 2.649080514907836914e+00 2.825862884521484375e+00 3.009401559829711914e+00 3.199075222015380859e+00 3.394237041473388672e+00 3.594184398651123047e+00 3.798193693161010742e+00 4.005498886108398438e+00 4.215320587158203125e+00 4.426851272583007812e+00 4.639281272888183594e+00 4.851784706115722656e+00 5.063545227050781250e+00 5.273744583129882812e+00 5.481583118438720703e+00 5.686273574829101562e+00 5.887056350708007812e+00 6.083194732666015625e+00 6.273988723754882812e+00 6.458770751953125000e+00 6.636916637420654297e+00 6.807840347290039062e+00 6.971004486083984375e+00 7.125914573669433594e+00 7.272128582000732422e+00 7.409248352050781250e+00 7.536928653717041016e+00 7.654870033264160156e+00 7.762825012207031250e+00 7.860589981079101562e+00 7.948010921478271484e+00 8.024975776672363281e+00 8.091420173645019531e+00 8.147315025329589844e+00 8.192678451538085938e+00 8.227559089660644531e+00 8.252045631408691406e+00 8.266256332397460938e+00 8.270344734191894531e+00 8.264488220214843750e+00 8.248894691467285156e+00 8.223793029785156250e+00 8.189438819885253906e+00 8.146101951599121094e+00 8.094077110290527344e+00 8.033669471740722656e+00 7.965204715728759766e+00 7.889014244079589844e+00 7.805448055267333984e+00 7.714858531951904297e+00 7.617612838745117188e+00 7.514077663421630859e+00 7.404632568359375000e+00 7.289652347564697266e+00 7.169521808624267578e+00 7.044620513916015625e+00 6.915333747863769531e+00 6.782039165496826172e+00 6.645119667053222656e+00 6.504945755004882812e+00 6.361893653869628906e+00 6.216323375701904297e+00 6.068599224090576172e+00 5.919068336486816406e+00 5.768080234527587891e+00 5.615963935852050781e+00 5.463051319122314453e+00 5.309651851654052734e+00 5.156076908111572266e+00 5.002613544464111328e+00 4.849550724029541016e+00 4.697150230407714844e+00 4.545677185058593750e+00 4.395368099212646484e+00 4.246461391448974609e+00 4.099166870117187500e+00 3.953696966171264648e+00 3.810233354568481445e+00 3.668962717056274414e+00 3.530037641525268555e+00 3.393619060516357422e+00 3.259831666946411133e+00 3.128810882568359375e+00 3.000653743743896484e+00 2.875471353530883789e+00 2.753333806991577148e+00 2.634329557418823242e+00 2.518503189086914062e+00 2.405922651290893555e+00 2.296607971191406250e+00 2.190610647201538086e+00 2.087928533554077148e+00 1.988602042198181152e+00 1.892612576484680176e+00 1.800002336502075195e+00 1.710749506950378418e+00 1.624928236007690430e+00 1.542553186416625977e+00 1.463809132575988770e+00 1.388860106468200684e+00 1.318217158317565918e+00 1.252514600753784180e+00 1.193191289901733398e+00 1.142246484756469727e+00 1.103752613067626953e+00 1.083462715148925781e+00 1.093378305435180664e+00
1.155840396881103516e+00 1.214317083358764648e+00 1.280718445777893066e+00 1.356752038002014160e+00 1.442271113395690918e+00 1.537590265274047852e+00 1.642563939094543457e+00 1.757197499275207520e+00 1.881273627281188965e+00 2.014625549316406250e+00 2.156942605972290039e+00 2.307921171188354492e+00 2.467149257659912109e+00 2.634201288223266602e+00 2.808564901351928711e+00 2.989704370498657227e+00 3.177013874053955078e+00 3.369862794876098633e+00 3.567563772201538086e+00 3.769408702850341797e+00 3.974647045135498047e+00 4.182514190673828125e+00 4.392217159271240234e+00 4.602957248687744141e+00 4.813922405242919922e+00 5.024305343627929688e+00 5.233297348022460938e+00 5.440105915069580078e+00 5.643949985504150391e+00 5.844073772430419922e+00 6.039743423461914062e+00 6.230260372161865234e+00 6.414955615997314453e+00 6.593203067779541016e+00 6.764413356781005859e+00 6.928044319152832031e+00 7.083595752716064453e+00 7.230617046356201172e+00 7.368703365325927734e+00 7.497500419616699219e+00 7.616698741912841797e+00 7.726040363311767578e+00 7.825312137603759766e+00 7.914349555969238281e+00 7.993029117584228516e+00 8.061274528503417969e+00 8.119049072265625000e+00 8.166357040405273438e+00 8.203237533569335938e+00 8.229769706726074219e+00 8.246062278747558594e+00 8.252259254455566406e+00 8.248528480529785156e+00 8.235070228576660156e+00 8.212104797363281250e+00 8.179880142211914062e+00 8.138659477233886719e+00 8.088730812072753906e+00 8.030392646789550781e+00 7.963965415954589844e+00 7.889775753021240234e+00 7.808167457580566406e+00 7.719490051269531250e+00 7.624105453491210938e+00 7.522377014160156250e+00 7.414680480957031250e+00 7.301388263702392578e+00 7.182881832122802734e+00 7.059538364410400391e+00 6.931741714477539062e+00 6.799867153167724609e+00 6.664295673370361328e+00 6.525397300720214844e+00 6.383546352386474609e+00 6.239102363586425781e+00 6.092429161071777344e+00 5.943873405456542969e+00 5.793784141540527344e+00 5.642490863800048828e+00 5.490325927734375000e+00 5.337599754333496094e+00 5.184623241424560547e+00 5.031685352325439453e+00 4.879075527191162109e+00 4.727057456970214844e+00 4.575897216796875000e+00 4.425833225250244141e+00 4.277105808258056641e+00 4.129926681518554688e+00 3.984510183334350586e+00 3.841040134429931641e+00 3.699705600738525391e+00 3.560662031173706055e+00 3.424072265625000000e+00 3.290063858032226562e+00 3.158774614334106445e+00 3.030304670333862305e+00 2.904767274856567383e+00 2.782235860824584961e+00 2.662801504135131836e+00 2.546511173248291016e+00 2.433435916900634766e+00 2.323598384857177734e+00 2.217052698135375977e+00 2.113799095153808594e+00 2.013881206512451172e+00 1.917282462120056152e+00 1.824047327041625977e+00 1.734156250953674316e+00 1.647684693336486816e+00 1.564649105072021484e+00 1.485233902931213379e+00 1.409602761268615723e+00 1.338263034820556641e+00 1.271843314170837402e+00 1.211769104003906250e+00 1.160020232200622559e+00 1.120631337165832520e+00 1.099302649497985840e+00 1.107931852340698242e+00
1.168958425521850586e+00 1.225746273994445801e+00 1.290385723114013672e+00 1.364572405815124512e+00 1.448162674903869629e+00 1.541472077369689941e+00 1.644359707832336426e+00 1.756835818290710449e+00 1.878690361976623535e+00 2.009764432907104492e+00 2.149757146835327148e+00 2.298375368118286133e+00 2.455219268798828125e+00 2.619875907897949219e+00 2.791846990585327148e+00 2.970611333847045898e+00 3.155577898025512695e+00 3.346131086349487305e+00 3.541599512100219727e+00 3.741290330886840820e+00 3.944467782974243164e+00 4.150381565093994141e+00 4.358252525329589844e+00 4.567295074462890625e+00 4.776708602905273438e+00 4.985696315765380859e+00 5.193458557128906250e+00 5.399210453033447266e+00 5.602177143096923828e+00 5.801607608795166016e+00 5.996770858764648438e+00 6.186969280242919922e+00 6.371534347534179688e+00 6.549837589263916016e+00 6.721286773681640625e+00 6.885335445404052734e+00 7.041478157043457031e+00 7.189257144927978516e+00 7.328259468078613281e+00 7.458123207092285156e+00 7.578529357910156250e+00 7.689210891723632812e+00 7.789943218231201172e+00 7.880552291870117188e+00 7.960903644561767578e+00 8.030911445617675781e+00 8.090526580810546875e+00 8.139742851257324219e+00 8.178591728210449219e+00 8.207139968872070312e+00 8.225486755371093750e+00 8.233766555786132812e+00 8.232138633728027344e+00 8.220795631408691406e+00 8.199949264526367188e+00 8.169838905334472656e+00 8.130722999572753906e+00 8.082880020141601562e+00 8.026603698730468750e+00 7.962208271026611328e+00 7.890014648437500000e+00 7.810362815856933594e+00 7.723596096038818359e+00 7.630074024200439453e+00 7.530155181884765625e+00 7.424211502075195312e+00 7.312612533569335938e+00 7.195737361907958984e+00 7.073959827423095703e+00 6.947662353515625000e+00 6.817217826843261719e+00 6.683005809783935547e+00 6.545394420623779297e+00 6.404757022857666016e+00 6.261453151702880859e+00 6.115844726562500000e+00 5.968278884887695312e+00 5.819103717803955078e+00 5.668650150299072266e+00 5.517249107360839844e+00 5.365211963653564453e+00 5.212851047515869141e+00 5.060455799102783203e+00 4.908316135406494141e+00 4.756698131561279297e+00 4.605868816375732422e+00 4.456067562103271484e+00 4.307536602020263672e+00 4.160490512847900391e+00 4.015144824981689453e+00 3.871685743331909180e+00 3.730304479598999023e+00 3.591158866882324219e+00 3.454414129257202148e+00 3.320200920104980469e+00 3.188658952713012695e+00 3.059891223907470703e+00 2.934013605117797852e+00 2.811102628707885742e+00 2.691251516342163086e+00 2.574510335922241211e+00 2.460952997207641602e+00 2.350604534149169922e+00 2.243521690368652344e+00 2.139707803726196289e+00 2.039208650588989258e+00 1.942010045051574707e+00 1.848158836364746094e+00 1.757637739181518555e+00 1.670523524284362793e+00 1.586834311485290527e+00 1.506754517555236816e+00 1.430447459220886230e+00 1.358416676521301270e+00 1.291285157203674316e+00 1.230465650558471680e+00 1.177919030189514160e+00 1.137642860412597656e+00 1.115285754203796387e+00 1.122643351554870605e+00
1.182252526283264160e+00 1.237373828887939453e+00 1.300275206565856934e+00 1.372640371322631836e+00 1.454328894615173340e+00 1.545656681060791016e+00 1.646487712860107422e+00 1.756836652755737305e+00 1.876500368118286133e+00 2.005327701568603516e+00 2.143026828765869141e+00 2.289314985275268555e+00 2.443804264068603516e+00 2.606093645095825195e+00 2.775698184967041016e+00 2.952110767364501953e+00 3.134755373001098633e+00 3.323030948638916016e+00 3.516281127929687500e+00 3.713828086853027344e+00 3.914950847625732422e+00 4.118913173675537109e+00 4.324949741363525391e+00 4.532287597656250000e+00 4.740137577056884766e+00 4.947713375091552734e+00 5.154224872589111328e+00 5.358895301818847656e+00 5.560955524444580078e+00 5.759659290313720703e+00 5.954278945922851562e+00 6.144119262695312500e+00 6.328511714935302734e+00 6.506825923919677734e+00 6.678467750549316406e+00 6.842886447906494141e+00 6.999571323394775391e+00 7.148058414459228516e+00 7.287928104400634766e+00 7.418809413909912109e+00 7.540375232696533203e+00 7.652348995208740234e+00 7.754496097564697266e+00 7.846632480621337891e+00 7.928613662719726562e+00 8.000342369079589844e+00 8.061759948730468750e+00 8.112851142883300781e+00 8.153633117675781250e+00 8.184166908264160156e+00 8.204540252685546875e+00 8.214878082275390625e+00 8.215331077575683594e+00 8.206082344055175781e+00 8.187336921691894531e+00 8.159326553344726562e+00 8.122300148010253906e+00 8.076532363891601562e+00 8.022309303283691406e+00 7.959939002990722656e+00 7.889737129211425781e+00 7.812038898468017578e+00 7.727182388305664062e+00 7.635522842407226562e+00 7.537415504455566406e+00 7.433228492736816406e+00 7.323328018188476562e+00 7.208090305328369141e+00 7.087886810302734375e+00 6.963096618652343750e+00 6.834091663360595703e+00 6.701249599456787109e+00 6.564937114715576172e+00 6.425526142120361328e+00 6.283375263214111328e+00 6.138845920562744141e+00 5.992284297943115234e+00 5.844038486480712891e+00 5.694439411163330078e+00 5.543818473815917969e+00 5.392487525939941406e+00 5.240758895874023438e+00 5.088922977447509766e+00 4.937271118164062500e+00 4.786070346832275391e+00 4.635588645935058594e+00 4.486067295074462891e+00 4.337751388549804688e+00 4.190855026245117188e+00 4.045597553253173828e+00 3.902166604995727539e+00 3.760755300521850586e+00 3.621524572372436523e+00 3.484641313552856445e+00 3.350239038467407227e+00 3.218459844589233398e+00 3.089409589767456055e+00 2.963206768035888672e+00 2.839930057525634766e+00 2.719676017761230469e+00 2.602497339248657227e+00 2.488470315933227539e+00 2.377622842788696289e+00 2.270014524459838867e+00 2.165651082992553711e+00 2.064580678939819336e+00 1.966791987419128418e+00 1.872333645820617676e+00 1.781190872192382812e+00 1.693441867828369141e+00 1.609106183052062988e+00 1.528368353843688965e+00 1.451391458511352539e+00 1.378675460815429688e+00 1.310837864875793457e+00 1.249278903007507324e+00 1.195940852165222168e+00 1.154785394668579102e+00 1.131409764289855957e+00 1.137510418891906738e+00
1.195719838142395020e+00 1.249196648597717285e+00 1.310383200645446777e+00 1.380951523780822754e+00 1.460764646530151367e+00 1.550138473510742188e+00 1.648941516876220703e+00 1.757192730903625488e+00 1.874695897102355957e+00 2.001306533813476562e+00 2.136742591857910156e+00 2.280730724334716797e+00 2.432893753051757812e+00 2.592843294143676758e+00 2.760107278823852539e+00 2.934191942214965820e+00 3.114535331726074219e+00 3.300551176071166992e+00 3.491597652435302734e+00 3.687011480331420898e+00 3.886086463928222656e+00 4.088099956512451172e+00 4.292300224304199219e+00 4.497927188873291016e+00 4.704202651977539062e+00 4.910351276397705078e+00 5.115592956542968750e+00 5.319157123565673828e+00 5.520282745361328125e+00 5.718228340148925781e+00 5.912270069122314453e+00 6.101713657379150391e+00 6.285892009735107422e+00 6.464174270629882812e+00 6.635963439941406250e+00 6.800705432891845703e+00 6.957884311676025391e+00 7.107031822204589844e+00 7.247719764709472656e+00 7.379570484161376953e+00 7.502248287200927734e+00 7.615467071533203125e+00 7.718983650207519531e+00 7.812603473663330078e+00 7.896172046661376953e+00 7.969582080841064453e+00 8.032764434814453125e+00 8.085692405700683594e+00 8.128376007080078125e+00 8.160863876342773438e+00 8.183234214782714844e+00 8.195604324340820312e+00 8.198114395141601562e+00 8.190939903259277344e+00 8.174277305603027344e+00 8.148349761962890625e+00 8.113400459289550781e+00 8.069696426391601562e+00 8.017517089843750000e+00 7.957164764404296875e+00 7.888949394226074219e+00 7.813200950622558594e+00 7.730253696441650391e+00 7.640456676483154297e+00 7.544162750244140625e+00 7.441735267639160156e+00 7.333538055419921875e+00 7.219943523406982422e+00 7.101320743560791016e+00 6.978046894073486328e+00 6.850491046905517578e+00 6.719028949737548828e+00 6.584026813507080078e+00 6.445854187011718750e+00 6.304868698120117188e+00 6.161431789398193359e+00 6.015888690948486328e+00 5.868587493896484375e+00 5.719858169555664062e+00 5.570033073425292969e+00 5.419424057006835938e+00 5.268343925476074219e+00 5.117084503173828125e+00 4.965937137603759766e+00 4.815170764923095703e+00 4.665054321289062500e+00 4.515830993652343750e+00 4.367746353149414062e+00 4.221017360687255859e+00 4.075865268707275391e+00 3.932479143142700195e+00 3.791054964065551758e+00 3.651755332946777344e+00 3.514750003814697266e+00 3.380174636840820312e+00 3.248173713684082031e+00 3.118856191635131836e+00 2.992342472076416016e+00 2.868714809417724609e+00 2.748071432113647461e+00 2.630468368530273438e+00 2.515984296798706055e+00 2.404650211334228516e+00 2.296527862548828125e+00 2.191625833511352539e+00 2.089994430541992188e+00 1.991625189781188965e+00 1.896568775177001953e+00 1.804812788963317871e+00 1.716436743736267090e+00 1.631461977958679199e+00 1.550072908401489258e+00 1.472432494163513184e+00 1.399037122726440430e+00 1.330499410629272461e+00 1.268206834793090820e+00 1.214083790779113770e+00 1.172056555747985840e+00 1.147672772407531738e+00 1.152530789375305176e+00
1.209357738494873047e+00 1.261211395263671875e+00 1.320705890655517578e+00 1.389501810073852539e+00 1.467464923858642578e+00 1.554911732673645020e+00 1.651714801788330078e+00 1.757897257804870605e+00 1.873269081115722656e+00 1.997693181037902832e+00 2.130895614624023438e+00 2.272612571716308594e+00 2.422478199005126953e+00 2.580115079879760742e+00 2.745063781738281250e+00 2.916843891143798828e+00 3.094907045364379883e+00 3.278681039810180664e+00 3.467538595199584961e+00 3.660830497741699219e+00 3.857864618301391602e+00 4.057932853698730469e+00 4.260295867919921875e+00 4.464206218719482422e+00 4.668897628784179688e+00 4.873605251312255859e+00 5.077558040618896484e+00 5.279994487762451172e+00 5.480158805847167969e+00 5.677315711975097656e+00 5.870745182037353516e+00 6.059755325317382812e+00 6.243680000305175781e+00 6.421887874603271484e+00 6.593780517578125000e+00 6.758800029754638672e+00 6.916427135467529297e+00 7.066186428070068359e+00 7.207645416259765625e+00 7.340417861938476562e+00 7.464160442352294922e+00 7.578577995300292969e+00 7.683418750762939453e+00 7.778478145599365234e+00 7.863592147827148438e+00 7.938642978668212891e+00 8.003551483154296875e+00 8.058281898498535156e+00 8.102831840515136719e+00 8.137242317199707031e+00 8.161581993103027344e+00 8.175956726074218750e+00 8.180500984191894531e+00 8.175378799438476562e+00 8.160779953002929688e+00 8.136919021606445312e+00 8.104032516479492188e+00 8.062379837036132812e+00 8.012234687805175781e+00 7.953892230987548828e+00 7.887657642364501953e+00 7.813855648040771484e+00 7.732814311981201172e+00 7.644880294799804688e+00 7.550400733947753906e+00 7.449735641479492188e+00 7.343245506286621094e+00 7.231299877166748047e+00 7.114264488220214844e+00 6.992514133453369141e+00 6.866416454315185547e+00 6.736344814300537109e+00 6.602663040161132812e+00 6.465740680694580078e+00 6.325933933258056641e+00 6.183602333068847656e+00 6.039091587066650391e+00 5.892749309539794922e+00 5.744904994964599609e+00 5.595890998840332031e+00 5.446019649505615234e+00 5.295604705810546875e+00 5.144937992095947266e+00 4.994312286376953125e+00 4.843997001647949219e+00 4.694262981414794922e+00 4.545354366302490234e+00 4.397518634796142578e+00 4.250974655151367188e+00 4.105944156646728516e+00 3.962620496749877930e+00 3.821199893951416016e+00 3.681848049163818359e+00 3.544736623764038086e+00 3.410003900527954102e+00 3.277797222137451172e+00 3.148227214813232422e+00 3.021417617797851562e+00 2.897452831268310547e+00 2.776434183120727539e+00 2.658420085906982422e+00 2.543491601943969727e+00 2.431683063507080078e+00 2.323057889938354492e+00 2.217628240585327148e+00 2.115446329116821289e+00 2.016506433486938477e+00 1.920861244201660156e+00 1.828500509262084961e+00 1.739505529403686523e+00 1.653899073600769043e+00 1.571865677833557129e+00 1.493568181991577148e+00 1.419499516487121582e+00 1.350267291069030762e+00 1.287247061729431152e+00 1.232345581054687500e+00 1.189454317092895508e+00 1.164072275161743164e+00 1.167701840400695801e+00
1.223163366317749023e+00 1.273414850234985352e+00 1.331239581108093262e+00 1.398286700248718262e+00 1.474425077438354492e+00 1.559970974922180176e+00 1.654801487922668457e+00 1.758943319320678711e+00 1.872212767601013184e+00 1.994479179382324219e+00 2.125477313995361328e+00 2.264951944351196289e+00 2.412547826766967773e+00 2.567898750305175781e+00 2.730557441711425781e+00 2.900055885314941406e+00 3.075859546661376953e+00 3.257409572601318359e+00 3.444092988967895508e+00 3.635274648666381836e+00 3.830276250839233398e+00 4.028402805328369141e+00 4.228928089141845703e+00 4.431117534637451172e+00 4.634216308593750000e+00 4.837470054626464844e+00 5.040116786956787109e+00 5.241403102874755859e+00 5.440581321716308594e+00 5.636920452117919922e+00 5.829705238342285156e+00 6.018246650695800781e+00 6.201879024505615234e+00 6.379971981048583984e+00 6.551925182342529297e+00 6.717177867889404297e+00 6.875206947326660156e+00 7.025532245635986328e+00 7.167715072631835938e+00 7.301362514495849609e+00 7.426123142242431641e+00 7.541694164276123047e+00 7.647813796997070312e+00 7.744268894195556641e+00 7.830885887145996094e+00 7.907537460327148438e+00 7.974133968353271484e+00 8.030630111694335938e+00 8.077013969421386719e+00 8.113314628601074219e+00 8.139594078063964844e+00 8.155947685241699219e+00 8.162501335144042969e+00 8.159409523010253906e+00 8.146854400634765625e+00 8.125043869018554688e+00 8.094204902648925781e+00 8.054591178894042969e+00 8.006468772888183594e+00 7.950128555297851562e+00 7.885868549346923828e+00 7.814007759094238281e+00 7.734870910644531250e+00 7.648798465728759766e+00 7.556133747100830078e+00 7.457233428955078125e+00 7.352453708648681641e+00 7.242161750793457031e+00 7.126719951629638672e+00 7.006501197814941406e+00 6.881869792938232422e+00 6.753197669982910156e+00 6.620847225189208984e+00 6.485186576843261719e+00 6.346570014953613281e+00 6.205357551574707031e+00 6.061892509460449219e+00 5.916522979736328125e+00 5.769578456878662109e+00 5.621391296386718750e+00 5.472273349761962891e+00 5.322539329528808594e+00 5.172482013702392578e+00 5.022394180297851562e+00 4.872547149658203125e+00 4.723212242126464844e+00 4.574635505676269531e+00 4.427065372467041016e+00 4.280723094940185547e+00 4.135831832885742188e+00 3.992586851119995117e+00 3.851186752319335938e+00 3.711798906326293945e+00 3.574597835540771484e+00 3.439723730087280273e+00 3.307326316833496094e+00 3.177519321441650391e+00 3.050428390502929688e+00 2.926141023635864258e+00 2.804760456085205078e+00 2.686348676681518555e+00 2.570988655090332031e+00 2.458717584609985352e+00 2.349601745605468750e+00 2.243655443191528320e+00 2.140933513641357422e+00 2.041432619094848633e+00 1.945207834243774414e+00 1.852251172065734863e+00 1.762645244598388672e+00 1.676414608955383301e+00 1.593743920326232910e+00 1.514795780181884766e+00 1.440060019493103027e+00 1.370139360427856445e+00 1.306397557258605957e+00 1.250724196434020996e+00 1.206976771354675293e+00 1.180606365203857422e+00 1.183021426200866699e+00
1.237133979797363281e+00 1.285803914070129395e+00 1.341980576515197754e+00 1.407302260398864746e+00 1.481640219688415527e+00 1.565311074256896973e+00 1.658195614814758301e+00 1.760324358940124512e+00 1.871519565582275391e+00 1.991656780242919922e+00 2.120478868484497070e+00 2.257739305496215820e+00 2.403093099594116211e+00 2.556184291839599609e+00 2.716577529907226562e+00 2.883817672729492188e+00 3.057382345199584961e+00 3.236726760864257812e+00 3.421251296997070312e+00 3.610334396362304688e+00 3.803311347961425781e+00 3.999500751495361328e+00 4.198189258575439453e+00 4.398653984069824219e+00 4.600152492523193359e+00 4.801939964294433594e+00 5.003264427185058594e+00 5.203381061553955078e+00 5.401548862457275391e+00 5.597042560577392578e+00 5.789151668548583984e+00 5.977189540863037109e+00 6.160493373870849609e+00 6.338431358337402344e+00 6.510403156280517578e+00 6.675845623016357422e+00 6.834232330322265625e+00 6.985078334808349609e+00 7.127938747406005859e+00 7.262414455413818359e+00 7.388147354125976562e+00 7.504826068878173828e+00 7.612180709838867188e+00 7.709988594055175781e+00 7.798067092895507812e+00 7.876278877258300781e+00 7.944524765014648438e+00 8.002750396728515625e+00 8.050932884216308594e+00 8.089093208312988281e+00 8.117282867431640625e+00 8.135587692260742188e+00 8.144124984741210938e+00 8.143042564392089844e+00 8.132511138916015625e+00 8.112731933593750000e+00 8.083925247192382812e+00 8.046337127685546875e+00 8.000227928161621094e+00 7.945880413055419922e+00 7.883587837219238281e+00 7.813663959503173828e+00 7.736427783966064453e+00 7.652215003967285156e+00 7.561365604400634766e+00 7.464231967926025391e+00 7.361166000366210938e+00 7.252532005310058594e+00 7.138689994812011719e+00 7.020009517669677734e+00 6.896852493286132812e+00 6.769589424133300781e+00 6.638580799102783203e+00 6.504192352294921875e+00 6.366777896881103516e+00 6.226696491241455078e+00 6.084290981292724609e+00 5.939908027648925781e+00 5.793878078460693359e+00 5.646532058715820312e+00 5.498183250427246094e+00 5.349146366119384766e+00 5.199713706970214844e+00 5.050180912017822266e+00 4.900818347930908203e+00 4.751899242401123047e+00 4.603671073913574219e+00 4.456384181976318359e+00 4.310259819030761719e+00 4.165524959564208984e+00 4.022375106811523438e+00 3.881011962890625000e+00 3.741604804992675781e+00 3.604329824447631836e+00 3.469330072402954102e+00 3.336757898330688477e+00 3.206728696823120117e+00 3.079371213912963867e+00 2.954775333404541016e+00 2.833046913146972656e+00 2.714250564575195312e+00 2.598471879959106445e+00 2.485750675201416016e+00 2.376155614852905273e+00 2.269703626632690430e+00 2.166452407836914062e+00 2.066400766372680664e+00 1.969605684280395508e+00 1.876061797142028809e+00 1.785853147506713867e+00 1.699005961418151855e+00 1.615705013275146484e+00 1.536112904548645020e+00 1.460716485977172852e+00 1.390113472938537598e+00 1.325656175613403320e+00 1.269217491149902344e+00 1.224621534347534180e+00 1.197272777557373047e+00 1.198487043380737305e+00
1.251266956329345703e+00 1.298375487327575684e+00 1.352925539016723633e+00 1.416544318199157715e+00 1.489105939865112305e+00 1.570926666259765625e+00 1.661891460418701172e+00 1.762034058570861816e+00 1.871182560920715332e+00 1.989218473434448242e+00 2.115892410278320312e+00 2.250966310501098633e+00 2.394104719161987305e+00 2.544962167739868164e+00 2.703114748001098633e+00 2.868119001388549805e+00 3.039465665817260742e+00 3.216622352600097656e+00 3.399003267288208008e+00 3.585999727249145508e+00 3.776960849761962891e+00 3.971218109130859375e+00 4.168070793151855469e+00 4.366808414459228516e+00 4.566699504852294922e+00 4.767009735107421875e+00 4.966997146606445312e+00 5.165925025939941406e+00 5.363059043884277344e+00 5.557681083679199219e+00 5.749084472656250000e+00 5.936586380004882812e+00 6.119524955749511719e+00 6.297270298004150391e+00 6.469220161437988281e+00 6.634810447692871094e+00 6.793510437011718750e+00 6.944832324981689453e+00 7.088325500488281250e+00 7.223584651947021484e+00 7.350244522094726562e+00 7.467986106872558594e+00 7.576531410217285156e+00 7.675649166107177734e+00 7.765147209167480469e+00 7.844879150390625000e+00 7.914736747741699219e+00 7.974654197692871094e+00 8.024601936340332031e+00 8.064589500427246094e+00 8.094658851623535156e+00 8.114888191223144531e+00 8.125384330749511719e+00 8.126287460327148438e+00 8.117758750915527344e+00 8.099993705749511719e+00 8.073204040527343750e+00 8.037628173828125000e+00 7.993519306182861328e+00 7.941155433654785156e+00 7.880823135375976562e+00 7.812829971313476562e+00 7.737490653991699219e+00 7.655136108398437500e+00 7.566101551055908203e+00 7.470735073089599609e+00 7.369386196136474609e+00 7.262414455413818359e+00 7.150177001953125000e+00 7.033041000366210938e+00 6.911366462707519531e+00 6.785521030426025391e+00 6.655863285064697266e+00 6.522758007049560547e+00 6.386558055877685547e+00 6.247619628906250000e+00 6.106286525726318359e+00 5.962904453277587891e+00 5.817802429199218750e+00 5.671312808990478516e+00 5.523747920989990234e+00 5.375423431396484375e+00 5.226632118225097656e+00 5.077669620513916016e+00 4.928808212280273438e+00 4.780321598052978516e+00 4.632459163665771484e+00 4.485471248626708984e+00 4.339582443237304688e+00 4.195020198822021484e+00 4.051982402801513672e+00 3.910672664642333984e+00 3.771261930465698242e+00 3.633929491043090820e+00 3.498819828033447266e+00 3.366087913513183594e+00 3.235851764678955078e+00 3.108242511749267578e+00 2.983352184295654297e+00 2.861289978027343750e+00 2.742122411727905273e+00 2.625937700271606445e+00 2.512778520584106445e+00 2.402716159820556641e+00 2.295769929885864258e+00 2.191999673843383789e+00 2.091407299041748047e+00 1.994051575660705566e+00 1.899929404258728027e+00 1.809126377105712891e+00 1.721670389175415039e+00 1.637746453285217285e+00 1.557517170906066895e+00 1.481466293334960938e+00 1.410187125205993652e+00 1.345020651817321777e+00 1.287823319435119629e+00 1.242386698722839355e+00 1.214069366455078125e+00 1.214096307754516602e+00
1.265559434890747070e+00 1.311126351356506348e+00 1.364070773124694824e+00 1.426008820533752441e+00 1.496817469596862793e+00 1.576812863349914551e+00 1.665883421897888184e+00 1.764066219329833984e+00 1.871194958686828613e+00 1.987156867980957031e+00 2.111710071563720703e+00 2.244624376296997070e+00 2.385573863983154297e+00 2.534223079681396484e+00 2.690159320831298828e+00 2.852950334548950195e+00 3.022099256515502930e+00 3.197086572647094727e+00 3.377338886260986328e+00 3.562261343002319336e+00 3.751215457916259766e+00 3.943546056747436523e+00 4.138565063476562500e+00 4.335573196411132812e+00 4.533850669860839844e+00 4.732673645019531250e+00 4.931309700012207031e+00 5.129031181335449219e+00 5.325110435485839844e+00 5.518835544586181641e+00 5.709504127502441406e+00 5.896438121795654297e+00 6.078977108001708984e+00 6.256492137908935547e+00 6.428380966186523438e+00 6.594078063964843750e+00 6.753049373626708984e+00 6.904803276062011719e+00 7.048884868621826172e+00 7.184882640838623047e+00 7.312424659729003906e+00 7.431184768676757812e+00 7.540877342224121094e+00 7.641261577606201172e+00 7.732138156890869141e+00 7.813350200653076172e+00 7.884780883789062500e+00 7.946354866027832031e+00 7.998033046722412109e+00 8.039814949035644531e+00 8.071734428405761719e+00 8.093860626220703125e+00 8.106289863586425781e+00 8.109154701232910156e+00 8.102608680725097656e+00 8.086838722229003906e+00 8.062048912048339844e+00 8.028470993041992188e+00 7.986351013183593750e+00 7.935960292816162109e+00 7.877580165863037109e+00 7.811511993408203125e+00 7.738065242767333984e+00 7.657566547393798828e+00 7.570345878601074219e+00 7.476747512817382812e+00 7.377117156982421875e+00 7.271811485290527344e+00 7.161183834075927734e+00 7.045598983764648438e+00 6.925413608551025391e+00 6.800994396209716797e+00 6.672697067260742188e+00 6.540885448455810547e+00 6.405910015106201172e+00 6.268126964569091797e+00 6.127878665924072266e+00 5.985510349273681641e+00 5.841350555419921875e+00 5.695731639862060547e+00 5.548966407775878906e+00 5.401369094848632812e+00 5.253234863281250000e+00 5.104858875274658203e+00 4.956514835357666016e+00 4.808476924896240234e+00 4.660995960235595703e+00 4.514324665069580078e+00 4.368687629699707031e+00 4.224314689636230469e+00 4.081405639648437500e+00 3.940165042877197266e+00 3.800767421722412109e+00 3.663393020629882812e+00 3.528189420700073242e+00 3.395313024520874023e+00 3.264885187149047852e+00 3.137038707733154297e+00 3.011868476867675781e+00 2.889486074447631836e+00 2.769960403442382812e+00 2.653383016586303711e+00 2.539798259735107422e+00 2.429280042648315430e+00 2.321851015090942383e+00 2.217572689056396484e+00 2.116449594497680664e+00 2.018542528152465820e+00 1.923851013183593750e+00 1.832461953163146973e+00 1.744405031204223633e+00 1.659865498542785645e+00 1.579005837440490723e+00 1.502307057380676270e+00 1.430358052253723145e+00 1.364488720893859863e+00 1.306539416313171387e+00 1.260269999504089355e+00 1.230993866920471191e+00 1.229846954345703125e+00
1.280008912086486816e+00 1.324053645133972168e+00 1.375412821769714355e+00 1.435691952705383301e+00 1.504770636558532715e+00 1.582964539527893066e+00 1.670165777206420898e+00 1.766414761543273926e+00 1.871549963951110840e+00 1.985464692115783691e+00 2.107923746109008789e+00 2.238705396652221680e+00 2.377491950988769531e+00 2.523958206176757812e+00 2.677701711654663086e+00 2.838301658630371094e+00 3.005273342132568359e+00 3.178109169006347656e+00 3.356248617172241211e+00 3.539109468460083008e+00 3.726066350936889648e+00 3.916476249694824219e+00 4.109663486480712891e+00 4.304940700531005859e+00 4.501599311828613281e+00 4.698926925659179688e+00 4.896198749542236328e+00 5.092696189880371094e+00 5.287700176239013672e+00 5.480504035949707031e+00 5.670411109924316406e+00 5.856746196746826172e+00 6.038852214813232422e+00 6.216101169586181641e+00 6.387890815734863281e+00 6.553654193878173828e+00 6.712855339050292969e+00 6.864998817443847656e+00 7.009625434875488281e+00 7.146317481994628906e+00 7.274697780609130859e+00 7.394433021545410156e+00 7.505228996276855469e+00 7.606838703155517578e+00 7.699051856994628906e+00 7.781704902648925781e+00 7.854670047760009766e+00 7.917864322662353516e+00 7.971237659454345703e+00 8.014781951904296875e+00 8.048521041870117188e+00 8.072514533996582031e+00 8.086851119995117188e+00 8.091654777526855469e+00 8.087070465087890625e+00 8.073276519775390625e+00 8.050469398498535156e+00 8.018874168395996094e+00 7.978730678558349609e+00 7.930302619934082031e+00 7.873865604400634766e+00 7.809715747833251953e+00 7.738157272338867188e+00 7.659511089324951172e+00 7.574102878570556641e+00 7.482273101806640625e+00 7.384363174438476562e+00 7.280725955963134766e+00 7.171712875366210938e+00 7.057684421539306641e+00 6.938995838165283203e+00 6.816009998321533203e+00 6.689082622528076172e+00 6.558574199676513672e+00 6.424834728240966797e+00 6.288218975067138672e+00 6.149067878723144531e+00 6.007726192474365234e+00 5.864522457122802734e+00 5.719788074493408203e+00 5.573836326599121094e+00 5.426981925964355469e+00 5.279520034790039062e+00 5.131746292114257812e+00 4.983935356140136719e+00 4.836362838745117188e+00 4.689280033111572266e+00 4.542941093444824219e+00 4.397572517395019531e+00 4.253405094146728516e+00 4.110641002655029297e+00 3.969486474990844727e+00 3.830117702484130859e+00 3.692717552185058594e+00 3.557435274124145508e+00 3.424430131912231445e+00 3.293825149536132812e+00 3.165756225585937500e+00 3.040320396423339844e+00 2.917631387710571289e+00 2.797761440277099609e+00 2.680803775787353516e+00 2.566806077957153320e+00 2.455844163894653320e+00 2.347943305969238281e+00 2.243167638778686523e+00 2.141524076461791992e+00 2.043075561523437500e+00 1.947823643684387207e+00 1.855857133865356445e+00 1.767207264900207520e+00 1.682059526443481445e+00 1.600576519966125488e+00 1.523236513137817383e+00 1.450623989105224609e+00 1.384058237075805664e+00 1.325363755226135254e+00 1.278269290924072266e+00 1.248044013977050781e+00 1.245736479759216309e+00
1.294612646102905273e+00 1.337154269218444824e+00 1.386948227882385254e+00 1.445589900016784668e+00 1.512960910797119141e+00 1.589376926422119141e+00 1.674733400344848633e+00 1.769073605537414551e+00 1.872241377830505371e+00 1.984134912490844727e+00 2.104526281356811523e+00 2.233201026916503906e+00 2.369850397109985352e+00 2.514158248901367188e+00 2.665732860565185547e+00 2.824164152145385742e+00 2.988978624343872070e+00 3.159681081771850586e+00 3.335723161697387695e+00 3.516535282135009766e+00 3.701504468917846680e+00 3.889999866485595703e+00 4.081358432769775391e+00 4.274904251098632812e+00 4.469940185546875000e+00 4.665762901306152344e+00 4.861658573150634766e+00 5.056917190551757812e+00 5.250825881958007812e+00 5.442685604095458984e+00 5.631804466247558594e+00 5.817511558532714844e+00 5.999152183532714844e+00 6.176100254058837891e+00 6.347754001617431641e+00 6.513544559478759766e+00 6.672935009002685547e+00 6.825426578521728516e+00 6.970554828643798828e+00 7.107898712158203125e+00 7.237073898315429688e+00 7.357740879058837891e+00 7.469598293304443359e+00 7.572390556335449219e+00 7.665900230407714844e+00 7.749953746795654297e+00 7.824415683746337891e+00 7.889193058013916016e+00 7.944227695465087891e+00 7.989501953125000000e+00 8.025029182434082031e+00 8.050862312316894531e+00 8.067080497741699219e+00 8.073797225952148438e+00 8.071152687072753906e+00 8.059314727783203125e+00 8.038474082946777344e+00 8.008846282958984375e+00 7.970665931701660156e+00 7.924189567565917969e+00 7.869687080383300781e+00 7.807448387145996094e+00 7.737771987915039062e+00 7.660974979400634766e+00 7.577377319335937500e+00 7.487316131591796875e+00 7.391127586364746094e+00 7.289162158966064453e+00 7.181766986846923828e+00 7.069300651550292969e+00 6.952114582061767578e+00 6.830570697784423828e+00 6.705021381378173828e+00 6.575825691223144531e+00 6.443332195281982422e+00 6.307894706726074219e+00 6.169853210449218750e+00 6.029551029205322266e+00 5.887316703796386719e+00 5.743481159210205078e+00 5.598357200622558594e+00 5.452260971069335938e+00 5.305486202239990234e+00 5.158330440521240234e+00 5.011068344116210938e+00 4.863976955413818359e+00 4.717308521270751953e+00 4.571318149566650391e+00 4.426234245300292969e+00 4.282288551330566406e+00 4.139685630798339844e+00 3.998633384704589844e+00 3.859309673309326172e+00 3.721899271011352539e+00 3.586554288864135742e+00 3.453435420989990234e+00 3.322668552398681641e+00 3.194391727447509766e+00 3.068704366683959961e+00 2.945723056793212891e+00 2.825521945953369141e+00 2.708197116851806641e+00 2.593798398971557617e+00 2.482404708862304688e+00 2.374043703079223633e+00 2.268781423568725586e+00 2.166627645492553711e+00 2.067647218704223633e+00 1.971844434738159180e+00 1.879309058189392090e+00 1.790074229240417480e+00 1.704325795173645020e+00 1.622226715087890625e+00 1.544252038002014160e+00 1.470982551574707031e+00 1.403726816177368164e+00 1.344294190406799316e+00 1.296382427215576172e+00 1.265217661857604980e+00 1.261762619018554688e+00
1.309368014335632324e+00 1.350425124168395996e+00 1.398673772811889648e+00 1.455698847770690918e+00 1.521384239196777344e+00 1.596045374870300293e+00 1.679581046104431152e+00 1.772037267684936523e+00 1.873262643814086914e+00 1.983160734176635742e+00 2.101510286331176758e+00 2.228103637695312500e+00 2.362641096115112305e+00 2.504815101623535156e+00 2.654243946075439453e+00 2.810528039932250977e+00 2.973205566406250000e+00 3.141792774200439453e+00 3.315753221511840820e+00 3.494529485702514648e+00 3.677520751953125000e+00 3.864109039306640625e+00 4.053642272949218750e+00 4.245456695556640625e+00 4.438865661621093750e+00 4.633176803588867188e+00 4.827685356140136719e+00 5.021689414978027344e+00 5.214485168457031250e+00 5.405378818511962891e+00 5.593684673309326172e+00 5.778735160827636719e+00 5.959879398345947266e+00 6.136493206024169922e+00 6.307974338531494141e+00 6.473754882812500000e+00 6.633294582366943359e+00 6.786093235015869141e+00 6.931682109832763672e+00 7.069634914398193359e+00 7.199562549591064453e+00 7.321118354797363281e+00 7.433995246887207031e+00 7.537928581237792969e+00 7.632693767547607422e+00 7.718109130859375000e+00 7.794029712677001953e+00 7.860353946685791016e+00 7.917015075683593750e+00 7.963985443115234375e+00 8.001271247863769531e+00 8.028914451599121094e+00 8.046987533569335938e+00 8.055594444274902344e+00 8.054865837097167969e+00 8.044964790344238281e+00 8.026071548461914062e+00 7.998395919799804688e+00 7.962164878845214844e+00 7.917628765106201172e+00 7.865050792694091797e+00 7.804715633392333984e+00 7.736916065216064453e+00 7.661963462829589844e+00 7.580174446105957031e+00 7.491880416870117188e+00 7.397414684295654297e+00 7.297122955322265625e+00 7.191349506378173828e+00 7.080449581146240234e+00 6.964772701263427734e+00 6.844677448272705078e+00 6.720514297485351562e+00 6.592640876770019531e+00 6.461403846740722656e+00 6.327155590057373047e+00 6.190234661102294922e+00 6.050984382629394531e+00 5.909732818603515625e+00 5.766809463500976562e+00 5.622528076171875000e+00 5.477203369140625000e+00 5.331131458282470703e+00 5.184608936309814453e+00 5.037911415100097656e+00 4.891317367553710938e+00 4.745079040527343750e+00 4.599453449249267578e+00 4.454669952392578125e+00 4.310962677001953125e+00 4.168537139892578125e+00 4.027602672576904297e+00 3.888339996337890625e+00 3.750935316085815430e+00 3.615542888641357422e+00 3.482325792312622070e+00 3.351411819458007812e+00 3.222941637039184570e+00 3.097017288208007812e+00 2.973757028579711914e+00 2.853238344192504883e+00 2.735559225082397461e+00 2.620772361755371094e+00 2.508958816528320312e+00 2.400148868560791016e+00 2.294410943984985352e+00 2.191757440567016602e+00 2.092255115509033203e+00 1.995910286903381348e+00 1.902814745903015137e+00 1.813003182411193848e+00 1.726661801338195801e+00 1.643953561782836914e+00 1.565351366996765137e+00 1.491431355476379395e+00 1.423492312431335449e+00 1.363328218460083008e+00 1.314607143402099609e+00 1.282512664794921875e+00 1.277922868728637695e+00
1.324272274971008301e+00 1.363863348960876465e+00 1.410586118698120117e+00 1.466014981269836426e+00 1.530036330223083496e+00 1.602965235710144043e+00 1.684703469276428223e+00 1.775299906730651855e+00 1.874607801437377930e+00 1.982535600662231445e+00 2.098868370056152344e+00 2.223405838012695312e+00 2.355855703353881836e+00 2.495919942855834961e+00 2.643226146697998047e+00 2.797384977340698242e+00 2.957945346832275391e+00 3.124435186386108398e+00 3.296329498291015625e+00 3.473083019256591797e+00 3.654107093811035156e+00 3.838794946670532227e+00 4.026506900787353516e+00 4.216590404510498047e+00 4.408369541168212891e+00 4.601162433624267578e+00 4.794273376464843750e+00 4.987009525299072266e+00 5.178674697875976562e+00 5.368581771850585938e+00 5.556049823760986328e+00 5.740417003631591797e+00 5.921035289764404297e+00 6.097281932830810547e+00 6.268556118011474609e+00 6.434288978576660156e+00 6.593940258026123047e+00 6.747005462646484375e+00 6.893013954162597656e+00 7.031534671783447266e+00 7.162172794342041016e+00 7.284575939178466797e+00 7.398429870605468750e+00 7.503463745117187500e+00 7.599443912506103516e+00 7.686181545257568359e+00 7.763523101806640625e+00 7.831357955932617188e+00 7.889610290527343750e+00 7.938244819641113281e+00 7.977257251739501953e+00 8.006682395935058594e+00 8.026582717895507812e+00 8.037054061889648438e+00 8.038220405578613281e+00 8.030234336853027344e+00 8.013270378112792969e+00 7.987531185150146484e+00 7.953235149383544922e+00 7.910626888275146484e+00 7.859963893890380859e+00 7.801523685455322266e+00 7.735594749450683594e+00 7.662482738494873047e+00 7.582499027252197266e+00 7.495971202850341797e+00 7.403227806091308594e+00 7.304611682891845703e+00 7.200463294982910156e+00 7.091134548187255859e+00 6.976972103118896484e+00 6.858332157135009766e+00 6.735563278198242188e+00 6.609021186828613281e+00 6.479050159454345703e+00 6.346001625061035156e+00 6.210212707519531250e+00 6.072026729583740234e+00 5.931769847869873047e+00 5.789772510528564453e+00 5.646347045898437500e+00 5.501809120178222656e+00 5.356454372406005859e+00 5.210580348968505859e+00 5.064462661743164062e+00 4.918381214141845703e+00 4.772588729858398438e+00 4.627344131469726562e+00 4.482877254486083984e+00 4.339424610137939453e+00 4.197191715240478516e+00 4.056391716003417969e+00 3.917205572128295898e+00 3.779822349548339844e+00 3.644397974014282227e+00 3.511097431182861328e+00 3.380051612854003906e+00 3.251402616500854492e+00 3.125255107879638672e+00 3.001730203628540039e+00 2.880907297134399414e+00 2.762886762619018555e+00 2.647724151611328125e+00 2.535502910614013672e+00 2.426255464553833008e+00 2.320052862167358398e+00 2.216909885406494141e+00 2.116895437240600586e+00 2.020018339157104492e+00 1.926371335983276367e+00 1.835991263389587402e+00 1.749064803123474121e+00 1.665754795074462891e+00 1.586531758308410645e+00 1.511968016624450684e+00 1.443352222442626953e+00 1.382463932037353516e+00 1.332941293716430664e+00 1.299926638603210449e+00 1.294215083122253418e+00
1.339322924613952637e+00 1.377466082572937012e+00 1.422681927680969238e+00 1.476534724235534668e+00 1.538913249969482422e+00 1.610131859779357910e+00 1.690095782279968262e+00 1.778856039047241211e+00 1.876270771026611328e+00 1.982252836227416992e+00 2.096593856811523438e+00 2.219099760055541992e+00 2.349486827850341797e+00 2.487464666366577148e+00 2.632670879364013672e+00 2.784725666046142578e+00 2.943189144134521484e+00 3.107599258422851562e+00 3.277443408966064453e+00 3.452187538146972656e+00 3.631254673004150391e+00 3.814049959182739258e+00 3.999945163726806641e+00 4.188298702239990234e+00 4.378445625305175781e+00 4.569714069366455078e+00 4.761418342590332031e+00 4.952874183654785156e+00 5.143392086029052734e+00 5.332292079925537109e+00 5.518900394439697266e+00 5.702558040618896484e+00 5.882620811462402344e+00 6.058468818664550781e+00 6.229502201080322266e+00 6.395152091979980469e+00 6.554876804351806641e+00 6.708170413970947266e+00 6.854557991027832031e+00 6.993605613708496094e+00 7.124912738800048828e+00 7.248122215270996094e+00 7.362912654876708984e+00 7.469005584716796875e+00 7.566161632537841797e+00 7.654182434082031250e+00 7.732906818389892578e+00 7.802216053009033203e+00 7.862025260925292969e+00 7.912290096282958984e+00 7.952998638153076172e+00 7.984176158905029297e+00 8.005876541137695312e+00 8.018188476562500000e+00 8.021225929260253906e+00 8.015134811401367188e+00 8.000081062316894531e+00 7.976260662078857422e+00 7.943885326385498047e+00 7.903192520141601562e+00 7.854433536529541016e+00 7.797880172729492188e+00 7.733814239501953125e+00 7.662537574768066406e+00 7.584355831146240234e+00 7.499592304229736328e+00 7.408571720123291016e+00 7.311632156372070312e+00 7.209111213684082031e+00 7.101357460021972656e+00 6.988715171813964844e+00 6.871537208557128906e+00 6.750169754028320312e+00 6.624966621398925781e+00 6.496271133422851562e+00 6.364432811737060547e+00 6.229787826538085938e+00 6.092677593231201172e+00 5.953428268432617188e+00 5.812369346618652344e+00 5.669813632965087891e+00 5.526076316833496094e+00 5.381453037261962891e+00 5.236242294311523438e+00 5.090720176696777344e+00 4.945166587829589844e+00 4.799836158752441406e+00 4.654987812042236328e+00 4.510853767395019531e+00 4.367671012878417969e+00 4.225647449493408203e+00 4.084997177124023438e+00 3.945903539657592773e+00 3.808557033538818359e+00 3.673115968704223633e+00 3.539747714996337891e+00 3.408584594726562500e+00 3.279771327972412109e+00 3.153415203094482422e+00 3.029639005661010742e+00 2.908525228500366211e+00 2.790176391601562500e+00 2.674650669097900391e+00 2.562033414840698242e+00 2.452360391616821289e+00 2.345704078674316406e+00 2.242082357406616211e+00 2.141565799713134766e+00 2.044165372848510742e+00 1.949975967407226562e+00 1.859035849571228027e+00 1.771531939506530762e+00 1.687627673149108887e+00 1.607790946960449219e+00 1.532590150833129883e+00 1.463304519653320312e+00 1.401698946952819824e+00 1.351382732391357422e+00 1.317457318305969238e+00 1.310636639595031738e+00
1.354517221450805664e+00 1.391230344772338867e+00 1.434957981109619141e+00 1.487254500389099121e+00 1.548010826110839844e+00 1.617540955543518066e+00 1.695752859115600586e+00 1.782700419425964355e+00 1.878245592117309570e+00 1.982306241989135742e+00 2.094679832458496094e+00 2.215178728103637695e+00 2.343526601791381836e+00 2.479441404342651367e+00 2.622569799423217773e+00 2.772541999816894531e+00 2.928927898406982422e+00 3.091276407241821289e+00 3.259086132049560547e+00 3.431833982467651367e+00 3.608955144882202148e+00 3.789865732192993164e+00 3.973948955535888672e+00 4.160574436187744141e+00 4.349087238311767578e+00 4.538826465606689453e+00 4.729115486145019531e+00 4.919278144836425781e+00 5.108633518218994141e+00 5.296508789062500000e+00 5.482234477996826172e+00 5.665157794952392578e+00 5.844637870788574219e+00 6.020056724548339844e+00 6.190816402435302734e+00 6.356348037719726562e+00 6.516109943389892578e+00 6.669593334197998047e+00 6.816321849822998047e+00 6.955855846405029297e+00 7.087791919708251953e+00 7.211766719818115234e+00 7.327452659606933594e+00 7.434565067291259766e+00 7.532856941223144531e+00 7.622122287750244141e+00 7.702191829681396484e+00 7.772939205169677734e+00 7.834270477294921875e+00 7.886133193969726562e+00 7.928505897521972656e+00 7.961406230926513672e+00 7.984879493713378906e+00 7.999005794525146484e+00 8.003890991210937500e+00 7.999673366546630859e+00 7.986511230468750000e+00 7.964592456817626953e+00 7.934123039245605469e+00 7.895332813262939453e+00 7.848466396331787109e+00 7.793790340423583984e+00 7.731580734252929688e+00 7.662133693695068359e+00 7.585750102996826172e+00 7.502748966217041016e+00 7.413450241088867188e+00 7.318188190460205078e+00 7.217297077178955078e+00 7.111122131347656250e+00 7.000003814697265625e+00 6.884294033050537109e+00 6.764335155487060547e+00 6.640479564666748047e+00 6.513068675994873047e+00 6.382450103759765625e+00 6.248959064483642578e+00 6.112936496734619141e+00 5.974706649780273438e+00 5.834599494934082031e+00 5.692926883697509766e+00 5.550004005432128906e+00 5.406126976013183594e+00 5.261593818664550781e+00 5.116682052612304688e+00 4.971671581268310547e+00 4.826817989349365234e+00 4.682382106781005859e+00 4.538596153259277344e+00 4.395699501037597656e+00 4.253901004791259766e+00 4.113416194915771484e+00 3.974430561065673828e+00 3.837136507034301758e+00 3.701694011688232422e+00 3.568272590637207031e+00 3.437007188796997070e+00 3.308044195175170898e+00 3.181493520736694336e+00 3.057480335235595703e+00 2.936089038848876953e+00 2.817425012588500977e+00 2.701548576354980469e+00 2.588547706604003906e+00 2.478460311889648438e+00 2.371361494064331055e+00 2.267271280288696289e+00 2.166262626647949219e+00 2.068348646163940430e+00 1.973625779151916504e+00 1.882133960723876953e+00 1.794060707092285156e+00 1.709569692611694336e+00 1.629126191139221191e+00 1.553295493125915527e+00 1.483346700668334961e+00 1.421030879020690918e+00 1.369929194450378418e+00 1.335102677345275879e+00 1.327185392379760742e+00
1.369852662086486816e+00 1.405153274536132812e+00 1.447410941123962402e+00 1.498170733451843262e+00 1.557325124740600586e+00 1.625187993049621582e+00 1.701670169830322266e+00 1.786827683448791504e+00 1.880526781082153320e+00 1.982689738273620605e+00 2.093119621276855469e+00 2.211635112762451172e+00 2.337967395782470703e+00 2.471842288970947266e+00 2.612915277481079102e+00 2.760825634002685547e+00 2.915153264999389648e+00 3.075458049774169922e+00 3.241249084472656250e+00 3.412014484405517578e+00 3.587200164794921875e+00 3.766234397888183594e+00 3.948510885238647461e+00 4.133409976959228516e+00 4.320288181304931641e+00 4.508493900299072266e+00 4.697359561920166016e+00 4.886218070983886719e+00 5.074396610260009766e+00 5.261228561401367188e+00 5.446051120758056641e+00 5.628216266632080078e+00 5.807086467742919922e+00 5.982046604156494141e+00 6.152501106262207031e+00 6.317881107330322266e+00 6.477644443511962891e+00 6.631280899047851562e+00 6.778311252593994141e+00 6.918292999267578125e+00 7.050817966461181641e+00 7.175518035888671875e+00 7.292059421539306641e+00 7.400151729583740234e+00 7.499539852142333984e+00 7.590011596679687500e+00 7.671389579772949219e+00 7.743538379669189453e+00 7.806356906890869141e+00 7.859784126281738281e+00 7.903790473937988281e+00 7.938384056091308594e+00 7.963602066040039062e+00 7.979516983032226562e+00 7.986226558685302734e+00 7.983860492706298828e+00 7.972570419311523438e+00 7.952536106109619141e+00 7.923956394195556641e+00 7.887055397033691406e+00 7.842070102691650391e+00 7.789261817932128906e+00 7.728900432586669922e+00 7.661276817321777344e+00 7.586687564849853516e+00 7.505445480346679688e+00 7.417867183685302734e+00 7.324283599853515625e+00 7.225023746490478516e+00 7.120430469512939453e+00 7.010841369628906250e+00 6.896604537963867188e+00 6.778061389923095703e+00 6.655560970306396484e+00 6.529443264007568359e+00 6.400053977966308594e+00 6.267727851867675781e+00 6.132803440093994141e+00 5.995605468750000000e+00 5.856462478637695312e+00 5.715685844421386719e+00 5.573591232299804688e+00 5.430473804473876953e+00 5.286633014678955078e+00 5.142346382141113281e+00 4.997893810272216797e+00 4.853533267974853516e+00 4.709524631500244141e+00 4.566102504730224609e+00 4.423507213592529297e+00 4.281949043273925781e+00 4.141645431518554688e+00 4.002783775329589844e+00 3.865557432174682617e+00 3.730129003524780273e+00 3.596669673919677734e+00 3.465316534042358398e+00 3.336218357086181641e+00 3.209487199783325195e+00 3.085250616073608398e+00 2.963595151901245117e+00 2.844628810882568359e+00 2.728414297103881836e+00 2.615041971206665039e+00 2.504551887512207031e+00 2.397021770477294922e+00 2.292473793029785156e+00 2.190983295440673828e+00 2.092565298080444336e+00 1.997317910194396973e+00 1.905282974243164062e+00 1.816648364067077637e+00 1.731578111648559570e+00 1.650535345077514648e+00 1.574081420898437500e+00 1.503476500511169434e+00 1.440457701683044434e+00 1.388578414916992188e+00 1.352860212326049805e+00 1.343858718872070312e+00
1.385326623916625977e+00 1.419232010841369629e+00 1.460037946701049805e+00 1.509279847145080566e+00 1.566852450370788574e+00 1.633068919181823730e+00 1.707842946052551270e+00 1.791232705116271973e+00 1.883108615875244141e+00 1.983397126197814941e+00 2.091906785964965820e+00 2.208462476730346680e+00 2.332802295684814453e+00 2.464659929275512695e+00 2.603698968887329102e+00 2.749568223953247070e+00 2.901857137680053711e+00 3.060135841369628906e+00 3.223923921585083008e+00 3.392720222473144531e+00 3.565982103347778320e+00 3.743148088455200195e+00 3.923623323440551758e+00 4.106799125671386719e+00 4.292042255401611328e+00 4.478710174560546875e+00 4.666145324707031250e+00 4.853689670562744141e+00 5.040677547454833984e+00 5.226449966430664062e+00 5.410349369049072266e+00 5.591732501983642578e+00 5.769967079162597656e+00 5.944440841674804688e+00 6.114559173583984375e+00 6.279755115509033203e+00 6.439484596252441406e+00 6.593237876892089844e+00 6.740532875061035156e+00 6.880924224853515625e+00 7.013998985290527344e+00 7.139384269714355469e+00 7.256742000579833984e+00 7.365774631500244141e+00 7.466220855712890625e+00 7.557860851287841797e+00 7.640509605407714844e+00 7.714024543762207031e+00 7.778295993804931641e+00 7.833254337310791016e+00 7.878861904144287109e+00 7.915119171142578125e+00 7.942054748535156250e+00 7.959732055664062500e+00 7.968242168426513672e+00 7.967705726623535156e+00 7.958267211914062500e+00 7.940099716186523438e+00 7.913393974304199219e+00 7.878367424011230469e+00 7.835251331329345703e+00 7.784300804138183594e+00 7.725779533386230469e+00 7.659973144531250000e+00 7.587172508239746094e+00 7.507686614990234375e+00 7.421827793121337891e+00 7.329921722412109375e+00 7.232295036315917969e+00 7.129285812377929688e+00 7.021229743957519531e+00 6.908471584320068359e+00 6.791349887847900391e+00 6.670212268829345703e+00 6.545395851135253906e+00 6.417245864868164062e+00 6.286094188690185547e+00 6.152278900146484375e+00 6.016123771667480469e+00 5.877957344055175781e+00 5.738089561462402344e+00 5.596836090087890625e+00 5.454493045806884766e+00 5.311358451843261719e+00 5.167711257934570312e+00 5.023831844329833984e+00 4.879978656768798828e+00 4.736413002014160156e+00 4.593370437622070312e+00 4.451091766357421875e+00 4.309789657592773438e+00 4.169682979583740234e+00 4.030960083007812500e+00 3.893816709518432617e+00 3.758417367935180664e+00 3.624934911727905273e+00 3.493509054183959961e+00 3.364290237426757812e+00 3.237392902374267578e+00 3.112946510314941406e+00 2.991040468215942383e+00 2.871784925460815430e+00 2.755244970321655273e+00 2.641512870788574219e+00 2.530632019042968750e+00 2.422681808471679688e+00 2.317686796188354492e+00 2.215724229812622070e+00 2.116811990737915039e+00 2.021049499511718750e+00 1.928480029106140137e+00 1.839292168617248535e+00 1.753650426864624023e+00 1.672015547752380371e+00 1.594945669174194336e+00 1.523691534996032715e+00 1.459977030754089355e+00 1.407328009605407715e+00 1.370727777481079102e+00 1.360654354095458984e+00
1.400936603546142578e+00 1.433463573455810547e+00 1.472835659980773926e+00 1.520578503608703613e+00 1.576588749885559082e+00 1.641179442405700684e+00 1.714266538619995117e+00 1.795910477638244629e+00 1.885985732078552246e+00 1.984422564506530762e+00 2.091035127639770508e+00 2.205653905868530273e+00 2.328024148941040039e+00 2.457886457443237305e+00 2.594913244247436523e+00 2.738761901855468750e+00 2.889031410217285156e+00 3.045301437377929688e+00 3.207102298736572266e+00 3.373943090438842773e+00 3.545292377471923828e+00 3.720598936080932617e+00 3.899279356002807617e+00 4.080734729766845703e+00 4.264342308044433594e+00 4.449469566345214844e+00 4.635468482971191406e+00 4.821689128875732422e+00 5.007473468780517578e+00 5.192169666290283203e+00 5.375126838684082031e+00 5.555706977844238281e+00 5.733281135559082031e+00 5.907240867614746094e+00 6.076992988586425781e+00 6.241972446441650391e+00 6.401635169982910156e+00 6.555469989776611328e+00 6.702992916107177734e+00 6.843755722045898438e+00 6.977342128753662109e+00 7.103374481201171875e+00 7.221509456634521484e+00 7.331443786621093750e+00 7.432909488677978516e+00 7.525679588317871094e+00 7.609562873840332031e+00 7.684407711029052734e+00 7.750097274780273438e+00 7.806553840637207031e+00 7.853731632232666016e+00 7.891622543334960938e+00 7.920247077941894531e+00 7.939661026000976562e+00 7.949946880340576172e+00 7.951217651367187500e+00 7.943610668182373047e+00 7.927291393280029297e+00 7.902443408966064453e+00 7.869277000427246094e+00 7.828018188476562500e+00 7.778913974761962891e+00 7.722224235534667969e+00 7.658227443695068359e+00 7.587211132049560547e+00 7.509478092193603516e+00 7.425335884094238281e+00 7.335107326507568359e+00 7.239114284515380859e+00 7.137691974639892578e+00 7.031172275543212891e+00 6.919897079467773438e+00 6.804203033447265625e+00 6.684434890747070312e+00 6.560927867889404297e+00 6.434025287628173828e+00 6.304058074951171875e+00 6.171362876892089844e+00 6.036262512207031250e+00 5.899083614349365234e+00 5.760137557983398438e+00 5.619738578796386719e+00 5.478182792663574219e+00 5.335768699645996094e+00 5.192775249481201172e+00 5.049483776092529297e+00 4.906153202056884766e+00 4.763044834136962891e+00 4.620397090911865234e+00 4.478450775146484375e+00 4.337419986724853516e+00 4.197525501251220703e+00 4.058956623077392578e+00 3.921911716461181641e+00 3.786556482315063477e+00 3.653065919876098633e+00 3.521581649780273438e+00 3.392256498336791992e+00 3.265207052230834961e+00 3.140564680099487305e+00 3.018421649932861328e+00 2.898889780044555664e+00 2.782037019729614258e+00 2.667957544326782227e+00 2.556697607040405273e+00 2.448338270187377930e+00 2.342907190322875977e+00 2.240483045578002930e+00 2.141086101531982422e+00 2.044817447662353516e+00 1.951722145080566406e+00 1.861989498138427734e+00 1.775783896446228027e+00 1.693564414978027344e+00 1.615885615348815918e+00 1.543989539146423340e+00 1.479586482048034668e+00 1.426175951957702637e+00 1.388703107833862305e+00 1.377570033073425293e+00
1.416679739952087402e+00 1.447845339775085449e+00 1.485800981521606445e+00 1.532063126564025879e+00 1.586530566215515137e+00 1.649515390396118164e+00 1.720936536788940430e+00 1.800856232643127441e+00 1.889152765274047852e+00 1.985760331153869629e+00 2.090498447418212891e+00 2.203202962875366211e+00 2.323625802993774414e+00 2.451514959335327148e+00 2.586550712585449219e+00 2.728398799896240234e+00 2.876667737960815430e+00 3.030946969985961914e+00 3.190776109695434570e+00 3.355675458908081055e+00 3.525123357772827148e+00 3.698579788208007812e+00 3.875471353530883789e+00 4.055210113525390625e+00 4.237182617187500000e+00 4.420766830444335938e+00 4.605323791503906250e+00 4.790211200714111328e+00 4.974780082702636719e+00 5.158385276794433594e+00 5.340382099151611328e+00 5.520137786865234375e+00 5.697028160095214844e+00 5.870447158813476562e+00 6.039804935455322266e+00 6.204536914825439453e+00 6.364099979400634766e+00 6.517982006072998047e+00 6.665696620941162109e+00 6.806794643402099609e+00 6.940855026245117188e+00 7.067496299743652344e+00 7.186369895935058594e+00 7.297167778015136719e+00 7.399614810943603516e+00 7.493478298187255859e+00 7.578558444976806641e+00 7.654697895050048828e+00 7.721771240234375000e+00 7.779693126678466797e+00 7.828409194946289062e+00 7.867903709411621094e+00 7.898189544677734375e+00 7.919313430786132812e+00 7.931350231170654297e+00 7.934406280517578125e+00 7.928609848022460938e+00 7.914119720458984375e+00 7.891112804412841797e+00 7.859792232513427734e+00 7.820376873016357422e+00 7.773108482360839844e+00 7.718240737915039062e+00 7.656046867370605469e+00 7.586808204650878906e+00 7.510823726654052734e+00 7.428396224975585938e+00 7.339843750000000000e+00 7.245484828948974609e+00 7.145651340484619141e+00 7.040670871734619141e+00 6.930883407592773438e+00 6.816622734069824219e+00 6.698230266571044922e+00 6.576040267944335938e+00 6.450394153594970703e+00 6.321620464324951172e+00 6.190055370330810547e+00 6.056020259857177734e+00 5.919841766357421875e+00 5.781829357147216797e+00 5.642297744750976562e+00 5.501542568206787109e+00 5.359862804412841797e+00 5.217536926269531250e+00 5.074847698211669922e+00 4.932054042816162109e+00 4.789418697357177734e+00 4.647180557250976562e+00 4.505581378936767578e+00 4.364837646484375000e+00 4.225169658660888672e+00 4.086770534515380859e+00 3.949839115142822266e+00 3.814543008804321289e+00 3.681059122085571289e+00 3.549531221389770508e+00 3.420114040374755859e+00 3.292926549911499023e+00 3.168102025985717773e+00 3.045735359191894531e+00 2.925940275192260742e+00 2.808787107467651367e+00 2.694372653961181641e+00 2.582745075225830078e+00 2.473988056182861328e+00 2.368131637573242188e+00 2.265256166458129883e+00 2.165384531021118164e+00 2.068619012832641602e+00 1.975006818771362305e+00 1.884737491607666016e+00 1.797976016998291016e+00 1.715179443359375000e+00 1.636898994445800781e+00 1.564368009567260742e+00 1.499283909797668457e+00 1.445119857788085938e+00 1.406783819198608398e+00 1.394603252410888672e+00
1.432553768157958984e+00 1.462374329566955566e+00 1.498930811882019043e+00 1.543730497360229492e+00 1.596673965454101562e+00 1.658072829246520996e+00 1.727848410606384277e+00 1.806064963340759277e+00 1.892604470252990723e+00 1.987404823303222656e+00 2.090290546417236328e+00 2.201102972030639648e+00 2.319600582122802734e+00 2.445538043975830078e+00 2.578603744506835938e+00 2.718471527099609375e+00 2.864758729934692383e+00 3.017064332962036133e+00 3.174937725067138672e+00 3.337909221649169922e+00 3.505467653274536133e+00 3.677083015441894531e+00 3.852192401885986328e+00 4.030218124389648438e+00 4.210556983947753906e+00 4.392596244812011719e+00 4.575705528259277344e+00 4.759252071380615234e+00 4.942594528198242188e+00 5.125094413757324219e+00 5.306113719940185547e+00 5.485024929046630859e+00 5.661208152770996094e+00 5.834061145782470703e+00 6.002996921539306641e+00 6.167451381683349609e+00 6.326882839202880859e+00 6.480778217315673828e+00 6.628650188446044922e+00 6.770046710968017578e+00 6.904544353485107422e+00 7.031756877899169922e+00 7.151331901550292969e+00 7.262955188751220703e+00 7.366346359252929688e+00 7.461265563964843750e+00 7.547507286071777344e+00 7.624906063079833984e+00 7.693328857421875000e+00 7.752682685852050781e+00 7.802905559539794922e+00 7.843973636627197266e+00 7.875891685485839844e+00 7.898699283599853516e+00 7.912462711334228516e+00 7.917280673980712891e+00 7.913273811340332031e+00 7.900593757629394531e+00 7.879410266876220703e+00 7.849920272827148438e+00 7.812335014343261719e+00 7.766891479492187500e+00 7.713835716247558594e+00 7.653436660766601562e+00 7.585969924926757812e+00 7.511729240417480469e+00 7.431013584136962891e+00 7.344135761260986328e+00 7.251410961151123047e+00 7.153167247772216797e+00 7.049729347229003906e+00 6.941433429718017578e+00 6.828610420227050781e+00 6.711600303649902344e+00 6.590734958648681641e+00 6.466352939605712891e+00 6.338782310485839844e+00 6.208357334136962891e+00 6.075397968292236328e+00 5.940230369567871094e+00 5.803164005279541016e+00 5.664512157440185547e+00 5.524570465087890625e+00 5.383638381958007812e+00 5.241994857788085938e+00 5.099921703338623047e+00 4.957679748535156250e+00 4.815531730651855469e+00 4.673717975616455078e+00 4.532481193542480469e+00 4.392039299011230469e+00 4.252614021301269531e+00 4.114399433135986328e+00 3.977596044540405273e+00 3.842374086380004883e+00 3.708911657333374023e+00 3.577354669570922852e+00 3.447859764099121094e+00 3.320548057556152344e+00 3.195555448532104492e+00 3.072978258132934570e+00 2.952932834625244141e+00 2.835492134094238281e+00 2.720754861831665039e+00 2.608771562576293945e+00 2.499628305435180664e+00 2.393357038497924805e+00 2.290040731430053711e+00 2.189704179763793945e+00 2.092451333999633789e+00 1.998330950736999512e+00 1.907533407211303711e+00 1.820224165916442871e+00 1.736858010292053223e+00 1.657983303070068359e+00 1.584824681282043457e+00 1.519066929817199707e+00 1.464157462120056152e+00 1.424967765808105469e+00 1.411751627922058105e+00
1.448555827140808105e+00 1.477047801017761230e+00 1.512222290039062500e+00 1.555577278137207031e+00 1.607015371322631836e+00 1.666847586631774902e+00 1.734997749328613281e+00 1.811532020568847656e+00 1.896335721015930176e+00 1.989350557327270508e+00 2.090405702590942383e+00 2.199348211288452148e+00 2.315942049026489258e+00 2.439949274063110352e+00 2.571065425872802734e+00 2.708972454071044922e+00 2.853296756744384766e+00 3.003645896911621094e+00 3.159579277038574219e+00 3.320636749267578125e+00 3.486317157745361328e+00 3.656100988388061523e+00 3.829435348510742188e+00 4.005752563476562500e+00 4.184458732604980469e+00 4.364951610565185547e+00 4.546609401702880859e+00 4.728807449340820312e+00 4.910912990570068359e+00 5.092294216156005859e+00 5.272319316864013672e+00 5.450366973876953125e+00 5.625821113586425781e+00 5.798083782196044922e+00 5.966569900512695312e+00 6.130718231201171875e+00 6.289987087249755859e+00 6.443863391876220703e+00 6.591858386993408203e+00 6.733518600463867188e+00 6.868416786193847656e+00 6.996164321899414062e+00 7.116403579711914062e+00 7.228814601898193359e+00 7.333112716674804688e+00 7.429051399230957031e+00 7.516418457031250000e+00 7.595040798187255859e+00 7.664778709411621094e+00 7.725531578063964844e+00 7.777230262756347656e+00 7.819841861724853516e+00 7.853363990783691406e+00 7.877828121185302734e+00 7.893292903900146484e+00 7.899849414825439453e+00 7.897611141204833984e+00 7.886721611022949219e+00 7.867344379425048828e+00 7.839668750762939453e+00 7.803900718688964844e+00 7.760269165039062500e+00 7.709015846252441406e+00 7.650402545928955078e+00 7.584701061248779297e+00 7.512199401855468750e+00 7.433191776275634766e+00 7.347987174987792969e+00 7.256896495819091797e+00 7.160243034362792969e+00 7.058349609375000000e+00 6.951549053192138672e+00 6.840168952941894531e+00 6.724546909332275391e+00 6.605012893676757812e+00 6.481902599334716797e+00 6.355544090270996094e+00 6.226268291473388672e+00 6.094395637512207031e+00 5.960250377655029297e+00 5.824141025543212891e+00 5.686381340026855469e+00 5.547266483306884766e+00 5.407094955444335938e+00 5.266146659851074219e+00 5.124704360961914062e+00 4.983027935028076172e+00 4.841382503509521484e+00 4.700007915496826172e+00 4.559148311614990234e+00 4.419023036956787109e+00 4.279855251312255859e+00 4.141839981079101562e+00 4.005179882049560547e+00 3.870046615600585938e+00 3.736620426177978516e+00 3.605048894882202148e+00 3.475490570068359375e+00 3.348068714141845703e+00 3.222921371459960938e+00 3.100147247314453125e+00 2.979864835739135742e+00 2.862149000167846680e+00 2.747101068496704102e+00 2.634773969650268555e+00 2.525255680084228516e+00 2.418580770492553711e+00 2.314833879470825195e+00 2.214042186737060547e+00 2.116311311721801758e+00 2.021692037582397461e+00 1.930374622344970703e+00 1.842525601387023926e+00 1.758597612380981445e+00 1.679136037826538086e+00 1.605357050895690918e+00 1.538933157920837402e+00 1.483286499977111816e+00 1.443252444267272949e+00 1.429012775421142578e+00
1.464683651924133301e+00 1.491863131523132324e+00 1.525672197341918945e+00 1.567600131034851074e+00 1.617551207542419434e+00 1.675835967063903809e+00 1.742380499839782715e+00 1.817252755165100098e+00 1.900341510772705078e+00 1.991592049598693848e+00 2.090838193893432617e+00 2.197932004928588867e+00 2.312643527984619141e+00 2.434741497039794922e+00 2.563928365707397461e+00 2.699894666671752930e+00 2.842274427413940430e+00 2.990684270858764648e+00 3.144693136215209961e+00 3.303850412368774414e+00 3.467664718627929688e+00 3.635626554489135742e+00 3.807193040847778320e+00 3.981806278228759766e+00 4.158882141113281250e+00 4.337827205657958984e+00 4.518029689788818359e+00 4.698873043060302734e+00 4.879731655120849609e+00 5.059981346130371094e+00 5.238996982574462891e+00 5.416162490844726562e+00 5.590866565704345703e+00 5.762515068054199219e+00 5.930526256561279297e+00 6.094340324401855469e+00 6.253416061401367188e+00 6.407241344451904297e+00 6.555326461791992188e+00 6.697215080261230469e+00 6.832479000091552734e+00 6.960725307464599609e+00 7.081591606140136719e+00 7.194754600524902344e+00 7.299923419952392578e+00 7.396844863891601562e+00 7.485301017761230469e+00 7.565112590789794922e+00 7.636131763458251953e+00 7.698250770568847656e+00 7.751392841339111328e+00 7.795517921447753906e+00 7.830615520477294922e+00 7.856709480285644531e+00 7.873850345611572266e+00 7.882122039794921875e+00 7.881630420684814453e+00 7.872512340545654297e+00 7.854923248291015625e+00 7.829046249389648438e+00 7.795080184936523438e+00 7.753248691558837891e+00 7.703786849975585938e+00 7.646951675415039062e+00 7.583007812500000000e+00 7.512239933013916016e+00 7.434936523437500000e+00 7.351402759552001953e+00 7.261944770812988281e+00 7.166882991790771484e+00 7.066535949707031250e+00 6.961233139038085938e+00 6.851300239562988281e+00 6.737071990966796875e+00 6.618875503540039062e+00 6.497045040130615234e+00 6.371906280517578125e+00 6.243789672851562500e+00 6.113013267517089844e+00 5.979900836944580078e+00 5.844760417938232422e+00 5.707904815673828125e+00 5.569628715515136719e+00 5.430231571197509766e+00 5.289992332458496094e+00 5.149193763732910156e+00 5.008097648620605469e+00 4.866968631744384766e+00 4.726047515869140625e+00 4.585580348968505859e+00 4.445785999298095703e+00 4.306890487670898438e+00 4.169089794158935547e+00 4.032588005065917969e+00 3.897558212280273438e+00 3.764182567596435547e+00 3.632610797882080078e+00 3.503003358840942383e+00 3.375485420227050781e+00 3.250196933746337891e+00 3.127239227294921875e+00 3.006732463836669922e+00 2.888754606246948242e+00 2.773408174514770508e+00 2.660748958587646484e+00 2.550867080688476562e+00 2.443799257278442383e+00 2.339632511138916016e+00 2.238395690917968750e+00 2.140196561813354492e+00 2.045086860656738281e+00 1.953258514404296875e+00 1.864877700805664062e+00 1.780395746231079102e+00 1.700354695320129395e+00 1.625962734222412109e+00 1.558880329132080078e+00 1.502504587173461914e+00 1.461635708808898926e+00 1.446384310722351074e+00
1.480934500694274902e+00 1.506817340850830078e+00 1.539277672767639160e+00 1.579795837402343750e+00 1.628277897834777832e+00 1.685034036636352539e+00 1.749992370605468750e+00 1.823222637176513672e+00 1.904617071151733398e+00 1.994124054908752441e+00 2.091582298278808594e+00 2.196848630905151367e+00 2.309698820114135742e+00 2.429908037185668945e+00 2.557186126708984375e+00 2.691230535507202148e+00 2.831684112548828125e+00 2.978171825408935547e+00 3.130271911621093750e+00 3.287542819976806641e+00 3.449502944946289062e+00 3.615652561187744141e+00 3.785458803176879883e+00 3.958372831344604492e+00 4.133821010589599609e+00 4.311218261718750000e+00 4.489961624145507812e+00 4.669444084167480469e+00 4.849046707153320312e+00 5.028152942657470703e+00 5.206144332885742188e+00 5.382410049438476562e+00 5.556344032287597656e+00 5.727355957031250000e+00 5.894866466522216797e+00 6.058318614959716797e+00 6.217172622680664062e+00 6.370915889739990234e+00 6.519058704376220703e+00 6.661142349243164062e+00 6.796737194061279297e+00 6.925446510314941406e+00 7.046904563903808594e+00 7.160782814025878906e+00 7.266785621643066406e+00 7.364654541015625000e+00 7.454164981842041016e+00 7.535130500793457031e+00 7.607397079467773438e+00 7.670849800109863281e+00 7.725403785705566406e+00 7.771012306213378906e+00 7.807656288146972656e+00 7.835352897644042969e+00 7.854144573211669922e+00 7.864107608795166016e+00 7.865341186523437500e+00 7.857973575592041016e+00 7.842154502868652344e+00 7.818059921264648438e+00 7.785881996154785156e+00 7.745837688446044922e+00 7.698156356811523438e+00 7.643089294433593750e+00 7.580895900726318359e+00 7.511855602264404297e+00 7.436252117156982422e+00 7.354386329650878906e+00 7.266560077667236328e+00 7.173089504241943359e+00 7.074290275573730469e+00 6.970488548278808594e+00 6.862007141113281250e+00 6.749176979064941406e+00 6.632324218750000000e+00 6.511780738830566406e+00 6.387870311737060547e+00 6.260921001434326172e+00 6.131250858306884766e+00 5.999182224273681641e+00 5.865021705627441406e+00 5.729081630706787109e+00 5.591657161712646484e+00 5.453046321868896484e+00 5.313529491424560547e+00 5.173388957977294922e+00 5.032886505126953125e+00 4.892287731170654297e+00 4.751835346221923828e+00 4.611774444580078125e+00 4.472326755523681641e+00 4.333717823028564453e+00 4.196146011352539062e+00 4.059816837310791016e+00 3.924905300140380859e+00 3.791594982147216797e+00 3.660037279129028320e+00 3.530394792556762695e+00 3.402794599533081055e+00 3.277379035949707031e+00 3.154250860214233398e+00 3.033533096313476562e+00 2.915305376052856445e+00 2.799672842025756836e+00 2.686693429946899414e+00 2.576459407806396484e+00 2.469009876251220703e+00 2.364433526992797852e+00 2.262761831283569336e+00 2.164103507995605469e+00 2.068513154983520508e+00 1.976182103157043457e+00 1.887277841567993164e+00 1.802249670028686523e+00 1.721636772155761719e+00 1.646639466285705566e+00 1.578906178474426270e+00 1.521809577941894531e+00 1.480115175247192383e+00 1.463863968849182129e+00
1.497305870056152344e+00 1.521907806396484375e+00 1.553035616874694824e+00 1.592161178588867188e+00 1.639192104339599609e+00 1.694437980651855469e+00 1.757829189300537109e+00 1.829437255859375000e+00 1.909157395362854004e+00 1.996941566467285156e+00 2.092632770538330078e+00 2.196092128753662109e+00 2.307101964950561523e+00 2.425442695617675781e+00 2.550831556320190430e+00 2.682973384857177734e+00 2.821518898010253906e+00 2.966101646423339844e+00 3.116308212280273438e+00 3.271706581115722656e+00 3.431824684143066406e+00 3.596172094345092773e+00 3.764225482940673828e+00 3.935445785522460938e+00 4.109268665313720703e+00 4.285118103027343750e+00 4.462400436401367188e+00 4.640515804290771484e+00 4.818854331970214844e+00 4.996806144714355469e+00 5.173759460449218750e+00 5.349108219146728516e+00 5.522253036499023438e+00 5.692605972290039062e+00 5.859592437744140625e+00 6.022656440734863281e+00 6.181260108947753906e+00 6.334890842437744141e+00 6.483059406280517578e+00 6.625305652618408203e+00 6.761197090148925781e+00 6.890334606170654297e+00 7.012348651885986328e+00 7.126907348632812500e+00 7.233708381652832031e+00 7.332489013671875000e+00 7.423018455505371094e+00 7.505103588104248047e+00 7.578584194183349609e+00 7.643337726593017578e+00 7.699272632598876953e+00 7.746334075927734375e+00 7.784495830535888672e+00 7.813767910003662109e+00 7.834184646606445312e+00 7.845815658569335938e+00 7.848751544952392578e+00 7.843114376068115234e+00 7.829046726226806641e+00 7.806717395782470703e+00 7.776312351226806641e+00 7.738042354583740234e+00 7.692130088806152344e+00 7.638821601867675781e+00 7.578371047973632812e+00 7.511052131652832031e+00 7.437143802642822266e+00 7.356942653656005859e+00 7.270746231079101562e+00 7.178866863250732422e+00 7.081616878509521484e+00 6.979318141937255859e+00 6.872291088104248047e+00 6.760864734649658203e+00 6.645361423492431641e+00 6.526111602783203125e+00 6.403436660766601562e+00 6.277664184570312500e+00 6.149109363555908203e+00 6.018094062805175781e+00 5.884924411773681641e+00 5.749911785125732422e+00 5.613350391387939453e+00 5.475539207458496094e+00 5.336757183074951172e+00 5.197288036346435547e+00 5.057393074035644531e+00 4.917339324951171875e+00 4.777368545532226562e+00 4.637728691101074219e+00 4.498641490936279297e+00 4.360334396362304688e+00 4.223006248474121094e+00 4.086864471435546875e+00 3.952085733413696289e+00 3.818855047225952148e+00 3.687325716018676758e+00 3.557662248611450195e+00 3.429993629455566406e+00 3.304464101791381836e+00 3.181179285049438477e+00 3.060263156890869141e+00 2.941798448562622070e+00 2.825892210006713867e+00 2.712604522705078125e+00 2.602029561996459961e+00 2.494209289550781250e+00 2.389234066009521484e+00 2.287137508392333984e+00 2.188030004501342773e+00 2.091967582702636719e+00 1.999142885208129883e+00 1.909723401069641113e+00 1.824156880378723145e+00 1.742979884147644043e+00 1.667384743690490723e+00 1.599008083343505859e+00 1.541198968887329102e+00 1.498688578605651855e+00 1.481449127197265625e+00
1.513795137405395508e+00 1.537131786346435547e+00 1.566943287849426270e+00 1.604692816734313965e+00 1.650290131568908691e+00 1.704043984413146973e+00 1.765887022018432617e+00 1.835892200469970703e+00 1.913957953453063965e+00 2.000039339065551758e+00 2.093983650207519531e+00 2.195657014846801758e+00 2.304846525192260742e+00 2.421339035034179688e+00 2.544858455657958984e+00 2.675116539001464844e+00 2.811771869659423828e+00 2.954466104507446289e+00 3.102794885635375977e+00 3.256334781646728516e+00 3.414622783660888672e+00 3.577178001403808594e+00 3.743486642837524414e+00 3.913018703460693359e+00 4.085219383239746094e+00 4.259521484375000000e+00 4.435340404510498047e+00 4.612084388732910156e+00 4.789150714874267578e+00 4.965937614440917969e+00 5.141839027404785156e+00 5.316256046295166016e+00 5.488592147827148438e+00 5.658265590667724609e+00 5.824704170227050781e+00 5.987354278564453125e+00 6.145679950714111328e+00 6.299169540405273438e+00 6.447332859039306641e+00 6.589709281921386719e+00 6.725864410400390625e+00 6.855395793914794922e+00 6.977931499481201172e+00 7.093134880065917969e+00 7.200699329376220703e+00 7.300356864929199219e+00 7.391870021820068359e+00 7.475040912628173828e+00 7.549702167510986328e+00 7.615724086761474609e+00 7.673008441925048828e+00 7.721492767333984375e+00 7.761143684387207031e+00 7.791963577270507812e+00 7.813980102539062500e+00 7.827254295349121094e+00 7.831870555877685547e+00 7.827943325042724609e+00 7.815608024597167969e+00 7.795027256011962891e+00 7.766379833221435547e+00 7.729869842529296875e+00 7.685715675354003906e+00 7.634155273437500000e+00 7.575438976287841797e+00 7.509834766387939453e+00 7.437616825103759766e+00 7.359076499938964844e+00 7.274507522583007812e+00 7.184218883514404297e+00 7.088518142700195312e+00 6.987724781036376953e+00 6.882155895233154297e+00 6.772136688232421875e+00 6.657988548278808594e+00 6.540038585662841797e+00 6.418606758117675781e+00 6.294018745422363281e+00 6.166588783264160156e+00 6.036636829376220703e+00 5.904468536376953125e+00 5.770394325256347656e+00 5.634708404541015625e+00 5.497708797454833984e+00 5.359674453735351562e+00 5.220889568328857422e+00 5.081615924835205078e+00 4.942120075225830078e+00 4.802646160125732422e+00 4.663441181182861328e+00 4.524729251861572266e+00 4.386737823486328125e+00 4.249668121337890625e+00 4.113728046417236328e+00 3.979096412658691406e+00 3.845959663391113281e+00 3.714472770690917969e+00 3.584802389144897461e+00 3.457079410552978516e+00 3.331449747085571289e+00 3.208020925521850586e+00 3.086919784545898438e+00 2.968230724334716797e+00 2.852062940597534180e+00 2.738478660583496094e+00 2.627574682235717773e+00 2.519394397735595703e+00 2.414031028747558594e+00 2.311519622802734375e+00 2.211972713470458984e+00 2.115447521209716797e+00 2.022137880325317383e+00 1.932211637496948242e+00 1.846114993095397949e+00 1.764381527900695801e+00 1.688196063041687012e+00 1.619183897972106934e+00 1.560670495033264160e+00 1.517353534698486328e+00 1.499137639999389648e+00
1.530399918556213379e+00 1.552486538887023926e+00 1.580997586250305176e+00 1.617387890815734863e+00 1.661568880081176758e+00 1.713848590850830078e+00 1.774161815643310547e+00 1.842583060264587402e+00 1.919014096260070801e+00 2.003412723541259766e+00 2.095630168914794922e+00 2.195537328720092773e+00 2.302926778793334961e+00 2.417590856552124023e+00 2.539260149002075195e+00 2.667653083801269531e+00 2.802436113357543945e+00 2.943258762359619141e+00 3.089725017547607422e+00 3.241420030593872070e+00 3.397890329360961914e+00 3.558663606643676758e+00 3.723235368728637695e+00 3.891085386276245117e+00 4.061667442321777344e+00 4.234423160552978516e+00 4.408776760101318359e+00 4.584144592285156250e+00 4.759932041168212891e+00 4.935544013977050781e+00 5.110381603240966797e+00 5.283850669860839844e+00 5.455361366271972656e+00 5.624334812164306641e+00 5.790202617645263672e+00 5.952414512634277344e+00 6.110435485839843750e+00 6.263755321502685547e+00 6.411883354187011719e+00 6.554358482360839844e+00 6.690743923187255859e+00 6.820636272430419922e+00 6.943659782409667969e+00 7.059473037719726562e+00 7.167766571044921875e+00 7.268265724182128906e+00 7.360729217529296875e+00 7.444951534271240234e+00 7.520760059356689453e+00 7.588017940521240234e+00 7.646620273590087891e+00 7.696497440338134766e+00 7.737608909606933594e+00 7.769949436187744141e+00 7.793539524078369141e+00 7.808433055877685547e+00 7.814706802368164062e+00 7.812468528747558594e+00 7.801846504211425781e+00 7.782996654510498047e+00 7.756091117858886719e+00 7.721327781677246094e+00 7.678918838500976562e+00 7.629096508026123047e+00 7.572105884552001953e+00 7.508208751678466797e+00 7.437674999237060547e+00 7.360792160034179688e+00 7.277848720550537109e+00 7.189149379730224609e+00 7.094998359680175781e+00 6.995711803436279297e+00 6.891602993011474609e+00 6.782995700836181641e+00 6.670207023620605469e+00 6.553563594818115234e+00 6.433382034301757812e+00 6.309986591339111328e+00 6.183690071105957031e+00 6.054811000823974609e+00 5.923654079437255859e+00 5.790529251098632812e+00 5.655730247497558594e+00 5.519554138183593750e+00 5.382280349731445312e+00 5.244192123413085938e+00 5.105553150177001953e+00 4.966629505157470703e+00 4.827665328979492188e+00 4.688910007476806641e+00 4.550586700439453125e+00 4.412925720214843750e+00 4.276128768920898438e+00 4.140404701232910156e+00 4.005934715270996094e+00 3.872905969619750977e+00 3.741476058959960938e+00 3.611812353134155273e+00 3.484048604965209961e+00 3.358332395553588867e+00 3.234773397445678711e+00 3.113499879837036133e+00 2.994599103927612305e+00 2.878181934356689453e+00 2.764313220977783203e+00 2.653091430664062500e+00 2.544562578201293945e+00 2.438821315765380859e+00 2.335905551910400391e+00 2.235928773880004883e+00 2.138950347900390625e+00 2.045164585113525391e+00 1.954740047454833984e+00 1.868121147155761719e+00 1.785839080810546875e+00 1.709071040153503418e+00 1.639431238174438477e+00 1.580221772193908691e+00 1.536107778549194336e+00 1.516926884651184082e+00
1.547117471694946289e+00 1.567969322204589844e+00 1.595195651054382324e+00 1.630243062973022461e+00 1.673024654388427734e+00 1.723847866058349609e+00 1.782649636268615723e+00 1.849505901336669922e+00 1.924321174621582031e+00 2.007056474685668945e+00 2.097567081451416016e+00 2.195727825164794922e+00 2.301337003707885742e+00 2.414192199707031250e+00 2.534030199050903320e+00 2.660576581954956055e+00 2.793504714965820312e+00 2.932472467422485352e+00 3.077091455459594727e+00 3.226955652236938477e+00 3.381620407104492188e+00 3.540621995925903320e+00 3.703465461730957031e+00 3.869639158248901367e+00 4.038606166839599609e+00 4.209817409515380859e+00 4.382704257965087891e+00 4.556692123413085938e+00 4.731194019317626953e+00 4.905622482299804688e+00 5.079383850097656250e+00 5.251891136169433594e+00 5.422558784484863281e+00 5.590813159942626953e+00 5.756088733673095703e+00 5.917838096618652344e+00 6.075528621673583984e+00 6.228650569915771484e+00 6.376714229583740234e+00 6.519257068634033203e+00 6.655841827392578125e+00 6.786062240600585938e+00 6.909539222717285156e+00 7.025928974151611328e+00 7.134916782379150391e+00 7.236224174499511719e+00 7.329603195190429688e+00 7.414844036102294922e+00 7.491766929626464844e+00 7.560228824615478516e+00 7.620117664337158203e+00 7.671357631683349609e+00 7.713900566101074219e+00 7.747734546661376953e+00 7.772871971130371094e+00 7.789360046386718750e+00 7.797268867492675781e+00 7.796698570251464844e+00 7.787770271301269531e+00 7.770633220672607422e+00 7.745453834533691406e+00 7.712422847747802734e+00 7.671746253967285156e+00 7.623651504516601562e+00 7.568377017974853516e+00 7.506179809570312500e+00 7.437325000762939453e+00 7.362094402313232422e+00 7.280773162841796875e+00 7.193661689758300781e+00 7.101059913635253906e+00 7.003281593322753906e+00 6.900635719299316406e+00 6.793443679809570312e+00 6.682019710540771484e+00 6.566688060760498047e+00 6.447762966156005859e+00 6.325567722320556641e+00 6.200413227081298828e+00 6.072616100311279297e+00 5.942481040954589844e+00 5.810316562652587891e+00 5.676414966583251953e+00 5.541074275970458984e+00 5.404572963714599609e+00 5.267195224761962891e+00 5.129203319549560547e+00 4.990865230560302734e+00 4.852425098419189453e+00 4.714132785797119141e+00 4.576212882995605469e+00 4.438895702362060547e+00 4.302385807037353516e+00 4.166892528533935547e+00 4.032597541809082031e+00 3.899691343307495117e+00 3.768332242965698242e+00 3.638689517974853516e+00 3.510898828506469727e+00 3.385109186172485352e+00 3.261433124542236328e+00 3.140000343322753906e+00 3.020900487899780273e+00 2.904246330261230469e+00 2.790104866027832031e+00 2.678576946258544922e+00 2.569710493087768555e+00 2.463602304458618164e+00 2.360292196273803711e+00 2.259895563125610352e+00 2.162473201751708984e+00 2.068220138549804688e+00 1.977305769920349121e+00 1.890172958374023438e+00 1.807350158691406250e+00 1.730007290840148926e+00 1.659747719764709473e+00 1.599850535392761230e+00 1.554948806762695312e+00 1.534814476966857910e+00
1.563945412635803223e+00 1.583577513694763184e+00 1.609534621238708496e+00 1.643255352973937988e+00 1.684654355049133301e+00 1.734038472175598145e+00 1.791346669197082520e+00 1.856656312942504883e+00 1.929874897003173828e+00 2.010966062545776367e+00 2.099789142608642578e+00 2.196223258972167969e+00 2.300071477890014648e+00 2.411136865615844727e+00 2.529162645339965820e+00 2.653880596160888672e+00 2.784971475601196289e+00 2.922100543975830078e+00 3.064887523651123047e+00 3.212934970855712891e+00 3.365806102752685547e+00 3.523046731948852539e+00 3.684170246124267578e+00 3.848674297332763672e+00 4.016030311584472656e+00 4.185698032379150391e+00 4.357118129730224609e+00 4.529722690582275391e+00 4.702933311462402344e+00 4.876169204711914062e+00 5.048843383789062500e+00 5.220375061035156250e+00 5.390183448791503906e+00 5.557699680328369141e+00 5.722362041473388672e+00 5.883625984191894531e+00 6.040960788726806641e+00 6.193858146667480469e+00 6.341828823089599609e+00 6.484409809112548828e+00 6.621162414550781250e+00 6.751678466796875000e+00 6.875576496124267578e+00 6.992509365081787109e+00 7.102158069610595703e+00 7.204239368438720703e+00 7.298501014709472656e+00 7.384726524353027344e+00 7.462730884552001953e+00 7.532364845275878906e+00 7.593509674072265625e+00 7.646082401275634766e+00 7.690028190612792969e+00 7.725327491760253906e+00 7.751986503601074219e+00 7.770044803619384766e+00 7.779565334320068359e+00 7.780641555786132812e+00 7.773387432098388672e+00 7.757945537567138672e+00 7.734475612640380859e+00 7.703162193298339844e+00 7.664205551147460938e+00 7.617826938629150391e+00 7.564258575439453125e+00 7.503753185272216797e+00 7.436570644378662109e+00 7.362987995147705078e+00 7.283285617828369141e+00 7.197760105133056641e+00 7.106707572937011719e+00 7.010437488555908203e+00 6.909256935119628906e+00 6.803482532501220703e+00 6.693428039550781250e+00 6.579412937164306641e+00 6.461751461029052734e+00 6.340763568878173828e+00 6.216759204864501953e+00 6.090053558349609375e+00 5.960949897766113281e+00 5.829755306243896484e+00 5.696762561798095703e+00 5.562268733978271484e+00 5.426552295684814453e+00 5.289896965026855469e+00 5.152565479278564453e+00 5.014825820922851562e+00 4.876923084259033203e+00 4.739107608795166016e+00 4.601604461669921875e+00 4.464646339416503906e+00 4.328436851501464844e+00 4.193188190460205078e+00 4.059082984924316406e+00 3.926313161849975586e+00 3.795038700103759766e+00 3.665430784225463867e+00 3.537626743316650391e+00 3.411777496337890625e+00 3.287997245788574219e+00 3.166418313980102539e+00 3.047131776809692383e+00 2.930252790451049805e+00 2.815850734710693359e+00 2.704028129577636719e+00 2.594835519790649414e+00 2.488370895385742188e+00 2.384676933288574219e+00 2.283869981765747070e+00 2.186013221740722656e+00 2.091302156448364258e+00 1.999906301498413086e+00 1.912267684936523438e+00 1.828912138938903809e+00 1.751002430915832520e+00 1.680130839347839355e+00 1.619554519653320312e+00 1.573874473571777344e+00 1.552798271179199219e+00
1.580881237983703613e+00 1.599308490753173828e+00 1.624011635780334473e+00 1.656421661376953125e+00 1.696454524993896484e+00 1.744416713714599609e+00 1.800249099731445312e+00 1.864030361175537109e+00 1.935670733451843262e+00 2.015136718750000000e+00 2.102291584014892578e+00 2.197018146514892578e+00 2.299124479293823242e+00 2.408419370651245117e+00 2.524651288986206055e+00 2.647558689117431641e+00 2.776829719543457031e+00 2.912136554718017578e+00 3.053106784820556641e+00 3.199350833892822266e+00 3.350440740585327148e+00 3.505930900573730469e+00 3.665343284606933594e+00 3.828184127807617188e+00 3.993933916091918945e+00 4.162060737609863281e+00 4.332012653350830078e+00 4.503231525421142578e+00 4.675145626068115234e+00 4.847180366516113281e+00 5.018757343292236328e+00 5.189300060272216797e+00 5.358233928680419922e+00 5.524994373321533203e+00 5.689023494720458984e+00 5.849779605865478516e+00 6.006734371185302734e+00 6.159380912780761719e+00 6.307230472564697266e+00 6.449820041656494141e+00 6.586710453033447266e+00 6.717490673065185547e+00 6.841777801513671875e+00 6.959220409393310547e+00 7.069496631622314453e+00 7.172318935394287109e+00 7.267429828643798828e+00 7.354607582092285156e+00 7.433660984039306641e+00 7.504435062408447266e+00 7.566804885864257812e+00 7.620680332183837891e+00 7.666000366210937500e+00 7.702737808227539062e+00 7.730892181396484375e+00 7.750495910644531250e+00 7.761604785919189453e+00 7.764305591583251953e+00 7.758705615997314453e+00 7.744940757751464844e+00 7.723163604736328125e+00 7.693553447723388672e+00 7.656302928924560547e+00 7.611628532409667969e+00 7.559756755828857422e+00 7.500935077667236328e+00 7.435418128967285156e+00 7.363477706909179688e+00 7.285390377044677734e+00 7.201448440551757812e+00 7.111944198608398438e+00 7.017182826995849609e+00 6.917469024658203125e+00 6.813116073608398438e+00 6.704433917999267578e+00 6.591741561889648438e+00 6.475348949432373047e+00 6.355575561523437500e+00 6.232728958129882812e+00 6.107122898101806641e+00 5.979059696197509766e+00 5.848845958709716797e+00 5.716773033142089844e+00 5.583137035369873047e+00 5.448217391967773438e+00 5.312296390533447266e+00 5.175638198852539062e+00 5.038509845733642578e+00 4.901157855987548828e+00 4.763832569122314453e+00 4.626760482788085938e+00 4.490174293518066406e+00 4.354279518127441406e+00 4.219289302825927734e+00 4.085388183593750000e+00 3.952768802642822266e+00 3.821592807769775391e+00 3.692033529281616211e+00 3.564229488372802734e+00 3.438333988189697266e+00 3.314462900161743164e+00 3.192750453948974609e+00 3.073289871215820312e+00 2.956198692321777344e+00 2.841547966003417969e+00 2.729442119598388672e+00 2.619934082031250000e+00 2.513124227523803711e+00 2.409056425094604492e+00 2.307849407196044922e+00 2.209567546844482422e+00 2.114407300949096680e+00 2.022538900375366211e+00 1.934402942657470703e+00 1.850522637367248535e+00 1.772053837776184082e+00 1.700578212738037109e+00 1.639331221580505371e+00 1.592882275581359863e+00 1.570875644683837891e+00
1.597922325134277344e+00 1.615159392356872559e+00 1.638623952865600586e+00 1.669738888740539551e+00 1.708422064781188965e+00 1.754979252815246582e+00 1.809353113174438477e+00 1.871623873710632324e+00 1.941704392433166504e+00 2.019563913345336914e+00 2.105069398880004883e+00 2.198107481002807617e+00 2.298491001129150391e+00 2.406033754348754883e+00 2.520490169525146484e+00 2.641605138778686523e+00 2.769073247909545898e+00 2.902573823928833008e+00 3.041742324829101562e+00 3.186197042465209961e+00 3.335518360137939453e+00 3.489268541336059570e+00 3.646978378295898438e+00 3.808162927627563477e+00 3.972310781478881836e+00 4.138898849487304688e+00 4.307383537292480469e+00 4.477214336395263672e+00 4.647826194763183594e+00 4.818653583526611328e+00 4.989122867584228516e+00 5.158664703369140625e+00 5.326708793640136719e+00 5.492696285247802734e+00 5.656072139739990234e+00 5.816299438476562500e+00 5.972850799560546875e+00 6.125221252441406250e+00 6.272922515869140625e+00 6.415492534637451172e+00 6.552490234375000000e+00 6.683504104614257812e+00 6.808147907257080078e+00 6.926068782806396484e+00 7.036940097808837891e+00 7.140470027923583984e+00 7.236397266387939453e+00 7.324494838714599609e+00 7.404565334320068359e+00 7.476448535919189453e+00 7.540011882781982422e+00 7.595160484313964844e+00 7.641825675964355469e+00 7.679973602294921875e+00 7.709597110748291016e+00 7.730721473693847656e+00 7.743395805358886719e+00 7.747699737548828125e+00 7.743733406066894531e+00 7.731626510620117188e+00 7.711525440216064453e+00 7.683602809906005859e+00 7.648045063018798828e+00 7.605062961578369141e+00 7.554877758026123047e+00 7.497730731964111328e+00 7.433872222900390625e+00 7.363568782806396484e+00 7.287092685699462891e+00 7.204731464385986328e+00 7.116773605346679688e+00 7.023521423339843750e+00 6.925274848937988281e+00 6.822345733642578125e+00 6.715040206909179688e+00 6.603674411773681641e+00 6.488556861877441406e+00 6.370004177093505859e+00 6.248322963714599609e+00 6.123825073242187500e+00 5.996811866760253906e+00 5.867588043212890625e+00 5.736445426940917969e+00 5.603678703308105469e+00 5.469566822052001953e+00 5.334392547607421875e+00 5.198419570922851562e+00 5.061915874481201172e+00 4.925127506256103516e+00 4.788305759429931641e+00 4.651678085327148438e+00 4.515478134155273438e+00 4.379911899566650391e+00 4.245194435119628906e+00 4.111510753631591797e+00 3.979055404663085938e+00 3.847991943359375000e+00 3.718494653701782227e+00 3.590704202651977539e+00 3.464775800704956055e+00 3.340826988220214844e+00 3.218994140625000000e+00 3.099372148513793945e+00 2.982080698013305664e+00 2.867193222045898438e+00 2.754815816879272461e+00 2.645003795623779297e+00 2.537859201431274414e+00 2.433428287506103516e+00 2.331830978393554688e+00 2.233133554458618164e+00 2.137533187866210938e+00 2.045201063156127930e+00 1.956575989723205566e+00 1.872179031372070312e+00 1.793159127235412598e+00 1.721087694168090820e+00 1.659178376197814941e+00 1.611969947814941406e+00 1.589044213294982910e+00
1.615066170692443848e+00 1.631127595901489258e+00 1.653368592262268066e+00 1.683204054832458496e+00 1.720553636550903320e+00 1.765722513198852539e+00 1.818655133247375488e+00 1.879433035850524902e+00 1.947971820831298828e+00 2.024243116378784180e+00 2.108117580413818359e+00 2.199485778808593750e+00 2.298165321350097656e+00 2.403974533081054688e+00 2.516673803329467773e+00 2.636013746261596680e+00 2.761695861816406250e+00 2.893406391143798828e+00 3.030788183212280273e+00 3.173467159271240234e+00 3.321031808853149414e+00 3.473052978515625000e+00 3.629069328308105469e+00 3.788604497909545898e+00 3.951155662536621094e+00 4.116207599639892578e+00 4.283225536346435547e+00 4.451665878295898438e+00 4.620972156524658203e+00 4.790584564208984375e+00 4.959937095642089844e+00 5.128466129302978516e+00 5.295606613159179688e+00 5.460804462432861328e+00 5.623508930206298828e+00 5.783185958862304688e+00 5.939310550689697266e+00 6.091380119323730469e+00 6.238907337188720703e+00 6.381429672241210938e+00 6.518506050109863281e+00 6.649723052978515625e+00 6.774693489074707031e+00 6.893060207366943359e+00 7.004494190216064453e+00 7.108700275421142578e+00 7.205411434173583984e+00 7.294395923614501953e+00 7.375451564788818359e+00 7.448412418365478516e+00 7.513139724731445312e+00 7.569531440734863281e+00 7.617513179779052734e+00 7.657044410705566406e+00 7.688110828399658203e+00 7.710730552673339844e+00 7.724946498870849609e+00 7.730831146240234375e+00 7.728478908538818359e+00 7.718010902404785156e+00 7.699568748474121094e+00 7.673317909240722656e+00 7.639439105987548828e+00 7.598137378692626953e+00 7.549627780914306641e+00 7.494146347045898438e+00 7.431938171386718750e+00 7.363265514373779297e+00 7.288395881652832031e+00 7.207612514495849609e+00 7.121199607849121094e+00 7.029456138610839844e+00 6.932678222656250000e+00 6.831174373626708984e+00 6.725248336791992188e+00 6.615213871002197266e+00 6.501376628875732422e+00 6.384051322937011719e+00 6.263542175292968750e+00 6.140161037445068359e+00 6.014205932617187500e+00 5.885982036590576172e+00 5.755779266357421875e+00 5.623892784118652344e+00 5.490600585937500000e+00 5.356184959411621094e+00 5.220909595489501953e+00 5.085042476654052734e+00 4.948830604553222656e+00 4.812525749206542969e+00 4.676355838775634766e+00 4.540555000305175781e+00 4.405331611633300781e+00 4.270900249481201172e+00 4.137447834014892578e+00 4.005170822143554688e+00 3.874233245849609375e+00 3.744811534881591797e+00 3.617048501968383789e+00 3.491100311279296875e+00 3.367086887359619141e+00 3.245146036148071289e+00 3.125375509262084961e+00 3.007896184921264648e+00 2.892783641815185547e+00 2.780146360397338867e+00 2.670041561126708984e+00 2.562572956085205078e+00 2.457789182662963867e+00 2.355811595916748047e+00 2.256708383560180664e+00 2.160677194595336914e+00 2.067890167236328125e+00 1.978784322738647461e+00 1.893878817558288574e+00 1.814315795898437500e+00 1.741656541824340820e+00 1.679093480110168457e+00 1.631135225296020508e+00 1.607301592826843262e+00
1.632310271263122559e+00 1.647210597991943359e+00 1.668242692947387695e+00 1.696814298629760742e+00 1.732846260070800781e+00 1.776643157005310059e+00 1.828151464462280273e+00 1.887453913688659668e+00 1.954468607902526855e+00 2.029170036315917969e+00 2.111431837081909180e+00 2.201148509979248047e+00 2.298142194747924805e+00 2.402236223220825195e+00 2.513195991516113281e+00 2.630778551101684570e+00 2.754691362380981445e+00 2.884627580642700195e+00 3.020237684249877930e+00 3.161154747009277344e+00 3.306975364685058594e+00 3.457277774810791016e+00 3.611609935760498047e+00 3.769503116607666016e+00 3.930462598800659180e+00 4.093981742858886719e+00 4.259533405303955078e+00 4.426581859588623047e+00 4.594578266143798828e+00 4.762969970703125000e+00 4.931197166442871094e+00 5.098701953887939453e+00 5.264925956726074219e+00 5.429317951202392578e+00 5.591333389282226562e+00 5.750439643859863281e+00 5.906116008758544922e+00 6.057860851287841797e+00 6.205188274383544922e+00 6.347635746002197266e+00 6.484761714935302734e+00 6.616152763366699219e+00 6.741418838500976562e+00 6.860200881958007812e+00 6.972166061401367188e+00 7.077015876770019531e+00 7.174478530883789062e+00 7.264318943023681641e+00 7.346328258514404297e+00 7.420335292816162109e+00 7.486196041107177734e+00 7.543801307678222656e+00 7.593070983886718750e+00 7.633957862854003906e+00 7.666440486907958984e+00 7.690531253814697266e+00 7.706265449523925781e+00 7.713708877563476562e+00 7.712949275970458984e+00 7.704101562500000000e+00 7.687300682067871094e+00 7.662705898284912109e+00 7.630491733551025391e+00 7.590857505798339844e+00 7.544012069702148438e+00 7.490187168121337891e+00 7.429621696472167969e+00 7.362573623657226562e+00 7.289305210113525391e+00 7.210095882415771484e+00 7.125226020812988281e+00 7.034990310668945312e+00 6.939681529998779297e+00 6.839604854583740234e+00 6.735061645507812500e+00 6.626361846923828125e+00 6.513810157775878906e+00 6.397717952728271484e+00 6.278388023376464844e+00 6.156130790710449219e+00 6.031242847442626953e+00 5.904027938842773438e+00 5.774775505065917969e+00 5.643779277801513672e+00 5.511317253112792969e+00 5.377671718597412109e+00 5.243105888366699219e+00 5.107888221740722656e+00 4.972265720367431641e+00 4.836490631103515625e+00 4.700791835784912109e+00 4.565403938293457031e+00 4.430536270141601562e+00 4.296404838562011719e+00 4.163197517395019531e+00 4.031111717224121094e+00 3.900314092636108398e+00 3.770981788635253906e+00 3.643259048461914062e+00 3.517304420471191406e+00 3.393239259719848633e+00 3.271203756332397461e+00 3.151296854019165039e+00 3.033641815185546875e+00 2.918316364288330078e+00 2.805430650711059570e+00 2.695044279098510742e+00 2.587262630462646484e+00 2.482136487960815430e+00 2.379788875579833984e+00 2.280289411544799805e+00 2.183836698532104492e+00 2.090603113174438477e+00 2.001025199890136719e+00 1.915619611740112305e+00 1.835521578788757324e+00 1.762282609939575195e+00 1.699074268341064453e+00 1.650375485420227051e+00 1.625645399093627930e+00
1.649652123451232910e+00 1.663405537605285645e+00 1.683243632316589355e+00 1.710566401481628418e+00 1.745296478271484375e+00 1.787737727165222168e+00 1.837838530540466309e+00 1.895682692527770996e+00 1.961190938949584961e+00 2.034340143203735352e+00 2.115007400512695312e+00 2.203090906143188477e+00 2.298416852951049805e+00 2.400813341140747070e+00 2.510051488876342773e+00 2.625893592834472656e+00 2.748054027557373047e+00 2.876231908798217773e+00 3.010084867477416992e+00 3.149253606796264648e+00 3.293342351913452148e+00 3.441937446594238281e+00 3.594594240188598633e+00 3.750852584838867188e+00 3.910226106643676758e+00 4.072215557098388672e+00 4.236302375793457031e+00 4.401957988739013672e+00 4.568641185760498047e+00 4.735806465148925781e+00 4.902899742126464844e+00 5.069370269775390625e+00 5.234664440155029297e+00 5.398236274719238281e+00 5.559544563293457031e+00 5.718060970306396484e+00 5.873267650604248047e+00 6.024664402008056641e+00 6.171766757965087891e+00 6.314113140106201172e+00 6.451261997222900391e+00 6.582798004150390625e+00 6.708329677581787109e+00 6.827495574951171875e+00 6.939961433410644531e+00 7.045423507690429688e+00 7.143606662750244141e+00 7.234271049499511719e+00 7.317203044891357422e+00 7.392225742340087891e+00 7.459188938140869141e+00 7.517979145050048828e+00 7.568508148193359375e+00 7.610723018646240234e+00 7.644596099853515625e+00 7.670132160186767578e+00 7.687360763549804688e+00 7.696340560913085938e+00 7.697152614593505859e+00 7.689906120300292969e+00 7.674728870391845703e+00 7.651773929595947266e+00 7.621210098266601562e+00 7.583229541778564453e+00 7.538037776947021484e+00 7.485858917236328125e+00 7.426928043365478516e+00 7.361497402191162109e+00 7.289825439453125000e+00 7.212186336517333984e+00 7.128857135772705078e+00 7.040127754211425781e+00 6.946288108825683594e+00 6.847640037536621094e+00 6.744481563568115234e+00 6.637120723724365234e+00 6.525858402252197266e+00 6.411005496978759766e+00 6.292861461639404297e+00 6.171735286712646484e+00 6.047922611236572266e+00 5.921725749969482422e+00 5.793432712554931641e+00 5.663337707519531250e+00 5.531716823577880859e+00 5.398852348327636719e+00 5.265007972717285156e+00 5.130452156066894531e+00 4.995431423187255859e+00 4.860198974609375000e+00 4.724984169006347656e+00 4.590022563934326172e+00 4.455523967742919922e+00 4.321705818176269531e+00 4.188756942749023438e+00 4.056876659393310547e+00 3.926231861114501953e+00 3.797002315521240234e+00 3.669333457946777344e+00 3.543385505676269531e+00 3.419281959533691406e+00 3.297163963317871094e+00 3.177133560180664062e+00 3.059314966201782227e+00 2.943788528442382812e+00 2.830666065216064453e+00 2.720009326934814453e+00 2.611925601959228516e+00 2.506467580795288086e+00 2.403759717941284180e+00 2.303873538970947266e+00 2.207008600234985352e+00 2.113337755203247070e+00 2.023296356201171875e+00 1.937398672103881836e+00 1.856773853302001953e+00 1.782963395118713379e+00 1.719118475914001465e+00 1.669688582420349121e+00 1.644073247909545898e+00
1.667089223861694336e+00 1.679710030555725098e+00 1.698368549346923828e+00 1.724457621574401855e+00 1.757901310920715332e+00 1.799003005027770996e+00 1.847712635993957520e+00 1.904115557670593262e+00 1.968134522438049316e+00 2.039749145507812500e+00 2.118839502334594727e+00 2.205307722091674805e+00 2.298983812332153320e+00 2.399700641632080078e+00 2.507234573364257812e+00 2.621353626251220703e+00 2.741777658462524414e+00 2.868212699890136719e+00 3.000323534011840820e+00 3.137757778167724609e+00 3.280126810073852539e+00 3.427025318145751953e+00 3.578016281127929688e+00 3.732647418975830078e+00 3.890440225601196289e+00 4.050904273986816406e+00 4.213527202606201172e+00 4.377789497375488281e+00 4.543156623840332031e+00 4.709089756011962891e+00 4.875042438507080078e+00 5.040468215942382812e+00 5.204820156097412109e+00 5.367557525634765625e+00 5.528142452239990234e+00 5.686050415039062500e+00 5.840766429901123047e+00 5.991792678833007812e+00 6.138646125793457031e+00 6.280865669250488281e+00 6.418009281158447266e+00 6.549661636352539062e+00 6.675430297851562500e+00 6.794950962066650391e+00 6.907886028289794922e+00 7.013929367065429688e+00 7.112802028656005859e+00 7.204259395599365234e+00 7.288083076477050781e+00 7.364090442657470703e+00 7.432126998901367188e+00 7.492072105407714844e+00 7.543832302093505859e+00 7.587347507476806641e+00 7.622584342956542969e+00 7.649541378021240234e+00 7.668240070343017578e+00 7.678734302520751953e+00 7.681097507476806641e+00 7.675432205200195312e+00 7.661860466003417969e+00 7.640528678894042969e+00 7.611599922180175781e+00 7.575261116027832031e+00 7.531710147857666016e+00 7.481167793273925781e+00 7.423862934112548828e+00 7.360042572021484375e+00 7.289961338043212891e+00 7.213888168334960938e+00 7.132096290588378906e+00 7.044871807098388672e+00 6.952501296997070312e+00 6.855282783508300781e+00 6.753511428833007812e+00 6.647492408752441406e+00 6.537524223327636719e+00 6.423915386199951172e+00 6.306963443756103516e+00 6.186975479125976562e+00 6.064246177673339844e+00 5.939075946807861328e+00 5.811752319335937500e+00 5.682567596435546875e+00 5.551798343658447266e+00 5.419726371765136719e+00 5.286615371704101562e+00 5.152732372283935547e+00 5.018326282501220703e+00 4.883648872375488281e+00 4.748931407928466797e+00 4.614408493041992188e+00 4.480292797088623047e+00 4.346800804138183594e+00 4.214124202728271484e+00 4.082462310791015625e+00 3.951984405517578125e+00 3.822870731353759766e+00 3.695269107818603516e+00 3.569340944290161133e+00 3.445211410522460938e+00 3.323024272918701172e+00 3.202882289886474609e+00 3.084912776947021484e+00 2.969197034835815430e+00 2.855849504470825195e+00 2.744933605194091797e+00 2.636558532714843750e+00 2.530779123306274414e+00 2.427721261978149414e+00 2.327458381652832031e+00 2.230190277099609375e+00 2.136091232299804688e+00 2.045594692230224609e+00 1.959213614463806152e+00 1.878070116043090820e+00 1.803696513175964355e+00 1.739223480224609375e+00 1.689072012901306152e+00 1.662582635879516602e+00
1.684619069099426270e+00 1.696121215820312500e+00 1.713614702224731445e+00 1.738484978675842285e+00 1.770657658576965332e+00 1.810435652732849121e+00 1.857770442962646484e+00 1.912748694419860840e+00 1.975295543670654297e+00 2.045392751693725586e+00 2.122924089431762695e+00 2.207794427871704102e+00 2.299838542938232422e+00 2.398893356323242188e+00 2.504740238189697266e+00 2.617152690887451172e+00 2.735856771469116211e+00 2.860564708709716797e+00 2.990947723388671875e+00 3.126661062240600586e+00 3.267322778701782227e+00 3.412535667419433594e+00 3.561870098114013672e+00 3.714881658554077148e+00 3.871100187301635742e+00 4.030041694641113281e+00 4.191203594207763672e+00 4.354072093963623047e+00 4.518120765686035156e+00 4.682816982269287109e+00 4.847621440887451172e+00 5.011993885040283203e+00 5.175392150878906250e+00 5.337280273437500000e+00 5.497125625610351562e+00 5.654407501220703125e+00 5.808612823486328125e+00 5.959246635437011719e+00 6.105827331542968750e+00 6.247895240783691406e+00 6.385007858276367188e+00 6.516749382019042969e+00 6.642725467681884766e+00 6.762571334838867188e+00 6.875946044921875000e+00 6.982540130615234375e+00 7.082071781158447266e+00 7.174290657043457031e+00 7.258975505828857422e+00 7.335937976837158203e+00 7.405017852783203125e+00 7.466088771820068359e+00 7.519051551818847656e+00 7.563840389251708984e+00 7.600414752960205078e+00 7.628767013549804688e+00 7.648912429809570312e+00 7.660897731781005859e+00 7.664791107177734375e+00 7.660687446594238281e+00 7.648703098297119141e+00 7.628977775573730469e+00 7.601669311523437500e+00 7.566957473754882812e+00 7.525036334991455078e+00 7.476119518280029297e+00 7.420431137084960938e+00 7.358214378356933594e+00 7.289717197418212891e+00 7.215205669403076172e+00 7.134947776794433594e+00 7.049226284027099609e+00 6.958324432373046875e+00 6.862535953521728516e+00 6.762153625488281250e+00 6.657479286193847656e+00 6.548809051513671875e+00 6.436449050903320312e+00 6.320695400238037109e+00 6.201852798461914062e+00 6.080214023590087891e+00 5.956078529357910156e+00 5.829732894897460938e+00 5.701468944549560547e+00 5.571561813354492188e+00 5.440293312072753906e+00 5.307926177978515625e+00 5.174728870391845703e+00 5.040948867797851562e+00 4.906839370727539062e+00 4.772631168365478516e+00 4.638560771942138672e+00 4.504839897155761719e+00 4.371688365936279297e+00 4.239296913146972656e+00 4.107866764068603516e+00 3.977568864822387695e+00 3.848584651947021484e+00 3.721063137054443359e+00 3.595167875289916992e+00 3.471025466918945312e+00 3.348781585693359375e+00 3.228540897369384766e+00 3.110432147979736328e+00 2.994539260864257812e+00 2.880978107452392578e+00 2.769814252853393555e+00 2.661159038543701172e+00 2.555068731307983398e+00 2.451671123504638672e+00 2.351041078567504883e+00 2.253379344940185547e+00 2.158860921859741211e+00 2.067918300628662109e+00 1.981061816215515137e+00 1.899407982826232910e+00 1.824479460716247559e+00 1.759387135505676270e+00 1.708523511886596680e+00 1.681171178817749023e+00
1.702239155769348145e+00 1.712636590003967285e+00 1.728979349136352539e+00 1.752645611763000488e+00 1.783562541007995605e+00 1.822032332420349121e+00 1.868008494377136230e+00 1.921578526496887207e+00 1.982670068740844727e+00 2.051267147064208984e+00 2.127256631851196289e+00 2.210546493530273438e+00 2.300975799560546875e+00 2.398385763168334961e+00 2.502562761306762695e+00 2.613285541534423828e+00 2.730285644531250000e+00 2.853281736373901367e+00 2.981951713562011719e+00 3.115957498550415039e+00 3.254924535751342773e+00 3.398462533950805664e+00 3.546149969100952148e+00 3.697550058364868164e+00 3.852199792861938477e+00 4.009624004364013672e+00 4.169325828552246094e+00 4.330801010131835938e+00 4.493528842926025391e+00 4.656984329223632812e+00 4.820633888244628906e+00 4.983943939208984375e+00 5.146377563476562500e+00 5.307403564453125000e+00 5.466494560241699219e+00 5.623132228851318359e+00 5.776807785034179688e+00 5.927028179168701172e+00 6.073313236236572266e+00 6.215204715728759766e+00 6.352260112762451172e+00 6.484063625335693359e+00 6.610219955444335938e+00 6.730361938476562500e+00 6.844146728515625000e+00 6.951261997222900391e+00 7.051421642303466797e+00 7.144372463226318359e+00 7.229887962341308594e+00 7.307775497436523438e+00 7.377869129180908203e+00 7.440037250518798828e+00 7.494174480438232422e+00 7.540209293365478516e+00 7.578094959259033203e+00 7.607817173004150391e+00 7.629385471343994141e+00 7.642839431762695312e+00 7.648241043090820312e+00 7.645679473876953125e+00 7.635263442993164062e+00 7.617128372192382812e+00 7.591424465179443359e+00 7.558326244354248047e+00 7.518022060394287109e+00 7.470719814300537109e+00 7.416639328002929688e+00 7.356017112731933594e+00 7.289098262786865234e+00 7.216143131256103516e+00 7.137415885925292969e+00 7.053195476531982422e+00 6.963760375976562500e+00 6.869402408599853516e+00 6.770410537719726562e+00 6.667083263397216797e+00 6.559715270996093750e+00 6.448608875274658203e+00 6.334058761596679688e+00 6.216367721557617188e+00 6.095826625823974609e+00 5.972734451293945312e+00 5.847375869750976562e+00 5.720041275024414062e+00 5.591006755828857422e+00 5.460552215576171875e+00 5.328940391540527344e+00 5.196439743041992188e+00 5.063297748565673828e+00 4.929768085479736328e+00 4.796082019805908203e+00 4.662476539611816406e+00 4.529164791107177734e+00 4.396365642547607422e+00 4.264273166656494141e+00 4.133088111877441406e+00 4.002983093261718750e+00 3.874141216278076172e+00 3.746713161468505859e+00 3.620863437652587891e+00 3.496721267700195312e+00 3.374433040618896484e+00 3.254106044769287109e+00 3.135870456695556641e+00 3.019812345504760742e+00 2.906049251556396484e+00 2.794648885726928711e+00 2.685724020004272461e+00 2.579333305358886719e+00 2.475605964660644531e+00 2.374618768692016602e+00 2.276572942733764648e+00 2.181644201278686523e+00 2.090264081954956055e+00 2.002940893173217773e+00 1.920785069465637207e+00 1.845309853553771973e+00 1.779606938362121582e+00 1.728040695190429688e+00 1.699836611747741699e+00
1.719946980476379395e+00 1.729253530502319336e+00 1.744459748268127441e+00 1.766936540603637695e+00 1.796612620353698730e+00 1.833789944648742676e+00 1.878423213958740234e+00 1.930601358413696289e+00 1.990254282951354980e+00 2.057368040084838867e+00 2.131832599639892578e+00 2.213559389114379883e+00 2.302391052246093750e+00 2.398173332214355469e+00 2.500697374343872070e+00 2.609746456146240234e+00 2.725058794021606445e+00 2.846358537673950195e+00 2.973329782485961914e+00 3.105641365051269531e+00 3.242925882339477539e+00 3.384800195693969727e+00 3.530850172042846680e+00 3.680646419525146484e+00 3.833734035491943359e+00 3.989644765853881836e+00 4.147890090942382812e+00 4.307971477508544922e+00 4.469377040863037109e+00 4.631587982177734375e+00 4.794076442718505859e+00 4.956315994262695312e+00 5.117774486541748047e+00 5.277925968170166016e+00 5.436247348785400391e+00 5.592224597930908203e+00 5.745351314544677734e+00 5.895137786865234375e+00 6.041105270385742188e+00 6.182796478271484375e+00 6.319769859313964844e+00 6.451609134674072266e+00 6.577918052673339844e+00 6.698327541351318359e+00 6.812493324279785156e+00 6.920100212097167969e+00 7.020858287811279297e+00 7.114511013031005859e+00 7.200827598571777344e+00 7.279610157012939453e+00 7.350688457489013672e+00 7.413924694061279297e+00 7.469208240509033203e+00 7.516461849212646484e+00 7.555632591247558594e+00 7.586699485778808594e+00 7.609666347503662109e+00 7.624566555023193359e+00 7.631455421447753906e+00 7.630415439605712891e+00 7.621549606323242188e+00 7.604987144470214844e+00 7.580872058868408203e+00 7.549373626708984375e+00 7.510673522949218750e+00 7.464974880218505859e+00 7.412492275238037109e+00 7.353456974029541016e+00 7.288109302520751953e+00 7.216705322265625000e+00 7.139504909515380859e+00 7.056782245635986328e+00 6.968813419342041016e+00 6.875885486602783203e+00 6.778285026550292969e+00 6.676307201385498047e+00 6.570243835449218750e+00 6.460395812988281250e+00 6.347054481506347656e+00 6.230521202087402344e+00 6.111085414886474609e+00 5.989043712615966797e+00 5.864680767059326172e+00 5.738285541534423828e+00 5.610132694244384766e+00 5.480502128601074219e+00 5.349656581878662109e+00 5.217864036560058594e+00 5.085371971130371094e+00 4.952434539794921875e+00 4.819283008575439453e+00 4.686154842376708984e+00 4.553264141082763672e+00 4.420831203460693359e+00 4.289050102233886719e+00 4.158123016357421875e+00 4.028224468231201172e+00 3.899538040161132812e+00 3.772216320037841797e+00 3.646425485610961914e+00 3.522295951843261719e+00 3.399976253509521484e+00 3.279575109481811523e+00 3.161224842071533203e+00 3.045013189315795898e+00 2.931059598922729492e+00 2.819433927536010742e+00 2.710250616073608398e+00 2.603570461273193359e+00 2.499523639678955078e+00 2.398188829421997070e+00 2.299768447875976562e+00 2.204438447952270508e+00 2.112629413604736328e+00 2.024848222732543945e+00 1.942198753356933594e+00 1.866185307502746582e+00 1.799880504608154297e+00 1.747621178627014160e+00 1.718576431274414062e+00
1.737739920616149902e+00 1.745969533920288086e+00 1.760053157806396484e+00 1.781355023384094238e+00 1.809805274009704590e+00 1.845705151557922363e+00 1.889011383056640625e+00 1.939813733100891113e+00 1.998044252395629883e+00 2.063691377639770508e+00 2.136647939682006836e+00 2.216828584671020508e+00 2.304079771041870117e+00 2.398251056671142578e+00 2.499138593673706055e+00 2.606530666351318359e+00 2.720170736312866211e+00 2.839789152145385742e+00 2.965076208114624023e+00 3.095706939697265625e+00 3.231321096420288086e+00 3.371542930603027344e+00 3.515964984893798828e+00 3.664165735244750977e+00 3.815697431564331055e+00 3.970099449157714844e+00 4.126890182495117188e+00 4.285579681396484375e+00 4.445661067962646484e+00 4.606623649597167969e+00 4.767946243286132812e+00 4.929107189178466797e+00 5.089580535888671875e+00 5.248846054077148438e+00 5.406383514404296875e+00 5.561683654785156250e+00 5.714244365692138672e+00 5.863576412200927734e+00 6.009204864501953125e+00 6.150672912597656250e+00 6.287539958953857422e+00 6.419388771057128906e+00 6.545823097229003906e+00 6.666472911834716797e+00 6.780991077423095703e+00 6.889060497283935547e+00 6.990387916564941406e+00 7.084712982177734375e+00 7.171800613403320312e+00 7.251449108123779297e+00 7.323482513427734375e+00 7.387758731842041016e+00 7.444161415100097656e+00 7.492606163024902344e+00 7.533035755157470703e+00 7.565422534942626953e+00 7.589764118194580078e+00 7.606087684631347656e+00 7.614441394805908203e+00 7.614902973175048828e+00 7.607568740844726562e+00 7.592561244964599609e+00 7.570019245147705078e+00 7.540105342864990234e+00 7.502996921539306641e+00 7.458890438079833984e+00 7.407995700836181641e+00 7.350538730621337891e+00 7.286755561828613281e+00 7.216896533966064453e+00 7.141218185424804688e+00 7.059991359710693359e+00 6.973486423492431641e+00 6.881988525390625000e+00 6.785779953002929688e+00 6.685153484344482422e+00 6.580398082733154297e+00 6.471811771392822266e+00 6.359684467315673828e+00 6.244314670562744141e+00 6.125990390777587891e+00 6.005007266998291016e+00 5.881648063659667969e+00 5.756200790405273438e+00 5.628939151763916016e+00 5.500143051147460938e+00 5.370074748992919922e+00 5.239001274108886719e+00 5.107170581817626953e+00 4.974836826324462891e+00 4.842232227325439453e+00 4.709594249725341797e+00 4.577136993408203125e+00 4.445082664489746094e+00 4.313625812530517578e+00 4.182970046997070312e+00 4.053290843963623047e+00 3.924772739410400391e+00 3.797570466995239258e+00 3.671850919723510742e+00 3.547746896743774414e+00 3.425408124923706055e+00 3.304945468902587891e+00 3.186492443084716797e+00 3.070139408111572266e+00 2.956007003784179688e+00 2.844167232513427734e+00 2.734736204147338867e+00 2.627776861190795898e+00 2.523421049118041992e+00 2.421748638153076172e+00 2.322962999343872070e+00 2.227241039276123047e+00 2.135012149810791016e+00 2.046781301498413086e+00 1.963646531105041504e+00 1.887103438377380371e+00 1.820205450057983398e+00 1.767262458801269531e+00 1.737388134002685547e+00
1.755615711212158203e+00 1.762781739234924316e+00 1.775756835937500000e+00 1.795898079872131348e+00 1.823137164115905762e+00 1.857774853706359863e+00 1.899769544601440430e+00 1.949211955070495605e+00 2.006036281585693359e+00 2.070233345031738281e+00 2.141698598861694336e+00 2.220349788665771484e+00 2.306036949157714844e+00 2.398614168167114258e+00 2.497881412506103516e+00 2.603632688522338867e+00 2.715616226196289062e+00 2.833568096160888672e+00 2.957185268402099609e+00 3.086148500442504883e+00 3.220104932785034180e+00 3.358685016632080078e+00 3.501489162445068359e+00 3.648102521896362305e+00 3.798084735870361328e+00 3.950982809066772461e+00 4.106322765350341797e+00 4.263620376586914062e+00 4.422377586364746094e+00 4.582088947296142578e+00 4.742239952087402344e+00 4.902314662933349609e+00 5.061793804168701172e+00 5.220161437988281250e+00 5.376901626586914062e+00 5.531509876251220703e+00 5.683486461639404297e+00 5.832345485687255859e+00 5.977613925933837891e+00 6.118835926055908203e+00 6.255572319030761719e+00 6.387405872344970703e+00 6.513939857482910156e+00 6.634802341461181641e+00 6.749645233154296875e+00 6.858148097991943359e+00 6.960015773773193359e+00 7.054984092712402344e+00 7.142814159393310547e+00 7.223299503326416016e+00 7.296259403228759766e+00 7.361546993255615234e+00 7.419040679931640625e+00 7.468650341033935547e+00 7.510312080383300781e+00 7.543993473052978516e+00 7.569685935974121094e+00 7.587409019470214844e+00 7.597207069396972656e+00 7.599149703979492188e+00 7.593327522277832031e+00 7.579857826232910156e+00 7.558872222900390625e+00 7.530529022216796875e+00 7.494998455047607422e+00 7.452472686767578125e+00 7.403154850006103516e+00 7.347268104553222656e+00 7.285041332244873047e+00 7.216721534729003906e+00 7.142560958862304688e+00 7.062825679779052734e+00 6.977783203125000000e+00 6.887714385986328125e+00 6.792898178100585938e+00 6.693624496459960938e+00 6.590179920196533203e+00 6.482858657836914062e+00 6.371949672698974609e+00 6.257749080657958984e+00 6.140543460845947266e+00 6.020625591278076172e+00 5.898277759552001953e+00 5.773787498474121094e+00 5.647426605224609375e+00 5.519474983215332031e+00 5.390193939208984375e+00 5.259850025177001953e+00 5.128692626953125000e+00 4.996974468231201172e+00 4.864927768707275391e+00 4.732791900634765625e+00 4.600781440734863281e+00 4.469118118286132812e+00 4.337998390197753906e+00 4.207626819610595703e+00 4.078179359436035156e+00 3.949842929840087891e+00 3.822772741317749023e+00 3.697137594223022461e+00 3.573071718215942383e+00 3.450726270675659180e+00 3.330214262008666992e+00 3.211670637130737305e+00 3.095187902450561523e+00 2.980888128280639648e+00 2.868845701217651367e+00 2.759178161621093750e+00 2.651950120925903320e+00 2.547295331954956055e+00 2.445295333862304688e+00 2.346153974533081055e+00 2.250049352645874023e+00 2.157409429550170898e+00 2.068737506866455078e+00 1.985126137733459473e+00 1.908061742782592773e+00 1.840579390525817871e+00 1.786962270736694336e+00 1.756269454956054688e+00
1.773571729660034180e+00 1.779687881469726562e+00 1.791568040847778320e+00 1.810562968254089355e+00 1.836605429649353027e+00 1.869995951652526855e+00 1.910694479942321777e+00 1.958792567253112793e+00 2.014226913452148438e+00 2.076989889144897461e+00 2.146980047225952148e+00 2.224118471145629883e+00 2.308258295059204102e+00 2.399257898330688477e+00 2.496921300888061523e+00 2.601047515869140625e+00 2.711390018463134766e+00 2.827690362930297852e+00 2.949651479721069336e+00 3.076960802078247070e+00 3.209271430969238281e+00 3.346220970153808594e+00 3.487416744232177734e+00 3.632451057434082031e+00 3.780890941619873047e+00 3.932290077209472656e+00 4.086182117462158203e+00 4.242089748382568359e+00 4.399521350860595703e+00 4.557978630065917969e+00 4.716953754425048828e+00 4.875936508178710938e+00 5.034412384033203125e+00 5.191870689392089844e+00 5.347801208496093750e+00 5.501702308654785156e+00 5.653077602386474609e+00 5.801445007324218750e+00 5.946332931518554688e+00 6.087287425994873047e+00 6.223869800567626953e+00 6.355663776397705078e+00 6.482271194458007812e+00 6.603320121765136719e+00 6.718460083007812500e+00 6.827368736267089844e+00 6.929748535156250000e+00 7.025331020355224609e+00 7.113874435424804688e+00 7.195167541503906250e+00 7.269025802612304688e+00 7.335297107696533203e+00 7.393853664398193359e+00 7.444601058959960938e+00 7.487469673156738281e+00 7.522420406341552734e+00 7.549438953399658203e+00 7.568539619445800781e+00 7.579759120941162109e+00 7.583162784576416016e+00 7.578834056854248047e+00 7.566883563995361328e+00 7.547438621520996094e+00 7.520650863647460938e+00 7.486684322357177734e+00 7.445727348327636719e+00 7.397976398468017578e+00 7.343649864196777344e+00 7.282971858978271484e+00 7.216185569763183594e+00 7.143537521362304688e+00 7.065289974212646484e+00 6.981707572937011719e+00 6.893066406250000000e+00 6.799642562866210938e+00 6.701723098754882812e+00 6.599590778350830078e+00 6.493538856506347656e+00 6.383852481842041016e+00 6.270826339721679688e+00 6.154744625091552734e+00 6.035899639129638672e+00 5.914571285247802734e+00 5.791045665740966797e+00 5.665594577789306641e+00 5.538496971130371094e+00 5.410013198852539062e+00 5.280410289764404297e+00 5.149936199188232422e+00 5.018845081329345703e+00 4.887369155883789062e+00 4.755747318267822266e+00 4.624195575714111328e+00 4.492936134338378906e+00 4.362166404724121094e+00 4.232091426849365234e+00 4.102888584136962891e+00 3.974746465682983398e+00 3.847820997238159180e+00 3.722282886505126953e+00 3.598267555236816406e+00 3.475928068161010742e+00 3.355378866195678711e+00 3.236756801605224609e+00 3.120156049728393555e+00 3.005700588226318359e+00 2.893466472625732422e+00 2.783573389053344727e+00 2.676087617874145508e+00 2.571144104003906250e+00 2.468826293945312500e+00 2.369338989257812500e+00 2.272860765457153320e+00 2.179818868637084961e+00 2.090714693069458008e+00 2.006634950637817383e+00 1.929057836532592773e+00 1.860999941825866699e+00 1.806718349456787109e+00 1.775217890739440918e+00
1.791605472564697266e+00 1.796685218811035156e+00 1.807484269142150879e+00 1.825346827507019043e+00 1.850207209587097168e+00 1.882365345954895020e+00 1.921782732009887695e+00 1.968552112579345703e+00 2.022612094879150391e+00 2.083957195281982422e+00 2.152488708496093750e+00 2.228130340576171875e+00 2.310739517211914062e+00 2.400177478790283203e+00 2.496253252029418945e+00 2.598770141601562500e+00 2.707486867904663086e+00 2.822150707244873047e+00 2.942469835281372070e+00 3.068138122558593750e+00 3.198815345764160156e+00 3.334145307540893555e+00 3.473742723464965820e+00 3.617206335067749023e+00 3.764110565185546875e+00 3.914016246795654297e+00 4.066463470458984375e+00 4.220983028411865234e+00 4.377089023590087891e+00 4.534290313720703125e+00 4.692084789276123047e+00 4.849968910217285156e+00 5.007433414459228516e+00 5.163972377777099609e+00 5.319080352783203125e+00 5.472259998321533203e+00 5.623018264770507812e+00 5.770875930786132812e+00 5.915363788604736328e+00 6.056029319763183594e+00 6.192435264587402344e+00 6.324165344238281250e+00 6.450821399688720703e+00 6.572030067443847656e+00 6.687440395355224609e+00 6.796727657318115234e+00 6.899590969085693359e+00 6.995759487152099609e+00 7.084987640380859375e+00 7.167060375213623047e+00 7.241788864135742188e+00 7.309015274047851562e+00 7.368607997894287109e+00 7.420466423034667969e+00 7.464515209197998047e+00 7.500710964202880859e+00 7.529031276702880859e+00 7.549486160278320312e+00 7.562106132507324219e+00 7.566949367523193359e+00 7.564094543457031250e+00 7.553646087646484375e+00 7.535724639892578125e+00 7.510477066040039062e+00 7.478061676025390625e+00 7.438660144805908203e+00 7.392465114593505859e+00 7.339689254760742188e+00 7.280552387237548828e+00 7.215291976928710938e+00 7.144151687622070312e+00 7.067388057708740234e+00 6.985262393951416016e+00 6.898047924041748047e+00 6.806015968322753906e+00 6.709451675415039062e+00 6.608633995056152344e+00 6.503854274749755859e+00 6.395394325256347656e+00 6.283547401428222656e+00 6.168595790863037109e+00 6.050829887390136719e+00 5.930528163909912109e+00 5.807975769042968750e+00 5.683443546295166016e+00 5.557209014892578125e+00 5.429532527923583984e+00 5.300680637359619141e+00 5.170901298522949219e+00 5.040448188781738281e+00 4.909554481506347656e+00 4.778459072113037109e+00 4.647377967834472656e+00 4.516534805297851562e+00 4.386126995086669922e+00 4.256361484527587891e+00 4.127416133880615234e+00 3.999480724334716797e+00 3.872712850570678711e+00 3.747284173965454102e+00 3.623332023620605469e+00 3.501010656356811523e+00 3.380436658859252930e+00 3.261748075485229492e+00 3.145040988922119141e+00 3.030441522598266602e+00 2.918027162551879883e+00 2.807919263839721680e+00 2.700186252593994141e+00 2.594964504241943359e+00 2.492338895797729492e+00 2.392515182495117188e+00 2.295672655105590820e+00 2.202237844467163086e+00 2.112709999084472656e+00 2.028170585632324219e+00 1.950089335441589355e+00 1.881464719772338867e+00 1.826528072357177734e+00 1.794231057167053223e+00
1.809714555740356445e+00 1.813771128654479980e+00 1.823502779006958008e+00 1.840246915817260742e+00 1.863939523696899414e+00 1.894879937171936035e+00 1.933031320571899414e+00 1.978487253189086914e+00 2.031188488006591797e+00 2.091131448745727539e+00 2.158220529556274414e+00 2.232381582260131836e+00 2.313475847244262695e+00 2.401368379592895508e+00 2.495872259140014648e+00 2.596795558929443359e+00 2.703901767730712891e+00 2.816943407058715820e+00 2.935634613037109375e+00 3.059675216674804688e+00 3.188731193542480469e+00 3.322453022003173828e+00 3.460461378097534180e+00 3.602363109588623047e+00 3.747738599777221680e+00 3.896156072616577148e+00 4.047162532806396484e+00 4.200295448303222656e+00 4.355076313018798828e+00 4.511019706726074219e+00 4.667629718780517578e+00 4.824409008026123047e+00 4.980854034423828125e+00 5.136464118957519531e+00 5.290738105773925781e+00 5.443181991577148438e+00 5.593307971954345703e+00 5.740638732910156250e+00 5.884706974029541016e+00 6.025063037872314453e+00 6.161270618438720703e+00 6.292912960052490234e+00 6.419593334197998047e+00 6.540936470031738281e+00 6.656590461730957031e+00 6.766228675842285156e+00 6.869548320770263672e+00 6.966275215148925781e+00 7.056159973144531250e+00 7.138984680175781250e+00 7.214554786682128906e+00 7.282709121704101562e+00 7.343310356140136719e+00 7.396253108978271484e+00 7.441457271575927734e+00 7.478871822357177734e+00 7.508470535278320312e+00 7.530256748199462891e+00 7.544254779815673828e+00 7.550517082214355469e+00 7.549116611480712891e+00 7.540151596069335938e+00 7.523737430572509766e+00 7.500014305114746094e+00 7.469135284423828125e+00 7.431277275085449219e+00 7.386627197265625000e+00 7.335392475128173828e+00 7.277787685394287109e+00 7.214046955108642578e+00 7.144407749176025391e+00 7.069124221801757812e+00 6.988452434539794922e+00 6.902662277221679688e+00 6.812022209167480469e+00 6.716813087463378906e+00 6.617311954498291016e+00 6.513806343078613281e+00 6.406577110290527344e+00 6.295913696289062500e+00 6.182097911834716797e+00 6.065417289733886719e+00 5.946149349212646484e+00 5.824577808380126953e+00 5.700972557067871094e+00 5.575610637664794922e+00 5.448750972747802734e+00 5.320660591125488281e+00 5.191586971282958984e+00 5.061782836914062500e+00 4.931482791900634766e+00 4.800924777984619141e+00 4.670326709747314453e+00 4.539911746978759766e+00 4.409878730773925781e+00 4.280434608459472656e+00 4.151759624481201172e+00 4.024043560028076172e+00 3.897445678710937500e+00 3.772139072418212891e+00 3.648262500762939453e+00 3.525971889495849609e+00 3.405385017395019531e+00 3.286641836166381836e+00 3.169840574264526367e+00 3.055108308792114258e+00 2.942524909973144531e+00 2.832213163375854492e+00 2.724243640899658203e+00 2.618753910064697266e+00 2.515830516815185547e+00 2.415680170059204102e+00 2.318482398986816406e+00 2.224663496017456055e+00 2.134721040725708008e+00 2.049730539321899414e+00 1.971153736114501953e+00 1.901971340179443359e+00 1.846389174461364746e+00 1.813306689262390137e+00
1.827896475791931152e+00 1.830943107604980469e+00 1.839620828628540039e+00 1.855260372161865234e+00 1.877799391746520996e+00 1.907536745071411133e+00 1.944436788558959961e+00 1.988594532012939453e+00 2.039952516555786133e+00 2.098509073257446289e+00 2.164171218872070312e+00 2.236867904663085938e+00 2.316463232040405273e+00 2.402826070785522461e+00 2.495774030685424805e+00 2.595118999481201172e+00 2.700629711151123047e+00 2.812063694000244141e+00 2.929141044616699219e+00 3.051567077636718750e+00 3.179013729095458984e+00 3.311138153076171875e+00 3.447567939758300781e+00 3.587916135787963867e+00 3.731770038604736328e+00 3.878705024719238281e+00 4.028275012969970703e+00 4.180023670196533203e+00 4.333478927612304688e+00 4.488162994384765625e+00 4.643585681915283203e+00 4.799254894256591797e+00 4.954672813415527344e+00 5.109344482421875000e+00 5.262772560119628906e+00 5.414468288421630859e+00 5.563946247100830078e+00 5.710732936859130859e+00 5.854363918304443359e+00 5.994390487670898438e+00 6.130377292633056641e+00 6.261909961700439453e+00 6.388589859008789062e+00 6.510043144226074219e+00 6.625914573669433594e+00 6.735877513885498047e+00 6.839625835418701172e+00 6.936883449554443359e+00 7.027397632598876953e+00 7.110945701599121094e+00 7.187330245971679688e+00 7.256384849548339844e+00 7.317968368530273438e+00 7.371969223022460938e+00 7.418302059173583984e+00 7.456911087036132812e+00 7.487763881683349609e+00 7.510858058929443359e+00 7.526211738586425781e+00 7.533873081207275391e+00 7.533906936645507812e+00 7.526407241821289062e+00 7.511483192443847656e+00 7.489268779754638672e+00 7.459912776947021484e+00 7.423584938049316406e+00 7.380468368530273438e+00 7.330764293670654297e+00 7.274683475494384766e+00 7.212454319000244141e+00 7.144310951232910156e+00 7.070502281188964844e+00 6.991281032562255859e+00 6.906912803649902344e+00 6.817663669586181641e+00 6.723809719085693359e+00 6.625626564025878906e+00 6.523397445678710938e+00 6.417402267456054688e+00 6.307927131652832031e+00 6.195251941680908203e+00 6.079662799835205078e+00 5.961435317993164062e+00 5.840852260589599609e+00 5.718183040618896484e+00 5.593701839447021484e+00 5.467669010162353516e+00 5.340349674224853516e+00 5.211991786956787109e+00 5.082848072052001953e+00 4.953152656555175781e+00 4.823143959045410156e+00 4.693040370941162109e+00 4.563065528869628906e+00 4.433419227600097656e+00 4.304309844970703125e+00 4.175917148590087891e+00 4.048432826995849609e+00 3.922017574310302734e+00 3.796845436096191406e+00 3.673056840896606445e+00 3.550808906555175781e+00 3.430221319198608398e+00 3.311435699462890625e+00 3.194551467895507812e+00 3.079698085784912109e+00 2.966956853866577148e+00 2.856452465057373047e+00 2.748256921768188477e+00 2.642509460449218750e+00 2.539298295974731445e+00 2.438830852508544922e+00 2.341287612915039062e+00 2.247093677520751953e+00 2.156745195388793945e+00 2.071312427520751953e+00 1.992248654365539551e+00 1.922517418861389160e+00 1.866299390792846680e+00 1.832442164421081543e+00
1.846148729324340820e+00 1.848198652267456055e+00 1.855835795402526855e+00 1.870384573936462402e+00 1.891784071922302246e+00 1.920332551002502441e+00 1.955996155738830566e+00 1.998870611190795898e+00 2.048900604248046875e+00 2.106086254119873047e+00 2.170337200164794922e+00 2.241585016250610352e+00 2.319697380065917969e+00 2.404546260833740234e+00 2.495953798294067383e+00 2.593735694885253906e+00 2.697665691375732422e+00 2.807506799697875977e+00 2.922983646392822266e+00 3.043807983398437500e+00 3.169657707214355469e+00 3.300195932388305664e+00 3.435056924819946289e+00 3.573860168457031250e+00 3.716200113296508789e+00 3.861658096313476562e+00 4.009795188903808594e+00 4.160161972045898438e+00 4.312293529510498047e+00 4.465716361999511719e+00 4.619948387145996094e+00 4.774502754211425781e+00 4.928886890411376953e+00 5.082611083984375000e+00 5.235182762145996094e+00 5.386117458343505859e+00 5.534933090209960938e+00 5.681159496307373047e+00 5.824334621429443359e+00 5.964012145996093750e+00 6.099758148193359375e+00 6.231158256530761719e+00 6.357814788818359375e+00 6.479352951049804688e+00 6.595417022705078125e+00 6.705678462982177734e+00 6.809829235076904297e+00 6.907590389251708984e+00 6.998705863952636719e+00 7.082950592041015625e+00 7.160121917724609375e+00 7.230050086975097656e+00 7.292588233947753906e+00 7.347620964050292969e+00 7.395056724548339844e+00 7.434835433959960938e+00 7.466918468475341797e+00 7.491297245025634766e+00 7.507985591888427734e+00 7.517024040222167969e+00 7.518473148345947266e+00 7.512420177459716797e+00 7.498969078063964844e+00 7.478247642517089844e+00 7.450399398803710938e+00 7.415589332580566406e+00 7.373993873596191406e+00 7.325810432434082031e+00 7.271244049072265625e+00 7.210519313812255859e+00 7.143865108489990234e+00 7.071526527404785156e+00 6.993752002716064453e+00 6.910803794860839844e+00 6.822943687438964844e+00 6.730445384979248047e+00 6.633580684661865234e+00 6.532630443572998047e+00 6.427871704101562500e+00 6.319589138031005859e+00 6.208059310913085938e+00 6.093567371368408203e+00 5.976387500762939453e+00 5.856800079345703125e+00 5.735074043273925781e+00 5.611483097076416016e+00 5.486285686492919922e+00 5.359747409820556641e+00 5.232115268707275391e+00 5.103642940521240234e+00 4.974562644958496094e+00 4.845115184783935547e+00 4.715517520904541016e+00 4.585995197296142578e+00 4.456747531890869141e+00 4.327984333038330078e+00 4.199886322021484375e+00 4.072646141052246094e+00 3.946425914764404297e+00 3.821400642395019531e+00 3.697712182998657227e+00 3.575519323348999023e+00 3.454942941665649414e+00 3.336126804351806641e+00 3.219171524047851562e+00 3.104208469390869141e+00 2.991320610046386719e+00 2.880634307861328125e+00 2.772223711013793945e+00 2.666228771209716797e+00 2.562739849090576172e+00 2.461965084075927734e+00 2.364085674285888672e+00 2.269525766372680664e+00 2.178780078887939453e+00 2.092913627624511719e+00 2.013371706008911133e+00 1.943100452423095703e+00 1.886256217956542969e+00 1.851635217666625977e+00
1.864468812942504883e+00 1.865535140037536621e+00 1.872145056724548340e+00 1.885616660118103027e+00 1.905890464782714844e+00 1.933264493942260742e+00 1.967706084251403809e+00 2.009312152862548828e+00 2.058029174804687500e+00 2.113859415054321289e+00 2.176714420318603516e+00 2.246529102325439453e+00 2.323173999786376953e+00 2.406524658203125000e+00 2.496406793594360352e+00 2.592640876770019531e+00 2.695005178451538086e+00 2.803267240524291992e+00 2.917157649993896484e+00 3.036393165588378906e+00 3.160657882690429688e+00 3.289621114730834961e+00 3.422923326492309570e+00 3.560190439224243164e+00 3.701023340225219727e+00 3.845010519027709961e+00 3.991719484329223633e+00 4.140707015991210938e+00 4.291514873504638672e+00 4.443676471710205078e+00 4.596714973449707031e+00 4.750149726867675781e+00 4.903493881225585938e+00 5.056262016296386719e+00 5.207967281341552734e+00 5.358128547668457031e+00 5.506268024444580078e+00 5.651918411254882812e+00 5.794620513916015625e+00 5.933929920196533203e+00 6.069414138793945312e+00 6.200660228729248047e+00 6.327270507812500000e+00 6.448869705200195312e+00 6.565101623535156250e+00 6.675635814666748047e+00 6.780162334442138672e+00 6.878400325775146484e+00 6.970090866088867188e+00 7.055004596710205078e+00 7.132936000823974609e+00 7.203710556030273438e+00 7.267177104949951172e+00 7.323215484619140625e+00 7.371729373931884766e+00 7.412652015686035156e+00 7.445941448211669922e+00 7.471582412719726562e+00 7.489582538604736328e+00 7.499977588653564453e+00 7.502821922302246094e+00 7.498197078704833984e+00 7.486200809478759766e+00 7.466956615447998047e+00 7.440601825714111328e+00 7.407295703887939453e+00 7.367209434509277344e+00 7.320536136627197266e+00 7.267475605010986328e+00 7.208246707916259766e+00 7.143074989318847656e+00 7.072201251983642578e+00 6.995869636535644531e+00 6.914338111877441406e+00 6.827865600585937500e+00 6.736721992492675781e+00 6.641176700592041016e+00 6.541507244110107422e+00 6.437987804412841797e+00 6.330901145935058594e+00 6.220521450042724609e+00 6.107132434844970703e+00 5.991005897521972656e+00 5.872421264648437500e+00 5.751646518707275391e+00 5.628953456878662109e+00 5.504601001739501953e+00 5.378853321075439453e+00 5.251957416534423828e+00 5.124166011810302734e+00 4.995712280273437500e+00 4.866837024688720703e+00 4.737757205963134766e+00 4.608698368072509766e+00 4.479861736297607422e+00 4.351456642150878906e+00 4.223665714263916016e+00 4.096682071685791016e+00 3.970668792724609375e+00 3.845802545547485352e+00 3.722226381301879883e+00 3.600100517272949219e+00 3.479547739028930664e+00 3.360712528228759766e+00 3.243698120117187500e+00 3.128636598587036133e+00 3.015613555908203125e+00 2.904756307601928711e+00 2.796140909194946289e+00 2.689909219741821289e+00 2.586152553558349609e+00 2.485080003738403320e+00 2.386873960494995117e+00 2.291957378387451172e+00 2.200823307037353516e+00 2.114531993865966797e+00 2.034520387649536133e+00 1.963718295097351074e+00 1.906257271766662598e+00 1.870883464813232422e+00
1.882854461669921875e+00 1.882950186729431152e+00 1.888545870780944824e+00 1.900953888893127441e+00 1.920115947723388672e+00 1.946329474449157715e+00 1.979563593864440918e+00 2.019916057586669922e+00 2.067335128784179688e+00 2.121824741363525391e+00 2.183299541473388672e+00 2.251696348190307617e+00 2.326889038085937500e+00 2.408756971359252930e+00 2.497128963470458984e+00 2.591830253601074219e+00 2.692643404006958008e+00 2.799340724945068359e+00 2.911657810211181641e+00 3.029317617416381836e+00 3.152009248733520508e+00 3.279408693313598633e+00 3.411161899566650391e+00 3.546901702880859375e+00 3.686235427856445312e+00 3.828757762908935547e+00 3.974042892456054688e+00 4.121654510498046875e+00 4.271139621734619141e+00 4.422039508819580078e+00 4.573882102966308594e+00 4.726192951202392578e+00 4.878490447998046875e+00 5.030294895172119141e+00 5.181123733520507812e+00 5.330500125885009766e+00 5.477949619293212891e+00 5.623009204864501953e+00 5.765221595764160156e+00 5.904144763946533203e+00 6.039347648620605469e+00 6.170418262481689453e+00 6.296959877014160156e+00 6.418596267700195312e+00 6.534971714019775391e+00 6.645753383636474609e+00 6.750630378723144531e+00 6.849318981170654297e+00 6.941557884216308594e+00 7.027113914489746094e+00 7.105778694152832031e+00 7.177372932434082031e+00 7.241741180419921875e+00 7.298759460449218750e+00 7.348325729370117188e+00 7.390368461608886719e+00 7.424839496612548828e+00 7.451719284057617188e+00 7.471009731292724609e+00 7.482739925384521484e+00 7.486959934234619141e+00 7.483744144439697266e+00 7.473186016082763672e+00 7.455402851104736328e+00 7.430526256561279297e+00 7.398710250854492188e+00 7.360121250152587891e+00 7.314946651458740234e+00 7.263381958007812500e+00 7.205641269683837891e+00 7.141945362091064453e+00 7.072530746459960938e+00 6.997637271881103516e+00 6.917519569396972656e+00 6.832432746887207031e+00 6.742643356323242188e+00 6.648417472839355469e+00 6.550030231475830078e+00 6.447752475738525391e+00 6.341864585876464844e+00 6.232639789581298828e+00 6.120358467102050781e+00 6.005291461944580078e+00 5.887716770172119141e+00 5.767900466918945312e+00 5.646113872528076172e+00 5.522614955902099609e+00 5.397666931152343750e+00 5.271516799926757812e+00 5.144416809082031250e+00 5.016600608825683594e+00 4.888308048248291016e+00 4.759757041931152344e+00 4.631174087524414062e+00 4.502759456634521484e+00 4.374724864959716797e+00 4.247252941131591797e+00 4.120537757873535156e+00 3.994743824005126953e+00 3.870048761367797852e+00 3.746597290039062500e+00 3.624550342559814453e+00 3.504032850265502930e+00 3.385190725326538086e+00 3.268128395080566406e+00 3.152980089187622070e+00 3.039832830429077148e+00 2.928815603256225586e+00 2.820006132125854492e+00 2.713547706604003906e+00 2.609533548355102539e+00 2.508173227310180664e+00 2.409649610519409180e+00 2.314385652542114258e+00 2.222872257232666016e+00 2.136164665222167969e+00 2.055692434310913086e+00 1.984368443489074707e+00 1.926300168037414551e+00 1.890184402465820312e+00
1.901302933692932129e+00 1.900441050529479980e+00 1.905035853385925293e+00 1.916393637657165527e+00 1.934457540512084961e+00 1.959524750709533691e+00 1.991565585136413574e+00 2.030678749084472656e+00 2.076814651489257812e+00 2.129978895187377930e+00 2.190088272094726562e+00 2.257082462310791016e+00 2.330838441848754883e+00 2.411238670349121094e+00 2.498115777969360352e+00 2.591299057006835938e+00 2.690575361251831055e+00 2.795722007751464844e+00 2.906479597091674805e+00 3.022576093673706055e+00 3.143707036972045898e+00 3.269553422927856445e+00 3.399767875671386719e+00 3.533989191055297852e+00 3.671831130981445312e+00 3.812894821166992188e+00 3.956760883331298828e+00 4.102999210357666016e+00 4.251163959503173828e+00 4.400801181793212891e+00 4.551445960998535156e+00 4.702629089355468750e+00 4.853875160217285156e+00 5.004708290100097656e+00 5.154651165008544922e+00 5.303231239318847656e+00 5.449978351593017578e+00 5.594431877136230469e+00 5.736138343811035156e+00 5.874657154083251953e+00 6.009559631347656250e+00 6.140434265136718750e+00 6.266885280609130859e+00 6.388536453247070312e+00 6.505031108856201172e+00 6.616035938262939453e+00 6.721238136291503906e+00 6.820351123809814453e+00 6.913111686706542969e+00 6.999284267425537109e+00 7.078655719757080078e+00 7.151042938232421875e+00 7.216287612915039062e+00 7.274259567260742188e+00 7.324852943420410156e+00 7.367991447448730469e+00 7.403620719909667969e+00 7.431715965270996094e+00 7.452274322509765625e+00 7.465319156646728516e+00 7.470893859863281250e+00 7.469069004058837891e+00 7.459931373596191406e+00 7.443592071533203125e+00 7.420178413391113281e+00 7.389839172363281250e+00 7.352735042572021484e+00 7.309048175811767578e+00 7.258969306945800781e+00 7.202708244323730469e+00 7.140480518341064453e+00 7.072518825531005859e+00 6.999059200286865234e+00 6.920351982116699219e+00 6.836648464202880859e+00 6.748212337493896484e+00 6.655305385589599609e+00 6.558201313018798828e+00 6.457167625427246094e+00 6.352482318878173828e+00 6.244415760040283203e+00 6.133247375488281250e+00 6.019245624542236328e+00 5.902687072753906250e+00 5.783836364746093750e+00 5.662963867187500000e+00 5.540327072143554688e+00 5.416188240051269531e+00 5.290793418884277344e+00 5.164394855499267578e+00 5.037226200103759766e+00 4.909527301788330078e+00 4.781516551971435547e+00 4.653419971466064453e+00 4.525440216064453125e+00 4.397787094116210938e+00 4.270646095275878906e+00 4.144211292266845703e+00 4.018649101257324219e+00 3.894137144088745117e+00 3.770822048187255859e+00 3.648866415023803711e+00 3.528395891189575195e+00 3.409558534622192383e+00 3.292459964752197266e+00 3.177236080169677734e+00 3.063975811004638672e+00 2.952809572219848633e+00 2.843816995620727539e+00 2.737142324447631836e+00 2.632880687713623047e+00 2.531242132186889648e+00 2.432410717010498047e+00 2.336808204650878906e+00 2.244924545288085938e+00 2.157809734344482422e+00 2.076885461807250977e+00 2.005048513412475586e+00 1.946382641792297363e+00 1.909535765647888184e+00
1.919811964035034180e+00 1.918005347251892090e+00 1.921612262725830078e+00 1.931933164596557617e+00 1.948912620544433594e+00 1.972847223281860352e+00 2.003709077835083008e+00 2.041597366333007812e+00 2.086464881896972656e+00 2.138318300247192383e+00 2.197077512741088867e+00 2.262684106826782227e+00 2.335018396377563477e+00 2.413965702056884766e+00 2.499362945556640625e+00 2.591042757034301758e+00 2.688796758651733398e+00 2.792406558990478516e+00 2.901618003845214844e+00 3.016164064407348633e+00 3.135746002197265625e+00 3.260050535202026367e+00 3.388736248016357422e+00 3.521448135375976562e+00 3.657805919647216797e+00 3.797417402267456055e+00 3.939869165420532227e+00 4.084737777709960938e+00 4.231583595275878906e+00 4.379958629608154297e+00 4.529403686523437500e+00 4.679455757141113281e+00 4.829644203186035156e+00 4.979498863220214844e+00 5.128547191619873047e+00 5.276320457458496094e+00 5.422352790832519531e+00 5.566186428070068359e+00 5.707370758056640625e+00 5.845468044281005859e+00 5.980051517486572266e+00 6.110710144042968750e+00 6.237049102783203125e+00 6.358692646026611328e+00 6.475283145904541016e+00 6.586486816406250000e+00 6.691988945007324219e+00 6.791501522064208984e+00 6.884758472442626953e+00 6.971520423889160156e+00 7.051572799682617188e+00 7.124727725982666016e+00 7.190822124481201172e+00 7.249722957611083984e+00 7.301318168640136719e+00 7.345527172088623047e+00 7.382290840148925781e+00 7.411579132080078125e+00 7.433382987976074219e+00 7.447721004486083984e+00 7.454630851745605469e+00 7.454177856445312500e+00 7.446442127227783203e+00 7.431531429290771484e+00 7.409565448760986328e+00 7.380688190460205078e+00 7.345056533813476562e+00 7.302845954895019531e+00 7.254242897033691406e+00 7.199452400207519531e+00 7.138685703277587891e+00 7.072170734405517578e+00 7.000139713287353516e+00 6.922838687896728516e+00 6.840516090393066406e+00 6.753431320190429688e+00 6.661844253540039062e+00 6.566023826599121094e+00 6.466235637664794922e+00 6.362755298614501953e+00 6.255851268768310547e+00 6.145800113677978516e+00 6.032868862152099609e+00 5.917332649230957031e+00 5.799454689025878906e+00 5.679504394531250000e+00 5.557737350463867188e+00 5.434416294097900391e+00 5.309786319732666016e+00 5.184099197387695312e+00 5.057588100433349609e+00 4.930493831634521484e+00 4.803033828735351562e+00 4.675435543060302734e+00 4.547901153564453125e+00 4.420641899108886719e+00 4.293843269348144531e+00 4.167701244354248047e+00 4.042382240295410156e+00 3.918065547943115234e+00 3.794898986816406250e+00 3.673046350479125977e+00 3.552634716033935547e+00 3.433813571929931641e+00 3.316690444946289062e+00 3.201402425765991211e+00 3.088040351867675781e+00 2.976735830307006836e+00 2.867570400238037109e+00 2.760689973831176758e+00 2.656190872192382812e+00 2.554284095764160156e+00 2.455154180526733398e+00 2.359222650527954102e+00 2.266977548599243164e+00 2.179464101791381836e+00 2.098096847534179688e+00 2.025756120681762695e+00 1.966502308845520020e+00 1.928935050964355469e+00
1.938379168510437012e+00 1.935640454292297363e+00 1.938272595405578613e+00 1.947569727897644043e+00 1.963478207588195801e+00 1.986294031143188477e+00 2.015990734100341797e+00 2.052668571472167969e+00 2.096282005310058594e+00 2.146839618682861328e+00 2.204263210296630859e+00 2.268497228622436523e+00 2.339424610137939453e+00 2.416934013366699219e+00 2.500866174697875977e+00 2.591057062149047852e+00 2.687302827835083008e+00 2.789389610290527344e+00 2.897068262100219727e+00 3.010076761245727539e+00 3.128121614456176758e+00 3.250895261764526367e+00 3.378062248229980469e+00 3.509273529052734375e+00 3.644155025482177734e+00 3.782320499420166016e+00 3.923363208770751953e+00 4.066865921020507812e+00 4.212394237518310547e+00 4.359507560729980469e+00 4.507751464843750000e+00 4.656669616699218750e+00 4.805795669555664062e+00 4.954665660858154297e+00 5.102810382843017578e+00 5.249766826629638672e+00 5.395071983337402344e+00 5.538272380828857422e+00 5.678919792175292969e+00 5.816578865051269531e+00 5.950824260711669922e+00 6.081247806549072266e+00 6.207453727722167969e+00 6.329067707061767578e+00 6.445731163024902344e+00 6.557109832763671875e+00 6.662887573242187500e+00 6.762774467468261719e+00 6.856502056121826172e+00 6.943828582763671875e+00 7.024535655975341797e+00 7.098432064056396484e+00 7.165351390838623047e+00 7.225154876708984375e+00 7.277727127075195312e+00 7.322982788085937500e+00 7.360857486724853516e+00 7.391315460205078125e+00 7.414342880249023438e+00 7.429952621459960938e+00 7.438178062438964844e+00 7.439076900482177734e+00 7.432726383209228516e+00 7.419226169586181641e+00 7.398692607879638672e+00 7.371263980865478516e+00 7.337090969085693359e+00 7.296344757080078125e+00 7.249207496643066406e+00 7.195878505706787109e+00 7.136564731597900391e+00 7.071490287780761719e+00 7.000882148742675781e+00 6.924983978271484375e+00 6.844038963317871094e+00 6.758304595947265625e+00 6.668035507202148438e+00 6.573499679565429688e+00 6.474958896636962891e+00 6.372686386108398438e+00 6.266947746276855469e+00 6.158018112182617188e+00 6.046162605285644531e+00 5.931654930114746094e+00 5.814755916595458984e+00 5.695734977722167969e+00 5.574846267700195312e+00 5.452351570129394531e+00 5.328495025634765625e+00 5.203528881072998047e+00 5.077686309814453125e+00 4.951206207275390625e+00 4.824308395385742188e+00 4.697219371795654297e+00 4.570141792297363281e+00 4.443287849426269531e+00 4.316843509674072266e+00 4.191005229949951172e+00 4.065941333770751953e+00 3.941831827163696289e+00 3.818825721740722656e+00 3.697087764739990234e+00 3.576746940612792969e+00 3.457953691482543945e+00 3.340817213058471680e+00 3.225476503372192383e+00 3.112023353576660156e+00 3.000591754913330078e+00 2.891264200210571289e+00 2.784188508987426758e+00 2.679461717605590820e+00 2.577296495437622070e+00 2.477877855300903320e+00 2.381626367568969727e+00 2.289028882980346680e+00 2.201126098632812500e+00 2.119324445724487305e+00 2.046488761901855469e+00 1.986656665802001953e+00 1.948379874229431152e+00
1.957001924514770508e+00 1.953343987464904785e+00 1.955014109611511230e+00 1.963300704956054688e+00 1.978151559829711914e+00 1.999862194061279297e+00 2.028407812118530273e+00 2.063889503479003906e+00 2.106262922286987305e+00 2.155539035797119141e+00 2.211641788482666016e+00 2.274518013000488281e+00 2.344053506851196289e+00 2.420139789581298828e+00 2.502621173858642578e+00 2.591337680816650391e+00 2.686089277267456055e+00 2.786666870117187500e+00 2.892825841903686523e+00 3.004309177398681641e+00 3.120828866958618164e+00 3.242082595825195312e+00 3.367741107940673828e+00 3.497460603713989258e+00 3.630873680114746094e+00 3.767600059509277344e+00 3.907238721847534180e+00 4.049378871917724609e+00 4.193592548370361328e+00 4.339444160461425781e+00 4.486486434936523438e+00 4.634267330169677734e+00 4.782327175140380859e+00 4.930205345153808594e+00 5.077439308166503906e+00 5.223568916320800781e+00 5.368135452270507812e+00 5.510689258575439453e+00 5.650784969329833984e+00 5.787989139556884766e+00 5.921879291534423828e+00 6.052048206329345703e+00 6.178101062774658203e+00 6.299664020538330078e+00 6.416378498077392578e+00 6.527908802032470703e+00 6.633938312530517578e+00 6.734174728393554688e+00 6.828348159790039062e+00 6.916213989257812500e+00 6.997550010681152344e+00 7.072162628173828125e+00 7.139880657196044922e+00 7.200562477111816406e+00 7.254086971282958984e+00 7.300364971160888672e+00 7.339326381683349609e+00 7.370931625366210938e+00 7.395160198211669922e+00 7.412021160125732422e+00 7.421541213989257812e+00 7.423773765563964844e+00 7.418789386749267578e+00 7.406683444976806641e+00 7.387566566467285156e+00 7.361571788787841797e+00 7.328844070434570312e+00 7.289551258087158203e+00 7.243868350982666016e+00 7.191991329193115234e+00 7.134122848510742188e+00 7.070481777191162109e+00 7.001291751861572266e+00 6.926791667938232422e+00 6.847221374511718750e+00 6.762834548950195312e+00 6.673882961273193359e+00 6.580631732940673828e+00 6.483339309692382812e+00 6.382276535034179688e+00 6.277706623077392578e+00 6.169902801513671875e+00 6.059127807617187500e+00 5.945653915405273438e+00 5.829741001129150391e+00 5.711656570434570312e+00 5.591653823852539062e+00 5.469993591308593750e+00 5.346920013427734375e+00 5.222684383392333984e+00 5.097518920898437500e+00 4.971664428710937500e+00 4.845338821411132812e+00 4.718769550323486328e+00 4.592159748077392578e+00 4.465722560882568359e+00 4.339643955230712891e+00 4.214121818542480469e+00 4.089324474334716797e+00 3.965434074401855469e+00 3.842599868774414062e+00 3.720988512039184570e+00 3.600729942321777344e+00 3.481976032257080078e+00 3.364838123321533203e+00 3.249455690383911133e+00 3.135922908782958984e+00 3.024374723434448242e+00 2.914896011352539062e+00 2.807634830474853516e+00 2.702691078186035156e+00 2.600276947021484375e+00 2.500579118728637695e+00 2.404016971588134766e+00 2.311076164245605469e+00 2.222792625427246094e+00 2.140565872192382812e+00 2.067244291305541992e+00 2.006843566894531250e+00 1.967867970466613770e+00
1.975677967071533203e+00 1.971113324165344238e+00 1.971834301948547363e+00 1.979123473167419434e+00 1.992929935455322266e+00 2.013549089431762695e+00 2.040957212448120117e+00 2.075256586074829102e+00 2.116404533386230469e+00 2.164413690567016602e+00 2.219210147857666016e+00 2.280742883682250977e+00 2.348900794982910156e+00 2.423578739166259766e+00 2.504623889923095703e+00 2.591880321502685547e+00 2.685151815414428711e+00 2.784233808517456055e+00 2.888885974884033203e+00 2.998856782913208008e+00 3.113862991333007812e+00 3.233608007431030273e+00 3.357767820358276367e+00 3.486004829406738281e+00 3.617957353591918945e+00 3.753251075744628906e+00 3.891491174697875977e+00 4.032272815704345703e+00 4.175173759460449219e+00 4.319765090942382812e+00 4.465604782104492188e+00 4.612246036529541016e+00 4.759234905242919922e+00 4.906116485595703125e+00 5.052431106567382812e+00 5.197724819183349609e+00 5.341542243957519531e+00 5.483436584472656250e+00 5.622965812683105469e+00 5.759700298309326172e+00 5.893218040466308594e+00 6.023113727569580078e+00 6.148993492126464844e+00 6.270484447479248047e+00 6.387227535247802734e+00 6.498887062072753906e+00 6.605144500732421875e+00 6.705706596374511719e+00 6.800301074981689453e+00 6.888680458068847656e+00 6.970620632171630859e+00 7.045924663543701172e+00 7.114416599273681641e+00 7.175951004028320312e+00 7.230403900146484375e+00 7.277679920196533203e+00 7.317704677581787109e+00 7.350433826446533203e+00 7.375842094421386719e+00 7.393932819366455078e+00 7.404727458953857422e+00 7.408273696899414062e+00 7.404637813568115234e+00 7.393909454345703125e+00 7.376193046569824219e+00 7.351617336273193359e+00 7.320322513580322266e+00 7.282469749450683594e+00 7.238231182098388672e+00 7.187796592712402344e+00 7.131364822387695312e+00 7.069149971008300781e+00 7.001371860504150391e+00 6.928264617919921875e+00 6.850065708160400391e+00 6.767024517059326172e+00 6.679389953613281250e+00 6.587422370910644531e+00 6.491379261016845703e+00 6.391528129577636719e+00 6.288130283355712891e+00 6.181455612182617188e+00 6.071765899658203125e+00 5.959331512451171875e+00 5.844410419464111328e+00 5.727269172668457031e+00 5.608160018920898438e+00 5.487342357635498047e+00 5.365060329437255859e+00 5.241564273834228516e+00 5.117086410522460938e+00 4.991866588592529297e+00 4.866123676300048828e+00 4.740085124969482422e+00 4.613954544067382812e+00 4.487945079803466797e+00 4.362243652343750000e+00 4.237048625946044922e+00 4.112529754638671875e+00 3.988869905471801758e+00 3.866219520568847656e+00 3.744746208190917969e+00 3.624581575393676758e+00 3.505878925323486328e+00 3.388750314712524414e+00 3.273337602615356445e+00 3.159736156463623047e+00 3.048082590103149414e+00 2.938462734222412109e+00 2.831027030944824219e+00 2.725875854492187500e+00 2.623223066329956055e+00 2.523255348205566406e+00 2.426391839981079102e+00 2.333117008209228516e+00 2.244461536407470703e+00 2.161818265914916992e+00 2.088020324707031250e+00 2.027060508728027344e+00 1.987396955490112305e+00
1.994404792785644531e+00 1.988946080207824707e+00 1.988730549812316895e+00 1.995035290718078613e+00 2.007810592651367188e+00 2.027351617813110352e+00 2.053636074066162109e+00 2.086766958236694336e+00 2.126703500747680664e+00 2.173459768295288086e+00 2.226964235305786133e+00 2.287168264389038086e+00 2.353963375091552734e+00 2.427247047424316406e+00 2.506870269775390625e+00 2.592680692672729492e+00 2.684485912322998047e+00 2.782085657119750977e+00 2.885244369506835938e+00 2.993715047836303711e+00 3.107219457626342773e+00 3.225466728210449219e+00 3.348138093948364258e+00 3.474901676177978516e+00 3.605401515960693359e+00 3.739269495010375977e+00 3.876116514205932617e+00 4.015543460845947266e+00 4.157135009765625000e+00 4.300467014312744141e+00 4.445103168487548828e+00 4.590602874755859375e+00 4.736516952514648438e+00 4.882395744323730469e+00 5.027784824371337891e+00 5.172233104705810547e+00 5.315290927886962891e+00 5.456513881683349609e+00 5.595463275909423828e+00 5.731711864471435547e+00 5.864840507507324219e+00 5.994444847106933594e+00 6.120132923126220703e+00 6.241531372070312500e+00 6.358281612396240234e+00 6.470047473907470703e+00 6.576509952545166016e+00 6.677374362945556641e+00 6.772365093231201172e+00 6.861234188079833984e+00 6.943753719329833984e+00 7.019723415374755859e+00 7.088964462280273438e+00 7.151327610015869141e+00 7.206683635711669922e+00 7.254933834075927734e+00 7.295999050140380859e+00 7.329829216003417969e+00 7.356395244598388672e+00 7.375694274902343750e+00 7.387742996215820312e+00 7.392584323883056641e+00 7.390278339385986328e+00 7.380909919738769531e+00 7.364578723907470703e+00 7.341407299041748047e+00 7.311531066894531250e+00 7.275106430053710938e+00 7.232300758361816406e+00 7.183299064636230469e+00 7.128294944763183594e+00 7.067499160766601562e+00 7.001126289367675781e+00 6.929408073425292969e+00 6.852576732635498047e+00 6.770878314971923828e+00 6.684558391571044922e+00 6.593874931335449219e+00 6.499081611633300781e+00 6.400443553924560547e+00 6.298219680786132812e+00 6.192677974700927734e+00 6.084078311920166016e+00 5.972688198089599609e+00 5.858765125274658203e+00 5.742573738098144531e+00 5.624364852905273438e+00 5.504398345947265625e+00 5.382915973663330078e+00 5.260168075561523438e+00 5.136387348175048828e+00 5.011812210083007812e+00 4.886662483215332031e+00 4.761165142059326172e+00 4.635524272918701172e+00 4.509953498840332031e+00 4.384640693664550781e+00 4.259784221649169922e+00 4.135555267333984375e+00 4.012137413024902344e+00 3.889682531356811523e+00 3.768358945846557617e+00 3.648299694061279297e+00 3.529659271240234375e+00 3.412551879882812500e+00 3.297119855880737305e+00 3.183460712432861328e+00 3.071712255477905273e+00 2.961962461471557617e+00 2.854362249374389648e+00 2.749013900756835938e+00 2.646131992340087891e+00 2.545904159545898438e+00 2.448748826980590820e+00 2.355148792266845703e+00 2.266130685806274414e+00 2.183079957962036133e+00 2.108814239501953125e+00 2.047305107116699219e+00 2.006964445114135742e+00
