8.053197370167490377e+00 5.391798843154688825e+00 7.354757014224449385e+00 6.157029401630866872e+00 6.881999303124031186e+00 9.391390090734427432e+00 7.365405453834721783e+00 7.036099449777138304e+00 9.734325742730097986e+00 1.029908576797039466e+01 8.188051786387024578e+00 9.909240247759260711e+00 1.137345797022497429e+01 7.654278042426538420e+00 7.177395925261232712e+00 8.165865199379448214e+00 9.360860805020029929e+00 1.049779267630611201e+01 1.052474573389585544e+01 1.105547706934677699e+01 8.723779013612421807e+00 1.154045520303193761e+01 1.191273144982165988e+01 1.028013474187274667e+01 1.237151891295011019e+01 1.195469406208096430e+01 7.652618977973028258e+00 8.885032095854874967e+00 9.351655435338269484e+00 7.628320156341718672e+00 1.193787699307579864e+01 1.114891184486360487e+01 1.126716444902616487e+01 7.628506929061249942e+00 8.836337335268762416e+00 7.382657070815864309e+00 8.810541488861938220e+00 1.087643247617216780e+01 6.692171313736559490e+00 8.827449185207523641e+00 6.700874640564286722e+00 8.420375994560759025e+00 6.505183969850230064e+00 6.136398001509412836e+00 9.313631748708868230e+00 9.017968069392107822e+00 5.793122051433942765e+00 5.782923801439444844e+00 7.990293136750683978e+00 5.631305412672521271e+00 8.190339590366109590e+00 6.822941914095783211e+00 4.842938690134035440e+00 6.943256833214797474e+00 5.210545589967354729e+00 4.394020152297386517e+00 4.937620153661804068e+00 3.870092779203274436e+00 4.121514399130966844e+00 4.862987721106625472e+00 3.903477857953142838e+00 4.421478829009080513e+00 4.339888957783413659e+00 4.078994086913572126e+00 3.271777481918041630e+00 4.293588044276772209e+00 3.886710283491020324e+00 2.748556698216028327e+00 2.846099479028119550e+00 2.670061199951736519e+00 2.590341404993572905e+00 2.257405119966000129e+00 2.738149363307319284e+00 1.894633357180514510e+00 2.478023428560104158e+00 2.384601622803788956e+00 1.669757597418729311e+00 1.340413079670239149e+00 1.524969116923741375e+00 1.499626109390623796e+00 1.567730332321871867e+00 1.172111776465520894e+00 1.275620232792942677e+00 1.313248798283335184e+00 8.980353747505614992e-01 1.079599052777272084e+00 1.121097248845795313e+00 8.254917986341272496e-01 8.456051057792353109e-01 5.931487125454507625e-01 5.035543659242943670e-01 5.717955181691908306e-01 5.606234718827142194e-01 4.015734956616799356e-01 5.817636064875120194e-01 4.703274803775384094e-01 4.441747594553822065e-01 4.404867344904226378e-01 2.788703812753525746e-01 2.365760508676007789e-01 2.040050528004328512e-01 2.106630049873798871e-01 2.288395519614486451e-01 2.430762685790502642e-01 1.965735532907229854e-01 1.743012452060788142e-01 1.242262058051794016e-01 1.349434989429897369e-01 1.045276834394624765e-01 1.162362839378717622e-01 1.099982122833938064e-01 8.548796506244114857e-02 9.823366245206301139e-02 6.393678556370795130e-02 5.111789779751069185e-02 6.018091059179279251e-02 4.960591432737536388e-02 5.401871392078772677e-02 3.277480878223264227e-02 3.435024072761957287e-02
3.656493865052739434e+00 5.384326546111289247e+00 5.088253206931372397e+00 8.397026298291804025e+00 6.441490617491157700e+00 7.864068968562004436e+00 8.535542553892794260e+00 7.823450854704188551e+00 1.044880977597757621e+01 1.058821243557602898e+01 9.028890651671023448e+00 9.908913152108018707e+00 8.385932940909475164e+00 1.021872113450162800e+01 8.642898390478444881e+00 1.171629050005518380e+01 8.103145974368185733e+00 1.063394840018005105e+01 9.726180732463626910e+00 9.232589732340061417e+00 1.138823596122557902e+01 7.893856862586765999e+00 1.231773151659978716e+01 1.097293198665032499e+01 8.396029818482828588e+00 8.603456907347499794e+00 9.514345141033935249e+00 1.063885445967992460e+01 8.202589588815644817e+00 9.583982258346631866e+00 1.036406050671949863e+01 1.024680472559993305e+01 8.119167906594633166e+00 9.866655777059619936e+00 8.131282504631162311e+00 8.032303245568169103e+00 1.043969598017135247e+01 1.080486580174619071e+01 9.116262367709357051e+00 9.153492050583381001e+00 1.006463517675800112e+01 8.000507744760675166e+00 7.315410427369128499e+00 9.479823785347022636e+00 6.443682706061722776e+00 7.941852890177687030e+00 9.165485469096799065e+00 7.879682649361584801e+00 8.650820870869669221e+00 5.594380096785559253e+00 6.643045905911061588e+00 5.591554530709971438e+00 7.722306519550939718e+00 6.680300111225749404e+00 6.983111314705105599e+00 4.631580195376160169e+00 4.373488142575434168e+00 6.391598451196808028e+00 5.187775811048391361e+00 5.636089402065477039e+00 5.138777107832676272e+00 4.615199828091432366e+00 3.547140278080907372e+00 4.839604094045935945e+00 3.342457647485780114e+00 4.195877392935500438e+00 3.712073097506292996e+00 2.596778801879287002e+00 3.409779646098328065e+00 3.590018049478690632e+00 2.812784079793275716e+00 3.267388276529330948e+00 2.521895666354550869e+00 1.941162881731083534e+00 2.178129607503302090e+00 2.472403705892412873e+00 1.773196844910819525e+00 1.592132441015839284e+00 1.516560770175068518e+00 1.882921847072356769e+00 1.652147247098827210e+00 1.526338477382937597e+00 1.584210616797518734e+00 1.203654998587445402e+00 1.013917560526451656e+00 9.093325071701866547e-01 1.104252588557190995e+00 8.643384555372992661e-01 6.731902422514016715e-01 7.735402050110804506e-01 7.762116660046572969e-01 6.081738167822721142e-01 4.755482713242214499e-01 4.222133768931373154e-01 5.576946124543961103e-01 5.162279409289491916e-01 3.741106724722317867e-01 4.709225087646521368e-01 3.672013519699328099e-01 3.666209811253156592e-01 2.286116838938578033e-01 2.434162413066281172e-01 3.008822898910419319e-01 1.908937393853200881e-01 1.767781156068656823e-01 1.537553256051369388e-01 1.311414988814865179e-01 1.190137577269475000e-01 1.407879829051008336e-01 1.189924486491828748e-01 1.086792602230365612e-01 1.165936766131379781e-01 9.891545255491501765e-02 9.008856489634445297e-02 7.727127019694346455e-02 7.808014850676808782e-02 6.008456867981407101e-02 1.467696739047549548e-01 4.645922280940885662e-01 1.167161788146536372e+00
2.941207084945562489e+00 4.475643733402236535e+00 6.152522974241897202e+00 7.843487492640859315e+00 7.924340004103931356e+00 5.853380600193596628e+00 9.257282579783289833e+00 9.262175882391003867e+00 9.126070530721488439e+00 7.153318016860955808e+00 7.639153315461735261e+00 9.489225665154572553e+00 1.038165771139292737e+01 9.016876427046412346e+00 9.564432650994131535e+00 8.256595774861372306e+00 9.364740682920814407e+00 9.152400230323781471e+00 8.268538936999073385e+00 1.188743209064268314e+01 9.742530442007979019e+00 9.065416483373953227e+00 8.905682756550911350e+00 8.454537410612307013e+00 8.134827292355071293e+00 7.844017518229166264e+00 1.003556425990143630e+01 7.964305894770637551e+00 7.720695554690396811e+00 1.072759621561976218e+01 9.826831463235102149e+00 1.000569797383937676e+01 9.188105214221904404e+00 8.885766029961992274e+00 9.590598848248111707e+00 8.268894443419821272e+00 1.067458582688063906e+01 7.328288635220797431e+00 8.887707176633696804e+00 1.017850916575210363e+01 8.952039758195139640e+00 6.761528232728663212e+00 8.519936802212852101e+00 9.781885845564483262e+00 7.511717730080766486e+00 9.537447470202168986e+00 7.995156425306165104e+00 6.313740294021217281e+00 5.947019759005540251e+00 8.753576013510617315e+00 7.812780157562484007e+00 7.445296189950901145e+00 5.122015722652252023e+00 4.965367724160156371e+00 6.116636150731545207e+00 6.426731013347096066e+00 6.891701665615462602e+00 6.558293891009843612e+00 5.514007698346621744e+00 4.132280710291936998e+00 5.205858179294074795e+00 3.682397634670494746e+00 5.303305237633176183e+00 4.470749706792205735e+00 4.463351245802575029e+00 4.051592347181334652e+00 2.910971143322610644e+00 3.145057790608634551e+00 3.405874393798243194e+00 3.524599895486766332e+00 3.332452597946987893e+00 2.275393655162576412e+00 2.851506825115795341e+00 1.934590740041480572e+00 2.815977874418690075e+00 2.533090374636578268e+00 2.191410035357438169e+00 1.631066916927404575e+00 1.639230567760727952e+00 1.869215606045576239e+00 1.526312218040523749e+00 1.653893014377526116e+00 1.413183500293607953e+00 1.212086973463581074e+00 1.418997851476981875e+00 8.622731998228896355e-01 9.404587477153173447e-01 1.110362062084057966e+00 8.398123432674241551e-01 9.029400309220017018e-01 7.723767537480633605e-01 7.649544501899756543e-01 5.488725555410738366e-01 6.809251530331539293e-01 4.876058479477568541e-01 3.949036728028351151e-01 3.989968726672333821e-01 4.973737226334493666e-01 3.423606389553395246e-01 2.759122966425858192e-01 2.841208047000634007e-01 2.877340215889175323e-01 2.231376538253139474e-01 2.817945174503896366e-01 1.936467129350486482e-01 2.205820839391074706e-01 1.972106295682235499e-01 1.871289073355955901e-01 1.291810931322016909e-01 1.547708700102984336e-01 1.283290296850243539e-01 1.014123783631579040e-01 1.104465894489691374e-01 1.002517788257634018e-01 7.797057007650960714e-02 7.742176087697102971e-02 8.989580542938373220e-02 2.242972419652284333e-01 5.815299030548615189e-01 1.871697908525776777e+00
2.316232434746604341e+00 3.352813461716290355e+00 4.491412519186453345e+00 6.482425524215519097e+00 7.930998296025608241e+00 7.572609492086792571e+00 5.777299745186420310e+00 7.540343269218236166e+00 7.818070855471103364e+00 1.026863027544831830e+01 9.279336563546873862e+00 1.055225539220222331e+01 8.749519282914448581e+00 9.778076401148421581e+00 8.108806328713004774e+00 9.089680351602616781e+00 9.473694972364722133e+00 8.048340458627253113e+00 9.236880902551753536e+00 1.137007030008891917e+01 8.106573807315928804e+00 1.145950099956970369e+01 7.683058600053191967e+00 8.202522738556986326e+00 1.028589485548355498e+01 1.060209117063554629e+01 1.161172501886019326e+01 9.251506990278297593e+00 9.727274273043374109e+00 7.646969616459984742e+00 8.448231774312553455e+00 1.194550708125555616e+01 1.161485675530106576e+01 8.136121531982899668e+00 1.174091956195928788e+01 8.322907620858051914e+00 8.663914561947541060e+00 9.889585947890893181e+00 7.671152824347235999e+00 8.218984020754843911e+00 8.787844477634966012e+00 6.755022549730788306e+00 7.795427801001246770e+00 9.761560755099177200e+00 6.231367666779091152e+00 6.798921988812712591e+00 6.624259212471782732e+00 7.814470560380424757e+00 7.894218413543019786e+00 5.811425150049948307e+00 6.700423306112385013e+00 7.243055034472225095e+00 6.264099118160978641e+00 6.425190816035419417e+00 6.557943436171798091e+00 5.590213088663596785e+00 4.397264880597937520e+00 6.334941913043281581e+00 4.862934612906926191e+00 4.462242302087791046e+00 3.724551953668355342e+00 4.236227077334735469e+00 4.150481635344631215e+00 3.379847689990719051e+00 3.610397245137190403e+00 2.937490709745043560e+00 4.222592806150244904e+00 3.081041687056859768e+00 4.011824641697459448e+00 2.430013295498350878e+00 3.379002599834778575e+00 2.697474239063158308e+00 2.216887241589213353e+00 2.309561712280926660e+00 2.362229386694551181e+00 2.092697406635612101e+00 1.803741933624973148e+00 1.625295625347627837e+00 1.468670706919954050e+00 1.431881780098792412e+00 1.596675265231681795e+00 1.372137684087794351e+00 1.622435983805214921e+00 1.394728032716805899e+00 1.482465457278572263e+00 1.133096124230868140e+00 1.044437160791502617e+00 1.036688089732129114e+00 8.289140794691503000e-01 7.786711238625850795e-01 7.296414007283403835e-01 7.884708989974796856e-01 5.221952861086978093e-01 7.303100628776804104e-01 4.438801760803905982e-01 4.751006120271317745e-01 4.537231780975324313e-01 4.293872644346196088e-01 3.156270365710157622e-01 3.277786806397980368e-01 3.172876113529918274e-01 3.044746006316531584e-01 2.918324019047766060e-01 2.465569411229829311e-01 1.729004925912864810e-01 1.762524892876098370e-01 2.171149550115966942e-01 1.785650324472745354e-01 1.783684167511891960e-01 1.671251976951561857e-01 1.396750304511417129e-01 1.319387813201377269e-01 1.224665304597081644e-01 9.170289074855464406e-02 9.819449848808173287e-02 7.704751587513283817e-02 1.565689870189207744e-01 2.518226288533449431e-01 6.934658757823680686e-01 1.699744611807834760e+00
3.054928205130471142e+00 3.861396921332271859e+00 4.161591229543916803e+00 5.066789579181246950e+00 7.775498176567571917e+00 7.304311477488449000e+00 6.079697364592138165e+00 6.433698258616209920e+00 6.276054362068638426e+00 6.223473044460885006e+00 9.071509340271221689e+00 1.057357789762708045e+01 8.361012521020130706e+00 1.103323629694918573e+01 8.257891061943379185e+00 1.083776086436287933e+01 1.059732386208334631e+01 1.014384770538956104e+01 8.333033832112505479e+00 8.300353933584274202e+00 9.317807514999119078e+00 7.851881610474696238e+00 1.052279662167294383e+01 8.479545411097738850e+00 1.081146292638732298e+01 1.044425217221380464e+01 9.963349628240898426e+00 9.495530085892543326e+00 1.094143510210819770e+01 1.096187014983425101e+01 9.838170566244665238e+00 8.310227675599582753e+00 1.018664448755014895e+01 8.261000112423294794e+00 9.156823364211017946e+00 1.120066480630757155e+01 7.627916492849394103e+00 1.113215432451081099e+01 1.121804992205313312e+01 8.242923369201562878e+00 7.573838027879421730e+00 1.015702462540464346e+01 8.616039596262639932e+00 6.289237700548016896e+00 8.080340958231030157e+00 9.128807336511144399e+00 6.145844264641054266e+00 5.691365822976563571e+00 7.900064765165909719e+00 8.567019419285372805e+00 8.144401916435798583e+00 5.409504332676323024e+00 7.434754619550923316e+00 5.166285625437480711e+00 5.629822322463819084e+00 5.138203899534731889e+00 4.287026026880025320e+00 4.519757433069282015e+00 4.093670186258736798e+00 3.917878784073982601e+00 4.945379811772222745e+00 3.753941675454902427e+00 4.872896265156074769e+00 5.325910702206779312e+00 3.151694806325244347e+00 3.786846740000143541e+00 4.387866292023951509e+00 3.568756828122022995e+00 2.728855045722819117e+00 3.218656570109165393e+00 3.499762859736259557e+00 2.275660161455443919e+00 2.397069356124806205e+00 2.865625458421317440e+00 1.887641916499263717e+00 1.912088644341578547e+00 1.897071766240773449e+00 2.316229943798985058e+00 2.118862178050674672e+00 1.355012580688050638e+00 1.429300773258270096e+00 1.409117068398916928e+00 1.220402819434609931e+00 1.199848780400190495e+00 1.186044122467644346e+00 1.181169923598510030e+00 8.445685275075405229e-01 8.192131258302851604e-01 1.152257954045423194e+00 8.985226036059644761e-01 7.969732162552980448e-01 6.865080119262423342e-01 5.750284066838686758e-01 6.855697981677152386e-01 5.882673279432315550e-01 4.849802051142794723e-01 4.692141184816286947e-01 5.648699632685563188e-01 4.015759096923259830e-01 3.837023559318792909e-01 3.438058330755487391e-01 3.890624737070632611e-01 3.333022584945931066e-01 2.695756344238084412e-01 2.916424200610694961e-01 1.830948159732864733e-01 2.239931381699286905e-01 1.351936854668248922e-01 1.731466037466581065e-01 1.438759889855536767e-01 1.113287041608594791e-01 1.306950567751772041e-01 1.325032204462882890e-01 1.027115456051435061e-01 1.172732454774287059e-01 1.049880737167937922e-01 1.987378025737237264e-01 3.764432585727504055e-01 7.140204920033080827e-01 1.639731587633744603e+00
2.840619731523613023e+00 3.079023429578831905e+00 5.364240055201925372e+00 4.241153461401786728e+00 5.695330572367604205e+00 5.194254227088704212e+00 6.933456629254056480e+00 8.723372833275831795e+00 7.947744518245176693e+00 6.941786487634090008e+00 9.347437843809878188e+00 8.937549465400522308e+00 8.793176888515340295e+00 9.987395951369350655e+00 6.926668452328947012e+00 1.003925401823302366e+01 1.093068565508161072e+01 9.486095321714502759e+00 1.171344000772568705e+01 8.341560595748541473e+00 9.757619570780240892e+00 1.079328080074749430e+01 1.213205850914104111e+01 8.406686633416896370e+00 9.087155942657856755e+00 1.068512893345093850e+01 1.234355006530336318e+01 8.131318142411743111e+00 7.948471036390447608e+00 9.962642305949023225e+00 7.729541330312677871e+00 8.500254885654893400e+00 8.001758440518091930e+00 9.358769625217304267e+00 8.071088646824522428e+00 9.332691278355177644e+00 1.144674978779455010e+01 9.299506519539246341e+00 8.535306509594464686e+00 7.282074544510937386e+00 6.812256902591697916e+00 9.843363882364849715e+00 1.050341758662130331e+01 8.983002932882101277e+00 7.443650989234942728e+00 8.932878285734833668e+00 5.923658872418337218e+00 6.639042468658945317e+00 7.741585066282735461e+00 6.501218461153014161e+00 6.825525214926065232e+00 7.192756033829723172e+00 6.247260369104822075e+00 7.880240222994400412e+00 6.302162143890442714e+00 6.619195991156129999e+00 6.378004246437530611e+00 4.804929432628025410e+00 6.274047627709448349e+00 5.739475625406663006e+00 5.003081752619000788e+00 5.758235073737145271e+00 5.141014556924253576e+00 4.317052118456730092e+00 4.256871897957283046e+00 3.987799778333797729e+00 3.636926372065421909e+00 4.475172566303429633e+00 4.070818853098674417e+00 2.485292653375952732e+00 3.246421650156268601e+00 2.901829467380675709e+00 2.251071168333327321e+00 2.208075448186536338e+00 2.519662837073149753e+00 2.830252099693496781e+00 2.684730606902771655e+00 1.610973782466643689e+00 1.591981184071215027e+00 2.274400535098296761e+00 1.375038716236195890e+00 1.226528008295504568e+00 1.849113006151174687e+00 1.351525182184287077e+00 1.081852768218159566e+00 1.381246889247988330e+00 1.253896143198983903e+00 1.291394815474700586e+00 7.544939006548622151e-01 8.395675698360923755e-01 1.012931743005192065e+00 8.053802080457153068e-01 6.823199631263703324e-01 5.539884372757917230e-01 5.217904035541230945e-01 4.873635621651012939e-01 6.125198768015239770e-01 5.375740337452948880e-01 4.548108777873532960e-01 4.900727956424587028e-01 3.192760634595522840e-01 3.867496900506454116e-01 2.387765823587237046e-01 2.787489967816599301e-01 2.811783704924966099e-01 2.285283060983820669e-01 2.338990334878689459e-01 1.768633274845445580e-01 1.663974423456205665e-01 1.647237588363589800e-01 1.659007418456273641e-01 1.073141208579593830e-01 1.289350656393735417e-01 1.243962813756284286e-01 9.256592177872775828e-02 1.487442975475316287e-01 1.711316353774604282e-01 2.905456435726875286e-01 5.273694281389437188e-01 1.008762215552745589e+00
1.680077108550357856e+00 3.122156224260830282e+00 3.705779297529576688e+00 4.512658779950382559e+00 6.440616881284213058e+00 4.790950509730752316e+00 6.980170342060289634e+00 6.107972006442411228e+00 5.747098233461990446e+00 7.096769153188852819e+00 6.611767430524314371e+00 6.833858365237160726e+00 7.261010612870816061e+00 8.534738346417309884e+00 9.049065134819796796e+00 1.079486069972905504e+01 8.588365918496135620e+00 8.489681114334301171e+00 1.083159908822520734e+01 7.191866827621292479e+00 1.056768754298297530e+01 8.799358803124194495e+00 1.151751861397543131e+01 1.146566108092602398e+01 1.044481360093946343e+01 1.170991584093904869e+01 1.178510273955104815e+01 1.220660928520812938e+01 1.104588826200202334e+01 1.010627517181947432e+01 1.170816919549503154e+01 1.027973813052148166e+01 1.195619531100198962e+01 1.026399347849634047e+01 1.104249186434251939e+01 1.049869837326616562e+01 8.092470439165904139e+00 8.204528166851847715e+00 7.582148628899199494e+00 7.942522842851950315e+00 7.846095059223223700e+00 1.080399996292788956e+01 9.196491983682248517e+00 1.013182140133261555e+01 7.220252200915632912e+00 1.001326815544573989e+01 8.320582694940265256e+00 6.305999397813443430e+00 8.739774583925584039e+00 8.039395655432151955e+00 5.350677720880415045e+00 6.695410654946137186e+00 7.774691610799791874e+00 7.325368022588732764e+00 7.071697184493259236e+00 6.787699048282514802e+00 6.936478654995247517e+00 5.737803666676726699e+00 5.403756281294648467e+00 5.383148538613902190e+00 4.479742501518725994e+00 4.335826688731057921e+00 4.624426620091488971e+00 3.606230942227644842e+00 4.483861483485345190e+00 4.844469359430659594e+00 4.353010189756858495e+00 3.639534443576790679e+00 3.375604116507216812e+00 3.992704913299231606e+00 2.900228124405729080e+00 3.395777774284982176e+00 3.071469829636672699e+00 2.859213108514901069e+00 2.216803691540871313e+00 2.264079063270175940e+00 2.650564841668986649e+00 1.947183793375229177e+00 2.397647232765449221e+00 1.813586111156607839e+00 1.651358367782601810e+00 1.863291234016161813e+00 1.495084981339762642e+00 1.310105235449991579e+00 1.167487021445711370e+00 1.128719654291566954e+00 9.054444957438224639e-01 1.160163931829242934e+00 1.231684157560926751e+00 7.378010811186912488e-01 1.038137069503478838e+00 7.053792781851004889e-01 7.132762335710519652e-01 6.643595151677864630e-01 7.180573812743930029e-01 7.045155845394466265e-01 6.585655278400260881e-01 5.877388774077180189e-01 4.999477786197047968e-01 3.289363093275510241e-01 3.285224537627782215e-01 2.660779843693329982e-01 2.548027734647889120e-01 2.230822659843413602e-01 2.163658573757465398e-01 1.887361534133118468e-01 1.827943384683413386e-01 2.293244981823651663e-01 1.970817853254533680e-01 1.339461122711774477e-01 1.398815071529834198e-01 1.178215826786078169e-01 1.519798773647712264e-01 1.412831993407485387e-01 1.208669330465844960e-01 1.569796462536080239e-01 1.868392884362958251e-01 4.133205106493135772e-01 5.908016860006479742e-01 1.195372107447623788e+00
2.017343530980792110e+00 2.481361287658801817e+00 3.314541063164560875e+00 3.699316771038349216e+00 6.073635497304971764e+00 6.673529680485095206e+00 7.938290067219178070e+00 7.872042976598726760e+00 7.039058001986210122e+00 6.780709505504407986e+00 9.739255422530824546e+00 6.779808016321542397e+00 1.025115870309269539e+01 7.258320252236062586e+00 6.750858906198534903e+00 7.150068671566876866e+00 1.108336761143536897e+01 8.158615726534394597e+00 8.205404285746574544e+00 8.211316208093208502e+00 1.180824236135206817e+01 1.019083269419062532e+01 8.080462976219438431e+00 1.019835289180851134e+01 1.068106770695486851e+01 8.588194844690146823e+00 9.038811865957280034e+00 1.140340717044742469e+01 8.144165183255900331e+00 1.103672433392348573e+01 9.428031925498716603e+00 1.207465010790540028e+01 8.414634035805692136e+00 7.704694955353357244e+00 8.769571353922824386e+00 7.775161449371188915e+00 8.638923659256454002e+00 8.887910032542777117e+00 8.001376190316809911e+00 1.050286018620762363e+01 9.496602699863778696e+00 1.051326479591102903e+01 8.667762175953415138e+00 6.863779858877006035e+00 8.961129212791872689e+00 9.358004974106973961e+00 8.757853361357391009e+00 9.470396423395596841e+00 8.996444445818555735e+00 5.802740496670211634e+00 8.595099440514776035e+00 5.950238964066596914e+00 6.370402117703353184e+00 7.357261367963206844e+00 6.255616313035408993e+00 5.336789275481244488e+00 5.543960838572904670e+00 4.547722711791966965e+00 5.037804869719587408e+00 5.402597082905210790e+00 4.695098936324536787e+00 5.197511392417863085e+00 4.072650937549665784e+00 4.084078149751865894e+00 5.352092469241573447e+00 4.096187637391765612e+00 3.668876425336228042e+00 4.624802164958945028e+00 4.446034050536042947e+00 4.216596679083322918e+00 3.531837168012796013e+00 3.781312100812155297e+00 3.077348357262658318e+00 2.641128728387931446e+00 3.238785561171620309e+00 2.178275656106524849e+00 2.096970526846616778e+00 2.695090714461285675e+00 2.227411153485847173e+00 1.613250386400045810e+00 1.659481570427548958e+00 1.440601140709365735e+00 1.786802380546357982e+00 1.428068205824127634e+00 1.060492606636318946e+00 9.945402809172306791e-01 1.201160314678930918e+00 1.162863217875212074e+00 9.988544877765968000e-01 9.220858061595883504e-01 7.521036683341778550e-01 9.046471435848699727e-01 5.971205849824789968e-01 6.095695504652559604e-01 6.258549100352290839e-01 5.998315906842971446e-01 4.597839703395280586e-01 5.832791623680878557e-01 4.981201465207552581e-01 4.968091693437678980e-01 4.459804440138188109e-01 3.837385103428553323e-01 3.502755320514197579e-01 2.689573273123165853e-01 2.441952506170445292e-01 2.543650552351493510e-01 2.316771485356889926e-01 2.520885240686984163e-01 2.335694001386190710e-01 1.402813558619945833e-01 1.299084685845194875e-01 1.468029958349276742e-01 1.165101624877687703e-01 1.153244693255732478e-01 1.028793788805920234e-01 1.355585840333731751e-01 2.488663189694167444e-01 2.663106941121105020e-01 7.047494830426296319e-01 1.219997007397716215e+00
2.123325776524203956e+00 2.940535470905901505e+00 3.791047319470302934e+00 3.932273764247215198e+00 5.357138417914795170e+00 4.464167548526049245e+00 6.704898784377375520e+00 6.469350132435102374e+00 7.652376196925890106e+00 5.939741754680966324e+00 8.380088929320596236e+00 6.088549628178093087e+00 9.917814980801619384e+00 7.841960078972289416e+00 6.606440529526746985e+00 8.596804213536685779e+00 7.701746362281338243e+00 1.073426751132311630e+01 1.146531749523158261e+01 1.122455846863504192e+01 1.068731033452830204e+01 1.152672978552990912e+01 1.085684846158990879e+01 1.135953402833800752e+01 7.813097643686952587e+00 8.935240176574382076e+00 8.981020413075231801e+00 9.171944617364816921e+00 1.037645298794038240e+01 9.769968511745910078e+00 9.002192923940505409e+00 8.506032689721987339e+00 1.206667106021743585e+01 1.149289293170322424e+01 1.067819424781221649e+01 9.247181287308865905e+00 1.016222745682375717e+01 9.624584609177572858e+00 1.054635281192910767e+01 1.075184548679454721e+01 8.344710447169136458e+00 9.546125159369680091e+00 7.236160179987395580e+00 7.084960055096259701e+00 9.305310443557322841e+00 6.220791393013328729e+00 6.526865721814409049e+00 9.695467809628320666e+00 6.169425285865163922e+00 8.832857028007737199e+00 7.087509229501662844e+00 8.337317712206022691e+00 5.500910687061435489e+00 6.083733739215052339e+00 6.872165654246434663e+00 4.858880116536162141e+00 7.324261169058204679e+00 5.327677943526544446e+00 6.633858187177835042e+00 5.729325231913020566e+00 5.241674479286715815e+00 5.094220726482646455e+00 3.666984724587298405e+00 4.527978096199336555e+00 3.902823768753257649e+00 5.081235858546202522e+00 4.389023045057305339e+00 3.529778922189941603e+00 4.201092966636471360e+00 3.874751554519607843e+00 3.462798794446512840e+00 2.543996554317558445e+00 2.606230467737182810e+00 3.054513801964364283e+00 2.099586887473757102e+00 2.810460938527466368e+00 2.712240288920208187e+00 2.531149286658853637e+00 2.329666325087375256e+00 2.370835136564675594e+00 1.429629844568491626e+00 1.307589962143461459e+00 1.334090991605986209e+00 1.215522291752517026e+00 1.605504508341429881e+00 1.039683684710461131e+00 1.460082659250874215e+00 1.380900956083084274e+00 9.047992687824778502e-01 9.693003731527225497e-01 9.806979924151598693e-01 9.179230315051423172e-01 6.970092556741708245e-01 7.476593797602719693e-01 7.471300263585751722e-01 6.144606624018732477e-01 5.247031289751648009e-01 4.417502064681018137e-01 4.888569845091492727e-01 4.494613923123803589e-01 4.461175481915393704e-01 3.248872982065895143e-01 2.815624742442051631e-01 3.699243184585350175e-01 3.009820439575541240e-01 2.679526721176201942e-01 2.961498381691357595e-01 1.692309190502392369e-01 2.328220253611011925e-01 1.446050775735482907e-01 1.678162300204631419e-01 1.486085548835560655e-01 1.439947404175127288e-01 1.386501464774831383e-01 1.218015463005764354e-01 1.793998992938942716e-01 1.851717237151663809e-01 4.211293442670038245e-01 7.270246976136789385e-01 1.305469350757337832e+00
1.964204959873666390e+00 2.865904493904596340e+00 3.725824857955913227e+00 4.821631981501922404e+00 4.253817154770231035e+00 4.592430066355567497e+00 7.035305346618618394e+00 5.146987933039624430e+00 6.470611075834441728e+00 6.075063376084519184e+00 6.782586335077954054e+00 8.984175034374329627e+00 9.125814047903649140e+00 9.922267167811677169e+00 9.343703920059857282e+00 1.016051151942546404e+01 1.093767460411524617e+01 9.094097063167088990e+00 8.728155016295982449e+00 1.088706474698850357e+01 9.073027692251640630e+00 1.145706865603790092e+01 9.483278312147673361e+00 8.341259385769285828e+00 8.134502954889061499e+00 8.201157775278227646e+00 9.770758007736516149e+00 7.995790447462103323e+00 1.082629541306320142e+01 1.107368199184739943e+01 9.027466279020995188e+00 1.088941477585205675e+01 1.128613005956019677e+01 1.080592088589194510e+01 1.102118192434697264e+01 7.726327922952809679e+00 7.525545078870802485e+00 1.144581837705840144e+01 9.584603387556757781e+00 1.014939860927437998e+01 1.027688127617420122e+01 7.164224931138577723e+00 6.961040313193680440e+00 9.928456472253353482e+00 7.588777253290873048e+00 8.711299778542983319e+00 6.066603229977777012e+00 6.273615915345826188e+00 6.735044922530455835e+00 6.462510507995098408e+00 8.237215997510457299e+00 5.643472922898085997e+00 7.539541181324601382e+00 7.681428508648281195e+00 6.553757800805788847e+00 6.367736966719943048e+00 6.944238334457359940e+00 5.460742251309882000e+00 4.798851324773727889e+00 4.406541156749641530e+00 5.852586427359735666e+00 5.765614746276205516e+00 3.661939247394584207e+00 4.787029945641430473e+00 5.135966196745895829e+00 4.586553213559864339e+00 3.126484547828674021e+00 3.766193949125613560e+00 4.514806921903371517e+00 2.975495118239599446e+00 3.824606041655453481e+00 3.422858314484007014e+00 2.753788457393402833e+00 3.174817867319929210e+00 3.037455776925515494e+00 2.182660850315042644e+00 2.112784639728144231e+00 2.201287135159545105e+00 2.508776686955472179e+00 2.067831595161562674e+00 1.758214513954072133e+00 1.683190154110350223e+00 1.619371001649425601e+00 1.385403841566080763e+00 1.367395416741383096e+00 1.650266510080472981e+00 1.111338294496021950e+00 9.875719490509772269e-01 1.071479971619787586e+00 1.129431550453581901e+00 7.559172315365619843e-01 7.106017956101995381e-01 6.880157163067014414e-01 7.717588242583354186e-01 8.415757956360436776e-01 4.918168769237476479e-01 6.304439381033822842e-01 4.289951532850153071e-01 3.838428898430803482e-01 3.810923653776597253e-01 4.935331484437329719e-01 3.522663150922705211e-01 3.179042854361694981e-01 3.403210818092682888e-01 2.857977938034668153e-01 2.964717252600981290e-01 2.543702913180470593e-01 2.328911392915400946e-01 1.952820554330747527e-01 2.022774871389732554e-01 1.358731543666112651e-01 1.570233645308603820e-01 1.503804198090961941e-01 1.285185562137491633e-01 1.648664393657835459e-01 1.430910667518525414e-01 2.518235634929473776e-01 2.884379887384514451e-01 7.298526905025596312e-01 1.280325439490379358e+00
1.348331464768748100e+00 2.284760018065318476e+00 3.822211913851253584e+00 4.647814356901280419e+00 4.583016288808567928e+00 5.499972527327711802e+00 6.379080934807648262e+00 6.478504106175089206e+00 6.963805244396790606e+00 8.076675402365809830e+00 7.072302463430225394e+00 7.720330735243565279e+00 6.234254831155376486e+00 8.432472336409531977e+00 8.690405487290401965e+00 8.848190812822384288e+00 8.252018052380440949e+00 7.407568647811542561e+00 8.981156587292833393e+00 1.044652110834456415e+01 7.848399991221636007e+00 7.369106762191358406e+00 1.024810154088972247e+01 1.145508702077922436e+01 8.931007087377299314e+00 1.143130100506438929e+01 1.104238355439024843e+01 9.545339614355256685e+00 8.736381438791473997e+00 1.134610026335496613e+01 9.068007434881574014e+00 8.991194959113116170e+00 1.052182979102376592e+01 1.119978292461100722e+01 9.815818150381989682e+00 9.895313983130391122e+00 8.057851201292136167e+00 7.968018677371322411e+00 7.793041831743979131e+00 7.363497560690999144e+00 1.126705827667750270e+01 1.081542839906151166e+01 7.688846800121727831e+00 6.819483022600087097e+00 8.760181844964801456e+00 9.415591733588751566e+00 8.179111069948092450e+00 6.823037431350919668e+00 6.412867739635624176e+00 8.296184691300700464e+00 6.337181062448783209e+00 7.736607622669089857e+00 8.201347882977051640e+00 7.659383594537249706e+00 7.355805169401223864e+00 7.776935484310494751e+00 5.604262784403534425e+00 5.457032166245050497e+00 4.895055583482185391e+00 5.104529932755181854e+00 5.238179386008907201e+00 4.595552152010572655e+00 5.431993779419591384e+00 3.843444852220099683e+00 5.278279872816331597e+00 3.274926869734892332e+00 4.479933928291949918e+00 3.861022555533690781e+00 4.299656873369733567e+00 2.848406491751747538e+00 4.100031119340526331e+00 3.539547320240969075e+00 3.603943443782985590e+00 2.775233510334083054e+00 2.392422472520135734e+00 3.085936061610158543e+00 2.155925619936220894e+00 2.209318424314461460e+00 1.908155598673373365e+00 1.563563482769931623e+00 1.752256395545529921e+00 2.089170128390625880e+00 2.087545348998409267e+00 1.380865085942971415e+00 1.654580781210834184e+00 1.370681133515105010e+00 1.343790292952783627e+00 1.369919195170403503e+00 9.738039054775821102e-01 1.025816070039180516e+00 1.223446539337413652e+00 1.112567634114174808e+00 1.056598838413009833e+00 8.422529170704141643e-01 7.369784799774550255e-01 6.078479664206648536e-01 7.437318818091617212e-01 5.969324236482703716e-01 5.440678350369921867e-01 5.368810172119932167e-01 4.821492805592548780e-01 3.086275411249869705e-01 3.713581660130326201e-01 4.251141108881936193e-01 3.716996513282885828e-01 2.340517241181928332e-01 3.245766123780368106e-01 2.113557226027409364e-01 2.414423854686286730e-01 1.847854957257817898e-01 1.639700181577806171e-01 1.333040264614273052e-01 1.255324252206471980e-01 1.760805311115143934e-01 1.289025671589555389e-01 1.450952380689105314e-01 2.312754948536912547e-01 3.100304678015095572e-01 4.539444869617522693e-01 1.129848355353983091e+00
2.009023041075891136e+00 1.986321905170561175e+00 2.389346553663904249e+00 3.889610119612116002e+00 4.055298246206315405e+00 4.335090983818619570e+00 5.216053043831450076e+00 5.579420319245369519e+00 5.175137575090068331e+00 6.881989989653761519e+00 7.825974574011868690e+00 7.249385053702992465e+00 9.008622686273760394e+00 7.198675613945058949e+00 6.427692251538992707e+00 7.295018051585476115e+00 9.327795057966731918e+00 8.617871865524170616e+00 8.000042476523985258e+00 8.984205677954037128e+00 9.440601577794396349e+00 1.057690097485063063e+01 8.486596785905097917e+00 8.309014713384982542e+00 1.107313904438918328e+01 1.148580316335296025e+01 1.148482429642302982e+01 1.220101868068981510e+01 1.071995411390878417e+01 9.289774895355048301e+00 1.005457018470445263e+01 8.962285764156792567e+00 8.382452361164650867e+00 7.812313820620180316e+00 7.652271612064241779e+00 9.830759342547496615e+00 9.925799671087963461e+00 1.127775434653815090e+01 8.130921656542943410e+00 1.134646499781465678e+01 8.560681856768026066e+00 1.072857240694336944e+01 9.452640902072518614e+00 7.370584666539746976e+00 6.459548025173153185e+00 1.001375488646133505e+01 9.889264904146862989e+00 7.760346235353615896e+00 7.414706554563080587e+00 5.857513628913089576e+00 8.052903802911025366e+00 7.991974685869619677e+00 8.291593892831498280e+00 8.074724499909311959e+00 8.230964195363105418e+00 5.672372929411737985e+00 7.345043947269130236e+00 6.691417424839998240e+00 6.164185814818433862e+00 6.917979712465355924e+00 4.289811557932642572e+00 5.297121077479451046e+00 4.813481361355806953e+00 3.937166128651703456e+00 5.338529693629738837e+00 4.881009296386035423e+00 5.125295820419334625e+00 3.636991541749929002e+00 4.740584172451770328e+00 2.814045841563687311e+00 4.212857046499776104e+00 3.875341646787279881e+00 3.482224712468493966e+00 3.110687321951178141e+00 2.360910975450768223e+00 2.958673194939677842e+00 2.741526491006920807e+00 2.893764510376132471e+00 2.582897116893300815e+00 2.222376581301470644e+00 1.534730548053045762e+00 1.908238202408217177e+00 1.610434314364692421e+00 1.247688569599501474e+00 1.875152168485290538e+00 1.547888348718929663e+00 1.548686557883452775e+00 1.281580238118052550e+00 1.316643269197971700e+00 8.699770902299107656e-01 8.665198256079770234e-01 8.082364831969328645e-01 9.067311996266830265e-01 9.047456951084591470e-01 7.767249204947251906e-01 5.226150316196874757e-01 4.819365773552786170e-01 7.189612323765532942e-01 5.807537298871979781e-01 5.510263850552437059e-01 3.697745015190597728e-01 3.792311557640360986e-01 4.606823113673362835e-01 3.762747357805788506e-01 2.482009840020596436e-01 2.736865740689151671e-01 2.588180892381228282e-01 2.580658067494595587e-01 2.655219983367783643e-01 1.651717307656306866e-01 1.745794148734686468e-01 2.193054128788253787e-01 1.250688438490885623e-01 1.457948329861260828e-01 1.309035454252289454e-01 1.666823864913351549e-01 2.377038291862703934e-01 3.872125345895807702e-01 5.018414903201617872e-01 1.212239017481268721e+00
1.766147453127681288e+00 1.797624353288305166e+00 2.928871838448191767e+00 3.697418491872734414e+00 3.202477423331730577e+00 5.341988286002472996e+00 6.548139932343070235e+00 4.518071319249453488e+00 7.568748915176801262e+00 8.243116378294379487e+00 8.496866634576864641e+00 8.961450625509025159e+00 9.284840605050163731e+00 6.985298959675286135e+00 6.289052844460976566e+00 6.740599043474242436e+00 1.014895886554558579e+01 8.675487635815395393e+00 8.498277473881993060e+00 8.211691269747930733e+00 9.877190179858727603e+00 1.011186782446563726e+01 1.058197142075585973e+01 9.218770597754636142e+00 1.055236914994907060e+01 7.479095101362598363e+00 9.946600321685654222e+00 9.673135557351065117e+00 1.085388204314221383e+01 8.708660859688368561e+00 9.902112515225178768e+00 8.781058879327270361e+00 1.132713826996512552e+01 1.105322524584120458e+01 7.547222046895543102e+00 1.021105225674449102e+01 7.571140408505503849e+00 1.043606298047529002e+01 8.808516879648882636e+00 1.000097427627938451e+01 7.707399056292733697e+00 8.558496167279283640e+00 8.276917871549388295e+00 7.521159315611201990e+00 9.522311203604619578e+00 6.344489537914865807e+00 8.445423668318095878e+00 9.654036478478591476e+00 6.086488442405495469e+00 7.366024020509817305e+00 6.697918778398285866e+00 6.267661181347657262e+00 8.178741317305700420e+00 7.982865325332500817e+00 5.226826157079131008e+00 5.697523697303867429e+00 5.515176351703963142e+00 5.806863279069261807e+00 5.307557934907785935e+00 5.581402098366786468e+00 5.560812287586490932e+00 5.900609732353736980e+00 4.092561913938187246e+00 3.738686600814395522e+00 5.007429800122149999e+00 5.552441985390454526e+00 3.815348642325134598e+00 3.659705485917788881e+00 3.757801873413050497e+00 3.500118537328330781e+00 3.117544382810133463e+00 3.700271677679714433e+00 2.981363094685021586e+00 3.435982609052935288e+00 2.654955163136889507e+00 2.942187893367957496e+00 2.400594521288735628e+00 2.794869296811630655e+00 2.809182142793575920e+00 2.263842118136139447e+00 1.853834999561750019e+00 2.068503101385253728e+00 1.593145000789712551e+00 1.563117642024688170e+00 1.199983770330355082e+00 1.284598613592753846e+00 1.400450281881543635e+00 1.514471024644253205e+00 1.465619534593695761e+00 1.072475157582964300e+00 8.165781805464347176e-01 1.087618584274875566e+00 9.942053587472589049e-01 7.565037488970988155e-01 6.033479658862428430e-01 6.883748621270482371e-01 7.549912445859998655e-01 6.272347826552641115e-01 5.854596071961906123e-01 6.173593392585569051e-01 4.056457304860356383e-01 4.552739773179639848e-01 4.799209852252199204e-01 3.582208026520857791e-01 3.041327379625633487e-01 2.408064684072737383e-01 3.065225004873231018e-01 2.011795674162931147e-01 1.802919745712214250e-01 2.373985707926619670e-01 1.919046997266890819e-01 1.610243518153443021e-01 1.947543416872883071e-01 1.366454114991272617e-01 1.324374026836917240e-01 1.891845902279118141e-01 2.794496878023124964e-01 4.199100991690973839e-01 4.418412587395091351e-01 1.104992781404681379e+00
1.611700904678878832e+00 2.280999665861766168e+00 2.659638777500999751e+00 3.130302784088618839e+00 4.661032416976663484e+00 4.502617266585953182e+00 5.994623952470306882e+00 4.715772098673903123e+00 5.984218351789618140e+00 8.053867470199611134e+00 8.663765232723955378e+00 8.488886517502143292e+00 6.540509613575002490e+00 6.629769462851264450e+00 9.844438402518981945e+00 1.022608662369919408e+01 6.766919432447788374e+00 1.068909535789729937e+01 8.699550515602000544e+00 8.936255012616040716e+00 8.264014186253096028e+00 1.017044089628221748e+01 9.467590282998504136e+00 8.584797349068111316e+00 1.010022019346619082e+01 1.176384572535038409e+01 1.091526072382150758e+01 8.182129143192989673e+00 8.522129095930820242e+00 7.498795676242695052e+00 9.199823887436368253e+00 9.473410705015629318e+00 8.034381997695763999e+00 9.326720558253382976e+00 8.741554622677510267e+00 1.116705410237685570e+01 9.191928517096609852e+00 1.091552457224620198e+01 7.388083016683859583e+00 8.009780254899645513e+00 8.364218217757143137e+00 8.315188569341250613e+00 6.927882092413345738e+00 7.351691956540107320e+00 7.403338515095007288e+00 1.020688431265191731e+01 7.811319490926554643e+00 7.387987948524322057e+00 7.112526746449778337e+00 9.424165139648478018e+00 7.900773552668003852e+00 6.918112493375652150e+00 8.873762374789883722e+00 8.400114241274058813e+00 5.439856668578556764e+00 5.621135534583990179e+00 7.583137251838412141e+00 7.612123448158047978e+00 4.537663479824479928e+00 6.392854331865137851e+00 6.399823988068364500e+00 6.028288788042656776e+00 5.685800984821483439e+00 5.329324112568068372e+00 5.721248530900721718e+00 4.522308726465397832e+00 3.570993299171882907e+00 4.414901625762392534e+00 3.840581630022765314e+00 3.017768405744107429e+00 3.227807208879116541e+00 3.142849325468863420e+00 3.493208997297210683e+00 2.530933109839496264e+00 2.262853288338130042e+00 2.920847205975128702e+00 2.483174752756999837e+00 2.461802410892556914e+00 1.919123540132549044e+00 2.581766083932052425e+00 1.738313757369382762e+00 2.142570871723945114e+00 2.167750389321490889e+00 1.931479863988297518e+00 1.638959724443456611e+00 1.812521282917610055e+00 1.743491465358463888e+00 1.649436057771291431e+00 1.016317204555660103e+00 1.099548520459650236e+00 1.231993146274032780e+00 7.614609498023245937e-01 7.352777541115608217e-01 9.292413503210940062e-01 7.472070224062051791e-01 7.207312250197855930e-01 5.556111536533860917e-01 5.842026428236726243e-01 6.495213947585136705e-01 6.371481288954540245e-01 5.558798521695930139e-01 4.267105520600024682e-01 3.769859983482138355e-01 3.604031668997986215e-01 3.050523286391597089e-01 2.994638762016859079e-01 2.422149280237831659e-01 2.674709996569107906e-01 3.053621527419322912e-01 2.019959008468009132e-01 2.302527682180589008e-01 1.827047362106091200e-01 1.823112568209304951e-01 2.063532790385603499e-01 1.858084131276242501e-01 1.970329202945816371e-01 2.988377230015023533e-01 3.206886596181021676e-01 4.245010453242115678e-01 7.154390477380864199e-01
1.140497291382875478e+00 1.762415045753260134e+00 2.482215889538029963e+00 3.136124269629368300e+00 3.630313362116307729e+00 5.132558292631479446e+00 3.836499265213855647e+00 4.767846462965741772e+00 6.979227710182484223e+00 7.908502323762139241e+00 5.244764318929283853e+00 6.388921712827068333e+00 6.966102137232584646e+00 8.311899477876227849e+00 6.110678289516051187e+00 9.636641819039653001e+00 7.952515410898688408e+00 9.398808278727484478e+00 9.165906292740112704e+00 8.377527965286613920e+00 7.362691175063877047e+00 1.078310073791240065e+01 9.754801134380027605e+00 1.162360075524425440e+01 7.243616828399045637e+00 9.735664856938957001e+00 7.607267308180423626e+00 7.597735070654705325e+00 9.154951714983832645e+00 1.168567588568899573e+01 7.990008847783355073e+00 7.974494611058609017e+00 8.234064106623812052e+00 1.205723757746672398e+01 1.088215210879378780e+01 9.266925630396011471e+00 1.128161495931667879e+01 1.102311477659552530e+01 1.111090937178769344e+01 9.695538592410260392e+00 7.015811236369795978e+00 8.914359354530738244e+00 9.955352470578930024e+00 8.103329279564167820e+00 9.676368992224777088e+00 9.217017148348800148e+00 7.540206601574881873e+00 7.172200054748167020e+00 6.033931556612158076e+00 8.724122528288758005e+00 7.789520738872647065e+00 7.552046296324820496e+00 6.132516780349269503e+00 5.439407204166718302e+00 7.773649651429876073e+00 6.608611540234860193e+00 5.225746937861584840e+00 5.500733563497705703e+00 4.491132246906513359e+00 4.358206120363186109e+00 6.823820105601388519e+00 6.106533997845964734e+00 5.891767817274655705e+00 3.926100302442653955e+00 4.760007060954586144e+00 4.728995501420115488e+00 5.151183194678597310e+00 3.362050331794744107e+00 4.411176932106586790e+00 3.018810252105776470e+00 3.323115027355231010e+00 3.167156389871536692e+00 2.961064359210731745e+00 2.750203312346985562e+00 2.584955758463527431e+00 2.163630823296212036e+00 3.339385773408244606e+00 2.107212007370315998e+00 2.538091940763139931e+00 1.867788762444700046e+00 1.905361982327219206e+00 2.400652667027309839e+00 1.533230116571044910e+00 1.693381320664834710e+00 1.773052983730439625e+00 1.916926853504690609e+00 1.742714311717248110e+00 1.540014871006525565e+00 1.445104487080192790e+00 9.850478273150177211e-01 9.354362555072207597e-01 8.450021698985431540e-01 7.889670237027819333e-01 1.052329333048543702e+00 7.970507945780359593e-01 6.106829369880868441e-01 8.684947012707777692e-01 5.141740443465214749e-01 5.120161213789912180e-01 4.817007592294414442e-01 3.940507803402649167e-01 4.197253008408128871e-01 4.146217003383785293e-01 3.767781695154486243e-01 2.811356013983487001e-01 3.068765962542818748e-01 2.930889231389815497e-01 3.227384589283669447e-01 2.275456617366888035e-01 2.028030355022182041e-01 2.308137590255955329e-01 1.661242392320371741e-01 2.062188143576182964e-01 1.846580601902069185e-01 1.936101436962167077e-01 1.576546403580139366e-01 2.527099065537400380e-01 3.849712876040201071e-01 5.475869447929463396e-01 8.387131892546073608e-01
1.103128100042818138e+00 1.704853435859246868e+00 1.961028977653846539e+00 3.670807428951417872e+00 4.536260041093354900e+00 3.491700029296490371e+00 4.510749491799519006e+00 4.419454764957055026e+00 4.973507408909211946e+00 7.180849846437338257e+00 8.215796148062613824e+00 8.384385984488719856e+00 8.719891010781136487e+00 9.246520839852863105e+00 7.085262483148972557e+00 9.826441798621637247e+00 9.994406712606435761e+00 8.368101390988336163e+00 8.402594626586783022e+00 7.291511801294305428e+00 8.836547887648569244e+00 8.655615716245385727e+00 1.035745300160202653e+01 9.251416955377848694e+00 1.141495931836095146e+01 7.710998039517019897e+00 9.224789438844833711e+00 9.217985206844344859e+00 7.968305540181754409e+00 1.094348119450959622e+01 9.568082712470872053e+00 1.089394959495192516e+01 1.162816784784492619e+01 7.485442274886326075e+00 1.146092179088468299e+01 9.334877630284037053e+00 1.172364355254996049e+01 8.239223339288191283e+00 9.550145066251731762e+00 8.694094072956472630e+00 1.041794549379993029e+01 1.027457472784478654e+01 7.731691755210656325e+00 7.112058398740964016e+00 8.455168839288301541e+00 9.052282012019897905e+00 7.317223786897338655e+00 8.666963031714157495e+00 7.912360135053918775e+00 7.041509893771332074e+00 9.276369321977101734e+00 5.965730177276336477e+00 7.856182821059555010e+00 7.725883775845265866e+00 6.665148920857122405e+00 7.670676972457651566e+00 6.622593020304906375e+00 6.379098971866889123e+00 5.754671214596744022e+00 4.593791669557010238e+00 5.399568615945854688e+00 4.352266289674002309e+00 6.214981382667180476e+00 4.618647534035327240e+00 5.569620673016115298e+00 5.073179844783098247e+00 3.962147068961171748e+00 4.904865419846874630e+00 4.096253072750017488e+00 2.938418390450278750e+00 4.347620155363304484e+00 3.944060858590964891e+00 2.657247596676856727e+00 3.411968439180282697e+00 3.563976109457216435e+00 3.309239855910379280e+00 2.237134393914738340e+00 2.265114391221802137e+00 2.437687361737930658e+00 2.208269494547745015e+00 2.449072824592425146e+00 1.921080054531465686e+00 1.604380614916054659e+00 1.942266602708556889e+00 2.005072099385896145e+00 1.594366701225895078e+00 1.304554881233967567e+00 1.240529329699418204e+00 1.023528664062681282e+00 1.306375417285158713e+00 1.013752880388903987e+00 1.204893763997799683e+00 9.253823927991632337e-01 9.655880570075949798e-01 9.600701257920695175e-01 5.920115323003711794e-01 7.569995417182072694e-01 7.144492667708649547e-01 6.888085184657929405e-01 4.902834703159888452e-01 5.121877338471608754e-01 5.195039418658925490e-01 3.708217717425429938e-01 4.125461054467960964e-01 3.396205153156978129e-01 3.786957467071680461e-01 3.854967439403436669e-01 3.013981759717015430e-01 2.976789435987057253e-01 2.212508283705310885e-01 1.987880905542308563e-01 2.227314324274048130e-01 1.820958328750120481e-01 1.447812360372396356e-01 1.923631314734663700e-01 2.074433564699740828e-01 2.881025902634013480e-01 3.308418246858439438e-01 5.536465306815961940e-01 9.550376627430938736e-01
1.512044388510309645e+00 1.593682366007783013e+00 2.501792195739390490e+00 2.733020377021109226e+00 3.907632201721949361e+00 4.501555564136879184e+00 4.265743356055346602e+00 6.127049124751958509e+00 6.912085443404500928e+00 7.119184225013868605e+00 7.307098187712268711e+00 6.532223134782519480e+00 6.520625603470707077e+00 8.994303937680763639e+00 7.925218275333880236e+00 8.001615296248978382e+00 9.256162560051119925e+00 1.043354722493152842e+01 8.862184089652153318e+00 7.347322229672685445e+00 1.102693697669190520e+01 1.080561759352279338e+01 8.643846916272915237e+00 1.061674942033357461e+01 8.502476984877983313e+00 9.803375402220092738e+00 1.123733513021875652e+01 7.548607718420711876e+00 1.138559087256939151e+01 1.036136506400093182e+01 8.128379443343629163e+00 7.806300557959626296e+00 1.113920303892241748e+01 7.497143130850849602e+00 9.937923928961483355e+00 7.487420952107499694e+00 1.060977492812104117e+01 8.927736067027801425e+00 9.667581285810994629e+00 9.071367675346438730e+00 9.537038541736052366e+00 8.175617977757397625e+00 9.406984731781056652e+00 9.403747731135389643e+00 7.877467803837183702e+00 7.671746581854648639e+00 7.615569247095127281e+00 6.998909369755960341e+00 7.289051185998441262e+00 7.618816358141671685e+00 7.313156536229366012e+00 5.947906771409310345e+00 5.840647457654653429e+00 6.131783841299229820e+00 6.855895566512134387e+00 5.218847456586375166e+00 6.139697962790790164e+00 4.963245865983354932e+00 6.569855436130011661e+00 4.660539568598429661e+00 4.934453573553326144e+00 4.861191676872574696e+00 6.542830976348681382e+00 5.839148278348005761e+00 4.868957331252964593e+00 3.560745513159235820e+00 3.519034134902957245e+00 4.919517080853802682e+00 3.446850011494149157e+00 4.518124351115581305e+00 4.566642451986450801e+00 3.925438853615723644e+00 2.645762392939493779e+00 3.842234116725069981e+00 3.791256676551232552e+00 2.777639449180079989e+00 3.291894894460908549e+00 2.077462692320348303e+00 1.941290801536682098e+00 1.896388469547339861e+00 1.735374306414723344e+00 1.895716645344743823e+00 1.875453386523010524e+00 2.077395680937730749e+00 1.574503709502590443e+00 1.900801112018800643e+00 1.281951707124500128e+00 1.229368408671060786e+00 1.370946661963175384e+00 1.161088504522847176e+00 9.969897046748678049e-01 9.405155046263209417e-01 1.182040818633343093e+00 9.098069324671804736e-01 6.646076623218455381e-01 7.949179537673074503e-01 6.136392186831373108e-01 7.732853991185648646e-01 6.132353614530821062e-01 6.183226826423955380e-01 5.887316267896380850e-01 4.695682944469733444e-01 5.629008580610198598e-01 4.336929762982965619e-01 3.857512773994669075e-01 3.513462073984471301e-01 2.530688920808694120e-01 3.798988181431923739e-01 2.258332519180382691e-01 2.914651149577718869e-01 2.664993945162661415e-01 1.709820209404564750e-01 1.622789678782783074e-01 1.622997512516202168e-01 1.993697005821463974e-01 1.682808067488476833e-01 3.051722146080653175e-01 3.503952003397894921e-01 6.236136192033564507e-01 8.691817993484695082e-01
1.498030985383387748e+00 1.705973759196996342e+00 1.763405193666913284e+00 3.393500327888244961e+00 3.701944720954006840e+00 4.063242541629254134e+00 4.172641848782394192e+00 5.263093235997048147e+00 4.755821542980448235e+00 5.738613172187462474e+00 7.249692363784229876e+00 7.910827247253940264e+00 5.773597029497387290e+00 7.533776722117207392e+00 6.951312794415203555e+00 6.689280815029839289e+00 6.435072486385078783e+00 6.396966726003525672e+00 7.847003552983304431e+00 1.046902667165495338e+01 9.499215834345353215e+00 7.820887376648463452e+00 9.457465294044588688e+00 1.163030141147630481e+01 7.805527286175654389e+00 8.074367032836811120e+00 1.154379738371445541e+01 1.072040785287074094e+01 8.789733553566440705e+00 9.815241498667253595e+00 8.033170735227486148e+00 1.208179508418321824e+01 1.161579414176592984e+01 1.193505233475456251e+01 1.028141445873838933e+01 1.003659293877672276e+01 1.003585287799406522e+01 1.021692202173568376e+01 7.163243499849697216e+00 1.119585226482399420e+01 1.148329753218694727e+01 8.710513851698733490e+00 7.642695309830099148e+00 1.049852193897624630e+01 9.396328812526974161e+00 9.896799655802114515e+00 8.611775242602851321e+00 1.026064502479901464e+01 9.109305097173786336e+00 7.871207423921028123e+00 8.343059943619834939e+00 8.512059752343379415e+00 7.503230430580301480e+00 6.433062927911588069e+00 7.574585115451725414e+00 6.749211586347354519e+00 8.205142404215495233e+00 6.960066344275646522e+00 5.906680365826391998e+00 5.879038036624981700e+00 6.920494345408975789e+00 6.066736762107017178e+00 6.065996137200350802e+00 4.113619338721290042e+00 5.296445490461170635e+00 5.317904564264733125e+00 4.096202002377825835e+00 4.165504207969950912e+00 4.457554459716654094e+00 3.395976515072086421e+00 4.453706381587474006e+00 3.193458757768389056e+00 3.810311428791936628e+00 3.515218750908849721e+00 3.429909405595646721e+00 2.708177342998224102e+00 3.083271609727633145e+00 3.119647335279380318e+00 2.619484774260494753e+00 2.591317740369212252e+00 2.621997716270854095e+00 2.069345210959855574e+00 1.547787218310774371e+00 1.866158002380233771e+00 2.163364404913127537e+00 1.716146733508907563e+00 1.226131552232428756e+00 1.354511842476750605e+00 1.550583665806062994e+00 1.181223747437962102e+00 1.184992527669949336e+00 8.850896545662904069e-01 1.063360728947357003e+00 8.200056420036399008e-01 9.344694207787913598e-01 9.175442521990991862e-01 5.820831815635942874e-01 5.588731606308996458e-01 5.117562301558189475e-01 5.402002177281853834e-01 5.637248737645907948e-01 4.633232575802462838e-01 4.569652781832121979e-01 4.655128654889729711e-01 4.736527008628701463e-01 3.485279705669706019e-01 3.386432341473913366e-01 2.456137793823916227e-01 2.534168176230173763e-01 2.818792544128194133e-01 2.771483088539930528e-01 2.743487313604759947e-01 1.732521560772191382e-01 2.324057557567568433e-01 1.724927743358248833e-01 1.743645636510689489e-01 2.293831124544669087e-01 4.251148858496762162e-01 4.946825594971518969e-01 9.955483491639559590e-01
1.496836217940317182e+00 2.079638392247011414e+00 1.945745239312466790e+00 2.740855048564364793e+00 3.418058198812128801e+00 4.521584902274226714e+00 4.696210554020562533e+00 4.153874397022073950e+00 5.121827867170562598e+00 7.030043367337372118e+00 5.879053797777968882e+00 8.049738962149413979e+00 6.259454836822024859e+00 7.990624816627013516e+00 8.870598589554505864e+00 7.725120305320723801e+00 6.676455610042347111e+00 6.879052383729296949e+00 9.574088190918836005e+00 8.676272079312200347e+00 7.838978535733178710e+00 8.703983033207684628e+00 9.284617494675433846e+00 6.995041768883689670e+00 7.614861670139652539e+00 9.040606829831126845e+00 9.757856155710131318e+00 8.445574668017940212e+00 1.030797571330583118e+01 9.336579019795896883e+00 1.099667206379280948e+01 9.207798891696828747e+00 8.807919605554985765e+00 8.419435982627037518e+00 1.176780763249267281e+01 1.043659372213673642e+01 1.037105872482712599e+01 9.728866230299693996e+00 1.160645520496846750e+01 7.379195885572090496e+00 1.006974095856414664e+01 7.023713805047714587e+00 1.108294938949575048e+01 1.082751869536358669e+01 9.024422072576454568e+00 1.048149690280988544e+01 1.035205409704280655e+01 9.963685459749891393e+00 7.270405902970336065e+00 9.351244544266144487e+00 7.679522284620358796e+00 8.274543033369768708e+00 5.578092407197474678e+00 7.051538220585092276e+00 5.377306488243232430e+00 8.301521937535115470e+00 6.321840879784605072e+00 6.672956755472774226e+00 6.036241559035745219e+00 7.363504725601687007e+00 5.250597710987305433e+00 6.495583980524401113e+00 5.820280647064636881e+00 5.550686881760799274e+00 5.267046483716989691e+00 4.885080445058904708e+00 4.626663965621521157e+00 5.508510842738961522e+00 3.286893825287126258e+00 3.610303750031418790e+00 3.903681861669591413e+00 3.955485241814407082e+00 4.132747003427056143e+00 3.209353594076173266e+00 3.901124284393055142e+00 3.741151567606340933e+00 2.923500246711250750e+00 2.137048702842006431e+00 2.290229001788156804e+00 2.870282984510160507e+00 1.939266857597230054e+00 2.371526324486994852e+00 1.799701873315793454e+00 1.897123161866522301e+00 2.264480283337969357e+00 1.722216293947007593e+00 1.296733710111339866e+00 1.476416682009620507e+00 1.068356275318408377e+00 1.451899544099036987e+00 1.307574439143608602e+00 9.967650340824012467e-01 1.298063227339456560e+00 1.163057146295943811e+00 8.047167654584275187e-01 9.447042592594325772e-01 7.752269231366268887e-01 7.716947129888713786e-01 7.891595245261392444e-01 6.703079492548495999e-01 6.102616540416087032e-01 4.930242174221239893e-01 5.557801015328918126e-01 4.620892640488706293e-01 3.348556539348015448e-01 4.446790486614258797e-01 4.018564414632931348e-01 3.238474824869571056e-01 2.316699945800397842e-01 2.213378721222122036e-01 2.260019861444743372e-01 2.481918876012991770e-01 2.387293512651377236e-01 1.820439157763785176e-01 2.375685295036862044e-01 1.786052808674251646e-01 2.536567866634055757e-01 2.680246437934468151e-01 5.461802735001052289e-01 9.650935564652575183e-01
1.283808011017299355e+00 1.626147336080976835e+00 2.518422209923459221e+00 2.733565618453988488e+00 3.404091707258543487e+00 3.635009145968881139e+00 4.104142577089790578e+00 5.330298504215475575e+00 4.517193367743572274e+00 4.616210660695573509e+00 4.833399803652530302e+00 5.271359823359961005e+00 7.001545654498979587e+00 6.627749239823045535e+00 7.464694762929469540e+00 9.109645340778257605e+00 7.415570203522841020e+00 9.594189786397826936e+00 1.015964382546231448e+01 8.518118633272521834e+00 1.034686837574731300e+01 1.012122722951495035e+01 1.123354186583233627e+01 7.858783360736946833e+00 9.412372644368371510e+00 7.527905754815893857e+00 8.757733171102737302e+00 1.125666605625869110e+01 1.161683815045357449e+01 8.015214784590448005e+00 1.071970961192704230e+01 1.202769894003167472e+01 9.753399844386104078e+00 1.042684993373918623e+01 7.604448610378088169e+00 1.090492810090160347e+01 9.259484258993586181e+00 8.678752919811167033e+00 7.434586502785907491e+00 7.523235123033410687e+00 1.084571257573601955e+01 7.157057859167668568e+00 9.975072236271270043e+00 7.118508085345578884e+00 1.036372104808507189e+01 6.533993387468409075e+00 8.145316782913415210e+00 6.384523579018655859e+00 6.628759264287550579e+00 7.769396142577113196e+00 8.627286507500901536e+00 8.042081357168651579e+00 7.152702347234796143e+00 5.632066571905412822e+00 8.271487973586122422e+00 6.768851553046996372e+00 7.950195537583043759e+00 5.963040667653260130e+00 5.190525659595825125e+00 5.870017696659066253e+00 7.332716661648891687e+00 6.401718243446133272e+00 4.533961517908156047e+00 5.314292992266553384e+00 4.483450500118798310e+00 4.599272980521040388e+00 3.936778748247578452e+00 3.593238312823447966e+00 3.626901997445485470e+00 3.627929138807754583e+00 4.451454706840625164e+00 3.375781272561160229e+00 3.553593598554273481e+00 3.915164749880418515e+00 3.652843755147031857e+00 3.041287435989859400e+00 2.288715762106738882e+00 2.202641337676656708e+00 2.262785230954667881e+00 2.095496508852150441e+00 2.061109394063827427e+00 2.231050077847501534e+00 2.252608880125257063e+00 2.311725535312247004e+00 2.087068247638514062e+00 1.877394921603844802e+00 1.310453470662670705e+00 1.326112350817926888e+00 1.750899055973504481e+00 1.256937949801920418e+00 1.132773049552082689e+00 9.360334475709696234e-01 1.117577565546977514e+00 8.721811039917383157e-01 7.831125497752819964e-01 9.222411359305849876e-01 6.329822239601233802e-01 5.814613135280856104e-01 5.856095216424126448e-01 5.437760546105276926e-01 4.851578234554254632e-01 6.479399381978362404e-01 4.697711404860220874e-01 3.550294980949960100e-01 3.755227900415016862e-01 3.353491175247363398e-01 3.176904522118826346e-01 2.563083376740542541e-01 3.617905187921355292e-01 3.393069879452784154e-01 3.244225742187000772e-01 2.054631771563195930e-01 2.124894988514620664e-01 2.657596588646071178e-01 2.408729220817128203e-01 2.777427143669572995e-01 3.205306455205216287e-01 4.289328430797436642e-01 5.182727435796935511e-01 9.640375516284004354e-01
1.326683876907248205e+00 1.293066322384682332e+00 1.605346298750206291e+00 2.237848451254278004e+00 3.457849392459203752e+00 3.486687842341364529e+00 4.784076320058550102e+00 4.912081622956876004e+00 4.270205313973008288e+00 6.680676537320128894e+00 4.543025406975946368e+00 6.368709179000717313e+00 7.772382591355966319e+00 5.992627035763320897e+00 9.082222947593839635e+00 8.525841714546066541e+00 8.062232226804230351e+00 9.636073196326607970e+00 9.434605855219757586e+00 6.920264132441554139e+00 7.053763905384892396e+00 7.300853494072832461e+00 9.987534169437457976e+00 7.270622101635313861e+00 9.408278033506164206e+00 9.757767489549030060e+00 9.348509463215302517e+00 1.081841006280692419e+01 7.578131067541055366e+00 1.195756147569042049e+01 9.792092172592523625e+00 1.091216427883808748e+01 7.513555534879519548e+00 1.189704748756516750e+01 1.055142527473293157e+01 8.167408164895160638e+00 1.029525196971046341e+01 7.499749075573328483e+00 7.706560876748481448e+00 8.376459094633492697e+00 1.071655280454033310e+01 1.075877771844135289e+01 7.566940443249487558e+00 1.102151028602914096e+01 1.023060039669018728e+01 7.277784599981087510e+00 1.014901043936051650e+01 8.428215750084483204e+00 8.578183433132315017e+00 6.190211275292002213e+00 7.035946070252153461e+00 8.457490594018340246e+00 6.054953784057383714e+00 8.089978012844715849e+00 8.718046086392471139e+00 8.244583860237218786e+00 5.431955638753470872e+00 7.000800867950592199e+00 4.973591477427341090e+00 6.581400956923650014e+00 6.385996058194446157e+00 4.940235199273821820e+00 6.557149005352467697e+00 6.292033405550880865e+00 3.892608502484363964e+00 3.926459824146119271e+00 3.857196801632909455e+00 3.812659192849023881e+00 5.077676064683089407e+00 3.316121620976212547e+00 4.587954566906648601e+00 4.472201677304262546e+00 2.937153092188589110e+00 4.004246151109287943e+00 4.040695851251931536e+00 3.423241304215318248e+00 3.196166162352502393e+00 2.585196721455536917e+00 3.312247062306680867e+00 2.290382933558916978e+00 2.889817337840654865e+00 2.349889921784762858e+00 2.610848291255750464e+00 1.802572983475241308e+00 1.860967415726302754e+00 1.898395501756236836e+00 1.264801095263623276e+00 1.828761802710662909e+00 1.527688203696103697e+00 1.180875948333323988e+00 1.329580709583078280e+00 1.442305003370779604e+00 8.809245420282307837e-01 8.897130556200184559e-01 1.028328452161453077e+00 1.010384058117198780e+00 1.017080258119644753e+00 6.451124030246013774e-01 8.995357277691126141e-01 6.639764345247002320e-01 4.662466491083358533e-01 6.778712901691076320e-01 5.701806464902642313e-01 4.482729427520165677e-01 5.165844851680559957e-01 4.327159662267537343e-01 3.413388582266471127e-01 3.221704245952941581e-01 3.887541199841880180e-01 2.323679981958876040e-01 2.403781953201799271e-01 2.832197048954484542e-01 2.666856465625297989e-01 2.489530433234097007e-01 1.856332392042492896e-01 2.268204333585846222e-01 2.485198115635122718e-01 2.710613344138022573e-01 4.710045640234639119e-01 7.329197639848559209e-01
1.172362174733766693e+00 1.943498616163305437e+00 2.430061934422022230e+00 2.433406691910911857e+00 2.262130286544399738e+00 3.902372729372823201e+00 4.923407466839083035e+00 4.825105840973044735e+00 4.601946985517551880e+00 4.497004291011655219e+00 6.284935443941842337e+00 5.975255072409029644e+00 5.890759598262544472e+00 6.386160795219700148e+00 8.554742238934327503e+00 6.632273859600178234e+00 5.960984537132510752e+00 8.965909969206872887e+00 8.822517554507530946e+00 6.466354863027700794e+00 7.880109807254011223e+00 1.109772952921745315e+01 8.699221861944515410e+00 1.079287352878137618e+01 1.009524401917689929e+01 7.868768717566155146e+00 9.874089320172187101e+00 1.120708009031147512e+01 9.008003807712437805e+00 1.039305212822545599e+01 1.092885798466372904e+01 1.109242462058707801e+01 1.184421324204839721e+01 7.570131186053035144e+00 1.039990432398495379e+01 9.847927481360532198e+00 9.017805355378436971e+00 9.559787987247226226e+00 7.863495867519058713e+00 8.950568760869128226e+00 9.896959947023859172e+00 8.746846713751002866e+00 1.125882136638304409e+01 9.163529013491430675e+00 9.385523311608524821e+00 9.643131425533484347e+00 1.044733252223458919e+01 8.853185980822857459e+00 6.843618306985261412e+00 7.250272360988410547e+00 7.277329308903898841e+00 7.979509450309674179e+00 7.249308919719150701e+00 6.543577415698853095e+00 6.548598164149807666e+00 8.049456021496508740e+00 5.189595442657715552e+00 7.008040495875227371e+00 7.912537312097466469e+00 7.618396963686333123e+00 4.903813165839007837e+00 5.107639986601465232e+00 5.008868216385669037e+00 4.483939993254731249e+00 6.439259304703750963e+00 5.142991719296961861e+00 5.793332097523767210e+00 4.529694935542050160e+00 3.597199960646089156e+00 4.597400893665753330e+00 3.824893802998745596e+00 2.960728707528690773e+00 3.513257348760892906e+00 2.672973212494175854e+00 3.221495387208545225e+00 2.826501963906245418e+00 3.635323991330793536e+00 2.645248002645579799e+00 2.606192508544300068e+00 2.451844429288347005e+00 2.695877235747879297e+00 2.676743954605126152e+00 2.448148727221395315e+00 2.497040040151886409e+00 2.196320000103052283e+00 1.837970522328818301e+00 1.834592738377672783e+00 1.921969018641430216e+00 1.480115409848032471e+00 1.363411717484424690e+00 1.185392979593859808e+00 1.513618074663018120e+00 1.100042356298962298e+00 1.154020940359730130e+00 1.097693996050731036e+00 7.212899950171955954e-01 1.060795750544215155e+00 8.413099573746345428e-01 8.558645809558944606e-01 6.136365768320043435e-01 6.621929360818974430e-01 5.362402864560142923e-01 5.796867199095765422e-01 3.985204513372563873e-01 3.920493249355581633e-01 4.769408893142980665e-01 4.122900137058942427e-01 3.782176946451513699e-01 2.945285503459602605e-01 2.708061593254514898e-01 2.889694579969281363e-01 2.564998726888694236e-01 2.304812596235525923e-01 2.750138750164578538e-01 2.747724566686369774e-01 2.096627557480618687e-01 3.456039613355468831e-01 2.886981290630395991e-01 4.859040483986964976e-01 8.392456857654713165e-01
1.335386254298830400e+00 1.277210455457391092e+00 2.298761401514220815e+00 2.164522443867069157e+00 3.224566440335594475e+00 3.180857119322012316e+00 4.811370935084577027e+00 4.944250705635956145e+00 5.976991275935393588e+00 6.470669158347512884e+00 5.756265491439584103e+00 5.414931914095568288e+00 7.279954504125797143e+00 6.121830618729192430e+00 7.192792987511802849e+00 6.688859807468294782e+00 8.069806616752632777e+00 7.474364277860770400e+00 6.840860446299479314e+00 8.370781512470930608e+00 7.196448307267528044e+00 1.002868363752631531e+01 9.452720452187527655e+00 1.095488259425338917e+01 1.117983908801080162e+01 7.622009875734418571e+00 9.182028718102118958e+00 8.308001440321849174e+00 9.709724904634132514e+00 1.067590711257815705e+01 1.069461655442997561e+01 7.521017729491772386e+00 8.954303730452906507e+00 7.580703818909875658e+00 1.073093309326743849e+01 1.125194834964369939e+01 1.097194486340054631e+01 1.099845790492653741e+01 1.138237820051308624e+01 7.701282392266924681e+00 8.533535423919108354e+00 8.986559727428572231e+00 9.162110290348982389e+00 7.645979296381274715e+00 1.035494358153539274e+01 7.175976371870513404e+00 7.560259457199553168e+00 8.843936692278626666e+00 8.741872854175740670e+00 9.444192979269464772e+00 6.172042628783788842e+00 8.307929831823800626e+00 8.665715023095629022e+00 7.827774431608120587e+00 8.805692600200377029e+00 5.290789563523161654e+00 6.252383604302669262e+00 7.600609738262337878e+00 7.899367455449326059e+00 7.237446190703568760e+00 7.067860209046474829e+00 5.545289053627390885e+00 6.665529679250903783e+00 4.712143219516985226e+00 4.411700614264198350e+00 4.730733915172312898e+00 3.814329730747839875e+00 3.667558981321241696e+00 5.271565556783225581e+00 4.489410395867259318e+00 3.720782880901842837e+00 3.941224672228228254e+00 3.713538672409325336e+00 4.225088758900795938e+00 3.062167533604127190e+00 3.768353565558844043e+00 3.135130339199587723e+00 3.101659635013656491e+00 3.229266459634911879e+00 2.871228071313922214e+00 2.126125828859715572e+00 2.842429304134793000e+00 1.845925421589462267e+00 2.514322238376005547e+00 2.379297248839809420e+00 2.241300451356006196e+00 1.793525771715561712e+00 1.276808540279261939e+00 1.325107260262733178e+00 1.535575879065494975e+00 1.035419064241156262e+00 1.463272774414153599e+00 1.388086703771734376e+00 1.330642167826784572e+00 9.593996341501102032e-01 1.032693496089066354e+00 9.286234356025203640e-01 8.056398352608494795e-01 7.838196297717221483e-01 7.972202060403159596e-01 8.138918041674114701e-01 5.583819216192631441e-01 5.041866495121560821e-01 4.265023039209731026e-01 4.293510515655345472e-01 5.101921772668811528e-01 4.244629672832311296e-01 3.727818141276964536e-01 3.710132953931849498e-01 2.439508913437627435e-01 2.426345057475480238e-01 3.146727761881718544e-01 3.005508225587233406e-01 2.050779927247829426e-01 2.581455365240750699e-01 2.908867908046239847e-01 2.350763441963751865e-01 3.387663286706089072e-01 5.103051053110840840e-01 8.372007963046561585e-01
1.139126882115310657e+00 1.484341777204917223e+00 1.942149772414365705e+00 2.200133845000622035e+00 2.163946769177896634e+00 3.317460236361091663e+00 3.274385170975034676e+00 5.016759074689291609e+00 3.907607086184402778e+00 6.327921009236882277e+00 4.277080979220351686e+00 7.139152051062262139e+00 6.357843737596642342e+00 8.093339944987111068e+00 5.695847518933482512e+00 7.322967566376429538e+00 6.990952817554149767e+00 8.743065345897116813e+00 6.203013950171582636e+00 6.793730828354855866e+00 7.334013218489460861e+00 7.923216513274022432e+00 9.467049389633531931e+00 9.829602223250782700e+00 9.492669606550855121e+00 8.664645932111664450e+00 8.941258566196808033e+00 8.249030300709698338e+00 1.017238374244965549e+01 8.529692811407324271e+00 1.064483923907769558e+01 7.743278248014068055e+00 9.065937168162424342e+00 7.741376787200895393e+00 9.071938024918081211e+00 1.028344510362925135e+01 1.168072368858487131e+01 1.137210114941990469e+01 7.937430145787064184e+00 1.010086384405563642e+01 9.278717173657614836e+00 1.117736188690683008e+01 6.914202610654720083e+00 7.906080134620172117e+00 8.674011123450327432e+00 6.691148421615782382e+00 6.615050508281843378e+00 9.143782257226190424e+00 7.019157224198942835e+00 9.311322198399578198e+00 6.587541882516085856e+00 7.935881305084946824e+00 9.516965297287855563e+00 6.141311873469565086e+00 6.631902116958532822e+00 5.624328934914901268e+00 5.358234941531714313e+00 5.209499077541755341e+00 7.944131958972447727e+00 7.333660112837983469e+00 5.039332330152248574e+00 7.336588613291119110e+00 5.373615876133148284e+00 5.129070198790404156e+00 5.832266801667910450e+00 5.357524267950946495e+00 3.790097156232513864e+00 3.662588620461613154e+00 4.560813167450228356e+00 3.292208607530767939e+00 3.284259022379859339e+00 3.283065013565316548e+00 4.051251488185473093e+00 3.230353855174028510e+00 3.240725554173879974e+00 2.797774058953342191e+00 2.761463396094594014e+00 2.822001438030679044e+00 3.432870676310740610e+00 3.299128919017264572e+00 2.810884766698451553e+00 2.413481549134724791e+00 2.017425724367174933e+00 2.640283189266804609e+00 1.938171604125029868e+00 1.621768531299283334e+00 2.134514042481652663e+00 1.929379642622295110e+00 1.816174406359118088e+00 1.636081666550312175e+00 1.416832987416922318e+00 1.346619987704114729e+00 1.028054564729511400e+00 1.229548314011827737e+00 8.997341372775671253e-01 1.096732151156039503e+00 7.267062938325399291e-01 8.864797333358975795e-01 7.865933134972932228e-01 6.662060678653223267e-01 8.430996732202510335e-01 5.272918407019085985e-01 6.991032753102900399e-01 4.620493274690391505e-01 4.042551149430689827e-01 4.204402337584008387e-01 5.055555441733816657e-01 3.824672201695807350e-01 4.333822036698417035e-01 2.494087242133969651e-01 3.323706639186894685e-01 2.951249987400754171e-01 2.944857760443497785e-01 2.338806695782551515e-01 2.656049932706035510e-01 3.032500242167743831e-01 2.554201375085837777e-01 3.603540712900233367e-01 4.234914004385896269e-01 5.656397766360592438e-01
9.111767977395799356e-01 1.168527910110294776e+00 1.856781414863915680e+00 2.229409978202505194e+00 2.447014824766357233e+00 2.891725670318524344e+00 3.425809147835286783e+00 4.356641011367767824e+00 4.625174518719558314e+00 6.114422520450273346e+00 4.699925344849283704e+00 4.656269789710327345e+00 6.744146399397592084e+00 7.673923594468207376e+00 8.142177848542857532e+00 7.495266568996509449e+00 7.891541383328304349e+00 6.365451553368680848e+00 7.297935676035391950e+00 1.000853836977539402e+01 1.036329386170896605e+01 7.627276496089736568e+00 7.732461876514522991e+00 9.316286464561189362e+00 1.128800535636514191e+01 8.392116281458276816e+00 8.993685224573320980e+00 8.869696523109913855e+00 8.432246078988148597e+00 8.231768157818757814e+00 7.704630621318857564e+00 9.309213883275962331e+00 1.052595216548826151e+01 1.160598720606652456e+01 1.024538138332837711e+01 7.808140899723666983e+00 9.504321473642052709e+00 8.101509699203894854e+00 7.871924341384588963e+00 9.288845192565975850e+00 8.936449564339079998e+00 1.075898724216767732e+01 7.714854479315043534e+00 8.151412484819189785e+00 8.650838957972382559e+00 8.734034760275358522e+00 8.425283112143413078e+00 6.445283262896486676e+00 6.928464352082020383e+00 8.573699532262011758e+00 9.066446551276715837e+00 8.183911428700870516e+00 8.944159246677985564e+00 5.879301402944741461e+00 8.850366982415444284e+00 6.441387713699153750e+00 8.260224613067540744e+00 6.471166485633079724e+00 5.015103687908289309e+00 6.746844737516195067e+00 7.321051235710630323e+00 6.318518616011293609e+00 7.172385944303875327e+00 5.424378529220555301e+00 5.583737829385930773e+00 3.974628621697615216e+00 3.774119741992680854e+00 4.766213634090744833e+00 3.496815285599725431e+00 5.136072623388209912e+00 3.209981183074950728e+00 4.541147823164296327e+00 4.187804344760645670e+00 3.371713326841815572e+00 3.161236244575061249e+00 3.919028855007697487e+00 3.218719290899800356e+00 2.564393884456132255e+00 3.562395236148256927e+00 2.480940309309175973e+00 3.101859624297607532e+00 2.118199444734751413e+00 2.586571176455374488e+00 1.884901362337682018e+00 2.489142143261396267e+00 1.990034497236421451e+00 1.877550620634016454e+00 2.027456098419492037e+00 1.343862914660018948e+00 1.473647433120588435e+00 1.650658158675245124e+00 1.163762696352579118e+00 1.173780970866929341e+00 1.044573709596220645e+00 1.236791047536383692e+00 8.079406472295168617e-01 1.137347684462533426e+00 7.326283389855139383e-01 9.660022986607730289e-01 9.320258161094158167e-01 5.684492989784049044e-01 6.968643127917970581e-01 6.330963308068288109e-01 4.457615981404058902e-01 4.576013332770810238e-01 5.868082735707993436e-01 3.802623983676270414e-01 3.096251578397157811e-01 3.590532008697285282e-01 3.990138785706779379e-01 3.918513000390597689e-01 2.243518744826270839e-01 3.165720214355799422e-01 2.469383475601414080e-01 2.945189459122969922e-01 3.144898485381577569e-01 2.323368836766290801e-01 4.293844764012884618e-01 5.338518521956137075e-01 5.296777297603183499e-01
8.623140020769378689e-01 1.571801499385012457e+00 1.608556415442741638e+00 2.140579404685962750e+00 2.897704647490156216e+00 3.706571165268586654e+00 3.014203370854306563e+00 4.331076051196779630e+00 5.328453230571097876e+00 5.138912155527595615e+00 6.404484837099346350e+00 5.622560520654117155e+00 7.493477436256850588e+00 7.667587656291453335e+00 5.236344121494247439e+00 6.322113013331392750e+00 7.871252207379224153e+00 6.601250886558153397e+00 6.899267121760121135e+00 7.178997479996901632e+00 1.046172999963023820e+01 1.004478817303323801e+01 9.887444656169098067e+00 7.844421629199441526e+00 1.113319592821037318e+01 9.523675144835094031e+00 7.465284761062712882e+00 7.757287168243878206e+00 8.756368652036378819e+00 7.528777119701454801e+00 1.021123720173469351e+01 9.484560590684214532e+00 9.361164524644372875e+00 9.647706019686259182e+00 9.447935478760092209e+00 9.942607900067260474e+00 1.095636080345674657e+01 7.462587016540977558e+00 7.938517858092681401e+00 1.066515252013515358e+01 8.238338469419653975e+00 8.342847502682454675e+00 8.359727287462010992e+00 7.780607385851157964e+00 6.928968090366599775e+00 8.130184053695460378e+00 1.063864810559560148e+01 1.061559444362646865e+01 7.867141408141464787e+00 8.560279395606817943e+00 6.190558516479869766e+00 7.365887414478450523e+00 6.345103129039315171e+00 7.192679166333783236e+00 5.856678691871818998e+00 7.577642620141742391e+00 7.645807429051452608e+00 6.457657497782494538e+00 7.517065475111877504e+00 6.945313634258817537e+00 5.097383205410392470e+00 6.484521350818723384e+00 5.144162937004122860e+00 5.561686857530380834e+00 4.249192386986078596e+00 5.214957015484288583e+00 5.266689456810888181e+00 5.646882413997018624e+00 4.291795441177685966e+00 5.353426079871071330e+00 4.918519028877547328e+00 4.765211550552912456e+00 4.123092391654919808e+00 3.589616324290363814e+00 4.054372634938647302e+00 3.449070091290197038e+00 3.264073887133738694e+00 3.641013026886973147e+00 3.503940922666289204e+00 2.267038478485270403e+00 1.983494321584557962e+00 3.051446677034644672e+00 2.197698378712022116e+00 2.425009712535523665e+00 1.989577103297515359e+00 1.653947098688036244e+00 1.670373950978241595e+00 1.505331281248150743e+00 1.342266152748104791e+00 1.575107690678329453e+00 1.194985230620930761e+00 1.176027721150675776e+00 1.146786069662715901e+00 9.104981010533633734e-01 8.503980794920906749e-01 9.789759949714875731e-01 7.716740808393474094e-01 8.196465754642775492e-01 6.665540839237741322e-01 7.192074385071689502e-01 7.757842050287093727e-01 6.073064377398339486e-01 6.843885974113470549e-01 4.829862219726817618e-01 4.434565629139305964e-01 5.452886173329360986e-01 4.928457681313114791e-01 4.423656401773097269e-01 3.496551200456007868e-01 2.809335528525935266e-01 3.209185222379355995e-01 2.697220389877842961e-01 2.522766279757211461e-01 2.200913893904334340e-01 1.982555883719921419e-01 3.124333429549453478e-01 2.516451884993134436e-01 2.703074100867354224e-01 5.322958221121846245e-01 6.541351116812385014e-01
7.829871408639546004e-01 1.673678789495065544e+00 1.949222298224077221e+00 1.940144933575603137e+00 3.036121728368593065e+00 2.286573490034971012e+00 3.972953181339720974e+00 4.015843124884617588e+00 3.934070570634034869e+00 3.790358132961602511e+00 5.082892626028510996e+00 4.530878294042741672e+00 5.746451863578602826e+00 7.141243692687320177e+00 6.982079463611027492e+00 8.763519479376260080e+00 6.814637572811290234e+00 5.720259532004744685e+00 7.916378179881756516e+00 9.464138124097209115e+00 8.698523678248047730e+00 9.958381957773575266e+00 9.505590288859179893e+00 1.043024434094148134e+01 1.011486532291332630e+01 1.101210157848332472e+01 8.677354141022039613e+00 8.657156034814722290e+00 1.110745738286028761e+01 7.376266048585037538e+00 8.473224766140234010e+00 9.598979468272409221e+00 1.031826582165250272e+01 8.058911427960840257e+00 1.112609448845799776e+01 8.892530513008184201e+00 7.865090078990960798e+00 1.026217800325761687e+01 9.317604057202224510e+00 8.356295654809745344e+00 9.749543618681942192e+00 7.987430904127140963e+00 7.484411396428695795e+00 8.141146912605080388e+00 9.719838902341775722e+00 1.044044399225909991e+01 6.787604194986897710e+00 7.647648585338858496e+00 8.605712135166452725e+00 8.735436940637887560e+00 7.799453885419423749e+00 8.878747943370864704e+00 6.857174696502231548e+00 5.829049913244771730e+00 8.584221865817983854e+00 6.015951235410673448e+00 5.354247035129286125e+00 5.600560407462518597e+00 6.782195487216284846e+00 6.117436416460791726e+00 6.368922202820503919e+00 6.581217544750721515e+00 5.457290346663174141e+00 6.383766518140583379e+00 6.034357941254717694e+00 6.313870261186949939e+00 4.478619605320856678e+00 4.145165467700991258e+00 4.054980943457985099e+00 4.880250953362198274e+00 4.599441533979470087e+00 4.149343293824562018e+00 3.034891660085764720e+00 3.292093994056391359e+00 3.797416317980060185e+00 3.094743145864379485e+00 3.006506259958662053e+00 2.834850285132652914e+00 3.217862527891180768e+00 2.205213846368061947e+00 3.150072199256356509e+00 2.559915926923226781e+00 2.253389974325731071e+00 1.980222793472850684e+00 2.558322523702741158e+00 2.366779986882053599e+00 1.901978663860377949e+00 1.897025452556655223e+00 1.785333571649472262e+00 1.617747369154631132e+00 1.813613184657597799e+00 1.644194739860257659e+00 1.344885750204170449e+00 1.057833689398990140e+00 1.140123231610497223e+00 1.239042671715635091e+00 1.086989140408606058e+00 7.729346917124343408e-01 6.939421839917030432e-01 6.884535489339167480e-01 7.100301795801270410e-01 6.523738438002659734e-01 6.762331426852247196e-01 6.381915902208202818e-01 5.291181397844521017e-01 4.996629864670232846e-01 3.615975005206605863e-01 5.075135811089189763e-01 4.756269866684109671e-01 2.885744146456538650e-01 3.838667521898419532e-01 3.808265222939933303e-01 3.152866566881848964e-01 2.747328492553270940e-01 3.075467253576653071e-01 2.654250972347537707e-01 3.036961869456633045e-01 4.353646454241366093e-01 3.634592169913839488e-01 6.211921480734363676e-01
9.582389887834097397e-01 1.135086847136572263e+00 2.047014021369650827e+00 2.168379244432816488e+00 1.953750110374552040e+00 3.322553494288501330e+00 3.340129024472267449e+00 4.086822423433152274e+00 3.642265366975498075e+00 4.796368502779920107e+00 6.180969938947475484e+00 5.187760138064198223e+00 6.187201137382565719e+00 7.291009278012468009e+00 6.653468945715379945e+00 5.518303944627870550e+00 7.329595796760813187e+00 9.200555884172342047e+00 6.968925864680330484e+00 6.241973801357300289e+00 7.029056431964244567e+00 8.790832853219002985e+00 1.019771460546114561e+01 1.009858428068199920e+01 9.283317843598938524e+00 1.099245743562599920e+01 1.052339301806213001e+01 7.058936555792893586e+00 7.073160527062253067e+00 1.078639802352746813e+01 8.451244982477675194e+00 1.033715311178315055e+01 9.875418952625180324e+00 1.101639129177608467e+01 1.018853172171174926e+01 9.182076212641133495e+00 7.969332400903845759e+00 8.914729475496214306e+00 9.065541752208176263e+00 8.174323716251246097e+00 9.836923031644930759e+00 7.004977817128809292e+00 7.724468616931077669e+00 7.553977781634048760e+00 1.033586744463385543e+01 6.716153965971571438e+00 8.187848482975557118e+00 1.014848091407603725e+01 7.265327863251190621e+00 9.587653115954614336e+00 6.182568132016157847e+00 8.605750509145607907e+00 6.437658425528547390e+00 6.033674033157889305e+00 7.959051777735865585e+00 8.051575292846887777e+00 5.927439414528753225e+00 6.045186538172731439e+00 6.563475831430851670e+00 6.005859945351594398e+00 6.352516223829717923e+00 6.459105127523678824e+00 7.180572087660259228e+00 5.182890917044838730e+00 5.720050159951154178e+00 6.034827166644840091e+00 6.374817013183173842e+00 5.138774287777108540e+00 5.852603265170323255e+00 4.375887679765262384e+00 4.169707472760615374e+00 3.970693534993409379e+00 3.973053587796282926e+00 4.598756249799095031e+00 3.989628042536454089e+00 3.631888317608927608e+00 3.495503013305334417e+00 3.105734864830929531e+00 3.701505526901707643e+00 2.416536875908616544e+00 3.137394433263493543e+00 2.509895593011567172e+00 2.319046282753088661e+00 1.835274173628683725e+00 1.705764605136904422e+00 1.815427043368798676e+00 1.564447989460217237e+00 1.541208431412133484e+00 2.119467362108166331e+00 1.429851662581203664e+00 1.262436922842177900e+00 1.709106481666191391e+00 1.252804453712071941e+00 1.072391242912851261e+00 1.032510811126463590e+00 9.998443995826441499e-01 1.225844356177772765e+00 7.341343028696148965e-01 6.817933173298416083e-01 7.047861283219361006e-01 8.306579638194016013e-01 7.991160386757343304e-01 5.787293403418449778e-01 7.439889378981696666e-01 5.788254286957759120e-01 5.043324569352861664e-01 3.984470771185848470e-01 5.101567311892003520e-01 4.667771821368691954e-01 4.583091322241111820e-01 3.335752596866701780e-01 2.861596073508885785e-01 2.888910476692397866e-01 2.265479424163007738e-01 3.310143039687863387e-01 2.661544918863812392e-01 3.576129804495838949e-01 2.903960534318251741e-01 3.976623962617504282e-01 7.106812974594131083e-01
1.054800588843758824e+00 1.268126116092946010e+00 1.372301860220736414e+00 2.207432121851868434e+00 2.558226481778471229e+00 3.567989392421872186e+00 2.839010253275936257e+00 3.860868525864108669e+00 4.799938144630143455e+00 4.026248221733177424e+00 5.266436934157646910e+00 5.160966019936984672e+00 4.486395932395912389e+00 7.236609117447290629e+00 6.804967806790291895e+00 5.192845746593844680e+00 6.093632146958003482e+00 7.898280804998814020e+00 7.001874180950376392e+00 8.280889925041298838e+00 8.514236750091441763e+00 7.123341994515419273e+00 6.690503923350050286e+00 7.614598158463212307e+00 9.274373437014894250e+00 7.839246932895962416e+00 8.101297008634627872e+00 8.469359840274055529e+00 8.392579832720350907e+00 8.830404371340561553e+00 7.315997068507022583e+00 7.996535831886673940e+00 1.152735877538115794e+01 7.376789773145946860e+00 8.094186917702350215e+00 1.143588351583726137e+01 1.039009528367251001e+01 7.706928504602958974e+00 7.155348862933884391e+00 9.772940506701873531e+00 1.037998744938304796e+01 1.095596001551095178e+01 1.105383382463167230e+01 9.974343367877693822e+00 7.095358468963717691e+00 1.038011513252667939e+01 1.080600811628304569e+01 9.327699688897038044e+00 8.319782507646161562e+00 9.352911149717508366e+00 8.654028922445696992e+00 7.178722043585385570e+00 8.801980699355588911e+00 9.242883321079567338e+00 9.051104995066321379e+00 7.013799384808272031e+00 7.840861212703517324e+00 8.508731594452662250e+00 5.898284468140272629e+00 7.587362619730424917e+00 7.014514140050506441e+00 5.999715244880062137e+00 5.454371509013807184e+00 6.671314911016839488e+00 5.983613202220774419e+00 4.485859286012058966e+00 4.651182989643571908e+00 5.252194636923343651e+00 5.822951996237296868e+00 3.802513405827120163e+00 3.945170457164946853e+00 4.770183545664360203e+00 3.225356155831444305e+00 3.273124744223857352e+00 3.717509380657560758e+00 3.070836035846270295e+00 2.669223351566997415e+00 3.626174015831766795e+00 2.989076331933696817e+00 3.266434506316830966e+00 2.110663411888595409e+00 3.212637287593480107e+00 2.462678658830173450e+00 2.088910543532473962e+00 2.033241261826105539e+00 2.137634200877740920e+00 1.891961307411627713e+00 2.270592473119274146e+00 1.758394713998555403e+00 1.791446692502479232e+00 1.372093371005406182e+00 1.597135917333383892e+00 1.024029031427305947e+00 1.502815440750460807e+00 1.182642781266439513e+00 1.139776383558092965e+00 1.087936033836586658e+00 1.060260747599377051e+00 9.793539157578903254e-01 8.863720826569538858e-01 6.812763564168545782e-01 7.538684163061876164e-01 6.205289991446258924e-01 5.852080644663942843e-01 5.615716129190584383e-01 4.028862794453312857e-01 5.546321459826478728e-01 5.035425798956545407e-01 3.864871745313825935e-01 4.184070553922337177e-01 4.410733368085476003e-01 3.355413941559207136e-01 3.553418220235465830e-01 3.537046564700028206e-01 2.187324682958890765e-01 2.841798336068115938e-01 3.016517316216464351e-01 4.402743606467716120e-01 5.814115705667270984e-01 5.684014373984911384e-01
1.166940586729187990e+00 1.216704892963185181e+00 1.641910409791936587e+00 1.773110302656767834e+00 1.921656426140575524e+00 2.242817510590725760e+00 3.797454945493603073e+00 2.722394348742564585e+00 3.111195120418391635e+00 4.876573189947460918e+00 5.265585662329200112e+00 5.899066161885717641e+00 6.564226754680687392e+00 4.811106992110811831e+00 7.757682981364020236e+00 6.340996967145981600e+00 7.160078482265920918e+00 8.646164026322766816e+00 5.849401528026390018e+00 7.726956437064806060e+00 7.821058920953253946e+00 8.776527873293408888e+00 1.000395797153610467e+01 8.024160868544546688e+00 7.283878101254187776e+00 8.110274363904506956e+00 9.514611951122335043e+00 7.247295163750087532e+00 1.108093252405899776e+01 8.243779273163749366e+00 1.024642671851892928e+01 1.165512182548230058e+01 9.723190970248257514e+00 8.495690643837411571e+00 1.080423642363382797e+01 1.008348994884800653e+01 1.033712186787823306e+01 7.543351536995096751e+00 1.140555758148625465e+01 7.196460001726482147e+00 7.519078741895416584e+00 7.262120270732168592e+00 9.256390544548114718e+00 8.374341173014647310e+00 1.099384515399729167e+01 9.628438537637846295e+00 7.453887085446124772e+00 8.125457362028823738e+00 1.037843848699499816e+01 8.304382616379843540e+00 7.296492419499954529e+00 6.474453997892045010e+00 6.926618797418206519e+00 5.799033219425868246e+00 6.759412411671251952e+00 8.225700366791627971e+00 7.966654987148237055e+00 6.630755354385387434e+00 6.004226753234948255e+00 6.738023053170607568e+00 6.542083322099088605e+00 7.642757927433674325e+00 4.743512669876029264e+00 6.568978537055308209e+00 4.787844269380185480e+00 5.458888163104644420e+00 5.449184035141187543e+00 6.148156970217581119e+00 5.370252843275524768e+00 3.945197271588795740e+00 4.837967657349850015e+00 5.118060655944853821e+00 4.340084854465152908e+00 4.878080471813415642e+00 4.194042404092018117e+00 3.630199988742607520e+00 4.135771310640047105e+00 2.754035389412933910e+00 2.748450520347547332e+00 2.775399415559899108e+00 2.286679998131142977e+00 2.158735857628672150e+00 2.229150012991742535e+00 2.087783845892155377e+00 1.917356536358902463e+00 2.522853204851415398e+00 2.041173413084911736e+00 1.588651464559034387e+00 1.697023116856748226e+00 1.933366663289791010e+00 1.316378633858020120e+00 1.391003510454591918e+00 1.216139891847819676e+00 1.227367804115506944e+00 1.332291174029276437e+00 1.006815631968333236e+00 8.632311871165575523e-01 9.436611421556013735e-01 8.390931964341236116e-01 9.583828107612024638e-01 7.697948813506040322e-01 7.271294009949893500e-01 7.451166922626996092e-01 6.162002044142995683e-01 6.271071525438545180e-01 6.027473468778199450e-01 6.302853283704970000e-01 5.230090844934384142e-01 3.657047193797756668e-01 3.205037359471872849e-01 4.540682390544269476e-01 2.920072337158257647e-01 2.751016431370570392e-01 2.912165288521469941e-01 2.450057440307200074e-01 2.298784821053595773e-01 3.695179304273099041e-01 2.967278809046767218e-01 4.125822758361215037e-01 6.299476328036708317e-01
1.012136351379647747e+00 1.096173809109268982e+00 1.628766273450901192e+00 2.074719611249988827e+00 1.804069563288871691e+00 3.064100452942255082e+00 3.004581565773381424e+00 3.132111643248702393e+00 4.782823657671833040e+00 3.829524497077228862e+00 5.137471424698910383e+00 4.078581408218246551e+00 6.126491643148019861e+00 6.640873667747198894e+00 5.457623259637069957e+00 7.891990363344303816e+00 5.805856502865553992e+00 6.802845356404374932e+00 6.760445811944856942e+00 7.230509389363990458e+00 6.700450822776072179e+00 8.589786394008745773e+00 7.800668408359870298e+00 1.063461437812000554e+01 7.022487181370755671e+00 8.717530676186738603e+00 8.769377273569070042e+00 8.316266223593437701e+00 1.116571978457311687e+01 7.312372467660126496e+00 1.091673564575515876e+01 1.028739585316440497e+01 8.170621805071162314e+00 9.297805465843349992e+00 7.838711651751781417e+00 9.163736045811377906e+00 8.094933787466162656e+00 1.102897173175711032e+01 1.041812613837565671e+01 7.225877140869747528e+00 1.105981446976979754e+01 1.071818213533004638e+01 7.750530653253846047e+00 1.133780662005367468e+01 9.288703178556291462e+00 1.017958938682798653e+01 7.119256290155591138e+00 7.168779275999943579e+00 6.909143232305951621e+00 6.562311500458368307e+00 7.591843656405880658e+00 8.253561692472253242e+00 8.627889608077488504e+00 7.162728284108213828e+00 8.437876508303217449e+00 7.398098662519591251e+00 6.855179037367751249e+00 7.095634634749669267e+00 6.850732389395098210e+00 5.095800941190311129e+00 6.542511300240989591e+00 5.227057844403064202e+00 7.457093414380421947e+00 4.719402093099660078e+00 6.020390925691235573e+00 5.982582263904786757e+00 6.105332019364022145e+00 4.103653456512297737e+00 4.447028402458678364e+00 3.661949086264484343e+00 5.393122760042718511e+00 4.946704999912417300e+00 4.883665052176931809e+00 3.534390974091948578e+00 3.666799496609335574e+00 4.513267636465074339e+00 2.965327949931171769e+00 2.712658899246947364e+00 3.891492057537354388e+00 3.622336507833355590e+00 3.315154427420554661e+00 2.144517611782938094e+00 2.402074976889979396e+00 2.209627545145150140e+00 2.552376796713888840e+00 1.967575977129037534e+00 1.706736258022196973e+00 2.336394531224591731e+00 1.387952610494447514e+00 1.518532458375209115e+00 1.993051440597673807e+00 1.541501472984861287e+00 1.674817506531882438e+00 1.103630450962372667e+00 1.305858146616531767e+00 1.296508217633691729e+00 1.094048150730588587e+00 9.853283333928469778e-01 1.100480078203059930e+00 9.540601140250434264e-01 8.293786846832674753e-01 5.726112103208954585e-01 6.383208035834242455e-01 6.975549171574740859e-01 5.962215612497495654e-01 5.084429659103562038e-01 5.071632480966177248e-01 4.230583885163315405e-01 5.463986454809985904e-01 4.108208204135060382e-01 2.887964313529529647e-01 3.604101872812318641e-01 3.010100978662039184e-01 3.137291140663591160e-01 3.382817713680791316e-01 3.503459768501152038e-01 4.002713028041338106e-01 3.390280334957946340e-01 3.693629834257667888e-01 7.424659455184191570e-01
7.883495828331410493e-01 1.165360582285074331e+00 1.296427698239299264e+00 1.966875136369360844e+00 2.311583315117199167e+00 3.129016962108979172e+00 2.956697104791115027e+00 3.612640838120730891e+00 3.248227959779582452e+00 5.207069197536929650e+00 3.823751368675865514e+00 5.150841947381361585e+00 4.982281464740974997e+00 4.883662471601678767e+00 7.196660075522903099e+00 7.432325618309370441e+00 8.164287216160213134e+00 6.629022360559746474e+00 7.097030420348248825e+00 7.769415199506537917e+00 6.686766794714265494e+00 7.070905456549776424e+00 7.337069305415028886e+00 8.019274786843386238e+00 8.415229106088180089e+00 7.347965437260258525e+00 7.449279780385237970e+00 7.634864885837149728e+00 7.678381532200710069e+00 1.026403635409006299e+01 1.107463267449511690e+01 8.284019574410196540e+00 7.716557077155098199e+00 9.298159491669739651e+00 7.524944168525729005e+00 1.008137763895090089e+01 7.784323680101837617e+00 1.122498283933827778e+01 7.550218987388842784e+00 9.562416470655175971e+00 7.269933204583876041e+00 8.725069141032411935e+00 8.042254639324299959e+00 7.753774068483226145e+00 9.874799126987511499e+00 7.769079876219348257e+00 7.639531729379054781e+00 8.818049539591758190e+00 8.124329415177998115e+00 1.007058602647428813e+01 7.645917812618669984e+00 7.243458211952260584e+00 6.486558993571585496e+00 7.746330419236335807e+00 7.326634481929438003e+00 6.989557145257657034e+00 5.954939695259091614e+00 7.408918892917124133e+00 6.790251385339018952e+00 8.306178279014231336e+00 5.453181927258897055e+00 7.598285569104898940e+00 6.026986630235191988e+00 6.219713794596880341e+00 6.183106966053351528e+00 5.942278671883631347e+00 5.253472798798110688e+00 5.436941230477270182e+00 5.362843320958812221e+00 3.811408689985995135e+00 4.773546995500669077e+00 4.298852920844108638e+00 4.352055810770280253e+00 3.980445744461909019e+00 3.074469695875936548e+00 4.441379588006741486e+00 3.442098132489087359e+00 2.743950195291002370e+00 3.387443929208466376e+00 3.443786582697634824e+00 2.185636075456650396e+00 3.004149668128547557e+00 3.152749191963185815e+00 2.578539679300880572e+00 2.435053760690451874e+00 2.666320410824193576e+00 2.065698574910689533e+00 1.514704334421409060e+00 1.547744853062385850e+00 1.608216828254341646e+00 1.639380125997813131e+00 1.721536193552400285e+00 1.376815765561974381e+00 1.193000075053924025e+00 1.432174923475242556e+00 1.169251285088058978e+00 1.042787709563434806e+00 9.994515194528512669e-01 9.659905938903338152e-01 9.108239026119183679e-01 7.889925439468804536e-01 6.197941809464615481e-01 5.548558228598874376e-01 6.023267025672635055e-01 4.912097938974470113e-01 5.468411342644429185e-01 6.024178394438129969e-01 4.475635136119260893e-01 4.790020326531855277e-01 4.963408801457370734e-01 3.383874478435893174e-01 3.893521998989184496e-01 3.908097748801265259e-01 3.847752660276433367e-01 3.559162609392654275e-01 3.000559088679819464e-01 3.592099765898063013e-01 4.035121806436914316e-01 4.190585496942289545e-01 8.036376765965153046e-01
7.057984734722362319e-01 1.092860619238685604e+00 1.374074736714199219e+00 1.811307135331199358e+00 1.700729693454807290e+00 2.334542480104063067e+00 2.916953227841993623e+00 2.694010331346232245e+00 4.156856329557853336e+00 3.426633830117326251e+00 5.443338294933345978e+00 5.027361105905622018e+00 4.054521545943940986e+00 6.899244508044128033e+00 6.431238428291983666e+00 5.811898035652660610e+00 5.255207238920844404e+00 5.954447987598225467e+00 5.651151872627692363e+00 6.079206997438798332e+00 7.644854694338610201e+00 9.616038851291374812e+00 7.868107808691327421e+00 7.317672122921236699e+00 9.758836780580558923e+00 9.712054956664257332e+00 9.434195144595909355e+00 9.830412421566299130e+00 9.736723151407611354e+00 9.763021763683349619e+00 1.100662233042211824e+01 1.138832330833616169e+01 1.173611004019396553e+01 9.752763283770562452e+00 9.163965245015633698e+00 8.817608663394846502e+00 1.123675974972988456e+01 1.064505935056997821e+01 8.011483669560863774e+00 1.037490071227707666e+01 1.097574293407414281e+01 7.963531912357137088e+00 1.095736562435894612e+01 9.561574046635040958e+00 1.033933721850630860e+01 1.001898488106430207e+01 7.183212886696140664e+00 1.081339840853300949e+01 8.131536630521367215e+00 7.680938827204831121e+00 6.323920078375695475e+00 7.133959067025247514e+00 9.636493445750685893e+00 6.707541829657385435e+00 8.401189699452443094e+00 7.475724869014777063e+00 7.972763236077674343e+00 5.358591859930375456e+00 5.300053788996961224e+00 6.997908781702335546e+00 7.584552217957501341e+00 5.559099861321746161e+00 5.609397004847024526e+00 7.231849455605861898e+00 5.770825733911025601e+00 5.891699763354862895e+00 5.974503658957402763e+00 4.751674857093188820e+00 3.888580925431611046e+00 4.984663119513207619e+00 4.819197192662000084e+00 3.896250575072276234e+00 4.036198210711099854e+00 4.557304889728565733e+00 3.015688977781600499e+00 2.943799584653750578e+00 3.322028083371263651e+00 4.021433914617724703e+00 3.076410296180449588e+00 2.480336914522051295e+00 3.588306846531430949e+00 3.348403792346125840e+00 2.280779165466000791e+00 2.187303958386633163e+00 2.721238029431969796e+00 2.243360010024339157e+00 1.958960547149723341e+00 2.230301073713129689e+00 1.919985580755865229e+00 2.181546015333973632e+00 1.533726534154985499e+00 1.476527042988959204e+00 1.592271417318449123e+00 1.702496524546727841e+00 1.029701806762998162e+00 1.346505832115189261e+00 1.142549653175138902e+00 1.108676064759984703e+00 1.063344731771140417e+00 1.050227537065642425e+00 8.423211772646044260e-01 9.281614076665525292e-01 9.234400677378122868e-01 7.737717780276475166e-01 6.226785559258490865e-01 5.507362739170593713e-01 6.201637132848848433e-01 4.421978780515153362e-01 4.444907879851998644e-01 4.600085024134786815e-01 3.625989331294190432e-01 4.175478469158986350e-01 3.087378743902148837e-01 3.110200254918623619e-01 3.720634634923551953e-01 3.437626435276854298e-01 4.176271949077702272e-01 4.197210169546342073e-01 5.852423201451449897e-01 7.520788149390067456e-01
8.658124997822991276e-01 1.360830248712862733e+00 1.599246578762382409e+00 1.418200645922744085e+00 1.871540736885638045e+00 2.328974063667580641e+00 3.642791644277985519e+00 3.683526371216151674e+00 3.551898641357124742e+00 3.432810978019175341e+00 4.387754458765654064e+00 4.781507817830473961e+00 5.651692500881424941e+00 5.443138816199525110e+00 5.407241406771112757e+00 5.408556154998549026e+00 7.750102603811281909e+00 6.683864887464034510e+00 8.751876229747573177e+00 8.646778761698437066e+00 7.919363729945168018e+00 9.639346855871352204e+00 7.832573257705008452e+00 9.110132539041908117e+00 6.821494221747421705e+00 9.171252926809669859e+00 1.047999786546697720e+01 7.404338351717818512e+00 8.503370863786335221e+00 7.023912259963600135e+00 1.146342876698723501e+01 1.098618625412664151e+01 9.011022340769754280e+00 9.533528959539705028e+00 1.150428741077123185e+01 8.011015177006798993e+00 1.014988530613565487e+01 7.744330488066674789e+00 1.099041134372303574e+01 1.112437958852713926e+01 8.112948885097956975e+00 9.778132213311153009e+00 7.910518792664278820e+00 9.927974423026659778e+00 9.688562508822780472e+00 8.706022660429805882e+00 9.202075956517537847e+00 9.603535278236838835e+00 9.056831415337756042e+00 6.560971115265240350e+00 8.084566781777150268e+00 6.335096293361460518e+00 7.560987260707078939e+00 6.919544187667187707e+00 7.237150008195460948e+00 9.135319754538144821e+00 9.098982680568214576e+00 8.313323179420441633e+00 6.023216185893216057e+00 6.612073894584157507e+00 5.465955638956153884e+00 6.106496737745993997e+00 7.469807698459542067e+00 5.824833384135282621e+00 5.569264646741229008e+00 6.476333449174145329e+00 6.379365397991752396e+00 4.608437183350074129e+00 5.315068201707242146e+00 4.733244785017651779e+00 4.052629565870370598e+00 4.601271741749392241e+00 4.040652811188332194e+00 4.019041556904069168e+00 4.140353820095838522e+00 4.498634183483837035e+00 3.235371482072225913e+00 3.671601366017203549e+00 2.926026883119438260e+00 3.655278339323536407e+00 3.434800596010666673e+00 2.344810931180281610e+00 2.311658498877768420e+00 3.053124686452957093e+00 1.959370804041259406e+00 1.944725892162826097e+00 2.318489624424270090e+00 1.615045346816209149e+00 2.258268483780790259e+00 1.449517489726048769e+00 1.352673866836921812e+00 1.316882697627182131e+00 1.587487824730464681e+00 1.397032061065292430e+00 1.566383051564697926e+00 1.466455202712213524e+00 9.461926368269256704e-01 8.742999804866906643e-01 7.958226626725373176e-01 7.409765780150238124e-01 1.091900470905117215e+00 8.937540050253772739e-01 8.187349645629775630e-01 8.588038399674431389e-01 6.244931033804118625e-01 5.388317568809944946e-01 6.653775259150763732e-01 5.422767698933333991e-01 4.494476365135839369e-01 4.606151702961725491e-01 4.698250353609597640e-01 4.184300827805658707e-01 4.170571856132845867e-01 4.169591897318351559e-01 3.214088563332031523e-01 3.296176103110511901e-01 4.219382662921322136e-01 4.301237539382293806e-01 5.133839253235790157e-01 5.778970939218095459e-01
7.137389587709145333e-01 1.061407710617999767e+00 1.468681834909847383e+00 2.188806099066461730e+00 2.576510367597218742e+00 1.963886309013182618e+00 2.936285587534874786e+00 3.535361722063506740e+00 3.275413418938723176e+00 3.696740007596177158e+00 3.506483630557588160e+00 4.191153874180677974e+00 4.904362662747794310e+00 4.574815334165622360e+00 5.043048333133410388e+00 6.960772587071008211e+00 7.167616433429529366e+00 6.456805601526407479e+00 8.316067260369413461e+00 9.012854248636308796e+00 8.478609832330446849e+00 6.120437483405762435e+00 9.640366827894835566e+00 8.674304759344906302e+00 1.021633082967942840e+01 9.736547439728797215e+00 7.492034041333470284e+00 9.113859733742534885e+00 6.976853035946641413e+00 9.062038108322699514e+00 1.015913989439601650e+01 8.900039869711868334e+00 1.130492597088816531e+01 8.122576177292661015e+00 8.763994641052171630e+00 1.091672076875732600e+01 1.051444525977828270e+01 9.924443892967444114e+00 1.043427685503846369e+01 7.627388964715178687e+00 1.014591905450455123e+01 7.330967212147855072e+00 1.104918241879876994e+01 9.594116154297621435e+00 7.722082339582706290e+00 9.922126091834359229e+00 9.193989474102011172e+00 8.231634147362058229e+00 9.736974312923807773e+00 6.701066651431694332e+00 6.411640463628449638e+00 6.351735880298941872e+00 7.241978926370017611e+00 6.113895564218581491e+00 7.409130678409939108e+00 9.094578539248155735e+00 7.137401832980237337e+00 7.882797625742103520e+00 6.629507160180979852e+00 6.171549999887093740e+00 6.671955259099665803e+00 6.152533888739922574e+00 7.338921968637708737e+00 5.911638848507781319e+00 6.864892875358933111e+00 5.347044579877076487e+00 6.336381680691010487e+00 6.353535410615837264e+00 4.479626669338653500e+00 5.692450287070824899e+00 4.131855871486059151e+00 5.546035131068443924e+00 3.406932185704368621e+00 3.879970351738057044e+00 4.447164680771765077e+00 4.444284744999007053e+00 3.752852749678133204e+00 3.527425703705518334e+00 3.231229562894790242e+00 3.566021380346372727e+00 3.513878207350749516e+00 2.201339782571213544e+00 2.570335323511372838e+00 2.897304625305827663e+00 2.661125687176737031e+00 1.790004609068467145e+00 2.045698510812142601e+00 2.004209311142073791e+00 2.100449707113877018e+00 2.121732482170957557e+00 1.492343405650701449e+00 1.291690223061326526e+00 1.652193029611414232e+00 1.622243724476779114e+00 1.571954999531893105e+00 1.020879022091252919e+00 1.406218143046071178e+00 9.741495655164879031e-01 1.201989244543822943e+00 1.052914488873787358e+00 8.820562525741090232e-01 7.856281131814125684e-01 8.114568668270257801e-01 7.663665438573289412e-01 6.645824810955515138e-01 6.744341969516617352e-01 6.047092615946078054e-01 5.973325569856630102e-01 4.130779471187649432e-01 4.242177135048439407e-01 4.246792455324865934e-01 3.166579151742593967e-01 3.375207605221560159e-01 4.323099726630707518e-01 3.055056652938928363e-01 3.186756589672016804e-01 2.777000867721579613e-01 4.067408646924044469e-01 4.660786902967097856e-01 6.413857544548724476e-01
1.075632420151770408e+00 1.302074487648190226e+00 1.532374630706444085e+00 1.961812615187437769e+00 2.032418602169479005e+00 2.700388896262452931e+00 3.306126960897219913e+00 2.404749060090353829e+00 4.425681701127308187e+00 4.431635957475055676e+00 5.085134025722847895e+00 5.116371584379396431e+00 4.775267126956529218e+00 6.372845797438306370e+00 5.898268102030881366e+00 5.140782973144780499e+00 7.047061141822368313e+00 5.721889763796350614e+00 6.771383806643766157e+00 7.318690675724155881e+00 7.973912790081755908e+00 9.424148693434743151e+00 7.891436108816639816e+00 7.755260597442725334e+00 8.393841263518966755e+00 1.018503878301207877e+01 9.333831657679954930e+00 9.495075969270637017e+00 7.626915313551523745e+00 8.442491782357651076e+00 1.002251793950769354e+01 8.687167605290810002e+00 8.634241319030039108e+00 1.044350203064332128e+01 8.799268553489257627e+00 7.379548503993168751e+00 7.475649894959642161e+00 1.134640653041480007e+01 7.849317861190441725e+00 7.961567689579441165e+00 1.027912196711085180e+01 1.007804416802670033e+01 1.048355189927956843e+01 1.108185897701513056e+01 8.055078231398827171e+00 8.516295407383049465e+00 1.050794567434918214e+01 6.746707489571419636e+00 7.824554273502720925e+00 6.672592890198247417e+00 6.824465593868383806e+00 8.923967943981448769e+00 7.368474071366417633e+00 6.870155126243743915e+00 8.172683583344788616e+00 6.913442616283989928e+00 7.577538481150900118e+00 5.980149983389163815e+00 6.995017056425301583e+00 8.272417663110351427e+00 5.053691181271084965e+00 5.690751818977417997e+00 5.025826605561031890e+00 7.073213913084303250e+00 6.001981868509118634e+00 5.779161761986615353e+00 5.554237328178218469e+00 5.132608334772657876e+00 4.960743878868448142e+00 5.583094362030765367e+00 5.413762578926795577e+00 5.355203456726187028e+00 4.880847916613597626e+00 3.258351729736595814e+00 4.988401524540718945e+00 3.841467126563233414e+00 3.451638083516602507e+00 4.202938887670188528e+00 2.885661561838293476e+00 3.146813645864479536e+00 2.876130117597829994e+00 3.484041720594764691e+00 3.386303383754411200e+00 2.915434560086928695e+00 3.051780748313579039e+00 2.345617945497726176e+00 1.943143843869371556e+00 2.120818470705628567e+00 1.503894675335077258e+00 2.008272774785153647e+00 1.370386348545961308e+00 1.518270442264390230e+00 1.367373132816216641e+00 1.195390987386980131e+00 1.179275021979867333e+00 1.492369191704269404e+00 1.190414738741122580e+00 9.148219946142506220e-01 1.244716524818536341e+00 8.700214976033532333e-01 1.114045057354957846e+00 8.524016247762394860e-01 9.237495636249629660e-01 7.436304076591656598e-01 5.930887406264724326e-01 6.819251777674155690e-01 4.860689282598762984e-01 6.425627246720576613e-01 5.105957075672132861e-01 5.056430041735279213e-01 4.974476624601405494e-01 4.527941460429693588e-01 4.619642999806463091e-01 3.568982193930537172e-01 3.373968804603839633e-01 3.974778263649901278e-01 4.303457723489432230e-01 4.790007207858790750e-01 5.419010780342485845e-01 6.597392108622706086e-01
1.016854440868743659e+00 1.082411924217319577e+00 1.466910625012790348e+00 1.922696295168700553e+00 1.609171210779958949e+00 1.953463035337603682e+00 3.016683879331523599e+00 3.797409039368072836e+00 3.307487178183563969e+00 4.177539667396477086e+00 4.756058072527993730e+00 5.714947851566146042e+00 4.597491239421317211e+00 4.970072917498847609e+00 4.930216981728912096e+00 4.993204675243108071e+00 7.498273887643841285e+00 6.593071308496981864e+00 7.466801046393711339e+00 8.404752150573617797e+00 6.293496666186758404e+00 8.384813028649556799e+00 6.428260873338483172e+00 7.426120252581632997e+00 6.414699531374560948e+00 1.001157048227202928e+01 7.300704127778200991e+00 6.736320979109406970e+00 9.276351077849382065e+00 7.511938529993316571e+00 7.892801338246886900e+00 1.138815135195195616e+01 7.442232519873572372e+00 7.095671316652197191e+00 7.632812569862018393e+00 1.074238746079032047e+01 8.224167996816678539e+00 1.078239960145637610e+01 8.211990886074339357e+00 9.173559947214092958e+00 8.654402971979120451e+00 9.947947247282591832e+00 1.070686533909060323e+01 1.098672884130785832e+01 7.931074183672371269e+00 9.619761866828049790e+00 9.002221709972824115e+00 9.395463843725023523e+00 8.355411197566670722e+00 8.480509730860418927e+00 7.557925936247097631e+00 9.429434365938293539e+00 6.234138236366426611e+00 9.789825461643776094e+00 8.381297730054019013e+00 5.838404392645200502e+00 9.244538050877460833e+00 8.064451022981089068e+00 7.944851431266109820e+00 5.300741858156321484e+00 5.456078054785712617e+00 6.262339459823241583e+00 6.200943782343404820e+00 5.729243437440542763e+00 7.343930909664851292e+00 6.254562378878274487e+00 5.501427456445663999e+00 5.641321937200524772e+00 5.366671465547680597e+00 3.805815979295576579e+00 4.730799172269279929e+00 4.115877745389815878e+00 3.647180345365401255e+00 5.240449927035877309e+00 3.131299319227623723e+00 3.131149661242347726e+00 2.959594114736905812e+00 3.497577791410867221e+00 3.920263039512795089e+00 2.574159083160331818e+00 2.382776564040160583e+00 3.537292315449195090e+00 2.214452802607902004e+00 3.298268041168754383e+00 2.472643725420283545e+00 2.908925351097685130e+00 2.124702023500704140e+00 1.923842719320858041e+00 1.606320268572657417e+00 2.034779335295602287e+00 1.443724989507993772e+00 1.323292966797933623e+00 1.934549559550277520e+00 1.745115100845112899e+00 1.385979797913436506e+00 1.191924182423315770e+00 1.190722170883068198e+00 1.419243142045624406e+00 1.222864978259821545e+00 1.043967679733842635e+00 1.075384071689266197e+00 1.056973312946585919e+00 7.680721365549652013e-01 8.197001155440454268e-01 6.230656217132923835e-01 5.198217243076972416e-01 7.531401548771899934e-01 6.003894292608278338e-01 6.040759154170816103e-01 5.625727716833627268e-01 4.973555157895091505e-01 5.148540510461326880e-01 4.593905940366492802e-01 3.082332094975399062e-01 4.234846990904014286e-01 3.521114250296370485e-01 3.256554351649465495e-01 3.893695775573863815e-01 3.867302850419366833e-01 6.136431598230955853e-01
7.085200855761757399e-01 1.387338126751780143e+00 1.571614564611428566e+00 1.462624322025838808e+00 1.828627379325749480e+00 1.896324921057085833e+00 2.906095485984327098e+00 2.986333107840891010e+00 3.442904610874781390e+00 4.111862363935244069e+00 3.674260258989984873e+00 4.751367077181142484e+00 4.901585221716740826e+00 6.336586625339361234e+00 5.324880094529317986e+00 6.954459683981689899e+00 4.974518823108467380e+00 6.199990480911407253e+00 7.351488090345303483e+00 8.534717235154003490e+00 8.385584522032425880e+00 8.114228232390477302e+00 5.992434075533092042e+00 9.181303821850933744e+00 9.888358354623472124e+00 9.129295487231267714e+00 7.903344975274799289e+00 8.620738433035603165e+00 9.464384378925048580e+00 6.849284193865138093e+00 9.570033071219173237e+00 1.148312071889507990e+01 1.001814405145945663e+01 1.054099045055886741e+01 1.056925140028338639e+01 9.627138441351650755e+00 1.170886812688925183e+01 8.001777162461955584e+00 1.008897869736734876e+01 1.078624844275039685e+01 8.915207448494269826e+00 1.009395790696114403e+01 7.831566627071348208e+00 1.025975037390345079e+01 1.041457049801396906e+01 1.069117086331424815e+01 1.022534799201273614e+01 7.716072576899149382e+00 7.067157380285403079e+00 9.231551929540945167e+00 7.825392929200072345e+00 9.642754688587102052e+00 9.581675149909829159e+00 7.413553447354710002e+00 8.537360899207699916e+00 9.289203599679114021e+00 6.258485449420917668e+00 6.055081050405540566e+00 6.962678168785878086e+00 8.296055604637713188e+00 7.659069532792392998e+00 7.506613223746244401e+00 5.891810068371917453e+00 4.999125876987656980e+00 4.568308227370823538e+00 5.315940906130119714e+00 6.707723269756317386e+00 4.320801179258679348e+00 5.343909611443100616e+00 4.504678277884545778e+00 4.684741391291876056e+00 4.645518811827814787e+00 3.590409915237697369e+00 4.597279869663896790e+00 4.678553640408551040e+00 3.272583210631755612e+00 3.259001478199442303e+00 4.040356048504400555e+00 3.240717430321160109e+00 2.837229320039519109e+00 3.257803370935321130e+00 3.011540870351493204e+00 2.321692059427601595e+00 2.621143615793850135e+00 2.599529404864942883e+00 2.284655454643202077e+00 2.151764552510853967e+00 1.796822526952198906e+00 1.557321214611892657e+00 2.376512664454059287e+00 2.052746934941602319e+00 1.978928933257143585e+00 1.881794527062085054e+00 1.474211263144673989e+00 1.582807315348129462e+00 1.191293427552773565e+00 1.490506795330847511e+00 1.106619983411548436e+00 9.612075467153613495e-01 1.174665475680696902e+00 8.910026270329197695e-01 9.394439320887582046e-01 9.223665289289939562e-01 9.730887486717965107e-01 7.958793425888495143e-01 8.195806670635453761e-01 7.166376937208225328e-01 6.133606402830620308e-01 6.230519300913074376e-01 4.174012548151972424e-01 4.682579566680667993e-01 3.803034804160781990e-01 4.650682099763028265e-01 3.143471641079967349e-01 3.667830748330291879e-01 3.934780408967883392e-01 4.003582966302307589e-01 3.360142104374158056e-01 4.733127812475320662e-01 6.856810157831754182e-01
7.058137076286914446e-01 1.189032449568147687e+00 1.629792734031352941e+00 1.680593299615165570e+00 1.514875660594773299e+00 1.780314468579195397e+00 2.105778524296637144e+00 2.329811573661541235e+00 4.033026156773052762e+00 2.848122630176628256e+00 4.050724142774377867e+00 4.593649827931955087e+00 5.311548048471822270e+00 6.422075343666817204e+00 4.513183866315444881e+00 5.378854224197005429e+00 6.564288214277792299e+00 5.146227293428360383e+00 7.106622296211115852e+00 8.331833253659228333e+00 7.380413346820366094e+00 8.127487363907949458e+00 9.406304951930472669e+00 6.778511856995896423e+00 8.589825103538542450e+00 9.113622431724753170e+00 8.219839291120404567e+00 9.737536008016373756e+00 1.008958016907245714e+01 8.519843043622019607e+00 8.023981056087349018e+00 7.482344467353759576e+00 8.491379828243955430e+00 7.392451750647634157e+00 8.579700274426649287e+00 8.735762548967565877e+00 8.996092198867067680e+00 8.785381575459023651e+00 7.620971472120248613e+00 7.831912944013948774e+00 1.060353066805535427e+01 1.092312783968621481e+01 1.067185270340158354e+01 8.586138838260238160e+00 9.121151849395777944e+00 6.842396517609103945e+00 1.066624278101503442e+01 1.087862651031609751e+01 6.846665425417771011e+00 8.364647501148017028e+00 7.859910145764160028e+00 8.887780043247785144e+00 9.189895476955109999e+00 8.117754911692776076e+00 7.538970261667010675e+00 6.281652081087444550e+00 9.175817678194334803e+00 7.211451143798115915e+00 6.817097173703328572e+00 6.060469481571612249e+00 6.756130557604299369e+00 7.000084931946753741e+00 5.919962963755307506e+00 6.658616355628538486e+00 7.318556594179702834e+00 5.898914784309335246e+00 5.725412615250159654e+00 4.390770032820610957e+00 6.432771450254733736e+00 5.952693804019527413e+00 4.324333986016483777e+00 5.114539249302327839e+00 4.568586270777146296e+00 5.103438654925103179e+00 4.041207472124781042e+00 4.579362165423560782e+00 4.488795569310652489e+00 3.474960028457070305e+00 3.282286518871589731e+00 3.362037179232524764e+00 3.881863510866907063e+00 2.504025107641558723e+00 2.223011162855155654e+00 2.664922235368818892e+00 2.757522882865416580e+00 1.864457912629270186e+00 1.873795431670405520e+00 1.830517400476540990e+00 2.088814433492621525e+00 1.952243618995327390e+00 2.048859112149759909e+00 1.763473796387301729e+00 1.582927127776906140e+00 1.302341340184663965e+00 1.558872226401978089e+00 1.414713377171178621e+00 1.147050794247408412e+00 1.340195108138759528e+00 8.495446025708860427e-01 1.210960580286209565e+00 1.171743573234704794e+00 1.117728656036117263e+00 7.752791003985398666e-01 6.792973521063440101e-01 6.374371287601412472e-01 7.616303522842736706e-01 5.853835304107334325e-01 7.324372785476882530e-01 5.719366394209661753e-01 5.779972031614113437e-01 5.286593222442054207e-01 5.012078880391112046e-01 4.264258674238394775e-01 4.660742334462562031e-01 2.951011316117457262e-01 4.166310133799153159e-01 2.983553245426150968e-01 4.089940348340874721e-01 4.348879313044717310e-01 5.087890638911544139e-01
6.556803839400945355e-01 1.176809656757816125e+00 1.267458729731578471e+00 1.498952875260400441e+00 1.957946533633798891e+00 2.618302187697531647e+00 2.798405042197726011e+00 3.070442297267271137e+00 3.267824586525961195e+00 3.278847413960094048e+00 4.943119329686881613e+00 3.985800721455381002e+00 4.691867752385181056e+00 4.399896064161733733e+00 5.370287911555925220e+00 5.282154121679641712e+00 5.862339009876403217e+00 7.513966643475510132e+00 6.727747803727874398e+00 6.681020480828283148e+00 8.287995329227973329e+00 8.498300538163118034e+00 6.076113627950903151e+00 9.108654295494330810e+00 9.015681359109635196e+00 1.019588321153863220e+01 6.993116673731541333e+00 7.011683155568418258e+00 8.590110048378521768e+00 9.010538990094218548e+00 9.345941054672724846e+00 7.484738204486312441e+00 1.097757012914130392e+01 7.600527853942153023e+00 1.032090135936631192e+01 8.678912489394198460e+00 7.218132295536351606e+00 7.095914262244961357e+00 9.615769485799866345e+00 1.024951245286962020e+01 1.081603673847402014e+01 7.570468160223001952e+00 7.723204295164202371e+00 1.049482499032047578e+01 9.619741030945615279e+00 1.093165015685799979e+01 9.142611662971614095e+00 9.391238979975428336e+00 1.076041820139583649e+01 9.065175613286971412e+00 8.188951618016204748e+00 6.809629101477075785e+00 9.305738109576523698e+00 8.094876410383681886e+00 6.191076595572572394e+00 8.333205332192507697e+00 6.668362967867752289e+00 7.208050549599986034e+00 7.118292254265651486e+00 8.648451047677871983e+00 8.134526988759102295e+00 5.123256511406231617e+00 6.420638617528785730e+00 7.164512514108717589e+00 7.396084167305087220e+00 6.456148135058333182e+00 4.517751623950314155e+00 4.569754657145713495e+00 4.113786913163872683e+00 6.362216042170280694e+00 5.430814592691771026e+00 4.019657039703118606e+00 4.138775679000022301e+00 4.722369702475996966e+00 4.316926901310648823e+00 4.151874189908814294e+00 3.092644870458916451e+00 3.134998528368292181e+00 2.755850787633820076e+00 3.962307505312424816e+00 2.676202320299452708e+00 2.565960878862498351e+00 2.829806702642166272e+00 3.388844604284042550e+00 2.815794182467450391e+00 3.068022456397277331e+00 1.808265917198953465e+00 2.325324075216603337e+00 1.965026909931514298e+00 2.105876998961802027e+00 1.605991533445266572e+00 1.559189341691000541e+00 1.571588215534171384e+00 1.811985786015032129e+00 1.580233882272600754e+00 1.204267134177223086e+00 1.377749267131322952e+00 1.310368191688993544e+00 9.402310111289977623e-01 1.314540537612963966e+00 1.153691428187563206e+00 1.023561670059117468e+00 8.495375352846910033e-01 9.112206338282662355e-01 7.120047094361788842e-01 7.603705809219098999e-01 5.979104912178047071e-01 6.575500735784892692e-01 4.644433557238188404e-01 4.182409906692183821e-01 5.065547370164278362e-01 3.946207412965882511e-01 3.956682164641194821e-01 3.029636722770180368e-01 4.251169892306774223e-01 3.217850642137937700e-01 4.773864064330307633e-01 4.386118951341776429e-01 4.547075397540698560e-01 7.005029352869307502e-01
6.312100871259110901e-01 9.678550481883713141e-01 1.327976226257718606e+00 1.899445812085477581e+00 2.238716320900765222e+00 2.360048757042165324e+00 2.544592278811214303e+00 3.387575045339116908e+00 3.583039342750398593e+00 4.379688460013095863e+00 4.747926775385867160e+00 3.273684467962523659e+00 4.978024624005842114e+00 4.272733814387457585e+00 4.291890481944274249e+00 5.938645017602974363e+00 5.394933441308937816e+00 5.619696143367902685e+00 7.675266749809339650e+00 8.608462800360587863e+00 8.599092325912065959e+00 6.447363187857326317e+00 6.784349597278804822e+00 6.772973125637530956e+00 6.714013691444773890e+00 8.618200045340717708e+00 9.198025900927721210e+00 9.544994654897266173e+00 9.705515158062203440e+00 8.694631716631885610e+00 1.007199830657723538e+01 8.648050556444983883e+00 7.421628694211815258e+00 1.056819558424166239e+01 9.071975715223334902e+00 7.905300664015284084e+00 1.095175614180973689e+01 1.094573620264238833e+01 1.041757422591586568e+01 9.066571039163060064e+00 7.236762735284913539e+00 1.133256468584593080e+01 1.023651278048910562e+01 1.040235672954518265e+01 8.103665716530327856e+00 9.840654784537564481e+00 1.023676370061261665e+01 9.151780721102866778e+00 9.541611925899694313e+00 1.066601771078045502e+01 8.780575346724294405e+00 7.910910975803616907e+00 1.000069082582898083e+01 9.022160071031239070e+00 8.302877796064134230e+00 6.647387171021672536e+00 9.279453378483903947e+00 5.725329628644126423e+00 5.918145487457242560e+00 7.399883573878847542e+00 7.277101377423043971e+00 5.276551345308819307e+00 6.654470819929174219e+00 6.589557399130844928e+00 5.018037555340067790e+00 6.955157531423259876e+00 5.718572452407811646e+00 6.548994734950900565e+00 5.189140051164631728e+00 4.638969244735089426e+00 4.742166825195317514e+00 4.638955464892699609e+00 4.659241005511161049e+00 4.962704013824430938e+00 5.016082140862561545e+00 4.652182063562856129e+00 3.525503563882123714e+00 4.497213988795401463e+00 2.737296074534450341e+00 3.929534458860450830e+00 2.587369824379003536e+00 2.795497341397664037e+00 3.063903221960740275e+00 2.204440144128379409e+00 2.252109936314731442e+00 3.044228252157578307e+00 1.845789483171685230e+00 2.805742201341012265e+00 1.835259290371851204e+00 2.290915497856600869e+00 1.589943848959508799e+00 1.505662063525984973e+00 2.028817632875458798e+00 1.744606892117877228e+00 1.451014867653539930e+00 1.147248342739175753e+00 1.521332961282134244e+00 9.737568418686857186e-01 1.180018169068212330e+00 1.011509799396889120e+00 1.075089898958195178e+00 7.821819809009109559e-01 8.789241956679658685e-01 7.849238506354137002e-01 7.998725948053938550e-01 6.544103116533979136e-01 7.254153778274025077e-01 6.799821915511797821e-01 6.408510760692726071e-01 6.551668378170355522e-01 4.164186196874126722e-01 3.688612625985219773e-01 3.398558541839011848e-01 3.151739475083213948e-01 3.505352744102024354e-01 3.135625739819842273e-01 3.025781865941893356e-01 3.280462223387458631e-01 5.660256988052858595e-01 4.862715607236688942e-01
6.624710935441562309e-01 1.326120531958378423e+00 1.622429207666076900e+00 1.309559571072270501e+00 1.768278820298707643e+00 2.059852665580988340e+00 2.056014222176182127e+00 3.494410686896284091e+00 2.580110307818396898e+00 3.289140163696089747e+00 4.461006397056488382e+00 3.556978121302288187e+00 5.238526437759562171e+00 5.957695652935815822e+00 5.214579518181921891e+00 6.259946509554731975e+00 4.815352450582689237e+00 6.508633173127702953e+00 6.279360581857422297e+00 7.809564304013536962e+00 7.463046094024821997e+00 5.925130082177649804e+00 8.306268541381019332e+00 8.527812697069864001e+00 6.381942764324016970e+00 7.422606731924742185e+00 7.241861587098051167e+00 8.289531566895469439e+00 8.473146129954361783e+00 7.842171637978399446e+00 8.302811843079085818e+00 1.070439042654660966e+01 1.021157432513457408e+01 1.105644489711330714e+01 8.897129222856806408e+00 1.011672213845640833e+01 9.751458532299224657e+00 8.316490712144267050e+00 1.081807133373715146e+01 1.143392654569096045e+01 8.947868324150970665e+00 8.473607066929529807e+00 9.272354654386235850e+00 6.960380360803270605e+00 9.586997049202357957e+00 6.758187457107587726e+00 1.042669219606752762e+01 9.220446517912584738e+00 8.461385437933877540e+00 1.054418965084078685e+01 6.807499586985614748e+00 9.410726844387628631e+00 9.141189402881858328e+00 9.496922747231520745e+00 6.454416343305584114e+00 6.488352487433399318e+00 6.790543900799071331e+00 5.794698770561167223e+00 6.975542131178551486e+00 8.698998441027480766e+00 8.046292173840367212e+00 6.781380513336802807e+00 7.076527136138411223e+00 4.938443532018499837e+00 6.445687067050921648e+00 5.277594357123100544e+00 6.297301194606466979e+00 5.657402155910550512e+00 5.358420935068155089e+00 6.454952704733264213e+00 5.884205605552073060e+00 4.942445955703271387e+00 4.823579748588239902e+00 4.708055651274844600e+00 4.437810969601188482e+00 3.649409306632198646e+00 3.810398145530797365e+00 3.253826164614998184e+00 4.221282547014386211e+00 3.909580495041243609e+00 3.782037050303408865e+00 3.205937561011926729e+00 2.557576227945049130e+00 2.463452022135858677e+00 3.332651495666458796e+00 3.079805233562534994e+00 2.419246671563423323e+00 2.389684795517642346e+00 2.656942088087879128e+00 2.486980757257760022e+00 1.546139011244840766e+00 1.623964999364355455e+00 1.667333887665533476e+00 1.291626249530889226e+00 1.922791701949556176e+00 1.149334188799345124e+00 1.666320032805197249e+00 1.517168930695901086e+00 1.412259558879908061e+00 1.295802063689345918e+00 8.848939545070529933e-01 1.035435142784985718e+00 8.243479113938104730e-01 7.007360649811399389e-01 9.541124626448796997e-01 7.893333462277731805e-01 6.651916724663917702e-01 7.736907402125142719e-01 5.649216681651448857e-01 6.368237060502685010e-01 4.250796867898377074e-01 3.681734413581161380e-01 3.738691418758607332e-01 3.516039000549032734e-01 3.369143770162638662e-01 4.725398427592805706e-01 3.724268640110226514e-01 4.097654755360363721e-01 4.422409350815322826e-01 4.822532964063138694e-01
9.366335753515867557e-01 1.005502689033904273e+00 1.099643761034058143e+00 1.299429904100008804e+00 2.003552582528838499e+00 2.617811185224467874e+00 2.472768882895439724e+00 2.983870108898830864e+00 3.228231970163815134e+00 3.510140713069100027e+00 3.979040059617852787e+00 4.439331274807978289e+00 4.257111327900974906e+00 3.646698686029220760e+00 3.977116021212731667e+00 5.740167848807935513e+00 7.254345911137151326e+00 7.605635748952266795e+00 4.940631923354303012e+00 8.085174259523766338e+00 7.955848160985945050e+00 7.867642099626612762e+00 7.368681054829059107e+00 8.618430565949859457e+00 8.419157463670353891e+00 8.189636854162376522e+00 7.583834565185900267e+00 8.551180644348335136e+00 9.009979514301123871e+00 8.272725464491818670e+00 9.154451724333876328e+00 1.059789584468085621e+01 1.130523613911219094e+01 1.051830530519327844e+01 8.552148530630436341e+00 1.014214260063439177e+01 7.642972503879696511e+00 9.451274251297805407e+00 8.678060583557465790e+00 7.385793622819336157e+00 8.142939777977387550e+00 7.015291148715850689e+00 9.161037538878417763e+00 1.022347419321781636e+01 9.952495880527193250e+00 9.379335499885003813e+00 1.063869165632498337e+01 9.470189547710436528e+00 9.186990274369229326e+00 1.063315979941830314e+01 8.187874296997975421e+00 7.350393459451220579e+00 9.731330382863244921e+00 8.060502337517103655e+00 9.609123840371351477e+00 6.705323671330747359e+00 7.423264513208724935e+00 6.630519975093913665e+00 7.723812308461872611e+00 6.211084045442403223e+00 5.247996330777772833e+00 5.463459184271443725e+00 5.571718799454767002e+00 6.196515541909592528e+00 6.345741918564178796e+00 4.771827313565800921e+00 6.762251037070951654e+00 5.908659855135303118e+00 5.730821768247209569e+00 4.875503457406312080e+00 4.051900480911102775e+00 5.572515669030206453e+00 5.612642027948636425e+00 4.371752063464573901e+00 3.995388180830475200e+00 4.979171364987213799e+00 3.286045652619233870e+00 4.400569939094605587e+00 3.612545840272007869e+00 4.351474411391995645e+00 3.166807894136160151e+00 3.220633652135659553e+00 3.358110747563881393e+00 2.256728353459504621e+00 2.515716008137949267e+00 3.218735110556941059e+00 2.102999368748045050e+00 2.770583690658884990e+00 1.666525909345256240e+00 1.927467084495963823e+00 1.792833122904893273e+00 2.317684102545417346e+00 1.675528263562785281e+00 1.332768274135396558e+00 1.326806568152295140e+00 1.734206104117787417e+00 1.334650761644530004e+00 1.380179900777843693e+00 1.324812072000732366e+00 8.694217621921911388e-01 1.316429270804948537e+00 1.212339040979395266e+00 1.016810360587086404e+00 7.868617742147662186e-01 7.549204100536418549e-01 7.128272028946639471e-01 6.172600340373776140e-01 5.907126734093440801e-01 5.840105127505811344e-01 5.907347798273380191e-01 5.846649081952496330e-01 5.096583696634598981e-01 4.280161986434307120e-01 4.473532857184175371e-01 4.186432427582966742e-01 3.559439295085776722e-01 4.764144494574630295e-01 3.372998714746736626e-01 4.828181348347597157e-01 7.185100833301053536e-01
7.170216117976883075e-01 9.221292239194468499e-01 1.277461956057996506e+00 1.569731334436711645e+00 1.718721731445374878e+00 2.298788536084569234e+00 1.991790542873117964e+00 3.218182380202290194e+00 2.894418803089370051e+00 3.977968229212863527e+00 3.305111158007838057e+00 3.861082487460810064e+00 4.066130294252280564e+00 4.611709721064098488e+00 5.480848563071343271e+00 4.171261617624684170e+00 5.687639673310532551e+00 4.690824351824675276e+00 5.746358604754255417e+00 5.652999054944459090e+00 7.397585502908861521e+00 5.847147037087290222e+00 9.128653164785934138e+00 7.042819521249838566e+00 6.385424176093323467e+00 7.434146351269131259e+00 6.489330777776491033e+00 6.746045881635588159e+00 9.001276284808779948e+00 7.397674386315208572e+00 8.782611385966392348e+00 7.829687850787384384e+00 1.056301752223328272e+01 1.108983782600896717e+01 7.482544117431782382e+00 8.031343578521880744e+00 1.071921850577895974e+01 9.795596300867758899e+00 1.034130771537127380e+01 9.578792461521484114e+00 1.005496301583680641e+01 8.322005217405932243e+00 7.545946731544758812e+00 9.301903612188157311e+00 6.868820843297894108e+00 8.637605614316189673e+00 7.835709081366529993e+00 7.517209794483326490e+00 6.745023862389420088e+00 6.986627045126004631e+00 9.390375141319108110e+00 7.272319454091818791e+00 8.992634953689465860e+00 8.517822424467608400e+00 6.698701748804591460e+00 9.359726980829490728e+00 6.478518450165183573e+00 8.818556031055370781e+00 7.962123307360697844e+00 6.663879877293332754e+00 6.835673911762210508e+00 7.074984976242264523e+00 6.678867177990915671e+00 7.902615847347250089e+00 6.167145200975631347e+00 6.823052963845575469e+00 6.286314513601453768e+00 5.020839508486939273e+00 4.249627931411673387e+00 4.625390406063186077e+00 5.778037888610660033e+00 3.891949981179223528e+00 5.195350635640846093e+00 5.485718542248821272e+00 4.325668442251275891e+00 3.976827876826570574e+00 4.441238234871877744e+00 3.495749963048844222e+00 4.610828747131143324e+00 2.970856827398177025e+00 2.863815149260558357e+00 3.210328319049811530e+00 2.789019726315579817e+00 3.160008767520282813e+00 2.727472200572411687e+00 2.816772422075687121e+00 2.499874145184103558e+00 2.126957179668673259e+00 1.747871373773096648e+00 2.406648418051766658e+00 2.186640423150274959e+00 1.735676632895109206e+00 1.454951958863137218e+00 1.331126237942117152e+00 1.720011719235345682e+00 1.545115789360888447e+00 1.275462193407027156e+00 1.555089394296549576e+00 9.436161675860038622e-01 1.346160451151893422e+00 8.612096416918277875e-01 9.490402664191037729e-01 7.507317323138427145e-01 1.090957615154582783e+00 6.634130025053611712e-01 9.194300565788811053e-01 6.294820846059538955e-01 5.844040212459775674e-01 6.082378892023323491e-01 6.066058083380018173e-01 5.783678640061606924e-01 5.214429649358963692e-01 5.849398331067661161e-01 4.960788815909099037e-01 4.955919245975604071e-01 3.529431975787943321e-01 3.227990151975392297e-01 5.095762669368573139e-01 5.705401932914515584e-01 5.586229353619174276e-01
7.081895657140000466e-01 8.524919172542348988e-01 1.195885153320349614e+00 1.797371321288970591e+00 2.130998889237815330e+00 2.335374972911674174e+00 2.323259029115263719e+00 2.454300879128605839e+00 3.096708321976377132e+00 3.841533035416016872e+00 4.117123975771643352e+00 3.041502776514550366e+00 4.931911289328641423e+00 5.654000298255762225e+00 4.734388271340168153e+00 6.079790452810075685e+00 4.570740474521490349e+00 5.130604939816379328e+00 5.330894459258924911e+00 6.281773211605617746e+00 6.312268578263404706e+00 8.028293614613968288e+00 7.609364324039601613e+00 7.247092534538663422e+00 9.374579989374243638e+00 8.316686758804475943e+00 9.772982278277247303e+00 1.009737999667618702e+01 6.530671177435202424e+00 1.048694159159207118e+01 9.474226490213581542e+00 9.461737544528855182e+00 8.749053268619652712e+00 1.129664531882283462e+01 9.407197234164328847e+00 8.755776988958308138e+00 7.528523983111945483e+00 1.034076995985728153e+01 7.349270879539531620e+00 7.107937359014702139e+00 1.104980826947458539e+01 7.608516413384729837e+00 9.778933825394808821e+00 1.139884690013734847e+01 8.992822124944641615e+00 7.212115469874754048e+00 7.815491444287817835e+00 7.865430346887754887e+00 9.615434130012868508e+00 6.600263661750526367e+00 9.847243503892258332e+00 9.302664882204005892e+00 9.333928731424276037e+00 8.191763948223895753e+00 7.498370099222023910e+00 8.395914677516104874e+00 8.067968406292736816e+00 6.418018526774424970e+00 8.039162132824902329e+00 6.338313371234518989e+00 6.334163877006445453e+00 5.118383844715783226e+00 8.050855729533441973e+00 7.429237173948558315e+00 7.343048984585162309e+00 6.475375932863903117e+00 5.246424893285734470e+00 6.434141950398085896e+00 4.830829390641840249e+00 4.452885867714432955e+00 6.362043825001124198e+00 4.721602496770310076e+00 4.299801260131146385e+00 4.856205437048928708e+00 3.667661086707659113e+00 4.308445210689537674e+00 3.836798904950716960e+00 3.276327898835447616e+00 3.864167015052258680e+00 2.762001566992900781e+00 2.669179951882143964e+00 3.844889770326575196e+00 2.729735363706462525e+00 2.367212051427834307e+00 3.364178396901501777e+00 2.678261401133817721e+00 2.574165688688288878e+00 2.865347363497360522e+00 2.707669734357340818e+00 2.104913433861618000e+00 1.905099794164317073e+00 1.943682751549613563e+00 2.173443634332885122e+00 1.543877591432866625e+00 1.891296385988688655e+00 1.805481086337073160e+00 1.644256025932597121e+00 1.402459640263532092e+00 1.333991764959186810e+00 1.135340812889269468e+00 1.336277981572685514e+00 9.600682097264140458e-01 7.618209587688722362e-01 9.656713116446645762e-01 1.002812221771526291e+00 7.852953219283865804e-01 7.570478811308405387e-01 6.942868885402146972e-01 5.921376120494532547e-01 6.503323352801342327e-01 5.721383240280010218e-01 4.699180022503608445e-01 5.025587085594230841e-01 5.046560847683492224e-01 4.280883323497557957e-01 4.567951776016752063e-01 4.342061986975826460e-01 5.243485462204637848e-01 4.374326072145625077e-01 6.202594819273875570e-01
9.145230257851516553e-01 9.562154641233899799e-01 1.253521265796688100e+00 1.316125486246312759e+00 1.853220420419572800e+00 1.843722566337582247e+00 1.915573076822941090e+00 2.749820722591880262e+00 3.583263266762980681e+00 3.034023732478257074e+00 3.841517760753703659e+00 4.755849965520821954e+00 4.190293088399567267e+00 5.673166619823676093e+00 4.144148262549177453e+00 4.178044803434062260e+00 6.786186301109102814e+00 6.376280125062333326e+00 4.999539469965293748e+00 6.579249871703843233e+00 6.877334076809550112e+00 6.263677321449442559e+00 8.735213740313705344e+00 8.528126215055491954e+00 9.658099487748184941e+00 7.881520660401011291e+00 7.137417674470674989e+00 7.429976601908315992e+00 8.378608846882167782e+00 1.012895249750662963e+01 6.744146351088314617e+00 9.727602649704136795e+00 8.709560179817719572e+00 6.877109348287588020e+00 9.776936417410375668e+00 7.765911562706164339e+00 7.100899621849252163e+00 9.606405204522449282e+00 9.884928381516054685e+00 8.634589782900578214e+00 8.807910940297841051e+00 1.034473850090408042e+01 9.064861570626598919e+00 1.136681710097894360e+01 1.132472403572415587e+01 7.602555387370926177e+00 1.091059109447305708e+01 9.030924881704239127e+00 1.091064712090937583e+01 1.010429760746966643e+01 9.563031981586307850e+00 7.984446731004096520e+00 7.024926057513050992e+00 7.325614120181563216e+00 7.599330903191852116e+00 6.645318573361368664e+00 7.227056350060416356e+00 7.204679774250650759e+00 5.768448507273253867e+00 6.242360840148620582e+00 7.673621596407553369e+00 7.584188987141792460e+00 7.728205019931341013e+00 6.263371920529167802e+00 6.728661459336939821e+00 7.420544170948792484e+00 5.694684589313526502e+00 6.872975437765498796e+00 6.107145396317493535e+00 5.729919931193329319e+00 5.338984351884265678e+00 5.082788745192983626e+00 5.988562379509397182e+00 4.004077537233653672e+00 3.373669100142886457e+00 4.361206696234205538e+00 4.284007799350462165e+00 4.349704465265875619e+00 4.112492723902994030e+00 3.114873452964644240e+00 4.092981986460248578e+00 3.319144324001177981e+00 3.485794899510486378e+00 2.985678827004426328e+00 3.081422759764883335e+00 2.961403296284697007e+00 2.040444417316912062e+00 1.950977751157513707e+00 1.781900302264151081e+00 1.832366592615491063e+00 2.377902710076715387e+00 1.890269055571986767e+00 2.304003918540896034e+00 1.496136565377278682e+00 1.507887450156094600e+00 1.195730408711236814e+00 1.587689702528312985e+00 1.216083051962599137e+00 1.443073758155076991e+00 1.369623786063786763e+00 9.654828105352640799e-01 1.222183900816657509e+00 8.685015621314170486e-01 1.013828745073486415e+00 1.035161580330085318e+00 6.741300987019939184e-01 9.228378828644728804e-01 8.149023674687569940e-01 4.978563196961878212e-01 7.004096777115049743e-01 5.323110966805707500e-01 5.289001822600414293e-01 4.692679871585524465e-01 5.560326678297414782e-01 4.969520333248778066e-01 4.105870971834164052e-01 3.812602450105596619e-01 4.399286702794838466e-01 5.845736188740650041e-01 5.276945548698770416e-01
9.918702431123173069e-01 1.245634970318783896e+00 1.085294400723687103e+00 1.245290292796038312e+00 1.868977488444001800e+00 1.973521348285733668e+00 2.452268965505521425e+00 3.009836569646913151e+00 2.512607445794743377e+00 3.804110522790260518e+00 3.001568807644777959e+00 3.645156318405788465e+00 4.263933482496430116e+00 4.338758723067561718e+00 3.865002460021713659e+00 5.321938047302215757e+00 5.428864273237178573e+00 6.070300722740439525e+00 5.966543656826461373e+00 6.714739182661763728e+00 8.204982962289360415e+00 8.654241465499582731e+00 7.327217933588049625e+00 9.190061820620520905e+00 8.238181672054340154e+00 8.806011678218773397e+00 8.056151182836789104e+00 8.343413113596140462e+00 6.628250978282442141e+00 8.108984766324251581e+00 8.310738805212562141e+00 9.274770054955746801e+00 1.049032664640088974e+01 8.597530773341443222e+00 9.693427177749455836e+00 1.133959339517086740e+01 7.656325931740671997e+00 8.013896218054979315e+00 1.146381554354390353e+01 9.475992736318703535e+00 1.069221810359069380e+01 9.849938174996765383e+00 1.027790717167304813e+01 8.184391983608669818e+00 7.371413087137336007e+00 8.516664432142858843e+00 7.658278137310796652e+00 7.251218040783412810e+00 8.829185750643235409e+00 8.058832033074191159e+00 7.968839583642362889e+00 7.030507489301853319e+00 7.606034758372222981e+00 1.009174482526971950e+01 9.574677114249592336e+00 5.923954206661451671e+00 7.685781168218110082e+00 7.187526162621883152e+00 8.986457253149691127e+00 8.265433364805311101e+00 7.991241241777133908e+00 8.324402336207972652e+00 8.245121005345890097e+00 6.004940880679193072e+00 5.425664608111607556e+00 5.451773092211261051e+00 6.804369630698517746e+00 7.144960323379805800e+00 6.650293182087498423e+00 4.796286796237920314e+00 5.822795139149829602e+00 5.018370951641380806e+00 5.524159539418408649e+00 4.733119649278945573e+00 5.381863499587474564e+00 4.838935082677362942e+00 4.887987355746678197e+00 3.234818586952537878e+00 3.637831583652950673e+00 2.755549353167753068e+00 3.686786846626509462e+00 4.112278016754385312e+00 3.269915942620564842e+00 2.978757729249149833e+00 2.469386448907716414e+00 3.403937699646118364e+00 2.517024058820368282e+00 2.771856925139176919e+00 2.923219087642196179e+00 1.683250117165911997e+00 1.899922159966440649e+00 1.635813474838804238e+00 1.565605546730636233e+00 2.094900066975685426e+00 1.387435596069914956e+00 1.749149504659317955e+00 1.554561291220415864e+00 1.523319267065346816e+00 1.540279998513278681e+00 1.179038565664360050e+00 1.015448304546566982e+00 9.356505787724360701e-01 9.603950534642523573e-01 1.195268666500324706e+00 7.930179259653992174e-01 8.114599643538008555e-01 9.175650392256617938e-01 6.600800137603648476e-01 5.881759759515442498e-01 6.769608670293162378e-01 5.614691555459331296e-01 6.333462485086699401e-01 6.022445703613744650e-01 5.940097293817684365e-01 3.730262323720113793e-01 3.803734539995527464e-01 4.573105895424585676e-01 4.986667838368860073e-01 4.149228431165880582e-01 7.310075986479920296e-01
8.071296089253821027e-01 1.132114337414817262e+00 1.402509765269782216e+00 1.679672734472457352e+00 1.934544573265321921e+00 1.982501789675987114e+00 2.176043401010637091e+00 2.275689414253410092e+00 2.860928213859774694e+00 2.748985351931759524e+00 3.104105660686291568e+00 2.911929743954485783e+00 5.040971997102583479e+00 3.755814973101256449e+00 5.351508061993934362e+00 4.315451353336303697e+00 4.090083314486022914e+00 5.102673813403364456e+00 4.813578560859941291e+00 5.165430750918047487e+00 7.265629606149031972e+00 5.963273749060855167e+00 6.404762387650001720e+00 9.204064822461489825e+00 7.991981953354373225e+00 9.602163709763688715e+00 6.212898907217234701e+00 8.153514499998829379e+00 6.317274353703717260e+00 1.024076094719148777e+01 1.005915448264097023e+01 1.000808101827473173e+01 6.736250086952578542e+00 8.751481172701279121e+00 1.085440390694999913e+01 9.879679174098178862e+00 8.922816796298043585e+00 9.164664489837583972e+00 8.177383064483763064e+00 9.871896756738236078e+00 9.740671192841766413e+00 8.801831247634552824e+00 9.401570291921467870e+00 7.258573856826989079e+00 9.906084886289978186e+00 6.856586756230966806e+00 9.713465233551566769e+00 9.632480917534458342e+00 8.902777741627000196e+00 9.586250290929289264e+00 9.486089745725982070e+00 7.725321412072363891e+00 6.573028683404469774e+00 8.911217869138491565e+00 9.133894159731314133e+00 8.966536836449632730e+00 8.866881654838753235e+00 6.571686671025858573e+00 6.798850763045679813e+00 7.900950306999448003e+00 7.269782308119393299e+00 8.240528098310072380e+00 7.094206637535410032e+00 6.810903756282745469e+00 6.940557926701734104e+00 7.169944089736511650e+00 7.074075805100234149e+00 6.435790234132577226e+00 7.020971328270010581e+00 4.357506959260710744e+00 5.554679080329973928e+00 5.934718284891202345e+00 6.107734910791359439e+00 3.715157966451395843e+00 4.582309167251950477e+00 3.797069858006008491e+00 4.402452431504284114e+00 3.730770904515719799e+00 3.484377841687074540e+00 3.916932888951304204e+00 3.994710383315706270e+00 2.760533300778611476e+00 2.518780029331797898e+00 3.319622143502435119e+00 3.600581185335431034e+00 2.388210273433466035e+00 3.079793085503149452e+00 2.457716712789959512e+00 2.236936101708076219e+00 2.653678658291850567e+00 2.419260361153571903e+00 2.367287325842104551e+00 2.302580072321247950e+00 2.192170011615185210e+00 2.029156128798427883e+00 1.711209312875480615e+00 1.195410800569101095e+00 1.740949652719304463e+00 1.436859731363168580e+00 1.118109826678780783e+00 1.078132278805874922e+00 1.302221811890232228e+00 1.053411818738429151e+00 1.142944027512899474e+00 1.042543769636152584e+00 6.454274717868793143e-01 8.601942615967006489e-01 9.146867535787369663e-01 5.434046823756100153e-01 7.102559151589608044e-01 4.963316056881951766e-01 4.560265976754144801e-01 5.159808761181421399e-01 5.784519659011474468e-01 4.652262383211053787e-01 4.087406779500803999e-01 5.096183631812327697e-01 5.169366424900783130e-01 5.532616995037910046e-01 7.666205671412887890e-01
7.286026419106589325e-01 9.035042490169229445e-01 1.137782069187498246e+00 1.553863695527402777e+00 1.466437531008021100e+00 1.799666529387224712e+00 2.410485198822905240e+00 2.727455896180456030e+00 2.185523758140891726e+00 3.070653628854270067e+00 3.289095248181308939e+00 3.114704788988940543e+00 4.813957128561051846e+00 4.693929923562371265e+00 4.447676307875521928e+00 4.812464868187463551e+00 5.609365944442360252e+00 6.899240511828865330e+00 4.646235817499698939e+00 6.711509084080729437e+00 6.084342585234442602e+00 7.072155924835191954e+00 8.104413163662345099e+00 8.696598237291865985e+00 6.227534460351096257e+00 7.523151360926394915e+00 9.819966812734145734e+00 9.744511158604570511e+00 8.335238967136652022e+00 9.613920803198473308e+00 1.000655935721222178e+01 1.024459698523139117e+01 9.505871668512389405e+00 1.055698221839177187e+01 1.016504435922320404e+01 7.131226258588796441e+00 7.670979642704451429e+00 1.101308821485621614e+01 7.186271806955087271e+00 8.402570243998319199e+00 8.504429392646192909e+00 9.820155894872693025e+00 7.655912857592860554e+00 7.129512649781259093e+00 1.020394378179182482e+01 1.017090618269818769e+01 7.653056811445083873e+00 9.596799910860060123e+00 7.386004133419758588e+00 8.199040527451264992e+00 7.663206084426527731e+00 9.456514246051169081e+00 9.746073072034844742e+00 1.021245440050283371e+01 1.001028775288555117e+01 6.762670248984909094e+00 8.055542970714702378e+00 7.251087350306486101e+00 6.342084723087253018e+00 8.395686823108549746e+00 8.830504936133557692e+00 8.368860389991999327e+00 7.204962362883713389e+00 4.965380308792006758e+00 6.389692400627184909e+00 5.730600773523869762e+00 7.545201166943910742e+00 5.925741306934139807e+00 6.529799339703061811e+00 4.376996406280494689e+00 5.531638253405629868e+00 5.219118665712009886e+00 5.671070020519858979e+00 5.863589933013719779e+00 4.559072806140712864e+00 5.052679709086556947e+00 4.367096353030278877e+00 3.278131418719185675e+00 3.256676053779441471e+00 3.651613178427748796e+00 4.415200745690791351e+00 3.244911659744931232e+00 3.331253930270351216e+00 3.250009185169694614e+00 3.295383196106312251e+00 2.317859794256954764e+00 2.076003153616251762e+00 2.772610149463676343e+00 2.709689071044156794e+00 2.164477534823871618e+00 2.431905098440281687e+00 2.159921311049043169e+00 2.169940298927058198e+00 1.427377610564000143e+00 1.860409514382386442e+00 1.328523884824145185e+00 1.822823930983210827e+00 1.625335157344743875e+00 1.436531080765086177e+00 1.556607136877071529e+00 1.051625969939678606e+00 1.383930856365828355e+00 1.008461020822105869e+00 1.143591187072713788e+00 1.051993262204442114e+00 9.744886047013637809e-01 7.407964720721786911e-01 6.609494670259604687e-01 7.812120646976407068e-01 7.227425453415603496e-01 4.784929157369900432e-01 4.364051359060536206e-01 5.380654309733657881e-01 6.056721536375571091e-01 5.218904652008202749e-01 5.256978934645537560e-01 5.241204982637341914e-01 4.052508017184739963e-01 4.868684752875350186e-01 6.302081489043924734e-01
7.700831876579450341e-01 9.026957376749409345e-01 1.411746045648120340e+00 1.150032345996854444e+00 1.594692452620819267e+00 1.566528128656014207e+00 1.711897243159952398e+00 2.702207336057195874e+00 3.035385099776062301e+00 2.357657218227853679e+00 2.854313971371080338e+00 3.962456382952624701e+00 4.675979788427673256e+00 4.355629656780727110e+00 3.818938879093167316e+00 5.697535546358768244e+00 5.662048186829003349e+00 6.722511280608363116e+00 5.681564474505488072e+00 7.406389122490717014e+00 5.166936444224440095e+00 6.391353952064217303e+00 8.016674427857049423e+00 7.511767835901968837e+00 6.730384200682732576e+00 7.317330953953978145e+00 7.268448389796905218e+00 7.099992522775942838e+00 9.794088881926647616e+00 7.721352376691730690e+00 6.661030578029917493e+00 7.206106859378563989e+00 7.376405105971676868e+00 7.613184551460714822e+00 7.421764114426890657e+00 7.107051990518506557e+00 1.033636592097653661e+01 9.592308784367061136e+00 1.068928031610293061e+01 1.109676509217820772e+01 7.859391287610290711e+00 9.033025735505880505e+00 8.905721655375215207e+00 9.652008637941632330e+00 9.403158307176878949e+00 1.112320707177683055e+01 8.916616678491013914e+00 6.731613426859200722e+00 7.101861251109944817e+00 1.045360657589281494e+01 6.717448040922497476e+00 7.888577014269167798e+00 7.120060590189146055e+00 1.015517940822524601e+01 9.902353328275442124e+00 6.898619835340965345e+00 8.934096278180268413e+00 5.969895911522093535e+00 8.570881641089220793e+00 6.955762316492223540e+00 8.863300464036926840e+00 5.862250634387544679e+00 5.221340089994905398e+00 6.125302619597620790e+00 7.280875808382167413e+00 5.409337786550722171e+00 5.524239489228438771e+00 6.800654726983892395e+00 6.184651541222222271e+00 4.969611518484592594e+00 6.531760370976167351e+00 5.745949010012290969e+00 5.483261756382391994e+00 5.403814473229947346e+00 5.341213771024553303e+00 5.378184050216067824e+00 3.497752791766868707e+00 5.062790870091193440e+00 4.538925878216742760e+00 3.944859880558361009e+00 3.172622842178117519e+00 3.663410606456484420e+00 2.787913406675262440e+00 3.394599279639678446e+00 2.328620626473723920e+00 3.150924496074203773e+00 3.346131538655219284e+00 2.628105732869600697e+00 1.913446045180740906e+00 1.880646984171703284e+00 2.455779729456416760e+00 1.971587278890266415e+00 2.216018214890764337e+00 1.567404899111435101e+00 1.578444347634887057e+00 2.050450679193668080e+00 1.919113237336804723e+00 1.242724415105011637e+00 1.455781648535696249e+00 1.057201527193737389e+00 1.177386383812766502e+00 1.391051832083092910e+00 9.271453986784782275e-01 7.945154295592873339e-01 9.556561923617737930e-01 1.019766929547030188e+00 1.027003738562511037e+00 6.348324219085109688e-01 7.266870543863983567e-01 8.218657512412916866e-01 4.937847236920006599e-01 4.549243912961842828e-01 6.125294473468160250e-01 5.497396324262828760e-01 3.943951976260673953e-01 4.534473117562206057e-01 4.140817169237938078e-01 4.910672419229388797e-01 5.329650669575346500e-01 6.231321491314033567e-01
7.278941780446154253e-01 1.196419567730100386e+00 1.100186422336171699e+00 1.681011330967905559e+00 1.596768765818023406e+00 1.903433197909307539e+00 2.657300777528953439e+00 2.030353315140361214e+00 3.317823287717529102e+00 2.657712177523116281e+00 3.787357727958888809e+00 3.320640179052574581e+00 3.663973567979897261e+00 4.334966231526415470e+00 4.910557319290675515e+00 5.574609983343469466e+00 4.690144137551189196e+00 6.107176622932447785e+00 4.596320164900974170e+00 7.056666285751528989e+00 6.332301100190559140e+00 8.101043859070857778e+00 5.312657642419962301e+00 7.109833821870235937e+00 8.162858459461039828e+00 9.137639513278204006e+00 9.666902617704785428e+00 6.496271861192853159e+00 7.549526923114441068e+00 8.260995960028909124e+00 9.397519649411606224e+00 8.711538117735448949e+00 9.204038459224740620e+00 1.079289574270102925e+01 8.496042237866861413e+00 9.334440031753935330e+00 1.077267402008038388e+01 9.700056555918544987e+00 8.859193692750222837e+00 1.101231094008595690e+01 9.844331852631396984e+00 1.121976479316853670e+01 1.083879691901005593e+01 7.115422271420756672e+00 7.525344055884713335e+00 9.360478159413212040e+00 9.084079284014661582e+00 9.253381793445532466e+00 7.950316830340050878e+00 9.691294943071397938e+00 9.771388210894297544e+00 9.711233283630710034e+00 7.479069723885935161e+00 8.015522832897131522e+00 7.815212702720760518e+00 9.221923433974549056e+00 9.000224553341496403e+00 8.757524167015537486e+00 8.121684479631989362e+00 5.683257845792093477e+00 6.447985482094626519e+00 6.864557253217128618e+00 6.576971549327500277e+00 6.768668624789331290e+00 7.790860926543864196e+00 7.164494268781683495e+00 5.184962822847103858e+00 7.078509961704028797e+00 6.252869147000255978e+00 6.629046633720783177e+00 4.537920289845548183e+00 3.955496998422806332e+00 6.272711246649705252e+00 5.993041076945869072e+00 3.983663650100513376e+00 4.984433336215616350e+00 3.337204863873982408e+00 4.587772522944319142e+00 4.769711726464900714e+00 3.173446327620077501e+00 2.961363014112902370e+00 3.673437125710777185e+00 3.494481860448649613e+00 3.270550527973872246e+00 3.660287793551400881e+00 3.090451246579170697e+00 3.370143003639365809e+00 2.108422364178343944e+00 2.621593215944507005e+00 1.984213029494098945e+00 2.120691657274625275e+00 2.499163670090845724e+00 1.792766747621741708e+00 1.486134520280287141e+00 2.103795584269035679e+00 1.409371503627840472e+00 1.836003653831041360e+00 1.518575751537154295e+00 1.678432726148083365e+00 1.630803700712790016e+00 1.126073687231045950e+00 1.130736405502190012e+00 1.080992793640470628e+00 1.031624690733885297e+00 1.165042478371457690e+00 9.749261445763643952e-01 6.749999249229580167e-01 8.202409642176766713e-01 5.856424961349155911e-01 6.188060921755542676e-01 5.295726444293865631e-01 4.682271494518037147e-01 6.341286628739177811e-01 4.554252488512559038e-01 5.157951457819491825e-01 3.944497433183396518e-01 5.657979688649666938e-01 4.848929749427228209e-01 5.209107163248599681e-01 6.190215396251848023e-01
7.635046290287187398e-01 1.190521356671877751e+00 1.129532990277687166e+00 1.053838352835909653e+00 1.323550175977313392e+00 2.168972863103831195e+00 2.125785711086664254e+00 2.423139819251047378e+00 2.590790034847195056e+00 2.371115798391185692e+00 3.892171462113389158e+00 4.146102133015268087e+00 3.306238937525704191e+00 4.220832238613763110e+00 4.464421114121949863e+00 4.967750323966074077e+00 4.300744150367477481e+00 5.761116653531304976e+00 6.720974910590796547e+00 7.362892755452832283e+00 5.514874620494573776e+00 7.797613310779603069e+00 7.025818574281823992e+00 6.704958454848078730e+00 6.568119109377971832e+00 9.032334505740157837e+00 8.367001404023657329e+00 8.515369735191608669e+00 8.525034161142826861e+00 8.837940348510022304e+00 6.574217956441636979e+00 8.236424066850799974e+00 7.422350545738327199e+00 9.840524867417867583e+00 1.057436245412636389e+01 1.045535301225526581e+01 7.868246968525935969e+00 8.788335427011956469e+00 7.415243182236961772e+00 9.675546314337410081e+00 8.627897379595982130e+00 9.219424660642784985e+00 1.034584084788950697e+01 6.983456121823873097e+00 9.504525382144716872e+00 8.945602220838370755e+00 9.343280327572806243e+00 6.983718368496243833e+00 8.134690531709685146e+00 7.554394510494362613e+00 8.650375032558534016e+00 1.049051121176189838e+01 6.806257181897864328e+00 7.123848655779678296e+00 7.030144365049001642e+00 6.403167327513559215e+00 8.349039606661602164e+00 6.178635908965211421e+00 6.496749556247501722e+00 5.710014046347469119e+00 6.812701592551568375e+00 5.287510058578486216e+00 5.835945463264738287e+00 7.250142215776000043e+00 6.261584323458473378e+00 5.259429800571806091e+00 4.903477941007548857e+00 7.383950923490576912e+00 6.301070134355466479e+00 4.984434948651290220e+00 6.519748873795053967e+00 6.204476000008821934e+00 4.148498518755105557e+00 5.272578556651807524e+00 4.951385161335837282e+00 5.346747423073991534e+00 4.971992713012263643e+00 4.565086043271858074e+00 3.054525384455168524e+00 3.953704437116217552e+00 4.365947308778728164e+00 4.264426327663215943e+00 2.794662386998199910e+00 2.799891265350825886e+00 2.692000311466726803e+00 3.341978624905587392e+00 2.855446801935271672e+00 2.184411640808543886e+00 3.028784830113598669e+00 2.546680769815798495e+00 2.572805738580702606e+00 1.801229518777857752e+00 2.492482281032900371e+00 2.001139962420395157e+00 2.071534001591376573e+00 1.769228787264852665e+00 1.241201266066784159e+00 1.489013609270687821e+00 1.645608717159617651e+00 1.124483527497120328e+00 1.337726727522187797e+00 1.314521224614263684e+00 1.249592503212509476e+00 1.030204681567071789e+00 1.098280601735307060e+00 1.023719745951265692e+00 9.624914842796143954e-01 9.945556474412168280e-01 5.798906679146700327e-01 5.457653717660029269e-01 6.328008377517679861e-01 4.701465879463985198e-01 5.216176881245115915e-01 5.534093682557473803e-01 4.744823004544821976e-01 5.629748722334448896e-01 4.847855822878172072e-01 4.955164336369198286e-01 5.764991618971330167e-01 5.221720865100910602e-01
1.002190875253416769e+00 9.234123781113977580e-01 1.277538439855277819e+00 1.683269442035785657e+00 1.600385978917717056e+00 1.483292682722929134e+00 2.304455331589449596e+00 2.052322936074465254e+00 2.681547829018233298e+00 2.452033718737081980e+00 3.157811695635064364e+00 3.707701817769369690e+00 4.571910208208693760e+00 4.849417091133413571e+00 4.732726723761816245e+00 4.684832092813098647e+00 5.864084740708826793e+00 4.433630532070612418e+00 4.932031499748572578e+00 4.642754553624802050e+00 5.732728568281387105e+00 7.069079445638120518e+00 8.414611248725314852e+00 5.308075327193803261e+00 7.472409883098023009e+00 9.307676510204411002e+00 7.547019352319890295e+00 9.755344966475675506e+00 6.264100756654286783e+00 8.455957900728030552e+00 7.098707648771926060e+00 9.818116785169449301e+00 6.666210273369575390e+00 7.722054299799462562e+00 6.675288332599855323e+00 9.287984024939134997e+00 1.009173206299306180e+01 8.415913631447050847e+00 8.687650823486007923e+00 9.978251338174679574e+00 7.070918637292647801e+00 8.630839369855989318e+00 1.098698141610265822e+01 7.586290802101722797e+00 8.567207743453849389e+00 1.010426604991206112e+01 9.428202675228577689e+00 8.460850135159674323e+00 1.014733910793130711e+01 9.760945739911996100e+00 9.398518314153683662e+00 9.231368602410137569e+00 8.676366715793195183e+00 8.714217170640667476e+00 9.774363555182286945e+00 9.867044112858277316e+00 6.560282176437444157e+00 8.483947209531365274e+00 6.820940588527983017e+00 8.664428860163264190e+00 7.250533698132433535e+00 6.697246442831827906e+00 6.439690477772400889e+00 5.246780243541270927e+00 6.651939148592848738e+00 6.408477491919864377e+00 6.408414358559265445e+00 5.651391696095577011e+00 5.916840856765654522e+00 5.427111076224780284e+00 4.177406041306420015e+00 4.730974612718047645e+00 5.069673424582670229e+00 5.137409365409244089e+00 5.645753421338465472e+00 5.232050386501387429e+00 4.724853048583978143e+00 3.753499296249084516e+00 4.960395457652679418e+00 4.868351365133367636e+00 4.408221656552849588e+00 3.456523063223282843e+00 3.429434485220746343e+00 3.819220492446926407e+00 2.411291212765975356e+00 3.683473398568872792e+00 2.937438261078776591e+00 2.454815555568405472e+00 3.059695981907805784e+00 3.036614186199287690e+00 2.482124213078936048e+00 2.509729470507974014e+00 2.144699395589658941e+00 2.191240406817674291e+00 1.830483315765291552e+00 1.452809283898213621e+00 1.995053143645229676e+00 1.199938771995546549e+00 1.498047526858801382e+00 1.144526419182454680e+00 1.242098219729941055e+00 1.391881491322086051e+00 1.279809761215251029e+00 1.047545503055769212e+00 9.982619701027339865e-01 8.596309026635233774e-01 8.304000285331717413e-01 8.421015887774988551e-01 8.588217011259775546e-01 8.486405582128783154e-01 6.231586735538596766e-01 5.224904252602456944e-01 4.625130350243021882e-01 4.362480511116087478e-01 4.621527607208563704e-01 3.859897172948164590e-01 5.906678369364639636e-01 6.134724573214397347e-01 4.675248027471480272e-01 7.746345136075847293e-01
7.430977915494143549e-01 9.671214418144280511e-01 1.249123906811194784e+00 1.679793799826929890e+00 1.682042821361368734e+00 1.456867034451378107e+00 1.883948326444698784e+00 2.688441622761117422e+00 2.534579856943696363e+00 2.400066615896430999e+00 3.111130261838434663e+00 3.422060516391004725e+00 4.257184858943818817e+00 3.654396033247870434e+00 3.471502615609157516e+00 5.598702748976275956e+00 4.829268982172082225e+00 6.188569979101688823e+00 5.705782420818828804e+00 6.392316752324155082e+00 5.014419091745864421e+00 6.251347574847659239e+00 5.970392267043330925e+00 6.864305185791924835e+00 6.934437610155288922e+00 7.566952224344302813e+00 8.374351904865195095e+00 7.319760851551058600e+00 7.518424464115935457e+00 6.314027518299356601e+00 8.122447482792148676e+00 8.210891032661374211e+00 7.918564455888783549e+00 8.638611741869240745e+00 9.427258704338600026e+00 9.268692302120863147e+00 8.842357308171017394e+00 1.095687863997861555e+01 9.920865676640174158e+00 9.747737759516265754e+00 1.114329830103674190e+01 7.219547482282288264e+00 7.232252825836350318e+00 6.935017010820960337e+00 1.065424069473376356e+01 7.265553671545132097e+00 8.768682857207837245e+00 9.198668947989739664e+00 9.114107487425350485e+00 7.555089748037489450e+00 9.099151558545392149e+00 9.436731655056474821e+00 6.384303223219776058e+00 8.207129006070449151e+00 9.434283056143710766e+00 8.946956541620753711e+00 6.402471562618864631e+00 7.247481160948040291e+00 8.477245996593987698e+00 7.690414792071210037e+00 7.814533140412276424e+00 7.207970309864472291e+00 6.144629647272767059e+00 8.130145334790432443e+00 7.581087065026481220e+00 7.814362122381745657e+00 6.255263819228716216e+00 7.176591582735372121e+00 4.479434411091015811e+00 5.532673770240924327e+00 5.325176093582387971e+00 5.939610869150556027e+00 3.894676234522615577e+00 4.701300088048779635e+00 4.877876710758905610e+00 5.199913603637446258e+00 4.495709165789803841e+00 3.669088739261597176e+00 3.578833867201690389e+00 4.039723272153004530e+00 3.095878428643615177e+00 4.090831412372877729e+00 2.757328119049046400e+00 2.994537832721875681e+00 2.907701230825804117e+00 2.308012137619757542e+00 3.346967367143181438e+00 2.106045050734303370e+00 3.028199295039377237e+00 2.430980393097077030e+00 2.524619261795403524e+00 2.537182500283288178e+00 2.378915443740305058e+00 1.729517919888929667e+00 2.176782106580638310e+00 1.653956627865741602e+00 1.519484819776798057e+00 1.227858460463773005e+00 1.226382257848760871e+00 1.331471618160711801e+00 1.291709476820338987e+00 9.990383386527469378e-01 1.182419831523133569e+00 1.228781816237627611e+00 1.003997569491175579e+00 7.327256331398204203e-01 7.087495725638900401e-01 1.018263422583207900e+00 8.008018423449256851e-01 7.478974196176472189e-01 7.632259601025452866e-01 5.939716326876636199e-01 7.345361742557557916e-01 6.007256744376623381e-01 6.543759630578147579e-01 6.205790708473223338e-01 5.038832164535838043e-01 6.156642419722099246e-01 5.767530558855035183e-01 8.058228028005480770e-01
6.945346064055339941e-01 8.066650211561288142e-01 1.299290206872016240e+00 1.534864198479559461e+00 1.950394177168960352e+00 2.089191319813647585e+00 2.145980019789973881e+00 2.689599299692100320e+00 2.777462203049388290e+00 2.313750548375927529e+00 2.629555153989418415e+00 3.810195796309565175e+00 2.883850100340785261e+00 3.212142767316584546e+00 5.075123297510160114e+00 3.983043866021473534e+00 5.447557228895050230e+00 6.251458802441779206e+00 6.241898256284735602e+00 6.096633948022462945e+00 7.023555502925081129e+00 6.954192843807033952e+00 5.369184682924196927e+00 6.309841952059954906e+00 6.688943104137500484e+00 7.618377243806664367e+00 8.464163973770670424e+00 8.263812795945819190e+00 9.583146025144600344e+00 8.464587146412938523e+00 9.874239692555185854e+00 8.932328737677352137e+00 7.660216414024190179e+00 8.113562694032863121e+00 8.844870820431433245e+00 7.663909351635720846e+00 7.811705057591091794e+00 7.807126893733008721e+00 9.188333184891629202e+00 9.408897574369797567e+00 7.707731782927572439e+00 7.858416249610955973e+00 8.739278460994579945e+00 8.060265564461273513e+00 8.384435360764241452e+00 9.225710973567695206e+00 6.779555834335498687e+00 1.091765306837740468e+01 9.913327998675743657e+00 9.263578387460393415e+00 7.909486435695778361e+00 7.923782442431359208e+00 9.355953556320468323e+00 8.027147231568152463e+00 6.679140655407589833e+00 8.945096794570028820e+00 7.645817018856971181e+00 7.790318591541187665e+00 6.167930506761131859e+00 8.145079775361297791e+00 6.520667984661612238e+00 6.052547471701775983e+00 6.352587246261321319e+00 8.128066660960326928e+00 6.518855905394181249e+00 7.345656159764011761e+00 4.745918792581201195e+00 6.382927737054814088e+00 5.105740256942222999e+00 5.680942348649166362e+00 5.976645897453264134e+00 4.776939505014640375e+00 5.255728615770387080e+00 5.969359818769740755e+00 5.299399188580356856e+00 4.089751473860849806e+00 4.681975722190164113e+00 5.137956257435088325e+00 5.103693948950787096e+00 4.681402577428118938e+00 4.651317695159304044e+00 3.810423542334154590e+00 2.821309400508185128e+00 3.607541557714374125e+00 3.210972408838372871e+00 2.720768619366521701e+00 2.390782614389691751e+00 2.702541873224121982e+00 2.352480810265511924e+00 2.866951585463515251e+00 2.807008704612846461e+00 2.702340448998952205e+00 1.782081742591839157e+00 2.287017597458087081e+00 2.309857001937391630e+00 2.195089564519132619e+00 2.074795739184994048e+00 1.459806139524704838e+00 1.176990238549976642e+00 1.770050867304115760e+00 1.370915063455132588e+00 1.169068985671250838e+00 1.259687488407691625e+00 1.208836611340626588e+00 1.096328706717056400e+00 1.141926419034652529e+00 1.101994822463228552e+00 8.597062070385929067e-01 8.941228536862715348e-01 6.300054806990993406e-01 8.372179167119676579e-01 7.454841028750417431e-01 7.136926601753124100e-01 7.007221986996345908e-01 5.758001876642180328e-01 4.665061666916145433e-01 5.812490661802870440e-01 5.500955393402432447e-01 5.803845233065146880e-01 6.458164117112124014e-01
7.458562047034539289e-01 7.993972755548337528e-01 1.278888969046191981e+00 1.017759449532881444e+00 1.494271306202013871e+00 1.987625103031209317e+00 1.891245428314892729e+00 2.445239210627293769e+00 2.294404933022736515e+00 3.111685897611076168e+00 3.801385637769468140e+00 2.787562989021507676e+00 3.761966002922045416e+00 3.471451665776096096e+00 5.114823773019723241e+00 4.577542363400375791e+00 4.563617468592659598e+00 5.720859843048915039e+00 6.190535723084480857e+00 4.789379038647521014e+00 6.530021382022955123e+00 7.885985752098825685e+00 6.805002912648441260e+00 7.924056173887112031e+00 8.133271085499927722e+00 8.866661260206166517e+00 6.245526310633841227e+00 6.580918903587046564e+00 7.402588012908245751e+00 8.863295614714278514e+00 1.008333835880378437e+01 9.754030885980712995e+00 6.776281377586015786e+00 9.379946286810918465e+00 6.768260364864751466e+00 8.836876534823112195e+00 6.731913675387709795e+00 7.064683825536918427e+00 7.207355641817745351e+00 8.528514623899297931e+00 8.310094364004781298e+00 6.834493277084543905e+00 8.798087478699690323e+00 7.093885697404472168e+00 7.964605248923368741e+00 1.013048291427669234e+01 1.023211339366615391e+01 1.088494496005665191e+01 8.217541022308335386e+00 9.641819247295131845e+00 7.533857831661302740e+00 1.059443096374117665e+01 6.986785338221571884e+00 7.755028268993274132e+00 9.915483715696714384e+00 8.597138652631919342e+00 8.133694367397110270e+00 7.405024128668130423e+00 9.237595024699425394e+00 6.027832716448624062e+00 8.473571290427861058e+00 7.762134693437447552e+00 8.239306326123081448e+00 5.752166929996520572e+00 5.499520617411337575e+00 5.575376329191232827e+00 5.790564169646181369e+00 5.658603696628610180e+00 5.082680439196610500e+00 6.645925668504880868e+00 6.885555495547415639e+00 6.299965867945647169e+00 5.979459752105492854e+00 6.041745293830649288e+00 3.733221340772128638e+00 5.253197650169493471e+00 4.006294046910856999e+00 5.235027040023492617e+00 3.641301595369256461e+00 4.598746319357631229e+00 3.119358142170924442e+00 4.393799424119486652e+00 4.365224044253708691e+00 3.198160740021017467e+00 2.443083040131487138e+00 3.158517098787593902e+00 3.115588075899370590e+00 3.492027905656048592e+00 2.430138821618114786e+00 2.657986562121204432e+00 2.627147192661302810e+00 1.812064952088658254e+00 2.458433809680086402e+00 2.076825605078731041e+00 1.884473423953511473e+00 1.904313918102670256e+00 1.911587230953067928e+00 1.947195403238189737e+00 1.452466648188360132e+00 1.182818634742433872e+00 1.617697504759882499e+00 1.324260220011844957e+00 9.791843836206670648e-01 1.149751982650773385e+00 8.424139937158594549e-01 1.173883480636091381e+00 1.017849096184329838e+00 8.652882869454788795e-01 6.640857000972816282e-01 8.176760934044827733e-01 5.533363420924432008e-01 7.779519477035928832e-01 7.944526724848792743e-01 6.358821844689432901e-01 4.473227687853456036e-01 4.325239550028969204e-01 5.627872077485804869e-01 6.121756246223237774e-01 6.527525810432865949e-01 7.716214357445245753e-01
6.556705529438345836e-01 9.894753912248639427e-01 1.408994613403584450e+00 1.246682035496498919e+00 1.228814667738286293e+00 2.066177848760279989e+00 2.437116422002377103e+00 2.213671041842405707e+00 2.538903061184679899e+00 2.935506424658299807e+00 2.463348463332303950e+00 3.925861682423777310e+00 3.105386844407465041e+00 4.765726878817481804e+00 3.938089044548720885e+00 3.738716833761535074e+00 4.638479357651780433e+00 5.964919300591756013e+00 4.106011287434841783e+00 5.697681906162774368e+00 7.176315926687990121e+00 7.267152714381279743e+00 5.513953412742104376e+00 6.890051057020586178e+00 8.691652057977231394e+00 8.033184166251039926e+00 8.745254246398511455e+00 7.934344443618591924e+00 7.931827027027838817e+00 8.608147362663864044e+00 8.027171107395126626e+00 7.247136581547667156e+00 8.443834674233103854e+00 8.659185505058829335e+00 8.446933497556608827e+00 1.026834471581453734e+01 8.947108454725482218e+00 9.831185824894797420e+00 8.978135319112039880e+00 8.382294136407825391e+00 7.669392612284083199e+00 8.999241725633384092e+00 8.845015499969685280e+00 1.123753721580002107e+01 1.028513998367790094e+01 8.463929021503702188e+00 7.473979762254266745e+00 1.019784675012603437e+01 8.671009625336342452e+00 1.022487982825987807e+01 1.017375448117543435e+01 8.503409365946689391e+00 6.893199224091965505e+00 8.894086699097135451e+00 7.782498598231248010e+00 1.006600482064584057e+01 6.940620802833108449e+00 7.284156053988108503e+00 8.877231854634167973e+00 6.724075224490618119e+00 8.683109724647835037e+00 5.519482513830546111e+00 8.372115442793569784e+00 8.482674875222670607e+00 6.717706053033702496e+00 4.962174558669830482e+00 4.869574942781837557e+00 4.639097884358750257e+00 5.549839959560658009e+00 6.410636398515926260e+00 6.295745804715773275e+00 6.011659586215742479e+00 5.108708756009185059e+00 6.178796575867149699e+00 5.286506296285986117e+00 5.128708213205893429e+00 5.298457132642544032e+00 4.285109606977342445e+00 3.667687270941670352e+00 4.216514488224457402e+00 4.630307668198375026e+00 3.162719058892732527e+00 3.556173848040613539e+00 4.237905653452078703e+00 3.993162435885730943e+00 2.458312229430956730e+00 3.502569033661180775e+00 2.370371525970396576e+00 2.055470875834358058e+00 2.054808997898363465e+00 1.905210930965287153e+00 2.413345498677198719e+00 1.909270024420109735e+00 1.579123576408696383e+00 1.993602969943460534e+00 2.002412608565970142e+00 1.860208387965062604e+00 1.685828078020148446e+00 1.363101039390104630e+00 1.144191803627470527e+00 1.303848533343736626e+00 1.522230273957284830e+00 1.435157518115792952e+00 9.377295228838024022e-01 1.261805403991498986e+00 1.250204793463200792e+00 1.125618147236457478e+00 7.697126061071167813e-01 9.143239275021657342e-01 6.522202273985143739e-01 8.004647406359890471e-01 7.180625565162533919e-01 5.833391262877865024e-01 4.987278582539220184e-01 5.750083978197175760e-01 4.524434752466817145e-01 4.886606934100399258e-01 5.525690200196375912e-01 6.765779295055893705e-01 6.109058954051864720e-01
7.405371314325513987e-01 1.074841466837244797e+00 1.214768951103518457e+00 1.338881082227199260e+00 1.487749213606864851e+00 1.520366617760652739e+00 2.370964512658929824e+00 2.667209198001583736e+00 2.109097037771537675e+00 2.076751750932953833e+00 3.457278297224723129e+00 3.397321637093336566e+00 4.213023345081451154e+00 3.118293800451873654e+00 4.770123043086901937e+00 4.981060875475939120e+00 4.799162612215880586e+00 4.105525615913221849e+00 5.750084145668470370e+00 4.340937710811544115e+00 5.010851096677860994e+00 6.389174670445519233e+00 7.253056605060625550e+00 5.195285918377289036e+00 8.150055538335118754e+00 8.762158846305512228e+00 6.486405446970966437e+00 7.434732575473268490e+00 7.949486311594148091e+00 7.341352216716265922e+00 6.159711829349132195e+00 7.065267844787928020e+00 8.976683625567728697e+00 8.781910293530993172e+00 9.151541300323847494e+00 1.075662636269506933e+01 9.433454597801137709e+00 9.220466916553270664e+00 9.863807630243583091e+00 1.099276464430696265e+01 1.034794308501671445e+01 7.095201051556643712e+00 1.105078034012713317e+01 6.842367574868806201e+00 1.041793305525753510e+01 6.836311828586143058e+00 7.062091762131997186e+00 8.229924737353984554e+00 1.047519110056716762e+01 9.756204995929282475e+00 9.066978568674940675e+00 7.455160115131368670e+00 9.326351957222211553e+00 8.824414148928235946e+00 9.766497567915953582e+00 6.159624675696506735e+00 8.722771974927537642e+00 6.091037221673405000e+00 9.105094171490144106e+00 9.209582564185263109e+00 5.582603751350074361e+00 8.917161737516872577e+00 7.878977941008460384e+00 7.276702578027446577e+00 8.302052416710576921e+00 5.144122680757011956e+00 5.959400957502753116e+00 6.007218689319365090e+00 7.364627271377493400e+00 5.627151412288288412e+00 6.233693465228221875e+00 5.865163521179446171e+00 5.494171431564025987e+00 4.932155993945531947e+00 5.469338667336621995e+00 5.447278081801376182e+00 5.636224469692441730e+00 4.197291150146084782e+00 3.262926576312285221e+00 4.816948315318051677e+00 3.236961644643230773e+00 3.706851375055536302e+00 3.356949093355220626e+00 4.022647879802892845e+00 2.793763564942773225e+00 2.783337984680221311e+00 2.907318090969728264e+00 3.148095881247841010e+00 2.683655573721776655e+00 3.209601406283662861e+00 2.462284640053527429e+00 2.151648565154749893e+00 2.566949233595874791e+00 2.505662572720184222e+00 1.534371107576603110e+00 1.949156245371500784e+00 1.776073382691297109e+00 1.688020386285853824e+00 1.529192982858802452e+00 1.200353769807269044e+00 1.462515188141845224e+00 1.250778919878684725e+00 1.282501824884015651e+00 1.350467383215810058e+00 9.967370155691358535e-01 9.364100123115559615e-01 8.185895935325198103e-01 1.049192433438479011e+00 8.090097244833768242e-01 7.561160494872064541e-01 9.428014892108993461e-01 6.698212757274754070e-01 7.923178784802727970e-01 6.160358793452731518e-01 7.168518604252720472e-01 4.462373863043649358e-01 5.190578433748672671e-01 6.861237490582479115e-01 7.174600435436290224e-01 5.712777920452921654e-01
8.024926109065287916e-01 8.478208013744396032e-01 1.376464853399343991e+00 1.131980291068439559e+00 1.276101536714303819e+00 1.629468743366947914e+00 1.760225715695733939e+00 1.827858297586979486e+00 1.991240786572206378e+00 2.705882055179228640e+00 3.227806956305687258e+00 2.655559773815521218e+00 3.476327667155939771e+00 3.367577599577022962e+00 3.461217795976036626e+00 5.261361286360836331e+00 3.699005191938706361e+00 5.833165565451810863e+00 5.770271908582184750e+00 4.189386365749525609e+00 5.394632062268199135e+00 7.614667641963182021e+00 7.459686871985668155e+00 7.679952224678875616e+00 7.029088649852207382e+00 6.856567567634000326e+00 9.148317497750033667e+00 6.467041296905271963e+00 7.688753892542817603e+00 7.518962718868229089e+00 9.203384914396059102e+00 7.694636842921015685e+00 7.423443835185723927e+00 8.503416240508888890e+00 9.507842177559370000e+00 9.217469990802385382e+00 8.937431626472934099e+00 6.989999465069221429e+00 8.849838300124512003e+00 1.052774608252491362e+01 1.098763528768244058e+01 7.278623431589575254e+00 1.019552319649520555e+01 1.108665801154969444e+01 1.030842948675504900e+01 8.412824885965603627e+00 7.374728016543822484e+00 9.153587637062065241e+00 1.066421157212926119e+01 7.525523958993095341e+00 7.317288470571471137e+00 8.317877361098343414e+00 8.169473126127693163e+00 7.106726237767563958e+00 7.340442064356527574e+00 8.097929916504362780e+00 6.867008728272064211e+00 9.214662126116682117e+00 8.032118111970879326e+00 8.894925018420666518e+00 6.901852071660528942e+00 6.995013151159204412e+00 6.578000407173220765e+00 7.459122908830472021e+00 5.793560793434735956e+00 6.344967428289820965e+00 6.144099958231625358e+00 6.920300813089756531e+00 5.368381576474789085e+00 6.120768299237718146e+00 4.483663198232686220e+00 4.679913430267864882e+00 5.930617558718141780e+00 5.350828756437087996e+00 5.662218269879901733e+00 5.014175983741272269e+00 4.549715766828687613e+00 4.527328118980322280e+00 4.728319975181037194e+00 4.218542580414019305e+00 4.404734866613187805e+00 4.747120704507520550e+00 3.355537788392566334e+00 3.741099848917657678e+00 4.173986277801004618e+00 3.191128468962997289e+00 2.913183731484959793e+00 3.459952521592279506e+00 3.447830916249340127e+00 2.527292313373786126e+00 1.950794219091583015e+00 2.413596362813129392e+00 1.940632141118260101e+00 2.189056890084714269e+00 2.109913519817333327e+00 2.304585123798768898e+00 1.796550788590693060e+00 1.866251659529351015e+00 1.505143399987290076e+00 1.539689839015730977e+00 1.678506804015922560e+00 1.561815316716314905e+00 1.582827201975042675e+00 1.068429908576512766e+00 1.182071104017124119e+00 8.595249169609919804e-01 7.950248825983081691e-01 1.134913745526150430e+00 8.118655356932810152e-01 8.992024878096642748e-01 8.424748427645500914e-01 7.239055270648107054e-01 6.590818203458258528e-01 6.561315972014754028e-01 5.693081444660286206e-01 7.096999466278822721e-01 5.128067876982358442e-01 5.289561500705957098e-01 5.618027655322701541e-01 6.686629269546020549e-01
6.400167280448999518e-01 9.052796689758175752e-01 9.011101966235659511e-01 1.202855635573102822e+00 1.400238254779103020e+00 1.743607547981615546e+00 2.101406663286615739e+00 1.798714017137847287e+00 1.939599647229727442e+00 3.058145707149095394e+00 3.055103714413176519e+00 2.912397407333480626e+00 3.097952552668489012e+00 4.340723887561789063e+00 3.793199094890639778e+00 4.111782131292082809e+00 4.750616713772958022e+00 4.540398503083494575e+00 5.513465040965106922e+00 4.820334193031326819e+00 7.091878506672551374e+00 5.313214942692550125e+00 5.757650034820943397e+00 5.232981314127904682e+00 6.475527308169715113e+00 5.304894002058031077e+00 6.708854881418820248e+00 9.087773266874334510e+00 8.296741770063409405e+00 9.534254092122305124e+00 6.894889188142288461e+00 6.387213102508912499e+00 6.692020350915650617e+00 7.905771030888772977e+00 8.127684192847993927e+00 8.131225717895201655e+00 7.483933029635509548e+00 1.084380554545501951e+01 9.437848619762686297e+00 9.259464448968060424e+00 7.709473861380977233e+00 1.000239001662007965e+01 8.765570037840754836e+00 8.440545589376448277e+00 7.424152846782179793e+00 9.337164711626023461e+00 6.872729894818263574e+00 9.418276642466592463e+00 7.282247883481089978e+00 9.098404030009271892e+00 8.830031951938551060e+00 8.267280179516133032e+00 9.675620013108472861e+00 6.280175881897624990e+00 6.681222840508126204e+00 7.684765488071293227e+00 7.316073562359579618e+00 9.790855983455047706e+00 7.125891131134647338e+00 8.138482028059758733e+00 6.196361320816300200e+00 8.939363776204539036e+00 5.511612435738832971e+00 6.113494025421250200e+00 6.400316505385863053e+00 7.839266982895714442e+00 4.871167591072831371e+00 7.509943797717831160e+00 5.645347078412504160e+00 6.040536917257078642e+00 5.852391466511457807e+00 5.126395720428680747e+00 4.781250282744183622e+00 6.291809281290476896e+00 6.042320241378964063e+00 5.010095814598663821e+00 4.573967639823563580e+00 5.009649590807147668e+00 3.524684602750989715e+00 3.727416601183040079e+00 3.067631583778787085e+00 2.934592487236919567e+00 4.148384093923076499e+00 3.607317459761717249e+00 4.091713548938865408e+00 2.963089791282480068e+00 3.018164284595539648e+00 2.236455242858413683e+00 2.566227723824330287e+00 2.392122613657111874e+00 2.552197517673549854e+00 2.653060165447482799e+00 2.391688967267227461e+00 2.337480077042006776e+00 1.895495042283420029e+00 1.908363193266236824e+00 2.185696546213002911e+00 2.135348344373017682e+00 1.879336574542856075e+00 1.498619892530201447e+00 1.559616081444875624e+00 1.469312610842333777e+00 1.128272546021295453e+00 1.045805843348790676e+00 1.244935142561789831e+00 1.000706247258753567e+00 1.045931083731582945e+00 1.199106955744311032e+00 8.278182991868644480e-01 9.977681770074767753e-01 6.710535422917068837e-01 8.783732002355341129e-01 7.870965596868841896e-01 5.107532514250675559e-01 6.187277549406315913e-01 4.948681340872787549e-01 5.059585610285315393e-01 7.068020749743659792e-01 4.840452237625423315e-01 8.516642945003769505e-01
6.976729580035843092e-01 1.025695028055813474e+00 1.270541529757317489e+00 1.317350273155645013e+00 1.406381836972026678e+00 1.311164326982382056e+00 1.510048600990775869e+00 2.319770468517636353e+00 2.172785980150064855e+00 2.982897095702853996e+00 3.222191641500492754e+00 3.635365472961736621e+00 3.824387981404071990e+00 3.396828847854213684e+00 3.181169442618687171e+00 4.233016235666757332e+00 3.482029818460793180e+00 5.635199830645604813e+00 5.099380023604250134e+00 5.751437700391897501e+00 6.864538880358046491e+00 5.193979181667637057e+00 5.162579649161935791e+00 7.440038835800321770e+00 5.137417575579488194e+00 7.003172994521029260e+00 6.208741295641500457e+00 7.193037543808592282e+00 8.111452630346670745e+00 8.814152774827261894e+00 6.409964296237806280e+00 6.895687807712076456e+00 8.742445052726147026e+00 8.406190058487078787e+00 1.039974005395387557e+01 9.489186530701434918e+00 7.385841657658910542e+00 1.089683006078256966e+01 8.689913284462090104e+00 8.388750597172062839e+00 6.932471158076499052e+00 9.658076890843089402e+00 7.447721089510998205e+00 9.164085789355201683e+00 9.403710518058529644e+00 6.691083579595797914e+00 7.371497171510494439e+00 1.048833862043233189e+01 9.587209425136721919e+00 8.127127860903101464e+00 9.051119970041632712e+00 8.094342805805073482e+00 7.357542395774006927e+00 7.387516577773968862e+00 8.827700495889180488e+00 8.097003791145654716e+00 9.310134297757496569e+00 9.177502339389794983e+00 5.973191385874239145e+00 8.799179107406995826e+00 8.065708391942779443e+00 7.402470044524474879e+00 7.855964215397126971e+00 6.484214667585759706e+00 5.409655147010207443e+00 7.501012261446380336e+00 6.096349721305509561e+00 7.325495818367601331e+00 4.871012314799587628e+00 7.157634876537600555e+00 7.058223839029864166e+00 5.695395982058654383e+00 6.566355366573005448e+00 4.471685622918244007e+00 6.022575673274854324e+00 3.990187464319950195e+00 4.110635757092505393e+00 3.993175558835523997e+00 4.992922086790120950e+00 3.856323629803274589e+00 3.843536395220517932e+00 4.663343598948753943e+00 3.032523897621868691e+00 2.986932145036090613e+00 3.263835920077912789e+00 3.148930459147871730e+00 2.873145639335096480e+00 3.572334360717862811e+00 2.145348268864324837e+00 2.083512960318504970e+00 2.100582822939711658e+00 1.872241408454033307e+00 2.875812260458943115e+00 2.084295356285331913e+00 2.341859441355147009e+00 1.862555139229981060e+00 1.611238187057364435e+00 1.938549526819167035e+00 1.782377346278729346e+00 1.455491622183538780e+00 1.586248982530688467e+00 1.145796731860074802e+00 1.010325813818059748e+00 1.124964086131047702e+00 1.344355740170138702e+00 1.234618060291517549e+00 1.166310027269589211e+00 1.206932155119366135e+00 7.125208555779320996e-01 9.147074377804653711e-01 6.428516677098824461e-01 8.473364525805959779e-01 6.802040380101568307e-01 7.041679987079234593e-01 6.657793001533652832e-01 6.677957752471810338e-01 4.779029511048984435e-01 6.931075267759611025e-01 7.428754492331878234e-01 8.023444242930974912e-01
8.200521945986768424e-01 1.042890587672750335e+00 1.329195834635223727e+00 1.200464241264596055e+00 1.425964730295883109e+00 1.731416597525354817e+00 1.790845144400967204e+00 2.360393708693157677e+00 1.842465456129295021e+00 2.504131607517966263e+00 2.432344950368758418e+00 3.541106424538333020e+00 3.562622410445564824e+00 3.855209350193782303e+00 3.361654068279345431e+00 3.384976929881890140e+00 4.186877005841846966e+00 5.197849313008781280e+00 5.099334952960682621e+00 4.980369433158888803e+00 6.354256863450050474e+00 5.904832519909420263e+00 5.947270178866030932e+00 7.698617850092333015e+00 6.139731634880588373e+00 6.840088226522360593e+00 7.374468380432250392e+00 7.669266181607019561e+00 7.998841398817165604e+00 8.697116639225635382e+00 7.039800712375301472e+00 6.187821899180402596e+00 6.306632184537421359e+00 9.099288237436990556e+00 7.734656938541611737e+00 1.051346565251341580e+01 6.632126529618371791e+00 8.188736876010613841e+00 8.478344149666160234e+00 9.751840572457215472e+00 9.280031286477280261e+00 8.236880696739005359e+00 7.577218762022819298e+00 1.037818364682668637e+01 8.983014394000800706e+00 8.350650713051475549e+00 9.394395093381822548e+00 1.039735779595311271e+01 7.883198478077628302e+00 8.639341336668332261e+00 6.532450387992660090e+00 7.729684331145039167e+00 9.151718105694964578e+00 9.794031022528100650e+00 6.595065309193645753e+00 9.518129165351201237e+00 8.880203737268288933e+00 9.014213203105555294e+00 7.262636689826599934e+00 8.704747328514748972e+00 6.901673327197480390e+00 6.558571525834412164e+00 8.116988697873173564e+00 6.630022331149032055e+00 6.843595217905753536e+00 5.432166856305496339e+00 6.570552831483704281e+00 5.469592384325049572e+00 6.778854755534047705e+00 4.889585188097647972e+00 7.205811259319900408e+00 4.681138629356534686e+00 6.459494873384183045e+00 5.850953746884304252e+00 6.248660858114852168e+00 4.859409993166153185e+00 3.913560516537584189e+00 4.185794869379840577e+00 4.765543221496251647e+00 3.556952001446822997e+00 3.875425528915444229e+00 3.692691940653151761e+00 3.298995392090052992e+00 3.094666845346989881e+00 4.082265212315122405e+00 2.557026553631538857e+00 3.967075050237275580e+00 3.745713191331740077e+00 3.172717087199399266e+00 2.831997581650114615e+00 2.534403596205533127e+00 2.897938584112235372e+00 2.575077620440161752e+00 2.264324718594814545e+00 2.607325605874283081e+00 1.990418826802962560e+00 1.579151362778470125e+00 1.831860908616804950e+00 1.602877724973859053e+00 1.502234881316561799e+00 1.278643167089064780e+00 1.528847403572075603e+00 1.304557867494999801e+00 1.171902373088480998e+00 1.453483790156311128e+00 9.263300637218255806e-01 1.276579660665966065e+00 1.063989771650510230e+00 1.002033381253424116e+00 1.067181769464482732e+00 6.298373073268005440e-01 6.457939163495903800e-01 6.015590334367542091e-01 6.136820221284476906e-01 7.115540141408700503e-01 5.635507703481654751e-01 5.769082438935677626e-01 7.441128896857210906e-01 6.674042823374336519e-01 6.708867445107560279e-01
1.034222974487403413e+00 9.149369749105428218e-01 1.190975341974601198e+00 1.426178693381193074e+00 1.341776597478603561e+00 1.344367665986071270e+00 1.952645102460739190e+00 2.167272914767389480e+00 2.027477381879066343e+00 2.852731520957880740e+00 3.044528487656497528e+00 2.932450417325850545e+00 2.954275860706925716e+00 4.003238950543674513e+00 3.536815308110653255e+00 4.275433246056227432e+00 4.640233910990978039e+00 5.869431032056583675e+00 5.741279481454079736e+00 5.587114597465911103e+00 5.078951802483071098e+00 5.103758744404539804e+00 5.728075768366189813e+00 5.832331814195142350e+00 5.123970413310193095e+00 7.393659207481109163e+00 5.864720511714202722e+00 5.665086060537645629e+00 7.287916685975448949e+00 8.035534230560537949e+00 6.700043373276556302e+00 7.078106003353015652e+00 8.323538856213321679e+00 8.187824996310213876e+00 9.139601441889150024e+00 8.932986505334907790e+00 9.349463072327612423e+00 8.176063222626067883e+00 6.961620848807895889e+00 8.167738568886299788e+00 6.860728569283721434e+00 6.734801395821358838e+00 9.456507121891904788e+00 9.495015662122382238e+00 6.844685460171005431e+00 9.449190912213202509e+00 8.615560722033780650e+00 1.015116984590963334e+01 7.221568290984897942e+00 9.930766368447821790e+00 1.000649492033126364e+01 9.612183392341203003e+00 8.431359827503653648e+00 9.296085800182460446e+00 8.434040483831259039e+00 6.799726793703027461e+00 8.075587370404747389e+00 6.520581310308219969e+00 9.570357435467872875e+00 8.264642406184815826e+00 6.871931930719577863e+00 5.770693284136887868e+00 6.822187834166983045e+00 6.988967900495101304e+00 6.481754493153241370e+00 6.087810231559210195e+00 7.489224268691028641e+00 6.654215494542787823e+00 7.018759858641047344e+00 5.239588855821510904e+00 4.839352863894713863e+00 6.690648454968429526e+00 6.083977713206192739e+00 5.235046692285957093e+00 4.915244386703427892e+00 5.249212293775946669e+00 3.856260994091250005e+00 5.493681221257310732e+00 5.264622739213550950e+00 4.248859139067933555e+00 4.675169541036721554e+00 3.390762809612986040e+00 4.381030047511883296e+00 4.517779427886438270e+00 3.779933663729015070e+00 4.058400909206951290e+00 2.658680592931851994e+00 2.678925819910145556e+00 3.238294321676622900e+00 2.130226544936662414e+00 3.322087876316490274e+00 3.054525291351003258e+00 2.224153185799385479e+00 2.764062930576439037e+00 1.975755144295517685e+00 2.556400256638237334e+00 1.575129723981844920e+00 2.258374302261149325e+00 1.825497004760542774e+00 1.808371965188376951e+00 1.788847247439393051e+00 1.635164733657128888e+00 1.124344948383063425e+00 1.398824701168814633e+00 1.518045222238231684e+00 9.043064306767892857e-01 1.056663637011459045e+00 1.129418970146274237e+00 9.464776537697903169e-01 9.573335614184829145e-01 7.281142266696389864e-01 6.601020882798529499e-01 6.547500308049784001e-01 7.281927641857854905e-01 7.790056208319559028e-01 7.308337866376235503e-01 4.963137163709450128e-01 7.105166854744369154e-01 6.541233026813435547e-01 7.088484429647846641e-01
6.469605530770732305e-01 9.489913928933690901e-01 1.213086175466716821e+00 1.004328166929725263e+00 1.193948181053150703e+00 1.496112731907980109e+00 1.530371285689055671e+00 1.749273271139128560e+00 2.012050295574926650e+00 2.153630172796198838e+00 2.237255233227268381e+00 3.029330362910292340e+00 3.731305379720694315e+00 3.402204879320259057e+00 3.141128291291424013e+00 3.867217174859318707e+00 4.022891284634616760e+00 5.597581065426785685e+00 5.900144609589737854e+00 6.152190749762091571e+00 4.432810264381382481e+00 5.565992264555148061e+00 6.850646625918368926e+00 5.565610821184568735e+00 6.235430701405308973e+00 8.194496088603354877e+00 7.851570659519000017e+00 7.423601534407403335e+00 6.256473208984239420e+00 9.119798139864068176e+00 8.272932834927123835e+00 9.110538852713805369e+00 9.206415059856956518e+00 8.912738106360025725e+00 9.820459397603830354e+00 8.459013885808404964e+00 1.003462446744136294e+01 7.887893664766483681e+00 8.881828449734060271e+00 1.046025838685145359e+01 1.085408519364135138e+01 1.004780882456477897e+01 7.511607783815392736e+00 7.846421266530393623e+00 7.739341402237791101e+00 1.061454693006459138e+01 9.305514917855274959e+00 8.515320982754429835e+00 1.026537251178437771e+01 6.810824718712112258e+00 7.451044765709783135e+00 6.877738366750756782e+00 9.821620135504675275e+00 1.017451826025432027e+01 6.336065669869867634e+00 9.827343708684791679e+00 6.687786529507184774e+00 8.066910501820085955e+00 8.152575691221855436e+00 8.459646399920952575e+00 9.306885121790061888e+00 7.450738599868744316e+00 7.332723100734538590e+00 6.002423701484773666e+00 5.221807804974670120e+00 6.522707863265472916e+00 6.418077072943940919e+00 5.008450949952476527e+00 7.714974208623552876e+00 6.589882476763657237e+00 4.747811803744570902e+00 6.080451340073063982e+00 4.654504855678813335e+00 4.399595198332403534e+00 4.623809677197653123e+00 5.672049127637815324e+00 5.058654806010653537e+00 5.436710262025228779e+00 4.371145258939080236e+00 4.006067214088449013e+00 3.231133403319282227e+00 3.769438998757681958e+00 4.600353074532014475e+00 2.901594687515488769e+00 3.634993912961803186e+00 3.203156967052925186e+00 2.511661909768267975e+00 2.528440002214462190e+00 2.582527246604969573e+00 3.028952874187260669e+00 2.857230844648746437e+00 2.589039898662406802e+00 2.490343780571194543e+00 1.805709764152898078e+00 2.742088611391132247e+00 1.902308109980489714e+00 2.138966199370653687e+00 1.508860479313940184e+00 2.014044213302516706e+00 1.346582806871727600e+00 1.784089885354149141e+00 1.707858495502783791e+00 1.398017296529723286e+00 1.024104654424182748e+00 1.133322898224245812e+00 1.443653998204683875e+00 1.127875760362868185e+00 1.089522013633948294e+00 1.165672437858146004e+00 1.114678673089523953e+00 1.055171635890631121e+00 7.023680554530780107e-01 8.510620676204049273e-01 8.781990378815168752e-01 5.580070905637359857e-01 5.990048424467337984e-01 6.221921767432335715e-01 6.993338920285597782e-01 4.847347544792938723e-01 7.408866237817169909e-01
6.973065541184222393e-01 9.362720983187217128e-01 1.242503211607225877e+00 1.238150411224676839e+00 1.387063170093913778e+00 1.556918305191040908e+00 1.703396956711533461e+00 2.569883415112661940e+00 2.840311759699684302e+00 3.010344262266884119e+00 2.181972666696375907e+00 2.534917063465979670e+00 4.066835005244922918e+00 4.259224631491095536e+00 4.541996761884017353e+00 3.962844188173396454e+00 4.302509333889653398e+00 3.938400030632829729e+00 4.165467249515356407e+00 3.969670018222541508e+00 5.596858172256473196e+00 5.151790413864977936e+00 5.794654713695772230e+00 7.703683981570839556e+00 5.672386215521370012e+00 7.940908769415173651e+00 7.407659497932183257e+00 8.246252973900041638e+00 6.781615508319955410e+00 6.105426902191813276e+00 6.903892976784350211e+00 7.772292640101192696e+00 9.382797871969039250e+00 9.171974761623905792e+00 1.000468026039340330e+01 8.497080424749206884e+00 9.219394417667331254e+00 8.561012866970774127e+00 1.085892417191566217e+01 6.642431440727131431e+00 1.045096230502108625e+01 6.976631427919985029e+00 9.018345826563715306e+00 8.596988078547818546e+00 7.666916434108319578e+00 1.081472966405081060e+01 8.680614920868835682e+00 1.020383983801997552e+01 8.921707834423544980e+00 6.765262004163848708e+00 8.844084680897918105e+00 6.559539179661549646e+00 8.656495292979590417e+00 8.546280472308817266e+00 9.092351683453882671e+00 7.797617270333947914e+00 7.604097277627107410e+00 6.587431288845663424e+00 7.645975906230419561e+00 6.541182458993702653e+00 9.250819404661157819e+00 8.571231887530705862e+00 5.592112468969659744e+00 5.589428589895327093e+00 8.014980786160670334e+00 7.970201683749535526e+00 5.073092459842774460e+00 6.049812951850594978e+00 6.117877314535420830e+00 5.956498757607400663e+00 5.239491348197465648e+00 5.824787710750677583e+00 6.397393758465466540e+00 5.731181958142271604e+00 4.672368721126195723e+00 5.670250452404447472e+00 3.713096529131278523e+00 4.134124139731365055e+00 5.074092136359792171e+00 4.590075552730059627e+00 3.877743450717383134e+00 4.440438281706243551e+00 3.819622401477658968e+00 4.401592366864428563e+00 3.734726428587837432e+00 3.940239473748601284e+00 3.450525784547301189e+00 2.934337797550396143e+00 2.698202392558913587e+00 2.262266784762788863e+00 2.547894547801027088e+00 2.825430845866374163e+00 2.826018459688643070e+00 2.460241168012885726e+00 1.928320706466280621e+00 2.250867567009346093e+00 2.358850982832971788e+00 1.857654345275796759e+00 1.396632818469038639e+00 1.298109477938020229e+00 1.452813894953224327e+00 1.282286611582493574e+00 1.387532903628700742e+00 1.386553790232342820e+00 9.946880103748310109e-01 1.479222100899920678e+00 8.845053921513458262e-01 1.147274987409766744e+00 1.073876775279675400e+00 1.001932565225073013e+00 1.063556606311210961e+00 7.325757914076684862e-01 8.552190322806871858e-01 6.022472496268356235e-01 7.627526636107855307e-01 8.153209225936058901e-01 7.070001359514673789e-01 7.558517883357880329e-01 7.077921302229994716e-01 5.698165826974864734e-01
1.036445111095143590e+00 8.066369729538185318e-01 1.166044979723448671e+00 9.990620666921339321e-01 1.474701873076578407e+00 1.470778825844284210e+00 1.810492323961746530e+00 1.940847053365259089e+00 2.161940704748269493e+00 2.228933186746047568e+00 2.916027390288091325e+00 3.289806609941685611e+00 3.059172214041039783e+00 4.129511596157308340e+00 3.139010523563571464e+00 4.384240073186696840e+00 5.374829995445509212e+00 5.313749385359638921e+00 5.933840270956105556e+00 4.204717426935902225e+00 6.415287480845241141e+00 6.569905224163846036e+00 6.133573512848465192e+00 6.828956945556662994e+00 5.014512295383889651e+00 5.477588304873084013e+00 7.744305648480380277e+00 7.209952689881840904e+00 6.845050664306761234e+00 6.651434123185844705e+00 9.115577135769532546e+00 9.004267056748588516e+00 6.997390632868767391e+00 9.728906263863649428e+00 8.348864949532607937e+00 6.671047028413590319e+00 6.674688867150125660e+00 6.896859553956986133e+00 8.245902368454745002e+00 1.020320448053525020e+01 9.420574600787679387e+00 1.041086534581050849e+01 1.009953411105890808e+01 1.029978586581888678e+01 9.480773096286736035e+00 1.040018199911131092e+01 7.064240145791388592e+00 1.004500565753124519e+01 9.576953932104522949e+00 9.532013880639565784e+00 7.431995275683257240e+00 8.638690314430983008e+00 8.059346669326034274e+00 8.889982536208908215e+00 9.463273557438792949e+00 7.922770874925968876e+00 8.968294987536074458e+00 6.942429283181912325e+00 9.530103464444200867e+00 8.215525971141177664e+00 6.687369713537104410e+00 9.047158819978577071e+00 6.793472632808444267e+00 6.671126977119105739e+00 5.304041933978552059e+00 6.898460963574623683e+00 6.156584455233682363e+00 7.652631791136132122e+00 5.596068960522043056e+00 6.603863920917476982e+00 4.903329161586916562e+00 6.191394085601389818e+00 6.992406347529635191e+00 5.487743621470587918e+00 3.996903920535940014e+00 4.209912111937521573e+00 4.514186436425277726e+00 5.754262160059547604e+00 3.804518382394454168e+00 5.328964707288092129e+00 4.999692803895401383e+00 3.094780169127794966e+00 4.750973695996224322e+00 4.099616053470057864e+00 3.425077383086554850e+00 4.295467685085555765e+00 4.058560638958101485e+00 3.608627323942206644e+00 3.146752946985186927e+00 3.525094101697719751e+00 2.986967272290147246e+00 3.132156457409478900e+00 2.569795396475643923e+00 1.890876757658525698e+00 2.454638028763149737e+00 1.674174610503093907e+00 2.216389468685370012e+00 1.792388691151727720e+00 1.728225988265526647e+00 1.708074639259766769e+00 1.457939512425062478e+00 1.608762666260365126e+00 1.199837026066765455e+00 1.642110167564662548e+00 1.585847190095952319e+00 1.513798068441468248e+00 1.144696770310302814e+00 1.100305930624621231e+00 1.087004981113959934e+00 7.550149984663179215e-01 7.099715536189797893e-01 7.913756083379434036e-01 6.458931647078020033e-01 7.772006508203411768e-01 5.334490107649436652e-01 5.248937164711954262e-01 7.139482394470778592e-01 6.030783424271558557e-01 5.565162607550032670e-01 6.814447795562553756e-01
6.596403658550937799e-01 7.915687846652825765e-01 8.565187674844768617e-01 9.932793974106046697e-01 1.602902357096760433e+00 1.594403537340923771e+00 1.819400527984480709e+00 2.436874288222375728e+00 2.180394365239588073e+00 3.070216352510706237e+00 2.259185362125490037e+00 2.573435655466511207e+00 3.295224196760401458e+00 3.626889064594460255e+00 3.084720933437434809e+00 3.408631697567367169e+00 3.661849377420911988e+00 5.603953940350786311e+00 5.764316193297202240e+00 6.005694667933398456e+00 6.545154654424423235e+00 5.948806232234800540e+00 6.688585618866123461e+00 5.566156370570415568e+00 5.245839403337870799e+00 7.474116408137408740e+00 5.691421539269367891e+00 5.551583609435820854e+00 7.359576901760626733e+00 7.236502748392127593e+00 8.118734848375758872e+00 6.888258565297180169e+00 7.868900783735071514e+00 8.352368976280748925e+00 7.569948088096384531e+00 8.595360753611357651e+00 6.890802091122442796e+00 9.076219252967888451e+00 1.055118481001120223e+01 8.479484122940023738e+00 1.066436567717150830e+01 8.433774616497778709e+00 8.453420316376615062e+00 8.042994335547719587e+00 9.083663535835922787e+00 7.715739188828433903e+00 9.722344872875588351e+00 1.000226864100368296e+01 9.711772705749851298e+00 8.238333585257914038e+00 9.040351944765744108e+00 8.576620549943058336e+00 1.030840852017323428e+01 9.321729562095004695e+00 1.003265770129514500e+01 7.273728765729560841e+00 1.003117320303329230e+01 6.686496570191051703e+00 9.681339677311401104e+00 7.520997710547589143e+00 7.560379983521860581e+00 6.607016313564829879e+00 7.152757073125951770e+00 7.057749032275579815e+00 8.585512893489658737e+00 6.371381476374443409e+00 7.628731544386508467e+00 7.884034864485770733e+00 7.770591097861632157e+00 4.981518923895034590e+00 5.993969543831353164e+00 6.458474852431304036e+00 5.635372341026553933e+00 5.348650840003238649e+00 5.128332758492498478e+00 3.904693845036265820e+00 4.070818610981238983e+00 5.305848387495037954e+00 4.509632681745359584e+00 4.962083806205195735e+00 4.473762378996090305e+00 3.973774974274414173e+00 3.815667686897640021e+00 2.903461697687227172e+00 4.455712813200690903e+00 4.302332439970403932e+00 3.008094863456947987e+00 2.996497891234965127e+00 2.584974922474737813e+00 2.811090194609850101e+00 2.491138112483908262e+00 2.690229930935112090e+00 2.073628051531417604e+00 2.485766431266779097e+00 1.853579901365370874e+00 1.969209468151240872e+00 1.846328609732771575e+00 1.505453359553013737e+00 2.259093348279435087e+00 1.620006257880650002e+00 1.984033385755403112e+00 1.928732841775693263e+00 1.157508703816165774e+00 1.255404490513987836e+00 1.338412786735393656e+00 1.392258680806919502e+00 9.911451620931160944e-01 9.457630795570811655e-01 8.423283420746529027e-01 9.999096811447485411e-01 1.054999784094854176e+00 7.162597609746520488e-01 8.447103263896957870e-01 8.856386739172134037e-01 6.182026455494268324e-01 6.652809543838968942e-01 7.600349210808747813e-01 5.938550079535593884e-01 7.078951684277079437e-01 8.394964138761751293e-01
7.882585533729143945e-01 9.979323352086232335e-01 1.251258414448426670e+00 1.534760493132547143e+00 1.615623824209760029e+00 1.923456161014659660e+00 1.655221900275958946e+00 1.963036166126517212e+00 2.407234721284696288e+00 2.763886190561609890e+00 3.313504943077472564e+00 2.880713253521333339e+00 3.882779916375696416e+00 3.545772052536702024e+00 4.377022069409304272e+00 4.648288129091789678e+00 4.837389701160344835e+00 3.479430480107905677e+00 5.837383850551850273e+00 3.779645098664720759e+00 6.530071355088647778e+00 5.283620799286804726e+00 7.064836628822015463e+00 5.023820027051971948e+00 6.223481772220821995e+00 7.943693984298771937e+00 8.418484983156613310e+00 8.305272428162130183e+00 6.136708655187448791e+00 7.276310564671489622e+00 7.689087105688994228e+00 7.322313913772457994e+00 8.771432881735940157e+00 6.825651290188943676e+00 8.227422344288758183e+00 7.639185258181322880e+00 8.410626124614353216e+00 8.021404400833596071e+00 6.737084394794736752e+00 8.083309185332355540e+00 1.056421252511866626e+01 8.843557693078723858e+00 9.689621753196025367e+00 8.632333103827585674e+00 8.193904864799250731e+00 8.871667904117558123e+00 8.371347140889756844e+00 8.524675661658390524e+00 7.259426780965393178e+00 8.405100521693993798e+00 8.157618704964603396e+00 7.651896446916541805e+00 6.721744023185094896e+00 8.771424775581039057e+00 6.548984160053085368e+00 9.964703670936644997e+00 8.763919131459845246e+00 9.630076082183901320e+00 9.492831754004782852e+00 8.959843738323305828e+00 9.070170138184442621e+00 6.421650788235914398e+00 8.811845772194159210e+00 8.222139206080189666e+00 6.393518724647988982e+00 5.921572528411805258e+00 5.660521425630590464e+00 5.046537913064785386e+00 7.579284475118232223e+00 7.120693191418793866e+00 6.852971709730939054e+00 6.090494472850938479e+00 4.718892006469768141e+00 5.090190635304179700e+00 5.301204495890051938e+00 4.137364032932023150e+00 5.025413135608840065e+00 4.443292756664681598e+00 3.920621316625109820e+00 3.839051729611901553e+00 4.543278151487524674e+00 4.815404892633055489e+00 4.818869909459904122e+00 4.526223120214983631e+00 4.412604557324971033e+00 3.789587279025495636e+00 2.590603115575790483e+00 3.264762455442870692e+00 3.495539812689581360e+00 3.204704153975751257e+00 2.697256431183519876e+00 2.703148302349346110e+00 2.250379804382680149e+00 2.580971883710683645e+00 2.703827208923382130e+00 1.898662892494837884e+00 1.861170315983560419e+00 1.531750014683744832e+00 1.995046077447343524e+00 1.676947451504462450e+00 1.725993832954943574e+00 1.923566056690840576e+00 1.887719762566292481e+00 1.264720366307569233e+00 1.412300228336638375e+00 9.631535395328910676e-01 1.095662136249871077e+00 8.475574450974051599e-01 1.053787931890010743e+00 1.125559132620571834e+00 7.827294423471504725e-01 1.018282310589832429e+00 6.585184441136781031e-01 9.455263444975097187e-01 5.684272432683656895e-01 8.056932656607072030e-01 6.683825088269613746e-01 5.733893765230299033e-01 5.524260869735764246e-01 6.521695972501918570e-01
6.993684701587478125e-01 1.027249677453066390e+00 1.186129358155193270e+00 1.133666380918112004e+00 1.403977512186566079e+00 1.822600793707390476e+00 2.202163400314028685e+00 1.814721616239871604e+00 1.724699570659055770e+00 2.751460197292490584e+00 2.069420150801839497e+00 3.388006366555154525e+00 3.498874948782332961e+00 3.637015946087334584e+00 3.580284012651529846e+00 4.844647757278353950e+00 4.970728718567700710e+00 4.568550435708823798e+00 5.077723389128141918e+00 5.875528412776359843e+00 4.121390222444106577e+00 6.169070361935268920e+00 5.004808620797392749e+00 5.652469850050473532e+00 5.940355490753056245e+00 5.191224189815756951e+00 6.489540346470348275e+00 6.447474514348230379e+00 7.225268542084799073e+00 9.060939003426224048e+00 8.895225619084870416e+00 8.102169820873076134e+00 7.219794366713452760e+00 7.582065140785448243e+00 9.825458196377324427e+00 1.006383470933454660e+01 8.673399422224640887e+00 9.224985816692370832e+00 6.437246039572464440e+00 8.939682312698504774e+00 8.782830259272461859e+00 8.476083232914945143e+00 9.532930578839375002e+00 6.762174425761375396e+00 8.989283830612693649e+00 9.765116020044764866e+00 8.662330519257126937e+00 7.548370667306958381e+00 7.813496728110007616e+00 9.560847442701611243e+00 8.001780790212327688e+00 9.549102948704240035e+00 7.917362491972487426e+00 9.023986131031044522e+00 6.339602821141449240e+00 8.842057056229078782e+00 9.999338657987781431e+00 9.504474941910869390e+00 9.481010130457946161e+00 7.944809899117095675e+00 8.615065925669631142e+00 6.805811782751790773e+00 9.166269150338687055e+00 8.249659878418562187e+00 7.618021611557559858e+00 6.004620826237087705e+00 5.896527783445209892e+00 7.020223272053941699e+00 7.840891935639876742e+00 5.294511828949864274e+00 7.505013424372713793e+00 5.438875150857100493e+00 5.432124995848502280e+00 5.938949768036891008e+00 4.819974553168374420e+00 5.689796987485722823e+00 5.551993565904070671e+00 4.484305805499675834e+00 5.760744572311414124e+00 4.612181357533688519e+00 4.820001430217904392e+00 3.637466229694854114e+00 4.128260874416576520e+00 3.460010589382275459e+00 3.071446813644612917e+00 3.720082125562070630e+00 3.437228024287095618e+00 3.487476370073009146e+00 2.581380184483391460e+00 3.538273488251946652e+00 3.519584760385658484e+00 2.590209156807638191e+00 1.961431702109811548e+00 1.870893186651031659e+00 2.947553073858974138e+00 2.739325626604296016e+00 2.219097502589121085e+00 2.296184514415176015e+00 1.526169419590767129e+00 2.155415226759555658e+00 2.078592326471105256e+00 1.435457559818781759e+00 1.603877336369707862e+00 1.701473885453665513e+00 1.699505219824101632e+00 1.102500617716406062e+00 1.437099781492880757e+00 8.929551003530354913e-01 9.421437085333105310e-01 8.049055006595364770e-01 1.076210614065192805e+00 8.123627794666605784e-01 1.002179933322575822e+00 8.695980595839983840e-01 8.039221280085225851e-01 8.225534714402771286e-01 8.515330146864781291e-01 5.618307512080512600e-01 8.317254390832260480e-01 5.637616090037446126e-01
8.798287457383329180e-01 1.084914998734912039e+00 1.023505748054804210e+00 1.293721909179357699e+00 1.610824896737084844e+00 1.288363309420555769e+00 1.565831619840276412e+00 2.441336808273106840e+00 2.707860704565004717e+00 2.399663720226203889e+00 1.996716146181273688e+00 2.319040531731900501e+00 3.106987496089266276e+00 3.294990595102036846e+00 3.788828299437162261e+00 2.910657179007742457e+00 4.308363941109306872e+00 4.152326531192821690e+00 5.215906208696760693e+00 5.404768639807090658e+00 6.126510262444596400e+00 5.071534771521776008e+00 5.129553670431501899e+00 5.979021845806746782e+00 4.940027532645463459e+00 7.675393127458358222e+00 5.021196854844174773e+00 6.579448652730807368e+00 5.786446955800744085e+00 6.034760262284248888e+00 8.800636708726782942e+00 6.129222185445667215e+00 8.594731180738332199e+00 9.758463522380786515e+00 8.222994368719088953e+00 6.181666639914574546e+00 7.446154471739909297e+00 9.802523082368502116e+00 9.711171283723743386e+00 7.111267023702810164e+00 6.601217302940267651e+00 1.013108058668296252e+01 8.762837647172812439e+00 1.035149848302295084e+01 1.067534139456124187e+01 1.057149887009566669e+01 1.078532342171703107e+01 7.131386187181058212e+00 7.033456640471884569e+00 7.732856745373417162e+00 9.865509894861052231e+00 6.612132321864966578e+00 7.549835948619364245e+00 6.533613403482819493e+00 7.125535238267118210e+00 8.424486154151651363e+00 9.254017360775153023e+00 9.685702209319817513e+00 8.199904868563590910e+00 7.668091256903985631e+00 8.878462320061117907e+00 7.656254850786136323e+00 7.137734154839430190e+00 8.406069545470456816e+00 7.054188230469967458e+00 8.170276956164846283e+00 6.841442878969082209e+00 6.257445206003897198e+00 6.736538120850134703e+00 6.230066033688273386e+00 5.272288345476519034e+00 5.601888506882401586e+00 6.016684367452975302e+00 5.451764257228207455e+00 6.034202614221271688e+00 4.626582486351896506e+00 4.496532491392721376e+00 4.345028561996590710e+00 5.069705942085663608e+00 3.562261549803532379e+00 5.399425568849069101e+00 3.302533228032678458e+00 3.454499170286292387e+00 4.898297018636682765e+00 3.114462216459011668e+00 4.426061034899368529e+00 3.535322946323887550e+00 2.728111590873571135e+00 3.151988433774899345e+00 2.463788753923580099e+00 2.863930261110939846e+00 3.123714205490419893e+00 2.915867028650908743e+00 3.008038034832229979e+00 2.567627319817783693e+00 2.819461612138598028e+00 2.152624152357523801e+00 1.978831217050138758e+00 2.056983503429405946e+00 1.440411448549065998e+00 1.985384301714921085e+00 1.881079611100419768e+00 1.594440585324451432e+00 1.661600267599653291e+00 1.604973446077359478e+00 1.244666610478674329e+00 1.298262755939306734e+00 1.170207906500929651e+00 1.089975395050167162e+00 1.176375509656595542e+00 9.284288722108189340e-01 1.061025281693122713e+00 1.043879464387809763e+00 7.475239974541949550e-01 7.579383352055041323e-01 5.769323624672950679e-01 6.079963790902420673e-01 7.510411621881318833e-01 6.093290208334458669e-01 8.694392669373850469e-01
1.065675976532729496e+00 8.836747039975292317e-01 1.335009296829924086e+00 1.570243457271200516e+00 1.389497783579836110e+00 1.928197097352419620e+00 1.839485348503590023e+00 2.310734904038596937e+00 1.893485517593064937e+00 2.681850219657896606e+00 2.460343593457929856e+00 2.334578530260757123e+00 2.877575018852398525e+00 2.842609537501229688e+00 2.884331028617804993e+00 3.304935054528212568e+00 4.044958769283034883e+00 3.420995042207286119e+00 3.756587817024272802e+00 5.407938417862246716e+00 4.924877671976305216e+00 4.116289852273256500e+00 6.372624600315863752e+00 4.604457584051398378e+00 5.143552047679144756e+00 6.903527877452643402e+00 8.227756751578832350e+00 6.948814984481012758e+00 5.597444094801561576e+00 8.346271678234780111e+00 6.465369179492857832e+00 9.358661553520091658e+00 9.332340227796390053e+00 7.449583744306727873e+00 9.984589822901323686e+00 7.737183766878527713e+00 7.677616243593583079e+00 8.626010006757862669e+00 6.788273291246817109e+00 9.234762695547694022e+00 1.039720500653685775e+01 7.791448855176063226e+00 6.696837103368049604e+00 9.192855960210488675e+00 8.694231693254225846e+00 1.016801080052755069e+01 8.784460338334092455e+00 8.673716338831310324e+00 9.552318146693568934e+00 8.716378735323585758e+00 9.971013383346397418e+00 8.990651575176503485e+00 8.494149222017925993e+00 6.799285464259506639e+00 8.099517920214537980e+00 9.308607398048369674e+00 8.067731251469750120e+00 8.488098446872538005e+00 9.493386264170130318e+00 7.496332793127187699e+00 6.161099247340210638e+00 9.018818687947943502e+00 5.635626821062283298e+00 6.349854524115240650e+00 7.654871486020044635e+00 8.433204718834806712e+00 5.705897978559517192e+00 6.950328163921919433e+00 5.778490955089822911e+00 5.953190263114228387e+00 4.757598377255841449e+00 5.762672394098008688e+00 5.290860750668103130e+00 4.582885760413906162e+00 6.682286192100079347e+00 4.403026723840408607e+00 4.139285930277841530e+00 4.061782794356034287e+00 4.825342236226649817e+00 5.278462506043589464e+00 3.811837271160507079e+00 5.342547507195583911e+00 3.602190424500243182e+00 4.476427882021561722e+00 4.298719432250875272e+00 4.246132238676334048e+00 3.047674652237413628e+00 2.818605074367074526e+00 3.390932909978084719e+00 3.103788641629216194e+00 2.603103206343316156e+00 2.537726992927072711e+00 3.244445406368817952e+00 2.936588332793252931e+00 2.875044506801858635e+00 1.851058816539380203e+00 1.752133032557814607e+00 2.211552419108367307e+00 2.191508988793388735e+00 2.044517252129525176e+00 1.925472139054274168e+00 1.506853683274506750e+00 1.695030858530192974e+00 1.493257322519090824e+00 1.395774346909337105e+00 1.113788801051542210e+00 1.464334311961275281e+00 1.419077886063986327e+00 1.308874058041222144e+00 8.325707170284381009e-01 9.297790670706359561e-01 8.782860829107255185e-01 8.677462640525464010e-01 7.433433126872457386e-01 7.683766613739079210e-01 5.812865199249557246e-01 8.670371498461689752e-01 7.355141312561426226e-01 5.936058007166817863e-01 7.413458862137223271e-01
8.245641526445632863e-01 9.520340280322301396e-01 9.850683106750777185e-01 1.473456804676675391e+00 1.462952620689884631e+00 1.670209835687386235e+00 1.350073898702259356e+00 1.472865955281060124e+00 1.988599709957851402e+00 2.040291575514155742e+00 1.930253306077472697e+00 2.472493280603057730e+00 2.561149030707543961e+00 2.475371446249644780e+00 4.341396349700980650e+00 4.105767797195622570e+00 4.833962800186717423e+00 3.342196721108349866e+00 3.911002305103733256e+00 5.667683197975259546e+00 4.162134610962858083e+00 6.571192664217415214e+00 4.448124866985857295e+00 5.863204572875443610e+00 4.718220810514321073e+00 6.684680941910779772e+00 5.249638774442753508e+00 6.623589946135684414e+00 7.615129974713148009e+00 5.556497530737997792e+00 7.003087281257921681e+00 9.363541695075888072e+00 6.205695846395740567e+00 9.767379752903877943e+00 6.096143474833457532e+00 6.278338650008531197e+00 6.374975643964704730e+00 8.880601430983336542e+00 1.009363386123344952e+01 7.942280028803214265e+00 7.051862896417351756e+00 7.733850632435161465e+00 7.102525810425712294e+00 1.088455293003676694e+01 8.697809104022692139e+00 9.172224237034850347e+00 9.420292229055137412e+00 1.026656647525653376e+01 8.796845272280439332e+00 1.076989243622517911e+01 7.556525547082631356e+00 6.745463785362800557e+00 1.029591169556903196e+01 1.016363476092435292e+01 9.454193661581108188e+00 8.834584960393984332e+00 8.676193569250870041e+00 6.651725542476646602e+00 8.426173940956928732e+00 8.115391224985962992e+00 9.303286537447272408e+00 6.703547239080767106e+00 6.755543397597818078e+00 6.660994140606322667e+00 6.163235235712325455e+00 5.240925617091610533e+00 7.446917871173216241e+00 5.540347241217821406e+00 7.221499810254370821e+00 6.662164320765461945e+00 6.410853527168240973e+00 6.092209181752515690e+00 6.933512884349723571e+00 5.441120245364134078e+00 4.526201667755716862e+00 6.298713405779908570e+00 4.489561887908586790e+00 4.367658116945989377e+00 3.928552433170261704e+00 3.853557887709591956e+00 5.372597629966654686e+00 5.119000890864580988e+00 4.660497435751417505e+00 4.142171529263035445e+00 4.604901350333057586e+00 2.971877391950878966e+00 3.552771901834611779e+00 3.711212238241774930e+00 2.604787760818998876e+00 2.998942994330084488e+00 2.967589428590211575e+00 2.153588052927935870e+00 2.384969019546302693e+00 2.131624501958239826e+00 2.533127976814227633e+00 1.866744500919407246e+00 2.685690074184210019e+00 1.977640366315431608e+00 1.820730914192975503e+00 1.563963472483917094e+00 1.740395065237544614e+00 1.853221602246416300e+00 1.708430573359935645e+00 1.815808017424454190e+00 1.783467778331166986e+00 1.683053123797773720e+00 1.184257994054734642e+00 9.981908050098547980e-01 1.080108900925399906e+00 1.160607114287722785e+00 1.144393590248650394e+00 9.638178892098898665e-01 8.514451913637400837e-01 9.786778272456756467e-01 9.549476726349646061e-01 7.904040450795664086e-01 8.860692809057484354e-01 6.054154791265202729e-01 7.852120910550189903e-01 7.642309127928916812e-01
7.548876485459071750e-01 7.913379788865224640e-01 8.707725068439785554e-01 1.203637297817647722e+00 1.450196699394411537e+00 1.905589246446264262e+00 1.749038845771483386e+00 1.480380390545803060e+00 1.882306526713041661e+00 1.935622006200956369e+00 1.916610911950610951e+00 2.704669742284422806e+00 2.790216313118509817e+00 3.464693171505608849e+00 3.256744422754702661e+00 3.855437394540944585e+00 4.481389898849907460e+00 5.091819401452476690e+00 3.915079189109402780e+00 4.790035154202099577e+00 4.206337591475654669e+00 4.819238932943291864e+00 5.842349205078483543e+00 6.925249735029022524e+00 6.638970929936574450e+00 5.133446714166066904e+00 6.053257871714114557e+00 6.816023017592527822e+00 6.480182422551187038e+00 6.447410978618847821e+00 7.939886982044176200e+00 8.494852777723588488e+00 7.052210230560601367e+00 9.144752942083682612e+00 9.446829785102126564e+00 8.787009170006189862e+00 9.933801442468482179e+00 6.369309056765748878e+00 8.752286345932795086e+00 8.919085928096894378e+00 6.438119981136200209e+00 9.098983671512245408e+00 7.214514849627534865e+00 1.002781148044530468e+01 9.699067549606803951e+00 8.741264162356767287e+00 9.123503354160428458e+00 7.399101695183430749e+00 7.177335255199171371e+00 8.500743552604554054e+00 9.944767055067952555e+00 6.676780400354414446e+00 1.000578248122536706e+01 7.705620165092899931e+00 1.032823470760383167e+01 6.456147609759235628e+00 8.512038174036083760e+00 8.827675914578900773e+00 9.731886974639248677e+00 9.400221618324428263e+00 7.784557543783830802e+00 6.615591187961457287e+00 7.801493237514937285e+00 8.126174875161005673e+00 8.687450229698519877e+00 5.466204939379767147e+00 5.818548726702173823e+00 6.930741470536911919e+00 5.329196675384517690e+00 7.002551887546099252e+00 5.701715188841057547e+00 5.715569457793871599e+00 6.576435263129478237e+00 5.870920579298313235e+00 6.352309579614919599e+00 4.375795125693366039e+00 4.785643569599875136e+00 4.369354455374144131e+00 5.615284698690361509e+00 3.739008139165020950e+00 5.487331537384196878e+00 4.854162685803208532e+00 3.928742602683378049e+00 3.114321789404526530e+00 3.256033312672503843e+00 4.541542553058205201e+00 2.958021228212492471e+00 3.006959465300343748e+00 3.829601122468115015e+00 3.056166867511648011e+00 3.584738918676487085e+00 2.532357459431494817e+00 2.795637039773243959e+00 2.011188056099812105e+00 2.139772349782543603e+00 2.638497787756058255e+00 1.819479510752865181e+00 2.614097770925786435e+00 2.527587877920112636e+00 2.138321552933728942e+00 1.482079675922696627e+00 1.603109342297000639e+00 1.826560374225334460e+00 1.170013106163214633e+00 1.414094509617107365e+00 1.348490025260559610e+00 1.299972462586423738e+00 1.148498806229182101e+00 8.727020311924738039e-01 8.582954223046356246e-01 9.694374224913431259e-01 7.822366489674866807e-01 1.066025654194983519e+00 7.159221607171794011e-01 8.873372730206554593e-01 8.295163702203551814e-01 6.178720499785171905e-01 8.151244980618314040e-01 7.455849228116901983e-01 7.796485473802502453e-01
1.003199184897730412e+00 1.197492396159363759e+00 1.318786603610858865e+00 1.252308844727112458e+00 1.350231895906740531e+00 1.440679251918890902e+00 1.790249697803157236e+00 1.559414021891795343e+00 2.394178576326865038e+00 2.501662595359221974e+00 3.082055870431486877e+00 2.518344059833150350e+00 2.399861362448525437e+00 3.486820053156519439e+00 4.195103662247754883e+00 3.389517284556897270e+00 4.839827641425978655e+00 4.825200368037315002e+00 5.341536881858481856e+00 5.474981204148193115e+00 5.619430907570275302e+00 5.005286263169485217e+00 4.271802810608074097e+00 5.397886823609574947e+00 7.223100459497614700e+00 5.756293627371622534e+00 4.960597439913240869e+00 7.805692942932251022e+00 5.250168701702434326e+00 5.728400484650796542e+00 7.365411252804102915e+00 8.904548047227411445e+00 7.285114082794929224e+00 7.961378683556417535e+00 8.538032604137942627e+00 8.630066775110398325e+00 7.867656832467244676e+00 9.568958925597854659e+00 8.203044574139850553e+00 7.634628055498295929e+00 9.767008978940372899e+00 7.007125671364691222e+00 9.846236087320344055e+00 8.368274860832862316e+00 9.469235332189676058e+00 7.353892989024874538e+00 8.024295817950305221e+00 1.077193255136802996e+01 9.999435351116174431e+00 8.154701241878433038e+00 9.570910837621203981e+00 9.973420650506540142e+00 8.660375575132693626e+00 6.497394471580181907e+00 8.599147297616601904e+00 8.156149998685350511e+00 7.956579786485700190e+00 8.632996526727945152e+00 7.145327803935548339e+00 7.010912574813011666e+00 8.193712430803067548e+00 6.181509021287024730e+00 8.991478755513107046e+00 8.610403144936205067e+00 5.612447915993810099e+00 5.332099319011995853e+00 5.791492511035173152e+00 6.758296162848941968e+00 7.383758553066980035e+00 5.972060434375002558e+00 5.816586399259689344e+00 6.389036433564854178e+00 6.007150282940298958e+00 6.298813798163441113e+00 6.778183779925512020e+00 6.700057875500188054e+00 6.430436209521780633e+00 4.209100269736602229e+00 5.611790009094667298e+00 3.574826542142828245e+00 3.774418542887534311e+00 3.509984574409645397e+00 3.381360172970422795e+00 4.741656781156874167e+00 4.426422783416609441e+00 3.454339058477423841e+00 3.369704743477417885e+00 3.858027026672186999e+00 2.825655003722677971e+00 2.850976010018726914e+00 3.054223945739173107e+00 3.110727708162038141e+00 2.649528065808191446e+00 2.844278356597011559e+00 2.092189995805600500e+00 2.900447640424690832e+00 2.822178527272281912e+00 2.552165998419639870e+00 2.106278206589888846e+00 2.108845089365635861e+00 1.878875159661050898e+00 2.147550215156184716e+00 1.713391260566960561e+00 1.899102366958498322e+00 1.779033561969695088e+00 1.117777031455965187e+00 1.176132689845923007e+00 1.300173915734806451e+00 1.337383036337197906e+00 1.072701022803597137e+00 1.009755992523489798e+00 7.547927011417329135e-01 1.122236582063784960e+00 8.550545447509656505e-01 8.659362846592857377e-01 6.650039568073158325e-01 9.306822264517835563e-01 7.732738601453509331e-01 6.409231252025072711e-01 9.205019148609044910e-01
7.006455890007484699e-01 9.940534112543807366e-01 1.056981979649609826e+00 1.518909455491816551e+00 1.122068268879642172e+00 1.739085861978679759e+00 1.509364092023945947e+00 2.187047230953568899e+00 1.780090554301026806e+00 2.244734916336496244e+00 1.971337613851807946e+00 3.067530608184545482e+00 2.398200854319261666e+00 3.805496899790699494e+00 2.629798454873215174e+00 3.333464280861336615e+00 4.613940969731174846e+00 4.283834791306419199e+00 4.275996112588735798e+00 4.254734673854295934e+00 5.000402283083839272e+00 6.394974627508969611e+00 5.878266907961187115e+00 5.581863565514344039e+00 6.256014993222719589e+00 4.726286582606642916e+00 6.539106766693488559e+00 6.121732641492403815e+00 5.651322418079150367e+00 8.072175528762087993e+00 5.540682792254236766e+00 8.285440303102072690e+00 7.721028068326757143e+00 9.160988063226790601e+00 6.737248961104961964e+00 9.264067008759381494e+00 8.902415034555419382e+00 9.886038330507160410e+00 9.881474453959858906e+00 9.515372306303900629e+00 8.781602255843008464e+00 6.873121782876577157e+00 8.443109985574722032e+00 9.753719391365686775e+00 1.024806557564129150e+01 7.378009321507902563e+00 7.139015194367520856e+00 1.078428193270857172e+01 7.103804441040078466e+00 6.841316837723369737e+00 7.034146198995942179e+00 8.554331862344003667e+00 9.074476067330516926e+00 6.793238692119031086e+00 7.168193682025597369e+00 8.759159355781132916e+00 7.082060611454872756e+00 6.186099034461545187e+00 7.916550375189564726e+00 6.052205240872688741e+00 6.867779151653690128e+00 9.372398178293117610e+00 5.986688389585051340e+00 5.764464117642301488e+00 8.208804953640933988e+00 8.712781925581365883e+00 8.522741749955995871e+00 7.095331171427479156e+00 7.285227285689390264e+00 6.885196308883990035e+00 6.238009599143827799e+00 7.169218959411356451e+00 5.039188125323256884e+00 5.589366328476075729e+00 4.994251567994090202e+00 4.542864500886609314e+00 6.372015711828500351e+00 4.799054455015767218e+00 5.810912083436877040e+00 3.737210876350121946e+00 3.998253817431278723e+00 4.342221752523076184e+00 5.084841850871673508e+00 3.273167493510491965e+00 4.233259033254690884e+00 3.344947768733085969e+00 3.785189051949804373e+00 3.643690075112299809e+00 2.867402475244318794e+00 3.595213626400732831e+00 2.633456968565598633e+00 3.102509138526816201e+00 3.080674253947978780e+00 2.390026514000101798e+00 2.732793229697563664e+00 2.883914051757900054e+00 1.849726053166694140e+00 1.954452969888365477e+00 2.513731047967924237e+00 1.642577140774121647e+00 1.516812468576631545e+00 1.589493574283070476e+00 1.439231927931334809e+00 1.807146563284926621e+00 1.727616382830500230e+00 1.216634319553700161e+00 1.328680599658071726e+00 1.433738091067630060e+00 1.047690791611810113e+00 9.810194772552660591e-01 9.858684003804809581e-01 1.195775511062762586e+00 8.766596384913502016e-01 8.653965430460185404e-01 9.009998225505237990e-01 9.577284479563743513e-01 6.113043462316219978e-01 6.021570530556513701e-01 6.052564137023360713e-01 6.556162086942777245e-01
7.539968605776879995e-01 1.019798822120423276e+00 1.309590664157546103e+00 1.474239971677900662e+00 1.273705510022857590e+00 1.238313253540477499e+00 1.286284761302552315e+00 1.824012336867560480e+00 2.573940300507185697e+00 1.836779690379320540e+00 2.189771161294927104e+00 2.287043860898197778e+00 3.508595452727743869e+00 2.698169179379539706e+00 2.542563556945791614e+00 3.287025677191332207e+00 3.612613743388392695e+00 3.144545560823763797e+00 4.031351115479163916e+00 4.108531870625048654e+00 5.381823080922593761e+00 4.971524478041279949e+00 5.436267468658005697e+00 6.218140513809105485e+00 7.171658653896638924e+00 4.660292598089331051e+00 5.070863789934050736e+00 5.151287315908743558e+00 7.613922370639260251e+00 5.821104376540001013e+00 6.723052321797545083e+00 8.354281566141208870e+00 8.448396812632916308e+00 5.892966661122498451e+00 9.495278898470841611e+00 6.714809734490039261e+00 9.195098037808648428e+00 8.292665541649764549e+00 8.710362728441308988e+00 1.043832403693526523e+01 6.588020198041563802e+00 7.529420764470993177e+00 8.233145357411714826e+00 7.235834311306115652e+00 9.643970368649526392e+00 1.044605290319280755e+01 8.963066222983472997e+00 6.632887083767309733e+00 6.758456020253865937e+00 7.444408061340085148e+00 8.930829442616806446e+00 1.061792675308164213e+01 6.851807614241279154e+00 9.657861051950208164e+00 7.205084103751314473e+00 7.707023710225185731e+00 8.961969513889142647e+00 7.583332736546532615e+00 7.808465167261951834e+00 9.335577632464234554e+00 9.106951838497892027e+00 8.933700965257861171e+00 7.304791592352504637e+00 6.603684624216501042e+00 6.327023668540947554e+00 5.571166231522568069e+00 6.520422484496743110e+00 7.627551590397250614e+00 6.104373925107755561e+00 5.274999346846911408e+00 5.317950936043637888e+00 5.363041362227180642e+00 6.697924284564114039e+00 4.496962893655899407e+00 4.622985246927642677e+00 6.379563749559361341e+00 5.074884930881019329e+00 4.612585827768008961e+00 3.710569126796244621e+00 4.225207377196780634e+00 3.860223080877168034e+00 4.861756744774045735e+00 3.932324881216455736e+00 5.143511012022197626e+00 3.647161323704427360e+00 3.527075671814636770e+00 3.146639032199328057e+00 3.344700729181459220e+00 2.836450779041325365e+00 3.489726166914011163e+00 2.581466331724195484e+00 3.049802295932137586e+00 2.724983272412437874e+00 2.752971723046050645e+00 3.008290341782033028e+00 1.997174438616698078e+00 2.806340575862305009e+00 2.282196926072837861e+00 1.812071526256391341e+00 1.887829069961036943e+00 1.670319791766023521e+00 1.362858008714693980e+00 1.968298938189759761e+00 1.449647801951723602e+00 1.743615095334046794e+00 1.698494822603738186e+00 1.657530350550736831e+00 1.398095959106765873e+00 9.449204878707799793e-01 1.352537110084673033e+00 1.138322108437797686e+00 9.755679687273176581e-01 1.127599804419268104e+00 7.198630415674966976e-01 9.586914525175010970e-01 1.002709532556796068e+00 5.951667119544682416e-01 5.818693160803222186e-01 9.629323261736648654e-01 6.531341733634139501e-01
7.499884326296304415e-01 1.048299244539836472e+00 9.702381140672129423e-01 1.447198887296495595e+00 1.506861235976635127e+00 1.668455930242961793e+00 1.398183299214453834e+00 1.814220174543098585e+00 1.684048119115526543e+00 2.453471208284814686e+00 2.576820454870105692e+00 2.171491453500362212e+00 2.438750666319294602e+00 3.318086568622380383e+00 2.552669188012720358e+00 3.745136873445475523e+00 4.454488089160289377e+00 4.798895202518584036e+00 3.306086679847411780e+00 4.775121417773605437e+00 5.190662257366160937e+00 5.257775022103005291e+00 4.597746434828705375e+00 5.304962224853345454e+00 6.883067426117149168e+00 5.165728405892957120e+00 7.465765929778826582e+00 7.221161442423281507e+00 7.597213019797826483e+00 5.957859850033857541e+00 5.688566974589861047e+00 8.171381429401140650e+00 5.838648065700626333e+00 5.736558817626392859e+00 6.043234399836658000e+00 6.010563070798252916e+00 9.995679177380173641e+00 9.554018331302827960e+00 6.233890797793797844e+00 6.991167124403395050e+00 1.033018071784468539e+01 9.897317403718419726e+00 1.001957233666932723e+01 8.964557798358589125e+00 6.810570464656575673e+00 7.502984551666155077e+00 7.091966656465456431e+00 6.746953493288409653e+00 8.293046603166700947e+00 7.109590469281640956e+00 1.061302995457484322e+01 8.870646098025765980e+00 8.906089807940723801e+00 8.138124106468687557e+00 1.025140987534715009e+01 6.493619826444784415e+00 8.346887027539278137e+00 8.866414749741688084e+00 9.771040450371387465e+00 7.802985043908513774e+00 7.645680156593337884e+00 7.208381296353832290e+00 7.757809881501992244e+00 6.790737210980598348e+00 7.813001029375552520e+00 8.222859970119232642e+00 6.940705559186674201e+00 7.372214599435122473e+00 6.034322387033982160e+00 5.199347679073450301e+00 7.375493711357193227e+00 5.506392562334201379e+00 5.837195160210921330e+00 5.434818344275504920e+00 6.044222607517576229e+00 6.183080745043925575e+00 4.791068354622873393e+00 6.067720230034947981e+00 4.434859434762592478e+00 4.707988762172740316e+00 5.219102037772961999e+00 3.917718803218248169e+00 5.334743689807485367e+00 3.296441747682552492e+00 4.153936840277978604e+00 4.823724448244877117e+00 3.433064693580768267e+00 2.864094213010485390e+00 2.977015293054805500e+00 2.983744735989296348e+00 3.748443698383609579e+00 2.275341737780865348e+00 2.178400995090520986e+00 2.690480919547153071e+00 3.133298546397910389e+00 2.778578597349073753e+00 2.292202364431341621e+00 1.936241800405597235e+00 2.642816459148137120e+00 2.455904798484220386e+00 2.103944655455103785e+00 1.912865881480728891e+00 1.476884761123292034e+00 1.956617538369765263e+00 1.604181567683177434e+00 1.703323284930656101e+00 1.395798661686795894e+00 1.225812109008560746e+00 1.451697116498495532e+00 1.025412335521032503e+00 9.511759773878333268e-01 8.914384702513700187e-01 7.445711702733825987e-01 1.035317785743430585e+00 8.223379224329661064e-01 8.940737577362674049e-01 6.998557211206858364e-01 8.219158170669305097e-01 9.077166475120641564e-01 7.442212204570776146e-01
1.029069339925120286e+00 1.112510331240857964e+00 8.601392239805868423e-01 1.429761941650318668e+00 1.368075488829553654e+00 1.765635516759253232e+00 1.529567936768395642e+00 2.168457902331961673e+00 1.727916363089965435e+00 1.808410331619596079e+00 2.595758769248886377e+00 2.349397461916950203e+00 2.369151939702731635e+00 3.677123049802357269e+00 2.678363436411208109e+00 3.652839544832743535e+00 3.291082553986361514e+00 3.640792012614320505e+00 3.563264644646472856e+00 4.328523570867649717e+00 5.856243372507192291e+00 4.171204488905245533e+00 5.775788017380761197e+00 6.142714357096171085e+00 6.724513774148143774e+00 6.352052722895245473e+00 6.538961820782144052e+00 7.197077613916375682e+00 5.229578529941826481e+00 5.446321568746085084e+00 5.676130875255918085e+00 7.871756459668651118e+00 7.245837530665319548e+00 8.396084560113305173e+00 8.222113545959794934e+00 8.075792268606852176e+00 7.705414659864008087e+00 6.630243366289036544e+00 9.887123484227625880e+00 7.871661799414722438e+00 8.309616450513113151e+00 1.029135403078268673e+01 9.718554546235871783e+00 7.407864831448598864e+00 9.103254508323402661e+00 8.577694168243992223e+00 7.099218805470536964e+00 1.065387767407270303e+01 1.043744490953819692e+01 9.383137503838188564e+00 8.559480656508190677e+00 8.272636084753949959e+00 7.528132048792868680e+00 9.708403189688267432e+00 1.032550769265186297e+01 8.133335407144253182e+00 9.264192058910289518e+00 7.946620421281838098e+00 6.624816249767583543e+00 8.327965224412174905e+00 7.238200068410025168e+00 9.354756201359036183e+00 8.419778343837343471e+00 7.459281344792732860e+00 7.752743480009107735e+00 6.506758653840898354e+00 8.309804626859484955e+00 7.304354600058322156e+00 7.139685407904377001e+00 5.826353026546380320e+00 4.968346742108399106e+00 5.101201563050985044e+00 6.886314860729145337e+00 4.765107616547730629e+00 4.913656291666788967e+00 6.160617582519101632e+00 5.009486889783134167e+00 5.869992950522932240e+00 5.164502550688799154e+00 5.902018812354254962e+00 4.385433368698553380e+00 5.190544296874540109e+00 4.819647798678620809e+00 3.402093246284467298e+00 4.524551964530000525e+00 4.114463434388142993e+00 3.481512237566974033e+00 3.862439047267130388e+00 2.833672211640601901e+00 2.638555018650126982e+00 2.417478022303407581e+00 2.940519727716189635e+00 2.395925191625255746e+00 3.179153755956032334e+00 2.273295778592641092e+00 2.802172426564608188e+00 2.835830577716059953e+00 2.694153757737440813e+00 2.278190630095504599e+00 2.106494794731544218e+00 2.252443641341010938e+00 1.662722644412568673e+00 1.373302531914224467e+00 1.535447571777497133e+00 1.384809747125480994e+00 1.295646985456029965e+00 1.145863620024960339e+00 1.417777361309527473e+00 9.739768380014998117e-01 9.707361740536026851e-01 9.769315152365903865e-01 9.545949281288753641e-01 7.859731675868762979e-01 1.134309661340290321e+00 1.112590819559817756e+00 8.537910149342109456e-01 9.719170252457175474e-01 7.246235623138187476e-01 8.325132904941361378e-01 6.980301741758282441e-01
9.442558452084339748e-01 9.414663828870171169e-01 9.334073729334849689e-01 1.413131712689208452e+00 1.662836727688659089e+00 1.204964479387345300e+00 1.957342012182200941e+00 1.522870917699226778e+00 2.253044404080676966e+00 1.967903564150311757e+00 2.787682967240141529e+00 2.287515651570066311e+00 2.408050912650719688e+00 3.029209241945504338e+00 2.782874712288347929e+00 4.140726626547658995e+00 3.680637687838455019e+00 4.352767813740791247e+00 3.554722232184979624e+00 4.898684848487083521e+00 5.596158932394506458e+00 5.071740137795789138e+00 5.507077427801506886e+00 4.184437111215980387e+00 5.115484335890418954e+00 5.236817878376220037e+00 7.201780073049453890e+00 4.827147249555031827e+00 7.817219481018235605e+00 7.263823172716275423e+00 6.780182702128203509e+00 5.648311983002270331e+00 6.302232256520659881e+00 8.979019677928320675e+00 9.346615168793194428e+00 8.501495954568369484e+00 9.458041192582815171e+00 7.401175925465422800e+00 8.250059597997930538e+00 1.026408326421545958e+01 9.961352306989347483e+00 6.546605025435709102e+00 9.088882610214806590e+00 7.608483999846408885e+00 9.069885705975980983e+00 1.025399944118407447e+01 9.649621858322653623e+00 8.183139872913457680e+00 7.047314886648196719e+00 1.053120748670264284e+01 1.033953458596726449e+01 1.054727961613314413e+01 7.412542713733054178e+00 9.706348806357711467e+00 7.335708762948845774e+00 8.333463523332568457e+00 9.233924581440003720e+00 9.382426258695051757e+00 6.561348901666756994e+00 8.938076566764021180e+00 7.907316657792933690e+00 9.358711857568914994e+00 6.315720626981636165e+00 7.686450837096134414e+00 7.531762941468532091e+00 6.570637245350682498e+00 7.679296429083965592e+00 5.991098468569300728e+00 5.994031820244919651e+00 5.424414442002408521e+00 5.777642280126221941e+00 7.727769403047436647e+00 4.706681047160602205e+00 6.675147730187111605e+00 4.585256308281578264e+00 4.728368671874738638e+00 5.930662644505125591e+00 3.973217769544357125e+00 4.295440743296358832e+00 4.099916112335695750e+00 5.555567749641874720e+00 3.485037050791583546e+00 4.876631127421895862e+00 3.979222591534965936e+00 4.350821791174335651e+00 4.117779212868192040e+00 4.124616504395297589e+00 4.486895675335349942e+00 3.287793236743842495e+00 3.768899526496323649e+00 3.785849568374677787e+00 3.701251451328669617e+00 2.391497489239272856e+00 2.850522454303394237e+00 2.469282834177266572e+00 2.461025177065614411e+00 2.336976226766322107e+00 2.263180464249686441e+00 2.265788149797148154e+00 2.059076124687857945e+00 2.082828233044763611e+00 1.998577271525771915e+00 2.192179641456380779e+00 1.787355007048809119e+00 1.815744103369827611e+00 1.619327282538651991e+00 1.299324301787970759e+00 1.266716880446189020e+00 1.500177925696405179e+00 1.229494825524308332e+00 1.264708919970617185e+00 9.067280553829845102e-01 1.267962589916601157e+00 8.817775214990766219e-01 1.131381975035191445e+00 8.503507513944512652e-01 1.016341034410095823e+00 6.536558923453116288e-01 8.963973938628527760e-01 7.016013665617182316e-01
1.176118405219894747e+00 7.949425808194828802e-01 9.472719030903878901e-01 1.060355027834671393e+00 1.629304468901120240e+00 1.807988943251652714e+00 1.512026301784297644e+00 1.703406202650104007e+00 1.895897537257533960e+00 2.042393307127283286e+00 1.835303910111032888e+00 2.951540718716508138e+00 3.328438672969812551e+00 2.663734905236930128e+00 3.248952065309952175e+00 3.732379009129834557e+00 3.155099586080441387e+00 4.495897217161692438e+00 3.483238523487024008e+00 5.184596310249660611e+00 4.021450759064382652e+00 4.281761867599373161e+00 4.281579247303045399e+00 5.537902949104545058e+00 5.059465938232700744e+00 5.167029600596932504e+00 6.036829308241182801e+00 6.410327159916530348e+00 7.913493710826988270e+00 8.053281625017183032e+00 8.010901369124049154e+00 8.481359527533964382e+00 8.329200947004636646e+00 6.175835126161805633e+00 6.099845215582704760e+00 7.978336854226809827e+00 6.231981172117605716e+00 8.629269243801644507e+00 8.771871071576315515e+00 8.654526350127548895e+00 1.032312549553217806e+01 9.756117383735720239e+00 8.833225586708726595e+00 8.400963369465463515e+00 1.009141564936249402e+01 8.408006698911700383e+00 7.291051593248011997e+00 9.364732849440960294e+00 9.938516063863362504e+00 9.927783942691874586e+00 1.047695568451764281e+01 1.044006518401855210e+01 7.954894585887506864e+00 6.839725845716113639e+00 1.007077940212871603e+01 8.940578047971344589e+00 9.769630394027021936e+00 9.237629096772391080e+00 6.709776248155619349e+00 7.490947700505197204e+00 9.137135726345366749e+00 7.447897208066939001e+00 8.120683236653682968e+00 5.796628598411812661e+00 9.009001690734008250e+00 5.832982451736285157e+00 6.844132583582171137e+00 6.254006038553014513e+00 5.339909439196802943e+00 7.391289464077905436e+00 5.100790872177148216e+00 7.400527420362082331e+00 5.756454036200850055e+00 7.076423384542439798e+00 6.554494846906240291e+00 4.360710875064544467e+00 6.664892927048142290e+00 5.270966323719971314e+00 3.990224484811077499e+00 5.250212937948869119e+00 3.635250808990794891e+00 3.769332365721407285e+00 4.414248551712346647e+00 4.532676865429905888e+00 3.270076365983182409e+00 4.834923503954366097e+00 4.207529443855009710e+00 3.022678072358460533e+00 4.384635771984666697e+00 3.317217514195556216e+00 3.396328313944024124e+00 2.774624208307935991e+00 2.474971942818624093e+00 2.361817112839783128e+00 3.277324217966363307e+00 3.145108247859652373e+00 2.672317572503339456e+00 2.271785858840278838e+00 1.953479642891163381e+00 2.422276075680636964e+00 1.809768502615050956e+00 1.460533053022588179e+00 1.580953505211265320e+00 2.005890410267198387e+00 1.229714620768615818e+00 1.339184830789138525e+00 1.384847315180910643e+00 1.470142229421206093e+00 1.572132925946296611e+00 1.027847330599568565e+00 9.273414033157603154e-01 1.071971730088478791e+00 1.089972709754807534e+00 1.176443775687839643e+00 8.893477913145354519e-01 8.570456674556915511e-01 7.067220181172150228e-01 8.149212529884690692e-01 8.463720876634077683e-01 1.027898070200384595e+00
9.530756915845949306e-01 1.272038641173340867e+00 1.316145392046680573e+00 1.305530921103160491e+00 1.666718895929139244e+00 1.402465842045672817e+00 1.892633686153126549e+00 1.432801892700481750e+00 1.889948930891072187e+00 2.303621727836023592e+00 2.430947154894877116e+00 2.411014206369804125e+00 3.363011338737365907e+00 3.474043574273705914e+00 3.181945134841662970e+00 3.861152245273379080e+00 3.537488687498646645e+00 3.674238765014328223e+00 3.879915454255381757e+00 3.816160314834679657e+00 4.706729612639375837e+00 4.021119997816496650e+00 3.985207306659130921e+00 5.013015377618592616e+00 5.019962206622678558e+00 7.070573613065488594e+00 4.966608169261183647e+00 6.721862690584492483e+00 5.483428530547947766e+00 7.143922976187825569e+00 8.387963399467949444e+00 6.276010148988780735e+00 8.209619205079789594e+00 8.671037649095991284e+00 8.339493745311420625e+00 8.484078484566069278e+00 8.693485196984628516e+00 9.463314028014950807e+00 6.304927127480902449e+00 9.971296343455875899e+00 7.170610323810251430e+00 9.841719678079130063e+00 6.676174727595261871e+00 8.872954838537653544e+00 7.016448142760105533e+00 6.582741014234748000e+00 8.281971244173481850e+00 1.066636058712406765e+01 7.566308862068927610e+00 7.514254363466405628e+00 9.013835228907899122e+00 6.770240410064290337e+00 7.666770197094925798e+00 9.534005929307838301e+00 6.617671077095484300e+00 1.025771151113432644e+01 9.148227754964901592e+00 1.010114133292826999e+01 7.656876714071153778e+00 6.200528591575947601e+00 6.772558706165044740e+00 9.056767520645088609e+00 5.744840666320736311e+00 6.910444619866954241e+00 8.082655193185592779e+00 8.614283390040013089e+00 8.197096345390644245e+00 5.613076679419590320e+00 8.302362415771478155e+00 5.052186402849335067e+00 6.854417659117070016e+00 7.396747158236199660e+00 5.671347263665630578e+00 6.446795441971042706e+00 4.720314703445780857e+00 4.720629761495115595e+00 6.134073830371907121e+00 4.219996315460138092e+00 5.837447160540983226e+00 5.150117950292324664e+00 5.001395016011447758e+00 5.462161291215672954e+00 3.602039897513019895e+00 3.803977880035846137e+00 3.298082082699360651e+00 4.331482652334709194e+00 3.541930758273869717e+00 4.169940356273949433e+00 4.399325125239350598e+00 2.592571273870042603e+00 3.208928991913430284e+00 3.685805778452702075e+00 3.486988188540975919e+00 3.190489877699640875e+00 2.611366331961709975e+00 2.287481438599110461e+00 2.653932526072122045e+00 2.869519089183204752e+00 2.622832029602046422e+00 2.256993560101802299e+00 2.538530430265026006e+00 1.506493273121543686e+00 2.140360900328416083e+00 2.025937371821618704e+00 1.879616700057855638e+00 1.211194484726296317e+00 1.649081098203121432e+00 1.347843476952381492e+00 1.461446194867088266e+00 1.558730846191814567e+00 1.433210765070229709e+00 8.700620347162870694e-01 1.118969371689908288e+00 9.192286975920838099e-01 1.005648883564452589e+00 9.385097319765506318e-01 9.552944253456363555e-01 8.549071054141039738e-01 6.536714024181229377e-01 8.202467150203567314e-01
9.276307817549289680e-01 1.239917302544047750e+00 1.041830042392042799e+00 1.332484600558954790e+00 1.479982808762146496e+00 1.904003742929020859e+00 1.443363803525821387e+00 1.420607913847841353e+00 2.476345362054395149e+00 1.862033016733374513e+00 1.998129443489365054e+00 2.799977595399287367e+00 2.156454591477899640e+00 3.461207668482479072e+00 2.601576346761125702e+00 3.485985871761330568e+00 2.921330105815887368e+00 3.086255154673577916e+00 4.383532237166537726e+00 3.935863804440214775e+00 4.559144378973800649e+00 5.736160088367896925e+00 5.965580247793864643e+00 5.988619633578338153e+00 5.158596934386705080e+00 5.498646103110549355e+00 6.970932902324454616e+00 7.547013378011738993e+00 7.036884029308174249e+00 5.167425281373660972e+00 8.523549672506751662e+00 7.505515369226070099e+00 5.567641344661837799e+00 7.690145162706727433e+00 9.191049816573503506e+00 8.912401461629032795e+00 7.017877077450951795e+00 8.270648884703636128e+00 6.864386748049528642e+00 6.962419292220657141e+00 1.016352435800660992e+01 7.490480590779782233e+00 1.034444644692468351e+01 6.427397095501802049e+00 6.545412310124345545e+00 9.643746434849186144e+00 8.630253958598849806e+00 7.399651765344525955e+00 9.845234018914968743e+00 8.633914761371517699e+00 7.637136178837894640e+00 1.036792974325231143e+01 7.959961010771309020e+00 9.766214999827251830e+00 6.316387180892130360e+00 8.085290031557923029e+00 6.146419842456494642e+00 7.275125382115096073e+00 6.751090838484770984e+00 7.735964629420819527e+00 7.224950993371069607e+00 6.555795016915384466e+00 7.359208784488260768e+00 6.704469729001426792e+00 7.084241636725202795e+00 6.493777331640328221e+00 5.718987287835034294e+00 6.722408810788999212e+00 5.270961693755063848e+00 7.339456130555701563e+00 6.175156345628272092e+00 6.371879722853082129e+00 4.690203133531460900e+00 6.882331707698329915e+00 5.354835515852933270e+00 4.907292336686537304e+00 4.804315828813956024e+00 6.433234037364365498e+00 6.057268108859883426e+00 4.291497475278941209e+00 4.534255388234157635e+00 4.281440588107487955e+00 3.813043294893522894e+00 4.285468052818619533e+00 4.206763456808132240e+00 4.227646253817436417e+00 4.116679219846408166e+00 3.876204103308727777e+00 3.313846872176026359e+00 2.951098266958080085e+00 3.660255115357034406e+00 3.340353800323137889e+00 2.419105918499652841e+00 3.291438591058334584e+00 2.897485666155767525e+00 2.769909050018583674e+00 2.508322214655500204e+00 2.627690089135569451e+00 1.992007003782682695e+00 2.714816065476241658e+00 1.677467337608581133e+00 1.584033930577530391e+00 2.207057376515487501e+00 2.198550161386295887e+00 1.425247700821608454e+00 1.851856043621839643e+00 1.202873742043170102e+00 1.409283588508611906e+00 1.546655724205977300e+00 1.368785343344642857e+00 1.200008597724410375e+00 1.326428002046583510e+00 1.193162403691345075e+00 1.043020115927067559e+00 1.157334059892411782e+00 7.677919285431559215e-01 7.208793642661028844e-01 1.060210627883969359e+00 6.503152697565569573e-01 8.774826411394577308e-01
1.076740459374559311e+00 1.006427078512482920e+00 1.131373727314983091e+00 1.048718874857310190e+00 1.475221667951572169e+00 1.739738724874183351e+00 1.738716008446246963e+00 1.481373251299533234e+00 1.487828406310966356e+00 2.494856067860672599e+00 2.732786707127932591e+00 2.599768075888369445e+00 2.827547448121239704e+00 2.921182967309140732e+00 3.218805100880668846e+00 3.057141410129763592e+00 4.327402268593858459e+00 4.551949670275333482e+00 3.418857410368485450e+00 5.047767295315344072e+00 4.439197178031354163e+00 4.886850936645060095e+00 6.142573811540050777e+00 6.440962480710419769e+00 5.987879831775527961e+00 4.686147543016958572e+00 6.365177825151367763e+00 5.670012044340200674e+00 7.391757190116504894e+00 5.988031396382339722e+00 6.411146192281131917e+00 8.437255523455522876e+00 8.335468152658750185e+00 7.145920386204152486e+00 6.066061016698437669e+00 6.248000601812870869e+00 7.438757690680247059e+00 8.504981274506313582e+00 9.093568823335537843e+00 8.584457154559082426e+00 9.876899907646922827e+00 9.263091649447606102e+00 7.641388227534040567e+00 8.382728843574296818e+00 8.093235620294395360e+00 7.905909757864941767e+00 8.223092215760827273e+00 9.435640139713038721e+00 9.614805254073353069e+00 9.421345696841092021e+00 7.506179889045796472e+00 1.015492790615542873e+01 1.004548275494862786e+01 7.981902574560276520e+00 8.450699263558087537e+00 8.745052407771815695e+00 8.919343391153214284e+00 8.108422806792493276e+00 6.603467296106196649e+00 8.623264297037366077e+00 9.381915058190438472e+00 6.196627334811705801e+00 9.321687145892983750e+00 8.947283608147131417e+00 7.021766066101814197e+00 7.438657483655588543e+00 6.793518669881607686e+00 8.390559418873253961e+00 5.637355307391105796e+00 7.794432664551838030e+00 6.901144314532373869e+00 7.722264167952806346e+00 6.939503072390526661e+00 4.975304128088564148e+00 4.918070351856530742e+00 6.179968141314047259e+00 5.279106675190510245e+00 4.387749819412097629e+00 4.951825151993012319e+00 5.334868842484753237e+00 5.981550973360212353e+00 5.417716745982824378e+00 3.770486396063336354e+00 4.002042329332150317e+00 4.391163499623162103e+00 4.297676044620103220e+00 3.336481778820663102e+00 3.653420548656449274e+00 3.772723691145244640e+00 3.824177837339026276e+00 2.743840265866833050e+00 3.175983422176400506e+00 2.549582024931059010e+00 3.479181011318563055e+00 2.361834789491350506e+00 2.895127916914846722e+00 2.826243911153185184e+00 2.155431037415315831e+00 2.881078128051534737e+00 2.661311543454820683e+00 1.916054472221841110e+00 2.124069931963803448e+00 1.729368766332458840e+00 2.095794326331651192e+00 2.017125474967125687e+00 1.327614525534868806e+00 1.685800724096509606e+00 1.140678697310857581e+00 1.198458310257025650e+00 1.020656946462395354e+00 1.492741483484547160e+00 1.041040692629792597e+00 1.145037857100070111e+00 1.220161324918444645e+00 1.018059673110851326e+00 7.355592983693062248e-01 1.065757029891980734e+00 7.775049455967248946e-01 9.355762818319445229e-01 8.414101299186225180e-01
1.122961825535607083e+00 1.065239395081773788e+00 1.022347615680249122e+00 1.229669631227009230e+00 1.142689267501404204e+00 1.894945403953314012e+00 1.822291993384004938e+00 2.212116134453545602e+00 1.853632727495674759e+00 1.907406839726194958e+00 2.015918530669109643e+00 2.373259692340867311e+00 3.216220374725765829e+00 2.929059784430575686e+00 3.461201891894619909e+00 2.609174311483478892e+00 3.611017239915780941e+00 4.377942796526027358e+00 4.373211156323309368e+00 4.139902319374679784e+00 4.734471588328216463e+00 3.856153064219540738e+00 4.815478328473926872e+00 5.970840372757582948e+00 4.190444322096934293e+00 6.559186661099841054e+00 4.790735477031936362e+00 6.243697159533843966e+00 5.230247134023896294e+00 7.777427811628756515e+00 6.225085666980380239e+00 7.827865002556812613e+00 6.948843577024567786e+00 6.283280839883459201e+00 5.983379516018461963e+00 7.680577447442455963e+00 8.453667339891852706e+00 9.798065450489424677e+00 8.566227400476300602e+00 8.469811937018773662e+00 6.243034213702351565e+00 9.469898014502124539e+00 7.059063575853219419e+00 8.814882283228117288e+00 8.245875551279432614e+00 7.870319686418528526e+00 6.634962816120029139e+00 8.342851522455669411e+00 1.006950465604360723e+01 9.909010256985478549e+00 8.966298808458741831e+00 9.444834260041670149e+00 8.596719194563251065e+00 8.370827094198467933e+00 7.578901462317424453e+00 8.330830313097903783e+00 7.990447169881077727e+00 7.023341464372109932e+00 6.894046201700938070e+00 6.749657100372379759e+00 7.609716779169816370e+00 7.553429657189145274e+00 6.782661028206971032e+00 7.639947313455347278e+00 8.273724752808984562e+00 7.337464783556425729e+00 7.058119303399739586e+00 5.466848314086561800e+00 6.792811988838883153e+00 8.036668915487084064e+00 7.732116822434372594e+00 7.147865138687516051e+00 7.608645287566890403e+00 4.598331218782169216e+00 5.003137749681124014e+00 6.347281196170482254e+00 4.534228596347334772e+00 5.455849225766620236e+00 5.087070826091057540e+00 5.317566622320359038e+00 4.692167845558409489e+00 5.497814319859869236e+00 4.381383684014965141e+00 5.039074808761135671e+00 4.614667393518794292e+00 3.949665681114835625e+00 4.565571924524368441e+00 3.759948607791352870e+00 4.452751036554123409e+00 4.193715568576412700e+00 2.927172360532221962e+00 2.656584557514915623e+00 2.929778988448172861e+00 2.980267056801927161e+00 3.228397283580030752e+00 2.583466717823297731e+00 2.506951823114161648e+00 2.144683169785119858e+00 2.748590603474411864e+00 1.754325427960912842e+00 2.631033236065161152e+00 2.198122254891856198e+00 1.480424894366061617e+00 1.936113533439998369e+00 2.031513832266420128e+00 1.713459906307815306e+00 1.626757355267887339e+00 1.252630942741796538e+00 1.196490682290788810e+00 9.898655641763521862e-01 1.387715009701975255e+00 1.196784363421796726e+00 8.669972061940774966e-01 8.834898861028293027e-01 1.226019980516447783e+00 8.574058716178479811e-01 9.008833887802950580e-01 9.807608914929476507e-01 7.381752229005776877e-01 8.741465077249457316e-01
1.095996069685776453e+00 8.524597050753852656e-01 1.256317251813825031e+00 1.236140279614380111e+00 1.425441005372356740e+00 1.213873101650582820e+00 1.371306739598809443e+00 1.410084810484476092e+00 2.291894439531629413e+00 2.224996199496246607e+00 2.424256272791084577e+00 2.003672156833468776e+00 2.336297688203901490e+00 3.208159893182139122e+00 3.007630264617104920e+00 2.917138701113228372e+00 3.119020961394751712e+00 3.331821378687186641e+00 4.954002692495571125e+00 4.978967764046010380e+00 4.338178612296805348e+00 5.254130932906481810e+00 3.756251733547042448e+00 4.563324231217651850e+00 5.499299918911850327e+00 6.515166651030248168e+00 7.256834657497845953e+00 5.394354123159141423e+00 7.243491642011958831e+00 6.802134615108193394e+00 7.457999555554341242e+00 7.669441881556299023e+00 7.427186201766832419e+00 8.923247953319908277e+00 8.163760168051990007e+00 7.893551303219226156e+00 7.300902305254839852e+00 8.970989894558858424e+00 8.738129981137038982e+00 1.002363979088569579e+01 9.183469093644379910e+00 9.864866918489006764e+00 9.106218146930707746e+00 7.269173379180332795e+00 8.454313401911360160e+00 8.102581621130799050e+00 7.780907617043597568e+00 8.880379832283358255e+00 9.638537595605090047e+00 7.096286675748096684e+00 7.347543909589480116e+00 9.352776429948415071e+00 8.494839769951671116e+00 6.581122017747294883e+00 9.778543739182392613e+00 8.247414416412061300e+00 8.483145237180631071e+00 9.878972024580107814e+00 6.413367628807530529e+00 6.359868172602387126e+00 7.147798137970911014e+00 5.822943961603634477e+00 8.501687544945825792e+00 9.231130149808777219e+00 8.122787057235390407e+00 7.250036276044344419e+00 8.448441641472747676e+00 6.141850056339048791e+00 7.748698609161167816e+00 7.740082385605407289e+00 6.183749770639355603e+00 5.868814234231937377e+00 5.350275163429189185e+00 6.423235812086252494e+00 6.401747296549585187e+00 4.836291794481243578e+00 4.635593004052261712e+00 5.145095815150744656e+00 4.257699843040407828e+00 5.989824398443936992e+00 4.502581055819691258e+00 4.153108652056801908e+00 4.349942432678559179e+00 5.509788673383516411e+00 4.000231301553283103e+00 4.854107267738887010e+00 4.651812756428613582e+00 4.004840313920763784e+00 3.799416249550026325e+00 3.561038406331897832e+00 3.463475458142383001e+00 2.669200041590109151e+00 3.422188149307829885e+00 3.244847607332415063e+00 3.286222321598731622e+00 2.746752967871853190e+00 2.759471075563972420e+00 2.192324297797559218e+00 2.241126641541690390e+00 2.682373693509049861e+00 1.786771743517752142e+00 1.812176817673781359e+00 1.899325879435697972e+00 2.010484299776642558e+00 2.101120067301081473e+00 1.869265523270356555e+00 1.409111231153796995e+00 1.137569733005852513e+00 1.499442718052640400e+00 1.532339933891967654e+00 1.165674654123539877e+00 1.362947244155238602e+00 9.547107187400835082e-01 1.113567027133824272e+00 1.052917374160341035e+00 1.093232680832846748e+00 8.605488636125109281e-01 8.196329995979947380e-01 9.892450422817437028e-01 1.017662838870271758e+00
8.713033533236200778e-01 1.347293982101325671e+00 9.682694735667068953e-01 1.440070942185230907e+00 1.528230401874387301e+00 1.140679259191665018e+00 1.382974761878631220e+00 1.658828923781501041e+00 1.749528363338321402e+00 2.045714085912577751e+00 2.169118375188650916e+00 2.315972003587166927e+00 2.613579321324159377e+00 2.293167620443351318e+00 2.427549340781975040e+00 3.020393588406854235e+00 4.046582767085985743e+00 4.578774175969441806e+00 3.808080766216169089e+00 4.752853144188617485e+00 4.015145459098886427e+00 5.229367693523453653e+00 4.538215212287127542e+00 4.974229505250813865e+00 5.240451520991859624e+00 5.657219555136164146e+00 5.515026194710897833e+00 5.079873637373921724e+00 5.601905435695305080e+00 6.150462490163995710e+00 5.743477066114010654e+00 7.312804175041999422e+00 6.934648645304367420e+00 6.933775044355042105e+00 6.711422868320068069e+00 5.731571819999182082e+00 7.604199371528609142e+00 6.731215850945208246e+00 8.382241629507747760e+00 6.413579678449552013e+00 6.437243519812619219e+00 6.597618353439951733e+00 8.368953287275108011e+00 8.736954458451796413e+00 8.340465080970631107e+00 9.786235544406913789e+00 7.465375089114343332e+00 9.111940156002123814e+00 7.322037580881975316e+00 8.995658891118480938e+00 9.999814434062743729e+00 9.446361104137146469e+00 6.595200706386836309e+00 6.349305092495123759e+00 7.528292765814862619e+00 1.002950906270421250e+01 9.720444023128044009e+00 8.313033825173913982e+00 8.241206864196648496e+00 9.034066734048254332e+00 7.508671368362618281e+00 8.542785586053378566e+00 8.190789958167925988e+00 5.867257387976662741e+00 5.709741560500461333e+00 8.059419955236315047e+00 6.993068501543239890e+00 8.662926147087768314e+00 6.177124813958083216e+00 7.579951430440321936e+00 6.502239722115305653e+00 7.593475270476675476e+00 6.155117330486528537e+00 6.790683473202638432e+00 5.810005695772910705e+00 4.319722186748505166e+00 5.407266017447330597e+00 5.778478952730075946e+00 5.430783673503263742e+00 4.368992237314013316e+00 4.852383275619038372e+00 4.452085293539115085e+00 4.225160141325534191e+00 3.827628877723262768e+00 5.332467201345695962e+00 4.728710783305619003e+00 3.922294277705848042e+00 3.032028528130346512e+00 3.646676692228756345e+00 4.261284226316747414e+00 3.260346997115525447e+00 3.318458126676643971e+00 3.910743197895193202e+00 2.845934174734936040e+00 3.295456535363733952e+00 3.180588151751201575e+00 2.980043207041816355e+00 3.069332921119952928e+00 2.584964708328420180e+00 2.399231383141680940e+00 1.987520085710283935e+00 1.934129165298980935e+00 1.667694498585569729e+00 1.983998959476373170e+00 1.791922459075830032e+00 2.043724836101015185e+00 1.289894464564053322e+00 1.682844245459641508e+00 1.764415031988485927e+00 1.259031185477770265e+00 1.076351530968544523e+00 1.011167826411875970e+00 1.328590165348176422e+00 8.711412495712888004e-01 8.655937417559834701e-01 9.106649408282485592e-01 1.063723469037298974e+00 1.031984451996496688e+00 7.301118522129255162e-01 1.115064966361202892e+00
1.088314128562524408e+00 9.648863505691935849e-01 1.301420200657216641e+00 1.506006289283833732e+00 1.287191010637458444e+00 1.545930514529091138e+00 1.769750794723531140e+00 1.701504058446122070e+00 1.644903040059134236e+00 2.473757727816913832e+00 2.473175533349753596e+00 1.866362226439905569e+00 2.913377084388967919e+00 2.820676039330082485e+00 3.060978484329799354e+00 3.252159990923547461e+00 3.391668865881575012e+00 4.510262348880520911e+00 4.267368880313604507e+00 3.577054793812920686e+00 5.378444722437559555e+00 3.832415678009229776e+00 5.577154258984998059e+00 5.830020382700642934e+00 4.753754992764015697e+00 5.338846443838640710e+00 6.490771169461337919e+00 4.652505385031343366e+00 4.725749465272968131e+00 6.776722609555014820e+00 8.135326355318985847e+00 7.751162378290255006e+00 6.063509818134087404e+00 6.650453946119428750e+00 7.617648714637254237e+00 7.518408959573139150e+00 7.125791788739259225e+00 8.957951603380664096e+00 7.300146965266709032e+00 6.687308463647219092e+00 8.493352717579478295e+00 8.957436751509145978e+00 6.880675591981921357e+00 8.380023616168639222e+00 9.177934457991927530e+00 1.029453800091138227e+01 9.664228579117436269e+00 7.734556828075849211e+00 8.504861847476831826e+00 8.786287974478018015e+00 9.840866308132007134e+00 9.850926457667092961e+00 1.039665245505340074e+01 8.885857771915341985e+00 7.982991856728856028e+00 8.494981888793997626e+00 8.286725580339588504e+00 6.589709609395892898e+00 6.390988580017975096e+00 7.714604434500373031e+00 9.335359625415764029e+00 9.333508129367675821e+00 7.998454559043480572e+00 7.606426465636030976e+00 6.574614513284886996e+00 7.167662894944075269e+00 5.549440763686020794e+00 7.053990640110578525e+00 5.380893575803970208e+00 6.552786808675428176e+00 6.118473627277936977e+00 7.516370870769905288e+00 5.042921947435449859e+00 6.846013177983467202e+00 6.275429393378936460e+00 5.461547980036883132e+00 5.864404386233673883e+00 4.663035056946508661e+00 4.926389935895031158e+00 5.236924112773013285e+00 4.762858523938292343e+00 4.450747010905175216e+00 4.249843818319574140e+00 4.862995346234856520e+00 4.668766276818744565e+00 4.254892611132295777e+00 3.259829749863985882e+00 3.569311719488299950e+00 3.235927275021575955e+00 3.253817642338444394e+00 3.684089924355833379e+00 3.924903123385934833e+00 3.044102398278089705e+00 3.813884176180259988e+00 3.028515083488000137e+00 2.812940992342866320e+00 2.551983760976299198e+00 2.021909381016817608e+00 2.019562973668164840e+00 1.750261711314972324e+00 2.120070732977465511e+00 2.435310801319450658e+00 2.029712453674716865e+00 2.158290348418281823e+00 1.644771085103105213e+00 1.840305315047110479e+00 1.771443128411133827e+00 1.264021394268005416e+00 1.627885965827372106e+00 1.422728658958090531e+00 1.442723075061952409e+00 1.106708725127089732e+00 1.372555672159744278e+00 8.881249298580436990e-01 1.087325757761983702e+00 1.229531258847648134e+00 8.113658252073603361e-01 9.848863625265210642e-01 8.806715313564925651e-01 1.154105299720232125e+00
1.155527308999911629e+00 1.338927863925546857e+00 1.290433527118650670e+00 1.152620470120736762e+00 1.438720076152031124e+00 1.188014084671678905e+00 1.376998717778023185e+00 1.460889393200039743e+00 1.454027784648907140e+00 1.794353811795246667e+00 2.556813644212542425e+00 2.771141265329536196e+00 2.430795434263862020e+00 2.594408482363603774e+00 2.604089517425265399e+00 3.556868632682967934e+00 2.699852492856843256e+00 3.490862741284643800e+00 3.998662456159006062e+00 4.986964795765211456e+00 4.991765150433390197e+00 4.376030424719309586e+00 4.205185783335992689e+00 5.518613202553909858e+00 5.155989247738657077e+00 5.067324808238074851e+00 4.433074063083178196e+00 4.804100806558914805e+00 6.567749252816874161e+00 5.497876035294461339e+00 7.659727773324343403e+00 6.493415215584636968e+00 6.093043276851297207e+00 6.582683804251757032e+00 5.584624161441973378e+00 6.057234265381995719e+00 5.869735710643880111e+00 7.841648738010579045e+00 7.424522013215866245e+00 6.237215620445318187e+00 7.284165936939145602e+00 6.757836517539709931e+00 9.275423115873634217e+00 1.017352906632329201e+01 9.130877655006807814e+00 9.352149182484291501e+00 1.015706313552305851e+01 9.944344740565075114e+00 9.405769620951188514e+00 7.857202934648768178e+00 9.573646163998361658e+00 8.259129336425356627e+00 6.457401078207132272e+00 9.986732068468267443e+00 1.036936275943569719e+01 7.461619818510511593e+00 8.981865617048836015e+00 9.553808153989468366e+00 6.316566622641794027e+00 9.598438718554906046e+00 8.974189155539816554e+00 9.074059366293731443e+00 7.887133448464518359e+00 7.483081556903375287e+00 6.426294821575417870e+00 6.197382766917599817e+00 8.431358123727408227e+00 7.710343618294039025e+00 8.003755081040974773e+00 6.162563501763163032e+00 6.286237488114315930e+00 7.381934277328136673e+00 5.291700414425140941e+00 5.244276284706732127e+00 6.921931705029561677e+00 4.962443438997380163e+00 5.261450414137416765e+00 5.274233429613309099e+00 5.469098950311492402e+00 5.793997248427161573e+00 6.235851671379071703e+00 4.907806179294398774e+00 4.970809455869073190e+00 5.289320592584521030e+00 5.221082071771156130e+00 3.242200454400568699e+00 4.364286908094569206e+00 3.207709603162142820e+00 4.183417967269994264e+00 3.882982357775749183e+00 3.160290167512548098e+00 4.153845283816605338e+00 3.658109711474061498e+00 3.591323305987532244e+00 3.430247447061086863e+00 3.124183410810030814e+00 2.872002716829615387e+00 2.772585685922414722e+00 2.326875079639630250e+00 2.484149814392337063e+00 2.717096629816463160e+00 2.436918112383866131e+00 2.055692407255448106e+00 2.281791689382787425e+00 2.052139610730352004e+00 1.776418233036858085e+00 1.564465504293052645e+00 1.410179808008066971e+00 1.735626601635851474e+00 1.321500433982925493e+00 1.577753701287078369e+00 1.537038366963797476e+00 1.003664660754430837e+00 1.190007265319321217e+00 1.082739303784853835e+00 7.960334682096715797e-01 8.563959757984623833e-01 9.440353122538448494e-01 8.884523596176067128e-01 1.092623831408226165e+00
1.141482733611230760e+00 8.623814896685519926e-01 1.315343928849128874e+00 1.042660960544776527e+00 1.623774396005186915e+00 1.672726715390463470e+00 1.561423692348984815e+00 2.226243822901611047e+00 1.795709735310857313e+00 1.879824192203896960e+00 2.202259981867646488e+00 2.553252155523221045e+00 2.041837291712576441e+00 3.470722677322741756e+00 3.065391528856322712e+00 3.971828702366656305e+00 3.691691367809341262e+00 3.688321900163193057e+00 3.963436250165270014e+00 4.027721644949854962e+00 4.873922499745739323e+00 5.654897496910956001e+00 5.111034209586586385e+00 4.982124105294184702e+00 5.398232771499015925e+00 6.661487485309032230e+00 4.512265352829940568e+00 5.586144105803567683e+00 6.248381633062299656e+00 5.975579944642134933e+00 4.901275084032596041e+00 5.135507034501978652e+00 5.849751092352435400e+00 8.650120458777143639e+00 5.940306707545678577e+00 6.370259619388273009e+00 6.655301039924767181e+00 8.579929781131049538e+00 8.532323312779292124e+00 8.946486028170122395e+00 6.285797134107584228e+00 7.460673253678955064e+00 9.421706022384267243e+00 8.701364984485923770e+00 9.820664048387298450e+00 8.150693786852569289e+00 9.660578037978325483e+00 6.704473561061467635e+00 7.271657728918052399e+00 8.904948191732762197e+00 9.053753470201122866e+00 9.593871988776106363e+00 7.370084490860144832e+00 9.439899833949285224e+00 9.180575268737420913e+00 7.261752923086311817e+00 9.274818650316749569e+00 6.316076889868621258e+00 9.458649698239378623e+00 6.564984192973511767e+00 7.694967059417538557e+00 8.978129929206504656e+00 6.895673450270243698e+00 6.348713810702443894e+00 5.941437849855827125e+00 5.538049839264147067e+00 8.051475738552642980e+00 6.374008696656543016e+00 8.375165379496745999e+00 6.782749054223777385e+00 7.593888012096501328e+00 5.233892875260833577e+00 6.224825994615228453e+00 6.133956857361757997e+00 6.294858531599543561e+00 7.095195259294974299e+00 6.838425674433336710e+00 5.642555540281885662e+00 4.029159285429050108e+00 5.206371542269813801e+00 5.757207990968853828e+00 6.052563914329896377e+00 5.715239085017222997e+00 4.855077610906965546e+00 4.229110670037584896e+00 5.052168350641967010e+00 3.954444073887870115e+00 3.102743096563547631e+00 4.620343835806052901e+00 3.306501475339859830e+00 3.823929711929750841e+00 3.328003284534814643e+00 3.584305076344715069e+00 3.038178823153587338e+00 2.335588795814949048e+00 3.129523705308573156e+00 2.773639841760153768e+00 2.453111525344584543e+00 2.922788134718290909e+00 2.944767266702887909e+00 2.742039626088821347e+00 1.965531599920450345e+00 2.149301962560639101e+00 1.606087127353080346e+00 2.229206362039409139e+00 1.480198124225847733e+00 1.886421403484845216e+00 1.869876301360535953e+00 1.570222039359733701e+00 1.557192669179697120e+00 1.646966754279474143e+00 1.169595573577250081e+00 1.198301927827068347e+00 1.036640481664694136e+00 9.265575975321500568e-01 1.216779568827232261e+00 9.974380210514501854e-01 7.668954843699300472e-01 9.709168753528146789e-01 9.444036456171331917e-01
1.011119116463612411e+00 1.143652466890518582e+00 1.434119635854965713e+00 1.085299998125519139e+00 1.635251742903639949e+00 1.395788001528308842e+00 1.818550729118970644e+00 2.044527219565481335e+00 2.298440703754726311e+00 1.927210265049777993e+00 2.354688268766139903e+00 2.640292442653465077e+00 1.996502745145329660e+00 2.250120849725181671e+00 2.989280960804325371e+00 3.315715220110086126e+00 3.783276018960243459e+00 4.190653507078794249e+00 4.745203848042907069e+00 4.660144087756560971e+00 4.929914753862919774e+00 4.578949545805390819e+00 5.409652351890981592e+00 4.115743365821956878e+00 5.818880739444433736e+00 4.485038817782478482e+00 6.302791530446508972e+00 4.697132190746966529e+00 5.819023564469797627e+00 5.282706915104016687e+00 6.415808414068725263e+00 6.111658081725783731e+00 7.417144050914669329e+00 6.303332079913290364e+00 5.766501900624795063e+00 6.419537401038970081e+00 6.950581594155368137e+00 7.650151750532986128e+00 6.194523275757479297e+00 6.218886257166924558e+00 6.556827452954109958e+00 7.650033038668727414e+00 9.675924200406152309e+00 7.199223038775179440e+00 7.730251951480514805e+00 1.032840079942132050e+01 7.827021030467097518e+00 9.114268493073971911e+00 9.422495254076467930e+00 9.044324440624377459e+00 6.747258510309197099e+00 8.675629777835526468e+00 6.468954100748947056e+00 6.565196945144220031e+00 6.921022611203150099e+00 6.658367483112050955e+00 9.382047791445204510e+00 8.168247317223430670e+00 7.644944567850882500e+00 8.468726705470853489e+00 7.783199072716461053e+00 7.902559154504751326e+00 5.835919706761681702e+00 9.257126094403865579e+00 6.673210483970263063e+00 7.281627372856566360e+00 8.649004157452822028e+00 6.732794773665383481e+00 6.983929632422741562e+00 6.441748279912510533e+00 6.210997670144564609e+00 5.727037583154558575e+00 5.507317091870733705e+00 5.132666114090668863e+00 4.772644852923064285e+00 6.214193776831010929e+00 4.489315188958587832e+00 6.088308223521076812e+00 4.047317062544669497e+00 6.013443593295068723e+00 3.909100627317019683e+00 6.052477542580106729e+00 5.659800357200892584e+00 5.284441952002129739e+00 4.662827234791788733e+00 4.999418041049094263e+00 3.662136973168023779e+00 4.923347836648729547e+00 3.565755285517222095e+00 3.604053345809318465e+00 3.287035275199708284e+00 3.483551189496277622e+00 2.501312483578551404e+00 2.888943833394702843e+00 3.507135499522399336e+00 2.603718752063371777e+00 2.179885425633230955e+00 2.888151833982405936e+00 2.254617310048803613e+00 2.882777138288563634e+00 2.447871031317431889e+00 1.894225816108843219e+00 2.075024882222535005e+00 2.069488164499344585e+00 1.859707568889327867e+00 2.162794296528629090e+00 1.302536940942299548e+00 1.632483001567232250e+00 1.743116239233725162e+00 1.804809071623964645e+00 1.245634869537449729e+00 1.466682279957973956e+00 1.441682215724431559e+00 1.437208481490473311e+00 1.197671771580020250e+00 1.263946661295386020e+00 8.088396930134464924e-01 1.065577735823364014e+00 1.141720354789780956e+00 7.770522993150944524e-01
1.303431711883594080e+00 1.264343138728552196e+00 1.019303646514114092e+00 1.080584883706735999e+00 1.393194369553469425e+00 1.447610240519589420e+00 1.342084077363031147e+00 1.604525814779334203e+00 2.286220527828188409e+00 1.840613673484389867e+00 2.528524242622651741e+00 2.503219100134943087e+00 2.125268215397922322e+00 3.138951417471308236e+00 2.673632639296681823e+00 3.046723913077104662e+00 4.209660015306746494e+00 3.082442290377981564e+00 3.517301402885795181e+00 4.087532676866093340e+00 3.248966791296143519e+00 4.851081441649360393e+00 4.005204733102151415e+00 4.005574581473651641e+00 5.735895287620358829e+00 5.203780867058774184e+00 4.867935238317878444e+00 5.043854444685380578e+00 5.976237904548839630e+00 7.119740897310124161e+00 6.234335349731198406e+00 7.192015423098376381e+00 5.737839424924407794e+00 7.205008615905727609e+00 7.922370747179174444e+00 8.507430314178252573e+00 6.094911335692295928e+00 8.067775609610075449e+00 9.598194764235376653e+00 6.515974667470270099e+00 7.671705684907080602e+00 6.394785047688059443e+00 7.297822639946002887e+00 9.938812961262470935e+00 8.845574223756974774e+00 1.028396738950900335e+01 6.352551119261685031e+00 7.206262069373172707e+00 9.721093069052475499e+00 6.946262725362825741e+00 7.241853388914482714e+00 7.623629468880789517e+00 9.066247502137708025e+00 9.228300713640599895e+00 8.745449877638311165e+00 8.755638473214425233e+00 8.438292454450142088e+00 9.422322052189796793e+00 6.514492919771178947e+00 6.203832484152477456e+00 6.278678033908172473e+00 7.184309532766427253e+00 9.279621928190532998e+00 8.975150520402586096e+00 8.780863899741268241e+00 7.192335348465435985e+00 6.750099318206491006e+00 6.692726014578745719e+00 5.445410073962487552e+00 6.683150080782718661e+00 6.672146057089934246e+00 7.753834869706801136e+00 7.275652003740797902e+00 7.426236271231940300e+00 7.445898164654481732e+00 6.940008652554073620e+00 4.754624111795893171e+00 6.971017876566003579e+00 6.092089300478933822e+00 4.675447594277867935e+00 4.775698026057862755e+00 3.752910700369187946e+00 5.083990021145510241e+00 5.337530677533506740e+00 4.646607890442928657e+00 3.299438110660925627e+00 3.785353388976105293e+00 3.760391184589720215e+00 3.868021830803208605e+00 4.482772952914202413e+00 4.136685606120845016e+00 3.916946962414891598e+00 2.487519308611417568e+00 3.652862746390835635e+00 3.190650556519500913e+00 3.285400413740262149e+00 3.286068198336265400e+00 3.096803846362374824e+00 2.581411448665148711e+00 2.009101379424603984e+00 2.268339639302985766e+00 1.777264922833225791e+00 2.046179322002680490e+00 2.300671189092909685e+00 1.522635438305683486e+00 1.767301551579137486e+00 1.627858512055088136e+00 1.931949657932085174e+00 1.292770350460394235e+00 1.599071178820008265e+00 1.372828618078239860e+00 1.327560050608774800e+00 1.220082767160774573e+00 1.021235161969759053e+00 8.552994573263011935e-01 8.414131077518771651e-01 1.030055963357175530e+00 1.108682868105083985e+00 1.217837376961187879e+00 8.628979673824206387e-01
1.228692659859497383e+00 1.029226342739295585e+00 1.207094284405214824e+00 1.329680888890462098e+00 1.709691144966818843e+00 1.807328273748193936e+00 1.360581241909096795e+00 1.573399377416014655e+00 1.839579916791157066e+00 1.882865955005433412e+00 1.774591977578459989e+00 2.850100326876075396e+00 2.259652542042575263e+00 3.298647192330652178e+00 2.450345562594078874e+00 2.365808729282535605e+00 3.917903758502834233e+00 3.492801894005517660e+00 3.395004768679473983e+00 4.539642898664498993e+00 3.332791890606679797e+00 5.044966598731291718e+00 3.912522149204893829e+00 4.159497443551792628e+00 5.431036554953654338e+00 5.456087175278033108e+00 6.894638721438303364e+00 6.236700039080431246e+00 5.809640700336073493e+00 7.300449651080489488e+00 7.474844796265665892e+00 7.593336099993795330e+00 6.091092377359553112e+00 7.881419613505297406e+00 6.559310149557378011e+00 8.707680164070247031e+00 6.949807582716096555e+00 6.964511360224788561e+00 6.308890817365442771e+00 9.420191343578951049e+00 6.285827777521470594e+00 8.189705965822035694e+00 7.608130659655217620e+00 6.741098931139168471e+00 8.504754470430500035e+00 9.338948039643048205e+00 7.486907028169841993e+00 8.431468988872047987e+00 8.255667555449541339e+00 7.090623043098712053e+00 7.766741168733315881e+00 8.350109275016672328e+00 9.829431808635748169e+00 6.337118015980864882e+00 7.609232797443405083e+00 6.675137055240242034e+00 7.960739091187361893e+00 8.776498234274924926e+00 6.829418004797229713e+00 7.107084328708832999e+00 7.740751733596489714e+00 8.135666390612016130e+00 7.939361766161622036e+00 8.014706213219756847e+00 7.005475653732645469e+00 6.651989827517606813e+00 8.268384653075267821e+00 7.875455193770900308e+00 6.256175093448135272e+00 6.167325982819868102e+00 5.364767596978301079e+00 6.908075944000700019e+00 6.200831129442088141e+00 6.798372318990369756e+00 5.378171144514073632e+00 4.721283108145848395e+00 5.353050291432405849e+00 4.601933271875990883e+00 5.144853912410995100e+00 6.077086194581251988e+00 5.436632853912119145e+00 4.669238323946909297e+00 3.972820359607153851e+00 5.646643829544068183e+00 3.456928720498329444e+00 4.234982972194809570e+00 3.580439170857783182e+00 4.767085077264488824e+00 3.913753709970213546e+00 3.868906797867369463e+00 4.242616154155236963e+00 4.073305639435987224e+00 2.969454523287938574e+00 2.978169537112899778e+00 3.283531880761258126e+00 3.478891003577244234e+00 3.400731381640156314e+00 3.086143312911850067e+00 2.257474447125909833e+00 2.312814077108089617e+00 2.017124531284097966e+00 2.301851373035192605e+00 2.488706229730602182e+00 2.060951606255595259e+00 1.797036144819013526e+00 1.788327653590221056e+00 2.081698215047321554e+00 1.366208046192095793e+00 1.328745355305961384e+00 1.196491942704595246e+00 1.461459641092514472e+00 1.561378211124185622e+00 1.352051171013943565e+00 1.334370091314913243e+00 8.734301474431348522e-01 8.575704643600811083e-01 1.154789148064192750e+00 7.785768153730342478e-01 8.551594917245404215e-01 7.806068129624806895e-01
1.004815596419506685e+00 1.230333044291967548e+00 1.254008016238965739e+00 1.464130665407278098e+00 1.632616015212228877e+00 1.793008681058182008e+00 1.533055129797775695e+00 2.082595623928548800e+00 1.640169968953433921e+00 1.708670368774995119e+00 1.673739669106145689e+00 2.631495566381905071e+00 2.109112200407483151e+00 2.623489959690343820e+00 3.315396773751634107e+00 2.549375937780501644e+00 3.503621314770757778e+00 3.062444874616384816e+00 4.658953232710827841e+00 4.014724963853038453e+00 3.942720226228954683e+00 4.247621647204671724e+00 4.355608414167470244e+00 5.089484868556414909e+00 6.226490146158973893e+00 5.157669992522661673e+00 5.495393962371045937e+00 6.960210996379281312e+00 5.499675437295126201e+00 6.962425260719451003e+00 6.097220444473104628e+00 5.012403182031799354e+00 7.600545525832716365e+00 7.735899539237831135e+00 8.756413088522982946e+00 8.228594103388076064e+00 8.733098792830524815e+00 7.261757477656765047e+00 8.529299842270939180e+00 7.704856644462016568e+00 5.926503169091571266e+00 6.162751327939840706e+00 6.399304528426537075e+00 9.249995206811810533e+00 7.309674015135965597e+00 1.007902748250784697e+01 7.185735639016617604e+00 8.935206404001087677e+00 9.728484940963916472e+00 9.987192750484977566e+00 8.883896954825566183e+00 8.142425689071544070e+00 8.341210233134885854e+00 7.116891634566953506e+00 9.916967357551312645e+00 6.574118712159978450e+00 9.790252731274593501e+00 7.158425775445831363e+00 7.178230431921454269e+00 7.948486182461347305e+00 8.105785093600051283e+00 9.540020227087213200e+00 7.821020796446097378e+00 7.391822979968423191e+00 7.577778020888873201e+00 6.285669439792379798e+00 5.492759302185920234e+00 6.601955500150456402e+00 8.465467679577187710e+00 5.765358513882179459e+00 5.410931784907248243e+00 7.355180039182554808e+00 4.861490968777768984e+00 7.534654499796959115e+00 4.764783616645885900e+00 6.480995942300796564e+00 5.056934686913507448e+00 4.307630968583586295e+00 4.579460715774640533e+00 6.616765932227937519e+00 5.171547459794717305e+00 6.062074629736403431e+00 5.864095030325390923e+00 4.414627958215361581e+00 5.090201728303477502e+00 5.333053431050345239e+00 4.915828500841241677e+00 3.885421578122194575e+00 4.132044139563540774e+00 3.458629441071437771e+00 4.128513051385561461e+00 3.339171864678161850e+00 3.087566996681297748e+00 2.854974461934175700e+00 3.307904220919438032e+00 3.374939230920005695e+00 2.647599331668770706e+00 2.179413537522029820e+00 2.494697174433721187e+00 2.223515887072049058e+00 1.796383595373228115e+00 2.153214993245407438e+00 1.818527877337475340e+00 2.291112547582509595e+00 1.831836501723143940e+00 2.223234997061751539e+00 2.102551040702249185e+00 1.503719145905058063e+00 1.848980745670770087e+00 1.446290833466128412e+00 1.466726798612943750e+00 1.610821109462875045e+00 1.245493103908718036e+00 1.515371966282730076e+00 1.243426060262566413e+00 1.231947123102773212e+00 9.517390426727048158e-01 1.159910043731468665e+00 1.112547900746355234e+00 9.028620739910732107e-01
1.296203098277503019e+00 1.020540677441500899e+00 1.347508824386358439e+00 1.374589475024275531e+00 1.333580744362747650e+00 1.664917843996050362e+00 1.670001818605988619e+00 1.695297172406421637e+00 1.564935135477688810e+00 2.346334445728474716e+00 2.402545169255557056e+00 1.853773225359591992e+00 2.653226565338631548e+00 3.337009085245292717e+00 2.709042754014443943e+00 3.615042718696640289e+00 4.105740539894213725e+00 2.826231106050144604e+00 4.524968916361307159e+00 4.387796663140611564e+00 3.663576067724527263e+00 4.995906110399467970e+00 3.925141510290838021e+00 3.623830059321862418e+00 5.745246700188337385e+00 6.233843645239010911e+00 5.775635757694817407e+00 6.859886972804463134e+00 4.751669185158035269e+00 6.381710886548193962e+00 4.934923224038271883e+00 7.045673324666580584e+00 8.105987268609510465e+00 7.027695043756225779e+00 5.311224640412302911e+00 8.896232777945096259e+00 7.886670221458714991e+00 5.898626029651902414e+00 9.177657085021834860e+00 9.595037019966603964e+00 9.748899479644826727e+00 9.079290779877732476e+00 9.681334183904187540e+00 6.328977120411837909e+00 8.794473261207757631e+00 9.538041752259356798e+00 6.756712966222286454e+00 8.996085880803120105e+00 8.887192008005570187e+00 8.478721243285113118e+00 9.554179384487817117e+00 6.829240649344266778e+00 9.093896598685979882e+00 6.443011578310860799e+00 7.913305110292571776e+00 1.024784928806254136e+01 7.056317935898007043e+00 6.102670478969786316e+00 8.085537953032003955e+00 6.458642882232996207e+00 6.927835616636356164e+00 9.661859769637022310e+00 8.400128178885069019e+00 5.733388004439422758e+00 6.660139338482587767e+00 6.170015553581871259e+00 8.292805349286494376e+00 7.234853953031377571e+00 6.194186482996306253e+00 5.930290930535207394e+00 5.970647743163616461e+00 6.908434563460904343e+00 7.429144758764798517e+00 5.029842388673775311e+00 6.039997945887813913e+00 5.126032658153838462e+00 5.479094969112646041e+00 6.998747733468180243e+00 6.247849647222815328e+00 5.763248925926873767e+00 4.362885485507030481e+00 6.199717922734843789e+00 4.023510387268768973e+00 5.180002801894151077e+00 4.700526600319575365e+00 5.386449607992749300e+00 4.109627638938477823e+00 4.167420670422332662e+00 4.792292865340359143e+00 4.164752444562330957e+00 3.366060280424330475e+00 3.808649489186336279e+00 3.260666834191192631e+00 2.606638020691657509e+00 2.550443943276564873e+00 3.121074629469742234e+00 3.307364642162791135e+00 2.854804219863075421e+00 2.988316964676319465e+00 2.659367391137542835e+00 1.972770786864557202e+00 2.616711810279939154e+00 2.504950818134463741e+00 2.204157024564865619e+00 1.731105819271071322e+00 1.432532361382061969e+00 1.767162912921597107e+00 1.673399884547835281e+00 1.948810662505679137e+00 1.307928598241288931e+00 1.469134983396825023e+00 1.655662534467728486e+00 1.351783846468212591e+00 9.565940157296755064e-01 1.179121171576257732e+00 8.862648929326217839e-01 8.417512366452107875e-01 9.175822579045465055e-01 8.712432098478006814e-01 1.009910302086602263e+00
1.367508986374258884e+00 1.345691103117984566e+00 1.130951630037061006e+00 1.029498417777375163e+00 1.572327473612078252e+00 1.361409109352688995e+00 1.445760439381965412e+00 1.674238685870871990e+00 2.029992331148613882e+00 2.492247226354500356e+00 2.298586586306356594e+00 2.109542540242590025e+00 2.435445904343701784e+00 2.941294145973434304e+00 2.423342699504085207e+00 2.712788632260941579e+00 3.307822507311209304e+00 3.359447153775594774e+00 3.348130300706017692e+00 4.006657539993157435e+00 4.590229127448131052e+00 3.710917584837029715e+00 4.258404660506006856e+00 5.805690450773416167e+00 5.540706738460364988e+00 4.428325677026252016e+00 6.523251359967730423e+00 5.066298949398635898e+00 6.576263941069836250e+00 5.727741836199133019e+00 7.596428173252529170e+00 6.573610347676637211e+00 5.113026344250368282e+00 8.054637086509266908e+00 7.654015074312800593e+00 6.815883336168161222e+00 6.197085822443344938e+00 7.069584949978318988e+00 5.722323506812593052e+00 6.306281525821759715e+00 6.665312063084900984e+00 8.464251297731724577e+00 9.221563424408161680e+00 7.514781906165892700e+00 8.396664130573027407e+00 7.098262849074685299e+00 6.785206967756224117e+00 9.732097055845725819e+00 9.718831518669322378e+00 7.403411065400058888e+00 8.969227676935307869e+00 7.088239402951522550e+00 8.615932960898406989e+00 8.777731202266386035e+00 8.489905403081994706e+00 8.255878112557782700e+00 9.680339691164512317e+00 8.772261010804044190e+00 7.200284237670597776e+00 6.777768024448351802e+00 9.615151361798098151e+00 6.353187172312550146e+00 5.880305835622536392e+00 8.776503935801940770e+00 8.883298285058774724e+00 8.418210489979060185e+00 7.604902699564251911e+00 8.333023592415859326e+00 8.212704158253153253e+00 6.151210524541075308e+00 7.220926869783042434e+00 7.825245337890451403e+00 4.938387595245172790e+00 5.883041993809229098e+00 4.994888544556553178e+00 6.830184055627187334e+00 4.485140565882275610e+00 5.905381402565797799e+00 6.420914990357290186e+00 6.565589329461753998e+00 5.278729833903307522e+00 5.455169664257424778e+00 5.164727021516997141e+00 5.938356382393187083e+00 4.538668913319107823e+00 5.545186427677884389e+00 4.732311402655325239e+00 3.617219249564432637e+00 3.907026483202085565e+00 4.202442198691954900e+00 3.186637632456577496e+00 4.050863483412591393e+00 3.003936418888725424e+00 2.597389408294439761e+00 2.488796465365477939e+00 3.276635244393871549e+00 2.406675105130197778e+00 2.258329103860913012e+00 2.354582849905190844e+00 2.835683198336601318e+00 2.657891805023482323e+00 1.946698996191211561e+00 2.210726047865500199e+00 2.331755466901975993e+00 1.736510456476957120e+00 2.372725658951326810e+00 1.849088097496949690e+00 1.375032723778734978e+00 2.046574791728194675e+00 1.393241379289337223e+00 1.776752739878926235e+00 1.225067392232566554e+00 1.616098105871423662e+00 1.313462638915991354e+00 1.321846265247829555e+00 1.365011411998726443e+00 1.058209976074347081e+00 8.813024466826760994e-01 8.729212548680818085e-01 8.830001237988029938e-01
1.335295886767413842e+00 1.073715024737381230e+00 1.492132040575916863e+00 1.476979744274934614e+00 1.675797793532384672e+00 1.267814062864561775e+00 1.847137752123925392e+00 1.557509925459529265e+00 1.478598543661524545e+00 2.202042167604875367e+00 1.994190409492750060e+00 2.475773454596676970e+00 2.164571103201139213e+00 3.267239089045909761e+00 3.091925442648832068e+00 2.556776316687956019e+00 3.999357674837798804e+00 3.128250345934319387e+00 2.848940052698705649e+00 3.079418209102947390e+00 4.480094984468016683e+00 5.277630490078386138e+00 5.126232439703139576e+00 4.521893651911698342e+00 4.685641712600577158e+00 5.236066630922013410e+00 6.662015885314943375e+00 5.466786780572059357e+00 7.172137933310110292e+00 5.386484798239955296e+00 7.600150752870774795e+00 7.575269016027370128e+00 7.774393793079093840e+00 5.172141639126635049e+00 8.101083836554444417e+00 7.917913830592756774e+00 6.607495845152186575e+00 6.672423766079926821e+00 9.130832142926289308e+00 5.994219855256456064e+00 7.939082322353872456e+00 6.702136568237828662e+00 6.069390427406874622e+00 9.773177145880504568e+00 6.578901001146971517e+00 1.002884063774032519e+01 9.615510370954062580e+00 9.192735891802460202e+00 7.491124295508780229e+00 1.027566670463179932e+01 8.152197484628993962e+00 1.012839677385222359e+01 8.057794876972215192e+00 9.205021388480155053e+00 6.713148466830646477e+00 6.694971589809537882e+00 7.920296188660679526e+00 9.472751367706949921e+00 9.189112938516613482e+00 9.533900808032372609e+00 6.952571981497341014e+00 8.133023951833369125e+00 7.693445290522877400e+00 9.025213601021466303e+00 9.170112238879825739e+00 5.559355078144076145e+00 7.180618577595729413e+00 5.544013031531414448e+00 5.590281341223396261e+00 8.181920826779006006e+00 7.945795397218015310e+00 7.074986270606433258e+00 7.359040123871916528e+00 6.558138667396308463e+00 7.703442113588279128e+00 5.435985608772029742e+00 5.058000620272963488e+00 6.631189071815160041e+00 6.130947092324214864e+00 4.836053662806923725e+00 5.090062471168383063e+00 5.949103739736718133e+00 5.509922173706535808e+00 4.590572095449473089e+00 3.857770718020947509e+00 5.184120827602825443e+00 3.739775577989751909e+00 4.015598232001986290e+00 4.160076524029316936e+00 4.819772295551245200e+00 3.039048098343351434e+00 4.135391510718711139e+00 2.696870994606138439e+00 3.512537860341865326e+00 3.927499389388777740e+00 3.658153504043527793e+00 3.642099610738216420e+00 3.263289587780334067e+00 2.386597691137400723e+00 3.042636364807853600e+00 2.726250946732867497e+00 2.374386131646229803e+00 2.651486127453931196e+00 2.338894546256831575e+00 2.095267260645427232e+00 2.152949289618511841e+00 1.971624340020370569e+00 1.600776999216956265e+00 1.483042090471634156e+00 1.398106576117711164e+00 1.499922802657001730e+00 1.352458692992202893e+00 1.474915510274450892e+00 1.016352998164841148e+00 1.050639474067764922e+00 1.009521809646287682e+00 8.688967964241324227e-01 1.066797320335307608e+00 1.273305260080503043e+00 1.319207756334556558e+00
1.110535431307409837e+00 1.222008324857994710e+00 1.523845085449364811e+00 1.623063430923150197e+00 1.565512890911945787e+00 1.498214894211821191e+00 1.549118368123526990e+00 1.440680384596598307e+00 1.837822134389725859e+00 1.772825994318557585e+00 1.665662166393532928e+00 2.762740489407305766e+00 2.129128022386373775e+00 2.737265921127979507e+00 2.552014482572495524e+00 2.570732895494096226e+00 2.808531694581521521e+00 4.024301049176806977e+00 4.425204615185259982e+00 3.005394554886342107e+00 4.507670107504772261e+00 3.970386428697686210e+00 4.094979136597237002e+00 5.152567391116303241e+00 5.670877777628667182e+00 5.418033492963337139e+00 6.382486975803495000e+00 6.857305217175556855e+00 4.956477124232179676e+00 7.316993234956695069e+00 5.417134535172797527e+00 6.235987833307181205e+00 7.367940682416843856e+00 5.543081426366078368e+00 6.735656534582836308e+00 6.947130825311449875e+00 7.807194898850082332e+00 5.669302170084911552e+00 7.079394465935025416e+00 5.763966238264654152e+00 6.475718062682537024e+00 6.166572486456434632e+00 8.909696889705822187e+00 9.360675225497363527e+00 7.884865393972142478e+00 9.037210539739421122e+00 1.017327933777117366e+01 6.956455861959622844e+00 8.247725608588197588e+00 9.860084709919966883e+00 1.025825889659203582e+01 7.368550844954368628e+00 9.790440584535682333e+00 7.264828012884904318e+00 8.525294108998279441e+00 9.056933777091904503e+00 7.136806373390653491e+00 9.325024675204872437e+00 7.426743827823887756e+00 7.646885156428593788e+00 9.334583727416561061e+00 7.311336475846377247e+00 9.151273194946602629e+00 7.831200340740681831e+00 5.823663861365091954e+00 8.267236358279451025e+00 8.259645935537578865e+00 7.826009101529462164e+00 6.753003712336205666e+00 7.446194617458201215e+00 6.668074546952000858e+00 7.389996718338399440e+00 5.902333996490152224e+00 4.989143140396511633e+00 6.662873165629934036e+00 5.405770555415765344e+00 6.032067386964028444e+00 5.700158351515383082e+00 5.186038743376916393e+00 4.084047336243412651e+00 4.128152520766459332e+00 4.118818203680767454e+00 5.417268169311533654e+00 4.404732347272785731e+00 5.339263456505944028e+00 3.675196900354445351e+00 5.317946727827438380e+00 3.816233006094014613e+00 3.436697588584069152e+00 3.733536749271031407e+00 3.004380312092507221e+00 3.357582258237330475e+00 4.183646220767130330e+00 3.031120030096461360e+00 2.874865805472068381e+00 2.759006071386435277e+00 2.624693785209563313e+00 2.176261985671527288e+00 2.928384664808957982e+00 2.011644044105365126e+00 1.891670213022180747e+00 2.264962200612131493e+00 2.398566626463486617e+00 2.052484968123299947e+00 1.938967385448099767e+00 2.376637858641624579e+00 1.490074705413551026e+00 1.842758420161002109e+00 1.413236061971572921e+00 1.401862046371485704e+00 1.416681917946948754e+00 1.161103165969732842e+00 1.462346486252523503e+00 1.319544618203412290e+00 1.323180921298802826e+00 1.210594731024749127e+00 1.122627161232590209e+00 1.047339513148308754e+00 1.193364069400697725e+00 8.278651354970278931e-01
1.174606680218823751e+00 1.176474811699322220e+00 1.247232604097817443e+00 1.209080727749438422e+00 1.272345282842335834e+00 1.856870954810875274e+00 1.416355732179302551e+00 2.094124916366424394e+00 2.132385536411621096e+00 2.522653118959174545e+00 2.451008694384154474e+00 2.099066544016066960e+00 2.385558894761108384e+00 3.086561943785816720e+00 3.174942826192746814e+00 3.314676353571072820e+00 2.741444342379065091e+00 3.822713527726223415e+00 2.716166396030161412e+00 3.696099665125482936e+00 3.023439475524942743e+00 4.601925111657296341e+00 4.301372952287244367e+00 4.227762726833855567e+00 5.676044688484915390e+00 5.372419801775062176e+00 4.772506803023181199e+00 5.852289930746470858e+00 4.330160782064989888e+00 6.965385671827387881e+00 6.996095113772680563e+00 5.059349287304486076e+00 5.367358756774848416e+00 4.994217478371423269e+00 5.112907606584269793e+00 7.178405815304387261e+00 5.814343434096573837e+00 6.572347298107669822e+00 6.404161861070583051e+00 6.858266737633302412e+00 7.014921230510722694e+00 6.027150078254799759e+00 7.666401944900807841e+00 6.460671785279937573e+00 8.538339435586690840e+00 1.009127672724176605e+01 6.119027831771091108e+00 9.984325084094884062e+00 8.619376400228128787e+00 7.838303126777839580e+00 9.426849905791824469e+00 8.884657283026395902e+00 8.288441234993223716e+00 7.828060417002602023e+00 9.439617142778615744e+00 8.629219735899440025e+00 9.960473845742699339e+00 9.478053639772083372e+00 7.159672214008041990e+00 9.753722549407937592e+00 9.216632084689544868e+00 8.435723382336055565e+00 6.288986095028841206e+00 9.138341056973400711e+00 7.896976662858016027e+00 8.354213348597237854e+00 7.128576238117712904e+00 7.599849601365084695e+00 5.806181799013594436e+00 8.375025894547697192e+00 6.703014340013901950e+00 7.143065396522866095e+00 7.527669435207862136e+00 7.835278853020061440e+00 7.075422556121405471e+00 5.621965314702622507e+00 5.614565119118219094e+00 6.875668011332903617e+00 6.374468969138516350e+00 6.827280784859825147e+00 6.217689893686547009e+00 4.291533113965396495e+00 4.677070494064815342e+00 5.359183573112430210e+00 5.302809604768857987e+00 4.292914903945553640e+00 4.758766978122399571e+00 5.145398687541195670e+00 4.668554793236833866e+00 4.205806588900268039e+00 3.669843862807633084e+00 3.022193165695166606e+00 3.139663962508611572e+00 3.272891856774202690e+00 2.447336196123254926e+00 3.625128183329558329e+00 3.730251604890178374e+00 2.709588251651062762e+00 2.108058138173343199e+00 3.194143224907497913e+00 2.950198144201126471e+00 2.549838463205209127e+00 2.348108374779542373e+00 1.813465541839174744e+00 2.335827505067802790e+00 2.235892476452522093e+00 1.738136656498754595e+00 2.125864687255217156e+00 1.617617588412852525e+00 1.403154603382361643e+00 1.715654911137930894e+00 1.732783502120688102e+00 1.504263370008947165e+00 1.274862471581103218e+00 1.169267363805373661e+00 9.691359452623252713e-01 1.191041561674278881e+00 9.634693891496686202e-01 9.987480176880716431e-01 9.816563239668764096e-01
1.292213438217797661e+00 9.852222294903114630e-01 1.208720736518595462e+00 1.023847397799670045e+00 1.639488687396914557e+00 1.254184413716976421e+00 1.385695788793159799e+00 1.651551863724948888e+00 2.327573342826084968e+00 1.609397934395785379e+00 1.892889423067799060e+00 2.524147789095636529e+00 2.900895332483582223e+00 3.209577751706514714e+00 2.266295604639616545e+00 3.299262567172621452e+00 2.509169321091711424e+00 2.855379972709896741e+00 3.937678914956431520e+00 4.051648741081912419e+00 4.154426491101538055e+00 4.981328677084785994e+00 4.187671466156217548e+00 3.618233013108686613e+00 4.012898720628615301e+00 5.332233223920086473e+00 4.890231704092718346e+00 6.421003364535351920e+00 6.462814281560780749e+00 5.811060442613221966e+00 7.151332967933786477e+00 7.684806901479275254e+00 6.710893087812018543e+00 6.904939086520237801e+00 8.067805094297217039e+00 7.144091125870501990e+00 8.537867547014592162e+00 5.517514115735954405e+00 8.586050165777280085e+00 8.745551494758732503e+00 8.962985475433143279e+00 6.326123226771955821e+00 6.564622643529991031e+00 6.166005202260687490e+00 8.727234091015422024e+00 6.804682349417820575e+00 9.512481918994543761e+00 8.065102267884975973e+00 7.816483177082394818e+00 7.898150565882050778e+00 9.400875319898585047e+00 9.711747474797542523e+00 6.246230327599811005e+00 7.975788377004165319e+00 9.419457483895296690e+00 6.999066707196806014e+00 7.602758620018908786e+00 7.979523175035061477e+00 1.001062378607385561e+01 7.106580853611633053e+00 7.956723869902087465e+00 7.740532852947448639e+00 7.944607857985819699e+00 8.122666579673101239e+00 5.645943862414558367e+00 9.007229570155175224e+00 6.698934551937916204e+00 7.245249338724700117e+00 6.035986717391028655e+00 6.809962155554281082e+00 5.517427850464609485e+00 7.873139174303189769e+00 7.627045850349477796e+00 6.543199965278307495e+00 5.062224604042212306e+00 5.612500967598143653e+00 5.851372993399093225e+00 6.893102079426729034e+00 5.381923462297875993e+00 6.291724024466947007e+00 5.916177375471423083e+00 4.499422129654359281e+00 3.785376413521601258e+00 4.794249996527107704e+00 4.550361909627884671e+00 4.695379330722729172e+00 5.110895257300144046e+00 3.678904175552574429e+00 4.484653339855880105e+00 4.339748391593490240e+00 4.169614865998471309e+00 3.211208176805133707e+00 2.903222613628246407e+00 3.481567916092782156e+00 3.399840763532970822e+00 3.791759910389591592e+00 3.077035098092378629e+00 3.241315540484495994e+00 2.799199253707536084e+00 2.958058132164518295e+00 2.125963190087591936e+00 2.738584469525537468e+00 2.401288949793504379e+00 2.480969457882835627e+00 2.552674617315985994e+00 1.783092695863079502e+00 2.122322737678126181e+00 1.984067844906366007e+00 1.672588338731743285e+00 1.499566352534144942e+00 1.538025276214811887e+00 1.348003463790602874e+00 1.139374218997096566e+00 1.628825331059006176e+00 1.388212309556086765e+00 1.039837688890673295e+00 1.208931315888448710e+00 1.032489073388745737e+00 8.849746131040135966e-01 1.367071437910983400e+00
1.168321169327745990e+00 1.150803731078838155e+00 1.440123146436378843e+00 1.632173339706568083e+00 1.352439400344359832e+00 1.666061206182039234e+00 2.029521142503376119e+00 1.963096022235294447e+00 1.834929237610159358e+00 1.596688284506761146e+00 2.029952420192295381e+00 2.315581148145066326e+00 2.869562538466261525e+00 2.714874943198120949e+00 2.544953618471758272e+00 2.523699181780245215e+00 2.820086276038995976e+00 3.390958508594392740e+00 4.256317360643236292e+00 3.034086602159139723e+00 3.093001869251505997e+00 4.057115085144408440e+00 5.037280576178803315e+00 4.001775400976035790e+00 4.338134122780053836e+00 4.989807651372282216e+00 6.135959280843266583e+00 5.387784029915600570e+00 4.881679711874054028e+00 6.126787757799108114e+00 5.827751002338424691e+00 6.298752976875495513e+00 6.575106353517361057e+00 6.106264462488759648e+00 5.158331134428086884e+00 5.963427456214668965e+00 6.367475453256671969e+00 5.414143205011455073e+00 8.451575275738678172e+00 7.300018606766398577e+00 9.309184005540965146e+00 6.734692147721980326e+00 8.991910744085386042e+00 6.349062790597861827e+00 6.301318777638589275e+00 8.665470662667631885e+00 6.364462488061396250e+00 8.207393313010003411e+00 8.426815849924700785e+00 6.301260450634513788e+00 7.532848749456019455e+00 7.071384363037073406e+00 9.326665698556324102e+00 9.164538760386315985e+00 7.807777955835047301e+00 8.194882422015815848e+00 8.424180860944817439e+00 9.947458083097282966e+00 9.634036267328337289e+00 9.591132532119139853e+00 7.005195036409253895e+00 7.176500592047756477e+00 9.273711960217495331e+00 7.523088455759911142e+00 5.910985920594780119e+00 7.115677507748118913e+00 5.885982971173391753e+00 7.188980431736132992e+00 7.741225657396548776e+00 8.349306393736920739e+00 8.212241642230734939e+00 7.920090056616695406e+00 5.318941897076639336e+00 5.379945353912755301e+00 5.080144350941184328e+00 7.295948023078127953e+00 4.711368568740921248e+00 6.746866681148157241e+00 4.256036294488901639e+00 4.672033872209511607e+00 5.928365025072987571e+00 5.886281382992065936e+00 5.498690053952656420e+00 4.793942621287152761e+00 4.918995681325098346e+00 5.317148699004541790e+00 5.302781983827291157e+00 4.345287017549909869e+00 3.213010251105063997e+00 3.876839220361893545e+00 4.063828342211465383e+00 3.213076367172226444e+00 3.598117371000181919e+00 3.164935889346786713e+00 3.140216166563619904e+00 3.909806916001282051e+00 3.252109440126454309e+00 3.389011181575646070e+00 3.384670138045490440e+00 2.385612710174857209e+00 2.536091973664143406e+00 2.225032684539295591e+00 2.757051717883049147e+00 2.691528557400065136e+00 1.956504821055233379e+00 2.299617294769975118e+00 1.697840698684732308e+00 1.778287381770007336e+00 1.332637530095343026e+00 1.302168806491287301e+00 1.493177563051515611e+00 1.641895071098712577e+00 1.594746649153948592e+00 1.362424239598028830e+00 1.405629152028098794e+00 1.405139737984413495e+00 1.263293406266820851e+00 1.062330673756183508e+00 1.219566138930136212e+00 1.349586184111113862e+00
1.179379324220937164e+00 9.338063864077543741e-01 1.468558469874919670e+00 1.320784291720163761e+00 1.382656547400543667e+00 1.352479112845613507e+00 1.547824701645568179e+00 2.008797966230785992e+00 1.587932969965133667e+00 2.241875351915789238e+00 2.068039086825149475e+00 2.377666768655338103e+00 2.188380282178817193e+00 3.003888189978660250e+00 2.956304589956550988e+00 2.697859309718340537e+00 3.666671381757808934e+00 2.493146144908645834e+00 3.735202215315765795e+00 3.410960571837559296e+00 4.414655507354030561e+00 5.010963771408779799e+00 3.894709887199338638e+00 4.996348005450467866e+00 5.722952107860462156e+00 5.116718125699461162e+00 4.661370871136908178e+00 5.272128594232320609e+00 4.737533069390013729e+00 6.855864291687784551e+00 6.420726287328899495e+00 5.282608356474742806e+00 7.529759110798556421e+00 5.334666727586867552e+00 6.430194540950220805e+00 7.890402357667364974e+00 8.130900790505197762e+00 7.109850223353909371e+00 6.067051064586063802e+00 5.827285197607051437e+00 6.517624335943598801e+00 6.193160064678058241e+00 5.840268696011201577e+00 6.317107795366744050e+00 9.232909412595489584e+00 7.717640545161574828e+00 8.794627624716962799e+00 7.827410625444035652e+00 9.149539945238005956e+00 7.836303303065903947e+00 9.525620480125537526e+00 8.334447933290798360e+00 9.722419183109135332e+00 8.115205585436806146e+00 9.729506408465425693e+00 9.756880598762258217e+00 7.895545918580436862e+00 8.368944443026741453e+00 6.789157808382540793e+00 6.438897351322522056e+00 8.181467458018515160e+00 7.981583480658811958e+00 7.930482454868442055e+00 8.674731734433112962e+00 8.717771804700927163e+00 6.128697551881468364e+00 6.548567064382300629e+00 6.086731847156947595e+00 7.164691678997393787e+00 8.690586546532029999e+00 5.595905644693345060e+00 7.395835018107483450e+00 5.863037511540696300e+00 6.928577209559617422e+00 6.768835833089323906e+00 7.509397860721928275e+00 6.574943648664563156e+00 4.649126500533627748e+00 4.749062073987654564e+00 5.470161452058793117e+00 5.137433693112969380e+00 6.105156640326305784e+00 3.971055626116426041e+00 4.248593842533288090e+00 3.713548512057651685e+00 4.808229101739573075e+00 5.340519132299948346e+00 3.355652346343775516e+00 3.696465000798020206e+00 3.248061913874273454e+00 3.583505731721386312e+00 4.021114623788746734e+00 3.104051367194203603e+00 3.535362613278769661e+00 3.101568000011357018e+00 3.326893022187808580e+00 2.949470255041009015e+00 3.574668787859519803e+00 2.211911538904709040e+00 2.594236040068329974e+00 2.139310039858640433e+00 2.675467798266762731e+00 2.844531173075109720e+00 1.754198441335130587e+00 1.847401792480558136e+00 2.475719536998357562e+00 1.917111522021993641e+00 2.012349211939129745e+00 1.912350247547446758e+00 1.965178213924297257e+00 1.836047244286019620e+00 1.777844790887870063e+00 1.809636257129048076e+00 1.383395581078066705e+00 1.521040932669466939e+00 1.408971831801740349e+00 1.046216827491652346e+00 1.269179821303686895e+00 1.333079872376678576e+00 1.042343315353911670e+00
1.071101299626085579e+00 1.442373825070506044e+00 1.484435432250971632e+00 1.258890973159020099e+00 1.707606125016410070e+00 1.434018499900251431e+00 1.653139842436939677e+00 1.703849640118163311e+00 1.956523759202714707e+00 1.582130996338255491e+00 2.614921762112202064e+00 2.437087480230616165e+00 2.713594150112387915e+00 2.690045486392777629e+00 3.091475967727040253e+00 3.601414996360102094e+00 2.844740828698008706e+00 3.348584347791364824e+00 4.313982028739587804e+00 3.079736983814736817e+00 4.129693363672138240e+00 4.230558025358290841e+00 3.531179052981443078e+00 4.152749350350944724e+00 3.649388343538898738e+00 4.394351711129398375e+00 5.769913348492406335e+00 5.182499442269300260e+00 4.465201598491584711e+00 4.926180246151509401e+00 5.154186282583979484e+00 6.968652244567716814e+00 6.861595450505001637e+00 5.615215219429401827e+00 6.489082935051539991e+00 7.811166487993576268e+00 8.674912079178609403e+00 5.354569481697183164e+00 6.358855847044921461e+00 7.834710390037272987e+00 5.850409589190102011e+00 7.944635077274424084e+00 6.537522846807195087e+00 7.469456806375050384e+00 9.026321342817452020e+00 9.946623492432392410e+00 8.997674390502377051e+00 9.181687751992965829e+00 9.285924544523497914e+00 6.694950529285972785e+00 1.013718375659115623e+01 6.790449454246416217e+00 8.423282814204187119e+00 8.378907358397242433e+00 9.781406240065269486e+00 6.260596187441818117e+00 9.947224866961438039e+00 6.575813778760235095e+00 9.007300590151706032e+00 5.998118439419624082e+00 6.149531987369038610e+00 7.540960230557048227e+00 6.295979936735102811e+00 6.925777649374605716e+00 8.468333409040990745e+00 7.820601005867648503e+00 5.734082701272358307e+00 8.004533697989721475e+00 7.193879491458114117e+00 7.178658390606127426e+00 8.089927541150625956e+00 8.001519803562572974e+00 7.596929326120357651e+00 7.634078820979489421e+00 6.040189534755873169e+00 5.067159486346676012e+00 6.781615954998682305e+00 5.669822752886005901e+00 4.430071112963605451e+00 5.213701477069489165e+00 5.172241424603157611e+00 5.622215616980631658e+00 6.174869899276838048e+00 5.586682964366465498e+00 5.140050059624168277e+00 3.586517941990322367e+00 3.796177017238219875e+00 3.285351176361262837e+00 3.423771019895049506e+00 4.263241224038210042e+00 3.203899853816701171e+00 4.303129551217002913e+00 3.762981598265193739e+00 3.656963380570164457e+00 3.767270185351435874e+00 2.683238619986236806e+00 3.161927577051222737e+00 2.498981552635133774e+00 3.143212416054552261e+00 2.151994239052934965e+00 2.825860749017371720e+00 2.660370410827235688e+00 2.344291543458227878e+00 2.856867620473087399e+00 2.161350701301187893e+00 1.653747137437922454e+00 1.650780426062760986e+00 2.225145193230657181e+00 2.113835057816602081e+00 1.291053409782478179e+00 1.371980371385696174e+00 1.697057318479860966e+00 1.413600497830763913e+00 1.497471688892817010e+00 1.028419086934621030e+00 1.479309238483928590e+00 1.395964519614779409e+00 9.678442039472423541e-01 1.383467353113777110e+00 1.214210945428002120e+00
1.435553669089895346e+00 1.476996432148142580e+00 1.260069359209733841e+00 1.499002571516256266e+00 1.724922625425521217e+00 1.870651397673027683e+00 1.253868101670458923e+00 2.132566192277230765e+00 1.714643367125960216e+00 1.739132052033366849e+00 1.698325899050655785e+00 2.619160889591183761e+00 2.998552193320833670e+00 3.042071041567747436e+00 3.420737393437689455e+00 3.525636366463312132e+00 3.399173793831906210e+00 2.771188966795554709e+00 3.767444955671598983e+00 3.372464997848672486e+00 3.911360697719486801e+00 3.109464050599609397e+00 4.464465755895000498e+00 4.339127063525545225e+00 5.809964366209944941e+00 4.160853768219712201e+00 6.292479813714670911e+00 4.303327858551987184e+00 4.651486060275448864e+00 5.964979432229283951e+00 5.940271180675395613e+00 7.569898655701380541e+00 5.832250009485675513e+00 6.932254804608832366e+00 6.377304823719262217e+00 5.817637849462837352e+00 5.724403608078447725e+00 6.865356758718490049e+00 7.536691050705869976e+00 6.649142324397487869e+00 7.222012666400887682e+00 8.963360719212067451e+00 7.043636933451578486e+00 6.420041096547264736e+00 8.287944692350322384e+00 7.294170671826108787e+00 7.194235592527678413e+00 7.777658933572844546e+00 7.680030381229615344e+00 6.750040072428592275e+00 8.829579942206956744e+00 6.634044290167847358e+00 9.274115697182764961e+00 7.195379577042014141e+00 8.643345734135159830e+00 8.267318768438782328e+00 8.085947637596246906e+00 7.982777874158554887e+00 9.312937696187296055e+00 8.635397012379167236e+00 6.824076218295761720e+00 7.744497559406738674e+00 9.059789861367624653e+00 8.108579912282573687e+00 6.772602272638679644e+00 9.079828370537276427e+00 7.199463629050129043e+00 8.938886991545093252e+00 7.285379217342302205e+00 6.138096455466206969e+00 7.784104486402040557e+00 6.951357930174803634e+00 7.468809889194823803e+00 5.903096066886261539e+00 5.276259174275750752e+00 6.720318508087752107e+00 5.662783471996876372e+00 4.772531404218272044e+00 6.307420438287785203e+00 5.296657619625690039e+00 6.141998648744023903e+00 4.033934359392958413e+00 6.352092947081190211e+00 4.339128964076615524e+00 4.947217376888375817e+00 3.761619518096609216e+00 3.980490770928693856e+00 4.973246927511769222e+00 3.417271286026714705e+00 4.264822857116322474e+00 3.735063957128218703e+00 3.827963302676146373e+00 3.559125036684811061e+00 4.392777631278966588e+00 3.106729147631136279e+00 3.489349123918022322e+00 3.841493412693671949e+00 3.207783301781780949e+00 2.434388557860662772e+00 2.848102005213312360e+00 3.080837274457324693e+00 2.494352175944957839e+00 2.034097951764162193e+00 2.500195395140400123e+00 2.099767229651945399e+00 1.665804757379504952e+00 2.271365933873032539e+00 2.326765853594027877e+00 1.872894258355302544e+00 2.028468151256625163e+00 1.573128683232769331e+00 1.194079384451428361e+00 1.266549401050342194e+00 1.533360133564157346e+00 1.526219829626134894e+00 1.054039697985692081e+00 1.419355237982458773e+00 1.300098592073382964e+00 8.870009037781744210e-01 1.254332977103669755e+00
1.437301002189093735e+00 1.500363566080934685e+00 1.459484151753935866e+00 1.143369525242374340e+00 1.109803437175062024e+00 1.821166370150484326e+00 1.360822753865940760e+00 2.049628690260604902e+00 1.855688574684026593e+00 2.091027811727388386e+00 2.029626509078292340e+00 2.296621776413136473e+00 2.023586294156061616e+00 2.493835609193426617e+00 3.213836887213357141e+00 2.609058289954864218e+00 2.882259361889971672e+00 3.226455309838708541e+00 4.161771968321130721e+00 3.637514690032803255e+00 4.659117540553848080e+00 3.417086702363556494e+00 5.067672321913989641e+00 3.584087832405858265e+00 4.605310318190870333e+00 5.468204068889620295e+00 5.352949501691609768e+00 6.075711651777368161e+00 6.294856001131152290e+00 5.765962190360651718e+00 5.139769001014681038e+00 5.969349250236636983e+00 7.677611224531304401e+00 6.994285861261629655e+00 5.314702096468021608e+00 7.819874489534993423e+00 6.352097594478679277e+00 5.342844780366679203e+00 6.958610274374985138e+00 6.299005431614857820e+00 7.646122037806562410e+00 7.371555840192012710e+00 8.411352354313258672e+00 7.318611544754074494e+00 9.632163253336138098e+00 6.109270513048085327e+00 7.617956997013882514e+00 7.345752580591407011e+00 8.366446293761663711e+00 7.388813340743797475e+00 8.577982062357357051e+00 1.017840087080618794e+01 9.252642477007150035e+00 9.136150050097697317e+00 8.915094696093852633e+00 8.181334626844947167e+00 9.535620454074843266e+00 7.326564741598251551e+00 7.712768031066324248e+00 7.706377138124905990e+00 8.644397327428524846e+00 7.249420863148774430e+00 7.724432101595341216e+00 8.049639754865527408e+00 6.737365870178858351e+00 7.334058538740706901e+00 7.370689699921677551e+00 8.596902491703881211e+00 6.363470494130081256e+00 6.482656772722479310e+00 6.643987118236894140e+00 6.002682907445938909e+00 8.070214452516353276e+00 7.693607402896033065e+00 6.067341596906173251e+00 5.977631487379236219e+00 5.878303469030817574e+00 6.527008057541261898e+00 5.808491528528891834e+00 4.249963516973820354e+00 4.941303434970959252e+00 6.421368175074993800e+00 4.436298476637082544e+00 6.156965702678589558e+00 4.022047083935318845e+00 4.225310826131266850e+00 3.952907545826203517e+00 5.172491808992418783e+00 3.891347312938657321e+00 3.776961564075871802e+00 3.300703581713321455e+00 3.604217470464098128e+00 4.374155690030001153e+00 3.511621829315549004e+00 2.972648914085326055e+00 2.981697416458104044e+00 3.547087077307803593e+00 3.297564573637671526e+00 2.980439528180125031e+00 2.594336634982960632e+00 2.572116886128247071e+00 2.078803882653394997e+00 2.898702963637934449e+00 2.881053526491346606e+00 2.074231567515364194e+00 2.582869752025485077e+00 2.306727635690652534e+00 2.417063539916584514e+00 2.075800275295673458e+00 1.342777161843267564e+00 1.913691206253638644e+00 1.651309570816836825e+00 1.817394367570005720e+00 1.708142227561189275e+00 1.126569316815689392e+00 1.458749357775511291e+00 9.669136878313379091e-01 1.078906659520348921e+00 1.134725227083819954e+00 1.301132519344177174e+00
1.392741298491017687e+00 9.748972718623540867e-01 1.145494660909188056e+00 1.325423248085279004e+00 1.377360176165627781e+00 1.722257737831959012e+00 1.826852236954728426e+00 1.845418064146456594e+00 2.328893015282745171e+00 1.826353730257067154e+00 2.627986072310017907e+00 2.778940949723734732e+00 2.664157818067341310e+00 3.051156805780628645e+00 2.873480121271462462e+00 3.315598789217001130e+00 3.765027624718133126e+00 3.350352513669553112e+00 3.721433974768012742e+00 3.857240633849476463e+00 2.904279591381325520e+00 4.939648228679707209e+00 3.649191632149043851e+00 4.164471624726902022e+00 4.600862360473723101e+00 5.012789944085580984e+00 4.230111322238820470e+00 5.193409004026270814e+00 6.483103661656948624e+00 5.382970688889832545e+00 4.943969232465294183e+00 4.519856710972880443e+00 5.682001552113067788e+00 5.138853869981715228e+00 5.396552852778759402e+00 5.233762863853536729e+00 6.758257115664958015e+00 8.380045518590659270e+00 8.752618398323830817e+00 6.018748263551738198e+00 7.428585701858207990e+00 8.876791769606514393e+00 6.040266146657287116e+00 5.892829231689009184e+00 9.503304951080391305e+00 8.059498443382016930e+00 8.370444389006081565e+00 8.758463060104823228e+00 6.140839164229310754e+00 9.247708803649015152e+00 7.489435798918335330e+00 6.871856654602069625e+00 8.420024403260374157e+00 8.528141423101388341e+00 6.448570591155062814e+00 6.301746007447229125e+00 8.862872359161784175e+00 6.378395920779675876e+00 9.705366544661591988e+00 6.563540943699836205e+00 8.572241860470406039e+00 7.277971580211866964e+00 8.398321143823164192e+00 8.349082435549043169e+00 8.167452053894523445e+00 5.867977436014889747e+00 9.139084291050457054e+00 6.660222946100189390e+00 5.733924251266733663e+00 7.700508246132185874e+00 6.234341395020137178e+00 5.419689068880670035e+00 7.138839740385154897e+00 5.251640132672663164e+00 7.693427610530465977e+00 4.755405174827469494e+00 6.834496885769758556e+00 6.773622610264447452e+00 4.565350311214340095e+00 4.735755215719246181e+00 5.907748133425176462e+00 4.211336116606262614e+00 4.539725886328047189e+00 4.489836506600891397e+00 5.028632654336936625e+00 3.630783877858314579e+00 3.653299059707731278e+00 4.986139839876634561e+00 4.417979165686150012e+00 4.012341552450934934e+00 4.873823580893114737e+00 2.980614542292825409e+00 3.459739881202647194e+00 2.898943633110076856e+00 3.385596543908558687e+00 3.838347215344916297e+00 3.079684614243271223e+00 3.778565744233401524e+00 3.649144027542277513e+00 2.937915686622743383e+00 2.489507668628034853e+00 2.044852872793293752e+00 2.334736418958208937e+00 1.838142112933472072e+00 1.772341579138683842e+00 2.571720962952131373e+00 2.236612441858745637e+00 2.361220146887308413e+00 1.988024709949468116e+00 2.130532180621980132e+00 1.542994842735708083e+00 1.680745029493605935e+00 1.692225594391111310e+00 1.217422282075147244e+00 1.377181329728657699e+00 1.214527811572823301e+00 1.348260633700853584e+00 1.363559470344196889e+00 1.199548457577992888e+00 1.443144973393177821e+00
1.206643282786870497e+00 1.349723723336045067e+00 1.200054967535959083e+00 1.599452545196642372e+00 1.251857125770068357e+00 1.184363443156246198e+00 1.368071787709254750e+00 1.835988209702647644e+00 1.917237992588408435e+00 2.364937035592768133e+00 1.991493747290152605e+00 1.829459939458146334e+00 2.801274656769135785e+00 2.475263048895155027e+00 2.095535191816238818e+00 2.715937742762990492e+00 2.300021861475543883e+00 3.413270497117148583e+00 4.229520451789877455e+00 2.970766708946322776e+00 4.111947665433508980e+00 4.351180652124793546e+00 3.839635606628035269e+00 4.086390176415546804e+00 4.624663937843171979e+00 5.902873002100109012e+00 5.085637046648905368e+00 5.719845449930210712e+00 6.164843899470135113e+00 4.636955909002312914e+00 6.966965027718287295e+00 5.460288686517256629e+00 5.569846755707231090e+00 6.300734782239524989e+00 6.942334267068199338e+00 6.341407933380311945e+00 7.975839428739464054e+00 7.407581146220398871e+00 6.056259122830418562e+00 8.534183245407685803e+00 6.998693226165462633e+00 6.489162377192794651e+00 8.592240983387476660e+00 7.883212614339520030e+00 6.783743379517735761e+00 7.541997985746440314e+00 8.009628090232109088e+00 7.528838672160627077e+00 8.158494432202896718e+00 6.698034174519066575e+00 6.074587119115165024e+00 7.595992709759990191e+00 7.083320448961092808e+00 8.953973336800842731e+00 8.660289061133331856e+00 9.346085419126850979e+00 7.468631394113123712e+00 6.057976450556023629e+00 6.660478930036994427e+00 8.104477803059621621e+00 8.710031077074937400e+00 7.820817628850393000e+00 7.938440041815870707e+00 7.532764855713333318e+00 6.905758485712500949e+00 6.511410835232895877e+00 6.256264931792340889e+00 8.356284362152335277e+00 7.620438909520444781e+00 5.843875968722904268e+00 6.930257046976826985e+00 5.300241167023393984e+00 5.472220780373943327e+00 5.270159390064678817e+00 5.684438354470425558e+00 7.153496944372708555e+00 6.703878358754728595e+00 5.911758915160605810e+00 6.758516778438243833e+00 5.412926091317465271e+00 4.439601792435279748e+00 4.523259245758429081e+00 6.298566633595771513e+00 4.862105446162338751e+00 5.860292073281692105e+00 5.234184675862261216e+00 4.041267020810543009e+00 4.125610404180489077e+00 3.303165893666878627e+00 4.163661379882582558e+00 4.168875910359580494e+00 4.175772926518066974e+00 3.453771992606133434e+00 3.746358025867424502e+00 3.069468448919149495e+00 3.228128794830420922e+00 3.120208043678565524e+00 3.439291658369776350e+00 3.603409508185338783e+00 2.972691152465539055e+00 2.591148455983815158e+00 2.250613345005327393e+00 2.212967930494538660e+00 2.717443121718283283e+00 2.569564199152581274e+00 2.449632256153855714e+00 2.187357424339148260e+00 1.712307243287358283e+00 1.920222815216920731e+00 1.450552503543560023e+00 1.706636149263827340e+00 1.828598817443063851e+00 1.244261434345891981e+00 1.816791085678725715e+00 1.413257104921660234e+00 1.680447173104658187e+00 1.230572048246671546e+00 1.136701692054956636e+00 1.231440045372436121e+00 1.204628865088803291e+00
1.527109585635962663e+00 1.006044005035470201e+00 1.351288644077180523e+00 1.228623075750949090e+00 1.861129203047620528e+00 1.391746475951817663e+00 1.375118291499028977e+00 1.679351724916538391e+00 1.545447366266445188e+00 1.990456190310347706e+00 2.198930271079175824e+00 2.073148670132733962e+00 1.952040573127797662e+00 2.121701159601157460e+00 2.564760130414802219e+00 3.490169027701068849e+00 3.176171167612544366e+00 3.765182735989248464e+00 2.954970803191118378e+00 3.877129654337589493e+00 2.877597759119955523e+00 3.415088250856805452e+00 4.779159117587765238e+00 4.878003661065656971e+00 3.848091922993231329e+00 5.148910151077365605e+00 5.532155401447597320e+00 4.458402591047846641e+00 5.757326462447528215e+00 6.390091319365957645e+00 6.662086906342166159e+00 6.987109587161836721e+00 6.749419992304649618e+00 6.758816246646348169e+00 7.519342952632962707e+00 5.280180836642537123e+00 7.113024632138929881e+00 6.089336357337296057e+00 5.694032002614252796e+00 8.212102126265239832e+00 8.902091185666540341e+00 6.818697056511445531e+00 5.718213928798034473e+00 5.751969832027573837e+00 7.083619541587480306e+00 9.330052329425159385e+00 8.337072087370989593e+00 6.592164078200282162e+00 6.420985013061476288e+00 8.756326531240951283e+00 1.000619677672491648e+01 6.809717548414590205e+00 9.770352431376132074e+00 8.970365154484280623e+00 7.641395933468985824e+00 7.459472396810883588e+00 6.911395808420314424e+00 9.507407669024058094e+00 6.609567749069231724e+00 9.563820082257139532e+00 9.418141274225227733e+00 7.453452886825300716e+00 8.657737169701032798e+00 8.764844200550712117e+00 8.748422694301744684e+00 8.032707007789337439e+00 6.420431862500123543e+00 6.491767684074682521e+00 6.945395784505793202e+00 5.638138332694364152e+00 6.778357881533837670e+00 6.602165468086952593e+00 5.660835795952083416e+00 6.876789673368086220e+00 7.148824109233101076e+00 5.548839296661260079e+00 5.694153232944978882e+00 5.285560706379888174e+00 5.075478558705003529e+00 4.802794859927987936e+00 5.835696539160617924e+00 5.781105923032053617e+00 4.789670339223148332e+00 5.841034923226820830e+00 4.975709865760473249e+00 3.737219995813038320e+00 5.641826121403219929e+00 3.601702764595894557e+00 4.641137227514912311e+00 3.710583335041232722e+00 4.221197816094579558e+00 4.416626163924398440e+00 4.089004267816362947e+00 3.810732570898828442e+00 4.021045023616889758e+00 2.927096419853495668e+00 4.030059226623852631e+00 2.981328292956782811e+00 2.263439950379324550e+00 2.631599244360981249e+00 2.399155300135456859e+00 2.044356149670542688e+00 2.686676778108334052e+00 2.657416196801120289e+00 2.706866755121724033e+00 2.191547104318822825e+00 2.373842987632517776e+00 2.337535786780951419e+00 2.130509309325586909e+00 1.879824470141226334e+00 1.799373624018524298e+00 1.834896398783677718e+00 1.509089352591966859e+00 1.681919858451922822e+00 1.631100049269164964e+00 1.065445344773910952e+00 1.538601935247643437e+00 1.069492377589026821e+00 1.067273523170733540e+00 1.464704470459632368e+00
1.512190018344105713e+00 1.032023716407367120e+00 1.244791699755004144e+00 1.399746539886182584e+00 1.309337480074554083e+00 1.650710089385346802e+00 1.705337284949361099e+00 1.402038151366357788e+00 2.311024378609612739e+00 2.372367896097210771e+00 1.707074981437114003e+00 2.251602566658763571e+00 2.660515257873801609e+00 2.083760320662441323e+00 2.035700327744847105e+00 3.329344422846980400e+00 2.420947849677492769e+00 3.638156537661124457e+00 3.266759036346882361e+00 4.276606986004426680e+00 3.918628753148080346e+00 3.339316319143862621e+00 4.891109450787316959e+00 5.314685641685522377e+00 5.070031012708061446e+00 3.548374086649029202e+00 3.972522272740008908e+00 4.242324944516389529e+00 6.084178237374402443e+00 4.989028732314157111e+00 6.528572653706808282e+00 6.772499857054953942e+00 6.899517315361785919e+00 5.913423228407537202e+00 5.202048966015302867e+00 7.372083696001706876e+00 6.479364924866428233e+00 7.982247214914695910e+00 8.497881220946702285e+00 8.176326699611909277e+00 5.651150085060898220e+00 5.721358874927134686e+00 7.249050397690150582e+00 6.787026145439927660e+00 6.351128808675452042e+00 9.193892693409880579e+00 6.142284230925636024e+00 7.712601939862688383e+00 7.332999647548585465e+00 7.562333521777105716e+00 8.866712351088748889e+00 7.446260725752272158e+00 1.002229428431818370e+01 8.499795757022171827e+00 1.009156000841544909e+01 9.885004620472409798e+00 6.580527025851617751e+00 7.062493896837145790e+00 7.932866714814133857e+00 9.602250033713781718e+00 9.475735674252211638e+00 8.893100294856374433e+00 6.605802892339283083e+00 8.531072036205772591e+00 8.779850682602766909e+00 7.950215700535585128e+00 7.024622454366563851e+00 6.783641070807887807e+00 7.037500485223944224e+00 7.307166023213039097e+00 5.780789843317204024e+00 7.379449470230237118e+00 5.928211149901613020e+00 7.437751855716304483e+00 7.209476526054435119e+00 5.480565522990725746e+00 5.945534254127179175e+00 6.863565989490584940e+00 5.226070511755007253e+00 6.236165310531782247e+00 6.330130021902264481e+00 6.383668835343818238e+00 3.974794777977786797e+00 5.003771034604234558e+00 6.026003110737410573e+00 4.791782183859695010e+00 5.602008948474335170e+00 3.481227835696290018e+00 3.899092241726141772e+00 3.820931392610403599e+00 4.390271334002372683e+00 3.171228858408970730e+00 4.562954594444237344e+00 2.980555849788827150e+00 2.779066359886244619e+00 3.333920691969134875e+00 3.538344695434276321e+00 3.314955237354586970e+00 3.560669975375481133e+00 2.630260437230899750e+00 2.160884182482162963e+00 2.657114117797789277e+00 3.134648681844392826e+00 2.609730292026060550e+00 1.805784334300124749e+00 1.808177807865440911e+00 2.301976426706038303e+00 2.485425448587620156e+00 2.125987235173615097e+00 2.051856749481821840e+00 1.326649661972436167e+00 1.792021369960552279e+00 1.410380120302967555e+00 1.244219712128918021e+00 1.544777099917784113e+00 1.199017372651791202e+00 1.389593197808508318e+00 1.150930801365357636e+00 1.302276376351592324e+00 1.309074618628395026e+00
1.091788502205200739e+00 1.406363880701532398e+00 1.505451189375034193e+00 1.545373523670315663e+00 1.186276677891756837e+00 1.358793580895671260e+00 1.598356785095189636e+00 1.978070557158273512e+00 1.663555359900919628e+00 1.503048494282726910e+00 2.058680033207106685e+00 2.785434546301400083e+00 2.833892669027127997e+00 2.523803015757119628e+00 3.236175687283068925e+00 2.561702363504678281e+00 3.173684382951282412e+00 3.502486553064732000e+00 3.612183362231556227e+00 3.391646539361895307e+00 4.462273611664468120e+00 4.705945349674624190e+00 3.103208509144553151e+00 4.471802240153227359e+00 3.742167903856358890e+00 4.783520998093248267e+00 5.735999065848857548e+00 3.812186089814231238e+00 6.344917413748349944e+00 5.177438985298777219e+00 5.369625445284960996e+00 5.798795011391295162e+00 5.360412850199302248e+00 7.512247263238821304e+00 4.941640865845862152e+00 5.251478339455061040e+00 5.695141213875624331e+00 5.365406015146908736e+00 7.620903547174373571e+00 8.429291342326420633e+00 8.618637657965781074e+00 7.342134866800324566e+00 7.331697476811220859e+00 7.750552849167348768e+00 6.257451866196516832e+00 8.418974539244326039e+00 9.450194704033988202e+00 8.154329727411708362e+00 8.595451104983872881e+00 9.322437202186472760e+00 7.153402905307455484e+00 7.482747870337135510e+00 8.157651626523787058e+00 9.588023427829666545e+00 7.647237962682932100e+00 8.936095499884597615e+00 6.039189217459671966e+00 7.271966425538123779e+00 9.428954572975044357e+00 9.254304376435975144e+00 7.700468330287755236e+00 8.987572911217020177e+00 7.988732423422027829e+00 7.497906824004697768e+00 8.431327219612994028e+00 8.273766843210990984e+00 7.899414680103695297e+00 9.057351089597506899e+00 6.483495583084516234e+00 8.340999593093224362e+00 5.714492243646788872e+00 5.412748353526973588e+00 6.813572287680759842e+00 7.439254112052277712e+00 6.681623305248837852e+00 6.448945320918854307e+00 5.441764333627034489e+00 6.496213599157296237e+00 5.626483501175150614e+00 4.370500003466923467e+00 5.338267416158752887e+00 6.463577779792439415e+00 5.827594456662075650e+00 6.098639264672044646e+00 4.891644921334925122e+00 4.136670703504087498e+00 5.152199475228612435e+00 5.146788544286803990e+00 4.151494089185042036e+00 4.559284373259114176e+00 4.898836550244957344e+00 3.860711048888792352e+00 4.287228855080691403e+00 3.716882032411831016e+00 4.304030102732028240e+00 3.263231508170764794e+00 3.477888222148666220e+00 3.158555302113336349e+00 3.680657070561303534e+00 3.094622823230254394e+00 3.373731709051264627e+00 2.398235702249831736e+00 3.235944508038383294e+00 2.331242444427001015e+00 2.241187432956132319e+00 1.993455704495799008e+00 2.310146988609766971e+00 2.465584931617642805e+00 2.305342338410604430e+00 2.308477097678774292e+00 1.461507715074835678e+00 1.812199222186287706e+00 1.320212035136423490e+00 1.441753050221529664e+00 1.131989236301391033e+00 1.190487503307384509e+00 1.604293139824571668e+00 1.574866340593991332e+00 1.575521752044838353e+00 1.418374516833256216e+00
1.635329114543121909e+00 1.212435017194610998e+00 1.473571594949158126e+00 1.121202148183560787e+00 1.888694555389180740e+00 1.370695944045224879e+00 1.399786432083605314e+00 1.962257091652894525e+00 2.102245819067670496e+00 2.441234187798261512e+00 2.345103133719809829e+00 2.323534752334750930e+00 2.704350814208926757e+00 2.101968887197748437e+00 2.393604454146580629e+00 2.692190403678810018e+00 3.010335273451330895e+00 2.441117633657911679e+00 3.620535100070645385e+00 4.233073160069185548e+00 3.116462214079234627e+00 4.800840876052112627e+00 4.860784425322218105e+00 4.302356264784970463e+00 4.104092570000526408e+00 4.023658124082926335e+00 4.188891484428331147e+00 4.657880791765374617e+00 5.155171635530857444e+00 6.339331882219465086e+00 5.485129597453295425e+00 4.737894760702002550e+00 7.362417297238106784e+00 5.261255570813698768e+00 6.310348220826971222e+00 5.185584578171379633e+00 8.169431294269582366e+00 6.907511285473269425e+00 6.688596756334289850e+00 7.793721961125422482e+00 8.866142575311133811e+00 6.115761591627316029e+00 6.748946181501843888e+00 6.958892197305508454e+00 6.693529835552813445e+00 8.985709201043984962e+00 8.751252855377950723e+00 6.347251052947918026e+00 6.939713578020118234e+00 8.596139315389695668e+00 8.707051087426242120e+00 8.054595566262479522e+00 8.915594892637763280e+00 8.756525789937157356e+00 8.965849089944800454e+00 8.345262565493893447e+00 6.083126577956411651e+00 6.332229169562324955e+00 9.435419119816977229e+00 8.795465040266071455e+00 5.933286943939491742e+00 8.717130296453271754e+00 7.454246586033547395e+00 7.214442788837196474e+00 6.000482574774910205e+00 9.266318076105678259e+00 9.054038834923739287e+00 6.846434282809900296e+00 6.405109176113954028e+00 7.605266708131193099e+00 5.497584949563045775e+00 7.288732915930174805e+00 7.326387179759858093e+00 7.007125387161518226e+00 7.830319560808880475e+00 7.538243044616609545e+00 7.135170931829654783e+00 5.998224656823030188e+00 5.512954993235996248e+00 7.054975355612841170e+00 6.389074221164225520e+00 5.974583542379740209e+00 5.621879150978078776e+00 4.067562020186679561e+00 4.427273248390291016e+00 5.520451580858272145e+00 5.243014343118448828e+00 5.213239919034394987e+00 4.279684980448467790e+00 4.264064383619439624e+00 4.640930159276042133e+00 3.470600305283206843e+00 3.481451236858423393e+00 3.125801008570272099e+00 4.244207510783103210e+00 4.236149407526141886e+00 2.514525992954910194e+00 3.894782952257432651e+00 2.389164664688626871e+00 3.035604889923371186e+00 3.178926550102668891e+00 2.489047252678433964e+00 3.179495487421981181e+00 2.147653194382405761e+00 2.339757226310265281e+00 2.533784548661213165e+00 2.088939183372130692e+00 1.795940856139611075e+00 2.174799324978958115e+00 1.679329355940160085e+00 1.550523462468000879e+00 1.829085411062958411e+00 1.859356690191974693e+00 1.938494083222790376e+00 1.706100008814401825e+00 1.401142126350778616e+00 1.326103974537604202e+00 1.003516858701827941e+00 1.225580882500952207e+00 1.455634137297801667e+00
1.430968961116042770e+00 1.262302544042313457e+00 1.327720966420258275e+00 1.742921838609738261e+00 1.173444975308361338e+00 1.978463596303717598e+00 1.347610832000579517e+00 1.497826661859182895e+00 1.806587873344954076e+00 1.557433427574631768e+00 2.137390652791288925e+00 2.541557505835533082e+00 2.682660768314213406e+00 2.471232954309903640e+00 2.586904522703352249e+00 2.235062876490132577e+00 2.470249617480824167e+00 3.867666124251463167e+00 2.791145873291463797e+00 3.301323297058127437e+00 3.897962154845157734e+00 4.603085757750854157e+00 4.087245555606685343e+00 3.476370465932570486e+00 4.874676993608137998e+00 4.291720456683074225e+00 5.277161637197963273e+00 5.009214085160196284e+00 4.960514470186123681e+00 5.080475553738330596e+00 6.646486956128267565e+00 6.205294152450580469e+00 5.067897398138514475e+00 7.278533229418870043e+00 5.648194657323597490e+00 6.058752361520206797e+00 6.993338725496181851e+00 8.181433708055131149e+00 6.112918501146858752e+00 7.692421073308183033e+00 5.861108351820615070e+00 6.681794484489393504e+00 8.227228186389410780e+00 6.856071600248312414e+00 7.827297118939704035e+00 8.925107118428964981e+00 6.092275594783337134e+00 6.164332095512554233e+00 9.300351713116274510e+00 9.545145191584181177e+00 9.099511945647298816e+00 9.873576955182661763e+00 9.201681113743044094e+00 9.179758982945276813e+00 8.846259350212680062e+00 8.351991492329339906e+00 1.001261065159178365e+01 6.178302771702833596e+00 6.285021058016714512e+00 8.920400495351055170e+00 9.626365759284864154e+00 7.386215568896099981e+00 9.028691417362237459e+00 6.332890322795003968e+00 7.058430969576321878e+00 6.302991012095595202e+00 7.660783876732685904e+00 8.812747360116846451e+00 5.739485091988783871e+00 6.616588995228901204e+00 8.143663828935943982e+00 6.177333133467005410e+00 8.156506325528223300e+00 6.441931474459407170e+00 6.863962438865636173e+00 7.033856899575588351e+00 5.685764217199674064e+00 6.127817572353345454e+00 7.339576898578100916e+00 6.931607535737869696e+00 6.931748644995139763e+00 4.860944007105413966e+00 5.915446938255029430e+00 5.555623920757858158e+00 5.479883295650654240e+00 4.502924770792276377e+00 4.108385187615191114e+00 5.778141049024672959e+00 3.850633164131430863e+00 4.358139881041486419e+00 4.585612574658642693e+00 4.275789475801471617e+00 3.563363935640426750e+00 4.049026267501055543e+00 4.489850138219054543e+00 2.853034018023631102e+00 3.147994220117729558e+00 2.713225143871788703e+00 2.462242274602970848e+00 3.629607087934930920e+00 3.285172299067135260e+00 2.130478650732154033e+00 2.520245108044228299e+00 1.914942371683052702e+00 2.022347356039128297e+00 2.726050101947834037e+00 2.676164569658937786e+00 2.551277910473578103e+00 2.411967783972237989e+00 1.462411921690604855e+00 1.922734518062806153e+00 1.348839533469044838e+00 1.500955514111122158e+00 1.490612747109743008e+00 1.414550461558553573e+00 1.428356172554082981e+00 1.330942325974902918e+00 1.236339859364075089e+00 1.388569701527980538e+00 1.105222178298324476e+00
1.526292702564558068e+00 1.241159503178016266e+00 1.139779845887944232e+00 1.315444353894494434e+00 1.511598895701167233e+00 1.842495327497815749e+00 1.575212726449793710e+00 1.777976498644273207e+00 1.971710994545353701e+00 1.812355131317568091e+00 2.335048776995828579e+00 2.757442518628855588e+00 2.386160801570288648e+00 1.977390515417997374e+00 2.623352774444172031e+00 3.203321297134976042e+00 3.409822888400640295e+00 3.258883320541352102e+00 2.674860767746917833e+00 3.389097384347904196e+00 2.804247927932506101e+00 3.780798659991390753e+00 4.246645316909633650e+00 3.521837638959488093e+00 4.255727449862543921e+00 5.043287980767326317e+00 4.207659499245539614e+00 5.136451127936649819e+00 4.877611962748177099e+00 6.627721323259159192e+00 4.626091337317078001e+00 5.020634732975807424e+00 7.116411661528826649e+00 5.687716630657691397e+00 7.185766396486040541e+00 5.307853957029141867e+00 5.628800218073600092e+00 5.757702213258899526e+00 7.228709924817172450e+00 5.714972682773573176e+00 7.950292582894292082e+00 7.457896801728010949e+00 6.697099923200018345e+00 7.868679197873603925e+00 8.640652961002649235e+00 7.099844771747203964e+00 6.674118951792701537e+00 8.043964928299397243e+00 8.565167777359151913e+00 8.016289229415246353e+00 9.315582362794078364e+00 7.925596906564620348e+00 7.193195315612385343e+00 9.693085406040697904e+00 7.691838986891099239e+00 8.659623593669136810e+00 7.174272162439417677e+00 8.696995994281401465e+00 6.337799443200895944e+00 6.007231864994676762e+00 7.242789018959199687e+00 7.654750109827098470e+00 7.582973676233666360e+00 6.243103499248554122e+00 7.869300541559350215e+00 8.669659943954860282e+00 7.101858481833890124e+00 8.708727259060777826e+00 6.768083172593327035e+00 6.043001334332932295e+00 5.968755927871505662e+00 6.926082513504373317e+00 5.768784164575720297e+00 7.720426276200754501e+00 6.130644186900948256e+00 7.492772948551687406e+00 5.012688316981339653e+00 5.322210639324941539e+00 6.293135894188729651e+00 6.718502358663698715e+00 4.294491014942733109e+00 6.609669373502618406e+00 5.719102777797164805e+00 4.650885310704031994e+00 3.971742092813096647e+00 5.060947240726489937e+00 4.660517532705692467e+00 4.860612817510429728e+00 3.827496595083776043e+00 3.938444570652642529e+00 5.018766297023261380e+00 5.060452104395538164e+00 4.256853929116266144e+00 4.220337941574361373e+00 4.134004481270397768e+00 4.024252249813336846e+00 3.872189277138637031e+00 2.867024501055741581e+00 3.169867784291841240e+00 3.766218876338742749e+00 2.708134335091560096e+00 2.272104379160492016e+00 3.317410149002016251e+00 2.309986826192733655e+00 2.857081000001782556e+00 2.329846193400638033e+00 2.012435312513972896e+00 2.076780718753854504e+00 1.544988317148107138e+00 1.868970309905739313e+00 2.278341806895596733e+00 1.620876235906605789e+00 1.649210067169895932e+00 1.469296040955686111e+00 1.879129712926433937e+00 1.355418354595119723e+00 1.635145693075423345e+00 1.438880509127553164e+00 1.158104936318815836e+00 1.091395407051270805e+00
1.368930355493111595e+00 1.524043229151431200e+00 1.757882475040341008e+00 1.771470899353339901e+00 1.910125131191351855e+00 1.846037326794501165e+00 1.966611430107348291e+00 1.611257263374213711e+00 2.123600943804248242e+00 1.662369805683892254e+00 2.547774735734894769e+00 1.682159944140421137e+00 2.884118548146887839e+00 2.084239506630006566e+00 3.273937149942972802e+00 2.768757624364190484e+00 2.576552980183813624e+00 3.375306900951449585e+00 2.977877894961809879e+00 3.359420486462671107e+00 4.360259286460093975e+00 3.236068376136786551e+00 3.645652857488875132e+00 4.493811442431624670e+00 3.740821992495013681e+00 4.144916690464667042e+00 3.609701460720233346e+00 4.683672580498781102e+00 5.661269315375280442e+00 6.565730549527429183e+00 5.922237095137080409e+00 5.868961239326050183e+00 4.479567230898991781e+00 4.919765735686090657e+00 5.911218254109911641e+00 5.065479721868709539e+00 6.442933858082312781e+00 6.918123289637789775e+00 5.429251996515296774e+00 6.884684493746496159e+00 8.199938648909242289e+00 8.287124946707873363e+00 7.948931940181259925e+00 7.194120601992233688e+00 7.416857431773880016e+00 7.542580624117933397e+00 8.585927280765579539e+00 6.094371497652557146e+00 8.500368172766012975e+00 9.290044502552314398e+00 7.997287616329765925e+00 7.348666436475828512e+00 7.625377304778921506e+00 9.530616565942189311e+00 7.285517273894923207e+00 9.708422504455421986e+00 7.606218893550805937e+00 7.747554786628153778e+00 8.729776826684874536e+00 9.087563982705949783e+00 6.758598543475173415e+00 5.850893432099888436e+00 6.393079834854150434e+00 9.174803843626074595e+00 7.421453511230216904e+00 6.536458053598574125e+00 8.178323970222734829e+00 7.551098261436912651e+00 6.468325105593637048e+00 6.573337229593000153e+00 6.734157235584143919e+00 6.837252911852885084e+00 6.204209986877830652e+00 5.830185660291955507e+00 7.639602815616982845e+00 7.767364200814135700e+00 5.628003417876890957e+00 6.573600534928512040e+00 5.256084962115747494e+00 5.446490458215362374e+00 7.047640300219405241e+00 6.301491418679558087e+00 4.680025983233584874e+00 6.546463931718406570e+00 4.070096519834589088e+00 5.669920795679927572e+00 4.354093418178727859e+00 3.763832798153290415e+00 4.464015537885675400e+00 4.948293746873455135e+00 5.292900735296783843e+00 4.495156635248246602e+00 3.937595992868806682e+00 3.783341095157919387e+00 4.271818128217256039e+00 4.073739660650680605e+00 3.781456506008493257e+00 3.279297394604288929e+00 2.871026689966863721e+00 2.663392219479585155e+00 2.530693493470746791e+00 2.363961312713636964e+00 3.220382311436458256e+00 2.982242821167405467e+00 3.068075777596705578e+00 2.840483981205957242e+00 2.281025416688755136e+00 1.634974188637750681e+00 1.784773769209513583e+00 1.555998638998556283e+00 2.261249805094061927e+00 1.887258171280344232e+00 1.917376676385616596e+00 1.232475218038738829e+00 1.396993752857194071e+00 1.579613328766828806e+00 1.315279005676645907e+00 1.281549820765092385e+00 1.148245860651305961e+00 1.377538077289031770e+00
1.612283332701798910e+00 1.123983806070737890e+00 1.174112077670227405e+00 1.743368592891006763e+00 1.245477924617485854e+00 1.303213326669565575e+00 2.071734939101046891e+00 1.845421141471040638e+00 2.168722432408074052e+00 1.501566901765118534e+00 2.606446325615999093e+00 2.457994010123166095e+00 2.530352809297154337e+00 2.864236754457794021e+00 2.101063483751728356e+00 2.675667074289667990e+00 3.430197079095013368e+00 2.469460775153559773e+00 3.593463539707869359e+00 3.782121695143730644e+00 3.870295473947983123e+00 4.273824830067479041e+00 3.807538132578297763e+00 4.928789812780354218e+00 4.121407440469053718e+00 5.305408494496361094e+00 4.136983393774910311e+00 5.552267988170336288e+00 4.633276028338363162e+00 4.211109770641173533e+00 5.019897153068744622e+00 4.494041296853842127e+00 5.483913853624327928e+00 5.478670708265057421e+00 6.525072398644629068e+00 7.523239313029536746e+00 7.691807630354447589e+00 7.608392070382781647e+00 8.016695596456939299e+00 6.009981227666722603e+00 6.768558686916215095e+00 6.863289612152307484e+00 7.470238319834137997e+00 8.445866414622789975e+00 5.704051223435619988e+00 9.198052888232160385e+00 6.644749553517835139e+00 6.954056367562305496e+00 6.079525959241165012e+00 7.708662651880235472e+00 9.661907255424567964e+00 7.143717757512377808e+00 9.516673830209938956e+00 8.604785316940162687e+00 6.036116368715428671e+00 8.243075561660534234e+00 8.276400671915268958e+00 8.895446424788705286e+00 8.707435699809069618e+00 9.710052235585465041e+00 8.301632789357642039e+00 7.370031357139504635e+00 6.526261151642163583e+00 7.674725491790511001e+00 5.990946363218977666e+00 6.849371115875879212e+00 9.057541256430761578e+00 7.341499434197592322e+00 6.226439962340749368e+00 7.352741269009737124e+00 5.557451686139589953e+00 7.137094187303905990e+00 6.722998674965984023e+00 5.042416697792044822e+00 5.144919982863027208e+00 7.349389428789618428e+00 7.541049907013277043e+00 5.507442735733319772e+00 6.197714270962682015e+00 4.835613658760900435e+00 6.535301622621783046e+00 6.778034399395726162e+00 5.726282959313777177e+00 4.849060038817614604e+00 4.767995365982880429e+00 4.209604588056360619e+00 5.427120498956875316e+00 4.990723771499175676e+00 5.582809039238561866e+00 5.028526169170524973e+00 5.056933473939916546e+00 3.199754353491889969e+00 4.690064960428120600e+00 3.495259200652633069e+00 4.239536663682417661e+00 2.939524431187938713e+00 2.683586025684636667e+00 3.693258499574729736e+00 2.647990206275076197e+00 3.409808312126729746e+00 3.365736735737163254e+00 3.070258984522789447e+00 2.657900452356840582e+00 2.374286291472692323e+00 2.834276156309261552e+00 2.060082711736887617e+00 2.585633614349079679e+00 1.775323534022221983e+00 1.990687927577938998e+00 1.911102437252849340e+00 1.924099639303456399e+00 1.406003713680084477e+00 1.865260557469057723e+00 1.770476277102600582e+00 1.872131246007206373e+00 1.136835021858059180e+00 1.587694051127358064e+00 1.414393873352651765e+00 1.255974233103483328e+00 1.125196833463575574e+00
1.501598157584224991e+00 1.068446969166197968e+00 1.812526677752839266e+00 1.838786152521703077e+00 1.283598010549643176e+00 1.852764502850552164e+00 2.112048780071627441e+00 1.622955047592804956e+00 2.303450349946623898e+00 2.267720269820493240e+00 2.112733666814346822e+00 1.945111405509528213e+00 2.541614217774653017e+00 2.138849554655263052e+00 3.247814628539709592e+00 2.749074209227655441e+00 3.224821315934485177e+00 3.148051244024658413e+00 2.456780336805986398e+00 3.942778987812507907e+00 4.354874931891828282e+00 3.011248572335089246e+00 4.535255127798634156e+00 3.742264341251627879e+00 3.605044435661543201e+00 3.903773737544584232e+00 3.695133836956868922e+00 6.050035361427055669e+00 4.024567850462734242e+00 4.819692726505346414e+00 5.269517213568255976e+00 5.739982241198288371e+00 5.692659161180961824e+00 5.519651837087398150e+00 7.137793541218950821e+00 7.719829389114629237e+00 7.114252575900247955e+00 4.972879405264662545e+00 6.809593263756905657e+00 5.398280851958765503e+00 5.653832956276373167e+00 5.994953006182952571e+00 8.480372629418676311e+00 9.091429588004768192e+00 8.456002005124670262e+00 8.902073077152834912e+00 6.842344882638387915e+00 7.518359106298993844e+00 6.380493623808709103e+00 9.466058797304594208e+00 7.485093702263259097e+00 9.508475245090535211e+00 9.116994621018344347e+00 8.509605879275984108e+00 7.526360183475328647e+00 7.022572940132142172e+00 6.870172335319140622e+00 9.859594615926400962e+00 7.029647446396396049e+00 7.207352517391566238e+00 7.160460826051062710e+00 5.925127594368658102e+00 7.212355095858483445e+00 5.923501525865642492e+00 6.012142057591189470e+00 8.488079683090461458e+00 9.114338378442592870e+00 7.785232174999051402e+00 6.178489838641501031e+00 8.296731739804236838e+00 8.041568457685542626e+00 5.692028177357254748e+00 8.132901155797128467e+00 6.309430506597811572e+00 6.998208805941255939e+00 5.987933105867542238e+00 7.070641006139216422e+00 4.923216779067775661e+00 7.346983031794861674e+00 4.957989360892304909e+00 5.396026753312746393e+00 4.229200276024460692e+00 6.266048873130781516e+00 4.104630244346051171e+00 5.854935371874933736e+00 4.583869219647602300e+00 5.234488707951553188e+00 3.986018413231679158e+00 5.725656215258033477e+00 3.799326283043690022e+00 3.936979500070990845e+00 4.404187221419251230e+00 4.037879735079621391e+00 2.983277981526709421e+00 3.713187020447189735e+00 4.093658749268009878e+00 4.304069405102572965e+00 2.746552313716370097e+00 3.069709338323117986e+00 3.300608589668121429e+00 3.308952649016582370e+00 2.823706242771642394e+00 2.739685159482850185e+00 2.667169539645424692e+00 3.057948695411016882e+00 2.120208561817017667e+00 2.590443025150559020e+00 1.980015206182465404e+00 1.975939306789087135e+00 2.159874175492290327e+00 1.836256312765639276e+00 2.293845592632568042e+00 1.823472769743729627e+00 1.389200877091270492e+00 1.806448897627265904e+00 1.386695899176783708e+00 1.531556743302617374e+00 1.692169737350738279e+00 1.355180814463528227e+00 1.590922013606457242e+00
1.319875938892672851e+00 1.310650089141224939e+00 1.792339645865252962e+00 1.650063403368387416e+00 1.488278096054571176e+00 1.274024118289048824e+00 2.032327535693863041e+00 1.853359873213173747e+00 1.573724874206258395e+00 2.099816648683181963e+00 1.895575505345091782e+00 2.662580891347184675e+00 2.017876017641730080e+00 2.470774285788364555e+00 2.910029148654310838e+00 2.352060875167389931e+00 2.296303146737504797e+00 2.464066701672102955e+00 3.709293080063822412e+00 3.409965397998414804e+00 3.142527727965211071e+00 3.488637817765873006e+00 4.795482701328122488e+00 3.411011475010617300e+00 5.241354448343924055e+00 3.509129946077230056e+00 5.313833164542700160e+00 5.823601792332055993e+00 6.238278734815086324e+00 5.276414076105414352e+00 4.771457023331912239e+00 6.554682897283628407e+00 5.016425415044558633e+00 5.779883865312362090e+00 7.353624307151481077e+00 7.531808229063138960e+00 5.657759797080812447e+00 7.242122770877725380e+00 7.829482728053305252e+00 8.247741038633067845e+00 8.508764435750672206e+00 7.591171959068542030e+00 7.420472393067666594e+00 6.008450951798137929e+00 8.287607116806009699e+00 8.972776867671665713e+00 9.001644401529402373e+00 8.781329611325586981e+00 9.219300717050323613e+00 9.528262416761764442e+00 6.390908169143357576e+00 8.036064511741809469e+00 6.608072952439473902e+00 7.372610936725330966e+00 6.725436770767422523e+00 8.844835475168709493e+00 6.544800888683009354e+00 7.296334160200792063e+00 9.815924766716817018e+00 7.078149696681692582e+00 8.618637191276528497e+00 7.253176119007654243e+00 7.123119291382701057e+00 7.404477815733415014e+00 6.271093098194405968e+00 8.678458378403561824e+00 8.859931692359310773e+00 6.673925028317675867e+00 8.304367395636329974e+00 8.912499509194741876e+00 8.677465511515931595e+00 7.205075685380955441e+00 7.636926850215399298e+00 7.443549189781943909e+00 7.243282065151294802e+00 6.460520029777255147e+00 4.963794302109865164e+00 6.769910657078087368e+00 6.424538932679991099e+00 4.536444679239099997e+00 6.940965923453392250e+00 6.865987488947640216e+00 6.561426033970265692e+00 6.323547882449814139e+00 5.908707352274650049e+00 4.428541377250814648e+00 4.239770321009204146e+00 3.921010714077517001e+00 3.611237996661316174e+00 4.799757570783858895e+00 3.812232037787512073e+00 4.197984546512549819e+00 3.297469737446942606e+00 4.861279285885242274e+00 2.925370377091028651e+00 2.886533022367909762e+00 3.591428833547432475e+00 3.407505307826123708e+00 3.550965182612764170e+00 2.783531316916486364e+00 2.853972780873226256e+00 2.859451160381404566e+00 3.102094860775448826e+00 2.735149874063852682e+00 2.652375471874372614e+00 2.193487553201562967e+00 2.126741021400384568e+00 2.587211635266742249e+00 2.630321905108990777e+00 2.535858368251878936e+00 1.996195332422603386e+00 1.839161130137291211e+00 1.898757557496131732e+00 1.802855898088900233e+00 1.852206776405558308e+00 1.685690018095285181e+00 1.546997780562106684e+00 1.687783756240070598e+00 1.272914668961494522e+00 1.499709980500080420e+00
1.147620191639712628e+00 1.136931859622590801e+00 1.151729128144287628e+00 1.553764075531257172e+00 1.400259229047504661e+00 1.852417856616745739e+00 2.124820865688481941e+00 1.604184606068639107e+00 2.243532525530054667e+00 2.318784464882276630e+00 1.814866649236870355e+00 2.699622451852412119e+00 1.755955459936916929e+00 2.570866197655792273e+00 2.833246131089547593e+00 2.555760271916328819e+00 2.856536005829129365e+00 2.460501330911797346e+00 3.857111409044087225e+00 3.661217902423197668e+00 2.742523278828060462e+00 3.362408014336657480e+00 3.235131646420903007e+00 4.595082495937544032e+00 3.215336575914820472e+00 4.189926734873414382e+00 5.665023350929040191e+00 5.011722126764434293e+00 4.373760592071569420e+00 4.286486748294970894e+00 4.105794910712731394e+00 6.200583357033148779e+00 6.240672892978497366e+00 7.268935728490474091e+00 5.448238729133431768e+00 6.533441260474955214e+00 6.276453108721175234e+00 5.698852684510804067e+00 6.591034275392879671e+00 5.160221989844530732e+00 6.990217206899036917e+00 7.756720919955560234e+00 8.787407452685759068e+00 6.493625176298778889e+00 6.227586137235654462e+00 9.246795735652534987e+00 6.755746239620289195e+00 7.263386519296502364e+00 9.528969325679616631e+00 8.140654046210343608e+00 6.129534589052919813e+00 6.172041040414829816e+00 8.382722655978897208e+00 7.705902339034050641e+00 8.750625622719958585e+00 9.424815817586884137e+00 9.337842773052333456e+00 8.311838067452384848e+00 9.767683722544319380e+00 8.063205151800193704e+00 6.540782196365250378e+00 7.335873102446881511e+00 9.629523893683169078e+00 9.378952264028953323e+00 9.130287622203065112e+00 5.953130399987933252e+00 5.651443147204528117e+00 7.919369407009636319e+00 6.109880288434651696e+00 8.782287928680529987e+00 8.707424254027303689e+00 6.921447293992859962e+00 5.664791203501176931e+00 5.298955562264059616e+00 5.973623406031458138e+00 7.347503122638453732e+00 6.319828547438236299e+00 7.085735498764066165e+00 6.181326390157129147e+00 7.116148868683229267e+00 5.972421027351019873e+00 6.112620905916744007e+00 5.803129586747472146e+00 6.411332802274944953e+00 4.269126634411869681e+00 5.067641931222614637e+00 4.627933016947800127e+00 4.326505556845000378e+00 3.637867981449643739e+00 3.421826708269176454e+00 4.371916567147232868e+00 3.629718065737336907e+00 3.950333342358538946e+00 3.526167195152007050e+00 3.978189572855465261e+00 4.287813138845670835e+00 3.382423907358412141e+00 3.975161430223590475e+00 4.015385737602785277e+00 3.138738890690432548e+00 3.526010037646637674e+00 3.116298279429949858e+00 2.874562984099280349e+00 3.244432184323487345e+00 3.226802786695597280e+00 2.430693432263538956e+00 2.173858616423932855e+00 1.950911676624452529e+00 2.540171397882816873e+00 1.855588889943259323e+00 2.005681352450525257e+00 2.058829407601995953e+00 1.846614397696671350e+00 1.880336366214827359e+00 1.868073635776315911e+00 1.705893830752363449e+00 1.838423946887986160e+00 1.343131402952883358e+00 1.293045968307517946e+00 1.440354280438647550e+00
1.327094288673989597e+00 1.799239240137713081e+00 1.293129939600462075e+00 1.809844962944405111e+00 1.625333138193107985e+00 1.513882005931125097e+00 2.118032528137251180e+00 1.917264432717992406e+00 1.425204482788562599e+00 1.680682134329173127e+00 1.858483642533962144e+00 2.270595530195747447e+00 1.921435554234994569e+00 2.232831460332526330e+00 2.446036496232753876e+00 2.476152980376113977e+00 2.277151462289735750e+00 2.804283303234829106e+00 3.770359545892536968e+00 4.080208723131575788e+00 3.573932353942984363e+00 3.084836326120016459e+00 3.734656284326279163e+00 4.081869169109965334e+00 4.049083859585647538e+00 4.846566927096146671e+00 4.723670654754571707e+00 5.070722156812904835e+00 4.628028990784151198e+00 5.465558106682317785e+00 5.795208170945023163e+00 6.837404468897394949e+00 4.379467175441260629e+00 5.681238385322536999e+00 5.545700668186311688e+00 4.684930588467214108e+00 5.314163326347830285e+00 7.541583996953627356e+00 7.748462959872848721e+00 6.049208202203746332e+00 6.826477356911648364e+00 5.358019616764169157e+00 8.333293894303828608e+00 7.695661671311180285e+00 7.448442739553923886e+00 7.566181874039531685e+00 6.492882150409937658e+00 7.504909064563980436e+00 8.301387437141420023e+00 5.956711585384278251e+00 6.417950143378762462e+00 5.928466732929544847e+00 8.312200382498994955e+00 7.274097588074292631e+00 7.784783775152590124e+00 6.935234946420099966e+00 9.601612259459450627e+00 6.741664133976162709e+00 7.945510587399406077e+00 8.607178823983598903e+00 7.291005042883551113e+00 7.050901692036556589e+00 9.306109975001618295e+00 7.649329144271373337e+00 7.906995427389605702e+00 7.030689576292129317e+00 8.913853667959099170e+00 5.548939567049951727e+00 8.817053371633642556e+00 5.893992252805680288e+00 8.727940245015075149e+00 8.406932777644501087e+00 7.920090443272180813e+00 5.390855672958366540e+00 5.826119460415499773e+00 4.923094634387969570e+00 7.486251514161302190e+00 5.922943524913099722e+00 6.623276063966548222e+00 7.366799741093869258e+00 6.560119080853059614e+00 4.939387837474350285e+00 5.197594760489518961e+00 4.226657458693077629e+00 4.558753386923414475e+00 4.326573415864799266e+00 4.005569917173829708e+00 5.078748975959264556e+00 5.112123355709841555e+00 5.367451987117038747e+00 5.071497629054300127e+00 3.248489128472721088e+00 3.303252535473594875e+00 4.777481887476574762e+00 4.707709483343136547e+00 3.519056698819167384e+00 3.604624303872967506e+00 2.966595689352987009e+00 3.364896000302036949e+00 2.621682467645149561e+00 2.755490753147274763e+00 3.004772617700453452e+00 2.221710695129865076e+00 2.366134177135230221e+00 2.832214702650966309e+00 1.901211578464350849e+00 2.604461882622401969e+00 2.218396723611835597e+00 1.842530802935121725e+00 1.701166266206664224e+00 1.838918276336472202e+00 1.796659373148360439e+00 1.599379531491038620e+00 2.050473843965660237e+00 1.927933880376363707e+00 1.964309950018495288e+00 1.196695749164406797e+00 1.570809656913364494e+00 1.765803726401432572e+00 1.333338145042764378e+00
1.645929114726808917e+00 1.676065646682897370e+00 1.857637158486172835e+00 1.316975810535170766e+00 1.266327614869287466e+00 1.978080506545852879e+00 1.800678861499181105e+00 1.793890349890350455e+00 1.617502287194971577e+00 2.386634355192705836e+00 2.610158701723870767e+00 2.190146769260716830e+00 2.822841268838655271e+00 1.995080142584703564e+00 2.422038948378613554e+00 2.671984224901394533e+00 2.605434126079134494e+00 2.427559434206313149e+00 3.196282614303343372e+00 2.603290294198421506e+00 4.103564526676128921e+00 4.176495608914736479e+00 4.764540667493503356e+00 3.561839357245423443e+00 3.514348071390740458e+00 3.906501107341152856e+00 5.283138465030344122e+00 4.724801576399458192e+00 4.207886230366496783e+00 5.228352906719936577e+00 3.963572741715705838e+00 6.527381000626526486e+00 5.825585704214068627e+00 6.124711058743633529e+00 7.137706523447294060e+00 6.794331530798301877e+00 6.571598597009344012e+00 5.937011231749378837e+00 5.933961551372717302e+00 6.997499413293906123e+00 7.484783810134620019e+00 6.660582302771810959e+00 7.271261225780575543e+00 6.188822600588840928e+00 9.044320586344319679e+00 7.650478149213366663e+00 6.931715037687856906e+00 9.081148701167945703e+00 6.689719791715319275e+00 8.674907690025209561e+00 7.844218103742857551e+00 6.855441841081435506e+00 7.521229497387639462e+00 6.284067968662109038e+00 9.667579553013741389e+00 8.843038091784460875e+00 7.779866468840185512e+00 8.934868969609873091e+00 6.239636667145979310e+00 9.298852686644130117e+00 8.481999878640763768e+00 7.494891554765718666e+00 7.489429870200469352e+00 8.062056804502368834e+00 8.867431445388945122e+00 6.532543554478014158e+00 7.031516706181613507e+00 8.871644866617900860e+00 7.041450178676401883e+00 8.632195786269594606e+00 7.087101988760736049e+00 6.144621352507968481e+00 8.318412729570297870e+00 6.565923133463953398e+00 5.157141341459229089e+00 7.329158659772773809e+00 5.568139773730427677e+00 7.373699422231782208e+00 7.301739852053773738e+00 6.047201437740690189e+00 5.775545204008006195e+00 4.557131232835160972e+00 5.656328877528925325e+00 4.468883127463460170e+00 4.960254854023448345e+00 4.687657213128984424e+00 4.533889813534228708e+00 3.993681747432412443e+00 4.940928638042623611e+00 4.568853591301586192e+00 4.322522480445354809e+00 4.507131435480927095e+00 4.243377748841679953e+00 4.240465877229000036e+00 4.540866584552187390e+00 3.601039428671556131e+00 3.326975046824777404e+00 3.453805943209124152e+00 3.536101357349254570e+00 2.457902295002080351e+00 2.753209954010930272e+00 3.619870378602224825e+00 2.279866423383078988e+00 3.377795280490792251e+00 2.757275829359578712e+00 2.567622104757670609e+00 2.916377259662839894e+00 1.870607745178268777e+00 2.344627746201215057e+00 1.617371241297918871e+00 2.006937661591499555e+00 2.412927368176086329e+00 1.649512642562154019e+00 1.809029393708343036e+00 1.974651503140284037e+00 1.570694055152865420e+00 1.852745647447743282e+00 1.524492576489378859e+00 1.578662656820982502e+00 1.154667027001244906e+00
1.232626806319694568e+00 1.203770336266561269e+00 1.185353896003120244e+00 1.446790115525717901e+00 1.881102684870292530e+00 1.538576303472685813e+00 1.667449483953741485e+00 1.637519497647118794e+00 2.242621290684938096e+00 1.759068811849617830e+00 1.663412787621550093e+00 2.003392546113970774e+00 2.735173775432746091e+00 2.553347475615910689e+00 3.154954266605008328e+00 2.856532646018357102e+00 2.288534047570224050e+00 3.040960198242681045e+00 3.098223347407283779e+00 3.600795833683581026e+00 3.201195843868672952e+00 3.085801250255364891e+00 2.931264125971534629e+00 4.551259551165796502e+00 4.851848285903900937e+00 3.348197969327273871e+00 5.127615644165369524e+00 5.832099286673573246e+00 5.177789226379484688e+00 4.730437321503061732e+00 5.660995985886935422e+00 6.332709797731573609e+00 5.449551691284018951e+00 7.022230367365756010e+00 7.068235903765291539e+00 6.282236062854568814e+00 7.227171366938284436e+00 6.236556470111962014e+00 7.924925356214601813e+00 7.715632643555182746e+00 6.490031741526893327e+00 6.974631563891788844e+00 7.386881625599857060e+00 8.527291114160382435e+00 7.088882683163547860e+00 7.287870492156076629e+00 7.498872854580060476e+00 8.441996525730917966e+00 6.637232168192680248e+00 8.949503752977626903e+00 8.188209234303519324e+00 6.993342484925174851e+00 5.986228623810752936e+00 8.291754551693815145e+00 7.818849160671945242e+00 6.431005879451901386e+00 7.266519738198351064e+00 9.522990413836446066e+00 9.498839128982819346e+00 8.030138690943037005e+00 7.244952192779549272e+00 5.839237678724229497e+00 8.628188361890998692e+00 7.587910820470830764e+00 8.310663668691304906e+00 5.642045237204198926e+00 8.704134328948978094e+00 7.204208572039665803e+00 6.896347269422936854e+00 6.146491289714741235e+00 6.155347770187693968e+00 8.521276845684061740e+00 5.696894512886236939e+00 5.687914577149070894e+00 5.398858401193098011e+00 6.231527518163391122e+00 7.707546515227999606e+00 4.875777907388673782e+00 6.468462677027468466e+00 5.417378098635913908e+00 5.643222512803801827e+00 5.852942791140316459e+00 5.840106772031115945e+00 5.328207310934347518e+00 5.926780066448891660e+00 4.579236322024129890e+00 5.352141014444060652e+00 4.566182570465230128e+00 4.776432072012742225e+00 3.731418961866233452e+00 4.162231008370235408e+00 3.364977590398265939e+00 3.755626540407693614e+00 3.404222044367277267e+00 4.534864616887123390e+00 2.886632507040390205e+00 4.456057804937995748e+00 3.745174861961667379e+00 2.872669693030932780e+00 2.438384925461940966e+00 3.613276167599552391e+00 3.635020710268977329e+00 2.964505138557063990e+00 2.269445501844797874e+00 2.487054778206243988e+00 2.657190823155284320e+00 2.080572350815031335e+00 1.881663806074046708e+00 2.000577942217071303e+00 1.977918323703766079e+00 1.972298316636948767e+00 2.324694817968069316e+00 2.184837746200820607e+00 1.658081227340954866e+00 1.922623284299268764e+00 1.903176858442054087e+00 1.553473693792515098e+00 1.579616361457197637e+00 1.599923190006013574e+00 1.310368886186164872e+00
1.848969803996125316e+00 1.799683878322861919e+00 1.463722821296750576e+00 1.867969722092547080e+00 1.729283470889884988e+00 1.630466550540363047e+00 1.895550748223861826e+00 1.635106432077058747e+00 1.867143986033470870e+00 1.923141894547720332e+00 2.538273342105715535e+00 2.405713665467618334e+00 2.191067397732216815e+00 2.375597751470112762e+00 2.231095484297103582e+00 2.930543302205282252e+00 3.180914243005098285e+00 2.945636262069786238e+00 3.385351534631781956e+00 3.482003977794222216e+00 2.672880011573667947e+00 3.530889731780966212e+00 4.408225425714578094e+00 4.369503749950867544e+00 4.802821532251083880e+00 3.418158840112392571e+00 3.659698770007376645e+00 5.821426004733387671e+00 5.662653969008951904e+00 4.702964622673199813e+00 4.147213523090885978e+00 6.316837042435433425e+00 4.892565960260014890e+00 6.204187961007147756e+00 5.584829011926490949e+00 5.080987268520543942e+00 5.958024091104423547e+00 7.381501792100336523e+00 7.014812213087337156e+00 7.448357830133551793e+00 7.467047418106376178e+00 7.530470569275551362e+00 7.930224302389721203e+00 6.299700706669768557e+00 7.415496071852317961e+00 6.553205043010918551e+00 6.970489855935487533e+00 8.928352846567582546e+00 7.613714809603337130e+00 5.999067496501520935e+00 7.632804687688501843e+00 8.345052838041775445e+00 7.404796937203273366e+00 9.297661978871843758e+00 7.411509797482960238e+00 8.313821532707605044e+00 6.791414297593886928e+00 6.751814999717417720e+00 8.773357765044785594e+00 7.594167696665941492e+00 8.381723731425296364e+00 7.723927565239596227e+00 6.742141687320451382e+00 5.982402595426497882e+00 8.164559549102721192e+00 8.614966898173697984e+00 8.975931466386173341e+00 5.991405106780269385e+00 7.133770551995096021e+00 5.433732262031374383e+00 5.725519057671133893e+00 8.480083264956322253e+00 7.242466117131745484e+00 6.356417077960415440e+00 6.292912599538164287e+00 6.212259689806913343e+00 7.169695618451178198e+00 6.545562331650948806e+00 6.335593419415785910e+00 4.688944747960204218e+00 6.251322656227578989e+00 4.363564666438597861e+00 4.962256757486860792e+00 5.220774878840091837e+00 4.999216965500782095e+00 3.976303513147432689e+00 6.032259024086377153e+00 3.925097323512241054e+00 3.850326633039853785e+00 4.449020705768952588e+00 4.087493235276830283e+00 4.754790449700112553e+00 4.217986772762892578e+00 3.653668410264610422e+00 3.867901121420775468e+00 4.525327350091469469e+00 3.932337751875671028e+00 4.041940172520604335e+00 3.483331426599042047e+00 2.833307152584236377e+00 3.181383117157262408e+00 3.013817130108992437e+00 2.700623440201562087e+00 2.750359475456817471e+00 3.182578610206770797e+00 3.144385691039531583e+00 2.094568141471884637e+00 2.407193743982712686e+00 2.634887789709203343e+00 2.190110803654137683e+00 2.337941244030741661e+00 2.088608374540816826e+00 1.551398525271561857e+00 1.895825350045094115e+00 1.571331770577018450e+00 1.253852257567529049e+00 1.505488922183730427e+00 1.207662387263552795e+00 1.388233023995782744e+00 1.592452717944974117e+00
1.236610601142404287e+00 1.590528056387572331e+00 1.674973017156652144e+00 1.982985711600149248e+00 1.911397199045868023e+00 1.944353854685918925e+00 1.973110358738301207e+00 1.570128778881519471e+00 1.711627890310873257e+00 2.246145407202781996e+00 1.925165939704308382e+00 1.663227583325104009e+00 2.577145228807579791e+00 2.236573578634008186e+00 2.517537669039151105e+00 3.034237274339911750e+00 3.461351986205605691e+00 3.323610621976030632e+00 2.991408308255319781e+00 3.588006360107310222e+00 3.024858914541868060e+00 2.800463592253318090e+00 4.480088512609577300e+00 4.361497787406172222e+00 3.749495351233916640e+00 3.877340904096249652e+00 5.510368145969057885e+00 5.670804570443021220e+00 4.796105323410346344e+00 4.939061287232036968e+00 5.675030768010298488e+00 5.089312155723226816e+00 5.119197399563789830e+00 5.084931108394420640e+00 6.445120397295838188e+00 4.804640765255989265e+00 5.370033644429656583e+00 7.846391342377214251e+00 7.476109365824232356e+00 6.197443350059486100e+00 7.868852140064028333e+00 7.810439223142558340e+00 8.220396299865234013e+00 7.136690699358504197e+00 8.942689386860218193e+00 6.185127324371910262e+00 8.115553794335532700e+00 9.034959756109898876e+00 6.019877150296299106e+00 9.059913330169512946e+00 6.760102788542369900e+00 5.923485111945187676e+00 6.364236972823484884e+00 6.470771766418502935e+00 6.442451074503209085e+00 8.287075995712809728e+00 7.174762704525145196e+00 6.011638803004122344e+00 8.393250497774543462e+00 8.744074987797814558e+00 9.375986956529832383e+00 6.384787252234631616e+00 9.095447782327632069e+00 5.848735622055591499e+00 8.415500508899020460e+00 6.861143296283866988e+00 8.031591830255930375e+00 7.342608876991035594e+00 7.075031673555865375e+00 7.450866826753494543e+00 5.610319772941751992e+00 6.841067657977681904e+00 7.292967047032391292e+00 5.216173171859164626e+00 7.408076707501456859e+00 7.027340613419508664e+00 5.686175805805049777e+00 5.731297105218487786e+00 5.720403071265759642e+00 6.530975050257093351e+00 6.280955393600924808e+00 6.597725970251657301e+00 5.016232534094871909e+00 6.604975354902709483e+00 5.841675643840420484e+00 6.173997721703464059e+00 4.728421290922868891e+00 5.709814998802534625e+00 4.987772904033415777e+00 4.088403206446700189e+00 4.684019269667714980e+00 3.794121302669358986e+00 3.763234185122055653e+00 4.109865896319964129e+00 4.351981718172763358e+00 4.140697479793286284e+00 4.457631680975389088e+00 4.288168044311576388e+00 4.109457553185016820e+00 3.168954110592776541e+00 3.573290766776300753e+00 3.502213718902605688e+00 2.787243945774224407e+00 2.345822736201619296e+00 2.517467343703192473e+00 2.297161112385370796e+00 2.743654746264926558e+00 2.511488544108063881e+00 2.746081406169290862e+00 1.784166740623015279e+00 2.067891031002613289e+00 2.274698338559742794e+00 1.566629886315335840e+00 1.393398119942645508e+00 1.816278752426152554e+00 1.341917025458645663e+00 1.513920030853898924e+00 1.921131680837498745e+00 1.338550785971128976e+00 1.439967412964611837e+00
1.311243271548355516e+00 1.545177945201110514e+00 1.502517185450895409e+00 1.539729084851978680e+00 2.054420037420108258e+00 1.326445572641147708e+00 1.552083814892343705e+00 1.443154605417458658e+00 2.020332474941999745e+00 1.897976698034222531e+00 2.253695554790521971e+00 2.220251645224085468e+00 1.765196186030454140e+00 1.994732668050060775e+00 2.589425036343704800e+00 3.176721419164091564e+00 2.967858222927235445e+00 2.800589339377401732e+00 3.835455401506737250e+00 3.024241630487175758e+00 3.666756604106610418e+00 3.820861595348195916e+00 4.035508318733257660e+00 3.404160933173702386e+00 3.089342798762868547e+00 3.970244881811193949e+00 4.139022960074133728e+00 4.309714997445107443e+00 5.244471606757315385e+00 4.785133865501798311e+00 3.919470012144345539e+00 5.637012447869833132e+00 5.943006776738878116e+00 4.877219514937946698e+00 6.600585423646972316e+00 6.400688665972365854e+00 6.233300109067012151e+00 7.039422758198425889e+00 6.432950076811515316e+00 5.175692865473417115e+00 6.027759164387831881e+00 7.357248859092045734e+00 7.134955079776243103e+00 5.364542210803847411e+00 7.376549895445303484e+00 7.812003941324937806e+00 9.046246139024695765e+00 7.839316970297751652e+00 6.196659770976665094e+00 7.608292112223407955e+00 8.469964696693207173e+00 8.017966445530483099e+00 8.556646282371636048e+00 8.843761820130950468e+00 6.753027373826641977e+00 9.413655063425190761e+00 8.879177908244770379e+00 5.954892075265769691e+00 9.185860951021581400e+00 6.109416879131780220e+00 8.530394049274709900e+00 6.873731377525607478e+00 6.406440165301286349e+00 8.463525955291709479e+00 5.894049694093247638e+00 8.305957285743408747e+00 7.817449194504956900e+00 6.272857595186626334e+00 5.562150104990354116e+00 5.558199136516560834e+00 7.820533242867044876e+00 8.237560281357573899e+00 6.666327917583231510e+00 5.562214220476107585e+00 5.173447886386941086e+00 7.947211158177140078e+00 7.348499363332979151e+00 5.183285559583588942e+00 4.663066218936387841e+00 4.592974392385653637e+00 5.894390461755185662e+00 5.848989226405881148e+00 4.837089034715786440e+00 6.823615003903579890e+00 4.858173962007358959e+00 6.111864986270686195e+00 4.462351969378931749e+00 5.718091062793932089e+00 5.097227687268270024e+00 4.773188173088070307e+00 3.417315951996991785e+00 4.875926123283819358e+00 3.669492411310309343e+00 4.723363484964026249e+00 4.077202438022020203e+00 3.383843449030042194e+00 2.816219106686439488e+00 3.738648224173150680e+00 2.688390575638967661e+00 3.415874327150048018e+00 2.882324410717353569e+00 3.085843639095577018e+00 3.625484378781849149e+00 3.052015628850927698e+00 2.452171730197903798e+00 2.952674710509235467e+00 3.039908031182092518e+00 2.054837738681051462e+00 2.758156566666210452e+00 1.842582154208874057e+00 1.926110456235950785e+00 2.507524640562440510e+00 1.691047799488953896e+00 2.233824010263254056e+00 1.505992216003928297e+00 1.741783659316036070e+00 1.647881527967457904e+00 1.554376192689290725e+00 1.326003068065031432e+00 1.831307070360786993e+00
1.359822455463201019e+00 1.779079524734940465e+00 1.583818406994365935e+00 1.976838594962804008e+00 1.643939675887497565e+00 1.363658178376258689e+00 1.993134063598672734e+00 2.161507911083957900e+00 1.827421463026228654e+00 1.778150204940091239e+00 1.837781196399889794e+00 2.547879745889825909e+00 2.404385034524428200e+00 2.334586041792240607e+00 2.826407722746886897e+00 2.699062507279676559e+00 3.120448802702595170e+00 2.507642597136729101e+00 3.488233420013442387e+00 3.698294986128816575e+00 2.757597030768799140e+00 2.765260746386291935e+00 3.854827665085077459e+00 3.891736934880682952e+00 4.399794584638329731e+00 3.791969706372162019e+00 3.311520767997536030e+00 4.124508684601519981e+00 3.835444342748038693e+00 3.810658638199225567e+00 4.434752996081033238e+00 5.970721041213701064e+00 4.782841428319923871e+00 5.639095244016986364e+00 6.100811890460006381e+00 6.019322219097977822e+00 6.769912761200317597e+00 6.280744502388937889e+00 6.775452643267591668e+00 5.244499711280893983e+00 5.958860825466201661e+00 7.248951614015976652e+00 5.916921285311250500e+00 5.405654752396903184e+00 6.350274391881132630e+00 7.266105966624706980e+00 8.104509979519278318e+00 7.444005134313984584e+00 7.474802156745854909e+00 9.228328636877757063e+00 7.373417143175827526e+00 9.451505863093711213e+00 6.811370938498281902e+00 7.475685859893830276e+00 7.143959714213426793e+00 8.743741594730296995e+00 8.189577415084608347e+00 9.734784154912528464e+00 7.343551304730067564e+00 9.163708462986907222e+00 7.789870025473125459e+00 6.210247117389241289e+00 6.161033091045811538e+00 6.523187826279654544e+00 7.948767351600718456e+00 7.678634415489992371e+00 8.130310250431447727e+00 7.988276301721204398e+00 5.718984737968829002e+00 5.992233094540987182e+00 8.113037072033753461e+00 7.483550930082667030e+00 5.612546354528558545e+00 8.311526634406360969e+00 6.948235014392522224e+00 5.875553028341284900e+00 5.888574795065892431e+00 5.565658045217738881e+00 5.279047215444677477e+00 6.910958728929543327e+00 6.963590969607341918e+00 6.200072957942800222e+00 4.762940285124170003e+00 6.307821192439844182e+00 5.960978122024209291e+00 3.983713654448242991e+00 5.423747420276465725e+00 4.996439397958454265e+00 3.903134033096403943e+00 4.069892353647091454e+00 3.795209451233728437e+00 3.564286952870391989e+00 4.208151159425763232e+00 4.385956730204993548e+00 4.147406330489569193e+00 4.704982471419819845e+00 4.675133874510546406e+00 4.274309221107932544e+00 3.574789003764109907e+00 3.323601712732962898e+00 2.531765034282137616e+00 2.580954634837777650e+00 2.979326932750907986e+00 3.187186357325649588e+00 2.876514932452236994e+00 2.637470828382189048e+00 3.084689264135760389e+00 2.454406424909959750e+00 1.939577341406444777e+00 2.632085019038166163e+00 2.319048275119341085e+00 2.387049083420500484e+00 1.851512147016985521e+00 1.562263070011762123e+00 1.784856342798857298e+00 1.415542340789448295e+00 1.628686155658299439e+00 1.741905737347447358e+00 1.672464578006287894e+00 1.757673072628992861e+00
1.832972830375389606e+00 1.831464657348937930e+00 1.447746407917665623e+00 1.848648001825038634e+00 1.683028936617267934e+00 1.311350409468236000e+00 1.552796147004802174e+00 1.962092050421966105e+00 1.524201362560132500e+00 1.700675873860347798e+00 2.308660136967721321e+00 2.287734587251163187e+00 2.355188124151764040e+00 1.895204603883463790e+00 2.210807210927189015e+00 2.224222012362517820e+00 2.975567359059044570e+00 2.528918967812241458e+00 2.343728415953303834e+00 3.891110654777660383e+00 4.007254626079263637e+00 3.000816246273259935e+00 3.503064528525615895e+00 3.163544071283445724e+00 3.608946335979551279e+00 4.581070951261717816e+00 4.743003987560085122e+00 4.938174691896660029e+00 3.861308734485680905e+00 3.959485385496422261e+00 6.302176130174093061e+00 5.314244570381585930e+00 4.703962046678404896e+00 5.435036316482165120e+00 5.799207125161468745e+00 5.905509977540446265e+00 7.015019342361537902e+00 6.603683370017915166e+00 7.273684697787135889e+00 6.024190524486791709e+00 6.315366395253450449e+00 7.507909960331963894e+00 8.209182624973959008e+00 5.292358756290963306e+00 8.422399861349841643e+00 7.679391994973808977e+00 8.042250955494576914e+00 8.304602951868190530e+00 8.105874769251547818e+00 8.012810457427613997e+00 7.144011883975478483e+00 7.163802185284024127e+00 7.947027872588435571e+00 6.227290415016516256e+00 7.753693186240000479e+00 7.259205184178714632e+00 8.636447649099030954e+00 6.015745684272060245e+00 6.909701401827834211e+00 9.082570427693505977e+00 8.290347290594185736e+00 7.463976486852832437e+00 6.980362220536671103e+00 8.632664062763840462e+00 7.089032615282407690e+00 6.779126366662524106e+00 7.452123645969991550e+00 8.737284813793817051e+00 5.914453492400828516e+00 7.986143464953757487e+00 6.224187783159896625e+00 5.610123953369487104e+00 6.660688192816217601e+00 6.179807296693100582e+00 8.034653208055136275e+00 7.791373424050041407e+00 6.542134580172476177e+00 6.109890958082752732e+00 6.364513171136576553e+00 4.603791061395828166e+00 6.962188349214935457e+00 5.802251557096343326e+00 6.808472909391590555e+00 6.768037481265642974e+00 6.337747526371740214e+00 4.349910360264143350e+00 3.854458771594384547e+00 5.866262402335530091e+00 5.682661235694009605e+00 4.316943124115297792e+00 3.640278893904216329e+00 3.481239773532141868e+00 5.305032627344964169e+00 4.006598064682710181e+00 3.954261024756010823e+00 3.634779395960444415e+00 3.705550786286075926e+00 3.772947791697344400e+00 4.220362323592489417e+00 3.286138609041801661e+00 3.446278700246923510e+00 3.224921533603134716e+00 3.260352591884739581e+00 2.932051221124983176e+00 3.118141308712442772e+00 2.682171039130416546e+00 2.905102674760356329e+00 2.719098663734679455e+00 2.387974727376982464e+00 2.042280935697796895e+00 2.324739853698043923e+00 2.422172161653741274e+00 2.357146505914207157e+00 1.592469005369945290e+00 1.648919301743365651e+00 1.885746476967105068e+00 1.377757775480664915e+00 1.334712201801062870e+00 1.584090387263074495e+00 1.423706699183215241e+00
1.248410518073218123e+00 1.812635767933722830e+00 1.765753138990210802e+00 1.833222180928719025e+00 1.280976447136413565e+00 1.432384282139236520e+00 1.523091228294616295e+00 1.660285995583096197e+00 2.378631954969443019e+00 1.955513892049606461e+00 2.564983102902162138e+00 2.400953357923085729e+00 2.029655406511461813e+00 2.588785217504205427e+00 2.664425608574039206e+00 2.937565408181402216e+00 2.283195624693493464e+00 3.031900370605742356e+00 2.979383568346997357e+00 3.627427880443758745e+00 3.848156177425812174e+00 4.011696879495180390e+00 3.988388931358537448e+00 4.183800684516890911e+00 3.183277105511423510e+00 4.808102103167836816e+00 4.665548572041096520e+00 4.659114631661934069e+00 5.224758660640140384e+00 5.786687217918955461e+00 4.201788409919420708e+00 5.976249251486853709e+00 4.981427235845765189e+00 6.790688484416351756e+00 5.463831093042710307e+00 5.129827122988117161e+00 4.604206558589789111e+00 4.658318435689636772e+00 6.563241864475678256e+00 7.027747192166656554e+00 8.006147900001870710e+00 6.532999020717168648e+00 8.518486515269412251e+00 6.978023007984170079e+00 8.759040440789316762e+00 8.663026765976045596e+00 8.543747418308896613e+00 8.241485185479497488e+00 8.134922611801393089e+00 8.673556415069578307e+00 6.955198488263581780e+00 5.745555569406983309e+00 7.563859811640903708e+00 6.595015832881018447e+00 7.421046434657434077e+00 6.423563328721590082e+00 7.202064902555618708e+00 6.271917911183878758e+00 6.748826168542819914e+00 7.095350819648708729e+00 8.262149318721617064e+00 9.548612062166277781e+00 6.164461958539279252e+00 8.848505069385918631e+00 7.317308849591040776e+00 7.461883967141359264e+00 8.143656943182897123e+00 8.720312469949321965e+00 6.598149370901401412e+00 5.451250283614107239e+00 6.490972584738949003e+00 8.056460928844863645e+00 7.572144307742546765e+00 5.159031831822297853e+00 6.942853852026432904e+00 6.420122519312776888e+00 7.646396887005632692e+00 6.765507524790368876e+00 5.021288979153563758e+00 7.522284202627059102e+00 6.287035936397792568e+00 5.273054891991234783e+00 4.547927387738307736e+00 4.230362514615251257e+00 6.148564570385649297e+00 6.020746212174332257e+00 4.923524805894338385e+00 4.849048921601302631e+00 5.234980717691281704e+00 3.766553119873226052e+00 5.441826722536666772e+00 4.105513596762365047e+00 4.180938642979302955e+00 5.058017765103928198e+00 4.018867567707296473e+00 4.745596781057491498e+00 4.616132724884976390e+00 3.269023592791323374e+00 3.877956176926611764e+00 3.334678733966287556e+00 3.577979026638349325e+00 3.940574961045784086e+00 3.262077998208798846e+00 3.166710199010210225e+00 3.365439438602069178e+00 2.661065132279041290e+00 2.201939390597862811e+00 2.358770049672987756e+00 2.485750073576999064e+00 2.516938131554118385e+00 2.003372062593013148e+00 2.063047270865142391e+00 2.453302733724843865e+00 2.066130815114795904e+00 2.283176596168814410e+00 2.163291356146078481e+00 1.683684064885651699e+00 1.495268776867777705e+00 1.897105243172667155e+00 1.790048229622376530e+00
1.219495208391963681e+00 1.403721939376297634e+00 1.894759687642523671e+00 1.492659884887325150e+00 1.946439154820232664e+00 1.970444816235689345e+00 2.220779178815768251e+00 1.717289667921346519e+00 2.021948084504913368e+00 2.358914379244141823e+00 2.257967683824152250e+00 2.036407918311943011e+00 2.409970178908815708e+00 2.946063831976525549e+00 2.008335214961749493e+00 2.971869280861076934e+00 2.675265106848153884e+00 2.911662607406743319e+00 2.655483476684159516e+00 3.181391853505083578e+00 3.950363469863459542e+00 3.542658068246780090e+00 3.164609884241490700e+00 3.127208016029320969e+00 4.859932792674804602e+00 3.937100463682095874e+00 3.752664071248302591e+00 3.757156463996508045e+00 5.708381549924601117e+00 4.210795122406615576e+00 5.950731064992370811e+00 5.410856113484316943e+00 5.987143138056635117e+00 4.745495177403405762e+00 5.904590404893456324e+00 4.795195322580410036e+00 5.254240504336393336e+00 6.151324250229195378e+00 7.098555975578521249e+00 5.747621517622542697e+00 7.839901285079586835e+00 6.542326490090869306e+00 7.774112979063365181e+00 8.670440959923636726e+00 6.662040948690804321e+00 7.168392327929454133e+00 5.476680842566970853e+00 8.398803954945568861e+00 5.705698552952716440e+00 6.665493639443978324e+00 7.294342406365837306e+00 8.927574050785395343e+00 7.586313290161888823e+00 7.595442181782326330e+00 9.067642022723120476e+00 6.661752910426772090e+00 8.095745298234986009e+00 7.035575994468444172e+00 8.021866274927589302e+00 6.743412080777337891e+00 6.122742239458367486e+00 8.072737319156406244e+00 6.807355644010602447e+00 9.163679592836272647e+00 7.866573374359907334e+00 6.506787663774566077e+00 6.422721562725374866e+00 9.117913889916225756e+00 7.316389017735856370e+00 8.691547371831196855e+00 5.425642704087842105e+00 7.576386108905543537e+00 6.114752552762951154e+00 7.081670064663877717e+00 8.050301321123130904e+00 6.319229603853369959e+00 5.188643326772035103e+00 5.963752275202170772e+00 6.675165939361177969e+00 7.012605852683577723e+00 5.322706166802985805e+00 5.936627082874962547e+00 4.292850762180826507e+00 6.854153490557080453e+00 5.849790901194434234e+00 4.482410420383202698e+00 4.782632874395678080e+00 5.482962760972433180e+00 3.868755443598296484e+00 5.657955759611888347e+00 3.739576631642233195e+00 4.581408787751704459e+00 4.871209484448879579e+00 4.638238669717558160e+00 4.489174110622566438e+00 4.787599772950647647e+00 3.011195474259431126e+00 2.957018019150192689e+00 3.353234507145608223e+00 3.723857685596573486e+00 4.055601196916370554e+00 2.993442206880218670e+00 3.168908610237556100e+00 2.584735589163843716e+00 3.075373029170600070e+00 2.271467565372952357e+00 3.250634851039301054e+00 2.588412014746755752e+00 2.591003565587568502e+00 2.851932313878055236e+00 2.074736093982677332e+00 2.288439067712594532e+00 2.401053258896751696e+00 1.827442307339792293e+00 1.417470634989553391e+00 1.680061775020453618e+00 1.279005956078906436e+00 1.762026336647197322e+00 1.267501982992110587e+00 1.505501964609358811e+00
1.732149315058632677e+00 1.975697717211600590e+00 1.362390708667198913e+00 1.619724949878164511e+00 1.498289729646520296e+00 1.773087804575295356e+00 1.419593443395557486e+00 1.911748961098028499e+00 1.844048947781992576e+00 2.365829514573007053e+00 1.603160214068751976e+00 2.352765781594890804e+00 2.457243973705828033e+00 2.213145254760440661e+00 2.387171710985214634e+00 2.800992331701563476e+00 2.524658928185848694e+00 3.556407928939980145e+00 2.865042243629767338e+00 3.927419766092216769e+00 2.570848571129550120e+00 2.780849812781671648e+00 3.662718380345042934e+00 4.414185112262866362e+00 4.742919123026667627e+00 4.522063912201162772e+00 4.950906693381339707e+00 4.439134343165409113e+00 5.423989268890339943e+00 4.372464104751536240e+00 5.550394667681483263e+00 5.048555967547710743e+00 5.506696436745568413e+00 5.751694556707143136e+00 4.605385783211361606e+00 6.280090660784980017e+00 5.845274342024572078e+00 5.651767686846059568e+00 5.987399008245358090e+00 5.058259954514716661e+00 5.356460569011126438e+00 7.073921835725067275e+00 6.351547488686368759e+00 6.929070667279911611e+00 6.449642039610420596e+00 6.523060087952595509e+00 7.211934764081741278e+00 6.602851763464508750e+00 8.413874419798705873e+00 7.053935085909301073e+00 8.233942262398548095e+00 8.447363488192101144e+00 9.404703281520353286e+00 7.370075041503919344e+00 9.396379097581782247e+00 9.310282726053372926e+00 6.323383123772501335e+00 8.394981742487527043e+00 7.241721011110104911e+00 7.771871112557882988e+00 6.340627755807031640e+00 7.203512575810522733e+00 7.841658370137864154e+00 8.773001358432507502e+00 8.308999676524399192e+00 6.536230461291468785e+00 6.455633506732844751e+00 6.117451144118505546e+00 6.876291883683363082e+00 7.404948196915033698e+00 8.120754775261456615e+00 6.934655582193021139e+00 5.857500112028251493e+00 7.057030664777199647e+00 8.391476570969084392e+00 6.739085807945437878e+00 7.396367567232559281e+00 5.424646894728634372e+00 7.654057393391959785e+00 5.235265188198552799e+00 6.233688957938434250e+00 4.607670851775146126e+00 6.406202371433868947e+00 5.426200688505764091e+00 5.212310919471003778e+00 4.841172898400311730e+00 4.921128299860751731e+00 5.014984938857297792e+00 5.069396680909138198e+00 4.020998523162683469e+00 4.771425637224795402e+00 4.656975816825832837e+00 4.622231847835441165e+00 3.998885463282569219e+00 4.857239155777052453e+00 3.840103101051039136e+00 4.465826323983177915e+00 3.631071844247625524e+00 3.255299765374753740e+00 3.460230471702193000e+00 2.723526601447524342e+00 3.453957009953019686e+00 2.752968590054879705e+00 3.279613537482578778e+00 2.204167173974604932e+00 3.342078006125781986e+00 3.071839707541252906e+00 2.203123454174325424e+00 2.630661397442854987e+00 1.917075340073957967e+00 1.692515974208548268e+00 2.071528874604865234e+00 2.484640311304432636e+00 2.256095473673021434e+00 1.744143748213533796e+00 1.523896615795985010e+00 1.854924694511375316e+00 1.604727765584646804e+00 1.408107438226604557e+00 1.478159022257710564e+00
1.810510635378441924e+00 1.529966895933398296e+00 1.715214533600109892e+00 1.387943018852997756e+00 2.070779422628917121e+00 1.568022242167764091e+00 2.054332459095880470e+00 2.090246807036063359e+00 2.282558594503539595e+00 1.742971026259399814e+00 2.531881684581312353e+00 1.856443289126251894e+00 2.422034462023725521e+00 1.966717557529622518e+00 2.322664480056706005e+00 2.161934177863436002e+00 2.480358862484729254e+00 2.575690527220467541e+00 3.574704234826999727e+00 3.809141594743016945e+00 2.688763795223818143e+00 3.428482024049408494e+00 4.276512845562404408e+00 3.784743813845805160e+00 3.705114711025868868e+00 5.069799887223974899e+00 3.340445623033380773e+00 4.989420204503431044e+00 5.180680159812499852e+00 4.925589871850977630e+00 4.331054140733345825e+00 5.417171262638950324e+00 5.453235419693911012e+00 5.860340247928323976e+00 5.678427598260038067e+00 5.503548718558863406e+00 5.883082369622676389e+00 7.089653696642108649e+00 7.652143531444362878e+00 7.157059996592441742e+00 7.932519806689587227e+00 7.079475963198025745e+00 7.898094526107336755e+00 7.472367306937604425e+00 5.811676803359005383e+00 5.352534163998676320e+00 6.141513259397446411e+00 7.376733554077669730e+00 6.523158103859718615e+00 7.415620397686073950e+00 9.313451922484082601e+00 6.383610490991504349e+00 8.021922041909386181e+00 6.058149006412787863e+00 7.465136866911339375e+00 9.485427210464568049e+00 7.218197597281043265e+00 6.345657080934000938e+00 7.978246767271623519e+00 7.929592200779962852e+00 9.477643406836129714e+00 7.162578412279486884e+00 9.290241746659807731e+00 7.783481494400694700e+00 8.592815325351683242e+00 8.636971377783108750e+00 6.092660544687915625e+00 6.038241237997103994e+00 8.683233204875909550e+00 5.678236454197920224e+00 5.701564227001772345e+00 8.610721438469438382e+00 7.783326354636166400e+00 7.656582969793396032e+00 5.832131613416732030e+00 7.154978288044715029e+00 6.217477712992077521e+00 5.167090892001050761e+00 5.253847691649310647e+00 7.504446488412089167e+00 7.496321063515770433e+00 6.141234220495086049e+00 6.652284084502325001e+00 6.792953345507850571e+00 6.318305229372819909e+00 6.280290410837314319e+00 4.626167537242152683e+00 4.519384221434924243e+00 4.847238626661827254e+00 3.672666114786456326e+00 3.925774728715127448e+00 4.962341418028660911e+00 5.400587987420062852e+00 4.659063942613159703e+00 4.002848233740359696e+00 4.710002259795704305e+00 4.088544149578552833e+00 3.076328955034878465e+00 4.101697818391258465e+00 3.534150780762811195e+00 3.244706623016018199e+00 2.524518927797931411e+00 3.745784326811457454e+00 2.627637601556418900e+00 3.361368031106533483e+00 2.909969290539585529e+00 2.006927887775761477e+00 2.820012232611603942e+00 2.051302761138420472e+00 1.966969765037936746e+00 1.795760528497282404e+00 2.470996464947571525e+00 1.887856219051823770e+00 2.289361408155764721e+00 1.626680982790976504e+00 2.006414972346197700e+00 2.111542838047926640e+00 1.453505700337033080e+00 1.643744464465468624e+00 1.753170726148959524e+00
1.255170478801927558e+00 1.889437668163792328e+00 1.966167889810923830e+00 1.466990289465052388e+00 1.835451754280397418e+00 2.213389867958620805e+00 1.724833524021516906e+00 1.587806467472179905e+00 1.602851765812378870e+00 1.815092210362282632e+00 2.452179436923091593e+00 2.603761312880770618e+00 2.772794063542784126e+00 2.304908173631841528e+00 2.833567443305816003e+00 3.141389254708487400e+00 2.171414922855036789e+00 2.185564331313405440e+00 2.969398070677095269e+00 2.585036312991581209e+00 3.350291576332849353e+00 3.805108287381191001e+00 3.931931367875829864e+00 4.109590146182776849e+00 4.184534144686050006e+00 4.345573401890395537e+00 5.055867645080245332e+00 5.145162500291687202e+00 3.535973280933343510e+00 4.813728090681565597e+00 5.367597056789823462e+00 5.833975562610536514e+00 4.390976043175865762e+00 6.284213834973149559e+00 6.907331294065698124e+00 6.521757868945155856e+00 4.607895004497884806e+00 4.613032243228290419e+00 5.771531145251119987e+00 5.632782786701798550e+00 5.011513166239697448e+00 8.266593334142104510e+00 6.968141391719608890e+00 5.795126819902774784e+00 6.659459737027293436e+00 5.337927876163264251e+00 6.505508447143674822e+00 6.773399694063413357e+00 8.872230310782542873e+00 8.845561898136860890e+00 6.878436302285059867e+00 5.709641543099490235e+00 7.667593853594813602e+00 6.064474624718562801e+00 6.996874277576533352e+00 6.046424166128644195e+00 6.011366010557479100e+00 6.554074324291410569e+00 7.042102169393612776e+00 6.043997898522284196e+00 7.186599120509916006e+00 7.385263155311849737e+00 8.538795765423081718e+00 7.443775011188979995e+00 7.751347709384718954e+00 7.186149130666656504e+00 6.047808637545180943e+00 6.916154054765495829e+00 6.804322791058338815e+00 7.650550489989606184e+00 6.906132921682721637e+00 8.120050928003685442e+00 6.009081895210959701e+00 5.415311056930331546e+00 6.013262638847034935e+00 6.865976125099071403e+00 6.095544831672954800e+00 6.309206064359225152e+00 6.363472869996144254e+00 4.809542096248005549e+00 5.484559413393134797e+00 5.530323378640649601e+00 5.502088528094089881e+00 4.406235512814685507e+00 5.596052937740727984e+00 5.418971298318855823e+00 4.935701506225946389e+00 3.835877434095317007e+00 4.761505950061716952e+00 5.711599421213706229e+00 3.733290614777537098e+00 3.444405531276769405e+00 4.434428958627961492e+00 4.772787881695760959e+00 5.057095274661078221e+00 4.449877418817131947e+00 3.183421145329175861e+00 2.971885101878839031e+00 3.487182870501313925e+00 2.894813744847486880e+00 4.117669201073433705e+00 3.693591178759481952e+00 2.528751541875134734e+00 3.132909741891782396e+00 3.194968447086982799e+00 2.174770070590372306e+00 2.147986462125996088e+00 2.587999267171825490e+00 1.909417273115135316e+00 2.254686862540966175e+00 2.168614943903106163e+00 2.648912923495790661e+00 1.593551548062272394e+00 1.718132302163112302e+00 2.043617624323224913e+00 2.133156346471591913e+00 1.930197752603207251e+00 1.759224461538257289e+00 1.632922312536454479e+00 1.224857662388144641e+00
1.644895695099474642e+00 1.861793395061367873e+00 1.304567876734686216e+00 1.492228191785903935e+00 1.927860243709953236e+00 1.840378571357612181e+00 2.072608138713104342e+00 1.906172021040904996e+00 2.054005042396982450e+00 2.196045644970538557e+00 2.028268701307036626e+00 2.399229006055671576e+00 2.416380001750410678e+00 2.441705933837278408e+00 2.301136480021177544e+00 2.885022426172064058e+00 3.131041174503633062e+00 2.475648503729892980e+00 3.173265412671601560e+00 3.871728577253293224e+00 3.405973475991723287e+00 3.358530236303702843e+00 4.419834682227462785e+00 4.268191728686172581e+00 4.662145108964800500e+00 4.601242707892576611e+00 3.291013253852041576e+00 3.386089959761605872e+00 4.083432997797392439e+00 3.879902604325018878e+00 4.152893003493791646e+00 5.644486421951656396e+00 4.563885452055843395e+00 6.706707446563083153e+00 4.876585106171602568e+00 5.917370811642579831e+00 6.843804515557771140e+00 6.156145429091336219e+00 6.198695656054184155e+00 5.281518495719636164e+00 6.291662349319039116e+00 5.134458876853530640e+00 6.469481451390197257e+00 8.136454444447155154e+00 5.406543907470619637e+00 7.664302691817981739e+00 7.286670485254027163e+00 5.956399761709111118e+00 7.363532825708670515e+00 6.086284316931678262e+00 7.446892116544541196e+00 7.597624216890936033e+00 9.419145565443395540e+00 6.458967572835740967e+00 7.188460898699953638e+00 7.184251073392736942e+00 9.102049179627446307e+00 8.438366505247143934e+00 7.111467433956303097e+00 6.040452286329322185e+00 5.837698603999848856e+00 6.700020883152365769e+00 9.226148465440420665e+00 7.585335587985134076e+00 7.483637914392431867e+00 5.781428325523229717e+00 7.497472370627293436e+00 8.033163615124497170e+00 8.399370040946935845e+00 5.590986534712137690e+00 5.686118459741857478e+00 8.467340725837264159e+00 7.994055078766128197e+00 5.146857098194980829e+00 7.091349445563978726e+00 6.480836817963036012e+00 6.478250274551943022e+00 7.307041982080462184e+00 5.831706914120500684e+00 6.554228109999018947e+00 4.589108091609442219e+00 6.645672423389149763e+00 5.729623347816853673e+00 4.714885736142814920e+00 5.849709556172674851e+00 4.863220584931057466e+00 4.088317844031590376e+00 4.122936647629041218e+00 4.002414282746457275e+00 5.726097656336461839e+00 5.422861069268487988e+00 5.516359738401280133e+00 4.484073927127098180e+00 4.190508137791234766e+00 3.243964673598877191e+00 3.064695242612036630e+00 3.120106014074655043e+00 3.019461477698852647e+00 3.156067681258028834e+00 2.968118427586735386e+00 3.359370658132280418e+00 2.914472412196094986e+00 3.635997468441547031e+00 3.605989362494443462e+00 3.080993816637920268e+00 2.624351844053489202e+00 2.696803126007245144e+00 3.046887851013208692e+00 3.022927710110375088e+00 1.863935378456875736e+00 2.438265904068452006e+00 2.210302449031883221e+00 1.743245198146757380e+00 2.454524969065230433e+00 1.867787162084693975e+00 1.645551920379052735e+00 1.847228851095849889e+00 1.972517540691735238e+00 1.744189228844097883e+00 1.556470796384754163e+00
1.648126692991206399e+00 1.583187194972695444e+00 2.111765237262170469e+00 1.730301893224924781e+00 1.791055160395850665e+00 1.419251189703927496e+00 2.168003619685448857e+00 1.704983559000264437e+00 1.540682514616862120e+00 1.967090957891769243e+00 2.010181267939294081e+00 2.699771685910993924e+00 2.760782430320759318e+00 1.908321033188369542e+00 2.508709652715532812e+00 2.691489313312893650e+00 2.393539068136308234e+00 2.791075611219248742e+00 2.568050714458505190e+00 3.490310657801356520e+00 2.887167047236975481e+00 2.603783754028842434e+00 4.201642937616425932e+00 3.699436206136383021e+00 4.371572975876316214e+00 4.811494583868290320e+00 4.333694768666537023e+00 3.745058488759021920e+00 4.488976400411980094e+00 4.606046364267610826e+00 5.427477032519822941e+00 5.231469497365901944e+00 4.030826907852804730e+00 4.836057358908341541e+00 6.622374915786757299e+00 4.693661696982722731e+00 4.721691110066717378e+00 7.061672000633252289e+00 5.495674252008621252e+00 7.157679043219127735e+00 5.279431403016605628e+00 5.588218842351730054e+00 7.340547861859336720e+00 5.218926197602818284e+00 6.418970244659665703e+00 5.678437898045208598e+00 7.533857279824116127e+00 8.542566396412373919e+00 6.482300456377879883e+00 6.391247163440050727e+00 6.687947520884694796e+00 7.318966373648359003e+00 8.430901393310302083e+00 6.890213277160590621e+00 6.348646614687511125e+00 6.955133800085650186e+00 7.518038885361205459e+00 6.439858747627327240e+00 8.065861236615296193e+00 9.254631341360985530e+00 6.920881760659734816e+00 6.516042803680351270e+00 7.927871214591345250e+00 7.483107843881429133e+00 6.933781979847031707e+00 5.796741954567661281e+00 6.168029139644538361e+00 6.586262462989667554e+00 6.873482844767401900e+00 7.199148691257065913e+00 6.502515637390292369e+00 6.726100611069694146e+00 7.785592596206127425e+00 8.018670511469803586e+00 6.166648673713914341e+00 6.187067203695247208e+00 6.274585089334047794e+00 5.490020392809372929e+00 7.249770594942893887e+00 5.644380648931143440e+00 5.815432118668367067e+00 5.591886554241611407e+00 4.927865864495173831e+00 4.818931598095403501e+00 5.782366622744384621e+00 6.635375051187150319e+00 5.339666870631267770e+00 3.895420574945136494e+00 4.111466788073567358e+00 5.754581760535828039e+00 5.677053069345399550e+00 4.379970974003280837e+00 4.760794736509089908e+00 4.496362887881803161e+00 3.795787856562663265e+00 4.533275838347505804e+00 4.871355834976885291e+00 3.692052917227459652e+00 3.221422421542594616e+00 4.026622321807177052e+00 3.430046444942946415e+00 4.114972830032874285e+00 3.889558821743138051e+00 3.043988387723653766e+00 2.906611366748456327e+00 3.004517799478973572e+00 2.482190507620322784e+00 2.265020391062343208e+00 1.950333561813551109e+00 2.632245356009861315e+00 2.202359731118888053e+00 2.254513935254563783e+00 2.315698372331199906e+00 2.537479760291225794e+00 2.078212388274521150e+00 1.793114888307415056e+00 2.138811465022878444e+00 2.129701082784090538e+00 1.777833906895908367e+00 1.519104212575093094e+00
1.741484890703235200e+00 1.975194812846401193e+00 1.559122379445077033e+00 1.995011257830585860e+00 1.515397301609161529e+00 1.540696140094354849e+00 2.055503399837379952e+00 1.873840877109020475e+00 2.432546460365490493e+00 1.796379205097737630e+00 2.165347148967862623e+00 2.196986072482395969e+00 2.664873930409361602e+00 2.753137295613649727e+00 2.505189607367429350e+00 2.436814679536495110e+00 2.540834961621578181e+00 3.138126133988553335e+00 2.781792019034020846e+00 2.462142059612874245e+00 2.953149840202592635e+00 2.752211203431793152e+00 3.783296885250215347e+00 3.202327211577805421e+00 3.167142720605228057e+00 3.061512959972521930e+00 5.228249439500030071e+00 3.645480423872047293e+00 3.651567316549010567e+00 3.895561880512437014e+00 4.643599480257520007e+00 4.750934339062176548e+00 4.390949852741353077e+00 6.231831875852713587e+00 5.181734814569479930e+00 4.873844649951961649e+00 4.855971664998009807e+00 6.879208775851339830e+00 4.772555967753153716e+00 5.201200919140785750e+00 7.720150985174953462e+00 6.321906562992528400e+00 5.856330006814830291e+00 7.486538514935211275e+00 6.071973188150676215e+00 6.228966795748932306e+00 7.175117338259081379e+00 5.865817113960047458e+00 7.028961554395231737e+00 5.776655515376494243e+00 8.744308076481008385e+00 6.110129914230174819e+00 8.851228066770328695e+00 8.541606901535145013e+00 6.872137075354024738e+00 7.738866012373718739e+00 7.562408818569137381e+00 7.163615667600682357e+00 7.870658427108269350e+00 7.815216772140265888e+00 8.727645427226159214e+00 7.838832619546062475e+00 7.654875652453386081e+00 9.143377786489610415e+00 6.460316487896280435e+00 8.790815073910430044e+00 8.230821299957916892e+00 8.052171892131125830e+00 5.909295163786027594e+00 8.194924426333065171e+00 8.189467191314991013e+00 8.034364561847775477e+00 7.388533786849627027e+00 7.916912830807077306e+00 7.237390195474886490e+00 5.379188789573754015e+00 6.958488683786574924e+00 7.472567691187355976e+00 6.121829385538797297e+00 7.717564590888783549e+00 6.014673649123482235e+00 5.578250586379010834e+00 4.945990195427977021e+00 4.785715362412762630e+00 6.331968475766777793e+00 4.131591455040143579e+00 5.818969812068314873e+00 5.976334025725726029e+00 4.313016950988386888e+00 4.278517765849653820e+00 5.898234398238336951e+00 4.448743397373912778e+00 4.585881627753717993e+00 4.672878551561044702e+00 3.899062905754216324e+00 4.374947416743992790e+00 4.037854586106765176e+00 2.933711101102149055e+00 3.151093920220283895e+00 2.955146219000868157e+00 3.498068825658661840e+00 2.520559325834184516e+00 3.466448908637648874e+00 3.583138944896731903e+00 3.622971194255130811e+00 3.032180270549039935e+00 3.413053213208258718e+00 2.158771036992852110e+00 2.500459862263829436e+00 2.652844777679295163e+00 2.145237417811894254e+00 2.271276968954300202e+00 1.824940385148879018e+00 2.134612777307003384e+00 1.599298385100368591e+00 2.364360573531249621e+00 1.894114132526056204e+00 2.022813477908413926e+00 2.116923955013858549e+00 1.369033907389276550e+00
1.973849180615873111e+00 1.391976007992356879e+00 1.452220844713231873e+00 1.932803710427552613e+00 1.664089071772653305e+00 2.105937633806600928e+00 2.223817032408071714e+00 2.169060410856558985e+00 1.552150530676945417e+00 2.388413986727645710e+00 2.015975195479793758e+00 2.057468225132942585e+00 1.770553862619224317e+00 2.534813438302179200e+00 3.037885663382943857e+00 3.066162470566512699e+00 2.705531195002692790e+00 2.193022141439384232e+00 3.112893728136982396e+00 3.678642764124011588e+00 3.914285756488969259e+00 2.699078311310539213e+00 3.251718360418836440e+00 3.972658868190856118e+00 3.108197486287031186e+00 3.350297424282330017e+00 3.494468039670302506e+00 3.958443653335860457e+00 3.773081731314572362e+00 5.367627505068671034e+00 4.547621974557815250e+00 5.291247222421504581e+00 5.405560128951200305e+00 5.381801719254911909e+00 4.812662073296714915e+00 6.964408749406961086e+00 7.152907271157066482e+00 5.553965685877970238e+00 4.966912491777716099e+00 6.293494833443608272e+00 6.357646797902425817e+00 5.749545675077988527e+00 7.863599339221801543e+00 5.827644205309662873e+00 8.069703030538757815e+00 7.156559066365745458e+00 7.648823899163330609e+00 5.489376565544608511e+00 7.627863460340095436e+00 8.608962800674289539e+00 7.304600941338549980e+00 7.503325513388406698e+00 6.026046863690661226e+00 8.323549343299150749e+00 8.698922743202908592e+00 6.218973064838202447e+00 6.217172089688146386e+00 8.169664340470985664e+00 7.936271843586818697e+00 8.162723820881266690e+00 8.293386753370022291e+00 6.658879196213310259e+00 6.748598513413099020e+00 6.404023828607401825e+00 8.376215789527972078e+00 6.622988779720992980e+00 8.199135296450730692e+00 7.806675108603739588e+00 6.156136676788852569e+00 5.903470688721306203e+00 6.271497289215785642e+00 7.530258941432769859e+00 6.054769625252498066e+00 5.816757448310613476e+00 7.350584910566804631e+00 8.168918944497269408e+00 6.293432498654679463e+00 5.791059807507274115e+00 6.923330070542013104e+00 6.025825501194650435e+00 5.153209069408636545e+00 6.615630844864742954e+00 5.738268966017213479e+00 4.544863328202789710e+00 5.783490394227055909e+00 5.968434355680713566e+00 4.176142204732859575e+00 4.244135838077137457e+00 5.480647707261090851e+00 4.376849166681006764e+00 3.922092510906591389e+00 4.448632796114355692e+00 4.967900753478689424e+00 4.418063570039508114e+00 3.738685524834895357e+00 4.190165970209845270e+00 3.312451955367226031e+00 4.269836853016693468e+00 3.956342796818367535e+00 3.776560290186707913e+00 4.088280725039046715e+00 3.095765190080853380e+00 3.892752586339363496e+00 3.818608042620298626e+00 2.962589650413980813e+00 2.819518164779239111e+00 3.181412114805528102e+00 2.563717524740519949e+00 2.002405662704600964e+00 2.849587077620697517e+00 2.731882750149773109e+00 2.023657613537172217e+00 2.108286719706998547e+00 1.925413238701579877e+00 2.203368481134268198e+00 2.242804032608429754e+00 2.230340549128220662e+00 2.098489292699080355e+00 1.333722649098525004e+00 1.606054112084245089e+00
2.146881591063087846e+00 1.540913271431997966e+00 1.515342281709822103e+00 1.840886008769161641e+00 1.722971940912848776e+00 2.222768946738776563e+00 2.098871973061190666e+00 1.702971946024704364e+00 2.197120480967369449e+00 2.107249651730361162e+00 1.788321665314111408e+00 1.884785349224916917e+00 2.746144710804268918e+00 1.845129353278178952e+00 2.098996873120967166e+00 2.324529907046322563e+00 2.789011559084258352e+00 3.241239486050202512e+00 2.898434203429392397e+00 3.789574873351899242e+00 3.537052964770949437e+00 2.924631048849207993e+00 3.729568218289866621e+00 4.222593630200155879e+00 4.755010232232182332e+00 3.058410346504920163e+00 4.184886696551314955e+00 3.573347562938101518e+00 4.003268291331630202e+00 4.071678807075923778e+00 4.156041396592966564e+00 4.772639356254239296e+00 4.705838009554935475e+00 5.058953046895211081e+00 5.882644492301278838e+00 5.094925090422445457e+00 6.469254719722416169e+00 4.593673837240684676e+00 7.047565859032046021e+00 7.110144190467870828e+00 6.681280290085192419e+00 4.971204376547732728e+00 6.013210451648816957e+00 7.633930682997942085e+00 6.268430267342418816e+00 8.391166715420245836e+00 7.243248518113164280e+00 5.500427194490063343e+00 6.998243854852625567e+00 7.152500943843405956e+00 6.288083118010248995e+00 8.455970719062538166e+00 7.386288342188254141e+00 6.718095805625322825e+00 8.866439626611377633e+00 8.509082310586542519e+00 8.425948183091907850e+00 6.473135911839199785e+00 6.363082738390969162e+00 8.306161141197925701e+00 7.280679648187945219e+00 8.985500694049580517e+00 8.497541191284218698e+00 8.931143631249792492e+00 8.671721061849011036e+00 5.739410471665894242e+00 6.699025207002490490e+00 8.155572588934777656e+00 6.562168466555200474e+00 6.550639375316936963e+00 7.440867338481375270e+00 5.877870157440678867e+00 7.467806086286707945e+00 8.233209771127665277e+00 6.574735926064168012e+00 6.445537727038595399e+00 6.898453516211738190e+00 5.367902717297760695e+00 5.583679765608801304e+00 7.146419974498337879e+00 5.478630360186075521e+00 7.128984651312858745e+00 5.101974779793171599e+00 5.195116622660649774e+00 5.281645599467421626e+00 5.840606013398608631e+00 5.050462651637529277e+00 5.669833221153681713e+00 6.310864409266834230e+00 4.785730058523104624e+00 5.950452864109442963e+00 4.533261293320817842e+00 4.001571248890136268e+00 4.892229025917373519e+00 4.783672809115000035e+00 4.005041475142395058e+00 4.833949921506827785e+00 3.267622583975554384e+00 4.616118984849158835e+00 3.913173234451324145e+00 3.602040535028996349e+00 3.323379942621956573e+00 3.394732016340898717e+00 3.699206181514424152e+00 3.243260940731920616e+00 3.380125071364735057e+00 2.565925905336884139e+00 3.285010806760245039e+00 2.306385860671793520e+00 3.073032113069922300e+00 2.155398159357822419e+00 2.273375720954927015e+00 1.657616594525499032e+00 2.577386122037144567e+00 2.323066199894023409e+00 2.293547868559612013e+00 1.717884457290472344e+00 1.357221646065715381e+00 1.376373380719288386e+00 1.701199655924804821e+00
1.431207328486649777e+00 1.828407722526876222e+00 1.991715125932006503e+00 1.732383256163627205e+00 1.886460796335457601e+00 1.806758674706976819e+00 1.825145714822537624e+00 1.819214554555801833e+00 1.762241728727818924e+00 2.574184096371647357e+00 1.614971039219494475e+00 2.232026104282315515e+00 2.512485398843141482e+00 2.053876921079385021e+00 3.079495681851349698e+00 2.861069286484233753e+00 3.139974604033794137e+00 2.701261295383014183e+00 3.209719520012905392e+00 3.628045993457773122e+00 2.822411553647492077e+00 3.126915108898701501e+00 3.580195575726427215e+00 3.492250500935245139e+00 3.339570640193517459e+00 3.450491566341979066e+00 3.124976351429256116e+00 4.962384441691759740e+00 5.544094529231659685e+00 4.086384030369241138e+00 3.926884586289936419e+00 4.010762649457821460e+00 5.083618008777754937e+00 4.889993219843071337e+00 6.445331025916360090e+00 6.931020506015548754e+00 5.298007502487584119e+00 7.042276171399724838e+00 4.656300813331872845e+00 7.006960268328509933e+00 6.875656395015779410e+00 6.729567917447732306e+00 8.074098321210103180e+00 7.458920037667624570e+00 6.329875735682042759e+00 7.987224535992889507e+00 8.455795323303926025e+00 7.861511111836463783e+00 5.493806684635664794e+00 8.269128137022708103e+00 7.274923477221380885e+00 5.719375151663272483e+00 7.040248121530955139e+00 5.834794810641936280e+00 8.483674346379679321e+00 7.238615243319476811e+00 5.803331163312292595e+00 8.935121759873126734e+00 8.491671866870834862e+00 6.436272395207360830e+00 8.261468019630786586e+00 9.374256132152980925e+00 7.279044979621859923e+00 8.601041116385289342e+00 7.308448382426404599e+00 6.587129338641572573e+00 5.803039003508773774e+00 5.850299573610735493e+00 7.172808981751845891e+00 6.513055650433698496e+00 5.699849806194444923e+00 8.682077579522747612e+00 5.441632752327825173e+00 8.460689736154430207e+00 8.032787112713068112e+00 5.871273519446075007e+00 5.146440944024313069e+00 6.281969502897470470e+00 5.502921501331905496e+00 5.906811436087607170e+00 6.128094774189906779e+00 6.784854375264821158e+00 4.923212064250367170e+00 7.169225039941187205e+00 5.409360251249898610e+00 6.254764489422560025e+00 4.039801120266806045e+00 6.223221247306487847e+00 4.454739470206275698e+00 4.296113074389492859e+00 4.610288531856139294e+00 5.456623880921105396e+00 3.779050126621256389e+00 4.785452597920264672e+00 5.055783548012468209e+00 3.444075025344369045e+00 3.879612677529918674e+00 3.035076958635123390e+00 3.360698346901559663e+00 2.869355481850420553e+00 3.251367286292727421e+00 3.269003742850645988e+00 3.494939522454661329e+00 2.862329603130104427e+00 3.832518621782655899e+00 3.689344407541379489e+00 2.880826013171325251e+00 2.501907047266346940e+00 2.957808950516394919e+00 2.472536595179313235e+00 2.740167002139757724e+00 2.894701929560386855e+00 2.620748585057524060e+00 2.565020744113807094e+00 1.871295805497745546e+00 1.533754674030470833e+00 2.219059027076541568e+00 1.632131005144450642e+00 2.010430390054837702e+00 1.867086742201722771e+00
1.547171961817574326e+00 2.013071580005891370e+00 1.650925620178662401e+00 1.395701472376430718e+00 1.417717011279103323e+00 1.928505930643372279e+00 1.857101565074648963e+00 1.879317242668404386e+00 1.791709071868676117e+00 1.734577982426594334e+00 1.911588676478238158e+00 2.515924879635611511e+00 2.603591581173188008e+00 2.117075112982054197e+00 2.542217720074506637e+00 2.095957412325542890e+00 2.677814743673137432e+00 3.198498160530959478e+00 2.946837763337859961e+00 2.662097099972422942e+00 4.019261255119407572e+00 3.770661346261366731e+00 2.783314549235062163e+00 3.359656277526122281e+00 3.711544218427026642e+00 3.809852330759609718e+00 3.160842079241479308e+00 3.958652981638139501e+00 3.775372698721059628e+00 5.607039970231991077e+00 5.161409035545286628e+00 3.990136557223997293e+00 5.932423454763483761e+00 5.767235657763798429e+00 5.628623928100478402e+00 6.110589128050751384e+00 5.161624882848161455e+00 5.853321823282549019e+00 7.017883330196660552e+00 6.084891006450229511e+00 7.663013193920821031e+00 6.269054221379104952e+00 5.411301563944652671e+00 6.600885251851004831e+00 8.309978449489232588e+00 7.116481826288493018e+00 5.403167308615605791e+00 5.763208049212052764e+00 6.013385107940203866e+00 8.129705030427281542e+00 5.917784799742715762e+00 6.571646796696233750e+00 5.782949090507217171e+00 7.037292842934974146e+00 6.190061356835800943e+00 7.864044003853607911e+00 8.141450518369456546e+00 8.590276400610708407e+00 6.474233528642784563e+00 6.287429563982774638e+00 8.518462570739142592e+00 6.311043384960816738e+00 7.734319392665004678e+00 8.828592869602815085e+00 7.311811739801418852e+00 7.211184750597188220e+00 7.114873966277470707e+00 7.668049390052606995e+00 7.790073594965125636e+00 7.326451592114127997e+00 8.682522875549672392e+00 6.744829787130750098e+00 8.230289487329766729e+00 6.806441389019125765e+00 6.686296983228782409e+00 6.056184713756995741e+00 5.300716545678257674e+00 7.399207957411064740e+00 5.767012832203359807e+00 4.835899841925145992e+00 7.184550772675419417e+00 6.282427575883160920e+00 7.264887395013165161e+00 6.717155798268756861e+00 5.327961476470444602e+00 6.823112485413944661e+00 6.641083087786078032e+00 6.074075602674046337e+00 4.659032006371483625e+00 5.602836961129397331e+00 4.957983227229705747e+00 5.351894902077908966e+00 3.485547206130697351e+00 3.555832873595228261e+00 4.116807344245787093e+00 4.614698616576014878e+00 4.290771009916642065e+00 4.282465418687110947e+00 3.349602024491903585e+00 4.278807357598719108e+00 2.960430671991075346e+00 3.468684431467759399e+00 3.797708097401050864e+00 3.494937642584089676e+00 2.902383732487535895e+00 3.091953277097164943e+00 2.687402725835468242e+00 2.440677433552374875e+00 2.920567129309796783e+00 3.160453732859826115e+00 2.553705854986564106e+00 2.037308137710210243e+00 2.529006985474309577e+00 2.535265272297170025e+00 1.973413395952806626e+00 2.193597459014262618e+00 1.850141443827698851e+00 2.079246098481269733e+00 1.642509836867794171e+00 1.840589312875422046e+00
2.117166637770817150e+00 1.746321418088605970e+00 1.413749453829108882e+00 1.875774034151300507e+00 1.844197005702985948e+00 1.623196588125153328e+00 1.533510810804469493e+00 2.127826399029743243e+00 1.565044403961323383e+00 2.029564645240878207e+00 1.735111632938657777e+00 2.551742943006177100e+00 2.466853551018046709e+00 1.988193927973325170e+00 2.466311337167211626e+00 1.969581968179367371e+00 3.117568240012610126e+00 2.427808041540322037e+00 2.571822298503884774e+00 2.442678147202204109e+00 2.986085134541714314e+00 3.463080862679086991e+00 2.696998637976990132e+00 4.089857511427305248e+00 3.642341013319002840e+00 3.372059992469843337e+00 5.092150663944434719e+00 4.006558376798736276e+00 4.590488795545596190e+00 5.670954953591018644e+00 5.680811609443650489e+00 4.248721737715341895e+00 5.037515337451754505e+00 6.357832666187572812e+00 5.307608534532842981e+00 5.255478163938020586e+00 4.343511520444161000e+00 5.681736485900874989e+00 5.953018990324287607e+00 5.505150261967183489e+00 6.801653671706717752e+00 5.233729195211736851e+00 6.378227084812848169e+00 7.238893489892253008e+00 7.771127225346883272e+00 7.682294704021156662e+00 7.344062011890317265e+00 8.468827309049363095e+00 5.727906524947140809e+00 5.763278992361462905e+00 5.933730456784942930e+00 7.845543209358810444e+00 5.563495540093520653e+00 5.983966617204019123e+00 8.710206899186941243e+00 8.420109789974411285e+00 8.574509572887020425e+00 5.976120732752961295e+00 8.155012627343554144e+00 5.771687018314541007e+00 6.816406101901394621e+00 8.913677987355846710e+00 9.263047322931191374e+00 6.279421446986278355e+00 6.277309594673358362e+00 5.946395888593165147e+00 5.878437946047523788e+00 5.737179737821642256e+00 6.618138377809834161e+00 7.196653009608093399e+00 5.453252977346947361e+00 8.656148842548217814e+00 7.397499210987191987e+00 6.245842705280844065e+00 7.949192612795801693e+00 5.493854602769112638e+00 7.901527048963355782e+00 5.557952580211439120e+00 6.037785723126155801e+00 6.798984195284642595e+00 5.823505219358085405e+00 4.907812164966769863e+00 6.348373912887736559e+00 4.819861750701805114e+00 5.508883502597551107e+00 5.319214618810041983e+00 6.379448001867226381e+00 5.372642473017088527e+00 5.934373043873645059e+00 5.015007202891474059e+00 6.046584792673805886e+00 4.414985318507475220e+00 4.374349509057192442e+00 4.815543021540575452e+00 5.253482201109028082e+00 4.206764239524651394e+00 4.090439260844284775e+00 4.681428487150675721e+00 4.367050847263299396e+00 2.795737234179268782e+00 4.189923841037747287e+00 4.045279812008244491e+00 3.508860659175730312e+00 2.895881102917426286e+00 2.622189485191082525e+00 2.895859187214079089e+00 2.616367223777899653e+00 2.263270210247243508e+00 2.197637882544578591e+00 2.746297218670412654e+00 2.361015653750940135e+00 1.866302576952769909e+00 2.740694204375921927e+00 2.120533540629475855e+00 2.288294309758352352e+00 2.087192087326982914e+00 1.867403226485799150e+00 2.034622860301774416e+00 1.938272487269630417e+00 1.853050179749896165e+00
1.631124146099181660e+00 2.155045192716032343e+00 1.528840516129607696e+00 2.245425232313004393e+00 2.310636540482859935e+00 1.508251152463713662e+00 1.625928803449203430e+00 1.689031800981470877e+00 2.207464671053154248e+00 1.799977593302646284e+00 1.965156100278752982e+00 2.331474282548954502e+00 2.116866853412543215e+00 1.908362637730498745e+00 2.452177556009027537e+00 2.669595301686966682e+00 2.397986969432067905e+00 3.369313624577756183e+00 3.125665729466434062e+00 3.376685585013323720e+00 3.434846248347260822e+00 2.775788802021390111e+00 3.429070469518185060e+00 4.355754076362380545e+00 2.863746248193430599e+00 4.528189219234951324e+00 4.358234873997800740e+00 4.943148118895765109e+00 4.225299952568026818e+00 5.378919449033432443e+00 4.144851823222980514e+00 5.818442603528742652e+00 3.769288755597384633e+00 4.954295494508401454e+00 4.962356177924355016e+00 5.008782539626420061e+00 6.123680214777586173e+00 5.967180388655322965e+00 5.436070573914479453e+00 4.597061224784813938e+00 5.783654705429695397e+00 5.570265400910829889e+00 7.900415422511375851e+00 6.995644954568169815e+00 7.736921672606178468e+00 7.815013682458516797e+00 6.572776381353350850e+00 6.403478303091860724e+00 6.065380024836838579e+00 5.379242123743067872e+00 5.751836012900683137e+00 8.265395339145641174e+00 7.058429627355781832e+00 8.746270202682202566e+00 6.335129337768665714e+00 5.944458404678877983e+00 5.672377069363164104e+00 8.926053335295240032e+00 7.030659747095826084e+00 7.077309916000490198e+00 9.445404575597081021e+00 7.500099076750031735e+00 9.007737247467293429e+00 6.202221552072002986e+00 7.111108220759071230e+00 6.098689926983915655e+00 6.501152653327589626e+00 7.938731299567331590e+00 5.650392285636446132e+00 8.757173527745306885e+00 7.146078204878870466e+00 5.806084353578609303e+00 5.509785070210934776e+00 7.676721935732707003e+00 6.495641395972444165e+00 8.278601784226070848e+00 5.449783336156202473e+00 6.934477974309319670e+00 4.878928535123021604e+00 5.175136070691699786e+00 6.725108972278719399e+00 6.776230991828778194e+00 6.799954568864306381e+00 4.690175573185740632e+00 5.763710627690313615e+00 4.677482109723197112e+00 5.849715158034552331e+00 5.338094740753751566e+00 4.906205276922352532e+00 5.358376867702423496e+00 5.287112199187269823e+00 5.571623441107199426e+00 4.288072338647404891e+00 4.898811017885075003e+00 3.971969390546455703e+00 4.849176116621802812e+00 4.024247490874444999e+00 4.461310792842026807e+00 3.939385029897464197e+00 3.658158701729981921e+00 3.033590333726183363e+00 3.275796859787882376e+00 3.931993690947346742e+00 3.643477662191836774e+00 3.080771417755748143e+00 3.493792493554618073e+00 3.020199812548672647e+00 2.946805687885383662e+00 2.737135466023503216e+00 2.221125640485304586e+00 2.185188153310826831e+00 1.838039633973518328e+00 2.457334168625743054e+00 1.667519784193686627e+00 2.593020309800946777e+00 2.058107657501908161e+00 1.718159169435300671e+00 1.603042749706033332e+00 1.384162099196547757e+00 2.203195814279738762e+00
1.447039291331261524e+00 1.463353412046324964e+00 1.853032757957697507e+00 2.215798939764434650e+00 1.695186535810557782e+00 2.268720393375445621e+00 1.746054677242018904e+00 2.058713462761934565e+00 1.611557259091671135e+00 2.185279398885134228e+00 1.914538024998287957e+00 2.162316723421219056e+00 2.398301163919392742e+00 2.273068655954854300e+00 3.101592715805257416e+00 2.726045297840097525e+00 2.760318163524635438e+00 3.014777180813405177e+00 2.322456404028147681e+00 2.620568029064752835e+00 2.527712967825706425e+00 3.635942836728109917e+00 3.845338386016591947e+00 3.252128560311856820e+00 3.579695208295124775e+00 3.745449747287561415e+00 5.055585604518875620e+00 4.889764897381850162e+00 4.479809519933461992e+00 4.137889786533717640e+00 4.855461300657728962e+00 5.562472917367663250e+00 4.457162313403478571e+00 5.834307780864224746e+00 5.195785015410280039e+00 5.602274187387507709e+00 4.231702319078511465e+00 4.660269929159132296e+00 4.624116086551124383e+00 5.341270654116429206e+00 5.841760774151176783e+00 7.164278774554474261e+00 7.722417947953123196e+00 6.073296681629290816e+00 7.686733315543896161e+00 6.115163521277047209e+00 7.764853218556739378e+00 8.073167253020470113e+00 7.636496399447448624e+00 7.790915545979474111e+00 7.553609134937408598e+00 7.350722988062784680e+00 6.749074035729258014e+00 8.556557812209101499e+00 7.934202207978189314e+00 6.484376484439639654e+00 7.192945941438155799e+00 8.492344302880885820e+00 8.895263362388959649e+00 8.317480762421089580e+00 9.389234233807311369e+00 7.642932409266728122e+00 8.228123806806868501e+00 5.766215631082230786e+00 6.479272190232241435e+00 7.581730276949514291e+00 5.784365066009297784e+00 5.957643862150450609e+00 8.445961777273080173e+00 7.872921502427740137e+00 8.433746784868041857e+00 5.383985318937889453e+00 6.780900279837326572e+00 6.507123865261455364e+00 5.727976398050411255e+00 5.853397265184693943e+00 6.987426094689710432e+00 5.879278210703922980e+00 7.127062728174417217e+00 6.480964779036450629e+00 6.236800235257608627e+00 4.904861172223005994e+00 7.288256570430730719e+00 5.104827143800115152e+00 5.414975144281882535e+00 4.917275317556319969e+00 5.697258213243565628e+00 4.323721326210696603e+00 5.527895767288000251e+00 5.782623759174752465e+00 5.720363227979987641e+00 3.694008711497574371e+00 5.420501999835607876e+00 4.288753415278629078e+00 4.373623824967094897e+00 5.056968524880951499e+00 3.981863128152421716e+00 4.125109048999861194e+00 3.920188510092883494e+00 3.354745367820650248e+00 4.258106538912880268e+00 3.550494469497804673e+00 2.832823619587616193e+00 2.560001286915460472e+00 2.498211567842553826e+00 2.936525493507058826e+00 3.376634627067057082e+00 2.752342184566760608e+00 2.609655585110838505e+00 2.839808585729444168e+00 2.457695415243788872e+00 2.817272524697880698e+00 1.791258258911611501e+00 2.044689446585483239e+00 2.067577630867257099e+00 1.731153282434579888e+00 1.876776479677704224e+00 1.928187346943478930e+00 1.995812472851498098e+00 2.155208235934074956e+00
1.610664260649886437e+00 2.233596858050310274e+00 2.111785183532250976e+00 1.734985716261695066e+00 1.807183770617689422e+00 1.781277253825529261e+00 2.215485998200759976e+00 1.653331224620541162e+00 2.059771401395007473e+00 2.333057937104785484e+00 1.936327621484721373e+00 2.306807126905392913e+00 2.605402222229129539e+00 2.471629829838440706e+00 2.826619106588132979e+00 2.733872259570565344e+00 3.146524847304504213e+00 2.809019918196957732e+00 2.505376116243869689e+00 3.114141001342658477e+00 2.562318820677778497e+00 2.576446537146800164e+00 3.043165156165282603e+00 3.013580619287113738e+00 4.518116601180405034e+00 3.677840040857414561e+00 3.886407336870269624e+00 4.446674265372446477e+00 3.863283321678923521e+00 4.005075943815773698e+00 5.114212829438800512e+00 5.452437440141007841e+00 4.207192973225599708e+00 4.570345747334343400e+00 4.496314200450180820e+00 5.247846197648844857e+00 5.546371381118336608e+00 6.299415875907419249e+00 4.858442503036584093e+00 5.386599663015753769e+00 5.630708236857574711e+00 5.547350446319970985e+00 6.137568881746894078e+00 6.405182741242163580e+00 5.744863239211459138e+00 5.579912419751811292e+00 5.455077210062070137e+00 8.254661015342763974e+00 6.654975537515838369e+00 6.469491487013982578e+00 8.585275235602201960e+00 7.157719829215507090e+00 8.238209511165266008e+00 6.367439407615666624e+00 7.757962719115532479e+00 6.937620454912183376e+00 7.803769466271727850e+00 6.135401737945807454e+00 8.388573167862482194e+00 6.667730905994010193e+00 7.862565805159156263e+00 9.017805463333917970e+00 8.883933711080365114e+00 6.282094016796185620e+00 9.212983834215078716e+00 5.714794452288609605e+00 6.445331403992651254e+00 6.627175714525882277e+00 7.392280881676518867e+00 6.032050866527839617e+00 6.946432373149563411e+00 8.537013424175906806e+00 5.371583587038397667e+00 6.329661068831810233e+00 5.763091369961292010e+00 5.044726722232669047e+00 7.433399610584483952e+00 7.895265528748553585e+00 6.812841100695393060e+00 5.983019751915779061e+00 7.476112454202176849e+00 5.496936605344372673e+00 4.555251446611672250e+00 6.506932984922185526e+00 5.725921588345358693e+00 5.340141519554800986e+00 4.711388106009105847e+00 4.580791313787828223e+00 4.281535949939168972e+00 3.902031189209446804e+00 4.857770211552655759e+00 5.470924399192743870e+00 5.434492958301754051e+00 3.448447394759178053e+00 4.302443326101872856e+00 3.924627450688889851e+00 4.662257556975203165e+00 3.446412914009542305e+00 3.946231364098482519e+00 4.179262761273510485e+00 3.473426283214697374e+00 3.305669471701787820e+00 3.032235830465617177e+00 3.926104373253392676e+00 3.578998314459818975e+00 2.703923873510603926e+00 2.336606408623744358e+00 3.505613784375051445e+00 2.383630491115166006e+00 3.086540002731978927e+00 3.065911299725934569e+00 2.822879489259681574e+00 2.246784329103864941e+00 2.015251034513934947e+00 1.872431609130054353e+00 2.189116407068817605e+00 2.157142269244224586e+00 1.462469538169690608e+00 2.237815863951862827e+00 1.794792602340264720e+00
1.647696499396507752e+00 1.702818044066646719e+00 2.101035130469178558e+00 2.058643495786351529e+00 2.124153060336310794e+00 1.504798610677769322e+00 1.628147415903911099e+00 2.466223211061872256e+00 1.678833371331437840e+00 2.034185597163436832e+00 1.659346212614887683e+00 2.567985866358023728e+00 2.204510895971869999e+00 1.904367418441970550e+00 3.094173542113235253e+00 2.640946816517483864e+00 3.357351081032963869e+00 2.229169104753895958e+00 2.353649332328676458e+00 2.314523155012292221e+00 2.784477833124163748e+00 2.817820181262133516e+00 3.598840992287002383e+00 3.712933321960077304e+00 4.025912088050793258e+00 3.670646956855053489e+00 4.949161988993758143e+00 3.140649359716740197e+00 4.162779746077514886e+00 3.656611294548433033e+00 5.441501999037314796e+00 4.595421011968816138e+00 5.621187988866358509e+00 3.833168923095095604e+00 4.705335160789862137e+00 4.125229780744708030e+00 6.355018388801642715e+00 5.914453460885492397e+00 6.489677778012270082e+00 4.849429763336180699e+00 4.853574366656093098e+00 6.866339167165236290e+00 5.679183200375420348e+00 5.701471302595572332e+00 5.848812431036172654e+00 7.343163987753185573e+00 8.456612393324155263e+00 8.450124628424836359e+00 7.380431928002230357e+00 5.377677930748326673e+00 8.667848480822366142e+00 6.156659532498407472e+00 5.968859837237332933e+00 8.998745218143580971e+00 7.673767221451254450e+00 8.212901439350977384e+00 7.524375198514127838e+00 9.192422614220442156e+00 6.825708203733097612e+00 9.307556160565068737e+00 7.459892926465508722e+00 5.660593680285891161e+00 7.600966573250964586e+00 6.908963614536552278e+00 7.781124389884274350e+00 5.578986809542906045e+00 8.100989755433920081e+00 8.844322127921866894e+00 8.618878557481004066e+00 5.649198189203416653e+00 6.370902162602195773e+00 6.478236292008457298e+00 6.677392356052828326e+00 5.674025941969674136e+00 7.885899811423566774e+00 8.104434870861995321e+00 7.700241700670087397e+00 6.917333858041698313e+00 7.231083723401587449e+00 6.952710668220519530e+00 5.957561329318170174e+00 4.798837912145307527e+00 6.473802612927861411e+00 4.887322594407130794e+00 4.942062074994423959e+00 5.168262766047253542e+00 6.371165530621731854e+00 4.935561994483361303e+00 6.093956348550229052e+00 6.052649662589730362e+00 5.062372128565039375e+00 5.022112560160890027e+00 5.383420213502415841e+00 3.797231031309718841e+00 5.224509689448161964e+00 4.412659383626320597e+00 3.613162931893449503e+00 4.128294615933894463e+00 3.963743209813954227e+00 4.059781314353014814e+00 4.036012912958645948e+00 3.698904247412714952e+00 3.585404368322731461e+00 3.223472250080617663e+00 2.759413542155553678e+00 2.554439530550556725e+00 3.609508033057409637e+00 2.363021659022702892e+00 2.631669371808913915e+00 3.274894314701424225e+00 2.700896490586457865e+00 1.947853954213227601e+00 2.843613230777499279e+00 1.735776873014370336e+00 2.675499543290118520e+00 2.264781027438921068e+00 2.285263204862797881e+00 2.146349742906399793e+00 1.655140952543621369e+00 2.153556208130153582e+00
2.108127314721777612e+00 2.169174520129840467e+00 1.633821234893193974e+00 1.417049038790521021e+00 1.618681027289822216e+00 1.632725232624069100e+00 1.827726913503656458e+00 1.734174206804972584e+00 2.363872434778674148e+00 1.976291641935587151e+00 1.958633411843478056e+00 2.689267226000699562e+00 2.713935011582642165e+00 2.943210413614065768e+00 2.064011050508441691e+00 2.542382908825059573e+00 2.057053440126837440e+00 3.237572158440366277e+00 2.735520164051859826e+00 3.559528344364809360e+00 3.032508038757397273e+00 2.777420395538345410e+00 3.977052682958984064e+00 3.848873760543794376e+00 3.215839074835879163e+00 3.984988963275304830e+00 4.940818316395856336e+00 3.876149679483588795e+00 4.897947346395678636e+00 5.128924532932953362e+00 3.572467978145565493e+00 4.814648498907175167e+00 4.914397976281927427e+00 3.859365941934051136e+00 4.183699299032673125e+00 6.547518269177757588e+00 5.074013673869106178e+00 6.466797239634920480e+00 7.005383403607984505e+00 4.661477912626907028e+00 7.502736829106686933e+00 7.510670419308023149e+00 6.559832386075219901e+00 6.463620746919873206e+00 7.170481088769218303e+00 5.629979516010278573e+00 7.740134978000607902e+00 6.655612691290286875e+00 6.871430533820841902e+00 8.328400866258679258e+00 8.156235688388045801e+00 8.633424641230895702e+00 6.616260780921368045e+00 6.288934852539910914e+00 7.318162520051802566e+00 5.921949346833407013e+00 8.490434913770799952e+00 7.165963366497101639e+00 9.267545196505968974e+00 7.861872551964000699e+00 7.523376663136073894e+00 9.244228197345245590e+00 7.169538869773523615e+00 8.562803234318488776e+00 8.396681226359460126e+00 6.830368529245092191e+00 5.617733199603429206e+00 8.921759865022632852e+00 8.075788630871482354e+00 5.966714828501248569e+00 6.935478291209031809e+00 7.452245816221045871e+00 6.674529714935666824e+00 5.928568992974205365e+00 8.366676477227924735e+00 7.965572270677207634e+00 7.879446058649114626e+00 5.415536019195180018e+00 6.979126099193877053e+00 5.903448760377230542e+00 5.353470984175579872e+00 5.923119988658779533e+00 6.498553154115470853e+00 4.410696995826683953e+00 5.581282064173481494e+00 6.467866811066083521e+00 4.735707538654589044e+00 5.320911584380638715e+00 4.738370636670993008e+00 5.667273345553692998e+00 4.525490651839023215e+00 4.813070245712008699e+00 4.600157258862552112e+00 3.895556013665986583e+00 4.400954893782007105e+00 3.866083646505856120e+00 5.097789633502499029e+00 4.128695067927523610e+00 3.380022758215382783e+00 4.366365310553827150e+00 4.403207727378815051e+00 4.262757609291867311e+00 2.771248542448947028e+00 3.591173161216435261e+00 3.625543790165461466e+00 3.904691995854451037e+00 2.934295124567296575e+00 2.310888505946100402e+00 2.313128081358802657e+00 2.814070088872162145e+00 2.944935689788092059e+00 2.642422415947997205e+00 2.809561753528082129e+00 2.164111526123853491e+00 2.020889037262431742e+00 1.669678378457670087e+00 1.604356910583247808e+00 2.115911843633407230e+00 1.680430956396228082e+00 2.283989220983914770e+00
1.535233603071235464e+00 2.088676878446112717e+00 2.350272842200756163e+00 2.111842236443319365e+00 2.077399480160521339e+00 1.783717779817050264e+00 2.059065210138974145e+00 1.638875210958913309e+00 1.559816337754469817e+00 1.920390740087305481e+00 1.887622237202060793e+00 2.632539162536078781e+00 2.576283804824124779e+00 1.943356807018889132e+00 2.857823000324160478e+00 2.100206023810823996e+00 3.221277280831624346e+00 2.492060983679335706e+00 3.535796565060307817e+00 3.065300678219593955e+00 3.699050407662253459e+00 3.549835309498010183e+00 3.115922207320637405e+00 2.875254886245746988e+00 3.861406552569339734e+00 3.639570889385458585e+00 3.539974041110614866e+00 3.261106294858782118e+00 3.281841658157005348e+00 3.487651639193427133e+00 5.473934556684089792e+00 4.603622801772330853e+00 5.944346486395075679e+00 4.463712711700236646e+00 4.875262582762409203e+00 5.163039965132155018e+00 4.888228617102337914e+00 7.022730849112188700e+00 4.563379028767562851e+00 4.519621877875322546e+00 7.389740239518283182e+00 5.151541390867365955e+00 6.736229091767009791e+00 6.984934923099166859e+00 5.420417162118359222e+00 6.113413231060885522e+00 6.552333021860028417e+00 7.453764829852126184e+00 7.085641992832344194e+00 5.776192052272327793e+00 8.222084612634516176e+00 8.148727694526490595e+00 6.976546566798801585e+00 7.540338010041751637e+00 7.230384660283036169e+00 8.538578719027361430e+00 8.494729667799916228e+00 6.200901430345751919e+00 6.960478570137755838e+00 9.313665677857228431e+00 8.420830557925951254e+00 7.551527785653249225e+00 8.793608316217090604e+00 7.960226038626081468e+00 8.230006485335882971e+00 8.307671990520518079e+00 8.103420775309594148e+00 6.460990482888735009e+00 5.927699399184253259e+00 6.190942786741375770e+00 7.871993616594756382e+00 5.847000507948871828e+00 5.364623199341979287e+00 5.966814992279095620e+00 7.510229018005943225e+00 6.423527528263804243e+00 7.266603728240982996e+00 6.819978115623745119e+00 7.745229260860546638e+00 6.407963101763199276e+00 6.055604484587266079e+00 5.479710004518532962e+00 6.489604851409261244e+00 7.344695823209463015e+00 7.088843106855365228e+00 6.129273110681253023e+00 5.875058765824879181e+00 5.891998884111968593e+00 4.034803279571394619e+00 4.699948772904630090e+00 5.293980527247128975e+00 4.756340476122154826e+00 4.364799120415534972e+00 5.360447047317066449e+00 4.832545561760873021e+00 4.334446233525396153e+00 3.757256718527854478e+00 3.239032473954998270e+00 4.093184375353597915e+00 3.059743020260369928e+00 4.174731346869060111e+00 3.788269828838066733e+00 3.777218017654720761e+00 4.022962060698867859e+00 3.956116750592789444e+00 2.919487164478098418e+00 3.385709813879346441e+00 2.571459069104642392e+00 3.132693481237995847e+00 3.018841540809896529e+00 2.045849177245758543e+00 1.984311254717093131e+00 2.297169498491803186e+00 2.683474599065244881e+00 1.878504496759042075e+00 2.057983995246921438e+00 2.367897297300270321e+00 1.810095881730676259e+00 1.738634413103068654e+00 1.704915137200982977e+00
1.726310425341146093e+00 1.445362668752507407e+00 1.756255722326842683e+00 2.319956916920029588e+00 1.687592617595912614e+00 1.594415586558672659e+00 2.266927467418923037e+00 1.780997791992855461e+00 2.214964070861619394e+00 1.632801062674044790e+00 2.155342803183625477e+00 1.810103670468601988e+00 2.671934316992162106e+00 2.952046584591359490e+00 2.454617017357004549e+00 2.695693698675151850e+00 2.806687240494019964e+00 3.323687739709179301e+00 3.294579237903485947e+00 2.867924179397979945e+00 3.344174891242437830e+00 2.944225658636664189e+00 4.043637564016948183e+00 3.556422349095945901e+00 3.015190907812778764e+00 4.631359959568350781e+00 3.994716330225311030e+00 4.520565133306553740e+00 3.398543924103269553e+00 3.820684179555500659e+00 3.427091936793443594e+00 4.700377754596691382e+00 5.083877110175314407e+00 5.493608280533869959e+00 4.101135036770769737e+00 4.709815135763024685e+00 4.262327742770188443e+00 5.845471625985328323e+00 4.660798883475084864e+00 6.325648646327699964e+00 5.528389952903276949e+00 6.504680272470901414e+00 7.683950302083671247e+00 7.315972649818989204e+00 8.107031894802259941e+00 5.771803991396443401e+00 8.323851608590647544e+00 8.268608151934554229e+00 5.363957371515667205e+00 7.125657801769669675e+00 6.210650801966396628e+00 5.436640162390260045e+00 8.829573445290000322e+00 5.944698795699041582e+00 5.737871184091963173e+00 9.062474880094731233e+00 7.023193818259974464e+00 9.177662472340189836e+00 7.292258372854956150e+00 8.173213358294130870e+00 7.583763822876068872e+00 8.702578800217146693e+00 8.259442306023849767e+00 7.397282197064805054e+00 5.637053997386410664e+00 7.173686747634631544e+00 9.106505989151717273e+00 5.605923044250216591e+00 5.922709804503768716e+00 6.606472226914832824e+00 8.481247400750616450e+00 6.485006760304967699e+00 7.788438601085478474e+00 6.352294483929964208e+00 7.260170826937714317e+00 7.644854204385579166e+00 5.158557751659690993e+00 5.572858346175231681e+00 5.580985240388959490e+00 6.644983426085659062e+00 7.052578984732203793e+00 7.129389093209905326e+00 6.997102328705411267e+00 5.055747932117601984e+00 5.988368001661807050e+00 6.899921863837443325e+00 6.730834745902821936e+00 6.613873285575996519e+00 5.189033400968068754e+00 4.701559638733757929e+00 4.600546825256294881e+00 5.190639813283763893e+00 4.029214465233798670e+00 3.555013752050581122e+00 3.526049611949610973e+00 3.971390376544206902e+00 3.418159983212674558e+00 3.958625567064176565e+00 3.987447370413025993e+00 3.158607829574130665e+00 4.409006397328204763e+00 4.055429761623973839e+00 4.065659038690737859e+00 3.414901768427307971e+00 3.049051071663487988e+00 3.912524349399946644e+00 3.530250691718810341e+00 3.045050932035683111e+00 3.198125645555604635e+00 3.214487702903596311e+00 2.092658768210884812e+00 1.956672959938004830e+00 1.837356262474810320e+00 2.178324539353628797e+00 1.693540131840382434e+00 2.530293892992907967e+00 1.572447975633624262e+00 2.336347901066510691e+00 1.819712837785053328e+00 1.884421069399009330e+00
2.150166781036321861e+00 1.518011837722976098e+00 2.302701137405552601e+00 1.840513292206478413e+00 1.922820020787316508e+00 2.079794342483125558e+00 2.094636532923216610e+00 2.398880470195585701e+00 2.171424147700063312e+00 2.428369774800134717e+00 2.191880329830051988e+00 1.993781142461124256e+00 2.882993757020726466e+00 2.267696391515582111e+00 2.985176421401622981e+00 3.017989587278125718e+00 3.244671195536144914e+00 2.267869308193458888e+00 2.222188721754810636e+00 2.969612012705248105e+00 3.355395019659729527e+00 2.958978385014393364e+00 3.556274287797713374e+00 3.854288717060373237e+00 3.401159396154351366e+00 3.405520170516390444e+00 3.742180054807582756e+00 3.552916619028485545e+00 3.667920020495431199e+00 4.066410800425888539e+00 3.478560801761818588e+00 5.114410062461901774e+00 4.392588849131454865e+00 4.138700496164448239e+00 4.296052364377157318e+00 6.213792352781526418e+00 5.014030914968587105e+00 6.112352101135190452e+00 6.602229710493349835e+00 5.044782602171856034e+00 5.642147122301988560e+00 7.487981510178883582e+00 6.161914409211392218e+00 7.585696774658440056e+00 5.560936332292470752e+00 5.872353575022644101e+00 6.871325261745814927e+00 6.940310588166002326e+00 6.156232043297867662e+00 6.366389912610388002e+00 8.306608865538256836e+00 7.146849637481612838e+00 7.434107882811010981e+00 6.966909962098239539e+00 7.478432394860335286e+00 7.118534026000304493e+00 6.322154261573776246e+00 7.727673720125765477e+00 8.733359364080996556e+00 7.060569211764708974e+00 6.030044903986596871e+00 6.077571656495674546e+00 8.102341867597029790e+00 8.125928306152800928e+00 5.951081398531428590e+00 7.884192936326892998e+00 7.962637459886071412e+00 6.123406730920074814e+00 5.647376553852479830e+00 7.683596796077931224e+00 7.178212148450921148e+00 5.724318409248408734e+00 7.797006639268051487e+00 7.334041507500434598e+00 7.330524460601166581e+00 7.573579125504794618e+00 6.134244657406651591e+00 5.523566630139763234e+00 5.992707473726277101e+00 7.779554391174403172e+00 7.122901891213683001e+00 7.510780314761825949e+00 6.090588817308386638e+00 6.676792036167816136e+00 6.455413448955788169e+00 5.396145677349057479e+00 4.414139183849258075e+00 5.269817352318717063e+00 5.666039290596658340e+00 5.806722231020365221e+00 4.751107703802575521e+00 4.014218953556566660e+00 5.773405624589436513e+00 4.582339296512522253e+00 4.142291527078827862e+00 4.392196661229261778e+00 4.468099710399673796e+00 4.415265621281217356e+00 3.577139960490000270e+00 3.878783872646360376e+00 4.463849481072609038e+00 4.272428481960990787e+00 4.351754623691357793e+00 4.009291308434953294e+00 3.168957677377589821e+00 3.201827287864157601e+00 3.511889362751051458e+00 2.823854651993413789e+00 3.229528791076778926e+00 3.037865026372733368e+00 2.367160787272081901e+00 2.064842811619072016e+00 3.035434501122553197e+00 2.262119064054981088e+00 1.952859664923796146e+00 1.675877401714070070e+00 1.595987726961678899e+00 1.534174955731771650e+00 1.711709315038152601e+00 1.657920165647507771e+00
2.031814884607250793e+00 1.596536438024162896e+00 1.910968363663315239e+00 1.496603288292752243e+00 1.585214850227087746e+00 2.050586392488936038e+00 1.643645411912273202e+00 2.076982017599751540e+00 2.447740021602859084e+00 2.063908082917270459e+00 1.989109633281456846e+00 2.658178853657465535e+00 1.926822662859346558e+00 2.629876641112291136e+00 2.820405733631041745e+00 2.979278021428843015e+00 3.020285161189894652e+00 3.242920569472540482e+00 2.460831474812568587e+00 3.722765225029150749e+00 2.864337738699455294e+00 3.080123070204774827e+00 4.051283238163462030e+00 2.836151168212568408e+00 3.727211947369391876e+00 4.475995815297684643e+00 3.723773540164645013e+00 3.251613760655361229e+00 3.471655528988685013e+00 5.000226673263156840e+00 4.186103314794109131e+00 4.499225811955735566e+00 5.025669742671381890e+00 4.991035529237705326e+00 5.929064061771086358e+00 5.742632400424952266e+00 5.212381315301358065e+00 6.004386287332012628e+00 6.258138253247681249e+00 5.286597694291625515e+00 5.841765271116583946e+00 5.756820026346115782e+00 6.923581992468940349e+00 5.594264969135680943e+00 7.798769441782982703e+00 6.505063517552771124e+00 5.704270899444906284e+00 6.144446830223819767e+00 7.977108337890035372e+00 7.731825103621655870e+00 7.803612940444375923e+00 8.764229254165515570e+00 5.484313861718461247e+00 5.940161393092149744e+00 5.568498593766995519e+00 8.151032483016303232e+00 5.778442431362847742e+00 7.213423473731049640e+00 6.859121174178558711e+00 8.686568630009299241e+00 7.157300151731324611e+00 8.983049863760824039e+00 6.318583958764129704e+00 7.498958130753219820e+00 6.326164075061400105e+00 7.175439789335352536e+00 8.834921609694482925e+00 8.676783315359045901e+00 7.974742636182885924e+00 5.597163536940005457e+00 6.822240886477157318e+00 6.547459293439190198e+00 6.918078883631184617e+00 5.765778591078658977e+00 6.277582177805285824e+00 5.183221524805788682e+00 7.138698002333618398e+00 6.851798140674204340e+00 5.058499683848447503e+00 4.969826792949547212e+00 7.010982346496675177e+00 5.973761664473362210e+00 4.878341211543031797e+00 5.073479374478067072e+00 6.696135399600730231e+00 5.366055711128240091e+00 4.561159643678685427e+00 4.742681766471362970e+00 4.536411624220655803e+00 5.862073333291964339e+00 4.628512546524992111e+00 5.075343161206211207e+00 4.966516521681475282e+00 3.609049873258465713e+00 5.232441371554473974e+00 3.348788238373285875e+00 4.012342787485499329e+00 4.233618379561162826e+00 4.467823386514254480e+00 4.661460422916250401e+00 4.139529066603649277e+00 4.134324839026299436e+00 4.166167772871899544e+00 3.061222148439298518e+00 3.801918121904001691e+00 3.663164376298278402e+00 3.115488250420365812e+00 2.835820434744554586e+00 3.489083429401095948e+00 3.027699952392896243e+00 3.234954488724073318e+00 2.131179502829934513e+00 2.047376406069354449e+00 2.410331117375708043e+00 1.717562570250929177e+00 2.732293562075814197e+00 2.401513083941479554e+00 1.734407302797974504e+00 2.298915481130152649e+00 1.714687487630091045e+00
1.510121920380393501e+00 1.671836704300992515e+00 1.916492079871945586e+00 2.185701245081110855e+00 2.357278467390699905e+00 2.198692037120195231e+00 1.868928604333712551e+00 2.049305357602104749e+00 2.466432795731587468e+00 1.807451840057663572e+00 2.691619751312592346e+00 2.497515120823577739e+00 2.783366407701161727e+00 2.016755811830149625e+00 3.033265057226127492e+00 1.958012907567217242e+00 3.131582250666579359e+00 2.588886372918915768e+00 2.678268450248422639e+00 2.879472697522444502e+00 3.316404212077549651e+00 2.476451752501771075e+00 2.813291534531006555e+00 3.628619767367631699e+00 2.782378992879301904e+00 3.453212637011280339e+00 3.113509094810224642e+00 3.806826949068537136e+00 4.980594906806080857e+00 4.271016140537174266e+00 4.177273615432037346e+00 4.725271388591159472e+00 5.457718139058502338e+00 4.935726392065491908e+00 5.390923389490205331e+00 6.471613527290686285e+00 4.271036110274078368e+00 4.788876410350311197e+00 5.324327767065833328e+00 6.559432324237036482e+00 6.021708211834243762e+00 7.012256491065514297e+00 5.127627660591635994e+00 6.799358340140865486e+00 5.985845203833885186e+00 6.183088708038211756e+00 5.476580690736746249e+00 5.341409720847820175e+00 5.154570351712164822e+00 6.490125075742427363e+00 5.995225937974093533e+00 8.453342750204230427e+00 5.639580847408669939e+00 7.916181308778188708e+00 5.932497170672839104e+00 5.620006392885087187e+00 7.285574221744782974e+00 7.769011096334321742e+00 8.079883419074169737e+00 9.106396446696210845e+00 7.338112450985785351e+00 6.634447155057769052e+00 6.625990512448853842e+00 6.296523264311014501e+00 5.890735312347473496e+00 8.109980440950161906e+00 6.915123859594957345e+00 6.961115265701249832e+00 6.746154906851880462e+00 8.822586582106580977e+00 8.122574767596354661e+00 5.378427542961820684e+00 7.225693962448508145e+00 7.541285797371971356e+00 7.731398236765230081e+00 6.148659204942670264e+00 7.179989593536064696e+00 6.490331469555287391e+00 5.341236326488468578e+00 7.198196332184461532e+00 5.726394322669023929e+00 4.748377938921163555e+00 7.205843832622605305e+00 5.336880899019970315e+00 5.765725872903778360e+00 5.609017580610049514e+00 4.424682611030418933e+00 4.795444532684427053e+00 5.397461792087697496e+00 4.954013015431055322e+00 4.488371487467488485e+00 5.689721818200653480e+00 5.314800459107670072e+00 5.760545064053412823e+00 4.669587952313778878e+00 4.327882742625502210e+00 4.028307794895265026e+00 4.454835858254842407e+00 4.468676062438745156e+00 3.035821682817871014e+00 3.716383305117820779e+00 2.919414907494608968e+00 3.408204893909444699e+00 3.119088106214652267e+00 3.993404112375382287e+00 3.926801041552391958e+00 2.792615789262566928e+00 2.917642604403958728e+00 2.992345526902486341e+00 3.081090381271821776e+00 3.101900317756603798e+00 3.009546714309061954e+00 2.387723325244693662e+00 2.245452211912208007e+00 2.144915136387875787e+00 1.742748107158351711e+00 2.505999735178534138e+00 2.063360048385374235e+00 2.286159144744310368e+00 1.761181807853638315e+00
2.444189473892689701e+00 1.903065686027915815e+00 1.949218338218037694e+00 2.411734304243416283e+00 2.276544747403742353e+00 1.756473972975287845e+00 2.243908996515912246e+00 1.672073477169328193e+00 2.442177976958011421e+00 1.755287095969417122e+00 2.208496659059029810e+00 2.222102211403106153e+00 2.542498048803216726e+00 2.772183621395482689e+00 2.427639446691866265e+00 2.278273283275332073e+00 2.774281876931559587e+00 2.842048217685940070e+00 3.202237208541966584e+00 2.765258141534759240e+00 3.791890773973654483e+00 2.951368377154237610e+00 3.657334712371725693e+00 4.285039574192497369e+00 2.914029945576629643e+00 3.291343744051959508e+00 3.527091404503562178e+00 3.985827891606623208e+00 4.549165848788838673e+00 4.141555172664373785e+00 5.435749809838161362e+00 4.528343156452828921e+00 4.240650418186953097e+00 5.442120298633552622e+00 5.016321069488125062e+00 5.024421525328944149e+00 4.361089450252828570e+00 4.809149259300011359e+00 6.335183701158634939e+00 6.330946461666890457e+00 6.287522507862625787e+00 5.603236987778869249e+00 5.293763209726311203e+00 5.364937644156781538e+00 6.121950370167415834e+00 7.514528966455540804e+00 5.991113837938422115e+00 7.962602130620908270e+00 6.065585864494586588e+00 7.313284814477920115e+00 8.094830802947463155e+00 7.743801032800669226e+00 6.445609794344236754e+00 8.152240088057718381e+00 7.474115158972906237e+00 5.827737399125711093e+00 7.580269689767334285e+00 8.769053048377841719e+00 5.899375488892926178e+00 8.336565321758234504e+00 6.626655096305401393e+00 6.266182441716278362e+00 8.202016412864155726e+00 8.049509444046586637e+00 7.363644520108826974e+00 7.153537989558865107e+00 8.905280961050173971e+00 7.779426361063055850e+00 6.174219543647249786e+00 8.158770506707037740e+00 6.829114531528490240e+00 5.537464205065890432e+00 6.191724218029015958e+00 7.846561175729410031e+00 7.011414075935454626e+00 6.626952354609644047e+00 5.172967665761055933e+00 6.012811820371865679e+00 5.215813076744313825e+00 5.248714454138415419e+00 6.418312804391700155e+00 5.150579599167994793e+00 5.449638628262333029e+00 5.544305062788011718e+00 5.267669438058028675e+00 6.984618170259571102e+00 6.282748849994379547e+00 6.053154367461368146e+00 4.321981118489436113e+00 4.098325581334093748e+00 5.611060337154041733e+00 5.880748238860686428e+00 5.713940845886615882e+00 4.183620398027681375e+00 3.639028880365156482e+00 4.758898630139907659e+00 3.728152022620894179e+00 4.420318454188377544e+00 3.336353182218775526e+00 4.362982595786111695e+00 4.335177775157219138e+00 4.509938620446377833e+00 3.109596115000408112e+00 2.721740963263913127e+00 4.210232680481614587e+00 3.352099824841655362e+00 3.415659277049942766e+00 3.776273137616573905e+00 2.784802937466683392e+00 3.460739730893965582e+00 2.465519387687475916e+00 2.386909402843006678e+00 2.693259758411975291e+00 2.425536471158115326e+00 2.915968346086496688e+00 1.741199582999817252e+00 2.200050183164002249e+00 2.355919794196905670e+00 2.351594466923975446e+00 2.288744991601387113e+00
1.561234245411473820e+00 2.327378896565174493e+00 1.569795993112050647e+00 1.826746194366763554e+00 2.416008720344978045e+00 2.135287550965764503e+00 1.669259188157300677e+00 1.820570151528576597e+00 2.113002342765017083e+00 2.024946139002198997e+00 2.688290263276361003e+00 2.720120276377148372e+00 2.888097626922847994e+00 2.286377573765714821e+00 2.768831577741708738e+00 2.280103184691683715e+00 2.554634805786063279e+00 2.257355503948521136e+00 2.255069402982025739e+00 2.821145023480102321e+00 2.488018616742043942e+00 3.816236524651992479e+00 2.617545398937308310e+00 3.391334220135365562e+00 3.406932448099847299e+00 2.873414202998583633e+00 4.255843647890173109e+00 3.629543424320100353e+00 3.811497266184491028e+00 4.203763074359704532e+00 4.160977357785951902e+00 5.157568841756431155e+00 5.114190841117773445e+00 6.074282076163093791e+00 5.465398105519786220e+00 4.443417618418918913e+00 4.175818257578339576e+00 5.135938707406140225e+00 5.100483738227259423e+00 4.928984019289773144e+00 5.213676933937182234e+00 6.610382582968751031e+00 6.065803963882538952e+00 6.773127297467096852e+00 4.966594218931436266e+00 5.056018445855197996e+00 4.969906264667068641e+00 7.159389062768045875e+00 8.039836975062469193e+00 5.983672509534232020e+00 5.444398567411545820e+00 8.425213747440327694e+00 6.174393565642239068e+00 5.780763001139967550e+00 7.985087113280314952e+00 8.067415402721064055e+00 8.106480388460420627e+00 7.333117376961118872e+00 7.964145122012292966e+00 6.626355719701053637e+00 5.597394748987746027e+00 8.054632710387730654e+00 8.491436741361424012e+00 8.087769852487179278e+00 5.603301214082930137e+00 8.131867239908055822e+00 7.111244583568570476e+00 7.338385088787367394e+00 6.324496987694210759e+00 6.122566497782349515e+00 7.739900228783903380e+00 7.832205381777152198e+00 7.930453095869034463e+00 8.348297126151434711e+00 8.267279392118126680e+00 6.984060887984074206e+00 7.920033033833984604e+00 7.303357170971604084e+00 7.631509867472338726e+00 4.974449345057593064e+00 5.531588186233343585e+00 4.776290890998549088e+00 7.367056809957269081e+00 4.744411885342773694e+00 4.871965425636582303e+00 5.470365810223404957e+00 5.543008228245518865e+00 4.705311318688621292e+00 5.396845228939715966e+00 4.339221913094100991e+00 4.717226485363291921e+00 6.148353176233769091e+00 5.187818725150292742e+00 5.668509622235998080e+00 3.929242635067955014e+00 5.208741278202541736e+00 3.491436428013677595e+00 3.763127839636958516e+00 4.763590640278609456e+00 3.633058341875187391e+00 3.777876184315841712e+00 3.344981665922523550e+00 2.776251731558446956e+00 3.477129628858119936e+00 2.701426576374405641e+00 3.380179634707395131e+00 3.758806086221737619e+00 3.463883222504410053e+00 2.502049590310790883e+00 3.457413016603460676e+00 2.584990911308776340e+00 2.139805135215980147e+00 2.570068650980330993e+00 2.803739308652272388e+00 2.795245159401322788e+00 2.227006790234506539e+00 1.714906937509846241e+00 2.118566331301865446e+00 2.143076690901142722e+00 1.708899610055502505e+00
