6.976763260710311165e+00 7.184745464840745832e+00 7.389684882589439674e+00 7.590975389709808674e+00 7.788007830714049007e+00 7.980173020503648296e+00 8.166864825981106080e+00 8.347483306338713049e+00 8.521437889662113463e+00 8.688150562628431217e+00 8.847059049434836453e+00 8.997619955676535497e+00 9.139311852712280526e+00 9.271638278117530163e+00 9.394130628134753636e+00 9.506350918586981891e+00 9.607894391523229771e+00 9.698391945907022915e+00 9.777512371933363866e+00 9.844964370054086089e+00 9.900498337491683287e+00 9.943907906910807171e+00 9.975031223974600181e+00 9.993751952718161746e+00 1.000000000000000000e+01 9.993751952718165299e+00 9.975031223974600181e+00 9.943907906910805394e+00 9.900498337491679735e+00 9.844964370054082536e+00 9.777512371933363866e+00 9.698391945907022915e+00 9.607894391523229771e+00 9.506350918586981891e+00 9.394130628134755412e+00 9.271638278117533716e+00 9.139311852712278750e+00 8.997619955676535497e+00 8.847059049434831124e+00 8.688150562628429441e+00 8.521437889662111687e+00 8.347483306338709497e+00 8.166864825981106080e+00 7.980173020503646519e+00 7.788007830714048119e+00 7.590975389709810450e+00 7.389684882589441450e+00 7.184745464840741391e+00 6.976763260710309389e+00 6.766338461617291244e+00 6.554062543268406316e+00 6.340515618580674584e+00 6.126263941844160676e+00 5.911857577781763240e+00 5.697828247309231209e+00 5.484687359889123925e+00 5.272924240430485909e+00 5.063004556733813111e+00 4.855368951540793176e+00 4.650431881340563400e+00 4.448580662229409732e+00 4.250174721336688499e+00 4.055545050633204696e+00 3.864993858344640376e+00 3.678794411714420676e+00 3.497191063509406117e+00 3.320399453446605254e+00 3.148606874647058795e+00 2.981972794298871410e+00 2.820629516938154779e+00 2.664682978135239022e+00 2.514213655902948652e+00 2.369277586821216808e+00 2.229907473693685915e+00 2.096113871510977056e+00 1.967886438584919073e+00 1.845195239929894537e+00 1.727992090291952332e+00 1.616211924653390364e+00 1.509774184559145471e+00 1.408584209210450355e+00 1.312534620939010299e+00 1.221506695399898312e+00 1.135371707591899426e+00 1.053992245618641688e+00 9.772234849316868699e-01 9.049144166369581521e-01 8.369090242889254405e-01 7.730474044329971317e-01 7.131668269775820468e-01 6.571027322750278010e-01 6.046896625586460905e-01 5.557621261148288916e-01 5.101553932602693742e-01 4.677062238395876537e-01 4.282535265556084991e-01 3.916389509898711707e-01 3.577074136637264923e-01 3.263075599289588236e-01 2.972921638615891315e-01 2.705184686635030977e-01 2.458484703551259143e-01 2.231491477696636028e-01 2.022926420382551160e-01 1.831563888873432577e-01 1.656232071581153209e-01 1.495813470057764105e-01 1.349245012468088534e-01 1.215517832991489938e-01 1.093676751060504160e-01 9.828194835379519545e-02 8.820956218887943123e-02 7.907054051593338795e-02 7.078983181661584190e-02 6.329715427485732571e-02 5.652682882881474025e-02 5.041760259691017293e-02 4.491246494744937506e-02 3.995845830084523986e-02 3.550648557242463282e-02
3.713203520506697330e+00 5.429150632113660002e+00 6.468867515330194884e+00 7.086083828351543268e+00 7.466710086599780638e+00 7.744146772752337426e+00 7.970487469284480042e+00 8.174386990929404462e+00 8.362357811602848301e+00 8.540304251003751901e+00 8.707835658960778602e+00 8.866669115927075850e+00 9.015699843595575302e+00 9.155568529271590705e+00 9.285256286238659840e+00 9.405009864363758965e+00 9.513985229891019912e+00 9.612263879179192116e+00 9.699169526032052957e+00 9.774722824801541421e+00 9.838398800361707330e+00 9.890214448241360756e+00 9.929782634149807663e+00 9.957151229715146101e+00 9.972060760037178895e+00 9.974611618890284248e+00 9.964663713563187031e+00 9.942383233930925712e+00 9.907741837037645993e+00 9.860978769890420992e+00 9.802169574197037605e+00 9.731629183128776006e+00 9.649528390300684322e+00 9.556256724511138501e+00 9.452070560842715352e+00 9.337429897098861176e+00 9.212665910097584288e+00 9.078302476376249430e+00 8.934733760745048770e+00 8.782538984017950412e+00 8.622162633235491924e+00 8.454229287891077860e+00 8.279220495590141837e+00 8.097795233547824267e+00 7.910458555107788392e+00 7.717892356787317887e+00 7.520611675258288109e+00 7.319309764580901323e+00 7.114498482446490968e+00 6.906871197354197633e+00 6.696924097738945925e+00 6.485340103036465464e+00 6.272588195405342404e+00 6.059331273019700426e+00 5.846000766576426422e+00 5.633231227967122834e+00 5.421407570194717529e+00 5.211129116662010397e+00 5.002726805386625841e+00 4.796759425376055930e+00 4.593498061561899881e+00 4.393457310951625061e+00 4.196844117245944084e+00 4.004126889837111847e+00 3.815445687084232151e+00 3.631222357951302548e+00 3.451528777691770689e+00 3.276741400140718685e+00 3.106863923119540072e+00 2.942229987456712159e+00 2.782776242131527411e+00 2.628797366023831295e+00 2.480165000727600599e+00 2.337139819367985982e+00 2.199531178854106983e+00 2.067571639184033305e+00 1.941011430550535932e+00 1.820061666355658803e+00 1.704416788865205534e+00 1.594273759988944938e+00 1.489274494671673610e+00 1.389609609948422975e+00 1.294871413557493689e+00 1.205252418497387623e+00 1.120297637051916206e+00 1.040210128412371260e+00 9.644890324207985310e-01 8.933570570094094832e-01 8.262676975709751792e-01 7.634729965797134588e-01 7.043794830325404988e-01 6.492790511279283860e-01 5.975279510436831698e-01 5.494696875600169061e-01 5.044043430483199364e-01 4.627406787564398716e-01 4.237133132068796049e-01 3.878128006334624622e-01 3.541943494845601892e-01 3.234513126445534570e-01 2.946389380310298067e-01 2.684814032269864925e-01 2.439036203085985788e-01 2.217999299220110576e-01 2.009191236839607542e-01 1.823839634234588059e-01 1.646956554252407556e-01 1.492969616908662034e-01 1.343240497896696639e-01 1.216942086610885015e-01 1.089710717315369864e-01 9.883187661459467976e-02 8.786282522152456809e-02 8.010989410030475155e-02 7.040839238663398891e-02 6.702574217033353821e-02 6.985166325438617319e-02 1.450409505550084022e-01 4.586140493650489591e-01 1.546663775285361364e+00
3.109960054341105007e+00 4.571495301181714765e+00 5.686068392883741218e+00 6.492167391666630927e+00 7.053612840111914473e+00 7.456735016488631906e+00 7.761228119394861125e+00 8.009984887223392747e+00 8.224722539134297961e+00 8.418895378436682009e+00 8.597735067883753857e+00 8.764827576740453097e+00 8.920894757947230858e+00 9.066850084666635112e+00 9.202395786683895906e+00 9.327705339485774516e+00 9.442298041486179017e+00 9.546123937491014289e+00 9.638722472780274941e+00 9.719986305430280638e+00 9.789530656962892152e+00 9.847258971528528804e+00 9.892879863640384741e+00 9.926341669820578417e+00 9.947452355025397708e+00 9.956224172747477397e+00 9.952565735558136950e+00 9.936563916558018406e+00 9.908226593367320589e+00 9.867720472258842079e+00 9.815149207395617026e+00 9.750760451923133232e+00 9.674748232990390662e+00 9.587438974289462124e+00 9.489109880856274160e+00 9.380161250136204387e+00 9.260944633124555736e+00 9.131927057019019855e+00 8.993524161568759112e+00 8.846260752019194484e+00 8.690605141875376916e+00 8.527129585828403080e+00 8.356342810609950433e+00 8.178853243410324936e+00 7.995197260006456474e+00 7.806007657917554354e+00 7.611835549214610808e+00 7.413326183988958817e+00 7.211032701340634787e+00 7.005601156607226265e+00 6.797574544046604217e+00 6.587588699301808681e+00 6.376165139725000763e+00 6.163919387051148391e+00 5.951341249321050242e+00 5.739017027770252355e+00 5.527395897221636822e+00 5.317027419298276492e+00 5.108312672405638466e+00 4.901758486684876459e+00 4.697711934448611792e+00 4.496632728983532168e+00 4.298809613791034323e+00 4.104652427298701944e+00 3.914388825019316620e+00 3.728377606829505364e+00 3.546784069064090161e+00 3.369916323136812775e+00 3.197877401760926830e+00 3.030926471775119424e+00 2.869105605320664054e+00 2.712628012084295825e+00 2.561477125287229040e+00 2.415824257717442691e+00 2.275597333917949161e+00 2.140930721821256988e+00 2.011700553114124546e+00 1.888009913350388480e+00 1.769687213971636641e+00 1.656810459074376629e+00 1.549164540497684150e+00 1.446808966869795210e+00 1.349489214300093609e+00 1.257253141126104312e+00 1.169810595486229676e+00 1.087204800269593763e+00 1.009113231828885127e+00 9.355816184599319296e-01 8.662575722001321088e-01 8.011966072357343815e-01 7.400180002039736804e-01 6.827945575426083158e-01 6.291175093701995014e-01 5.790848684183297346e-01 5.322585427589383578e-01 4.887703873098527829e-01 4.481497091781467823e-01 4.105720720563397208e-01 3.755282584610512009e-01 3.432494518091384061e-01 3.131783431412145657e-01 2.856170126381044616e-01 2.599452063560770965e-01 2.365567680303655440e-01 2.147455036864869271e-01 1.950274126359725357e-01 1.765739590417192972e-01 1.600706556696242788e-01 1.445063876082836318e-01 1.308159028839071536e-01 1.176996069806269390e-01 1.064952952064790737e-01 9.545119606511226484e-02 8.687748795012310843e-02 7.938121287271873716e-02 8.237194485377870301e-02 1.119217939319360200e-01 2.387909902913998850e-01 6.002350186429500356e-01 1.504213307717963133e+00
2.751284990814500730e+00 4.030960490219828607e+00 5.107934661069660542e+00 5.970817838073050332e+00 6.630293085135764208e+00 7.130694997105204713e+00 7.513993540586081821e+00 7.819036432093137812e+00 8.071800481866077348e+00 8.290846831019813123e+00 8.486353943792197541e+00 8.664993236467092075e+00 8.829749114037591440e+00 8.982658823759239297e+00 9.124272300110172651e+00 9.255098273599458025e+00 9.374982955208036373e+00 9.483957307715138896e+00 9.581703609563019697e+00 9.668116550654179520e+00 9.742881658024927560e+00 9.805879192401917521e+00 9.856854504528882899e+00 9.895724488846708411e+00 9.922315921390152837e+00 9.936607093827342752e+00 9.938514912519973876e+00 9.928091875255418586e+00 9.905347732501070368e+00 9.870415269543123316e+00 9.823396174373510092e+00 9.764505071077200782e+00 9.693931983496936411e+00 9.611971488347766268e+00 9.518896102239720491e+00 9.415075695600911843e+00 9.300857507649894274e+00 9.176679768935750658e+00 9.042955036916804801e+00 8.900181131937356938e+00 8.748825201763860804e+00 8.589434469926230165e+00 8.422518959318047393e+00 8.248664110550645745e+00 8.068410475743721832e+00 7.882369940121902729e+00 7.691100973965029119e+00 7.495229951027106985e+00 7.295320744763183818e+00 7.092002460426332533e+00 6.885832299145235424e+00 6.677430891815843594e+00 6.467337444235829125e+00 6.256153769983825441e+00 6.044390780874504543e+00 5.832622256117272030e+00 5.621321761469639355e+00 5.411027158750583155e+00 5.202167028895109624e+00 4.995236916863102117e+00 4.790614301421310728e+00 4.588747584563871662e+00 4.389958596029999605e+00 4.194645373638947738e+00 4.003071113848381657e+00 3.815581851044829609e+00 3.632380666236471711e+00 3.453761461475423289e+00 3.279867115201400729e+00 3.110940665820564277e+00 2.947065951036948128e+00 2.788437666631337297e+00 2.635082843482004389e+00 2.487151439770627803e+00 2.344616786467041969e+00 2.207588611523699562e+00 2.075990313028255319e+00 1.949896613081337549e+00 1.829185184957247801e+00 1.713901506574931011e+00 1.603881956769872996e+00 1.499148902900181879e+00 1.399501868535645954e+00 1.304946473258175477e+00 1.215249627932172505e+00 1.130406683868285134e+00 1.050155788192788098e+00 9.744885459106472636e-01 9.031176043811905974e-01 8.360373593901258005e-01 7.729374446282394340e-01 7.138216295485885210e-01 6.583580351064403091e-01 6.065665377996944940e-01 5.580940180535541861e-01 5.129835473164571225e-01 4.708594927632020477e-01 4.317959094264324227e-01 3.953913830914425609e-01 3.617600059940201396e-01 3.304686256211264439e-01 3.016826128784079741e-01 2.749272940586981462e-01 2.504343026863135035e-01 2.276718585612257928e-01 2.069593341292488564e-01 1.876828088730794208e-01 1.702825918116881443e-01 1.540211351200402590e-01 1.395167314841406492e-01 1.258422842537252340e-01 1.139369725874303102e-01 1.027161125668309694e-01 9.434793693587219254e-02 8.965823820442248016e-02 9.985443314214753618e-02 1.456870944258563672e-01 2.908866318165991283e-01 6.444986094567255464e-01 1.425883625852076841e+00
2.494807892690753537e+00 3.639096179694712330e+00 4.658145136053754243e+00 5.527340451663601328e+00 6.234940688636990913e+00 6.799897879523665090e+00 7.247147103932931600e+00 7.606159858067766066e+00 7.900612414122553773e+00 8.149989207465846874e+00 8.367091120374183788e+00 8.561046119045442993e+00 8.737012972918360987e+00 8.898470490352085704e+00 9.047039135111042185e+00 9.183832621896749870e+00 9.309143900859311316e+00 9.423222098855697837e+00 9.525931634222752464e+00 9.617236045907594288e+00 9.696897801111170168e+00 9.764810392675641992e+00 9.820752077001326796e+00 9.864631384225654998e+00 9.896287475567092429e+00 9.915681261695947768e+00 9.922731372316967224e+00 9.917468937058469436e+00 9.899899483816875900e+00 9.870132708560197088e+00 9.828262740524611019e+00 9.774480582860622491e+00 9.708967017850993031e+00 9.631993207635657583e+00 9.543821911452861073e+00 9.444800319653856135e+00 9.335266284819741855e+00 9.215636504755952529e+00 9.086315222207172582e+00 8.947780204608104526e+00 8.800491918213094067e+00 8.644979276019702397e+00 8.481747696335830256e+00 8.311366244914575319e+00 8.134373284090244738e+00 7.951366381743810052e+00 7.762904472429489111e+00 7.569601718480988950e+00 7.372025258317362884e+00 7.170794066391920296e+00 6.966471469892921320e+00 6.759669952529084647e+00 6.550937689072678261e+00 6.340870165212476373e+00 6.129990017048432271e+00 5.918866290177472678e+00 5.707986883581464888e+00 5.497886242454688599e+00 5.289009696667574367e+00 5.081850371766902796e+00 4.876804683881262648e+00 4.674319261122872327e+00 4.474736810935326048e+00 4.278453870013438021e+00 4.085756197246553256e+00 3.896988215266320221e+00 3.712377001947595456e+00 3.532214352579205574e+00 3.356668344007128102e+00 3.185979035800053705e+00 3.020256461119047664e+00 2.859691101661931523e+00 2.704337014498115366e+00 2.554338363739895534e+00 2.409696217599092360e+00 2.270512605891815028e+00 2.136739309177638546e+00 2.008441143649366545e+00 1.885524804537230370e+00 1.768023369769359254e+00 1.655802939521207717e+00 1.548870712276058326e+00 1.447056763359148679e+00 1.350348502244320459e+00 1.258544430307457773e+00 1.171618364946675594e+00 1.089341376145948947e+00 1.011679901381951741e+00 9.383812332487219132e-01 8.694106067561198081e-01 8.044945262430881483e-01 7.436031675173966349e-01 6.864443887213085294e-01 6.329994790908526348e-01 5.829587404487407420e-01 5.363209237127830598e-01 4.927585555505212822e-01 4.522946344737041047e-01 4.145820280631861698e-01 3.796756425047325134e-01 3.472045959068045251e-01 3.172649563375292137e-01 2.894549120090279537e-01 2.639237571186631159e-01 2.402269462377006337e-01 2.185840324809996960e-01 1.984885221231962871e-01 1.802565465724616789e-01 1.632886573361029547e-01 1.480470892549703987e-01 1.338070788144477830e-01 1.213533282463856722e-01 1.100572906300622406e-01 1.022504266107640974e-01 1.001521542847039342e-01 1.157255961462543836e-01 1.704662566813955893e-01 3.205789017218705905e-01 6.559081140279138245e-01 1.348924182595235166e+00
2.295699983521030774e+00 3.334026709808493028e+00 4.293718382347631035e+00 5.147859265605036150e+00 5.875321187174434634e+00 6.480376743671133255e+00 6.975377645346096500e+00 7.380562090894522420e+00 7.714922340769231113e+00 7.996263982904670442e+00 8.237887276511303369e+00 8.450176648360978149e+00 8.639862880888305341e+00 8.811740288910783647e+00 8.968529724052645591e+00 9.112090594065440641e+00 9.243273450355747656e+00 9.362662390346031316e+00 9.470369946343474510e+00 9.566491993363532842e+00 9.650896373670290629e+00 9.723521815512590649e+00 9.784189835456324147e+00 9.832817830354091626e+00 9.869260391807539889e+00 9.893471589328903804e+00 9.905372067570722194e+00 9.904978926841629061e+00 9.892292753818299644e+00 9.867405807521977934e+00 9.830403557936385539e+00 9.781458051302077905e+00 9.720739548387449247e+00 9.648499822382801128e+00 9.564990457120115863e+00 9.470539542317975901e+00 9.365473970656216451e+00 9.250192156660318687e+00 9.125088264830795381e+00 8.990623007054256988e+00 8.847248177762768506e+00 8.695477182954176598e+00 8.535808587774484479e+00 8.368797741380200605e+00 8.194978285262903839e+00 8.014936027231129856e+00 7.829227535948816374e+00 7.638457261623019079e+00 7.443192468722690691e+00 7.244044485552895374e+00 7.041579313969328346e+00 6.836403804878905532e+00 6.629071339031012755e+00 6.420173663931044494e+00 6.210241069403615199e+00 5.999840579093777215e+00 5.789470052820401058e+00 5.579663400096355197e+00 5.370878031479022319e+00 5.163607750930084173e+00 4.958262952610082763e+00 4.755291852934264263e+00 4.555052788896971627e+00 4.357944469640873564e+00 4.164269678006056630e+00 3.974375256256169830e+00 3.788506443923921552e+00 3.606957364597721760e+00 3.429915149256209883e+00 3.257621762941584453e+00 3.090206961696303711e+00 2.927862392527395219e+00 2.770662310754102187e+00 2.618751007844666301e+00 2.472150070112349773e+00 2.330960341969356975e+00 2.195154330466744241e+00 2.064794103121620594e+00 1.939807227619263497e+00 1.820222242799114598e+00 1.705926257871469787e+00 1.596919934788965989e+00 1.493054541561246618e+00 1.394308761058371759e+00 1.300502577859681264e+00 1.211598706080559307e+00 1.127390160104280836e+00 1.047829705468992678e+00 9.726872805084463280e-01 9.019116672133383750e-01 8.352530353122840090e-01 7.726620737349695345e-01 7.138717358793975620e-01 6.588404704050906391e-01 6.072856282119514226e-01 5.591793421464397174e-01 5.142238142518096300e-01 4.724110667627125504e-01 4.334271458074633876e-01 3.972908060059675561e-01 3.636690197920415812e-01 3.326153497859621888e-01 3.037721364562439019e-01 2.772380680638737438e-01 2.526213973036002813e-01 2.300803242121503278e-01 2.091735166626041975e-01 1.901413411031787348e-01 1.724699876366363183e-01 1.565319492790195055e-01 1.417418227456153090e-01 1.288274057373598735e-01 1.175073839967230582e-01 1.102950979163191819e-01 1.102491549736631243e-01 1.294277259588720030e-01 1.887170897025815808e-01 3.379285333028984040e-01 6.534630339606204430e-01 1.278637550012988289e+00
2.133734227401411498e+00 3.086032297139064351e+00 3.989798070045959211e+00 4.819458905176015051e+00 5.550412679945178063e+00 6.178526142762717832e+00 6.707490573611024409e+00 7.149920734724194205e+00 7.519782504415807090e+00 7.832036145241286995e+00 8.099097047045312081e+00 8.331525100624709523e+00 8.536885634630751341e+00 8.720919858665766355e+00 8.887292222682535936e+00 9.038606750012265323e+00 9.176315903475396496e+00 9.301415270581411932e+00 9.414326121930910674e+00 9.515335587407124152e+00 9.604453705300874944e+00 9.681697781294193561e+00 9.746950402011375303e+00 9.800155465707323543e+00 9.841190855504407864e+00 9.870013568773629231e+00 9.886549608753007590e+00 9.890808058688010718e+00 9.882785932993620293e+00 9.862562211485821351e+00 9.830214181996794309e+00 9.785898099046143273e+00 9.729773728788645215e+00 9.662076030617809508e+00 9.583045162439047360e+00 9.492992297730300066e+00 9.392232902761604052e+00 9.281149009119999960e+00 9.160124036788110047e+00 9.029603321646357372e+00 8.890029119576384531e+00 8.741900830963530211e+00 8.585709095376930833e+00 8.421996901830292259e+00 8.251291888491543602e+00 8.074169344089913380e+00 7.891181977511426915e+00 7.702925680987699586e+00 7.509966142061235139e+00 7.312908139355945636e+00 7.112318443121843359e+00 6.908799340479577111e+00 6.702907317235101026e+00 6.495231455611850002e+00 6.286307414249866277e+00 6.076701303806690824e+00 5.866918487747105893e+00 5.657493517524292415e+00 5.448893266666656743e+00 5.241613496360374214e+00 5.036075811383879497e+00 4.832731428452620825e+00 4.631951405971046043e+00 4.434138201787531486e+00 4.239608580098716217e+00 4.048713573184144821e+00 3.861713408014117999e+00 3.678906529511229095e+00 3.500495815674824485e+00 3.326727379929870221e+00 3.157747255282180365e+00 2.993750772986830011e+00 2.834828790842240043e+00 2.681128548164877223e+00 2.532688387125384910e+00 2.389611114328836106e+00 2.251886011959737921e+00 2.119575900035246541e+00 1.992625049055918751e+00 1.871061342085315049e+00 1.754788473105914681e+00 1.643804865098004164e+00 1.537978255471083244e+00 1.437283349795741350e+00 1.341556539835719652e+00 1.250754682693780317e+00 1.164687243564555219e+00 1.083299115209311880e+00 1.006376891970792498e+00 9.338593254266503996e-01 8.655136687039458598e-01 8.012782603766988032e-01 7.409038556178773050e-01 6.843340307026491987e-01 6.313050300558067374e-01 5.817713239324542318e-01 5.354555777793308380e-01 4.923289895493923041e-01 4.521002582703232409e-01 4.147636226554690664e-01 3.800117195899844202e-01 3.478691299204484944e-01 3.180079991162576558e-01 2.904924123341781073e-01 2.649662072204307384e-01 2.415456555070458478e-01 2.198335682579416472e-01 2.000192839687144897e-01 1.816491009819600211e-01 1.650401304249603240e-01 1.497143794833126207e-01 1.363844517061418571e-01 1.250354971190849596e-01 1.183145749519638884e-01 1.197646342601686315e-01 1.411983553971902783e-01 2.024437458797531120e-01 3.480728464209614237e-01 6.446254980469774409e-01 1.215428204937354373e+00
1.997947242479142016e+00 2.878493655385950145e+00 3.730902441236370048e+00 4.532116608332355412e+00 5.256866956223099407e+00 5.896296103500058727e+00 6.448311721442185451e+00 6.919643149836944396e+00 7.319701870951915268e+00 7.660292284635051629e+00 7.952205581720063421e+00 8.205411096830522055e+00 8.427658174492526300e+00 8.625203012235225231e+00 8.802394885684005743e+00 8.962474741371060816e+00 9.107467376342789578e+00 9.238804777049729466e+00 9.357253491808974033e+00 9.463337159755671024e+00 9.557243359678675887e+00 9.639100589265940044e+00 9.708873993481196507e+00 9.766552920196962972e+00 9.812049673563247865e+00 9.845334661634641549e+00 9.866344704540946253e+00 9.875086908233516425e+00 9.871557393061404895e+00 9.855825664098173178e+00 9.827962167000087845e+00 9.788110011887203754e+00 9.736419131187165732e+00 9.673109671134660914e+00 9.598410635705700855e+00 9.512617881528024455e+00 9.416035456684713978e+00 9.309030331599203123e+00 9.191974978933883378e+00 9.065300469966189212e+00 8.929439129998995028e+00 8.784877295855867629e+00 8.632097109785297206e+00 8.471630002464918263e+00 8.303996863006371854e+00 8.129763146807999163e+00 7.949476789023995238e+00 7.763725716301827617e+00 7.573072964459470313e+00 7.378117284309866797e+00 7.179424988267326668e+00 6.977594274622449078e+00 6.773183367844785252e+00 6.566779137380781783e+00 6.358921116752786595e+00 6.150174958776932321e+00 5.941051922396854756e+00 5.732087684126078386e+00 5.523756871311559458e+00 5.316557738576273451e+00 5.110921303621538847e+00 4.907302397220069778e+00 4.706082923875347213e+00 4.507669804832776350e+00 4.312391841484815025e+00 4.120605093773590966e+00 3.932582769144645329e+00 3.748628614923056102e+00 3.568959189229893525e+00 3.393825897225147603e+00 3.223388921351360903e+00 3.057848600107021753e+00 2.897310201076095826e+00 2.741925430175301770e+00 2.591747118952067108e+00 2.446881766000459812e+00 2.307333075468757322e+00 2.173166575761920072e+00 2.044340782942277723e+00 1.920885121846991561e+00 1.802717287736151697e+00 1.689835920877879483e+00 1.582122491032364353e+00 1.479550461152595142e+00 1.381969706512462315e+00 1.289334264145194808e+00 1.201466900011192385e+00 1.118308003112037152e+00 1.039657399569912988e+00 9.654475498032629721e-01 8.954590339600092541e-01 8.296219994163436251e-01 7.677008433639471718e-01 7.096289142623913859e-01 6.551566977556759763e-01 6.042262190096135965e-01 5.565753478113341091e-01 5.121603669426794125e-01 4.707066122755984572e-01 4.321905712535974997e-01 3.963235685201652592e-01 3.631090555853963564e-01 3.322407615826534766e-01 3.037574542252741705e-01 2.773286966390486330e-01 2.530401353943791953e-01 2.305267722009839704e-01 2.099414631005705190e-01 1.908762127387679530e-01 1.736124518881960455e-01 1.577590569706245616e-01 1.440300751614709274e-01 1.326134889655567750e-01 1.262357562705290204e-01 1.287003389672269349e-01 1.514124866950112280e-01 2.130326098068384966e-01 3.538330369783461715e-01 6.328234648910732174e-01 1.158695160863959961e+00
1.881683461670099256e+00 2.701151619827498074e+00 3.506769927721668623e+00 4.278246341364000394e+00 4.990995343364487802e+00 5.633630317966446199e+00 6.200283433011281709e+00 6.693289175663516666e+00 7.118226454918938018e+00 7.483869963334269571e+00 7.799084367724816502e+00 8.072783412978939310e+00 8.312411125753156327e+00 8.524345064657362414e+00 8.713334811051259621e+00 8.883092471813533564e+00 9.036129628581917927e+00 9.174291879702302310e+00 9.298696959419151753e+00 9.410130200630259623e+00 9.508983173840027447e+00 9.595523504612865295e+00 9.669820418427377717e+00 9.731927933974374056e+00 9.781805852046018046e+00 9.819449394231892114e+00 9.844813304931994580e+00 9.857909280742671143e+00 9.858736292922154476e+00 9.847358308332358590e+00 9.823840927804393885e+00 9.788316663483870528e+00 9.740926702864420861e+00 9.681878166342865910e+00 9.611389488041361062e+00 9.529742546740916254e+00 9.437230240044835128e+00 9.334205522694208668e+00 9.221029958657037895e+00 9.098121187326533743e+00 8.965901454193108577e+00 8.824844698422518618e+00 8.675424248791561155e+00 8.518160506593673631e+00 8.353567141549689268e+00 8.182200190559917985e+00 8.004602200689324931e+00 7.821353453925100396e+00 7.633013586106136117e+00 7.440175566923979744e+00 7.243404379886935196e+00 7.043294326928996263e+00 6.840404389521258288e+00 6.635319383176655705e+00 6.428581637171983942e+00 6.220756492715813657e+00 6.012359941200465130e+00 5.803928938956377515e+00 5.595944633648683109e+00 5.388907957456776643e+00 5.183258049736409134e+00 4.979453588933660413e+00 4.777885988008275575e+00 4.578966933765793001e+00 4.383035890337946050e+00 4.190454333705412537e+00 4.001507047795646699e+00 3.816503573003294125e+00 3.635672718669439973e+00 3.459271789050150758e+00 3.287473663916422595e+00 3.120484425828963460e+00 2.958422275420382164e+00 2.801444262773615801e+00 2.649616202770511464e+00 2.503049314416192495e+00 2.361760180456933256e+00 2.225818226315058546e+00 2.095194621495797715e+00 1.969921690594046426e+00 1.849929474342358882e+00 1.735218367267669981e+00 1.625681833394206466e+00 1.521293819974076644e+00 1.421915842882245595e+00 1.327501049254698806e+00 1.237883531115884228e+00 1.153001324058177346e+00 1.072665347304074146e+00 9.968041627692438844e-01 9.252093363352770217e-01 8.578054885515938865e-01 7.943680677641206112e-01 7.348231702023803047e-01 6.789326240898896359e-01 6.266293498554610375e-01 5.776631413507857804e-01 5.319791447337423040e-01 4.893155743917105838e-01 4.496354855416105356e-01 4.126645244721079964e-01 3.783900193512816368e-01 3.465221308751580409e-01 3.170802259654190158e-01 2.897534205256855899e-01 2.646039616058251109e-01 2.412916030535683376e-01 2.199420406663383232e-01 2.001838754772108930e-01 1.822746954937694286e-01 1.658949950028537901e-01 1.517652790709310695e-01 1.402264391526813481e-01 1.340391162392506885e-01 1.371259019860464889e-01 1.604167074669248794e-01 2.214265952382234448e-01 3.568607505561928184e-01 6.197888045639459165e-01 1.107675406656454253e+00
1.780577275219878741e+00 2.547216148694166904e+00 3.310256826562586685e+00 4.052067382897192260e+00 4.749376384803756679e+00 5.389595035605653450e+00 5.964461678602585692e+00 6.473098566563908030e+00 6.917986300298411884e+00 7.305189217696733905e+00 7.641606942763306876e+00 7.934861907315038820e+00 8.191764232673648394e+00 8.418498482748770328e+00 8.619951437939684880e+00 8.800122743948969983e+00 8.961893385559314140e+00 9.107464450635957220e+00 9.238282422799596105e+00 9.355397930430433107e+00 9.459420012334934569e+00 9.550775336549660821e+00 9.629655536380560932e+00 9.696197042692443091e+00 9.750420692166009928e+00 9.792358380749432101e+00 9.821991022564855456e+00 9.839342079815423858e+00 9.844418029522341129e+00 9.837281584120466604e+00 9.817996085072769219e+00 9.786686106183795530e+00 9.743485544235923612e+00 9.688590253776091288e+00 9.622208923512989287e+00 9.544610694713780319e+00 9.456077760484907557e+00 9.356949974620327737e+00 9.247578183102346472e+00 9.128367283177135860e+00 8.999729436987506048e+00 8.862126705933970783e+00 8.716023439486869862e+00 8.561929393158754564e+00 8.400350708093668572e+00 8.231834273674477842e+00 8.056916810029099096e+00 7.876171132352992821e+00 7.690152920070825182e+00 7.499449464619910799e+00 7.304623758640728326e+00 7.106266253516811737e+00 6.904935932829988410e+00 6.701215565098268101e+00 6.495649440666151797e+00 6.288802575641659232e+00 6.081194792759569978e+00 5.873364312683040822e+00 5.665797849054670543e+00 5.458999012235651982e+00 5.253414068166118334e+00 5.049505577089553832e+00 4.847673435962531308e+00 4.648334181102557139e+00 4.451836895261413574e+00 4.258548619218364806e+00 4.068764657341624513e+00 3.882800570090072956e+00 3.700896355503298096e+00 3.523315533928574439e+00 3.350242616385506356e+00 3.181889846598127125e+00 3.018387288866382079e+00 2.859897863201958490e+00 2.706499292651858735e+00 2.558308158280663491e+00 2.415352835218177230e+00 2.277707409657152571e+00 2.145354599258744166e+00 2.018330519875223050e+00 1.896576422555078967e+00 1.780095480928072460e+00 1.668791974654251442e+00 1.562641499669654932e+00 1.461515973829173198e+00 1.365368965861492256e+00 1.274044575553158198e+00 1.187479953543874034e+00 1.105495690865740732e+00 1.028018089661636658e+00 9.548481495795795304e-01 8.859067915655652881e-01 8.209787991944859087e-01 7.599850572697045559e-01 7.026968159395710067e-01 6.490401799557593554e-01 5.987746906424604720e-01 5.518369430878541371e-01 5.079755314314601256e-01 4.671430287041876683e-01 4.290764936852496936e-01 3.937505445463415077e-01 3.608883353842903263e-01 3.304938647322918088e-01 3.022716858987223310e-01 2.762655813573189900e-01 2.521551047257541422e-01 2.300451045646980108e-01 2.095944627911554281e-01 1.910441944582998985e-01 1.741342572893339880e-01 1.595913630666937477e-01 1.478704987725895648e-01 1.417323734055334628e-01 1.451290163551305912e-01 1.684961058870849682e-01 2.282747391646367252e-01 3.581727164919328854e-01 6.064496964984305016e-01 1.061653228932532445e+00
1.691599302919760239e+00 2.411954209723802478e+00 3.136192289168731495e+00 3.849109625441343052e+00 4.529010097001235913e+00 5.162911154746768538e+00 5.741104734863192505e+00 6.260408707069372802e+00 6.720862798291598494e+00 7.126203854725054576e+00 7.481473626476459415e+00 7.792924525427908478e+00 8.066536985321658193e+00 8.308074273383240893e+00 8.522340939764092127e+00 8.713449028092060900e+00 8.884520600630482434e+00 9.038032956230239279e+00 9.175717314888107268e+00 9.298873952477768157e+00 9.408328949426540078e+00 9.504678128559728378e+00 9.588248362358855914e+00 9.659273050416397055e+00 9.717846587128578406e+00 9.764049068098328732e+00 9.797896323181642941e+00 9.819431167979583819e+00 9.828672943438849785e+00 9.825687786945266566e+00 9.810539900286268988e+00 9.783348801316952503e+00 9.744242896473247484e+00 9.693408615507863146e+00 9.631045945612047632e+00 9.557412526609597947e+00 9.472780441939619323e+00 9.377477310552821521e+00 9.271843565811529686e+00 9.156271983352521460e+00 9.031164739987218582e+00 8.896972461887045824e+00 8.754150453532387743e+00 8.603198128656888599e+00 8.444613895797926872e+00 8.278935688339879917e+00 8.106694074234917835e+00 7.928454500907720082e+00 7.744768258763195412e+00 7.556216985033547218e+00 7.363361154364127081e+00 7.166787333416402284e+00 6.967053899031560249e+00 6.764741496992620284e+00 6.560395701129572821e+00 6.354581101835467649e+00 6.147820619934468489e+00 5.940653631528454603e+00 5.733571640123684254e+00 5.527080833307050689e+00 5.321633796791052973e+00 5.117696895112207045e+00 4.915677682815720928e+00 4.715997506170298337e+00 4.519014230198759918e+00 4.325100472059461687e+00 4.134561218147149830e+00 3.947718123408296975e+00 3.764821539932939665e+00 3.586141351515329756e+00 3.411872873139284223e+00 3.242234738436046815e+00 3.077368056699951282e+00 2.917441934900016687e+00 2.762545193035526037e+00 2.612800185051221469e+00 2.468246271160768224e+00 2.328962707319653713e+00 2.194942950054548980e+00 2.066227517238689249e+00 1.942768050744332120e+00 1.824571219090666441e+00 1.711551277394937509e+00 1.603686294507159049e+00 1.500857716621387672e+00 1.403020470931391817e+00 1.310027742706076470e+00 1.221816852847669388e+00 1.138217075443835213e+00 1.059153634500280328e+00 9.844358872308333064e-01 9.139823745854184223e-01 8.475860268052114455e-01 7.851639913058446885e-01 7.264956090797828336e-01 6.715018210087840833e-01 6.199504048481647711e-01 5.717712672705914656e-01 5.267216432548395000e-01 4.847457444918091829e-01 4.455900124776926985e-01 4.092188045996190682e-01 3.753658651282402725e-01 3.440227155824800431e-01 3.149064703747417870e-01 2.880459846253415890e-01 2.631371321261800067e-01 2.402683512343628536e-01 2.191241075191034671e-01 1.999333482042042476e-01 1.824855066829371708e-01 1.675110640027943076e-01 1.555490887398330302e-01 1.493357973133034589e-01 1.527956973871890112e-01 1.758766262313718187e-01 2.340320293339061553e-01 3.584196669495128273e-01 5.933205145670825686e-01 1.020006301849975650e+00
1.612555522470616509e+00 2.291931769459361945e+00 2.980713808919971619e+00 3.665860640867227627e+00 4.327320224117612746e+00 4.952207845086901372e+00 5.530018220204912183e+00 6.055951088831289297e+00 6.528161058927106630e+00 6.948439068478084124e+00 7.320147785188392930e+00 7.648190803662799020e+00 7.937622880837096773e+00 8.193634790233980780e+00 8.420779370646091166e+00 8.623128647536844937e+00 8.803921248312757797e+00 8.965822581041162920e+00 9.110790946487711039e+00 9.240345751496169768e+00 9.355517111950737430e+00 9.457070120276418024e+00 9.545473038925926801e+00 9.621066372937777444e+00 9.684028330191090106e+00 9.734497532552323307e+00 9.772533271498943463e+00 9.798205354018461932e+00 9.811551763605692145e+00 9.812647061886730526e+00 9.801559880568531113e+00 9.778407822311089959e+00 9.743315932621964492e+00 9.696463200929256843e+00 9.638042172025206966e+00 9.568300276317494024e+00 9.487500223358063423e+00 9.395958266972911588e+00 9.294004833503693774e+00 9.182021173651317980e+00 9.060399658155541047e+00 8.929579883736092683e+00 8.790008119117489471e+00 8.642173698305041896e+00 8.486567168809447281e+00 8.323717656050341418e+00 8.154149330614552937e+00 7.978420327548468194e+00 7.797077202005334051e+00 7.610695917415968736e+00 7.419833996820820232e+00 7.225074043740365326e+00 7.026973320290065494e+00 6.826110227941292408e+00 6.623031054499710635e+00 6.418299815393495145e+00 6.212441911239824144e+00 6.005997711930183058e+00 5.799462856174562475e+00 5.593345949595304845e+00 5.388105218445942590e+00 5.184210688988549087e+00 4.982076880364262550e+00 4.782129836031441705e+00 4.584735506019033124e+00 4.390272012856799577e+00 4.199053331301040082e+00 4.011407192049317061e+00 3.827593617195989673e+00 3.647888896483338694e+00 3.472498478430325441e+00 3.301647497692814071e+00 3.135487453626984333e+00 2.974193825734150476e+00 2.817865891256851274e+00 2.666632041491248994e+00 2.520541994843717770e+00 2.379680523652431212e+00 2.244051204756311702e+00 2.113699389175948795e+00 1.988586492914887982e+00 1.868723196840119227e+00 1.754033108292989640e+00 1.644497374552304603e+00 1.540006330092151599e+00 1.440516956269147775e+00 1.345890854753881261e+00 1.256066305707443931e+00 1.170880553930291557e+00 1.090258632388029891e+00 1.014017483669139130e+00 9.420742612700464536e-01 8.742291905797836549e-01 8.103967906007487620e-01 7.503635390385305914e-01 6.940464544279794090e-01 6.412204656537189296e-01 5.918101884446590466e-01 5.455802460484808769e-01 5.024680763965421182e-01 4.622280371318756576e-01 4.248160543407010215e-01 3.899747221185047574e-01 3.576852419732101107e-01 3.276752033224207827e-01 2.999611632625033275e-01 2.742527603263814062e-01 2.506252260386550579e-01 2.287849333638064253e-01 2.089515562045486663e-01 1.909556938119626179e-01 1.755284613215385148e-01 1.632698457639501499e-01 1.568744312341787406e-01 1.602032575645447876e-01 1.827353522215351689e-01 2.390233762377027005e-01 3.580308634167787551e-01 5.806894550977579339e-01 9.822061039155073336e-01
1.541802641416771813e+00 2.184576553146877487e+00 2.840860622325092066e+00 3.499517884144198732e+00 4.142109221677567454e+00 4.756142205216830732e+00 5.330758438786704190e+00 5.860054232089221493e+00 6.340754894834358169e+00 6.773056125670578353e+00 7.158847783651824059e+00 7.501764932550464060e+00 7.805911094161945840e+00 8.075816110818761828e+00 8.315659161724344273e+00 8.529348320674875694e+00 8.720126988119149658e+00 8.890760948902453720e+00 9.043371500159119947e+00 9.179656739376067520e+00 9.300827794498784939e+00 9.407810133842943401e+00 9.501212702139959276e+00 9.581488205471627495e+00 9.648905785555331960e+00 9.703670971550904412e+00 9.745894196079371241e+00 9.775679510633864311e+00 9.793089402857784620e+00 9.798212012907139723e+00 9.791124294744008694e+00 9.771945310232073467e+00 9.740799168810253761e+00 9.697859574406644256e+00 9.643313099760730367e+00 9.577398351890799688e+00 9.500369543093380997e+00 9.412532471013056679e+00 9.314208057015051168e+00 9.205766630330087352e+00 9.087591007577069391e+00 8.960110151534632195e+00 8.823761366589579325e+00 8.679024150746981192e+00 8.526381121454617684e+00 8.366352722558870525e+00 8.199456542893077682e+00 8.026243437734446928e+00 7.847254945132936754e+00 7.663061311908622386e+00 7.474216744822547831e+00 7.281299782073477722e+00 7.084866136856097008e+00 6.885491819857786133e+00 6.683723341916823379e+00 6.480123967377253713e+00 6.275221041422617496e+00 6.069555736275164648e+00 5.863627258409085385e+00 5.657946438528291822e+00 5.452976555216077159e+00 5.249191115166648380e+00 5.047011003651095784e+00 4.846866803897196263e+00 4.649131951514815952e+00 4.454189951893146926e+00 4.262363175573368856e+00 4.073985351070502858e+00 3.889325590860833071e+00 3.708666565462697573e+00 3.532223294513581191e+00 3.360227447933374023e+00 3.192840372239450275e+00 3.030244018263901662e+00 2.872547597451291068e+00 2.719885705561489786e+00 2.572317914416186735e+00 2.429934750706492785e+00 2.292749421603441196e+00 2.160812421686762352e+00 2.034094460662590365e+00 1.912610615533975489e+00 1.796293368059467266e+00 1.685127401767616551e+00 1.579011455689427690e+00 1.477905098003390538e+00 1.381677847023340400e+00 1.290269551113556235e+00 1.203524898237904983e+00 1.121369418215711233e+00 1.043627070094323539e+00 9.702143913336025438e-01 9.009382764191404824e-01 8.357114782356698246e-01 7.743269093956759441e-01 7.166986305635300036e-01 6.626079216473973466e-01 6.119751910198326650e-01 5.645715236776291945e-01 5.203288118209001833e-01 4.790082405186675829e-01 4.405587163593679412e-01 4.047303874680646119e-01 3.714957963388608730e-01 3.405914483698808115e-01 3.120236132334345824e-01 2.855137475831014404e-01 2.611262377975426263e-01 2.385863837903353102e-01 2.181063101540227367e-01 1.995508344333889739e-01 1.836485727173406135e-01 1.710425540245220644e-01 1.643741192930216755e-01 1.674185673081003134e-01 1.892109623371453497e-01 2.434847755504032651e-01 3.572961690451904593e-01 5.687156051685984259e-01 9.478063525900614072e-01
1.478076109741693012e+00 2.087911097994477050e+00 2.714313712568085180e+00 3.347813606622727534e+00 3.971503348975955472e+00 4.573452876641584730e+00 5.142753043187044959e+00 5.672780978630015625e+00 6.159200078363329389e+00 6.600919349716042106e+00 6.998564469969477564e+00 7.354613724966149846e+00 7.672240963902782873e+00 7.955274717587426991e+00 8.207439742898332113e+00 8.432385248179166126e+00 8.633264731789120461e+00 8.812863053296423388e+00 8.973399695598526904e+00 9.116705668468087609e+00 9.244143060394629074e+00 9.356781493195439836e+00 9.455363596306199270e+00 9.540454284035321919e+00 9.612417166520920375e+00 9.671530588297970965e+00 9.717962385458573493e+00 9.751857296099020189e+00 9.773307904231330667e+00 9.782421019990025002e+00 9.779285970763508473e+00 9.764026812536462430e+00 9.736769381985661553e+00 9.697684418894519709e+00 9.646954193058082438e+00 9.584809988245728718e+00 9.511498537208822768e+00 9.427316153795150200e+00 9.332574853431788497e+00 9.227634676094522703e+00 9.112869206342436357e+00 8.988697176976920389e+00 8.855547055643155474e+00 8.713888745849228457e+00 8.564196916376301871e+00 8.406983448553630112e+00 8.242759214470563478e+00 8.072067812663995312e+00 7.895445533102602553e+00 7.713456852588334911e+00 7.526652350479493769e+00 7.335606386131964918e+00 7.140872746299103291e+00 6.943024892065155385e+00 6.742609126177993240e+00 6.540187771865487498e+00 6.336289646416137344e+00 6.131456516735835471e+00 5.926190655036680077e+00 5.721004904917011302e+00 5.516367076827601856e+00 5.312753953550140018e+00 5.110592257832673013e+00 4.910316927641991569e+00 4.712308356427732825e+00 4.516955277069202523e+00 4.324587936783348852e+00 4.135545945238826349e+00 3.950107000958125170e+00 3.768560084897972118e+00 3.591129302673907286e+00 3.418052841601207703e+00 3.249501432035267978e+00 3.085663535421946602e+00 2.926657856702787885e+00 2.772625295846839144e+00 2.623634859014488008e+00 2.479782989552889116e+00 2.341092124808599628e+00 2.207618128878483965e+00 2.079340619606318441e+00 1.956279360116885302e+00 1.838375329772296007e+00 1.725617102336588049e+00 1.617911446080038340e+00 1.515220933933294045e+00 1.417422618423471281e+00 1.324458398333687059e+00 1.236180005285395511e+00 1.152514013677588434e+00 1.073290971012997419e+00 9.984274146369225278e-01 9.277364384960835597e-01 8.611297183355645091e-01 7.984060750833724684e-01 7.394773815406483486e-01 6.841306667780685524e-01 6.322829952884774229e-01 5.837112141741319649e-01 5.383426460271162339e-01 4.959444777452053366e-01 4.564597156688411927e-01 4.196450754897473878e-01 3.854657533393662794e-01 3.536659762501623283e-01 3.242432994097546040e-01 2.969294695671777506e-01 2.717798001474145964e-01 2.485360436823346730e-01 2.274038268542312724e-01 2.082763653474927479e-01 1.918769505468370939e-01 1.788778441685574538e-01 1.718595746175310413e-01 1.744984256722725835e-01 1.954124569007845424e-01 2.475902391347242770e-01 3.564148330478938420e-01 5.574820386758990720e-01 9.164297059277032309e-01
1.420380950646814133e+00 2.000382098163157707e+00 2.599223280775262879e+00 3.208889438624434653e+00 3.813900821980392486e+00 4.402980662997231676e+00 4.965372871961589496e+00 5.494021197300453352e+00 5.983819993404422277e+00 6.432656107055660932e+00 6.840088541033206404e+00 7.207564063829329903e+00 7.537378127023003138e+00 7.832652672935435767e+00 8.096610912359720302e+00 8.332574987706848901e+00 8.543532253995348213e+00 8.732215251569598990e+00 8.900880165335525618e+00 9.051443583903925116e+00 9.185384361128027919e+00 9.303894671123245530e+00 9.407838567994868839e+00 9.497888489218762942e+00 9.574502390973540500e+00 9.638034592816893564e+00 9.688714790452506165e+00 9.726733680733067544e+00 9.752218939459799785e+00 9.765300839881765782e+00 9.766085107679259636e+00 9.754704380687064358e+00 9.731289044980490743e+00 9.696009333561452337e+00 9.649045056132388609e+00 9.590621791333386881e+00 9.520979947266493326e+00 9.440407404550828829e+00 9.349207969850416688e+00 9.247732070659374415e+00 9.136344451834618852e+00 9.015454042536473978e+00 8.885480655152390383e+00 8.746884849717684318e+00 8.600133373434454498e+00 8.445729666888333043e+00 8.284177793018674407e+00 8.116014115987928434e+00 7.941769489048883912e+00 7.762002563220122831e+00 7.577260022895591973e+00 7.388111931641637931e+00 7.195109817651476725e+00 6.998824429105876099e+00 6.799801476924764110e+00 6.598602147319707178e+00 6.395756306478845410e+00 6.191806100580241612e+00 5.987256416441454121e+00 5.782621888120739406e+00 5.578374389740209160e+00 5.374993762492385585e+00 5.172912091346427488e+00 4.972568466983352309e+00 4.774349767300135383e+00 4.578649776108786540e+00 4.385806153400643836e+00 4.196164247478668230e+00 4.010009894652611706e+00 3.827638285043275079e+00 3.649282182171379674e+00 3.475186236502409542e+00 3.305530157203174113e+00 3.140508913484775455e+00 2.980250322962135545e+00 2.824901641384688133e+00 2.674540952114908166e+00 2.529270722960158313e+00 2.389122285876242202e+00 2.254157039309704125e+00 2.124363191629658143e+00 1.999765413964102123e+00 1.880312878618849215e+00 1.765998328057861944e+00 1.656736261806540655e+00 1.552492591972814306e+00 1.453151606521219774e+00 1.358657644633850747e+00 1.268869173398485151e+00 1.183714257562892724e+00 1.103029705651838333e+00 1.026732557819869385e+00 9.546417496007533199e-01 8.866684427740163521e-01 8.226169653494508349e-01 7.623976312915655695e-01 7.058027589999559259e-01 6.527467731935833184e-01 6.030117461856747685e-01 5.565212248875742729e-01 5.130477613385532321e-01 4.725293693172432086e-01 4.347285674730196892e-01 3.996042656117263503e-01 3.669074782825267333e-01 3.366283003696357579e-01 3.085075397178523304e-01 2.825927880240072798e-01 2.586401636069524668e-01 2.368494250609103347e-01 2.171373057595464562e-01 2.002193635509636749e-01 1.867864139778684374e-01 1.793535291526590358e-01 1.814906778200641724e-01 2.014259875204203187e-01 2.514697693019399827e-01 3.555256155896406312e-01 5.470261570022931785e-01 8.877557412297187867e-01
1.367919608624246441e+00 1.920747071100121550e+00 2.494090595654703701e+00 3.081205117957859230e+00 3.667926852373197377e+00 4.243672708766219159e+00 4.797974566128872631e+00 5.323554474299015737e+00 5.814769450277204044e+00 6.268707218982131124e+00 6.684039993145446168e+00 7.061310539820555121e+00 7.402004405353621586e+00 7.708556194669881734e+00 7.983666756866288239e+00 8.230286077622073648e+00 8.451176971077925870e+00 8.648959737809125414e+00 8.825871692385792500e+00 8.983868967929979021e+00 9.124511336370975556e+00 9.249088467347707621e+00 9.358569555679341789e+00 9.453725869756349098e+00 9.535106158512352437e+00 9.603141087414618582e+00 9.658124647089719517e+00 9.700297336754585942e+00 9.729826050520577141e+00 9.746868796458072026e+00 9.751551509095413905e+00 9.744018921493674767e+00 9.724408853547457099e+00 9.692893572813515490e+00 9.649652407181072533e+00 9.594906955207825661e+00 9.528892581916393212e+00 9.451889869373879094e+00 9.364195210098328559e+00 9.266150151063413887e+00 9.158111061000443698e+00 9.040477524607039683e+00 8.913660934033641681e+00 8.778112775371065268e+00 8.634291944779278083e+00 8.482693574098808753e+00 8.323814863305328160e+00 8.158184970294000138e+00 7.986329159861274007e+00 7.808800204807203826e+00 7.626140663912948092e+00 7.438916189871378926e+00 7.247675757940805319e+00 7.052987240752897513e+00 6.855395412514925901e+00 6.655460125835141127e+00 6.453711912540097906e+00 6.250693080296034765e+00 6.046910720265334938e+00 5.842881030031496614e+00 5.639079520775975851e+00 5.435988867327202989e+00 5.234046083708965291e+00 5.033694201138830593e+00 4.835326151003171979e+00 4.639340577864479620e+00 4.446082133278131288e+00 4.255901744199991121e+00 4.069092979413691857e+00 3.885957115320985533e+00 3.706735188567646944e+00 3.531678232511730631e+00 3.360974573935275433e+00 3.194825656336884201e+00 3.033368073837690915e+00 2.876755454109649168e+00 2.725074646447581461e+00 2.578434210523647074e+00 2.436874084892532100e+00 2.300461321633158196e+00 2.169192451844910607e+00 2.043097225626742564e+00 1.922132756315096280e+00 1.806296176984556912e+00 1.695509476879448973e+00 1.589742179144371104e+00 1.488885569444417634e+00 1.392886748255256935e+00 1.301610676603296213e+00 1.214987279056104930e+00 1.132859371232789236e+00 1.055144914568897807e+00 9.816684101226812453e-01 9.123409750003380614e-01 8.469721349823620127e-01 7.854711691811786523e-01 7.276353298193574126e-01 6.733769873851551679e-01 6.224830222463879625e-01 5.748738641862501941e-01 5.303269328135693517e-01 4.887759998551406970e-01 4.499887855064609310e-01 4.139187851481959113e-01 3.803230574429543598e-01 3.491852535277842895e-01 3.202542343766282551e-01 2.935709160039616794e-01 2.689040038902087981e-01 2.464477566733004610e-01 2.261383301184139161e-01 2.086815707394473751e-01 1.947785844118660181e-01 1.868764483257327469e-01 1.884355012846280486e-01 2.073200756772251852e-01 2.552215966689933002e-01 3.547259975166000001e-01 5.373576353771037928e-01 8.615108775053537116e-01
1.320042625872037911e+00 1.847996638667755098e+00 2.397684862940605122e+00 2.963471000657999621e+00 3.532396015207523554e+00 4.094578709845396070e+00 4.639925486851371517e+00 5.161092591590504597e+00 5.652081915152041169e+00 6.109367975999464129e+00 6.530896018904743805e+00 6.916427842641193813e+00 7.266716102750134354e+00 7.583543604622168921e+00 7.869087848919951611e+00 8.125900709568686153e+00 8.356478259762859295e+00 8.563280373375276255e+00 8.748477246568072019e+00 8.914021799336921958e+00 9.061519205922536457e+00 9.192329837872062370e+00 9.307508989277721412e+00 9.407914893262958600e+00 9.494180536684844185e+00 9.566810664074305137e+00 9.626163922492500191e+00 9.672532881378444358e+00 9.706126711735397095e+00 9.727134717872365499e+00 9.735706465362207851e+00 9.732002089523636101e+00 9.716169685179886883e+00 9.688386112544609574e+00 9.648832281472316197e+00 9.597727618299456864e+00 9.535303835097479919e+00 9.461835431666829166e+00 9.377612274350310528e+00 9.282967822491597687e+00 9.178250603745265579e+00 9.063851357927831032e+00 8.940173345920072734e+00 8.807659274887621237e+00 8.666760303134196874e+00 8.517963401842221671e+00 8.361758890588911086e+00 8.198668759712514742e+00 8.029212567246739596e+00 7.853937162814560224e+00 7.673380781366293313e+00 7.488104555206613888e+00 7.298654644711245254e+00 7.105595888462591603e+00 6.909471811912388794e+00 6.710840740244218949e+00 6.510233521001566714e+00 6.308192406740145586e+00 6.105226316452980306e+00 5.901852783597600016e+00 5.698550563792349699e+00 5.495804937742810203e+00 5.294057449422089334e+00 5.093754852793174415e+00 4.895295735768304901e+00 4.699083404903814376e+00 4.505469115956535653e+00 4.314809202732894811e+00 4.127404594871744159e+00 3.943562516870847023e+00 3.763531927337333549e+00 3.587570143296860525e+00 3.415873781647157603e+00 3.248650703921689864e+00 3.086045978599041728e+00 2.928219594722436536e+00 2.775266890911420870e+00 2.627302555400786943e+00 2.484374881038593497e+00 2.346556658002008522e+00 2.213852509546799130e+00 2.086297396664246406e+00 1.963856161093983976e+00 1.846530504990054222e+00 1.734249707755921133e+00 1.626987127355460805e+00 1.524640854798640088e+00 1.427161019693037103e+00 1.334418885081272821e+00 1.246346546297690372e+00 1.162792626911663518e+00 1.083676363438548229e+00 1.008827607495954126e+00 9.381578290478385096e-01 8.714815111339575537e-01 8.087073418614214582e-01 7.496372300237577058e-01 6.941819871345501491e-01 6.421329744447007437e-01 5.934080602202376209e-01 5.477891387290100278e-01 5.052063706603945326e-01 4.654321990136310316e-01 4.284154333583302110e-01 3.939185761524650053e-01 3.619196708217486957e-01 3.321747918958503076e-01 3.047190018011955437e-01 2.793320664626549044e-01 2.562029533694082373e-01 2.352838020042980760e-01 2.172691715138597435e-01 2.028640648714599426e-01 1.944465324112636950e-01 1.953666276657818057e-01 2.131495712123239461e-01 2.589206704826708116e-01 3.540847687746851991e-01 5.284693301223185591e-01 8.374601638723442321e-01
1.276213945055818977e+00 1.781299752089819055e+00 2.308983345492252148e+00 2.854597390341358842e+00 3.406281225926123035e+00 3.954843546382244224e+00 4.490617815968831472e+00 5.006308335605749171e+00 5.495704373274191923e+00 5.954820919692225267e+00 6.381015862814370720e+00 6.773384816236881711e+00 7.132027204187536107e+00 7.458119641437417791e+00 7.753329702388628952e+00 8.019800497244620630e+00 8.259733224359884218e+00 8.475390315071539504e+00 8.668834469993289105e+00 8.841977149495932053e+00 8.996435214096276667e+00 9.133612635280922376e+00 9.254630182670075200e+00 9.360418885029055502e+00 9.451686956236530435e+00 9.529008603969797875e+00 9.592805500585013689e+00 9.643422936919899158e+00 9.681114231370459677e+00 9.706102694140822607e+00 9.718564408405612198e+00 9.718677888134346077e+00 9.706604194853245104e+00 9.682527280782013079e+00 9.646631728738180200e+00 9.599136648895555624e+00 9.540271573578930742e+00 9.470306207885279548e+00 9.389524864980277385e+00 9.298253771336367990e+00 9.196834218653883397e+00 9.085648646655357652e+00 8.965092528186298537e+00 8.835600117313004986e+00 8.697614990234820098e+00 8.551616126329156131e+00 8.398086982615945217e+00 8.237542435045071443e+00 8.070496247872485540e+00 7.897489313244312470e+00 7.719055373465550929e+00 7.535750939235304813e+00 7.348119122784932067e+00 7.156721576766174486e+00 6.962100294356980079e+00 6.764811884640717921e+00 6.565387189505662136e+00 6.364368193399482010e+00 6.162265295188670500e+00 5.959597138393495364e+00 5.756845358900470444e+00 5.554497615334610394e+00 5.352999610728405244e+00 5.152801601474911841e+00 4.954307462910268356e+00 4.757924959714387114e+00 4.564011591921937061e+00 4.372928920459643543e+00 4.184984891212769398e+00 4.000492527669396559e+00 3.819708385878742618e+00 3.642895953263278752e+00 3.470259835752325994e+00 3.302014239399248208e+00 3.138312431285903870e+00 2.979320730736486844e+00 2.825142715737948063e+00 2.675899215927878050e+00 2.531646653389326929e+00 2.392463613648040610e+00 2.258362609788322928e+00 2.129383914987442949e+00 2.005499916466791710e+00 1.886717029799544587e+00 1.772971656675714325e+00 1.664241175883613755e+00 1.560430325677986785e+00 1.461492490980703662e+00 1.367305082417801465e+00 1.277802631158442948e+00 1.192839411067545985e+00 1.112336236939807543e+00 1.036128142377033878e+00 9.641272917112042595e-01 8.961529371114832498e-01 8.321135571085425120e-01 7.718154995535883023e-01 7.151684420694559563e-01 6.619679684707193701e-01 6.121298612429683095e-01 5.654401765909805588e-01 5.218260025009329173e-01 4.810641199745447349e-01 4.430992701650467436e-01 4.076989086183563926e-01 3.748361677813581427e-01 3.442736278773783631e-01 3.160411538019616273e-01 2.899282550701779426e-01 2.661187231223455796e-01 2.445777919846278681e-01 2.259875127136827533e-01 2.110518461156042636e-01 2.020798550360192736e-01 2.023124180020734741e-01 2.189586556769180792e-01 2.626246517860683638e-01 3.536504727807667225e-01 5.203440477578102907e-01 8.154006542030415305e-01
1.235985893491675425e+00 1.719964163705467675e+00 2.227127335871463387e+00 2.753655948552196975e+00 3.288688308363063584e+00 3.823698615331012185e+00 4.349476012214090304e+00 4.858855006946884991e+00 5.345523044675938529e+00 5.805161783239777051e+00 6.234662228667423811e+00 6.632558490367186366e+00 6.998375223699325964e+00 7.332733967003593811e+00 7.636815828849595533e+00 7.912356366079820624e+00 8.161245577150456398e+00 8.385521575147134143e+00 8.587107006044314872e+00 8.767838783552248216e+00 8.929314541474669298e+00 9.072955556243005759e+00 9.199926884450196241e+00 9.311216710001216867e+00 9.407597597115291421e+00 9.489706625484249258e+00 9.558025050553089486e+00 9.612949969231699754e+00 9.654779485058110566e+00 9.683772683186047558e+00 9.700134402770292041e+00 9.704064075047091009e+00 9.695738171869901834e+00 9.675350100858107538e+00 9.643090173415014732e+00 9.599179045778763353e+00 9.543845595121336345e+00 9.477356073478052423e+00 9.399990286069613177e+00 9.312068139400635047e+00 9.213924360725286533e+00 9.105933681709327487e+00 8.988484184262444998e+00 8.862002029720532192e+00 8.726923410593800057e+00 8.583719507772526569e+00 8.432866968376171002e+00 8.274873624727092647e+00 8.110247390311107196e+00 7.939523178705560902e+00 7.763230098135561974e+00 7.581919946881604311e+00 7.396132581808471329e+00 7.206426326206053723e+00 7.013341382843622185e+00 6.817432462876110044e+00 6.619230106178958017e+00 6.419275821384685443e+00 6.218081163979474191e+00 6.016165665345867275e+00 5.814013501804473627e+00 5.612114483672116627e+00 5.410918126018219532e+00 5.210877966977204956e+00 5.012402823515595074e+00 4.815904711880070188e+00 4.621747039152656278e+00 4.430296408473036074e+00 4.241867459437947296e+00 4.056778857616439637e+00 3.875294453492137414e+00 3.697683781089986077e+00 3.524159155356787920e+00 3.354941040052787038e+00 3.190190645920746082e+00 3.030080575379012320e+00 2.874722416621088072e+00 2.724243134627956753e+00 2.578707076738236292e+00 2.438198659375345745e+00 2.302738104834255228e+00 2.172371075260693285e+00 2.047077343173684394e+00 1.926868154548965206e+00 1.811686889698559400e+00 1.701515103958123332e+00 1.596264050899594888e+00 1.495890563584953759e+00 1.400278074480368229e+00 1.309363778985965121e+00 1.223007475441588054e+00 1.141131819768877564e+00 1.063576894686800500e+00 9.902558558447971393e-01 9.209925768676815450e-01 8.556956586200513692e-01 7.941757167849450294e-01 7.363416646460554382e-01 6.819931037574566979e-01 6.310441434725797549e-01 5.832847516180578173e-01 5.386394086627896982e-01 4.968889219320952177e-01 4.579744938103526009e-01 4.216681277685163654e-01 3.879386330730312804e-01 3.565544931520056027e-01 3.275409072215315631e-01 3.006959887145095878e-01 2.761984163378968793e-01 2.540240897279820165e-01 2.348416359148387811e-01 2.193501692460567143e-01 2.097905589170958596e-01 2.092967754855967200e-01 2.247831299527462134e-01 2.663782110247117085e-01 3.534571860318370118e-01 5.129588106379978640e-01 7.951560693782615541e-01
1.198980758205954178e+00 1.663407307013439862e+00 2.151389192724683319e+00 2.659849915377817453e+00 3.178835158621882595e+00 3.700453026173012194e+00 4.215960187382927771e+00 4.718379566640258815e+00 5.201382350131579457e+00 5.660419901325565384e+00 6.092019346818219105e+00 6.494247224997209855e+00 6.866128285798008157e+00 7.207782338439292502e+00 7.519934094471023123e+00 7.803921677380698085e+00 8.061317196455338063e+00 8.293916457000696241e+00 8.503476869778619829e+00 8.691733086208564885e+00 8.860236017535433106e+00 9.010399574562311997e+00 9.143412179496374748e+00 9.260302803623469359e+00 9.361896201310514698e+00 9.448884171890416184e+00 9.521802548991267656e+00 9.581097875067197123e+00 9.627112465062458213e+00 9.660141970372396969e+00 9.680421501881095736e+00 9.688173425039273923e+00 9.683591731893349319e+00 9.666881439787145425e+00 9.638240546191131131e+00 9.597893075677662367e+00 9.546068790128826365e+00 9.483031861491605596e+00 9.409058687536425936e+00 9.324463817773471774e+00 9.229576146603569953e+00 9.124763336201853647e+00 9.010406526926900028e+00 8.886924184438996122e+00 8.754745358500640506e+00 8.614333652081379356e+00 8.466158989702854853e+00 8.310722250963378244e+00 8.148525470899050660e+00 7.980097578735010799e+00 7.805962933235225165e+00 7.626668541550772673e+00 7.442750822129740484e+00 7.254764635337682677e+00 7.063248158482226202e+00 6.868754031074173483e+00 6.671812216992863753e+00 6.472963547857972344e+00 6.272720434319746019e+00 6.071603078291976985e+00 5.870097877913114992e+00 5.668696572060835770e+00 5.467852161395154731e+00 5.268021246259587897e+00 5.069617259324036063e+00 4.873056260897276282e+00 4.678707246992119373e+00 4.486941674862828577e+00 4.298080573644393887e+00 4.112448088540447522e+00 3.930315079123996913e+00 3.751956994281240743e+00 3.577593595035232887e+00 3.407451505656025947e+00 3.241699642252707125e+00 3.080516830331970546e+00 2.924022455572642176e+00 2.772349597008043176e+00 2.625570339749045523e+00 2.483774949051650971e+00 2.346991192663904435e+00 2.215270178510397869e+00 2.088598921795011165e+00 1.966993593553412412e+00 1.850404427721959566e+00 1.738817287193286099e+00 1.632149829114516670e+00 1.530362500324362385e+00 1.433344651557906912e+00 1.341036341012212141e+00 1.253302790364240860e+00 1.170068726771970935e+00 1.091179176999640843e+00 1.016548548915837236e+00 9.460052215471572712e-01 8.794582100638782540e-01 8.167222630730568422e-01 7.577058544080197411e-01 7.022124406488936543e-01 6.501548200384926757e-01 6.013266709400644228e-01 5.556502728619098219e-01 5.129102055134912019e-01 4.730445919427012091e-01 4.358296462657667014e-01 4.012303561940209762e-01 3.690205918001330243e-01 3.392213248061002329e-01 3.116382838945696565e-01 2.864450731201183542e-01 2.636262147160910452e-01 2.438362521718346332e-01 2.277665385493785610e-01 2.175910668723057828e-01 2.163399057792512736e-01 2.306521666848349583e-01 2.702161540609381296e-01 3.535285432434140951e-01 5.062875715479502325e-01 7.765724854510522857e-01
1.164876959142503221e+00 1.611134451386126765e+00 2.081147260251989817e+00 2.572490847894272736e+00 3.076034638418239098e+00 3.584485229179767973e+00 4.089566995682736739e+00 4.584531404624138773e+00 5.063098894713066400e+00 5.520574216204106932e+00 5.953208030050387123e+00 6.358682579739079799e+00 6.735592574168511426e+00 7.083609390276817130e+00 7.403035387996142802e+00 7.694827831904026638e+00 7.960241911384305702e+00 8.200820705233336838e+00 8.418137920853128620e+00 8.613803507522380443e+00 8.789297881096628018e+00 8.946005095600597201e+00 9.085116929170149902e+00 9.207686677643161843e+00 9.314578380545148306e+00 9.406529262014226234e+00 9.484123451453934095e+00 9.547853302580357138e+00 9.598103630954854637e+00 9.635206477053202434e+00 9.659427979795372821e+00 9.671014876434844254e+00 9.670180386937397898e+00 9.657143019138473505e+00 9.632110256726184261e+00 9.595311227922037389e+00 9.546978095971347500e+00 9.487374330317583926e+00 9.416774056576109331e+00 9.335487468398957489e+00 9.243838410055673194e+00 9.142188155902926994e+00 9.030911403366246759e+00 8.910419356678387359e+00 8.781134205629930634e+00 8.643512224943538769e+00 8.498016738333172171e+00 8.345141785734389472e+00 8.185383524975788916e+00 8.019264912202094919e+00 7.847305466538361252e+00 7.670047338809827586e+00 7.488023348862880901e+00 7.301784771591102619e+00 7.111867545180625250e+00 6.918822072876215756e+00 6.723177488965262683e+00 6.525473754277489213e+00 6.326223852754916166e+00 6.125948445300817724e+00 5.925135852082950905e+00 5.724279521496480783e+00 5.523835631393528622e+00 5.324263627062285842e+00 5.125981248173490101e+00 4.929408391916730636e+00 4.734919341491251821e+00 4.542890218439683103e+00 4.353648152787910064e+00 4.167522603072573162e+00 3.984791167341813711e+00 3.805735071578501660e+00 3.630581273977278478e+00 3.459562453922328640e+00 3.292855008087100188e+00 3.130643914708554298e+00 2.973056157374854180e+00 2.820230895416167449e+00 2.672247777268696556e+00 2.529202920430394741e+00 2.391131487548011858e+00 2.258090072596913078e+00 2.130072804531737418e+00 2.007100855586282595e+00 1.889131202816493271e+00 1.776154127183546372e+00 1.668093593343964454e+00 1.564913805028394167e+00 1.466509944932045117e+00 1.372825107961518132e+00 1.283729857287390308e+00 1.199151194434292300e+00 1.118939006970639971e+00 1.043009186275162481e+00 9.711945256796238324e-01 9.034047139344157928e-01 8.394585264610133768e-01 7.792642860815353067e-01 7.226291752101265953e-01 6.694650017901400130e-01 6.195689929294919684e-01 5.728615860907344537e-01 5.291309256030491959e-01 4.883124577205488204e-01 4.501863246003968699e-01 4.147141251556955011e-01 3.816746707454730658e-01 3.510850726154312040e-01 3.227578156001944532e-01 2.968614584853298544e-01 2.733874271453080040e-01 2.529757348947318518e-01 2.363077582805933330e-01 2.254922868794561053e-01 2.234589443556529720e-01 2.365896615094053856e-01 2.741657255021934247e-01 3.538805831594246110e-01 5.003029482546077489e-01 7.595148340902477813e-01
1.133398500127003272e+00 1.562722048171582001e+00 2.015866509013218622e+00 2.490980245648324765e+00 2.979680479972326435e+00 3.475235327844154565e+00 3.969829034368586473e+00 4.456968084000423325e+00 4.930471766718354409e+00 5.385565806142386336e+00 5.818298117664730817e+00 6.226039788379971185e+00 6.607019636512530880e+00 6.960512310631209232e+00 7.286433862977919951e+00 7.585381735199780096e+00 7.858301091853753917e+00 8.106478160667069943e+00 8.331290412110302412e+00 8.534205629937693161e+00 8.716613758054817751e+00 8.879849018078928680e+00 9.025087916501643548e+00 9.153392028139023751e+00 9.265651501969539794e+00 9.362638947809367451e+00 9.444979528448671502e+00 9.513206702911455537e+00 9.567745053365539931e+00 9.608961911831757519e+00 9.637154439742309009e+00 9.652594573222105012e+00 9.655516016670006252e+00 9.646152322906416998e+00 9.624722052088770852e+00 9.591461039450781101e+00 9.546605304320506136e+00 9.490418966828954694e+00 9.423175027537720183e+00 9.345180348501552103e+00 9.256754546300593134e+00 9.158253226296844574e+00 9.050045186169079159e+00 8.932534839016010864e+00 8.806137837786630840e+00 8.671303408632301313e+00 8.528488430366802930e+00 8.378180239958268771e+00 8.220869147928592469e+00 8.057072167098946025e+00 7.887303911439860649e+00 7.712101624961475999e+00 7.531994390683603768e+00 7.347529787453368932e+00 7.159241320833205968e+00 6.967677003066740760e+00 6.773364904140760423e+00 6.576843928446510112e+00 6.378627369227511501e+00 6.179236141317749009e+00 5.979160204102062615e+00 5.778894501274220552e+00 5.578898095563053161e+00 5.379633063029870321e+00 5.181521156814639539e+00 4.984985905078172408e+00 4.790406590706322909e+00 4.598163809075191288e+00 4.408590515784701402e+00 4.222021313819848132e+00 4.038740281557149814e+00 3.859034279751332619e+00 3.683137226563065525e+00 3.511287744566333746e+00 3.343669497266433588e+00 3.180473536811132984e+00 3.021834255742120945e+00 2.867896849592353803e+00 2.718748366065009581e+00 2.574490766159483357e+00 2.435166467273965463e+00 2.300837575810802615e+00 2.171505216245050995e+00 2.047195622558264816e+00 1.927872415724642075e+00 1.813530388031744600e+00 1.704099727809432085e+00 1.599548519865320761e+00 1.499777706054483906e+00 1.404733571233317546e+00 1.314291953394692847e+00 1.228382309007586937e+00 1.146859320469229671e+00 1.069640569293760279e+00 9.965631918766654218e-01 9.275377826855110142e-01 8.623870608835905172e-01 8.010194565752395413e-01 7.432457757556212297e-01 6.889771228971530714e-01 6.380141437440547403e-01 5.902757534336208201e-01 5.455534904955584574e-01 5.037804803257615038e-01 4.647405551432143289e-01 4.283923022682027404e-01 3.945190887760589016e-01 3.631344779903362685e-01 3.340569635406097637e-01 3.074500896379495085e-01 2.833107393942592700e-01 2.622641243083336238e-01 2.449799812114870634e-01 2.335038012692298992e-01 2.306684718147503643e-01 2.426152820268924759e-01 2.782483257496660145e-01 3.545237870050290674e-01 4.949773288263751847e-01 7.438640460530649978e-01
1.104306801393941884e+00 1.517804850708869946e+00 1.955083398380378812e+00 2.414794886462979573e+00 2.889235621360922046e+00 3.372198158541258373e+00 3.856313384125924948e+00 4.335358990679445412e+00 4.803290104870175270e+00 5.255307679541097343e+00 5.687318705499591509e+00 6.096446863319989085e+00 6.480613261058657315e+00 6.838744934339602288e+00 7.170408214779856237e+00 7.475864633115978819e+00 7.755760672467861383e+00 8.011126698662177859e+00 8.243136535374018692e+00 8.453102890830331617e+00 8.642308962650162130e+00 8.812021841384174436e+00 8.963385834434884458e+00 9.097455562967157405e+00 9.215134238452060700e+00 9.317219433911592574e+00 9.404369394356253409e+00 9.477153122515895589e+00 9.536031349956761716e+00 9.581404760431800227e+00 9.613600797621181471e+00 9.632916806802331422e+00 9.639607752734441704e+00 9.633923422294847327e+00 9.616094788712125307e+00 9.586365824999116825e+00 9.544977762331461335e+00 9.492196670695134841e+00 9.428295560077749826e+00 9.353578990984756203e+00 9.268363200996061479e+00 9.172998874251856449e+00 9.067849490159558101e+00 8.953313174250304485e+00 8.829799403697796478e+00 8.697750665650291424e+00 8.557617583288660512e+00 8.409880951852237274e+00 8.255025292822391947e+00 8.093561725053952216e+00 7.925999916141750923e+00 7.752872168501504291e+00 7.574703711437313913e+00 7.392038329966964305e+00 7.205406922785326351e+00 7.015354966951314886e+00 6.822409251197183444e+00 6.627107446527982226e+00 6.429962908068521443e+00 6.231496606549489670e+00 6.032199873292553249e+00 5.832568938459379737e+00 5.633065471882424013e+00 5.434153969944437002e+00 5.236259919281453179e+00 5.039810275109754656e+00 4.845189045077387568e+00 4.652781108152075795e+00 4.462924981802910196e+00 4.275960242975656911e+00 4.092177202928821700e+00 3.911868211437348197e+00 3.735273919301295820e+00 3.562638775130132274e+00 3.394153504715600178e+00 3.230015148310048545e+00 3.070365327115220033e+00 2.915355220094976385e+00 2.765079118499294442e+00 2.619644807796284613e+00 2.479101828231758287e+00 2.343517813182466103e+00 2.212900772815883599e+00 2.087282050113897558e+00 1.966631819602995490e+00 1.850949463436859288e+00 1.740171319344088197e+00 1.634269461268888612e+00 1.533150528026245185e+00 1.436764130096925829e+00 1.344991325601106791e+00 1.257764187428759950e+00 1.174942140554290138e+00 1.096444642439985628e+00 1.022113117197270826e+00 9.518592743401993461e-01 8.855097122624381312e-01 8.229732014047779209e-01 7.640640909142708548e-01 7.086930402645170712e-01 6.566640095021786250e-01 6.078946785518998253e-01 5.621798402323359145e-01 5.194506164495293898e-01 4.794943283584984783e-01 4.422668836969421702e-01 4.075558704444470215e-01 3.753715745792258196e-01 3.455378479081597787e-01 3.182132578355681973e-01 2.933989279452693388e-01 2.717051389788309734e-01 2.537887616156903614e-01 2.416340362372911554e-01 2.379809365717875380e-01 2.487452876599898222e-01 2.824808045549123681e-01 3.554645552012293819e-01 4.902835678466677116e-01 7.295147052465262849e-01
1.077394292252800811e+00 1.476065823657812359e+00 1.898393900854092431e+00 2.343475012026903226e+00 2.804222507098251604e+00 3.274917133318215434e+00 3.748619685391004985e+00 4.219387531421600279e+00 4.681338634866459181e+00 5.129692423369029086e+00 5.560266525241986280e+00 5.969992427553060921e+00 6.356535782758719222e+00 6.718521942590100160e+00 7.055203603216487984e+00 7.366531933952766842e+00 7.652869294978631665e+00 7.914995237501385006e+00 8.153876859771580499e+00 8.370662950123877621e+00 8.566517179990391639e+00 8.742624914826613747e+00 8.900083225942450937e+00 9.039925650151641179e+00 9.163055866022640217e+00 9.270285918257782143e+00 9.362298765891974739e+00 9.439692754731277446e+00 9.502960419841107509e+00 9.552533113973902701e+00 9.588767138811176594e+00 9.611984857938100646e+00 9.622462781205339155e+00 9.620467728224539883e+00 9.606244134642153654e+00 9.580045334876492902e+00 9.542118995085786537e+00 9.492734351518336666e+00 9.432165520711615514e+00 9.360715778716230062e+00 9.278698844037167603e+00 9.186461246245187340e+00 9.084361758468887160e+00 8.972792751207453676e+00 8.852157921433459364e+00 8.722893355622231226e+00 8.585443642673885378e+00 8.440283222187437318e+00 8.287890912783442587e+00 8.128772009090916129e+00 7.963431215095948978e+00 7.792395873368658243e+00 7.616187263502748550e+00 7.435345292397463446e+00 7.250398096241811530e+00 7.061888483849776854e+00 6.870341762647082184e+00 6.676294202485836493e+00 6.480258988508965423e+00 6.282756956773755341e+00 6.084280557658927613e+00 5.885327104796413522e+00 5.686360610675562199e+00 5.487847785757551833e+00 5.290217582483569103e+00 5.093900181765572910e+00 4.899284052343820584e+00 4.706758167406286830e+00 4.516666352840592147e+00 4.329352988231909727e+00 4.145114379582030217e+00 3.964248217400930585e+00 3.787001666249454335e+00 3.613624879415373581e+00 3.444315448142115432e+00 3.279276309162506564e+00 3.118656139174288633e+00 2.962612040440525618e+00 2.811245398772457715e+00 2.664669796256844414e+00 2.522941770635383385e+00 2.386134486618687767e+00 2.254262736841663006e+00 2.127363009059981103e+00 2.005411947891320601e+00 1.888413591186701934e+00 1.776310359271406236e+00 1.669078409381028250e+00 1.566630023411640593e+00 1.468918258034282109e+00 1.375829346270363462e+00 1.287298122533393929e+00 1.203188713065337812e+00 1.123422619318001914e+00 1.047845510550658776e+00 9.763704012599736526e-01 9.088277195987236601e-01 8.451267880266470911e-01 7.850854362122305918e-01 7.286141131811167959e-01 6.755200100767894122e-01 6.257198313161088654e-01 5.790115092391867613e-01 5.353244474228442407e-01 4.944492855853279134e-01 4.563395468247345432e-01 4.207867486962640902e-01 3.877981378220435316e-01 3.572023575809633034e-01 3.291530464284477264e-01 3.036545454930774102e-01 2.813021913505944216e-01 2.627391083909865754e-01 2.498904110727712125e-01 2.454070016988339209e-01 2.549931746697116641e-01 2.868764448650466536e-01 3.567062875650359732e-01 4.861954141667117479e-01 7.163731101318669969e-01
1.052479324673773364e+00 1.437228144919990402e+00 1.845443926725520933e+00 2.276614725971332298e+00 2.724214983056714612e+00 3.182978799150315563e+00 3.646377999459884389e+00 4.108752327828938178e+00 4.564401692714507242e+00 5.008598168692397934e+00 5.437112790379564409e+00 5.846732403208218187e+00 6.234913765034210797e+00 6.600022973238602653e+00 6.941033944261081778e+00 7.257613722758845753e+00 7.549857308555592006e+00 7.818301622835054587e+00 8.063707548411205295e+00 8.287054664715688190e+00 8.489377552202860500e+00 8.671767891232542880e+00 8.835262457751053233e+00 8.980860871137542389e+00 9.109455382687052349e+00 9.221862211907069451e+00 9.318780490517509563e+00 9.400831274970423479e+00 9.468533988477208396e+00 9.522347339684753109e+00 9.562654448481481495e+00 9.589801738667977915e+00 9.604087064996857492e+00 9.605794676938785415e+00 9.595183211727222883e+00 9.572516354359573043e+00 9.538049267416450760e+00 9.492055460504190023e+00 9.434811192497727816e+00 9.366619439885797149e+00 9.287792257309872568e+00 9.198672793819271831e+00 9.099615749728490854e+00 8.991008296330432970e+00 8.873248776044203368e+00 8.746767239625754087e+00 8.612002493254747648e+00 8.469422831502635418e+00 8.319501483508966899e+00 8.162738010224881435e+00 7.999632158443986008e+00 7.830706309791722219e+00 7.656477718711980351e+00 7.477482343782497765e+00 7.294245421175544308e+00 7.107306970021242343e+00 6.917190632647996829e+00 6.724431119584049377e+00 6.529541228903176453e+00 6.333041479252009331e+00 6.135425200699220483e+00 5.937190593545549788e+00 5.738803760853312674e+00 5.540733425519642985e+00 5.343411749366540064e+00 5.147271940645438804e+00 4.952706675720985885e+00 4.760108834024260993e+00 4.569827305584541755e+00 4.382211101085919935e+00 4.197562291336393692e+00 4.016183757478471783e+00 3.838328966269528575e+00 3.664253650941127205e+00 3.494162077897017937e+00 3.328262983849556100e+00 3.166711933747809127e+00 3.009671886724381906e+00 2.857251179636203897e+00 2.709569155709399269e+00 2.566689230048287307e+00 2.428690094189583704e+00 2.295593225194343390e+00 2.167440281348095077e+00 2.044214299279072833e+00 1.925924027272133854e+00 1.812517907268141881e+00 1.703976261824647009e+00 1.600216968556574137e+00 1.501196637749636187e+00 1.406806639581386964e+00 1.316984700897611216e+00 1.231599616631732896e+00 1.150575084923858959e+00 1.073760987917528942e+00 1.001071818359087207e+00 9.323417969282160600e-01 8.674809914977108516e-01 8.063106642221976594e-01 7.487412678452888271e-01 6.945831588346493835e-01 6.437523025485830663e-01 5.960496769675519557e-01 5.514032253740860368e-01 5.096067615746363577e-01 4.706116883345875523e-01 4.342131989865208319e-01 4.004157132971120636e-01 3.690521727593732981e-01 3.402713460911798160e-01 3.140799329649373028e-01 2.910584052575387881e-01 2.718355359018536088e-01 2.582794681083043775e-01 2.529558299594962256e-01 2.613701868251941396e-01 2.914457175872229300e-01 3.582501800056912544e-01 4.826877614597549493e-01 7.043556619213864334e-01
1.029402091961757471e+00 1.401048798810443641e+00 1.795921593527100013e+00 2.213854126873991746e+00 2.648831490187922189e+00 3.096008048778339017e+00 3.549246609085181525e+00 4.003167719461436569e+00 4.452266118150594920e+00 4.891893235824617214e+00 5.317808778790169555e+00 5.726695693825926803e+00 6.115843055530744365e+00 6.483396524130268013e+00 6.828084377413718542e+00 7.149315744627934066e+00 7.446936416297133654e+00 7.721251217967612490e+00 7.972818240209348595e+00 8.202445615872314022e+00 8.411032166028897805e+00 8.599566420696286073e+00 8.769013786015154466e+00 8.920328545508047213e+00 9.054380512455445285e+00 9.171980192079532301e+00 9.273834385741221098e+00 9.360579987200052798e+00 9.432757979305893770e+00 9.490850601865782110e+00 9.535265218045022806e+00 9.566370834611060303e+00 9.584485986803880309e+00 9.589912351105768451e+00 9.582923182958593245e+00 9.563793253143039408e+00 9.532786096811182830e+00 9.490180471362908321e+00 9.436255730164464950e+00 9.371315483918124301e+00 9.295670957632607312e+00 9.209662688873837766e+00 9.113641950052450369e+00 9.007991285527266356e+00 8.893104133513361376e+00 8.769404897527969922e+00 8.637326880279225350e+00 8.497332465475230023e+00 8.349889432302454395e+00 8.195491719427748123e+00 8.034634146067851646e+00 7.867834149368598595e+00 7.695604903433843624e+00 7.518478362882120791e+00 7.336976744122286398e+00 7.151637167214356161e+00 6.962981441377124270e+00 6.771542569605016659e+00 6.577832759990093869e+00 6.382372039183749735e+00 6.185654390393919400e+00 5.988178710291324869e+00 5.790412952025429050e+00 5.592827654210868360e+00 5.395857942081507375e+00 5.199939856241169167e+00 5.005470036570833336e+00 4.812845082588017576e+00 4.622418712495853121e+00 4.434544396818163037e+00 4.249529748550052943e+00 4.067682688130728863e+00 3.889262779360415312e+00 3.714531207976793592e+00 3.543698730867216540e+00 3.376979784114781058e+00 3.214536658633240673e+00 3.056538098564840489e+00 2.903099252762487925e+00 2.754345183453390522e+00 2.610346067130650205e+00 2.471186109859410784e+00 2.336893379141153471e+00 2.207514720720355150e+00 2.083039489322331850e+00 1.963481188619320639e+00 1.848794225690792326e+00 1.738963159767192845e+00 1.633911421895163141e+00 1.533599271851134871e+00 1.437923185113584523e+00 1.346823899438309935e+00 1.260174852837085746e+00 1.177902079455152240e+00 1.099859650374081843e+00 1.025963695384317864e+00 9.560522004480010994e-01 8.900361564407489601e-01 8.277402219872153077e-01 7.690750501788926607e-01 7.138541114985107461e-01 6.619928487880589740e-01 6.132952092566862357e-01 5.676879108999164369e-01 5.249678191212372447e-01 4.850844551499098323e-01 4.478364668901548273e-01 4.132256396579189750e-01 3.810887834301581734e-01 3.515698679175036090e-01 3.246772312226823831e-01 3.009766340805583584e-01 2.810821112870191540e-01 2.668069851207415244e-01 2.606353185670371997e-01 2.678857221356423790e-01 2.961968651432357325e-01 3.600958161833953119e-01 4.797367815728785789e-01 6.933875165158071008e-01
1.008021321845952389e+00 1.367313394209187516e+00 1.749550929328292703e+00 2.154872814369368061e+00 2.577729321130908247e+00 3.013663913097225144e+00 3.456909852803238703e+00 3.902363796144271646e+00 4.344723303190431096e+00 4.779439742698488480e+00 5.202290378016433792e+00 5.609888993243888677e+00 5.999393244397106528e+00 6.368763584310335624e+00 6.716513776132113200e+00 7.041820690020169415e+00 7.344299798907678145e+00 7.624036054397240747e+00 7.881390490694427875e+00 8.117000128663125480e+00 8.331623923553376443e+00 8.526140100424594692e+00 8.701433552974185304e+00 8.858403277978007750e+00 8.997886647533100302e+00 9.120679136511984808e+00 9.227486928494567309e+00 9.318955810509093496e+00 9.395642731064556941e+00 9.458049243958404517e+00 9.506603932852810246e+00 9.541696449431874782e+00 9.563664913150395464e+00 9.572828037444448768e+00 9.569473787571215695e+00 9.553888489680357310e+00 9.526344724701251820e+00 9.487127320184326251e+00 9.436519572647128484e+00 9.374826591819688915e+00 9.302359570344538753e+00 9.219457185505957497e+00 9.126467927493774113e+00 9.023770294696030092e+00 8.911753289988890714e+00 8.790836077690926231e+00 8.661446760814431656e+00 8.524042068304467534e+00 8.379084493628351282e+00 8.227062485038608486e+00 8.068465986365801257e+00 7.903807524484713021e+00 7.733596157886406530e+00 7.558359796512260864e+00 7.378617534726132909e+00 7.194903496548618271e+00 7.007737505485686746e+00 6.817650719071743026e+00 6.625154566216635565e+00 6.430768415428197216e+00 6.234986688774437624e+00 6.038308795766363701e+00 5.841204310146294709e+00 5.644145394727013709e+00 5.447569901992049601e+00 5.251916513585623392e+00 5.057585597480773743e+00 4.864977289299491581e+00 4.674449907065668874e+00 4.486361210579942416e+00 4.301024139014544723e+00 4.118751500020415790e+00 3.939808754973747273e+00 3.764462412536524027e+00 3.592929540275196842e+00 3.425430169564586347e+00 3.262133159186864972e+00 3.103212961722703334e+00 2.948791402635621228e+00 2.798999215159463372e+00 2.653913224515829228e+00 2.513623132100514024e+00 2.378163505023047186e+00 2.247586385570034651e+00 2.121887375845366019e+00 2.001084771157897624e+00 1.885138890695228442e+00 1.774038592217176857e+00 1.667712821829449465e+00 1.566125574430899503e+00 1.469178403551699708e+00 1.376815165344175806e+00 1.288913920816630698e+00 1.205403167652883134e+00 1.126141148633896361e+00 1.051045776704176316e+00 9.799587840254181392e-01 9.127922482818940919e-01 8.493741984805068812e-01 7.896156694714273616e-01 7.333332064976056941e-01 6.804419292455718971e-01 6.307486924403642448e-01 5.841792041019184811e-01 5.405332775306409543e-01 4.997587698185270710e-01 4.616575906845421517e-01 4.262290674168696114e-01 3.933135046489922848e-01 3.630501548341849571e-01 3.354483922775993165e-01 3.110594787070719014e-01 2.904824976849690876e-01 2.754780721557684164e-01 2.684522930407723385e-01 2.745476586324154256e-01 3.011363558406932039e-01 3.622416093563060602e-01 4.773199805457475353e-01 6.834014505956157448e-01
9.882115731052990570e-01 1.335831936371653761e+00 1.706086702028102309e+00 2.099384491403400776e+00 2.510599750806757680e+00 2.935635866706691743e+00 3.369076048335998941e+00 3.806086114556129107e+00 4.241570608601987757e+00 4.671096398334358746e+00 5.090481780578128834e+00 5.496300843513927781e+00 5.885611569417750211e+00 6.256220962846670730e+00 6.606457212777619326e+00 6.935289658736404128e+00 7.242122582115723795e+00 7.526834420431632644e+00 7.789596675774102863e+00 8.030877721052384288e+00 8.251294767964161281e+00 8.451610682284602660e+00 8.632622538295668946e+00 8.795165564786882939e+00 8.940035771147513799e+00 9.068004980519839719e+00 9.179770830566807760e+00 9.275981134110832471e+00 9.357203081024525915e+00 9.423953044655025479e+00 9.476677448341115806e+00 9.515784254786645135e+00 9.541629680774486033e+00 9.554548721537695855e+00 9.554843825159657911e+00 9.542813073022077930e+00 9.518738550512066965e+00 9.482911810566296396e+00 9.435620821157950644e+00 9.377172970740241809e+00 9.307880164734777750e+00 9.228079940743459275e+00 9.138118642226181976e+00 9.038371302865581214e+00 8.929222970743463605e+00 8.811087993858333078e+00 8.684389600062113246e+00 8.549579139341556555e+00 8.407114006526224870e+00 8.257477311011717447e+00 8.101154195161313964e+00 7.938652327457575986e+00 7.770476635016447808e+00 7.597150957519550829e+00 7.419191182190165712e+00 7.237128352748188220e+00 7.051480169498492323e+00 6.862775817154791014e+00 6.671525769598302347e+00 6.478248579735522483e+00 6.283438906061164175e+00 6.087596494403465286e+00 5.891192320114710945e+00 5.694699984125990433e+00 5.498559839296798479e+00 5.303213020937634248e+00 5.109063397830228226e+00 4.916514460194737701e+00 4.725928904578856837e+00 4.537668610544014491e+00 4.352051633468685843e+00 4.169395515789614315e+00 3.989971422097653431e+00 3.814051052723761881e+00 3.641857610385820454e+00 3.473616614737203179e+00 3.309503337907595988e+00 3.149697860237086200e+00 2.994328551436606922e+00 2.843531762568636712e+00 2.697390857558155108e+00 2.556001007777469525e+00 2.419403191540085984e+00 2.287654649729964795e+00 2.160757163522645463e+00 2.038733848305311014e+00 1.921550884935062209e+00 1.809201483045550951e+00 1.701620068402733166e+00 1.598774447493354511e+00 1.500571228212347785e+00 1.406957482791365122e+00 1.317815879517873601e+00 1.233077496679879870e+00 1.152604736911981620e+00 1.076317431207236996e+00 1.004061045511731143e+00 9.357488959980813092e-01 8.712123641843159128e-01 8.103630347715181648e-01 7.530204985903556913e-01 6.990997365880531333e-01 6.484104617239581092e-01 6.008775703864254192e-01 5.563037362308089762e-01 5.146353515325671202e-01 4.756774200057018454e-01 4.394269745026804230e-01 4.057274893567826557e-01 3.747135916540543232e-01 3.463951899061574746e-01 3.213093047773857847e-01 3.000399932531109815e-01 2.842972547424532648e-01 2.764126677441983704e-01 2.813626166988427713e-01 3.062692399140596877e-01 3.646851337655263592e-01 4.754162040192511651e-01 6.743369026571921498e-01
9.698610074955604787e-01 1.306435348850725209e+00 1.665310141327079441e+00 2.047132448583077746e+00 2.447163889153351146e+00 2.861640583150560690e+00 3.285475535420759208e+00 3.714095208551008831e+00 4.142612307731143417e+00 4.566720655150018793e+00 4.982298483622461305e+00 5.385905051293090828e+00 5.774526319277152986e+00 6.145844307600137668e+00 6.498028321146351871e+00 6.829863712660382724e+00 7.140562543718461441e+00 7.429810786863522587e+00 7.697599273848108936e+00 7.944231922382177125e+00 8.170184231018831511e+00 8.376100529802609884e+00 8.562684477021015539e+00 8.730700485183906068e+00 8.880895393967785267e+00 9.014009531332586533e+00 9.130724532065027432e+00 9.231683567539668900e+00 9.317458334595574598e+00 9.388575362255236811e+00 9.445495263467762470e+00 9.488641650536237648e+00 9.518387007522507659e+00 9.535081520726357951e+00 9.539041589525721676e+00 9.530576983497352828e+00 9.509979530968909245e+00 9.477547987898525150e+00 9.433575588166855042e+00 9.378372679527918976e+00 9.312252559338125124e+00 9.235552303246109318e+00 9.148616722372510779e+00 9.051817958527578867e+00 8.945537589927914368e+00 8.830185580638659104e+00 8.706180624343138774e+00 8.573968984778559843e+00 8.434003165788046985e+00 8.286761107946595928e+00 8.132723246694348873e+00 7.972392461329399715e+00 7.806269550817638958e+00 7.634874274194960897e+00 7.458719243337456284e+00 7.278332350319701050e+00 7.094229049620319749e+00 6.906936436575315419e+00 6.716963867262753851e+00 6.524828930448159703e+00 6.331026330132738522e+00 6.136055979160532026e+00 5.940390045643499484e+00 5.744503388205802530e+00 5.548838642084761297e+00 5.353839213052028256e+00 5.159912251120264415e+00 4.967464422338323971e+00 4.776862587087686407e+00 4.588472576523311197e+00 4.402617357839552881e+00 4.219619055841744348e+00 4.039754348612519586e+00 3.863299995624992267e+00 3.690485163019554538e+00 3.521540749237767720e+00 3.356648288317607420e+00 3.195993404084983780e+00 3.039710880641513402e+00 2.887942629087176805e+00 2.740778444114718937e+00 2.598318936191362560e+00 2.460611408274084422e+00 2.327718295560904149e+00 2.199647491769832541e+00 2.076426953753907956e+00 1.958028675498813653e+00 1.844450264167163844e+00 1.735631591993339828e+00 1.631544345251057404e+00 1.532100165221599308e+00 1.437249429083266250e+00 1.346879400092323653e+00 1.260923844830786678e+00 1.179249318252445722e+00 1.101777694294835852e+00 1.028358165709735816e+00 9.589054280830893173e-01 8.932542043772011553e-01 8.313167854892038466e-01 7.729157871201011165e-01 7.179662227986796097e-01 6.662806249956380045e-01 6.177832620936830610e-01 5.722795945263139394e-01 5.297147336896642633e-01 4.898966314088037399e-01 4.528201792831670902e-01 4.183317392553267955e-01 3.865614140009597799e-01 3.575192296020910931e-01 3.317282589239312074e-01 3.097575661003200143e-01 2.932685453325623026e-01 2.845215792265463617e-01 2.883361713568585172e-01 3.115994301153942048e-01 3.674233739105270957e-01 4.740056100596343192e-01 6.661391578100345212e-01
9.528695395984755345e-01 1.278972591040403062e+00 1.627025374639885946e+00 1.997885763702179407e+00 2.387169133408384436e+00 2.791419082623096237e+00 3.205858852460214070e+00 3.626165970428807839e+00 4.047660177526448244e+00 4.466170356373991623e+00 4.877649719497638259e+00 5.278663558676308654e+00 5.666149787800840443e+00 6.037690820522914947e+00 6.391321522123142529e+00 6.725665452870860150e+00 7.039760979879116753e+00 7.333115987202715402e+00 7.605550453109788833e+00 7.857209405179941264e+00 8.088428266886793949e+00 8.299731309948196412e+00 8.491724747261502060e+00 8.665096494445363007e+00 8.820537528762050883e+00 8.958749667774601022e+00 9.080391640517698093e+00 9.186095610502892583e+00 9.276432141103141404e+00 9.351933181965383923e+00 9.413069701369458642e+00 9.460278041232680124e+00 9.493944830917060429e+00 9.514434056514671667e+00 9.522075252946766710e+00 9.517189552978191358e+00 9.500078546014092851e+00 9.471048485121746907e+00 9.430398320740172480e+00 9.378441929872860072e+00 9.315494602765996390e+00 9.241893576583812830e+00 9.157982712873073083e+00 9.064131817176093620e+00 8.960719479610270710e+00 8.848151716422879787e+00 8.726843039830074034e+00 8.597234933630316434e+00 8.459775236223871175e+00 8.314936906265325334e+00 8.163195786063722537e+00 8.005050051650140830e+00 7.840996395382207496e+00 7.671550500353516711e+00 7.497221651427793176e+00 7.318534530721632514e+00 7.136002238886836047e+00 6.950149676317328939e+00 6.761484931354051042e+00 6.570524489200437301e+00 6.377762919695399546e+00 6.183700140814678115e+00 5.988809314414162088e+00 5.793566382236265078e+00 5.598416052445978508e+00 5.403803822447524219e+00 5.210139911264619172e+00 5.017833984973420591e+00 4.827256859345922635e+00 4.638778150576623460e+00 4.452725538497628754e+00 4.269425578178847047e+00 4.089160275735055805e+00 3.912211316331696054e+00 3.738813661217812001e+00 3.569203476050177404e+00 3.403568408021371727e+00 3.242099537016727595e+00 3.084937933763903128e+00 2.932231007485609275e+00 2.784074877356723210e+00 2.640575557068069568e+00 2.501786589030622121e+00 2.367775592721867550e+00 2.238556509136447659e+00 2.114162151565877945e+00 1.994570279915280686e+00 1.879782937537447296e+00 1.769745411522221978e+00 1.664433328620933628e+00 1.563763344529019994e+00 1.467689222252872572e+00 1.376102810323691195e+00 1.288940662845570628e+00 1.206073482972634059e+00 1.127425303500391385e+00 1.052849041422070808e+00 9.822609030504007022e-01 9.154989473556010005e-01 8.524763173377958303e-01 7.930186399531393704e-01 7.370411210773207822e-01 6.843590829687968835e-01 6.348963367783218015e-01 5.884610682623238054e-01 5.449972786902046451e-01 5.043157414659058535e-01 4.664093515759399344e-01 4.311271141342937763e-01 3.985947162817561895e-01 3.688219578371605967e-01 3.423182838560497321e-01 3.196378853848813040e-01 3.023955046158656734e-01 2.927834973083207615e-01 2.954730248546032501e-01 3.171299239803526127e-01 3.704529123523855327e-01 4.730696216056244907e-01 6.587586513870088423e-01
9.371472898326430601e-01 1.253308252820868551e+00 1.591056438654039118e+00 1.951436085179957480e+00 2.330386120512380810e+00 2.724734221459227168e+00 3.129995051315076715e+00 3.542086957488029153e+00 3.956533827113776436e+00 4.369304985619892889e+00 4.776440420864811465e+00 5.174528851542769203e+00 5.560480830435968080e+00 5.931801684624176119e+00 6.286414093773712963e+00 6.622800575967004555e+00 6.939843669310714169e+00 7.236887585793492228e+00 7.513591901730621636e+00 7.769949379503962028e+00 8.006158337188031382e+00 8.222622901221299685e+00 8.419849224495402851e+00 8.598444327577871249e+00 8.759037720906183822e+00 8.902286547447214815e+00 9.028820338891062391e+00 9.139254264152334883e+00 9.234152294315379095e+00 9.314047080730304629e+00 9.379416007770039698e+00 9.430705035798208513e+00 9.468312578462924733e+00 9.492614768570479811e+00 9.503953201820696250e+00 9.502659805289848549e+00 9.489045732078613682e+00 9.463424841278907707e+00 9.426102100360434832e+00 9.377395366064721571e+00 9.317622433996227471e+00 9.247121261840494100e+00 9.166235302857604239e+00 9.075332556105269788e+00 8.974789094611999474e+00 8.865007420592924348e+00 8.746398224129452004e+00 8.619398525272981004e+00 8.484451737377133540e+00 8.342026038944547750e+00 8.192592810537034254e+00 8.036645626646599538e+00 7.874677112040195048e+00 7.707198893374687998e+00 7.534716892952720180e+00 7.357752537662967107e+00 7.176816480703976708e+00 6.992431333088505063e+00 6.805103778124449221e+00 6.615349067320926757e+00 6.423661467727208141e+00 6.230540748161172537e+00 6.036460874807067611e+00 5.841898703981076579e+00 5.647300815615292180e+00 5.453114624483969664e+00 5.259753213483808310e+00 5.067629076093409957e+00 4.877116780991371137e+00 4.688589564706757251e+00 4.502379625449090206e+00 4.318817797031131889e+00 4.138191232103257455e+00 3.960786407456559743e+00 3.786843914242899345e+00 3.616605072023840961e+00 3.450263494761150351e+00 3.288015628205194218e+00 3.130008703704740824e+00 2.976395562991427379e+00 2.827278544732923393e+00 2.682769025447227840e+00 2.542926702798778305e+00 2.407824365263982802e+00 2.277481936693419584e+00 2.151937095922485277e+00 2.031173322435691375e+00 1.915197128036570051e+00 1.803959184119964920e+00 1.697439111740918882e+00 1.595558563462759594e+00 1.498274761717618198e+00 1.405484132578171286e+00 1.317126109207885420e+00 1.233075541511859274e+00 1.153258728929334120e+00 1.077532313691627053e+00 1.005814135499846884e+00 9.379455885443254148e-01 8.738408044945150666e-01 8.133284139160044113e-01 7.563239645312023196e-01 7.026455463539604818e-01 6.522166727805682740e-01 6.048482039942968402e-01 5.604831905087555022e-01 5.189351178878676141e-01 4.801950220460961538e-01 4.441143399465384278e-01 4.108144588416867693e-01 3.803046706297777968e-01 3.530811322388975326e-01 3.296833488932340295e-01 3.116812941647888469e-01 3.012023179026366848e-01 3.027771475860902006e-01 3.228629806995475526e-01 3.737700712059241481e-01 4.725908668171787674e-01 6.521503712899260341e-01
9.226132826502504436e-01 1.229320534473700821e+00 1.557244758543044894e+00 1.907594895372939359e+00 2.276606098611643869e+00 2.661368479008594079e+00 3.057670148343530681e+00 3.461659661888642603e+00 3.869060832198174982e+00 4.275986602899528144e+00 4.678572805066041340e+00 5.073445976695427184e+00 5.457507070926708614e+00 5.828204222481118357e+00 6.183368078104345855e+00 6.521359378861666833e+00 6.840921889056541971e+00 7.141250380461580782e+00 7.421854848508536939e+00 7.682583204726382675e+00 7.923500713591454137e+00 8.144892497643146712e+00 8.347163294990554760e+00 8.530836017277847461e+00 8.696474146559429741e+00 8.844684838355931333e+00 8.976062781656919398e+00 9.091200602692484978e+00 9.190650474690325922e+00 9.274941123613334781e+00 9.344552377835903201e+00 9.399936577906684576e+00 9.441501374486245268e+00 9.469633173051299480e+00 9.484684325054237419e+00 9.486996757420945059e+00 9.476890783194944490e+00 9.454687793588838929e+00 9.420698920476661797e+00 9.375246325284198434e+00 9.318650724766426308e+00 9.251251282892832606e+00 9.173391535507557037e+00 9.085438170995940865e+00 8.987765198114315623e+00 8.880772030334469491e+00 8.764865896277440172e+00 8.640479674274496702e+00 8.508052604532963414e+00 8.368048299702271819e+00 8.220933825646648430e+00 8.067198271684187461e+00 7.907330250459795984e+00 7.741837366026491196e+00 7.571222158169613969e+00 7.396002766218773949e+00 7.216687316382742523e+00 7.033796047047619737e+00 6.847834111637276067e+00 6.659315407259120967e+00 6.468733740411948041e+00 6.276588584218531608e+00 6.083354529190402538e+00 5.889509183869281017e+00 5.695500806880464673e+00 5.501778560846939392e+00 5.308758194264536989e+00 5.116854858756886948e+00 4.926446679157100661e+00 4.737910349686345945e+00 4.551582397355180554e+00 4.367797784021131946e+00 4.186848631098063045e+00 4.009026072591824530e+00 3.834576167214904352e+00 3.663745273691424664e+00 3.496732828482269628e+00 3.333740550579595396e+00 3.174921707442293073e+00 3.020434504370603346e+00 2.870387395547840281e+00 2.724897075803363045e+00 2.584029314534817878e+00 2.447862049130189011e+00 2.316421122380312614e+00 2.189749082376423406e+00 2.067835082332488028e+00 1.950690128873400431e+00 1.838270247785258382e+00 1.730559101940116973e+00 1.627483324167430023e+00 1.529003663237972654e+00 1.435021116445690526e+00 1.345478080515199348e+00 1.260253552697898627e+00 1.179276199458865637e+00 1.102406392107976307e+00 1.029563718555584151e+00 9.605929112462784358e-01 8.954092186710075341e-01 8.338442723738523910e-01 7.758141022454897451e-01 7.211395506084613549e-01 6.697439825905613375e-01 6.214408911303214156e-01 5.761725254602215740e-01 5.337549890489384774e-01 4.941775902992494029e-01 4.572940158601084826e-01 4.232214744123751760e-01 3.919685214396423367e-01 3.640183793762105102e-01 3.398961074367320978e-01 3.211287216700403069e-01 3.097814408034972877e-01 3.102518936168091046e-01 3.288002624364243509e-01 3.773710185531191086e-01 4.725531129299014310e-01 6.462733428184970208e-01
9.091943445385761713e-01 1.206899540057676301e+00 1.525447009779178353e+00 1.866191170686005707e+00 2.225638651330873241e+00 2.601122003264161098e+00 2.988685706092434113e+00 3.384697770200240097e+00 3.785076726982735007e+00 4.186080533551238325e+00 4.583947646990405467e+00 4.975354228584336624e+00 5.357206802000080259e+00 5.726913808379795690e+00 6.082232024117628200e+00 6.421418192001137726e+00 6.743093447440542398e+00 7.046316997391447678e+00 7.330460230335313021e+00 7.595234179316339151e+00 7.840575966706681221e+00 8.066653887685021118e+00 8.273771018081708561e+00 8.462364025561461389e+00 8.632926785655801183e+00 8.786011987455857764e+00 8.922174494269478728e+00 9.041979321415151816e+00 9.145961948499186533e+00 9.234642704839870930e+00 9.308499921990497583e+00 9.367989014869985809e+00 9.413524188835076245e+00 9.445500068556908602e+00 9.464278257014989038e+00 9.470209682427075393e+00 9.463623220415454895e+00 9.444847543480538121e+00 9.414199942492810891e+00 9.372007079595201517e+00 9.318592905794790937e+00 9.254298196669390464e+00 9.179467003269349945e+00 9.094465157645378994e+00 8.999665031804944704e+00 8.895463361156771498e+00 8.782264269504510779e+00 8.660496817052722562e+00 8.530596330674811156e+00 8.393022081363548992e+00 8.248236980825721432e+00 8.096725762774411805e+00 7.938973098438769860e+00 7.775482616762652732e+00 7.606753470011739182e+00 7.433300490337050093e+00 7.255629211174581705e+00 7.074257426227831047e+00 6.889688646429747543e+00 6.702435303299648872e+00 6.512990595736711796e+00 6.321853562519578418e+00 6.129499247750802127e+00 5.936405856197469078e+00 5.743023140032094354e+00 5.549801845109107568e+00 5.357160193944180193e+00 5.165515830592734225e+00 4.975250244844168002e+00 4.786743428227506314e+00 4.600336051478381982e+00 4.416367054843862938e+00 4.235133354265826711e+00 4.056930606455500410e+00 3.882010178014783097e+00 3.710623350929970421e+00 3.542975241806483044e+00 3.379272748128157922e+00 3.219675050235969227e+00 3.064345645061968160e+00 2.913398999113258725e+00 2.766957077253002772e+00 2.625091637523629728e+00 2.487885741715721188e+00 2.355371087873618929e+00 2.227595092076215089e+00 2.104552535596799778e+00 1.986258940805570417e+00 1.872675658251300446e+00 1.763790434300069210e+00 1.659534865989742869e+00 1.559873289172756694e+00 1.464711266999491945e+00 1.373994237782746541e+00 1.287605348234690528e+00 1.205475725442163526e+00 1.127469475872524995e+00 1.053508043315334985e+00 9.834395046259757356e-01 9.171803456413106792e-01 8.545652004584420869e-01 7.955107132008004678e-01 7.398404686980758482e-01 6.874778244030816943e-01 6.382388724147906034e-01 5.920652014919899342e-01 5.487754522104362209e-01 5.083573319102403509e-01 4.706666204651109298e-01 4.358164739422126788e-01 4.038145284190051143e-01 3.751314347441213615e-01 3.502780864004998995e-01 3.307402798524322063e-01 3.185238350629144288e-01 3.179000957452179366e-01 3.349429476379536252e-01 3.812518481632982681e-01 4.729411973871772146e-01 6.410901827527993868e-01
8.968241659951203815e-01 1.185945827609949710e+00 1.495533295018949493e+00 1.827069371687737531e+00 2.177309720258895798e+00 2.543810881777384569e+00 2.922857537987321397e+00 3.311026430667771248e+00 3.704424892781216894e+00 4.099455862619908686e+00 4.492465297041619010e+00 4.880188557242482794e+00 5.259550619455677811e+00 5.627935556731776146e+00 5.983042571667009923e+00 6.323040728845635172e+00 6.646443709027788138e+00 6.952188545022482735e+00 7.239518970477820226e+00 7.508017474565797045e+00 7.757498612808280569e+00 7.988016887529055587e+00 8.199774425400075728e+00 8.393120485490014104e+00 8.568476673188316184e+00 8.726337534839556653e+00 8.867213788045127387e+00 8.991638274562349764e+00 9.100125237089947916e+00 9.193182345506524911e+00 9.271282580746579072e+00 9.334881112865961228e+00 9.384395933101064458e+00 9.420227693463166574e+00 9.442745577299797688e+00 9.452308335228758907e+00 9.449252630121415919e+00 9.433913996934595758e+00 9.406615730600609737e+00 9.367689060314269511e+00 9.317461377905541298e+00 9.256275389928369179e+00 9.184476030425157589e+00 9.102428681284354894e+00 9.010504473393449842e+00 8.909097854266097016e+00 8.798610190166510137e+00 8.679467043945130911e+00 8.552100093102920297e+00 8.416964498199712708e+00 8.274519188421232130e+00 8.125244682976097366e+00 7.969621796222812193e+00 7.808150242298661503e+00 7.641325795137390742e+00 7.469659972447316498e+00 7.293655662458661482e+00 7.113828153242157448e+00 6.930679212653400256e+00 6.744719705008916932e+00 6.556442085122756502e+00 6.366344826779380739e+00 6.174903266075673969e+00 5.982596054488884540e+00 5.789874260395837524e+00 5.597190053320592718e+00 5.404963944782925189e+00 5.213615909266049009e+00 5.023530615733973193e+00 4.835091195079184168e+00 4.648642281044904401e+00 4.464526643856998156e+00 4.283045823140848363e+00 4.104499863929259362e+00 3.929145283563452828e+00 3.757238170481218553e+00 3.588989180837228066e+00 3.424610294001842359e+00 3.264266481087243488e+00 3.108126456019407513e+00 2.956310595042813016e+00 2.808946081333495659e+00 2.666110578723132285e+00 2.527892244815340472e+00 2.394328569226569670e+00 2.265471830139001330e+00 2.141322391140966896e+00 2.021900306213355591e+00 1.907172221033624160e+00 1.797130001717467396e+00 1.691710193663702011e+00 1.590880774825472965e+00 1.494551869415557732e+00 1.402672029370645168e+00 1.315128554053381471e+00 1.231855118512221070e+00 1.152719572175815665e+00 1.077645315822304939e+00 1.006483779401632139e+00 9.391527996647491827e-01 8.754900183516606260e-01 8.154128184106008703e-01 7.587475222169743905e-01 7.054176121797496313e-01 6.552417530469341056e-01 6.081610062651179316e-01 5.639964806778815509e-01 5.227344045771502579e-01 4.842325172761585694e-01 4.486000518844889262e-01 4.158435810587557402e-01 3.864215524448421091e-01 3.608310047616745120e-01 3.405181799791042185e-01 3.274320940900243837e-01 3.257241439962418328e-01 3.412918221653437056e-01 3.854086388242289329e-01 4.737409587608681361e-01 6.365667118606509467e-01
8.854424989565666815e-01 1.166369171147816131e+00 1.467385582048400749e+00 1.790087709171663599e+00 2.131459880570461429e+00 2.489265608931998663e+00 2.860014527372298332e+00 3.240481540251379577e+00 3.626956373028122904e+00 4.015985776283015340e+00 4.404026490503516911e+00 4.787880741156704367e+00 5.164502824676815429e+00 5.531265808936711714e+00 5.885825883687455296e+00 6.226279345174841495e+00 6.551046593623921943e+00 6.858955301159882723e+00 7.149132338224233330e+00 7.421040183152570080e+00 7.674376892901070946e+00 7.909086909022403411e+00 8.125272944383915785e+00 8.323196547360220521e+00 8.503205229443809188e+00 8.665732479211877504e+00 8.811241199515251310e+00 8.940228013942096652e+00 9.053181767683069481e+00 9.150593458726586249e+00 9.232926997968991856e+00 9.300634026167426072e+00 9.354133510169017285e+00 9.393829838715570091e+00 9.420097969943840965e+00 9.433303142823611154e+00 9.433788872005276716e+00 9.421896979517278226e+00 9.397956465731288844e+00 9.362303065139759184e+00 9.315267708699895621e+00 9.257195263540378249e+00 9.188431844388761149e+00 9.109342735225853360e+00 9.020298183585566676e+00 8.921690713181762433e+00 8.813919265475718134e+00 8.697406219512522796e+00 8.572579867674892995e+00 8.439891495293371904e+00 8.299796229190302910e+00 8.152770524819477060e+00 7.999291436479186501e+00 7.839854835575397196e+00 7.674953140194194390e+00 7.505094558204006283e+00 7.330779293064312085e+00 7.152520077199035597e+00 6.970816846561221247e+00 6.786178806220979354e+00 6.599097540832243425e+00 6.410070836616000634e+00 6.219574169095195337e+00 6.028086493547179181e+00 5.836060024913575894e+00 5.643948202021785931e+00 5.452173646843287536e+00 5.261158506149002712e+00 5.071290447608643781e+00 4.882955586143454596e+00 4.696502342037919497e+00 4.512277168517572434e+00 4.330586061327348801e+00 4.151733319769848940e+00 3.975980457182462402e+00 3.803588250960165951e+00 3.634772757851186586e+00 3.469750940899237079e+00 3.308693440865671409e+00 3.151774111598279138e+00 2.999119136957137499e+00 2.850860863552866942e+00 2.707082778225871955e+00 2.567878102027143061e+00 2.433290052289392769e+00 2.303375759120590782e+00 2.178141122398523422e+00 2.057610738864084521e+00 1.941756519444111984e+00 1.830574481202045023e+00 1.724006101981843786e+00 1.622023051521447767e+00 1.524540010549131352e+00 1.431508711089285679e+00 1.342820609043805957e+00 1.258412008964410189e+00 1.178154512332351578e+00 1.101973571971249122e+00 1.029723981627872265e+00 9.613250361555580881e-01 8.966173929510455887e-01 8.355192915784499519e-01 7.778597911443886348e-01 7.235626244732306089e-01 6.724490086693852842e-01 6.244596042349418452e-01 5.794179300783175446e-01 5.373088535512020592e-01 4.979919596430941175e-01 4.615726910075447220e-01 4.280564462719079755e-01 3.978898406601975579e-01 3.715563918704162805e-01 3.504643807752766405e-01 3.365084822131602094e-01 3.337260506421112494e-01 3.478473527737113158e-01 3.898374980534110024e-01 4.749391691009767213e-01 6.326716169199343431e-01
8.749944668099050027e-01 1.148087498408951967e+00 1.440896359281448769e+00 1.755116642142858341e+00 2.087942832373979485e+00 2.437329724600287406e+00 2.799997551932561723e+00 3.172909059220809791e+00 3.552529637195437129e+00 3.935547783307002945e+00 4.318532986198169610e+00 4.698360362030864046e+00 5.072022626436353043e+00 5.436893439760503099e+00 5.790598936182190570e+00 6.131176205892858277e+00 6.456965536879494927e+00 6.766697413489440649e+00 7.059392366009244135e+00 7.334401457892524512e+00 7.591312661589205923e+00 7.829964644025126042e+00 8.050362933254103126e+00 8.252681822405481427e+00 8.437193667739936842e+00 8.604268697816843670e+00 8.754318960831266594e+00 8.887801336996226098e+00 9.005175515303804445e+00 9.106912091707984658e+00 9.193462361208428746e+00 9.265271227691425082e+00 9.322755822886843902e+00 9.366321920356067920e+00 9.396348344986744650e+00 9.413205360728046145e+00 9.417242257737600042e+00 9.408806426610050622e+00 9.388232138885378220e+00 9.355859448271765189e+00 9.312022815136023368e+00 9.257069404877828589e+00 9.191346736624169012e+00 9.115220290057406416e+00 9.029059744032441159e+00 8.933256031384400941e+00 8.828205982054411649e+00 8.714329093286664829e+00 8.592050533020733738e+00 8.461817947382202831e+00 8.324082846797658419e+00 8.179317781305261548e+00 8.027996152487903103e+00 7.870610071663635132e+00 7.707648635828695305e+00 7.539616758860974599e+00 7.367011932183873846e+00 7.190344293236322848e+00 7.010111868699515192e+00 6.826822121867458293e+00 6.640965651400708047e+00 6.453039441516951413e+00 6.263518963519085325e+00 6.072883340280677444e+00 5.881585771289504549e+00 5.690080815633447031e+00 5.498793033570298583e+00 5.308146590027440048e+00 5.118531976147538742e+00 4.930338138315280005e+00 4.743917111062646796e+00 4.559618885242565867e+00 4.377753748355068808e+00 4.198630120444592606e+00 4.022514358424301051e+00 3.849671810677548489e+00 3.680323797140840458e+00 3.514692164936488172e+00 3.352953104244948523e+00 3.195285529572644556e+00 3.041821330629982612e+00 2.892697959685478271e+00 2.748004643759282661e+00 2.607839631482216092e+00 2.472251803729454078e+00 2.341303128353279916e+00 2.215004995045963820e+00 2.093386550046248296e+00 1.976424939208044851e+00 1.864120357004880324e+00 1.756419197509292651e+00 1.653296866934794274e+00 1.554672597952552193e+00 1.460501363932934726e+00 1.370678781585287886e+00 1.285143861105971119e+00 1.203771966033778007e+00 1.126490690681947626e+00 1.053158204878283710e+00 9.836953628841593744e-01 9.179458481815250259e-01 8.558288685177216637e-01 7.971762224630879468e-01 7.419120122192045530e-01 6.898599924166063380e-01 6.409605429004405774e-01 5.950395439074990245e-01 5.520806164634601831e-01 5.119450951612009026e-01 4.747347667823798023e-01 4.404537739584166167e-01 4.095372701889810063e-01 3.824556022601039440e-01 3.605806134042031097e-01 3.457549741299042467e-01 3.419075042225633299e-01 3.546097464820273104e-01 3.945345938182309165e-01 4.765234687527566959e-01 6.293761548875389522e-01
8.654299685141788601e-01 1.131025975244477566e+00 1.415967473536347221e+00 1.722037571674087442e+00 2.046624076604184772e+00 2.387858602622215276e+00 2.742658504637057959e+00 3.108164358034068986e+00 3.481010310645841432e+00 3.858023842726804986e+00 4.235888065482623865e+00 4.611555612642373347e+00 4.982065169053547571e+00 5.344801002851713889e+00 5.697370676260374189e+00 6.037764359900624989e+00 6.364254404296987744e+00 6.675485598503049012e+00 6.970382304808919294e+00 7.248192719977923915e+00 7.508401366036687286e+00 7.750745848391375148e+00 7.975137314930504040e+00 8.181663916293857142e+00 8.370522476694628011e+00 8.542018422025375202e+00 8.696510505717446549e+00 8.834412851059910921e+00 8.956152643797048896e+00 9.062176652997242954e+00 9.152920216902822759e+00 9.228818407728736517e+00 9.290283747502389389e+00 9.337721016132718432e+00 9.371510925517291923e+00 9.392027197713771258e+00 9.399623701557676014e+00 9.394652549495090099e+00 9.377452724158649389e+00 9.348368293703050114e+00 9.307737132222799303e+00 9.255908748656935359e+00 9.193232213748029125e+00 9.120073434189706063e+00 9.036801787326433910e+00 8.943806912312977531e+00 8.841483816844572630e+00 8.730249402677005222e+00 8.610525966591357161e+00 8.482757749147449289e+00 8.347392833353522335e+00 8.204900027562295861e+00 8.055749196654478084e+00 7.900428783714459335e+00 7.739424610532765314e+00 7.573238323343603362e+00 7.402364685909522457e+00 7.227311211668553170e+00 7.048573951756743838e+00 6.866658554557930394e+00 6.682054526954447127e+00 6.495257944861733357e+00 6.306744140528929066e+00 6.116992275007349100e+00 5.926456377860544578e+00 5.735591984831902579e+00 5.544825428628504582e+00 5.354582742346927660e+00 5.165257070551279917e+00 4.977240041444389362e+00 4.790887135629562366e+00 4.606551737986672279e+00 4.424548266549411579e+00 4.245189129279657081e+00 4.068745376509475875e+00 3.895486809361988989e+00 3.725639875043484039e+00 3.559431203987932779e+00 3.397042416386215180e+00 3.238657406172567477e+00 3.084413667418148375e+00 2.934453697610900580e+00 2.788872380978434595e+00 2.647772954610862595e+00 2.511209898321195233e+00 2.379249999781353431e+00 2.251910091438376504e+00 2.129223871628238118e+00 2.011173690204382414e+00 1.897763941063371540e+00 1.788945917795231821e+00 1.684698803088800378e+00 1.584946376729610806e+00 1.489646909808814312e+00 1.398700184218642617e+00 1.312047986889078643e+00 1.229569454014508789e+00 1.151194405611857929e+00 1.076784401079930342e+00 1.006261949942270473e+00 9.394737741686388643e-01 8.763401555316069347e-01 8.166956378228878988e-01 7.604648056635004982e-01 7.074739411771683306e-01 6.576632583596477843e-01 6.108609584681479188e-01 5.670495276461062772e-01 5.260919696554717806e-01 4.880865513961158975e-01 4.530361020953421192e-01 4.213646821519158037e-01 3.935298287258907068e-01 3.708684030869278669e-01 3.551732884152348224e-01 3.502699145480780429e-01 3.615789986181672244e-01 3.994961770401800893e-01 4.784823042644300584e-01 6.266538930918111872e-01
8.567031618163077900e-01 1.115116213052128158e+00 1.392509121312631493e+00 1.690741700936826630e+00 2.007379749362279142e+00 2.340718370489077493e+00 2.687859402698038025e+00 3.046111599065012943e+00 3.412270883269363342e+00 3.783300418571075241e+00 4.155996917043676575e+00 4.527393964115700165e+00 4.894582410508602877e+00 5.254965733409753703e+00 5.606143058825478143e+00 5.946068725589435999e+00 6.272958353644738416e+00 6.585381827690158119e+00 6.882177102497156085e+00 7.162497919445809380e+00 7.425732097935884291e+00 7.671521210442682204e+00 7.899685297949817553e+00 8.110228044372425060e+00 8.303270973008855194e+00 8.479053768283703718e+00 8.637880013754083208e+00 8.780118558859109967e+00 8.906161152365127620e+00 9.016427631912012686e+00 9.111334267371569595e+00 9.191303347175411531e+00 9.256740077264142386e+00 9.308045870514698450e+00 9.345601303438165530e+00 9.369781911099032357e+00 9.380944844233427560e+00 9.379445978127906258e+00 9.365628331885329061e+00 9.339839571879116065e+00 9.302420767960127179e+00 9.253723726421013041e+00 9.194099139144956467e+00 9.123913506281478902e+00 9.043536119776645066e+00 8.953355582656627121e+00 8.853765341517338072e+00 8.745179969352003368e+00 8.628019133997895551e+00 8.502723898514497947e+00 8.369739107639484033e+00 8.229529994864005715e+00 8.082563011074146431e+00 7.929323030695779373e+00 7.770292656062257386e+00 7.605970301737430717e+00 7.436847999087991212e+00 7.263430618409766559e+00 7.086212179695907665e+00 6.905696452498645499e+00 6.722371755959946071e+00 6.536733159505422108e+00 6.349255730188476221e+00 6.160418544659508555e+00 5.970676315566521453e+00 5.780485417240782908e+00 5.590273795283328795e+00 5.400469205241544834e+00 5.211467280192668916e+00 5.023662183574268525e+00 4.837412677966714369e+00 4.653075400604234524e+00 4.470968741939732816e+00 4.291408965901022832e+00 4.114671668307618546e+00 3.941030984676417326e+00 3.770718355009747835e+00 3.603965091309149660e+00 3.440958125140257451e+00 3.281886246873499502e+00 3.126892453669185556e+00 2.976124225352138275e+00 2.829682020171246037e+00 2.687674021530054524e+00 2.550160243056724063e+00 2.417212270812007180e+00 2.288852332245495003e+00 2.165118676497749473e+00 2.045998825756652373e+00 1.931501391162161907e+00 1.821582548455120243e+00 1.716225292377552503e+00 1.615357944550748215e+00 1.518942125562903644e+00 1.426881786739677027e+00 1.339121558087192465e+00 1.255544359371042695e+00 1.176082315630656572e+00 1.100600390206381451e+00 1.029022838662089212e+00 9.611994354495067006e-01 8.970516369152468084e-01 8.364167403992126548e-01 7.792199205612642121e-01 7.252899811957419507e-01 6.745670802830213697e-01 6.268817072976436977e-01 5.822153220279697727e-01 5.404325308005544226e-01 5.016282174336699207e-01 4.658038613949457840e-01 4.333727949449193151e-01 4.047801138842951896e-01 3.813290878472097578e-01 3.647649160516948652e-01 3.588144502853954920e-01 3.687549317405275362e-01 4.047185970150422585e-01 4.808048697231114832e-01 6.244804803367348667e-01
8.487720132774626558e-01 1.100295579961564352e+00 1.370438969954483888e+00 1.661129036823661975e+00 1.970095592773074777e+00 2.295784944139246164e+00 2.635471576546680073e+00 2.986623154220687137e+00 3.346190406550974217e+00 3.711268478199397425e+00 4.078766928389263136e+00 4.445802714814368173e+00 4.809523871044225629e+00 5.167360424367533511e+00 5.516911972408800935e+00 5.856106990820664215e+00 6.183114643185861681e+00 6.496439992905553851e+00 6.794843893088112097e+00 7.077393833600545747e+00 7.343387703798644139e+00 7.592376290408222594e+00 7.824092173214526547e+00 8.038456720583482706e+00 8.235516920068173263e+00 8.415446322988660910e+00 8.578491994389965569e+00 8.724975468851519977e+00 8.855250532728245361e+00 8.969707316052382140e+00 9.068740155662549540e+00 9.152755771003675989e+00 9.222149441257283087e+00 9.277316872322508345e+00 9.318636467234057363e+00 9.346483874989782947e+00 9.361218152009435300e+00 9.363197881593686489e+00 9.352769342443561840e+00 9.330283279987140688e+00 9.296083644648019728e+00 9.250524404770160913e+00 9.193957865274201779e+00 9.126751219852648589e+00 9.049273837443690738e+00 8.961913499600418831e+00 8.865062321216367280e+00 8.759132790088433040e+00 8.644542172771606303e+00 8.521728574205667428e+00 8.391133787346639394e+00 8.253219638387434998e+00 8.108449291568822659e+00 7.957304158354944867e+00 7.800263685871445141e+00 7.637823101628176126e+00 7.470471709910325941e+00 7.298711728064450455e+00 7.123035099533833403e+00 6.943943660080098113e+00 6.761924454701287779e+00 6.577471456182993670e+00 6.391059348794519757e+00 6.203167009073302651e+00 6.014249693167716515e+00 5.824764481549062012e+00 5.635140779398989608e+00 5.445807923379956783e+00 5.257163875291541721e+00 5.069605190417918905e+00 4.883493753283848271e+00 4.699189313881006136e+00 4.517014080054837066e+00 4.337288040780863163e+00 4.160291191639568176e+00 3.986301884270236240e+00 3.815556418418404316e+00 3.648290685114818022e+00 3.484696809407594742e+00 3.324968393543819900e+00 3.169253836681072745e+00 3.017705535856194388e+00 2.870429439889236711e+00 2.727538633535683488e+00 2.589098598532725060e+00 2.455185694609930191e+00 2.325827495690403257e+00 2.201066796758728294e+00 2.080896259827576866e+00 1.965328727139948217e+00 1.854325238431915546e+00 1.747872631895976081e+00 1.645903765096845328e+00 1.548383655551157645e+00 1.455220427945526307e+00 1.366361617228875058e+00 1.281693937733824784e+00 1.201151894240349405e+00 1.124603868999506595e+00 1.051975949646362984e+00 9.831209783668384272e-01 9.179616817133999795e-01 8.563381210700071744e-01 7.981761637607381887e-01 7.433071331180443053e-01 6.916712363964194754e-01 6.431012251658225765e-01 5.975776386697342346e-01 5.549666314277326151e-01 5.153598412650921556e-01 4.787573795712944391e-01 4.455622105166687219e-01 4.162073604021515050e-01 3.919638347940690437e-01 3.745311447779973157e-01 3.675420704203199995e-01 3.761372271852271298e-01 4.101983113935507852e-01 4.834810516616149245e-01 6.228334446311786232e-01
8.415979050033508546e-01 1.086506599925080696e+00 1.349681389217046501e+00 1.633107512709532694e+00 1.934666043858591200e+00 2.252943163939762350e+00 2.585374931397297349e+00 2.929579058430574978e+00 3.282654186266190877e+00 3.641823447436887573e+00 4.004107901207262010e+00 4.366709439575554796e+00 4.726837270064045526e+00 5.081954190834193419e+00 5.429668064270804173e+00 5.767890432072482199e+00 6.094753384909592953e+00 6.408706545233237684e+00 6.708442487451066860e+00 6.992950391669466192e+00 7.261444941038920575e+00 7.513391518864747098e+00 7.748439176275322637e+00 7.966429512176979699e+00 8.167336207284410676e+00 8.351266779032556542e+00 8.518410910986467854e+00 8.669041232810362985e+00 8.803471440832121075e+00 8.922059511743377413e+00 9.025175243477372433e+00 9.113207187105743401e+00 9.186538203168773009e+00 9.245556009002758202e+00 9.290634804999719165e+00 9.322148623943849799e+00 9.340456992295855798e+00 9.345920067391810804e+00 9.338886521396768003e+00 9.319709566219795960e+00 9.288735626717357974e+00 9.246320612412800344e+00 9.192818356757534559e+00 9.128596780256676979e+00 9.054025435728419779e+00 8.969491452465300441e+00 8.875385808226322837e+00 8.772119122823362147e+00 8.660106471407404527e+00 8.539783208516388058e+00 8.411588256383263129e+00 8.275980199836087792e+00 8.133419046361940019e+00 7.984382854598492507e+00 7.829347987765262751e+00 7.668806538493781133e+00 7.503245098426533310e+00 7.333163230858377624e+00 7.159050766915729724e+00 6.981407562254747567e+00 6.800719310577284737e+00 6.617478805794990926e+00 6.432160240197219103e+00 6.245242181359273559e+00 6.057180296673463360e+00 5.868432245986406670e+00 5.679428746951550089e+00 5.490600580494858107e+00 5.302347882447772776e+00 5.115069459872614743e+00 4.929130163259052289e+00 4.744892717975011109e+00 4.562682997314207789e+00 4.382824585567201225e+00 4.205601734548227277e+00 4.031296893985121699e+00 3.860151091726245376e+00 3.692404694671406862e+00 3.528254904188627528e+00 3.367900048455089390e+00 3.211493827691868752e+00 3.059193488968861896e+00 2.911110387930606169e+00 2.767362463101858516e+00 2.628020597992427820e+00 2.493165898191443741e+00 2.362831234725229823e+00 2.237063939999015538e+00 2.115861782410750180e+00 1.999241845416140473e+00 1.887170013692302861e+00 1.779636996316635411e+00 1.676580180153745880e+00 1.577968022962404904e+00 1.483712826225664028e+00 1.393765087466705799e+00 1.308015326456519745e+00 1.226400498093144220e+00 1.148792418861108944e+00 1.075119090039190928e+00 1.005236437766163782e+00 9.390685498439751422e-01 8.764582640131833857e-01 8.173322382646697193e-01 7.615243165639711265e-01 7.089748565493996235e-01 6.595188517092632763e-01 6.131360239929174449e-01 5.696940325619843648e-01 5.292814061715669371e-01 4.918968852534514324e-01 4.579334200409931332e-01 4.278123400605209903e-01 4.027736542924609808e-01 3.844730799161491519e-01 3.764535506507599161e-01 3.837254506347041461e-01 4.159318919952302851e-01 4.865013775475854341e-01 6.216920139333713680e-01
8.351452897171675049e-01 1.073696426622867239e+00 1.330166777076666973e+00 1.606592215256328338e+00 1.900993425762934397e+00 2.212086019784957891e+00 2.537457274569659305e+00 2.874866498268278114e+00 3.221553476123306226e+00 3.574865133000345363e+00 3.931932204711985346e+00 4.290042355081050474e+00 4.646469066751298449e+00 4.998713136006647240e+00 5.344397474356130218e+00 5.681424657888397789e+00 6.007898243247456804e+00 6.322221103553244070e+00 6.623025858264106169e+00 6.909231016144874005e+00 7.179974669228441186e+00 7.434642243674510098e+00 7.672803405767088414e+00 7.894222852695553350e+00 8.098802584937827120e+00 8.286584621189003741e+00 8.457700844344369528e+00 8.612373812055569289e+00 8.750875386013008850e+00 8.873529271326212609e+00 8.980678386613639930e+00 9.072690715042485365e+00 9.149934344266185349e+00 9.212786801345721699e+00 9.261616085900872264e+00 9.296792874556107478e+00 9.318675687943963837e+00 9.327625060816224334e+00 9.323991116766634946e+00 9.308128838457248477e+00 9.280386635292055431e+00 9.241122056122952344e+00 9.190690304296643021e+00 9.129459994094226261e+00 9.057800912679427441e+00 8.976099659019215693e+00 8.884746230969085445e+00 8.784149568437863209e+00 8.674722744337834968e+00 8.556898556064760797e+00 8.431113228087610878e+00 8.297822265829058352e+00 8.157482650342243957e+00 8.010569200271953960e+00 7.857555271769748551e+00 7.698929881154127131e+00 7.535176929986309169e+00 7.366793334398285431e+00 7.194266786456420704e+00 7.018095123654409129e+00 6.838762620143320703e+00 6.656760816472917952e+00 6.472563311960570331e+00 6.286648263196544129e+00 6.099471623795996500e+00 5.911491511941550314e+00 5.723139816814684089e+00 5.534848631325341550e+00 5.347020115734249401e+00 5.160055192248032441e+00 4.974321525395354548e+00 4.790184680887233704e+00 4.607974048609358775e+00 4.428016679765117480e+00 4.250600941081009054e+00 4.076013262732137044e+00 3.904499270446167181e+00 3.736303703373515805e+00 3.571628722769036202e+00 3.410677295577100310e+00 3.253608322299081035e+00 3.100583830981490152e+00 2.951720500032358974e+00 2.807141071723351367e+00 2.666921764339205581e+00 2.531148398615514772e+00 2.399859092422941487e+00 2.273105703890157425e+00 2.150891073364205042e+00 2.033236532065948676e+00 1.920112789571397416e+00 1.811514449512096281e+00 1.707383420542699426e+00 1.607691640064869087e+00 1.512355589157370339e+00 1.421328781529224816e+00 1.334505552959888153e+00 1.251825374733752883e+00 1.173163513031705518e+00 1.098449960145555737e+00 1.027543743096281492e+00 9.603703976792141717e-01 8.967755518092507261e-01 8.366867478465882524e-01 7.799403542995406724e-01 7.264769764313456779e-01 6.761338347569543217e-01 6.288899347475241930e-01 5.846144062255452800e-01 5.433928052394757513e-01 5.052225115805545341e-01 4.704868090488000809e-01 4.395957017992174198e-01 4.137594123204583751e-01 3.945916622258512918e-01 3.855495055696110396e-01 3.915190728266196851e-01 4.219160274435116431e-01 4.898569677797818822e-01 6.210369568582900790e-01
8.293813872220696659e-01 1.061816381312646440e+00 1.311830966317411251e+00 1.581504700907768513e+00 1.868987228016308677e+00 2.173113954835751205e+00 2.491613702330634617e+00 2.822379334488427371e+00 3.162785176230905382e+00 3.510297620563982424e+00 3.862154878598927255e+00 4.215730614690180289e+00 4.568364917747373966e+00 4.917600930326979203e+00 5.261082487058511781e+00 5.596710281956148947e+00 5.922567080678565965e+00 6.237017030484048874e+00 6.538640613747974228e+00 6.826292973104394868e+00 7.099042067588118066e+00 7.356198816273156638e+00 7.597257789539497708e+00 7.821909906160061432e+00 8.029987449286018375e+00 8.221467857142227942e+00 8.396425194520963586e+00 8.555031172929849603e+00 8.697514439666454322e+00 8.824162630386508610e+00 8.935289711635576282e+00 9.031240908644837972e+00 9.112367334451645817e+00 9.179034222177071101e+00 9.231601423111170490e+00 9.270434527441048900e+00 9.295889552007292167e+00 9.308326165794660767e+00 9.308094939341662766e+00 9.295551857908524340e+00 9.271046749763430128e+00 9.234938425721134436e+00 9.187583229460853929e+00 9.129350371101699224e+00 9.060609866097856013e+00 8.981747856618312653e+00 8.893153478587040084e+00 8.795234148639403671e+00 8.688401103310070539e+00 8.573084759083457129e+00 8.449718804997996102e+00 8.318755822776120468e+00 8.180649895688066664e+00 8.035872716147842709e+00 7.884894714051669418e+00 7.728201893120446364e+00 7.566275494449192784e+00 7.399609801097282613e+00 7.228690347672473315e+00 7.054012923254467715e+00 6.876060322684846682e+00 6.695322766189035768e+00 6.512273167104186911e+00 6.327389175767258678e+00 6.141126914121505465e+00 5.953944843390835295e+00 5.766275889460627191e+00 5.578553329590226539e+00 5.391181203943870237e+00 5.204562416778013123e+00 5.019067298794221088e+00 4.835064123485979692e+00 4.652885651576668558e+00 4.472862274248636361e+00 4.295286334041294118e+00 4.120448124476046026e+00 3.948597740368442910e+00 3.779984189198339894e+00 3.614814476415050049e+00 3.453296119512706763e+00 3.295593118644804420e+00 3.141872212067256864e+00 2.992255316571244883e+00 2.846869925883576347e+00 2.705797525387525493e+00 2.569128617521256430e+00 2.436906515819564856e+00 2.309187589338771662e+00 2.185979714891185477e+00 2.067308474635636717e+00 1.953149381944918606e+00 1.843500955089445670e+00 1.738309616041908479e+00 1.637550817520293300e+00 1.541145222239491464e+00 1.449049409879758388e+00 1.361161542345167730e+00 1.277423669672125062e+00 1.197714523154602695e+00 1.121966159489989012e+00 1.050040723996477299e+00 9.818652831611226484e-01 9.172882701199710498e-01 8.562382012863550829e-01 7.985539760664807085e-01 7.441765409876031079e-01 6.929453333930742920e-01 6.448387407560555173e-01 5.997273380389069874e-01 5.576938440484914272e-01 5.187342995113368715e-01 4.832226620784164650e-01 4.515579788693959706e-01 4.249218412670605627e-01 4.048876832436358320e-01 3.948304073418825166e-01 3.995174863035155233e-01 4.281475233907779399e-01 4.935394910609607333e-01 6.208504407570714090e-01
8.242759164425289553e-01 1.050821545553282554e+00 1.294614700616947278e+00 1.557772389972878369e+00 1.838563464486400179e+00 2.135934238790040407e+00 2.447746040584452665e+00 2.772017656960005016e+00 3.106251539165770126e+00 3.448029155098180087e+00 3.794693695177009385e+00 4.143704543981938215e+00 4.492470063417021819e+00 4.838579314348594451e+00 5.179702109078910155e+00 5.513743531154853272e+00 5.838772552263684190e+00 6.153121974501118530e+00 6.455327456158818755e+00 6.744187725347620344e+00 7.018706871244089207e+00 7.278126709392273241e+00 7.521871090919037606e+00 7.749560475893544798e+00 7.960959672833376466e+00 8.155982790753245837e+00 8.334646419273783025e+00 8.497071011473272151e+00 8.643440964740731758e+00 8.774006357281642465e+00 8.889050396821982503e+00 8.988893575861334639e+00 9.073867994828177075e+00 9.144324602266223678e+00 9.200613221103862926e+00 9.243092652028277456e+00 9.272114904903864030e+00 9.288037508615994753e+00 9.291210427015156981e+00 9.281989818345049770e+00 9.260726296733832186e+00 9.227779488246421025e+00 9.183506580402706732e+00 9.128277218529877501e+00 9.062461584466472431e+00 8.986445388255534183e+00 8.900616981266370686e+00 8.805382380184568092e+00 8.701151125499478667e+00 8.588351409675487602e+00 8.467414535680424237e+00 8.338790308805897666e+00 8.202930039472525081e+00 8.060302406782181350e+00 7.911374997575093992e+00 7.756630870548169021e+00 7.596548641874349528e+00 7.431619981974550093e+00 7.262328257206185356e+00 7.089167185273292482e+00 6.912618029995031499e+00 6.733169631564448032e+00 6.551294132060223596e+00 6.367468586944041498e+00 6.182149175589717771e+00 5.995794592706472415e+00 5.808838672124384317e+00 5.621715752518963605e+00 5.434831614496190788e+00 5.248591014900826579e+00 5.063366806810559950e+00 4.879529841529546275e+00 4.697416107986883027e+00 4.517359212009254499e+00 4.339655335096171740e+00 4.164598517695749180e+00 3.992443196376305625e+00 3.823442542871751559e+00 3.657808291895061625e+00 3.495752422372206958e+00 3.337443933650412031e+00 3.183054201874983669e+00 3.032710297526445498e+00 2.886544411386281261e+00 2.744643227575480182e+00 2.607101894222377148e+00 2.473968868404327726e+00 2.345305012374245379e+00 2.221123202841183364e+00 2.101453272859358457e+00 1.986275517379518796e+00 1.875592385977148391e+00 1.769354804429688954e+00 1.667541772886796725e+00 1.570078136876991381e+00 1.476923588186136671e+00 1.387980124373416002e+00 1.303192432875587725e+00 1.222442725307670175e+00 1.145665192390027176e+00 1.072725115440566368e+00 1.003551170515453395e+00 9.379946120022741862e-01 8.759850162788799244e-01 8.173638221187061736e-01 7.620724075791139862e-01 7.099524207951006805e-01 6.609817274653768671e-01 6.150323296457542721e-01 5.721842431769544879e-01 5.324322008778883397e-01 4.961411668974780587e-01 4.636995952058394210e-01 4.362615493874651973e-01 4.153617984892671866e-01 4.042966014552509257e-01 4.077200189305263400e-01 4.346233009325667918e-01 4.975411229833643922e-01 6.211159049609766836e-01
8.198008581661632155e-01 1.040670401198568795e+00 1.278463170647482716e+00 1.535328028053671856e+00 1.809644099304957177e+00 2.100460402748586031e+00 2.405762334275378223e+00 2.723687370302063648e+00 3.051859885572134612e+00 3.387972008742963226e+00 3.729469188562171578e+00 4.073895826503171058e+00 4.418729652654636908e+00 4.761608534580421548e+00 5.100232580978318886e+00 5.432516793790206577e+00 5.756522651565312287e+00 6.070558377890054480e+00 6.373121622175325740e+00 6.662961283480196784e+00 6.939023620046926411e+00 7.200486659411421186e+00 7.446707948390794307e+00 7.677240951959707793e+00 7.891785474868405537e+00 8.090193834071332191e+00 8.272425807138130693e+00 8.438550506747411362e+00 8.588707366775148344e+00 8.723107716701804293e+00 8.842002459846025175e+00 8.945685598727326493e+00 9.034468354801630241e+00 9.108685526393488274e+00 9.168675109987187710e+00 9.214787456493880313e+00 9.247369075879358746e+00 9.266774066013308442e+00 9.273350694216386358e+00 9.267454411640125400e+00 9.249435926762187066e+00 9.219655171545204198e+00 9.178469818591620921e+00 9.126249728031964992e+00 9.063365131704347988e+00 8.990201283541418675e+00 8.907145786377267171e+00 8.814603345588691852e+00 8.712981918584114638e+00 8.602707609336205152e+00 8.484209468989373448e+00 8.357934663186938451e+00 8.224331848743183571e+00 8.083866801775027255e+00 7.937004350060983704e+00 7.784224677379403268e+00 7.626003815287033305e+00 7.462830847429476222e+00 7.295186967938168010e+00 7.123563806895210959e+00 6.948441052932662565e+00 6.770306113436755702e+00 6.589630281389939448e+00 6.406889935257032320e+00 6.222541207789877404e+00 6.037042923333497235e+00 5.850829700901242880e+00 5.664336822391303983e+00 5.477971674436374450e+00 5.292140740722397929e+00 5.107219256985934486e+00 4.923580525066491020e+00 4.741563622613560902e+00 4.561505246486831311e+00 4.383705282570026895e+00 4.208461402634544157e+00 4.036032259154146651e+00 3.866675084029290055e+00 3.700606227096326695e+00 3.538042038841794579e+00 3.379156417541488988e+00 3.224125303507770823e+00 3.073080835918448273e+00 2.926159846252823105e+00 2.783454148328684763e+00 2.645063497536783714e+00 2.511041441424861631e+00 2.381453314929329768e+00 2.256316956977487020e+00 2.135666448414139218e+00 2.019486842388662939e+00 1.907784533182769415e+00 1.800514939759527033e+00 1.697660638412716638e+00 1.599150657711208456e+00 1.504947844189202577e+00 1.414958039892140196e+00 1.329128624755469446e+00 1.247345305572191920e+00 1.169544473108447447e+00 1.095594562496748470e+00 1.025425934618263479e+00 9.588926819072743912e-01 8.959255230613393239e-01 8.363684465068539353e-01 7.801633489220923812e-01 7.271540868792996104e-01 6.773180983332593996e-01 6.305288009844739472e-01 5.868636405450540217e-01 5.463160812106565567e-01 5.092424183443483576e-01 4.760208711164911621e-01 4.477790291009824952e-01 4.260145388600468097e-01 4.139483200220202552e-01 4.161259447708052228e-01 4.413403936784732196e-01 5.018545076444700381e-01 6.218179473025453596e-01
8.159302443723802645e-01 1.031324511258910448e+00 1.263325602181695206e+00 1.514109206111420747e+00 1.782156532433464724e+00 2.066611728750644250e+00 2.365576380862407735e+00 2.677299808442695106e+00 2.999522330579041274e+00 3.330042340379087751e+00 3.666404657429291891e+00 4.006237647745037656e+00 4.347089014824611297e+00 4.686647720503064107e+00 5.022647829358527716e+00 5.353019113033981924e+00 5.675821210663742455e+00 5.989343950835888108e+00 6.292053303240891182e+00 6.582654551152500311e+00 6.860041914845501410e+00 7.123334827524748114e+00 7.371828942784093286e+00 7.605014291735843202e+00 7.822528327647040314e+00 8.024163354608775833e+00 8.209823282931452582e+00 8.379526101876601629e+00 8.533365866713129577e+00 8.671514248463862984e+00 8.794188554114368728e+00 8.901654755855640033e+00 8.994201506345014252e+00 9.072145722215854136e+00 9.135811869366387228e+00 9.185540245032994378e+00 9.221670390627624059e+00 9.244551679082700701e+00 9.254529567547459479e+00 9.251957880395195843e+00 9.237186679413886381e+00 9.210575637562460116e+00 9.172482496698311394e+00 9.123277055099549671e+00 9.063329425743374301e+00 8.993024334612298887e+00 8.912748630456571064e+00 8.822905760399056163e+00 8.723902182919909265e+00 8.616162025948929326e+00 8.500112206035181472e+00 8.376197373575848815e+00 8.244863643462641889e+00 8.106573994864371357e+00 7.961790579712188176e+00 7.810990778160768144e+00 7.654648081022113359e+00 7.493249015497474019e+00 7.327272605496367497e+00 7.157208383320279310e+00 6.983534425255074396e+00 6.806736659670332479e+00 6.627285459729334249e+00 6.445656451094699868e+00 6.262305622511420644e+00 6.077691829757137398e+00 5.892250360182667457e+00 5.706417325474353319e+00 5.520601588898803591e+00 5.335211239018754270e+00 5.150623758600633373e+00 4.967214775538796090e+00 4.785326319890977231e+00 4.605298057778678178e+00 4.427433447205785910e+00 4.252033676608272472e+00 4.079361490043098115e+00 3.909678075613761017e+00 3.743204284965900630e+00 3.580160749662921305e+00 3.420726166868128804e+00 3.265080966079997538e+00 3.113362269906580160e+00 2.965711492356773782e+00 2.822225507237170028e+00 2.683008636502887789e+00 2.548119464149603886e+00 2.417627774646446071e+00 2.291556330335640546e+00 2.169943453828885094e+00 2.052778931902107473e+00 1.940073113822077699e+00 1.831785899960530095e+00 1.727903468208140669e+00 1.628359029376326150e+00 1.533118624044405243e+00 1.442091946778166323e+00 1.355229121711667428e+00 1.272419365197523078e+00 1.193601330638149216e+00 1.118646624753131924e+00 1.047487365060741027e+00 9.799804994064449382e-01 9.160579677970488444e-01 8.555663201457789357e-01 7.984480558384688953e-01 7.445492407806175716e-01 6.938469770721041874e-01 6.462160924258862904e-01 6.017315936142049182e-01 5.603857223593167181e-01 5.225264218319087828e-01 4.885220283745004277e-01 4.594746642900797151e-01 4.368463204825909774e-01 4.237856930281196921e-01 4.247344927980530316e-01 4.482959438447456368e-01 5.064727221029423632e-01 6.229422222946368048e-01
8.126399706643503418e-01 1.022748236217639661e+00 1.249154889411513425e+00 1.494057931746517465e+00 1.756033137690902413e+00 2.034312787923465038e+00 2.327107303680718164e+00 2.632771376300335753e+00 2.949155521832615534e+00 3.274160050178489989e+00 3.605426146676799615e+00 3.940664804126845056e+00 4.277493886251848565e+00 4.613655209987766348e+00 4.946919865964243712e+00 5.275236630326272547e+00 5.596668357108538494e+00 5.909492112422920052e+00 6.212148044655822154e+00 6.503303661550885018e+00 6.781806677042630405e+00 7.046722974784036531e+00 7.297290686779853708e+00 7.532940028673863253e+00 7.753248893906429018e+00 7.957951554476859535e+00 8.146897243355525120e+00 8.320053311591049550e+00 8.477468295326586301e+00 8.619273562285304280e+00 8.745651775231484848e+00 8.856839549416516633e+00 8.953101457678823039e+00 9.034734944274152468e+00 9.102049344000386455e+00 9.155373364543359926e+00 9.195038146858816930e+00 9.221387054507367509e+00 9.234761608767438901e+00 9.235513058486310101e+00 9.223990037178953827e+00 9.200551345680192838e+00 9.165554327809664059e+00 9.119368391114788253e+00 9.062363310931967675e+00 8.994923166949346793e+00 8.917434007026626475e+00 8.830298037059147731e+00 8.733920270892777893e+00 8.628722948386865710e+00 8.515130950049206504e+00 8.393586521339367224e+00 8.264533337607250729e+00 8.128431681193209357e+00 7.985741109077832967e+00 7.836936268936244510e+00 7.682488157061926337e+00 7.522880778015168524e+00 7.358590992593364355e+00 7.190106230571490009e+00 7.017902925151379812e+00 6.842465485626052946e+00 6.664263301369770964e+00 6.483771175531817477e+00 6.301444861929065944e+00 6.117743155126123433e+00 5.933101899781670241e+00 5.747957928693325336e+00 5.562721457357268307e+00 5.377802061085424690e+00 5.193579338138468948e+00 5.010431120868296340e+00 4.828702258628707611e+00 4.648735266981422143e+00 4.470837046136008297e+00 4.295312187601452614e+00 4.122427404262513306e+00 3.952447736716683924e+00 3.785598425972138692e+00 3.622104293708290790e+00 3.462148736196057897e+00 3.305916596018271925e+00 3.153549893701308005e+00 3.005194565942643781e+00 2.860952476183146853e+00 2.720932470112019885e+00 2.585198113208687865e+00 2.453823613823184591e+00 2.326836617778761163e+00 2.204279680646314965e+00 2.086147297041217374e+00 1.972453778505133259e+00 1.863163493842915797e+00 1.758266244867913164e+00 1.657699422750459783e+00 1.561432298199800117e+00 1.469378425455234005e+00 1.381490721289136969e+00 1.297661925411440542e+00 1.217833013165560363e+00 1.141878780451212494e+00 1.069733169951014418e+00 1.001256002680567248e+00 9.363805157483710007e-01 8.749558336943010772e-01 8.169251398431341959e-01 7.621367131898608704e-01 7.105674097692153968e-01 6.620934667940938656e-01 6.167875814589327543e-01 5.746408249316639072e-01 5.359930965521546575e-01 5.012031947872950255e-01 4.713487367363360936e-01 4.478574532492586857e-01 4.338087578575728909e-01 4.335448538372957961e-01 4.554871976534390909e-01 5.113892434840223711e-01 6.244753495735925197e-01
8.099076288428809223e-01 1.014908481206759916e+00 1.235907267698419743e+00 1.475120245337037783e+00 1.731210847046139811e+00 2.003493021940369267e+00 2.290279161419522147e+00 2.590023216808808648e+00 2.900680389569797235e+00 3.220248631708784171e+00 3.546462412415779308e+00 3.877113782718138335e+00 4.209890597662154121e+00 4.542588829490682656e+00 4.873019139397050559e+00 5.199152983209661905e+00 5.519060930683220789e+00 5.831012399658249024e+00 6.133427122792392439e+00 6.424940302973376482e+00 6.704358408056654284e+00 6.970698646851084312e+00 7.223145932226645805e+00 7.461074304815610070e+00 7.684004991718749622e+00 7.891616378111706354e+00 8.083704420317943118e+00 8.260186554856980834e+00 8.421065908778434306e+00 8.566433148909720074e+00 8.696435478655093476e+00 8.811279038187377566e+00 8.911202988274620651e+00 8.996483855197496382e+00 9.067414353303167474e+00 9.124310142641597565e+00 9.167492579521534068e+00 9.197297754525948221e+00 9.214062126275500475e+00 9.218133400401333333e+00 9.209857968873865985e+00 9.189593106501684261e+00 9.157695246201754458e+00 9.114533028122806968e+00 9.060475624290686980e+00 8.995906305093546607e+00 8.921210230228018290e+00 8.836788345359119390e+00 8.743044243477619659e+00 8.640398338796639877e+00 8.529273554272048585e+00 8.410109825125955396e+00 8.283348478646365365e+00 8.149447193013660495e+00 8.008863007355627062e+00 7.862067906540818107e+00 7.709530439714262329e+00 7.551732125053828071e+00 7.389147671557868335e+00 7.222262406427309323e+00 7.051551094841653544e+00 6.877496592650381046e+00 6.700567247825280681e+00 6.521236977126140033e+00 6.339961214752530161e+00 6.157198606849887845e+00 5.973385450052934864e+00 5.788959194328650248e+00 5.604331287941585416e+00 5.419912678701073183e+00 5.236084952919298097e+00 5.053228028769293445e+00 4.871689445014211195e+00 4.691814448885615718e+00 4.513913255272913538e+00 4.338293746349961566e+00 4.165226482685685738e+00 3.994980254042006962e+00 3.827784579255688602e+00 3.663868378814136850e+00 3.503419648619383597e+00 3.346627567248445789e+00 3.193638967425159514e+00 3.044604247154639509e+00 2.899630188537957842e+00 2.758830116167858115e+00 2.622272521117182897e+00 2.490036007594100376e+00 2.362153063840445100e+00 2.238670466922298985e+00 2.119587392278770022e+00 2.004922118152597577e+00 1.894643467576514251e+00 1.788744885609138136e+00 1.687167940759792595e+00 1.589885166864345223e+00 1.496813984036247769e+00 1.407910146992263467e+00 1.323069931918556152e+00 1.242236692251523333e+00 1.165288430363214500e+00 1.092160979485817140e+00 1.022717051801696142e+00 9.568912542660162890e-01 8.945353002721598834e-01 8.355931355899471891e-01 7.799152585675320770e-01 7.274783669000517428e-01 6.781601112851192159e-01 6.320310067258427811e-01 5.890810105705089894e-01 5.496422784158416786e-01 5.140644083077651194e-01 4.834014318098098784e-01 4.590481482310849182e-01 4.440174673660142735e-01 4.425561860536523229e-01 4.629115002602266493e-01 5.165979185476018420e-01 6.264048314031176456e-01
8.077123570950103248e-01 1.007774470126556521e+00 1.223542020816644538e+00 1.457245875578730532e+00 1.707630775808194112e+00 1.974086363130741040e+00 2.255020590322102336e+00 2.548980901559387835e+00 2.854021908882046432e+00 3.168235023598955369e+00 3.489444873917035839e+00 3.815522816545031670e+00 4.144226228095046594e+00 4.473406134632635478e+00 4.800914844570757012e+00 5.124749661760176878e+00 5.442992862833338386e+00 5.753910845865746637e+00 6.055907900256014109e+00 6.347592031922784983e+00 6.627733445988967631e+00 6.895305364966273665e+00 7.149443691357665998e+00 7.389469923112956806e+00 7.614851583025707527e+00 7.825213445484464181e+00 8.020299769601230366e+00 8.199979011047776822e+00 8.364209224612094928e+00 8.513040207646636048e+00 8.646583109266066103e+00 8.765012677909616912e+00 8.868541506771823180e+00 8.957423905888868276e+00 9.031934596524545000e+00 9.092374818778626633e+00 9.139054817287735943e+00 9.172302177037449766e+00 9.192447176238575324e+00 9.199833000261284255e+00 9.194802963182530320e+00 9.177712126527934444e+00 9.148915459945166972e+00 9.108780416466540686e+00 9.057675255670774916e+00 8.995982233252929561e+00 8.924085494239966110e+00 8.842384669448884793e+00 8.751281924002292101e+00 8.651195882595722253e+00 8.542547567938704844e+00 8.425774682804684446e+00 8.301316285563071773e+00 8.169627534028354177e+00 8.031163021366456434e+00 7.886392136557251575e+00 7.735781028914388457e+00 7.579808767920314772e+00 7.418947925369466567e+00 7.253681729793179045e+00 7.084483258556047325e+00 6.911833784894682253e+00 6.736200563691628673e+00 6.558056566981027125e+00 6.377856830628826579e+00 6.196059770447288173e+00 6.013102035274505042e+00 5.829421592994878942e+00 5.645431010064990929e+00 5.461542496438420713e+00 5.278139503121398235e+00 5.095603918498865958e+00 4.914285844104584910e+00 4.734533143214112449e+00 4.556659220298757695e+00 4.380975137082257831e+00 4.207755182332863164e+00 4.037271792146370331e+00 3.869758652615885808e+00 3.705448691506596059e+00 3.544534405225058915e+00 3.387209230391284187e+00 3.233624726037685804e+00 3.083935688683848930e+00 2.938253747530058746e+00 2.796696659368201221e+00 2.659337784070026522e+00 2.526260091432195320e+00 2.397500869933216983e+00 2.273111104135189020e+00 2.153094622050907514e+00 2.037473670304954521e+00 1.926221510700604655e+00 1.819335247977061920e+00 1.716760623785713813e+00 1.618473465112639564e+00 1.524395063132825578e+00 1.434484052796318965e+00 1.348640259123098817e+00 1.266809466762913949e+00 1.188872901443988495e+00 1.114768349320014229e+00 1.044361431833845222e+00 9.775881956180791921e-01 9.143029580353275731e-01 8.544505031952230878e-01 7.978835572508534701e-01 7.445787452485513880e-01 6.944151392961368519e-01 6.474611974925390534e-01 6.037058240865254000e-01 5.634737227576323004e-01 5.271056207444786423e-01 4.956328435119492504e-01 4.704185241297504372e-01 4.544116967315611766e-01 4.517676192514007427e-01 4.705662903834725852e-01 5.220929355394422489e-01 6.287189781966010527e-01
8.060347056329528748e-01 1.001317543360686901e+00 1.212021218455578087e+00 1.440387929725069682e+00 1.685237884054041180e+00 1.946030889147070120e+00 2.221264476053436354e+00 2.509574143404530666e+00 2.809108874111112097e+00 3.118049462317866727e+00 3.434307555505928367e+00 3.755831919579450950e+00 4.080448730054680340e+00 4.406064616099540032e+00 4.730575194520223903e+00 5.052006327472216896e+00 5.368455521533049613e+00 5.678190329949051041e+00 5.979604159161858945e+00 6.271282572639602648e+00 6.551964217367625132e+00 6.820582820226568366e+00 7.076229368543493159e+00 7.318176416054722466e+00 7.545840782522262202e+00 7.758796007878813406e+00 7.956736382557195064e+00 8.139482498034194435e+00 8.306947877279451831e+00 8.459141490139131747e+00 8.596138043285961317e+00 8.718080169887885589e+00 8.825152913109645780e+00 8.917587216220857371e+00 8.995638555235245803e+00 9.059592470062224123e+00 9.109746831802116418e+00 9.146419527174618480e+00 9.169933554487927907e+00 9.180626601428146571e+00 9.178838053021289412e+00 9.164920044212449213e+00 9.139225495658859444e+00 9.102120215464761799e+00 9.053971201896130694e+00 8.995159450816638369e+00 8.926067928467094958e+00 8.847094861382288400e+00 8.758640949094452566e+00 8.661123036185504276e+00 8.554960280395077277e+00 8.440588211843277122e+00 8.318443685526506925e+00 8.188979412515953626e+00 8.052647605381086038e+00 7.909915120143877765e+00 7.761245752381626062e+00 7.607116160973193431e+00 7.447996797455861184e+00 7.284368798778166010e+00 7.116703539162835490e+00 6.945480684733028376e+00 6.771166351061865818e+00 6.594232512332956375e+00 6.415133733048691944e+00 6.234328121889894270e+00 6.052252585524775519e+00 5.869345515125549362e+00 5.686020485576427141e+00 5.502690862526821824e+00 5.319741842388314268e+00 5.137557171229840236e+00 4.956489389983198990e+00 4.776888864571101401e+00 4.599072066414692017e+00 4.423353127068951451e+00 4.250009945723287608e+00 4.079318502590037809e+00 3.911516541459277185e+00 3.746840905741761762e+00 3.585488493621773021e+00 3.427656921072910645e+00 3.273502387424278126e+00 3.123184023627633366e+00 2.976818233871910024e+00 2.834527158691523940e+00 2.696388969085719456e+00 2.562490968042119732e+00 2.432875200989640163e+00 2.307596843567708333e+00 2.186664346879416687e+00 2.070103924978720755e+00 1.957893261715176303e+00 1.850033135165833675e+00 1.746473454717952123e+00 1.647193367665762631e+00 1.552118040368771767e+00 1.461209027389797077e+00 1.374369714107079643e+00 1.291548366583502139e+00 1.212629450283641663e+00 1.137552763758014951e+00 1.066186855774405640e+00 9.984692796787105751e-01 9.342569726277162312e-01 8.734956304546926953e-01 8.160402174680588816e-01 7.618673697466794570e-01 7.108575921763863326e-01 6.630774090381161834e-01 6.185147354632173355e-01 5.774871068339488822e-01 5.403267011206783765e-01 5.080429789583329470e-01 4.819686129065018920e-01 4.649912492742534487e-01 4.611782581988194130e-01 4.784490947685540729e-01 5.278687981548491059e-01 6.314068411528126479e-01
8.048565159233064259e-01 9.955109762132363649e-01 1.201309480340294389e+00 1.424502614464735029e+00 1.663980670236481441e+00 1.919268508581198684e+00 2.188947652486703976e+00 2.471736529450990538e+00 2.765873685167714147e+00 3.069625337251415509e+00 3.380987020862321391e+00 3.697982904878345689e+00 4.018507030011877923e+00 4.340521875202094648e+00 4.661967658702191208e+00 4.980901098151977457e+00 5.295438024258285026e+00 5.603850898110567691e+00 5.904526412958520432e+00 6.196032102393186136e+00 6.477079482316347558e+00 6.746567068773553721e+00 7.003544899699558179e+00 7.247240127519330777e+00 7.477021883876153296e+00 7.692414923520142445e+00 7.893065418585105242e+00 8.078747370540328987e+00 8.249330492192283870e+00 8.404783159974924089e+00 8.545143442732500816e+00 8.670521318505633346e+00 8.781073465918385779e+00 8.877006457534783124e+00 8.958555394540885786e+00 9.025988933237034217e+00 9.079591381084663126e+00 9.119669781607413483e+00 9.146538780276141978e+00 9.160529597598346285e+00 9.161976831431010382e+00 9.151228957912286077e+00 9.128636235766615314e+00 9.094562337350962977e+00 9.049372615000775610e+00 8.993446522812934774e+00 8.927165648483278204e+00 8.850926691161273396e+00 8.765128816778601006e+00 8.670187072360935332e+00 8.566518763351201216e+00 8.454557288161412387e+00 8.334737349285431307e+00 8.207509273343704947e+00 8.073322949932981274e+00 7.932642759894894091e+00 7.785930188814957020e+00 7.633659522456513358e+00 7.476299110468669795e+00 7.314328007701680789e+00 7.148215873675125565e+00 6.978440747009579503e+00 6.805467562727910646e+00 6.629767248889646858e+00 6.451793830977270439e+00 6.272005038653115427e+00 6.090837947260350660e+00 5.908731281161137439e+00 5.726099518626394769e+00 5.543357078446315533e+00 5.360890787191330276e+00 5.179086139209110762e+00 4.998297994735569461e+00 4.818879111247970748e+00 4.641148906986681588e+00 4.465424475111800184e+00 4.291987209210271104e+00 4.121116532115464359e+00 3.953054136820699060e+00 3.788040690763503360e+00 3.626277395631343214e+00 3.467965967442228958e+00 3.313267159735552081e+00 3.162344372642527546e+00 3.015318712722126371e+00 2.872316654159642990e+00 2.733421120565555640e+00 2.598723713707355554e+00 2.468271191594206382e+00 2.342122902215385771e+00 2.220291889054569534e+00 2.102808330116192614e+00 1.989654313296884913e+00 1.880834300993997621e+00 1.776302363690652086e+00 1.676040993382273303e+00 1.579979234628914320e+00 1.488081598176418607e+00 1.400255040390501859e+00 1.316450356128444410e+00 1.236555266383393858e+00 1.160511638787467437e+00 1.088190967355057603e+00 1.019532376493392123e+00 9.543954395246440070e-01 8.927268349674463144e-01 8.343837772719785439e-01 7.793429952435616537e-01 7.274864409094922157e-01 6.788788255353788159e-01 6.335071417483736367e-01 5.916820321375676484e-01 5.537274387255782804e-01 5.206317623754443957e-01 4.936983647052452517e-01 4.757558614043792544e-01 4.707871851562496768e-01 4.865575225905937606e-01 5.339203014541884507e-01 6.344581512165438086e-01
8.041608119028773594e-01 9.903298155940126746e-01 1.191373763828664778e+00 1.409548983915638320e+00 1.643810893430400322e+00 1.893744674345447576e+00 2.158010624934806554e+00 2.435405272959549006e+00 2.724252145455660301e+00 3.022899048971262825e+00 3.329422301741910672e+00 3.641919388805605617e+00 3.958351107807146718e+00 4.276735772907207078e+00 4.595059171495492478e+00 4.911410802081477733e+00 5.223927521606116287e+00 5.530890059653749802e+00 5.830682197424355451e+00 6.121857522167409194e+00 6.403104571898713182e+00 6.673290725929440725e+00 6.931428896896234093e+00 7.176704305153337238e+00 7.408441400573364533e+00 7.626118650547880407e+00 7.829336056255622900e+00 8.017822437115103895e+00 8.191404577197875625e+00 8.350010667603180892e+00 8.493642122402777161e+00 8.622375898105127945e+00 8.736339655984656005e+00 8.835714738020550740e+00 8.920714864260057553e+00 8.991590724117589417e+00 9.048611948358944446e+00 9.092073646760312045e+00 9.122281072942779900e+00 9.139558026266996649e+00 9.144233459707763245e+00 9.136651446276568223e+00 9.117158948641357341e+00 9.086116984724238677e+00 9.043888844704810026e+00 8.990852125372915893e+00 8.927386802739391669e+00 8.853887893255512509e+00 8.770752931687527010e+00 8.678395123385481469e+00 8.577229911256097239e+00 8.467688583468007124e+00 8.350203725319946813e+00 8.225223328933640943e+00 8.093195009712713883e+00 7.954580724854956486e+00 7.809839690272346147e+00 7.659443854514816685e+00 7.503859484215767317e+00 7.343563563218670431e+00 7.179024027831221844e+00 7.010717272313739201e+00 6.839107014366746284e+00 6.664663092115307386e+00 6.487838929401772425e+00 6.309091809662422889e+00 6.128858892775673084e+00 5.947579150613996113e+00 5.765667864412752586e+00 5.583540407411931028e+00 5.401585125098674389e+00 5.220189153844755126e+00 5.039709556380568500e+00 4.860501373014883164e+00 4.682886851210286139e+00 4.507185939087237081e+00 4.333683410407951797e+00 4.162662029956115894e+00 3.994367332553593997e+00 3.829043718170060284e+00 3.666896594228246542e+00 3.508131696975854474e+00 3.352914248052836221e+00 3.201411850461543640e+00 3.053750240049208031e+00 2.910060173038573783e+00 2.770429266326331685e+00 2.634953384145436228e+00 2.503683951656400453e+00 2.376684468268405404e+00 2.253972537922074526e+00 2.135582296669125135e+00 2.021500217177082614e+00 1.911734454569380626e+00 1.806243232533341070e+00 1.705012409488786851e+00 1.607974910070469887e+00 1.515098235061820731e+00 1.426292921496546739e+00 1.341512337683435474e+00 1.260647475273947382e+00 1.183642324972941084e+00 1.110371343718291381e+00 1.040775288735384718e+00 9.747163862812731061e-01 9.121423661785702519e-01 8.529127064032361316e-01 7.970043082132908241e-01 7.443005877356573263e-01 6.948645616739601572e-01 6.486823688449774306e-01 6.060580265504351694e-01 5.673075458960586959e-01 5.333990386757155866e-01 5.056076521698429360e-01 4.867052068346566784e-01 4.805934617538127895e-01 4.948892598747444138e-01 5.402425095799984200e-01 6.378632636758216901e-01
8.039317017939635601e-01 9.857507328154646586e-01 1.182183172266382032e+00 1.395488711675364035e+00 1.624683321118342905e+00 1.869408122002771178e+00 2.128397315599627859e+00 2.400520982760609101e+00 2.684183271008185212e+00 2.977809871353203519e+00 3.279554822769676026e+00 3.587586783816994362e+00 3.899932058018868997e+00 4.214664555690072589e+00 4.529816314217134376e+00 4.843511204437013440e+00 5.153909453958649856e+00 5.459303058499397565e+00 5.758076341601826798e+00 6.048772712629846282e+00 6.330061616720386475e+00 6.600783157694160685e+00 6.859916796097700775e+00 7.106609200922346048e+00 7.340143118965730906e+00 7.559953255029189911e+00 7.765595461060699201e+00 7.956754894099386632e+00 8.133216430329701652e+00 8.294868639903860696e+00 8.441676429210616561e+00 8.573683529488429045e+00 8.690988086403512725e+00 8.793745491858972585e+00 8.882147201124848124e+00 8.956424955620926553e+00 9.016832677462248924e+00 9.063652512044264142e+00 9.097179322485953179e+00 9.117728555424939429e+00 9.125622668482526123e+00 9.121200581628881920e+00 9.104805312048048549e+00 9.076794681793368014e+00 9.037529475301429471e+00 8.987385086287634550e+00 8.926739615061240585e+00 8.855986209584463253e+00 8.775520647355104842e+00 8.685754221694528709e+00 8.587100479765911842e+00 8.479988601071623222e+00 8.364849072763481885e+00 8.242127589220071826e+00 8.112269530607639112e+00 7.975734474776551508e+00 7.832979403844492872e+00 7.684473962519029477e+00 7.530682352895189169e+00 7.372079499719869311e+00 7.209131609913371541e+00 7.042313419452544743e+00 6.872087395882594762e+00 6.698922247633991134e+00 6.523270738964586535e+00 6.345589644299439946e+00 6.166316128704157684e+00 5.985889330164212652e+00 5.804725236954052292e+00 5.623240081889131048e+00 5.441823622085554923e+00 5.260864532849271136e+00 5.080721965877529556e+00 4.901753138012175270e+00 4.724283010902198043e+00 4.548634282646239591e+00 4.375094994805746929e+00 4.203951154365869414e+00 4.035452031774653392e+00 3.869845668269454197e+00 3.707341579802510001e+00 3.548149442641094442e+00 3.392438860446010285e+00 3.240381571837828822e+00 3.092107868454919473e+00 2.947752735531792290e+00 2.807408423157203625e+00 2.671175019918376137e+00 2.539108571668800440e+00 2.411276706207659437e+00 2.287701554812022753e+00 2.168421203351386772e+00 2.053426488714391152e+00 1.942729264673263678e+00 1.836291898964501845e+00 1.734103635575650726e+00 1.636101279920390006e+00 1.542255354046437876e+00 1.452479984341556563e+00 1.366731154586641184e+00 1.284903141492987677e+00 1.206942110224667797e+00 1.132725497983378293e+00 1.062195754065814457e+00 9.952177746972390437e-01 9.317404073504036432e-01 8.716254080919370040e-01 8.148499284090547912e-01 7.612988677211309785e-01 7.110336642224041048e-01 6.640396732130753321e-01 6.206145463536064666e-01 5.810666605621169767e-01 5.463445766662828884e-01 5.176962742408998119e-01 4.978389001698644845e-01 4.905961303396831341e-01 5.034420639939909403e-01 5.468307351359593671e-01 6.416131077930050663e-01
8.041542893158591943e-01 9.817518906504131282e-01 1.173708781740337548e+00 1.382285884261356790e+00 1.606555499797272191e+00 1.846210630551645471e+00 2.100054829232942399e+00 2.367027448886849683e+00 2.645609110393188690e+00 2.934299818015785988e+00 3.231328323653174017e+00 3.534932281905455831e+00 3.843202135941743425e+00 4.154266961147818016e+00 4.466205473618009236e+00 4.777177208683856868e+00 5.085367783442186429e+00 5.389083122023166084e+00 5.686711219531176198e+00 5.976788775472586579e+00 6.257969766148089974e+00 6.529070668337258354e+00 6.789041006288038638e+00 7.036992177793357506e+00 7.272168161363874894e+00 7.493962431914899192e+00 7.701888767897546728e+00 7.895590275019331195e+00 8.074811062662412553e+00 8.239400783673064055e+00 8.389288133574192230e+00 8.524483566134517076e+00 8.645055359854410426e+00 8.751132372832474360e+00 8.842883032898960494e+00 8.920519255403521086e+00 8.984278305878596882e+00 9.034428399118551667e+00 9.071253054980298103e+00 9.095058464319635050e+00 9.106159752451363332e+00 9.104889936907712311e+00 9.091587430314914897e+00 9.066606299720396223e+00 9.030304357154722794e+00 8.983054420771320991e+00 8.925232422984464620e+00 8.857229428963087514e+00 8.779439305564654461e+00 8.692271338190067809e+00 8.596137122269707831e+00 8.491463710139354859e+00 8.378679493087965113e+00 8.258227890612880984e+00 8.130552075924439848e+00 7.996109283680512547e+00 7.855354292704595842e+00 7.708754473803502982e+00 7.556771981746611466e+00 7.399879694135552022e+00 7.238542083942341776e+00 7.073232217263989874e+00 6.904411282052249632e+00 6.732546820899175444e+00 6.558090884829148592e+00 6.381499680612427561e+00 6.203210303701641948e+00 6.023661980922408787e+00 5.843271316021141359e+00 5.662455310265438690e+00 5.481605029004157359e+00 5.301110586552043813e+00 5.121333113316484109e+00 4.942631898842828164e+00 4.765334506514103730e+00 4.589766281160635231e+00 4.416218421655362825e+00 4.244980078448907790e+00 4.076304152637898248e+00 3.910442235794234556e+00 3.747607855812127742e+00 3.588014548479031340e+00 3.431836213481808340e+00 3.279248656969101727e+00 3.130386652508085010e+00 2.985389360013293025e+00 2.844353601944868082e+00 2.707383651439466465e+00 2.574540127588571981e+00 2.445894761550517771e+00 2.321474177642769199e+00 2.201320401091104717e+00 2.085428611190042858e+00 1.973814363889917489e+00 1.866444160551699261e+00 1.763310647379736862e+00 1.664354510079019134e+00 1.569549320643177204e+00 1.478812802466893617e+00 1.392103594268998767e+00 1.309319271436128362e+00 1.230408222455367184e+00 1.155250881713655087e+00 1.083791447408104069e+00 1.015897502907186833e+00 9.515190774709471055e-01 8.905202208054177060e-01 8.328784104704007873e-01 7.784800502814377410e-01 7.273851135364248766e-01 6.795782434929014126e-01 6.353509781112601784e-01 5.950043485852868352e-01 5.594680719394526935e-01 5.299639595050753549e-01 5.091564999699812466e-01 5.007942148990702780e-01 5.122137582894216168e-01 5.536805200981883557e-01 6.456991409408335825e-01
8.048145932456871599e-01 9.783128230426773042e-01 1.165923484176706992e+00 1.369906813610829888e+00 1.589387546016953534e+00 1.824106803452280934e+00 2.072933237200899281e+00 2.334871443213843101e+00 2.608474574912951649e+00 2.892313513400325942e+00 3.184688779911857726e+00 3.483904830479058745e+00 3.788114790458846581e+00 4.095502305956881806e+00 4.404192979504058414e+00 4.712383035423956201e+00 5.018285203282739637e+00 5.320221688777987623e+00 5.616586983706219449e+00 5.905914260367014279e+00 6.186845397730493801e+00 6.458176683090980141e+00 6.718831058533124789e+00 6.967887820787910691e+00 7.204555057265419116e+00 7.428187537033664078e+00 7.638259076526905389e+00 7.834372413901833809e+00 8.016232135100869627e+00 8.183649802231361292e+00 8.336518332447575119e+00 8.474814990093429756e+00 8.598577973285824072e+00 8.707909152953632770e+00 8.802953285158903185e+00 8.883901683973475016e+00 8.950974096324110008e+00 9.004423908111121477e+00 9.044522393720628273e+00 9.071565619074023701e+00 9.085860559441453432e+00 9.087733586729692448e+00 9.077517845675522778e+00 9.055563076390582111e+00 9.022223633031892120e+00 8.977869362567568956e+00 8.922873711994499857e+00 8.857625423028846257e+00 8.782516272737385776e+00 8.697953418093584688e+00 8.604346424434869078e+00 8.502120178371338710e+00 8.391700960531878195e+00 8.273529923963497623e+00 8.148048051811212389e+00 8.015710262756929438e+00 7.876969156591254517e+00 7.732289855889477259e+00 7.582132483211214691e+00 7.426967880246539089e+00 7.267258782361871283e+00 7.103476575892403666e+00 6.936081142599239691e+00 6.765538826257604832e+00 6.592300914906808806e+00 6.416822992858282504e+00 6.239542015436542854e+00 6.060897224980311471e+00 5.881305753343497145e+00 5.701185282789792197e+00 5.520928087320013944e+00 5.340925623482132956e+00 5.161540893387259743e+00 4.983135157956615657e+00 4.806038472454321031e+00 4.630578726996283478e+00 4.457050169206063117e+00 4.285744995361175924e+00 4.116919633504917186e+00 3.950829135038118611e+00 3.787690943883696537e+00 3.627722374662638138e+00 3.471101537233908907e+00 3.318008236450787241e+00 3.168581653633695261e+00 3.022965067842281695e+00 2.881259812406040233e+00 2.743574303612620113e+00 2.609973685375922337e+00 2.480533765277523006e+00 2.355285625228649593e+00 2.234275217208977260e+00 2.117502039850658768e+00 2.004985352504183638e+00 1.896695778459288828e+00 1.792629380373615966e+00 1.692730722547727717e+00 1.596976453136108809e+00 1.505287899127527806e+00 1.417626391166454836e+00 1.333892816093713796e+00 1.254037832136438713e+00 1.177944887295396370e+00 1.105559983145987246e+00 1.036753407405501148e+00 9.714764331068038716e-01 9.095954199485694058e-01 8.510882454893367033e-01 7.958428406640549735e-01 7.439178250196917253e-01 6.952972020584482493e-01 6.502666404436145964e-01 6.091201059156787778e-01 5.727691494865212452e-01 5.424103691594732712e-01 5.206575113679737798e-01 5.111867216267275138e-01 5.212022268459705066e-01 5.607876181392237314e-01 6.501133067780808794e-01
8.058994744152639944e-01 9.754143260697709650e-01 1.158801844991686369e+00 1.358319866599605463e+00 1.573141955744657539e+00 1.803053867926662113e+00 2.046985378321568572e+00 2.304002533986190926e+00 2.572727278607769730e+00 2.851798068694782806e+00 3.139584323010259581e+00 3.434455102168560980e+00 3.734624685778390241e+00 4.038330558440883067e+00 4.343745223843407999e+00 4.649102380946541047e+00 4.952643326511100952e+00 5.252708616607639769e+00 5.547701781209418037e+00 5.836155377892835894e+00 6.116702316591526412e+00 6.388121925182065119e+00 6.649313753779884095e+00 6.899328050896050613e+00 7.137339821035163290e+00 7.362667628406266651e+00 7.574747458379641252e+00 7.773143421083783089e+00 7.957521907951288220e+00 8.127657324327859811e+00 8.283407363512544919e+00 8.424716317408433852e+00 8.551592220163502844e+00 8.664109626522796148e+00 8.762389091348191883e+00 8.846600654024511456e+00 8.916945767706904391e+00 8.973662161639822443e+00 9.017008016907119838e+00 9.047268443915825742e+00 9.064741474476386784e+00 9.069746103134923132e+00 9.062609544231458258e+00 9.043676630951438256e+00 9.013297759514149021e+00 8.971839390557171612e+00 8.919672145760257465e+00 8.857182178684963603e+00 8.784758973358105294e+00 8.702807414330930413e+00 8.611734936735391699e+00 8.511964203053864253e+00 8.403919351241718516e+00 8.288039261517189615e+00 8.164762731879285695e+00 8.034542382624680457e+00 7.897828651760888441e+00 7.755084434248472824e+00 7.606767832669080853e+00 7.453347662584695499e+00 7.295284918305607214e+00 7.133049297626699037e+00 6.967099351803310192e+00 6.797900195517244448e+00 6.625902307556053472e+00 6.451560598487001918e+00 6.275311816996225645e+00 6.097595151355923448e+00 5.918828178193672684e+00 5.739429176879061067e+00 5.559791534209735708e+00 5.380307955311804058e+00 5.201343210213174473e+00 5.023260432406847720e+00 4.846392061793561190e+00 4.671068434185046137e+00 4.497586739355712737e+00 4.326242122946797330e+00 4.157294437570712375e+00 3.991002104470219525e+00 3.827586388413307450e+00 3.667268302078566133e+00 3.510230079840398254e+00 3.356655455800377386e+00 3.206687944596805284e+00 3.060474887796263754e+00 2.918122067461428770e+00 2.779742000136080193e+00 2.645404305219048346e+00 2.515188837967285096e+00 2.389131101316817940e+00 2.267280959346112290e+00 2.149642205719987764e+00 2.036237802186974477e+00 1.927042481001848717e+00 1.822055733177833758e+00 1.721225998695880888e+00 1.624533025694146593e+00 1.531901750250195482e+00 1.443296229515836249e+00 1.358620673684123759e+00 1.277828054763184618e+00 1.200804850237071619e+00 1.127498917252989008e+00 1.057783265012339324e+00 9.916104702068636589e-01 9.288492195224183900e-01 8.694778625403553063e-01 8.133858813954479849e-01 7.606306505428169773e-01 7.111956065096152191e-01 6.653607857020508165e-01 6.234133605900723518e-01 5.862473660710378898e-01 5.550350996447813712e-01 5.323413883110731382e-01 5.217726392217618692e-01 5.304054094473149572e-01 5.681479782543585877e-01 6.548479970545666440e-01
8.073965693451931047e-01 9.730383589341421446e-01 1.152319973726939173e+00 1.347495309787998030e+00 1.557783430197365870e+00 1.783011490780645358e+00 2.022166675003892689e+00 2.274372913189120826e+00 2.538317387567647465e+00 2.812702962710273091e+00 3.095965160609700284e+00 3.386535459827528349e+00 3.682687713736494839e+00 3.982712397738718213e+00 4.284828763463855772e+00 4.587308557521661001e+00 4.888422855826573432e+00 5.186532372590779261e+00 5.480051953496348105e+00 5.767516198889210521e+00 6.047551944716470729e+00 6.318924586634477869e+00 6.580513308413440399e+00 6.831342240563631485e+00 7.070556034560725678e+00 7.297439515337063476e+00 7.511392973217468239e+00 7.711943670169274512e+00 7.898721202154085574e+00 8.071463844496882700e+00 8.229994729989783764e+00 8.374225512828557427e+00 8.504134100327084056e+00 8.619767519905128239e+00 8.721221706592304557e+00 8.808644851623133931e+00 8.882219426181908517e+00 8.942166747392693793e+00 8.988731112622891928e+00 9.022185888724477465e+00 9.042819399477165732e+00 9.050942546562714242e+00 9.046875956987010525e+00 9.030958973474339402e+00 9.003537523747338511e+00 8.964974251045941145e+00 8.915636592469816435e+00 8.855907827112385888e+00 8.786174920449180803e+00 8.706840318432597314e+00 8.618309204930827860e+00 8.521001940453601264e+00 8.415340471092347840e+00 8.301761382826240876e+00 8.180701281012394688e+00 8.052610494952723741e+00 7.917937310429168818e+00 7.777142409641139231e+00 7.630681883804246723e+00 7.479022529986094625e+00 7.322623597520862226e+00 7.161953087384396177e+00 6.997468197734603379e+00 6.829632786113062792e+00 6.658896478850263811e+00 6.485713464665712635e+00 6.310520222805976687e+00 6.133755821427961052e+00 5.955838202441976037e+00 5.777186161880520920e+00 5.598194107105301853e+00 5.419255901241968765e+00 5.240737981626373276e+00 5.063005258052619695e+00 4.886392450423515221e+00 4.711232242560103423e+00 4.537824661778294910e+00 4.366467707866310555e+00 4.197424556998390344e+00 4.030956910876643207e+00 3.867289760714287539e+00 3.706647736476094135e+00 3.549217111648992784e+00 3.395185479590644650e+00 3.244700613616410934e+00 3.097913860155212085e+00 2.954935387281591996e+00 2.815881767498606969e+00 2.680827045471673387e+00 2.549855093663730532e+00 2.423005798375484687e+00 2.300332919161938161e+00 2.181844519198578247e+00 2.067567259486031261e+00 1.957479967019391642e+00 1.851585570810932335e+00 1.749836382380568045e+00 1.652215271352035941e+00 1.558650787272316096e+00 1.469109746044526377e+00 1.383499692192904806e+00 1.301775953237471972e+00 1.223828051396602667e+00 1.149605749360245399e+00 1.078984794787143597e+00 1.011919125862227098e+00 9.482797737457061560e-01 8.880456301786835427e-01 8.311077536968198842e-01 7.775223798255348484e-01 7.272724511102206524e-01 6.806326015581172229e-01 6.378834745908179560e-01 5.999022123929023120e-01 5.678376849933844950e-01 5.442075354839517320e-01 5.325509389616778222e-01 5.398212967261428741e-01 5.757577295887993385e-01 6.598960166829769269e-01
8.092942298155759717e-01 9.711679539113493576e-01 1.146455406294593748e+00 1.337405167816815288e+00 1.543278716496892855e+00 1.763941609185692316e+00 1.998434963358921346e+00 2.245937235803442178e+00 2.505197478059352445e+00 2.774979927745236719e+00 3.053783497509769518e+00 3.340099917789455919e+00 3.632260998134316132e+00 3.928609261319084833e+00 4.227410408216041304e+00 4.526974617284199809e+00 4.825603736290063672e+00 5.121680206181784989e+00 5.413632220796383621e+00 5.699998840739151085e+00 5.979403500171771135e+00 6.250600492438771028e+00 6.512451496782158067e+00 6.763957329662606988e+00 7.004234933594793766e+00 7.232537813903089585e+00 7.448232694282040711e+00 7.650811794875302496e+00 7.839869371100133044e+00 8.015108674022966895e+00 8.176319035489644449e+00 8.323379913503794469e+00 8.456239237407931597e+00 8.574916407212480607e+00 8.679482425653118227e+00 8.770063159774972306e+00 8.846821496925455719e+00 8.909961659943958168e+00 8.959713331790073454e+00 8.996337393555553064e+00 9.020111729204947082e+00 9.031338452590466304e+00 9.030330956404347020e+00 9.017422510099123656e+00 8.992954055806546165e+00 8.957283975927701647e+00 8.910776147394370739e+00 8.853810669419839741e+00 8.786771743118261924e+00 8.710059188943411357e+00 8.624075798470235199e+00 8.529239533517658955e+00 8.425970082149664364e+00 8.314701699592555784e+00 8.195868778341703020e+00 8.069919353434352516e+00 7.937299559706932683e+00 7.798467875051661835e+00 7.653878383631639082e+00 7.503995868843841954e+00 7.349277830007061141e+00 7.190190562908458816e+00 7.027189891186599979e+00 6.860738388949859434e+00 6.691284789496482865e+00 6.519282514426361530e+00 6.345167714145077298e+00 6.169379273943205177e+00 5.992335425163195062e+00 5.814455403369678699e+00 5.636134547761225022e+00 5.457767791902471188e+00 5.279723142954136250e+00 5.102367193272174362e+00 4.926036840730223076e+00 4.751067021412922919e+00 4.577760497582572974e+00 4.406418029267962666e+00 4.237306016610649984e+00 4.070689353074189221e+00 3.906796662753500460e+00 3.745856112222112344e+00 3.588057928986361667e+00 3.433593495225508718e+00 3.282614768140598827e+00 3.135277040465896725e+00 2.991694803031609506e+00 2.851988638693122358e+00 2.716236966326233571e+00 2.584527643497006810e+00 2.456904901153242449e+00 2.333426375820267129e+00 2.214104373467991493e+00 2.098969249137267123e+00 1.988003909088378318e+00 1.881214727790015084e+00 1.778557882930781320e+00 1.680019384869250176e+00 1.585531399871434211e+00 1.495063532562786568e+00 1.408526671825743426e+00 1.325878540175077447e+00 1.247011719143220398e+00 1.171877924768482071e+00 1.100355659894856730e+00 1.032400280026922745e+00 9.678851786436695193e-01 9.067898579104739509e-01 8.490069788723512145e-01 7.945917417864871712e-01 7.435266681783128107e-01 6.960812125167995523e-01 6.525297455828275028e-01 6.137331150705610527e-01 5.808175989320607524e-01 5.562553099633779086e-01 5.435205746029500018e-01 5.494479255202799894e-01 5.836131673723533586e-01 6.652505517564009097e-01
8.115814677575856617e-01 9.697871343146142742e-01 1.141186997622863464e+00 1.328023094062682929e+00 1.529596461689984643e+00 1.745808275024768985e+00 1.975750336081739666e+00 2.218652470054922610e+00 2.473322402985202118e+00 2.738582840415087372e+00 3.012993457731993452e+00 3.295104100277601589e+00 3.583302892376393434e+00 3.875983382374016184e+00 4.171457296272616411e+00 4.468073461379503897e+00 4.764165292385544426e+00 5.058138306838642073e+00 5.348435852080704933e+00 5.633603641141675666e+00 5.912264166394965770e+00 6.183163257820236680e+00 6.445147790063426640e+00 6.697197941027841495e+00 6.938405496664758587e+00 7.167995007613159331e+00 7.385301740690111139e+00 7.589784694594432501e+00 7.781004282001045880e+00 7.958629901680677854e+00 8.122417928298103718e+00 8.272216161301486181e+00 8.407942803684870015e+00 8.529589631985299292e+00 8.637202505305104694e+00 8.730884584800559622e+00 8.810778657165309724e+00 8.877071242404289464e+00 8.929976739726381396e+00 8.969742850753698704e+00 8.996636324017840636e+00 9.010949814949055892e+00 9.012988848920327811e+00 9.003080044024214246e+00 8.981558836958502212e+00 8.948778896931548488e+00 8.905100151822804122e+00 8.850899199017680630e+00 8.786557211219827579e+00 8.712471177347619999e+00 8.629041336803807027e+00 8.536683137848683600e+00 8.435813927739667761e+00 8.326865579405385631e+00 8.210270239358825606e+00 8.086473634096719820e+00 7.955919740025110265e+00 7.819064832225226525e+00 7.676360987206400033e+00 7.528270976093193845e+00 7.375250541412469829e+00 7.217764264729771284e+00 7.056266574368259548e+00 6.891218735988248412e+00 6.723068551475383181e+00 6.552268632509727020e+00 6.379254744333661797e+00 6.204465529670355473e+00 6.028319436867974446e+00 5.851236067054185419e+00 5.673611605912972422e+00 5.495841972832818279e+00 5.318296650378719015e+00 5.141343822246697393e+00 4.965322464838187955e+00 4.790569672724532602e+00 4.617390842551321484e+00 4.446089402048301942e+00 4.276934877181232331e+00 4.110195265236494144e+00 3.946102730513802115e+00 3.784888895697086308e+00 3.626747857584003754e+00 3.471874716388667181e+00 3.320425538310983526e+00 3.172559503012275961e+00 3.028395360338599129e+00 2.888057656669970719e+00 2.751629133243203462e+00 2.619201599076919962e+00 2.490823590026862711e+00 2.366556599279525219e+00 2.246417147714276918e+00 2.130439277210106397e+00 2.018609956580784459e+00 1.910939011093085504e+00 1.807386478006332675e+00 1.707941525476168065e+00 1.612539938593628541e+00 1.521154138466414008e+00 1.433698367382248318e+00 1.350132780144013500e+00 1.270353031459549253e+00 1.194312836409235468e+00 1.121893469429361856e+00 1.053051757203427474e+00 9.876634736075549093e-01 9.257087976382085692e-01 8.670820196731899854e-01 8.118374058645201341e-01 7.599571294344940053e-01 7.117056813631937873e-01 6.673514085438541077e-01 6.277394384650870629e-01 5.939742567736360224e-01 5.684840226466045809e-01 5.546804821473353408e-01 5.592833744406007224e-01 5.917107398758986170e-01 6.709051402267074415e-01
8.142479049232673738e-01 9.688808396479281493e-01 1.136494823636964302e+00 1.319324252323299307e+00 1.516707078838421152e+00 1.728577511553711643e+00 1.954074997017001714e+00 2.192477757837516972e+00 2.442649166203496591e+00 2.703467617380805432e+00 2.973551008099478921e+00 3.251505197719840812e+00 3.535772971502907147e+00 3.824797818436019181e+00 4.116936958050672501e+00 4.410577935880709788e+00 4.704086350864445265e+00 4.995891947350632911e+00 5.284454821523562273e+00 5.568329319953472911e+00 5.846139251765819722e+00 6.116624438450950940e+00 6.378619490982595508e+00 6.631086494796612385e+00 6.873094535582687570e+00 7.103841512149070780e+00 7.322633315949578225e+00 7.528897547590543304e+00 7.722162305838469187e+00 7.902064363435536087e+00 8.068328054481327172e+00 8.220770143342397418e+00 8.359279452192883042e+00 8.483820234892927914e+00 8.594413091330551424e+00 8.691138185864323518e+00 8.774117770919488635e+00 8.843520128430100158e+00 8.899543766861738092e+00 8.942422565215965236e+00 8.972411479978628535e+00 8.989793065305477171e+00 8.994864363855159084e+00 8.987944772703755802e+00 8.969363704111561475e+00 8.939469656173749001e+00 8.898618208523153328e+00 8.847182120815819673e+00 8.785539257184678874e+00 8.714083551527416205e+00 8.633212513594221704e+00 8.543338945930262440e+00 8.444877756090582110e+00 8.338258368338978599e+00 8.223910637135336543e+00 8.102277954921561332e+00 7.973802123034513301e+00 7.838937207805895646e+00 7.698133272024686669e+00 7.551851071949595706e+00 7.400544584220424049e+00 7.244676665935767979e+00 7.084700329403535335e+00 6.921075507628269285e+00 6.754249034461488499e+00 6.584672670967980146e+00 6.412781743654412558e+00 6.239014595765083548e+00 6.063789823423126890e+00 5.887527322346993053e+00 5.710624042588021254e+00 5.533476807602507819e+00 5.356456483927244605e+00 5.179932757868260573e+00 5.004246587476061769e+00 4.829737134018952105e+00 4.656712330006073763e+00 4.485478179744154303e+00 4.316307238365681087e+00 4.149470519869256968e+00 3.985203637016718314e+00 3.823741588363720023e+00 3.665282255690058388e+00 3.510024386192241330e+00 3.358128080141654870e+00 3.209756344015313179e+00 3.065032122503615231e+00 2.924083877549762178e+00 2.786998620154947481e+00 2.653872075675808073e+00 2.524757044153072005e+00 2.399718853401377139e+00 2.278778210183753483e+00 2.161972834098763840e+00 2.049293738582161239e+00 1.940754202993145272e+00 1.836318116340536655e+00 1.735977819515708065e+00 1.639672717388360068e+00 1.547378073156430389e+00 1.459011490556639590e+00 1.374535591839269433e+00 1.293849117988848718e+00 1.216907826759700217e+00 1.143595780198072953e+00 1.073871328096410505e+00 1.007612642927904645e+00 9.448006450840465975e-01 8.853312816401085472e-01 8.292579833149152924e-01 7.765626473133385721e-01 7.275050105507910869e-01 6.823476373014585317e-01 6.419204863667928862e-01 6.073070171270282813e-01 5.808929394894954967e-01 5.660295795064257396e-01 5.693257596531438036e-01 6.000470363109920990e-01 6.768536449904886121e-01
8.172837268543666767e-01 9.684348572177386982e-01 1.132360091634615706e+00 1.311285208443764727e+00 1.504582624026765458e+00 1.712217181259387822e+00 1.933373126423638011e+00 2.167374284553440056e+00 2.413136804256980739e+00 2.669592115876436633e+00 2.935413883585054062e+00 3.209261921599035450e+00 3.489632019557869391e+00 3.775016472398701861e+00 4.063817370081288516e+00 4.354460915841255719e+00 4.645345350670868179e+00 4.934925614001670624e+00 5.221679952351122367e+00 5.504173129696361855e+00 5.781032339727202540e+00 6.050993673544173390e+00 6.312881864016694600e+00 6.565643320920678150e+00 6.808326786725270807e+00 7.040105743229269741e+00 7.260258751582104431e+00 7.468183830829954850e+00 7.663378314974658601e+00 7.845447620319617954e+00 8.014085019190245518e+00 8.169076940326966962e+00 8.310283255850523076e+00 8.437640887406191226e+00 8.551145150257289274e+00 8.650853007923263505e+00 8.736865825821670484e+00 8.809333185047215409e+00 8.868437159114547441e+00 8.914397213318492774e+00 8.947455896813417908e+00 8.967885050278644243e+00 8.975972639129194519e+00 8.972030281608537550e+00 8.956380850746109346e+00 8.929367213242807466e+00 8.891340193899038624e+00 8.842668367359598491e+00 8.783725995084889604e+00 8.714903716785130428e+00 8.636596118829716673e+00 8.549213209585218465e+00 8.453167342519041227e+00 8.348885412376407800e+00 8.236794922615604975e+00 8.117336894748731879e+00 7.990950928960040223e+00 7.858088869064032700e+00 7.719198752115715934e+00 7.574739312409972669e+00 7.425162748745443686e+00 7.270930181774726719e+00 7.112493186675809653e+00 6.950310339934538284e+00 6.784827472072727517e+00 6.616495454578471325e+00 6.445749124064229285e+00 6.273026469902638347e+00 6.098746169717572663e+00 5.923328345664868877e+00 5.747170633124416561e+00 5.570670680623993398e+00 5.394200650142649600e+00 5.218131644320545881e+00 5.042806508510011554e+00 4.868566380882281663e+00 4.695721633338196810e+00 4.524580757094175176e+00 4.355419241307062705e+00 4.188511030467706675e+00 4.024095095036268610e+00 3.862409729536920189e+00 3.703656516893662598e+00 3.548037780050053325e+00 3.395717578435360817e+00 3.246862684583184500e+00 3.101600173477306210e+00 2.960062373613481235e+00 2.822340512460457695e+00 2.688534195215848577e+00 2.558700444438152033e+00 2.432908398890327728e+00 2.311182921082601815e+00 2.193565397369981795e+00 2.080050866678284205e+00 1.970656063772628697e+00 1.865348720374553571e+00 1.764124362987565142e+00 1.666926016056218929e+00 1.573731808381644282e+00 1.484462712170576015e+00 1.399083850198676648e+00 1.317497062031633970e+00 1.239660189714868466e+00 1.165460098470942230e+00 1.094856711237557567e+00 1.027730617304234872e+00 9.640635411935055687e-01 9.037531144272150652e-01 8.468520284835752143e-01 7.933419762423383759e-01 7.434781435383915893e-01 6.975175459883269369e-01 6.562755035624447952e-01 6.208151834512903866e-01 5.934812825849751228e-01 5.775667660913464951e-01 5.795732308751060380e-01 6.086187756004373117e-01 6.830902291568321516e-01
8.206796407260539272e-01 9.684357595579351496e-01 1.128765058223531570e+00 1.303883830917616837e+00 1.493196683260431534e+00 1.696696863910656550e+00 1.913610756046436601e+00 2.143305157672112493e+00 2.384746275074292043e+00 2.636916038910323667e+00 2.898541514632984040e+00 3.168334458365689166e+00 3.444842013104899792e+00 3.726604106975715869e+00 4.012067000004239326e+00 4.299695378712696581e+00 4.587920441136446925e+00 4.875223124629505023e+00 5.160101048935510804e+00 5.441130995331008968e+00 5.716945429767036124e+00 5.986278821845450793e+00 6.247948260815645583e+00 6.500886769337386184e+00 6.744125002374872224e+00 6.976814186752231528e+00 7.198207554941308040e+00 7.407675345533619726e+00 7.604685687565411634e+00 7.788813943727528333e+00 7.959723355552512203e+00 8.117170782204164325e+00 8.260987653333494052e+00 8.391083831342168509e+00 8.507429405898369268e+00 8.610058018293015536e+00 8.699049872342250467e+00 8.774535456679531720e+00 8.836679928369653325e+00 8.885687800971545869e+00 8.921788644183777706e+00 8.945243006127467922e+00 8.956329204187497339e+00 8.955350534899848114e+00 8.942622824617881605e+00 8.918482849051940775e+00 8.883276267018578309e+00 8.837367112028966076e+00 8.781125737014079391e+00 8.714939234471044571e+00 8.639199058851170676e+00 8.554312260657360056e+00 8.460688510136771256e+00 8.358752077628405885e+00 8.248928043949829814e+00 8.131655011431966784e+00 8.007370343384327072e+00 7.876523639196255644e+00 7.739560891817131250e+00 7.596938801519013573e+00 7.449107773950462530e+00 7.296527179115826378e+00 7.139647133045104788e+00 6.978924831737605139e+00 6.814805067989264664e+00 6.647737786112998926e+00 6.478157283742923767e+00 6.306501144226934308e+00 6.133188063123601985e+00 5.958638323501993739e+00 5.783250169945913122e+00 5.607421999706201809e+00 5.431527184481860893e+00 5.255938159376552399e+00 5.080999565186756328e+00 4.907054429187150291e+00 4.734415468243677871e+00 4.563393572305010082e+00 4.394267070949329224e+00 4.227312753886806718e+00 4.062772859532134184e+00 3.900888898881326394e+00 3.741866072686079292e+00 3.585910208297907520e+00 3.433189249457611503e+00 3.283873673430937945e+00 3.138094620616872277e+00 2.995988236086125855e+00 2.857649909825729306e+00 2.723183089074423080e+00 2.592648976337697420e+00 2.466120496075706825e+00 2.343626635330650743e+00 2.225212434476630197e+00 2.110876937618904936e+00 2.000640334326055481e+00 1.894474188790408631e+00 1.792377224001399316e+00 1.694296082615287968e+00 1.600211780509229742e+00 1.510048664342733993e+00 1.423774388464021046e+00 1.341293902495317880e+00 1.262567172420256068e+00 1.187483881696777210e+00 1.116005574584027160e+00 1.048015275333302521e+00 9.834955735215227257e-01 9.223458131089529166e-01 8.646180400618049822e-01 8.102938138924011824e-01 7.596239660821169082e-01 7.128601904262860112e-01 6.708036772988179575e-01 6.344980054756415022e-01 6.062482311080552577e-01 5.892909223498591365e-01 5.900239675823523156e-01 6.174227959535618648e-01 6.896093332955861577e-01
8.244268366894478284e-01 9.688708470965868846e-01 1.125692954082687880e+00 1.297099199603229058e+00 1.482524268336694595e+00 1.681987743899967080e+00 1.894755653185075106e+00 2.120235293364657547e+00 2.357440353229161456e+00 2.605400844996786258e+00 2.862894956604129071e+00 3.128684422851729430e+00 3.401366101589416324e+00 3.679526353505746972e+00 3.961654843735939124e+00 4.246254468237097512e+00 4.531789569532559625e+00 4.816767735567881736e+00 5.099707017952398225e+00 5.379197643893756542e+00 5.653879069603791940e+00 5.922486090596494002e+00 6.183830240659330180e+00 6.436833317387669062e+00 6.680510041521218412e+00 6.913991470483122015e+00 7.136507460412158110e+00 7.347402247616169113e+00 7.546116317975935850e+00 7.732196307414697323e+00 7.905276500551726038e+00 8.065085010725828951e+00 8.211425401393164236e+00 8.344180824137296781e+00 8.463296280698592966e+00 8.568782046968349775e+00 8.660696965651913715e+00 8.739152110713570565e+00 8.804295303445776710e+00 8.856315621221330758e+00 8.895429126697479205e+00 8.921884531522518813e+00 8.935949960513365653e+00 8.937919863355610062e+00 8.928102522524213214e+00 8.906828166696158178e+00 8.874436875700547844e+00 8.831287779436314267e+00 8.777747006873973135e+00 8.714197838269917895e+00 8.641028374315620653e+00 8.558642529915838182e+00 8.467447149060573608e+00 8.367863769320130984e+00 8.260314964835824725e+00 8.145236859215492231e+00 8.023064533433094780e+00 7.894245312176262352e+00 7.759223119219817555e+00 7.618452603395142297e+00 7.472382358088609955e+00 7.321469985776698941e+00 7.166164119957552536e+00 7.006920551637659145e+00 6.844183001973546787e+00 6.678400451498784030e+00 6.510006611518720732e+00 6.339438609158137616e+00 6.167115096796888629e+00 5.993456455322480281e+00 5.818861465137291411e+00 5.643729198391375768e+00 5.468434153482767179e+00 5.293350016453240769e+00 5.118823134124451890e+00 4.945198337058645421e+00 4.772790594695688782e+00 4.601913109053978879e+00 4.432846958088210165e+00 4.265871692451985275e+00 4.101232729828090839e+00 3.939174718660252150e+00 3.779906394780693457e+00 3.623637018581289837e+00 3.470538343387512992e+00 3.320784489386853444e+00 3.174510597240149057e+00 3.031856577728301527e+00 2.892921928803178666e+00 2.757813900719606526e+00 2.626597832497700846e+00 2.499350407546052644e+00 2.376104705178538889e+00 2.256909405345478348e+00 2.141767535866205829e+00 2.030702738657644613e+00 1.923690398948881830e+00 1.820732445144473299e+00 1.721779135591090304e+00 1.626814392727710334e+00 1.535765942599125244e+00 1.448604000190868657e+00 1.365236635800027853e+00 1.285625977067931913e+00 1.209664540189262505e+00 1.137315537092553619e+00 1.068464444977840877e+00 1.003094777602592913e+00 9.411076194721672561e-01 8.825544623239698350e-01 8.274168024032984015e-01 7.759413074880077144e-01 7.283745694480657784e-01 6.855041386562954475e-01 6.483546805046487282e-01 6.191929221497105562e-01 6.012009092693024748e-01 6.006761754244540619e-01 6.264560451855269996e-01 6.964056544860288689e-01
8.285169523785943513e-01 9.697280955571514482e-01 1.123127914891253187e+00 1.290911521790059524e+00 1.472541720867887705e+00 1.668062506063641370e+00 1.876777213025482505e+00 2.098131310620932055e+00 2.331183531362486239e+00 2.575009662262213173e+00 2.828436821448618410e+00 3.090274811549212242e+00 3.359168585148267994e+00 3.633749715899350363e+00 3.912550455742872746e+00 4.194111549813572815e+00 4.476930558973534424e+00 4.759542238388396740e+00 5.040485979378718895e+00 5.318366724583360572e+00 5.591832478938975726e+00 5.859620157596984846e+00 6.120537685840691466e+00 6.373497674156432424e+00 6.617500959618894285e+00 6.851660436643313368e+00 7.075184483266057534e+00 7.287393082253771581e+00 7.487700632458709649e+00 7.675626385518473427e+00 7.850776777311467391e+00 8.012852048426712059e+00 8.161628533298005195e+00 8.296963089669345592e+00 8.418775841846365182e+00 8.527053730782020224e+00 8.621834110318744138e+00 8.703208384874770331e+00 8.771306681889212697e+00 8.826302211772141249e+00 8.868397048045764564e+00 8.897827558783811597e+00 8.914851160091764370e+00 8.919752949875739745e+00 8.912833182417911004e+00 8.894415089551955589e+00 8.864832759847715238e+00 8.824440053166426878e+00 8.773598551668055023e+00 8.712687448209686991e+00 8.642091256128477283e+00 8.562210564189800976e+00 8.473449234115326689e+00 8.376225949523623981e+00 8.270960681840719531e+00 8.158087005300652450e+00 8.038037663333096106e+00 7.911257667131856408e+00 7.778188839263793675e+00 7.639283754005160354e+00 7.494989169166437648e+00 7.345760899723354775e+00 7.192046071459351708e+00 7.034299044929491096e+00 6.872962435816137194e+00 6.708484224900619353e+00 6.541297491203582837e+00 6.371838857094513031e+00 6.200526872852736737e+00 6.027781956310368727e+00 5.854003352858654807e+00 5.679590738113654780e+00 5.504919656737571110e+00 5.330364966459474552e+00 5.156274633086241010e+00 4.982995206614917905e+00 4.810843818686258544e+00 4.640135898257772062e+00 4.471155181187152827e+00 4.304183895836028562e+00 4.139470551559445433e+00 3.977262855758161741e+00 3.817772997212304897e+00 3.661213598029241734e+00 3.507760146562557413e+00 3.357590343701399416e+00 3.210843264991401380e+00 3.067662535249134237e+00 2.928151705282187933e+00 2.792421788186955744e+00 2.660542215247025055e+00 2.532593400645160475e+00 2.408612482696566026e+00 2.288651764846739045e+00 2.172718236034725692e+00 2.060838986280040253e+00 1.952993209237739336e+00 1.849186045768711928e+00 1.749371366234536040e+00 1.653536017186329365e+00 1.561611107927634023e+00 1.473569441210263564e+00 1.389322217743310217e+00 1.308833762658223598e+00 1.231999438784776579e+00 1.158784170271049074e+00 1.089075905017360846e+00 1.022859138306482452e+00 9.600367232948410212e-01 9.006596863500438976e-01 8.447095295871752674e-01 7.924289418301612153e-01 7.440596261647399734e-01 7.003759638445264946e-01 6.623843546249976733e-01 6.323144514587099030e-01 6.132955678603873029e-01 6.115280828421755244e-01 6.357155717248303972e-01 7.034741270046515060e-01
8.329420402842827587e-01 9.709961076430326798e-01 1.121054917841256771e+00 1.285302054931487747e+00 1.463226623721480379e+00 1.654895239249172700e+00 1.859646358565514523e+00 2.076961432302692145e+00 2.305941927393031055e+00 2.545707206761319785e+00 2.795131211673011595e+00 3.053069956054215162e+00 3.318214890383291760e+00 3.589241570425255379e+00 3.864723973249460709e+00 4.143240258239408114e+00 4.423321177577991037e+00 4.703529047291819865e+00 4.982425368065234395e+00 5.258630919869865750e+00 5.530803665153317006e+00 5.797684286528193454e+00 6.058078911925187882e+00 6.310892881486586781e+00 6.555115096880541614e+00 6.789842214849007185e+00 7.014262975528441579e+00 7.227674821894700230e+00 7.429467609410018270e+00 7.619134555962552291e+00 7.796255383223080315e+00 7.960503373573573072e+00 8.111628323062445745e+00 8.249461274421081569e+00 8.373897752070556422e+00 8.484901461439831039e+00 8.582488207980054185e+00 8.666729536641321729e+00 8.737737582882934007e+00 8.795669312759802239e+00 8.840712374618936664e+00 8.873090323938573221e+00 8.893049382162564243e+00 8.900864812880080024e+00 8.896828373146536961e+00 8.881255856856114406e+00 8.854474952220364514e+00 8.816833881008367513e+00 8.768689350411504435e+00 8.710416182465118951e+00 8.642395059386130285e+00 8.565023041749697086e+00 8.478700841026938662e+00 8.383844153619243400e+00 8.280870240677462135e+00 8.170210045573519153e+00 8.052293909313368303e+00 7.927564482221653996e+00 7.796461446463450073e+00 7.659435272672207695e+00 7.516930855220198993e+00 7.369402198141208338e+00 7.217294892121033811e+00 7.061061840461057670e+00 6.901144519225451468e+00 6.737989873747145531e+00 6.572030305865339095e+00 6.403701886038536628e+00 6.233423005450775101e+00 6.061614060010566796e+00 5.888674691632790115e+00 5.715005110213550843e+00 5.540981828706169843e+00 5.366980799470089103e+00 5.193351522568106837e+00 5.020442185512631106e+00 4.848571993765666832e+00 4.678058519634127776e+00 4.509188067983603609e+00 4.342245462725723648e+00 4.177482218411434189e+00 4.015149023496934255e+00 3.855461438234359939e+00 3.698635375231666966e+00 3.544849983533232329e+00 3.394286482173265451e+00 3.247087816032067309e+00 3.103401271552575391e+00 2.963334396781841296e+00 2.827001926407584964e+00 2.694477338950400647e+00 2.565844749837956851e+00 2.441145322142697527e+00 2.320434965152027296e+00 2.203724605228833067e+00 2.091044774519556171e+00 1.982378461335171815e+00 1.877734024201488605e+00 1.777068940671726605e+00 1.680372997074199182e+00 1.587580688779787863e+00 1.498667431544903117e+00 1.413547565326038535e+00 1.332187646729101393e+00 1.254485898473737926e+00 1.180408999709202433e+00 1.109847386482311959e+00 1.042786591180695721e+00 9.791312636128192137e-01 9.189320512347999292e-01 8.621705301127775556e-01 8.090855891387226384e-01 7.599142491858585924e-01 7.154181754306260244e-01 6.765861238282753209e-01 6.456118741076807277e-01 6.255737186343461875e-01 6.225779378814298992e-01 6.451985162579337851e-01 7.108099045073288380e-01
8.376945377291031836e-01 9.726640686034786487e-01 1.119459723213078961e+00 1.280253035433385422e+00 1.454557719217063561e+00 1.642461346969219305e+00 1.843335447527142623e+00 2.056695392629279251e+00 2.281683197162947430e+00 2.517459704834460688e+00 2.762943656638346290e+00 3.017035476922104831e+00 3.278471544541924576e+00 3.545970161947368915e+00 3.818146135117439943e+00 4.093614538636528799e+00 4.370939199715534684e+00 4.648710277935114377e+00 4.925512026576174485e+00 5.199982048179626837e+00 5.470789531329891098e+00 5.736680435732219863e+00 5.996460772886758939e+00 6.249030411482969782e+00 6.493368164760060068e+00 6.728556294922962699e+00 6.953765683290836108e+00 7.168272907093950153e+00 7.371444803577272609e+00 7.562749908646035912e+00 7.741742383380572967e+00 7.908069500634588245e+00 8.061455255119764018e+00 8.201705408757096194e+00 8.328691225010199872e+00 8.442353337430066773e+00 8.542686008086064930e+00 8.629740794875781162e+00 8.703611601516239915e+00 8.764438825066793726e+00 8.812395298916808173e+00 8.847691335923848044e+00 8.870561508581356946e+00 8.881270787897028285e+00 8.880101982085875534e+00 8.867363016996870684e+00 8.843374776844234120e+00 8.808479477833838445e+00 8.763028620773676280e+00 8.707392367037490644e+00 8.641947315379177041e+00 8.567086785959805439e+00 8.483208161109512702e+00 8.390724005475261649e+00 8.290048751415193706e+00 8.181610619466951562e+00 8.065837473821392933e+00 7.943169547984113343e+00 7.814044337238379434e+00 7.678910173298237218e+00 7.538210054392520121e+00 7.392396146371114085e+00 7.241912474872432171e+00 7.087210457432264299e+00 6.928730395673704301e+00 6.766918163718511181e+00 6.602205442058042273e+00 6.435027703172025326e+00 6.265803123815286035e+00 6.094952020889666144e+00 5.922874366535607393e+00 5.749970837838707105e+00 5.576618840399840238e+00 5.403195346255700748e+00 5.230051307229821589e+00 5.057536468324943080e+00 4.885972022405956849e+00 4.715677603081340763e+00 4.546941996909009021e+00 4.380052542300129303e+00 4.215263673668874667e+00 4.052828983264700646e+00 3.892967322031566813e+00 3.735897822036038818e+00 3.581803218942115841e+00 3.430868187105876377e+00 3.283239475068716828e+00 3.139067977828311928e+00 2.998465184596009525e+00 2.861549509396763114e+00 2.728398432230261683e+00 2.599099738953830840e+00 2.473698582216529829e+00 2.352254457986889591e+00 2.234782205283219803e+00 2.121315790732874351e+00 2.011841982392831074e+00 1.906372359884015433e+00 1.804868001989065274e+00 1.707321648642249112e+00 1.613671183022446165e+00 1.523894657282095944e+00 1.437909558541566435e+00 1.355684707055012428e+00 1.277121198006959890e+00 1.202187506589257771e+00 1.130776574072752672e+00 1.062875023780779804e+00 9.983893299756706474e-01 9.373698452850859342e-01 8.797982866727432905e-01 8.259099165615291227e-01 7.759372737983349921e-01 7.306297435090253201e-01 6.909590350620528065e-01 6.590842050973302335e-01 6.380341610834960875e-01 6.338240051971387734e-01 6.549021039640203767e-01 7.184083435759054392e-01
8.427672392064534668e-01 9.747217053220604832e-01 1.118328820548374791e+00 1.275747612951366738e+00 1.446514833487074991e+00 1.630737464545727766e+00 1.827818185701726827e+00 2.037304350631588434e+00 2.258376452184386540e+00 2.490234819334991911e+00 2.731841051200772696e+00 2.982138238134422803e+00 3.239906148484482440e+00 3.503904597147854183e+00 3.772788296051844625e+00 4.045208681292995045e+00 4.319762460092638534e+00 4.595067818420552008e+00 4.869732289946555603e+00 5.142411158689793815e+00 5.411785976988782387e+00 5.676609360663124271e+00 5.935688761161386218e+00 6.187920260377928194e+00 6.432274330345372881e+00 6.667820599173015950e+00 6.893713804968069958e+00 7.109211289616305329e+00 7.313658373642531352e+00 7.506500257859046954e+00 7.687266708812241944e+00 7.855579965831560152e+00 8.011138999093017077e+00 8.153724873069904788e+00 8.283184985018626989e+00 8.399437119771580029e+00 8.502454061773736527e+00 8.592267313813927387e+00 8.668952364619556761e+00 8.732632769431594610e+00 8.783466203036988773e+00 8.821649345230749617e+00 8.847404698083536800e+00 8.860986507624792452e+00 8.862668200926275830e+00 8.852749418745800014e+00 8.831543845246693891e+00 8.799387326279552113e+00 8.756625823574925249e+00 8.703624543398593261e+00 8.640755741714567506e+00 8.568408777234447271e+00 8.486977514458212468e+00 8.396871231341055619e+00 8.298501402607522337e+00 8.192293423933838525e+00 8.078672599027465040e+00 7.958076680131974001e+00 7.830940921824803169e+00 7.697711475279953142e+00 7.558829404793454998e+00 7.414745006700219854e+00 7.265900708744241321e+00 7.112746412135730445e+00 6.955721208206377071e+00 6.795269863707655844e+00 6.631823294027034521e+00 6.465816328400181057e+00 6.297666875213881355e+00 6.127795116841362244e+00 5.956601291315613445e+00 5.784486477757597278e+00 5.611828900962119171e+00 5.439006479695016161e+00 5.266371537195084329e+00 5.094275297777173250e+00 4.923040857212633625e+00 4.752989829898567997e+00 4.584413398344129753e+00 4.417601335540614294e+00 4.252810911595894083e+00 4.090298545974741629e+00 3.930286300263929444e+00 3.772996455178264430e+00 3.618615259241004356e+00 3.467330779106846617e+00 3.319293501229569454e+00 3.174657875497517434e+00 3.033539275800124280e+00 2.896059752311443525e+00 2.762300740065094740e+00 2.632353663314169534e+00 2.506267628205373743e+00 2.384105696783416217e+00 2.265886594911326490e+00 2.151647714439515635e+00 2.041379587142322816e+00 1.935097015440773838e+00 1.832764672256669281e+00 1.734378263170599510e+00 1.639879059841697462e+00 1.549247772405534906e+00 1.462405042129813593e+00 1.379321983316537992e+00 1.299902575478270705e+00 1.224117129178089680e+00 1.151861107562387021e+00 1.083122276989210375e+00 1.017808963692611313e+00 9.559713072065060269e-01 8.975912311360010332e-01 8.429005395027170389e-01 7.921274831095440616e-01 7.460095868209700720e-01 7.055020872201074322e-01 6.727304199106640681e-01 6.506756731734677501e-01 6.452645632401342590e-01 6.648236372967252228e-01 7.262649885120646687e-01
8.481532708709509372e-01 9.771592486068162442e-01 1.117649379003876398e+00 1.271769789706008069e+00 1.439078806467279703e+00 1.619701382204326467e+00 1.813069546223984529e+00 2.018760809146401325e+00 2.235992182172878984e+00 2.464001579555694654e+00 2.701791596686588193e+00 2.948346302338804126e+00 3.202487348762736108e+00 3.463014835204842878e+00 3.728622436715776978e+00 3.997997351076131967e+00 4.269768901364161984e+00 4.542583393117097579e+00 4.815072062966981647e+00 5.085908618743200549e+00 5.353787991914943589e+00 5.617470710242341347e+00 5.875767102692838861e+00 6.127571038677689153e+00 6.371846298437363387e+00 6.607651553793182586e+00 6.834127050063862008e+00 7.050512477310721948e+00 7.256133112658420536e+00 7.450412158406855667e+00 7.632856159026257359e+00 7.803063317352096462e+00 7.960708389319233191e+00 8.105548368540777204e+00 8.237407231243176753e+00 8.356180191536441981e+00 8.461818678895220103e+00 8.554334129513385676e+00 8.633783488331818745e+00 8.700273246569281582e+00 8.753945622491697165e+00 8.794983312259244457e+00 8.823596359724701799e+00 8.840027880730451315e+00 8.844541509859020323e+00 8.837428200652189147e+00 8.818994050712850807e+00 8.789568175392776794e+00 8.749490665263873979e+00 8.699121474193425740e+00 8.638828250621910954e+00 8.568996163337773808e+00 8.490015361666348070e+00 8.402291672455413973e+00 8.306233474327605393e+00 8.202263226512082284e+00 8.090803579592963146e+00 7.972289731765910048e+00 7.847154635742326967e+00 7.715842214095705920e+00 7.578791554127580099e+00 7.436451046994189795e+00 7.289261486508124221e+00 7.137671224637053058e+00 6.982118105217967496e+00 6.823045750762866568e+00 6.660884267900611277e+00 6.496067797880232142e+00 6.329013927913037740e+00 6.160142651657194435e+00 5.989854410464859669e+00 5.818550622109659898e+00 5.646610259170803836e+00 5.474412116093543723e+00 5.302309809244441396e+00 5.130655965863246237e+00 4.959775502006710468e+00 4.789991933867975504e+00 4.621598755729598551e+00 4.454888096391455221e+00 4.290119978663237355e+00 4.127553573370644990e+00 3.967414073457248946e+00 3.809926837761613339e+00 3.655281554258768661e+00 3.503669618741865222e+00 3.355245189800047712e+00 3.210166218023058349e+00 3.068551905128305890e+00 2.930527893384612614e+00 2.796179525771285146e+00 2.665601831750567641e+00 2.538847834028128414e+00 2.415984138737953479e+00 2.297033331766231701e+00 2.182036219374135833e+00 2.070987079928697572e+00 1.963903938683066563e+00 1.860755054492806870e+00 1.761539108883755977e+00 1.666200761600984848e+00 1.574723400587564104e+00 1.487030827297779023e+00 1.403096478742205555e+00 1.322827229884445455e+00 1.246195264301399153e+00 1.173098583188746158e+00 1.103526146323661861e+00 1.037388159069307925e+00 9.747346272805420542e-01 9.155477456870239061e-01 8.600560227412600289e-01 8.084836091592592089e-01 7.615565738306679933e-01 7.202142320810177578e-01 6.865494550273860686e-01 6.634970108537198152e-01 6.568979016198625009e-01 6.749604892732705697e-01 7.343755572730638059e-01
8.538460669896570376e-01 9.799673983946532996e-01 1.117409201512615802e+00 1.268304364375106186e+00 1.432231427035627114e+00 1.609331973630064638e+00 1.799065694314496922e+00 2.001038538956392721e+00 2.214502182071937053e+00 2.438730314685233935e+00 2.672764744177450247e+00 2.915628886990249136e+00 3.166184809086638019e+00 3.423271676334797231e+00 3.685621170271152547e+00 3.951955612007814977e+00 4.220936615895220179e+00 4.491238619931652742e+00 4.761516890566340976e+00 5.030464194370976472e+00 5.296789743454780819e+00 5.559263117362048590e+00 5.816698847071918088e+00 6.067990057548623639e+00 6.312095391141260947e+00 6.548064159098432313e+00 6.775023698064718936e+00 6.992197580312965677e+00 7.198892480860537901e+00 7.394510924963719312e+00 7.578537408415825460e+00 7.750547109815204117e+00 7.910191408786893419e+00 8.057203892254484856e+00 8.191385605805571402e+00 8.312609521059254547e+00 8.420805888196110089e+00 8.515966118832368537e+00 8.598128537534265092e+00 8.667382398487561090e+00 8.723854210573426471e+00 8.767712375625889010e+00 8.799154125748463784e+00 8.818411069634663590e+00 8.825736660397607736e+00 8.821412778814382349e+00 8.805737560750063864e+00 8.779033037399324613e+00 8.741633098504181021e+00 8.693892147100891421e+00 8.636172955515432292e+00 8.568856268073574256e+00 8.492328314091880159e+00 8.406991296377793077e+00 8.313250350104432584e+00 8.211524877465995687e+00 8.102234774681075891e+00 7.985812604983087759e+00 7.862688950791222098e+00 7.733305451540102737e+00 7.598099169067007885e+00 7.457516549154993513e+00 7.311996712204344995e+00 7.161986425388556121e+00 7.007922246192996418e+00 6.850246615015302076e+00 6.689388785876273502e+00 6.525782167546156920e+00 6.359843974125181099e+00 6.191993957479853705e+00 6.022632701260319799e+00 5.852161900112076154e+00 5.680961204882123639e+00 5.509410216430068452e+00 5.337863767922326197e+00 5.166675814863673111e+00 4.996173012797360258e+00 4.826680702218173025e+00 4.658494606550179107e+00 4.491909132788345360e+00 4.327186974639372075e+00 4.164589979192871105e+00 4.004346392254056752e+00 3.846684580596487102e+00 3.691797598631718191e+00 3.539880108053888197e+00 3.391089873827237700e+00 3.245588292593015289e+00 3.103498336728868434e+00 2.964949195743646015e+00 2.830030072875033831e+00 2.698839568519378229e+00 2.571434584182122673e+00 2.447885246778596979e+00 2.328217974418055114e+00 2.212476975462180029e+00 2.100660256674076631e+00 1.992789064549450373e+00 1.888835234571740740e+00 1.788800432815617958e+00 1.692632705655260805e+00 1.600318136943511993e+00 1.511783693407743545e+00 1.427005161723425397e+00 1.345892322663223784e+00 1.268419268800702104e+00 1.194486555030054742e+00 1.124084383235056883e+00 1.057124864636121764e+00 9.936579485330857553e-01 9.336661639534649115e-01 8.773748815318981320e-01 8.250043340045806195e-01 7.772695237641145116e-01 7.350943752032539358e-01 7.005402084070306845e-01 6.764969075915567842e-01 6.687223186357215132e-01 6.853100972344757791e-01 7.427359284539581941e-01
8.598393481829276208e-01 9.831372916120920680e-01 1.117596682417218545e+00 1.265336880166240574e+00 1.425955372864885717e+00 1.599609129540918273e+00 1.785783917070604243e+00 1.984112507711767392e+00 2.193879483291363286e+00 2.414392590628647195e+00 2.644731140069000563e+00 2.883956321494236974e+00 3.130969181414840818e+00 3.384646748557758933e+00 3.643757745804777848e+00 3.907058947532955351e+00 4.173243882241657765e+00 4.441015061598696079e+00 4.709052021824808421e+00 4.976067124386228890e+00 5.240784657648184464e+00 5.501984283786647723e+00 5.758485952891876813e+00 6.009183411436157307e+00 6.253031624839874958e+00 6.489072058353239747e+00 6.716420657133232552e+00 6.934286358183287646e+00 7.141958640425619009e+00 7.338820654215235884e+00 7.524336016097960211e+00 7.698057902602067237e+00 7.859615177154239518e+00 8.008718716404397142e+00 8.145147165896164054e+00 8.268751628725796721e+00 8.379441400613597324e+00 8.477187960979659209e+00 8.562010987253993122e+00 8.633982371152031376e+00 8.693212703461208335e+00 8.739855820641114548e+00 8.774095824110771602e+00 8.796152467512376560e+00 8.806268657055959181e+00 8.804716833233708684e+00 8.791786807944632187e+00 8.767793182752255277e+00 8.733063321001562684e+00 8.687945776955652732e+00 8.632798175888327208e+00 8.567996598417739307e+00 8.493923142704700169e+00 8.410976207056100051e+00 8.319557527759831927e+00 8.220083320993150977e+00 8.112970619191946398e+00 7.998649261858339798e+00 7.877547385556405324e+00 7.750104285583123698e+00 7.616754944349314549e+00 7.477943817386547565e+00 7.334108308543412669e+00 7.185693561767531712e+00 7.033134807407975586e+00 6.876873264591597312e+00 6.717337290405889227e+00 6.554959516637666184e+00 6.390156732958598873e+00 6.223348397252818742e+00 6.054935175791666957e+00 5.885318979740651102e+00 5.714880070435453874e+00 5.543998787549853979e+00 5.373031106577240479e+00 5.202332238284113508e+00 5.032230498663627039e+00 4.863052976486771151e+00 4.695097543209785229e+00 4.528660807570974889e+00 4.364008053560653799e+00 4.201403730220867772e+00 4.041079058538149305e+00 3.883265343413224269e+00 3.728158933107604600e+00 3.575957691957692752e+00 3.426822925602458270e+00 3.280919421685894566e+00 3.138373865805777818e+00 2.999318949119469835e+00 2.863847686880388377e+00 2.732062215118173931e+00 2.604023275597785236e+00 2.479804491446665704e+00 2.359436084251672838e+00 2.242965650722243520e+00 2.130394906774331520e+00 2.021748316985553462e+00 1.917001283077156781e+00 1.816158462626215053e+00 1.719171286122695097e+00 1.626028549749304331e+00 1.536660389634241231e+00 1.451044967403458896e+00 1.369094979210259133e+00 1.290786460973686545e+00 1.216022536369289808e+00 1.144794696395939670e+00 1.077016984368357910e+00 1.012739367895049813e+00 9.519447721234982618e-01 8.948555826907091948e-01 8.416882907814302595e-01 7.931472076159157281e-01 7.501413767836955238e-01 7.147015399482483655e-01 6.896740739338762527e-01 6.807361189696811143e-01 6.958699570422107739e-01 7.513421292302766563e-01
8.661271013007754149e-01 9.866604724605632093e-01 1.118200768273638346e+00 1.262853576712115400e+00 1.420234154596232257e+00 1.590513695876385025e+00 1.773202557921723654e+00 1.967958813297612020e+00 2.174098288898792308e+00 2.390961150030064264e+00 2.617662573856182284e+00 2.853300005428545116e+00 3.096812076868835195e+00 3.347112492998531863e+00 3.603006049047555504e+00 3.863283276958590751e+00 4.126669196865723421e+00 4.391894271511207926e+00 4.657662468113464627e+00 4.922706188487833145e+00 5.185765494552071253e+00 5.445631059706026456e+00 5.701129368459127988e+00 5.951156056937238148e+00 6.194663784455218369e+00 6.430687604997349816e+00 6.658333522318165443e+00 6.876797267631636679e+00 7.085352491787041629e+00 7.283364249384451483e+00 7.470276438788340023e+00 7.645621261682941316e+00 7.809005942525476307e+00 7.960119371324636539e+00 8.098718359587076421e+00 8.224632557218146900e+00 8.337750575643330109e+00 8.438024101652112918e+00 8.525454186113176291e+00 8.600095278626845641e+00 8.662041886232492161e+00 8.711433048148279568e+00 8.748439450868696454e+00 8.773268674722544347e+00 8.786152738092017245e+00 8.787354292947478385e+00 8.777154479388949326e+00 8.755860133617231256e+00 8.723791772702448100e+00 8.681291806237089403e+00 8.628712440620635249e+00 8.566424850151312498e+00 8.494806785551910266e+00 8.414252653650455827e+00 8.325160629151039160e+00 8.227943605490290579e+00 8.123015634207666480e+00 8.010803734778276564e+00 7.891733515395871201e+00 7.766241859831010785e+00 7.634761611578965379e+00 7.497735186249392392e+00 7.355598224166358001e+00 7.208794204527667837e+00 7.057756987587215036e+00 6.902926530508742609e+00 6.744730248380897741e+00 6.583599951238200632e+00 6.419951953378189913e+00 6.254205367177163133e+00 6.086760882988357935e+00 5.918020569399415898e+00 5.748365232034458927e+00 5.578175883321155659e+00 5.407809568352166529e+00 5.237622681731485486e+00 5.067945122562059979e+00 4.899105653298416740e+00 4.731404213812984594e+00 4.565139539294629678e+00 4.400579424594541322e+00 4.237990847203922939e+00 4.077607926444906994e+00 3.919664835959157489e+00 3.764361145733629677e+00 3.611897859519332954e+00 3.462439758030563031e+00 3.316154964525348969e+00 3.173173820153095015e+00 3.033632471452863744e+00 2.897627696939048647e+00 2.765265132009034232e+00 2.636609319405568197e+00 2.511737352696144843e+00 2.390683227288190604e+00 2.273497913098157852e+00 2.160186814931405852e+00 2.050777610765521786e+00 1.945249257103097706e+00 1.843609408371728264e+00 1.745812875615339488e+00 1.651851182123568185e+00 1.561657636590713993e+00 1.475212799241135464e+00 1.392432290375431592e+00 1.313294121998366482e+00 1.237704001045728752e+00 1.165654752979361719e+00 1.097062378898881141e+00 1.031976937355749691e+00 9.703818100539313152e-01 9.124965456672597952e-01 8.585340647457679886e-01 8.091883491287342745e-01 7.653540524856519145e-01 7.290322719304151988e-01 7.030271970998086539e-01 6.929376115330948549e-01 7.066376176833624179e-01 7.601903241831019509e-01
8.727035607959076069e-01 9.905288649176228200e-01 1.119210921553596361e+00 1.260841345465976593e+00 1.415052063978102792e+00 1.582027416234969008e+00 1.761300955397848478e+00 1.952554621336812790e+00 2.155133912520306172e+00 2.368409855340578574e+00 2.591531928090959891e+00 2.823632367900782647e+00 3.063686036639485799e+00 3.310642147996754048e+00 3.563340600748766462e+00 3.820604968492526510e+00 4.081191301556375883e+00 4.343857834573443100e+00 4.607333055822191881e+00 4.870369769789245851e+00 5.131724418099180340e+00 5.390199518194335404e+00 5.644629108010841279e+00 5.893911887970400443e+00 6.136999494937170674e+00 6.372921928110412360e+00 6.600776633039996177e+00 6.819747510524693190e+00 7.029093711158513891e+00 7.228163446771418421e+00 7.416382046342554268e+00 7.593261764591034080e+00 7.758389076673450013e+00 7.911431632088826049e+00 8.052125005163839333e+00 8.180277845081224797e+00 8.295758390705863405e+00 8.398498719753774822e+00 8.488481321875587682e+00 8.565743168791435380e+00 8.630362559920795817e+00 8.682463543893684133e+00 8.722203142621072658e+00 8.749776474862427378e+00 8.765404355511654089e+00 8.769339320127382820e+00 8.761853504850966701e+00 8.743245655947401218e+00 8.713829131495288038e+00 8.673939904033222348e+00 8.623924489785217418e+00 8.564148912056575469e+00 8.494986353883374974e+00 8.416827038137578043e+00 8.330065408828714268e+00 8.235110892876361888e+00 8.132374436636430559e+00 8.022280136111636040e+00 7.905250981893273909e+00 7.781721372567310446e+00 7.652121947710950778e+00 7.516893028484958883e+00 7.376468440747001587e+00 7.231289954150454058e+00 7.081790013503122871e+00 6.928407271545828472e+00 6.771568155315997650e+00 6.611703607823968376e+00 6.449229417182280599e+00 6.284564299183517555e+00 6.118108910656395949e+00 5.950265419591159954e+00 5.781415111118232808e+00 5.611939605769648232e+00 5.442196947140238272e+00 5.272544643743020565e+00 5.103314102075522385e+00 4.934835685073326594e+00 4.767411322867475931e+00 4.601341802954707738e+00 4.436897352809118011e+00 4.274347405693161406e+00 4.113928903269012061e+00 3.955878818990724355e+00 3.800399872938320822e+00 3.647696145129506906e+00 3.497935825894198825e+00 3.351290318431830340e+00 3.207893561589088005e+00 3.067885110403922866e+00 2.931365457427304033e+00 2.798443700253516742e+00 2.669188142619374204e+00 2.543679321614803257e+00 2.421954975933417575e+00 2.304069432223571745e+00 2.190031762923725811e+00 2.079872853257200394e+00 1.973575202004135942e+00 1.871149464229352466e+00 1.772553826929960108e+00 1.677782553675176258e+00 1.586772127926658005e+00 1.499505530549930743e+00 1.415901313939057493e+00 1.335939497341340099e+00 1.259528384794239786e+00 1.186662179928604566e+00 1.117258866723382482e+00 1.051368665109496670e+00 9.889754723700704409e-01 9.302961436049315136e-01 8.755401942972108609e-01 8.253916257493637554e-01 7.807311742415341538e-01 7.435311894428844326e-01 7.165549406066645810e-01 7.053251074605497717e-01 7.176106762519480764e-01 7.692768049358255089e-01
8.795631914681295571e-01 9.947347472659494594e-01 1.120617087000673751e+00 1.259287688305472663e+00 1.410394125648007035e+00 1.574132878227327170e+00 1.750059385889662034e+00 1.937878106542182843e+00 2.136962720721386155e+00 2.346713634779584723e+00 2.566313130452502200e+00 2.794926828081890857e+00 3.031564503028031599e+00 3.275209732263812956e+00 3.524736553026479591e+00 3.779000849266998419e+00 4.036789206980678557e+00 4.296887403516749693e+00 4.558048474105113712e+00 4.819045912163661072e+00 5.078653060822879262e+00 5.335685024826235967e+00 5.588984323599987647e+00 5.837453807306673070e+00 6.080045289945173792e+00 6.315784995990596506e+00 6.543763129647949484e+00 6.763153081907131714e+00 6.973200788953465512e+00 7.173238843968677614e+00 7.362675139621185139e+00 7.541003008214492098e+00 7.707789073409859526e+00 7.862680508419676251e+00 8.005392273772770295e+00 8.135712503466308476e+00 8.253489413429019095e+00 8.358635696671925075e+00 8.451115389120264609e+00 8.530947990711091222e+00 8.598195509736376252e+00 8.652966848574722647e+00 8.695405149168758285e+00 8.725692810625298890e+00 8.744039154514030798e+00 8.750686293319340336e+00 8.745897043850671793e+00 8.729961750296535428e+00 8.703186307544031663e+00 8.665899963588158172e+00 8.618443275039112450e+00 8.561176868742599311e+00 8.494469136984552193e+00 8.418705921725361918e+00 8.334277761625115133e+00 8.241590466975230456e+00 8.141051748048976577e+00 8.033082667202108951e+00 7.918103501756649010e+00 7.796546085353750044e+00 7.668838783196025410e+00 7.535419762589722126e+00 7.396720979918684158e+00 7.253182447081926831e+00 7.105235145509762873e+00 6.953316379084931498e+00 6.797851539527329123e+00 6.639270656823483385e+00 6.477988941998192196e+00 6.314424663424606621e+00 6.148978387532612722e+00 5.982052324598679860e+00 5.814028175733794157e+00 5.645288106203146583e+00 5.476191088518971739e+00 5.307095676581859323e+00 5.138334710116956749e+00 4.970240080679900530e+00 4.803115631920892525e+00 4.637264130636980397e+00 4.472958159861108562e+00 4.310469536786153633e+00 4.150037950280331067e+00 3.991903105170536481e+00 3.836270800516509372e+00 3.683348129579250951e+00 3.533306627020702972e+00 3.386320920078122132e+00 3.242528487296322925e+00 3.102072244770251341e+00 2.965056349435167604e+00 2.831593323063712475e+00 2.701755189740405516e+00 2.575625902070366013e+00 2.453246910656341484e+00 2.334675881121684782e+00 2.219925531316940148e+00 2.109029946132883637e+00 2.001975153096450466e+00 1.898774810178253336e+00 1.799390474700110154e+00 1.703819162117085728e+00 1.612000531895902089e+00 1.523920006012907891e+00 1.439499076068335714e+00 1.358719798150398006e+00 1.281493086572505602e+00 1.207814565217755876e+00 1.137604225398483049e+00 1.070912516695806005e+00 1.007723909558084108e+00 9.482527043908670628e-01 8.927051719874706803e-01 8.417556695648783505e-01 7.962714710347669200e-01 7.581970408063265499e-01 7.302559439309898037e-01 7.178969182438659224e-01 7.287867732831301293e-01 7.785979805384111163e-01
8.867006724667779727e-01 9.992707284803491463e-01 1.122409660418550503e+00 1.258180679081014830e+00 1.406246052264716218e+00 1.566813463441404153e+00 1.739459010105619763e+00 1.923908397653136593e+00 2.119562078653939086e+00 2.325848431043552100e+00 2.541981107865703304e+00 2.767157756941849733e+00 3.000421790740306349e+00 3.240790027293638076e+00 3.487169683978768919e+00 3.738448212693502359e+00 3.993442212753454346e+00 4.250964731083463732e+00 4.509793318041853460e+00 4.768722372773595453e+00 5.026542583764657124e+00 5.282082302698540843e+00 5.534193372814597112e+00 5.781783794539853361e+00 6.023806677712246760e+00 6.259285677751762478e+00 6.487305008877503276e+00 6.707028817804168597e+00 6.917691068821413047e+00 7.118609929446090945e+00 7.309176970362442738e+00 7.488867619097881345e+00 7.657229549817677672e+00 7.813890237660337412e+00 7.958544675180785788e+00 8.090960995900708497e+00 8.210967776750273117e+00 8.318458588069168158e+00 8.413379159053214096e+00 8.495731563718525337e+00 8.565561474546106169e+00 8.622962528693243200e+00 8.668063806543466754e+00 8.701034759623787807e+00 8.722072952545818936e+00 8.731409789990125958e+00 8.729298471800658987e+00 8.716020641514411693e+00 8.691874436381281654e+00 8.657182098541936099e+00 8.612277958689309898e+00 8.557517002169765519e+00 8.493262605767533557e+00 8.419896030111775787e+00 8.337803729191728408e+00 8.247387740964969183e+00 8.149052402704311859e+00 8.043215626673356766e+00 7.930294875147776423e+00 7.810719331172559343e+00 7.684915009767798288e+00 7.553317860119982186e+00 7.416357910007590704e+00 7.274473361839280727e+00 7.128093682997065805e+00 6.977654781911906134e+00 6.823580966299068962e+00 6.666301306184828412e+00 6.506230384296831204e+00 6.343785970791596895e+00 6.179368485362068952e+00 6.013380124184465103e+00 5.846202941919259821e+00 5.678219586337343472e+00 5.509789890674503532e+00 5.341273387011305829e+00 5.173004275600458612e+00 5.005315906043875884e+00 4.838513960144109838e+00 4.672903112105459833e+00 4.508758224613797161e+00 4.346353427795053292e+00 4.185931083458109825e+00 4.027733559879002279e+00 3.871969664526178967e+00 3.718849441046096604e+00 3.568547703359017831e+00 3.421242246655487040e+00 3.277074031073743843e+00 3.136189285819362738e+00 2.998695782172440705e+00 2.864709427273625764e+00 2.734305924285151068e+00 2.607572612285101510e+00 2.484554621600445490e+00 2.365312937842518615e+00 2.249863901117040044e+00 2.138244787027478111e+00 2.030445137311195580e+00 1.926481613637834212e+00 1.826319137010421478e+00 1.729957484847249205e+00 1.637339492896623394e+00 1.548453043173897425e+00 1.463222572754302009e+00 1.381632202631646100e+00 1.303595469876225321e+00 1.229109459103276958e+00 1.158096192732837038e+00 1.090606416133503398e+00 1.026625229050515564e+00 9.663645116967448656e-01 9.100274455156186493e-01 8.582790682219429979e-01 8.119736296647208640e-01 7.730285379898806930e-01 7.441288222058929369e-01 7.306513539995961315e-01 7.401635884150048472e-01 7.881503685407357240e-01
8.941108824486583284e-01 1.004129726319148208e+00 1.124579459691088079e+00 1.257508927869493753e+00 1.402594202725005568e+00 1.560053300742567206e+00 1.729481822955772685e+00 1.910625525712396078e+00 2.102910298768860375e+00 2.305791152622019169e+00 2.518511742601122982e+00 2.740300440202143140e+00 2.970233058532891324e+00 3.207358559207192261e+00 3.450616390807992317e+00 3.698924823459634581e+00 3.951129924376648450e+00 4.206071698450197793e+00 4.462552127584022088e+00 4.719386670130791828e+00 4.975383731866799941e+00 5.229385493099879767e+00 5.480253882501654239e+00 5.726902970587052444e+00 5.968288204100451466e+00 6.203431802869245004e+00 6.431413178067047376e+00 6.651388442603878737e+00 6.862580787053730091e+00 7.064295113227342604e+00 7.255907762771228953e+00 7.436877265964677797e+00 7.606733250074550590e+00 7.765084280566052932e+00 7.911606046445939455e+00 8.046047220928207011e+00 8.168217156734009166e+00 8.277990598137014544e+00 8.375295151451291886e+00 8.460115548244964145e+00 8.532481117689382444e+00 8.592470148322032486e+00 8.640197510536324899e+00 8.675819510325325723e+00 8.699521718118205627e+00 8.711524568535153890e+00 8.712071365359696173e+00 8.701434767463004150e+00 8.679904870885582824e+00 8.647796637970573741e+00 8.605437911523097227e+00 8.553177791945239861e+00 8.491374415174714585e+00 8.420404257626071143e+00 8.340649505509848183e+00 8.252508263904793750e+00 8.156381354765512626e+00 8.052683418039007890e+00 7.941828993429364658e+00 7.824244522093651177e+00 7.700353587853336457e+00 7.570589852708371481e+00 7.435381352554726320e+00 7.295164424971117612e+00 7.150366969751960511e+00 7.001423450966122175e+00 6.848757042030753084e+00 6.692795804946060301e+00 6.533953642424692454e+00 6.372647775455235752e+00 6.209278421002128567e+00 6.044247705314411689e+00 5.877937975105095525e+00 5.710732299431267478e+00 5.542991305325749352e+00 5.375075437058300487e+00 5.207320184090678872e+00 5.040060284725157658e+00 4.873603184872246530e+00 4.708255395338814431e+00 4.544293983695365746e+00 4.381995322848227126e+00 4.221604374153051786e+00 4.063366101949325682e+00 3.907492252105454256e+00 3.754195755998224637e+00 3.603654641973576211e+00 3.456049816956688669e+00 3.311525664506416167e+00 3.170231678540333942e+00 3.032279194296331415e+00 2.897787464734985274e+00 2.766835830241109573e+00 2.639514986341861658e+00 2.515873710130559271e+00 2.395976287040070041e+00 2.279842655367843030e+00 2.167513271145628639e+00 2.058981174801572944e+00 1.954266031064474385e+00 1.853336116973993697e+00 1.756193980497270823e+00 1.662785632983588391e+00 1.573101433905322644e+00 1.487068771229474340e+00 1.404673857411221194e+00 1.325832864042342907e+00 1.250544375366535510e+00 1.178732467971208120e+00 1.110448247048928749e+00 1.045677496305492005e+00 9.846298060114018202e-01 9.275054187119214921e-01 8.749603658318187982e-01 8.278362954980337252e-01 7.880243570273232079e-01 7.581721659554157000e-01 7.435867218634693021e-01 7.517388363558462627e-01 7.979305867018940956e-01
9.017888857985157935e-01 1.009304946980991380e+00 1.127117697852752176e+00 1.257261547716230554e+00 1.399425543223060453e+00 1.553837222655798156e+00 1.720110606614265736e+00 1.898010375456455012e+00 2.086986592406491869e+00 2.286519627586688586e+00 2.495881830287656200e+00 2.714331042509684710e+00 2.940974281292576542e+00 3.174891580186667728e+00 3.415053681681514686e+00 3.660408920446885261e+00 3.909832267367325809e+00 4.162190340230976560e+00 4.416309422629184134e+00 4.671026128010605127e+00 4.925166885138272832e+00 5.177588212064467399e+00 5.427162808667752358e+00 5.672811658819886915e+00 5.913493512873357005e+00 6.148230218626610011e+00 6.376097508018554905e+00 6.596244615846042159e+00 6.807885112139937966e+00 7.010311758407710592e+00 7.202886736557576164e+00 7.385052674191952882e+00 7.556322051610565360e+00 7.716285319683685806e+00 7.864599543300095696e+00 8.000994497462606603e+00 8.125260752991126267e+00 8.237254556245179771e+00 8.336885608718029417e+00 8.424121418422814145e+00 8.498974999189577773e+00 8.561509241874905030e+00 8.611824690840727214e+00 8.650064338230777139e+00 8.676401549527421153e+00 8.691045549891086353e+00 8.694229487140004764e+00 8.686216766886202478e+00 8.667289172263870967e+00 8.637754120333038799e+00 8.597932709493445458e+00 8.548167914463194350e+00 8.488812405452330623e+00 8.420237670293992949e+00 8.342821441401502724e+00 8.256957726354540839e+00 8.163043684710267200e+00 8.061490556613982505e+00 7.952709846320112241e+00 7.837125156452426467e+00 7.715157553590445083e+00 7.587238338774339397e+00 7.453793488608957851e+00 7.315257416855048156e+00 7.172056399212091371e+00 7.024623404027333429e+00 6.873380418356113353e+00 6.718754446802386759e+00 6.561158659649809266e+00 6.401009677431117595e+00 6.238707458554896945e+00 6.074654003909470745e+00 5.909231891539175052e+00 5.742824551439695391e+00 5.575793338656760412e+00 5.408499544775300372e+00 5.241279878440302298e+00 5.074470398472403332e+00 4.908380242113429937e+00 4.743317687025333740e+00 4.579561932007493397e+00 4.417391523434864631e+00 4.257053949686180339e+00 4.098796704334317198e+00 3.942834402217555656e+00 3.789382800023910924e+00 3.638623075961781250e+00 3.490739192381959288e+00 3.345878898058438633e+00 3.204194902819635260e+00 3.065802055164951856e+00 2.930822913641253802e+00 2.799340413453580645e+00 2.671448575624532307e+00 2.547199790317764112e+00 2.426661621491482901e+00 2.309857580694675949e+00 2.196831292819406034e+00 2.087579280504847201e+00 1.982124209507639012e+00 1.880437704273638211e+00 1.782525090449368577e+00 1.688335553353009333e+00 1.597861945852838472e+00 1.511034611366387059e+00 1.427841878881657145e+00 1.348202565540261411e+00 1.272116792547210107e+00 1.199510712971557869e+00 1.130435853798351875e+00 1.064878735879958516e+00 1.003046785666136032e+00 9.451374525117927083e-01 8.917980638633475898e-01 8.438580732091693903e-01 8.031831384347672964e-01 7.723845408662948220e-01 7.567013245055274062e-01 7.635102631361661008e-01 8.079353452869886265e-01
9.097299198276469490e-01 1.014789866200962454e+00 1.130015958044735980e+00 1.257428123668057340e+00 1.396727610932347430e+00 1.548150724598739147e+00 1.711328886532674343e+00 1.886044639610586549e+00 2.071771024089331448e+00 2.268012559725372856e+00 2.474069039768350020e+00 2.689226572828932404e+00 2.912622222615576906e+00 3.143366049634279680e+00 3.380459166526573522e+00 3.622879217819736208e+00 3.869529498863546468e+00 4.119302866372143157e+00 4.371049734538980935e+00 4.623627915524589405e+00 4.875882105867372474e+00 5.126683603038694415e+00 5.374916492728651463e+00 5.619509442934023546e+00 5.859425403224942208e+00 6.093686845434926447e+00 6.321366884410262621e+00 6.541608978269970898e+00 6.753618184281863890e+00 6.956676213287820154e+00 7.150132131180209960e+00 7.333413641987682752e+00 7.506016973358287103e+00 7.667515260096135599e+00 7.817547634049388350e+00 7.955825552695942271e+00 8.082121271583087463e+00 8.196272895911331346e+00 8.298172472018686463e+00 8.387770436467404167e+00 8.465063549404447940e+00 8.530099287954621801e+00 8.582963785908088283e+00 8.623786582412922286e+00 8.652728653606558851e+00 8.669987798885964381e+00 8.675786769900074802e+00 8.670379466559440473e+00 8.654039100155975106e+00 8.627065286429564495e+00 8.589772129349686480e+00 8.542496240964661425e+00 8.485584602353346995e+00 8.419403507871512815e+00 8.344326048071533108e+00 8.260741965105303564e+00 8.169044604944117438e+00 8.069641675726606067e+00 7.962941528450420137e+00 7.849364825526225609e+00 7.729330025436539131e+00 7.603265989911897726e+00 7.471596564774084293e+00 7.334754177316272106e+00 7.193163419597277120e+00 7.047255710326887801e+00 6.897451796223200482e+00 6.744177573662538450e+00 6.587845427216664440e+00 6.428871325166589656e+00 6.267654911527974271e+00 6.104598006627325546e+00 5.940083359739610103e+00 5.774494702188087913e+00 5.608194052264184215e+00 5.441543485008373260e+00 5.274880859424076363e+00 5.108543487764247715e+00 4.942842127034507982e+00 4.778086753025583278e+00 4.614558623193143028e+00 4.452538388901269073e+00 4.292275993892828545e+00 4.134021394712951825e+00 3.977992006331179553e+00 3.824406348593115901e+00 3.673448685301436534e+00 3.525305977873694818e+00 3.380129282094244125e+00 3.238074474545842740e+00 3.099259866020889653e+00 2.963811279783607144e+00 2.831815202946837751e+00 2.703368950195731646e+00 2.578528490364826897e+00 2.457364643560377093e+00 2.339904468796026205e+00 2.226194747017995024e+00 2.116235465660497805e+00 2.010052288126422670e+00 1.907620176667791156e+00 1.808947240322217986e+00 1.713985835800441171e+00 1.622731323857110830e+00 1.535117007057060778e+00 1.451133354532880615e+00 1.370701839250993759e+00 1.293824155167524248e+00 1.220428553375106251e+00 1.150567042584652588e+00 1.084226932497353246e+00 1.021613607853457451e+00 9.629218659211431497e-01 9.087906220258289425e-01 8.600375275125893282e-01 8.185034876321419794e-01 7.867644875972014118e-01 7.699934587599657210e-01 7.754756426266150582e-01 8.181614399072315580e-01
9.179293828739220062e-01 1.020578211671593571e+00 1.133266170207255730e+00 1.257998683918091887e+00 1.394488480108961648e+00 1.542979926754043607e+00 1.703120890194665948e+00 1.874710775894617321e+00 2.057244468352767086e+00 2.250249486898586504e+00 2.453051874729570869e+00 2.664964851042213478e+00 2.885154407939917842e+00 3.112759615172191907e+00 3.346811046934049294e+00 3.586314904510564006e+00 3.830202216970399309e+00 4.077391681224623809e+00 4.326757634394486018e+00 4.577179083635195767e+00 4.827519182140403764e+00 5.076664385881202612e+00 5.323510714278588019e+00 5.566995221670015148e+00 5.806085884615685089e+00 6.039806730012617919e+00 6.267229257689981736e+00 6.487492196996715421e+00 6.699793154696953579e+00 6.903403843921685379e+00 7.097661231072633470e+00 7.281979058039632413e+00 7.455838185867710521e+00 7.618795232318859689e+00 7.770472095803646617e+00 7.910562512403708446e+00 8.038820910288928090e+00 8.155067636008773491e+00 8.259177359451335576e+00 8.351083628832411065e+00 8.430767044144884537e+00 8.498259684338115960e+00 8.553633218600749544e+00 8.597003622517608079e+00 8.628519324624191356e+00 8.648366505449009978e+00 8.656757300346589190e+00 8.653935867839109619e+00 8.640166601973541916e+00 8.615741071473237866e+00 8.580966143302765303e+00 8.536171834592559904e+00 8.481699216330943258e+00 8.417909184894355690e+00 8.345169999714869391e+00 8.263866967043224321e+00 8.174389464627978441e+00 8.077141532234220378e+00 7.972528245314557616e+00 7.860967219699904085e+00 7.742874210355977560e+00 7.618675556939334292e+00 7.488792898993811065e+00 7.353656611051233583e+00 7.213689538903804710e+00 7.069321495070080452e+00 6.920971929924632171e+00 6.769065579185554071e+00 6.614013987403802197e+00 6.456232418145535057e+00 6.296120145022118919e+00 6.134078752674779977e+00 5.970491101977895454e+00 5.805741166574176049e+00 5.640191564125270673e+00 5.474205090178063671e+00 5.308120686376744501e+00 5.142276852345094795e+00 4.976985894431887658e+00 4.812559418811119372e+00 4.649280670071854971e+00 4.487432336906876706e+00 4.327266747619617604e+00 4.169036256044070576e+00 4.012961009043233496e+00 3.859262227757766617e+00 3.708127197634147887e+00 3.559745822785360225e+00 3.414272407833240042e+00 3.271865946647717127e+00 3.132648161108900986e+00 2.996748097742423234e+00 2.864255752182767178e+00 2.735271700114501048e+00 2.609855453974514017e+00 2.488081066606264269e+00 2.369979117884796871e+00 2.255599530810755482e+00 2.144945739285643249e+00 2.038046399667337027e+00 1.934879801461666160e+00 1.835456841426153618e+00 1.739733044152003139e+00 1.647706291352835750e+00 1.559312847573480099e+00 1.474545344267794267e+00 1.393327919734108855e+00 1.315663874947123668e+00 1.241483579769174117e+00 1.170839582568312665e+00 1.103720032109879012e+00 1.040328389639796569e+00 9.808569369741472199e-01 9.259364591434366965e-01 8.763731838886883452e-01 8.339839753701406844e-01 8.013105216251920071e-01 7.834614143638740646e-01 7.876327733040227042e-01 8.286057448629141620e-01
9.263828232334504476e-01 1.026663946684710726e+00 1.136860589371970320e+00 1.258963672898848252e+00 1.392696730433147900e+00 1.538311538387222344e+00 1.695471508419188478e+00 1.863991966560052616e+00 2.043388568960145868e+00 2.233210741502375640e+00 2.432809637034110128e+00 2.641524475742849098e+00 2.858549098273428068e+00 3.083050593583715582e+00 3.314088105325524669e+00 3.550695642301589405e+00 3.791831368084003007e+00 4.036439400055015447e+00 4.283417758259498775e+00 4.531666598377830368e+00 4.780067667911634288e+00 5.027522902408663619e+00 5.272940740547596761e+00 5.515267260501920177e+00 5.753476228975872075e+00 5.986594096428150102e+00 6.213691691395496264e+00 6.433904009741602259e+00 6.646422224563936609e+00 6.850509066899001631e+00 7.045490391649377848e+00 7.230766920422600386e+00 7.405805023073233961e+00 7.570145597146255234e+00 7.723394012852126345e+00 7.865226893491251481e+00 7.995381346111559928e+00 8.113660364123559177e+00 8.219921546201877760e+00 8.314081764122510876e+00 8.396105581278614949e+00 8.466009724144946347e+00 8.523851372712522689e+00 8.569732856317406444e+00 8.603789923433232900e+00 8.626196965791791627e+00 8.637155302659945022e+00 8.636899132724826345e+00 8.625683801581015331e+00 8.603792596373825319e+00 8.571524912813071495e+00 8.529203946517434076e+00 8.477164640785026961e+00 8.415762290792576650e+00 8.345360135225538656e+00 8.266338872171358432e+00 8.179083753734586182e+00 8.083995011348175552e+00 7.981474318617815200e+00 7.871936134113470374e+00 7.755793409574705422e+00 7.633469875597127086e+00 7.505384886059482064e+00 7.371966692840925539e+00 7.233636329746802041e+00 7.090821943856149723e+00 6.943941631066286035e+00 6.793418912288363032e+00 6.639664436576738993e+00 6.483092709505931417e+00 6.324102577942865899e+00 6.163095335650104367e+00 6.000453895793556924e+00 5.836562415799075865e+00 5.671784049590662846e+00 5.506482251078358203e+00 5.340996977841121485e+00 5.175667851762324467e+00 5.010808659194772474e+00 4.846732569886718522e+00 4.683724745050142246e+00 4.522069843847589254e+00 4.362022509181654684e+00 4.203837427074220479e+00 4.047737408650587732e+00 3.893946314796881580e+00 3.742654388990414915e+00 3.594054421689926393e+00 3.448303908242687399e+00 3.305564910070017515e+00 3.165962508731585245e+00 3.029628932017730314e+00 2.896657640260025701e+00 2.767152436696589834e+00 2.641176341662994531e+00 2.518806616342045501e+00 2.400077334080853664e+00 2.285041544785011869e+00 2.173706109608788406e+00 2.066102671904213928e+00 1.962212836944378980e+00 1.862050292188160983e+00 1.765573725669213001e+00 1.672783551745181230e+00 1.583618998909128051e+00 1.498074881702389005e+00 1.416078012482365089e+00 1.337633332008453690e+00 1.262673348842764609e+00 1.191251206972585353e+00 1.123355942955524656e+00 1.059189208972682206e+00 9.989409036844406620e-01 9.432339540225446184e-01 8.928635293051220279e-01 8.496231381640867442e-01 8.160211331289768388e-01 7.971034727993364655e-01 7.999794752492950245e-01 8.392652069523203195e-01
9.350859288602302311e-01 1.033041254899450312e+00 1.140791775430750832e+00 1.260313926174718269e+00 1.391341417421361637e+00 1.534132824432348219e+00 1.688366259034701056e+00 1.853872080292256364e+00 2.030185700358440926e+00 2.216877412926762325e+00 2.413322391689677548e+00 2.618884793201289085e+00 2.832785264550097715e+00 3.054217951781785789e+00 3.282269693519866749e+00 3.516001562684245574e+00 3.754398252408887249e+00 3.996428863234731121e+00 4.241014829701950539e+00 4.487077371037767826e+00 4.733516919856079141e+00 4.979251158690651380e+00 5.223201372711922197e+00 5.464323240412401361e+00 5.701597020343475819e+00 5.934052395019767445e+00 6.160760408864410564e+00 6.380853267971533960e+00 6.593516683483797713e+00 6.798005382201709246e+00 6.993635065909229453e+00 7.179794356567847480e+00 7.355935995513853243e+00 7.521585952256299556e+00 7.676333777009689996e+00 7.819839598628431254e+00 7.951823724898692269e+00 8.072072221968255690e+00 8.180425946623598676e+00 8.276785332736956491e+00 8.361099058824063235e+00 8.433368573222660203e+00 8.493636570414901499e+00 8.541991677895373059e+00 8.578556856962279653e+00 8.603494563662305694e+00 8.616995121849651440e+00 8.619282569540684946e+00 8.610602987420945098e+00 8.591231158329172501e+00 8.561458781586910760e+00 8.521602011208962324e+00 8.471989449424867757e+00 8.412970589121025355e+00 8.344903459046442151e+00 8.268163975817394373e+00 8.183133106351350605e+00 8.090207130776772004e+00 7.989784191019928983e+00 7.882275473787176523e+00 7.768091023893208380e+00 7.647651871881994801e+00 7.521375002826688139e+00 7.389686472539223949e+00 7.253005434036227328e+00 7.111758306982357780e+00 6.966361772462295043e+00 6.817238080613855722e+00 6.664796928227970874e+00 6.509452008664066369e+00 6.351601685232237671e+00 6.191646905413376700e+00 6.029970575540199995e+00 5.866956978629456643e+00 5.702969742405023190e+00 5.538372917698024089e+00 5.373507412231481872e+00 5.208713905910809849e+00 5.044307596767277246e+00 4.880603152202899864e+00 4.717887580513804302e+00 4.556447445253214212e+00 4.396539634786733153e+00 4.238421102806187335e+00 4.082317257677077649e+00 3.928454538812490959e+00 3.777026084461945654e+00 3.628227515132872671e+00 3.482219458873392792e+00 3.339166994691229018e+00 3.199198512246823167e+00 3.062449378101975483e+00 2.929016473056676340e+00 2.799006793719925668e+00 2.672486832020658287e+00 2.549537032141445003e+00 2.430194932756388315e+00 2.314516694419874732e+00 2.202512585462990558e+00 2.094217229041049677e+00 1.989615533792588487e+00 1.888723979547115128e+00 1.791504412427753712e+00 1.697959789763769711e+00 1.608032305101563031e+00 1.521718975450305322e+00 1.438949295163874709e+00 1.359729876072429455e+00 1.283995384534617701e+00 1.211799614182829998e+00 1.143132536609974714e+00 1.078194105682734438e+00 1.017171964990428945e+00 9.606814463131873039e-01 9.095070129350749655e-01 8.654194787358476804e-01 8.308947869083918025e-01 8.109179062336077104e-01 8.125135873620734639e-01 8.501368397127004872e-01
9.440345177757476502e-01 1.039704526150122099e+00 1.145052574267859224e+00 1.262040646997836690e+00 1.390412044755586773e+00 1.530431574182591792e+00 1.681791252760795885e+00 1.844335636323559013e+00 2.017618931240049207e+00 2.201231311904638499e+00 2.394570933385382627e+00 2.597025867481008277e+00 2.807842562639473183e+00 3.026241287878127739e+00 3.251335720819360731e+00 3.482213262657528841e+00 3.717884527863972277e+00 3.957343148326009530e+00 4.199533679804362762e+00 4.443398285512667023e+00 4.687856131223484546e+00 4.931840864288240311e+00 5.174286989218364496e+00 5.414160303873931213e+00 5.650448202009857646e+00 5.882184349216739605e+00 6.108440838309517673e+00 6.328347978937928886e+00 6.541086947347177549e+00 6.745905405993366521e+00 6.942109831469982950e+00 7.129077644114837575e+00 7.306248804821674270e+00 7.473135140392551001e+00 7.629311089765017151e+00 7.774420912823488017e+00 7.908168652954109312e+00 8.030323892756543458e+00 8.140711098175920313e+00 8.239214528209785726e+00 8.325767154529765790e+00 8.400355248771708361e+00 8.463007050675454224e+00 8.513797456525198371e+00 8.552836558130721301e+00 8.580274751763827368e+00 8.596291207037150883e+00 8.601099618334828278e+00 8.594936600180769659e+00 8.578068220815966427e+00 8.550778267865450033e+00 8.513375640927467458e+00 8.466182392811333557e+00 8.409542015957930161e+00 8.343807141200713318e+00 8.269348730057286545e+00 8.186543303249887771e+00 8.095783044197716549e+00 7.997462430278754475e+00 7.891989258221917325e+00 7.779770558550828774e+00 7.661224567006739150e+00 7.536765813128194935e+00 7.406818079822577339e+00 7.271798567472515629e+00 7.132131903618742719e+00 6.988233291944063730e+00 6.840523653948698879e+00 6.689411675995076578e+00 6.535310183938443096e+00 6.378617000115442970e+00 6.219732669981747009e+00 6.059040033961695215e+00 5.896923442691199391e+00 5.733746935757313423e+00 5.569875100067396723e+00 5.405649728516428887e+00 5.241412495589753640e+00 5.077479943614901181e+00 4.914168172564687964e+00 4.751765969208411100e+00 4.590561736165304829e+00 4.430814538932740021e+00 4.272783534934251115e+00 4.116696663361568476e+00 3.962782881281808667e+00 3.811238158826337763e+00 3.662260890334577024e+00 3.516014778642618577e+00 3.372667870187204375e+00 3.232351811010574671e+00 3.095205063498293274e+00 2.961327884319094217e+00 2.830830428577747693e+00 2.703782622922344281e+00 2.580268068298155804e+00 2.460327739835629135e+00 2.344020891417293750e+00 2.231361177639377136e+00 2.122386193078541261e+00 2.017084136441267717e+00 1.915474280319647393e+00 1.817521622670321246e+00 1.723231672794294012e+00 1.632549589536021584e+00 1.545474610391667669e+00 1.461938918851580560e+00 1.381950827644193636e+00 1.305447179173607752e+00 1.232482468839833256e+00 1.163047649033349673e+00 1.097341082480754793e+00 1.035548281695342521e+00 9.782772373655850284e-01 9.263020468736300472e-01 8.813714664646515873e-01 8.459299223393103029e-01 8.249029765523218094e-01 8.252329647780536348e-01 8.612177180622717643e-01
9.532245291355202488e-01 1.046648343215216492e+00 1.149636100152491069e+00 1.264135384403040518e+00 1.389898538389457316e+00 1.527196071935785326e+00 1.675733161146322425e+00 1.835367770614252825e+00 2.005671990084907375e+00 2.186254936651443881e+00 2.376536754530300666e+00 2.575928451678044517e+00 2.783701309026605841e+00 2.999100812415458339e+00 3.221266641721058477e+00 3.449311799609848794e+00 3.682272212553846735e+00 3.919165580264855286e+00 4.158959264876337159e+00 4.400616223075573430e+00 4.643074362898958363e+00 4.885283468621764769e+00 5.126191586278894263e+00 5.364775098155634581e+00 5.600029121250832631e+00 5.830992000294960675e+00 6.056737656247663359e+00 6.276395346530632580e+00 6.489142595515351886e+00 6.694220903216693941e+00 6.890928417885947788e+00 7.078632232480612352e+00 7.256760359307094177e+00 7.424811258953476489e+00 7.582344966069941350e+00 7.728990501791217049e+00 7.864436190515912806e+00 7.988435590440713163e+00 8.100797147152306366e+00 8.201389230205107239e+00 8.290129306925811292e+00 8.366988599222585421e+00 8.431980948684373089e+00 8.485167516303274482e+00 8.526645466258875317e+00 8.556553033420902565e+00 8.575058094755467764e+00 8.582363836089539788e+00 8.578697220092569964e+00 8.564315403067460863e+00 8.539494056087391982e+00 8.504534619508234528e+00 8.459752394141878185e+00 8.405484677524361459e+00 8.342078516547053013e+00 8.269899744387007701e+00 8.189320273744845835e+00 8.100728044074028134e+00 8.004513732800672798e+00 7.901081625475161019e+00 7.790835627636740313e+00 7.674191081977360440e+00 7.551559972372103857e+00 7.423363728688420871e+00 7.290017523848741909e+00 7.151944125840542732e+00 7.009557196071057206e+00 6.863276267579866641e+00 6.713508956647487480e+00 6.560667165165644299e+00 6.405148116356788712e+00 6.247351897445691193e+00 6.087661223796358101e+00 5.926460455794037685e+00 5.764113983361733418e+00 5.600986869132863255e+00 5.437421726924526411e+00 5.273761163075920244e+00 5.110322997700236236e+00 4.947424699041901519e+00 4.785356764613524660e+00 4.624409371501202237e+00 4.464843694784089934e+00 4.306921032251922021e+00 4.150871788112654670e+00 3.996927376571021817e+00 3.845286537129161353e+00 3.696150381846762034e+00 3.549685630568564676e+00 3.406063246844675430e+00 3.265418081268606887e+00 3.127891648687496584e+00 2.993587536700007767e+00 2.862619023381811179e+00 2.735059432689234349e+00 2.610995495238595865e+00 2.490471593050441967e+00 2.373550054991669711e+00 2.260247900202086768e+00 2.150605685145116741e+00 2.044614884422185863e+00 1.942297562537025124e+00 1.843621862133886236e+00 1.748595852187887489e+00 1.657167656230051911e+00 1.569338748926195626e+00 1.485044009239932405e+00 1.404293479188738925e+00 1.327026194611232723e+00 1.253297402926968562e+00 1.183099081611849179e+00 1.116628105950106420e+00 1.054067977402578959e+00 9.960195910825958565e-01 9.432470068532703422e-01 8.974775378474726395e-01 8.611249533631673003e-01 8.390569344808530561e-01 8.381354764760553522e-01 8.725049733147732800e-01
9.626520149040528329e-01 1.053867469475588292e+00 1.154535719297551610e+00 1.266590012728232795e+00 1.389791222302459328e+00 1.524415069457358607e+00 1.670179186424709750e+00 1.826954203968752077e+00 1.994329232565231758e+00 2.171931440700996863e+00 2.359202014729921082e+00 2.555573960256056765e+00 2.760342457174174147e+00 2.972777329815523562e+00 3.192043443346139320e+00 3.417278685413774664e+00 3.647543685965398019e+00 3.881879739823755227e+00 4.119276682065628137e+00 4.358718084738445242e+00 4.599160571863611935e+00 4.839570194644536194e+00 5.078908815686817846e+00 5.316163816074499060e+00 5.550338571723973935e+00 5.780476750106908312e+00 6.005654829280548945e+00 6.225001810911233058e+00 6.437692407236856873e+00 6.642962819890302129e+00 6.840103734114874712e+00 7.028472764996848809e+00 7.207486790481956618e+00 7.376631670829445930e+00 7.535453739616991164e+00 7.683567411975701589e+00 7.820645846980484706e+00 7.946427050713373852e+00 8.060703836123776611e+00 8.163328989120310908e+00 8.254204697826400761e+00 8.333287285369070929e+00 8.400576276315527835e+00 8.456119116578591388e+00 8.500000008034685806e+00 8.532344944566023770e+00 8.553310392347157176e+00 8.563088881827358279e+00 8.561897553951800077e+00 8.549984469121634234e+00 8.527616988003684284e+00 8.495088895509962157e+00 8.452708544341026808e+00 8.400806847078007067e+00 8.339725083302633735e+00 8.269823785676313932e+00 8.191470096866723338e+00 8.105047563829698376e+00 8.010942926606627879e+00 7.909556835714937506e+00 7.801289958044857364e+00 7.686554641780788621e+00 7.565760231815694681e+00 7.439325721690875248e+00 7.307664179146867944e+00 7.171196442505672231e+00 7.030334563731209130e+00 6.885496625578721108e+00 6.737089113032078025e+00 6.585522946299914970e+00 6.431194690518217350e+00 6.274503917901364858e+00 6.115833159405934971e+00 5.955566727285568795e+00 5.794069300569172576e+00 5.631706357660239526e+00 5.468821269674986496e+00 5.305757512716589019e+00 5.142834118971857826e+00 4.980369861385499419e+00 4.818656881315573237e+00 4.657987066409334354e+00 4.498623634532359361e+00 4.340829961037313112e+00 4.184838849935042404e+00 4.030884112415535014e+00 3.879167195228070852e+00 3.729891872167346190e+00 3.583227822460433032e+00 3.439348876328319538e+00 3.298393037000480810e+00 3.160504828046758696e+00 3.025791122748303419e+00 2.894368286018101255e+00 2.766313001204345756e+00 2.641715100689923990e+00 2.520622343153240852e+00 2.403100113119141845e+00 2.289168771765546673e+00 2.178871826793192579e+00 2.072204013670602585e+00 1.969190186753445371e+00 1.869801625351524388e+00 1.774048964548297080e+00 1.681883291099115718e+00 1.593308332210311651e+00 1.508261667848482146e+00 1.426755096296133285e+00 1.348729863345939917e+00 1.274242016851001358e+00 1.203284602194138575e+00 1.136053107534494622e+00 1.072729139446661817e+00 1.013906734768711626e+00 9.603402329592725106e-01 9.137360969694374724e-01 8.764782685100811488e-01 8.533780187892944236e-01 8.512190030626479720e-01 8.839957885403487703e-01
9.723131320938447342e-01 1.061356837396096653e+00 1.159745034498512073e+00 1.269396712456011267e+00 1.390080795784136125e+00 1.522077760133932145e+00 1.665117033157829773e+00 1.819081211963674560e+00 1.983575610702730918e+00 2.158244602347964669e+00 2.342549511638134074e+00 2.535944442447122249e+00 2.737747574573255793e+00 2.947252220087212660e+00 3.163647632668719289e+00 3.386095879849236656e+00 3.613681689034487832e+00 3.845469470521247324e+00 4.080471183048889117e+00 4.317690811402216333e+00 4.556103637236672554e+00 4.794692069990313499e+00 5.032432020100435111e+00 5.268322234307952101e+00 5.501374833615114923e+00 5.730639401831581381e+00 5.955195654234641367e+00 6.174173086895467399e+00 6.386744397234859427e+00 6.592141315009657276e+00 6.789647896015203798e+00 6.978613101478155833e+00 7.158443470374098894e+00 7.328613016338195507e+00 7.488655069460093294e+00 7.638170072092990814e+00 7.776816577753321802e+00 7.904317523674400547e+00 8.020450493021670013e+00 8.125053012245105677e+00 8.218012236255804126e+00 8.299269762753581858e+00 8.368810903639809951e+00 8.426669433217151450e+00 8.472916579089686095e+00 8.507666036111872998e+00 8.531062761533981131e+00 8.543288501691865378e+00 8.544550421935358742e+00 8.535087316518833234e+00 8.515158053319499487e+00 8.485048574796513421e+00 8.445060096518226089e+00 8.395516961134546818e+00 8.336754500877928464e+00 8.269127777439877036e+00 8.192999001875302056e+00 8.108747179403556160e+00 8.016754973724824040e+00 7.917419274256587869e+00 7.811137392972161031e+00 7.698318579178402565e+00 7.579369442506923349e+00 7.454706453903590102e+00 7.324740495416583563e+00 7.189890402965321670e+00 7.050566549619222911e+00 6.907185504001549070e+00 6.760152556967594428e+00 6.609877587987808667e+00 6.456756444213325175e+00 6.301188125393561990e+00 6.143554918425514266e+00 5.984241029432359582e+00 5.823611365508342352e+00 5.662031761167454214e+00 5.499846281735030651e+00 5.337399211544656907e+00 5.175010729869669923e+00 5.013000851453882412e+00 4.851663295383724872e+00 4.691291596620488669e+00 4.532150949746008628e+00 4.374506745421050447e+00 4.218594122832478810e+00 4.064649230371412791e+00 3.912876160303459638e+00 3.763481292317964577e+00 3.616637207568012435e+00 3.472520552405040206e+00 3.331272430719165012e+00 3.193040330723009745e+00 3.057934365853300029e+00 2.926073951157306396e+00 2.797539090983720111e+00 2.672422690805101197e+00 2.550775855088718735e+00 2.432667003747837509e+00 2.318119816735094041e+00 2.207180741261420387e+00 2.099847757800828330e+00 1.996148507326116261e+00 1.896057396929089478e+00 1.799587632996993536e+00 1.706693263203175492e+00 1.617380281378280937e+00 1.531588973212297811e+00 1.449332918836160333e+00 1.370555589639105731e+00 1.295313880516350435e+00 1.223601946122474304e+00 1.155613984521236093e+00 1.091529819820168612e+00 1.031936859976177789e+00 9.775800303457079510e-01 9.301455159845682941e-01 8.919882309546101062e-01 8.678644555766092950e-01 8.644814347231842833e-01 8.956873942486864859e-01
9.822041355277135732e-01 1.069111537770431219e+00 1.165257870773475091e+00 1.272547952281094075e+00 1.390758312139721342e+00 1.520173754700864244e+00 1.660534881549433628e+00 1.811735596573300633e+00 1.973396643675190631e+00 2.145178795612081135e+00 2.326562653124327529e+00 2.517022556687376955e+00 2.715898820484865972e+00 2.922507420831625957e+00 3.136061223615302040e+00 3.355745783458490283e+00 3.580669323213698796e+00 3.809918884130952588e+00 4.042528185968954801e+00 4.277521401966320802e+00 4.513892384069379204e+00 4.750639955753809929e+00 4.986754265934618680e+00 5.221245749382855905e+00 5.453135711618406489e+00 5.681480198794808700e+00 5.905362796675080794e+00 6.123914201064569518e+00 6.336305850412272456e+00 6.541765791970368227e+00 6.739572253767916798e+00 6.929066341098039317e+00 7.109645029498662616e+00 7.280771226119632900e+00 7.441965947841382878e+00 7.592816296064847315e+00 7.732966782611098822e+00 7.862125768064814224e+00 7.980056021781803288e+00 8.086580151420603713e+00 8.181570543764795644e+00 8.264954265293717128e+00 8.336702541500585539e+00 8.396835540729490788e+00 8.445411526228458143e+00 8.482531856766120981e+00 8.508329902224714303e+00 8.522976514075260468e+00 8.526668744293834479e+00 8.519635964723542898e+00 8.502128379935312452e+00 8.474423912619132082e+00 8.436816459853595518e+00 8.389623615069785600e+00 8.333174587068420180e+00 8.267818798462300833e+00 8.193913368141883424e+00 8.111832610201687999e+00 8.021954972023277008e+00 7.924673454089103508e+00 7.820381894961771607e+00 7.709486338102352398e+00 7.592390558887202268e+00 7.469508416600859846e+00 7.341248524426437605e+00 7.208027640596479380e+00 7.070254387581350386e+00 6.928343753995654275e+00 6.782699772077756428e+00 6.633731220108933790e+00 6.481833166349330710e+00 6.327403979863213124e+00 6.170825643429808771e+00 6.012482198825021662e+00 5.852738720254848204e+00 5.691961338886145860e+00 5.530494751604595471e+00 5.368683989917709454e+00 5.206850315849332667e+00 5.045314923652375327e+00 4.884373044752488902e+00 4.724319798799107240e+00 4.565422291713412406e+00 4.407947867741101255e+00 4.252133937191588942e+00 4.098218926242311433e+00 3.946409511339809217e+00 3.796914622388108729e+00 3.649909685194590026e+00 3.505574111628915634e+00 3.364052054229407673e+00 3.225493921463929770e+00 3.090013021146027050e+00 2.957731781222383116e+00 2.828733488205261271e+00 2.703114091246706430e+00 2.580928009125800671e+00 2.462246675970208187e+00 2.347097066511877994e+00 2.235528554703675397e+00 2.127542349351100537e+00 2.023168873667503753e+00 1.922385652796916533e+00 1.825208468416265717e+00 1.731594325974186610e+00 1.641551498747127358e+00 1.555022982058899661e+00 1.472024162102042011e+00 1.392500750622327033e+00 1.316510534392562271e+00 1.244048817258313955e+00 1.175308601020017774e+00 1.110468036096831090e+00 1.050108123348621803e+00 9.949646699524715698e-01 9.467041356070136082e-01 9.076531786030239690e-01 8.825144576298123988e-01 8.779206693287179286e-01 9.075770643722284037e-01
9.923213710871081616e-01 1.077126809673953689e+00 1.171068261932138865e+00 1.276036472315941639e+00 1.391815158717510048e+00 1.518693058436180632e+00 1.656421362318139190e+00 1.804904659385959453e+00 1.963778390175920263e+00 2.132718962643841643e+00 2.311225430697292804e+00 2.498791546055887380e+00 2.694778924370742512e+00 2.898525409574409739e+00 3.109266724097160761e+00 3.326211229924930901e+00 3.548490048659455276e+00 3.775212364929337205e+00 4.005433285772356911e+00 4.238196929558244008e+00 4.472515605050318754e+00 4.707404573055072206e+00 4.941868373995075281e+00 5.174929411453155659e+00 5.405618570834787917e+00 5.632998861413816449e+00 5.856158327814831921e+00 6.074229527594108724e+00 6.286383355632210623e+00 6.491844929443506551e+00 6.689887419129268764e+00 6.879844845460907798e+00 7.061105375362444647e+00 7.233121534860504021e+00 7.395402709095071359e+00 7.547523287220408328e+00 7.689114305462772414e+00 7.819870046970522459e+00 7.939538894471053432e+00 8.047928892139546875e+00 8.144897941099490168e+00 8.230358790133056601e+00 8.304268725154233977e+00 8.366634395282117609e+00 8.417501130348149729e+00 8.456957936338039161e+00 8.485126536619954862e+00 8.502166794858386112e+00 8.508265527987168397e+00 8.503642543340275139e+00 8.488539223855514848e+00 8.463225305263669895e+00 8.427987192970894270e+00 8.383135558155037970e+00 8.328993314648306168e+00 8.265904080814275190e+00 8.194219724429800067e+00 8.114309719470318427e+00 8.026548156497188558e+00 7.931324017899755496e+00 7.829027548494130961e+00 7.720061476653473420e+00 7.604826642050718455e+00 7.483734200649539758e+00 7.357190411077822567e+00 7.225609876145959731e+00 7.089399393815933870e+00 6.948972304800308031e+00 6.804731316553102261e+00 6.657084044273754664e+00 6.506424715349072407e+00 6.353151009092826484e+00 6.197644543610620005e+00 6.040289137803517505e+00 5.881449972025876605e+00 5.721493414751097184e+00 5.560764732128510524e+00 5.399609642182055858e+00 5.238350425927644771e+00 5.077309395388533986e+00 4.916783229614245521e+00 4.757068570898197457e+00 4.598434371783156394e+00 4.441149868888594199e+00 4.285454680150778906e+00 4.131589450485980919e+00 3.979763379581749749e+00 3.830187892049710996e+00 3.683041201276708421e+00 3.538505433990181359e+00 3.396727739348003094e+00 3.257861401409313018e+00 3.122022876360072807e+00 2.989337567315438537e+00 2.859892003697215301e+00 2.733785148231155038e+00 2.611074701951279664e+00 2.491835091158683291e+00 2.376096560663035540e+00 2.263911397385535818e+00 2.155284020998444294e+00 2.050247631470142995e+00 1.948782861436850089e+00 1.850908070670444827e+00 1.756583218424550674e+00 1.665818869005302405e+00 1.578560730471622708e+00 1.494826017943121199e+00 1.414562697395860935e+00 1.337829490574768965e+00 1.264622889002406270e+00 1.195134788937112447e+00 1.129541772350936002e+00 1.068418647462519688e+00 1.012492389223802469e+00 9.634102656128324949e-01 9.234714242109897109e-01 8.973262238541853675e-01 8.915346106891386402e-01 9.196621125289827781e-01
1.002661269412070011e+00 1.085398031073926406e+00 1.177170438007298481e+00 1.279855268354056053e+00 1.393243038166094516e+00 1.517626049721636949e+00 1.652765533028076606e+00 1.798576176312323582e+00 1.954707422235704595e+00 2.120850587495736850e+00 2.296522394129667077e+00 2.481235214684644141e+00 2.674371165008769147e+00 2.875289186450102896e+00 3.083247123029722037e+00 3.297475478057976250e+00 3.517127681645563442e+00 3.741334572809473791e+00 3.969172263088585506e+00 4.199704556032244795e+00 4.431962080271673265e+00 4.664976527530452444e+00 4.897766947984346864e+00 5.129367955975690840e+00 5.358820370673723410e+00 5.585194622322879887e+00 5.807583759845796223e+00 6.025122822796601163e+00 6.236982838540800600e+00 6.442386711643409036e+00 6.640603292432105675e+00 6.830960261769733144e+00 7.012837711388317352e+00 7.185678495728996751e+00 7.348981039507050284e+00 7.502307643648595814e+00 7.645276435401528126e+00 7.777568124900623658e+00 7.898917144817065861e+00 8.009117344026728702e+00 8.108012436181173399e+00 8.195501083694150424e+00 8.271526798972416827e+00 8.336082818607042810e+00 8.389201590077458803e+00 8.430959769579217777e+00 8.461467393666351811e+00 8.480873262822704817e+00 8.489353853327608945e+00 8.487119280189252990e+00 8.474401958829332671e+00 8.451463281324853583e+00 8.418581996855110106e+00 8.376061688077570011e+00 8.324218807411206456e+00 8.263391007297833823e+00 8.193924747603851699e+00 8.116184514112699588e+00 8.030539900027850564e+00 7.937375739607570146e+00 7.837078562131409853e+00 7.730047669701343160e+00 7.616680862656980189e+00 7.497386499605737775e+00 7.372568396573753624e+00 7.242638920876546038e+00 7.108002969919499314e+00 6.969072166632368948e+00 6.826247825831612381e+00 6.679936336269292951e+00 6.530531021344901710e+00 6.378428810642979840e+00 6.224010896459887476e+00 6.067660815898458182e+00 5.909743794397482652e+00 5.750626378415699236e+00 5.590654341335494770e+00 5.430174027362214773e+00 5.269508673250162367e+00 5.108981647545284943e+00 4.948891012824293334e+00 4.789534872520976094e+00 4.631183961704944174e+00 4.474109348648219964e+00 4.318552795957866230e+00 4.164757108604098867e+00 4.012933948968445463e+00 3.863297181045763029e+00 3.716027748934209285e+00 3.571310443531448442e+00 3.429295358588848153e+00 3.290138608845534662e+00 3.153959752654404092e+00 3.020887130106097995e+00 2.891010473888137700e+00 2.764431729535051119e+00 2.641211847726514517e+00 2.521428224065821677e+00 2.405114348058057683e+00 2.292325404849009374e+00 2.183069006743993068e+00 2.077381123904417759e+00 1.975245485084762720e+00 1.876683029805337855e+00 1.781656666336442596e+00 1.690179260384946813e+00 1.602199235039140079e+00 1.517735655886141899e+00 1.436738756117856397e+00 1.359268233836882667e+00 1.285321805309009857e+00 1.215090348945003562e+00 1.148748980073140524e+00 1.086866521666737029e+00 1.030161392828462752e+00 9.802621853522291984e-01 9.394412555304924028e-01 9.122979387707293997e-01 9.053211669433579578e-01 9.319398885460794535e-01
1.013220340021335097e+00 1.093920710050590772e+00 1.183558813487940231e+00 1.283997577116996469e+00 1.395033950836978898e+00 1.516963459879272502e+00 1.649556855782837506e+00 1.792738373693421927e+00 1.946170800422590608e+00 2.109559671187138719e+00 2.282438627228788874e+00 2.464337905107487625e+00 2.654659350285863528e+00 2.852782257258164922e+00 3.057985877386041551e+00 3.269522203457092768e+00 3.486566391299725343e+00 3.708270445376688595e+00 3.933731091781272671e+00 4.162031544875536504e+00 4.392220595196334898e+00 4.623346331884936156e+00 4.854442401002911467e+00 5.084555833390210111e+00 5.312737696842433799e+00 5.538066259738773311e+00 5.759640079723059358e+00 5.976597258380834887e+00 6.188109593407784992e+00 6.393398457937932378e+00 6.591729089263574259e+00 6.782423545999265890e+00 6.964854556156459431e+00 7.138455995408164334e+00 7.302715988016603710e+00 7.457185364590105614e+00 7.601469908943337295e+00 7.735237266147063195e+00 7.858208363062157531e+00 7.970163232636938488e+00 8.070931713352052839e+00 8.160398628906886387e+00 8.238493902197220109e+00 8.305197482817149535e+00 8.360529006157836562e+00 8.404552800593888762e+00 8.437367193906069929e+00 8.459109865287770091e+00 8.469946860688526868e+00 8.470078489302760971e+00 8.459728065785268925e+00 8.439148492666873835e+00 8.408610707370355541e+00 8.368411044996662440e+00 8.318859335702702751e+00 8.260287108358886243e+00 8.193035260800005659e+00 8.117463143974552153e+00 8.033935713631244369e+00 7.942833525417849039e+00 7.844539270221943639e+00 7.739448711088652288e+00 7.627956503495072482e+00 7.510468112511481387e+00 7.387384821335424512e+00 7.259116679506568914e+00 7.126066605769058704e+00 6.988644433446836501e+00 6.847250015188614647e+00 6.702288448443694868e+00 6.554152088336312687e+00 6.403237053772671494e+00 6.249924049452336483e+00 6.094596271283521105e+00 5.937618928540969954e+00 5.779358686291208080e+00 5.620161763302778724e+00 5.460375069875578191e+00 5.300322735681845643e+00 5.140329124973400887e+00 4.980693620320571391e+00 4.821715725291821464e+00 4.663667893974166034e+00 4.506822966036504674e+00 4.351424786319943117e+00 4.197718261518911476e+00 4.045917456549872782e+00 3.896238619656304358e+00 3.748865368993846481e+00 3.603985108934205872e+00 3.461750825815752108e+00 3.322321419925790220e+00 3.185819505400617313e+00 3.052376320683527489e+00 2.922084761720357360e+00 2.795049725465236889e+00 2.671335379108672470e+00 2.551022063890127534e+00 2.434146487972378647e+00 2.320766719046302384e+00 2.210893543069450295e+00 2.104565692789707843e+00 2.001769980908929547e+00 1.902529927226006112e+00 1.806811383432085361e+00 1.714629525817686240e+00 1.625935493991048419e+00 1.540750224245010180e+00 1.459026229084225745e+00 1.380824222677300428e+00 1.306143181694201960e+00 1.235173051447276293e+00 1.168087579082731420e+00 1.105449802920292823e+00 1.047969853381833572e+00 9.972581442721666356e-01 9.555609354849067261e-01 9.274277720772947653e-01 9.192782490782116511e-01 9.444077752266011316e-01
1.023995165823490261e+00 1.102690476586332347e+00 1.190227976297873580e+00 1.288456862416930804e+00 1.397180178254547656e+00 1.516696354198779018e+00 1.646785176195235012e+00 1.787379905722617179e+00 1.938156050340276160e+00 2.098832707994947810e+00 2.268959724701981262e+00 2.448084476515752783e+00 2.635627797659023663e+00 2.830988616906126243e+00 3.033466899325016453e+00 3.242335489920097125e+00 3.456790695750300735e+00 3.676005199132035273e+00 3.899095945291149778e+00 4.125165272650276549e+00 4.353279956956686902e+00 4.582504426633142280e+00 4.811886980163079031e+00 5.040487236906432855e+00 5.267366791505834200e+00 5.491612129126237640e+00 5.712327781437204877e+00 5.928655453436570966e+00 6.139768313967791435e+00 6.344886851759952151e+00 6.543273366756626963e+00 6.734244985994450872e+00 6.917167762868776215e+00 7.091467269625843173e+00 7.256621977654102551e+00 7.412171857763764748e+00 7.557710913352424953e+00 7.692894234335123649e+00 7.817429692063131874e+00 7.931083892506948452e+00 8.033673123839781383e+00 8.125068633581985722e+00 8.205186955735555898e+00 8.273994896129748255e+00 8.331499366583759780e+00 8.377752407848371163e+00 8.412840634761382219e+00 8.436890564022048622e+00 8.450057737332453911e+00 8.452532558898818493e+00 8.444529122116449571e+00 8.426291705126597975e+00 8.398083287431639121e+00 8.360192805184780696e+00 8.312923311488813027e+00 8.256600058505313200e+00 8.191558231087467945e+00 8.118151900623820083e+00 8.036741246215838075e+00 7.947702414411380367e+00 7.851414134173159809e+00 7.748268515443703208e+00 7.638656961699404668e+00 7.522981946388142660e+00 7.401642127660797321e+00 7.275045152935594395e+00 7.143591882231917545e+00 7.007690285563127119e+00 6.867738682226689484e+00 6.724140812020781510e+00 6.577287996303038398e+00 6.427575481336193164e+00 6.275383421721366872e+00 6.121094612233930476e+00 5.965074184474342012e+00 5.807688862606852354e+00 5.649285249044605273e+00 5.490210760271567736e+00 5.330790356420782139e+00 5.171349337004214952e+00 5.012188341559626004e+00 4.853608213238698177e+00 4.695883062182668155e+00 4.539287439640768973e+00 4.384067210748447962e+00 4.230469325939839820e+00 4.078710192888113539e+00 3.929008389144990954e+00 3.781550150489465079e+00 3.636525444078578140e+00 3.494090096865659856e+00 3.354405749358587929e+00 3.217598024936880297e+00 3.083801021374203977e+00 2.953110757528714547e+00 2.825635049794256837e+00 2.701441248237830273e+00 2.580612615308707891e+00 2.463189051159109688e+00 2.349231489443346366e+00 2.238753870065194107e+00 2.131797679739354301e+00 2.028352802164439250e+00 1.928445336853024994e+00 1.832044072524977585e+00 1.739166504073847763e+00 1.649766488319302393e+00 1.563866851218711940e+00 1.481422395798817515e+00 1.402494890356834834e+00 1.327084606237957543e+00 1.255380637538695554e+00 1.187555458436290179e+00 1.124166516628426926e+00 1.065915912169982382e+00 1.014396362449061506e+00 9.718287023709365480e-01 9.427138782699027164e-01 9.334037695680956759e-01 9.570631853436016856e-01
1.034982397992425751e+00 1.111703074883606979e+00 1.197172677468285373e+00 1.293226802172036116e+00 1.399674267581478393e+00 1.516816114077335964e+00 1.644440703551667715e+00 1.782489833101562171e+00 1.930651140350725159e+00 2.088656662905772787e+00 2.256071770066278681e+00 2.432460283888739472e+00 2.617261315273406108e+00 2.809892733251460939e+00 3.009674543429324611e+00 3.215899820653476127e+00 3.427785457761919563e+00 3.644524329839990084e+00 3.865253201880858303e+00 4.089093239090260568e+00 4.315129009107314673e+00 4.542441199148830044e+00 4.770092789427733848e+00 4.997156128497250549e+00 5.222703581698972641e+00 5.445830193224511895e+00 5.665646896812543076e+00 5.881299505158277263e+00 6.091963123251698420e+00 6.296857968786556015e+00 6.495244049441181389e+00 6.686434224422574069e+00 6.869788538951366874e+00 7.044724919086803538e+00 7.210712817615654302e+00 7.367281947528049990e+00 7.514015090958193532e+00 7.650555293076969576e+00 7.776597824560004923e+00 7.891896261397607582e+00 7.996253677391450765e+00 8.089528019895903199e+00 8.171622649974889185e+00 8.242491389495544496e+00 8.302128532513307846e+00 8.350573889803255767e+00 8.387902376288451478e+00 8.414229321469504086e+00 8.429699704406822036e+00 8.434493939384346106e+00 8.428816790870751419e+00 8.412903789012908362e+00 8.387009818881878687e+00 8.351416274301767473e+00 8.306419283003911858e+00 8.252337672268845736e+00 8.189500766655472219e+00 8.118257215651173198e+00 8.038962283870191072e+00 7.951987578683430868e+00 7.857707743302809078e+00 7.756511119606314786e+00 7.648785750618311674e+00 7.534931018424649629e+00 7.415342862120685830e+00 7.290426440749620873e+00 7.160580473695286940e+00 7.026210992148592460e+00 6.887714709256771428e+00 6.745493939335934996e+00 6.599938903265439194e+00 6.451443911649134222e+00 6.300388505721756793e+00 6.147155018585486630e+00 5.992108442324467710e+00 5.835615500487565832e+00 5.678023117422371868e+00 5.519679155994043462e+00 5.360909344634734452e+00 5.202039857983110416e+00 5.043372529970004514e+00 4.885209483188785562e+00 4.727826421377854693e+00 4.571499547961369814e+00 4.416476686902254478e+00 4.263006774722985170e+00 4.111308502446673785e+00 3.961602722189214720e+00 3.814078231141727837e+00 3.668927508579091779e+00 3.526309170144992233e+00 3.386387551067032931e+00 3.249291237290881984e+00 3.115157146527461673e+00 2.984084379886420724e+00 2.856183640662790957e+00 2.731525427691394281e+00 2.610195899478001458e+00 2.492238120889908259e+00 2.377715874093953907e+00 2.266646232530701965e+00 2.159073427279854407e+00 2.054990399323997075e+00 1.954425826257405685e+00 1.857351426652074977e+00 1.763787020885066115e+00 1.673689182885363946e+00 1.587082645977267781e+00 1.503924514033694981e+00 1.424277645928630820e+00 1.348143640579851921e+00 1.275710819960278686e+00 1.207150477332740834e+00 1.143014657477004370e+00 1.083997679875706499e+00 1.031675031131351616e+00 9.882427700863440911e-01 9.581543963210241710e-01 9.476956411279692238e-01 9.699035588463553736e-01
1.046178751182406552e+00 1.120954356175315469e+00 1.204387821456719410e+00 1.298301276216815792e+00 1.402509017013160220e+00 1.517314420199460390e+00 1.642513992095774311e+00 1.778057602855642960e+00 1.923644460451405802e+00 2.079018950168941782e+00 2.243761314554839625e+00 2.417451157967437148e+00 2.599545183725012087e+00 2.789479531350610664e+00 2.986593594083125414e+00 3.190200069335980881e+00 3.399535879930906557e+00 3.613813612168307987e+00 3.832189448882958871e+00 4.053803075962544078e+00 4.277756644945847952e+00 4.503147001135989314e+00 4.729051810780600107e+00 4.954556263193534704e+00 5.178743706072113540e+00 5.400718050496232436e+00 5.619597024871562319e+00 5.834531018325698426e+00 6.044697602403352299e+00 6.249317304359538916e+00 6.447648454608748914e+00 6.639000281515863300e+00 6.822727465718346096e+00 6.998240925720673467e+00 7.165001715882806543e+00 7.322529883784368643e+00 7.470397544372862519e+00 7.608236207643535920e+00 7.735729001538068417e+00 7.852616875662099538e+00 7.958690035026540599e+00 8.053793414950957796e+00 8.137817433598794281e+00 8.210703104125895990e+00 8.272432224955418079e+00 8.323032451186813674e+00 8.362567027429275157e+00 8.391140087329246100e+00 8.408886004150978977e+00 8.415975131435622814e+00 8.412602809895711076e+00 8.398995709452570679e+00 8.375400494123294237e+00 8.342090880348429494e+00 8.299355929020553191e+00 8.247507899748425686e+00 8.186870113557397133e+00 8.117785658518350544e+00 8.040604748701944970e+00 7.955694323048695615e+00 7.863424815279802083e+00 7.764180683673822081e+00 7.658346501338221479e+00 7.546318457859817919e+00 7.428489677688975057e+00 7.305262743500395395e+00 7.177034150408730717e+00 7.044207913551406186e+00 6.907179065562246478e+00 6.766348425985016846e+00 6.622105047284276402e+00 6.474842240316047715e+00 6.324938868872505893e+00 6.172776743188418180e+00 6.018720653595249992e+00 5.863137263045648417e+00 5.706373756073742420e+00 5.548778382165213685e+00 5.390677576119677461e+00 5.232398327823677420e+00 5.074243603423715498e+00 4.916516745178544312e+00 4.759494988431981710e+00 4.603456129759289972e+00 4.448649890931210216e+00 4.295327137226141900e+00 4.143708783970541987e+00 3.994017903296486427e+00 3.846445797820055024e+00 3.701187408299125625e+00 3.558404087201608057e+00 3.418262818821218296e+00 3.280895104873970070e+00 3.146440643270874471e+00 3.015001576419890750e+00 2.886691461450673568e+00 2.761583911407204717e+00 2.639767955003691213e+00 2.521289793965999504e+00 2.406216040685334789e+00 2.294566881047888529e+00 2.186389279944798592e+00 2.081679221185408935e+00 1.980467957774316723e+00 1.882730130187039608e+00 1.788487890050213469e+00 1.697700527512963742e+00 1.610394699735478774e+00 1.526529820879265698e+00 1.446169875259865512e+00 1.369317820908105832e+00 1.296161284049241580e+00 1.226870466014663874e+00 1.161992190265242586e+00 1.102213237306536975e+00 1.049092313291561052e+00 1.004801328382236569e+00 9.737474494117221990e-01 9.621517755728925536e-01 9.829263602650470943e-01
1.057580999059980709e+00 1.130440271994262780e+00 1.211868457068643989e+00 1.303674354853987971e+00 1.405677462039756298e+00 1.518183236689686577e+00 1.640995923361382447e+00 1.774073029239416455e+00 1.917124802241870762e+00 2.069907412893007947e+00 2.232015356974203613e+00 2.403043386040506491e+00 2.582465138454322240e+00 2.769734378120632279e+00 2.964209253015100742e+00 3.165221491080863814e+00 3.372027499504407277e+00 3.583859098680147071e+00 3.799891486044172151e+00 4.019282554796040685e+00 4.241151819508523602e+00 4.464612164627763669e+00 4.688755923829292627e+00 4.912681211772314427e+00 5.135482540046632849e+00 5.356272962060138809e+00 5.574177359807644727e+00 5.788351133562668061e+00 5.997974818481936587e+00 6.202269800126977373e+00 6.400493317151449979e+00 6.591951577548992525e+00 6.775994518027882663e+00 6.952026669166589734e+00 7.119501292301949391e+00 7.277929351534478286e+00 7.426872842523525975e+00 7.565952247573298983e+00 7.694839011609669654e+00 7.813261866676882050e+00 7.920998502857315771e+00 8.017881142372424108e+00 8.103787503377702706e+00 8.178645979907249952e+00 8.242426012235609889e+00 8.295143189923223304e+00 8.336849132785532746e+00 8.367636785520616627e+00 8.387629887353600822e+00 8.396988674199850067e+00 8.395898980984735971e+00 8.384578516629998646e+00 8.363265607549871916e+00 8.332226166344151252e+00 8.291742052782618444e+00 8.242118821772466575e+00 8.183673652044806346e+00 8.116743933981895864e+00 8.041674697250527970e+00 7.958828084329436336e+00 7.868570196166950304e+00 7.771281491675076758e+00 7.667342963867413097e+00 7.557147507559448307e+00 7.441085335604817885e+00 7.319556364754489231e+00 7.192954780633469269e+00 7.061682503475705808e+00 6.926132809538193769e+00 6.786704952878342745e+00 6.643786748391924846e+00 6.497770442012459569e+00 6.349034155173124638e+00 6.197959113350186122e+00 6.044909842436781311e+00 5.890252884482305440e+00 5.734335622357673579e+00 5.577506632388965713e+00 5.420092993979038098e+00 5.262422452582166343e+00 5.104799044726081370e+00 4.947527272879159277e+00 4.790885842422911267e+00 4.635154084410900488e+00 4.480583557822192198e+00 4.327426999661606821e+00 4.175907490859464666e+00 4.026250269209651123e+00 3.878649086989374606e+00 3.733301295846514822e+00 3.590370933274798837e+00 3.450027586846041938e+00 3.312405627148607312e+00 3.177647492237348992e+00 3.045858324594239885e+00 2.917154501618064000e+00 2.791612715576700321e+00 2.669324838881046436e+00 2.550340181700307518e+00 2.434728167555811673e+00 2.322512073028025092e+00 2.213741585343966811e+00 2.108415715956091230e+00 2.006568289595841659e+00 1.908176859934628933e+00 1.813265914524648359e+00 1.721797458066333775e+00 1.633800086814302555e+00 1.549235533784091956e+00 1.468168942044910441e+00 1.390604658941833272e+00 1.316729688683573318e+00 1.246713226665834284e+00 1.181097050736702680e+00 1.120560636124620535e+00 1.066646344187525131e+00 1.021502543138836483e+00 9.894911447146872430e-01 9.767700827776034656e-01 9.961290763010187677e-01
1.069185970131603769e+00 1.140156867870768975e+00 1.219609768941122274e+00 1.309340288098565175e+00 1.409172862519006308e+00 1.519414796175880156e+00 1.639877689489622759e+00 1.770526275667197558e+00 1.911081339918338395e+00 2.061310303631506802e+00 2.220821324468556845e+00 2.389223693512077418e+00 2.566007352756278337e+00 2.750643067416655541e+00 2.942507127028378466e+00 3.140949713336833593e+00 3.345246182880656338e+00 3.554647118251342608e+00 3.768346328051309868e+00 3.985519593571605235e+00 4.205303560339809898e+00 4.426827016613225751e+00 4.649196923937235937e+00 4.871524381926306546e+00 5.092915219457784914e+00 5.312491877168463716e+00 5.529386717609479085e+00 5.742760554398528505e+00 5.951797351254659141e+00 6.155719869891367324e+00 6.353784813842747958e+00 6.545295955002792709e+00 6.729599083868429865e+00 6.906092943422344810e+00 7.074223592044572406e+00 7.233493481009990234e+00 7.383455027416904848e+00 7.523718190139899953e+00 7.653943191344046326e+00 7.773846958272677021e+00 7.883195026924778581e+00 7.981807214902629788e+00 8.069548794907609235e+00 8.146335744688311564e+00 8.212125298238003523e+00 8.266921084724820901e+00 8.310763159933751254e+00 8.343733301561654159e+00 8.365944601095103295e+00 8.377547133657456513e+00 8.378717159067495146e+00 8.369663335965364936e+00 8.350615546825185476e+00 8.321831782771353048e+00 8.283586575641967542e+00 8.236178644716579456e+00 8.179918892523822649e+00 8.115138879120046056e+00 8.042178318496540967e+00 7.961394430244993714e+00 7.873148860079216327e+00 7.777817951881765168e+00 7.675779007984619540e+00 7.567421525290108697e+00 7.453132706965833520e+00 7.333309712908818945e+00 7.208344332593441095e+00 7.078636310992664882e+00 6.944577090698731858e+00 6.806564288192309853e+00 6.664984410447715391e+00 6.520228572214048057e+00 6.372674086786709324e+00 6.222701532261297963e+00 6.070675106910382368e+00 5.916961171194833113e+00 5.761907244311974097e+00 5.605862169571129705e+00 5.449153609322067382e+00 5.292110005051377186e+00 5.135036402123803967e+00 4.978238404037794496e+00 4.821996125027471436e+00 4.666590372271386400e+00 4.512274481749519062e+00 4.359303005448919244e+00 4.207901131536646133e+00 4.058296209303279056e+00 3.910684385143998298e+00 3.765265371052706644e+00 3.622205837825585473e+00 3.481677930406597010e+00 3.343818841271157805e+00 3.208773708265900471e+00 3.076650632471233493e+00 2.947568777518305705e+00 2.821607879509488548e+00 2.698862627406829695e+00 2.579385410871702256e+00 2.463248444685568916e+00 2.350478073732837014e+00 2.241126695208147890e+00 2.135196332314942769e+00 2.032723376842975771e+00 1.933688286206267870e+00 1.838117887492751290e+00 1.745976897513828341e+00 1.657295865689693448e+00 1.572038851584065755e+00 1.490272188809828480e+00 1.412001642906159260e+00 1.337413667221120761e+00 1.266676534304716384e+00 1.200327146408438628e+00 1.139037899578295265e+00 1.084335231932337162e+00 1.038344556663448826e+00 1.005383573225367311e+00 9.915484697301124584e-01 1.009509213590769061e+00
1.080990543847557772e+00 1.150100277429981555e+00 1.227607069551256203e+00 1.315293495568540694e+00 1.412988690507296807e+00 1.521001585705371806e+00 1.639150777469762899e+00 1.767407837608280907e+00 1.905503612238906408e+00 2.053216265906773863e+00 2.210167054149173804e+00 2.375979226221656582e+00 2.550158421391504504e+00 2.732191805526011485e+00 2.921473215935564749e+00 3.117370726763064148e+00 3.319178119842159713e+00 3.526164273979215835e+00 3.737541206317471332e+00 3.952502262461058624e+00 4.170200977128920350e+00 4.389781892385880013e+00 4.610366538975561923e+00 4.831079037999034043e+00 5.051036662758170870e+00 5.269371457289302896e+00 5.485223561381535440e+00 5.697759573158947433e+00 5.906167318988392090e+00 6.109671424654656846e+00 6.307528587033206513e+00 6.499040700371983448e+00 6.683549983819880858e+00 6.860449973592460005e+00 7.029180099375575530e+00 7.189234858297342434e+00 7.340157621559671774e+00 7.481548324603839006e+00 7.613056426475965921e+00 7.734387465103833570e+00 7.845295188998138158e+00 7.945587327950971890e+00 8.035116974267333845e+00 8.113787904422457231e+00 8.181545311417817601e+00 8.238380983353479792e+00 8.284323487296784805e+00 8.319443470384392469e+00 8.343843376805621048e+00 8.357663091180958403e+00 8.361069241483921388e+00 8.354261358272369264e+00 8.337460784047415530e+00 8.310917479827676146e+00 8.274898530437418742e+00 8.229695695012557266e+00 8.175613471165886992e+00 8.112977459990634799e+00 8.042121931491220010e+00 7.963399057921496826e+00 7.877165908471836175e+00 7.783794596767123153e+00 7.683658623758939932e+00 7.577143984692545686e+00 7.464634774052361976e+00 7.346525302770293031e+00 7.223204876223966231e+00 7.095070982381932900e+00 6.962513151545955736e+00 6.825927289211559668e+00 6.685698522910105801e+00 6.542216768865909415e+00 6.395858465583188490e+00 6.247003480398030106e+00 6.096015620244179090e+00 5.943261002884880462e+00 5.789087221619753088e+00 5.633843326753834369e+00 5.477857501979352506e+00 5.321458825372777035e+00 5.164953289830786609e+00 5.008647540934862086e+00 4.852823040928018195e+00 4.697762015047924677e+00 4.543719516431223404e+00 4.390951855569256601e+00 4.239686269814910702e+00 4.090152165973338860e+00 3.942548029230871887e+00 3.797075881437586009e+00 3.653904975049501402e+00 3.513209966373242565e+00 3.375130822712051337e+00 3.239815341077867838e+00 3.107374539441324579e+00 2.977930333184011236e+00 2.851565466470691756e+00 2.728377417063941657e+00 2.608421624652372817e+00 2.491773074661218335e+00 2.378461157270520765e+00 2.268540966410114379e+00 2.162017520451968267e+00 2.058929772617097420e+00 1.959261073876995773e+00 1.863040593423781921e+00 1.770235756976876074e+00 1.680879080028753858e+00 1.594936955520881883e+00 1.512476937907856200e+00 1.433506238500095620e+00 1.358210828432946382e+00 1.286758137673914781e+00 1.219680357398154946e+00 1.157643023235238378e+00 1.102157058072621876e+00 1.055325488009661195e+00 1.021422809638491858e+00 1.006484839673693843e+00 1.023064296632556491e+00
1.092991646964085906e+00 1.160266716862503600e+00 1.235855791714811414e+00 1.321528556979994162e+00 1.417118618800206731e+00 1.522936333460411573e+00 1.638806954247346015e+00 1.764708526390218912e+00 1.900381505405411842e+00 2.045614316623395101e+00 2.200040775548973926e+00 2.363297533487171531e+00 2.534905344782930392e+00 2.714367197078346727e+00 2.901093900713819007e+00 3.094470876109304491e+00 3.293809817568183362e+00 3.498397440643289169e+00 3.707463570100498984e+00 3.920218788696055334e+00 4.135833270299491105e+00 4.353467147702184903e+00 4.572256444781174878e+00 4.791338319366090559e+00 5.009841591853305687e+00 5.226908098853319196e+00 5.441686025405456206e+00 5.653348095714990862e+00 5.861086403252028454e+00 6.064127896855087130e+00 6.261729767739720565e+00 6.453192565580538442e+00 6.637855490340400344e+00 6.815107432675636900e+00 6.984381751662675164e+00 7.145165536386865135e+00 7.296993635961505298e+00 7.439456457177198168e+00 7.572193153926174425e+00 7.694898291895755804e+00 7.807314203285926624e+00 7.909236854057906996e+00 8.000507430563130740e+00 8.081017734145369502e+00 8.150701094575401484e+00 8.209537591552743763e+00 8.257544392582719439e+00 8.294781064606640442e+00 8.321339418665127496e+00 8.337349132322453116e+00 8.342967157377774612e+00 8.338383829934116420e+00 8.323811866840856055e+00 8.299493099524825723e+00 8.265687054653357180e+00 8.222678413383507134e+00 8.170765145204548219e+00 8.110266767947825528e+00 8.041511982629668154e+00 7.964847792041262586e+00 7.880626569073575283e+00 7.789216082623362070e+00 7.690985921748459297e+00 7.586318475958886864e+00 7.475594631384026023e+00 7.359205756898358430e+00 7.237538584714743095e+00 7.110988262798686677e+00 6.979942329294635428e+00 6.844794904055301110e+00 6.705929662518978596e+00 6.563735253985252704e+00 6.418587174636242842e+00 6.270864516896105911e+00 6.120930632073813271e+00 5.969151333663204717e+00 5.815874226580847406e+00 5.661448507960916920e+00 5.506202821233100231e+00 5.350466821665294859e+00 5.194547388570857294e+00 5.038752150857039425e+00 4.883363858232590005e+00 4.728666096183498979e+00 4.574915575492379816e+00 4.422370308923049720e+00 4.271259525262045109e+00 4.121814635022075457e+00 3.974236407064168031e+00 3.828729122662134277e+00 3.685464564373889917e+00 3.544619853768345763e+00 3.406337685855133746e+00 3.270768475930438512e+00 3.138026116931447174e+00 3.008235241087847900e+00 2.881481564492392344e+00 2.757865325380004951e+00 2.637444983509304564e+00 2.520298273615090068e+00 2.406457607567305423e+00 2.295980761962387984e+00 2.188875733086017572e+00 2.085184029031184050e+00 1.984891883423910874e+00 1.888030809111110431e+00 1.794570936764178226e+00 1.704546759713114090e+00 1.617927010249530451e+00 1.534780492505810390e+00 1.455115889856865463e+00 1.379118757430760844e+00 1.306955760125301902e+00 1.239154537249308463e+00 1.176373975716969777e+00 1.120109878174659457e+00 1.072443433316566441e+00 1.037606912267520887e+00 1.021577091331928422e+00 1.036791865865402951e+00
1.105186250147038196e+00 1.170652479743955254e+00 1.244351481543075399e+00 1.328040203207493164e+00 1.421556510137383489e+00 1.525211996223067024e+00 1.638838252647236482e+00 1.762419453857360319e+00 1.895705236811293215e+00 2.038493829325560114e+00 2.190431093864043000e+00 2.351166551842930108e+00 2.520235513781825532e+00 2.697156231369240320e+00 2.881355931892351840e+00 3.072236851128330226e+00 3.269128094468253032e+00 3.471333761772744442e+00 3.678101087019858273e+00 3.888657560641585409e+00 4.102189738632965543e+00 4.317873169832770586e+00 4.534858279402561365e+00 4.752295257539402407e+00 4.969324551638273135e+00 5.185097954722985847e+00 5.398771937987541847e+00 5.609525665120766114e+00 5.816555872744289424e+00 6.019092263794510345e+00 6.216392998111558654e+00 6.407757788973715840e+00 6.592523346835433173e+00 6.770074458337830947e+00 6.939838953565444335e+00 7.101297046579547079e+00 7.253975578652582357e+00 7.397455916633649764e+00 7.531367364569363509e+00 7.655393933511640547e+00 7.769266914007498137e+00 7.872770838230479740e+00 7.965735269328142465e+00 8.048040269765653676e+00 8.119607495379932871e+00 8.180405462648845827e+00 8.230440041798800621e+00 8.269759783275986820e+00 8.298445892368532029e+00 8.316617835858341579e+00 8.324422857242598894e+00 8.322042043132526601e+00 8.309679409410771100e+00 8.287568567670959396e+00 8.255961383393904285e+00 8.215135348838874307e+00 8.165381787949197445e+00 8.107014015645333416e+00 8.040355042591723844e+00 7.965746582651758168e+00 7.883536194481099990e+00 7.794087188849897707e+00 7.697765132886096318e+00 7.594948706218733747e+00 7.486015486510748218e+00 7.371353806710112089e+00 7.251347735844841047e+00 7.126389997762300865e+00 6.996866057447547860e+00 6.863168173281827933e+00 6.725678494881720759e+00 6.584784335190960292e+00 6.440860179667602381e+00 6.294284280889384853e+00 6.145419469662899203e+00 5.994631193146036985e+00 5.842267005084172737e+00 5.688676189051036225e+00 5.534187786559766842e+00 5.379131970668991514e+00 5.223816446136252623e+00 5.068549766585579874e+00 4.913615908908709251e+00 4.759299761251827299e+00 4.605859632836480699e+00 4.453555182692097603e+00 4.302617573566895004e+00 4.153280166039808208e+00 4.005745957733085838e+00 3.860221438970705687e+00 3.716880870941618564e+00 3.575903794296521276e+00 3.437435584578083514e+00 3.301629234249099820e+00 3.168601469090165601e+00 3.038479602879473163e+00 2.911352287160488217e+00 2.787322491761017318e+00 2.666451666080903671e+00 2.548820272140020826e+00 2.434463719315302477e+00 2.323442451992255187e+00 2.215767426461118905e+00 2.111482698221062826e+00 2.010577371946255187e+00 1.913085304694849276e+00 1.818979327391179845e+00 1.728295921849362538e+00 1.641006164834730496e+00 1.557180137561090305e+00 1.476828020496554927e+00 1.400135016588226700e+00 1.327267100500710617e+00 1.258747513753872171e+00 1.195228699434466968e+00 1.138191722417886353e+00 1.089696466166963251e+00 1.053933923004499285e+00 1.036823118211889883e+00 1.050689475890882907e+00
1.117571364801509315e+00 1.181253932180843069e+00 1.253089791828297273e+00 1.334823307873631792e+00 1.426296407029797875e+00 1.527821747543302244e+00 1.639236958062616045e+00 1.760532017835209739e+00 1.891465339607929730e+00 2.031844518255064180e+00 2.181326973945631575e+00 2.339574589445185371e+00 2.506136694986884628e+00 2.680546269093673661e+00 2.862246418182182950e+00 3.050655677544555466e+00 3.245120073873996258e+00 3.444960646370514912e+00 3.649441643032585336e+00 3.857807131143348389e+00 4.069259786000603896e+00 4.282990387584051817e+00 4.498163656210455663e+00 4.713942792067875587e+00 4.929479928301965685e+00 5.143936954441291398e+00 5.356478843137440826e+00 5.566291484171332016e+00 5.772576606164014024e+00 5.974567070258347989e+00 6.171522453260751995e+00 6.362742115860629433e+00 6.547560786470681293e+00 6.725359669622523739e+00 6.895561591347759034e+00 7.057640410190049174e+00 7.211115463651267099e+00 7.355559560499604466e+00 7.490592606687919819e+00 7.615888475781419586e+00 7.731167793774265107e+00 7.836203994106752724e+00 7.930815306743018489e+00 8.014870300644517442e+00 8.088279157628665672e+00 8.150998987816013397e+00 8.203024478844660905e+00 8.244393241098538994e+00 8.275175914275218148e+00 8.295481763116285379e+00 8.305448302649564241e+00 8.305247326163984312e+00 8.295074083595940451e+00 8.275153885771484141e+00 8.245730842206789646e+00 8.207075152462051548e+00 8.159471383546126333e+00 8.103226532753357247e+00 8.038657802974411126e+00 7.966101502654436395e+00 7.885900260430921627e+00 7.798412816925128332e+00 7.704000608061958744e+00 7.603038499640264902e+00 7.495900660541432892e+00 7.382972293348657011e+00 7.264634713108246267e+00 7.141278134463567184e+00 7.013285867217020630e+00 6.881048231365884504e+00 6.744945775957188694e+00 6.605364407154020512e+00 6.462677530432655360e+00 6.317262492807659058e+00 6.169481539097811051e+00 6.019699687538303756e+00 5.868264377576792867e+00 5.715524918574957702e+00 5.561810688382076151e+00 5.407452318401466229e+00 5.252758277960430711e+00 5.098037986899046636e+00 4.943576589230562313e+00 4.789660218363707145e+00 4.636548723025471830e+00 4.484503352707141843e+00 4.333757146907457170e+00 4.184545362785160094e+00 4.037073172004477684e+00 3.891549223624732434e+00 3.748150206082996760e+00 3.607058032860200214e+00 3.468420712815564411e+00 3.332393774240725026e+00 3.199096733451698871e+00 3.068659550100075961e+00 2.941173774378228689e+00 2.816745078301196692e+00 2.695437870029711913e+00 2.577335316180555225e+00 2.462475798897285628e+00 2.350922414694638363e+00 2.242689061321739175e+00 2.137822333336975245e+00 2.036314194167351932e+00 1.938200844668000355e+00 1.843457810584734125e+00 1.752123571766528221e+00 1.664171553736081943e+00 1.579673140789165098e+00 1.498640034270817933e+00 1.421257146455970677e+00 1.347689834007950171e+00 1.278457089772652822e+00 1.214205111324672348e+00 1.156400596195326091e+00 1.107082637963472838e+00 1.070401867318103495e+00 1.052220807980779771e+00 1.064754693828843690e+00
1.130144040113098880e+00 1.192067508261832609e+00 1.262066475830288859e+00 1.341872879434051979e+00 1.431332522170480459e+00 1.530758966567198787e+00 1.639995595864359723e+00 1.759037888354417989e+00 1.887652648044749970e+00 2.025656423169116316e+00 2.172717725007917267e+00 2.328510311118734855e+00 2.492597016600012871e+00 2.664525029484569707e+00 2.843752815355941710e+00 3.029714708099481513e+00 3.221773177622769158e+00 3.419265765339256635e+00 3.621473341923905132e+00 3.827656220212822369e+00 4.037032927273839000e+00 4.248809280362972451e+00 4.462164175946100819e+00 4.676273785304145392e+00 4.890301966462850203e+00 5.103420823315457433e+00 5.314804021122904842e+00 5.523644436913339284e+00 5.729149114142032317e+00 5.930554450333392680e+00 6.127121862448190903e+00 6.318150818585739792e+00 6.502974550695595823e+00 6.680971183554802018e+00 6.851559047262303359e+00 7.014206150488988101e+00 7.168424820322051083e+00 7.313779781765820331e+00 7.449881990052379166e+00 7.576395597037624441e+00 7.693030942731041932e+00 7.799550700906614509e+00 7.895762064643352396e+00 7.981522362938893167e+00 8.056730513225213386e+00 8.121332386998721731e+00 8.175311615686110756e+00 8.218694958161439246e+00 8.251542540959103889e+00 8.273953447606571032e+00 8.286055456183774481e+00 8.288011033870997579e+00 8.280006609950842034e+00 8.262259122881067341e+00 8.235004839789541009e+00 8.198506571021969336e+00 8.153042021516240467e+00 8.098911761416145438e+00 8.036427072639698466e+00 7.965918744993861544e+00 7.887724363765943991e+00 7.802197989075351003e+00 7.709696817412323711e+00 7.610591797253250412e+00 7.505253588414382726e+00 7.394064168316243801e+00 7.277402006629327680e+00 7.155654722888021624e+00 7.029203388788934248e+00 6.898436308044217036e+00 6.763732353432180489e+00 6.625475952962985637e+00 6.484039362041515098e+00 6.339798955628008770e+00 6.193116326451437281e+00 6.044356000698743792e+00 5.893865240025379038e+00 5.741993318633395127e+00 5.589069888827523869e+00 5.435425980824681425e+00 5.281370767703509550e+00 5.127214477089440336e+00 4.973243360239056443e+00 4.819744738584705424e+00 4.666979941668911280e+00 4.515211753821790630e+00 4.364675034322097247e+00 4.215606883565028440e+00 4.068214592721825618e+00 3.922708919329417565e+00 3.779268927777529985e+00 3.638078858062141041e+00 3.499289305106775938e+00 3.363058291488856710e+00 3.229508081580314105e+00 3.098771244875868192e+00 2.970942193107730223e+00 2.846129270570211478e+00 2.724399812872256632e+00 2.605839667901358236e+00 2.490490165289188873e+00 2.378417037263405476e+00 2.269637103867502947e+00 2.164199489515818531e+00 2.062099003418612408e+00 1.963374188866204850e+00 1.868003260273054300e+00 1.776026704000475798e+00 1.687420297781879297e+00 1.602256753621379870e+00 1.520549316299494524e+00 1.442482666670066749e+00 1.368221613092027056e+00 1.298281044052944866e+00 1.233301103587610692e+00 1.174734480720423857e+00 1.124599978321552340e+00 1.087008754287661860e+00 1.067768041911645538e+00 1.078985097798708104e+00
1.142901360287387647e+00 1.203089705794962327e+00 1.271277381438685072e+00 1.349184053726824928e+00 1.436659229392546200e+00 1.534017227485198198e+00 1.641106919488243499e+00 1.757928994591128058e+00 1.884258283541139223e+00 2.019919894879347311e+00 2.164592986018350373e+00 2.317962724018958198e+00 2.479604954802378636e+00 2.649080577850614571e+00 2.825862915383581253e+00 3.009401613691971011e+00 3.199075119562946323e+00 3.394237047650277450e+00 3.594184504363491683e+00 3.798193717109180856e+00 4.005498793477911157e+00 4.215320386353027970e+00 4.426851437775844111e+00 4.639281036103970912e+00 4.851784785197746253e+00 5.063545100389622355e+00 5.273744507945018256e+00 5.481583109141607402e+00 5.686273560255390436e+00 5.887056148431176084e+00 6.083194529620263857e+00 6.273988716111626118e+00 6.458770907448487364e+00 6.636916631600470851e+00 6.807840213960480114e+00 6.971004304832079335e+00 7.125914703067637745e+00 7.272128516062144499e+00 7.409248190572274240e+00 7.536928570304881170e+00 7.654870088408980422e+00 7.762825001126659075e+00 7.860589766279090007e+00 7.948010733681377005e+00 8.024975774858837951e+00 8.091419700481244703e+00 8.147315223108172688e+00 8.192678350155604861e+00 8.227558759172344693e+00 8.252045384976563369e+00 8.266256271612681061e+00 8.270344538217141661e+00 8.264487748886976348e+00 8.248894407437576959e+00 8.223792860608917010e+00 8.189438440438784994e+00 8.146101891098098235e+00 8.094077251476504031e+00 8.033669773801248581e+00 7.965204619567700206e+00 7.889014220113875098e+00 7.805447846654751665e+00 7.714858349326057407e+00 7.617612656501772328e+00 7.514077818914365103e+00 7.404632493874607313e+00 7.289652213868486719e+00 7.169521916753855528e+00 7.044620352426167464e+00 6.915333729525075412e+00 6.782039167985516315e+00 6.645119545399175820e+00 6.504945896210035272e+00 6.361893556074092793e+00 6.216323398910683196e+00 6.068599395182133982e+00 5.919068564865726856e+00 5.768080085731537743e+00 5.615963822490143365e+00 5.463051144519654123e+00 5.309651867848422135e+00 5.156076969490358763e+00 5.002613748213949663e+00 4.849550656363958545e+00 4.697150445822363629e+00 4.545677380293208003e+00 4.395368082084721628e+00 4.246461441615389631e+00 4.099166815201801484e+00 3.953697018654845241e+00 3.810233441107004015e+00 3.668962602696433262e+00 3.530037637128918160e+00 3.393619019532637893e+00 3.259831719696513197e+00 3.128810880591876842e+00 3.000653738090648393e+00 2.875471278378838758e+00 2.753333732786971133e+00 2.634329606533734935e+00 2.518503150940977875e+00 2.405922716801679240e+00 2.296608026687779081e+00 2.190610724834359146e+00 2.087928452605800178e+00 1.988602093441233842e+00 1.892612543560905136e+00 1.800002303265217041e+00 1.710749505131427872e+00 1.624928212152879192e+00 1.542553233898915632e+00 1.463809076853802127e+00 1.388860068301306594e+00 1.318217132043308037e+00 1.252514544423841469e+00 1.193191333639826324e+00 1.142246495478383750e+00 1.103752576671025443e+00 1.083462694394043968e+00 1.093378275518667397e+00
1.155840441975243937e+00 1.214317082312739604e+00 1.280718445687250906e+00 1.356752086957168535e+00 1.442271055140846636e+00 1.537590289563028456e+00 1.642563899160259355e+00 1.757197512483167801e+00 1.881273641450657452e+00 2.014625581475441685e+00 2.156942711739017859e+00 2.307921163884436577e+00 2.467149320634412835e+00 2.634201313506878250e+00 2.808564835828269324e+00 2.989704374628777028e+00 3.177013899007500974e+00 3.369862676292632031e+00 3.567563666574052217e+00 3.769408681872464584e+00 3.974647136249061852e+00 4.182514309865421609e+00 4.392217049416831998e+00 4.602957292521254296e+00 4.813922393022467716e+00 5.024305155358860908e+00 5.233297113777671150e+00 5.440105807915108116e+00 5.643949781145977340e+00 5.844073539526934979e+00 6.039743353293812511e+00 6.230260193099025123e+00 6.414955669018310047e+00 6.593203175945737904e+00 6.764413508885312787e+00 6.928044436927708105e+00 7.083595701302990655e+00 7.230617249241428901e+00 7.368703455463742280e+00 7.497500266091641663e+00 7.616698586242754310e+00 7.726040598937383486e+00 7.825312332790741010e+00 7.914349425569281671e+00 7.993028929364922597e+00 8.061274781092874875e+00 8.119048922043516470e+00 8.166356719102108030e+00 8.203237476232949632e+00 8.229770023304515902e+00 8.246062684307402080e+00 8.252259219029724591e+00 8.248528291900502296e+00 8.235069919106649650e+00 8.212104457462725549e+00 8.179879679132465498e+00 8.138659275423767880e+00 8.088730655492929245e+00 8.030392937873422454e+00 7.963965549878121664e+00 7.889775661295135301e+00 7.808167648251014725e+00 7.719489909179857889e+00 7.624105250535029299e+00 7.522377014442056975e+00 7.414680443215727834e+00 7.301388040119036305e+00 7.182881974263549019e+00 7.059538589409161347e+00 6.931741919558278120e+00 6.799867254435393527e+00 6.664295848116706722e+00 6.525397442435616924e+00 6.383546265758272220e+00 6.239102405862602119e+00 6.092429213253776510e+00 5.943873401935936940e+00 5.793783991626480834e+00 5.642490997192244784e+00 5.490326067366292584e+00 5.337599600305694914e+00 5.184623264015677080e+00 5.031685345157128175e+00 4.879075369973583598e+00 4.727057454395088953e+00 4.575897286170031109e+00 4.425833194084587419e+00 4.277105805483890855e+00 4.129926487629642651e+00 3.984510064452816192e+00 3.841040198701367814e+00 3.699705644229445145e+00 3.560662026218043508e+00 3.424072230430896369e+00 3.290063889286432008e+00 3.158774682547352608e+00 3.030304632549290833e+00 2.904767336524208599e+00 2.782235889401233564e+00 2.662801429201086201e+00 2.546511102636670465e+00 2.433435861211785678e+00 2.323598309676662588e+00 2.217052601243822529e+00 2.113799195157882060e+00 2.013881311818361386e+00 1.917282521690185648e+00 1.824047345411109244e+00 1.734156272225845008e+00 1.647684738080571254e+00 1.564649137501803899e+00 1.485233857512583189e+00 1.409602809148504221e+00 1.338263086705278271e+00 1.271843278772008423e+00 1.211769089651598019e+00 1.160020176716688889e+00 1.120631311004390840e+00 1.099302632505864574e+00 1.107931823015493533e+00
1.168958431872339609e+00 1.225746251328399650e+00 1.290385689598232632e+00 1.364572349090627190e+00 1.448162670425984677e+00 1.541472087720547668e+00 1.644359711222936671e+00 1.756835852984178548e+00 1.878690378480445400e+00 2.009764415198979304e+00 2.149757159388931527e+00 2.298375281856288588e+00 2.455219247363557233e+00 2.619875958091050006e+00 2.791847009505232347e+00 2.970611271998637282e+00 3.155577794159627025e+00 3.346131084036145786e+00 3.541599578654968994e+00 3.741290346358465246e+00 3.944467831651459200e+00 4.150381727925084085e+00 4.358252636394828627e+00 4.567295263558771801e+00 4.776708701880876262e+00 4.985696204475319249e+00 5.193458440414332244e+00 5.399210580126155179e+00 5.602177305766853799e+00 5.801607648626202263e+00 5.996770845789980875e+00 6.186969218473588938e+00 6.371534209542077498e+00 6.549837525567077101e+00 6.721286888609142807e+00 6.885335649198706776e+00 7.041477949662835023e+00 7.189257025321947658e+00 7.328259608883011644e+00 7.458123155735008503e+00 7.578529420706137998e+00 7.689210859241594420e+00 7.789943380367300385e+00 7.880552182434533925e+00 7.960903731745704981e+00 8.030911287035383594e+00 8.090526175470348136e+00 8.139743244583494075e+00 8.178591510843983059e+00 8.207139753746050204e+00 8.225486601935291020e+00 8.233766454932396783e+00 8.232139052911083610e+00 8.220795880663605004e+00 8.199949244011577321e+00 8.169839281281698007e+00 8.130722545554046832e+00 8.082879723574379227e+00 8.026603701105473831e+00 7.962208069445061653e+00 7.890014632477887702e+00 7.810362767531318084e+00 7.723596317814255485e+00 7.630073867245421582e+00 7.530154950542235603e+00 7.424211300406942549e+00 7.312612298797011690e+00 7.195737258669184122e+00 7.073960032811921650e+00 6.947662400362855983e+00 6.817217742766162658e+00 6.683005616722864417e+00 6.545394399092872462e+00 6.404757142261448877e+00 6.261453079934232058e+00 6.115844877871548846e+00 5.968278879388891234e+00 5.819103884163567386e+00 5.668649994742717801e+00 5.517249079225543085e+00 5.365212057024460357e+00 5.212851228706977480e+00 5.060455809285701712e+00 4.908316341957950968e+00 4.756698248566588738e+00 4.605868585687533212e+00 4.456067332211181231e+00 4.307536799414926065e+00 4.160490311454144496e+00 4.015144650270476845e+00 3.871685701178491534e+00 3.730304405272010904e+00 3.591158831878609625e+00 3.454414235312643910e+00 3.320200867695670244e+00 3.188658908594014907e+00 3.059891128869230759e+00 2.934013705515648773e+00 2.811102564558389361e+00 2.691251451724162358e+00 2.574510382334218139e+00 2.460952890065417176e+00 2.350604440928796723e+00 2.243521685486221884e+00 2.139707885958637590e+00 2.039208595637808319e+00 1.942010050985883973e+00 1.848158798369929023e+00 1.757637684727187732e+00 1.670523539630974552e+00 1.586834361568535634e+00 1.506754470921769062e+00 1.430447424966221126e+00 1.358416619321773489e+00 1.291285129046128466e+00 1.230465661128412602e+00 1.177918988802520994e+00 1.137642917732123227e+00 1.115285715642567732e+00 1.122643343438264552e+00
1.182252504482155020e+00 1.237373878827658702e+00 1.300275213336353097e+00 1.372640317629620688e+00 1.454328883231478464e+00 1.545656723625977946e+00 1.646487728027976161e+00 1.756836650920047260e+00 1.876500400730896301e+00 2.005327599934726202e+00 2.143026875898565553e+00 2.289315031841097969e+00 2.443804178323778054e+00 2.606093544257613193e+00 2.775698174405101692e+00 2.952110879181151670e+00 3.134755355531490650e+00 3.323030949038850324e+00 3.516281202600145317e+00 3.713828114821649873e+00 3.914950883405927673e+00 4.118913396147423356e+00 4.324949850491694114e+00 4.532287630031349046e+00 4.740137540196250221e+00 4.947713325495411318e+00 5.154224897764251523e+00 5.358895230156402789e+00 5.560955373780231525e+00 5.759659169472580054e+00 5.954279151819802607e+00 6.144119363471503448e+00 6.328511482120146248e+00 6.506825952064473562e+00 6.678467863081629652e+00 6.842886595197603228e+00 6.999571138397599590e+00 7.148058454740752410e+00 7.287928057977494767e+00 7.418809315251388092e+00 7.540375207021543069e+00 7.652348807353733129e+00 7.754496218050877410e+00 7.846632475365543868e+00 7.928613699829245576e+00 8.000342675317758889e+00 8.061760280871890672e+00 8.112850975478862026e+00 8.153633584349599062e+00 8.184166901544228878e+00 8.204539895439438624e+00 8.214877614487278379e+00 8.215330859734628177e+00 8.206082549937335102e+00 8.187336887306324584e+00 8.159326310019039852e+00 8.122300154398535810e+00 8.076532298056896764e+00 8.022309300023394485e+00 7.959938818001574212e+00 7.889737189097999703e+00 7.812038690843836619e+00 7.727182509762733353e+00 7.635522908063467895e+00 7.537415515197856131e+00 7.433228460115162584e+00 7.323327911526589240e+00 7.208090238652010484e+00 7.087886718112518913e+00 6.963096793410062268e+00 6.834091859031282468e+00 6.701249699754830758e+00 6.564937254444781267e+00 6.425526330146017706e+00 6.283375237981411843e+00 6.138845893630930028e+00 5.992284204579717333e+00 5.844038688097759504e+00 5.694439471688424348e+00 5.543818582620839486e+00 5.392487400607384629e+00 5.240758800287821373e+00 5.088922865533642259e+00 4.937271099591910684e+00 4.786070172211682738e+00 4.635588453669990727e+00 4.486067516744439487e+00 4.337751303737796604e+00 4.190855041783242640e+00 4.045597420761792407e+00 3.902166497579116822e+00 3.760755354044073240e+00 3.621524456283010451e+00 3.484641384915308393e+00 3.350238968708894483e+00 3.218459849758339875e+00 3.089409509264659626e+00 2.963206672282210796e+00 2.839930063065811083e+00 2.719676009406943873e+00 2.602497367985963095e+00 2.488470235454657065e+00 2.377622917616574405e+00 2.270014549992811048e+00 2.165651182261417063e+00 2.064580695680410027e+00 1.966791983787600895e+00 1.872333623086848364e+00 1.781190818445960167e+00 1.693441812477874064e+00 1.609106225489679742e+00 1.528368362007281656e+00 1.451391485756967858e+00 1.378675420302013288e+00 1.310837895872415393e+00 1.249278938745193912e+00 1.195940878436121180e+00 1.154785341364814144e+00 1.131409795200523538e+00 1.137510445969670103e+00
1.195719860032379955e+00 1.249196679981502189e+00 1.310383191653406776e+00 1.380951571750054674e+00 1.460764631346927356e+00 1.550138457275274106e+00 1.648941508362762320e+00 1.757192754414352853e+00 1.874695852322697531e+00 2.001306599288598775e+00 2.136742685729323465e+00 2.280730658395247801e+00 2.432893855211068157e+00 2.592843404741868696e+00 2.760107363882188025e+00 2.934192053499973252e+00 3.114535399374789293e+00 3.300551190326439954e+00 3.491597710045784453e+00 3.687011564089070159e+00 3.886086425578950898e+00 4.088100153958108329e+00 4.292300377436606418e+00 4.497927054595494134e+00 4.704202665036633313e+00 4.910351471715443950e+00 5.115592719439281844e+00 5.319157336653277390e+00 5.520282953131872894e+00 5.718228482511777955e+00 5.912270066426539294e+00 6.101713819159110486e+00 6.285892035534803135e+00 6.464174305234795526e+00 6.635963509757177192e+00 6.800705492038431110e+00 6.957884523916212594e+00 7.107031722873538904e+00 7.247719799308970146e+00 7.379570429648060426e+00 7.502248193400623322e+00 7.615467129260749424e+00 7.718983846153353312e+00 7.812603499452070999e+00 7.896172109543766915e+00 7.969582195781993228e+00 8.032764363247862249e+00 8.085692822199709084e+00 8.128376312430987127e+00 8.160863717411851681e+00 8.183234390318558482e+00 8.195604047564142292e+00 8.198114545710469159e+00 8.190940211838986684e+00 8.174277100335276103e+00 8.148349890587052613e+00 8.113400630544838066e+00 8.069696308045458011e+00 8.017517066701262962e+00 7.957164537491265399e+00 7.888949493561619342e+00 7.813201014590013038e+00 7.730253531246646048e+00 7.640456886519753077e+00 7.544162707897631215e+00 7.441735427115399482e+00 7.333537908024094776e+00 7.219943488517602148e+00 7.101320783637735445e+00 6.978046820060005651e+00 6.850490926129653602e+00 6.719029039549226923e+00 6.584026587565180222e+00 6.445854061897464682e+00 6.304868782022047036e+00 6.161431847668563222e+00 6.015888664924022855e+00 5.868587405896093401e+00 5.719858160055149021e+00 5.570033053415821556e+00 5.419423864926822709e+00 5.268343984722774209e+00 5.117084306060259991e+00 4.965937235346863154e+00 4.815170632333321876e+00 4.665054125939979812e+00 4.515830826750373284e+00 4.367746255258262877e+00 4.221017487780651223e+00 4.075865072097593966e+00 3.932479185797771226e+00 3.791055004832848407e+00 3.651755344762210420e+00 3.514750070111825497e+00 3.380174543116277075e+00 3.248173830849031329e+00 3.118856086427463037e+00 2.992342550862867601e+00 2.868714713424823426e+00 2.748071457803980433e+00 2.630468454340418205e+00 2.515984342824445275e+00 2.404650246849202588e+00 2.296527773765073999e+00 2.191625744587250235e+00 2.089994362777747750e+00 1.991625169366671333e+00 1.896568774439352456e+00 1.804812740256879433e+00 1.716436740649666115e+00 1.631462034479657097e+00 1.550072959218827373e+00 1.472432543037359265e+00 1.399037159982705170e+00 1.330499358825273148e+00 1.268206792110788683e+00 1.214083772714946052e+00 1.172056510663872952e+00 1.147672714311134268e+00 1.152530744829001197e+00
1.209357722535408630e+00 1.261211416066471358e+00 1.320705869605785621e+00 1.389501786776282444e+00 1.467464975601852295e+00 1.554911699028313166e+00 1.651714788380416410e+00 1.757897214851479983e+00 1.873269104580330247e+00 1.997693125223041877e+00 2.130895679231946893e+00 2.272612685109247632e+00 2.422478306819507488e+00 2.580115161785341726e+00 2.745063897107152151e+00 2.916843928028215238e+00 3.094907001139645342e+00 3.278680963168673745e+00 3.467538479780847727e+00 3.660830443364669673e+00 3.857864724776895127e+00 4.057932929204676853e+00 4.260295943891956760e+00 4.464206190996447887e+00 4.668897773443369204e+00 4.873605485141166760e+00 5.077557977471435890e+00 5.279994268459999418e+00 5.480158756826945421e+00 5.677315672128044888e+00 5.870745052291527877e+00 6.059755413423707715e+00 6.243680030560398997e+00 6.421888028365054346e+00 6.593780487574147031e+00 6.758800132811232153e+00 6.916426939437312349e+00 7.066186598779434114e+00 7.207645425605762490e+00 7.340417797652700749e+00 7.464160263774635595e+00 7.578578172426195358e+00 7.683418955250842508e+00 7.778478171123813567e+00 7.863591990783921126e+00 7.938642885702530627e+00 8.003551368666871113e+00 8.058281549421611345e+00 8.102832197243195367e+00 8.137242369292374988e+00 8.161581858218442065e+00 8.175957076951783975e+00 8.180500941501414047e+00 8.175379170496251291e+00 8.160779634613621880e+00 8.136919203478388596e+00 8.104032572020058112e+00 8.062379763843585678e+00 8.012234423883434431e+00 7.953892067887427864e+00 7.887657811748031378e+00 7.813855442382915406e+00 7.732814537948905276e+00 7.644880426584439448e+00 7.550400638485246674e+00 7.449735815589623833e+00 7.343245425784584945e+00 7.231299688208480347e+00 7.114264470842139865e+00 6.992514302050904185e+00 6.866416364453180599e+00 6.736344673001387839e+00 6.602663069168954735e+00 6.465740658790620543e+00 6.325933700109619195e+00 6.183602410520085968e+00 6.039091628722741412e+00 5.892749118517359719e+00 5.744904868074614868e+00 5.595891041485206330e+00 5.446019755739617274e+00 5.295604857779036223e+00 5.144937990763883917e+00 4.994312407363421968e+00 4.843997099502393766e+00 4.694262899734152228e+00 4.545354400482040091e+00 4.397518647653793522e+00 4.250974513064138982e+00 4.105944352375006545e+00 3.962620413010673914e+00 3.821199918445500998e+00 3.681847986288552921e+00 3.544736722427751285e+00 3.410003979267993923e+00 3.277797211050776038e+00 3.148227204161164305e+00 3.021417683080399819e+00 2.897452868543480609e+00 2.776434173470030853e+00 2.658420053726104459e+00 2.543491671787169395e+00 2.431682946514198473e+00 2.323057943238689749e+00 2.217628237606738661e+00 2.115446348706981450e+00 2.016506454829098072e+00 1.920861202143170354e+00 1.828500509002970897e+00 1.739505497426380387e+00 1.653899080461442850e+00 1.571865675395635709e+00 1.493568130676453221e+00 1.419499489425341654e+00 1.350267277162248147e+00 1.287247070403165550e+00 1.232345579608045139e+00 1.189454338851018589e+00 1.164072307622796121e+00 1.167701858361318124e+00
1.223163337984134236e+00 1.273414891579837338e+00 1.331239558528435341e+00 1.398286728974135418e+00 1.474425093476547044e+00 1.559971002075467794e+00 1.654801473004945844e+00 1.758943277348042011e+00 1.872212745742837470e+00 1.994479127222227977e+00 2.125477201519109460e+00 2.264951903471498884e+00 2.412547838202707684e+00 2.567898716913961987e+00 2.730557369782740551e+00 2.900055903552556824e+00 3.075859488976413925e+00 3.257409654375188257e+00 3.444093095050042130e+00 3.635274673700452208e+00 3.830276181887256381e+00 4.028402742205656750e+00 4.228928323781810938e+00 4.431117692581060474e+00 4.634216512969823398e+00 4.837470108835116633e+00 5.040116596200277854e+00 5.241403199732023843e+00 5.440581258932827957e+00 5.636920543170188758e+00 5.829705256411962466e+00 6.018246627435171803e+00 6.201879255855821782e+00 6.379972173228352972e+00 6.551925050761482794e+00 6.717177898948784254e+00 6.875206805713554026e+00 7.025532444132147170e+00 7.167715132803543554e+00 7.301362336820100829e+00 7.426122940974984488e+00 7.541693947100378104e+00 7.647813925722384276e+00 7.744269126053667129e+00 7.830886123845086644e+00 7.907537564941193864e+00 7.974134058347424947e+00 8.030629769305315691e+00 8.077013619992078119e+00 8.113314934503904396e+00 8.139594008844190043e+00 8.155947990224889921e+00 8.162500867083263500e+00 8.159409741512353875e+00 8.146854272835788890e+00 8.125043477581717966e+00 8.094204640006571694e+00 8.054590751292264983e+00 8.006468879978172026e+00 7.950128342853061802e+00 7.885868509330123288e+00 7.814007782007117875e+00 7.734870792579655152e+00 7.648798260795206971e+00 7.556133525798911066e+00 7.457233348222301217e+00 7.352453709575283547e+00 7.242161623136792237e+00 7.126720124422507574e+00 7.006501161840336778e+00 6.881869692403868477e+00 6.753197732211797977e+00 6.620847462346625356e+00 6.485186531676756516e+00 6.346570067142901728e+00 6.205357336928164713e+00 6.061892545949616462e+00 5.916522986165206888e+00 5.769578480894010930e+00 5.621391171375634599e+00 5.472273451297740010e+00 5.322539565588296995e+00 5.172481847798827026e+00 5.022394339929181939e+00 4.872547108303452390e+00 4.723212134124858963e+00 4.574635435785548765e+00 4.427065531872449888e+00 4.280723036105690937e+00 4.135832062026674194e+00 3.992586876101217541e+00 3.851186702657157124e+00 3.711798913951684931e+00 3.574597814549303809e+00 3.439723703617707073e+00 3.307326384505260730e+00 3.177519238000633184e+00 3.050428439199869945e+00 2.926140906433038147e+00 2.804760554692771191e+00 2.686348596818134649e+00 2.570988696919946914e+00 2.458717546101776286e+00 2.349601653130860335e+00 2.243655331005960374e+00 2.140933407070571004e+00 2.041432686004413632e+00 1.945207851645272878e+00 1.852251176387956777e+00 1.762645246226277607e+00 1.676414642942196886e+00 1.593743908624490224e+00 1.514795765727953825e+00 1.440060041209354269e+00 1.370139390557606918e+00 1.306397603007698693e+00 1.250724188440968998e+00 1.206976723841140187e+00 1.180606401127779703e+00 1.183021408207580727e+00
1.237133972674924642e+00 1.285803951537914269e+00 1.341980632249821781e+00 1.407302250643132302e+00 1.481640273067845071e+00 1.565311055309831945e+00 1.658195627784894599e+00 1.760324371705054514e+00 1.871519571174427243e+00 1.991656781960907674e+00 2.120478841828588923e+00 2.257739362191694354e+00 2.403093020245807399e+00 2.556184241060135420e+00 2.716577645120489048e+00 2.883817640701340945e+00 3.057382437293161725e+00 3.236726877530964774e+00 3.421251340676607189e+00 3.610334347168020486e+00 3.803311333405577699e+00 3.999500709279823152e+00 4.198189344007911217e+00 4.398654220122194758e+00 4.600152491475014926e+00 4.801939998483832461e+00 5.003264365367931177e+00 5.203381124272179470e+00 5.401548709834272266e+00 5.597042636785042546e+00 5.789151526160305927e+00 5.977189611579677653e+00 6.160493143432528740e+00 6.338431414767830674e+00 6.510403062451007195e+00 6.675845772517853050e+00 6.834232141796531046e+00 6.985078222301456030e+00 7.127938727336677438e+00 7.262414588977470942e+00 7.388147390325905839e+00 7.504826128100505755e+00 7.612180827799875260e+00 7.709988717596732322e+00 7.798067036401465479e+00 7.876278831638598987e+00 7.944525003254035767e+00 8.002749935199339859e+00 8.050932833948868605e+00 8.089093392268923211e+00 8.117282482200410598e+00 8.135588031877599491e+00 8.144125123938319888e+00 8.143042244366935023e+00 8.132510821609942653e+00 8.112731983353716814e+00 8.083925552532921444e+00 8.046337426038835616e+00 8.000228023942669964e+00 7.945880385260516654e+00 7.883588047929706910e+00 7.813663942195365308e+00 7.736427662247128190e+00 7.652215228184843454e+00 7.561365696110192047e+00 7.464231855099563440e+00 7.361166110740864355e+00 7.252532183840100011e+00 7.138690192269018020e+00 7.020009422798660914e+00 6.896852526779269965e+00 6.769589445017576423e+00 6.638580623200512676e+00 6.504192181688225993e+00 6.366778045608232794e+00 6.226696466596887802e+00 6.084290948997480797e+00 5.939908249010946939e+00 5.793877961264580101e+00 5.646532142953348377e+00 5.498183402952014909e+00 5.349146325206470820e+00 5.199713874093701449e+00 5.050180823960105592e+00 4.900818257785228838e+00 4.751899250446893319e+00 4.603671190510715050e+00 4.456384016535427151e+00 4.310260030633774164e+00 4.165525054230260871e+00 4.022375322083689753e+00 3.881012012655018939e+00 3.741604705428407396e+00 3.604329860823368037e+00 3.469330181256049084e+00 3.336757780880487356e+00 3.206728595818591820e+00 3.079371218572641844e+00 2.954775230888969872e+00 2.833047022209393528e+00 2.714250533388257836e+00 2.598471908545253228e+00 2.485750587512734366e+00 2.376155507271493494e+00 2.269703700336805241e+00 2.166452294161213210e+00 2.066400708320649482e+00 1.969605665004046102e+00 1.876061787856963203e+00 1.785853141482047102e+00 1.699005989879749157e+00 1.615705043090056359e+00 1.536112949256199123e+00 1.460716430220966755e+00 1.390113419834280162e+00 1.325656200158091158e+00 1.269217470390363589e+00 1.224621548497063284e+00 1.197272812031358491e+00 1.198487018550976391e+00
1.251266911650140257e+00 1.298375478946559802e+00 1.352925523533612839e+00 1.416544285490262123e+00 1.489105907389231431e+00 1.570926676581976711e+00 1.661891471170514833e+00 1.762034103814884789e+00 1.871182574049022884e+00 1.989218483452187547e+00 2.115892423354610585e+00 2.250966356964913651e+00 2.394104679633624055e+00 2.544962165019726719e+00 2.703114845075707873e+00 2.868119052240700739e+00 3.039465660380039402e+00 3.216622468189673345e+00 3.399003200029803828e+00 3.585999725761388479e+00 3.776960852384104061e+00 3.971218045795376295e+00 4.168070889595524520e+00 4.366808448997867131e+00 4.566699286214787712e+00 4.767009733225366475e+00 4.966996952458528014e+00 5.165924869116188312e+00 5.363059150766583016e+00 5.557681245576906903e+00 5.749084424736265575e+00 5.936586200868606333e+00 6.119524783693300662e+00 6.297270065456499921e+00 6.469220008076454143e+00 6.634810348410108638e+00 6.793510575812624630e+00 6.944832507551728540e+00 7.088325633644495305e+00 7.223584725971592846e+00 7.350244423613053080e+00 7.467986057026115176e+00 7.576531422097163571e+00 7.675649015736445868e+00 7.765147001003714244e+00 7.844879058422528750e+00 7.914736579194083355e+00 7.974654335814865824e+00 8.024601957898379823e+00 8.064589616630605917e+00 8.094658841164854124e+00 8.114888395733249382e+00 8.125384487465824535e+00 8.126286994974432076e+00 8.117759104292169070e+00 8.099994026036092976e+00 8.073204078159314179e+00 8.037628007755515114e+00 7.993519520078547380e+00 7.941155302589006482e+00 7.880822981124521398e+00 7.812829929237262938e+00 7.737490615647137915e+00 7.655136272019755772e+00 7.566101581371513340e+00 7.470735272419347872e+00 7.369386086325939722e+00 7.262414365463936150e+00 7.150177225255254676e+00 7.033041209255021187e+00 6.911366583025689181e+00 6.785521135407329041e+00 6.655863501380025582e+00 6.522758200857587951e+00 6.386557886250900928e+00 6.247619724888909154e+00 6.106286453379637713e+00 5.962904227882470209e+00 5.817802350205836248e+00 5.671312732035545423e+00 5.523748135746074261e+00 5.375423425168839309e+00 5.226632135868948481e+00 5.077669717483826339e+00 4.928808211914671666e+00 4.780321732728372019e+00 4.632458982925789392e+00 4.485471268342871909e+00 4.339582526037698784e+00 4.195020235318468238e+00 4.051982548525674410e+00 3.910672551479189352e+00 3.771261983447261379e+00 3.633929417750163093e+00 3.498819916434963595e+00 3.366087865929214384e+00 3.235851718419766598e+00 3.108242450266786250e+00 2.983352272157385965e+00 2.861290019907835713e+00 2.742122333039090698e+00 2.625937813495499817e+00 2.512778625850295544e+00 2.402716119418639273e+00 2.295770027852074513e+00 2.191999769812207788e+00 2.091407367665609307e+00 1.994051581756781877e+00 1.899929383465636556e+00 1.809126329506515196e+00 1.721670378539867263e+00 1.637746449917292013e+00 1.557517167155783477e+00 1.481466254437545205e+00 1.410187067693946084e+00 1.345020653579531267e+00 1.287823278987596076e+00 1.242386680904819629e+00 1.214069348660657965e+00 1.214096315434801898e+00
1.265559457253055964e+00 1.311126392433577426e+00 1.364070720733626230e+00 1.426008844268799258e+00 1.496817488985936029e+00 1.576812806315565529e+00 1.665883367191081765e+00 1.764066247498666806e+00 1.871194936484332993e+00 1.987156833650794319e+00 2.111709993525961782e+00 2.244624420658095865e+00 2.385573889200787168e+00 2.534223170234987776e+00 2.690159341837539131e+00 2.852950295541902825e+00 3.022099206110240743e+00 3.197086479041216123e+00 3.377338851859733815e+00 3.562261240059458878e+00 3.751215549035374242e+00 3.943546068776181635e+00 4.138564908308793200e+00 4.335573075765990048e+00 4.533850452270987041e+00 4.732673825775741250e+00 4.931309914317491661e+00 5.129031107399553591e+00 5.325110427652081313e+00 5.518835428111901642e+00 5.709504246023228369e+00 5.896437929827174962e+00 6.078976940038941734e+00 6.256492089322927441e+00 6.428381008542745967e+00 6.594077846410362653e+00 6.753049355722616554e+00 6.904803494326673174e+00 7.048884901859181262e+00 7.184882555683366867e+00 7.312424503393333275e+00 7.431184744876276227e+00 7.540877160586958894e+00 7.641261806509646703e+00 7.732138033071697336e+00 7.813350389113331573e+00 7.884780962400212090e+00 7.946355089862792376e+00 7.998032970015507281e+00 8.039815369755183738e+00 8.071734564399289269e+00 8.093860217638004784e+00 8.106289699620367273e+00 8.109154298413846718e+00 8.102608953936401903e+00 8.086838938935178689e+00 8.062049029676261469e+00 8.028470774326173398e+00 7.986351102756359843e+00 7.935960282217548567e+00 7.877579950323410074e+00 7.811511843435041236e+00 7.738065220084501483e+00 7.657566437361059464e+00 7.570345717281909970e+00 7.476747641020217827e+00 7.377117198020691546e+00 7.271811267075211305e+00 7.161183876869491094e+00 7.045598746397153000e+00 6.925413675358933041e+00 6.800994223818233486e+00 6.672697140514062042e+00 6.540885272648601756e+00 6.405909928672625320e+00 6.268127123461995964e+00 6.127878758382933277e+00 5.985510324915820135e+00 5.841350767642103037e+00 5.695731791002292432e+00 5.548966248997729167e+00 5.401369226038112537e+00 5.253234769151557515e+00 5.104858946123089325e+00 4.956514700033105569e+00 4.808477128124827971e+00 4.660996192135602456e+00 4.514324512482728480e+00 4.368687607774017323e+00 4.224314565189733806e+00 4.081405403969499801e+00 3.940165070460744712e+00 3.800767416248455266e+00 3.663393084469441785e+00 3.528189453083720561e+00 3.395313142037433618e+00 3.264885080123550498e+00 3.137038593684721821e+00 3.011868487587635812e+00 2.889486015513415218e+00 2.769960485923184557e+00 2.653382935862186542e+00 2.539798230196507411e+00 2.429280114058662843e+00 2.321851003325708263e+00 2.217572598233588099e+00 2.116449511234669512e+00 2.018542539774562883e+00 1.923850998737679063e+00 1.832461949347962138e+00 1.744405056344292326e+00 1.659865488005930922e+00 1.579005890964653602e+00 1.502307095707270390e+00 1.430358019444936124e+00 1.364488737133630059e+00 1.306539450630592958e+00 1.260269974668092097e+00 1.230993810410799361e+00 1.229846926147723618e+00
1.280008927788542472e+00 1.324053644033496679e+00 1.375412764649545316e+00 1.435692010666821172e+00 1.504770604847048610e+00 1.582964501463587137e+00 1.670165818510401357e+00 1.766414736751246606e+00 1.871550021102471373e+00 1.985464633489660624e+00 2.107923814710547905e+00 2.238705313901476313e+00 2.377491958650250758e+00 2.523958179894354004e+00 2.677701749570442047e+00 2.838301765222122963e+00 3.005273349726026666e+00 3.178109175068174252e+00 3.356248667020203413e+00 3.539109487674352295e+00 3.726066371021738100e+00 3.916476199099793831e+00 4.109663414772909640e+00 4.304940824173300484e+00 4.501599530357236922e+00 4.698926731891522657e+00 4.896198708085027995e+00 5.092696370536121009e+00 5.287700204265195048e+00 5.480504022786522711e+00 5.670411028861879643e+00 5.856746046868598121e+00 6.038852063041747265e+00 6.216101115634943497e+00 6.387890833151202763e+00 6.553654123122298003e+00 6.712855360040423491e+00 6.864999006591852471e+00 7.009625215644151197e+00 7.146317528277060127e+00 7.274697747613076970e+00 7.394432875036415886e+00 7.505229187995212214e+00 7.606838591882927325e+00 7.699051889358186962e+00 7.781704735906163961e+00 7.854670125582491558e+00 7.917864141141656376e+00 7.971237702163513461e+00 8.014782295618331887e+00 8.048521039599817684e+00 8.072514568444530525e+00 8.086851461787821549e+00 8.091654441842278445e+00 8.087070206374724179e+00 8.073276076780272703e+00 8.050469257833483994e+00 8.018874056019086538e+00 7.978730571086515511e+00 7.930302586630438633e+00 7.873865680525740984e+00 7.809715875421160192e+00 7.738157138339686547e+00 7.659510868459707744e+00 7.574102741180864129e+00 7.482273104736845148e+00 7.384363110935777463e+00 7.280726090811013407e+00 7.171712902690245528e+00 7.057684360026475368e+00 6.938995716752963894e+00 6.816010227314524883e+00 6.689082678538905924e+00 6.558574172396758328e+00 6.424834601852225546e+00 6.288218760841828292e+00 6.149067647669133052e+00 6.007726024166108125e+00 5.864522413008096180e+00 5.719788249385897139e+00 5.573836416864914156e+00 5.426982160942802835e+00 5.279519980284606895e+00 5.131746503577484297e+00 4.983935517312971797e+00 4.836363047355241029e+00 4.689280258502222409e+00 4.542941033041990373e+00 4.397572417774677334e+00 4.253405057719578330e+00 4.110640788352926123e+00 3.969486369657398761e+00 3.830117718039660168e+00 3.692717503240775745e+00 3.557435375317318904e+00 3.424430148763568216e+00 3.293825189335956249e+00 3.165756139168851568e+00 3.040320362271828003e+00 2.917631501261547911e+00 2.797761503447603104e+00 2.680803817730210703e+00 2.566805984373674132e+00 2.455844127191580295e+00 2.347943324858520420e+00 2.243167548834248848e+00 2.141523988365265474e+00 2.043075476104733834e+00 1.947823665510923341e+00 1.855857133634986722e+00 1.767207261709468513e+00 1.682059504856909804e+00 1.600576578670606320e+00 1.523236520523970627e+00 1.450623943727755716e+00 1.384058207464766488e+00 1.325363805103249026e+00 1.278269269220623006e+00 1.248043987726101589e+00 1.245736478672353487e+00
1.294612656283228525e+00 1.337154217115739563e+00 1.386948245571680616e+00 1.445589937430967531e+00 1.512960931597687297e+00 1.589376929786141091e+00 1.674733459839879535e+00 1.769073658372100510e+00 1.872241362995358038e+00 1.984134874328835840e+00 2.104526355327027254e+00 2.233201016068116829e+00 2.369850425626769841e+00 2.514158350340090831e+00 2.665732916403032338e+00 2.824164085960097381e+00 2.988978587717013635e+00 3.159681028704225625e+00 3.335723205098366950e+00 3.516535231509600123e+00 3.701504403459368486e+00 3.889999963319485943e+00 4.081358494138033421e+00 4.274904450634859465e+00 4.469940054037816246e+00 4.665762859203890223e+00 4.861658701476852862e+00 5.056917059737799036e+00 5.250825974750972236e+00 5.442685661079851300e+00 5.631804570754384898e+00 5.817511528160734358e+00 5.999152304186100793e+00 6.176100452235202987e+00 6.347753912268568222e+00 6.513544683733902829e+00 6.672935108488504241e+00 6.825426507208724125e+00 6.970554900153939748e+00 7.107898742653603996e+00 7.237073934503253092e+00 7.357740806603944250e+00 7.469598343583589539e+00 7.572390590053178272e+00 7.665900066859447470e+00 7.749953777009610967e+00 7.824415834434005568e+00 7.889193254064490013e+00 7.944227834606501837e+00 7.989501914072326905e+00 8.025029557087597354e+00 8.050862447290327850e+00 8.067080427906834217e+00 8.073797687603017081e+00 8.071152693441122850e+00 8.059314809175688765e+00 8.038473645115182364e+00 8.008846229662301752e+00 7.970665783553524619e+00 7.924189548551602513e+00 7.869686975980719090e+00 7.807448302352320901e+00 7.737772125393875378e+00 7.660974805997394554e+00 7.577377389780250994e+00 7.487315908590508329e+00 7.391127592213201147e+00 7.289162140867798456e+00 7.181767159709551152e+00 7.069300476170483627e+00 6.952114718797188786e+00 6.830570759647212498e+00 6.705021347920432362e+00 6.575825767657510035e+00 6.443332424587196350e+00 6.307894822928299838e+00 6.169852989821687395e+00 6.029550892174616372e+00 5.887316565820469805e+00 5.743481114434818124e+00 5.598357388893410835e+00 5.452260736103511363e+00 5.305486046429547464e+00 5.158330452101550279e+00 5.011068525213637770e+00 4.863977165138851255e+00 4.717308684067311297e+00 4.571318173419807174e+00 4.426234154856634184e+00 4.282288781172573167e+00 4.139685653429232559e+00 3.998633298287152638e+00 3.859309649448177559e+00 3.721899359918539485e+00 3.586554307937933395e+00 3.453435463369202374e+00 3.322668589111601900e+00 3.194391608595977150e+00 3.068704409672037947e+00 2.945722994557280927e+00 2.825521918964648993e+00 2.708197019897923052e+00 2.593798487691379773e+00 2.482404807102029487e+00 2.374043699669804663e+00 2.268781397030455338e+00 2.166627651358376649e+00 2.067647327801078294e+00 1.971844412771989630e+00 1.879309009410986109e+00 1.790074224875987330e+00 1.704325837390700427e+00 1.622226675511036387e+00 1.544252080796958637e+00 1.470982493237975586e+00 1.403726804647456028e+00 1.344294146101732146e+00 1.296382390155303099e+00 1.265217662114216157e+00 1.261762601193422872e+00
1.309367989339318861e+00 1.350425124447803826e+00 1.398673800503832165e+00 1.455698842711998564e+00 1.521384230955490136e+00 1.596045364432007618e+00 1.679581051689804871e+00 1.772037244961968794e+00 1.873262662074446583e+00 1.983160729796766386e+00 2.101510281345063014e+00 2.228103716625471797e+00 2.362641047132522321e+00 2.504815062774844225e+00 2.654243916659949409e+00 2.810528105487426487e+00 2.973205631796946857e+00 3.141792715006225034e+00 3.315753210968245046e+00 3.494529397850297148e+00 3.677520868663295417e+00 3.864108995140504987e+00 4.053642305317744388e+00 4.245456749218481818e+00 4.438865556394417489e+00 4.633176575458098689e+00 4.827685182443993028e+00 5.021689456904147697e+00 5.214485075521648305e+00 5.405378780208986988e+00 5.593684441013115460e+00 5.778735090993160739e+00 5.959879529177945834e+00 6.136493098524213430e+00 6.307974349729567720e+00 6.473754693607145505e+00 6.633294772569760411e+00 6.786093107316202300e+00 6.931681930088654298e+00 7.069634953079149575e+00 7.199562507722041538e+00 7.321118578023114942e+00 7.433995163291596597e+00 7.537928736145854458e+00 7.632693802148997619e+00 7.718108954720337422e+00 7.794029644573155835e+00 7.860354009611891790e+00 7.917014891127510445e+00 7.963985615289534969e+00 8.001271303739420304e+00 8.028914775174021301e+00 8.046987197842360828e+00 8.055594266537710268e+00 8.054866236350564535e+00 8.044964514160037439e+00 8.026071099576560286e+00 7.998395712837250038e+00 7.962164652629388328e+00 7.917628566023559245e+00 7.865050715761723765e+00 7.804715483994084657e+00 7.736916025025468713e+00 7.661963584184841913e+00 7.580174496744431778e+00 7.491880396823034083e+00 7.397414509479997236e+00 7.297122822336233661e+00 7.191349605507718401e+00 7.080449620554925438e+00 6.964772791423638587e+00 6.844677531194991005e+00 6.720514475769825857e+00 6.592641018460581925e+00 6.461404005853925270e+00 6.327155583432712227e+00 6.190234738834957895e+00 6.050984578489149612e+00 5.909732586212333771e+00 5.766809471649108509e+00 5.622527990543613186e+00 5.477203531344429166e+00 5.331131316058844050e+00 5.184608922977296253e+00 5.037911651934554591e+00 4.891317220631377083e+00 4.745079032975045408e+00 4.599453336741675002e+00 4.454670075132444396e+00 4.310962858614661108e+00 4.168537003186690626e+00 4.027602755160049064e+00 3.888340017969795781e+00 3.750935384422060981e+00 3.615542916929992412e+00 3.482325701341881796e+00 3.351411857706406483e+00 3.222941555961129190e+00 3.097017172235870586e+00 2.973757038622288906e+00 2.853238288449414295e+00 2.735559122583541836e+00 2.620772355679600540e+00 2.508958815116326235e+00 2.400148844875239273e+00 2.294410925040961668e+00 2.191757356287174829e+00 2.092255032741923149e+00 1.995910267479718891e+00 1.902814698958313011e+00 1.813003168728705372e+00 1.726661812757507075e+00 1.643953614765888860e+00 1.565351314615690104e+00 1.491431305446260014e+00 1.423492252834348992e+00 1.363328261767036143e+00 1.314607149568916000e+00 1.282512606191144267e+00 1.277922921662008049e+00
1.324272286076580984e+00 1.363863406385636301e+00 1.410586110554009620e+00 1.466015006619522554e+00 1.530036345436535328e+00 1.602965178807253421e+00 1.684703474440677473e+00 1.775299868266071890e+00 1.874607775785413155e+00 1.982535548005186499e+00 2.098868448156676170e+00 2.223405806843552490e+00 2.355855791272261524e+00 2.495919915258205446e+00 2.643226043332143060e+00 2.797384887755685057e+00 2.957945402984165195e+00 3.124435106850425026e+00 3.296329611283656202e+00 3.473083074305522988e+00 3.654107125658004662e+00 3.838795036578597664e+00 4.026507083832810530e+00 4.216590556166510240e+00 4.408369576173714499e+00 4.601162216190743059e+00 4.794273368242374822e+00 4.987009734909719327e+00 5.178674696555352064e+00 5.368581635207296365e+00 5.556049993368293194e+00 5.740417206653416038e+00 5.921035330826061482e+00 6.097281758087993886e+00 6.268555934964533449e+00 6.434288989678156767e+00 6.593940186037659856e+00 6.747005575697674118e+00 6.893013937818027514e+00 7.031534575961829958e+00 7.162172581716735209e+00 7.284575911001053505e+00 7.398429882211037700e+00 7.503463683285320762e+00 7.599444071111135734e+00 7.686181473913300088e+00 7.763522898905718783e+00 7.831357801698096921e+00 7.889610234542945300e+00 7.938244654576885218e+00 7.977257357256608117e+00 8.006682388831521280e+00 8.026582311016575488e+00 8.037054371510615525e+00 8.038220639243821353e+00 8.030234571885191741e+00 8.013270548755365041e+00 7.987530958105307555e+00 7.953235139381241936e+00 7.910627097446053746e+00 7.859963849270239500e+00 7.801523858709933812e+00 7.735594766290804003e+00 7.662482627728993023e+00 7.582498990128686778e+00 7.495971010782892741e+00 7.403227829151846073e+00 7.304611639887376384e+00 7.200463297283802078e+00 7.091134417938561363e+00 6.976972142505553087e+00 6.858332348786992050e+00 6.735563483852364364e+00 6.609020977469212355e+00 6.479050045084797205e+00 6.346001404243617472e+00 6.210212934543361207e+00 6.072026816134846960e+00 5.931769915427873130e+00 5.789772485284673031e+00 5.646347123693606918e+00 5.501809200587667981e+00 5.356454209436757985e+00 5.210580116979098619e+00 5.064462892864071364e+00 4.918381017859201343e+00 4.772588931894549802e+00 4.627343986273897869e+00 4.482877492421238230e+00 4.339424468325533191e+00 4.197191894267325196e+00 4.056391689108177268e+00 3.917205678414595216e+00 3.779822351201346020e+00 3.644397909949346204e+00 3.511097516910620886e+00 3.380051609121606404e+00 3.251402567951508171e+00 3.125255222001008804e+00 3.001730203129969077e+00 2.880907191164671310e+00 2.762886726118434222e+00 2.647724220808423290e+00 2.535502826346042404e+00 2.426255488251412906e+00 2.320052922669116668e+00 2.216909963793144200e+00 2.116895530436304185e+00 2.020018255377396876e+00 1.926371320612143778e+00 1.835991309607585276e+00 1.749064749139259245e+00 1.665754818543678129e+00 1.586531747009187088e+00 1.511968003315339093e+00 1.443352260904557260e+00 1.382463925223197609e+00 1.332941346421371520e+00 1.299926583755281140e+00 1.294215067412485043e+00
1.339322917157350856e+00 1.377466129183820831e+00 1.422681898483377116e+00 1.476534767974049034e+00 1.538913194296846143e+00 1.610131841715182643e+00 1.690095722717447568e+00 1.778856032845921087e+00 1.876270712169516353e+00 1.982252844119665847e+00 2.096593892801943415e+00 2.219099871844861127e+00 2.349486829315935665e+00 2.487464714984526371e+00 2.632670800780767539e+00 2.784725706278943225e+00 2.943189025790133417e+00 3.107599270162008764e+00 3.277443510924581194e+00 3.452187507621610418e+00 3.631254669476314589e+00 3.814049938826988395e+00 3.999945144289046350e+00 4.188298753985439937e+00 4.378445663446981051e+00 4.569714091875643369e+00 4.761418413941576055e+00 4.952873967316136827e+00 5.143391892120647846e+00 5.332292310444985084e+00 5.518900378049270472e+00 5.702558112821922265e+00 5.882621041499141334e+00 6.058468850968783848e+00 6.229502154845220296e+00 6.395152091656106208e+00 6.554876855248305212e+00 6.708170348113397630e+00 6.854558221551951824e+00 6.993605696751536982e+00 7.124912947278482456e+00 7.248122214678050845e+00 7.362912437366505358e+00 7.469005804012239125e+00 7.566161589051414005e+00 7.654182300927320881e+00 7.732906725389540270e+00 7.802215833936362088e+00 7.862025062603267500e+00 7.912290147554929653e+00 7.952998680769551854e+00 7.984176034912931819e+00 8.005876240301063262e+00 8.018188151151813159e+00 8.021225682907298093e+00 8.015134358426102779e+00 8.000080933671139150e+00 7.976260447280970389e+00 7.943885248087488193e+00 7.903192656588687193e+00 7.854433391683539156e+00 7.797879939368265845e+00 7.733814359901715285e+00 7.662537448680614816e+00 7.584355889686182906e+00 7.499592286672250196e+00 7.408571614594052335e+00 7.311632196316080190e+00 7.209111390746308246e+00 7.101357591313727902e+00 6.988715077329486824e+00 6.871537115408193230e+00 6.750169888489261361e+00 6.624966790043457898e+00 6.496271332360708861e+00 6.364432735719320888e+00 6.229787702988102360e+00 6.092677422032884316e+00 5.953428076274426495e+00 5.812369398823570066e+00 5.669813767115984504e+00 5.526076472327898337e+00 5.381453219085971185e+00 5.236242304828962801e+00 5.090720311022137068e+00 4.945166426150071182e+00 4.799836070440593794e+00 4.654987645837375787e+00 4.510853778659495994e+00 4.367670844210664427e+00 4.225647436384798894e+00 4.084997099413889998e+00 3.945903533349879755e+00 3.808557079698640546e+00 3.673116036806977291e+00 3.539747603554574962e+00 3.408584493639660096e+00 3.279771264511084361e+00 3.153415161189375482e+00 3.029639084829216955e+00 2.908525230313761423e+00 2.790176451627830900e+00 2.674650733194857910e+00 2.562033530418546423e+00 2.452360368987391848e+00 2.345704188072247121e+00 2.242082339869876595e+00 2.141565762818407048e+00 2.044165401793981207e+00 1.949975989564147083e+00 1.859035858109245432e+00 1.771531956543397790e+00 1.687627698560556055e+00 1.607790890699995590e+00 1.532590196013683181e+00 1.463304523111900401e+00 1.401698895120566668e+00 1.351382766908461042e+00 1.317457349888654594e+00 1.310636664829103459e+00
1.354517263889731815e+00 1.391230383418727401e+00 1.434957926404463180e+00 1.487254521245314098e+00 1.548010769696423372e+00 1.617540912752904347e+00 1.695752900050622847e+00 1.782700370062795026e+00 1.878245623254385599e+00 1.982306293268915054e+00 2.094679826533147438e+00 2.215178682981949088e+00 2.343526528066995684e+00 2.479441470833316785e+00 2.622569897669695393e+00 2.772542037650862934e+00 2.928927822519609592e+00 3.091276459186159897e+00 3.259086189409720724e+00 3.431834101383379299e+00 3.608955130267545997e+00 3.789865662856152451e+00 3.973948882516287195e+00 4.160574275132174371e+00 4.349087384811331169e+00 4.538826494567821612e+00 4.729115420401076797e+00 4.919278137535092021e+00 5.108633590950003800e+00 5.296508730611297899e+00 5.482234553354389028e+00 5.665157825495638733e+00 5.844637745163602460e+00 6.020056525578521445e+00 6.190816205243408810e+00 6.356348213010494241e+00 6.516109969379843214e+00 6.669593536579903059e+00 6.816321753536133343e+00 6.955856076939073596e+00 7.087792077264842838e+00 7.211766590026629231e+00 7.327452470776624871e+00 7.434565192023836921e+00 7.532856811161515509e+00 7.622122162825850644e+00 7.702192035184540764e+00 7.772939116789582492e+00 7.834270404269323862e+00 7.886133065694406419e+00 7.928506117774204220e+00 7.961406364459802987e+00 7.984879386173150628e+00 7.999005703824940916e+00 8.003891118675904082e+00 7.999673239731484919e+00 7.986511202923757047e+00 7.964592685764333879e+00 7.934123020875762045e+00 7.895332807591159074e+00 7.848466419359529489e+00 7.793790309180335996e+00 7.731580894512156021e+00 7.662133643173565822e+00 7.585750304053558324e+00 7.502748853163800469e+00 7.413450024147320683e+00 7.318188190947791050e+00 7.217297138868956630e+00 7.111121960976247713e+00 7.000003997943156087e+00 6.884293829788821206e+00 6.764335300352886549e+00 6.640479694207116701e+00 6.513068748517808260e+00 6.382450116905342696e+00 6.248959256719369471e+00 6.112936297364722549e+00 5.974706673529501799e+00 5.834599535407853921e+00 5.692926976925847704e+00 5.550004150084872023e+00 5.406126910237833094e+00 5.261593827640114185e+00 5.116682037495110080e+00 4.971671380558777997e+00 4.826818201591343005e+00 4.682381900219740878e+00 4.538596364310804709e+00 4.395699276212491569e+00 4.253900792741098336e+00 4.113416036236197115e+00 3.974430533540355803e+00 3.837136434806127205e+00 3.701694089947598965e+00 3.568272694505366438e+00 3.437007198352532544e+00 3.308044299396444732e+00 3.181493622791472298e+00 3.057480308157486615e+00 2.936089033681995808e+00 2.817424941699520513e+00 2.701548561297252071e+00 2.588547632194978743e+00 2.478460238423717321e+00 2.371361528518650452e+00 2.267271356634857238e+00 2.166262675030490747e+00 2.068348732434453385e+00 1.973625818656049580e+00 1.882134019879295295e+00 1.794060737588457632e+00 1.709569656912335756e+00 1.629126246852681925e+00 1.553295479625748543e+00 1.483346719732832719e+00 1.421030916183638748e+00 1.369929184847139325e+00 1.335102651083704517e+00 1.327185339059245850e+00
1.369852717404481002e+00 1.405153282518122104e+00 1.447410993620170894e+00 1.498170713666461928e+00 1.557325133073576229e+00 1.625188037950652031e+00 1.701670213809082455e+00 1.786827632356849049e+00 1.880526798757894413e+00 1.982689723776793311e+00 2.093119627702232144e+00 2.211635190529000372e+00 2.337967442525051176e+00 2.471842386183750850e+00 2.612915240121555183e+00 2.760825555235088657e+00 2.915153307685375950e+00 3.075458111807845896e+00 3.241249097286753589e+00 3.412014413618952968e+00 3.587200272234395637e+00 3.766234279769103299e+00 3.948510777393732685e+00 4.133410105323997108e+00 4.320288328160674318e+00 4.508493704073597286e+00 4.697359441741102870e+00 4.886218147467547013e+00 5.074396605884831324e+00 5.261228671177593519e+00 5.446051296724525592e+00 5.628216150451013533e+00 5.807086289007880708e+00 5.982046670255947163e+00 6.152501002298263799e+00 6.317881271738278848e+00 6.477644410506334438e+00 6.631280938579878104e+00 6.778311188253261399e+00 6.918293161132759828e+00 7.050818132466737609e+00 7.175517834455135358e+00 7.292059332771941627e+00 7.400151664213737490e+00 7.499539933316756724e+00 7.590011547013255644e+00 7.671389521170913994e+00 7.743538465091854839e+00 7.806357116353177084e+00 7.859784232202454035e+00 7.903790387396054662e+00 7.938383927681549324e+00 7.963602071138091709e+00 7.979517071823984509e+00 7.986226662525853115e+00 7.983860565724342884e+00 7.972570306901825887e+00 7.952536196944650193e+00 7.923956532395308727e+00 7.887055159964085682e+00 7.842070065211738772e+00 7.789261617481728628e+00 7.728900532925922384e+00 7.661276888066896440e+00 7.586687427825298258e+00 7.505445428896335258e+00 7.417867309026076938e+00 7.324283417915157024e+00 7.225023890516578007e+00 7.120430443468548809e+00 7.010841402381840837e+00 6.896604585879313021e+00 6.778061424155993109e+00 6.655561020518035775e+00 6.529443265167627075e+00 6.400054175675440327e+00 6.267727895032170871e+00 6.132803427879726321e+00 5.995605394300350888e+00 5.856462298234497155e+00 5.715685886997571075e+00 5.573591112831483230e+00 5.430473921263976322e+00 5.286633097346886245e+00 5.142346271860819051e+00 4.997893882286198242e+00 4.853533142101773556e+00 4.709524395584761436e+00 4.566102738773823333e+00 4.423507110720120039e+00 4.281949180441698921e+00 4.141645601035127022e+00 4.002783678385475774e+00 3.865557327319842251e+00 3.730128904923385225e+00 3.596669563243362067e+00 3.465316447682819323e+00 3.336218360724329646e+00 3.209487271141401532e+00 3.085250525843620473e+00 2.963595254267089363e+00 2.844628861040981782e+00 2.728414392597747096e+00 2.615041852476034823e+00 2.504551860779181460e+00 2.397021761132519302e+00 2.292473893089466586e+00 2.190983216194504646e+00 2.092565274159413846e+00 1.997317919163172917e+00 1.905282996395479600e+00 1.816648388281405735e+00 1.731578086839446362e+00 1.650535305816647202e+00 1.574081437858560140e+00 1.503476517713684846e+00 1.440457719762850752e+00 1.388578362072444783e+00 1.352860225393967664e+00 1.343858713770601732e+00
1.385326677901303150e+00 1.419231961391216768e+00 1.460037934595665776e+00 1.509279842514317682e+00 1.566852411718056226e+00 1.633068945640852032e+00 1.707842970390341053e+00 1.791232687806807888e+00 1.883108660089704678e+00 1.983397110701755173e+00 2.091906834957081074e+00 2.208462516674426723e+00 2.332802308831900984e+00 2.464659851984925432e+00 2.603698925092083449e+00 2.749568123027318123e+00 2.901857182539752333e+00 3.060135844926676896e+00 3.223923852510703902e+00 3.392720154322496739e+00 3.565981992416482615e+00 3.743147970933276003e+00 3.923623392385348296e+00 4.106799286497793133e+00 4.292042107052853162e+00 4.478709993673537504e+00 4.666145492334058176e+00 4.853689825643533240e+00 5.040677643014106479e+00 5.226449768360108550e+00 5.410349215335488182e+00 5.591732694257254721e+00 5.769967294659694268e+00 5.944440924469109433e+00 6.114559193389577985e+00 6.279754900903476766e+00 6.439484763514701449e+00 6.593238046187463119e+00 6.740532870611581906e+00 6.880924084192066026e+00 7.013998967597670386e+00 7.139384446592969446e+00 7.256742085546320276e+00 7.365774762988785973e+00 7.466220893184890350e+00 7.557860701187062880e+00 7.640509656818245787e+00 7.714024495926524061e+00 7.778295880511907789e+00 7.833254318250096659e+00 7.878862079976303612e+00 7.915119169028770330e+00 7.942054534417866130e+00 7.959732235802533751e+00 7.968241989363246347e+00 7.967705664560213563e+00 7.958267192110491273e+00 7.940099516685817704e+00 7.913393884535437905e+00 7.878367363602535534e+00 7.835251514066733591e+00 7.784300575469526251e+00 7.725779508237057058e+00 7.659972937500660883e+00 7.587172538526803400e+00 7.507686819857962490e+00 7.421827811097034377e+00 7.329921764310918242e+00 7.232295088946496975e+00 7.129286050400108543e+00 7.021229883776241465e+00 6.908471572212834921e+00 6.791350058236007570e+00 6.670212191842052718e+00 6.545395944630027607e+00 6.417245628795054557e+00 6.286094004134231916e+00 6.152278884144260829e+00 6.016124008334005957e+00 5.877957170909113849e+00 5.738089709348012768e+00 5.596836315395135486e+00 5.454492964087141793e+00 5.311358597118871927e+00 5.167711282602103218e+00 5.023831999090157652e+00 4.879978772911433005e+00 4.736412839877872649e+00 4.593370450787528370e+00 4.451091750976967631e+00 4.309789870908701914e+00 4.169682946993813921e+00 4.030960016353958508e+00 3.893816714389931377e+00 3.758417360863059553e+00 3.624935023988270721e+00 3.493509003898070731e+00 3.364290171511344241e+00 3.237392802483046950e+00 3.112946419500986828e+00 2.991040570899131890e+00 2.871784897125465363e+00 2.755244934273238577e+00 2.641512928696010842e+00 2.530632013865782959e+00 2.422681713627127031e+00 2.317686835867481587e+00 2.215724340172591678e+00 2.116812055754147437e+00 2.021049401568087767e+00 1.928479985741673453e+00 1.839292198786776522e+00 1.753650373484753722e+00 1.672015547863277218e+00 1.594945642744491909e+00 1.523691571316970306e+00 1.459977024389922828e+00 1.407328048845158719e+00 1.370727802607170087e+00 1.360654410949666326e+00
1.400936553960554054e+00 1.433463575153440139e+00 1.472835617055754609e+00 1.520578452546618609e+00 1.576588795532210430e+00 1.641179442544675959e+00 1.714266570654894295e+00 1.795910514956018611e+00 1.885985754635856937e+00 1.984422569669334058e+00 2.091035140732957043e+00 2.205653948802009712e+00 2.328024037490347364e+00 2.457886440073671963e+00 2.594913233957551579e+00 2.738761789687147896e+00 2.889031329724638386e+00 3.045301449892321433e+00 3.207102236819796115e+00 3.373943182908000438e+00 3.545292319337132625e+00 3.720599027908652712e+00 3.899279376807466058e+00 4.080734919442492448e+00 4.264342364698124221e+00 4.449469635423646707e+00 4.635468553341466347e+00 4.821688934886118716e+00 5.007473310327971383e+00 5.192169528601094264e+00 5.375126756224464231e+00 5.555706874851166432e+00 5.733281169003305422e+00 5.907240689665957944e+00 6.076993167815258445e+00 6.241972458943299884e+00 6.401635325854790892e+00 6.555470055095495852e+00 6.702992844104418424e+00 6.843755678399332965e+00 6.977342137384594523e+00 7.103374631235659820e+00 7.221509506919875143e+00 7.331443758841247771e+00 7.432909371625555650e+00 7.525679633607075480e+00 7.609562695388585318e+00 7.684407626846073036e+00 7.750097200582532153e+00 7.806553839531975569e+00 7.853731652974256683e+00 7.891622422560451433e+00 7.920246926906387763e+00 7.939661109437989417e+00 7.949946727513275135e+00 7.951217837049999737e+00 7.943610795627269461e+00 7.927291187903677816e+00 7.902443201200977541e+00 7.869277103823781871e+00 7.828017998015730505e+00 7.778913951906756274e+00 7.722224119914251617e+00 7.658227619376104300e+00 7.587210993496049660e+00 7.509477916665835195e+00 7.425335960545849545e+00 7.335107208223828223e+00 7.239114270190899703e+00 7.137691887149615333e+00 7.031172129345121036e+00 6.919897071157571133e+00 6.804203094035629285e+00 6.684434723030966197e+00 6.560927939778761875e+00 6.434025281906315286e+00 6.304058057244594337e+00 6.171362821730524750e+00 6.036262368275795431e+00 5.899083717756376188e+00 5.760137734483970817e+00 5.619738788830118459e+00 5.478182824569129750e+00 5.335768881757365634e+00 5.192775407506967866e+00 5.049483865686425155e+00 4.906153039545104733e+00 4.763045003226668683e+00 4.620397108832804633e+00 4.478450657485519848e+00 4.337420190291480182e+00 4.197525279437972046e+00 4.058956645415266351e+00 3.921911599967208950e+00 3.786556380936459298e+00 3.653065932184274445e+00 3.521581667618639333e+00 3.392256490206194908e+00 3.265206945527869831e+00 3.140564700211335492e+00 3.018421688850558393e+00 2.898889760827464190e+00 2.782036913855293392e+00 2.667957615605508703e+00 2.556697489792188804e+00 2.448338225026580606e+00 2.342907079972369910e+00 2.240483006316715819e+00 2.141086108687263234e+00 2.044817376324453928e+00 1.951722183372845532e+00 1.861989454187638726e+00 1.775783894644255234e+00 1.693564443917261464e+00 1.615885655340113081e+00 1.543989522766481493e+00 1.479586536336204849e+00 1.426175984269382413e+00 1.388703104439311664e+00 1.377570050739118201e+00
1.416679761916653790e+00 1.447845297940606013e+00 1.485800940200728171e+00 1.532063133587567405e+00 1.586530533970003987e+00 1.649515410064584353e+00 1.720936505591940557e+00 1.800856197891398391e+00 1.889152750312671936e+00 1.985760350983888811e+00 2.090498385025912231e+00 2.203202933048671763e+00 2.323625706845560135e+00 2.451514896731978865e+00 2.586550626309957579e+00 2.728398782737449846e+00 2.876667808041285301e+00 3.030946888005298323e+00 3.190776192117210641e+00 3.355675505606063425e+00 3.525123411528717110e+00 3.698579852190408523e+00 3.875471466849308655e+00 4.055210166127320548e+00 4.237182777592737537e+00 4.420766905058993501e+00 4.605323578820195607e+00 4.790211179522215978e+00 4.974780125907185990e+00 5.158385337586539165e+00 5.340382215965639112e+00 5.520137931685114907e+00 5.697028114604465898e+00 5.870447139776500123e+00 6.039805067172266284e+00 6.204537039736043980e+00 6.364100117113942190e+00 6.517981873532588288e+00 6.665696858925490353e+00 6.806794480652043511e+00 6.940854902741054211e+00 7.067496304429385923e+00 7.186370094292402477e+00 7.297167653155528733e+00 7.399614794360357628e+00 7.493478113662765061e+00 7.578558669456582741e+00 7.654698074419264309e+00 7.721771400245915906e+00 7.779693153148986795e+00 7.828409427179344071e+00 7.867903907601329294e+00 7.898189306390100306e+00 7.919313534332191651e+00 7.931350453413871904e+00 7.934406351253339373e+00 7.928610039693533729e+00 7.914119755244214183e+00 7.891112623154787897e+00 7.859792096440044062e+00 7.820376791771438185e+00 7.773108568805287000e+00 7.718240729840092129e+00 7.656046831770608740e+00 7.586808226683504408e+00 7.510823691751238762e+00 7.428396273439686226e+00 7.339843816664328280e+00 7.245485061325892318e+00 7.145651151453428440e+00 7.040670919276248441e+00 6.930883458061302349e+00 6.816622515481389755e+00 6.698230220505351440e+00 6.576040493799622411e+00 6.450394029434030507e+00 6.321620614621838996e+00 6.190055481343665456e+00 6.056020409874505184e+00 5.919841584085137498e+00 5.781829331711838549e+00 5.642297640759036170e+00 5.501542362873774294e+00 5.359862578072124073e+00 5.217537054053559942e+00 5.074847684138249271e+00 4.932053952504950267e+00 4.789418718335119785e+00 4.647180381529376625e+00 4.505581348408457920e+00 4.364837519874191329e+00 4.225169856252364298e+00 4.086770713467841709e+00 3.949839035245965579e+00 3.814542932814639631e+00 3.681059184979829091e+00 3.549531278319354666e+00 3.420114111214807462e+00 3.292926462004664767e+00 3.168102109099813379e+00 3.045735340436543481e+00 2.925940187048007068e+00 2.808787079879401904e+00 2.694372685943180912e+00 2.582745095656136414e+00 2.473988146376464137e+00 2.368131529503601840e+00 2.265256180207650072e+00 2.165384467859120310e+00 2.068618954611221916e+00 1.975006782871030486e+00 1.884737435238382330e+00 1.797976021510634403e+00 1.715179456282078130e+00 1.636899026420921111e+00 1.564368002890892173e+00 1.499283950173644575e+00 1.445119896719302188e+00 1.406783844748386469e+00 1.394603251311753889e+00
1.432553725289578805e+00 1.462374321807450306e+00 1.498930833034131327e+00 1.543730518253637163e+00 1.596673933144357127e+00 1.658072800771972055e+00 1.727848352204604865e+00 1.806064921562625880e+00 1.892604430376781943e+00 1.987404834006680332e+00 2.090290549435769307e+00 2.201103068127419515e+00 2.319600556819124471e+00 2.445538136476141045e+00 2.578603733954671906e+00 2.718471502928899053e+00 2.864758847340530767e+00 3.017064286087285829e+00 3.174937816866318041e+00 3.337909272814648887e+00 3.505467555950662284e+00 3.677082954783013946e+00 3.852192486365816126e+00 4.030218251747118785e+00 4.210557058820021403e+00 4.392596086522746468e+00 4.575705501420777033e+00 4.759252212162072837e+00 4.942594525668567940e+00 5.125094468818401694e+00 5.306113749910054800e+00 5.485024935459830608e+00 5.661208139750981694e+00 5.834061231370702316e+00 6.002996795441266187e+00 6.167451482427019016e+00 6.326882888408653649e+00 6.480778131059260261e+00 6.628650380026331668e+00 6.770046739659493440e+00 6.904544237004579976e+00 7.031757098675579520e+00 7.151332068767440653e+00 7.262955181229572510e+00 7.366346333894242981e+00 7.461265672720634790e+00 7.547507390730128662e+00 7.624905853090933938e+00 7.693328621007419876e+00 7.752682454804086909e+00 7.802905583225711261e+00 7.843973724684973448e+00 7.875891633032185091e+00 7.898699275149255961e+00 7.912462686516851029e+00 7.917280437247516289e+00 7.913273826448441461e+00 7.900593759870855770e+00 7.879410302936661559e+00 7.849920082876292504e+00 7.812335208040703804e+00 7.766891297097805236e+00 7.713835758315640057e+00 7.653436539297505448e+00 7.585969745379800955e+00 7.511729196458755808e+00 7.431013349193541728e+00 7.344135743386914328e+00 7.251411178633073717e+00 7.153167131885143526e+00 7.049729125499415439e+00 6.941433200291118766e+00 6.828610398262027203e+00 6.711600381743267008e+00 6.590734939861561337e+00 6.466352854412376949e+00 6.338782323521101603e+00 6.208357188885898381e+00 6.075398152132711616e+00 5.940230496406477378e+00 5.803163949407485589e+00 5.664512055681196756e+00 5.524570513803008787e+00 5.383638385236590551e+00 5.241994699778192768e+00 5.099921724232785891e+00 4.957679587652680020e+00 4.815531880870236314e+00 4.673717998026986287e+00 4.532481399965301527e+00 4.392039296479513411e+00 4.252613988293798997e+00 4.114399418763798444e+00 3.977596119102879246e+00 3.842374029125499746e+00 3.708911721702316644e+00 3.577354714825165427e+00 3.447859865418603675e+00 3.320548147201641598e+00 3.195555417901511319e+00 3.072978285606212001e+00 2.952932935330167652e+00 2.835492202523997918e+00 2.720754931096880824e+00 2.608771654225996439e+00 2.499628341443693280e+00 2.393357098372292491e+00 2.290040834383503032e+00 2.189704172340209087e+00 2.092451249077288189e+00 1.998330976692402672e+00 1.907533419109394002e+00 1.820224119409610708e+00 1.736858039359548966e+00 1.657983297171846004e+00 1.584824631765684444e+00 1.519066949337925188e+00 1.464157504274318011e+00 1.424967729766455138e+00 1.411751628778826317e+00
1.448555874271219679e+00 1.477047855705795110e+00 1.512222252796307398e+00 1.555577279812021319e+00 1.607015353093820709e+00 1.666847635079736767e+00 1.734997769603392248e+00 1.811531967329585768e+00 1.896335688479039661e+00 1.989350521787826231e+00 2.090405751466728468e+00 2.199348099404552670e+00 2.315941982886246642e+00 2.439949236070057204e+00 2.571065355105238037e+00 2.708972518767017501e+00 2.853296843533891902e+00 3.003645932124412887e+00 3.159579362506166778e+00 3.320636776413765201e+00 3.486317166313136262e+00 3.656100955621584880e+00 3.829435347460881989e+00 4.005752466504656439e+00 4.184458961040233405e+00 4.364951476142411302e+00 4.546609237699533956e+00 4.728807640068441565e+00 4.910912870686016340e+00 5.092294091758859942e+00 5.272319381004571426e+00 5.450366797453880530e+00 5.625821068117399015e+00 5.798083713476832379e+00 5.966570028775942447e+00 6.130718381009805817e+00 6.289987131587079894e+00 6.443863187233574763e+00 6.591858595103320617e+00 6.733518423128924901e+00 6.868416832221487134e+00 6.996164368237445252e+00 7.116403379427993059e+00 7.228814815491746870e+00 7.333112911669498857e+00 7.429051605233898847e+00 7.516418450155144093e+00 7.595040774339918421e+00 7.664778820481854993e+00 7.725531776301131970e+00 7.777230158401741811e+00 7.819841851777550090e+00 7.853363765117810757e+00 7.877828014990438277e+00 7.893292884398657172e+00 7.899849282076109702e+00 7.897611032811252763e+00 7.886721734368214776e+00 7.867344399867093330e+00 7.839668825342433145e+00 7.803900592922811796e+00 7.760269052308969684e+00 7.709015680040465668e+00 7.650402769420516336e+00 7.584701126880442068e+00 7.512199558068103578e+00 7.433191867948139908e+00 7.347987226616004897e+00 7.256896425659573602e+00 7.160243206231233337e+00 7.058349710355533269e+00 6.951548856171249291e+00 6.840168909008827569e+00 6.724546994676138922e+00 6.605012700701318629e+00 6.481902828232176006e+00 6.355543918079275656e+00 6.226268355456601178e+00 6.094395697400833534e+00 5.960250262603040028e+00 5.824141115244631628e+00 5.686381295246140333e+00 5.547266287104119620e+00 5.407095075119679350e+00 5.266146892624654186e+00 5.124704323842808940e+00 4.983028086580299387e+00 4.841382449839962021e+00 4.700007748389781526e+00 4.559148446823634515e+00 4.419023012867929090e+00 4.279855039800120053e+00 4.141840010329713273e+00 4.005179998531836816e+00 3.870046727904916217e+00 3.736620524327563864e+00 3.605048895800983644e+00 3.475490620686166654e+00 3.348068830501128801e+00 3.222921429519887582e+00 3.100147312525040277e+00 2.979864790465184488e+00 2.862149074239595414e+00 2.747101161754618825e+00 2.634774004611981191e+00 2.525255687405858929e+00 2.418580711006417694e+00 2.314833949058074491e+00 2.214042266099663703e+00 2.116311374576766990e+00 2.021691956905558030e+00 1.930374680123684072e+00 1.842525548529191370e+00 1.758597640363408710e+00 1.679135999873435425e+00 1.605357019353126136e+00 1.538933206693362310e+00 1.483286515161930108e+00 1.443252458348904144e+00 1.429012797130739365e+00
1.464683645263380241e+00 1.491863124537960328e+00 1.525672183497904344e+00 1.567600130164562122e+00 1.617551205200155273e+00 1.675835998090132062e+00 1.742380495297293441e+00 1.817252708726748489e+00 1.900341523950498379e+00 1.991592035940509708e+00 2.090838239074340077e+00 2.197931913220616984e+00 2.312643530286971227e+00 2.434741428755251569e+00 2.563928448770052437e+00 2.699894561198977527e+00 2.842274353725506852e+00 2.990684270986627702e+00 3.144693229893293029e+00 3.303850447053189310e+00 3.467664781318430922e+00 3.635626582855151057e+00 3.807193050877953677e+00 3.981806167148723929e+00 4.158882279189204390e+00 4.337827386474081948e+00 4.518029693065349406e+00 4.698873031135589962e+00 4.879731454106060795e+00 5.059981279563689149e+00 5.238997008204696826e+00 5.416162278461712276e+00 5.590866548062457753e+00 5.762515137065607362e+00 5.930526224998802221e+00 6.094340093661068991e+00 6.253416088237154113e+00 6.407241140137894142e+00 6.555326422503102712e+00 6.697215224927458799e+00 6.832479105463458602e+00 6.960725194531407034e+00 7.081591707746071052e+00 7.194754768895114339e+00 7.299923200434423443e+00 7.396844970097248506e+00 7.485301218288553216e+00 7.565112446120729750e+00 7.636131770970319366e+00 7.698250983336576425e+00 7.751393043746661604e+00 7.795518140776741767e+00 7.830615455057363228e+00 7.856709351005258135e+00 7.873850438082075520e+00 7.882122024880711564e+00 7.881630505517084551e+00 7.872512197768952724e+00 7.854923075143776856e+00 7.829046102068613067e+00 7.795080321342715557e+00 7.753248790235343968e+00 7.703787020077684566e+00 7.646951608732264205e+00 7.583008015096570631e+00 7.512239976747117964e+00 7.434936587867103874e+00 7.351402586682281637e+00 7.261944691182571354e+00 7.166882839767813707e+00 7.066535725165898008e+00 6.961233073822262085e+00 6.851300304380275819e+00 6.737071936993427101e+00 6.618875288122411327e+00 6.497045110308990346e+00 6.371906219128036675e+00 6.243789477287559286e+00 6.113013231413736648e+00 5.979900772048197588e+00 5.844760436380000534e+00 5.707904698490536610e+00 5.569628767746388931e+00 5.430231492592385578e+00 5.289992251273085699e+00 5.149193889272076774e+00 5.008097656967934519e+00 4.866968447960903887e+00 4.726047483972725338e+00 4.585580182484004119e+00 4.445786218131722478e+00 4.306890428794587500e+00 4.169089788383095296e+00 4.032587869074385267e+00 3.897558133043172557e+00 3.764182617944200171e+00 3.632610780235728143e+00 3.503003282378477579e+00 3.375485375907116836e+00 3.250196978577324369e+00 3.127239238148762812e+00 3.006732563089505650e+00 2.888754510368380490e+00 2.773408208545613096e+00 2.660749002927170537e+00 2.550867075530381722e+00 2.443799303045867344e+00 2.339632512829192823e+00 2.238395798724099883e+00 2.140196448895004711e+00 2.045086915921089599e+00 1.953258490485501264e+00 1.864877664641727106e+00 1.780395700026912609e+00 1.700354658583569156e+00 1.625962766140117255e+00 1.558880385099233878e+00 1.502504628207665283e+00 1.461635722239703172e+00 1.446384368208161186e+00
1.480934480464567660e+00 1.506817368281167191e+00 1.539277634547904006e+00 1.579795817950436554e+00 1.628277949748829556e+00 1.685034036608825003e+00 1.749992341672512275e+00 1.823222607433748088e+00 1.904617037309433103e+00 1.994124111746212957e+00 2.091582385447968928e+00 2.196848531445121822e+00 2.309698888462530242e+00 2.429908098690341856e+00 2.557186129325669466e+00 2.691230518457216281e+00 2.831684091464628406e+00 2.978171900225528024e+00 3.130271965775195842e+00 3.287542851421489498e+00 3.449503062831070554e+00 3.615652672005372992e+00 3.785458686213782897e+00 3.958372778285603744e+00 4.133820852904714904e+00 4.311218149834287416e+00 4.489961766380850428e+00 4.669443919497543227e+00 4.849046507676203710e+00 5.028153016421402555e+00 5.206144414495737394e+00 5.382409997352138653e+00 5.556344061568319503e+00 5.727355864205837754e+00 5.894866632805765505e+00 6.058318751827920678e+00 6.217172758496061213e+00 6.370915834759385277e+00 6.519058519036229349e+00 6.661142572207269019e+00 6.796737205161418771e+00 6.925446391587430028e+00 7.046904472109031481e+00 7.160782998471687755e+00 7.266785626809415533e+00 7.364654592230021279e+00 7.454164845923785698e+00 7.535130272574769528e+00 7.607397058316449190e+00 7.670849773573508834e+00 7.725403981425838396e+00 7.771012314279827748e+00 7.807656345643880336e+00 7.835352790237403831e+00 7.854144667569595839e+00 7.864107752218326475e+00 7.865341056310534817e+00 7.857973650709504376e+00 7.842154487037832133e+00 7.818059702611613204e+00 7.785881792527888479e+00 7.745837502643190930e+00 7.698156349813262800e+00 7.643089199205956419e+00 7.580896117120592415e+00 7.511855722444175321e+00 7.436252342361074241e+00 7.354386223576401704e+00 7.266559947084355819e+00 7.173089583443776895e+00 7.074290308706018493e+00 6.970488589905083465e+00 6.862006930053659026e+00 6.749177175357860214e+00 6.632324302409551287e+00 6.511780947672464848e+00 6.387870133934559824e+00 6.260921135612774080e+00 6.131251023268899480e+00 5.999181995673767531e+00 5.865021599593827517e+00 5.729081682036833989e+00 5.591657116165439589e+00 5.453046555807493867e+00 5.313529465446783284e+00 5.173388895582830216e+00 5.032886572927323776e+00 4.892287962014668423e+00 4.751835117788937524e+00 4.611774359657501599e+00 4.472326518082972768e+00 4.333717627485070167e+00 4.196146104744066463e+00 4.059816975245501780e+00 3.924905394726595276e+00 3.791595071212860102e+00 3.660037367920737417e+00 3.530394793847863255e+00 3.402794682565880802e+00 3.277378931958133901e+00 3.154250908789094865e+00 3.033533090273109689e+00 2.915305349754619080e+00 2.799672922671773811e+00 2.686693522938795375e+00 2.576459411843747827e+00 2.469009822027599999e+00 2.364433523377323709e+00 2.262761826126955977e+00 2.164103593465508624e+00 2.068513047212574119e+00 1.976182121000991332e+00 1.887277819818894864e+00 1.802249653304367483e+00 1.721636789814668056e+00 1.646639463773712508e+00 1.578906137977146296e+00 1.521809533291452521e+00 1.480115206351656720e+00 1.463863951701738220e+00
1.497305827502710240e+00 1.521907841179061860e+00 1.553035639471023188e+00 1.592161126761254986e+00 1.639192093624930457e+00 1.694437956316581673e+00 1.757829192649364325e+00 1.829437209442099421e+00 1.909157425978815548e+00 1.996941593480430654e+00 2.092632684018538747e+00 2.196092106255377541e+00 2.307101885708335409e+00 2.425442775592942635e+00 2.550831661271543371e+00 2.682973431056881353e+00 2.821518922118080308e+00 2.966101565952754093e+00 3.116308259300290651e+00 3.271706689503856680e+00 3.431824793986800515e+00 3.596172165013363564e+00 3.764225431970117164e+00 3.935445793480478294e+00 4.109268568698439594e+00 4.285118121538151748e+00 4.462400354236953248e+00 4.640515810784108908e+00 4.818854207903751075e+00 4.996806204514371075e+00 5.173759274536590347e+00 5.349108439259182113e+00 5.522252932830626015e+00 5.692606076897702927e+00 5.859592300682611388e+00 6.022656269067649504e+00 6.181259909657725871e+00 6.334890871217959685e+00 6.483059287690009498e+00 6.625305632482574758e+00 6.761197017443254076e+00 6.890334511563296793e+00 7.012348832446821056e+00 7.126907209030122203e+00 7.233708374033890998e+00 7.332489064371673138e+00 7.423018264953588741e+00 7.505103453997101326e+00 7.578584081029680952e+00 7.643337674987466634e+00 7.699272562376330065e+00 7.746333962614481372e+00 7.784495966560490920e+00 7.813767745703295020e+00 7.834184817588371708e+00 7.845815493566366428e+00 7.848751457300739531e+00 7.843114570719888157e+00 7.829046786196203200e+00 7.806717423239751596e+00 7.776312425536899831e+00 7.738042212992655600e+00 7.692130282918354212e+00 7.638821734428995036e+00 7.578371199755186360e+00 7.511052131728134462e+00 7.437144037246341099e+00 7.356942614426930760e+00 7.270746246144070390e+00 7.178867071975573388e+00 7.081616685588420168e+00 6.979318228273450053e+00 6.872291219626396774e+00 6.760864764533252469e+00 6.645361431659836171e+00 6.526111674477567348e+00 6.403436655870041960e+00 6.277663996472399255e+00 6.149109425345391955e+00 6.018093985985190741e+00 5.884924371384341768e+00 5.749911740252136916e+00 5.613350568473692626e+00 5.475539256450787207e+00 5.336757296195331790e+00 5.197287886903831478e+00 5.057393175329544022e+00 4.917339143191464146e+00 4.777368624866777047e+00 4.637728790635014420e+00 4.498641575634630740e+00 4.360334162657298229e+00 4.223006363241729844e+00 4.086864610954307864e+00 3.952085709874087360e+00 3.818854996820039371e+00 3.687325699922420874e+00 3.557662136930727304e+00 3.429993685279821403e+00 3.304464189344185954e+00 3.181179200671495622e+00 3.060263236099336481e+00 2.941798455346138486e+00 2.825892176529944066e+00 2.712604456709963419e+00 2.602029617791090210e+00 2.494209228061139427e+00 2.389233988154618515e+00 2.287137411248521879e+00 2.188029934077891259e+00 2.091967546029079195e+00 1.999142841791007541e+00 1.909723363139553376e+00 1.824156930066622717e+00 1.742979903206226311e+00 1.667384695694115182e+00 1.599008109879116457e+00 1.541198911809822381e+00 1.498688589060578114e+00 1.481449155178709010e+00
1.513795139111261179e+00 1.537131810996631875e+00 1.566943254709675104e+00 1.604692873462589819e+00 1.650290188137459646e+00 1.704044019090564577e+00 1.765887000508436611e+00 1.835892141408400846e+00 1.913957980204343823e+00 2.000039429948817560e+00 2.093983743681695930e+00 2.195656915130283160e+00 2.304846484035411702e+00 2.421339129577176674e+00 2.544858454161088801e+00 2.675116486943975413e+00 2.811771858361847620e+00 2.954466158800587383e+00 3.102794938568568917e+00 3.256334791835602260e+00 3.414622877249823940e+00 3.577178109186320842e+00 3.743486555457115728e+00 3.913018776164307155e+00 4.085219361890352729e+00 4.259521682861578284e+00 4.435340354918781536e+00 4.612084187042519545e+00 4.789150681862196279e+00 4.965937670617735833e+00 5.141839161940125358e+00 5.316255963417065189e+00 5.488592336508744118e+00 5.658265785590161023e+00 5.824704085536723142e+00 5.987354349640230389e+00 6.145680084575741553e+00 6.299169612836205800e+00 6.447332885232435196e+00 6.589709320647991753e+00 6.725864172462967971e+00 6.855395850298911853e+00 6.977931694945014307e+00 7.093134856981235359e+00 7.200699384878229914e+00 7.300356749073987572e+00 7.391870189455249651e+00 7.475040987045034946e+00 7.549702049663180148e+00 7.615724044473417997e+00 7.673008224213864636e+00 7.721492541125576814e+00 7.761143731133150148e+00 7.791963532700750150e+00 7.813980053546146998e+00 7.827254217016451854e+00 7.831870436480787845e+00 7.827943407651939189e+00 7.815608111055869500e+00 7.795027062402982487e+00 7.766379654847212599e+00 7.729869972196387273e+00 7.685715471322924763e+00 7.634155455826860504e+00 7.575439086013849632e+00 7.509834604583698336e+00 7.437616647845355367e+00 7.359076310909304475e+00 7.274507719752219437e+00 7.184219021858980980e+00 7.088518164558956336e+00 6.987724898538544949e+00 6.882155693430028087e+00 6.772136846427144086e+00 6.657988451032153421e+00 6.540038711438580066e+00 6.418606864006285662e+00 6.294018810450689116e+00 6.166588873162988982e+00 6.036636877023194181e+00 5.904468598015025549e+00 5.770394445365953473e+00 5.634708436635418316e+00 5.497708659962188271e+00 5.359674576152490211e+00 5.220889476717488265e+00 5.081615872115486710e+00 4.942120207419649525e+00 4.802646042595476672e+00 4.663441347647141022e+00 4.524729111173851237e+00 4.386737616061512135e+00 4.249668020114650169e+00 4.113728119919310977e+00 3.979096322568304700e+00 3.845959551926506848e+00 3.714472859049167575e+00 3.584802332434106731e+00 3.457079355014629041e+00 3.331449683743329615e+00 3.208021020485241070e+00 3.086919892236538843e+00 2.968230714787166935e+00 2.852062864325123570e+00 2.738478715232160354e+00 2.627574630886401863e+00 2.519394494494651582e+00 2.414030925064635902e+00 2.311519624746839696e+00 2.211972601577025355e+00 2.115447610099274733e+00 2.022137922996096293e+00 1.932211641390553680e+00 1.846114955790504997e+00 1.764381502192703843e+00 1.688196037765027802e+00 1.619183937056084099e+00 1.560670437143437450e+00 1.517353542512458908e+00 1.499137584134780710e+00
1.530399872846207376e+00 1.552486558335026468e+00 1.580997558505916389e+00 1.617387906616309268e+00 1.661568826965286405e+00 1.713848540467535875e+00 1.774161782877540006e+00 1.842583107185024049e+00 1.919014079163528175e+00 2.003412670224156589e+00 2.095630284227059992e+00 2.195537356050248690e+00 2.302926774232350038e+00 2.417590966180106715e+00 2.539260057703982110e+00 2.667653016791034837e+00 2.802436055790773484e+00 2.943258709966004361e+00 3.089724967226611163e+00 3.241420116757425252e+00 3.397890332426833027e+00 3.558663656054755986e+00 3.723235412561335611e+00 3.891085360360728718e+00 4.061667218321463935e+00 4.234423243744186216e+00 4.408776672080113812e+00 4.584144511341709638e+00 4.759932012661534095e+00 4.935544172351345793e+00 5.110381556203907216e+00 5.283850810651036234e+00 5.455361305645482162e+00 5.624334837389181274e+00 5.790202661048066801e+00 5.952414496854700587e+00 6.110435609859936612e+00 6.263755194046758845e+00 6.411883229700098497e+00 6.554358305928845496e+00 6.690744050709906965e+00 6.820636452897565150e+00 6.943659716829455597e+00 7.059473154276358464e+00 7.167766364705539850e+00 7.268265780875020177e+00 7.360729116983899978e+00 7.444951665175024935e+00 7.520759986434284450e+00 7.588018066703211773e+00 7.646620249392328539e+00 7.696497367710914972e+00 7.737608933323612881e+00 7.769949365344540837e+00 7.793539457696951445e+00 7.808432825157614054e+00 7.814706673413835070e+00 7.812468579249837397e+00 7.801846583374983268e+00 7.782996416294310826e+00 7.756090926009123976e+00 7.721327854420125369e+00 7.678918601208629013e+00 7.629096648885266951e+00 7.572105651601014564e+00 7.508208601169897634e+00 7.437675216036408798e+00 7.360791936592580242e+00 7.277848575554058286e+00 7.189149229303300359e+00 7.094998136711383907e+00 6.995711594549713475e+00 6.891602957260098528e+00 6.782995649050645781e+00 6.670207221916614415e+00 6.553563565186993678e+00 6.433381922640944772e+00 6.309986412347903695e+00 6.183689885181101076e+00 6.054810884271248028e+00 5.923654205513674498e+00 5.790529447545603503e+00 5.655730108605075301e+00 5.519553905725405940e+00 5.382280209767420942e+00 5.244192348124611769e+00 5.105553138587823447e+00 4.966629435680001592e+00 4.827665471058234736e+00 4.688909963213720111e+00 4.550586902926649913e+00 4.412925624791748547e+00 4.276128584404875532e+00 4.140404896077706454e+00 4.005934524481171266e+00 3.872905938610017973e+00 3.741475970312416965e+00 3.611812440616051223e+00 3.484048699399867832e+00 3.358332382010782435e+00 3.234773305925950027e+00 3.113499978501735654e+00 2.994599041002802498e+00 2.878181902674993076e+00 2.764313229048779963e+00 2.653091405353593224e+00 2.544562608571853346e+00 2.438821363132946729e+00 2.335905545679670237e+00 2.235928732553531528e+00 2.138950440327329172e+00 2.045164635473796455e+00 1.954739999760547686e+00 1.868121152242153027e+00 1.785839084666599685e+00 1.709071058901134643e+00 1.639431248026518517e+00 1.580221775129366790e+00 1.536107732942747717e+00 1.516926842069761916e+00
1.547117490841638521e+00 1.567969376003011117e+00 1.595195649859106446e+00 1.630243104998433390e+00 1.673024644218512602e+00 1.723847887241872767e+00 1.782649619871516711e+00 1.849505884519669463e+00 1.924321187256876620e+00 2.007056459575133900e+00 2.097567131964652276e+00 2.195727942894853957e+00 2.301336971120199859e+00 2.414192221570700347e+00 2.534030157034727004e+00 2.660576489437113779e+00 2.793504808645099313e+00 2.932472387339160491e+00 3.077091441110293868e+00 3.226955747678110331e+00 3.381620294645730329e+00 3.540622060150422357e+00 3.703465447390321685e+00 3.869639251246690836e+00 4.038606175859882796e+00 4.209817245248955508e+00 4.382704218142759345e+00 4.556692232075618243e+00 4.731194244598374787e+00 4.905622404099630351e+00 5.079383849304630161e+00 5.251891110535662932e+00 5.422558739265713967e+00 5.590812923963804693e+00 5.756088525743787265e+00 5.917838021171013985e+00 6.075528603865469002e+00 6.228650528133318431e+00 6.376714007763763625e+00 6.519257018754849753e+00 6.655841789287468835e+00 6.786062119322116892e+00 6.909539311209283774e+00 7.025929072444547785e+00 7.134916784668820178e+00 7.236224068640385809e+00 7.329603330059822675e+00 7.414844079294763191e+00 7.491766725075353683e+00 7.560228753222873799e+00 7.620117763606754302e+00 7.671357620598611149e+00 7.713900744957144617e+00 7.747734353325335555e+00 7.772872025514796057e+00 7.789360151148965627e+00 7.797268795087518356e+00 7.796698466865993993e+00 7.787770303885340084e+00 7.770633274508101707e+00 7.745453691372266469e+00 7.712422952932243447e+00 7.671746389028243129e+00 7.623651639378226541e+00 7.568376821379217745e+00 7.506179638549047795e+00 7.437324847259570326e+00 7.362094184230559613e+00 7.280773095027914366e+00 7.193661568093340009e+00 7.101060073624786639e+00 7.003281392795277505e+00 6.900635701025113811e+00 6.793443485398110049e+00 6.682019691025834263e+00 6.566687827554504864e+00 6.447763080752038967e+00 6.325567720786439807e+00 6.200413062537218245e+00 6.072616304508164475e+00 5.942481199622303478e+00 5.810316474928145958e+00 5.676415048427632115e+00 5.541074207224759185e+00 5.404573173507823292e+00 5.267195254085427436e+00 5.129203517683007973e+00 4.990865174303364071e+00 4.852425073351470886e+00 4.714132630481920216e+00 4.576212787313020947e+00 4.438895881656961251e+00 4.302385618344813700e+00 4.166892383988239246e+00 4.032597655293287175e+00 3.899691404302111142e+00 3.768332201381676239e+00 3.638689561659778970e+00 3.510898763222995100e+00 3.385109285363559817e+00 3.261433026230736054e+00 3.140000443416492537e+00 3.020900372775288556e+00 2.904246231205927842e+00 2.790104948869894130e+00 2.678576912758681150e+00 2.569710572079934696e+00 2.463602343168829201e+00 2.360292262177658973e+00 2.259895470025783837e+00 2.162473241480630470e+00 2.068220251488285921e+00 1.977305782526788347e+00 1.890172938154310645e+00 1.807350143636758277e+00 1.730007321692664357e+00 1.659747664144888279e+00 1.599850584537675591e+00 1.554948821006857385e+00 1.534814530585507431e+00
1.563945459601732368e+00 1.583577568441919992e+00 1.609534647555214137e+00 1.643255376207444884e+00 1.684654312609295657e+00 1.734038475191474360e+00 1.791346651377323518e+00 1.856656321915671981e+00 1.929874850572685041e+00 2.010966035578194866e+00 2.099789215539985321e+00 2.196223301030124198e+00 2.300071408992989674e+00 2.411136957934997493e+00 2.529162568142629297e+00 2.653880507468814098e+00 2.784971545652502822e+00 2.922100491716931536e+00 3.064887584937920018e+00 3.212934890349616879e+00 3.365806012306265416e+00 3.523046677714190000e+00 3.684170191804962080e+00 3.848674225559600703e+00 4.016030325714365468e+00 4.185698161793592220e+00 4.357117917436388765e+00 4.529722786981084326e+00 4.702933388001089732e+00 4.876169002613720771e+00 5.048843351969416915e+00 5.220374888231946287e+00 5.390183409663349856e+00 5.557699589157159004e+00 5.722362010801079535e+00 5.883626048059475089e+00 6.040960984473950468e+00 6.193858314802256793e+00 6.341828681966195980e+00 6.484409657549537798e+00 6.621162288151812625e+00 6.751678409994864793e+00 6.875576651965803698e+00 6.992509346715227281e+00 7.102157885029732221e+00 7.204239298058030094e+00 7.298500897836376566e+00 7.384726618617605709e+00 7.462730910903256465e+00 7.532364941779138512e+00 7.593509734430671010e+00 7.646082336358656306e+00 7.690028213179284755e+00 7.725327498888014510e+00 7.751986662273238515e+00 7.770044954981309537e+00 7.779565371937847473e+00 7.780641411324942247e+00 7.773387348070094127e+00 7.757945415800167055e+00 7.734475405890497868e+00 7.703162376008782175e+00 7.664205577558758087e+00 7.617826789609246418e+00 7.564258565830737524e+00 7.503753287393466920e+00 7.436570707485806508e+00 7.362987813003824655e+00 7.283285631004447147e+00 7.197759987384655389e+00 7.106707525428761052e+00 7.010437450727522446e+00 6.909256697318053142e+00 6.803482752249286669e+00 6.693427889410200393e+00 6.579413174782628992e+00 6.461751671382716111e+00 6.340763737751518470e+00 6.216759088724876037e+00 6.090053515605452716e+00 5.960949665697246935e+00 5.829755333607893775e+00 5.696762796299749354e+00 5.562268852167851385e+00 5.426552516033679829e+00 5.289897017635469822e+00 5.152565620222081755e+00 5.014825835250472430e+00 4.876923075889233239e+00 4.739107403551850339e+00 4.601604659291511190e+00 4.464646135543186567e+00 4.328436737736324424e+00 4.193188079227069487e+00 4.059083103106887691e+00 3.926313242218631316e+00 3.795038763033374174e+00 3.665430836141471360e+00 3.537626628916799465e+00 3.411777429887983271e+00 3.287997182706101196e+00 3.166418264755131329e+00 3.047131675312319654e+00 2.930252813140719947e+00 2.815850846178498568e+00 2.704028142633245757e+00 2.594835401988747403e+00 2.488370918418204791e+00 2.384676872108943080e+00 2.283869964113486084e+00 2.186013222869507722e+00 2.091302045392473996e+00 1.999906333735046893e+00 1.912267729897509039e+00 1.828912167881757922e+00 1.751002383026790676e+00 1.680130800169717054e+00 1.619554517551783146e+00 1.573874462121118700e+00 1.552798249504797834e+00
1.580881249827059243e+00 1.599308451201256087e+00 1.624011689263977321e+00 1.656421655358424116e+00 1.696454541726524434e+00 1.744416766925267259e+00 1.800249074477279887e+00 1.864030335645366021e+00 1.935670693517344665e+00 2.015136724404343660e+00 2.102291561929696240e+00 2.197018163077787634e+00 2.299124537236799437e+00 2.408419359031495954e+00 2.524651233458294008e+00 2.647558802939073974e+00 2.776829825984048039e+00 2.912136453101945133e+00 3.053106749056252678e+00 3.199350870159151761e+00 3.350440845009147406e+00 3.505930965342487493e+00 3.665343264850020599e+00 3.828184131863025197e+00 3.993933813568598890e+00 4.162060503167910319e+00 4.332012709093627123e+00 4.503231606885320204e+00 4.675145423784561771e+00 4.847180552309762191e+00 5.018757299636662950e+00 5.189300071014578464e+00 5.358233969386009043e+00 5.524994236309735740e+00 5.689023287583284016e+00 5.849779525620295573e+00 6.006734476666614420e+00 6.159381047582442648e+00 6.307230497827444715e+00 6.449820195428516811e+00 6.586710216301655763e+00 6.717490651390701117e+00 6.841777678675548202e+00 6.959220480213751614e+00 7.069496678585838190e+00 7.172318934273231861e+00 7.267429677935338894e+00 7.354607471706805732e+00 7.433661001095771326e+00 7.504435295864742450e+00 7.566804970178630185e+00 7.620680408140989570e+00 7.666000258135576395e+00 7.702737694025029391e+00 7.730892179828071420e+00 7.750495919926747135e+00 7.761604914043086723e+00 7.764305708937190076e+00 7.758705762069936895e+00 7.744940603954111324e+00 7.723163523010486031e+00 7.693553242900012634e+00 7.656302931994549255e+00 7.611628494672483924e+00 7.559756897520586882e+00 7.500935168676764242e+00 7.435418020155961649e+00 7.363477645719074260e+00 7.285390605132795017e+00 7.201448509437407886e+00 7.111944118801043935e+00 7.017183005016052633e+00 6.917468799913918609e+00 6.813115928896927187e+00 6.704433931399313096e+00 6.591741366660555990e+00 6.475349110957310472e+00 6.355575548067065483e+00 6.232728729211229002e+00 6.107122976269204528e+00 5.979059768558848020e+00 5.848845907578706260e+00 5.716772968590831283e+00 5.583137202573102087e+00 5.448217358340412986e+00 5.312296532075200695e+00 5.175638125139000678e+00 5.038509896372767471e+00 4.901157768691515315e+00 4.763832397788656969e+00 4.626760472692388326e+00 4.490174191765973433e+00 4.354279612321325210e+00 4.219289528776092091e+00 4.085388304851846897e+00 3.952768791783735747e+00 3.821592909593272136e+00 3.692033445491672783e+00 3.564229417040237102e+00 3.438333887040371462e+00 3.314462809248656772e+00 3.192750450085489078e+00 3.073289940807521603e+00 2.956198635878225733e+00 2.841547913828447403e+00 2.729442103089460669e+00 2.619934131081427697e+00 2.513124155208092958e+00 2.409056483735289689e+00 2.307849372703114632e+00 2.209567599019041317e+00 2.114407294302657281e+00 2.022538997872644018e+00 1.934402942145269311e+00 1.850522642598420475e+00 1.772053794705886753e+00 1.700578264830970854e+00 1.639331220252253640e+00 1.592882306813403703e+00 1.570875597009922853e+00
1.597922336273279509e+00 1.615159350462078258e+00 1.638623930700281894e+00 1.669738903858431600e+00 1.708422076409051638e+00 1.754979269846113077e+00 1.809353141003708254e+00 1.871623906909192447e+00 1.941704415603510370e+00 2.019563937272971899e+00 2.105069292610002751e+00 2.198107364858999269e+00 2.298490916120663918e+00 2.406033725910809107e+00 2.520490217592029403e+00 2.641605233220431170e+00 2.769073335322418838e+00 2.902573827087180813e+00 3.041742406241515706e+00 3.186197129442217779e+00 3.335518261469747614e+00 3.489268478580257238e+00 3.646978372092601006e+00 3.808162890682202928e+00 3.972310840548837874e+00 4.138898816350680576e+00 4.307383549714522530e+00 4.477214119197196140e+00 4.647826307728688100e+00 4.818653590276849030e+00 4.989122858118937742e+00 5.158664494500330377e+00 5.326708957926816090e+00 5.492696135302300497e+00 5.656072374914497658e+00 5.816299231966201688e+00 5.972850619890198942e+00 6.125221021051530990e+00 6.272922490813646945e+00 6.415492386800498714e+00 6.552490017911293485e+00 6.683503941613976984e+00 6.808148101556698251e+00 6.926068748218035864e+00 7.036939954193917046e+00 7.140470224651154219e+00 7.236397318437216342e+00 7.324494627697477611e+00 7.404565265163588705e+00 7.476448304472034678e+00 7.540012118984805944e+00 7.595160584132335302e+00 7.641825670868097831e+00 7.679973717880199224e+00 7.709597293600222834e+00 7.730721649174771670e+00 7.743395867487766537e+00 7.747699607664585209e+00 7.743733558720590437e+00 7.731626583757734039e+00 7.711525490648834413e+00 7.683602679864065088e+00 7.648045236086850274e+00 7.605063178740377516e+00 7.554877867567558525e+00 7.497730950356468860e+00 7.433872063096161220e+00 7.363568565971969626e+00 7.287092505299423983e+00 7.204731227294248086e+00 7.116773554902509069e+00 7.023521369733722430e+00 6.925274942196950612e+00 6.822345575802720496e+00 6.715040013472019176e+00 6.603674245593015968e+00 6.488556898529926897e+00 6.370004318807485966e+00 6.248322830994582411e+00 6.123825225726345245e+00 5.996811752290338582e+00 5.867588158630339557e+00 5.736445257823025834e+00 5.603678694820890094e+00 5.469566893870264401e+00 5.334392761132038530e+00 5.198419779685305997e+00 5.061915901652986882e+00 4.925127505655415128e+00 4.788305790120048755e+00 4.651678240538410947e+00 4.515477912412166894e+00 4.379911966143194668e+00 4.245194331403107313e+00 4.111510746684291284e+00 3.979055439046916831e+00 3.847991939372193304e+00 3.718494612449994907e+00 3.590704286752538721e+00 3.464775764140779923e+00 3.340826972858708555e+00 3.218994037302226552e+00 3.099372188993256394e+00 2.982080711565049835e+00 2.867193166634230739e+00 2.754815821426781053e+00 2.645003808576637194e+00 2.537859133582623716e+00 2.433428216359992735e+00 2.331830862105197077e+00 2.233133590333080676e+00 2.137533278765778810e+00 2.045201120534658745e+00 1.956575988533175270e+00 1.872179050045355453e+00 1.793159104062381992e+00 1.721087661396589752e+00 1.659178333103505043e+00 1.611970001082733361e+00 1.589044169799682882e+00
1.615066197640391277e+00 1.631127602605688676e+00 1.653368544846415267e+00 1.683204108259055864e+00 1.720553695212492906e+00 1.765722534223506113e+00 1.818655155218612096e+00 1.879433079133653317e+00 1.947971788388845882e+00 2.024243167065375548e+00 2.108117619890601091e+00 2.199485841505573802e+00 2.298165212752731890e+00 2.403974472793978912e+00 2.516673703219504343e+00 2.636013776989466262e+00 2.761695882040674288e+00 2.893406291326151347e+00 3.030788148557121087e+00 3.173467224820344157e+00 3.321031837421858146e+00 3.473052870467781883e+00 3.629069304877555080e+00 3.788604494519909327e+00 3.951155664036625659e+00 4.116207687138762950e+00 4.283225415813761927e+00 4.451665751156024697e+00 4.620971974494085366e+00 4.790584611007598248e+00 4.959937128979993837e+00 5.128465908588456301e+00 5.295606808132527377e+00 5.460804429325931686e+00 5.623509146098092160e+00 5.783185782371365491e+00 5.939310775216456229e+00 6.091380337887481566e+00 6.238907493165939400e+00 6.381429773865632704e+00 6.518505918399498889e+00 6.649723155950217013e+00 6.774693406428624165e+00 6.893060202465064457e+00 7.004494280377514315e+00 7.108700201654793993e+00 7.205411260014330743e+00 7.294395877684437757e+00 7.375451785606677468e+00 7.448412282044700738e+00 7.513139668088473222e+00 7.569531466223965666e+00 7.617513111422302252e+00 7.657044234357984536e+00 7.688110619755410546e+00 7.710730662653068279e+00 7.724946610896389565e+00 7.730831303438106872e+00 7.728478713723823113e+00 7.718011077092930883e+00 7.699568747262019563e+00 7.673317816272719583e+00 7.639439288335094780e+00 7.598137291383768144e+00 7.549627562129588298e+00 7.494146344054249731e+00 7.431938165415893138e+00 7.363265515279564077e+00 7.288395883005448717e+00 7.207612302407489402e+00 7.121199607254268038e+00 7.029455934479412527e+00 6.932678135521162410e+00 6.831174333184732106e+00 6.725248413057486552e+00 6.615213735600110390e+00 6.501376614966975609e+00 6.384051298646255646e+00 6.263542322102291671e+00 6.140160883355395782e+00 6.014205939985603599e+00 5.885982126198338271e+00 5.755779432609453572e+00 5.623892839667572474e+00 5.490600388590896941e+00 5.356184739093807323e+00 5.220909399609990231e+00 5.085042461424412963e+00 4.948830704808030667e+00 4.812525819318238973e+00 4.676356035352294604e+00 4.540555216670283833e+00 4.405331577898223827e+00 4.270900138033209004e+00 4.137447964377281906e+00 4.005170617092705498e+00 3.874233195094739735e+00 3.744811601513036603e+00 3.617048436280517976e+00 3.491100204859871159e+00 3.367086774146733852e+00 3.245146095152859456e+00 3.125375467685863828e+00 3.007896077659452772e+00 2.892783641952755946e+00 2.780146344730530572e+00 2.670041500742625029e+00 2.562572947930903844e+00 2.457789200967613219e+00 2.355811607703717225e+00 2.256708423750608539e+00 2.160677283419399242e+00 2.067890049083405124e+00 1.978784282312015863e+00 1.893878870181555429e+00 1.814315854570249575e+00 1.741656588237921133e+00 1.679093491443157005e+00 1.631135186767182610e+00 1.607301563263755950e+00
1.632310316490790836e+00 1.647210553825069423e+00 1.668242721231915526e+00 1.696814279182045970e+00 1.732846208964852419e+00 1.776643151370479012e+00 1.828151471612277534e+00 1.887453955401554584e+00 1.954468652558444486e+00 2.029169985090780060e+00 2.111431843406906594e+00 2.201148623731882470e+00 2.298142197195483405e+00 2.402236123103847820e+00 2.513195987110132812e+00 2.630778530339168420e+00 2.754691393489665074e+00 2.884627642088339439e+00 3.020237684269566625e+00 3.161154824566697386e+00 3.306975253516567292e+00 3.457277890048113811e+00 3.611609939508236611e+00 3.769503007762562419e+00 3.930462598337770785e+00 4.093981741600540403e+00 4.259533306063332248e+00 4.426581932850827350e+00 4.594578341387983045e+00 4.762970070863807415e+00 4.931197154637626312e+00 5.098701983123739012e+00 5.264925852337265511e+00 5.429318141386658247e+00 5.591333335684769423e+00 5.750439636190261439e+00 5.906116132296872046e+00 6.057860915744649688e+00 6.205188140586715306e+00 6.347635693006494328e+00 6.484761930427858090e+00 6.616152952384584118e+00 6.741418859675208708e+00 6.860200675496882283e+00 6.972166009007535692e+00 7.077015685826771652e+00 7.174478738195066541e+00 7.264318816264587753e+00 7.346328458744258327e+00 7.420335368617492655e+00 7.486195943317333068e+00 7.543801508882487461e+00 7.593071107157672195e+00 7.633957789933101701e+00 7.666440672576888993e+00 7.690531394030747592e+00 7.706265452136056737e+00 7.713708936628725255e+00 7.712949161953781108e+00 7.704101779141947937e+00 7.687300718013031720e+00 7.662705780794001775e+00 7.630491898235470138e+00 7.590857303930303779e+00 7.544012098909487207e+00 7.490187101739948616e+00 7.429621704394848258e+00 7.362573490188254688e+00 7.289305350708016995e+00 7.210095962220837151e+00 7.125226119561702376e+00 7.034990162441934203e+00 6.939681467507990753e+00 6.839604919539469918e+00 6.735061487270013636e+00 6.626361841251174667e+00 6.513809922065169289e+00 6.397717817142355656e+00 6.278388211029641397e+00 6.156130648261912697e+00 6.031242733445757231e+00 5.904027927167045497e+00 5.774775337549942655e+00 5.643779222221427361e+00 5.511317181040245927e+00 5.377671570912459842e+00 5.243105869313480660e+00 5.107888252567743592e+00 4.972265848540067701e+00 4.836490786265298603e+00 4.700791989449927044e+00 4.565404081148594528e+00 4.430536281276415522e+00 4.296404652110747513e+00 4.163197543703024195e+00 4.031111806442592815e+00 3.900314064320708596e+00 3.770981719375205987e+00 3.643259103378881925e+00 3.517304389698744593e+00 3.393239347832748720e+00 3.271203723756429316e+00 3.151296853323397595e+00 3.033641797487580227e+00 2.918316400257304100e+00 2.805430740462501404e+00 2.695044291503202238e+00 2.587262707606820644e+00 2.482136580855788477e+00 2.379788794597641477e+00 2.280289333394505569e+00 2.183836597644509769e+00 2.090603133301202288e+00 2.001025236994871559e+00 1.915619581299970786e+00 1.835521586452934617e+00 1.762282639393887074e+00 1.699074325973528143e+00 1.650375501919407739e+00 1.625645371673273942e+00
1.649652179194511348e+00 1.663405559776812481e+00 1.683243665268048916e+00 1.710566450314322751e+00 1.745296459406493028e+00 1.787737751919715956e+00 1.837838492815111247e+00 1.895682696008278878e+00 1.961190915144333857e+00 2.034340037998192852e+00 2.115007346763998708e+00 2.203090834260903907e+00 2.298416738733890519e+00 2.400813305644243556e+00 2.510051476293833517e+00 2.625893703015921510e+00 2.748053912392183662e+00 2.876231790899538066e+00 3.010084834823711475e+00 3.149253706002460795e+00 3.293342293220823169e+00 3.441937380841438188e+00 3.594594236360455497e+00 3.750852566485801898e+00 3.910226015218000839e+00 4.072215647365133862e+00 4.236302243342755069e+00 4.401958100022524967e+00 4.568641311892705836e+00 4.735806392289408251e+00 4.902899923203782429e+00 5.069370313292528962e+00 5.234664328230882901e+00 5.398236180552271612e+00 5.559544545995916742e+00 5.718061103550232005e+00 5.873267716114330739e+00 6.024664493954263733e+00 6.171766878781032695e+00 6.314113281067519345e+00 6.451261859822576383e+00 6.582797777079682611e+00 6.708329513203098671e+00 6.827495785036211018e+00 6.939961279045382625e+00 7.045423288863998934e+00 7.143606785748141341e+00 7.234270843222818215e+00 7.317202995707694946e+00 7.392225530134106215e+00 7.459189108759671782e+00 7.517979018215768861e+00 7.568508051255464331e+00 7.610722811655175946e+00 7.644595862027326660e+00 7.670132187901479881e+00 7.687360625186833829e+00 7.696340588671390925e+00 7.697152793899986634e+00 7.689906354712430669e+00 7.674728811038113996e+00 7.651773697655800177e+00 7.621209882591506002e+00 7.583229705866384229e+00 7.538037623686610011e+00 7.485859012425178705e+00 7.426928102364358075e+00 7.361497539362928499e+00 7.289825579131295363e+00 7.212186497710873390e+00 7.128857003490180588e+00 7.040127588409389681e+00 6.946288100284787603e+00 6.847640130101918743e+00 6.744481671580210502e+00 6.637120646534847346e+00 6.525858561606707298e+00 6.411005283965811152e+00 6.292861586120507944e+00 6.171735298798982861e+00 6.047922612824517152e+00 5.921725755625462995e+00 5.793432893083848789e+00 5.663337501879863289e+00 5.531716682336761615e+00 5.398852432277208457e+00 5.265008141974737654e+00 5.130452018684485971e+00 4.995431483819091412e+00 4.860199054200973201e+00 4.724984295218433772e+00 4.590022540180078714e+00 4.455523965290820065e+00 4.321705629951238414e+00 4.188757120806073431e+00 4.056876535448727061e+00 3.926231979858805676e+00 3.797002315362216773e+00 3.669333565783381879e+00 3.543385536461650887e+00 3.419281863238475605e+00 3.297164055114946368e+00 3.177133451495940175e+00 3.059314960792084648e+00 2.943788525703723291e+00 2.830666097043710305e+00 2.720009283035849990e+00 2.611925537540905840e+00 2.506467512259141550e+00 2.403759618234784234e+00 2.303873561212885335e+00 2.207008516211170335e+00 2.113337726036488728e+00 2.023296266998275694e+00 1.937398660656082017e+00 1.856773837287702067e+00 1.782963405133652257e+00 1.719118463255044915e+00 1.669688581189260779e+00 1.644073188386633966e+00
1.667089275900115686e+00 1.679709985271324424e+00 1.698368597634005939e+00 1.724457677468819394e+00 1.757901317910271599e+00 1.799003004193928668e+00 1.847712667617277260e+00 1.904115516138235042e+00 1.968134546875858426e+00 2.039749044827639413e+00 2.118839594325768960e+00 2.205307684398293055e+00 2.298983802290821110e+00 2.399700750921781367e+00 2.507234684361828059e+00 2.621353614777918395e+00 2.741777593341905295e+00 2.868212761266434097e+00 3.000323531878357208e+00 3.137757752926527921e+00 3.280126840719876036e+00 3.427025279292060578e+00 3.578016238936891913e+00 3.732647378168175489e+00 3.890440344315139853e+00 4.050904114758113295e+00 4.213527276608297178e+00 4.377789696660888019e+00 4.543156778968699072e+00 4.709089967782229991e+00 4.875042373072995261e+00 5.040468424761924915e+00 5.204820384470919770e+00 5.367557347948743285e+00 5.528142253408095286e+00 5.686050351821889670e+00 5.840766393533924017e+00 5.991792640049458107e+00 6.138645969851467044e+00 6.280865481519394500e+00 6.418009311414564877e+00 6.549661869805810888e+00 6.675430209386829183e+00 6.794950938382512184e+00 6.907886020338564137e+00 7.013929416774613124e+00 7.112802235176152621e+00 7.204259165350755723e+00 7.288082923586078898e+00 7.364090558933404473e+00 7.432127166616437464e+00 7.492072151226062182e+00 7.543832201416778460e+00 7.587347605342811718e+00 7.622584491495580927e+00 7.649541297143598761e+00 7.668240287178242021e+00 7.678734278841843341e+00 7.681097452247875879e+00 7.675432434683284733e+00 7.661860413816506288e+00 7.640528682994260912e+00 7.611600061891122593e+00 7.575261001287635132e+00 7.531710306879880079e+00 7.481167898871991184e+00 7.423862823589002069e+00 7.360042760662859784e+00 7.289961294552333548e+00 7.213888260893297044e+00 7.132096236397194033e+00 7.044871816728196734e+00 6.952501268668029866e+00 6.855282835246719664e+00 6.753511478425429537e+00 6.647492313667686226e+00 6.537524354353402067e+00 6.423915188063599402e+00 6.306963614890658931e+00 6.186975692033283458e+00 6.064246136222511296e+00 5.939075882575787446e+00 5.811752095299473453e+00 5.682567412227284009e+00 5.551798376154292392e+00 5.419726569656158510e+00 5.286615239650526377e+00 5.152732570245953880e+00 5.018326222381515045e+00 4.883649048951958171e+00 4.748931205378160492e+00 4.614408686113453228e+00 4.480292574594716193e+00 4.346800881082542034e+00 4.214124382566973637e+00 4.082462380678895109e+00 3.951984420172308887e+00 3.822870781856941402e+00 3.695269141656588374e+00 3.569340900721471144e+00 3.445211524772315403e+00 3.323024253617524959e+00 3.202882397468529430e+00 3.084912684273251937e+00 2.969197126689013366e+00 2.855849524429437292e+00 2.744933596362018058e+00 2.636558578844471867e+00 2.530779164965531347e+00 2.427721285038104249e+00 2.327458357613065409e+00 2.230190339917163644e+00 2.136091183843409791e+00 2.045594788277425469e+00 1.959213585091442722e+00 1.878070142606309778e+00 1.803696472517704708e+00 1.739223526201207459e+00 1.689072056212882922e+00 1.662582606069577196e+00
1.684619100529722191e+00 1.696121203999227056e+00 1.713614753712142225e+00 1.738485037707750092e+00 1.770657684277769484e+00 1.810435612665883376e+00 1.857770489090941446e+00 1.912748683655849380e+00 1.975295579654958056e+00 2.045392794194650143e+00 2.122924128143186540e+00 2.207794470748419613e+00 2.299838444984042329e+00 2.398893287605285973e+00 2.504740227897316540e+00 2.617152691871794445e+00 2.735856699405021963e+00 2.860564685484801473e+00 2.990947814402898253e+00 3.126660953080767413e+00 3.267322878827368715e+00 3.412535613193366402e+00 3.561870072868734027e+00 3.714881721321090513e+00 3.871100073437061528e+00 4.030041897793966932e+00 4.191203482592145591e+00 4.354072177407587674e+00 4.518120628143479145e+00 4.682817163635878188e+00 4.847621397269800347e+00 5.011993778572052527e+00 5.175392086047000184e+00 5.337280342513824216e+00 5.497125814404679289e+00 5.654407411871565259e+00 5.808612879655399297e+00 5.959246756115542887e+00 6.105827498545192356e+00 6.247895050505416492e+00 6.385007694793104704e+00 6.516749269317612558e+00 6.642725585993347615e+00 6.762571336819974910e+00 6.875945957459504321e+00 6.982540273107402662e+00 7.082071721308261125e+00 7.174290798388227586e+00 7.258975586714541350e+00 7.335938074394677599e+00 7.405017957224550251e+00 7.466088915242529822e+00 7.519051678744201439e+00 7.563840353961542640e+00 7.600414755724007598e+00 7.628766880454090682e+00 7.648912515590074790e+00 7.660897961185667349e+00 7.664790928597458475e+00 7.660687612572897542e+00 7.648702889645833558e+00 7.628977841290351058e+00 7.601669256754261639e+00 7.566957705402561629e+00 7.525036340147072345e+00 7.476119614321952156e+00 7.420431371153792810e+00 7.358214298209705184e+00 7.289717276067108287e+00 7.215205662298961542e+00 7.134947859025518646e+00 7.049226519216161613e+00 6.958324278295028087e+00 6.862535978834036321e+00 6.762153495762289523e+00 6.657479081843649560e+00 6.548809198981714097e+00 6.436449096767414169e+00 6.320695543294734264e+00 6.201852763157311266e+00 6.080213939230851850e+00 5.956078655594610360e+00 5.829733015699827270e+00 5.701468760893079413e+00 5.571561818660944354e+00 5.440293300305619084e+00 5.307926253345971013e+00 5.174728784716919883e+00 5.040948740902313041e+00 4.906839259141760223e+00 4.772631033227734854e+00 4.638560669589369745e+00 4.504840109785822833e+00 4.371688268574585479e+00 4.239297066955677096e+00 4.107866967292307159e+00 3.977568909776219463e+00 3.848584554717281225e+00 3.721063190026042022e+00 3.595167776277732319e+00 3.471025572406932103e+00 3.348781516537137737e+00 3.228540856696658690e+00 3.110432112122623494e+00 2.994539336402320284e+00 2.880978154676603342e+00 2.769814371929750330e+00 2.661158989406020581e+00 2.555068722924662694e+00 2.451671013024489643e+00 2.351040982088269171e+00 2.253379376219677876e+00 2.158860867614821100e+00 2.067918218955457466e+00 1.981061831652175309e+00 1.899408036491901042e+00 1.824479425957099332e+00 1.759387134574747380e+00 1.708523556007740307e+00 1.681171216928608603e+00
1.702239150796865053e+00 1.712636598292044399e+00 1.728979383069681131e+00 1.752645628525189236e+00 1.783562485607876447e+00 1.822032316503767069e+00 1.868008492810280030e+00 1.921578517005778863e+00 1.982670104150742185e+00 2.051267141602188371e+00 2.127256565015814171e+00 2.210546572066748539e+00 2.300975812819474609e+00 2.398385839118040597e+00 2.502562823031902361e+00 2.613285463624299254e+00 2.730285598822566939e+00 2.853281801530429984e+00 2.981951825835523984e+00 3.115957395652787287e+00 3.254924486906478176e+00 3.398462500095625227e+00 3.546149944870787607e+00 3.697549945042469144e+00 3.852199748754092212e+00 4.009623795034908511e+00 4.169325967341745098e+00 4.330801009776044097e+00 4.493528740397401577e+00 4.656984323462467934e+00 4.820633847565506613e+00 4.983943775790964814e+00 5.146377419406240605e+00 5.307403766515163213e+00 5.466494471400542565e+00 5.623132184100234632e+00 5.776807743969879283e+00 5.927028084966415200e+00 6.073313378352485969e+00 6.215204562767247864e+00 6.352260229968955230e+00 6.484063818671414126e+00 6.610220081078963084e+00 6.730361980029367253e+00 6.844146613578582894e+00 6.951261862244158429e+00 7.051421683982127320e+00 7.144372569077479973e+00 7.229888148095585443e+00 7.307775523732527034e+00 7.377869159242734121e+00 7.440037167525287209e+00 7.494174466800060053e+00 7.540209116179809712e+00 7.578094738911601347e+00 7.607817000053019640e+00 7.629385305615259405e+00 7.642839521598538077e+00 7.648240960320150883e+00 7.645679441230951667e+00 7.635263574225182204e+00 7.617128261897601504e+00 7.591424284454736160e+00 7.558326341093551726e+00 7.518021933025108794e+00 7.470720039250488220e+00 7.416639283861984566e+00 7.356017339452703752e+00 7.289098352841682171e+00 7.216143168424532739e+00 7.137415973162024585e+00 7.053195433033717876e+00 6.963760503708029681e+00 6.869402576503376601e+00 6.770410385564257005e+00 6.667083265927036706e+00 6.559715070960646877e+00 6.448608654844895760e+00 6.334058694938066836e+00 6.216367524848616988e+00 6.095826734424332649e+00 5.972734498446929052e+00 5.847375800924606182e+00 5.720041429369421948e+00 5.591006638421336383e+00 5.460552012246484566e+00 5.328940343055649009e+00 5.196439606653093790e+00 5.063297781141666398e+00 4.929768236380264845e+00 4.796082152871337101e+00 4.662476699801084479e+00 4.529164627696855128e+00 4.396365709357069385e+00 4.264272963374240888e+00 4.133087969405653261e+00 4.002983019625550476e+00 3.874141113685787730e+00 3.746713111214523995e+00 3.620863495607049565e+00 3.496721282149390930e+00 3.374433074520021503e+00 3.254106025334393415e+00 3.135870416549190409e+00 3.019812313368437806e+00 2.906049142503624338e+00 2.794648770188760345e+00 2.685723944480143288e+00 2.579333384849200161e+00 2.475606032416220792e+00 2.374618703837177325e+00 2.276572939860125544e+00 2.181644143208879782e+00 2.090263979946894501e+00 2.002940878202438491e+00 1.920785052172130136e+00 1.845309847770771228e+00 1.779606905484794277e+00 1.728040707373104556e+00 1.699836612956928672e+00
1.719946928245822626e+00 1.729253558915267330e+00 1.744459748984469982e+00 1.766936567085902521e+00 1.796612675234141365e+00 1.833789888197700613e+00 1.878423255164609840e+00 1.930601383217315226e+00 1.990254267507976405e+00 2.057368006874478628e+00 2.131832593680977883e+00 2.213559446243060336e+00 2.302391137515585662e+00 2.398173420358204133e+00 2.500697282123849341e+00 2.609746559145926348e+00 2.725058761811312014e+00 2.846358450031881482e+00 2.973329811303353942e+00 3.105641268817940226e+00 3.242925838805264860e+00 3.384800145701114094e+00 3.530850141655938135e+00 3.680646468501307389e+00 3.833733974894064200e+00 3.989644650325129493e+00 4.147889867609210413e+00 4.307971676198405930e+00 4.469376994856792962e+00 4.631587771506591622e+00 4.794076538374369534e+00 4.956315761941652909e+00 5.117774297348263168e+00 5.277926130840366881e+00 5.436247358345938530e+00 5.592224444273494299e+00 5.745351416323933869e+00 5.895137716148472151e+00 6.041105357456287628e+00 6.182796417448120252e+00 6.319769952943362412e+00 6.451609170478263877e+00 6.577917937852447494e+00 6.698327670496388109e+00 6.812493314363227803e+00 6.920099992746067130e+00 7.020858370805904691e+00 7.114511117320815536e+00 7.200827590944143708e+00 7.279610182932470863e+00 7.350688289991454738e+00 7.413924615033273824e+00 7.469208410834575318e+00 7.516461825097149330e+00 7.555632412988318336e+00 7.586699619554785556e+00 7.609666567682398686e+00 7.624566775056338841e+00 7.631455227553640697e+00 7.630415429654649806e+00 7.621549772347750107e+00 7.604987015663563277e+00 7.580871955519635996e+00 7.549373435539209254e+00 7.510673309615679472e+00 7.464975078151222299e+00 7.412492133148393947e+00 7.353457112236013060e+00 7.288109401353455752e+00 7.216705299162453180e+00 7.139504739266601341e+00 7.056782358517601494e+00 6.968813386394479892e+00 6.875885713918840736e+00 6.778284882267255007e+00 6.676307255091300519e+00 6.570244021374700871e+00 6.460395583495930794e+00 6.347054470234592571e+00 6.230521066576813816e+00 6.111085310804829085e+00 5.989043910653081504e+00 5.864680672428258745e+00 5.738285372788498151e+00 5.610132536261806635e+00 5.480502164206955129e+00 5.349656737774415305e+00 5.217864047771609393e+00 5.085372150067629882e+00 4.952434595432121611e+00 4.819282999427326963e+00 4.686155044738709918e+00 4.553264241671626245e+00 4.420831174524353813e+00 4.289049912988114777e+00 4.158123110448926241e+00 4.028224367494222413e+00 3.899537982790538759e+00 3.772216347262131286e+00 3.646425430305691773e+00 3.522295966503675047e+00 3.399976192067522884e+00 3.279575130735009836e+00 3.161224798298110983e+00 3.045013241983836494e+00 2.931059665842747908e+00 2.819433972157955992e+00 2.710250637268908580e+00 2.603570364808499793e+00 2.499523586245117723e+00 2.398188802376368667e+00 2.299768353482156247e+00 2.204438382069211499e+00 2.112629495575196970e+00 2.024848204032810184e+00 1.942198722608394101e+00 1.866185318740763321e+00 1.799880453884706411e+00 1.747621135295517991e+00 1.718576386192035343e+00
1.737739938311193999e+00 1.745969484892083257e+00 1.760053128012494472e+00 1.781354989517606846e+00 1.809805231727464436e+00 1.845705132263506743e+00 1.889011391760213598e+00 1.939813696008146904e+00 1.998044271164360453e+00 2.063691371707390143e+00 2.136647972125266470e+00 2.216828627410287300e+00 2.304079733453908485e+00 2.398251134542864094e+00 2.499138510554240078e+00 2.606530704143379840e+00 2.720170757461090716e+00 2.839789071324033909e+00 2.965076114904663385e+00 3.095706857321980365e+00 3.231321200808950689e+00 3.371542842250675243e+00 3.515965028814289628e+00 3.664165780359624591e+00 3.815697414947650579e+00 3.970099353409081822e+00 4.126890352100045511e+00 4.285579675909374942e+00 4.445661271304348183e+00 4.606623815760512386e+00 4.767946250438770406e+00 4.929107031210210543e+00 5.089580563698020477e+00 5.248845860066268187e+00 5.406383506115563620e+00 5.561683849147243563e+00 5.714244192694057034e+00 5.863576591773551172e+00 6.009205024532774608e+00 6.150672843771783249e+00 6.287539721179725483e+00 6.419388792088090767e+00 6.545823209498455419e+00 6.666473017909593679e+00 6.780991191895199499e+00 6.889060280745722409e+00 6.990387839991359265e+00 7.084712898432509398e+00 7.171800720347330405e+00 7.251449157818501412e+00 7.323482705938716641e+00 7.387758814348338809e+00 7.444161217176974432e+00 7.492606287138709575e+00 7.533035636055624984e+00 7.565422602002447761e+00 7.589764125135245898e+00 7.606087462993637693e+00 7.614441350334276493e+00 7.614903039929848738e+00 7.607568754704378655e+00 7.592561151647330142e+00 7.570019070409293782e+00 7.540105516901559390e+00 7.502996705320248871e+00 7.458890656354703275e+00 7.407995520012866209e+00 7.350538881872924257e+00 7.286755342627136756e+00 7.216896625214907601e+00 7.141218374075616104e+00 7.059991156981067384e+00 6.973486432787316502e+00 6.881988544969267707e+00 6.785779791166395292e+00 6.685153511406488391e+00 6.580398175694000429e+00 6.471811679295854880e+00 6.359684345512246040e+00 6.244314553859474870e+00 6.125990533195514232e+00 6.005007467009066069e+00 5.881647926114282221e+00 5.756200619659102458e+00 5.628939285098167211e+00 5.500143285531172488e+00 5.370074735477409433e+00 5.239001186993796466e+00 5.107170719954095439e+00 4.974837014363220788e+00 4.842232069217466517e+00 4.709594031416328264e+00 4.577137121826005739e+00 4.445082689626930872e+00 4.313625809045466220e+00 4.182970163510450590e+00 4.053290618344170149e+00 3.924772730737010829e+00 3.797570382339887640e+00 3.671850991524088226e+00 3.547746974925386709e+00 3.425408168010346532e+00 3.304945431944110279e+00 3.186492487161961318e+00 3.070139333045213359e+00 2.956006926384938005e+00 2.844167179985568783e+00 2.734736279495865396e+00 2.627776892814981391e+00 2.523420930949507923e+00 2.421748568145778879e+00 2.322962948242923265e+00 2.227240961838705680e+00 2.135012194184514822e+00 2.046781290463635994e+00 1.963646581081122111e+00 1.887103418665230015e+00 1.820205393070303490e+00 1.767262463358742153e+00 1.737388128984240554e+00
1.755615690396563178e+00 1.762781783356111243e+00 1.775756809594981389e+00 1.795898050253978528e+00 1.823137157960942334e+00 1.857774884020009676e+00 1.899769555906725138e+00 1.949211913982943578e+00 2.006036368771752620e+00 2.070233277330393751e+00 2.141698525013231436e+00 2.220349723173974610e+00 2.306036994750977343e+00 2.398614170171419424e+00 2.497881503637317202e+00 2.603632717837895960e+00 2.715616250726464287e+00 2.833568202581325135e+00 2.957185177053260894e+00 3.086148540105700278e+00 3.220104929611679712e+00 3.358684966905511882e+00 3.501489049662056097e+00 3.648102438138035808e+00 3.798084790391199839e+00 3.950982840441865651e+00 4.106322622589952509e+00 4.263620526676207945e+00 4.422377452516413676e+00 4.582088750890127571e+00 4.742239734312809318e+00 4.902314830444038485e+00 5.061793997764623576e+00 5.220161297314575677e+00 5.376901847688852598e+00 5.531509941893813398e+00 5.683486240774945131e+00 5.832345512182770086e+00 5.977613814403269998e+00 6.118835906596056695e+00 6.255572218975335552e+00 6.387405970700938518e+00 6.513939763955945317e+00 6.634802443541494732e+00 6.749645188598816681e+00 6.858148153376771639e+00 6.960015963249670534e+00 7.054984185476389946e+00 7.142814165030165086e+00 7.223299385244079218e+00 7.296259603323529852e+00 7.361547171747968576e+00 7.419040452782816430e+00 7.468650181110124464e+00 7.510312150988306179e+00 7.543993708061067061e+00 7.569685712066178240e+00 7.587409250828573093e+00 7.597206885866058634e+00 7.599149684297231921e+00 7.593327754799145346e+00 7.579857693934958007e+00 7.558872416280387974e+00 7.530529111081356142e+00 7.494998363628174509e+00 7.452472716885622184e+00 7.403155071978209989e+00 7.347267948231418266e+00 7.285041139470014748e+00 7.216721765496176388e+00 7.142561148184213060e+00 7.062825748484718780e+00 6.977783212229001997e+00 6.887714289926656797e+00 6.792897986766802454e+00 6.693624568377887663e+00 6.590179732493906428e+00 6.482858813087415406e+00 6.371949872067295573e+00 6.257749227467937381e+00 6.140543341586651493e+00 6.020625817060593299e+00 5.898277931925835382e+00 5.773787271562411227e+00 5.647426729725772532e+00 5.519474976053264648e+00 5.390193703068602460e+00 5.259850170459596796e+00 5.128692428453278218e+00 4.996974234664438796e+00 4.864927919935968070e+00 4.732792046081215176e+00 4.600781495293017720e+00 4.469118334948808169e+00 4.337998597183911897e+00 4.207626951670595972e+00 4.078179484684138600e+00 3.949842971290460802e+00 3.822772743154500663e+00 3.697137630392997920e+00 3.573071694268460607e+00 3.450726335975039749e+00 3.330214220185131690e+00 3.211670742484450169e+00 3.095187824270574595e+00 2.980888150117331659e+00 2.868845617501853074e+00 2.759178101972701747e+00 2.651950215403270139e+00 2.547295336964066514e+00 2.445295303107199558e+00 2.346154064417687923e+00 2.250049266967014017e+00 2.157409508745631754e+00 2.068737621443307084e+00 1.985126161771129771e+00 1.908061726909100697e+00 1.840579335178333942e+00 1.786962314157816811e+00 1.756269434275379071e+00
1.773571697971159766e+00 1.779687869431556102e+00 1.791568095703047758e+00 1.810562921425799665e+00 1.836605480233800769e+00 1.869996008436324741e+00 1.910694437184094818e+00 1.958792538922418558e+00 2.014226864216734469e+00 2.076989822275220110e+00 2.146980141228448602e+00 2.224118411957508812e+00 2.308258392447065876e+00 2.399257798104058370e+00 2.496921343641323787e+00 2.601047509986441408e+00 2.711389999510589011e+00 2.827690475029527306e+00 2.949651531884895483e+00 3.076960787972492284e+00 3.209271470309987162e+00 3.346220980127607714e+00 3.487416724064769991e+00 3.632451067530646505e+00 3.780890880933863052e+00 3.932290094399371494e+00 4.086181914918140201e+00 4.242089766383698723e+00 4.399521426436276528e+00 4.557978860980920643e+00 4.716953713653281532e+00 4.875936362948669611e+00 5.034412318594116087e+00 5.191870708900966136e+00 5.347801223127581771e+00 5.501702157333367538e+00 5.653077605385051996e+00 5.801445141443323905e+00 5.946333013538089851e+00 6.087287511840102638e+00 6.223869962730892880e+00 6.355663818401658283e+00 6.482271288646805019e+00 6.603320184606956467e+00 6.718460061173324505e+00 6.827368852233676400e+00 6.929748428741970834e+00 7.025331071680744444e+00 7.113874379218998456e+00 7.195167634398345946e+00 7.269026018909256592e+00 7.335296943419275628e+00 7.393853544930805377e+00 7.444601057406802447e+00 7.487469584192484540e+00 7.522420594366042934e+00 7.549438971300634016e+00 7.568539725632081883e+00 7.579759325925266467e+00 7.583162722343413265e+00 7.578833965977704423e+00 7.566883638554389613e+00 7.547438763834556141e+00 7.520650738544473413e+00 7.486684532961430882e+00 7.445727217362324346e+00 7.397976440076763360e+00 7.343649642835365476e+00 7.282971793710862229e+00 7.216185384527687319e+00 7.143537383611615610e+00 7.065290109581950695e+00 6.981707354903122997e+00 6.893066233566322865e+00 6.799642411091715744e+00 6.701723029438609203e+00 6.599590962126418603e+00 6.493538928823400447e+00 6.383852675169191748e+00 6.270826402584249060e+00 6.154744750433866152e+00 6.035899684531463194e+00 5.914571133393013547e+00 5.791045502807048884e+00 5.665594786571684693e+00 5.538496905936475478e+00 5.410013076297427226e+00 5.280410211512990060e+00 5.149936278642151422e+00 5.018845061351976611e+00 4.887369170797641438e+00 4.755747534404434873e+00 4.624195646451361164e+00 4.492936245770120074e+00 4.362166275724055353e+00 4.232091348323625546e+00 4.102888726917743867e+00 3.974746363648446579e+00 3.847820999343988468e+00 3.722282838441025365e+00 3.598267549223661543e+00 3.475928064842530141e+00 3.355378819337120788e+00 3.236756853656554078e+00 3.120155980812837626e+00 3.005700587853247452e+00 2.893466530764436939e+00 2.783573355158588392e+00 2.676087596202125329e+00 2.571144089302574098e+00 2.468826321335912510e+00 2.369339051997793266e+00 2.272860689311785087e+00 2.179818877456142445e+00 2.090714684141462776e+00 2.006635000336892904e+00 1.929057822952277901e+00 1.860999891684855800e+00 1.806718309716789372e+00 1.775217895887011732e+00
1.791605478683432118e+00 1.796685166139332823e+00 1.807484300517937514e+00 1.825346792297924514e+00 1.850207247451529646e+00 1.882365399045822230e+00 1.921782760086355735e+00 1.968552114158747202e+00 2.022612109736058983e+00 2.083957160246689089e+00 2.152488771522237609e+00 2.228130440458611083e+00 2.310739471807340184e+00 2.400177368751300389e+00 2.496253196916259576e+00 2.598770078002861972e+00 2.707486851839125741e+00 2.822150611234825135e+00 2.942469804725478699e+00 3.068138161299818645e+00 3.198815354419984658e+00 3.334145424061992546e+00 3.473742647239139725e+00 3.617206361674667914e+00 3.764110524295279703e+00 3.914016145395373236e+00 4.066463499864941156e+00 4.220982954482630944e+00 4.377089088192179567e+00 4.534290422112706054e+00 4.692084888326719216e+00 4.849968792091533309e+00 5.007433189023876352e+00 5.163972288784645315e+00 5.319080384356705160e+00 5.472259826975464314e+00 5.623018213693012690e+00 5.770876012680506761e+00 5.915363765413196084e+00 6.056029411784910721e+00 6.192435306115879889e+00 6.324165277114905948e+00 6.450821295150264589e+00 6.572030298593444897e+00 6.687440384523055670e+00 6.796727436854546944e+00 6.899590744076959936e+00 6.995759472922681965e+00 7.084987644594468392e+00 7.167060508219598169e+00 7.241788830859020365e+00 7.309015235807013511e+00 7.368607781062361362e+00 7.420466337371668608e+00 7.464515444514673526e+00 7.500710812022147955e+00 7.529031452529136637e+00 7.549486393939189632e+00 7.562106094399245748e+00 7.566949458316555521e+00 7.564094538568883586e+00 7.553645950491157279e+00 7.535724864254447652e+00 7.510476911221945606e+00 7.478061463578991486e+00 7.438660126942270523e+00 7.392465295869401487e+00 7.339689325985449209e+00 7.280552343446617058e+00 7.215292189829979996e+00 7.144151451353550897e+00 7.067388271042903902e+00 6.985262549737131899e+00 6.898047723252208385e+00 6.806016071950863555e+00 6.709451566398866085e+00 6.608634205345764734e+00 6.503854042361985499e+00 6.395394453017564373e+00 6.283547467910549855e+00 6.168595847909799978e+00 6.050829866706918914e+00 5.930528047137105574e+00 5.807975560043539431e+00 5.683443443408856766e+00 5.557208815477095776e+00 5.429532359643073569e+00 5.300680590657975699e+00 5.170901339042106137e+00 5.040448363043655178e+00 4.909554502664440712e+00 4.778459001652167082e+00 4.647377917136717329e+00 4.516534612614352184e+00 4.386126895949235660e+00 4.256361277487132888e+00 4.127416153680256272e+00 3.999480612803054225e+00 3.872712763863757512e+00 3.747284148003275028e+00 3.623332002748626213e+00 3.501010759198588840e+00 3.380436586404661714e+00 3.261748140604984858e+00 3.145041095765872097e+00 3.030441515754783044e+00 2.918027188596313160e+00 2.807919309712310518e+00 2.700186316499229910e+00 2.594964488133693070e+00 2.492338949605485077e+00 2.392515271282090517e+00 2.295672628733661291e+00 2.202237744334892611e+00 2.112709969537136079e+00 2.028170634487814983e+00 1.950089286935274835e+00 1.881464673903385121e+00 1.826528071909733208e+00 1.794231108817496034e+00
1.809714554490569505e+00 1.813771104327723149e+00 1.823502750145016504e+00 1.840246868749654041e+00 1.863939530359462138e+00 1.894879976923561360e+00 1.933031282738650658e+00 1.978487223033409625e+00 2.031188504122836580e+00 2.091131498091277408e+00 2.158220426265619274e+00 2.232381621212552236e+00 2.313475849731182254e+00 2.401368309370687903e+00 2.495872311125173049e+00 2.596795504176130365e+00 2.703901743122094636e+00 2.816943422468910274e+00 2.935634709620816185e+00 3.059675307795186594e+00 3.188731197920017912e+00 3.322452920923682385e+00 3.460461488537486918e+00 3.602363080379698435e+00 3.747738615919841365e+00 3.896156070912351499e+00 4.047162683921291304e+00 4.200295673309605959e+00 4.355076341968400655e+00 4.511019704771650929e+00 4.667629937340915802e+00 4.824409244720741619e+00 4.980854219546274386e+00 5.136464162825125968e+00 5.290737999754396625e+00 5.443182183875613589e+00 5.593307880268678645e+00 5.740638533247448549e+00 5.884707075720852387e+00 6.025063210246789147e+00 6.161270445128335993e+00 6.292913123477632986e+00 6.419593123819202773e+00 6.540936667558124640e+00 6.656590555679489540e+00 6.766228788220422175e+00 6.869548239348471697e+00 6.966275130274353522e+00 7.056160072326391308e+00 7.138984444908337501e+00 7.214554759725818833e+00 7.282709006088484038e+00 7.343310308757435401e+00 7.396253312795478152e+00 7.441457122296768034e+00 7.478871805248976656e+00 7.508470610583533045e+00 7.530256679699800060e+00 7.544254544957863295e+00 7.550517138565797204e+00 7.549116577139680651e+00 7.540151560805854913e+00 7.523737446228994763e+00 7.500014129486043402e+00 7.469135404543855827e+00 7.431277423316640984e+00 7.386627328500706469e+00 7.335392383903649005e+00 7.277787860300857226e+00 7.214046929315557577e+00 7.144407768925714386e+00 7.069124315560797456e+00 6.988452542279968149e+00 6.902662166990688242e+00 6.812022041172285824e+00 6.716812917854706910e+00 6.617311871890571240e+00 6.513806240216856835e+00 6.406576975653117678e+00 6.295913884732267540e+00 6.182097795110222727e+00 6.065417233772723904e+00 5.946149262332322216e+00 5.824577761838343193e+00 5.700972759032339354e+00 5.575610514873033274e+00 5.448751126166128778e+00 5.320660655484561019e+00 5.191586743611391164e+00 5.061783072010518580e+00 4.931482658149820786e+00 4.800925012837043759e+00 4.670326706835149722e+00 4.539911681479550154e+00 4.409878562370901811e+00 4.280434714098517723e+00 4.151759622163652352e+00 4.024043469892392366e+00 3.897445693362792785e+00 3.772139132620718982e+00 3.648262556489201280e+00 3.525971859775976380e+00 3.405384911979802087e+00 3.286641954272871313e+00 3.169840490662941601e+00 3.055108235847919573e+00 2.942524883116465872e+00 2.832213257037086152e+00 2.724243675798830644e+00 2.618753849349751750e+00 2.515830527965805530e+00 2.415680093461797906e+00 2.318482493685088297e+00 2.224663559810664992e+00 2.134720973001820177e+00 2.049730604553324120e+00 1.971153700202155745e+00 1.901971293482573211e+00 1.846389222884714743e+00 1.813306669547258387e+00
1.827896451803026290e+00 1.830943122626235153e+00 1.839620782359766782e+00 1.855260372796433188e+00 1.877799420827219512e+00 1.907536689724174339e+00 1.944436795684095332e+00 1.988594487433752001e+00 2.039952491019442871e+00 2.098509093859276753e+00 2.164171173300239115e+00 2.236867830257993184e+00 2.316463212265640781e+00 2.402826121466810516e+00 2.495774012575543654e+00 2.595118952982915506e+00 2.700629693501554573e+00 2.812063806148794587e+00 2.929141046927405512e+00 3.051566960297261488e+00 3.179013699320436537e+00 3.311138171391939888e+00 3.447567990218448397e+00 3.587916049321384637e+00 3.731770108633068350e+00 3.878704995952441337e+00 4.028274809957114400e+00 4.180023529285939787e+00 4.333479102737359590e+00 4.488162976107635593e+00 4.643585521608944333e+00 4.799254814406696212e+00 4.954672971988890673e+00 5.109344392852993799e+00 5.262772658557214100e+00 5.414468367311815911e+00 5.563946311962576274e+00 5.710732989735131326e+00 5.854363817435563888e+00 5.994390367623992688e+00 6.130377423047823626e+00 6.261909973626697656e+00 6.388589948334754354e+00 6.510043002387249089e+00 6.625914797709750559e+00 6.735877612264747683e+00 6.839626070206162645e+00 6.936883612603915061e+00 7.027397605183132612e+00 7.110945719532463016e+00 7.187330369549960629e+00 7.256385062768384131e+00 7.317968135840033916e+00 7.371969145553724623e+00 7.418301888571705582e+00 7.456910910168380369e+00 7.487763803853894728e+00 7.510857922366332318e+00 7.526211958855775208e+00 7.533872949103579408e+00 7.533907137863604220e+00 7.526407363854059618e+00 7.511483213069234388e+00 7.489268879204404428e+00 7.459912600755228773e+00 7.423585089757202660e+00 7.380468241793586515e+00 7.330764225904943032e+00 7.274683446697832956e+00 7.212454388686478701e+00 7.144310797902122978e+00 7.070502375444307042e+00 6.991281132558026634e+00 6.906913031456247687e+00 6.817663452800571733e+00 6.723809887558950038e+00 6.625626439025093184e+00 6.523397678264195143e+00 6.417402083824139680e+00 6.307927185936553549e+00 6.195251825215756014e+00 6.079662728110763581e+00 5.961435440125543828e+00 5.840852498207823373e+00 5.718182862897599250e+00 5.593701883956894605e+00 5.467669017327251524e+00 5.340349820564456174e+00 5.211991691709787489e+00 5.082848184203211162e+00 4.953152441700217068e+00 4.823144192848934253e+00 4.693040472858024614e+00 4.563065754052884948e+00 4.433419432979015085e+00 4.304309684297969341e+00 4.175917038429421524e+00 4.048432732540912404e+00 3.922017488549564224e+00 3.796845407430039288e+00 3.673056751191792202e+00 3.550808843888047850e+00 3.430221220695808704e+00 3.311435677092549046e+00 3.194551515967456901e+00 3.079698076530097861e+00 2.966956930263120462e+00 2.856452509818186769e+00 2.748256992372291041e+00 2.642509505128578517e+00 2.539298410314340781e+00 2.438830901198898893e+00 2.341287701792956977e+00 2.247093781305167681e+00 2.156745194877436766e+00 2.071312454047832485e+00 1.992248645840714927e+00 1.922517362903217508e+00 1.866299385490340912e+00 1.832442176351741114e+00
1.846148701643169243e+00 1.848198667421436348e+00 1.855835746384139062e+00 1.870384542150777873e+00 1.891784031181540815e+00 1.920332510777379653e+00 1.955996120737259147e+00 1.998870566404688853e+00 2.048900557293342750e+00 2.106086254956561987e+00 2.170337135884188307e+00 2.241585004901315070e+00 2.319697312219077823e+00 2.404546378291073871e+00 2.495953703647576738e+00 2.593735668491690127e+00 2.697665805283001372e+00 2.807506743349983847e+00 2.922983700963797116e+00 3.043807934622480893e+00 3.169657637761778446e+00 3.300195953014226191e+00 3.435056966207272300e+00 3.573860159203715359e+00 3.716200012245341799e+00 3.861658093114520796e+00 4.009795257795293999e+00 4.160162154002795099e+00 4.312293297860327002e+00 4.465716502044783098e+00 4.619948286553448469e+00 4.774502564514050640e+00 4.928886963018458189e+00 5.082610980561184988e+00 5.235182875086125343e+00 5.386117427285902259e+00 5.534933112617640205e+00 5.681159552825467252e+00 5.824334735736937496e+00 5.964012205816736412e+00 6.099758135280701765e+00 6.231158287899531523e+00 6.357814780196075155e+00 6.479352847013625016e+00 6.595417163606434485e+00 6.705678443387260934e+00 6.809829220952925866e+00 6.907590319224308217e+00 6.998706019708408554e+00 7.082950445717463239e+00 7.160122069056863658e+00 7.230050066386815466e+00 7.292588130607108532e+00 7.347620867374390130e+00 7.395056894394673286e+00 7.434835353729430274e+00 7.466918292842358085e+00 7.491297375115358648e+00 7.507985542863558237e+00 7.517024013289717033e+00 7.518473226002020837e+00 7.512420214609115909e+00 7.498968839915908013e+00 7.478247628874005848e+00 7.450399290048211220e+00 7.415589112218212264e+00 7.373993751386588080e+00 7.325810281599616225e+00 7.271244233155665704e+00 7.210519388840374688e+00 7.143865041452043485e+00 7.071526630299648453e+00 6.993752172913045406e+00 6.910803839992290420e+00 6.822943501264690624e+00 6.730445342757143123e+00 6.633580450041990595e+00 6.532630580408753218e+00 6.427871687810573498e+00 6.319588974987526697e+00 6.208059242610405981e+00 6.093567363552144123e+00 5.976387313014760672e+00 5.856800230112510164e+00 5.735073954721141121e+00 5.611482871893575641e+00 5.486285742772788687e+00 5.359747567316105687e+00 5.232115448035145278e+00 5.103642759252646321e+00 4.974562719653203402e+00 4.845115226564558064e+00 4.715517730497834847e+00 4.585995187908017634e+00 4.456747719476957137e+00 4.327984265697429223e+00 4.199886357708675355e+00 4.072646245188134451e+00 3.946425894547263447e+00 3.821400629543570737e+00 3.697712167106479875e+00 3.575519225853650784e+00 3.454942971672586793e+00 3.336126723450326015e+00 3.219171551555960686e+00 3.104208393070242433e+00 2.991320670309596697e+00 2.880634402553292173e+00 2.772223603801563740e+00 2.666228804488434800e+00 2.562739964960719874e+00 2.461965089198055789e+00 2.364085680435106251e+00 2.269525873810326999e+00 2.178780141049228902e+00 2.092913730231507508e+00 2.013371709219784478e+00 1.943100495974438013e+00 1.886256183704571709e+00 1.851635229621414247e+00
1.864468839817171375e+00 1.865535192853524205e+00 1.872145002691695259e+00 1.885616629820469736e+00 1.905890493585136181e+00 1.933264438238343486e+00 1.967706109901180334e+00 2.009312154832189279e+00 2.058029231492198186e+00 2.113859336382139631e+00 2.176714490728819840e+00 2.246529141575599020e+00 2.323173966871231233e+00 2.406524722437648478e+00 2.496406860316177756e+00 2.592640971855761034e+00 2.695005260448403384e+00 2.803267296391630303e+00 2.917157637721963681e+00 3.036393127457483132e+00 3.160657871142622977e+00 3.289621118621988582e+00 3.422923300848856876e+00 3.560190364894065596e+00 3.701023393107848669e+00 3.845010582603132221e+00 3.991719444697620300e+00 4.140707205199449348e+00 4.291514868563986340e+00 4.443676549252542962e+00 4.596714864558663294e+00 4.750149531111354406e+00 4.903493667475459894e+00 5.056261871223230564e+00 5.207967092799163034e+00 5.358128328854656175e+00 5.506267787617158405e+00 5.651918281990321979e+00 5.794620452791146015e+00 5.933929913021290581e+00 6.069414334097131380e+00 6.200660375446138239e+00 6.327270473142479368e+00 6.448869582588410587e+00 6.565101540154123505e+00 6.675635647966822184e+00 6.780162507662974569e+00 6.878400482583482578e+00 6.970090928458713364e+00 7.055004577414763389e+00 7.132936112948348395e+00 7.203710530333882645e+00 7.267177022174514001e+00 7.323215379730717345e+00 7.371729170304608836e+00 7.412652252766412708e+00 7.445941238850177335e+00 7.471582203200291872e+00 7.489582427325495395e+00 7.499977389635895442e+00 7.502821793497907343e+00 7.498196926088063208e+00 7.486200971039638219e+00 7.466956826836508299e+00 7.440601700363080440e+00 7.407295476495865394e+00 7.367209581916752903e+00 7.320535998129453326e+00 7.267475375602119314e+00 7.208246783288451809e+00 7.143075041879053622e+00 7.072201304705896696e+00 6.995869565825222125e+00 6.914338170590366595e+00 6.827865439518333801e+00 6.736722212491312867e+00 6.641176512729106918e+00 6.541507237211174441e+00 6.437987766207441176e+00 6.330900924859888868e+00 6.220521421958157049e+00 6.107132224588769809e+00 5.991005684186891500e+00 5.872421488912181964e+00 5.751646304043616986e+00 5.628953496842449056e+00 5.504601080087110354e+00 5.378853443838842452e+00 5.251957342531365036e+00 5.124165920444490041e+00 4.995712420271733123e+00 4.866836858935418952e+00 4.737757053164330046e+00 4.608698396684688170e+00 4.479861687500328316e+00 4.351456587635000872e+00 4.223665584689008767e+00 4.096681899405323790e+00 3.970668701237989318e+00 3.845802498419021553e+00 3.722226424380560506e+00 3.600100557412993840e+00 3.479547658953533684e+00 3.360712540143054206e+00 3.243698007193189348e+00 3.128636568101104132e+00 3.015613468372685180e+00 2.904756292075573398e+00 2.796140867515514383e+00 2.689909113836023380e+00 2.586152575184554436e+00 2.485080064772086761e+00 2.386873867310697506e+00 2.291957310459865393e+00 2.200823323513567242e+00 2.114531984666796038e+00 2.034520478523543119e+00 1.963718308328824547e+00 1.906257243065462070e+00 1.870883432188383155e+00
1.882854407099386229e+00 1.882950160832511211e+00 1.888545922840011881e+00 1.900953903742166107e+00 1.920115959459377963e+00 1.946329494290351514e+00 1.979563644345019524e+00 2.019915982195314541e+00 2.067335082374811339e+00 2.121824739047863062e+00 2.183299466122843313e+00 2.251696293790501180e+00 2.326889055776155235e+00 2.408756863532210524e+00 2.497129029763618391e+00 2.591830258892533045e+00 2.692643318248826301e+00 2.799340606492262573e+00 2.911657902637977635e+00 3.029317514297505287e+00 3.152009334278176311e+00 3.279408594760273132e+00 3.411161947656367044e+00 3.546901684534633503e+00 3.686235373625367018e+00 3.828757732174526307e+00 3.974042825768627107e+00 4.121654367641191641e+00 4.271139771299742094e+00 4.422039386984493170e+00 4.573881877277358399e+00 4.726192725725406163e+00 4.878490521546169134e+00 5.030294957244702658e+00 5.181123688176368702e+00 5.330499956295488673e+00 5.477949748272942898e+00 5.623009130039410941e+00 5.765221472392949131e+00 5.904144548398853054e+00 6.039347633259505521e+00 6.170418398750988409e+00 6.296959727505433868e+00 6.418596431603722507e+00 6.534971651768247902e+00 6.645753427868149821e+00 6.750630581314948309e+00 6.849319170989803141e+00 6.941557782294990098e+00 7.027113910741574543e+00 7.105778603280868744e+00 7.177372821764358868e+00 7.241741400933976891e+00 7.298759453853310042e+00 7.348325625910912429e+00 7.390368613185306579e+00 7.424839702794181484e+00 7.451719482431976793e+00 7.471009664341768719e+00 7.482740069728979648e+00 7.486959736681328081e+00 7.483744266880543172e+00 7.473186217234434991e+00 7.455402898576227955e+00 7.430526046985999500e+00 7.398710165447643483e+00 7.360121464250796386e+00 7.314946837440741589e+00 7.263382052716203852e+00 7.205641455588802202e+00 7.141945378165663882e+00 7.072530665886884726e+00 6.997637261724997337e+00 6.917519653850939143e+00 6.832432577155840292e+00 6.742643485874222797e+00 6.648417297802824422e+00 6.550030004478811563e+00 6.447752364669642411e+00 6.341864776932549574e+00 6.232639807239084284e+00 6.120358465544431859e+00 6.005291426815832168e+00 5.887716875782253112e+00 5.767900249755910203e+00 5.646113845584207702e+00 5.522614874511763361e+00 5.397667064715959917e+00 5.271516770267591134e+00 5.144416854667095862e+00 5.016600533754053792e+00 4.888307895053511487e+00 4.759757072500515385e+00 4.631173850249976631e+00 4.502759656819184997e+00 4.374724831414301462e+00 4.247252773787714375e+00 4.120537634199656019e+00 3.994743743595450702e+00 3.870048756218583907e+00 3.746597183442252899e+00 3.624550428134280633e+00 3.504032811933664782e+00 3.385190606826350646e+00 3.268128322999142910e+00 3.152980012103858254e+00 3.039832714913508926e+00 2.928815558069435276e+00 2.820006161319189797e+00 2.713547817507568904e+00 2.609533639786622672e+00 2.508173248400987543e+00 2.409649711004474781e+00 2.314385573095202542e+00 2.222872260940599087e+00 2.136164773770645731e+00 2.055692545282807870e+00 1.984368417916394733e+00 1.926300191103584858e+00 1.890184389659016029e+00
1.901302949428426370e+00 1.900441041072959081e+00 1.905035889329000032e+00 1.916393646448664390e+00 1.934457598948666979e+00 1.959524724397312179e+00 1.991565633439549288e+00 2.030678811383768156e+00 2.076814717514597675e+00 2.129978908176841212e+00 2.190088340140142975e+00 2.257082570169492985e+00 2.330838518654443803e+00 2.411238576010206636e+00 2.498115828079855660e+00 2.591298997746529498e+00 2.690575312874609271e+00 2.795721891494705957e+00 2.906479618421341726e+00 3.022576147430834581e+00 3.143707037090428091e+00 3.269553380132872000e+00 3.399767928058065269e+00 3.533989198633860962e+00 3.671831131730136200e+00 3.812894857024893724e+00 3.956760894283058771e+00 4.102999353903046931e+00 4.251163978992343218e+00 4.400801288791651444e+00 4.551445937799558195e+00 4.702629137947129223e+00 4.853874925778626448e+00 5.004708081554015031e+00 5.154650974442531286e+00 5.303231117111582904e+00 5.449978316057613625e+00 5.594431947520164705e+00 5.736138184470279455e+00 5.874657046620267664e+00 6.009559512542199222e+00 6.140434378063712728e+00 6.266885094488270802e+00 6.388536461963031599e+00 6.505031064302307264e+00 6.616035823937698623e+00 6.721237930934650606e+00 6.820351291366926638e+00 6.913111872722322637e+00 6.999284085885963513e+00 7.078655490924274041e+00 7.151043162606288028e+00 7.216287719114995447e+00 7.274259730855940909e+00 7.324853049600153376e+00 7.367991329274219403e+00 7.403620644148667829e+00 7.431716197784057343e+00 7.452274226072514551e+00 7.465318976271511531e+00 7.470893894085513409e+00 7.469068958780528789e+00 7.459931153304840912e+00 7.443592244101793653e+00 7.420178529862708317e+00 7.389839156273601439e+00 7.352735132766988535e+00 7.309048273596961742e+00 7.258969463298584834e+00 7.202708316798227983e+00 7.140480663526761695e+00 7.072519021383063986e+00 6.999059256796631878e+00 6.920351970928876995e+00 6.836648278506606502e+00 6.748212210336966166e+00 6.655305537310437280e+00 6.558201301822259133e+00 6.457167594620037754e+00 6.352482339843988690e+00 6.244415910746272225e+00 6.133247309706619355e+00 6.019245483321588708e+00 5.902687061092204424e+00 5.783836199588422211e+00 5.662964073112685348e+00 5.540327038631372325e+00 5.416188110786622545e+00 5.290793191288347685e+00 5.164394812332555595e+00 5.037226112218874619e+00 4.909527200194376384e+00 4.781516478477922050e+00 4.653420074840766141e+00 4.525440001523147515e+00 4.397787230528289015e+00 4.270646029410819722e+00 4.144211436305480944e+00 4.018648902005838686e+00 3.894137188157128282e+00 3.770822145374224998e+00 3.648866465810834292e+00 3.528395995778744965e+00 3.409558436454308339e+00 3.292459969907969519e+00 3.177236163884840536e+00 3.063975826230798116e+00 2.952809603578934627e+00 2.843816883915876836e+00 2.737142318302987043e+00 2.632880573633312515e+00 2.531242074284554722e+00 2.432410671544924963e+00 2.336808152825668117e+00 2.244924479231813041e+00 2.157809659362429855e+00 2.076885504903146717e+00 2.005048445497192855e+00 1.946382657775800329e+00 1.909535710752216620e+00
1.919812018114199104e+00 1.918005311146214309e+00 1.921612295483718702e+00 1.931933154768138650e+00 1.948912600424482777e+00 1.972847196603754183e+00 2.003709013847839060e+00 2.041597437577988394e+00 2.086464781972428462e+00 2.138318331777217196e+00 2.197077438927878656e+00 2.262684132571007645e+00 2.335018353371505206e+00 2.413965696981478448e+00 2.499362938047663185e+00 2.591042726633597582e+00 2.688796651201071697e+00 2.792406443658717485e+00 2.901617982942170659e+00 3.016164153969279393e+00 3.135746062830713221e+00 3.260050544064639677e+00 3.388736330144769049e+00 3.521448049140952108e+00 3.657805900320829195e+00 3.797417319625491672e+00 3.939869181942251775e+00 4.084737905065213504e+00 4.231583482184116285e+00 4.379958534116842550e+00 4.529403652689719451e+00 4.679455737895537482e+00 4.829644247948937874e+00 4.979499040838557100e+00 5.128547205133203946e+00 5.276320545881244328e+00 5.422352726685137014e+00 5.566186486972683589e+00 5.707370869453606943e+00 5.845468222287705018e+00 5.980051322142813319e+00 6.110710195737670603e+00 6.237048980371801221e+00 6.358692590996487759e+00 6.475283188819879854e+00 6.586486719484365260e+00 6.691988886742461951e+00 6.791501592032550327e+00 6.884758334271820601e+00 6.971520589071053209e+00 7.051572577095035044e+00 7.124727630657394783e+00 7.190822291445905456e+00 7.249722721969597217e+00 7.301318108357802927e+00 7.345527183133209626e+00 7.382290920008862223e+00 7.411579242119821664e+00 7.433383003161250890e+00 7.447720961237489057e+00 7.454631044372574067e+00 7.454177674520368946e+00 7.446442315646993215e+00 7.431531235412268011e+00 7.409565330986595200e+00 7.380688417861454909e+00 7.345056322690100892e+00 7.302845790133700277e+00 7.254242823673737739e+00 7.199452302945659632e+00 7.138685542975052201e+00 7.072170716726400741e+00 7.000139590776765175e+00 6.922838851466654120e+00 6.840515960710917831e+00 6.753431489852567360e+00 6.661844023004091397e+00 6.566023611179934605e+00 6.466235631922883975e+00 6.362755488311047536e+00 6.255851312045092705e+00 6.145800048420216655e+00 6.032868864591450553e+00 5.917332783746682701e+00 5.799454629564198882e+00 5.679504402191852819e+00 5.557737552026437378e+00 5.434416328886534586e+00 5.309786130434414275e+00 5.184099107270553120e+00 5.057588269665417968e+00 4.930493699837058763e+00 4.803034019470759475e+00 4.675435653186889695e+00 4.547901150188922159e+00 4.420642070867010887e+00 4.293843506197496218e+00 4.167701340462211412e+00 4.042382102576406844e+00 3.918065622839070006e+00 3.794899052276630158e+00 3.673046336848419191e+00 3.552634811835207795e+00 3.433813575710436883e+00 3.316690450118524591e+00 3.201402491044313070e+00 3.088040244946453239e+00 2.976735855508729323e+00 2.867570455422000286e+00 2.760690038013080994e+00 2.656190808194356379e+00 2.554283990888523093e+00 2.455154220956293987e+00 2.359222550582979583e+00 2.266977512072410494e+00 2.179464209207468972e+00 2.098096957189765632e+00 2.025756015132382792e+00 1.966502275900126495e+00 1.928935007642759158e+00
1.938379170055277489e+00 1.935640456549195365e+00 1.938272545360483878e+00 1.947569739553782986e+00 1.963478170027244563e+00 1.986294000880095778e+00 2.015990748668640364e+00 2.052668687189082242e+00 2.096281957035892596e+00 2.146839539188167389e+00 2.204263135071658386e+00 2.268497194290241215e+00 2.339424613998623226e+00 2.416934124178177878e+00 2.500866107009785733e+00 2.591057051663930189e+00 2.687302810607795855e+00 2.789389627519963000e+00 2.897068267175462175e+00 3.010076733924557324e+00 3.128121566335251735e+00 3.250895224982337073e+00 3.378062307420139465e+00 3.509273438506571363e+00 3.644154966670379636e+00 3.782320529509071161e+00 3.923363259064521991e+00 4.066865791325737334e+00 4.212394290080745840e+00 4.359507409776301579e+00 4.507751623898644588e+00 4.656669478546097807e+00 4.805795825784034747e+00 4.954665588631926632e+00 5.102810577509300671e+00 5.249766907956185946e+00 5.395072134043489953e+00 5.538272407042923895e+00 5.678919702512310153e+00 5.816578774234649529e+00 5.950824286985211486e+00 6.081247600475797377e+00 6.207453650644163545e+00 6.329067589418728268e+00 6.445731285327998883e+00 6.557109843740862587e+00 6.662887623300671969e+00 6.762774665495888904e+00 6.856502146919146057e+00 6.943828754572519024e+00 7.024535514957952920e+00 7.098432160763425536e+00 7.165351295908349627e+00 7.225154808879272750e+00 7.277727347699840088e+00 7.322982844218980603e+00 7.360857284271936862e+00 7.391315415037134073e+00 7.414342803274899474e+00 7.429952804141368716e+00 7.438177904367341498e+00 7.439077035606495691e+00 7.432726199923538779e+00 7.419226214048350698e+00 7.398692611862280444e+00 7.371263908197101422e+00 7.337090767481383224e+00 7.296344877458224687e+00 7.249207365126435043e+00 7.195878372529936229e+00 7.136564690901424868e+00 7.071490133121394628e+00 7.000882344751008013e+00 6.924984071518264450e+00 6.844039091780032003e+00 6.758304483138258156e+00 6.668035604688767215e+00 6.573499475312871709e+00 6.474958715524578245e+00 6.372686161912969105e+00 6.266947656896343588e+00 6.158018040144330740e+00 6.046162649164219971e+00 5.931654850490082787e+00 5.814756083416388499e+00 5.695735122878414103e+00 5.574846460893249755e+00 5.452351531557417808e+00 5.328495177134429994e+00 5.203529116594872050e+00 5.077686181908078744e+00 4.951206379660632706e+00 4.824308502308507940e+00 4.697219224614514133e+00 4.570141586029764724e+00 4.443287690908922727e+00 4.316843409249438324e+00 4.191005429678428484e+00 4.065941317431437163e+00 3.941831932583609532e+00 3.818825687619378240e+00 3.697087746642502726e+00 3.576746898030653821e+00 3.457953605429743504e+00 3.340817297536488706e+00 3.225476490437122035e+00 3.112023440483356662e+00 3.000591765117563092e+00 2.891264317874794543e+00 2.784188417939762683e+00 2.679461792073878801e+00 2.577296461484307244e+00 2.477877843804528357e+00 2.381626277670065406e+00 2.289028901478555422e+00 2.201125997556181435e+00 2.119324506869090463e+00 2.046488754673668087e+00 1.986656681591460361e+00 1.948379896309387904e+00
1.957001967965851463e+00 1.953343970788781192e+00 1.955014053674990482e+00 1.963300725442287176e+00 1.978151531244087602e+00 1.999862248511073304e+00 2.028407826630032496e+00 2.063889416855856584e+00 2.106262959022033865e+00 2.155539099695080729e+00 2.211641846034593240e+00 2.274518018338437031e+00 2.344053408953707507e+00 2.420139813983051003e+00 2.502621144815373011e+00 2.591337644741490642e+00 2.686089336869534883e+00 2.786666877813849030e+00 2.892825813201557850e+00 3.004309158330398244e+00 3.120828772314248933e+00 3.242082628915336162e+00 3.367741077555829410e+00 3.497460628732445453e+00 3.630873671806151393e+00 3.767599943011832764e+00 3.907238734714321371e+00 4.049378812535767480e+00 4.193592431504302276e+00 4.339444211334560819e+00 4.486486450556331995e+00 4.634267297929629770e+00 4.782326969546833340e+00 4.930205438257990735e+00 5.077439235825543129e+00 5.223568803013458606e+00 5.368135613983566756e+00 5.510689276457410912e+00 5.650784757660490598e+00 5.787989289705707030e+00 5.921879510914974887e+00 6.052048211483325169e+00 6.178101234053666069e+00 6.299664085226938326e+00 6.416378466469009112e+00 6.527908775302154076e+00 6.633938162656467519e+00 6.734174951268996345e+00 6.828348138534351186e+00 6.916213766783900319e+00 6.997549811290744159e+00 7.072162546072815914e+00 7.139880774579664191e+00 7.200562244158299485e+00 7.254087191709444937e+00 7.300364868999938750e+00 7.339326386931634083e+00 7.370931421828122332e+00 7.395160349757710527e+00 7.412021210418288319e+00 7.421541127198029386e+00 7.423773610255990363e+00 7.418789258832274136e+00 7.406683488729072451e+00 7.387566511045665862e+00 7.361571571842011608e+00 7.328844196285502655e+00 7.289551030295911005e+00 7.243868331375135305e+00 7.191991504044790595e+00 7.134122808673180494e+00 7.070481685135171723e+00 7.001291638951447460e+00 6.926791451466733029e+00 6.847221188643318079e+00 6.762834401839142195e+00 6.673883188546801293e+00 6.580631496272109970e+00 6.483339146063837433e+00 6.382276363842439793e+00 6.277706656144782293e+00 6.169902709473608304e+00 6.059127982378569754e+00 5.945654135175464816e+00 5.829741171970666436e+00 5.711656592010343481e+00 5.591653877631086900e+00 5.469993596725377216e+00 5.346919985167052580e+00 5.222684280542309487e+00 5.097519086485382545e+00 4.971664285516900428e+00 4.845338792306561615e+00 4.718769485129381103e+00 4.592159847026455743e+00 4.465722481895217477e+00 4.339643994344704048e+00 4.214121835481786427e+00 4.089324564995135525e+00 3.965434033737908592e+00 3.842599876583225438e+00 3.720988439945142279e+00 3.600729929264607332e+00 3.481976141011602799e+00 3.364838078207766259e+00 3.249455688625079830e+00 3.135922909535245662e+00 3.024374808504123990e+00 2.914895935732634058e+00 2.807634919409218277e+00 2.702690991534603793e+00 2.600276964682217251e+00 2.500579037737032273e+00 2.404016856304092897e+00 2.311076198339367060e+00 2.222792605678716171e+00 2.140565764106937774e+00 2.067244296250903002e+00 2.006843514697870035e+00 1.967867996887158633e+00
1.975677980611734386e+00 1.971113355480940799e+00 1.971834245751322268e+00 1.979123450639773907e+00 1.992929924520891127e+00 2.013549071525319256e+00 2.040957261331085348e+00 2.075256512496508776e+00 2.116404538140903568e+00 2.164413621211033423e+00 2.219210032667301657e+00 2.280742915796645232e+00 2.348900899218785643e+00 2.423578779535250138e+00 2.504623921843113887e+00 2.591880241537554586e+00 2.685151842116801024e+00 2.784233697462817680e+00 2.888886032261959613e+00 2.998856767410124302e+00 3.113862973674903500e+00 3.233608028017244340e+00 3.357767921153330004e+00 3.486004940412465558e+00 3.617957409865711682e+00 3.753251062974777508e+00 3.891491256774644913e+00 4.032272798662342339e+00 4.175173955758917366e+00 4.319765244378224622e+00 4.465604730651506316e+00 4.612246121207586924e+00 4.759234964489565733e+00 4.906116265637233020e+00 5.052431274457855004e+00 5.197724768465581846e+00 5.341542167968199806e+00 5.483436577862665473e+00 5.622966011734628289e+00 5.759700248417753521e+00 5.893217980787885502e+00 6.023113522527171249e+00 6.148993726583470654e+00 6.270484567537269349e+00 6.387227701168027849e+00 6.498886945537337034e+00 6.605144377476335649e+00 6.705706738687291057e+00 6.800300987358055771e+00 6.888680662324368598e+00 6.970620828205998265e+00 7.045924439362137193e+00 7.114416634557721331e+00 7.175951151794936145e+00 7.230403943173738135e+00 7.277679700717169631e+00 7.317704773482450520e+00 7.350433872550120817e+00 7.375842280396144979e+00 7.393932809913121851e+00 7.404727300541952495e+00 7.408273911433014725e+00 7.404637899968044223e+00 7.393909333074162760e+00 7.376193141761174132e+00 7.351617337478702829e+00 7.320322331436035945e+00 7.282469745185558452e+00 7.238230976084518709e+00 7.187796693533436532e+00 7.131364622252711172e+00 7.069149818399403706e+00 7.001371630557946091e+00 6.928264853938016721e+00 6.850065815185168105e+00 6.767024508695816287e+00 6.679389735441346510e+00 6.587422333840849298e+00 6.491379284453281606e+00 6.391528159625539551e+00 6.288130084574672374e+00 6.181455546125368627e+00 6.071766075486638492e+00 5.959331577998659313e+00 5.844410572493294431e+00 5.727269232661973852e+00 5.608159980397063649e+00 5.487342467348305775e+00 5.365060272393768592e+00 5.241564102283949644e+00 5.117086282543076514e+00 4.991866523379051124e+00 4.866123813274573884e+00 4.740085187479474271e+00 4.613954526039367288e+00 4.487944887986856202e+00 4.362243568135677485e+00 4.237048738154309824e+00 4.112529910261091715e+00 3.988869886977922441e+00 3.866219486389440352e+00 3.744746201221239357e+00 3.624581617789341070e+00 3.505878832823332569e+00 3.388750390743071605e+00 3.273337642320977903e+00 3.159736176528576301e+00 3.048082487085241432e+00 2.938462796368003893e+00 2.831027024278010895e+00 2.725875891015321351e+00 2.623222994958216869e+00 2.523255314016273676e+00 2.426391820153786849e+00 2.333116962953707407e+00 2.244461622395106382e+00 2.161818345023183152e+00 2.088020276757759586e+00 2.027060419237242339e+00 1.987396934023700990e+00
1.994404783054771979e+00 1.988946120463757739e+00 1.988730557490797191e+00 1.995035266733794943e+00 2.007810606906887507e+00 2.027351622164153433e+00 2.053636090529360914e+00 2.086766888412496801e+00 2.126703477417286159e+00 2.173459749021801279e+00 2.226964197785999300e+00 2.287168244241069459e+00 2.353963296631368163e+00 2.427247088910910122e+00 2.506870367098545049e+00 2.592680639536104170e+00 2.684486002864311160e+00 2.782085655625642584e+00 2.885244402869603153e+00 2.993714968789376041e+00 3.107219529878707753e+00 3.225466759109476111e+00 3.348138180514222295e+00 3.474901751767627278e+00 3.605401627431259026e+00 3.739269438408149515e+00 3.876116511966990696e+00 4.015543610183483381e+00 4.157134933414250000e+00 4.300466825694122974e+00 4.445103062603534383e+00 4.590602862629364900e+00 4.736517073180853465e+00 4.882395711960732854e+00 5.027784740894698068e+00 5.172233282733448512e+00 5.315290726585332415e+00 5.456513711532660516e+00 5.595463348245651503e+00 5.731712026504188096e+00 5.864840570452360069e+00 5.994444905901984200e+00 6.120132995347316474e+00 6.241531390357850206e+00 6.358281818233654015e+00 6.470047641971924612e+00 6.576509994168219464e+00 6.677374169734956233e+00 6.772365224499183434e+00 6.861234332183929752e+00 6.943753784925306149e+00 7.019723354427047646e+00 7.088964648963057336e+00 7.151327527806233597e+00 7.206683783815897471e+00 7.254933669246812933e+00 7.295998884429452325e+00 7.329829281204383484e+00 7.356395146291855092e+00 7.375694155476122837e+00 7.387742944974674764e+00 7.392584394983959584e+00 7.390278483777446894e+00 7.380909983412085040e+00 7.364578589596719738e+00 7.341407115525333538e+00 7.311530886021007092e+00 7.275106518025398650e+00 7.232300560419369084e+00 7.183298952175264596e+00 7.128294879839319087e+00 7.067499007326729199e+00 7.001126511505926686e+00 6.929408181714020287e+00 6.852576580274354789e+00 6.770878115698507393e+00 6.684558259201247132e+00 6.593874703953686911e+00 6.499081550434552490e+00 6.400443675812346633e+00 6.298219779733959633e+00 6.192678103893955566e+00 6.084078204734083783e+00 5.972688184698578873e+00 5.858765028005612940e+00 5.742573533566061705e+00 5.624365012628987692e+00 5.504398151032507513e+00 5.382915820462385703e+00 5.260168147708700559e+00 5.136387130691189462e+00 5.011812259265981950e+00 4.886662547502242049e+00 4.761165141196795680e+00 4.635524270901273169e+00 4.509953406403822029e+00 4.384640488330688868e+00 4.259784366952699131e+00 4.135555465047984214e+00 4.012137497596486746e+00 3.889682426617677713e+00 3.768358854993831386e+00 3.648299713580495318e+00 3.529659366594135594e+00 3.412551866733483319e+00 3.297119938823997565e+00 3.183460794076263145e+00 3.071712328066288133e+00 2.961962410553007796e+00 2.854362235432005512e+00 2.749013993641492792e+00 2.646132063174113647e+00 2.545904198047223232e+00 2.448748714870936816e+00 2.355148765561721369e+00 2.266130644600855781e+00 2.183079872202891902e+00 2.108814338335299521e+00 2.047305043834085847e+00 2.006964337238988261e+00
