7.200799232618684265e+00 7.277433911171351966e+00 7.140020447461814967e+00 7.407067635587910814e+00 7.607818775301575798e+00 8.094676512094396870e+00 8.290502524469978596e+00 7.934959778941037101e+00 8.611049533020764812e+00 9.014445736236439188e+00 8.606052242552856058e+00 9.305768502996807356e+00 9.133860290339766763e+00 9.729592063204645314e+00 9.602843937296254850e+00 9.199715953610548169e+00 9.209681233038441661e+00 9.981791509385290695e+00 1.013354245769173012e+01 9.423013399970974646e+00 1.000011110553242588e+01 9.834050537903879174e+00 9.598770570065079610e+00 9.809372488910140575e+00 9.583063994226719728e+00 1.031289788544441066e+01 9.686282736862780851e+00 9.657087882581032900e+00 9.744794751588452542e+00 1.013770759803309929e+01 9.618851991396294210e+00 9.531828553853328501e+00 9.555367255823997041e+00 9.788669970768260953e+00 9.095218843240536089e+00 9.571885208767264785e+00 9.287103314328017944e+00 8.895716886205653040e+00 8.591948429414044242e+00 8.951115359652627390e+00 8.638829874859863978e+00 8.603061967893276929e+00 8.571057428785636034e+00 7.882979825657325357e+00 8.160374104356661107e+00 7.399577454217671324e+00 7.485289393966464644e+00 7.001021325035310383e+00 7.083934297004326197e+00 7.021555549453363021e+00 6.314160008475572461e+00 6.048303619210698479e+00 6.010211725201576094e+00 5.679640806601251590e+00 5.417479375822684240e+00 5.565272612608072045e+00 5.186466653635367408e+00 5.128491040616934171e+00 5.067016267921592210e+00 4.504375821835926885e+00 4.568669554352720041e+00 4.458847541943140591e+00 4.232882010675266926e+00 3.726685443627375083e+00 3.653868945237128241e+00 3.652736293206253482e+00 3.184419734383771683e+00 3.223767023668882015e+00 3.012710234587818725e+00 2.751346820057138931e+00 2.632352033306866179e+00 2.624136185163489010e+00 2.383449335161241134e+00 2.227328199090390815e+00 2.008633212445482652e+00 1.963995196251820508e+00 1.857249145565679882e+00 1.656130464704624439e+00 1.585532722651719295e+00 1.565498324860253421e+00 1.350698086630492734e+00 1.261810533403420198e+00 1.216615722271996658e+00 1.082369313465815219e+00 1.053681252609198760e+00 1.002041737338894567e+00 8.798072507461375258e-01 8.570739644764946430e-01 7.957912675524638768e-01 7.321493120139026534e-01 6.607473793189018174e-01 5.941249152347021223e-01 5.782791988330820976e-01 5.349285543227038087e-01 4.833278010266683911e-01 4.224028110710384420e-01 3.993723336654649847e-01 3.455918811855174244e-01 3.110856463157399276e-01 2.842195340187883557e-01 2.802567829776093089e-01 2.441154463177450662e-01 2.304626871800886656e-01 2.117481742470982697e-01 1.790152831536792610e-01 1.600722021139820150e-01 1.570176755823473602e-01 1.368692552695558451e-01 1.212051769447997224e-01 1.146085827399526552e-01 1.001494742930271187e-01 8.592160283633087925e-02 7.689715346340671165e-02 7.427984708880248921e-02 6.117493673698463919e-02 5.480063736428576748e-02 5.286797129559075992e-02 4.306987171347926441e-02 4.106132025359338772e-02 3.619823429762983324e-02
3.667866255280117116e+00 5.473006764349003461e+00 6.588074358199881075e+00 7.351085848234452769e+00 7.366137313228830585e+00 7.394486697899194994e+00 8.331846366639764412e+00 7.936775404336276374e+00 8.460389446473246977e+00 8.434346376318238470e+00 8.569087309669747299e+00 8.545556067634544561e+00 8.591440811091706209e+00 8.703451589235049468e+00 9.538666935519676926e+00 9.370881284161567848e+00 9.279879684342132506e+00 9.967778822570542374e+00 9.493450512630065674e+00 9.738756806023994628e+00 9.526756262597288583e+00 9.561936313486574690e+00 1.016762030764716407e+01 1.002197030419408819e+01 9.491188135850988417e+00 9.958302682445429710e+00 9.666577440165960766e+00 1.043762900738168753e+01 1.025769389100764251e+01 9.561618432162353187e+00 1.008958115823740087e+01 9.494492748812659144e+00 1.007812670838930913e+01 9.609126510481099004e+00 9.023236071060102503e+00 9.479588454513329765e+00 9.115144346698510702e+00 8.653750522110057020e+00 9.050935553129644262e+00 9.030134510456669261e+00 8.999049908395042152e+00 8.607086960163613298e+00 7.968462749931831013e+00 8.277124725134955341e+00 8.294210634304919338e+00 8.061649773173874323e+00 7.609292109488376532e+00 7.680003213883334290e+00 7.133639553028074509e+00 7.233344859343896260e+00 6.412247276553859621e+00 6.644555231220231839e+00 6.016789454798771253e+00 6.208577421521895623e+00 5.861476999067063431e+00 5.541536375829990924e+00 5.663984225457450172e+00 5.183048617375702882e+00 5.231249776942290097e+00 4.883636988303571513e+00 4.747844567290404605e+00 4.298918025425241929e+00 4.285644540801832214e+00 4.159031791457412197e+00 3.753901668269797653e+00 3.516274389496250485e+00 3.548578116038436203e+00 3.258052724952834378e+00 2.993510681102450999e+00 2.974205301915735511e+00 2.811158893210703447e+00 2.550278625123768350e+00 2.477571986321779551e+00 2.376140667062313749e+00 2.232823252818058268e+00 2.114251233968246435e+00 1.942469508750422680e+00 1.843834014617712347e+00 1.679434825288989908e+00 1.565054409260045132e+00 1.536944395555971621e+00 1.448921669602190043e+00 1.260860094210216831e+00 1.203073456013687315e+00 1.091271033204965768e+00 1.044887496980724695e+00 1.008409747585985228e+00 8.728019677007349264e-01 8.567755337717197772e-01 7.372863991678559881e-01 7.223852842535439800e-01 6.707074556394514442e-01 5.960332708656953526e-01 5.358740328367519457e-01 5.167484295383595327e-01 4.618036899501479220e-01 4.074055133140746521e-01 4.060975110719511894e-01 3.432739799911181944e-01 3.360833172012644976e-01 3.072276614672366235e-01 2.783302809916282650e-01 2.526233628232091299e-01 2.124690150306682568e-01 1.935512423903518742e-01 1.812420280786258830e-01 1.694805026520039559e-01 1.458213145093174012e-01 1.296925040907328797e-01 1.252148920265818977e-01 1.048086175488144867e-01 1.014432803080119044e-01 8.392770710415911606e-02 8.112330365086763140e-02 6.691848558141599845e-02 6.936761915450938287e-02 6.696669829428723852e-02 1.455639384037165918e-01 4.465155465598091289e-01 1.583647701055376222e+00
3.189393583286846745e+00 4.501940056360272280e+00 5.851666110520388209e+00 6.426648643698892549e+00 7.006157021892467363e+00 7.289091303535625066e+00 7.535673831497098796e+00 8.192174093785167699e+00 7.971094128859717465e+00 8.652213109796155877e+00 8.945763795078415015e+00 8.906092804549771813e+00 9.315230974469177028e+00 8.733194202580776278e+00 8.842193910558638237e+00 9.178960219702343437e+00 9.881526195817436076e+00 9.248893286120910773e+00 9.648071881914729531e+00 9.724948130592595774e+00 9.691766793887088838e+00 9.911100414630316990e+00 1.020617792659409240e+01 1.010434414597678732e+01 9.723004573481114576e+00 9.508168882180610737e+00 9.502128799917572977e+00 9.762898982789389279e+00 9.508414183949451370e+00 9.425853913856766297e+00 1.006068955572962409e+01 9.966928822593310144e+00 9.256264041523833086e+00 9.400140439121390301e+00 9.377009873282448282e+00 9.171048571036473973e+00 9.054540264557855878e+00 8.706034198218127074e+00 8.929695156551067825e+00 8.796519805656719981e+00 8.589099527179051563e+00 8.325612020412677339e+00 8.590825343640229761e+00 8.153288273931357466e+00 8.315433365253495523e+00 7.714873333968518487e+00 7.978743144369507156e+00 7.190131113819124842e+00 6.867882088518181938e+00 7.099855496764573282e+00 6.458552436497885019e+00 6.556246564512802522e+00 6.676603742996285007e+00 5.858164060290218522e+00 5.780296856889088453e+00 5.898773582448283648e+00 5.683849535497173200e+00 5.562829998750948413e+00 5.213031043773936446e+00 4.904980159969630549e+00 4.850130335811545734e+00 4.552802491619937442e+00 4.401006999661481345e+00 4.221793931344419271e+00 3.784549096998002238e+00 3.752141413181941942e+00 3.696690634973970990e+00 3.277068821152901545e+00 3.341452572601690374e+00 2.993228521601627889e+00 2.800093473291177748e+00 2.684401319291225718e+00 2.567764212098856635e+00 2.319152035621223629e+00 2.201359590916889264e+00 2.150151618182144286e+00 1.918268538251548305e+00 1.957878393230415126e+00 1.781935501568536306e+00 1.602659690553379868e+00 1.562637906642989405e+00 1.466465572266195228e+00 1.323834695435524900e+00 1.246751904676354217e+00 1.115873064360855871e+00 1.057303922153412401e+00 1.010447545591617091e+00 9.100035635856184024e-01 8.737381360988575318e-01 8.201615434456049902e-01 7.353243922305939817e-01 6.891821307067570457e-01 6.444065367566979008e-01 5.955911763269056136e-01 5.247049069921227993e-01 4.825506514823016957e-01 4.629901217786687173e-01 3.968227682056236216e-01 3.907652820885146872e-01 3.425673885224628235e-01 3.067878938486996443e-01 2.799032265721136392e-01 2.700234276897992003e-01 2.438754098073916687e-01 2.074879469468696724e-01 1.920804799072800273e-01 1.721456108510606431e-01 1.668833349664305965e-01 1.384671037397786075e-01 1.357710898645515807e-01 1.230075073740151403e-01 1.069594435975211588e-01 9.502368996569188209e-02 8.260760909671573116e-02 8.248766887091930899e-02 8.400507970886574027e-02 1.155316986249304428e-01 2.444725723976257370e-01 6.152082314777724825e-01 1.446703944544877718e+00
2.811366933960795400e+00 4.147886828034242690e+00 5.068392953955479285e+00 5.735543752437020082e+00 6.313006304793471912e+00 7.227145924280296008e+00 7.303682717992353801e+00 7.551794493154381449e+00 7.968040491018682836e+00 8.552765247565734086e+00 8.663147113106814956e+00 8.935285162071769705e+00 8.697365700931634080e+00 8.663577203757315104e+00 8.683027441761309362e+00 9.689296119555685038e+00 9.249915716908695629e+00 9.022929055900764439e+00 1.005188096204123660e+01 9.740619407958950760e+00 9.750432564657865342e+00 1.006168816822996881e+01 1.028231641054009415e+01 9.647011054077223591e+00 1.025829796129128368e+01 9.733949943740377364e+00 1.028206512307773757e+01 9.981769778925876579e+00 9.871614339631094026e+00 9.505130721437046404e+00 1.014490725595955567e+01 9.333064945844567362e+00 9.903827245904576415e+00 9.694038864723124149e+00 9.358110918791876287e+00 8.945720448176970763e+00 9.213864306736400778e+00 8.763679295537711411e+00 9.162596736564180944e+00 8.734460632864712082e+00 8.438688204531988646e+00 8.180716294513775466e+00 8.783030168500131296e+00 8.221651433749860516e+00 8.453323516688735495e+00 8.084516792281418063e+00 7.983280221309811076e+00 7.277532222139306839e+00 7.647939778460748350e+00 7.000305144811533431e+00 6.613613304097917478e+00 6.505410453322255648e+00 6.602461571412248986e+00 6.434943173007789952e+00 6.128280316487654034e+00 5.774929327100453591e+00 5.637777381491923201e+00 5.297067005190405631e+00 5.073543563467430850e+00 5.025423543894437906e+00 4.739523309011656416e+00 4.748639358251717901e+00 4.468532168351699418e+00 4.291056793495688915e+00 3.824889208850422939e+00 3.895674633664481856e+00 3.673796731586075115e+00 3.497071197558775157e+00 3.176110919544693267e+00 3.072486191164609970e+00 3.002441651917309162e+00 2.844864486313777086e+00 2.721135145404820932e+00 2.509238279367723923e+00 2.272237246647824005e+00 2.304931989409367166e+00 2.177181696748821782e+00 1.869748201621563410e+00 1.824461856284837813e+00 1.666401877680051324e+00 1.630987528196326863e+00 1.547612322382376115e+00 1.451045936020791016e+00 1.255200986747468495e+00 1.197399133008113292e+00 1.171602342755936554e+00 1.069183239728623613e+00 9.955419018250766250e-01 9.442819783983233961e-01 8.751271445562688323e-01 7.364736512746097308e-01 6.808683069238250507e-01 6.436261597245628296e-01 5.806520992595388675e-01 5.776963621055541953e-01 5.224702075825302661e-01 4.490615212572111603e-01 4.182207977452342407e-01 4.057501570491131582e-01 3.586127815788246465e-01 3.185404456543552421e-01 3.130544145323892469e-01 2.736037782342417568e-01 2.425357131210287842e-01 2.312105180667546334e-01 2.168705511178818934e-01 1.881491481322510317e-01 1.626298650274004276e-01 1.522953450716830470e-01 1.437881159559838973e-01 1.305255796764012988e-01 1.155608409867694142e-01 9.830027844485984823e-02 9.378824764118093293e-02 9.151760014835390311e-02 1.011453119279822205e-01 1.399946887638920945e-01 2.873810232243571017e-01 6.578400893232340119e-01 1.384519130476043136e+00
2.393731159513031503e+00 3.795359842881449453e+00 4.788054726550416973e+00 5.295234257706590952e+00 6.385368012539527349e+00 7.018626929423257721e+00 6.981384803297242314e+00 7.615061339170747345e+00 7.908545742928763111e+00 8.182907017871160704e+00 8.157623645095750220e+00 8.836629533228217426e+00 8.552211635662933631e+00 8.894459598876126805e+00 8.871882497486751618e+00 9.350614157251429859e+00 9.430064461017220623e+00 9.133824517355026984e+00 9.262165344939916167e+00 9.335318774118229967e+00 9.354079172391834618e+00 9.703048028278120185e+00 1.019766915957219844e+01 9.379128176074704726e+00 1.020850624595200173e+01 9.687190845907982961e+00 1.013643385626186344e+01 9.536742760105830996e+00 9.469141170411070618e+00 1.003479048009485020e+01 9.925120405390964962e+00 9.911908943237023095e+00 9.944896956265555588e+00 9.556003899184389638e+00 9.113534565556022926e+00 9.049345656398379845e+00 9.632557231979159695e+00 9.528150595054276195e+00 8.680812612077003720e+00 9.352351639686252938e+00 9.030795050466661422e+00 8.989363608932164240e+00 8.409639051599707926e+00 8.073266117532750030e+00 8.198029280574706590e+00 7.935486200214239005e+00 7.522910655866283491e+00 7.369850520612365230e+00 7.503292041793031331e+00 7.068354003734029334e+00 6.875461702651436191e+00 6.711300047817740477e+00 6.609866384222470970e+00 6.385132356206582926e+00 6.099989586574672273e+00 5.643639505482839880e+00 5.915837059686666954e+00 5.294433084781953625e+00 5.393350677124483461e+00 5.006788175420808784e+00 4.779872486329539427e+00 4.510601202188003533e+00 4.629022342897725295e+00 4.442950995799942682e+00 4.247431026882530603e+00 3.818039740164854479e+00 3.780949679399087771e+00 3.663588512794008434e+00 3.494112453019298847e+00 3.241744052926645026e+00 2.971321955900095624e+00 2.908529598718425646e+00 2.606748907092846679e+00 2.468763939858835688e+00 2.504136309526368009e+00 2.311526380075017872e+00 2.087300232081962026e+00 2.084296688289871025e+00 1.953370939609144319e+00 1.750783564938537706e+00 1.722692074396278139e+00 1.522761488570209432e+00 1.447272737456730241e+00 1.360048998174165247e+00 1.274127504050904580e+00 1.226911673772009159e+00 1.080494818220933517e+00 9.696017146315596413e-01 9.382847722658828049e-01 8.548244946859823168e-01 8.100647195327357331e-01 7.115690822799587423e-01 6.571021768880007663e-01 6.502945122125526334e-01 5.583143532632081074e-01 5.495604535129601231e-01 4.855509508658381601e-01 4.620009961089346917e-01 4.295931869876493114e-01 3.930341093568168742e-01 3.495994594733478622e-01 3.311085891830612415e-01 2.832583576619791543e-01 2.657706292552619032e-01 2.353789214262054230e-01 2.160899446529503387e-01 1.956848267908489480e-01 1.848956208775139332e-01 1.623596359869165784e-01 1.507781335552993984e-01 1.380654765475487211e-01 1.257361414968423685e-01 1.090534210917732810e-01 1.030089666286062439e-01 9.581263057673779227e-02 1.141976248216105411e-01 1.703354707670294843e-01 3.112284694246997274e-01 6.353682936008147042e-01 1.340795808376227249e+00
2.266203116822924191e+00 3.342390002730763587e+00 4.185655082056012333e+00 5.225219278972939030e+00 5.611895286295768059e+00 6.227472354603134086e+00 7.009905326558878436e+00 7.384102651038132237e+00 7.728202168661796101e+00 8.269771216095723076e+00 7.859759305050078027e+00 8.654150427398043632e+00 8.965447379275230944e+00 8.413729929158538567e+00 8.571213861823560265e+00 9.492546071270114183e+00 9.039617836781335569e+00 9.470413061271614197e+00 9.936218609961185777e+00 9.918423942746489530e+00 9.169177806048837809e+00 9.527545499927203565e+00 9.925520705859200987e+00 1.000713050794842474e+01 9.397038584174008946e+00 1.000644684510599447e+01 1.029142442799389379e+01 9.606710987965023207e+00 9.510633324384322407e+00 1.009103759343850193e+01 9.988193231842238617e+00 9.426348337510306763e+00 1.017463515571845178e+01 9.230121217330417238e+00 9.256432823548390587e+00 9.197996087465172721e+00 9.496684305960108929e+00 9.053387048487092414e+00 8.764909075194237786e+00 8.552296916060102561e+00 8.792511264365742818e+00 8.781028094049181831e+00 8.749884879396230275e+00 8.117868339309172399e+00 8.158737868415824934e+00 7.698934598997900558e+00 8.153411365656353382e+00 7.960775372361872826e+00 7.641677824906847327e+00 6.918614246237493326e+00 6.696094031976958405e+00 6.847763929512828085e+00 6.816175053290719710e+00 6.736165324342934468e+00 5.900556947567114463e+00 5.784487350070366851e+00 6.051247901406101803e+00 5.646569632891546675e+00 5.369977852589590483e+00 5.026240469817265577e+00 4.947881102471628267e+00 4.958768721427039949e+00 4.673311130575960703e+00 4.154051912897545051e+00 4.093109584982729032e+00 3.820200985803051896e+00 3.912381107994605145e+00 3.568729318400424066e+00 3.558710138646055121e+00 3.147881590962204879e+00 3.065549294713420192e+00 2.849633351969227402e+00 2.908309313619892755e+00 2.738364764543741003e+00 2.575249484588425286e+00 2.447220982515575294e+00 2.126286327727179071e+00 2.098445775009782910e+00 1.876953033717591257e+00 1.906795748442250193e+00 1.655352753485938244e+00 1.552315580530786221e+00 1.529008529292418483e+00 1.422784203025789562e+00 1.280691053506515020e+00 1.157032238883556108e+00 1.103267470250743010e+00 1.027509373817779403e+00 1.018292142230606157e+00 9.161926441654945075e-01 8.365319222518566855e-01 7.672941869721958685e-01 7.164237382007402344e-01 6.338226618330178308e-01 6.007095954312917652e-01 5.668444466010917893e-01 5.147639973276537662e-01 4.915688481032644552e-01 4.322627511528256417e-01 4.103422897935748992e-01 3.610572826234326738e-01 3.440422788036291424e-01 3.177342668346251897e-01 2.792911437589852830e-01 2.511532714582446202e-01 2.365268873171473551e-01 2.186396411676624074e-01 1.866392789120158435e-01 1.655942943947847079e-01 1.626543139149338735e-01 1.473253324614604287e-01 1.338859127479265776e-01 1.223280258336528897e-01 1.071198177629385517e-01 1.131233961827918105e-01 1.233751856264589525e-01 1.908969666627835793e-01 3.406869172070149943e-01 6.635811076940066888e-01 1.228219841794410350e+00
2.029464463110600025e+00 2.970195393776688952e+00 3.999681548621541793e+00 4.694013223626531506e+00 5.683481688651832897e+00 6.314126819298335747e+00 6.693864541244768596e+00 6.905649287259791436e+00 7.309103549669570654e+00 7.793399627306203392e+00 7.895912007513451236e+00 8.580496564512287705e+00 8.586043463489573924e+00 9.077658435062311071e+00 8.509787953136184413e+00 9.451924755198787054e+00 8.741490708656819208e+00 9.404622141752565057e+00 9.292072673925151349e+00 9.448048382664643086e+00 9.231861083755287467e+00 9.267109984616675789e+00 9.876334199079934706e+00 9.749935806447989961e+00 9.584100702013270023e+00 9.715006925881464639e+00 9.666129015567291205e+00 1.033626937924815792e+01 9.793472180818415751e+00 9.675809296412086979e+00 9.918220917159620953e+00 9.929532959216414767e+00 1.019473009427394494e+01 9.366445302783104054e+00 9.262417645680811162e+00 9.184905211598163532e+00 9.436175713957659639e+00 8.909462405621363601e+00 9.061165942066756074e+00 9.251509050756249408e+00 9.106975777221254731e+00 8.878360166645421714e+00 8.529781239095466816e+00 8.333088837673978233e+00 8.110976317522657908e+00 8.434079189235644591e+00 8.102634091368802416e+00 7.796487859576625823e+00 7.782726263422355295e+00 6.958218500754058233e+00 6.805932024849981943e+00 6.756537750626560701e+00 6.989190840141457528e+00 6.475387811207523825e+00 6.557278845238842635e+00 6.245238469420454130e+00 5.757688960325261007e+00 5.597853466394607125e+00 5.623647493175096379e+00 5.485731414431966435e+00 4.981453570553177279e+00 4.949445756289861720e+00 4.680249335627093110e+00 4.646521207975850665e+00 4.243866789753810487e+00 4.114438427006216870e+00 3.713843633037781533e+00 3.670813743565273679e+00 3.456410992268005078e+00 3.406782230139317136e+00 3.102931884069072943e+00 3.108694469918598102e+00 2.897596652980161558e+00 2.759878745376229237e+00 2.523676883350626010e+00 2.461412811136440837e+00 2.334112120023725812e+00 2.174402402927098965e+00 1.999115617991605642e+00 1.924211261520015093e+00 1.728851409161126229e+00 1.708210534523689761e+00 1.568735955215905697e+00 1.414309350414253874e+00 1.317949553867929779e+00 1.215001208584612469e+00 1.110566654749219673e+00 1.099667374793180441e+00 1.012510653152493001e+00 9.600925406330372835e-01 8.807094487062705479e-01 8.188765599033294151e-01 7.575306397914757239e-01 6.825889954942490068e-01 6.586372026070614893e-01 5.545400218340122978e-01 5.537255384902928235e-01 5.089378759468421443e-01 4.378036237524336460e-01 4.322842724575974294e-01 3.613105645975570046e-01 3.568163280087203737e-01 3.132659913587834688e-01 2.903103177253442135e-01 2.549132866441931045e-01 2.456936708583622453e-01 2.159396248578743516e-01 1.972415753503946323e-01 1.822608260526193680e-01 1.686764336379408535e-01 1.565657501926102368e-01 1.423110194982010190e-01 1.259292566011777359e-01 1.225476002355541522e-01 1.178280248906450056e-01 1.462444891795846857e-01 2.022185289449752732e-01 3.614215312228702404e-01 6.630892805273866930e-01 1.257598279740808289e+00
1.982222826883592415e+00 2.897648761887253954e+00 3.667931744476581990e+00 4.697371316548188069e+00 5.446478903594150545e+00 5.890800614268984603e+00 6.343168373554057382e+00 6.769607764703371444e+00 7.544634031229173310e+00 8.041631502164706902e+00 8.312104715413475731e+00 8.075848410447964199e+00 8.422514761069228584e+00 8.298410718500631944e+00 8.750513353082910228e+00 9.165814201716598220e+00 9.290135335311154208e+00 9.123313027418731735e+00 8.924925254647321893e+00 9.711724742750641681e+00 9.977847991724612342e+00 9.649593970744296811e+00 9.344510078971179468e+00 9.720981215551253385e+00 1.017556866255465131e+01 1.025245345936821018e+01 1.025663767280332195e+01 9.567368262380119504e+00 9.741592724486768162e+00 9.745883812948701319e+00 9.674822635174253449e+00 9.822146078168183081e+00 9.961014921422293611e+00 9.731857168112254541e+00 9.403237429600864061e+00 9.921087615193894038e+00 9.182877499087659601e+00 8.870677682220931004e+00 9.423680354879989451e+00 9.051943053407780937e+00 8.856171989120719346e+00 9.039712995997062350e+00 8.944987404396377073e+00 8.518007168328766809e+00 8.580536307644242910e+00 8.369207795198365218e+00 8.168605819049496120e+00 8.010917405038862071e+00 7.366522675676327125e+00 7.333939128794806805e+00 6.986100532853507517e+00 7.046532056073147032e+00 6.977681999413978708e+00 6.272255360705166538e+00 6.063353986243667393e+00 5.978554586373594937e+00 6.051926368385413646e+00 5.706785793012357111e+00 5.520473504692361644e+00 5.269718123183774416e+00 5.265459419948902209e+00 4.998788627611912005e+00 4.688139950803538625e+00 4.393281056070284407e+00 4.473417606445319272e+00 4.274727065030477391e+00 3.760701405830364052e+00 3.663819143575777204e+00 3.440849625612866003e+00 3.285341095208572426e+00 3.064924587448814908e+00 3.167250441795062876e+00 2.835799511235509662e+00 2.723248926899685785e+00 2.557882439024630195e+00 2.365914249436295247e+00 2.400783497135181133e+00 2.203794811624043337e+00 2.063556198840796441e+00 1.927184037462433608e+00 1.755822349557376816e+00 1.698710208113815456e+00 1.608645438593752086e+00 1.535667294396769300e+00 1.354464631808924402e+00 1.348916656990942986e+00 1.178398638974473833e+00 1.100378194735231574e+00 1.060304228059495424e+00 1.002178827135321804e+00 8.806643986567580518e-01 8.686111747310292230e-01 7.848496626441723301e-01 7.028618672669514345e-01 6.715530996328994418e-01 6.023986212394798478e-01 5.659766744808669703e-01 5.125378912735235604e-01 4.671501739311668677e-01 4.338089475194447653e-01 4.016936503027686012e-01 3.782980487901229094e-01 3.455865444830476529e-01 3.116558678267637439e-01 2.764408903544333662e-01 2.438980380162930339e-01 2.217917173162257949e-01 2.149545370080019335e-01 1.954676311604841010e-01 1.813998147412416717e-01 1.500498011705344303e-01 1.394919748208457988e-01 1.362680707656094559e-01 1.275152202143969016e-01 1.240393389533590712e-01 1.471567954601827322e-01 2.153231705247174443e-01 3.525737200367349833e-01 6.055828288438898088e-01 1.164480181936461634e+00
1.916145304637225655e+00 2.815167805056011829e+00 3.391473022474195798e+00 4.157600372613613260e+00 5.057063015244644966e+00 5.435275188126261092e+00 6.162695013355412144e+00 6.597427691916581516e+00 7.411268812411387685e+00 7.557039500678696342e+00 7.625402126335131925e+00 8.465422973343576629e+00 8.227548522964955424e+00 8.545483125142677494e+00 8.297373718326438663e+00 8.482467994714212978e+00 8.890365044676173056e+00 9.353001434016423588e+00 9.262425309891648695e+00 9.100979527604888375e+00 9.437905160506726787e+00 9.674066745101345788e+00 9.196101327885575216e+00 1.015142321095004796e+01 9.795093868238492263e+00 9.423235630217721592e+00 1.005218045267246652e+01 9.883943325990989237e+00 9.395938300264502274e+00 9.807374807392106320e+00 9.734246695439356500e+00 9.407165829070148533e+00 1.015587596562015271e+01 9.586500968544905632e+00 9.198696246456357528e+00 9.327940244529377978e+00 9.376145591968967352e+00 8.897566284464462072e+00 8.916512227097602050e+00 9.479556036193796942e+00 9.139300774301750252e+00 9.118657646255298843e+00 8.867685298827248985e+00 8.380893387040826426e+00 8.074316817912190913e+00 7.941481996287088840e+00 8.137938859460620122e+00 7.719200605036843577e+00 7.649949073754253703e+00 7.147172613675304653e+00 7.548969782029244513e+00 6.898978671892330716e+00 6.772301220730460258e+00 6.769527261335736235e+00 6.149197343060535559e+00 6.102975346883684260e+00 5.918923454402723827e+00 5.534721910448570092e+00 5.504365303173882396e+00 5.174450110701588557e+00 4.972333341689062713e+00 5.023823955981565170e+00 4.775619541750043773e+00 4.472782024553489499e+00 4.487703456759771115e+00 4.346427078287692147e+00 4.188463847715737209e+00 3.646057264792380792e+00 3.631750951993621523e+00 3.514383270523365077e+00 3.346433506902008137e+00 3.154419812526059630e+00 2.884385689756253868e+00 2.831515385984664235e+00 2.616173567975913272e+00 2.559609062205609575e+00 2.312029543239479512e+00 2.142677893153762003e+00 2.035855548959423444e+00 2.036654905904311530e+00 1.853932701403589123e+00 1.697921759432138300e+00 1.569407965196230270e+00 1.518545349687842050e+00 1.424312558101537451e+00 1.375113622618279630e+00 1.282204355176716160e+00 1.121874088475796283e+00 1.041864294877031138e+00 9.471934047029413328e-01 9.115996104936739952e-01 8.702663039521525423e-01 8.326189962598425920e-01 7.084526277719306320e-01 6.932099521644924378e-01 6.051013047567356251e-01 5.666659930674621259e-01 5.174741681685521844e-01 4.717900070121587852e-01 4.441391428819314591e-01 4.037729114000417896e-01 3.763267675414599389e-01 3.506699234059547643e-01 3.264383463031997334e-01 2.945693190985976817e-01 2.690831247703236451e-01 2.374766161863604563e-01 2.148494024103738409e-01 2.064277884970042443e-01 1.731661066344782895e-01 1.734742846728393739e-01 1.498653872604641946e-01 1.418142053631609723e-01 1.386820366714904829e-01 1.306235167357383264e-01 1.589292119308172713e-01 2.133450782601372664e-01 3.704770469179902714e-01 6.021511958701031286e-01 1.101018375466414900e+00
1.801095445815068308e+00 2.546909769286216374e+00 3.209936873241713506e+00 3.980080416982651581e+00 4.550101004903262414e+00 5.284705481444531117e+00 6.237791195431624303e+00 6.584223829389131311e+00 6.747529847726051244e+00 7.163598517589231385e+00 7.740264533325384555e+00 7.971810632242508632e+00 8.015918393107275719e+00 8.160121900004268625e+00 8.213360652820435703e+00 8.710823631852715465e+00 9.106490464027293896e+00 9.399178133310112315e+00 8.927925758004283452e+00 9.467601589700754161e+00 9.049760819698931869e+00 9.849978622086856817e+00 9.219867074031629528e+00 9.571962948758528711e+00 9.681933464576225390e+00 9.704951377227301279e+00 9.780053639424256318e+00 9.927816168073034575e+00 9.877659848569695811e+00 9.519700652788529283e+00 1.000166887496455459e+01 9.942713358573101345e+00 1.005257107838066410e+01 9.835480751405357935e+00 9.231893479884284659e+00 9.342741743123182729e+00 9.659420800753339975e+00 9.643650838545637427e+00 8.839044692515081181e+00 9.075630264260047042e+00 8.812557011882867997e+00 8.565723147264133530e+00 8.995722548329268875e+00 8.657261106010416540e+00 8.480041773447563713e+00 8.141775797776954704e+00 7.870425420908489400e+00 7.727136896193374405e+00 7.325575974494280551e+00 7.560342744105459367e+00 7.194444300032697193e+00 7.144743061119291916e+00 6.811510754154930680e+00 6.555147953982947584e+00 6.640998676219433072e+00 6.318505499609769593e+00 5.841787019194045527e+00 5.793387875054059499e+00 5.556981994998823282e+00 5.666949165560265733e+00 5.470550655963510422e+00 5.070661918798175627e+00 5.055978458302758938e+00 4.655432602895882788e+00 4.673338701388316530e+00 4.447263379740297395e+00 4.078731264520405908e+00 4.038369432515021451e+00 3.684578749072481063e+00 3.587102032860229883e+00 3.404799424110226180e+00 3.113437410256743920e+00 2.909447741290593470e+00 2.851115139419876154e+00 2.802657182821348236e+00 2.504769735888587867e+00 2.453060235051895521e+00 2.247691908689342544e+00 2.056456656012022322e+00 2.046956103650027448e+00 1.910882702839690639e+00 1.844534272702564204e+00 1.693383553733348812e+00 1.529574778606520136e+00 1.482303801564702095e+00 1.337283636911187346e+00 1.256089548572232095e+00 1.163476638967137822e+00 1.094910583050553443e+00 1.031361406980303874e+00 9.393652398209848542e-01 8.849742945104027703e-01 8.399884650240659889e-01 7.830604700965957399e-01 7.027944005767856606e-01 6.214667690828090674e-01 6.091514850235421052e-01 5.250692166270365391e-01 4.979030396826331084e-01 4.442539035311449114e-01 4.475409995312943923e-01 4.062604757808839784e-01 3.566310191824652032e-01 3.347751945334234147e-01 3.104924477387521753e-01 2.819995136646157308e-01 2.551586107658428970e-01 2.312687875913008451e-01 2.118117860257075491e-01 1.832427231539145440e-01 1.703856817098903798e-01 1.556659173649667383e-01 1.445664157569949149e-01 1.364578800139962800e-01 1.480128987502821736e-01 1.659665907296653531e-01 2.383660160193525890e-01 3.447245104149629924e-01 5.795540693800425025e-01 1.094647369185794306e+00
1.713696162666445311e+00 2.302348312360674498e+00 3.107465678472558057e+00 3.689047745606024442e+00 4.342003066243954379e+00 5.041391810871957091e+00 5.902473751945710667e+00 6.127403727231122588e+00 6.690310280852538760e+00 6.824989312358947124e+00 7.341627276503259303e+00 7.477432364356856098e+00 8.044371278923225788e+00 8.358561351417440832e+00 8.856418420521867674e+00 8.688377830786947698e+00 8.984612732373774335e+00 8.878602430801821654e+00 9.548795427907922573e+00 9.216652303086561915e+00 9.860637131147996115e+00 9.189430081281294349e+00 9.644072262746467672e+00 1.004530535648419942e+01 9.697845158650652664e+00 9.704731102489509098e+00 9.774692731263716183e+00 9.994731999682620938e+00 9.689907898997573099e+00 9.345984641252588432e+00 1.010166924629999841e+01 9.699355061761957941e+00 9.307146800225449823e+00 9.407038055932728682e+00 9.868190685112567806e+00 9.443478969715261684e+00 9.768664526989484287e+00 9.337990802143320224e+00 9.293007763779815633e+00 8.968809988688896340e+00 8.942763983929472360e+00 9.303961079662526501e+00 8.523861217427000980e+00 8.541115532506236008e+00 8.809439958479641675e+00 8.194953109345672004e+00 8.124633897971227370e+00 7.890018816968320969e+00 7.781147187156680189e+00 7.697297291694275678e+00 7.121568692677939794e+00 7.005758116277092107e+00 6.931455406962215626e+00 6.996918481083299390e+00 6.254623733424976351e+00 6.325879881112563830e+00 6.120877868105782937e+00 6.142030636450058090e+00 5.639198476389143622e+00 5.452001582883754693e+00 5.370399443730271116e+00 5.168278654113968251e+00 4.699531788349234240e+00 4.913867880840546931e+00 4.550133657925984565e+00 4.319484223734392003e+00 4.063577404350586342e+00 3.882268848569524256e+00 3.942955216822360942e+00 3.620925389229978197e+00 3.262491126688999987e+00 3.278597356809712871e+00 3.191821067037765136e+00 2.776085409696790407e+00 2.718555410297080588e+00 2.604086765906858947e+00 2.536918565712588780e+00 2.424039338298388024e+00 2.219397414037354466e+00 2.057474598795569598e+00 1.876215404554243404e+00 1.789592360399381077e+00 1.747072834992460688e+00 1.601780425704224742e+00 1.501806677984065752e+00 1.449891869799562860e+00 1.321969301593415747e+00 1.237133976315938355e+00 1.112945403128796196e+00 1.088093224237671519e+00 9.648538755027541436e-01 9.352117462778629653e-01 8.351738497395133631e-01 8.167232514563990131e-01 7.555372261190670402e-01 6.802698744310504697e-01 6.472756172669067443e-01 5.865550479241437021e-01 5.490428276439140998e-01 4.639721056728305371e-01 4.637845379655133882e-01 4.169846240554592742e-01 3.821216966068291532e-01 3.292994620670818828e-01 3.009445561684362946e-01 2.988553877725479424e-01 2.615115254574121306e-01 2.336984624689203704e-01 2.260559590348028280e-01 1.956308832592661140e-01 1.875727641820329195e-01 1.737250994041077690e-01 1.607340250344145016e-01 1.469175466162339905e-01 1.576597825607568282e-01 1.707891781812836407e-01 2.288602174181915694e-01 3.472541427985507689e-01 6.199453014446758559e-01 9.781503184217082980e-01
1.537146166047719253e+00 2.395866766079494337e+00 2.971533937967971273e+00 3.674404140029731813e+00 4.526465844567560737e+00 4.913236021575398738e+00 5.767941389358917093e+00 6.141435016157950066e+00 6.253363413828730621e+00 6.907725938170893976e+00 7.523716605745907060e+00 7.354925242125441187e+00 7.551632385201468622e+00 7.954587203126551209e+00 8.704854483800396281e+00 8.630336345775353024e+00 9.086013516984269955e+00 8.620855684844128675e+00 9.318377252421880641e+00 9.632682804872951365e+00 9.006667106312367110e+00 9.642182429193772109e+00 9.688760417421628190e+00 9.340639930964009352e+00 1.000573148942664758e+01 9.786890036149928918e+00 9.838844950377529486e+00 9.990254172560733892e+00 9.913935214858469180e+00 9.883274242924642294e+00 1.010955024528535340e+01 9.368039069116722573e+00 9.377201320329531242e+00 9.455364505532720898e+00 9.460608213060732297e+00 9.125080116126142116e+00 9.900323078342864846e+00 9.581929532944680972e+00 9.668127301559598763e+00 9.261560022670821013e+00 8.769628016832703210e+00 8.814398865073723499e+00 8.451692049412494967e+00 8.654959306277625330e+00 8.075749625340748139e+00 8.678515760398228807e+00 8.056469830573348645e+00 7.948749718897739847e+00 7.424358796196640853e+00 7.344600102036853428e+00 7.443463531880347261e+00 6.875703606751627284e+00 7.182894140601283617e+00 6.922475453424616454e+00 6.670255260088902460e+00 6.313471073822149116e+00 6.214614482729375666e+00 5.758034594004407758e+00 5.834352800196082711e+00 5.722913825277154309e+00 5.390818913183013095e+00 5.077887828425454053e+00 4.938240189243504830e+00 4.601118330794871980e+00 4.776389818966274348e+00 4.514732756493823551e+00 4.178928772635110533e+00 3.935880582393768812e+00 3.940351385121879879e+00 3.595353100119337064e+00 3.579386665373240017e+00 3.254865443409132642e+00 3.284018817482237562e+00 3.098024003232768386e+00 2.717242415206187367e+00 2.777933272748255966e+00 2.571563591167875362e+00 2.438121478052845514e+00 2.177786046690074695e+00 2.042739292248188399e+00 2.079934427763865390e+00 1.896924261805433609e+00 1.694690082020572142e+00 1.687002451679135540e+00 1.564974032125805214e+00 1.409243445455862664e+00 1.397539930627738070e+00 1.318058524517231600e+00 1.148397871152690541e+00 1.115286731772358264e+00 9.674559596465737155e-01 9.472442268541017008e-01 9.071989692611964751e-01 7.815292954572587991e-01 7.371939212848837020e-01 7.015855337077618881e-01 6.298839601455105131e-01 6.064302970607122756e-01 5.431621883153702202e-01 4.982405894755128628e-01 4.787839043388065763e-01 4.205824053455426426e-01 3.726685249789908894e-01 3.695974591745907478e-01 3.325679670806678256e-01 2.951590811225730526e-01 2.614586988340568685e-01 2.394559058740813595e-01 2.367146750532108379e-01 2.038874870573290088e-01 1.820095652537015718e-01 1.726761436626950141e-01 1.684063615979509987e-01 1.531298538181376512e-01 1.634953491410200965e-01 1.741427080261284677e-01 2.376437315617538626e-01 3.491615511938743754e-01 5.800258043627825044e-01 9.483320365633198801e-01
1.598445717772165153e+00 2.239091782725245228e+00 2.717724974699002871e+00 3.372031012135997319e+00 3.995369545733260086e+00 4.775884189907277921e+00 5.556661804577747610e+00 5.868407998454713059e+00 6.255054554346602735e+00 6.544879767045888030e+00 7.237143662159151170e+00 7.544545099073821426e+00 7.678915283299463823e+00 8.322135273409072553e+00 8.026289227788051761e+00 8.299265442227230949e+00 8.678812727562554841e+00 8.944714213429461935e+00 8.743621930439571699e+00 8.828621566881498239e+00 8.994941945654209903e+00 9.838276686164048712e+00 9.613499592439492147e+00 9.874692251161556911e+00 9.199040536807531865e+00 1.001347598710966125e+01 9.586578243330436067e+00 9.589076040956774349e+00 9.909212303746731010e+00 9.785153678204457250e+00 1.000994452785615607e+01 1.020201265278574354e+01 1.002986217364031951e+01 9.292275830382887847e+00 9.663431875285604988e+00 9.867294386476755719e+00 9.380532374709808607e+00 9.141863529241501141e+00 9.674962500768792495e+00 9.077435528128818376e+00 9.323701677014129885e+00 9.339258712633622395e+00 8.869692024103402517e+00 8.518145728279538531e+00 8.942200351455246832e+00 8.263067280754542665e+00 8.153443019774213596e+00 7.867433518054069097e+00 8.142430685688584191e+00 8.008537135691842224e+00 7.800709211702858248e+00 6.979130796464737330e+00 7.305770452860770980e+00 6.826761559164729043e+00 6.553311843848280027e+00 6.271960972496033904e+00 6.154022632553731498e+00 5.846121783136958960e+00 5.595664288258960894e+00 5.465262575951150836e+00 5.646055245876835826e+00 5.440336804514906532e+00 4.818611394708493201e+00 4.904428746956721596e+00 4.542564613555468256e+00 4.385970532166375335e+00 4.317029576623490961e+00 3.947483768054906417e+00 4.078201295816122673e+00 3.612744586611693176e+00 3.688861621092633936e+00 3.487761468910044016e+00 3.235536812025400444e+00 3.063559479815801900e+00 2.893479722262401577e+00 2.599559490979161946e+00 2.626433996239411872e+00 2.466146280996504458e+00 2.388993805038019058e+00 2.095619194251531425e+00 2.119329487213405194e+00 1.906050812501373759e+00 1.812681551212403264e+00 1.746783017156209317e+00 1.503021689697424668e+00 1.413145491993876179e+00 1.424451154040576428e+00 1.261498016884771811e+00 1.144669349162116712e+00 1.138605828736585446e+00 1.020871596280112925e+00 9.639969733523715556e-01 8.937542600340857568e-01 8.707570754240469002e-01 8.036080266372446212e-01 7.146663785945577274e-01 6.909182938898223991e-01 5.954274680003059927e-01 5.412711005709992529e-01 5.446845493352330259e-01 4.947113009064823541e-01 4.529063733237224665e-01 4.209959598980856366e-01 3.758613741858694568e-01 3.333412773408377938e-01 3.232554117471976851e-01 2.832085489980315507e-01 2.605877615326533392e-01 2.394464522440310494e-01 2.184165982291539632e-01 1.975127633046166731e-01 1.748018164628874493e-01 1.743156129850893798e-01 1.579926991047149176e-01 1.679146786184448625e-01 1.960976497419692488e-01 2.400094036758098626e-01 3.511966326340095756e-01 5.623298117089543524e-01 9.739286502512323196e-01
1.548473610422337332e+00 2.138917087487863800e+00 2.676063455954258430e+00 3.301341318951709791e+00 3.974629618821385879e+00 4.671059368836049330e+00 4.990511271722383846e+00 5.449837894554245388e+00 6.319616921127780174e+00 6.850621677056270897e+00 6.775548813799066927e+00 7.701350618610123711e+00 7.592280493002609987e+00 7.970125427336232526e+00 8.172458260920093309e+00 8.469723216382780251e+00 8.715635805776958733e+00 8.580599394552329784e+00 9.095200381751922691e+00 9.376138139548585215e+00 9.631661198616894737e+00 9.695630973082888460e+00 8.995776888696543239e+00 9.108962923403209899e+00 9.299738273667840005e+00 9.683860399449212508e+00 9.338710525332304613e+00 9.850056560702171282e+00 9.440283308620664116e+00 9.741592740262349892e+00 9.657159417514266764e+00 1.002520557181597383e+01 9.673669928367250037e+00 9.778759199582889750e+00 9.798751322518150175e+00 9.673295354688015379e+00 9.596607029459551796e+00 9.152197062737322142e+00 8.943056199808548712e+00 9.064385876217576410e+00 8.933548123468614932e+00 9.345481496741724570e+00 8.903593909872546064e+00 9.008173408291233031e+00 8.709794823644051220e+00 8.531659287009434323e+00 7.968562422077372531e+00 8.302846577004698858e+00 7.804183344665100108e+00 7.768744526383359883e+00 7.388629566642317847e+00 7.131875442685036148e+00 7.467100690913688332e+00 6.775932922811428227e+00 6.469986810732915039e+00 6.323294964749425873e+00 6.404094038898402452e+00 6.020880570015816780e+00 6.185691489311546221e+00 5.435153592299019287e+00 5.299688123175202215e+00 5.342587865900582322e+00 4.932484916220673199e+00 5.080073849199264302e+00 4.606466897216711764e+00 4.457065012722509323e+00 4.325824239769858970e+00 4.134317868467910273e+00 3.815761587096754059e+00 3.934235218211210139e+00 3.417572175366844878e+00 3.348318698925663917e+00 3.321483255755447228e+00 3.201150254020590058e+00 3.070790042604698122e+00 2.641296114541245466e+00 2.751410298927730036e+00 2.595503999451129751e+00 2.386503510135718376e+00 2.260531578833344657e+00 2.059703216910395707e+00 2.035040908610039612e+00 1.800082522266827301e+00 1.722010429897529837e+00 1.684839897732982594e+00 1.512778013959960477e+00 1.448600716138131350e+00 1.262529071271679015e+00 1.236080473587702899e+00 1.136051566491771858e+00 1.061506093080343938e+00 9.926882896402624556e-01 9.339375365392260653e-01 8.668616461620016755e-01 7.646507717027090090e-01 7.099436881360908780e-01 6.729533751010060572e-01 6.261711249396980650e-01 5.635870126835709204e-01 5.408657655578460455e-01 4.948356639581121819e-01 4.611193707086543858e-01 4.202262315987531638e-01 3.981678592634777525e-01 3.495386429987598076e-01 3.270141893895230356e-01 2.849494041544085587e-01 2.642522294500505020e-01 2.422242800922243255e-01 2.265695991218902028e-01 2.107041998915847869e-01 1.891240486217702077e-01 1.732118860191758647e-01 1.734576474816599267e-01 1.702565277565104007e-01 1.881518868483250118e-01 2.480689007562545123e-01 3.728957788086195713e-01 5.678404173226794249e-01 8.965502674031839980e-01
1.473553912960216428e+00 1.961480306702594989e+00 2.540621172344658341e+00 3.196667142730027500e+00 3.657769279104383209e+00 4.604382382899954607e+00 5.198399839634955555e+00 5.613292045497582983e+00 5.910144638575402176e+00 6.213309774130524765e+00 6.790183180040634703e+00 7.356925522947258322e+00 7.326959869017015237e+00 7.497341324527118545e+00 8.276525169417810801e+00 8.626993069133035874e+00 8.586692549550443587e+00 8.528681638706252954e+00 9.067677845409248150e+00 9.307647616329058238e+00 8.871636967362867665e+00 8.896832852316524765e+00 9.687752275196695351e+00 9.158734744857531140e+00 9.266923314569821102e+00 9.399186404108190729e+00 9.220147147728280146e+00 9.295580359346862664e+00 9.536166269780295579e+00 9.666287014300976921e+00 1.007706664451497680e+01 9.379801175821949499e+00 1.019916279559621763e+01 9.478441367336953860e+00 9.366517170691478711e+00 9.888878687897342701e+00 9.800677459139819803e+00 9.554671927892359307e+00 9.755761982938714993e+00 9.220949307379488147e+00 9.490613707803902344e+00 9.377818640158166019e+00 8.528168818957327701e+00 8.439678862637103762e+00 8.635884600400679290e+00 8.418140732824483052e+00 8.553010752930696015e+00 7.802901136563823670e+00 7.620403491387863326e+00 8.100182573821541610e+00 7.852063440057574617e+00 7.201105685076293561e+00 6.875504196179678118e+00 6.850569754696186564e+00 7.059414308885772371e+00 6.923562863885752705e+00 6.251165246415688159e+00 6.424144867534057113e+00 5.784767696317945074e+00 5.819321234492928596e+00 5.360690047213521048e+00 5.189745476150681824e+00 5.048216382114378398e+00 4.831108228723758558e+00 4.587354700696711696e+00 4.423073829206182417e+00 4.174278795741043879e+00 4.091718725993671590e+00 3.979978857256094571e+00 3.706277372797526226e+00 3.479765580065207864e+00 3.499907676153699132e+00 3.143221166453636251e+00 3.082747658710723204e+00 3.124462126110036042e+00 2.734347605708238316e+00 2.781743925733339839e+00 2.518212071322160295e+00 2.479615423828961163e+00 2.198912181363685381e+00 2.082868259970342528e+00 1.978854708394180095e+00 1.871085221589836145e+00 1.730810841236611219e+00 1.601364888508107986e+00 1.576810840261744007e+00 1.422992151548827966e+00 1.416473723788711947e+00 1.222354724894462841e+00 1.198244982867186836e+00 1.055568312228259309e+00 1.033213846823613835e+00 9.116152355822543241e-01 8.587741628496623481e-01 8.375720956981489440e-01 7.581192830975068686e-01 7.064862415133755791e-01 6.333919857577302581e-01 6.036060707745020126e-01 5.777664888471676363e-01 4.933628164488157442e-01 4.584069774565572852e-01 4.547923614517358493e-01 4.040491126612570372e-01 3.650759541220991999e-01 3.293766281269844831e-01 3.150492669344953645e-01 2.879349721562020070e-01 2.554677991008623694e-01 2.304297519401409811e-01 2.239664151965568561e-01 2.001399049266659735e-01 1.856967954397889253e-01 1.751185609615184824e-01 1.775178971151562257e-01 1.950783106913763776e-01 2.432848289337484760e-01 3.658716420657879276e-01 5.508540161574663196e-01 8.943576377543561717e-01
1.359294357539809761e+00 1.986508988511032525e+00 2.541671391208323527e+00 3.122363837068010461e+00 3.846625672035862475e+00 4.059805443638334843e+00 4.942058060112211493e+00 5.583945773659377387e+00 5.583096735674678790e+00 6.570779559114583002e+00 6.651043913063156232e+00 6.822224974374741180e+00 7.245079037142637013e+00 7.567156930622866540e+00 7.710850656587925123e+00 8.212576002881785797e+00 8.184392675317567978e+00 8.869602894920257441e+00 8.871403194701850126e+00 8.604212313591805383e+00 9.099702620435319744e+00 8.817774173741870669e+00 9.775803470818022589e+00 9.359378872994556176e+00 9.717381016532284477e+00 9.829570887390397971e+00 1.007054179893328794e+01 9.634164277785245645e+00 9.372891176112249312e+00 1.001528049573024326e+01 9.975055213889657324e+00 9.739826564501404604e+00 1.006711222691426855e+01 9.616427749124589752e+00 9.322925504529361973e+00 9.414726899123474269e+00 9.897340634733529541e+00 9.141320601946913982e+00 9.785772444539672321e+00 8.978027338713678418e+00 9.280518534705480604e+00 8.672121655316049171e+00 8.732940590645295487e+00 8.606852908535206126e+00 8.753299461514268742e+00 8.205767221725595917e+00 8.435317320686834819e+00 7.912302638457276771e+00 8.099710866245498408e+00 8.021817381018948367e+00 7.404314045216682239e+00 7.798598701223618868e+00 7.384134620364632973e+00 6.920782028666862651e+00 6.726500634399711132e+00 6.367889466086960049e+00 6.271389176750359340e+00 6.538321568591014987e+00 5.847982281287714912e+00 6.072526300044263081e+00 5.882815474221454899e+00 5.190544248278182948e+00 5.422155007653937098e+00 5.181943316539771693e+00 4.825546192349671415e+00 4.446786664042922332e+00 4.618823123891518279e+00 4.273986929981366423e+00 3.917637781176113165e+00 3.857906001887189795e+00 3.760678559980147551e+00 3.642383415618766218e+00 3.239020886733670501e+00 3.079021672425863443e+00 3.159903933115584262e+00 2.766455547798384096e+00 2.810226381311049071e+00 2.511622294815464507e+00 2.386121862584218434e+00 2.345819349098101636e+00 2.145375053736827908e+00 2.048364973598114425e+00 1.968001532383671925e+00 1.845193934095710420e+00 1.615905568462695063e+00 1.627938724372001156e+00 1.418352050095718075e+00 1.393663367843032352e+00 1.300166550121550024e+00 1.248540642875497708e+00 1.125952469451252824e+00 1.081602800807983211e+00 1.001764034235166800e+00 9.155669232081962150e-01 8.792213241559155845e-01 7.540256595274166251e-01 6.912880203310721727e-01 6.450576666234234535e-01 6.526289270654410668e-01 5.517866712411382268e-01 5.568052116993914558e-01 4.898264606517886421e-01 4.621841360474338578e-01 4.018555915602607942e-01 3.736643959491255940e-01 3.586841350864670153e-01 3.276225151380212086e-01 2.936032942266626478e-01 2.603732336136617143e-01 2.478769266147600181e-01 2.177163421510188435e-01 2.057784866300343685e-01 1.929375789692357457e-01 1.959316044749268015e-01 1.945158278000610752e-01 1.995212368861402075e-01 2.629326967826347561e-01 3.499919086211181196e-01 5.226334055239004739e-01 9.014805479360301632e-01
1.285393179725134116e+00 1.758527663985465006e+00 2.441897391405273510e+00 2.827279021011307236e+00 3.440079427678880197e+00 4.269801337873399660e+00 4.657014572081855874e+00 5.411579438660419683e+00 5.565090413499384603e+00 6.177755635526658295e+00 6.577002670943474349e+00 6.639809377042815264e+00 6.966898836260982719e+00 7.935005111227177999e+00 7.674960864972676156e+00 7.899163729396594391e+00 8.518879579078092235e+00 8.504552552174628133e+00 8.416367214104822025e+00 8.640375348664054656e+00 9.404695150835927109e+00 8.781783873894504211e+00 9.456137195222520830e+00 9.648332114774992974e+00 9.671311784884743190e+00 9.593588148653392267e+00 9.297412483524539084e+00 9.386495017331103696e+00 9.560652742397465431e+00 9.908540871995970889e+00 1.010288938239818357e+01 9.782721213846670594e+00 9.245298790893599516e+00 1.009929071971546399e+01 9.918445572177967406e+00 1.006995195996489834e+01 9.134276039234011435e+00 9.011643565365131892e+00 9.268992795196218992e+00 9.131976648603332691e+00 8.793315792930490815e+00 9.183962678673820434e+00 8.869087871802859624e+00 8.580905910179627227e+00 8.468846244737404660e+00 8.878483438901781710e+00 8.528331815128870730e+00 8.394584994799370037e+00 8.330720688768908033e+00 7.666652565011627729e+00 8.002595298853947270e+00 7.832460369082665963e+00 7.483824395047131262e+00 7.387071117587574953e+00 7.145887763731887610e+00 6.858124448518161387e+00 6.399299303332338873e+00 6.482578876722162597e+00 5.975547276046283329e+00 6.027461918094510374e+00 5.794042765912752913e+00 5.361968269373261542e+00 5.284909487358622648e+00 5.089110115166274539e+00 5.044604524434128656e+00 4.922747997990308377e+00 4.526290745189577081e+00 4.188985726782343377e+00 4.288105008916102356e+00 3.874633330684849053e+00 3.905702486379219796e+00 3.659798046475616129e+00 3.502427264366992254e+00 3.380323118658236314e+00 2.965154485808044527e+00 3.009804694026624095e+00 2.893029462532910934e+00 2.740138367754013871e+00 2.603647272710828187e+00 2.425130378120617713e+00 2.184046020521166920e+00 2.078509320087599033e+00 2.000665615583440804e+00 1.936707379392726747e+00 1.757423693586377844e+00 1.551621263425725150e+00 1.552723798142870537e+00 1.396045325163495443e+00 1.400984692647283092e+00 1.262985428362211504e+00 1.156801454617592650e+00 1.065329807725961198e+00 1.040659751227742902e+00 9.335425260430183503e-01 8.826313263037073309e-01 8.312755840052693523e-01 7.534336948520000687e-01 6.857803748896809104e-01 6.104436265861308275e-01 6.095314905919865245e-01 5.456248885544421334e-01 5.024483842752203167e-01 4.795177128465509808e-01 4.333165064256551680e-01 4.000444928641226361e-01 3.690166795645503095e-01 3.310153400751454367e-01 3.105204030044496077e-01 2.847833989316408410e-01 2.638178820660807555e-01 2.292584845884012845e-01 2.123991949511936650e-01 1.927586397470553436e-01 1.946504648796955617e-01 1.958320581060287724e-01 2.101105690354260758e-01 2.479953602438596250e-01 3.371620838636937290e-01 5.076615270923047207e-01 7.970727522696408052e-01
1.267361057376586553e+00 1.784526504912953948e+00 2.241194910585765143e+00 2.975403408966549534e+00 3.344574732782572557e+00 3.870735288222085124e+00 4.290995985084415487e+00 5.148991944697238310e+00 5.409820867884911344e+00 5.757776913497895777e+00 6.483620583187646780e+00 6.783562039439007485e+00 7.069574776114516013e+00 7.224570491605157407e+00 7.532200249054112007e+00 8.316025529918462667e+00 8.424141805575573017e+00 8.499128515464748901e+00 8.923563526129887791e+00 9.022817548761398854e+00 9.048737103197810328e+00 9.228368756225558300e+00 9.709335405936835528e+00 9.119776401404676491e+00 9.886687860233319469e+00 9.706226281402070555e+00 1.002201459348605717e+01 9.643258422904942506e+00 9.655687982771269162e+00 9.554768080965589050e+00 1.016769108051203929e+01 9.566578477504904754e+00 9.425239378727219730e+00 9.664407815097934673e+00 9.802297712243316141e+00 9.762335798736085479e+00 9.577295905894780859e+00 9.452564078416212823e+00 9.643472075159619905e+00 9.524232837463303625e+00 9.294062259798989700e+00 9.164492495265927019e+00 8.814681917164236324e+00 8.400379262892984755e+00 8.777321890780200420e+00 8.640669551157886374e+00 8.677194709691748997e+00 8.185751408213345570e+00 7.673028699730920721e+00 7.838971693190177170e+00 8.071639443699874406e+00 7.910555928473344878e+00 7.425947346345756372e+00 7.219173746883133624e+00 6.650110984836254069e+00 6.910436159348181562e+00 6.864704311373004408e+00 6.329620661836245610e+00 5.938817528807092572e+00 6.231139942171396662e+00 5.496135215337243807e+00 5.620082673839605469e+00 5.282483141325291065e+00 5.029246559719018350e+00 4.825723015913289338e+00 4.803778106370836021e+00 4.454244861430033176e+00 4.322630303353307113e+00 4.101797312978602505e+00 3.940470269637604162e+00 3.761882083315280401e+00 3.804354484383360102e+00 3.371810940417918623e+00 3.317990240714228545e+00 3.217261001365471440e+00 2.938764119085265580e+00 2.795119184083569852e+00 2.682058246877321750e+00 2.602048204821295840e+00 2.290194072793383828e+00 2.241285810522106736e+00 2.128161107739885871e+00 2.090983381700036503e+00 1.898628863188065896e+00 1.845486382607187448e+00 1.659539454978378625e+00 1.594719477281773212e+00 1.421744482007314403e+00 1.316605367436597174e+00 1.269985017083715029e+00 1.219974867294876697e+00 1.155093532411139989e+00 1.023825006808104954e+00 1.010028089065225787e+00 9.372491838829034583e-01 8.035709788355693828e-01 7.805423338345363060e-01 7.106471591391044784e-01 6.775178447011095395e-01 6.384104129374718051e-01 5.767274747204007568e-01 5.269658438261702882e-01 4.606021440459201477e-01 4.459343512477327298e-01 4.156230861126981035e-01 3.780424826591752274e-01 3.292096092023306664e-01 3.136496473913616967e-01 2.869171407803747242e-01 2.577580435220982458e-01 2.510290994555937072e-01 2.242383994369147870e-01 2.099172655790693953e-01 2.088400576923657159e-01 2.041809492886768329e-01 2.230517972172945118e-01 2.549407658432830126e-01 3.569849418116389783e-01 5.053678822802344373e-01 8.501026324747814611e-01
1.183276036870456460e+00 1.736406886108221803e+00 2.230141600131292368e+00 2.808858065228705847e+00 3.208254636147098271e+00 3.981633613866360832e+00 4.272473017569717868e+00 4.737054331608594460e+00 5.386815675279168936e+00 6.063410955785717427e+00 6.267602592901462266e+00 6.585591424625880208e+00 6.708813249113178223e+00 7.580207527497564435e+00 7.793214665438108923e+00 7.704439355344959495e+00 8.549838375723533446e+00 8.135169269946997517e+00 8.427457350884180798e+00 8.522048051465649365e+00 9.316049284236337158e+00 9.200119593615434965e+00 9.652514451113804128e+00 9.009069200426099044e+00 9.180037092067271587e+00 9.523235153963700128e+00 9.083235055904793853e+00 9.666719973794871024e+00 9.725560567224727393e+00 9.635466201406574172e+00 1.002194180863629747e+01 9.851051417326004866e+00 1.017559198811026455e+01 9.352849604826296570e+00 1.012093386785736548e+01 9.937784130280332917e+00 9.139229243808570047e+00 9.506647516380816398e+00 9.216736645173220666e+00 9.488686828705255039e+00 8.758481677011729971e+00 9.129305053588490537e+00 9.354861369645870894e+00 8.899252082606254888e+00 8.423404916832600620e+00 8.656727802837117736e+00 8.525854109383821822e+00 8.432560710674378512e+00 8.256192925406082850e+00 8.249276286855835139e+00 7.622220791466602918e+00 7.410578956559548125e+00 7.289944848286276091e+00 6.923659146253892338e+00 7.210329703399088963e+00 6.718107935942151165e+00 6.408093301487776117e+00 6.348515291609374778e+00 6.400416960205427053e+00 6.138681435073148229e+00 5.582888439521282109e+00 5.779134249622367214e+00 5.591281388371804439e+00 5.230121506775685880e+00 4.771870118662331350e+00 4.794891527705192225e+00 4.592049253721159019e+00 4.419565774825924720e+00 4.262669141080639434e+00 4.181365903791425254e+00 4.027833050034346662e+00 3.700731400499064794e+00 3.591257084900338459e+00 3.291104382890366775e+00 3.104402591071488526e+00 2.965131190318440080e+00 2.731406238089367555e+00 2.832905832434819526e+00 2.459777676091369436e+00 2.512904479951247438e+00 2.240455928735693547e+00 2.221324226232448851e+00 1.992635593104684633e+00 1.879700108449024354e+00 1.773840469231065420e+00 1.746457261012887896e+00 1.655540416789147873e+00 1.451999704555134496e+00 1.450783602304454689e+00 1.318450827015168692e+00 1.206069082163130135e+00 1.122900471004479428e+00 1.097841639110719747e+00 9.489977367243044304e-01 8.794990125654121860e-01 8.725542762821718590e-01 8.117415427544135698e-01 7.050284878433276115e-01 6.580907863007974257e-01 6.289536824409271976e-01 6.020990468235273285e-01 5.478360934008804639e-01 4.783607705876671834e-01 4.454023567047148413e-01 4.367117808026612091e-01 3.906693859910037592e-01 3.697212396715014449e-01 3.193897723885286144e-01 3.144009887154800564e-01 2.641942832134213659e-01 2.491646787612847858e-01 2.412292934523007915e-01 2.085769898591801896e-01 2.007856379568062066e-01 2.017228514839810583e-01 2.231785845817582936e-01 2.665667277868960516e-01 3.439029371791605949e-01 5.332044312735992886e-01 7.711706974594864095e-01
1.213051723134471960e+00 1.628130837013060495e+00 2.141900839833760894e+00 2.627243023447825454e+00 3.258277594384245024e+00 3.551745775038933406e+00 4.209497914098375482e+00 4.902404050541444569e+00 5.297953485535071394e+00 5.431948078807950608e+00 5.848019835752951145e+00 6.232922469680931776e+00 6.800506195274785171e+00 7.533993181911656123e+00 7.655468171835779323e+00 7.938382736356102143e+00 7.859305511635652941e+00 8.510326366602377846e+00 8.569441946006589816e+00 8.804901456488821054e+00 9.278371001387558437e+00 8.908724639807958923e+00 9.421807663478560357e+00 9.428829711160787497e+00 9.217087894966379480e+00 9.418447985087965435e+00 9.186007885500361070e+00 9.208202925687926310e+00 9.790374595931579549e+00 9.551400627960331846e+00 9.426750504713538703e+00 9.462940371520804916e+00 9.943211665894576612e+00 9.544350627386606334e+00 9.553270289167436147e+00 9.937786918215820720e+00 9.139019803382341323e+00 9.612724606945576511e+00 9.581144606152028231e+00 8.895709466667234722e+00 9.069656105353580244e+00 9.131496571607980783e+00 8.779120677934077577e+00 8.654948046808497608e+00 8.693680885497458988e+00 8.647782956592044101e+00 8.407840294659727931e+00 8.077445906722807933e+00 7.777819500647382256e+00 7.737801397770110334e+00 8.177655728810918845e+00 7.670473151394613609e+00 7.452777895034548017e+00 7.025097868655620026e+00 7.306129437196103638e+00 6.946310618670161752e+00 6.828405146265552617e+00 6.331129726801028923e+00 5.981948949195230902e+00 6.344621994406374199e+00 5.948117917054939419e+00 5.651644684737593849e+00 5.608217205536973005e+00 5.455197956451317332e+00 5.323083056884669872e+00 4.991523156910816716e+00 4.612991287470528334e+00 4.267950789062646244e+00 4.310468256615613392e+00 4.115020265216827511e+00 3.856830987968318691e+00 3.779356876189628789e+00 3.603440523575295984e+00 3.274243682492225194e+00 3.207220454203542293e+00 3.224645295117918753e+00 2.911447491216162309e+00 2.714486985538341557e+00 2.606671140531747088e+00 2.573863447887786648e+00 2.331740405650197800e+00 2.202850176688243788e+00 2.124269869912181807e+00 1.906794276731230919e+00 1.759002830184364541e+00 1.681180602010264868e+00 1.674499597659796502e+00 1.508675853988413751e+00 1.406607562017143653e+00 1.372379055362385802e+00 1.259821056967081576e+00 1.113987039720383487e+00 1.052403583043292512e+00 9.998879291376673306e-01 9.539360822343336821e-01 8.827390181235486022e-01 8.147777583404188784e-01 7.937208101474437782e-01 7.028389020552108235e-01 6.444666792216120488e-01 6.042621914345812639e-01 5.641542428111721019e-01 5.163209493874808542e-01 4.944417404806401573e-01 4.248337740841082733e-01 4.131783052719809057e-01 3.650594071392079254e-01 3.352401011703128320e-01 3.168530217973620777e-01 2.971806338301779538e-01 2.558896982640599949e-01 2.471316797961103096e-01 2.236353278959261337e-01 2.090121140037474456e-01 2.184314140234530910e-01 2.282627817998534869e-01 2.693000040587487098e-01 3.587568982132874895e-01 5.135402125972170495e-01 7.766852406354262106e-01
1.217824820588949697e+00 1.597915619135089837e+00 2.075884526833594368e+00 2.605418655120353311e+00 3.132928693519385632e+00 3.756681582487469306e+00 4.038864080707388560e+00 4.413832666192786469e+00 5.012002346557236088e+00 5.319690508334971923e+00 5.966012911320595080e+00 6.590772531025147707e+00 6.938531850871610729e+00 7.369422336912161420e+00 7.658203298421875971e+00 7.866617836131461594e+00 7.583460845313999776e+00 8.239593845413377693e+00 8.209373976511798787e+00 8.554541435923715298e+00 8.407675554009440333e+00 8.995544625630914837e+00 9.099829848429170198e+00 8.970077534450036083e+00 9.417699059335255640e+00 9.675446068297485880e+00 9.774048372686323205e+00 9.211075084336235008e+00 1.003361756723462506e+01 9.996313410171291380e+00 9.516882676984586453e+00 9.623491089024684086e+00 9.404697846095370295e+00 9.334271225580632603e+00 9.440897224061979287e+00 9.948626430202624604e+00 9.338304589622531182e+00 9.090290152052945771e+00 9.366017478360657122e+00 9.229056878862676783e+00 9.216662354105755739e+00 8.808436966584817895e+00 8.943152194422740564e+00 9.009188559048272538e+00 9.154090039958992620e+00 8.264885446514913525e+00 8.318152726491634397e+00 8.019710382778862723e+00 8.210142533396178166e+00 8.246900233006655867e+00 8.046474335262843169e+00 7.778956655572716983e+00 7.161579668215535044e+00 7.575827639629745036e+00 7.415389264016663873e+00 6.596822638458198718e+00 6.853680086938756411e+00 6.629947643996332296e+00 6.279425365333853648e+00 6.245482758563663417e+00 6.014055941289244700e+00 5.985755954806312396e+00 5.252612746587189463e+00 5.539326823549370005e+00 4.964535049453929538e+00 5.125744406405175368e+00 4.644860758421852864e+00 4.725157441492093824e+00 4.237369621553765953e+00 4.250276123041399678e+00 4.126804388573272142e+00 3.992785335149590331e+00 3.661048812757162541e+00 3.488567239389341434e+00 3.170675832362124691e+00 2.978865851128256637e+00 2.948495584350822707e+00 2.765765455292339414e+00 2.601585664107635587e+00 2.509209103095680238e+00 2.379610516379946361e+00 2.283501245445292760e+00 2.164406608666899601e+00 2.101510545404776220e+00 1.859529131177241945e+00 1.690636323343753133e+00 1.590805332649654735e+00 1.571293317404334200e+00 1.496881244383139409e+00 1.401740662704368257e+00 1.287091971128078605e+00 1.249035552913263514e+00 1.080697145385030034e+00 1.079482460286143919e+00 9.233138523966724076e-01 9.214217878964510167e-01 8.623292550501172604e-01 7.812141598605187864e-01 7.151049597444801842e-01 6.970811038681612448e-01 6.106144591754378848e-01 5.615264238564481314e-01 5.253119523694558257e-01 5.011530830347111776e-01 4.296654318834715047e-01 3.958957069082073010e-01 3.720752028365064690e-01 3.496695475939157194e-01 3.371743978650035833e-01 3.046429903657210114e-01 2.759328343824742347e-01 2.436719865980934707e-01 2.466427123242892205e-01 2.257036073585217129e-01 2.232213448615051332e-01 2.393580672574680546e-01 2.685993440079958994e-01 3.521931383831186091e-01 5.202231317767492813e-01 7.871799901261286037e-01
1.171480172698467381e+00 1.525405983421976863e+00 1.926637074410301187e+00 2.464178899778857623e+00 3.017490321405028819e+00 3.407513973762862580e+00 4.011482004649642441e+00 4.542866837386973167e+00 4.913224427896258462e+00 5.225052579188020907e+00 5.967914464372842787e+00 6.022859204888964868e+00 6.359392501896450334e+00 6.897910969418772353e+00 6.928259418010058290e+00 7.393939758016461639e+00 7.944269991333214875e+00 7.993762305749911867e+00 8.359963352654013136e+00 8.945670054149282180e+00 8.935355755021344493e+00 8.676217369475423880e+00 9.242036685769310367e+00 9.080084642195636491e+00 8.983550575327077681e+00 9.710409278818591616e+00 9.463658704171193037e+00 9.257190908153372533e+00 9.487127490990239664e+00 9.370393119884152355e+00 9.511862169040869119e+00 9.783870727930793265e+00 1.012372572929649550e+01 9.623869737657205548e+00 9.658586237383863349e+00 9.267184333099860893e+00 9.615013310628393484e+00 9.818227505859393744e+00 9.221145027291711926e+00 9.111165102696984874e+00 9.448110772740188068e+00 9.221238367783431755e+00 9.155939362284259531e+00 9.294242685580153207e+00 9.240491882627665632e+00 8.489717267213572782e+00 8.602745345386352938e+00 8.732321968139242330e+00 8.429677982677507231e+00 8.293999427686342685e+00 7.891495714314727294e+00 7.592878899199329013e+00 7.730042111699090057e+00 7.687051120151608963e+00 7.132659587409911239e+00 6.968934781555392810e+00 6.915685061566271052e+00 6.583274482235597524e+00 6.403835252691187918e+00 6.475911411454735145e+00 6.120502460259285016e+00 5.791833872906130054e+00 5.661248284680804765e+00 5.504960994290173382e+00 5.356974046337060535e+00 4.939278848827856727e+00 4.656591082325465258e+00 4.599489112761294685e+00 4.578344018034157692e+00 4.268572626726011343e+00 4.121436576352448533e+00 3.885920610834269429e+00 3.637875608988957232e+00 3.518742373086422237e+00 3.414989468792524185e+00 3.297266581176787170e+00 3.013247069212754869e+00 2.999861525584839317e+00 2.655941198575813456e+00 2.460266449281136136e+00 2.480999912202124236e+00 2.407285862520976316e+00 2.070473331211142742e+00 1.958719567479415335e+00 1.886846980986630173e+00 1.880955520208026810e+00 1.765611316740577807e+00 1.560684507978143953e+00 1.453544688502120374e+00 1.416508906121449307e+00 1.278745106555826405e+00 1.222659177813643971e+00 1.167903988965010020e+00 1.023142776828381173e+00 1.022408524130403062e+00 9.083439553079168949e-01 8.364248637335359726e-01 7.678847927606025081e-01 7.567313282940203445e-01 6.968564972230713028e-01 6.137416986672913355e-01 5.845695905623387034e-01 5.477954791020572811e-01 5.143301229954327924e-01 4.627644205686741730e-01 4.452669151189617147e-01 3.920064673069368899e-01 3.519745515494663857e-01 3.464858337768715324e-01 2.964622578604762526e-01 2.913555112231411282e-01 2.605845012502745472e-01 2.487753213769364480e-01 2.379742544598938137e-01 2.372177657175886245e-01 2.404888927605462190e-01 2.889945719163504734e-01 3.701705465908554649e-01 5.169409710000986147e-01 7.434751565304794640e-01
1.080659027412916195e+00 1.542064001572097665e+00 1.950503794638122290e+00 2.507604048712136269e+00 2.750617576776883677e+00 3.432509681011092884e+00 3.782571199715891286e+00 4.340334015944820045e+00 4.842282366905190649e+00 5.379163965886234244e+00 5.691161199707860163e+00 6.172020385790696118e+00 6.488138907735172545e+00 6.586834291460018420e+00 7.124841342685711787e+00 7.777088353393739162e+00 7.698789906277109907e+00 7.954335036866354791e+00 8.371630147455721982e+00 8.743526731209987801e+00 8.595106986449355446e+00 9.028565090838695184e+00 8.602628007374645946e+00 9.117235488049118430e+00 9.062696621513742556e+00 9.703460341421463298e+00 9.426271864763469566e+00 9.295045322667895960e+00 9.940163695402144839e+00 9.289804465151442869e+00 9.691517547028375645e+00 9.794096638858794890e+00 9.812060994928021529e+00 9.829311750813676696e+00 9.267940206623354271e+00 9.288564187818876050e+00 9.167217500535578267e+00 9.852705895066373287e+00 9.320611226190452570e+00 9.256899113624626807e+00 8.984470906644443033e+00 8.845214001104629631e+00 9.098688189942869542e+00 8.603598033687964275e+00 8.926727929683321960e+00 8.817203246007514039e+00 8.755072200148498851e+00 8.013003294970760138e+00 7.984601344246001986e+00 8.160365213544295671e+00 8.127130934913218141e+00 7.444559522787856487e+00 7.311807576513620788e+00 7.383650473792574331e+00 7.519220316176424390e+00 6.901069363628223208e+00 6.696922733852908927e+00 6.517608913738671461e+00 6.510299265259286372e+00 6.355528316115393928e+00 5.789606089750312101e+00 6.092236136553375481e+00 5.480725881606546501e+00 5.237119664020558396e+00 5.179757257739209919e+00 5.251122482410613301e+00 5.070413905171418989e+00 4.762976120385236101e+00 4.250589921257863502e+00 4.272023031944749860e+00 4.291206493569251101e+00 3.956785101573879970e+00 3.693646538156938774e+00 3.462457488207580703e+00 3.262617237281703719e+00 3.075194622389433974e+00 3.094921926443185090e+00 2.828483041199920223e+00 2.742932877745230869e+00 2.503542770482640734e+00 2.547299426408680123e+00 2.255046141253139957e+00 2.178532710090093083e+00 2.072310908895236725e+00 1.911465979062083376e+00 1.870887937288341352e+00 1.678047475629932839e+00 1.600347268064500339e+00 1.570028751975169889e+00 1.372725376179424917e+00 1.378156925511307085e+00 1.290543639090411254e+00 1.166410905101300521e+00 1.111705839761441661e+00 9.976209602293507617e-01 9.311727336226495177e-01 9.220347422533486936e-01 8.506377468044261647e-01 7.311778527426192609e-01 7.401045074803912494e-01 6.255828206042945983e-01 6.342959614469617646e-01 5.602296421958564698e-01 5.163271247308474088e-01 4.758699351753313822e-01 4.348194660374639087e-01 4.056299487580430352e-01 3.585092900888735556e-01 3.450542287356049287e-01 3.243213053521856182e-01 3.060568464758715579e-01 2.710275124231534272e-01 2.538768577504545987e-01 2.306398632909812674e-01 2.364434584664723005e-01 2.425917033730619621e-01 2.893211830852985278e-01 3.584899864385044932e-01 5.134422133965084178e-01 7.621440061245956521e-01
1.075686009821496425e+00 1.419502217252062826e+00 1.920666908339021095e+00 2.230202745755049065e+00 2.735314415288755630e+00 3.246991636805389270e+00 3.908338681334296183e+00 4.146648519804688959e+00 4.522988295837163442e+00 5.175937887704757046e+00 5.480602424741024770e+00 6.242786866627923814e+00 6.336691075880287016e+00 6.798073799743800549e+00 7.039098106312771108e+00 7.409893747331888214e+00 7.631871001837137847e+00 7.697055727194396013e+00 7.998328556487174446e+00 8.648629820010500069e+00 8.385869891422862210e+00 9.166643759383854118e+00 9.134583908354786175e+00 9.029848299423909097e+00 8.906958618643306735e+00 9.025744019120574890e+00 9.819744790182356908e+00 9.557532952597053821e+00 9.435593942936964851e+00 9.448069567226342613e+00 9.439292647911738499e+00 9.461823909028344914e+00 9.472974951232222551e+00 9.553520743243447910e+00 9.512587012442786261e+00 9.363529803161853238e+00 9.879921416395626821e+00 9.798826591935640096e+00 9.523962634057907550e+00 9.798637095971098887e+00 9.507563827585148175e+00 8.833072919813750090e+00 9.013000574575029233e+00 9.110779145502716503e+00 9.040692124446374933e+00 9.086806165562906656e+00 8.580023343994565010e+00 8.772452771257713167e+00 8.378083258661028765e+00 8.190911137419535137e+00 8.272737485003602842e+00 7.669825666594595859e+00 7.417649381095798411e+00 7.635472315017648448e+00 7.096272094053480473e+00 7.250585938695281563e+00 6.607033334197733865e+00 6.606527281416502362e+00 6.336554889507726607e+00 6.247081765150748645e+00 5.973098335154778837e+00 5.863479661560790923e+00 5.591176836575706410e+00 5.483512000695057509e+00 5.543335398844800643e+00 4.895680785968702153e+00 4.815838536230803157e+00 4.577889760475025938e+00 4.720323304614122861e+00 4.374202527156451303e+00 3.980081507844649202e+00 3.847980950704354086e+00 3.665525419089493475e+00 3.726854334286188397e+00 3.293947879780995347e+00 3.140150916473817944e+00 3.042086726939483121e+00 2.945687424362786189e+00 2.869217941182201859e+00 2.782663215462016559e+00 2.624536220382293727e+00 2.382928664035913968e+00 2.298094293900974527e+00 2.063548714123554451e+00 2.049329529798237903e+00 1.922053683580091876e+00 1.862656954278120613e+00 1.692558987142403826e+00 1.624242986364750285e+00 1.484310429468864267e+00 1.329747100217383515e+00 1.317527890537918633e+00 1.165276217126716807e+00 1.105177651895187685e+00 1.021173412833860539e+00 9.569017080411509335e-01 8.994421204799619707e-01 8.807401737923474805e-01 7.994134130775961689e-01 7.439033710760404317e-01 6.809947837483228961e-01 6.402710103773117112e-01 5.849934592784603593e-01 5.486919123703787315e-01 5.023339881847077582e-01 4.403047410350076074e-01 4.177091418739822259e-01 3.960299647589772265e-01 3.686930503423265226e-01 3.292764955836536833e-01 3.020362274027726390e-01 2.749858294730662678e-01 2.657263522746375894e-01 2.397217473645605612e-01 2.527913991407967353e-01 2.663295419882571458e-01 2.879781948405695235e-01 3.613409878023426391e-01 5.022069047811482667e-01 7.270457788323269055e-01
1.076270655257220099e+00 1.427728553343601936e+00 1.801334452904656436e+00 2.179832515353180789e+00 2.774013081441483397e+00 3.237346902372567392e+00 3.797612355086793734e+00 4.045008275798862130e+00 4.769976722052041040e+00 4.760337791610006697e+00 5.383691302293737380e+00 5.954924423681364765e+00 5.934804160225516156e+00 6.726901791302701383e+00 6.607269935639627612e+00 7.466425131886398781e+00 7.452899676848087296e+00 7.919083087699415380e+00 7.889157174534512151e+00 8.273874507283171198e+00 8.761621737594936121e+00 8.807010118182368785e+00 9.092430950658142663e+00 8.936802226444617858e+00 9.188150252683540131e+00 8.802706951743248354e+00 9.546717408604436628e+00 9.613381963002760600e+00 9.847635240480814289e+00 9.717960476660968183e+00 9.315744778589875708e+00 9.930588403208481907e+00 9.840448954838050710e+00 9.130439946405594753e+00 9.483295946065039672e+00 9.345766919542057849e+00 9.810459669065743071e+00 9.445729228403527244e+00 9.263048801383478192e+00 9.552383039414175769e+00 9.017151713266800428e+00 8.793026012581972140e+00 9.240521999893516636e+00 8.965286408329554035e+00 8.583073828384845783e+00 8.365830618703238741e+00 8.531095321863444880e+00 8.870049060706380217e+00 8.236706071183487410e+00 7.926596546978992741e+00 7.765807344070507767e+00 8.056133033116079645e+00 7.879272321971775739e+00 7.784557092323664662e+00 7.510092963318689030e+00 7.204991382089388274e+00 6.906556859606510557e+00 6.808553454859016085e+00 6.572673815831154620e+00 6.040255968801515607e+00 6.095290738204417913e+00 6.221927337219568699e+00 5.531595309503899216e+00 5.276152010894946010e+00 5.463562844273306851e+00 4.979499452740417276e+00 5.086123600242129505e+00 4.580939696589625854e+00 4.741673846569295137e+00 4.556354684287834189e+00 4.224518497689736307e+00 4.045522897227191272e+00 3.950817496220921043e+00 3.797259963560795537e+00 3.448056912990582479e+00 3.324967361041407443e+00 3.065463398256519145e+00 3.153642166210442799e+00 2.755986859828706059e+00 2.625237415041751010e+00 2.651587992792784565e+00 2.538670719762379679e+00 2.259262161412763703e+00 2.254323178249976412e+00 2.091782990110583551e+00 1.866154516613405256e+00 1.796150007731758480e+00 1.760406837515561707e+00 1.652568314192401244e+00 1.496091508659749714e+00 1.408573895730684367e+00 1.368913520471362499e+00 1.241800112506931564e+00 1.097721796225865409e+00 1.033542421785629273e+00 1.035368027281712733e+00 9.274001957790877215e-01 8.800543805543283860e-01 8.398678553843899053e-01 7.813378643545428881e-01 6.866334220960000900e-01 6.402055829030055545e-01 5.823697044247063692e-01 5.492489973078822363e-01 5.206870638456378986e-01 4.624776743215116559e-01 4.302266521391006071e-01 4.086768189758255843e-01 3.723354124490856898e-01 3.555469744332375726e-01 3.062119631028363820e-01 3.032234232493995485e-01 2.636608214207087908e-01 2.575083591335912692e-01 2.427056495604846820e-01 2.592324317754127194e-01 2.960131804272050915e-01 3.603231616219101374e-01 4.947415837147751683e-01 7.260713972959528251e-01
1.040960260555678030e+00 1.398355607423668934e+00 1.796357484531038828e+00 2.218247896607498326e+00 2.781136612036125388e+00 2.984840789639510827e+00 3.694791491188048838e+00 3.811000250459089411e+00 4.248487939481126574e+00 4.879193588290289263e+00 5.251839542035939168e+00 5.898539403437954576e+00 6.342383385606153112e+00 6.341132690157657237e+00 6.516544528556607929e+00 7.211504756362437263e+00 7.562136417719605319e+00 8.046237033547631867e+00 7.612676137106663354e+00 8.317343475270137176e+00 8.024195685403348932e+00 8.774022472990335331e+00 8.391049676475839547e+00 8.649364899842753474e+00 9.082070888170175493e+00 9.363830884202121396e+00 8.818640847458325993e+00 9.302372477372683690e+00 8.973769062016238252e+00 9.632491676626056432e+00 9.098375154690844013e+00 9.714740956879126088e+00 9.188102873034386775e+00 9.148162322774934907e+00 9.347483561653588069e+00 9.659622562106948251e+00 9.310963775643408269e+00 9.719222345686917564e+00 9.010831420955012661e+00 9.286142164966706858e+00 8.946496227503628162e+00 9.640779466035173328e+00 8.838921648336533821e+00 8.957753777377860160e+00 8.922371301846023783e+00 8.346657048371755039e+00 9.032114375703455877e+00 8.188355742310488239e+00 8.179550823593690012e+00 8.001950094011796466e+00 7.651213884442367608e+00 7.908986991082388229e+00 7.775715477303895895e+00 7.797765001570748922e+00 7.597726987737568827e+00 7.301720869371819411e+00 7.310752521081785638e+00 6.792022736590600296e+00 6.866600907400639109e+00 6.318472873907473364e+00 6.229981010176620870e+00 5.718735820176151563e+00 6.056327337391733678e+00 5.487808330955522784e+00 5.194928151241763103e+00 5.046784554361622099e+00 4.858338049792099156e+00 5.041212742538728975e+00 4.575534752549989648e+00 4.518732200862475956e+00 4.397703306814717550e+00 4.093806702737768255e+00 3.884148051830818460e+00 3.812774327916590877e+00 3.642274076747613165e+00 3.353518356376197662e+00 3.226954654293914704e+00 3.062995841237122097e+00 2.866489652578985581e+00 2.715746567279569312e+00 2.656085831818705945e+00 2.352876709454388315e+00 2.377397859035631722e+00 2.249707885797216367e+00 2.066798685028216731e+00 1.983341698672453468e+00 1.920174728702082723e+00 1.653837910100014019e+00 1.705830179115750189e+00 1.533699494002759511e+00 1.412384357089069509e+00 1.358837623519024929e+00 1.231751516160284110e+00 1.199292850831106039e+00 1.147912376697227899e+00 1.027187298671918159e+00 9.150378101508908069e-01 8.968554178980528979e-01 8.667098517570045457e-01 7.682070186574910808e-01 7.193075910260960937e-01 6.549938162510483552e-01 5.979171535375868984e-01 5.775769302210239653e-01 5.486388919111533369e-01 5.070255445493908608e-01 4.259466550215683101e-01 4.139687836579283298e-01 3.867503914536048470e-01 3.343292795480438118e-01 3.087722893024200110e-01 3.145942999789647643e-01 2.912223351303468988e-01 2.596651126896669659e-01 2.488694927599752194e-01 2.603057539088532435e-01 2.848048103326791813e-01 3.708523822943340376e-01 4.631764705025986917e-01 6.785748062379317602e-01
1.040627035126828082e+00 1.405430437849462644e+00 1.722372295039311885e+00 2.125152887713132710e+00 2.617219826222406454e+00 3.032802453515993868e+00 3.461840522577348978e+00 3.874667473509599613e+00 4.254467801471085053e+00 4.954662315478017831e+00 5.373246884653287481e+00 5.512527629113293415e+00 5.864149986897725597e+00 6.191737598387399899e+00 7.034468575653963995e+00 6.875366950065549432e+00 7.099621521573650895e+00 7.583374974064971852e+00 8.211454952556149323e+00 7.824380497011325986e+00 8.181429707804305451e+00 8.549473285339983519e+00 8.752272730873617235e+00 8.442963359253448985e+00 9.390630772975656626e+00 8.968764029810232685e+00 9.232401584149762641e+00 9.020446831725617898e+00 9.581064566432177187e+00 9.805008074385430206e+00 9.769228859900909612e+00 9.472066908474559455e+00 9.640500835448813532e+00 9.567485889501416096e+00 9.862274899848973320e+00 9.765240877195262570e+00 9.810952092412266623e+00 9.328185783806890896e+00 9.755094870128418805e+00 9.029915981048874940e+00 9.679381003086231061e+00 9.138799810126364775e+00 9.269291570928899660e+00 9.432773823202895258e+00 8.997920387383846474e+00 9.065014416141051967e+00 8.724294617614583913e+00 8.317614882444052782e+00 8.474777319621164651e+00 8.067849789895408463e+00 7.803551871292162545e+00 7.960727348701721162e+00 7.977116123135291836e+00 7.522667835728942265e+00 7.070198158720843118e+00 7.291124059229170840e+00 7.064756744186916571e+00 6.888005098613704469e+00 6.654399108152520448e+00 6.174425916307837880e+00 6.502341733340898600e+00 6.146092761288040052e+00 5.894564323064423128e+00 5.566018280524993145e+00 5.484561645288033915e+00 5.219320333799091216e+00 4.920665158050221422e+00 4.787344554047279210e+00 4.496554796852350933e+00 4.476690935922794878e+00 4.245183476213856721e+00 4.323858639656175562e+00 3.961922601472238181e+00 3.662830841205840571e+00 3.684637579139512731e+00 3.553599822142051057e+00 3.377362440033079949e+00 2.987053999239254853e+00 2.959524509561846539e+00 2.902467916915856261e+00 2.746580804882501781e+00 2.590402514517515353e+00 2.452913548082028772e+00 2.308534185183833021e+00 2.129159260162310829e+00 2.036880582548608487e+00 1.900743628260948670e+00 1.739525674190951943e+00 1.593863987305264907e+00 1.495886104837706343e+00 1.536312923496939042e+00 1.423260456603369528e+00 1.232391857213072983e+00 1.248933175550131391e+00 1.125487581206024545e+00 1.007133089666296888e+00 1.018412264232071873e+00 8.978118634856036007e-01 8.637747758952258881e-01 7.573485137567308456e-01 7.287493177602435424e-01 7.111229798808283986e-01 6.211303673028654160e-01 5.571451967903160440e-01 5.186524511164959383e-01 5.126910579098626908e-01 4.733740531074209223e-01 4.320657861326471783e-01 3.877206845496578014e-01 3.546135507184091651e-01 3.364751708933428898e-01 2.956429468536463934e-01 2.940809608084751781e-01 2.622194316749137388e-01 2.564062507917196365e-01 2.674160280426864933e-01 2.894604621119814536e-01 3.533371073543808971e-01 4.670734808433502083e-01 6.544260199148351775e-01
1.005415174678187640e+00 1.339950209580696994e+00 1.622857421724213989e+00 2.080562155742827990e+00 2.532197050552829509e+00 2.918544035750745280e+00 3.269827155008238950e+00 3.728703496304658138e+00 4.413894501228870837e+00 4.732919320311694378e+00 5.273486885075095998e+00 5.539195803248168737e+00 5.739563092769002672e+00 5.963880878443266198e+00 6.310495259434419246e+00 6.915760771149496833e+00 7.011471967532464156e+00 7.340461082406607218e+00 7.405289594313376078e+00 8.352278551827460262e+00 8.483099643764006714e+00 8.848953918283744002e+00 8.788857250432904777e+00 9.018107979964511856e+00 8.912826936878516904e+00 9.497654876838845794e+00 9.464998951930459370e+00 9.554111086131650055e+00 8.937954958649921622e+00 9.753883933461176881e+00 9.574967219517743544e+00 9.928710788485064498e+00 9.406310840238335302e+00 9.423517052478112888e+00 9.171586871613069292e+00 9.477465163120823988e+00 9.355589710945203308e+00 9.893882336379533626e+00 9.721606188436840768e+00 9.647853739641952586e+00 9.673321022838605288e+00 9.452196059157866870e+00 9.399978114847046484e+00 8.681941156808944626e+00 9.013176121155849430e+00 9.196174203327943886e+00 8.502806116555619909e+00 8.152329778466114618e+00 8.478224205098753075e+00 8.553249476353474989e+00 7.725654360752431948e+00 8.040511607717141018e+00 7.423146025553359451e+00 7.399874774954386503e+00 7.333105824263636663e+00 7.487618043614811647e+00 7.241957240786562444e+00 6.834858736145702274e+00 6.733779646744232572e+00 6.519755633893449698e+00 6.196778624442621286e+00 5.869988017199834651e+00 5.833456900475967544e+00 5.414292506954446971e+00 5.729615555020944662e+00 5.434886423203128203e+00 5.045179242109188777e+00 4.960886265332571377e+00 4.617836131474888361e+00 4.598849205234341930e+00 4.388181347500356821e+00 4.187958705602102150e+00 3.824755100044685108e+00 3.722433479079360730e+00 3.654879853866262351e+00 3.478122209637685813e+00 3.304307058012669440e+00 3.135603430838846073e+00 2.923035640251048228e+00 2.932058520572059734e+00 2.589489907790814893e+00 2.613838571135771005e+00 2.480095796106198236e+00 2.187234566214013576e+00 2.075018110685535877e+00 2.131128993790659454e+00 1.875028914994703477e+00 1.819203118256773610e+00 1.761522838345757958e+00 1.595942755156158022e+00 1.525576465668459170e+00 1.441118768696600494e+00 1.368333483612268919e+00 1.263291641139493660e+00 1.144873055436056442e+00 1.041926486252832351e+00 9.821281015780749524e-01 9.657888755908468070e-01 8.578737803992370070e-01 8.275579950313893818e-01 7.902958940166816548e-01 7.166226592630365877e-01 6.467232968480929323e-01 6.258302904299365421e-01 5.578128174468125478e-01 5.081166492269322266e-01 4.694754610552721585e-01 4.278659562997263466e-01 3.961630544957153166e-01 3.850929504277685322e-01 3.308535208332694655e-01 3.071551384922537320e-01 3.015495879790460187e-01 2.871797582295548823e-01 2.758165433732301386e-01 2.913591298420641906e-01 2.997802179534402311e-01 3.627501063499644629e-01 4.732597492780682980e-01 6.521823901450501948e-01
9.757961438178677227e-01 1.370161153963862510e+00 1.639943902798274289e+00 2.050263446998938921e+00 2.411928616341803000e+00 2.796695323828991775e+00 3.177137644168872566e+00 3.561043965670283473e+00 3.956177247209677006e+00 4.387946391565796134e+00 5.044564182868868762e+00 5.476328276954029128e+00 5.845923144731490773e+00 6.126797496872931958e+00 6.650499203356564415e+00 6.882477133475159548e+00 7.483699770248168903e+00 7.164902976960386027e+00 7.921405838004468514e+00 7.784251922787278843e+00 8.256151765392546693e+00 8.585472371035645978e+00 8.764106306615015995e+00 8.874330166194706493e+00 8.686512334474119967e+00 8.995293374221946081e+00 9.054744987948714297e+00 9.588524227293270030e+00 9.241621841567065232e+00 9.433091892172845050e+00 9.903066325469435327e+00 9.881396249641696272e+00 9.585491028378731571e+00 9.289877259959219202e+00 9.260113347692813690e+00 9.974378901200514846e+00 9.055102459697614847e+00 9.434027942886405782e+00 9.255518281156559723e+00 9.670789305320626639e+00 8.881229567738778030e+00 9.169496444377738698e+00 9.151277406869482434e+00 8.676768873546109262e+00 9.046006565615996919e+00 8.793067074847199294e+00 8.337485583906346420e+00 8.165543794300090141e+00 8.233826662877849145e+00 8.691209789801485286e+00 8.386221790266674248e+00 8.158913388861522620e+00 7.669580626377548782e+00 8.002498596489783012e+00 7.148300743722494133e+00 7.219461417298438377e+00 6.823637046404675388e+00 6.614612327725461149e+00 6.683200822730947621e+00 6.332267307124569200e+00 6.331253307549676634e+00 6.200369521120344452e+00 6.045303138673546073e+00 5.557305170735919120e+00 5.741970053554191544e+00 5.213099071539406104e+00 4.969407894894577460e+00 4.734813064042125319e+00 4.711731378380707547e+00 4.730894875765712548e+00 4.592769325252854529e+00 4.295697093629304852e+00 3.913744919764309937e+00 4.026539377039595635e+00 3.773131388168643241e+00 3.376951362897461006e+00 3.381968750687275538e+00 3.132237484610012057e+00 3.043428069706930472e+00 2.844838864719754223e+00 2.642230980354754788e+00 2.581999507453712539e+00 2.396439471450798386e+00 2.218901104522777334e+00 2.308120540845868707e+00 1.996593461401590108e+00 1.883909476781265413e+00 1.795535281700452623e+00 1.787554498219578125e+00 1.576293202433483476e+00 1.592838832523810755e+00 1.422602555548915237e+00 1.356646772479106700e+00 1.320758035357024740e+00 1.150445019059961327e+00 1.070223759462032520e+00 1.063000157516885702e+00 9.380684382352068029e-01 9.314252448989595035e-01 8.521691680134680924e-01 7.505982137778741681e-01 7.342631422187329004e-01 6.628749247651504195e-01 6.305776866151838744e-01 5.742691621373543498e-01 5.433360797161180811e-01 4.878722641017855244e-01 4.314958798146574237e-01 4.254798997056585819e-01 3.726176469471638719e-01 3.403898804530370303e-01 3.179025270222311517e-01 3.162817601298622550e-01 2.972819732184076580e-01 2.979079239083632369e-01 2.862313790043847228e-01 3.015679168246678254e-01 3.752234920779235483e-01 4.855981452006349897e-01 6.353933512096837655e-01
9.486688898655318836e-01 1.227057041962838602e+00 1.613443583640327805e+00 1.936944051204777750e+00 2.343603988799754845e+00 2.736321982911658957e+00 3.070145415525826760e+00 3.744063753303869202e+00 4.214679085432210925e+00 4.669791891551690277e+00 4.919250277792150072e+00 5.127487233379574683e+00 5.687841264208874925e+00 6.335381817448519470e+00 6.554568685179078535e+00 6.476691892220305391e+00 7.372535313113051991e+00 7.184184895127788018e+00 7.581613173869192757e+00 7.646876888387048155e+00 8.308588021995953810e+00 8.047138855843916971e+00 8.392441808446376328e+00 8.820949857680023598e+00 8.522676239559752176e+00 9.030281136504632045e+00 9.295552532460373385e+00 9.141139199884277033e+00 9.280908213245155025e+00 9.811316602480941285e+00 9.510919394857616282e+00 9.930902025063515381e+00 9.280940462174406491e+00 9.100887797509193078e+00 9.603715873606132547e+00 9.980390239046389667e+00 9.572970924285941763e+00 9.791312955705423704e+00 9.554427822643836166e+00 9.191541084651170479e+00 9.598138905264134380e+00 8.808253197821676039e+00 9.572542415765255441e+00 8.731639056316508274e+00 8.587585087292449515e+00 8.795653983029968259e+00 8.365849187586510638e+00 8.952144062266009783e+00 8.801189867279640922e+00 8.602610611728213286e+00 8.420732307944884809e+00 7.846509191083454127e+00 8.031076780014508643e+00 7.302289649429960505e+00 7.460228617835703346e+00 7.291143056398025735e+00 6.995646335469544397e+00 6.630370308997969531e+00 6.579410242440233425e+00 6.806324018348041349e+00 6.615093436524149162e+00 6.299551955072575815e+00 5.970820689798704173e+00 5.649787009690024675e+00 5.589795429199274857e+00 5.659764221047332455e+00 4.966398693541584031e+00 5.050242143179139553e+00 4.814392927459167026e+00 4.795457630405945970e+00 4.430765299388784051e+00 4.068257366473470249e+00 4.225449354387070144e+00 3.802015520967479745e+00 3.922194518900652849e+00 3.642128506489530793e+00 3.361753093220281485e+00 3.252386362037066103e+00 3.220498497222065382e+00 2.985027912881762280e+00 2.894124813980123001e+00 2.758724118147036553e+00 2.431040758433866689e+00 2.251181119384743301e+00 2.239837781035606046e+00 2.156049798752722069e+00 2.049910211069113863e+00 1.951044629743701853e+00 1.786750011426200713e+00 1.626115009654184984e+00 1.552596795184877365e+00 1.532311869529712656e+00 1.384536566032709803e+00 1.323859839404290861e+00 1.184198852690892201e+00 1.128974942485579280e+00 1.084142149282940615e+00 1.027644483290433230e+00 9.119389166730232921e-01 8.840335286365276213e-01 7.649390483913045546e-01 7.255159798847879982e-01 6.512374211883457109e-01 6.311790332228123246e-01 5.995743085960300034e-01 5.409918604205283810e-01 5.185950418708473730e-01 4.548013694688859410e-01 4.497049602881476593e-01 3.885560270000538163e-01 3.735586435064806587e-01 3.356939507519101640e-01 3.328236447173240631e-01 2.971703393936924176e-01 2.807648044299057011e-01 3.069688136456513727e-01 3.057406340685032142e-01 3.758527046804528982e-01 4.902846619013940810e-01 6.642517204900884042e-01
9.204754434414218478e-01 1.194805762657160209e+00 1.558728857848495242e+00 1.937541726833389655e+00 2.217728197379811306e+00 2.831043358160254098e+00 3.231973753521111270e+00 3.494103210790207470e+00 3.930689720642958296e+00 4.265630663006163559e+00 4.844793214265400216e+00 5.137266498819117899e+00 5.651567695865044705e+00 6.004505838046026334e+00 6.547316031980966677e+00 6.532133799877473557e+00 6.821923635811403486e+00 7.064834085571810363e+00 7.629353009327831892e+00 7.729440834798188220e+00 7.732993317785829213e+00 8.014214997288066300e+00 8.770708561139207049e+00 8.623281206347035877e+00 8.380855947330587696e+00 9.280039235235307160e+00 9.093420886653859725e+00 9.567765345595473647e+00 9.228286439617249926e+00 9.616745952553094057e+00 9.087307515997535390e+00 9.085335249477513031e+00 9.541463226918017071e+00 9.119291425168853493e+00 9.179921863753669697e+00 9.697372359681081022e+00 9.064783804402683387e+00 9.083070584475674281e+00 9.450761087620472622e+00 9.127385315044557856e+00 8.984592105915037763e+00 8.884355679731401167e+00 9.366153641495749582e+00 9.528836390642133836e+00 9.290878542043103039e+00 8.963478974144216238e+00 8.540382637588871617e+00 8.662523339134352796e+00 8.722853804149966805e+00 8.315403933403011649e+00 8.334345047448888266e+00 8.131759673569868951e+00 8.043360207971092635e+00 7.610400246645898648e+00 7.254109950196085954e+00 7.110220766635146461e+00 7.172177079576970371e+00 6.752599812705811999e+00 6.776627135088551412e+00 6.295393036405650733e+00 6.201556160094821912e+00 6.393088930529557068e+00 6.148853448597845883e+00 5.944971930990098130e+00 5.573574714251392948e+00 5.323590196409664799e+00 5.176279461028419071e+00 4.921700843204430242e+00 5.109628328215697124e+00 4.505417854983864601e+00 4.439271454884732293e+00 4.160126662968581357e+00 4.189278161946328183e+00 4.028439703627972435e+00 3.871078636039186449e+00 3.521053866758608208e+00 3.499315495445450175e+00 3.378565672694970878e+00 3.104794973221669530e+00 3.079507341391944042e+00 2.794594467756757350e+00 2.796260962707671549e+00 2.656822286985830228e+00 2.415576380651847099e+00 2.376375865395047526e+00 2.165693073474130426e+00 2.105355248156838943e+00 1.988824592530820556e+00 1.810100320540385832e+00 1.673730079433870976e+00 1.555966939111049996e+00 1.463229818351647893e+00 1.423092375736058512e+00 1.324074819575600248e+00 1.229866292085874280e+00 1.132664074573464408e+00 1.063826761758632111e+00 9.559599410885183390e-01 9.764645946459097337e-01 9.124569773542776652e-01 8.134500909208848274e-01 7.503150344944465866e-01 6.705345397623215797e-01 6.382985058239851739e-01 6.192651792651198139e-01 5.626738772549514378e-01 5.118287322990616728e-01 5.041882107259338941e-01 4.316755050809779060e-01 4.191525476245411830e-01 3.916049005675892869e-01 3.660270644757455116e-01 3.320127600466368234e-01 3.184101083153083045e-01 3.148413357319396200e-01 3.156943185959426579e-01 3.241216759517946966e-01 3.653078307832322014e-01 4.845879336619123845e-01 6.253944607601048533e-01
8.943441859149412476e-01 1.263880381583490253e+00 1.603517074696146238e+00 1.897619027249261014e+00 2.237033927989501958e+00 2.756459872038487635e+00 3.050706270006675602e+00 3.603735070315694955e+00 4.036519235215967782e+00 4.296535148579154750e+00 4.852862742717483968e+00 4.861497640096314576e+00 5.693631457555986763e+00 6.082369417579979398e+00 6.341656667469402819e+00 6.482292791828284884e+00 6.772507500240547706e+00 7.093430716209697451e+00 7.701962048388108606e+00 7.963294579845359600e+00 7.592319702106068213e+00 8.135871205339114454e+00 7.947795215620245379e+00 8.137849469719380835e+00 8.601472522982668067e+00 9.037139154641627314e+00 8.876058991216694949e+00 8.862989255543560319e+00 9.463823182686738278e+00 9.334790565528120254e+00 9.079468993229227181e+00 9.243595812448470284e+00 9.214069447411763036e+00 9.712646790142523301e+00 9.128956943025309911e+00 9.650701073103011396e+00 9.295526843995885358e+00 9.752476751016828871e+00 9.701446024931724921e+00 9.839061890045991632e+00 9.035995478067631481e+00 9.175513528243767425e+00 9.507268969058383590e+00 9.025551313890769478e+00 9.226054982585880637e+00 9.177992535031638255e+00 8.659359341544233146e+00 8.687568009697814730e+00 8.358511006491170292e+00 8.131402779181099660e+00 8.223675231953455622e+00 8.247748293090300109e+00 7.716191478058272324e+00 8.120792433870198224e+00 7.628420995312708897e+00 7.295565534662265428e+00 7.408196426821533009e+00 7.024584658299406925e+00 7.176179013267513618e+00 6.443052985403154409e+00 6.551200688028042229e+00 5.983863351717514156e+00 6.333723185581412451e+00 5.971685071405888223e+00 5.946656436164955650e+00 5.505371405134241947e+00 5.379484911271351422e+00 4.891474199006181856e+00 4.826324716934580650e+00 4.596615771628250968e+00 4.618477380357861151e+00 4.249334274741734419e+00 4.075966004278203769e+00 4.039980898681597488e+00 3.932174988379423475e+00 3.752893690693343665e+00 3.404416422131621545e+00 3.466429028362613352e+00 3.063354891085514176e+00 2.973045010421174084e+00 2.833963257739749775e+00 2.636438093855477227e+00 2.501876545871694280e+00 2.335288594460101397e+00 2.304170947897590249e+00 2.152438096820510793e+00 2.078188893672415549e+00 1.971262188301826868e+00 1.876514059785386879e+00 1.661930466473547918e+00 1.596275885452719256e+00 1.522958347383054578e+00 1.446329401826575545e+00 1.279429871790603412e+00 1.217550254803664522e+00 1.216615096078696778e+00 1.114695126626837451e+00 1.039566089307905949e+00 1.003153767037522348e+00 9.210325958710715577e-01 8.748887361602064594e-01 7.643145184512887269e-01 6.956246849486783512e-01 6.694641186375572817e-01 6.199645156614456143e-01 5.808837648054420155e-01 5.603553316762616143e-01 5.045227160872783889e-01 4.747875957474909092e-01 4.270701362927867839e-01 3.865167010753600141e-01 3.554730513500713451e-01 3.336951697018094576e-01 3.278812863427280067e-01 2.958941789834249603e-01 3.043737775767822451e-01 3.397678916945882643e-01 3.790651508804840364e-01 4.510972680784890443e-01 6.409381488648657754e-01
8.855401847316890507e-01 1.262096693703571804e+00 1.480588292868758149e+00 1.907920963902178579e+00 2.169068019782188550e+00 2.601712472641040552e+00 3.109349157551685838e+00 3.308495212001047125e+00 3.841994465024821004e+00 4.286729747225839660e+00 4.796146416986912797e+00 4.824581717481414955e+00 5.363194103086731168e+00 5.494908263459934439e+00 5.842625947726435065e+00 6.440624988643913973e+00 6.657400296018718855e+00 7.083123621917436274e+00 7.602701511396362299e+00 7.863250016389811137e+00 7.635245628663750672e+00 8.114335973048923734e+00 8.590673930150900972e+00 8.275673411704564941e+00 8.857127851401100926e+00 8.994732615625943950e+00 8.482874957356141721e+00 8.853525128977997483e+00 9.160090193108858969e+00 8.774779006293357497e+00 9.236418122106547557e+00 9.724177965450811811e+00 9.379844797095008957e+00 9.472745310025491250e+00 9.177223054874749764e+00 9.624282608986053589e+00 9.360786586859221714e+00 9.809914352302495644e+00 9.482572055460360971e+00 9.234470549339457435e+00 8.882184563853826376e+00 9.051059318594441905e+00 9.571258934331650536e+00 9.246110403809430167e+00 8.665375531094795747e+00 9.071980558681554285e+00 9.067333219416187973e+00 8.984764603667342087e+00 8.345870873566628489e+00 8.328268353358257770e+00 8.507525949253798458e+00 8.168643337638810564e+00 8.275011641917632943e+00 7.668248138943527081e+00 7.849784207737628527e+00 7.427780874359917185e+00 7.142500097857241492e+00 7.134496688811635678e+00 6.879399437438006082e+00 6.818809093535659116e+00 6.347340075867819564e+00 6.438605471420187243e+00 5.865361944901088087e+00 5.798339812348513256e+00 5.906072956739405022e+00 5.639374070655886584e+00 5.367992102237947982e+00 5.208779185657295585e+00 4.981113786022645762e+00 4.706431494494934142e+00 4.490688896152019716e+00 4.197246800466852612e+00 4.272413048440597549e+00 4.018196816879317623e+00 3.832224211379642753e+00 3.692789959851725090e+00 3.549596456965957270e+00 3.453667471850686344e+00 3.112815928016208211e+00 2.936189324686600877e+00 2.823330662143384018e+00 2.730217773306452322e+00 2.751114176291021618e+00 2.537797724088040496e+00 2.336973335480513558e+00 2.236877546873990319e+00 2.190903887598433020e+00 2.080188356031140717e+00 1.887229460444375562e+00 1.742654500142094554e+00 1.579976179056287622e+00 1.523549187004079819e+00 1.509705022722823697e+00 1.345930149517349239e+00 1.227866277469578327e+00 1.223701560486992523e+00 1.154359832576665523e+00 1.011009718392052559e+00 9.954031400248035677e-01 9.338000390460502453e-01 8.510959006298247642e-01 8.166783057369616516e-01 7.191087156258986202e-01 7.118439354511503225e-01 6.296879266292882971e-01 5.916989061679528428e-01 5.437908566837906799e-01 5.016692622082795650e-01 4.695359523690977865e-01 4.180784254947348400e-01 4.173481910406793838e-01 3.847610510724134847e-01 3.328506087326852381e-01 3.222672134115900922e-01 3.206391162639162795e-01 3.136021080691072105e-01 3.487954496701700657e-01 3.683292637500600875e-01 4.554222158461813108e-01 6.680596481360698835e-01
8.813848713233960463e-01 1.160203234000538375e+00 1.434636035468612736e+00 1.738791537965274747e+00 2.254508816552589945e+00 2.472104306601152324e+00 3.037889935849743761e+00 3.320139728165208748e+00 3.688689765302910484e+00 4.018702366255076264e+00 4.492818859158458800e+00 5.008407303609081040e+00 5.156219448190638488e+00 5.367153748875414188e+00 6.121743170185270699e+00 6.114068155424676299e+00 6.339073494883058046e+00 6.972550298285853820e+00 7.561828760863503085e+00 7.574685635514244453e+00 7.776338863577207050e+00 8.113087831572492803e+00 8.131492004521764017e+00 8.342355871803302847e+00 8.797713497505393221e+00 9.081793786230191401e+00 9.116914747551279063e+00 9.004499534971875718e+00 9.432330493705769925e+00 9.635006788002542066e+00 9.023730291827460448e+00 9.391288118057451229e+00 9.713659190693826773e+00 9.704486490706072388e+00 9.472672955471205469e+00 9.417390288930937103e+00 9.084778618112872905e+00 9.336541803381416926e+00 9.680675163539543604e+00 9.695630406140784530e+00 8.871250981858411322e+00 9.566925143262519526e+00 9.268744872729318018e+00 9.282797288407239833e+00 8.984964023073185757e+00 8.877765844273202589e+00 9.162791056572977766e+00 8.452940158414472549e+00 8.312347555749433070e+00 8.685798422389416018e+00 8.138034610680833225e+00 8.463136832292933676e+00 8.328109289404537208e+00 8.156552573349230784e+00 7.711391038771232331e+00 7.132114874651604985e+00 7.493902022356047077e+00 7.422262747476375822e+00 6.754179046745132808e+00 6.533032363601313897e+00 6.231443156411729412e+00 6.476435485290171989e+00 6.151298113484727104e+00 6.120569296544193350e+00 5.743751660071795051e+00 5.394352823591459511e+00 5.189999850827537564e+00 5.009971326236418498e+00 5.115439058572710529e+00 4.855923017070382208e+00 4.768069351552542301e+00 4.315900237774252801e+00 4.257177272554969250e+00 4.063267966865583780e+00 4.049993191807894632e+00 3.658351514470721710e+00 3.615238709618016966e+00 3.486305158085458711e+00 3.305465873134594723e+00 3.010709072217770288e+00 2.960838601559195649e+00 2.901102069804069927e+00 2.596831317855142540e+00 2.417392167832285388e+00 2.330425587934932707e+00 2.293322908672011717e+00 2.220362123220445572e+00 2.096715541924894399e+00 1.821162865179908330e+00 1.838534076830437902e+00 1.707437890512186751e+00 1.649329202846576470e+00 1.429457669363418226e+00 1.439290538058908275e+00 1.319552231270869846e+00 1.186082080784614634e+00 1.132786244534714104e+00 1.073936096183466748e+00 1.041280675173621884e+00 9.397177706500978722e-01 8.645315836377355234e-01 7.767785196091574473e-01 7.420472295058104795e-01 7.056944792738455430e-01 6.425048927456550318e-01 6.276117685241606736e-01 5.859180258206396763e-01 5.454197598503565114e-01 4.692825820389485703e-01 4.299277100900926740e-01 4.196488719822484281e-01 3.888903073933303034e-01 3.615082412859585981e-01 3.434373574954723840e-01 3.210243719787617134e-01 3.195954534662659441e-01 3.422633171106979066e-01 3.934547212647831471e-01 4.860382548104547618e-01 6.291729891561970156e-01
8.874395267163215362e-01 1.139393644854800103e+00 1.538861750852509980e+00 1.830638086760722594e+00 2.062108853762728788e+00 2.552082635037190350e+00 2.812084368839002924e+00 3.315783408640249785e+00 3.585493025058750227e+00 4.074661518909856284e+00 4.326738364711997242e+00 4.706089763107613066e+00 5.329530559178440541e+00 5.261453729818129865e+00 5.792653294999742464e+00 5.953965760940658214e+00 6.329351624716076152e+00 6.832658055355808280e+00 6.987033451675568330e+00 7.594399125143526774e+00 7.626250077057112442e+00 8.115701427314055749e+00 8.427228246878373241e+00 8.637421286725651015e+00 8.438672903465835873e+00 8.578623539139996979e+00 9.184795163789720718e+00 8.619728389903132282e+00 9.458006725280569071e+00 8.715937691347807714e+00 8.938006151217209094e+00 8.887311755538039648e+00 9.594318697571219801e+00 8.964612816436074993e+00 9.133060521874323712e+00 9.808405276142948992e+00 9.441494385839845904e+00 9.812095225273527177e+00 9.320696993376046180e+00 9.595392109903551514e+00 9.131662498740380940e+00 8.922926035412208634e+00 9.537562239819738608e+00 8.890892002488829604e+00 8.953739232319341212e+00 9.022213450647273092e+00 9.048500054849947460e+00 8.961913244546096280e+00 8.189396012804490255e+00 8.533129501378725834e+00 8.414919794495986594e+00 8.226093612993603088e+00 7.807222134044547346e+00 7.787839074211123425e+00 7.910901287657726932e+00 7.132126552898897742e+00 7.665983644981355205e+00 7.128269309086277872e+00 6.967520454982194522e+00 6.968104395728392575e+00 6.739076028993583378e+00 6.669464483779288244e+00 6.177749218029923384e+00 6.322306275434581124e+00 5.757226317103189217e+00 5.915581926788495259e+00 5.710408011072015455e+00 5.405434510556646366e+00 5.210248779938698505e+00 4.709827043229166676e+00 4.824649930122256514e+00 4.650997084593406328e+00 4.499383661678874269e+00 3.968363964893772522e+00 4.091899505990907571e+00 3.822170448485068928e+00 3.652187087524644937e+00 3.570565483744959856e+00 3.384932489232459929e+00 3.127432612347042618e+00 2.976413168799697306e+00 2.743879420145101555e+00 2.777621752419294321e+00 2.474975216727989036e+00 2.382900624162597847e+00 2.311676285992222635e+00 2.200389322882489562e+00 2.076782958268898582e+00 2.038829851599239351e+00 1.829324883027732884e+00 1.791599727348585969e+00 1.691245719451281326e+00 1.594090119451220700e+00 1.489685170323744368e+00 1.405980525318491159e+00 1.213974049520538445e+00 1.229447858459340903e+00 1.113501991720712736e+00 1.035778099594598434e+00 9.377820415521748165e-01 8.587089437193254904e-01 8.407305495212723523e-01 7.631499319023259398e-01 6.987625778475565763e-01 6.970442591065796334e-01 5.970854671392932245e-01 5.848589039856776362e-01 5.138848220818723611e-01 4.793442630722534181e-01 4.578183007374633240e-01 4.419742853889307987e-01 3.984829961368566154e-01 3.847189108871226781e-01 3.592805913796827677e-01 3.447665632970237648e-01 3.362907262914983098e-01 3.409283351996941769e-01 3.803903792041918308e-01 4.912035127069891427e-01 6.481765418732718942e-01
8.668331129863255935e-01 1.188586413347020754e+00 1.404299802339863623e+00 1.774096493000656416e+00 2.020238405413334881e+00 2.538094227141617143e+00 2.737590072349212811e+00 3.173562793052428166e+00 3.396828366838230640e+00 4.007868214475292845e+00 4.287563336847182605e+00 4.916596776747689468e+00 5.200885114791403474e+00 5.706810850280163550e+00 6.022369347562935182e+00 6.183147751746279397e+00 6.707458354970071923e+00 6.736992099794236744e+00 7.302514224580362701e+00 7.094618188466857767e+00 7.402771046881010619e+00 7.788853159594593123e+00 8.120362342323151239e+00 8.553773356649655213e+00 8.257119936617781875e+00 8.321338362795041022e+00 9.101191841485695377e+00 8.943703631785483665e+00 8.757315240376149390e+00 9.349857873942712061e+00 9.473572576150235847e+00 9.713645500503940156e+00 9.680453695265567760e+00 9.264074772650520373e+00 9.274686147467109620e+00 9.398245038425185882e+00 9.193500754626310112e+00 8.955615440678531769e+00 9.782769477741600994e+00 9.521289224236927140e+00 8.941636940534051448e+00 9.288706009342254433e+00 8.781104057271967633e+00 8.774441602805501006e+00 9.239035022227568561e+00 8.878778432099926121e+00 8.733867918032041544e+00 8.770573962297669723e+00 8.506736992726333213e+00 8.487901752000535538e+00 8.673922945164546761e+00 7.956469441031096324e+00 8.404229948567145669e+00 7.996140515050253583e+00 7.962478053822045432e+00 7.411142423312000460e+00 7.106702515176918311e+00 6.857566643654738670e+00 7.291905789346764699e+00 6.892774664824561803e+00 6.760010229817003946e+00 6.223094542244871796e+00 6.284814263171978332e+00 6.152955530617196800e+00 5.871606417867857530e+00 5.435148482606146025e+00 5.772964893334514791e+00 5.456145003710894059e+00 4.896062754160829478e+00 5.056685349083275050e+00 4.706339005793826580e+00 4.479910713380338194e+00 4.415621676403486795e+00 4.404937906315584684e+00 4.019733189538889029e+00 3.856641246487416019e+00 3.566758513854683788e+00 3.361203822740878699e+00 3.421588402698323428e+00 3.164718890053508371e+00 2.906407488426770325e+00 2.755716672682922308e+00 2.745431774856448293e+00 2.711503045713614668e+00 2.417460297894369337e+00 2.298097031903863385e+00 2.137925945803581751e+00 2.018628532871000303e+00 2.029815940959982967e+00 1.779409176875790033e+00 1.811723124542665486e+00 1.604939187022975222e+00 1.605171791944705717e+00 1.529121121694564600e+00 1.401211976697025907e+00 1.260416713357788598e+00 1.152595335049233949e+00 1.129739506818490780e+00 1.077241085174080792e+00 1.011695515490682151e+00 8.943797310786066879e-01 8.283227035390303694e-01 7.908270532217034354e-01 7.189616787798893682e-01 6.938693769806388856e-01 6.697099242733657309e-01 5.662969491778276909e-01 5.772169941945545224e-01 4.872725379714449856e-01 4.525899360833851581e-01 4.374358987880848093e-01 4.058787250958330040e-01 3.907337322177813488e-01 3.704618117520354637e-01 3.416487565332885779e-01 3.372154677510778575e-01 3.594860844177780179e-01 3.839194928948495011e-01 4.743643591148313798e-01 6.465258331282524029e-01
8.557058352019359937e-01 1.115609964180776181e+00 1.351721487670075383e+00 1.719849892504918154e+00 1.999768576455193569e+00 2.417361919711396467e+00 2.605567159794154097e+00 3.149089050115096544e+00 3.647705853344977545e+00 4.015772222612638664e+00 4.289911853685155485e+00 4.533151863768159373e+00 5.190718390059570808e+00 5.475380810235949802e+00 5.718711215346850452e+00 5.875812622706568789e+00 6.421937309414351702e+00 6.691042065869381439e+00 6.710728971678525667e+00 7.446064097715841434e+00 7.714213586485233698e+00 7.427078329550050206e+00 7.923176452441915707e+00 8.588547785861814887e+00 8.511879209995523610e+00 8.536613301039714941e+00 8.606066229269664802e+00 8.590613417801582941e+00 9.269612428443368302e+00 9.389569733127006046e+00 9.056138240762969360e+00 8.835273831723950977e+00 9.386727930415743160e+00 9.455597658194125898e+00 9.196878071488074013e+00 9.049222465703003593e+00 9.160845246884843363e+00 9.654253526903076477e+00 9.690162979279289601e+00 9.272322442595708480e+00 9.395881398468466372e+00 8.987188240762913338e+00 9.291187726206302955e+00 9.409241692000634316e+00 9.239845096556544846e+00 8.672327521529259897e+00 8.521546552684466036e+00 8.781373050193625573e+00 8.597702015377512552e+00 8.115489921968913833e+00 8.318453148718598200e+00 8.163824313862043880e+00 7.898420947938346259e+00 7.804283684655390019e+00 7.611546473529401169e+00 7.877171080362406208e+00 7.683752817640798760e+00 7.588450175620143234e+00 7.255818238597752767e+00 6.628361118194133539e+00 6.547860192813243607e+00 6.290290283459190057e+00 6.589550094600236108e+00 6.386293032482898369e+00 5.849643519844127226e+00 5.914670508151829154e+00 5.736800769323889604e+00 5.248539168403470789e+00 4.915944252864995256e+00 4.904181302165812717e+00 5.016955782842194012e+00 4.726827477236261288e+00 4.496654423845807713e+00 4.411902905089229776e+00 3.897734351773966655e+00 3.835991455286808627e+00 3.737799980649044951e+00 3.722418101287317427e+00 3.262453086716602613e+00 3.287694112407594016e+00 3.171869479984898099e+00 3.037929574870478877e+00 2.876185418258571769e+00 2.541830152498317563e+00 2.515424000140631833e+00 2.485176943726560950e+00 2.192748441583519003e+00 2.179112873394359440e+00 1.960791912042515905e+00 1.991623594297785127e+00 1.867379498311521946e+00 1.720366880068005644e+00 1.509166496362897014e+00 1.442360981643735052e+00 1.437601202265115896e+00 1.354615346066805337e+00 1.203553195087040839e+00 1.132412831240746431e+00 1.067666249218198526e+00 9.778425052710160159e-01 9.630552092670344733e-01 8.895923466943417290e-01 8.359932030108983003e-01 7.931505087665007281e-01 6.738504811749357337e-01 6.274138709661385427e-01 6.117292482139169429e-01 5.615235625798843389e-01 5.043868337777932531e-01 4.899499684704483604e-01 4.723539903262798378e-01 4.020154954151885507e-01 3.880850401296478958e-01 3.623150819813983903e-01 3.417261845320262448e-01 3.614383956539331533e-01 3.549738020108477721e-01 4.035824088470210125e-01 4.731240321864292331e-01 6.161892500804847517e-01
8.974427109995086749e-01 1.112933004896944800e+00 1.441031479715119579e+00 1.650670469782443250e+00 2.021469424474620080e+00 2.338872575766133721e+00 2.585364819218334276e+00 3.133795847307963012e+00 3.295756048759895585e+00 3.673012499402386499e+00 4.342668833754540714e+00 4.705490589958903236e+00 4.683437328610878581e+00 5.402491293449751986e+00 5.671329735009648765e+00 5.696949751967199660e+00 5.991652624675516847e+00 6.466159141571852231e+00 6.703995212143223803e+00 6.977965520443961900e+00 7.612949968606557150e+00 8.047557006641026689e+00 8.232652105670537068e+00 8.135863510919756791e+00 8.434936754293341110e+00 8.381509273102372148e+00 8.813690340989079886e+00 8.956024073679579089e+00 8.673609183973857384e+00 9.245014787285105839e+00 9.339425818519565325e+00 9.485985793488469042e+00 9.612653011455899232e+00 9.018730461380235042e+00 9.603348381667057510e+00 9.592754677637385541e+00 8.961517696902763674e+00 8.947101597051576150e+00 9.025996334960151302e+00 9.215630246503179634e+00 9.418432783561547339e+00 8.817276130290860436e+00 9.415450704938917781e+00 9.257401924264007320e+00 9.365231969801817158e+00 8.876682961118035564e+00 8.938370197444896803e+00 8.769243710307483397e+00 8.626768119006989366e+00 8.781540130603106675e+00 8.516636947182572470e+00 8.396364268045832802e+00 7.754752696236273835e+00 8.025972959735199197e+00 7.776928118263978007e+00 7.425961292478910458e+00 7.742918169123750083e+00 7.497417378527790888e+00 7.397543237265692184e+00 7.012513848227631463e+00 6.946826636646993514e+00 6.224601273922573341e+00 6.283495826224495318e+00 6.253910738901250710e+00 5.861518725191377399e+00 5.781730199456173835e+00 5.844064683996982978e+00 5.412334121967074196e+00 5.204501769611263207e+00 4.899690255304584241e+00 5.000642579128285803e+00 4.597556546781466302e+00 4.248387708423408071e+00 4.113491426784886329e+00 4.160548676816133273e+00 3.901937034921731495e+00 3.767657626396706760e+00 3.767428486892256068e+00 3.438994606843362778e+00 3.361784877018626716e+00 3.088696014935692791e+00 2.983956537739806070e+00 2.800221315862045923e+00 2.710963441533394302e+00 2.630600341991721880e+00 2.421030668228249194e+00 2.395687421070871626e+00 2.272664863202505714e+00 2.087053672526102854e+00 1.890503438711695017e+00 1.792006994816080834e+00 1.740775819328190366e+00 1.596966888117276273e+00 1.460033482429922147e+00 1.476001091335553017e+00 1.313272385317183932e+00 1.205392365874979888e+00 1.155232372159549215e+00 1.087171622661466497e+00 1.016427435911766430e+00 9.411412898784937697e-01 8.777035874188378051e-01 8.461747307244162908e-01 7.678044429322218312e-01 7.337117605043439461e-01 6.898517490949063191e-01 6.285191912713286033e-01 5.686162680329597263e-01 5.343146753680151351e-01 4.910287400889845055e-01 4.685500239772464326e-01 4.541101276059729130e-01 3.983269824341008625e-01 3.939545604487446062e-01 3.815931414135724786e-01 3.740449670994442366e-01 3.503676092983004087e-01 4.188244472936595297e-01 4.820686184265294272e-01 5.992690101853895834e-01
8.712947590894032368e-01 1.143687957531442034e+00 1.368896393016060031e+00 1.726265147821280266e+00 1.996249749481052493e+00 2.325832326536439787e+00 2.704965578013958094e+00 3.062935960741081320e+00 3.429098768460617119e+00 3.661577611430387513e+00 4.070485357788260927e+00 4.478953967398726199e+00 4.827802940575233848e+00 5.347502422644248021e+00 5.706041748448678952e+00 5.615986745964262283e+00 5.879807357149874569e+00 6.266361515130592252e+00 6.825378764351687444e+00 7.263253893319780552e+00 7.377968761347570847e+00 7.670120907693979362e+00 7.696817325673510624e+00 8.153145761541649605e+00 8.547213390663793930e+00 8.148680795526200171e+00 8.461780908450094785e+00 8.603522055448964423e+00 8.728498087040858167e+00 8.681774893436422502e+00 8.950004476046229840e+00 9.205323098342084620e+00 9.240117179585404017e+00 9.345733938588690393e+00 9.412763485191916857e+00 9.446599482985803320e+00 9.028919699569401658e+00 9.085786719774025855e+00 9.426305182205929611e+00 9.650802447399634332e+00 9.447575877173672865e+00 9.537734700395921195e+00 9.525661742696819090e+00 9.255427306788872599e+00 8.985039664541295323e+00 9.144483930892047141e+00 9.255540839034845035e+00 9.000834556922665541e+00 8.496683863993220953e+00 8.451116521766035561e+00 8.142744153099997106e+00 8.365802272932079120e+00 8.306066688243332052e+00 8.030006884024778913e+00 8.038973340226219122e+00 7.623337056512105470e+00 7.319953501264578222e+00 7.385670578675250120e+00 6.827657305815087341e+00 7.263519231615117810e+00 7.024102694614691167e+00 6.420814769992210458e+00 6.087881316415307609e+00 6.362827690568384931e+00 6.297336383174608976e+00 5.615548379104724042e+00 5.443185955244540963e+00 5.688503590469636606e+00 5.196297254621248030e+00 4.846476757043848949e+00 4.722751049615625973e+00 4.780411818459788797e+00 4.480886537981531248e+00 4.346421791640731946e+00 4.162881067797084889e+00 3.821239755741183242e+00 3.632103946490281565e+00 3.567081137530511370e+00 3.474831424984411665e+00 3.347504246689795959e+00 3.120595025091612573e+00 3.079277743943431567e+00 2.773923142788739860e+00 2.605954955731451417e+00 2.685068651194464362e+00 2.545551904732401560e+00 2.368972940199591370e+00 2.091157770651629555e+00 1.985627820203035521e+00 2.053526655995335126e+00 1.888919786548951762e+00 1.699148412656367846e+00 1.578676209018067933e+00 1.582591800351962119e+00 1.444403648739430723e+00 1.396099494901654747e+00 1.219550439301716027e+00 1.190950155265199095e+00 1.125606317443197613e+00 1.003259695333125201e+00 9.831640699090651303e-01 9.158503429861737377e-01 8.822521591712785272e-01 7.671764493490540460e-01 7.655606666244432201e-01 7.084280653550129037e-01 6.376137723388247691e-01 6.078989211767734657e-01 5.507054019669277434e-01 5.141426356246896479e-01 4.718899907883975509e-01 4.303199470232869639e-01 4.212712905466506341e-01 4.002145312373046604e-01 3.731766059039414163e-01 3.771069843504625263e-01 3.781553092338393873e-01 4.181270077420038422e-01 5.015708335825125319e-01 6.442154225722326322e-01
8.365738987200959098e-01 1.127928066906001003e+00 1.388495158751115621e+00 1.647148839887632610e+00 2.026871544355276278e+00 2.337204211291961986e+00 2.602233503166690998e+00 2.859558358279564505e+00 3.391295216466818196e+00 3.749721802556595929e+00 3.884063414072548959e+00 4.517800304422538993e+00 4.620946584812290148e+00 5.244978311539320259e+00 5.455229118767915608e+00 5.788985383146378005e+00 6.108697305768695962e+00 6.664731001670197053e+00 6.679134659253190165e+00 6.770747107590287861e+00 7.433817091315869874e+00 7.479916525224370893e+00 7.689694152817745376e+00 7.701619940949324672e+00 7.885300706496143341e+00 8.598359341060394456e+00 8.426435474499289313e+00 8.708842135870696666e+00 8.549598599592714621e+00 9.159160430210439685e+00 8.642467820995314298e+00 8.940970901420199013e+00 8.824765365821173546e+00 9.026387193966531441e+00 9.247890355602153889e+00 8.994916095987388616e+00 9.055122403740664794e+00 8.928556725689958284e+00 9.137850051036835453e+00 9.364933195414808509e+00 9.633536613824780659e+00 8.865216489244314602e+00 8.774308910469102329e+00 8.712550537198305634e+00 8.963126895382032444e+00 9.101205827715222796e+00 8.612799140586206548e+00 8.614703428089727666e+00 8.798629934671808428e+00 8.696262575608573187e+00 8.093376893832457952e+00 8.233306070351204653e+00 8.498040652953477547e+00 8.278072650229022500e+00 8.100643874972529801e+00 7.643919320208827806e+00 7.814983879834719538e+00 7.523887884838062590e+00 7.232615880246712869e+00 6.751753396190046885e+00 7.039868018048517584e+00 6.675400855255082533e+00 6.199827689826096666e+00 6.480598516759811467e+00 6.158722820823980371e+00 6.103270792752329754e+00 5.479506727778747255e+00 5.569310730510343532e+00 5.321049835713130172e+00 4.944576550479674815e+00 4.893906850322234270e+00 4.838843389909657233e+00 4.603415829912354873e+00 4.247838387918848824e+00 4.004305364932372768e+00 4.098440513326219836e+00 3.973296190569465480e+00 3.583831982049221487e+00 3.594511420789194389e+00 3.238515072360508285e+00 3.281599595970651873e+00 3.125784322099115720e+00 3.047980633038412712e+00 2.868967681758238797e+00 2.602172726372822709e+00 2.495425025520431550e+00 2.367131864333096747e+00 2.259076910236964775e+00 2.135363687112848741e+00 2.012411003232769779e+00 1.888922851709603501e+00 1.818442715430145018e+00 1.649200328046440678e+00 1.604666567134781507e+00 1.413861634245595633e+00 1.387915857332335579e+00 1.284929272739607109e+00 1.229547977597480024e+00 1.142010704735826776e+00 1.034971712422187995e+00 1.055009656933177942e+00 9.394910128432181207e-01 8.808237469465840519e-01 8.254757631075022584e-01 7.446412128111615791e-01 7.135127805426465519e-01 6.409081033276681216e-01 6.026958601241481084e-01 5.886334840827348591e-01 5.200288771177913327e-01 5.035391331567345974e-01 4.379915260376477937e-01 4.333396093668256399e-01 4.022937386500552992e-01 4.015551702091474384e-01 3.902301847569916715e-01 3.712002209041257994e-01 4.244523947669031627e-01 4.780899129754350718e-01 6.326324618270535716e-01
8.629632401375240125e-01 1.073017529363371025e+00 1.368125481721542025e+00 1.573048551129853090e+00 1.973739526706969949e+00 2.287918859549071815e+00 2.561950484686555285e+00 2.861684389622285440e+00 3.363194866180531761e+00 3.632209861519595684e+00 3.829385999541393026e+00 4.141761792747305826e+00 4.608593381258978106e+00 5.231614455317910028e+00 5.407837055039939500e+00 5.407739709110382265e+00 5.740798641864057750e+00 6.040116012288859970e+00 6.877734065674801833e+00 6.751400722573155377e+00 7.022632583433947140e+00 7.661686873801841102e+00 7.758130571860706759e+00 7.985401328451087188e+00 7.725351822822781322e+00 8.063852604310822514e+00 8.672731996341983773e+00 8.779545332105881172e+00 8.559074124891397517e+00 8.939636261072998025e+00 8.724843802249635516e+00 9.331775238960487329e+00 9.239288859446489255e+00 8.828351454207748361e+00 9.283185539831135813e+00 9.324219535664742153e+00 9.165917336092139323e+00 9.460255216985791193e+00 8.861549721059891027e+00 9.349469448687903750e+00 9.585313859814498016e+00 9.117891114953453169e+00 8.825638587788221301e+00 9.217309663240502715e+00 8.720262445404854290e+00 9.313154288720786766e+00 8.799651905830650378e+00 9.010231872542247444e+00 8.708038831676784497e+00 8.712350817320873020e+00 8.035959542284725643e+00 8.609396632326284049e+00 8.228466935956964434e+00 8.388890269174481773e+00 7.864922996005234701e+00 7.840991102689685910e+00 7.851488348320404320e+00 7.150511630593933354e+00 7.295751845064123664e+00 7.055288979100999391e+00 6.626790957602497478e+00 6.565387786074212251e+00 6.227786379010547435e+00 6.445021038883899323e+00 6.266001533795875211e+00 6.023524721586135833e+00 5.801784393992550193e+00 5.440089522386575283e+00 5.181538072098847536e+00 5.030761631887301633e+00 5.139924273080755945e+00 4.597692570024021208e+00 4.788576256095613992e+00 4.562123614325303222e+00 4.337159241697634116e+00 3.957312445635426723e+00 3.873426618277316713e+00 3.554787564853657766e+00 3.408805475984402200e+00 3.310460498727677781e+00 3.182370685659061227e+00 3.199305089355354959e+00 2.940853720913409131e+00 2.687420403499882759e+00 2.560290945570930621e+00 2.492198096944682639e+00 2.392782199582629499e+00 2.255841997350013006e+00 2.246722494102017187e+00 1.991808322399560405e+00 1.900687728607002303e+00 1.852592357311051874e+00 1.709369021966433921e+00 1.634596943212293985e+00 1.585081851304285916e+00 1.393658750158602189e+00 1.336396962995103355e+00 1.236440103430856086e+00 1.170068849367165154e+00 1.111574438315434676e+00 1.022485121392483265e+00 9.804578897122819825e-01 9.016850517082591887e-01 8.248914784108963838e-01 8.153545335397293092e-01 7.612163386815410382e-01 6.438725803177034468e-01 6.128280993135867272e-01 6.126511384630427548e-01 5.209831611788655614e-01 4.955222510624914811e-01 4.515526578214180686e-01 4.498247951555303104e-01 4.072390477518302854e-01 4.012435857877373335e-01 3.996481774136945164e-01 3.898679314651849470e-01 4.220898110059658204e-01 5.104877684171511554e-01 6.422728994253986690e-01
8.086915848977548338e-01 1.054296388350645319e+00 1.309548637539161842e+00 1.518272521193076985e+00 1.789468685256520031e+00 2.087550692679351894e+00 2.555565903274796824e+00 2.819808812438411749e+00 3.110130939546541740e+00 3.438242851252018006e+00 3.956901418000382087e+00 4.340016188024103272e+00 4.400562728368570653e+00 4.801399463477311613e+00 5.364178798210589072e+00 5.786596331395760018e+00 5.719983349988609689e+00 6.100221687651210978e+00 6.583054082174811583e+00 6.798991370300872639e+00 7.099264359114870082e+00 7.360335884309188614e+00 7.345828847324085586e+00 8.052553218088242204e+00 7.859052317239220820e+00 8.151768181659631907e+00 8.726602361642648020e+00 8.793176436735009815e+00 8.927294754557806300e+00 8.835880036451998265e+00 8.803384484337694715e+00 9.377218072069814170e+00 9.414177492363055677e+00 9.029043328425993664e+00 8.807991341858414813e+00 8.982279713965237278e+00 9.187918156174962547e+00 8.918540976041953172e+00 8.930311586957506265e+00 9.390490954858924155e+00 8.930364191401949370e+00 9.473401419987366623e+00 9.443754769796813164e+00 9.138146593253194894e+00 9.239257630858951131e+00 9.420258591941223614e+00 9.015619029890681091e+00 8.558223814648057370e+00 8.896541828853646194e+00 8.647316865087589122e+00 8.778783198542926769e+00 7.938839941777724007e+00 7.915796220208254574e+00 8.215913202015540762e+00 8.227511936192742681e+00 7.683891936313820281e+00 7.690340303353849549e+00 7.372339222597807051e+00 6.885157981247323811e+00 6.925712976778646279e+00 6.744923466024425274e+00 6.874449353682694941e+00 6.273894305410244066e+00 6.539327246608077182e+00 5.897245632059773257e+00 6.000368224406479101e+00 5.635545691885348596e+00 5.466108683376861066e+00 5.197742439294251504e+00 4.976892074073502314e+00 5.112081150094133442e+00 4.759041133855795636e+00 4.594339738194951117e+00 4.301392590902682223e+00 4.427542675709201347e+00 3.936408705741607061e+00 4.047662503960752112e+00 3.699437801692417427e+00 3.750143827474103464e+00 3.353754309716117987e+00 3.457839694638320083e+00 3.158303808272218571e+00 3.021198601911438075e+00 2.910142555303876222e+00 2.779464123628302641e+00 2.499206872940482604e+00 2.398295724856968292e+00 2.391208463562638276e+00 2.231931047920672651e+00 2.067154589626753580e+00 2.010890560638773472e+00 1.875746514143785459e+00 1.726065502105665228e+00 1.584563007959051806e+00 1.575514459770263720e+00 1.507390045879458240e+00 1.368780424960450492e+00 1.284323022417969362e+00 1.195821522829758843e+00 1.115130492724708544e+00 1.026118853085499216e+00 9.622596002752823452e-01 9.624695425683810202e-01 8.681028336923281019e-01 7.768714627659853988e-01 7.534196638695914716e-01 7.176474131653318711e-01 6.597918064961602047e-01 5.929813264643679638e-01 5.757793780766050640e-01 5.418815338334481702e-01 4.639668629782909282e-01 4.633526973539659477e-01 4.403956339674601761e-01 3.883183209743445996e-01 4.104704081960323103e-01 3.943883972833701623e-01 4.100646294805861958e-01 4.811038236784983546e-01 6.055433951527741110e-01
8.369427624017635736e-01 1.009288368230641719e+00 1.284051877441751088e+00 1.581605609928336431e+00 1.913581489994277574e+00 2.146509306388891591e+00 2.419667571117145588e+00 2.812941105079658666e+00 3.055387547693794836e+00 3.491208358247308574e+00 3.878892912149705996e+00 4.004459847447114029e+00 4.365741000958107243e+00 4.749322952927715669e+00 5.022620762540326744e+00 5.544821064293849133e+00 6.114690334354537349e+00 6.325682266118912267e+00 6.611468728960034902e+00 6.558684393183375150e+00 6.960775300821986811e+00 7.174480552324556726e+00 7.774222445913345325e+00 7.942213800937006241e+00 8.290325622932238403e+00 8.155611603349052885e+00 8.703360836302749703e+00 8.370048838656330759e+00 8.725526897772764912e+00 9.137398470675114126e+00 8.865449154200618409e+00 8.691553734459581904e+00 9.105832571543858833e+00 9.219121924187794193e+00 9.354808204672492522e+00 9.361869483279644300e+00 9.238232194780243489e+00 8.894765772019908923e+00 9.739113584349290420e+00 9.292304690485154950e+00 9.556002017200199816e+00 9.023007638294645361e+00 9.160497658600279536e+00 9.103074338361009765e+00 9.270879551338431668e+00 9.360068147557024432e+00 8.505987309418575393e+00 8.487112664591279554e+00 8.889316559856007771e+00 8.769738777073932567e+00 8.442621368332723364e+00 8.018049119056763985e+00 8.226344804346965134e+00 8.050833828410027593e+00 8.303918072899568514e+00 7.943323568638490428e+00 7.443183637075491355e+00 7.614819752347322890e+00 7.384386216876533737e+00 7.403982546301961953e+00 7.119623934159200473e+00 6.722992619671122938e+00 6.368478996888398136e+00 6.673101634492419443e+00 6.093407924114818464e+00 6.241407495752524959e+00 5.922188775325107457e+00 5.406093798727790833e+00 5.427751042565521544e+00 5.117869551087234292e+00 5.099897055317534011e+00 5.022920596852839203e+00 4.738385519208621943e+00 4.684636369858039551e+00 4.253231486175617526e+00 4.010011275900461136e+00 3.842901326742814483e+00 3.867441575450397018e+00 3.662116664448932468e+00 3.589051086524110090e+00 3.444669722783275212e+00 3.214249783368769098e+00 3.081808018294563301e+00 2.749449224362921385e+00 2.755791817880231420e+00 2.573418583282585548e+00 2.478738283142428944e+00 2.408372330232086966e+00 2.239914325739098544e+00 2.110312139855743840e+00 1.904279273295286901e+00 1.819364015136190948e+00 1.800506486988328270e+00 1.630856233651082343e+00 1.604273163750892683e+00 1.442441646118484133e+00 1.455120913976031494e+00 1.240379584183947781e+00 1.172136214571320556e+00 1.089752177207481632e+00 1.037011263177846754e+00 1.038161045091829271e+00 9.183277644770617698e-01 8.352262577532035825e-01 8.216584659444783334e-01 7.379223980936111538e-01 7.442608445034892828e-01 6.653509128867154399e-01 5.927544483295065225e-01 5.595804928003164092e-01 5.066983040805533856e-01 5.138623361157748093e-01 4.547613470500430632e-01 4.517125699762183366e-01 4.271528173205484391e-01 3.874422436794349722e-01 3.884567454163386224e-01 4.379207873537410145e-01 5.200287805642733741e-01 6.228314890025107298e-01
8.389919243483243694e-01 1.032592295520516235e+00 1.296773553533682843e+00 1.556002523784126401e+00 1.795220037898778154e+00 2.049100907417859219e+00 2.354581065927279226e+00 2.750262935228388717e+00 2.935613686023170743e+00 3.441763503430391502e+00 3.819778130543435513e+00 3.963740102356219541e+00 4.453799209592632202e+00 4.856127364330469653e+00 5.352981082514178368e+00 5.425665298041353779e+00 5.962302459364926754e+00 6.191597731864786347e+00 6.304252587638576877e+00 6.852079510594407452e+00 7.170443042731898586e+00 7.081730524782178904e+00 7.142494066918374962e+00 7.350040202505729425e+00 7.878703074116359062e+00 8.427157596601325906e+00 8.314460529162740698e+00 8.660501168937312144e+00 8.856293633567547730e+00 9.106487320883415393e+00 8.468666710478768067e+00 9.162514581390304613e+00 9.181575976647351922e+00 9.220282006147725085e+00 9.443700175817161480e+00 8.944287906154452017e+00 9.628243240304970030e+00 8.818856238676033854e+00 8.829236932914302116e+00 9.046297835889530958e+00 9.505304130493748005e+00 8.770212200221301657e+00 9.180462566598430740e+00 9.527604703310387890e+00 9.131802285227966109e+00 8.736673271989703338e+00 9.236787608255383475e+00 9.108526220778516702e+00 8.485662566625304493e+00 8.891658964882902083e+00 8.220442413505795187e+00 8.516537060072279175e+00 8.128439312904538028e+00 8.314854424443620218e+00 7.622601543270027591e+00 7.745880020165411217e+00 7.387196779742610353e+00 7.346160213984719078e+00 7.372588859515968096e+00 7.169095933353326622e+00 6.757784907491538817e+00 6.947646575391072332e+00 6.880966258365929455e+00 6.707019499338996660e+00 6.179493335641963903e+00 5.749860106664145043e+00 6.104165792226502241e+00 5.942213547377693139e+00 5.627982190459714040e+00 5.347768639055337836e+00 4.957054862312022969e+00 4.735024594979764245e+00 4.929431372767849595e+00 4.536094604843643907e+00 4.565911754926706756e+00 4.255276799112262864e+00 4.108695594672813201e+00 3.724294171098434081e+00 3.580505407142986485e+00 3.588894991832405790e+00 3.477756618352430884e+00 3.323564870923245262e+00 3.150909167018151269e+00 2.833428277661369510e+00 2.689774857779697825e+00 2.681732513590925127e+00 2.390269582202900978e+00 2.351883981132444124e+00 2.156212019042502703e+00 2.105643780321049707e+00 1.926597156091346852e+00 1.890683091753990075e+00 1.772202726106156589e+00 1.719018750648278138e+00 1.638364049325705896e+00 1.569081907141155696e+00 1.374662706223845010e+00 1.287399918077856587e+00 1.270140919996988194e+00 1.180900255944331123e+00 1.054741737923095446e+00 1.014052879834218102e+00 9.138172225171248275e-01 8.551123600049428397e-01 7.980189138370198387e-01 7.957394709104061992e-01 7.228450811179814028e-01 6.908743621371122856e-01 6.297935240858082429e-01 6.158979480428030673e-01 5.484579056871097258e-01 4.846667403833582743e-01 4.927492741335453563e-01 4.524264583860886924e-01 4.205284171696735407e-01 4.126523252563658595e-01 4.155555397753578628e-01 4.360717291861734846e-01 5.018514365710224912e-01 5.985139084372735896e-01
8.361567695901394037e-01 1.075347778669975884e+00 1.255244047059363321e+00 1.532573620238313117e+00 1.719813937978952101e+00 1.993207693300357741e+00 2.379034975547954733e+00 2.671077200266229301e+00 2.973791852470995867e+00 3.277892786700625560e+00 3.832443661502169974e+00 4.030694929757910216e+00 4.202340425614110586e+00 4.587972761939082211e+00 5.164859155194528206e+00 5.143878799999751728e+00 5.643960009929616106e+00 6.235244328430054495e+00 6.339811500802676747e+00 6.764344015266939181e+00 7.115117885801192976e+00 7.403239244209923520e+00 7.590411102759065720e+00 7.912509921039056593e+00 7.855169294982612627e+00 8.026942153570052696e+00 8.615051362947280467e+00 8.014204755205488695e+00 8.469329549269573931e+00 8.464927723317163810e+00 8.591961963468541796e+00 9.139048590548350504e+00 9.022743454111591177e+00 9.164813531915037004e+00 8.898058233143043338e+00 8.968094896233699487e+00 9.565830220786391891e+00 9.549401175651187401e+00 9.459048489538231408e+00 9.457914228211359742e+00 9.620846453941531706e+00 8.825697966938180983e+00 8.827915451058290230e+00 9.077911696866635793e+00 9.117273213583775515e+00 8.584779497908057166e+00 8.911030090555856376e+00 8.646534666046530759e+00 8.459507737812058892e+00 8.995335760091155208e+00 8.141225169538500950e+00 8.274568705416173842e+00 7.851921107591479654e+00 8.346061599185038204e+00 8.339226049163844579e+00 7.896820074493773767e+00 7.474685890485450734e+00 7.353381796965075878e+00 7.370828151870004952e+00 6.833765348826259078e+00 7.028246323292827391e+00 6.788186506554425570e+00 6.780319274598522128e+00 6.640101122992486005e+00 6.314711236917261772e+00 5.787660464173742803e+00 6.015071625428419111e+00 5.572128710342392210e+00 5.520980930493885275e+00 5.576678035039345893e+00 5.101823896930953950e+00 5.002355238654382141e+00 4.919384037674851662e+00 4.416433242390522373e+00 4.533057691856880567e+00 4.454512691855509132e+00 3.880596477949654233e+00 4.021989815939118529e+00 3.645330027232105419e+00 3.684187941756938311e+00 3.388910683820362202e+00 3.297243624793523953e+00 2.961624150764548435e+00 3.013015312778339894e+00 2.862398188186008330e+00 2.776069553128968970e+00 2.502753774654319141e+00 2.303059111577410167e+00 2.204800588585069665e+00 2.220441218695198060e+00 2.039627993682398888e+00 1.992718897112260690e+00 1.901917963387150357e+00 1.762664704501080593e+00 1.555795813699009766e+00 1.549433614443486817e+00 1.385344332776794696e+00 1.329268297819172551e+00 1.311797019255180663e+00 1.215497251651727062e+00 1.160862720763174760e+00 1.005982981678191335e+00 9.480094693664762318e-01 9.206664827698245457e-01 8.529088527276791343e-01 7.585581688332075911e-01 7.168859507499341088e-01 6.790782657815975787e-01 6.512560231415036593e-01 5.811373434334744514e-01 5.842437616380781185e-01 5.330711418611552288e-01 4.834766977649636588e-01 4.460672007265791827e-01 4.295841283043788095e-01 4.361046327451403859e-01 4.323074675897936592e-01 4.314675632767007718e-01 4.877265120514254759e-01 6.358392090466565838e-01
8.008921082769377975e-01 9.960382203079692909e-01 1.228696868369658191e+00 1.463724856666307472e+00 1.688433001579597859e+00 1.953624989596764339e+00 2.279610237511372706e+00 2.613340430148091809e+00 2.924790879777748209e+00 3.162470086932205326e+00 3.781663461417511307e+00 3.890992237400323184e+00 4.399609462267498827e+00 4.739014993957544775e+00 5.041520619711882034e+00 5.340863581863406040e+00 5.370421157275805157e+00 5.622973411276190880e+00 6.101448879243660528e+00 6.285995244117633440e+00 7.040018554773071813e+00 6.913200988845626505e+00 7.279485090591001573e+00 7.494649747777631710e+00 7.444694960516716975e+00 8.247585189153284091e+00 8.365244060548054250e+00 8.008705550787311722e+00 8.441320563297663782e+00 9.010933200709354551e+00 8.525581308824165205e+00 8.428818214931045105e+00 8.895366548682101637e+00 8.668061082751576052e+00 9.433536589773135361e+00 8.698896371796989158e+00 9.411091315442300598e+00 9.255809370784612966e+00 8.975085650168523443e+00 9.393454078159997778e+00 9.681745882073444776e+00 9.010962231755405227e+00 8.906813804140918833e+00 9.394987000001380650e+00 9.182143917402150635e+00 8.566701264061634902e+00 8.675177756568503540e+00 8.968613059973430168e+00 8.741601792376304303e+00 8.807630425812485342e+00 8.737292441678370380e+00 8.183925075581431230e+00 8.367105050182367165e+00 8.148477326411477151e+00 7.598971156276280503e+00 7.908698446047346842e+00 7.911841831782399304e+00 7.420338349074399709e+00 7.507667738810458680e+00 7.093708639565948992e+00 6.815168219392788274e+00 7.026268037799360044e+00 6.578863295288293500e+00 6.187465124092578428e+00 6.111754330543906377e+00 5.824175402224936349e+00 5.685965813228906818e+00 5.677787982260887212e+00 5.801389317898689946e+00 5.453063740172426677e+00 5.376676095568358349e+00 5.241912737884930173e+00 4.768255575662502466e+00 4.425634859904370444e+00 4.371173597383219978e+00 4.409524723383534628e+00 4.252930872039886623e+00 4.128181964388720537e+00 3.929627061481887118e+00 3.781475162333286288e+00 3.596651601154425393e+00 3.430336325189457636e+00 3.169468622814562764e+00 2.880901021990854627e+00 2.727935124713241954e+00 2.742561268387065265e+00 2.529593429532643434e+00 2.378032269400064624e+00 2.267206926807319611e+00 2.234737527081316788e+00 2.135265912748719241e+00 1.929507581890151258e+00 1.802229711785430233e+00 1.806933959353544283e+00 1.648760132983676296e+00 1.528526324105396572e+00 1.410994261953092410e+00 1.328833854207966514e+00 1.265234938309665269e+00 1.178015730474843759e+00 1.160366186786851550e+00 1.117009593965055059e+00 9.568566859257230384e-01 9.589124787234114544e-01 8.586292144654535941e-01 7.780450667596031655e-01 7.497622805341062069e-01 7.023604401514154105e-01 6.484919243448440396e-01 6.435313066078431898e-01 5.719323448505461149e-01 5.185924903387820750e-01 4.821512111401894396e-01 4.734164388682254865e-01 4.374775700554009439e-01 4.483990413338850844e-01 4.447355768215185412e-01 4.654682802624823257e-01 5.074333331550018311e-01 6.198679035266326798e-01
8.075259482649710385e-01 1.023261855469516535e+00 1.264838250073135884e+00 1.507838581448085469e+00 1.679414116452344174e+00 1.975345142581289126e+00 2.182346089824493074e+00 2.634704607594161363e+00 2.765747827553417082e+00 3.312964563920986372e+00 3.580235603732547567e+00 4.011429452394547290e+00 4.094217940491628127e+00 4.726812795421214908e+00 4.665017996072386097e+00 5.241463771960192197e+00 5.332951546262219011e+00 5.594950276999219874e+00 6.360473106553876654e+00 6.376879475661462848e+00 6.658772905017035448e+00 7.099951834811982110e+00 7.326316316842258480e+00 7.277927638905725694e+00 7.814181195146165493e+00 7.544882033027259460e+00 8.408212292678747701e+00 8.317566181429819849e+00 8.012351685263283230e+00 8.869010658694230997e+00 8.700507808440930191e+00 9.172230919670743887e+00 9.348397322642160390e+00 8.998503928601072843e+00 9.286680507345264957e+00 8.867104253629298327e+00 9.156965911055424456e+00 9.304931970254077811e+00 9.262431134062989457e+00 9.353721154291800843e+00 9.537348046666357604e+00 8.740852549577542874e+00 8.892817977665679052e+00 9.426043020479653478e+00 9.082581198446924020e+00 8.830191018773106748e+00 8.531095685929432904e+00 8.793080660635339996e+00 8.858590770187232621e+00 8.339131556016102564e+00 8.768507668818232403e+00 8.070422865533053880e+00 7.904049851772927404e+00 7.929662299506457401e+00 8.361589820940759310e+00 7.797552373446831275e+00 7.920619013380214568e+00 7.400947009480835170e+00 7.442171639026144980e+00 6.993006816138096937e+00 7.199133978474215212e+00 6.569695603763269887e+00 6.592317854572867120e+00 6.369021025549558956e+00 6.216151367717548837e+00 5.969268485576154859e+00 5.939748623212722123e+00 5.503705087801399110e+00 5.501709765859212453e+00 5.472920091798756381e+00 5.466026408434311534e+00 5.112755653877232298e+00 4.808293973085612905e+00 4.669457584209218304e+00 4.571583513424437584e+00 4.274261328449846076e+00 4.217376727480195875e+00 3.922319863658209282e+00 3.985068597040273719e+00 3.491743925331393772e+00 3.509343745683223048e+00 3.490774262253818705e+00 3.299522203308733026e+00 3.114556545245124042e+00 2.816888165981776382e+00 2.822181007336872050e+00 2.570271618257899515e+00 2.414050636464720512e+00 2.404075884990861223e+00 2.276537691190040125e+00 2.192897817251577841e+00 1.958201473583402796e+00 1.924438989563036939e+00 1.702099237493251538e+00 1.639780415853311579e+00 1.529207354084179071e+00 1.430391592362097120e+00 1.412661573451114982e+00 1.353000775004465916e+00 1.276201438281332701e+00 1.187673228529140701e+00 1.122789468157082027e+00 1.033296349409054127e+00 9.662037614198839552e-01 9.329365689142770091e-01 8.380432679001750262e-01 7.468564863260505060e-01 7.550257353076297306e-01 6.730588791119910264e-01 6.461811874578201609e-01 6.138759022718051073e-01 5.629582517454959634e-01 5.235530784526308823e-01 4.814142946489340935e-01 4.574692951210401759e-01 4.566326370403668844e-01 4.596980479745349513e-01 4.839527816135049121e-01 5.131809432596380338e-01 6.043723332274977267e-01
8.197125156725008077e-01 1.023684640895452524e+00 1.250437134262686101e+00 1.385833809780657067e+00 1.776555102154350863e+00 1.958869200403479116e+00 2.311030118504416198e+00 2.441621729842040178e+00 2.765149131689842665e+00 3.254992688436840531e+00 3.527666965118164022e+00 3.658549066052654730e+00 4.278266440482975774e+00 4.588041057042091531e+00 4.725699953606299353e+00 5.080669615501714809e+00 5.534739658400143369e+00 5.708323874694248623e+00 6.251651341751194302e+00 6.100273085773494586e+00 6.401997486448848029e+00 6.715813102643307886e+00 7.092709164281962408e+00 7.130265028605397681e+00 7.459533174873692829e+00 7.982392949757454836e+00 7.744769578800491772e+00 8.223645015182736273e+00 8.226822189437930533e+00 8.884163132709568700e+00 8.415730096274378624e+00 8.799208647265821526e+00 9.139688178293434717e+00 9.016250319503548383e+00 8.791462682126020667e+00 9.393698783663639418e+00 8.858528568595625430e+00 8.816276218471713833e+00 9.514692440201132584e+00 9.140299242144026337e+00 9.513541336002026227e+00 8.989536946293238628e+00 9.353528585393339867e+00 9.058334802625884308e+00 8.875263187745639826e+00 9.142818570679432710e+00 9.138767230014730458e+00 8.641782302273156802e+00 8.545327363466542536e+00 8.481024163500084256e+00 8.349437303274054756e+00 8.511453527958549259e+00 8.260035718774915381e+00 7.967292373228045399e+00 8.273112456922149249e+00 7.727891664731981081e+00 7.368453518409732617e+00 7.308504233894572266e+00 7.049581250279171485e+00 7.430061832117773157e+00 7.265175253809562861e+00 6.918933938993440336e+00 6.802903501961387711e+00 6.799088331305350508e+00 6.179274502540666347e+00 5.966050876418123927e+00 5.914917908901546895e+00 5.634469301128869567e+00 5.482401827771451686e+00 5.324120770687807536e+00 5.133943259778480872e+00 5.212323549070239537e+00 4.698756578485461688e+00 4.501346095441226325e+00 4.355997437405989992e+00 4.337434939752647267e+00 4.307803837256614976e+00 3.974541713704592194e+00 4.053493984871606948e+00 3.801996858982209737e+00 3.522561930999868363e+00 3.282555797672464859e+00 3.212256438695453742e+00 3.118971718825456207e+00 3.048504616051267657e+00 2.713863034857602052e+00 2.585310977846907665e+00 2.488901649717245590e+00 2.404179685966207014e+00 2.202046361621567083e+00 2.114989604824045522e+00 1.967657783578853126e+00 2.004673094410621914e+00 1.826033050873198338e+00 1.681905599978761989e+00 1.653188823750750824e+00 1.461986500840374514e+00 1.444337477130109848e+00 1.380363277937405542e+00 1.313202603276653058e+00 1.186638360922348978e+00 1.080593859274103785e+00 1.066978572453415985e+00 9.647978075642352769e-01 9.112011588955134522e-01 8.928757695894024016e-01 7.814875967370761289e-01 7.784166433604843283e-01 6.688950920308255332e-01 6.193173564252977270e-01 5.860543308223550296e-01 5.710711220055415538e-01 5.115832721191639898e-01 4.730749984733190194e-01 4.521953094112268201e-01 4.426952730460672614e-01 4.630351210791939232e-01 4.853287588933823393e-01 5.427667061397207782e-01 6.548867274858716225e-01
8.232244480989003854e-01 1.039065936726235373e+00 1.225135288092242591e+00 1.460505270270395117e+00 1.704078715813608369e+00 1.894686854948930410e+00 2.203923978593149258e+00 2.609995116107065805e+00 2.732578740505632098e+00 3.206690724623130873e+00 3.578432868551953749e+00 3.614468936165822210e+00 4.046359747003969609e+00 4.200189370910619502e+00 4.728945217146081959e+00 4.859984291252566813e+00 5.195081510924483226e+00 5.461503044975857257e+00 5.707045616272864663e+00 6.139671672290697657e+00 6.609257091895655911e+00 7.072406873694369267e+00 6.881070868005365604e+00 7.546970147742444901e+00 7.639364865835582386e+00 7.445757803135726327e+00 8.318208420351833610e+00 8.239628800379479756e+00 8.461680925969472966e+00 8.855039063379381403e+00 8.481250895789873567e+00 9.057073179294080845e+00 8.742130063866429879e+00 9.182391676516450829e+00 8.737637536772899338e+00 9.316273886643012148e+00 9.522876401590758988e+00 9.341903560259416039e+00 9.066583750144085130e+00 9.026866489508664770e+00 9.076070237258150541e+00 9.243264571743052826e+00 9.139910078228540513e+00 9.499588251867256972e+00 8.856280937144509480e+00 9.398627317689435046e+00 8.687630575238960873e+00 9.042327427314608812e+00 8.429778977069654289e+00 8.332066188507342375e+00 8.133174977348907930e+00 8.243274582347630997e+00 8.319884872652934860e+00 7.886172299796743168e+00 8.132412192215387137e+00 7.942820571419276554e+00 7.852790589937433730e+00 7.798766162906737520e+00 7.437174397669119585e+00 7.518078541631450840e+00 7.288160032538827160e+00 6.602900428945152278e+00 6.785102678538980747e+00 6.714586204318209184e+00 6.213278583339224781e+00 6.415065419765880961e+00 6.235787892415914691e+00 5.954239407342889479e+00 5.507609085015753969e+00 5.659008635886651817e+00 5.197563306137769068e+00 5.012891189237048017e+00 5.019237097811044990e+00 4.753615207102712681e+00 4.424181633428580618e+00 4.635825833170258647e+00 4.318848019860102916e+00 4.152099545559561733e+00 4.062857439696483830e+00 3.726155146623843173e+00 3.711053168078060516e+00 3.377045843008375403e+00 3.322845735191616967e+00 3.271819202406446081e+00 2.937208869834728731e+00 2.840199964028088608e+00 2.629835691166046541e+00 2.527148493255137129e+00 2.512158916281349796e+00 2.214659894573406618e+00 2.264531990168737963e+00 2.035001702333151474e+00 1.997205118955714731e+00 1.940183433870694696e+00 1.694382133223627962e+00 1.632976229539518487e+00 1.592061509272068243e+00 1.524108996731646126e+00 1.357079053561023763e+00 1.326480503480295337e+00 1.159569354943783326e+00 1.168707373509611180e+00 1.093338860064786422e+00 1.037413217568057267e+00 8.950783184337135490e-01 8.509767019013818601e-01 8.068342895866547071e-01 7.670156744169753793e-01 6.781358490143537532e-01 6.766465482620593885e-01 6.141117794047227241e-01 5.956815417935069634e-01 5.342542892855584036e-01 5.242946871758379368e-01 5.013023899884675449e-01 4.510581156445189754e-01 4.449006087303865598e-01 4.888975315437383840e-01 5.066831605588596465e-01 6.405465432183130581e-01
8.333941325242373299e-01 9.855202191849016247e-01 1.244856744615592481e+00 1.426444718760825570e+00 1.605712549318574656e+00 1.938682797431450000e+00 2.242104766702699425e+00 2.486795186478210962e+00 2.863278998690062416e+00 3.065936326247286736e+00 3.322531958577437994e+00 3.797723542104082473e+00 4.208119611459297360e+00 4.184972240984972558e+00 4.670432224298151525e+00 5.076872259179735281e+00 5.166192951646799258e+00 5.513105521734877001e+00 6.051152779408225157e+00 6.032628157358097098e+00 6.287797591287184851e+00 7.013730857150312303e+00 7.166305494464037196e+00 7.016803004904244467e+00 7.797000749232914529e+00 7.811166155114587895e+00 8.234830445936735188e+00 8.282165937130756106e+00 8.651106261774188511e+00 8.478190895725832732e+00 8.659325524507293537e+00 8.961027854266816917e+00 8.791361318817950021e+00 8.715880021872601802e+00 8.793185421553904035e+00 8.788204929257139142e+00 9.087587112118487909e+00 9.546482487213406642e+00 8.904918794721309538e+00 8.853945058008219959e+00 9.195704687889781681e+00 8.998002912972880907e+00 8.808199878800046179e+00 8.733479802974429163e+00 9.190792670863654479e+00 9.317009990183839463e+00 8.958609975685583038e+00 9.158869535634883263e+00 8.895436602669633430e+00 8.585291052504286924e+00 8.471647958443654147e+00 8.298008480747899540e+00 8.446342180851846848e+00 8.583265935538557656e+00 8.134955637505932202e+00 7.730076847387448602e+00 7.767707922267271137e+00 7.425307560630895587e+00 7.369203364842189963e+00 7.325167799924042100e+00 7.394173821500122479e+00 7.306885146970275358e+00 6.853383576347625628e+00 6.711307328498989477e+00 6.629901154109663963e+00 6.429306492169154730e+00 5.864087557762531766e+00 6.122938979290707628e+00 5.808879099649160160e+00 5.543379437646760444e+00 5.466603277557267049e+00 4.954363303664064411e+00 5.064908902719314376e+00 4.637487725420892382e+00 4.496595484038658164e+00 4.519472797067339620e+00 4.231122958015848035e+00 4.101037162982374973e+00 3.980182658782291938e+00 3.599332980818673811e+00 3.749715789162190838e+00 3.525543303417639773e+00 3.245019375233084258e+00 3.144327197082020131e+00 3.096084283953661309e+00 2.884483898735184404e+00 2.703591673421704922e+00 2.579474312824947546e+00 2.539706234671162743e+00 2.334534900894772225e+00 2.173966604892474397e+00 2.115358777867824447e+00 1.962359188235113683e+00 1.958320521326248231e+00 1.759769660146375259e+00 1.719761341819098677e+00 1.522631827317657338e+00 1.451780553105076033e+00 1.339992315826699976e+00 1.372066304707801887e+00 1.279698826936145561e+00 1.112400701636744760e+00 1.121398152603374276e+00 1.001999849325846847e+00 9.224550396437555255e-01 8.680126778948603627e-01 8.181839026613387800e-01 7.678098023903809910e-01 7.591530797045409340e-01 6.996455494532531905e-01 6.166418324110285454e-01 5.849226689479554153e-01 5.779438179358358241e-01 5.010169045333795479e-01 4.914392930627846656e-01 4.624099724019154478e-01 4.728771626287717744e-01 4.729500090153641034e-01 5.368858021517055601e-01 6.555054827635494741e-01
8.388431119658804613e-01 1.010927716143893207e+00 1.158632486308085907e+00 1.349373589734033985e+00 1.647196351841023976e+00 1.954182561972047649e+00 2.192842185815716771e+00 2.533040350934796958e+00 2.637731320388845280e+00 3.129663319875404692e+00 3.365293770000592044e+00 3.637456015613782956e+00 4.135520300067458521e+00 4.473502238225089300e+00 4.420404819828445575e+00 4.828317972143150172e+00 5.071176129294335588e+00 5.361360028573375125e+00 6.069053345059584714e+00 6.000152626318784321e+00 6.662849079434578492e+00 6.773572966965629938e+00 6.835128618592258398e+00 7.238630105004221882e+00 7.229760903993142307e+00 7.817209563959291785e+00 7.925069252037996392e+00 8.073178213574056628e+00 8.366359071304025008e+00 8.438919048147944579e+00 8.876227257992630015e+00 9.022184103748561057e+00 8.473266519452385737e+00 8.888709462381628512e+00 9.048761148159016443e+00 9.231652039979595159e+00 9.095443797569632949e+00 9.257463025543200885e+00 9.261348335786321329e+00 8.880456143542122760e+00 9.185628761176754864e+00 9.461374063744198537e+00 9.044119106991704626e+00 9.211391400746959945e+00 9.362118038921671825e+00 9.135779274465335220e+00 8.883456890666280970e+00 8.817022743699277854e+00 8.500342690249050648e+00 8.336849376333557160e+00 8.979763643462812084e+00 8.182715769127796079e+00 8.036835755763156897e+00 7.905509205910757231e+00 8.423671459320475563e+00 8.249002811196112006e+00 8.114223678398252204e+00 7.577165975753522353e+00 7.701664616623514981e+00 7.011159132162000596e+00 7.176898938856848709e+00 7.000344900072786203e+00 7.105213429200117226e+00 6.765880717526564503e+00 6.474594948674183392e+00 6.242897207809732230e+00 5.929655389813011546e+00 5.947470335396458196e+00 6.049166583710523959e+00 5.583635044402914360e+00 5.620194660391002017e+00 5.257570096333973986e+00 5.209034004594723655e+00 4.728281836979800978e+00 4.651475474949431366e+00 4.287527876604324106e+00 4.396402724838007536e+00 4.256234010447522920e+00 4.028322393622754127e+00 3.809199265907628362e+00 3.637899858459222813e+00 3.358285586604150996e+00 3.392509429904056795e+00 3.228082850529137016e+00 3.010414108187300375e+00 2.887635155137457499e+00 2.720571715770280452e+00 2.526356911799087168e+00 2.379296117830949076e+00 2.381814291936810157e+00 2.182972024920348808e+00 2.153558017110153155e+00 1.999087899861029527e+00 1.904080904407065677e+00 1.866804656449228439e+00 1.713937208701485693e+00 1.572249729821308506e+00 1.585214121449446179e+00 1.486671381241906786e+00 1.356046499030390207e+00 1.270563370137435255e+00 1.197469833193703037e+00 1.152895660441237702e+00 1.002013695246054770e+00 1.019993072956300484e+00 8.798043019561310185e-01 8.491657905601184275e-01 7.645278447512854347e-01 7.582033556481941883e-01 6.940342507191475940e-01 6.171442425008786259e-01 6.253374159191427140e-01 5.634163165815843088e-01 5.316672715290928775e-01 4.865553417337520892e-01 4.924901781758462826e-01 5.037977181980392016e-01 4.947802178430970033e-01 5.350647412928333235e-01 6.692356679797277774e-01
7.688082298704658202e-01 1.013215197768481790e+00 1.144251759846746985e+00 1.343517212377379533e+00 1.545402231529789283e+00 1.782108128550974113e+00 2.052285665804720161e+00 2.480657989698235255e+00 2.773022130798024065e+00 2.923156537227993734e+00 3.339076310930699787e+00 3.689457402008322617e+00 3.907721076828937878e+00 4.201633313197905117e+00 4.715536828167858019e+00 5.047235532011681514e+00 4.938346294412585102e+00 5.483770474410555984e+00 6.006986162847950617e+00 6.284392961973845892e+00 6.402569360565421697e+00 6.460689142750356773e+00 6.561487224910974803e+00 6.911840785061307280e+00 7.308112694968614598e+00 7.701923033807140939e+00 7.746525060583730138e+00 7.560371758318021662e+00 7.778180306873187178e+00 8.328026137896459957e+00 8.102276052350356750e+00 8.343545580045420351e+00 8.757620362456613350e+00 8.962080341484037760e+00 8.941800569751709560e+00 9.141527740288299952e+00 8.869644703612795666e+00 9.070726630249451361e+00 8.700757285371308214e+00 8.935130438778873696e+00 9.306395075600061517e+00 9.280348603467301061e+00 9.289365329018604456e+00 9.429874349234760089e+00 9.449540606083262517e+00 8.755160700854322187e+00 9.264905576626556893e+00 8.887183074898841184e+00 8.425990732501192682e+00 8.695202903964062813e+00 8.726537365066219465e+00 8.198850337534192789e+00 8.527948761454004156e+00 8.599382585748912788e+00 7.747339840649641651e+00 7.879648672064308634e+00 8.040902474957919210e+00 7.640197399678313239e+00 7.647248609109098538e+00 7.196800475409224518e+00 7.387844624189598974e+00 7.333125071553742380e+00 6.712834907581451738e+00 6.450792013777337353e+00 6.395291384446528227e+00 6.388708517831872769e+00 6.028937213914042026e+00 6.061923648506723161e+00 5.544884140296288066e+00 5.456544634079395273e+00 5.504747574804349064e+00 5.480125776696327833e+00 5.247543554191716808e+00 4.785894108646941980e+00 4.578349494901837069e+00 4.557025414638946614e+00 4.446425122966840782e+00 4.256964589851342851e+00 4.007345308465412259e+00 3.940948826064091914e+00 3.624025527406813829e+00 3.664695882228985901e+00 3.318064684271616382e+00 3.142014882095875539e+00 3.173237404338315581e+00 3.073225487645313780e+00 2.811926104626238043e+00 2.596856871990898874e+00 2.607921390275615092e+00 2.344584495261233581e+00 2.237528951844576675e+00 2.197777514314926961e+00 2.022323079263165013e+00 1.991654731518624821e+00 1.825682727438735942e+00 1.701249997563484051e+00 1.561272767310065923e+00 1.575508333915569992e+00 1.439892877394863824e+00 1.398204429680920402e+00 1.342246145750716213e+00 1.225057396692753597e+00 1.139909886535881656e+00 1.024334828055382784e+00 9.826360537616541935e-01 8.872916892927894539e-01 8.797505710446941185e-01 7.929101211296164520e-01 7.954688201951878312e-01 7.417359622499576366e-01 6.722194910595344908e-01 6.393873374202753146e-01 6.006000997536644626e-01 5.236289321987155354e-01 5.341561010296592693e-01 4.749834643478216822e-01 4.777442760649628917e-01 5.273322840937150202e-01 5.326239392678903117e-01 6.228514887129052990e-01
7.856643018438651538e-01 9.879224409695575027e-01 1.176734641323085251e+00 1.375537340402335662e+00 1.651621858088665906e+00 1.823972385215028469e+00 2.137924336336287645e+00 2.304666411093530876e+00 2.584130476080635841e+00 2.927132846087897811e+00 3.373772376521163352e+00 3.705361955269718788e+00 3.881066429838896603e+00 4.183392414651470936e+00 4.630843023906431100e+00 4.891991694095306542e+00 5.130397059596019105e+00 5.361679123792661095e+00 5.808884782733962915e+00 5.985105752115876143e+00 6.173629702697938981e+00 6.658970685127961531e+00 6.580415210489656275e+00 7.105645664319934163e+00 7.582443199695049429e+00 7.184188123368510759e+00 7.465269916540311357e+00 7.725218059864827680e+00 7.676168879681532609e+00 8.650850055385070903e+00 8.130685772745561479e+00 8.402271193654907933e+00 8.608173703145803657e+00 8.405204095484892335e+00 8.625380115919005775e+00 9.207022698869751665e+00 8.625411348058566574e+00 9.471538648590899001e+00 8.782826960998420418e+00 8.697327271329477583e+00 9.057424926131318443e+00 9.348890462439745974e+00 9.184928089708781940e+00 8.656545118994774413e+00 8.973919975015594019e+00 9.021021687812737611e+00 8.792297251290136728e+00 8.676306865397688028e+00 8.956109217137328216e+00 8.496659483977476057e+00 8.468530846000831502e+00 8.818756787534361763e+00 8.138320195671013835e+00 7.974799432524561915e+00 8.252709812278546053e+00 8.120654481653758694e+00 8.059156415556479658e+00 7.465405333589044901e+00 7.811399406856862626e+00 7.642127575856290100e+00 7.067361817665376300e+00 6.739326123965664550e+00 6.866640605628835381e+00 6.618520408309698233e+00 6.784427670928391052e+00 6.355528001567167351e+00 6.136252040343027403e+00 6.032721025086753563e+00 5.566875110629873724e+00 5.786250392906920226e+00 5.738145482223237615e+00 5.419729721126911315e+00 5.207482407028843241e+00 4.953781331988803771e+00 4.875616834630283947e+00 4.609589599876179555e+00 4.445030575470707568e+00 4.291427268370103576e+00 4.026421319774571295e+00 3.776676694056865013e+00 3.901410944525375957e+00 3.460296433609735711e+00 3.300280723337180255e+00 3.271175002381272012e+00 3.060709394906070191e+00 2.885815992842673428e+00 2.808372618878994142e+00 2.578259572612052519e+00 2.651992844530577820e+00 2.552687470823808535e+00 2.255309217056316484e+00 2.259746697081241873e+00 1.997016333152626277e+00 1.914734010300108036e+00 1.896795130742525481e+00 1.787513259616689387e+00 1.725524407962862217e+00 1.530185121330777553e+00 1.412020668463425555e+00 1.446875208890035847e+00 1.316898151182018806e+00 1.171977395032849145e+00 1.131291759778245254e+00 1.089605267918527520e+00 1.055461212866586118e+00 9.985265821435908018e-01 8.490123750886772180e-01 8.742699162319191863e-01 7.939857991476905186e-01 6.945785522241387788e-01 6.510752135480207814e-01 6.484729108605554737e-01 5.831693283357431978e-01 5.333504140881789590e-01 5.509774080893625747e-01 5.088096444685492603e-01 5.104671627655249511e-01 4.985578097302054146e-01 5.414195190003142644e-01 6.369002319686579705e-01
8.430790852985814432e-01 9.334640268620267856e-01 1.177244577468193221e+00 1.431715899091564825e+00 1.516339502023470454e+00 1.851208598906074032e+00 2.101564497270677734e+00 2.255701021284652441e+00 2.501306294285346343e+00 2.849186059216624489e+00 3.336448022975756711e+00 3.477694642666625757e+00 3.642725453712790884e+00 3.966438852506847912e+00 4.283918788436833047e+00 4.849078419797757000e+00 5.018906868224134676e+00 5.494165643093316120e+00 5.620064614447571216e+00 5.987267061320625139e+00 6.378772069926353261e+00 6.165178170317663131e+00 6.656777398998753092e+00 6.934864550645781556e+00 6.968835331175254666e+00 7.138006524767578576e+00 7.306014033630336080e+00 8.034215821942050084e+00 7.848364269310276420e+00 7.912886978237210656e+00 8.372512648411307268e+00 8.504312206713452227e+00 8.514260378505351667e+00 8.325071642165733365e+00 8.523851073002905565e+00 8.793462599522555934e+00 8.974568162144574757e+00 8.875175501926642951e+00 9.339749269506251395e+00 8.710378886116744823e+00 8.890054602731098043e+00 8.977968354357143355e+00 9.203350478188017547e+00 8.717759041608999837e+00 9.402064525460604116e+00 9.104267410397831384e+00 9.051593593963067619e+00 8.959542509343171091e+00 9.089407925704456659e+00 8.697643054683771524e+00 8.691606349812804666e+00 8.857834515231965966e+00 8.375519287079788100e+00 8.536652944783604369e+00 7.992573354988055101e+00 7.757925458895109649e+00 7.929069917488854813e+00 7.564635629418205554e+00 7.840145510981444410e+00 7.073701951044525593e+00 7.005192268792762356e+00 7.074760478515942808e+00 6.953599059687919137e+00 6.874338034616717330e+00 6.770609874597199429e+00 6.339737456914465774e+00 6.031635495630959909e+00 6.212145535679606922e+00 5.846932085962630588e+00 5.727223130794479644e+00 5.550908632801862197e+00 5.573594210050103470e+00 5.272338436395841654e+00 5.082183847773917407e+00 4.769142477513428346e+00 4.807205768313612460e+00 4.319572977023338645e+00 4.110871169827118088e+00 4.322367908563691685e+00 4.057069545839059543e+00 3.667044755721303062e+00 3.707693551022848144e+00 3.332580968503904284e+00 3.355748210558283873e+00 3.135341406021467492e+00 3.051104864208657563e+00 2.956253209141435523e+00 2.693706157412272262e+00 2.664913349084975014e+00 2.528932033763747533e+00 2.447855151886796587e+00 2.193872613167894503e+00 2.185174628351338910e+00 2.026743744484317933e+00 1.980195227527706159e+00 1.774449508783123353e+00 1.685243427726511589e+00 1.661832712028192383e+00 1.564903215873375997e+00 1.445772602289081776e+00 1.325576904694400371e+00 1.286157088510595736e+00 1.166712705111236259e+00 1.085612211648418812e+00 9.935805503191517118e-01 9.803683094026004463e-01 8.701531412705744151e-01 8.898672267479721398e-01 7.617198500007774653e-01 7.603978481937652134e-01 7.122428834114252760e-01 6.443567863189940681e-01 6.061779880526296793e-01 5.820258957991139015e-01 5.435995825366942702e-01 5.424241993999965317e-01 5.076613704165313656e-01 5.094014748093103062e-01 5.584139495305054934e-01 6.788098019065147426e-01
8.159734712197714845e-01 9.401016317041490655e-01 1.151057774505979348e+00 1.369870859431355115e+00 1.641887498874124107e+00 1.832887265750150263e+00 2.024239370707650476e+00 2.256659039971923519e+00 2.694613244136939478e+00 2.958488814435493275e+00 3.122680211059170485e+00 3.282994046459202231e+00 3.605252237757563982e+00 3.879104558718503348e+00 4.369062727235704102e+00 4.486539802153726164e+00 4.933150502228124346e+00 5.145069508502980504e+00 5.761781842767612183e+00 5.671531888387114861e+00 6.394640611446282819e+00 6.400462706671000923e+00 6.659684861788272237e+00 7.101046544105238389e+00 7.255390780523629068e+00 7.443512877893647683e+00 7.323004290587411980e+00 7.590175141542672144e+00 7.937976134614622481e+00 8.171913067443814072e+00 8.473415997775639141e+00 8.274256957869257079e+00 8.518601587662416819e+00 8.773609986652285642e+00 9.116458605273507487e+00 8.817130282856046719e+00 8.732068949902865640e+00 8.590900133946265171e+00 9.203156381912977579e+00 9.237265528245430346e+00 9.243939302846552408e+00 9.463055972074482014e+00 8.717426751170973986e+00 8.738151505906721184e+00 9.444220820723051801e+00 8.911055478302836619e+00 8.702769027166697313e+00 9.079795229806615353e+00 8.695122550541425355e+00 8.797202580387079252e+00 8.899692903435891367e+00 8.649323804373748814e+00 8.067103104674758995e+00 8.386969276699957732e+00 8.344992985025857735e+00 8.122442271545315506e+00 7.978286754787650814e+00 7.479511269686405228e+00 7.488186514069844257e+00 7.471496729209507137e+00 7.045973245940225560e+00 6.850672127065768002e+00 7.113914024424730087e+00 6.675427653510156212e+00 6.914816312098015061e+00 6.344991403755301462e+00 6.555733011394180743e+00 6.195027919382736670e+00 5.921761787938099708e+00 5.945567895242809264e+00 5.429937447372459758e+00 5.460850256617957754e+00 5.422877206446875320e+00 5.187297902949836725e+00 4.609476850209214049e+00 4.670581423478025407e+00 4.543599142492051435e+00 4.259826160075250279e+00 4.138043120432992161e+00 4.127820212358194851e+00 3.813929721847128640e+00 3.733626815553094058e+00 3.592715672294752860e+00 3.319481923469516982e+00 3.116095560807471632e+00 3.002697817674071956e+00 2.918672918690813578e+00 2.652601233566747929e+00 2.589601247219361912e+00 2.529741803260235233e+00 2.441107040087065361e+00 2.359053629111520500e+00 2.209601760262363879e+00 2.099314009975262518e+00 1.935470604261840144e+00 1.906592317594918873e+00 1.723545259588642464e+00 1.658467969294023403e+00 1.547403372406007893e+00 1.497385675489887324e+00 1.344996380972252936e+00 1.260631523069432047e+00 1.208211061056929214e+00 1.183560830582564227e+00 1.008775432672979200e+00 1.011873880796481107e+00 9.531291501611890427e-01 8.510037787333982751e-01 8.139706829679083100e-01 7.737442099301015119e-01 7.304409146716042134e-01 6.777516897407622753e-01 6.351487957439413412e-01 5.894883306360124697e-01 5.759852231901491093e-01 5.445614420193501948e-01 5.309789236246261757e-01 5.370694054691378394e-01 5.435567087624938454e-01 6.795106549008966823e-01
8.276822472292437727e-01 9.530468282506876498e-01 1.201225988826067237e+00 1.349734771070730810e+00 1.569093954482423170e+00 1.830907213012936019e+00 2.084657564531240848e+00 2.339267289470883249e+00 2.480483404531477198e+00 2.711032680494164904e+00 3.173769887269729750e+00 3.541376563478834338e+00 3.768520687309222073e+00 3.936026458166645980e+00 4.474408580203931507e+00 4.579794614754052695e+00 4.982225870130060130e+00 5.055106037555015419e+00 5.292157580359997837e+00 5.797667421016416966e+00 6.013306871916589635e+00 6.355246415103970925e+00 6.869244816550385657e+00 7.020955459348089178e+00 7.300086131743443119e+00 7.585148985375441022e+00 7.550696496842935979e+00 7.556687932471098712e+00 8.214302844019503169e+00 8.427664342627132044e+00 8.343854318134690473e+00 8.619117928675837703e+00 8.814837351638828977e+00 8.237284408189520235e+00 8.544792305897658480e+00 8.428015734701068240e+00 8.713837849013899017e+00 8.877853100005047793e+00 9.370875338399889287e+00 9.392077210106062779e+00 8.930630260646102769e+00 9.459919395686235077e+00 8.678274934338341851e+00 9.077023044957094555e+00 8.963236847637455540e+00 9.022164500326972814e+00 8.593926608082560037e+00 8.605271282772978481e+00 9.070263860346337026e+00 8.417466072812315403e+00 8.368572893336182261e+00 8.212210264363283940e+00 8.013809404525940039e+00 8.497175172839074975e+00 8.172093983309775211e+00 7.987413372408557422e+00 7.740444721202446310e+00 7.876741452668210464e+00 7.527267716834747269e+00 7.692679235093454082e+00 7.140455161795766337e+00 7.174321818567261921e+00 6.726196231232246525e+00 6.802288107935831718e+00 6.512960686642464303e+00 6.470468549033755679e+00 6.162362648520608666e+00 6.409310044121267147e+00 5.691995871803023022e+00 5.705370949829187133e+00 5.508537499590492104e+00 5.648626730170186683e+00 5.055118579985287575e+00 5.280989768023837350e+00 4.744428763095449142e+00 4.794665963364431072e+00 4.340978400972079321e+00 4.313351019571300959e+00 4.243122132365016341e+00 4.176086802376430818e+00 3.740602446470914000e+00 3.771052904542030682e+00 3.621784241742031174e+00 3.558049412683798707e+00 3.247085740285417188e+00 2.992930665249321276e+00 3.039791140331346675e+00 2.800361989683710640e+00 2.620186895301588326e+00 2.510163700639039153e+00 2.535472203394742330e+00 2.318593270495011183e+00 2.158720811304307929e+00 2.046291111913430161e+00 1.941728413927330976e+00 1.765815690731023624e+00 1.710617152247055239e+00 1.608412041925107561e+00 1.610624500181407015e+00 1.416851998333813256e+00 1.383045166036063423e+00 1.310747317386098176e+00 1.269264951305829614e+00 1.111540433130498329e+00 1.087989738732307643e+00 9.955930353071488215e-01 9.939744141977463476e-01 9.298643714154946061e-01 8.549507848243296237e-01 7.871274053159006412e-01 7.620363815791026951e-01 7.118081720433195869e-01 6.553695656280186244e-01 5.753665928128003371e-01 5.464815940431828611e-01 5.193306597452046480e-01 5.301679641176798574e-01 5.276983997201769583e-01 5.944911328710816845e-01 6.319888895293022113e-01
7.724608167852814455e-01 9.443682730024997030e-01 1.104540863748171509e+00 1.337010697222337008e+00 1.521935723490878134e+00 1.782702075876930969e+00 1.935118285485594170e+00 2.227000310758913582e+00 2.453925385883135135e+00 2.820029589704109441e+00 3.042129663021536867e+00 3.209618894788230037e+00 3.651056742013957468e+00 3.910469748451687710e+00 4.239156850523651876e+00 4.686429572787814912e+00 4.699643805600499213e+00 5.299463074424295428e+00 5.640058312107751881e+00 5.431055698078439242e+00 5.752589286767578969e+00 6.164375440778941950e+00 6.217581812932746033e+00 6.843273500345586235e+00 7.083127119882600020e+00 7.145612547479321286e+00 7.400904285523930426e+00 7.364003228439859328e+00 7.711219583011946099e+00 8.081215532763508236e+00 8.085436117365428998e+00 7.982927641793830631e+00 8.579096798743892194e+00 8.909665086844093196e+00 9.059380377468521317e+00 9.056710930450488917e+00 9.057991024547668246e+00 8.836078917992033155e+00 8.671041422135465027e+00 8.634257648895145465e+00 8.876713514573166819e+00 9.296046462029625701e+00 9.468253341791836419e+00 9.095954130110373015e+00 8.650690951045520549e+00 8.660862869512913065e+00 9.114592827492659310e+00 9.284438888845640392e+00 8.356135094060917368e+00 8.377652651676307016e+00 8.592785784336413712e+00 8.855618231768232818e+00 8.703444247812861079e+00 8.413812431664345226e+00 8.349337209750851585e+00 7.831215477663405977e+00 8.017161660326241446e+00 8.062012037208413417e+00 7.598269152242437485e+00 7.467731389753903493e+00 7.326314103905076536e+00 7.514925184113542933e+00 7.305578123479038233e+00 6.678845646823106996e+00 6.797976738947964392e+00 6.649104537338623722e+00 6.476381641530914557e+00 5.937362222258288469e+00 5.896192988817680281e+00 5.872468862375753496e+00 5.917170242399127922e+00 5.204598311254865273e+00 5.468184391883885276e+00 5.272810377396332626e+00 4.850628852308629391e+00 4.577774033472014281e+00 4.636811846438015472e+00 4.209821661918343949e+00 4.248592922758147594e+00 4.160595139226605177e+00 3.973260964624121705e+00 3.743962254908858700e+00 3.638239247732714787e+00 3.550587238427717285e+00 3.307177207614274028e+00 3.284859924903662520e+00 2.960412059870974222e+00 2.744306157055270035e+00 2.675408142912349074e+00 2.677629164223721325e+00 2.503943932338101863e+00 2.227059312856183304e+00 2.132730397748192619e+00 2.060218528949026684e+00 1.915954474235755267e+00 1.886395905861097733e+00 1.691199267620040914e+00 1.648988690459719519e+00 1.642540934317329837e+00 1.500790608189664477e+00 1.463085337945430719e+00 1.265416154588707487e+00 1.197330765310914868e+00 1.222503178559134485e+00 1.114282057415987959e+00 1.024821003898092941e+00 9.849921481542412982e-01 9.106897191158149774e-01 8.763269991504373246e-01 7.611195602778828562e-01 7.282108787835144259e-01 7.240569454014906814e-01 6.588201831272265663e-01 5.903687764177463215e-01 5.685316501143908852e-01 5.472876914628146405e-01 5.557737592615784594e-01 5.221326991101128412e-01 5.977476597402207048e-01 6.554907011000006278e-01
7.827065461507999311e-01 9.846015410193446060e-01 1.195288308930892329e+00 1.381045267153544254e+00 1.603884969370407143e+00 1.697336236152519273e+00 1.928763497845285224e+00 2.292301441631209080e+00 2.417704038168641656e+00 2.839509856659101050e+00 2.888893473171326498e+00 3.198467757485803808e+00 3.497409563168692781e+00 3.983923834078448856e+00 4.276344808148024867e+00 4.472171688659314803e+00 4.788359077225225136e+00 5.167439382051478347e+00 5.415493639190752440e+00 5.699782998208851481e+00 5.704329354952779596e+00 6.489352162073530828e+00 6.432304657488066901e+00 6.980274714484238530e+00 7.068145670009926995e+00 7.118602193127745892e+00 7.020708415987095385e+00 7.560694526293783468e+00 7.443993460488600888e+00 8.271300075138448449e+00 8.179731469962353785e+00 8.233241976275042617e+00 8.169178059914461443e+00 8.635916329672602032e+00 8.520431166103930920e+00 8.478895513469892009e+00 9.132934872887433997e+00 8.451732417869683545e+00 8.983934555990606086e+00 9.318203909935903084e+00 9.329414277002193501e+00 9.265095858233586057e+00 9.219429992354065462e+00 9.182126215480719722e+00 9.399242638751054812e+00 8.703047771459306858e+00 9.128598987367610107e+00 8.936363573079338707e+00 8.820556797173820129e+00 8.821649400420540132e+00 8.759612372367891808e+00 8.464772185814020133e+00 8.669220264910602936e+00 8.619066744145245096e+00 8.087961008189440193e+00 7.770774913006247786e+00 7.651643243369378844e+00 7.963420994775764150e+00 7.740500169502912975e+00 7.481543777343716783e+00 7.193712887658183952e+00 6.860143384583732740e+00 6.826986629063530820e+00 6.897676430221656219e+00 6.713625153133519596e+00 6.646605577835636325e+00 6.441336394611769656e+00 5.916328844740859516e+00 5.863870543716410921e+00 5.597058359649442316e+00 5.847187078990207176e+00 5.622522085171188344e+00 5.110482007194654841e+00 5.198750324468797146e+00 4.987337515045440206e+00 4.873174369822034890e+00 4.687826660362556019e+00 4.276117313578899015e+00 4.134397172430957390e+00 4.233098380740134559e+00 3.923171588928096032e+00 3.855967135879188934e+00 3.535461909177433970e+00 3.630792602407758363e+00 3.444111985635200046e+00 3.115984207751538282e+00 3.172178102196724137e+00 3.006281220873851634e+00 2.633978500436313208e+00 2.697510241937374875e+00 2.430992150902067106e+00 2.287667301943714371e+00 2.163168679805203443e+00 2.129217624519107233e+00 2.000630740642619809e+00 1.927988726679712661e+00 1.863061905310682276e+00 1.701626525196721529e+00 1.633060734135981296e+00 1.557638444481109552e+00 1.413031764051231765e+00 1.350780535253503167e+00 1.207020217512850158e+00 1.193228207909212024e+00 1.103972967054540844e+00 1.101964553908771238e+00 9.720223342684987111e-01 9.188576078354678822e-01 9.007187169382276926e-01 8.158413832230291263e-01 7.295849784273326089e-01 7.437305991129349314e-01 6.690550717812879800e-01 6.234009974829686218e-01 5.826092955169958065e-01 5.668384928272021117e-01 5.400619415708333149e-01 5.680215603927647461e-01 5.865946011412346284e-01 7.020702395443282340e-01
7.749623226956757760e-01 9.656387065683912363e-01 1.186137885646667778e+00 1.355713715095164806e+00 1.591935088014374555e+00 1.720340117111951450e+00 1.981870556248763071e+00 2.238690430747506621e+00 2.486475009094018418e+00 2.714035754263084854e+00 2.894223360583307425e+00 3.102905473659530511e+00 3.377848890735124066e+00 3.705537084641786993e+00 4.044092553299115878e+00 4.430449177468918087e+00 4.831458350013952519e+00 5.180923204213437216e+00 5.132846409438994506e+00 5.622096943175335149e+00 5.972908579484802694e+00 6.035196811358183311e+00 6.550226923380087385e+00 6.560205908547937170e+00 6.530750744212082459e+00 7.358702251722252896e+00 7.068053078040494874e+00 7.613089267988676134e+00 7.571279799616656092e+00 7.685544939032284084e+00 8.402501299551682123e+00 8.202444890248171916e+00 8.121291041579199899e+00 8.262426734213619284e+00 8.489968993723321589e+00 9.110889785727712464e+00 8.581391792653173312e+00 9.176946187714182912e+00 9.233674204848854927e+00 9.074882967225063268e+00 9.331222760438762975e+00 8.622465509904122527e+00 8.970269328845310142e+00 9.430119074042147886e+00 9.312286913361804253e+00 8.513400684122874651e+00 8.712549440696937708e+00 9.231885466771517557e+00 8.983518118304573363e+00 8.425972517377127602e+00 8.617871807926650973e+00 8.764593491668117409e+00 8.583232245989403708e+00 8.257073668876964589e+00 8.030441986090142592e+00 8.404189611208868982e+00 7.847361763749826302e+00 8.229129906578020126e+00 7.482540176477004756e+00 7.621621804750174256e+00 7.488921157390104000e+00 7.439276639032323502e+00 6.829991333222015903e+00 7.111653979622318822e+00 6.924444936672610851e+00 6.739628373372104519e+00 6.397213219098218495e+00 5.989166485009591590e+00 5.788773678093295239e+00 6.087886567810772753e+00 5.687137948092658490e+00 5.640765400245144612e+00 5.212654451984835013e+00 5.322178615049591777e+00 4.839888701796554393e+00 4.666286301364248601e+00 4.575912075765793396e+00 4.491819614889794643e+00 4.447708794972383473e+00 4.012363326742813818e+00 4.158027253261396439e+00 3.763116608335815183e+00 3.819671316551389140e+00 3.606529134675493964e+00 3.265413929074434396e+00 3.306971513700882159e+00 2.996414407478923181e+00 2.989414930706878692e+00 2.791536932477450161e+00 2.723190975509190537e+00 2.590931839859970776e+00 2.375994146700827425e+00 2.368067462713450588e+00 2.177671463254915452e+00 2.034493788087261557e+00 1.980733481646287153e+00 1.797422951793965051e+00 1.792061074977170820e+00 1.612556361358666868e+00 1.528660896430630078e+00 1.523440095986537512e+00 1.337651819761166205e+00 1.249896048165534790e+00 1.246635979608419653e+00 1.140269888083266236e+00 1.094553276370926476e+00 9.899718548220517444e-01 9.579239346465260319e-01 8.418844449147727671e-01 8.670840260060329596e-01 7.485696360503369950e-01 6.921809067971944618e-01 6.729816428537646056e-01 6.737557076036921888e-01 5.886736274706989569e-01 5.938998551835645845e-01 5.900881511634278320e-01 5.962650417468573494e-01 5.871324446450295609e-01 6.607813089438316911e-01
7.796799383392571947e-01 9.800401786674102222e-01 1.076378295000806284e+00 1.310698854185028184e+00 1.478449335933093023e+00 1.633125250118069305e+00 1.921813826606214137e+00 2.060113611566573688e+00 2.399005109651700884e+00 2.591648426896215884e+00 2.881081425798692752e+00 3.309565018512365508e+00 3.613111535385367112e+00 3.949085491604716669e+00 3.930484163530115982e+00 4.369052220715055945e+00 4.665979508373487405e+00 4.845274866732735219e+00 5.105593436302572563e+00 5.351430849068450790e+00 5.686975592145883773e+00 5.886253877425501990e+00 6.616932180134923236e+00 6.404700097336220033e+00 6.674402660369908702e+00 6.719907660521545978e+00 7.300045514710956418e+00 7.616233103605999588e+00 7.661823287708606323e+00 8.141436173457707426e+00 8.249060425166439003e+00 7.965043891779517438e+00 8.470124446336303237e+00 8.551343275764738294e+00 8.290052202440225670e+00 8.969061954087740318e+00 8.640584805156768411e+00 9.060602561954988587e+00 8.799122119378505857e+00 9.112191548921197537e+00 9.126632190455907789e+00 9.179729920908144436e+00 8.575060634872745169e+00 8.593528287620841866e+00 8.893690397745858789e+00 8.632449227139451509e+00 9.211116301659512118e+00 9.112291182447563642e+00 8.832142104226820223e+00 9.135239531584339545e+00 8.528585014662073860e+00 8.781764084597934783e+00 8.505369047508922975e+00 8.394759492629809472e+00 8.427879427141055757e+00 8.357792612160965362e+00 7.745505772020902846e+00 7.718294762963862965e+00 7.778648434355751817e+00 7.590500550930437740e+00 7.500821486506237257e+00 7.204153023980883752e+00 7.070290511845739978e+00 6.683305057463556409e+00 7.017996859107785035e+00 6.579942103313439539e+00 6.412566618945545471e+00 6.278899237943250888e+00 5.996749866664361051e+00 6.107999910250605957e+00 5.825719465810894171e+00 5.610793755415713235e+00 5.181955309866521198e+00 5.202742962604182786e+00 4.929295505560273405e+00 4.920309156167011366e+00 4.545058752897144672e+00 4.682387463294684693e+00 4.183957633112599162e+00 4.017273067563320588e+00 3.826526555796400331e+00 3.824809277449155775e+00 3.860978841714727050e+00 3.436350337153668111e+00 3.293015296220640487e+00 3.091686941055595828e+00 3.112943465070282301e+00 2.933658630439745618e+00 2.760600132709749577e+00 2.817393780969036587e+00 2.651305930361360197e+00 2.490478955973754793e+00 2.242404181586601819e+00 2.114755149350067587e+00 2.150061662373672799e+00 1.883539393282733787e+00 1.792818786961314359e+00 1.680172633369350743e+00 1.638362322029644380e+00 1.535555649361507236e+00 1.438873718327254858e+00 1.396879167201039884e+00 1.310281885974438953e+00 1.181021088398003682e+00 1.154805107325677094e+00 1.055697952221010150e+00 1.065603661539739511e+00 9.889747701069582231e-01 8.953926388253256041e-01 8.470702912415634112e-01 7.757967543989339188e-01 7.746604529382540294e-01 6.807955550435716985e-01 6.567921464657598962e-01 6.484236183195614123e-01 5.724984630146934261e-01 5.495040776112056768e-01 5.848366157531483811e-01 6.267964221668207436e-01 7.141729059842599758e-01
8.235301567168481496e-01 9.339818020841103019e-01 1.184285665746102278e+00 1.349397184477180822e+00 1.458933774940880390e+00 1.653470676871019895e+00 1.819130276073606112e+00 2.157425625365711142e+00 2.290188454080912983e+00 2.665068740656162838e+00 2.889062459284667650e+00 3.253605563105386622e+00 3.366996626176660623e+00 3.889224060867010557e+00 3.975632289327394986e+00 4.385142920472391737e+00 4.565228699937931012e+00 4.906139879480570620e+00 5.070577198440929578e+00 5.279115980193508584e+00 5.508506659232677904e+00 5.938815708519867620e+00 6.070438775284629607e+00 6.672788711501229209e+00 6.486260068617831109e+00 6.678396625609171799e+00 7.099477876475099869e+00 7.047995001747708876e+00 7.918672273985359666e+00 8.108787065429686081e+00 8.315981426399149612e+00 8.177185920944744169e+00 8.242960264791339142e+00 8.603484928858339487e+00 8.459597323892817045e+00 8.198317789860464444e+00 8.886404502133951055e+00 8.756145083037436549e+00 8.718851214009683659e+00 8.953326011346588231e+00 8.929765172063113710e+00 8.637555674051778709e+00 8.767148316384524520e+00 9.037553569486332705e+00 8.816032869539190742e+00 8.660197035256496534e+00 8.851271227561074539e+00 9.008844868380116111e+00 8.816878993982111723e+00 8.580877442535106425e+00 8.503685982583862213e+00 8.682646842723801939e+00 8.851537089486210874e+00 8.317188989199561178e+00 8.146865269053801484e+00 7.796621852250164686e+00 8.121794506167226757e+00 7.925697042901795442e+00 7.561753842048103635e+00 7.217855564104318056e+00 7.627156400731835539e+00 7.206427669838474159e+00 6.881055726996945232e+00 7.247472817691806846e+00 6.651173848901221319e+00 6.722362623331367359e+00 6.216359327974698701e+00 6.376649175997223473e+00 5.863630817217269531e+00 6.203059346587373568e+00 5.808451407192113614e+00 5.846414507870943744e+00 5.490221362985974629e+00 5.235582314439900742e+00 5.305659371404536806e+00 5.043544998661121603e+00 4.839760426311725539e+00 4.538359919176345514e+00 4.508187307782168141e+00 4.294573046724288190e+00 3.873450609135060674e+00 4.059841824808949617e+00 3.765486875663548449e+00 3.670685284076139254e+00 3.371094362107921683e+00 3.198991669131602933e+00 3.235321489991920707e+00 3.122199067580164300e+00 2.778789457170371957e+00 2.627918527139279536e+00 2.576817196713951930e+00 2.406681885905364471e+00 2.265906338644602780e+00 2.323594759362772599e+00 2.055566648555057885e+00 2.037956674771873367e+00 1.927370231965933156e+00 1.857864027484772862e+00 1.708784127522681162e+00 1.595186034009653975e+00 1.550915779379118620e+00 1.471916414812054041e+00 1.348612526993832272e+00 1.209829175043781735e+00 1.230207969732313611e+00 1.064214611527894316e+00 1.094246512520571368e+00 9.985856684088453283e-01 9.257201982600902213e-01 8.658069971468816961e-01 8.475658916556729761e-01 7.327063899186414542e-01 6.808060691230221062e-01 7.008520670880086234e-01 6.126957537342567761e-01 6.215892754549657839e-01 6.184781989297969407e-01 5.645279565307330660e-01 5.882548789332716632e-01 6.657461445919136134e-01
7.992273210696115848e-01 9.654624122926394048e-01 1.153383008123510356e+00 1.252344226870405031e+00 1.484531772210843314e+00 1.616538385258629695e+00 1.866189712145958302e+00 2.067169720164723667e+00 2.440052783736041508e+00 2.597860918335377800e+00 2.923816103222362184e+00 3.253496137180108327e+00 3.554607377596552098e+00 3.734015214063822086e+00 4.024162128034572738e+00 4.434119058188997542e+00 4.582081148978222274e+00 4.998245596773822186e+00 5.068943713159963949e+00 5.472945902959716946e+00 5.454610939543961479e+00 5.993305032750076755e+00 6.088187611153662360e+00 6.184171616740884225e+00 6.956527463040605319e+00 7.133647162423294219e+00 6.816827933949054064e+00 7.230619414602454498e+00 7.783651099417843611e+00 7.775304241927472937e+00 7.997432682886728372e+00 8.238342530713421041e+00 8.471495368792592018e+00 7.968355751311925417e+00 8.219764688182499057e+00 8.698939824570848245e+00 8.606211344104096383e+00 8.683989771560904458e+00 8.609392293207823954e+00 9.205319990127220464e+00 8.775868010704485300e+00 9.018304619690736601e+00 8.684859753219996037e+00 8.970125442168091823e+00 9.234180929021478690e+00 8.756746910771591175e+00 8.836376090246575998e+00 9.019297889377398292e+00 8.354526230906683892e+00 9.117070925579156437e+00 9.058338547086007608e+00 8.485674837560619466e+00 8.055973717390941147e+00 8.031622576143133685e+00 8.510623430258345223e+00 8.151080570158176997e+00 8.282434736005226839e+00 7.737631392798946628e+00 7.391323156377283432e+00 7.511663042012721725e+00 7.259806545988834792e+00 7.385125375099751643e+00 7.375015995952385772e+00 7.018682668600000341e+00 7.026072431925098449e+00 6.398663063890485780e+00 6.714776702733933789e+00 6.031381485294223133e+00 6.189632684152256203e+00 5.701038232667162475e+00 5.919060562263292802e+00 5.760736944120696812e+00 5.478133194883995749e+00 5.068196332929085557e+00 5.309713990478516443e+00 5.148806787736806889e+00 4.703473070504513132e+00 4.697710134396271719e+00 4.375959455708702706e+00 4.102476088775481422e+00 4.260891684373377508e+00 3.937632308710289131e+00 3.921040041412599209e+00 3.640894012141580927e+00 3.626384792920670730e+00 3.261901770149420177e+00 3.195358050276010609e+00 2.916270309068872191e+00 2.861889228226270010e+00 2.893385852016310711e+00 2.717259095656649137e+00 2.446408678222079747e+00 2.431639060629890547e+00 2.222110009395517505e+00 2.039364552317436186e+00 2.026625889025771343e+00 1.833454045988222925e+00 1.767394923127820539e+00 1.801252961545364739e+00 1.670118219681586247e+00 1.544689424793793231e+00 1.447152457283748195e+00 1.407810311346457288e+00 1.255124521235729818e+00 1.225513690018941615e+00 1.179428253470104382e+00 1.117052793590705306e+00 1.037357661502953832e+00 9.358797335517236027e-01 8.526886197638006148e-01 8.459796277646920437e-01 8.142247242102804705e-01 7.418250374078725340e-01 7.130507135590798962e-01 6.784939581860245372e-01 6.233437773254680847e-01 6.242850834580088160e-01 6.293391005621048473e-01 6.410819960474989365e-01 6.726675483121439258e-01
8.145927258487958289e-01 1.015244886728547735e+00 1.171448152414536592e+00 1.251891834791208247e+00 1.434449959785254913e+00 1.686427837051453604e+00 1.959134653547809135e+00 2.093492572483715897e+00 2.400535778889715921e+00 2.549758994773807963e+00 2.730810401405516785e+00 2.952430930200455883e+00 3.522572744303717140e+00 3.755425681504950042e+00 4.063756717002073415e+00 4.083405823162764570e+00 4.318029183779306557e+00 4.730008255244118054e+00 5.096926803499240322e+00 5.471929411798315712e+00 5.428562581215712335e+00 5.680941740014309183e+00 6.374334231833338471e+00 6.324499685218273548e+00 6.662899262015546498e+00 6.856094481644510630e+00 6.801848550103446023e+00 6.964051689337617645e+00 7.185168622382830605e+00 7.740465849902836482e+00 7.475251826150119072e+00 8.330162654935252320e+00 8.250220666823533833e+00 8.542710570050767060e+00 8.432523536589812352e+00 8.239798708185821496e+00 8.997692319821382512e+00 8.454437803449302180e+00 8.860284928583183728e+00 8.526667826417543949e+00 8.667974969695904974e+00 8.458560009614084052e+00 8.769194038362851273e+00 8.638086056260302570e+00 8.661537263910592088e+00 9.261481098721608518e+00 8.760549913170009972e+00 8.976306274391438578e+00 9.188082868327645869e+00 9.092762372737817955e+00 8.682490843510491274e+00 8.535885062816277014e+00 8.061169703037995404e+00 8.600956256532704458e+00 8.292758211074067631e+00 8.452998339660410920e+00 8.041996846946840805e+00 7.567530399222158088e+00 8.150450378767558846e+00 7.858522511754086892e+00 7.312430851075646387e+00 7.412544921375082474e+00 6.877386596436198651e+00 6.960292753475531669e+00 6.863996161612621272e+00 6.767729239346625292e+00 6.477025775136459274e+00 6.596406578015473698e+00 6.508250994952491375e+00 6.188992483438130243e+00 5.578843706784139655e+00 5.495998822470714806e+00 5.488379123412570948e+00 5.473693007892562967e+00 5.140068066263667745e+00 4.964569384181092282e+00 4.751569154108858939e+00 4.507517633941272805e+00 4.521504327627945408e+00 4.094696358382635459e+00 3.975526043246111474e+00 3.936027118779206191e+00 3.661465452106264618e+00 3.734837562408675371e+00 3.502382903844757589e+00 3.273361503954400398e+00 3.190689476129661806e+00 2.939702401393969655e+00 2.795666887573825310e+00 2.803831671168770967e+00 2.550307532122391141e+00 2.412473562896777501e+00 2.514875123585210481e+00 2.227569450952004537e+00 2.214947892456317291e+00 1.959591672480150537e+00 1.947720319272707501e+00 1.925691511687246171e+00 1.724900136981024179e+00 1.731009915988045433e+00 1.571084707256405810e+00 1.419454247652346845e+00 1.450696946439569146e+00 1.363952303177463188e+00 1.238408994905260130e+00 1.203069485708704978e+00 1.101502131649503946e+00 1.020753556709903753e+00 9.927613398966398384e-01 8.906702776590549320e-01 8.576805576455438507e-01 8.000560268187680846e-01 7.521983685342854553e-01 7.292329527663574673e-01 6.891225878361074697e-01 6.147548696595458440e-01 6.017965097277818698e-01 6.057277863059987721e-01 6.420123627767094776e-01 6.762809853394755599e-01
8.732795615969878300e-01 9.409421661459439479e-01 1.096228194662397959e+00 1.227640608076570716e+00 1.431567995451786812e+00 1.593336201499143900e+00 1.896221711949268141e+00 2.062243583640515965e+00 2.390731706245846855e+00 2.612989952853073561e+00 2.702245139295841980e+00 2.906526099009137276e+00 3.190430050858877653e+00 3.539554937853422345e+00 3.983082011553719326e+00 4.320034310047016213e+00 4.550597215039370091e+00 4.905866601224354362e+00 4.858521717829529685e+00 5.442230257362643542e+00 5.724063436769492696e+00 5.727277299449602843e+00 6.186875646722590716e+00 6.394440431260763447e+00 6.850619443689539345e+00 6.855629460566886380e+00 7.169117393310250108e+00 7.175608319386372003e+00 7.494040553711566410e+00 7.382401115366274524e+00 7.955622422592808718e+00 8.132361442745956737e+00 8.460878360592314351e+00 8.501596221482857985e+00 8.500432394121126833e+00 8.218989261183741846e+00 8.612383947441740517e+00 8.468376190030602046e+00 8.523715368167415818e+00 9.055884339417305640e+00 9.089784754833623026e+00 9.280689352361713773e+00 9.116340784847453804e+00 9.214393373236529072e+00 8.789954567171250233e+00 9.100035078754896034e+00 8.870675123132324202e+00 8.624799836203585812e+00 9.108022459808507776e+00 8.865667693609367461e+00 8.797447931600965276e+00 8.943393381927471353e+00 8.102620141810140453e+00 8.520274744013969226e+00 8.270603025809819542e+00 7.768912714408693354e+00 8.023051891757138065e+00 8.288401524895506967e+00 7.996759216692316485e+00 7.453870109701282942e+00 7.860902587518374673e+00 7.518127144513880644e+00 7.556178513012795861e+00 6.710157014795557373e+00 7.065055660369879753e+00 6.958348223973680469e+00 6.726086867906629685e+00 6.337238926730280220e+00 6.446109348923368287e+00 6.143046629884498344e+00 5.644243883656576699e+00 5.792941064787375360e+00 5.775483865531813699e+00 5.341422622555314526e+00 5.424396081375836509e+00 4.793890921505131963e+00 4.686533373174247785e+00 4.586836830570870660e+00 4.312477405560079191e+00 4.274198342720140431e+00 3.996860924304827201e+00 4.013120523260699457e+00 3.942871720763096999e+00 3.701509749076684397e+00 3.401794627564633799e+00 3.537679670432574586e+00 3.150462468068183863e+00 3.024431374746558543e+00 2.935274282897757381e+00 2.705826609767592483e+00 2.675924344591384507e+00 2.635836905881787207e+00 2.367726268504814158e+00 2.204569912667402320e+00 2.217324840686726972e+00 2.101005452827486408e+00 1.987275198010779009e+00 1.878943527801708591e+00 1.829654740713205108e+00 1.735757228158107734e+00 1.602276304595086298e+00 1.427507439165788705e+00 1.392749548091223089e+00 1.375943914089795994e+00 1.280722570629137858e+00 1.202547480963268356e+00 1.127097763516604179e+00 1.056159108165904303e+00 9.641112954909909494e-01 9.413195414714538023e-01 8.921545732708786591e-01 8.029556131201269764e-01 7.270638338711865600e-01 7.317528275249574055e-01 6.812823454328320594e-01 6.735523894621527896e-01 6.430296967456944346e-01 6.431501778994725971e-01 6.394888172414215921e-01 6.775500638579590174e-01
8.074628095149669615e-01 9.308417274947640152e-01 1.115761984365913451e+00 1.223904669465690764e+00 1.450523952611688872e+00 1.708141199549808587e+00 1.801150086406297923e+00 2.137872979875300228e+00 2.269320404049155915e+00 2.505728609978606247e+00 2.890939113057647614e+00 2.880461762803955938e+00 3.324365201109512391e+00 3.659491535683009555e+00 3.630779402316341553e+00 3.905093149666713170e+00 4.303166349578373406e+00 4.462487369396026970e+00 4.974597080558387674e+00 5.194410508243258562e+00 5.353475445762091667e+00 5.692559054523431250e+00 5.809503186225518867e+00 5.959185820151156499e+00 6.625171864713419012e+00 6.656185870908498892e+00 6.964569039020075181e+00 7.407386414259445218e+00 7.190403240914319483e+00 7.304564475536341916e+00 7.958902777280199459e+00 7.563521262948481372e+00 8.110468006770542360e+00 8.402159847445426877e+00 8.482166966295755728e+00 8.724582067876802682e+00 8.420626302326832402e+00 8.973669896053083406e+00 8.658074133661981975e+00 8.414058743829626152e+00 8.771127280769276169e+00 9.273715718611946102e+00 8.956956469027984369e+00 9.299077560969649880e+00 8.561142712975987834e+00 8.814523693108462510e+00 8.937289130669009651e+00 8.944608706373989193e+00 8.993384911080619659e+00 8.606814850158183816e+00 8.488475542537790020e+00 8.398418873651838368e+00 8.608678113970801959e+00 8.176608413493342553e+00 8.324731817918866739e+00 8.573506222108481012e+00 7.809501546546968598e+00 7.720945065975591604e+00 7.568720880768458947e+00 7.950490672532423808e+00 7.337953223011009385e+00 7.410733260946712697e+00 7.469825177505200031e+00 6.891012486232974688e+00 6.922552156970726678e+00 7.074656566679038860e+00 6.623003178495943999e+00 6.554160922900502229e+00 6.261165496610598957e+00 6.171670977040790262e+00 5.806485013828283748e+00 5.495459645203157883e+00 5.337105820416404356e+00 5.596427191313805061e+00 5.357094987280651921e+00 4.967741643674162155e+00 4.720825766810309077e+00 4.546610250019002208e+00 4.754290729979326002e+00 4.544818502817169481e+00 4.376541028426474966e+00 4.202263126558905881e+00 3.780279703888742571e+00 3.556987205740320235e+00 3.479806869016320636e+00 3.510818906348721846e+00 3.206507595728312232e+00 2.987356131443196894e+00 2.941933518670054593e+00 2.938770299150347931e+00 2.814771610285084158e+00 2.517031920225736297e+00 2.465677752447421600e+00 2.239667258297976637e+00 2.265265186567002154e+00 2.182536850578957743e+00 1.970681072456731187e+00 1.886886053074458447e+00 1.815824501074944308e+00 1.677366392467297906e+00 1.624171702895447211e+00 1.585198848996846266e+00 1.423168753147757259e+00 1.306467945432978617e+00 1.314241092739529826e+00 1.198037179889933856e+00 1.175439092213940828e+00 1.087136405650193316e+00 9.628545186891002139e-01 9.670561011701130916e-01 9.138244112135545105e-01 8.379342611596656276e-01 7.533811778861820851e-01 7.039165157666189554e-01 6.744325580444833212e-01 6.472946334251767908e-01 6.606513508717847261e-01 6.027169911772686239e-01 6.407433938048633371e-01 7.496217557287946365e-01
8.049164160508517352e-01 1.015919695414312152e+00 1.170123837432141212e+00 1.232437997737135804e+00 1.415980278707619000e+00 1.644262304433539601e+00 1.886132920851418815e+00 1.955565642446783325e+00 2.345991268348507131e+00 2.487304370211774973e+00 2.637879838734416449e+00 3.021181650468807600e+00 3.349447471403777410e+00 3.405350117155953704e+00 3.640930130046656554e+00 4.114120732956177307e+00 4.135498236512162862e+00 4.718539027037513378e+00 4.680815321063399814e+00 5.101821372464620197e+00 5.580194287215594073e+00 5.857110102572589128e+00 5.953530310314580909e+00 6.092617395220793597e+00 6.140413301379300748e+00 6.418062176357175019e+00 6.754669503922523965e+00 7.307750673285934973e+00 7.251185558906603212e+00 7.260716318393051871e+00 7.852966985715548631e+00 7.546739952803822149e+00 8.207551647617027157e+00 8.321645224864523627e+00 8.492470267525350280e+00 8.314940362123778073e+00 8.606976923451570727e+00 8.254605574964738679e+00 8.343461484950678297e+00 8.466845965468776214e+00 8.789798824699460056e+00 8.670988301495295758e+00 8.485234207830078645e+00 8.880541811697280963e+00 9.146169174743025820e+00 8.859713462236268100e+00 8.782218014929878080e+00 8.844390471974426404e+00 9.072349399005975812e+00 8.329326877580813360e+00 9.037714357890124006e+00 8.314696365131323930e+00 8.298453497403098567e+00 8.337951313314503565e+00 8.543631446521610329e+00 8.593570073386224806e+00 8.373216085009952181e+00 7.764807272097749902e+00 7.499995138596601940e+00 7.452525560781175784e+00 7.451404123890642772e+00 7.637336704919285069e+00 7.304005050146473721e+00 7.130076351891462494e+00 7.072749740840012400e+00 6.675062908661597127e+00 6.807503495917908154e+00 6.156915608096235282e+00 6.394859206017340369e+00 5.962668495761946907e+00 5.941125148019572144e+00 5.714779298828221776e+00 5.786853650273172001e+00 5.207487673152352059e+00 5.158748893171416050e+00 4.839839734462871412e+00 4.735126267826756497e+00 4.822911029526038895e+00 4.620798004525547675e+00 4.594847738582783059e+00 4.418048061793675707e+00 4.105773178626501263e+00 3.856955982580769771e+00 3.830552470264975362e+00 3.725505319447440122e+00 3.567851280255218693e+00 3.376217063152534337e+00 3.115598875825769998e+00 3.039925826215577942e+00 2.913459794548038051e+00 2.656292747958435729e+00 2.555606707000620759e+00 2.445238575158934946e+00 2.304967623644981423e+00 2.317801553137173620e+00 2.166566129288889808e+00 1.991246190575342911e+00 1.870651937538189591e+00 1.789330177598632110e+00 1.657959394347581661e+00 1.709064835406447491e+00 1.586508129251925636e+00 1.414667286877187236e+00 1.408431224419805394e+00 1.343393959289812090e+00 1.222639662392563498e+00 1.095821103371867222e+00 1.030497802594266599e+00 9.991566890245247023e-01 9.967586554631828744e-01 9.349243208831812257e-01 8.122407468223404869e-01 7.891785605207740639e-01 7.824712248787745184e-01 6.877420311010138398e-01 7.006760238311007249e-01 6.643983016293467658e-01 6.709208279633043226e-01 6.350142717590727681e-01 7.500890728749745051e-01
8.667198525283502653e-01 9.984695216283800967e-01 1.161732481578395371e+00 1.314251815407574409e+00 1.384280693857209199e+00 1.563655483109106514e+00 1.872037240537493652e+00 1.951849732333853282e+00 2.157342305443190611e+00 2.461887376484886758e+00 2.820164238542582691e+00 2.952820988687587356e+00 3.230074638117084174e+00 3.589671059885081839e+00 3.704114183563486318e+00 4.046056247987834809e+00 4.406294887790908277e+00 4.363560751956049977e+00 4.844391796056719990e+00 5.273927492551443663e+00 5.101695961857585893e+00 5.684020659456866298e+00 6.077967301164983738e+00 5.915642892693644406e+00 6.438886829396811784e+00 6.659683240073537291e+00 6.967463440825948595e+00 6.960918353574846229e+00 7.193500503367419086e+00 7.131809533293376191e+00 7.276761017710525081e+00 7.847071907766860477e+00 7.596563351641693274e+00 8.255911631838426246e+00 8.372602516448370835e+00 7.985722849688557723e+00 8.226630469130148171e+00 8.317184541580632029e+00 8.846335614910421086e+00 8.554054653723305535e+00 8.685668020724794047e+00 8.656135707148621350e+00 8.456491826410692525e+00 8.940870242091891740e+00 8.769475451695726065e+00 9.274469806723756093e+00 8.480196286436221698e+00 8.482218078789021121e+00 8.684184264687443644e+00 8.995066456347078798e+00 8.607576880044540246e+00 8.821880695554650487e+00 8.750906118093226382e+00 8.120249523235360201e+00 8.185771130803267681e+00 8.419000181217789702e+00 8.464637154421602361e+00 7.885250129873866420e+00 7.983357171994795110e+00 7.700533099353023658e+00 7.527339011746808417e+00 7.141745472576290332e+00 7.188375302463591687e+00 7.418117363420080324e+00 6.754670546199141867e+00 6.610303085382587263e+00 6.419773630905837081e+00 6.201304465825414169e+00 6.362614803215705273e+00 5.992067128520228714e+00 6.233758519564918998e+00 5.794606404214944995e+00 5.824076301832118219e+00 5.486036157025083959e+00 5.406384301398688308e+00 5.328166341836953812e+00 4.910172431265493742e+00 4.907351954934857652e+00 4.618917024902634338e+00 4.453170567596242968e+00 4.462553831654361147e+00 3.940641780628340030e+00 3.915055252842273514e+00 3.966871519928036438e+00 3.551675957452769428e+00 3.509185306994086151e+00 3.416032596356346041e+00 3.343234839294205951e+00 2.969720480624678860e+00 2.928671120026571817e+00 2.657382862846165761e+00 2.635862656057002429e+00 2.485773587934732021e+00 2.489833930774105752e+00 2.371337750997773774e+00 2.231981773715318251e+00 1.969909095881052563e+00 1.953438837809645445e+00 1.801437605071380066e+00 1.759704648060863574e+00 1.744340168066026431e+00 1.642755004433378518e+00 1.550589666958462676e+00 1.367883877732205322e+00 1.388363609389316577e+00 1.259509066071722749e+00 1.170336230885626660e+00 1.129112082177721854e+00 1.051372395108689295e+00 1.015046857034338279e+00 9.256469629280200673e-01 8.938488434285953854e-01 8.461529362445634472e-01 7.834324239330688888e-01 7.046441365220426079e-01 6.569115317390945563e-01 6.689595549255115126e-01 6.697278221300725365e-01 6.824254406291900832e-01 7.541951941553732830e-01
8.122851792958790673e-01 9.574995447458563014e-01 1.118825309093441911e+00 1.328869047676626058e+00 1.486065468836516468e+00 1.659578727148107724e+00 1.772144559757674598e+00 2.062403944279083579e+00 2.135567260986413807e+00 2.486901475828246610e+00 2.803422208051994602e+00 2.820352889928273488e+00 3.315934431553750450e+00 3.467678865381444098e+00 3.751926130195249787e+00 3.897926432202198921e+00 4.316712131235684424e+00 4.525644744593755320e+00 4.644074682087884653e+00 4.990488932687902945e+00 5.378775918815304813e+00 5.475995443701683563e+00 5.642612467832888612e+00 6.022415524803115261e+00 6.208054702005726178e+00 6.870364899042213480e+00 6.474184935076028324e+00 7.315891337707238762e+00 7.051126275638379681e+00 7.488593177115898669e+00 7.743026283749417260e+00 7.368224697141798174e+00 7.748719272552422765e+00 7.823237162778913678e+00 7.841394783320036588e+00 8.038632809030705317e+00 8.626470230352181190e+00 8.632912143822533579e+00 8.362859052074661292e+00 8.466678340415985105e+00 8.753005231417313681e+00 8.909860234016823810e+00 8.641170470079906352e+00 8.965371228420019989e+00 8.815028713689780915e+00 8.712152158594815177e+00 9.104284040904257580e+00 9.082941971772534373e+00 8.595526111905160249e+00 8.510164339228554198e+00 9.017975466814974084e+00 8.285245910669679859e+00 8.432133540369994407e+00 8.092420825582017585e+00 7.937458937351697053e+00 8.532718784391002842e+00 7.912547171113811117e+00 8.209239890714611576e+00 7.641642750596713718e+00 7.995002011656840324e+00 7.332291064918290857e+00 7.793523832682107688e+00 7.061879826912083047e+00 7.178238244686164116e+00 6.942802133237866435e+00 6.947756155271835432e+00 7.004181662176522494e+00 6.597535375764112864e+00 6.177330500397203217e+00 6.374425743229485519e+00 6.139044900768323210e+00 5.649801349059976552e+00 5.423521096598836522e+00 5.528153777774301503e+00 5.446800686701215533e+00 5.053107919133950965e+00 4.770976131380393781e+00 4.995161539900959013e+00 4.617439993989267855e+00 4.501050352879224725e+00 4.280481372767719783e+00 4.246632133712108015e+00 3.970864085758338380e+00 3.943772629082138437e+00 3.602925327729802341e+00 3.405597148139493324e+00 3.346305718011595598e+00 3.381506897414106039e+00 3.197707510841484524e+00 2.935003992331489897e+00 2.874404216119890165e+00 2.761425868762834579e+00 2.655751902844091461e+00 2.333256631753142241e+00 2.255770363494232100e+00 2.182518468437449677e+00 2.117536629279012761e+00 1.917278944374458449e+00 1.909912127777226631e+00 1.784842354617034221e+00 1.667038594685683606e+00 1.590163233851444868e+00 1.511179439667895918e+00 1.362149470278184893e+00 1.360747576441016626e+00 1.206441753052316823e+00 1.156294730712688512e+00 1.144600487387457344e+00 1.086113681465209257e+00 1.010201147605657157e+00 9.406425842885227651e-01 8.743752836762822556e-01 8.402659510852205083e-01 7.697461050829499385e-01 7.500657467197862083e-01 7.106734516985852013e-01 6.587042810753593880e-01 6.510953551863108979e-01 6.809978058684116320e-01 7.789802329091154443e-01
8.277063847379652062e-01 9.442535584679392358e-01 1.083375518112765556e+00 1.231094308284927274e+00 1.398281734021034284e+00 1.624992197475075839e+00 1.831187274398823783e+00 1.957509789850911064e+00 2.274431661296828278e+00 2.386165550702392224e+00 2.516258235053405734e+00 2.980877652633629360e+00 3.189029475476641284e+00 3.397039500121888267e+00 3.666718948615911078e+00 3.814088488660836607e+00 4.375803115961809375e+00 4.252923336481825523e+00 4.790457281045405580e+00 4.780501179591852612e+00 5.388542195209202745e+00 5.647012720732092816e+00 5.880442718842880723e+00 5.987727199794843358e+00 6.175403066128083651e+00 6.316360682242384783e+00 7.049743641567386199e+00 6.596008814375076135e+00 7.492991318571111670e+00 7.120531630208342122e+00 7.378025040104833288e+00 7.317800859283109638e+00 7.773005109456022410e+00 7.787597523571569091e+00 8.165935842939736844e+00 8.013974967017544415e+00 8.246590830293865082e+00 8.376198643658870679e+00 8.369741169548479576e+00 8.781759936519913268e+00 8.271024975616500186e+00 8.373847361024999714e+00 8.510926915722125230e+00 8.967699692767430619e+00 9.155079699937067161e+00 8.626844343348070154e+00 8.450443157012909268e+00 8.928956713939715684e+00 8.430988081080707630e+00 9.004325126108447819e+00 8.664046630900482882e+00 8.209439217466833583e+00 8.579591295195333700e+00 8.212237419180462794e+00 8.100457817329649757e+00 8.437971007997331796e+00 8.347820963427485808e+00 8.209578561822780784e+00 7.799252145846208073e+00 8.076615589226911140e+00 7.929421859294434327e+00 7.176974941372409766e+00 6.998907728064058809e+00 6.896009199971944170e+00 7.028397313163214477e+00 6.757308061538110699e+00 6.839735185495981362e+00 6.644446619887232508e+00 6.319843327075908235e+00 6.333466189215169351e+00 5.942404215131817047e+00 5.704605967724258875e+00 5.908903867289906131e+00 5.490142271473324342e+00 5.522481780651077088e+00 5.327962796803809020e+00 4.816563468614809551e+00 4.711204011162340777e+00 4.854417532113157741e+00 4.310318921573744966e+00 4.547340422668533222e+00 4.067062363413709747e+00 3.844844463328944251e+00 3.867152199891511266e+00 3.823192877353172925e+00 3.604232498661249284e+00 3.353891525591913947e+00 3.141307827441831790e+00 3.137095231264920958e+00 2.904234846618439558e+00 2.757125530053006646e+00 2.857498961092447942e+00 2.508582621312331451e+00 2.544788020862151612e+00 2.343274966082233401e+00 2.161450042331408472e+00 2.085265094916957995e+00 1.973660453690226912e+00 1.986685193105375502e+00 1.840448695481898600e+00 1.738946162146000285e+00 1.672796757459789951e+00 1.590884990738076210e+00 1.520498680265647495e+00 1.421523662197276661e+00 1.295130849491314740e+00 1.184737766213634025e+00 1.192232574548308222e+00 1.096355253361114945e+00 1.046566954757100820e+00 9.726550705360562654e-01 9.136415863538265292e-01 8.221093772020545698e-01 7.707295306935242341e-01 7.448412516634312919e-01 6.835708926462646939e-01 6.595066147391485112e-01 6.853720905710802835e-01 7.149399660795345834e-01 7.148957961632977920e-01
8.250715204186437335e-01 1.013387045256723296e+00 1.117572046905646488e+00 1.299290010743993307e+00 1.483849039440391593e+00 1.563610684126965023e+00 1.805886976495076679e+00 2.015368102191017918e+00 2.259625090936002056e+00 2.510187584766680580e+00 2.596998220852541728e+00 2.846409380157528535e+00 2.949792102272708938e+00 3.323075771580083160e+00 3.437844984841788687e+00 3.934766814104731836e+00 4.057964846872622822e+00 4.455283985595718477e+00 4.838134832451551404e+00 4.832970643169232972e+00 5.162580364338254846e+00 5.367065218074261956e+00 5.427418726469090515e+00 6.041558449569018663e+00 5.934188241214165771e+00 6.309259664514809351e+00 6.846523265828950322e+00 6.789943235986830139e+00 7.031504159099515761e+00 7.483496064027663763e+00 7.192912591067760708e+00 7.625341611962879185e+00 7.979712744719766881e+00 8.128945178044009623e+00 8.354711205028461762e+00 8.119962508888860953e+00 8.407592121549473774e+00 8.780474081034624234e+00 8.505510042229392553e+00 8.830998335216321493e+00 8.669104586012428726e+00 8.644461819356283883e+00 8.902804260165860128e+00 8.532619078890983033e+00 8.402794496786722078e+00 9.120347518972486967e+00 8.974199635597923219e+00 9.089013939823869848e+00 8.728274841444152443e+00 8.384840139855777252e+00 8.572657992024725004e+00 8.235468595803125069e+00 8.918847945278114864e+00 8.293267461644166616e+00 8.465966248650307335e+00 8.072288497540696994e+00 7.907645073889687737e+00 8.182738479352858363e+00 7.988403426925058781e+00 7.614702161727000096e+00 7.779800449232338266e+00 7.736597313207464133e+00 7.419519455574315359e+00 7.207810359493316277e+00 7.071471423882592866e+00 6.688917164285800077e+00 6.626724511259214800e+00 6.295783895008985276e+00 6.478856824679093407e+00 6.175911564045833302e+00 5.858930020075981737e+00 6.011612962897845414e+00 5.855069311169588175e+00 5.506325450960295242e+00 5.208137229329254936e+00 5.326393548405751410e+00 4.818622942513556495e+00 4.907361303514440998e+00 4.593077544838099158e+00 4.759665261453031704e+00 4.574694139891533062e+00 4.251979391860207791e+00 4.035734489593922447e+00 3.889526377830514914e+00 3.735057035925152036e+00 3.677823565948410423e+00 3.333020550157090867e+00 3.290313107980580298e+00 3.276152226915524324e+00 3.168776135276007100e+00 2.914004250398855689e+00 2.865122857266070078e+00 2.544786463706577795e+00 2.512977054412897981e+00 2.379618049181192241e+00 2.223485678018991774e+00 2.191131658590556253e+00 1.977628960122798096e+00 2.014678708801714180e+00 1.820354891316788404e+00 1.757214234978485390e+00 1.728061822720959428e+00 1.498756166651487254e+00 1.427990712990555355e+00 1.441615652957940696e+00 1.285292266505568159e+00 1.280059111740895039e+00 1.212811155329347468e+00 1.070515433971730435e+00 1.080882519709711609e+00 9.590822288395641770e-01 9.134835831868663991e-01 8.513258722376386700e-01 8.212449056173374284e-01 7.946874436345585657e-01 7.122899042484770460e-01 7.035495559434794544e-01 7.032064708133161091e-01 7.014153431009778616e-01 7.914052155966123658e-01
9.152493719432222008e-01 9.435479646276379029e-01 1.116007891458763668e+00 1.281971431197191924e+00 1.358833920074252521e+00 1.643632771970674700e+00 1.787961037127459241e+00 1.965766223541155044e+00 2.061961804209293092e+00 2.414913469041108929e+00 2.663720876184342057e+00 2.841553595060226201e+00 3.016591167301651222e+00 3.445139556281993087e+00 3.536127278709007005e+00 3.919419695021862271e+00 4.167855735224148539e+00 4.133272310529252813e+00 4.492582980911713264e+00 5.044012097449006582e+00 5.033995481112309989e+00 5.265060519380132753e+00 5.677297205889415110e+00 5.815971336665097802e+00 6.201446507214815718e+00 6.687802349152456749e+00 6.341684822490974760e+00 6.521046161704817656e+00 7.346015965743475817e+00 7.333594233549877828e+00 7.592009564208366257e+00 7.358815174900356304e+00 7.399900192895404238e+00 7.985847205988546804e+00 8.324863502849503050e+00 8.362463783191980582e+00 8.666823191958881623e+00 8.122203824852569198e+00 8.308661707459016554e+00 8.961350186242782456e+00 8.883724656681877718e+00 8.776548957663978356e+00 8.706821393332804249e+00 8.991748757504621992e+00 8.354215915731749931e+00 8.699492234392893764e+00 8.328849056521294258e+00 8.615589269625035129e+00 8.803431047939961118e+00 8.856532990490942225e+00 8.598048849230847779e+00 8.540536653516985766e+00 8.879174590015990631e+00 8.568246481918142976e+00 8.044061341887212890e+00 8.592662895475434937e+00 7.764747702843449062e+00 8.402761843495229144e+00 7.649819661511737756e+00 7.737034281600787544e+00 8.006440983933529765e+00 7.607671419308546845e+00 7.733259825688817202e+00 7.442518516328550326e+00 6.765785613171000357e+00 6.950363628697465934e+00 6.701806685967174992e+00 6.548197380446987736e+00 6.377076758766742515e+00 6.125058934505390518e+00 6.077775444212499600e+00 5.749485796799752357e+00 5.550721183874849807e+00 5.519284227455705683e+00 5.299790088808953747e+00 5.098960314253912607e+00 5.101770010941755196e+00 4.784384636793164169e+00 4.624267556001178114e+00 4.665208508247228991e+00 4.483484387612700850e+00 4.314814424568911733e+00 4.234564685777995940e+00 4.004268826306786266e+00 3.775056841065121294e+00 3.809798527059867990e+00 3.446147488607190112e+00 3.334894101612818407e+00 3.200461340016348633e+00 3.118368412479432195e+00 3.003745762030018085e+00 2.884309945372534933e+00 2.734179629550964830e+00 2.542903736683042482e+00 2.362087077085796682e+00 2.406252851366436740e+00 2.193497467425707281e+00 2.147230811755203472e+00 1.900761152580295654e+00 1.954553877944781082e+00 1.700600479389241526e+00 1.606823081368554451e+00 1.512176456810500946e+00 1.536468071774519384e+00 1.373720696473221148e+00 1.381686141075454177e+00 1.263821651981842598e+00 1.243285080686589827e+00 1.147283277111714073e+00 1.021518272269485994e+00 1.006260690808621794e+00 8.906654060248451188e-01 8.937649508278155963e-01 8.112326313642300724e-01 7.754225766195192993e-01 7.150240597978744228e-01 6.990297654966525220e-01 6.774280039671369824e-01 7.403993811782806356e-01 8.025660487303719615e-01
9.177967763872127982e-01 1.007357418769358581e+00 1.135600082903613028e+00 1.299017732341284814e+00 1.406035982269359108e+00 1.644529572126553596e+00 1.709917985975191401e+00 1.854662083235850911e+00 2.188315964776659239e+00 2.412268843396095264e+00 2.462334801388436745e+00 2.660942935259363207e+00 3.082843183963562605e+00 3.331652247181594806e+00 3.573365182535186424e+00 3.646738524726831798e+00 4.186439479925841312e+00 4.397585817795508945e+00 4.495392761987738517e+00 4.707335183722060279e+00 4.884907412308765018e+00 5.188522361281239448e+00 5.418912199057861478e+00 5.593223510992599401e+00 6.272786629057072183e+00 6.289835464238978879e+00 6.811668348870800749e+00 6.993402915646439233e+00 7.054444835816835457e+00 7.332340555801376780e+00 7.166868827466798209e+00 7.562749233208955424e+00 7.804373293477617324e+00 7.925178995444250418e+00 8.145419416721736638e+00 7.835943605980143722e+00 8.225252770415689696e+00 8.445982716021196879e+00 8.074407145203892355e+00 8.498905373612135605e+00 8.472642763037729452e+00 8.461798132638907788e+00 8.849699952581694617e+00 8.290896304829658447e+00 8.736342688163427184e+00 8.657600641469334946e+00 8.330204724927243731e+00 8.646046905201938415e+00 8.793074766647166030e+00 8.949167779353805585e+00 8.813577759275320389e+00 8.258112350295089499e+00 8.914549308618155976e+00 8.239309911282438392e+00 8.670540525964710810e+00 8.500802648108424009e+00 8.255826369581294344e+00 8.342034373927642577e+00 7.534667323740123379e+00 7.727580683811291706e+00 7.864595534958779943e+00 7.733096357832716983e+00 7.109117792241302247e+00 7.492689236549042953e+00 7.284098786684727322e+00 6.899726414557859400e+00 7.119702789598174597e+00 6.748862935119790407e+00 6.170903844325752452e+00 6.494353330732874241e+00 6.404660464240955697e+00 6.055776763602731982e+00 5.858909923196861769e+00 5.819567567858071833e+00 5.507449741684308897e+00 5.089274172680605446e+00 5.291663251083710939e+00 4.923486377167380468e+00 4.596146330674048208e+00 4.409722950230611893e+00 4.692427718048683083e+00 4.354729113543375441e+00 4.166629363103536932e+00 4.178860033487456604e+00 3.714964742469185843e+00 3.580343244836480032e+00 3.403599655830571891e+00 3.528322608178831032e+00 3.140018327213359051e+00 2.995238372595378173e+00 2.838501254361751602e+00 2.711472244084760064e+00 2.806139835273305572e+00 2.522194537567825634e+00 2.332746360393602725e+00 2.228216304210887344e+00 2.240371979788563728e+00 2.066780835437631580e+00 2.016702769264206108e+00 1.914641780261112425e+00 1.721285052570285412e+00 1.664340598123642323e+00 1.585712997039700367e+00 1.539062432789582990e+00 1.374275486038119887e+00 1.339021564044474699e+00 1.292805015621313336e+00 1.155892522262357502e+00 1.094455774930626735e+00 1.066545602722731578e+00 1.038168687705479432e+00 9.407774947250592268e-01 9.333653536043422516e-01 8.323152913299625144e-01 8.072160469581888265e-01 7.618865059900923331e-01 7.221000113963766953e-01 7.257407745571474722e-01 7.111887637153195829e-01 7.826297667097211752e-01
8.524862622710901450e-01 1.026132473084735652e+00 1.080095087286236932e+00 1.272157167889440776e+00 1.417697307962448416e+00 1.644307991517311329e+00 1.769400528353369806e+00 1.836028651186520477e+00 2.048607073360117159e+00 2.356089426086488192e+00 2.433818239109318604e+00 2.732991068401731560e+00 2.855425081067262116e+00 3.125175068313383875e+00 3.561624259372025758e+00 3.917615382094374876e+00 3.890769485238358971e+00 4.130291664546223096e+00 4.669643597312868266e+00 4.626105664572125242e+00 5.255112177041445065e+00 5.257784142442127440e+00 5.801742033549388111e+00 5.520945589435120482e+00 6.279792779068405828e+00 6.387645576142976012e+00 6.452044202360014857e+00 6.436785761388094329e+00 6.642680002708812204e+00 6.929011318905588190e+00 7.044991893001662397e+00 7.768273771870556565e+00 7.786352296551533492e+00 7.891427758781537349e+00 7.642655755217013791e+00 8.304258435914830372e+00 8.519239498159995705e+00 8.259028315779147533e+00 8.556924006589420983e+00 8.549034159572421743e+00 8.629021467379903498e+00 8.782052529411197739e+00 8.941622880783938854e+00 8.434577836681274476e+00 8.470266837256440695e+00 8.699343342345217778e+00 8.355982177240631970e+00 8.508068929013703041e+00 8.765700001141581765e+00 8.350129908020043956e+00 8.522212290354115538e+00 8.676529120379401050e+00 8.489425176628516923e+00 8.031710996088987642e+00 8.368422447231623096e+00 8.647558240743162372e+00 8.025179770861933903e+00 8.259979203752530807e+00 8.163502334426238960e+00 7.873246277298873608e+00 7.697653436050699405e+00 7.404586647281602652e+00 7.372542888239960845e+00 7.516909283725939694e+00 6.914538160080549112e+00 7.104611332207654506e+00 7.109853267316643688e+00 6.597229564329746943e+00 6.494956622319432604e+00 6.342378880231590799e+00 6.215231043878517880e+00 6.039903502439793570e+00 5.863143369359071322e+00 5.732695550168150689e+00 5.416549356134453319e+00 5.148235301030026356e+00 5.158450803353383129e+00 5.034158167450042853e+00 5.042224168007532370e+00 4.872190101127126916e+00 4.285658709625459473e+00 4.311495535752479569e+00 4.040806793416665599e+00 4.101335055597760793e+00 3.894758874115806790e+00 3.886378218644891192e+00 3.667277864961407730e+00 3.270305865667841427e+00 3.347829859792851970e+00 3.241949073690463479e+00 3.132526952365752848e+00 2.766484993818746574e+00 2.769893724536929724e+00 2.477478862729050046e+00 2.417152315527382633e+00 2.445672462278719816e+00 2.228733976442909270e+00 2.084120396805535957e+00 2.044355242124494154e+00 1.910877150322882967e+00 1.820128482055225261e+00 1.788037759565045626e+00 1.668179229477626757e+00 1.579179589466231937e+00 1.460581673407075121e+00 1.379451388488922126e+00 1.283670770557645335e+00 1.282757493584921304e+00 1.153873597609017976e+00 1.050795821123262641e+00 9.813750328948136481e-01 9.720034238408636895e-01 9.228039681370033831e-01 8.442421638487834779e-01 8.490558700531875003e-01 7.532407495485319293e-01 7.589106071568715306e-01 6.987902049852057207e-01 7.431068001985691174e-01 8.000724032902358784e-01
9.228215201577736337e-01 9.956825543291212277e-01 1.178322440674015814e+00 1.287460454461107462e+00 1.387082299999148116e+00 1.488886613773371614e+00 1.654041183850660790e+00 1.859829211692152651e+00 2.077755056902037101e+00 2.419881010041763592e+00 2.544420230848775333e+00 2.646710758192760693e+00 2.944313175892329326e+00 3.109206898511739592e+00 3.322990842502441033e+00 3.712011846723657804e+00 3.869531820719694259e+00 4.197929670753429932e+00 4.304061752340423652e+00 4.944421973650895197e+00 4.798969860736358228e+00 5.228931190402041018e+00 5.344771267501364775e+00 5.835772464474535681e+00 6.139194651435873062e+00 6.220982997456233399e+00 6.298643491878209488e+00 6.679867545279417840e+00 6.954994885177617547e+00 7.205327658533399848e+00 7.542675880117251097e+00 7.359181490961252514e+00 7.820647958620864593e+00 7.714675225629879840e+00 7.904121181312507183e+00 8.448003458563785983e+00 8.377349017523419761e+00 8.685959899290073949e+00 8.022902006855998636e+00 8.370516604897044743e+00 8.725339280519625262e+00 8.886149821072910626e+00 8.659377422779169109e+00 8.882124655948716807e+00 8.686889335353301433e+00 8.598000526445419567e+00 8.375526421316029868e+00 8.490308025961484262e+00 9.001262710429603686e+00 8.471332826792503212e+00 8.416264629150751020e+00 8.724788260343398605e+00 8.386125027568265722e+00 8.474595617790711799e+00 8.347469316742744283e+00 8.217005381276820231e+00 8.275518617662935839e+00 8.400257670667306442e+00 8.171502820348589324e+00 7.831647059584393666e+00 7.818409404075175040e+00 7.627380947243143972e+00 7.448086921201719335e+00 7.641886189330909573e+00 6.827785733908903865e+00 6.831588076377546948e+00 6.555881393616926900e+00 6.509626703786940638e+00 6.484109164920679014e+00 6.673580536440275601e+00 6.251622772569493947e+00 6.259436271369724025e+00 5.871822099828617247e+00 5.429528266145331017e+00 5.767112659993989254e+00 5.346090294407043864e+00 5.095193292344506020e+00 5.050924060594102372e+00 5.005409992209533421e+00 4.689002771052298790e+00 4.637849280039776367e+00 4.552134260392018739e+00 4.024556109245560620e+00 3.958569510993569018e+00 3.852495821907953921e+00 3.780833637554628535e+00 3.516437763634381319e+00 3.410829576279609032e+00 3.182616400176268012e+00 3.183355755536667608e+00 2.943389836052606956e+00 2.973955639989631194e+00 2.688504318470707144e+00 2.606904823737212773e+00 2.461403789014026344e+00 2.429207379106906650e+00 2.353058899102951074e+00 2.230400400235550862e+00 1.991406243777495533e+00 1.897903927744342356e+00 1.878496496912637426e+00 1.771384576658493470e+00 1.668004453994285097e+00 1.545844020360799931e+00 1.526775637050225232e+00 1.358049749842534792e+00 1.366467020827361933e+00 1.264637957939809265e+00 1.191647781306756526e+00 1.071789011179792528e+00 1.002557350848103157e+00 1.018557576675237941e+00 9.609446790286922946e-01 8.915781740796472343e-01 8.332501773250851063e-01 8.125680904329195542e-01 7.307615038652124362e-01 7.648668230751997088e-01 7.400107166818519211e-01 7.831168270553017230e-01
9.380043150499192128e-01 9.661937714941757349e-01 1.099415856396804170e+00 1.282850767230050204e+00 1.408526731289371448e+00 1.594441546023414036e+00 1.684495724854420562e+00 1.840936792377493747e+00 2.083783740942542373e+00 2.287150029213467217e+00 2.585712845457719400e+00 2.812583402357392348e+00 2.891847917536851664e+00 3.311007027905644939e+00 3.456486407370753522e+00 3.660462105357714435e+00 3.986531896261367613e+00 4.220974496476276094e+00 4.549615972565869804e+00 4.479390711457240215e+00 4.739415826069826032e+00 4.973454843220628696e+00 5.246951086499452188e+00 5.443733702585340062e+00 6.028662359001931925e+00 6.347878602721291230e+00 6.499548588318308617e+00 6.448501661299211207e+00 6.782021584210881748e+00 6.709551689473492786e+00 6.969783026165951689e+00 7.237557533236091523e+00 7.715546699038870138e+00 7.448062695451762139e+00 8.062727885703184327e+00 7.963055193005827093e+00 7.782995377209249277e+00 8.581116706554215767e+00 8.315549063906637173e+00 8.215392247584212271e+00 8.456488594580166662e+00 8.727349047423830442e+00 9.022358066313099556e+00 8.986624903272483422e+00 8.386063852807662755e+00 8.522769773413948258e+00 8.427893872734893321e+00 8.744870932920651541e+00 8.401448046466287067e+00 8.587874791993474588e+00 8.277403370632207213e+00 8.782426387298407633e+00 8.878881288586445208e+00 8.047450118451427770e+00 8.630776746188741910e+00 8.426852926228679763e+00 8.277188646875424993e+00 8.179699279324367467e+00 7.736241325453630857e+00 7.691793027537687344e+00 7.456302278416782947e+00 7.898516110218475106e+00 7.531652929287514731e+00 7.446884800939974625e+00 7.521678325185458647e+00 7.242167205596823365e+00 6.949653538499961591e+00 6.429370723047895808e+00 6.755796179515286326e+00 6.503350220582774455e+00 6.112467020378510085e+00 5.925103627454959998e+00 6.133877036244968828e+00 5.566225739377062887e+00 5.625832092209096302e+00 5.668404612787862895e+00 5.062772219962770492e+00 4.879781251925355612e+00 5.035521007177922392e+00 4.514744497807114954e+00 4.572773677837641770e+00 4.216797500568290502e+00 4.259025724055636175e+00 3.975844235551051487e+00 4.012787318857665042e+00 3.634935941911308088e+00 3.566953389996619705e+00 3.376823283215952376e+00 3.408045645750095165e+00 3.245551754140330925e+00 2.934227685280860420e+00 2.821267539055300588e+00 2.684841759043265608e+00 2.713718123639748292e+00 2.550932430407576224e+00 2.510047345237249594e+00 2.317386231983452838e+00 2.115243937592024448e+00 2.126262206355098883e+00 2.055331304293793515e+00 1.808153487535817172e+00 1.807316902789900093e+00 1.620762908669832081e+00 1.567532304093004702e+00 1.579696764323866853e+00 1.374235797600936726e+00 1.315033457832325503e+00 1.270072009535864632e+00 1.258735970491544176e+00 1.126881735148458796e+00 1.040438304035705919e+00 1.028163529154483724e+00 9.739596415428968257e-01 8.733640409889663614e-01 8.412801156857210305e-01 7.744759952124345981e-01 7.789278118799931594e-01 7.519555811072037299e-01 7.796538918418893793e-01 7.881547941230404586e-01
8.661145241351264623e-01 9.919017061726296269e-01 1.132305608799041963e+00 1.290079452102459667e+00 1.448943533833686681e+00 1.532288614894439682e+00 1.653498976088097150e+00 1.922088672746276927e+00 2.138246957666558146e+00 2.229313047854025065e+00 2.541613304317150490e+00 2.593949936792483868e+00 2.957546294170763979e+00 3.033690342054214728e+00 3.502936508240604763e+00 3.803019875413772066e+00 4.001704713428339666e+00 4.121768359161237072e+00 4.344404809824402136e+00 4.728299741904502973e+00 4.677570429482166503e+00 5.130341492158002836e+00 5.147456324294115149e+00 5.493177389075110995e+00 5.744323720329535199e+00 6.060921790545606314e+00 6.342063986177727486e+00 6.463160590539631656e+00 6.980793637104311777e+00 7.191181121184567537e+00 6.813261339269815586e+00 7.424703016084259311e+00 7.810540379228365637e+00 7.346879756073874113e+00 8.175181107400621983e+00 7.978108022165856461e+00 7.960278152353062353e+00 8.074719003080605972e+00 8.614682920270816169e+00 8.428637108140819123e+00 8.414273315459075420e+00 8.188627584144846594e+00 8.328036828482590082e+00 8.687270919465076346e+00 8.566374333236939975e+00 8.798243155353219436e+00 8.663251452283066811e+00 8.811736534778173535e+00 8.491897260010700776e+00 8.356481401545801546e+00 8.898143351748792895e+00 8.664807378944745508e+00 8.648788516191951103e+00 8.678409070494350175e+00 8.454845553709056105e+00 8.477299895310730804e+00 8.104005063540787646e+00 8.024162125015342539e+00 7.617437343561050511e+00 7.716565133507006458e+00 7.640530820652479349e+00 7.292532562279577135e+00 7.594265576402673190e+00 7.394607407059517357e+00 7.226409574793677848e+00 7.171736140751738375e+00 6.686083724622797320e+00 6.885449910666926243e+00 6.443927105838780811e+00 6.578110903394277287e+00 6.056634661961919797e+00 6.028294756802290877e+00 5.861952440700776812e+00 5.924108335688435645e+00 5.340256484533468573e+00 5.344172531871017817e+00 5.358869717079621786e+00 4.907115361580536295e+00 5.099584481064175279e+00 4.813096220534762715e+00 4.821111423491325709e+00 4.386659714718078362e+00 4.309831205307803614e+00 4.325349723436780813e+00 4.037963200202487890e+00 3.941150279689958236e+00 3.854821314064436510e+00 3.563558344450270532e+00 3.451489345068424530e+00 3.083918437211505825e+00 3.205956505537923107e+00 2.979705590059304576e+00 2.721408744308709160e+00 2.658113140670712582e+00 2.657801717438049049e+00 2.369284614563740288e+00 2.425684551890431084e+00 2.286327882594560101e+00 2.188326684609232853e+00 2.043383140781914964e+00 1.825204589209062256e+00 1.865814807854498714e+00 1.664874797863972411e+00 1.665385078237931138e+00 1.468244516429899615e+00 1.388926521639553213e+00 1.371709087216859135e+00 1.354686737333949953e+00 1.181481303734662758e+00 1.188720098208672749e+00 1.062285807452760134e+00 1.036755078523892593e+00 9.692946828876195520e-01 9.222775349076409723e-01 9.010771194633319103e-01 8.229102369668518380e-01 8.054335526865950001e-01 8.012423071473939729e-01 8.049307749499987619e-01 8.185033716392672298e-01
9.457480413962966459e-01 1.063355086462495214e+00 1.090179150948013209e+00 1.215023721353547526e+00 1.406650949037811849e+00 1.586816511583944100e+00 1.673227808448436438e+00 1.909599892504729279e+00 2.129366530819677195e+00 2.350845647400868099e+00 2.406093614928264124e+00 2.563537558286675733e+00 2.961120698101213478e+00 3.241898989852393775e+00 3.225163191979849575e+00 3.531887337242886282e+00 3.690408249085752601e+00 4.010076208062116621e+00 4.141441968889076897e+00 4.698624311816859134e+00 4.950040012658691424e+00 5.073929370617578094e+00 5.083775653449897902e+00 5.494330467761679770e+00 5.646087917760155506e+00 5.868118775119572916e+00 6.080502879395651483e+00 6.507015482752287028e+00 6.913919322455263305e+00 6.740896185189702017e+00 6.933303121110863998e+00 7.243829644375084698e+00 7.302736376960175413e+00 7.985220995965337742e+00 8.092826282746527156e+00 7.842766538478438854e+00 7.802786723726502061e+00 8.338901483986417063e+00 7.937068378455588658e+00 8.714004377221762354e+00 8.268766657503759276e+00 8.856235001489917380e+00 8.465226668122010523e+00 8.458058098135069258e+00 8.311277905212834938e+00 8.690385666756199612e+00 9.001271069051231422e+00 8.313035496230538612e+00 8.379074760884693163e+00 8.427367915436397183e+00 8.351088660421261523e+00 8.642658133948199151e+00 8.627717506142683845e+00 8.487984232390893169e+00 8.196178819449569275e+00 8.085049812395354252e+00 8.567792586114682862e+00 7.981991560180135004e+00 7.668231237644193676e+00 7.808716648038672048e+00 8.013657131172584158e+00 7.631803040693182716e+00 7.348676618044277298e+00 7.468879221114300471e+00 7.242650299064814945e+00 7.392749108148031212e+00 6.804979966667338509e+00 6.953482172328623534e+00 6.387205791705752311e+00 6.659358582636983215e+00 6.523765374780460036e+00 6.277322021495875148e+00 5.756805240494102804e+00 5.733189986680799599e+00 5.598034791308879043e+00 5.664680487753344096e+00 5.220473344270823546e+00 4.945576397174446193e+00 5.106972885926032824e+00 4.998645748434236147e+00 4.851749132655849728e+00 4.669350282676606234e+00 4.504674362985870317e+00 4.341578123726512750e+00 4.114657473136098531e+00 3.918449614109150492e+00 3.728325317893139257e+00 3.503728112011883500e+00 3.521910648103805830e+00 3.295193708033137270e+00 3.036540922771711060e+00 2.921829368863261056e+00 2.923727178434499585e+00 2.641505581992799723e+00 2.519880135742583072e+00 2.503468399161880242e+00 2.439949960807842988e+00 2.144879180437211375e+00 2.043713112223858541e+00 1.939851096147877429e+00 1.914047752060149099e+00 1.925780604233815474e+00 1.817000628622269298e+00 1.660323689456293605e+00 1.580673093834378040e+00 1.458611831133433512e+00 1.340770792700646030e+00 1.270121270815651515e+00 1.281780118190363638e+00 1.115643402106554660e+00 1.092761741607281012e+00 1.054874639080067622e+00 9.926698861238708593e-01 8.806103932706689230e-01 8.816206290891993591e-01 8.199955179615064926e-01 8.020656582434235737e-01 7.943335666858474253e-01 7.499646856779454973e-01 8.404481131536994942e-01
8.913399426400969716e-01 9.944554668014359278e-01 1.094437618222944719e+00 1.199589192740078802e+00 1.374038588822722007e+00 1.565038879496705837e+00 1.685131680463887838e+00 1.932662111831882079e+00 2.018440313251416818e+00 2.261126427340835576e+00 2.361519892187906144e+00 2.722499855970783589e+00 2.835101572098205569e+00 3.001117834310500498e+00 3.337846362113141119e+00 3.434834734641452947e+00 3.927490579865511311e+00 4.042156453169172714e+00 4.077403937464609385e+00 4.732564454716117197e+00 4.991262763929679380e+00 5.020800910030286168e+00 5.011509117636324007e+00 5.649502198718090895e+00 5.840456301262232586e+00 6.254987596516046189e+00 6.451764501711424238e+00 6.688236308775878491e+00 6.651904928318203680e+00 6.857583117714343146e+00 7.221412714746914041e+00 7.579142356610613085e+00 7.439982520049810866e+00 7.316523369776946062e+00 7.405734077264329862e+00 7.695799382156503832e+00 8.207842155473310086e+00 8.352717224040452138e+00 8.406737397083968943e+00 8.659381824389736693e+00 8.460793698453619172e+00 8.656308306781191675e+00 8.252727084340607533e+00 8.917885872593187102e+00 8.496252850800567913e+00 8.282806465699856346e+00 8.915285051478607059e+00 8.946089132003004707e+00 8.362631663389121783e+00 8.400634021185867439e+00 8.418274156988104551e+00 8.117171986905036718e+00 8.800278491456982266e+00 8.685595274031397750e+00 8.287884391377337678e+00 8.224107508018798640e+00 8.483345757226452122e+00 7.701992844239352820e+00 8.082384688861075972e+00 7.892556501368940935e+00 7.809617842906380503e+00 7.339504963567830664e+00 7.788328577557250831e+00 7.725807824668921242e+00 6.909062370820580057e+00 7.353431212278503715e+00 7.247346375247293082e+00 6.927961612992827867e+00 6.507651790482110066e+00 6.557005355326603002e+00 6.409380359417643724e+00 6.337731810080920347e+00 6.073784191290628520e+00 6.092265566002535770e+00 5.868606593836937613e+00 5.387006948882602231e+00 5.126656498545305141e+00 5.025554458271254354e+00 4.815813596361506299e+00 4.751007976236329533e+00 4.899112987562425303e+00 4.416606174294657627e+00 4.555884880751568389e+00 4.010862735283997615e+00 4.054905961720863594e+00 3.813863638507244858e+00 3.881198646874372216e+00 3.751462945971806739e+00 3.590332516199993940e+00 3.383248484070987772e+00 3.120442609202993545e+00 2.878794349517937334e+00 2.826211900072121086e+00 2.762840003209277029e+00 2.571736173607813036e+00 2.404886005843918539e+00 2.384954809069347537e+00 2.228430925608606561e+00 2.086082882621388634e+00 2.095966723783837526e+00 1.902168953407241681e+00 1.916407047468032365e+00 1.828092215475293436e+00 1.596513788676482859e+00 1.528365250250573792e+00 1.449271970536259779e+00 1.477202462394776594e+00 1.362480922693977359e+00 1.212692597580556031e+00 1.134085284738104438e+00 1.166360385836725522e+00 1.064218980457639407e+00 1.009880768691885145e+00 9.670308751454785856e-01 9.018377527364199731e-01 8.274808776983622050e-01 8.520418877916159373e-01 8.023897163341217054e-01 7.730203204361829616e-01 8.291487056390608457e-01
9.396819207042027555e-01 1.051197956629706054e+00 1.180857614904084141e+00 1.298127894723804410e+00 1.420242910438948236e+00 1.459183908712348154e+00 1.728238585868471677e+00 1.906010042066650811e+00 1.965691189654830362e+00 2.296237075915886994e+00 2.357938021314117005e+00 2.736402302255533492e+00 2.849727226058258900e+00 3.078427909680919061e+00 3.275760730440755886e+00 3.515436830687069580e+00 3.785352054529448118e+00 4.064933272609621895e+00 4.156268732025185209e+00 4.667119230462868806e+00 4.870917743184918436e+00 4.772773449074044549e+00 5.417491493737557562e+00 5.581102175926694997e+00 5.919429836029919123e+00 5.689367122048927250e+00 6.057372366937965324e+00 6.698501641419261077e+00 6.630555978023476627e+00 6.666368522306724387e+00 6.977747226926342528e+00 7.195777357274237396e+00 7.240798197716844520e+00 7.594533225948134181e+00 7.771892216443966994e+00 7.913697248553583030e+00 8.196376183129642001e+00 7.962447427990653637e+00 8.523284449437234400e+00 8.004022605321257089e+00 8.435942603323303146e+00 8.317196347601770512e+00 8.327644009188944096e+00 8.131334373730506826e+00 8.806717025097396956e+00 8.432476719544272470e+00 8.242510836683129227e+00 8.676872801829075499e+00 8.911878425583115160e+00 8.972802301983934470e+00 8.655086974013645573e+00 8.649302116274064645e+00 8.076601643751008197e+00 8.438330001727100793e+00 7.977812112365662678e+00 8.191858763197819471e+00 8.232656769717683787e+00 8.458346502112119580e+00 7.900744711823867839e+00 7.495313459166913717e+00 8.045600271626053512e+00 7.308351949328412367e+00 7.174771472712682119e+00 7.186893409721037962e+00 6.922989292146690232e+00 7.419941033305654798e+00 6.953361399666814435e+00 6.867129825776652652e+00 6.975364826998609047e+00 6.263129009776641887e+00 6.277042525714308319e+00 6.187442328273482950e+00 6.176666890269800980e+00 5.975562889959293855e+00 5.568413553844599129e+00 5.765290077866316309e+00 5.267468735117036616e+00 5.222274046890382770e+00 5.048419096023669894e+00 4.957552778860520704e+00 4.918797834923635648e+00 4.618828812408834139e+00 4.303610170266395585e+00 4.326311046264626370e+00 4.010616774066833479e+00 3.930154573050028244e+00 3.667395642620694396e+00 3.542724266866598803e+00 3.516107631686189006e+00 3.346160875535557633e+00 3.093373993778456565e+00 2.993920245525909074e+00 3.051826303753763181e+00 2.735864453185794520e+00 2.598344432442097673e+00 2.504700058181634770e+00 2.364599203063014965e+00 2.375041298001736578e+00 2.102008264497992496e+00 2.077451809265821403e+00 2.042565953725547612e+00 1.973692577942847137e+00 1.742636267201303824e+00 1.676362892421142226e+00 1.631732579581652187e+00 1.567277126480542959e+00 1.367602904483573134e+00 1.378051631741109784e+00 1.311399236699642756e+00 1.258311596489718909e+00 1.174739412627036517e+00 1.082705151552645795e+00 1.067224743592664726e+00 9.211830585395731630e-01 8.746391090668073076e-01 9.056053216079281709e-01 8.549861378465222206e-01 8.135920616624355839e-01 8.001349596534527153e-01 8.909865424695062597e-01
9.573802508759539087e-01 1.005054012289122500e+00 1.128200080288337404e+00 1.319424338779332517e+00 1.450899479665109570e+00 1.462843615776992845e+00 1.597705600496081235e+00 1.838616046152931061e+00 1.959433245528552137e+00 2.228780291633845501e+00 2.456647166385562908e+00 2.498205660014448437e+00 2.889634641612295773e+00 2.898141123209810655e+00 3.252156832535301412e+00 3.310646707295573421e+00 3.680052306679415075e+00 3.970804548147107038e+00 4.269759693882882345e+00 4.635206548339830590e+00 4.491393131342257483e+00 5.120183352682046163e+00 5.115990648395400520e+00 5.389946025948062491e+00 5.794822526022072040e+00 6.009180680693429366e+00 5.963360534775346444e+00 6.163711154941165837e+00 6.558689180753827230e+00 6.561154071243725738e+00 7.039729949357613314e+00 6.922544558621863686e+00 7.456024766113291236e+00 7.639138101158858163e+00 7.657529519491933279e+00 7.441018284032047347e+00 8.050928240675762737e+00 7.911518734588551816e+00 8.136698534301201491e+00 8.349034072604327505e+00 8.049891075817356523e+00 8.102827506852060324e+00 8.040863957525269612e+00 8.398173727670808830e+00 8.142402483199564500e+00 8.347706147191404469e+00 8.559880231431108655e+00 8.372484626120591855e+00 8.530166360994732244e+00 8.517341122466833170e+00 8.318979727077461916e+00 8.666971754497911462e+00 8.286202750462443589e+00 8.160263914503847360e+00 8.642820928448918139e+00 8.139353062017965712e+00 7.997644203595611678e+00 7.917860120952147085e+00 7.857605058935726916e+00 8.251787931811197296e+00 7.703069326983245979e+00 7.850578061023241183e+00 7.577923749716833690e+00 7.291216082333337845e+00 7.233185323465048278e+00 7.131945774313027897e+00 7.002078950400771440e+00 6.965495767922226911e+00 6.578615789650933188e+00 6.651111320113058945e+00 6.451543959284135710e+00 5.930304455415523535e+00 6.177361497185525963e+00 5.816366721119044847e+00 5.750463331355874175e+00 5.323388357642856228e+00 5.618992967269062611e+00 5.405048841030533957e+00 4.842592010113356160e+00 5.025543826692270066e+00 4.664662360351401915e+00 4.503257291321249411e+00 4.366931181822356400e+00 4.091278323641516224e+00 4.097343447709387299e+00 3.845507775341628243e+00 3.898420085324327822e+00 3.551914050025292369e+00 3.572342443022289427e+00 3.388404985107991596e+00 3.131252449655799186e+00 3.059092108716139347e+00 3.039546672653897552e+00 2.927107030176293812e+00 2.585266883611345712e+00 2.492523381557584017e+00 2.362199938092708340e+00 2.415693694239968714e+00 2.219101131815229611e+00 2.220133820406551717e+00 2.004917888191822151e+00 2.003994322176179566e+00 1.775410709513293384e+00 1.724966990772061060e+00 1.589392562438356027e+00 1.505028893004983992e+00 1.422554519660647721e+00 1.393195562352147920e+00 1.301616042287589980e+00 1.250704189055987348e+00 1.192524845158420721e+00 1.120915556357484633e+00 9.953984494603922428e-01 9.381470238062795675e-01 9.664869828497520965e-01 8.741255375836078922e-01 8.571312540735351870e-01 8.174027059677135831e-01 7.982397629354981428e-01 8.907982858541307891e-01
9.462253090869032768e-01 1.042607995363977524e+00 1.147955728133516207e+00 1.320362201589045270e+00 1.425490611931713447e+00 1.591310543208505068e+00 1.740576549073825863e+00 1.766815754006645145e+00 2.086604355093718333e+00 2.101684019072981080e+00 2.493903137429017924e+00 2.472421732800808680e+00 2.917403914806299348e+00 3.099646942674915362e+00 3.081787394026999749e+00 3.366814274645003380e+00 3.741206029105099695e+00 3.958197368680445027e+00 4.329321100692593127e+00 4.458806486337826946e+00 4.805357149125333294e+00 4.829092344098885548e+00 5.210266803781488321e+00 5.211251806695130995e+00 5.387749182566845541e+00 5.937395991870086931e+00 5.980449274362267253e+00 6.033039279779472963e+00 6.688190216630439444e+00 6.424346382338726791e+00 7.208212837542705920e+00 6.912519944519202930e+00 7.443833226371893375e+00 7.450557765951516309e+00 7.529122877555673554e+00 7.975188232950075395e+00 7.833218345341348865e+00 7.899985934652504760e+00 8.289573602368383476e+00 7.961853207657417997e+00 8.014035794729743145e+00 8.379757006744222636e+00 8.614976172078014471e+00 8.853199677754114205e+00 8.544513273425241806e+00 8.166167333140760931e+00 8.371704716389848144e+00 8.668849995692918142e+00 8.633905594541182893e+00 8.817574438017778959e+00 8.695557362119330946e+00 8.865621314406560316e+00 8.164985813559544781e+00 8.174994432916559362e+00 8.680544271382123256e+00 8.229371555652512882e+00 8.397014794229635370e+00 8.119096075971516058e+00 7.741827386842905057e+00 8.106305700611178722e+00 7.844227735547580238e+00 7.434413794181999435e+00 7.812636848676935308e+00 7.633492502076390629e+00 7.137957771445559096e+00 7.310328107237335615e+00 6.697717135074117145e+00 6.770874211690435018e+00 6.649850021655207222e+00 6.273541173376522728e+00 6.092683636647330481e+00 6.152126723166404076e+00 6.108863511150918413e+00 5.886001481004199398e+00 5.696963639991961870e+00 5.799142420951927335e+00 5.415062883477586020e+00 5.210823222773527164e+00 5.269262998417135968e+00 4.931022659084984383e+00 4.986997860387630155e+00 4.578085948344486233e+00 4.495792066822092536e+00 4.514336969694944024e+00 3.988446258467500893e+00 4.076566089465728737e+00 3.797355472225885098e+00 3.619089574215025529e+00 3.483275745570950210e+00 3.381873675229221554e+00 3.163746894219074068e+00 3.079318638629265248e+00 3.054002448986671059e+00 2.837298910643780925e+00 2.844677319599078658e+00 2.723659472080447674e+00 2.610438572203436447e+00 2.286076179272550579e+00 2.185764458790909526e+00 2.176657395344473223e+00 1.958270608590416462e+00 1.995656085985391348e+00 1.835041705516418986e+00 1.804398918251660211e+00 1.680526808096265867e+00 1.554681920382535276e+00 1.450853562836512234e+00 1.457802819801783611e+00 1.373176850080589650e+00 1.276953566440267585e+00 1.222577823693038246e+00 1.100208435075677560e+00 1.078488243407121461e+00 9.579166019533048582e-01 9.255048475544840336e-01 9.335558117318959459e-01 8.602197224452816648e-01 8.466909879517872106e-01 8.493819330543708190e-01 8.798896063340052587e-01
9.508647785425113907e-01 1.038380495093406353e+00 1.148716716683494177e+00 1.328206390407023374e+00 1.451833623989772670e+00 1.522383787680288814e+00 1.622370605944381206e+00 1.887033236162279692e+00 1.960025528353729563e+00 2.107751903346338995e+00 2.387921080444595390e+00 2.563399919532649118e+00 2.623915181356097914e+00 3.017822118528455722e+00 3.095412929316673889e+00 3.545898236350395027e+00 3.565619648926668273e+00 3.865765647181873543e+00 4.302817373250017674e+00 4.280806414522519532e+00 4.619029453227203597e+00 4.928603969359701686e+00 5.139444760094826314e+00 5.108223118229586746e+00 5.312381266103769484e+00 5.857887799938375828e+00 5.722279023516901653e+00 6.132796945041575576e+00 6.434865255099720294e+00 6.341461985300846926e+00 6.887156355534234997e+00 7.370149530963453266e+00 7.200447893554051682e+00 7.554880919556316243e+00 7.574175804248763022e+00 7.851580285865015441e+00 7.758807901508343541e+00 8.127928921827706432e+00 8.428936649359110689e+00 8.343022087773393380e+00 8.221700042133164743e+00 8.673975176589982183e+00 8.562258173214692292e+00 8.235031877617670304e+00 8.305370723690963075e+00 8.467842549068974378e+00 8.328579494441843423e+00 8.890700166543748395e+00 8.548079663903571657e+00 8.857299101866718871e+00 8.453326221685221853e+00 8.171659561615019385e+00 8.871630802858440745e+00 8.085878200273445060e+00 8.231143406199930013e+00 8.329977379184125397e+00 8.404933283633871710e+00 8.418047354413674910e+00 7.637697644562548405e+00 8.083044266705861958e+00 7.854715778164957918e+00 7.716396820549721092e+00 7.572486960051122651e+00 7.152516778746585757e+00 7.496841720742390969e+00 7.018940063049170064e+00 7.041363269721939488e+00 6.651844514159264143e+00 6.663692007605765966e+00 6.388295630277530890e+00 6.481589724401424668e+00 6.510540760230064450e+00 6.397730786275044323e+00 5.743210959802178550e+00 5.612552866416645081e+00 5.613166283668340917e+00 5.340770968762824644e+00 5.062599332501860339e+00 4.978455421686443394e+00 5.109695600796180237e+00 4.622162782464997122e+00 4.604104485299181704e+00 4.348523038550860420e+00 4.480814312173106551e+00 4.237498078748179964e+00 4.137089203469768606e+00 3.846743220105729222e+00 3.758976049924689367e+00 3.680320617010237605e+00 3.294392207677611317e+00 3.201757665656859597e+00 3.164462095863502800e+00 3.103382624100382792e+00 2.907827775412119564e+00 2.729038681773169106e+00 2.583110778344232639e+00 2.629482697905074051e+00 2.401217259835517481e+00 2.175285429468833520e+00 2.127746665918345936e+00 2.159817545790180482e+00 1.983581617162619493e+00 1.809729715523047178e+00 1.693793608310622423e+00 1.618339595832837707e+00 1.664249027246335277e+00 1.453920948523807821e+00 1.377955207270130433e+00 1.352618018154074564e+00 1.262380229930791797e+00 1.182216898674173677e+00 1.106243226447633177e+00 1.041661434075880077e+00 1.056675351538562735e+00 9.451242983939257547e-01 9.572055643258883251e-01 8.561891193105037878e-01 8.720809939544507117e-01 8.723203530920461413e-01 8.659581422512153681e-01
1.001662599925485120e+00 1.078364761674284189e+00 1.106736927132025761e+00 1.324987120057945944e+00 1.326258641228221791e+00 1.473370096086295655e+00 1.721759398188149603e+00 1.813058124205718880e+00 2.018036788322421060e+00 2.088053423755984461e+00 2.335230235400387766e+00 2.507016302393187068e+00 2.829096969470700440e+00 2.801629237754376778e+00 3.282780687467296676e+00 3.246860414931560967e+00 3.746930025993320701e+00 3.688026778462928590e+00 4.104931341426727442e+00 4.270316139980637971e+00 4.486372188789010451e+00 4.683388816022831413e+00 5.110280277158171458e+00 5.297938404434319182e+00 5.328504682728561370e+00 5.911013666883392581e+00 6.147805283335062043e+00 5.872848003505783510e+00 6.420035313949498779e+00 6.680543470903340442e+00 6.996159622265219369e+00 7.175334119493478546e+00 7.420105578912010280e+00 7.092792102220649930e+00 7.691936737069313246e+00 7.882736285239787755e+00 8.099418782384397275e+00 8.181047859548549184e+00 7.794427073251378957e+00 7.967860700063652324e+00 8.381685768539920645e+00 8.124406732489847016e+00 8.592744470328261386e+00 8.696891859632032151e+00 8.835591544563197175e+00 8.887715999923187837e+00 8.625273351170978486e+00 8.628430258791658147e+00 8.120661517739184987e+00 8.245076998311239080e+00 8.901341472695424528e+00 8.730002839668726367e+00 8.378964834118706406e+00 8.624351815836078572e+00 7.921386104361902269e+00 8.124735578728985885e+00 8.348676066355878334e+00 8.047463366000679130e+00 7.947606584078727998e+00 7.689369854995336873e+00 7.423491747582614764e+00 7.612701060966799105e+00 7.725112703591890728e+00 7.412425289224549907e+00 7.167316804744641168e+00 7.117887856230334265e+00 7.318651006817668225e+00 6.953718524880334151e+00 6.724301386583754869e+00 6.562131801177486068e+00 6.481177199865610028e+00 6.037184590451137645e+00 6.181755775519866880e+00 6.225554926290421065e+00 5.566989153185257777e+00 5.618937565297341230e+00 5.746213655945514809e+00 5.394649943197676656e+00 5.353316138722737705e+00 4.876155753074693955e+00 4.851655647095223678e+00 4.893935956647776919e+00 4.541813433945381284e+00 4.188038150472415566e+00 4.240817695377032237e+00 3.940469858168016870e+00 3.854030971094028146e+00 3.815292668288358779e+00 3.488132536152519059e+00 3.566538134184979558e+00 3.483602983618163673e+00 3.300914927433891588e+00 2.915013927350199374e+00 3.066634381267502096e+00 2.913019524089435208e+00 2.576334169907037897e+00 2.497721362598760209e+00 2.366471303050227348e+00 2.228951949746366346e+00 2.234616778416450789e+00 2.061613408859677588e+00 2.034848873440833206e+00 1.949011118786292629e+00 1.798373488355761385e+00 1.732846535821438883e+00 1.598500811957431100e+00 1.517171476030896748e+00 1.456258243466280522e+00 1.339472216561609752e+00 1.315446122807288454e+00 1.183542143215877251e+00 1.205511748219910251e+00 1.089370976496396581e+00 1.035922803421587268e+00 9.402854934489187633e-01 9.359935527649935194e-01 8.741914140485047557e-01 9.102258758593445576e-01 8.805352632197281926e-01 9.258099704351586690e-01
1.015619105401885269e+00 1.087175444352024067e+00 1.210596897985993348e+00 1.264152686599532061e+00 1.422930615148561451e+00 1.451743919138448691e+00 1.684298536209132058e+00 1.752377496959253156e+00 1.938091810919557734e+00 2.247177614710438753e+00 2.331138177220062779e+00 2.598693667091190207e+00 2.809419289454925028e+00 2.991970569426120719e+00 3.163859081010158114e+00 3.478127715974229872e+00 3.523411093404936523e+00 3.863154611340611222e+00 3.947750678454783557e+00 4.483953087227141587e+00 4.428424396592738788e+00 4.665190227536641032e+00 4.822498651232639766e+00 5.440521405311620207e+00 5.445083909432942626e+00 5.856960379773947345e+00 5.633649104719333778e+00 5.976765593884166172e+00 6.162236754046244158e+00 6.331632911091388927e+00 6.582272945429358479e+00 7.155023140693944406e+00 6.994989417263920650e+00 7.535482353318653459e+00 7.313022669280202059e+00 7.924727369838540092e+00 7.702610006782596663e+00 8.111675190887783771e+00 7.868906426461489190e+00 7.925277347531792138e+00 7.934308437144912851e+00 8.534069366684825297e+00 8.586945396679837472e+00 8.711029227687388854e+00 8.395401459484565621e+00 8.138746055821727055e+00 8.358982784269654687e+00 8.793341634658629502e+00 8.123258231568868837e+00 8.567727544737071099e+00 8.246766111851844272e+00 8.860354455060020840e+00 8.372607194174612744e+00 8.693231657986608241e+00 8.365592562849915481e+00 7.886711977225863812e+00 8.505904971692409333e+00 8.373644355769338077e+00 8.333873050568994856e+00 7.809637502691236577e+00 7.876266959243741539e+00 7.348887898713172717e+00 7.452742439271088593e+00 7.628061532398363376e+00 7.058056141371953807e+00 7.073752714465236124e+00 7.016141988011981745e+00 6.697469147928692301e+00 6.879646044494827528e+00 6.570244910229200208e+00 6.545196263508127110e+00 6.362162591773659059e+00 6.007012100934895571e+00 5.800123088310996877e+00 6.103833714649573139e+00 5.730069645815554225e+00 5.494518627475881267e+00 5.130066332730470968e+00 5.457303137571049234e+00 4.959545435134738334e+00 5.013181065415101223e+00 4.566086931110056035e+00 4.672555668070609514e+00 4.518310901264515067e+00 4.365109307961756002e+00 4.187597609838134893e+00 3.869676699733844760e+00 3.982306217289656392e+00 3.708655295574318611e+00 3.424733946516886007e+00 3.251230440748863693e+00 3.369676527282109646e+00 2.944127940204975591e+00 2.905369065307896737e+00 2.699995519483129325e+00 2.827042405024674299e+00 2.552948315276740932e+00 2.437212604747495348e+00 2.377278391404520352e+00 2.195715417584169327e+00 2.155661734331310253e+00 1.962587208735177002e+00 1.999365922406026508e+00 1.757248996379181527e+00 1.723847093229814886e+00 1.617003826032738401e+00 1.581829486154608722e+00 1.525001724530240299e+00 1.438051664755894965e+00 1.254379121323807134e+00 1.269614103066222022e+00 1.124625331160361119e+00 1.105104407560602242e+00 1.046851909504448841e+00 1.017163133362169791e+00 9.683983548351368098e-01 8.980909572720608969e-01 9.161784007135658214e-01 8.546707549195482478e-01 9.409117495175784995e-01
1.000021026948878289e+00 1.039683820478927823e+00 1.159703125580354266e+00 1.256647130927821987e+00 1.437726522639100724e+00 1.550972746867950613e+00 1.697997606184050046e+00 1.875936842394842152e+00 2.054255139928518936e+00 2.209560660743401961e+00 2.244973874535042047e+00 2.386181717775365918e+00 2.611426297356097326e+00 2.937788669754508586e+00 3.117782896097369250e+00 3.161468288038298713e+00 3.689140042963201083e+00 3.602524575903796489e+00 3.871749697532049783e+00 4.434274245788348168e+00 4.464147175670643009e+00 4.941915355877662286e+00 5.129239842864977916e+00 5.046751066705783551e+00 5.152691307245997443e+00 5.364654572520929143e+00 6.091812235573243584e+00 6.117627029928484284e+00 6.234453686870470968e+00 6.369008791870348851e+00 6.491668017831735860e+00 7.037175997405143768e+00 7.300922311070965343e+00 7.535937022780751171e+00 7.317034736084199409e+00 7.469682401064246413e+00 7.582667948501597976e+00 7.731184429289744031e+00 7.993448336999280812e+00 8.369561290702099754e+00 8.466746374372766226e+00 8.008713521048688833e+00 8.213960112768015520e+00 8.011923231724583871e+00 8.198893504483693917e+00 8.568592384003835605e+00 8.175771975813024284e+00 8.486266411223580164e+00 8.676810016097865841e+00 8.696836591583590348e+00 8.135213263490886249e+00 8.216145196578256815e+00 8.735745516258390353e+00 8.173011599962276108e+00 8.077435369459450953e+00 8.080578788719041228e+00 8.093700655285228862e+00 8.265418772393982039e+00 7.903130773004919618e+00 7.572062267992336615e+00 7.918461532178655560e+00 7.687772649868048980e+00 7.308265374625448452e+00 7.502145031303544265e+00 7.026955543740501575e+00 7.209263972606032134e+00 7.135145608351315616e+00 6.699178387132008083e+00 6.748045811737869215e+00 6.720079758162984973e+00 6.627325338724237902e+00 6.086997652664312142e+00 6.502399847578263170e+00 5.981523820355154619e+00 5.872486868212638100e+00 5.565339375384732001e+00 5.738657593263817525e+00 5.293550773335131687e+00 5.114471244148469431e+00 5.064868823895753103e+00 4.976638367580243028e+00 4.898536810921812368e+00 4.583997998263901863e+00 4.523544561146780829e+00 4.092364789019719673e+00 4.017065478753063523e+00 3.983618736995634624e+00 3.818948557834155988e+00 3.589277566883805726e+00 3.664835825043994966e+00 3.428674676274644728e+00 3.333278356274201215e+00 3.025028281450522716e+00 2.986825938605741637e+00 2.987456749524989075e+00 2.650190393853421256e+00 2.731416403390762859e+00 2.425778763618631650e+00 2.308479303958565154e+00 2.353431607502058487e+00 2.057148311359211945e+00 1.957719022966292632e+00 1.893035238657376107e+00 1.904537399673647213e+00 1.808163598867458477e+00 1.621391397538227697e+00 1.600009828230040565e+00 1.503138786729909970e+00 1.394134233511294729e+00 1.298869438108134267e+00 1.304021969009697912e+00 1.237343889581483225e+00 1.093213097678178869e+00 1.058838314875502284e+00 9.820206653829055554e-01 9.773146472662760376e-01 9.038841013547999070e-01 8.824072231140082101e-01 9.153191967146492303e-01 8.765591713262360640e-01
1.040792586294040145e+00 1.066636859440492247e+00 1.141334636443186445e+00 1.318832771574523832e+00 1.372458978488705350e+00 1.480371954440900861e+00 1.722144683639659890e+00 1.729462803204576460e+00 1.894455751094290541e+00 2.029261253310435276e+00 2.311832597226751496e+00 2.504240846647445728e+00 2.754496987254564822e+00 2.873039779041049346e+00 3.149548192664559654e+00 3.439052660615240065e+00 3.349952657296904945e+00 3.823307072165794018e+00 4.077706766831965091e+00 4.004294477299099597e+00 4.548591235384654929e+00 4.735209354903076928e+00 5.031214066339954272e+00 5.028002365576529797e+00 5.616023075232308592e+00 5.843820451290118179e+00 5.577274928994894410e+00 5.891522626870750123e+00 6.227777363679650513e+00 6.225254419750644530e+00 6.930201655150105999e+00 6.537513408758024447e+00 7.096364802857237031e+00 7.393925138675372821e+00 7.014173315035750811e+00 7.317608776051009123e+00 7.396667897974314343e+00 8.118207144174158785e+00 7.638880279790369876e+00 8.231801052650123296e+00 7.871240586477613377e+00 7.863919253108012875e+00 7.981939541788782400e+00 8.054374565147922382e+00 8.229450507339816312e+00 8.495293338985675291e+00 8.579189322694180220e+00 8.083189550589505501e+00 8.646579108932039404e+00 8.712224596755673289e+00 8.053622823800001385e+00 8.624008633671301993e+00 8.538103925740660571e+00 8.147599172293837455e+00 8.637086765313409131e+00 8.380267327551957024e+00 8.250618238794318771e+00 8.154506576293879760e+00 8.064999297375875287e+00 7.870671368433861836e+00 7.533685592838788025e+00 7.544748521141371178e+00 7.300630521822166763e+00 7.603893707395307899e+00 7.306006815744117588e+00 7.282666513026657462e+00 6.927696555253398891e+00 6.717166319991421553e+00 6.630645911388088898e+00 6.366448728781986865e+00 6.281678173690769640e+00 6.350535577386630770e+00 6.419615777189893180e+00 6.229429373675776205e+00 5.747129459569559451e+00 5.825295252129819801e+00 5.791482582168629989e+00 5.297226619791652880e+00 5.232069872350392004e+00 5.181320179452331587e+00 5.157867920321192123e+00 4.655226144187491144e+00 4.833791132445559136e+00 4.573030592201400957e+00 4.488776901582538059e+00 4.080250690552484016e+00 4.194677070220857118e+00 3.880130051703646998e+00 3.668826364123655814e+00 3.589632726378229499e+00 3.355069367158205917e+00 3.330175726808383363e+00 3.155030599292166560e+00 3.105156553128837871e+00 2.750322610906686283e+00 2.754978733159234583e+00 2.702000470886422701e+00 2.647202393692424938e+00 2.404632274546609327e+00 2.278114964685535870e+00 2.245353204109835854e+00 1.999214406993424342e+00 2.026311379030528492e+00 1.948662435310076768e+00 1.859430413642728430e+00 1.636097668539902683e+00 1.622678787236584208e+00 1.472136122145927262e+00 1.374414282446804636e+00 1.343114609939015880e+00 1.320858458007250658e+00 1.156181705548180894e+00 1.168060216885382419e+00 1.109734070807934181e+00 9.929494871773754117e-01 1.027597336295149821e+00 9.417354460819341577e-01 9.349078109389634683e-01 9.440147784082199012e-01 9.320430582578159706e-01
1.032609532626685089e+00 1.053974085570797969e+00 1.208793944563773648e+00 1.226622862543780501e+00 1.337034712361385047e+00 1.542114559065982826e+00 1.653344345166265050e+00 1.710863923006074039e+00 1.879252380761546215e+00 2.125972999122041074e+00 2.334544588841544144e+00 2.382691455066805020e+00 2.630509528478873538e+00 2.956885913425083778e+00 3.181335535249806501e+00 3.354557301691783344e+00 3.423919108575683268e+00 3.718195828456975605e+00 3.922095702491656510e+00 4.221596575318083744e+00 4.175907956884240768e+00 4.697971583585666799e+00 4.738431358221027345e+00 4.882440647759134222e+00 5.261282011262392366e+00 5.680465634798280483e+00 5.906114483084727418e+00 6.059881002791876803e+00 6.411072160048369106e+00 6.293124012233411335e+00 6.488473504478742271e+00 6.892620981754369325e+00 7.240043990816581676e+00 6.841784669915551120e+00 7.146395218719256093e+00 7.549063554428313338e+00 7.574788977896113273e+00 7.654853602378667965e+00 7.852002966878168344e+00 7.645657201816731252e+00 8.127425316139776257e+00 8.255216772410603809e+00 8.616458458894257433e+00 8.108879551929600638e+00 8.004699579439096269e+00 8.159517474237835799e+00 8.741123009698101853e+00 8.075259273001680782e+00 8.439336436028893829e+00 8.168688449106406679e+00 8.365871354556103867e+00 8.152878830554083578e+00 8.817965268366123155e+00 8.447252534992879092e+00 8.690000774621445601e+00 8.026601208923528574e+00 8.425467051331940738e+00 8.460128127242240836e+00 7.822524461180607069e+00 7.968080725498926320e+00 7.896779048993625594e+00 7.399065019419801992e+00 7.393127739520772401e+00 7.254188509715626232e+00 7.440679965884909208e+00 7.183771773688572893e+00 7.288745995745595785e+00 6.770993347552252573e+00 6.532829067808305190e+00 6.668780532930885130e+00 6.773262126257851179e+00 6.169391242093631433e+00 6.350290199952447701e+00 6.195302897679307641e+00 5.916398382770618802e+00 6.051721865431986203e+00 5.630149485014216637e+00 5.522762335608402573e+00 5.081794772027077300e+00 4.949679010911933297e+00 4.998450508032026285e+00 5.000678576566159883e+00 4.453040279219865560e+00 4.531444560229001439e+00 4.175748396064984824e+00 4.215271036066003951e+00 4.196816425664084527e+00 3.785305923730614364e+00 3.821039941359031911e+00 3.602523005843141224e+00 3.541575661883678894e+00 3.486164204842710834e+00 3.286324763766346191e+00 3.113142598488032764e+00 2.787390638664826614e+00 2.781377130529414821e+00 2.737378311855866109e+00 2.574312426987876989e+00 2.522626760247186795e+00 2.210031181498251840e+00 2.248970873850620222e+00 2.069386464052234142e+00 2.036306482415070729e+00 1.963965503575564764e+00 1.718853208822296974e+00 1.671418089792818584e+00 1.673894050528891286e+00 1.525820146729941928e+00 1.481898589010260503e+00 1.428909781788498368e+00 1.317520539322128315e+00 1.238674038974682645e+00 1.128405086061435858e+00 1.104186699719117870e+00 1.032357882417899386e+00 9.775375571506844663e-01 9.854370570016832698e-01 9.406685069021309964e-01 9.186062846921814184e-01 9.368817656334503807e-01
9.891749483534254539e-01 1.083713715539819322e+00 1.164627524944673587e+00 1.228790201463866083e+00 1.329114203078111345e+00 1.512229298530139099e+00 1.602557102208112649e+00 1.799571965224666892e+00 1.847509927011290687e+00 2.006273305425709363e+00 2.304652008547001696e+00 2.353915326766222282e+00 2.524194413410708382e+00 2.942102011963541042e+00 2.903380823461530369e+00 3.334156737943701376e+00 3.565390882635968595e+00 3.652062880406391265e+00 4.013244807810875336e+00 4.255124463753245045e+00 4.381650668240049562e+00 4.725302648475390832e+00 4.804367800998693205e+00 5.006585575882247952e+00 5.504946752403895083e+00 5.555561095591007081e+00 5.433047565838272419e+00 6.123530237492445849e+00 6.027924163581589667e+00 6.623848365571624264e+00 6.776977743843822566e+00 6.948001972736347120e+00 6.733534533174037939e+00 6.864254124326119033e+00 7.235059757079486786e+00 7.222732836699465864e+00 7.881960116443023523e+00 7.972144814993400885e+00 8.030207507202113959e+00 8.028506643455344260e+00 7.777071712637670053e+00 8.428589621690690592e+00 8.114376677706106378e+00 8.614917465358168158e+00 7.989302076826865218e+00 8.113701933936720678e+00 8.751609099154899596e+00 8.539723349947131226e+00 8.815326407405525089e+00 8.233510866197363498e+00 8.150216834482012729e+00 8.387276932496302351e+00 8.428171933973292340e+00 8.236996274647612637e+00 8.182912951794858003e+00 8.534526732020129458e+00 8.199360969114090736e+00 8.172487708706116294e+00 8.206382021855441522e+00 7.977890212423670135e+00 7.763809686354534279e+00 8.072574650161532972e+00 7.860157856621551531e+00 7.615472969168597395e+00 7.763736908480335153e+00 7.232319809619080608e+00 7.433276500123090713e+00 7.116919245578607445e+00 6.708663624576409745e+00 6.668205770596841830e+00 6.405927882971977461e+00 6.731266110803280078e+00 6.473079462522608907e+00 6.209530781361380924e+00 5.860301085739583193e+00 5.795833310201206068e+00 5.548730807336344384e+00 5.514500265015064073e+00 5.110259936774742329e+00 5.294709511878686214e+00 5.022879428789819301e+00 4.966356968912791991e+00 4.873276612619513948e+00 4.765640911515402145e+00 4.269204052612617595e+00 4.130826572704832778e+00 3.958716189675384634e+00 3.824514142141015594e+00 3.937176890931123108e+00 3.568024199176918820e+00 3.466890044463595721e+00 3.222604312874197241e+00 3.377744622771949867e+00 2.944148997308849047e+00 2.922729674138679012e+00 2.711437094089407029e+00 2.643472624769095614e+00 2.520918078616924962e+00 2.478285736999657374e+00 2.384517830321374987e+00 2.157634980214307774e+00 2.042185827063004666e+00 2.002283405616673839e+00 1.963979089153092383e+00 1.786084068247533185e+00 1.773717274072353911e+00 1.656443790435462082e+00 1.633710038739621062e+00 1.470121014063284548e+00 1.384517859632910630e+00 1.299119948778018507e+00 1.206000641357735326e+00 1.169319187179620467e+00 1.127957383550845627e+00 1.064405232839745308e+00 1.063460151507284124e+00 9.363874481114911053e-01 9.344671489044664714e-01 9.544168609787645474e-01 9.438855802520103033e-01
1.069697941959654619e+00 1.134048477849980863e+00 1.159583985398804584e+00 1.303345295279906058e+00 1.384815040350224846e+00 1.489337209923750738e+00 1.651329949046326018e+00 1.780554567579133440e+00 1.918641132658642112e+00 2.187695087373815017e+00 2.281871369087485668e+00 2.471515991834466686e+00 2.556374005691552931e+00 2.735445307110885960e+00 2.929113592917564457e+00 3.219525765904609038e+00 3.331134949514493737e+00 3.595454947935054157e+00 3.781984447815236017e+00 4.285494730735064373e+00 4.407934734381271369e+00 4.547824913928531387e+00 4.713584813073490309e+00 5.094498639729078349e+00 5.078883823895500527e+00 5.253484262359532586e+00 5.811980378117353574e+00 6.092934621852087673e+00 5.816493341261501193e+00 6.028356182246150219e+00 6.186466705245026176e+00 6.839348149762019879e+00 6.531029452825568349e+00 6.947667918803861475e+00 7.552646504688425466e+00 7.370239307702705744e+00 7.812956185359115402e+00 7.304147723135398174e+00 7.691952464811797618e+00 7.510885009048294592e+00 8.190617182844755817e+00 8.036998106323137492e+00 8.569413689026964320e+00 8.032043803096259538e+00 8.001257986616852946e+00 8.221829513789403521e+00 8.515265115564012888e+00 8.004363559388194105e+00 8.567136568808681574e+00 8.173613971172848380e+00 8.731679188012803294e+00 7.995920632760506130e+00 8.694030100005774031e+00 8.424417585394751384e+00 8.484087321904715040e+00 8.578889450886178381e+00 8.433609463179111643e+00 8.225301412472665774e+00 8.219283493537670182e+00 7.584465552534113364e+00 7.835281749237508642e+00 8.143622495930674887e+00 7.630551311233432443e+00 7.891870931995023319e+00 7.494109617050958683e+00 7.263413711289316232e+00 7.045686365479037150e+00 6.698379457945875970e+00 7.003705632190455610e+00 6.851658914433076397e+00 6.593733509314229302e+00 6.627597732083698290e+00 6.384481884201565371e+00 5.860225032111913812e+00 5.861678955592023677e+00 5.657440069659197768e+00 5.678626329712597176e+00 5.540211720708327903e+00 5.432542135634311542e+00 5.104026418657173991e+00 5.060160665989744899e+00 4.884256519390214102e+00 4.774123973539734500e+00 4.570560089840566498e+00 4.460710702211294176e+00 4.195075732679243607e+00 4.301423543834519414e+00 3.813664507978992813e+00 3.781308120418491292e+00 3.658722949355825094e+00 3.519497815161928500e+00 3.528139547673963428e+00 3.200010321021558468e+00 3.016484195525186873e+00 2.970397901223064796e+00 2.782933338553916780e+00 2.834165018307393424e+00 2.614605375741358095e+00 2.536997886525603541e+00 2.444589693149401999e+00 2.253188889898518177e+00 2.111174634219951773e+00 2.070288977191773405e+00 2.026166655187224386e+00 1.827042425192631381e+00 1.687266916869430311e+00 1.679901411938199196e+00 1.622328945573958681e+00 1.471406661971340846e+00 1.425774816415888102e+00 1.307573481890961675e+00 1.244500497116721727e+00 1.167618008371665850e+00 1.102172218688004746e+00 1.123091265871586586e+00 1.060127760955638099e+00 1.035292986257589254e+00 9.927782060408824050e-01 9.515447773624846617e-01 9.348075220499146853e-01
1.013098040275636214e+00 1.167734526603369183e+00 1.217174572316774839e+00 1.322742577560083843e+00 1.380452021262718709e+00 1.536182139138167146e+00 1.644458193357271725e+00 1.703691000384791820e+00 1.969613341364200965e+00 2.026071645419252665e+00 2.214356841024124556e+00 2.447090301348956665e+00 2.583869715784713250e+00 2.903620890918382713e+00 3.135606867609710857e+00 3.130028335680993923e+00 3.326657287636959115e+00 3.592399092943970640e+00 3.769942158459951287e+00 4.209821824132208512e+00 4.124362733754284527e+00 4.539559790330377709e+00 4.706636659514782828e+00 4.838976931226364187e+00 5.062154471155531077e+00 5.359773263880926564e+00 5.734136812450122633e+00 5.894822190490356384e+00 6.202229178739826487e+00 6.137979664053852424e+00 6.479949588345246703e+00 6.937052748891836984e+00 6.868936593726646223e+00 7.184044042619338377e+00 6.923242218868132625e+00 7.046179835146793913e+00 7.204259568271287328e+00 7.387747223150765485e+00 8.121801951269153719e+00 7.973102392253157866e+00 7.593910195588097878e+00 7.662603671902266989e+00 8.171820799898664944e+00 8.020536148089091100e+00 8.324089951530810438e+00 8.043620589755967387e+00 8.377757386513458471e+00 8.118590452255151746e+00 8.171945018725164545e+00 8.421208043177019320e+00 8.614875579618860968e+00 8.341104970481003633e+00 7.983847184352591775e+00 8.585979165770131871e+00 8.589645846822453024e+00 8.542346752599186743e+00 7.846912838403735435e+00 7.934284646437179234e+00 7.951675889650366535e+00 8.072864338356014358e+00 7.655256783936619236e+00 7.725450443601316941e+00 7.843998270424027197e+00 7.778265243131620821e+00 7.710928601937610871e+00 7.446367329548449376e+00 7.413230927559705918e+00 6.780804940336949471e+00 6.784532829662937914e+00 6.902813683471557660e+00 6.462093920260668867e+00 6.556373556758920529e+00 6.493605302041599359e+00 6.034345282707648472e+00 6.246953654673585099e+00 5.837448534213167228e+00 5.618402928589099510e+00 5.703937950573590321e+00 5.591339264998288705e+00 5.182476198031579884e+00 5.112524730246049032e+00 4.903396693474883605e+00 4.717874995415726858e+00 4.698165394467051392e+00 4.646258625842228263e+00 4.128619047084582938e+00 3.939802921738783770e+00 4.123079761830481971e+00 3.750105652783275012e+00 3.835566535775956964e+00 3.565389322506475889e+00 3.261509793893340614e+00 3.237311586188817092e+00 3.003390129200965930e+00 3.029747811893267695e+00 2.897250421203094728e+00 2.675670813764948974e+00 2.629521144659241028e+00 2.506253720856674860e+00 2.427914406867348163e+00 2.253374380142125322e+00 2.110592263042363470e+00 2.150281633097240075e+00 1.951302227479501994e+00 1.943945045213511857e+00 1.758455788405376863e+00 1.613775069787384497e+00 1.632760926764319054e+00 1.518074906495016085e+00 1.481396467360051261e+00 1.373144220991201481e+00 1.301060695345096274e+00 1.282636397473830181e+00 1.145780660015564445e+00 1.125070569687305122e+00 1.088740033626472981e+00 1.053230770690832818e+00 9.603242091042427653e-01 9.351364615542039349e-01 1.001485671833040270e+00
1.103661865277961285e+00 1.149403567870854515e+00 1.193912649770475065e+00 1.340542008556738551e+00 1.435202032877455736e+00 1.493716379219386825e+00 1.568806675252949923e+00 1.857997017029069164e+00 1.955330591907695315e+00 1.992267097748834814e+00 2.131033377860497069e+00 2.306810068426508931e+00 2.674239284545072870e+00 2.744780196715711273e+00 2.944337336294414520e+00 3.234241464445636982e+00 3.479964556706246714e+00 3.436813690088488027e+00 3.613117659616949862e+00 3.907738109954157935e+00 4.393277049090750452e+00 4.363073779130282048e+00 4.598584250800469952e+00 5.156446403434204129e+00 5.128059192821878831e+00 5.505266846756577515e+00 5.342391871807468107e+00 5.805750651475078072e+00 5.920375170013842947e+00 6.012055250139006546e+00 6.352705831513052459e+00 6.916041237956099152e+00 6.580032001536385344e+00 6.683440100915525761e+00 7.101012598716315516e+00 6.969334672955444177e+00 7.240255684772185063e+00 7.575530478311903515e+00 8.066096470784966499e+00 7.872673054119394109e+00 7.632789331834559654e+00 8.367267057653977602e+00 8.442318695088147251e+00 8.453615487252724492e+00 8.362374765262792664e+00 8.683647584961969201e+00 8.103420121519807395e+00 8.241062505425238882e+00 8.084022261137812748e+00 8.554357111311945872e+00 8.175905107706618935e+00 8.615006192000189245e+00 8.747745925239422959e+00 8.232132755394205859e+00 8.558267162408588646e+00 7.890305573803215289e+00 8.056840278438816227e+00 8.171701381666183650e+00 8.218232185479839913e+00 8.249534931278871497e+00 7.682235779887254701e+00 7.923052140391647846e+00 7.618135132508236040e+00 7.764681685520061549e+00 7.553491571362867418e+00 7.676372125272090230e+00 7.199562989574241456e+00 7.321214713547912645e+00 6.683633917638595712e+00 7.060339067695684534e+00 6.761927456973392481e+00 6.340309849041709356e+00 6.535780103887724124e+00 6.077594817596063237e+00 5.973388687639317851e+00 5.672638348783860529e+00 6.006353687275440834e+00 5.751005717600895295e+00 5.475069714107167584e+00 5.463977885476452911e+00 5.178163474371967112e+00 4.901070264307723967e+00 4.961391083374773636e+00 4.448364099483636203e+00 4.662607015730759308e+00 4.295956869087316221e+00 4.093647484846546725e+00 4.132274474390427166e+00 3.874720115673404575e+00 3.691029559318733888e+00 3.423161219829787161e+00 3.594829062281175158e+00 3.410748399476126291e+00 3.295002552339325597e+00 3.186534752556239081e+00 2.875817707738368423e+00 2.898807435234872276e+00 2.642233483395217686e+00 2.429034693275555323e+00 2.499210935728547689e+00 2.237653492680299117e+00 2.306318780858491735e+00 2.068028207155239162e+00 2.047837063454994055e+00 1.836041278324884063e+00 1.773648949669319297e+00 1.652774349622983197e+00 1.562174150904165559e+00 1.575505857886725147e+00 1.454979464192369676e+00 1.392531941703874399e+00 1.345966111633019713e+00 1.234169573598745462e+00 1.197121901492355756e+00 1.072573611946558536e+00 1.050401383900208208e+00 9.838847844368394657e-01 1.002997275415252521e+00 9.907486684828208379e-01 1.040473641143907946e+00
1.101087560543620114e+00 1.099863823277368535e+00 1.180898526185085728e+00 1.315173634268211433e+00 1.394007390368919186e+00 1.519224636286203411e+00 1.633422560889271846e+00 1.694374291258129661e+00 1.867642541166931069e+00 1.972162213920195528e+00 2.331239330695134893e+00 2.293740768612861469e+00 2.490689413668165209e+00 2.686636495100723554e+00 2.876877623841957554e+00 3.118459091388038118e+00 3.436651944939080661e+00 3.638644923397561293e+00 3.792664589822236199e+00 4.086492440325723230e+00 4.214561499563562741e+00 4.387914614019450710e+00 4.417644683557937491e+00 4.780404261151436351e+00 5.178785600052644433e+00 5.193046872375445489e+00 5.766643748295297023e+00 5.933110804146483730e+00 6.163016395173658957e+00 6.267394263163955870e+00 6.601628591830828618e+00 6.625057517681625541e+00 6.638143996250509993e+00 6.978786441515961947e+00 7.141287472922433821e+00 7.226370239871545920e+00 7.195903284260189103e+00 7.638324313251512621e+00 7.645298350611796856e+00 8.090887709982661491e+00 7.589182132992836394e+00 7.602031999788072980e+00 7.737510064716285996e+00 7.951496678390934214e+00 8.404715499257417122e+00 8.084841180263712346e+00 8.249318759268861712e+00 8.059624655958744555e+00 8.481257326077972891e+00 8.512537046024023724e+00 8.615364447642097190e+00 8.070129243599115654e+00 7.993807849719519965e+00 8.213988142582040908e+00 8.110205911429378745e+00 8.587137227740337053e+00 7.888178494253634376e+00 8.229358894875737462e+00 8.401949279257436842e+00 8.238566652889227626e+00 7.869128039726456691e+00 7.441773258064384500e+00 7.439693274853852678e+00 7.463496283177604163e+00 7.175752097880165437e+00 7.510146043939924354e+00 7.235699564844209064e+00 6.818712906115428574e+00 6.733795824885560499e+00 7.107219346291163475e+00 6.728484880955397429e+00 6.380386099697608948e+00 6.316656052280266387e+00 6.103814613351238982e+00 6.189384467235302445e+00 5.989411885813092695e+00 5.714436819535187340e+00 5.651006028698371431e+00 5.229100625027356841e+00 5.259843941881234386e+00 5.070862575486573931e+00 5.135218224564952472e+00 4.659291493684978747e+00 4.627978059217022988e+00 4.715238836373934816e+00 4.425090281283614146e+00 4.219433509682929184e+00 4.030269303904102429e+00 3.857192148442904145e+00 3.658003108498484313e+00 3.709711332259756134e+00 3.557850918856567901e+00 3.407611693471215286e+00 3.358643544632932798e+00 3.043210449862150835e+00 3.005050849912077826e+00 2.927247969946873862e+00 2.588434100706596297e+00 2.692784670671577452e+00 2.428224377643236842e+00 2.308347259225042247e+00 2.252783805506556547e+00 2.215127388700279809e+00 2.114290459300100178e+00 1.956882528949190014e+00 1.881450272201933727e+00 1.732038892598800617e+00 1.716425430356716797e+00 1.529704035328685263e+00 1.508750342144885348e+00 1.371983313312106656e+00 1.395923525350348138e+00 1.324228676666056037e+00 1.219867637883507161e+00 1.170692674555629864e+00 1.102781918133714179e+00 1.005060415756027448e+00 9.980765030626407297e-01 1.006405249045285055e+00 9.781483119741486432e-01
1.122102562199250864e+00 1.183153905845947484e+00 1.180609831640218266e+00 1.316661040670175975e+00 1.349892306346900606e+00 1.528680910962938899e+00 1.566562754413118430e+00 1.682031088630002058e+00 1.849489621495330027e+00 2.083794152423279034e+00 2.275315093940261324e+00 2.259595839638128378e+00 2.547135180047120695e+00 2.865072104895254324e+00 2.871098721198630521e+00 3.098371350062095519e+00 3.423684344356121567e+00 3.685466788309861741e+00 3.838956689823055601e+00 4.148243101787087994e+00 4.089295046956206825e+00 4.515618605961193133e+00 4.537334410093183834e+00 4.972559441566057892e+00 4.987442536644792312e+00 5.401457971374910016e+00 5.447909520078060730e+00 5.741117010261208797e+00 6.149069511201708416e+00 5.969972014292936890e+00 6.017537330077115776e+00 6.708124304546638328e+00 6.480101001507923897e+00 7.171246448164121823e+00 7.192640300100253903e+00 7.266110907626204707e+00 7.469053235894656417e+00 7.658311972811643997e+00 7.519008036359108971e+00 8.028471279005882977e+00 7.506820658180608064e+00 8.017380897500268944e+00 8.220796034381493200e+00 8.087817740259430010e+00 7.786323062767976033e+00 8.604206452533409433e+00 7.956260258863045998e+00 8.385217964326603379e+00 8.734608872943089963e+00 8.065918964419889647e+00 8.737990618657820008e+00 8.113106671122498170e+00 8.552976123742086045e+00 8.478445592742824388e+00 8.091235826333347703e+00 7.903588537873551978e+00 8.379000674710354701e+00 8.106180899184973754e+00 7.997580620335972945e+00 7.752933204790851462e+00 8.234601180172436585e+00 7.850161008346680624e+00 7.744478853902394100e+00 7.201246411623716703e+00 7.487378020972794701e+00 7.208980061614931323e+00 7.031926398233048658e+00 6.794843007599586038e+00 7.047366984287416258e+00 6.519611358541983037e+00 6.977700507235507388e+00 6.826017291133049447e+00 6.146720075624052093e+00 6.500666991813924156e+00 6.313146851533083748e+00 5.991451815181004115e+00 5.981792631728722220e+00 5.378885645459080322e+00 5.711939446517793506e+00 5.447837210137317143e+00 5.013653631525405885e+00 5.119572590759045916e+00 4.793551043679983081e+00 4.809929198308289244e+00 4.728800886251633528e+00 4.572214636774055485e+00 4.243694626831103101e+00 4.217748037959635710e+00 3.875794177610374369e+00 3.677981117919897347e+00 3.667240457524055586e+00 3.518821026205646962e+00 3.452214966313517763e+00 3.244877727241925136e+00 3.083827203013798979e+00 2.887733313781515321e+00 2.771996670076663172e+00 2.621213952000984726e+00 2.669938167830303577e+00 2.449756023480341494e+00 2.417842162732414035e+00 2.320128752463060717e+00 2.115275542567796929e+00 2.147003913753523285e+00 1.865132270796173497e+00 1.835793204341641172e+00 1.687670506612232169e+00 1.741863884442569566e+00 1.521942909501417640e+00 1.578027290600949151e+00 1.370518274090192223e+00 1.349983416071580677e+00 1.264967507772391642e+00 1.272505386020694740e+00 1.181609084692088585e+00 1.086971975491176412e+00 1.033234912733634436e+00 9.746825777304664040e-01 9.833883205012962092e-01 1.016005581670687441e+00
1.074828736812298624e+00 1.198151638579592282e+00 1.218378040647262184e+00 1.290997172157200668e+00 1.371702268922189161e+00 1.473285791003414724e+00 1.629809624781495714e+00 1.747942626248998765e+00 1.986800307569703827e+00 2.142671128396179014e+00 2.255937466881139830e+00 2.278883297585842183e+00 2.472458249877812264e+00 2.609059624275820166e+00 2.814870801141193812e+00 3.086139362305791334e+00 3.192684064679717437e+00 3.641004788353227717e+00 3.726461802360888864e+00 3.846647944968386579e+00 4.072902216027764588e+00 4.445555239931496594e+00 4.422898594818760465e+00 4.707632672603445201e+00 4.794811080270840797e+00 5.193874377346296534e+00 5.683774904695650498e+00 5.658537315199306583e+00 5.743435000887856745e+00 5.961345213841533486e+00 6.202337067562951667e+00 6.146584584121403516e+00 6.931721685682394885e+00 6.871540004397423296e+00 7.325937262449753185e+00 6.950133063432421210e+00 7.537915049902512266e+00 7.737040584211369421e+00 7.475634238858408054e+00 7.788331925887868934e+00 7.798973359743362366e+00 7.606295278592329012e+00 8.246087312492411669e+00 7.734708113909573690e+00 7.856399284076171163e+00 7.826663525063814575e+00 7.981127216770214083e+00 7.887379948670960594e+00 8.326957827743976637e+00 8.358586039233902198e+00 8.351488469241701296e+00 8.410329947907259296e+00 8.463441527310326506e+00 8.036170208881506127e+00 8.107060647742601489e+00 8.272534497537080256e+00 7.932701585678675116e+00 7.774575767381032065e+00 8.385477191071311509e+00 7.964607937803879878e+00 7.513280290992283561e+00 7.945094974524192999e+00 7.542983068521553314e+00 7.599108442245719353e+00 7.251881492257434836e+00 7.562956300099646256e+00 6.920991817964026183e+00 7.124282782987458873e+00 7.091657297418662687e+00 6.809727647712647602e+00 6.942273900453900914e+00 6.251417757079483550e+00 6.445480952710997080e+00 6.578857638602292113e+00 6.341888980867989467e+00 6.078786323154496074e+00 5.555746161530107585e+00 5.387839526329764261e+00 5.536995783250098668e+00 5.509990527119287052e+00 5.212603514357687651e+00 5.244991359903204753e+00 4.816918449185065398e+00 4.948725827793392540e+00 4.777789530391828521e+00 4.505848947416509098e+00 4.460209166413649839e+00 4.160770678523036281e+00 3.981110796608907432e+00 3.976322325178835992e+00 3.799721014348858450e+00 3.483692463321258259e+00 3.263361547896173054e+00 3.125942996300773657e+00 3.278314038382953655e+00 3.109596467131928055e+00 3.015082043197270689e+00 2.793298930753176368e+00 2.541926240911559720e+00 2.459146170256141239e+00 2.498284860541768015e+00 2.326906564754387841e+00 2.118758690919571475e+00 2.021493537941497110e+00 1.936042150989867761e+00 1.868901813752414265e+00 1.799931430980368452e+00 1.637157759401670187e+00 1.564772599610898762e+00 1.558760587009326848e+00 1.473585457924038389e+00 1.421337646784719189e+00 1.267134777159428127e+00 1.234826582260415639e+00 1.130013202301780373e+00 1.112350977307432709e+00 1.123059653994566531e+00 1.024290864351445896e+00 1.005607302798236846e+00 9.863577258830197314e-01
1.071580876096421164e+00 1.149048307016979020e+00 1.269801590158890159e+00 1.262519830959768274e+00 1.420557600696461087e+00 1.532200127601762496e+00 1.631780337306552697e+00 1.778348555949154752e+00 1.874873294840032401e+00 2.100426098517900630e+00 2.216212957591648269e+00 2.305011619927293864e+00 2.481935910698691572e+00 2.719529270593055603e+00 2.830201572493980411e+00 3.204601674744540496e+00 3.163733199140173813e+00 3.434545536795055920e+00 3.558956911658619049e+00 3.730905481666353829e+00 4.227205933033873819e+00 4.258197589105559011e+00 4.367154341522194727e+00 4.755844509500674278e+00 4.801077801769909392e+00 5.058435586709039811e+00 5.516977838878958096e+00 5.768565384602377222e+00 5.614134216289634161e+00 6.028784714680702983e+00 5.959703179262555217e+00 6.556484714099264366e+00 6.297989902273304352e+00 6.718197128616297142e+00 7.039964661163618409e+00 7.079228701372435317e+00 7.581721789684332968e+00 7.242229982043918213e+00 7.865748258869547982e+00 7.889334805006172679e+00 7.711998699396545476e+00 8.035492264246489214e+00 7.689009948419653462e+00 8.043233987599338164e+00 8.480460508077019455e+00 8.012673842171219363e+00 8.462499004810002390e+00 8.659383946199598725e+00 8.551187543547321468e+00 8.047090471652822430e+00 8.390543165884498222e+00 8.118678921160809026e+00 8.425172056208094062e+00 8.594817379050265771e+00 8.297057543305829341e+00 8.184393050062103825e+00 8.129216179116873775e+00 8.142992323752004324e+00 8.159941682100262383e+00 8.217660657193723850e+00 8.056975221109901497e+00 8.106781386096219677e+00 7.397102702266364460e+00 7.910992534790703523e+00 7.434230153448319278e+00 7.455634180371867537e+00 7.116499022688798526e+00 6.881391220113538765e+00 7.336253092261418196e+00 6.791060125912065537e+00 6.744795816425685153e+00 6.651215311242089534e+00 6.232114208596673421e+00 6.359115707733412393e+00 5.860371648490771967e+00 5.867017427910593774e+00 5.914789447985659976e+00 5.874414706029783773e+00 5.798102069901548639e+00 5.448747236313049136e+00 5.111976108111174533e+00 5.255332894378719644e+00 5.006632811961996943e+00 4.773958032403051277e+00 4.543421050267210326e+00 4.294312080998709646e+00 4.265193214749020356e+00 4.312926498385841967e+00 3.944940592004479996e+00 3.974796349411289231e+00 3.693511809608511776e+00 3.720965943454559444e+00 3.505223042238240883e+00 3.289013566014770795e+00 3.129640198399654238e+00 3.003427691529742205e+00 2.863840677756548381e+00 2.743907645633613335e+00 2.565242053106583597e+00 2.647919417537896614e+00 2.364428024909894344e+00 2.346786808742332475e+00 2.161930059758756961e+00 2.130425487403291740e+00 1.958089013742231543e+00 1.939649896924515060e+00 1.859910086376647120e+00 1.665753076380237951e+00 1.647340420332831457e+00 1.513953407847248744e+00 1.478942560985269106e+00 1.336758237088735868e+00 1.281199656101202233e+00 1.265785858481683679e+00 1.158646277744610931e+00 1.163197315691537614e+00 1.075813225758757374e+00 1.020074265296813332e+00 1.035864119050894594e+00 1.030641481643632229e+00
1.156363957495805117e+00 1.124041628194693443e+00 1.226809065035889823e+00 1.281658804993371259e+00 1.486549189993549014e+00 1.548399144650156156e+00 1.640668759535374388e+00 1.810480038842976258e+00 1.820947958992079174e+00 2.018687118797672930e+00 2.218797872986370212e+00 2.236206102683670593e+00 2.429235308031472140e+00 2.735039230556833623e+00 2.772481080023890598e+00 3.180254678523839917e+00 3.263229534809271026e+00 3.402622842503042921e+00 3.575448398564323060e+00 3.908729532395950113e+00 3.982642717055994375e+00 4.486785509178761622e+00 4.516381306125790474e+00 4.839115075274063038e+00 4.847145297425313970e+00 4.985310733049057141e+00 5.103966818799804628e+00 5.589346675702731027e+00 5.980242351675600254e+00 5.750127003540891124e+00 6.110071221827328536e+00 6.445357260060974980e+00 6.419944554938792791e+00 6.425347425721782635e+00 7.190876461394645425e+00 7.198293263013123777e+00 7.483373216632180025e+00 7.668531231703046736e+00 7.408477104036530925e+00 7.246071367991475221e+00 7.934663962393939229e+00 7.831876016027653264e+00 7.909513783178409696e+00 7.970130202726748436e+00 7.920301853906867251e+00 8.379236068841205309e+00 8.048220997122255582e+00 8.291398025859045617e+00 8.420260563678473531e+00 7.995654619250656125e+00 8.299437375347846313e+00 8.452267059388214321e+00 8.294192173804416868e+00 8.546573471705553260e+00 8.556492032748083787e+00 7.879837474761716365e+00 8.270225843540538690e+00 8.476520768275502604e+00 7.702345612338692860e+00 8.242862687750038830e+00 7.914495395324218308e+00 8.086019233535106210e+00 7.587967008903662602e+00 7.668435392271516271e+00 7.370071307843923059e+00 7.438267938786829347e+00 7.263135674140044351e+00 6.930174406135318321e+00 6.723757398610089808e+00 7.018826988006193979e+00 6.626509707726978782e+00 6.778410676867526519e+00 6.624449952066495229e+00 6.326154275698918639e+00 5.889642748423721486e+00 5.823087304920946394e+00 5.766194242473279274e+00 5.699009789958866534e+00 5.536439926442485948e+00 5.409640103239202524e+00 5.007287758752013929e+00 5.001330500446650618e+00 4.850319535454197251e+00 4.666255168079706195e+00 4.510214872558544030e+00 4.389754055410326039e+00 4.407187619517068278e+00 4.070359947823217084e+00 4.063632505768064895e+00 3.726754613645172132e+00 3.703350911530481682e+00 3.578847973048639552e+00 3.427835773843022071e+00 3.404553333515159874e+00 3.051627663594169704e+00 3.005885888136350825e+00 2.998638790718807901e+00 2.715031323677635111e+00 2.601262548417477838e+00 2.477842888543345889e+00 2.554062153951577763e+00 2.360492348868012513e+00 2.284695036264300594e+00 2.130448333843878217e+00 1.976487080871188740e+00 1.911782027514989268e+00 1.879756271536072720e+00 1.791493977577762298e+00 1.701104361111418717e+00 1.626496717289324989e+00 1.532911002386817545e+00 1.484769460809602037e+00 1.282164305411868099e+00 1.253562470929636463e+00 1.253679886978864122e+00 1.199290754769441136e+00 1.095289231393353990e+00 1.032258203465264534e+00 1.095606098272032369e+00 1.069255390141456097e+00
1.171991741402845566e+00 1.146729347577484681e+00 1.284210445499188946e+00 1.366525623823461322e+00 1.454775623389346739e+00 1.560783144393344202e+00 1.704370893936657083e+00 1.763367676581503396e+00 1.798009146062102381e+00 1.931623050862908642e+00 2.271747761816704347e+00 2.315733669844759479e+00 2.415285554997623763e+00 2.796623954075931451e+00 2.827741414163578160e+00 3.054060512066893107e+00 3.076683012003910367e+00 3.496244764386288395e+00 3.475615910699926925e+00 3.755343546865767212e+00 4.167593014005309016e+00 4.137091562955145463e+00 4.534589290061185274e+00 4.778805900829838471e+00 4.861613022126667794e+00 5.059445936753845352e+00 5.059875955041904128e+00 5.429650854044369090e+00 5.945008270690512298e+00 6.184291984030147127e+00 5.911130299513159159e+00 6.265766042919618251e+00 6.731369263300434724e+00 6.350518104804216080e+00 6.720835821354613770e+00 6.746138079064365911e+00 7.303370312125228025e+00 7.305267341739470233e+00 7.647972273395312826e+00 7.775948015665122171e+00 7.505150146235946451e+00 7.492883174060986917e+00 7.955013946819373238e+00 8.378426871610850313e+00 7.807141385542170298e+00 7.778444491438153641e+00 8.296082423842696230e+00 8.000649297958389639e+00 8.520304456096628343e+00 8.467139875878645583e+00 8.110597353957260225e+00 8.420677152730599246e+00 8.411924211004278007e+00 8.664987101707875894e+00 8.275255223711035057e+00 8.224248202823606135e+00 8.399919816998929534e+00 8.211713001912226417e+00 7.756492010641031776e+00 8.282391566824117035e+00 8.058561045588728433e+00 7.740383525573031775e+00 7.355989719378402292e+00 7.953505605328544448e+00 7.565669773488815864e+00 7.593110145518534360e+00 7.223972085434139601e+00 7.395483528772530235e+00 7.268267880558906491e+00 7.234863705729972061e+00 6.715998821059871560e+00 6.381253320415535057e+00 6.330578558582936388e+00 6.253060944285674161e+00 6.036193905124764392e+00 5.752263308631669680e+00 6.033203414891232796e+00 6.016854697828421195e+00 5.555284673205742152e+00 5.190602556123142364e+00 5.292958979820341803e+00 4.912779993262762268e+00 5.078148047938052301e+00 4.617767369481271977e+00 4.649257803017973423e+00 4.644253479750332758e+00 4.290149279740119503e+00 4.014633268251239784e+00 4.059914837134814825e+00 3.729563217924857899e+00 3.839907321128963158e+00 3.661285730447388698e+00 3.488127341677928595e+00 3.300010019178387655e+00 3.309260705251241497e+00 3.209512201114905317e+00 2.834823806123270007e+00 2.963226027127226825e+00 2.833601454328059432e+00 2.690191176603340395e+00 2.475325686574460171e+00 2.432515874426394831e+00 2.240186326666824712e+00 2.145506465875353541e+00 1.991486295503708259e+00 2.004455408550496198e+00 1.819706325385584522e+00 1.801681705874138339e+00 1.702660318072473755e+00 1.677723194464766143e+00 1.470069355857292148e+00 1.502673633652039875e+00 1.315260560679175850e+00 1.256793187243564036e+00 1.194226041404918170e+00 1.221667272398885951e+00 1.155896378996950080e+00 1.119343546950635648e+00 1.107572629454726565e+00 1.035537092099001910e+00
1.127556182972117238e+00 1.222794049397674998e+00 1.248934187411633978e+00 1.359927378246674312e+00 1.463019745670073091e+00 1.599697173021034979e+00 1.697046610134586020e+00 1.783322693678678128e+00 1.950393504576298342e+00 2.090942127574911158e+00 2.129527128505961819e+00 2.388886718785784513e+00 2.471047016822499387e+00 2.771842213464160043e+00 2.791532053772031396e+00 3.148179173602409175e+00 3.048933214696103455e+00 3.331204773207633973e+00 3.502777362721734900e+00 3.733183392213370144e+00 3.897161587699921714e+00 4.311581613297360782e+00 4.590144587907080798e+00 4.472251174541725049e+00 4.880626613299742900e+00 5.170085884383064823e+00 5.308547045559410371e+00 5.312690408158895039e+00 5.749672655502099161e+00 6.130006376396507584e+00 5.914183718697503700e+00 6.263765729532394744e+00 6.703398992987858129e+00 6.356269813552295922e+00 6.473971268987711802e+00 6.781220789333195498e+00 6.865409790182548377e+00 7.022750260597065974e+00 7.415171133616595966e+00 7.608831199405331702e+00 7.943433623742550687e+00 8.140169702388762474e+00 7.652183314913990841e+00 8.331844725430320509e+00 7.985831369598926699e+00 7.923223705442807407e+00 8.029597403990974769e+00 8.601881432512563208e+00 8.503978511436381282e+00 8.294407169145982195e+00 8.123985068901566464e+00 7.907023194002741562e+00 8.022668516399964034e+00 8.511433731894323174e+00 8.160143743383425630e+00 7.962746161593748262e+00 8.183818090397878109e+00 7.854145823736289778e+00 8.122583159149627363e+00 8.203153887981850190e+00 7.782138729483990325e+00 7.830730582862541311e+00 7.672574672799364670e+00 7.942034652541246409e+00 7.580091340493240182e+00 7.154957044073678496e+00 7.349505800931630084e+00 7.005784296024018865e+00 7.061747368660140189e+00 6.821099221621347297e+00 6.452364923750111281e+00 6.413863129895022830e+00 6.737140142643086804e+00 6.650200648457307295e+00 6.109792308223230606e+00 5.776921836749230543e+00 6.022811490312866667e+00 5.538135087389652433e+00 5.382058970475278592e+00 5.512773714398536917e+00 5.451228092993766872e+00 5.333056394998674676e+00 5.155059380707403882e+00 4.930318684742751145e+00 4.876858145417177326e+00 4.596814620985278488e+00 4.580554944781346727e+00 4.138131158236260987e+00 4.013084369978608734e+00 3.970535528115532564e+00 3.842388201351538690e+00 3.642777691361440695e+00 3.492544030700274416e+00 3.369700138015150781e+00 3.218981214093087573e+00 3.273650132886824160e+00 2.881468100689408729e+00 2.854204504205437143e+00 2.889225387527853073e+00 2.571308743821445031e+00 2.577896841483367396e+00 2.396996872987745331e+00 2.232223010324420276e+00 2.182682146222111541e+00 2.127293916474932267e+00 1.910524874621737368e+00 1.813508581706509082e+00 1.730456739708015279e+00 1.685697433655924060e+00 1.576188014199922049e+00 1.578336578709326643e+00 1.417127463148395439e+00 1.408474758841783858e+00 1.330743870955169772e+00 1.230244429232809411e+00 1.244077478271697235e+00 1.161204247672063206e+00 1.097017937674500843e+00 1.119037577574261144e+00 1.126895829608321797e+00
1.174653764122892685e+00 1.197779803376848307e+00 1.296413534909592435e+00 1.326362057466796474e+00 1.451899941834166263e+00 1.565893792907103732e+00 1.640685876011475752e+00 1.791708309604719940e+00 1.952046199402376780e+00 1.929057263425079327e+00 2.187818473053573687e+00 2.294465921861532642e+00 2.349369834193015816e+00 2.634260739283799779e+00 2.776527954722569191e+00 3.038694976596526764e+00 3.238813872940719207e+00 3.225668175918239289e+00 3.601299000158690422e+00 3.950214030273899724e+00 3.817847692405418769e+00 4.391089353031237152e+00 4.318865750097386602e+00 4.435915568963106459e+00 5.006716552989747271e+00 5.107286570607891818e+00 5.133593313191150642e+00 5.626298316398233190e+00 5.619708230480781275e+00 5.917057848706927636e+00 6.180725419448360292e+00 6.335311023314582179e+00 6.652032896184946864e+00 6.832302547593130271e+00 6.601065906488021717e+00 6.855032679951841956e+00 6.841614163378648250e+00 7.005480594307587516e+00 7.533557840272461448e+00 7.832746907714825291e+00 7.589904588176769273e+00 7.570561426354838197e+00 7.753661081205017958e+00 8.167408293289879495e+00 7.626910194800979426e+00 7.792111113704528691e+00 8.260577816742960877e+00 8.419467440705171057e+00 8.011597847254707361e+00 8.011042175628231732e+00 8.359383257404562784e+00 8.497147440639450267e+00 8.387995341161463614e+00 8.628731532018058203e+00 8.236197335069874725e+00 8.450314646103230132e+00 8.384108274723320875e+00 8.049653334995259257e+00 7.944000714038992328e+00 8.019155259869984675e+00 7.771863672123739519e+00 8.150995465389295092e+00 7.477105951481772372e+00 7.615268621729769372e+00 7.526705490147815425e+00 7.590030196816720753e+00 7.078376287267767353e+00 7.239648446285668726e+00 7.182322535911186634e+00 6.806067454136112360e+00 6.969226443164568963e+00 6.665063417740539897e+00 6.501033277488386553e+00 6.644103386455753935e+00 6.071395279135870737e+00 5.905010609711432323e+00 5.678290301541917273e+00 6.017789872286390285e+00 5.877583138829567844e+00 5.717544645123198599e+00 5.076837178331127909e+00 5.161225180055364348e+00 4.796065839229023631e+00 4.946723909517594109e+00 4.850273147203447266e+00 4.786784807368736239e+00 4.560951817297834943e+00 4.079805378108248171e+00 4.265285610582377984e+00 4.029905176037706482e+00 3.690675893099935045e+00 3.619170056348221198e+00 3.475153597723720011e+00 3.334760183992065752e+00 3.181368635943091050e+00 3.144924240509455515e+00 3.012191171076513019e+00 2.827058811707461761e+00 2.645857696443059126e+00 2.596983850904205138e+00 2.483989434450623257e+00 2.433956321800972766e+00 2.258110216644573232e+00 2.186018475447640164e+00 2.167716381414819260e+00 2.065220150072073046e+00 1.883069421693202017e+00 1.891261509114516182e+00 1.703593396608376942e+00 1.634546760842666036e+00 1.497591117575917563e+00 1.559276254575775233e+00 1.406854540881182336e+00 1.334288927502302213e+00 1.306091407530148407e+00 1.248013158041897830e+00 1.146527169890302789e+00 1.075346882768366097e+00 1.046543918966439835e+00 1.088220366861507360e+00
1.213506780107261429e+00 1.213982914012637027e+00 1.250081362412096553e+00 1.369854866481383437e+00 1.454731195870368365e+00 1.595629112546302908e+00 1.663223660793657910e+00 1.759100884079266569e+00 1.842387295359099841e+00 1.917377675093809852e+00 2.232964424517490887e+00 2.323354727246353502e+00 2.538579064053763545e+00 2.740588099179690484e+00 2.725472525675813440e+00 3.010464450369927381e+00 3.201684843048106188e+00 3.217646954753943245e+00 3.456801486324612149e+00 3.588715564014716808e+00 4.030071080147036966e+00 4.110271242211998910e+00 4.422744282098435065e+00 4.635739375278896901e+00 4.674759901790928929e+00 4.771292710434272166e+00 5.417721603408023334e+00 5.146377124528505043e+00 5.845657764275275170e+00 6.005502238645396673e+00 6.176099424113476566e+00 6.151535938823648131e+00 6.371591646526014507e+00 6.832241649496758384e+00 6.633271203928346793e+00 7.126155333267042202e+00 6.842782174216145208e+00 7.149249038517035082e+00 7.436433155235867787e+00 7.625566202051555997e+00 7.646558258458440172e+00 7.483055645338843931e+00 8.121068533061144734e+00 8.258809647489565364e+00 7.756899797166942001e+00 8.390375637678390675e+00 7.792188895556346750e+00 8.479267595146019687e+00 8.129652764714913715e+00 8.301754467979183261e+00 8.477439071076204868e+00 8.423425629668699344e+00 8.107244486572929176e+00 8.006305057559476523e+00 8.365033330127653599e+00 7.858425072523126609e+00 8.374250687044890284e+00 7.871992038257311641e+00 7.836746816070411015e+00 7.612421993652945140e+00 7.664997679663688501e+00 7.485985713593558799e+00 7.383869398333093415e+00 7.898943431819735572e+00 7.226234446109430998e+00 7.519657693195051174e+00 6.986840320189450892e+00 7.061905507006835947e+00 6.720478421636327582e+00 6.636633254479697541e+00 6.995506566625000033e+00 6.902582560173752491e+00 6.714240660721105591e+00 6.133520274023719132e+00 6.104997937790790807e+00 6.107521061928526507e+00 5.906973056716339876e+00 5.746121220758135806e+00 5.527222006921412856e+00 5.739160435095516100e+00 5.148684769946898498e+00 5.391382953169495451e+00 5.145241228411999046e+00 4.697116076198928347e+00 4.550300400861540417e+00 4.491279372817139404e+00 4.616948591812261249e+00 4.395129156237834955e+00 3.990608381693164119e+00 3.844761485424531333e+00 3.693383480120999263e+00 3.772887241144273318e+00 3.541055035789679728e+00 3.285507666911192892e+00 3.461511201996585463e+00 3.262025307113420425e+00 2.956828974099444896e+00 2.949569416722649162e+00 2.931600993792202292e+00 2.802367367381375374e+00 2.570922045449089310e+00 2.361564890143388329e+00 2.465951913283563002e+00 2.248552721774243590e+00 2.200579253429989279e+00 2.081705622922812804e+00 1.955670411703203104e+00 1.756833604848470509e+00 1.692510544673771378e+00 1.715641994950498628e+00 1.661440477877993871e+00 1.550878086751337648e+00 1.484206189845428403e+00 1.376335072881893495e+00 1.290644638741596850e+00 1.198546819975811140e+00 1.205459238147590373e+00 1.104900188614085677e+00 1.115896770929097670e+00 1.082250098724151899e+00
1.182285557551078448e+00 1.197883609092609491e+00 1.334251991381566249e+00 1.439564779418323726e+00 1.395720799430094416e+00 1.583188671687301374e+00 1.716013302820775577e+00 1.720386941259033353e+00 1.838089483495482623e+00 2.021754749860093625e+00 2.238514973287260013e+00 2.175379004093120017e+00 2.464297556742036210e+00 2.510303461304210781e+00 2.824317174762639659e+00 2.868806990649898747e+00 3.226845042037191025e+00 3.219720158420615874e+00 3.346447007540180429e+00 3.878181166219480058e+00 3.775007503847908286e+00 4.002597993471098015e+00 4.503204338655868000e+00 4.623040316053971921e+00 4.559670735413338782e+00 5.125031116935133468e+00 5.334944643921671670e+00 5.448703827087519436e+00 5.511069598629267041e+00 5.880725853416516102e+00 6.244696521326515537e+00 6.130544207196634510e+00 6.096362987173784553e+00 6.268796513644695700e+00 6.727556392939466612e+00 7.013803992978154156e+00 7.260454430883229726e+00 7.179633849140859780e+00 6.945430423315138491e+00 7.669597484558335232e+00 7.688262947159261174e+00 7.707844772275156409e+00 7.605521545293874475e+00 7.585451937283192336e+00 8.062966628488442922e+00 8.392574274766626985e+00 8.367192526179749734e+00 8.481566771330687260e+00 8.299742952821297592e+00 8.007337368924833498e+00 8.605450564696019100e+00 8.280519260993388642e+00 8.512196276894728797e+00 8.543625969855584756e+00 8.237969209397519421e+00 8.074882640367457398e+00 8.107344305738784840e+00 8.173879764155429939e+00 7.955617880691786326e+00 7.614404172196062248e+00 7.557935749046232665e+00 7.435304482770233037e+00 7.771500005359998298e+00 7.975543515649533788e+00 7.765549373032597735e+00 7.329346373813431015e+00 7.544389245074967221e+00 7.175670147686773248e+00 7.429027828935424793e+00 6.782080481898685953e+00 7.071019135369156494e+00 6.409809545757751081e+00 6.580045169603215172e+00 6.517689721381529466e+00 6.456946946083427008e+00 5.833301706206181159e+00 5.903285481893590259e+00 5.893284444446356574e+00 5.968464461161104850e+00 5.286602128838689296e+00 5.509054487636768194e+00 5.334829134435024045e+00 4.959045947061818005e+00 4.987312348291472297e+00 4.784082628543677274e+00 4.640285947922564880e+00 4.498942028180024977e+00 4.549860176021363500e+00 4.202246352935540941e+00 3.996689127100616190e+00 3.859786160366200924e+00 3.882516886262149747e+00 3.453336344794100565e+00 3.471226893053043661e+00 3.498468647598371284e+00 3.338063453401133973e+00 3.160383662259420579e+00 3.018332348515245567e+00 2.881566323980507160e+00 2.740422316562936444e+00 2.518126421027651496e+00 2.560382332098727343e+00 2.398796562554527778e+00 2.365703447659930792e+00 2.094442382828763716e+00 1.979551134316412941e+00 1.951042033096594519e+00 1.927388500507858593e+00 1.693429224092812158e+00 1.650576562588660590e+00 1.572680848228008132e+00 1.513980045848885236e+00 1.471781272634277160e+00 1.416661715503568564e+00 1.247289214399794677e+00 1.256191190798215063e+00 1.198905247288458931e+00 1.125290675028587373e+00 1.127755736689324717e+00 1.140612454391324526e+00
1.149036362287270574e+00 1.272782882028555607e+00 1.308291168901601464e+00 1.328035822192501492e+00 1.519473434971468695e+00 1.589623432823503713e+00 1.632883340147573747e+00 1.708348488569873647e+00 1.816448943282989115e+00 1.984214018049737849e+00 2.145098185816769032e+00 2.347876629154235673e+00 2.465134805995535583e+00 2.595359743397567698e+00 2.685928091079982316e+00 2.855859605682713909e+00 3.058490286202485198e+00 3.158036787421325098e+00 3.555752520719967169e+00 3.529125786174865276e+00 3.799071880269349499e+00 3.997859080316227054e+00 4.280664766759086248e+00 4.479728291387834460e+00 4.749095507692207008e+00 4.695606027637087010e+00 5.036087584227636249e+00 5.286401326710828741e+00 5.568385711754715750e+00 5.659118310024283893e+00 5.676821939007287376e+00 6.280675599012956134e+00 6.433604339985507181e+00 6.311053164122209402e+00 6.490707699912953821e+00 6.584168681072512186e+00 6.821794203237825371e+00 7.131772498701886676e+00 7.595165812952385131e+00 7.508973823470504350e+00 7.853504066694334540e+00 7.378915612831728588e+00 7.810765843747782711e+00 8.052665993982126125e+00 7.794119207574285113e+00 7.587171425146196135e+00 8.251976508029818191e+00 8.049574881081753119e+00 7.989949206551417049e+00 7.887783368857009592e+00 8.377988415214185025e+00 7.901368234366537457e+00 8.450903743486904318e+00 8.419893415570403050e+00 7.980491719809497120e+00 8.012777852891629138e+00 8.444928172351124473e+00 8.387190013592865867e+00 7.973215878728573180e+00 7.683325094354622742e+00 7.895616853085328124e+00 7.688965031995227406e+00 7.580882901608576141e+00 7.644171691187936268e+00 7.201101068490181945e+00 7.193988593448426450e+00 7.074629922489841682e+00 7.250315280683855335e+00 7.209065441443049060e+00 6.787427106354838813e+00 7.075223779892843012e+00 6.594811259554523630e+00 6.461171009437675750e+00 6.707401237362310198e+00 6.230640172896039886e+00 6.420224746005366079e+00 5.926090497819694214e+00 6.146206862512840985e+00 5.798976397012518547e+00 5.407064239531429450e+00 5.219710565698838067e+00 5.380366968908337988e+00 4.887281944399285649e+00 4.916890212301489704e+00 4.732925239119269101e+00 4.733056302088107792e+00 4.692784149134757499e+00 4.173980925389570551e+00 4.295340090269355038e+00 4.209417036043201499e+00 3.816129297913547269e+00 3.878989484680258393e+00 3.709980547967868247e+00 3.396954180803926526e+00 3.417677561104125239e+00 3.293028486072476557e+00 2.969329720100852388e+00 3.029149741510861027e+00 2.827879016705949322e+00 2.771169605641563560e+00 2.655561967465872808e+00 2.547936846606538186e+00 2.397399150036496618e+00 2.313887804609429999e+00 2.239938223013529850e+00 1.987910622114495984e+00 2.083841417920556438e+00 1.890824437634977873e+00 1.763417647308210823e+00 1.776840037572722242e+00 1.595908775613056774e+00 1.614756570449351614e+00 1.460615444997784174e+00 1.331966554440936923e+00 1.314346970276860427e+00 1.301194151959085721e+00 1.218362112499056460e+00 1.229275014982559089e+00 1.168912156589218876e+00 1.175200042603309791e+00
1.224079706167345627e+00 1.263016570066515465e+00 1.330735153381672697e+00 1.445569803994081415e+00 1.488014258865803408e+00 1.535763226311926966e+00 1.719026169694025219e+00 1.737176462201853955e+00 1.894299480370112532e+00 1.965573267908662602e+00 2.235125202928310628e+00 2.331930767085311551e+00 2.325269116300018535e+00 2.561934290519811697e+00 2.724033159054145781e+00 2.931325423225692894e+00 3.064471609623064641e+00 3.223642699107340803e+00 3.439245697598648288e+00 3.662285337233909033e+00 3.917609944406285294e+00 4.118488343054959699e+00 4.085603427255581899e+00 4.269201937963674531e+00 4.596312689860609701e+00 4.998397086615566032e+00 5.163072478683395694e+00 5.487637181158205202e+00 5.428816580207366904e+00 5.756526843527703718e+00 5.947331188352200648e+00 6.064992960164152791e+00 6.277281479160854438e+00 6.175687168464166099e+00 6.446033467651221649e+00 6.638706813771243276e+00 6.661594165643083265e+00 6.838496080586145887e+00 7.326737505864087119e+00 7.612144833385174891e+00 7.672920511689271805e+00 7.377800449913457292e+00 7.660084976294154302e+00 8.045593123312135830e+00 7.564852709633874461e+00 7.671465195427321859e+00 8.379732790469311965e+00 7.851632997298488625e+00 8.505413126279259828e+00 8.146959517555494301e+00 8.110368594241920803e+00 8.379417253880882654e+00 8.588263950655713685e+00 7.917733800799755528e+00 8.117761356418656149e+00 8.001658248695067144e+00 7.877082668445225977e+00 8.104906383626882871e+00 8.224697827200579070e+00 8.017083016759874781e+00 8.068968348984199679e+00 7.655811949125344462e+00 7.584314368291008357e+00 7.629077202981513928e+00 7.384935392522145037e+00 7.473027865014236326e+00 7.146110852944902447e+00 7.402556226276708173e+00 7.450107201094173348e+00 6.859467993855023593e+00 6.902686394321547070e+00 6.553200018962674456e+00 6.496904856856453137e+00 6.707698223439295226e+00 6.124250414154498223e+00 5.881313656547642488e+00 6.249653982288864817e+00 5.683782195753584787e+00 5.481011453092737185e+00 5.861830905704427330e+00 5.714211331253285842e+00 5.495123966206726607e+00 4.970796848964672776e+00 4.820415490756046140e+00 4.775806371974689490e+00 4.864983722640195296e+00 4.425360185975300453e+00 4.462167273086853569e+00 4.343967494222812142e+00 3.970303931956886689e+00 4.098774844106368498e+00 3.661555072557602930e+00 3.839026004388755187e+00 3.695678304907244804e+00 3.472004029575419093e+00 3.142134610667555616e+00 3.067381781297636500e+00 2.991127772367895510e+00 3.021584391447744267e+00 2.669221365306785554e+00 2.580409542993842731e+00 2.475708393855596157e+00 2.311338458304553090e+00 2.233273310300179837e+00 2.198595090344608316e+00 2.022503361411916334e+00 2.084910032870624708e+00 1.884968533393638124e+00 1.803528646543263392e+00 1.804169254058006766e+00 1.680295822809046324e+00 1.555131526276382736e+00 1.448739940557258299e+00 1.462503383546631452e+00 1.297962161843313478e+00 1.269272965650474871e+00 1.203850754924133737e+00 1.133027631194869489e+00 1.213993465594173760e+00 1.199308440149198018e+00
1.190310085684060715e+00 1.235993104856429436e+00 1.358850160523412232e+00 1.378056007291979634e+00 1.491652321832064976e+00 1.484274885540795896e+00 1.591498303463369179e+00 1.756885546091303762e+00 1.886756704364306314e+00 1.967596253924594585e+00 2.210457450139064584e+00 2.286307742285269562e+00 2.297508865491858732e+00 2.551565086079382816e+00 2.714782443261084310e+00 2.970738041752192693e+00 2.934384595326021028e+00 3.355287948297090317e+00 3.547390432888670730e+00 3.533711747732524611e+00 3.768442686824735155e+00 4.110942796853889192e+00 4.244422040294267617e+00 4.255512542162844802e+00 4.799287313399390520e+00 4.940051544748643053e+00 4.985969538361498365e+00 5.458255156625186011e+00 5.455031107846576965e+00 5.490548763193464410e+00 5.590144811807490122e+00 5.810408603571743491e+00 6.430059346468662618e+00 6.120546970596215886e+00 6.804160789725732350e+00 6.875679823064947627e+00 6.686947980221110477e+00 7.094004197644599330e+00 7.462121595155571718e+00 6.964463383980053379e+00 7.400179642558586401e+00 7.782942910941529568e+00 7.982242088826657422e+00 7.473036118391460647e+00 7.994159605035255467e+00 7.881820125214522577e+00 8.255208528663153800e+00 8.228312222874732740e+00 8.455702825065502637e+00 8.282684454946203090e+00 7.844000184848780144e+00 7.874656671300933830e+00 8.353654071895137534e+00 8.356936762717282363e+00 8.049928904261850704e+00 8.499130737434228422e+00 7.944752072727040648e+00 7.940091418907258003e+00 8.290239911766022374e+00 7.920272855274333779e+00 8.137415419660200655e+00 7.859798946301841838e+00 7.398911309101565692e+00 7.817249784795205159e+00 7.208361769825849308e+00 7.265296807312625837e+00 7.683156662554958771e+00 6.918959554301950199e+00 7.278211457313414456e+00 7.109546849081783471e+00 6.784135691989677142e+00 6.953838891153369950e+00 6.446247912730690643e+00 6.557977975502527812e+00 6.228851729911156099e+00 5.906649561479826005e+00 5.830999693139212070e+00 5.797845136455584303e+00 5.683919033235173224e+00 5.881168019165142979e+00 5.507439721340988470e+00 5.453834653611801642e+00 5.024933220489369745e+00 5.201891288467170860e+00 4.996585149828858263e+00 4.737949914680812391e+00 4.631939156134961877e+00 4.523082058278911965e+00 4.111842414975835247e+00 4.056164876725147472e+00 3.865830264288518947e+00 3.932564555376577786e+00 3.625871910150943567e+00 3.675396753787885551e+00 3.356306527225037417e+00 3.243681313320573079e+00 3.214983902564875429e+00 3.164002660945383738e+00 3.048265123679566813e+00 2.756400265766055124e+00 2.784663038430820414e+00 2.642966992112244284e+00 2.537970782059729036e+00 2.234818215188453028e+00 2.287623808191176167e+00 2.098478547443270781e+00 1.955349680301380788e+00 1.913381495276729183e+00 1.857528406388123665e+00 1.778775233535367484e+00 1.725198226399955903e+00 1.656380341625743657e+00 1.486060569046236957e+00 1.470339698172363541e+00 1.363298981529921461e+00 1.367514134568023065e+00 1.239811024780960613e+00 1.231972696616414176e+00 1.160141380503902475e+00 1.201221082354973380e+00
1.282687712787451861e+00 1.299788279339477270e+00 1.300161365098716271e+00 1.362741605740492190e+00 1.469236372682596103e+00 1.575035063153109816e+00 1.610727458066141260e+00 1.757595776665511256e+00 1.883095781452263306e+00 1.985053774668662063e+00 2.049689394846183621e+00 2.366055639373964237e+00 2.430841263109043027e+00 2.614161512875097682e+00 2.822865242434734689e+00 2.933615869849798941e+00 3.063111283974935706e+00 3.089412760924739931e+00 3.345784084233928368e+00 3.501871335333120339e+00 3.861117504902459530e+00 3.914330174485657121e+00 4.209856728589497443e+00 4.271907513788041122e+00 4.444736195693889336e+00 5.024428127508224762e+00 5.006292706290119909e+00 5.117434538942013056e+00 5.603853118469347194e+00 5.682359210301982877e+00 5.781426332434810078e+00 5.806466504460004785e+00 6.178303181430170099e+00 6.574541377075775017e+00 6.291069913660375157e+00 6.785637114932453251e+00 6.616969601829616465e+00 7.175719102759873458e+00 7.349981777626022783e+00 7.484890711922835393e+00 7.554295219988438781e+00 7.668709279989287531e+00 7.683317428315193709e+00 7.442248590736017633e+00 7.843076306648512741e+00 7.967832208014147710e+00 7.964652641938926969e+00 8.007381543952801550e+00 8.207983383669747113e+00 7.957092634475608328e+00 8.341648402147578523e+00 8.444304043672447690e+00 8.076228902289930289e+00 8.257200392956193014e+00 8.001020850360495373e+00 8.188341802169894379e+00 8.425777005924652840e+00 7.857627812013726398e+00 7.994443494378742798e+00 8.235710486464027369e+00 7.964175168495810198e+00 8.190889225222258929e+00 7.751457923236846348e+00 8.031786845449603973e+00 7.568154875797406866e+00 7.707332692406611230e+00 7.477193310685009031e+00 7.516548015862213994e+00 6.865612508063601460e+00 6.892988459025041870e+00 6.958228082343458354e+00 6.603431651634078747e+00 6.942288088402176705e+00 6.374859962549343173e+00 6.325722561328277038e+00 6.486100392562152983e+00 6.189511934824853512e+00 5.960783275795153102e+00 5.797188448077105427e+00 5.664564115791153043e+00 5.743261397558717896e+00 5.534446641449293658e+00 5.272224232259392629e+00 4.801044711494797390e+00 4.696052179759024447e+00 4.812210737735055588e+00 4.470133696662123235e+00 4.279365185122830262e+00 4.420088674928775774e+00 4.320308123096170405e+00 3.874973246362197976e+00 4.001631697997066084e+00 3.919703889542082376e+00 3.653234363493991665e+00 3.351430697192014030e+00 3.213948613436146573e+00 3.335616411010482896e+00 3.124944914765737103e+00 2.871716221517065737e+00 2.910489692359999214e+00 2.841740236918827822e+00 2.665878986159870845e+00 2.455236515367894334e+00 2.315050726425464944e+00 2.294062580531899709e+00 2.174909659375572790e+00 2.049801531134180177e+00 1.879985175097249828e+00 1.790757754503802701e+00 1.839864708722312114e+00 1.655953434478364628e+00 1.686608132181712572e+00 1.607572872637554884e+00 1.390842446927636367e+00 1.424121164177673204e+00 1.317190088464610609e+00 1.318185742992772802e+00 1.198060006004342481e+00 1.208158347611353989e+00 1.162523718210954016e+00
1.280262837981062551e+00 1.284380247089421223e+00 1.311273168805123790e+00 1.438503176743895162e+00 1.456369735379839270e+00 1.517279682866537360e+00 1.680607225652668513e+00 1.686690681827491822e+00 1.839137782042142621e+00 1.913508679983806360e+00 2.026989838261055166e+00 2.356524825314060489e+00 2.318706371813421097e+00 2.549528749509621495e+00 2.813679551290388492e+00 2.965744842840601248e+00 2.990117876194703150e+00 3.167712108490838840e+00 3.377268232791843072e+00 3.644453274620666594e+00 3.828927144639870495e+00 4.150963377480283434e+00 4.233252801600788651e+00 4.366794554106252058e+00 4.536074379821532609e+00 4.536754915909002150e+00 4.908752915625749225e+00 5.101136047136797025e+00 5.178566197327498344e+00 5.497880299560862660e+00 5.751079488072838863e+00 6.143350754154663917e+00 6.180583334469662127e+00 6.445623347914686718e+00 6.455188581727964170e+00 6.489665707409479012e+00 6.808086279736671464e+00 7.011891106870401735e+00 6.870356563117693049e+00 6.968732041455923287e+00 7.317728621298533298e+00 7.720919461784855109e+00 7.384715639779296126e+00 7.364879500055653061e+00 7.740050255630195331e+00 7.843558667200691836e+00 7.627944367567240924e+00 7.591030063009995388e+00 7.929811329760965144e+00 8.256725879669744472e+00 8.184053133810861524e+00 8.238283985332186532e+00 8.330096687929120947e+00 8.472697301506839196e+00 7.899906954077683174e+00 8.427484962819935532e+00 8.145652217612717294e+00 7.857888664717014748e+00 8.316445634894234828e+00 8.005088854074221771e+00 7.855317933072629266e+00 8.059777669981160741e+00 7.519048566884617202e+00 7.502766739525184470e+00 7.292626134574503816e+00 7.763269811221725547e+00 7.539629622141074350e+00 7.401953140594887515e+00 6.996062344049159165e+00 7.191072342528229022e+00 7.080691922491673118e+00 6.525218555066407689e+00 6.633291070397034694e+00 6.587502878866615674e+00 6.211941674935312463e+00 6.315288480441695995e+00 5.945415150336372356e+00 6.147462227330811935e+00 6.101866303884030174e+00 5.625026127668430576e+00 5.314811948985885159e+00 5.166776468839604952e+00 4.987381765236625242e+00 5.327453806398299463e+00 4.951358415928813983e+00 4.946758246479840082e+00 4.788490543350483186e+00 4.379194602820335902e+00 4.329507175048511236e+00 4.002988799261671282e+00 4.150170682750487394e+00 3.888155822657185290e+00 3.802706099702047204e+00 3.712367615933882536e+00 3.472287841161911359e+00 3.297265971750416469e+00 3.265347934342205161e+00 2.992043265618535397e+00 3.099508621341359849e+00 2.926724256304119365e+00 2.615985080911887195e+00 2.507806885729902735e+00 2.587694284792419808e+00 2.462261323886446807e+00 2.239946554919612254e+00 2.162192965738615857e+00 2.038987199524436633e+00 2.001638420490826853e+00 1.952621165242809376e+00 1.771729960790087377e+00 1.775871840554121395e+00 1.675867525452809259e+00 1.581192160451722284e+00 1.468471237821821429e+00 1.367386496564079179e+00 1.346078983153626396e+00 1.231760022164988033e+00 1.265034090066412986e+00 1.260445443095588924e+00 1.243592044268184260e+00
1.304872770216317868e+00 1.314274338144727050e+00 1.429053193886836715e+00 1.487153937329074749e+00 1.555262392081755651e+00 1.556447480263189798e+00 1.667156081859973105e+00 1.811382288920307948e+00 1.871689706397309028e+00 2.078757965187973511e+00 2.170932269132993753e+00 2.321577811004199798e+00 2.459925856824372481e+00 2.622127349006805996e+00 2.566952236677260579e+00 2.919971449758918869e+00 3.129173659278560393e+00 3.308017286282522118e+00 3.339936613083605899e+00 3.619253051004950095e+00 3.891047677705260721e+00 3.784525537229910697e+00 4.022389023044500078e+00 4.208559958273880852e+00 4.621007244613364762e+00 4.559189579000871184e+00 5.173031238471653026e+00 4.922021092901841754e+00 5.361713159449174704e+00 5.292472725061828420e+00 5.559298153115163288e+00 6.048179673438628612e+00 6.267374542604946974e+00 6.509260286893634451e+00 6.334486673314478899e+00 6.672479526278899620e+00 6.549785814662756778e+00 6.914593868697114232e+00 6.992493609111920527e+00 7.178051678830396298e+00 7.662225165879009481e+00 7.392607374321830349e+00 7.410143293330352599e+00 7.933723857146828706e+00 7.346758636206176085e+00 7.973689069764708037e+00 7.535648680322615256e+00 7.604883098282522624e+00 7.841281373341915995e+00 8.371425139521521785e+00 8.212305920203926135e+00 8.126790627130034750e+00 8.342415609316603309e+00 7.970671495261946404e+00 8.236007754340016973e+00 8.383030561095944577e+00 7.903331344705585515e+00 7.893520957859732512e+00 8.305117132445573702e+00 7.874218216130341119e+00 8.013580177402065630e+00 7.781068400461710333e+00 7.780817461738637419e+00 7.306756030677251879e+00 7.752341206590554812e+00 7.111464366280644711e+00 7.516203668504339852e+00 7.411222043728973752e+00 6.941315709657557953e+00 6.795384013500863851e+00 6.964566202686518714e+00 7.030037736820165861e+00 6.362563386251959052e+00 6.647106998695955227e+00 6.317146663026018238e+00 6.468302241390992080e+00 5.846605710267325229e+00 5.922842434496032205e+00 5.931843466847920965e+00 5.820286373597550522e+00 5.546193811210166302e+00 5.217711055319244728e+00 5.140349948687833681e+00 5.297405395307678511e+00 4.964774715736498756e+00 4.640533707794633145e+00 4.738354968420854796e+00 4.295610914865275021e+00 4.152844803303163523e+00 4.372462031054914711e+00 3.923778316487108953e+00 4.066206376267498257e+00 3.822188321182724557e+00 3.493377895423269042e+00 3.625773935084324773e+00 3.501575920538059883e+00 3.231078815609205179e+00 3.101382592433655994e+00 3.154944787817247409e+00 2.767747632987726192e+00 2.753885026664063318e+00 2.539259936342424862e+00 2.653523247662251894e+00 2.370096994283162228e+00 2.399537309891988546e+00 2.274936984968574549e+00 2.058422217829227296e+00 2.048410321130914369e+00 1.871521555720961461e+00 1.868950955697426863e+00 1.745818823056829006e+00 1.669917680392597914e+00 1.547409432044727362e+00 1.562322475361328955e+00 1.415713075732883741e+00 1.317858438359552187e+00 1.248411047887482361e+00 1.235897555648987067e+00 1.204331669301199170e+00 1.266851934133516933e+00
1.319561746356675558e+00 1.364401636229909176e+00 1.417258340901904834e+00 1.398605783204087460e+00 1.486764814537524293e+00 1.514406290351973272e+00 1.621363212930634345e+00 1.772441577017246139e+00 1.897739741438628558e+00 2.008377644641275328e+00 2.109329547692246898e+00 2.192644163634083210e+00 2.283415554582028051e+00 2.434886351349530020e+00 2.691709299161608726e+00 2.798053187181805512e+00 3.063077427710597433e+00 3.156791911643284099e+00 3.434788481527843107e+00 3.545692653926077131e+00 3.592390468196672959e+00 4.041420889763270630e+00 4.025677797832349469e+00 4.370508991094920859e+00 4.337352589391898938e+00 4.913938396553787058e+00 5.021098673916816857e+00 5.043875778749331573e+00 5.365575250347474068e+00 5.476045774846356018e+00 5.771781057935791992e+00 5.622095908935584418e+00 6.013927216477037874e+00 6.128260748199264363e+00 6.336394211622709882e+00 6.251473407477825539e+00 6.704567210703721969e+00 6.738653075073957943e+00 7.280625938588655366e+00 7.483590270906002040e+00 7.296761903371838720e+00 7.412891519721907407e+00 7.608974770013340994e+00 7.477408526255381993e+00 7.592811237852760797e+00 8.088172560001856581e+00 8.172297984522353786e+00 8.196945353074916341e+00 7.897862790872977712e+00 8.321765770498656067e+00 8.066485975234963135e+00 8.171498661493421523e+00 8.304001103893160263e+00 7.878329266184098678e+00 8.098368547623202574e+00 8.111946161045469950e+00 7.834173243598100633e+00 7.672849641963771283e+00 7.654241373441539764e+00 7.963596314777552365e+00 8.219384871731852726e+00 7.648152615214221406e+00 8.042020697589514100e+00 7.448371736181404579e+00 7.931264671118102072e+00 7.802739690400647632e+00 7.112921774038288625e+00 7.202793690783152236e+00 6.814775206104008554e+00 6.938334747213802167e+00 7.161926192909198186e+00 7.002693696976052706e+00 6.594138064782906206e+00 6.359619023100504975e+00 6.463696919803473051e+00 6.250331520440284727e+00 6.428296444476362836e+00 6.136605570654036335e+00 5.987378739114089576e+00 5.497836891213824018e+00 5.405089963743248127e+00 5.296077319984338949e+00 5.525340143608064913e+00 5.362962764353508049e+00 5.206032706662589327e+00 5.070693223510492231e+00 4.645931425847315666e+00 4.542805088486324472e+00 4.427097061242698750e+00 4.350249507005080396e+00 4.127200729120843903e+00 3.895055772465706223e+00 3.953994729636821415e+00 3.825155267564708694e+00 3.732074077369001319e+00 3.499092158084326609e+00 3.227842239344886011e+00 3.020316616144885558e+00 3.132750380150575609e+00 2.917230143430297407e+00 2.821919888304228241e+00 2.574717451209428631e+00 2.476311482841654588e+00 2.370615847321621228e+00 2.444089447082018030e+00 2.229886960313779198e+00 2.194066244914258501e+00 1.954574774402674686e+00 1.867826423350236631e+00 1.930604695166427964e+00 1.809782597928335068e+00 1.622274413449726671e+00 1.534191399502209174e+00 1.566291103883152180e+00 1.516349684411928411e+00 1.424564743031067948e+00 1.350881950795858488e+00 1.261864045592877348e+00 1.307313953399646955e+00 1.248743242970953959e+00
1.315423088460696555e+00 1.403296843778786496e+00 1.335700786495858328e+00 1.502262971832741600e+00 1.555830356790627089e+00 1.547386490814336879e+00 1.605126203819404962e+00 1.829551338733232502e+00 1.879720931992470812e+00 1.916922575518732685e+00 2.032245774209234579e+00 2.123716958554240808e+00 2.436961777041630306e+00 2.459024878955192506e+00 2.706121131928902024e+00 2.845308982591556735e+00 3.100551751978908754e+00 3.313201573018747847e+00 3.216688984377067406e+00 3.571961516325229180e+00 3.827092948216277435e+00 4.079273080554215447e+00 4.032733235529316396e+00 4.116568166181987287e+00 4.648943753522114086e+00 4.629811310111885625e+00 4.999593601300529322e+00 5.251743193153196820e+00 5.254163541052289332e+00 5.680148121865676636e+00 5.441778984308722755e+00 5.906813011395529500e+00 5.824823578080259523e+00 6.007384616319952464e+00 6.039058499145194325e+00 6.278586516637592041e+00 6.687662517896172609e+00 6.595664439681071300e+00 6.718710930636409451e+00 6.862537636082317150e+00 7.003869840921293388e+00 7.470175193218650200e+00 7.593058730563319259e+00 7.901667160745618368e+00 7.751168265490552933e+00 8.057553286180191066e+00 7.569243300501889316e+00 7.647608519078242573e+00 8.026489312671550636e+00 8.105805838322316603e+00 8.233571689907524416e+00 7.871687146390392797e+00 7.792423859084323112e+00 8.024773136788667216e+00 7.814478215536832195e+00 7.827637731681446276e+00 8.229530408091900284e+00 8.105837705748973221e+00 8.015374866888896221e+00 8.193151515519090822e+00 8.020648163167987121e+00 7.472334328125402436e+00 7.931740839977598156e+00 7.404779430737880475e+00 7.405301124897560427e+00 7.417088950538989423e+00 7.514121574165312012e+00 7.612317555998102669e+00 7.232518576699252577e+00 7.138370504559150120e+00 6.676482424840720853e+00 6.878070414344118255e+00 6.536002607661037800e+00 6.557012559205308122e+00 6.636797082344555676e+00 6.213742564665154511e+00 6.325633145804020252e+00 6.293594068790407725e+00 6.042911037583833078e+00 5.673971402817840293e+00 5.741970219303774492e+00 5.634726116217606773e+00 5.106746253525299650e+00 4.972002535053004380e+00 5.096308563661297697e+00 4.983513556764286534e+00 4.729278274349137945e+00 4.729086618248812712e+00 4.212431025742273683e+00 4.087986335371443403e+00 3.954187770765730914e+00 3.852315303701975946e+00 4.022727197952009170e+00 3.905019502750172844e+00 3.498498734963559453e+00 3.613353532852200622e+00 3.418082149383008250e+00 3.108405264358594877e+00 3.062873659793611925e+00 3.086490555826941762e+00 2.935087467394959848e+00 2.639295023388886108e+00 2.515667336676210564e+00 2.548105696681027155e+00 2.259514856772666835e+00 2.243935518166989329e+00 2.250868742599398953e+00 1.984334962006374825e+00 1.928033956211528066e+00 1.859129894532872473e+00 1.817793543831371927e+00 1.779470686865794571e+00 1.609263446968309808e+00 1.609223100876674195e+00 1.408544865137314694e+00 1.409314325699742909e+00 1.379961009485898282e+00 1.243282452947739536e+00 1.221673462995608750e+00 1.260418303023746578e+00
1.265145420502640894e+00 1.406601701435617136e+00 1.425114926384932756e+00 1.465155342490893853e+00 1.510686294110277217e+00 1.659111508256820411e+00 1.762576419392711813e+00 1.820127435029523788e+00 1.790302540675155818e+00 2.045304800240674403e+00 2.010648743305444075e+00 2.323166716246741981e+00 2.430017791564696772e+00 2.480782403399364622e+00 2.697905330158032466e+00 2.769705588938036644e+00 2.856344194677126413e+00 3.047963804650409170e+00 3.320297559741530069e+00 3.644692751744127879e+00 3.646720083800648382e+00 3.981257987985176605e+00 3.975070844661510172e+00 4.264166203456109194e+00 4.359751127680082661e+00 4.403366552827438163e+00 4.703278304175112723e+00 5.015123985349951852e+00 5.397478421370526469e+00 5.434595918574723683e+00 5.528698280610332638e+00 5.718917039205806851e+00 6.074458394071589495e+00 5.940980060867553370e+00 6.474680770154724208e+00 6.302139103285753663e+00 6.783928791206023767e+00 6.925825588364975971e+00 6.968258553149285994e+00 6.743670996784376648e+00 7.014437132574834699e+00 7.226386088828683718e+00 7.620917803424954506e+00 7.283095567852059027e+00 7.475443545930761324e+00 7.761525902814013556e+00 7.861430839276501992e+00 8.149356555027988946e+00 8.132611831974312366e+00 8.345870592799037979e+00 8.100263962274222962e+00 8.212228462668702988e+00 7.760310611093625965e+00 8.342690940886368978e+00 7.845811670221777945e+00 7.703508978391231388e+00 8.295145700560048851e+00 8.058221063528897332e+00 8.306399200694688290e+00 8.246634067603608287e+00 8.015610556013532673e+00 8.108454682297283611e+00 7.633894570064202689e+00 7.696230798130333284e+00 7.641579657075389775e+00 7.222000602360115984e+00 7.550245195609106119e+00 7.092615417836469760e+00 7.519361617295206024e+00 6.824802334789861646e+00 7.169342132486975494e+00 6.588026023725269908e+00 6.450006692975548184e+00 6.684403793760390400e+00 6.205395550543328476e+00 6.291024004592365770e+00 5.957894078940545235e+00 5.768214300786985049e+00 5.811251673678277108e+00 5.901725325265648081e+00 5.486660676629128375e+00 5.418579168715199401e+00 5.356645624040201170e+00 5.212055516249396447e+00 5.236072250771079517e+00 5.107809468430076549e+00 4.706982374114780043e+00 4.416662689458862090e+00 4.260005725441528668e+00 4.096299918402574569e+00 4.199757023367944875e+00 4.005962188525348466e+00 3.986536955138282767e+00 3.871431425286668393e+00 3.641202431513380411e+00 3.414369462205263162e+00 3.242368289599473208e+00 3.280794795365968408e+00 3.052766792006668783e+00 3.047045148069257525e+00 2.968364305205157372e+00 2.746729997500095166e+00 2.709046765242965726e+00 2.487376740589959834e+00 2.427323535496140661e+00 2.234058619978485982e+00 2.218605764847969564e+00 2.021029787413252343e+00 2.091319639497796867e+00 1.879215226931489902e+00 1.872517870870307632e+00 1.673259742368277569e+00 1.716921569043472928e+00 1.580766833335194965e+00 1.451195826514064313e+00 1.352529560467632619e+00 1.414779753940448082e+00 1.368000233378354746e+00 1.310233355448633175e+00 1.313073991592845324e+00
1.372627633515044687e+00 1.384163643594202631e+00 1.341742470372469187e+00 1.536760114473570082e+00 1.478461895896741041e+00 1.545721915306765171e+00 1.616424366392967382e+00 1.815126688702626945e+00 1.804982932460847733e+00 2.008966779054465412e+00 2.191324763766716810e+00 2.316050827883631147e+00 2.246679220032759439e+00 2.514614716922202842e+00 2.578583297405403485e+00 2.876246698552729963e+00 3.020497052228540813e+00 2.985753073619420217e+00 3.149231373769699527e+00 3.308653606217927479e+00 3.475385031042196537e+00 3.820668368332593268e+00 4.220407634966345078e+00 4.173891620186822138e+00 4.468508861188452030e+00 4.413197929330518576e+00 5.008401874725595171e+00 4.893402253088459553e+00 5.143117863966482517e+00 5.274143858987700995e+00 5.614836371482552657e+00 5.848641653038651356e+00 5.689441449543328311e+00 6.139135485858621344e+00 6.195957567942271815e+00 6.192859969517151342e+00 6.575034068155462208e+00 6.953997573250248365e+00 7.050547295536452985e+00 6.987177247682612169e+00 7.478305691498727370e+00 6.983352225285590187e+00 7.193396312604710907e+00 7.496945234754781140e+00 7.834607710299024141e+00 7.494686243238986911e+00 7.448868593791253545e+00 7.555487933003884216e+00 8.140363860515893890e+00 8.018376668815811570e+00 7.645174862349167100e+00 8.074902483767184336e+00 7.702144461597904446e+00 8.119276681727882305e+00 7.687767727930679307e+00 8.067264261076909193e+00 8.013729043760100978e+00 8.200560470490859899e+00 7.653501806370448968e+00 8.061514773707170178e+00 7.551560642651705457e+00 8.026032506095123864e+00 8.027707254988511565e+00 7.693076340949552616e+00 7.951486255594061525e+00 7.744116173425616090e+00 7.660353970359472520e+00 7.410074827362231886e+00 7.555252434021626939e+00 7.020291859049318184e+00 7.061318376558037180e+00 7.147502999181272187e+00 6.801709789659026839e+00 6.926310717463595168e+00 6.511781790336028664e+00 6.451678519509657761e+00 5.958074068563456116e+00 6.037845233281290191e+00 6.040180357980796444e+00 5.956653583800088470e+00 5.373526284894884597e+00 5.245913692835356024e+00 5.458147676536966308e+00 5.225676739527090220e+00 4.853443900023834523e+00 4.786867887514764774e+00 4.627564548377897324e+00 4.825771927575359221e+00 4.293888293666335620e+00 4.388960986722778124e+00 4.315124416839585919e+00 4.175094198468509710e+00 3.746541876319770648e+00 3.684993488836353137e+00 3.545471556971791394e+00 3.644544656701516949e+00 3.359651465038226981e+00 3.142556763941156461e+00 2.999261285660880461e+00 3.133601158771400108e+00 2.969071154845338789e+00 2.812923909568368241e+00 2.690628549814676695e+00 2.566274576091566839e+00 2.365784452414144479e+00 2.240852442167417635e+00 2.205754476990497981e+00 2.155217497317233555e+00 2.044066203469026455e+00 1.910940995217926819e+00 1.754349092080722983e+00 1.825742071574410819e+00 1.653719668303182733e+00 1.556985879351376889e+00 1.507726741982509333e+00 1.399030012913389465e+00 1.417634867115528330e+00 1.322688077247793803e+00 1.348158003969782914e+00 1.255263414234434105e+00
1.306523990253968037e+00 1.385399624614121139e+00 1.380900481253840129e+00 1.410340942774618078e+00 1.504134268459414114e+00 1.550577207514787226e+00 1.692954999432083829e+00 1.854524983270923411e+00 1.827211131342133532e+00 2.049060303745065426e+00 2.027017825110200011e+00 2.256600708847137593e+00 2.429464444975351967e+00 2.579138567876197108e+00 2.706513827303642206e+00 2.780034791163442431e+00 2.865574147118305603e+00 3.229521089647047205e+00 3.438320621795975640e+00 3.329848750940763935e+00 3.701825014534622760e+00 3.692485793549002526e+00 4.013793434087554068e+00 4.159658999181305106e+00 4.303704174931422877e+00 4.429077532577037957e+00 4.547347235302989787e+00 5.152074120192894569e+00 5.362967541952774475e+00 5.211162250143099861e+00 5.355971206180203836e+00 5.806028022439257974e+00 5.926894661185898805e+00 5.940959640860517865e+00 5.982896290075499834e+00 6.217932914448655701e+00 6.741965773380321103e+00 6.455513910774770991e+00 6.616470113443738477e+00 7.301134441978765821e+00 6.846749999676100096e+00 7.510477021241102946e+00 7.304622460913717141e+00 7.272959266162692060e+00 7.383335804277976422e+00 7.785559873281336252e+00 7.956389701140389903e+00 8.175337186500884812e+00 8.083708000115800374e+00 8.146373991287772398e+00 7.975429226219426404e+00 7.704554046596764572e+00 7.878802907225935570e+00 8.051467524749511995e+00 7.622289149007869469e+00 7.860602668586230912e+00 7.821693946310777967e+00 8.068994872698370457e+00 7.549011828776448496e+00 8.090655258195059929e+00 7.848404741106890903e+00 7.908836363535123759e+00 7.986136065651037619e+00 7.770605897551996044e+00 7.467327133139437301e+00 7.840694451313217961e+00 7.675910092378204652e+00 7.671147285277621464e+00 7.411526234174981909e+00 6.812827630626982156e+00 6.702780598745849083e+00 6.800167213013387446e+00 6.500306415713228425e+00 6.441375259825540489e+00 6.563946083145299148e+00 6.539395017757368755e+00 6.270204728309627384e+00 6.315140539637870809e+00 6.028607529884594918e+00 5.823135184120899588e+00 5.494714234776929551e+00 5.665373181676653935e+00 5.438279115240849393e+00 5.464892115149671881e+00 5.001996315941834581e+00 4.829272048605074197e+00 4.636447945902778756e+00 4.873858141989911630e+00 4.377831492779038491e+00 4.272457330738593129e+00 4.369120552944957936e+00 3.932202269493423330e+00 4.004959876435661315e+00 3.981116378132874001e+00 3.491856165369785270e+00 3.665318529899076250e+00 3.283300059204377064e+00 3.403709754238164908e+00 3.049568163380211416e+00 3.034214870371864770e+00 2.875203607281872298e+00 2.856040616747936856e+00 2.758392942492374100e+00 2.496275216104755668e+00 2.444392970337745385e+00 2.293660762890753269e+00 2.155936173634116937e+00 2.199810413977678181e+00 2.068335355795855257e+00 2.038038634181528863e+00 1.810841475780160748e+00 1.722372104341517884e+00 1.649542558778525292e+00 1.681636497334592528e+00 1.477313136922540737e+00 1.494874564332058453e+00 1.350078958882641178e+00 1.390493269602820048e+00 1.375644511641272327e+00 1.323719409052546370e+00
1.372747082672861829e+00 1.371931597182240781e+00 1.381068583645776782e+00 1.555157833108122833e+00 1.521785991876856814e+00 1.636819035426368973e+00 1.709635696259673265e+00 1.868924423356289832e+00 1.832681555546394003e+00 2.062876401459659448e+00 2.021088492264865089e+00 2.155975160972271709e+00 2.438114997600362877e+00 2.431344702991841356e+00 2.567250365722137495e+00 2.785280402709847447e+00 2.875666802921746257e+00 3.165111594906794057e+00 3.120504841351816161e+00 3.278163749380861969e+00 3.610474631115164978e+00 3.933729131471954243e+00 3.961554455977074340e+00 3.954578860812367314e+00 4.258303989148258140e+00 4.421234226052177085e+00 4.929422157912482838e+00 4.680929266512121600e+00 5.023055508547239256e+00 5.289675817915687972e+00 5.494198672162697861e+00 5.444778880722441983e+00 5.688295926358849286e+00 5.948007394035236928e+00 6.106092387730789994e+00 6.650162406999116982e+00 6.485658109419273565e+00 6.394108878370373006e+00 6.497103480575405321e+00 6.879319658036239460e+00 7.375190111149303007e+00 6.966658914981074702e+00 7.396013651433618996e+00 7.276015748688981155e+00 7.470441023418433524e+00 7.472083887194687080e+00 7.524644205106777228e+00 7.576777949401809487e+00 7.786074800826270348e+00 8.119775796045411553e+00 7.768566541402535108e+00 7.679649048318360371e+00 8.283522834911487109e+00 8.009522673023688810e+00 8.345259494922524723e+00 8.069624528020515442e+00 7.703944594937872203e+00 7.814918396837364334e+00 7.841018882238197207e+00 7.723228295684454459e+00 7.805833357396955385e+00 8.174248557410534133e+00 7.988717949839897692e+00 7.599155690985520017e+00 7.673288771269081820e+00 7.693545844496123998e+00 7.476271314073538399e+00 7.451807045556825493e+00 7.244160953482175813e+00 6.887579097403659034e+00 7.185260740466975271e+00 6.580049892716185234e+00 6.849571584775709709e+00 6.920776988359933490e+00 6.332407316946349951e+00 6.063381952326678537e+00 6.053321236219755264e+00 6.389666414452449317e+00 6.272051660449829313e+00 5.587028700454151675e+00 5.660138733106047759e+00 5.365946924358124370e+00 5.324781028106224667e+00 5.044449656342907318e+00 5.283599469580805952e+00 4.866108150875436245e+00 4.946196870071728924e+00 4.462630777336176635e+00 4.626450377016763760e+00 4.466242428492844141e+00 4.188699292847091193e+00 4.264698991287866114e+00 4.157818921796120115e+00 3.665659188804793800e+00 3.711419267724106241e+00 3.455338545844832687e+00 3.356232242120980480e+00 3.317555945033024756e+00 3.283569089614974068e+00 3.173289465154090383e+00 2.854722028300419101e+00 2.775918362890511304e+00 2.719834953013028134e+00 2.689858572794590508e+00 2.431066596822699655e+00 2.477934306730908975e+00 2.349858590597946328e+00 2.070352089333750811e+00 2.121296161499834465e+00 2.019708861806631450e+00 1.919001568267671320e+00 1.736563845632072667e+00 1.732872144135851000e+00 1.641895614096433809e+00 1.529104590913127337e+00 1.502434880597409705e+00 1.413292728248416008e+00 1.404108826509623986e+00 1.309342871921457929e+00 1.265209968904891680e+00
1.374802255406855300e+00 1.364148156300645898e+00 1.514533341966137314e+00 1.432558457046127165e+00 1.513894730269687017e+00 1.574108118212352414e+00 1.695056332985361625e+00 1.733951554404781437e+00 1.826972063654790812e+00 1.962137602252037372e+00 2.192153994647060067e+00 2.154349704850651026e+00 2.277354890104590357e+00 2.373591192597178878e+00 2.712221514724205473e+00 2.794434740129083217e+00 3.037418316684335817e+00 3.178893689764341168e+00 3.112556852835409504e+00 3.435082950131477908e+00 3.517368116667213052e+00 3.659920326376647992e+00 3.993153511153609170e+00 4.156483019619169994e+00 4.344795588312429402e+00 4.429764380043559768e+00 4.864556950339675723e+00 4.889290420670041826e+00 5.119522826486868183e+00 5.390056705758209610e+00 5.313466585264885467e+00 5.598338252338912469e+00 5.793886788062596160e+00 5.938460354860984225e+00 6.396146475417662458e+00 6.031834168799377061e+00 6.183338487011229567e+00 6.879217397666936407e+00 6.676603868352277260e+00 6.753091071028602066e+00 7.366446957596092027e+00 7.053058119113387647e+00 7.129568654681119888e+00 7.740961148279428272e+00 7.535976908374794725e+00 7.439105964696780759e+00 7.995454846401013782e+00 7.692608668272661099e+00 7.442048098490187336e+00 7.677669038421005787e+00 7.894267994201183747e+00 7.880742016903084846e+00 8.278034217398014150e+00 8.134434978010245842e+00 8.248156444806960863e+00 8.074134959194539718e+00 8.356854262185153814e+00 8.024037989506703994e+00 7.890618685316534098e+00 8.033621871129508207e+00 7.687418835030558562e+00 7.504176393860754857e+00 8.028552676450861014e+00 7.789542230082851404e+00 7.948928212833932250e+00 7.660991558028536375e+00 7.661175871948351812e+00 6.964011117151539310e+00 6.867747008180066892e+00 7.411606119569334794e+00 6.704407918814435874e+00 6.778654662909989526e+00 7.096487275607070266e+00 6.753433193299243520e+00 6.709184166492073942e+00 6.436659695471763420e+00 6.409902431539503453e+00 6.336434188000628964e+00 5.757033540905644564e+00 5.709645043974608924e+00 5.481537274121832226e+00 5.566388568287743865e+00 5.632401195847521080e+00 5.212088096360909972e+00 4.966052022756132445e+00 4.804831310792299526e+00 4.627978308122269624e+00 4.927661691715618630e+00 4.417372910314714574e+00 4.590355861938875570e+00 4.184857984517668328e+00 4.200906914226436584e+00 3.976268808727293269e+00 3.840572444787865969e+00 3.847309799577943501e+00 3.610281259865177894e+00 3.539224657262002527e+00 3.321272273600616831e+00 3.065010628192157416e+00 3.018507738572389965e+00 2.816514067154971102e+00 2.948141043728147448e+00 2.693575469300496295e+00 2.714481832619214163e+00 2.567611858396686042e+00 2.447962917289977280e+00 2.261417819312908417e+00 2.150936220286363998e+00 2.104942067790191551e+00 1.939353420802730543e+00 1.856081103656374021e+00 1.786929094552977437e+00 1.814191781682677140e+00 1.601759824711071811e+00 1.645510788818017822e+00 1.473087396951146433e+00 1.421354572777907332e+00 1.435909261516449043e+00 1.360210404544746288e+00 1.392519858838415336e+00
1.356817003758896023e+00 1.425876558821149720e+00 1.446500961871913349e+00 1.466700136527642417e+00 1.582417107477699814e+00 1.594985360497514826e+00 1.665895379800442999e+00 1.842068598893416009e+00 1.871976962717307957e+00 2.082430486456845475e+00 2.185929154673488473e+00 2.273683274005540600e+00 2.234130528447331621e+00 2.380359240560395495e+00 2.574696230698466870e+00 2.671281908765463342e+00 2.823703706937295888e+00 2.927038871989477098e+00 3.266191077665224096e+00 3.523464440055871005e+00 3.698781377043285357e+00 3.663907719428999954e+00 4.090318284562220796e+00 4.032632124368102922e+00 4.293847820970748685e+00 4.575071403092180411e+00 4.884229843241575608e+00 4.614075728139598098e+00 4.862218934168407891e+00 5.266428342506804583e+00 5.209147718961739670e+00 5.352015708374949554e+00 5.746805729757571868e+00 6.134679779710728198e+00 6.247873617491636722e+00 6.384976233046126382e+00 6.745137425191432001e+00 6.633862861772242603e+00 7.019352037257458043e+00 6.867427156122287712e+00 6.870178256623162838e+00 7.387261319853318575e+00 7.094317725393813667e+00 7.104361851566463493e+00 7.596017001926599121e+00 7.395086045473749259e+00 7.479014706131586365e+00 7.808106087743584389e+00 7.596635150248840951e+00 7.938434704603252179e+00 7.962748225880509345e+00 7.526201685059785262e+00 7.710065211006222441e+00 7.885839917684138278e+00 8.227558392363755857e+00 8.029923988241273847e+00 8.340825958610370350e+00 7.924519519403453671e+00 7.999966355398026252e+00 7.918806687136493494e+00 7.827115559907392495e+00 7.892866863036039682e+00 7.385524879928568431e+00 7.623198895692125276e+00 7.647466032451435858e+00 7.521224180410768234e+00 7.710281437888426126e+00 7.555049423151292132e+00 7.495773862512914221e+00 7.319445818221432809e+00 7.073447352847098912e+00 6.828943518926336331e+00 6.788813571454388907e+00 6.686765506709335227e+00 6.794498912037627569e+00 6.125538843297351654e+00 6.455999451974495429e+00 6.445389184374318958e+00 5.949005452021724594e+00 5.987927734865898799e+00 5.847309492315409862e+00 5.382614851041271464e+00 5.205188812077830462e+00 5.333114024884729076e+00 5.226153473816840922e+00 5.129771621259456182e+00 4.718439812777830866e+00 4.953633418273995837e+00 4.745724137385907149e+00 4.371552062656857807e+00 4.348528993944883680e+00 4.101345759464431140e+00 4.140649864302082150e+00 3.905180786584366626e+00 3.591641625509528701e+00 3.718809135614889350e+00 3.415990543493485632e+00 3.256162537249592592e+00 3.306302493950884269e+00 3.134105063192026197e+00 3.095265199568656200e+00 2.953147064212506834e+00 2.851360649942738412e+00 2.518467297259071813e+00 2.445797546834115543e+00 2.397112561311090850e+00 2.226025871417002033e+00 2.194116905084535496e+00 2.119559609544002132e+00 2.069988233224635987e+00 1.975616865271091038e+00 1.879526970813840459e+00 1.821468246541325886e+00 1.602887843732929696e+00 1.644844122399847119e+00 1.592395429749204450e+00 1.447647480132515874e+00 1.347059447503717866e+00 1.378779957426863101e+00 1.338224447874975187e+00
1.436408136357798737e+00 1.440412260565594904e+00 1.470452260936333522e+00 1.547203528310157727e+00 1.613969166335588401e+00 1.705737609392286691e+00 1.710514156654254103e+00 1.880660912233353965e+00 1.918756553333355042e+00 2.081165456724145990e+00 2.101247412369423806e+00 2.188772692878437454e+00 2.340226939253038374e+00 2.434122453218060311e+00 2.713388870652375662e+00 2.624312498321808018e+00 2.835536559685098990e+00 2.985500505680014793e+00 3.263062036741489536e+00 3.536616592857278363e+00 3.707900394504389130e+00 3.675524463656841156e+00 3.934556308424162818e+00 4.265650013099698157e+00 4.344350952430896307e+00 4.600321862532413597e+00 4.570507375983350329e+00 4.645929730841409366e+00 5.152253169096373320e+00 5.014648900664986364e+00 5.108374255545314213e+00 5.531776247269147184e+00 5.562116124832581221e+00 5.832441924104670328e+00 6.163380798614764622e+00 6.200929688303275178e+00 6.522467607617224772e+00 6.749005288800987046e+00 6.845782391705230729e+00 7.034416607812716826e+00 6.835187579882255449e+00 7.392282775544106954e+00 7.506581174117646249e+00 7.590850110269201423e+00 7.719314025535891410e+00 7.680146635640439534e+00 7.372531593005463790e+00 7.716079332792291190e+00 7.904367363108997679e+00 7.431352849232734314e+00 7.971347332049724344e+00 7.778697561298446139e+00 7.955931109703669790e+00 8.005822318987853237e+00 7.647386427381753116e+00 8.176532177077922015e+00 7.735531532082399409e+00 7.741224767780573224e+00 7.565073681947030337e+00 8.143046310771072882e+00 8.210582249089052098e+00 8.153560263533993435e+00 7.475865269233489485e+00 7.298042962188763916e+00 7.940953757636494359e+00 7.560344390671080994e+00 7.260579685430678332e+00 7.688479464901859295e+00 6.948906864637640624e+00 7.060441705758899289e+00 6.680131851377205443e+00 6.701118092150323946e+00 6.920967484290281746e+00 6.614306873669502096e+00 6.512041647322094562e+00 6.294290933569021362e+00 6.442979317794979899e+00 6.063990828060833671e+00 6.142073815084295063e+00 5.902176142511597057e+00 5.869915007095366732e+00 5.673309589361358540e+00 5.578297627151071580e+00 5.437063972850587845e+00 5.246849298981785203e+00 5.067636597054590908e+00 4.843690678454349197e+00 4.743985402795536821e+00 4.587960087382434438e+00 4.558331993895039069e+00 4.432749710150092781e+00 4.095636102771265108e+00 4.084802178555582586e+00 3.980904526514855490e+00 3.833606261549829863e+00 3.633471848767760193e+00 3.630507347435539156e+00 3.380500909268827847e+00 3.219133147311953547e+00 3.070433367543728753e+00 3.048512676373511088e+00 3.038031523099280928e+00 2.735841848760764972e+00 2.617447896687154607e+00 2.436073652765672559e+00 2.405164062245525258e+00 2.359366292623993111e+00 2.312335781818790625e+00 2.094956838059260473e+00 2.100440784817716899e+00 1.957718908990262685e+00 1.932420565170284155e+00 1.709090139845961032e+00 1.709229233041737128e+00 1.667791231299664334e+00 1.569175140788620748e+00 1.550780608982916586e+00 1.413489697351153263e+00 1.352815369377128540e+00 1.347312732604421637e+00
1.353182248431553436e+00 1.411403399702871875e+00 1.416910845969794330e+00 1.508537044470879218e+00 1.649433837434375993e+00 1.702106583308804266e+00 1.788538353319780949e+00 1.859859358023301379e+00 1.865451069401492523e+00 1.988436630784752301e+00 2.070590165250677739e+00 2.256806770021801523e+00 2.426699023897261220e+00 2.455657445676312278e+00 2.605841149041767224e+00 2.753015255125900840e+00 2.748449058250642896e+00 3.150287288053053469e+00 3.289730189252348946e+00 3.285164433758775093e+00 3.359503278136803495e+00 3.690041856515398955e+00 3.836836430240121665e+00 4.050456718679852131e+00 4.324592533075158229e+00 4.522543318815167801e+00 4.670438708148283879e+00 4.897338788897843465e+00 4.953162013505485461e+00 5.061895970029221203e+00 5.427389296684438591e+00 5.733240757145662059e+00 5.565608270078542752e+00 6.128676255772615988e+00 6.035666120331441675e+00 5.941056280890794739e+00 6.171351767337306171e+00 6.730369321854425380e+00 6.690250468449082000e+00 6.744530510483728314e+00 7.149062511403599274e+00 7.411753643891775489e+00 7.003132074719437661e+00 6.997931485942530117e+00 7.547590761882321253e+00 7.420029222859050755e+00 7.819352998984934189e+00 7.875762206055513914e+00 7.937688572487004102e+00 7.433906108866631612e+00 8.095212835122755024e+00 7.602461702570959545e+00 7.811165365679667794e+00 7.585065568864004959e+00 7.769724522588737692e+00 8.093785752551319490e+00 7.922689353550724789e+00 8.104432986418450113e+00 7.746670166450958739e+00 7.854636684976630256e+00 7.731956500658402121e+00 7.600823842616796000e+00 7.686688798017359936e+00 7.956927451270176199e+00 7.222623931490107729e+00 7.519163121559718554e+00 7.188174829123913590e+00 7.363109310255876672e+00 7.183035929101297512e+00 7.310057702326561824e+00 7.068631924676510359e+00 6.630130650271798487e+00 6.603148320761818013e+00 6.712509371402505032e+00 6.813928232123377171e+00 6.445201437142626055e+00 6.238876245489243466e+00 5.900519470436226932e+00 6.176589660729823628e+00 6.156209033244605777e+00 5.623184023555589661e+00 5.911627950182771762e+00 5.540009949144557133e+00 5.263863550477644537e+00 4.964183905988193146e+00 5.315031689858232156e+00 4.925885782663331547e+00 4.922333968660011827e+00 4.838313943350148527e+00 4.574868389238982758e+00 4.246103453970226482e+00 4.295954530763566481e+00 3.907110486458947651e+00 3.816557424098463436e+00 3.980321920041115735e+00 3.545109519387883878e+00 3.654913548038055904e+00 3.574525951524420542e+00 3.148981083133233660e+00 3.242613510985245195e+00 3.197490271602137835e+00 2.905473446898397594e+00 2.937250492985110206e+00 2.825001088939615546e+00 2.538541138558684462e+00 2.591462065767453193e+00 2.412273346077264957e+00 2.203673467135488284e+00 2.154687373010505169e+00 2.060416276006589165e+00 2.044499116320194876e+00 1.872624130959964273e+00 1.804340478378929857e+00 1.707427079832734895e+00 1.680740045539146799e+00 1.587028252838881048e+00 1.568644636975289108e+00 1.466172765890500385e+00 1.366352030814389273e+00 1.341348440070483372e+00
1.429997989498234867e+00 1.411950785614790593e+00 1.558622170861758249e+00 1.608722822363983340e+00 1.589561777194928416e+00 1.681566703533988294e+00 1.728173527357908856e+00 1.753197238105191902e+00 1.806409752342270858e+00 2.028773931601424163e+00 2.107361289135116778e+00 2.281526172747848857e+00 2.324248010667509412e+00 2.525278056804548754e+00 2.450607904851778596e+00 2.793253952463944145e+00 2.877676224327681442e+00 3.038082292645922333e+00 3.225840843173981121e+00 3.403661757935331877e+00 3.444788416994263525e+00 3.732772348542898300e+00 3.958007546329596060e+00 3.880052536676623198e+00 4.184191573274104847e+00 4.298443159235882050e+00 4.505782547488050405e+00 4.714217646956021746e+00 4.809060860926145153e+00 4.899415187513043612e+00 5.440814732024949585e+00 5.448093613593361972e+00 5.926865842318179034e+00 6.041498515445750783e+00 6.094595469625362583e+00 6.057893907988243676e+00 6.186262945708163485e+00 6.208340658335265161e+00 6.807798407943621122e+00 7.107448439083953851e+00 6.722805871227497398e+00 6.988341119373309596e+00 7.166069330212502919e+00 7.356493041572300662e+00 7.009641191417717465e+00 7.809170292300617433e+00 7.780920993789412599e+00 7.497540241734130362e+00 7.556957031807707281e+00 7.714668442620919997e+00 7.980943839382040217e+00 7.560337582470602058e+00 7.976148685357107304e+00 7.809372163078470486e+00 8.269916209572818033e+00 7.649307216282078770e+00 7.925677608916579686e+00 8.294848082067598938e+00 8.214749701483292199e+00 7.476451414928031447e+00 8.175460575458670220e+00 7.476862094876326026e+00 7.441758396869543546e+00 7.344017377016037962e+00 7.881842602105709972e+00 7.457482996577994072e+00 7.598501465864112348e+00 7.686157142350615423e+00 7.366597374475703397e+00 7.366135768355884572e+00 7.118832782853582231e+00 7.088100991918606653e+00 7.047862071787170279e+00 6.444781802730244813e+00 6.496491160113305519e+00 6.400449506508298469e+00 6.482422645288892227e+00 5.943655995557472593e+00 6.046231168535765477e+00 5.734013709283700244e+00 5.729045795160571330e+00 5.392038778395985332e+00 5.728196696883820493e+00 5.154949078690315822e+00 5.501993186775913536e+00 4.960282680987621262e+00 4.828114807928052699e+00 4.840093060697353344e+00 4.661972004984783702e+00 4.679347177284356007e+00 4.310453020366308508e+00 4.409591622343644879e+00 3.993075239964660739e+00 3.939160439944489944e+00 3.998711036133748120e+00 3.530211511983516459e+00 3.504191549216591817e+00 3.615507814107401963e+00 3.474860156341646800e+00 3.228501790607322341e+00 3.155196607573962364e+00 2.963349492087049786e+00 2.784426963992596260e+00 2.632973413270777385e+00 2.728349165370997476e+00 2.428180227402130686e+00 2.444596843070395487e+00 2.176746106617604593e+00 2.239356427979027675e+00 2.155094931668664504e+00 2.056121082436897840e+00 1.948105713053207566e+00 1.845192159896960504e+00 1.720828369044125949e+00 1.657190188937322395e+00 1.602080782405145065e+00 1.573516826951099734e+00 1.484000326938583747e+00 1.400340169709303195e+00 1.446559584940323662e+00
1.515473899314440764e+00 1.413388554655878426e+00 1.576424181710967654e+00 1.571174829230741921e+00 1.641424608849692657e+00 1.682206970625646614e+00 1.737385841204838632e+00 1.739245312905934870e+00 1.967785803357222196e+00 1.951983739771021575e+00 2.019008172591344241e+00 2.239114355343229779e+00 2.389450703485415772e+00 2.530216943807195751e+00 2.554770767824837918e+00 2.785673974046148693e+00 2.744473233410916535e+00 2.964692607344015407e+00 3.161733342082463594e+00 3.278305486137433888e+00 3.414273401745308689e+00 3.516962564703818295e+00 3.892693507786583851e+00 3.841289572884910797e+00 4.371870288523604486e+00 4.370113427671995510e+00 4.464561086695976400e+00 4.650461752280736327e+00 5.071920284646258992e+00 4.863070530720925433e+00 5.367090173323650681e+00 5.435471349704934951e+00 5.549254596754896518e+00 5.815967408595279053e+00 5.689183006556306488e+00 5.992451764273893922e+00 6.172450650274253547e+00 6.764201101473887867e+00 6.402895012982959599e+00 6.621434313642867941e+00 7.189611528907967397e+00 6.998427789650387254e+00 7.247799205918293630e+00 6.910371021902742328e+00 7.692266093064963783e+00 7.248471705528996445e+00 7.624344720084455851e+00 7.257472294162162108e+00 7.590589963267058593e+00 7.524755982027516055e+00 7.946673340830121113e+00 7.561248388399012477e+00 8.080092394834471392e+00 7.901972473211451131e+00 8.244274080658550830e+00 7.655825389009615733e+00 8.127792649331759378e+00 8.220994259706710494e+00 7.588146898982387256e+00 7.501670955496060778e+00 7.441171795814579326e+00 7.637958112909821295e+00 7.991188069813317973e+00 7.623466314199462524e+00 7.935782620357417549e+00 7.752574074096249213e+00 7.492911384339730141e+00 7.713398580725287168e+00 6.945995563570076747e+00 6.940952903612510383e+00 7.239302095812688798e+00 7.094689915680248760e+00 7.149723502739572467e+00 6.841607208318726485e+00 6.509224390994880594e+00 6.568050301586221273e+00 6.562417116419079655e+00 6.195074299495601622e+00 6.241944668990365486e+00 5.921328270554880646e+00 5.839345222170420513e+00 5.819891060900671320e+00 5.463551032250055783e+00 5.586296431939650198e+00 5.311816748507125041e+00 4.955708378249585877e+00 4.743824291030101392e+00 4.883367984170236653e+00 4.664621919885281187e+00 4.715063853896814372e+00 4.306892777906046632e+00 4.317590783030939683e+00 4.325954604106518886e+00 3.812454284344883426e+00 3.744887961206463611e+00 3.628407220903166586e+00 3.490648079639555590e+00 3.523271131049536820e+00 3.361615703264083876e+00 3.076704435880190047e+00 3.036906915995310818e+00 3.080972072650795646e+00 2.736734330129829029e+00 2.819475135545028710e+00 2.627808889167591477e+00 2.533371940776103060e+00 2.498038894239809959e+00 2.224662464822497299e+00 2.309218295241615149e+00 2.203647994200464755e+00 1.942145291759259207e+00 1.959691578490626140e+00 1.882115484922379567e+00 1.765452348839143371e+00 1.634588503275908433e+00 1.607532971219921336e+00 1.479041866902376157e+00 1.508381987883342212e+00 1.379723268317126772e+00 1.391986285270379042e+00
1.517161275860318348e+00 1.513777857242810443e+00 1.492586109462114008e+00 1.622411008931938570e+00 1.694059447135831675e+00 1.605929159074860557e+00 1.775329620412715137e+00 1.860001973277155107e+00 1.866332925679851540e+00 1.982208756897640534e+00 2.145319789433747903e+00 2.115748167187734730e+00 2.252624243029311302e+00 2.526953054653620523e+00 2.664076209307590037e+00 2.798226955592424403e+00 2.766920184287784412e+00 2.970386368139270594e+00 3.100470510211736475e+00 3.191241007438101907e+00 3.441231897318169697e+00 3.622807950549104206e+00 3.961707658797707587e+00 3.897913836022331768e+00 4.143090269800362435e+00 4.464241290855438749e+00 4.407352998208045491e+00 4.915057695736492427e+00 4.682313889131674678e+00 4.975723740955065644e+00 5.290796701999766150e+00 5.590816372084431052e+00 5.775483081403353758e+00 5.877628475865183333e+00 6.032191781101457373e+00 5.909422740521314665e+00 6.004233360147905429e+00 6.607656881608336086e+00 6.452695146136689708e+00 6.369939137660822759e+00 6.843941220274986748e+00 7.135583374182532523e+00 6.849353313384288988e+00 7.070837474552321922e+00 7.188677700747574839e+00 7.385151760024681877e+00 7.797957834771454877e+00 7.673448991466715441e+00 7.873402992552152924e+00 7.563355362096741530e+00 7.372640634456844033e+00 7.774690121641780749e+00 7.866835486252786502e+00 8.096541169913532343e+00 7.632832860271851594e+00 7.750177058431172661e+00 7.544625968907840985e+00 7.697272069842300724e+00 7.680807406415604000e+00 8.023285906880834872e+00 7.831936829282552637e+00 8.022722616115890659e+00 7.802560663340639024e+00 7.392195441951690427e+00 7.808492813846799940e+00 7.242034122924278172e+00 7.413353479436839422e+00 7.495578119118490257e+00 7.197914729840302783e+00 6.816301960961232531e+00 7.161181612838978694e+00 6.764521602285286761e+00 7.169842247807437730e+00 7.019732974887132215e+00 6.772567928516584956e+00 6.650884024845892029e+00 6.338824144439263897e+00 6.507256087588667803e+00 6.256602456325635053e+00 5.862610424177704616e+00 5.931037603561643223e+00 5.904077166464738902e+00 5.512258977366880863e+00 5.568873730712730286e+00 5.096136525179071342e+00 5.293403116582682699e+00 5.138435765864800331e+00 5.060175452945537167e+00 4.598069380740983370e+00 4.722165557438994909e+00 4.433233723988235120e+00 4.439289332219983564e+00 4.174167514357533193e+00 4.231678715198933460e+00 4.072446378292019276e+00 3.623654615010220681e+00 3.585207664900195823e+00 3.616322438320263899e+00 3.488728421665860058e+00 3.100175552801845758e+00 3.247774257708834877e+00 3.075531037507332144e+00 2.813751277920434113e+00 2.759425091498789673e+00 2.675128528445955389e+00 2.659526172295912705e+00 2.538229225526084765e+00 2.243329447863635195e+00 2.133318968883642697e+00 2.204781197947925708e+00 2.110395966388203703e+00 1.986803936453271469e+00 1.783643514801209529e+00 1.729605699617017489e+00 1.642397821169469196e+00 1.626935048612405899e+00 1.609183099816461793e+00 1.456992777691263230e+00 1.527155033077229662e+00 1.458847653208633410e+00
1.503921855976903199e+00 1.543963040939733578e+00 1.604676972624540010e+00 1.525978159825625680e+00 1.657791369348586175e+00 1.657085780791166973e+00 1.790262610319100611e+00 1.757018149235177296e+00 1.895231021660948034e+00 1.955873779060607109e+00 2.022156820199043192e+00 2.173134845412421523e+00 2.259834609677938477e+00 2.358932732539326782e+00 2.488467322464151366e+00 2.703839553824915587e+00 2.732534653426260896e+00 3.032814375020193243e+00 3.152435246689471171e+00 3.407522647700388596e+00 3.442676016776059722e+00 3.527153114470168660e+00 3.661364505130379587e+00 3.947025249559080073e+00 4.153490175904393844e+00 4.187495202078760137e+00 4.607056268697268919e+00 4.503388169919743333e+00 4.838639851754814813e+00 4.796081982071060068e+00 5.285630945061837060e+00 5.226948201686255402e+00 5.422189850493566610e+00 5.909635944926578510e+00 5.945229665576827749e+00 6.090391893860517492e+00 6.011755062519994475e+00 6.282153351633925631e+00 6.383973595295763026e+00 6.676191682453056053e+00 6.931227705159304975e+00 6.879200921054605011e+00 6.889484335415191119e+00 6.857464271412340828e+00 7.365825947526549733e+00 7.265375860460200563e+00 7.447227026657857962e+00 7.230115875039101248e+00 7.513191992307418410e+00 7.923928659079130021e+00 7.411556245431945023e+00 7.502178929585716638e+00 8.159650178031064627e+00 8.040899715696008698e+00 7.974247447152047918e+00 8.037817811317710337e+00 7.488859821743544032e+00 7.924439956614653724e+00 7.943563670525266573e+00 8.139596245117443729e+00 7.449934012693699259e+00 7.852153384030416738e+00 7.340051817655584898e+00 8.007121846401259901e+00 7.946748530933244403e+00 7.270085063618163090e+00 7.087935315122057212e+00 7.434286687824073425e+00 6.928212325467438149e+00 7.515211581666736862e+00 6.971656028383367065e+00 6.700640918675085267e+00 6.871647898443510982e+00 6.873800095187579728e+00 6.733329062981442625e+00 6.423550664657192044e+00 6.650962874646968004e+00 6.053730937612616714e+00 5.920233699987469400e+00 5.703146932728561325e+00 5.680047965430354395e+00 5.724030209682353210e+00 5.822914938207358837e+00 5.631710272359487846e+00 5.184945325958666196e+00 5.339617759314423395e+00 4.887855338131524618e+00 4.685293679939555034e+00 4.864622183951025747e+00 4.500419882347999057e+00 4.498021087391069983e+00 4.136884168764361824e+00 3.994968612968426314e+00 3.967732828055641203e+00 3.911967471824174147e+00 3.767207779450941985e+00 3.524060177624924517e+00 3.566501392736860065e+00 3.520272968954227366e+00 3.207780337734580378e+00 3.030984222248075621e+00 2.992894079316299472e+00 2.815578708495805493e+00 2.723708818895489436e+00 2.736659617760560881e+00 2.583113440224005242e+00 2.502263395725280670e+00 2.327348746801581214e+00 2.268980542403559397e+00 2.260231872998226255e+00 2.089098536402598683e+00 2.039620682284474906e+00 1.815767856894005439e+00 1.775246872090167738e+00 1.760641970724220462e+00 1.719179051433361138e+00 1.552079595238653242e+00 1.538196087328907780e+00 1.505811699955769356e+00 1.533285081747868928e+00
1.471997038665017410e+00 1.446882960262484197e+00 1.547022912247531190e+00 1.659063651626307978e+00 1.650322088587906411e+00 1.689808085510430047e+00 1.845361935219881344e+00 1.907941918346979682e+00 1.950245745824816357e+00 1.926069623610004111e+00 2.125355328042068059e+00 2.278919555943259567e+00 2.402469552886797199e+00 2.396038156363301752e+00 2.425978274614779551e+00 2.696608717731177496e+00 2.888382464092867696e+00 3.085284058840623622e+00 3.006666971411283029e+00 3.332766440888768500e+00 3.544370211049283625e+00 3.468200774053252111e+00 3.665094261039240298e+00 3.827172695227157639e+00 3.904417879516311363e+00 4.337615822385008535e+00 4.445716473861758722e+00 4.574225794987435201e+00 4.977283114793960017e+00 5.229473108404634196e+00 5.306315583083483389e+00 5.432843566454767625e+00 5.274553466961385162e+00 5.612497857563180759e+00 6.027152392532819647e+00 6.152308870266159246e+00 6.266010088405514544e+00 6.092358802138920559e+00 6.311287371932488455e+00 6.916721058789064180e+00 6.716266852211116856e+00 6.919163126357714688e+00 6.957141918171791950e+00 7.361654525902004309e+00 6.909736583040952951e+00 7.453405071799400261e+00 7.148909678715448024e+00 7.242546126704146658e+00 7.677516460372734386e+00 7.453934094883253536e+00 8.026697504051508503e+00 7.410371351099325210e+00 7.942833011243704888e+00 8.067343439517697945e+00 8.074207784802352350e+00 7.660220733212016242e+00 7.944191085901028515e+00 8.087969123207313871e+00 7.881699261973170501e+00 7.690896201254553866e+00 7.686514660763201334e+00 7.839318297737041696e+00 7.469635320859628891e+00 7.271640805442608269e+00 7.659235635812131626e+00 7.170551412403598057e+00 7.702275180953962241e+00 7.138225494809907978e+00 7.187823448050999708e+00 7.534508314494408054e+00 6.806051208070882375e+00 6.985485333854930090e+00 6.973202639626681076e+00 6.774635946768526651e+00 6.336432017634319180e+00 6.617444440927421567e+00 6.341123156656657933e+00 6.043165089951210156e+00 6.261721779945480293e+00 5.775312653174848876e+00 5.660323461647121412e+00 5.987252377985512020e+00 5.767959135885801558e+00 5.465278344233531094e+00 5.412396619963461220e+00 5.151958853889703427e+00 4.825934821858455237e+00 4.725534877481083917e+00 4.944303862157478413e+00 4.625466622555210350e+00 4.512456124953128977e+00 4.503223052047178321e+00 4.338555628460006197e+00 4.064825335377602045e+00 3.773834419625720304e+00 3.984945647504987143e+00 3.608192572552731292e+00 3.593672909056176756e+00 3.558613577881061918e+00 3.202093031677246238e+00 3.167692829702029478e+00 3.099243282492348595e+00 3.006715685044174968e+00 2.909076445538882449e+00 2.822097692909991018e+00 2.539315414928633885e+00 2.382376195849852163e+00 2.429718826388337138e+00 2.288043151984313628e+00 2.160255599307820962e+00 2.057703416049833756e+00 1.971485363640355759e+00 1.941521473181614610e+00 1.747791551016666833e+00 1.822521423598068013e+00 1.604186955682755045e+00 1.613886616543005248e+00 1.590564752006374150e+00 1.463462746596541297e+00 1.503993351593965855e+00
1.501162018815763721e+00 1.602107578776680308e+00 1.544387681892561481e+00 1.551394416051244951e+00 1.617252947622750403e+00 1.630412119726656561e+00 1.683302391206402238e+00 1.842377610920427067e+00 1.980744342925820245e+00 2.046056439583233466e+00 2.180437975482831359e+00 2.133349330390562404e+00 2.289311382980005138e+00 2.419417177943248287e+00 2.567844334469526313e+00 2.601904021858304272e+00 2.773942093775753737e+00 3.067412168479006329e+00 3.175077827224497717e+00 3.298494952100378796e+00 3.315705620762515959e+00 3.425806074947913782e+00 3.879689094884239076e+00 3.906198318038539341e+00 4.142427557355474299e+00 4.108554753406548521e+00 4.655954018309148346e+00 4.656354568840968433e+00 4.854495087522946228e+00 4.884478807805857414e+00 5.304798078637030123e+00 5.246898610277617614e+00 5.671031004836502021e+00 5.535825495207573610e+00 6.061289153625493142e+00 5.742753402372238192e+00 6.101060786683497383e+00 6.030386666095337134e+00 6.701810408326298152e+00 6.454438297542432146e+00 6.799188722765712178e+00 6.730501453802257394e+00 6.716613598011847763e+00 7.308130397888319862e+00 7.004343400450531831e+00 7.376566316864619388e+00 7.686778326102332137e+00 7.475982543761008792e+00 7.281000035139100213e+00 7.267219525162785132e+00 7.349867778554329156e+00 7.507371579458253841e+00 7.871369406362778598e+00 7.634778878259322887e+00 7.862946130046114313e+00 7.744670319649664236e+00 8.089761614751855845e+00 8.005637574614819840e+00 7.644419842404860610e+00 8.099619955281170292e+00 8.064762528435764466e+00 7.945151322266676530e+00 7.399783162037908646e+00 7.328009025271123633e+00 7.673348139948937607e+00 7.795009750771593637e+00 7.333282303874717911e+00 7.176032730397016834e+00 7.602305419396686581e+00 7.204975954089581691e+00 7.265325656161795820e+00 6.817281463244580841e+00 6.672464804975454022e+00 6.477386167373791359e+00 6.910183775901507452e+00 6.322307017946909191e+00 6.154082934895702017e+00 6.407254722602961472e+00 6.461237851673311994e+00 6.297537758747724368e+00 5.971086137119308468e+00 5.512315617286405178e+00 5.765182951288489122e+00 5.630746258549526928e+00 5.441747820124949619e+00 5.017513366222513760e+00 5.247152954422801940e+00 4.846425303150398989e+00 4.923883873217342888e+00 4.558115857856176234e+00 4.433179985328384198e+00 4.539173618168232949e+00 4.251911035638833880e+00 3.915963155342962132e+00 3.854865433884812287e+00 3.782238684662692307e+00 3.684169305140374995e+00 3.594587257954109383e+00 3.300310537340483741e+00 3.438737233302464169e+00 3.130520974108049082e+00 3.208557867342328951e+00 3.031325285478404741e+00 2.992434897069498945e+00 2.682488832823600067e+00 2.670171344823168091e+00 2.460998943527401117e+00 2.497052570525426951e+00 2.254482914377924363e+00 2.175020860901715647e+00 2.137552429054967007e+00 1.946632197906324802e+00 2.026613449920673382e+00 1.925477020000484707e+00 1.693400625269102733e+00 1.629414036149025469e+00 1.598933729865807285e+00 1.541880276458379218e+00 1.465765565302564744e+00 1.479225786633997286e+00
1.506517690298962098e+00 1.549528780542959838e+00 1.647633367321692965e+00 1.679180676156050600e+00 1.708887170879438200e+00 1.718541834767257415e+00 1.724910642859368570e+00 1.845528636028018532e+00 1.919470968586541870e+00 2.034041302033450016e+00 1.999738238555788694e+00 2.128757452883392798e+00 2.350224444099450416e+00 2.502347328607678723e+00 2.613482144676138930e+00 2.613378852891749204e+00 2.803381047112344149e+00 3.051546455244104283e+00 3.093186851899666578e+00 3.143133628884558828e+00 3.549168045788042125e+00 3.505691016890410072e+00 3.699041779917752404e+00 3.732943656963074286e+00 3.969937337754031237e+00 4.319757898291290310e+00 4.368111434864472287e+00 4.538124423345880842e+00 4.617349733659684929e+00 5.053712118193620206e+00 4.885298594315940157e+00 5.441292432843130022e+00 5.680805334041672872e+00 5.893141315522638202e+00 6.046616587755381467e+00 5.775597090196669114e+00 6.323655787717358479e+00 5.955008668473418254e+00 6.307886332615823655e+00 6.246309748768120507e+00 6.397590527246357794e+00 6.631428661859184892e+00 7.287380114694980371e+00 7.095850457010921986e+00 7.032819686365854750e+00 7.297184585851394623e+00 7.499730988121430464e+00 7.803067350692138859e+00 7.146581916631501663e+00 7.587567368954602820e+00 7.853323347722840353e+00 7.785440279843599320e+00 7.767881532531276889e+00 7.400805797912088480e+00 7.680350771028283674e+00 7.443511478307835993e+00 8.112620473478125760e+00 7.528123647888234515e+00 7.944013199364721167e+00 7.911386421842280470e+00 7.661186376842448631e+00 7.685529365504139676e+00 7.994991991586936741e+00 7.464655171701527259e+00 7.304065248429221668e+00 7.791476693580063007e+00 7.286472122205819524e+00 7.622916017727896509e+00 7.577672796292020507e+00 7.031328600057547895e+00 7.062305952544361887e+00 6.756152069757195733e+00 6.590512131306207166e+00 6.780111191087306644e+00 6.849535291613110033e+00 6.313627591548286233e+00 6.606783153721802471e+00 6.362273525676028108e+00 6.264907495946054006e+00 5.990990029785652204e+00 5.679994329543922582e+00 5.985119211962374841e+00 5.584722947282618755e+00 5.643905472361677056e+00 5.132229460823081624e+00 5.341999127626612776e+00 5.156544060419499864e+00 4.889820246914013069e+00 4.864144071886764564e+00 4.800095803127882199e+00 4.403172272436008505e+00 4.276069635318495266e+00 4.143837114229908636e+00 3.959929766329703060e+00 4.057396698077375241e+00 3.863288249878038982e+00 3.887330807125851440e+00 3.604464167147408915e+00 3.379862578053165034e+00 3.474016965791170364e+00 3.235352656451672360e+00 3.027591333445274646e+00 3.106693302521636557e+00 2.864262089583124560e+00 2.847846160472201849e+00 2.666123713324069389e+00 2.645181046935122460e+00 2.537408409288786526e+00 2.320644030382523759e+00 2.182429888961203268e+00 2.052336847825600774e+00 2.037997275266123065e+00 1.917203031705233762e+00 1.922462753664873070e+00 1.743776504183254916e+00 1.713824027431149366e+00 1.680769785442858932e+00 1.503351350253506968e+00 1.469407224509240883e+00 1.513596072167046280e+00
1.525845769782048222e+00 1.613898399555037111e+00 1.516491632108716292e+00 1.565842265401797828e+00 1.679429545067960383e+00 1.738112690208775568e+00 1.834007247635178528e+00 1.878884403136188430e+00 1.906789372512972980e+00 1.936453085209448144e+00 2.016925963660050503e+00 2.150310094903761904e+00 2.235814445183722299e+00 2.521245056482990243e+00 2.594921179826343849e+00 2.680414200565772287e+00 2.901045157774455152e+00 2.938964465152797523e+00 3.227396158027172834e+00 3.174039699852223340e+00 3.534535558590642612e+00 3.406120832958127398e+00 3.650643581177545727e+00 3.807955301707746987e+00 3.974968970611741703e+00 4.047762257035294020e+00 4.195923942225512349e+00 4.586037339525693035e+00 4.772403683892072479e+00 5.108309506176849979e+00 5.263527189594266353e+00 5.084753429658291246e+00 5.266467144883152152e+00 5.515465774602687610e+00 5.552110881037297219e+00 5.775443112379269550e+00 6.371467648616842006e+00 6.023713423600836059e+00 6.566145549994866215e+00 6.355104355237775948e+00 6.963513007408310251e+00 7.053135766742712143e+00 7.015768828160022785e+00 6.809359951928071197e+00 6.965303820303813787e+00 7.065917666246293471e+00 7.113612098162986008e+00 7.247716236305449478e+00 7.273572754508956351e+00 7.206223084429876913e+00 7.866973095455411347e+00 7.601055778201538438e+00 7.641914929683427893e+00 7.572831588051049501e+00 7.981558692276649047e+00 8.124713657215981044e+00 7.559797037394922370e+00 7.612751888877973272e+00 7.916402188878408630e+00 7.710191535093832371e+00 7.877387105527982492e+00 7.677159147572212738e+00 8.019341987103434377e+00 7.523490310516980806e+00 7.265124564474605862e+00 7.841549448840175351e+00 7.552724239339989154e+00 7.317008893016951454e+00 7.044538180065819333e+00 7.519384483968575950e+00 7.414869545700753406e+00 6.714204265121157533e+00 6.674530243137439811e+00 6.575881324252785376e+00 7.006443485187460851e+00 6.338944452885890257e+00 6.145250196926531849e+00 6.340110775264236054e+00 6.108840706420586741e+00 5.907745985332567784e+00 6.195098241277741558e+00 5.520068239269876109e+00 5.746586903449713013e+00 5.333117875026355925e+00 5.548749426067005608e+00 5.192028711274565111e+00 5.038053721486823733e+00 4.800073610703831761e+00 4.916556627994255635e+00 4.820948365706626326e+00 4.503774616876074610e+00 4.377613847933037761e+00 4.194684070737896064e+00 4.155921215643041400e+00 4.077159952170939405e+00 3.983090733472770761e+00 3.665904068652782399e+00 3.752489467550162328e+00 3.482684083481772941e+00 3.512848423826600897e+00 3.422592136341169766e+00 3.283080431208335259e+00 3.044834507505993937e+00 2.948413606308280865e+00 2.657718735376081831e+00 2.599892834364758709e+00 2.514092278732820152e+00 2.463992391933151005e+00 2.287670702403072465e+00 2.177090118393337992e+00 2.165342349484153939e+00 2.037219903900578277e+00 1.931010316151176465e+00 1.808629668127209822e+00 1.811876228615820095e+00 1.760788596713357190e+00 1.617393887890742565e+00 1.664389061780686241e+00 1.582767404230130515e+00 1.566522161945710812e+00
1.601409195958375387e+00 1.598287175565946905e+00 1.566469370746004230e+00 1.663223406198560017e+00 1.603005919971051796e+00 1.792278650539504303e+00 1.808216723318025965e+00 1.852251297032189381e+00 1.992335144288368998e+00 2.028426342604483068e+00 2.202596249021379737e+00 2.208078223798800366e+00 2.245091268474560753e+00 2.423650776671018914e+00 2.648808342872926325e+00 2.687873863709238975e+00 2.849142584471451745e+00 2.805627305553225259e+00 3.048264792603001094e+00 3.305989935853886230e+00 3.484342508087543866e+00 3.432740435795068823e+00 3.792385086417388695e+00 3.810060131180232013e+00 3.831868200476729047e+00 4.379697151906945862e+00 4.458098192161709328e+00 4.468131556932144477e+00 4.591895099698368732e+00 4.946902398557037728e+00 4.822921966618204159e+00 5.328603247759888362e+00 5.632233996253159347e+00 5.571823183224561049e+00 5.536396486110517934e+00 5.817868940792354060e+00 5.822271542145128542e+00 6.193217090928366808e+00 6.180745043236690606e+00 6.200529079228833673e+00 6.747842483558172511e+00 6.668556014457032610e+00 7.098269976646808033e+00 6.786479121779049883e+00 7.108568100593372741e+00 7.258103592259520731e+00 7.581349602636204388e+00 7.524202056908363190e+00 7.409817206660217259e+00 7.622339769092199901e+00 7.239342998371989246e+00 7.860564656471897393e+00 7.924353765426143781e+00 7.610535742246064217e+00 7.695800023904015852e+00 7.668659980177332081e+00 8.131434462161298171e+00 7.810924284361227876e+00 7.415260043496982867e+00 7.670252599343022837e+00 7.652817153288937746e+00 7.745344772801791677e+00 7.666089907793680602e+00 7.830938573617450160e+00 7.764587532360993194e+00 7.361256242769473879e+00 7.188574302215085865e+00 7.690493800674707892e+00 7.121660744654457531e+00 7.454457296099042729e+00 7.009934419075159795e+00 7.176751838371654202e+00 6.979497941928302751e+00 6.865987826619027956e+00 6.751379355424428574e+00 6.535809815286381053e+00 6.235265438591975240e+00 6.255393233056354418e+00 6.197966388014481964e+00 6.129650837599221802e+00 5.994085653213215181e+00 5.640439475304446226e+00 5.447483804592800460e+00 5.815681405244424340e+00 5.172179034617453652e+00 5.424500790887960555e+00 5.036370732145163842e+00 5.145012781630004639e+00 4.999533233514525499e+00 4.925968971586950573e+00 4.583389141363368502e+00 4.608161797421290728e+00 4.446350007839749097e+00 4.107565488225058736e+00 3.897619836381858605e+00 3.843552038485567035e+00 3.834386480635221250e+00 3.737351062236945243e+00 3.669766081496073085e+00 3.532064776448055721e+00 3.273111997798022976e+00 3.128831542868089066e+00 3.087135227943274440e+00 2.882679034915204053e+00 2.901061718339561946e+00 2.753959002998153771e+00 2.714101521593933253e+00 2.545481346925001720e+00 2.298465918127070573e+00 2.270255566951546289e+00 2.170209175105070720e+00 2.183062618660998044e+00 2.038998797007892438e+00 1.869101974384940634e+00 1.806914372106054989e+00 1.773335802557413077e+00 1.696620283280193098e+00 1.593118458731312526e+00 1.510451805779597034e+00 1.560624918498449532e+00
1.516497857863427612e+00 1.677892592890971368e+00 1.678914335198463004e+00 1.604454743577337528e+00 1.701500638753977279e+00 1.710113089986049495e+00 1.774647133812260025e+00 1.825221698556690697e+00 1.872294961184439721e+00 1.969638578760427805e+00 2.096515773495722712e+00 2.137515053340381499e+00 2.363476720072053894e+00 2.406533687477746319e+00 2.622732713474730470e+00 2.525399410699209479e+00 2.723307825033444818e+00 2.925948114434490321e+00 3.025385911902395364e+00 3.126224712033260467e+00 3.435720795032972230e+00 3.344561452383373990e+00 3.567305694339127697e+00 3.668817981624354019e+00 4.086431657896140379e+00 4.044194215111163615e+00 4.264398058374953671e+00 4.460504774609374223e+00 4.774731877777610656e+00 4.932267277436324093e+00 4.945558027044247851e+00 4.986465132570724990e+00 5.271849945018328043e+00 5.781637137456260511e+00 5.765197538204088978e+00 5.979226244171661264e+00 5.901167811135635155e+00 6.381957298524885580e+00 6.455749905069403383e+00 6.646864982204551353e+00 6.583268638178357612e+00 6.963731773422041194e+00 6.931792428986455867e+00 6.710336895217040798e+00 7.092748781797854285e+00 7.103653406323886976e+00 7.449746057117783593e+00 7.072535922593991664e+00 7.390147135580521720e+00 7.422373971566738504e+00 7.292663574818438299e+00 7.403766362458255479e+00 8.033006921394436617e+00 7.523161126903755047e+00 7.985271406894849378e+00 7.410469050596752538e+00 7.902391761333487530e+00 7.997470940984458210e+00 7.873358423301111131e+00 7.986069724974529827e+00 7.464884993207579811e+00 7.577119650655062877e+00 7.599659526321802083e+00 7.902028680775465830e+00 7.811934342926893926e+00 7.252078447707951625e+00 7.108262091610392908e+00 7.152100924085442735e+00 7.086224909973538821e+00 7.556610021232246233e+00 6.941822273522193498e+00 7.267189879696766219e+00 6.676664389329372895e+00 6.851695319828202457e+00 6.484163044931336550e+00 6.786116425357275439e+00 6.291214034401298782e+00 6.062599455299198858e+00 6.208917877464368296e+00 6.386884229532353352e+00 5.819457795980258474e+00 5.645884680932306665e+00 5.786507349290030966e+00 5.544209742847136191e+00 5.578568137612500699e+00 5.271922864749586601e+00 4.996210966541129395e+00 4.900121237616108516e+00 5.038256008068070280e+00 4.634216019899665362e+00 4.426698661553241543e+00 4.569136316512365958e+00 4.153347321895036970e+00 4.061635930652616189e+00 3.969782490571834188e+00 4.022881514572089756e+00 3.685184294005499517e+00 3.856318197497879297e+00 3.509933498473190916e+00 3.364387230581104227e+00 3.208018347915510660e+00 3.238746010610325854e+00 3.142205420699351492e+00 2.963663077292929326e+00 2.867500893395297012e+00 2.595755150091545893e+00 2.522624242512493620e+00 2.583666373575467468e+00 2.390958189083905783e+00 2.403769768600286127e+00 2.107305497365972613e+00 2.188953759031092794e+00 1.941869241881963415e+00 1.951192074685590194e+00 1.820692783363673906e+00 1.738429207131807042e+00 1.702322816941743477e+00 1.629033901129530726e+00 1.552966786211311456e+00 1.570758060050771121e+00
1.609050341262967976e+00 1.578402928067540012e+00 1.673367267672801528e+00 1.650526941972411787e+00 1.700921613442873070e+00 1.814858597767072146e+00 1.762692477234609534e+00 1.822521826018649316e+00 1.885763420205730734e+00 2.107468855351871007e+00 2.072029661089570762e+00 2.119014231003724547e+00 2.292008999391262680e+00 2.356686432851572199e+00 2.534350793977970806e+00 2.595059580499939234e+00 2.880355062538537236e+00 2.816055121611642065e+00 3.129229665709905017e+00 3.226785619865292887e+00 3.362422035814137899e+00 3.405783795169211814e+00 3.704435990547147561e+00 3.815104201946103668e+00 3.979349792106878336e+00 3.944531205223703818e+00 4.147365821077260151e+00 4.494501017611772120e+00 4.788582126783804682e+00 4.675195266771781988e+00 4.878985048208555497e+00 5.033452452511664177e+00 5.356625515081981703e+00 5.749933035834178696e+00 5.695026212130517962e+00 6.104965502594877691e+00 6.155699467270832059e+00 6.370282482299589155e+00 6.181936061818413819e+00 6.453063043881315686e+00 6.388800204691409412e+00 6.774879279803239562e+00 6.882460549797315252e+00 6.692587517774928330e+00 7.362009369941969084e+00 7.360232099438399622e+00 6.952485309106116951e+00 7.644364796638623893e+00 7.332781035422271110e+00 7.575125766506891622e+00 7.284609062488555331e+00 7.867434714960809039e+00 7.946296858519774631e+00 8.012564914632788415e+00 7.348968209332482182e+00 7.593114789880931248e+00 8.007181672446520793e+00 7.562376977586507287e+00 7.631167620670646023e+00 8.012897197497172996e+00 7.494037168588610243e+00 7.620447262092589824e+00 7.907133987043120094e+00 7.345199418803985303e+00 7.806645917868062945e+00 7.414421147864485029e+00 7.529181551081904011e+00 7.266838083592320530e+00 7.231253623708829181e+00 7.051596735969523522e+00 7.269450028312044232e+00 7.109069785262275509e+00 7.219583053791254201e+00 6.851360339259957577e+00 7.019287063041423913e+00 6.839127290891395816e+00 6.789934279195658284e+00 6.222737990981729972e+00 6.102192217490361337e+00 5.885563611642691484e+00 5.820337147794333532e+00 6.096669564256769647e+00 5.959305703438118940e+00 5.506514566229835594e+00 5.634947975755762783e+00 5.113228599036357735e+00 5.407580802514493357e+00 4.921974967040327442e+00 4.733695756527787957e+00 4.733495465445294315e+00 4.433704016617644683e+00 4.395134251373897349e+00 4.586398407016688772e+00 4.176580842944122907e+00 4.171270438571840877e+00 3.829013571513058434e+00 3.833198179569859754e+00 3.757277845571258101e+00 3.749070773942394297e+00 3.593776834829872868e+00 3.201860634551781715e+00 3.342482723394565092e+00 3.251116368525668765e+00 3.081653823435340112e+00 2.739688145420091203e+00 2.845420933989043721e+00 2.758098470660663715e+00 2.513837388104727566e+00 2.338080578360119510e+00 2.395025527225562723e+00 2.321821613863319200e+00 2.146582541188316817e+00 2.138414351953785264e+00 2.048651042627655183e+00 1.800527339090172374e+00 1.879698145666363285e+00 1.661915306806559967e+00 1.718358866585220524e+00 1.605048613888449216e+00 1.517480425940494149e+00
1.570076390076206252e+00 1.562635682966419859e+00 1.596468609282041928e+00 1.727933708379191247e+00 1.744369107223568083e+00 1.782357349199302332e+00 1.796564397429222026e+00 1.904738103788288672e+00 1.965939471610841371e+00 1.959067398161842055e+00 2.038976700058456437e+00 2.260005463237518164e+00 2.364240880870892791e+00 2.375630257782025634e+00 2.593478354249022733e+00 2.760561740706346523e+00 2.822132287657757477e+00 2.985808463486901765e+00 2.946073901527245464e+00 3.320383666668789591e+00 3.360194041314487290e+00 3.574715349634651318e+00 3.568332932813812253e+00 3.885032463505568856e+00 4.061593984464613172e+00 3.921880122808914404e+00 4.429080044696045881e+00 4.656406706233236825e+00 4.418319120111593001e+00 4.733709599212174268e+00 4.770959416906712214e+00 4.949106450532592127e+00 5.481853478243523980e+00 5.688695250672929582e+00 5.868720615537344365e+00 5.553511562407186908e+00 5.738608258767969872e+00 6.016161292837614027e+00 6.359943099602558547e+00 6.261831697153032117e+00 6.597364095234157233e+00 6.962476915390819698e+00 6.909768807664552703e+00 7.219049967058777995e+00 7.314292082728112376e+00 7.340942728409252993e+00 7.044274272939426318e+00 7.416900383770846261e+00 7.598015164535060428e+00 7.463547499889763515e+00 7.494412281836924983e+00 7.581247685138750469e+00 7.607055666085707379e+00 7.646270291647367046e+00 7.332830578282051981e+00 7.490348214733622001e+00 7.498266003483219144e+00 7.954270978912089340e+00 7.775536504387635439e+00 7.405611360715704805e+00 7.775327440361087028e+00 7.487117200978853582e+00 7.761971795809490260e+00 7.662025582498512399e+00 7.388666262683544872e+00 7.611849963633881444e+00 7.713834980360607219e+00 7.686351103183877598e+00 7.073407246661968628e+00 7.132078462260603047e+00 7.262129062061434048e+00 6.887119910596641859e+00 7.005054972604867203e+00 6.657592092218102664e+00 6.854421335342001598e+00 6.914731898503984731e+00 6.290454297483898394e+00 6.526316202159831548e+00 6.208055955202421927e+00 6.303739477006219616e+00 6.254517074083088879e+00 5.952160574025437079e+00 5.557711232273721436e+00 5.465448863777783828e+00 5.684607296888291472e+00 5.413097066989024597e+00 5.440816844636652050e+00 5.290814878185278403e+00 4.831417792666798050e+00 4.822745984109810813e+00 4.556741591744790654e+00 4.731067426741845772e+00 4.457306310946447248e+00 4.324984999078774983e+00 3.997722155333867988e+00 4.169273202778792431e+00 3.737700231455175715e+00 3.582992209847992271e+00 3.513617660354751315e+00 3.656347766654303832e+00 3.460184087935630703e+00 3.121062090937025690e+00 3.228371515438339667e+00 2.866423492265051109e+00 2.772346173139038861e+00 2.659928244970741318e+00 2.565118657434125371e+00 2.685314282835469246e+00 2.396104265181383308e+00 2.286884202018080625e+00 2.356330910378311660e+00 2.168221978474806022e+00 2.089938808152029370e+00 2.072658461001551267e+00 1.810839787469513018e+00 1.841367103491645452e+00 1.700459253962343764e+00 1.744550485508037818e+00 1.590807433934133597e+00 1.676429361440510801e+00
1.681064267824530445e+00 1.612715159876005888e+00 1.709353854358332203e+00 1.674787284511049412e+00 1.744769735026199697e+00 1.839284073831866317e+00 1.886630082524523244e+00 1.938198771427103617e+00 2.039068967129763710e+00 1.940869816897520694e+00 2.214111014591535920e+00 2.146089507813048414e+00 2.253954951781259375e+00 2.365314455328977772e+00 2.435037101285797867e+00 2.722040619824017238e+00 2.680231353004522532e+00 2.937062506353019131e+00 3.070474796448893873e+00 3.237936890876847773e+00 3.442068683296870546e+00 3.399302369252491740e+00 3.459564543626058697e+00 3.855327255520158314e+00 4.098922043163348405e+00 3.934659411022819686e+00 4.263330248689046087e+00 4.287384079616317401e+00 4.461731952855911842e+00 4.919450162990386843e+00 4.747586526398692719e+00 5.187884685353934877e+00 5.380173890145846904e+00 5.282851987952597916e+00 5.674680904035188433e+00 5.649678430836940102e+00 6.148725645547416185e+00 6.269815154240121480e+00 6.417567489536251557e+00 6.516970013429357778e+00 6.510546396863113650e+00 6.938805954660132613e+00 6.710769583251019910e+00 6.801490789341862353e+00 7.264589652754138704e+00 7.028494349768395821e+00 7.492068798355556503e+00 7.153740815517431351e+00 7.399509568747015820e+00 7.329257399318337640e+00 7.463146182759468950e+00 7.704056555178925514e+00 7.727626101318395335e+00 7.722626544126970138e+00 7.298724284399891182e+00 7.980685711752587785e+00 7.520730002885160914e+00 7.643948911258412693e+00 8.007427019175326066e+00 8.042047336868471064e+00 7.340126645231537239e+00 7.600574278983268428e+00 7.891740546932960676e+00 7.812348979301983576e+00 7.617344563709128380e+00 7.247122118359323295e+00 7.570733353637930207e+00 7.615451204929029494e+00 7.487779238562461082e+00 7.408150974779714737e+00 6.817435032565647646e+00 7.386066531913359157e+00 7.276946531383978289e+00 7.104930111351958288e+00 6.401641035832663640e+00 6.877761514606608451e+00 6.414344478266948535e+00 6.368307830049610097e+00 6.194010724463455908e+00 6.155089645691356637e+00 5.900418805331864469e+00 5.762069693810351723e+00 5.867982448372311310e+00 5.843339470686888859e+00 5.459732320461787580e+00 5.477114894395594291e+00 5.381914048115962856e+00 5.020351402156915555e+00 4.992585100126717634e+00 5.024160292587373178e+00 4.563974329641404815e+00 4.451566113263384139e+00 4.472028739498549399e+00 4.340374553625141907e+00 4.370904362758390782e+00 4.000612285324934625e+00 3.745441487993769414e+00 3.611387552941845325e+00 3.507850687758542030e+00 3.446355793633251174e+00 3.276173280107673946e+00 3.315931958703476123e+00 3.260032612452298473e+00 3.069371977417185704e+00 3.063410859866111835e+00 2.776858338758824818e+00 2.562527568784002341e+00 2.474259733157179397e+00 2.470187551596865649e+00 2.444049693349988228e+00 2.284203125677109814e+00 2.075633409420709174e+00 1.990067438987620285e+00 2.065132602424498032e+00 1.958111548069118912e+00 1.917988055004571146e+00 1.830315288203063995e+00 1.773329391753697637e+00 1.644393637192541835e+00 1.591815596630240526e+00
1.650648384347333408e+00 1.724561965767729355e+00 1.682927449252397345e+00 1.647830217637915817e+00 1.810799362769666798e+00 1.782409140163853323e+00 1.799951957453025608e+00 1.870939523481024880e+00 2.025312186352970834e+00 2.134445271392511945e+00 2.078042421436695264e+00 2.161688926882618045e+00 2.232031172242462169e+00 2.420005469102253670e+00 2.533246853280298971e+00 2.530076698327260232e+00 2.804855768428473617e+00 3.006990173422053214e+00 3.028568692498115222e+00 3.048063752377649482e+00 3.250716247474689347e+00 3.434280936961277231e+00 3.595931109722272812e+00 3.918230528596814644e+00 3.883560015825400225e+00 3.969180490310811216e+00 4.076203116404880866e+00 4.240337963010514244e+00 4.666670931410720868e+00 4.906929764808964478e+00 4.691344758207437238e+00 5.283332426672587623e+00 5.376320299672849856e+00 5.601730441033161867e+00 5.688857443153215954e+00 5.687037187661897697e+00 6.094218144511500235e+00 5.974884495324507938e+00 6.110174567683697155e+00 6.192300300356428089e+00 6.590537533781386514e+00 6.457168477595428335e+00 6.448301911610506032e+00 6.859282592221607189e+00 7.284872606969411635e+00 6.727203053438224778e+00 7.310540852157815905e+00 7.105389671835403043e+00 7.190169253050772369e+00 7.536179736654619710e+00 7.120175426975952071e+00 7.851134987851073888e+00 7.661346831273323055e+00 7.730197063242170152e+00 7.846881549208758244e+00 7.547713938577580883e+00 7.614577071025337318e+00 7.314811369426025500e+00 7.927865317748065799e+00 7.529841977555875587e+00 7.370971028327239161e+00 7.347177609583861013e+00 7.941275704300736926e+00 7.886717961650729691e+00 7.810072070904004349e+00 7.673095315603787547e+00 7.516489643184089076e+00 7.055689179369431407e+00 7.064428015093448643e+00 7.014431037387115708e+00 7.201719350961591992e+00 6.836321918478089898e+00 7.215603513612428799e+00 7.111243406701828640e+00 6.987242455346546421e+00 6.760890019069636381e+00 6.511354734963524571e+00 6.155249164631023007e+00 6.054024213571294055e+00 5.874327534339529144e+00 5.822316709605497742e+00 5.928691753685900956e+00 5.701383647663592846e+00 5.512750794719162073e+00 5.684956716974459034e+00 5.280846902419106037e+00 5.276390347609555498e+00 5.237872078953400568e+00 4.797797915543678293e+00 5.063869796227590925e+00 4.935064570528177263e+00 4.554952488734341998e+00 4.613748526330461175e+00 4.319774161434357218e+00 4.193662411019273506e+00 4.099793464246718422e+00 3.898367209386542243e+00 3.974062314865362211e+00 3.648680458064229359e+00 3.534013833547780425e+00 3.378994607201715183e+00 3.262266299461475949e+00 3.303265054300761783e+00 3.069101832209446989e+00 2.813825207214867952e+00 2.956969139285973380e+00 2.678029701452830480e+00 2.637405772806520776e+00 2.439852371616153981e+00 2.320491630253577853e+00 2.265312684346727945e+00 2.238286171695869520e+00 2.062727248671303748e+00 2.118000824077526545e+00 1.893615004800253132e+00 1.894839035663054672e+00 1.869810203037281626e+00 1.776704388223092845e+00 1.616163361070813709e+00 1.702784315805217163e+00
1.675311728506704290e+00 1.606768283752970206e+00 1.704870402296996046e+00 1.754849828806403389e+00 1.805049784292718451e+00 1.760208444796918625e+00 1.841591094912534032e+00 1.817532975802308659e+00 1.947939549596103825e+00 2.086585484231650689e+00 2.103426189767267029e+00 2.201566509156688944e+00 2.246687943136446375e+00 2.505196886712885096e+00 2.406808961440157102e+00 2.633199021863496636e+00 2.852630139198168990e+00 2.866223859500740545e+00 3.146572534557011469e+00 3.250354619192965089e+00 3.252992648736157566e+00 3.538110781004563776e+00 3.642339904534904971e+00 3.804705098820138076e+00 3.867524055237451908e+00 3.915398445839469499e+00 4.041054733017341860e+00 4.449347637549019296e+00 4.379958841992054097e+00 4.864867323978597113e+00 5.099919168792426127e+00 5.106783539109047254e+00 4.947458632232127229e+00 5.138183042167829839e+00 5.258274520224468063e+00 5.462180585222006890e+00 5.791813636421602851e+00 5.897874060289693965e+00 5.875454046178178125e+00 6.442332711108210042e+00 6.510416266348940439e+00 6.602064808026483433e+00 6.519227172587564567e+00 6.773526221591090746e+00 6.832477727388730493e+00 6.820537161388758207e+00 7.325349106913242814e+00 6.966378555671187911e+00 7.425734483898813743e+00 7.563496834693078874e+00 7.572778353965615494e+00 7.356912646150679080e+00 7.750748737831178126e+00 7.325206254223159519e+00 7.555378125116932075e+00 7.848425260062633413e+00 7.830704296678051790e+00 7.772475304933963436e+00 7.733765320311349001e+00 7.313877158794857891e+00 7.429470940768635678e+00 7.738713036583081184e+00 7.264159064099776408e+00 7.838974962719067463e+00 7.545495589974292372e+00 7.370950145838635947e+00 7.130459549355670390e+00 7.169516460791021117e+00 7.408647986924026263e+00 7.376897189855706749e+00 7.059930796565057065e+00 7.332136224073114050e+00 6.869726585663262775e+00 6.861627004161578114e+00 7.022091958011970725e+00 6.927925469014580173e+00 6.492856938643021714e+00 6.191393974798059752e+00 6.492941200537517332e+00 6.209716254427094739e+00 6.329083711911104970e+00 5.881695249204477172e+00 5.687344852696454289e+00 5.846356925238926472e+00 5.349248130487282538e+00 5.314959654444854742e+00 5.284396004602839092e+00 5.172431957446258721e+00 4.769209362421645615e+00 4.949983144843443483e+00 4.710555022980189577e+00 4.410725426193419452e+00 4.565149577056218710e+00 4.500435115441587364e+00 4.132442446952025783e+00 4.028354645725012340e+00 3.755998932827681269e+00 4.000438890790105617e+00 3.724017481460157875e+00 3.605458841826854943e+00 3.534284492620989759e+00 3.173364806082261236e+00 3.279023822336777361e+00 3.238229679299928332e+00 2.977787653350140396e+00 2.787920832493715029e+00 2.643371335801003141e+00 2.515220305446209448e+00 2.527210077170581659e+00 2.382270512624947045e+00 2.306816504048466498e+00 2.168338019458356580e+00 2.235735493670979235e+00 2.043256779946457158e+00 2.053195467510957606e+00 1.932575708058315689e+00 1.731315834846892443e+00 1.728820516990112521e+00 1.688280986943976547e+00 1.665105420761210597e+00
1.755380319948325774e+00 1.763402579438061446e+00 1.766062860588584638e+00 1.756383011962777685e+00 1.836194120376448913e+00 1.851129612577345318e+00 1.875890328126325279e+00 1.869866815792549097e+00 1.897918611195812399e+00 2.057363247039381449e+00 2.120903025688315235e+00 2.238730922418491254e+00 2.317508977475293719e+00 2.455936204402804801e+00 2.504155349786187479e+00 2.601228979656248885e+00 2.733086632849956121e+00 2.879858785183844194e+00 2.954979712727626495e+00 3.197380863280689045e+00 3.150717326520491302e+00 3.248466551694183746e+00 3.698519939303047455e+00 3.620754837566103390e+00 3.990536986829134491e+00 3.909529273464860566e+00 4.018267055288865741e+00 4.158747997072343772e+00 4.536470632287517013e+00 4.695019223371482475e+00 4.977407718127742520e+00 5.087787517580862229e+00 5.178129735834302139e+00 5.247215630082623150e+00 5.264842966447903727e+00 5.750572112921979340e+00 6.063245239081572535e+00 6.124593395979825772e+00 6.250988451692311543e+00 6.183163592621667703e+00 6.257391323005236927e+00 6.797518348853690107e+00 6.451730526796351839e+00 6.864522308887420543e+00 7.062796137907305649e+00 7.016811385295286918e+00 6.764025370435222229e+00 7.339050477561064767e+00 7.134717846700850075e+00 7.533084812863784840e+00 7.163060094805241640e+00 7.257943216637268158e+00 7.652335246225188570e+00 7.923785378150093095e+00 7.744805133350005200e+00 7.594506440475313092e+00 7.745805186464918002e+00 7.317182670868919381e+00 7.601584887990475714e+00 7.619507522142069611e+00 7.384858978095603099e+00 7.834761742498074000e+00 7.576526064362743895e+00 7.243782055457872460e+00 7.840692141767785728e+00 7.843217010060683947e+00 7.691922535375710801e+00 7.061156880723636675e+00 7.426987907537185407e+00 6.995361234749239543e+00 6.976699836738630367e+00 7.227483858821221574e+00 7.168755859784996964e+00 6.893782100188068362e+00 6.522952930371163305e+00 6.361350210074655287e+00 6.713410168685959079e+00 6.681780333454046428e+00 6.199352717548597624e+00 6.019299970503561248e+00 6.229149267658949718e+00 6.081675331759945458e+00 5.810149694838554701e+00 5.587399093154537866e+00 5.421089173913885340e+00 5.482455982435239683e+00 5.466451552981669515e+00 5.181275392660727341e+00 5.210126791671469526e+00 5.150836879560940496e+00 4.974985454616020597e+00 4.747151064904669759e+00 4.306176246198742064e+00 4.454692107397554501e+00 4.053201298726459179e+00 3.992401328023271301e+00 3.825921829625945847e+00 3.770002212524970364e+00 3.874050266572508061e+00 3.675870035747355047e+00 3.589543022272870587e+00 3.468217752206725013e+00 3.181240236618450457e+00 2.990770179435598752e+00 2.876933091286960842e+00 2.915566643618430209e+00 2.902518550583605528e+00 2.732679192773267207e+00 2.610432995473737972e+00 2.485457813195028010e+00 2.235542896725718265e+00 2.208661199299922107e+00 2.211772487447275726e+00 2.028456455920884860e+00 2.018241464661629792e+00 1.847631723035577878e+00 1.873632925869794130e+00 1.772420495611696900e+00 1.663746475776676892e+00 1.677387494204055196e+00
1.665231587561034399e+00 1.754192919885352309e+00 1.730416844604870219e+00 1.808969832163360270e+00 1.712726816320492951e+00 1.863174572375379645e+00 1.794511594374795571e+00 1.931834450889163834e+00 1.964398325558827096e+00 1.966889933566130511e+00 2.180548054006855363e+00 2.303577595244114651e+00 2.385588194937598772e+00 2.512206285882793821e+00 2.478041146744998091e+00 2.715318620362383140e+00 2.846073505401181869e+00 2.771301856449880141e+00 2.896943027543501969e+00 3.009807900656144231e+00 3.094851880998854998e+00 3.258725146385459404e+00 3.506588382151484495e+00 3.687101057944351279e+00 3.964149366684062148e+00 4.020485532355269065e+00 3.987729032989419498e+00 4.295692661222733300e+00 4.433061192471438261e+00 4.862091762148295970e+00 5.030409003762418507e+00 5.177151869089766656e+00 4.906171924772070092e+00 5.215688658585054149e+00 5.568956719391457533e+00 5.531204270232306541e+00 5.650725397750735013e+00 5.958065192542044031e+00 6.022781806492933931e+00 6.281502935460002490e+00 6.441242514738013014e+00 6.703785283289517949e+00 6.831376087131617147e+00 6.592846481396387404e+00 6.935497835758324570e+00 7.049809059105992759e+00 6.959545365523938543e+00 6.846392720147106203e+00 7.209107275606864818e+00 7.661021008131962517e+00 7.160836224209965017e+00 7.794601229299205514e+00 7.749899937680269524e+00 7.425304343200678225e+00 7.880686460634548141e+00 7.759702367017326630e+00 7.402604775578462082e+00 7.856498262344122629e+00 7.570900555471566484e+00 7.869213870451466697e+00 7.438566378283542058e+00 7.966496213660430925e+00 7.546190159517793816e+00 7.361961440633644216e+00 7.170102403373822320e+00 7.325683593012918493e+00 7.188843970137560824e+00 7.063641710495422110e+00 7.183736218644583893e+00 6.895277088293505052e+00 7.133505526629913440e+00 6.869417314222906690e+00 6.998233789782656089e+00 6.890978298661283752e+00 6.480432036102325100e+00 6.735033580308584789e+00 6.525917989524685048e+00 6.279322186270386297e+00 6.481935741611697388e+00 6.083687658774906915e+00 5.898215705728834024e+00 5.997364914316376527e+00 5.576251985639700592e+00 5.822025203280049688e+00 5.462779553193450433e+00 5.590655813445247979e+00 5.142927260506473530e+00 5.219080443505442091e+00 5.250382030014796086e+00 4.836034570544473610e+00 4.813455403541282429e+00 4.685956765712446348e+00 4.533040306740913294e+00 4.491022954035176262e+00 4.239857486124018138e+00 3.962848228938723238e+00 3.927935901081208048e+00 3.974244240738278311e+00 3.626570604365949357e+00 3.696910136135304281e+00 3.631806897672564816e+00 3.320538590997599293e+00 3.174716764103757249e+00 3.281958441013459016e+00 3.055831622679435977e+00 3.021074692523235683e+00 2.860190280345218827e+00 2.797015371515270576e+00 2.629961156030342639e+00 2.388452602808366354e+00 2.323906818504943850e+00 2.165670792103482789e+00 2.218496986902800394e+00 1.999892834238099049e+00 2.009278308430092697e+00 1.995528537770676403e+00 1.827026972570040764e+00 1.802285901917177524e+00 1.772514656653092935e+00 1.697237884823585397e+00
1.735952689103499313e+00 1.786405202620114707e+00 1.771821060456425512e+00 1.842452351043874170e+00 1.846105301961180167e+00 1.918877794459763475e+00 1.966695909464186487e+00 1.860224532804473530e+00 2.075628762472739641e+00 2.138246524275972948e+00 2.196849889404204337e+00 2.113316445608644845e+00 2.409323624161150423e+00 2.402026481548587444e+00 2.585468362711944579e+00 2.499436190916164424e+00 2.647434498870163466e+00 2.879774672898235188e+00 2.851488199711573746e+00 3.131819990512881624e+00 3.374339648268844805e+00 3.274836135768385059e+00 3.500738531811248055e+00 3.800003234211748460e+00 3.829426508742448831e+00 3.857664120844445765e+00 4.054336948713915589e+00 4.450490944998427345e+00 4.611432277051033424e+00 4.435595189945728656e+00 4.755573253043332116e+00 4.913967668308861114e+00 5.201409622153257750e+00 5.331017163904084200e+00 5.572097379221000679e+00 5.859246789567766456e+00 5.979247412651313098e+00 5.745642272203451029e+00 6.239016992666607031e+00 5.989924985474694097e+00 6.368966801321986004e+00 6.170440062647486457e+00 6.542567309990872104e+00 6.715485370889425987e+00 7.043636493787340136e+00 6.774273760948392287e+00 7.176296395531548633e+00 7.417066996753334251e+00 7.407491620593019022e+00 7.449102115207113961e+00 7.129090541950377613e+00 7.334778150692242704e+00 7.197944618499808378e+00 7.464580786393193002e+00 7.715028230432158018e+00 7.551916727586077016e+00 7.305955969765346225e+00 7.939338167241965394e+00 7.624318171188249060e+00 7.681819001693736659e+00 7.947463051121038013e+00 7.887217426909510998e+00 7.704412214229130029e+00 7.705359940652167339e+00 7.641984590815067868e+00 7.799895195668367975e+00 7.189147785997662687e+00 7.699970778915799841e+00 7.102035503646153103e+00 7.533463411183952907e+00 7.152376036156384842e+00 7.267268372659326126e+00 6.790939385904854575e+00 6.702968633783333630e+00 6.777011454057459083e+00 6.379972700696789012e+00 6.754383749483906740e+00 6.729443380611281000e+00 6.225882312786799488e+00 6.254745342710676503e+00 6.173404942107314497e+00 5.796643639886614352e+00 5.575794530247390135e+00 5.778268375253350797e+00 5.586088358763402262e+00 5.428912761253620545e+00 5.434167062837581774e+00 5.273856051238693610e+00 5.075565808463888828e+00 5.137198292559799206e+00 4.767877728408815408e+00 4.796502108091361904e+00 4.506524446987498322e+00 4.501705016119406544e+00 4.293849671283255454e+00 4.216468008697729530e+00 4.132298530226305999e+00 3.959304249874382453e+00 3.935278988230681119e+00 3.594626136859903731e+00 3.695086517180276697e+00 3.323811833616383993e+00 3.370991882681262375e+00 3.053464477505682506e+00 3.124663119751007745e+00 2.921260612620265817e+00 2.682571792580965564e+00 2.701743353839304529e+00 2.590575716159791764e+00 2.501967543514538317e+00 2.351803542151202020e+00 2.277786391271446664e+00 2.237274148007557972e+00 2.190720215023377104e+00 2.082496365020074069e+00 2.030261942561604194e+00 1.952947679010163640e+00 1.814492340446270502e+00 1.746176512034912420e+00 1.642149377837144320e+00
1.734637980469428076e+00 1.752148744658156065e+00 1.752479878019385318e+00 1.718086403577880006e+00 1.768755318107529062e+00 1.881173870041945806e+00 1.903182307569350362e+00 1.908885943559204490e+00 2.024898912565002540e+00 2.009418706545780253e+00 2.167173430081035246e+00 2.251246837887862728e+00 2.242072430976801645e+00 2.465169270128381829e+00 2.458685599853239978e+00 2.621567647540185231e+00 2.846120206707736244e+00 2.862700822012004487e+00 2.847033651663659182e+00 2.966364029517638112e+00 3.142548563462330247e+00 3.445495661628153794e+00 3.563062953921952047e+00 3.624416643218960843e+00 3.802966490477933004e+00 3.837858658825655578e+00 4.187981245400715480e+00 4.166143649448774688e+00 4.511708120615701034e+00 4.616831598612537668e+00 4.959306198241962171e+00 4.905466153886995251e+00 5.033850196347199990e+00 5.170824523572719045e+00 5.215659486467730588e+00 5.326153641948695672e+00 5.929131069724550507e+00 6.147352410339628648e+00 6.105168230219334191e+00 5.928057898339140763e+00 6.055856623496147506e+00 6.554773316038105868e+00 6.221898782279822626e+00 6.608932578301485172e+00 7.024913622785557088e+00 6.731261450411552438e+00 6.704676543332064753e+00 6.879454739737547619e+00 7.423754437583130361e+00 7.434448657836771446e+00 7.578771028928720455e+00 7.227476686507732673e+00 7.399866588114346833e+00 7.296388431094778859e+00 7.422401436787798623e+00 7.516625008847750422e+00 7.442485057480936916e+00 7.830404895471636983e+00 7.831340241989254380e+00 7.779527115447424812e+00 7.945770215736583708e+00 7.863640071663959397e+00 7.566602094518619204e+00 7.911645251247535704e+00 7.367103102493143929e+00 7.151447954657514039e+00 7.178663435320021158e+00 7.661210584213662855e+00 6.925721020372119341e+00 7.078261641947103833e+00 7.015283274652672318e+00 7.103319671158908832e+00 6.885018508469355147e+00 6.757140617604032506e+00 6.975760865929591326e+00 6.511382543628517539e+00 6.692715460801642813e+00 6.660279490330511365e+00 6.065657262300661934e+00 6.433577340550076684e+00 5.916601351272072762e+00 5.991914214031058172e+00 5.814358669621131348e+00 5.716498138909340554e+00 5.830522796174427924e+00 5.498388507393421776e+00 5.611705748372585845e+00 5.476196358965544242e+00 5.255947785109880144e+00 5.066773004616062615e+00 4.712098838428433467e+00 4.909873713209718993e+00 4.769863590920296659e+00 4.637916717428315572e+00 4.133287346595179379e+00 4.331200462985551169e+00 3.924408295865478458e+00 3.914334782347330233e+00 3.661056072582725029e+00 3.804699759209040799e+00 3.467790257120801467e+00 3.517631361853662764e+00 3.163863953445427590e+00 3.234746722415535736e+00 3.066103249388814067e+00 2.957688302493072463e+00 2.718131752008695390e+00 2.752096356131124910e+00 2.589967126775313044e+00 2.397962171320876301e+00 2.529871263335710552e+00 2.312941943107961418e+00 2.338315673065563871e+00 2.241149186122276316e+00 2.011462968724612388e+00 1.977738724179846530e+00 1.800556163239472651e+00 1.780433999760214103e+00 1.840065721555682821e+00 1.746884044695289351e+00
1.825058616047212201e+00 1.679185304571418458e+00 1.802520016295318328e+00 1.860779554564716554e+00 1.732225835708504968e+00 1.838768317307543532e+00 1.862760420295892505e+00 1.953865691830594109e+00 1.992441498610038497e+00 2.015612513381265014e+00 2.180182351418638476e+00 2.199383060957107450e+00 2.332946830191283460e+00 2.349692226034862941e+00 2.395798032546512690e+00 2.568431545449934461e+00 2.735128083705612223e+00 2.695483148461450096e+00 2.824627880884391207e+00 3.062883460099149691e+00 3.250844149494975355e+00 3.325617591249567351e+00 3.557039672131896868e+00 3.630524524709974443e+00 3.739853342096703059e+00 4.092870793340932067e+00 4.185915359032763128e+00 4.263984186983138969e+00 4.596037524551682907e+00 4.536611359555863920e+00 4.786540844934185301e+00 4.945928798206133514e+00 5.046089935449517228e+00 4.960095984531231572e+00 5.233447391716985031e+00 5.510169577119508055e+00 5.908321483797439377e+00 5.594599721902066669e+00 6.070498703191294254e+00 6.074998691174645415e+00 6.058018431496360101e+00 6.696749310000193134e+00 6.545558654961495471e+00 6.471230133072664259e+00 7.013847807843471394e+00 7.036792730723920641e+00 6.802101671691882956e+00 7.293688581059685205e+00 7.340790429154012919e+00 7.187711416017155130e+00 7.619744022252228355e+00 7.081146962300523207e+00 7.091358490547136739e+00 7.736213276342033929e+00 7.195640500434136833e+00 7.552924389968775465e+00 7.837153516257408192e+00 7.862092641008149307e+00 7.484079946646924775e+00 7.295590725343898519e+00 7.762656241984711158e+00 7.214023536838425343e+00 7.602205634977381443e+00 7.784458271448263744e+00 7.588664570442856139e+00 7.612750238321678964e+00 7.473667989869723804e+00 7.402436480696004573e+00 7.575170121011972846e+00 7.138905559039330662e+00 7.244768342719353882e+00 6.804774253536030493e+00 6.818030695737519409e+00 6.840572282212456834e+00 6.704567552960763344e+00 6.422321334697842055e+00 6.881027863034570480e+00 6.754173049254315941e+00 6.119004440787441546e+00 6.459014793341196103e+00 5.837749163513596962e+00 6.086033796902460935e+00 5.671018131207708812e+00 5.655533637895134191e+00 5.744648417567589149e+00 5.383182275389746252e+00 5.608504951113751247e+00 5.160217435038187084e+00 5.159233094367457362e+00 4.850906212657329242e+00 4.933311151649105497e+00 4.809689609970367208e+00 4.498942469245337250e+00 4.403312335757618712e+00 4.320840267479352015e+00 4.069167107070433609e+00 3.996052617155740450e+00 4.101495591065869917e+00 3.856438826916619433e+00 3.537237885758249600e+00 3.552747813882100036e+00 3.408482180428445307e+00 3.478103923053153856e+00 3.303780103902982379e+00 3.166777042160922484e+00 2.935639538114187097e+00 3.002360458861317305e+00 2.781411401259170635e+00 2.772456783372605926e+00 2.637881093715924941e+00 2.373431783259043026e+00 2.447535639406048791e+00 2.180349718568247663e+00 2.214180401195743997e+00 2.117245289649858364e+00 2.025231752799835583e+00 1.817946447926759967e+00 1.771762444656246993e+00 1.817852359199746637e+00 1.828148402122974359e+00
1.727416900816046708e+00 1.847166961156060827e+00 1.880718465866059619e+00 1.740521428915466018e+00 1.793803124747963995e+00 1.926746920993591683e+00 1.842684655700359775e+00 1.869847363774884030e+00 2.043967718575629089e+00 2.153400319048312639e+00 2.062762365498567174e+00 2.240503034088867640e+00 2.291726348943464497e+00 2.445627630541705511e+00 2.472545530518946766e+00 2.551838119448055942e+00 2.841489971649131530e+00 2.794930908822916393e+00 3.066554381660864248e+00 3.048949694550285194e+00 3.179155256641231109e+00 3.293002116438238591e+00 3.507500186735758696e+00 3.803225138288225171e+00 3.651823956908521573e+00 4.107240433855606554e+00 4.049392685679715775e+00 4.145537426750451893e+00 4.212128359538994005e+00 4.360119932786022723e+00 4.820461820501796169e+00 5.061474678756355594e+00 4.939222246447778630e+00 4.952579023542670988e+00 5.148122798441067793e+00 5.469895368336852748e+00 5.655410859616395669e+00 5.577086514732784828e+00 5.744833643381144661e+00 6.341070486366205294e+00 6.001550637537572008e+00 6.117991071865032104e+00 6.261942651680618255e+00 6.355222902539615859e+00 6.885371779566652251e+00 7.140277226954493628e+00 7.032147581358088040e+00 7.302371454018875774e+00 7.066983331138818158e+00 7.216248912730703680e+00 7.630036126370846716e+00 6.989760069038053913e+00 7.675362659301273816e+00 7.507970132702152632e+00 7.333014012919644387e+00 7.427235451041238612e+00 7.922496649914973155e+00 7.360643363701654174e+00 7.452045433610633651e+00 7.710912614344311855e+00 7.446118395036286586e+00 7.306249579899955826e+00 7.542162631001403383e+00 7.803714339393198252e+00 7.778916641871885140e+00 7.426456549436184496e+00 7.642813899126464250e+00 7.669016551361439227e+00 7.155631158577444140e+00 7.412485365133982818e+00 7.236071339784823309e+00 7.185591520740987725e+00 7.122881028034608875e+00 6.680536965520073700e+00 6.934893132751233757e+00 6.867413484771080157e+00 6.781333375650776318e+00 6.471320885257248356e+00 6.528407062190403565e+00 6.523350539298242268e+00 5.936440197411156916e+00 5.806395253330210338e+00 5.665504227047792440e+00 6.023243214153163549e+00 5.907058541370663107e+00 5.556562307576538906e+00 5.443012917799871175e+00 5.212017473171920656e+00 5.004520141571767944e+00 4.794149861650397249e+00 4.879456381696768652e+00 4.554737516807758624e+00 4.484711498120430129e+00 4.430952218677616905e+00 4.347205380032012734e+00 4.244036484444002610e+00 4.235457754805020514e+00 3.896843678274009459e+00 3.917686287549332569e+00 3.672585443561974028e+00 3.430423864581912952e+00 3.623902120509590929e+00 3.468090440596784063e+00 3.273065018503956924e+00 3.115669305795244703e+00 2.873300093501767183e+00 3.030326261483361705e+00 2.772847695969938631e+00 2.603509612181487576e+00 2.629501332811467140e+00 2.465865570586741828e+00 2.446621991892275361e+00 2.367646898974231195e+00 2.160218482564844944e+00 2.001311885162965876e+00 1.948637497162470700e+00 1.862375140906772586e+00 1.915254880861418929e+00 1.789965971819766244e+00 1.819759125592828042e+00
1.704923027221382892e+00 1.745699162609600119e+00 1.842175733319968867e+00 1.835400762640368777e+00 1.825172109623531158e+00 1.902944141007599121e+00 1.987365136991281478e+00 2.053596477652650076e+00 2.111251767623494757e+00 2.090368684051420622e+00 2.055070387656401376e+00 2.153983615903783289e+00 2.195966338206640778e+00 2.450104989931024324e+00 2.485717921503987959e+00 2.627662651178624742e+00 2.720132195185077428e+00 2.827611913682548828e+00 2.819623088265784450e+00 2.916959591053136069e+00 3.137127357339832390e+00 3.308655188569639360e+00 3.410985370958504959e+00 3.499697450455655279e+00 3.591498115954574910e+00 3.955681955389308335e+00 4.177492195120096063e+00 4.240964882830541072e+00 4.437896791802530494e+00 4.480960737956687368e+00 4.727914282961131143e+00 4.772858910165143520e+00 5.082166383410954502e+00 4.958031228733940310e+00 5.218441291757821787e+00 5.268413714988136043e+00 5.458678531694207692e+00 5.799528515125127015e+00 5.770324502380486109e+00 6.284313895409079365e+00 6.038142182889426834e+00 6.493764226242933368e+00 6.724290449403783398e+00 6.316252020487556962e+00 6.597592671145182663e+00 6.892306367662753175e+00 6.647357002345676946e+00 6.873200169007371407e+00 7.358309792294244644e+00 6.936162697849869829e+00 7.146743090395468734e+00 7.574542006303449426e+00 7.249791001149754166e+00 7.652754195534909876e+00 7.332282003467692100e+00 7.637637114453887044e+00 7.726043368641293263e+00 7.445023094968401978e+00 7.557704349047710934e+00 7.820934151153912772e+00 7.618773586445579227e+00 7.190437849492697708e+00 7.175449116979734754e+00 7.448262056600317038e+00 7.368671387720837629e+00 7.781164843977215639e+00 7.541140068687774978e+00 7.532646536549068017e+00 7.558000486900573023e+00 6.961251123174207578e+00 6.885087938145456832e+00 7.197866069021073621e+00 7.069931112891245206e+00 7.104182780483739634e+00 6.583998663858833034e+00 7.035990308288699424e+00 6.738254695263600880e+00 6.615207399605388616e+00 6.456348817765251269e+00 6.243724885079775966e+00 6.224170696324003771e+00 6.063683184473850574e+00 5.792699544498288056e+00 5.845383217268044440e+00 5.430381934882255734e+00 5.572216861065902194e+00 5.177516051841062783e+00 5.539337521321819224e+00 5.263355619305195354e+00 5.116682340399173690e+00 4.792140059763923432e+00 4.672447018358746540e+00 4.658185544291170821e+00 4.423604845776753614e+00 4.275771086149982914e+00 4.259673742608510061e+00 4.191086875438014836e+00 3.876954659925321955e+00 3.721909569795948780e+00 3.806632719523881381e+00 3.550030222290489146e+00 3.633914503952299757e+00 3.340306611655032842e+00 3.399052590255134287e+00 3.006669087743452540e+00 2.956141571918437627e+00 2.867854351708580385e+00 2.676887591797777244e+00 2.644971926511345828e+00 2.679951171713355507e+00 2.530855223777969787e+00 2.375360776774156246e+00 2.374151687122046273e+00 2.108057849604445533e+00 2.052271837473593763e+00 2.081690709041446929e+00 2.021722420110002361e+00 1.797429500743857433e+00 1.917103166545577553e+00 1.732976392366200047e+00
1.755928471865564111e+00 1.858210000981094456e+00 1.765073512166678515e+00 1.922630136401586753e+00 1.904276637141636419e+00 1.870917066467322476e+00 1.919358784939691365e+00 1.932231712366755838e+00 2.094276805084009929e+00 2.016123889092406252e+00 2.221427788571020745e+00 2.139197101925923494e+00 2.310788794567029125e+00 2.308732672603231784e+00 2.519237207733679540e+00 2.678647226471258413e+00 2.753518316582703296e+00 2.759639351898495629e+00 2.951765299039789348e+00 2.910800628636163623e+00 3.066790129988511193e+00 3.470352995863003720e+00 3.397779390311984837e+00 3.546694816475752354e+00 3.737833345891413916e+00 3.943723021573174226e+00 4.049834563994088477e+00 4.035801996652902623e+00 4.552611209355785782e+00 4.537240471138571429e+00 4.679587031794463670e+00 4.873636516491956172e+00 4.801424505738978610e+00 5.033335253681403998e+00 5.045942442384468762e+00 5.183704036361892697e+00 5.750944945159830901e+00 5.979223821064906907e+00 5.885716319620969195e+00 6.194235099680577505e+00 6.002514342575802964e+00 6.558663591394132908e+00 6.289432028430355537e+00 6.620111114535261798e+00 6.792027646729492218e+00 6.541474785458830432e+00 6.651638931118230680e+00 6.954881645843677518e+00 6.979625549587956890e+00 6.986710820424746338e+00 6.911531740840722193e+00 7.532808250498947089e+00 7.296554222084610686e+00 7.072976931832630321e+00 7.436486179200921143e+00 7.519878013816073015e+00 7.305715761665188879e+00 7.427884366576188668e+00 7.757811426000151833e+00 7.892046819160572824e+00 7.735994217212110335e+00 7.225902135390248837e+00 7.517213173996699638e+00 7.577586906622881813e+00 7.310271114282400617e+00 7.623157368917182986e+00 7.143893189903330665e+00 7.299551948783570055e+00 7.084359894680090974e+00 7.334848520832099261e+00 6.856654716253379966e+00 6.759408497478847977e+00 6.701139214592760851e+00 6.716340676027434675e+00 7.133897345293155112e+00 6.816552394205761978e+00 6.886405478856504558e+00 6.301021069951084463e+00 6.548741846434702474e+00 6.211392819769090856e+00 6.259306988414999218e+00 6.160814643467379170e+00 5.791277129178032723e+00 5.866358774345006744e+00 5.700384445568044356e+00 5.727041906710066854e+00 5.198358679956027295e+00 5.446316638126256215e+00 5.355268657130486609e+00 4.817915247980367077e+00 5.041516210647102092e+00 4.642453148313149924e+00 4.752500772780473781e+00 4.368511681077969833e+00 4.566533781931089386e+00 4.164935232719287228e+00 4.092986031192956453e+00 3.895932716931356232e+00 3.852224102108109616e+00 3.658436540665544356e+00 3.692039415157528204e+00 3.698609702213677686e+00 3.503307184178971134e+00 3.130868344287792926e+00 3.193563024594916033e+00 2.957079678539121570e+00 2.807025736711444175e+00 2.779231480374237062e+00 2.767424638744274912e+00 2.742669722668969801e+00 2.519924849309073789e+00 2.371177750782748728e+00 2.309263480608431340e+00 2.122099132989793357e+00 2.199094159681069360e+00 2.127427969174485067e+00 1.945855290121205172e+00 1.897945781031239454e+00 1.896942836709940350e+00 1.826574045687819892e+00
1.752421272188879664e+00 1.858275906992764792e+00 1.904151952292057803e+00 1.893675630333211179e+00 1.868323829781208145e+00 1.950204994646487000e+00 2.009682566479337851e+00 1.992085467723421877e+00 1.962047833283923515e+00 2.140100277294476161e+00 2.247991002946274186e+00 2.222647607593446928e+00 2.304222340963275606e+00 2.311395755558829368e+00 2.503139979356124201e+00 2.595404284117267757e+00 2.587999921928547664e+00 2.921148426261342301e+00 2.834516641344139387e+00 3.060830877636081304e+00 3.073291655019148472e+00 3.182392639538566215e+00 3.608826715298240728e+00 3.561260261533464533e+00 3.787843242199662619e+00 3.867818767920577994e+00 4.053199583972271647e+00 4.274218973415013778e+00 4.360534573298712857e+00 4.663703214657946461e+00 4.646432359569688586e+00 4.630514306082361031e+00 5.106414605784027394e+00 5.141393312044217900e+00 5.274938946401994677e+00 5.528894859298569386e+00 5.798254177700366441e+00 5.928054414435657726e+00 6.009419275725502274e+00 5.923100370389395408e+00 5.882499951264028581e+00 6.571383135269405429e+00 6.265292955240022721e+00 6.465792009064305290e+00 6.523699039348963780e+00 6.539218951578439132e+00 6.605526393637082272e+00 6.604670565208292210e+00 7.013402559022700267e+00 7.460619286990636922e+00 7.153390467015080745e+00 7.279823703871451279e+00 7.355851395726424435e+00 7.175495749100361031e+00 7.100663296919913492e+00 7.355940258241623120e+00 7.240325819454278111e+00 7.402085097960739546e+00 7.800389029159108922e+00 7.899733617832798593e+00 7.661472113840962272e+00 7.823210308653009371e+00 7.558409783768509804e+00 7.307222040115377126e+00 7.803458794915127505e+00 7.773783697406170923e+00 7.184983141337569990e+00 7.536478630841208393e+00 6.951596692430966229e+00 7.204987278009470586e+00 6.844424028250005065e+00 6.905140795868369707e+00 6.708007041343260646e+00 7.217530214377195996e+00 6.730097314448605594e+00 6.580854385025127762e+00 6.420189567234137584e+00 6.405324755588750030e+00 6.295190198693668471e+00 6.315672841543781502e+00 6.472657287372009627e+00 6.024997123509105990e+00 5.964762839379049275e+00 5.754257393708900103e+00 5.688063742067361872e+00 5.517448918308221373e+00 5.365329748429933154e+00 5.179362476188306808e+00 5.182446003898939502e+00 5.264104211850346715e+00 5.190454118205542144e+00 4.839030970342999005e+00 4.518641149747240959e+00 4.385981805599977079e+00 4.330430849671063953e+00 4.318923295496813530e+00 4.307030855738004149e+00 4.103718182521970625e+00 4.006143182427017280e+00 3.854354568648486357e+00 3.779766672484341505e+00 3.532210699621818772e+00 3.402718383034505134e+00 3.416891414255070369e+00 3.199215626704352999e+00 2.933171471547541653e+00 2.821382430595937851e+00 2.731101756805420777e+00 2.635057417597625573e+00 2.543516068863523216e+00 2.552382489920136166e+00 2.536411194711982731e+00 2.281178227219756049e+00 2.342073551637435802e+00 2.101283149785945881e+00 2.144060508912852381e+00 1.920658683772245690e+00 1.846403062782508542e+00 1.773159239411238097e+00 1.921478560410196268e+00
1.777735206072718954e+00 1.812596384918006009e+00 1.920008845899340955e+00 1.806475109056184136e+00 1.922829855472149463e+00 1.841110930709114468e+00 2.023939940686982020e+00 2.044714792180802654e+00 2.106219717131541991e+00 2.204570775286334605e+00 2.167202737877975682e+00 2.179221932978254728e+00 2.229387100942576971e+00 2.454018993161874107e+00 2.593564553592042188e+00 2.495685174211094370e+00 2.633887890929261122e+00 2.700297588390874193e+00 2.793866996571956918e+00 3.126586288115388523e+00 3.096670779623968528e+00 3.391340748432161156e+00 3.339618967201459565e+00 3.522365415335299677e+00 3.780365870084521074e+00 3.995453967589868594e+00 3.947981382457317778e+00 4.210027689050866329e+00 4.462554212432878309e+00 4.594240099069032190e+00 4.472030736881902335e+00 4.711066259683034829e+00 5.141926415416000928e+00 4.894905803143443812e+00 5.188412521111342102e+00 5.149034295916095516e+00 5.320915614030300667e+00 5.570226902854749085e+00 5.744641898204901231e+00 6.012076681949519497e+00 6.330237444884511788e+00 5.937975881847175508e+00 6.138970330869800485e+00 6.240263749967735585e+00 6.750123932701523444e+00 6.520149615436769075e+00 6.772723874846797720e+00 7.240265726692368453e+00 6.783844651494971956e+00 7.204483068722261407e+00 6.985244692685959045e+00 6.981788087199679360e+00 7.064992648898658523e+00 7.441863049891505710e+00 7.500008520837545767e+00 7.398329988215634145e+00 7.768377660992407563e+00 7.765022132155661616e+00 7.646716970191620888e+00 7.374716628160598475e+00 7.475446083862059332e+00 7.166990227625626098e+00 7.485967013959631267e+00 7.476933910254465410e+00 7.745145335539016074e+00 7.099298444760479221e+00 7.078607267007603454e+00 7.530875240500308543e+00 7.453104810392202850e+00 6.918441030610458675e+00 6.993261564328424384e+00 7.270822103410408133e+00 6.694596129691808173e+00 6.960065246403955186e+00 6.699077694751903067e+00 6.642126950359730664e+00 6.656300295327431726e+00 6.751959907030938624e+00 6.197581720360408220e+00 6.352685068095235366e+00 6.482287849255957468e+00 6.212486621236052109e+00 6.078407512963958759e+00 5.865972357348346655e+00 5.551804343633299332e+00 5.562134324812648245e+00 5.505157663780337884e+00 5.272676232643555672e+00 5.410022735193192212e+00 4.965624287747413490e+00 4.940752058317420925e+00 4.697031130671541987e+00 4.841338932250483396e+00 4.619954887128226773e+00 4.490807445113967233e+00 4.208162182258996964e+00 4.170661888315581045e+00 3.903496453875983541e+00 4.139582824028858354e+00 3.711736891130693383e+00 3.515612595576352195e+00 3.560239678925047446e+00 3.447803814919102816e+00 3.312048413785228629e+00 3.138056503519948581e+00 3.064785395909920052e+00 2.861263572917345233e+00 2.888935272911492103e+00 2.751036038964556507e+00 2.641636453750883629e+00 2.657540335138608878e+00 2.394902061953557038e+00 2.354665234282412811e+00 2.331192286805678027e+00 2.150471732223510735e+00 2.158647585786795720e+00 1.955738550123291120e+00 2.016669404902964313e+00 1.932431683125604316e+00 1.928870161318471554e+00
1.827600436722142341e+00 1.881454724305234416e+00 1.882350068630530560e+00 1.948191036989630254e+00 1.923021821210908922e+00 2.007602951252723145e+00 1.915895327293397843e+00 1.963194155454386136e+00 1.990076700436728130e+00 2.122659762626547764e+00 2.174014904555966243e+00 2.331956717009783020e+00 2.209720466455027843e+00 2.337203021792846780e+00 2.535063075574619962e+00 2.636851855965119729e+00 2.743409724404267447e+00 2.941153274368661030e+00 3.002715710580525332e+00 3.030618751469758454e+00 3.067801533756060905e+00 3.245415661939296204e+00 3.384079710779196670e+00 3.656277142740750108e+00 3.867294592898407934e+00 3.658872168459770702e+00 4.150723813248139216e+00 4.075991212761764793e+00 4.199801464143162022e+00 4.579947548192584428e+00 4.564717928686848225e+00 4.871090594420143915e+00 4.799109091513736658e+00 5.296037588159404841e+00 5.425694053235287306e+00 5.188694966478871962e+00 5.368743761420103233e+00 5.783458969476588329e+00 5.761055034465882407e+00 6.055423619703343086e+00 6.273739232244371244e+00 6.414795423831415988e+00 6.082863340163488175e+00 6.239889977459059267e+00 6.314133871657149122e+00 6.995942742046412199e+00 6.906249778604832912e+00 6.705164503886618554e+00 6.852020756965383264e+00 6.796282132767995421e+00 7.165946371859517328e+00 7.551450314052451596e+00 6.932675523256890848e+00 7.144687204596007035e+00 7.396234380637952910e+00 7.586449883339772882e+00 7.690620104379014776e+00 7.473101179299557195e+00 7.242587980088416977e+00 7.427428825159805292e+00 7.362771293725987931e+00 7.655200103721154115e+00 7.114329321338537682e+00 7.529406356481105789e+00 7.301888069601376152e+00 7.640354868216460815e+00 7.310329461625346248e+00 7.279969734968064543e+00 7.349411397415279268e+00 7.092073786767590704e+00 7.492924638406613269e+00 7.058759922429794997e+00 7.095245464118740131e+00 6.588199151873619819e+00 7.127725291534869001e+00 6.747366499953105112e+00 6.928774937117699650e+00 6.789719179368963964e+00 6.480886199815697246e+00 6.368062774021607808e+00 6.056670409077467454e+00 5.803576448609655714e+00 6.137574925334478237e+00 5.881497506282482135e+00 5.549827920457163444e+00 5.688476567120495098e+00 5.233787235369139701e+00 5.480345020875585504e+00 5.296085606171480720e+00 5.344126664728412912e+00 5.022654137995668400e+00 4.816146496822510947e+00 4.629321492763170731e+00 4.452699846290062879e+00 4.527251493861847997e+00 4.173250782129845682e+00 4.269001216138556210e+00 4.216594100787161459e+00 3.851847036372145983e+00 3.658522044916670435e+00 3.723924787853586604e+00 3.702040323238782626e+00 3.471520014726381387e+00 3.352538412645819310e+00 3.377222861023026379e+00 3.093329925392338531e+00 3.100577815753461142e+00 2.797427509713743987e+00 2.931971638294255111e+00 2.811239567758957225e+00 2.528225239585343065e+00 2.560239416458412354e+00 2.404630043239813997e+00 2.178665452114767476e+00 2.291420234729518501e+00 2.218172930630825324e+00 2.062269144556872824e+00 2.030616481483424884e+00 1.905014797481045408e+00 1.914245942203460116e+00
1.940185677619776561e+00 1.975176949707897256e+00 1.880649433038819929e+00 1.860503677239355058e+00 1.853826026126260684e+00 1.915076551373795954e+00 1.884007899914520223e+00 2.026623459092754764e+00 2.008644726159187766e+00 2.133908852251005239e+00 2.256124385083441375e+00 2.362956377314898493e+00 2.267279613038086783e+00 2.419589778437367222e+00 2.608796780929184767e+00 2.501775854776599584e+00 2.728003257231723211e+00 2.744760164005964675e+00 2.923563929059277200e+00 2.882954126013299589e+00 3.104372725118923260e+00 3.312733211314304427e+00 3.249955118172980661e+00 3.651490327351454290e+00 3.735769656630699931e+00 3.662991621539572140e+00 3.864696515754707740e+00 4.197655145112074493e+00 4.313444558353190850e+00 4.497770819446674118e+00 4.695966143796991510e+00 4.952787911464021420e+00 4.811745918949902112e+00 4.863019469095619662e+00 5.323121545297355262e+00 5.150720336203527872e+00 5.234938316074300602e+00 5.356535489418398299e+00 5.683012278123112715e+00 5.945447374944559549e+00 5.975940488323809419e+00 6.237904913090237535e+00 6.181014317917449929e+00 6.694135549837109345e+00 6.261800547755449031e+00 6.785115976318977893e+00 6.530969341696393649e+00 7.186375118966495279e+00 6.741649967646436536e+00 6.802758829706723631e+00 7.338341431671443260e+00 7.488230312527713650e+00 7.317511040983171178e+00 7.188069304772294110e+00 7.564631028450503614e+00 7.024947596067329769e+00 7.530741736486086246e+00 7.804815214820999714e+00 7.289151063719595314e+00 7.175507322421490031e+00 7.498049428530931593e+00 7.543897503274805239e+00 7.223061265443940115e+00 7.270122322008541360e+00 7.603265744510224522e+00 7.274590890151846345e+00 7.256389662345376301e+00 7.147410105179481832e+00 7.527890695571875845e+00 7.410119570351185736e+00 6.896392213572882568e+00 6.787030187642270285e+00 6.762429221306167193e+00 6.658189722074222772e+00 7.105944009705610576e+00 6.935902520868876486e+00 6.637294407973651111e+00 6.303969678453269054e+00 6.439238565423942795e+00 6.162552660954180084e+00 6.173693303542891364e+00 5.871941478033925854e+00 5.741230009701146386e+00 5.872714398221432042e+00 5.679645867944853599e+00 5.378119253095877461e+00 5.569001263596714324e+00 5.529815410482926019e+00 5.333461935011191812e+00 5.154435254270495648e+00 5.151510473429373960e+00 4.789153449745562341e+00 4.613049360497116780e+00 4.855154236431657111e+00 4.541021328617310004e+00 4.472837487636290632e+00 4.131251157477771940e+00 4.114666999944356363e+00 3.929711768846865905e+00 3.966040642491762025e+00 3.881780719825214998e+00 3.456958188591688241e+00 3.501280979791800529e+00 3.449210982014732974e+00 3.368844228291716369e+00 3.264067969604977471e+00 3.160038286062617718e+00 2.973960913262579719e+00 2.934338382319953809e+00 2.590256663595688291e+00 2.655675047503085029e+00 2.556754501248539313e+00 2.451394227108325552e+00 2.282646638112502124e+00 2.275888252166569092e+00 2.144751853871037728e+00 2.143379330583221165e+00 1.930095816010565457e+00 1.979713193022201168e+00 1.828642834750314305e+00
1.986836921505747755e+00 1.816607184359049221e+00 1.813614096848608526e+00 1.877675207071750396e+00 1.959865238580559721e+00 2.054876993335909674e+00 1.990349655828565156e+00 2.083833345227178224e+00 2.172833360973440708e+00 2.051149881806242359e+00 2.243182201650591345e+00 2.223706707093740409e+00 2.230511514240367976e+00 2.456774001238042349e+00 2.396518121763041798e+00 2.602019881596087547e+00 2.644309815238823358e+00 2.737017202385399806e+00 2.881841016554906432e+00 3.021227941023667096e+00 3.119250429372961708e+00 3.233955038428703244e+00 3.360540948346939061e+00 3.582002521569778164e+00 3.664608861784569349e+00 3.920447316260760040e+00 3.796632773622468982e+00 4.009493356269079989e+00 4.339559489159714900e+00 4.276548709599083509e+00 4.597768433010562816e+00 4.548002737392715211e+00 5.061798880261013878e+00 4.873153763893453672e+00 5.374657498510601705e+00 5.103299371012930408e+00 5.242191202391428106e+00 5.845542649319949824e+00 5.486281731568255715e+00 5.889519190459491682e+00 5.866874190831213198e+00 6.259141512121703776e+00 6.269562028940867116e+00 6.132551626428456970e+00 6.318109686813927262e+00 6.594826792798649251e+00 7.011322510208919390e+00 7.028475191925488197e+00 6.578391912597003177e+00 6.876705519814460210e+00 7.372771025843701587e+00 6.902518805984575678e+00 7.033978709954234354e+00 7.174944053587877235e+00 7.428016406569152075e+00 7.705019263068920488e+00 7.046805776288270096e+00 7.208339323529516562e+00 7.469947514639510011e+00 7.383483406306801555e+00 7.608261813662712036e+00 7.558204188010461344e+00 7.139701865547579018e+00 7.445126417775538741e+00 7.712111319176130131e+00 7.650780870284266122e+00 7.370405627484287514e+00 7.528071693522278451e+00 7.147139688532874402e+00 7.478846873096433256e+00 6.849471676611363691e+00 6.837878170334294126e+00 7.290641255662736242e+00 7.098676690243272525e+00 7.032281322254627653e+00 6.677011688311769610e+00 6.515345214104830696e+00 6.850169724637797941e+00 6.766543245548647612e+00 6.341832207911062724e+00 5.998998165661388882e+00 6.258323910996617556e+00 6.173149320413227059e+00 5.890855540443014959e+00 5.979966825327333702e+00 5.454407988644686789e+00 5.705963732528475774e+00 5.414224021718657021e+00 5.062196211416929437e+00 5.147089274705873407e+00 4.889139349375893673e+00 5.100585424732387629e+00 4.914187505933976574e+00 4.680780056327066063e+00 4.322930859926524150e+00 4.233421292229879285e+00 4.220758852118582816e+00 4.141987110786502946e+00 3.991661183306119298e+00 3.766704343151935142e+00 3.742651178211841234e+00 3.541811644204453380e+00 3.644094164671687786e+00 3.533134212791330331e+00 3.416530439404809716e+00 3.164700096481821490e+00 3.071358392404610616e+00 2.916237999501058109e+00 2.724233692309276922e+00 2.692542985648461507e+00 2.596658532266994168e+00 2.486773193973603302e+00 2.517944931352150917e+00 2.303731452079730069e+00 2.277952771120322240e+00 2.103568176744017748e+00 2.120658001496250833e+00 1.920337082029410336e+00 2.036424993980669118e+00 1.958989564251360171e+00
1.900388169342073663e+00 1.994955769507067878e+00 1.844682814664182713e+00 1.883252930651172052e+00 1.987543064006242588e+00 1.877639640966507040e+00 2.089310842766438192e+00 2.113425130222769344e+00 2.042749590174902430e+00 2.098363586858338792e+00 2.121217199448863333e+00 2.184940270090711678e+00 2.368579454807743012e+00 2.363357533216815742e+00 2.384649450713102414e+00 2.485537459662065185e+00 2.667806766162798660e+00 2.927384929471226638e+00 2.910053649335978321e+00 3.082649958267631884e+00 3.035318298318840036e+00 3.325036593103327220e+00 3.491431882449939739e+00 3.392654143108811748e+00 3.575883318417790502e+00 3.838926183560373406e+00 4.002090103797715237e+00 4.075672847166285528e+00 4.151380310503521187e+00 4.549269609938180636e+00 4.423194799299145608e+00 4.842924203768993685e+00 4.894417178564804516e+00 4.825271582287503414e+00 4.948519674914883204e+00 5.161474941353295876e+00 5.175353132620752028e+00 5.411217114029475361e+00 5.550183556479824531e+00 6.101885065968313704e+00 5.847296378068834066e+00 6.196400298184558508e+00 6.510246414116928726e+00 6.058147018764100444e+00 6.709935112961267656e+00 6.437650165409954717e+00 6.423048789037721029e+00 6.710434913584704120e+00 6.612136596314210024e+00 7.260149815385704919e+00 6.906913361995695944e+00 7.313049301530616830e+00 7.302742532851737245e+00 7.185161086170110067e+00 7.249018310981734992e+00 7.710334499628777039e+00 7.743403406662601185e+00 7.223006922391649987e+00 7.704564242018164144e+00 7.620020155169226150e+00 7.520186859849188998e+00 7.225723949769716548e+00 7.589872462147453369e+00 7.657287888446087543e+00 7.479279631485895585e+00 7.534989069324290689e+00 7.073299438515014081e+00 7.450601674642877370e+00 7.522464484786401506e+00 7.478755259978978387e+00 7.273958261189153340e+00 7.330281416040633324e+00 7.243399368619628298e+00 6.923502460397170211e+00 7.112827275301922825e+00 6.862464780074470028e+00 6.816607857124688863e+00 6.766339860397141415e+00 6.361232906417312094e+00 6.242626242240839396e+00 6.389398437532771702e+00 6.045136298587733492e+00 5.820042487947632459e+00 5.786387334732805421e+00 6.029279145161736686e+00 5.851287992529067061e+00 5.646424078531357971e+00 5.312921724862325945e+00 5.370447651618079021e+00 5.248204744163177615e+00 5.255156730222386052e+00 4.942189471394147660e+00 4.879495402594150377e+00 4.522732364271675465e+00 4.365174579975652058e+00 4.449977771948524286e+00 4.422940392885299943e+00 4.185790018377057109e+00 3.907036120094154352e+00 3.911575750559767251e+00 3.796568108110572659e+00 3.558133341442672570e+00 3.492969808122764697e+00 3.543549736579902909e+00 3.274412961444887582e+00 3.110454391321026524e+00 3.041656938437762747e+00 3.120997815552780441e+00 3.006926763988390316e+00 2.870964113744663315e+00 2.585569936787343259e+00 2.660313278235404866e+00 2.471148972155236212e+00 2.404648880456075499e+00 2.346104551845281883e+00 2.248109507231658366e+00 2.009617811640248330e+00 1.924905187335932855e+00 2.000119630497063206e+00 1.866037649251836461e+00
1.913462318788126781e+00 1.939533938822409098e+00 1.958602781659927627e+00 1.919292906497130469e+00 2.017004698525426409e+00 1.999346585139533561e+00 1.963062173412128519e+00 2.132520401489719220e+00 2.125390257225817869e+00 2.110098633751895658e+00 2.198852076447110004e+00 2.300794382796597759e+00 2.283860018385769131e+00 2.466437205183538595e+00 2.506902199528299402e+00 2.672876052912948719e+00 2.606237742324454931e+00 2.683766295154521142e+00 2.780074398313117090e+00 2.963811042489455261e+00 3.186695479209865844e+00 3.190514461334124086e+00 3.525459518832478434e+00 3.586858271699300271e+00 3.586319372114733284e+00 3.908301748986044100e+00 3.835630905537267044e+00 4.140977697491472043e+00 4.097285051017027335e+00 4.237732043840470197e+00 4.413360764262473701e+00 4.563693602388871007e+00 4.982591786496766595e+00 5.015081317307717335e+00 5.328516372525966105e+00 5.114167768173076389e+00 5.514647881453724310e+00 5.383021840852987516e+00 5.817197485088391851e+00 5.688392411073759369e+00 5.766521116028356708e+00 5.833245868955573066e+00 5.998532012830734672e+00 6.087841020879958265e+00 6.584922189305638440e+00 6.678551128928661207e+00 6.511116760384889623e+00 6.757933509564930219e+00 6.654583709797350366e+00 6.629244873249894532e+00 7.281353822909505169e+00 7.372877804655564304e+00 6.943228942377261959e+00 6.971998651894923960e+00 7.132218709999694539e+00 7.498404079697559510e+00 7.083510630718945933e+00 7.608451335560966200e+00 7.709258154629636373e+00 7.120581053465548038e+00 7.450738793378810954e+00 7.704563892689592741e+00 7.403599475534892171e+00 7.136223061888954611e+00 7.622706606597174250e+00 7.589899010317642691e+00 7.601292126350282174e+00 7.585131774960409246e+00 7.267809578171791962e+00 6.950705109422742112e+00 7.213896960840447292e+00 7.216264650573005035e+00 6.923986754944839284e+00 6.959469379049253668e+00 6.829231345295436739e+00 6.711208027709322010e+00 6.512412653304881616e+00 6.531759638575802107e+00 6.445605153796879705e+00 6.487836653668038522e+00 6.121175241547796020e+00 6.100070763108471184e+00 5.889724646563151644e+00 6.201014104222808854e+00 5.543143238764950631e+00 5.640448738445243748e+00 5.599363736238126776e+00 5.563291039539465466e+00 5.261819318824588976e+00 5.354551897472598299e+00 5.270690336371885998e+00 4.763358329887027232e+00 4.983402187585170395e+00 4.765119951821410460e+00 4.674606116381940346e+00 4.243452356060817721e+00 4.427007527256111352e+00 4.309301531915618710e+00 4.093034199374819160e+00 3.883984337534510889e+00 3.813254098975866313e+00 3.571249300885971145e+00 3.708138323035170547e+00 3.566458841361453302e+00 3.453756114591078230e+00 3.311605334192392558e+00 3.217250044221346528e+00 3.125072595177433854e+00 2.914570368315042792e+00 2.812370195495947023e+00 2.745499268230817691e+00 2.587549586978834082e+00 2.522614836152315743e+00 2.433685550502575179e+00 2.273963953087128953e+00 2.288156625245717279e+00 2.200786962821288384e+00 2.023147013646860337e+00 1.906465220088277013e+00 2.031288252516857185e+00
1.950981162582683837e+00 1.856435116531372165e+00 1.954381231536802765e+00 1.905232688117535655e+00 1.999265167090597206e+00 2.041095347205418520e+00 1.931485879891843727e+00 2.151665651401748480e+00 2.042974449974529261e+00 2.215879294592745019e+00 2.271291215468752789e+00 2.193104546548391376e+00 2.267485391934508598e+00 2.370412689461564693e+00 2.619833872996441659e+00 2.718547958564986100e+00 2.662657279540210808e+00 2.726920425196725173e+00 2.956136580005637615e+00 2.895189506044315575e+00 3.211940545841181827e+00 3.300641329212205655e+00 3.374419704884305649e+00 3.499253409737461240e+00 3.808590519342251568e+00 3.774709192748141540e+00 3.909244874732848540e+00 4.021757809898668157e+00 4.018150522974916150e+00 4.238701044191072853e+00 4.496307471946689560e+00 4.722411237094514824e+00 4.682085713168199881e+00 4.933736334018461456e+00 5.192071316615374243e+00 5.386542800601338499e+00 5.128614447316149239e+00 5.238169620926854897e+00 5.736354433834965683e+00 5.694096348330899282e+00 5.962857989956051874e+00 6.249329343053267927e+00 5.981838373221687988e+00 6.042170018944243992e+00 6.431896662925511876e+00 6.578853405373076058e+00 6.858943588584641482e+00 6.814859037824844812e+00 6.950850481906453382e+00 6.805101966466768459e+00 7.192408817542392363e+00 6.808312271732190446e+00 7.137076701616333452e+00 7.137380958639421458e+00 7.144844414276954936e+00 7.536555499395347191e+00 7.549343886526139968e+00 7.219188634012575712e+00 7.282932983485407519e+00 7.563922769630704757e+00 7.284888074440454275e+00 7.509175606105371159e+00 7.078913395424765831e+00 7.129563786620223276e+00 7.687108241189827496e+00 7.430789832773131209e+00 7.238884112495139966e+00 7.615738206256965626e+00 7.404100228480600343e+00 7.420398549526187715e+00 7.386504406417155444e+00 7.213960102585891931e+00 6.763895186349957456e+00 7.145691937721684539e+00 7.002038986597325376e+00 6.695322522408936550e+00 6.925528997362919270e+00 6.618482932765889615e+00 6.788078589533768081e+00 6.693380543057911858e+00 6.294077264329696497e+00 6.176440412853750672e+00 6.009298057755087186e+00 5.922659248851791958e+00 5.966789740393598329e+00 5.923685671422129317e+00 5.657518630274807059e+00 5.538185555823710970e+00 5.493139471938297547e+00 5.387009368796048747e+00 5.202956101901004438e+00 5.015366426816219025e+00 4.972259481153431970e+00 4.753550327572856560e+00 4.643912914304405781e+00 4.276278030025822297e+00 4.519259595016083431e+00 4.246360146718746620e+00 4.114399827325472714e+00 4.093464537715841622e+00 3.672408561662857007e+00 3.648226756529255876e+00 3.653748022038804777e+00 3.612091538384648803e+00 3.271902987668830587e+00 3.283786613535084165e+00 3.138562760010002783e+00 2.877872045677486224e+00 2.923616128258554436e+00 2.839053477865204123e+00 2.734715492429639294e+00 2.470383537537874652e+00 2.421475065125715531e+00 2.509919794957110373e+00 2.242763226513376562e+00 2.305064515259344304e+00 2.137857502852384961e+00 2.104336707312538302e+00 1.917470677582373106e+00 1.979906596539933616e+00
2.045593426578029117e+00 1.876005365373943468e+00 1.974730709147531238e+00 1.957825080828962117e+00 2.087915274950395972e+00 2.030913086737088147e+00 2.038846775808535128e+00 2.084952876818813472e+00 2.043316138230608203e+00 2.144646231357655974e+00 2.166415609726760838e+00 2.176896816894946074e+00 2.375383005973030315e+00 2.338789929339406548e+00 2.469978320964640428e+00 2.516353802008688856e+00 2.622378711981910193e+00 2.730245935711990146e+00 2.766982319732387730e+00 3.116505087734158685e+00 3.010177407325275833e+00 3.306608129323521883e+00 3.517803690093931124e+00 3.631057727348093511e+00 3.587066506921952058e+00 3.745643472118025841e+00 4.047191369275090267e+00 3.955300726361472119e+00 4.378186156287757314e+00 4.398471699287902048e+00 4.467820016335142697e+00 4.491257024495030947e+00 4.705740312426025085e+00 4.795645124531051628e+00 4.846044334887683824e+00 5.437778759786730198e+00 5.353701676524774022e+00 5.300786549789321178e+00 5.687491296687929854e+00 6.011127222457013808e+00 6.074424766767798189e+00 5.778216542253686860e+00 6.265954136789380513e+00 6.433511187760807104e+00 6.433407414290909898e+00 6.182936946386051957e+00 6.632642404833768879e+00 6.641910758254640612e+00 6.722192140416959560e+00 6.919141302510687375e+00 6.960130907784027876e+00 6.809295003501006249e+00 7.019501273477968262e+00 7.286748301999481647e+00 6.941672429666214228e+00 6.957259698416416782e+00 7.125876673091107172e+00 7.151721584070955373e+00 7.244142402668437342e+00 7.366232843865668123e+00 7.627775599018774777e+00 7.640087760245329207e+00 7.557957974404294177e+00 7.478529527010896238e+00 7.666604200587623374e+00 7.344609626492377252e+00 7.461408610098626326e+00 7.293247286183127898e+00 7.063053209762354179e+00 7.231328527590166644e+00 7.318153977356849360e+00 7.330746817984174157e+00 7.052770512359125554e+00 7.190923889150139914e+00 7.078666182076103652e+00 7.072272224768560100e+00 6.931415744190639217e+00 6.830104717206284981e+00 6.472081356161947241e+00 6.167046101165243321e+00 6.433865943054057013e+00 6.486830973974869075e+00 5.924920337169703899e+00 5.812336128287843628e+00 5.954949141087597653e+00 5.665126567118100809e+00 5.687430379137971670e+00 5.343875654692162414e+00 5.470234851691206934e+00 5.217106182302130080e+00 4.880806003382476277e+00 5.082066815401713455e+00 4.922239918128719083e+00 4.972470233557067409e+00 4.585674452386310662e+00 4.555449489736983715e+00 4.556490010803765145e+00 4.317809776904916852e+00 4.147788249910862035e+00 3.924521617615017277e+00 3.981583675974674108e+00 3.913158835869433805e+00 3.521659597276263209e+00 3.493238632490238249e+00 3.287035294468487301e+00 3.393476035037739980e+00 3.057127818819459275e+00 3.193266162010810039e+00 2.927396020077319250e+00 2.843181635160629828e+00 2.729601342142037979e+00 2.559611145264693910e+00 2.567728129564512241e+00 2.377791599620600049e+00 2.246304078111320379e+00 2.156476007706775277e+00 2.245188504035480204e+00 2.115112569793208941e+00 2.062245795977240004e+00 1.898809116626187121e+00
1.932482328486731404e+00 2.064181566144382085e+00 1.901591042605199400e+00 1.965512891769715553e+00 2.080592753528468730e+00 2.051646096777193229e+00 2.144885502050259518e+00 2.026661478442746578e+00 2.046896445069266601e+00 2.212611168281304330e+00 2.116771451385307756e+00 2.352818716680329825e+00 2.243308544864944132e+00 2.418584912298574530e+00 2.568516713737118540e+00 2.483979510946739300e+00 2.688833300384121827e+00 2.883599715106302863e+00 2.996076419284809056e+00 3.038493822017710677e+00 3.235172055550481485e+00 3.302336586174957844e+00 3.410637262573641859e+00 3.512709393012092729e+00 3.692386405378915271e+00 3.645985590288612688e+00 4.000646824181684380e+00 3.827240529376766620e+00 4.267990660740317743e+00 4.162869668299304493e+00 4.665672683674888077e+00 4.410789803274046683e+00 4.589706720677916962e+00 4.767310766765577412e+00 5.098311559753594402e+00 5.228019738105744274e+00 5.518903283928689341e+00 5.203713776040761019e+00 5.580685395653222081e+00 5.774475977237139901e+00 5.643481393347395070e+00 5.926152435662882745e+00 6.366320151155892226e+00 5.976149064382153320e+00 6.079377972635386485e+00 6.236378880233354849e+00 6.315004846818757400e+00 6.451158646576203637e+00 6.757702139323314761e+00 6.572033116639129702e+00 7.077272352712111747e+00 6.692742194470840289e+00 7.184683309115593275e+00 6.972605750868138941e+00 7.288456487903068215e+00 6.940164043361988888e+00 7.346780656452975400e+00 7.442682738419221344e+00 7.325750948079820191e+00 7.087939483922013117e+00 7.094200985114492042e+00 7.254034405400022756e+00 7.752126040469823565e+00 7.211060759097086326e+00 7.623388537271600818e+00 7.251221646940509302e+00 7.432845035901231689e+00 7.328883465822198851e+00 7.573246895988765992e+00 7.433733736158937511e+00 6.908546248187027672e+00 6.761187299982162280e+00 6.993658227337169464e+00 6.989589499405267858e+00 6.850407541911294196e+00 6.887775441062557569e+00 6.883671202156191882e+00 6.845450836277309214e+00 6.281493867951013499e+00 6.549388419298380448e+00 6.569099344784529393e+00 6.221270977880513087e+00 6.028728870280016139e+00 5.795426053135583899e+00 5.747394733058376559e+00 5.939788944324384090e+00 5.565026179811323637e+00 5.512235845164624948e+00 5.353910751436464999e+00 5.522092500020215233e+00 5.322732319237459819e+00 4.940830862202554741e+00 4.848193444784537398e+00 4.620895870675839845e+00 4.576515273041081855e+00 4.643365108574704081e+00 4.456585676339003044e+00 4.395030297759658033e+00 3.981917208629079052e+00 3.960653655629333691e+00 3.918710402298046347e+00 3.862964964022649106e+00 3.470059476119673914e+00 3.441908270183279495e+00 3.440635370991452113e+00 3.150425417054556476e+00 3.148656141937649089e+00 2.969463891704049896e+00 2.986340591761741603e+00 2.894236688890208686e+00 2.754821240667294280e+00 2.668658317019340753e+00 2.639377000888659897e+00 2.558297644052294650e+00 2.336456841060873924e+00 2.190780274706037201e+00 2.269839797307230178e+00 2.083073363152524227e+00 2.105531810943178872e+00 1.983280863855408249e+00
