alpha,beta,coef_dbeta,coef_hx,coefficients,condition,d_tol,eval,lamb,loss,message,mse,operator_seconds,regression_seconds,seconds,status,stridge_mode,support,tolerance,validation_residual_norm
0.6398411968399667,1.9843334829807215,0.2169344837771595,-1.353378621214747,0;0;-1.35337862121;0.216934483777;0.761096463274;0;0;-0.363086667593;0;0;0.0448906341143;0,62558.813958563485,0.005,1,3e-06,2.990450263947695,,0.002169718169907811,0.7821963000000003,0.06848210000000021,0.8506863999999998,ok,same_stridge_core,Hx;D_x^1.984333 H;Hxxx;H*Hxx;H^2*Hxx,0.035,2.0520680545692427
0.8272313940622935,1.3265900352261721,-0.12314504967332186,-0.6805323532072282,0.0377680481666;0;-0.680532353207;-0.123145049673;1.07575080476;0;0;0.188443729374;0.075335239549;0;0;0,53177.37895088159,0.005,2,3e-06,1.9201929923270904,,0.0004762267654094993,1.0147008,0.044934200000000146,1.0596395000000003,ok,same_stridge_core,1;Hx;D_x^1.32659 H;Hxxx;H*Hxx;H*Hxxx,0.03236842105263158,0.9630001712112216
0.48827768361114166,1.2333223634026589,1.0483530430937396,-1.8882051416150514,0.119804749163;-0.0541420090625;-1.88820514162;1.04835304309;-18.0110124119;0;-0.655536961928;-1.56155574858;0.107111184938;0.0604400673011;0.0949663305631;0.11273733016,53312.41633604115,0.005,3,3e-06,4.071230141080468,,0.0027834520386195018,0.9277360999999997,0.05063659999999981,0.9783765000000004,ok,same_stridge_core,1;H;Hx;D_x^1.233322 H;Hxxx;H*Hx;H*Hxx;H*Hxxx;H^2*Hx;H^2*Hxx;H^2*Hxxx,0.04441176470588234,2.311920401991111
0.03475906169579762,1.4236766483651773,13.405994726631363,-4.989724631331087,-0.924770366751;0;-4.98972463133;13.4059947266;-117.046725262;0;-4.44826143294;-11.8985139707;-2.41315631734;0.418543989476;0.717815647016;1.20633120633,53036.26629268782,0.005,4,3e-06,15.081936992471688,,0.09692933954566202,0.9320279999999999,0.05946750000000023,0.9915006000000002,ok,same_stridge_core,1;Hx;D_x^1.423677 H;Hxxx;H*Hx;H*Hxx;H*Hxxx;H^2*Hx;H^2*Hxx;H^2*Hxxx,0.10000000000000002,13.490849003691054
0.6897075374345438,1.717450446896344,0.22534946284317484,-1.2520193213880928,0;0;-1.25201932139;0.225349462843;0;0;0;0;-0.0408350474583;0;0;0,53750.26290359769,0.005,5,3e-06,1.9671021721375592,,0.001125614619795917,0.8937637999999994,0.040635899999999836,0.9344044,ok,same_stridge_core,Hx;D_x^1.71745 H;H*Hxxx,0.030000000000000002,1.48334980600518
0.4610692270263791,1.8222514018941443,16.752525441070894,-0.5919448660894566,-0.823990139146;0.118333733065;-0.591944866089;16.7525254411;29.0942874833;0;-1.35591916798;-7.00305231865;-17.1841176739;0.122671105883;0.507266385342;1.68170531825,56735.250772966545,0.005,6,3e-06,6.360759333517599,,0.010276129370353203,0.9070361999999994,0.040972599999999915,0.9480159000000006,ok,same_stridge_core,1;H;Hx;D_x^1.822251 H;Hxxx;H*Hx;H*Hxx;H*Hxxx;H^2*Hx;H^2*Hxx;H^2*Hxxx,0.015,4.488496058009703
0.5670294351944193,1.8979235825722076,0.0,-1.6794620730204457,-0.0378752734188;0;-1.67946207302;0;0;0;0;-0.62626876934;0;0;0.0701363061829;0,60672.44593819137,0.005,7,3e-06,4.245153415626257,,0.006409584440803075,0.9069742000000005,0.05145130000000009,0.9584326999999995,ok,same_stridge_core,1;Hx;H*Hxx;H^2*Hxx,0.025,3.5170840643679604
0.5327415280355602,1.9140459871620286,-0.43933980274336604,-1.7897553463508342,0;0;-1.78975534635;-0.439339802743;0;0;0;-0.654817889208;0;0;0.0818853357355;0,61399.11518818076,0.005,8,3e-06,5.443103450293706,,0.011252485857015817,0.9027055999999991,0.04227279999999922,0.9449904999999994,ok,same_stridge_core,Hx;D_x^1.914046 H;H*Hxx;H^2*Hxx,0.04424895323371512,4.706314068035537
0.3262435959567813,1.346222446490526,3.526354612584309,-2.7689753480607546,-0.116819176653;-0.0448579516753;-2.76897534806;3.52635461258;-43.5474966459;0;-1.52984203208;-3.75760828568;0.39580566643;0.143002953182;0.21926946413;0.27724078737,53148.18426844605,0.005,9,3e-06,6.334304134177803,,0.011012092988429131,0.9067486000000002,0.04552639999999997,0.9522820999999997,ok,same_stridge_core,1;H;Hx;D_x^1.346222 H;Hxxx;H*Hx;H*Hxx;H*Hxxx;H^2*Hx;H^2*Hxx;H^2*Hxxx,0.08976190476190479,4.580414053319084
0.1609193601076711,1.5187559856583701,13.815532322868908,-2.4437943492519114,-0.628669472657;0;-2.44379434925;13.8155323229;-39.5107162797;0;-3.59549993525;-9.97256182182;-14.4418897218;0.323944903949;0.60656226767;1.85195954748,52937.6327909742,0.005,10,3e-06,10.647593449943635,,0.04328836584121598,0.8925474999999992,0.04418420000000012,0.9367392999999993,ok,same_stridge_core,1;Hx;D_x^1.518756 H;Hxxx;H*Hx;H*Hxx;H*Hxxx;H^2*Hx;H^2*Hxx;H^2*Hxxx,0.12500000000000003,9.05946446621441
0.9835196037494893,1.9447504218202099,0.8226262177665744,-0.441366661795223,0.0523870200435;0;-0.441366661795;0.822626217767;0;0;0;0.0771629537423;0.24478919592;0;0;0,62340.26567961365,0.005,11,3e-06,2.568308443017136,,0.0013889291263606558,0.893529899999999,0.038203499999999835,0.9317401000000007,ok,same_stridge_core,1;Hx;D_x^1.94475 H;H*Hxx;H*Hxxx,0.048125,1.633204457822931
0.6146006696466672,1.3004035357147372,0.4580808546021553,-1.8170283709933066,0;0;-1.81702837099;0.458080854602;0;0;0;-0.171088520481;0;0;0;-0.0441121825462,53216.11654787378,0.005,12,3e-06,2.584353419191914,,0.0020389011317056833,0.8935421999999988,0.04670189999999863,0.9402497000000007,ok,same_stridge_core,Hx;D_x^1.300404 H;H*Hxx;H^2*Hxxx,0.025,1.945760020617429
0.8561045804375035,1.2032624790185626,-0.16700542037888935,-0.6049925927832486,0;0;-0.604992592783;-0.167005420379;0;0;0;0.179134667471;0.129467748796;0;0;0,53353.61197612954,0.005,13,3e-06,1.8960800761968617,,0.0008275941981188857,0.8954909999999998,0.04562100000000058,0.9411205000000002,ok,same_stridge_core,Hx;D_x^1.203262 H;H*Hxx;H*Hxxx,0.04915344831535307,1.2558367324833073
0.1895240972696292,1.1663845561892876,2.9425417065164607,-5.008361422934429,-0.178301190556;-0.0838498431146;-5.00836142293;2.94254170652;-106.137808002;0;-1.91830583428;-5.12962779991;11.7922465117;0.194689819165;0.314112275299;-0.410178423699,53402.20886023003,0.005,14,3e-06,9.533446461628742,,0.032079276583573284,0.9153216999999998,0.05428430000000084,0.9696107999999999,ok,same_stridge_core,1;H;Hx;D_x^1.166385 H;Hxxx;H*Hx;H*Hxx;H*Hxxx;H^2*Hx;H^2*Hxx;H^2*Hxxx,0.12500000000000003,7.771173569241152
0.9561099667340214,1.8484264583035248,0.785631245189496,-0.6152662301148358,0;0;-0.615266230115;0.785631245189;0;0;0;0;0;0;0;0,58033.51476811918,0.005,15,3e-06,2.458727759412519,,0.0022656669685735954,0.9320109999999993,0.05071359999999814,0.9827298000000013,ok,same_stridge_core,Hx;D_x^1.848426 H,0.05999999999999999,2.110526670803804
0.5841555853519856,1.6529662656663584,3.618371209832954,-0.9950476177820613,-0.0712750624821;0;-0.995047617782;3.61837120983;7.53005646172;0;-0.598078778344;-1.93149000467;-5.63299290829;0.0507243830285;0.127150273231;0.542047868868,53154.38378480769,0.005,16,3e-06,3.2673186616962626,,0.0014212859227078578,0.9119358999999996,0.044664900000000785,0.9566069999999982,ok,same_stridge_core,1;Hx;D_x^1.652966 H;Hxxx;H*Hx;H*Hxx;H*Hxxx;H^2*Hx;H^2*Hxx;H^2*Hxxx,0.02538888888888889,1.672687148152032
0.7196157247965254,1.0545833624534255,0.047668223461429945,-1.1701227921573103,0.0149311415799;0;-1.17012279216;0.0476682234614;0;0;0;0.0582278492668;0;0;0;0,53535.8152376426,0.005,17,3e-06,1.5666551665806865,,0.00044726583904209575,0.9137874000000004,0.04273470000000046,0.956530800000003,ok,same_stridge_core,1;Hx;D_x^1.054583 H;H*Hxx,0.01,0.9242253837289752
0.38130778395924786,1.5482120653716076,6.834058807330278,-1.591205714914874,-0.266369659277;0;-1.59120571491;6.83405880733;-9.14963548281;0;-1.62921335678;-4.51821537933;-8.31104445116;0.14414186483;0.273244674124;0.945264115384,52930.249421710505,0.005,18,3e-06,5.482001507890425,,0.007859011249329877,0.9099874000000021,0.04330459999999903,0.9533018999999996,ok,same_stridge_core,1;Hx;D_x^1.548212 H;Hxxx;H*Hx;H*Hxx;H*Hxxx;H^2*Hx;H^2*Hxx;H^2*Hxxx,0.08166666666666662,3.8940940252391103
0.10787678371950143,1.5005149961146462,15.005760132395052,-3.376893701065822,-0.922330719432;-0.100193319245;-3.37689370107;15.0057601324;-76.2619126009;0.0262218739979;-4.12508918804;-10.7122756659;-8.49160139635;0.387697166282;0.679778642209;1.50019762833,52949.663806556164,0.005,19,3e-06,12.558530244348974,,0.059805688318091466,0.9058497999999986,0.034837400000000684,0.940692600000002,ok,same_stridge_core,1;H;Hx;D_x^1.500515 H;Hxxx;H^2;H*Hx;H*Hxx;H*Hxxx;H^2*Hx;H^2*Hxx;H^2*Hxxx,0.005,10.652342347312953
0.26588866376413955,1.022521899032092,1.3536536559611945,-4.357291439913318,0.0491258153172;-0.104109345795;-4.35729143991;1.35365365596;-84.3543586738;0;-1.25223499965;-3.64054128505;11.0475135471;0.131252573987;0.233027274106;-0.495926629906,53570.387189732864,0.005,20,3e-06,7.706983137740605,,0.018687928715776653,0.8978062000000016,0.04532969999999992,0.9431423000000017,ok,same_stridge_core,1;H;Hx;D_x^1.022522 H;Hxxx;H*Hx;H*Hxx;H*Hxxx;H^2*Hx;H^2*Hxx;H^2*Hxxx,0.09214285714285718,5.939160360479421
0.35859582962079406,1.3901220833128705,3.6836520338093215,-2.732072501237731,-0.294184511153;0;-2.73207250124;3.68365203381;-40.460554382;0;-1.32798193803;-3.31036319121;1.05579490868;0.125368893455;0.189746516317;0.18928244777,53083.51541311626,0.005,21,3e-06,5.663330399632901,,0.008658238078933761,0.9146590000000003,0.045944399999999774,0.9606104000000002,ok,same_stridge_core,1;Hx;D_x^1.390122 H;Hxxx;H*Hx;H*Hxx;H*Hxxx;H^2*Hx;H^2*Hxx;H^2*Hxxx,0.06999999999999999,4.070824937239413
0.910601616259219,1.4680659307852015,-0.6442373750885065,-0.8669963281347136,0.0769781088624;0;-0.866996328135;-0.644237375089;4.64576523799;0;0.277998550817;0.418137042736;0.223092822519;-0.0237300056919;0;-0.0127820080283,52980.817883701064,0.005,22,3e-06,2.0715178049710024,,0.00020683735204663644,0.9046610999999984,0.0380648999999984,0.9427360999999976,ok,same_stridge_core,1;Hx;D_x^1.468066 H;Hxxx;H*Hx;H*Hxx;H*Hxxx;H^2*Hx;H^2*Hxxx,0.005,0.6410357221110735
0.7765095474649211,1.2477516783339972,0.0,-0.9786852137563745,0;0;-0.978685213756;0;-0.253869850379;0;0;0.0842572182985;0;0;0;0,53292.1711988635,0.005,23,3e-06,1.4970469244216684,,0.0005224122588843285,0.924021500000002,0.041543299999997174,0.9655720999999993,ok,same_stridge_core,Hx;Hxxx;H*Hxx,0.03494485294117647,1.017417383631897
0.0682928147924477,1.7954378427927467,63.165718068699285,7.082457483634155,0;-1.11416450953;7.08245748363;63.1657180687;168.893584616;0.176436198035;-8.38654622166;-29.6380868435;-94.6654932385;0.771308458996;2.39300458272;8.86170413371,55634.25407842896,0.005,24,3e-06,21.5828301159772,,0.202617058952061,0.9045552000000008,0.050822900000000004,0.9553836000000011,ok,same_stridge_core,H;Hx;D_x^1.795438 H;Hxxx;H^2;H*Hx;H*Hxx;H*Hxxx;H^2*Hx;H^2*Hxx;H^2*Hxxx,0.029500000000000012,19.746899731389043
0.42371849724476185,1.7575025216622855,14.643001169712456,0.1845949674640019,-0.25346885983;0;0.184594967464;14.6430011697;43.8518823965;0;-1.84811204293;-7.30199839572;-23.2697941477;0.156493389855;0.509977890314;2.1745434261,54501.07027733016,0.005,25,3e-06,6.344929991915785,,0.011410353094871767,0.955915000000001,0.061844499999999414,1.0177653000000007,ok,same_stridge_core,1;Hx;D_x^1.757503 H;Hxxx;H*Hx;H*Hxx;H*Hxxx;H^2*Hx;H^2*Hxx;H^2*Hxxx,0.05011111111111113,4.70989788359588
0.13668014758538355,1.1162035326876283,2.9340935522511176,-6.1469279186814925,-0.266800519118;-0.0910416482047;-6.14692791868;2.93409355225;-137.45814928;0;-2.07886554799;-5.87647404856;17.6231610924;0.218177603577;0.368388259996;-0.757135230583,53464.73437964532,0.005,26,3e-06,11.226253264633478,,0.04770584839339565,0.9174965000000022,0.04292609999999897,0.9604265000000005,ok,same_stridge_core,1;H;Hx;D_x^1.116204 H;Hxxx;H*Hx;H*Hxx;H*Hxxx;H^2*Hx;H^2*Hxx;H^2*Hxxx,0.12500000000000003,9.461917030105182
0.7595405068525503,1.6254598683444204,0.33841752752369836,-1.0835767875369904,0;0;-1.08357678754;0.338417527524;0;0;0;0;0;0;0;0,53037.76568885706,0.005,27,3e-06,1.3028818484571314,,0.0004980426189223917,0.899386100000001,0.034281500000002296,0.9336718000000026,ok,same_stridge_core,Hx;D_x^1.62546 H,0.04014705882352939,0.984655254323989
0.22607527189059945,1.7009071595819696,27.50075000776478,-1.389688913135749,-1.87716550728;0.263644594257;-1.38968891314;27.5007500078;8.76601441437;0;-3.42676461252;-13.1092841515;-26.0440182736;0.310777298439;0.859450660612;2.82004103845,53539.905777376734,0.005,28,3e-06,10.42869165699159,,0.03879161669824365,0.8953942999999995,0.04384319999999775,0.9392423000000001,ok,same_stridge_core,1;H;Hx;D_x^1.700907 H;Hxxx;H*Hx;H*Hxx;H*Hxxx;H^2*Hx;H^2*Hxx;H^2*Hxxx,0.07500000000000001,8.661874766338158
0.2804664843816254,1.5859417896736618,12.399902589431353,-1.2537667417706293,-0.41664077739;0;-1.25376674177;12.3999025894;-1.44054823193;0;-2.66925492115;-7.83998234216;-17.1952245482;0.234117970169;0.487137387846;1.84313715376,52952.78812648617,0.005,29,3e-06,7.704173743942425,,0.019515090667018148,0.9014270999999994,0.04216309999999979,0.9435980000000015,ok,same_stridge_core,1;Hx;D_x^1.585942 H;Hxxx;H*Hx;H*Hxx;H*Hxxx;H^2*Hx;H^2*Hxx;H^2*Hxxx,0.12000000000000004,6.115590100147839
0.8694873130429859,1.099401330120707,-0.12794641046873084,-0.570762016580325,0;0;-0.57076201658;-0.127946410469;0;0;0;0.172734901768;0.15778661474;0;0;0,53484.73367918907,0.005,30,3e-06,1.9053248192740595,,0.0008405218827639235,0.9066393999999995,0.042244099999997786,0.9488897999999999,ok,same_stridge_core,Hx;D_x^1.099401 H;H*Hxx;H*Hxxx,0.03432677123996453,1.2635080151237905
0.24897660645907083,1.992521531647122,-10.566396868640588,-3.46228472171272,0;-0.0764126394633;-3.46228472171;-10.5663968686;-57.1899800921;0;-0.556971744319;-1.18858485188;11.5342382077;0.0678141450474;0.193536624964;-0.678695029644,62480.4426840177,0.005,31,3e-06,16.601616677898974,,0.11657188196870658,0.9081739000000013,0.04781540000000106,0.9559944999999992,ok,same_stridge_core,H;Hx;D_x^1.992522 H;Hxxx;H*Hx;H*Hxx;H*Hxxx;H^2*Hx;H^2*Hxx;H^2*Hxxx,0.061666666666666675,14.727203397378442
0.8272313940622935,1.756693428174329,0.2054665072565254,-0.7952189214697638,0.0374222518283;0;-0.79521892147;0.205466507257;0.0969724294161;0;0;0.106279863222;0.171212396146;0;0;0,54481.83957472456,0.005,32,3e-06,1.987474874057979,,0.0005318770788318627,0.5162617000000012,0.03655710000000312,0.5528245999999974,ok,same_stridge_core,1;Hx;D_x^1.756693 H;Hxxx;H*Hxx;H*Hxxx,0.03777777777777774,1.006801761712937
0.43844764451772633,1.5810834631112067,6.120034584810875,-1.297839402231988,-0.200901248772;0;-1.29783940223;6.12003458481;-0.427685842075;0;-1.31897415889;-3.7892070875;-8.36556324589;0.115163619072;0.233282283335;0.886196019957,52947.269271348225,0.005,33,3e-06,4.713753475684466,,0.005030954282164196,0.9178803000000002,0.044140099999999904,0.9620272000000014,ok,same_stridge_core,1;Hx;D_x^1.581083 H;Hxxx;H*Hx;H*Hxx;H*Hxxx;H^2*Hx;H^2*Hxx;H^2*Hxxx,0.060846153846153855,3.1253353975440192
0.09195042432042538,1.7212401478545434,47.68103589012729,-1.6347755056642688,-3.50144179784;0.521423481962;-1.63477550566;47.6810358901;11.0518349786;0;-5.29908423842;-21.916801913;-40.911224801;0.488494518878;1.46593032668;4.52737040379,53805.63010077694,0.005,34,3e-06,16.221505717989,,0.10854721618409535,0.9220784999999978,0.041758399999999085,0.9638449999999992,ok,same_stridge_core,1;H;Hx;D_x^1.72124 H;Hxxx;H*Hx;H*Hxx;H*Hxxx;H^2*Hx;H^2*Hxx;H^2*Hxxx,0.11500000000000003,14.445919924663361
0.6897075374345438,1.2466632004725808,0.12874186692632375,-1.3341203580089411,0;0;-1.33412035801;0.128741866926;0;0;0;0;-0.112207407825;0;0;0,53293.708383465775,0.005,35,3e-06,1.5848882866921443,,0.0006386861066711991,0.5221315000000004,0.041485500000000286,0.5636235000000056,ok,same_stridge_core,Hx;D_x^1.246663 H;H*Hxxx,0.04499254079254078,1.1052449112409524
0.9195796824089457,1.5780863738994053,-1.0938585735416697,-0.9430494035442537,0.0650545842612;0.00201932573461;-0.943049403544;-1.09385857354;0.697742415469;0;0.324785239839;0.769700378051;1.82843998133;-0.0281088971999;-0.0345724356982;-0.18317901281,52944.3010714651,0.005,36,3e-06,2.322868087470696,,0.00017288414104125606,0.9279498000000004,0.03947660000000042,0.9674320999999964,ok,same_stridge_core,1;H;Hx;D_x^1.578086 H;Hxxx;H*Hx;H*Hxx;H*Hxxx;H^2*Hx;H^2*Hxx;H^2*Hxxx,0.005,0.5757061521123483
0.46700555221238294,1.8565101014252345,16.616426327024904,-0.6200119287466335,-0.78802528738;0.111342982102;-0.620011928747;16.616426327;28.6414406563;0;-1.20127048346;-6.87639722308;-16.2629470833;0.110637318897;0.51523955539;1.59483161095,58466.28973499045,0.005,37,3e-06,6.756513635220694,,0.011954579381332993,0.9084980000000016,0.03873450000000389,0.9472376000000011,ok,same_stridge_core,1;H;Hx;D_x^1.85651 H;Hxxx;H*Hx;H*Hxx;H*Hxxx;H^2*Hx;H^2*Hxx;H^2*Hxxx,0.015,4.827126073966009
0.3386868567949969,1.7843923120869434,26.13807924390567,-0.21362947292665516,-1.30210413532;0.124329976182;-0.213629472927;26.1380792439;38.8644707344;0.0107294546706;-2.54770120819;-11.3080900605;-27.5078138488;0.231644450011;0.806050033035;2.7317504289,55254.82962134334,0.005,38,3e-06,8.907070600807028,,0.024521757834758705,0.8957505999999995,0.03536610000000451,0.9311241999999993,ok,same_stridge_core,1;H;Hx;D_x^1.784392 H;Hxxx;H^2;H*Hx;H*Hxx;H*Hxxx;H^2*Hx;H^2*Hxx;H^2*Hxxx,0.008913043478260869,6.917896734438669
0.8880664213403697,1.700157231992593,-1.7187729184570415,-1.0170941986890214,0.11957606154;-0.00953413852133;-1.01709419869;-1.71877291846;-1.13621056942;0;0.31088178593;0.931024408335;2.27973795893;-0.0272129842557;-0.0490508736814;-0.22467271589,53531.486944824865,0.005,39,3e-06,2.4459909261210275,,0.00024274387483382852,0.8920138000000009,0.03829280000000068,0.9303120000000007,ok,same_stridge_core,1;H;Hx;D_x^1.700157 H;Hxxx;H*Hx;H*Hxx;H*Hxxx;H^2*Hx;H^2*Hxx;H^2*Hxxx,0.005,0.6794518569418074
0.31901580892522974,1.010417071098304,1.0567901479193165,-3.695485916041845,0.109711676751;-0.0984279581267;-3.69548591604;1.05679014792;-65.7589144108;0;-1.03240441308;-2.96853708282;8.31041719291;0.1068362761;0.190347770718;-0.359611461882,53583.02542590705,0.005,40,3e-06,6.591930782131,,0.012291967073366205,0.9102972999999963,0.04512560000000576,0.9554296999999963,ok,same_stridge_core,1;H;Hx;D_x^1.010417 H;Hxxx;H*Hx;H*Hxx;H*Hxxx;H^2*Hx;H^2*Hxx;H^2*Hxxx,0.0746,4.823690943076067
0.35645783323352964,1.3032531558645333,2.612572409879011,-2.6388726512767344,-0.021373526596;-0.0559452159427;-2.63887265128;2.61257240988;-39.5247378002;0;-1.29452733777;-3.14705381103;0.975250839639;0.121414608772;0.184731762805;0.1840008376,53211.92171048834,0.005,41,3e-06,5.801283350025424,,0.008583015932965198,0.9433379000000031,0.050521500000002106,0.9938643999999996,ok,same_stridge_core,1;H;Hx;D_x^1.303253 H;Hxxx;H*Hx;H*Hxx;H*Hxxx;H^2*Hx;H^2*Hxx;H^2*Hxxx,0.08277777777777774,4.045289933579309
0.14303699930178565,1.3004035357147372,5.717353640156654,-5.113385448615896,-0.520922695556;-0.0310448473326;-5.11338544862;5.71735364016;-112.141287196;0;-2.61484097922;-6.75660937445;8.79070375887;0.256764621198;0.401240225275;-0.0481097488608,53216.11654787378,0.005,42,3e-06,10.889913011036196,,0.044313257987701735,0.30942240000000254,0.0435939999999988,0.35302279999999797,ok,same_stridge_core,1;H;Hx;D_x^1.300404 H;Hxxx;H*Hx;H*Hxx;H*Hxxx;H^2*Hx;H^2*Hxx;H^2*Hxxx,0.12500000000000003,9.133781164956362
0.13961939993647388,1.868670117199125,59.45346484292743,1.3160103221891872,-2.6170517677;0.0536173918932;1.31601032219;59.4534648429;79.1173051063;0.0555899563607;-4.64667862895;-24.9044249319;-54.3320660602;0.451638092181;1.97615067624;5.49154585929,59129.95490732692,0.005,43,3e-06,20.7005482376362,,0.181007440786366,0.9140052999999995,0.03864269999999692,0.9526526999999945,ok,same_stridge_core,1;H;Hx;D_x^1.86867 H;Hxxx;H^2;H*Hx;H*Hxx;H*Hxxx;H^2*Hx;H^2*Hxx;H^2*Hxxx,0.0691666666666667,18.571869860972434
0.9891717284566791,1.7771082891171115,-3.1370156577882855,-1.1773336348035712,0.0935905190715;0;-1.1773336348;-3.13701565779;-8.97719125792;0;0.460410815001;1.6071735782;5.18013978143;-0.0389687219948;-0.0991009233928;-0.473072382671,55027.62683680003,0.005,44,3e-06,2.626448604481176,,0.0004958021880106343,0.8919166999999959,0.04133730000000213,0.9332627000000002,ok,same_stridge_core,1;Hx;D_x^1.777108 H;Hxxx;H*Hx;H*Hxx;H*Hxxx;H^2*Hx;H^2*Hxx;H^2*Hxxx,0.005,0.9756197993771751
0.5252218737497482,1.8484264583035248,8.968143998629689,-0.16743351479241686,0;-0.0262758111685;-0.167433514792;8.96814399863;35.1423105909;0;-0.920796050194;-4.44292632853;-15.1533076361;0.0776337634711;0.342668355289;1.3775153521,58033.51476811918,0.005,45,3e-06,5.412513529648953,,0.006925979641657689,0.3105437999999978,0.060341799999996226,0.3708960000000019,ok,same_stridge_core,H;Hx;D_x^1.848426 H;Hxxx;H*Hx;H*Hxx;H*Hxxx;H^2*Hx;H^2*Hxx;H^2*Hxxx,0.018636363636363628,3.6715080866053778
0.9177278771414363,1.8337808625348284,0.7287006785289871,-0.6905913902274817,0;0;-0.690591390227;0.728700678529;0;0;0;0;0;0;0;0,57283.60042088699,0.005,46,3e-06,2.2728093088450496,,0.001894017980320009,0.9686684000000056,0.04369009999999918,1.0123668999999964,ok,same_stridge_core,Hx;D_x^1.833781 H,0.05407342945120723,1.9291077063197275
0.11141086048527937,1.0545833624534255,2.5694446452218407,-6.953787511193497,-0.290389039283;-0.101093562931;-6.95378751119;2.56944464522;-158.33732397;0;-2.03337011076;-6.14288180963;22.4112663003;0.220959272539;0.395347222479;-1.0753198741,53535.8152376426,0.005,47,3e-06,12.20264055885168,,0.05812601717037888,0.3111896999999999,0.046112700000001894,0.3573082000000056,ok,same_stridge_core,1;H;Hx;D_x^1.054583 H;Hxxx;H*Hx;H*Hxx;H*Hxxx;H^2*Hx;H^2*Hxx;H^2*Hxxx,0.12500000000000003,10.435958656009475
0.7236696893390963,1.6117725079434844,0.1707856835142999,-1.1489101234620371,0;0;-1.14891012346;0.170785683514;0;0;0;0.0255750924275;0;0;0;0,52999.15314813463,0.005,48,3e-06,1.461277747299644,,0.0005061772754209251,0.9439115999999999,0.04608220000000074,0.9900041000000002,ok,same_stridge_core,Hx;D_x^1.611773 H;H*Hxx,0.014625895400895402,0.9842853689664324
0.3980124871417694,1.939438239692974,0.0,-1.790741873939783,0;-0.0458319598909;-1.79074187394;0;-10.050424867;0;-0.543326961133;-2.46476217258;-0.972794712978;0.0557512976722;0.244198061864;0.240102081871,62225.425681269495,0.005,49,3e-06,9.743856459575198,,0.03456722463631181,0.9299978999999965,0.04756280000000146,0.97757,ok,same_stridge_core,H;Hx;Hxxx;H*Hx;H*Hxx;H*Hxxx;H^2*Hx;H^2*Hxx;H^2*Hxxx,0.035,8.063769966180923
0.20705976670296666,1.7771688580290175,42.17510377818841,-0.5900145089321643,-2.67679123632;0.402459665843;-0.590014508932;42.1751037782;42.2014396565;0;-3.85267016903;-18.1759897433;-38.8114724869;0.354077157372;1.26557318978;4.0267249856,55029.44271784222,0.005,50,3e-06,13.050755599310873,,0.06519857797186673,0.9462335000000053,0.03701189999999599,0.9832759000000024,ok,same_stridge_core,1;H;Hx;D_x^1.777169 H;Hxxx;H*Hx;H*Hxx;H*Hxxx;H^2*Hx;H^2*Hxx;H^2*Hxxx,0.045,11.23478398962208
0.6692944494156261,1.953007941305124,0.0,-1.2858240331641795,0;0;-1.28582403316;0;0;0;0;-0.171847132735;0;0;0.0259536196064;0,62477.039601274606,0.005,51,3e-06,2.169432395973157,,0.001303181058095306,0.9159938999999966,0.041278500000004215,0.9572799000000032,ok,same_stridge_core,Hx;H*Hxx;H^2*Hxx,0.01,1.6071390395616854
0.4917268618990343,1.3338904910808673,1.5238133596366745,-1.7443761993415972,0.0731936588508;-0.0434778984411;-1.74437619934;1.52381335964;-14.2702078863;0;-0.721671477773;-1.70708204782;-1.13862877337;0.065163090583;0.101844477358;0.214002855687,53166.52719907208,0.005,52,3e-06,4.038375944610007,,0.002708270650275964,0.9481892999999957,0.04742149999999867,0.9956187000000014,ok,same_stridge_core,1;H;Hx;D_x^1.33389 H;Hxxx;H*Hx;H*Hxx;H*Hxxx;H^2*Hx;H^2*Hxx;H^2*Hxxx,0.04508928571428573,2.283880547040629
0.7765095474649211,1.5012798562202323,0.0,-0.9149561558999232,0.0279013150309;0;-0.9149561559;0;0.654910122431;0;0;0.117243490205;0.0292161971623;0;0;0,52949.06745982198,0.005,53,3e-06,1.6105672477366202,,0.0003449833456753312,0.5734564999999989,0.05100439999999651,0.6244689999999977,ok,same_stridge_core,1;Hx;Hxxx;H*Hxx;H*Hxxx,0.01,0.8163312358392905
0.902143346027559,1.7988923775635983,0.3588761995670561,-0.612740706792989,0.0515780625759;0;-0.612740706793;0.358876199567;0;0;0;0.115340335741;0.258313625764;0;0;0,55761.766980525186,0.005,54,3e-06,2.2453167204529176,,0.0010341767015322177,0.9526626999999976,0.054716499999997836,1.0073871999999966,ok,same_stridge_core,1;Hx;D_x^1.798892 H;H*Hxx;H*Hxxx,0.015852272727272722,1.40889021574504
0.9432487754479277,1.8338381495926948,0.4787943546254967,-0.5355700458200774,0.0524389803376;0;-0.53557004582;0.478794354625;-0.499634857941;0;0;0.106914664976;0.333449593792;0;0;0,57286.429076732915,0.005,55,3e-06,2.5949142885899232,,0.00127762733555218,0.9874200000000002,0.04797609999999963,1.0354022999999941,ok,same_stridge_core,1;Hx;D_x^1.833838 H;Hxxx;H*Hxx;H*Hxxx,0.018636363636363628,1.5637585652087307
0.13668014758538355,1.423679280429829,9.739689551407563,-4.466320698662695,-0.896597120716;0.0436363136064;-4.46632069866;9.73968955141;-93.9906649823;0;-3.12863700178;-8.274046017;1.36932496273;0.297513591655;0.487304092318;0.602916213148,53036.26273927659,0.005,56,3e-06,11.19666055413862,,0.0472311426091851,0.5768003000000022,0.04576050000000009,0.6225694000000033,ok,same_stridge_core,1;H;Hx;D_x^1.423679 H;Hxxx;H*Hx;H*Hxx;H*Hxxx;H^2*Hx;H^2*Hxx;H^2*Hxxx,0.02763157894736842,9.446463883742494
0.20000110787633862,1.9147083845510362,34.748593052433094,0.18361853871607622,-1.21471553322;-0.173455586851;0.183618538716;34.7485930524;36.5200704609;0.0534724330999;-2.95886670346;-15.8896252915;-30.7005136163;0.299279074401;1.36077666472;3.19461673796,61426.03176182205,0.005,57,3e-06,18.89638479459412,,0.1474133490970642,1.0022065999999938,0.03782199999999847,1.0400364000000053,ok,same_stridge_core,1;H;Hx;D_x^1.914708 H;Hxxx;H^2;H*Hx;H*Hxx;H*Hxxx;H^2*Hx;H^2*Hxx;H^2*Hxxx,0.05614285714285714,16.685047651168524
0.22607527189059945,1.7086220450482958,28.6010377447191,-1.3082497913486226,-1.93691780567;0.274574065074;-1.30824979135;28.6010377447;11.932906589;0;-3.45624162803;-13.4743231431;-27.1272946817;0.313584009071;0.888342395287;2.91851168948,53631.95156102085,0.005,58,3e-06,10.57169031745704,,0.040036133200527846,0.6013043000000025,0.04590610000000339,0.647218500000001,ok,same_stridge_core,1;H;Hx;D_x^1.708622 H;Hxxx;H*Hx;H*Hxx;H*Hxxx;H^2*Hx;H^2*Hxx;H^2*Hxxx,0.07100000000000001,8.801835915943352
0.4796697269655594,1.1297208614886878,0.752773616321658,-2.060612513326181,0.150893024453;-0.0629975501593;-2.06061251333;0.752773616322;-22.2128825419;0;-0.608502109121;-1.51603426385;1.31652098294;0.0576375897648;0.0948467922589;0.0213181712905,53448.3045721608,0.005,59,3e-06,4.173746477981951,,0.00303271246228262,0.9409915999999967,0.048365799999999126,0.989364099999996,ok,same_stridge_core,1;H;Hx;D_x^1.129721 H;Hxxx;H*Hx;H*Hxx;H*Hxxx;H^2*Hx;H^2*Hxx;H^2*Hxxx,0.043235294117647045,2.409952427100645
0.48212238957745335,1.5151515986029018,3.5489538077078673,-1.6035427264604956,-0.152262775093;0;-1.60354272646;3.54895380771;-8.99641065605;0;-0.910715549115;-2.41776357221;-3.59543928918;0.0811812444374;0.144171520411;0.441815290305,52939.62366937077,0.005,60,3e-06,4.067471915274133,,0.0031672729807365606,0.9772707999999994,0.04739990000000205,1.0246767000000006,ok,same_stridge_core,1;Hx;D_x^1.515152 H;Hxxx;H*Hx;H*Hxx;H*Hxxx;H^2*Hx;H^2*Hxx;H^2*Hxxx,0.04526785714285715,2.47928320519301
0.7595405068525503,1.0298798283246304,0.0,-1.0200607141476687,0;0;-1.02006071415;0;-0.183798909602;0;0;0.0788128584666;0;0;0;0,53562.5952444477,0.005,61,3e-06,1.4196596510466581,,0.00044638681940993303,0.600095599999996,0.04062890000000152,0.640732100000001,ok,same_stridge_core,Hx;Hxxx;H*Hxx,0.02,0.9375962938466288
0.5837006553226101,1.4321700790190377,1.2531199214169304,-1.558918299618234,-0.0661433416766;0;-1.55891829962;1.25311992142;-8.33101190289;0;-0.373847815144;-0.934729808626;-0.292026729678;0.0343158158656;0.0564971993713;0.0903016154209,53024.874302048745,0.005,62,3e-06,3.1658358378719584,,0.001279444853635347,0.9345584000000002,0.04569440000000213,0.9802609000000047,ok,same_stridge_core,1;Hx;D_x^1.43217 H;Hxxx;H*Hx;H*Hxx;H*Hxxx;H^2*Hx;H^2*Hxx;H^2*Hxxx,0.022857142857142878,1.5750896088104962
0.9582471550138172,1.500730348132027,-0.8627245166452305,-0.8464522439909993,0.0861361151943;0;-0.846452243991;-0.862724516645;4.21711212977;0;0.329861889879;0.494755751388;0.500634139062;-0.027672736216;0;-0.026706224171,52949.49516054768,0.005,63,3e-06,2.143724804067305,,0.0002542111963236936,0.9591034999999977,0.04220120000000094,1.0013103,ok,same_stridge_core,1;Hx;D_x^1.50073 H;Hxxx;H*Hx;H*Hxx;H*Hxxx;H^2*Hx;H^2*Hxxx,0.005,0.7140884347325178
0.6270071345120991,1.7273467830737002,3.470473033599753,-0.8707241399141048,0;0;-0.870724139914;3.4704730336;18.1220350858;0;-0.387089035293;-1.69092665212;-7.20943154116;0.0316927426056;0.127520421255;0.644604465729,53901.043264755455,0.005,64,3e-06,3.0483534898445446,,0.0012895546401956346,0.9599964000000014,0.05597099999999955,1.015975400000002,ok,same_stridge_core,Hx;D_x^1.727347 H;Hxxx;H*Hx;H*Hxx;H*Hxxx;H^2*Hx;H^2*Hxx;H^2*Hxxx,0.01,1.5930253216961474
0.8789708216943453,1.5317559239277119,-0.7189351116934773,-0.8736266462525638,0.116339817849;-0.00918232638366;-0.873626646253;-0.718935111693;4.91098219498;0;0.239822992031;0.386256213371;-0.0273584792858;-0.0208755348115;0;0.00547977692872,52932.27482502574,0.005,65,3e-06,2.253196401707841,,0.0002248388099079001,0.9506756000000038,0.03894209999999987,0.9896262999999976,ok,same_stridge_core,1;H;Hx;D_x^1.531756 H;Hxxx;H*Hx;H*Hxx;H*Hxxx;H^2*Hx;H^2*Hxxx,0.005,0.6652281569570692
0.5112850765057546,1.0298798283246304,0.44522817250137775,-1.9666121014759204,0.168463899259;-0.061100459934;-1.96661210148;0.445228172501;-19.2134259602;0;-0.454578480981;-1.20501348476;1.56592302668;0.0437416008661;0.0790061926136;-0.0228033484271,53562.5952444477,0.005,66,3e-06,3.876272070173072,,0.0023212260726006052,0.3045892999999964,0.04878469999999879,0.35338190000000225,ok,same_stridge_core,1;H;Hx;D_x^1.02988 H;Hxxx;H*Hx;H*Hxx;H*Hxxx;H^2*Hx;H^2*Hxx;H^2*Hxxx,0.03394736842105264,2.108706427106298
0.5670294351944193,1.8719738736827194,1.2264425650468165,-1.7485015606359944,-0.0530647769731;0;-1.74850156064;1.22644256505;0;0;0;-1.06478335459;0;0;0.0985210652552;0,59310.74565446495,0.005,67,3e-06,4.312996995616743,,0.006058828883954127,0.6641954999999982,0.05194960000000037,0.7161529999999985,ok,same_stridge_core,1;Hx;D_x^1.871974 H;H*Hxx;H^2*Hxx,0.024000000000000007,3.4233358107997685
0.5529018382514794,1.9140459871620286,-0.342225429082468,-1.7078973506492447,0;0;-1.70789735065;-0.342225429082;0;0;0;-0.574736414675;0;0;0.0722836621605;0,61399.11518818076,0.005,68,3e-06,4.8734435588630385,,0.00868341245021802,0.2972098999999986,0.05303700000000333,0.3502519000000035,ok,same_stridge_core,Hx;D_x^1.914046 H;H*Hxx;H^2*Hxx,0.024465234631803844,4.1366541766048694
0.830443596102524,1.9629721651799348,0.7613119073998156,-0.8426623008887018,0;0;-0.842662300889;0.7613119074;-0.184178113546;0;0;0;0;0;0;0,62575.377899312356,0.005,69,3e-06,1.744077789891015,,0.0007265795668949771,0.9430706999999998,0.050775999999999044,0.9938537999999966,ok,same_stridge_core,Hx;D_x^1.962972 H;Hxxx,0.04184193121693121,1.1808993887972037
0.7241856351933023,1.150746805103729,0.0,-1.1092229068880255,0;0;-1.10922290689;0;0;0;0;0.0664159669035;0;0;0;0,53422.143084172676,0.005,70,3e-06,1.340765550707526,,0.0005402431716379265,0.9682085000000029,0.04955559999999082,1.017773500000004,ok,same_stridge_core,Hx;H*Hxx,0.03490828962855106,1.02023269220249
0.7031082091963377,1.657002386068108,0.23996976135850337,-1.2237715585194477,0;0;-1.22377155852;0.239969761359;0;0;0;0;-0.0353681014129;0;0;0,53176.77782850395,0.005,71,3e-06,1.714491072878225,,0.00078605579031414,0.943448200000006,0.03958520000000476,0.9830406000000096,ok,same_stridge_core,Hx;D_x^1.657002 H;H*Hxxx,0.025,1.2359000724216893
0.8983727428226824,1.5258138775102184,-0.7771905587076634,-0.8566014555808645,0.116496886795;-0.00830037649875;-0.856601455581;-0.777190558708;5.00263167037;0;0.262888523966;0.416909090315;0.0422990231396;-0.0227096428867;0;0.00204178521703,52934.35246066381,0.005,72,3e-06,2.2670647391873104,,0.00023298346542095904,0.9294950999999969,0.03731500000000665,0.966816399999999,ok,same_stridge_core,1;H;Hx;D_x^1.525814 H;Hxxx;H*Hx;H*Hxx;H*Hxxx;H^2*Hx;H^2*Hxxx,0.005,0.6790341653673965
0.8561045804375035,1.5793408978667216,0.0,-0.6919578327693208,0.0472437011694;0;-0.691957832769;0;0;0;0;0.164422073721;0.228040905192;0;0;0,52945.504138755714,0.005,73,3e-06,1.8526364541615523,,0.0007659240969870891,0.5353191000000095,0.04264950000001022,0.5779758999999984,ok,same_stridge_core,1;Hx;H*Hxx;H*Hxxx,0.04,1.2172904044964838
0.6910074607253366,1.707401186187658,0.2407506801320499,-1.2412646972896408,0;0;-1.24126469729;0.240750680132;0;0;0;0;0;0;0;0,53616.70723550474,0.005,74,3e-06,1.7787619741036858,,0.0010969754191592525,0.9237833999999907,0.0398619999999994,0.963650599999994,ok,same_stridge_core,Hx;D_x^1.707401 H,0.041122113997114,1.4570617306906573
0.5612079615420336,1.913486104724644,-0.2971248193133812,-1.675150040342576,0;0;-1.67515004034;-0.297124819313;0;0;0;-0.545620019948;0;0;0.0686827911529;0,61376.16171535166,0.005,75,3e-06,4.650126417916921,,0.007767886933382439,0.9290340999999955,0.053298200000000406,0.9823385999999914,ok,same_stridge_core,Hx;D_x^1.913486 H;H*Hxx;H^2*Hxx,0.025,3.9136124773327006
0.9177278771414363,1.660579170190872,-1.6268976399268604,-0.9923659818494104,0.100539425772;-0.0047650507268;-0.992365981849;-1.62689763993;-1.0737868821;0;0.345135419897;0.949119684508;2.43169386581;-0.0298863020946;-0.0480892749862;-0.237481640163,53197.92514599973,0.005,76,3e-06,2.4039762382339083,,0.00022000074209154875,0.5389607999999981,0.042643999999995685,0.5816113000000058,ok,same_stridge_core,1;H;Hx;D_x^1.660579 H;Hxxx;H*Hx;H*Hxx;H*Hxxx;H^2*Hx;H^2*Hxx;H^2*Hxxx,0.005,0.6484447084159173
0.5612079615420336,1.913486104724644,-0.2971248193133812,-1.675150040342576,0;0;-1.67515004034;-0.297124819313;0;0;0;-0.545620019948;0;0;0.0686827911529;0,61376.16171535166,0.005,77,3e-06,4.650126417916921,,0.007767886933382439,0.002604899999994359,0.051491999999996096,0.05410539999999742,ok,same_stridge_core,Hx;D_x^1.913486 H;H*Hxx;H^2*Hxx,0.029369649474224636,3.9136124773327006
0.42132763471104595,1.6565880324387339,9.596931894132004,-0.6844138645817384,-0.230519463723;0;-0.684413864582;9.59693189413;17.3321429321;0;-1.65693079516;-5.35068796129;-15.0366597135;0.141883384789;0.345975056129;1.47138061715,53174.40845945277,0.005,78,3e-06,5.331763092143856,,0.007180613425689411,0.9377472999999981,0.04727710000000229,0.9850333999999918,ok,same_stridge_core,1;Hx;D_x^1.656588 H;Hxxx;H*Hx;H*Hxx;H*Hxxx;H^2*Hx;H^2*Hxx;H^2*Hxxx,0.06423076923076924,3.7365308383602733
0.7240253824434865,1.2860756647672729,0.061062317002683185,-1.1501980914023073,0;0;-1.1501980914;0.0610623170027;0;0;0;0.0459420135023;0;0;0;0,53237.105151928256,0.005,79,3e-06,1.4423755827793077,,0.0004848395375411928,0.9488487999999933,0.03992110000000082,0.988777099999993,ok,same_stridge_core,Hx;D_x^1.286076 H;H*Hxx,0.034328144531288025,0.9632416364119533
0.7392574563505299,1.0222367618709671,0.0,-1.0713419747160668,0;0;-1.07134197472;0;-0.09843242949;0;0;0.0717421721681;0;0;0;0,53570.6875294985,0.005,80,3e-06,1.41921086156331,,0.0004514985604440047,0.9355325000000079,0.043786800000006565,0.9793262999999968,ok,same_stridge_core,Hx;Hxxx;H*Hxx,0.023478181818181815,0.9370746737978236
0.5337930055811106,1.968330962608051,-1.2099278137414906,-1.788150930475591,0;0;-1.78815093048;-1.20992781374;0;0;0;-0.401340774645;0;0;0.0626826485581;0,62599.15752481288,0.005,81,3e-06,5.366960517223238,,0.010880936272038356,0.937600400000008,0.06023319999999899,0.9978401999999988,ok,same_stridge_core,Hx;D_x^1.968331 H;H*Hxx;H^2*Hxx,0.035,4.6157706269254835
0.7489067651677559,1.8616308692423058,0.0,-1.0403402623825238,0;0;-1.04034026238;0;0;0;0;0.0765826159748;0;0;0;0,58744.73124932566,0.005,82,3e-06,1.2793150484259244,,0.0004387504031497253,0.9339909999999918,0.05017739999999549,0.984176000000005,ok,same_stridge_core,Hx;H*Hxx,0.02,0.9268466609299704
0.7813776072075358,1.7360746506923752,0.0,-0.967066557575719,0;0;-0.967066557576;0;-0.273734714716;0;0;0.085742359872;0;0;0;0,54051.585090576715,0.005,83,3e-06,1.5358675395542867,,0.0005552855953328945,0.9091274000000027,0.04064390000000628,0.9497800000000041,ok,same_stridge_core,Hx;Hxxx;H*Hxx,0.049178510378510364,1.0494032737390964
0.6610072496037603,1.9967098582371514,-0.9056156713282381,-1.3113961945065018,0;0;-1.31139619451;-0.905615671328;0;0;0;0.149143234011;0;0;0;0,62427.17300734194,0.005,84,3e-06,2.3477751669756746,,0.0016458757760430382,0.9267373999999933,0.04883710000000008,0.975582799999998,ok,same_stridge_core,Hx;D_x^1.99671 H;H*Hxx,0.030000000000000002,1.785930609909597
0.6275814208443753,1.8338381495926948,0.3561521625204432,-1.4550465437135922,0;0;-1.45504654371;0.35615216252;0;0;0;-0.462964848495;0;0;0.0512937489657;0,57286.429076732915,0.005,85,3e-06,3.0368670638463837,,0.002765050505707564,0.29795959999999866,0.04208780000000445,0.34005189999999175,ok,same_stridge_core,Hx;D_x^1.833838 H;H*Hxx;H^2*Hxx,0.040068886140314716,2.349429914925589
0.13668014758538355,1.8719738736827194,59.3924052012537,1.3088747678238217,-2.5906614326;0.0381894742555;1.30887476782;59.3924052013;78.1518518666;0.0572509530146;-4.63004198334;-24.9307359363;-54.0089159177;0.451439514356;1.98785482248;5.46722626333,59310.74565446495,0.005,86,3e-06,21.05123307868056,,0.18795339145362597,0.0015207999999944377,0.03985419999999351,0.04138129999999762,ok,same_stridge_core,1;H;Hx;D_x^1.871974 H;Hxxx;H^2;H*Hx;H*Hxx;H*Hxxx;H^2*Hx;H^2*Hxx;H^2*Hxxx,0.0700909090909091,18.916046235119822
0.6870228467328816,1.9532265602444545,0.0,-1.2151981902799855,0;0;-1.21519819028;0;0.285816202956;0;0;-0.113839212583;0;0;0.0203124666872;0,62479.96783432425,0.005,87,3e-06,2.081747980387035,,0.0009055814994477226,0.9156971000000027,0.049659200000007786,0.9653643000000045,ok,same_stridge_core,Hx;Hxxx;H*Hxx;H^2*Hxx,0.01,1.3319883663751442
0.6758480739463035,1.7369593020288367,0.63982845971937,-1.3196971803513644,0;0;-1.31969718035;0.639828459719;0;0;0;-0.418318256728;0.114147844358;0;0.0420525920728;0,54067.82539554515,0.005,88,3e-06,2.1621658457584587,,0.0009333934999686032,0.9492745000000014,0.03949700000001144,0.9887784999999951,ok,same_stridge_core,Hx;D_x^1.736959 H;H*Hxx;H*Hxxx;H^2*Hxx,0.025526315789473685,1.3511484648252816
0.9203977808902538,1.930276649235829,0.8778378896210824,-0.652982863241808,0;0;-0.652982863242;0.877837889621;0;0;0;0;0;0;0;0,61978.59947345761,0.005,89,3e-06,2.1765716395529133,,0.0016650440057026342,0.9128927999999945,0.04100779999998849,0.9539139000000034,ok,same_stridge_core,Hx;D_x^1.930277 H,0.049999999999999996,1.8047000427121676
0.8778564651510202,1.8358996002812125,0.6835364674695239,-0.7685836494025955,0;0;-0.768583649403;0.68353646747;0;0;0;0;0;0;0;0,57388.71729820948,0.005,90,3e-06,2.007463271034976,,0.0014106462906662343,0.9384352000000007,0.04336379999999451,0.9818072999999998,ok,same_stridge_core,Hx;D_x^1.8359 H,0.05407759277759276,1.663130967245719
0.5709983359202873,1.8616308692423058,0.0,-1.6448452098287476,0;0;-1.64484520983;0;0;0;0;-0.597048551836;0;0;0.0705036878701;0,58744.73124932566,0.005,91,3e-06,4.196889949512949,,0.006800777280432304,0.3099539999999905,0.04805419999999572,0.3580200999999903,ok,same_stridge_core,Hx;H*Hxx;H^2*Hxx,0.03433789605456274,3.6681873682690176
0.7166354752149521,1.6100327862954544,0.2622342888555677,-1.1902064795254708,0;0;-1.19020647953;0.262234288856;0;0;0;0;0;0;0;0,52995.013548103096,0.005,92,3e-06,1.3699731052999657,,0.0005789851432311485,0.9352434000000045,0.03687200000000246,0.9721215999999941,ok,same_stridge_core,Hx;D_x^1.610033 H,0.06631818181818182,1.0520030240113472
0.7309743323005777,1.9010775310307135,0.0,-1.089990746749386,0;0;-1.08999074675;0;0;0;0;0.0693059026803;0;0;0;0,60824.33825283812,0.005,93,3e-06,1.3390422151286252,,0.000491020586961783,0.9312124000000068,0.043565900000004376,0.974784200000002,ok,same_stridge_core,Hx;H*Hxx,0.02937087667301901,0.9740961856115966
0.6270071345120991,1.9073440463479765,0.40725200866916045,-1.4031491823065805,0;0;-1.40314918231;0.407252008669;2.26977955865;0;0;-0.439574899499;-0.240049694732;0;0.0488837424515;0,61112.859133106605,0.005,94,3e-06,3.3361346290234617,,0.002603012843255586,0.5252894000000055,0.046589199999999664,0.5718829000000056,ok,same_stridge_core,Hx;D_x^1.907344 H;Hxxx;H*Hxx;H*Hxxx;H^2*Hxx,0.02446734892787525,2.2361031646275427
0.8336597560759728,1.3587565467532021,-0.1553068596262679,-0.6438134367935531,0.0815895930188;-0.00895499368591;-0.643813436794;-0.155306859626;2.80335177656;0;0;0.183837818451;-0.477731324427;0;0;0.0499987083287,53129.56852823734,0.005,95,3e-06,2.185573474495282,,0.0004336286546426832,0.9192073000000107,0.04006400000000099,0.9592787999999928,ok,same_stridge_core,1;H;Hx;D_x^1.358757 H;Hxxx;H*Hxx;H*Hxxx;H^2*Hxxx,0.005,0.9104638298175859
0.7364013136975903,1.607799904249831,0.1538958677251195,-1.1160259701365014,0;0;-1.11602597014;0.153895867725;-0.136198564823;0;0;0.0334002565816;0;0;0;0,52989.93593578218,0.005,96,3e-06,1.5485138542438617,,0.0004308962434076716,0.9246760000000052,0.04309680000000071,0.9677816000000092,ok,same_stridge_core,Hx;D_x^1.6078 H;Hxxx;H*Hxx,0.020439931346275888,0.9126346230144754
0.537954377372339,1.8979235825722076,1.355207219185878,-1.864160299658738,-0.0645596536079;0;-1.86416029966;1.35520721919;0;0;0;-1.26355729675;0;0;0.117734649347;0,60672.44593819137,0.005,97,3e-06,5.073420473388286,,0.00899467772340693,0.30685110000000293,0.06452679999999589,0.3713898000000029,ok,same_stridge_core,1;Hx;D_x^1.897924 H;H*Hxx;H^2*Hxx,0.035,4.163333784315416
0.5515462275711428,1.807616726701302,7.847023093034464,-0.2426250161265784,0;-0.0209267254634;-0.242625016127;7.84702309303;31.7631714318;0;-0.873064979973;-3.85205018673;-13.8041815396;0.0724634668543;0.286487570027;1.24824982263,56102.79634547354,0.005,98,3e-06,4.515604423025877,,0.004085385242748738,0.9365554000000031,0.04092190000000073,0.9774865999999918,ok,same_stridge_core,H;Hx;D_x^1.807617 H;Hxxx;H*Hx;H*Hxx;H*Hxxx;H^2*Hx;H^2*Hxx;H^2*Hxxx,0.01,2.832520532661671
0.08131779185184229,1.534393548362614,19.241977381480893,-4.284155521820548,-1.79993025351;0.197634878176;-4.28415552182;19.2419773815;-86.0401238099;0;-4.25205875591;-12.4812626733;-8.29373749062;0.398319780404;0.754292160539;1.6245450843,52931.56746649217,0.005,99,3e-06,13.642690119959253,,0.07468246713471985,0.9585806000000048,0.0534979999999905,1.0120869,ok,same_stridge_core,1;H;Hx;D_x^1.534394 H;Hxxx;H*Hx;H*Hxx;H*Hxxx;H^2*Hx;H^2*Hxx;H^2*Hxxx,0.07045454545454549,11.895948393565012
0.7272067843177553,1.3596677326420246,0.11967213076278548,-1.1857376241761062,0;0;-1.18573762418;0.119672130763;-0.450691503734;0;0;0.0255231417077;0;0;0;0,53128.21790632981,0.005,100,3e-06,1.557789320582941,,0.0004361061027067971,0.9455046000000067,0.04387079999999344,0.9893805999999898,ok,same_stridge_core,Hx;D_x^1.359668 H;Hxxx;H*Hxx,0.019440733069247,0.9202507057069832
0.06169319625471509,1.6015589525343983,28.408158382794955,-3.728048259268871,-2.51318660811;0.326338751473;-3.72804825927;28.4081583828;-64.8813105707;0;-4.93549273029;-15.9859594639;-18.4180391931;0.458695493331;0.994448696823;2.59643551021,52977.088697268526,0.005,101,3e-06,15.086815674764347,,0.09353679342477754,0.9148241999999982,0.05028379999998833,0.9651125000000036,ok,same_stridge_core,1;H;Hx;D_x^1.601559 H;Hxxx;H*Hx;H*Hxx;H*Hxxx;H^2*Hx;H^2*Hxx;H^2*Hxxx,0.11500000000000005,13.338571747754486
0.19088770816774148,1.299264579947733,4.845916487379866,-4.414132521032626,-0.359755252861;-0.043327144141;-4.41413252103;4.84591648738;-91.4955368106;0;-2.2695418825;-5.78034624332;6.40881136956;0.220717753282;0.341735635093;0.0313411481726,53217.791413630745,0.005,102,3e-06,9.437495916612008,,0.03126352642366663,0.9948681999999991,0.0516441000000043,1.0465178999999978,ok,same_stridge_core,1;H;Hx;D_x^1.299265 H;Hxxx;H*Hx;H*Hxx;H*Hxxx;H^2*Hx;H^2*Hxx;H^2*Hxxx,0.12500000000000003,7.681308799962193
0.6960960288204256,1.974275591983868,0.0,-1.1914075303368372,0;0;-1.19140753034;0;0;0;0;0.0536399401467;0;0;0;0,62602.92939083671,0.005,103,3e-06,1.7303921812927874,,0.0009539040341997143,0.9184422999999953,0.036865099999999984,0.9553151000000071,ok,same_stridge_core,Hx;H*Hxx,0.03274691358024692,1.3547746049477671
0.5935634531963773,1.4143843086085977,1.0788506793485053,-1.2995055744612078,0.073123223783;-0.0264473822002;-1.29950557446;1.07885067935;-2.46892331963;0;-0.401765595206;-0.969626021987;-1.85775727489;0.0347322048402;0.0611195464014;0.206468103373,53049.03516514529,0.005,104,3e-06,3.2136352896415272,,0.0011027405768085582,0.9482471999999973,0.03968679999999836,0.9879391999999996,ok,same_stridge_core,1;H;Hx;D_x^1.414384 H;Hxxx;H*Hx;H*Hxx;H*Hxxx;H^2*Hx;H^2*Hxx;H^2*Hxxx,0.005,1.4630171291917329
0.8984704690167189,1.921499411429064,0.833444009464941,-0.6993259365709162,0;0;-0.699325936571;0.833444009465;0;0;0;0;0;0;0;0,61686.56415870818,0.005,105,3e-06,2.0564206361450754,,0.0014552864031305106,0.8709843999999975,0.04180820000000551,0.9127986999999962,ok,same_stridge_core,Hx;D_x^1.921499 H,0.049999999999999996,1.6863012511928264
0.7921210954769469,1.6659002109482008,0.15494694480112778,-0.9689570413795004,0;0;-0.96895704138;0.154946944801;-0.317207764418;0;0;0.0546879400551;0;0;0;0,53231.771336546735,0.005,106,3e-06,1.7414085068119805,,0.0006167695319251304,0.923356499999997,0.03635680000000718,0.959721799999997,ok,same_stridge_core,Hx;D_x^1.6659 H;Hxxx;H*Hxx,0.029387254901960782,1.1026272507734196
0.5987002914224019,1.8107373451181854,6.08020963789605,-0.5678327262102745,-0.0760880263751;0;-0.56783272621;6.0802096379;20.5833905208;0;-0.610850738616;-2.79281928458;-9.25063078652;0.0513523106113;0.206895867526;0.845351443842,56231.38105740283,0.005,107,3e-06,3.728403148099368,,0.002107274026211532,0.9365560000000102,0.04871009999999387,0.9852709000000033,ok,same_stridge_core,1;Hx;D_x^1.810737 H;Hxxx;H*Hx;H*Hxx;H*Hxxx;H^2*Hx;H^2*Hxx;H^2*Hxxx,0.015,2.0414617163772832
0.8876771344696265,1.6019606068939962,-1.063221958460677,-0.9626967234826836,0.0796479142839;-0.00209182300378;-0.962696723483;-1.06322195846;0.948429243952;0;0.288221357175;0.708382757407;1.56810934287;-0.0251775018725;-0.0318715549513;-0.160397938209,52977.85788164761,0.005,108,3e-06,2.3407137802703186,,0.00018381301446299456,0.929495799999998,0.03766620000000387,0.9671681000000092,ok,same_stridge_core,1;H;Hx;D_x^1.601961 H;Hxxx;H*Hx;H*Hxx;H*Hxxx;H^2*Hx;H^2*Hxx;H^2*Hxxx,0.005,0.5924444701759475
0.7240253824434865,1.7623095370991124,0.0,-1.1096798221969415,0;0;-1.1096798222;0;0;0;0;0.0663468335108;0;0;0;0,54619.25415103154,0.005,109,3e-06,1.3492192166411119,,0.0005416197807086775,0.5237758999999897,0.04622370000001297,0.5700080999999955,ok,same_stridge_core,Hx;H*Hxx,0.02992912709718265,1.0215036917349227
0.8042390581352403,1.0222367618709671,-0.036810525531262586,-0.7713963432120008,0.0313655081966;0;-0.771396343212;-0.0368105255313;1.11490530068;0;0;0.148873103688;0.0477143489694;0;0;0,53570.6875294985,0.005,110,3e-06,1.7873008873232297,,0.0003524903687105501,0.3034403999999995,0.04528860000000634,0.34873800000001154,ok,same_stridge_core,1;Hx;D_x^1.022237 H;Hxxx;H*Hxx;H*Hxxx,0.015,0.8230285117922566
0.5374307676745562,1.9672763561460402,-1.155463054158736,-1.7726649654612916,0;0;-1.77266496546;-1.15546305416;0;0;0;-0.39795502653;0;0;0.0617829830128;0,62596.03524417035,0.005,111,3e-06,5.265031424820912,,0.010402670298569288,0.9376178000000124,0.05608200000000352,0.9937081000000063,ok,same_stridge_core,Hx;D_x^1.967276 H;H*Hxx;H^2*Hxx,0.035,4.513879001890868
0.5884365911908882,1.6254598683444204,3.0521305249913486,-1.0893717837955426,-0.0663614778077;0;-1.0893717838;3.05213052499;4.71686234448;0;-0.545110792931;-1.68203696114;-4.57863247641;0.0465301472724;0.109164544975;0.44974147402,53037.76568885706,0.005,112,3e-06,3.1909889155666145,,0.0013030019940825067,0.3044538999999986,0.04450509999999497,0.34896769999998867,ok,same_stridge_core,1;Hx;D_x^1.62546 H;Hxxx;H*Hx;H*Hxx;H*Hxxx;H^2*Hx;H^2*Hxx;H^2*Hxxx,0.02527777777777778,1.599855944900903
0.5932532399884024,1.6984366596435592,4.210140485939314,-0.8500643039016987,-0.0680390931733;0;-0.850064303902;4.21014048594;11.7187201435;0;-0.602346774035;-2.12496701114;-6.74486926805;0.050596072178;0.144483723274;0.632283150613,53512.511100460244,0.005,113,3e-06,3.2878178261473208,,0.0014326682125702763,0.9183202999999907,0.07671879999999476,0.9950466000000091,ok,same_stridge_core,1;Hx;D_x^1.698437 H;Hxxx;H*Hx;H*Hxx;H*Hxxx;H^2*Hx;H^2*Hxx;H^2*Hxxx,0.013695652173913051,1.6824424931335138
0.14384981499400729,1.39129345265637,8.277266517526641,-4.575762359651734,-0.754342846627;0.0179276418075;-4.57576235965;8.27726651753;-97.2346125994;0;-2.93681717252;-7.65122817376;3.38132046523;0.281159162256;0.450023846513;0.409178656459,53081.821078044326,0.005,114,3e-06,10.912398416031166,,0.04445510424491231,0.9326058000000046,0.05106320000000153,0.9836750000000052,ok,same_stridge_core,1;H;Hx;D_x^1.391293 H;Hxxx;H*Hx;H*Hxx;H*Hxxx;H^2*Hx;H^2*Hxx;H^2*Hxxx,0.08,9.160698320455705
0.380851685274031,1.8338381495926948,24.83020849051033,-0.10463029678245771,-1.11338674425;0.0950689273202;-0.104630296782;24.8302084905;42.1721818159;0.0109064786712;-2.06015097693;-10.3863251006;-25.4031306888;0.190040785787;0.775129009681;2.48792207108,57286.429076732915,0.005,115,3e-06,8.811456749958761,,0.023406028623913697,0.30416230000000155,0.03833840000000066,0.34250550000000146,ok,same_stridge_core,1;H;Hx;D_x^1.833838 H;Hxxx;H^2;H*Hx;H*Hxx;H*Hxxx;H^2*Hx;H^2*Hxx;H^2*Hxxx,0.019545454545454536,6.749145303196378
0.7813957016855915,1.720049955161443,0.21875533028381622,-0.99389793567003,0;0;-0.99389793567;0.218755330284;-0.228448375328;0;0;0.0415801852035;0;0;0;0,53787.9321005082,0.005,116,3e-06,1.6465566180972622,,0.0005113995199128983,0.8994140000000073,0.04419289999999876,0.9436169000000092,ok,same_stridge_core,Hx;D_x^1.72005 H;Hxxx;H*Hxx,0.03454376161238907,1.0011014328911638
0.7773215103234398,1.8969003986649422,0.37270848780284105,-0.9798474790275582,0;0;-0.979847479028;0.372708487803;-0.103105166926;0;0;0.0294415869671;0;0;0;0,60622.307422503516,0.005,117,3e-06,1.6512866585686456,,0.0004416655021632858,0.9199603999999937,0.04339500000000385,0.9633639000000045,ok,same_stridge_core,Hx;D_x^1.8969 H;Hxxx;H*Hxx,0.030470840270840276,0.9238189694986035
0.6758480739463035,1.1261224439503945,0.1335121520168201,-1.4395112084381894,0;0;-1.43951120844;0.133512152017;0;0;0;-0.0211220222395;-0.205548856218;0;0;0,53452.708100489326,0.005,118,3e-06,1.8222034274190628,,0.0007165982054021646,0.5053517000000056,0.048939599999997085,0.5542974999999899,ok,same_stridge_core,Hx;D_x^1.126122 H;H*Hxx;H*Hxxx,0.010454545454545454,1.180770930213191
0.8042084499306341,1.7710282955551957,0.4919541618397207,-0.9558342952511741,0;0;-0.955834295251;0.49195416184;-0.231047569284;0;0;0;0;0;0;0,54851.4491340055,0.005,119,3e-06,1.6473678331074728,,0.0006847248910681894,0.9350933999999995,0.042756699999998204,0.9778584000000023,ok,same_stridge_core,Hx;D_x^1.771028 H;Hxxx,0.04947863247863248,1.1537047909014233
0.8545652855472278,1.099401330120707,-0.11574141037806548,-0.620344282232739,0;0;-0.620344282233;-0.115741410378;0;0;0;0.163546200724;0.142425265833;0;0;0,53484.73367918907,0.005,120,3e-06,1.852224580404123,,0.0007688099986999174,0.3090071000000023,0.040623899999999935,0.3496418999999946,ok,same_stridge_core,Hx;D_x^1.099401 H;H*Hxx;H*Hxxx,0.035,1.2104077762538543
0.7489067651677559,1.8962954687167963,0.0,-1.0403402623825238,0;0;-1.04034026238;0;0;0;0;0.0765826159748;0;0;0;0,60592.465026801154,0.005,121,3e-06,1.2904014510907773,,0.0004387504031497253,0.6585661999999957,0.052366399999996815,0.7109388000000081,ok,same_stridge_core,Hx;H*Hxx,0.02,0.9268466609299704
0.8505664352443154,1.5355125200116695,-0.06787520465810253,-0.6868756313110942,0.0447687533336;0;-0.686875631311;-0.0678752046581;0;0;0;0.178378817677;0.221011932804;0;0;0,52931.309064210494,0.005,122,3e-06,1.972753136657141,,0.0007163774189088404,0.9226757999999933,0.041821799999993914,0.9645024000000006,ok,same_stridge_core,1;Hx;D_x^1.535513 H;H*Hxx;H*Hxxx,0.04441176470588234,1.1787835006939835
0.8343360920935566,1.5931291737078144,0.0,-0.7516640690733085,0.0415305562298;0;-0.751664069073;0;0;0;0;0.152241646672;0.199635543095;0;0;0,52962.66433896425,0.005,123,3e-06,1.721660780701126,,0.0006114542662785693,1.0292376000000019,0.04669720000001121,1.0759438999999986,ok,same_stridge_core,1;Hx;H*Hxx;H*Hxxx,0.025552596769702035,1.086108808633555
0.5670778130057996,1.3803935184692482,1.1310205009631156,-1.708959551747969,-0.0788988490946;0;-1.70895955175;1.13102050096;-12.144297327;0;-0.386701986917;-0.944257489328;0.524610206695;0.0364053950101;0.0560861540544;0.0325679621405,53097.67471736648,0.005,124,3e-06,3.2946457249963284,,0.0014971710923606045,0.963778099999999,0.05035490000000209,1.0141420000000068,ok,same_stridge_core,1;Hx;D_x^1.380394 H;Hxxx;H*Hx;H*Hxx;H*Hxxx;H^2*Hx;H^2*Hxx;H^2*Hxxx,0.023571428571428594,1.701715483475334
0.7950976894997444,1.2466632004725808,0.0,-0.9349117565372599,0;0;-0.934911756537;0;-0.329134072627;0;0;0.0897489387689;0;0;0;0,53293.708383465775,0.005,125,3e-06,1.6329635304939942,,0.0006700573452367643,0.30936219999999537,0.042738900000003355,0.3521089999999987,ok,same_stridge_core,Hx;Hxxx;H*Hxx,0.05912457912457911,1.1533201550428023
0.7831487495864149,1.4049333860910673,0.0,-0.9628667769984106,0;0;-0.962866776998;0;-0.280935404819;0;0;0.0862743665005;0;0;0;0,53062.29566809597,0.005,126,3e-06,1.5393466468896266,,0.0005683309717440033,0.9659395999999987,0.04323270000000434,1.009180399999991,ok,same_stridge_core,Hx;Hxxx;H*Hxx,0.033900646678424434,1.0617859858767629
0.6963820162381434,1.264073844790125,0.13589737417424014,-1.315658104208422,0;0;-1.31565810421;0.135897374174;0;0;0;0;-0.114184878636;0;0;0,53268.933088645186,0.005,127,3e-06,1.5284248281338635,,0.0005718569138826707,0.9381753999999916,0.05051620000000412,0.9887001000000026,ok,same_stridge_core,Hx;D_x^1.264074 H;H*Hxxx,0.015,1.0490044303360568
0.6544362222621025,1.6603278823192964,0.7034872702862254,-1.4405081801036639,0;0;-1.4405081801;0.703487270286;0.0662403372539;0;0;-0.516141158238;0.103096977537;0;0.0490079483519;0,53196.39807940736,0.005,128,3e-06,2.5374402901453488,,0.0012895843678932314,0.9799071999999995,0.0441112999999973,1.0240241000000054,ok,same_stridge_core,Hx;D_x^1.660328 H;Hxxx;H*Hxx;H*Hxxx;H^2*Hxx,0.036777777777777736,1.5799051247160165
0.671487341871809,1.0860049545547779,0.12254943363011567,-1.4580062508888798,0;0;-1.45800625089;0.12254943363;0;0;0;-0.0211136443181;-0.220780101153;0;0;0,53500.34496823274,0.005,129,3e-06,1.863651990074172,,0.0007645451908579712,0.9796049999999923,0.05596230000000446,1.0355722999999983,ok,same_stridge_core,Hx;D_x^1.086005 H;H*Hxx;H*Hxxx,0.015,1.2216478504553792
0.7672174078960594,1.3556792508426465,0.0,-1.001172406818532,0;0;-1.00117240682;0;-0.215656189973;0;0;0.0813279632653;0;0;0;0,53134.13335513139,0.005,130,3e-06,1.444824321185733,,0.00047283689469590295,0.9672278999999975,0.04510400000000914,1.0123389000000032,ok,same_stridge_core,Hx;Hxxx;H*Hxx,0.024480741513197662,0.9666171209895505
0.6963820162381434,1.5151379009950214,0.30821760743000726,-1.2996422746849714,0;0;-1.29964227468;0.30821760743;0;0;0;-0.180100632291;0;0;0.0185089776463;0,52939.63162965072,0.005,131,3e-06,1.6762342384657818,,0.0005578646927848698,0.5443929999999995,0.04251219999999023,0.5869131000000039,ok,same_stridge_core,Hx;D_x^1.515138 H;H*Hxx;H^2*Hxx,0.010454545454545454,1.040958658909973
0.7355506466270969,1.8836261312475329,0.0,-1.0809333459124386,0;0;-1.08093334591;0;-0.0826504975777;0;0;0.0703816451653;0;0;0;0,59940.440456597506,0.005,132,3e-06,1.4902562185771937,,0.0004659005016296214,0.9551997999999884,0.04565060000000187,1.0008581999999961,ok,same_stridge_core,Hx;Hxxx;H*Hxx,0.015,0.950792254467816
0.7855812072861053,1.5994474455377996,0.0,-0.9571226059075084,0;0;-0.957122605908;0;-0.290801106784;0;0;0.0869978125948;0;0;0;0,52973.170870330825,0.005,133,3e-06,1.5561223058621323,,0.0005871471218699182,1.0044044999999926,0.04524870000000192,1.0496656000000115,ok,same_stridge_core,Hx;Hxxx;H*Hxx,0.02945279754700234,1.0793637680291548
0.6910074607253366,1.8497918606123889,0.6116091405250331,-1.2275470167528786,0;0;-1.22754701675;0.611609140525;0;0;0;-0.345045308226;0.104087063353;0;0.0371174886783;0,58105.86256751304,0.005,134,3e-06,2.0985291040675387,,0.0007638009231698514,0.5741177000000022,0.06587729999999681,0.6399997999999982,ok,same_stridge_core,Hx;D_x^1.849792 H;H*Hxx;H*Hxxx;H^2*Hxx,0.025976190476190486,1.226941165554843
0.809852855370573,1.7818588978587904,0.2086014107744656,-0.8399178267797146,0.0332650091548;0;-0.83991782678;0.208601410774;0.300159277679;0;0;0.0970555696713;0.119745658271;0;0;0,55173.77223206429,0.005,135,3e-06,1.900949340624344,,0.00043295430913953975,0.9416049000000015,0.03942220000000418,0.9810322000000014,ok,same_stridge_core,1;Hx;D_x^1.781859 H;Hxxx;H*Hxx;H*Hxxx,0.032719298245614044,0.9078214404471868
0.7722424473981728,1.0230312803092385,0.0,-0.9889610034896776,0;0;-0.98896100349;0;-0.236369101482;0;0;0.0829275524388;0;0;0;0,53569.8504326466,0.005,136,3e-06,1.4743599639375353,,0.0004974014057354408,0.9951472000000052,0.04249950000000524,1.0376534999999905,ok,same_stridge_core,Hx;Hxxx;H*Hxx,0.03446759259259256,0.992231310043716
0.7267858793618398,1.0545833624534255,0.0,-1.1018279217288305,0;0;-1.10182792173;0;0;0;0;0.0675317941493;0;0;0;0,53535.8152376426,0.005,137,3e-06,1.3219831575581622,,0.0005193117514997458,0.3085142999999988,0.05656549999999072,0.36508530000000405,ok,same_stridge_core,Hx;H*Hxx,0.02,1.0007682661323065
0.7160974041710176,1.6117725079434844,0.2618694504050424,-1.1912424479460524,0;0;-1.19124244795;0.261869450405;0;0;0;0;0;0;0;0,52999.15314813463,0.005,138,3e-06,1.375853534476591,,0.0005853436376480299,0.3841695999999928,0.044653600000003735,0.4288312999999988,ok,same_stridge_core,Hx;D_x^1.611773 H,0.035,1.0578586155877832
0.7432743500014062,1.2590498934604222,0.0,-1.0557566681546433,0;0;-1.05575666815;0;0;0;0;0.0743521381733;0;0;0;0,53276.12208511688,0.005,139,3e-06,1.2497489784732645,,0.0004439109401776952,0.9448361000000034,0.04055320000000506,0.9854045999999954,ok,same_stridge_core,Hx;H*Hxx,0.02,0.9300922459625632
0.656943577565268,1.2184396711803525,0.24566107668962914,-1.5731073052750253,0;0;-1.57310730528;0.24566107669;0;0;0;-0.0716760097204;-0.249688982113;0;0;0,53332.98343612903,0.005,140,3e-06,1.9831770244627354,,0.0009444913301946937,1.010668300000006,0.0511020000000002,1.0617778999999956,ok,same_stridge_core,Hx;D_x^1.21844 H;H*Hxx;H*Hxxx,0.015,1.343181223229187
0.6311732544291981,1.359186024103028,0.4942745299287214,-1.7269778120941557,0;0;-1.72697781209;0.494274529929;-1.39280878108;0;0;-0.412014176216;0.0639969159679;0;0.0325703481547;0,53128.931837705495,0.005,141,3e-06,2.535646343577364,,0.0013076115406688096,0.9810238999999967,0.04617540000000986,1.0272166000000027,ok,same_stridge_core,Hx;D_x^1.359186 H;Hxxx;H*Hxx;H*Hxxx;H^2*Hxx,0.02,1.5793255704986653
0.8521402571588119,1.5506994788460418,-0.05489408566764155,-0.6872793543587741,0.0455379373556;0;-0.687279354359;-0.0548940856676;0;0;0;0.175858435738;0.223024641147;0;0;0,52930.47522228345,0.005,142,3e-06,1.9847888175286919,,0.0007313171187238609,0.9491892000000064,0.0441110000000009,0.9933058999999957,ok,same_stridge_core,1;Hx;D_x^1.550699 H;H*Hxx;H*Hxxx,0.04526785714285715,1.1908316891944402
0.8831893419253629,1.622719445802284,-1.1478299787559973,-0.9738770006583014,0.0875386429268;-0.00379408108085;-0.973877000658;-1.14782997876;0.67063556028;0;0.28643248008;0.729556690969;1.63571988148;-0.0250531579549;-0.0337391956164;-0.166495502181,53029.12939811221,0.005,143,3e-06,2.3558267789845586,,0.00019246835480290863,1.062463699999995,0.04178209999999183,1.104254400000002,ok,same_stridge_core,1;H;Hx;D_x^1.622719 H;Hxxx;H*Hx;H*Hxx;H*Hxxx;H^2*Hx;H^2*Hxx;H^2*Hxxx,0.005,0.6058655088468561
0.7329661668217421,1.9232194448221969,0.04483855925206904,-1.0850902523986878,0;0;-1.0850902524;0.0448385592521;0;0;0;0.0636538523169;0;0;0;0,61747.89654949699,0.005,144,3e-06,1.516694086069048,,0.0004785866303963559,0.9647587000000044,0.061167199999999866,1.0259338000000042,ok,same_stridge_core,Hx;D_x^1.923219 H;H*Hxx,0.02,0.9609630171235753
0.7071520319236064,1.214121963184078,0.12914026791485617,-1.301820768880075,0;0;-1.30182076888;0.129140267915;0;0;0;0;-0.149937889254;0;0;0,53338.888143679884,0.005,145,3e-06,1.4957263292242875,,0.0005231338138707357,0.9323014000000001,0.056228000000004386,0.9885371000000021,ok,same_stridge_core,Hx;D_x^1.214122 H;H*Hxxx,0.015,1.0156763359311685
0.6960262798142481,1.267430773428094,0.13643798587043443,-1.3157611981344495,0;0;-1.31576119813;0.13643798587;0;0;0;0;-0.112436536278;0;0;0,53264.112368977876,0.005,146,3e-06,1.5322197225909404,,0.0005765299017566249,0.9201665999999875,0.05517199999999889,0.9753478000000086,ok,same_stridge_core,Hx;D_x^1.267431 H;H*Hxxx,0.014993250855052423,1.0528427112701395
0.6912294440957726,1.0953433058833133,0.09825633965190446,-1.3580878260364093,0;0;-1.35808782604;0.0982563396519;0;0;0;0;-0.179743150281;0;0;0,53489.49377613385,0.005,147,3e-06,1.5709913524084795,,0.000602281698836109,0.9451729000000171,0.0468146000000047,0.9919970999999919,ok,same_stridge_core,Hx;D_x^1.095343 H;H*Hxxx,0.01,1.0895859084232749
0.662461048255127,1.2084196310209019,0.22045202897839344,-1.53616356228851,0;0;-1.53616356229;0.220452028978;0;0;0;-0.0591965003186;-0.235301207178;0;0;0,53346.64266053062,0.005,148,3e-06,1.9292728029337654,,0.0008671445701488522,0.9416920999999832,0.04696060000000557,0.9886616000000004,ok,same_stridge_core,Hx;D_x^1.20842 H;H*Hxx;H*Hxxx,0.014587566743869266,1.289113091007398
0.728232439249502,1.886459996277877,0.8668428340050032,-1.0460928677029473,0.0236624509488;-0.00156275465248;-1.0460928677;0.866842834005;4.59056356019;0;-0.00622414437329;-0.311232075935;-1.22555188505;0;0.0330616164974;0.103541062917,60090.13906822576,0.005,149,3e-06,2.6640618956178392,,0.00037764504196739567,0.9193597999999952,0.03760159999998791,0.9569716000000028,ok,same_stridge_core,1;H;Hx;D_x^1.88646 H;Hxxx;H*Hx;H*Hxx;H*Hxxx;H^2*Hxx;H^2*Hxxx,0.005,0.8613577235710667
0.7389776884764699,1.099401330120707,0.0,-1.06762642838996,0;0;-1.06762642839;0;0;0;0;0.0726169024476;0;0;0;0,53484.73367918907,0.005,150,3e-06,1.2605295110139136,,0.00045455530481196374,0.290183600000006,0.04465410000000247,0.3348459000000048,ok,same_stridge_core,Hx;H*Hxx,0.025526315789473685,0.9396211089387791
0.6249384161920655,1.0555715218278645,0.19147390077048945,-1.7416855077665634,0;0;-1.74168550777;0.19147390077;0;0;0;-0.085770708202;-0.380095283943;0;0;0,53534.72380792514,0.005,151,3e-06,2.346299494760582,,0.0014926948124201333,0.9058095999999978,0.04905420000000049,0.9548758999999905,ok,same_stridge_core,Hx;D_x^1.055572 H;H*Hxx;H*Hxxx,0.02,1.70388280906548
0.7166354752149521,1.2245285288356145,0.13554859507447756,-1.279109786143992,0;0;-1.27910978614;0.135548595074;0;0;0;0;-0.157941793156;0;0;0,53324.6086478179,0.005,152,3e-06,1.5167418217147093,,0.0005398467937411551,0.5252900000000125,0.044380399999994324,0.5696772999999951,ok,same_stridge_core,Hx;D_x^1.224529 H;H*Hxxx,0.02,1.0368203438843482
0.7619676986978128,1.182856147854646,0.0,-1.0140582733777512,0;0;-1.01405827338;0;-0.193898783519;0;0;0.0796174583709;0;0;0;0,53380.7754259614,0.005,153,3e-06,1.425745025029434,,0.0004532312396946298,0.9240096000000051,0.04242270000000303,0.96644280000001,ok,same_stridge_core,Hx;Hxxx;H*Hxx,0.02043300035165582,0.9453180461957813
0.7006419970757787,1.3288958830349,0.15324902569701526,-1.2926201745390202,0;0;-1.29262017454;0.153249025697;0;0;0;0;-0.0950462522005;0;0;0,53173.952730848534,0.005,154,3e-06,1.5148711872048244,,0.0005589039341636226,0.9291225000000054,0.04650319999998942,0.9756319999999903,ok,same_stridge_core,Hx;D_x^1.328896 H;H*Hxxx,0.02493679831806767,1.0363056126271877
0.837776698741133,1.2466632004725808,-0.12251567116322064,-0.628950978177726,0.0381427929312;0;-0.628950978178;-0.122515671163;1.29319717417;0;0;0.195931564619;0.0743985335456;0;0;0,53293.708383465775,0.005,155,3e-06,1.915464794807305,,0.00047233670477657327,0.31285800000000563,0.04157329999998183,0.3544411000000025,ok,same_stridge_core,1;Hx;D_x^1.246663 H;Hxxx;H*Hxx;H*Hxxx,0.027035087719298245,0.9561780439049208
0.7831487495864149,1.553445287111422,0.0,-0.9628667769984106,0;0;-0.962866776998;0;-0.280935404819;0;0;0.0862743665005;0;0;0;0,52930.902693379474,0.005,156,3e-06,1.5381641101171781,,0.0005683309717440033,0.6348174000000029,0.04209860000000276,0.6769238999999914,ok,same_stridge_core,Hx;Hxxx;H*Hxx,0.032254320987654336,1.0617859858767629
0.6662913685126234,1.6369770490469076,0.13522990462504625,-1.3051213362050504,0;0;-1.30512133621;0.135229904625;2.67175241642;0;0;0;-0.446413055382;0;0;0,53079.57219606295,0.005,157,3e-06,2.324603201058599,,0.0014977683848093522,0.9364501999999959,0.03924549999999272,0.9757036000000028,ok,same_stridge_core,Hx;D_x^1.636977 H;Hxxx;H*Hxxx,0.03441986828401393,1.6876483347058435
0.7008106804302632,1.1848765634395382,0.11990180719049212,-1.3213343048714612,0;0;-1.32133430487;0.11990180719;0;0;0;0;-0.154193518706;0;0;0,53378.11596719445,0.005,158,3e-06,1.5118687836299611,,0.0005415667815472079,0.9413155000000017,0.0385471000000166,0.9798697000000232,ok,same_stridge_core,Hx;D_x^1.184877 H;H*Hxxx,0.02440817931920198,1.0314657399252112
0.727401699960946,1.3074678235286359,0.09746568225995951,-1.1831474166338134,0;0;-1.18314741663;0.09746568226;-0.483781016197;0;0;0.030893632122;0;0;0;0,53205.70656055207,0.005,159,3e-06,1.5601147134153388,,0.000436364809440807,0.9564433999999835,0.04020449999998732,0.9966531999999972,ok,same_stridge_core,Hx;D_x^1.307468 H;Hxxx;H*Hxx,0.015,0.9216462346887141
0.7611846003204821,1.0230717780639944,0.0,-1.0159917784998775,0;0;-1.0159917785;0;-0.190642986672;0;0;0.0793588184316;0;0;0;0,53569.80772690231,0.005,160,3e-06,1.424800286890415,,0.00045086530748736223,0.9448188000000073,0.040196699999995644,0.9850232000000005,ok,same_stridge_core,Hx;Hxxx;H*Hxx,0.02,0.9426720173482942
0.6525669331100419,1.3814011952509677,0.3794964075931469,-1.555924334426596,0;0;-1.55592433443;0.379496407593;0;0;0;-0.288544691761;-0.0982393889234;0;0.0238641905028;0,53096.20163033148,0.005,161,3e-06,2.169268001156568,,0.0009878949995782665,0.9423367999999925,0.04724509999999782,0.9895909000000245,ok,same_stridge_core,Hx;D_x^1.381401 H;H*Hxx;H*Hxxx;H^2*Hxx,0.015,1.3728249767015956
0.7360332905192277,1.4614334715748734,0.12408682832322049,-1.1382527990497893,0;0;-1.13825279905;0.124086828323;-0.300380353934;0;0;0.0330496798553;0;0;0;0,52988.346982855895,0.005,162,3e-06,1.5405773122061666,,0.0004210107035680514,0.9035272000000134,0.04018320000000131,0.9437197000000026,ok,same_stridge_core,Hx;D_x^1.461433 H;Hxxx;H*Hxx,0.015,0.9047171484118957
0.7855812072861053,1.2458189472581673,0.0,-0.9571226059075081,0;0;-0.957122605908;0;-0.290801106784;0;0;0.0869978125948;0;0;0;0,53294.899651074804,0.005,163,3e-06,1.559017864888828,,0.0005871471218699181,0.5213258999999937,0.04018639999998186,0.5615205000000003,ok,same_stridge_core,Hx;Hxxx;H*Hxx,0.04943614163614164,1.0793637680291548
0.7246514058755207,1.5273917279423288,0.18455702480293631,-1.175398141095897,0;0;-1.1753981411;0.184557024803;-0.21715737924;0;0;0.015636517506;0;0;0;0,52933.73740962399,0.005,164,3e-06,1.5875914169907457,,0.00047113872251190405,0.9073231999999791,0.0456482999999821,0.9529789999999991,ok,same_stridge_core,Hx;D_x^1.527392 H;Hxxx;H*Hxx,0.015,0.9523865680752579
0.7679435352329762,1.3307387083442117,0.0,-0.9994004241827239,0;0;-0.999400424183;0;-0.218656141048;0;0;0.0815613772003;0;0;0;0,53171.2135551888,0.005,165,3e-06,1.4485625479580981,,0.0004760459306102718,0.9214867000000027,0.04323159999998438,0.9647270000000105,ok,same_stridge_core,Hx;Hxxx;H*Hxx,0.024415966892870913,0.970021625961399
0.7607383877538153,1.17144920224348,0.0,-1.0170948159452877,0;0;-1.01709481595;0;-0.188786685501;0;0;0.0792110378557;0;0;0;0,53395.6660126426,0.005,166,3e-06,1.421790392257323,,0.00044958397024241775,0.9565805999999952,0.04163779999998951,0.9982253000000014,ok,same_stridge_core,Hx;Hxxx;H*Hxx,0.02092775552577933,0.9412293981435396
0.7267858793618398,1.49200927499797,0.17081471683234214,-1.1749613352216246,0;0;-1.17496133522;0.170814716832;-0.277571116096;0;0;0.0176957311875;0;0;0;0,52956.77306401101,0.005,167,3e-06,1.5687815336570137,,0.0004513940888577963,0.5304021999999975,0.04001579999999194,0.5704231999999934,ok,same_stridge_core,Hx;D_x^1.492009 H;Hxxx;H*Hxx,0.014519140989729225,0.9333002568888815
0.7200167220136866,1.3612964147144306,0.17651230752650207,-1.2426337799162612,0;0;-1.24263377992;0.176512307527;0;0;0;0;-0.100665007039;0;0;0,53125.80472173733,0.005,168,3e-06,1.4432054708765996,,0.0004764289402637333,0.9129889999999818,0.039498899999983905,0.9524968999999999,ok,same_stridge_core,Hx;D_x^1.361296 H;H*Hxxx,0.025,0.9650732283809635
0.7489067651677559,1.1252536027937186,0.0418582364061187,-0.9062969665465128,0.138913109217;-0.0253143455316;-0.906296966547;0.0418582364061;2.40820772341;0;-0.0297331611529;0;-0.364307859651;0;0;0,53453.768084363226,0.005,169,3e-06,1.9760437032772158,,0.00037744911224490903,0.5418464999999912,0.036322399999988875,0.5781777999999917,ok,same_stridge_core,1;H;Hx;D_x^1.125254 H;Hxxx;H*Hx;H*Hxxx,0.013181818181818178,0.853514573505588
0.7392574563505299,1.6100263487297914,0.14923448139233056,-1.10709380522913,0;0;-1.10709380523;0.149234481392;-0.144665667845;0;0;0.0357030076631;0;0;0;0,52994.99852787873,0.005,170,3e-06,1.5401910513095403,,0.0004223253818178014,0.5439888000000224,0.047160200000007535,0.5911586,ok,same_stridge_core,Hx;D_x^1.610026 H;Hxxx;H*Hxx,0.024929133829133834,0.9042510689749955
0.7409702295057675,1.7863117469434866,0.0,-1.0621101060842193,0;0;-1.06211010608;0;0;0;0;0.0734252545158;0;0;0;0,55317.70623565948,0.005,171,3e-06,1.2663348896873023,,0.000448873788781638,0.951569400000011,0.04594550000001618,0.9975222999999858,ok,same_stridge_core,Hx;H*Hxx,0.03490857838038665,0.9344286522733454
0.7595405068525503,1.502624195358539,0.278206663655618,-1.1329848785958003,0;0;-1.1329848786;0.278206663656;-1.35472372757;0;0;0;0.137954069177;0;0;0,52948.037405938594,0.005,172,3e-06,1.6346415801930387,,0.0005165530302378394,0.5400683000000015,0.043807700000002114,0.5838830000000144,ok,same_stridge_core,Hx;D_x^1.502624 H;Hxxx;H*Hxxx,0.02,0.9992651313217757
0.7475378631384091,1.2787126019758923,0.04473327041723295,-1.0438811536498176,0.0208336067671;0;-1.04388115365;0.0447332704172;0.59744040521;0;0;0.0808633403793;-0.029517901773;0;0;0,53247.815432001735,0.005,173,3e-06,1.7711883420698444,,0.0003432426084973709,0.9046778000000018,0.05252440000001002,0.9572116000000221,ok,same_stridge_core,1;Hx;D_x^1.278713 H;Hxxx;H*Hxx;H*Hxxx,0.01,0.8127276642938133
0.7857380195725492,1.3332232234813064,-0.03778478608309127,-0.8604280434018591,0.0296027941256;0;-0.860428043402;-0.0377847860831;0.832488429939;0;0;0.135641816211;0.0288047694472;0;0;0,53167.51940935965,0.005,174,3e-06,1.790125530410856,,0.0003581091448449237,0.9179307999999935,0.03599470000000338,0.9539329000000123,ok,same_stridge_core,1;Hx;D_x^1.333223 H;Hxxx;H*Hxx;H*Hxxx,0.023333333333333345,0.8331101810423823
0.7469181257524498,1.1936220179775392,0.02952069973692944,-1.0400926444677665,0.0207327612859;0;-1.04009264447;0.0295206997369;0.652493396782;0;0;0.0849564081885;-0.0385574738311;0;0;0,53366.52783806356,0.005,175,3e-06,1.7797069626095818,,0.000347703541231167,0.9118371999999795,0.06166119999997477,0.9735113000000126,ok,same_stridge_core,1;Hx;D_x^1.193622 H;Hxxx;H*Hxx;H*Hxxx,0.01,0.8191094615244376
0.758657568045235,1.6052163416599714,0.3274471998702212,-1.0899386687803112,0;0;-1.08993866878;0.32744719987;0;0;0;0;0;0;0;0,52984.38229830342,0.005,176,3e-06,1.3118482867639698,,0.0005072779947791565,0.9446824000000049,0.03827839999999583,0.9829706000000158,ok,same_stridge_core,Hx;D_x^1.605216 H,0.03455882352941177,0.9939419929741492
0.6916344767267546,1.4620390815863464,0.3057677895639542,-1.3457809225253388,0;0;-1.34578092253;0.305767789564;-0.285957610049;0;0;-0.180780912722;0;0;0.0174266122204;0,52987.64609909398,0.005,177,3e-06,1.854088195018949,,0.000574065222950589,0.948464400000006,0.047885199999996075,0.9963579999999865,ok,same_stridge_core,Hx;D_x^1.462039 H;Hxxx;H*Hxx;H^2*Hxx,0.01,1.0592735035325391
0.6758480739463035,1.354174660902981,0.3050192614987024,-1.4623577681766864,0;0;-1.46235776818;0.305019261499;0;0;0;-0.0652647701634;-0.160269297301;0;0;0,53136.366826302336,0.005,178,3e-06,1.8795083652029283,,0.0008094615822269876,0.5430589000000055,0.0453329999999994,0.5883995000000084,ok,same_stridge_core,Hx;D_x^1.354175 H;H*Hxx;H*Hxxx,0.0456005772005772,1.2418719632873003
0.7350773689038241,1.2289172010645166,0.0,-1.0784838033766007,0;0;-1.07848380338;0;0;0;0;0.0710162165588;0;0;0;0,53318.538125527215,0.005,179,3e-06,1.273606879191743,,0.0004695329253378101,0.9393851000000097,0.04536949999999251,0.9847618000000011,ok,same_stridge_core,Hx;H*Hxx,0.029919761538676884,0.9536956504385796
0.7419351697562115,1.244163107823721,0.0,-1.059446035525917,0;0;-1.05944603553;0;0;0;0;0.0738144491677;0;0;0;0,53297.23310513681,0.005,180,3e-06,1.2521795752224105,,0.0004465881939635924,0.9397265000000061,0.049993700000015906,0.9897289999999828,ok,same_stridge_core,Hx;H*Hxx,0.01993696647216256,0.9323961765915898
0.768328742038896,1.5829300599443838,0.0,-0.8447135482980267,0.094186160578;-0.01366434723;-0.844713548298;0;3.52090759127;0;-0.0160260712805;0.0773230764947;-0.688185822942;0;0;0.0415725808886,52949.26181306002,0.005,181,3e-06,2.0317534165576183,,0.0003022776155006703,0.9314338000000077,0.038774700000004714,0.9702166999999804,ok,same_stridge_core,1;H;Hx;Hxxx;H*Hx;H*Hxx;H*Hxxx;H^2*Hxxx,0.005,0.7609711330441781
0.8133214877828221,1.4890255818829408,-0.05334883689690704,-0.7851097741350794,0.0373101840727;0;-0.785109774135;-0.0533488368969;0.467325037588;0;0;0.155940782857;0.115331712593;0;0;0,52959.462912142524,0.005,182,3e-06,1.9163090784373922,,0.00047715014243888927,0.9222647999999936,0.04079379999998878,0.9630684999999914,ok,same_stridge_core,1;Hx;D_x^1.489026 H;Hxxx;H*Hxx;H*Hxxx,0.025112781954887222,0.9630387460188268
0.7371655851774916,1.7596970804865582,0.13457423748225206,-1.0867013763749969,0;0;-1.08670137637;0.134574237482;0;0;0;0.0460548919202;0;0;0;0,54554.18153722782,0.005,183,3e-06,1.4172325166058095,,0.00044540899627882696,0.9060230999999987,0.04626010000001202,0.9522891999999956,ok,same_stridge_core,Hx;D_x^1.759697 H;H*Hxx,0.020432677125240162,0.9262448827707592
0.7485005269002571,1.7219275505842653,0.167665413595979,-1.063398241066478,0;0;-1.06339824107;0.167665413596;0;0;0;0.0423187842637;0;0;0;0,53815.98219820818,0.005,184,3e-06,1.3783017221830591,,0.0004127857616477081,0.9200367999999912,0.043764799999991055,0.9638086999999871,ok,same_stridge_core,Hx;D_x^1.721928 H;H*Hxx,0.020056399342769714,0.8939578823991856
0.7263160401400472,1.699684471737413,0.1279184212131313,-1.1280938490433654,0;0;-1.12809384904;0.127918421213;0;0;0;0.038648855639;-0.0230697449741;0;0;0,53526.22585495811,0.005,185,3e-06,1.62654491970099,,0.000501317239019223,0.9321298000000127,0.046941299999986086,0.9790805000000091,ok,same_stridge_core,Hx;D_x^1.699684 H;H*Hxx;H*Hxxx,0.015,0.9842302094414926
0.7238023387061909,1.3567227038968093,0.1316610993176335,-1.2040190167249563,0;0;-1.20401901672;0.131661099318;-0.483991673118;0;0;0.0198468578045;0;0;0;0,53132.58500080543,0.005,186,3e-06,1.56608680839353,,0.0004449144607286401,0.9237190999999996,0.051020999999991545,0.9747462999999925,ok,same_stridge_core,Hx;D_x^1.356723 H;Hxxx;H*Hxx,0.015,0.9284957883838648
0.77069924076995,1.264073844790125,0.0,-0.9926984259654968,0;0;-0.992698425965;0;-0.230020031927;0;0;0.0824402156143;0;0;0;0,53268.933088645186,0.005,187,3e-06,1.4632891646824986,,0.0004892789420431552,0.29774470000000974,0.043881100000021434,0.3416313000000173,ok,same_stridge_core,Hx;Hxxx;H*Hxx,0.042499999999999996,0.9838687668846919
0.7381334778945253,1.2476209735355728,0.0,-1.0699697916024595,0;0;-1.0699697916;0;0;0;0;0.0722725100502;0;0;0;0,53292.35583504381,0.005,188,3e-06,1.2619818359040902,,0.0004573594440235651,0.9495987000000241,0.044745499999976346,0.994348599999995,ok,same_stridge_core,Hx;H*Hxx,0.02993792109810628,0.9422277008938272
0.7761444461798113,1.3074678235286359,0.0,-0.9795610769383194,0;0;-0.979561076938;0;-0.252375637421;0;0;0.0841444717995;0;0;0;0,53205.70656055207,0.005,189,3e-06,1.4940028135211594,,0.0005201296273920865,0.29231020000000285,0.0422754000000225,0.3345926000000077,ok,same_stridge_core,Hx;Hxxx;H*Hxx,0.025,1.0151514544761908
0.7373248166614613,1.2025877734200088,0.0,-1.072217931531085,0;0;-1.07221793153;0;0;0;0;0.0719415470056;0;0;0;0,53354.520802243576,0.005,190,3e-06,1.2650790760547572,,0.0004602701888716166,0.9326498000000072,0.049252899999999045,0.9819081999999923,ok,same_stridge_core,Hx;H*Hxx,0.03001109307359307,0.9449519512412957
0.7516520935780817,1.6483670276096292,0.32770431321061066,-1.1056831346284668,0;0;-1.10568313463;0.327704313211;-0.21995162532;0;0;0;0;0;0;0,53130.67080843034,0.005,191,3e-06,1.4139164122552268,,0.0004502337240051075,0.9507670999999789,0.0443802000000062,0.995154800000023,ok,same_stridge_core,Hx;D_x^1.648367 H;Hxxx,0.02442208462332302,0.9357403749793537
0.7154772413359645,1.3508657057352875,0.1699938621477382,-1.2549492176745904,0;0;-1.25494921767;0.169993862148;0;0;0;0;-0.100844881061;0;0;0,53141.28181207376,0.005,192,3e-06,1.4470991748713429,,0.0004818790959429735,0.9218964000000085,0.04543580000000702,0.9673405000000059,ok,same_stridge_core,Hx;D_x^1.350866 H;H*Hxxx,0.015,0.9688276385626792
0.7554870432229318,1.0209434505912656,0.0,-0.9845759035225294,0.0202485601535;0;-0.984575903523;0;0.0480428099235;0;0;0.098711553862;0.238901914279;0;0;-0.0235560713217,53572.04793160561,0.005,193,3e-06,1.7743276478201728,,0.00033988758310322617,0.9280261999999766,0.04633530000000974,0.9743689999999958,ok,same_stridge_core,1;Hx;Hxxx;H*Hxx;H*Hxxx;H^2*Hxxx,0.01,0.8100307850512719
0.6927276267744665,1.9105351787175167,0.0,-1.1968329386503347,0;0;-1.19683293865;0;0.103376508097;0;0;0.0530553178019;0;0;0;0,61252.23953701914,0.005,194,3e-06,1.9545660506419151,,0.0010271208678809519,0.8978960000000029,0.05482420000001298,0.9527254999999855,ok,same_stridge_core,Hx;Hxxx;H*Hxx,0.02,1.4032958948087428
0.7138999639643702,1.3307387083442117,0.16323438811470506,-1.2628547385594617,0;0;-1.26285473856;0.163234388115;0;0;0;0;-0.107282527182;0;0;0,53171.2135551888,0.005,195,3e-06,1.4524130671746567,,0.0004864559897051249,0.29091379999999845,0.03664739999999256,0.32756539999999745,ok,same_stridge_core,Hx;D_x^1.330739 H;H*Hxxx,0.019440902545962747,0.9738721451779575
0.7519566254568989,1.7530940253144087,0.394372216443194,-1.075391409139343,0;0;-1.07539140914;0.394372216443;0;0;0;0;0;0;0;0,54398.547629884146,0.005,196,3e-06,1.2589369585868226,,0.00044999832160456927,0.9174724000000083,0.04245250000002443,0.9599332999999888,ok,same_stridge_core,Hx;D_x^1.753094 H,0.02440829971739026,0.9325456728075178
0.7267858793618398,1.2828005516552243,0.0900854020944442,-1.1850059111717124,0;0;-1.18500591117;0.0900854020944;-0.501202769936;0;0;0.0323217749826;0;0;0;0,53241.876037943286,0.005,197,3e-06,1.5631864860712412,,0.000438603574695479,0.5215643000000227,0.04888009999999099,0.570450099999988,ok,same_stridge_core,Hx;D_x^1.282801 H;Hxxx;H*Hxx,0.014572152535088109,0.9242839736159217
0.8060134267325333,1.6333724922415347,0.0,-0.8929428663113049,0;0;-0.892942866311;0;0;0;0;0.0964938943164;0;0;0;0,53065.48766683457,0.005,198,3e-06,1.5979468520225575,,0.0008124161495274118,0.9288369000000216,0.04172729999999092,0.9705730999999957,ok,same_stridge_core,Hx;H*Hxx,0.07025000000000002,1.27955392602155
0.7109047111151425,1.068378843405446,0.052600425781500044,-1.236057664840165,0;0;-1.23605766484;0.0526004257815;0;0;0;0.0324273672497;-0.110802889261;0;0;0,53520.43853000191,0.005,199,3e-06,1.63333317512493,,0.0004990281952002108,0.9324744999999837,0.03931989999998109,0.9718019000000027,ok,same_stridge_core,Hx;D_x^1.068379 H;H*Hxx;H*Hxxx,0.029369981325863676,0.991087912764907
0.7328847614442779,1.1686878916633745,0.0,-1.084622052543627,0;0;-1.08462205254;0;0;0;0;0.0701056355392;0;0;0;0,53399.238530943505,0.005,200,3e-06,1.2842816370208405,,0.00048026695464760074,0.9132609000000116,0.05036770000000956,0.9636370000000056,ok,same_stridge_core,Hx;H*Hxx,0.029369664657137414,0.9638862058351796
0.7331402741092719,1.6467586812030337,0.15266954428295101,-1.1131681456473783,0;0;-1.11316814565;0.152669544283;0;0;0;0.0355847422852;0;0;0;0,53122.81333461318,0.005,201,3e-06,1.4103607485234002,,0.00045216770174110116,0.9479298999999912,0.04686479999998028,0.9948009000000013,ok,same_stridge_core,Hx;D_x^1.646759 H;H*Hxx,0.024465234576508146,0.9322554285118816
0.7249148153984473,1.297859473382795,0.10208959831246245,-1.1963188140592336,0;0;-1.19631881406;0.102089598312;-0.516636833187;0;0;0.0277281054323;0;0;0;0,53219.85621539896,0.005,202,3e-06,1.5656141791162157,,0.00044191533689477697,0.9570685000000196,0.0629154000000085,1.019988899999987,ok,same_stridge_core,Hx;D_x^1.297859 H;Hxxx;H*Hxx,0.015,0.9269759045314281
0.7638331062296772,1.2628160412114473,0.0,-0.8595727882597078,0.106482979752;-0.0159595289917;-0.85957278826;0;4.22766607643;0;-0.0141352374694;0.00961223781276;-0.975092828925;0;0.00836022224274;0.0756481623236,53270.73596573528,0.005,203,3e-06,2.193524787359954,,0.0002959334496630362,0.9388615999999956,0.04073930000001269,0.979607499999986,ok,same_stridge_core,1;H;Hx;Hxxx;H*Hx;H*Hxx;H*Hxxx;H^2*Hxx;H^2*Hxxx,0.005,0.7552149162851015
0.7641121351261166,1.1902212181380492,0.0,-1.008778639252768,0;0;-1.00877863925;0;-0.202800964592;0;0;0.0803210702535;0;0;0;0,53371.04853860094,0.005,204,3e-06,1.4336287163854,,0.00046046313974676325,0.9076774000000114,0.046224499999993895,0.9539070999999808,ok,same_stridge_core,Hx;Hxxx;H*Hxx,0.024414154625712947,0.9532892795379915
0.7472089903586877,1.3182211770309653,0.05532923705746421,-1.048577184202116,0.0206467106875;0;-1.0485771842;0.0553292370575;0.57369301804;0;0;0.0775541179692;-0.0268163619301;0;0;0,53189.798576846435,0.005,205,3e-06,1.7680048164854045,,0.0003420081563385638,0.9316032000000121,0.06406450000000063,0.9956735000000094,ok,same_stridge_core,1;Hx;D_x^1.318221 H;Hxxx;H*Hxx;H*Hxxx,0.01,0.8105884421021685
0.7699778795166587,1.2854046700120931,0.0,-0.9944493319926404,0;0;-0.994449331993;0;-0.227048654663;0;0;0.0822112278944;0;0;0;0,53238.08344650445,0.005,206,3e-06,1.4592488659025045,,0.00048565574666584253,0.9191087000000095,0.04534929999999804,0.9645666000000119,ok,same_stridge_core,Hx;Hxxx;H*Hxx,0.04441176470588234,0.9801061148839643
0.7554680887585011,1.533724947476945,0.2855217497666489,-1.131191247765913,0;0;-1.13119124777;0.285521749767;-1.06714136527;0;0;0;0.105893309138;0;0;0,52931.73382665996,0.005,207,3e-06,1.6003489354568816,,0.0004811990499132894,0.9348631000000012,0.04601439999999002,0.9808830000000057,ok,same_stridge_core,Hx;D_x^1.533725 H;Hxxx;H*Hxxx,0.015,0.965168129536962
0.7293533536231165,1.3796306676515322,0.1196108457308134,-1.174310435992393,0;0;-1.17431043599;0.119610845731;-0.415316718478;0;0;0.0274832889632;0;0;0;0,53098.7909420784,0.005,208,3e-06,1.552963839071328,,0.0004316665413948987,0.947657300000003,0.04592139999999745,0.9935831999999891,ok,same_stridge_core,Hx;D_x^1.379631 H;Hxxx;H*Hxx,0.02440733069247001,0.9157783477663873
0.7448744336790876,1.4549452024385112,0.0866155330186808,-1.098902433708059,0;0;-1.09890243371;0.0866155330187;-0.280265323907;0;0;0.0473337837376;0;0;0;0,52996.01322707768,0.005,209,3e-06,1.538471336046408,,0.00041639740108780944,0.975977400000005,0.052325400000000855,1.0283151000000146,ok,same_stridge_core,Hx;D_x^1.454945 H;Hxxx;H*Hxx,0.02,0.9025191773214759
0.7182142891579454,1.7676835580737007,0.0,-1.126340275343681,0;0;-1.12634027534;0;0;0;0;0.0638112923363;0;0;0;0,54759.58621543173,0.005,210,3e-06,1.4015932647115465,,0.000598558312540793,0.9641678000000127,0.05406730000001403,1.0182423999999912,ok,same_stridge_core,Hx;H*Hxx,0.024938234065556043,1.0730357474189562
0.7587763722362175,1.2435647048896132,0.0,-1.0219562959265855,0;0;-1.02195629593;0;-0.18061410736;0;0;0.0785577437897;0;0;0;0,53298.07558369793,0.005,211,3e-06,1.4151469975503566,,0.0004445339355943813,0.9538745999999776,0.04722540000000208,1.001107200000007,ok,same_stridge_core,Hx;Hxxx;H*Hxx,0.02,0.9354643172970752
0.7173045261632778,1.211983241698742,0.13237430587248733,-1.2800573030692814,0;0;-1.28005730307;0.132374305872;0;0;0;0;-0.165020021629;0;0;0,53341.802412223034,0.005,212,3e-06,1.5325426053885232,,0.0005548018612898243,0.9329228,0.05080079999999043,0.983731999999975,ok,same_stridge_core,Hx;D_x^1.211983 H;H*Hxxx,0.02,1.0524663836785157
0.7196732058754762,1.1798943946298845,0.13419434786594303,-1.296680717154226,0;0;-1.29668071715;0.134194347866;-1.23006245433;0;0;0;0;0;0;0,53384.6620215238,0.005,213,3e-06,1.5308576988232216,,0.0005579266925033878,0.9217646000000173,0.05457240000001207,0.9763412000000073,ok,same_stridge_core,Hx;D_x^1.179894 H;Hxxx,0.01,1.0503957406295075
0.7716209040128998,1.232811803132508,0.0,-0.9904649320246026,0;0;-0.990464932025;0;-0.233813223379;0;0;0.0827316852811;0;0;0;0,53313.12737395682,0.005,214,3e-06,1.468631027884083,,0.0004940696258076121,0.9423778999999968,0.04434809999997924,0.9867313000000024,ok,same_stridge_core,Hx;Hxxx;H*Hxx,0.029386969663113445,0.9888128815184717
0.6897075374345438,1.2235008876667202,0.12407959820027605,-1.3387603181876904,0;0;-1.33876031819;0.1240795982;0;0;0;0;-0.121229523599;0;0;0,53326.02609402279,0.005,215,3e-06,1.5757525956975509,,0.0006262743114894075,0.5696591999999896,0.05034920000002785,0.6200137000000154,ok,same_stridge_core,Hx;D_x^1.223501 H;H*Hxxx,0.025,1.0958183608513459
0.7831487495864149,1.211983241698742,0.0,-0.9628667769984103,0;0;-0.962866776998;0;-0.280935404819;0;0;0.0862743665005;0;0;0;0,53341.802412223034,0.005,216,3e-06,1.54186220758677,,0.0005683309717440034,0.00154910000000541,0.04725559999999973,0.048810199999991255,ok,same_stridge_core,Hx;Hxxx;H*Hxx,0.040885989010989006,1.0617859858767629
0.7352484760145211,1.4255973512190838,0.11398692685897667,-1.143675108941717,0;0;-1.14367510894;0.113986926859;-0.337146638229;0;0;0.0340011473786;0;0;0;0,53033.66511825697,0.005,217,3e-06,1.5424908464913991,,0.0004218132596828071,0.9122826000000259,0.04704760000001329,0.9593354999999804,ok,same_stridge_core,Hx;D_x^1.425597 H;Hxxx;H*Hxx,0.014576122870800746,0.9060868650723154
0.7381334778945253,1.2653513440764268,0.0,-1.0699697916024595,0;0;-1.0699697916;0;0;0;0;0.0722725100502;0;0;0;0,53267.10014856757,0.005,218,3e-06,1.2618303017852326,,0.0004573594440235651,0.5300737000000026,0.048494000000005144,0.578573399999982,ok,same_stridge_core,Hx;H*Hxx,0.02943713377606935,0.9422277008938272
0.7284767141299053,1.4975361072980167,0.16538020820478616,-1.166649018922715,0;0;-1.16664901892;0.165380208205;-0.266996355324;0;0;0.0203017036524;0;0;0;0,52952.055599188396,0.005,219,3e-06,1.5626941263522895,,0.0004452123383851622,0.9053404999999941,0.05350239999998507,0.9588486000000103,ok,same_stridge_core,Hx;D_x^1.497536 H;Hxxx;H*Hxx,0.009949683951775217,0.9272694591620286
0.756247405092562,1.2439923519711962,0.0,-0.9820044233467369,0.0205321133492;0;-0.982004423347;0;0.068508265417;0;0;0.0994020989911;0.231804191676;0;0;-0.0227344016557,53297.47358210994,0.005,220,3e-06,1.7682172311312414,,0.0003388923091982336,0.9252342999999996,0.04774829999999497,0.9729874999999879,ok,same_stridge_core,1;Hx;Hxxx;H*Hxx;H*Hxxx;H^2*Hxxx,0.01,0.8088627066532625
0.7288396425740171,1.6483670276096292,0.2978234686277178,-1.1530005904076797,0;0;-1.15300059041;0.297823468628;0;0;0;0;0;0;0;0,53130.67080843034,0.005,221,3e-06,1.2995870519824921,,0.0005011524295787231,0.3055434000000048,0.04492339999998762,0.3504720999999904,ok,same_stridge_core,Hx;D_x^1.648367 H,0.049999999999999996,0.98080302713191
0.7803312160055107,1.574316551366412,0.0,-0.9695546440544084,0;0;-0.969554644054;0;-0.269473851553;0;0;0.085425971863;0;0;0;0,52941.01720978751,0.005,222,3e-06,1.518733791568624,,0.00054784496703703,0.9639662999999814,0.05042029999998476,1.0143942000000266,ok,same_stridge_core,Hx;Hxxx;H*Hxx,0.06878703703703705,1.0422646366805364
0.7396436870747047,1.5994474455377996,0.14738418957281252,-1.10764232875388,0;0;-1.10764232875;0.147384189573;-0.156185647958;0;0;0.0356933434259;0;0;0;0,52973.170870330825,0.005,223,3e-06,1.538342005118672,,0.00042058364883584875,0.29763220000000956,0.05147349999998596,0.3491123000000016,ok,same_stridge_core,Hx;D_x^1.599447 H;Hxxx;H*Hxx,0.015,0.9026639546747021
0.7199958128125314,1.4481339497907013,0.20289698929694971,-1.223056580728091,0;0;-1.22305658073;0.202896989297;0;0;0;0;-0.0704979533075;0;0;0,53004.34925499532,0.005,224,3e-06,1.4362282831226145,,0.000474795650866556,0.9525217000000055,0.04168099999998276,0.9942075999999815,ok,same_stridge_core,Hx;D_x^1.448134 H;H*Hxxx,0.020117230353420834,0.9591891398276567
0.7348304100283408,1.3312581317429704,0.08036582837835883,-1.1443272425667503,0;0;-1.14432724257;0.0803658283784;-0.396890707919;0;0;0.0410109656734;0;0;0;0,53170.44121106358,0.005,225,3e-06,1.54910814231709,,0.0004249707078018476,0.9658704,0.05092760000002272,1.0168024000000173,ok,same_stridge_core,Hx;D_x^1.331258 H;Hxxx;H*Hxx,0.015482281350336908,0.9110628477843269
0.7537076891148875,1.1524019564230499,0.0,-0.7935987758401284,0.159697463124;-0.0301928704637;-0.79359877584;0;3.60587167038;0;-0.0387868754832;0;-0.526323260731;0;0;0,53420.05251598636,0.005,226,3e-06,1.8682673575523432,,0.0004262664375724785,0.9809473999999909,0.04396769999999606,1.024924700000014,ok,same_stridge_core,1;H;Hx;Hxxx;H*Hx;H*Hxxx,0.015,0.9067064122645888
0.7267858793618398,1.149478960545577,0.0506279600382502,-1.1725334209540592,0;0;-1.17253342095;0.0506279600383;-0.507731761707;0;0;0.0440926285124;0;0;0;0,53423.741549380116,0.005,227,3e-06,1.5770742892087315,,0.0004483134936889253,0.5651480999999876,0.05103540000001772,0.6161922000000004,ok,same_stridge_core,Hx;D_x^1.149479 H;Hxxx;H*Hxx,0.015952380952380954,0.93598939061617
0.7587394379341308,1.21432494891553,0.0,-1.022047993056419,0;0;-1.02204799306;0;-0.180460102025;0;0;0.0785453892687;0;0;0;0,53338.61127555522,0.005,228,3e-06,1.415412415405279,,0.0004444480997968633,1.1505575999999849,0.05189079999999535,1.2024577999999906,ok,same_stridge_core,Hx;Hxxx;H*Hxx,0.02,0.935364913925282
0.7425848536727266,1.1047677974151908,0.0,-1.0576550393263768,0;0;-1.05765503933;0;0;0;0;0.074075654468;0;0;0;0,53478.39687832105,0.005,229,3e-06,1.252073949081205,,0.00044521793229295315,1.089067799999981,0.05087140000000545,1.1399496999999883,ok,same_stridge_core,Hx;H*Hxx,0.02,0.9312035678112787
0.7428638930152247,1.1672058015770626,0.0,-1.0568864687265922,0;0;-1.05688646873;0;0;0;0;0.0741876402064;0;0;0;0,53401.150840713126,0.005,230,3e-06,1.2511416418005141,,0.0004446708817602504,1.0634858000000236,0.055062599999985196,1.1185562000000004,ok,same_stridge_core,Hx;H*Hxx,0.02,0.9307347367562354
0.7151138126463712,1.4619871015043144,0.20165883984894287,-1.2311776103071492,0;0;-1.23117761031;0.201658839849;0;0;0;0;-0.0643170690058;0;0;0,52987.70616163042,0.005,231,3e-06,1.4617676489031275,,0.0005024452950909141,1.1742886000000112,0.04360339999999496,1.2179021999999975,ok,same_stridge_core,Hx;D_x^1.461987 H;H*Hxxx,0.02440733065937744,0.9848782934484537
0.7287082892031509,1.5026621608188093,0.16563036741504505,-1.1646828319639022,0;0;-1.16468283196;0.165630367415;-0.25883621691;0;0;0.0206770541609;0;0;0;0,52948.00862226952,0.005,232,3e-06,1.5625697304931205,,0.000445164069332897,1.157702999999998,0.058690500000011525,1.2164011999999786,ok,same_stridge_core,Hx;D_x^1.502662 H;Hxxx;H*Hxx,0.015,0.9271936270258863
0.7625639205837216,1.3246251618619431,0.0,-1.0125881510015573,0;0;-1.012588151;0;-0.196375809253;0;0;0.0798137647097;0;0;0;0,53180.297204778886,0.005,233,3e-06,1.4260514336035017,,0.0004551318859047352,1.2020360999999866,0.056507699999997385,1.2585519999999804,ok,same_stridge_core,Hx;Hxxx;H*Hxx,0.02441440648561391,0.9474287587604917
0.7033587014129323,1.1902212181380492,0.12198333686751976,-1.3146900581941012,0;0;-1.31469005819;0.121983336868;0;0;0;0;-0.155547614856;0;0;0,53371.04853860094,0.005,234,3e-06,1.5071412658767775,,0.0005350993877043183,0.30876980000002163,0.05804430000000593,0.36682270000000017,ok,same_stridge_core,Hx;D_x^1.190221 H;H*Hxxx,0.01494355530070376,1.026801829029369
0.7506042390365982,1.350515662673395,0.21008917732577415,-1.1978400082518468,0;0;-1.19784000825;0.210089177326;-1.78052569342;0;0;0;0.140227535926;0;0;0,53141.80199260769,0.005,235,3e-06,1.70437581264988,,0.0005863123435469078,1.0508160999999916,0.043775800000020126,1.094598899999994,ok,same_stridge_core,Hx;D_x^1.350516 H;Hxxx;H*Hxxx,0.02,1.0666741887385878
0.758657568045235,1.024606166499113,0.0,-1.0222512682564928,0;0;-1.02225126826;0;-0.180118707617;0;0;0.0785180011585;0;0;0;0,53568.188340142144,0.005,236,3e-06,1.417259775384661,,0.0004442590920865903,0.5519822999999917,0.04250959999998827,0.594496399999997,ok,same_stridge_core,Hx;Hxxx;H*Hxx,0.02,0.9351460803233815
0.7464056486741368,1.2008176870378402,0.03165459913031859,-1.0433733180735527,0.0206249342428;0;-1.04337331807;0.0316545991303;0.642113787141;0;0;0.0838464515194;-0.0386491070651;0;0;0,53356.90134860334,0.005,237,3e-06,1.7799286962611096,,0.00034811837911647635,0.9502555999999913,0.05945100000002412,1.009716400000002,ok,same_stridge_core,1;Hx;D_x^1.200818 H;Hxxx;H*Hxx;H*Hxxx,0.01,0.8195044719862496
0.7293533536231165,1.0225358841835885,0.0,-1.094560968500504,0;0;-1.0945609685;0;0;0;0;0.0686226954674;0;0;0;0,53570.37254588936,0.005,238,3e-06,1.3051469274453575,,0.0005011910700002607,0.5506141999999841,0.05802309999998556,0.6086429000000066,ok,same_stridge_core,Hx;H*Hxx,0.016359944930353098,0.9837246921700215
0.7328644159694347,1.4362995093158568,0.23003364984906494,-1.1836640459193888,0;0;-1.18366404592;0.230033649849;0;0;0;0;0;0;0;0,53019.445750459294,0.005,239,3e-06,1.328781954938766,,0.0005340069311981478,0.9766328999999985,0.04713230000001545,1.0237752999999827,ok,same_stridge_core,Hx;D_x^1.4363 H,0.045,1.0106652804360103
0.7368427051037237,1.2881717080187585,0.0,-1.0735598531576405,0;0;-1.07355985316;0;0;0;0;0.0717437331176;0;0;0;0,53234.04630041294,0.005,240,3e-06,1.2660865970635529,,0.0004621110005199726,0.9528284999999812,0.04858179999999379,1.0014190999999926,ok,same_stridge_core,Hx;H*Hxx,0.02991972840504586,0.9466823192610753
0.7677546905692256,1.2590498934604222,0.0,-0.999861027019811,0;0;-0.99986102702;0;-0.217876211304;0;0;0.081500746479;0;0;0;0,53276.12208511688,0.005,241,3e-06,1.448611211587887,,0.0004752000681083786,0.31087850000000117,0.03631169999999884,0.34719690000000014,ok,same_stridge_core,Hx;Hxxx;H*Hxx,0.025,0.9691261128218351
0.7387974204344677,1.6100327862954544,0.14998693130289978,-1.1084594743405942,0;0;-1.10845947434;0.149986931303;-0.142936785731;0;0;0.0353539803865;0;0;0;0,52995.013548103096,0.005,242,3e-06,1.5413981274762525,,0.0004235725553264963,0.3649645999999791,0.043130800000000136,0.4081046000000015,ok,same_stridge_core,Hx;D_x^1.610033 H;Hxxx;H*Hxx,0.014471106605862325,0.9054579648990153
0.761958530820915,1.3436949430204734,0.0,-1.01408089190456,0;0;-1.0140808919;0;-0.193860676027;0;0;0.0796144337353;0;0;0;0,53151.94312989645,0.005,243,3e-06,1.4236537760735977,,0.00045320267221110166,0.8949072000000058,0.04621979999998871,0.9411340999999993,ok,same_stridge_core,Hx;Hxxx;H*Hxx,0.019963976034858395,0.9452862879045297
0.7485005269002571,1.3676811798231374,0.21398807483076684,-1.1961446265023197,0;0;-1.1961446265;0.213988074831;-1.62863557237;0;0;0;0.127497138471;0;0;0,53116.36237839364,0.005,244,3e-06,1.671386968721389,,0.000550877094769432,0.5554837999999904,0.044457599999986996,0.5999467999999979,ok,same_stridge_core,Hx;D_x^1.367681 H;Hxxx;H*Hxxx,0.019493785414218857,1.0339906201806652
0.7847820918835132,1.2666671895758217,-0.037501962007331004,-0.8575592152814406,0.0288813992249;0;-0.857559215281;-0.0375019620073;0.91867254786;0;0;0.135437815839;0.0193289672668;0;0;0,53265.210152690226,0.005,245,3e-06,1.7822488424167777,,0.00035040931446620333,0.9759000999999898,0.041503399999982094,1.017413299999987,ok,same_stridge_core,1;Hx;D_x^1.266667 H;Hxxx;H*Hxx;H*Hxxx,0.024047619047619068,0.8234750596683538
0.7831487495864149,1.2634276005086242,-0.03427000506391464,-0.8649660302937112,0.028530240411;0;-0.864966030294;-0.0342700050639;0.909702186386;0;0;0.133276589833;0.0170384765372;0;0;0,53269.859532499635,0.005,246,3e-06,1.7793599984617945,,0.0003479652116251038,0.6157068999999922,0.04102530000000115,0.6567383999999947,ok,same_stridge_core,1;Hx;D_x^1.263428 H;Hxxx;H*Hxx;H*Hxxx,0.024047619047619068,0.8205025268768009
0.7483159597667978,1.948150516787678,0.0,-1.0481902320341308,0;0;-1.04819023203;0;-0.136767627407;0;0;0.074977357977;0;0;0;0,62402.72824098354,0.005,247,3e-06,1.4837544766585977,,0.00043463259758720266,0.9885093999999981,0.05388730000001374,1.0424058999999772,ok,same_stridge_core,Hx;Hxxx;H*Hxx,0.015,0.9221299224897459
0.7381334778945253,1.1142528563457055,0.0,-1.069969791602458,0;0;-1.0699697916;0;0;0;0;0.0722725100502;0;0;0;0,53467.08027819523,0.005,248,3e-06,1.2630301825629993,,0.0004573594440235651,0.6114733999999942,0.05704119999998625,0.668521400000003,ok,same_stridge_core,Hx;H*Hxx,0.030000000000000002,0.9422277008938278
0.7430488179085113,1.2085847023202094,0.0,-1.056377346364667,0;0;-1.05637734636;0;0;0;0;0.0742617857059;0;0;0;0,53346.41875399269,0.005,249,3e-06,1.2505168879974509,,0.0004443218851202507,1.0908568000000116,0.04520959999999263,1.1360749000000112,ok,same_stridge_core,Hx;H*Hxx,0.02,0.9304383754734947
0.7545259227017648,1.4502111076233521,0.3098213644609364,-1.142973834073471,0.0182398090656;0;-1.14297383407;0.309821364461;0;0;0;0;0;0;0;0,53001.77771870021,0.005,250,3e-06,1.4703611661224048,,0.0005154171301364671,0.9749853000000144,0.04624349999997435,1.021236899999991,ok,same_stridge_core,1;Hx;D_x^1.450211 H,0.015,0.9933451666541029
0.73604429954823,1.2480162190619413,0.0,-1.0757848033766306,0;0;-1.07578480338;0;0;0;0;0.0714153192602;0;0;0;0,53291.79722864553,0.005,251,3e-06,1.2694733651508732,,0.0004653346001067692,0.9810132000000067,0.05356159999999477,1.0345814000000075,ok,same_stridge_core,Hx;H*Hxx,0.0254502692174622,0.9497225817789999
0.7258987014854024,1.5376368710161439,0.18070636609024796,-1.1678117570002844,0;0;-1.167811757;0.18070636609;-0.200877311187;0;0;0.0179343638871;0;0;0;0,52930.88860321686,0.005,252,3e-06,1.5832835833262295,,0.0004667551658421835,1.007520999999997,0.04697129999999561,1.0545031999999992,ok,same_stridge_core,Hx;D_x^1.537637 H;Hxxx;H*Hxx,0.010917084972640528,0.9481129200876273
0.7062373952669332,1.2636519196014215,0.1410325128572649,-1.2939491877171478,0;0;-1.29394918772;0.141032512857;0;0;0;0;-0.126627499366;0;0;0,53269.53794727451,0.005,253,3e-06,1.4782811650994536,,0.0005114359953781643,1.0103844000000208,0.058066100000019105,1.0684600999999816,ok,same_stridge_core,Hx;D_x^1.263652 H;H*Hxxx,0.015,0.9988553235739829
0.7524459873178351,1.4294020150827984,0.22770548063006027,-1.1558286250881669,0;0;-1.15582862509;0.22770548063;0;0;0;0;-0.0944706516364;0;0;0,53028.55490502021,0.005,254,3e-06,1.573277544337166,,0.0006055477646223486,0.9593686000000048,0.044383799999991425,1.0037623999999994,ok,same_stridge_core,Hx;D_x^1.429402 H;H*Hxxx,0.02,1.0960205501919842
0.76064999851741,1.9355322737288576,1.0907906034734691,-0.9053993243473759,0.0385499680136;-0.00282695605188;-0.905399324347;1.09079060347;5.88784339429;0;-0.00977473575363;-0.29386638757;-1.57382854768;0;0.0308449888449;0.130442450136,62127.66209104961,0.005,255,3e-06,2.588996532755123,,0.0002701573530477966,1.0008248999999978,0.037859099999991486,1.0386895000000038,ok,same_stridge_core,1;H;Hx;D_x^1.935532 H;Hxxx;H*Hx;H*Hxx;H*Hxxx;H^2*Hxx;H^2*Hxxx,0.005,0.7251666700236347
0.7427731066252106,1.048173331661884,0.0,-1.0623084668644331,0;0;-1.06230846686;0;-0.113349984853;0;0;0.0730127818392;0;0;0;0,53542.85637442828,0.005,256,3e-06,1.4100671515509797,,0.00044195543896864367,0.9983787000000177,0.05010499999997364,1.0484924999999805,ok,same_stridge_core,Hx;Hxxx;H*Hxx,0.015898589912155325,0.9281814441811252
0.7267858793618398,1.7793290254114353,0.0,-1.1018279217288305,0;0;-1.10182792173;0;0;0;0;0.0675317941493;0;0;0;0,55095.003573982096,0.005,257,3e-06,1.331338287576199,,0.0005193117514997458,0.5633242000000109,0.04148710000001188,0.6048195999999848,ok,same_stridge_core,Hx;H*Hxx,0.029444137919693476,1.0007682661323065
0.6929618493454289,1.6723343186150048,0.22195640599793937,-1.2487355840863057,0;0;-1.24873558409;0.221956405998;0;0;0;0;-0.0383190321245;0;0;0,53276.756729571345,0.005,258,3e-06,1.8773330184983696,,0.001002679504009307,1.0125922000000003,0.039336700000006886,1.0519376000000022,ok,same_stridge_core,Hx;D_x^1.672334 H;H*Hxxx,0.025,1.3978422079322275
0.7425848536727266,1.2864447489557582,0.0,-1.0576550393263768,0;0;-1.05765503933;0;0;0;0;0.074075654468;0;0;0;0,53236.56692270189,0.005,259,3e-06,1.25062296934749,,0.00044521793229295315,0.6087573000000077,0.04702219999998647,0.6557875999999965,ok,same_stridge_core,Hx;H*Hxx,0.01994471258588906,0.9312035678112786
0.7611987665698905,1.215451642523471,0.0,-1.0159567757378218,0;0;-1.01595677574;0;-0.19070194804;0;0;0.0793635031169;0;0;0;0,53337.07273774046,0.005,260,3e-06,1.4227521779998444,,0.000450906736922204,0.9738691999999958,0.042664599999994834,1.0165425000000141,ok,same_stridge_core,Hx;Hxxx;H*Hxx,0.02092852564102565,0.9427185233601802
0.724997293706529,1.4036387135879176,0.21177054618098842,-1.2078748348342478,0;0;-1.20787483483;0.211770546181;0;0;0;0;0;0;0;0,53064.13105614101,0.005,261,3e-06,1.3340494234967617,,0.0005441299290340248,0.9745256000000211,0.03669949999999744,1.0112327999999877,ok,same_stridge_core,Hx;D_x^1.403639 H,0.045,1.0156646371599156
0.7619786744934572,1.6254598683444204,0.3322154936430669,-1.0838571873163145,0;0;-1.08385718732;0.332215493643;0;0;0;0;-0.0309695485906;0;0;0,53037.76568885706,0.005,262,3e-06,1.4687935674187333,,0.0005022919006806448,0.3130986999999834,0.0430862999999988,0.3561941000000104,ok,same_stridge_core,Hx;D_x^1.62546 H;H*Hxxx,0.025,0.9914536762190198
0.7440136003077291,1.2190175645716328,0.04372603143229445,-1.0631410270122303,0.0194288473195;0;-1.06314102701;0.0437260314323;0.328582046369;0;0;0.0777057582514;0;0;0;0,53332.191126700905,0.005,263,3e-06,1.6231691559298234,,0.0003528801173141132,1.0143477000000019,0.04686490000000276,1.0612221999999747,ok,same_stridge_core,1;Hx;D_x^1.219018 H;Hxxx;H*Hxx,0.015,0.8231862890293098
0.7332066692251865,1.1902212181380492,0.0,-1.083719301983672,0;0;-1.08371930198;0;0;0;0;0.0702398089361;0;0;0;0,53371.04853860094,0.005,264,3e-06,1.282513990351831,,0.0004785843777306145,0.2968904999999893,0.047203400000000784,0.3441015999999877,ok,same_stridge_core,Hx;H*Hxx,0.029369851644361445,0.9622876991202253
0.7356944813453499,1.181277726651363,0.052556720604729094,-1.1061711466461377,0.0172847258197;0;-1.10617114665;0.0525567206047;0.158240409625;0;0;0.0674846870977;0;0;0;0,53382.848498902895,0.005,265,3e-06,1.6471797980707552,,0.0003733435068750993,0.9482763999999975,0.05079430000000684,0.9990789000000007,ok,same_stridge_core,1;Hx;D_x^1.181278 H;Hxxx;H*Hxx,0.01,0.8464370705872118
0.7476806653537676,1.6739565725872108,0.15370846325981558,-1.069572919396739,0;0;-1.0695729194;0.15370846326;0;0;0;0.0425482364864;0;0;0;0,53288.83987119524,0.005,266,3e-06,1.3756117043812623,,0.0004142502353898895,0.9765129999999829,0.052995899999984886,1.0295177999999794,ok,same_stridge_core,Hx;D_x^1.673957 H;H*Hxx,0.02,0.8960121455405052
0.757280426961178,1.060588477362462,0.0,-0.9750874441571171,0.02239175715;0;-0.975087444157;0;0.882012410961;0;0;0.103233803483;-0.0357943718533;0;0;0,53529.15936901531,0.005,267,3e-06,1.6122729226309664,,0.0003393957658205525,1.0149475000000052,0.057227499999982,1.0721824999999967,ok,same_stridge_core,1;Hx;Hxxx;H*Hxx;H*Hxxx,0.015,0.8093355320957368
0.706322020706279,1.5809571572483359,0.22380525568865753,-1.2283941913725915,0;0;-1.22839419137;0.223805255689;0;0;0;0;-0.0403254435842;0;0;0,52947.13765022553,0.005,268,3e-06,1.614207966647939,,0.0006693866997919063,1.0271133000000248,0.03925340000000688,1.0663767000000064,ok,same_stridge_core,Hx;D_x^1.580957 H;H*Hxxx,0.019441438845804338,1.137683727795909
0.667750977739342,1.057225957117828,0.11615744549110996,-1.4744778960734408,0;0;-1.47447789607;0.116157445491;0;0;0;-0.0219350583755;-0.233248612208;0;0;0,53532.893370185004,0.005,269,3e-06,1.9015067019160905,,0.000810280831066518,0.9766131000000087,0.058005400000013196,1.0346270000000004,ok,same_stridge_core,Hx;D_x^1.057226 H;H*Hxx;H*Hxxx,0.015,1.2591119814738705
0.7263218871274406,1.9696127904083314,0.0,-1.0743611089924971,0.0143220768541;0;-1.07436110899;0;0.788260110864;0;0;0;-0.0379973389643;0;0.0101846060873;0,62601.94375163742,0.005,270,3e-06,1.8821452064737092,,0.0004530826533742056,0.9713538999999969,0.05620899999999551,1.0275701000000197,ok,same_stridge_core,1;Hx;Hxxx;H*Hxxx;H^2*Hxx,0.007173913043478259,0.943116050199148
0.6773207558541842,1.0105441387974856,0.08128076449554367,-1.4030132697100233,0;0;-1.40301326971;0.0812807644955;0;0;0;0;-0.192039950089;0;0;0,53582.893950775324,0.005,271,3e-06,1.6753406838540061,,0.0007270117144998031,0.9752649000000133,0.055145900000013626,1.030422399999992,ok,same_stridge_core,Hx;D_x^1.010544 H;H*Hxxx,0.035,1.1930946382970282
0.7335434732694543,1.0783105729506097,0.0,-1.08277534859593,0;0;-1.0827753486;0;0;0;0;0.0703800106847;0;0;0;0,53509.17870783648,0.005,272,3e-06,1.2817079389350603,,0.00047686339795843005,0.9702218000000187,0.044754500000010466,1.0149865000000204,ok,same_stridge_core,Hx;H*Hxx,0.0399819066515495,0.9606528666880414
0.8013045229189317,1.4327674363487728,-0.05518728802298817,-0.813335293351912,0.0340480329926;0;-0.813335293352;-0.055187288023;0.657716239365;0;0;0.149963801429;0.0746508828228;0;0;0,53024.0843244551,0.005,273,3e-06,1.852447370967901,,0.00041475546643099967,0.9742220999999915,0.04210480000000416,1.0163351000000205,ok,same_stridge_core,1;Hx;D_x^1.432767 H;Hxxx;H*Hxx;H*Hxxx,0.01,0.8980138531277091
0.7265396146301405,1.159542019220142,0.05343644329021007,-1.1749057733308974,0;0;-1.17490577333;0.0534364432902;-0.512830535463;0;0;0.043004524714;0;0;0;0,53410.98130267887,0.005,274,3e-06,1.576451188132669,,0.0004479656443416795,0.9520468999999991,0.04184450000002471,0.9939018999999973,ok,same_stridge_core,Hx;D_x^1.159542 H;Hxxx;H*Hxx,0.02,0.9355194125005225
0.7338532143821876,1.2875350001160553,0.06926971974053191,-1.14676392314213,0;0;-1.14676392314;0.0692697197405;-0.418016113128;0;0;0.0431880659897;0;0;0;0,53234.975928806074,0.005,275,3e-06,1.5537685765945097,,0.00042827363169892956,0.9691903000000082,0.052894100000003164,1.0220907000000068,ok,same_stridge_core,Hx;D_x^1.287535 H;Hxxx;H*Hxx,0.015,0.9149488654488368
0.7831487495864149,1.0274816497523078,0.0,-0.9628667769984106,0;0;-0.962866776998;0;-0.280935404819;0;0;0.0862743665005;0;0;0;0,53565.14386852789,0.005,276,3e-06,1.543872280693514,,0.0005683309717440033,0.5533241999999916,0.04307840000001306,0.5964130000000125,ok,same_stridge_core,Hx;Hxxx;H*Hxx,0.03456071428571429,1.0617859858767629
0.77069924076995,1.919528730989121,0.34105821976213946,-0.9922869981038066,0;0;-0.992286998104;0.341058219762;-0.0930717186921;0;0;0.0341391850056;0;0;0;0,61613.93289276737,0.005,277,3e-06,1.640308510796065,,0.00042053981282703695,0.5221599999999853,0.03917699999999513,0.561343700000009,ok,same_stridge_core,Hx;D_x^1.919529 H;Hxxx;H*Hxx,0.025,0.9009413160828567
0.797767823150128,1.3018850009095808,-0.06439302220116772,-0.8016355787356101,0.0317948371669;0;-0.801635578736;-0.0643930222012;0.962266155429;0;0;0.152444571698;0.0387103012762;0;0;0,53213.9364240558,0.005,278,3e-06,1.8153625158015085,,0.00037903000802768077,1.000841300000019,0.03884289999999169,1.039694400000002,ok,same_stridge_core,1;Hx;D_x^1.301885 H;Hxxx;H*Hxx;H*Hxxx,0.027100000000000006,0.8575116601685041
0.7430488179085113,1.2689407772869703,0.0,-1.0563773463646662,0;0;-1.05637734636;0;0;0;0;0.0742617857059;0;0;0;0,53261.9395636214,0.005,279,3e-06,1.2500100128552232,,0.0004443218851202507,0.5616952999999967,0.0494482000000005,0.6111492999999939,ok,same_stridge_core,Hx;H*Hxx,0.02,0.9304383754734948
0.7126504504027229,1.2992817878140337,0.15385874634371322,-1.272412024195667,0;0;-1.2724120242;0.153858746344;0;0;0;0;-0.118916109895;0;0;0,53217.766156930054,0.005,280,3e-06,1.4610757162350518,,0.0004930997391549489,0.9630477000000042,0.04148399999999697,1.0045554999999808,ok,same_stridge_core,Hx;D_x^1.299282 H;H*Hxxx,0.025,0.9821158208226815
0.7399245456428831,1.4996645199668985,0.12214201931901907,-1.1188206863682228,0;0;-1.11882068637;0.122142019319;-0.256848266992;0;0;0.0370699316847;0;0;0;0,52950.335512306854,0.005,281,3e-06,1.535533253490335,,0.00041636564081522475,0.9485907000000111,0.04139299999999935,0.9899910999999975,ok,same_stridge_core,Hx;D_x^1.499665 H;Hxxx;H*Hxx,0.01944081791048276,0.9001292273426528
0.7154772413359645,1.5693101251488695,0.2353209194023202,-1.20792826625036,0;0;-1.20792826625;0.235320919402;0;0;0;0;-0.0419394886267;0;0;0,52937.392571894314,0.005,282,3e-06,1.5108877205316877,,0.0005537495801650412,0.5556763999999816,0.04948679999998262,0.6051681000000144,ok,same_stridge_core,Hx;D_x^1.56931 H;H*Hxxx,0.02,1.034451187384639
0.7147953786700684,1.2477149614800815,0.14107272227786116,-1.2785100687909703,0;0;-1.27851006879;0.141072722278;0;0;0;0;-0.144453505712;0;0;0,53292.22308855395,0.005,283,3e-06,1.490200843929642,,0.0005159609267195568,0.9784779000000015,0.06235769999997842,1.0408425999999906,ok,same_stridge_core,Hx;D_x^1.247715 H;H*Hxxx,0.015,1.0105708361326564
0.7438061566285314,1.4481339497907013,0.08819765942418947,-1.1035702613601317,0;0;-1.10357026136;0.0881976594242;-0.286844426707;0;0;0.0462057514529;0;0;0;0,53004.34925499532,0.005,284,3e-06,1.5383854863595017,,0.0004163981645985818,0.3190360000000112,0.04877590000000964,0.36781890000000317,ok,same_stridge_core,Hx;D_x^1.448134 H;Hxxx;H*Hxx,0.020491013071895454,0.9023332952995577
0.7542882441079286,1.4597215852645666,0.24347202880356236,-1.1532643563720362,0;0;-1.15326435637;0.243472028804;-0.669407406621;0;0;0;0;0;0;0,52990.34208848828,0.005,285,3e-06,1.5046141171615761,,0.0005368330211149536,0.9790734000000043,0.038217900000006466,1.0173027999999817,ok,same_stridge_core,Hx;D_x^1.459722 H;Hxxx,0.035,1.0277010383651815
0.7212467927269123,1.7530940253144087,0.07370708882851508,-1.1321997523033003,0;0;-1.1321997523;0.0737070888285;0;0;0;0.0489116640431;-0.0250919678069;0;0;0,54398.547629884146,0.005,286,3e-06,1.6897921961183222,,0.0005561355706388925,0.29746430000000146,0.048665800000009085,0.34613510000002634,ok,same_stridge_core,Hx;D_x^1.753094 H;H*Hxx;H*Hxxx,0.015,1.0370096245597125
0.736135254771169,1.141788386649194,0.0386711185764755,-1.0213503979422198,0.0912441105397;-0.0144276896168;-1.02135039794;0.0386711185765;2.65403762779;0;-0.0102593745759;-0.0450689720222;-0.638837052306;0;0.0111093036444;0.0505428715039,53433.37975004984,0.005,287,3e-06,2.399696309194466,,0.00032873919992406074,0.9200830999999994,0.039296600000000126,0.9593868000000043,ok,same_stridge_core,1;H;Hx;D_x^1.141788 H;Hxxx;H*Hx;H*Hxx;H*Hxxx;H^2*Hxx;H^2*Hxxx,0.005,0.7966949166929712
0.7647808305311363,1.3992838427656686,0.0,-1.0071368008638315,0;0;-1.00713680086;0;-0.205572711765;0;0;0.0805390913966;0;0;0;0,53070.33358093054,0.005,288,3e-06,1.4336186265169681,,0.00046294020231537074,0.9573732000000064,0.042105199999980414,0.9994914999999764,ok,same_stridge_core,Hx;Hxxx;H*Hxx,0.024625730994152044,0.9559856242885933
0.74300873850853,1.0796342132003298,0.0,-1.061705200739629,0;0;-1.06170520074;0;-0.114348030035;0;0;0.0730972552388;0;0;0;0,53507.66589142706,0.005,289,3e-06,1.4092964110966657,,0.00044145467562842943,0.9457998999999973,0.04558579999999779,0.9913942999999961,ok,same_stridge_core,Hx;Hxxx;H*Hxx,0.016363636363636358,0.9277274180738221
0.7621708871358505,1.3821246027950687,0.0,-1.0135570758344066,0;0;-1.01355707583;0;-0.194743140629;0;0;0.0796844172419;0;0;0;0,53095.14486298744,0.005,290,3e-06,1.423884403336428,,0.0004538694351981114,0.9671339000000216,0.04794580000000792,1.0150907000000018,ok,same_stridge_core,Hx;Hxxx;H*Hxx,0.027100000000000006,0.946028099569541
0.7206923625356875,1.3554518956077077,0.1233045520661201,-1.2058598040065838,0;0;-1.20585980401;0.123304552066;0;0;0;0.0202335090297;-0.0739497335177;0;0;0,53134.47085023852,0.005,291,3e-06,1.5797031235654702,,0.00045602780303262853,0.9704739000000018,0.05751610000001506,1.0279947999999877,ok,same_stridge_core,Hx;D_x^1.355452 H;H*Hxx;H*Hxxx,0.014566416040100243,0.942089473362608
0.7201440011149266,1.6254598683444204,0.27365982748532464,-1.178749053329819,0;0;-1.17874905333;0.273659827485;0;0;0;0;0;0;0;0,53037.76568885706,0.005,292,3e-06,1.3484219397652675,,0.0005543774088019668,0.30809690000000955,0.03500619999999799,0.34311139999999796,ok,same_stridge_core,Hx;D_x^1.62546 H,0.09900000000000003,1.0301953456321251
0.7625639205837216,1.329986695097119,0.0,-1.0125881510015573,0;0;-1.012588151;0;-0.196375809253;0;0;0.0798137647097;0;0;0;0,53172.33152139312,0.005,293,3e-06,1.4259797424530298,,0.0004551318859047352,0.6411812999999995,0.04096849999996266,0.6821601000000044,ok,same_stridge_core,Hx;Hxxx;H*Hxx,0.024414139924975826,0.9474287587604917
0.7356034481440437,1.514154676421351,0.1424543743506822,-1.1346946566099112,0;0;-1.13469465661;0.142454374351;-0.241961303253;0;0;0.030547229375;0;0;0;0,52940.21004668203,0.005,294,3e-06,1.542194296690134,,0.00042420413971075465,0.9818917000000056,0.04567680000002383,1.0275755000000117,ok,same_stridge_core,Hx;D_x^1.514155 H;Hxxx;H*Hxx,0.015,0.9069117761299499
0.7220039369518416,1.7951091181923373,0.0,-1.1154550570188309,0;0;-1.11545505702;0;0;0;0;0.0654711662829;0;0;0;0,55622.34128661638,0.005,295,3e-06,1.3719721429422451,,0.0005598644742045688,0.9615635000000111,0.039654299999995146,1.0012237000000255,ok,same_stridge_core,Hx;H*Hxx,0.06083333333333332,1.0382380952225467
0.685775983711006,1.3090670838288776,0.13836771627590608,-1.3302230775202333,0;0;-1.33022307752;0.138367716276;0;0;0;0;-0.0859618228385;0;0;0,53203.345037951956,0.005,296,3e-06,1.6749841224218889,,0.0007520591771604428,0.9763505999999893,0.04865999999998394,1.025015900000028,ok,same_stridge_core,Hx;D_x^1.309067 H;H*Hxxx,0.030000000000000002,1.1961540170803213
0.7317636241468943,1.824699415092389,0.0,-1.0877703700439647,0;0;-1.08777037004;0;0;0;0;0.0696370291609;0;0;0;0,56848.16987597303,0.005,297,3e-06,1.3108173103932124,,0.00048641760746474973,0.9611481000000026,0.044078600000034385,1.005235099999993,ok,same_stridge_core,Hx;H*Hxx,0.02943425418514121,0.9697282911373742
0.7480432249916547,1.086757754289129,0.03710570084274178,-0.9084553194629672,0.140153843231;-0.0256423936978;-0.908455319463;0.0371057008427;2.41109279604;0;-0.0296750448771;0;-0.36677052972;0;0;0,53499.47558334476,0.005,298,3e-06,1.977660098110427,,0.00037812031137489865,0.9593262999999865,0.04171089999999822,1.0010429999999815,ok,same_stridge_core,1;H;Hx;D_x^1.086758 H;Hxxx;H*Hx;H*Hxxx,0.011267942583732047,0.8541711108601872
0.7646034793859775,1.4087220742928337,0.0,-1.0075720404031254,0;0;-1.0075720404;0;-0.204837738319;0;0;0.0804813331459;0;0;0;0,53056.94991723127,0.005,299,3e-06,1.4327735460031694,,0.0004622731027036987,0.9627626999999848,0.03999399999997877,1.0027647999999658,ok,same_stridge_core,Hx;Hxxx;H*Hxx,0.025,0.955260996748088
0.7337054298530503,1.568948312736353,0.158206379861156,-1.132305787898349,0;0;-1.1323057879;0.158206379861;-0.171138783745;0;0;0.02896408289;0;0;0;0,52937.161932358926,0.005,300,3e-06,1.5529493439932458,,0.00043583393152596433,0.9698962999999594,0.041816400000016074,1.0117192999999816,ok,same_stridge_core,Hx;D_x^1.568948 H;Hxxx;H*Hxx,0.019440733069247,0.9177034008049387
0.7622749619593374,1.131628308229396,0.0,-1.0133004302193849,0;0;-1.01330043022;0;-0.195175512602;0;0;0.0797186918084;0;0;0;0,53445.961762594496,0.005,301,3e-06,1.4274092852780191,,0.0004542001889353303,0.93623359999998,0.04441830000001801,0.9806558000000223,ok,same_stridge_core,Hx;Hxxx;H*Hxx,0.024408126525463984,0.9463956294146687
0.7414930595128199,1.2812841448748273,0.0,-1.0606660432340769,0;0;-1.06066604323;0;0;0;0;0.0736363128212;0;0;0;0,53244.0812980804,0.005,302,3e-06,1.2527529871611036,,0.0004475979590449093,0.9679267000000209,0.05107479999998077,1.0190056999999797,ok,same_stridge_core,Hx;H*Hxx,0.021000000000000005,0.9332884993726213
0.7456829163553098,1.2001142736461785,0.0328956879820026,-1.047111599718967,0.0204663610593;0;-1.04711159972;0.032895687982;0.635734089154;0;0;0.0828388335953;-0.0398345134599;0;0;0,53357.846126833145,0.005,303,3e-06,1.7812022512800523,,0.00034919398062981723,0.968341799999962,0.057308900000009544,1.025659399999995,ok,same_stridge_core,1;Hx;D_x^1.200114 H;Hxxx;H*Hxx;H*Hxxx,0.01,0.8207610209970556
0.7489185617810123,1.213320152329898,0.16175246229616486,-1.2402436019777787,0;0;-1.24024360198;0.161752462296;-2.21879440766;0;0;0;0.128475047147;0;0;0,53339.98157342912,0.005,304,3e-06,1.8921143485109801,,0.0008020597842288085,0.9557087000000024,0.060183999999992466,1.015899300000001,ok,same_stridge_core,Hx;D_x^1.21332 H;Hxxx;H*Hxxx,0.021620529100529102,1.2520345696298307
0.743945197762562,1.2723006199090823,0.0,-1.0539119804375006,0;0;-1.05391198044;0;0;0;0;0.0746204205308;0;0;0;0,53257.09541331866,0.005,305,3e-06,1.2487053092794282,,0.0004427836757574953,0.9723705000000109,0.0473524000000225,1.0197310000000357,ok,same_stridge_core,Hx;H*Hxx,0.02,0.9291627367995163
0.7441016698947285,1.265438413907772,0.0,-1.0534820499599051,0;0;-1.05348204996;0;0;0;0;0.074682895504;0;0;0;0,53266.97523052034,0.005,306,3e-06,1.2485693270400513,,0.0004425409749360985,0.9376912999999831,0.04603229999997893,0.9837307999999894,ok,same_stridge_core,Hx;H*Hxx,0.02,0.9289674756569293
0.77069924076995,1.032936826239962,0.0,-0.9926984259654966,0;0;-0.992698425965;0;-0.230020031927;0;0;0.0824402156143;0;0;0;0,53559.33304805451,0.005,307,3e-06,1.4659027643171827,,0.0004892789420431552,0.5701697000000081,0.04461199999997234,0.6147902000000158,ok,same_stridge_core,Hx;Hxxx;H*Hxx,0.03942343304843305,0.983868766884692
0.7685617318073901,1.2653513440764268,0.0,-0.997893805196245,0;0;-0.997893805196;0;-0.22120842746;0;0;0.0817594919512;0;0;0;0,53267.10014856757,0.005,308,3e-06,1.452405856878721,,0.0004788702451706716,0.311866499999951,0.046529099999986556,0.3584013999999911,ok,same_stridge_core,Hx;Hxxx;H*Hxx,0.024414264081673777,0.973001955541613
0.7593900991193137,1.0250945344974398,0.0,-1.0204336068662172,0;0;-1.02043360687;0;-0.183172197012;0;0;0.0787627143982;0;0;0;0,53567.672133478656,0.005,309,3e-06,1.4192742504152807,,0.0004460105645267104,0.9682162999999946,0.04251870000001645,1.0107428000000027,ok,same_stridge_core,Hx;Hxxx;H*Hxx,0.02,0.9371652012139726
0.7373248166614613,1.3450618799315681,0.07618098493665496,-1.1319307303502153,0;0;-1.13193073035;0.0761809849367;-0.369205873638;0;0;0.0439511325806;0;0;0;0,53149.91014346917,0.005,310,3e-06,1.5466625918343195,,0.0004225441014909255,0.5406980000000203,0.04896280000002662,0.5896723000000179,ok,same_stridge_core,Hx;D_x^1.345062 H;Hxxx;H*Hxx,0.015528572935980348,0.9088636701126895
0.750254089585443,1.2955374386636256,0.19071221373879713,-1.215263560741584,0;0;-1.21526356074;0.190712213739;-1.99699798472;0;0;0;0.14323452289;0;0;0,53223.26482681986,0.005,311,3e-06,1.7712893585446614,,0.0006594906996564013,0.9412242000000219,0.037482199999999466,0.9787115000000313,ok,same_stridge_core,Hx;D_x^1.295537 H;Hxxx;H*Hxxx,0.02440733069247001,1.132610180622823
0.7349360968532127,1.444375941230735,0.12233887061479835,-1.144340960553003,0;0;-1.14434096055;0.122338870615;-0.321033139489;0;0;0.0322537291662;0;0;0;0,53009.06374166813,0.005,312,3e-06,1.542374028284899,,0.00042243453648410233,0.9421623999999724,0.04813819999998259,0.9903106000000435,ok,same_stridge_core,Hx;D_x^1.444376 H;Hxxx;H*Hxx,0.015,0.9062652633848814
0.7284197237363166,1.2636519196014215,0.07825625800224757,-1.1745514981737184,0;0;-1.17455149817;0.0782562580022;-0.486701870488;0;0;0.03676401772;0;0;0;0,53269.53794727451,0.005,313,3e-06,1.5622698808294047,,0.0004367504391755781,0.3194206999999665,0.043326600000000326,0.36276599999996506,ok,same_stridge_core,Hx;D_x^1.263652 H;Hxxx;H*Hxx,0.019440733066871125,0.9230354254621105
0.7199958128125314,1.3321974318301377,0.18679618616155302,-1.231689746518605,0;0;-1.23168974652;0.186796186162;0;0;0;0;0;0;0;0,53169.044709109876,0.005,314,3e-06,1.3972227877691117,,0.0006144115109133668,0.6591078999999809,0.044018499999992855,0.7031337999999892,ok,same_stridge_core,Hx;D_x^1.332197 H,0.035,1.0782085195144524
0.750325249291243,1.3307387083442117,0.20293601803543457,-1.2044608942326271,0;0;-1.20446089423;0.202936018035;-1.85633449834;0;0;0;0.14148750414;0;0;0,53171.2135551888,0.005,315,3e-06,1.7253245328509983,,0.000608686817768187,0.30536800000004405,0.04193630000003168,0.3473116000000118,ok,same_stridge_core,Hx;D_x^1.330739 H;Hxxx;H*Hxxx,0.025459160758020422,1.0872699701887327
0.7519566254568989,1.3355595174069712,0.20610615340317762,-1.2001728476830953,0;0;-1.20017284768;0.206106153403;-1.89374936197;0;0;0;0.148353576068;0;0;0,53164.044774181915,0.005,316,3e-06,1.7327102169261437,,0.0006175301630876757,0.6427654999999959,0.039083299999958854,0.681855100000007,ok,same_stridge_core,Hx;D_x^1.33556 H;Hxxx;H*Hxxx,0.02440744645909879,1.0947416796359606
0.7071204517724853,1.0144193219109618,0.0820832051211913,-1.3303559731129053,0;0;-1.33035597311;0.0820832051212;0;0;0;0;-0.245750701123;0;0;0,53578.871644018946,0.005,317,3e-06,1.697285519913776,,0.0007283292162005235,0.9666038000000299,0.044170500000006996,1.0107825000000048,ok,same_stridge_core,Hx;D_x^1.014419 H;H*Hxxx,0.014471106761674847,1.2150756751176055
0.728688624384745,1.262700347341183,0.07713595615724818,-1.1729961573013565,0;0;-1.1729961573;0.0771359561572;-0.48357387047;0;0;0.0372726229923;0;0;0;0,53270.901644298276,0.005,318,3e-06,1.5619587932091987,,0.0004363685099975347,0.9398670000000493,0.0395518999999922,0.9794280000000413,ok,same_stridge_core,Hx;D_x^1.2627 H;Hxxx;H*Hxx,0.015,0.9227079734776193
0.7425848536727266,1.02846409816532,0.0,-1.06279062671881,0;0;-1.06279062672;0;-0.112552361903;0;0;0.0729452276493;0;0;0;0,53564.10086650557,0.005,319,3e-06,1.4106338405802634,,0.0004423677242480782,0.5637446999999725,0.05096960000003037,0.6147229000000038,ok,same_stridge_core,Hx;Hxxx;H*Hxx,0.015613756613756614,0.9285569327817134
0.7428638930152247,1.6615073854406752,0.14980506830042878,-1.0836854658573125,0;0;-1.08368546586;0.1498050683;0;0;0;0.04090316477;0;0;0;0,53203.619927392356,0.005,320,3e-06,1.3799094920723136,,0.0004201725033061705,0.5517671000000064,0.046531899999990856,0.5983049000000165,ok,same_stridge_core,Hx;D_x^1.661507 H;H*Hxx,0.015,0.9010769127257823
0.6993786228118137,1.265145686016837,0.13775816322763568,-1.3087807637526687,0;0;-1.30878076375;0.137758163228;0;0;0;0;-0.117512316877;0;0;0,53267.39537832601,0.005,321,3e-06,1.5073889463646963,,0.000547100241115522,0.9654276999999638,0.046434999999974025,1.011870799999997,ok,same_stridge_core,Hx;D_x^1.265146 H;H*Hxxx,0.02,1.0279823879597623
0.7526616947681354,1.202292684732193,0.05168122870893975,-0.8904528778799894,0.139020894736;-0.0251439317707;-0.89045287788;0.0516812287089;2.44316138121;0;-0.030475501056;0;-0.362211032636;0;0;0,53354.91801045899,0.005,322,3e-06,1.975591264463683,,0.000378937729299617,0.9663031999999703,0.03721330000001899,1.0035235000000284,ok,same_stridge_core,1;H;Hx;D_x^1.202293 H;Hxxx;H*Hx;H*Hxxx,0.015,0.8551379862440441
0.728688624384745,1.8977217393407435,0.0,-1.0964390979070213,0;0;-1.09643909791;0;0;0;0;0.0683412886956;0;0;0;0,60662.593275628824,0.005,323,3e-06,1.3519030767008204,,0.000505643875276454,0.5534144000000083,0.04754619999999932,0.6009687999999755,ok,same_stridge_core,Hx;H*Hxx,0.025,0.9879275170470475
0.7285252096015119,1.5434578632628657,0.17215469933947014,-1.1564274741120706,0;0;-1.15642747411;0.172154699339;-0.195297849503;0;0;0.0216585066909;0;0;0;0,52930.22654374315,0.005,324,3e-06,1.570910290529151,,0.00045410707751712963,0.9449759999999969,0.06352960000003804,1.008512900000028,ok,same_stridge_core,Hx;D_x^1.543458 H;Hxxx;H*Hxx,0.01,0.9357475720042332
0.7220039369518416,1.1627687921803682,0.0,-1.1154550570188309,0;0;-1.11545505702;0;0;0;0;0.0654711662829;0;0;0;0,53406.854060274396,0.005,325,3e-06,1.358679219584193,,0.0005598644742045688,0.56589120000001,0.04564280000005283,0.6115434000000164,ok,same_stridge_core,Hx;H*Hxx,0.035,1.0382380952225467
0.7525240883632244,1.4449556237427739,0.23429082250480376,-1.1516642135060313,0;0;-1.15166421351;0.234290822505;0;0;0;0;-0.0878057226802;0;0;0,53008.33150753184,0.005,326,3e-06,1.5558255228105653,,0.0005874440458056868,0.9645489000000111,0.0491820999999959,1.013739600000008,ok,same_stridge_core,Hx;D_x^1.444956 H;H*Hxxx,0.02,1.0787505392427787
0.7467392494241102,1.250738206674497,0.04042537537157007,-1.04580964550835,0.0206881894902;0;-1.04580964551;0.0404253753716;0.608493136709;0;0;0.0814363176983;-0.0332758535052;0;0;0,53287.94505659866,0.005,327,3e-06,1.7749258604497191,,0.0003454800566885529,0.9905641000000287,0.05473850000004177,1.045309599999996,ok,same_stridge_core,1;Hx;D_x^1.250738 H;Hxxx;H*Hxx;H*Hxxx,0.01,0.8157428494309432
0.7377142101233598,1.292071431883441,0.0,-1.0711349644202357,0;0;-1.07113496442;0;0;0;0;0.0721010429761;0;0;0;0,53228.34426486073,0.005,328,3e-06,1.262982652831561,,0.0004588410303722711,0.9588793000000351,0.04581439999998338,1.004703099999972,ok,same_stridge_core,Hx;H*Hxx,0.03549152652513997,0.9436125872423967
0.7518740245179706,1.2844846594669088,0.1881761685901044,-1.2158214835540273,0;0;-1.21582148355;0.18817616859;-2.09655822373;0;0;0;0.150226179886;0;0;0,53239.42401346986,0.005,329,3e-06,1.8025952252234734,,0.000696284346578031,0.9721164000000044,0.03696070000000873,1.0090860000000248,ok,same_stridge_core,Hx;D_x^1.284485 H;Hxxx;H*Hxxx,0.02,1.163722137061835
0.7639610402891925,1.244163107823721,0.0,-1.0091499155339132,0;0;-1.00914991553;0;-0.202174373974;0;0;0.0802717170276;0;0;0;0,53297.23310513681,0.005,330,3e-06,1.4323687027571177,,0.000459917961351756,0.3130822999999623,0.039634499999976924,0.3527268999999933,ok,same_stridge_core,Hx;Hxxx;H*Hxx,0.021896190476190482,0.9526936048108863
0.759124393068985,1.0809242777370338,0.0,-1.0210926138063956,0;0;-1.02109261381;0;-0.182064901949;0;0;0.0786740446371;0;0;0;0,53506.188824588826,0.005,331,3e-06,1.417972813161759,,0.0004453596533053592,0.9460573000000068,0.04312379999998939,0.9891902999999616,ok,same_stridge_core,Hx;Hxxx;H*Hxx,0.02,0.9364171137404596
0.7648902835063125,1.2812841448748273,0.0,-1.0068682678571759,0;0;-1.00686826786;0;-0.206026155505;0;0;0.0805747161351;0;0;0;0,53244.0812980804,0.005,332,3e-06,1.4356329871745095,,0.0004633555212908996,0.307392899999968,0.042081199999984165,0.34947979999998324,ok,same_stridge_core,Hx;Hxxx;H*Hxx,0.024523046160395103,0.9564362554917859
0.7505022235545922,1.9010775310307135,0.1950093354079268,-1.0409343008407808,0;0;-1.04093430084;0.195009335408;0;0;0;0.0478104157829;0;0;0;0,60824.33825283812,0.005,333,3e-06,1.4416261636012744,,0.0004142441769916317,0.3796418000000017,0.05217100000004393,0.4318213999999898,ok,same_stridge_core,Hx;D_x^1.901078 H;H*Hxx,0.015,0.8942071193257313
0.7592755952613899,1.2607724846637733,0.010151856581607175,-0.8860252578602902,0.103486669713;-0.015575277106;-0.88602525786;0.0101518565816;3.99675253077;0;-0.0136410435837;0.000548273394926;-0.92752535448;0;0.00874495825051;0.0720499006352,53273.66067473054,0.005,334,3e-06,2.35596437806986,,0.0002978043491028041,0.9096245000000067,0.03794679999998607,0.9475808999999913,ok,same_stridge_core,1;H;Hx;D_x^1.260772 H;Hxxx;H*Hx;H*Hxx;H*Hxxx;H^2*Hxx;H^2*Hxxx,0.005,0.7577545578279441
0.7448279328786647,1.239673042913049,0.042267575006501835,-1.0550110065656506,0.020264784175;0;-1.05501100657;0.0422675750065;0.598002037106;0;0;0.0792064983179;-0.0371880791206;0;0;0,53303.54184227606,0.005,335,3e-06,1.7790239075204863,,0.00034866941171641304,0.953154799999993,0.0425371000000041,0.9956999000000337,ok,same_stridge_core,1;Hx;D_x^1.239673 H;Hxxx;H*Hxx;H*Hxxx,0.013181818181818178,0.8195601543595171
0.7444927272698355,1.2499010428793291,0.04949269321303702,-1.0629354616132354,0.019573819049;0;-1.06293546161;0.049492693213;0.336896351568;0;0;0.0764109318493;0;0;0;0,53289.13090961605,0.005,336,3e-06,1.6192014232000118,,0.0003503287951107044,0.9857873999999924,0.04963409999999158,1.0354285000000232,ok,same_stridge_core,1;Hx;D_x^1.249901 H;Hxxx;H*Hxx,0.015,0.819864459555771
0.7300717740675942,1.6155656194122796,0.1586499285450433,-1.1274623671239852,0;0;-1.12746236712;0.158649928545;0;0;0;0.0313839538143;0;0;0;0,53008.754353464756,0.005,337,3e-06,1.4204413785897811,,0.0004638627808741631,0.9892679999999814,0.04090099999996255,1.0301792999999861,ok,same_stridge_core,Hx;D_x^1.615566 H;H*Hxx,0.025,0.9433625894085983
0.756361940243246,1.2653513440764268,0.020884887477796762,-0.9993654414578591,0.0214342731808;0;-0.999365441458;0.0208848874778;-0.0473327128135;0;0;0.0928247959607;0.224553034613;0;0;-0.020402868517,53267.10014856757,0.005,338,3e-06,1.922184590885529,,0.00033469500231802563,0.3180441000000087,0.04390870000003133,0.36196110000003046,ok,same_stridge_core,1;Hx;D_x^1.265351 H;Hxxx;H*Hxx;H*Hxxx;H^2*Hxxx,0.01,0.8035754877656098
0.7469406622085154,1.0461454180220098,0.0,-0.8221149569718356,0.150730878873;-0.0286146510875;-0.822114956972;0;3.61037085457;0;-0.037349001171;0;-0.535566651621;0;0;0,53545.07032888674,0.005,339,3e-06,1.8772349340560903,,0.00043167489952979397,0.9882633999999939,0.0414019999999482,1.0296723999999813,ok,same_stridge_core,1;H;Hx;Hxxx;H*Hx;H*Hxxx,0.019545454545454536,0.9134236681361291
0.7426061489427018,1.2296196187906885,0.0,-1.0575963691866153,0;0;-1.05759636919;0;0;0;0;0.0740842058094;0;0;0;0,53317.5638883462,0.005,340,3e-06,1.2510722742089757,,0.00044517534014982304,1.0013996000000134,0.041781700000001365,1.043189400000017,ok,same_stridge_core,Hx;H*Hxx,0.02,0.9311668908788984
0.7241059325076192,1.255438053578197,0.0,-1.1094501445730325,0;0;-1.10945014457;0;0;0;0;0.066381587223;0;0;0;0,53281.27069359652,0.005,341,3e-06,1.3405512763926355,,0.0005409264972614055,0.9940479999999638,0.03879070000004958,1.0328460000000064,ok,same_stridge_core,Hx;H*Hxx,0.045,1.0208636522310564
0.7304906810210297,1.2322944441443928,0.06275177188276877,-1.160515103414351,0;0;-1.16051510341;0.0627517718828;-0.463959822216;0;0;0.0426866568151;0;0;0;0,53313.847283072704,0.005,342,3e-06,1.562529118841465,,0.00043571671214374887,1.0335714999999936,0.04993189999999004,1.083509300000003,ok,same_stridge_core,Hx;D_x^1.232294 H;Hxxx;H*Hxx,0.014993264650653223,0.9227629514445925
0.7354275470765144,1.816347251647891,0.0,-1.077505786075308,0;0;-1.07750578608;0;0;0;0;0.0711609294294;0;0;0;0,56471.16439824917,0.005,343,3e-06,1.2910467462921398,,0.00046797498342548955,0.9856055999999853,0.03858530000002247,1.024195499999962,ok,same_stridge_core,Hx;H*Hxx,0.025,0.9522197599026448
0.7321657747143777,1.2052215047253731,0.05151364888353007,-1.1489695944673421,0;0;-1.14896959447;0.0515136488835;-0.441102477272;0;0;0.0472249059321;0;0;0;0,53350.969439551016,0.005,344,3e-06,1.5632262380467778,,0.00043546535618778245,1.0119117000000415,0.04833430000002181,1.0602538999999638,ok,same_stridge_core,Hx;D_x^1.205222 H;Hxxx;H*Hxx,0.02,0.9230146047721657
0.7468954791711969,1.3307387083442117,0.19980208550498876,-1.2103410086031203,0;0;-1.2103410086;0.199802085505;-1.73311568115;0;0;0;0.125813766753;0;0;0,53171.2135551888,0.005,345,3e-06,1.698581594515204,,0.0005784801809637285,0.2923613000000387,0.04602429999999913,0.33839380000000574,ok,same_stridge_core,Hx;D_x^1.330739 H;Hxxx;H*Hxxx,0.015476190476190477,1.0605270318529385
0.768591989156516,1.4096968934735794,0.0,-0.9978201133720476,0;0;-0.997820113372;0;-0.221333396132;0;0;0.0817691705035;0;0;0;0,53055.58069911566,0.005,346,3e-06,1.4506499607080745,,0.0004790106732683756,0.9776634000000399,0.04354059999997162,1.021211400000027,ok,same_stridge_core,Hx;Hxxx;H*Hxx,0.024929278484386853,0.9731497344160336
0.7448036921642218,1.0545833624534255,0.016211521200709286,-1.040620529352506,0.0200637810412;0;-1.04062052935;0.0162115212007;0.735829645348;0;0;0.0876347911467;-0.0544795636705;0;0;0,53535.8152376426,0.005,347,3e-06,1.7940120443978835,,0.00035634538508187626,0.33034770000000435,0.05894850000004226,0.3893009000000234,ok,same_stridge_core,1;Hx;D_x^1.054583 H;Hxxx;H*Hxx;H*Hxxx,0.01,0.8303673701203166
0.7494584491380332,1.540469677338966,0.272676372802363,-1.1397937489747156,0;0;-1.13979374897;0.272676372802;-0.424744916832;0;0;0;0;0;0;0,52930.474725664404,0.005,348,3e-06,1.4318830697677534,,0.00046702278429617183,0.9972462000000064,0.04321829999997817,1.0404780000000073,ok,same_stridge_core,Hx;D_x^1.54047 H;Hxxx,0.029925485008818337,0.9555087972367736
0.749352710901229,1.375146532745258,0.21746253403190605,-1.192310049555029,0;0;-1.19231004956;0.217462534032;-1.62507328758;0;0;0;0.129980728296;0;0;0,53105.36649668085,0.005,349,3e-06,1.6700002622787535,,0.000549786086133404,1.0301696999999876,0.04753809999999703,1.077717000000007,ok,same_stridge_core,Hx;D_x^1.375147 H;Hxxx;H*Hxxx,0.02,1.0327358643185833
0.7500675114547034,1.3788635012786574,0.21951083401218238,-1.1898812156041705,0;0;-1.1898812156;0.219510834012;-1.63342069128;0;0;0;0.132539666186;0;0;0,53099.91414282944,0.005,350,3e-06,1.6712986332621853,,0.0005514030703745627,0.9852316999999857,0.04405600000001186,1.029295500000046,ok,same_stridge_core,Hx;D_x^1.378864 H;Hxxx;H*Hxxx,0.0209277555433984,1.034099663548232
0.7598557129370357,1.152436950480122,0.0,-1.0192796010833214,0;0;-1.01927960108;0;-0.185111826539;0;0;0.0789178417753;0;0;0;0,53420.00816569872,0.005,351,3e-06,1.4192983374914716,,0.000447193698951544,1.0091241000000082,0.04361119999998664,1.0527458999999908,ok,same_stridge_core,Hx;Hxxx;H*Hxx,0.02,0.9385182640001831
0.7403011376651281,1.3493092866034448,0.06686109383090265,-1.1167292930730228,0;0;-1.11672929307;0.0668610938309;-0.342021855287;0;0;0.0484857535309;0;0;0;0,53143.59486246806,0.005,352,3e-06,1.5460483740244988,,0.0004214588587359451,0.9915308999999866,0.0431528999999955,1.034695099999965,ok,same_stridge_core,Hx;D_x^1.349309 H;Hxxx;H*Hxx,0.02,0.908325235674882
0.7457889642705474,1.8977217393407435,0.0,-1.0488539068674323,0;0;-1.04885390687;0;0;0;0;0.075354110394;0;0;0;0,60662.593275628824,0.005,353,3e-06,1.2913476499120256,,0.00044040848855474683,0.3039240999999606,0.04343119999998635,0.34736420000001544,ok,same_stridge_core,Hx;H*Hxx,0.025450493788213086,0.9273720902582526
0.7312779051702869,1.3236168387128053,0.09015063628651238,-1.1629161006981092,0;0;-1.1629161007;0.0901506362865;-0.435140387384;0;0;0.0358069001365;0;0;0;0,53181.794320245885,0.005,354,3e-06,1.5531068115528281,,0.0004293154849044686,0.9198757999999998,0.043040399999995316,0.9629239000000211,ok,same_stridge_core,Hx;D_x^1.323617 H;Hxxx;H*Hxx,0.02440744348568911,0.9149252797098774
0.7622286866446664,1.5041557358037079,0.0,-1.0134145324321329,0;0;-1.01341453243;0;-0.194983196913;0;0;0.0797034525436;0;0;0;0,52946.89238536604,0.005,355,3e-06,1.4227538913733704,,0.00045405278073814236,0.926901799999996,0.040867100000014034,0.9677775999999767,ok,same_stridge_core,Hx;Hxxx;H*Hxx,0.025,0.9462318599050761
0.7343979136834262,1.504527055873442,0.1443291023504183,-1.1408653160108844,0;0;-1.14086531601;0.14432910235;-0.253807382685;0;0;0.028993208467;0;0;0;0,52946.619438303554,0.005,356,3e-06,1.5444946045443806,,0.00042645244200418435,0.9210118999999963,0.042881699999952616,0.9639004,ok,same_stridge_core,Hx;D_x^1.504527 H;Hxxx;H*Hxx,0.019440733082993145,0.9091351712847378
0.7335692803631548,1.356667780634719,0.09415887774634546,-1.1520605857033865,0;0;-1.1520605857;0.0941588777463;-0.397340811454;0;0;0.0366888824909;0;0;0;0,53132.66645923797,0.005,357,3e-06,1.5481021777764885,,0.00042514532268396373,0.9553303000000142,0.04133649999999989,0.9966747999999939,ok,same_stridge_core,Hx;D_x^1.356668 H;Hxxx;H*Hxx,0.024407366455354074,0.9105101802656329
0.7525039932289924,1.263535130256938,0.18135566475445739,-1.2208435464583043,0;0;-1.22084354646;0.181355664754;-2.19366327847;0;0;0;0.151658385183;0;0;0,53269.705408783484,0.005,358,3e-06,1.8421054515522677,,0.0007433589802138745,0.9626311999999757,0.036561699999992925,0.9992029000000002,ok,same_stridge_core,Hx;D_x^1.263535 H;Hxxx;H*Hxxx,0.02,1.2028689866468658
0.7367415600725384,1.4620314852124643,0.12144874746390814,-1.1350331201010577,0;0;-1.1350331201;0.121448747464;-0.297860877387;0;0;0.0341399592226;0;0;0;0,52987.6548730545,0.005,359,3e-06,1.5396583710003018,,0.0004199707814092181,0.9517996999999809,0.04008460000000014,0.9918922999999609,ok,same_stridge_core,Hx;D_x^1.462031 H;Hxxx;H*Hxx,0.024407330657340978,0.9038065125236477
0.7437211893125092,1.2579230812109345,0.0,-1.0545276976549818,0;0;-1.05452769765;0;0;0;0;0.0745309166497;0;0;0;0,53277.72997549453,0.005,360,3e-06,1.2491228067124303,,0.00044314427387695196,0.9418684999999982,0.039940199999989545,0.9818142999999964,ok,same_stridge_core,Hx;H*Hxx,0.02,0.9294564268594631
0.7526744365528921,1.20352153833194,0.051923387055554666,-0.890517572304741,0.138929924896;-0.0251230072195;-0.890517572305;0.0519233870556;2.44228227768;0;-0.0304661568571;0;-0.362029817416;0;0;0,53353.26299053618,0.005,361,3e-06,1.9754910277579647,,0.0003788767765608219,0.9492415999999935,0.03913370000003624,0.988385199999982,ok,same_stridge_core,1;H;Hx;D_x^1.203522 H;Hxxx;H*Hx;H*Hxxx,0.015,0.8550725049567047
0.7414930595128199,1.2567490877229939,0.0,-1.0606660432340766,0;0;-1.06066604323;0;0;0;0;0.0736363128212;0;0;0;0,53279.40369835624,0.005,362,3e-06,1.252964921562759,,0.0004475979590449093,0.5396269999999959,0.04855059999999867,0.5881831999999463,ok,same_stridge_core,Hx;H*Hxx,0.02,0.9332884993726216
0.747980945078299,1.5510115955648198,0.27565673171159727,-1.1399496622218113,0;0;-1.13994966222;0.275656731712;-0.391341507834;0;0;0;0;0;0;0,52930.51427252053,0.005,363,3e-06,1.4233587533597696,,0.00045930280085837357,0.9252073999999766,0.04523490000002539,0.9704504000000043,ok,same_stridge_core,Hx;D_x^1.551012 H;Hxxx,0.030000000000000002,0.9469841249070847
0.7398945021882501,1.2310981490301627,0.0,-1.0650856961081265,0;0;-1.06508569611;0;0;0;0;0.0729896273836;0;0;0;0,53315.51090201977,0.005,364,3e-06,1.256958014378557,,0.00045177878384777506,0.9457663000000025,0.03942560000001549,0.9852018000000271,ok,same_stridge_core,Hx;H*Hxx,0.02,0.9370649489664383
0.7565390485664203,1.2590498934604222,0.0,-0.9774616697044439,0.0221708642863;0;-0.977461669704;0;0.89113462993;0;0;0.10267032245;-0.0384202204588;0;0;0,53276.12208511688,0.005,365,3e-06,1.6096105927493343,,0.00034036561374005175,0.28998109999997723,0.04443589999999631,0.3344260999999733,ok,same_stridge_core,1;Hx;Hxxx;H*Hxx;H*Hxxx,0.01446969696969697,0.8104687614725811
0.7539915850445895,1.2723006199090823,0.18551521899678727,-1.2158559346662579,0;0;-1.21585593467;0.185515218997;-2.21542987395;0;0;0;0.158691641962;0;0;0,53257.09541331866,0.005,366,3e-06,1.8426422706471923,,0.0007449724401968646,0.33270399999997835,0.03569079999999758,0.36840230000001384,ok,same_stridge_core,Hx;D_x^1.272301 H;Hxxx;H*Hxxx,0.02,1.2035571256873685
0.7379518105642667,1.202338654874511,0.0,-1.0704745525213062,0;0;-1.07047455252;0;0;0;0;0.0721982463712;0;0;0;0,53354.85610593465,0.005,367,3e-06,1.262949468983265,,0.0004579941247043824,0.8560132000000067,0.041633100000012746,0.8976556000000073,ok,same_stridge_core,Hx;H*Hxx,0.02,0.942820332347657
0.7367012658464638,1.2653513440764268,0.0,-1.0739537672799606,0;0;-1.07395376728;0;0;0;0;0.0716856281214;0;0;0;0,53267.10014856757,0.005,368,3e-06,1.2668075953460929,,0.0004626661989285401,0.3060547999999699,0.03930690000004233,0.3453708999999776,ok,same_stridge_core,Hx;H*Hxx,0.030000000000000002,0.9472049944546874
0.7324826138149125,1.2917515299001776,0.07496826142611276,-1.1544760994318248,0;0;-1.15447609943;0.0749682614261;-0.43265907464;0;0;0.0406467123542;0;0;0;0,53228.81238324944,0.005,369,3e-06,1.5545680844658838,,0.00042942671305115925,0.9462670000000344,0.03925860000003922,0.9855349000000047,ok,same_stridge_core,Hx;D_x^1.291752 H;Hxxx;H*Hxx,0.019950015885832874,0.9158223358668904
0.729105646177028,1.2296196187906885,0.06568965941458076,-1.16783949008944,0;0;-1.16783949009;0.0656896594146;-0.482005359419;0;0;0.0408642491507;0;0;0;0,53317.5638883462,0.005,370,3e-06,1.5646732992305687,,0.00043793929391720143,0.3221412999999984,0.04395059999995965,0.36610070000000405,ok,same_stridge_core,Hx;D_x^1.22962 H;Hxxx;H*Hxx,0.015952380952380954,0.9248625325704143
0.7443946902465861,1.2646994929721733,0.053301739690038784,-1.0646046718730964,0.019545754622;0;-1.06460467187;0.05330173969;0.334890051843;0;0;0.0752075424152;0;0;0;0,53268.035652427105,0.005,371,3e-06,1.6179193770109457,,0.0003496898297839182,0.9865998999999874,0.04313299999995479,1.0297410000000013,ok,same_stridge_core,1;Hx;D_x^1.264699 H;Hxxx;H*Hxx,0.015,0.8188988422245391
0.7446192576914583,1.3508657057352875,0.0,-1.0575892886289389,0;0;-1.05758928863;0;-0.121163543285;0;0;0.0736723600526;0;0;0;0,53141.28181207376,0.005,372,3e-06,1.403368385392955,,0.00043848997595812315,0.3071502000000237,0.04326489999999694,0.3504231999999661,ok,same_stridge_core,Hx;Hxxx;H*Hxx,0.02,0.9250968490842912
0.7354275470765144,1.7145678762863306,0.14155358012481944,-1.0968139762291744,0;0;-1.09681397623;0.141553580125;0;0;0;0.0420466484437;0;0;0;0,53710.030385057726,0.005,373,3e-06,1.4131284982746792,,0.00044910819096123444,0.6642076999999631,0.0494295999999963,0.7136477999999897,ok,same_stridge_core,Hx;D_x^1.714568 H;H*Hxx,0.03927854090354089,0.9297382248091598
0.7458659008363975,1.301732624782568,0.18917263800283823,-1.2208235949726374,0;0;-1.22082359497;0.189172638003;-1.81478039114;0;0;0;0.123469425503;0;0;0,53214.160767456706,0.005,374,3e-06,1.7253210387353608,,0.0006064196761719221,1.0103679999999713,0.040687199999979384,1.051062399999978,ok,same_stridge_core,Hx;D_x^1.301733 H;Hxxx;H*Hxxx,0.01945383739308365,1.0867511095258802
0.7628342887813325,1.0846987553957297,0.0,-1.0119220515462246,0;0;-1.01192205155;0;-0.19749850882;0;0;0.0799026119252;0;0;0;0,53501.85154274305,0.005,375,3e-06,1.4299297877425086,,0.0004560219924797169,1.020805399999972,0.047323600000027,1.0681349000000182,ok,same_stridge_core,Hx;Hxxx;H*Hxx,0.024541280551806877,0.9484131238578212
0.7592189603764571,1.2239570878225154,0.0,-1.0208580302911772,0;0;-1.02085803029;0;-0.182459133966;0;0;0.0787056149122;0;0;0;0,53325.39705518607,0.005,376,3e-06,1.4166097969572067,,0.00044558923275847984,0.9444381000000135,0.044730200000003606,0.9891757000000325,ok,same_stridge_core,Hx;Hxxx;H*Hxx,0.02,0.9366812234605322
0.7429952059391077,1.8273666413519827,0.0,-1.0565249333210907,0;0;-1.05652493332;0;0;0;0;0.0742402941129;0;0;0;0,56973.40936817385,0.005,377,3e-06,1.272363615072262,,0.00044442185571798477,0.9965758999999821,0.042609799999979714,1.039196000000004,ok,same_stridge_core,Hx;H*Hxx,0.02440744641336317,0.9305231588632189
0.7426719166654758,1.3054223910369986,0.0,-1.05741519417218,0;0;-1.05741519417;0;0;0;0;0.0741106092137;0;0;0;0,53208.72431863213,0.005,378,3e-06,1.2503068024138018,,0.0004450445510493888,0.9870205999999939,0.04228860000000623,1.0293189999999868,ok,same_stridge_core,Hx;H*Hxx,0.02,0.931054456502009
0.7408708547583851,1.2161709135098577,0.0499577712011334,-1.0803399208027071,0.0186398155831;0;-1.0803399208;0.0499577712011;0.264863896114;0;0;0.0729846328143;0;0;0;0,53336.08970925552,0.005,379,3e-06,1.6300139293615235,,0.00035897632322940114,1.007562699999994,0.04509120000000166,1.052663999999993,ok,same_stridge_core,1;Hx;D_x^1.216171 H;Hxxx;H*Hxx,0.01,0.8299725837226907
0.7515020739429931,1.6484644325510296,0.32753999140012663,-1.1059895883991628,0;0;-1.1059895884;0.3275399914;-0.21907479296;0;0;0;0;0;0;0,53131.15389325598,0.005,380,3e-06,1.413667092929925,,0.00045001390281737465,0.9865963000000306,0.05019859999998744,1.0368016000000466,ok,same_stridge_core,Hx;D_x^1.648464 H;Hxxx,0.01970917678812418,0.9354867078906213
0.7538864618114148,1.445506899706752,0.3076025258119759,-1.145682061819425,0.0183728722729;0;-1.14568206182;0.307602525812;0;0;0;0;0;0;0;0,53007.63672836451,0.005,381,3e-06,1.471188458497532,,0.0005165156325241341,1.015069399999959,0.039758500000004915,1.054834700000015,ok,same_stridge_core,1;Hx;D_x^1.445507 H,0.015,0.9941197279422515
0.7492827806816018,1.6254598683444204,0.32250976040905827,-1.1077950239509502,0;0;-1.10779502395;0.322509760409;0;0;0;0;0;0;0;0,53037.76568885706,0.005,382,3e-06,1.2653268767783907,,0.00046361916256728935,0.30955620000003137,0.03921590000004471,0.3487827000000152,ok,same_stridge_core,Hx;D_x^1.62546 H,0.045,0.9471002826452485
0.7486598119063539,1.8977217393407435,0.0,-1.0410128000454961,0;0;-1.04101280005;0;0;0;0;0.0764858662873;0;0;0;0,60662.593275628824,0.005,383,3e-06,1.2907514101793867,,0.00043877582099626335,0.34444469999999683,0.06103799999999637,0.4054893999999649,ok,same_stridge_core,Hx;H*Hxx,0.02,0.9267758505256138
0.7332066692251865,1.618405504630024,0.1534011153789529,-1.1170816597932194,0;0;-1.11708165979;0.153401115379;0;0;0;0.0340771785801;0;0;0;0,53016.47811944047,0.005,384,3e-06,1.4053841700480292,,0.0004483844898667596,0.6336918000000082,0.04274970000000167,0.6764504000000215,ok,same_stridge_core,Hx;D_x^1.618406 H;H*Hxx,0.030000000000000002,0.9282358669730648
0.7467579631369748,1.2924574389003187,0.0499223498222217,-1.0490783958911212,0.0206189141146;0;-1.04907839589;0.0499223498222;0.582381228127;0;0;0.078667756826;-0.0294796935284;0;0;0,53227.77920956514,0.005,385,3e-06,1.7710138872039796,,0.00034364069248151694,1.0260658999999919,0.054163299999970604,1.080233899999996,ok,same_stridge_core,1;Hx;D_x^1.292457 H;Hxxx;H*Hxx;H*Hxxx,0.01,0.812913861431807
0.7477658801042887,1.6052163416599714,0.1340700916856391,-1.0825183177215905,0;0;-1.08251831772;0.134070091686;-0.180238694978;0;0;0.0421612138536;0;0;0;0,52984.38229830342,0.005,386,3e-06,1.530335532940606,,0.00041095732866883454,0.3105082000000152,0.04466639999998279,0.3551812000000041,ok,same_stridge_core,Hx;D_x^1.605216 H;Hxxx;H*Hxx,0.015,0.8945229453609651
0.7404555400602224,1.2870926922292298,0.0,-1.0682565922447729,0;0;-1.06825659224;0;-0.103521916283;0;0;0.0721773269627;0;0;0;0,53235.62151265684,0.005,387,3e-06,1.4127164618321386,,0.0004478052359095943,0.9984843999999953,0.04115439999998216,1.0396462999999585,ok,same_stridge_core,Hx;Hxxx;H*Hxx,0.026489830507374374,0.933595868218227
0.7406113494598571,1.228249324515199,0.0,-1.0631021473885476,0;0;-1.06310214739;0;0;0;0;0.0732801257504;0;0;0;0,53319.46388355682,0.005,388,3e-06,1.2551814204296392,,0.00044980084942617017,0.9646232000000055,0.039675400000021455,1.0043075000000385,ok,same_stridge_core,Hx;H*Hxx,0.02,0.9352646371282982
0.7495021580271922,1.5901528261485163,0.29543537284112187,-1.125964514599977,0;0;-1.1259645146;0.295435372841;-0.316917110511;0;0;0;0;0;0;0,52958.31712153032,0.005,389,3e-06,1.4181020875370798,,0.00045470727399860126,0.977101800000014,0.04472419999996191,1.0218332000000032,ok,same_stridge_core,Hx;D_x^1.590153 H;Hxxx,0.025,0.9414772334433068
0.743513857825142,1.2579230812109345,0.0,-1.0550978103470954,0;0;-1.05509781035;0;0;0;0;0.0744480042348;0;0;0;0,53277.72997549453,0.005,390,3e-06,1.2494094902145707,,0.000443492159017433,0.3050574000000097,0.041762500000004366,0.3468326999999931,ok,same_stridge_core,Hx;H*Hxx,0.02,0.9297431103616035
0.7334095079433225,1.381768428418855,0.10440787560349456,-1.1533601875941812,0;0;-1.15336018759;0.104407875603;-0.383041386488;0;0;0.0342716225467;0;0;0;0,53095.66507806725,0.005,391,3e-06,1.5466532594650833,,0.00042468706419527424,0.9991062000000284,0.04378130000003466,1.0429004000000077,ok,same_stridge_core,Hx;D_x^1.381768 H;Hxxx;H*Hxx,0.015,0.9095052785282762
0.7564214650726756,1.781448652910838,0.42180100325332237,-1.0584650750225808,0;0;-1.05846507502;0.421801003253;0;0;0;0;0;0;0;0,55160.85207108906,0.005,392,3e-06,1.2624373547298964,,0.0004489359666022081,0.976913599999989,0.041088899999977,1.01839590000003,ok,same_stridge_core,Hx;D_x^1.781449 H,0.049999999999999996,0.9314722423033619
0.7677919515627729,1.1912739307063496,0.0,-0.9997701278212653,0;0;-0.999770127821;0;-0.218030059338;0;0;0.0815127157075;0;0;0;0,53369.651189464246,0.005,393,3e-06,1.449629063875615,,0.0004753663170479596,0.971109599999977,0.052765800000031504,1.0238824999999565,ok,same_stridge_core,Hx;Hxxx;H*Hxx,0.029380025444521222,0.9693022031704369
0.7443253469890743,1.2310981490301627,0.04562590512127293,-1.062386539887425,0.0195208472528;0;-1.06238653989;0.0456259051213;0.334188078726;0;0;0.0774107521373;0;0;0;0,53315.51090201977,0.005,394,3e-06,1.6213750245899887,,0.00035165659001697153,0.3022963999999888,0.045336799999972754,0.34764389999998,ok,same_stridge_core,1;Hx;D_x^1.231098 H;Hxxx;H*Hxx,0.015,0.8216423610596921
0.7582860688747162,1.2590498934604222,0.0,-0.9718736137346198,0.0226903722297;0;-0.971873613735;0;0.869682545595;0;0;0.103995337452;-0.0322468239949;0;0;0,53276.12208511688,0.005,395,3e-06,1.6071183059073157,,0.0003382323781511484,0.4033901999999898,0.059681300000022475,0.46308149999998705,ok,same_stridge_core,1;Hx;Hxxx;H*Hxx;H*Hxxx,0.015,0.8079764746305625
0.7371610453592965,1.9197128047993344,0.08310730590057142,-1.0740894597287838,0;0;-1.07408945973;0.0831073059006;0;0;0;0.0597736675178;0;0;0;0,61620.82525823084,0.005,396,3e-06,1.4931431318840205,,0.0004565561426575782,0.9318425000000161,0.046980500000017855,0.97883360000003,ok,same_stridge_core,Hx;D_x^1.919713 H;H*Hxx,0.030000000000000002,0.9385557045599427
0.7510958270961625,1.2863320203013646,0.18820862116159365,-1.2165787599334312,0;0;-1.21657875993;0.188208621162;-2.06205169379;0;0;0;0.146888324273;0;0;0,53236.73123489796,0.005,397,3e-06,1.792459144527037,,0.0006841007591600659,0.9523133000000144,0.037039199999981065,0.9893617999999833,ok,same_stridge_core,Hx;D_x^1.286332 H;Hxxx;H*Hxxx,0.02,1.1536183697082616
0.7430219646249959,1.160499052960651,0.0,-1.0564512683935876,0;0;-1.05645126839;0;0;0;0;0.074251020723;0;0;0;0,53409.75907327819,0.005,398,3e-06,1.2509392481025146,,0.0004443718805000232,0.9226950999999985,0.04313390000004347,0.9658347999999819,ok,same_stridge_core,Hx;H*Hxx,0.02,0.9304806936628454
0.7272304751578129,1.192524105066333,0.06012441676592811,-1.1745293787474282,0;0;-1.17452937875;0.0601244167659;-0.506712382927;0;0;0.0412997635972;0;0;0;0,53367.98928689009,0.005,399,3e-06,1.571577448450312,,0.00044393214618236864,0.9315740999999775,0.04587789999999359,0.9774583000000234,ok,same_stridge_core,Hx;D_x^1.192524 H;Hxxx;H*Hxx,0.02,0.931161577007631
0.7488147939642581,1.368369667499722,0.2145467385318625,-1.1953781671794006,0;0;-1.19537816718;0.214546738532;-1.6367556048;0;0;0;0.128832974792;0;0;0,53115.34616627954,0.005,400,3e-06,1.6728521688206983,,0.0005525125957807285,0.9188846000000126,0.04386909999999489,0.962758899999983,ok,same_stridge_core,Hx;D_x^1.36837 H;Hxxx;H*Hxxx,0.03265147774036661,1.035468014825344
0.7362583334672552,1.7681345588308308,0.12877541615084895,-1.087901904331663,0;0;-1.08790190433;0.128775416151;0;0;0;0.0471231683459;0;0;0;0,54771.76813810276,0.005,401,3e-06,1.4244028037082468,,0.000450526706935662,0.9375393999999915,0.04384930000003351,0.9813939000000005,ok,same_stridge_core,Hx;D_x^1.768135 H;H*Hxx,0.01944652381705457,0.9314568904653219
0.7491376050249215,1.3508657057352875,0.20879768238669463,-1.200273021545546,0;0;-1.20027302155;0.208797682387;-1.7266459657;0;0;0;0.133417789991;0;0;0,53141.28181207376,0.005,402,3e-06,1.6930220540007777,,0.0005736498259483928,0.29747109999999566,0.040305499999988115,0.3377879999999891,ok,same_stridge_core,Hx;D_x^1.350866 H;Hxxx;H*Hxxx,0.015,1.0553266722558925
0.768688691509323,1.2840790735015033,0.0,-0.9975846167404537,0;0;-0.99758461674;0;-0.221732453954;0;0;0.0818001088986;0;0;0;0,53240.01484780861,0.005,403,3e-06,1.452783393640395,,0.00047946063971435383,0.9721698000000174,0.043028200000037486,1.0152041000000054,ok,same_stridge_core,Hx;Hxxx;H*Hxx,0.02943711060181648,0.9736232600101175
0.7199958128125314,1.0638303035690573,0.04916753233958221,-1.1695814619528537,0.0150005202089;0;-1.16958146195;0.0491675323396;0;0;0;0.0579182008834;0;0;0;0,53525.54216050421,0.005,404,3e-06,1.5631183755808606,,0.00044399888667822707,0.5157498000000373,0.05118079999999736,0.5669356000000221,ok,same_stridge_core,1;Hx;D_x^1.06383 H;H*Hxx,0.01,0.9208118696548101
0.7358202957034742,1.8230365573095408,0.10806806837140548,-1.083448432796035,0;0;-1.0834484328;0.108068068371;0;0;0;0.0526271844416;0;0;0;0,56771.252128764616,0.005,405,3e-06,1.4496926101946537,,0.0004574382195588997,0.9542741999999862,0.04878469999999879,1.0030697999999916,ok,same_stridge_core,Hx;D_x^1.823037 H;H*Hxx,0.015,0.9387513410357722
0.7519566254568989,1.4000847588868963,0.22911236628188048,-1.179809124441955,0;0;-1.17980912444;0.229112366282;-1.60099923545;0;0;0;0.13642935117;0;0;0,53069.189604670006,0.005,406,3e-06,1.6644608138184696,,0.0005450536236315161,0.5541357000000176,0.03829039999999395,0.59243570000001,ok,same_stridge_core,Hx;D_x^1.400085 H;Hxxx;H*Hxxx,0.019440744645909887,1.0276305385624296
0.7429952059391077,1.3571466490232225,0.08399126479752991,-1.0777013080919897,0.0188138266004;0;-1.07770130809;0.0839912647975;0.319788475689;0;0;0.0655256199398;0;0;0;0,53131.95603507216,0.005,407,3e-06,1.6126958790351913,,0.0003483921133030449,0.5395058999999947,0.04368490000001657,0.583199000000036,ok,same_stridge_core,1;Hx;D_x^1.357147 H;Hxxx;H*Hxx,0.015,0.815716538509109
0.7327874606701831,1.0133442574442018,0.0,-1.0848950293829316,0;0;-1.08489502938;0;0;0;0;0.0700650451256;0;0;0;0,53579.98970378429,0.005,408,3e-06,1.285856337687757,,0.00048078289066132146,0.9452665000000025,0.050470099999984086,0.9957453999999757,ok,same_stridge_core,Hx;H*Hxx,0.02442208462332302,0.9643763994650512
0.7371345127918851,1.9631437080079004,0.0,-1.0727474838453053,0;0;-1.07274748385;0;0;0;0;0.0718635083351;0;0;0;0,62576.43216413625,0.005,409,3e-06,1.3210841464100318,,0.00046098735951863307,0.9268003999999905,0.04956270000002405,0.9763740000000212,ok,same_stridge_core,Hx;H*Hxx,0.04,0.9456255534252144
0.7428638930152247,1.1923990761630463,0.0,-1.0568864687265922,0;0;-1.05688646873;0;0;0;0;0.0741876402064;0;0;0;0,53368.15569442641,0.005,410,3e-06,1.250943670922794,,0.0004446708817602504,0.5352932000000123,0.05245350000001281,0.5877669000000196,ok,same_stridge_core,Hx;H*Hxx,0.02,0.9307347367562354
0.7402571625158377,1.282331458548514,0.0,-1.0687669682081198,0;0;-1.06876696821;0;-0.102679319387;0;0;0.0721054301832;0;0;0;0,53242.558416234635,0.005,411,3e-06,1.413322930174382,,0.0004483849797130365,0.9249028000000408,0.05132939999998598,0.9762377000000129,ok,same_stridge_core,Hx;Hxxx;H*Hxx,0.028074413305992252,0.9341399044282702
0.7642342176130341,1.6254598683444204,0.0,-1.0084787257984564,0;0;-1.0084787258;0;-0.203306913335;0;0;0.0803609260124;0;0;0;0,53037.76568885706,0.005,412,3e-06,1.4311142201413425,,0.0004609076042491383,0.3139193000000091,0.0481628999999657,0.3620874999999728,ok,same_stridge_core,Hx;Hxxx;H*Hxx,0.024523046115883768,0.9537743289416291
0.7431361695445249,1.2463676473830565,0.0,-1.0561369206852302,0;0;-1.05613692069;0;0;0;0;0.0742967909898;0;0;0;0,53294.12559025314,0.005,413,3e-06,1.2500670432619048,,0.0004441607636327904,0.9499543000000017,0.04643939999999702,0.9963989999999967,ok,same_stridge_core,Hx;H*Hxx,0.02,0.9303022897203859
0.7491911376909237,1.3319420177448793,0.2023188718385981,-1.206033658119092,0;0;-1.20603365812;0.202318871839;-1.81065954139;0;0;0;0.136198765463;0;0;0,53169.42453052296,0.005,414,3e-06,1.714821177880929,,0.0005968137617422833,0.923725300000001,0.038860600000020895,0.9625930999999923,ok,same_stridge_core,Hx;D_x^1.331942 H;Hxxx;H*Hxxx,0.02,1.0767880835146535
0.7456551269958788,1.2531133047619247,0.04335868489860114,-1.0517531235732627,0.0204379671449;0;-1.05175312357;0.0433586848986;0.59657357326;0;0;0.0796061381694;-0.034650987297;0;0;0,53284.57573037072,0.005,415,3e-06,1.7763860536234548,,0.00034685546656437955,0.9230388000000289,0.04955219999999372,0.9725981999999931,ok,same_stridge_core,1;Hx;D_x^1.253113 H;Hxxx;H*Hxx;H*Hxxx,0.011363636363636362,0.8172636904767818
0.7469351027644975,1.323147923845082,0.05737336090550724,-1.050344507838277,0.0205599454992;0;-1.05034450784;0.0573733609055;0.569518658234;0;0;0.0767392119331;-0.0268952130034;0;0;0,53182.49036150282,0.005,416,3e-06,1.7679517708512815,,0.00034216795392527036,0.9316228000000137,0.0537426999999866,0.9853734999999801,ok,same_stridge_core,1;Hx;D_x^1.323148 H;Hxxx;H*Hxx;H*Hxxx,0.01,0.8106669443442308
0.7317636241468943,1.2555462060957543,0.06589538767459806,-1.1555896361314166,0;0;-1.15558963613;0.0658953876746;-0.446659752825;0;0;0.0426488060328;0;0;0;0,53281.116758278695,0.005,417,3e-06,1.5587455509052601,,0.0004325023842374297,0.5379783000000202,0.04956449999997403,0.587551000000019,ok,same_stridge_core,Hx;D_x^1.255546 H;Hxxx;H*Hxx,0.02,0.9193721498059158
0.7374237296460687,1.228249324515199,0.0,-1.071942766107762,0;0;-1.07194276611;0;0;0;0;0.0719820840382;0;0;0;0,53319.46388355682,0.005,418,3e-06,1.2645235845396825,,0.0004599022368622006,0.29944269999998596,0.04318299999999908,0.3426317999999924,ok,same_stridge_core,Hx;H*Hxx,0.025,0.9446068012383416
0.7374136505314782,1.7831097792138015,0.12911276386148818,-1.0834721253226427,0;0;-1.08347212532;0.129112763861;0;0;0;0.0481148743138;0;0;0;0,55213.52149572113,0.005,419,3e-06,1.4242175140522964,,0.0004463428430863797,0.9506913000000168,0.054631199999960245,1.0053304999999568,ok,same_stridge_core,Hx;D_x^1.78311 H;H*Hxx,0.02,0.9272958205908061
0.7443802964792318,1.2579230812109345,0.05167740504838417,-1.0641737279500965,0.019544890239;0;-1.06417372795;0.0516774050484;0.334588904334;0;0;0.0756671627255;0;0;0;0,53277.72997549453,0.005,420,3e-06,1.6186117836161589,,0.0003500771796102541,0.3010293000000388,0.045461000000045715,0.3464956999999913,ok,same_stridge_core,1;Hx;D_x^1.257923 H;Hxxx;H*Hxx,0.015,0.8194458339837409
0.7468358009380964,1.6879112100350568,0.1572440725133553,-1.0706895747815124,0;0;-1.07068957478;0.157244072513;0;0;0;0.0421276699082;0;0;0;0,53406.239995941105,0.005,421,3e-06,1.376582212563646,,0.0004145929431389432,0.9288985000000025,0.0491221000000337,0.9780256000000236,ok,same_stridge_core,Hx;D_x^1.687911 H;H*Hxx,0.019946174688057053,0.8959260526001761
0.7414930595128199,1.3713135278139659,0.06965504714006418,-1.1119115385299074,0;0;-1.11191153853;0.0696550471401;-0.327633995558;0;0;0.0486527091843;0;0;0;0,53111.00536172325,0.005,422,3e-06,1.5443140829525293,,0.0004202048117047893,0.5354937999999834,0.04364719999995259,0.5791470000000345,ok,same_stridge_core,Hx;D_x^1.371314 H;Hxxx;H*Hxx,0.015,0.9069820186118501
0.7422079149778611,1.1945128581788131,0.0,-1.0586938871774476,0;0;-1.05869388718;0;0;0;0;0.0739241871755;0;0;0;0,53365.34052480973,0.005,423,3e-06,1.2520700991001603,,0.0004459964606038838,0.9297065000000089,0.04645610000000033,0.9761706000000459,ok,same_stridge_core,Hx;H*Hxx,0.02,0.931878055951302
0.7423119749831937,1.2236739422545475,0.0,-1.0584070246118202,0;0;-1.05840702461;0;0;0;0;0.073966025796;0;0;0;0,53325.78744011772,0.005,424,3e-06,1.251641906611639,,0.00044577695983134016,0.9531749999999874,0.046629399999972065,0.9998163999999861,ok,same_stridge_core,Hx;H*Hxx,0.02,0.9316871819709328
0.7498619484917692,1.2430667551402035,0.17245168403590466,-1.2309086464232273,0;0;-1.23090864642;0.172451684036;-2.16721505887;0;0;0;0.13808930602;0;0;0,53298.7761274762,0.005,425,3e-06,1.849576570598278,,0.0007505730504177636,0.9516494999999736,0.04412630000001627,0.9957818999999972,ok,same_stridge_core,Hx;D_x^1.243067 H;Hxxx;H*Hxxx,0.02098941867949805,1.2099912570685636
0.743945197762562,1.4509999151726836,0.0887404755629218,-1.1029856277176202,0;0;-1.10298562772;0.0887404755629;-0.284970037788;0;0;0.04620035723;0;0;0;0,53000.807788975915,0.005,426,3e-06,1.5382113759849854,,0.0004162855130045612,0.5664542000000097,0.051812699999970846,0.6182785999999965,ok,same_stridge_core,Hx;D_x^1.451 H;Hxxx;H*Hxx,0.015,0.9022016825172744
0.7341564681244519,1.7601189163167537,0.1236357258027362,-1.093922989513701,0;0;-1.09392298951;0.123635725803;0;0;0;0.0469279701089;0;0;0;0,54564.55231082068,0.005,427,3e-06,1.4328207197501581,,0.00046079625531439015,0.9668211000000042,0.053066400000034264,1.0199021000000243,ok,same_stridge_core,Hx;D_x^1.760119 H;H*Hxx,0.02493824995885293,0.9417397489527719
0.7523742238573345,1.2693826261646977,0.18329829733775513,-1.2193853001360053,0;0;-1.21938530014;0.183298297338;-2.1688489902;0;0;0;0.151602348969;0;0;0,53261.303279157415,0.005,428,3e-06,1.831226620855799,,0.0007302646012301786,0.9390902999999753,0.04082920000001877,0.9799282999999832,ok,same_stridge_core,Hx;D_x^1.269383 H;Hxxx;H*Hxxx,0.02,1.19209098150591
0.7386858631649537,1.2178619879159571,0.0,-1.0684360635081558,0;0;-1.06843606351;0;0;0;0;0.0724979816393;0;0;0;0,53333.77513857906,0.005,429,3e-06,1.2604975146170356,,0.00045549771355921716,0.9392262000000073,0.043211399999961486,0.9824424000000249,ok,same_stridge_core,Hx;H*Hxx,0.02,0.9404948637855614
0.7434244777560909,1.223836135088661,0.0,-1.0553436488964412,0;0;-1.0553436489;0;0;0;0;0.0744122398994;0;0;0;0,53325.5638872427,0.005,430,3e-06,1.2498247026356981,,0.00044364638528152203,0.9234931999999958,0.04210779999999659,0.965609699999959,ok,same_stridge_core,Hx;H*Hxx,0.02,0.9298713193122419
0.7297072472486947,1.4696046362848474,0.15264013186184464,-1.1658933006663812,0;0;-1.16589330067;0.152640131862;-0.306851062788;0;0;0.0225944876819;0;0;0;0,52979.11898857335,0.005,431,3e-06,1.5549247400033182,,0.00043661701891333307,0.9652899000000161,0.05264769999996588,1.017944,ok,same_stridge_core,Hx;D_x^1.469605 H;Hxxx;H*Hxx,0.015,0.919175312140438
0.7437244412687346,1.2041832834631325,0.0,-1.0545187583606528,0;0;-1.05451875836;0;0;0;0;0.0745322163758;0;0;0;0,53352.37075383171,0.005,432,3e-06,1.249566285737462,,0.00044313894188283256,0.9556902000000491,0.04641220000002022,1.0021083999999973,ok,same_stridge_core,Hx;H*Hxx,0.02,0.9294520612144719
0.7382024203842669,1.5312681047957222,0.13785528851082007,-1.1224142274570204,0;0;-1.12241422746;0.137855288511;-0.224075607547;0;0;0.0337669890707;0;0;0;0,52932.42048522759,0.005,433,3e-06,1.5376867064271924,,0.0004196593184193797,0.9418780999999967,0.04189879999995583,0.9837838999999917,ok,same_stridge_core,Hx;D_x^1.531268 H;Hxxx;H*Hxx,0.019440733082993145,0.9024976606044613
0.744304555146166,1.3280413421047579,0.0,-1.0583925455297227,0;0;-1.05839254553;0;-0.119832588094;0;0;0.0735602981823;0;0;0;0,53175.22259415225,0.005,434,3e-06,1.4041231833936967,,0.0004390069599615757,0.9268435999999838,0.04527860000001738,0.9721344000000158,ok,same_stridge_core,Hx;Hxxx;H*Hxx,0.02,0.9255461800463265
0.7412435857247142,1.2381668828015608,0.0,-1.0613549193735674,0;0;-1.06135491937;0;0;0;0;0.0735356565821;0;0;0;0,53305.65180470719,0.005,435,3e-06,1.2536547662798285,,0.00044819561910528486,0.9656307999999854,0.05176309999995965,1.0174021999999923,ok,same_stridge_core,Hx;H*Hxx,0.02061734670558201,0.9338208554515853
0.7433413253102232,1.2595670732518178,0.0,-1.055572394605006,0;0;-1.05557239461;0;0;0;0;0.0743789552413;0;0;0;0,53275.383392269956,0.005,436,3e-06,1.249645089046113,,0.0004437920642517748,0.9856744999999592,0.04716090000005124,1.0328405000000203,ok,same_stridge_core,Hx;H*Hxx,0.02,0.9299927886924932
0.7294101297123963,1.5555825809826875,0.16991886386105745,-1.1502730820653546,0;0;-1.15027308207;0.169918863861;-0.178892911655;0;0;0.0234259906711;0;0;0;0,52931.36908630058,0.005,437,3e-06,1.5691080806481417,,0.00045229640298508615,0.9856442999999899,0.048846900000000915,1.03449599999999,ok,same_stridge_core,Hx;D_x^1.555583 H;Hxxx;H*Hxx,0.014943566046256108,0.9339316516125347
0.7564385777162201,1.866106723973128,0.4854953307182036,-1.0408911099852383,0;0;-1.04089110999;0.485495330718;0;0;0;0;0;0;0;0,58989.54470761078,0.005,438,3e-06,1.2901321642491328,,0.00045483138389513264,0.976224000000002,0.04835830000001806,1.0245891000000142,ok,same_stridge_core,Hx;D_x^1.866107 H,0.03006700141422363,0.9361948960034682
0.7504898687938056,1.797887784066217,0.41997736527674573,-1.070062580762972,0;0;-1.07006258076;0.419977365277;0;0;0;0;0;0;0;0,55724.247666023104,0.005,439,3e-06,1.272290643405961,,0.000455715245869752,0.9710680999999681,0.05642499999999018,1.0274998000000437,ok,same_stridge_core,Hx;D_x^1.797888 H,0.025,0.9379451574098225
0.7433288418815559,1.1970357734217303,0.0,-1.055606740324249,0;0;-1.05560674032;0;0;0;0;0.0743739575184;0;0;0;0,53361.9710594269,0.005,440,3e-06,1.2501829905146966,,0.0004438141573488764,0.978636100000017,0.044576199999994515,1.0232198999999582,ok,same_stridge_core,Hx;H*Hxx,0.02,0.9300111641581353
0.7462925423478941,1.7863117469434866,0.4030268127744612,-1.0830336267444152,0;0;-1.08303362674;0.403026812774;0;0;0;0;0;0;0;0,55317.70623565948,0.005,441,3e-06,1.278020945665675,,0.00046373284129637177,0.3100048000000015,0.04724930000003269,0.3572611999999822,ok,same_stridge_core,Hx;D_x^1.786312 H,0.04,0.9461147082517182
0.7364764470296845,1.828044924152948,0.11011733319255881,-1.08144110172878,0;0;-1.08144110173;0.110117333193;0;0;0;0.0527040539788;0;0;0;0,57005.61560516014,0.005,442,3e-06,1.44882523205573,,0.0004544691593395367,0.9973461999999813,0.04994040000002542,1.0472928000000366,ok,same_stridge_core,Hx;D_x^1.828045 H;H*Hxx,0.015,0.9357746916092887
0.7431361695445249,1.1710803651001467,0.0,-1.056136920685231,0;0;-1.05613692069;0;0;0;0;0.0742967909898;0;0;0;0,53396.14388741852,0.005,443,3e-06,1.2506791530448966,,0.0004441607636327903,0.577136199999984,0.04365389999998115,0.6207971000000043,ok,same_stridge_core,Hx;H*Hxx,0.02,0.9303022897203854
0.7432531766794075,1.1626876923856986,0.0,-1.0558149265353862,0;0;-1.05581492654;0;0;0;0;0.074343659754;0;0;0;0,53406.95800174283,0.005,444,3e-06,1.2505658241065145,,0.0004439488451750297,1.0537459999999896,0.049028599999985545,1.1027820999999562,ok,same_stridge_core,Hx;H*Hxx,0.02,0.9301240760960576
0.7313680804770035,1.4408725951920023,0.1357452204505288,-1.16137373967434,0;0;-1.16137373967;0.135745220451;-0.3389268935;0;0;0.026556034795;0;0;0;0,53013.52699403168,0.005,445,3e-06,1.5488756195131592,,0.0004294447107838069,1.022020800000007,0.05002389999998513,1.0720569000000069,ok,same_stridge_core,Hx;D_x^1.440873 H;Hxxx;H*Hxx,0.019440759533183003,0.9127132955847792
0.7434792995402397,1.2272040288065524,0.0,-1.0551928561226591,0;0;-1.05519285612;0;0;0;0;0.0744341768418;0;0;0;0,53320.911153261746,0.005,446,3e-06,1.2497177068734704,,0.0004435514354311149,1.0384837999999945,0.04843579999999292,1.0869298000000072,ok,same_stridge_core,Hx;H*Hxx,0.02,0.9297922399538998
0.7317636241468943,1.8385027300051304,0.0,-1.0877703700439647,0;0;-1.08777037004;0;0;0;0;0.0696370291609;0;0;0;0,57519.55260610684,0.005,447,3e-06,1.3148456067740153,,0.00048641760746474973,0.624097699999993,0.054753400000038255,0.6788627999999903,ok,same_stridge_core,Hx;H*Hxx,0.02943428509612139,0.9697282911373742
0.7430288455706986,1.2621941039204065,0.0,-1.056432328115904,0;0;-1.05643232812;0;0;0;0;0.0742537774924;0;0;0;0,53271.62658639724,0.005,448,3e-06,1.2500996064216916,,0.0004443590751110268,1.0198212999999896,0.05133240000003525,1.0711694000000307,ok,same_stridge_core,Hx;H*Hxx,0.02,0.9304698469033081
0.749609865135588,1.3297366396179717,0.2019403825284264,-1.2059942230462726,0;0;-1.20599422305;0.201940382528;-1.83502365215;0;0;0;0.138343403445;0;0;0,53172.70314857277,0.005,449,3e-06,1.7207851557941078,,0.0006034287439664292,1.1069764999999734,0.053685500000028696,1.1606731999999624,ok,same_stridge_core,Hx;D_x^1.329737 H;Hxxx;H*Hxxx,0.02999796768813523,1.0827127180112346
0.744051286183389,1.2623431665067886,0.0,-1.0536204736501886,0;0;-1.05362047365;0;0;0;0;0.0746627834885;0;0;0;0,53271.41308102854,0.005,450,3e-06,1.2486578978924006,,0.00044261832735875776,1.0546681000000149,0.05109570000001895,1.1057691999999975,ok,same_stridge_core,Hx;H*Hxx,0.02,0.9290294194062293
0.7460862355424398,1.2114038868155181,0.03411466864882727,-1.0459417367193766,0.0205576920131;0;-1.04594173672;0.0341146686488;0.630995537993;0;0;0.0828022824816;-0.038095398692;0;0;0,53342.59059957257,0.005,451,3e-06,1.779524269671447,,0.0003481121127907489,1.1585704999999962,0.06753320000001395,1.2261091999999962,ok,same_stridge_core,1;Hx;D_x^1.211404 H;Hxxx;H*Hxx;H*Hxxx,0.01,0.8193576388791408
0.7414930595128199,1.5932414909779509,0.29658980006559693,-1.1328230247228959,0;0;-1.13282302472;0.296589800066;0;0;0;0;0;0;0;0,52962.83569577065,0.005,452,3e-06,1.2622546058316928,,0.000463235730516619,0.7614552000000003,0.050631999999950494,0.8121007000000304,ok,same_stridge_core,Hx;D_x^1.593241 H,0.05499999999999999,0.9444775916570689
0.7327802516674878,1.1945128581788131,0.0,-1.0849152495596333,0;0;-1.08491524956;0;0;0;0;0.0700620384838;0;0;0;0,53365.34052480973,0.005,453,3e-06,1.2846049020439603,,0.00048082123090319,0.3386532000000102,0.05710450000003675,0.3957647999999949,ok,same_stridge_core,Hx;H*Hxx,0.03520059417706474,0.9644128588951018
0.739179892444971,1.43622598086619,0.10209511108697818,-1.1247987851257624,0;0;-1.12479878513;0.102095111087;-0.311118052305;0;0;0.0397151575974;0;0;0;0,53019.54178793809,0.005,454,3e-06,1.538916883428774,,0.00041775683184392136,1.0141242999999918,0.0554700000000139,1.0696052999999779,ok,same_stridge_core,Hx;D_x^1.436226 H;Hxxx;H*Hxx,0.015,0.902682381973517
0.755350519708767,1.412616199043552,0.2700398993909953,-1.1619307211473402,0.0128828287064;0;-1.16193072115;0.270039899391;-0.449476534533;0;0;0;0;0;0;0,53051.49646178011,0.005,455,3e-06,1.671177040732217,,0.0005507253432100693,1.1627235999999925,0.04540499999995973,1.2081450000000018,ok,same_stridge_core,1;Hx;D_x^1.412616 H;Hxxx,0.015,1.0345590831908558
0.7503572081484405,1.7300072721545297,0.3775601024808059,-1.0840163769087843,0;0;-1.08401637691;0.377560102481;0;0;0;0;0;0;0;0,53945.11171573782,0.005,456,3e-06,1.2567271325121578,,0.00045046906881259077,1.2062172999999916,0.05182170000000497,1.258046400000012,ok,same_stridge_core,Hx;D_x^1.730007 H,0.030000000000000002,0.9330564622177309
0.7438218819789841,1.202338654874511,0.04073120985106601,-1.062844746434402,0.0193534328424;0;-1.06284474643;0.0407312098511;0.325894206371;0;0;0.0784528129115;0;0;0;0,53354.85610593465,0.005,457,3e-06,1.625206707300037,,0.000354185167447255,0.42823479999998426,0.05466469999998935,0.4829060999999797,ok,same_stridge_core,1;Hx;D_x^1.202339 H;Hxxx;H*Hxx,0.015,0.8248838657110172
0.7426007897622726,1.5317753227394306,0.12339542952276955,-1.1059290984709818,0;0;-1.10592909847;0.123395429523;-0.228493155041;0;0;0.0393294186067;0;0;0;0,52932.26912747054,0.005,458,3e-06,1.532914724814455,,0.0004139818964584979,1.0973721999999952,0.04428780000000643,1.1416651999999772,ok,same_stridge_core,Hx;D_x^1.531775 H;Hxxx;H*Hxx,0.02551685303001092,0.8977274952848086
0.7456292861557783,1.2689407772869703,0.17810609224334142,-1.23073973829101,0;0;-1.23073973829;0.178106092243;-1.92934977965;0;0;0;0.12243302795;0;0;0,53261.9395636214,0.005,459,3e-06,1.767926539530526,,0.0006530121123419944,0.3845448999999803,0.05078830000002199,0.4353452999999945,ok,same_stridge_core,Hx;D_x^1.268941 H;Hxxx;H*Hxxx,0.019493116124193997,1.128783264767069
0.7424014172396174,1.223836135088661,0.0,-1.0581605052453131,0;0;-1.05816050525;0;0;0;0;0.074001971008;0;0;0;0,53325.5638872427,0.005,460,3e-06,1.2514792462250208,,0.0004455910918105142,0.37459410000002435,0.05001930000003085,0.42462019999999256,ok,same_stridge_core,Hx;H*Hxx,0.02,0.9315258629015647
0.7411292095052683,1.779016234902014,0.14590754103095943,-1.0750477056418977,0;0;-1.07504770564;0.145907541031;0;0;0;0.0463433194547;0;0;0;0,55085.41328272124,0.005,461,3e-06,1.4074211225573605,,0.00043097606446602634,1.1485043000000132,0.063427699999977,1.211943299999973,ok,same_stridge_core,Hx;D_x^1.779016 H;H*Hxx,0.025,0.9116524030128693
0.7323958706940286,1.8624301177901934,0.06943621037145266,-1.0890437015141055,0;0;-1.08904370151;0.0694362103715;0;0;0;0.0586797833898;0;0;0;0,58788.38165644757,0.005,462,3e-06,1.4903155644124395,,0.0004795044841188011,1.0415194999999926,0.06689369999998007,1.1084225000000174,ok,same_stridge_core,Hx;D_x^1.86243 H;H*Hxx,0.030468942188518904,0.9612201295044114
0.7443939307157396,1.2560726118077399,0.05119738778935972,-1.0639571366885483,0.0195487397098;0;-1.06395713669;0.0511973877894;0.334866877217;0;0;0.0758200329937;0;0;0;0,53280.367277866935,0.005,463,3e-06,1.6187698115798206,,0.00035015494697586413,1.1368716000000063,0.05042209999999159,1.1873008999999684,ok,same_stridge_core,1;Hx;D_x^1.256073 H;Hxxx;H*Hxx,0.015,0.8195643024118164
0.7457433948017466,1.3321974318301377,0.19922690106594798,-1.2118763457712916,0;0;-1.21187634577;0.199226901066;-1.68515336841;0;0;0;0.120318848573;0;0;0,53169.044709109876,0.005,464,3e-06,1.6884940891366147,,0.0005673982323011616,0.39052189999995335,0.05352520000002414,0.4440586000000053,ok,same_stridge_core,Hx;D_x^1.332197 H;Hxxx;H*Hxxx,0.02,1.0504655526272961
0.7518037940740813,1.2381668828015608,0.17206803184896596,-1.229032750637559,0;0;-1.22903275064;0.172068031849;-2.2506158997;0;0;0;0.145365681368;0;0;0,53305.65180470719,0.005,465,3e-06,1.878330420336006,,0.0007870390463607789,0.3742740999999796,0.04300839999996242,0.41729450000002544,ok,same_stridge_core,Hx;D_x^1.238167 H;Hxxx;H*Hxxx,0.02,1.2386625986795199
0.7444014133118122,1.200335011204793,0.039154899910689704,-1.0594969077661205,0.0194922313778;0;-1.05949690777;0.0391548999107;0.337826858467;0;0;0.0794523205091;0;0;0;0,53357.54956171243,0.005,466,3e-06,1.6242672848283903,,0.0003532788317030604,1.1608372999999688,0.05337450000001809,1.2142215000000078,ok,same_stridge_core,1;Hx;D_x^1.200335 H;Hxxx;H*Hxx,0.015,0.8239040414027037
0.7642886161771658,1.297155719988361,0.0,-1.0083451154199996,0;0;-1.00834511542;0;-0.203532501787;0;0;0.0803786769903;0;0;0;0,53220.889740966304,0.005,467,3e-06,1.432979369590939,,0.00046110673029959096,1.0439071000000126,0.05630229999997027,1.100219299999992,ok,same_stridge_core,Hx;Hxxx;H*Hxx,0.03272222222222223,0.9539913619222422
0.7433854036216814,1.226950724338021,0.0,-1.0554511355339475,0;0;-1.05545113553;0;0;0;0;0.0743966007947;0;0;0;0,53321.261750319965,0.005,468,3e-06,1.2498556613346485,,0.0004437146095516579,1.0942726000000107,0.0499889999999823,1.1442683999999872,ok,same_stridge_core,Hx;H*Hxx,0.02,0.9299280908327289
0.7425848536727266,1.8541414831827785,0.0,-1.0576550393263768,0;0;-1.05765503933;0;0;0;0;0.074075654468;0;0;0;0,58338.46222490139,0.005,469,3e-06,1.2812343411606868,,0.00044521793229295315,0.5921328999999673,0.052484199999980774,0.6446258999999941,ok,same_stridge_core,Hx;H*Hxx,0.029919734278067604,0.9312035678112786
0.7379602402869846,1.6826629364017895,0.1498086009210731,-1.0946163980289987,0;0;-1.09461639803;0.149808600921;0;0;0;0.0399069206896;0;0;0;0,53359.13752362898,0.005,470,3e-06,1.3956902799474395,,0.0004349976464077454,1.0626393999999664,0.04502220000000534,1.1076909000000228,ok,same_stridge_core,Hx;D_x^1.682663 H;H*Hxx,0.025,0.9154580422347787
0.744294179810981,1.216148126203699,0.04252086046631169,-1.0613618207934592,0.0194943501452;0;-1.06136182079;0.0425208604663;0.334421158339;0;0;0.0783229976132;0;0;0;0,53336.12082173159,0.005,471,3e-06,1.622918041980177,,0.0003525599979576956,1.1361101999999619,0.05533279999997376,1.1914538000000334,ok,same_stridge_core,1;Hx;D_x^1.216148 H;Hxxx;H*Hxx,0.015,0.8228762296542032
0.7210680982425528,1.3286417437483162,0.18669495409155681,-1.2297632722816552,0;0;-1.22976327228;0.186694954092;0;0;0;0;0;0;0;0,53174.330436341086,0.005,472,3e-06,1.4067548110147412,,0.000623946765458221,1.1443552999999724,0.05305449999997336,1.1974182999999812,ok,same_stridge_core,Hx;D_x^1.328642 H,0.035,1.0877088283966947
0.7366729375304717,1.2862330597029878,0.06007805881474491,-1.131516261849014,0;0;-1.13151626185;0.0600780588147;-0.386501087739;0;0;0.0477185662771;0;0;0;0,53236.875528679484,0.005,473,3e-06,1.552258032296074,,0.0004262901825103245,1.02059509999998,0.05031250000001819,1.0709125999999856,ok,same_stridge_core,Hx;D_x^1.286233 H;Hxxx;H*Hxx,0.02,0.9134155259519201
0.7410232105158778,1.1626876923856986,0.0,-1.0619637064718819,0;0;-1.06196370647;0;0;0;0;0.0734466634623;0;0;0;0,53406.95800174283,0.005,474,3e-06,1.2547506615141328,,0.00044874042360561287,0.3491257999999675,0.0726324000000318,0.42176840000001903,ok,same_stridge_core,Hx;H*Hxx,0.020500000000000004,0.934308913503676
0.7432883064829893,1.2994235458414958,0.0,-1.0557182652501906,0;0;-1.05571826525;0;0;0;0;0.0743577279115;0;0;0;0,53217.55761909913,0.005,475,3e-06,1.2493767741843396,,0.0004438861073126587,1.1106819000000314,0.04989729999999781,1.1605859999999666,ok,same_stridge_core,Hx;H*Hxx,0.02,0.9300714284697448
0.7450632336407985,1.3007845435542915,0.18817984263000065,-1.222462067214826,0;0;-1.22246206721;0.18817984263;-1.78932372914;0;0;0;0.119880543704;0;0;0,53215.556016606606,0.005,476,3e-06,1.7200535550361509,,0.0006003509103107085,1.154812800000002,0.06233959999997296,1.2171591000000035,ok,same_stridge_core,Hx;D_x^1.300785 H;Hxxx;H*Hxxx,0.025458904004810445,1.0814668828368714
0.743186090178243,1.824699415092389,0.0,-1.055999534613649,0;0;-1.05599953461;0;0;0;0;0.0743167888619;0;0;0;0,56848.16987597303,0.005,477,3e-06,1.271314720702079,,0.00044406984149214767,0.39428900000001477,0.05905910000001313,0.4533561000000077,ok,same_stridge_core,Hx;H*Hxx,0.02,0.9302257014462408
0.7461516754225663,1.6877917280467687,0.15662290828536624,-1.0724780796796038,0;0;-1.07247807968;0.156622908285;0;0;0;0.0419842543184;0;0;0;0,53405.12588364019,0.005,478,3e-06,1.377166588355359,,0.0004153208221137865,0.9653916999999979,0.057033499999988635,1.0224312999999938,ok,same_stridge_core,Hx;D_x^1.687792 H;H*Hxx,0.022407349276238175,0.8965204554025973
0.7350773689038241,1.5584536332347,0.15322585863058774,-1.1295813648999606,0;0;-1.1295813649;0.153225858631;-0.187323359899;0;0;0.0301153997377;0;0;0;0,52932.18610846213,0.005,479,3e-06,1.5469831992665137,,0.00042971754939261016,0.7501905999999963,0.058057399999995596,0.8082580999999891,ok,same_stridge_core,Hx;D_x^1.558454 H;Hxxx;H*Hxx,0.015,0.9117969659649682
0.7447050332888633,1.2781612263174897,0.0,-1.0518253827257882,0;0;-1.05182538273;0;0;0;0;0.0749234327561;0;0;0;0,53248.61522233907,0.005,480,3e-06,1.2477813760716818,,0.0004416770788452768,1.1406509999999912,0.05203569999997626,1.1926930000000198,ok,same_stridge_core,Hx;H*Hxx,0.01950615567864574,0.9282896847376474
0.7446699830292276,1.3180499400572003,0.0,-1.0574598552251067,0;0;-1.05745985523;0;-0.121377896617;0;0;0.0736904086078;0;0;0;0,53190.05234432479,0.005,481,3e-06,1.4037379265940333,,0.000438409455111497,1.020676700000024,0.04899139999997715,1.069677200000001,ok,same_stridge_core,Hx;Hxxx;H*Hxx,0.02,0.9250274554951102
0.7435875784956545,1.2281265929440646,0.0,-1.054895070451615,0;0;-1.05489507045;0;0;0;0;0.0744774922266;0;0;0;0,53319.63386516203,0.005,482,3e-06,1.2495574152987041,,0.0004433669652086508,0.9902605999999992,0.0493731999999909,1.0396390000000224,ok,same_stridge_core,Hx;H*Hxx,0.02,0.9296396121077318
0.748534724982797,1.553732113575157,0.11321130150369002,-1.0834569540945653,0;0;-1.08345695409;0.113211301504;-0.221129618786;0;0;0.0452179765532;0;0;0;0,52930.95839871782,0.005,483,3e-06,1.533350901719784,,0.00041312080403499267,0.9754735999999866,0.044049500000028274,1.019527500000038,ok,same_stridge_core,Hx;D_x^1.553732 H;Hxxx;H*Hxx,0.02,0.8981794009351701
0.744893561380281,1.2236739422545475,0.03882832337515876,-1.0532907556605982,0.0202908792716;0;-1.05329075566;0.0388283233752;0.610275860136;0;0;0.080312666012;-0.0386833249067;0;0;0,53325.78744011772,0.005,484,3e-06,1.7804160486995197,,0.00034930709618331986,0.3092164999999909,0.04767269999996415,0.35689509999997426,ok,same_stridge_core,1;Hx;D_x^1.223674 H;Hxxx;H*Hxx;H*Hxxx,0.01,0.8205518747774009
0.7432743500014062,1.249747614784528,0.0,-1.0557566681546424,0;0;-1.05575666815;0;0;0;0;0.0743521381733;0;0;0;0,53289.34809201003,0.005,485,3e-06,1.2498283345146235,,0.0004439109401776952,0.6315885000000208,0.04166680000002998,0.673262799999975,ok,same_stridge_core,Hx;H*Hxx,0.02,0.9300922459625632
0.7459223807924599,1.2723006199090823,0.1794422322504123,-1.2292953808859255,0;0;-1.22929538089;0.17944223225;-1.92798144614;0;0;0;0.123859137663;0;0;0,53257.09541331866,0.005,486,3e-06,1.7656920396177438,,0.000650691257094251,0.3026079999999638,0.04468769999999722,0.3473022999999671,ok,same_stridge_core,Hx;D_x^1.272301 H;Hxxx;H*Hxxx,0.02,1.1266068946579197
0.7435438720925378,1.25836684615022,0.0,-1.0550152596012619,0;0;-1.0550152596;0;0;0;0;0.0744600118845;0;0;0;0,53277.09697800762,0.005,487,3e-06,1.2493633026113289,,0.00044344095958439065,0.9651840999999877,0.04705109999997603,1.012247899999977,ok,same_stridge_core,Hx;H*Hxx,0.02,0.9297007207432831
0.7453773663763932,1.160499052960651,0.027174060110271254,-1.0454302456199,0.0203699395005;0;-1.04543024562;0.0271740601103;0.663470284896;0;0;0.0844110993033;-0.0442079053106;0;0;0,53409.75907327819,0.005,488,3e-06,1.785127682638726,,0.0003513660243654134,0.3154719000000341,0.06024709999996958,0.3757240000000479,ok,same_stridge_core,1;Hx;D_x^1.160499 H;Hxxx;H*Hxx;H*Hxxx,0.01,0.8237520193197184
0.7394844518312756,1.637065305797737,0.1505712617734051,-1.101926632774508,0;0;-1.10192663277;0.150571261773;-0.12150089971;0;0;0.0369923667118;0;0;0;0,53079.92885700073,0.005,489,3e-06,1.5425489921912128,,0.00042389322108830137,0.9720457000000238,0.05208590000000868,1.024139899999966,ok,same_stridge_core,Hx;D_x^1.637065 H;Hxxx;H*Hxx,0.015,0.905589845907204
0.7450651039989664,1.3073311798930818,0.19034646874539063,-1.2205183354495686,0;0;-1.22051833545;0.190346468745;-1.76334107151;0;0;0;0.119530546204;0;0;0,53205.90814394014,0.005,490,3e-06,1.7119996698888054,,0.0005917710536785603,0.9524256000000264,0.04006470000001627,0.9924976999999444,ok,same_stridge_core,Hx;D_x^1.307331 H;Hxxx;H*Hxxx,0.02099150353614639,1.0735287721615236
0.7447900842844388,1.2480162190619413,0.04416624878045306,-1.0559216669222449,0.0202466450205;0;-1.05592166692;0.0441662487805;0.591803904737;0;0;0.0786014316166;-0.0364272696366;0;0;0,53291.79722864553,0.005,491,3e-06,1.778295633350424,,0.0003483431349299507,0.31845709999998917,0.04564779999998336,0.36411550000002535,ok,same_stridge_core,1;Hx;D_x^1.248016 H;Hxxx;H*Hxx;H*Hxxx,0.011363636363636362,0.8190432832348044
0.7446031032208913,1.257953752777644,0.05113399816106193,-1.0629404813587675,0.0196018157877;0;-1.06294048136;0.0511339981611;0.338972349875;0;0;0.0760296833499;0;0;0;0,53277.68622444835,0.005,492,3e-06,1.6182090499701,,0.00034970976363349435,0.9859956999999895,0.055467399999997724,1.0414695999999708,ok,same_stridge_core,1;Hx;D_x^1.257954 H;Hxxx;H*Hxx,0.015,0.8190437566033748
0.7452282047904015,1.256301314441536,0.0,-1.0560363739769167,0;0;-1.05603637398;0;-0.123737708284;0;0;0.0738887670516;0;0;0;0,53280.04163213493,0.005,493,3e-06,1.4038361032346487,,0.0004375746460466855,1.0002673000000186,0.04948419999999487,1.0497578999999746,ok,same_stridge_core,Hx;Hxxx;H*Hxx,0.016818181818181812,0.9243157285454343
0.7451014856336502,1.3265730704962688,0.0,-1.0563593776799518,0;0;-1.05635937768;0;-0.123202252138;0;0;0.073843782346;0;0;0;0,53177.40418629255,0.005,494,3e-06,1.4030653120029115,,0.0004377558735257058,1.0338861999999835,0.043522699999982706,1.0774223000000234,ok,same_stridge_core,Hx;Hxxx;H*Hxx,0.02,0.9244686743262785
0.7445164352034724,1.6624821262912937,0.14990352458994127,-1.0790352923341575,0;0;-1.07903529233;0.14990352459;0;0;0;0.0415877302575;0;0;0;0,53209.69413365106,0.005,495,3e-06,1.3775629382632004,,0.0004174819202200926,0.9508222999999703,0.0487158999999906,0.999544300000025,ok,same_stridge_core,Hx;D_x^1.662482 H;H*Hxx,0.015,0.898675691060341
0.7445249163075361,1.324411952988187,0.0,-1.0578300361433615,0;0;-1.05783003614;0;-0.120764526335;0;0;0.0736387799159;0;0;0;0,53180.61387863468,0.005,496,3e-06,1.4038537094305212,,0.0004386417588850923,0.973756499999979,0.04396500000001424,1.0177290999999968,ok,same_stridge_core,Hx;Hxxx;H*Hxx,0.02,0.9252281845228091
0.7440881735931184,1.2962214910882022,0.0,-1.0535191288024006,0;0;-1.0535191288;0;0;0;0;0.0746775077221;0;0;0;0,53222.261108533996,0.005,497,3e-06,1.2483175010892977,,0.00044256160504967264,1.023189900000034,0.044069900000010875,1.0672678000000246,ok,same_stridge_core,Hx;H*Hxx,0.02,0.9289839344380937
0.7598100783835515,1.2106273841029611,0.0,-1.019392661737789,0;0;-1.01939266174;0;-0.184921891255;0;0;0.07890265101;0;0;0;0,53343.64622250828,0.005,498,3e-06,1.4184762102640278,,0.000447075323606061,0.9973798999999985,0.039796400000000176,1.0371855999999866,ok,same_stridge_core,Hx;Hxxx;H*Hxx,0.02,0.9383833942614532
0.7425848536727266,1.927411805317677,0.0,-1.0576550393263766,0;0;-1.05765503933;0;0;0;0;0.074075654468;0;0;0;0,61889.08263526227,0.005,499,3e-06,1.3025380636228525,,0.00044521793229295326,0.6003059000000235,0.05386870000000954,0.6541834999999878,ok,same_stridge_core,Hx;H*Hxx,0.015,0.9312035678112788
0.7443700958381068,1.1970357734217303,0.03859078263900773,-1.05940260264075,0.0194775309625;0;-1.05940260264;0.038590782639;0.337488730108;0;0;0.0795996284644;0;0;0;0,53361.9710594269,0.005,500,3e-06,1.6246495370771696,,0.00035352196126092934,0.3305872999999906,0.04247010000000273,0.37306640000002744,ok,same_stridge_core,1;Hx;D_x^1.197036 H;Hxxx;H*Hxx,0.015,0.8242199711857662
0.7446084681351972,1.3008114151214933,0.0,-1.0520904013805321,0;0;-1.05209040138;0;0;0;0;0.0748849752665;0;0;0;0,53215.516430337004,0.005,501,3e-06,1.2476832689656674,,0.00044180776633928,0.9740461000000096,0.04516489999997475,1.0192172000000141,ok,same_stridge_core,Hx;H*Hxx,0.02,0.9283901703836452
0.743632821814046,1.6254598683444204,0.139461716184097,-1.0841841767803297,0;0;-1.08418417678;0.139461716184;0;0;0;0.0419291404993;0;0;0;0,53037.76568885706,0.005,502,3e-06,1.3778911487617407,,0.000419057722940066,0.3099855000000389,0.04776120000002493,0.35775370000004614,ok,same_stridge_core,Hx;D_x^1.62546 H;H*Hxx,0.015,0.900551257562027
0.7431361695445249,1.274402930407677,0.0,-1.056136920685231,0;0;-1.05613692069;0;0;0;0;0.0742967909898;0;0;0;0,53254.057767344464,0.005,503,3e-06,1.2498266363244523,,0.0004441607636327903,0.6916355999999837,0.04220279999998411,0.7338444999999751,ok,same_stridge_core,Hx;H*Hxx,0.02,0.9303022897203854
0.7440804292724764,1.2572774935686435,0.0,-1.0535404041573455,0;0;-1.05354040416;0;0;0;0;0.0746744176509;0;0;0;0,53278.65068080823,0.005,504,3e-06,1.2486653171263278,,0.000442573467273089,0.9644586000000004,0.04758160000000089,1.01204469999999,ok,same_stridge_core,Hx;H*Hxx,0.02,0.9289934130414783
0.743723274487962,1.24862991249686,0.0,-1.0545219650605513,0;0;-1.05452196506;0;0;0;0;0.0745317502647;0;0;0;0,53290.92948045892,0.005,505,3e-06,1.2491991866116932,,0.00044314084712860003,1.041726800000049,0.04275370000004841,1.0844903000000272,ok,same_stridge_core,Hx;H*Hxx,0.02,0.9294536097289396
0.7406422350019687,1.2948618361100974,0.0,-1.0677764412888047,0;0;-1.06777644129;0;-0.104314292008;0;0;0.072244939436;0;0;0;0,53224.255797049365,0.005,506,3e-06,1.4121139106585203,,0.0004472711556542647,0.9997372999999925,0.04502049999996416,1.0447647000000302,ok,same_stridge_core,Hx;Hxxx;H*Hxx,0.026489825833685483,0.9330956084850761
0.7443620403411941,1.824699415092389,0.0,-1.0527669242009143,0;0;-1.0527669242;0;0;0;0;0.0747867629693;0;0;0;0,56848.16987597303,0.005,507,3e-06,1.2697492745617278,,0.00044215427543441415,0.3136584999999741,0.04953890000001593,0.3632053999999698,ok,same_stridge_core,Hx;H*Hxx,0.025,0.9286602553058897
0.7448765895611436,1.656125291985024,0.1481372254423452,-1.0785387788923435,0;0;-1.07853877889;0.148137225442;0;0;0;0.041827885804;0;0;0;0,53171.78143061961,0.005,508,3e-06,1.3769652498811302,,0.00041706450360963726,0.9722523000000365,0.04657700000001341,1.018839899999989,ok,same_stridge_core,Hx;D_x^1.656125 H;H*Hxx,0.015,0.8984192170055537
0.74921218989704,1.8421812676380747,0.18399944379670638,-1.0495430681775324,0;0;-1.04954306818;0.183999443797;0;0;0;0.0458951765609;0;0;0;0,57707.41798479442,0.005,509,3e-06,1.4135941479360197,,0.0004140163243966891,0.9725027000000068,0.05824179999996204,1.0307502999999656,ok,same_stridge_core,Hx;D_x^1.842181 H;H*Hxx,0.01541615631086531,0.89422738607287
0.745327237253191,1.3329946851003094,0.0,-1.055783997526165,0;0;-1.05578399753;0;-0.124156219842;0;0;0.0739239099855;0;0;0;0,53167.85934953567,0.005,510,3e-06,1.402710536338646,,0.0004374363970662477,1.006424299999992,0.040136800000027506,1.0465702000000192,ok,same_stridge_core,Hx;Hxxx;H*Hxx,0.02,0.924199802192825
0.7441526209879816,1.2677268562777528,0.0,-1.0533420798679332,0;0;-1.05334207987;0;0;0;0;0.0747032310951;0;0;0;0,53263.68648347764,0.005,511,3e-06,1.2484876536838017,,0.0004424636523753065,1.0158230999999773,0.04164649999995618,1.057480499999997,ok,same_stridge_core,Hx;H*Hxx,0.02,0.9289055347829357
0.7447418796153568,1.327561742355937,0.0,-1.0572764366975027,0;0;-1.0572764367;0;-0.121682066207;0;0;0.0737159819192;0;0;0;0,53175.93535535831,0.005,512,3e-06,1.403513588205774,,0.0004382965776436203,0.9871380999999815,0.04038270000000921,1.0275303999999892,ok,same_stridge_core,Hx;Hxxx;H*Hxx,0.02,0.9249301700075494
0.7446074335454578,1.340222440252178,0.0,-1.0576194606898581,0;0;-1.05761946069;0;-0.121113527723;0;0;0.0736681519096;0;0;0;0,53157.10855343599,0.005,513,3e-06,1.4035272478038374,,0.00043850888598099646,0.9885333999999943,0.05045279999995955,1.038996499999996,ok,same_stridge_core,Hx;Hxxx;H*Hxx,0.02,0.9251132708229135
0.7437581022049646,1.3257082173569625,0.0,-1.0597885001231881,0;0;-1.05978850012;0;-0.117520583438;0;0;0.0733653465133;0;0;0;0,53178.688865149365,0.005,514,3e-06,1.405009214005478,,0.0004399763955573275,1.0295706999999652,0.04084169999998721,1.0704173999999966,ok,same_stridge_core,Hx;Hxxx;H*Hxx,0.02,0.9264010142191337
0.7508817832573577,1.2590498934604222,0.17863678378044315,-1.2248014029136236,0;0;-1.22480140291;0.17863678378;-2.15159375906;0;0;0;0.144354119406;0;0;0,53276.12208511688,0.005,515,3e-06,1.833197507165619,,0.0007316403335046098,0.31414690000002565,0.04053679999998394,0.35469040000003815,ok,same_stridge_core,Hx;D_x^1.25905 H;Hxxx;H*Hxxx,0.02054930450812804,1.1938840421442165
0.7303782030329748,1.3754552737012147,0.11383120411853144,-1.1690092461075006,0;0;-1.16900924611;0.113831204119;-0.410944060354;0;0;0.0296105423895;0;0;0;0,53104.912903380704,0.005,516,3e-06,1.55124876712626,,0.00042960673704552197,0.9661643000000026,0.04639700000001312,1.0125669000000244,ok,same_stridge_core,Hx;D_x^1.375455 H;Hxxx;H*Hxx,0.015,0.9139898122856915
0.7435438720925378,1.1237955112205251,0.028137661297588303,-1.0580609077980032,0.0190547077781;0;-1.0580609078;0.0281376612976;0.329540871046;0;0;0.082225031823;0;0;0;0,53455.54401214871,0.005,517,3e-06,1.633275804134381,,0.00035923051024215396,0.5623385999999755,0.04204240000001391,0.6043903000000341,ok,same_stridge_core,1;Hx;D_x^1.123796 H;Hxxx;H*Hxx,0.015,0.8314426439521502
0.7470039996351494,1.3310779527688794,0.05933138116595771,-1.0504920373414377,0.0205435907397;0;-1.05049203734;0.059331381166;0.567265247958;0;0;0.076268264222;-0.0262823471044;0;0;0,53170.7092382115,0.005,518,3e-06,1.7671506970872533,,0.0003417798343278789,0.9614667999999824,0.05228759999999966,1.0137649000000124,ok,same_stridge_core,1;Hx;D_x^1.331078 H;Hxxx;H*Hxx;H*Hxxx,0.01,0.8100779307994463
0.7517479931248906,1.2689407772869703,0.18268279108730037,-1.2205525819005507,0;0;-1.2205525819;0.182682791087;-2.14828832208;0;0;0;0.148899833255;0;0;0,53261.9395636214,0.005,519,3e-06,1.8257358081421335,,0.0007233440603847889,0.3148666000000162,0.041846399999997175,0.3567195999999626,ok,same_stridge_core,Hx;D_x^1.268941 H;Hxxx;H*Hxxx,0.02,1.1865925333786767
0.7458146913353907,1.2882697525156028,0.18465592977023604,-1.2248690044478177,0;0;-1.22486900445;0.18465592977;-1.8650933728;0;0;0;0.123606642775;0;0;0,53233.90310884529,0.005,520,3e-06,1.7424989283071286,,0.0006250186918569191,1.0362835999999902,0.039360199999975976,1.0756537000000321,ok,same_stridge_core,Hx;D_x^1.28827 H;Hxxx;H*Hxxx,0.030479999287406693,1.103692091000985
0.7431398945358958,1.2926356016490645,0.0,-1.0561266698068177,0;0;-1.05612666981;0;0;0;0;0.0742982817684;0;0;0;0,53227.518154506266,0.005,521,3e-06,1.2496616264722413,,0.0004441539511657797,1.0312000000000126,0.04255180000001246,1.073761999999988,ok,same_stridge_core,Hx;H*Hxx,0.02,0.9302965175452038
0.7447870777054099,1.2714894028107355,0.17830402787818042,-1.2314227954194623,0;0;-1.23142279542;0.178304027878;-1.88970558483;0;0;0;0.11883182287;0;0;0,53258.266206176246,0.005,522,3e-06,1.7568009327008154,,0.0006401498456961792,0.9958043000000316,0.03948009999999158,1.0352952000000073,ok,same_stridge_core,Hx;D_x^1.271489 H;Hxxx;H*Hxxx,0.024407430938587268,1.1177017382267005
0.7430077606685327,1.2735240649826747,0.0,-1.0564903693834764,0;0;-1.05649036938;0;0;0;0;0.074245325968;0;0;0;0,53255.32817497767,0.005,523,3e-06,1.2500351400621992,,0.00044439836183513524,0.9818127000000345,0.05170090000001437,1.0335221000000274,ok,same_stridge_core,Hx;H*Hxx,0.02,0.930503171012333
0.744700738608221,1.3321974318301377,0.0,-1.057381391863124,0;0;-1.05738139186;0;-0.1215080927;0;0;0.0737013486121;0;0;0;0,53169.044709109876,0.005,524,3e-06,1.403506967531475,,0.00043836101110367187,0.3313091999999642,0.04203920000003336,0.37335619999998926,ok,same_stridge_core,Hx;Hxxx;H*Hxx,0.02,0.9249855651494863
0.743388193047589,1.2288771125136,0.0,-1.0554434596694926,0;0;-1.05544345967;0;0;0;0;0.0743977180492;0;0;0;0,53318.593705433814,0.005,525,3e-06,1.2498355756508661,,0.00044370971337369587,0.9880618000000254,0.04056049999996958,1.0286302000000092,ok,same_stridge_core,Hx;H*Hxx,0.02,0.9299240134182634
0.7393792374698688,1.2521052519015416,0.0,-1.0665131058080444,0;0;-1.06651310581;0;0;0;0;0.0727803136947;0;0;0;0,53286.00670921234,0.005,526,3e-06,1.2581825478434443,,0.00045330501956116826,1.0015966000000276,0.04434969999999794,1.045953900000029,ok,same_stridge_core,Hx;H*Hxx,0.030000000000000002,0.9384665075881703
0.7443103153307705,1.3227075439942209,0.0,-1.0583778390524035,0;0;-1.05837783905;0;-0.1198569046;0;0;0.0735623495372;0;0;0;0,53183.14407868747,0.005,527,3e-06,1.404186002177744,,0.00043899722270834314,0.9488812999999823,0.040361799999971026,0.9892538000000286,ok,same_stridge_core,Hx;Hxxx;H*Hxx,0.02,0.9255377054695568
0.7486675772613413,1.6087626772608459,0.3033320141382453,-1.1227450588373282,0;0;-1.12274505884;0.303332014138;-0.275899134936;0;0;0;0;0;0;0,52992.09325177144,0.005,528,3e-06,1.4132274807589265,,0.00045032148918556917,0.9559031000000004,0.0471400999999787,1.0030586999999969,ok,same_stridge_core,Hx;D_x^1.608763 H;Hxxx,0.029377878574377174,0.9362986414929834
0.7450454811274821,1.3266596493312366,0.0,-1.0565021583806504,0;0;-1.05650215838;0;-0.122965495865;0;0;0.0738238892841;0;0;0;0,53177.27557858103,0.005,529,3e-06,1.4031333565956052,,0.00043783756123033125,1.0314451999999505,0.045422799999983,1.0768774999999664,ok,same_stridge_core,Hx;Hxxx;H*Hxx,0.02,0.9245378763883759
0.7433288418815559,1.353340427136972,0.0,-1.0556067403242482,0;0;-1.05560674032;0;0;0;0;0.0743739575184;0;0;0;0,53137.60564649161,0.005,530,3e-06,1.2488367980370851,,0.0004438141573488764,0.612185199999999,0.04366909999998825,0.655864500000007,ok,same_stridge_core,Hx;H*Hxx,0.025,0.9300111641581353
0.7447050332888633,1.3823278346225578,0.06125810576907407,-1.0965159156847555,0;0;-1.09651591568;0.0612581057691;-0.302524817868;0;0;0.0529992060336;0;0;0;0,53094.848089366875,0.005,531,3e-06,1.5452000200195937,,0.0004206483358421859,0.5665930000000117,0.056185599999992064,0.6227844999999661,ok,same_stridge_core,Hx;D_x^1.382328 H;Hxxx;H*Hxx,0.015476190476190477,0.9080618429471912
0.7459414686450234,1.3094804961801625,0.19181799641236694,-1.218389751760324,0;0;-1.21838975176;0.191817996412;-1.78657489513;0;0;0;0.123381398648;0;0;0,53202.734260535246,0.005,532,3e-06,1.716262565204008,,0.000596751199490735,1.0089138000000162,0.04266699999999446,1.0515885999999455,ok,same_stridge_core,Hx;D_x^1.30948 H;Hxxx;H*Hxxx,0.024408299565978623,1.0778297540775852
0.7441130371469424,1.3310192297616015,0.0,-1.0588816205896419,0;0;-1.05888162059;0;-0.119022313648;0;0;0.0734920260471;0;0;0;0,53170.79655007201,0.005,533,3e-06,1.4043723797316205,,0.00043933635809183046,0.9877718000000186,0.0484815999999455,1.0362579000000096,ok,same_stridge_core,Hx;Hxxx;H*Hxx,0.02,0.9258352107809725
0.7439877922488456,1.2410968528675155,0.0,-1.053794932394725,0;0;-1.05379493239;0;0;0;0;0.0746374301826;0;0;0;0,53301.54444522968,0.005,534,3e-06,1.2489180405483884,,0.0004427168249749867,1.029258499999969,0.04583339999999225,1.0750990999999885,ok,same_stridge_core,Hx;H*Hxx,0.02,0.9291087738770102
0.7437771271897442,1.3846236898083162,0.06549907587176827,-1.1012464607618222,0;0;-1.10124646076;0.0654990758718;-0.308470145686;0;0;0.0513049727792;0;0;0;0,53091.500075364114,0.005,535,3e-06,1.544255924578618,,0.00042002643945976057,0.9814706999999885,0.047519800000031864,1.0289973999999802,ok,same_stridge_core,Hx;D_x^1.384624 H;Hxxx;H*Hxx,0.019442892129338647,0.9071579236742486
0.7452252559576277,1.2493729606740622,0.04349797723470512,-1.0537221901278633,0.0203443885133;0;-1.05372219013;0.0434979772347;0.595035256944;0;0;0.0791856159689;-0.0356482100503;0;0;0,53289.8784510256,0.005,536,3e-06,1.7774383856273812,,0.00034764034979993405,0.9566156000000205,0.0458590000000072,1.0024842000000262,ok,same_stridge_core,1;Hx;D_x^1.249373 H;Hxxx;H*Hxx;H*Hxxx,0.01,0.8182205735089203
0.7384274234860606,1.687607573852768,0.14988643930664802,-1.0927339144393358,0;0;-1.09273391444;0.149886439307;0;0;0;0.0403118457952;0;0;0;0,53403.412705331924,0.005,537,3e-06,1.3947991282152148,,0.0004336832775425767,0.9258575999999721,0.04571049999998422,0.9715739000000099,ok,same_stridge_core,Hx;D_x^1.687608 H;H*Hxx,0.030555555555555555,0.9141684138672275
0.7448581739317356,1.2621941039204065,0.17530342505507895,-1.2339248687462359,0;0;-1.23392486875;0.175303425055;-1.92500228049;0;0;0;0.118694245624;0;0;0,53271.62658639724,0.005,538,3e-06,1.7708378328921377,,0.0006558034459900582,0.3042948000000365,0.04441440000005059,0.3487178999999969,ok,same_stridge_core,Hx;D_x^1.262194 H;Hxxx;H*Hxxx,0.025458905216507562,1.131578313855371
0.7455409121157369,1.2964518346911287,0.18714600832865322,-1.2229325640148296,0;0;-1.22293256401;0.187146008329;-1.82368846019;0;0;0;0.122209118709;0;0;0,53221.92303778984,0.005,539,3e-06,1.7294283127375514,,0.0006106743280693065,1.040726100000029,0.042232000000012704,1.0829667999999515,ok,same_stridge_core,Hx;D_x^1.296452 H;Hxxx;H*Hxxx,0.01993696648298734,1.0907652362840734
0.7441016698947285,1.267245531827355,0.0,-1.053482049959905,0;0;-1.05348204996;0;0;0;0;0.074682895504;0;0;0;0,53264.37868125831,0.005,540,3e-06,1.2485537477444795,,0.0004425409749360985,0.5623994999999695,0.0387918000000127,0.6011996000000295,ok,same_stridge_core,Hx;H*Hxx,0.02,0.9289674756569295
0.7451454694011737,1.2493406427767182,0.04366849836150999,-1.0541435297224742,0.0203261891794;0;-1.05414352972;0.0436684983615;0.594294775005;0;0;0.0790641829095;-0.0357699101522;0;0;0,53289.92414536371,0.005,541,3e-06,1.7775736026157838,,0.0003477580694197588,0.9632977999999639,0.043409600000018145,1.0067162999999937,ok,same_stridge_core,1;Hx;D_x^1.249341 H;Hxxx;H*Hxx;H*Hxxx,0.012201858369304255,0.8183549679992371
0.7383052070757654,1.2653568352393314,0.0,-1.0694928075909296,0;0;-1.06949280759;0;0;0;0;0.072342657695;0;0;0;0,53267.09229529222,0.005,542,3e-06,1.2612803392211305,,0.0004567696760368292,0.9814152999999806,0.046306399999991754,1.027729899999997,ok,same_stridge_core,Hx;H*Hxx,0.030614492247578663,0.9416777854493771
0.7422079149778611,1.2886084618746805,0.0,-1.0586938871774472,0;0;-1.05869388718;0;0;0;0;0.0739241871755;0;0;0;0,53233.408375285115,0.005,543,3e-06,1.2512785062030125,,0.0004459964606038839,0.5486474999999587,0.044097599999986414,0.5927514000000542,ok,same_stridge_core,Hx;H*Hxx,0.02,0.9318780559513018
0.7442949638642489,1.3840377838844162,0.0,-1.058417034265692,0;0;-1.05841703427;0;-0.119791972073;0;0;0.0735568786372;0;0;0;0,53092.35369760634,0.005,544,3e-06,1.4033916401847777,,0.00043902320078481643,1.0358683000000042,0.04576400000001968,1.0816376999999875,ok,same_stridge_core,Hx;Hxxx;H*Hxx,0.025,0.9255604569063205
0.7372287938823775,1.74848808886323,0.1376652245493284,-1.0878985336281641,0;0;-1.08789853363;0.137665224549;0;0;0;0.0450191699147;0;0;0;0,54297.20073385471,0.005,545,3e-06,1.4135255319219897,,0.0004440785228937691,0.9774398999999789,0.044609299999990526,1.0220577000000048,ok,same_stridge_core,Hx;D_x^1.748488 H;H*Hxx,0.0244078087375301,0.9248507253172973
0.7513378431071203,1.3242186825794362,0.20157348229325583,-1.204739500867746,0;0;-1.20473950087;0.201573482293;-1.91990303422;0;0;0;0.146675362682;0;0;0,53180.90082197428,0.005,546,3e-06,1.741874371553057,,0.0006272810725506961,1.025643500000001,0.038514200000008714,1.0641660000000002,ok,same_stridge_core,Hx;D_x^1.324219 H;Hxxx;H*Hxxx,0.03075438596491228,1.1037035616893653
0.7437885192686248,1.25836684615022,0.0,-1.0543426045854076,0;0;-1.05434260459;0;0;0;0;0.0745578266341;0;0;0;0,53277.09697800762,0.005,547,3e-06,1.2490290357673386,,0.000443034220581195,0.3222121999999672,0.043743899999981295,0.3659625000000233,ok,same_stridge_core,Hx;H*Hxx,0.02,0.9293664538992927
0.7437970411462377,1.2430398165881706,0.0,-1.0543191797063527,0;0;-1.05431917971;0;0;0;0;0.0745612327441;0;0;0;0,53298.81394653297,0.005,548,3e-06,1.2491479837318515,,0.0004430204022644648,0.9830478000000085,0.05046220000002677,1.03351669999995,ok,same_stridge_core,Hx;H*Hxx,0.02,0.9293551000526538
0.7438440265606675,1.320992037107363,0.0,-1.0595688979100102,0;0;-1.05956889791;0;-0.117884088371;0;0;0.0733960291326;0;0;0;0,53185.68959447683,0.005,549,3e-06,1.4049315984796198,,0.00043981791718656526,1.033695200000011,0.04111990000001242,1.074823600000002,ok,same_stridge_core,Hx;Hxxx;H*Hxx,0.02,0.9262603921293282
0.7372287938823775,1.1415154964898324,0.0,-1.0724851091321606,0;0;-1.07248510913;0;0;0;0;0.071902176018;0;0;0;0,53433.71986999553,0.005,550,3e-06,1.2658928490829051,,0.00046063052534463396,0.5440037999999845,0.05002000000001772,0.5940289999999777,ok,same_stridge_core,Hx;H*Hxx,0.024929206500413935,0.9452905298629319
0.7630009654818267,1.2548749921711626,0.0,-1.0115115946417672,0;0;-1.01151159464;0;-0.198190522262;0;0;0.079957330254;0;0;0;0,53282.07183507691,0.005,551,3e-06,1.4285670554984042,,0.0004565793312268091,0.9264372000000094,0.0425003000000288,0.968946399999993,ok,same_stridge_core,Hx;Hxxx;H*Hxx,0.024589393423701426,0.9490284089827121
0.7632736932365813,1.2173602000477428,0.0,-0.9560477586946502,0.0241541466969;0;-0.956047758695;0;0.809276317711;0;0;0.107724743117;-0.0148956565466;0;0;0,53334.462343530286,0.005,552,3e-06,1.604223010815974,,0.0003349770714557015,0.919666799999959,0.04917000000000371,0.9688419000000295,ok,same_stridge_core,1;Hx;Hxxx;H*Hxx;H*Hxxx,0.015,0.8042060756630197
0.7448261438389753,1.720858043078639,0.15983216826548582,-1.072545253511185,0;0;-1.07254525351;0.159832168265;0;0;0;0.0424077583618;0;0;0;0,53799.91718441112,0.005,553,3e-06,1.382738107890321,,0.0004178169029490436,0.9410818000000063,0.047280000000000655,0.9883680000000368,ok,same_stridge_core,Hx;D_x^1.720858 H;H*Hxx,0.015,0.8985388532306209
0.7452447639789702,1.3321974318301377,0.0,-1.0559941711188874,0;0;-1.05599417112;0;-0.123807644433;0;0;0.07389464177;0;0;0;0,53169.044709109876,0.005,554,3e-06,1.4028175630533413,,0.0004375513407547317,0.2958492000000206,0.04375240000001668,0.33960949999999457,ok,same_stridge_core,Hx;Hxxx;H*Hxx,0.02,0.9242961606713523
0.744413331765383,1.353019293575966,0.0,-1.058114843088804,0;0;-1.05811484309;0;-0.120292582633;0;0;0.0735990474256;0;0;0;0,53138.08251828217,0.005,555,3e-06,1.4036300503305426,,0.00043882481660919003,0.9176332000000116,0.0414815000000317,0.9591229999999769,ok,same_stridge_core,Hx;Hxxx;H*Hxx,0.02,0.9253873076660031
0.7454638714517078,1.3049470166721544,0.1898990419792752,-1.2205505979128166,0;0;-1.22055059791;0.189899041979;-1.78740215663;0;0;0;0.121486034885;0;0;0,53209.42530988257,0.005,556,3e-06,1.7180628422195625,,0.0005984299253044339,0.9008097000000248,0.03826090000001159,0.9390756999999894,ok,same_stridge_core,Hx;D_x^1.304947 H;Hxxx;H*Hxxx,0.01944141321373127,1.0795497385009716
0.7443832246171185,1.2894949760916896,0.0,-1.0527087429848976,0;0;-1.05270874298;0;0;0;0;0.074795214464;0;0;0;0,53232.11310513325,0.005,557,3e-06,1.2480288692916737,,0.0004421237087209459,0.9166467000000011,0.04198159999998552,0.9586366999999996,ok,same_stridge_core,Hx;H*Hxx,0.02,0.9286361906608742
0.7558992620264307,1.226950724338021,0.0,-0.9831812028353258,0.0204023924428;0;-0.983181202835;0;0.0591492373907;0;0;0.0990862034251;0.235050269178;0;0;-0.0231102063271,53321.261750319965,0.005,558,3e-06,1.7691662259798884,,0.00033933599392156654,0.29235599999998385,0.045815699999991466,0.3381770999999958,ok,same_stridge_core,1;Hx;Hxxx;H*Hxx;H*Hxxx;H^2*Hxxx,0.01,0.8093835144741289
0.7448459587738148,1.3205180899353148,0.0,-1.057010944125305,0;0;-1.05701094413;0;-0.122121949431;0;0;0.0737529913864;0;0;0;0,53186.392669663655,0.005,559,3e-06,1.4034698715034466,,0.00043813612775925705,0.9099244999999883,0.04580640000000358,0.9557384999999954,ok,same_stridge_core,Hx;Hxxx;H*Hxx,0.02,0.9247923374764736
0.7438579483942087,1.3144231133018551,0.0,-1.0595333233936712,0;0;-1.05953332339;0;-0.11794299923;0;0;0.0734010012345;0;0;0;0,53195.424655459596,0.005,560,3e-06,1.4049966044624878,,0.0004397924541195129,0.9051498999999694,0.04598820000001069,0.9511431000000243,ok,same_stridge_core,Hx;Hxxx;H*Hxx,0.02,0.9262377825633513
0.7441408959948047,1.3566236346592837,0.0,-1.0588104675556336,0;0;-1.05881046756;0;-0.119140129591;0;0;0.073501960372;0;0;0;0,53132.731951522124,0.005,561,3e-06,1.403986858559183,,0.0004392877359426885,0.9135679000000323,0.040566800000021885,0.954142700000034,ok,same_stridge_core,Hx;Hxxx;H*Hxx,0.02,0.9257922709954839
0.7625627667182275,1.2644461115043386,0.0,-1.0125909944202658,0;0;-1.01259099442;0;-0.196371060581;0;0;0.07981338563;0;0;0;0,53268.399092392116,0.005,562,3e-06,1.426840168705716,,0.00045512811543003354,0.9072577000000024,0.04533149999997477,0.9525977000000125,ok,same_stridge_core,Hx;Hxxx;H*Hxx,0.02,0.9474245768741868
0.7448203595789767,1.289307004692521,0.18419155867747844,-1.2262393325971515,0;0;-1.2262393326;0.184191558677;-1.8249896125;0;0;0;0.119141940477;0;0;0,53232.3877495448,0.005,563,3e-06,1.7327917088447728,,0.0006139202759532482,0.9488058000000024,0.04524039999995466,0.9940530000000081,ok,same_stridge_core,Hx;D_x^1.289307 H;Hxxx;H*Hxxx,0.01993696429448064,1.0940030558502352
0.7448253585069109,1.3507031220242485,0.0,-1.0570635003699134,0;0;-1.05706350037;0;-0.122035080955;0;0;0.0737456660534;0;0;0;0,53141.5234786614,0.005,564,3e-06,1.403093080430368,,0.0004381675272168136,0.9287630999999692,0.044643100000030245,0.9734148000000005,ok,same_stridge_core,Hx;Hxxx;H*Hxx,0.02,0.9248193691224155
0.7447839305653575,1.3549526690508005,0.0,-1.0571691655824773,0;0;-1.05716916558;0;-0.12185983748;0;0;0.0737309371067;0;0;0;0,53135.21179382358,0.005,565,3e-06,1.4030910750354626,,0.0004382313280735643,0.9112463999999818,0.04285879999997633,0.9541118999999867,ok,same_stridge_core,Hx;Hxxx;H*Hxx,0.02,0.9248741688910503
0.7449080678356449,1.299091645431637,0.18748987394889136,-1.2232240220547679,0;0;-1.22322402205;0.187489873949;-1.79032908883;0;0;0;0.119252450186;0;0;0,53218.045618370554,0.005,566,3e-06,1.7209359772701873,,0.0006012140768106315,0.9102667000000224,0.03783589999994774,0.9481114000000161,ok,same_stridge_core,Hx;D_x^1.299092 H;Hxxx;H*Hxxx,0.02545149767824511,1.0823194298497405
0.7502317370497988,1.824699415092389,0.4380918952769066,-1.065350630282666,0;0;-1.06535063028;0.438091895277;0;0;0;0;0;0;0;0,56848.16987597303,0.005,567,3e-06,1.2838151685073156,,0.00046061875816078864,0.2951520999999957,0.05310200000002396,0.34825910000000704,ok,same_stridge_core,Hx;D_x^1.824699 H,0.029370713111896842,0.9427261492514775
0.743202859258896,1.2621941039204065,0.0,-1.0559533853657104,0;0;-1.05595338537;0;0;0;0;0.0743235072985;0;0;0;0,53271.62658639724,0.005,568,3e-06,1.2498298862685004,,0.0004440394798875549,0.36438179999998965,0.044518299999992905,0.4089050000000043,ok,same_stridge_core,Hx;H*Hxx,0.02,0.930200126750117
0.7454898276433259,1.2289172010645166,0.0386411385234653,-1.0505805623985678,0.020421931801;0;-1.0505805624;0.0386411385235;0.612160388014;0;0;0.0808884773725;-0.0372603172605;0;0;0,53318.538125527215,0.005,569,3e-06,1.7789178692185796,,0.0003481860486618763,0.2866283999999837,0.041342699999972865,0.32797840000000633,ok,same_stridge_core,1;Hx;D_x^1.228917 H;Hxxx;H*Hxx;H*Hxxx,0.011363636363636362,0.8191841829590898
0.7440388336135577,1.3559250918414432,0.0,-1.0536546891741003,0;0;-1.05365468917;0;0;0;0;0.0746578116218;0;0;0;0,53133.7685202471,0.005,570,3e-06,1.2478474746930648,,0.0004426375206253368,0.8613844000000199,0.05357149999997546,0.9149620000000027,ok,same_stridge_core,Hx;H*Hxx,0.025,0.9290448635715822
0.7447724199492828,1.3679821672262127,0.0,-1.057198527539371,0;0;-1.05719852754;0;-0.121811123049;0;0;0.0737268440847;0;0;0;0,53115.91808806432,0.005,571,3e-06,1.402932732939263,,0.00043824916414041994,0.9057324999999992,0.0420105000000035,0.9477507000000287,ok,same_stridge_core,Hx;Hxxx;H*Hxx,0.02,0.924889470146684
0.7443508086973364,1.2733964017037884,0.0,-1.052797758617087,0;0;-1.05279775862;0;0;0;0;0.0747822871555;0;0;0;0,53255.512689824456,0.005,572,3e-06,1.2482061064835026,,0.0004421704884656496,0.909666800000025,0.04007500000000164,0.9497508999999695,ok,same_stridge_core,Hx;H*Hxx,0.02,0.9286730303445557
0.7422079149778611,1.3968695516787495,0.07567715456739439,-1.1096004266464714,0;0;-1.10960042665;0.0756771545674;-0.31551441296;0;0;0.0477416856323;0;0;0;0,53073.79071139516,0.005,573,3e-06,1.5422284693844333,,0.000418838633400315,0.5368541000000278,0.041346599999997125,0.578210600000034,ok,same_stridge_core,Hx;D_x^1.39687 H;Hxxx;H*Hxx,0.015,0.9053429808476915
0.7424835804456408,1.2236739422545475,0.0,-1.057934076973175,0;0;-1.05793407697;0;0;0;0;0.0740349828946;0;0;0;0,53325.78744011772,0.005,574,3e-06,1.2513348553052979,,0.00044542260786800285,0.2824049999999829,0.04418250000003354,0.32659340000003567,ok,same_stridge_core,Hx;H*Hxx,0.02,0.9313801306645916
0.7443346295741766,1.3104557100135705,0.0,-1.058315762965839,0;0;-1.05831576297;0;-0.119959778998;0;0;0.0735710124254;0;0;0;0,53201.29325891706,0.005,575,3e-06,1.4043136303431814,,0.0004389562709100861,0.9081613999999831,0.04132590000000391,0.9494923999999969,ok,same_stridge_core,Hx;Hxxx;H*Hxx,0.02,0.9255019910129277
0.7453782354999344,1.305238979639127,0.18992260800021832,-1.220609031238324,0;0;-1.22060903124;0.189922608;-1.78312090374;0;0;0;0.121080755603;0;0;0,53208.994820819666,0.005,576,3e-06,1.7170220767676163,,0.0005972751564370373,0.9289747999999918,0.04313430000001972,0.9721138000000451,ok,same_stridge_core,Hx;D_x^1.305239 H;Hxxx;H*Hxxx,0.02,1.0785141389177804
0.7437774128610766,1.780267991868016,0.15684637277394084,-1.0686276710850329,0;0;-1.06862767109;0.156846372774;0;0;0;0.0454309424969;0;0;0;0,55123.98750616139,0.005,577,3e-06,1.399533561202965,,0.00042287792190315364,0.9211275000000114,0.044948800000042866,0.9660815000000298,ok,same_stridge_core,Hx;D_x^1.780268 H;H*Hxx,0.024408691741803944,0.9034176736475124
0.7439689154205515,1.3825548167307269,0.0,-1.0592497862611538,0;0;-1.05924978626;0;-0.118412656286;0;0;0.0734406078267;0;0;0;0,53094.51679744372,0.005,578,3e-06,1.4039107886615045,,0.00043959164230608394,0.9320043999999825,0.04466819999998961,0.9766804999999863,ok,same_stridge_core,Hx;Hxxx;H*Hxx,0.025,0.926060137484511
0.7525271551108382,1.2689407772869703,0.18325689918148017,-1.2192583941666528,0;0;-1.21925839417;0.183256899181;-2.17578709904;0;0;0;0.152219429427;0;0;0,53261.9395636214,0.005,579,3e-06,1.8334664552664968,,0.0007330322998284232,0.3066398999999933,0.03580350000004273,0.342448700000034,ok,same_stridge_core,Hx;D_x^1.268941 H;Hxxx;H*Hxxx,0.02,1.1943231805030399
0.7432463686401471,1.277591628483782,0.0,-1.0558336603302183,0;0;-1.05583366033;0;0;0;0;0.0743409313638;0;0;0;0,53249.441082186015,0.005,580,3e-06,1.2496309159988066,,0.0004439610335960194,0.9124156000000312,0.039692999999999756,0.9521173999999633,ok,same_stridge_core,Hx;H*Hxx,0.02,0.9301342695056906
0.7456128834277427,1.3240427081424604,0.19638280416250053,-1.214572729939202,0;0;-1.21457272994;0.196382804163;-1.71479170615;0;0;0;0.120641309408;0;0;0,53181.16213561364,0.005,581,3e-06,1.6965832797357465,,0.0005757811406384058,0.8988590999999815,0.03770500000001675,0.9365738999999849,ok,same_stridge_core,Hx;D_x^1.324043 H;Hxxx;H*Hxxx,0.019440733069247,1.058409334108383
0.7442654425477095,1.2041832834631325,0.04017905491325329,-1.0605546560380312,0.0194664472888;0;-1.06055465604;0.0401790549133;0.334741622129;0;0;0.0790157538673;0;0;0;0,53352.37075383171,0.005,582,3e-06,1.6241539050385676,,0.00035329541208920087,0.29544199999998,0.042088299999988976,0.3375353000000132,ok,same_stridge_core,1;Hx;D_x^1.204183 H;Hxxx;H*Hxx,0.015,0.823868343731092
0.7448972800478435,1.2451333389050838,0.0,-1.0568800583178553,0;0;-1.05688005832;0;-0.122338991595;0;0;0.0737712350636;0;0;0;0,53295.86623865241,0.005,583,3e-06,1.4043885607545208,,0.0004380581739191178,0.9203909999999951,0.04358689999997978,0.9639905999999883,ok,same_stridge_core,Hx;Hxxx;H*Hxx,0.016818181818181812,0.9247257646066491
0.7448173806371646,1.2449177930318585,0.0,-1.057083844144147,0;0;-1.05708384414;0;-0.122001268471;0;0;0.073742831919;0;0;0;0,53296.17005197882,0.005,584,3e-06,1.4044954772871956,,0.0004381798086672258,0.91308140000001,0.041229100000009566,0.9543191999999863,ok,same_stridge_core,Hx;Hxxx;H*Hxx,0.016363636363636358,0.9248299468193862
0.7444054280392275,1.2973501791953015,0.0,-1.0526477805564485,0;0;-1.05264778056;0;0;0;0;0.074804064649;0;0;0;0,53220.60418271626,0.005,585,3e-06,1.2479347987986857,,0.00044209178955011705,0.9218236999999476,0.041402800000014395,0.9632315000000062,ok,same_stridge_core,Hx;H*Hxx,0.02,0.9286111737023882
0.745443881972402,1.2595670732518178,0.04528198015675344,-1.0534132000739544,0.0203800829485;0;-1.05341320007;0.0452819801568;0.59024975061;0;0;0.0788470559665;-0.0343508442015;0;0;0,53275.383392269956,0.005,586,3e-06,1.7761166057698872,,0.0003468653719026379,0.3016420000000153,0.04012750000003962,0.34177700000003597,ok,same_stridge_core,1;Hx;D_x^1.259567 H;Hxxx;H*Hxx;H*Hxxx,0.01668831168831168,0.817159704709028
0.7443832246171185,1.257719250311669,0.05162081633450043,-1.0641419530224752,0.0195456911628;0;-1.06414195302;0.0516208163345;0.334647370414;0;0;0.0756863871257;0;0;0;0,53278.02084513032,0.005,587,3e-06,1.618626565507844,,0.0003500833762551297,0.616318299999989,0.042659400000047754,0.6589843000000428,ok,same_stridge_core,1;Hx;D_x^1.257719 H;Hxxx;H*Hxx,0.015,0.8194562528308891
0.7452989405137855,1.3499713439837302,0.0,-1.0558561057229106,0;0;-1.05585610572;0;-0.124036636234;0;0;0.0739138674666;0;0;0;0,53142.61087917134,0.005,588,3e-06,1.4025159713358764,,0.0004374755936982865,0.9225914999999532,0.041678600000011556,0.9642781000000014,ok,same_stridge_core,Hx;Hxxx;H*Hxx,0.02,0.9242324734233343
0.7440754695855046,1.2419154860590205,0.0,-1.0535540295367092,0;0;-1.05355402954;0;0;0;0;0.0746724363508;0;0;0;0,53300.39472560431,0.005,589,3e-06,1.2488019087234092,,0.00044258106179474206,0.9280324999999721,0.04088740000003099,0.9689285999999697,ok,same_stridge_core,Hx;H*Hxx,0.02,0.9289995403697834
0.7432634751548062,1.3265450924895525,0.0,-1.0557865858400746,0;0;-1.05578658584;0;0;0;0;0.0743477835825;0;0;0;0,53177.44575468509,0.005,590,3e-06,1.2491732486990175,,0.0004439304462577977,0.9064491000000316,0.04024319999996351,0.9467008999999962,ok,same_stridge_core,Hx;H*Hxx,0.025,0.930108574170907
0.7446786475794851,1.3652687894668272,0.06135677595629234,-0.9725993114222603,0.0897358142231;-0.0134873368925;-0.972599311422;0.0613567759563;3.33278787393;0;-0.0120962927847;-0.0349674482813;-0.795299389805;0;0.010464073308;0.0622071113306,53119.92646857726,0.005,591,3e-06,2.3703433208326823,,0.00031233946587080403,0.9236452999999756,0.03634230000000116,0.9599943000000053,ok,same_stridge_core,1;H;Hx;D_x^1.365269 H;Hxxx;H*Hx;H*Hxx;H*Hxxx;H^2*Hxx;H^2*Hxxx,0.005,0.7767455267753647
0.7492827806816018,1.3136472704027529,0.19611779284011108,-1.211463052782147,0;0;-1.21146305278;0.19611779284;-1.89023656018;0;0;0;0.138222291818;0;0;0,53196.5729325807,0.005,592,3e-06,1.738241340960578,,0.0006222294152002763,0.5475819000000683,0.036836600000015096,0.5844668000000866,ok,same_stridge_core,Hx;D_x^1.313647 H;Hxxx;H*Hxxx,0.02,1.0998824657696096
0.7431361695445249,1.3594933688171458,0.08428353808047993,-1.0770032196362045,0.0188374894992;0;-1.07700321964;0.0842835380805;0.322923489009;0;0;0.0655948330577;0;0;0;0,53128.476235987866,0.005,593,3e-06,1.612256433415605,,0.00034807317162203344,0.526659699999982,0.042782499999930224,0.5694469999999683,ok,same_stridge_core,1;Hx;D_x^1.359493 H;Hxxx;H*Hxx,0.015,0.8153292898757871
0.7452989405137855,1.3499713439837302,0.0,-1.0558561057229106,0;0;-1.05585610572;0;-0.124036636234;0;0;0.0739138674666;0;0;0;0,53142.61087917134,0.005,594,3e-06,1.4025159713358764,,0.0004374755936982866,0.001649599999950624,0.042974599999979546,0.0446310000000949,ok,same_stridge_core,Hx;Hxxx;H*Hxx,0.02,0.9242324734233344
0.7383062566372,1.3052730924274398,0.0,-1.0694898943135078,0;0;-1.06948989431;0;0;0;0;0.0723430854429;0;0;0;0,53208.94451728044,0.005,595,3e-06,1.260928122756222,,0.00045676609882702214,0.9082435999999916,0.05214069999999538,0.9603922000000011,ok,same_stridge_core,Hx;H*Hxx,0.03047210591485723,0.9416744556525393
0.7434792995402397,1.5503589589495002,0.2825987358836465,-1.1367052649960792,0;0;-1.136705265;0.282598735884;0;0;0;0;0;0;0;0,52930.43536678636,0.005,596,3e-06,1.281509595881323,,0.00048171184821112147,0.538688900000011,0.0419809999999643,0.580677000000037,ok,same_stridge_core,Hx;D_x^1.550359 H,0.049999999999999996,0.9639269836806048
0.744741791494975,1.3126681638381326,0.0,-1.0572766609582824,0;0;-1.05727666096;0;-0.121681689422;0;0;0.0737159505362;0;0;0;0,53198.021698259145,0.005,597,3e-06,1.4037124804632184,,0.0004382967131949249,0.9395766999999751,0.046195399999987785,0.9857783999999583,ok,same_stridge_core,Hx;Hxxx;H*Hxx,0.02,0.9249302851788861
0.7456104355281005,1.2483446309566013,0.042418595721556235,-1.0515899317937956,0.020433538011;0;-1.05158993179;0.0424185957216;0.599422931151;0;0;0.0798483777605;-0.035175588413;0;0;0,53291.333061473,0.005,598,3e-06,1.7769067173363702,,0.00034713361270339476,0.9359870999999202,0.04878489999998692,0.9847770999999739,ok,same_stridge_core,1;Hx;D_x^1.248345 H;Hxxx;H*Hxx;H*Hxxx,0.015852272727272722,0.8176627222298561
0.7350773689038241,1.3201850485711395,0.0757466117652093,-1.1423847014604573,0;0;-1.14238470146;0.0757466117652;-0.397831688396;0;0;0.0423701706002;0;0;0;0,53186.88668308748,0.005,599,3e-06,1.549924947179154,,0.0004253479231691257,0.5370854999999892,0.04662710000002335,0.5837180999999418,ok,same_stridge_core,Hx;D_x^1.320185 H;Hxxx;H*Hxx,0.015,0.9116823069821042
0.7440769701363157,1.2830406965958656,0.0,-1.0535499065606864,0;0;-1.05354990656;0;0;0;0;0.0746730357518;0;0;0;0,53241.52647570467,0.005,600,3e-06,1.2484468721037167,,0.00044257874738376165,0.9064471000000367,0.0445683000000372,0.9510224000000562,ok,same_stridge_core,Hx;H*Hxx,0.02,0.9289977132494888
0.7446084681351972,1.2761731947859676,0.055644266530599715,-1.064261136294621,0.0195910540998;0;-1.06426113629;0.0556442665306;0.339269113675;0;0;0.0747298536777;0;0;0;0,53251.4960415958,0.005,601,3e-06,1.616422755367817,,0.0003487408041166127,0.5394245999999612,0.04571629999998095,0.5851457999999639,ok,same_stridge_core,1;Hx;D_x^1.276173 H;Hxxx;H*Hxx,0.015,0.8176503147438801
0.7443508086973364,1.3525829258222253,0.0,-1.0582744584859682,0;0;-1.05827445849;0;-0.120028237974;0;0;0.0735767758991;0;0;0;0,53138.730621588,0.005,602,3e-06,1.4037268592089702,,0.0004389290767554851,0.5371519999999919,0.04886030000000119,0.5860188000000335,ok,same_stridge_core,Hx;Hxxx;H*Hxx,0.02,0.9254782836146782
0.7453276116281976,1.303272441216386,0.1892274779167261,-1.2212783481745966,0;0;-1.22127834817;0.189227477917;-1.78910722569;0;0;0;0.120957504366;0;0;0,53211.89332232875,0.005,603,3e-06,1.7190577904184319,,0.0005994229703754065,0.9226684000000205,0.042588000000023385,0.9652664000000186,ok,same_stridge_core,Hx;D_x^1.303272 H;Hxxx;H*Hxxx,0.029369641274142773,1.080515070550487
0.7451200073023292,1.339556042229507,0.0,-1.0563121616054918,0;0;-1.05631216161;0;-0.123280388345;0;0;0.0738503574195;0;0;0;0,53158.100009686605,0.005,604,3e-06,1.4028689047360061,,0.0004377290937290809,0.9507778999999346,0.046475399999962974,0.9972596000000067,ok,same_stridge_core,Hx;Hxxx;H*Hxx,0.02,0.9244460046488266
0.7432743500014062,1.3434176394933397,0.0,-1.0557566681546433,0;0;-1.05575666815;0;0;0;0;0.0743521381733;0;0;0;0,53152.3557154245,0.005,605,3e-06,1.2490063802551101,,0.0004439109401776952,0.5314319000000296,0.046895400000039444,0.5783333999999059,ok,same_stridge_core,Hx;H*Hxx,0.025,0.9300922459625631
0.743945197762562,1.236481909181318,0.0,-1.053911980437499,0;0;-1.05391198044;0;0;0;0;0.0746204205308;0;0;0;0,53308.008403908345,0.005,606,3e-06,1.2490107872229668,,0.00044278367575749535,0.5571075999999948,0.047829800000045,0.6049487999999883,ok,same_stridge_core,Hx;H*Hxx,0.02,0.9291627367995167
0.7446672781973748,1.2925020050215583,0.0,-1.0519289961249445,0;0;-1.05192899612;0;0;0;0;0.0749083987217;0;0;0;0,53227.71379685807,0.005,607,3e-06,1.2476949808613185,,0.000441727846305504,0.942727199999922,0.04767499999991287,0.9904093999999759,ok,same_stridge_core,Hx;H*Hxx,0.02,0.92832869808017
0.7445716326410051,1.3075548561664292,0.0,-1.0521915045280872,0;0;-1.05219150453;0;0;0;0;0.0748703024531;0;0;0;0,53205.5780554008,0.005,608,3e-06,1.247662529430265,,0.0004418582926456795,0.9082594999999856,0.046230900000068686,0.9544958000000179,ok,same_stridge_core,Hx;H*Hxx,0.02,0.9284290610978603
0.7574906733736364,1.2494227361066765,0.0,-0.9744148964605605,0.0224542853165;0;-0.974414896461;0;0.879430289859;0;0;0.103393285519;-0.0350512812487;0;0;0,53289.8079176237,0.005,609,3e-06,1.6083816310413401,,0.0003391381816480276,0.9039798999999675,0.06380430000001525,0.9677905000000919,ok,same_stridge_core,1;Hx;Hxxx;H*Hxx;H*Hxxx,0.015,0.8090345122769846
0.7412134399666634,1.1069081135338734,0.0,-1.0663084721033635,0;0;-1.0663084721;0;-0.106738100867;0;0;0.0724514569986;0;0;0;0,53475.85618225286,0.005,610,3e-06,1.4129176494718725,,0.00044570585329732333,0.9373436000000765,0.044045900000014626,0.9813983000000235,ok,same_stridge_core,Hx;Hxxx;H*Hxx,0.02,0.9316349438315967
0.7452118292015367,1.2926356016490645,0.18561033558139214,-1.2246079368055083,0;0;-1.22460793681;0.185610335581;-1.82649379015;0;0;0;0.120835036796;0;0;0,53227.518154506266,0.005,611,3e-06,1.7316716982931541,,0.0006129213889895081,0.2993021999999428,0.03913760000000366,0.3384446999999682,ok,same_stridge_core,Hx;D_x^1.292636 H;Hxxx;H*Hxxx,0.024407346812629786,1.092941480439079
0.7450904469968695,1.2896106937283587,0.1845118061748398,-1.225696230299527,0;0;-1.2256962303;0.184511806175;-1.8336679275;0;0;0;0.120349063276;0;0;0,53231.94390647032,0.005,612,3e-06,1.73463155128676,,0.0006160593137715074,0.9535764999999401,0.046153000000003885,0.9997339999999895,ok,same_stridge_core,Hx;D_x^1.289611 H;Hxxx;H*Hxxx,0.02,1.0958482244091161
0.744654736643847,1.2378844937734017,0.04636785720734118,-1.0611018248926427,0.0196092152056;0;-1.06110182489;0.0463678572073;0.340465236081;0;0;0.0774848299133;0;0;0;0,53306.04706925778,0.005,613,3e-06,1.6200969820679636,,0.0003507261599053686,0.9108142000000043,0.044368299999973715,0.9551881999999523,ok,same_stridge_core,1;Hx;D_x^1.237884 H;Hxxx;H*Hxx,0.015,0.820506276029097
0.7445513970747772,1.3705270882602958,0.05807642084063532,-1.0964929677250803,0;0;-1.09649296773;0.0580764208406;-0.304909489315;0;0;0.0536999369213;0;0;0;0,53112.164188798364,0.005,614,3e-06,1.546170625680646,,0.0004212796680579928,0.9476104000000305,0.04515929999990931,0.992775800000004,ok,same_stridge_core,Hx;D_x^1.370527 H;Hxxx;H*Hxx,0.015476190476190477,0.9088246554150655
0.7449938886353662,1.314463240655284,0.0,-1.0566337062903843,0;0;-1.05663370629;0;-0.122747491856;0;0;0.0738055621501;0;0;0;0,53195.36529516256,0.005,615,3e-06,1.403360839871221,,0.00043791361100140307,0.9307903000000124,0.046562199999925724,0.9773573999999599,ok,same_stridge_core,Hx;Hxxx;H*Hxx,0.02,0.924602552214758
0.7455091066778682,1.3101161526276235,0.19165452222553328,-1.218934351538708,0;0;-1.21893435154;0.191654522226;-1.76828966778;0;0;0;0.121370043764;0;0;0,53201.79503930371,0.005,616,3e-06,1.7120912681169371,,0.0005920913409107124,0.9270989000000327,0.04110889999992651,0.9682129000000259,ok,same_stridge_core,Hx;D_x^1.310116 H;Hxxx;H*Hxxx,0.030468966307061543,1.0736697276452927
0.7441503130961014,1.2777738826432745,0.0,-1.053348419075288,0;0;-1.05334841908;0;0;0;0;0.0747023103296;0;0;0;0,53249.17684121215,0.005,617,3e-06,1.2484033205263327,,0.0004424671005361638,0.9319445999999516,0.04490920000000642,0.976859300000001,ok,same_stridge_core,Hx;H*Hxx,0.02,0.9289082594790598
0.7437101731579547,1.2899513815388153,0.0,-1.0545579870732593,0;0;-1.05455798707;0;0;0;0;0.074526512948;0;0;0;0,53231.44589620379,0.005,618,3e-06,1.2488599986046058,,0.0004431624247736138,0.915965300000039,0.0471332000000757,0.9631030000000464,ok,same_stridge_core,Hx;H*Hxx,0.02,0.9294713232273831
0.7440754695855046,1.302776632387507,0.048985961300879635,-0.9750458872356587,0.0915262440702;-0.0139182115587;-0.975045887236;0.0489859613009;3.24907464798;0;-0.0118730957796;-0.0330563584443;-0.773690274962;0;0.010390650878;0.0605360215468,53212.623651974136,0.005,619,3e-06,2.37477219067093,,0.0003137102319500386,0.5568183000000317,0.046295699999973294,0.6031205000000455,ok,same_stridge_core,1;H;Hx;D_x^1.302777 H;Hxxx;H*Hx;H*Hxx;H*Hxxx;H^2*Hxx;H^2*Hxxx,0.005,0.778393481111706
0.7438396343880953,1.2910049232466196,0.0,-1.0542021059139706,0;0;-1.05420210591;0;0;0;0;0.0745782505069;0;0;0;0,53229.9049857438,0.005,620,3e-06,1.248678504730186,,0.0004429516523115109,0.9263098000000127,0.046537599999965096,0.9728574999999182,ok,same_stridge_core,Hx;H*Hxx,0.02,0.9292990748157233
0.7447741179412495,1.2752015034053457,0.0,-1.057194197439633,0;0;-1.05719419744;0;-0.121818346414;0;0;0.0737274478119;0;0;0;0,53252.90257389263,0.005,621,3e-06,1.4041633861886558,,0.00043824654066101346,0.9043788000000177,0.056693399999971916,0.961080700000025,ok,same_stridge_core,Hx;Hxxx;H*Hxx,0.01637582170915505,0.9248872630236221
0.7451724091111397,1.573386734696126,0.1292888578872847,-1.0934307177833873,0;0;-1.09343071778;0.129288857887;-0.197660114106;0;0;0.0408089821465;0;0;0;0,52940.281761368744,0.005,622,3e-06,1.5309713857975193,,0.00041214842701136316,0.9067632000000003,0.04735959999993611,0.9541274000000612,ok,same_stridge_core,Hx;D_x^1.573387 H;Hxxx;H*Hxx,0.015,0.8956880046610944
0.7445128225788276,1.274402930407677,0.042852629368594214,-0.9719753604845487,0.0927846647691;-0.014167252898;-0.971975360485;0.0428526293686;3.25043651681;0;-0.0118597367365;-0.030965231618;-0.772321650852;0;0.010301942277;0.0604241348219,53254.057767344464,0.005,623,3e-06,2.375283041685191,,0.00031316011895769595,0.3127933999999186,0.04205320000005486,0.3548592000000781,ok,same_stridge_core,1;H;Hx;D_x^1.274403 H;Hxxx;H*Hx;H*Hxx;H*Hxxx;H^2*Hxx;H^2*Hxxx,0.005,0.7776613086648573
0.7440502202540519,1.2572774935686435,0.0,-1.0536234023967157,0;0;-1.0536234024;0;0;0;0;0.0746623585544;0;0;0;0,53278.65068080823,0.005,624,3e-06,1.2487026606964529,,0.0004426199695766537,0.3554499000000533,0.04353009999999813,0.3989854999999807,ok,same_stridge_core,Hx;H*Hxx,0.02,0.9290307566116036
0.7445182957030594,1.24862991249686,0.0491344338344775,-1.0626955105271476,0.0195800495776;0;-1.06269551053;0.0491344338345;0.337427493157;0;0;0.0765398670359;0;0;0;0,53290.92948045892,0.005,625,3e-06,1.619280854302045,,0.0003503564648557071,0.29665699999998196,0.04921660000002248,0.34587809999993624,ok,same_stridge_core,1;Hx;D_x^1.24863 H;Hxxx;H*Hxx,0.015,0.8199169120951612
0.747853344774418,1.509652616753523,0.09726829409422234,-1.0868931435071292,0;0;-1.08689314351;0.0972682940942;-0.248083190145;0;0;0.0474196302951;0;0;0;0,52943.042994082796,0.005,626,3e-06,1.5363047697098495,,0.0004150862711065691,0.9396310999999287,0.04864820000000236,0.9882888999999295,ok,same_stridge_core,Hx;D_x^1.509653 H;Hxxx;H*Hxx,0.02,0.9009882537808559
0.7317902542223926,1.3394771554529479,0.09185676407807546,-1.05074009569937,0.0791420871081;-0.0120417346464;-1.0507400957;0.0918567640781;2.64095281789;0;-0.0103459813655;-0.0644522008551;-0.650492923794;0;0.0119974734549;0.0514425696924,53158.21720823853,0.005,627,3e-06,2.4054080403149287,,0.00033989050571137683,0.9490908999999874,0.04334070000004431,0.9924392000000353,ok,same_stridge_core,1;H;Hx;D_x^1.339477 H;Hxxx;H*Hx;H*Hxx;H*Hxxx;H^2*Hxx;H^2*Hxxx,0.005,0.8106615240677728
0.7415008868740098,1.0994160482414164,0.0,-1.0655703632651607,0;0;-1.06557036327;0;-0.107957461362;0;0;0.0725551903353;0;0;0;0,53484.71641151007,0.005,628,3e-06,1.4123023966212005,,0.00044495728848582925,0.9559092000000646,0.04390519999992648,0.9998196000000235,ok,same_stridge_core,Hx;Hxxx;H*Hxx,0.02,0.9309399489176099
0.7448985130736325,1.335495887898519,0.0,-1.0568769146527666,0;0;-1.05687691465;0;-0.122344218611;0;0;0.0737716719913;0;0;0;0,53164.139383585745,0.005,629,3e-06,1.4032014211893977,,0.000438056277762556,0.9249824999999419,0.04874179999990247,0.9737308999999641,ok,same_stridge_core,Hx;Hxxx;H*Hxx,0.02,0.9247241667371261
0.7440388336135577,1.5795841205765486,0.13387438561234494,-1.096494912015453,0;0;-1.09649491202;0.133874385612;-0.189034151209;0;0;0.0395597031099;0;0;0;0,52945.743909959674,0.005,630,3e-06,1.531336106415122,,0.0004128557259891326,0.5251134000000093,0.04317109999999502,0.5682894999999917,ok,same_stridge_core,Hx;D_x^1.579584 H;Hxxx;H*Hxx,0.02,0.8959871794956059
0.7437656489541261,1.2839926087260436,0.0,-1.0544054750420477,0;0;-1.05440547504;0;0;0;0;0.074548688516;0;0;0;0,53240.14066190704,0.005,631,3e-06,1.2488377885796793,,0.0004430714792211881,0.9557747000000063,0.043911799999932555,0.9996938000000455,ok,same_stridge_core,Hx;H*Hxx,0.02,0.9293969446082371
0.7444843220722719,1.3279195310252194,0.0,-1.0579336366291707,0;0;-1.05793363663;0;-0.120592790801;0;0;0.0736243292758;0;0;0;0,53175.403742286195,0.005,632,3e-06,1.4038643409707434,,0.0004387079376187136,0.9361748000000034,0.051592599999935373,0.987776800000006,ok,same_stridge_core,Hx;Hxxx;H*Hxx,0.02,0.9252857072901677
0.7422079149778611,1.0747889266602988,0.0,-1.0637565956777348,0;0;-1.06375659568;0;-0.110955136344;0;0;0.0728098021935;0;0;0;0,53513.18961277978,0.005,633,3e-06,1.4109613903619418,,0.0004432265729259942,0.562421400000062,0.0491189999999051,0.6115482999999813,ok,same_stridge_core,Hx;Hxxx;H*Hxx,0.02,0.9293426838469239
0.7453312650656654,1.2880907840425158,0.18420534497217655,-1.2257340090535238,0;0;-1.22573400905;0.184205344972;-1.84821176184;0;0;0;0.121447582282;0;0;0,53234.164483409404,0.005,634,3e-06,1.7386587375763125,,0.0006205643483666841,0.9299085000000105,0.03999399999997877,0.9699075000000903,ok,same_stridge_core,Hx;D_x^1.288091 H;Hxxx;H*Hxxx,0.020491196889012016,1.0998487637753995
0.745127311324556,1.2836440501689534,0.18257256393805732,-1.2273675698472646,0;0;-1.22736756985;0.182572563938;-1.85755096324;0;0;0;0.120557140245;0;0;0,53240.64832788914,0.005,635,3e-06,1.7429116618208118,,0.0006250869171731145,0.9270112000000381,0.04576910000002954,0.972785399999907,ok,same_stridge_core,Hx;D_x^1.283644 H;Hxxx;H*Hxxx,0.034495986856280976,1.104023881886142
0.7435292733990145,1.2189177063573005,0.0,-1.055055412252178,0;0;-1.05505541225;0;0;0;0;0.0744541710025;0;0;0;0,53332.32812213054,0.005,636,3e-06,1.2497152846790271,,0.0004434658295396913,1.048698800000011,0.04690979999998035,1.0956133999999338,ok,same_stridge_core,Hx;H*Hxx,0.02,0.929721315946244
0.7460444462614255,1.3134137156936037,0.19322016917705456,-1.2170371474187416,0;0;-1.21703714742;0.193220169177;-1.7743598162;0;0;0;0.123572943181;0;0;0,53196.918600173936,0.005,637,3e-06,1.7122907890008277,,0.0005925710845446007,0.9829191999999694,0.05378050000001622,1.0367061000000604,ok,same_stridge_core,Hx;D_x^1.313414 H;Hxxx;H*Hxxx,0.024936797324017834,1.0739277657987405
0.7446084681351972,1.3091610085991292,0.0,-1.0576168221227382,0;0;-1.05761682212;0;-0.121117928656;0;0;0.0736685196323;0;0;0;0,53203.206290083195,0.005,638,3e-06,1.403940668163144,,0.00043850723238160184,0.6034419000000071,0.05346980000001622,0.6569170000000213,ok,same_stridge_core,Hx;Hxxx;H*Hxx,0.02,0.9251118115523951
0.7430488179085113,1.5307093323555743,0.12156709406332183,-1.104346431545915,0;0;-1.10434643155;0.121567094063;-0.229932124977;0;0;0.0399349981983;0;0;0;0,52932.59291920794,0.005,639,3e-06,1.5327788169444978,,0.0004137037214106996,0.7064477999999781,0.05096009999999751,0.7574157000000241,ok,same_stridge_core,Hx;D_x^1.530709 H;Hxxx;H*Hxx,0.02,0.8975877019140025
0.7448164610169747,1.2753603166319305,0.17959915283806485,-1.230270811770008,0;0;-1.23027081177;0.179599152838;-1.87680037247;0;0;0;0.119073920198;0;0;0,53252.67284290078,0.005,640,3e-06,1.7516230295060868,,0.0006344578637451717,1.0361339999999473,0.05344910000007985,1.0895924999999806,ok,same_stridge_core,Hx;D_x^1.27536 H;Hxxx;H*Hxxx,0.0361764705882353,1.1125909553912776
0.7449914355975613,1.3539427594052065,0.0,-1.056639957135559,0;0;-1.05663995714;0;-0.122737023624;0;0;0.0738046920566;0;0;0;0,53136.71119164742,0.005,641,3e-06,1.4028360063452772,,0.00043791724671506284,1.0203942000000552,0.0554995999999619,1.0759039000000712,ok,same_stridge_core,Hx;Hxxx;H*Hxx,0.02,0.9246056056204505
0.7449466426551707,1.3938260771233202,0.06414019782392458,-1.0960490871573072,0;0;-1.09604908716;0.0641401978239;-0.29922973094;0;0;0.0524524092717;0;0;0;0,53078.166158217035,0.005,642,3e-06,1.5443266703681429,,0.0004200879227121204,1.002173399999947,0.055460100000004786,1.0576399999999921,ok,same_stridge_core,Hx;D_x^1.393826 H;Hxxx;H*Hxx,0.02,0.9073886764695385
0.7443625412091046,1.3628671002878012,0.0,-1.0582445072194273,0;0;-1.05824450722;0;-0.120077691551;0;0;0.0735809531586;0;0;0;0,53123.47915050498,0.005,643,3e-06,1.4035724586710314,,0.0004389094656097713,1.0215061999999762,0.055428799999958756,1.076941300000044,ok,same_stridge_core,Hx;Hxxx;H*Hxx,0.02,0.9254611463164866
0.744962624601139,1.2780614349445965,0.04245221446277628,-0.9693475347933898,0.0930139058283;-0.0141875299236;-0.969347534793;0.0424522144628;3.27691917222;0;-0.0119269747809;-0.0301080774059;-0.77805702595;0;0.0102565911127;0.0608528641165,53248.759891111804,0.005,644,3e-06,2.374223502584976,,0.0003124435859946595,1.0024898000000348,0.053449999999998,1.0559455999999727,ok,same_stridge_core,1;H;Hx;D_x^1.278061 H;Hxxx;H*Hx;H*Hxx;H*Hxxx;H^2*Hxx;H^2*Hxxx,0.005,0.7767607058516224
0.7438096908820339,1.299577013943901,0.0,-1.0542844077359887,0;0;-1.05428440774;0;0;0;0;0.0745662854226;0;0;0;0,53217.33198895527,0.005,645,3e-06,1.2486424104173597,,0.00044299994114484144,1.0413414999999304,0.04956210000000283,1.0909085999999206,ok,same_stridge_core,Hx;H*Hxx,0.02,0.9293384184836281
0.7446007118732271,1.190140857870117,0.036854843458805006,-1.0575843239905458,0.0195183871147;0;-1.05758432399;0.0368548434588;0.342840679977;0;0;0.0803429246293;0;0;0;0,53371.15524237122,0.005,646,3e-06,1.6248661781909912,,0.00035351104845706717,0.988740499999949,0.04932689999998274,1.0380764999999883,ok,same_stridge_core,1;Hx;D_x^1.190141 H;Hxxx;H*Hxx,0.015,0.824298849555423
0.7449217587069837,1.6652467081753108,0.15060399470959812,-1.0776950151538305,0;0;-1.07769501515;0.15060399471;0;0;0;0.0417240721109;0;0;0;0,53227.45564386317,0.005,647,3e-06,1.3772204371880883,,0.0004169306269078955,1.0408893000000035,0.05471239999997124,1.0956123999999363,ok,same_stridge_core,Hx;D_x^1.665247 H;H*Hxx,0.014659242305355685,0.8981733363933196
0.7450131613424558,1.3647323196789054,0.0,-1.0565845617768557,0;0;-1.05658456178;0;-0.122828842707;0;0;0.0738124087564;0;0;0;0,53120.71964050289,0.005,648,3e-06,1.4026648004625666,,0.0004378851084701796,0.9966636999999992,0.05381470000008903,1.050485799999933,ok,same_stridge_core,Hx;Hxxx;H*Hxx,0.02,0.9245783236980406
0.7437575591687663,1.3082294501929645,0.0,-1.0544277127867976,0;0;-1.05442771279;0;0;0;0;0.074545454757;0;0;0;0,53204.58214694991,0.005,649,3e-06,1.2486351694935056,,0.00044308466124835344,1.0274687999999514,0.055610499999943386,1.0830861999999115,ok,same_stridge_core,Hx;H*Hxx,0.02,0.9294076766118061
0.7451557340870711,1.3385138330019482,0.0,-1.0562210912714978,0;0;-1.05622109127;0;-0.123431502315;0;0;0.0738630418676;0;0;0;0,53159.65035234068,0.005,650,3e-06,1.4028394786385157,,0.00043767770685666774,1.0350255000000743,0.0546411000000262,1.0896751000000222,ok,same_stridge_core,Hx;Hxxx;H*Hxx,0.02,0.9244026254674494
0.7450828673008194,1.3436914799053565,0.0,-1.0564068480521132,0;0;-1.05640684805;0;-0.123123636011;0;0;0.073837168234;0;0;0;0,53151.948396810396,0.005,651,3e-06,1.4028591188873156,,0.00043778299535739005,1.042436299999963,0.0545587000000296,1.0970038999998906,ok,same_stridge_core,Hx;Hxxx;H*Hxx,0.02,0.924491583316022
0.7447023913000836,1.299961308139476,0.0,-1.0518326332746708,0;0;-1.05183263327;0;0;0;0;0.0749223809625;0;0;0;0,53216.76689843834,0.005,652,3e-06,1.2475929513604136,,0.00044168058622843826,0.9827063999999837,0.05936229999997522,1.0420777000000498,ok,same_stridge_core,Hx;H*Hxx,0.02,0.9282923499697835
0.7432661845659155,1.310156710300324,0.0,-1.0557791349702674,0;0;-1.05577913497;0;0;0;0;0.0743488676058;0;0;0;0,53201.73512208929,0.005,653,3e-06,1.249314882015959,,0.00044392557330799056,1.0173111999999946,0.05889939999997296,1.07621759999995,ok,same_stridge_core,Hx;H*Hxx,0.020500000000000004,0.9301044712834233
0.7451713698027324,1.298868397519799,0.18763741976827564,-1.2228447397193896,0;0;-1.22284473972;0.187637419768;-1.80079856658;0;0;0;0.120453020028;0;0;0,53218.37366740722,0.005,654,3e-06,1.7233335257659967,,0.000603920480919463,0.9966337000000749,0.04537489999995614,1.0420305999999755,ok,same_stridge_core,Hx;D_x^1.298868 H;Hxxx;H*Hxxx,0.0214220696763554,1.08471304175711
0.7439592031634251,1.24862991249686,0.0,-1.0538734902718698,0;0;-1.05387349027;0;0;0;0;0.0746260159407;0;0;0;0,53290.92948045892,0.005,655,3e-06,1.2488905502257122,,0.0004427616368243565,0.3345474999999851,0.052818900000033864,0.3873757000000069,ok,same_stridge_core,Hx;H*Hxx,0.02,0.9291449733429585
0.7434792995402397,1.3127702110781114,0.0,-1.0551928561226591,0;0;-1.05519285612;0;0;0;0;0.0744341768418;0;0;0;0,53197.87078061109,0.005,656,3e-06,1.2489794646375665,,0.0004435514354311149,0.6786987000000408,0.05003209999995306,0.7287401000000955,ok,same_stridge_core,Hx;H*Hxx,0.02,0.9297922399538998
0.7443620403411941,1.2815872625533713,0.0,-1.052766924200914,0;0;-1.0527669242;0;0;0;0;0.0747867629693;0;0;0;0,53243.64057444729,0.005,657,3e-06,1.2481220987525736,,0.00044215427543441415,0.5667182999999341,0.041714600000091195,0.6084385999999995,ok,same_stridge_core,Hx;H*Hxx,0.02,0.9286602553058898
0.7597741062514848,1.2272268719295232,0.0,-1.0194817896992598,0;0;-1.0194817897;0;-0.184772014903;0;0;0.0788906767392;0;0;0;0,53320.87966356378,0.005,658,3e-06,1.4181651885244382,,0.00044698242783347184,0.9605536999999913,0.04415870000002542,1.0047187999999778,ok,same_stridge_core,Hx;Hxxx;H*Hxx,0.02,0.9382772715523642
0.7451488905600697,1.2289172010645166,0.0,-1.05623853882423,0;0;-1.05623853882;0;-0.123402641347;0;0;0.073860612334;0;0;0;0,53318.538125527215,0.005,659,3e-06,1.4042776379920796,,0.0004376875064292734,0.29712830000005397,0.04342940000003637,0.3405738000000156,ok,same_stridge_core,Hx;Hxxx;H*Hxx,0.016363636363636358,0.9244107948623346
0.7440356177655025,1.3559250918414432,0.0,-1.0536635247435877,0;0;-1.05366352474;0;0;0;0;0.0746565282554;0;0;0;0,53133.7685202471,0.005,660,3e-06,1.2478514840104091,,0.0004426424703907758,0.34314679999999953,0.04979320000006737,0.39294630000006237,ok,same_stridge_core,Hx;H*Hxx,0.025,0.9290488728889266
0.745470325735272,1.3394291181123839,0.20138970349045218,-1.2101438942287381,0;0;-1.21014389423;0.20138970349;-1.64425996181;0;0;0;0.118094413395;0;0;0,53158.288667658446,0.005,661,3e-06,1.6788759270394633,,0.0005573209418717817,0.8980530999999701,0.04185210000002826,0.9399113999999145,ok,same_stridge_core,Hx;D_x^1.339429 H;Hxxx;H*Hxxx,0.024994032700799626,1.040976463027562
0.7447896856044989,1.3061883872764977,0.0,-1.0515931037184854,0;0;-1.05159310372;0;0;0;0;0.074957134229;0;0;0;0,53207.59461265352,0.005,662,3e-06,1.2474497359843582,,0.0004415648706240107,0.9264081000000033,0.0499509000001126,0.9763682000000244,ok,same_stridge_core,Hx;H*Hxx,0.02,0.928204168308437
0.7422079149778611,1.2237372040610626,0.0,-1.0586938871774467,0;0;-1.05869388718;0;0;0;0;0.0739241871755;0;0;0;0,53325.70026589758,0.005,663,3e-06,1.2518322575466876,,0.0004459964606038839,0.5617174999999861,0.04749540000000252,0.6092198000000053,ok,same_stridge_core,Hx;H*Hxx,0.02,0.9318780559513021
0.7439693221750311,1.3154103051746615,0.0,-1.0592487460943087,0;0;-1.05924874609;0;-0.118414371283;0;0;0.0734407533345;0;0;0;0,53193.96307303805,0.005,664,3e-06,1.4048051503830705,,0.00043959091403639606,0.9332160999999815,0.050106700000014825,0.9833304999999655,ok,same_stridge_core,Hx;Hxxx;H*Hxx,0.02,0.9260594827257281
0.7465183117207816,1.3149756718295418,0.194158677313512,-1.2157614441690279,0;0;-1.21576144417;0.194158677314;-1.78516933517;0;0;0;0.125613457606;0;0;0,53194.6067273752,0.005,665,3e-06,1.7141181849537142,,0.0005947534295957204,0.9447690000000648,0.040373999999928856,0.9851476000000048,ok,same_stridge_core,Hx;D_x^1.314976 H;Hxxx;H*Hxxx,0.019991999821166485,1.0757829042252116
0.743945197762562,1.291689557457278,0.0,-1.0539119804375001,0;0;-1.05391198044;0;0;0;0;0.0746204205308;0;0;0;0,53228.903237941246,0.005,666,3e-06,1.248536156227164,,0.00044278367575749535,0.5579424999999674,0.04575309999995625,0.6037049000000252,ok,same_stridge_core,Hx;H*Hxx,0.02,0.9291627367995166
0.7442526171254263,1.2849230384286778,0.0,-1.0530674163494358,0;0;-1.05306741635;0;0;0;0;0.0747431257417;0;0;0;0,53238.78535591645,0.005,667,3e-06,1.2482192771094942,,0.00044231422367765135,0.9609087999999701,0.05086530000005496,1.011780999999928,ok,same_stridge_core,Hx;H*Hxx,0.02,0.9287865649739956
0.7508398731127074,1.366570513202543,0.21596328965606595,-1.1923942301144799,0;0;-1.19239423011;0.215963289656;-1.71700589447;0;0;0;0.138599943372;0;0;0,53118.00277843096,0.005,668,3e-06,1.6888580289077217,,0.0005700031597594074,0.9885657999999466,0.05070550000004914,1.0392802000000074,ok,same_stridge_core,Hx;D_x^1.366571 H;Hxxx;H*Hxxx,0.015,1.0514419955665504
0.7430488179085113,1.2835874763144335,0.0,-1.0563773463646662,0;0;-1.05637734636;0;0;0;0;0.0742617857059;0;0;0;0,53240.73061338424,0.005,669,3e-06,1.2498827591538002,,0.0004443218851202507,0.568549599999983,0.055664600000000064,0.6242221999999629,ok,same_stridge_core,Hx;H*Hxx,0.02,0.9304383754734948
0.7444417291413089,1.3315272233791051,0.0,-1.0580423560143897,0;0;-1.05804235601;0;-0.120412693117;0;0;0.0736091605781;0;0;0;0,53170.04130914737,0.005,670,3e-06,1.4038768890114326,,0.000438777867717731,0.9523990999999796,0.04188460000000305,0.9942896000000019,ok,same_stridge_core,Hx;Hxxx;H*Hxx,0.02,0.9253465172291063
0.7443391470980834,1.3196789867690863,0.0,-1.0583042300057248,0;0;-1.05830423001;0;-0.119978885468;0;0;0.0735726225657;0;0;0;0,53187.63716857672,0.005,671,3e-06,1.4041840692363743,,0.0004389486912683088,0.9083480999998983,0.04426180000007207,0.9526151999999684,ok,same_stridge_core,Hx;Hxxx;H*Hxx,0.02,0.9254953347191837
0.7449358937446824,1.3086808056586308,0.0,-1.0567815860374261,0;0;-1.05678158604;0;-0.122502197449;0;0;0.0737849581519;0;0;0;0,53203.915623130306,0.005,672,3e-06,1.403511578910655,,0.0004380000407889302,0.9058086000000003,0.046545700000024226,0.9523595000000569,ok,same_stridge_core,Hx;Hxxx;H*Hxx,0.02,0.9246763383024822
0.7463198064198243,1.3617346890671393,0.2097382042352506,-1.2018136096521523,0;0;-1.20181360965;0.209738204235;-1.57698360765;0;0;0;0.118396803799;0;0;0,53125.15572030696,0.005,673,3e-06,1.6625899616243507,,0.000541010160425346,0.9229141000000709,0.041346699999962766,0.9642689000000928,ok,same_stridge_core,Hx;D_x^1.361735 H;Hxxx;H*Hxxx,0.029380393066317425,1.0250880929806672
0.7441841556820563,1.309803973435212,0.0,-1.0532554549705335,0;0;-1.05325545497;0;0;0;0;0.0747158112957;0;0;0;0,53202.25634847211,0.005,674,3e-06,1.2480811695011556,,0.00044241616038221435,0.9198980000001029,0.044645400000035806,0.9645500999999967,ok,same_stridge_core,Hx;H*Hxx,0.02,0.9288676314103229
0.7510061240303025,1.350138790137344,0.21034234790696554,-1.1972619293697466,0;0;-1.19726192937;0.210342347907;-1.79647852671;0;0;0;0.142127427715;0;0;0,53142.36213542252,0.005,675,3e-06,1.7078749219287859,,0.000590226033518755,0.9238438999999516,0.044998399999940375,0.9688489000000118,ok,same_stridge_core,Hx;D_x^1.350139 H;Hxxx;H*Hxxx,0.024408319422635865,1.0701665763037156
0.7433413253102232,1.2870560170487086,0.0,-1.055572394605006,0;0;-1.05557239461;0;0;0;0;0.0743789552413;0;0;0;0,53235.67500131461,0.005,676,3e-06,1.249406838700381,,0.0004437920642517748,0.5304583000000775,0.04234950000000026,0.5728123999999752,ok,same_stridge_core,Hx;H*Hxx,0.02,0.9299927886924932
0.7445977159821144,1.2558583798403877,0.05064545556961449,-1.0628109202346865,0.019600743178;0;-1.06281092023;0.0506454555696;0.33888300947;0;0;0.0761677356493;0;0;0;0,53280.67244069772,0.005,677,3e-06,1.6184247729367072,,0.0003498317652759888,0.9270204000000604,0.04756689999999253,0.9745992999999089,ok,same_stridge_core,1;Hx;D_x^1.255858 H;Hxxx;H*Hxx,0.015,0.8192146863262412
0.7438348736759706,1.3022667590425796,0.0,-1.0542151890399654,0;0;-1.05421518904;0;0;0;0;0.0745763487892;0;0;0;0,53213.37430843979,0.005,678,3e-06,1.248585606942361,,0.00044295929411142113,0.9492976999999883,0.04648099999997157,0.9957854000000452,ok,same_stridge_core,Hx;H*Hxx,0.02,0.9293053610917225
0.7458522740166518,1.32415905448968,0.19663873431970588,-1.214127756896849,0;0;-1.2141277569;0.19663873432;-1.72300691133;0;0;0;0.121731661421;0;0;0,53180.98925262013,0.005,679,3e-06,1.6982345700882004,,0.0005776257639420156,0.9659900999999991,0.04271029999995335,1.0087056999999504,ok,same_stridge_core,Hx;D_x^1.324159 H;Hxxx;H*Hxxx,0.019440744651136817,1.060062699056759
0.74522255606656,1.2910049232466196,0.18508017589463682,-1.2250668364119717,0;0;-1.22506683641;0.185080175895;-1.83314644095;0;0;0;0.120917745758;0;0;0,53229.9049857438,0.005,680,3e-06,1.7338943888302145,,0.0006153323646260977,0.29133330000001934,0.04522220000001198,0.33656070000006366,ok,same_stridge_core,Hx;D_x^1.291005 H;Hxxx;H*Hxxx,0.02,1.0951355290012887
0.7457353303975278,1.2781612263174897,0.18124027620435312,-1.2279299379452489,0;0;-1.22792993795;0.181240276204;-1.89994210739;0;0;0;0.123200904081;0;0;0,53248.61522233907,0.005,681,3e-06,1.7557063592428117,,0.0006394908951113867,0.3505974999999353,0.04069630000003599,0.3913013999999748,ok,same_stridge_core,Hx;D_x^1.278161 H;Hxxx;H*Hxxx,0.03433642483152289,1.1167229765747428
0.745493902446956,1.3751576555951575,0.0,-1.0553593734696292,0;0;-1.05535937347;0;-0.124860370806;0;0;0.0739830145754;0;0;0;0,53105.35015641146,0.005,682,3e-06,1.401959522077,,0.0004372102798191783,0.8947550999999976,0.04342650000000958,0.9381889000000001,ok,same_stridge_core,Hx;Hxxx;H*Hxx,0.02,0.924011370669297
0.7443399114298417,1.2911501175656994,0.0,-1.0528276846702593,0;0;-1.05282768467;0;0;0;0;0.0747779424669;0;0;0;0,53229.69260957495,0.005,683,3e-06,1.2480636540086882,,0.0004421863415626704,0.9339350000000195,0.04417579999994814,0.9781183000000055,ok,same_stridge_core,Hx;H*Hxx,0.02,0.9286854983512385
0.7446462432556279,1.2594397041392174,0.051385099741121924,-1.0628139305705007,0.019612505917;0;-1.06281393057;0.0513850997411;0.339812653963;0;0;0.0759957745054;0;0;0;0,53275.56532698177,0.005,684,3e-06,1.6179863637689214,,0.00034955954444911474,0.9127738000000818,0.04637980000006792,0.9591596999999865,ok,same_stridge_core,1;Hx;D_x^1.25944 H;Hxxx;H*Hxx,0.015,0.8188528838641946
0.74403771846561,1.2938255300938128,0.0,-1.0536577520347628,0;0;-1.05365775203;0;0;0;0;0.0746573669323;0;0;0;0,53225.77507174577,0.005,685,3e-06,1.2484008572373493,,0.00044263924718726343,0.9136989999999514,0.04433389999996962,0.958039900000017,ok,same_stridge_core,Hx;H*Hxx,0.02,0.9290462068068746
0.74414236414784,1.3127702110781114,0.0,-1.0588067163559445,0;0;-1.05880671636;0;-0.119146308027;0;0;0.073502484946;0;0;0;0,53197.87078061109,0.005,686,3e-06,1.404570900033374,,0.0004392851896483946,0.28514880000000176,0.04169799999999668,0.3268536000000495,ok,same_stridge_core,Hx;Hxxx;H*Hxx,0.02,0.925790063007874
0.7436146927582223,1.304462707634063,0.0,-1.0548205140565294,0;0;-1.05482051406;0;0;0;0;0.074488334306;0;0;0;0,53210.13927284252,0.005,687,3e-06,1.2488628144299492,,0.00044332134863163283,0.9186091999999917,0.04422199999999066,0.9628390000000309,ok,same_stridge_core,Hx;H*Hxx,0.02,0.9296019787928941
0.7452673032255833,1.2621941039204065,0.046290763785645984,-1.054569365309481,0.0203348890577;0;-1.05456936531;0.0462907637856;0.586867264349;0;0;0.0783917960524;-0.0343654376056;0;0;0,53271.62658639724,0.005,688,3e-06,1.7761540608886959,,0.0003470008469972004,0.3015329999999494,0.04701749999992444,0.34855670000001737,ok,same_stridge_core,1;Hx;D_x^1.262194 H;Hxxx;H*Hxx;H*Hxxx,0.01,0.8172647823335457
0.7350773689038241,1.3372639973726947,0.08157567603375335,-1.143331456575576,0;0;-1.14333145658;0.0815756760338;-0.392432941153;0;0;0.040899809679;0;0;0;0,53161.509462461785,0.005,689,3e-06,1.5484268447062277,,0.0004244616923197905,0.6181953000000249,0.04342280000003029,0.6616234000000532,ok,same_stridge_core,Hx;D_x^1.337264 H;Hxxx;H*Hxx,0.015,0.9104887311566862
0.7443391470980834,1.3196789867690863,0.0,-1.0583042300057248,0;0;-1.05830423001;0;-0.119978885468;0;0;0.0735726225657;0;0;0;0,53187.63716857672,0.005,690,3e-06,1.404184069236374,,0.00043894869126830896,0.0018317999999908352,0.04189099999996415,0.04372840000007727,ok,same_stridge_core,Hx;Hxxx;H*Hxx,0.02,0.9254953347191835
0.7447896856044989,1.3069255832909579,0.0,-1.0515931037184845,0;0;-1.05159310372;0;0;0;0;0.074957134229;0;0;0;0,53206.506809811515,0.005,691,3e-06,1.2474432091673062,,0.00044156487062401063,0.5406775000000152,0.042911100000083024,0.583593399999927,ok,same_stridge_core,Hx;H*Hxx,0.02,0.928204168308437
0.7442670917942585,1.3596661326598372,0.0,-1.0584882052671745,0;0;-1.05848820527;0;-0.119674139671;0;0;0.0735469452782;0;0;0;0,53128.22026735972,0.005,692,3e-06,1.4037557904791815,,0.0004390705110783368,0.8968239999999241,0.05029900000010912,0.9471303000000262,ok,same_stridge_core,Hx;Hxxx;H*Hxx,0.02,0.9256018080729439
0.7455194439140768,1.302837092112326,0.1892461961073896,-1.221082556287389,0;0;-1.22108255629;0.189246196107;-1.79781509689;0;0;0;0.121849219558;0;0;0,53212.53448547814,0.005,693,3e-06,1.7211346512987973,,0.0006017444188479048,0.9155252000000473,0.04382859999998345,0.9593598999999813,ok,same_stridge_core,Hx;D_x^1.302837 H;Hxxx;H*Hxxx,0.02,1.0825842374730594
0.7442085623309533,1.2952022100477543,0.0,-1.0531884168482315,0;0;-1.05318841685;0;0;0;0;0.0747255503249;0;0;0;0,53223.75661613025,0.005,694,3e-06,1.2481810038226793,,0.00044237960791802306,0.9214675000000625,0.042552999999998065,0.9640284000000747,ok,same_stridge_core,Hx;H*Hxx,0.02,0.9288384641258977
0.7457775695148757,1.290071210920531,0.18522381348329595,-1.2244054698813134,0;0;-1.22440546988;0.185223813483;-1.85688875886;0;0;0;0.123420137432;0;0;0,53231.27070735536,0.005,695,3e-06,1.739770805532367,,0.0006220208081328395,0.942769500000054,0.04070990000002439,0.9834861000000501,ok,same_stridge_core,Hx;D_x^1.290071 H;Hxxx;H*Hxxx,0.03433748114630469,1.1009955570441026
0.7445123042385815,1.2956728577964898,0.0,-1.0523543603131662,0;0;-1.05235436031;0;0;0;0;0.0748466611779;0;0;0;0,53223.06618193223,0.005,696,3e-06,1.2478314387971967,,0.0004419406158907537,0.9264388999999937,0.04450179999992088,0.9709502000000612,ok,same_stridge_core,Hx;H*Hxx,0.02,0.9284930417056033
0.7446672781973748,1.255174740346005,0.05031220376164288,-1.0623732512956094,0.0196185218649;0;-1.0623732513;0.0503122037616;0.340260397083;0;0;0.0763288613048;0;0;0;0,53281.645505360575,0.005,697,3e-06,1.6183682210514276,,0.0003497553794369565,0.5546974000000091,0.051304699999946024,0.6060129999999617,ok,same_stridge_core,1;Hx;D_x^1.255175 H;Hxxx;H*Hxx,0.015,0.819143538471019
0.744849134950531,1.3744683993630404,0.05821244818344055,-1.095277145413777,0;0;-1.09527714541;0.0582124481834;-0.302378037377;0;0;0.0538665302153;0;0;0;0,53106.36298365347,0.005,698,3e-06,1.5460601027706953,,0.0004212177049981965,0.9362952999999834,0.04726319999997486,0.983564900000033,ok,same_stridge_core,Hx;D_x^1.374468 H;Hxxx;H*Hxx,0.02,0.9087837469668535
0.7450964739265356,1.3104159087047815,0.19139482516801729,-1.2195462236739065,0;0;-1.21954622367;0.191394825168;-1.75205156931;0;0;0;0.11946603183;0;0;0,53201.35200809044,0.005,699,3e-06,1.7085270898494058,,0.0005881064111421315,0.9286842000000206,0.04400060000000394,0.9726901000000225,ok,same_stridge_core,Hx;D_x^1.310416 H;Hxxx;H*Hxxx,0.0343268064300744,1.0701108657523204
0.7449192069525986,1.291413651347312,0.18496655381065558,-1.2254583536683397,0;0;-1.22545835367;0.184966553811;-1.82053503182;0;0;0;0.119546828176;0;0;0,53229.306994746104,0.005,700,3e-06,1.7308533339723509,,0.0006118792229005233,0.9330889999999954,0.04627689999995255,0.9793717000000015,ok,same_stridge_core,Hx;D_x^1.291414 H;Hxxx;H*Hxxx,0.02,1.0921016500353977
0.7452234160190707,1.2586856963087174,0.0,-1.056048582463957,0;0;-1.05604858246;0;-0.123717472611;0;0;0.07388706624;0;0;0;0,53276.64193829112,0.005,701,3e-06,1.4038111924447016,,0.0004375814292049346,0.9354151000000002,0.044850200000041696,0.9802716000000373,ok,same_stridge_core,Hx;Hxxx;H*Hxx,0.017181818181818177,0.9243214150000816
0.7445854896608812,1.3443371741764054,0.0,-1.0576754541361053,0;0;-1.05767545414;0;-0.12102064707;0;0;0.073660343507;0;0;0;0,53150.98795665,0.005,702,3e-06,1.4035024808205123,,0.0004385440587616092,0.9549043000000665,0.0455391000000418,1.0004479000000401,ok,same_stridge_core,Hx;Hxxx;H*Hxx,0.02,0.9251435892106624
0.7430077606685327,1.2526605001279312,0.0,-1.0564903693834764,0;0;-1.05649036938;0;0;0;0;0.074245325968;0;0;0;0,53285.21867553162,0.005,703,3e-06,1.2502144830655229,,0.00044439836183513524,0.5309998000000178,0.04837349999991147,0.5793792000000622,ok,same_stridge_core,Hx;H*Hxx,0.02,0.930503171012333
0.7439048128345565,1.2983652972164963,0.0,-1.0540229635908807,0;0;-1.05402296359;0;0;0;0;0.0746042921531;0;0;0;0,53219.11305404818,0.005,704,3e-06,1.2485292100344534,,0.0004428475361660374,0.9434489999999869,0.0523911999999882,0.9958474000000024,ok,same_stridge_core,Hx;H*Hxx,0.02,0.9292145317101642
0.7449317537340445,1.3080703849825277,0.0,-1.0567921428674254,0;0;-1.05679214287;0;-0.122484753731;0;0;0.0737834852462;0;0;0;0,53204.81697105987,0.005,705,3e-06,1.4035249494590887,,0.00043800624772726156,0.9696554000000788,0.05121040000005905,1.0208785999999463,ok,same_stridge_core,Hx;Hxxx;H*Hxx,0.02,0.9246815967195499
0.7459519397403584,1.3267385948598875,0.19759217822891148,-1.2131758574466804,0;0;-1.21317585745;0.197592178229;-1.71581190489;0;0;0;0.121916762735;0;0;0,53177.15837772905,0.005,706,3e-06,1.6960585670050983,,0.0005753907934763264,0.9452756000000591,0.05102349999992839,0.996304999999893,ok,same_stridge_core,Hx;D_x^1.326739 H;Hxxx;H*Hxxx,0.02,1.0579326664723496
0.7443054206512248,1.3211281935829151,0.0,-1.058390336891643,0;0;-1.05839033689;0;-0.119836221666;0;0;0.0735606065261;0;0;0;0,53185.48763429016,0.005,707,3e-06,1.4042142900392116,,0.0004390055097077263,0.9312801999999465,0.04319039999995766,0.9744758999999021,ok,same_stridge_core,Hx;Hxxx;H*Hxx,0.02,0.9255449013306002
0.7438348736759706,1.3395613853225246,0.0,-1.0595922883868096,0;0;-1.05959228839;0;-0.117845376863;0;0;0.0733927612375;0;0;0;0,53158.09187133164,0.005,708,3e-06,1.4046980910723552,,0.00043983470845623536,0.5115224999999555,0.04179449999992357,0.5533223999999564,ok,same_stridge_core,Hx;Hxxx;H*Hxx,0.02,0.9262752642303705
0.7437575591687663,1.303687841092428,0.0,-1.0544277127867965,0;0;-1.05442771279;0;0;0;0;0.074545454757;0;0;0;0,53211.28126531174,0.005,709,3e-06,1.2486753642036768,,0.00044308466124835333,0.5544575999999779,0.05047869999998511,0.604941599999961,ok,same_stridge_core,Hx;H*Hxx,0.02,0.9294076766118062
0.7438396343880953,1.3166743542244648,0.0,-1.0595801233848672,0;0;-1.05958012338;0;-0.117865498618;0;0;0.0733944608611;0;0;0;0,53192.09070741003,0.005,710,3e-06,1.4049962934340738,,0.00043982599953743017,0.5349843000000192,0.04644000000007509,0.5814288000000261,ok,same_stridge_core,Hx;Hxxx;H*Hxx,0.02,0.9262674770673835
0.7451915064275538,1.2776642444307362,0.1806505306295949,-1.2289832413867707,0;0;-1.22898324139;0.18065053063;-1.88202577718;0;0;0;0.12078372598;0;0;0,53249.33576141613,0.005,711,3e-06,1.751665986549749,,0.0006347209324663686,0.9357736000000614,0.04715780000003633,0.9829374000000826,ok,same_stridge_core,Hx;D_x^1.277664 H;Hxxx;H*Hxxx,0.02,1.1126739574127553
0.751980306083962,1.2863576723337666,0.18891091259335713,-1.2150914457289372,0;0;-1.21509144573;0.188910912593;-2.09332590805;0;0;0;0.150733707542;0;0;0,53236.69375263887,0.005,712,3e-06,1.8007537878044833,,0.0006942113268888446,0.9834031000000323,0.049019799999996394,1.0324315999999953,ok,same_stridge_core,Hx;D_x^1.286358 H;Hxxx;H*Hxxx,0.019492913382760657,1.1619134627728167
0.744443559241589,1.2893184538993436,0.0,-1.052543089161773,0;0;-1.05254308916;0;0;0;0;0.0748192625475;0;0;0;0,53232.37106446224,0.005,713,3e-06,1.247962864250658,,0.00044203750292874053,1.0053358999999773,0.053184399999963716,1.0585290000000214,ok,same_stridge_core,Hx;H*Hxx,0.02,0.9285686378638844
0.7459215032379798,1.3176571981652907,0.19452878378821142,-1.2159714529597438,0;0;-1.21597145296;0.194528783788;-1.75250576013;0;0;0;0.122667118524;0;0;0,53190.63432011077,0.005,714,3e-06,1.7062831375063894,,0.0005861388399786354,0.992934699999978,0.05069689999993443,1.043638900000019,ok,same_stridge_core,Hx;D_x^1.317657 H;Hxxx;H*Hxxx,0.01944074639256958,1.0679955256650602
0.7459940943054045,1.3234484599259848,0.19652948573247167,-1.21410000086318,0;0;-1.21410000086;0.196529485732;-1.73112667216;0;0;0;0.122456580433;0;0;0,53182.044231400454,0.005,715,3e-06,1.7001086679254624,,0.0005796620828192265,1.0151532999999517,0.046183899999959976,1.0613433999999415,ok,same_stridge_core,Hx;D_x^1.323448 H;Hxxx;H*Hxxx,0.019440746074286953,1.061924137148657
0.7434792995402397,1.2347275682007743,0.0,-1.0551928561226587,0;0;-1.05519285612;0;0;0;0;0.0744341768418;0;0;0;0,53310.45770171109,0.005,716,3e-06,1.2496549861641666,,0.0004435514354311148,0.5597020000000157,0.05204079999998612,0.6117525000000796,ok,same_stridge_core,Hx;H*Hxx,0.02,0.9297922399539
0.7439314032665031,1.3080098360475452,0.0,-1.053949892209384,0;0;-1.05394989221;0;0;0;0;0.0746149104689;0;0;0;0,53204.90641697952,0.005,717,3e-06,1.2484098356882276,,0.00044280539955567105,0.9956502,0.05903760000001057,1.0546954999999798,ok,same_stridge_core,Hx;H*Hxx,0.02,0.9291803971863504
0.7443812170671408,1.2621941039204065,0.05271711901618985,-1.0644916154987836,0.0195436133281;0;-1.0644916155;0.0527171190162;0.33460911436;0;0;0.0753649340326;0;0;0;0,53271.62658639724,0.005,718,3e-06,1.618189455558574,,0.0003498457503566506,0.3972311999999647,0.05422920000000886,0.4514664000000721,ok,same_stridge_core,1;Hx;D_x^1.262194 H;Hxxx;H*Hxx,0.015,0.8191150567626155
0.7439408926147258,1.311473219347631,0.0,-1.0539238119656307,0;0;-1.05392381197;0;0;0;0;0.0746187014996;0;0;0;0,53199.78903646526,0.005,719,3e-06,1.248366929477386,,0.0004427904380937045,1.0030107000000044,0.05037690000006023,1.0533935000000838,ok,same_stridge_core,Hx;H*Hxx,0.02,0.9291681952585945
0.7455695184108359,1.3337123080371527,0.06402060407362126,-1.0581598306689883,0.0201696940202;0;-1.05815983067;0.0640206040736;0.555483066328;0;0;0.0736651458517;-0.0283599831416;0;0;0,53166.792140501806,0.005,720,3e-06,1.7691160671771367,,0.0003436627532738556,1.0439026999999896,0.05439369999999144,1.0983026999999765,ok,same_stridge_core,1;Hx;D_x^1.333712 H;Hxxx;H*Hxx;H*Hxxx,0.01,0.812113808648104
0.745268841229348,1.2585688473470058,0.04545623670876285,-1.0542606940169892,0.0203412954951;0;-1.05426069402;0.0454562367088;0.589252028072;0;0;0.0786402449921;-0.0347041740824;0;0;0,53276.80872803768,0.005,721,3e-06,1.7764954784641387,,0.00034716144843364343,0.9949892000000773,0.05829160000007505,1.0532888000000185,ok,same_stridge_core,1;Hx;D_x^1.258569 H;Hxxx;H*Hxx;H*Hxxx,0.0104006664608224,0.8175129213594605
0.7447023913000836,1.3086505712545162,0.0,-1.0573771734188186,0;0;-1.05737717342;0;-0.121515036393;0;0;0.0737019369514;0;0;0;0,53203.9601200499,0.005,722,3e-06,1.4038189255798303,,0.00043835837395743334,0.5772059999999328,0.0555711000000656,0.6327870999999732,ok,same_stridge_core,Hx;Hxxx;H*Hxx,0.02,0.9249832844993812
0.7422079149778611,1.304396434271834,0.0,-1.0586938871774474,0;0;-1.05869388718;0;0;0;0;0.0739241871755;0;0;0;0,53210.23700103189,0.005,723,3e-06,1.2511394779574931,,0.0004459964606038837,0.6933526999999913,0.06283919999998488,0.7561986000000616,ok,same_stridge_core,Hx;H*Hxx,0.019463971700813803,0.9318780559513018
0.7439774933627898,1.228590035272648,0.04586237253328904,-1.0641102389446098,0.0194313255694;0;-1.06411023894;0.0458623725333;0.327337504763;0;0;0.077026981245;0;0;0;0,53318.99175851163,0.005,724,3e-06,1.622280237999514,,0.0003523930832601511,1.0346047000000453,0.05888019999997596,1.093492000000083,ok,same_stridge_core,1;Hx;D_x^1.22859 H;Hxxx;H*Hxx,0.015,0.8224953616218396
0.7442163505904361,1.296937488338956,0.0,-1.0531670246280826,0;0;-1.05316702463;0;0;0;0;0.0747286581129;0;0;0;0,53221.21014451951,0.005,725,3e-06,1.2481565317486387,,0.00044236799668694396,1.02449189999993,0.04182190000005903,1.0663196000000426,ok,same_stridge_core,Hx;H*Hxx,0.02,0.9288292708815217
0.7437792421751603,1.2840802132257467,0.0,-1.0543681073099884,0;0;-1.05436810731;0;0;0;0;0.074554119374;0;0;0;0,53240.0130730835,0.005,726,3e-06,1.2488189544918074,,0.0004430493275175085,0.9368722000000389,0.054608999999913976,0.9914886999999908,ok,same_stridge_core,Hx;H*Hxx,0.02,0.9293788760533064
0.7456403260345505,1.3099720421014618,0.19172058783693605,-1.2187544253932974,0;0;-1.21875442539;0.191720587837;-1.77364527459;0;0;0;0.121977873138;0;0;0,53202.00798009878,0.005,727,3e-06,1.7132923681259467,,0.0005934341579461914,0.9380267000000231,0.05008630000008907,0.9881215999999995,ok,same_stridge_core,Hx;D_x^1.309972 H;Hxxx;H*Hxxx,0.02,1.0748682723647611
0.7435289236979191,1.2944414059723286,0.0,-1.055056374867097,0;0;-1.05505637487;0;0;0;0;0.0744540312778;0;0;0;0,53224.87212007014,0.005,728,3e-06,1.2490710515395416,,0.00044346640798364925,0.9666263999999956,0.0435383000000229,1.0101730999999745,ok,same_stridge_core,Hx;H*Hxx,0.02,0.9297218188191207
0.7451189673336592,1.2835874763144335,0.18254723760971067,-1.2273979447013696,0;0;-1.2273979447;0.18254723761;-1.85745903438;0;0;0;0.120519861693;0;0;0,53240.73061338424,0.005,729,3e-06,1.7429173693542177,,0.0006250885509331803,0.30392490000008365,0.04267049999998562,0.34660039999994297,ok,same_stridge_core,Hx;D_x^1.283587 H;Hxxx;H*Hxxx,0.02,1.1040286019936068
0.7448873347708758,1.3208298716694393,0.0,-1.0569054232389572,0;0;-1.05690542324;0;-0.122296951809;0;0;0.0737676994467;0;0;0;0,53185.930153543726,0.005,730,3e-06,1.403411985162915,,0.00043807317062599964,0.9151775999999927,0.043861799999945106,0.9590441999999939,ok,same_stridge_core,Hx;Hxxx;H*Hxx,0.02,0.9247386137810215
0.7456734068504208,1.3219904290324707,0.19575297772364159,-1.215089036128802,0;0;-1.21508903613;0.195752977724;-1.72555056239;0;0;0;0.121127453413;0;0;0,53184.208158465604,0.005,731,3e-06,1.6993700491395862,,0.0005787332384093901,0.9476259999999002,0.04470619999995051,0.9923382000000629,ok,same_stridge_core,Hx;D_x^1.32199 H;Hxxx;H*Hxxx,0.03434603441825665,1.061159551237999
0.7445083976380868,1.3037253749803799,0.0,-1.0523650845463104,0;0;-1.05236508455;0;0;0;0;0.0748451053004;0;0;0;0,53211.22600966843,0.005,732,3e-06,1.2477646504049424,,0.0004419460903199044,0.935693399999991,0.04671569999993608,0.9824140999999145,ok,same_stridge_core,Hx;H*Hxx,0.02,0.9284972943469317
0.7458282141421997,1.3246294376350938,0.19677410903244294,-1.2140266346412787,0;0;-1.21402663464;0.196774109032;-1.72016499428;0;0;0;0.121572027457;0;0;0,53180.29088367918,0.005,733,3e-06,1.6975209561681683,,0.0005768655963105908,0.9231300999999803,0.04521859999999833,0.9683562999999822,ok,same_stridge_core,Hx;D_x^1.324629 H;Hxxx;H*Hxxx,0.02,1.059357465564018
0.7460549796001139,1.321395254844893,0.19589741794943058,-1.2146164923885203,0;0;-1.21461649239;0.195897417949;-1.74188837796;0;0;0;0.122938080629;0;0;0,53185.09137122405,0.005,734,3e-06,1.7029347440791787,,0.0005826673471932574,0.940866700000015,0.04358450000006542,0.9844560999999885,ok,same_stridge_core,Hx;D_x^1.321395 H;Hxxx;H*Hxxx,0.034326771376771384,1.06471364762449
0.7451334939606026,1.3035437627849278,0.18915195982218877,-1.2215267481682095,0;0;-1.22152674817;0.189151959822;-1.78096078273;0;0;0;0.120062342943;0;0;0,53211.49355020478,0.005,735,3e-06,1.717178330413566,,0.0005973164781502495,0.9351054999999633,0.04167089999998552,0.9767808999999943,ok,same_stridge_core,Hx;D_x^1.303544 H;Hxxx;H*Hxxx,0.029369641318721447,1.0786404078111087
0.7448913965149366,1.284514501328391,0.1826706818548319,-1.2275117437817697,0;0;-1.22751174378;0.182670681855;-1.84570456591;0;0;0;0.11950375993;0;0;0,53239.380638962226,0.005,736,3e-06,1.7397442850673936,,0.0006215024461494552,1.0083177000000205,0.045051400000033937,1.0533819999999423,ok,same_stridge_core,Hx;D_x^1.284515 H;Hxxx;H*Hxxx,0.02441415306141633,1.1008717173998468
0.7443087798266599,1.3099131271521387,0.0,-1.0529131738065791,0;0;-1.05291317381;0;0;0;0;0.0747655282878;0;0;0;0,53202.095048187635,0.005,737,3e-06,1.2479337576582752,,0.00044223164260665643,0.9565605999999889,0.04333130000009078,0.99990200000002,ok,same_stridge_core,Hx;H*Hxx,0.02,0.9287211873691494
0.7441485417716951,1.3227913087809906,0.0,-1.0587909359139902,0;0;-1.05879093591;0;-0.119172440539;0;0;0.0735046881843;0;0;0;0,53183.01973202135,0.005,738,3e-06,1.4044278350661539,,0.00043927445769124154,0.97701619999998,0.04529030000003331,1.0223178999999618,ok,same_stridge_core,Hx;Hxxx;H*Hxx,0.02,0.9257806574779617
0.7443105299796497,1.35528231923491,0.0,-1.0583772909093343,0;0;-1.05837729091;0;-0.119857799883;0;0;0.0735624264108;0;0;0;0,53134.7224806468,0.005,739,3e-06,1.4037499057737741,,0.0004389968701222196,0.9561846999999943,0.04583299999990231,1.0020253000000139,ok,same_stridge_core,Hx;Hxxx;H*Hxx,0.02,0.925537403447953
0.7436731439243304,1.283817418046243,0.0,-1.054659789371622,0;0;-1.05465978937;0;0;0;0;0.0745117098903;0;0;0;0,53240.39582405664,0.005,740,3e-06,1.248963956788643,,0.0004432236790868688,0.9430264999999736,0.050711299999989023,0.99374279999995,ok,same_stridge_core,Hx;H*Hxx,0.02,0.9295215818443032
0.7449997076842015,1.2958428602419367,0.1864942437622111,-1.2240251280556262,0;0;-1.22402512806;0.186494243762;-1.80636040787;0;0;0;0.119788917836;0;0;0,53222.81676529851,0.005,741,3e-06,1.7257943919027583,,0.0006064724810123441,0.9182571000000053,0.043281199999910314,0.9615440999999691,ok,same_stridge_core,Hx;D_x^1.295843 H;Hxxx;H*Hxxx,0.020432677126875392,1.0871205907191763
0.7450665529238013,1.3313551141730238,0.0,-1.0564484374698633,0;0;-1.05644843747;0;-0.123054528062;0;0;0.073831374632;0;0;0;0,53170.297211725985,0.005,742,3e-06,1.4030444407010592,,0.00043780675760712835,0.9669997999999396,0.04506230000004052,1.0120697000000973,ok,same_stridge_core,Hx;Hxxx;H*Hxx,0.02,0.9245117657955253
0.7445091911401538,1.2893184538993436,0.0,-1.0523629070382627,0;0;-1.05236290704;0;0;0;0;0.0748454197578;0;0;0;0,53232.37106446224,0.005,743,3e-06,1.2478906727255181,,0.0004419449964891333,0.3106982000000471,0.046680599999945116,0.35738400000002457,ok,same_stridge_core,Hx;H*Hxx,0.02,0.9284964463387446
0.7440804292724764,1.3298510073779184,0.0,-1.0589649096687699,0;0;-1.05896490967;0;-0.118884338015;0;0;0.0734803952266;0;0;0;0,53172.533298988514,0.005,744,3e-06,1.4044382144470626,,0.00043939354413262616,0.6388516000000664,0.04565739999998186,0.6845147000000225,ok,same_stridge_core,Hx;Hxxx;H*Hxx,0.02,0.925885414756166
0.7459663828399223,1.3292911662029157,0.19846012018007894,-1.2123764952849863,0;0;-1.21237649528;0.19846012018;-1.70557487394;0;0;0;0.121696776259;0;0;0,53173.36531539958,0.005,745,3e-06,1.6933118179808604,,0.0005725232848297817,0.9579217000000426,0.047685799999953815,1.0056144999999788,ok,same_stridge_core,Hx;D_x^1.329291 H;Hxxx;H*Hxxx,0.02049854619357887,1.0552314341960654
0.7465918948095998,1.3093337122738673,0.19233114452086222,-1.2173294328056705,0;0;-1.21732943281;0.192331144521;-1.81076155028;0;0;0;0.126344429966;0;0;0,53202.951150442546,0.005,746,3e-06,1.7216275447096634,,0.0006028255409518166,0.9497877999999673,0.04704939999999169,0.996842499999957,ok,same_stridge_core,Hx;D_x^1.309334 H;Hxxx;H*Hxxx,0.02,1.0831921309043528
0.7443620403411941,1.2828083004576276,0.0,-1.052766924200914,0;0;-1.0527669242;0;0;0;0;0.0747867629693;0;0;0;0,53241.86471147953,0.005,747,3e-06,1.2481114435747669,,0.00044215427543441415,0.5580255999999508,0.04800999999997657,0.6060407999999597,ok,same_stridge_core,Hx;H*Hxx,0.02,0.9286602553058898
0.7448177707128611,1.3017840675698824,0.0,-1.0515160473206202,0;0;-1.05151604732;0;0;0;0;0.0749683140198;0;0;0;0,53214.085012496835,0.005,748,3e-06,1.2474608973853891,,0.0004415281482469114,0.963508499999989,0.04721489999997175,1.0107317000000648,ok,same_stridge_core,Hx;H*Hxx,0.02,0.9281763873104081
0.7445664102351275,1.3127346924815988,0.0,-1.0577241453341912,0;0;-1.05772414533;0;-0.120940108222;0;0;0.0736535518148;0;0;0;0,53197.923271021566,0.005,749,3e-06,1.403951349797914,,0.00043857465290817404,0.9518997999999783,0.044306399999982204,0.9962111999999479,ok,same_stridge_core,Hx;Hxxx;H*Hxx,0.02,0.9251700403587199
0.7440388336135577,1.2743814411847234,0.0,-1.0536546891741003,0;0;-1.05365468917;0;0;0;0;0.0746578116218;0;0;0;0,53254.08888611475,0.005,750,3e-06,1.2485693968882707,,0.0004426375206253368,0.5417317000000139,0.04516069999999672,0.5869013999999879,ok,same_stridge_core,Hx;H*Hxx,0.02,0.9290448635715822
0.7455072099344685,1.2888727323463793,0.18460675581836103,-1.2252102168835834,0;0;-1.22521021688;0.184606755818;-1.851636412;0;0;0;0.122226123989;0;0;0,53233.022423974166,0.005,751,3e-06,1.7390945794176351,,0.0006211353195076933,0.9747340000000122,0.04091969999990397,1.015659899999946,ok,same_stridge_core,Hx;D_x^1.288873 H;Hxxx;H*Hxxx,0.019499872468165574,1.100298310329945
0.7453334711857753,1.2543128612860066,0.0,-1.0557681160166446,0;0;-1.05576811602;0;-0.124182603682;0;0;0.0739261199227;0;0;0;0,53282.8712376793,0.005,752,3e-06,1.4037382630457829,,0.0004374277696908575,0.9430548000000272,0.04745170000001053,0.9905118000000357,ok,same_stridge_core,Hx;Hxxx;H*Hxx,0.016818181818181812,0.9241924219066692
0.7448304582754945,1.27203602774023,0.17851701862706346,-1.2311949688331871,0;0;-1.23119496883;0.178517018627;-1.8893219008;0;0;0;0.119041779078;0;0;0,53257.477479861125,0.005,753,3e-06,1.7564083560690429,,0.0006397413632638538,0.955556300000012,0.042151200000034805,0.9977120999999443,ok,same_stridge_core,Hx;D_x^1.272036 H;Hxxx;H*Hxxx,0.024409282773438252,1.1173186263107093
0.7450585176939863,1.331297850309863,0.0,-1.0564689245606698,0;0;-1.05646892456;0;-0.123020594425;0;0;0.0738285200085;0;0;0;0,53170.38225095184,0.005,754,3e-06,1.4030550900434418,,0.00043781849239965347,0.9461486999999806,0.04645990000005895,0.9926133000000164,ok,same_stridge_core,Hx;Hxxx;H*Hxx,0.02,0.9245216497848753
0.7433972124067604,1.3063818327327839,0.0,-1.0554186453904622,0;0;-1.05541864539;0;0;0;0;0.0744013281037;0;0;0;0,53207.309257552755,0.005,755,3e-06,1.2491546846049817,,0.00044369392599834625,0.9611717999999883,0.04549700000006851,1.0066751000000522,ok,same_stridge_core,Hx;H*Hxx,0.02,0.9299108290596652
0.7453859462685137,1.3268616516306524,0.06260242164151969,-1.0587167782968523,0.0201571548108;0;-1.0587167783;0.0626024216415;0.555933314596;0;0;0.0738759820136;-0.0290404879696;0;0;0,53176.975408284234,0.005,756,3e-06,1.7699998749029078,,0.0003441690561971663,0.9675393999999642,0.0476942999999892,1.0152385999999751,ok,same_stridge_core,1;Hx;D_x^1.326862 H;Hxxx;H*Hxx;H*Hxxx,0.01,0.8128143175537916
0.7430618104026263,1.2925020050215583,0.0,-1.0563415882953402,0;0;-1.0563415883;0;0;0;0;0.0742669916937;0;0;0;0,53227.71379685807,0.005,757,3e-06,1.2497841183672913,,0.0004442977363227711,0.2980721999999787,0.04317439999999806,0.3412528000000066,ok,same_stridge_core,Hx;H*Hxx,0.02,0.9304178355861429
0.7459563727379016,1.3008114151214933,0.18894232784676238,-1.2209435006642753,0;0;-1.22094350066;0.188942327847;-1.82170227693;0;0;0;0.123918636199;0;0;0,53215.516430337004,0.005,758,3e-06,1.727229517474348,,0.0006085225640092862,0.3380316999999877,0.04300849999992806,0.38104580000003807,ok,same_stridge_core,Hx;D_x^1.300811 H;Hxxx;H*Hxxx,0.019452321449397476,1.0886433203103039
0.7448863489237598,1.3264650667144569,0.06386036073665174,-1.061323529714876,0.0200337038486;0;-1.06132352971;0.0638603607367;0.552080653438;0;0;0.0730676057422;-0.0298376526743;0;0;0,53177.564547373346,0.005,759,3e-06,1.7708621303552237,,0.0003449269282866865,0.8834022999999434,0.04759020000005876,0.9309996999999157,ok,same_stridge_core,1;Hx;D_x^1.326465 H;Hxxx;H*Hxx;H*Hxxx,0.01,0.8136659685025034
0.7445101336066823,1.314198880315839,0.0,-1.0578677590267989,0;0;-1.05786775903;0;-0.120701978795;0;0;0.0736335184183;0;0;0;0,53195.75653911052,0.005,760,3e-06,1.404010879987799,,0.0004386657818619052,0.9757979000000887,0.04775930000005246,1.0235676999999441,ok,same_stridge_core,Hx;Hxxx;H*Hxx,0.02,0.9252490711358043
0.7431398945358958,1.3042329702633293,0.0,-1.0561266698068188,0;0;-1.05612666981;0;0;0;0;0.0742982817684;0;0;0;0,53210.477972180466,0.005,761,3e-06,1.2495593853782865,,0.0004441539511657797,0.548121500000093,0.061054799999965326,0.6091849999999113,ok,same_stridge_core,Hx;H*Hxx,0.0199369664605547,0.9302965175452036
0.7436359392140667,1.284574616933049,0.0,-1.0547620895760976,0;0;-1.05476208958;0;0;0;0;0.0744968318257;0;0;0;0,53239.29303439788,0.005,762,3e-06,1.249008603569643,,0.0004432857155605348,0.9940821999999798,0.04563780000000861,1.0397275000000263,ok,same_stridge_core,Hx;H*Hxx,0.02,0.9295728453632557
0.7449287642291125,1.2934375513105587,0.1856417944175334,-1.2248502758614135,0;0;-1.22485027586;0.185641794418;-1.81309446996;0;0;0;0.119541151935;0;0;0,53226.34341138481,0.005,763,3e-06,1.728307316258061,,0.000609138532153757,0.9835683000000017,0.04187240000010206,1.0254496000000017,ok,same_stridge_core,Hx;D_x^1.293438 H;Hxxx;H*Hxxx,0.020265116776227887,1.0895911953214432
0.7453314383201128,1.2995293214900416,0.1879906711336966,-1.222379160766031,0;0;-1.22237916077;0.187990671134;-1.80403115835;0;0;0;0.121149546733;0;0;0,53217.4021911067,0.005,764,3e-06,1.7237883613392304,,0.0006044924909790382,0.9848607000000129,0.046881399999961104,1.0317512999999963,ok,same_stridge_core,Hx;D_x^1.299529 H;Hxxx;H*Hxxx,0.02,1.0851795350459499
0.7447000244957126,1.3077371140212812,0.0,-1.0518391271041807,0;0;-1.0518391271;0;0;0;0;0.0749214395214;0;0;0;0,53205.30900021869,0.005,765,3e-06,1.2475267055420471,,0.0004416838045090606,0.9919086999999536,0.04684679999991204,1.0387638999999353,ok,same_stridge_core,Hx;H*Hxx,0.02,0.928294851540735
0.7443774083099166,1.2702725282849703,0.0,-1.0527247239756117,0;0;-1.05272472398;0;0;0;0;0.0747928916037;0;0;0;0,53260.020985460535,0.005,766,3e-06,1.2482029111639035,,0.0004421320248705677,1.016574999999989,0.0480577999999241,1.0646411999999827,ok,same_stridge_core,Hx;H*Hxx,0.02,0.9286427852511403
0.7434332542433966,1.2926918115221582,0.0,-1.0553195079742526,0;0;-1.05531950797;0;0;0;0;0.0744157522763;0;0;0;0,53227.43582846026,0.005,767,3e-06,1.2492233640767632,,0.0004436311882851156,0.9625257000000147,0.04789329999994152,1.0104270000000497,ok,same_stridge_core,Hx;H*Hxx,0.02,0.9298587491060016
0.7447867137726072,1.3022667590425796,0.0,-1.051601255849698,0;0;-1.05160125585;0;0;0;0;0.0749559526479;0;0;0;0,53213.37430843979,0.005,768,3e-06,1.2474873954393773,,0.0004415687478443306,0.3331284999999298,0.056213800000023184,0.3893483000000515,ok,same_stridge_core,Hx;H*Hxx,0.02,0.9282071495887385
0.7464099391940718,1.3113523189892573,0.19284981114822364,-1.2170338138037284,0;0;-1.2170338138;0.192849811148;-1.79600243368;0;0;0;0.125385609271;0;0;0,53199.967765343914,0.005,769,3e-06,1.7176784246392958,,0.000598501077207731,0.9742807999999741,0.047280400000090594,1.021567799999957,ok,same_stridge_core,Hx;D_x^1.311352 H;Hxxx;H*Hxxx,0.02,1.0792788114551688
0.7449287642291125,1.2934375513105587,0.1856417944175334,-1.2248502758614135,0;0;-1.22485027586;0.185641794418;-1.81309446996;0;0;0;0.119541151935;0;0;0,53226.34341138481,0.005,770,3e-06,1.728307316258061,,0.000609138532153757,0.0016954999999825304,0.041934500000024855,0.04363599999999224,ok,same_stridge_core,Hx;D_x^1.293438 H;Hxxx;H*Hxxx,0.034909004285474846,1.0895911953214432
0.7447050332888633,1.2901547850172455,0.0,-1.0518253827257864,0;0;-1.05182538273;0;0;0;0;0.0749234327561;0;0;0;0,53231.148501304306,0.005,771,3e-06,1.2476765757454737,,0.0004416770788452768,0.691996300000028,0.05096040000000812,0.7429657000000134,ok,same_stridge_core,Hx;H*Hxx,0.02,0.9282896847376478
0.7447926574363906,1.3075548561664292,0.0,-1.05714690717361,0;0;-1.05714690717;0;-0.121896740603;0;0;0.0737340401779;0;0;0;0,53205.5780554008,0.005,772,3e-06,1.4037127022563918,,0.000438217818204608,0.30805080000004637,0.05169799999998759,0.3597558999999819,ok,same_stridge_core,Hx;Hxxx;H*Hxx,0.02,0.9248624997577845
0.7449145106822158,1.2996766161533924,0.18768836447243048,-1.2230406637439646,0;0;-1.22304066374;0.187688364472;-1.78826629577;0;0;0;0.119256537556;0;0;0,53217.185597283344,0.005,773,3e-06,1.7202531416139752,,0.000600486953703094,1.0412241999999878,0.050328499999977794,1.091561400000046,ok,same_stridge_core,Hx;D_x^1.299677 H;Hxxx;H*Hxxx,0.02,1.0816469144465752
0.7443205250659665,1.294959489621159,0.0,-1.0528809189617978,0;0;-1.05288091896;0;0;0;0;0.0747702125052;0;0;0;0,53224.11253783243,0.005,774,3e-06,1.248052315595603,,0.0004422145207042362,0.9746431999999459,0.047440600000072664,1.0220921999999746,ok,same_stridge_core,Hx;H*Hxx,0.02,0.9287076403686083
0.7446671199300339,1.2938255300938128,0.0,-1.0519294309757206,0;0;-1.05192943098;0;0;0;0;0.0749083358058;0;0;0;0,53225.77507174577,0.005,775,3e-06,1.247683522919099,,0.0004417280587796811,0.3202062999999953,0.047192799999947965,0.36740450000002056,ok,same_stridge_core,Hx;H*Hxx,0.02,0.9283288724886243
0.7452276579366519,1.2961460293712606,0.18678410293425157,-1.223551259911435,0;0;-1.22355125991;0.186784102934;-1.81348241858;0;0;0;0.120807214347;0;0;0,53222.371831476084,0.005,776,3e-06,1.7272604173653916,,0.0006081706223071135,0.9709821000000147,0.044284999999945285,1.0152742999999873,ok,same_stridge_core,Hx;D_x^1.296146 H;Hxxx;H*Hxxx,0.019440905947624206,1.0885919553876786
0.7443620403411941,1.3446631660095283,0.0,-1.058245785378669,0;0;-1.05824578538;0;-0.120075605568;0;0;0.0735807759735;0;0;0;0,53150.50320132919,0.005,777,3e-06,1.4038164148055834,,0.0004389103048568936,0.5680803999999853,0.05032680000010714,0.6184137999999848,ok,same_stridge_core,Hx;Hxxx;H*Hxx,0.02,0.9254618859936207
0.7440347548854198,1.299844726112574,0.0,-1.0536658942459987,0;0;-1.05366589425;0;0;0;0;0.0746561837823;0;0;0;0,53216.938420788836,0.005,778,3e-06,1.2483515634193814,,0.0004426438153089526,0.9777456000000484,0.049512899999967885,1.0272688000000016,ok,same_stridge_core,Hx;H*Hxx,0.02,0.9290499328946482
0.7444153616144553,1.311473219347631,0.0,-1.0581096621896184,0;0;-1.05810966219;0;-0.120301182433;0;0;0.0735997710201;0;0;0;0,53199.78903646526,0.005,779,3e-06,1.4041825333526612,,0.00043882147271280753,0.30748990000006415,0.04822130000002289,0.35572100000001683,ok,same_stridge_core,Hx;Hxxx;H*Hxx,0.02,0.9253844320244737
0.7440388336135577,1.3190688049135408,0.0,-1.059071162840642,0;0;-1.05907116284;0;-0.118708310807;0;0;0.073465557138;0;0;0;0,53188.54192659142,0.005,780,3e-06,1.4046469978005103,,0.0004394670072793138,0.6748931999999286,0.05231550000007701,0.7272216000000071,ok,same_stridge_core,Hx;Hxxx;H*Hxx,0.02,0.9259501204611875
0.7455712094758082,1.3020509950241765,0.1890291720246673,-1.2212278828206606,0;0;-1.22122788282;0.189029172025;-1.80281147379;0;0;0;0.122121822015;0;0;0,53213.692148306705,0.005,781,3e-06,1.722537543581232,,0.0006032752372725622,0.9585040000000618,0.04626770000004399,1.004782299999988,ok,same_stridge_core,Hx;D_x^1.302051 H;Hxxx;H*Hxxx,0.02545890448948929,1.0839732378015516
0.7437983419419298,1.2936356104223352,0.0,-1.0543156038209565,0;0;-1.05431560382;0;0;0;0;0.0745617519296;0;0;0;0,53226.053267245945,0.005,782,3e-06,1.2487097440124268,,0.0004430183116008162,0.9859304000000293,0.04750879999994595,1.033448900000053,ok,same_stridge_core,Hx;H*Hxx,0.02,0.9293534244089512
0.7451140661271023,1.2755408926202474,0.1798899618915672,-1.2297212141787248,0;0;-1.22972121418;0.179889961892;-1.88696278976;0;0;0;0.120395463145;0;0;0,53252.411524525545,0.005,783,3e-06,1.7539557840476574,,0.0006371990686102098,0.9978338999999323,0.05460080000000289,1.0524417000000312,ok,same_stridge_core,Hx;D_x^1.275541 H;Hxxx;H*Hxxx,0.02,1.114926845753351
0.7452400190256414,1.3111494763677338,0.19176312251905883,-1.2190831972775882,0;0;-1.21908319728;0.191763122519;-1.75431016179;0;0;0;0.120068947106;0;0;0,53200.267599321,0.005,784,3e-06,1.7087583021586155,,0.0005884224195736151,0.9813611000000719,0.05388080000000173,1.035249199999953,ok,same_stridge_core,Hx;D_x^1.311149 H;Hxxx;H*Hxxx,0.02,1.0703550909667634
0.7448997340408882,1.296937488338956,0.18677211379401465,-1.223872246346369,0;0;-1.22387224635;0.186772113794;-1.7984545043;0;0;0;0.119299458346;0;0;0,53221.21014451951,0.005,785,3e-06,1.7235905091971198,,0.0006040533366661221,0.33872299999995903,0.048855399999979454,0.387589700000035,ok,same_stridge_core,Hx;D_x^1.296937 H;Hxxx;H*Hxxx,0.02,1.0849359874628857
0.7445123042385815,1.3002453409755586,0.0,-1.052354360313165,0;0;-1.05235436031;0;0;0;0;0.0748466611779;0;0;0;0,53216.3491907735,0.005,786,3e-06,1.2477911368502443,,0.0004419406158907537,0.6910967000000028,0.049567300000035175,0.7406711999999516,ok,same_stridge_core,Hx;H*Hxx,0.02,0.9284930417056034
0.7448730293181421,1.31883689011537,0.0,-1.0569419011048202,0;0;-1.0569419011;0;-0.122236341338;0;0;0.0737626162891;0;0;0;0,53188.88570839601,0.005,787,3e-06,1.4034572452499632,,0.0004380948885120383,1.1411147000000028,0.05837080000003425,1.1994938000000275,ok,same_stridge_core,Hx;Hxxx;H*Hxx,0.02,0.9247572738743991
0.7446167186318347,1.3040537534004337,0.0,-1.0520677554978854,0;0;-1.0520677555;0;0;0;0;0.0748882613233;0;0;0;0,53210.74203960222,0.005,788,3e-06,1.2476458635544292,,0.00044179645589277,1.1367108999999118,0.056327699999997094,1.1930470000000923,ok,same_stridge_core,Hx;H*Hxx,0.02,0.9283814113168157
0.7448371244422696,1.3090230868616484,0.0,-1.0570334796188015,0;0;-1.05703347962;0;-0.122084647675;0;0;0.0737498516919;0;0;0;0,53203.4100754121,0.005,789,3e-06,1.4036346721070712,,0.00043814955320032375,1.1653544000000693,0.054478200000062316,1.2198388000000477,ok,same_stridge_core,Hx;Hxxx;H*Hxx,0.02,0.9248039814283623
0.7445225203697865,1.3001114462071324,0.0,-1.0523263167373877,0;0;-1.05232631674;0;0;0;0;0.0748507314175;0;0;0;0,53216.546217186944,0.005,790,3e-06,1.2477812475153505,,0.00044192643284202127,1.0463977000000568,0.055469499999958316,1.101872700000058,ok,same_stridge_core,Hx;H*Hxx,0.02,0.9284819702122288
0.7438680473006907,1.301849171362029,0.0,-1.0541240121467288,0;0;-1.05412401215;0;0;0;0;0.0745896038538;0;0;0;0,53213.98914135639,0.005,791,3e-06,1.2485459339667044,,0.0004429060832850461,1.0347254999999222,0.05314049999992676,1.0878740999999081,ok,same_stridge_core,Hx;H*Hxx,0.02,0.9292619991185662
0.7454595881732136,1.3275853137264784,0.1974243631849623,-1.213763581690545,0;0;-1.21376358169;0.197424363185;-1.69435256473;0;0;0;0.119549993334;0;0;0,53175.90023228603,0.005,792,3e-06,1.6914921866679373,,0.0005703898063597611,1.0148894000000155,0.0420125000000553,1.0569103999999925,ok,same_stridge_core,Hx;D_x^1.327585 H;Hxxx;H*Hxxx,0.03506482251711009,1.053381383880505
0.7433676921824813,1.2735240649826747,0.0,-1.0554998573732361,0;0;-1.05549985737;0;0;0;0;0.0743895105879;0;0;0;0,53255.32817497767,0.005,793,3e-06,1.2494858647727867,,0.0004437456239973623,0.3233966999999893,0.0440209999999297,0.3674244000000044,ok,same_stridge_core,Hx;H*Hxx,0.02,0.9299538957229208
0.7452532628076542,1.306541433183196,0.1902471001488723,-1.2204338803527073,0;0;-1.22043388035;0.190247100149;-1.77336254579;0;0;0;0.120436214021;0;0;0,53207.073734896345,0.005,794,3e-06,1.7144353153018446,,0.0005944550003892229,0.9614274000000478,0.04438170000003083,1.0058191000000534,ok,same_stridge_core,Hx;D_x^1.306541 H;Hxxx;H*Hxxx,0.020937432166598834,1.0759504304830885
0.7447267677218677,1.3105588570883002,0.0,-1.0573149883914006,0;0;-1.05731498839;0;-0.12161812597;0;0;0.0737106067875;0;0;0;0,53201.140845185226,0.005,795,3e-06,1.4037606248098773,,0.0004383201223859553,0.9641863000000512,0.050452299999960815,1.0146486999999524,ok,same_stridge_core,Hx;Hxxx;H*Hxx,0.02,0.9249503572032102
0.7456825325733905,1.3185801818180902,0.19462402703808268,-1.2161013451353417,0;0;-1.21610134514;0.194624027038;-1.7400149637;0;0;0;0.121490572223;0;0;0,53189.26639105567,0.005,796,3e-06,1.7033776437106454,,0.000582954850118437,0.9578645999999935,0.04479819999994561,1.0026719999999614,ok,same_stridge_core,Hx;D_x^1.31858 H;Hxxx;H*Hxxx,0.02604199893673578,1.0651064470179772
0.7447302264352172,1.3047568684997355,0.0,-1.0517562533253049,0;0;-1.05175625333;0;0;0;0;0.0749334640775;0;0;0;0,53209.70556333611,0.005,797,3e-06,1.2475222011684601,,0.00044164340772785606,0.9447648999999956,0.04504040000006171,0.9898124999999709,ok,same_stridge_core,Hx;H*Hxx,0.02,0.9282639677884436
0.7452609904871643,1.3022667590425796,0.18883770639416148,-1.2216890523571529,0;0;-1.22168905236;0.188837706394;-1.79066904436;0;0;0;0.120706118174;0;0;0,53213.37430843979,0.005,798,3e-06,1.7197799611330644,,0.0006001608027892608,0.30590859999995246,0.040848400000072616,0.3467661000000817,ok,same_stridge_core,Hx;D_x^1.302267 H;Hxxx;H*Hxxx,0.019951707506796208,1.081219469431787
0.745034824990134,1.3235438014537082,0.0,-1.0565293260093975,0;0;-1.05652932601;0;-0.122920433697;0;0;0.0738201051572;0;0;0;0,53181.902729736226,0.005,799,3e-06,1.4031883330059045,,0.00043785319155573827,0.9457478000000492,0.04543809999995574,0.991194299999961,ok,same_stridge_core,Hx;Hxxx;H*Hxx,0.02,0.9245512084382785
0.7447713520927317,1.3142524516618923,0.0,-1.0572012533457917,0;0;-1.05720125335;0;-0.121806645043;0;0;0.0737264641171;0;0;0;0,53195.677312646425,0.005,800,3e-06,1.4036520175173492,,0.0004382508208486111,0.953912399999922,0.04263539999999466,0.9965538000000151,ok,same_stridge_core,Hx;Hxxx;H*Hxx,0.02,0.9248909217035315
0.7447050332888633,1.3023586177068875,0.05770681371068964,-1.0606874358350131,0.0200931010882;0;-1.06068743584;0.0577068137107;0.55940649678;0;0;0.0745960526334;-0.0317517895855;0;0;0,53213.239000316054,0.005,801,3e-06,1.7733081587033102,,0.00034610394940918544,0.5685584999999946,0.05080869999994775,0.6193743999999697,ok,same_stridge_core,1;Hx;D_x^1.302359 H;Hxxx;H*Hxx;H*Hxxx,0.01,0.8154698566976213
0.7446777106929754,1.314653406828774,0.0,-1.0574401385936856,0;0;-1.05744013859;0;-0.121410559987;0;0;0.0736931586201;0;0;0;0,53195.0837181761,0.005,802,3e-06,1.403772629502396,,0.000438397230604343,0.9903271000000586,0.0523871999999983,1.0427207999999837,ok,same_stridge_core,Hx;Hxxx;H*Hxx,0.02,0.9250168760388111
0.7450593052341878,1.2893184538993436,0.1843900002561052,-1.225833845480203,0;0;-1.22583384548;0.184390000256;-1.83364887687;0;0;0;0.12021391361;0;0;0,53232.37106446224,0.005,803,3e-06,1.7347579413061798,,0.0006161793415088154,0.3115642000000207,0.04114779999997609,0.3527167999999392,ok,same_stridge_core,Hx;D_x^1.289318 H;Hxxx;H*Hxxx,0.019943463174443572,1.0959694885326328
0.7447538394935055,1.2999470051527449,0.0,-1.0516914570251632,0;0;-1.05169145703;0;0;0;0;0.0749428652013;0;0;0;0,53216.78798923737,0.005,804,3e-06,1.2475409037274563,,0.0004416120741824092,0.9657521999999972,0.04752089999999498,1.0132785999999214,ok,same_stridge_core,Hx;H*Hxx,0.02,0.9282401757920321
0.7446671199300339,1.304586980042419,0.0,-1.0519294309757206,0;0;-1.05192943098;0;0;0;0;0.0749083358058;0;0;0;0,53209.95600102368,0.005,805,3e-06,1.2475886084947665,,0.0004417280587796811,0.7286835999999539,0.04427110000005996,0.7729622000000518,ok,same_stridge_core,Hx;H*Hxx,0.02,0.9283288724886243
0.7446311974340404,1.3077561976273566,0.0,-1.0520280176071704,0;0;-1.05202801761;0;0;0;0;0.0748940292362;0;0;0;0,53205.28088236806,0.005,806,3e-06,1.2475978876016534,,0.0004417767147649962,0.966564500000004,0.05066690000001017,1.017241399999989,ok,same_stridge_core,Hx;H*Hxx,0.02,0.928366202307445
0.7443620403411941,1.308076687418378,0.0,-1.0527669242009143,0;0;-1.0527669242;0;0;0;0;0.0747867629693;0;0;0;0,53204.80757896365,0.005,807,3e-06,1.2478891007796715,,0.00044215427543441415,0.5618670999999722,0.040606400000001486,0.6024799000000485,ok,same_stridge_core,Hx;H*Hxx,0.02,0.9286602553058897
0.7442665475239612,1.3066877864143573,0.0,-1.053029157017055,0;0;-1.05302915702;0;0;0;0;0.0747486830298;0;0;0;0,53206.85768384412,0.005,808,3e-06,1.2480114039546262,,0.0004422936384357281,0.980039099999999,0.04419389999998202,1.0242378000000372,ok,same_stridge_core,Hx;H*Hxx,0.02,0.9287702578515615
0.7447710381016446,1.298249893122064,0.0,-1.0516442691292063,0;0;-1.05164426913;0;0;0;0;0.0749497119408;0;0;0;0,53219.282690576416,0.005,809,3e-06,1.2475386090668934,,0.00044158941245645163,0.9116752999999562,0.04125460000000203,0.9529389999999012,ok,same_stridge_core,Hx;H*Hxx,0.02,0.9282229129234348
0.7448433271594095,1.3559250918414432,0.0,-1.0570176551200794,0;0;-1.05701765512;0;-0.122110826423;0;0;0.0737520557606;0;0;0;0,53133.7685202471,0.005,810,3e-06,1.4029997953556486,,0.00043814013238097413,0.289165500000081,0.042972299999973984,0.3321472000000085,ok,same_stridge_core,Hx;Hxxx;H*Hxx,0.02,0.9247958786734246
0.7453413594209057,1.3128858401851726,0.19242795399060786,-1.2183917533058222,0;0;-1.21839175331;0.192427953991;-1.75094647538;0;0;0;0.120402497219;0;0;0,53197.69957870802,0.005,811,3e-06,1.707469608708411,,0.0005871090874899597,1.013508100000081,0.04083530000002611,1.054348799999957,ok,same_stridge_core,Hx;D_x^1.312886 H;Hxxx;H*Hxxx,0.020432680696210122,1.0690972137639148
0.745398827491939,1.315293321925404,0.1932782255443804,-1.2175727066925814,0;0;-1.21757270669;0.193278225544;-1.74320773094;0;0;0;0.120473746837;0;0;0,53194.13618393724,0.005,812,3e-06,1.7050638293116425,,0.0005845954865093524,0.981015300000081,0.04953299999999672,1.0305570000000444,ok,same_stridge_core,Hx;D_x^1.315293 H;Hxxx;H*Hxxx,0.02,1.0667341951043956
0.7422079149778611,1.3032066825894768,0.0,-1.0586938871774472,0;0;-1.05869388718;0;0;0;0;0.0739241871755;0;0;0;0,53211.99022466567,0.005,813,3e-06,1.2511499972992959,,0.0004459964606038839,0.5831024999999954,0.042736399999967034,0.6258468999999423,ok,same_stridge_core,Hx;H*Hxx,0.02,0.9318780559513018
0.7448880990416302,1.2952022100477543,0.0,-1.05132310963703,0;0;-1.05132310964;0;0;0;0;0.0749963002748;0;0;0;0,53223.75661613025,0.005,814,3e-06,1.2474502829247351,,0.00044143728777647223,0.3139970000000858,0.04466510000008839,0.3586718999999903,ok,same_stridge_core,Hx;H*Hxx,0.01961197685571956,0.9281077432279536
0.745526876740739,1.306314698949579,0.19040706839653385,-1.2200372130774988,0;0;-1.22003721308;0.190407068397;-1.78422965034;0;0;0;0.121693912135;0;0;0,53207.408300674986,0.005,815,3e-06,1.7168728112781935,,0.0005971915510235557,1.0007812000000058,0.04123330000004444,1.0420228000000407,ok,same_stridge_core,Hx;D_x^1.306315 H;Hxxx;H*Hxxx,0.019499847890671444,1.0783839116700935
0.7442090923636855,1.3002453409755586,0.0,-1.0531869616316245,0;0;-1.05318696163;0;0;0;0;0.0747257621162;0;0;0;0,53216.3491907735,0.005,816,3e-06,1.2481359407988126,,0.0004423788208359559,0.3266565000000128,0.04570760000001428,0.3723691999999801,ok,same_stridge_core,Hx;H*Hxx,0.02,0.9288378456541716
0.7467403720945426,1.3102582677368606,0.05448269344035588,-1.0504859629769436,0.0205604404749;0;-1.05048596298;0.0544826934404;0.573287848057;0;0;0.0773618013062;-0.028099385987;0;0;0,53201.58507461597,0.005,817,3e-06,1.7693973909645295,,0.0003429281563282171,0.9805352000000767,0.054058199999985845,1.0346007000000554,ok,same_stridge_core,1;Hx;D_x^1.310258 H;Hxxx;H*Hxx;H*Hxxx,0.01,0.8117688596214421
0.7443516789606661,1.3574681034024518,0.0,-1.0582722364244117,0;0;-1.05827223642;0;-0.120031917472;0;0;0.0735770852756;0;0;0;0,53131.479293712706,0.005,818,3e-06,1.403660315134887,,0.0004389276235266181,1.0009962000000314,0.04672479999999268,1.0477256000000352,ok,same_stridge_core,Hx;Hxxx;H*Hxx,0.02,0.9254770014914727
0.7456918757011597,1.299425344948521,0.18825900821673563,-1.2218006351706958,0;0;-1.22180063517;0.188259008217;-1.8175485931;0;0;0;0.122782081581;0;0;0,53217.555151517845,0.005,819,3e-06,1.726844108479485,,0.0006079679236651753,1.0050476999999773,0.039059700000052544,1.044114899999954,ok,same_stridge_core,Hx;D_x^1.299425 H;Hxxx;H*Hxxx,0.019440733068406955,1.0882334466612709
0.7447875423247298,1.3139670302471231,0.0,-1.0571599512625753,0;0;-1.05715995126;0;-0.12187507731;0;0;0.0737322220349;0;0;0;0,53196.09991754783,0.005,820,3e-06,1.403634225489614,,0.00043822575117706287,0.9559198999999126,0.041596000000026834,0.9975240999999642,ok,same_stridge_core,Hx;Hxxx;H*Hxx,0.02,0.9248693262316834
0.743931692380335,1.301849171362029,0.0,-1.0539490967740153,0;0;-1.05394909677;0;0;0;0;0.0746150263367;0;0;0;0,53213.98914135639,0.005,821,3e-06,1.2484639657399639,,0.0004428049476502761,0.33196029999999155,0.043510300000093594,0.37547619999998005,ok,same_stridge_core,Hx;H*Hxx,0.02,0.9291800308918255
0.746350666849177,1.3046188877618465,0.19054630604927666,-1.2191457909270744,0;0;-1.21914579093;0.190546306049;-1.82091963814;0;0;0;0.125521112949;0;0;0,53209.90894699987,0.005,822,3e-06,1.725597841639503,,0.0006069706858717401,0.9967754000000468,0.043344500000102926,1.0401279000000159,ok,same_stridge_core,Hx;D_x^1.304619 H;Hxxx;H*Hxxx,0.03432951202927861,1.0870789342755045
0.7447043835694871,1.30335559358076,0.0,-1.0518271648731592,0;0;-1.05182716487;0;0;0;0;0.0749231739909;0;0;0;0,53211.77072606107,0.005,823,3e-06,1.247560972581324,,0.00044167794336960825,0.9468824000000495,0.05199870000001283,0.9988935000000083,ok,same_stridge_core,Hx;H*Hxx,0.02,0.9282903482249576
0.7447234112789166,1.3109105876030773,0.0,-1.0573235482167234,0;0;-1.05732354822;0;-0.121603875041;0;0;0.073709413138;0;0;0;0,53200.62085850796,0.005,824,3e-06,1.403760514851711,,0.00043832543182049683,1.0032926000000089,0.0437102999999297,1.0470161000000644,ok,same_stridge_core,Hx;Hxxx;H*Hxx,0.02,0.9249549271251393
0.7447000244957126,1.3116498758986186,0.0,-1.0573832136924877,0;0;-1.05738321369;0;-0.12150509619;0;0;0.0737010953454;0;0;0;0,53199.52786252855,0.005,825,3e-06,1.4037823124355118,,0.00043836213574468413,0.5520573000000013,0.04615209999997205,0.5982158999999001,ok,same_stridge_core,Hx;Hxxx;H*Hxx,0.02,0.9249865616727547
0.7446587422464928,1.3028727256732755,0.0,-1.051952422474353,0;0;-1.05195242247;0;0;0;0;0.074904998362;0;0;0;0,53212.48207433827,0.005,826,3e-06,1.2476123917919217,,0.00044173937013530383,1.0234265999999934,0.04515470000001187,1.0685942000000068,ok,same_stridge_core,Hx;H*Hxx,0.02,0.9283374993458922
0.7446879951405819,1.3111118285099592,0.0,-1.0574138998226188,0;0;-1.05741389982;0;-0.121454032502;0;0;0.0736968158806;0;0;0;0,53200.32327938801,0.005,827,3e-06,1.4038057001161204,,0.00043838095030806725,1.0215220000000045,0.043421500000022206,1.064954299999954,ok,same_stridge_core,Hx;Hxxx;H*Hxx,0.02,0.9250027906016284
0.7470167828236656,1.296154482016985,0.050184609780764465,-1.0479933045569005,0.0206708351561;0;-1.04799330456;0.0501846097808;0.582656406552;0;0;0.0788256255087;-0.0287911220336;0;0;0,53222.359448348034,0.005,828,3e-06,1.7702984611680725,,0.00034315173248377284,0.9954563000000007,0.05615849999992406,1.0516234000000395,ok,same_stridge_core,1;Hx;D_x^1.296154 H;Hxxx;H*Hxx;H*Hxxx,0.01,0.8122959910978079
0.7448956911313956,1.3041657280382475,0.05769500977840521,-1.0598042254484417,0.0201327512209;0;-1.05980422545;0.0576950097784;0.560263655639;0;0;0.074774577273;-0.0313284043728;0;0;0,53210.57703314242,0.005,829,3e-06,1.772824782610598,,0.0003457471567218246,0.9521539999999504,0.04603989999998248,0.9982069999999794,ok,same_stridge_core,1;Hx;D_x^1.304166 H;Hxxx;H*Hxx;H*Hxxx,0.01,0.8150343960140345
0.7470464365118186,1.3099507641674908,0.05360118403994003,-1.0488530636434974,0.02063610174;0;-1.04885306364;0.0536011840399;0.576000574346;0;0;0.0778870679845;-0.0276628478848;0;0;0,53202.039403072784,0.005,830,3e-06,1.7689856598455662,,0.0003425449716642272,0.990786000000071,0.059013700000036806,1.0498086000000058,ok,same_stridge_core,1;Hx;D_x^1.309951 H;Hxxx;H*Hxx;H*Hxxx,0.01,0.8113489505902561
0.7447440442815045,1.3064427153834735,0.0,-1.0517183347802908,0;0;-1.05171833478;0;0;0;0;0.0749389659515;0;0;0;0,53207.21924714089,0.005,831,3e-06,1.2474933110530446,,0.0004416250553456325,1.0359028999999964,0.042811799999981304,1.0787208999998938,ok,same_stridge_core,Hx;H*Hxx,0.02,0.9282499955701993
0.7449001694385577,1.323622038478447,0.06302255689807759,-1.0610768236888712,0.0200509471565;0;-1.06107682369;0.0630225568981;0.553026318327;0;0;0.073307968219;-0.0299879234459;0;0;0,53181.78663273354,0.005,832,3e-06,1.7710837695977755,,0.0003450059847838098,0.9572729999999865,0.05236620000005132,1.009648900000002,ok,same_stridge_core,1;Hx;D_x^1.323622 H;Hxxx;H*Hxx;H*Hxxx,0.01,0.8138116102085716
0.7445091911401538,1.3105630902888528,0.0,-1.057870165534305,0;0;-1.05787016553;0;-0.120697965778;0;0;0.0736331820476;0;0;0;0,53201.13442440769,0.005,833,3e-06,1.4040606322686926,,0.0004386673113149657,0.6144010000000435,0.038733200000024226,0.6531437999999525,ok,same_stridge_core,Hx;Hxxx;H*Hxx,0.02,0.9252504224490234
0.7446536128579615,1.3140173254731413,0.0,-1.0575016201580567,0;0;-1.05750162016;0;-0.121308673892;0;0;0.0736845855319;0;0;0;0,53196.025398170044,0.005,834,3e-06,1.4038139336504474,,0.0004384353191345012,1.0011034000000336,0.04342380000002777,1.044535900000028,ok,same_stridge_core,Hx;Hxxx;H*Hxx,0.02,0.925049705066917
0.7446671199300339,1.2481365740880124,0.048663286574560295,-1.061833090725659,0.0196176207694;0;-1.06183309073;0.0486632865746;0.3403829356;0;0;0.0768141071818;0;0;0;0,53291.62703696298,0.005,835,3e-06,1.6190621195463968,,0.00035013933277792475,0.5695096000000603,0.04326370000001134,0.6127867000000151,ok,same_stridge_core,1;Hx;D_x^1.248137 H;Hxxx;H*Hxx,0.015,0.819687713991952
0.7445895760960597,1.3154240413437588,0.0,-1.05766502473573,0;0;-1.05766502474;0;-0.121037973507;0;0;0.073661798354;0;0;0;0,53193.94272966554,0.005,836,3e-06,1.4038833148372682,,0.000438537460416892,1.022109700000101,0.041467100000090795,1.0635849999999891,ok,same_stridge_core,Hx;Hxxx;H*Hxx,0.02,0.9251378302702783
0.7447498231141811,1.308097736954102,0.0,-1.05725617093407,0;0;-1.05725617093;0;-0.121715645445;0;0;0.0737188082705;0;0;0;0,53204.77666021604,0.005,837,3e-06,1.4037625950571015,,0.00043828420366106386,0.9866078000000016,0.051164200000016535,1.0377806999999848,ok,same_stridge_core,Hx;Hxxx;H*Hxx,0.02,0.9249196051151571
0.7448640095153712,1.2913277668483523,0.0,-1.0513891935798456,0;0;-1.05138919358;0;0;0;0;0.0749867142971;0;0;0;0,53229.432714460236,0.005,838,3e-06,1.2475076917359647,,0.00044146828688368704,1.0153887999999824,0.043569599999955244,1.0589631999999938,ok,same_stridge_core,Hx;H*Hxx,0.019500658640064228,0.9281310954492034
0.7454480717762803,1.298249893122064,0.18766463444024606,-1.2225595662982829,0;0;-1.2225595663;0.18766463444;-1.81329238324;0;0;0;0.121727246553;0;0;0,53219.282690576416,0.005,839,3e-06,1.726361400903666,,0.0006073193879893877,0.3141585999999279,0.04097200000001067,0.355140600000027,ok,same_stridge_core,Hx;D_x^1.29825 H;Hxxx;H*Hxxx,0.024414265962312193,1.0877300086167492
0.7446459532870395,1.3559250918414432,0.0,-1.0575211650183305,0;0;-1.05752116502;0;-0.121276283609;0;0;0.0736818592379;0;0;0;0,53133.7685202471,0.005,840,3e-06,1.403264156008237,,0.0004384475477410432,0.3398585999999568,0.043668600000046354,0.383533400000033,ok,same_stridge_core,Hx;Hxxx;H*Hxx,0.02,0.9250602393260132
0.7447645178185194,1.3049665659947276,0.0,-1.0516621606493093,0;0;-1.05166216065;0;0;0;0;0.0749471154109;0;0;0;0,53209.396459075964,0.005,841,3e-06,1.2474857959429264,,0.0004415979784481341,0.9210564999999633,0.043076799999994364,0.9641496000000416,ok,same_stridge_core,Hx;H*Hxx,0.02,0.9282294171884706
0.7447023913000836,1.2963077155079064,0.0,-1.051832633274671,0;0;-1.05183263327;0;0;0;0;0.0749223809625;0;0;0;0,53222.13463139826,0.005,842,3e-06,1.2476251577581734,,0.0004416805862284382,0.5886045999999396,0.04062499999997726,0.6292377999999417,ok,same_stridge_core,Hx;H*Hxx,0.02,0.9282923499697838
0.7450041626633475,1.304396434271834,0.18932349821205918,-1.2214931621930387,0;0;-1.22149316219;0.189323498212;-1.77285521815;0;0;0;0.11942814521;0;0;0,53210.23700103189,0.005,843,3e-06,1.7151054149409954,,0.0005950413685911732,0.29953089999992244,0.04286740000009104,0.3424066000000039,ok,same_stridge_core,Hx;D_x^1.304396 H;Hxxx;H*Hxxx,0.02,1.0765825709286128
0.7442471084717677,1.3066605916446379,0.0,-1.0530825440884755,0;0;-1.05308254409;0;0;0;0;0.0747409298025;0;0;0;0,53206.89781188146,0.005,844,3e-06,1.2480344389428077,,0.000442322383661485,0.9931599000000233,0.044808999999986554,1.0379760999999235,ok,same_stridge_core,Hx;H*Hxx,0.02,0.928793052071519
0.7448900040561821,1.296937488338956,0.05579279659145811,-1.0593116658100115,0.0201572644329;0;-1.05931166581;0.0557927965915;0.563542698298;0;0;0.0753046347441;-0.0318946505427;0;0;0,53221.21014451951,0.005,845,3e-06,1.773498744625738,,0.00034604764043249023,0.2959507999999005,0.04412780000006933,0.3401064999999335,ok,same_stridge_core,1;Hx;D_x^1.296937 H;Hxxx;H*Hxx;H*Hxxx,0.01,0.815516962024387
0.7447673031951204,1.3002453409755586,0.0,-1.051654518542088,0;0;-1.05165451854;0;0;0;0;0.0749482245521;0;0;0;0,53216.3491907735,0.005,846,3e-06,1.2475247495583552,,0.0004415943385123156,0.3522438999999622,0.043073199999980716,0.3953233000000864,ok,same_stridge_core,Hx;H*Hxx,0.02,0.9282266544137141
0.7449954421766785,1.2925020050215583,0.1853881536112375,-1.225011717595702,0;0;-1.2250117176;0.185388153611;-1.81912967307;0;0;0;0.119865027052;0;0;0,53227.71379685807,0.005,847,3e-06,1.7300645986036198,,0.0006110690631605305,0.29303359999994427,0.037772500000073705,0.33081400000003214,ok,same_stridge_core,Hx;D_x^1.292502 H;Hxxx;H*Hxxx,0.03549111986675011,1.091332033041323
0.7446979260116954,1.3040855112907264,0.0,-1.051844887553199,0;0;-1.05184488755;0;0;0;0;0.0749206029072;0;0;0;0,53210.69530149913,0.005,848,3e-06,1.247561165890157,,0.00044168658612005104,0.9347383000000491,0.044642599999974664,0.9793892000000142,ok,same_stridge_core,Hx;H*Hxx,0.02,0.9282969940811623
0.7447585200739746,1.3022021645906077,0.0,-1.0516786164266934,0;0;-1.05167861643;0;0;0;0;0.0749447283735;0;0;0;0,53213.46949952756,0.005,849,3e-06,1.247516376921523,,0.000441605915375619,1.0065220000000181,0.04254090000006272,1.049074399999995,ok,same_stridge_core,Hx;H*Hxx,0.02,0.9282355599243575
0.7445225203697865,1.3047935538650621,0.0,-1.0523263167373877,0;0;-1.05232631674;0;0;0;0;0.0748507314175;0;0;0;0,53209.65153605672,0.005,850,3e-06,1.2477398794285692,,0.00044192643284202127,0.5676899999999705,0.04136500000004162,0.609064500000045,ok,same_stridge_core,Hx;H*Hxx,0.02,0.9284819702122288
0.7446963070536226,1.3188291317282808,0.0,-1.057392696246134,0;0;-1.05739269625;0;-0.121489271595;0;0;0.0736997729127;0;0;0;0,53188.89721554755,0.005,851,3e-06,1.403691683555215,,0.0004383679279190872,0.9963738000000149,0.04309669999997823,1.039481599999931,ok,same_stridge_core,Hx;Hxxx;H*Hxx,0.02,0.924991608615287
0.7445083976380868,1.3104090561894746,0.0,-1.0578721907269149,0;0;-1.05787219073;0;-0.120694627608;0;0;0.0736329011173;0;0;0;0,53201.36219583944,0.005,852,3e-06,1.4040637881536457,,0.0004386685864465212,0.6249454999999671,0.044054699999946934,0.6690085000000181,ok,same_stridge_core,Hx;Hxxx;H*Hxx,0.02,0.9252515283910907
0.7448333616927394,1.306913473268495,0.0,-1.0514732722034628,0;0;-1.0514732722;0;0;0;0;0.0749745191599;0;0;0;0,53206.52474528371,0.005,853,3e-06,1.2474001458822568,,0.0004415078683882035,0.945701999999983,0.042290200000024925,0.9880001999999877,ok,same_stridge_core,Hx;H*Hxx,0.02,0.9281609974105546
0.7451047356523701,1.309803973435212,0.19119936475625182,-1.219714677275673,0;0;-1.21971467728;0.191199364756;-1.75482681057;0;0;0;0.119546853631;0;0;0,53202.25634847211,0.005,854,3e-06,1.7093239883680087,,0.00058895403611584,0.30763899999999467,0.03850119999992785,0.3461487000000716,ok,same_stridge_core,Hx;D_x^1.309804 H;Hxxx;H*Hxxx,0.0343269470181235,1.0708969121863434
0.745027650072551,1.311898753807939,0.191825691769131,-1.2192206623883104,0;0;-1.21922066239;0.191825691769;-1.74353158587;0;0;0;0.119042753271;0;0;0,53199.159821456764,0.005,855,3e-06,1.7062321646551237,,0.0005856464906645471,0.9818025000000716,0.04660680000006323,1.0284209999999803,ok,same_stridge_core,Hx;D_x^1.311899 H;Hxxx;H*Hxxx,0.02,1.0678422467976425
0.7448542421818839,1.3089124766588405,0.0,-1.0569898244365257,0;0;-1.05698982444;0;-0.12215711547;0;0;0.0737559348632;0;0;0;0,53203.57336466105,0.005,856,3e-06,1.403613818296472,,0.00043812346283135956,0.9992208999999548,0.04753229999994346,1.0467612999999574,ok,same_stridge_core,Hx;Hxxx;H*Hxx,0.02,0.9247816580145224
0.7448612956478127,1.3060920773269895,0.0,-1.0513966379122222,0;0;-1.05139663791;0;0;0;0;0.0749856342972;0;0;0;0,53207.73659506886,0.005,857,3e-06,1.2473802537040488,,0.0004414718003650517,0.9894417000000431,0.04258119999997234,1.0320297999999184,ok,same_stridge_core,Hx;H*Hxx,0.02,0.9281338341336356
0.7448997472618532,1.3048969483375574,0.0,-1.05129115642486,0;0;-1.05129115642;0;0;0;0;0.0750009339704;0;0;0;0,53209.49909944546,0.005,858,3e-06,1.247353522536054,,0.00044142239840533733,0.9809593999999606,0.04408590000002732,1.0250546999999415,ok,same_stridge_core,Hx;H*Hxx,0.02,0.9280965279393811
0.7450871064157074,1.3029871967690112,0.18892832835705037,-1.2217701877707958,0;0;-1.22177018777;0.188928328357;-1.7814804321;0;0;0;0.119880911629;0;0;0,53212.313452967785,0.005,859,3e-06,1.7175000303568249,,0.0005976357403608256,1.011881399999993,0.045566599999915525,1.057456000000002,ok,same_stridge_core,Hx;D_x^1.302987 H;Hxxx;H*Hxxx,0.02,1.0789522689212114
0.7448339035860575,1.3012494692533858,0.0,-1.0514717858629747,0;0;-1.05147178586;0;0;0;0;0.0749747344819;0;0;0;0,53214.871946512336,0.005,860,3e-06,1.2474497403339193,,0.0004415071665624237,0.9867406000000756,0.04475290000004861,1.0315045000000964,ok,same_stridge_core,Hx;H*Hxx,0.02,0.9281605086548453
0.7453294448862615,1.30254146347414,0.18898681869096082,-1.2214918292676973,0;0;-1.22149182927;0.188986818691;-1.79207341463;0;0;0;0.121002883508;0;0;0,53212.96982642794,0.005,861,3e-06,1.719983659988864,,0.0006004141071233543,1.0032820000000129,0.04900770000006105,1.0522971000000325,ok,same_stridge_core,Hx;D_x^1.302541 H;Hxxx;H*Hxxx,0.02,1.0814280220717287
0.744844817431694,1.3001725205502859,0.18779320489720738,-1.2230122510430017,0;0;-1.22301225104;0.187793204897;-1.78377367211;0;0;0;0.118918569895;0;0;0,53216.45635115612,0.005,862,3e-06,1.7190762602679701,,0.0005991932969343593,0.967692100000022,0.039067400000021735,1.006766999999968,ok,same_stridge_core,Hx;D_x^1.300173 H;Hxxx;H*Hxxx,0.025970631707473806,1.0804787840540966
0.7448718133067799,1.305718344279063,0.0,-1.0513677862067206,0;0;-1.05136778621;0;0;0;0;0.0749898195806;0;0;0;0,53208.28791903877,0.005,863,3e-06,1.2473732693560957,,0.00044145819983458057,0.9351007999999865,0.043699399999923116,0.9788114000000405,ok,same_stridge_core,Hx;H*Hxx,0.02,0.9281235418418631
0.7449259440384681,1.3079837785691824,0.0,-1.056806961487965,0;0;-1.05680696149;0;-0.122460179014;0;0;0.0737814206681;0;0;0;0,53204.94488842659,0.005,864,3e-06,1.4035335422203172,,0.00043801500538068476,0.9918013000000201,0.05089290000000801,1.0427024000000529,ok,same_stridge_core,Hx;Hxxx;H*Hxx,0.02,0.9246890382244779
0.7450213493081932,1.3074427067077583,0.0,-1.0565636859235048,0;0;-1.05656368592;0;-0.122863482333;0;0;0.0738153165156;0;0;0;0,53205.7435702005,0.005,865,3e-06,1.4034198044221136,,0.0004378730366663015,1.0089055999999346,0.042951900000048227,1.0518678999999338,ok,same_stridge_core,Hx;Hxxx;H*Hxx,0.019492914587037398,0.924568112290309
0.7453179923102444,1.2720007293289926,0.17887977164006277,-1.230390376040964,0;0;-1.23039037604;0.17887977164;-1.90715449515;0;0;0;0.121189796252;0;0;0,53257.52831868081,0.005,866,3e-06,1.7607485664586147,,0.0006448334257878218,1.014747199999988,0.036352599999986523,1.0511050000000068,ok,same_stridge_core,Hx;D_x^1.272001 H;Hxxx;H*Hxxx,0.02493710268632869,1.121658226634445
0.7443016801966138,1.308076687418378,0.0,-1.0529326696589885,0;0;-1.05293266966;0;0;0;0;0.0747626951695;0;0;0;0,53204.80757896365,0.005,867,3e-06,1.247958212002437,,0.00044224204204261724,0.3295187999999598,0.04266619999998511,0.372189800000001,ok,same_stridge_core,Hx;H*Hxx,0.02,0.9287293665286552
0.7448177707128611,1.3043100973701536,0.0,-1.0515160473206202,0;0;-1.05151604732;0;0;0;0;0.0749683140198;0;0;0;0,53210.36422527804,0.005,868,3e-06,1.2474385726620763,,0.0004415281482469114,0.6339030999999977,0.048303500000088206,0.6822116999999253,ok,same_stridge_core,Hx;H*Hxx,0.02,0.9281763873104081
0.7450472668439285,1.3127624975104126,0.19212890894819962,-1.2189292066633939,0;0;-1.21892920666;0.192128908948;-1.74073470367;0;0;0;0.119066534098;0;0;0,53197.88212721879,0.005,869,3e-06,1.7053602427912824,,0.00058473612942378,1.0302992999999105,0.03904609999995046,1.0693507999999383,ok,same_stridge_core,Hx;D_x^1.312762 H;Hxxx;H*Hxxx,0.03440967301061839,1.0669856572646568
0.7447989101761984,1.301006501622116,0.0,-1.0515677965060066,0;0;-1.05156779651;0;0;0;0;0.0749608059807;0;0;0;0,53215.22946468374,0.005,870,3e-06,1.2474863523815218,,0.0004415527820676122,1.0299528000000464,0.04612840000004326,1.0760894999999664,ok,same_stridge_core,Hx;H*Hxx,0.02,0.9281949755934193
0.7448805115819447,1.3030554115284103,0.0,-1.0513439233948159,0;0;-1.05134392339;0;0;0;0;0.0749932821393;0;0;0;0,53212.21292446896,0.005,871,3e-06,1.247388297259579,,0.0004414470535606608,1.041583400000036,0.04904069999997773,1.0906317000000172,ok,same_stridge_core,Hx;H*Hxx,0.02,0.9281150197127651
0.7451916069194008,1.303736765132773,0.18926538340785976,-1.221371087534061,0;0;-1.22137108753;0.189265383408;-1.78231023437;0;0;0;0.120315887899;0;0;0,53211.20917695897,0.005,872,3e-06,1.7174000610823115,,0.0005975828908875513,0.9985457000000224,0.04098389999990104,1.0395380999999588,ok,same_stridge_core,Hx;D_x^1.303737 H;Hxxx;H*Hxxx,0.01993696423200781,1.0788655509588039
0.7448022472050961,1.306848023755356,0.0,-1.051558639362665,0;0;-1.05155863936;0;0;0;0;0.0749621345548;0;0;0;0,53206.62132409507,0.005,873,3e-06,1.2474314149835333,,0.000441548419651707,1.0041437000000997,0.04419590000009066,1.0483487999999852,ok,same_stridge_core,Hx;H*Hxx,0.02,0.9281916870389628
0.7448880990416302,1.3066177241566144,0.0,-1.0513231096370297,0;0;-1.05132310964;0;0;0;0;0.0749963002748;0;0;0;0,53206.96117403353,0.005,874,3e-06,1.2473495102721552,,0.00044143728777647223,0.5511314000000311,0.05004299999995965,0.6011911999999029,ok,same_stridge_core,Hx;H*Hxx,0.02,0.9281077432279541
0.7452414726876185,1.3065284205668763,0.1902326459454804,-1.2204577514828818,0;0;-1.22045775148;0.190232645945;-1.77298537392;0;0;0;0.120383362689;0;0;0,53207.0928014566,0.005,875,3e-06,1.714358643281511,,0.000594367320471133,1.0085990000000038,0.041478099999949336,1.0500852000000123,ok,same_stridge_core,Hx;D_x^1.306528 H;Hxxx;H*Hxxx,0.02,1.0758735296640318
0.7448565062818838,1.3057944771021952,0.0,-1.0514097745321112,0;0;-1.05140977453;0;0;0;0;0.0749837301295;0;0;0;0,53208.17566002763,0.005,876,3e-06,1.2473874157955542,,0.00044147794612111154,0.9819076999999652,0.0445594999999912,1.0264749000000393,ok,same_stridge_core,Hx;H*Hxx,0.02,0.9281383618353886
0.7448877822562177,1.309928844239433,0.0,-1.0569042824639383,0;0;-1.05690428246;0;-0.122298836686;0;0;0.0737678578423;0;0;0;0,53202.07187906253,0.005,877,3e-06,1.4035566907570367,,0.00043807248820981363,0.9604606000000331,0.04353579999997237,1.0040063000000146,ok,same_stridge_core,Hx;Hxxx;H*Hxx,0.02,0.9247380438454739
0.7449072422000346,1.3155240164612008,0.0,-1.056854651879917,0;0;-1.05685465188;0;-0.122381046593;0;0;0.0737747738592;0;0;0;0,53193.794610798555,0.005,878,3e-06,1.403457026601154,,0.00043804312974764556,1.0343166999999767,0.053288500000007843,1.087611000000038,ok,same_stridge_core,Hx;Hxxx;H*Hxx,0.02,0.9247128751039668
0.7442683099796302,1.3022021645906077,0.0,-1.0530243152798704,0;0;-1.05302431528;0;0;0;0;0.0747493868993;0;0;0;0,53213.46949952756,0.005,879,3e-06,1.2480490666422903,,0.00044229103104920285,0.3285709000000452,0.04608999999993557,0.37466730000005555,ok,same_stridge_core,Hx;H*Hxx,0.02,0.9287682496451248
0.7448382323253497,1.3047935538650621,0.0,-1.051459908035269,0;0;-1.05145990804;0;0;0;0;0.0749764577433;0;0;0;0,53209.65153605672,0.005,880,3e-06,1.2474141375683858,,0.0004415015688508317,0.3533477999999377,0.043524999999931424,0.3968814999999495,ok,same_stridge_core,Hx;H*Hxx,0.02,0.9281562283520455
0.7446267629057617,1.3078148334073163,0.0,-1.0520401899622482,0;0;-1.05204018996;0;0;0;0;0.0748922621653;0;0;0;0,53205.194377962456,0.005,881,3e-06,1.2476019964502276,,0.0004417827298015171,0.8981019000000288,0.047513699999967685,0.9456273000000692,ok,same_stridge_core,Hx;H*Hxx,0.02,0.9283708301824529
0.7454404384532112,1.301784251029146,0.18882992739792723,-1.2215281692615232,0;0;-1.22152816926;0.188829927398;-1.79910964778;0;0;0;0.121542431536;0;0;0,53214.084765570784,0.005,882,3e-06,1.72182154634614,,0.0006024394865518186,0.9980282999999872,0.039962299999956485,1.0380022999999028,ok,same_stridge_core,Hx;D_x^1.301784 H;Hxxx;H*Hxxx,0.019951736815938495,1.0832525291592905
0.7447970766370182,1.3075213641073344,0.0,-1.057135635003437,0;0;-1.057135635;0;-0.121915421783;0;0;0.0737356111064;0;0;0;0,53205.627474017376,0.005,883,3e-06,1.4037072481468098,,0.000438211011743424,1.004221799999982,0.0448662000000013,1.049098200000003,ok,same_stridge_core,Hx;Hxxx;H*Hxx,0.02,0.9248566008806534
0.7449980455396188,1.309803973435212,0.19110654015791137,-1.2198960010472966,0;0;-1.21989600105;0.191106540158;-1.75093777431;0;0;0;0.119059623209;0;0;0,53202.25634847211,0.005,884,3e-06,1.7084993866248595,,0.0005880281272276328,0.31112949999999273,0.037193200000047,0.34833080000009886,ok,same_stridge_core,Hx;D_x^1.309804 H;Hxxx;H*Hxxx,0.024991512054050768,1.0700723104431942
0.7449470473930992,1.3088920403852524,0.0,-1.0567531496114155,0;0;-1.05675314961;0;-0.122549523758;0;0;0.073788919135;0;0;0;0,53203.60360169246,0.005,885,3e-06,1.4034945776321404,,0.0004379834146594804,0.9139141000000564,0.04305439999995997,0.9569778999999698,ok,same_stridge_core,Hx;Hxxx;H*Hxx,0.02,0.9246621452169083
0.7449649798083218,1.3073707702566515,0.19027311695648938,-1.2206765263370667,0;0;-1.22067652634;0.190273116956;-1.75953265251;0;0;0;0.119071706354;0;0;0,53205.8497741885,0.005,886,3e-06,1.711171626750041,,0.0005908419861285493,0.9165011999999706,0.0441124999999829,0.9606191000000308,ok,same_stridge_core,Hx;D_x^1.307371 H;Hxxx;H*Hxxx,0.02,1.072701429459779
0.7447521074307231,1.306913473268495,0.0,-1.051696208781323,0;0;-1.05169620878;0;0;0;0;0.0749421753919;0;0;0;0,53206.52474528371,0.005,887,3e-06,1.2474811037756377,,0.0004416143764823711,0.2937931999999819,0.044977099999982784,0.3387784000000238,ok,same_stridge_core,Hx;H*Hxx,0.02,0.9282419553039355
0.7448589474581744,1.3055513324537258,0.0,-1.0514030812509612,0;0;-1.05140308125;0;0;0;0;0.0749846993825;0;0;0;0,53208.53424994113,0.005,888,3e-06,1.2473872246533606,,0.0004414748180308486,0.9223674000000983,0.0434851999999637,0.9658607000000075,ok,same_stridge_core,Hx;H*Hxx,0.02,0.9281360191537139
0.7452996172871742,1.3082294501929645,0.19084662471536717,-1.219852849674597,0;0;-1.21985284967;0.190846624715;-1.76827388487;0;0;0;0.120541456756;0;0;0,53204.58214694991,0.005,889,3e-06,1.7127410466422808,,0.0005926767094740973,0.2842743999999584,0.039562600000067505,0.3238468000000694,ok,same_stridge_core,Hx;D_x^1.308229 H;Hxxx;H*Hxxx,0.02440734672246567,1.0742860608788818
0.7447670685154106,1.308349656060865,0.0,-1.0572121773929615,0;0;-1.05721217739;0;-0.12178844571;0;0;0.0737249410265;0;0;0;0,53204.404700940875,0.005,890,3e-06,1.403736274517343,,0.00043825747668904897,0.9176877999999533,0.04516349999994418,0.9628577999999379,ok,same_stridge_core,Hx;Hxxx;H*Hxx,0.02,0.9248966322088751
0.7446962865168407,1.3064427153834735,0.0,-1.051849387910772,0;0;-1.05184938791;0;0;0;0;0.0749199500056;0;0;0;0,53207.21924714089,0.005,891,3e-06,1.2475420190788036,,0.0004416887602510928,0.3040639000000738,0.04822569999998905,0.3522978000000876,ok,same_stridge_core,Hx;H*Hxx,0.02,0.9282987035959582
0.7448807811278886,1.3089281825174024,0.0,-1.0569221372716893,0;0;-1.05692213727;0;-0.122269231556;0;0;0.0737653704424;0;0;0;0,53203.550248622836,0.005,892,3e-06,1.403578987006388,,0.00043808313324615914,0.9114467999999079,0.04204809999998815,0.9535039999999526,ok,same_stridge_core,Hx;Hxxx;H*Hxx,0.02,0.9247470347687824
0.744927161741135,1.305718344279063,0.18969436963366612,-1.221231584005231,0;0;-1.22123158401;0.189694369634;-1.76477335582;0;0;0;0.119001419147;0;0;0,53208.28791903877,0.005,893,3e-06,1.712883495614719,,0.0005926396062586688,0.3066056000000117,0.04383580000001075,0.3504511999999522,ok,same_stridge_core,Hx;D_x^1.305718 H;Hxxx;H*Hxxx,0.02,1.0743840405862537
0.7454914698302535,1.3058554966099813,0.19022421305225273,-1.220233828712803,0;0;-1.22023382871;0.190224213052;-1.78477858594;0;0;0;0.121559858543;0;0;0,53208.085575401776,0.005,894,3e-06,1.7171585502594537,,0.0005974785129855695,0.9422878999999966,0.04721779999999853,0.9895201999999017,ok,same_stridge_core,Hx;D_x^1.305855 H;Hxxx;H*Hxxx,0.02,1.0786615233546324
0.7448637491254007,1.304586980042419,0.0,-1.0513899074996718,0;0;-1.0513899075;0;0;0;0;0.0749866110221;0;0;0;0,53209.95600102368,0.005,895,3e-06,1.2473911356805403,,0.0004414686445586679,0.29137649999995574,0.042244899999900554,0.33363489999999274,ok,same_stridge_core,Hx;H*Hxx,0.02,0.9281313996743982
0.7449260032426653,1.3087108360209314,0.0,-1.0568068106552977,0;0;-1.05680681066;0;-0.122460431688;0;0;0.0737814414606;0;0;0;0,53203.871191891936,0.005,896,3e-06,1.4035238013292195,,0.00043801491040630056,0.9108809999999039,0.04356139999993047,0.9544532999999547,ok,same_stridge_core,Hx;Hxxx;H*Hxx,0.02,0.9246889606021921
0.7442563483256736,1.3086263147761572,0.0,-1.0530571691233925,0;0;-1.05305716912;0;0;0;0;0.0747446154262;0;0;0;0,53203.99598974435,0.005,897,3e-06,1.2480061361881298,,0.000442308674063971,0.9166887000000088,0.0504511999999977,0.9671449999999595,ok,same_stridge_core,Hx;H*Hxx,0.02,0.9287821602496636
0.7448177707128611,1.3018282822260734,0.0,-1.0515160473206202,0;0;-1.05151604732;0;0;0;0;0.0749683140198;0;0;0;0,53214.01999699487,0.005,898,3e-06,1.2474605072923777,,0.0004415281482469114,0.5353764000000183,0.04243459999997867,0.5778196999999636,ok,same_stridge_core,Hx;H*Hxx,0.02,0.9281763873104083
0.7448698799842752,1.3038564608389032,0.0,-1.0513730879569927,0;0;-1.05137308796;0;0;0;0;0.0749890515257;0;0;0;0,53211.032779828965,0.005,899,3e-06,1.2473915777962485,,0.0004414606613875734,0.9403929000000062,0.04349130000002788,0.9838951000000407,ok,same_stridge_core,Hx;H*Hxx,0.02,0.9281253811172747
0.7447966213549257,1.307753370264783,0.0,-1.0571367951504766,0;0;-1.05713679515;0;-0.12191348933;0;0;0.0737354491501;0;0;0;0,53205.284992335015,0.005,900,3e-06,1.4037047568941061,,0.00043821171275483707,0.9474999999999909,0.04264839999996184,0.990162899999973,ok,same_stridge_core,Hx;Hxxx;H*Hxx,0.02,0.924857191963091
0.7449161480960456,1.3057871864746688,0.0,-1.051246168045719,0;0;-1.05124616805;0;0;0;0;0.075007460022;0;0;0;0,53208.18650365552,0.005,901,3e-06,1.2473300579972488,,0.00044140151031034315,0.9918605999999954,0.04493090000005395,1.0368065999999772,ok,same_stridge_core,Hx;H*Hxx,0.02,0.9280809389753157
0.7447023913000836,1.3069344011205453,0.0,-1.0518326332746708,0;0;-1.05183263327;0;0;0;0;0.0749223809625;0;0;0;0,53206.49383001615,0.005,902,3e-06,1.2475313129498804,,0.00044168058622843826,0.5462605000000167,0.05116439999994782,0.5974370999999792,ok,same_stridge_core,Hx;H*Hxx,0.02,0.9282923499697835
0.7444070937574265,1.3125246058344835,0.0,-1.0581307673998777,0;0;-1.0581307674;0;-0.120266253254;0;0;0.0735968266951;0;0;0;0,53198.234170832955,0.005,903,3e-06,1.4041804363958563,,0.00043883513726886223,1.0145687000000407,0.04212910000001102,1.0567095000000108,ok,same_stridge_core,Hx;Hxxx;H*Hxx,0.02,0.9253963288583598
0.7449728097990412,1.3096541584776666,0.0,-1.056687451554645,0;0;-1.05668745155;0;-0.122658310873;0;0;0.0737980743845;0;0;0;0,53202.47775879271,0.005,904,3e-06,1.403451509291238,,0.00043794487690103904,1.013004599999931,0.04713929999991251,1.0601519000000508,ok,same_stridge_core,Hx;Hxxx;H*Hxx,0.02,0.9246292094621036
0.7449745047931285,1.3090199165654364,0.19082671509555224,-1.2201696094202288,0;0;-1.22016960942;0.190826715096;-1.75324438882;0;0;0;0.119006320847;0;0;0,53203.41479710114,0.005,905,3e-06,1.7092574735066655,,0.0005888185655017311,1.0170775999999933,0.039477600000054736,1.0565694999999096,ok,same_stridge_core,Hx;D_x^1.30902 H;Hxxx;H*Hxxx,0.039277708402708396,1.070816495941452
0.7449509989867188,1.3057944771021952,0.0,-1.0567430699882272,0;0;-1.05674306999;0;-0.12256617026;0;0;0.0737903233803;0;0;0;0,53208.17566002763,0.005,906,3e-06,1.403530618469869,,0.00043797750888759226,0.30450489999998354,0.043745899999976245,0.34826090000001386,ok,same_stridge_core,Hx;Hxxx;H*Hxx,0.019808790157211223,0.9246570375296204
0.7446672781973748,1.3068255421054729,0.0,-1.0519289961249436,0;0;-1.05192899612;0;0;0;0;0.0749083987217;0;0;0;0,53206.65448506046,0.005,907,3e-06,1.247568624990533,,0.000441727846305504,0.6738372999999456,0.04701790000001438,0.7208640999999716,ok,same_stridge_core,Hx;H*Hxx,0.02,0.9283286980801702
0.7454835127111026,1.3040855112907264,0.1896299252757889,-1.2207731086889393,0;0;-1.22077310869;0.189629925276;-1.79154879667;0;0;0;0.121622024668;0;0;0,53210.69530149913,0.005,908,3e-06,1.7192887062529427,,0.0005997502055591125,0.3342111000000614,0.03702129999999215,0.37123959999996714,ok,same_stridge_core,Hx;D_x^1.304086 H;Hxxx;H*Hxxx,0.04050919913419913,1.0807603626349531
0.7447585200739746,1.3050572005901524,0.04774305044014906,-0.9710075694277535,0.0919982965244;-0.0139765177161;-0.971007569428;0.0477430504401;3.28616783008;0;-0.0119655232803;-0.0316140665763;-0.781536537158;0;0.0103163287714;0.0611219988837,53209.262796434334,0.005,909,3e-06,2.373286343567297,,0.00031261231102800227,0.7272511999999551,0.03674919999991744,0.7640097999999398,ok,same_stridge_core,1;H;Hx;D_x^1.305057 H;Hxxx;H*Hx;H*Hxx;H*Hxxx;H^2*Hxx;H^2*Hxxx,0.005,0.7770084596742673
0.7450527389105799,1.3047768813871632,0.18949086707197485,-1.2212980020444584,0;0;-1.22129800204;0.189490867072;-1.77310984448;0;0;0;0.11962764231;0;0;0,53209.67613952836,0.005,910,3e-06,1.7150204827529412,,0.0005949758660530351,1.0436756999999943,0.04231490000006488,1.0860029000000395,ok,same_stridge_core,Hx;D_x^1.304777 H;Hxxx;H*Hxxx,0.02,1.0765043690786007
0.7449232953123011,1.30678990509951,0.0,-1.0568137151790515,0;0;-1.05681371518;0;-0.122448956323;0;0;0.0737804790091;0;0;0;0,53206.70707396862,0.005,911,3e-06,1.4035527951364806,,0.0004380189811390696,0.9950225999999702,0.0445339000000331,1.0395694999999705,ok,same_stridge_core,Hx;Hxxx;H*Hxx,0.02,0.924692431470763
0.7444941031382438,1.3037253749803799,0.0,-1.0524043254784121,0;0;-1.05240432548;0;0;0;0;0.0748394070249;0;0;0;0,53211.22600966843,0.005,912,3e-06,1.2477803502270457,,0.0004419661168068708,0.3097556999999824,0.0537370000000692,0.36349910000001273,ok,same_stridge_core,Hx;H*Hxx,0.02,0.9285129941690352
0.7451336811519549,1.3024384490168313,0.046329572070807665,-0.9687284978243478,0.0923841603693;-0.014036523947;-0.968728497824;0.0463295720708;3.30351062702;0;-0.0120068173359;-0.0306594567227;-0.784981634177;0;0.0102694222606;0.0613774471648,53213.12152437503,0.005,913,3e-06,2.3726820203612338,,0.0003120467687305467,0.9774737000000187,0.04288719999999557,1.0203707000000577,ok,same_stridge_core,1;H;Hx;D_x^1.302438 H;Hxxx;H*Hx;H*Hxx;H*Hxxx;H^2*Hxx;H^2*Hxxx,0.005,0.7762883746299832
0.7449203928708603,1.3060509470554729,0.0,-1.051234522197074,0;0;-1.0512345222;0;0;0;0;0.0750091495578;0;0;0;0,53207.79738604468,0.005,914,3e-06,1.2473236583204417,,0.00044139611863596,0.959160900000029,0.04799200000002202,1.0071611999999277,ok,same_stridge_core,Hx;H*Hxx,0.02,0.9280768740041736
0.7448229808868315,1.3019385762645481,0.0,-1.05150175391039,0;0;-1.05150175391;0;0;0;0;0.0749703868624;0;0;0;0,53213.85741299466,0.005,915,3e-06,1.2474543251507475,,0.00044152133295083384,0.9582818000000088,0.046470500000054926,1.0047610000000304,ok,same_stridge_core,Hx;H*Hxx,0.02,0.9281711806727795
0.7446295876370101,1.308406628450376,0.0,-1.052032437527541,0;0;-1.05203243753;0;0;0;0;0.0748933876061;0;0;0;0,53204.32053049453,0.005,916,3e-06,1.2475937726936577,,0.00044177889406059177,0.93394289999992,0.04763639999998759,0.9815863999999692,ok,same_stridge_core,Hx;H*Hxx,0.02,0.9283678495106905
0.7448701899947983,1.306913473268495,0.0478214880469593,-0.9703738581374117,0.0920265963506;-0.0139752908848;-0.970373858137;0.047821488047;3.29333602028;0;-0.0119840775039;-0.0314417363379;-0.783137656985;0;0.0103065775702;0.0612423482891,53206.52474528371,0.005,917,3e-06,2.3729722935897715,,0.000312427353517515,0.30318660000000364,0.0410712999999987,0.3442647000000534,ok,same_stridge_core,1;H;Hx;D_x^1.306913 H;Hxxx;H*Hx;H*Hxx;H*Hxxx;H^2*Hxx;H^2*Hxxx,0.005,0.7767765512312603
0.7449522784505694,1.3083615018113457,0.0,-1.0567398064277393,0;0;-1.05673980643;0;-0.122571545699;0;0;0.0737907770553;0;0;0;0,53204.38715256998,0.005,918,3e-06,1.4034949003213275,,0.0004379755943723085,0.9356817999999976,0.0522864000000709,0.9879748000000745,ok,same_stridge_core,Hx;Hxxx;H*Hxx,0.02,0.9246554159481976
0.7451039799168068,1.3002321199237803,0.1880316372125911,-1.2225562876596803,0;0;-1.22255628766;0.188031637213;-1.79298486937;0;0;0;0.12009010363;0;0;0,53216.36872152564,0.005,919,3e-06,1.7210721194136673,,0.0006014618620321355,0.9585481999999956,0.047715300000049865,1.0062689000000091,ok,same_stridge_core,Hx;D_x^1.300232 H;Hxxx;H*Hxxx,0.02,1.0824756947553598
0.744816447372147,1.307267043740718,0.0,-1.0515196791552612,0;0;-1.05151967916;0;0;0;0;0.0749677863645;0;0;0;0,53206.002936314304,0.005,920,3e-06,1.2474136232107986,,0.0004415298381883142,0.929371500000002,0.047695699999962926,0.9770738000000847,ok,same_stridge_core,Hx;H*Hxx,0.02,0.9281776055929127
0.7443001682166204,1.2982075338933032,0.047564686297920475,-0.9736275052378207,0.0918594119884;-0.0139766263282;-0.973627505238;0.0475646862979;3.25713575576;0;-0.0118906054355;-0.0323548661446;-0.775087522805;0;0.0103575958185;0.0606378338953,53219.34480126067,0.005,921,3e-06,2.374543173702316,,0.00031337423731658777,0.9643650000000434,0.04063239999993584,1.0050049999999828,ok,same_stridge_core,1;H;Hx;D_x^1.298208 H;Hxxx;H*Hx;H*Hxx;H*Hxxx;H^2*Hxx;H^2*Hxxx,0.005,0.7779628296644964
0.7449690200527139,1.3012328764372072,0.18824826576495518,-1.2224890332070555,0;0;-1.22248903321;0.188248265765;-1.78412127828;0;0;0;0.119432461153;0;0;0,53214.89627341914,0.005,922,3e-06,1.7187422913451398,,0.0005989007549415642,0.9625418999999056,0.04880839999998443,1.0113593999999466,ok,same_stridge_core,Hx;D_x^1.301233 H;Hxxx;H*Hxxx,0.02,1.08016353606411
0.7448680587318076,1.3067209360285674,0.0,-1.0513780833792974,0;0;-1.05137808338;0;0;0;0;0.0749883270025;0;0;0;0,53206.808939039794,0.005,923,3e-06,1.2473679836547609,,0.00044146304463412106,0.9666819999999916,0.04618249999998625,1.0128764999999476,ok,same_stridge_core,Hx;H*Hxx,0.02,0.928127130020522
0.7447952243998825,1.3036625828439603,0.0,-1.0515779071155533,0;0;-1.05157790712;0;0;0;0;0.0749593389743;0;0;0;0,53211.3185765845,0.005,924,3e-06,1.2474665103461517,,0.00044155756936367353,0.9685708000000659,0.05125060000000303,1.01983180000002,ok,same_stridge_core,Hx;H*Hxx,0.02,0.9281985988866447
0.7447484368333641,1.3067010107310155,0.04808287831116408,-0.9710956647198338,0.0919355504729;-0.0139633623579;-0.97109566472;0.0480828783112;3.28691709872;0;-0.0119681758775;-0.0317076547444;-0.78179238432;0;0.0103201839543;0.0611419697018,53206.83826079982,0.005,925,3e-06,2.3732235724536253,,0.00031261855846355315,0.9569099000000278,0.0427398000000494,0.9996634000000313,ok,same_stridge_core,1;H;Hx;D_x^1.306701 H;Hxxx;H*Hx;H*Hxx;H*Hxxx;H^2*Hxx;H^2*Hxxx,0.005,0.7770184246296308
0.7446311974340404,1.3041613472742417,0.0,-1.05202801760717,0;0;-1.05202801761;0;0;0;0;0.0748940292362;0;0;0;0,53210.58357019459,0.005,926,3e-06,1.2476297037286124,,0.0004417767147649961,0.5632387000000563,0.051446300000066,0.614696600000002,ok,same_stridge_core,Hx;H*Hxx,0.02,0.9283662023074448
0.7446884246095916,1.306619399333336,0.0,-1.0518709631175196,0;0;-1.05187096312;0;0;0;0;0.0749168185567;0;0;0;0,53206.95860601579,0.005,927,3e-06,1.2475484603991993,,0.0004416992565357045,0.969954400000006,0.0523148999999421,1.0222766999999067,ok,same_stridge_core,Hx;H*Hxx,0.02,0.9283067087631046
0.7448177707128611,1.307345303492829,0.0,-1.0515160473206193,0;0;-1.05151604732;0;0;0;0;0.0749683140198;0;0;0;0,53205.88741081185,0.005,928,3e-06,1.2474117117752792,,0.0004415281482469114,0.5720111000000543,0.05370110000001205,0.6257206000000224,ok,same_stridge_core,Hx;H*Hxx,0.02,0.9281763873104082
0.7448717776064921,1.3063211692582468,0.04770425802162642,-0.9703542442570339,0.092047503401;-0.0139797915756;-0.970354244257;0.0477042580216;3.29296459425;0;-0.0119828713844;-0.0314126797046;-0.783024515334;0;0.0103054270696;0.0612335883573,53207.39866609759,0.005,929,3e-06,2.3729990132651606,,0.00031242836962655583,0.9725257999999712,0.04402289999995901,1.016555799999992,ok,same_stridge_core,1;H;Hx;D_x^1.306321 H;Hxxx;H*Hx;H*Hxx;H*Hxxx;H^2*Hxx;H^2*Hxxx,0.005,0.7767770532822328
0.7447989101761984,1.3052298342868922,0.0,-1.0515677965060066,0;0;-1.05156779651;0;0;0;0;0.0749608059807;0;0;0;0,53209.00833972153,0.005,930,3e-06,1.2474490256317485,,0.0004415527820676122,0.5581536999999344,0.05181569999990643,0.6099758000000293,ok,same_stridge_core,Hx;H*Hxx,0.02,0.9281949755934193
0.7447181063682979,1.3072828433518613,0.0,-1.0517895095531538,0;0;-1.05178950955;0;0;0;0;0.0749286374378;0;0;0;0,53205.97953429006,0.005,931,3e-06,1.247512196071284,,0.00044165957380872765,0.9533129999999801,0.046139400000015485,0.9994626999999809,ok,same_stridge_core,Hx;H*Hxx,0.02,0.9282763188655437
0.7448614881100007,1.3035775041309348,0.0,-1.0513961092375683,0;0;-1.05139610924;0;0;0;0;0.0749857108514;0;0;0;0,53211.44383251016,0.005,932,3e-06,1.2474023095747182,,0.00044147154433919023,0.9641531000000896,0.055987599999980375,1.0201502999999548,ok,same_stridge_core,Hx;H*Hxx,0.02,0.9281336465796572
0.7448821375812188,1.3082184483843688,0.04804246833353986,-0.9703250490434324,0.0919929332919;-0.013967075461;-0.970325049043;0.0480424683335;3.29495314112;0;-0.0119886918435;-0.0314712047451;-0.783553111097;0;0.0103073655775;0.061274049242,53204.59835520635,0.005,933,3e-06,2.3728828362763013,,0.0003124011535086114,0.9713646000000153,0.04192729999999756,1.013296700000069,ok,same_stridge_core,1;H;Hx;D_x^1.308218 H;Hxxx;H*Hx;H*Hxx;H*Hxxx;H^2*Hxx;H^2*Hxxx,0.005,0.776744885620111
0.7446349866301315,1.3041368766978791,0.0,-1.052017617181872,0;0;-1.05201761718;0;0;0;0;0.0748955382647;0;0;0;0,53210.61950923422,0.005,934,3e-06,1.2476259773716845,,0.0004417715609657056,0.962070400000016,0.05663210000000163,1.0187094000000343,ok,same_stridge_core,Hx;H*Hxx,0.02,0.9283622603162791
0.7442163505904361,1.3036074874365995,0.0,-1.0531670246280826,0;0;-1.05316702463;0;0;0;0;0.0747286581129;0;0;0;0,53211.39966573419,0.005,935,3e-06,1.2480976688759269,,0.00044236799668694396,0.5392850999999155,0.04399809999995341,0.5832900999999993,ok,same_stridge_core,Hx;H*Hxx,0.02,0.9288292708815217
0.7450715380692272,1.3017219581172148,0.18849674544138093,-1.22217095160306,0;0;-1.2221709516;0.188496745441;-1.78592467758;0;0;0;0.119873824289;0;0;0,53214.176444479715,0.005,936,3e-06,1.7189488092753464,,0.0005991745336834212,0.974023099999954,0.049350699999990866,1.0233845999999858,ok,same_stridge_core,Hx;D_x^1.301722 H;Hxxx;H*Hxxx,0.02,1.0803786919415899
0.7446672781973748,1.3064939719100914,0.048244382994804165,-0.9715758630918863,0.0918770664882;-0.0139558972686;-0.971575863092;0.0482443829948;3.28258406169;0;-0.0119574087689;-0.0318820896914;-0.780880295402;0;0.0103291464874;0.0610738901968,53207.14374363289,0.005,937,3e-06,2.3733951354087486,,0.00031274704291233514,0.5577003999999306,0.04588439999997718,0.6035956999999144,ok,same_stridge_core,1;H;Hx;D_x^1.306494 H;Hxxx;H*Hx;H*Hxx;H*Hxxx;H^2*Hxx;H^2*Hxxx,0.005,0.7771808230997621
0.7448540943425861,1.3080310541163718,0.0,-1.0569902014358152,0;0;-1.05699020144;0;-0.122156494268;0;0;0.0737558824538;0;0;0;0,53204.87506333326,0.005,938,3e-06,1.4036257036316597,,0.00043812367901894687,0.9888268999999354,0.04626819999998588,1.0351034000000254,ok,same_stridge_core,Hx;Hxxx;H*Hxx,0.02,0.9247818280616604
0.7447585200739746,1.3065595364864715,0.0,-1.0516786164266925,0;0;-1.05167861643;0;0;0;0;0.0749447283735;0;0;0;0,53207.04699620103,0.005,939,3e-06,1.2474778419015637,,0.000441605915375619,0.574712599999998,0.04628550000006726,0.6210068999999976,ok,same_stridge_core,Hx;H*Hxx,0.02,0.9282355599243575
0.7450715156686071,1.3051293080010948,0.0,-1.0564357854532793,0;0;-1.05643578545;0;-0.123075494086;0;0;0.0738331368974;0;0;0;0,53209.15646700745,0.005,940,3e-06,1.403387949943184,,0.0004377995123037561,0.9903597999999647,0.048354799999970055,1.0387223999999833,ok,same_stridge_core,Hx;Hxxx;H*Hxx,0.019469562402077034,0.9245055417401169
0.7450485701676541,1.305379187768898,0.047088368553111555,-0.9692852885857217,0.0922205497448;-0.014006125621;-0.969285288586;0.0470883685531;3.30133436821;0;-0.0120029911168;-0.0309737424447;-0.784705260102;0;0.0102836851722;0.0613583377968,53208.78805275138,0.005,941,3e-06,2.372699703815293,,0.0003121603553142404,0.9883991000000378,0.038798799999995026,1.0272043999999596,ok,same_stridge_core,1;H;Hx;D_x^1.305379 H;Hxxx;H*Hx;H*Hxx;H*Hxxx;H^2*Hxx;H^2*Hxxx,0.005,0.776436062232752
0.7448879952304073,1.3037253749803799,0.0,-1.0513233938496207,0;0;-1.05132339385;0;0;0;0;0.0749962592549;0;0;0;0,53211.22600966843,0.005,942,3e-06,1.2473751966595152,,0.00044143741546203775,0.3049069999999574,0.0467602999999599,0.3516753000000108,ok,same_stridge_core,Hx;H*Hxx,0.02,0.9281078406015045
0.7449566639106739,1.3051006930503979,0.18951558696051932,-1.2213648278686158,0;0;-1.22136482787;0.189515586961;-1.76831603565;0;0;0;0.119172037038;0;0;0,53209.19874654579,0.005,943,3e-06,1.7138687727344135,,0.0005937015449540979,0.98392309999997,0.040847900000017034,1.0247772999999825,ok,same_stridge_core,Hx;D_x^1.305101 H;Hxxx;H*Hxxx,0.024945776331225255,1.0753583877758641
0.7449161480960456,1.308182346628215,0.0,-1.0568319420951569,0;0;-1.0568319421;0;-0.122418725314;0;0;0.0737779397537;0;0;0;0,53204.65168165095,0.005,944,3e-06,1.4035434324609426,,0.0004380297007197161,0.5391389000000117,0.051197000000001935,0.5903412000000117,ok,same_stridge_core,Hx;Hxxx;H*Hxx,0.02,0.9247015673260841
0.7448168544705814,1.3055271646862168,0.0476886191380506,-0.9706679618429992,0.0920295882436;-0.0139795149049;-0.970667961843;0.0476886191381;3.28953201582;0;-0.0119740271988;-0.0315025924973;-0.782263805528;0;0.0103104213796;0.0611764648401,53208.56982256393,0.005,945,3e-06,2.373147355618427,,0.0003125185176986649,0.9671054000000368,0.04895169999997506,1.0160671000001003,ok,same_stridge_core,1;H;Hx;D_x^1.305527 H;Hxxx;H*Hx;H*Hxx;H*Hxxx;H^2*Hxx;H^2*Hxxx,0.005,0.7768902609415095
0.744955749312745,1.3030037395845824,0.18882194841888278,-1.221987779750352,0;0;-1.22198777975;0.188821948419;-1.77662756233;0;0;0;0.119283591582;0;0;0,53212.28910310576,0.005,946,3e-06,1.7164395772784977,,0.0005964373852819111,1.0235814999999775,0.04478809999989153,1.068377299999952,ok,same_stridge_core,Hx;D_x^1.303004 H;Hxxx;H*Hxxx,0.024409154416275152,1.0778921080412287
0.7447156863963496,1.3066774007480835,0.0,-1.0517961501407018,0;0;-1.05179615014;0;0;0;0;0.0749276743773;0;0;0;0,53206.8730396418,0.005,947,3e-06,1.247520076980819,,0.00044166281919031546,0.9977113999999574,0.04951029999995171,1.0472285999999258,ok,same_stridge_core,Hx;H*Hxx,0.02,0.9282788387429681
0.7447533061163155,1.306779922004818,0.0,-1.0516929204234184,0;0;-1.05169292042;0;0;0;0;0.0749426527006;0;0;0;0,53206.72182999972,0.005,948,3e-06,1.2474810675216412,,0.00044161279609347134,0.9713338999999905,0.04878459999997631,1.0201255000000629,ok,same_stridge_core,Hx;H*Hxx,0.02,0.9282407365416429
0.7451990197210726,1.304621344315668,0.046575494783661985,-0.9683769561601415,0.0923657206601;-0.0140280868606;-0.96837695616;0.0465754947837;3.3084937318;0;-0.0120202006931;-0.0306030216877;-0.786146258407;0;0.0102653173326;0.0614653526943,53209.90540209631,0.005,949,3e-06,2.3724449760025,,0.00031193388024328573,0.984994800000095,0.04038100000002487,1.0253834999999754,ok,same_stridge_core,1;H;Hx;D_x^1.304621 H;Hxxx;H*Hx;H*Hxx;H*Hxxx;H^2*Hxx;H^2*Hxxx,0.005,0.776147813939611
0.7447695017446392,1.3063832576580863,0.0,-1.0516484858368136,0;0;-1.05164848584;0;0;0;0;0.0749491002171;0;0;0;0,53207.30708750011,0.005,950,3e-06,1.2474682502413552,,0.0004415914342270247,0.962829700000043,0.046253500000034364,1.0090956000000233,ok,same_stridge_core,Hx;H*Hxx,0.02,0.9282244077163546
0.7449521946562414,1.3056981052947758,0.18970918443919352,-1.2211951308737876,0;0;-1.22119513087;0.189709184439;-1.76576704786;0;0;0;0.119116608173;0;0;0,53208.31776987145,0.005,951,3e-06,1.713103998761473,,0.0005928865643120368,0.9892383000000109,0.04721740000002228,1.0364646000000448,ok,same_stridge_core,Hx;D_x^1.305698 H;Hxxx;H*Hxxx,0.02440835228756149,1.0746041855230155
0.7450221624866911,1.303959313873106,0.18919438068755828,-1.2215922276387767,0;0;-1.22159222764;0.189194380688;-1.77525154248;0;0;0;0.119534166914;0;0;0,53210.88121617084,0.005,952,3e-06,1.7157850727731134,,0.0005957742153846427,0.9616526999999451,0.04496829999993679,1.0066261000000623,ok,same_stridge_core,Hx;D_x^1.303959 H;Hxxx;H*Hxxx,0.036082828573024646,1.0772544981790633
0.7448976456328638,1.3067209360285674,0.047716521442438445,-0.9702069720464691,0.092055113805;-0.0139797403156;-0.970206972046;0.0477165214424;3.29460178609;0;-0.0119870963532;-0.0313714499258;-0.783388958926;0;0.0103031172641;0.0612609711085,53206.808939039794,0.005,953,3e-06,2.3729278879472484,,0.00031238586355519365,0.2990149999999403,0.04056579999996757,0.33958769999992455,ok,same_stridge_core,1;H;Hx;D_x^1.306721 H;Hxxx;H*Hx;H*Hxx;H*Hxxx;H^2*Hxx;H^2*Hxxx,0.005,0.7767236197760549
0.7448728084733927,1.307496368479107,0.0,-1.056942463339725,0;0;-1.05694246334;0;-0.122235413486;0;0;0.073762538323;0;0;0;0,53205.664335870875,0.005,954,3e-06,1.403608525079167,,0.0004380952180936951,0.9775667999999769,0.05283659999997781,1.0304085000000214,ok,same_stridge_core,Hx;Hxxx;H*Hxx,0.02,0.9247575460563291
0.7448371174789128,1.3084626655148286,0.0,-1.0570334973586109,0;0;-1.05703349736;0;-0.122084619931;0;0;0.0737498492468;0;0;0;0,53204.23768818073,0.005,955,3e-06,1.4036421325716772,,0.0004381495649141654,0.9887214999999969,0.054968799999983275,1.0437024000000292,ok,same_stridge_core,Hx;Hxxx;H*Hxx,0.02,0.9248039933780506
0.7443509987257186,1.3040747992592943,0.0,-1.0527972375364532,0;0;-1.05279723754;0;0;0;0;0.0747823623079;0;0;0;0,53210.71102455727,0.005,956,3e-06,1.2479370806954881,,0.0004421702180484532,0.9922495000000708,0.050132100000041646,1.0423880000000736,ok,same_stridge_core,Hx;H*Hxx,0.02,0.9286728145481445
0.744883207832929,1.3082817409534253,0.04805199195294158,-0.970319763661305,0.0919916917461;-0.0139667306603;-0.970319763661;0.0480519919529;3.29505680735;0;-0.0119889765418;-0.0314715402195;-0.783578509118;0;0.0103073489912;0.0612759783934,53204.50496249656,0.005,957,3e-06,2.372877581222756,,0.00031239911413975894,0.988856999999939,0.03762559999995574,1.026496800000018,ok,same_stridge_core,1;H;Hx;D_x^1.308282 H;Hxxx;H*Hx;H*Hxx;H*Hxxx;H^2*Hxx;H^2*Hxxx,0.005,0.7767424323478591
0.7448177707128611,1.3053620762802958,0.0,-1.0515160473206202,0;0;-1.05151604732;0;0;0;0;0.0749683140198;0;0;0;0,53208.81337236789,0.005,958,3e-06,1.2474292675446157,,0.0004415281482469114,0.5407003999999915,0.049404900000013185,0.5901123999999527,ok,same_stridge_core,Hx;H*Hxx,0.02,0.9281763873104083
0.7447555906175154,1.3072585362045774,0.0,-1.0516866536564626,0;0;-1.05168665366;0;0;0;0;0.0749435624263;0;0;0;0,53206.01550607111,0.005,959,3e-06,1.2474745539454566,,0.0004416097673309122,1.0254628000000139,0.047825700000089455,1.0732979000000569,ok,same_stridge_core,Hx;H*Hxx,0.02,0.92823846090903
0.7450238693532062,1.3052298342868922,0.189615908189104,-1.221212551309621,0;0;-1.22121255131;0.189615908189;-1.77025031728;0;0;0;0.119470331006;0;0;0,53209.00833972153,0.005,960,3e-06,1.714238161513165,,0.0005941285742165407,0.3450095999999121,0.04871189999994385,0.39372769999999946,ok,same_stridge_core,Hx;D_x^1.30523 H;Hxxx;H*Hxxx,0.02,1.0757300614365066
0.7449203928708603,1.3078315706484824,0.047872770507853164,-0.9700905895078067,0.0920366443991;-0.0139741523273;-0.970090589508;0.0478727705079;3.29661806159;0;-0.011992597907;-0.0313679365628;-0.783875030371;0;0.0103023356764;0.0612978254462,53205.16965337831,0.005,961,3e-06,2.3728271934868,,0.0003123440160241113,0.6692738000000418,0.03669290000004821,0.7059745000000248,ok,same_stridge_core,1;H;Hx;D_x^1.307832 H;Hxxx;H*Hx;H*Hxx;H*Hxxx;H^2*Hxx;H^2*Hxxx,0.005,0.7766721038854507
0.7448304428040795,1.3049886793707985,0.0,-1.0514812806513507,0;0;-1.05148128065;0;0;0;0;0.0749733579422;0;0;0;0,53209.36384194018,0.005,962,3e-06,1.2474201487672063,,0.0004415117174402554,0.9876855999999634,0.05071320000001833,1.0384070000000065,ok,same_stridge_core,Hx;H*Hxx,0.02,0.9281639657155651
0.7458723555189897,1.302916317682417,0.18957203921174937,-1.2204616332312577,0;0;-1.22046163323;0.189572039212;-1.81032858785;0;0;0;0.123442970528;0;0;0,53212.417752922134,0.005,963,3e-06,1.7238754225936703,,0.0006048684915376709,1.0259938000000375,0.04388400000004822,1.0698875999999018,ok,same_stridge_core,Hx;D_x^1.302916 H;Hxxx;H*Hxxx,0.01944073306859727,1.0853264095586048
0.7449778972701833,1.3050775420482117,0.18952614698336098,-1.2213356966119737,0;0;-1.22133569661;0.189526146983;-1.76918260851;0;0;0;0.119270011475;0;0;0,53209.232860669195,0.005,964,3e-06,1.7140635539466298,,0.0005939195613435638,1.161994400000026,0.049219200000038654,1.2112197999999808,ok,same_stridge_core,Hx;D_x^1.305078 H;Hxxx;H*Hxxx,0.02043267787042298,1.0755527596185994
0.7442163505904361,1.306163756650483,0.04929931468671032,-0.974261009554496,0.0915242851588;-0.0139083348514;-0.974261009554;0.0492993146867;3.25907910632;0;-0.0118993603593;-0.0328873902893;-0.775979257838;0;0.0103803265273;0.0607085112351,53207.63089376825,0.005,965,3e-06,2.3743171818650275,,0.00031346487984580614,0.6181671000000506,0.045839600000022074,0.664015099999915,ok,same_stridge_core,1;H;Hx;D_x^1.306164 H;Hxxx;H*Hx;H*Hxx;H*Hxxx;H^2*Hxx;H^2*Hxxx,0.005,0.7780882550519801
0.7458776316007463,1.3022876489882949,0.1893672660048252,-1.220639203316904,0;0;-1.22063920332;0.189367266005;-1.81301106793;0;0;0;0.123496826946;0;0;0,53213.34358241356,0.005,966,3e-06,1.7247126782503148,,0.0006057713790366266,1.0862187999999833,0.05034769999997479,1.1365746999999828,ok,same_stridge_core,Hx;D_x^1.302288 H;Hxxx;H*Hxxx,0.020433641848912013,1.0861525552613522
0.744807909083904,1.3068255421054729,0.0,-1.0515431048180077,0;0;-1.05154310482;0;0;0;0;0.0749643882858;0;0;0;0,53206.65448506046,0.005,967,3e-06,1.2474258527557938,,0.00044154099602393984,0.3162608000000091,0.0586971000000176,0.3749694000000545,ok,same_stridge_core,Hx;H*Hxx,0.02,0.9281859258454309
0.7447207661078845,1.3040855112907264,0.0,-1.0517822114722932,0;0;-1.05178221147;0;0;0;0;0.0749296966013;0;0;0;0,53210.69530149913,0.005,968,3e-06,1.2475377116082962,,0.0004416560211972552,0.36764610000000175,0.06138449999991735,0.42903820000003634,ok,same_stridge_core,Hx;H*Hxx,0.02,0.9282735397993013
0.7449005450848678,1.304933466440086,0.04736919397219877,-0.9701591945439919,0.0921164099369;-0.0139930588192;-0.970159194544;0.0473691939722;3.29338573395;0;-0.0119832139087;-0.031288526366;-0.783028061956;0;0.0102998930929;0.0612331024078,53209.4452351563,0.005,969,3e-06,2.373012262467517,,0.0003123918023839603,0.9226337999999714,0.04363480000006348,0.9662739999999985,ok,same_stridge_core,1;H;Hx;D_x^1.304933 H;Hxxx;H*Hx;H*Hxx;H*Hxxx;H^2*Hxx;H^2*Hxxx,0.005,0.7767289054128285
0.7448187193199738,1.3067368936611456,0.0,-1.0515134454592254,0;0;-1.05151344546;0;0;0;0;0.0749686905212;0;0;0;0,53206.78527488337,0.005,970,3e-06,1.2474161439969924,,0.000441526906989216,1.0075458999999682,0.05410900000003949,1.0616604000000507,ok,same_stridge_core,Hx;H*Hxx,0.02,0.9281754323476922
0.7446267629057617,1.3046147189562118,0.0,-1.0520401899622467,0;0;-1.05204018996;0;0;0;0;0.0748922621653;0;0;0;0,53209.91524773778,0.005,971,3e-06,1.24763032166888,,0.0004417827298015171,0.5767710999999736,0.05430510000007871,0.631082499999934,ok,same_stridge_core,Hx;H*Hxx,0.02,0.9283708301824533
0.7449167399113942,1.3058239605243909,0.0,-1.0512445441146518,0;0;-1.05124454411;0;0;0;0;0.0750076957706;0;0;0;0,53208.13209703049,0.005,972,3e-06,1.2473291288251904,,0.00044140076855051023,1.0023828999999296,0.05271770000001652,1.0551087000000052,ok,same_stridge_core,Hx;H*Hxx,0.02,0.9280803362430075
0.7448163286083613,1.3042225600895776,0.04744190384015844,-0.9706489034211426,0.0920722663718;-0.0139889599002;-0.970648903421;0.0474419038402;3.2885061531;0;-0.0119708502142;-0.0314481376834;-0.781971707225;0;0.0103083767259;0.0611539946813,53210.49329059912,0.005,973,3e-06,2.3732139464034767,,0.00031252687141076807,0.9919333000000279,0.04335979999996198,1.0353116999999656,ok,same_stridge_core,1;H;Hx;D_x^1.304223 H;Hxxx;H*Hx;H*Hxx;H*Hxxx;H^2*Hxx;H^2*Hxxx,0.005,0.7768991476855032
0.7446711152839759,1.3073097822214126,0.0,-1.051918465405113,0;0;-1.05191846541;0;0;0;0;0.0749099260188;0;0;0;0,53205.939826832604,0.005,974,3e-06,1.2475603444262355,,0.0004417226281632254,0.9847330999999713,0.04725750000000062,1.031998700000031,ok,same_stridge_core,Hx;H*Hxx,0.02,0.9283247054652398
0.7451205217208887,1.3033235883893044,0.18906805536254961,-1.2216139512784618,0;0;-1.22161395128;0.189068055363;-1.78136263146;0;0;0;0.120015077928;0;0;0,53211.81792023979,0.005,975,3e-06,1.717348162978226,,0.0005974909019925342,1.0189415999999483,0.04331999999999425,1.0622697000000016,ok,same_stridge_core,Hx;D_x^1.303324 H;Hxxx;H*Hxxx,0.02440757449515555,1.0788063479353485
0.7448905333652703,1.3062166403522577,0.0,-1.0513164321905957,0;0;-1.05131643219;0;0;0;0;0.0749972686064;0;0;0;0,53207.55290571776,0.005,976,3e-06,1.2473507026086363,,0.000441434201981505,1.0157581000000846,0.04904989999999998,1.0648161999999957,ok,same_stridge_core,Hx;H*Hxx,0.02,0.9281053851743298
0.7448309396701485,1.3070974930071189,0.04795423969470633,-0.970610859090625,0.0919888482942;-0.0139695948161;-0.970610859091;0.0479542396947;3.29146227366;0;-0.0119795498738;-0.0315383761544;-0.782760178371;0;0.0103113827175;0.0612143302606,53206.25320716389,0.005,977,3e-06,2.373040552945546,,0.00031248747293430507,0.9957736000000068,0.04099980000000869,1.0367823999999928,ok,same_stridge_core,1;H;Hx;D_x^1.307097 H;Hxxx;H*Hx;H*Hxx;H*Hxxx;H^2*Hxx;H^2*Hxxx,0.005,0.7768529567306294
0.7450234082160149,1.3044539422021,0.18935897004693267,-1.2214434874288485,0;0;-1.22144348743;0.189358970047;-1.77332770305;0;0;0;0.11951245267;0;0;0,53210.1521743986,0.005,978,3e-06,1.7151863128265563,,0.0005951372418124164,1.020635900000002,0.045403599999986,1.0660568999999214,ok,same_stridge_core,Hx;D_x^1.304454 H;Hxxx;H*Hxxx,0.03992206959706959,1.0766644867337731
0.7448067851476873,1.3063460358962293,0.0,-1.0515461899223904,0;0;-1.05154618992;0;0;0;0;0.074963940434;0;0;0;0,53207.36200076173,0.005,979,3e-06,1.2474312283411528,,0.00044154248722681804,1.038795499999992,0.042790899999999965,1.081596099999956,ok,same_stridge_core,Hx;H*Hxx,0.02,0.9281870563365824
0.7448674656764243,1.3079967513430588,0.0,-1.0569560919694938,0;0;-1.05695609197;0;-0.122212886446;0;0;0.0737606385389;0;0;0;0,53204.925733119075,0.005,980,3e-06,1.4036087817977356,,0.0004381033262301757,1.0429921999999578,0.043114300000070216,1.086117800000011,ok,same_stridge_core,Hx;Hxxx;H*Hxx,0.02,0.924764450199664
0.744933517922044,1.308507877730566,0.0,-1.0567876428533787,0;0;-1.05678764285;0;-0.122492165708;0;0;0.0737841127838;0;0;0;0,53204.17095206984,0.005,981,3e-06,1.4035168484919778,,0.00043800360121017275,0.9704751999998962,0.04488060000005589,1.0153651999999056,ok,same_stridge_core,Hx;Hxxx;H*Hxx,0.02,0.9246793099233492
0.7445716326410051,1.308848591563776,0.0,-1.0577108169502916,0;0;-1.05771081695;0;-0.120962141568;0;0;0.0736554114764;0;0;0;0,53203.66785525288,0.005,982,3e-06,1.403995725961881,,0.00043856624380493283,0.5907402999999931,0.040926599999920654,0.6316764000000603,ok,same_stridge_core,Hx;Hxxx;H*Hxx,0.02,0.9251627152646049
0.7447722841287217,1.3066150807580148,0.0,-1.0516408498882635,0;0;-1.05164084989;0;0;0;0;0.0749502080151;0;0;0;0,53206.964955260155,0.005,983,3e-06,1.2474634149664847,,0.00044158776380433045,1.0179143000000295,0.04216340000004948,1.0600866999999425,ok,same_stridge_core,Hx;H*Hxx,0.02,0.9282216252349238
0.7448593178212914,1.3036625828439603,0.0,-1.0514020635906767,0;0;-1.05140206359;0;0;0;0;0.0749848473848;0;0;0;0,53211.3185765845,0.005,984,3e-06,1.247403593456383,,0.00044147433432787606,0.3364827000000332,0.0417662999999493,0.3782578000000285,ok,same_stridge_core,Hx;H*Hxx,0.02,0.928135681996876
0.7450038728917017,1.3088562522369687,0.0,-1.056608245778357,0;0;-1.05660824578;0;-0.122789639094;0;0;0.0738091102931;0;0;0;0,53203.656487267566,0.005,985,3e-06,1.4034229279719939,,0.0004378988750451013,0.9829601000000139,0.04522050000002764,1.0281892000000425,ok,same_stridge_core,Hx;Hxxx;H*Hxx,0.019813751550593686,0.9245900195865857
0.7450451225238985,1.306304020589888,0.18998942198299534,-1.220857559507731,0;0;-1.22085755951;0.189989421983;-1.7667305979;0;0;0;0.119503262019;0;0;0,53207.42408463743,0.005,986,3e-06,1.7130924413813773,,0.0005929215498700825,1.0355933999999252,0.04173899999989317,1.0773398000000043,ok,same_stridge_core,Hx;D_x^1.306304 H;Hxxx;H*Hxxx,0.02,1.0746033523657281
0.7446884246095916,1.306588263906995,0.0,-1.0518709631175196,0;0;-1.05187096312;0;0;0;0;0.0749168185567;0;0;0;0,53207.00467749696,0.005,987,3e-06,1.2475487368280862,,0.0004416992565357045,0.6284177,0.04223580000007132,0.670667299999991,ok,same_stridge_core,Hx;H*Hxx,0.02,0.9283067087631045
0.7448731764935181,1.3070947257425263,0.0,-1.0569415257502504,0;0;-1.05694152575;0;-0.122236967505;0;0;0.0737626682885;0;0;0;0,53206.257284813226,0.005,988,3e-06,1.4036133689467416,,0.0004380946590477293,1.1324336999999787,0.04850520000002234,1.180949499999997,ok,same_stridge_core,Hx;Hxxx;H*Hxx,0.02,0.9247570533834226
0.7449578494686966,1.3049724482927763,0.18947422267370026,-1.221400859968508,0;0;-1.22140085997;0.189474222674;-1.76887091736;0;0;0;0.119184829806;0;0;0,53209.38784197176,0.005,989,3e-06,1.7140349653154692,,0.0005938788265762886,1.208952599999975,0.038349799999991774,1.2473108000000366,ok,same_stridge_core,Hx;D_x^1.304972 H;Hxxx;H*Hxxx,0.03989926739926739,1.0755223112118082
0.7449916370213319,1.3050816895130648,0.18953929600576547,-1.2213111667026257,0;0;-1.2213111667;0.189539296006;-1.76966681719;0;0;0;0.119332263127;0;0;0,53209.22678290176,0.005,990,3e-06,1.7141663591615475,,0.000594035909054802,1.0312020999999731,0.04358849999994163,1.0748029000000088,ok,same_stridge_core,Hx;D_x^1.305082 H;Hxxx;H*Hxxx,0.0199444140189674,1.0756556377667263
0.7449203928708603,1.3052110596747521,0.18952095184765824,-1.221393594758959,0;0;-1.22139359476;0.189520951848;-1.76655306112;0;0;0;0.119000563872;0;0;0,53209.03601252302,0.005,991,3e-06,1.7134494619267462,,0.0005932374367781383,0.5813823999999386,0.044573600000035185,0.6259668000000147,ok,same_stridge_core,Hx;D_x^1.305211 H;Hxxx;H*Hxxx,0.02,1.0749410297764699
0.7448930481383861,1.3072518474099475,0.05853197049255075,-1.0600352008727436,0.0201202510553;0;-1.06003520087;0.0585319704926;0.558916899879;0;0;0.0745382975905;-0.0311037977396;0;0;0,53206.02536069891,0.005,992,3e-06,1.7725483281664813,,0.00034562924062493574,0.9769596999999521,0.04485189999991235,1.0218198999999686,ok,same_stridge_core,1;Hx;D_x^1.307252 H;Hxxx;H*Hxx;H*Hxxx,0.01,0.8148398716739008
0.745280971007091,1.3072828046615388,0.1905166784736867,-1.2201663442860002,0;0;-1.22016634429;0.190516678474;-1.77139926404;0;0;0;0.120516784074;0;0;0,53205.979606042885,0.005,993,3e-06,1.7137474366218366,,0.0005937370679351835,1.005892200000062,0.039976000000024214,1.0458775000000742,ok,same_stridge_core,Hx;D_x^1.307283 H;Hxxx;H*Hxxx,0.02440733067206899,1.075275681349322
0.7448674440337665,1.308151548575023,0.0,-1.0569561469852928,0;0;-1.05695614699;0;-0.122212796973;0;0;0.0737606309604;0;0;0;0,53204.697109481174,0.005,994,3e-06,1.403606753327783,,0.00043810335876618653,0.9840702999999849,0.04340120000006209,1.0274805999999899,ok,same_stridge_core,Hx;Hxxx;H*Hxx,0.02,0.9247644793424523
0.7450716579422976,1.304440428249332,0.1893957755468218,-1.2213657187239138,0;0;-1.22136571872;0.189395775547;-1.77514005452;0;0;0;0.119732565128;0;0;0,53210.17211437283,0.005,995,3e-06,1.7155831041915228,,0.000595584549201412,0.9804467999999815,0.045002500000009604,1.0254566999999497,ok,same_stridge_core,Hx;D_x^1.30444 H;Hxxx;H*Hxxx,0.029369793828659205,1.077061038819049
0.7448646468552769,1.3057944771021952,0.0,-1.0513874444944846,0;0;-1.05138744449;0;0;0;0;0.0749869683759;0;0;0;0,53208.17566002763,0.005,996,3e-06,1.2473795437056454,,0.00044146747133179127,0.33739589999993314,0.046590000000037435,0.38399330000004284,ok,same_stridge_core,Hx;H*Hxx,0.02,0.9281304897454795
0.7449932491735829,1.3068255421054729,0.19011722645008566,-1.2207906173909189,0;0;-1.22079061739;0.19011722645;-1.76275044064;0;0;0;0.119234893224;0;0;0,53206.65448506046,0.005,997,3e-06,1.7120527288269183,,0.0005917910796619083,0.3671517000000222,0.037158999999974185,0.40431840000007924,ok,same_stridge_core,Hx;D_x^1.306826 H;Hxxx;H*Hxxx,0.024479834438898763,1.0735728750061926
0.7448786627266499,1.3040855112907264,0.0,-1.0513489945648569,0;0;-1.05134899456;0;0;0;0;0.0749925454632;0;0;0;0,53210.69530149913,0.005,998,3e-06,1.247381042661524,,0.00044144942794732396,0.29854709999995066,0.04584520000003067,0.34440010000002985,ok,same_stridge_core,Hx;H*Hxx,0.02,0.928116870852529
0.7450528463563517,1.3065595364864715,0.19008060194114892,-1.220768543826658,0;0;-1.22076854383;0.190080601941;-1.76598893971;0;0;0;0.119522840667;0;0;0,53207.04699620103,0.005,999,3e-06,1.7128417232240447,,0.0005926590926937164,0.29787339999995766,0.04401070000005802,0.3418897999999899,ok,same_stridge_core,Hx;D_x^1.30656 H;Hxxx;H*Hxxx,0.02,1.0743571592696324
0.744581633175785,1.3047935538650621,0.0,-1.052164057364351,0;0;-1.05216405736;0;0;0;0;0.0748742853365;0;0;0;0,53209.65153605672,0.005,1000,3e-06,1.247676395033443,,0.0004418445855445471,0.30851829999994607,0.04207120000000941,0.35059660000001713,ok,same_stridge_core,Hx;H*Hxx,0.02,0.9284184858171026
0.7447897329635436,1.306371137074286,0.0,-1.0515929735198248,0;0;-1.05159297352;0;0;0;0;0.0749571534513;0;0;0;0,53207.32487564242,0.005,1001,3e-06,1.247448074391898,,0.00044156481600112645,0.9476809999999887,0.04639240000005884,0.9940816999999242,ok,same_stridge_core,Hx;H*Hxx,0.02,0.9282041251380435
0.7449167399113942,1.304256695497221,0.18920255238441672,-1.221682768287382,0;0;-1.22168276829;0.189202552384;-1.77022492165;0;0;0;0.119038483747;0;0;0,53210.442829918546,0.005,1002,3e-06,1.7145891762576582,,0.0005944473949743298,0.5332200000000284,0.044095599999991464,0.5773245999999972,ok,same_stridge_core,Hx;D_x^1.304257 H;Hxxx;H*Hxxx,0.019993061311116868,1.0760638622986356
0.7447896856044989,1.3054534131514175,0.0,-1.0515931037184851,0;0;-1.05159310372;0;0;0;0;0.074957134229;0;0;0;0,53208.67859594683,0.005,1003,3e-06,1.247456239884118,,0.0004415648706240107,0.5451070999999956,0.053831800000011754,0.5989450000000716,ok,same_stridge_core,Hx;H*Hxx,0.02,0.9282041683084371
0.7448360112311082,1.3057871864746688,0.0,-1.0514660017665833,0;0;-1.05146600177;0;0;0;0;0.0749755741771;0;0;0;0,53208.18650365552,0.005,1004,3e-06,1.2474075126918929,,0.0004415044348672047,0.3242124999999305,0.05465019999996912,0.3788727999999537,ok,same_stridge_core,Hx;H*Hxx,0.02,0.9281583936699598
0.7448229808868315,1.30574334297781,0.0,-1.051501753910389,0;0;-1.05150175391;0;0;0;0;0.0749703868624;0;0;0;0,53208.25105390152,0.005,1005,3e-06,1.247420686996189,,0.00044152133295083384,0.6432347999999593,0.04499220000002424,0.6882348999999977,ok,same_stridge_core,Hx;H*Hxx,0.02,0.9281711806727799
0.7448259259328993,1.3074739624201976,0.0,-1.0570620529271413,0;0;-1.05706205293;0;-0.122037491573;0;0;0.0737458681529;0;0;0;0,53205.69752901333,0.005,1006,3e-06,1.4036699264039905,,0.0004381666566419766,0.9594045000000051,0.042966800000044714,1.0023803999999927,ok,same_stridge_core,Hx;Hxxx;H*Hxx,0.02,0.9248186486428706
0.7448333616927394,1.3058634436140568,0.0,-1.051473272203462,0;0;-1.0514732722;0;0;0;0;0.0749745191599;0;0;0;0,53208.073929004204,0.005,1007,3e-06,1.24740944098458,,0.0004415078683882035,0.6232771999999613,0.043037899999944784,0.6663254000000052,ok,same_stridge_core,Hx;H*Hxx,0.02,0.9281609974105548
0.744926365743941,1.3045665010795293,0.1893131246570906,-1.2215746133912444,0;0;-1.22157461339;0.189313124657;-1.76934149275;0;0;0;0.119064776297;0;0;0,53209.98630277607,0.005,1008,3e-06,1.7142850324314782,,0.0005941287081162931,0.994999499999949,0.04386090000002696,1.0388692999999876,ok,same_stridge_core,Hx;D_x^1.304567 H;Hxxx;H*Hxxx,0.02,1.0757651967981654
0.7448830001160923,1.307186787618908,0.0,-1.056916477478023,0;0;-1.05691647748;0;-0.12227861661;0;0;0.0737661590857;0;0;0;0,53206.12135412223,0.005,1009,3e-06,1.4035993328125789,,0.00043807977925935037,0.9868741999999884,0.04592789999992419,1.0328111999999692,ok,same_stridge_core,Hx;Hxxx;H*Hxx,0.02,0.9247442406254788
0.7449670236630384,1.3054165476454471,0.1896288718288072,-1.2212535477549031,0;0;-1.22125354775;0.189628871829;-1.76743287618;0;0;0;0.119200796915;0;0;0,53208.73289432271,0.005,1010,3e-06,1.7135637557830616,,0.0005933826516134935,0.9786833999999089,0.04026570000007723,1.0189584000000877,ok,same_stridge_core,Hx;D_x^1.305417 H;Hxxx;H*Hxxx,0.02,1.0750589610511891
0.7450933325752598,1.3040967819579272,0.18930063798381191,-1.2214308805495586,0;0;-1.22143088055;0.189300637984;-1.77729815152;0;0;0;0.119850068573;0;0;0,53210.678594771816,0.005,1011,3e-06,1.7161775194828317,,0.0005962288404872977,0.9914033999999674,0.03831389999993462,1.0297266000000036,ok,same_stridge_core,Hx;D_x^1.304097 H;Hxxx;H*Hxxx,0.01944671777804658,1.07764937634557
0.7445716326410051,1.3066853464654986,0.0,-1.0521915045280854,0;0;-1.05219150453;0;0;0;0;0.0748703024531;0;0;0;0,53206.86137451367,0.005,1012,3e-06,1.2476702293449424,,0.00044185829264567944,0.5732338999999911,0.03973099999996066,0.6129818000000569,ok,same_stridge_core,Hx;H*Hxx,0.02,0.9284290610978605
0.7449431659539442,1.3056521305249995,0.18968624008337842,-1.2212240945200465,0;0;-1.22122409452;0.189686240083;-1.76562173337;0;0;0;0.119078259934;0;0;0,53208.38566466663,0.005,1013,3e-06,1.7130894776239902,,0.00059286646485968,0.9753594999999677,0.039436199999954624,1.0148044000000027,ok,same_stridge_core,Hx;D_x^1.305652 H;Hxxx;H*Hxxx,0.03432677128003926,1.0745888496479907
0.7450091794257179,1.3056159083117826,0.18973095772554924,-1.2211228774924825,0;0;-1.22112287749;0.189730957726;-1.76817275788;0;0;0;0.119380855122;0;0;0,53208.438968770875,0.005,1014,3e-06,1.7136507335714035,,0.00059349648212876,1.0003027000000202,0.047842900000091504,1.0481552999999622,ok,same_stridge_core,Hx;D_x^1.305616 H;Hxxx;H*Hxxx,0.02,1.0751494659461531
0.7448957916016598,1.3060577682231789,0.0,-1.0513020069757355,0;0;-1.05130200698;0;0;0;0;0.0749993610029;0;0;0;0,53207.787277647534,0.005,1015,3e-06,1.2473471032298526,,0.00044142749568997375,0.9711992999999666,0.046367499999973916,1.0175782999999683,ok,same_stridge_core,Hx;H*Hxx,0.02,0.9281003795639675
0.7450047745106125,1.3050225098099857,0.18953098800076348,-1.2213064439251042,0;0;-1.22130644393;0.189530988001;-1.77038145041;0;0;0;0.119395385019;0;0;0,53209.3140346615,0.005,1016,3e-06,1.7143420578081061,,0.0005942294226414441,0.9516292000000703,0.04496900000003734,0.9966048999999657,ok,same_stridge_core,Hx;D_x^1.305023 H;Hxxx;H*Hxxx,0.02,1.0758302893921683
0.7449310163758125,1.3072425195959045,0.0,-1.0567940248987944,0;0;-1.0567940249;0;-0.122481615877;0;0;0.0737832229243;0;0;0;0,53206.03923248016,0.005,1017,3e-06,1.4035369158327264,,0.00043800735189981053,1.0005413999999746,0.04309490000002825,1.0436443999999483,ok,same_stridge_core,Hx;Hxxx;H*Hxx,0.02,0.9246825627404051
0.7449047718795028,1.3064244871402833,0.0,-1.0512773738494308,0;0;-1.05127737385;0;0;0;0;0.0750029327664;0;0;0;0,53207.24628964389,0.005,1018,3e-06,1.2473351590137487,,0.00044141599008253946,1.0022365999999465,0.04363690000002407,1.0458794000001035,ok,same_stridge_core,Hx;H*Hxx,0.02,0.9280916812758854
0.7449379186136039,1.3038564608389032,0.18908844620462403,-1.2217654706513943,0;0;-1.22176547065;0.189088446205;-1.77259005728;0;0;0;0.119156943058;0;0;0,53211.032779828965,0.005,1019,3e-06,1.715247751681491,,0.0005951588128572895,0.30659460000003946,0.040485799999942174,0.3470955000000231,ok,same_stridge_core,Hx;D_x^1.303856 H;Hxxx;H*Hxxx,0.034326806027254214,1.0767153583235434
0.744912394395118,1.305814927213138,0.0,-1.0512564625147747,0;0;-1.05125646251;0;0;0;0;0.075005965293;0;0;0;0,53208.145489833456,0.005,1020,3e-06,1.2473333015481616,,0.00044140626709417423,0.9034963000000289,0.04257600000005368,0.9460799999999381,ok,same_stridge_core,Hx;H*Hxx,0.02,0.9280844286091608
0.7448377391481452,1.3060509470554729,0.0,-1.0514612621677175,0;0;-1.05146126217;0;0;0;0;0.0749762617155;0;0;0;0,53207.79738604468,0.005,1021,3e-06,1.2474034960864544,,0.0004415021989502425,0.2863333999999895,0.04135699999994813,0.32769970000003923,ok,same_stridge_core,Hx;H*Hxx,0.02,0.9281567117701863
0.7443891492297833,1.3042072049666127,0.0,-1.0526924795234398,0;0;-1.05269247952;0;0;0;0;0.0747975754862;0;0;0;0,53210.51584682732,0.005,1022,3e-06,1.2478925341523746,,0.0004421151533096481,0.9312512999999853,0.05077230000006239,0.9820298000000776,ok,same_stridge_core,Hx;H*Hxx,0.02,0.9286294390714105
0.7443891492297833,1.3042072049666127,0.0,-1.05269247952344,0;0;-1.05269247952;0;0;0;0;0.0747975754862;0;0;0;0,53210.51584682732,0.005,1023,3e-06,1.2478925341523746,,0.0004421151533096481,0.0017239999999674183,0.04503990000000613,0.04677199999991899,ok,same_stridge_core,Hx;H*Hxx,0.02,0.9286294390714105
0.7449641026162186,1.3065848052345694,0.19001252335205426,-1.220911618304361,0;0;-1.2209116183;0.190012523352;-1.76265294691;0;0;0;0.11911707922;0;0;0,53207.009718645924,0.005,1024,3e-06,1.7121177125281661,,0.000591845296001043,0.9387601999999333,0.038449400000104106,0.9772212000000309,ok,same_stridge_core,Hx;D_x^1.306585 H;Hxxx;H*Hxxx,0.024408424613864686,1.073633595904415
0.7442163505904361,1.305846776315612,0.0,-1.0531670246280835,0;0;-1.05316702463;0;0;0;0;0.0747286581129;0;0;0;0,53208.09848702638,0.005,1025,3e-06,1.2480778618036799,,0.00044236799668694396,0.5366742999999587,0.047835300000087955,0.5845183000000134,ok,same_stridge_core,Hx;H*Hxx,0.02,0.9288292708815216
0.7449802630214988,1.3057944771021952,0.0,-1.0566684475724737,0;0;-1.05666844757;0;-0.122689832626;0;0;0.0738007226167;0;0;0;0,53208.17566002763,0.005,1026,3e-06,1.4034933108406396,,0.00043793382606450163,0.3187854000000243,0.04552409999996598,0.3643180000000257,ok,same_stridge_core,Hx;Hxxx;H*Hxx,0.01970102585307265,0.9246197299003909
0.7451268217865009,1.3068255421054729,0.1902323453403686,-1.220563948795819,0;0;-1.2205639488;0.19023234534;-1.7676186732;0;0;0;0.119843344982;0;0;0,53206.65448506046,0.005,1027,3e-06,1.7130966340119622,,0.0005929673058064651,0.3615237999999863,0.04195679999997992,0.4034902000000784,ok,same_stridge_core,Hx;D_x^1.306826 H;Hxxx;H*Hxxx,0.02,1.0746167801912365
0.7449808687773489,1.3040855112907264,0.057451749539315,-1.059346797845693,0.0201537977781;0;-1.05934679785;0.0574517495393;0.561035765923;0;0;0.074920954865;-0.0312061868389;0;0;0,53210.69530149913,0.005,1028,3e-06,1.77269122967883,,0.0003456242398421238,0.31074069999999665,0.044720099999949525,0.35546979999992345,ok,same_stridge_core,1;Hx;D_x^1.304086 H;Hxxx;H*Hxx;H*Hxxx,0.01,0.8148987142518456
0.7447585200739746,1.306728188269751,0.0,-1.0516786164266934,0;0;-1.05167861643;0;0;0;0;0.0749447283735;0;0;0;0,53206.79817846647,0.005,1029,3e-06,1.2474763489951564,,0.0004416059153756189,0.5512797000000091,0.04047879999995985,0.5917698999999175,ok,same_stridge_core,Hx;H*Hxx,0.02,0.9282355599243576
0.7454121471526248,1.3047935538650621,0.18980389373828235,-1.2206838404562104,0;0;-1.22068384046;0.189803893738;-1.78613197744;0;0;0;0.121259702344;0;0;0,53209.65153605672,0.005,1030,3e-06,1.717841956070072,,0.0005981674758069773,0.3081281999999419,0.0388925999999401,0.3470301999999492,ok,same_stridge_core,Hx;D_x^1.304794 H;Hxxx;H*Hxxx,0.03927755519906312,1.0793261376373913
0.7449429237229291,1.3059259211689125,0.18977651077307597,-1.2211432322280285,0;0;-1.22114323223;0.189776510773;-1.76451828237;0;0;0;0.119060788543;0;0;0,53207.98166843304,0.005,1031,3e-06,1.7127538453879059,,0.000592509882835318,0.9201271999999108,0.040019899999947484,0.9601549999999861,ok,same_stridge_core,Hx;D_x^1.305926 H;Hxxx;H*Hxxx,0.039441280530169404,1.0742580653667093
0.7449096490272665,1.3058239605243909,0.0,-1.0512639927087362,0;0;-1.05126399271;0;0;0;0;0.075004873354;0;0;0;0,53208.13209703049,0.005,1032,3e-06,1.2473358403987795,,0.00044140980420214496,0.31510720000005676,0.04158970000003137,0.35671049999996285,ok,same_stridge_core,Hx;H*Hxx,0.02,0.9280870478165966
0.7449635743302041,1.3051931621160204,0.18955207936349144,-1.2213256832744914,0;0;-1.22132568327;0.189552079363;-1.76819906014;0;0;0;0.119198133812;0;0;0,53209.06249958088,0.005,1033,3e-06,1.7138097851980718,,0.0005936424418232915,0.9294112999999697,0.048331899999993766,0.9777546999999913,ok,same_stridge_core,Hx;D_x^1.305193 H;Hxxx;H*Hxxx,0.02,1.0753010352031012
0.7449567623754028,1.3049398040395932,0.0,-1.0567283725186916,0;0;-1.05672837252;0;-0.122590509686;0;0;0.0737923714146;0;0;0;0,53209.435932313994,0.005,1034,3e-06,1.403534645292539,,0.00043796887440737263,0.9553985000000011,0.04347480000001269,0.9988867999999229,ok,same_stridge_core,Hx;Hxxx;H*Hxx,0.019500656725107608,0.9246497219017131
0.7448733084580549,1.3068459134596673,0.0,-1.0513636830979425,0;0;-1.0513636831;0;0;0;0;0.0749904153014;0;0;0;0,53206.62436962193,0.005,1035,3e-06,1.2473618309252514,,0.0004414562804632058,0.9625436000000036,0.044448100000067825,1.007002400000033,ok,same_stridge_core,Hx;H*Hxx,0.02,0.9281220847075198
0.7449768655219526,1.3061907560983481,0.05802641852310966,-1.0595167158851726,0.0201448529397;0;-1.05951671589;0.0580264185231;0.56008572247;0;0;0.0747565376741;-0.0310552642004;0;0;0,53207.59107046783,0.005,1036,3e-06,1.7725059645758687,,0.00034554664360139843,0.9617470000000594,0.04124369999999544,1.0029994000000215,ok,same_stridge_core,1;Hx;D_x^1.306191 H;Hxxx;H*Hxx;H*Hxxx,0.01,0.8147693253074478
0.744959882230173,1.3055453987504282,0.18966532146742646,-1.2212274174257385,0;0;-1.22122741743;0.189665321467;-1.7666575552;0;0;0;0.119160657502;0;0;0,53208.542786910686,0.005,1037,3e-06,1.7133504811709641,,0.0005931523626860775,0.9606347999999798,0.039069399999903,0.9997131000000081,ok,same_stridge_core,Hx;D_x^1.305545 H;Hxxx;H*Hxxx,0.035501811913576625,1.0748479677280358
0.7448772114115165,1.3060920773269895,0.0,-1.051352975022167,0;0;-1.05135297502;0;0;0;0;0.0749919689513;0;0;0;0,53207.73659506886,0.005,1038,3e-06,1.247364758131986,,0.00044145128873770956,0.31069940000008955,0.04855740000004971,0.35926260000007915,ok,same_stridge_core,Hx;H*Hxx,0.02,0.9281183385615729
0.7449261445324611,1.305590996219912,0.18965141624595724,-1.2212711058687782,0;0;-1.22127110587;0.189651416246;-1.76524519369;0;0;0;0.119004363844;0;0;0,53208.47577180659,0.005,1039,3e-06,1.7130307811447394,,0.0005927955422402327,0.991508299999964,0.04310159999999996,1.034616700000015,ok,same_stridge_core,Hx;D_x^1.305591 H;Hxxx;H*Hxxx,0.020432677137677147,1.0745290718830602
0.744816447372147,1.3047380625625062,0.0,-1.0515196791552612,0;0;-1.05151967916;0;0;0;0;0.0749677863645;0;0;0;0,53209.73337792467,0.005,1040,3e-06,1.247436005860461,,0.00044152983818831424,0.5327657000000272,0.04598550000002888,0.5787568000000647,ok,same_stridge_core,Hx;H*Hxx,0.02,0.9281776055929128
0.7450071968800498,1.3060912029947822,0.18988641472465476,-1.2209851177204216,0;0;-1.22098511772;0.189886414725;-1.76619989696;0;0;0;0.11934343941;0;0;0,53207.73785272269,0.005,1041,3e-06,1.713055088701183,,0.0005928625623652,0.901429300000018,0.04739760000006754,0.9488354000000072,ok,same_stridge_core,Hx;D_x^1.306091 H;Hxxx;H*Hxxx,0.02,1.0745622344685108
0.7449808687773489,1.304153467604935,0.047024211873356134,-0.9696674985365678,0.0922063815403;-0.0140075268708;-0.969667498537;0.0470242118734;3.29692874748;0;-0.0119915281609;-0.0310746225486;-0.783716978965;0;0.0102894869652;0.0612840486011,53210.595085750465,0.005,1042,3e-06,2.372893919377804,,0.00031227197506351667,0.5331709000000728,0.04034769999998389,0.573527399999989,ok,same_stridge_core,1;H;Hx;D_x^1.304153 H;Hxxx;H*Hx;H*Hxx;H*Hxxx;H^2*Hxx;H^2*Hxxx,0.005,0.7765760668052901
0.7448864068358741,1.3088349339135041,0.0,-1.0569077892036443,0;0;-1.0569077892;0;-0.122293039817;0;0;0.0737673692217;0;0;0;0,53203.68805500095,0.005,1043,3e-06,1.4035729880811594,,0.00043807457650009245,0.9391160000000127,0.04564530000004652,0.9847692000000734,ok,same_stridge_core,Hx;Hxxx;H*Hxx,0.02,0.9247397955861508
0.744411680081852,1.3057718616610379,0.0,-1.0526306167468409,0;0;-1.05263061675;0;0;0;0;0.0748065567928;0;0;0;0,53208.2090925763,0.005,1044,3e-06,1.2478533394387623,,0.0004420828786410469,0.9700762999999597,0.039643900000100984,1.0097289000000274,ok,same_stridge_core,Hx;H*Hxx,0.02,0.9286040848833046
0.7449593368482171,1.305638874858263,0.0,-1.056721807791406,0;0;-1.05672180779;0;-0.122601405819;0;0;0.073793286759;0;0;0;0,53208.40516095123,0.005,1045,3e-06,1.4035220698568627,,0.0004379650255299013,0.9616991999999982,0.04508850000001985,1.0067991999999322,ok,same_stridge_core,Hx;Hxxx;H*Hxx,0.01959713900134954,0.9246464234083016
0.7448932398619578,1.3076011722270993,0.04789609405739726,-0.9702483137074395,0.0920223939978;-0.013972824953;-0.970248313707;0.0478960940574;3.29504913476;0;-0.0119886287011;-0.0314193311805;-0.78353536751;0;0.0103050661593;0.0612723735992,53205.50973421812,0.005,1046,3e-06,2.3728921746840057,,0.0003123875216101318,0.9401582000000417,0.03675080000004982,0.9769175999999788,ok,same_stridge_core,1;H;Hx;D_x^1.307601 H;Hxxx;H*Hx;H*Hxx;H*Hxxx;H^2*Hxx;H^2*Hxxx,0.005,0.7767268826574624
0.7450029140098604,1.306619399333336,0.19005738582767967,-1.220835471750614,0;0;-1.22083547175;0.190057385828;-1.76392879276;0;0;0;0.119291693645;0;0;0,53206.95860601579,0.005,1047,3e-06,1.7123785901954722,,0.0005921419439516223,0.31080950000000485,0.038390800000001946,0.34920599999998103,ok,same_stridge_core,Hx;D_x^1.306619 H;Hxxx;H*Hxxx,0.029369645528360123,1.0738950869232826
0.7449047718795028,1.3062551177953337,0.0,-1.0512773738494312,0;0;-1.05127737385;0;0;0;0;0.0750029327664;0;0;0;0,53207.49605260996,0.005,1048,3e-06,1.2473366575915452,,0.0004414159900825393,0.6833199999999806,0.04393110000000888,0.7272603999999774,ok,same_stridge_core,Hx;H*Hxx,0.02,0.9280916812758855
0.7448698799842752,1.3045176856854153,0.0,-1.0513730879569927,0;0;-1.05137308796;0;0;0;0;0.0749890515257;0;0;0;0,53210.0582380376,0.005,1049,3e-06,1.2473857305455005,,0.0004414606613875734,0.5641673000000083,0.04997060000005149,0.6141508000000613,ok,same_stridge_core,Hx;H*Hxx,0.02,0.9281253811172748
0.7450378804429947,1.3048845697844451,0.0470214958428068,-0.969340505697262,0.0922281301101;-0.0140085123216;-0.969340505697;0.0470214958428;3.30041151282;0;-0.0120004666047;-0.030976972962;-0.784483991686;0;0.0102841273439;0.06134159461,53209.51738379509,0.005,1050,3e-06,2.3727455340867136,,0.000312179672396497,0.9772024999999758,0.03812080000000151,1.0153318999999783,ok,same_stridge_core,1;H;Hx;D_x^1.304885 H;Hxxx;H*Hx;H*Hxx;H*Hxxx;H^2*Hxx;H^2*Hxxx,0.005,0.7764600125728608
0.7448570642123138,1.3064845943675873,0.0,-1.0514082471500978,0;0;-1.05140824715;0;0;0;0;0.0749839513874;0;0;0;0,53207.15757353183,0.005,1051,3e-06,1.2473807820387526,,0.000441477233191803,0.9559691999999131,0.04485049999993862,1.0008286999999427,ok,same_stridge_core,Hx;H*Hxx,0.02,0.9281378365975615
0.7448824014171261,1.3069898573533716,0.0,-1.0513387393825546,0;0;-1.05133873938;0;0;0;0;0.0749940344463;0;0;0;0,53206.411983715036,0.005,1052,3e-06,1.2473517161148946,,0.0004414446524683833,0.9192548000000897,0.04238020000002507,0.961646299999984,ok,same_stridge_core,Hx;H*Hxx,0.02,0.9281132442126043
0.7451039975151444,1.3034235872386004,0.18908705353635266,-1.2216123193332458,0;0;-1.22161231933;0.189087053536;-1.78036328767;0;0;0;0.119934728948;0;0;0,53211.67049112449,0.005,1053,3e-06,1.7170934202200279,,0.0005972106731330536,0.9846583000000919,0.03871209999999792,1.0233771999999135,ok,same_stridge_core,Hx;D_x^1.303424 H;Hxxx;H*Hxxx,0.019492913753995627,1.0785533743265339
0.7448652184605941,1.308872423812675,0.0482109189285012,-0.9704371065816381,0.0919574496273;-0.0139603897469;-0.970437106582;0.0482109189285;3.29458728269;0;-0.0119881017324;-0.0315379877082;-0.783517144983;0;0.0103104070652;0.0612717540672,53203.63263810655,0.005,1054,3e-06,2.3728833520101995,,0.0003124236289734971,0.9611180000000559,0.03933689999996659,1.0004644000000553,ok,same_stridge_core,1;H;Hx;D_x^1.308872 H;Hxxx;H*Hx;H*Hxx;H*Hxxx;H^2*Hxx;H^2*Hxxx,0.005,0.7767743728670029
0.7450609868515017,1.3048226345302254,0.18951305883125896,-1.221270444667765,0;0;-1.22127044467;0.189513058831;-1.77322796527;0;0;0;0.119662550776;0;0;0,53209.60873925321,0.005,1055,3e-06,1.7150291906007922,,0.0005949893217310817,0.9554656999999906,0.03895780000004834,0.9944323999999369,ok,same_stridge_core,Hx;D_x^1.304823 H;Hxxx;H*Hxxx,0.029434265189571766,1.0765138857297536
0.7448646468552769,1.3056793477811968,0.0,-1.0513874444944846,0;0;-1.05138744449;0;0;0;0;0.0749869683759;0;0;0;0,53208.34542082315,0.005,1056,3e-06,1.2473805622704184,,0.00044146747133179127,0.5245846999999912,0.03983559999994668,0.5644265999999334,ok,same_stridge_core,Hx;H*Hxx,0.02,0.9281304897454795
0.7449285097370155,1.3068255421054729,0.05832392770969594,-1.0598174771249531,0.0201305890578;0;-1.05981747712;0.0583239277097;0.559400585272;0;0;0.0746289862851;-0.0310814825267;0;0;0,53206.65448506046,0.005,1057,3e-06,1.772528267246195,,0.00034559329675882666,0.27847959999996874,0.042763499999978194,0.3212491000000455,ok,same_stridge_core,1;Hx;D_x^1.306826 H;Hxxx;H*Hxx;H*Hxxx,0.01,0.8148084865151067
0.7451736203565803,1.30433738223691,0.04658491202517588,-0.9685232389934552,0.09235460372;-0.0140273316762;-0.968523238993;0.0465849120252;3.30697789798;0;-0.0120163222822;-0.0306483980935;-0.78581473538;0;0.0102677829135;0.0614405114083,53210.32398044221,0.005,1058,3e-06,2.372508751982334,,0.0003119744150483796,0.9648601000000099,0.036996900000076494,1.0018663000000743,ok,same_stridge_core,1;H;Hx;D_x^1.304337 H;Hxxx;H*Hx;H*Hxx;H*Hxxx;H^2*Hxx;H^2*Hxxx,0.005,0.7761990325690676
0.7447179161312781,1.3067563656380248,0.0,-1.0517900314358566,0;0;-1.05179003144;0;0;0;0;0.0749285618938;0;0;0;0,53206.756529085054,0.005,1059,3e-06,1.2475170621190386,,0.0004416598268203642,0.9642145999999912,0.0443847999999889,1.008685499999956,ok,same_stridge_core,Hx;H*Hxx,0.02,0.9282765229445283
0.7448382323253497,1.3080976221563883,0.0,-1.0570306534897145,0;0;-1.05703065349;0;-0.122089356201;0;0;0.0737502455147;0;0;0;0,53204.77682418539,0.005,1060,3e-06,1.4036455437791688,,0.00043814787864396954,0.5733504000000949,0.04395450000004075,0.6173119999999699,ok,same_stridge_core,Hx;Hxxx;H*Hxx,0.02,0.9248025523615002
0.7443098805794425,1.3055386160672418,0.0,-1.052910151108222,0;0;-1.05291015111;0;0;0;0;0.0747659668828;0;0;0;0,53208.552931848084,0.005,1061,3e-06,1.24797122372846,,0.0004422300255789726,0.9855218999999806,0.046614499999918735,1.0321441999999479,ok,same_stridge_core,Hx;H*Hxx,0.02,0.9287199061373713
0.7449203508714635,1.3065426463035703,0.047626189244851014,-0.9700687209577059,0.092079269602;-0.013983547466;-0.970068720958;0.0476261892449;3.29563047579;0;-0.0119895368141;-0.0313125301167;-0.783591580135;0;0.0103002271097;0.0612759776414,53207.07191731076,0.005,1062,3e-06,2.3728923065356398,,0.0003123516702776772,0.9408217999999806,0.043602399999940644,0.9844331999998985,ok,same_stridge_core,1;H;Hx;D_x^1.306543 H;Hxxx;H*Hx;H*Hxx;H*Hxxx;H^2*Hxx;H^2*Hxxx,0.005,0.776680149016317
0.7446839644123489,1.3084997513299466,0.05942029285755678,-1.0612301709003842,0.020064061853;0;-1.0612301709;0.0594202928576;0.556613071592;0;0;0.07409805225;-0.0313294696767;0;0;0,53204.18298875838,0.005,1063,3e-06,1.7727854757261121,,0.00034589413884087117,0.9658922999999504,0.052229600000032406,1.0181316999999126,ok,same_stridge_core,1;Hx;D_x^1.3085 H;Hxxx;H*Hxx;H*Hxxx,0.01,0.8151101819284613
0.7450796977054328,1.306140992789754,0.18996522570514912,-1.2208473409875564,0;0;-1.22084734099;0.189965225705;-1.7686432981;0;0;0;0.119670524627;0;0;0,53207.66449199953,0.005,1064,3e-06,1.713562140657344,,0.0005934382671917864,0.9461393999999927,0.045311499999911575,0.991459500000019,ok,same_stridge_core,Hx;D_x^1.306141 H;Hxxx;H*Hxxx,0.025453936693585828,1.0750701667533495
0.7449468800530004,1.306387288354741,0.18993239866755116,-1.2209995165015024,0;0;-1.2209995165;0.189932398668;-1.76281629285;0;0;0;0.119050797176;0;0;0,53207.30107668386,0.005,1065,3e-06,1.7122234445099112,,0.0005919486778380672,0.9674434999999448,0.04486389999999574,1.0123152999999547,ok,same_stridge_core,Hx;D_x^1.306387 H;Hxxx;H*Hxxx,0.03927761898595231,1.0737358315897048
0.7450607068864564,1.3062166403522577,0.0,-1.0564633428553964,0;0;-1.05646334286;0;-0.123029871776;0;0;0.0738292986768;0;0;0;0,53207.55290571776,0.005,1066,3e-06,1.4033869262633238,,0.0004378152721029833,0.29866419999996197,0.04853149999996731,0.347204300000044,ok,same_stridge_core,Hx;Hxxx;H*Hxx,0.01955799125825442,0.9245189501118639
0.7449328001799377,1.306913473268495,0.0,-1.0567894744373882,0;0;-1.05678947444;0;-0.122489173881;0;0;0.0737838574799;0;0;0;0,53206.52474528371,0.005,1067,3e-06,1.4035389471176376,,0.00043800465127198613,0.35768980000000283,0.048524799999995594,0.40622670000004746,ok,same_stridge_core,Hx;Hxxx;H*Hxx,0.02,0.9246802244100842
0.7449092948725751,1.3056280298897338,0.0,-1.0512649632829165,0;0;-1.05126496328;0;0;0;0;0.0750047327177;0;0;0;0,53208.4210964015,0.005,1068,3e-06,1.2473379413623107,,0.0004414102582832054,0.8964909000000034,0.052518999999961125,0.9490185999999312,ok,same_stridge_core,Hx;H*Hxx,0.02,0.9280874147839016
0.7449523066840117,1.3049708920066694,0.18946895758000304,-1.221410717279854,0;0;-1.22141071728;0.18946895758;-1.76867502958;0;0;0;0.119159705855;0;0;0,53209.39014062226,0.005,1069,3e-06,1.7139933845895037,,0.0005938318199879792,0.9549676999999974,0.04012379999994664,0.9950981000000638,ok,same_stridge_core,Hx;D_x^1.304971 H;Hxxx;H*Hxxx,0.02043268672141222,1.0754807029020366
0.7444119004810636,1.305585928478343,0.0,-1.0526300115428717,0;0;-1.05263001154;0;0;0;0;0.0748066443425;0;0;0;0,53208.48324857029,0.005,1070,3e-06,1.2478547326172649,,0.0004420825693550877,0.9859516999999869,0.04298679999999422,1.0289458999999397,ok,same_stridge_core,Hx;H*Hxx,0.02,0.9286038331258433
0.7448924901812877,1.30642468033769,0.0,-1.0513110648748814,0;0;-1.05131106487;0;0;0;0;0.074998047623;0;0;0;0,53207.24599963185,0.005,1071,3e-06,1.2473469839804725,,0.00044143168541907165,1.0084176999999954,0.043218400000000656,1.0516425000000709,ok,same_stridge_core,Hx;H*Hxx,0.02,0.9281035079826815
0.744908417772183,1.3064320516767687,0.05827055372166028,-1.0598964682041236,0.020127204505;0;-1.0598964682;0.0582705537217;0.559394815314;0;0;0.0746253785842;-0.0311407510667;0;0;0,53207.235060735125,0.005,1072,3e-06,1.7725971624561105,,0.0003456385752704321,0.9529449999999997,0.046887399999945956,0.9998374000000467,ok,same_stridge_core,1;Hx;D_x^1.306432 H;Hxxx;H*Hxx;H*Hxxx,0.01,0.8148669313628781
0.7443031207079095,1.306079191778348,0.0,-1.052928713124726,0;0;-1.05292871312;0;0;0;0;0.0747632711359;0;0;0;0,53207.75567049664,0.005,1073,3e-06,1.24797423537591,,0.00044223992268609596,0.9663494000000128,0.046450599999957376,1.0128131999999823,ok,same_stridge_core,Hx;H*Hxx,0.02,0.9287277013529301
0.7449634455339,1.3041602005157504,0.1892106086779316,-1.2216322071213563,0;0;-1.22163220712;0.189210608678;-1.77231197155;0;0;0;0.119256219963;0;0;0,53210.5852536007,0.005,1074,3e-06,1.7150751019354673,,0.0005949883230755242,0.9833852999998953,0.046446800000012445,1.0298418999999512,ok,same_stridge_core,Hx;D_x^1.30416 H;Hxxx;H*Hxxx,0.04184463684463684,1.076548078892259
0.7448497016967001,1.307766637871868,0.0,-1.0570014031990236,0;0;-1.0570014032;0;-0.122137877678;0;0;0.0737543208108;0;0;0;0,53205.26560860787,0.005,1075,3e-06,1.4036347843060226,,0.0004381304034419203,0.9883502000000135,0.048865200000022924,1.0372221999999738,ok,same_stridge_core,Hx;Hxxx;H*Hxx,0.02,0.9247873938285518
0.7449046476020694,1.304990848613063,0.0,-1.0512777145759036,0;0;-1.05127771458;0;0;0;0;0.0750028836098;0;0;0;0,53209.36065220483,0.005,1076,3e-06,1.2473479657295452,,0.0004414161559387007,0.956085200000075,0.047938899999962814,1.0040289999999459,ok,same_stridge_core,Hx;H*Hxx,0.02,0.9280918018163161
0.7449674627410432,1.3079597094857116,0.05852769434124883,-1.0596900696523814,0.0201356820655;0;-1.05969006965;0.0585276943412;0.559257842316;0;0;0.0746080564247;-0.0309397308466;0;0;0,53204.98043212759,0.005,1077,3e-06,1.772360966557276,,0.0003454911026380963,0.9584244000000126,0.05493090000004486,1.0133626999999024,ok,same_stridge_core,1;Hx;D_x^1.30796 H;Hxxx;H*Hxx;H*Hxxx,0.01,0.8146713187789792
0.7448973487173944,1.3052480672318183,0.0,-1.0512977339832341,0;0;-1.05129773398;0;0;0;0;0.0749999818418;0;0;0;0,53208.981460778414,0.005,1078,3e-06,1.2473527358525307,,0.00044142550095137447,1.0082936000000018,0.0478937999999971,1.056198600000016,ok,same_stridge_core,Hx;H*Hxx,0.02,0.9280988470878602
0.7449591261133317,1.3060402075305912,0.18982821647932357,-1.2210818117402487,0;0;-1.22108181174;0.189828216479;-1.7646517941;0;0;0;0.119127674305;0;0;0,53207.81325728108,0.005,1079,3e-06,1.7127413294132756,,0.0005925048166168742,0.9764241999999967,0.045576600000003964,1.022013300000026,ok,same_stridge_core,Hx;D_x^1.30604 H;Hxxx;H*Hxxx,0.02,1.0742475703259027
0.7449484951933728,1.3044333810062498,0.05762912751327753,-1.0595431732915042,0.020144609289;0;-1.05954317329;0.0576291275133;0.560602479096;0;0;0.0748415427353;-0.031228771223;0;0;0,53210.182474761765,0.005,1080,3e-06,1.7727130757742233,,0.00034565829616530706,0.9915938000000324,0.05160060000002886,1.0432035000000042,ok,same_stridge_core,1;Hx;D_x^1.304433 H;Hxxx;H*Hxx;H*Hxxx,0.01,0.8149297912285116
0.7450115106469226,1.3058445206493046,0.05784280727443621,-1.0593087344296654,0.0201546339665;0;-1.05930873443;0.0578428072744;0.560532786129;0;0;0.0748396975929;-0.0310287062162;0;0;0,53208.10174505581,0.005,1081,3e-06,1.7724802995458475,,0.00034550921279763046,0.9702532999999676,0.057897700000012264,1.028156899999999,ok,same_stridge_core,1;Hx;D_x^1.305845 H;Hxxx;H*Hxx;H*Hxxx,0.01,0.814734468134843
0.7449472003209525,1.3068061311528072,0.19007111709668906,-1.2208745387984972,0;0;-1.2208745388;0.190071117097;-1.76114974165;0;0;0;0.119026321673;0;0;0,53206.683056821654,0.005,1082,3e-06,1.7117173696807875,,0.0005914117838252416,0.9395404000000553,0.05400139999994735,0.9935567999999648,ok,same_stridge_core,Hx;D_x^1.306806 H;Hxxx;H*Hxxx,0.02,1.0732371729989276
0.7448022472050961,1.3052518357943594,0.0,-1.0515586393626648,0;0;-1.05155863936;0;0;0;0;0.0749621345548;0;0;0;0,53208.97594348399,0.005,1083,3e-06,1.247445542699867,,0.000441548419651707,0.5962249000000384,0.0535511000000497,0.649783300000081,ok,same_stridge_core,Hx;H*Hxx,0.02,0.928191687038963
0.7448386796324258,1.307848324500403,0.0,-1.0570295134883774,0;0;-1.05702951349;0;-0.122091265931;0;0;0.0737504039015;0;0;0;0,53205.144687610176,0.005,1084,3e-06,1.403648287390088,,0.00043814719320375183,0.9492757000000438,0.04692509999995309,0.996207400000003,ok,same_stridge_core,Hx;Hxxx;H*Hxx,0.02,0.9248019852015963
0.7448874067512189,1.305846776315612,0.0,-1.0513250084802663,0;0;-1.05132500848;0;0;0;0;0.0749960250483;0;0;0;0,53208.09848702638,0.005,1085,3e-06,1.2473569975510004,,0.00044143817975446196,0.3104715000000624,0.05136660000005122,0.3618470000000116,ok,same_stridge_core,Hx;H*Hxx,0.02,0.928108406628842
0.7449380660974253,1.3066666987709254,0.1900171601219344,-1.220931467119673,0;0;-1.22093146712;0.190017160122;-1.76137554307;0;0;0;0.118993406378;0;0;0,53206.88882038426,0.005,1086,3e-06,1.7118154082350139,,0.0005915111666736104,0.9975845000000163,0.0436806999999817,1.0412734999999884,ok,same_stridge_core,Hx;D_x^1.306667 H;Hxxx;H*Hxxx,0.025450304893287354,1.0733327423904027
0.744903397896483,1.3060726087488552,0.058186913863255606,-1.059897897306929,0.0201273664017;0;-1.05989789731;0.0581869138633;0.559504579618;0;0;0.0746441072924;-0.0311748162615;0;0;0,53207.76537785809,0.005,1087,3e-06,1.7726381831672127,,0.00034566019122103523,0.9715275999999449,0.04720250000002579,1.018735799999945,ok,same_stridge_core,1;Hx;D_x^1.306073 H;Hxxx;H*Hxx;H*Hxxx,0.01,0.8148984063657668
0.7450229401077793,1.3053026906950516,0.18963919893459633,-1.2211925056884265,0;0;-1.22119250569;0.189639198935;-1.76992563118;0;0;0;0.119461873278;0;0;0,53208.90091851425,0.005,1088,3e-06,1.7141416373549643,,0.0005940254624590159,0.9802447999999231,0.039396200000055615,1.0196563000000651,ok,same_stridge_core,Hx;D_x^1.305303 H;Hxxx;H*Hxxx,0.03928142690642691,1.0756348263327933
0.7449766988118552,1.305284919842986,0.0,-1.056677535974807,0;0;-1.05667753597;0;-0.122674776243;0;0;0.0737994560633;0;0;0;0,53208.92706039274,0.005,1089,3e-06,1.4035046195119212,,0.0004379390966495806,0.9654001000000108,0.04288670000005368,1.0082932000000255,ok,same_stridge_core,Hx;Hxxx;H*Hxx,0.019755639097744363,0.9246242759683866
0.7449779194463411,1.3057783068858015,0.05791286818583228,-1.0594821433681105,0.0201466883164;0;-1.05948214337;0.0579128681858;0.560271936032;0;0;0.0747892281332;-0.0310842101818;0;0;0,53208.199494559114,0.005,1090,3e-06,1.7725417515499013,,0.0003455613872888283,1.0243926000000556,0.04502039999999852,1.0694246000000476,ok,same_stridge_core,1;Hx;D_x^1.305778 H;Hxxx;H*Hxx;H*Hxxx,0.01,0.8147941606478373
0.7447793552952033,1.3064329321023702,0.0,-1.0516214478561483,0;0;-1.05162144786;0;0;0;0;0.0749530226454;0;0;0;0,53207.233725123035,0.005,1091,3e-06,1.2474579753963155,,0.0004415784171190361,1.0732678000000533,0.04470070000002124,1.1179789000000255,ok,same_stridge_core,Hx;H*Hxx,0.02,0.9282145730455774
0.7449167399113942,1.3050482995105792,0.0,-1.056830432398939,0;0;-1.0568304324;0;-0.122421228904;0;0;0.0737781503574;0;0;0;0,53209.275992434756,0.005,1092,3e-06,1.4035842523312563,,0.0004380288210444977,0.5943623000000571,0.052818999999999505,0.6471877000000177,ok,same_stridge_core,Hx;Hxxx;H*Hxx,0.019597153139258416,0.9247007683993433
0.745052323311648,1.3063029085682836,0.1899952541947735,-1.2208456789743725,0;0;-1.22084567897;0.189995254195;-1.76699760337;0;0;0;0.119536130069;0;0;0,53207.42565649079,0.005,1093,3e-06,1.7131501713125905,,0.0005929865973749344,1.0621990999999298,0.044430700000020806,1.1066423000000896,ok,same_stridge_core,Hx;D_x^1.306303 H;Hxxx;H*Hxxx,0.02,1.0746610634347011
0.7449893489071977,1.3052364769315488,0.05773765996675781,-1.0593833561449806,0.0201515359494;0;-1.05938335614;0.0577376599668;0.560604853525;0;0;0.074848719106;-0.0311072705876;0;0;0,53208.99852140043,0.005,1094,3e-06,1.7725722743244976,,0.0003455660179360708,1.1033219999999346,0.04726310000000922,1.1505940999999211,ok,same_stridge_core,1;Hx;D_x^1.305236 H;Hxxx;H*Hxx;H*Hxxx,0.01,0.8148103009392899
0.7449834199413832,1.306471760451577,0.0,-1.0566603970426118,0;0;-1.05666039704;0;-0.122703183343;0;0;0.0738018445982;0;0;0;0,53207.17639330819,0.005,1095,3e-06,1.4034803548148793,,0.0004379291516442872,1.044003900000007,0.04323079999994661,1.0872434999999996,ok,same_stridge_core,Hx;Hxxx;H*Hxx,0.01962990253411308,0.9246157672751056
0.7449384685127265,1.3064368811451919,0.0,-1.0567750187318787,0;0;-1.05677501873;0;-0.122513048047;0;0;0.0737858733515;0;0;0;0,53207.227898071746,0.005,1096,3e-06,1.4035380947887501,,0.00043799623051740775,1.0277108000000226,0.05372749999992266,1.081449599999928,ok,same_stridge_core,Hx;Hxxx;H*Hxx,0.019963141216082406,0.9246730437061045
0.7449547484594348,1.3070937719733866,0.0,-1.056733509303028,0;0;-1.0567335093;0;-0.122582039012;0;0;0.0737916545492;0;0;0;0,53206.258594398925,0.005,1097,3e-06,1.4035085799647384,,0.00043797187637024926,1.0959847999999965,0.04715249999992466,1.1431565999999975,ok,same_stridge_core,Hx;Hxxx;H*Hxx,0.01960361842105264,0.9246522526151482
0.7449417922490287,1.3057643202118696,0.0,-1.051175824365095,0;0;-1.05117582437;0;0;0;0;0.0750176619717;0;0;0;0,53208.22017247771,0.005,1098,3e-06,1.2473058934261014,,0.0004413690160835879,1.044177999999988,0.04715319999991152,1.0913421999999855,ok,same_stridge_core,Hx;H*Hxx,0.019939381230606713,0.9280565723912353
0.7449394717119482,1.3063460358962293,0.058166066409430804,-1.0597258228509658,0.0201351219415;0;-1.05972582285;0.0581660664094;0.559697943624;0;0;0.07468313265;-0.031100188688;0;0;0,53207.36200076173,0.005,1099,3e-06,1.772553704348745,,0.00034559592627977356,0.32675890000007257,0.04775280000001203,0.3745229000001018,ok,same_stridge_core,1;Hx;D_x^1.306346 H;Hxxx;H*Hxx;H*Hxxx,0.01,0.8148211883350339
0.744816447372147,1.305690329034695,0.0,-1.0515196791552612,0;0;-1.05151967916;0;0;0;0;0.0749677863645;0;0;0;0,53208.329235140336,0.005,1100,3e-06,1.247427581003755,,0.0004415298381883142,0.6949547999998913,0.050389400000085516,0.7453517999999804,ok,same_stridge_core,Hx;H*Hxx,0.02,0.928177605592913
0.7449116380069958,1.3063805286333627,0.0,-1.051258536815079,0;0;-1.05125853682;0;0;0;0;0.0750056648765;0;0;0;0,53207.311149579626,0.005,1101,3e-06,1.2473290182641201,,0.00044140726433358724,0.9840133000000151,0.06055419999995593,1.0445794000000888,ok,same_stridge_core,Hx;H*Hxx,0.02,0.9280851513666424
0.7448669354496352,1.3071440661052116,0.0,-1.0569574462954727,0;0;-1.0569574463;0;-0.12221066638;0;0;0.0737604489974;0;0;0;0,53206.18433882417,0.005,1102,3e-06,1.4036208234368095,,0.00043810415497265974,1.0081992000000355,0.04959280000002764,1.057801599999948,ok,same_stridge_core,Hx;Hxxx;H*Hxx,0.02,0.9247651643873919
0.7448680587318076,1.3063459056922464,0.0,-1.0513780833792974,0;0;-1.05137808338;0;0;0;0;0.0749883270025;0;0;0;0,53207.362158718766,0.005,1103,3e-06,1.2473713029728346,,0.00044146304463412106,0.5813024000000269,0.061702399999944646,0.6430288999999902,ok,same_stridge_core,Hx;H*Hxx,0.02,0.928127130020522
0.7449707077932816,1.3066466197441478,0.19003864813131777,-1.2208820413394765,0;0;-1.22088204134;0.190038648131;-1.76264599445;0;0;0;0.11914334116;0;0;0,53206.91846363351,0.005,1104,3e-06,1.712094172647263,,0.0005918236115033992,1.0092156999999133,0.047010999999997694,1.0562366999999995,ok,same_stridge_core,Hx;D_x^1.306647 H;Hxxx;H*Hxxx,0.02572722842459685,1.0736111510836608
0.7448957916016598,1.3061727594585322,0.0,-1.0513020069757344,0;0;-1.05130200698;0;0;0;0;0.0749993610029;0;0;0;0,53207.61765961894,0.005,1105,3e-06,1.2473460855216814,,0.00044142749568997375,0.5827878000000055,0.06129840000005515,0.6440939999999955,ok,same_stridge_core,Hx;H*Hxx,0.02,0.9281003795639677
0.7449046476020694,1.305447795643543,0.0,-1.0512777145759038,0;0;-1.05127771458;0;0;0;0;0.0750028836098;0;0;0;0,53208.68701282797,0.005,1106,3e-06,1.247343923893284,,0.0004414161559387007,0.5991541999999299,0.06093569999995907,0.660098699999935,ok,same_stridge_core,Hx;H*Hxx,0.02,0.9280918018163162
0.7449169851497555,1.3040570609192537,0.18913682096573964,-1.2217415107769023,0;0;-1.22174151078;0.189136820966;-1.77102854839;0;0;0;0.119050698533;0;0;0,53210.737190701126,0.005,1107,3e-06,1.714836179198352,,0.000594710298565748,1.0288841999999931,0.05620950000002267,1.0851010000000088,ok,same_stridge_core,Hx;D_x^1.304057 H;Hxxx;H*Hxxx,0.024936936919289866,1.0763073329099384
0.7449047718795028,1.3053203398028506,0.0,-1.0512773738494303,0;0;-1.05127737385;0;0;0;0;0.0750029327664;0;0;0;0,53208.87483133906,0.005,1108,3e-06,1.24734493026392,,0.00044141599008253935,0.6119258999999602,0.06338510000000497,0.6753195000000005,ok,same_stridge_core,Hx;H*Hxx,0.02,0.9280916812758856
0.7448944651429096,1.307606503089534,0.0,-1.0568872383963681,0;0;-1.0568872384;0;-0.122327090302;0;0;0.0737702338702;0;0;0;0,53205.50173645547,0.005,1109,3e-06,1.4035789562164025,,0.00043806241954190655,1.0411708000000317,0.05763260000003356,1.0988112,ok,same_stridge_core,Hx;Hxxx;H*Hxx,0.02,0.9247294405883033
0.7449237166071625,1.3053783861221508,0.18957908564174378,-1.221338314558377,0;0;-1.22133831456;0.189579085642;-1.76600615899;0;0;0;0.119005893272;0;0;0,53208.78919428641,0.005,1110,3e-06,1.7132711885541663,,0.0005930497081975339,1.068961599999966,0.04903630000001158,1.1180093000000397,ok,same_stridge_core,Hx;D_x^1.305378 H;Hxxx;H*Hxxx,0.020432685923372208,1.0747657182227293
